energy,eta,phi,time,detid,front_1_x,front_1_y,front_1_z,front_2_x,front_2_y,front_2_z,front_3_x,front_3_y,front_3_z,front_4_x,front_4_y,front_4_z,back_1_x,back_1_y,back_1_z,back_2_x,back_2_y,back_2_z,back_3_x,back_3_y,back_3_z,back_4_x,back_4_y,back_4_z
1.18886,-0.0117293,-2.8705,-2.95184,838861518,-1.24282,-0.356701,-0.0269319,-1.24282,-0.356711,-0.00338405,-1.24736,-0.335402,-0.00338404,-1.24736,-0.335402,-0.0269319,-1.46693,-0.408601,-0.028832,-1.46692,-0.408612,-0.00338405,-1.4723,-0.383377,-0.00338404,-1.4723,-0.383377,-0.028832
0.38825,-0.0117395,-2.85315,-2.58405,838861519,-1.23519,-0.377848,-0.0269319,-1.23519,-0.377849,-0.00338405,-1.24047,-0.356711,-0.00338403,-1.24047,-0.356721,-0.0269319,-1.45831,-0.43365,-0.0288321,-1.45831,-0.43365,-0.00338405,-1.46457,-0.408618,-0.00338403,-1.46457,-0.408629,-0.028832
0.20673,-0.048789,1.07275,41.2054,838862408,0.608112,1.1411,-0.0748583,0.608308,1.14144,-0.0513136,0.626794,1.12991,-0.0513136,0.626589,1.12958,-0.0748583,0.726405,1.33832,-0.080542,0.726617,1.33868,-0.0550975,0.748509,1.32502,-0.0550975,0.748288,1.32467,-0.0805421
0.144743,-0.0487914,-0.603553,-0.303938,838862672,1.07065,-0.724859,-0.0748583,1.07097,-0.725089,-0.0513136,1.05757,-0.74227,-0.0513136,1.05726,-0.742031,-0.0748583,1.25443,-0.86311,-0.0805421,1.25477,-0.863359,-0.0550975,1.2389,-0.883704,-0.0550975,1.23857,-0.883447,-0.0805421
0.121865,-0.0488368,-0.478724,-25.0643,838862679,1.15137,-0.585282,-0.0748583,1.15171,-0.585475,-0.0513135,1.14082,-0.604352,-0.0513136,1.14049,-0.604149,-0.0748583,1.35058,-0.700118,-0.080542,1.35094,-0.700328,-0.0550975,1.33805,-0.722682,-0.0550975,1.3377,-0.722463,-0.0805421
0.125152,-0.0487925,-0.461562,6.7615,838862680,1.16246,-0.566052,-0.0748583,1.1628,-0.566236,-0.0513136,1.15192,-0.585113,-0.0513136,1.15158,-0.584919,-0.0748583,1.36367,-0.677412,-0.0805421,1.36404,-0.677611,-0.0550975,1.35115,-0.699965,-0.0550975,1.35079,-0.699756,-0.0805421
0.141381,-0.0488318,-0.340675,4.3417,838862687,1.22107,-0.421309,-0.0748583,1.22142,-0.421454,-0.0513136,1.21328,-0.441662,-0.0513136,1.21292,-0.441507,-0.0748583,1.43433,-0.507281,-0.080542,1.43471,-0.507438,-0.0550975,1.42507,-0.531369,-0.0550975,1.42468,-0.531202,-0.0805421
0.173027,-0.0488336,-0.271651,7.71268,838862691,1.24716,-0.336075,-0.0748583,1.24753,-0.336194,-0.0513136,1.24081,-0.356922,-0.0513136,1.24045,-0.356792,-0.0748583,1.4659,-0.40695,-0.0805421,1.4663,-0.40708,-0.0550975,1.45835,-0.431626,-0.0550975,1.45795,-0.431486,-0.0805421
0.330305,-0.0673638,3.01193,48.3817,838863031,-1.28211,0.156193,-0.0988267,-1.28268,0.156293,-0.075286,-1.27892,0.177753,-0.075286,-1.27835,0.177642,-0.0988267,-1.50853,0.195962,-0.106402,-1.50915,0.19607,-0.0809616,-1.50468,0.221484,-0.0809616,-1.50407,0.221364,-0.106402
0.931581,-0.0673045,-0.569043,-0.0470007,838863186,1.09498,-0.687447,-0.0988267,1.09545,-0.687779,-0.075286,1.08266,-0.705417,-0.075286,1.08219,-0.705076,-0.0988267,1.28342,-0.819162,-0.106402,1.28394,-0.819522,-0.0809616,1.26879,-0.840409,-0.0809616,1.26828,-0.840041,-0.106402
0.0624398,-0.0673679,-0.513243,55.9816,838863189,1.13042,-0.624629,-0.0988267,1.13091,-0.624936,-0.075286,1.11938,-0.643421,-0.075286,1.11889,-0.643105,-0.0988267,1.32545,-0.746324,-0.106402,1.32598,-0.746657,-0.0809616,1.31232,-0.768547,-0.0809616,1.3118,-0.768205,-0.106402
0.104192,-0.0673638,-0.478728,19.4832,838863191,1.15137,-0.585282,-0.0988267,1.15187,-0.585572,-0.075286,1.14099,-0.604448,-0.075286,1.14049,-0.604149,-0.0988267,1.35053,-0.700091,-0.106402,1.35108,-0.700405,-0.0809615,1.33819,-0.722759,-0.0809616,1.33765,-0.722436,-0.106402
0.173832,-0.0673572,-0.375189,13.2761,838863197,1.2058,-0.46319,-0.0988267,1.20633,-0.463426,-0.075286,1.19748,-0.483337,-0.075286,1.19696,-0.483092,-0.0988267,1.41588,-0.556537,-0.106402,1.41645,-0.556792,-0.0809616,1.40598,-0.580371,-0.0809616,1.40541,-0.580106,-0.106402
0.21845,-0.0672977,-0.358029,5.44711,838863198,1.21481,-0.442906,-0.0988267,1.21535,-0.443133,-0.075286,1.2065,-0.463044,-0.075286,1.20597,-0.462808,-0.0988267,1.42652,-0.532585,-0.106402,1.4271,-0.53283,-0.0809616,1.41662,-0.556409,-0.0809616,1.41605,-0.556154,-0.106402
0.255686,-0.0673569,-0.340678,-4.71906,838863199,1.22107,-0.421309,-0.0988267,1.2216,-0.421526,-0.075286,1.21346,-0.441734,-0.075286,1.21292,-0.441507,-0.0988267,1.43428,-0.507261,-0.106402,1.43486,-0.507496,-0.0809616,1.42521,-0.531427,-0.0809616,1.42463,-0.531182,-0.106402
0.195133,-0.0672979,-0.323517,11.1983,838863200,1.22936,-0.400723,-0.0988267,1.22991,-0.40093,-0.075286,1.22176,-0.421138,-0.075286,1.22122,-0.420921,-0.0988267,1.44407,-0.482952,-0.106402,1.44466,-0.483177,-0.0809616,1.43501,-0.507108,-0.0809616,1.43443,-0.506873,-0.106402
0.122987,-0.0858612,-0.340681,7.15598,838863711,1.22107,-0.421309,-0.122801,1.22178,-0.421599,-0.0992656,1.21364,-0.441807,-0.0992657,1.21292,-0.441507,-0.122801,1.43421,-0.507235,-0.132267,1.43499,-0.507548,-0.106832,1.42534,-0.531479,-0.106833,1.42457,-0.531155,-0.132267
0.0484054,-0.103723,-2.836,-2.27771,838864080,-1.2298,-0.399382,-0.14541,-1.23068,-0.399642,-0.123253,-1.23597,-0.378476,-0.123253,-1.23508,-0.378255,-0.14541,-1.45161,-0.458961,-0.158875,-1.45265,-0.459268,-0.132711,-1.45891,-0.43423,-0.132711,-1.45786,-0.433969,-0.158875
-0.0396443,-0.103814,-2.81866,-2.65237,838864081,-1.22143,-0.420249,-0.14541,-1.22231,-0.420501,-0.123253,-1.22834,-0.399533,-0.123253,-1.22745,-0.39932,-0.14541,-1.44213,-0.48371,-0.158875,-1.44316,-0.484008,-0.132711,-1.45029,-0.459204,-0.132711,-1.44925,-0.458951,-0.158875
-0.00942541,-0.103722,-2.80149,-1.55756,838864082,-1.2153,-0.441582,-0.14541,-1.21616,-0.441872,-0.123253,-1.22219,-0.420904,-0.123253,-1.22131,-0.420652,-0.14541,-1.43489,-0.508872,-0.158875,-1.43591,-0.509214,-0.132711,-1.44305,-0.48441,-0.132711,-1.44201,-0.484113,-0.158875
0.0226145,-0.103733,-0.569045,-60.9458,838864210,1.09498,-0.687447,-0.14541,1.09574,-0.68795,-0.123253,1.08293,-0.705611,-0.123253,1.08219,-0.705076,-0.14541,1.28321,-0.819043,-0.158875,1.28411,-0.819638,-0.132711,1.26896,-0.84053,-0.132711,1.26809,-0.839898,-0.158875
0.125849,-0.103824,-0.478739,-1.86387,838864215,1.15137,-0.585282,-0.14541,1.15216,-0.585737,-0.123253,1.14126,-0.604639,-0.123253,1.14049,-0.604149,-0.14541,1.35032,-0.69997,-0.158875,1.35125,-0.700508,-0.132711,1.33836,-0.722868,-0.132711,1.33745,-0.72229,-0.158875
0.09557,-0.121195,-0.0951656,21.4275,838864389,1.28679,-0.111863,-0.168009,1.28808,-0.112043,-0.145871,1.28506,-0.13365,-0.145871,1.28378,-0.133431,-0.168009,1.51396,-0.143629,-0.185468,1.51547,-0.143841,-0.159326,1.5119,-0.169402,-0.159326,1.51039,-0.169143,-0.185468
0.0267459,-0.121083,-2.83601,-2.14817,838864592,-1.2298,-0.399382,-0.168009,-1.23105,-0.399735,-0.145871,-1.23634,-0.378569,-0.145871,-1.23508,-0.378255,-0.168009,-1.45135,-0.458896,-0.185468,-1.45283,-0.459313,-0.159326,-1.45909,-0.434275,-0.159326,-1.4576,-0.433904,-0.185468
-0.0175119,-0.121189,-2.81867,-1.97538,838864593,-1.22143,-0.420249,-0.168009,-1.22268,-0.420608,-0.145871,-1.22871,-0.39964,-0.145871,-1.22745,-0.39932,-0.168009,-1.44187,-0.483636,-0.185468,-1.44334,-0.484059,-0.159326,-1.45047,-0.459255,-0.159326,-1.44899,-0.458877,-0.185468
0.315221,-0.121082,-2.8015,-7.43356,838864594,-1.2153,-0.441582,-0.168009,-1.21653,-0.441978,-0.145871,-1.22256,-0.42101,-0.145871,-1.22131,-0.420652,-0.168009,-1.43463,-0.508797,-0.185468,-1.43609,-0.509266,-0.159326,-1.44323,-0.484462,-0.159326,-1.44175,-0.484039,-0.185468
0.312377,-0.121083,-0.672593,1.72701,838864716,1.01817,-0.797023,-0.168009,1.01916,-0.797861,-0.145871,1.00457,-0.814086,-0.145871,1.00361,-0.813218,-0.168009,1.19141,-0.947409,-0.185468,1.19258,-0.948398,-0.159326,1.17532,-0.967591,-0.159326,1.17418,-0.966567,-0.185468
-0.0589696,-0.121208,-0.513262,90.753,838864725,1.13042,-0.624629,-0.168009,1.13152,-0.625316,-0.145871,1.11997,-0.643826,-0.145871,1.11889,-0.643105,-0.168009,1.32502,-0.746054,-0.185468,1.32632,-0.746865,-0.159326,1.31265,-0.768761,-0.159326,1.31138,-0.76791,-0.185468
-0.0155124,-0.138425,-2.83602,-3.25231,838865104,-1.2298,-0.399382,-0.190634,-1.23142,-0.399829,-0.168522,-1.23672,-0.378663,-0.168522,-1.23508,-0.378255,-0.190634,-1.45102,-0.458814,-0.212083,-1.45294,-0.459341,-0.185971,-1.4592,-0.434303,-0.185971,-1.45727,-0.433821,-0.212083
0.0740324,-0.138545,-2.81867,-20.0581,838865105,-1.22143,-0.420249,-0.190634,-1.22305,-0.420714,-0.168522,-1.22908,-0.399746,-0.168522,-1.22745,-0.39932,-0.190634,-1.44154,-0.483542,-0.212083,-1.44345,-0.484091,-0.185971,-1.45059,-0.459287,-0.185971,-1.44866,-0.458784,-0.212083
1.39147,-0.138424,-2.80151,0.532875,838865106,-1.2153,-0.441582,-0.190634,-1.2169,-0.442085,-0.168522,-1.22293,-0.421117,-0.168522,-1.22131,-0.420652,-0.190634,-1.43431,-0.508704,-0.212083,-1.4362,-0.509298,-0.185971,-1.44334,-0.484494,-0.185971,-1.44143,-0.483945,-0.212083
0.19359,-0.138545,-2.78416,4.34588,838865107,-1.2062,-0.462144,-0.190634,-1.2078,-0.462665,-0.168522,-1.21456,-0.441921,-0.168522,-1.21295,-0.441437,-0.190634,-1.42397,-0.533086,-0.212083,-1.42586,-0.533702,-0.185971,-1.43385,-0.509162,-0.185971,-1.43195,-0.508591,-0.212083
0.10479,-0.138563,-0.551715,-14.1552,838865235,1.10558,-0.66762,-0.190634,1.10697,-0.66856,-0.168522,1.09479,-0.686658,-0.168522,1.09342,-0.685685,-0.190634,1.29557,-0.795528,-0.212083,1.29721,-0.796638,-0.185971,1.2828,-0.818047,-0.185971,1.28118,-0.816898,-0.212083
0.372052,-0.155767,0.551086,47.2855,838865450,1.09572,0.686251,-0.213293,1.09753,0.687258,-0.191213,1.10778,0.668001,-0.191213,1.10596,0.667029,-0.213293,1.29565,0.797229,-0.238724,1.29778,0.798418,-0.212651,1.30991,0.775638,-0.212651,1.30775,0.774491,-0.238724
0.176482,-0.155891,1.65015,49.5203,838865513,-0.113286,1.28667,-0.213293,-0.113359,1.28874,-0.191213,-0.0915555,1.28951,-0.191213,-0.0915218,1.28745,-0.213293,-0.121422,1.51515,-0.238724,-0.121509,1.51759,-0.212651,-0.0957161,1.51851,-0.212651,-0.0956762,1.51607,-0.238724
0.0134757,-0.155748,-2.83603,-2.41187,838865616,-1.2298,-0.399382,-0.213293,-1.2318,-0.399922,-0.191213,-1.23709,-0.378756,-0.191214,-1.23508,-0.378255,-0.213293,-1.45063,-0.458715,-0.238724,-1.45298,-0.459353,-0.212651,-1.45925,-0.434315,-0.212651,-1.45688,-0.433723,-0.238724
-0.0332908,-0.155884,-2.81868,-2.63083,838865617,-1.22143,-0.420249,-0.213293,-1.22342,-0.420821,-0.191214,-1.22945,-0.399853,-0.191213,-1.22745,-0.39932,-0.213293,-1.44115,-0.48343,-0.238724,-1.4435,-0.484104,-0.212651,-1.45063,-0.4593,-0.212651,-1.44827,-0.458671,-0.238724
0.0398691,-0.155747,-2.80152,-2.11524,838865618,-1.2153,-0.441582,-0.213293,-1.21727,-0.442191,-0.191213,-1.2233,-0.421223,-0.191213,-1.22131,-0.420652,-0.213293,-1.43392,-0.508591,-0.238724,-1.43625,-0.509311,-0.212651,-1.44338,-0.484507,-0.212651,-1.44104,-0.483832,-0.238724
0.179674,-0.155747,-0.672611,49.8282,838865740,1.01817,-0.797023,-0.213293,1.01973,-0.798375,-0.191214,1.00515,-0.8146,-0.191213,1.00361,-0.813218,-0.213293,1.19085,-0.94691,-0.238724,1.1927,-0.948507,-0.212651,1.17544,-0.9677,-0.212651,1.17363,-0.966068,-0.238724
0.125011,-0.155885,-0.655262,37.9909,838865741,1.03079,-0.778415,-0.213293,1.03237,-0.779742,-0.191213,1.01836,-0.796466,-0.191214,1.0168,-0.795108,-0.213293,1.20604,-0.925233,-0.238724,1.20791,-0.9268,-0.212651,1.19134,-0.946584,-0.212651,1.1895,-0.944981,-0.238724
0.0955463,-0.155884,-0.37522,-1.93449,838865757,1.2058,-0.46319,-0.213293,1.20769,-0.46403,-0.191214,1.19883,-0.483968,-0.191213,1.19696,-0.483092,-0.213293,1.41473,-0.556026,-0.238724,1.41696,-0.557017,-0.212651,1.40648,-0.580603,-0.212651,1.40427,-0.579569,-0.238724
-0.0488067,-0.173054,-2.83604,-2.90512,838866128,-1.2298,-0.399382,-0.235992,-1.23217,-0.400015,-0.213952,-1.23746,-0.378849,-0.213952,-1.23508,-0.378255,-0.235992,-1.45016,-0.458599,-0.265397,-1.45296,-0.459347,-0.239371,-1.45922,-0.434309,-0.239371,-1.45641,-0.433607,-0.265397
0.0400399,-0.173203,-2.81869,-3.9933,838866129,-1.22143,-0.420249,-0.235992,-1.22379,-0.420927,-0.213952,-1.22981,-0.399959,-0.213952,-1.22745,-0.39932,-0.235992,-1.44069,-0.483298,-0.265397,-1.44347,-0.484098,-0.239371,-1.45061,-0.459294,-0.239371,-1.44781,-0.458539,-0.265397
0.00932304,-0.173052,-2.80153,-3.59495,838866130,-1.2153,-0.441582,-0.235992,-1.21764,-0.442297,-0.213952,-1.22367,-0.421329,-0.213952,-1.22131,-0.420652,-0.235992,-1.43346,-0.508459,-0.265397,-1.43623,-0.509304,-0.239371,-1.44336,-0.4845,-0.239371,-1.44058,-0.4837,-0.265397
0.201632,-0.190394,-0.00900291,-18.747,838866442,1.29303,-0.000704412,-0.258872,1.29588,-0.000828062,-0.236756,1.29437,-0.022627,-0.236756,1.29153,-0.0224303,-0.258872,1.52037,-0.012497,-0.292181,1.52372,-0.0126425,-0.26615,1.52194,-0.0383708,-0.26615,1.5186,-0.0381393,-0.292181
0.116078,-0.190394,-0.707135,39.8103,838866762,0.990069,-0.831686,-0.258872,0.992171,-0.833612,-0.236756,0.977004,-0.849341,-0.236756,0.974953,-0.847363,-0.258872,1.15664,-0.98685,-0.292181,1.15911,-0.989116,-0.26615,1.14121,-1.00768,-0.26615,1.1388,-1.00535,-0.292181
0.496303,-0.190561,-0.306216,3.18341,838866785,1.23486,-0.37892,-0.258872,1.23754,-0.379893,-0.236756,1.23008,-0.400432,-0.236756,1.22743,-0.399391,-0.258872,1.4488,-0.456598,-0.292181,1.45195,-0.457743,-0.26615,1.44315,-0.481984,-0.26615,1.44003,-0.480758,-0.292181
0.100662,-0.190398,-0.289044,23.8741,838866786,1.24243,-0.358056,-0.258872,1.24514,-0.358959,-0.236756,1.23768,-0.379499,-0.236756,1.235,-0.378526,-0.258872,1.45772,-0.432043,-0.292181,1.4609,-0.433107,-0.26615,1.4521,-0.457348,-0.26615,1.44895,-0.456203,-0.292181
-0.0112901,-0.207971,-0.164236,-2.59236,838866945,1.27588,-0.200333,-0.281796,1.27904,-0.201002,-0.259733,1.27451,-0.222378,-0.259733,1.27137,-0.221637,-0.281796,1.49796,-0.247388,-0.319,1.50168,-0.248176,-0.293029,1.49633,-0.273406,-0.293029,1.49263,-0.272534,-0.319
-0.00716282,-0.207784,-0.147067,-2.31023,838866946,1.28049,-0.178617,-0.281796,1.28366,-0.179215,-0.259733,1.27913,-0.200591,-0.259733,1.27597,-0.199922,-0.281796,1.50337,-0.221833,-0.319,1.50711,-0.222536,-0.293029,1.50176,-0.247766,-0.293029,1.49805,-0.246978,-0.319
0.0395353,-0.207958,-0.12972,-3.36943,838866947,1.28211,-0.156193,-0.281796,1.28529,-0.156752,-0.259733,1.28151,-0.178273,-0.259733,1.27834,-0.177643,-0.281796,1.5057,-0.195464,-0.319,1.50944,-0.196122,-0.293029,1.50498,-0.221523,-0.293029,1.50125,-0.22078,-0.319
-0.00792233,-0.20794,-0.306222,-2.55801,838867297,1.23486,-0.37892,-0.281796,1.23789,-0.380022,-0.259733,1.23043,-0.400561,-0.259733,1.22743,-0.399391,-0.281796,1.44823,-0.456392,-0.319,1.45181,-0.457688,-0.293029,1.443,-0.48193,-0.293029,1.43946,-0.480552,-0.319
0.0479287,-0.207761,-0.289053,-1.87313,838867298,1.24243,-0.358056,-0.281796,1.24549,-0.359089,-0.259733,1.23803,-0.379628,-0.259733,1.235,-0.378526,-0.281796,1.45715,-0.431837,-0.319,1.46075,-0.433053,-0.293029,1.45195,-0.457294,-0.293029,1.44838,-0.455997,-0.319
0.0485725,-0.207945,-0.271709,-1.86738,838867299,1.24716,-0.336076,-0.281796,1.25023,-0.337071,-0.259733,1.2435,-0.357858,-0.259733,1.24045,-0.356793,-0.281796,1.46311,-0.406047,-0.319,1.46673,-0.407218,-0.293029,1.45878,-0.431752,-0.293029,1.45519,-0.430499,-0.319
-0.0019035,-0.207768,-0.254539,-2.36412,838867300,1.254,-0.314959,-0.281796,1.2571,-0.315884,-0.259733,1.25036,-0.336671,-0.259733,1.24729,-0.335676,-0.281796,1.47117,-0.381196,-0.319,1.47481,-0.382285,-0.293029,1.46686,-0.406819,-0.293029,1.46324,-0.405648,-0.319
0.0880213,-0.207953,-0.237196,7.01942,838867301,1.25796,-0.292827,-0.281796,1.26106,-0.293714,-0.259733,1.25506,-0.314724,-0.259733,1.25198,-0.313766,-0.281796,1.47622,-0.355214,-0.319,1.47988,-0.356258,-0.293029,1.47279,-0.381055,-0.293029,1.46916,-0.379928,-0.319
-0.0931171,-0.207964,-0.20268,-2.45956,838867303,1.26724,-0.249228,-0.281796,1.27038,-0.250006,-0.259733,1.26511,-0.271213,-0.259733,1.26199,-0.270364,-0.281796,1.48755,-0.303954,-0.319,1.49124,-0.30487,-0.293029,1.48502,-0.329899,-0.293029,1.48136,-0.328899,-0.319
-0.0776702,-0.20779,-0.185508,-2.94226,838867304,1.27259,-0.227685,-0.281796,1.27574,-0.228392,-0.259733,1.27048,-0.249599,-0.259733,1.26734,-0.248821,-0.281796,1.49385,-0.278601,-0.319,1.49756,-0.279433,-0.293029,1.49134,-0.304462,-0.293029,1.48765,-0.303546,-0.319
0.132316,-0.225333,-0.164242,-7.98428,838867457,1.27588,-0.200333,-0.304781,1.27941,-0.20108,-0.282776,1.27488,-0.222456,-0.282776,1.27137,-0.221637,-0.304781,1.4973,-0.247249,-0.345868,1.50146,-0.248129,-0.319967,1.49611,-0.273359,-0.319967,1.49198,-0.272395,-0.345868
-0.0502006,-0.225131,-0.147076,-2.30303,838867458,1.28049,-0.178617,-0.304781,1.28403,-0.179293,-0.282776,1.2795,-0.20067,-0.282776,1.27597,-0.199922,-0.304781,1.50272,-0.221694,-0.345868,1.50689,-0.222489,-0.319967,1.50154,-0.247719,-0.319967,1.49739,-0.246839,-0.345868
0.0610624,-0.225319,-0.129726,-3.30269,838867459,1.28211,-0.156193,-0.304781,1.28566,-0.156817,-0.282776,1.28188,-0.178339,-0.282776,1.27835,-0.177643,-0.304781,1.50503,-0.195348,-0.345868,1.50921,-0.196083,-0.319967,1.50475,-0.221484,-0.319967,1.50059,-0.220665,-0.345868
0.157415,-0.225102,1.03818,53.2296,838867526,0.647127,1.11945,-0.304781,0.649081,1.12248,-0.282776,0.667205,1.11027,-0.282776,0.665191,1.10728,-0.304781,0.770297,1.30938,-0.345868,0.772596,1.31294,-0.319967,0.793987,1.29854,-0.319967,0.791617,1.29502,-0.345868
-0.0608495,-0.225297,-0.34074,-2.22267,838867807,1.22107,-0.421309,-0.304781,1.22441,-0.422658,-0.282776,1.21624,-0.442924,-0.282776,1.21292,-0.441508,-0.304781,1.43098,-0.505935,-0.345868,1.43492,-0.507522,-0.319967,1.42528,-0.531441,-0.319967,1.42137,-0.529774,-0.345868
-0.0160786,-0.225103,-0.323574,-3.31144,838867808,1.22936,-0.400722,-0.304781,1.23274,-0.402002,-0.282776,1.22457,-0.422268,-0.282776,1.22122,-0.42092,-0.304781,1.44075,-0.481706,-0.345868,1.44472,-0.483213,-0.319967,1.43508,-0.507133,-0.319967,1.43114,-0.505546,-0.345868
-0.0160492,-0.225299,-0.306228,-2.8044,838867809,1.23486,-0.37892,-0.304781,1.23825,-0.380151,-0.282776,1.23079,-0.40069,-0.282776,1.22743,-0.399391,-0.304781,1.4476,-0.456163,-0.345868,1.45159,-0.457611,-0.319967,1.44279,-0.481853,-0.319967,1.43883,-0.480323,-0.345868
-0.0860506,-0.225107,-0.289061,-2.89629,838867810,1.24243,-0.358056,-0.304781,1.24585,-0.359217,-0.282776,1.23839,-0.379757,-0.282776,1.235,-0.378526,-0.304781,1.45652,-0.431608,-0.345868,1.46054,-0.432975,-0.319967,1.45174,-0.457217,-0.319967,1.44775,-0.455768,-0.345868
0.0837789,-0.225305,-0.271715,4.85042,838867811,1.24716,-0.336076,-0.304781,1.25059,-0.337187,-0.282776,1.24386,-0.357974,-0.282776,1.24045,-0.356793,-0.304781,1.46248,-0.405841,-0.345868,1.46651,-0.407149,-0.319967,1.45856,-0.431683,-0.319967,1.45455,-0.430293,-0.345868
0.0967418,-0.225114,-0.254548,21.2026,838867812,1.254,-0.314959,-0.304781,1.25746,-0.316001,-0.282776,1.25072,-0.336788,-0.282776,1.24729,-0.335676,-0.304781,1.47053,-0.380989,-0.345868,1.47459,-0.382215,-0.319967,1.46664,-0.406749,-0.319967,1.4626,-0.405441,-0.345868
0.0485553,-0.225314,-0.237202,-3.95313,838867813,1.25796,-0.292827,-0.304781,1.26143,-0.293818,-0.282776,1.25542,-0.314828,-0.282776,1.25198,-0.313766,-0.304781,1.47558,-0.35503,-0.345868,1.47966,-0.356196,-0.319967,1.47257,-0.380993,-0.319967,1.46852,-0.379743,-0.345868
0.048642,-0.225326,-0.202686,-3.0678,838867815,1.26724,-0.249228,-0.304781,1.27074,-0.250097,-0.282776,1.26547,-0.271304,-0.282776,1.26199,-0.270364,-0.304781,1.4869,-0.303792,-0.345868,1.49102,-0.304815,-0.319967,1.4848,-0.329844,-0.319967,1.48071,-0.328737,-0.345868
0.0407903,-0.225138,-0.185516,-4.60924,838867816,1.27259,-0.227685,-0.304781,1.27611,-0.228484,-0.282776,1.27084,-0.24969,-0.282776,1.26734,-0.248821,-0.304781,1.4932,-0.278439,-0.345868,1.49734,-0.279379,-0.319967,1.49112,-0.304408,-0.319967,1.487,-0.303385,-0.345868
1.99695,-0.242677,-0.164249,-0.15737,838867969,1.27588,-0.200333,-0.327834,1.27978,-0.201158,-0.305894,1.27525,-0.222534,-0.305894,1.27137,-0.221637,-0.327834,1.49658,-0.247097,-0.372793,1.50117,-0.248068,-0.346968,1.49582,-0.273298,-0.346968,1.49125,-0.272242,-0.372793
0.277573,-0.24246,-0.147085,-0.661467,838867970,1.28049,-0.178617,-0.327834,1.2844,-0.179371,-0.305894,1.27987,-0.200748,-0.305894,1.27597,-0.199922,-0.327834,1.502,-0.221541,-0.372792,1.5066,-0.222428,-0.346967,1.50125,-0.247658,-0.346967,1.49667,-0.246686,-0.372792
0.0511318,-0.242663,-0.129732,-3.63474,838867971,1.28211,-0.156193,-0.327834,1.28603,-0.156882,-0.305894,1.28225,-0.178404,-0.305894,1.27835,-0.177643,-0.327834,1.50431,-0.195221,-0.372792,1.50893,-0.196032,-0.346968,1.50446,-0.221433,-0.346968,1.49986,-0.220537,-0.372793
0.142246,-0.242677,-0.513315,4.92107,838868309,1.13042,-0.624629,-0.327834,1.1338,-0.626737,-0.305894,1.12223,-0.645275,-0.305894,1.11889,-0.643105,-0.327834,1.32182,-0.744056,-0.372792,1.32579,-0.746538,-0.346967,1.31214,-0.768417,-0.346968,1.30821,-0.765863,-0.372793
0.0181669,-0.242638,-0.340746,-3.24119,838868319,1.22106,-0.421309,-0.327834,1.22476,-0.422798,-0.305894,1.21659,-0.443064,-0.305894,1.21292,-0.441508,-0.327834,1.4303,-0.505659,-0.372793,1.43465,-0.507412,-0.346968,1.425,-0.531331,-0.346968,1.42069,-0.529499,-0.372792
0.131754,-0.24243,-0.323583,3.63885,838868320,1.22936,-0.400722,-0.327834,1.23309,-0.402143,-0.305894,1.22492,-0.422409,-0.305894,1.22122,-0.42092,-0.327834,1.44007,-0.481431,-0.372792,1.44445,-0.483103,-0.346968,1.4348,-0.507023,-0.346968,1.43046,-0.50527,-0.372792
0.522474,-0.242641,-0.306234,-3.75448,838868321,1.23486,-0.37892,-0.327834,1.2386,-0.380279,-0.305894,1.23114,-0.400819,-0.305894,1.22743,-0.399391,-0.327834,1.44691,-0.455911,-0.372792,1.45132,-0.457511,-0.346968,1.44252,-0.481752,-0.346968,1.43814,-0.480072,-0.372793
0.154595,-0.242434,-0.28907,7.92859,838868322,1.24243,-0.358056,-0.327834,1.2462,-0.359346,-0.305894,1.23874,-0.379885,-0.305894,1.235,-0.378526,-0.327834,1.45583,-0.431356,-0.372792,1.46026,-0.432875,-0.346967,1.45146,-0.457116,-0.346968,1.44705,-0.455517,-0.372792
0.846839,-0.242647,-0.271721,-2.15999,838868323,1.24716,-0.336076,-0.327834,1.25095,-0.337303,-0.305894,1.24421,-0.35809,-0.305894,1.24045,-0.356793,-0.327834,1.46177,-0.405613,-0.372792,1.46623,-0.407058,-0.346967,1.45828,-0.431592,-0.346967,1.45385,-0.430065,-0.372792
0.640056,-0.242442,-0.254557,-2.80001,838868324,1.254,-0.314959,-0.327834,1.25781,-0.316117,-0.305894,1.25108,-0.336904,-0.305894,1.24729,-0.335676,-0.327834,1.46983,-0.380762,-0.372793,1.47431,-0.382125,-0.346968,1.46636,-0.406659,-0.346968,1.4619,-0.405214,-0.372792
0.241672,-0.242657,-0.237208,-4.53726,838868325,1.25796,-0.292827,-0.327834,1.26179,-0.293922,-0.305894,1.25578,-0.314931,-0.305894,1.25198,-0.313766,-0.327834,1.47487,-0.354827,-0.372793,1.47938,-0.356115,-0.346968,1.47229,-0.380912,-0.346967,1.46781,-0.379541,-0.372792
0.111224,-0.242669,-0.202692,-14.2641,838868327,1.26724,-0.249228,-0.327834,1.27111,-0.250188,-0.305894,1.26584,-0.271395,-0.305894,1.26199,-0.270364,-0.327834,1.48619,-0.303614,-0.372792,1.49074,-0.304744,-0.346968,1.48452,-0.329773,-0.346968,1.47999,-0.32856,-0.372792
0.102064,-0.242468,-0.185525,-7.08422,838868328,1.27259,-0.227685,-0.327834,1.27648,-0.228574,-0.305894,1.27121,-0.249781,-0.305894,1.26734,-0.248821,-0.327834,1.49248,-0.278261,-0.372792,1.49705,-0.279308,-0.346967,1.49084,-0.304337,-0.346967,1.48629,-0.303207,-0.372792
0.0994275,-0.260004,-0.164255,-1.90103,838868481,1.27588,-0.200333,-0.350962,1.28015,-0.201236,-0.329094,1.27562,-0.222612,-0.329094,1.27137,-0.221637,-0.350962,1.4958,-0.24693,-0.399779,1.50081,-0.247993,-0.374038,1.49547,-0.273223,-0.374038,1.49047,-0.272076,-0.399779
0.282602,-0.259772,-0.147094,5.3685,838868482,1.28049,-0.178617,-0.350962,1.28476,-0.179449,-0.329094,1.28023,-0.200825,-0.329094,1.27597,-0.199922,-0.350962,1.50121,-0.221374,-0.399779,1.50625,-0.222353,-0.374038,1.5009,-0.247583,-0.374038,1.49588,-0.24652,-0.399779
0.0465735,-0.259988,-0.129739,-4.25091,838868483,1.28211,-0.156193,-0.350962,1.2864,-0.156947,-0.329094,1.28262,-0.178469,-0.329094,1.27835,-0.177643,-0.350962,1.50352,-0.195082,-0.399779,1.50857,-0.195969,-0.374038,1.50411,-0.22137,-0.374038,1.49907,-0.220398,-0.399779
0.000880075,-0.259962,-0.340752,-3.73102,838868831,1.22106,-0.421309,-0.350962,1.22511,-0.422939,-0.329094,1.21694,-0.443205,-0.329094,1.21292,-0.441508,-0.350962,1.42956,-0.505359,-0.399779,1.43431,-0.507277,-0.374038,1.42467,-0.531196,-0.374038,1.41994,-0.529198,-0.399779
2.80934,-0.25974,-0.323591,0.554747,838868832,1.22936,-0.400722,-0.350962,1.23343,-0.402283,-0.329094,1.22526,-0.422549,-0.329094,1.22122,-0.42092,-0.350962,1.43932,-0.48113,-0.399779,1.44411,-0.482968,-0.374038,1.43447,-0.506887,-0.374038,1.42971,-0.50497,-0.399779
5.04474,-0.259965,-0.30624,0.0144835,838868833,1.23486,-0.37892,-0.350962,1.23895,-0.380407,-0.329094,1.2315,-0.400947,-0.329094,1.22743,-0.399391,-0.350962,1.44616,-0.455637,-0.399779,1.45098,-0.457387,-0.374038,1.44218,-0.481629,-0.374038,1.43738,-0.479798,-0.399779
0.28303,-0.259744,-0.289079,-1.18379,838868834,1.24243,-0.358056,-0.350962,1.24655,-0.359474,-0.329094,1.2391,-0.380013,-0.329094,1.235,-0.378526,-0.350962,1.45507,-0.431082,-0.399779,1.45992,-0.432752,-0.374038,1.45112,-0.456993,-0.374038,1.4463,-0.455243,-0.399779
-0.00650874,-0.259972,-0.271728,-4.03894,838868835,1.24716,-0.336076,-0.350962,1.25131,-0.337419,-0.329094,1.24457,-0.358206,-0.329094,1.24045,-0.356793,-0.350962,1.46101,-0.405366,-0.399779,1.46589,-0.406947,-0.374038,1.45794,-0.431481,-0.374038,1.45309,-0.429818,-0.399779
0.11337,-0.259752,-0.254565,21.2367,838868836,1.254,-0.314959,-0.350962,1.25817,-0.316232,-0.329094,1.25144,-0.33702,-0.329094,1.24729,-0.335676,-0.350962,1.46906,-0.380514,-0.399779,1.47397,-0.382013,-0.374038,1.46602,-0.406547,-0.374038,1.46114,-0.404967,-0.399779
0.146104,-0.259982,-0.237214,-24.468,838868837,1.25796,-0.292827,-0.350962,1.26215,-0.294025,-0.329094,1.25614,-0.315034,-0.329094,1.25198,-0.313766,-0.350962,1.4741,-0.354606,-0.399779,1.47903,-0.356016,-0.374038,1.47194,-0.380812,-0.374038,1.46703,-0.37932,-0.399779
0.0493148,-0.259995,-0.202698,-3.80021,838868839,1.26724,-0.249228,-0.350962,1.27147,-0.250278,-0.329094,1.2662,-0.271485,-0.329094,1.26199,-0.270364,-0.350962,1.48541,-0.303421,-0.399779,1.49038,-0.304657,-0.374038,1.48417,-0.329686,-0.374038,1.47921,-0.328366,-0.399779
0.0340102,-0.25978,-0.185533,-3.65237,838868840,1.27259,-0.227685,-0.350962,1.27684,-0.228665,-0.329094,1.27157,-0.249871,-0.329094,1.26734,-0.248821,-0.350962,1.4917,-0.278068,-0.399779,1.4967,-0.279221,-0.374038,1.49049,-0.30425,-0.374038,1.48551,-0.303013,-0.399779
0.0115689,-0.277367,-0.164269,-3.61291,838868993,1.27588,-0.200333,-0.374308,1.28054,-0.201319,-0.352398,1.276,-0.222727,-0.352398,1.27137,-0.221638,-0.374308,1.49496,-0.246755,-0.42688,1.50042,-0.24791,-0.4012,1.49508,-0.273094,-0.4012,1.48965,-0.271817,-0.42688
-0.274434,-0.27712,-0.147096,-2.73992,838868994,1.28049,-0.178617,-0.374308,1.28516,-0.1795,-0.352398,1.28063,-0.200908,-0.352398,1.27597,-0.199922,-0.374308,1.50036,-0.221281,-0.42688,1.50584,-0.222315,-0.4012,1.50051,-0.247499,-0.4012,1.49505,-0.246343,-0.42688
-0.0205759,-0.277351,-0.129752,-4.68261,838868995,1.28211,-0.156194,-0.374308,1.2868,-0.157017,-0.352398,1.28301,-0.17857,-0.352398,1.27834,-0.177643,-0.374308,1.50268,-0.194935,-0.42688,1.50817,-0.1959,-0.4012,1.50372,-0.221254,-0.4012,1.49825,-0.220168,-0.42688
0.108782,-0.277329,-0.0607243,-16.6221,838868999,1.28993,-0.067398,-0.374308,1.29466,-0.0678918,-0.352398,1.29239,-0.089657,-0.352398,1.28767,-0.0890581,-0.374308,1.51266,-0.0906474,-0.42688,1.51821,-0.0912262,-0.4012,1.51553,-0.116829,-0.4012,1.51,-0.116128,-0.42688
0.200698,-0.277329,2.03367,37.9959,838869119,-0.586595,1.15081,-0.374308,-0.588533,1.15515,-0.352398,-0.568548,1.16407,-0.352398,-0.566706,1.15968,-0.374308,-0.677827,1.35533,-0.42688,-0.680099,1.36042,-0.4012,-0.656589,1.37091,-0.4012,-0.654431,1.36576,-0.42688
0.162904,-0.277095,-0.776198,-9.91837,838869318,0.930324,-0.897964,-0.374308,0.933588,-0.901426,-0.352398,0.917335,-0.91608,-0.352398,0.91415,-0.912547,-0.374308,1.08314,-1.06171,-0.42688,1.08696,-1.06577,-0.4012,1.06785,-1.08301,-0.4012,1.06411,-1.07887,-0.42688
0.122366,-0.277323,-0.340766,5.06639,838869343,1.22106,-0.42131,-0.374308,1.22548,-0.423089,-0.352398,1.21729,-0.443385,-0.352398,1.21292,-0.441508,-0.374308,1.42877,-0.505042,-0.42688,1.43394,-0.507126,-0.4012,1.42431,-0.531002,-0.4012,1.41919,-0.528802,-0.42688
0.0240122,-0.277086,-0.323594,-3.44863,838869344,1.22936,-0.400721,-0.374308,1.23382,-0.402402,-0.352398,1.22563,-0.422698,-0.352398,1.22122,-0.42092,-0.374308,1.4385,-0.480891,-0.42688,1.44372,-0.482861,-0.4012,1.4341,-0.506736,-0.4012,1.42892,-0.504651,-0.42688
0.374748,-0.277326,-0.306253,-6.1609,838869345,1.23486,-0.378921,-0.374308,1.23933,-0.380544,-0.352398,1.23186,-0.401114,-0.352398,1.22742,-0.399391,-0.374308,1.44536,-0.455348,-0.42688,1.4506,-0.45725,-0.4012,1.44181,-0.481447,-0.4012,1.43661,-0.479428,-0.42688
0.246442,-0.277091,-0.289081,-4.36089,838869346,1.24243,-0.358055,-0.374308,1.24694,-0.359579,-0.352398,1.23947,-0.380149,-0.352398,1.235,-0.378526,-0.374308,1.45424,-0.430871,-0.42688,1.45953,-0.432658,-0.4012,1.45074,-0.456855,-0.4012,1.4455,-0.454952,-0.42688
-0.0498564,-0.277333,-0.271741,-2.57359,838869347,1.24716,-0.336076,-0.374308,1.25169,-0.337542,-0.352398,1.24494,-0.35836,-0.352398,1.24045,-0.356794,-0.374308,1.4602,-0.405104,-0.42688,1.46551,-0.406823,-0.4012,1.45757,-0.431312,-0.4012,1.4523,-0.429475,-0.42688
0.0691776,-0.2771,-0.254567,-4.32737,838869348,1.254,-0.314958,-0.374308,1.25856,-0.316324,-0.352398,1.25182,-0.337142,-0.352398,1.24729,-0.335676,-0.374308,1.46823,-0.380333,-0.42688,1.47357,-0.381934,-0.4012,1.46563,-0.406423,-0.4012,1.46033,-0.404704,-0.42688
-0.0332109,-0.277344,-0.237227,-3.68054,838869349,1.25796,-0.292828,-0.374308,1.26253,-0.294135,-0.352398,1.25652,-0.315176,-0.352398,1.25198,-0.313767,-0.374308,1.47328,-0.354373,-0.42688,1.47864,-0.355906,-0.4012,1.47157,-0.380657,-0.4012,1.46624,-0.379005,-0.42688
-0.0650955,-0.277358,-0.202711,-3.4126,838869351,1.26724,-0.249229,-0.374308,1.27186,-0.250375,-0.352398,1.26658,-0.271613,-0.352398,1.26199,-0.270364,-0.374308,1.48458,-0.303216,-0.42688,1.48999,-0.30456,-0.4012,1.48379,-0.329543,-0.4012,1.47841,-0.328079,-0.42688
0.0618931,-0.277129,-0.185536,-3.00086,838869352,1.27259,-0.227685,-0.374308,1.27724,-0.228729,-0.352398,1.27196,-0.249967,-0.352398,1.26734,-0.24882,-0.374308,1.49086,-0.277945,-0.42688,1.4963,-0.279169,-0.4012,1.49009,-0.304152,-0.4012,1.48468,-0.302808,-0.42688
-0.337,-0.294752,-0.164275,-2.34193,838869505,1.27588,-0.200333,-0.397732,1.2809,-0.201395,-0.375905,1.27636,-0.222803,-0.375905,1.27137,-0.221638,-0.397732,1.49407,-0.246566,-0.454045,1.49995,-0.24781,-0.428462,1.49461,-0.272994,-0.428462,1.48876,-0.271628,-0.454045
-0.0072976,-0.29449,-0.147105,-2.48629,838869506,1.28049,-0.178617,-0.397732,1.28552,-0.179575,-0.375905,1.28098,-0.200984,-0.375905,1.27597,-0.199922,-0.397732,1.49947,-0.221092,-0.454045,1.50537,-0.222215,-0.428462,1.50003,-0.247399,-0.428462,1.49416,-0.246154,-0.454045
0.000188765,-0.294734,-0.129759,-3.64474,838869507,1.28211,-0.156194,-0.397732,1.28716,-0.15708,-0.375905,1.28337,-0.178634,-0.375905,1.27834,-0.177643,-0.397732,1.50178,-0.194778,-0.454045,1.5077,-0.195817,-0.428462,1.50324,-0.221171,-0.428462,1.49735,-0.22001,-0.454045
0.321095,-0.294468,0.792622,51.4693,838869560,0.899764,0.928519,-0.397732,0.903497,0.932029,-0.375905,0.918153,0.915778,-0.375905,0.914349,0.912347,-0.397732,1.06281,1.08075,-0.454045,1.06719,1.08486,-0.428462,1.08443,1.06574,-0.428462,1.07997,1.06172,-0.454045
-0.0278051,-0.294705,-0.340772,-3.22219,838869855,1.22106,-0.42131,-0.397732,1.22582,-0.423225,-0.375905,1.21763,-0.443522,-0.375905,1.21292,-0.441508,-0.397732,1.42792,-0.504701,-0.454045,1.43349,-0.506946,-0.428462,1.42387,-0.530821,-0.428462,1.41834,-0.528461,-0.454045
-0.0323173,-0.294454,-0.323602,-1.74085,838869856,1.22936,-0.400721,-0.397732,1.23416,-0.402539,-0.375905,1.22597,-0.422835,-0.375905,1.22122,-0.42092,-0.397732,1.43766,-0.48055,-0.454045,1.44327,-0.482681,-0.428462,1.43365,-0.506556,-0.428462,1.42808,-0.504311,-0.454045
0.0269616,-0.294708,-0.306259,-2.42896,838869857,1.23486,-0.378921,-0.397732,1.23967,-0.380669,-0.375905,1.2322,-0.401239,-0.375905,1.22742,-0.399391,-0.397732,1.4445,-0.455037,-0.454045,1.45014,-0.457086,-0.428462,1.44136,-0.481283,-0.428462,1.43576,-0.479117,-0.454045
-0.089221,-0.294459,-0.289089,-2.4828,838869858,1.24243,-0.358055,-0.397732,1.24728,-0.359704,-0.375905,1.23982,-0.380274,-0.375905,1.235,-0.378525,-0.397732,1.45339,-0.43056,-0.454045,1.45907,-0.432493,-0.428462,1.45029,-0.45669,-0.428462,1.44464,-0.454641,-0.454045
0.164816,-0.294715,-0.271747,8.61375,838869859,1.24716,-0.336076,-0.397732,1.25203,-0.337655,-0.375905,1.24529,-0.358473,-0.375905,1.24045,-0.356794,-0.397732,1.45933,-0.404823,-0.454045,1.46505,-0.406674,-0.428462,1.45711,-0.431163,-0.428462,1.45144,-0.429194,-0.454045
0.0744247,-0.294468,-0.254576,46.3623,838869860,1.254,-0.314958,-0.397732,1.25891,-0.316437,-0.375905,1.25216,-0.337255,-0.375905,1.24729,-0.335676,-0.397732,1.46736,-0.380052,-0.454045,1.47311,-0.381785,-0.428462,1.46518,-0.406274,-0.428462,1.45946,-0.404423,-0.454045
0.0176816,-0.294726,-0.237233,-1.96876,838869861,1.25796,-0.292828,-0.397732,1.26289,-0.294236,-0.375905,1.25687,-0.315277,-0.375905,1.25198,-0.313767,-0.397732,1.47241,-0.354123,-0.454045,1.47818,-0.355773,-0.428462,1.4711,-0.380524,-0.428462,1.46536,-0.378755,-0.454045
-0.0424532,-0.294499,-0.185544,-2.23315,838869864,1.27259,-0.227685,-0.397732,1.27759,-0.228817,-0.375905,1.27232,-0.250055,-0.375905,1.26734,-0.24882,-0.397732,1.48998,-0.277725,-0.454045,1.49583,-0.279053,-0.428462,1.48963,-0.304036,-0.428462,1.4838,-0.302588,-0.454045
0.102309,-0.311813,-0.0780834,-19.8228,838870022,1.28987,-0.0898796,-0.421251,1.29532,-0.090535,-0.399514,1.29229,-0.112208,-0.399514,1.28685,-0.111448,-0.421251,1.51032,-0.116829,-0.48129,1.51671,-0.117597,-0.455811,1.51314,-0.143092,-0.455811,1.50677,-0.142201,-0.48129
0.112624,-0.312075,-0.0607365,2.76483,838870023,1.28993,-0.067398,-0.421251,1.29538,-0.0679677,-0.399514,1.29311,-0.0897329,-0.399514,1.28767,-0.0890581,-0.421251,1.51079,-0.0904516,-0.48129,1.51718,-0.0911194,-0.455811,1.51451,-0.116723,-0.455811,1.50813,-0.115932,-0.48129
0.123695,-0.311802,-0.00905737,-9.30344,838870026,1.29303,-0.000703826,-0.421251,1.29852,-0.000977254,-0.399514,1.29701,-0.0228085,-0.399514,1.29153,-0.0224297,-0.421251,1.51483,-0.0121981,-0.48129,1.52125,-0.0125186,-0.455811,1.51948,-0.0381996,-0.455811,1.51306,-0.0377556,-0.48129
0.141926,-0.329141,0.0599598,6.13326,838870542,1.28997,0.0884753,-0.444874,1.29582,0.0885856,-0.423231,1.29584,0.0667022,-0.423231,1.28998,0.0666975,-0.444874,1.51099,0.0924914,-0.508621,1.51784,0.0926207,-0.483254,1.51786,0.0668783,-0.483254,1.51101,0.0668728,-0.508621
0.135255,-0.329455,0.146337,13.7789,838870547,1.27606,0.199224,-0.444874,1.28188,0.199841,-0.423231,1.28418,0.178079,-0.423231,1.27836,0.177568,-0.444874,1.49585,0.222519,-0.508621,1.50267,0.223242,-0.483254,1.50538,0.197643,-0.483254,1.49855,0.197043,-0.508621
0.474426,-0.329141,-0.638172,-7.50589,838870862,1.04504,-0.761399,-0.444874,1.0496,-0.765075,-0.423231,1.03554,-0.78185,-0.423231,1.03106,-0.778093,-0.444874,1.21694,-0.900391,-0.508621,1.22227,-0.9047,-0.483254,1.20574,-0.924433,-0.483254,1.20048,-0.920029,-0.508621
0.0964358,-0.329134,-0.358132,25.2828,838870878,1.21481,-0.442905,-0.444874,1.2202,-0.445185,-0.423231,1.21132,-0.465183,-0.423231,1.20597,-0.462807,-0.444874,1.41836,-0.529144,-0.508621,1.42467,-0.531815,-0.483254,1.41422,-0.55534,-0.483254,1.40795,-0.552555,-0.508621
0.138977,-0.346483,0.128981,13.7143,838871058,1.28068,0.177223,-0.468607,1.28687,0.177767,-0.447065,1.28842,0.155938,-0.447065,1.28222,0.155499,-0.468606,1.49979,0.196581,-0.536045,1.50704,0.197218,-0.510795,1.50886,0.17154,-0.510795,1.5016,0.171026,-0.536045
0.139225,-0.346457,-0.63818,10.3795,838871374,1.04504,-0.761399,-0.468607,1.04987,-0.765307,-0.447065,1.03582,-0.782082,-0.447065,1.03106,-0.778093,-0.468606,1.21609,-0.899686,-0.536045,1.22175,-0.904267,-0.510795,1.20522,-0.924,-0.510795,1.19964,-0.919324,-0.536045
0.316621,-0.346786,-0.202734,-6.76446,838871399,1.26724,-0.249229,-0.468607,1.27327,-0.250726,-0.447065,1.268,-0.271964,-0.447065,1.26199,-0.270364,-0.468606,1.48068,-0.302247,-0.536045,1.48775,-0.304003,-0.510795,1.48154,-0.328986,-0.510795,1.47451,-0.32711,-0.536045
0.242688,-0.346503,-0.185568,-1.86085,838871400,1.27259,-0.227685,-0.468607,1.27865,-0.22908,-0.447065,1.27337,-0.250318,-0.447065,1.26734,-0.24882,-0.468606,1.48696,-0.276976,-0.536045,1.49406,-0.278611,-0.510795,1.48785,-0.303594,-0.510795,1.48078,-0.301839,-0.536045
0.119063,-0.364173,-0.164307,-10.3018,838871553,1.27588,-0.200334,-0.492617,1.28235,-0.201705,-0.471046,1.27781,-0.223144,-0.471046,1.27137,-0.221639,-0.492617,1.48993,-0.245689,-0.563617,1.49747,-0.247287,-0.538468,1.49215,-0.2724,-0.538468,1.48464,-0.270645,-0.563617
0.134275,-0.363854,-0.147134,35.1223,838871554,1.28049,-0.178616,-0.492617,1.28698,-0.179853,-0.471046,1.28244,-0.201292,-0.471046,1.27597,-0.199921,-0.492617,1.49531,-0.220319,-0.563617,1.50288,-0.221761,-0.538467,1.49756,-0.246874,-0.538468,1.49002,-0.245276,-0.563617
0.227892,-0.364151,-0.129791,4.62524,838871555,1.28211,-0.156195,-0.492617,1.28863,-0.157339,-0.471046,1.28483,-0.178923,-0.471046,1.27834,-0.177644,-0.492617,1.49761,-0.194046,-0.563617,1.50521,-0.19538,-0.538467,1.50077,-0.220663,-0.538468,1.4932,-0.219172,-0.563617
0.112262,-0.364151,0.219275,-2.94394,838871575,1.25821,0.291733,-0.492617,1.26473,0.292886,-0.471046,1.26855,0.271307,-0.471046,1.26201,0.270289,-0.492617,1.47366,0.32987,-0.563617,1.48126,0.331214,-0.538468,1.48573,0.305937,-0.538468,1.47811,0.30475,-0.563617
0.161002,-0.364142,-0.237263,-4.88632,838871909,1.25796,-0.292828,-0.492617,1.26432,-0.294646,-0.471046,1.2583,-0.315717,-0.471046,1.25197,-0.313768,-0.492617,1.46833,-0.35296,-0.563617,1.47575,-0.355079,-0.538467,1.46869,-0.379761,-0.538467,1.46132,-0.377488,-0.563617
0.210581,-0.363844,-0.220088,-10.6876,838871910,1.26406,-0.271483,-0.492617,1.27046,-0.273169,-0.471046,1.26443,-0.29424,-0.471046,1.25808,-0.292423,-0.492617,1.47546,-0.328026,-0.563617,1.48292,-0.329991,-0.538468,1.47586,-0.354673,-0.538468,1.46845,-0.352554,-0.563617
0.0997967,-0.381205,-0.289125,27.35,838872418,1.24243,-0.358054,-0.51674,1.24902,-0.360302,-0.49528,1.24155,-0.380901,-0.49528,1.235,-0.378525,-0.51674,1.44826,-0.428813,-0.591284,1.45594,-0.431434,-0.566263,1.44718,-0.455563,-0.566263,1.43955,-0.452792,-0.591284
0.106852,-0.398569,-0.323646,28.9896,838872928,1.22937,-0.400721,-0.540994,1.2362,-0.403327,-0.51965,1.228,-0.423652,-0.51965,1.22122,-0.420919,-0.540994,1.43144,-0.478161,-0.619063,1.43941,-0.4812,-0.594177,1.42981,-0.505009,-0.594177,1.42191,-0.501822,-0.619063
0.115787,-0.398588,-0.254619,40.5323,838872932,1.254,-0.314958,-0.540994,1.261,-0.317081,-0.51965,1.25425,-0.337929,-0.51965,1.24729,-0.335675,-0.540994,1.461,-0.378103,-0.619063,1.46915,-0.380578,-0.594177,1.46124,-0.404998,-0.594177,1.45313,-0.402371,-0.619063
0.120783,-0.416274,-0.0607794,21.293,838873095,1.28993,-0.0673987,-0.565387,1.29754,-0.0681936,-0.544164,1.29527,-0.0899899,-0.544164,1.28767,-0.0890588,-0.565387,1.50385,-0.089728,-0.646959,1.51272,-0.0906547,-0.622215,1.51006,-0.116186,-0.622215,1.5012,-0.115101,-0.646959
0.173712,-0.415941,-2.69809,29.8376,838873304,-1.16307,-0.564786,-0.565387,-1.17012,-0.567787,-0.544164,-1.17834,-0.547475,-0.544164,-1.17125,-0.544601,-0.565387,-1.36103,-0.64898,-0.646959,-1.36924,-0.652479,-0.622215,-1.37888,-0.628686,-0.622215,-1.3706,-0.625335,-0.646959
0.0959087,-0.455674,-0.0953108,43.3243,838874117,1.28679,-0.111866,-0.621349,1.29505,-0.113021,-0.60039,1.29202,-0.134752,-0.60039,1.28378,-0.133434,-0.621349,1.49712,-0.141278,-0.709718,1.5067,-0.142617,-0.685425,1.50316,-0.167946,-0.685425,1.49361,-0.166417,-0.709718
0.100398,-0.455292,-0.0781375,22.1766,838874118,1.28987,-0.089878,-0.621349,1.29815,-0.0908693,-0.60039,1.29511,-0.112601,-0.60039,1.28685,-0.111446,-0.621349,1.5007,-0.115719,-0.709718,1.5103,-0.116868,-0.685425,1.50676,-0.142197,-0.685425,1.49718,-0.140858,-0.709718
0.0495149,-0.455292,-2.87066,-0.35403,838874318,-1.24282,-0.356704,-0.621348,-1.25094,-0.358605,-0.60039,-1.25552,-0.337144,-0.60039,-1.24736,-0.335405,-0.621349,-1.44977,-0.404529,-0.709718,-1.45919,-0.406732,-0.685425,-1.46452,-0.38172,-0.685425,-1.45507,-0.379703,-0.709719
0.0644342,-0.45566,-2.85332,0.21497,838874319,-1.23519,-0.377846,-0.621349,-1.24328,-0.379869,-0.60039,-1.2486,-0.358582,-0.60039,-1.24047,-0.356719,-0.621349,-1.44122,-0.429371,-0.709718,-1.45059,-0.431717,-0.685425,-1.4568,-0.406906,-0.685425,-1.44738,-0.404746,-0.709718
1.82317,-0.455281,-2.83615,-13.989,838874320,-1.2298,-0.399384,-0.621349,-1.23785,-0.401568,-0.60039,-1.24317,-0.38028,-0.60039,-1.23508,-0.378257,-0.621349,-1.43496,-0.454408,-0.709718,-1.44429,-0.456939,-0.685425,-1.45049,-0.432128,-0.685425,-1.44111,-0.429783,-0.709718
-0.00505163,-0.455653,-2.81881,-68.0758,838874321,-1.22143,-0.420247,-0.621349,-1.22945,-0.422552,-0.60039,-1.23551,-0.401463,-0.60039,-1.22745,-0.399317,-0.621349,-1.42554,-0.478937,-0.709718,-1.43483,-0.481608,-0.685425,-1.44189,-0.457029,-0.685425,-1.43255,-0.454542,-0.709718
0.0231294,-0.455276,-2.80164,-0.56813,838874322,-1.2153,-0.441584,-0.621348,-1.22326,-0.444048,-0.60039,-1.22933,-0.422959,-0.60039,-1.22131,-0.420654,-0.621349,-1.4184,-0.50374,-0.709718,-1.42764,-0.506595,-0.685425,-1.43471,-0.482016,-0.685425,-1.42542,-0.479344,-0.709719
0.0599298,-0.472999,-0.164349,-2.37932,838874625,1.27588,-0.200335,-0.646197,1.28436,-0.202131,-0.62537,1.27981,-0.223597,-0.62537,1.27137,-0.22164,-0.646196,1.48228,-0.244068,-0.737862,1.4921,-0.24615,-0.713722,1.4868,-0.271169,-0.713722,1.47701,-0.2689,-0.737862
-0.0519179,-0.472597,-0.147177,-2.00228,838874626,1.28049,-0.178615,-0.646197,1.289,-0.18025,-0.62537,1.28445,-0.201716,-0.62537,1.27597,-0.19992,-0.646196,1.48763,-0.21882,-0.737862,1.49749,-0.220715,-0.713722,1.49219,-0.245735,-0.713722,1.48236,-0.243653,-0.737862
-0.0382879,-0.472972,-0.129832,-2.98385,838874627,1.28211,-0.156196,-0.646196,1.29065,-0.157695,-0.62537,1.28685,-0.179307,-0.62537,1.27834,-0.177645,-0.646196,1.48991,-0.192693,-0.737862,1.4998,-0.194431,-0.713722,1.49537,-0.219621,-0.713722,1.48551,-0.217694,-0.737862
0.155681,-0.472929,2.41717,80.1449,838874773,-0.97466,0.847667,-0.646196,-0.980897,0.853681,-0.62537,-0.965666,0.869477,-0.62537,-0.959543,0.863344,-0.646197,-1.12653,0.99411,-0.737862,-1.13376,1.00108,-0.713722,-1.11601,1.01949,-0.713722,-1.10891,1.01238,-0.737862
0.0242178,-0.472556,-2.87067,-1.92355,838874830,-1.24282,-0.356704,-0.646197,-1.25126,-0.358673,-0.62537,-1.25584,-0.337212,-0.62537,-1.24736,-0.335405,-0.646196,-1.4484,-0.404236,-0.737862,-1.45819,-0.406519,-0.713722,-1.46352,-0.381506,-0.713722,-1.4537,-0.379411,-0.737862
-0.134821,-0.472937,-2.85333,-1.64603,838874831,-1.23519,-0.377846,-0.646196,-1.24359,-0.379948,-0.62537,-1.24892,-0.358661,-0.62537,-1.24047,-0.356719,-0.646196,-1.43986,-0.429031,-0.737862,-1.4496,-0.431468,-0.713722,-1.45581,-0.406657,-0.713722,-1.44602,-0.404406,-0.737862
-0.0875691,-0.472545,-2.83616,-1.5314,838874832,-1.2298,-0.399384,-0.646197,-1.23817,-0.401647,-0.62537,-1.24349,-0.380359,-0.62537,-1.23508,-0.378257,-0.646196,-1.4336,-0.454068,-0.737862,-1.44329,-0.456691,-0.713722,-1.4495,-0.43188,-0.713722,-1.43975,-0.429443,-0.737862
0.106955,-0.472929,-2.81882,1.24305,838874833,-1.22143,-0.420247,-0.646197,-1.22976,-0.422641,-0.62537,-1.23582,-0.401553,-0.62537,-1.22745,-0.399317,-0.646196,-1.42419,-0.478549,-0.737862,-1.43384,-0.481325,-0.713722,-1.44091,-0.456746,-0.713722,-1.4312,-0.454154,-0.737862
0.0389113,-0.47254,-2.80164,-1.47155,838874834,-1.2153,-0.441584,-0.646196,-1.22358,-0.444137,-0.62537,-1.22964,-0.423049,-0.62537,-1.22131,-0.420654,-0.646196,-1.41706,-0.503352,-0.737862,-1.42666,-0.506312,-0.713722,-1.43372,-0.481733,-0.713722,-1.42407,-0.478957,-0.737862
0.0833328,-0.472984,-0.202785,35.2349,838874983,1.26724,-0.24923,-0.646197,1.27565,-0.251319,-0.62537,1.27036,-0.272615,-0.62537,1.26199,-0.270366,-0.646196,1.47199,-0.300091,-0.737862,1.48174,-0.302512,-0.713722,1.47558,-0.327333,-0.713722,1.46588,-0.324726,-0.737862
-0.00994472,-0.472611,-0.18561,-1.35407,838874984,1.27259,-0.227683,-0.646197,1.28104,-0.229612,-0.62537,1.27575,-0.250908,-0.62537,1.26734,-0.248819,-0.646196,1.47822,-0.275045,-0.737862,1.48801,-0.27728,-0.713722,1.48184,-0.302101,-0.713722,1.4721,-0.29968,-0.737862
0.143039,-0.490257,-0.164354,6.53013,838875137,1.27588,-0.200335,-0.671209,1.28468,-0.202198,-0.65052,1.28013,-0.223664,-0.65052,1.27137,-0.22164,-0.671209,1.48086,-0.243767,-0.766148,1.49105,-0.245926,-0.742167,1.48575,-0.270946,-0.742167,1.47559,-0.268599,-0.766148
0.0166319,-0.489843,-0.147184,-2.76127,838875138,1.28049,-0.178615,-0.671209,1.28931,-0.180317,-0.65052,1.28477,-0.201783,-0.65052,1.27597,-0.19992,-0.671209,1.48621,-0.218519,-0.766148,1.49644,-0.220492,-0.742167,1.49114,-0.245511,-0.742167,1.48094,-0.243352,-0.766148
-0.124873,-0.49023,-0.129837,-2.61099,838875139,1.28211,-0.156196,-0.671209,1.29096,-0.157751,-0.65052,1.28717,-0.179363,-0.65052,1.27834,-0.177645,-0.671209,1.48848,-0.192442,-0.766148,1.49874,-0.194244,-0.742167,1.49431,-0.219434,-0.742167,1.48408,-0.217443,-0.766148
0.102223,-0.489819,-0.112668,-30.8953,838875140,1.28595,-0.134329,-0.671209,1.29483,-0.135721,-0.65052,1.29104,-0.157333,-0.65052,1.28219,-0.155778,-0.671209,1.49294,-0.167023,-0.766148,1.50323,-0.168637,-0.742167,1.49881,-0.193827,-0.742167,1.48855,-0.192024,-0.766148
-0.00902971,-0.489801,-2.87068,-2.59825,838875342,-1.24282,-0.356704,-0.671209,-1.25158,-0.35874,-0.65052,-1.25615,-0.33728,-0.65052,-1.24736,-0.335405,-0.671209,-1.44698,-0.403933,-0.766148,-1.45713,-0.406294,-0.742167,-1.46247,-0.381281,-0.742167,-1.45228,-0.379108,-0.766148
-0.0468547,-0.490193,-2.85333,-2.00471,838875343,-1.23519,-0.377846,-0.671209,-1.24391,-0.380026,-0.65052,-1.24923,-0.358739,-0.65052,-1.24047,-0.356719,-0.671209,-1.43845,-0.428679,-0.766148,-1.44855,-0.431207,-0.742167,-1.45476,-0.406395,-0.742167,-1.44461,-0.404054,-0.766148
-0.0997204,-0.489789,-2.83617,-2.45179,838875344,-1.2298,-0.399384,-0.671209,-1.23848,-0.401725,-0.65052,-1.2438,-0.380438,-0.65052,-1.23508,-0.378257,-0.671209,-1.43219,-0.453716,-0.766148,-1.44225,-0.456429,-0.742167,-1.44845,-0.431618,-0.742167,-1.43835,-0.42909,-0.766148
-0.0295989,-0.490185,-2.81882,-2.53082,838875345,-1.22143,-0.420247,-0.671209,-1.23007,-0.422731,-0.65052,-1.23613,-0.401642,-0.65052,-1.22745,-0.399317,-0.671209,-1.42279,-0.478148,-0.766148,-1.43281,-0.481027,-0.742167,-1.43987,-0.456448,-0.742167,-1.42981,-0.453753,-0.766148
0.0393398,-0.489784,-2.80165,-2.46889,838875346,-1.2153,-0.441584,-0.671209,-1.22389,-0.444227,-0.65052,-1.22995,-0.423138,-0.65052,-1.22131,-0.420654,-0.671209,-1.41566,-0.502951,-0.766148,-1.42562,-0.506014,-0.742167,-1.43269,-0.481435,-0.742167,-1.42268,-0.478556,-0.766148
0.110468,-0.489819,-0.461734,15.8843,838875480,1.16246,-0.566049,-0.671209,1.17033,-0.570395,-0.65052,1.15937,-0.589406,-0.65052,1.15158,-0.584917,-0.671209,1.34578,-0.667566,-0.766148,1.3549,-0.672603,-0.742167,1.34213,-0.694761,-0.742167,1.3331,-0.689558,-0.766148
0.0966957,-0.4902,-0.271821,-4.39174,838875491,1.24716,-0.336078,-0.671209,1.25571,-0.338848,-0.65052,1.24895,-0.359723,-0.65052,1.24045,-0.356795,-0.671209,1.44648,-0.40066,-0.766148,1.45639,-0.403872,-0.742167,1.44851,-0.428202,-0.742167,1.43866,-0.424808,-0.766148
0.222666,-0.489808,-0.254651,-6.77994,838875492,1.254,-0.314957,-0.671209,1.26261,-0.31757,-0.65052,1.25584,-0.338445,-0.65052,1.24729,-0.335674,-0.671209,1.45444,-0.376109,-0.766148,1.46441,-0.379138,-0.742167,1.45652,-0.403468,-0.742167,1.44661,-0.400257,-0.766148
0.284018,-0.490218,-0.237307,-4.81073,838875493,1.25796,-0.292829,-0.671209,1.2666,-0.2953,-0.65052,1.26057,-0.316398,-0.65052,1.25197,-0.313769,-0.671209,1.45941,-0.350411,-0.766148,1.46943,-0.353274,-0.742167,1.4624,-0.377865,-0.742167,1.45244,-0.374817,-0.766148
0.0561834,-0.490242,-0.202791,-37.5097,838875495,1.26724,-0.24923,-0.671209,1.27597,-0.251397,-0.65052,1.27068,-0.272693,-0.65052,1.26199,-0.270366,-0.671209,1.47058,-0.299741,-0.766148,1.4807,-0.302253,-0.742167,1.47453,-0.327073,-0.742167,1.46447,-0.324376,-0.766148
0.0469754,-0.489857,-0.185617,-31.9721,838875496,1.27259,-0.227683,-0.671209,1.28136,-0.22969,-0.65052,1.27607,-0.250986,-0.65052,1.26734,-0.248819,-0.671209,1.47681,-0.274694,-0.766148,1.48696,-0.27702,-0.742167,1.4808,-0.301841,-0.742167,1.47069,-0.299329,-0.766148
1.69047,-0.507498,-0.16436,0.617855,838875649,1.27588,-0.200335,-0.696394,1.28499,-0.202264,-0.675848,1.28044,-0.223731,-0.675848,1.27137,-0.22164,-0.696394,1.47938,-0.243455,-0.794583,1.48994,-0.245692,-0.770768,1.48464,-0.270711,-0.770768,1.47412,-0.268287,-0.794583
1.01152,-0.507071,-0.147192,-1.43847,838875650,1.28049,-0.178615,-0.696394,1.28963,-0.180383,-0.675848,1.28508,-0.20185,-0.675848,1.27597,-0.19992,-0.696394,1.48473,-0.218208,-0.794583,1.49533,-0.220257,-0.770768,1.49003,-0.245277,-0.770768,1.47947,-0.24304,-0.794583
0.0740012,-0.507469,-0.129843,-9.337,838875651,1.28211,-0.156196,-0.696394,1.29128,-0.157806,-0.675848,1.28748,-0.179418,-0.675848,1.27834,-0.177645,-0.696394,1.48699,-0.192182,-0.794583,1.49762,-0.194049,-0.770768,1.4932,-0.219238,-0.770768,1.4826,-0.217183,-0.794583
0.112304,-0.507046,-0.112675,40.3526,838875652,1.28595,-0.134329,-0.696394,1.29515,-0.135776,-0.675848,1.29135,-0.157388,-0.675848,1.28219,-0.155778,-0.696394,1.49146,-0.166763,-0.794583,1.50212,-0.168441,-0.770768,1.4977,-0.193631,-0.770768,1.48707,-0.191764,-0.794583
0.204406,-0.507447,1.99907,42.6808,838875773,-0.546519,1.17033,-0.696394,-0.550012,1.17896,-0.675848,-0.529672,1.18719,-0.675848,-0.526332,1.1785,-0.696394,-0.624577,1.36315,-0.794583,-0.628626,1.37315,-0.770768,-0.604919,1.38275,-0.770768,-0.601048,1.37267,-0.794583
0.114901,-0.507012,-0.323686,10.6983,838876000,1.22937,-0.40072,-0.696394,1.23806,-0.404047,-0.675848,1.22986,-0.424399,-0.675848,1.22122,-0.420918,-0.696394,1.42364,-0.475153,-0.794583,1.43372,-0.47901,-0.770768,1.42416,-0.50273,-0.770768,1.41415,-0.498695,-0.794583
0.559471,-0.507438,-0.271826,-0.535166,838876003,1.24716,-0.336078,-0.696394,1.25602,-0.338947,-0.675848,1.24925,-0.359822,-0.675848,1.24045,-0.356795,-0.696394,1.44505,-0.400197,-0.794583,1.45532,-0.403523,-0.770768,1.44743,-0.427853,-0.770768,1.43723,-0.424345,-0.794583
12.5096,-0.507035,-0.254658,-0.340642,838876004,1.254,-0.314957,-0.696394,1.26291,-0.317669,-0.675848,1.25615,-0.338544,-0.675848,1.24729,-0.335674,-0.696394,1.45301,-0.375646,-0.794583,1.46333,-0.378789,-0.770768,1.45545,-0.40312,-0.770768,1.44518,-0.399794,-0.794583
0.99448,-0.507457,-0.237312,-1.76499,838876005,1.25796,-0.292829,-0.696394,1.26691,-0.295388,-0.675848,1.26088,-0.316486,-0.675848,1.25197,-0.313769,-0.696394,1.45797,-0.349998,-0.794583,1.46834,-0.352963,-0.770768,1.46131,-0.377554,-0.770768,1.45099,-0.374404,-0.794583
0.199921,-0.507057,-0.220142,-6.99184,838876006,1.26406,-0.271482,-0.696394,1.27306,-0.273882,-0.675848,1.26703,-0.29498,-0.675848,1.25808,-0.292422,-0.696394,1.46506,-0.325184,-0.794583,1.47549,-0.327965,-0.770768,1.46846,-0.352556,-0.770768,1.45809,-0.34959,-0.794583
0.0639251,-0.507482,-0.202796,25.3056,838876007,1.26724,-0.24923,-0.696394,1.27628,-0.251474,-0.675848,1.27099,-0.27277,-0.675848,1.26199,-0.270366,-0.696394,1.46913,-0.299379,-0.794583,1.4796,-0.30198,-0.770768,1.47343,-0.326801,-0.770768,1.46301,-0.324014,-0.794583
-0.035175,-0.507086,-0.185624,-1.5536,838876008,1.27259,-0.227683,-0.696394,1.28167,-0.229767,-0.675848,1.27638,-0.251063,-0.675848,1.26734,-0.248819,-0.696394,1.47535,-0.274332,-0.794583,1.48587,-0.276747,-0.770768,1.4797,-0.301568,-0.770768,1.46923,-0.298967,-0.794583
0.0730281,-0.52472,-0.164365,-2.51975,838876161,1.27588,-0.200335,-0.721761,1.2853,-0.202331,-0.701362,1.28075,-0.223797,-0.701362,1.27137,-0.22164,-0.721761,1.47786,-0.243133,-0.823177,1.48878,-0.245446,-0.799532,1.48348,-0.270466,-0.799532,1.4726,-0.267965,-0.823177
0.0673916,-0.524282,-0.147199,-3.65035,838876162,1.28049,-0.178615,-0.721761,1.28994,-0.180449,-0.701362,1.28539,-0.201916,-0.701362,1.27597,-0.19992,-0.721761,1.48321,-0.217886,-0.823177,1.49417,-0.220012,-0.799532,1.48887,-0.245031,-0.799532,1.47795,-0.242718,-0.823177
0.0162186,-0.524691,-0.129848,-4.30823,838876163,1.28211,-0.156196,-0.721761,1.29159,-0.157861,-0.701362,1.2878,-0.179473,-0.701362,1.27834,-0.177645,-0.721761,1.48546,-0.191913,-0.823177,1.49646,-0.193844,-0.799532,1.49203,-0.219033,-0.799532,1.48107,-0.216914,-0.823176
0.126407,-0.524643,-0.0263051,-24.337,838876169,1.2915,-0.0228511,-0.721761,1.30111,-0.0235156,-0.701362,1.29959,-0.0454063,-0.701362,1.29,-0.044577,-0.721761,1.49748,-0.0371008,-0.823177,1.50861,-0.037871,-0.799532,1.50684,-0.0633853,-0.799532,1.49572,-0.062424,-0.823177
0.662563,-0.524297,0.163434,-0.512963,838876180,1.27372,0.221301,-0.721761,1.28328,0.22248,-0.701362,1.28559,0.200659,-0.701362,1.27602,0.199644,-0.721761,1.47865,0.246647,-0.823177,1.48973,0.248014,-0.799532,1.49243,0.222581,-0.799532,1.48133,0.221405,-0.823177
0.133047,-0.52472,0.184701,-0.88454,838876181,1.26746,0.248125,-0.721761,1.27699,0.249471,-0.701362,1.28006,0.227743,-0.701362,1.2705,0.226561,-0.721761,1.47189,0.276989,-0.823177,1.48295,0.27855,-0.799532,1.48652,0.253225,-0.799532,1.47544,0.251855,-0.823177
0.104281,-0.524282,0.201866,30.5801,838876182,1.26435,0.270109,-0.721761,1.27386,0.271618,-0.701362,1.27693,0.249891,-0.701362,1.2674,0.248545,-0.721761,1.46829,0.302544,-0.823177,1.47931,0.304294,-0.799532,1.48289,0.278969,-0.799532,1.47184,0.277409,-0.823177
0.117509,-0.524229,-0.638245,9.9552,838876494,1.04504,-0.761398,-0.721761,1.05253,-0.767454,-0.701362,1.03844,-0.784274,-0.701362,1.03106,-0.778092,-0.721761,1.20563,-0.891221,-0.823177,1.2143,-0.898241,-0.799532,1.19788,-0.917846,-0.799532,1.18933,-0.910679,-0.823177
0.114401,-0.524647,-0.306345,-43.288,838876513,1.23486,-0.378923,-0.721761,1.24391,-0.382208,-0.701362,1.23642,-0.402834,-0.701362,1.22742,-0.399393,-0.721761,1.42893,-0.449384,-0.823177,1.43942,-0.453192,-0.799532,1.43069,-0.477232,-0.799532,1.42026,-0.473244,-0.823177
0.195771,-0.524659,-0.271832,3.69162,838876515,1.24716,-0.336078,-0.721761,1.25632,-0.339045,-0.701362,1.24956,-0.35992,-0.701362,1.24045,-0.356795,-0.721761,1.44357,-0.399718,-0.823177,1.45419,-0.403158,-0.799532,1.44631,-0.427488,-0.799532,1.43575,-0.423866,-0.823177
0.670175,-0.524245,-0.254665,0.113555,838876516,1.254,-0.314957,-0.721761,1.26321,-0.317767,-0.701362,1.25645,-0.338642,-0.701362,1.24729,-0.335674,-0.721761,1.45153,-0.375167,-0.823177,1.4622,-0.378424,-0.799532,1.45432,-0.402754,-0.799532,1.4437,-0.399315,-0.823177
0.892214,-0.524678,-0.237317,-1.85921,838876517,1.25796,-0.292829,-0.721761,1.26722,-0.295475,-0.701362,1.26119,-0.316573,-0.701362,1.25197,-0.313769,-0.721761,1.45647,-0.349571,-0.823177,1.4672,-0.352638,-0.799532,1.46018,-0.377228,-0.799532,1.4495,-0.373977,-0.823177
0.331436,-0.524267,-0.220149,-0.670415,838876518,1.26406,-0.271482,-0.721761,1.27336,-0.273969,-0.701362,1.26733,-0.295068,-0.701362,1.25808,-0.292422,-0.721761,1.46357,-0.324757,-0.823177,1.47435,-0.32764,-0.799532,1.46732,-0.35223,-0.799532,1.45659,-0.349163,-0.823177
0.0882822,-0.524704,-0.202801,-86.4359,838876519,1.26724,-0.24923,-0.721761,1.27659,-0.251551,-0.701362,1.2713,-0.272847,-0.701362,1.26199,-0.270366,-0.721761,1.46762,-0.299004,-0.823177,1.47845,-0.301694,-0.799532,1.47228,-0.326515,-0.799532,1.4615,-0.323639,-0.823177
0.121041,-0.524297,-0.185632,-15.3195,838876520,1.27259,-0.227683,-0.721761,1.28198,-0.229844,-0.701362,1.27669,-0.25114,-0.701362,1.26734,-0.248819,-0.721761,1.47384,-0.273957,-0.823177,1.48472,-0.276462,-0.799532,1.47855,-0.301283,-0.799532,1.46772,-0.298592,-0.823177
0.0239027,-0.541915,-0.164376,-1.93602,838876673,1.27588,-0.200336,-0.747269,1.28559,-0.202392,-0.727072,1.28103,-0.223884,-0.727072,1.27137,-0.22164,-0.747269,1.47637,-0.242817,-0.851731,1.48755,-0.245186,-0.828468,1.48227,-0.270095,-0.828468,1.47114,-0.267511,-0.851731
0.00194449,-0.541465,-0.147201,-69.9256,838876674,1.28049,-0.178614,-0.747269,1.29023,-0.180484,-0.727072,1.28568,-0.201975,-0.727072,1.27597,-0.199919,-0.747269,1.48169,-0.217706,-0.851731,1.49291,-0.219859,-0.828468,1.48764,-0.244769,-0.828468,1.47646,-0.2424,-0.851731
0.0210139,-0.541885,-0.129859,-2.47717,838876675,1.28211,-0.156197,-0.747269,1.29188,-0.157913,-0.727072,1.28808,-0.17955,-0.727072,1.27834,-0.177646,-0.747269,1.48396,-0.19165,-0.851731,1.49521,-0.193626,-0.828468,1.49081,-0.218705,-0.828468,1.47959,-0.216512,-0.851731
0.406706,-0.541915,0.18469,-1.76724,838876693,1.26746,0.248124,-0.747269,1.27728,0.249511,-0.727072,1.28035,0.227758,-0.727072,1.2705,0.22656,-0.747269,1.47038,0.276775,-0.851731,1.4817,0.278372,-0.828468,1.48526,0.25316,-0.828468,1.47391,0.25178,-0.851731
0.135966,-0.541899,-0.551877,19.8821,838877011,1.10558,-0.667623,-0.747269,1.1138,-0.673163,-0.727072,1.10154,-0.691386,-0.727072,1.09341,-0.685688,-0.747269,1.27558,-0.782074,-0.851731,1.28505,-0.788455,-0.828468,1.27083,-0.809577,-0.828468,1.26148,-0.803014,-0.851731
0.127816,-0.541885,-0.478924,29.5259,838877015,1.15137,-0.585285,-0.747269,1.15996,-0.590239,-0.727072,1.14899,-0.609272,-0.727072,1.14049,-0.604152,-0.747269,1.32892,-0.687636,-0.851731,1.33882,-0.693342,-0.828468,1.3261,-0.715402,-0.828468,1.31631,-0.709505,-0.851731
0.139865,-0.541852,-0.271842,36.3045,838877027,1.24716,-0.336079,-0.747269,1.2566,-0.339136,-0.727072,1.24982,-0.360035,-0.727072,1.24045,-0.356796,-0.747269,1.44212,-0.399248,-0.851731,1.45299,-0.40277,-0.828468,1.44514,-0.426993,-0.828468,1.43434,-0.423262,-0.851731
0.663021,-0.541427,-0.254666,-0.245753,838877028,1.254,-0.314956,-0.747269,1.2635,-0.317832,-0.727072,1.25673,-0.338731,-0.727072,1.24729,-0.335673,-0.747269,1.45003,-0.374829,-0.851731,1.46097,-0.378142,-0.828468,1.45312,-0.402365,-0.828468,1.44225,-0.398843,-0.851731
15.4788,-0.541872,-0.237327,-0.384124,838877029,1.25796,-0.29283,-0.747269,1.2675,-0.295556,-0.727072,1.26146,-0.316679,-0.727072,1.25197,-0.313769,-0.747269,1.45501,-0.349152,-0.851731,1.46599,-0.352292,-0.828468,1.45899,-0.376774,-0.828468,1.44807,-0.373423,-0.851731
0.788024,-0.54145,-0.22015,0.786569,838877030,1.26406,-0.271482,-0.747269,1.27365,-0.274024,-0.727072,1.26761,-0.295147,-0.727072,1.25808,-0.292421,-0.747269,1.46206,-0.324472,-0.851731,1.47311,-0.3274,-0.828468,1.46611,-0.351883,-0.828468,1.45512,-0.348743,-0.851731
0.108275,-0.541899,-0.202811,5.07006,838877031,1.26724,-0.249231,-0.747269,1.27687,-0.251623,-0.727072,1.27157,-0.272943,-0.727072,1.26199,-0.270367,-0.747269,1.46614,-0.298637,-0.851731,1.47722,-0.301391,-0.828468,1.47109,-0.326103,-0.828468,1.46005,-0.323135,-0.851731
0.0727907,-0.54148,-0.185632,-28.1292,838877032,1.27259,-0.227682,-0.747269,1.28227,-0.229888,-0.727072,1.27697,-0.251209,-0.727072,1.26734,-0.248818,-0.747269,1.47232,-0.273725,-0.851731,1.48346,-0.276266,-0.828468,1.47733,-0.300978,-0.828468,1.46624,-0.298223,-0.851731
0.02864,-0.559062,-0.164381,-2.82034,838877185,1.27588,-0.200336,-0.772956,1.28588,-0.202454,-0.752908,1.28133,-0.223945,-0.752908,1.27137,-0.22164,-0.772956,1.47483,-0.242492,-0.880443,1.48635,-0.244931,-0.857352,1.48107,-0.269841,-0.857352,1.4696,-0.267186,-0.880443
0.0488464,-0.5586,-0.147208,-2.80949,838877186,1.28049,-0.178614,-0.772956,1.29052,-0.180545,-0.752908,1.28597,-0.202037,-0.752908,1.27597,-0.199919,-0.772956,1.48015,-0.217381,-0.880443,1.49171,-0.219605,-0.857352,1.48644,-0.244515,-0.857352,1.47492,-0.242075,-0.880443
0.0478163,-0.559031,-0.129864,-2.68508,838877187,1.28211,-0.156197,-0.772956,1.29218,-0.157964,-0.752908,1.28838,-0.179602,-0.752908,1.27834,-0.177646,-0.772956,1.48241,-0.191378,-0.880443,1.494,-0.193414,-0.857352,1.4896,-0.218493,-0.857352,1.47805,-0.21624,-0.880443
0.213361,-0.559062,0.184685,2.81074,838877205,1.26746,0.248124,-0.772956,1.27758,0.249553,-0.752908,1.28065,0.227799,-0.752908,1.2705,0.22656,-0.772956,1.46883,0.276555,-0.880443,1.48048,0.278201,-0.857352,1.48404,0.252988,-0.857352,1.47236,0.251561,-0.880443
0.0980438,-0.558997,-0.271847,5.24451,838877539,1.24716,-0.336079,-0.772956,1.25688,-0.339228,-0.752908,1.25011,-0.360127,-0.752908,1.24045,-0.356796,-0.772956,1.44063,-0.398764,-0.880443,1.45182,-0.402392,-0.857352,1.44397,-0.426615,-0.857352,1.43284,-0.422778,-0.880443
0.209607,-0.558561,-0.254673,-10.6421,838877540,1.254,-0.314956,-0.772956,1.26378,-0.317924,-0.752908,1.25701,-0.338823,-0.752908,1.24729,-0.335673,-0.772956,1.44854,-0.374345,-0.880443,1.4598,-0.377764,-0.857352,1.45195,-0.401987,-0.857352,1.44076,-0.398359,-0.880443
0.388544,-0.559017,-0.237332,-8.00544,838877541,1.25796,-0.29283,-0.772956,1.26778,-0.295638,-0.752908,1.26175,-0.316761,-0.752908,1.25197,-0.313769,-0.772956,1.4535,-0.348721,-0.880443,1.46481,-0.351955,-0.857352,1.45781,-0.376437,-0.857352,1.44656,-0.372991,-0.880443
0.270152,-0.558585,-0.220157,5.73564,838877542,1.26406,-0.271482,-0.772956,1.27394,-0.274106,-0.752908,1.2679,-0.295229,-0.752908,1.25808,-0.292421,-0.772956,1.46055,-0.32404,-0.880443,1.47193,-0.327063,-0.857352,1.46493,-0.351545,-0.857352,1.45361,-0.348311,-0.880443
0.0584383,-0.559045,-0.202816,-1.57609,838877543,1.26724,-0.249231,-0.772956,1.27716,-0.251694,-0.752908,1.27186,-0.273015,-0.752908,1.26199,-0.270367,-0.772956,1.46461,-0.298258,-0.880443,1.47603,-0.301095,-0.857352,1.46989,-0.325807,-0.857352,1.45853,-0.322756,-0.880443
0.0285409,-0.558616,-0.185639,-0.9556,838877544,1.27259,-0.227682,-0.772956,1.28256,-0.22996,-0.752908,1.27726,-0.251281,-0.752908,1.26734,-0.248818,-0.772956,1.4708,-0.273347,-0.880443,1.48227,-0.27597,-0.857352,1.47614,-0.300682,-0.857352,1.46471,-0.297845,-0.880443
0.0743006,-0.576189,-0.164386,-36.7843,838877697,1.27588,-0.200336,-0.798841,1.28617,-0.202515,-0.778947,1.28162,-0.224007,-0.778947,1.27137,-0.221641,-0.798841,1.47325,-0.242157,-0.909329,1.4851,-0.244667,-0.886415,1.47982,-0.269577,-0.886414,1.46802,-0.266851,-0.909329
0.0358339,-0.575715,-0.147215,-3.65317,838877698,1.28049,-0.178614,-0.798841,1.29081,-0.180607,-0.778947,1.28626,-0.202098,-0.778947,1.27597,-0.199919,-0.798841,1.47858,-0.217046,-0.909329,1.49047,-0.219341,-0.886414,1.48519,-0.24425,-0.886414,1.47334,-0.24174,-0.909329
-0.000222355,-0.576157,-0.129869,-3.25763,838877699,1.28211,-0.156197,-0.798841,1.29247,-0.158015,-0.778947,1.28867,-0.179653,-0.778947,1.27834,-0.177646,-0.798841,1.48082,-0.191099,-0.909329,1.49275,-0.193194,-0.886414,1.48834,-0.218273,-0.886414,1.47646,-0.215961,-0.909329
0.104096,-0.575667,-0.0781828,-10.9515,838877702,1.28987,-0.0898771,-0.798841,1.30031,-0.0911439,-0.778947,1.29727,-0.112901,-0.778947,1.28685,-0.111445,-0.798841,1.49016,-0.114387,-0.909329,1.50218,-0.115846,-0.886414,1.49865,-0.141063,-0.886414,1.48666,-0.139386,-0.909329
-0.0474784,-0.576123,-0.271851,-2.99007,838878051,1.24716,-0.336079,-0.798841,1.25716,-0.339319,-0.778947,1.25039,-0.360219,-0.778947,1.24045,-0.356796,-0.798841,1.43909,-0.398266,-0.909329,1.45061,-0.401999,-0.886414,1.44276,-0.426222,-0.886414,1.43131,-0.42228,-0.909329
0.0623885,-0.575675,-0.254679,-25.3999,838878052,1.254,-0.314956,-0.798841,1.26406,-0.318015,-0.778947,1.25729,-0.338914,-0.778947,1.24729,-0.335673,-0.798841,1.447,-0.373848,-0.909329,1.45859,-0.377371,-0.886415,1.45074,-0.401594,-0.886414,1.43922,-0.397861,-0.909329
0.0341793,-0.576143,-0.237337,-2.55111,838878053,1.25796,-0.29283,-0.798841,1.26807,-0.29572,-0.778947,1.26203,-0.316843,-0.778947,1.25197,-0.31377,-0.798841,1.45194,-0.348277,-0.909329,1.46359,-0.351605,-0.886414,1.45659,-0.376087,-0.886414,1.44501,-0.372548,-0.909329
0.0881332,-0.5757,-0.220163,-2.17718,838878054,1.26406,-0.271482,-0.798841,1.27422,-0.274187,-0.778947,1.26819,-0.29531,-0.778947,1.25808,-0.292421,-0.798841,1.459,-0.323597,-0.909329,1.4707,-0.326713,-0.886414,1.4637,-0.351195,-0.886414,1.45206,-0.347867,-0.909329
-0.0201806,-0.576172,-0.20282,-2.36638,838878055,1.26724,-0.249231,-0.798841,1.27745,-0.251766,-0.778947,1.27215,-0.273087,-0.778947,1.26199,-0.270367,-0.798841,1.46304,-0.297869,-0.909329,1.4748,-0.300788,-0.886414,1.46866,-0.3255,-0.886414,1.45696,-0.322367,-0.909329
-0.0383507,-0.575732,-0.185646,-2.94682,838878056,1.27259,-0.227682,-0.798841,1.28284,-0.230031,-0.778947,1.27755,-0.251352,-0.778947,1.26734,-0.248818,-0.798841,1.46923,-0.272957,-0.909329,1.48104,-0.275663,-0.886414,1.4749,-0.300375,-0.886414,1.46315,-0.297455,-0.909329
0.118234,-0.593298,-0.164391,24.2133,838878209,1.27588,-0.200336,-0.824932,1.28646,-0.202576,-0.805196,1.2819,-0.224068,-0.805196,1.27137,-0.22164,-0.824932,1.47163,-0.241813,-0.938397,1.48381,-0.244393,-0.915665,1.47853,-0.269303,-0.915665,1.4664,-0.266507,-0.938397
0.18804,-0.593213,-0.0263303,9.19681,838878217,1.2915,-0.022852,-0.824932,1.30228,-0.023598,-0.805196,1.30077,-0.0455144,-0.805196,1.29,-0.0445779,-0.824932,1.49112,-0.036662,-0.938397,1.50354,-0.0375211,-0.915665,1.50178,-0.0629231,-0.915665,1.48938,-0.0618445,-0.938397
0.168505,-0.592744,-0.00916191,5.50956,838878218,1.29303,-0.000701237,-0.824932,1.30383,-0.00125669,-0.805196,1.30231,-0.0231731,-0.805196,1.29153,-0.0224271,-0.824932,1.49289,-0.0110545,-0.938397,1.50532,-0.0116943,-0.915665,1.50357,-0.0370963,-0.915665,1.49115,-0.036237,-0.938397
0.145314,-0.592745,-0.323714,-5.72586,838878560,1.22937,-0.400719,-0.824932,1.23946,-0.404583,-0.805196,1.23125,-0.424958,-0.805196,1.22122,-0.420917,-0.824932,1.41624,-0.472319,-0.938397,1.42787,-0.47677,-0.915665,1.41835,-0.500386,-0.915665,1.4068,-0.495731,-0.938397
0.303971,-0.609823,-0.00916862,-0.239547,838878730,1.29303,-0.000701249,-0.851239,1.30412,-0.00127677,-0.831665,1.3026,-0.0231932,-0.831665,1.29153,-0.0224271,-0.851239,1.49119,-0.010937,-0.967656,1.50396,-0.0115999,-0.945111,1.5022,-0.0370019,-0.945111,1.48945,-0.0361195,-0.967656
0.307592,-0.609865,-0.810843,5.90203,838879044,0.898753,-0.929496,-0.851239,0.906039,-0.93787,-0.831665,0.889219,-0.952002,-0.831665,0.88208,-0.943505,-0.851239,1.02903,-1.07916,-0.967656,1.03742,-1.0888,-0.945111,1.01793,-1.10518,-0.945111,1.0097,-1.0954,-0.967656
0.0982559,-0.609825,-0.323721,34.4508,838879072,1.22937,-0.400719,-0.851239,1.23973,-0.404692,-0.831665,1.23152,-0.425067,-0.831665,1.22122,-0.420917,-0.851239,1.41466,-0.471683,-0.967656,1.4266,-0.476258,-0.945111,1.41708,-0.499874,-0.945111,1.40522,-0.495095,-0.967656
0.144617,-0.626984,-0.810846,2.62492,838879556,0.898754,-0.929495,-0.877931,0.906286,-0.938123,-0.858414,0.889447,-0.952272,-0.858414,0.88208,-0.943504,-0.877931,1.02784,-1.07798,-0.997136,1.03646,-1.08785,-0.974811,1.01706,-1.10415,-0.974811,1.00863,-1.09412,-0.997136
0.0951369,-0.644592,-0.0608646,-2.65914,838879751,1.28993,-0.0674016,-0.904837,1.30159,-0.0686189,-0.885485,1.2993,-0.090494,-0.885484,1.28766,-0.0890617,-0.904837,1.48389,-0.0876483,-1.02681,1.49723,-0.0890407,-1.00467,1.4946,-0.114242,-1.00467,1.48129,-0.112603,-1.02681
0.139275,-0.661803,-0.164417,13.7798,838880257,1.27588,-0.200337,-0.931978,1.28762,-0.202824,-0.912793,1.28306,-0.22434,-0.912793,1.27137,-0.221642,-0.931978,1.46497,-0.240402,-1.05669,1.47839,-0.243247,-1.03475,1.47314,-0.268034,-1.03475,1.45976,-0.264947,-1.05669
0.161454,-0.661202,-0.323736,-0.35251,838880608,1.22937,-0.400718,-0.931978,1.24057,-0.405004,-0.912793,1.23235,-0.425402,-0.912793,1.22122,-0.420916,-0.931978,1.40987,-0.469912,-1.05669,1.42269,-0.474814,-1.03475,1.41321,-0.498314,-1.03475,1.40048,-0.493183,-1.05669
0.116051,-0.695446,0.128863,15.9279,838881298,1.28068,0.177226,-0.987001,1.29317,0.178327,-0.968162,1.29472,0.156388,-0.968162,1.28222,0.155503,-0.987001,1.46965,0.193923,-1.11712,1.48394,0.195182,-1.09557,1.48573,0.169907,-1.09557,1.47143,0.168894,-1.11712
0.125488,-0.695946,-0.793524,23.5442,838881605,0.913834,-0.912831,-0.987001,0.922228,-0.922141,-0.968162,0.905894,-0.936869,-0.968162,0.89766,-0.927414,-0.987001,1.04085,-1.0537,-1.11712,1.05045,-1.06435,-1.09557,1.03164,-1.08132,-1.09557,1.02222,-1.07051,-1.11712
0.161127,-0.695408,-0.776356,-25.4513,838881606,0.930326,-0.897961,-0.987001,0.938881,-0.907126,-0.968162,0.922546,-0.921854,-0.968162,0.914152,-0.912545,-0.987001,1.0598,-1.03662,-1.11712,1.06959,-1.0471,-1.09557,1.05077,-1.06407,-1.09557,1.04117,-1.05342,-1.11712
0.134467,-0.71253,-0.638303,-19.2378,838882126,1.04505,-0.761395,-1.0151,1.05508,-0.769486,-0.996316,1.04094,-0.786363,-0.996316,1.03106,-0.778089,-1.0151,1.19112,-0.879656,-1.14775,1.20251,-0.888844,-1.12642,1.18633,-0.908163,-1.12642,1.17511,-0.898767,-1.14775
0.151439,-0.747475,0.18462,1.77391,838882837,1.26746,0.248122,-1.07207,1.28071,0.249993,-1.05364,1.28379,0.228192,-1.05364,1.2705,0.226558,-1.07207,1.44995,0.273888,-1.20971,1.465,0.276012,-1.18877,1.46852,0.251056,-1.18877,1.45343,0.249201,-1.20971
0.44348,-0.746899,0.201794,1.03289,838882838,1.26435,0.270112,-1.07207,1.27757,0.27222,-1.05364,1.28065,0.250419,-1.05364,1.2674,0.248548,-1.07207,1.4464,0.299,-1.20971,1.46141,0.301394,-1.18878,1.46494,0.276438,-1.18878,1.44989,0.274313,-1.20971
0.237693,-0.747436,0.219138,6.26649,838882839,1.25821,0.291729,-1.07207,1.27139,0.294062,-1.05364,1.27523,0.272382,-1.05364,1.26201,0.270285,-1.07207,1.43969,0.323853,-1.20971,1.45466,0.326502,-1.18877,1.45905,0.301684,-1.18877,1.44404,0.299303,-1.20971
0.217931,-0.747407,-0.444478,-30.1555,838883161,1.17093,-0.545232,-1.07207,1.18275,-0.551507,-1.05364,1.17243,-0.570954,-1.05364,1.16072,-0.564468,-1.07207,1.33372,-0.631643,-1.20971,1.34714,-0.638769,-1.18878,1.33532,-0.66103,-1.18877,1.32203,-0.653664,-1.20971
0.125103,-0.781628,-0.409971,9.69664,838884187,1.18908,-0.504518,-1.13017,1.20155,-0.51059,-1.11211,1.19192,-0.530386,-1.11211,1.17955,-0.524099,-1.13017,1.35141,-0.583549,-1.2727,1.36557,-0.590444,-1.25218,1.35454,-0.613105,-1.25218,1.3405,-0.605965,-1.2727
0.375249,-0.803979,0.533665,46.2613,838884393,1.10616,0.666654,-1.16882,1.11876,0.673362,-1.15074,1.12911,0.653908,-1.15074,1.1164,0.647431,-1.16882,1.26391,0.750658,-1.31362,1.2781,0.758219,-1.29324,1.28988,0.736098,-1.29324,1.27555,0.728797,-1.31362
0.448433,-0.803877,2.83515,-49.7304,838884525,-1.23486,0.378926,-1.16882,-1.24827,0.383797,-1.15074,-1.24075,0.404514,-1.15074,-1.22742,0.399397,-1.16882,-1.40284,0.439919,-1.31362,-1.41797,0.445409,-1.29324,-1.40941,0.468967,-1.29324,-1.39439,0.463199,-1.31362
0.141137,-0.821125,-0.586482,5.66564,838885201,1.08194,-0.705421,-1.19895,1.09368,-0.713933,-1.18106,1.08074,-0.731775,-1.18106,1.06915,-0.72305,-1.19895,1.22511,-0.809258,-1.34602,1.23835,-0.818854,-1.32584,1.22363,-0.839143,-1.32584,1.21057,-0.829307,-1.34602
0.18842,-0.82059,-0.534784,-6.34255,838885204,1.11798,-0.649202,-1.19895,1.13015,-0.657082,-1.18106,1.11784,-0.675365,-1.18106,1.10582,-0.667267,-1.19895,1.26636,-0.745496,-1.34602,1.28008,-0.754379,-1.32584,1.26609,-0.775169,-1.32584,1.25253,-0.76604,-1.34602
0.170446,-0.837707,-0.461847,8.25388,838885720,1.16246,-0.566046,-1.22941,1.17535,-0.573173,-1.21169,1.16434,-0.592268,-1.21169,1.15158,-0.584913,-1.22941,1.31555,-0.650846,-1.3787,1.33008,-0.658881,-1.35874,1.31756,-0.680594,-1.35874,1.30318,-0.672303,-1.3787
0.343812,-0.854921,2.95586,44.9771,838886068,-1.2726,0.227679,-1.26018,-1.28717,0.231029,-1.24266,-1.28185,0.252419,-1.24266,-1.26735,0.248815,-1.26018,-1.44128,0.266501,-1.41169,-1.45771,0.270277,-1.39194,-1.45167,0.2946,-1.39194,-1.43531,0.290538,-1.41169
0.179388,-0.85542,-0.724546,9.92307,838886217,0.974657,-0.84767,-1.26018,0.985419,-0.858047,-1.24266,0.97012,-0.873913,-1.24266,0.95954,-0.863347,-1.26018,1.09924,-0.967802,-1.41169,1.11137,-0.9795,-1.39194,1.09398,-0.997541,-1.39194,1.08205,-0.985631,-1.41169
0.652375,-0.855442,-0.621004,-0.0601909,838886223,1.057,-0.742367,-1.26018,1.06879,-0.751562,-1.24266,1.05523,-0.76894,-1.24266,1.04361,-0.759539,-1.26018,1.19347,-0.848808,-1.41169,1.20676,-0.859172,-1.39194,1.19134,-0.878934,-1.39194,1.17824,-0.868337,-1.41169
0.257676,-0.854846,-0.603829,2.98718,838886224,1.07066,-0.724854,-1.26018,1.08261,-0.733842,-1.24266,1.06905,-0.75122,-1.24266,1.05727,-0.742026,-1.26018,1.20897,-0.828938,-1.41169,1.22244,-0.839069,-1.39194,1.20702,-0.858831,-1.39194,1.19373,-0.848467,-1.41169
0.107427,-0.872569,0.0426094,16.1696,838886413,1.28998,0.066271,-1.2913,1.30516,0.066283,-1.27397,1.30517,0.0442429,-1.27397,1.29,0.0444932,-1.2913,1.46112,0.0664067,-1.445,1.47822,0.0664202,-1.42546,1.47824,0.0413577,-1.42546,1.46113,0.0416398,-1.445
0.198825,-0.8726,1.99895,-22.7263,838886525,-0.546515,1.17033,-1.2913,-0.552208,1.18439,-1.27397,-0.531778,1.19266,-1.27397,-0.526328,1.1785,-1.2913,-0.610731,1.32896,-1.445,-0.617148,1.34481,-1.42546,-0.593917,1.35421,-1.42546,-0.587774,1.33825,-1.445
0.187845,-0.872652,-0.551975,7.37254,838886739,1.10557,-0.667626,-1.2913,1.11816,-0.676099,-1.27397,1.10585,-0.694381,-1.27397,1.09341,-0.685691,-1.2913,1.24753,-0.763197,-1.445,1.26172,-0.772748,-1.42546,1.24772,-0.793538,-1.42546,1.2337,-0.783742,-1.445
1.02089,-0.906292,-3.0473,39.6863,838887620,-1.2861,-0.132937,-1.3548,-1.30172,-0.133776,-1.3378,-1.3025,-0.111732,-1.3378,-1.28688,-0.111173,-1.3548,-1.45331,-0.141739,-1.51253,-1.47078,-0.142678,-1.4935,-1.47167,-0.117778,-1.4935,-1.45419,-0.117153,-1.51253
0.172284,-0.941242,-0.164501,-0.116462,838888449,1.27588,-0.20034,-1.41968,1.29157,-0.203664,-1.40306,1.287,-0.225244,-1.40306,1.27137,-0.221645,-1.41968,1.43594,-0.234255,-1.58135,1.4535,-0.237975,-1.56275,1.44833,-0.26235,-1.56275,1.43084,-0.258322,-1.58135
0.320255,-0.958212,-0.340992,5.30337,838889311,1.22106,-0.421316,-1.45268,1.23612,-0.427386,-1.43625,1.22787,-0.447845,-1.43625,1.21292,-0.441515,-1.45268,1.37101,-0.481765,-1.6163,1.38786,-0.488557,-1.59791,1.37854,-0.511666,-1.59791,1.36181,-0.504582,-1.6163
0.11939,-0.958308,-0.20293,18.1551,838889319,1.26724,-0.249235,-1.45268,1.283,-0.253149,-1.43625,1.27768,-0.274557,-1.43625,1.26199,-0.270371,-1.45268,1.42414,-0.288211,-1.6163,1.44178,-0.29259,-1.59791,1.43577,-0.316771,-1.59791,1.41821,-0.312087,-1.6163
0.192972,-0.991915,1.87412,43.0473,838890102,-0.396926,1.23045,-1.52031,-0.401274,1.24659,-1.50416,-0.379857,1.25195,-1.50416,-0.3758,1.23574,-1.52031,-0.437855,1.38306,-1.68749,-0.442684,1.40099,-1.66955,-0.418655,1.407,-1.66955,-0.414148,1.38899,-1.68749
0.212081,-1.02685,1.89145,50.0936,838891127,-0.417775,1.22208,-1.58952,-0.422495,1.23849,-1.57374,-0.401279,1.24459,-1.57374,-0.396846,1.2281,-1.58952,-0.460409,1.37028,-1.76019,-0.465652,1.3885,-1.74266,-0.441848,1.39535,-1.74266,-0.436924,1.37703,-1.76019
0.266883,-1.02675,-2.08634,52.4941,838891259,-0.626952,-1.12935,-1.58952,-0.635988,-1.14384,-1.57374,-0.654718,-1.13215,-1.57374,-0.645429,-1.11782,-1.58952,-0.708568,-1.26019,-1.76019,-0.718605,-1.27628,-1.74266,-0.739621,-1.26317,-1.74266,-0.729303,-1.24725,-1.76019
0.272255,-1.04394,1.89144,41.8856,838891639,-0.417775,1.22208,-1.62476,-0.422544,1.23866,-1.60917,-0.401328,1.24476,-1.60917,-0.396846,1.2281,-1.62476,-0.45988,1.36844,-1.79714,-0.465177,1.38685,-1.77982,-0.441372,1.3937,-1.77982,-0.436394,1.37519,-1.79714
0.16041,-1.07824,1.96438,51.2013,838892667,-0.50578,1.18844,-1.6971,-0.511849,1.20508,-1.68178,-0.491093,1.21265,-1.68178,-0.48532,1.1959,-1.6971,-0.556718,1.32811,-1.87262,-0.56341,1.34646,-1.85572,-0.540276,1.35489,-1.85572,-0.53391,1.33642,-1.87262
0.22239,-1.09462,1.0379,22.0887,838893126,0.647119,1.11945,-1.73393,0.656841,1.13445,-1.71879,0.675166,1.12211,-1.71879,0.665183,1.10729,-1.73393,0.727059,1.24263,-1.91098,0.737779,1.25918,-1.89429,0.758204,1.24542,-1.89429,0.747196,1.22907,-1.91098
0.162609,-1.09532,-2.46994,47.0385,838893285,-1.00404,-0.812651,-1.73393,-1.01849,-0.823167,-1.71879,-1.03149,-0.805303,-1.71879,-1.01685,-0.795042,-1.73393,-1.12276,-0.89904,-1.91098,-1.1387,-0.910636,-1.89429,-1.15319,-0.890724,-1.89429,-1.13704,-0.879409,-1.91098
0.283062,-1.15196,-0.759136,25.9859,838894919,0.944811,-0.880785,-1.8594,0.957689,-0.894102,-1.84468,0.941796,-0.909471,-1.84468,0.929156,-0.895925,-1.8594,1.04307,-0.982386,-2.04086,1.05717,-0.996968,-2.02474,1.03957,-1.01399,-2.02474,1.02573,-0.999155,-2.04086
0.449244,-1.15123,-0.707439,-10.5357,838894922,0.990077,-0.831679,-1.8594,1.00364,-0.844299,-1.84468,0.988295,-0.860214,-1.84468,0.97496,-0.847355,-1.8594,1.09345,-0.928099,-2.04086,1.1083,-0.941918,-2.02474,1.09131,-0.959543,-2.02474,1.0767,-0.945463,-2.04086
0.223679,-1.1684,0.0597197,48.0769,838895118,1.28997,0.0884855,-1.89852,1.30863,0.088831,-1.88398,1.30865,0.0667225,-1.88398,1.28998,0.0667077,-1.89852,1.42953,0.0909401,-2.08135,1.44997,0.0913184,-2.06543,1.44999,0.0668346,-2.06543,1.42955,0.0668185,-2.08135
0.205841,-1.16843,0.0942356,43.7902,838895120,1.2861,0.13294,-1.89852,1.30474,0.133938,-1.88398,1.30553,0.111843,-1.88398,1.28688,0.111176,-1.89852,1.42549,0.140268,-2.08135,1.44591,0.14136,-2.06543,1.44678,0.116892,-2.06543,1.42635,0.116162,-2.08135
0.146326,-1.22055,-2.29738,43.6351,838896879,-0.849467,-0.972843,-2.01894,-0.862712,-0.986582,-2.00495,-0.878629,-0.971238,-2.00495,-0.865146,-0.957729,-2.01894,-0.942582,-1.06943,-2.20576,-0.957085,-1.08448,-2.19045,-0.974712,-1.06749,-2.19045,-0.959948,-1.05269,-2.20576
0.168395,-1.23766,-1.17725,24.4712,838897455,0.505778,-1.18844,-2.06045,0.51241,-1.20663,-2.04655,0.491627,-1.21421,-2.04655,0.485318,-1.1959,-2.06045,0.551167,-1.31289,-2.24849,0.55838,-1.33267,-2.23337,0.535508,-1.34101,-2.23337,0.528646,-1.32111,-2.24849
1.27184,-1.34043,-0.0610391,-12.0819,838900231,1.28992,-0.0674101,-2.32205,1.31005,-0.0695105,-2.30911,1.30775,-0.091525,-2.30911,1.28766,-0.0890702,-2.32205,1.41159,-0.0801096,-2.51684,1.43333,-0.0823794,-2.50285,1.43082,-0.106462,-2.50285,1.40911,-0.10381,-2.51684
0.372534,-1.34042,-2.46999,47.6504,838900453,-1.00404,-0.812648,-2.32205,-1.0204,-0.824552,-2.30911,-1.03342,-0.806655,-2.30911,-1.01686,-0.795039,-2.32205,-1.10295,-0.884622,-2.51684,-1.12063,-0.897486,-2.50285,-1.13488,-0.877907,-2.50285,-1.11697,-0.865355,-2.51684
0.292384,-1.35692,0.512307,39.1047,838900776,1.12121,0.643602,-2.36792,1.13933,0.652854,-2.35515,1.14905,0.632969,-2.35515,1.13078,0.624037,-2.36792,1.22874,0.698445,-2.56372,1.24831,0.708443,-2.54992,1.25895,0.686689,-2.54992,1.2392,0.677037,-2.56372
0.697717,-1.37389,0.0251706,49.3897,838901260,1.29228,0.0439247,-2.41441,1.31273,0.0435829,-2.40181,1.31197,0.0214617,-2.40181,1.29154,0.0221596,-2.41441,1.41132,0.0419113,-2.61122,1.43342,0.041542,-2.5976,1.43259,0.0173423,-2.5976,1.41051,0.0180964,-2.61122
0.233945,-1.37466,-1.77186,-14.1886,838901517,-0.246781,-1.26791,-2.41441,-0.251713,-1.28775,-2.40181,-0.273193,-1.28241,-2.40181,-0.267916,-1.26266,-2.41441,-0.275494,-1.38344,-2.61122,-0.280823,-1.40488,-2.5976,-0.304322,-1.39904,-2.5976,-0.298619,-1.37769,-2.61122
0.204517,-1.42543,-1.5821,48.7086,838903064,-0.00322898,-1.2928,-2.55868,-0.00430444,-1.31372,-2.54647,-0.0263976,-1.31219,-2.54647,-0.024955,-1.2913,-2.55868,-0.00919176,-1.40696,-2.75827,-0.0103468,-1.42942,-2.74516,-0.0343781,-1.42776,-2.74516,-0.0328288,-1.40533,-2.75827
0.183306,-1.44327,-1.8409,49.8813,838903561,-0.333627,-1.24782,-2.60821,-0.340113,-1.26783,-2.59617,-0.36118,-1.261,-2.59617,-0.354343,-1.2411,-2.60821,-0.368394,-1.35507,-2.80869,-0.37536,-1.37656,-2.79575,-0.398275,-1.36913,-2.79575,-0.390932,-1.34776,-2.80869
0.190885,-1.44247,-0.427452,36.6434,838903642,1.18135,-0.525609,-2.60821,1.2001,-0.535147,-2.59617,1.18972,-0.554707,-2.59617,1.17114,-0.544845,-2.60821,1.28183,-0.57678,-2.80869,1.30197,-0.587023,-2.79575,1.29068,-0.6083,-2.79575,1.27072,-0.597707,-2.80869
0.367307,-1.45959,-0.427454,46.7652,838904154,1.18135,-0.525609,-2.65843,1.20018,-0.53519,-2.64655,1.1898,-0.554751,-2.64655,1.17114,-0.544845,-2.65843,1.28045,-0.576049,-2.85978,1.30068,-0.586339,-2.84702,1.28939,-0.607616,-2.84702,1.26934,-0.596976,-2.85978
0.240497,-1.45956,-0.323908,22.977,838904160,1.22937,-0.400709,-2.65843,1.2491,-0.408268,-2.64655,1.24082,-0.428807,-2.64655,1.22123,-0.420908,-2.65843,1.33321,-0.440505,-2.85978,1.3544,-0.448623,-2.84702,1.3454,-0.470964,-2.84702,1.32435,-0.46248,-2.85978
0.111564,-1.47756,1.5423,-3.21957,838904419,0.0254011,1.29127,-2.70935,0.0268626,1.31244,-2.69763,0.0489559,1.31091,-2.69763,0.0471271,1.28977,-2.70935,0.0329525,1.40063,-2.91156,0.0345222,1.42336,-2.89897,0.0585535,1.42171,-2.89897,0.0565895,1.399,-2.91156
0.187133,-1.47665,2.08504,-10.3857,838904450,-0.645919,1.12015,-2.70935,-0.655567,1.13905,-2.69763,-0.635669,1.14877,-2.69763,-0.626353,1.12971,-2.70935,-0.695768,1.2178,-2.91156,-0.706129,1.2381,-2.89897,-0.684486,1.24868,-2.89897,-0.674481,1.2282,-2.91156
0.197632,-1.47744,2.10237,-10.8445,838904451,-0.664565,1.10763,-2.70935,-0.674542,1.12636,-2.69763,-0.654997,1.13677,-2.69763,-0.645345,1.11787,-2.70935,-0.716104,1.20438,-2.91156,-0.726819,1.2245,-2.89897,-0.705558,1.23582,-2.89897,-0.695192,1.21552,-2.91156
0.172793,-1.47744,3.11505,12.586,838904509,-1.2915,0.0228626,-2.70935,-1.31267,0.024327,-2.69763,-1.31114,0.04642,-2.69763,-1.29,0.0445885,-2.70935,-1.40086,0.0304284,-2.91156,-1.4236,0.0320011,-2.89897,-1.42193,0.0560322,-2.89897,-1.39923,0.0540652,-2.91156
0.623279,-1.47744,-2.78456,1.99612,838904531,-1.20621,-0.462131,-2.70935,-1.22638,-0.468704,-2.69763,-1.23324,-0.447647,-2.69763,-1.21295,-0.441424,-2.70935,-1.31044,-0.496085,-2.91156,-1.33211,-0.503145,-2.89897,-1.33957,-0.480241,-2.89897,-1.31778,-0.473557,-2.91156
0.148465,-1.47665,-2.76737,7.67498,838904532,-1.19932,-0.483262,-2.70935,-1.21939,-0.490185,-2.69763,-1.22625,-0.469129,-2.69763,-1.20607,-0.462556,-2.70935,-1.30296,-0.519039,-2.91156,-1.32451,-0.526474,-2.89897,-1.33197,-0.50357,-2.89897,-1.3103,-0.49651,-2.91156
0.0706671,-1.47674,-1.26756,10.7614,838904618,0.396931,-1.23045,-2.70935,0.402439,-1.25094,-2.69763,0.380956,-1.25632,-2.69763,0.375805,-1.23573,-2.70935,0.425399,-1.33633,-2.91156,0.431315,-1.35834,-2.89897,0.407947,-1.36419,-2.89897,0.402414,-1.34208,-2.91156
0.372652,-1.47756,-1.25023,6.74515,838904619,0.41777,-1.22208,-2.70935,0.423637,-1.24248,-2.69763,0.402355,-1.2486,-2.69763,0.396841,-1.2281,-2.70935,0.448078,-1.32743,-2.91156,0.454379,-1.34933,-2.89897,0.431229,-1.35599,-2.89897,0.425308,-1.33398,-2.91156
0.371318,-1.47665,-0.358425,50.4758,838904670,1.21482,-0.442893,-2.70935,1.23436,-0.451174,-2.69763,1.22537,-0.471412,-2.69763,1.20598,-0.462795,-2.70935,1.31577,-0.485656,-2.91156,1.33676,-0.494548,-2.89897,1.32698,-0.516562,-2.89897,1.30615,-0.507308,-2.91156
-0.0889289,0.0117291,1.68503,-2.27954,838926955,-0.136588,1.28576,0.0269319,-0.136577,1.28576,0.00338404,-0.158038,1.282,0.00338404,-0.158038,1.282,0.0269319,-0.172344,1.513,0.028832,-0.172333,1.513,0.00338404,-0.197748,1.50855,0.00338404,-0.197748,1.50855,0.028832
0.0163222,0.0117394,1.7022,-2.29797,838926956,-0.15845,1.28193,0.0269319,-0.15845,1.28193,0.00338403,-0.179912,1.27817,0.00338405,-0.179901,1.27817,0.026932,-0.19816,1.50848,0.028832,-0.19816,1.50848,0.00338403,-0.223575,1.50402,0.00338405,-0.223564,1.50402,0.0288321
1.08047,0.0117289,1.71955,1.02671,838926957,-0.180876,1.28031,0.0269319,-0.180866,1.28031,0.00338403,-0.202182,1.27581,0.00338405,-0.202182,1.27581,0.026932,-0.224547,1.50616,0.028832,-0.224536,1.50617,0.00338403,-0.24978,1.50083,0.00338405,-0.24978,1.50083,0.0288321
0.344016,0.0117392,1.73671,1.11149,838926958,-0.202592,1.27572,0.0269319,-0.202592,1.27572,0.00338404,-0.223908,1.27121,0.00338404,-0.223898,1.27121,0.0269319,-0.250189,1.50074,0.028832,-0.250189,1.50074,0.00338405,-0.275433,1.4954,0.00338404,-0.275422,1.4954,0.028832
-0.0640211,0.0117289,1.75406,-3.14378,838926959,-0.224947,1.27332,0.0269319,-0.224937,1.27332,0.00338404,-0.246083,1.26807,0.00338404,-0.246083,1.26807,0.0269319,-0.27648,1.49751,0.028832,-0.276469,1.49751,0.00338404,-0.301511,1.49129,0.00338404,-0.301511,1.49129,0.028832
0.165774,0.0117291,-2.85282,22.1519,838927055,-1.24251,-0.357783,0.0269319,-1.24251,-0.357773,0.00338404,-1.23508,-0.378255,0.00338404,-1.23508,-0.378255,0.0269319,-1.46009,-0.432456,0.028832,-1.46009,-0.432445,0.00338404,-1.45129,-0.4567,0.00338404,-1.45129,-0.4567,0.028832
-0.305516,0.0117304,-0.900415,-2.52437,838927167,0.794706,-1.0198,0.026932,0.794698,-1.01981,0.00338405,0.810903,-1.00524,0.00338403,0.810903,-1.00524,0.0269319,0.945475,-1.19354,0.0288321,0.945467,-1.19354,0.00338405,0.964657,-1.1763,0.00338403,0.964657,-1.1763,0.028832
-0.0892316,0.0302648,1.68504,-1.90765,838927467,-0.136588,1.28576,0.0508939,-0.136611,1.28596,0.0273468,-0.158072,1.28219,0.0273468,-0.158038,1.282,0.0508939,-0.17234,1.51298,0.054686,-0.172365,1.51319,0.0292388,-0.19778,1.50873,0.0292388,-0.197744,1.50853,0.054686
0.0977236,0.0302912,1.7022,19.5225,838927468,-0.15845,1.28193,0.0508939,-0.158484,1.28212,0.0273468,-0.179945,1.27836,0.0273468,-0.179901,1.27817,0.0508939,-0.198156,1.50845,0.054686,-0.198192,1.50866,0.0292388,-0.223607,1.50421,0.0292388,-0.22356,1.504,0.054686
-0.0833031,0.0302643,1.71955,-2.43856,838927469,-0.180876,1.28031,0.0508939,-0.180906,1.2805,0.0273468,-0.202223,1.27599,0.0273468,-0.202182,1.27581,0.0508939,-0.224542,1.50614,0.054686,-0.224575,1.50635,0.0292388,-0.249819,1.50101,0.0292388,-0.249775,1.5008,0.054686
0.121228,0.0302909,1.73671,34.2747,838927470,-0.202592,1.27572,0.0508939,-0.202632,1.27591,0.0273468,-0.223949,1.2714,0.0273468,-0.223898,1.27121,0.0508939,-0.250185,1.50072,0.054686,-0.250228,1.50092,0.0292388,-0.275472,1.49558,0.0292388,-0.275418,1.49538,0.054686
0.0914415,0.0302642,1.75406,38.5355,838927471,-0.224947,1.27332,0.0508939,-0.224984,1.27351,0.0273468,-0.24613,1.26826,0.0273468,-0.246083,1.26807,0.0508939,-0.276474,1.49748,0.054686,-0.276514,1.49769,0.0292388,-0.301556,1.49147,0.0292388,-0.301505,1.49127,0.054686
0.00294689,0.0487899,1.68504,-3.52356,838927979,-0.136588,1.28576,0.0748583,-0.136644,1.28615,0.0513136,-0.158105,1.28238,0.0513136,-0.158038,1.282,0.0748583,-0.172333,1.51294,0.0805421,-0.172394,1.51336,0.0550975,-0.197809,1.5089,0.0550975,-0.197737,1.50849,0.0805421
0.0396896,0.0488323,1.70221,-3.19056,838927980,-0.15845,1.28193,0.0748583,-0.158517,1.28231,0.0513136,-0.179978,1.27855,0.0513136,-0.179901,1.27817,0.0748583,-0.198149,1.50842,0.0805421,-0.198222,1.50883,0.0550975,-0.223637,1.50437,0.0550975,-0.223553,1.50396,0.0805421
0.045897,0.048789,1.71956,-3.67417,838927981,-0.180876,1.28031,0.0748583,-0.180946,1.28069,0.0513136,-0.202263,1.27618,0.0513136,-0.202182,1.27581,0.0748583,-0.224534,1.5061,0.080542,-0.22461,1.50651,0.0550975,-0.249854,1.50117,0.0550975,-0.249767,1.50077,0.0805421
0.00058245,0.0488318,1.73672,-2.56345,838927982,-0.202592,1.27572,0.0748583,-0.202672,1.2761,0.0513136,-0.223989,1.27159,0.0513136,-0.223898,1.27121,0.0748583,-0.250177,1.50068,0.0805421,-0.250263,1.50109,0.0550975,-0.275507,1.49575,0.0550975,-0.275409,1.49534,0.0805421
0.0845821,0.0487888,1.75407,14.1401,838927983,-0.224947,1.27332,0.0748583,-0.22503,1.2737,0.0513136,-0.246177,1.26845,0.0513136,-0.246083,1.26807,0.0748583,-0.276465,1.49745,0.0805421,-0.276555,1.49785,0.0550975,-0.301597,1.49164,0.0550975,-0.301496,1.49123,0.0805421
0.115425,0.0858612,1.73672,-4.30308,838929006,-0.202592,1.27572,0.122801,-0.202752,1.27648,0.0992656,-0.224069,1.27197,0.0992656,-0.223898,1.27121,0.122801,-0.250151,1.50056,0.132267,-0.250324,1.50138,0.106832,-0.275568,1.49604,0.106832,-0.275384,1.49522,0.132267
0.03483,0.0857858,1.75408,-4.31664,838929007,-0.224947,1.27332,0.122801,-0.225124,1.27407,0.0992656,-0.24627,1.26882,0.0992656,-0.246083,1.26807,0.122801,-0.276435,1.49732,0.132267,-0.276625,1.49814,0.106833,-0.301668,1.49192,0.106832,-0.301466,1.49111,0.132267
0.743259,0.0858616,1.77124,-0.786169,838929008,-0.246489,1.26797,0.122801,-0.246676,1.26872,0.0992656,-0.267822,1.26347,0.0992656,-0.267625,1.26272,0.122801,-0.301872,1.49101,0.132267,-0.302074,1.49182,0.106833,-0.327116,1.4856,0.106832,-0.326903,1.48479,0.132267
0.126877,0.0857867,1.78859,-3.41525,838929009,-0.268747,1.26479,0.122801,-0.26895,1.26554,0.0992656,-0.2899,1.25955,0.0992656,-0.289687,1.2588,0.122801,-0.328027,1.48686,0.132267,-0.328246,1.48767,0.106832,-0.353056,1.48058,0.106832,-0.352826,1.47977,0.132267
0.0261201,0.0858631,1.80575,-3.83899,838929010,-0.290089,1.25869,0.122801,-0.290302,1.25943,0.0992656,-0.311252,1.25345,0.0992656,-0.311029,1.25271,0.122801,-0.353228,1.47966,0.132267,-0.353458,1.48046,0.106832,-0.378268,1.47338,0.106833,-0.378027,1.47257,0.132267
0.0623378,0.0857889,1.8231,-3.61295,838929011,-0.312223,1.25473,0.122801,-0.312451,1.25547,0.0992656,-0.333179,1.24876,0.0992656,-0.332941,1.24802,0.122801,-0.379222,1.4746,0.132267,-0.379469,1.4754,0.106832,-0.404016,1.46745,0.106832,-0.403758,1.46665,0.132267
0.140424,0.103821,0.236932,40.7573,838929432,1.25802,0.29255,0.14541,1.2589,0.292801,0.123253,1.25291,0.313779,0.123253,1.25204,0.313491,0.14541,1.47884,0.355612,0.158875,1.47987,0.355908,0.132711,1.47278,0.380725,0.132711,1.47176,0.380384,0.158875
0,0.103722,-1.38752,0,838929699,0.224947,-1.27332,0.14541,0.225128,-1.27421,0.123253,0.246303,-1.26895,0.123253,0.246083,-1.26807,0.14541,0.276421,-1.49715,0.158875,0.276635,-1.49821,0.132711,0.301683,-1.49199,0.132711,0.301424,-1.49094,0.158875
-1.13197e-05,0.103726,-1.31849,-1.97917,838929703,0.312222,-1.25473,0.14541,0.312466,-1.25561,0.123253,0.333221,-1.24889,0.123253,0.33294,-1.24802,0.14541,0.379196,-1.47443,0.158875,0.379484,-1.47547,0.132711,0.404037,-1.46751,0.132711,0.403705,-1.46649,0.158875
-0.00152815,0.103819,-1.30132,-3.39704,838929704,0.333339,-1.24789,0.14541,0.33362,-1.24876,0.123253,0.354376,-1.24204,0.123253,0.354057,-1.24118,0.14541,0.404103,-1.46636,0.158875,0.404435,-1.46738,0.132711,0.428988,-1.45943,0.132711,0.428612,-1.45842,0.158875
0.0272603,0.10373,-1.28398,-3.17805,838929705,0.35532,-1.24317,0.14541,0.355594,-1.24404,0.123253,0.376102,-1.23659,0.123253,0.375791,-1.23574,0.14541,0.429926,-1.46039,0.158875,0.430249,-1.46142,0.132711,0.45451,-1.45261,0.132711,0.454142,-1.4516,0.158875
0.0651657,0.103824,-1.26681,15.6995,838929706,0.376185,-1.23559,0.14541,0.376496,-1.23645,0.123253,0.397004,-1.22901,0.123253,0.396656,-1.22816,0.14541,0.454536,-1.45146,0.158875,0.454904,-1.45247,0.132711,0.479164,-1.44366,0.132711,0.478752,-1.44267,0.158875
0.0647826,0.103736,-1.24947,-2.18126,838929707,0.397988,-1.2301,0.14541,0.398292,-1.23096,0.123253,0.418527,-1.22281,0.123253,0.418187,-1.22196,0.14541,0.480135,-1.44459,0.158875,0.480494,-1.4456,0.132711,0.504432,-1.43595,0.132711,0.504029,-1.43496,0.158875
-0.0230019,0.103728,-1.14199,-1.78234,838929713,0.52767,-1.18038,0.14541,0.528062,-1.1812,0.123253,0.547337,-1.17098,0.123253,0.546909,-1.17017,0.14541,0.631749,-1.38512,0.158875,0.632212,-1.38609,0.132711,0.655013,-1.374,0.132711,0.654508,-1.37304,0.158875
0.041061,0.103724,-1.10748,-1.82497,838929715,0.568107,-1.16151,0.14541,0.568528,-1.16232,0.123253,0.587433,-1.15143,0.123253,0.586978,-1.15064,0.14541,0.679273,-1.36249,0.158875,0.67977,-1.36344,0.132711,0.702134,-1.35056,0.132711,0.701597,-1.34963,0.158875
-0.042389,0.103814,-1.09031,-2.74548,838929716,0.587341,-1.15043,0.14541,0.587796,-1.15122,0.123253,0.606702,-1.14033,0.123253,0.606212,-1.13956,0.14541,0.70196,-1.34942,0.158875,0.702497,-1.35035,0.132711,0.724862,-1.33747,0.132711,0.724284,-1.33656,0.158875
-0.0233582,0.103722,-1.07296,-1.52787,838929717,0.60786,-1.14124,0.14541,0.608309,-1.14203,0.123253,0.626823,-1.13049,0.123253,0.62634,-1.12971,0.14541,0.725978,-1.33821,0.158875,0.726508,-1.33915,0.132711,0.748409,-1.32549,0.132711,0.747839,-1.32458,0.158875
0.0154974,0.103813,-1.05579,-2.26991,838929718,0.626696,-1.12949,0.14541,0.627178,-1.13027,0.123253,0.645692,-1.11872,0.123253,0.645176,-1.11797,0.14541,0.748194,-1.32436,0.158875,0.748764,-1.32527,0.132711,0.770665,-1.31162,0.132711,0.770055,-1.31073,0.158875
0.0365637,0.103722,-1.03845,-2.24926,838929719,0.646881,-1.11959,0.14541,0.647358,-1.12037,0.123253,0.665457,-1.10819,0.123253,0.664948,-1.10743,0.14541,0.771806,-1.31232,0.158875,0.772369,-1.31324,0.132711,0.793779,-1.29883,0.132711,0.793178,-1.29793,0.158875
0.00365116,0.103814,-1.02128,-1.72653,838929720,0.665295,-1.1072,0.14541,0.665804,-1.10795,0.123253,0.683904,-1.09577,0.123253,0.683361,-1.09504,0.14541,0.793525,-1.2977,0.158875,0.794127,-1.29859,0.132711,0.815537,-1.28418,0.132711,0.814897,-1.28331,0.158875
-0.0662643,0.103723,-1.00394,-1.63562,838929721,0.685123,-1.0966,0.14541,0.685626,-1.09736,0.123253,0.703288,-1.08455,0.123253,0.702753,-1.08381,0.14541,0.816703,-1.28484,0.158875,0.817297,-1.28574,0.132711,0.838191,-1.27059,0.132711,0.837559,-1.26972,0.158875
-0.0636424,0.103815,-0.986771,-0.73257,838929722,0.703092,-1.08357,0.14541,0.703628,-1.0843,0.123253,0.72129,-1.0715,0.123253,0.720723,-1.07078,0.14541,0.837898,-1.26947,0.158875,0.83853,-1.27035,0.132711,0.859424,-1.2552,0.132711,0.858754,-1.25435,0.158875
0.0481164,0.103824,-0.917744,-1.70748,838929726,0.776096,-1.03242,0.14541,0.776682,-1.03312,0.123253,0.793407,-1.01911,0.123253,0.792791,-1.01843,0.14541,0.923551,-1.20846,0.158875,0.924243,-1.20929,0.132711,0.944028,-1.19271,0.132711,0.943301,-1.19192,0.158875
0.066527,0.103736,-0.900399,3.89216,838929727,0.794706,-1.0198,0.14541,0.795286,-1.0205,0.123253,0.811512,-1.00592,0.123253,0.810903,-1.00524,0.14541,0.945256,-1.19325,0.158875,0.945941,-1.19408,0.13271,0.965136,-1.17683,0.132711,0.964416,-1.17603,0.158875
-0.013042,0.10383,-0.883228,-2.34751,838929728,0.811214,-1.00496,0.14541,0.811824,-1.00564,0.123253,0.82805,-0.991054,0.123253,0.827411,-0.990403,0.14541,0.964727,-1.17575,0.158875,0.965447,-1.17655,0.132711,0.984642,-1.1593,0.132711,0.983887,-1.15853,0.158875
-0.0608449,0.103739,-0.861955,-2.27946,838929729,0.833261,-0.988439,0.14541,0.833865,-0.989124,0.123253,0.849576,-0.973985,0.123253,0.848943,-0.973328,0.14541,0.989733,-1.15657,0.158875,0.990447,-1.15738,0.132711,1.00903,-1.13947,0.132711,1.00828,-1.13869,0.158875
-0.0251873,0.103827,-0.84478,-2.31686,838929730,0.849245,-0.973038,0.14541,0.849878,-0.973694,0.123253,0.865588,-0.958556,0.123253,0.864927,-0.957927,0.14541,1.00859,-1.1384,0.158875,1.00933,-1.13918,0.132711,1.02792,-1.12127,0.132711,1.02714,-1.12053,0.158875
0.158837,0.121198,0.236938,54.3371,838929944,1.25802,0.29255,0.168009,1.25927,0.292906,0.145871,1.25328,0.313885,0.145871,1.25204,0.313491,0.168009,1.47858,0.355538,0.185468,1.48005,0.355959,0.159326,1.47296,0.380776,0.159326,1.4715,0.38031,0.185468
-0.0348152,0.121087,-1.31849,-2.56436,838930215,0.312222,-1.25473,0.168009,0.312584,-1.25598,0.145871,0.33334,-1.24926,0.145871,0.33294,-1.24802,0.168009,0.379113,-1.47417,0.185468,0.379541,-1.47564,0.159326,0.404094,-1.46769,0.159326,0.403622,-1.46623,0.185468
0.0627172,0.121195,-1.30132,-2.96069,838930216,0.333339,-1.24789,0.168009,0.333739,-1.24913,0.145871,0.354495,-1.24241,0.145871,0.354057,-1.24118,0.168009,0.40402,-1.4661,0.185468,0.404492,-1.46756,0.159326,0.429046,-1.45961,0.159326,0.428529,-1.45816,0.185468
1.23054,0.121091,-1.28397,-2.0199,838930217,0.35532,-1.24317,0.168009,0.355725,-1.2444,0.145871,0.376234,-1.23696,0.145871,0.375791,-1.23574,0.168009,0.429834,-1.46014,0.185468,0.430313,-1.46159,0.159326,0.454573,-1.45279,0.159326,0.454051,-1.45135,0.185468
0.372723,0.121201,-1.2668,-0.720531,838930218,0.376185,-1.23559,0.168009,0.376627,-1.23681,0.145871,0.397136,-1.22937,0.145871,0.396656,-1.22816,0.168009,0.454444,-1.4512,0.185468,0.454967,-1.45264,0.159326,0.479227,-1.44384,0.159326,0.47866,-1.44241,0.185468
-0.0558123,0.121098,-1.24946,-3.38042,838930219,0.397988,-1.2301,0.168009,0.398436,-1.23132,0.145871,0.418672,-1.22317,0.145871,0.418187,-1.22196,0.168009,0.480034,-1.44434,0.185468,0.480563,-1.44577,0.159326,0.504501,-1.43613,0.159326,0.503929,-1.43471,0.185468
-0.0842031,0.121089,-1.14198,-2.97363,838930225,0.52767,-1.18038,0.168009,0.528243,-1.18154,0.145871,0.547517,-1.17132,0.145871,0.546909,-1.17017,0.168009,0.631623,-1.38488,0.185468,0.632299,-1.38625,0.159326,0.6551,-1.37416,0.159326,0.654382,-1.37281,0.185468
-0.0231469,0.121193,-1.12481,-1.83343,838930226,0.547279,-1.16998,0.168009,0.547887,-1.17112,0.145871,0.567162,-1.1609,0.145871,0.566519,-1.15977,0.168009,0.654752,-1.37261,0.185468,0.65547,-1.37396,0.159326,0.678271,-1.36187,0.159326,0.677511,-1.36054,0.185468
0.217328,0.121085,-1.10747,-10.6355,838930227,0.568107,-1.16151,0.168009,0.56872,-1.16265,0.145871,0.587626,-1.15176,0.145871,0.586978,-1.15064,0.168009,0.679139,-1.36225,0.185468,0.679863,-1.3636,0.159326,0.702227,-1.35072,0.159326,0.701463,-1.34939,0.185468
0.0966541,0.12119,-1.0903,-0.359837,838930228,0.587341,-1.15043,0.168009,0.587989,-1.15155,0.145871,0.606894,-1.14066,0.145871,0.606212,-1.13956,0.168009,0.701826,-1.34919,0.185468,0.70259,-1.35051,0.159326,0.724955,-1.33763,0.159326,0.724149,-1.33633,0.185468
-1.48908e-05,0.121083,-1.07296,-1.6504,838930229,0.60786,-1.14124,0.168009,0.608513,-1.14236,0.145871,0.627027,-1.13082,0.145871,0.62634,-1.12971,0.168009,0.725836,-1.33798,0.185468,0.726606,-1.33931,0.159326,0.748507,-1.32565,0.159326,0.747697,-1.32435,0.185468
-0.00788015,0.121188,-1.05579,-2.78907,838930230,0.626696,-1.12949,0.168009,0.627382,-1.13059,0.145871,0.645896,-1.11905,0.145871,0.645176,-1.11797,0.168009,0.748052,-1.32413,0.185468,0.748863,-1.32543,0.159326,0.770763,-1.31178,0.159326,0.769913,-1.3105,0.185468
0.0956991,0.121082,-1.03844,-8.1329,838930231,0.646881,-1.11959,0.168009,0.647573,-1.12069,0.145871,0.665672,-1.10851,0.145871,0.664948,-1.10743,0.168009,0.771656,-1.3121,0.185468,0.772473,-1.31339,0.159326,0.793883,-1.29898,0.159326,0.793028,-1.29771,0.185468
0.00794437,0.121189,-1.02128,-1.93215,838930232,0.665295,-1.1072,0.168009,0.66602,-1.10827,0.145871,0.684119,-1.09609,0.145871,0.683361,-1.09504,0.168009,0.793375,-1.29748,0.185468,0.794231,-1.29875,0.159326,0.815641,-1.28434,0.159326,0.814747,-1.28309,0.185468
-0.0223603,0.121083,-1.00393,-2.49435,838930233,0.685123,-1.0966,0.168009,0.685852,-1.09767,0.145871,0.703515,-1.08486,0.145871,0.702753,-1.08381,0.168009,0.816545,-1.28463,0.185468,0.817406,-1.28589,0.159326,0.8383,-1.27074,0.159326,0.837401,-1.2695,0.185468
-0.0161491,0.121191,-0.986765,-2.49236,838930234,0.703092,-1.08357,0.168009,0.703854,-1.08462,0.145871,0.721517,-1.07181,0.145871,0.720723,-1.07078,0.168009,0.83774,-1.26926,0.185468,0.838639,-1.2705,0.159326,0.859533,-1.25535,0.159326,0.858596,-1.25413,0.185468
0.0784115,0.121201,-0.917738,-17.6625,838930238,0.776096,-1.03242,0.168009,0.776929,-1.03341,0.145871,0.793655,-1.0194,0.145871,0.792791,-1.01843,0.168009,0.923378,-1.20825,0.185468,0.924362,-1.20943,0.159326,0.944148,-1.19286,0.159326,0.943128,-1.19171,0.185468
0.0077685,0.121098,-0.90039,-1.87482,838930239,0.794706,-1.0198,0.168009,0.795544,-1.02079,0.145871,0.81177,-1.00621,0.145871,0.810903,-1.00524,0.168009,0.945076,-1.19305,0.185468,0.946066,-1.19422,0.159326,0.96526,-1.17697,0.159326,0.964236,-1.17583,0.185468
0.0872768,0.121208,-0.883222,42.0307,838930240,0.811214,-1.00496,0.168009,0.812081,-1.00593,0.145871,0.828307,-0.991341,0.145871,0.827411,-0.990403,0.168009,0.964548,-1.17555,0.185468,0.965572,-1.17669,0.159326,0.984766,-1.15943,0.159326,0.983707,-1.15833,0.185468
-0.00389045,0.121102,-0.861946,-2.06639,838930241,0.833261,-0.988439,0.168009,0.834133,-0.989401,0.145871,0.849844,-0.974262,0.145871,0.848943,-0.973328,0.168009,0.989547,-1.15637,0.185468,0.990576,-1.15751,0.159326,1.00916,-1.1396,0.159326,1.0081,-1.1385,0.185468
-0.143661,0.121204,-0.844774,-2.70058,838930242,0.849245,-0.973038,0.168009,0.850145,-0.973972,0.145871,0.865856,-0.958833,0.145871,0.864927,-0.957927,0.168009,1.0084,-1.13821,0.185468,1.00946,-1.13931,0.159326,1.02805,-1.1214,0.159326,1.02695,-1.12033,0.185468
0.28101,0.138446,2.27966,31.0459,838930573,-0.833261,0.988439,0.190634,-0.8344,0.989678,0.168522,-0.850111,0.97454,0.168522,-0.848943,0.973328,0.190634,-0.989312,1.15613,0.212083,-0.990656,1.15759,0.185971,-1.00924,1.13968,0.185971,-1.00786,1.13825,0.212083
0.182943,0.138552,-2.34851,38.4064,838930668,-0.914039,-0.912627,0.190634,-0.915165,-0.913876,0.168522,-0.898965,-0.92849,0.168522,-0.897868,-0.927214,0.190634,-1.06745,-1.08269,0.212083,-1.06878,-1.08417,0.185971,-1.04961,-1.10145,0.185971,-1.04832,-1.09995,0.212083
0.0863828,0.138424,-1.3875,45.6824,838930723,0.224947,-1.27332,0.190634,0.225314,-1.27496,0.168522,0.246488,-1.2697,0.168522,0.246083,-1.26807,0.190634,0.276275,-1.49656,0.212083,0.276708,-1.4985,0.185971,0.301756,-1.49228,0.185971,0.301278,-1.49035,0.212083
-0.00552331,0.138545,-1.37034,61.7239,838930724,0.24649,-1.26797,0.190634,0.246895,-1.2696,0.168522,0.26807,-1.26434,0.168522,0.267626,-1.26272,0.190634,0.301684,-1.49025,0.212083,0.302163,-1.49218,0.185971,0.327211,-1.48596,0.185971,0.326687,-1.48404,0.212083
-0.0405401,0.138425,-1.35299,-3.39214,838930725,0.268747,-1.26479,0.190634,0.269171,-1.26642,0.168522,0.290149,-1.26042,0.168522,0.289687,-1.2588,0.190634,0.32784,-1.4861,0.212083,0.328341,-1.48803,0.185971,0.353157,-1.48093,0.185971,0.352611,-1.47902,0.212083
-0.0417437,0.138548,-1.33582,-3.06038,838930726,0.29009,-1.25869,0.190634,0.290552,-1.26031,0.168522,0.31153,-1.25431,0.168522,0.311029,-1.25271,0.190634,0.353014,-1.47891,0.212083,0.35356,-1.48082,0.185971,0.378375,-1.47373,0.185971,0.377784,-1.47183,0.212083
0.112739,0.138429,-1.31848,11.6827,838930727,0.312222,-1.25473,0.190634,0.312703,-1.25635,0.168522,0.333459,-1.24962,0.168522,0.33294,-1.24802,0.190634,0.379009,-1.47385,0.212083,0.379577,-1.47575,0.185971,0.40413,-1.4678,0.185971,0.403518,-1.46591,0.212083
-0.0194626,0.138552,-1.30131,-4.40348,838930728,0.333339,-1.24789,0.190634,0.333857,-1.24949,0.168522,0.354613,-1.24277,0.168522,0.354057,-1.24118,0.190634,0.403916,-1.46578,0.212083,0.404528,-1.46767,0.185971,0.429081,-1.45972,0.185971,0.428424,-1.45784,0.212083
0.0375618,0.138434,-1.28396,-34.129,838930729,0.35532,-1.24317,0.190634,0.355857,-1.24476,0.168522,0.376365,-1.23732,0.168522,0.375791,-1.23574,0.190634,0.429719,-1.45982,0.212083,0.430352,-1.4617,0.185971,0.454613,-1.45289,0.185971,0.453935,-1.45103,0.212083
0.0723213,0.138559,-1.2668,37.462,838930730,0.376185,-1.23559,0.190634,0.376759,-1.23718,0.168522,0.397267,-1.22973,0.168522,0.396656,-1.22816,0.190634,0.454329,-1.45088,0.212083,0.455007,-1.45275,0.185971,0.479267,-1.44395,0.185971,0.478545,-1.44209,0.212083
0.0035203,0.138442,-1.24945,-2.97444,838930731,0.397988,-1.2301,0.190634,0.398579,-1.23168,0.168522,0.418815,-1.22352,0.168522,0.418187,-1.22196,0.190634,0.479908,-1.44402,0.212083,0.480607,-1.44588,0.185971,0.504545,-1.43623,0.185971,0.503802,-1.43439,0.212083
0.0168756,0.138431,-1.14197,-2.7594,838930737,0.52767,-1.18038,0.190634,0.528423,-1.18188,0.168522,0.547698,-1.17166,0.168522,0.546909,-1.17017,0.190634,0.631464,-1.38458,0.212083,0.632354,-1.38636,0.185971,0.655154,-1.37426,0.185971,0.654223,-1.37251,0.212083
-0.0227935,0.13855,-1.12481,-3.63757,838930738,0.547279,-1.16998,0.190634,0.548068,-1.17146,0.168522,0.567342,-1.16124,0.168522,0.566519,-1.15977,0.190634,0.654594,-1.37231,0.212083,0.655524,-1.37407,0.185971,0.678325,-1.36197,0.185971,0.677353,-1.36024,0.212083
2.73972,0.138427,-1.10746,-0.795348,838930739,0.568107,-1.16151,0.190634,0.568912,-1.16298,0.168522,0.587818,-1.15209,0.168522,0.586978,-1.15064,0.190634,0.67897,-1.36196,0.212083,0.679921,-1.3637,0.185971,0.702285,-1.35082,0.185971,0.701294,-1.3491,0.212083
0.297549,0.138546,-1.09029,8.53127,838930740,0.587341,-1.15043,0.190634,0.588181,-1.15189,0.168522,0.607086,-1.141,0.168522,0.606212,-1.13956,0.190634,0.701656,-1.34889,0.212083,0.702648,-1.35061,0.185971,0.725012,-1.33773,0.185971,0.72398,-1.33603,0.212083
0.0601382,0.138424,-1.07295,63.3099,838930741,0.60786,-1.14124,0.190634,0.608717,-1.14269,0.168522,0.62723,-1.13114,0.168522,0.62634,-1.12971,0.190634,0.725657,-1.3377,0.212083,0.726668,-1.33941,0.185971,0.748569,-1.32575,0.185971,0.747517,-1.32406,0.212083
0.0230988,0.138545,-1.05578,-2.84181,838930742,0.626696,-1.12949,0.190634,0.627586,-1.13092,0.168522,0.6461,-1.11938,0.168522,0.645176,-1.11797,0.190634,0.747873,-1.32384,0.212083,0.748924,-1.32553,0.185971,0.770825,-1.31187,0.185971,0.769734,-1.31021,0.212083
0.00643256,0.138424,-1.03843,-4.00388,838930743,0.646881,-1.11959,0.190634,0.647788,-1.12101,0.168522,0.665887,-1.10883,0.168522,0.664948,-1.10743,0.190634,0.771467,-1.31182,0.212083,0.772538,-1.31349,0.185971,0.793948,-1.29908,0.185971,0.792839,-1.29743,0.212083
0.463989,0.138545,-1.02127,-6.0892,838930744,0.665295,-1.1072,0.190634,0.666235,-1.10859,0.168522,0.684334,-1.09641,0.168522,0.683361,-1.09504,0.190634,0.793186,-1.2972,0.212083,0.794296,-1.29884,0.185971,0.815706,-1.28443,0.185971,0.814558,-1.28281,0.212083
0.098588,0.138425,-1.00392,38.9796,838930745,0.685123,-1.0966,0.190634,0.686078,-1.09798,0.168522,0.703741,-1.08517,0.168522,0.702753,-1.08381,0.190634,0.816346,-1.28435,0.212083,0.817474,-1.28599,0.185971,0.838368,-1.27084,0.185971,0.837202,-1.26923,0.212083
-0.00746899,0.138548,-0.986758,-1.84823,838930746,0.703092,-1.08357,0.190634,0.70408,-1.08493,0.168522,0.721743,-1.07212,0.168522,0.720723,-1.07078,0.190634,0.837541,-1.26898,0.212083,0.838707,-1.27059,0.185971,0.859602,-1.25544,0.185971,0.858397,-1.25386,0.212083
0,0.138559,-0.917731,0,838930750,0.776096,-1.03242,0.190634,0.777177,-1.03371,0.168522,0.793902,-1.0197,0.168522,0.792791,-1.01843,0.190634,0.923161,-1.208,0.212083,0.924437,-1.20952,0.185971,0.944222,-1.19295,0.185971,0.94291,-1.19145,0.212083
0.609861,0.138442,-0.900381,0.886581,838930751,0.794706,-1.0198,0.190634,0.795801,-1.02108,0.168522,0.812027,-1.00649,0.168522,0.810903,-1.00524,0.190634,0.94485,-1.1928,0.212083,0.946143,-1.19431,0.185971,0.965338,-1.17705,0.185971,0.96401,-1.17558,0.212083
1.03093,0.138567,-0.883215,0.00217366,838930752,0.811214,-1.00496,0.190634,0.812339,-1.00621,0.168522,0.828565,-0.991627,0.168522,0.827411,-0.990403,0.190634,0.964321,-1.1753,0.212083,0.965649,-1.17677,0.185971,0.984844,-1.15952,0.185971,0.983481,-1.15807,0.212083
-0.0192192,0.138446,-0.861937,-3.28777,838930753,0.833261,-0.988439,0.190634,0.8344,-0.989678,0.168522,0.850111,-0.97454,0.168522,0.848943,-0.973328,0.190634,0.989312,-1.15613,0.212083,0.990656,-1.15759,0.185971,1.00924,-1.13968,0.185971,1.00786,-1.13825,0.212083
-0.0517538,0.138563,-0.844768,-3.80705,838930754,0.849245,-0.973038,0.190634,0.850412,-0.974249,0.168522,0.866123,-0.95911,0.168522,0.864927,-0.957927,0.190634,1.00816,-1.13796,0.212083,1.00954,-1.13939,0.185971,1.02813,-1.12149,0.185971,1.02672,-1.12009,0.212083
0.456487,0.15575,0.986945,-47.4687,838931011,0.721841,1.07275,0.213293,0.72291,1.07452,0.191213,0.704027,1.08545,0.191213,0.702992,1.08366,0.213293,0.839802,1.26863,0.238724,0.841065,1.27072,0.212651,0.818727,1.28365,0.212651,0.817505,1.28154,0.238724
0.013978,0.155747,-1.38749,-2.75024,838931235,0.224947,-1.27332,0.213293,0.225407,-1.27533,0.191213,0.246581,-1.27008,0.191213,0.246083,-1.26807,0.213293,0.276176,-1.49616,0.238724,0.276719,-1.49854,0.212651,0.301767,-1.49233,0.212651,0.301179,-1.48996,0.238724
-0.0474,0.155884,-1.37033,-2.72361,838931236,0.24649,-1.26797,0.213293,0.246988,-1.26997,0.191213,0.268162,-1.26472,0.191213,0.267625,-1.26272,0.213293,0.301586,-1.48986,0.238724,0.302174,-1.49222,0.212651,0.327222,-1.486,0.212651,0.326589,-1.48365,0.238724
-0.00723916,0.155748,-1.35298,-2.54515,838931237,0.268747,-1.26479,0.213293,0.269277,-1.26679,0.191213,0.290255,-1.26079,0.191214,0.289687,-1.2588,0.213293,0.327728,-1.48571,0.238724,0.328354,-1.48807,0.212651,0.353169,-1.48098,0.212651,0.352499,-1.47863,0.238724
0.0980292,0.155886,-1.33582,7.33021,838931238,0.29009,-1.25869,0.213293,0.290657,-1.26068,0.191213,0.311635,-1.25468,0.191213,0.311029,-1.25271,0.213293,0.352902,-1.47852,0.238724,0.353572,-1.48086,0.212651,0.378388,-1.47377,0.212651,0.377672,-1.47144,0.238724
0.00193166,0.155752,-1.31847,-3.25681,838931239,0.312222,-1.25473,0.213293,0.312821,-1.25671,0.191213,0.333577,-1.24999,0.191214,0.33294,-1.24802,0.213293,0.378883,-1.47346,0.238724,0.379591,-1.4758,0.212651,0.404144,-1.46784,0.212651,0.403392,-1.46552,0.238724
0.013599,0.155891,-1.3013,-2.80345,838931240,0.333339,-1.24789,0.213293,0.333976,-1.24986,0.191213,0.354732,-1.24314,0.191213,0.354057,-1.24118,0.213293,0.40379,-1.46539,0.238724,0.404542,-1.46772,0.212651,0.429096,-1.45976,0.212651,0.428299,-1.45745,0.238724
-0.0322536,0.155759,-1.28395,-3.06501,838931241,0.35532,-1.24317,0.213293,0.355988,-1.24512,0.191213,0.376496,-1.23768,0.191214,0.375791,-1.23574,0.213293,0.42958,-1.45943,0.238724,0.430368,-1.46174,0.212651,0.454629,-1.45294,0.212651,0.453796,-1.45064,0.238724
-0.0965532,0.155899,-1.26679,-3.65103,838931242,0.376185,-1.23559,0.213293,0.37689,-1.23754,0.191213,0.397398,-1.23009,0.191213,0.396656,-1.22816,0.213293,0.45419,-1.4505,0.238724,0.455022,-1.45279,0.212651,0.479283,-1.44399,0.212651,0.478406,-1.44171,0.238724
-0.0549404,0.155767,-1.24944,-3.25265,838931243,0.397988,-1.2301,0.213293,0.398723,-1.23204,0.191213,0.418959,-1.22388,0.191214,0.418187,-1.22196,0.213293,0.479755,-1.44364,0.238724,0.480624,-1.44592,0.212651,0.504562,-1.43628,0.212651,0.503649,-1.43401,0.238724
-0.0319119,0.155755,-1.14196,-2.53936,838931249,0.52767,-1.18038,0.213293,0.528603,-1.18222,0.191213,0.547878,-1.172,0.191213,0.546909,-1.17017,0.213293,0.631273,-1.38422,0.238724,0.632375,-1.3864,0.212651,0.655176,-1.3743,0.212651,0.654032,-1.37215,0.238724
0.00910926,0.155889,-1.1248,-3.14723,838931250,0.547279,-1.16998,0.213293,0.548248,-1.1718,0.191213,0.567522,-1.16158,0.191213,0.566519,-1.15977,0.213293,0.654402,-1.37195,0.238724,0.655546,-1.37411,0.212651,0.678347,-1.36201,0.212651,0.677162,-1.35988,0.238724
0.0830263,0.15575,-1.10745,4.86606,838931251,0.568107,-1.16151,0.213293,0.569104,-1.16332,0.191213,0.58801,-1.15243,0.191214,0.586978,-1.15064,0.213293,0.678766,-1.36161,0.238724,0.679944,-1.36374,0.212651,0.702308,-1.35086,0.212651,0.70109,-1.34875,0.238724
-0.028649,0.155885,-1.09029,-3.08836,838931252,0.587341,-1.15043,0.213293,0.588373,-1.15222,0.191213,0.607278,-1.14133,0.191213,0.606212,-1.13956,0.213293,0.701453,-1.34854,0.238724,0.702671,-1.35065,0.212651,0.725035,-1.33777,0.212651,0.723777,-1.33568,0.238724
-0.0226178,0.155747,-1.07294,-2.39759,838931253,0.60786,-1.14124,0.213293,0.60892,-1.14301,0.191214,0.627434,-1.13147,0.191213,0.62634,-1.12971,0.213293,0.725441,-1.33735,0.238724,0.726692,-1.33945,0.212651,0.748593,-1.32579,0.212651,0.747302,-1.32372,0.238724
0.0766104,0.155883,-1.05578,48.1838,838931254,0.626696,-1.12949,0.213293,0.627789,-1.13125,0.191213,0.646303,-1.1197,0.191214,0.645176,-1.11797,0.213293,0.747657,-1.3235,0.238724,0.748948,-1.32557,0.212651,0.770849,-1.31191,0.212651,0.769518,-1.30987,0.238724
0.01857,0.155747,-1.03843,-1.81599,838931255,0.646881,-1.11959,0.213293,0.648002,-1.12133,0.191214,0.666102,-1.10914,0.191213,0.664948,-1.10743,0.213293,0.771239,-1.31148,0.238724,0.772563,-1.31353,0.212651,0.793974,-1.29912,0.212651,0.792611,-1.29709,0.238724
0.0547957,0.155884,-1.02126,-2.44592,838931256,0.665295,-1.1072,0.213293,0.666449,-1.10891,0.191213,0.684549,-1.09673,0.191214,0.683361,-1.09504,0.213293,0.792958,-1.29686,0.238724,0.794321,-1.29888,0.212651,0.815732,-1.28447,0.212651,0.81433,-1.28247,0.238724
-0.0299891,0.155748,-1.00391,-2.44423,838931257,0.685123,-1.0966,0.213293,0.686304,-1.09829,0.191214,0.703967,-1.08548,0.191213,0.702753,-1.08381,0.213293,0.816106,-1.28402,0.238724,0.817501,-1.28602,0.212651,0.838395,-1.27087,0.212651,0.836963,-1.2689,0.238724
0.000410832,0.155886,-0.986752,-2.47107,838931258,0.703092,-1.08357,0.213293,0.704306,-1.08524,0.191213,0.721968,-1.07243,0.191214,0.720723,-1.07078,0.213293,0.837302,-1.26865,0.238724,0.838735,-1.27063,0.212651,0.859629,-1.25548,0.212651,0.858158,-1.25353,0.238724
-0.0298237,0.155899,-0.917725,-2.52147,838931262,0.776096,-1.03242,0.213293,0.777423,-1.034,0.191214,0.794149,-1.01999,0.191213,0.792791,-1.01843,0.213293,0.922899,-1.20768,0.238724,0.924466,-1.20955,0.212651,0.944252,-1.19298,0.212651,0.942649,-1.19114,0.238724
0.120718,0.155767,-0.900372,-2.53068,838931263,0.794706,-1.0198,0.213293,0.796058,-1.02136,0.191213,0.812284,-1.00678,0.191214,0.810903,-1.00524,0.213293,0.944577,-1.1925,0.238724,0.946174,-1.19434,0.212651,0.965369,-1.17709,0.212651,0.963737,-1.17527,0.238724
0.108376,0.155908,-0.883209,16.0986,838931264,0.811214,-1.00496,0.213293,0.812596,-1.0065,0.191213,0.828822,-0.991913,0.191214,0.827411,-0.990403,0.213293,0.964049,-1.17499,0.238724,0.96568,-1.17681,0.212651,0.984875,-1.15956,0.212651,0.983208,-1.15777,0.238724
0.0923073,0.155772,-0.861929,24.0991,838931265,0.833261,-0.988439,0.213293,0.834667,-0.989955,0.191214,0.850377,-0.974817,0.191213,0.848943,-0.973328,0.213293,0.989029,-1.15584,0.238724,0.990688,-1.15763,0.212651,1.00927,-1.13972,0.212651,1.00758,-1.13796,0.238724
-0.0148394,0.155903,-0.844762,-3.63454,838931266,0.849245,-0.973038,0.213293,0.850679,-0.974526,0.191213,0.86639,-0.959387,0.191213,0.864927,-0.957927,0.213293,1.00788,-1.13767,0.238724,1.00958,-1.13943,0.212651,1.02816,-1.12152,0.212651,1.02643,-1.11979,0.238724
0.0405959,0.173052,-1.38748,-5.08379,838931747,0.224947,-1.27332,0.235992,0.225499,-1.27571,0.213952,0.246674,-1.27045,0.213952,0.246083,-1.26807,0.235992,0.276061,-1.4957,0.265397,0.276713,-1.49852,0.239371,0.301762,-1.4923,0.239371,0.301064,-1.48949,0.265397
0.046463,0.173203,-1.37032,-4.82547,838931748,0.24649,-1.26797,0.235992,0.24708,-1.27035,0.213952,0.268255,-1.26509,0.213952,0.267625,-1.26272,0.235992,0.301471,-1.48939,0.265397,0.302168,-1.4922,0.239371,0.327217,-1.48598,0.239371,0.326474,-1.48318,0.265397
1.22609,0.173054,-1.35297,-0.960031,838931749,0.268747,-1.26479,0.235992,0.269382,-1.26716,0.213952,0.29036,-1.26116,0.213952,0.289687,-1.2588,0.235992,0.327597,-1.48525,0.265397,0.328347,-1.48805,0.239371,0.353163,-1.48096,0.239371,0.352368,-1.47817,0.265397
0.0917307,0.173207,-1.33581,-9.37021,838931750,0.29009,-1.25869,0.235992,0.290763,-1.26105,0.213952,0.311741,-1.25505,0.213952,0.311029,-1.25271,0.235992,0.352771,-1.47806,0.265397,0.353566,-1.48084,0.239371,0.378382,-1.47375,0.239371,0.377541,-1.47098,0.265397
-0.017029,0.173058,-1.31846,-3.96874,838931751,0.312222,-1.25473,0.235992,0.31294,-1.25708,0.213952,0.333696,-1.25035,0.213952,0.33294,-1.24802,0.235992,0.378736,-1.47301,0.265397,0.379584,-1.47577,0.239371,0.404137,-1.46782,0.239371,0.403245,-1.46507,0.265397
-0.00153444,0.173212,-1.3013,-4.78039,838931752,0.333339,-1.24789,0.235992,0.334094,-1.25023,0.213952,0.35485,-1.2435,0.213952,0.354057,-1.24118,0.235992,0.403643,-1.46494,0.265397,0.404535,-1.46769,0.239371,0.429088,-1.45974,0.239371,0.428152,-1.457,0.265397
-0.012381,0.173065,-1.28394,-4.89756,838931753,0.35532,-1.24317,0.235992,0.356119,-1.24549,0.213952,0.376627,-1.23804,0.213952,0.375791,-1.23574,0.235992,0.429417,-1.45898,0.265397,0.43036,-1.46172,0.239371,0.454621,-1.45292,0.239371,0.453633,-1.4502,0.265397
0.0289473,0.17322,-1.26678,-4.33984,838931754,0.376185,-1.23559,0.235992,0.377021,-1.2379,0.213952,0.397529,-1.23045,0.213952,0.396656,-1.22816,0.235992,0.454027,-1.45005,0.265397,0.455014,-1.45277,0.239371,0.479275,-1.44397,0.239371,0.478243,-1.44126,0.265397
-0.0517363,0.173061,-1.14195,-3.37133,838931761,0.52767,-1.18038,0.235992,0.528783,-1.18256,0.213952,0.548058,-1.17234,0.213952,0.546909,-1.17017,0.235992,0.63105,-1.3838,0.265397,0.632364,-1.38637,0.239371,0.655165,-1.37428,0.239371,0.653809,-1.37173,0.265397
-0.0546724,0.173209,-1.12479,-5.18048,838931762,0.547279,-1.16998,0.235992,0.548428,-1.17214,0.213952,0.567702,-1.16192,0.213952,0.566519,-1.15977,0.235992,0.654179,-1.37153,0.265397,0.655535,-1.37409,0.239371,0.678336,-1.36199,0.239371,0.676938,-1.35946,0.265397
-0.00110976,0.173056,-1.10744,53.1045,838931763,0.568107,-1.16151,0.235992,0.569296,-1.16365,0.213952,0.588201,-1.15276,0.213952,0.586978,-1.15064,0.235992,0.678528,-1.36119,0.265397,0.679932,-1.36372,0.239371,0.702296,-1.35084,0.239371,0.700852,-1.34833,0.265397
0.0288581,0.173205,-1.09028,54.7677,838931764,0.587341,-1.15043,0.235992,0.588564,-1.15255,0.213952,0.60747,-1.14166,0.213952,0.606212,-1.13956,0.235992,0.701215,-1.34813,0.265397,0.702659,-1.35063,0.239371,0.725024,-1.33775,0.239371,0.723538,-1.33527,0.265397
-0.0138628,0.173052,-1.07293,-3.0231,838931765,0.60786,-1.14124,0.235992,0.609123,-1.14334,0.213952,0.627637,-1.13179,0.213952,0.62634,-1.12971,0.235992,0.725188,-1.33694,0.265397,0.726679,-1.33942,0.239371,0.74858,-1.32577,0.239371,0.747049,-1.32331,0.265397
0.0350902,0.173203,-1.05577,-3.3634,838931766,0.626696,-1.12949,0.235992,0.627992,-1.13157,0.213952,0.646506,-1.12003,0.213952,0.645176,-1.11797,0.235992,0.747405,-1.32309,0.265397,0.748936,-1.32555,0.239371,0.770837,-1.31189,0.239371,0.769266,-1.30946,0.265397
0.0228269,0.173052,-1.03842,-51.843,838931767,0.646881,-1.11959,0.235992,0.648217,-1.12165,0.213952,0.666316,-1.10946,0.213952,0.664948,-1.10743,0.235992,0.770973,-1.31108,0.265397,0.77255,-1.31351,0.239371,0.79396,-1.2991,0.239371,0.792345,-1.2967,0.265397
0.141395,0.173203,-1.02126,-9.07864,838931768,0.665295,-1.1072,0.235992,0.666664,-1.10923,0.213952,0.684763,-1.09705,0.213952,0.683361,-1.09504,0.235992,0.792692,-1.29646,0.265397,0.794308,-1.29886,0.239371,0.815719,-1.28445,0.239371,0.814064,-1.28208,0.265397
0.0871274,0.173054,-1.0039,-3.93803,838931769,0.685123,-1.0966,0.235992,0.686529,-1.0986,0.213952,0.704192,-1.0858,0.213952,0.702753,-1.08381,0.235992,0.815826,-1.28363,0.265397,0.817487,-1.28601,0.239371,0.838381,-1.27085,0.239371,0.836683,-1.26851,0.265397
-0.0675089,0.173207,-0.986745,-2.76765,838931770,0.703092,-1.08357,0.235992,0.704531,-1.08555,0.213952,0.722194,-1.07274,0.213952,0.720723,-1.07078,0.235992,0.837022,-1.26827,0.265397,0.838721,-1.27061,0.239371,0.859615,-1.25546,0.239371,0.857878,-1.25314,0.265397
0.111069,0.17322,-0.917718,18.3197,838931774,0.776096,-1.03242,0.235992,0.77767,-1.0343,0.213952,0.794396,-1.02029,0.213952,0.792791,-1.01843,0.235992,0.922593,-1.20732,0.265397,0.924451,-1.20954,0.239371,0.944237,-1.19296,0.239371,0.942342,-1.19077,0.265397
0.0738991,0.173074,-0.900363,-4.03745,838931775,0.794706,-1.0198,0.235992,0.796315,-1.02165,0.213952,0.812541,-1.00706,0.213952,0.810903,-1.00524,0.235992,0.944258,-1.19214,0.265397,0.946158,-1.19432,0.239371,0.965353,-1.17707,0.239371,0.963418,-1.17492,0.265397
0.343666,0.173231,-0.883202,-2.02512,838931776,0.811214,-1.00496,0.235992,0.812853,-1.00678,0.213952,0.829079,-0.992199,0.213952,0.827411,-0.990403,0.235992,0.96373,-1.17464,0.265397,0.965664,-1.17679,0.239371,0.984859,-1.15954,0.239371,0.982889,-1.15742,0.265397
0.134016,0.17308,-0.86192,22.8597,838931777,0.833261,-0.988439,0.235992,0.834933,-0.990232,0.213952,0.850644,-0.975093,0.213952,0.848943,-0.973328,0.235992,0.988698,-1.15549,0.265397,0.990672,-1.15761,0.239371,1.00926,-1.1397,0.239371,1.00725,-1.13762,0.265397
0.127845,0.173225,-0.844756,-32.5873,838931778,0.849245,-0.973038,0.235992,0.850945,-0.974802,0.213952,0.866656,-0.959664,0.213952,0.864927,-0.957927,0.235992,1.00755,-1.13733,0.265397,1.00956,-1.13941,0.239371,1.02814,-1.1215,0.239371,1.0261,-1.11945,0.265397
0.198854,0.190394,-0.0257292,41.4186,838931977,1.29227,-0.0441963,0.258872,1.29512,-0.0441728,0.236756,1.29438,-0.0223343,0.236756,1.29153,-0.022431,0.258872,1.51988,-0.0404009,0.292181,1.52324,-0.0403732,0.26615,1.52236,-0.0145983,0.26615,1.51901,-0.0147121,0.292181
0.423432,0.1904,-1.31846,2.96503,838932263,0.312222,-1.25473,0.258872,0.313031,-1.25747,0.236756,0.333818,-1.25073,0.236756,0.33294,-1.24802,0.258872,0.378626,-1.47248,0.292181,0.379577,-1.47569,0.26615,0.404112,-1.46775,0.26615,0.403079,-1.46456,0.292181
0.271484,0.22511,1.12502,45.4684,838933067,0.567352,1.16187,0.304781,0.568773,1.16519,0.282776,0.548521,1.17339,0.282776,0.547167,1.17005,0.304781,0.655967,1.37018,0.345868,0.657641,1.37408,0.319967,0.633738,1.38376,0.319967,0.632144,1.37983,0.345868
0.337885,0.242438,1.12503,50.218,838933579,0.567352,1.16187,0.327834,0.568915,1.16554,0.305894,0.548662,1.17374,0.305894,0.547167,1.17005,0.327834,0.655691,1.36949,0.372793,0.65753,1.37381,0.346968,0.633627,1.38349,0.346968,0.631867,1.37914,0.372793
0.21582,0.242644,-2.38298,39.6723,838933738,-0.945012,-0.88057,0.327834,-0.947781,-0.883432,0.305894,-0.932077,-0.898626,0.305894,-0.929361,-0.895713,0.327834,-1.10188,-1.04271,0.372793,-1.10514,-1.04607,0.346968,-1.0866,-1.06401,0.346967,-1.0834,-1.06058,0.372792
0.211102,0.277351,1.87486,40.6574,838934646,-0.376186,1.23559,0.374308,-0.377809,1.24007,0.352398,-0.398379,1.2326,0.352398,-0.396657,1.22816,0.374308,-0.452594,1.4461,0.42688,-0.454496,1.45134,0.4012,-0.478694,1.44256,0.4012,-0.476675,1.43736,0.42688
-0.0512795,0.363813,2.48683,-2.58067,838937241,-1.01886,0.796138,0.492617,-1.02426,0.799955,0.471046,-1.03654,0.781798,0.471046,-1.03106,0.778095,0.492617,-1.19805,0.921751,0.563617,-1.20435,0.926201,0.538467,-1.21872,0.904933,0.538468,-1.21233,0.900615,0.563617
-0.000227825,0.364123,2.504,-4.30659,838937242,-1.03129,0.777745,0.492617,-1.03677,0.781448,0.471046,-1.04904,0.763292,0.471046,-1.04349,0.759702,0.492617,-1.21257,0.900265,0.563617,-1.21896,0.904583,0.538468,-1.23333,0.883315,0.538468,-1.22686,0.879129,0.563617
0.0517493,0.363822,2.52134,-3.72026,838937243,-1.0457,0.760491,0.492617,-1.05124,0.764117,0.471046,-1.06287,0.745542,0.471046,-1.05726,0.742033,0.492617,-1.22917,0.879769,0.563617,-1.23562,0.883996,0.538467,-1.24924,0.862239,0.538468,-1.24271,0.858147,0.563617
0.332979,0.381198,2.06875,-48.8421,838937729,-0.607859,1.14124,0.51674,-0.611427,1.14722,0.49528,-0.630023,1.13562,0.49528,-0.626339,1.12972,0.51674,-0.719829,1.32788,0.591284,-0.723988,1.33485,0.566263,-0.745771,1.32127,0.566263,-0.741476,1.31438,0.591284
-0.0011273,0.381201,2.48684,-3.91449,838937753,-1.01886,0.796138,0.51674,-1.02455,0.800151,0.49528,-1.03683,0.781994,0.49528,-1.03106,0.778095,0.51674,-1.19707,0.921089,0.591284,-1.20371,0.925767,0.566263,-1.21808,0.904499,0.566263,-1.21136,0.899953,0.591284
0.0718158,0.381525,2.50401,16.5536,838937754,-1.03129,0.777745,0.51674,-1.03706,0.781644,0.49528,-1.04933,0.763487,0.49528,-1.04349,0.759702,0.51674,-1.21159,0.899604,0.591284,-1.21832,0.90415,0.566263,-1.23269,0.882881,0.566263,-1.22588,0.878468,0.591284
-0.0626114,0.38121,2.52135,-3.15681,838937755,-1.0457,0.760491,0.51674,-1.05153,0.764302,0.49528,-1.06316,0.745728,0.49528,-1.05726,0.742033,0.51674,-1.22817,0.879142,0.591284,-1.23496,0.883585,0.566263,-1.24859,0.861828,0.566263,-1.24171,0.85752,0.591284
0.162069,0.398904,1.70234,5.68381,838938220,-0.158452,1.28193,0.540994,-0.159715,1.28913,0.51965,-0.1813,1.28535,0.51965,-0.179903,1.27817,0.540994,-0.19581,1.49506,0.619063,-0.197282,1.50345,0.594177,-0.222566,1.49902,0.594177,-0.220937,1.49065,0.619063
-0.00879843,0.398571,2.48685,-3.8096,838938265,-1.01886,0.796138,0.540994,-1.02484,0.800345,0.51965,-1.03711,0.782188,0.51965,-1.03106,0.778095,0.540994,-1.19604,0.920395,0.619063,-1.20302,0.9253,0.594177,-1.21739,0.904032,0.594177,-1.21033,0.899259,0.619063
0.101483,0.398909,2.50401,-3.84847,838938266,-1.03129,0.777745,0.540994,-1.03735,0.781839,0.51965,-1.04962,0.763682,0.51965,-1.04349,0.759702,0.540994,-1.21056,0.89891,0.619063,-1.21763,0.903682,0.594177,-1.232,0.882414,0.594177,-1.22485,0.877774,0.619063
1.69705,0.398581,2.52136,-0.995448,838938267,-1.0457,0.760491,0.540994,-1.05183,0.764486,0.51965,-1.06346,0.745912,0.51965,-1.05726,0.742033,0.540994,-1.22712,0.878484,0.619063,-1.23426,0.883143,0.594177,-1.24788,0.861385,0.594177,-1.24065,0.856862,0.619063
0.219593,0.398929,-2.90454,44.0241,838938316,-1.25802,-0.292552,0.540994,-1.26505,-0.294559,0.51965,-1.25904,-0.315631,0.51965,-1.25204,-0.313492,0.540994,-1.46608,-0.351972,0.619063,-1.47428,-0.354313,0.594177,-1.46723,-0.378996,0.594177,-1.45908,-0.376502,0.619063
0.210572,0.398962,-2.62843,48.0662,838938332,-1.13056,-0.624382,0.540994,-1.13676,-0.62825,0.51965,-1.12516,-0.646845,0.51965,-1.11903,-0.64286,0.540994,-1.31416,-0.738887,0.619063,-1.32139,-0.743398,0.594177,-1.3078,-0.765179,0.594177,-1.30066,-0.760533,0.619063
0.0545557,0.415924,2.48686,-2.87717,838938777,-1.01886,0.796138,0.565387,-1.02513,0.800539,0.544164,-1.0374,0.782382,0.544164,-1.03106,0.778095,0.565387,-1.19497,0.919669,0.646959,-1.20228,0.9248,0.622215,-1.21665,0.903532,0.622215,-1.20925,0.898533,0.646959
0.00892215,0.416274,2.50402,-2.93384,838938778,-1.03129,0.777745,0.565387,-1.03764,0.782032,0.544164,-1.04991,0.763876,0.544164,-1.04349,0.759702,0.565387,-1.20949,0.898184,0.646959,-1.21689,0.903182,0.622215,-1.23126,0.881914,0.622215,-1.22378,0.877048,0.646959
0.188098,0.415934,2.52137,13.3939,838938779,-1.0457,0.760491,0.565387,-1.05212,0.76467,0.544164,-1.06375,0.746096,0.544164,-1.05726,0.742033,0.565387,-1.22602,0.877796,0.646959,-1.2335,0.882669,0.622215,-1.24712,0.860911,0.622215,-1.23956,0.856174,0.646959
0.124294,0.416287,2.53853,-9.28591,838938780,-1.05748,0.741675,0.565387,-1.06397,0.745738,0.544164,-1.0756,0.727164,0.544164,-1.06904,0.723217,0.565387,-1.23978,0.855816,0.646959,-1.24735,0.860554,0.622215,-1.26097,0.838796,0.622215,-1.25332,0.834194,0.646959
0.122777,0.43326,2.48686,49.4586,838939289,-1.01886,0.796138,0.589926,-1.02541,0.800731,0.568831,-1.03768,0.782574,0.56883,-1.03106,0.778095,0.589926,-1.19385,0.918912,0.67498,-1.20149,0.924267,0.650384,-1.21586,0.902999,0.650384,-1.20813,0.897776,0.67498
0.0127846,0.433623,2.50403,54.3882,838939290,-1.03129,0.777745,0.589926,-1.03792,0.782225,0.568831,-1.05019,0.764068,0.56883,-1.04349,0.759702,0.589926,-1.20837,0.897426,0.67498,-1.2161,0.902649,0.650384,-1.23047,0.881381,0.650384,-1.22265,0.87629,0.67498
0.0156077,0.43327,2.52138,-2.99098,838939291,-1.0457,0.760491,0.589926,-1.05241,0.764852,0.568831,-1.06404,0.746278,0.56883,-1.05726,0.742033,0.589926,-1.22487,0.877078,0.67498,-1.23269,0.882163,0.650384,-1.24631,0.860406,0.650384,-1.23841,0.855456,0.67498
0.308958,0.507482,-2.93902,46.8121,838941386,-1.2673,-0.248951,0.696394,-1.27633,-0.251194,0.675848,-1.27105,-0.272491,0.675848,-1.26205,-0.270088,0.696394,-1.46919,-0.299055,0.794583,-1.47966,-0.301654,0.770768,-1.4735,-0.326477,0.770768,-1.46308,-0.323692,0.794583
0.177516,0.524704,-2.93901,43.8952,838941898,-1.2673,-0.248951,0.721761,-1.27664,-0.25127,0.701362,-1.27136,-0.272567,0.701362,-1.26205,-0.270088,0.721761,-1.46768,-0.298681,0.823176,-1.47851,-0.301369,0.799532,-1.47235,-0.326191,0.799532,-1.46157,-0.323317,0.823176
0.191946,0.695431,-1.28374,40.8556,838947113,0.355316,-1.24317,0.987001,0.359389,-1.25503,0.968162,0.380064,-1.24752,0.968162,0.375787,-1.23574,0.987001,0.416919,-1.4226,1.11712,0.421579,-1.43616,1.09557,0.445397,-1.42752,1.09557,0.440504,-1.41404,1.11712
0.182526,0.821081,2.40062,52.3842,838950548,-0.945394,0.880161,1.19895,-0.956492,0.889492,1.18106,-0.970676,0.872623,1.18106,-0.959409,0.863492,1.19895,-1.08076,0.993984,1.34602,-1.09328,1.0045,1.32584,-1.1094,0.985321,1.32584,-1.0967,0.975028,1.34602
0.156933,0.85547,-1.15906,39.1879,838951728,0.506565,-1.18811,1.26018,0.513105,-1.20155,1.24266,0.532925,-1.19191,1.24266,0.526149,-1.17858,1.26018,0.582269,-1.34374,1.41169,0.58964,-1.3589,1.39194,0.612178,-1.34794,1.39194,0.60454,-1.33291,1.41169
0.126304,0.872562,0.34075,14.8017,838951966,1.22116,0.421047,1.2913,1.23523,0.426716,1.27397,1.22699,0.44716,1.27397,1.21302,0.441247,1.2913,1.37989,0.484997,1.445,1.39575,0.491388,1.42546,1.38639,0.514635,1.42546,1.37063,0.507969,1.445
0.0843066,0.872564,0.375264,13.8682,838951968,1.2059,0.462931,1.2913,1.21977,0.469089,1.27397,1.21082,0.489232,1.27397,1.19706,0.482835,1.2913,1.3623,0.532386,1.445,1.37793,0.539327,1.42546,1.36776,0.562233,1.42546,1.35225,0.555022,1.445
0.231138,0.906892,3.09878,40.9111,838953148,-1.28997,0.0665536,1.3548,-1.30561,0.0665695,1.3378,-1.30563,0.0445108,1.3378,-1.28999,0.0447758,1.3548,-1.45739,0.0667233,1.51253,-1.47489,0.066741,1.4935,-1.47491,0.0418248,1.4935,-1.45741,0.0421215,1.51253
0.456847,0.907001,-0.533857,15.2667,838953300,1.10601,-0.666896,1.3548,1.11981,-0.674249,1.3378,1.13019,-0.654781,1.3378,1.11625,-0.647676,1.3548,1.25377,-0.74562,1.51253,1.26921,-0.753848,1.4935,1.28093,-0.731859,1.4935,1.26533,-0.723908,1.51253
0.405829,0.991847,1.09077,47.1603,838955593,0.607126,1.14163,1.52031,0.614212,1.15677,1.50416,0.594053,1.16577,1.50416,0.587239,1.1505,1.52031,0.673946,1.2848,1.68749,0.681817,1.30162,1.66955,0.659198,1.31172,1.66955,0.65163,1.29476,1.68749
0.166645,0.992503,-1.05548,26.9492,838955830,0.626703,-1.12949,1.52031,0.635547,-1.14367,1.50416,0.654281,-1.13199,1.50416,0.645183,-1.11797,1.52031,0.710286,-1.26354,1.68749,0.72011,-1.2793,1.66955,0.741129,-1.26619,1.66955,0.731024,-1.25061,1.68749
0.407664,1.00909,-0.512589,-51.0477,838956373,1.12107,-0.643845,1.55471,1.13612,-0.651536,1.53874,1.14582,-0.631705,1.53874,1.13064,-0.624282,1.55471,1.26013,-0.714818,1.72364,1.27684,-0.723362,1.70591,1.28773,-0.701111,1.70591,1.27087,-0.692865,1.72364
0.536514,1.00966,-0.426374,-49.9032,838956378,1.17129,-0.54446,1.55471,1.18695,-0.550806,1.53874,1.19524,-0.530345,1.53874,1.17947,-0.524277,1.55471,1.31596,-0.603087,1.72364,1.33336,-0.610136,1.70591,1.34266,-0.587179,1.70591,1.32514,-0.580438,1.72364
0.155778,1.09532,-2.41721,26.0448,838958824,-0.974841,-0.847458,1.73393,-0.987709,-0.85986,1.71879,-0.972377,-0.875768,1.71879,-0.959728,-0.863138,1.73393,-1.08056,-0.949349,1.91098,-1.09475,-0.963026,1.89429,-1.07766,-0.980756,1.89429,-1.06371,-0.966829,1.91098
0.589939,1.09462,-2.39987,39.5165,838958825,-0.960972,-0.865129,1.73393,-0.973626,-0.877754,1.71879,-0.957748,-0.893116,1.71879,-0.945321,-0.880272,1.73393,-1.06486,-0.968912,1.91098,-1.07881,-0.982834,1.89429,-1.06112,-0.999957,1.89429,-1.04741,-0.985793,1.91098
0.134546,1.11174,-0.339987,39.502,838959455,1.2152,-0.441859,1.77121,1.23243,-0.447148,1.75626,1.23854,-0.425916,1.75626,1.22122,-0.42093,1.77121,1.35382,-0.484354,1.94979,1.37283,-0.490186,1.9333,1.37964,-0.466522,1.9333,1.36054,-0.461023,1.94979
0.597511,1.1289,0.461695,48.3547,838959653,1.16259,0.565787,1.80898,1.1785,0.574592,1.79421,1.16747,0.593735,1.79421,1.15171,0.584657,1.80898,1.28783,0.635062,1.98905,1.30537,0.644772,1.97277,1.29308,0.666109,1.97277,1.27571,0.656098,1.98905
0.225246,1.12966,-2.93884,51.085,838959818,-1.2673,-0.248959,1.80898,-1.28494,-0.253339,1.79421,-1.27962,-0.274781,1.79421,-1.26205,-0.270095,1.80898,-1.40618,-0.283426,1.98905,-1.42564,-0.288256,1.97277,-1.41971,-0.312156,1.97277,-1.40034,-0.306989,1.98905
0.58296,1.12886,-2.85247,-51.3136,838959823,-1.24251,-0.357773,1.80898,-1.25972,-0.363679,1.79421,-1.25218,-0.384447,1.79421,-1.23509,-0.378245,1.80898,-1.37789,-0.40423,1.98905,-1.39686,-0.410743,1.97277,-1.38846,-0.433891,1.97277,-1.36961,-0.427052,1.98905
0.317725,1.15129,0.461699,37.1258,838960165,1.16259,0.565786,1.8594,1.1788,0.574748,1.84468,1.16777,0.593904,1.84468,1.15171,0.584656,1.8594,1.28622,0.634317,2.04086,1.30398,0.64413,2.02474,1.29176,0.665344,2.02474,1.27418,0.655218,2.04086
0.236787,1.18632,-0.56831,48.5931,838961490,1.0824,-0.704704,1.93814,1.09868,-0.714122,1.92378,1.10976,-0.694985,1.92378,1.09331,-0.685853,1.93814,1.20166,-0.773698,2.12232,1.21949,-0.784011,2.1066,1.23175,-0.762818,2.1066,1.21374,-0.752819,2.12232
0.205007,1.20275,1.23278,37.7806,838961745,0.439394,1.21584,1.97827,0.444954,1.23396,1.9641,0.423708,1.24007,1.9641,0.418466,1.22187,1.97827,0.479269,1.34586,2.16379,0.485358,1.3657,2.14826,0.46183,1.37247,2.14826,0.456089,1.35254,2.16379
0.188642,1.21984,-0.512548,-5.63952,838962517,1.12107,-0.643847,2.01894,1.13807,-0.652529,2.00495,1.14778,-0.632668,2.00495,1.13064,-0.624284,2.01894,1.24056,-0.704898,2.20576,1.25918,-0.714405,2.19045,1.26993,-0.692411,2.19045,1.25116,-0.683229,2.20576
0.177169,1.272,-0.533774,-28.7081,838964052,1.10601,-0.666892,2.14506,1.12332,-0.67611,2.13152,1.13372,-0.656587,2.13152,1.11626,-0.647672,2.14506,1.2199,-0.727572,2.33546,1.23872,-0.737598,2.32073,1.25017,-0.716112,2.32073,1.23117,-0.706415,2.33546
0.227248,1.28904,-2.90429,48.4698,838964428,-1.25802,-0.292562,2.18821,-1.27699,-0.297979,2.17484,-1.27091,-0.31925,2.17484,-1.25204,-0.313502,2.18821,-1.38044,-0.327524,2.37977,-1.40107,-0.333416,2.36523,-1.39439,-0.356826,2.36523,-1.37386,-0.350574,2.37977
0.19496,1.3053,-2.78341,21.7469,838964947,-1.21492,-0.442628,2.23194,-1.23319,-0.450368,2.21875,-1.22422,-0.470586,2.21875,-1.20608,-0.462531,2.23194,-1.33058,-0.491589,2.42464,-1.35046,-0.500008,2.4103,-1.34057,-0.522258,2.4103,-1.32085,-0.513497,2.42464
0.147758,1.3053,-2.08528,44.8268,838964987,-0.646164,-1.12001,2.23194,-0.65519,-1.13768,2.21875,-0.635317,-1.1474,2.21875,-0.6266,-1.12957,2.23194,-0.703293,-1.23186,2.42464,-0.71311,-1.25108,2.4103,-0.691238,-1.26178,2.4103,-0.681757,-1.24239,2.42464
0.490636,1.32255,-1.2836,-49.6765,838965545,0.355308,-1.24317,2.27679,0.361838,-1.26221,2.26367,0.382644,-1.25466,2.26367,0.375779,-1.23574,2.27679,0.395672,-1.36039,2.47054,0.402729,-1.38096,2.45637,0.42549,-1.3727,2.45637,0.418071,-1.35226,2.47054
0.199171,1.32339,-0.533763,3.22323,838965588,1.10602,-0.666891,2.27679,1.12377,-0.676353,2.26367,1.13418,-0.656819,2.26367,1.11626,-0.647671,2.27679,1.21541,-0.725178,2.47054,1.2346,-0.735403,2.45637,1.24599,-0.714033,2.45637,1.22662,-0.704148,2.47054
0.0947527,1.32331,-0.460824,30.7118,838965592,1.15176,-0.584524,2.27679,1.17013,-0.592728,2.26367,1.17915,-0.572517,2.26367,1.16063,-0.564639,2.27679,1.26494,-0.635062,2.47054,1.2848,-0.643928,2.45637,1.29467,-0.621818,2.45637,1.27466,-0.613304,2.47054
0.228509,1.35764,0.129854,-38.8211,838966290,1.28214,0.155924,2.36792,1.30218,0.159438,2.35515,1.29835,0.181239,2.35515,1.27838,0.177374,2.36792,1.40102,0.176776,2.56372,1.42267,0.180574,2.54992,1.41848,0.204423,2.54992,1.3969,0.200247,2.56372
0.200898,1.39181,-2.55521,-8.31066,838967520,-1.08209,-0.705188,2.46154,-1.09873,-0.717249,2.44911,-1.08574,-0.73517,2.44911,-1.06931,-0.72282,2.46154,-1.17713,-0.774083,2.65934,-1.19511,-0.787118,2.64591,-1.1809,-0.806723,2.64591,-1.16315,-0.793376,2.65934
0.235547,1.44253,-2.92146,44.1879,838969035,-1.26412,-0.271193,2.60821,-1.28445,-0.276616,2.59617,-1.27837,-0.29791,2.59617,-1.25814,-0.292134,2.60821,-1.37306,-0.300313,2.80869,-1.39489,-0.306137,2.79575,-1.38828,-0.3293,2.79575,-1.36656,-0.323096,2.80869
0.147842,1.47747,-0.0772218,-0.51256,838969862,1.28687,-0.111016,2.70935,1.30807,-0.111778,2.69763,1.30887,-0.089647,2.69763,1.28765,-0.0892519,2.70935,1.39642,-0.114955,2.91156,1.41919,-0.115775,2.89897,1.42006,-0.0917016,2.89897,1.39727,-0.0912772,2.91156
0.647398,1.4767,0.603724,-9.90271,838969901,1.07082,0.724613,2.70935,1.08778,0.737369,2.69763,1.07417,0.754835,2.69763,1.05743,0.741788,2.70935,1.15845,0.790502,2.91156,1.17667,0.804202,2.89897,1.16186,0.8232,2.89897,1.14389,0.809187,2.91156
0.13533,1.47672,0.810819,-1.58592,838969913,0.898966,0.929291,2.70935,0.912902,0.945298,2.69763,0.89595,0.959548,2.69763,0.882295,0.943304,2.70935,0.970969,1.01197,2.91156,0.985936,1.02916,2.89897,0.967497,1.04466,2.89897,0.952832,1.02722,2.91156
0.218914,1.47665,1.02182,-11.0126,838969925,0.684422,1.09703,2.70935,0.694728,1.11559,2.69763,0.675184,1.126,2.69763,0.665204,1.10728,2.70935,0.737672,1.19287,2.91156,0.74874,1.2128,2.89897,0.727482,1.22413,2.89897,0.716763,1.20402,2.91156
0.228903,1.47753,1.17707,-9.8521,838969934,0.506037,1.18833,2.70935,0.513313,1.20827,2.69763,0.492509,1.21586,2.69763,0.485579,1.1958,2.70935,0.543621,1.29131,2.91156,0.551435,1.31272,2.89897,0.528806,1.32098,2.89897,0.521364,1.29943,2.91156
0.153866,1.47668,2.17257,-22.3542,838969991,-0.722526,1.07229,2.70935,-0.735285,1.08925,2.69763,-0.752749,1.07563,2.69763,-0.7397,1.05889,2.70935,-0.788427,1.15991,2.91156,-0.80213,1.17812,2.89897,-0.821125,1.16331,2.89897,-0.807111,1.14534,2.91156
0.123811,1.47672,2.20708,13.4331,838969993,-0.759069,1.04668,2.70935,-0.772413,1.06318,2.69763,-0.78939,1.04896,2.69763,-0.775765,1.03269,2.70935,-0.82799,1.13194,2.91156,-0.842321,1.14967,2.89897,-0.860787,1.1342,2.89897,-0.846154,1.11673,2.91156
0.158826,1.47749,-2.69717,12.4649,838970072,-1.17105,-0.544982,2.70935,-1.18979,-0.554927,2.69763,-1.17941,-0.57449,2.69763,-1.16084,-0.56422,2.70935,-1.26788,-0.596358,2.91156,-1.28801,-0.607039,2.89897,-1.27672,-0.628318,2.89897,-1.25678,-0.617288,2.91156
0.0820474,1.47744,-2.41714,-3.64388,838970088,-0.974838,-0.847461,2.70935,-0.990117,-0.862187,2.69763,-0.974749,-0.878132,2.69763,-0.959725,-0.863141,2.70935,-1.05377,-0.923534,2.91156,-1.07018,-0.93935,2.89897,-1.05346,-0.956693,2.89897,-1.03732,-0.940593,2.91156
0.138433,1.47749,-1.99904,40.7143,838970112,-0.546765,-1.17021,2.70935,-0.554733,-1.18988,2.69763,-0.534207,-1.1982,2.69763,-0.526581,-1.17839,2.70935,-0.587923,-1.27182,2.91156,-0.596479,-1.29294,2.89897,-0.574153,-1.30198,2.89897,-0.565963,-1.28071,2.91156
0.331704,1.47759,-1.93,-42.8388,838970116,-0.464701,-1.20502,2.70935,-0.471276,-1.22519,2.69763,-0.45022,-1.23205,2.69763,-0.443995,-1.21176,2.70935,-0.498665,-1.30924,2.91156,-0.505726,-1.33091,2.89897,-0.482823,-1.33838,2.89897,-0.476138,-1.31658,2.91156
0.172555,1.47672,-0.93451,6.48102,838970173,0.759069,-1.04668,2.70935,0.772413,-1.06318,2.69763,0.78939,-1.04896,2.69763,0.775765,-1.03269,2.70935,0.82799,-1.13194,2.91156,0.842321,-1.14967,2.89897,0.860787,-1.1342,2.89897,0.846154,-1.11673,2.91156
