energy,eta,phi,time,detid,front_1_x,front_1_y,front_1_z,front_2_x,front_2_y,front_2_z,front_3_x,front_3_y,front_3_z,front_4_x,front_4_y,front_4_z,back_1_x,back_1_y,back_1_z,back_2_x,back_2_y,back_2_z,back_3_x,back_3_y,back_3_z,back_4_x,back_4_y,back_4_z
0.146499,-0.0117298,1.63284,-10.5872,838861416,-0.0910128,1.28974,-0.0269319,-0.0910233,1.28974,-0.00338404,-0.069235,1.28976,-0.00338404,-0.069235,1.28976,-0.0269319,-0.0951785,1.51974,-0.028832,-0.0951899,1.51974,-0.00338404,-0.0693873,1.51976,-0.00338404,-0.0693873,1.51976,-0.028832
0.130558,-0.0672979,1.42181,6.1364,838862940,0.181158,1.28027,-0.0988267,0.181268,1.28084,-0.075286,0.202584,1.27633,-0.075286,0.202463,1.27576,-0.0988267,0.224854,1.506,-0.106402,0.224973,1.50662,-0.0809616,0.250216,1.50127,-0.0809616,0.250086,1.50066,-0.106402
0.24647,-0.0857923,-0.112505,49.4294,838863364,1.28595,-0.134331,-0.122801,1.28672,-0.134455,-0.0992656,1.28295,-0.155915,-0.0992656,1.28218,-0.155781,-0.122801,1.51299,-0.170135,-0.132267,1.51382,-0.170269,-0.106833,1.50936,-0.195682,-0.106832,1.50853,-0.195537,-0.132267
0.224662,-0.103819,1.3011,35.6238,838863957,0.333613,1.24782,-0.14541,0.333895,1.24869,-0.123253,0.354649,1.24196,-0.123253,0.35433,1.24111,-0.14541,0.404426,1.46627,-0.158875,0.404758,1.4673,-0.132711,0.429309,1.45934,-0.132711,0.428933,1.45833,-0.158875
0.19649,-0.103819,1.65017,1.77936,838863977,-0.113286,1.28667,-0.14541,-0.113318,1.28758,-0.123253,-0.0915144,1.28836,-0.123253,-0.0915218,1.28745,-0.14541,-0.121458,1.51617,-0.158875,-0.121496,1.51724,-0.132711,-0.0957037,1.51816,-0.132711,-0.0957123,1.51708,-0.158875
0.206771,-0.121208,1.23207,-29.707,838864465,0.418844,1.22171,-0.168009,0.419329,1.22292,-0.145871,0.439563,1.21476,-0.145871,0.439041,1.21357,-0.168009,0.504633,1.43444,-0.185468,0.505206,1.43586,-0.159326,0.529141,1.42621,-0.159326,0.528525,1.4248,-0.185468
0.196418,-0.121201,1.26658,-48.7472,838864467,0.376457,1.23551,-0.168009,0.3769,1.23673,-0.145871,0.397406,1.22928,-0.145871,0.396926,1.22808,-0.168009,0.454764,1.4511,-0.185468,0.455287,1.45254,-0.159326,0.479545,1.44373,-0.159326,0.478978,1.44231,-0.185468
0.127325,-0.121087,1.66733,12.534,838864490,-0.135468,1.28588,-0.168009,-0.135554,1.28718,-0.145871,-0.11375,1.28795,-0.145871,-0.113704,1.28666,-0.168009,-0.147613,1.51496,-0.185468,-0.147714,1.51649,-0.159326,-0.121922,1.51741,-0.159326,-0.121867,1.51588,-0.185468
0.139953,-0.138555,1.1591,10.989,838864973,0.506821,1.188,-0.190634,0.507557,1.18951,-0.168522,0.527175,1.17997,-0.168522,0.526403,1.17847,-0.190634,0.607048,1.39394,-0.212083,0.607917,1.39572,-0.185971,0.631124,1.38443,-0.185971,0.630212,1.38266,-0.212083
0.0991618,-0.138434,1.28374,16.278,838864980,0.355594,1.24309,-0.190634,0.356131,1.24468,-0.168522,0.376637,1.23724,-0.168522,0.376063,1.23565,-0.190634,0.43004,1.45972,-0.212083,0.430674,1.46161,-0.185971,0.454933,1.45279,-0.185971,0.454254,1.45093,-0.212083
0.179238,-0.155889,1.12458,2.3083,838865483,0.547537,1.16985,-0.213293,0.548506,1.17168,-0.191213,0.567778,1.16145,-0.191214,0.566774,1.15965,-0.213293,0.654704,1.37181,-0.238724,0.655848,1.37396,-0.212651,0.678646,1.36186,-0.212651,0.677461,1.35973,-0.238724
0.147444,-0.155755,1.14174,26.7976,838865484,0.52793,1.18026,-0.213293,0.528863,1.1821,-0.191213,0.548136,1.17188,-0.191214,0.547167,1.17005,-0.213293,0.631578,1.38408,-0.238724,0.63268,1.38626,-0.212651,0.655478,1.37416,-0.212651,0.654334,1.372,-0.238724
0.138739,-0.173231,1.93018,13.7932,838866041,-0.46445,1.20511,-0.235992,-0.465208,1.20745,-0.213952,-0.444463,1.2142,-0.213952,-0.443742,1.21186,-0.235992,-0.535089,1.42205,-0.265397,-0.535985,1.4248,-0.239371,-0.511444,1.43279,-0.239371,-0.510593,1.43003,-0.265397
0.015275,-0.190396,1.35275,-2.44231,838866520,0.269025,1.26473,-0.258872,0.269738,1.26749,-0.236756,0.290747,1.26148,-0.236756,0.289963,1.25874,-0.258872,0.327832,1.48465,-0.292181,0.328671,1.48789,-0.26615,0.353467,1.4808,-0.26615,0.352545,1.47758,-0.292181
0.0082815,-0.19056,1.37009,-3.13315,838866521,0.246769,1.26791,-0.258872,0.247456,1.27068,-0.236756,0.268662,1.26541,-0.236756,0.267904,1.26266,-0.258872,0.301669,1.4888,-0.292181,0.302478,1.49206,-0.26615,0.327506,1.48584,-0.26615,0.326614,1.4826,-0.292181
0.0228361,-0.190394,1.38726,-3.82812,838866522,0.225227,1.27327,-0.258872,0.225843,1.27605,-0.236756,0.247049,1.27078,-0.236756,0.246362,1.26802,-0.258872,0.276317,1.4951,-0.292181,0.277042,1.49838,-0.26615,0.302071,1.49216,-0.26615,0.301262,1.4889,-0.292181
0.0717158,-0.190559,1.4046,-2.7169,838866523,0.202873,1.27567,-0.258872,0.203463,1.27846,-0.236756,0.22484,1.27393,-0.236756,0.224178,1.27116,-0.258872,0.250025,1.49835,-0.292181,0.25072,1.50163,-0.26615,0.27595,1.49628,-0.26615,0.275171,1.49302,-0.292181
0.0292817,-0.190394,1.42177,-3.87839,838866524,0.181157,1.28027,-0.258872,0.181676,1.28308,-0.236756,0.203053,1.27855,-0.236756,0.202463,1.27576,-0.258872,0.224468,1.50376,-0.292181,0.225079,1.50706,-0.26615,0.250309,1.50171,-0.26615,0.249614,1.49843,-0.292181
-0.0145843,-0.190561,1.43911,-4.11865,838866525,0.158733,1.2819,-0.258872,0.159226,1.2847,-0.236756,0.180748,1.28093,-0.236756,0.180183,1.27813,-0.258872,0.198079,1.50608,-0.292181,0.198659,1.50938,-0.26615,0.224061,1.50492,-0.26615,0.223396,1.50164,-0.292181
0.0875313,-0.207759,1.35274,-6.11311,838867032,0.269025,1.26473,-0.281796,0.269842,1.26785,-0.259733,0.290851,1.26184,-0.259733,0.289963,1.25874,-0.281796,0.327666,1.48406,-0.319,0.328628,1.48774,-0.293029,0.353423,1.48065,-0.293029,0.352379,1.477,-0.319
0.307643,-0.207938,1.37008,1.22419,838867033,0.246769,1.26791,-0.281796,0.247547,1.27105,-0.259733,0.268753,1.26578,-0.259733,0.267904,1.26266,-0.281796,0.301523,1.48822,-0.319,0.30244,1.4919,-0.293029,0.327468,1.48568,-0.293029,0.326468,1.48202,-0.319
4.89762,-0.207757,1.38725,0.0562713,838867034,0.225227,1.27327,-0.281796,0.225934,1.27642,-0.259733,0.24714,1.27115,-0.259733,0.246362,1.26802,-0.281796,0.276171,1.49452,-0.319,0.277004,1.49823,-0.293029,0.302032,1.49201,-0.293029,0.301116,1.48832,-0.319
0.530478,-0.207937,1.4046,0.88882,838867035,0.202873,1.27567,-0.281796,0.203542,1.27883,-0.259733,0.224919,1.27431,-0.259733,0.224178,1.27116,-0.281796,0.2499,1.49775,-0.319,0.250687,1.50147,-0.293029,0.275917,1.49613,-0.293029,0.275046,1.49243,-0.319
0.141073,-0.207758,1.42176,-10.5884,838867036,0.181157,1.28027,-0.281796,0.181754,1.28345,-0.259733,0.203131,1.27892,-0.259733,0.202463,1.27576,-0.281796,0.224343,1.50317,-0.319,0.225046,1.5069,-0.293029,0.250276,1.50156,-0.293029,0.249489,1.49784,-0.319
0.131383,-0.20794,1.43911,18.1103,838867037,0.158733,1.2819,-0.281796,0.159291,1.28508,-0.259733,0.180813,1.2813,-0.259733,0.180183,1.27813,-0.281796,0.197975,1.50548,-0.319,0.198632,1.50923,-0.293029,0.224033,1.50477,-0.293029,0.223291,1.50104,-0.319
0.0878923,-0.225104,1.35273,-4.78422,838867544,0.269025,1.26473,-0.304781,0.269946,1.26822,-0.282776,0.290955,1.26221,-0.282776,0.289963,1.25874,-0.304781,0.327481,1.48342,-0.345868,0.328565,1.48752,-0.319967,0.353361,1.48043,-0.319967,0.352194,1.47635,-0.345868
0.632955,-0.225298,1.37008,-1.70542,838867545,0.246769,1.26791,-0.304781,0.247639,1.27141,-0.282776,0.268844,1.26614,-0.282776,0.267904,1.26266,-0.304781,0.301361,1.48757,-0.345868,0.302385,1.49169,-0.319967,0.327413,1.48546,-0.319967,0.326306,1.48137,-0.345868
12.868,-0.225102,1.38724,-0.0482609,838867546,0.225227,1.27327,-0.304781,0.226025,1.27678,-0.282776,0.247231,1.27151,-0.282776,0.246362,1.26802,-0.304781,0.27601,1.49387,-0.345868,0.27695,1.49801,-0.319967,0.301978,1.49179,-0.319967,0.300954,1.48767,-0.345868
1.0554,-0.225297,1.40459,-0.028527,838867547,0.202873,1.27567,-0.304781,0.20362,1.2792,-0.282776,0.224997,1.27467,-0.282776,0.224178,1.27116,-0.304781,0.249761,1.4971,-0.345868,0.25064,1.50125,-0.319967,0.27587,1.49591,-0.319967,0.274907,1.49177,-0.345868
0.125676,-0.225103,1.42176,5.90744,838867548,0.181157,1.28027,-0.304781,0.181833,1.28381,-0.282776,0.20321,1.27929,-0.282776,0.202463,1.27576,-0.304781,0.224204,1.50251,-0.345868,0.224999,1.50668,-0.319967,0.25023,1.50134,-0.319967,0.24935,1.49719,-0.345868
0.0501199,-0.225299,1.4391,-4.20807,838867549,0.158733,1.2819,-0.304781,0.159356,1.28545,-0.282776,0.180878,1.28167,-0.282776,0.180183,1.27813,-0.304781,0.197859,1.50482,-0.345868,0.198593,1.509,-0.319967,0.223994,1.50455,-0.319967,0.223175,1.50038,-0.345868
0.406823,-0.225298,3.11541,-50.7435,838867645,-1.2915,0.0228489,-0.304781,-1.2951,0.0230978,-0.282776,-1.29359,0.0448967,-0.282776,-1.29,0.0445748,-0.304781,-1.5173,0.03847,-0.345868,-1.52153,0.0387629,-0.319967,-1.51975,0.0644911,-0.319967,-1.51552,0.0641123,-0.345868
0.175724,-0.225102,-0.358086,38.389,838867806,1.21481,-0.442906,-0.304781,1.21814,-0.444303,-0.282776,1.20927,-0.464272,-0.282776,1.20597,-0.462807,-0.304781,1.42324,-0.531224,-0.345868,1.42716,-0.532868,-0.319967,1.41668,-0.556436,-0.319967,1.41281,-0.554713,-0.345868
0.100176,-0.242432,1.35272,9.43536,838868056,0.269025,1.26473,-0.327834,0.270049,1.26858,-0.305894,0.291058,1.26257,-0.305894,0.289963,1.25874,-0.327834,0.327279,1.48271,-0.372792,0.328484,1.48724,-0.346967,0.35328,1.48015,-0.346968,0.351992,1.47564,-0.372793
0.212468,-0.242639,1.37007,5.69129,838868057,0.246769,1.26791,-0.327834,0.247729,1.27178,-0.305894,0.268935,1.26651,-0.305894,0.267904,1.26266,-0.327834,0.301184,1.48685,-0.372792,0.302314,1.4914,-0.346968,0.327343,1.48518,-0.346968,0.326128,1.48065,-0.372793
0.356282,-0.242429,1.38723,-3.6466,838868058,0.225227,1.27327,-0.327834,0.226116,1.27715,-0.305894,0.247322,1.27188,-0.305894,0.246362,1.26802,-0.327834,0.275832,1.49315,-0.372792,0.276879,1.49772,-0.346967,0.301907,1.4915,-0.346967,0.300776,1.48695,-0.372792
0.0961128,-0.242638,1.40458,-4.83754,838868059,0.202873,1.27567,-0.327834,0.203698,1.27957,-0.305894,0.225075,1.27504,-0.305894,0.224178,1.27116,-0.327834,0.249608,1.49638,-0.372792,0.250579,1.50096,-0.346967,0.27581,1.49562,-0.346967,0.274754,1.49105,-0.372792
0.0634657,-0.24243,1.42175,-5.87734,838868060,0.181157,1.28027,-0.327834,0.181911,1.28418,-0.305894,0.203287,1.27966,-0.305894,0.202463,1.27576,-0.327834,0.224052,1.50179,-0.372792,0.224938,1.50639,-0.346967,0.250169,1.50105,-0.346967,0.249198,1.49646,-0.372792
-0.0375691,-0.242641,1.4391,-4.55878,838868061,0.158733,1.2819,-0.327834,0.159421,1.28582,-0.305894,0.180943,1.28204,-0.305894,0.180183,1.27813,-0.327834,0.197731,1.5041,-0.372792,0.198542,1.50871,-0.346967,0.223943,1.50426,-0.346967,0.223048,1.49965,-0.372792
0.211307,-0.242657,1.50812,-10.7577,838868065,0.069936,1.2897,-0.327834,0.0703489,1.29366,-0.305894,0.0920821,1.29139,-0.305894,0.0915964,1.28744,-0.327834,0.0933277,1.51408,-0.372793,0.0938137,1.51874,-0.346968,0.119464,1.51607,-0.346968,0.118893,1.51141,-0.372793
0.00612044,-0.259741,1.35271,-4.99801,838868568,0.269025,1.26473,-0.350962,0.270153,1.26894,-0.329094,0.291161,1.26293,-0.329094,0.289963,1.25874,-0.350962,0.327058,1.48194,-0.399779,0.328385,1.48689,-0.374038,0.353181,1.4798,-0.374038,0.351771,1.47487,-0.399779
0.0613473,-0.259963,1.37006,-5.11354,838868569,0.246769,1.26791,-0.350962,0.24782,1.27214,-0.329094,0.269026,1.26687,-0.329094,0.267904,1.26266,-0.350962,0.30099,1.48607,-0.399779,0.302227,1.49105,-0.374038,0.327255,1.48483,-0.374038,0.325935,1.47987,-0.399779
0.0681191,-0.259739,1.38723,4.78372,838868570,0.225227,1.27327,-0.350962,0.226207,1.27751,-0.329094,0.247413,1.27224,-0.329094,0.246362,1.26802,-0.350962,0.275638,1.49237,-0.399779,0.276791,1.49737,-0.374038,0.30182,1.49115,-0.374038,0.300583,1.48617,-0.399779
-0.0148807,-0.259962,1.40458,-5.11437,838868571,0.202873,1.27567,-0.350962,0.203776,1.27994,-0.329094,0.225153,1.27541,-0.329094,0.224178,1.27116,-0.350962,0.249442,1.49559,-0.399779,0.250504,1.50061,-0.374038,0.275735,1.49527,-0.374038,0.274588,1.49027,-0.399779
0.0750528,-0.25974,1.42174,44.5761,838868572,0.181157,1.28027,-0.350962,0.181988,1.28455,-0.329094,0.203365,1.28002,-0.329094,0.202463,1.27576,-0.350962,0.223885,1.501,-0.399779,0.224863,1.50604,-0.374038,0.250094,1.5007,-0.374038,0.249031,1.49568,-0.399779
0.0254307,-0.259965,1.43909,-5.86712,838868573,0.158733,1.2819,-0.350962,0.159486,1.28619,-0.329094,0.181008,1.28241,-0.329094,0.180183,1.27813,-0.350962,0.197593,1.50331,-0.399779,0.198479,1.50836,-0.374038,0.223881,1.5039,-0.374038,0.222909,1.49886,-0.399779
0.273078,-0.259764,1.52528,-2.02223,838868578,0.0478582,1.292,-0.350962,0.0482372,1.29634,-0.329094,0.0699704,1.29408,-0.329094,0.0695187,1.28974,-0.350962,0.067262,1.51599,-0.399779,0.067708,1.5211,-0.374038,0.0933588,1.51843,-0.374038,0.092827,1.51332,-0.399779
0.121623,-0.259962,1.75364,23.1098,838868591,-0.245668,1.26813,-0.350962,-0.246278,1.27244,-0.329094,-0.224642,1.2755,-0.329094,-0.224104,1.27118,-0.350962,-0.277124,1.49071,-0.399779,-0.277842,1.49579,-0.374038,-0.252306,1.4994,-0.374038,-0.251673,1.49431,-0.399779
0.199168,-0.27712,1.24917,1.44547,838869074,0.398257,1.23002,-0.374308,0.399939,1.23447,-0.352398,0.420234,1.22628,-0.352398,0.418454,1.22187,-0.374308,0.478454,1.43914,-0.42688,0.480425,1.44436,-0.4012,0.504299,1.43473,-0.4012,0.502213,1.42956,-0.42688
0.300906,-0.277106,1.28368,-0.417835,838869076,0.355593,1.24309,-0.374308,0.357117,1.2476,-0.352398,0.377686,1.24013,-0.352398,0.376062,1.23566,-0.374308,0.428437,1.45489,-0.42688,0.430224,1.46017,-0.4012,0.45442,1.45139,-0.4012,0.452516,1.44614,-0.42688
0.19578,-0.277112,1.52528,15.1782,838869090,0.0478577,1.292,-0.374308,0.0482458,1.29674,-0.352398,0.0700113,1.29447,-0.352398,0.0695181,1.28974,-0.374308,0.0672578,1.51514,-0.42688,0.0677128,1.52069,-0.4012,0.0933164,1.51802,-0.4012,0.0927383,1.51248,-0.42688
0.291435,-0.277358,1.54262,6.21355,838869091,0.0253879,1.29127,-0.374308,0.0257156,1.29601,-0.352398,0.047547,1.29451,-0.352398,0.047114,1.28977,-0.374308,0.0408147,1.51468,-0.42688,0.0411988,1.52024,-0.4012,0.06688,1.51847,-0.4012,0.0663725,1.51292,-0.42688
0.153595,-0.294752,1.23199,-6.67345,838869585,0.418845,1.22171,-0.397732,0.420761,1.22646,-0.375905,0.441056,1.21828,-0.375905,0.439042,1.21357,-0.397732,0.502263,1.42856,-0.454045,0.504509,1.43413,-0.428462,0.528383,1.4245,-0.428462,0.526022,1.41898,-0.454045
0.191881,-0.312108,1.54261,-9.82492,838870115,0.0253879,1.29127,-0.421251,0.0257659,1.29674,-0.399514,0.0475973,1.29524,-0.399514,0.047114,1.28977,-0.421251,0.0406848,1.5128,-0.48129,0.0411279,1.51922,-0.455811,0.0668092,1.51744,-0.455811,0.0662426,1.51104,-0.48129
0.140197,-0.329141,1.80529,11.8243,838870642,-0.311132,1.25501,-0.444874,-0.312256,1.26075,-0.423231,-0.290708,1.26457,-0.423231,-0.289688,1.2588,-0.444874,-0.353466,1.47197,-0.508621,-0.354785,1.4787,-0.483254,-0.329437,1.48319,-0.483254,-0.328241,1.47644,-0.508621
0.120123,-0.364135,0.25379,9.50633,838871577,1.24745,0.334991,-0.492617,1.25392,0.336371,-0.471046,1.25849,0.314938,-0.471046,1.25199,0.313692,-0.492617,1.46144,0.380629,-0.563617,1.46898,0.382238,-0.538468,1.47433,0.357132,-0.538468,1.46676,0.35568,-0.563617
0.124843,-0.363813,1.00361,-14.5293,838871620,0.685363,1.09645,-0.492617,0.689135,1.10188,-0.471046,0.706874,1.08901,-0.471046,0.70299,1.08366,-0.492617,0.810821,1.27574,-0.563617,0.81522,1.28208,-0.538467,0.835998,1.267,-0.538468,0.83147,1.26076,-0.563617
0.115451,-0.39895,1.54257,2.22734,838872675,0.0253886,1.29127,-0.540994,0.0258922,1.29856,-0.51965,0.0477549,1.29705,-0.51965,0.0471147,1.28977,-0.540994,0.0402942,1.50713,-0.619063,0.0408814,1.51564,-0.594177,0.0664905,1.51387,-0.594177,0.0657441,1.50537,-0.619063
0.165447,-0.398605,-1.61637,-34.3451,838872854,-0.0478569,-1.292,-0.540994,-0.0484788,-1.29928,-0.51965,-0.0702753,-1.29701,-0.51965,-0.0695174,-1.28974,-0.540994,-0.06658,-1.5076,-0.619063,-0.067305,-1.51609,-0.594177,-0.0928368,-1.51343,-0.594177,-0.091953,-1.50495,-0.619063
0.112688,-0.416274,0.986418,-1.98681,838873155,0.703332,1.08341,-0.565387,0.707828,1.08961,-0.544164,0.725566,1.07674,-0.544164,0.72096,1.07062,-0.565387,0.829629,1.2575,-0.646959,0.834871,1.26473,-0.622215,0.855649,1.24966,-0.622215,0.850278,1.24252,-0.646959
0.147738,-0.43327,0.969062,-4.04444,838873666,0.722772,1.07212,-0.589926,0.727585,1.07851,-0.568831,0.744863,1.06503,-0.56883,0.739942,1.05872,-0.589926,0.851297,1.24293,-0.67498,0.856909,1.25038,-0.650384,0.877148,1.23459,-0.650384,0.871411,1.22724,-0.67498
0.117948,-0.43327,1.31813,-15.1193,838873686,0.312497,1.25467,-0.589926,0.314833,1.26232,-0.568831,0.33568,1.25556,-0.56883,0.333213,1.24795,-0.589926,0.374852,1.45913,-0.67498,0.377576,1.46805,-0.650384,0.401995,1.46014,-0.650384,0.399119,1.45126,-0.67498
0.233166,-0.433616,-0.375338,55.9958,838873949,1.2058,-0.463192,-0.589926,1.21311,-0.46644,-0.568831,1.20421,-0.486467,-0.56883,1.19696,-0.483094,-0.589926,1.40112,-0.549979,-0.67498,1.40964,-0.553766,-0.650384,1.39922,-0.577225,-0.650384,1.39076,-0.573291,-0.67498
0.127014,-0.455656,1.439,-34.8965,838874205,0.158735,1.2819,-0.621349,0.160177,1.29011,-0.60039,0.18179,1.28632,-0.60039,0.180185,1.27813,-0.621349,0.195448,1.49107,-0.709718,0.197119,1.5006,-0.685425,0.222309,1.49617,-0.685425,0.22045,1.48669,-0.709718
0.388356,-0.507086,2.95597,49.5284,838875828,-1.27259,0.227683,-0.696394,-1.28167,0.229767,-0.675848,-1.27638,0.251063,-0.675848,-1.26734,0.248819,-0.696394,-1.47535,0.274332,-0.794583,-1.48587,0.276747,-0.770768,-1.4797,0.301568,-0.770768,-1.46923,0.298967,-0.794583
0.185718,-0.507498,2.97723,48.9423,838875829,-1.27588,0.200335,-0.696394,-1.28499,0.202264,-0.675848,-1.28044,0.223731,-0.675848,-1.27137,0.22164,-0.696394,-1.47938,0.243455,-0.794583,-1.48994,0.245692,-0.770768,-1.48464,0.270711,-0.770768,-1.47412,0.268287,-0.794583
0.273581,-0.57611,1.43896,-3.25439,838877789,0.158736,1.2819,-0.798841,0.160554,1.29225,-0.778947,0.182192,1.28845,-0.778947,0.180186,1.27813,-0.798841,0.193613,1.48061,-0.909329,0.195706,1.49254,-0.886414,0.220785,1.48814,-0.886414,0.218475,1.47625,-0.909329
0.316009,-0.644592,-1.10806,47.7386,838880051,0.586591,-1.15081,-0.904837,0.591368,-1.16152,-0.885485,0.571282,-1.17048,-0.885485,0.566703,-1.15968,-0.904837,0.666041,-1.32891,-1.02681,0.671506,-1.34116,-1.00467,0.648366,-1.35149,-1.00467,0.643127,-1.33914,-1.02681
0.117958,-0.678822,1.02084,-13.4952,838880837,0.665542,1.10705,-0.959363,0.672395,1.11722,-0.940349,0.690638,1.10494,-0.940349,0.683606,1.09488,-0.959363,0.77251,1.26589,-1.08679,0.780349,1.27753,-1.06504,0.801365,1.26337,-1.06504,0.793322,1.25187,-1.08679
0.228948,-0.781628,-2.85343,48.8433,838884047,-1.23519,-0.377843,-1.13017,-1.24864,-0.381208,-1.11211,-1.25399,-0.359849,-1.11211,-1.24047,-0.356716,-1.13017,-1.41034,-0.421646,-1.2727,-1.42562,-0.425468,-1.25218,-1.43174,-0.401018,-1.25218,-1.41639,-0.39746,-1.2727
0.334551,-0.781047,-2.83626,49.1102,838884048,-1.2298,-0.399387,-1.13017,-1.2432,-0.402985,-1.11211,-1.24854,-0.381626,-1.11211,-1.23508,-0.37826,-1.13017,-1.40419,-0.44625,-1.2727,-1.4194,-0.450336,-1.25218,-1.42552,-0.425885,-1.25218,-1.41023,-0.422063,-1.2727
0.257612,-0.803336,-2.55623,47.9026,838884576,-1.07144,-0.723697,-1.16882,-1.08366,-0.731068,-1.15074,-1.0947,-0.711988,-1.15074,-1.08234,-0.704844,-1.16882,-1.22466,-0.815746,-1.31362,-1.23844,-0.824055,-1.29324,-1.25098,-0.802359,-1.29324,-1.23706,-0.794306,-1.31362
0,-0.889786,0.111631,0,838886929,1.28225,0.155073,-1.32289,1.29764,0.156162,-1.30571,1.2992,0.134159,-1.30571,1.28379,0.133349,-1.32289,1.45111,0.167024,-1.47862,1.46834,0.168244,-1.45939,1.4701,0.14339,-1.45939,1.45285,0.142484,-1.47862
0.199613,-0.9069,-0.0609445,52.417,838887431,1.28993,-0.0674049,-1.3548,1.30548,-0.0690282,-1.3378,1.30319,-0.0909678,-1.3378,1.28766,-0.089065,-1.3548,1.45644,-0.0847858,-1.51253,1.47384,-0.0866023,-1.4935,1.47126,-0.111384,-1.4935,1.45388,-0.109255,-1.51253
0.183936,-0.90691,-2.01728,37.0308,838887679,-0.547544,-1.16985,-1.3548,-0.554873,-1.18366,-1.3378,-0.574359,-1.17332,-1.3378,-0.566781,-1.15964,-1.3548,-0.62602,-1.31774,-1.51253,-0.634222,-1.33319,-1.4935,-0.656232,-1.32151,-1.4935,-0.647752,-1.3062,-1.51253
0.159431,-0.906292,-2.0001,36.4135,838887680,-0.527923,-1.18026,-1.3548,-0.535004,-1.19421,-1.3378,-0.55449,-1.18387,-1.3378,-0.54716,-1.17005,-1.3548,-0.603905,-1.32947,-1.51253,-0.611829,-1.34508,-1.4935,-0.633839,-1.3334,-1.4935,-0.625636,-1.31794,-1.51253
0.375053,-0.92339,-2.03462,48.3863,838888190,-0.568356,-1.16139,-1.38705,-0.576021,-1.17525,-1.37024,-0.595133,-1.16423,-1.37024,-0.587224,-1.15051,-1.38705,-0.648558,-1.30621,-1.54677,-0.657135,-1.32172,-1.52795,-0.678723,-1.30928,-1.52795,-0.669874,-1.29393,-1.54677
0.366534,-0.940595,2.25771,-48.196,838888588,-0.828516,0.99242,-1.41968,-0.838182,1.00522,-1.40306,-0.820347,1.0182,-1.40306,-0.810909,1.00524,-1.41968,-0.927083,1.12304,-1.58135,-0.937898,1.13736,-1.56275,-0.917754,1.15203,-1.56275,-0.907192,1.13752,-1.58135
0.0366064,-0.958212,0.00807377,-4.59586,838888971,1.29152,0.02172,-1.45268,1.30775,0.0211658,-1.43625,1.30699,-0.000880062,-1.43625,1.29078,-4.50888e-05,-1.45268,1.4531,0.0162017,-1.6163,1.47126,0.0155815,-1.59791,1.47041,-0.00932014,-1.59791,1.45226,-0.00838579,-1.6163
-0.144131,-0.957563,0.025248,-4.25647,838888972,1.29228,0.0439195,-1.45268,1.30852,0.043646,-1.43625,1.30776,0.0216002,-1.43625,1.29154,0.0221544,-1.45268,1.45395,0.0412235,-1.6163,1.47212,0.0409175,-1.59791,1.47127,0.0160159,-1.59791,1.45311,0.016636,-1.6163
0.00786444,-0.958268,0.111618,-3.77836,838888977,1.28225,0.155073,-1.45268,1.29844,0.156219,-1.43625,1.3,0.134215,-1.43625,1.28379,0.133349,-1.45268,1.44352,0.166487,-1.6163,1.46164,0.167769,-1.59791,1.4634,0.142915,-1.59791,1.44526,0.141946,-1.6163
-0.0337847,-0.957635,0.128795,-3.7776,838888978,1.28068,0.17723,-1.45268,1.29686,0.178656,-1.43625,1.29841,0.156652,-1.43625,1.28222,0.155506,-1.45268,1.44175,0.191461,-1.6163,1.45985,0.193057,-1.59791,1.46161,0.168203,-1.59791,1.44349,0.16692,-1.6163
0.0339556,-0.958308,0.146136,-4.35185,838888979,1.27606,0.199217,-1.45268,1.2922,0.200928,-1.43625,1.29453,0.178993,-1.43625,1.27836,0.177561,-1.45268,1.43683,0.216257,-1.6163,1.4549,0.218172,-1.59791,1.45752,0.193394,-1.59791,1.43943,0.191792,-1.6163
0.0221604,-0.95768,0.163314,-3.82554,838888980,1.27372,0.221306,-1.45268,1.28983,0.223296,-1.43625,1.29216,0.201361,-1.43625,1.27601,0.19965,-1.45268,1.43419,0.241154,-1.6163,1.45223,0.243381,-1.59791,1.45485,0.218604,-1.59791,1.43679,0.216689,-1.6163
-0.0845483,-0.958334,0.184561,-3.88313,838888981,1.26746,0.24812,-1.45268,1.28353,0.250389,-1.43625,1.28662,0.228547,-1.43625,1.2705,0.226556,-1.45268,1.42754,0.270722,-1.6163,1.44553,0.273262,-1.59791,1.44901,0.24859,-1.59791,1.43098,0.246362,-1.6163
0.172227,-0.958253,1.64986,48.3349,838889065,-0.113278,1.28667,-1.45268,-0.113856,1.3029,-1.43625,-0.0918109,1.30368,-1.43625,-0.0915139,1.28745,-1.45268,-0.119031,1.44824,-1.6163,-0.119678,1.4664,-1.59791,-0.0947776,1.46728,-1.59791,-0.0944452,1.44912,-1.6163
0.142781,-0.958215,-1.77177,19.6198,838889229,-0.246776,-1.26791,-1.45268,-0.250692,-1.28367,-1.43625,-0.272099,-1.27835,-1.43625,-0.267911,-1.26266,-1.45268,-0.285772,-1.42481,-1.6163,-0.290154,-1.44244,-1.59791,-0.314334,-1.43643,-1.59791,-0.309647,-1.41888,-1.6163
0.0254966,-0.975346,0.00806465,-4.11342,838889483,1.29152,0.0217188,-1.48631,1.30805,0.0211545,-1.46997,1.30729,-0.000908999,-1.46997,1.29078,-4.63025e-05,-1.48631,1.45126,0.0162632,-1.65172,1.46962,0.0156364,-1.63357,1.46877,-0.00911896,-1.63357,1.45043,-0.00816067,-1.65172
0.075719,-0.975402,0.111609,-33.0788,838889489,1.28225,0.155072,-1.48631,1.29874,0.156239,-1.46997,1.3003,0.134218,-1.46997,1.28379,0.133348,-1.48631,1.44168,0.166356,-1.65172,1.46001,0.167653,-1.63357,1.46175,0.142945,-1.63357,1.44341,0.141979,-1.65172
-0.0654164,-0.974763,0.128793,-4.03063,838889490,1.28068,0.177231,-1.48631,1.29715,0.178696,-1.46997,1.29871,0.156675,-1.46997,1.28222,0.155507,-1.48631,1.43993,0.191169,-1.65172,1.45823,0.192796,-1.63357,1.45997,0.168088,-1.63357,1.44165,0.166792,-1.65172
0.0603023,-0.975443,0.146127,45.7675,838889491,1.27606,0.199216,-1.48631,1.2925,0.200959,-1.46997,1.29483,0.179005,-1.46997,1.27836,0.17756,-1.48631,1.435,0.216062,-1.65172,1.45327,0.217998,-1.63357,1.45588,0.193366,-1.63357,1.43758,0.19176,-1.65172
0.0147141,-0.974808,0.163311,-4.6388,838889492,1.27372,0.221307,-1.48631,1.29013,0.223347,-1.46997,1.29246,0.201393,-1.46997,1.27601,0.199651,-1.48631,1.43238,0.240798,-1.65172,1.45061,0.243064,-1.63357,1.45322,0.218432,-1.63357,1.43496,0.216496,-1.65172
0.0269576,-0.975469,0.184552,-4.31364,838889493,1.26746,0.248119,-1.48631,1.28383,0.25043,-1.46997,1.28692,0.228571,-1.46997,1.2705,0.226555,-1.48631,1.42572,0.270464,-1.65172,1.44391,0.273032,-1.63357,1.44737,0.248505,-1.63357,1.42914,0.246266,-1.65172
-0.0012125,-0.974745,0.236251,-67.967,838889496,1.25434,0.313601,-1.48631,1.27057,0.316777,-1.46997,1.27442,0.295038,-1.46997,1.25814,0.292156,-1.48631,1.41127,0.344079,-1.65172,1.42929,0.347607,-1.63357,1.43361,0.323217,-1.63357,1.41553,0.320015,-1.65172
0.030991,-0.975387,0.253587,-2.41185,838889497,1.24745,0.334984,-1.48631,1.26362,0.338433,-1.46997,1.26823,0.316842,-1.46997,1.252,0.313685,-1.48631,1.40377,0.368323,-1.65172,1.42173,0.372154,-1.63357,1.4269,0.347929,-1.63357,1.40887,0.344422,-1.65172
0.228415,-0.974809,1.21051,-42.2769,838889552,0.445202,1.21373,-1.48631,0.451641,1.22896,-1.46997,0.471817,1.22,-1.46997,0.465105,1.20489,-1.48631,0.507654,1.36088,-1.65172,0.514806,1.3778,-1.63357,0.537444,1.36774,-1.63357,0.529988,1.35096,-1.65172
0.13737,-0.974715,1.66703,35.6904,838889578,-0.135477,1.28588,-1.48631,-0.136364,1.30239,-1.46997,-0.114302,1.30318,-1.46997,-0.113713,1.28666,-1.48631,-0.143824,1.44552,-1.65172,-0.144809,1.46386,-1.63357,-0.120055,1.46474,-1.63357,-0.119401,1.44639,-1.65172
0.0980671,-0.974763,-1.61654,0.814008,838889750,-0.0478497,-1.292,-1.48631,-0.0492671,-1.30848,-1.46997,-0.0712245,-1.30619,-1.46997,-0.0695101,-1.28974,-1.48631,-0.0617765,-1.45125,-1.65172,-0.063351,-1.46955,-1.63357,-0.0879873,-1.46698,-1.63357,-0.0860829,-1.44872,-1.65172
0.0384803,-0.992503,0.00806171,-1.33408,838889995,1.29152,0.0217188,-1.52031,1.30823,0.0211483,-1.50416,1.30747,-0.000915199,-1.50416,1.29078,-4.62914e-05,-1.52031,1.44941,0.0163266,-1.68749,1.46796,0.0156929,-1.66955,1.46712,-0.00906248,-1.66955,1.44857,-0.00809729,-1.68749
0.00747788,-0.991841,0.0252413,-1.86929,838889996,1.29228,0.0439206,-1.52031,1.309,0.0436484,-1.50416,1.30824,0.0215849,-1.50416,1.29154,0.0221554,-1.52031,1.45026,0.0411871,-1.68749,1.46883,0.0408848,-1.66955,1.46798,0.0161294,-1.66955,1.44942,0.0167632,-1.68749
0.0375145,-0.992512,0.0425758,-57.8186,838889997,1.28998,0.0662687,-1.52031,1.3067,0.066282,-1.50416,1.30672,0.0442056,-1.50416,1.29,0.0444909,-1.52031,1.44796,0.066394,-1.68749,1.46653,0.0664088,-1.66955,1.46655,0.041639,-1.66955,1.44798,0.0419559,-1.68749
-0.00724168,-0.992561,0.111606,-2.61927,838890001,1.28225,0.155072,-1.52031,1.29892,0.156252,-1.50416,1.30048,0.13423,-1.50416,1.28379,0.133348,-1.52031,1.43983,0.166225,-1.68749,1.45835,0.167536,-1.66955,1.4601,0.142828,-1.66955,1.44156,0.141848,-1.68749
0.0249327,-0.991915,0.128789,-3.54811,838890002,1.28068,0.177231,-1.52031,1.29733,0.178709,-1.50416,1.29889,0.156687,-1.50416,1.28222,0.155507,-1.52031,1.43808,0.191038,-1.68749,1.45658,0.192679,-1.66955,1.45832,0.167971,-1.66955,1.4398,0.166661,-1.68749
2.90843,-0.992601,0.146124,0.169761,838890003,1.27606,0.199216,-1.52031,1.29268,0.200978,-1.50416,1.29501,0.179025,-1.50416,1.27836,0.17756,-1.52031,1.43316,0.215866,-1.68749,1.45162,0.217823,-1.66955,1.45423,0.193192,-1.66955,1.43573,0.191564,-1.68749
1.13991,-0.991961,0.163307,-0.00676608,838890004,1.27372,0.221307,-1.52031,1.29031,0.223366,-1.50416,1.29264,0.201412,-1.50416,1.27601,0.199651,-1.52031,1.43054,0.240603,-1.68749,1.44897,0.24289,-1.66955,1.45158,0.218258,-1.66955,1.43311,0.216301,-1.68749
0.0839384,-0.992627,0.184549,-2.46785,838890005,1.26746,0.248119,-1.52031,1.28401,0.250456,-1.50416,1.2871,0.228596,-1.50416,1.2705,0.226555,-1.52031,1.42388,0.270204,-1.68749,1.44227,0.2728,-1.66955,1.44573,0.248274,-1.66955,1.4273,0.246006,-1.68749
0.000380373,-0.991897,0.236247,-2.47316,838890008,1.25434,0.313601,-1.52031,1.27075,0.316808,-1.50416,1.2746,0.29507,-1.50416,1.25814,0.292156,-1.52031,1.40944,0.343756,-1.68749,1.42766,0.347319,-1.66955,1.43198,0.322928,-1.66955,1.4137,0.319692,-1.68749
-0.0080598,-0.992545,0.253584,-2.54024,838890009,1.24745,0.334984,-1.52031,1.2638,0.338471,-1.50416,1.26841,0.31688,-1.50416,1.252,0.313685,-1.52031,1.40196,0.367936,-1.68749,1.42012,0.371809,-1.66955,1.42528,0.347584,-1.66955,1.40705,0.344035,-1.68749
1.32164,-0.992581,-0.82813,50.8422,838890307,0.881749,-0.943783,-1.52031,0.892502,-0.956581,-1.50416,0.8756,-0.970782,-1.50416,0.865076,-0.957792,-1.52031,0.983376,-1.06473,-1.68749,0.99532,-1.07895,-1.66955,0.976356,-1.09488,-1.66955,0.964665,-1.08045,-1.68749
0.837548,-0.991897,-0.810951,49.6336,838890308,0.898757,-0.929492,-1.52031,0.909739,-0.942098,-1.50416,0.892837,-0.9563,-1.50416,0.882084,-0.943502,-1.52031,1.00242,-1.04873,-1.68749,1.01462,-1.06273,-1.66955,0.995655,-1.07867,-1.66955,0.98371,-1.06445,-1.68749
0.071533,-1.00964,0.00805879,-8.05283,838890507,1.29152,0.0217188,-1.55471,1.30841,0.0211422,-1.53874,1.30765,-0.000921301,-1.53874,1.29078,-4.63127e-05,-1.55471,1.44753,0.0163906,-1.72364,1.46629,0.0157502,-1.70591,1.46544,-0.00900521,-1.70591,1.4467,-0.00803326,-1.72364
0.02748,-1.00897,0.0252372,-4.08804,838890508,1.29228,0.0439205,-1.55471,1.30918,0.0436423,-1.53874,1.30842,0.0215788,-1.53874,1.29154,0.0221554,-1.55471,1.44838,0.0412511,-1.72364,1.46715,0.0409421,-1.70591,1.4663,0.0161867,-1.70591,1.44755,0.0168272,-1.72364
0.0800686,-1.00964,0.0425729,22.6363,838890509,1.28998,0.0662687,-1.55471,1.30688,0.0662821,-1.53874,1.3069,0.0442057,-1.53874,1.29,0.0444909,-1.55471,1.44609,0.0663925,-1.72364,1.46485,0.0664074,-1.70591,1.46487,0.0416376,-1.70591,1.44611,0.0419544,-1.72364
-0.0634326,-1.00969,0.111604,-3.52468,838890513,1.28225,0.155072,-1.55471,1.2991,0.156264,-1.53874,1.30066,0.134243,-1.53874,1.28379,0.133348,-1.55471,1.43796,0.166092,-1.72364,1.45668,0.167417,-1.70591,1.45843,0.142709,-1.70591,1.43969,0.141715,-1.72364
0.0991853,-1.00904,0.128785,-32.2647,838890514,1.28068,0.177231,-1.55471,1.29751,0.178721,-1.53874,1.29907,0.1567,-1.53874,1.28222,0.155507,-1.55471,1.43621,0.190905,-1.72364,1.4549,0.192561,-1.70591,1.45665,0.167853,-1.70591,1.43793,0.166528,-1.72364
0.317089,-1.00974,0.146121,-0.184813,838890515,1.27606,0.199216,-1.55471,1.29286,0.200997,-1.53874,1.29519,0.179044,-1.53874,1.27836,0.17756,-1.55471,1.43129,0.215669,-1.72364,1.44996,0.217647,-1.70591,1.45257,0.193015,-1.70591,1.43387,0.191367,-1.72364
0.160169,-1.00909,0.163303,-3.24432,838890516,1.27372,0.221307,-1.55471,1.29049,0.223385,-1.53874,1.29282,0.201431,-1.53874,1.27601,0.199651,-1.55471,1.42867,0.240405,-1.72364,1.4473,0.242713,-1.70591,1.44991,0.218081,-1.70591,1.43125,0.216103,-1.72364
0.00949911,-1.00976,0.184546,-3.11031,838890517,1.26746,0.248119,-1.55471,1.28419,0.250481,-1.53874,1.28727,0.228621,-1.53874,1.2705,0.226555,-1.55471,1.42203,0.269942,-1.72364,1.44061,0.272566,-1.70591,1.44407,0.248039,-1.70591,1.42544,0.245744,-1.72364
-0.0941639,-1.00902,0.236243,-2.34474,838890520,1.25434,0.313601,-1.55471,1.27093,0.316839,-1.53874,1.27477,0.295101,-1.53874,1.25814,0.292156,-1.55471,1.40759,0.343429,-1.72364,1.42601,0.347026,-1.70591,1.43033,0.322636,-1.70591,1.41185,0.319365,-1.72364
0.0438903,-1.00968,0.253581,-2.49317,838890521,1.24745,0.334984,-1.55471,1.26398,0.338508,-1.53874,1.26858,0.316917,-1.53874,1.252,0.313685,-1.55471,1.40012,0.367544,-1.72364,1.41848,0.371459,-1.70591,1.42364,0.347234,-1.70591,1.40522,0.343644,-1.72364
0.68533,-1.00899,0.270759,-1.23888,838890522,1.24282,0.35671,-1.55471,1.25928,0.360526,-1.53874,1.26389,0.338935,-1.53874,1.24736,0.335411,-1.55471,1.39493,0.391872,-1.72364,1.41322,0.396111,-1.70591,1.41838,0.371886,-1.70591,1.40003,0.367971,-1.72364
0.293661,-1.00902,-0.810955,48.5109,838890820,0.898757,-0.929492,-1.55471,0.909854,-0.942235,-1.53874,0.892952,-0.956437,-1.53874,0.882084,-0.943502,-1.55471,1.00121,-1.04729,-1.72364,1.01354,-1.06145,-1.70591,0.994576,-1.07738,-1.70591,0.982503,-1.06302,-1.72364
0.218198,-1.02675,0.00805592,-7.96438,838891019,1.29152,0.0217189,-1.58952,1.30858,0.0211361,-1.57374,1.30783,-0.0009274,-1.57374,1.29078,-4.62579e-05,-1.58952,1.44564,0.0164554,-1.76019,1.46459,0.0158081,-1.74266,1.46375,-0.00894727,-1.74266,1.4448,-0.00796849,-1.76019
0.0387102,-1.02607,0.0252332,-2.53362,838891020,1.29228,0.0439206,-1.58952,1.30935,0.0436362,-1.57374,1.3086,0.0215726,-1.57374,1.29154,0.0221555,-1.58952,1.44649,0.0413159,-1.76019,1.46545,0.0409999,-1.74266,1.46461,0.0162446,-1.74266,1.44565,0.0168921,-1.76019
-0.00717916,-1.02676,0.0425701,-2.34845,838891021,1.28998,0.0662687,-1.58952,1.30706,0.0662822,-1.57374,1.30707,0.0442058,-1.57374,1.29,0.044491,-1.58952,1.44419,0.0663911,-1.76019,1.46315,0.066406,-1.74266,1.46317,0.0416363,-1.74266,1.44421,0.041953,-1.76019
-0.015683,-1.02681,0.111601,-3.27969,838891025,1.28225,0.155072,-1.58952,1.29928,0.156277,-1.57374,1.30084,0.134255,-1.57374,1.28379,0.133348,-1.58952,1.43607,0.165959,-1.76019,1.45499,0.167297,-1.74266,1.45674,0.142589,-1.74266,1.4378,0.141581,-1.76019
-0.0310515,-1.02615,0.128781,-2.91309,838891026,1.28068,0.177231,-1.58952,1.29769,0.178734,-1.57374,1.29925,0.156713,-1.57374,1.28222,0.155507,-1.58952,1.43431,0.190771,-1.76019,1.45321,0.192441,-1.74266,1.45496,0.167733,-1.74266,1.43604,0.166394,-1.76019
0.0447107,-1.02685,0.146118,-3.55041,838891027,1.27606,0.199216,-1.58952,1.29304,0.201016,-1.57374,1.29536,0.179062,-1.57374,1.27836,0.17756,-1.58952,1.42941,0.215469,-1.76019,1.44827,0.217467,-1.74266,1.45088,0.192836,-1.74266,1.43198,0.191167,-1.76019
0.0148402,-1.0262,0.163299,-3.72687,838891028,1.27372,0.221307,-1.58952,1.29066,0.223403,-1.57374,1.29299,0.20145,-1.57374,1.27601,0.199651,-1.58952,1.42679,0.240205,-1.76019,1.44561,0.242534,-1.74266,1.44822,0.217902,-1.74266,1.42936,0.215903,-1.76019
0.0164591,-1.02687,0.184543,-1.58524,838891029,1.26746,0.248119,-1.58952,1.28436,0.250505,-1.57374,1.28745,0.228646,-1.57374,1.2705,0.226555,-1.58952,1.42015,0.269677,-1.76019,1.43893,0.272328,-1.74266,1.44239,0.247802,-1.74266,1.42357,0.245479,-1.76019
0.000715672,-1.02613,0.236239,-2.01137,838891032,1.25434,0.313601,-1.58952,1.2711,0.31687,-1.57374,1.27495,0.295132,-1.57374,1.25814,0.292156,-1.58952,1.40572,0.343098,-1.76019,1.42434,0.34673,-1.74266,1.42866,0.32234,-1.74266,1.40998,0.319034,-1.76019
0.049064,-1.02679,0.253578,-3.0704,838891033,1.24745,0.334984,-1.58952,1.26415,0.338545,-1.57374,1.26875,0.316954,-1.57374,1.252,0.313685,-1.58952,1.39827,0.367149,-1.76019,1.41681,0.371104,-1.74266,1.42198,0.34688,-1.74266,1.40336,0.343248,-1.76019
0.148365,-1.02613,-0.810959,38.64,838891332,0.898757,-0.929492,-1.58952,0.909968,-0.942371,-1.57374,0.893066,-0.956573,-1.57374,0.882084,-0.943502,-1.58952,0.999994,-1.04584,-1.76019,1.01245,-1.06015,-1.74266,0.993483,-1.07608,-1.74266,0.981283,-1.06156,-1.76019
0.12105,-1.04316,-0.00928526,-0.22565,838891530,1.29304,-0.000695811,-1.62476,1.31026,-0.00158832,-1.60917,1.30874,-0.0236121,-1.60917,1.29153,-0.0224217,-1.62476,1.44515,-0.00855255,-1.79714,1.46428,-0.00954397,-1.77982,1.46257,-0.0342547,-1.77982,1.44346,-0.0329324,-1.79714
0.217522,-1.04384,0.00805308,2.61059,838891531,1.29152,0.0217189,-1.62476,1.30876,0.0211301,-1.60917,1.30801,-0.000933398,-1.60917,1.29078,-4.62335e-05,-1.62476,1.44372,0.0165208,-1.79714,1.46287,0.0158668,-1.77982,1.46203,-0.00888858,-1.77982,1.44289,-0.00790311,-1.79714
0.000589132,-1.04316,0.0252292,-2.88824,838891532,1.29228,0.0439206,-1.62476,1.30953,0.0436302,-1.60917,1.30877,0.0215667,-1.60917,1.29154,0.0221555,-1.62476,1.44457,0.0413812,-1.79714,1.46373,0.0410587,-1.77982,1.46289,0.0163033,-1.77982,1.44374,0.0169574,-1.79714
-0.00859885,-1.04385,0.0425673,-2.27246,838891533,1.28998,0.0662688,-1.62476,1.30723,0.0662824,-1.60917,1.30725,0.044206,-1.60917,1.29,0.044491,-1.62476,1.44228,0.0663896,-1.79714,1.46143,0.0664047,-1.77982,1.46145,0.0416349,-1.77982,1.44229,0.0419515,-1.79714
-0.0239049,-1.04322,0.236235,-1.03166,838891544,1.25434,0.313601,-1.62476,1.27127,0.316901,-1.60917,1.27512,0.295162,-1.60917,1.25814,0.292156,-1.62476,1.40384,0.342765,-1.79714,1.42265,0.34643,-1.77982,1.42696,0.32204,-1.77982,1.4081,0.3187,-1.79714
0.0172877,-1.04388,0.253575,-1.83375,838891545,1.24745,0.334984,-1.62476,1.26432,0.338581,-1.60917,1.26893,0.316991,-1.60917,1.252,0.313685,-1.62476,1.39639,0.366749,-1.79714,1.41513,0.370746,-1.77982,1.4203,0.346521,-1.77982,1.40149,0.342849,-1.79714
0.0567994,-1.06099,0.00804412,-4.36978,838892043,1.29152,0.0217178,-1.66072,1.30906,0.0211186,-1.64521,1.30831,-0.000961416,-1.64521,1.29078,-4.73056e-05,-1.66072,1.44192,0.0165813,-1.83468,1.46126,0.0159206,-1.81758,1.46042,-0.00869021,-1.81758,1.44109,-0.0076822,-1.83468
0.00147532,-1.0603,0.0252262,-4.10502,838892044,1.29228,0.0439217,-1.66072,1.30983,0.0436374,-1.64521,1.30908,0.0215574,-1.64521,1.29154,0.0221566,-1.66072,1.44276,0.0412837,-1.83468,1.46212,0.0409702,-1.81758,1.46128,0.0163594,-1.81758,1.44193,0.0170201,-1.83468
0.0743268,-1.06099,0.0425584,21.2162,838892045,1.28998,0.0662677,-1.66072,1.30754,0.0662815,-1.64521,1.30756,0.0441886,-1.64521,1.29,0.0444899,-1.66072,1.44047,0.066387,-1.83468,1.45982,0.0664023,-1.81758,1.45984,0.0417772,-1.81758,1.44049,0.0421093,-1.83468
0.415134,-1.0603,-2.7673,-46.0186,838892244,-1.19932,-0.483259,-1.66072,-1.21592,-0.488995,-1.64521,-1.22276,-0.467989,-1.64521,-1.20607,-0.462552,-1.66072,-1.34163,-0.532248,-1.83468,-1.35993,-0.538573,-1.81758,-1.36756,-0.515159,-1.81758,-1.34915,-0.509164,-1.83468
0.41795,-1.11178,1.83958,23.6063,838893684,-0.354248,1.24348,-1.77121,-0.35832,1.26104,-1.75626,-0.336713,1.26565,-1.75626,-0.33295,1.24802,-1.77121,-0.38695,1.38473,-1.94979,-0.39144,1.4041,-1.9333,-0.367357,1.40924,-1.9333,-0.363207,1.3898,-1.94979
0.146935,-1.11176,-1.33653,-26.5519,838893862,0.311141,-1.255,-1.77121,0.314596,-1.2727,-1.75626,0.292841,-1.27656,-1.75626,0.289697,-1.2588,-1.77121,0.338889,-1.39732,-1.94979,0.342699,-1.41683,-1.9333,0.318452,-1.42113,-1.9333,0.314984,-1.40155,-1.94979
0.159943,-1.15203,-1.5263,13.3466,838894875,0.0688052,-1.28976,-1.8594,0.0688175,-1.30828,-1.84468,0.046709,-1.3083,-1.84468,0.0470274,-1.28977,-1.8594,0.0688988,-1.4311,-2.04086,0.0689122,-1.45138,-2.02474,0.0444284,-1.4514,-2.02474,0.0447771,-1.43111,-2.04086
0.14644,-1.15123,-1.09102,25.2498,838894900,0.606877,-1.14176,-1.8594,0.614726,-1.15854,-1.84468,0.594535,-1.16755,-1.84468,0.586988,-1.15063,-1.8594,0.666598,-1.26988,-2.04086,0.675192,-1.28826,-2.02474,0.652832,-1.29824,-2.02474,0.644568,-1.27971,-2.04086
0.158615,-1.18634,-1.25018,11.8584,838895915,0.417773,-1.22208,-1.93814,0.422973,-1.24016,-1.92378,0.401726,-1.24627,-1.92378,0.396844,-1.2281,-1.93814,0.455865,-1.35449,-2.12232,0.46156,-1.37428,-2.1066,0.43803,-1.38105,-2.1066,0.432684,-1.36116,-2.12232
0.203464,-1.25401,-1.68562,-25.7333,838897938,-0.136858,-1.28574,-2.10248,-0.139887,-1.30498,-2.08876,-0.161676,-1.30116,-2.08876,-0.158308,-1.28197,-2.10248,-0.157301,-1.41491,-2.29171,-0.160596,-1.43584,-2.27678,-0.184575,-1.43163,-2.27678,-0.180912,-1.41076,-2.29171
0.110969,-1.25473,-1.38826,-36.8435,838897955,0.245656,-1.26813,-2.10248,0.248382,-1.28742,-2.08876,0.226478,-1.29051,-2.08876,0.224093,-1.27118,-2.10248,0.263954,-1.3976,-2.29171,0.266919,-1.41858,-2.27678,0.242812,-1.42199,-2.27678,0.240218,-1.40096,-2.29171
0.142532,-1.3225,-1.68564,-5.98166,838899986,-0.136857,-1.28574,-2.27679,-0.139985,-1.30562,-2.26367,-0.161786,-1.30179,-2.26367,-0.158307,-1.28197,-2.27679,-0.156265,-1.40818,-2.47054,-0.159645,-1.42966,-2.45637,-0.183494,-1.42548,-2.45637,-0.179735,-1.40406,-2.47054
0.096327,-1.32339,-1.56085,-48.4348,838899993,0.0242532,-1.29129,-2.27679,0.0235637,-1.3114,-2.26367,0.00144255,-1.31064,-2.26367,0.0024882,-1.29054,-2.27679,0.0200061,-1.41517,-2.47054,0.0192609,-1.4369,-2.45637,-0.00493873,-1.43607,-2.45637,-0.00380874,-1.41435,-2.47054
0.115654,-1.3226,-1.54367,-30.7208,838899994,0.046463,-1.29205,-2.27679,0.0461297,-1.31217,-2.26367,0.0240086,-1.31141,-2.26367,0.024698,-1.2913,-2.27679,0.0442657,-1.416,-2.47054,0.0439055,-1.43775,-2.45637,0.0197058,-1.43692,-2.45637,0.0204509,-1.41518,-2.47054
0.10618,-1.3225,-1.44012,45.8146,838900000,0.179775,-1.28047,-2.27679,0.181548,-1.30051,-2.26367,0.159469,-1.30207,-2.26367,0.158051,-1.282,-2.27679,0.190556,-1.40397,-2.47054,0.192472,-1.42563,-2.45637,0.168319,-1.42734,-2.45637,0.166786,-1.40565,-2.47054
0.112418,-1.32249,-1.4056,-4.11082,838900002,0.223852,-1.27351,-2.27679,0.226325,-1.29348,-2.26367,0.204313,-1.29581,-2.26367,0.202195,-1.2758,-2.27679,0.23894,-1.39656,-2.47054,0.241612,-1.41815,-2.45637,0.217532,-1.42069,-2.45637,0.215243,-1.39907,-2.47054
0.13215,-1.32327,-1.10823,16.3949,838900019,0.586584,-1.15081,-2.27679,0.594781,-1.16919,-2.26367,0.574567,-1.17821,-2.26367,0.566695,-1.15968,-2.27679,0.637081,-1.26401,-2.47054,0.64594,-1.28387,-2.45637,0.623827,-1.29374,-2.45637,0.61532,-1.27372,-2.47054
0.186173,-1.34041,-1.03921,-11.9686,838900535,0.664566,-1.10763,-2.32205,0.674078,-1.12549,-2.30911,0.654543,-1.1359,-2.30911,0.645346,-1.11787,-2.32205,0.722077,-1.2156,-2.51684,0.732356,-1.23489,-2.50285,0.710985,-1.24628,-2.50285,0.701046,-1.2268,-2.51684
0.232025,-1.37395,-2.55635,48.47,838901472,-1.07144,-0.723702,-2.41441,-1.08896,-0.734245,-2.40181,-1.10004,-0.715084,-2.40181,-1.08234,-0.704849,-2.41441,-1.17346,-0.785066,-2.61122,-1.1924,-0.796459,-2.5976,-1.20452,-0.775498,-2.5976,-1.18539,-0.764437,-2.61122
0.0904507,-1.37392,-1.47464,-3.20807,838901534,0.135482,-1.28588,-2.41441,0.136565,-1.3063,-2.40181,0.114445,-1.30709,-2.40181,0.113718,-1.28666,-2.41441,0.141768,-1.40477,-2.61122,0.142939,-1.42684,-2.5976,0.11874,-1.4277,-2.5976,0.117954,-1.40562,-2.61122
0.0178979,-1.39108,-1.54368,-3.07324,838902042,0.046463,-1.29205,-2.46154,0.046115,-1.3126,-2.44911,0.0239939,-1.31184,-2.44911,0.024698,-1.2913,-2.46154,0.0444908,-1.40944,-2.65934,0.0441147,-1.43164,-2.64591,0.0199151,-1.43081,-2.64591,0.020676,-1.40862,-2.65934
0.139384,-1.39183,-1.52634,-8.9936,838902043,0.0688032,-1.28976,-2.46154,0.0688168,-1.31031,-2.44911,0.0466827,-1.31032,-2.44911,0.0470254,-1.28977,-2.46154,0.068881,-1.40714,-2.65934,0.0688957,-1.42935,-2.64591,0.0446818,-1.42937,-2.64591,0.0450522,-1.40716,-2.65934
0.00849967,-1.39103,-1.50916,-2.66764,838902044,0.0910261,-1.28974,-2.46154,0.0913961,-1.31029,-2.44911,0.069262,-1.31031,-2.44911,0.0692484,-1.28976,-2.46154,0.0931549,-1.40713,-2.65934,0.0935547,-1.42933,-2.64591,0.0693408,-1.42935,-2.64591,0.0693261,-1.40714,-2.65934
-0.0266589,-1.39179,-1.49182,-3.09975,838902045,0.113273,-1.28667,-2.46154,0.114004,-1.30721,-2.44911,0.0918838,-1.308,-2.44911,0.0915087,-1.28745,-2.46154,0.11745,-1.40398,-2.65934,0.11824,-1.42618,-2.64591,0.0940418,-1.42704,-2.64591,0.0936364,-1.40483,-2.65934
0.150143,-1.391,-1.47464,-19.3575,838902046,0.135481,-1.28588,-2.46155,0.136569,-1.30641,-2.44911,0.114449,-1.30719,-2.44911,0.113717,-1.28666,-2.46154,0.141709,-1.40312,-2.65934,0.142884,-1.4253,-2.64591,0.118685,-1.42616,-2.64591,0.117895,-1.40397,-2.65934
0.196676,-1.39176,-1.45731,2.11104,838902047,0.157607,-1.28203,-2.46155,0.159055,-1.30253,-2.44911,0.136976,-1.30409,-2.44911,0.135883,-1.28357,-2.46154,0.165879,-1.39913,-2.65934,0.167444,-1.42128,-2.64591,0.143291,-1.42299,-2.64591,0.14211,-1.40081,-2.65934
0.14543,-1.39098,-1.44013,9.47401,838902048,0.179775,-1.28047,-2.46154,0.181578,-1.30094,-2.44911,0.159499,-1.3025,-2.44911,0.158051,-1.282,-2.46154,0.190093,-1.39742,-2.65934,0.192042,-1.41954,-2.64591,0.167888,-1.42125,-2.64591,0.166323,-1.3991,-2.65934
-0.0090482,-1.39174,-1.42279,-2.72137,838902049,0.201753,-1.27585,-2.46154,0.203916,-1.29629,-2.44911,0.181905,-1.29862,-2.44911,0.180096,-1.27814,-2.46154,0.214109,-1.39258,-2.65934,0.216447,-1.41467,-2.64591,0.192368,-1.41722,-2.64591,0.190413,-1.39509,-2.65934
0.188349,-1.40889,0.322529,-46.3591,838902301,1.22143,0.420236,-2.5098,1.24147,0.425997,-2.49743,1.24759,0.404713,-2.49743,1.22745,0.399306,-2.5098,1.33277,0.45225,-2.7085,1.35428,0.458437,-2.69522,1.36094,0.435286,-2.69522,1.33932,0.429479,-2.7085
0.1677,-1.40891,1.47327,50.0282,838902367,0.114416,1.28657,-2.5098,0.117301,1.30722,-2.49743,0.139233,1.30415,-2.49743,0.135985,1.28356,-2.5098,0.130445,1.4013,-2.7085,0.133542,1.42347,-2.69522,0.157399,1.42014,-2.69522,0.15391,1.39802,-2.7085
0.0019685,-1.40822,-1.54368,-3.11525,838902554,0.046464,-1.29205,-2.5098,0.0461175,-1.3129,-2.49743,0.0239847,-1.31214,-2.49743,0.024699,-1.2913,-2.5098,0.044409,-1.40789,-2.7085,0.0440369,-1.43028,-2.69522,0.0199626,-1.42946,-2.69522,0.0207297,-1.40708,-2.7085
0.0959297,-1.40897,-1.52635,-12.4154,838902555,0.0688023,-1.28976,-2.5098,0.0688161,-1.3106,-2.49743,0.0466703,-1.31062,-2.49743,0.0470245,-1.28977,-2.5098,0.068879,-1.4056,-2.7085,0.0688939,-1.42799,-2.69522,0.0448054,-1.42801,-2.69522,0.0451857,-1.40562,-2.7085
0.0976275,-1.40817,-1.50916,-32.9381,838902556,0.091027,-1.28974,-2.5098,0.0914089,-1.31059,-2.49743,0.0692631,-1.3106,-2.49743,0.0692492,-1.28976,-2.5098,0.0930192,-1.40559,-2.7085,0.0934294,-1.42797,-2.69522,0.0693409,-1.42799,-2.69522,0.0693259,-1.4056,-2.7085
0.17171,-1.40893,-1.49183,-10.9458,838902557,0.113272,-1.28667,-2.5098,0.114014,-1.3075,-2.49743,0.0918818,-1.30829,-2.49743,0.0915077,-1.28745,-2.5098,0.117394,-1.40244,-2.7085,0.118191,-1.42482,-2.69522,0.0941178,-1.42567,-2.69522,0.0937161,-1.40329,-2.7085
0.705669,-1.40814,-1.47464,-1.92498,838902558,0.135482,-1.28588,-2.5098,0.136592,-1.3067,-2.49743,0.11446,-1.30749,-2.49743,0.113718,-1.28666,-2.5098,0.141519,-1.40158,-2.7085,0.142711,-1.42394,-2.69522,0.118638,-1.4248,-2.69522,0.117841,-1.40243,-2.7085
1.68986,-1.4089,-1.45732,-1.08236,838902559,0.157606,-1.28203,-2.5098,0.159075,-1.30283,-2.49743,0.136984,-1.30439,-2.49743,0.135883,-1.28357,-2.5098,0.16577,-1.39759,-2.7085,0.167347,-1.41992,-2.69522,0.143319,-1.42162,-2.69522,0.142135,-1.39926,-2.7085
0.968245,-1.40812,-1.44013,1.03745,838902560,0.179776,-1.28047,-2.5098,0.181612,-1.30124,-2.49743,0.159521,-1.3028,-2.49743,0.158052,-1.282,-2.5098,0.18985,-1.39589,-2.7085,0.191822,-1.41819,-2.69522,0.167793,-1.41989,-2.69522,0.166216,-1.39756,-2.7085
0.268093,-1.40889,-1.4228,3.37037,838902561,0.201752,-1.27585,-2.5098,0.203946,-1.29658,-2.49743,0.181923,-1.29891,-2.49743,0.180095,-1.27814,-2.5098,0.213946,-1.39105,-2.7085,0.216303,-1.41332,-2.69522,0.192348,-1.41585,-2.69522,0.190384,-1.39355,-2.7085
0.18583,-1.4261,1.47327,34.9365,838902879,0.114416,1.28657,-2.55868,0.117314,1.30731,-2.54647,0.139247,1.30425,-2.54647,0.135985,1.28356,-2.55868,0.130231,1.39977,-2.75827,0.133343,1.42205,-2.74516,0.1572,1.41871,-2.74516,0.153696,1.39649,-2.75827
0.103623,-1.42607,-1.73735,-5.19501,838903055,-0.202886,-1.27567,-2.55868,-0.207225,-1.29616,-2.54647,-0.22889,-1.29157,-2.54647,-0.224192,-1.27116,-2.55868,-0.226565,-1.38749,-2.75827,-0.231224,-1.40949,-2.74516,-0.25479,-1.4045,-2.74516,-0.249744,-1.38258,-2.75827
0.05138,-1.4254,-1.54368,-2.54838,838903066,0.046464,-1.29205,-2.55868,0.0461142,-1.31299,-2.54647,0.0239814,-1.31223,-2.54647,0.0246989,-1.2913,-2.55868,0.044462,-1.40635,-2.75827,0.0440864,-1.42884,-2.74516,0.020012,-1.42801,-2.74516,0.0207826,-1.40554,-2.75827
0.0136604,-1.42616,-1.52635,-2.5346,838903067,0.0688023,-1.28976,-2.55868,0.0688162,-1.3107,-2.54647,0.0466704,-1.31071,-2.54647,0.0470245,-1.28977,-2.55868,0.068878,-1.40406,-2.75827,0.0688929,-1.42655,-2.74516,0.0448044,-1.42656,-2.74516,0.0451847,-1.40407,-2.75827
0.122109,-1.42536,-1.50916,-2.66512,838903068,0.0910271,-1.28974,-2.55868,0.0914089,-1.31068,-2.54647,0.0692631,-1.3107,-2.54647,0.0692493,-1.28976,-2.55868,0.0930183,-1.40404,-2.75827,0.0934284,-1.42653,-2.74516,0.0693399,-1.42655,-2.74516,0.069325,-1.40406,-2.75827
0.348919,-1.42612,-1.49183,-2.03087,838903069,0.113272,-1.28667,-2.55868,0.114017,-1.3076,-2.54647,0.0918852,-1.30839,-2.54647,0.0915077,-1.28745,-2.55868,0.117339,-1.4009,-2.75827,0.11814,-1.42337,-2.74516,0.0940665,-1.42423,-2.74516,0.093661,-1.40174,-2.75827
7.54893,-1.42532,-1.47465,-0.0157344,838903070,0.135482,-1.28588,-2.55868,0.136595,-1.3068,-2.54647,0.114464,-1.30758,-2.54647,0.113718,-1.28666,-2.55868,0.141464,-1.40004,-2.75827,0.14266,-1.4225,-2.74516,0.118586,-1.42336,-2.74516,0.117786,-1.40088,-2.75827
78.562,-1.42609,-1.45732,-0.0969647,838903071,0.157606,-1.28203,-2.55868,0.159082,-1.30292,-2.54647,0.136991,-1.30448,-2.54647,0.135882,-1.28357,-2.55868,0.165661,-1.39605,-2.75827,0.167246,-1.41848,-2.74516,0.143217,-1.42018,-2.74516,0.142026,-1.39772,-2.75827
7.63636,-1.4253,-1.44013,-0.130673,838903072,0.179776,-1.28047,-2.55868,0.181619,-1.30133,-2.54647,0.159528,-1.30289,-2.54647,0.158052,-1.282,-2.55868,0.189741,-1.39435,-2.75827,0.19172,-1.41676,-2.74516,0.167692,-1.41845,-2.74516,0.166107,-1.39602,-2.75827
0.491517,-1.42607,-1.4228,-6.63469,838903073,0.201752,-1.27585,-2.55868,0.203956,-1.29668,-2.54647,0.181933,-1.29901,-2.54647,0.180095,-1.27814,-2.55868,0.213783,-1.38952,-2.75827,0.216151,-1.41188,-2.74516,0.192196,-1.41442,-2.74516,0.190222,-1.39201,-2.75827
0.0729748,-1.44255,-1.54368,-3.32059,838903578,0.046464,-1.29205,-2.60821,0.046111,-1.31309,-2.59617,0.0239782,-1.31233,-2.59617,0.024699,-1.2913,-2.60821,0.0445152,-1.4048,-2.80869,0.0441361,-1.42739,-2.79575,0.0200617,-1.42656,-2.79575,0.0208359,-1.40398,-2.80869
-0.00734009,-1.44331,-1.52635,-2.96307,838903579,0.0688023,-1.28976,-2.60821,0.0688162,-1.31079,-2.59617,0.0466704,-1.31081,-2.59617,0.0470245,-1.28977,-2.60821,0.068877,-1.4025,-2.80869,0.0688919,-1.4251,-2.79575,0.0448034,-1.42511,-2.79575,0.0451837,-1.40252,-2.80869
0.075827,-1.44251,-1.50917,-15.2367,838903580,0.091027,-1.28974,-2.60821,0.091409,-1.31078,-2.59617,0.0692633,-1.31079,-2.59617,0.0692492,-1.28976,-2.60821,0.0930172,-1.40249,-2.80869,0.0934275,-1.42508,-2.79575,0.069339,-1.4251,-2.79575,0.0693239,-1.4025,-2.80869
0.311712,-1.44327,-1.49183,1.284,838903581,0.113272,-1.28667,-2.60821,0.11402,-1.30769,-2.59617,0.0918885,-1.30848,-2.59617,0.0915077,-1.28745,-2.60821,0.117284,-1.39935,-2.80869,0.118088,-1.42192,-2.79575,0.0940148,-1.42278,-2.79575,0.0936058,-1.40019,-2.80869
1.1846,-1.44247,-1.47465,0.595033,838903582,0.135482,-1.28588,-2.60821,0.136599,-1.30689,-2.59617,0.114467,-1.30768,-2.59617,0.113718,-1.28666,-2.60821,0.141409,-1.39849,-2.80869,0.142608,-1.42105,-2.79575,0.118535,-1.42191,-2.79575,0.117731,-1.39933,-2.80869
4.07575,-1.44324,-1.45732,-0.421249,838903583,0.157606,-1.28203,-2.60821,0.159089,-1.30302,-2.59617,0.136998,-1.30458,-2.59617,0.135882,-1.28357,-2.60821,0.165551,-1.3945,-2.80869,0.167143,-1.41704,-2.79575,0.143115,-1.41873,-2.79575,0.141917,-1.39617,-2.80869
1.84921,-1.44245,-1.44013,-0.409373,838903584,0.179776,-1.28047,-2.60821,0.181625,-1.30143,-2.59617,0.159535,-1.30299,-2.59617,0.158052,-1.282,-2.60821,0.189632,-1.3928,-2.80869,0.191618,-1.41531,-2.79575,0.167589,-1.417,-2.79575,0.165997,-1.39447,-2.80869
0.260652,-1.44322,-1.4228,5.64389,838903585,0.201752,-1.27585,-2.60821,0.203966,-1.29677,-2.59617,0.181943,-1.2991,-2.59617,0.180095,-1.27814,-2.60821,0.21362,-1.38797,-2.80869,0.215998,-1.41044,-2.79575,0.192043,-1.41297,-2.79575,0.190058,-1.39047,-2.80869
0.130102,-1.44246,-1.33659,19.786,838903590,0.311145,-1.255,-2.60821,0.315176,-1.27565,-2.59617,0.29337,-1.27952,-2.59617,0.289701,-1.2588,-2.60821,0.332697,-1.36569,-2.80869,0.337027,-1.38786,-2.79575,0.313308,-1.39207,-2.79575,0.309367,-1.36982,-2.80869
0.202513,-1.44325,-1.31926,-0.0603836,838903591,0.332517,-1.24811,-2.60821,0.336907,-1.26869,-2.59617,0.315249,-1.27331,-2.59617,0.311219,-1.25266,-2.60821,0.356049,-1.35838,-2.80869,0.360764,-1.38047,-2.79575,0.337206,-1.3855,-2.79575,0.332877,-1.36332,-2.80869
0.175524,-1.44331,-1.17729,5.69236,838903599,0.505776,-1.18844,-2.60821,0.512984,-1.20821,-2.59617,0.492178,-1.21579,-2.59617,0.485316,-1.19591,-2.60821,0.544408,-1.29437,-2.80869,0.552149,-1.31559,-2.79575,0.529518,-1.32384,-2.79575,0.522149,-1.30248,-2.80869
0.19307,-1.4596,-1.65114,-29.7138,838904084,-0.0924053,-1.28965,-2.65843,-0.0949641,-1.31062,-2.64655,-0.116897,-1.30756,-2.64655,-0.113974,-1.28663,-2.65843,-0.105892,-1.40003,-2.85978,-0.10864,-1.42256,-2.84702,-0.132497,-1.41922,-2.84702,-0.129358,-1.39675,-2.85978
-0.0131025,-1.45967,-1.54369,-2.47762,838904090,0.046464,-1.29205,-2.65843,0.0461078,-1.31318,-2.64655,0.023975,-1.31242,-2.64655,0.024699,-1.2913,-2.65843,0.0445687,-1.40324,-2.85978,0.0441861,-1.42593,-2.84702,0.0201117,-1.4251,-2.84702,0.0208893,-1.40243,-2.85978
0.0835489,-1.46043,-1.52635,-7.03396,838904091,0.0688023,-1.28976,-2.65843,0.0688163,-1.31089,-2.64655,0.0466705,-1.3109,-2.64655,0.0470245,-1.28977,-2.65843,0.068876,-1.40094,-2.85978,0.0688909,-1.42364,-2.84702,0.0448024,-1.42365,-2.84702,0.0451827,-1.40096,-2.85978
0.170983,-1.45963,-1.50917,-3.02078,838904092,0.0910271,-1.28974,-2.65843,0.0914091,-1.31087,-2.64655,0.0692633,-1.31089,-2.64655,0.0692493,-1.28976,-2.65843,0.0930162,-1.40093,-2.85978,0.0934264,-1.42362,-2.84702,0.0693379,-1.42364,-2.84702,0.0693229,-1.40094,-2.85978
0.0161416,-1.46039,-1.49184,-3.94956,838904093,0.113272,-1.28667,-2.65843,0.114024,-1.30779,-2.64655,0.0918918,-1.30857,-2.64655,0.0915077,-1.28745,-2.65843,0.117229,-1.39779,-2.85978,0.118036,-1.42047,-2.84702,0.0939628,-1.42132,-2.84702,0.0935503,-1.39863,-2.85978
0.19223,-1.45959,-1.47465,13.1408,838904094,0.135482,-1.28588,-2.65843,0.136602,-1.30698,-2.64655,0.11447,-1.30777,-2.64655,0.113718,-1.28666,-2.65843,0.141354,-1.39693,-2.85978,0.142556,-1.41959,-2.84702,0.118483,-1.42045,-2.84702,0.117675,-1.39777,-2.85978
0.29151,-1.46036,-1.45732,-8.23449,838904095,0.157606,-1.28203,-2.65843,0.159095,-1.30311,-2.64655,0.137004,-1.30467,-2.64655,0.135883,-1.28357,-2.65843,0.165441,-1.39294,-2.85978,0.167041,-1.41558,-2.84702,0.143012,-1.41728,-2.84702,0.141807,-1.39461,-2.85978
0.365887,-1.45957,-1.44014,-3.96586,838904096,0.179776,-1.28047,-2.65843,0.181632,-1.30152,-2.64655,0.159541,-1.30308,-2.64655,0.158052,-1.282,-2.65843,0.189522,-1.39124,-2.85978,0.191515,-1.41385,-2.84702,0.167486,-1.41555,-2.84702,0.165887,-1.39291,-2.85978
0.0837395,-1.46035,-1.42281,-35.0267,838904097,0.201752,-1.27585,-2.65843,0.203976,-1.29686,-2.64655,0.181953,-1.29919,-2.64655,0.180095,-1.27814,-2.65843,0.213456,-1.38642,-2.85978,0.215844,-1.40899,-2.84702,0.19189,-1.41152,-2.84702,0.189894,-1.38891,-2.85978
0.193503,-1.46046,-1.25023,6.95495,838904107,0.41777,-1.22208,-2.65843,0.423612,-1.24239,-2.64655,0.40233,-1.24851,-2.64655,0.396842,-1.2281,-2.65843,0.448511,-1.32894,-2.85978,0.454785,-1.35074,-2.84702,0.431635,-1.3574,-2.84702,0.425741,-1.33549,-2.85978
0.124038,-1.47751,1.15872,-9.02257,838904397,0.506833,1.18799,-2.70935,0.516119,1.20707,-2.69763,0.536032,1.19738,-2.69763,0.526415,1.17846,-2.70935,0.554805,1.28656,-2.91156,0.564778,1.30705,-2.89897,0.586438,1.29651,-2.89897,0.576109,1.27619,-2.91156
0.300727,-1.47744,2.06785,33.305,838904449,-0.625951,1.1299,-2.70935,-0.635268,1.14897,-2.69763,-0.61537,1.15869,-2.69763,-0.606385,1.13947,-2.70935,-0.674079,1.2284,-2.91156,-0.684085,1.24887,-2.89897,-0.662442,1.25945,-2.89897,-0.652791,1.2388,-2.91156
0.162495,-1.47667,2.50313,8.90169,838904474,-1.04505,0.761389,-2.70935,-1.06155,0.774734,-2.69763,-1.04733,0.79171,-2.69763,-1.03107,0.778083,-2.70935,-1.13031,0.830317,-2.91156,-1.14804,0.844649,-2.89897,-1.13257,0.863115,-2.89897,-1.1151,0.848479,-2.91156
-0.00218527,-1.47759,-1.56087,-3.49076,838904601,0.0242522,-1.29129,-2.70935,0.0235252,-1.3125,-2.69763,0.00139243,-1.31174,-2.69763,0.00248715,-1.29054,-2.70935,0.0204961,-1.40084,-2.91156,0.0197154,-1.42362,-2.89897,-0.00435897,-1.4228,-2.89897,-0.00318326,-1.40003,-2.91156
0.0470664,-1.47677,-1.54369,-3.7125,838904602,0.0464639,-1.29205,-2.70935,0.0461047,-1.31327,-2.69763,0.0239719,-1.31251,-2.69763,0.0246989,-1.2913,-2.70935,0.0446223,-1.40167,-2.91156,0.0442365,-1.42446,-2.89897,0.0201621,-1.42364,-2.89897,0.0209429,-1.40086,-2.91156
0.0218027,-1.47753,-1.52636,-3.19373,838904603,0.0688023,-1.28976,-2.70935,0.0688164,-1.31098,-2.69763,0.0466706,-1.31099,-2.69763,0.0470245,-1.28977,-2.70935,0.0688749,-1.39938,-2.91156,0.06889,-1.42217,-2.89897,0.0448015,-1.42218,-2.89897,0.0451816,-1.39939,-2.91156
0.016028,-1.47672,-1.50917,-2.22898,838904604,0.091027,-1.28974,-2.70935,0.0914092,-1.31096,-2.69763,0.0692634,-1.31098,-2.69763,0.0692492,-1.28976,-2.70935,0.0930151,-1.39936,-2.91156,0.0934256,-1.42215,-2.89897,0.069337,-1.42217,-2.89897,0.0693218,-1.39938,-2.91156
0.00213716,-1.47749,-1.49184,-2.12249,838904605,0.113272,-1.28667,-2.70935,0.114027,-1.30788,-2.69763,0.0918951,-1.30867,-2.69763,0.0915077,-1.28745,-2.70935,0.117173,-1.39622,-2.91156,0.117984,-1.419,-2.89897,0.0939107,-1.41986,-2.89897,0.0934945,-1.39707,-2.91156
0.0576166,-1.47668,-1.47465,-3.83282,838904606,0.135482,-1.28588,-2.70935,0.136605,-1.30707,-2.69763,0.114474,-1.30786,-2.69763,0.113718,-1.28666,-2.70935,0.141298,-1.39536,-2.91156,0.142504,-1.41813,-2.89897,0.118431,-1.41898,-2.89897,0.11762,-1.39621,-2.91156
0.0125375,-1.47746,-1.45732,-4.22817,838904607,0.157606,-1.28203,-2.70935,0.159102,-1.3032,-2.69763,0.137011,-1.30476,-2.69763,0.135882,-1.28357,-2.70935,0.165331,-1.39138,-2.91156,0.166937,-1.41412,-2.89897,0.142909,-1.41581,-2.89897,0.141697,-1.39305,-2.91156
0.0429779,-1.47666,-1.44014,55.9075,838904608,0.179776,-1.28047,-2.70935,0.181638,-1.30161,-2.69763,0.159548,-1.30317,-2.69763,0.158052,-1.282,-2.70935,0.189411,-1.38968,-2.91156,0.191412,-1.41239,-2.89897,0.167383,-1.41408,-2.89897,0.165777,-1.39135,-2.91156
-0.0243276,-1.47744,-1.42281,-2.84299,838904609,0.201752,-1.27585,-2.70935,0.203985,-1.29695,-2.69763,0.181963,-1.29928,-2.69763,0.180095,-1.27814,-2.70935,0.213291,-1.38486,-2.91156,0.21569,-1.40753,-2.89897,0.191735,-1.41006,-2.89897,0.189729,-1.38736,-2.91156
-0.0554901,-1.47665,-1.40562,-1.98516,838904610,0.223853,-1.27351,-2.70935,0.226453,-1.29458,-2.69763,0.20443,-1.29691,-2.69763,0.202196,-1.2758,-2.70935,0.237297,-1.38232,-2.91156,0.240089,-1.40494,-2.89897,0.216135,-1.40748,-2.89897,0.213735,-1.38482,-2.91156
-0.0122862,-1.47744,-1.38829,-4.60204,838904611,0.245654,-1.26813,-2.70935,0.248624,-1.28914,-2.69763,0.226696,-1.29224,-2.69763,0.224091,-1.27118,-2.70935,0.260994,-1.37667,-2.91156,0.264183,-1.39924,-2.89897,0.240331,-1.40261,-2.89897,0.237534,-1.37999,-2.91156
0.0270092,-1.47665,-1.37111,-3.22882,838904612,0.26766,-1.26502,-2.70935,0.270994,-1.28598,-2.69763,0.249066,-1.28908,-2.69763,0.246097,-1.26807,-2.70935,0.284897,-1.37329,-2.91156,0.288477,-1.39581,-2.89897,0.264626,-1.39918,-2.89897,0.261436,-1.37661,-2.91156
0.0366117,-1.47745,-1.35378,-3.6777,838904613,0.28926,-1.25888,-2.70935,0.292962,-1.27978,-2.69763,0.271156,-1.28364,-2.69763,0.267816,-1.26268,-2.70935,0.308382,-1.36682,-2.91156,0.312357,-1.38926,-2.89897,0.288638,-1.39346,-2.89897,0.285051,-1.37095,-2.91156
0.020267,-1.47667,-1.33659,-2.25214,838904614,0.311144,-1.255,-2.70935,0.315208,-1.27583,-2.69763,0.293402,-1.2797,-2.69763,0.289701,-1.2588,-2.70935,0.332152,-1.36261,-2.91156,0.336516,-1.38498,-2.89897,0.312797,-1.38918,-2.89897,0.308822,-1.36674,-2.91156
0.0799671,-1.47747,-1.31926,-5.60525,838904615,0.332517,-1.24811,-2.70935,0.336946,-1.26887,-2.69763,0.315288,-1.27349,-2.69763,0.311219,-1.25266,-2.70935,0.355396,-1.35532,-2.91156,0.360153,-1.37761,-2.89897,0.336595,-1.38264,-2.89897,0.332225,-1.36027,-2.91156
0.0998226,0.0117394,1.35313,-0.19608,838926936,0.289551,1.25881,0.0269319,0.289551,1.25881,0.00338405,0.268098,1.26262,0.00338404,0.268108,1.26262,0.0269319,0.32972,1.48528,0.028832,0.32972,1.48528,0.00338405,0.304314,1.48979,0.00338404,0.304325,1.48978,0.028832
0.319231,0.0117301,1.61601,5.18579,838926951,-0.0475746,1.29201,0.0269319,-0.0475641,1.29201,0.00338404,-0.0692355,1.28976,0.00338404,-0.0692355,1.28976,0.0269319,-0.0673805,1.52119,0.028832,-0.0673692,1.52119,0.00338404,-0.0930333,1.51852,0.00338404,-0.0930333,1.51852,0.028832
0.0994681,0.0302939,1.17663,-1.45567,838927438,0.506051,1.18833,0.0508939,0.506117,1.18851,0.0273468,0.485649,1.19598,0.0273468,0.485593,1.19579,0.0508939,0.584898,1.40436,0.054686,0.58497,1.40456,0.0292389,0.560731,1.41341,0.0292388,0.56067,1.41321,0.0546859
0.392637,0.0673569,0.689524,48.4563,838928434,1.00351,0.813309,0.0988267,1.00394,0.813697,0.075286,0.989378,0.829904,0.075286,0.988953,0.829507,0.0988267,1.1745,0.966962,0.106402,1.17496,0.967382,0.0809616,1.15772,0.986574,0.0809616,1.15726,0.986146,0.106402
0.152534,0.0858724,1.24961,21.3028,838928978,0.418053,1.22199,0.122801,0.418267,1.22273,0.0992656,0.39733,1.22876,0.0992656,0.397125,1.22801,0.122801,0.481639,1.44283,0.132267,0.481871,1.44363,0.106832,0.457076,1.45077,0.106832,0.456855,1.44996,0.132267
0.226286,0.0858643,1.31863,-13.7191,838928982,0.332806,1.24804,0.122801,0.332967,1.2488,0.0992656,0.31166,1.25335,0.0992656,0.311508,1.25259,0.122801,0.38082,1.47278,0.132267,0.380995,1.4736,0.106833,0.355762,1.47899,0.106832,0.355598,1.47817,0.132267
0.295185,0.0857861,2.06863,-49.2997,838929025,-0.60786,1.14124,0.122801,-0.608261,1.1419,0.0992656,-0.62675,1.13037,0.0992656,-0.62634,1.12971,0.122801,-0.726045,1.33837,0.132267,-0.726478,1.33909,0.106833,-0.748373,1.32544,0.106832,-0.74793,1.32473,0.132267
0.104531,0.103827,1.24961,17.273,838929490,0.418053,1.22199,0.14541,0.418305,1.22286,0.123253,0.397339,1.2289,0.123253,0.397125,1.22801,0.14541,0.481591,1.44266,0.158875,0.481889,1.4437,0.132711,0.457088,1.45084,0.132711,0.456835,1.44979,0.158875
0.11809,0.103817,1.31864,-2.1408,838929494,0.332805,1.24804,0.14541,0.332996,1.24893,0.123253,0.31166,1.25349,0.123253,0.311508,1.25259,0.14541,0.380784,1.47261,0.158875,0.381009,1.47366,0.132711,0.355769,1.47906,0.132711,0.35559,1.47799,0.158875
0.428395,0.138431,1.30149,50.1497,838930517,0.354512,1.2434,0.190634,0.354903,1.24504,0.168522,0.333566,1.2496,0.168522,0.333215,1.24795,0.190634,0.40626,1.46655,0.212083,0.406721,1.46848,0.185971,0.381481,1.47387,0.185971,0.381066,1.47193,0.212083
0.160903,0.13855,1.31866,52.4461,838930518,0.332805,1.24804,0.190634,0.333157,1.24968,0.168522,0.311821,1.25424,0.168522,0.311508,1.25259,0.190634,0.380657,1.47202,0.212083,0.381072,1.47396,0.185971,0.355832,1.47935,0.185971,0.355463,1.4774,0.212083
-0.00787079,0.155772,1.23247,-3.01045,838931025,0.439383,1.21584,0.213293,0.439993,1.21782,0.191213,0.419027,1.22386,0.191214,0.418455,1.22187,0.213293,0.506469,1.43444,0.238724,0.50719,1.43677,0.212651,0.482388,1.44392,0.212651,0.481713,1.44157,0.238724
0.067313,0.155903,1.24963,24.5929,838931026,0.418053,1.22199,0.213293,0.418625,1.22397,0.191214,0.397659,1.23001,0.191213,0.397125,1.22801,0.213293,0.48131,1.44169,0.238724,0.481986,1.44403,0.212651,0.457184,1.45117,0.212651,0.456554,1.44881,0.238724
0.0809684,0.155762,1.26698,5.17583,838931027,0.397188,1.23036,0.213293,0.397729,1.23236,0.191214,0.376565,1.23766,0.191213,0.376063,1.23565,0.213293,0.456599,1.45117,0.238724,0.457237,1.45353,0.212651,0.432202,1.4598,0.212651,0.431609,1.45743,0.238724
0.165923,0.155895,1.28415,-7.99918,838931028,0.375657,1.23576,0.213293,0.376159,1.23776,0.191213,0.354995,1.24306,0.191214,0.354531,1.24105,0.213293,0.431202,1.45753,0.238724,0.431795,1.4599,0.212651,0.40676,1.46617,0.212651,0.406212,1.46379,0.238724
0.0929787,0.155755,1.3015,-36.0124,838931029,0.354512,1.2434,0.213293,0.354983,1.24541,0.191213,0.333647,1.24997,0.191214,0.333215,1.24795,0.213293,0.406175,1.46615,0.238724,0.406731,1.46852,0.212651,0.381491,1.47392,0.212651,0.380981,1.47153,0.238724
0.104693,0.155883,1.38769,2.59267,838931034,0.245947,1.26807,0.213293,0.246237,1.27012,0.191214,0.224635,1.27318,0.191213,0.224384,1.27113,0.213293,0.277989,1.49444,0.238724,0.278331,1.49686,0.212651,0.252777,1.50048,0.212651,0.252481,1.49805,0.238724
0.732784,0.173225,0.900573,49.3132,838931518,0.810785,1.00531,0.235992,0.812228,1.00729,0.213952,0.794591,1.02013,0.213952,0.79318,1.01813,0.235992,0.945088,1.18974,0.265397,0.946792,1.19208,0.239371,0.925929,1.20727,0.239371,0.924263,1.2049,0.265397
0.00685235,0.173212,1.14216,-4.25088,838931532,0.546778,1.17021,0.235992,0.547699,1.17248,0.213952,0.527477,1.18067,0.213952,0.526594,1.17838,0.235992,0.632436,1.38167,0.265397,0.633523,1.38435,0.239371,0.609602,1.39404,0.239371,0.608559,1.39134,0.265397
0.0356663,0.173065,1.15952,-3.46522,838931533,0.526902,1.18072,0.235992,0.52778,1.18301,0.213952,0.507284,1.19049,0.213952,0.506444,1.18818,0.235992,0.608865,1.39367,0.265397,0.609901,1.39637,0.239371,0.585656,1.40522,0.239371,0.584664,1.4025,0.265397
0.0586132,0.17322,1.17668,-2.54328,838931534,0.506051,1.18833,0.235992,0.506891,1.19063,0.213952,0.486396,1.19811,0.213952,0.485593,1.19579,0.235992,0.584271,1.40265,0.265397,0.585263,1.40537,0.239371,0.561018,1.41421,0.239371,0.56007,1.41148,0.265397
-0.0121565,0.173231,1.21119,-3.11523,838931536,0.464715,1.20501,0.235992,0.465474,1.20734,0.213952,0.44473,1.2141,0.213952,0.444009,1.21176,0.235992,0.535402,1.42193,0.265397,0.536299,1.42469,0.239371,0.51176,1.43268,0.239371,0.510908,1.42992,0.265397
-0.00376966,0.17308,1.23247,-4.95553,838931537,0.439383,1.21584,0.235992,0.440099,1.21819,0.213952,0.419133,1.22423,0.213952,0.418455,1.22187,0.235992,0.506337,1.43398,0.265397,0.507183,1.43675,0.239371,0.482381,1.44389,0.239371,0.481581,1.44111,0.265397
0.119856,0.173225,1.24964,-41.5711,838931538,0.418053,1.22199,0.235992,0.418731,1.22434,0.213952,0.397765,1.23038,0.213952,0.397125,1.22801,0.235992,0.481178,1.44123,0.265397,0.481979,1.44401,0.239371,0.457178,1.45115,0.239371,0.456422,1.44836,0.265397
0.667829,0.173069,1.26699,0.779853,838931539,0.397188,1.23036,0.235992,0.397822,1.23273,0.213952,0.376658,1.23803,0.213952,0.376063,1.23565,0.235992,0.456483,1.45071,0.265397,0.457232,1.4535,0.239371,0.432196,1.45977,0.239371,0.431493,1.45697,0.265397
1.07397,0.173216,1.28415,0.0966237,838931540,0.375657,1.23576,0.235992,0.376252,1.23813,0.213952,0.355088,1.24343,0.213952,0.354531,1.24105,0.235992,0.431086,1.45707,0.265397,0.43179,1.45988,0.239371,0.406754,1.46615,0.239371,0.406096,1.46333,0.265397
0.73537,0.173061,1.30151,0.986825,838931541,0.354512,1.2434,0.235992,0.355063,1.24579,0.213952,0.333727,1.25035,0.213952,0.333215,1.24795,0.235992,0.406075,1.46568,0.265397,0.406726,1.4685,0.239371,0.381486,1.47389,0.239371,0.380881,1.47106,0.265397
0.321279,0.173209,1.31867,-8.55739,838931542,0.332805,1.24804,0.235992,0.333317,1.25043,0.213952,0.311981,1.25499,0.213952,0.311508,1.25259,0.235992,0.380472,1.47115,0.265397,0.381077,1.47398,0.239371,0.355837,1.47937,0.239371,0.355278,1.47653,0.265397
0.112014,0.173056,1.33602,29.7837,838931543,0.311407,1.25494,0.235992,0.311874,1.25734,0.213952,0.290392,1.26115,0.213952,0.289964,1.25874,0.235992,0.355175,1.47888,0.265397,0.355727,1.48172,0.239371,0.330314,1.48623,0.239371,0.329809,1.48338,0.265397
0.0429598,0.173205,1.35318,-5.716,838931544,0.289551,1.25881,0.235992,0.289979,1.26123,0.213952,0.268497,1.26504,0.213952,0.268108,1.26262,0.235992,0.329396,1.48346,0.265397,0.329902,1.48631,0.239371,0.304489,1.49081,0.239371,0.30403,1.48796,0.265397
0.0270102,0.173052,1.37053,-4.12552,838931545,0.267925,1.26496,0.235992,0.268308,1.26738,0.213952,0.246705,1.27044,0.213952,0.246362,1.26802,0.235992,0.303845,1.4903,0.265397,0.304297,1.49316,0.239371,0.278743,1.49678,0.239371,0.278337,1.49391,0.265397
-0.01584,0.173203,1.38769,-4.69584,838931546,0.245947,1.26807,0.235992,0.246291,1.2705,0.213952,0.224688,1.27356,0.213952,0.224384,1.27113,0.235992,0.277922,1.49397,0.265397,0.278328,1.49684,0.239371,0.252773,1.50045,0.239371,0.252414,1.49758,0.265397
0.0770706,0.173052,1.40504,-5.34627,838931547,0.224119,1.27346,0.235992,0.224417,1.2759,0.213952,0.202721,1.2782,0.213952,0.202463,1.27576,0.235992,0.252147,1.49992,0.265397,0.252499,1.50279,0.239371,0.226834,1.50551,0.239371,0.226529,1.50264,0.265397
0.000400135,0.173203,1.4222,-5.18264,838931548,0.202046,1.2758,0.235992,0.202305,1.27824,0.213952,0.180609,1.28054,0.213952,0.18039,1.2781,0.235992,0.226112,1.50268,0.265397,0.226418,1.50556,0.239371,0.200752,1.50828,0.239371,0.200494,1.5054,0.265397
-0.0183902,0.173054,1.43956,-5.01025,838931549,0.180043,1.28043,0.235992,0.180256,1.28287,0.213952,0.158493,1.28441,0.213952,0.15832,1.28197,0.235992,0.200145,1.50772,0.265397,0.200397,1.51061,0.239371,0.174652,1.51243,0.239371,0.174448,1.50955,0.265397
0.0531726,0.190394,1.05598,-4.2584,838932039,0.646154,1.12001,0.258872,0.647471,1.12254,0.236756,0.627841,1.13214,0.236756,0.626589,1.12958,0.258872,0.749654,1.32276,0.292181,0.751205,1.32574,0.26615,0.728036,1.33707,0.26615,0.726563,1.33405,0.292181
0.0247141,0.19056,1.07315,-2.02056,838932040,0.626212,1.12976,0.258872,0.627464,1.13232,0.236756,0.607833,1.14192,0.236756,0.606648,1.13933,0.258872,0.726186,1.33424,0.292181,0.727659,1.33725,0.26615,0.704491,1.34858,0.26615,0.703095,1.34553,0.292181
-0.0291131,0.190396,1.09049,-3.20838,838932041,0.607118,1.14163,0.258872,0.608347,1.1442,0.236756,0.588393,1.15311,0.236756,0.587232,1.15051,0.258872,0.703475,1.34788,0.292181,0.704921,1.3509,0.26615,0.68137,1.36142,0.26615,0.680003,1.35835,0.292181
0.0832366,0.190564,1.10766,-1.82724,838932042,0.586848,1.15068,0.258872,0.58801,1.15328,0.236756,0.568056,1.16219,0.236756,0.566962,1.15955,0.258872,0.67962,1.35852,0.292181,0.680987,1.36159,0.26615,0.657437,1.3721,0.26615,0.656148,1.369,0.292181
0.0208044,0.1904,1.12501,-3.55121,838932043,0.567352,1.16187,0.258872,0.568489,1.16449,0.236756,0.548237,1.17269,0.236756,0.547167,1.17005,0.258872,0.656446,1.37136,0.292181,0.657785,1.37444,0.26615,0.633882,1.38412,0.26615,0.632623,1.38101,0.292181
0.128338,0.19057,1.14218,-27.221,838932044,0.546778,1.17021,0.258872,0.547848,1.17285,0.236756,0.527596,1.18105,0.236756,0.526594,1.17839,0.258872,0.632234,1.38117,0.292181,0.633493,1.38428,0.26615,0.60959,1.39396,0.26615,0.608411,1.39082,0.292181
-0.085122,0.190408,1.15952,-2.77442,838932045,0.526902,1.18072,0.258872,0.527948,1.18337,0.236756,0.507421,1.19086,0.236756,0.506444,1.18818,0.258872,0.608626,1.39319,0.292181,0.609857,1.39631,0.26615,0.58563,1.40515,0.26615,0.58448,1.402,0.292181
-0.0523956,0.190579,1.17669,-2.80667,838932046,0.50605,1.18833,0.258872,0.507027,1.191,0.236756,0.486501,1.1985,0.236756,0.485592,1.19579,0.258872,0.584086,1.40214,0.292181,0.585236,1.40529,0.26615,0.561009,1.41413,0.26615,0.55994,1.41095,0.292181
0.0959807,0.19059,1.21121,21.1451,838932048,0.464714,1.20501,0.258872,0.465597,1.20772,0.236756,0.444821,1.21449,0.236756,0.444008,1.21176,0.258872,0.535235,1.42142,0.292181,0.536274,1.42461,0.26615,0.511753,1.4326,0.26615,0.510796,1.42939,0.292181
0.0894983,0.190424,1.23248,21.8415,838932049,0.439383,1.21584,0.258872,0.440242,1.21856,0.236756,0.419244,1.22461,0.236756,0.418456,1.22187,0.258872,0.506132,1.43348,0.292181,0.507143,1.43668,0.26615,0.48236,1.44382,0.26615,0.481432,1.44059,0.292181
0.528083,0.190584,1.24965,3.69281,838932050,0.418052,1.22199,0.258872,0.418841,1.22472,0.236756,0.397843,1.23077,0.236756,0.397125,1.22801,0.258872,0.481029,1.44071,0.292181,0.481957,1.44393,0.26615,0.457174,1.45107,0.26615,0.456329,1.44782,0.292181
2.8077,0.190413,1.26699,0.743536,838932051,0.397189,1.23036,0.258872,0.397952,1.23311,0.236756,0.376756,1.23842,0.236756,0.376063,1.23565,0.258872,0.456296,1.4502,0.292181,0.457194,1.45343,0.26615,0.432177,1.4597,0.26615,0.431362,1.45644,0.292181
0.399157,0.190574,1.28417,2.05153,838932052,0.375656,1.23576,0.258872,0.376349,1.23852,0.236756,0.355152,1.24383,0.236756,0.354531,1.24105,0.258872,0.430955,1.45655,0.292181,0.43177,1.4598,0.26615,0.406753,1.46607,0.26615,0.406022,1.46279,0.292181
2.20181,0.190404,1.30151,-0.431605,838932053,0.354512,1.2434,0.258872,0.355179,1.24617,0.236756,0.333811,1.25074,0.236756,0.333215,1.24795,0.258872,0.405906,1.46517,0.292181,0.406691,1.46843,0.26615,0.38147,1.47382,0.26615,0.380769,1.47054,0.292181
0.913853,0.190566,1.31868,-0.895813,838932054,0.332805,1.24804,0.258872,0.3334,1.25082,0.236756,0.312032,1.25539,0.236756,0.311508,1.25259,0.258872,0.380359,1.47062,0.292181,0.38106,1.4739,0.26615,0.355839,1.47929,0.26615,0.355223,1.47599,0.292181
0.188724,0.190398,1.33602,2.1414,838932055,0.311407,1.25494,0.258872,0.311977,1.25773,0.236756,0.290462,1.26155,0.236756,0.289964,1.25874,0.258872,0.355024,1.47836,0.292181,0.355694,1.48165,0.26615,0.330301,1.48616,0.26615,0.329715,1.48285,0.292181
0.0782351,0.190561,1.35319,-2.51565,838932056,0.289551,1.25881,0.258872,0.290049,1.26162,0.236756,0.268533,1.26544,0.236756,0.268108,1.26262,0.258872,0.329302,1.48293,0.292181,0.329888,1.48623,0.26615,0.304494,1.49073,0.26615,0.303993,1.48741,0.292181
0.0110784,0.190394,1.37053,-2.38107,838932057,0.267925,1.26496,0.258872,0.268397,1.26777,0.236756,0.246762,1.27084,0.236756,0.246362,1.26802,0.258872,0.303712,1.48978,0.292181,0.304267,1.49308,0.26615,0.278732,1.4967,0.26615,0.278262,1.49338,0.292181
0.0504501,0.190559,1.38771,105.001,838932058,0.245947,1.26807,0.258872,0.246346,1.2709,0.236756,0.224711,1.27396,0.236756,0.224384,1.27113,0.258872,0.277846,1.49344,0.292181,0.278316,1.49676,0.26615,0.252781,1.50037,0.26615,0.252396,1.49704,0.292181
0.00664889,0.190394,1.40505,-2.78059,838932059,0.22412,1.27346,0.258872,0.224493,1.27629,0.236756,0.202764,1.27859,0.236756,0.202463,1.27576,0.258872,0.252033,1.49939,0.292181,0.252472,1.50272,0.26615,0.226826,1.50544,0.26615,0.226472,1.5021,0.292181
0.0542775,0.19056,1.42222,-3.48331,838932060,0.202046,1.2758,0.258872,0.202347,1.27864,0.236756,0.180617,1.28094,0.236756,0.18039,1.2781,0.258872,0.226055,1.50214,0.292181,0.226409,1.50548,0.26615,0.200763,1.5082,0.26615,0.200495,1.50486,0.292181
0.0602271,0.190396,1.43956,-2.38512,838932061,0.180044,1.28043,0.258872,0.180318,1.28327,0.236756,0.158522,1.28481,0.236756,0.15832,1.28197,0.258872,0.200049,1.50719,0.292181,0.200372,1.51053,0.26615,0.174647,1.51235,0.26615,0.17441,1.50901,0.292181
0.116291,0.190404,1.65057,-1.61438,838932073,-0.092135,1.28966,0.258872,-0.0924562,1.2925,0.236756,-0.114098,1.28948,0.236756,-0.113704,1.28666,0.258872,-0.11969,1.51563,0.292181,-0.120068,1.51897,0.26615,-0.14561,1.5154,0.26615,-0.145147,1.51208,0.292181
-0.0123382,0.207757,1.05599,-3.63031,838932551,0.646154,1.12001,0.281796,0.647637,1.12288,0.259733,0.628007,1.13248,0.259733,0.626589,1.12958,0.281796,0.749389,1.32222,0.319,0.751136,1.3256,0.293029,0.727967,1.33693,0.293029,0.726298,1.33351,0.319
0.348363,0.207938,1.07316,-8.56615,838932552,0.626212,1.12976,0.281796,0.62763,1.13266,0.259733,0.608,1.14226,0.259733,0.606648,1.13933,0.281796,0.725921,1.3337,0.319,0.72759,1.33711,0.293029,0.704421,1.34844,0.293029,0.702829,1.34499,0.319
0.11424,0.207759,1.0905,16.9415,838932553,0.607118,1.14163,0.281796,0.608501,1.14455,0.259733,0.588547,1.15346,0.259733,0.587232,1.15051,0.281796,0.703228,1.34732,0.319,0.704856,1.35076,0.293029,0.681305,1.36127,0.293029,0.679757,1.3578,0.319
0.0381909,0.207942,1.10767,-3.03842,838932554,0.586848,1.15068,0.281796,0.588164,1.15363,0.259733,0.568211,1.16253,0.259733,0.566962,1.15955,0.281796,0.679374,1.35797,0.319,0.680922,1.36144,0.293029,0.657372,1.37195,0.293029,0.655902,1.36845,0.319
-0.135389,0.207764,1.12501,-3.29856,838932555,0.567352,1.16187,0.281796,0.568631,1.16484,0.259733,0.548379,1.17304,0.259733,0.547167,1.17005,0.281796,0.656219,1.3708,0.319,0.657726,1.37429,0.293029,0.633823,1.38397,0.293029,0.632396,1.38045,0.319
0.230323,0.207949,1.14218,46.5409,838932556,0.546778,1.17021,0.281796,0.54799,1.1732,0.259733,0.527738,1.1814,0.259733,0.526594,1.17839,0.281796,0.632007,1.38061,0.319,0.633434,1.38413,0.293029,0.609531,1.39381,0.293029,0.608184,1.39026,0.319
0.0516816,0.207773,1.15953,41.3132,838932557,0.526902,1.18072,0.281796,0.528078,1.18372,0.259733,0.507551,1.19122,0.259733,0.506444,1.18818,0.281796,0.608419,1.39262,0.319,0.609802,1.39616,0.293029,0.585576,1.405,0.293029,0.584273,1.40143,0.319
-1.60157e-05,0.207958,1.1767,-2.80142,838932558,0.50605,1.18833,0.281796,0.507157,1.19136,0.259733,0.48663,1.19885,0.259733,0.485592,1.19579,0.281796,0.583879,1.40157,0.319,0.585182,1.40514,0.293029,0.560955,1.41399,0.293029,0.559733,1.41039,0.319
0.0692197,0.207784,1.19404,36.6521,838932559,0.485819,1.19814,0.281796,0.486889,1.20118,0.259733,0.466113,1.20795,0.259733,0.465113,1.20488,0.281796,0.559885,1.41275,0.319,0.561145,1.41634,0.293029,0.536624,1.42433,0.293029,0.535447,1.42072,0.319
0.052158,0.207971,1.21121,-3.85241,838932560,0.464714,1.20501,0.281796,0.465714,1.20808,0.259733,0.444939,1.21485,0.259733,0.444008,1.21176,0.281796,0.535048,1.42085,0.319,0.536225,1.42446,0.293029,0.511704,1.43245,0.293029,0.510609,1.42881,0.319
-0.0262451,0.20779,1.23249,-1.79229,838932561,0.439383,1.21584,0.281796,0.440347,1.21893,0.259733,0.419349,1.22497,0.259733,0.418456,1.22187,0.281796,0.505965,1.4329,0.319,0.507099,1.43653,0.293029,0.482316,1.44367,0.293029,0.481265,1.44001,0.319
0.286889,0.207964,1.24966,3.13911,838932562,0.418052,1.22199,0.281796,0.418946,1.22509,0.259733,0.397948,1.23113,0.259733,0.397125,1.22801,0.281796,0.480862,1.44013,0.319,0.481913,1.44378,0.293029,0.45713,1.45092,0.293029,0.456162,1.44724,0.319
0.156955,0.207778,1.267,-7.26646,838932563,0.397189,1.23036,0.281796,0.398044,1.23348,0.259733,0.376848,1.23879,0.259733,0.376063,1.23565,0.281796,0.456149,1.44961,0.319,0.457156,1.45328,0.293029,0.432139,1.45954,0.293029,0.431216,1.45586,0.319
0.083035,0.207953,1.28417,-39.0649,838932564,0.375656,1.23576,0.281796,0.376441,1.23889,0.259733,0.355244,1.2442,0.259733,0.354531,1.24105,0.281796,0.430808,1.45596,0.319,0.431732,1.45965,0.293029,0.406715,1.46591,0.293029,0.405875,1.46221,0.319
0.382038,0.207768,1.30152,1.80646,838932565,0.354512,1.2434,0.281796,0.355259,1.24654,0.259733,0.33389,1.25111,0.259733,0.333215,1.24795,0.281796,0.40578,1.46458,0.319,0.406658,1.46827,0.293029,0.381437,1.47366,0.293029,0.380643,1.46995,0.319
5.03034,0.207945,1.31869,0.363806,838932566,0.332805,1.24804,0.281796,0.333479,1.25119,0.259733,0.312111,1.25576,0.259733,0.311508,1.25259,0.281796,0.380233,1.47003,0.319,0.381027,1.47375,0.293029,0.355806,1.47914,0.293029,0.355096,1.4754,0.319
0.662109,0.207761,1.33603,1.78937,838932567,0.311407,1.25494,0.281796,0.312043,1.2581,0.259733,0.290528,1.26192,0.259733,0.289964,1.25874,0.281796,0.354918,1.47777,0.319,0.355667,1.4815,0.293029,0.330273,1.486,0.293029,0.32961,1.48226,0.319
0.0796437,0.20794,1.3532,-42.1356,838932568,0.289551,1.25881,0.281796,0.290115,1.26199,0.259733,0.268599,1.26581,0.259733,0.268108,1.26262,0.281796,0.329196,1.48233,0.319,0.32986,1.48607,0.293029,0.304467,1.49058,0.293029,0.303888,1.48682,0.319
0.081699,0.207758,1.37054,31.7897,838932569,0.267925,1.26496,0.281796,0.26845,1.26815,0.259733,0.246815,1.27121,0.259733,0.246362,1.26802,0.281796,0.303627,1.48918,0.319,0.304245,1.49293,0.293029,0.27871,1.49654,0.293029,0.278177,1.49278,0.319
0.07937,0.207937,1.38771,-19.7446,838932570,0.245947,1.26807,0.281796,0.246399,1.27127,0.259733,0.224764,1.27433,0.259733,0.224384,1.27113,0.281796,0.277762,1.49284,0.319,0.278294,1.4966,0.293029,0.252759,1.50022,0.293029,0.252312,1.49644,0.319
0.272315,0.207757,1.40506,3.2548,838932571,0.22412,1.27346,0.281796,0.224533,1.27667,0.259733,0.202804,1.27897,0.259733,0.202463,1.27576,0.281796,0.251969,1.49879,0.319,0.252455,1.50256,0.293029,0.22681,1.50528,0.293029,0.226409,1.5015,0.319
0.101648,0.207938,1.42222,-12.9665,838932572,0.202046,1.27581,0.281796,0.202386,1.27902,0.259733,0.180657,1.28132,0.259733,0.18039,1.2781,0.281796,0.225991,1.50154,0.319,0.226392,1.50532,0.293029,0.200746,1.50804,0.293029,0.200431,1.50426,0.319
0.0645858,0.207759,1.43957,-1.50764,838932573,0.180044,1.28043,0.281796,0.180345,1.28364,0.259733,0.158549,1.28519,0.259733,0.15832,1.28197,0.281796,0.200007,1.50659,0.319,0.200361,1.51037,0.293029,0.174636,1.5122,0.293029,0.174367,1.50841,0.319
0.237361,0.207784,-1.24942,-38.4553,838932779,0.397987,-1.2301,0.281796,0.399126,-1.23312,0.259733,0.419393,-1.22496,0.259733,0.418186,-1.22196,0.281796,0.479204,-1.44212,0.319,0.480544,-1.44568,0.293029,0.504464,-1.43604,0.293029,0.503044,-1.43251,0.319
0.113616,0.225102,1.056,-22.6151,838933063,0.646154,1.12001,0.304781,0.647803,1.12322,0.282776,0.628173,1.13282,0.282776,0.626589,1.12958,0.304781,0.749095,1.32162,0.345868,0.751036,1.32539,0.319967,0.727867,1.33672,0.319967,0.726003,1.33291,0.345868
0.583452,0.225298,1.07316,-0.340515,838933064,0.626212,1.12976,0.304781,0.627796,1.133,0.282776,0.608165,1.1426,0.282776,0.606647,1.13933,0.304781,0.725626,1.33309,0.345868,0.72749,1.33691,0.319967,0.704322,1.34823,0.319967,0.702535,1.34438,0.345868
0.106818,0.225104,1.09051,-2.30604,838933065,0.607118,1.14163,0.304781,0.608655,1.14489,0.282776,0.588701,1.1538,0.282776,0.587232,1.15051,0.304781,0.702955,1.34671,0.345868,0.704763,1.35055,0.319967,0.681213,1.36106,0.319967,0.679483,1.35719,0.345868
0.0816233,0.225302,1.10768,-20.6327,838933066,0.586848,1.15068,0.304781,0.588318,1.15397,0.282776,0.568364,1.16288,0.282776,0.566962,1.15955,0.304781,0.6791,1.35736,0.345868,0.68083,1.36124,0.319967,0.65728,1.37175,0.319967,0.655629,1.36784,0.345868
-0.0755737,0.22511,1.12502,-3.22611,838933067,0.567352,1.16187,0.304781,0.568773,1.16519,0.282776,0.548521,1.17339,0.282776,0.547167,1.17005,0.304781,0.655967,1.37018,0.345868,0.657641,1.37408,0.319967,0.633738,1.38376,0.319967,0.632144,1.37983,0.345868
0.0492086,0.225309,1.14219,-3.16156,838933068,0.546778,1.17021,0.304781,0.548132,1.17355,0.282776,0.527879,1.18175,0.282776,0.526594,1.17839,0.304781,0.631755,1.37999,0.345868,0.633349,1.38392,0.319967,0.609446,1.3936,0.319967,0.607932,1.38964,0.345868
0.0632333,0.225119,1.15954,-3.24849,838933069,0.526902,1.18072,0.304781,0.528207,1.18408,0.282776,0.507681,1.19157,0.282776,0.506444,1.18818,0.304781,0.608189,1.39199,0.345868,0.609725,1.39595,0.319967,0.585498,1.40479,0.319967,0.584043,1.4008,0.345868
0.092657,0.225319,1.1767,-11.803,838933070,0.50605,1.18833,0.304781,0.507286,1.19171,0.282776,0.48676,1.19921,0.282776,0.485592,1.19579,0.304781,0.583649,1.40094,0.345868,0.585104,1.40493,0.319967,0.560877,1.41377,0.319967,0.559503,1.40976,0.345868
-0.0610384,0.225131,1.19405,-3.22341,838933071,0.485819,1.19814,0.304781,0.487006,1.20154,0.282776,0.46623,1.20831,0.282776,0.465113,1.20488,0.304781,0.559678,1.41212,0.345868,0.561074,1.41612,0.319967,0.536554,1.42411,0.319967,0.535239,1.42008,0.345868
0.0343336,0.225333,1.21122,-3.1958,838933072,0.464714,1.20501,0.304781,0.465831,1.20844,0.282776,0.445056,1.21521,0.282776,0.444008,1.21176,0.304781,0.53484,1.42021,0.345868,0.536155,1.42425,0.319967,0.511634,1.43224,0.319967,0.510401,1.42817,0.345868
0.506863,0.225138,1.23249,-7.21635,838933073,0.439383,1.21584,0.304781,0.440451,1.21929,0.282776,0.419453,1.22534,0.282776,0.418456,1.22187,0.304781,0.50578,1.43226,0.345868,0.507037,1.43631,0.319967,0.482254,1.44345,0.319967,0.48108,1.43937,0.345868
0.0562423,0.225326,1.24966,-4.33944,838933074,0.418052,1.22199,0.304781,0.41905,1.22545,0.282776,0.398052,1.2315,0.282776,0.397125,1.22801,0.304781,0.480676,1.43949,0.345868,0.48185,1.44356,0.319967,0.457068,1.4507,0.319967,0.455976,1.4466,0.345868
0.0841399,0.225124,1.26701,-3.65125,838933075,0.397189,1.23036,0.304781,0.398136,1.23384,0.282776,0.376939,1.23915,0.282776,0.376063,1.23565,0.304781,0.455986,1.44896,0.345868,0.457101,1.45306,0.319967,0.432084,1.45932,0.319967,0.431053,1.45521,0.345868
0.0819194,0.225314,1.28418,-3.6845,838933076,0.375656,1.23576,0.304781,0.376532,1.23925,0.282776,0.355336,1.24456,0.282776,0.354531,1.24105,0.304781,0.430646,1.45531,0.345868,0.431677,1.45943,0.319967,0.40666,1.46569,0.319967,0.405712,1.46155,0.345868
0.0653475,0.225114,1.30153,19.3971,838933077,0.354512,1.2434,0.304781,0.355337,1.24691,0.282776,0.333969,1.25148,0.282776,0.333215,1.24795,0.304781,0.405639,1.46392,0.345868,0.40661,1.46805,0.319967,0.38139,1.47344,0.319967,0.380503,1.46929,0.345868
1.65811,0.225305,1.31869,-12.2764,838933078,0.332805,1.24804,0.304781,0.333558,1.25156,0.282776,0.312189,1.25613,0.282776,0.311508,1.25259,0.304781,0.380093,1.46938,0.345868,0.380979,1.47353,0.319967,0.355759,1.47892,0.319967,0.354956,1.47475,0.345868
0.0852438,0.225107,1.33604,-3.15968,838933079,0.311407,1.25494,0.304781,0.312109,1.25848,0.282776,0.290594,1.26229,0.282776,0.289964,1.25874,0.304781,0.354801,1.47711,0.345868,0.355627,1.48127,0.319967,0.330234,1.48578,0.319967,0.329493,1.4816,0.345868
-0.0216103,0.225299,1.35321,-3.4942,838933080,0.289551,1.25881,0.304781,0.290181,1.26236,0.282776,0.268665,1.26618,0.282776,0.268108,1.26262,0.304781,0.329079,1.48167,0.345868,0.329821,1.48585,0.319967,0.304427,1.49035,0.319967,0.303771,1.48616,0.345868
0.0502002,0.225103,1.37055,-3.32455,838933081,0.267925,1.26496,0.304781,0.268503,1.26852,0.282776,0.246868,1.27159,0.282776,0.246362,1.26802,0.304781,0.303533,1.48851,0.345868,0.304213,1.4927,0.319967,0.278678,1.49632,0.319967,0.278083,1.49212,0.345868
0.219863,0.225297,1.38772,-9.64801,838933082,0.245947,1.26807,0.304781,0.246452,1.27164,0.282776,0.224817,1.27471,0.282776,0.224384,1.27113,0.304781,0.277668,1.49217,0.345868,0.278263,1.49638,0.319967,0.252727,1.49999,0.319967,0.252218,1.49578,0.345868
2.41161,0.225102,1.40506,-0.19462,838933083,0.22412,1.27346,0.304781,0.224573,1.27704,0.282776,0.202844,1.27935,0.282776,0.202463,1.27576,0.304781,0.251898,1.49812,0.345868,0.252432,1.50233,0.319967,0.226786,1.50505,0.319967,0.226338,1.50083,0.345868
0.296961,0.225298,1.42223,3.1793,838933084,0.202046,1.27581,0.304781,0.202426,1.27939,0.282776,0.180697,1.2817,0.282776,0.18039,1.2781,0.304781,0.225921,1.50088,0.345868,0.226368,1.5051,0.319967,0.200722,1.50782,0.319967,0.20036,1.50359,0.345868
0.13262,0.225104,1.43958,-15.7342,838933085,0.180044,1.28043,0.304781,0.180372,1.28402,0.282776,0.158575,1.28556,0.282776,0.15832,1.28197,0.304781,0.199959,1.50592,0.345868,0.200345,1.51015,0.319967,0.17462,1.51197,0.319967,0.17432,1.50774,0.345868
0.143797,0.22511,1.47409,13.0593,838933087,0.135752,1.28585,0.304781,0.135954,1.28945,0.282776,0.114117,1.29023,0.282776,0.113988,1.28663,0.304781,0.147779,1.5119,0.345868,0.148017,1.51614,0.319967,0.122244,1.51706,0.319967,0.122092,1.51282,0.345868
-0.00622654,0.242429,1.05601,-3.71431,838933575,0.646154,1.12001,0.327834,0.647968,1.12356,0.305894,0.628338,1.13315,0.305894,0.626589,1.12958,0.327834,0.748771,1.32096,0.372793,0.750907,1.32513,0.346968,0.727738,1.33646,0.346968,0.725679,1.33225,0.372792
-0.0375479,0.242639,1.07317,-3.30224,838933576,0.626212,1.12976,0.327834,0.627961,1.13334,0.305894,0.608331,1.14294,0.305894,0.606648,1.13933,0.327834,0.725302,1.33243,0.372792,0.727361,1.33664,0.346968,0.704192,1.34797,0.346968,0.702211,1.34372,0.372793
0.0178322,0.242432,1.09052,-4.02918,838933577,0.607118,1.14163,0.327834,0.608808,1.14524,0.305894,0.588855,1.15414,0.305894,0.587232,1.15051,0.327834,0.702655,1.34604,0.372792,0.704644,1.35028,0.346967,0.681094,1.3608,0.346968,0.679183,1.35652,0.372793
0.0719805,0.242644,1.10768,-2.34642,838933578,0.586848,1.15068,0.327834,0.588471,1.15431,0.305894,0.568518,1.16322,0.305894,0.566962,1.15955,0.327834,0.6788,1.35669,0.372792,0.68071,1.36097,0.346968,0.65716,1.37148,0.346967,0.655328,1.36716,0.372792
-0.108326,0.242438,1.12503,-3.99369,838933579,0.567352,1.16187,0.327834,0.568915,1.16554,0.305894,0.548662,1.17374,0.305894,0.547167,1.17005,0.327834,0.655691,1.36949,0.372793,0.65753,1.37381,0.346968,0.633627,1.38349,0.346968,0.631867,1.37914,0.372793
0.0334795,0.242651,1.1422,-3.0654,838933580,0.546778,1.17021,0.327834,0.548273,1.1739,0.305894,0.528021,1.1821,0.305894,0.526594,1.17839,0.327834,0.631479,1.3793,0.372793,0.633238,1.38365,0.346968,0.609335,1.39333,0.346968,0.607655,1.38895,0.372792
0.0218349,0.242447,1.15955,56.0819,838933581,0.526902,1.18072,0.327834,0.528336,1.18443,0.305894,0.50781,1.19192,0.305894,0.506444,1.18818,0.327834,0.607936,1.3913,0.372792,0.609624,1.39567,0.346967,0.585397,1.40451,0.346968,0.58379,1.40011,0.372793
0.0121953,0.242663,1.17671,-4.27404,838933582,0.50605,1.18833,0.327834,0.507415,1.19207,0.305894,0.486889,1.19956,0.305894,0.485592,1.19579,0.327834,0.583396,1.40025,0.372792,0.585003,1.40465,0.346968,0.560776,1.4135,0.346967,0.55925,1.40906,0.372792
0.0322546,0.24246,1.19406,-4.19191,838933583,0.485819,1.19814,0.327834,0.487123,1.2019,0.305894,0.466347,1.20867,0.305894,0.465113,1.20488,0.327834,0.559449,1.41142,0.372792,0.560983,1.41585,0.346967,0.536463,1.42384,0.346968,0.53501,1.41938,0.372793
0.0745526,0.242677,1.21123,-34.1309,838933584,0.464714,1.20501,0.327834,0.465948,1.2088,0.305894,0.445172,1.21557,0.305894,0.444008,1.21176,0.327834,0.534611,1.41951,0.372793,0.536064,1.42397,0.346968,0.511543,1.43196,0.346967,0.510173,1.42747,0.372792
0.710191,0.242468,1.2325,-0.730674,838933585,0.439383,1.21584,0.327834,0.440555,1.21965,0.305894,0.419557,1.2257,0.305894,0.418456,1.22187,0.327834,0.505576,1.43155,0.372792,0.506955,1.43603,0.346967,0.482172,1.44316,0.346968,0.480876,1.43866,0.372793
0.193492,0.242669,1.24967,8.17444,838933586,0.418052,1.22199,0.327834,0.419154,1.22581,0.305894,0.398156,1.23186,0.305894,0.397125,1.22801,0.327834,0.480472,1.43878,0.372793,0.481769,1.44328,0.346968,0.456986,1.45042,0.346968,0.455772,1.44589,0.372793
0.075653,0.242453,1.26702,-37.2887,838933587,0.397189,1.23036,0.327834,0.398227,1.23421,0.305894,0.377031,1.23952,0.305894,0.376063,1.23565,0.327834,0.455807,1.44825,0.372792,0.457029,1.45277,0.346967,0.432012,1.45904,0.346968,0.430874,1.45449,0.372793
0.0110339,0.242657,1.28419,-4.45977,838933588,0.375656,1.23576,0.327834,0.376624,1.23962,0.305894,0.355427,1.24493,0.305894,0.354531,1.24105,0.327834,0.430466,1.45459,0.372792,0.431605,1.45914,0.346967,0.406588,1.46541,0.346967,0.405533,1.46084,0.372792
-0.0424792,0.242442,1.30153,-4.45378,838933589,0.354513,1.2434,0.327834,0.355416,1.24728,0.305894,0.334047,1.25184,0.305894,0.333215,1.24795,0.327834,0.405485,1.4632,0.372792,0.406549,1.46776,0.346968,0.381328,1.47315,0.346967,0.380349,1.46857,0.372792
0.0175212,0.242647,1.3187,-3.04406,838933590,0.332805,1.24804,0.327834,0.333637,1.25193,0.305894,0.312268,1.2565,0.305894,0.311508,1.25259,0.327834,0.379939,1.46866,0.372792,0.380918,1.47324,0.346967,0.355697,1.47863,0.346968,0.354802,1.47403,0.372793
-0.0310909,0.242434,1.33605,-3.06991,838933591,0.311407,1.25494,0.327834,0.312175,1.25885,0.305894,0.29066,1.26266,0.305894,0.289964,1.25874,0.327834,0.354672,1.47638,0.372792,0.355576,1.48098,0.346967,0.330182,1.48549,0.346967,0.329364,1.48087,0.372792
-0.00570657,0.242641,1.35321,-3.39533,838933592,0.289551,1.25881,0.327834,0.290246,1.26274,0.305894,0.268731,1.26655,0.305894,0.268108,1.26262,0.327834,0.328951,1.48094,0.372793,0.329769,1.48556,0.346968,0.304376,1.49006,0.346967,0.303642,1.48543,0.372792
-0.0650166,0.24243,1.37056,-3.71415,838933593,0.267925,1.26496,0.327834,0.268556,1.2689,0.305894,0.24692,1.27196,0.305894,0.246362,1.26802,0.327834,0.30343,1.48778,0.372792,0.304172,1.49241,0.346968,0.278637,1.49603,0.346968,0.27798,1.49139,0.372793
-0.0585861,0.242638,1.38772,-3.83927,838933594,0.245947,1.26807,0.327834,0.246505,1.27202,0.305894,0.22487,1.27508,0.305894,0.224384,1.27113,0.327834,0.277564,1.49145,0.372792,0.278221,1.49609,0.346967,0.252686,1.4997,0.346967,0.252115,1.49505,0.372792
0.126581,0.242429,1.40507,23.4072,838933595,0.22412,1.27346,0.327834,0.224612,1.27742,0.305894,0.202883,1.27972,0.305894,0.202463,1.27576,0.327834,0.25182,1.49739,0.372792,0.252401,1.50204,0.346968,0.226755,1.50476,0.346967,0.22626,1.5001,0.372792
0.063777,0.242639,1.42224,-3.52917,838933596,0.202046,1.2758,0.327834,0.202466,1.27976,0.305894,0.180737,1.28207,0.305894,0.18039,1.2781,0.327834,0.225843,1.50014,0.372792,0.226337,1.50481,0.346967,0.200691,1.50753,0.346967,0.200283,1.50286,0.372792
0.01796,0.242432,1.43958,-3.59215,838933597,0.180044,1.28043,0.327834,0.180398,1.2844,0.305894,0.158602,1.28594,0.305894,0.15832,1.28197,0.327834,0.199907,1.50518,0.372792,0.200324,1.50985,0.346967,0.174599,1.51168,0.346968,0.174268,1.507,0.372792
0.152105,0.242638,1.73679,19.1966,838933614,-0.202592,1.27572,0.327834,-0.203416,1.27961,0.305894,-0.224794,1.27509,0.305894,-0.223899,1.27121,0.327834,-0.249279,1.49643,0.372793,-0.250249,1.50102,0.346968,-0.27548,1.49568,0.346968,-0.274426,1.49111,0.372793
-0.103178,0.259739,1.05602,-5.0181,838934087,0.646154,1.12001,0.350962,0.648133,1.12389,0.329094,0.628503,1.13349,0.329094,0.626589,1.12958,0.350962,0.748418,1.32024,0.399779,0.750748,1.32481,0.374038,0.727579,1.33613,0.374038,0.725327,1.33153,0.399779
-0.0670192,0.259963,1.07318,-4.0065,838934088,0.626212,1.12976,0.350962,0.628126,1.13368,0.329094,0.608496,1.14327,0.329094,0.606648,1.13933,0.350962,0.72495,1.33171,0.399779,0.727202,1.33632,0.374038,0.704034,1.34765,0.374038,0.701858,1.343,0.399779
-0.0640431,0.259741,1.09053,-4.59844,838934089,0.607118,1.14163,0.350962,0.608961,1.14558,0.329094,0.589008,1.15449,0.329094,0.587232,1.15051,0.350962,0.702327,1.34531,0.399779,0.704496,1.34995,0.374038,0.680946,1.36047,0.374038,0.678856,1.35578,0.399779
-0.0445898,0.259968,1.10769,-4.89335,838934090,0.586848,1.15068,0.350962,0.588624,1.15466,0.329094,0.568671,1.16356,0.329094,0.566962,1.15955,0.350962,0.678472,1.35595,0.399779,0.680563,1.36064,0.374038,0.657013,1.37115,0.374038,0.655001,1.36643,0.399779
0.0089451,0.259772,1.19407,-3.62263,838934095,0.485819,1.19814,0.350962,0.487239,1.20226,0.329094,0.466463,1.20903,0.329094,0.465113,1.20488,0.350962,0.5592,1.41065,0.399779,0.560871,1.4155,0.374038,0.536351,1.42349,0.374038,0.534762,1.41862,0.399779
0.050886,0.260004,1.21123,28.8259,838934096,0.464714,1.20501,0.350962,0.466064,1.20916,0.329094,0.445289,1.21593,0.329094,0.444008,1.21176,0.350962,0.534363,1.41875,0.399779,0.535952,1.42362,0.374038,0.511431,1.43161,0.374038,0.509924,1.42671,0.399779
0.254755,0.25978,1.23251,-26.835,838934097,0.439383,1.21584,0.350962,0.440659,1.22001,0.329094,0.419661,1.22606,0.329094,0.418456,1.22187,0.350962,0.505353,1.43078,0.399779,0.506855,1.43568,0.374038,0.482072,1.44282,0.374038,0.480653,1.43789,0.399779
2.50522,0.259995,1.24968,0.842734,838934098,0.418052,1.22199,0.350962,0.419258,1.22617,0.329094,0.39826,1.23222,0.329094,0.397125,1.22801,0.350962,0.48025,1.43801,0.399779,0.481669,1.44293,0.374038,0.456886,1.45007,0.374038,0.45555,1.44512,0.399779
0.257525,0.259764,1.26703,-2.80534,838934099,0.397189,1.23036,0.350962,0.398318,1.23457,0.329094,0.377122,1.23988,0.329094,0.376063,1.23565,0.350962,0.455612,1.44747,0.399779,0.456942,1.45242,0.374038,0.431925,1.45869,0.374038,0.430678,1.45371,0.399779
0.00578642,0.259982,1.28419,-5.04513,838934100,0.375656,1.23576,0.350962,0.376715,1.23998,0.329094,0.355518,1.24529,0.329094,0.354531,1.24105,0.350962,0.430271,1.45382,0.399779,0.431517,1.45879,0.374038,0.4065,1.46506,0.374038,0.405338,1.46006,0.399779
0.00976352,0.25974,1.37057,-3.38115,838934105,0.267925,1.26496,0.350962,0.268608,1.26927,0.329094,0.246973,1.27233,0.329094,0.246362,1.26802,0.350962,0.303317,1.48699,0.399779,0.304121,1.49205,0.374038,0.278586,1.49567,0.374038,0.277867,1.49059,0.399779
-0.0550908,0.259962,1.38773,-4.40078,838934106,0.245947,1.26807,0.350962,0.246557,1.27239,0.329094,0.224922,1.27545,0.329094,0.224384,1.27113,0.350962,0.277452,1.49065,0.399779,0.278171,1.49573,0.374038,0.252635,1.49934,0.374038,0.252002,1.49425,0.399779
0.295977,0.259739,1.40508,-0.790569,838934107,0.22412,1.27346,0.350962,0.224652,1.27779,0.329094,0.202923,1.28009,0.329094,0.202463,1.27576,0.350962,0.251736,1.49659,0.399779,0.252362,1.50168,0.374038,0.226716,1.5044,0.374038,0.226175,1.4993,0.399779
0.0177466,0.259963,1.42224,-5.24534,838934108,0.202046,1.2758,0.350962,0.202506,1.28014,0.329094,0.180777,1.28244,0.329094,0.18039,1.2781,0.350962,0.225758,1.49935,0.399779,0.226299,1.50445,0.374038,0.200653,1.50717,0.374038,0.200198,1.50206,0.399779
-0.0598846,0.259741,1.43959,-5.3012,838934109,0.180044,1.28043,0.350962,0.180425,1.28477,0.329094,0.158628,1.28631,0.329094,0.15832,1.28197,0.350962,0.19985,1.50438,0.399779,0.200299,1.50949,0.374038,0.174573,1.51132,0.374038,0.174211,1.5062,0.399779
-0.0293361,0.27712,1.19407,-4.67107,838934607,0.48582,1.19814,0.374308,0.487394,1.20263,0.352398,0.466588,1.20941,0.352398,0.465114,1.20488,0.374308,0.558857,1.40987,0.42688,0.560702,1.41513,0.4012,0.536226,1.42311,0.4012,0.534499,1.41781,0.42688
-0.0203157,0.277367,1.21125,-5.61329,838934608,0.464714,1.20501,0.374308,0.466188,1.20954,0.352398,0.445381,1.21632,0.352398,0.444008,1.21176,0.374308,0.534099,1.41794,0.42688,0.535826,1.42324,0.4012,0.511351,1.43121,0.4012,0.509741,1.42587,0.42688
0.0366376,0.277129,1.23251,-3.64315,838934609,0.439384,1.21584,0.374308,0.440802,1.22039,0.352398,0.419772,1.22644,0.352398,0.418456,1.22187,0.374308,0.505037,1.42998,0.42688,0.506699,1.43531,0.4012,0.481961,1.44243,0.4012,0.480419,1.43707,0.42688
1.27068,0.277358,1.24969,1.28298,838934610,0.418052,1.22199,0.374308,0.419368,1.22656,0.352398,0.398339,1.23261,0.352398,0.397124,1.22801,0.374308,0.480014,1.43719,0.42688,0.481557,1.44255,0.4012,0.45682,1.44967,0.4012,0.455396,1.44428,0.42688
0.230438,0.277112,1.26703,8.70553,838934611,0.397189,1.23036,0.374308,0.398447,1.23495,0.352398,0.37722,1.24027,0.352398,0.376064,1.23565,0.374308,0.455323,1.44666,0.42688,0.456798,1.45204,0.4012,0.431827,1.4583,0.4012,0.430472,1.45289,0.42688
-0.0344116,0.277344,1.2842,-4.31242,838934612,0.375656,1.23576,0.374308,0.376811,1.24037,0.352398,0.355584,1.24569,0.352398,0.35453,1.24105,0.374308,0.430064,1.45299,0.42688,0.431419,1.4584,0.4012,0.406448,1.46465,0.4012,0.405213,1.45922,0.42688
0.10398,0.2771,1.30154,-7.54762,838934613,0.354513,1.2434,0.374308,0.35561,1.24803,0.352398,0.33421,1.2526,0.352398,0.333216,1.24795,0.374308,0.405057,1.4616,0.42688,0.406343,1.46703,0.4012,0.381169,1.4724,0.4012,0.380004,1.46695,0.42688
-0.00245282,0.277086,1.37057,-5.00227,838934617,0.267926,1.26496,0.374308,0.268697,1.26966,0.352398,0.24703,1.27273,0.352398,0.246363,1.26802,0.374308,0.303115,1.48616,0.42688,0.304019,1.49166,0.4012,0.27853,1.49527,0.4012,0.277749,1.48975,0.42688
-0.0328158,0.277323,1.38774,-5.7111,838934618,0.245946,1.26807,0.374308,0.246613,1.27278,0.352398,0.224946,1.27585,0.352398,0.224383,1.27113,0.374308,0.277332,1.48981,0.42688,0.278114,1.49533,0.4012,0.252625,1.49894,0.4012,0.251966,1.4934,0.42688
0.0843078,0.277085,1.40508,6.38543,838934619,0.22412,1.27346,0.374308,0.224727,1.27818,0.352398,0.202966,1.28049,0.352398,0.202464,1.27576,0.374308,0.251562,1.49575,0.42688,0.252273,1.50128,0.4012,0.226675,1.504,0.4012,0.226086,1.49846,0.42688
0.0496853,0.277324,1.42226,-4.30339,838934620,0.202045,1.27581,0.374308,0.202547,1.28054,0.352398,0.180786,1.28284,0.352398,0.180389,1.2781,0.374308,0.225668,1.4985,0.42688,0.226256,1.50404,0.4012,0.200657,1.50676,0.4012,0.200192,1.5012,0.42688
-0.0108411,0.277088,1.4396,-5.05038,838934621,0.180044,1.28043,0.374308,0.180486,1.28517,0.352398,0.158657,1.28671,0.352398,0.158321,1.28197,0.374308,0.199706,1.50354,0.42688,0.200224,1.50909,0.4012,0.174546,1.51091,0.4012,0.174151,1.50535,0.42688
0.118439,0.277324,-1.71934,48.0002,838934800,-0.202045,-1.27581,0.374308,-0.202547,-1.28054,0.352398,-0.180786,-1.28284,0.352398,-0.180389,-1.2781,0.374308,-0.225668,-1.4985,0.42688,-0.226256,-1.50404,0.4012,-0.200657,-1.50676,0.4012,-0.200192,-1.5012,0.42688
0.094176,0.294752,1.21125,-3.22598,838935120,0.464714,1.20501,0.397732,0.466301,1.20988,0.375905,0.445495,1.21666,0.375905,0.444008,1.21176,0.397732,0.533816,1.41707,0.454045,0.535677,1.42278,0.428462,0.511201,1.43076,0.428462,0.509458,1.42501,0.454045
0.0278777,0.294499,1.23252,53.6534,838935121,0.439384,1.21584,0.397732,0.440903,1.22074,0.375905,0.419874,1.22679,0.375905,0.418456,1.22187,0.397732,0.504785,1.42911,0.454045,0.506565,1.43484,0.428462,0.481828,1.44197,0.428462,0.480166,1.4362,0.454045
0.0357125,0.294742,1.24969,-54.0376,838935122,0.418052,1.22199,0.397732,0.419469,1.22691,0.375905,0.39844,1.23296,0.375905,0.397124,1.22801,0.397732,0.479762,1.43631,0.454045,0.481424,1.44208,0.428462,0.456686,1.44921,0.428462,0.455144,1.4434,0.454045
0.0475441,0.294482,1.26704,-3.1464,838935123,0.397189,1.23036,0.397732,0.398536,1.23531,0.375905,0.377308,1.24062,0.375905,0.376064,1.23565,0.397732,0.455102,1.44578,0.454045,0.456681,1.45158,0.428462,0.43171,1.45783,0.428462,0.430251,1.452,0.454045
-0.016681,0.294726,1.28421,-2.30759,838935124,0.375656,1.23576,0.397732,0.3769,1.24073,0.375905,0.355673,1.24604,0.375905,0.35453,1.24105,0.397732,0.429843,1.45211,0.454045,0.431302,1.45793,0.428462,0.406331,1.46419,0.428462,0.404992,1.45833,0.454045
-0.0668284,0.294454,1.37058,-3.28212,838935129,0.267926,1.26496,0.397732,0.268748,1.27002,0.375905,0.247081,1.27309,0.375905,0.246363,1.26802,0.397732,0.302987,1.48526,0.454045,0.303951,1.49118,0.428462,0.278463,1.49479,0.428462,0.277621,1.48885,0.454045
0.0382948,0.294705,1.38775,-2.06177,838935130,0.245946,1.26807,0.397732,0.246664,1.27315,0.375905,0.224997,1.27621,0.375905,0.224383,1.27113,0.397732,0.277204,1.48891,0.454045,0.278046,1.49485,0.428462,0.252558,1.49846,0.428462,0.251839,1.4925,0.454045
0.0697506,0.294453,1.40509,-4.2656,838935131,0.22412,1.27346,0.397732,0.224766,1.27855,0.375905,0.203004,1.28086,0.375905,0.202464,1.27576,0.397732,0.251466,1.49485,0.454045,0.252222,1.50081,0.428462,0.226624,1.50352,0.428462,0.22599,1.49755,0.454045
0.035245,0.294706,1.42226,-3.41592,838935132,0.202045,1.27581,0.397732,0.202586,1.2809,0.375905,0.180824,1.28321,0.375905,0.180389,1.2781,0.397732,0.225572,1.49759,0.454045,0.226205,1.50357,0.428462,0.200606,1.50628,0.428462,0.200096,1.5003,0.454045
0.0670324,0.294456,1.4396,-3.98584,838935133,0.180044,1.28043,0.397732,0.180512,1.28553,0.375905,0.158683,1.28708,0.375905,0.158321,1.28197,0.397732,0.199641,1.50263,0.454045,0.200189,1.50861,0.428462,0.174511,1.51043,0.428462,0.174087,1.50444,0.454045
0.145901,0.346453,1.09056,-2.57894,838936649,0.607119,1.14163,0.468607,0.609747,1.14726,0.447065,0.589764,1.15618,0.447065,0.587232,1.15051,0.468606,0.700265,1.34089,0.536045,0.703346,1.34749,0.510795,0.679839,1.35798,0.510795,0.676871,1.35133,0.536045
0.150177,0.346744,1.42228,9.80912,838936668,0.202045,1.2758,0.468607,0.202701,1.28198,0.447065,0.180939,1.28429,0.447065,0.180389,1.2781,0.468606,0.225244,1.4945,0.536045,0.226012,1.50174,0.510795,0.200413,1.50446,0.510795,0.199768,1.49721,0.536045
0.174647,0.433656,0.827726,-2.09614,838939194,0.881963,0.943584,0.589926,0.88711,0.949708,0.568831,0.870335,0.963809,0.56883,0.865292,0.957597,0.589926,1.01949,1.10719,0.67498,1.02549,1.11433,0.650384,1.00584,1.13085,0.650384,0.999961,1.1236,0.67498
0.678505,0.472556,-3.06367,-49.7001,838940355,-1.28989,-0.0895942,0.646196,-1.29849,-0.0906287,0.62537,-1.29546,-0.112361,0.62537,-1.28688,-0.111163,0.646196,-1.49934,-0.115195,0.737862,-1.50931,-0.116394,0.713722,-1.50577,-0.141724,0.713722,-1.49583,-0.140335,0.737862
0.286423,0.49023,2.57308,49.4389,838940830,-1.0824,0.704711,0.671209,-1.09018,0.709212,0.65052,-1.10117,0.690219,0.65052,-1.09331,0.685861,0.671209,-1.26376,0.809632,0.766148,-1.27278,0.814849,0.742167,-1.28558,0.792712,0.742167,-1.27647,0.787661,0.766148
0.117382,0.61039,1.21137,-15.7357,838944336,0.464711,1.20501,0.851239,0.46815,1.21557,0.831665,0.447262,1.22237,0.831665,0.444005,1.21176,0.851239,0.526179,1.39364,0.967656,0.53014,1.4058,0.945111,0.50593,1.41369,0.945111,0.502178,1.40146,0.967656
0.293945,0.627486,0.827802,-47.9532,838944826,0.88196,0.943586,0.877931,0.889329,0.952352,0.858414,0.872493,0.966504,0.858414,0.86529,0.957599,0.877931,1.00855,1.09417,0.997136,1.01697,1.1042,0.974811,0.997579,1.12051,0.974811,0.989339,1.11032,0.997136
0.283454,0.678322,2.17239,-46.8727,838946439,-0.722534,1.07228,0.959363,-0.729907,1.08209,0.940349,-0.747251,1.06856,0.940349,-0.739707,1.05889,0.959363,-0.837683,1.22533,1.08679,-0.846118,1.23655,1.06504,-0.866098,1.22097,1.06504,-0.857469,1.2099,1.08679
0.327785,0.678307,-3.09811,50.9551,838946497,-1.29224,-0.0450315,0.959363,-1.30447,-0.0460874,0.940349,-1.30219,-0.0679631,0.940349,-1.28999,-0.0666921,0.959363,-1.48305,-0.0615755,1.08679,-1.49704,-0.0627834,1.06504,-1.49441,-0.0879851,1.06504,-1.48045,-0.0865312,1.08679
0.138445,0.69592,1.00432,-9.70005,838946884,0.702625,1.08387,0.987001,0.708904,1.09472,0.968162,0.689867,1.10573,0.968162,0.683776,1.09478,0.987001,0.797632,1.24804,1.11712,0.804814,1.26045,1.09557,0.782883,1.27314,1.09557,0.775915,1.26061,1.11712
1.10495,0.730226,1.77149,36.1019,838947952,-0.246495,1.26797,1.04345,-0.24966,1.28071,1.02484,-0.271029,1.27541,1.02484,-0.267631,1.26272,1.04345,-0.291349,1.44861,1.1786,-0.294944,1.46308,1.15747,-0.319405,1.45701,1.15747,-0.315546,1.4426,1.1786
0.212077,0.76396,-2.36544,47.2102,838949099,-0.930525,-0.897756,1.10098,-0.939831,-0.907715,1.08273,-0.923482,-0.922463,1.08273,-0.914354,-0.912343,1.10098,-1.05506,-1.03111,1.24107,-1.06563,-1.04242,1.22034,-1.04692,-1.0593,1.22034,-1.03655,-1.04781,1.24107
0.260838,0.803288,0.672623,50.9443,838949937,1.01835,0.796794,1.16882,1.02914,0.806138,1.15074,1.01441,0.822532,1.15074,1.00379,0.812993,1.16882,1.15328,0.914026,1.31362,1.16544,0.924559,1.29324,1.14869,0.943201,1.29324,1.13673,0.932448,1.31362
0.310925,0.871961,-2.85253,49.0482,838952143,-1.24251,-0.357776,1.2913,-1.25687,-0.362704,1.27397,-1.24935,-0.383423,1.27397,-1.23509,-0.378248,1.2913,-1.4044,-0.413334,1.445,-1.42058,-0.418889,1.42546,-1.41203,-0.442448,1.42546,-1.39596,-0.436615,1.445
0.401044,0.889804,1.52602,50.6028,838952546,0.0690922,1.28974,1.32289,0.0691058,1.30518,1.30571,0.0470472,1.30519,1.30571,0.0473144,1.28976,1.32289,0.0692416,1.45903,1.47862,0.0692568,1.4763,1.45939,0.0443407,1.47632,1.45939,0.0446398,1.45905,1.47862
0.0812694,0.889732,2.78422,-2.27859,838952618,-1.2061,0.462402,1.32289,-1.22078,0.467186,1.30571,-1.22761,0.446213,1.30571,-1.21285,0.441697,1.32289,-1.36705,0.514873,1.47862,-1.38347,0.520226,1.45939,-1.39119,0.496537,1.45939,-1.37468,0.491483,1.47862
0.199014,0.924016,-0.671918,42.5877,838953804,1.00386,-0.812873,1.38705,1.01667,-0.822195,1.37024,1.02965,-0.804362,1.37024,1.01668,-0.795267,1.38705,1.13768,-0.910296,1.54677,1.15201,-0.920727,1.52795,1.16667,-0.900583,1.52795,1.15216,-0.890406,1.54677
0.155703,0.992581,1.52604,9.12383,838955618,0.0690911,1.28974,1.52031,0.0691059,1.30646,1.50416,0.0470295,1.30648,1.50416,0.0473133,1.28976,1.52031,0.0692305,1.44772,1.68749,0.0692469,1.46629,1.66955,0.0444771,1.46631,1.66955,0.0447924,1.44774,1.68749
1.29361,1.0261,0.078091,-49.9219,838956559,1.28989,0.0895878,1.58952,1.30684,0.0916528,1.57374,1.30379,0.113517,1.57374,1.28688,0.111156,1.58952,1.44298,0.108276,1.76019,1.46181,0.110569,1.74266,1.45838,0.135101,1.74266,1.4396,0.132479,1.76019
0.741329,1.04317,2.73256,48.3773,838957223,-1.18179,0.524602,1.62476,-1.19789,0.530798,1.60917,-1.20546,0.51006,1.60917,-1.18926,0.504145,1.62476,-1.32394,0.579332,1.79714,-1.34182,0.586215,1.77982,-1.35031,0.562947,1.77982,-1.33232,0.556376,1.79714
0.379132,1.06031,2.73257,47.7779,838957735,-1.18179,0.524603,1.66072,-1.19817,0.530919,1.64521,-1.20575,0.510166,1.64521,-1.18926,0.504146,1.66072,-1.32229,0.578563,1.83468,-1.34036,0.585528,1.81758,-1.3488,0.562396,1.81758,-1.33062,0.555758,1.83468
0.240472,1.06099,2.74975,32.8709,838957736,-1.18941,0.503734,1.66072,-1.2059,0.509754,1.64521,-1.21348,0.489001,1.64521,-1.19688,0.483277,1.66072,-1.33077,0.555345,1.83468,-1.34895,0.561984,1.81758,-1.3574,0.538852,1.81758,-1.3391,0.53254,1.83468
0.537247,1.06107,-0.917401,-51.2987,838957886,0.776104,-1.03241,1.66072,0.787375,-1.04587,1.64521,0.804312,-1.03168,1.64521,0.792799,-1.01843,1.66072,0.872732,-1.14777,1.83468,0.88516,-1.16261,1.81758,0.904038,-1.1468,1.81758,0.891343,-1.13218,1.83468
0.267051,1.07753,-0.236448,49.9275,838958437,1.25427,-0.313878,1.6971,1.27166,-0.317279,1.68178,1.27552,-0.295525,1.68178,1.25807,-0.292434,1.6971,1.40022,-0.342283,1.87262,1.41939,-0.346034,1.85572,1.42369,-0.321787,1.85572,1.40445,-0.318378,1.87262
0.311343,1.11247,-1.82261,49.9133,838959370,-0.332795,-1.24804,1.77121,-0.336562,-1.26567,1.75626,-0.314957,-1.27029,1.75626,-0.311498,-1.25259,1.77121,-0.363084,-1.38981,1.94979,-0.367238,-1.40925,1.9333,-0.343156,-1.4144,1.9333,-0.339342,-1.39488,1.94979
0.446187,1.16912,0.758918,46.9424,838960694,0.945005,0.880578,1.89852,0.957985,0.893994,1.88398,0.942095,0.909366,1.88398,0.929353,0.89572,1.89852,1.04205,0.980882,2.08135,1.05626,0.995573,2.06543,1.03867,1.0126,2.06543,1.02471,0.997654,2.08135
0.253124,1.23697,0.185586,-46.308,838962709,1.27265,0.227394,2.06045,1.29152,0.231722,2.04655,1.28619,0.253192,2.04655,1.2674,0.248531,2.06045,1.40174,0.257171,2.24849,1.42227,0.261879,2.23337,1.4164,0.285508,2.23337,1.39597,0.280437,2.24849
0.57288,1.23759,-2.73173,50.8001,838962902,-1.18919,-0.504263,2.06045,-1.20659,-0.512731,2.04655,-1.19691,-0.532623,2.04655,-1.17966,-0.523845,2.06045,-1.3083,-0.562221,2.24849,-1.32723,-0.571432,2.23337,-1.31658,-0.593324,2.23337,-1.29782,-0.583777,2.24849
0.19545,1.23683,-0.374478,44.2985,838963037,1.19922,-0.483525,2.06045,1.21751,-0.489851,2.04655,1.22437,-0.468819,2.04655,1.20597,-0.462819,2.06045,1.32448,-0.52667,2.24849,1.34438,-0.533551,2.23337,1.35193,-0.510404,2.23337,1.33191,-0.503878,2.24849
0.190771,1.2541,2.9397,40.5055,838963379,-1.26429,0.270396,2.10248,-1.28353,0.273465,2.08876,-1.28663,0.251561,2.08876,-1.26734,0.248833,2.10248,-1.39346,0.290878,2.29171,-1.41439,0.294215,2.27678,-1.41779,0.270109,2.27678,-1.39681,0.267142,2.29171
0.267859,1.25487,-0.533777,-46.0989,838963540,1.10601,-0.666892,2.10248,1.12321,-0.676052,2.08876,1.13361,-0.656529,2.08876,1.11626,-0.647672,2.10248,1.22142,-0.728379,2.29171,1.24012,-0.738343,2.27678,1.25156,-0.716856,2.27678,1.23269,-0.707223,2.29171
0.278566,1.391,-2.71437,32.6517,838967511,-1.18146,-0.52535,2.46154,-1.19978,-0.534666,2.44911,-1.18941,-0.554219,2.44911,-1.17125,-0.544588,2.46154,-1.28612,-0.578553,2.65934,-1.30592,-0.588621,2.64591,-1.29457,-0.610011,2.64591,-1.27495,-0.599602,2.65934
0.13487,1.40812,-2.39982,39.5688,838968041,-0.960975,-0.865126,2.5098,-0.975735,-0.879852,2.49743,-0.959819,-0.895251,2.49743,-0.945324,-0.880269,2.5098,-1.0429,-0.947051,2.7085,-1.05875,-0.962867,2.69522,-1.04144,-0.979616,2.69522,-1.02587,-0.963526,2.7085
0.330108,1.47745,0.655425,1.01718,838969904,1.03095,0.778199,2.70935,1.04722,0.791822,2.69763,1.033,0.808801,2.69763,1.01697,0.794896,2.70935,1.115,0.848577,2.91156,1.13247,0.863208,2.89897,1.117,0.881677,2.89897,1.09979,0.866742,2.91156
0.278287,1.47746,1.4571,-10.1115,838969950,0.157888,1.282,2.70935,0.159388,1.30317,2.69763,0.137298,1.30473,2.69763,0.136165,1.28354,2.70935,0.165637,1.39135,2.91156,0.167248,1.41408,2.89897,0.14322,1.41578,2.89897,0.142003,1.39302,2.91156
