energy,eta,phi,time,detid,front_1_x,front_1_y,front_1_z,front_2_x,front_2_y,front_2_z,front_3_x,front_3_y,front_3_z,front_4_x,front_4_y,front_4_z,back_1_x,back_1_y,back_1_z,back_2_x,back_2_y,back_2_z,back_3_x,back_3_y,back_3_z,back_4_x,back_4_y,back_4_z
0.773789,-1.65786,-2.84715,42.735,872416550,-1.20192,-0.383,-3.21592,-1.22952,-0.383,-3.20853,-1.23008,-0.354513,-3.21061,-1.20248,-0.354513,-3.218,-1.25867,-0.400949,-3.42772,-1.2876,-0.400949,-3.41997,-1.28819,-0.371084,-3.42215,-1.25926,-0.371084,-3.4299
0.849472,-1.55072,-2.47926,-4.6057,872416917,-1.10406,-0.886355,-3.19434,-1.1318,-0.886299,-3.18749,-1.13298,-0.858204,-3.19253,-1.10525,-0.85826,-3.19938,-1.15598,-0.927573,-3.40412,-1.18505,-0.927514,-3.39694,-1.1863,-0.89806,-3.40222,-1.15722,-0.898119,-3.4094
0.580967,-1.63872,2.57482,1.60887,872417098,-1.1053,0.680156,-3.202,-1.10436,0.708426,-3.198,-1.07659,0.708449,-3.20467,-1.07753,0.680178,-3.20868,-1.15756,0.711834,-3.41335,-1.15658,0.741472,-3.40915,-1.12746,0.741495,-3.41615,-1.12844,0.711857,-3.42035
0.541534,-1.66065,2.52663,-10.5192,872417355,-1.03819,0.709004,-3.17821,-1.03734,0.737247,-3.174,-1.00947,0.737337,-3.1803,-1.01033,0.709094,-3.1845,-1.08759,0.742037,-3.39004,-1.08669,0.771648,-3.38563,-1.05747,0.771742,-3.39223,-1.05837,0.742132,-3.39664
0.688073,-1.74344,2.61786,6.58531,872417478,-1.0095,0.560554,-3.18321,-1.00882,0.588919,-3.17987,-0.980913,0.588969,-3.186,-0.981593,0.560605,-3.18933,-1.05771,0.586748,-3.39626,-1.057,0.616485,-3.39277,-1.02774,0.616538,-3.39919,-1.02846,0.586801,-3.40268
1.00203,-1.93961,3.12497,-8.18746,872417715,-0.95191,0.00130834,-3.19224,-0.95191,0.0298763,-3.19224,-0.923931,0.0298764,-3.19801,-0.923931,0.00130837,-3.19801,-0.997711,0.00130914,-3.40742,-0.997711,0.0312591,-3.40742,-0.968378,0.0312592,-3.41347,-0.968378,0.00130916,-3.41347
0.662622,-1.90021,-2.68702,9.68964,872417956,-0.859225,-0.441121,-3.17946,-0.887281,-0.441076,-3.17408,-0.88771,-0.412618,-3.17655,-0.859654,-0.412664,-3.18193,-0.900535,-0.46182,-3.39456,-0.929948,-0.461773,-3.38891,-0.930397,-0.431939,-3.39151,-0.900984,-0.431986,-3.39715
0.523788,-1.69382,-2.18197,-8.5614,872418705,-0.681665,-1.00762,-3.18781,-0.70991,-1.00752,-3.18353,-0.710694,-0.979561,-3.18935,-0.68245,-0.979662,-3.19364,-0.714087,-1.05425,-3.40036,-0.743698,-1.05414,-3.39587,-0.74452,-1.02483,-3.40198,-0.714909,-1.02494,-3.40647
0.814793,-1.86851,-2.25378,10.9534,872418968,-0.625062,-0.80013,-3.20392,-0.653358,-0.800102,-3.19998,-0.65397,-0.771914,-3.20459,-0.625675,-0.771942,-3.20852,-0.65497,-0.83727,-3.41869,-0.684634,-0.83724,-3.41457,-0.685276,-0.807689,-3.4194,-0.655612,-0.807719,-3.42352
0.77937,-2.04871,2.38489,-5.56038,872419142,-0.623135,0.5606,-3.1934,-0.622688,0.588965,-3.19003,-0.594368,0.588965,-3.19378,-0.594815,0.5606,-3.19715,-0.65322,0.5868,-3.40976,-0.652752,0.616537,-3.40622,-0.623061,0.616537,-3.41016,-0.62353,0.5868,-3.41369
1.77048,-2.40916,3.11451,45.5143,872419251,-0.5897,0.00130835,-3.17477,-0.5897,0.0298763,-3.17477,-0.561352,0.0298764,-3.17831,-0.561352,0.00130837,-3.17831,-0.618323,0.00130914,-3.3929,-0.618323,0.0312591,-3.3929,-0.588604,0.0312592,-3.39661,-0.588604,0.00130916,-3.39661
0.914301,-2.17604,2.41377,5.58728,872419395,-0.561795,0.473556,-3.18863,-0.561507,0.50198,-3.18578,-0.533138,0.502031,-3.18914,-0.533425,0.473607,-3.19199,-0.588957,0.495629,-3.40583,-0.588656,0.525427,-3.40284,-0.558914,0.52548,-3.40636,-0.559215,0.495682,-3.40935
0.650482,-1.69356,2.0379,-6.7521,872419415,-0.563149,1.0739,-3.20279,-0.562509,1.10174,-3.19642,-0.53414,1.10186,-3.19978,-0.53478,1.07401,-3.20615,-0.589942,1.12322,-3.41552,-0.589271,1.15241,-3.40883,-0.559529,1.15253,-3.41236,-0.5602,1.12334,-3.41904
0.718883,-2.01393,-2.21184,-10.3992,872419483,-0.503656,-0.708451,-3.18711,-0.532046,-0.708406,-3.18393,-0.53246,-0.680135,-3.18802,-0.50407,-0.68018,-3.1912,-0.527949,-0.741496,-3.40326,-0.557712,-0.741449,-3.39992,-0.558146,-0.711811,-3.40421,-0.528383,-0.711858,-3.40755
2.91784,-2.36585,2.60173,2.54197,872419517,-0.532656,0.296365,-3.18988,-0.532479,0.324876,-3.18809,-0.504089,0.324899,-3.19128,-0.504266,0.296387,-3.19306,-0.558503,0.310176,-3.40792,-0.558317,0.340067,-3.40605,-0.528554,0.34009,-3.40939,-0.52874,0.3102,-3.41126
1.02503,-1.86599,-2.04153,2.98543,872419732,-0.447514,-0.921886,-3.21136,-0.475941,-0.921886,-3.20853,-0.476472,-0.893824,-3.21386,-0.448045,-0.893824,-3.21669,-0.46893,-0.964463,-3.42614,-0.498732,-0.964463,-3.42317,-0.499289,-0.935044,-3.42876,-0.469487,-0.935043,-3.43173
1.50353,-2.42109,-2.50576,-6.70869,872419751,-0.445934,-0.353947,-3.19502,-0.474362,-0.353947,-3.1922,-0.474557,-0.325448,-3.19416,-0.446129,-0.325448,-3.19699,-0.467638,-0.370519,-3.41333,-0.497441,-0.370519,-3.41036,-0.497646,-0.34064,-3.41242,-0.467843,-0.34064,-3.41538
-0.277984,-1.56352,-1.88297,-2.06458,872419846,-0.413162,-1.33899,-3.17653,-0.441612,-1.33881,-3.17394,-0.442149,-1.31133,-3.18171,-0.413699,-1.3115,-3.18431,-0.432737,-1.40034,-3.3869,-0.462562,-1.40016,-3.38418,-0.463125,-1.37134,-3.39233,-0.4333,-1.37153,-3.39505
0.930561,-1.85028,-2.00017,22.254,872419859,-0.414329,-0.950472,-3.19342,-0.442778,-0.950338,-3.19082,-0.443149,-0.92231,-3.19633,-0.4147,-0.922445,-3.19893,-0.43414,-0.994392,-3.40808,-0.463965,-0.994251,-3.40536,-0.464354,-0.964867,-3.41114,-0.434529,-0.965008,-3.41386
3.82681,-2.52715,-2.56285,3.07334,872419881,-0.413278,-0.293634,-3.17676,-0.441727,-0.293612,-3.17415,-0.441852,-0.265089,-3.17576,-0.413402,-0.265112,-3.17837,-0.433282,-0.307446,-3.39541,-0.463108,-0.307422,-3.39269,-0.463238,-0.27752,-3.39437,-0.433413,-0.277544,-3.3971
1.55707,-2.55743,-2.61212,6.75837,872419882,-0.413348,-0.264526,-3.17781,-0.441797,-0.264504,-3.17521,-0.441905,-0.235972,-3.17664,-0.413456,-0.235994,-3.17924,-0.433358,-0.276958,-3.39655,-0.463184,-0.276935,-3.39383,-0.463297,-0.247022,-3.39533,-0.433472,-0.247046,-3.39805
0.12127,-1.63123,-1.88273,-2.47773,872419977,-0.38557,-1.25447,-3.20056,-0.414035,-1.25433,-3.19814,-0.414522,-1.22671,-3.2054,-0.386058,-1.22684,-3.20782,-0.403843,-1.31184,-3.41216,-0.433685,-1.3117,-3.40962,-0.434196,-1.28274,-3.41724,-0.404355,-1.28288,-3.41978
0.10657,-1.6525,-1.88987,-0.227512,872419978,-0.386063,-1.22631,-3.20795,-0.414528,-1.22617,-3.20553,-0.415,-1.1985,-3.21261,-0.386536,-1.19864,-3.21504,-0.40436,-1.28234,-3.41991,-0.434202,-1.2822,-3.41737,-0.434698,-1.25319,-3.4248,-0.404856,-1.25333,-3.42734
0.0816194,-1.67192,-1.89833,-47.2502,872419979,-0.384121,-1.18702,-3.17849,-0.412586,-1.1869,-3.17606,-0.413059,-1.15919,-3.18298,-0.384594,-1.15931,-3.1854,-0.402412,-1.24172,-3.39079,-0.432254,-1.2416,-3.38826,-0.432751,-1.21254,-3.3955,-0.402909,-1.21266,-3.39804
-0.162211,-1.69415,-1.9062,-0.936166,872419980,-0.384552,-1.15863,-3.18497,-0.413017,-1.15851,-3.18254,-0.413476,-1.13075,-3.18928,-0.385011,-1.13087,-3.19171,-0.402867,-1.21199,-3.39761,-0.432708,-1.21186,-3.39507,-0.43319,-1.18276,-3.40214,-0.403348,-1.18289,-3.40468
-0.148058,-1.71683,-1.91443,-1.82493,872419981,-0.384984,-1.13024,-3.19145,-0.413449,-1.13012,-3.18903,-0.413893,-1.10232,-3.1956,-0.385428,-1.10244,-3.19802,-0.403321,-1.18226,-3.40443,-0.433163,-1.18213,-3.40189,-0.433628,-1.15299,-3.40878,-0.403786,-1.15311,-3.41132
3.61363,-2.76719,3.02986,1.44503,872420020,-0.412721,0.0304272,-3.17686,-0.412706,0.0589946,-3.17668,-0.384241,0.0589946,-3.17911,-0.384256,0.0304272,-3.17929,-0.432752,0.0318102,-3.39595,-0.432736,0.0617596,-3.39576,-0.402894,0.0617597,-3.3983,-0.40291,0.0318103,-3.39849
-0.270736,-1.63794,-1.86137,-1.84594,872420105,-0.356507,-1.25446,-3.20247,-0.384986,-1.25437,-3.20022,-0.385473,-1.22675,-3.20748,-0.356994,-1.22684,-3.20973,-0.373402,-1.31184,-3.41419,-0.403259,-1.31174,-3.41183,-0.403769,-1.28278,-3.41945,-0.373912,-1.28288,-3.4218
0.10934,-1.65951,-1.86811,-1.1568,872420106,-0.357,-1.2263,-3.20986,-0.385479,-1.22621,-3.20761,-0.385952,-1.19854,-3.2147,-0.357473,-1.19863,-3.21695,-0.373919,-1.28234,-3.42194,-0.403776,-1.28225,-3.41958,-0.404272,-1.25324,-3.42701,-0.374415,-1.25333,-3.42937
0.228582,-1.67932,-1.87596,-0.982379,872420107,-0.355058,-1.18702,-3.18039,-0.383537,-1.18694,-3.17815,-0.384006,-1.15922,-3.18506,-0.355527,-1.1593,-3.18731,-0.371971,-1.24172,-3.39282,-0.401828,-1.24164,-3.39046,-0.40232,-1.21258,-3.39771,-0.372463,-1.21266,-3.40007
0.193471,-1.70189,-1.88339,-1.00017,872420108,-0.355489,-1.15862,-3.18688,-0.383968,-1.15854,-3.18463,-0.384424,-1.13079,-3.19137,-0.355945,-1.13086,-3.19362,-0.372426,-1.21199,-3.39964,-0.402283,-1.2119,-3.39728,-0.40276,-1.1828,-3.40435,-0.372903,-1.18288,-3.4067
-0.136492,-1.72493,-1.89116,-105.049,872420109,-0.355921,-1.13023,-3.19336,-0.3844,-1.13015,-3.19112,-0.384842,-1.10236,-3.19768,-0.356363,-1.10243,-3.19993,-0.37288,-1.18226,-3.40645,-0.402737,-1.18217,-3.4041,-0.4032,-1.15303,-3.41098,-0.373343,-1.15311,-3.41334
4.19463,-2.84196,3.02115,11.6956,872420148,-0.383671,0.0304272,-3.17894,-0.383657,0.0589946,-3.17876,-0.355177,0.0589946,-3.181,-0.355191,0.0304272,-3.18118,-0.402324,0.0318103,-3.39815,-0.40231,0.0617597,-3.39796,-0.372452,0.0617597,-3.40031,-0.372467,0.0318103,-3.4005
0.968446,-2.58588,2.44315,4.52122,872420157,-0.384261,0.296365,-3.188,-0.384142,0.324876,-3.18621,-0.355663,0.324899,-3.18846,-0.355781,0.296387,-3.19025,-0.402896,0.310176,-3.40678,-0.402772,0.340067,-3.40491,-0.372915,0.34009,-3.40726,-0.373039,0.3102,-3.40914
-0.16099,-1.64428,-1.83974,-1.0869,872420233,-0.327449,-1.25446,-3.20439,-0.355941,-1.25441,-3.20232,-0.356427,-1.22679,-3.20958,-0.327934,-1.22683,-3.21165,-0.342965,-1.31184,-3.41622,-0.372836,-1.31179,-3.41404,-0.373345,-1.28283,-3.42165,-0.343474,-1.28287,-3.42383
0.0657987,-1.66612,-1.84605,-68.8353,872420234,-0.327942,-1.2263,-3.21178,-0.356434,-1.22625,-3.20971,-0.356907,-1.19858,-3.2168,-0.328415,-1.19863,-3.21887,-0.343482,-1.28234,-3.42396,-0.373353,-1.28229,-3.42179,-0.373848,-1.25328,-3.42922,-0.343978,-1.25333,-3.43139
1.70409,-1.6863,-1.85327,-7.90251,872420235,-0.325999,-1.18701,-3.18231,-0.354492,-1.18697,-3.18024,-0.354957,-1.15926,-3.18715,-0.326464,-1.1593,-3.18923,-0.341534,-1.24172,-3.39484,-0.371405,-1.24168,-3.39267,-0.371893,-1.21262,-3.39992,-0.342022,-1.21266,-3.40209
1.13773,-1.70919,-1.86024,6.22332,872420236,-0.326431,-1.15862,-3.18879,-0.354923,-1.15858,-3.18672,-0.355376,-1.13082,-3.19346,-0.326883,-1.13086,-3.19553,-0.341989,-1.21198,-3.40166,-0.37186,-1.21194,-3.39949,-0.372334,-1.18284,-3.40655,-0.342463,-1.18288,-3.40873
0.141096,-1.73258,-1.86753,14.089,872420237,-0.326863,-1.13023,-3.19528,-0.355355,-1.13019,-3.19321,-0.355795,-1.10239,-3.19977,-0.327302,-1.10243,-3.20185,-0.342443,-1.18225,-3.40848,-0.372314,-1.18221,-3.4063,-0.372774,-1.15307,-3.41319,-0.342903,-1.15311,-3.41536
0.934283,-2.12367,-2.02697,7.4238,872420251,-0.326308,-0.708449,-3.18619,-0.354801,-0.708426,-3.18412,-0.355077,-0.680156,-3.18823,-0.326584,-0.680178,-3.19029,-0.342074,-0.741495,-3.40313,-0.371946,-0.741472,-3.40096,-0.372235,-0.711834,-3.40526,-0.342363,-0.711857,-3.40743
2.43213,-2.79446,-2.62816,46.2824,872420268,-0.326296,-0.20632,-3.18564,-0.35479,-0.206314,-3.18358,-0.354862,-0.177766,-3.18465,-0.326369,-0.177772,-3.18672,-0.342183,-0.215993,-3.40486,-0.372055,-0.215987,-3.4027,-0.37213,-0.186058,-3.40382,-0.342259,-0.186064,-3.40599
2.55838,-2.88768,-2.84785,16.8991,872420271,-0.326097,-0.117237,-3.18259,-0.35459,-0.117237,-3.18053,-0.354629,-0.0886745,-3.18106,-0.326136,-0.0886745,-3.18313,-0.341989,-0.122767,-3.40195,-0.371861,-0.122767,-3.39979,-0.371902,-0.092822,-3.40035,-0.34203,-0.092822,-3.40251
1.57481,-2.86147,2.77141,6.23585,872420279,-0.354632,0.117805,-3.1811,-0.354581,0.146364,-3.18038,-0.326087,0.146364,-3.18245,-0.326139,0.117805,-3.18316,-0.371903,0.123335,-3.40035,-0.371848,0.153275,-3.3996,-0.341977,0.153275,-3.40177,-0.342031,0.123335,-3.40252
2.21677,-2.15769,2.04429,1.17244,872420297,-0.355316,0.651256,-3.19184,-0.355053,0.679552,-3.18792,-0.32656,0.679575,-3.18998,-0.326822,0.651279,-3.19391,-0.372486,0.681566,-3.40907,-0.372211,0.71123,-3.40496,-0.34234,0.711254,-3.40712,-0.342615,0.68159,-3.41124
0.0943236,-1.65021,-1.81784,-1.61716,872420361,-0.298394,-1.25445,-3.20632,-0.326899,-1.25446,-3.20442,-0.327383,-1.22683,-3.21168,-0.298878,-1.22683,-3.21359,-0.312531,-1.31184,-3.41824,-0.342414,-1.31184,-3.41625,-0.342922,-1.28287,-3.42386,-0.313039,-1.28287,-3.42586
-0.0690689,-1.67231,-1.82372,-1.01642,872420362,-0.298887,-1.22629,-3.21371,-0.327392,-1.22629,-3.21181,-0.327864,-1.19862,-3.2189,-0.29936,-1.19862,-3.2208,-0.313047,-1.28234,-3.42599,-0.342931,-1.28234,-3.42399,-0.343427,-1.25333,-3.43142,-0.313543,-1.25333,-3.43342
0.491251,-1.69285,-1.83027,5.45399,872420363,-0.296944,-1.18701,-3.18424,-0.325449,-1.18701,-3.18234,-0.325909,-1.15929,-3.18926,-0.297404,-1.15929,-3.19115,-0.3111,-1.24172,-3.39686,-0.340984,-1.24172,-3.39487,-0.341467,-1.21266,-3.40212,-0.311583,-1.21266,-3.40411
0.0691902,-1.71604,-1.83676,-0.439708,872420364,-0.297376,-1.15862,-3.19072,-0.32588,-1.15862,-3.18882,-0.326329,-1.13086,-3.19556,-0.297824,-1.13086,-3.19746,-0.311554,-1.21198,-3.40368,-0.341438,-1.21198,-3.40169,-0.341909,-1.18288,-3.40876,-0.312025,-1.18288,-3.41075
0.263333,-1.73975,-1.84356,-28.3165,872420365,-0.297808,-1.13023,-3.19721,-0.326312,-1.13023,-3.19531,-0.32675,-1.10243,-3.20188,-0.298245,-1.10243,-3.20377,-0.312008,-1.18225,-3.4105,-0.341892,-1.18225,-3.40851,-0.34235,-1.15311,-3.41539,-0.312467,-1.15311,-3.41738
3.11546,-2.9008,2.65977,-0.255935,872420408,-0.325877,0.148667,-3.18765,-0.325818,0.177221,-3.18675,-0.297312,0.177221,-3.18864,-0.297371,0.148667,-3.18953,-0.34177,0.155578,-3.40697,-0.341707,0.185513,-3.40603,-0.311823,0.185513,-3.40801,-0.311885,0.155577,-3.40895
1.60631,-2.86077,2.58916,-12.0095,872420409,-0.325817,0.177772,-3.18674,-0.325746,0.206319,-3.18567,-0.297241,0.206319,-3.18756,-0.297312,0.177772,-3.18863,-0.341707,0.186064,-3.40602,-0.341632,0.215992,-3.40489,-0.311747,0.215992,-3.40687,-0.311822,0.186064,-3.40799
3.61725,-2.67917,2.35815,11.2692,872420413,-0.326172,0.296386,-3.19218,-0.326053,0.324897,-3.19039,-0.297548,0.324897,-3.19228,-0.297666,0.296386,-3.19407,-0.34205,0.310199,-3.41118,-0.341925,0.34009,-3.4093,-0.312041,0.34009,-3.41128,-0.312165,0.310199,-3.41315
1.50902,-2.43455,-2.09233,-2.65288,872420514,-0.265976,-0.502034,-3.18447,-0.294496,-0.501966,-3.18281,-0.294595,-0.473543,-3.18568,-0.266075,-0.47361,-3.18734,-0.278744,-0.525481,-3.40285,-0.308643,-0.52541,-3.40111,-0.308747,-0.495611,-3.40411,-0.278848,-0.495682,-3.40585
4.05341,-2.48001,-2.11934,3.50672,872420515,-0.266072,-0.473061,-3.18738,-0.294592,-0.472994,-3.18572,-0.294681,-0.444552,-3.18841,-0.266161,-0.44462,-3.19007,-0.278845,-0.495133,-3.4059,-0.308744,-0.495062,-3.40416,-0.308838,-0.465245,-3.40698,-0.278938,-0.465316,-3.40872
1.51121,-2.7801,-2.35733,2.77631,872420521,-0.265703,-0.293634,-3.17582,-0.294222,-0.293612,-3.17416,-0.294294,-0.265089,-3.17578,-0.265774,-0.265112,-3.17744,-0.278479,-0.307446,-3.39502,-0.308378,-0.307422,-3.39328,-0.308453,-0.27752,-3.39497,-0.278553,-0.277544,-3.39671
1.4518,-2.88292,2.47321,-3.83956,872420538,-0.294343,0.20686,-3.17755,-0.294293,0.2354,-3.17629,-0.265773,0.235423,-3.17795,-0.265824,0.206882,-3.17921,-0.308508,0.21653,-3.39688,-0.308455,0.246451,-3.39556,-0.278556,0.246474,-3.39731,-0.278609,0.216553,-3.39862
1.72497,-2.62515,2.22047,16.0639,872420543,-0.294428,0.354473,-3.18026,-0.294348,0.38296,-3.17811,-0.265828,0.383005,-3.17977,-0.265908,0.354518,-3.18192,-0.308586,0.371038,-3.39918,-0.308502,0.400903,-3.39692,-0.278603,0.40095,-3.39867,-0.278687,0.371085,-3.40092
1.73583,-1.89993,1.8619,7.21245,872420562,-0.294912,0.92231,-3.19638,-0.294723,0.950338,-3.19085,-0.266204,0.950472,-3.19251,-0.266393,0.922445,-3.19804,-0.309015,0.964867,-3.41177,-0.308817,0.994251,-3.40597,-0.278918,0.994392,-3.40771,-0.279116,0.965008,-3.4135
1.08635,-1.8719,1.85356,2.50258,872420563,-0.294735,0.950919,-3.19094,-0.294536,0.978912,-3.18524,-0.266017,0.979046,-3.1869,-0.266216,0.951054,-3.1926,-0.308829,0.994832,-3.40606,-0.30862,1.02418,-3.40008,-0.278721,1.02432,-3.40182,-0.278929,0.994973,-3.4078
3.31929,-2.88336,-2.24178,-23.4988,872420777,-0.207476,-0.293632,-3.17769,-0.236014,-0.293621,-3.17639,-0.236077,-0.265099,-3.178,-0.207538,-0.26511,-3.1793,-0.217491,-0.307446,-3.39703,-0.24741,-0.307434,-3.39566,-0.247475,-0.277532,-3.39736,-0.217556,-0.277544,-3.39872
1.9576,-2.69833,2.11253,6.37579,872420799,-0.236215,0.354492,-3.18248,-0.23614,0.382979,-3.18033,-0.207601,0.383001,-3.18163,-0.207677,0.354514,-3.18378,-0.247612,0.371061,-3.40156,-0.247533,0.400926,-3.39931,-0.217614,0.40095,-3.40067,-0.217693,0.371085,-3.40293
1.07462,-2.08975,1.77655,3.92647,872421069,-0.178402,0.771941,-3.19733,-0.178248,0.800129,-3.19269,-0.149696,0.800129,-3.19364,-0.14985,0.771941,-3.19828,-0.187001,0.807718,-3.41424,-0.186839,0.837269,-3.40937,-0.156906,0.837269,-3.41037,-0.157068,0.807718,-3.41523
3.621,-2.05498,1.7693,2.04114,872421070,-0.178251,0.800707,-3.1928,-0.178091,0.828865,-3.18798,-0.149539,0.828865,-3.18893,-0.149699,0.800707,-3.19375,-0.186843,0.837847,-3.40947,-0.186674,0.867367,-3.40442,-0.156741,0.867367,-3.40542,-0.156909,0.837847,-3.41047
0.222199,-2.13202,1.74421,-0.913284,872421196,-0.146926,0.74308,-3.19739,-0.146925,0.771297,-3.19293,-0.118366,0.771409,-3.19364,-0.118367,0.743193,-3.19811,-0.15389,0.777476,-3.41458,-0.153889,0.807058,-3.4099,-0.123949,0.807175,-3.41065,-0.12395,0.777594,-3.41533
0.882544,-2.09546,1.73798,-10.4798,872421197,-0.146929,0.771842,-3.19285,-0.146923,0.80003,-3.1882,-0.118365,0.800142,-3.18892,-0.11837,0.771954,-3.19356,-0.153894,0.807603,-3.40981,-0.153888,0.837154,-3.40494,-0.123947,0.837272,-3.40569,-0.123953,0.80772,-3.41056
4.32034,-2.06017,1.73219,-0.0808964,872421198,-0.146932,0.800608,-3.18831,-0.146922,0.828766,-3.18349,-0.118364,0.828878,-3.1842,-0.118374,0.80072,-3.18903,-0.153897,0.837732,-3.40505,-0.153886,0.867252,-3.39999,-0.123946,0.86737,-3.40074,-0.123956,0.83785,-3.4058
0.302641,-2.02606,1.72678,40.4223,872421199,-0.146936,0.829379,-3.18378,-0.146921,0.857506,-3.17878,-0.118362,0.857619,-3.1795,-0.118377,0.829492,-3.1845,-0.1539,0.867865,-3.40028,-0.153884,0.897353,-3.39504,-0.123944,0.89747,-3.39579,-0.123959,0.867982,-3.40103
-0.312003,-1.99307,1.72172,-0.026516,872421200,-0.146939,0.858157,-3.17926,-0.14692,0.886252,-3.17408,-0.118361,0.886365,-3.1748,-0.118381,0.858269,-3.17997,-0.153902,0.898003,-3.39551,-0.153882,0.927457,-3.39008,-0.123942,0.927575,-3.39083,-0.123962,0.89812,-3.39626
0.495865,-2.13772,1.70665,19.9211,872421324,-0.117799,0.743103,-3.19754,-0.117798,0.77132,-3.19308,-0.0892349,0.771404,-3.19361,-0.089236,0.743187,-3.19808,-0.123381,0.777505,-3.41477,-0.12338,0.807087,-3.41009,-0.0934354,0.807175,-3.41065,-0.0934366,0.777594,-3.41534
-0.599782,-2.10075,1.70174,-0.678816,872421325,-0.117801,0.771865,-3.193,-0.117797,0.800052,-3.18835,-0.0892338,0.800137,-3.18889,-0.0892383,0.771949,-3.19354,-0.123383,0.807631,-3.41,-0.123379,0.837183,-3.40513,-0.0934341,0.837271,-3.4057,-0.0934388,0.80772,-3.41057
0.123509,-2.06509,1.69717,33.0896,872421326,-0.117803,0.800631,-3.18846,-0.117796,0.828789,-3.18364,-0.0892327,0.828873,-3.18418,-0.0892405,0.800715,-3.189,-0.123385,0.837761,-3.40524,-0.123377,0.867281,-3.40018,-0.0934325,0.867369,-3.40074,-0.0934408,0.837849,-3.4058
-0.032763,-2.03065,1.69291,-0.004924,872421327,-0.117806,0.829402,-3.18393,-0.117794,0.857529,-3.17893,-0.0892315,0.857613,-3.17947,-0.0892428,0.829486,-3.18447,-0.123387,0.867894,-3.40047,-0.123375,0.897381,-3.39523,-0.0934308,0.89747,-3.39579,-0.0934426,0.867982,-3.40103
-0.208538,-1.99736,1.68892,-1.59307,872421328,-0.117808,0.85818,-3.17941,-0.117793,0.886275,-3.17423,-0.0892303,0.886359,-3.17477,-0.0892451,0.858264,-3.17995,-0.123389,0.898031,-3.3957,-0.123373,0.927486,-3.39027,-0.0934289,0.927574,-3.39084,-0.0934444,0.89812,-3.39626
2.16013,-2.50716,-1.71381,5.24986,872421409,-0.0601305,-0.531004,-3.18058,-0.0886962,-0.53097,-3.18022,-0.088701,-0.502565,-3.18326,-0.0601353,-0.502599,-3.18362,-0.0629172,-0.555829,-3.39916,-0.0928648,-0.555794,-3.39878,-0.0928698,-0.526015,-3.40198,-0.0629222,-0.52605,-3.40235
0.029538,-2.14206,1.66872,-0.462727,872421452,-0.088676,0.743127,-3.1977,-0.0886749,0.771343,-3.19323,-0.0601093,0.7714,-3.1936,-0.0601103,0.743183,-3.19806,-0.0928756,0.777534,-3.41496,-0.0928745,0.807115,-3.41027,-0.062927,0.807174,-3.41065,-0.0629281,0.777593,-3.41534
-0.199348,-2.10478,1.66516,0.071782,872421453,-0.0886772,0.771889,-3.19316,-0.0886738,0.800077,-3.18851,-0.0601081,0.800133,-3.18887,-0.0601115,0.771945,-3.19352,-0.0928768,0.80766,-3.41019,-0.0928732,0.837212,-3.40532,-0.0629256,0.83727,-3.4057,-0.0629292,0.807719,-3.41057
-0.147716,-2.06883,1.66185,-0.040981,872421454,-0.0886783,0.800655,-3.18862,-0.0886726,0.828813,-3.1838,-0.060107,0.828869,-3.18416,-0.0601126,0.800711,-3.18898,-0.0928777,0.837789,-3.40543,-0.0928718,0.867309,-3.40037,-0.0629242,0.867368,-3.40075,-0.0629302,0.837848,-3.4058
-0.551271,-2.03414,1.65876,-0.00783902,872421455,-0.0886794,0.829426,-3.18409,-0.0886715,0.857553,-3.17909,-0.0601058,0.857609,-3.17945,-0.0601138,0.829482,-3.18445,-0.0928786,0.867922,-3.40066,-0.0928703,0.89741,-3.39542,-0.0629227,0.897469,-3.39579,-0.0629311,0.867981,-3.40104
0.283162,-2.00062,1.65588,-7.53501,872421456,-0.0886805,0.858204,-3.17957,-0.0886703,0.886299,-3.17439,-0.0601047,0.886355,-3.17475,-0.0601149,0.85826,-3.17993,-0.0928794,0.89806,-3.39589,-0.0928687,0.927514,-3.39046,-0.0629212,0.927573,-3.39084,-0.0629318,0.898119,-3.39627
1.1146,-2.45922,-1.6536,29.0774,872421536,-0.0310085,-0.559981,-3.17767,-0.0595759,-0.559964,-3.17749,-0.0595796,-0.531579,-3.18071,-0.0310122,-0.531596,-3.1809,-0.0324124,-0.586181,-3.39611,-0.0623618,-0.586163,-3.39592,-0.0623656,-0.556405,-3.3993,-0.0324162,-0.556423,-3.39949
0.460319,-1.82584,1.55558,-2.9466,872421846,0.00183821,1.07346,-3.2007,0.0304062,1.07346,-3.20069,0.030409,1.04558,-3.20692,0.00184096,1.04558,-3.20693,0.00193427,1.1228,-3.4151,0.0318843,1.1228,-3.41509,0.0318872,1.09357,-3.42162,0.00193715,1.09357,-3.42163
1.00345,-1.79887,1.55598,-4.11895,872421847,0.00183527,1.10184,-3.19418,0.0304033,1.10184,-3.19417,0.0304061,1.074,-3.20058,0.00183812,1.074,-3.20059,0.00193121,1.15253,-3.40827,0.0318812,1.15253,-3.40826,0.0318842,1.12334,-3.41497,0.00193421,1.12334,-3.41499
1.71205,-2.63185,-1.4724,23.114,872421923,0.0595771,-0.444596,-3.18888,0.0595768,-0.473037,-3.1862,0.0310094,-0.473054,-3.18638,0.0310097,-0.444613,-3.18907,0.0623633,-0.465297,-3.40789,0.062363,-0.495114,-3.40508,0.0324136,-0.495132,-3.40527,0.0324139,-0.465315,-3.40808
3.75609,-2.84349,1.44856,8.68859,872421951,0.0310166,0.383,-3.17876,0.059584,0.382989,-3.17857,0.0595864,0.354502,-3.18073,0.031019,0.354513,-3.18091,0.0324104,0.400949,-3.39802,0.0623598,0.400938,-3.39783,0.0623623,0.371073,-3.40009,0.0324129,0.371084,-3.40028
1.32862,-2.26719,1.50285,-11.439,872421961,0.0309984,0.679575,-3.18236,0.0595658,0.679552,-3.18218,0.0595686,0.651256,-3.18612,0.0310012,0.651279,-3.1863,0.032416,0.711254,-3.40007,0.0623654,0.71123,-3.39988,0.0623684,0.681566,-3.404,0.032419,0.68159,-3.4042
2.26538,-2.61206,-1.34885,-1.2823,872422179,0.11782,-0.444566,-3.18856,0.11782,-0.473007,-3.18588,0.0892568,-0.473058,-3.18641,0.089257,-0.444617,-3.1891,0.123372,-0.465262,-3.40752,0.123371,-0.495079,-3.4047,0.0934266,-0.495133,-3.40527,0.0934269,-0.465315,-3.40809
4.17589,-2.88891,1.27491,-1.26231,872422206,0.0892641,0.353951,-3.18079,0.117827,0.353917,-3.18025,0.11783,0.325417,-3.18222,0.0892676,0.325451,-3.18276,0.0934235,0.37052,-3.40013,0.123368,0.370484,-3.39956,0.123372,0.340606,-3.40163,0.0934272,0.340641,-3.40219
3.79398,-2.75725,-0.991997,-20.3718,872422695,0.236273,-0.325427,-3.18429,0.236205,-0.353926,-3.18232,0.207667,-0.353949,-3.18362,0.207735,-0.325449,-3.18559,0.247673,-0.340617,-3.40347,0.247603,-0.370496,-3.40141,0.217684,-0.370519,-3.40277,0.217754,-0.340641,-3.40484
1.07764,-2.71712,-0.934276,-16.0545,872422823,0.265376,-0.325417,-3.18317,0.265307,-0.353917,-3.1812,0.236778,-0.353951,-3.18268,0.236846,-0.325451,-3.18466,0.278157,-0.340606,-3.40228,0.278085,-0.370484,-3.40021,0.248176,-0.370519,-3.40177,0.248248,-0.340641,-3.40383
1.99564,-2.83204,0.839055,18.9532,872422844,0.236587,0.293633,-3.17675,0.265116,0.293616,-3.17527,0.265183,0.265094,-3.17688,0.236654,0.265111,-3.17837,0.247982,0.307446,-3.39603,0.277892,0.307428,-3.39447,0.277962,0.277526,-3.39616,0.248052,0.277544,-3.39772
2.29636,-2.1751,-1.1325,46.8668,872423068,0.32627,-0.651278,-3.19394,0.32601,-0.679574,-3.19001,0.297504,-0.679573,-3.1919,0.297765,-0.651278,-3.19583,0.342062,-0.681589,-3.41127,0.341789,-0.711254,-3.40716,0.311905,-0.711254,-3.40914,0.312178,-0.681589,-3.41325
2.51676,-2.86147,-0.370183,-4.22746,872423214,0.354632,-0.117805,-3.1811,0.354581,-0.146364,-3.18038,0.326087,-0.146364,-3.18245,0.326139,-0.117805,-3.18316,0.371903,-0.123335,-3.40035,0.371848,-0.153275,-3.3996,0.341977,-0.153275,-3.40177,0.342031,-0.123335,-3.40252
0.916812,-2.54731,0.824977,1.26138,872423231,0.32634,0.383,-3.18638,0.354833,0.382989,-3.18432,0.354978,0.354502,-3.18647,0.326484,0.354513,-3.18853,0.342199,0.400949,-3.40508,0.372071,0.400938,-3.40292,0.372222,0.371073,-3.40517,0.34235,0.371084,-3.40733
1.4213,-2.50784,0.78409,-2.96381,872423359,0.355399,0.383001,-3.18448,0.383879,0.382979,-3.18223,0.384026,0.354492,-3.18438,0.355546,0.354514,-3.18662,0.372637,0.40095,-3.40307,0.402494,0.400926,-3.40072,0.402648,0.371061,-3.40297,0.372791,0.371085,-3.40532
0.416816,-1.53359,-1.29135,-1.67491,872423428,0.414729,-1.38094,-3.20884,0.414183,-1.40832,-3.20072,0.385718,-1.40847,-3.20314,0.386265,-1.38109,-3.21126,0.434311,-1.44362,-3.41882,0.433738,-1.47233,-3.4103,0.403896,-1.47248,-3.41284,0.404469,-1.44378,-3.42135
1.52306,-2.46841,-0.746295,0.0792549,872423462,0.413077,-0.354482,-3.1823,0.412928,-0.382969,-3.18016,0.384463,-0.383003,-3.18258,0.384612,-0.354516,-3.18473,0.433077,-0.371049,-3.40077,0.432921,-0.400914,-3.39852,0.403079,-0.40095,-3.40106,0.403235,-0.371085,-3.40331
2.63426,-2.74132,-0.252845,37.7646,872423471,0.412731,-0.0886745,-3.17691,0.412685,-0.117237,-3.17637,0.38422,-0.117237,-3.17879,0.384266,-0.0886745,-3.17933,0.432759,-0.092822,-3.39596,0.432711,-0.122767,-3.39539,0.402869,-0.122767,-3.39793,0.402917,-0.092822,-3.3985
0.849417,-2.39559,-0.749184,-9.0426,872423589,0.442019,-0.383543,-3.17844,0.441851,-0.412016,-3.17611,0.413402,-0.412061,-3.17871,0.413569,-0.383588,-3.18104,0.463388,-0.401486,-3.39667,0.463212,-0.431336,-3.39423,0.433386,-0.431383,-3.39695,0.433562,-0.401533,-3.39939
2.08401,-2.70233,0.0364532,8.24693,872423603,0.413322,0.0298764,-3.17739,0.441771,0.0298764,-3.17479,0.441771,0.00130836,-3.17479,0.413322,0.00130836,-3.17739,0.433354,0.0312592,-3.39648,0.463179,0.0312591,-3.39375,0.463179,0.00130914,-3.39375,0.433354,0.00130915,-3.39648
1.90338,-2.69758,0.104197,17.5314,872423604,0.413311,0.0589946,-3.17722,0.44176,0.0589946,-3.17462,0.441776,0.0304272,-3.1748,0.413327,0.0304272,-3.1774,0.433341,0.0617596,-3.39629,0.463167,0.0617597,-3.39356,0.463184,0.0318103,-3.39375,0.433358,0.0318102,-3.39648
0.814965,-2.16349,0.956481,28.8084,872423623,0.414256,0.621847,-3.19189,0.442706,0.621757,-3.18929,0.442943,0.593414,-3.19287,0.414493,0.593504,-3.19547,0.434196,0.65078,-3.40907,0.464022,0.650686,-3.40635,0.46427,0.620972,-3.41009,0.434445,0.621066,-3.41282
1.18164,-2.23434,-0.843186,16.664,872423713,0.474637,-0.502596,-3.19505,0.474336,-0.531001,-3.19202,0.445908,-0.531001,-3.19484,0.44621,-0.502596,-3.19788,0.497664,-0.526049,-3.41258,0.497348,-0.555829,-3.40941,0.467545,-0.555829,-3.41237,0.467861,-0.526049,-3.41555
1.00336,-2.2656,-0.814137,3.81147,872423714,0.474907,-0.473602,-3.19776,0.474623,-0.502026,-3.1949,0.446196,-0.502026,-3.19773,0.446479,-0.473602,-3.20059,0.497948,-0.49568,-3.41544,0.497651,-0.525479,-3.41244,0.467848,-0.525479,-3.41541,0.468145,-0.49568,-3.4184
1.1733,-2.39074,-0.675682,3.3385,872423718,0.474378,-0.354513,-3.19236,0.474165,-0.383,-3.19022,0.445737,-0.383,-3.19304,0.44595,-0.354513,-3.19518,0.497457,-0.371084,-3.41052,0.497234,-0.400949,-3.40827,0.467431,-0.400949,-3.41124,0.467654,-0.371084,-3.41348
0.812673,-2.62251,-0.159277,0.786003,872423728,0.473847,-0.0595489,-3.18694,0.473812,-0.0881146,-3.18659,0.445384,-0.0881146,-3.18941,0.445419,-0.0595489,-3.18977,0.496976,-0.0623142,-3.40571,0.496939,-0.0922618,-3.40534,0.467136,-0.0922618,-3.4083,0.467173,-0.0623142,-3.40867
0.40181,-1.70335,-1.07118,14.877,872424207,0.592745,-1.04545,-3.20607,0.592126,-1.07333,-3.19987,0.563777,-1.07348,-3.20341,0.564396,-1.0456,-3.20961,0.620939,-1.09341,-3.41892,0.620291,-1.12264,-3.41242,0.590571,-1.1228,-3.41613,0.59122,-1.09357,-3.42263
0.740328,-1.72239,-1.05787,9.66103,872424208,0.590184,-1.00816,-3.18004,0.589566,-1.03607,-3.17402,0.561217,-1.03621,-3.17755,0.561836,-1.00829,-3.18358,0.618383,-1.05477,-3.39319,0.617735,-1.08404,-3.38688,0.588015,-1.08418,-3.39059,0.588664,-1.05491,-3.3969
4.45988,-2.28547,-0.494336,8.60265,872424232,0.590591,-0.296346,-3.18382,0.590413,-0.324858,-3.18203,0.562066,-0.324903,-3.18557,0.562243,-0.296391,-3.18736,0.619182,-0.310153,-3.40152,0.618996,-0.340044,-3.39965,0.589277,-0.340091,-3.40336,0.589463,-0.3102,-3.40523
2.20746,-2.30564,-0.451886,3.04163,872424233,0.589811,-0.265089,-3.17574,0.589634,-0.293612,-3.17414,0.561286,-0.293634,-3.17768,0.561463,-0.265112,-3.17928,0.618403,-0.27752,-3.39353,0.618216,-0.307422,-3.39184,0.588497,-0.307446,-3.39556,0.588683,-0.277544,-3.39724
1.86133,-2.24714,-0.471218,1.03703,872424360,0.623977,-0.296386,-3.19969,0.623741,-0.324897,-3.19791,0.595421,-0.324897,-3.20167,0.595657,-0.296386,-3.20345,0.654201,-0.310199,-3.41717,0.653954,-0.34009,-3.41531,0.624264,-0.34009,-3.41924,0.624511,-0.310199,-3.42111
1.14134,-2.26576,-0.430314,-11.178,872424361,0.622916,-0.265109,-3.19165,0.622704,-0.293632,-3.19005,0.594383,-0.293632,-3.1938,0.594595,-0.265109,-3.1954,0.653144,-0.277543,-3.40921,0.652922,-0.307446,-3.40753,0.623231,-0.307446,-3.41147,0.623454,-0.277543,-3.41314
0.417178,-1.51726,-1.12224,-12.0841,872424454,0.652456,-1.31144,-3.1936,0.651423,-1.33892,-3.18587,0.623128,-1.33897,-3.18982,0.624161,-1.31148,-3.19754,0.683119,-1.37148,-3.40302,0.682036,-1.40029,-3.39492,0.652372,-1.40034,-3.39905,0.653455,-1.37153,-3.40716
0.345088,-1.50833,-1.1047,2.3059,872424582,0.681305,-1.3114,-3.1896,0.680267,-1.33888,-3.18188,0.651997,-1.33897,-3.18599,0.653035,-1.31149,-3.19372,0.713335,-1.37143,-3.39882,0.712248,-1.40025,-3.39072,0.68261,-1.40034,-3.39503,0.683698,-1.37153,-3.40313
2.50723,-2.16868,0.180441,-1.48168,872424887,0.709885,0.146364,-3.17858,0.738102,0.146364,-3.17412,0.738214,0.117805,-3.17483,0.709997,0.117805,-3.17929,0.744244,0.153275,-3.39578,0.773826,0.153275,-3.3911,0.773944,0.123335,-3.39184,0.744362,0.123335,-3.39652
0.710236,-1.87193,-0.719199,13.3103,872424988,0.774334,-0.651278,-3.20512,0.773689,-0.679574,-3.20124,0.745507,-0.679574,-3.20592,0.746152,-0.651278,-3.2098,0.811403,-0.681589,-3.41985,0.810727,-0.711254,-3.41578,0.781182,-0.711254,-3.42069,0.781858,-0.681589,-3.42476
1.06048,-2.13094,0.172423,-0.667579,872425015,0.744296,0.146364,-3.19846,0.772479,0.146364,-3.19378,0.772596,0.117805,-3.19449,0.744414,0.117805,-3.19917,0.780294,0.153275,-3.41539,0.80984,0.153275,-3.41049,0.809964,0.123335,-3.41123,0.780418,0.123335,-3.41613
0.36701,-1.50181,-0.970846,-2.89503,872425353,0.863285,-1.22671,-3.20785,0.862086,-1.25433,-3.20067,0.833997,-1.25447,-3.20588,0.835196,-1.22684,-3.21306,0.903678,-1.28274,-3.41673,0.902421,-1.3117,-3.40921,0.872973,-1.31184,-3.41467,0.87423,-1.28288,-3.42219
0.720284,-1.91279,-0.427227,-16.4664,872425509,0.888,-0.383543,-3.17832,0.887605,-0.412016,-3.17602,0.859548,-0.412061,-3.18141,0.859943,-0.383588,-3.1837,0.930707,-0.401486,-3.39339,0.930293,-0.431336,-3.39098,0.900879,-0.431383,-3.39663,0.901293,-0.401533,-3.39904
0.46041,-1.84986,-0.427071,47.4348,872425764,0.952272,-0.412647,-3.19407,0.951776,-0.441105,-3.19161,0.923798,-0.441116,-3.19738,0.924294,-0.412659,-3.19984,0.997916,-0.431973,-3.40842,0.997396,-0.461808,-3.40584,0.968064,-0.461819,-3.41189,0.968584,-0.431985,-3.41447
0.741144,-1.93029,0.139915,12.4866,872425783,0.923807,0.146364,-3.19739,0.951786,0.146364,-3.19162,0.951931,0.117805,-3.19232,0.923952,0.117805,-3.19809,0.968234,0.153275,-3.41275,0.997566,0.153275,-3.4067,0.997718,0.123335,-3.40744,0.968386,0.123335,-3.41349
0.62912,-1.87462,-0.103109,4.8988,872426031,1.00898,-0.0886746,-3.18057,1.00887,-0.117237,-3.18004,0.980963,-0.117237,-3.18617,0.981079,-0.0886745,-3.18669,1.05748,-0.092822,-3.39512,1.05736,-0.122767,-3.39457,1.0281,-0.122767,-3.40099,1.02822,-0.0928219,-3.40154
0.412688,-1.72406,-0.21486,0.35407,872426666,1.16075,-0.235976,-3.18321,1.16042,-0.264508,-3.18181,1.13273,-0.264525,-3.18883,1.13306,-0.235993,-3.19023,1.21612,-0.247028,-3.39584,1.21577,-0.27694,-3.39438,1.18674,-0.276958,-3.40174,1.18709,-0.247046,-3.40321
0.751596,-1.72886,-0.190471,5.38107,872426667,1.16095,-0.206864,-3.18407,1.16066,-0.235405,-3.18285,1.13297,-0.235422,-3.18987,1.13326,-0.206881,-3.1911,1.21634,-0.216535,-3.39677,1.21603,-0.246456,-3.39549,1.187,-0.246474,-3.40285,1.18731,-0.216553,-3.40413
0.297833,-1.70022,-0.209827,30.6531,872426794,1.18909,-0.235972,-3.17644,1.18875,-0.264504,-3.17504,1.1611,-0.264526,-3.18224,1.16144,-0.235995,-3.18363,1.24579,-0.247022,-3.38872,1.24544,-0.276935,-3.38726,1.21645,-0.276958,-3.3948,1.21681,-0.247046,-3.39626
0.550811,1.54589,-2.83953,-9.34505,872432292,-1.38401,-0.412658,3.21063,-1.38328,-0.441116,3.20823,-1.35594,-0.441116,3.2165,-1.35666,-0.412658,3.21891,-1.44878,-0.431985,3.42,-1.44802,-0.461819,3.41748,-1.41936,-0.461819,3.42615,-1.42012,-0.431985,3.42867
0.399686,1.5504,-2.79001,0.0153534,872432418,-1.34383,-0.473543,3.18509,-1.34309,-0.501966,3.18232,-1.31569,-0.502034,3.1904,-1.31643,-0.47361,3.19317,-1.40714,-0.495611,3.39463,-1.40636,-0.52541,3.39173,-1.37763,-0.525481,3.4002,-1.37842,-0.495682,3.4031
1.02786,1.56259,-2.76346,-3.43289,872432545,-1.31503,-0.50255,3.19014,-1.31424,-0.530956,3.1872,-1.28679,-0.531006,3.19511,-1.28758,-0.502601,3.19805,-1.37698,-0.525997,3.39993,-1.37615,-0.555777,3.39685,-1.34737,-0.55583,3.40515,-1.3482,-0.526051,3.40823
0.466355,1.56621,-2.717,-19.1576,872432671,-1.28554,-0.560569,3.19259,-1.28465,-0.588933,3.1893,-1.25715,-0.588967,3.19704,-1.25804,-0.560602,3.20033,-1.34608,-0.586765,3.40247,-1.34515,-0.616502,3.39903,-1.31632,-0.616538,3.40714,-1.31725,-0.586801,3.41058
-0.176411,1.49132,-2.52985,-0.984372,872432789,-1.25787,-0.858229,3.20195,-1.25653,-0.886324,3.19696,-1.22898,-0.886352,3.20453,-1.23033,-0.858257,3.20952,-1.31658,-0.898089,3.4102,-1.31517,-0.927543,3.40496,-1.28629,-0.927573,3.4129,-1.2877,-0.898118,3.41814
-0.0939542,1.50176,-2.54596,-2.9656,872432790,-1.25904,-0.829451,3.20632,-1.25775,-0.857578,3.20149,-1.2302,-0.857607,3.20906,-1.2315,-0.829479,3.21389,-1.31781,-0.867951,3.41481,-1.31645,-0.897439,3.40975,-1.28757,-0.897468,3.41768,-1.28893,-0.867981,3.42275
-0.0369325,1.51208,-2.56241,-1.00111,872432791,-1.26022,-0.80068,3.2107,-1.25897,-0.828838,3.20604,-1.23142,-0.828866,3.21361,-1.23267,-0.800708,3.21827,-1.31904,-0.837818,3.41941,-1.31773,-0.867338,3.41453,-1.28885,-0.867368,3.42247,-1.29016,-0.837848,3.42735
0.107149,1.52225,-2.57917,-1.61817,872432792,-1.26139,-0.771914,3.21508,-1.26019,-0.800102,3.2106,-1.23264,-0.80013,3.21817,-1.23384,-0.771942,3.22265,-1.32028,-0.807689,3.42402,-1.31901,-0.83724,3.41932,-1.29014,-0.83727,3.42725,-1.2914,-0.807719,3.43196
-0.0037342,1.53226,-2.59627,-1.36625,872432793,-1.26257,-0.743152,3.21947,-1.26141,-0.771369,3.21516,-1.23386,-0.771397,3.22273,-1.23502,-0.74318,3.22704,-1.32151,-0.777563,3.42862,-1.3203,-0.807144,3.4241,-1.29142,-0.807173,3.43203,-1.29263,-0.777592,3.43656
-0.0690957,1.50723,-2.51905,-1.54928,872432917,-1.22979,-0.858256,3.20966,-1.22845,-0.886351,3.20466,-1.20086,-0.886351,3.21206,-1.2022,-0.858256,3.21706,-1.28716,-0.898118,3.41828,-1.28575,-0.927572,3.41304,-1.25682,-0.927572,3.42079,-1.25823,-0.898118,3.42604
0.0368385,1.53915,-2.56883,-1.63143,872432920,-1.23331,-0.771941,3.22279,-1.23211,-0.800129,3.2183,-1.20451,-0.800129,3.2257,-1.20572,-0.771941,3.23019,-1.29086,-0.807718,3.43209,-1.2896,-0.837269,3.42739,-1.26067,-0.837269,3.43515,-1.26193,-0.807718,3.43985
-0.0319848,1.5495,-2.58611,-0.942616,872432921,-1.23449,-0.743179,3.22718,-1.23333,-0.771396,3.22286,-1.20574,-0.771396,3.23026,-1.20689,-0.743179,3.23458,-1.2921,-0.777591,3.4367,-1.29088,-0.807173,3.43217,-1.26196,-0.807173,3.43993,-1.26317,-0.777591,3.44445
0.371489,1.62192,-2.73989,9.91318,872432929,-1.23077,-0.502596,3.21322,-1.22998,-0.531001,3.21028,-1.20239,-0.531001,3.21767,-1.20317,-0.502596,3.22062,-1.28873,-0.526049,3.42415,-1.2879,-0.555829,3.42107,-1.25897,-0.555829,3.42882,-1.2598,-0.526049,3.43191
0.250063,1.56297,-2.57083,30.1047,872433049,-1.19376,-0.74308,3.19663,-1.19274,-0.771297,3.19228,-1.16509,-0.771409,3.19948,-1.16611,-0.743193,3.20383,-1.24996,-0.777476,3.40654,-1.24889,-0.807058,3.40198,-1.21991,-0.807176,3.40952,-1.22098,-0.777594,3.41408
0.571146,1.57202,-2.58993,2.33978,872433050,-1.18946,-0.709004,3.17814,-1.18847,-0.737247,3.17396,-1.16082,-0.737337,3.18116,-1.16182,-0.709094,3.18533,-1.2457,-0.742037,3.38825,-1.24465,-0.771648,3.38388,-1.21567,-0.771742,3.39142,-1.21671,-0.742132,3.3958
0.550793,1.55072,-2.47926,-5.0704,872433301,-1.13298,-0.858204,3.19253,-1.1318,-0.886299,3.18749,-1.10406,-0.886355,3.19434,-1.10525,-0.85826,3.19938,-1.1863,-0.89806,3.40222,-1.18505,-0.927514,3.39694,-1.15598,-0.927573,3.40412,-1.15722,-0.898119,3.4094
0.609738,1.56281,-2.4959,8.07873,872433302,-1.13401,-0.829426,3.19693,-1.13287,-0.857553,3.19207,-1.10513,-0.857609,3.19892,-1.10628,-0.829482,3.20378,-1.18738,-0.867922,3.40686,-1.18618,-0.89741,3.40176,-1.15711,-0.897469,3.40895,-1.15831,-0.867981,3.41405
-0.0642134,1.50519,-2.38839,-0.591388,872433424,-1.10484,-1.00824,3.20015,-1.10345,-1.03616,3.19425,-1.07568,-1.03619,3.20093,-1.07706,-1.00828,3.20683,-1.15652,-1.05488,3.40885,-1.15507,-1.08415,3.40267,-1.12595,-1.08418,3.40967,-1.1274,-1.05491,3.41585
0.00584485,1.518,-2.40311,-0.346936,872433425,-1.10607,-0.97962,3.20543,-1.10473,-1.00758,3.1997,-1.07695,-1.00761,3.20638,-1.0783,-0.979654,3.21211,-1.15782,-1.0249,3.41441,-1.15641,-1.05421,3.40841,-1.12729,-1.05425,3.41541,-1.1287,-1.02494,3.42141
0.105434,1.53078,-2.4182,8.18465,872433426,-1.10731,-0.951005,3.21072,-1.10601,-0.978998,3.20516,-1.07823,-0.979032,3.21184,-1.07953,-0.951039,3.2174,-1.15912,-0.994935,3.41997,-1.15776,-1.02428,3.41415,-1.12864,-1.02432,3.42115,-1.13,-0.994971,3.42698
0.00841556,1.54351,-2.43366,0.234884,872433427,-1.10855,-0.922396,3.21601,-1.10729,-0.950424,3.21063,-1.07951,-0.950458,3.21731,-1.08077,-0.92243,3.22269,-1.16042,-0.964971,3.42553,-1.1591,-0.994355,3.41989,-1.12998,-0.99439,3.42689,-1.1313,-0.965006,3.43254
-0.079336,1.55618,-2.4495,0.439843,872433428,-1.10979,-0.893792,3.22132,-1.10857,-0.921854,3.21611,-1.08079,-0.921887,3.22279,-1.08201,-0.893825,3.228,-1.16172,-0.935009,3.43109,-1.16044,-0.964429,3.42563,-1.13132,-0.964464,3.43263,-1.1326,-0.935044,3.4381
0.573148,1.67268,2.63438,-12.1638,872433479,-1.07919,0.621837,3.21581,-1.10697,0.621815,3.20913,-1.10778,0.593472,3.21261,-1.08,0.593494,3.21929,-1.1302,0.650778,3.42785,-1.15932,0.650755,3.42085,-1.16017,0.621041,3.4245,-1.13105,0.621065,3.4315
0.0232635,1.51964,-2.37524,-1.40545,872433552,-1.07652,-1.00827,3.20695,-1.07514,-1.03619,3.20105,-1.04732,-1.03619,3.20756,-1.0487,-1.00827,3.21346,-1.12686,-1.05491,3.41597,-1.12541,-1.08418,3.40979,-1.09625,-1.08418,3.41662,-1.0977,-1.05491,3.4228
-0.172531,1.57216,-2.43659,0.290326,872433556,-1.08147,-0.893824,3.22812,-1.08026,-0.921886,3.2229,-1.05244,-0.921886,3.22941,-1.05366,-0.893824,3.23463,-1.13207,-0.935044,3.43822,-1.13079,-0.964463,3.43276,-1.10162,-0.964463,3.43958,-1.1029,-0.935044,3.44504
0.445253,1.72499,2.68905,19.0274,872433604,-1.0487,0.531001,3.21324,-1.07651,0.531001,3.20674,-1.07721,0.502596,3.20971,-1.04939,0.502596,3.21621,-1.09846,0.555829,3.4261,-1.12762,0.555829,3.41929,-1.12835,0.526049,3.4224,-1.09919,0.526049,3.42921
-0.00484313,1.50358,-2.32781,-0.773373,872433678,-1.04235,-1.07387,3.19931,-1.04109,-1.10171,3.19302,-1.01322,-1.10186,3.19932,-1.01449,-1.07402,3.2056,-1.0912,-1.12318,3.40807,-1.08988,-1.15237,3.40149,-1.06066,-1.15253,3.40809,-1.06198,-1.12334,3.41467
-0.374228,1.51735,-2.34163,-0.083548,872433679,-1.04359,-1.04545,3.20553,-1.04237,-1.07333,3.19942,-1.0145,-1.07348,3.20571,-1.01573,-1.0456,3.21182,-1.0925,-1.09341,3.41459,-1.09122,-1.12264,3.40819,-1.062,-1.1228,3.41479,-1.06329,-1.09357,3.42119
0.904837,1.74457,2.67456,10.968,872433732,-1.01062,0.53101,3.18599,-1.03848,0.530942,3.17969,-1.03909,0.502537,3.18268,-1.01122,0.502604,3.18897,-1.05887,0.55583,3.3992,-1.08808,0.555759,3.3926,-1.08871,0.52598,3.39573,-1.0595,0.526051,3.40233
-0.122926,1.51709,-2.31375,-0.713462,872433806,-1.01382,-1.0739,3.20516,-1.01256,-1.10174,3.19888,-0.984654,-1.10186,3.205,-0.985915,-1.07401,3.21128,-1.06132,-1.12322,3.41424,-1.05999,-1.15241,3.40765,-1.03074,-1.15253,3.41407,-1.03206,-1.12334,3.42066
0.750167,1.85699,2.92298,-28.9457,872433850,-0.981349,0.235422,3.18811,-1.00925,0.235405,3.18199,-1.00951,0.206864,3.18322,-0.981601,0.206881,3.18934,-1.02845,0.246474,3.40273,-1.0577,0.246456,3.39631,-1.05797,0.216535,3.3976,-1.02871,0.216553,3.40402
0.388271,1.76737,2.6631,-31.1459,872433860,-0.982046,0.531006,3.19166,-1.00995,0.530956,3.18554,-1.01055,0.50255,3.18853,-0.982649,0.502601,3.19465,-1.02894,0.55583,3.40517,-1.0582,0.555777,3.39875,-1.05883,0.525997,3.40188,-1.02958,0.52605,3.4083
0.0555122,1.53059,-2.29932,-1.55779,872433934,-0.985291,-1.07393,3.21103,-0.984031,-1.10177,3.20474,-0.95609,-1.10185,3.2107,-0.95735,-1.07401,3.21698,-1.03144,-1.12326,3.4204,-1.03012,-1.15245,3.41382,-1.00083,-1.15253,3.42006,-1.00215,-1.12334,3.42664
0.0852237,1.54408,-2.28452,-0.73081,872434062,-0.956768,-1.07397,3.2169,-0.955509,-1.10181,3.21062,-0.927532,-1.10185,3.2164,-0.928791,-1.07401,3.22268,-1.00156,-1.1233,3.42657,-1.00024,-1.15249,3.41998,-0.970913,-1.15253,3.42604,-0.972233,-1.12334,3.43263
1.11635,1.91404,2.91014,5.27112,872434106,-0.924221,0.23542,3.19948,-0.9522,0.235415,3.1937,-0.952448,0.206874,3.19493,-0.92447,0.20688,3.20071,-0.968617,0.246474,3.41467,-0.99795,0.246468,3.40862,-0.99821,0.216547,3.40991,-0.968878,0.216553,3.41596
0.14406,1.55756,-2.26933,-70.5019,872434190,-0.928248,-1.074,3.22278,-0.92699,-1.10184,3.2165,-0.898978,-1.10184,3.2221,-0.900236,-1.074,3.22839,-0.97169,-1.12334,3.43273,-0.970372,-1.15253,3.42615,-0.941004,-1.15253,3.43203,-0.942323,-1.12334,3.43861
0.265136,1.49063,-2.18636,-1.1004,872434313,-0.891994,-1.22667,3.20293,-0.890795,-1.2543,3.19575,-0.862738,-1.25448,3.20113,-0.863938,-1.22685,3.20831,-0.933745,-1.28269,3.41154,-0.932486,-1.31165,3.40402,-0.903073,-1.31184,3.40966,-0.904331,-1.28288,3.41718
0.105081,1.506,-2.19788,-0.750998,872434314,-0.893178,-1.19847,3.21006,-0.892011,-1.22614,3.20306,-0.863954,-1.22632,3.20843,-0.865121,-1.19864,3.21544,-0.934985,-1.25315,3.41902,-0.933762,-1.28216,3.41168,-0.904348,-1.28234,3.41731,-0.905571,-1.25333,3.42466
1.19273,1.88795,-2.65882,10.4042,872434339,-0.889609,-0.444552,3.18815,-0.889169,-0.472994,3.18549,-0.861113,-0.473061,3.19088,-0.861553,-0.44462,3.19353,-0.932288,-0.465245,3.40298,-0.931826,-0.495062,3.4002,-0.902413,-0.495133,3.40584,-0.902874,-0.465316,3.40862
0.909374,1.92478,2.74239,-12.7907,872434367,-0.859873,0.383005,3.18336,-0.887929,0.38296,3.17798,-0.88829,0.354473,3.1801,-0.860234,0.354518,3.18548,-0.901224,0.40095,3.3987,-0.930637,0.400903,3.39306,-0.931016,0.371038,3.39528,-0.901602,0.371085,3.40092
0.0849569,1.50181,-2.17075,-0.400865,872434441,-0.863285,-1.22671,3.20785,-0.862086,-1.25433,3.20067,-0.833997,-1.25447,3.20588,-0.835196,-1.22684,3.21306,-0.903678,-1.28274,3.41673,-0.902421,-1.3117,3.40921,-0.872973,-1.31184,3.41467,-0.87423,-1.28288,3.42219
-0.141947,1.51288,-2.1548,0.24756,872434569,-0.834581,-1.22675,3.21278,-0.833384,-1.25437,3.2056,-0.805263,-1.25446,3.21064,-0.806461,-1.22684,3.21782,-0.873615,-1.28278,3.42192,-0.872359,-1.31174,3.41439,-0.842878,-1.31184,3.41967,-0.844134,-1.28288,3.4272
-0.109819,1.52385,-2.13851,-0.278594,872434697,-0.805882,-1.22679,3.21772,-0.804685,-1.25441,3.21054,-0.776534,-1.25446,3.21541,-0.777731,-1.22683,3.22259,-0.843555,-1.28283,3.42711,-0.8423,-1.31179,3.41958,-0.812788,-1.31184,3.42468,-0.814042,-1.28287,3.43221
0.21138,1.53469,-2.12188,-1.00205,872434825,-0.777185,-1.22683,3.22267,-0.77599,-1.25445,3.21549,-0.74781,-1.25446,3.22018,-0.749005,-1.22683,3.22736,-0.813496,-1.28287,3.43229,-0.812243,-1.31184,3.42477,-0.7827,-1.31184,3.42969,-0.783953,-1.28287,3.43721
0.607943,1.94835,2.47074,19.5502,872435014,-0.709865,0.588973,3.17855,-0.738082,0.588905,3.17409,-0.738547,0.56054,3.17746,-0.71033,0.560608,3.18192,-0.74403,0.616538,3.39413,-0.773613,0.616468,3.38945,-0.7741,0.586731,3.39299,-0.744518,0.586801,3.39767
0.945321,1.91047,2.42158,5.4419,872435016,-0.71135,0.650714,3.18984,-0.739567,0.650624,3.18537,-0.740066,0.622304,3.1891,-0.711849,0.622394,3.19356,-0.745484,0.681017,3.40505,-0.775066,0.680923,3.40037,-0.775589,0.651233,3.40428,-0.746007,0.651327,3.40896
1.02831,2.15261,2.75951,-6.80505,872435132,-0.680999,0.293633,3.18237,-0.709243,0.293616,3.17809,-0.709469,0.265094,3.17968,-0.681224,0.265111,3.18397,-0.713952,0.307446,3.39946,-0.743563,0.307428,3.39496,-0.7438,0.277526,3.39664,-0.714189,0.277544,3.40113
0.831684,2.26225,3.03124,1.19016,872435253,-0.652165,0.0881146,3.18647,-0.680436,0.0881146,3.18236,-0.680487,0.0595489,3.18272,-0.652216,0.0595489,3.18683,-0.6838,0.0922618,3.40415,-0.713439,0.0922618,3.39984,-0.713493,0.0623142,3.40021,-0.683855,0.0623141,3.40452
0.884381,2.25666,2.98829,7.66273,872435254,-0.652144,0.117237,3.18632,-0.680415,0.117237,3.18221,-0.680493,0.0886746,3.18274,-0.652222,0.0886745,3.18685,-0.683776,0.122767,3.40397,-0.713415,0.122767,3.39966,-0.713496,0.092822,3.40022,-0.683857,0.0928219,3.40453
0.912617,2.02335,-2.40798,28.5312,872435359,-0.651982,-0.560584,3.1894,-0.651531,-0.588949,3.18603,-0.623235,-0.588965,3.18996,-0.623687,-0.560601,3.19333,-0.683437,-0.586783,3.40556,-0.682963,-0.61652,3.40203,-0.653298,-0.616537,3.40615,-0.653772,-0.5868,3.40969
0.66816,2.04565,-2.43392,5.56322,872435360,-0.652337,-0.531579,3.19208,-0.65191,-0.559964,3.18889,-0.623614,-0.559981,3.19282,-0.624041,-0.531596,3.19602,-0.683813,-0.556405,3.40841,-0.683365,-0.586163,3.40506,-0.6537,-0.586181,3.40918,-0.654148,-0.556423,3.41253
1.93746,2.07219,-2.41098,-1.70656,872435488,-0.623491,-0.531595,3.19608,-0.623067,-0.559981,3.19289,-0.594747,-0.559981,3.19664,-0.595171,-0.531595,3.19984,-0.653597,-0.556422,3.4126,-0.653153,-0.586181,3.40925,-0.623463,-0.586181,3.41318,-0.623907,-0.556422,3.41654
1.42841,2.35916,3.11598,12.0013,872435507,-0.594469,0.0298763,3.19443,-0.62279,0.0298764,3.19067,-0.62279,0.0013084,3.19067,-0.594469,0.00130832,3.19443,-0.62337,0.0312591,3.41252,-0.653061,0.0312592,3.40859,-0.653061,0.00130919,3.40859,-0.623371,0.0013091,3.41252
1.07939,2.02259,-2.30698,-10.4296,872435613,-0.59111,-0.622304,3.18918,-0.590734,-0.650624,3.18544,-0.562386,-0.650714,3.18898,-0.562763,-0.622394,3.19271,-0.619579,-0.651233,3.4054,-0.619184,-0.680923,3.40148,-0.589465,-0.681017,3.40519,-0.58986,-0.651327,3.40911
0.366748,2.07174,-2.35695,18.7319,872435615,-0.589972,-0.56054,3.17749,-0.589618,-0.588905,3.17411,-0.56127,-0.588973,3.17765,-0.561624,-0.560608,3.18103,-0.61846,-0.586731,3.39407,-0.618088,-0.616468,3.39052,-0.588369,-0.616538,3.39423,-0.588741,-0.586802,3.39778
0.838267,2.09675,-2.38305,-11.5026,872435616,-0.590236,-0.531536,3.18019,-0.589903,-0.559921,3.17698,-0.561555,-0.559989,3.18052,-0.561888,-0.531603,3.18373,-0.61874,-0.556353,3.39692,-0.618392,-0.586112,3.39356,-0.588672,-0.586182,3.39727,-0.589021,-0.556424,3.40063
-0.39338,2.1217,-2.41049,-0.39684,872435617,-0.5905,-0.502537,3.18289,-0.59019,-0.530942,3.17986,-0.561842,-0.53101,3.1834,-0.562152,-0.502604,3.18643,-0.61902,-0.52598,3.39978,-0.618695,-0.555759,3.3966,-0.588975,-0.55583,3.40031,-0.589301,-0.526051,3.40348
-0.576917,2.14651,-2.43931,-1.14796,872435618,-0.590765,-0.473543,3.1856,-0.590477,-0.501966,3.18275,-0.562129,-0.502034,3.18629,-0.562417,-0.47361,3.18914,-0.6193,-0.495611,3.40263,-0.618997,-0.52541,3.39964,-0.589278,-0.525481,3.40335,-0.58958,-0.495682,3.40634
-0.157906,2.17109,-2.46958,0.665373,872435619,-0.591031,-0.444552,3.18832,-0.590765,-0.472994,3.18564,-0.562417,-0.473061,3.18918,-0.562683,-0.44462,3.19186,-0.619579,-0.465245,3.40548,-0.6193,-0.495062,3.40268,-0.58958,-0.495133,3.40639,-0.58986,-0.465316,3.40919
-0.0986632,2.19485,-2.50347,0.466813,872435620,-0.589894,-0.412619,3.17662,-0.589627,-0.441076,3.17413,-0.561279,-0.441121,3.17767,-0.561546,-0.412664,3.18016,-0.618442,-0.431939,3.39391,-0.618163,-0.461773,3.39129,-0.588444,-0.46182,3.395,-0.588723,-0.431986,3.39762
1.21431,2.21854,-2.537,-6.31105,872435621,-0.590067,-0.383543,3.17841,-0.589823,-0.412016,3.17609,-0.561475,-0.412061,3.17963,-0.561719,-0.383588,3.18195,-0.618628,-0.401486,3.39581,-0.618372,-0.431336,3.39338,-0.588652,-0.431383,3.39709,-0.588908,-0.401533,3.39952
-0.192373,2.24164,-2.57212,0.045207,872435622,-0.590241,-0.354473,3.1802,-0.590019,-0.38296,3.17806,-0.561671,-0.383005,3.1816,-0.561893,-0.354518,3.18374,-0.618813,-0.371038,3.39772,-0.61858,-0.400903,3.39547,-0.588861,-0.40095,3.39918,-0.589094,-0.371085,3.40143
0.411448,2.26401,-2.60887,59.7448,872435623,-0.590415,-0.325408,3.18201,-0.590216,-0.353908,3.18004,-0.561868,-0.353953,3.18358,-0.562067,-0.325453,3.18555,-0.618998,-0.340594,3.39962,-0.618788,-0.370472,3.39756,-0.589069,-0.37052,3.40127,-0.589278,-0.340641,3.40333
-0.314851,2.28547,-2.64726,0.309266,872435624,-0.590591,-0.296346,3.18382,-0.590413,-0.324858,3.18203,-0.562066,-0.324903,3.18557,-0.562243,-0.296391,3.18736,-0.619182,-0.310153,3.40152,-0.618996,-0.340044,3.39965,-0.589277,-0.340091,3.40336,-0.589463,-0.3102,3.40523
0.499361,2.09707,-2.33112,44.6754,872435743,-0.560998,-0.560554,3.18052,-0.560648,-0.588919,3.17714,-0.532278,-0.588969,3.1805,-0.532629,-0.560605,3.18388,-0.588115,-0.586748,3.39727,-0.587748,-0.616485,3.39372,-0.558006,-0.616538,3.39725,-0.558373,-0.586801,3.40079
2.27151,2.12341,-2.35724,1.15728,872435744,-0.561263,-0.531549,3.18322,-0.560934,-0.559935,3.18001,-0.532564,-0.559985,3.18337,-0.532893,-0.5316,3.18658,-0.588396,-0.55637,3.40012,-0.588051,-0.586129,3.39676,-0.558309,-0.586182,3.40029,-0.558654,-0.556423,3.40365
0.250154,2.14977,-2.38477,-0.249969,872435745,-0.561528,-0.50255,3.18592,-0.56122,-0.530956,3.18289,-0.532851,-0.531006,3.18625,-0.533159,-0.502601,3.18928,-0.588677,-0.525997,3.40298,-0.588353,-0.555777,3.3998,-0.558611,-0.55583,3.40333,-0.558935,-0.526051,3.4065
-0.0508542,2.17604,-2.41377,-0.080935,872435746,-0.561795,-0.473556,3.18863,-0.561507,-0.50198,3.18578,-0.533138,-0.502031,3.18914,-0.533425,-0.473607,3.19199,-0.588957,-0.495629,3.40583,-0.588656,-0.525427,3.40284,-0.558914,-0.52548,3.40636,-0.559215,-0.495682,3.40935
-0.0864524,2.20215,-2.44432,0.331481,872435747,-0.562062,-0.444566,3.19135,-0.561795,-0.473007,3.18867,-0.533426,-0.473058,3.19203,-0.533692,-0.444617,3.19471,-0.589237,-0.465262,3.40868,-0.588959,-0.495079,3.40588,-0.559217,-0.495133,3.4094,-0.559496,-0.465315,3.41221
0.0849409,2.22769,-2.47857,0.319478,872435748,-0.560919,-0.412628,3.17965,-0.560658,-0.441085,3.17715,-0.532288,-0.441119,3.18051,-0.53255,-0.412661,3.18301,-0.588097,-0.43195,3.39711,-0.587822,-0.461784,3.3945,-0.55808,-0.46182,3.39802,-0.558355,-0.431986,3.40064
0.647942,2.25303,-2.51263,1.02306,872435749,-0.561094,-0.383552,3.18144,-0.560853,-0.412025,3.17912,-0.532483,-0.412059,3.18248,-0.532724,-0.383586,3.1848,-0.588283,-0.401497,3.39901,-0.588031,-0.431348,3.39658,-0.558289,-0.431383,3.40011,-0.558541,-0.401533,3.40254
0.304285,2.27783,-2.54843,26.173,872435750,-0.561269,-0.354482,3.18323,-0.561049,-0.382969,3.18109,-0.53268,-0.383003,3.18445,-0.532899,-0.354516,3.18659,-0.588469,-0.371049,3.40092,-0.588239,-0.400914,3.39867,-0.558497,-0.40095,3.4022,-0.558727,-0.371085,3.40444
0.31642,2.30191,-2.58601,-28.7522,872435751,-0.561445,-0.325417,3.18503,-0.561246,-0.353917,3.18307,-0.532876,-0.353951,3.18643,-0.533075,-0.325451,3.18839,-0.588655,-0.340606,3.40282,-0.588447,-0.370484,3.40076,-0.558705,-0.370519,3.40428,-0.558913,-0.340641,3.40634
-0.0477085,2.3251,-2.6254,-0.040847,872435752,-0.561621,-0.296355,3.18684,-0.561444,-0.324867,3.18506,-0.533074,-0.324901,3.18842,-0.533252,-0.296389,3.1902,-0.588841,-0.310164,3.40472,-0.588655,-0.340055,3.40285,-0.558913,-0.340091,3.40637,-0.559099,-0.3102,3.40824
1.93456,2.46091,-3.11307,-44.5496,872435762,-0.56073,-0.00130837,3.17779,-0.56073,-0.0298764,3.17779,-0.53236,-0.0298763,3.18116,-0.53236,-0.00130834,3.18116,-0.587982,-0.00130916,3.3961,-0.587982,-0.0312592,3.3961,-0.55824,-0.0312591,3.39963,-0.55824,-0.00130913,3.39963
2.96364,2.46091,3.11307,-7.57185,872435763,-0.53236,0.0298763,3.18116,-0.56073,0.0298764,3.17779,-0.56073,0.00130837,3.17779,-0.53236,0.00130834,3.18116,-0.55824,0.0312591,3.39963,-0.587982,0.0312592,3.3961,-0.587982,0.00130916,3.3961,-0.55824,0.00130913,3.39963
1.47907,2.45801,3.05997,12.2031,872435764,-0.532343,0.0589946,3.18098,-0.560713,0.0589946,3.17762,-0.560734,0.0304272,3.1778,-0.532364,0.0304272,3.18116,-0.558221,0.0617596,3.39944,-0.587963,0.0617597,3.39592,-0.587986,0.0318103,3.39611,-0.558243,0.0318102,3.39963
1.03758,2.20215,2.44432,2.30398,872435778,-0.533426,0.473058,3.19203,-0.561795,0.473007,3.18867,-0.562062,0.444566,3.19135,-0.533692,0.444617,3.19471,-0.559216,0.495132,3.4094,-0.588958,0.495079,3.40588,-0.589237,0.465262,3.40868,-0.559495,0.465315,3.41221
0.769353,2.17604,2.41377,18.2994,872435779,-0.533138,0.502031,3.18914,-0.561507,0.50198,3.18578,-0.561794,0.473556,3.18863,-0.533425,0.473607,3.19199,-0.558914,0.52548,3.40636,-0.588656,0.525427,3.40284,-0.588957,0.495628,3.40583,-0.559215,0.495682,3.40935
-0.708878,2.12236,-2.30397,-1.16627,872435871,-0.532029,-0.560569,3.18356,-0.531683,-0.588933,3.18017,-0.503293,-0.588967,3.18336,-0.503639,-0.560602,3.18674,-0.557773,-0.586765,3.40047,-0.557411,-0.616502,3.39693,-0.527647,-0.616538,3.40026,-0.52801,-0.586801,3.40381
0.214941,2.15011,-2.33003,0.248299,872435872,-0.532295,-0.531564,3.18625,-0.531969,-0.559949,3.18304,-0.503579,-0.559983,3.18623,-0.503905,-0.531598,3.18943,-0.558055,-0.556387,3.40333,-0.557713,-0.586146,3.39996,-0.52795,-0.586182,3.4033,-0.528292,-0.556423,3.40666
0.147422,2.17795,-2.35758,-32.5233,872435873,-0.532561,-0.502565,3.18895,-0.532255,-0.53097,3.18592,-0.503865,-0.531004,3.18911,-0.504171,-0.502599,3.19214,-0.558337,-0.526015,3.40618,-0.558016,-0.555794,3.403,-0.528253,-0.55583,3.40634,-0.528573,-0.52605,3.40952
0.284354,2.20579,-2.38668,22.9346,872435874,-0.532829,-0.473571,3.19166,-0.532543,-0.501995,3.18881,-0.504153,-0.502028,3.19199,-0.504439,-0.473605,3.19485,-0.558618,-0.495646,3.40903,-0.558319,-0.525445,3.40604,-0.528555,-0.52548,3.40938,-0.528855,-0.495681,3.41237
0.230148,2.23353,-2.41744,-28.765,872435875,-0.533097,-0.44458,3.19438,-0.532831,-0.473022,3.19171,-0.504441,-0.473055,3.19489,-0.504707,-0.444614,3.19756,-0.5589,-0.46528,3.41188,-0.558621,-0.495097,3.40908,-0.528857,-0.495132,3.41242,-0.529136,-0.465315,3.41522
0.181895,2.26098,-2.45198,-0.00413001,872435876,-0.53195,-0.412637,3.18268,-0.531693,-0.441095,3.18019,-0.503303,-0.441117,3.18337,-0.50356,-0.41266,3.18587,-0.557755,-0.431962,3.40031,-0.557485,-0.461796,3.3977,-0.527722,-0.46182,3.40103,-0.527992,-0.431985,3.40365
0.942842,2.28813,-2.48651,22.2763,872435877,-0.532125,-0.383562,3.18447,-0.531888,-0.412035,3.18215,-0.503498,-0.412057,3.18533,-0.503735,-0.383584,3.18765,-0.557942,-0.401509,3.40222,-0.557693,-0.431359,3.39978,-0.52793,-0.431383,3.40312,-0.528179,-0.401533,3.40555
1.34578,2.31477,-2.52295,4.86859,872435878,-0.532302,-0.354492,3.18626,-0.532084,-0.382979,3.18412,-0.503694,-0.383001,3.18731,-0.503912,-0.354514,3.18945,-0.558129,-0.371061,3.40412,-0.557901,-0.400926,3.40187,-0.528138,-0.40095,3.40521,-0.528366,-0.371085,3.40745
-0.084466,2.34074,-2.56134,-0.044921,872435879,-0.532479,-0.325427,3.18807,-0.532281,-0.353926,3.1861,-0.503891,-0.353949,3.18929,-0.504088,-0.325449,3.19125,-0.558316,-0.340617,3.40602,-0.558109,-0.370496,3.40396,-0.528346,-0.370519,3.4073,-0.528553,-0.340641,3.40936
-0.0685865,2.36585,-2.60173,0.716513,872435880,-0.532656,-0.296365,3.18988,-0.532479,-0.324876,3.18809,-0.504089,-0.324899,3.19128,-0.504266,-0.296387,3.19306,-0.558503,-0.310176,3.40792,-0.558317,-0.340067,3.40605,-0.528554,-0.34009,3.40939,-0.52874,-0.3102,3.41126
1.66911,2.5155,3.11148,2.33799,872435891,-0.503375,0.0298763,3.18401,-0.531765,0.0298764,3.18083,-0.531765,0.00130837,3.18083,-0.503375,0.00130834,3.18401,-0.52788,0.0312591,3.40264,-0.557644,0.0312592,3.3993,-0.557644,0.00130916,3.3993,-0.52788,0.00130913,3.40264
1.06199,2.51227,3.05542,5.40762,872435892,-0.503358,0.0589946,3.18384,-0.531748,0.0589946,3.18066,-0.531768,0.0304272,3.18084,-0.503378,0.0304272,3.18402,-0.527862,0.0617597,3.40246,-0.557626,0.0617597,3.39912,-0.557647,0.0318103,3.39931,-0.527883,0.0318103,3.40264
-0.0551972,2.14755,-2.27542,-0.091972,872435999,-0.503064,-0.560584,3.1866,-0.502722,-0.588948,3.18322,-0.474313,-0.588965,3.18622,-0.474654,-0.560601,3.18961,-0.527434,-0.586783,3.40368,-0.527077,-0.61652,3.40013,-0.497293,-0.616537,3.40328,-0.497651,-0.5868,3.40683
-0.0340217,2.17677,-2.30134,0.27711,872436000,-0.50333,-0.531579,3.18929,-0.503008,-0.559964,3.18609,-0.474599,-0.559981,3.18909,-0.474921,-0.531596,3.1923,-0.527717,-0.556405,3.40653,-0.527379,-0.586164,3.40317,-0.497595,-0.586181,3.40632,-0.497933,-0.556423,3.40968
-0.0863757,2.20617,-2.32882,0.071557,872436001,-0.503598,-0.50258,3.192,-0.503294,-0.530985,3.18897,-0.474885,-0.531002,3.19197,-0.475189,-0.502597,3.195,-0.528,-0.526032,3.40938,-0.527681,-0.555811,3.4062,-0.497898,-0.555829,3.40936,-0.498216,-0.52605,3.41253
-3.68397,2.23567,-2.35795,0.684033,872436002,-0.503867,-0.473586,3.19471,-0.503582,-0.50201,3.19185,-0.475172,-0.502027,3.19486,-0.475457,-0.473603,3.19771,-0.528282,-0.495663,3.41223,-0.527984,-0.525462,3.40924,-0.4982,-0.52548,3.41239,-0.498499,-0.495681,3.41538
0.556751,2.26517,-2.38883,-31.8175,872436003,-0.504136,-0.444596,3.19742,-0.50387,-0.473037,3.19475,-0.47546,-0.473054,3.19775,-0.475726,-0.444613,3.20043,-0.528565,-0.465297,3.41509,-0.528286,-0.495114,3.41228,-0.498502,-0.495132,3.41543,-0.498781,-0.465315,3.41824
1.38483,2.29467,-2.42356,7.64111,872436004,-0.502985,-0.412647,3.18573,-0.502732,-0.441105,3.18323,-0.474322,-0.441116,3.18623,-0.474575,-0.412659,3.18873,-0.527416,-0.431973,3.40351,-0.527151,-0.461807,3.4009,-0.497367,-0.461819,3.40405,-0.497632,-0.431985,3.40666
1.80677,2.32376,-2.4585,-5.21567,872436005,-0.503161,-0.383572,3.18751,-0.502927,-0.412045,3.18519,-0.474518,-0.412056,3.1882,-0.474751,-0.383583,3.19052,-0.527604,-0.40152,3.40542,-0.527359,-0.431371,3.40299,-0.497575,-0.431382,3.40614,-0.49782,-0.401532,3.40857
2.09374,2.35243,-2.4955,18.7429,872436006,-0.503338,-0.354502,3.18931,-0.503123,-0.382989,3.18717,-0.474714,-0.383,3.19017,-0.474929,-0.354513,3.19231,-0.527792,-0.371073,3.40732,-0.527567,-0.400937,3.40507,-0.497783,-0.400949,3.40822,-0.498008,-0.371084,3.41047
0.539801,2.38049,-2.53466,19.7636,872436007,-0.503516,-0.325437,3.19111,-0.50332,-0.353937,3.18915,-0.474911,-0.353948,3.19215,-0.475107,-0.325448,3.19411,-0.52798,-0.340629,3.40922,-0.527774,-0.370507,3.40716,-0.497991,-0.370519,3.41031,-0.498196,-0.34064,3.41237
0.719743,2.40772,-2.57603,-4.27762,872436008,-0.503695,-0.296375,3.19292,-0.503518,-0.324887,3.19113,-0.475108,-0.324898,3.19414,-0.475286,-0.296386,3.19592,-0.528168,-0.310187,3.41112,-0.527982,-0.340078,3.40925,-0.498198,-0.34009,3.4124,-0.498384,-0.310199,3.41427
0.469109,1.55313,1.92417,-1.2618,872436063,-0.474211,1.33897,3.18607,-0.502619,1.33892,3.18306,-0.503399,1.31144,3.19081,-0.474991,1.31148,3.19383,-0.496599,1.40034,3.39615,-0.526382,1.40029,3.39299,-0.5272,1.37148,3.40113,-0.497417,1.37153,3.40429
0.585554,2.14227,-2.22004,38.7599,872436126,-0.475613,-0.593493,3.20496,-0.475259,-0.621836,3.2014,-0.446831,-0.621836,3.20423,-0.447186,-0.593493,3.20779,-0.498607,-0.621064,3.42202,-0.498235,-0.650778,3.41828,-0.468432,-0.650778,3.42125,-0.468804,-0.621064,3.42498
0.0512319,2.2033,-2.2711,0.974113,872436128,-0.474369,-0.531595,3.19235,-0.47405,-0.559981,3.18914,-0.445622,-0.559981,3.19197,-0.445941,-0.531595,3.19517,-0.497381,-0.556422,3.40973,-0.497046,-0.586181,3.40637,-0.467243,-0.586181,3.40933,-0.467578,-0.556422,3.4127
0.51168,2.23434,-2.29841,-23.3804,872436129,-0.474637,-0.502596,3.19505,-0.474336,-0.531001,3.19202,-0.445908,-0.531001,3.19484,-0.44621,-0.502596,3.19788,-0.497664,-0.526049,3.41258,-0.497348,-0.555829,3.40941,-0.467545,-0.555829,3.41237,-0.467861,-0.526049,3.41555
0.361013,2.2656,-2.32746,-41.1979,872436130,-0.474907,-0.473602,3.19776,-0.474623,-0.502026,3.1949,-0.446196,-0.502026,3.19773,-0.446479,-0.473602,3.20059,-0.497948,-0.49568,3.41544,-0.497651,-0.525479,3.41244,-0.467848,-0.525479,3.41541,-0.468145,-0.49568,3.4184
2.35272,2.29695,-2.35837,-0.243259,872436131,-0.475177,-0.444612,3.20048,-0.474911,-0.473053,3.1978,-0.446484,-0.473053,3.20063,-0.44675,-0.444612,3.2033,-0.498232,-0.465314,3.41829,-0.497953,-0.495131,3.41548,-0.46815,-0.495131,3.41845,-0.468429,-0.465314,3.42125
8.00387,2.32866,-2.39317,-1.08508,872436132,-0.474021,-0.412658,3.18878,-0.473773,-0.441116,3.18628,-0.445345,-0.441116,3.18911,-0.445594,-0.412658,3.1916,-0.497079,-0.431985,3.40671,-0.496818,-0.461819,3.4041,-0.467015,-0.461819,3.40706,-0.467276,-0.431985,3.40968
12.3368,2.35986,-2.42842,-1.50223,872436133,-0.474199,-0.383583,3.19056,-0.473969,-0.412055,3.18824,-0.445541,-0.412055,3.19107,-0.445771,-0.383583,3.19339,-0.497268,-0.401532,3.40862,-0.497026,-0.431382,3.40619,-0.467223,-0.431382,3.40915,-0.467465,-0.401532,3.41158
10.1275,2.39074,-2.46591,-0.852786,872436134,-0.474378,-0.354513,3.19236,-0.474165,-0.383,3.19022,-0.445737,-0.383,3.19304,-0.44595,-0.354513,3.19518,-0.497457,-0.371084,3.41052,-0.497234,-0.400949,3.40827,-0.467431,-0.400949,3.41124,-0.467654,-0.371084,3.41348
1.3595,2.42109,-2.50576,3.78089,872436135,-0.474557,-0.325448,3.19416,-0.474362,-0.353947,3.1922,-0.445934,-0.353947,3.19502,-0.446129,-0.325448,3.19699,-0.497646,-0.34064,3.41242,-0.497441,-0.370519,3.41036,-0.467638,-0.370519,3.41333,-0.467843,-0.34064,3.41538
0.919018,2.45069,-2.54807,-1.3572,872436136,-0.474737,-0.296386,3.19597,-0.474559,-0.324897,3.19419,-0.446131,-0.324897,3.19701,-0.446309,-0.296386,3.1988,-0.497835,-0.310199,3.41432,-0.497649,-0.34009,3.41245,-0.467846,-0.34009,3.41541,-0.468032,-0.310199,3.41729
2.7506,2.47985,-2.59546,-8.30185,872436137,-0.473939,-0.265109,3.18789,-0.473779,-0.293632,3.18629,-0.445351,-0.293632,3.18911,-0.445511,-0.265109,3.19072,-0.497039,-0.277543,3.40633,-0.496871,-0.307446,3.40464,-0.467068,-0.307446,3.40761,-0.467235,-0.277543,3.40929
0.208633,2.19515,-2.21043,-73.9201,872436255,-0.441954,-0.56054,3.17752,-0.441712,-0.588905,3.17413,-0.413262,-0.588973,3.17673,-0.413505,-0.560608,3.18012,-0.463278,-0.586731,3.39492,-0.463023,-0.616468,3.39136,-0.433198,-0.616538,3.39409,-0.433452,-0.586802,3.39764
0.244746,2.22777,-2.23561,68.8922,872436256,-0.442129,-0.531536,3.18022,-0.441902,-0.559921,3.17701,-0.413453,-0.559989,3.17961,-0.413679,-0.531603,3.18282,-0.463463,-0.556353,3.39778,-0.463226,-0.586112,3.39441,-0.4334,-0.586182,3.39713,-0.433638,-0.556424,3.4005
0.116731,2.26082,-2.26248,46.9502,872436257,-0.442304,-0.502537,3.18293,-0.442093,-0.530942,3.17989,-0.413644,-0.53101,3.18249,-0.413854,-0.502604,3.18553,-0.463649,-0.52598,3.40064,-0.463428,-0.555759,3.39745,-0.433603,-0.55583,3.40018,-0.433823,-0.526051,3.40336
0.942226,2.29424,-2.29118,8.97908,872436258,-0.442479,-0.473543,3.18565,-0.442285,-0.501966,3.18279,-0.413836,-0.502034,3.18539,-0.41403,-0.47361,3.18825,-0.463834,-0.495611,3.4035,-0.463631,-0.52541,3.4005,-0.433805,-0.525481,3.40323,-0.434009,-0.495682,3.40623
3.86278,2.32792,-2.32187,0.211407,872436259,-0.442655,-0.444552,3.18837,-0.442478,-0.472994,3.18569,-0.414028,-0.473061,3.18829,-0.414206,-0.44462,3.19097,-0.464019,-0.465245,3.40636,-0.463833,-0.495062,3.40355,-0.434007,-0.495133,3.40627,-0.434194,-0.465316,3.40909
18.0118,2.36177,-2.35703,-0.96607,872436260,-0.441904,-0.412619,3.17665,-0.441721,-0.441076,3.17414,-0.413271,-0.441121,3.17674,-0.413455,-0.412664,3.17925,-0.463265,-0.431939,3.39476,-0.463073,-0.461773,3.39213,-0.433247,-0.46182,3.39486,-0.43344,-0.431986,3.39748
62.0809,2.39559,-2.39241,-0.628271,872436261,-0.442019,-0.383543,3.17844,-0.441851,-0.412016,3.17611,-0.413402,-0.412061,3.17871,-0.413569,-0.383588,3.18104,-0.463388,-0.401486,3.39667,-0.463212,-0.431336,3.39423,-0.433386,-0.431383,3.39695,-0.433562,-0.401533,3.39939
9.41517,2.42923,-2.43024,1.36691,872436262,-0.442133,-0.354473,3.18024,-0.441982,-0.38296,3.17809,-0.413533,-0.383005,3.18069,-0.413684,-0.354518,3.18284,-0.46351,-0.371038,3.39857,-0.463351,-0.400903,3.39632,-0.433526,-0.40095,3.39905,-0.433684,-0.371085,3.4013
3.01002,2.4625,-2.47069,0.172287,872436263,-0.442248,-0.325408,3.18204,-0.442113,-0.353908,3.18008,-0.413664,-0.353953,3.18268,-0.413799,-0.325453,3.18465,-0.463632,-0.340594,3.40048,-0.46349,-0.370472,3.39842,-0.433665,-0.37052,3.40114,-0.433806,-0.340641,3.40321
1.36147,2.49514,-2.51388,4.31274,872436264,-0.442364,-0.296346,3.18386,-0.442245,-0.324858,3.18207,-0.413796,-0.324903,3.18467,-0.413915,-0.296391,3.18646,-0.463754,-0.310153,3.40239,-0.463629,-0.340044,3.40051,-0.433804,-0.340091,3.40324,-0.433928,-0.3102,3.40511
-0.054103,2.52715,-2.56285,0.649603,872436265,-0.441852,-0.265089,3.17576,-0.441727,-0.293612,3.17415,-0.413278,-0.293634,3.17676,-0.413402,-0.265112,3.17837,-0.463238,-0.27752,3.39437,-0.463108,-0.307422,3.39269,-0.433282,-0.307446,3.39541,-0.433413,-0.277544,3.3971
-0.126978,2.55743,-2.61212,0.549673,872436266,-0.441905,-0.235972,3.17664,-0.441797,-0.264504,3.17521,-0.413348,-0.264526,3.17781,-0.413456,-0.235994,3.17924,-0.463297,-0.247022,3.39533,-0.463184,-0.276935,3.39383,-0.433358,-0.276958,3.39655,-0.433472,-0.247046,3.39805
0.14276,2.58605,-2.66439,67.3955,872436267,-0.441959,-0.20686,3.17753,-0.441867,-0.2354,3.17628,-0.413418,-0.235423,3.17888,-0.41351,-0.206882,3.18013,-0.463356,-0.21653,3.39628,-0.46326,-0.246451,3.39496,-0.433434,-0.246474,3.39769,-0.433531,-0.216553,3.399
1.40609,2.61257,-2.71962,-9.57827,872436268,-0.442014,-0.177752,3.17843,-0.441939,-0.2063,3.17735,-0.413489,-0.206322,3.17995,-0.413565,-0.177775,3.18103,-0.463415,-0.186041,3.39723,-0.463336,-0.215969,3.3961,-0.43351,-0.215993,3.39883,-0.43359,-0.186064,3.39996
1.02451,2.02837,-2.05655,-2.28843,872436377,-0.414173,-0.743103,3.1994,-0.413877,-0.77132,3.19495,-0.385412,-0.771404,3.19737,-0.385708,-0.743187,3.20183,-0.434076,-0.777505,3.41579,-0.433766,-0.807087,3.41112,-0.403924,-0.807175,3.41365,-0.404234,-0.777593,3.41833
0.211075,2.21914,-2.17708,-30.1015,872436383,-0.412896,-0.560554,3.17959,-0.412658,-0.588919,3.1762,-0.384193,-0.588969,3.17862,-0.384431,-0.560605,3.18201,-0.432843,-0.586748,3.39712,-0.432593,-0.616485,3.39356,-0.402751,-0.616538,3.3961,-0.403001,-0.586801,3.39966
0.492046,2.25342,-2.20175,3.53986,872436384,-0.413072,-0.531549,3.18229,-0.412849,-0.559935,3.17907,-0.384383,-0.559985,3.1815,-0.384607,-0.5316,3.18471,-0.43303,-0.55637,3.39998,-0.432796,-0.586129,3.39661,-0.402954,-0.586182,3.39914,-0.403188,-0.556423,3.40252
0.669552,2.28828,-2.22818,-26.9991,872436385,-0.413248,-0.50255,3.185,-0.41304,-0.530956,3.18196,-0.384575,-0.531006,3.18438,-0.384783,-0.502601,3.18742,-0.433216,-0.525997,3.40284,-0.432998,-0.555777,3.39965,-0.403156,-0.55583,3.40219,-0.403374,-0.52605,3.40538
2.46087,2.32365,-2.25652,-4.56915,872436386,-0.413424,-0.473556,3.18772,-0.413232,-0.50198,3.18486,-0.384766,-0.502031,3.18728,-0.384959,-0.473607,3.19014,-0.433402,-0.495628,3.4057,-0.4332,-0.525427,3.4027,-0.403358,-0.52548,3.40524,-0.40356,-0.495682,3.40824
10.9928,2.35945,-2.28693,0.482468,872436387,-0.413601,-0.444566,3.19044,-0.413424,-0.473007,3.18776,-0.384959,-0.473058,3.19018,-0.385136,-0.444617,3.19287,-0.433589,-0.465262,3.40856,-0.433402,-0.495079,3.40575,-0.40356,-0.495133,3.40829,-0.403746,-0.465315,3.4111
65.3166,2.39582,-2.32186,-0.373282,872436388,-0.412846,-0.412628,3.17871,-0.412667,-0.441085,3.17621,-0.384202,-0.441119,3.17863,-0.384381,-0.412661,3.18114,-0.43283,-0.43195,3.39696,-0.432643,-0.461784,3.39433,-0.402801,-0.46182,3.39687,-0.402988,-0.431986,3.3995
79.2132,2.43211,-2.35725,-0.247828,872436389,-0.412961,-0.383552,3.18051,-0.412797,-0.412025,3.17818,-0.384332,-0.412059,3.1806,-0.384496,-0.383586,3.18293,-0.432954,-0.401497,3.39886,-0.432782,-0.431348,3.39643,-0.40294,-0.431383,3.39897,-0.403112,-0.401533,3.4014
9.01175,2.46841,-2.3953,-0.0771206,872436390,-0.413077,-0.354482,3.1823,-0.412928,-0.382969,3.18016,-0.384463,-0.383003,3.18258,-0.384612,-0.354516,3.18473,-0.433077,-0.371049,3.40077,-0.432921,-0.400914,3.39852,-0.403079,-0.40095,3.40106,-0.403235,-0.371085,3.40331
3.02843,2.50449,-2.43619,3.09451,872436391,-0.413193,-0.325417,3.18411,-0.41306,-0.353917,3.18214,-0.384595,-0.353951,3.18457,-0.384728,-0.325451,3.18653,-0.4332,-0.340606,3.40268,-0.43306,-0.370484,3.40061,-0.403218,-0.370519,3.40315,-0.403358,-0.340641,3.40522
0.900176,2.54009,-2.48011,7.37275,872436392,-0.41331,-0.296355,3.18593,-0.413192,-0.324867,3.18414,-0.384727,-0.324901,3.18656,-0.384845,-0.296389,3.18835,-0.433323,-0.310164,3.40458,-0.433199,-0.340055,3.40271,-0.403357,-0.340091,3.40525,-0.403481,-0.3102,3.40712
0.526917,2.57546,-2.53017,36.6682,872436393,-0.412793,-0.265094,3.17783,-0.412673,-0.293616,3.17622,-0.384208,-0.293633,3.17864,-0.384328,-0.265111,3.18025,-0.432804,-0.277526,3.39657,-0.432678,-0.307428,3.39488,-0.402836,-0.307446,3.39742,-0.402961,-0.277544,3.39911
3.23051,2.60893,-2.58092,8.03374,872436394,-0.412848,-0.235976,3.17871,-0.412743,-0.264508,3.17728,-0.384278,-0.264525,3.1797,-0.384383,-0.235993,3.18113,-0.432864,-0.247028,3.39752,-0.432754,-0.27694,3.39602,-0.402912,-0.276958,3.39856,-0.403022,-0.247046,3.40006
0.237118,2.64076,-2.6351,-0.4459,872436395,-0.412903,-0.206864,3.1796,-0.412814,-0.235405,3.17834,-0.384349,-0.235422,3.18077,-0.384438,-0.206881,3.18202,-0.432924,-0.216535,3.39848,-0.43283,-0.246456,3.39716,-0.402988,-0.246474,3.3997,-0.403081,-0.216553,3.40102
0.404927,2.67045,-2.69271,77.341,872436396,-0.412959,-0.177756,3.18049,-0.412885,-0.206304,3.17942,-0.38442,-0.206321,3.18184,-0.384494,-0.177773,3.18292,-0.432983,-0.186046,3.39943,-0.432905,-0.215975,3.3983,-0.403063,-0.215993,3.40084,-0.403141,-0.186064,3.40197
3.01261,2.77265,-3.10248,44.3019,872436402,-0.412718,-0.00130834,3.17685,-0.412718,-0.0298763,3.17685,-0.384252,-0.0298764,3.17928,-0.384252,-0.00130838,3.17928,-0.432749,-0.00130913,3.39594,-0.432749,-0.0312591,3.39594,-0.402907,-0.0312592,3.39848,-0.402907,-0.00130916,3.39848
-0.48822,2.24256,-2.14212,-0.474231,872436511,-0.383843,-0.560569,3.18167,-0.383609,-0.588933,3.17827,-0.355129,-0.588967,3.18052,-0.355363,-0.560602,3.18391,-0.402412,-0.586765,3.39931,-0.402167,-0.616502,3.39576,-0.37231,-0.616538,3.39811,-0.372555,-0.586801,3.40167
0.380875,2.27855,-2.16615,-12.8669,872436512,-0.384019,-0.531564,3.18437,-0.383799,-0.559949,3.18115,-0.35532,-0.559983,3.1834,-0.35554,-0.531598,3.18661,-0.4026,-0.556388,3.40218,-0.40237,-0.586146,3.3988,-0.372512,-0.586182,3.40116,-0.372743,-0.556423,3.40453
0.963907,2.31527,-2.19197,-13.2382,872436513,-0.384196,-0.502565,3.18708,-0.383991,-0.53097,3.18404,-0.355511,-0.531004,3.18628,-0.355717,-0.502599,3.18932,-0.402787,-0.526015,3.40504,-0.402572,-0.555794,3.40185,-0.372714,-0.555829,3.4042,-0.37293,-0.52605,3.40739
0.813447,2.35267,-2.21977,-39.7208,872436514,-0.384374,-0.473571,3.18979,-0.384182,-0.501995,3.18693,-0.355703,-0.502028,3.18918,-0.355894,-0.473605,3.19204,-0.402975,-0.495646,3.4079,-0.402774,-0.525445,3.4049,-0.372916,-0.52548,3.40725,-0.373117,-0.495681,3.41025
34.1695,2.39069,-2.24974,-0.0782173,872436515,-0.384552,-0.44458,3.19252,-0.384375,-0.473022,3.18984,-0.355895,-0.473055,3.19208,-0.356073,-0.444614,3.19476,-0.403162,-0.46528,3.41076,-0.402976,-0.495097,3.40794,-0.373118,-0.495132,3.4103,-0.373304,-0.465315,3.41311
643.151,2.42973,-2.28422,-0.881502,872436516,-0.383792,-0.412637,3.18079,-0.383618,-0.441095,3.17829,-0.355138,-0.441117,3.18053,-0.355313,-0.41266,3.18303,-0.4024,-0.431962,3.39915,-0.402216,-0.461796,3.39653,-0.372359,-0.46182,3.39888,-0.372542,-0.431985,3.40151
136.879,2.46867,-2.31944,0.709905,872436517,-0.383909,-0.383562,3.18258,-0.383748,-0.412034,3.18026,-0.355268,-0.412057,3.1825,-0.355429,-0.383584,3.18483,-0.402524,-0.401509,3.40106,-0.402356,-0.431359,3.39862,-0.372498,-0.431383,3.40098,-0.372666,-0.401533,3.40341
16.1261,2.50784,-2.3575,0.662119,872436518,-0.384026,-0.354492,3.18438,-0.383879,-0.382979,3.18223,-0.355399,-0.383001,3.18448,-0.355546,-0.354514,3.18662,-0.402648,-0.371061,3.40297,-0.402494,-0.400926,3.40072,-0.372637,-0.40095,3.40307,-0.372791,-0.371085,3.40532
1.79703,2.547,-2.39866,5.12704,872436519,-0.384143,-0.325427,3.18619,-0.384011,-0.353926,3.18422,-0.355531,-0.353949,3.18646,-0.355663,-0.325449,3.18843,-0.402772,-0.340617,3.40488,-0.402633,-0.370496,3.40281,-0.372776,-0.370519,3.40516,-0.372915,-0.340641,3.40723
4.71425,2.58588,-2.44315,4.8372,872436520,-0.384261,-0.296365,3.188,-0.384142,-0.324876,3.18621,-0.355663,-0.324899,3.18846,-0.355781,-0.296387,3.19025,-0.402896,-0.310176,3.40678,-0.402772,-0.340067,3.40491,-0.372915,-0.34009,3.40726,-0.373039,-0.3102,3.40914
2.49678,2.62501,-2.49415,27.7333,872436521,-0.383739,-0.265099,3.17991,-0.383624,-0.293621,3.1783,-0.355144,-0.293632,3.18054,-0.35526,-0.26511,3.18215,-0.402373,-0.277532,3.39877,-0.402251,-0.307434,3.39708,-0.372394,-0.307446,3.39943,-0.372515,-0.277544,3.40112
4.70244,2.66211,-2.54629,-0.146921,872436522,-0.383795,-0.235981,3.18079,-0.383694,-0.264513,3.17935,-0.355214,-0.264525,3.1816,-0.355316,-0.235993,3.18303,-0.402434,-0.247034,3.39972,-0.402327,-0.276946,3.39822,-0.37247,-0.276958,3.40057,-0.372576,-0.247046,3.40207
-2.84324,2.69765,-2.60236,1.21481,872436523,-0.383852,-0.206869,3.18167,-0.383764,-0.23541,3.18042,-0.355285,-0.235421,3.18266,-0.355372,-0.20688,3.18392,-0.402495,-0.216541,3.40067,-0.402403,-0.246462,3.39936,-0.372546,-0.246474,3.40171,-0.372637,-0.216553,3.40302
0.429324,2.73104,-2.66243,63.2607,872436524,-0.383909,-0.177761,3.18257,-0.383836,-0.206309,3.18149,-0.355356,-0.20632,3.18374,-0.355429,-0.177773,3.18481,-0.402555,-0.186052,3.40162,-0.402479,-0.215981,3.4005,-0.372621,-0.215993,3.40285,-0.372698,-0.186064,3.40398
2.17041,2.81202,-2.86979,41.3632,872436527,-0.383678,-0.0886745,3.17898,-0.383636,-0.117237,3.17844,-0.355156,-0.117237,3.18069,-0.355199,-0.0886746,3.18122,-0.402329,-0.092822,3.39815,-0.402285,-0.122767,3.39759,-0.372427,-0.122767,3.39994,-0.372471,-0.092822,3.40051
-0.125551,2.22841,-2.08272,0.163271,872436638,-0.355794,-0.593472,3.1991,-0.355558,-0.621815,3.19553,-0.327064,-0.621837,3.1976,-0.327301,-0.593494,3.20117,-0.372989,-0.621041,3.41669,-0.372741,-0.650755,3.41295,-0.34287,-0.650778,3.41512,-0.343118,-0.621065,3.41886
-0.470237,2.26526,-2.10552,-0.591375,872436639,-0.354792,-0.560584,3.18375,-0.354563,-0.588948,3.18036,-0.32607,-0.588965,3.18242,-0.326299,-0.560601,3.18582,-0.371984,-0.586783,3.40151,-0.371744,-0.61652,3.39795,-0.341872,-0.616537,3.40012,-0.342113,-0.5868,3.40368
1.03951,2.30299,-2.12874,-0.604092,872436640,-0.35497,-0.531579,3.18645,-0.354754,-0.559964,3.18324,-0.326261,-0.559981,3.1853,-0.326477,-0.531596,3.18852,-0.372173,-0.556405,3.40437,-0.371946,-0.586164,3.401,-0.342074,-0.586181,3.40317,-0.342301,-0.556423,3.40654
1.40324,2.34162,-2.15379,8.97021,872436641,-0.355149,-0.50258,3.18916,-0.354945,-0.530985,3.18612,-0.326452,-0.531002,3.18819,-0.326655,-0.502597,3.19123,-0.372361,-0.526032,3.40723,-0.372148,-0.555811,3.40405,-0.342276,-0.555829,3.40621,-0.34249,-0.52605,3.4094
3.61091,2.38113,-2.18086,1.72675,872436642,-0.355327,-0.473586,3.19188,-0.355137,-0.50201,3.18902,-0.326644,-0.502027,3.19108,-0.326834,-0.473603,3.19395,-0.372549,-0.495663,3.41009,-0.37235,-0.525462,3.4071,-0.342478,-0.52548,3.40926,-0.342678,-0.495681,3.41226
15.8176,2.42145,-2.21017,0.860546,872436643,-0.355507,-0.444596,3.19461,-0.355329,-0.473037,3.19192,-0.326836,-0.473054,3.19399,-0.327014,-0.444613,3.19667,-0.372738,-0.465297,3.41295,-0.372552,-0.495114,3.41014,-0.34268,-0.495132,3.41231,-0.342866,-0.465315,3.41512
26.9927,2.46329,-2.24397,-1.02739,872436644,-0.354742,-0.412647,3.18288,-0.354572,-0.441105,3.18037,-0.326079,-0.441116,3.18244,-0.326249,-0.412659,3.18494,-0.371971,-0.431973,3.40135,-0.371793,-0.461808,3.39873,-0.341921,-0.461819,3.40089,-0.3421,-0.431985,3.40352
13.4791,2.50506,-2.27877,-0.864796,872436645,-0.35486,-0.383572,3.18467,-0.354702,-0.412045,3.18234,-0.326209,-0.412056,3.18441,-0.326366,-0.383583,3.18673,-0.372097,-0.40152,3.40326,-0.371932,-0.431371,3.40082,-0.34206,-0.431382,3.40299,-0.342225,-0.401532,3.40542
4.38275,2.54731,-2.31662,0.286743,872436646,-0.354978,-0.354502,3.18647,-0.354833,-0.382989,3.18432,-0.32634,-0.383,3.18638,-0.326484,-0.354513,3.18853,-0.372222,-0.371073,3.40517,-0.372071,-0.400937,3.40292,-0.342199,-0.400949,3.40508,-0.34235,-0.371084,3.40733
1.09599,2.58982,-2.3578,3.95353,872436647,-0.355096,-0.325437,3.18827,-0.354965,-0.353937,3.1863,-0.326472,-0.353948,3.18837,-0.326603,-0.325448,3.19034,-0.372347,-0.340629,3.40707,-0.372209,-0.370507,3.40501,-0.342338,-0.370519,3.40717,-0.342475,-0.34064,3.40924
0.891537,2.63233,-2.40262,0.159075,872436648,-0.355215,-0.296375,3.19009,-0.355097,-0.324887,3.1883,-0.326604,-0.324898,3.19036,-0.326722,-0.296386,3.19215,-0.372472,-0.310187,3.40898,-0.372348,-0.340078,3.4071,-0.342476,-0.34009,3.40927,-0.3426,-0.310199,3.41115
0.821835,2.67566,-2.45433,22.7433,872436649,-0.354689,-0.265104,3.18199,-0.354578,-0.293626,3.18038,-0.326085,-0.293632,3.18245,-0.326196,-0.26511,3.18406,-0.371944,-0.277538,3.40096,-0.371828,-0.30744,3.39928,-0.341956,-0.307446,3.40144,-0.342073,-0.277544,3.40313
2.25945,2.71689,-2.50771,-6.93268,872436650,-0.354746,-0.235986,3.18287,-0.354648,-0.264518,3.18144,-0.326155,-0.264524,3.1835,-0.326253,-0.235992,3.18493,-0.372006,-0.24704,3.40192,-0.371903,-0.276952,3.40042,-0.342032,-0.276958,3.40258,-0.342135,-0.247046,3.40408
0.164903,2.75672,-2.5656,1.46816,872436651,-0.354804,-0.206874,3.18376,-0.354719,-0.235415,3.1825,-0.326225,-0.23542,3.18457,-0.32631,-0.20688,3.18582,-0.372068,-0.216547,3.40287,-0.371979,-0.246468,3.40156,-0.342107,-0.246474,3.40372,-0.342197,-0.216553,3.40503
0.140681,2.79446,-2.62816,98.0129,872436652,-0.354862,-0.177766,3.18465,-0.35479,-0.206314,3.18358,-0.326296,-0.20632,3.18564,-0.326369,-0.177772,3.18672,-0.37213,-0.186058,3.40382,-0.372055,-0.215987,3.40269,-0.342183,-0.215993,3.40486,-0.342259,-0.186064,3.40599
0.394549,2.82935,-2.69543,0.703753,872436653,-0.354921,-0.148662,3.18556,-0.354861,-0.177216,3.18466,-0.326368,-0.177221,3.18673,-0.326427,-0.148667,3.18762,-0.372192,-0.155572,3.40477,-0.37213,-0.185507,3.40383,-0.342258,-0.185513,3.406,-0.34232,-0.155578,3.40694
5.08897,2.90835,-2.92798,1.11944,872436656,-0.354626,-0.0595489,3.18104,-0.3546,-0.0881146,3.18068,-0.326107,-0.0881146,3.18274,-0.326133,-0.0595489,3.1831,-0.3719,-0.0623142,3.40035,-0.371873,-0.0922618,3.39997,-0.342001,-0.0922618,3.40213,-0.342029,-0.0623142,3.40251
-0.350355,2.2485,-2.04563,0.071985,872436766,-0.326751,-0.593493,3.2012,-0.326514,-0.621836,3.19762,-0.298009,-0.621836,3.19951,-0.298246,-0.593493,3.20309,-0.342567,-0.621064,3.41889,-0.342319,-0.650778,3.41515,-0.312434,-0.650778,3.41713,-0.312683,-0.621064,3.42087
-0.0431028,2.28709,-2.06727,0.455413,872436767,-0.325745,-0.5606,3.18585,-0.32552,-0.588965,3.18245,-0.297014,-0.588965,3.18434,-0.297239,-0.5606,3.18773,-0.341558,-0.5868,3.40371,-0.341322,-0.616537,3.40015,-0.311438,-0.616537,3.40213,-0.311673,-0.5868,3.40569
0.283846,2.32657,-2.08951,1.04251,872436768,-0.325923,-0.531595,3.18855,-0.32571,-0.559981,3.18533,-0.297205,-0.559981,3.18722,-0.297418,-0.531595,3.19043,-0.341747,-0.556422,3.40657,-0.341524,-0.586181,3.4032,-0.311639,-0.586181,3.40518,-0.311863,-0.556422,3.40855
1.43042,2.36714,-2.11359,24.8844,872436769,-0.326103,-0.502596,3.19126,-0.325902,-0.531001,3.18822,-0.297396,-0.531001,3.19011,-0.297597,-0.502596,3.19314,-0.341937,-0.526049,3.40943,-0.341726,-0.555829,3.40625,-0.311841,-0.555829,3.40823,-0.312052,-0.526049,3.41141
6.04262,2.4088,-2.13972,1.12584,872436770,-0.326283,-0.473602,3.19397,-0.326093,-0.502026,3.19111,-0.297588,-0.502026,3.193,-0.297777,-0.473602,3.19586,-0.342126,-0.49568,3.41229,-0.341927,-0.525479,3.40929,-0.312043,-0.525479,3.41127,-0.312241,-0.49568,3.41427
14.3278,2.45151,-2.16815,0.282751,872436771,-0.326463,-0.444612,3.1967,-0.326286,-0.473053,3.19402,-0.29778,-0.473053,3.1959,-0.297958,-0.444612,3.19859,-0.342315,-0.465314,3.41515,-0.342129,-0.495131,3.41234,-0.312245,-0.495131,3.41432,-0.312431,-0.465314,3.41713
3.67956,2.49626,-2.20096,-3.11121,872436772,-0.325694,-0.412658,3.18497,-0.325529,-0.441116,3.18246,-0.297023,-0.441116,3.18435,-0.297189,-0.412658,3.18686,-0.341545,-0.431985,3.40355,-0.341371,-0.461819,3.40092,-0.311487,-0.461819,3.4029,-0.31166,-0.431985,3.40553
2.10238,2.541,-2.23507,-2.83277,872436773,-0.325813,-0.383583,3.18676,-0.325659,-0.412055,3.18443,-0.297153,-0.412055,3.18632,-0.297307,-0.383583,3.18865,-0.341671,-0.401532,3.40546,-0.34151,-0.431382,3.40302,-0.311625,-0.431382,3.405,-0.311786,-0.401532,3.40743
1.37531,2.58654,-2.27239,19.3283,872436774,-0.325932,-0.354513,3.18856,-0.32579,-0.383,3.18641,-0.297284,-0.383,3.1883,-0.297426,-0.354513,3.19045,-0.341797,-0.371084,3.40736,-0.341648,-0.400949,3.40511,-0.311764,-0.400949,3.40709,-0.311913,-0.371084,3.40934
1.10073,2.63269,-2.31329,21.8229,872436775,-0.326052,-0.325448,3.19037,-0.325921,-0.353947,3.1884,-0.297416,-0.353947,3.19028,-0.297546,-0.325448,3.19225,-0.341923,-0.34064,3.40927,-0.341787,-0.370519,3.40721,-0.311902,-0.370519,3.40918,-0.312039,-0.34064,3.41125
0.122779,2.67917,-2.35815,-17.1828,872436776,-0.326172,-0.296386,3.19218,-0.326053,-0.324897,3.19039,-0.297548,-0.324897,3.19228,-0.297666,-0.296386,3.19407,-0.34205,-0.310199,3.41118,-0.341925,-0.34009,3.4093,-0.312041,-0.34009,3.41128,-0.312165,-0.310199,3.41315
0.137541,2.72719,-2.41025,0.424849,872436777,-0.325641,-0.265109,3.18408,-0.325535,-0.293632,3.18247,-0.297029,-0.293632,3.18436,-0.297135,-0.265109,3.18597,-0.341518,-0.277543,3.40316,-0.341406,-0.307446,3.40147,-0.311521,-0.307446,3.40345,-0.311633,-0.277543,3.40514
0.0426259,2.77312,-2.46463,0.635773,872436778,-0.325699,-0.235992,3.18496,-0.325605,-0.264524,3.18353,-0.297099,-0.264524,3.18542,-0.297194,-0.235992,3.18685,-0.341581,-0.247046,3.40411,-0.341481,-0.276958,3.40261,-0.311597,-0.276958,3.40459,-0.311696,-0.247046,3.40609
0.67101,2.8179,-2.52416,46.0052,872436779,-0.325758,-0.20688,3.18585,-0.325675,-0.23542,3.1846,-0.297169,-0.23542,3.18648,-0.297252,-0.20688,3.18773,-0.341644,-0.216553,3.40507,-0.341557,-0.246474,3.40375,-0.311672,-0.246474,3.40573,-0.311759,-0.216553,3.40704
1.14213,2.86077,-2.58916,32.5891,872436780,-0.325817,-0.177772,3.18674,-0.325746,-0.206319,3.18567,-0.297241,-0.206319,3.18756,-0.297312,-0.177772,3.18863,-0.341707,-0.186064,3.40602,-0.341632,-0.215992,3.40489,-0.311747,-0.215992,3.40687,-0.311822,-0.186064,3.40799
1.48269,2.9008,-2.65977,-26.9854,872436781,-0.325877,-0.148667,3.18765,-0.325818,-0.177221,3.18675,-0.297312,-0.177221,3.18864,-0.297371,-0.148667,3.18953,-0.34177,-0.155578,3.40697,-0.341707,-0.185513,3.40603,-0.311823,-0.185513,3.40801,-0.311885,-0.155577,3.40895
3.9548,2.07295,1.96232,0.634253,872436812,-0.298234,0.771396,3.2031,-0.326739,0.771396,3.20121,-0.327035,0.743179,3.20567,-0.29853,0.743179,3.20756,-0.312609,0.807173,3.4197,-0.342494,0.807173,3.41772,-0.342804,0.777592,3.42239,-0.31292,0.777592,3.42438
1.86078,2.3477,-2.04498,8.62667,872436896,-0.294424,-0.531536,3.18024,-0.294304,-0.559921,3.17702,-0.265784,-0.559989,3.17868,-0.265904,-0.531603,3.1819,-0.308566,-0.556353,3.39838,-0.308439,-0.586112,3.39501,-0.27854,-0.586182,3.39675,-0.278666,-0.556424,3.40012
1.96672,2.43455,-2.09233,1.83362,872436898,-0.294595,-0.473543,3.18568,-0.294496,-0.501966,3.18281,-0.265976,-0.502034,3.18447,-0.266075,-0.47361,3.18734,-0.308747,-0.495611,3.40411,-0.308643,-0.52541,3.40111,-0.278744,-0.525481,3.40285,-0.278848,-0.495682,3.40585
2.60017,2.48001,-2.11934,2.61564,872436899,-0.294681,-0.444552,3.18841,-0.294592,-0.472994,3.18572,-0.266072,-0.473061,3.18738,-0.266161,-0.44462,3.19007,-0.308838,-0.465245,3.40698,-0.308744,-0.495062,3.40416,-0.278845,-0.495133,3.4059,-0.278938,-0.465316,3.40872
1.92655,2.52758,-2.15135,-2.26676,872436900,-0.294318,-0.412619,3.17666,-0.294217,-0.441076,3.17415,-0.265697,-0.441121,3.17581,-0.265798,-0.412664,3.17832,-0.308467,-0.431939,3.39536,-0.308361,-0.461773,3.39273,-0.278462,-0.46182,3.39447,-0.278568,-0.431986,3.3971
1.44802,2.57576,-2.18423,-6.73946,872436901,-0.294373,-0.383543,3.17845,-0.294282,-0.412016,3.17613,-0.265763,-0.412061,3.17779,-0.265853,-0.383588,3.18012,-0.308527,-0.401486,3.39727,-0.308432,-0.431336,3.39483,-0.278532,-0.431383,3.39657,-0.278627,-0.401533,3.39901
0.0676022,2.83184,-2.41229,71.9083,872436906,-0.294318,-0.235972,3.17666,-0.294257,-0.264504,3.17522,-0.265738,-0.264526,3.17688,-0.265799,-0.235994,3.17832,-0.30848,-0.247022,3.39593,-0.308417,-0.276935,3.39442,-0.278517,-0.276958,3.39616,-0.278581,-0.247046,3.39767
1.20484,2.88292,-2.47321,-4.64283,872436907,-0.294343,-0.20686,3.17755,-0.294293,-0.2354,3.17629,-0.265773,-0.235423,3.17795,-0.265824,-0.206882,3.17921,-0.308508,-0.21653,3.39688,-0.308455,-0.246451,3.39556,-0.278556,-0.246474,3.39731,-0.278609,-0.216553,3.39862
1.89889,2.45955,-2.04631,-6.42416,872437026,-0.265488,-0.473556,3.18678,-0.265389,-0.50198,3.18392,-0.23686,-0.502031,3.1854,-0.236958,-0.473607,3.18827,-0.278259,-0.495628,3.40531,-0.278156,-0.525427,3.4023,-0.248247,-0.52548,3.40386,-0.24835,-0.495682,3.40686
1.28551,2.50745,-2.07183,-6.69601,872437027,-0.265575,-0.444566,3.18952,-0.265486,-0.473007,3.18683,-0.236956,-0.473058,3.18831,-0.237045,-0.444617,3.191,-0.278351,-0.465262,3.40817,-0.278258,-0.495079,3.40535,-0.248348,-0.495133,3.40691,-0.248441,-0.465315,3.40972
-0.458504,2.55809,-2.10216,-63.0601,872437028,-0.265207,-0.412628,3.17777,-0.265111,-0.441085,3.17526,-0.236581,-0.441119,3.17674,-0.236678,-0.412661,3.17925,-0.277977,-0.43195,3.39655,-0.277875,-0.461784,3.39392,-0.247966,-0.46182,3.39547,-0.248067,-0.431986,3.3981
0.515487,2.60947,-2.13359,9.80265,872437029,-0.265263,-0.383552,3.17956,-0.265176,-0.412025,3.17723,-0.236646,-0.412059,3.17871,-0.236734,-0.383586,3.18104,-0.278037,-0.401497,3.39846,-0.277946,-0.431348,3.39602,-0.248036,-0.431383,3.39757,-0.248127,-0.401533,3.40001
0.361269,2.83204,-2.30254,-9.60086,872437033,-0.265183,-0.265094,3.17688,-0.265116,-0.293616,3.17527,-0.236587,-0.293633,3.17675,-0.236654,-0.265111,3.17836,-0.277962,-0.277526,3.39616,-0.277892,-0.307428,3.39447,-0.247982,-0.307446,3.39603,-0.248052,-0.277544,3.39772
0.814874,2.88982,-2.35752,20.3151,872437034,-0.265209,-0.235976,3.17776,-0.265151,-0.264508,3.17633,-0.236622,-0.264525,3.17781,-0.236679,-0.235993,3.17925,-0.277991,-0.247028,3.39712,-0.27793,-0.27694,3.39561,-0.248021,-0.276958,3.39717,-0.248081,-0.247046,3.39867
1.19261,2.43456,-1.9765,3.67369,872437153,-0.236297,-0.502565,3.18518,-0.236192,-0.53097,3.18214,-0.207653,-0.531004,3.18344,-0.207759,-0.502599,3.18648,-0.247683,-0.526015,3.40363,-0.247572,-0.555794,3.40044,-0.217654,-0.55583,3.40181,-0.217764,-0.52605,3.405
-0.797709,2.58694,-2.04996,1.57039,872437156,-0.236101,-0.412637,3.17888,-0.236009,-0.441095,3.17638,-0.207471,-0.441117,3.17768,-0.207563,-0.41266,3.18019,-0.24749,-0.431962,3.39774,-0.247393,-0.461796,3.39511,-0.217475,-0.46182,3.39648,-0.217571,-0.431985,3.39911
-0.897572,2.64156,-2.07951,1.94325,872437157,-0.236158,-0.383562,3.18068,-0.236074,-0.412034,3.17835,-0.207536,-0.412057,3.17965,-0.20762,-0.383584,3.18198,-0.247551,-0.401509,3.39965,-0.247463,-0.431359,3.39721,-0.217544,-0.431383,3.39858,-0.217632,-0.401533,3.40102
-0.0488329,2.81824,-2.19137,1.56981,872437160,-0.236331,-0.296365,3.18611,-0.236272,-0.324876,3.18432,-0.207733,-0.324899,3.18562,-0.207793,-0.296387,3.18741,-0.247734,-0.310176,3.40538,-0.247672,-0.340067,3.4035,-0.217753,-0.34009,3.40487,-0.217815,-0.3102,3.40675
1.59786,2.88336,-2.24178,8.07558,872437161,-0.236077,-0.265099,3.178,-0.236014,-0.293621,3.17639,-0.207476,-0.293632,3.17769,-0.207538,-0.26511,3.1793,-0.247475,-0.277532,3.39736,-0.24741,-0.307434,3.39566,-0.217491,-0.307446,3.39703,-0.217556,-0.277544,3.39872
0.868816,2.73204,-2.05256,-50.755,872437286,-0.207114,-0.354502,3.1836,-0.207041,-0.382989,3.18145,-0.178495,-0.383,3.18258,-0.178568,-0.354513,3.18473,-0.21713,-0.371073,3.40276,-0.217053,-0.400938,3.4005,-0.187126,-0.400949,3.40168,-0.187203,-0.371084,3.40393
0.221825,2.86149,-2.12657,81.2427,872437288,-0.207232,-0.296375,3.18723,-0.207173,-0.324887,3.18544,-0.178627,-0.324898,3.18656,-0.178686,-0.296386,3.18836,-0.217254,-0.310187,3.40658,-0.217192,-0.340078,3.4047,-0.187265,-0.34009,3.40587,-0.187327,-0.310199,3.40775
0.961262,2.69887,-1.96104,28.74,872437413,-0.177956,-0.383583,3.18294,-0.177879,-0.412055,3.18061,-0.149326,-0.412055,3.18155,-0.149403,-0.383583,3.18388,-0.186586,-0.401532,3.40204,-0.186506,-0.431382,3.3996,-0.156572,-0.431382,3.40059,-0.156653,-0.401532,3.40303
-0.339158,2.83062,-2.02002,2.49291,872437415,-0.178075,-0.325448,3.18655,-0.17801,-0.353947,3.18458,-0.149458,-0.353947,3.18552,-0.149523,-0.325448,3.18749,-0.186713,-0.34064,3.40586,-0.186644,-0.370519,3.40379,-0.156711,-0.370519,3.40478,-0.156779,-0.34064,3.40685
-0.000667549,2.90196,-2.05612,121.166,872437416,-0.178135,-0.296386,3.18837,-0.178076,-0.324897,3.18657,-0.149524,-0.324897,3.18752,-0.149583,-0.296386,3.18931,-0.186776,-0.310199,3.40777,-0.186714,-0.34009,3.40589,-0.15678,-0.34009,3.40688,-0.156842,-0.310199,3.40876
2.49082,1.90766,1.64772,2.30689,872437843,-0.0600912,0.979035,3.18592,-0.0886569,0.978968,3.18556,-0.0886633,0.950975,3.19127,-0.0600977,0.951042,3.19163,-0.0629288,1.02432,3.4012,-0.0928763,1.02425,3.40082,-0.0928831,0.994901,3.4068,-0.0629356,0.994971,3.40718
0.480163,1.90946,1.61766,5.18859,872437971,-0.0309696,0.979032,3.18592,-0.059537,0.978998,3.18573,-0.059541,0.951005,3.19143,-0.0309737,0.951039,3.19162,-0.0324245,1.02432,3.4012,-0.0623739,1.02428,3.40101,-0.0623781,0.994935,3.40699,-0.0324288,0.994971,3.40718
1.15159,2.57466,1.60394,8.35177,872438083,-0.00189029,0.502026,3.18346,-0.0304583,0.502026,3.18346,-0.0304586,0.473602,3.18633,-0.00189057,0.473602,3.18633,-0.00191155,0.525479,3.40221,-0.0318616,0.525479,3.40221,-0.0318618,0.49568,3.40521,-0.00191185,0.49568,3.40522
2.33959,2.69894,1.46507,39.7256,872438337,0.0595884,0.412647,3.17713,0.0595838,0.441105,3.17462,0.0310163,0.441116,3.1748,0.031021,0.412659,3.17731,0.0623641,0.431973,3.39627,0.0623593,0.461808,3.39363,0.0324099,0.461819,3.39382,0.0324147,0.431985,3.39646
1.34774,2.26719,1.50285,19.3687,872438345,0.0595686,0.651256,3.18612,0.0595658,0.679552,3.18218,0.0309984,0.679575,3.18236,0.0310012,0.651279,3.1863,0.0623684,0.681566,3.404,0.0623654,0.71123,3.39988,0.032416,0.711254,3.40007,0.032419,0.68159,3.4042
3.61229,2.40257,-1.44204,-1.22117,872438431,0.0601299,-0.588967,3.1748,0.0886956,-0.588933,3.17444,0.0887049,-0.560569,3.17784,0.0601392,-0.560602,3.1782,0.0629159,-0.616538,3.39305,0.0928635,-0.616502,3.39268,0.0928732,-0.586765,3.39624,0.0629256,-0.586801,3.39662
1.72021,2.6238,-1.41001,-6.53226,872438435,0.0601311,-0.473055,3.18639,0.0886968,-0.473022,3.18603,0.0886971,-0.44458,3.18872,0.0601313,-0.444614,3.18908,0.0629182,-0.495132,3.40527,0.0928658,-0.495097,3.40489,0.092866,-0.46528,3.40771,0.0629185,-0.465315,3.40809
0.803922,2.39503,-1.39256,7.22872,872438559,0.0892555,-0.588969,3.17482,0.117818,-0.588919,3.17428,0.117832,-0.560554,3.17769,0.0892694,-0.560605,3.17823,0.0934236,-0.616538,3.39305,0.123368,-0.616485,3.39249,0.123383,-0.586748,3.39606,0.0934382,-0.586801,3.39662
1.52341,2.74248,1.31614,10.6409,872438592,0.117837,0.383552,3.17861,0.117827,0.412025,3.17627,0.0892638,0.412059,3.17681,0.0892741,0.383586,3.17914,0.123378,0.401497,3.39781,0.123367,0.431348,3.39536,0.0934224,0.431383,3.39593,0.0934332,0.401533,3.39837
4.53769,2.67614,1.33281,0.0734398,872438593,0.11784,0.412628,3.17681,0.117827,0.441085,3.1743,0.0892637,0.441119,3.17484,0.0892774,0.412661,3.17735,0.123381,0.43195,3.3959,0.123366,0.461784,3.39326,0.0934216,0.46182,3.39383,0.093436,0.431986,3.39646
1.65967,2.25035,-1.374,-16.2051,872438684,0.118377,-0.679584,3.18243,0.146935,-0.679494,3.18171,0.146945,-0.651199,3.18564,0.118386,-0.651289,3.18636,0.123942,-0.711256,3.40007,0.153882,-0.711161,3.39932,0.153892,-0.681497,3.40344,0.123952,-0.681591,3.40419
2.33736,2.59691,-1.28932,16.8696,872438691,0.118388,-0.473061,3.18645,0.146947,-0.472994,3.18573,0.146947,-0.444552,3.18842,0.118388,-0.44462,3.18913,0.12394,-0.495133,3.40527,0.153881,-0.495062,3.40452,0.153881,-0.465245,3.40734,0.12394,-0.465316,3.40809
0.581894,2.59691,1.28932,11.8675,872438722,0.146947,0.444552,3.18842,0.146947,0.472994,3.18573,0.118388,0.473061,3.18645,0.118388,0.44462,3.18913,0.153881,0.465245,3.40734,0.153881,0.495062,3.40452,0.12394,0.495133,3.40527,0.12394,0.465316,3.40809
2.16776,2.47145,1.26391,5.54733,872438852,0.178097,0.502596,3.18744,0.177996,0.531001,3.1844,0.149444,0.531001,3.18534,0.149545,0.502596,3.18839,0.18672,0.526049,3.40602,0.186614,0.555829,3.40283,0.156681,0.555829,3.40382,0.156787,0.526049,3.40701
2.29639,2.32757,1.30707,45.8781,872438855,0.178417,0.593493,3.1974,0.178298,0.621836,3.19382,0.149746,0.621836,3.19477,0.149865,0.593493,3.19834,0.187038,0.621064,3.4155,0.186913,0.650778,3.41174,0.15698,0.650778,3.41274,0.157104,0.621064,3.41649
2.70714,2.67154,1.11962,3.43404,872438976,0.207056,0.383572,3.1818,0.206975,0.412045,3.17947,0.178429,0.412056,3.1806,0.17851,0.383583,3.18293,0.217068,0.40152,3.40085,0.216984,0.431371,3.3984,0.187057,0.431382,3.39958,0.187141,0.401532,3.40202
1.59483,2.88336,0.899812,63.0883,872439100,0.236077,0.265099,3.178,0.236014,0.293621,3.17639,0.207476,0.293632,3.17769,0.207538,0.26511,3.1793,0.247475,0.277532,3.39736,0.24741,0.307434,3.39566,0.217491,0.307446,3.39703,0.217556,0.277544,3.39872
1.2887,2.88292,-0.668383,19.0518,872439339,0.265773,-0.235423,3.17795,0.294293,-0.2354,3.17629,0.294343,-0.20686,3.17755,0.265824,-0.206882,3.17921,0.278556,-0.246474,3.39731,0.308455,-0.246451,3.39556,0.308508,-0.21653,3.39688,0.278609,-0.216553,3.39862
2.71743,2.83184,0.7293,8.48088,872439355,0.294318,0.235972,3.17666,0.294257,0.264504,3.17522,0.265738,0.264526,3.17688,0.265799,0.235994,3.17832,0.30848,0.247022,3.39593,0.308417,0.276935,3.39442,0.278517,0.276958,3.39616,0.278581,0.247046,3.39767
3.40167,2.7801,0.78426,-10.0113,872439356,0.294294,0.265089,3.17578,0.294222,0.293612,3.17416,0.265703,0.293634,3.17582,0.265774,0.265112,3.17744,0.308453,0.27752,3.39497,0.308378,0.307422,3.39328,0.278479,0.307446,3.39502,0.278553,0.277544,3.39671
1.12149,2.32657,-1.05208,4.25389,872439456,0.297205,-0.559981,3.18722,0.32571,-0.559981,3.18533,0.325923,-0.531595,3.18855,0.297418,-0.531595,3.19043,0.311639,-0.586181,3.40518,0.341524,-0.586181,3.4032,0.341747,-0.556422,3.40657,0.311863,-0.556422,3.40855
2.54332,2.67917,-0.783441,-2.83365,872439464,0.297548,-0.324897,3.19228,0.326053,-0.324897,3.19039,0.326172,-0.296386,3.19218,0.297666,-0.296386,3.19407,0.312041,-0.34009,3.41128,0.341925,-0.34009,3.4093,0.34205,-0.310199,3.41118,0.312165,-0.310199,3.41315
2.29722,2.77312,0.676966,-18.8256,872439483,0.325699,0.235992,3.18496,0.325605,0.264524,3.18353,0.297099,0.264524,3.18542,0.297194,0.235992,3.18685,0.341581,0.247046,3.40411,0.341481,0.276958,3.40261,0.311597,0.276958,3.40459,0.311696,0.247046,3.40609
0.813476,1.82997,-1.24035,-7.78467,872439569,0.326394,-1.00761,3.18794,0.354886,-1.00758,3.18587,0.35528,-0.97962,3.19173,0.326787,-0.979654,3.1938,0.342032,-1.05425,3.40237,0.371903,-1.05421,3.4002,0.372315,-1.0249,3.40635,0.342444,-1.02494,3.40852
1.83521,2.75672,-0.575989,20.8174,872439595,0.326225,-0.23542,3.18457,0.354719,-0.235415,3.1825,0.354804,-0.206874,3.18376,0.32631,-0.20688,3.18582,0.342107,-0.246474,3.40372,0.371979,-0.246468,3.40156,0.372068,-0.216547,3.40287,0.342197,-0.216553,3.40503
3.13432,2.93018,-0.0457772,34.7517,872439602,0.326129,-0.0298764,3.18308,0.354622,-0.0298764,3.18101,0.354622,-0.00130836,3.18101,0.326129,-0.00130836,3.18308,0.342026,-0.0312592,3.4025,0.371898,-0.0312591,3.40034,0.371898,-0.00130914,3.40034,0.342026,-0.00130915,3.4025
0.970615,2.15769,1.0973,2.46996,872439625,0.355316,0.651256,3.19184,0.355053,0.679552,3.18792,0.32656,0.679575,3.18998,0.326822,0.651279,3.19391,0.372486,0.681566,3.40907,0.372211,0.71123,3.40496,0.34234,0.711254,3.40712,0.342615,0.68159,3.41124
0.494821,1.58134,1.31931,25.2291,872439647,0.354989,1.31144,3.18798,0.354465,1.33892,3.1802,0.325973,1.33897,3.18227,0.326496,1.31148,3.19005,0.371834,1.37148,3.39896,0.371285,1.40029,3.3908,0.341414,1.40034,3.39298,0.341963,1.37153,3.40113
1.32341,2.39069,-0.891858,52.2451,872439715,0.355895,-0.473055,3.19208,0.384375,-0.473022,3.18984,0.384552,-0.44458,3.19252,0.356073,-0.444614,3.19476,0.373118,-0.495132,3.4103,0.402976,-0.495097,3.40794,0.403162,-0.46528,3.41076,0.373304,-0.465315,3.41311
1.4428,2.84832,-0.0421817,24.643,872439730,0.355188,-0.0298764,3.18117,0.383668,-0.0298764,3.17893,0.383668,-0.00130836,3.17893,0.355188,-0.00130836,3.18117,0.372464,-0.0312591,3.40049,0.402322,-0.0312591,3.39814,0.402322,-0.00130914,3.39814,0.372464,-0.00130915,3.40049
3.12334,2.29424,-0.850409,-1.14545,872439970,0.413836,-0.502034,3.18539,0.442285,-0.501966,3.18279,0.442479,-0.473543,3.18565,0.41403,-0.47361,3.18825,0.433805,-0.525481,3.40323,0.463631,-0.52541,3.4005,0.463834,-0.495611,3.4035,0.434009,-0.495682,3.40622
1.48098,2.45801,-0.0816256,13.0292,872440497,0.532343,-0.0589946,3.18098,0.560713,-0.0589946,3.17762,0.560734,-0.0304272,3.1778,0.532364,-0.0304272,3.18116,0.558221,-0.0617596,3.39944,0.587963,-0.0617597,3.39592,0.587986,-0.0318103,3.39611,0.558243,-0.0318102,3.39963
1.90928,2.34716,0.472508,1.88295,872440508,0.560837,0.265094,3.17877,0.560664,0.293616,3.17716,0.532294,0.293633,3.18052,0.532467,0.265111,3.18213,0.588057,0.277526,3.39673,0.587875,0.307428,3.39504,0.558133,0.307446,3.39857,0.558315,0.277544,3.40025
0.809084,2.40916,0.0270858,1.00393,872440627,0.5897,0.00130835,3.17477,0.5897,0.0298763,3.17477,0.561352,0.0298764,3.17831,0.561352,0.00130837,3.17831,0.618323,0.00130914,3.3929,0.618323,0.0312591,3.3929,0.588604,0.0312592,3.39661,0.588604,0.00130916,3.39661
1.46573,1.68255,1.08268,2.88202,872440663,0.592119,1.07387,3.19976,0.591478,1.10171,3.19339,0.56313,1.10186,3.19692,0.563771,1.07402,3.20329,0.620283,1.12318,3.41231,0.619612,1.15237,3.40563,0.589892,1.15253,3.40933,0.590564,1.12334,3.41601
0.334865,1.65506,1.07028,12.652,872440792,0.62519,1.10243,3.20933,0.624323,1.13023,3.2028,0.596004,1.13023,3.20657,0.596872,1.10243,3.21309,0.654778,1.15311,3.42136,0.653869,1.18225,3.41452,0.62418,1.18225,3.41847,0.62509,1.15311,3.42531
1.11354,2.1724,0.524033,-14.4232,872440895,0.652346,0.354502,3.1921,0.652061,0.382989,3.18996,0.623764,0.383,3.1939,0.624049,0.354513,3.19603,0.683914,0.371073,3.40919,0.683615,0.400938,3.40696,0.65395,0.400949,3.41108,0.654249,0.371084,3.41332
0.932998,2.18916,0.396978,4.75814,872441020,0.680614,0.265099,3.18366,0.680393,0.293621,3.18206,0.652122,0.293632,3.18617,0.652343,0.26511,3.18777,0.713579,0.277532,3.40083,0.713347,0.307434,3.39915,0.683708,0.307446,3.40346,0.68394,0.277544,3.40514
0.505127,1.99823,0.467714,-14.4593,872441536,0.801874,0.383572,3.19308,0.801489,0.412045,3.19078,0.773337,0.412056,3.19564,0.773722,0.383583,3.19794,0.840505,0.401521,3.40892,0.840102,0.431371,3.40651,0.810587,0.431382,3.4116,0.810991,0.401532,3.41401
1.01893,2.07022,-0.0547442,-7.89083,872441649,0.801831,-0.0589946,3.18941,0.829952,-0.0589946,3.18437,0.829984,-0.0304272,3.18455,0.801862,-0.0304272,3.18958,0.840569,-0.0617597,3.40595,0.870051,-0.0617597,3.40068,0.870084,-0.0318103,3.40087,0.840602,-0.0318102,3.40614
0.921741,1.9953,0.394056,-8.13061,872441662,0.831166,0.325427,3.19172,0.83084,0.353926,3.18977,0.802719,0.353949,3.19481,0.803044,0.325449,3.19675,0.871191,0.340617,3.40752,0.87085,0.370496,3.40548,0.841368,0.370519,3.41075,0.841709,0.340641,3.41279
1.21569,2.00499,0.25597,-4.74107,872441786,0.859139,0.206864,3.18234,0.858927,0.235405,3.1811,0.830837,0.235422,3.1863,0.83105,0.206881,3.18754,0.900568,0.216535,3.39819,0.900345,0.246456,3.39689,0.870897,0.246474,3.40235,0.87112,0.216553,3.40365
0.595613,1.95331,0.411318,5.45916,872441791,0.859578,0.354482,3.18501,0.859219,0.382969,3.18289,0.83113,0.383003,3.1881,0.831489,0.354516,3.19022,0.900946,0.371049,3.40046,0.90057,0.400914,3.39823,0.871122,0.40095,3.40369,0.871498,0.371085,3.40592
1.53853,1.56607,0.89237,-3.11211,872441943,0.891443,1.07387,3.19949,0.890387,1.10171,3.19317,0.86233,1.10186,3.19855,0.863386,1.07402,3.20487,0.933437,1.12318,3.40974,0.93233,1.15237,3.40312,0.902916,1.15253,3.40876,0.904023,1.12334,3.41538
0.476946,1.55023,0.905511,-5.50459,872441944,0.890407,1.10229,3.19324,0.889318,1.13009,3.18675,0.861261,1.13025,3.19213,0.862351,1.10245,3.19862,0.93235,1.15295,3.40318,0.931208,1.18209,3.39638,0.901794,1.18226,3.40202,0.902936,1.15311,3.40882
0.24265,1.57286,0.85853,-15.5752,872442070,0.929493,1.04558,3.229,0.92827,1.07346,3.22289,0.900257,1.07346,3.2285,0.901481,1.04558,3.23461,0.972995,1.09357,3.43925,0.971713,1.1228,3.43285,0.942346,1.1228,3.43873,0.943628,1.09357,3.44513
0.303129,1.55756,0.872268,0.953861,872442071,0.928248,1.074,3.22278,0.92699,1.10184,3.2165,0.898978,1.10184,3.2221,0.900236,1.074,3.22839,0.97169,1.12334,3.43273,0.970372,1.15253,3.42615,0.941004,1.15253,3.43203,0.942323,1.12334,3.43861
1.79815,1.74344,0.523734,0.0939177,872442438,1.0095,0.560554,3.18321,1.00882,0.588919,3.17987,0.980913,0.588969,3.186,0.981593,0.560605,3.18933,1.05771,0.586748,3.39626,1.057,0.616485,3.39277,1.02774,0.616538,3.39919,1.02846,0.586801,3.40268
1.79579,1.8296,0.212696,-0.655038,872442554,1.03804,0.20686,3.17737,1.03779,0.2354,3.17614,1.00992,0.235423,3.18244,1.01018,0.206882,3.18367,1.08785,0.21653,3.39144,1.08759,0.246451,3.39015,1.05837,0.246474,3.39675,1.05864,0.216553,3.39804
0.695459,1.80463,0.205317,9.55164,872442682,1.07599,0.20688,3.20443,1.0757,0.23542,3.20321,1.04788,0.23542,3.20971,1.04817,0.20688,3.21093,1.12735,0.216553,3.41813,1.12705,0.246474,3.41685,1.09789,0.246474,3.42367,1.09819,0.216553,3.42495
0.478066,1.60843,0.573982,10.6747,872442955,1.1328,0.709041,3.19169,1.13182,0.737285,3.18751,1.10408,0.73733,3.19437,1.10507,0.709086,3.19854,1.18636,0.742084,3.4025,1.18533,0.771694,3.39812,1.15625,0.771741,3.40531,1.15728,0.742131,3.40969
0.54278,1.61176,0.525116,14.8739,872443081,1.16277,0.651217,3.19196,1.16187,0.679512,3.18813,1.13418,0.67958,3.19516,1.13508,0.651284,3.19899,1.21776,0.68152,3.40282,1.21681,0.711184,3.3988,1.18778,0.711255,3.40617,1.18873,0.681591,3.41018
