energy,eta,phi,time,detid,front_1_x,front_1_y,front_1_z,front_2_x,front_2_y,front_2_z,front_3_x,front_3_y,front_3_z,front_4_x,front_4_y,front_4_z,back_1_x,back_1_y,back_1_z,back_2_x,back_2_y,back_2_z,back_3_x,back_3_y,back_3_z,back_4_x,back_4_y,back_4_z
0.242277,-0.0117293,-0.0779735,21.8577,838861318,1.28987,-0.0898807,-0.0269319,1.28987,-0.0898703,-0.00338404,1.28685,-0.111449,-0.00338404,1.28685,-0.111449,-0.0269319,1.51821,-0.117759,-0.028832,1.51821,-0.117748,-0.00338404,1.51464,-0.143302,-0.00338404,1.51464,-0.143302,-0.028832
0.165696,-0.0117301,2.57256,5.11268,838861470,-1.09498,0.687447,-0.0269319,-1.09498,0.687438,-0.00338404,-1.08219,0.705076,-0.00338404,-1.08219,0.705076,-0.0269319,-1.28352,0.819231,-0.028832,-1.28353,0.819222,-0.00338404,-1.26838,0.840109,-0.00338404,-1.26838,0.840109,-0.028832
0.176826,-0.0117395,2.7319,-20.8377,838861479,-1.18908,0.504513,-0.0269319,-1.18908,0.504513,-0.00338405,-1.17955,0.524103,-0.00338403,-1.17955,0.524094,-0.0269319,-1.39588,0.605191,-0.0288321,-1.39588,0.605191,-0.00338405,-1.38458,0.62839,-0.00338403,-1.38459,0.62838,-0.028832
0.102427,-0.0117397,2.86995,22.9253,838861487,-1.24716,0.336075,-0.0269319,-1.24716,0.336075,-0.00338404,-1.24045,0.356802,-0.00338404,-1.24045,0.356792,-0.0269319,-1.46596,0.40697,-0.028832,-1.46596,0.40697,-0.00338404,-1.45801,0.431516,-0.00338404,-1.45801,0.431505,-0.028832
0.110677,-0.0117301,2.92163,-19.5375,838861490,-1.26406,0.271485,-0.0269319,-1.26406,0.271475,-0.00338403,-1.25808,0.292424,-0.00338405,-1.25808,0.292424,-0.026932,-1.48631,0.330836,-0.028832,-1.48631,0.330825,-0.00338403,-1.47922,0.355634,-0.00338405,-1.47922,0.355634,-0.0288321
0.17958,-0.0302672,2.57256,6.22285,838861982,-1.09497,0.687447,-0.0508939,-1.09514,0.687552,-0.0273468,-1.08235,0.70519,-0.0273468,-1.08219,0.705076,-0.0508939,-1.2835,0.819217,-0.0546859,-1.28368,0.819331,-0.0292388,-1.26853,0.840219,-0.0292389,-1.26836,0.840096,-0.054686
0.0981948,-0.0302643,2.81808,9.81675,838861996,-1.22936,0.400723,-0.0508939,-1.22955,0.400785,-0.0273468,-1.2214,0.420993,-0.0273468,-1.22122,0.420921,-0.0508939,-1.44416,0.482987,-0.054686,-1.44436,0.483055,-0.0292388,-1.43471,0.506986,-0.0292388,-1.43452,0.506908,-0.054686
0.164899,-0.0302948,2.93897,-12.0189,838862003,-1.26724,0.249227,-0.0508939,-1.26743,0.249274,-0.0273468,-1.26218,0.27042,-0.0273468,-1.26199,0.270363,-0.0508939,-1.49044,0.304669,-0.054686,-1.49064,0.30472,-0.0292388,-1.48442,0.329761,-0.0292388,-1.48422,0.3297,-0.054686
0.0584712,-0.0487906,2.71454,53.7609,838862502,-1.18134,0.525621,-0.0748583,-1.18169,0.525794,-0.0513136,-1.17147,0.545039,-0.0513136,-1.17113,0.544857,-0.0748583,-1.38632,0.629886,-0.0805421,-1.38669,0.630072,-0.0550975,-1.3746,0.652863,-0.0550975,-1.37423,0.652666,-0.080542
-0.0204863,-0.0488329,2.73189,-3.91025,838862503,-1.18908,0.504513,-0.0748583,-1.18943,0.504683,-0.0513136,-1.17989,0.524273,-0.0513136,-1.17955,0.524094,-0.0748583,-1.39582,0.605163,-0.0805421,-1.3962,0.605347,-0.0550975,-1.3849,0.628546,-0.0550975,-1.38453,0.628352,-0.0805421
-0.0501461,-0.0487893,2.74906,-3.70351,838862504,-1.1988,0.484556,-0.0748583,-1.19915,0.484716,-0.0513136,-1.18961,0.504306,-0.0513136,-1.18927,0.504137,-0.0748583,-1.40729,0.581598,-0.0805421,-1.40768,0.581771,-0.0550975,-1.39638,0.60497,-0.0550975,-1.396,0.604787,-0.0805421
-0.0194342,-0.048832,2.76641,-3.66413,838862505,-1.2058,0.46319,-0.0748583,-1.20615,0.463348,-0.0513136,-1.19731,0.483259,-0.0513136,-1.19696,0.483092,-0.0748583,-1.41593,0.556559,-0.0805421,-1.41631,0.556729,-0.0550975,-1.40583,0.580308,-0.0550975,-1.40546,0.580128,-0.080542
-0.0110279,-0.0487888,2.78357,-4.03487,838862506,-1.21481,0.442906,-0.0748583,-1.21517,0.443054,-0.0513136,-1.20632,0.462965,-0.0513136,-1.20597,0.462808,-0.0748583,-1.42657,0.532607,-0.0805421,-1.42696,0.532767,-0.0550975,-1.41648,0.556346,-0.0550975,-1.4161,0.556176,-0.0805421
0.141169,-0.0488318,2.80092,12.3064,838862507,-1.22107,0.421309,-0.0748583,-1.22142,0.421454,-0.0513136,-1.21328,0.441662,-0.0513136,-1.21292,0.441507,-0.0748583,-1.43433,0.507281,-0.080542,-1.43471,0.507438,-0.0550975,-1.42507,0.531369,-0.0550975,-1.42468,0.531202,-0.0805421
0.143135,-0.048789,2.81808,6.38336,838862508,-1.22936,0.400723,-0.0748583,-1.22973,0.400858,-0.0513136,-1.22158,0.421066,-0.0513136,-1.22122,0.420921,-0.0748583,-1.44413,0.482973,-0.0805421,-1.44452,0.483119,-0.0550975,-1.43487,0.50705,-0.0550975,-1.43448,0.506893,-0.0805421
-0.0357132,-0.0487899,2.85259,-4.84056,838862510,-1.24243,0.358056,-0.0748583,-1.2428,0.358179,-0.0513136,-1.23536,0.378659,-0.0513136,-1.235,0.378527,-0.0748583,-1.45994,0.432756,-0.0805421,-1.46033,0.432888,-0.0550975,-1.45153,0.457141,-0.0550975,-1.45113,0.456998,-0.0805421
0.0794429,-0.0488336,2.86994,-4.35768,838862511,-1.24716,0.336075,-0.0748583,-1.24753,0.336194,-0.0513136,-1.24081,0.356922,-0.0513136,-1.24045,0.356792,-0.0748583,-1.4659,0.40695,-0.0805421,-1.4663,0.40708,-0.0550975,-1.45835,0.431626,-0.0550975,-1.45795,0.431486,-0.0805421
-0.0529944,-0.0487914,2.88711,-3.75495,838862512,-1.254,0.31496,-0.0748583,-1.25437,0.315069,-0.0513136,-1.24766,0.335796,-0.0513136,-1.24729,0.335677,-0.0748583,-1.47398,0.382017,-0.0805421,-1.47438,0.382135,-0.0550975,-1.46643,0.406682,-0.0550975,-1.46603,0.406552,-0.0805421
0.0132866,-0.0488355,2.90445,-3.22403,838862513,-1.25796,0.292827,-0.0748583,-1.25833,0.292933,-0.0513136,-1.25234,0.313882,-0.0513136,-1.25198,0.313766,-0.0748583,-1.47904,0.356019,-0.0805421,-1.47945,0.356134,-0.0550975,-1.47236,0.380943,-0.0550975,-1.47196,0.380817,-0.0805421
-0.0252664,-0.0487937,2.92162,-3.06803,838862514,-1.26406,0.271485,-0.0748583,-1.26444,0.271581,-0.0513136,-1.25845,0.292531,-0.0513136,-1.25808,0.292424,-0.0748583,-1.48625,0.330819,-0.0805421,-1.48665,0.330923,-0.0550975,-1.47956,0.355732,-0.0550975,-1.47916,0.355617,-0.0805421
0.135899,-0.0487906,3.06361,-3.73509,838862522,-1.28987,0.0898807,-0.0748583,-1.29025,0.089924,-0.0513136,-1.28724,0.111502,-0.0513136,-1.28685,0.111449,-0.0748583,-1.51815,0.11775,-0.0805421,-1.51856,0.117797,-0.0550975,-1.51499,0.143351,-0.0550975,-1.51457,0.143293,-0.0805421
0.139984,-0.0673001,2.71454,-23.301,838863014,-1.18134,0.525621,-0.0988267,-1.18186,0.525885,-0.075286,-1.17164,0.54513,-0.075286,-1.17113,0.544857,-0.0988267,-1.38627,0.62986,-0.106402,-1.38683,0.630145,-0.0809616,-1.37473,0.652935,-0.0809616,-1.37418,0.652641,-0.106402
0.109998,-0.0673584,2.73189,-28.6299,838863015,-1.18908,0.504513,-0.0988267,-1.18961,0.504767,-0.075286,-1.18007,0.524357,-0.075286,-1.17955,0.524094,-0.0988267,-1.39577,0.60514,-0.106402,-1.39634,0.605414,-0.0809616,-1.38504,0.628614,-0.0809616,-1.38448,0.628329,-0.106402
0.0512914,-0.0672984,2.74905,-3.60544,838863016,-1.1988,0.484556,-0.0988267,-1.19933,0.484801,-0.075286,-1.18979,0.504391,-0.075286,-1.18927,0.504137,-0.0988267,-1.40725,0.581574,-0.106402,-1.40781,0.581839,-0.0809616,-1.39652,0.605038,-0.0809616,-1.39596,0.604763,-0.106402
0.0851179,-0.0673572,2.7664,-3.31964,838863017,-1.2058,0.46319,-0.0988267,-1.20633,0.463426,-0.075286,-1.19748,0.483337,-0.075286,-1.19696,0.483092,-0.0988267,-1.41588,0.556537,-0.106402,-1.41645,0.556792,-0.0809616,-1.40598,0.580371,-0.0809616,-1.40541,0.580106,-0.106402
-0.0333887,-0.0672977,2.78356,-3.35025,838863018,-1.21481,0.442906,-0.0988267,-1.21535,0.443133,-0.075286,-1.2065,0.463044,-0.075286,-1.20597,0.462808,-0.0988267,-1.42652,0.532585,-0.106402,-1.4271,0.53283,-0.0809616,-1.41662,0.556409,-0.0809616,-1.41605,0.556154,-0.106402
0.0585451,-0.0672991,2.85259,-3.26929,838863022,-1.24243,0.358056,-0.0988267,-1.24298,0.358245,-0.075286,-1.23555,0.378725,-0.075286,-1.235,0.378527,-0.0988267,-1.45988,0.432737,-0.106402,-1.46048,0.432941,-0.0809616,-1.45167,0.457194,-0.0809616,-1.45108,0.45698,-0.106402
6.94586e-05,-0.0673594,2.86994,-57.1308,838863023,-1.24716,0.336075,-0.0988267,-1.24771,0.336254,-0.075286,-1.241,0.356982,-0.075286,-1.24045,0.356792,-0.0988267,-1.46585,0.406934,-0.106402,-1.46645,0.407127,-0.0809616,-1.45849,0.431673,-0.0809616,-1.4579,0.431469,-0.106402
-0.0164518,-0.0673013,2.8871,-3.11734,838863024,-1.254,0.31496,-0.0988267,-1.25456,0.315129,-0.075286,-1.24784,0.335856,-0.075286,-1.24729,0.335677,-0.0988267,-1.47393,0.382,-0.106402,-1.47453,0.382183,-0.0809616,-1.46658,0.406729,-0.0809616,-1.46598,0.406536,-0.106402
0.0101993,-0.067362,2.90445,-3.20503,838863025,-1.25796,0.292827,-0.0988267,-1.25852,0.292986,-0.075286,-1.25253,0.313936,-0.075286,-1.25198,0.313766,-0.0988267,-1.47899,0.356004,-0.106402,-1.4796,0.356177,-0.0809616,-1.4725,0.380986,-0.0809616,-1.4719,0.380802,-0.106402
-0.0786025,-0.0673045,2.92162,-3.16542,838863026,-1.26406,0.271485,-0.0988267,-1.26462,0.271635,-0.075286,-1.25863,0.292584,-0.075286,-1.25808,0.292424,-0.0988267,-1.48619,0.330804,-0.106402,-1.4868,0.330965,-0.0809616,-1.47971,0.355774,-0.0809616,-1.47911,0.355602,-0.106402
0.053833,-0.0673086,2.95613,-3.1986,838863028,-1.27259,0.227686,-0.0988267,-1.27316,0.227816,-0.075286,-1.26791,0.248961,-0.075286,-1.26734,0.248821,-0.0988267,-1.49666,0.27921,-0.106402,-1.49728,0.27935,-0.0809616,-1.49106,0.304392,-0.0809616,-1.49045,0.304241,-0.106402
0.136006,-0.0673001,3.06361,-4.69488,838863034,-1.28987,0.0898807,-0.0988267,-1.29045,0.0899508,-0.075286,-1.28743,0.111529,-0.075286,-1.28685,0.111449,-0.0988267,-1.51809,0.117743,-0.106402,-1.51872,0.117819,-0.0809616,-1.51514,0.143372,-0.0809616,-1.51452,0.143285,-0.106402
0.323038,-0.0857861,2.46901,-2.4671,838863512,-1.01817,0.797023,-0.122801,-1.01875,0.797533,-0.0992657,-1.00419,0.813736,-0.0992656,-1.00361,0.813219,-0.122801,-1.19175,0.947683,-0.132267,-1.19239,0.948234,-0.106833,-1.17513,0.967422,-0.106832,-1.17451,0.966862,-0.132267
0.164814,-0.0858622,2.48636,-10.5783,838863513,-1.03079,0.778414,-0.122801,-1.03138,0.778912,-0.0992656,-1.01739,0.795614,-0.0992656,-1.0168,0.795108,-0.122801,-1.20695,0.925996,-0.132267,-1.20759,0.926533,-0.106833,-1.19102,0.946312,-0.106832,-1.19039,0.945766,-0.132267
0.0346209,-0.0857889,2.71453,-4.38173,838863526,-1.18134,0.525621,-0.122801,-1.18203,0.525975,-0.0992657,-1.17181,0.54522,-0.0992656,-1.17113,0.544857,-0.122801,-1.38621,0.629827,-0.132267,-1.38695,0.63021,-0.106833,-1.37486,0.653001,-0.106832,-1.37412,0.652608,-0.132267
0.328858,-0.0858631,2.73189,-4.76966,838863527,-1.18908,0.504513,-0.122801,-1.18978,0.504852,-0.0992656,-1.18024,0.524442,-0.0992656,-1.17955,0.524094,-0.122801,-1.39571,0.605109,-0.132267,-1.39646,0.605475,-0.106832,-1.38517,0.628674,-0.106832,-1.38442,0.628298,-0.132267
1.03414,-0.0857867,2.74905,-1.83157,838863528,-1.1988,0.484556,-0.122801,-1.1995,0.484886,-0.0992656,-1.18996,0.504476,-0.0992656,-1.18927,0.504137,-0.122801,-1.40718,0.581544,-0.132267,-1.40794,0.5819,-0.106832,-1.39665,0.605099,-0.106833,-1.39589,0.604733,-0.132267
0.273253,-0.0858616,2.7664,2.42938,838863529,-1.2058,0.46319,-0.122801,-1.20651,0.463505,-0.0992656,-1.19766,0.483416,-0.0992656,-1.19696,0.483092,-0.122801,-1.41581,0.556508,-0.132267,-1.41658,0.556848,-0.106833,-1.4061,0.580428,-0.106832,-1.40534,0.580077,-0.132267
-0.00686187,-0.0857858,2.78356,-5.54683,838863530,-1.21481,0.442906,-0.122801,-1.21553,0.443211,-0.0992656,-1.20668,0.463122,-0.0992656,-1.20597,0.462808,-0.122801,-1.42646,0.532556,-0.132267,-1.42723,0.532886,-0.106833,-1.41675,0.556466,-0.106832,-1.41598,0.556126,-0.132267
0.114012,-0.0858622,2.83542,14.6869,838863533,-1.23486,0.37892,-0.122801,-1.23559,0.379184,-0.0992656,-1.22815,0.399664,-0.0992656,-1.22743,0.39939,-0.122801,-1.45087,0.457349,-0.132267,-1.45166,0.457635,-0.106832,-1.44285,0.481888,-0.106832,-1.44207,0.481592,-0.132267
0.427093,-0.0857876,2.85258,4.52408,838863534,-1.24243,0.358056,-0.122801,-1.24316,0.358311,-0.0992656,-1.23573,0.378791,-0.0992656,-1.235,0.378527,-0.122801,-1.45982,0.432713,-0.132267,-1.46061,0.432988,-0.106832,-1.4518,0.457242,-0.106833,-1.45102,0.456956,-0.132267
0.652853,-0.0858643,2.86994,-0.141471,838863535,-1.24716,0.336075,-0.122801,-1.2479,0.336314,-0.0992656,-1.24118,0.357041,-0.0992656,-1.24045,0.356792,-0.122801,-1.46578,0.406912,-0.132267,-1.46658,0.40717,-0.106832,-1.45863,0.431716,-0.106832,-1.45783,0.431447,-0.132267
1.20985,-0.0857904,2.8871,-1.64525,838863536,-1.254,0.31496,-0.122801,-1.25474,0.315188,-0.0992656,-1.24803,0.335916,-0.0992656,-1.24729,0.335677,-0.122801,-1.47386,0.381979,-0.132267,-1.47466,0.382226,-0.106832,-1.46671,0.406772,-0.106833,-1.46591,0.406514,-0.132267
0.0164796,-0.0858678,2.90445,-4.13586,838863537,-1.25796,0.292827,-0.122801,-1.25871,0.29304,-0.0992656,-1.25272,0.313989,-0.0992656,-1.25198,0.313766,-0.122801,-1.47892,0.355985,-0.132267,-1.47973,0.356215,-0.106833,-1.47264,0.381024,-0.106832,-1.47184,0.380783,-0.132267
0.0676784,-0.0857944,2.92161,-4.39664,838863538,-1.26406,0.271485,-0.122801,-1.26481,0.271688,-0.0992656,-1.25882,0.292637,-0.0992656,-1.25808,0.292424,-0.122801,-1.48613,0.330784,-0.132267,-1.48694,0.331004,-0.106833,-1.47984,0.355813,-0.106832,-1.47904,0.355583,-0.132267
0.0611502,-0.0857997,2.95613,-4.35168,838863540,-1.27259,0.227686,-0.122801,-1.27335,0.227862,-0.0992656,-1.2681,0.249008,-0.0992656,-1.26734,0.248821,-0.122801,-1.4966,0.279193,-0.132267,-1.49741,0.279384,-0.106833,-1.49119,0.304426,-0.106833,-1.49038,0.304224,-0.132267
0.129984,-0.0857923,3.02909,-47.3026,838863544,-1.28595,0.134331,-0.122801,-1.28672,0.134455,-0.0992656,-1.28295,0.155915,-0.0992656,-1.28218,0.155781,-0.122801,-1.51299,0.170135,-0.132267,-1.51382,0.170269,-0.106833,-1.50936,0.195682,-0.106832,-1.50853,0.195537,-0.132267
0.36387,-0.0858659,3.04644,2.10035,838863545,-1.28679,0.111863,-0.122801,-1.28756,0.11197,-0.0992656,-1.28454,0.133549,-0.0992656,-1.28378,0.133431,-0.122801,-1.51439,0.14369,-0.132267,-1.51522,0.143806,-0.106832,-1.51165,0.16936,-0.106832,-1.51082,0.169233,-0.132267
0.167348,-0.0857923,-2.90503,47.4084,838863564,-1.25434,-0.313592,-0.122801,-1.25511,-0.313737,-0.0992656,-1.2589,-0.292282,-0.0992656,-1.25814,-0.292147,-0.122801,-1.47994,-0.3576,-0.132267,-1.48076,-0.357757,-0.106832,-1.48526,-0.33235,-0.106833,-1.48443,-0.332204,-0.132267
0.234067,-0.0858724,-1.24983,21.4144,838863659,0.417784,-1.22208,-0.122801,0.417998,-1.22282,-0.0992656,0.397059,-1.22885,-0.0992656,0.396855,-1.2281,-0.122801,0.481322,-1.44293,-0.132267,0.481553,-1.44374,-0.106833,0.456756,-1.45087,-0.106832,0.456536,-1.45006,-0.132267
0.0215923,-0.103726,2.71454,-2.83859,838864038,-1.18134,0.525621,-0.14541,-1.18216,0.526014,-0.123253,-1.17193,0.545285,-0.123253,-1.17113,0.544857,-0.14541,-1.38604,0.629772,-0.158875,-1.38702,0.630236,-0.132711,-1.37491,0.653032,-0.132711,-1.37396,0.652527,-0.158875
0.219214,-0.103815,2.73188,17.6513,838864039,-1.18908,0.504513,-0.14541,-1.1899,0.504912,-0.123253,-1.18035,0.524529,-0.123253,-1.17955,0.524094,-0.14541,-1.39555,0.605034,-0.158875,-1.39652,0.605505,-0.132711,-1.38523,0.62871,-0.132711,-1.38428,0.628196,-0.158875
0.234894,-0.103723,2.74905,10.946,838864040,-1.1988,0.484556,-0.14541,-1.19964,0.484919,-0.123253,-1.19009,0.504536,-0.123253,-1.18927,0.504137,-0.14541,-1.40701,0.581494,-0.158875,-1.408,0.581923,-0.132711,-1.39671,0.605128,-0.132711,-1.39574,0.604657,-0.158875
0.116767,-0.103814,2.76639,7.40257,838864041,-1.2058,0.46319,-0.14541,-1.20663,0.463561,-0.123253,-1.19777,0.483499,-0.123253,-1.19696,0.483092,-0.14541,-1.41566,0.556438,-0.158875,-1.41664,0.556876,-0.132711,-1.40616,0.580461,-0.132711,-1.4052,0.579981,-0.158875
-0.0667368,-0.103722,2.78356,-3.53671,838864042,-1.21481,0.442906,-0.14541,-1.21566,0.44324,-0.123253,-1.2068,0.463178,-0.123253,-1.20597,0.462808,-0.14541,-1.42629,0.532513,-0.158875,-1.42729,0.532907,-0.132711,-1.41681,0.556493,-0.132711,-1.41583,0.556056,-0.158875
0.0844296,-0.103722,2.81807,-1.25954,838864044,-1.22936,0.400722,-0.14541,-1.23022,0.401026,-0.123253,-1.22207,0.421262,-0.123253,-1.22122,0.420921,-0.14541,-1.44384,0.482888,-0.158875,-1.44486,0.483248,-0.132711,-1.43521,0.507185,-0.132711,-1.43421,0.506782,-0.158875
0.36295,-0.103814,2.83542,6.23796,838864045,-1.23486,0.37892,-0.14541,-1.23571,0.379231,-0.123253,-1.22827,0.399739,-0.123253,-1.22743,0.39939,-0.14541,-1.45071,0.457291,-0.158875,-1.45172,0.457658,-0.132711,-1.44292,0.481918,-0.132711,-1.44192,0.481506,-0.158875
2.22298,-0.103724,2.85259,0.186836,838864046,-1.24243,0.358056,-0.14541,-1.2433,0.35833,-0.123253,-1.23586,0.378838,-0.123253,-1.235,0.378526,-0.14541,-1.45965,0.432681,-0.158875,-1.46067,0.433005,-0.132711,-1.45187,0.457264,-0.132711,-1.45085,0.456897,-0.158875
0.163006,-0.103817,2.86993,5.20552,838864047,-1.24716,0.336075,-0.14541,-1.24803,0.336356,-0.123253,-1.2413,0.357112,-0.123253,-1.24045,0.356793,-0.14541,-1.46562,0.406859,-0.158875,-1.46664,0.407191,-0.132711,-1.45869,0.431744,-0.132711,-1.45768,0.431367,-0.158875
0.200161,-0.103728,2.8871,2.25064,838864048,-1.254,0.314959,-0.14541,-1.25488,0.315203,-0.123253,-1.24816,0.335958,-0.123253,-1.24729,0.335677,-0.14541,-1.47369,0.381953,-0.158875,-1.47473,0.38224,-0.132711,-1.46677,0.406793,-0.132711,-1.46575,0.406461,-0.158875
0.148557,-0.103821,2.90444,-21.1164,838864049,-1.25796,0.292827,-0.14541,-1.25884,0.293077,-0.123253,-1.25284,0.314055,-0.123253,-1.25198,0.313766,-0.14541,-1.47876,0.355938,-0.158875,-1.47979,0.356234,-0.132711,-1.4727,0.381049,-0.132711,-1.47168,0.380708,-0.158875
-0.017017,-0.103733,2.92161,-2.48994,838864050,-1.26406,0.271485,-0.14541,-1.26495,0.271697,-0.123253,-1.25895,0.292675,-0.123253,-1.25808,0.292424,-0.14541,-1.48595,0.330765,-0.158875,-1.487,0.331016,-0.132711,-1.47991,0.355831,-0.132711,-1.47887,0.355535,-0.158875
0.00786837,-0.103739,2.95613,-3.08847,838864052,-1.27259,0.227686,-0.14541,-1.27349,0.227867,-0.123253,-1.26823,0.249041,-0.123253,-1.26734,0.248821,-0.14541,-1.49642,0.27918,-0.158875,-1.49748,0.279394,-0.132711,-1.49126,0.304442,-0.132711,-1.49021,0.304182,-0.158875
0.0758021,-0.10383,2.9774,-2.30106,838864053,-1.27588,0.200332,-0.14541,-1.27678,0.200521,-0.123253,-1.27225,0.221865,-0.123253,-1.27137,0.221637,-0.14541,-1.50054,0.247934,-0.158875,-1.50159,0.248158,-0.132711,-1.49624,0.273406,-0.132711,-1.4952,0.273137,-0.158875
0.742618,-0.103736,2.99457,-5.06136,838864054,-1.28049,0.178618,-0.14541,-1.28139,0.178768,-0.123253,-1.27686,0.200112,-0.123253,-1.27597,0.199923,-0.14541,-1.50596,0.222322,-0.158875,-1.50703,0.222499,-0.132711,-1.50168,0.247748,-0.132711,-1.50062,0.247525,-0.158875
0.0381729,-0.103824,3.01192,-2.84721,838864055,-1.28211,0.156193,-0.14541,-1.28301,0.156351,-0.123253,-1.27924,0.177839,-0.123253,-1.27835,0.177643,-0.14541,-1.50829,0.19592,-0.158875,-1.50935,0.196106,-0.132711,-1.50489,0.221526,-0.132711,-1.50383,0.221294,-0.158875
0.0820357,-0.10373,3.02909,0.0353199,838864056,-1.28595,0.134331,-0.14541,-1.28686,0.13445,-0.123253,-1.28308,0.155938,-0.123253,-1.28219,0.155781,-0.14541,-1.51282,0.170134,-0.158875,-1.51389,0.170274,-0.132711,-1.50942,0.195694,-0.132711,-1.50836,0.195507,-0.158875
0.102407,-0.103819,3.04643,-36.2342,838864057,-1.28679,0.111863,-0.14541,-1.2877,0.11199,-0.123253,-1.28468,0.133597,-0.123253,-1.28378,0.133431,-0.14541,-1.51422,0.143666,-0.158875,-1.51529,0.143816,-0.132711,-1.51171,0.169376,-0.132711,-1.51065,0.16918,-0.158875
-0.25632,-0.103815,-1.10784,-2.13062,838864179,0.586596,-1.15081,-0.14541,0.586967,-1.15164,-0.123253,0.567042,-1.16053,-0.123253,0.566707,-1.15968,-0.14541,0.680149,-1.36053,-0.158875,0.680587,-1.36151,-0.132711,0.657017,-1.37203,-0.132711,0.656621,-1.37102,-0.158875
0.0346823,-0.121087,2.71453,-3.27226,838864550,-1.18134,0.525621,-0.168009,-1.1825,0.526194,-0.145871,-1.17227,0.545465,-0.145871,-1.17113,0.544857,-0.168009,-1.3858,0.629646,-0.185468,-1.38718,0.630323,-0.159326,-1.37508,0.653119,-0.159326,-1.37373,0.652401,-0.185468
0.046327,-0.121191,2.73187,-2.62782,838864551,-1.18908,0.504513,-0.168009,-1.19025,0.505081,-0.145871,-1.1807,0.524697,-0.145871,-1.17955,0.524094,-0.168009,-1.39531,0.604916,-0.185468,-1.39669,0.605586,-0.159326,-1.38539,0.628791,-0.159326,-1.38404,0.628079,-0.185468
0.125098,-0.121083,2.74904,29.1387,838864552,-1.1988,0.484556,-0.168009,-1.19998,0.485088,-0.145871,-1.19043,0.504705,-0.145871,-1.18927,0.504137,-0.168009,-1.40677,0.581376,-0.185468,-1.40817,0.582005,-0.159326,-1.39687,0.60521,-0.159326,-1.3955,0.604539,-0.185468
0.0551551,-0.121189,2.76639,-3.57142,838864553,-1.2058,0.46319,-0.168009,-1.20699,0.463717,-0.145871,-1.19813,0.483655,-0.145871,-1.19696,0.483092,-0.168009,-1.41541,0.556329,-0.185468,-1.41681,0.556951,-0.159326,-1.40633,0.580537,-0.159326,-1.40495,0.579872,-0.185468
0.0096262,-0.121082,2.78355,-3.78659,838864554,-1.21481,0.442906,-0.168009,-1.21602,0.443397,-0.145871,-1.20716,0.463335,-0.145871,-1.20597,0.462808,-0.168009,-1.42604,0.532404,-0.185468,-1.42746,0.532983,-0.159326,-1.41698,0.556568,-0.159326,-1.41558,0.555946,-0.185468
0.0553909,-0.121083,2.81807,-1.6347,838864556,-1.22936,0.400722,-0.168009,-1.23058,0.40117,-0.145871,-1.22243,0.421406,-0.145871,-1.22122,0.420921,-0.168009,-1.44359,0.482788,-0.185468,-1.44503,0.483317,-0.159326,-1.43538,0.507254,-0.159326,-1.43396,0.506682,-0.185468
0.170787,-0.12119,2.83541,-2.20071,838864557,-1.23486,0.37892,-0.168009,-1.23608,0.379363,-0.145871,-1.22863,0.399871,-0.145871,-1.22743,0.39939,-0.168009,-1.45046,0.457199,-0.185468,-1.4519,0.457722,-0.159326,-1.44309,0.481981,-0.159326,-1.44167,0.481414,-0.185468
0.216337,-0.121085,2.85258,2.61295,838864558,-1.24243,0.358056,-0.168009,-1.24367,0.358461,-0.145871,-1.23622,0.378969,-0.145871,-1.235,0.378526,-0.168009,-1.45939,0.43259,-0.185468,-1.46085,0.433068,-0.159326,-1.45204,0.457328,-0.159326,-1.4506,0.456805,-0.185468
0.494507,-0.121193,2.86992,-2.32835,838864559,-1.24716,0.336075,-0.168009,-1.2484,0.336475,-0.145871,-1.24167,0.35723,-0.145871,-1.24045,0.356793,-0.168009,-1.46536,0.406776,-0.185468,-1.46682,0.407248,-0.159326,-1.45887,0.431801,-0.159326,-1.45742,0.431284,-0.185468
0.109348,-0.121089,2.88709,16.6279,838864560,-1.254,0.314959,-0.168009,-1.25525,0.315321,-0.145871,-1.24852,0.336077,-0.145871,-1.24729,0.335677,-0.168009,-1.47343,0.38187,-0.185468,-1.47491,0.382298,-0.159326,-1.46695,0.40685,-0.159326,-1.46549,0.406378,-0.185468
-0.103352,-0.121198,2.90443,-2.74286,838864561,-1.25796,0.292827,-0.168009,-1.25921,0.293183,-0.145871,-1.25321,0.314161,-0.145871,-1.25198,0.313766,-0.168009,-1.4785,0.355864,-0.185468,-1.47997,0.356285,-0.159326,-1.47288,0.3811,-0.159326,-1.47142,0.380634,-0.185468
0.042525,-0.121094,2.9216,-3.59265,838864562,-1.26406,0.271485,-0.168009,-1.26532,0.271803,-0.145871,-1.25932,0.292781,-0.145871,-1.25808,0.292424,-0.168009,-1.48569,0.330691,-0.185468,-1.48718,0.331067,-0.159326,-1.48009,0.355882,-0.159326,-1.47861,0.355461,-0.185468
-0.0491558,-0.121102,2.95612,-2.64429,838864564,-1.27259,0.227686,-0.168009,-1.27386,0.22796,-0.145871,-1.2686,0.249134,-0.145871,-1.26734,0.248821,-0.168009,-1.49616,0.279115,-0.185468,-1.49766,0.279439,-0.159326,-1.49144,0.304486,-0.159326,-1.48995,0.304117,-0.185468
0.117434,-0.121208,2.9774,31.4003,838864565,-1.27588,0.200332,-0.168009,-1.27715,0.200601,-0.145871,-1.27263,0.221945,-0.145871,-1.27137,0.221637,-0.168009,-1.50027,0.247879,-0.185468,-1.50177,0.248196,-0.159326,-1.49642,0.273445,-0.159326,-1.49493,0.273081,-0.185468
0.133505,-0.121098,2.99457,9.81254,838864566,-1.28049,0.178618,-0.168009,-1.28176,0.178848,-0.145871,-1.27724,0.200191,-0.145871,-1.27597,0.199923,-0.168009,-1.5057,0.222266,-0.185468,-1.50721,0.222538,-0.159326,-1.50186,0.247786,-0.159326,-1.50036,0.247469,-0.185468
0.0682302,-0.121201,3.01191,56.7355,838864567,-1.28211,0.156193,-0.168009,-1.28339,0.156417,-0.145871,-1.27962,0.177906,-0.145871,-1.27835,0.177642,-0.168009,-1.50803,0.195873,-0.185468,-1.50953,0.196138,-0.159326,-1.50507,0.221558,-0.159326,-1.50357,0.221247,-0.185468
0.115156,-0.121091,3.02908,4.42319,838864568,-1.28595,0.134331,-0.168009,-1.28724,0.134516,-0.145871,-1.28346,0.156005,-0.145871,-1.28219,0.155781,-0.168009,-1.51255,0.170087,-0.185468,-1.51407,0.170306,-0.159326,-1.50961,0.195726,-0.159326,-1.5081,0.195461,-0.185468
0.026467,-0.121195,3.04643,-3.47912,838864569,-1.28679,0.111863,-0.168009,-1.28808,0.112043,-0.145871,-1.28506,0.13365,-0.145871,-1.28378,0.133431,-0.168009,-1.51396,0.143629,-0.185468,-1.51547,0.143841,-0.159326,-1.5119,0.169402,-0.159326,-1.51039,0.169143,-0.185468
0.105041,-0.138545,1.71918,50.162,838865005,-0.201766,1.27585,-0.190634,-0.201943,1.27752,-0.168522,-0.180246,1.27982,-0.168522,-0.180109,1.27814,-0.190634,-0.225875,1.50361,-0.212083,-0.226084,1.50559,-0.185971,-0.200418,1.5083,-0.185971,-0.200256,1.50632,-0.212083
-0.0755093,-0.138429,2.71452,-3.91745,838865062,-1.18134,0.525621,-0.190634,-1.18284,0.526375,-0.168522,-1.17261,0.545646,-0.168522,-1.17113,0.544857,-0.190634,-1.38551,0.629487,-0.212083,-1.38728,0.630377,-0.185971,-1.37518,0.653174,-0.185971,-1.37343,0.652242,-0.212083
0.053493,-0.138548,2.73187,-3.17957,838865063,-1.18908,0.504513,-0.190634,-1.1906,0.50525,-0.168522,-1.18105,0.524866,-0.168522,-1.17955,0.524094,-0.190634,-1.39501,0.604767,-0.212083,-1.39679,0.605637,-0.185971,-1.3855,0.628842,-0.185971,-1.38373,0.62793,-0.212083
-0.0512653,-0.138425,2.74903,-3.50309,838865064,-1.1988,0.484556,-0.190634,-1.20033,0.485257,-0.168522,-1.19078,0.504873,-0.168522,-1.18927,0.504137,-0.190634,-1.40647,0.581228,-0.212083,-1.40827,0.582055,-0.185971,-1.39698,0.60526,-0.185971,-1.39519,0.604391,-0.212083
0.0285271,-0.138545,2.76638,-3.0358,838865065,-1.2058,0.46319,-0.190634,-1.20734,0.463874,-0.168522,-1.19848,0.483812,-0.168522,-1.19696,0.483092,-0.190634,-1.4151,0.556191,-0.212083,-1.41692,0.556998,-0.185971,-1.40644,0.580584,-0.185971,-1.40464,0.579734,-0.212083
0.0881502,-0.138424,2.78354,7.62095,838865066,-1.21481,0.442906,-0.190634,-1.21637,0.443553,-0.168522,-1.20751,0.463491,-0.168522,-1.20597,0.462808,-0.190634,-1.42573,0.532266,-0.212083,-1.42757,0.53303,-0.185971,-1.41709,0.556615,-0.185971,-1.41527,0.555809,-0.212083
0.0585451,-0.138424,2.81806,5.3341,838865068,-1.22936,0.400722,-0.190634,-1.23094,0.401314,-0.168522,-1.22278,0.42155,-0.168522,-1.22122,0.420921,-0.190634,-1.44328,0.482661,-0.212083,-1.44514,0.483361,-0.185971,-1.43549,0.507298,-0.185971,-1.43364,0.506555,-0.212083
-0.0159224,-0.138546,2.8354,-3.1873,838865069,-1.23486,0.37892,-0.190634,-1.23644,0.379494,-0.168522,-1.22899,0.400002,-0.168522,-1.22743,0.39939,-0.190634,-1.45014,0.457083,-0.212083,-1.45201,0.457761,-0.185971,-1.4432,0.482021,-0.185971,-1.44135,0.481299,-0.212083
0.49929,-0.138427,2.85257,-3.82382,838865070,-1.24243,0.358056,-0.190634,-1.24403,0.358593,-0.168522,-1.23658,0.379101,-0.168522,-1.235,0.378526,-0.190634,-1.45907,0.432474,-0.212083,-1.46096,0.433108,-0.185971,-1.45215,0.457368,-0.185971,-1.45028,0.456689,-0.212083
2.96834,-0.13855,2.86992,-0.117036,838865071,-1.24716,0.336075,-0.190634,-1.24876,0.336594,-0.168522,-1.24204,0.357349,-0.168522,-1.24045,0.356793,-0.190634,-1.46504,0.406672,-0.212083,-1.46693,0.407284,-0.185971,-1.45898,0.431837,-0.185971,-1.4571,0.43118,-0.212083
0.0159909,-0.138431,2.88708,-3.39255,838865072,-1.254,0.314959,-0.190634,-1.25562,0.31544,-0.168522,-1.24889,0.336195,-0.168522,-1.24729,0.335677,-0.190634,-1.47311,0.381766,-0.212083,-1.47502,0.382333,-0.185971,-1.46706,0.406886,-0.185971,-1.46517,0.406273,-0.212083
0.20897,-0.138555,2.90443,-10.6528,838865073,-1.25796,0.292827,-0.190634,-1.25958,0.293289,-0.168522,-1.25358,0.314267,-0.168522,-1.25198,0.313766,-0.190634,-1.47817,0.355771,-0.212083,-1.48008,0.356317,-0.185971,-1.47299,0.381132,-0.185971,-1.47109,0.380541,-0.212083
0.14332,-0.138563,2.93894,40.2314,838865075,-1.26724,0.249228,-0.190634,-1.26888,0.249633,-0.168522,-1.26362,0.270807,-0.168522,-1.26199,0.270363,-0.190634,-1.48952,0.304442,-0.212083,-1.49145,0.304921,-0.185971,-1.48523,0.329969,-0.185971,-1.48331,0.329444,-0.212083
0.15488,-0.138446,2.95611,10.5181,838865076,-1.27259,0.227686,-0.190634,-1.27424,0.228053,-0.168522,-1.26898,0.249227,-0.168522,-1.26734,0.248821,-0.190634,-1.49583,0.279033,-0.212083,-1.49777,0.279466,-0.185971,-1.49155,0.304514,-0.185971,-1.48962,0.304035,-0.212083
0.0703391,-0.138567,2.97739,-4.19557,838865077,-1.27588,0.200332,-0.190634,-1.27753,0.200681,-0.168522,-1.27301,0.222025,-0.168522,-1.27137,0.221637,-0.190634,-1.49994,0.247808,-0.212083,-1.50189,0.24822,-0.185971,-1.49654,0.273469,-0.185971,-1.4946,0.273011,-0.212083
0.00407819,-0.138442,2.99456,-3.56368,838865078,-1.28049,0.178618,-0.190634,-1.28214,0.178928,-0.168522,-1.27762,0.200271,-0.168522,-1.27597,0.199923,-0.190634,-1.50537,0.222196,-0.212083,-1.50732,0.222562,-0.185971,-1.50197,0.24781,-0.185971,-1.50003,0.247399,-0.212083
0.00114068,-0.138559,3.01191,-4.30122,838865079,-1.28211,0.156193,-0.190634,-1.28377,0.156484,-0.168522,-1.28,0.177973,-0.168522,-1.27835,0.177643,-0.190634,-1.50769,0.195815,-0.212083,-1.50965,0.196159,-0.185971,-1.50518,0.221578,-0.185971,-1.50324,0.221188,-0.212083
0.000708359,-0.138434,3.02907,100.609,838865080,-1.28595,0.134331,-0.190634,-1.28762,0.134583,-0.168522,-1.28384,0.156072,-0.168522,-1.28219,0.155781,-0.190634,-1.51222,0.170029,-0.212083,-1.51419,0.170326,-0.185971,-1.50972,0.195746,-0.185971,-1.50776,0.195402,-0.212083
-0.0291272,-0.138552,3.04642,99.5827,838865081,-1.28679,0.111863,-0.190634,-1.28846,0.112096,-0.168522,-1.28544,0.133704,-0.168522,-1.28378,0.133431,-0.190634,-1.51362,0.143582,-0.212083,-1.51559,0.143857,-0.185971,-1.51201,0.169418,-0.185971,-1.51005,0.169096,-0.212083
0.153737,-0.155889,2.52084,-2.60335,838865563,-1.057,0.742362,-0.213293,-1.05863,0.743633,-0.191214,-1.04522,0.760836,-0.191213,-1.04361,0.759534,-0.213293,-1.23728,0.88297,-0.238724,-1.2392,0.884471,-0.212651,-1.22333,0.904821,-0.212651,-1.22143,0.903283,-0.238724
0.14941,-0.155755,2.53801,22.882,838865564,-1.07065,0.724859,-0.213293,-1.07231,0.726099,-0.191213,-1.05889,0.743303,-0.191214,-1.05726,0.742031,-0.213293,-1.25338,0.862325,-0.238724,-1.25533,0.863789,-0.212651,-1.23946,0.88414,-0.212651,-1.23754,0.882639,-0.238724
0.150309,-0.155752,2.71451,-37.1313,838865574,-1.18134,0.525621,-0.213293,-1.18318,0.526555,-0.191213,-1.17295,0.545826,-0.191214,-1.17113,0.544857,-0.213293,-1.38515,0.629296,-0.238724,-1.38732,0.630399,-0.212651,-1.37522,0.653195,-0.212651,-1.37307,0.652051,-0.238724
-0.00345045,-0.155886,2.73186,-3.01385,838865575,-1.18908,0.504513,-0.213293,-1.19094,0.505418,-0.191214,-1.18139,0.525034,-0.191213,-1.17955,0.524094,-0.213293,-1.39464,0.604589,-0.238724,-1.39684,0.605657,-0.212651,-1.38554,0.628862,-0.212651,-1.38336,0.627752,-0.238724
0.0192265,-0.155748,2.74902,-2.42658,838865576,-1.1988,0.484556,-0.213293,-1.20067,0.485425,-0.191214,-1.19112,0.505041,-0.191213,-1.18927,0.504137,-0.213293,-1.4061,0.581049,-0.238724,-1.40832,0.582076,-0.212651,-1.39702,0.605281,-0.212651,-1.39482,0.604212,-0.238724
-0.0399595,-0.155747,2.81805,-2.86036,838865580,-1.22936,0.400722,-0.213293,-1.2313,0.401458,-0.191213,-1.22314,0.421693,-0.191214,-1.22122,0.420921,-0.213293,-1.4429,0.482509,-0.238724,-1.44518,0.483378,-0.212651,-1.43553,0.507315,-0.212651,-1.43326,0.506402,-0.238724
0.10571,-0.155885,2.8354,17.3173,838865581,-1.23486,0.37892,-0.213293,-1.2368,0.379625,-0.191213,-1.22935,0.400133,-0.191213,-1.22743,0.39939,-0.213293,-1.44976,0.456944,-0.238724,-1.45205,0.457777,-0.212651,-1.44324,0.482037,-0.212651,-1.44096,0.481159,-0.238724
0.0628638,-0.15575,2.85256,-2.24943,838865582,-1.24243,0.358056,-0.213293,-1.24439,0.358724,-0.191213,-1.23694,0.379232,-0.191214,-1.235,0.378526,-0.213293,-1.45869,0.432335,-0.238724,-1.461,0.433124,-0.212651,-1.45219,0.457383,-0.212651,-1.4499,0.45655,-0.238724
0.0184134,-0.155889,2.86991,-2.16473,838865583,-1.24716,0.336075,-0.213293,-1.24913,0.336712,-0.191214,-1.2424,0.357468,-0.191213,-1.24045,0.356793,-0.213293,-1.46465,0.406546,-0.238724,-1.46698,0.407298,-0.212651,-1.45902,0.431851,-0.212651,-1.45671,0.431054,-0.238724
0.102747,-0.155755,2.88707,5.48633,838865584,-1.254,0.314959,-0.213293,-1.25598,0.315559,-0.191213,-1.24926,0.336314,-0.191214,-1.24729,0.335677,-0.213293,-1.47272,0.38164,-0.238724,-1.47506,0.382347,-0.212651,-1.4671,0.4069,-0.212651,-1.46478,0.406148,-0.238724
0.0186304,-0.155895,2.90442,-3.8447,838865585,-1.25796,0.292827,-0.213293,-1.25995,0.293395,-0.191214,-1.25395,0.314372,-0.191213,-1.25198,0.313766,-0.213293,-1.47778,0.355659,-0.238724,-1.48013,0.356329,-0.212651,-1.47304,0.381145,-0.212651,-1.4707,0.380429,-0.238724
0.200006,-0.155772,2.9561,-9.68545,838865588,-1.27259,0.227686,-0.213293,-1.27461,0.228145,-0.191213,-1.26935,0.249319,-0.191214,-1.26734,0.248821,-0.213293,-1.49544,0.278935,-0.238724,-1.49782,0.279478,-0.212651,-1.49159,0.304526,-0.212651,-1.48923,0.303937,-0.238724
-0.033893,-0.155908,2.97738,-3.76784,838865589,-1.27588,0.200332,-0.213293,-1.27791,0.200761,-0.191213,-1.27338,0.222104,-0.191214,-1.27137,0.221637,-0.213293,-1.49954,0.247724,-0.238724,-1.50193,0.24823,-0.212651,-1.49658,0.273478,-0.212651,-1.4942,0.272926,-0.238724
-0.0438442,-0.155767,2.99455,-3.97639,838865590,-1.28049,0.178618,-0.213293,-1.28252,0.179007,-0.191213,-1.27799,0.200351,-0.191214,-1.27597,0.199923,-0.213293,-1.50497,0.222111,-0.238724,-1.50737,0.222571,-0.212651,-1.50202,0.24782,-0.212651,-1.49963,0.247314,-0.238724
0.0277438,-0.155899,3.0119,-4.10044,838865591,-1.28211,0.156193,-0.213293,-1.28415,0.156551,-0.191213,-1.28037,0.178039,-0.191214,-1.27835,0.177643,-0.213293,-1.50729,0.195744,-0.238724,-1.50969,0.196167,-0.212651,-1.50523,0.221586,-0.212651,-1.50283,0.221118,-0.238724
0.127985,-0.173058,2.7145,-0.831913,838866086,-1.18134,0.525621,-0.235992,-1.18352,0.526735,-0.213952,-1.17329,0.546006,-0.213952,-1.17113,0.544857,-0.235992,-1.38472,0.629072,-0.265397,-1.3873,0.630388,-0.239371,-1.3752,0.653184,-0.239371,-1.37264,0.651827,-0.265397
0.0968789,-0.173207,2.73185,6.32239,838866087,-1.18908,0.504513,-0.235992,-1.19129,0.505586,-0.213952,-1.18174,0.525202,-0.213952,-1.17955,0.524094,-0.235992,-1.39421,0.60438,-0.265397,-1.39681,0.605647,-0.239371,-1.38552,0.628852,-0.239371,-1.38294,0.627543,-0.265397
-0.100402,-0.173054,2.74901,-4.6839,838866088,-1.1988,0.484556,-0.235992,-1.20102,0.485593,-0.213952,-1.19147,0.50521,-0.213952,-1.18927,0.504137,-0.235992,-1.40567,0.580841,-0.265397,-1.4083,0.582065,-0.239371,-1.397,0.60527,-0.239371,-1.3944,0.604003,-0.265397
0.109248,-0.173052,2.81804,30.6941,838866092,-1.22936,0.400722,-0.235992,-1.23165,0.401602,-0.213952,-1.22349,0.421837,-0.213952,-1.22122,0.420921,-0.235992,-1.44245,0.48233,-0.265397,-1.44516,0.483369,-0.239371,-1.43551,0.507306,-0.239371,-1.43282,0.506224,-0.265397
-0.00169442,-0.173205,2.83539,-3.92605,838866093,-1.23486,0.37892,-0.235992,-1.23716,0.379757,-0.213952,-1.22972,0.400264,-0.213952,-1.22743,0.39939,-0.235992,-1.44931,0.456781,-0.265397,-1.45203,0.457769,-0.239371,-1.44322,0.482028,-0.239371,-1.44052,0.480997,-0.265397
0.0501702,-0.173056,2.85255,-3.9199,838866094,-1.24243,0.358056,-0.235992,-1.24475,0.358855,-0.213952,-1.2373,0.379363,-0.213952,-1.235,0.378526,-0.235992,-1.45824,0.432172,-0.265397,-1.46098,0.433116,-0.239371,-1.45217,0.457375,-0.239371,-1.44945,0.456387,-0.265397
0.032557,-0.173209,2.8699,-4.64837,838866095,-1.24716,0.336075,-0.235992,-1.24949,0.336831,-0.213952,-1.24277,0.357586,-0.213952,-1.24045,0.356793,-0.235992,-1.4642,0.406399,-0.265397,-1.46695,0.407291,-0.239371,-1.459,0.431844,-0.239371,-1.45626,0.430907,-0.265397
-0.028482,-0.173061,2.88706,-5.20926,838866096,-1.254,0.314959,-0.235992,-1.25635,0.315677,-0.213952,-1.24962,0.336432,-0.213952,-1.24729,0.335677,-0.235992,-1.47227,0.381493,-0.265397,-1.47504,0.38234,-0.239371,-1.46708,0.406893,-0.239371,-1.46433,0.406001,-0.265397
0.0795645,-0.173216,2.90442,-3.5047,838866097,-1.25796,0.292827,-0.235992,-1.26032,0.2935,-0.213952,-1.25432,0.314478,-0.213952,-1.25198,0.313766,-0.235992,-1.47732,0.355527,-0.265397,-1.48011,0.356323,-0.239371,-1.47301,0.381138,-0.239371,-1.47024,0.380298,-0.265397
-0.0429594,-0.173231,2.97738,-4.70983,838866101,-1.27588,0.200332,-0.235992,-1.27828,0.20084,-0.213952,-1.27376,0.222184,-0.213952,-1.27137,0.221637,-0.235992,-1.49908,0.247625,-0.265397,-1.50191,0.248225,-0.239371,-1.49656,0.273473,-0.239371,-1.49374,0.272827,-0.265397
-0.0650277,-0.173074,2.99454,-4.05371,838866102,-1.28049,0.178618,-0.235992,-1.28289,0.179087,-0.213952,-1.27837,0.200431,-0.213952,-1.27597,0.199923,-0.235992,-1.5045,0.222013,-0.265397,-1.50735,0.222567,-0.239371,-1.502,0.247815,-0.239371,-1.49916,0.247215,-0.265397
0.0338582,-0.17322,3.01189,-4.71906,838866103,-1.28211,0.156193,-0.235992,-1.28453,0.156617,-0.213952,-1.28075,0.178106,-0.213952,-1.27835,0.177643,-0.235992,-1.50682,0.195662,-0.265397,-1.50967,0.196162,-0.239371,-1.50521,0.221582,-0.239371,-1.50236,0.221035,-0.265397
0.117228,-0.173212,3.04641,23.7096,838866105,-1.28679,0.111863,-0.235992,-1.28922,0.112203,-0.213952,-1.2862,0.13381,-0.213952,-1.28378,0.133431,-0.235992,-1.51274,0.14346,-0.265397,-1.51561,0.143861,-0.239371,-1.51204,0.169421,-0.239371,-1.50918,0.168974,-0.265397
0.19973,-0.17308,-2.97802,-13.5523,838866120,-1.27372,-0.221298,-0.235992,-1.27615,-0.221596,-0.213952,-1.27845,-0.1999,-0.213952,-1.27602,-0.199642,-0.235992,-1.50018,-0.249306,-0.265397,-1.50305,-0.249658,-0.239371,-1.50577,-0.223992,-0.239371,-1.50289,-0.223687,-0.265397
0.152379,-0.19056,2.41729,-20.4173,838866581,-0.974661,0.847665,-0.258872,-0.976713,0.849643,-0.236756,-0.961545,0.865373,-0.236756,-0.959545,0.863342,-0.258872,-1.13851,1.00565,-0.292181,-1.14092,1.00798,-0.26615,-1.12302,1.02655,-0.26615,-1.12067,1.02416,-0.292181
0.836775,-0.1904,2.7145,-8.44786,838866598,-1.18134,0.525621,-0.258872,-1.18389,0.526892,-0.236756,-1.17365,0.546193,-0.236756,-1.17113,0.544857,-0.258872,-1.38422,0.628871,-0.292181,-1.38722,0.630368,-0.26615,-1.37513,0.653147,-0.26615,-1.37217,0.651574,-0.292181
0.247256,-0.190564,2.73184,2.6167,838866599,-1.18908,0.504514,-0.258872,-1.19164,0.505761,-0.236756,-1.18208,0.525407,-0.236756,-1.17955,0.524094,-0.258872,-1.39373,0.604145,-0.292181,-1.39674,0.605613,-0.26615,-1.38546,0.628801,-0.26615,-1.38248,0.627255,-0.292181
0.00843183,-0.190396,2.74901,-2.79544,838866600,-1.1988,0.484556,-0.258872,-1.20139,0.485737,-0.236756,-1.19183,0.505384,-0.236756,-1.18927,0.504136,-0.258872,-1.40516,0.580657,-0.292181,-1.40822,0.582048,-0.26615,-1.39693,0.605236,-0.26615,-1.39391,0.603768,-0.292181
0.0256727,-0.19056,2.76635,-2.4301,838866601,-1.2058,0.463191,-0.258872,-1.2084,0.464348,-0.236756,-1.19953,0.484316,-0.236756,-1.19696,0.483092,-0.258872,-1.4138,0.555614,-0.292181,-1.41687,0.556976,-0.26615,-1.40639,0.580544,-0.26615,-1.40336,0.579103,-0.292181
-0.063959,-0.190394,2.78352,-2.57062,838866602,-1.21481,0.442906,-0.258872,-1.21745,0.443996,-0.236756,-1.20858,0.463965,-0.236756,-1.20597,0.462807,-0.258872,-1.42441,0.531741,-0.292181,-1.42751,0.533025,-0.26615,-1.41704,0.556592,-0.26615,-1.41397,0.55523,-0.292181
0.0679604,-0.190559,2.80086,17.0894,838866603,-1.22106,0.421309,-0.258872,-1.22371,0.422375,-0.236756,-1.21554,0.442641,-0.236756,-1.21292,0.441508,-0.258872,-1.43217,0.506412,-0.292181,-1.43528,0.507666,-0.26615,-1.42563,0.531585,-0.26615,-1.42256,0.530251,-0.292181
0.112159,-0.190584,2.93892,0.30643,838866611,-1.26724,0.249228,-0.258872,-1.27001,0.249915,-0.236756,-1.26474,0.271122,-0.236756,-1.26199,0.270364,-0.258872,-1.48814,0.304099,-0.292181,-1.49139,0.304908,-0.26615,-1.48518,0.329937,-0.26615,-1.48194,0.329045,-0.292181
0.134775,-0.190566,-3.06423,6.5691,838866627,-1.28689,-0.110746,-0.258872,-1.28974,-0.110848,-0.236756,-1.29052,-0.089011,-0.236756,-1.28767,-0.0889824,-0.258872,-1.51436,-0.118876,-0.292181,-1.51771,-0.118996,-0.26615,-1.51863,-0.0932226,-0.26615,-1.51527,-0.093189,-0.292181
0.217882,-0.207945,2.52082,11.9995,838867099,-1.057,0.742362,-0.281796,-1.05955,0.744347,-0.259733,-1.04611,0.761577,-0.259733,-1.04361,0.759534,-0.281796,-1.236,0.881974,-0.319,-1.239,0.884311,-0.293029,-1.22314,0.904646,-0.293029,-1.22019,0.902241,-0.319
-0.0415778,-0.207942,2.73183,-3.66625,838867111,-1.18908,0.504514,-0.281796,-1.19199,0.505927,-0.259733,-1.18242,0.525573,-0.259733,-1.17955,0.524094,-0.281796,-1.39319,0.60388,-0.319,-1.3966,0.605544,-0.293029,-1.38531,0.628731,-0.293029,-1.38193,0.626991,-0.319
0.023092,-0.207759,2.749,-3.01907,838867112,-1.1988,0.484556,-0.281796,-1.20173,0.485903,-0.259733,-1.19217,0.505549,-0.259733,-1.18927,0.504136,-0.281796,-1.40462,0.580393,-0.319,-1.40807,0.581979,-0.293029,-1.39679,0.605166,-0.293029,-1.39337,0.603503,-0.319
0.0166591,-0.207938,2.76635,-2.75325,838867113,-1.2058,0.463191,-0.281796,-1.20875,0.464502,-0.259733,-1.19988,0.48447,-0.259733,-1.19696,0.483092,-0.281796,-1.41325,0.555369,-0.319,-1.41672,0.556912,-0.293029,-1.40625,0.580479,-0.293029,-1.40281,0.578858,-0.319
-0.0950228,-0.207757,2.78352,-2.99581,838867114,-1.21481,0.442906,-0.281796,-1.21779,0.44415,-0.259733,-1.20892,0.464118,-0.259733,-1.20597,0.462807,-0.281796,-1.42386,0.531496,-0.319,-1.42736,0.53296,-0.293029,-1.41689,0.556528,-0.293029,-1.41342,0.554985,-0.319
0.0154721,-0.207937,2.80086,-3.86646,838867115,-1.22106,0.421309,-0.281796,-1.22406,0.422516,-0.259733,-1.21589,0.442783,-0.259733,-1.21292,0.441508,-0.281796,-1.43161,0.506186,-0.319,-1.43513,0.507606,-0.293029,-1.42549,0.531526,-0.293029,-1.422,0.530025,-0.319
0.122691,-0.225299,2.4863,17.2853,838867609,-1.03079,0.778415,-0.304781,-1.03355,0.78073,-0.282776,-1.01952,0.79748,-0.282776,-1.0168,0.795109,-0.304781,-1.20429,0.923763,-0.345868,-1.20754,0.926488,-0.319967,-1.19098,0.946257,-0.319967,-1.18778,0.943466,-0.345868
0.120451,-0.225305,2.52081,-4.10547,838867611,-1.057,0.742362,-0.304781,-1.05985,0.744579,-0.282776,-1.04641,0.761809,-0.282776,-1.04361,0.759534,-0.304781,-1.23547,0.881561,-0.345868,-1.23882,0.884171,-0.319967,-1.22296,0.904507,-0.319967,-1.21966,0.901829,-0.345868
-0.00914222,-0.225302,2.73183,-3.63981,838867623,-1.18908,0.504514,-0.304781,-1.19232,0.506092,-0.282776,-1.18276,0.525738,-0.282776,-1.17955,0.524094,-0.304781,-1.39258,0.603587,-0.345868,-1.3964,0.605445,-0.319967,-1.38511,0.628632,-0.319967,-1.38133,0.626697,-0.345868
0.0135743,-0.225104,2.74899,-3.57725,838867624,-1.1988,0.484556,-0.304781,-1.20207,0.486068,-0.282776,-1.19251,0.505715,-0.282776,-1.18927,0.504136,-0.304781,-1.40402,0.580099,-0.345868,-1.40787,0.581879,-0.319967,-1.39658,0.605067,-0.319967,-1.39277,0.603209,-0.345868
0.390761,-0.225298,2.76634,-7.83455,838867625,-1.2058,0.463191,-0.304781,-1.2091,0.464655,-0.282776,-1.20022,0.484623,-0.282776,-1.19696,0.483092,-0.304781,-1.41264,0.555096,-0.345868,-1.41651,0.55682,-0.319967,-1.40604,0.580387,-0.319967,-1.4022,0.578585,-0.345868
-0.0448021,-0.225102,2.78351,-4.72483,838867626,-1.21481,0.442906,-0.304781,-1.21814,0.444303,-0.282776,-1.20927,0.464272,-0.282776,-1.20597,0.462807,-0.304781,-1.42324,0.531224,-0.345868,-1.42716,0.532868,-0.319967,-1.41668,0.556436,-0.319967,-1.41281,0.554713,-0.345868
0.0261259,-0.225297,2.80085,-68.276,838867627,-1.22107,0.421309,-0.304781,-1.22441,0.422658,-0.282776,-1.21624,0.442924,-0.282776,-1.21292,0.441508,-0.304781,-1.43098,0.505935,-0.345868,-1.43492,0.507522,-0.319967,-1.42528,0.531441,-0.319967,-1.42137,0.529774,-0.345868
0.119758,-0.225114,2.88704,2.04288,838867632,-1.254,0.314959,-0.304781,-1.25746,0.316001,-0.282776,-1.25072,0.336788,-0.282776,-1.24729,0.335676,-0.304781,-1.47053,0.380989,-0.345868,-1.47459,0.382215,-0.319967,-1.46664,0.406749,-0.319967,-1.4626,0.405441,-0.345868
0.120292,-0.225302,3.08089,-2.94771,838867643,-1.28993,0.0673974,-0.304781,-1.29351,0.0677717,-0.282776,-1.29124,0.0895047,-0.282776,-1.28767,0.0890575,-0.304781,-1.51504,0.090895,-0.345868,-1.51926,0.0913356,-0.319967,-1.51658,0.116986,-0.319967,-1.51237,0.11646,-0.345868
0.153544,-0.225124,-3.01256,-11.5992,838867654,-1.28068,-0.177222,-0.304781,-1.28427,-0.17755,-0.282776,-1.28582,-0.155753,-0.282776,-1.28222,-0.155499,-0.304781,-1.50617,-0.197117,-0.345868,-1.5104,-0.197503,-0.319967,-1.51222,-0.171778,-0.319967,-1.50799,-0.171478,-0.345868
0.137989,-0.242647,0.0773443,16.9969,838867983,1.28689,0.110746,-0.327834,1.29087,0.110889,-0.305894,1.29165,0.0890515,-0.305894,1.28767,0.0889824,-0.327834,1.51235,0.118804,-0.372793,1.51703,0.118972,-0.346968,1.51795,0.0931984,-0.346968,1.51326,0.0931171,-0.372792
-0.0204529,-0.242644,2.73182,-3.38009,838868135,-1.18908,0.504514,-0.327834,-1.19266,0.506257,-0.305894,-1.1831,0.525903,-0.305894,-1.17955,0.524094,-0.327834,-1.39192,0.603264,-0.372792,-1.39613,0.605316,-0.346968,-1.38484,0.628504,-0.346968,-1.38067,0.626374,-0.372793
-0.0488087,-0.242432,2.74899,-3.86149,838868136,-1.1988,0.484556,-0.327834,-1.20241,0.486233,-0.305894,-1.19285,0.505879,-0.305894,-1.18927,0.504136,-0.327834,-1.40335,0.579777,-0.372792,-1.40761,0.581751,-0.346967,-1.39632,0.604939,-0.346968,-1.3921,0.602887,-0.372792
-0.0344548,-0.242639,2.76633,-3.31292,838868137,-1.2058,0.463191,-0.327834,-1.20944,0.464808,-0.305894,-1.20057,0.484776,-0.305894,-1.19696,0.483092,-0.327834,-1.41196,0.554797,-0.372793,-1.41625,0.5567,-0.346968,-1.40577,0.580268,-0.346968,-1.40153,0.578286,-0.372793
-0.0547442,-0.242429,2.7835,-3.33951,838868138,-1.21481,0.442906,-0.327834,-1.21848,0.444456,-0.305894,-1.20961,0.464424,-0.305894,-1.20597,0.462807,-0.327834,-1.42257,0.530924,-0.372793,-1.42689,0.532749,-0.346968,-1.41642,0.556317,-0.346968,-1.41213,0.554414,-0.372793
-0.0328419,-0.242638,2.80085,-3.68168,838868139,-1.22106,0.421309,-0.327834,-1.22476,0.422798,-0.305894,-1.21659,0.443064,-0.305894,-1.21292,0.441508,-0.327834,-1.4303,0.505659,-0.372793,-1.43465,0.507412,-0.346968,-1.425,0.531331,-0.346968,-1.42069,0.529499,-0.372792
0.704022,-0.242434,2.85252,1.06304,838868142,-1.24243,0.358056,-0.327834,-1.2462,0.359346,-0.305894,-1.23874,0.379885,-0.305894,-1.235,0.378526,-0.327834,-1.45583,0.431356,-0.372792,-1.46026,0.432875,-0.346967,-1.45146,0.457116,-0.346968,-1.44705,0.455517,-0.372792
0.429548,-0.242639,3.1154,-1.41954,838868157,-1.2915,0.0228489,-0.327834,-1.29548,0.0231237,-0.305894,-1.29397,0.0449226,-0.305894,-1.29,0.0445748,-0.327834,-1.51656,0.0384191,-0.372792,-1.52124,0.0387426,-0.346967,-1.51946,0.0644708,-0.346967,-1.51479,0.0640614,-0.372792
0.12615,-0.242453,-3.01257,-3.56175,838868166,-1.28068,-0.177222,-0.327834,-1.28465,-0.177576,-0.305894,-1.28619,-0.15578,-0.305894,-1.28222,-0.155499,-0.327834,-1.50544,-0.197065,-0.372793,-1.51011,-0.197482,-0.346968,-1.51193,-0.171757,-0.346968,-1.50725,-0.171426,-0.372792
0.193149,-0.259962,0.357379,42.916,838868511,1.2062,0.462144,-0.350962,1.21035,0.463493,-0.329094,1.21711,0.442717,-0.329094,1.21295,0.441437,-0.350962,1.41994,0.531773,-0.399779,1.42482,0.533362,-0.374038,1.43281,0.50884,-0.374038,1.4279,0.507333,-0.399779
0.0989811,-0.259744,2.50345,-4.56379,838868634,-1.04504,0.761399,-0.350962,-1.04843,0.764141,-0.329094,-1.0344,0.780891,-0.329094,-1.03106,0.778093,-0.350962,-1.21988,0.902748,-0.399779,-1.22387,0.905976,-0.374038,-1.20731,0.925745,-0.374038,-1.20337,0.922452,-0.399779
-0.0307836,-0.259968,2.73182,-4.28338,838868647,-1.18908,0.504514,-0.350962,-1.193,0.506421,-0.329094,-1.18344,0.526067,-0.329094,-1.17955,0.524094,-0.350962,-1.3912,0.602913,-0.399779,-1.39581,0.605158,-0.374038,-1.38452,0.628345,-0.374038,-1.37995,0.626023,-0.399779
0.0186903,-0.259741,2.74898,-4.16725,838868648,-1.1988,0.484556,-0.350962,-1.20275,0.486397,-0.329094,-1.19318,0.506044,-0.329094,-1.18927,0.504136,-0.350962,-1.40263,0.579425,-0.399779,-1.40728,0.581593,-0.374038,-1.39599,0.60478,-0.374038,-1.39138,0.602535,-0.399779
-0.0322611,-0.259963,2.76633,-4.41934,838868649,-1.2058,0.463191,-0.350962,-1.20978,0.46496,-0.329094,-1.20091,0.484929,-0.329094,-1.19696,0.483092,-0.350962,-1.41123,0.554471,-0.399779,-1.41592,0.556553,-0.374038,-1.40544,0.580121,-0.374038,-1.40079,0.57796,-0.399779
-0.00912952,-0.259739,2.78349,-5.11449,838868650,-1.21481,0.442906,-0.350962,-1.21883,0.444608,-0.329094,-1.20995,0.464577,-0.329094,-1.20597,0.462807,-0.350962,-1.42184,0.530598,-0.399779,-1.42656,0.532602,-0.374038,-1.41609,0.55617,-0.374038,-1.4114,0.554087,-0.399779
-0.0365461,-0.259962,2.80084,-5.22192,838868651,-1.22106,0.421309,-0.350962,-1.22511,0.422939,-0.329094,-1.21694,0.443205,-0.329094,-1.21292,0.441508,-0.350962,-1.42956,0.505359,-0.399779,-1.43431,0.507277,-0.374038,-1.42467,0.531196,-0.374038,-1.41994,0.529198,-0.399779
0.147947,-0.259744,2.85251,8.33222,838868654,-1.24243,0.358056,-0.350962,-1.24655,0.359474,-0.329094,-1.2391,0.380013,-0.329094,-1.235,0.378526,-0.350962,-1.45507,0.431082,-0.399779,-1.45992,0.432752,-0.374038,-1.45112,0.456993,-0.374038,-1.4463,0.455243,-0.399779
0.0958778,-0.259982,2.90438,10.0653,838868657,-1.25796,0.292827,-0.350962,-1.26215,0.294025,-0.329094,-1.25614,0.315034,-0.329094,-1.25198,0.313766,-0.350962,-1.4741,0.354606,-0.399779,-1.47903,0.356016,-0.374038,-1.47194,0.380812,-0.374038,-1.46703,0.37932,-0.399779
0.186072,-0.25978,2.95606,7.13974,838868660,-1.27259,0.227685,-0.350962,-1.27684,0.228665,-0.329094,-1.27157,0.249871,-0.329094,-1.26734,0.248821,-0.350962,-1.4917,0.278068,-0.399779,-1.4967,0.279221,-0.374038,-1.49049,0.30425,-0.374038,-1.48551,0.303013,-0.399779
0.124469,-0.260004,2.97734,-4.34001,838868661,-1.27588,0.200333,-0.350962,-1.28015,0.201236,-0.329094,-1.27562,0.222612,-0.329094,-1.27137,0.221637,-0.350962,-1.4958,0.24693,-0.399779,-1.50081,0.247993,-0.374038,-1.49547,0.273223,-0.374038,-1.49047,0.272076,-0.399779
0.191593,-0.259752,-3.04709,15.0603,838868676,-1.2861,-0.13293,-0.350962,-1.29045,-0.133158,-0.329094,-1.29123,-0.111321,-0.329094,-1.28688,-0.111166,-0.350962,-1.51061,-0.144882,-0.399779,-1.51573,-0.145152,-0.374038,-1.51665,-0.119378,-0.374038,-1.51153,-0.119195,-0.399779
0.221092,-0.277351,2.31371,-34.3901,838869135,-0.881755,0.943778,-0.374308,-0.884816,0.94742,-0.352398,-0.868061,0.961497,-0.352398,-0.865082,0.957787,-0.374308,-1.02582,1.11523,-0.42688,-1.0294,1.1195,-0.4012,-1.0097,1.13606,-0.4012,-1.0062,1.13171,-0.42688
0.216092,-0.277091,2.85251,5.45806,838869166,-1.24243,0.358055,-0.374308,-1.24694,0.359579,-0.352398,-1.23947,0.380149,-0.352398,-1.235,0.378526,-0.374308,-1.45424,0.430871,-0.42688,-1.45953,0.432658,-0.4012,-1.45074,0.456855,-0.4012,-1.4455,0.454952,-0.42688
0.378227,-0.2771,2.88703,-0.245522,838869168,-1.254,0.314958,-0.374308,-1.25856,0.316324,-0.352398,-1.25182,0.337142,-0.352398,-1.24729,0.335676,-0.374308,-1.46823,0.380333,-0.42688,-1.47357,0.381934,-0.4012,-1.46563,0.406423,-0.4012,-1.46033,0.404704,-0.42688
0.262705,-0.277344,2.90437,-9.87611,838869169,-1.25796,0.292828,-0.374308,-1.26253,0.294135,-0.352398,-1.25652,0.315176,-0.352398,-1.25198,0.313767,-0.374308,-1.47328,0.354373,-0.42688,-1.47864,0.355906,-0.4012,-1.47157,0.380657,-0.4012,-1.46624,0.379005,-0.42688
0.165547,-0.277329,3.08087,15.9702,838869179,-1.28993,0.067398,-0.374308,-1.29466,0.0678918,-0.352398,-1.29239,0.089657,-0.352398,-1.28767,0.0890581,-0.374308,-1.51266,0.0906474,-0.42688,-1.51821,0.0912262,-0.4012,-1.51553,0.116829,-0.4012,-1.51,0.116128,-0.42688
0.137272,-0.277333,-3.06427,18.6771,838869187,-1.28689,-0.110746,-0.374308,-1.29165,-0.110916,-0.352398,-1.29243,-0.0890462,-0.352398,-1.28767,-0.0889818,-0.374308,-1.51069,-0.118745,-0.42688,-1.51627,-0.118944,-0.4012,-1.51719,-0.0932179,-0.4012,-1.51161,-0.0931424,-0.42688
0.124169,-0.277112,-3.01258,4.01807,838869190,-1.28068,-0.177223,-0.374308,-1.28542,-0.177664,-0.352398,-1.28696,-0.155835,-0.352398,-1.28222,-0.155499,-0.374308,-1.5038,-0.196864,-0.42688,-1.50935,-0.197382,-0.4012,-1.51117,-0.171703,-0.4012,-1.5056,-0.17131,-0.42688
0.204353,-0.294468,2.88702,-2.99052,838869680,-1.254,0.314958,-0.397732,-1.25891,0.316437,-0.375905,-1.25216,0.337255,-0.375905,-1.24729,0.335676,-0.397732,-1.46736,0.380052,-0.454045,-1.47311,0.381785,-0.428462,-1.46518,0.406274,-0.428462,-1.45946,0.404423,-0.454045
0.422597,-0.294711,3.08086,1.03234,838869691,-1.28993,0.067398,-0.397732,-1.29502,0.0679298,-0.375905,-1.29275,0.089695,-0.375905,-1.28767,0.0890581,-0.397732,-1.51175,0.0905528,-0.454045,-1.51773,0.0911761,-0.428462,-1.51505,0.116779,-0.428462,-1.50909,0.116033,-0.454045
0.325457,-0.311809,2.50343,-48.7107,838870170,-1.04504,0.761399,-0.421251,-1.04932,0.764842,-0.399514,-1.03526,0.781617,-0.399514,-1.03106,0.778093,-0.421251,-1.21773,0.901057,-0.48129,-1.22274,0.905092,-0.455811,-1.20621,0.924825,-0.455811,-1.20128,0.920695,-0.48129
0.152327,-0.311806,2.74896,21.2034,838870184,-1.1988,0.484555,-0.421251,-1.20378,0.486862,-0.399514,-1.1942,0.506538,-0.399514,-1.18927,0.504136,-0.421251,-1.40014,0.578304,-0.48129,-1.40597,0.581008,-0.455811,-1.3947,0.604153,-0.455811,-1.38892,0.601337,-0.48129
0.199127,-0.311819,2.88701,0.0749469,838870192,-1.254,0.314958,-0.421251,-1.25926,0.31655,-0.399514,-1.25251,0.337367,-0.399514,-1.24729,0.335676,-0.421251,-1.46643,0.379752,-0.48129,-1.47259,0.381617,-0.455811,-1.46466,0.406105,-0.455811,-1.45854,0.404123,-0.48129
0.182657,-0.346457,2.50341,-22.7093,838871194,-1.04504,0.761399,-0.468607,-1.04987,0.765307,-0.447065,-1.03582,0.782082,-0.447065,-1.03106,0.778093,-0.468606,-1.21609,0.899686,-0.536045,-1.22175,0.904267,-0.510795,-1.20522,0.924,-0.510795,-1.19964,0.919324,-0.536045
0.107898,-0.381201,2.74893,8.89979,838872232,-1.1988,0.484555,-0.51674,-1.20512,0.487479,-0.49528,-1.19553,0.507183,-0.49528,-1.18927,0.504135,-0.51674,-1.39609,0.576456,-0.591284,-1.40346,0.579866,-0.566263,-1.39223,0.602946,-0.566263,-1.38493,0.599392,-0.591284
-0.0453952,-0.381217,2.88698,-3.65839,838872240,-1.254,0.314958,-0.51674,-1.26067,0.316974,-0.49528,-1.25391,0.337821,-0.49528,-1.24729,0.335675,-0.51674,-1.46217,0.378485,-0.591284,-1.46995,0.380835,-0.566263,-1.46203,0.405255,-0.566263,-1.45431,0.402753,-0.591284
0.145104,-0.381234,2.9215,-26.1852,838872242,-1.26406,0.271483,-0.51674,-1.27079,0.273265,-0.49528,-1.26477,0.294336,-0.49528,-1.25808,0.292423,-0.51674,-1.47432,0.327701,-0.591284,-1.48217,0.329778,-0.566263,-1.47512,0.35446,-0.566263,-1.46731,0.352229,-0.591284
0.163333,-0.381565,2.93884,-9.07915,838872243,-1.26724,0.249229,-0.51674,-1.274,0.250908,-0.49528,-1.26872,0.272176,-0.49528,-1.26199,0.270365,-0.51674,-1.47844,0.301692,-0.591284,-1.48632,0.303649,-0.566263,-1.48013,0.328562,-0.566263,-1.47229,0.32645,-0.591284
0.151551,-0.398929,2.55525,14.0151,838872733,-1.08194,0.705416,-0.540994,-1.08786,0.709708,-0.51965,-1.07499,0.727449,-0.51965,-1.06916,0.723046,-0.540994,-1.2571,0.832452,-0.619063,-1.264,0.837456,-0.594177,-1.24893,0.858237,-0.594177,-1.24213,0.853103,-0.619063
0.204644,-0.398581,-1.47438,52.9948,838872862,0.13547,-1.28588,-0.540994,0.135867,-1.29318,-0.51965,0.113966,-1.29396,-0.51965,0.113706,-1.28666,-0.540994,0.146901,-1.50199,-0.619063,0.147364,-1.5105,-0.594177,0.12171,-1.51141,-0.594177,0.121406,-1.5029,-0.619063
0,-0.415983,2.956,0,838873268,-1.27259,0.227684,-0.565387,-1.28006,0.229397,-0.544164,-1.27477,0.250665,-0.544164,-1.26734,0.24882,-0.565387,-1.48223,0.275912,-0.646959,-1.49093,0.277909,-0.622215,-1.48475,0.302822,-0.622215,-1.47608,0.300671,-0.646959
0.150823,-0.433255,2.43435,7.02479,838873750,-0.99007,0.831685,-0.589926,-0.995924,0.83714,-0.568831,-0.980712,0.852915,-0.56883,-0.974953,0.847362,-0.589926,-1.14651,0.977353,-0.67498,-1.15334,0.983712,-0.650384,-1.13552,1.00219,-0.650384,-1.12881,0.995716,-0.67498
-0.00988468,-0.43327,2.71439,-1.77297,838873766,-1.18134,0.52562,-0.589926,-1.18847,0.52925,-0.568831,-1.1782,0.548606,-0.56883,-1.17113,0.544855,-0.589926,-1.37187,0.622532,-0.67498,-1.38018,0.626764,-0.650384,-1.36815,0.649438,-0.650384,-1.35991,0.645065,-0.67498
-0.00803248,-0.433623,2.73174,-2.39861,838873767,-1.18908,0.504515,-0.589926,-1.19628,0.508017,-0.568831,-1.18668,0.52772,-0.56883,-1.17955,0.524095,-0.589926,-1.38125,0.59807,-0.67498,-1.38963,0.602153,-0.650384,-1.3784,0.625233,-0.650384,-1.37008,0.621007,-0.67498
0.0734073,-0.43326,2.7489,-2.16985,838873768,-1.1988,0.484555,-0.589926,-1.20605,0.487933,-0.568831,-1.19646,0.507637,-0.56883,-1.18927,0.504135,-0.589926,-1.3926,0.574753,-0.67498,-1.40105,0.578693,-0.650384,-1.38982,0.601773,-0.650384,-1.38143,0.59769,-0.67498
-0.0520681,-0.433616,2.76625,-1.78689,838873769,-1.2058,0.463192,-0.589926,-1.21311,0.46644,-0.568831,-1.20421,0.486467,-0.56883,-1.19696,0.483094,-0.589926,-1.40112,0.549979,-0.67498,-1.40964,0.553766,-0.650384,-1.39922,0.577225,-0.650384,-1.39076,0.573291,-0.67498
-0.0667959,-0.433255,2.78342,-1.88941,838873770,-1.21481,0.442905,-0.589926,-1.22218,0.446028,-0.568831,-1.21328,0.466055,-0.56883,-1.20597,0.462806,-0.589926,-1.41165,0.52628,-0.67498,-1.42023,0.529922,-0.650384,-1.40981,0.55338,-0.650384,-1.40129,0.549593,-0.67498
-0.0439107,-0.433614,2.80077,-3.4407,838873771,-1.22106,0.421311,-0.589926,-1.22848,0.424302,-0.568831,-1.22029,0.444627,-0.56883,-1.21292,0.441509,-0.589926,-1.41929,0.501223,-0.67498,-1.42794,0.50471,-0.650384,-1.41834,0.528518,-0.650384,-1.40975,0.524883,-0.67498
0.13515,-0.433257,2.81793,19.4698,838873772,-1.22937,0.400721,-0.589926,-1.23684,0.403585,-0.568831,-1.22864,0.42391,-0.56883,-1.22122,0.420919,-0.589926,-1.42899,0.477171,-0.67498,-1.4377,0.48051,-0.650384,-1.4281,0.504318,-0.650384,-1.41945,0.500831,-0.67498
0.100257,-0.433618,2.83528,18.0761,838873773,-1.23486,0.378922,-0.589926,-1.24238,0.381652,-0.56883,-1.2349,0.402251,-0.568831,-1.22742,0.399392,-0.589926,-1.43575,0.451862,-0.67498,-1.44452,0.455045,-0.650384,-1.43576,0.479174,-0.650384,-1.42705,0.475841,-0.67498
-0.267149,-0.433264,2.85244,-1.34891,838873774,-1.24243,0.358054,-0.589926,-1.25,0.360656,-0.568831,-1.24252,0.381255,-0.56883,-1.235,0.378525,-0.589926,-1.4446,0.427486,-0.67498,-1.45343,0.430519,-0.650384,-1.44467,0.454648,-0.650384,-1.4359,0.451465,-0.67498
0.123651,-0.433286,3.02894,33.1718,838873784,-1.28595,0.134329,-0.589926,-1.29386,0.135579,-0.568831,-1.29006,0.157163,-0.56883,-1.28219,0.155779,-0.589926,-1.4971,0.167627,-0.67498,-1.50632,0.169083,-0.650384,-1.50188,0.194367,-0.650384,-1.49269,0.192753,-0.67498
0.165379,-0.455653,2.41718,-14.464,838874261,-0.97466,0.847667,-0.621349,-0.980663,0.853456,-0.60039,-0.965432,0.869251,-0.60039,-0.959543,0.863344,-0.621349,-1.12754,0.995082,-0.709718,-1.1345,1.00179,-0.685425,-1.11675,1.0202,-0.685425,-1.10992,1.01335,-0.709718
0.233477,-0.455276,2.43435,4.0328,838874262,-0.990071,0.831685,-0.621349,-0.996189,0.837354,-0.60039,-0.980958,0.85315,-0.60039,-0.974954,0.847361,-0.621348,-1.14545,0.976505,-0.709718,-1.15255,0.983076,-0.685425,-1.13479,1.00149,-0.685425,-1.12783,0.994777,-0.709718
0.106945,-0.455651,2.45169,16.2704,838874263,-1.00333,0.813532,-0.621349,-1.00953,0.819107,-0.60039,-0.99486,0.835426,-0.60039,-0.988768,0.829727,-0.621349,-1.16126,0.955518,-0.709718,-1.16845,0.961981,-0.685425,-1.15135,0.981,-0.685425,-1.14429,0.974395,-0.709718
0,-0.455292,2.71439,0,838874278,-1.18134,0.525619,-0.621349,-1.18878,0.529383,-0.60039,-1.1785,0.548765,-0.60039,-1.17113,0.544855,-0.621348,-1.37062,0.622009,-0.709718,-1.37924,0.626372,-0.685425,-1.36725,0.648962,-0.685425,-1.35872,0.64443,-0.709718
0,-0.45566,2.73173,0,838874279,-1.18908,0.504516,-0.621349,-1.19658,0.508166,-0.60039,-1.18698,0.527895,-0.60039,-1.17955,0.524096,-0.621349,-1.38003,0.597479,-0.709718,-1.38872,0.60171,-0.685425,-1.37753,0.624705,-0.685425,-1.36892,0.620301,-0.709718
0,-0.455281,2.7489,0,838874280,-1.1988,0.484554,-0.621348,-1.20637,0.488056,-0.60039,-1.19677,0.507785,-0.60039,-1.18927,0.504134,-0.621349,-1.39133,0.574275,-0.709718,-1.4001,0.578334,-0.685425,-1.38891,0.601329,-0.685425,-1.38022,0.597098,-0.709719
0,-0.455653,2.76624,0,838874281,-1.2058,0.463193,-0.621349,-1.21342,0.466579,-0.60039,-1.20451,0.486632,-0.60039,-1.19696,0.483094,-0.621348,-1.39988,0.54943,-0.709718,-1.40871,0.553355,-0.685425,-1.39833,0.576727,-0.685425,-1.38957,0.572627,-0.709718
0,-0.455276,2.78342,0,838874282,-1.21482,0.442904,-0.621349,-1.2225,0.446139,-0.60039,-1.21359,0.466192,-0.60039,-1.20597,0.462805,-0.621349,-1.41036,0.525846,-0.709718,-1.41927,0.529596,-0.685425,-1.40889,0.552968,-0.685425,-1.40005,0.549043,-0.709719
0.04822,-0.455651,2.80076,67.5456,838874283,-1.22106,0.421311,-0.621349,-1.2288,0.42443,-0.60039,-1.22059,0.444781,-0.60039,-1.21292,0.44151,-0.621349,-1.41804,0.500718,-0.709718,-1.427,0.504332,-0.685425,-1.41744,0.528053,-0.685425,-1.40855,0.524261,-0.709718
0.0250292,-0.455278,2.81793,-1.97496,838874284,-1.22937,0.40072,-0.621349,-1.23716,0.403685,-0.60039,-1.22896,0.424036,-0.60039,-1.22122,0.420918,-0.621349,-1.42769,0.476782,-0.709718,-1.43672,0.480219,-0.685425,-1.42716,0.503939,-0.685425,-1.4182,0.500325,-0.709718
-0.0172977,-0.455656,2.83527,-1.5216,838874285,-1.23486,0.378923,-0.621349,-1.2427,0.381769,-0.60039,-1.23521,0.402394,-0.60039,-1.22742,0.399393,-0.621349,-1.43448,0.451401,-0.709718,-1.44357,0.4547,-0.685425,-1.43484,0.47874,-0.685425,-1.42582,0.475261,-0.709718
0.454643,-0.455285,2.85244,-9.25497,838874286,-1.24243,0.358054,-0.621349,-1.25033,0.360744,-0.60039,-1.24284,0.38137,-0.60039,-1.235,0.378524,-0.621349,-1.44329,0.427143,-0.709718,-1.45244,0.430262,-0.685425,-1.44371,0.454302,-0.685425,-1.43463,0.451003,-0.709718
-0.0252759,-0.455666,2.86978,-2.27253,838874287,-1.24716,0.336078,-0.621349,-1.25509,0.338648,-0.60039,-1.24833,0.359523,-0.60039,-1.24045,0.356795,-0.621349,-1.4492,0.40154,-0.709718,-1.45839,0.40452,-0.685425,-1.45051,0.42885,-0.685425,-1.44137,0.425688,-0.709718
0.199671,-0.45566,-2.50426,51.1768,838874339,-1.03146,-0.777517,-0.621348,-1.03837,-0.782186,-0.60039,-1.05066,-0.764003,-0.60039,-1.04366,-0.759471,-0.621349,-1.20745,-0.896402,-0.709718,-1.21546,-0.901814,-0.685425,-1.22977,-0.880621,-0.685425,-1.22166,-0.875368,-0.709719
0.218068,-0.472937,0.288264,43.6689,838874651,1.23519,0.377846,-0.646196,1.24359,0.379948,-0.62537,1.24892,0.358661,-0.62537,1.24047,0.356719,-0.646196,1.43986,0.429031,-0.737862,1.4496,0.431468,-0.713722,1.45581,0.406657,-0.713722,1.44602,0.404406,-0.737862
0,-0.472556,2.71438,0,838874790,-1.18134,0.525619,-0.646197,-1.18907,0.529536,-0.62537,-1.17878,0.548917,-0.62537,-1.17113,0.544855,-0.646196,-1.36938,0.621352,-0.737862,-1.37834,0.625892,-0.713722,-1.36635,0.648482,-0.713722,-1.35748,0.643773,-0.737862
0,-0.472937,2.73172,0,838874791,-1.18908,0.504516,-0.646197,-1.19687,0.508308,-0.62537,-1.18727,0.528038,-0.62537,-1.17955,0.524096,-0.646196,-1.37877,0.596865,-0.737862,-1.3878,0.601262,-0.713722,-1.37661,0.624257,-0.713722,-1.36766,0.619688,-0.737862
0,-0.472545,2.7489,0,838874792,-1.1988,0.484554,-0.646196,-1.20666,0.488198,-0.62537,-1.19706,0.507927,-0.62537,-1.18927,0.504134,-0.646197,-1.39007,0.573661,-0.737862,-1.39918,0.577885,-0.713722,-1.38799,0.60088,-0.713722,-1.37896,0.596484,-0.737862
0,-0.472929,2.76624,0,838874793,-1.2058,0.463193,-0.646197,-1.21372,0.466711,-0.62537,-1.20481,0.486764,-0.62537,-1.19696,0.483094,-0.646196,-1.3986,0.548861,-0.737862,-1.40778,0.55294,-0.713722,-1.39739,0.576311,-0.713722,-1.38829,0.572058,-0.737862
0,-0.47254,2.78341,0,838874794,-1.21482,0.442904,-0.646196,-1.2228,0.446271,-0.62537,-1.21389,0.466324,-0.62537,-1.20597,0.462805,-0.646196,-1.40908,0.525277,-0.737862,-1.41833,0.52918,-0.713722,-1.40795,0.552552,-0.713722,-1.39877,0.548474,-0.737862
0.102948,-0.472927,2.80075,6.32713,838874795,-1.22106,0.421311,-0.646196,-1.2291,0.424551,-0.62537,-1.2209,0.444903,-0.62537,-1.21292,0.44151,-0.646196,-1.41674,0.500194,-0.737862,-1.42605,0.503949,-0.713722,-1.41649,0.52767,-0.713722,-1.40725,0.523737,-0.737862
0.0368968,-0.472541,2.81792,-2.89829,838874796,-1.22937,0.40072,-0.646197,-1.23746,0.403806,-0.62537,-1.22926,0.424158,-0.62537,-1.22122,0.420918,-0.646196,-1.42639,0.476258,-0.737862,-1.43577,0.479836,-0.713722,-1.42621,0.503556,-0.713722,-1.4169,0.499801,-0.737862
3.00102,-0.472932,2.83526,0.468164,838874797,-1.23486,0.378923,-0.646197,-1.243,0.38188,-0.62537,-1.23551,0.402505,-0.62537,-1.22742,0.399393,-0.646196,-1.43317,0.450923,-0.737862,-1.44261,0.45435,-0.713722,-1.43388,0.47839,-0.713722,-1.4245,0.474783,-0.737862
2.20413,-0.472549,2.85244,0.199605,838874798,-1.24243,0.358054,-0.646197,-1.25063,0.360855,-0.62537,-1.24315,0.381481,-0.62537,-1.235,0.378524,-0.646196,-1.44197,0.426665,-0.737862,-1.45148,0.429912,-0.713722,-1.44275,0.453952,-0.713722,-1.43331,0.450524,-0.737862
0.0357135,-0.472943,2.86978,-2.11056,838874799,-1.24716,0.336078,-0.646197,-1.2554,0.338749,-0.62537,-1.24864,0.359623,-0.62537,-1.24045,0.356795,-0.646196,-1.44786,0.401108,-0.737862,-1.45742,0.404204,-0.713722,-1.44953,0.428534,-0.713722,-1.44004,0.425256,-0.737862
0.116077,-0.472929,3.1153,2.26095,838874813,-1.2915,0.0228511,-0.646197,-1.30015,0.0234491,-0.62537,-1.29863,0.0453399,-0.62537,-1.29,0.044577,-0.646196,-1.50197,0.037412,-0.737862,-1.51199,0.0381052,-0.713722,-1.51023,0.0636195,-0.713722,-1.50022,0.0627352,-0.737862
0.121317,-0.49023,2.31362,32.5122,838875279,-0.881754,0.943779,-0.671209,-0.887536,0.95066,-0.65052,-0.870736,0.964776,-0.65052,-0.865081,0.957788,-0.671209,-1.01654,1.10419,-0.766148,-1.02324,1.11217,-0.742167,-1.00366,1.12862,-0.742167,-0.997104,1.12052,-0.766148
0,-0.489801,2.71437,0,838875302,-1.18134,0.525619,-0.671209,-1.18936,0.529687,-0.65052,-1.17907,0.549069,-0.65052,-1.17113,0.544855,-0.671209,-1.3681,0.620671,-0.766148,-1.37739,0.625387,-0.742167,-1.3654,0.647977,-0.742167,-1.35619,0.643092,-0.766148
0,-0.490193,2.73172,0,838875303,-1.18908,0.504516,-0.671209,-1.19716,0.50845,-0.65052,-1.18756,0.528179,-0.65052,-1.17955,0.524096,-0.671209,-1.37746,0.596229,-0.766148,-1.38683,0.60079,-0.742167,-1.37564,0.623785,-0.742167,-1.36635,0.619052,-0.766148
0,-0.489789,2.74889,0,838875304,-1.1988,0.484554,-0.671209,-1.20695,0.48834,-0.65052,-1.19735,0.508069,-0.65052,-1.18927,0.504134,-0.671209,-1.38876,0.573026,-0.766148,-1.39821,0.577414,-0.742167,-1.38702,0.600409,-0.742167,-1.37765,0.595848,-0.766148
0,-0.490185,2.76623,0,838875305,-1.2058,0.463193,-0.671209,-1.21401,0.466843,-0.65052,-1.2051,0.486895,-0.65052,-1.19696,0.483094,-0.671209,-1.39727,0.548271,-0.766148,-1.40679,0.552502,-0.742167,-1.39641,0.575874,-0.742167,-1.38696,0.571468,-0.766148
0,-0.489784,2.7834,0,838875306,-1.21481,0.442904,-0.671209,-1.2231,0.446403,-0.65052,-1.21419,0.466455,-0.65052,-1.20597,0.462805,-0.671209,-1.40775,0.524687,-0.766148,-1.41735,0.528742,-0.742167,-1.40696,0.552114,-0.742167,-1.39744,0.547884,-0.766148
0.220234,-0.490183,2.80075,8.66774,838875307,-1.22106,0.421311,-0.671209,-1.2294,0.424672,-0.65052,-1.2212,0.445024,-0.65052,-1.21292,0.44151,-0.671209,-1.41539,0.499651,-0.766148,-1.42505,0.503546,-0.742167,-1.41549,0.527266,-0.742167,-1.4059,0.523193,-0.766148
3.12202,-0.489786,2.81791,-0.0923486,838875308,-1.22937,0.40072,-0.671209,-1.23776,0.403927,-0.65052,-1.22956,0.424279,-0.65052,-1.22122,0.420918,-0.671209,-1.42504,0.475715,-0.766148,-1.43477,0.479433,-0.742167,-1.42521,0.503153,-0.742167,-1.41555,0.499258,-0.766148
1.72087,-0.490188,2.83526,-1.24799,838875309,-1.23486,0.378923,-0.671209,-1.24331,0.38199,-0.65052,-1.23582,0.402616,-0.65052,-1.22742,0.399393,-0.671209,-1.4318,0.450427,-0.766148,-1.44159,0.453983,-0.742167,-1.43286,0.478022,-0.742167,-1.42314,0.474287,-0.766148
2.29042,-0.489794,2.85243,0.120338,838875310,-1.24243,0.358054,-0.671209,-1.25094,0.360966,-0.65052,-1.24345,0.381591,-0.65052,-1.235,0.378524,-0.671209,-1.44061,0.426169,-0.766148,-1.45047,0.429544,-0.742167,-1.44174,0.453584,-0.742167,-1.43194,0.450029,-0.766148
0.133651,-0.4902,2.86977,16.2946,838875311,-1.24716,0.336078,-0.671209,-1.25571,0.338848,-0.65052,-1.24895,0.359723,-0.65052,-1.24045,0.356795,-0.671209,-1.44648,0.40066,-0.766148,-1.45639,0.403872,-0.742167,-1.44851,0.428202,-0.742167,-1.43866,0.424808,-0.766148
0.128202,-0.490242,-0.900922,9.53491,838875455,0.810562,-1.00549,-0.671209,0.815851,-1.01276,-0.65052,0.79811,-1.02567,-0.65052,0.792954,-1.01831,-0.671209,0.933864,-1.17489,-0.766148,0.939995,-1.18331,-0.742167,0.919317,-1.19836,-0.742167,0.913341,-1.18983,-0.766148
-0.0643483,-0.489858,-0.883749,-3.03264,838875456,0.828512,-0.992423,-0.671209,0.833935,-0.999593,-0.65052,0.816194,-1.01251,-0.65052,0.810905,-1.00524,-0.671209,0.954729,-1.1597,-0.766148,0.961015,-1.16801,-0.742167,0.940337,-1.18306,-0.742167,0.934206,-1.17464,-0.766148
0.0268452,-0.490257,-0.862486,-3.07137,838875457,0.848611,-0.973588,-0.671209,0.85415,-0.980667,-0.65052,0.836867,-0.994188,-0.65052,0.831459,-0.987007,-0.671209,0.977711,-1.13861,-0.766148,0.98413,-1.14682,-0.742167,0.963987,-1.16258,-0.742167,0.957718,-1.15425,-0.766148
0.0466266,-0.489843,-0.845316,-3.70038,838875458,0.866098,-0.959908,-0.671209,0.871766,-0.966885,-0.65052,0.854483,-0.980406,-0.65052,0.848945,-0.973327,-0.671209,0.998038,-1.12271,-0.766148,1.00461,-1.1308,-0.742167,0.984464,-1.14656,-0.742167,0.978045,-1.13835,-0.766148
0.124034,-0.49023,-0.827969,22.8275,838875459,0.881754,-0.943779,-0.671209,0.887536,-0.95066,-0.65052,0.870736,-0.964776,-0.65052,0.865081,-0.957788,-0.671209,1.01654,-1.10419,-0.766148,1.02324,-1.11217,-0.742167,1.00366,-1.12862,-0.742167,0.997104,-1.12052,-0.766148
-0.0320977,-0.489819,-0.810799,-3.70791,838875460,0.898752,-0.929496,-0.671209,0.904661,-0.936271,-0.65052,0.887861,-0.950387,-0.65052,0.882079,-0.943506,-0.671209,1.0363,-1.08759,-0.766148,1.04315,-1.09544,-0.742167,1.02357,-1.1119,-0.742167,1.01686,-1.10392,-0.766148
0.0139851,-0.490208,-0.793453,72.382,838875461,0.913836,-0.91283,-0.671209,0.919855,-0.919505,-0.65052,0.903558,-0.934199,-0.65052,0.897662,-0.927413,-0.671209,1.05414,-1.06844,-0.766148,1.06112,-1.07618,-0.742167,1.04212,-1.0933,-0.742167,1.03529,-1.08544,-0.766148
0.0477398,-0.489801,-0.776284,-3.02331,838875462,0.930325,-0.897963,-0.671209,0.936466,-0.904527,-0.65052,0.92017,-0.919221,-0.65052,0.914151,-0.912546,-0.671209,1.07331,-1.05116,-0.766148,1.08043,-1.05877,-0.742167,1.06143,-1.07589,-0.742167,1.05446,-1.06815,-0.766148
0.111443,-0.490193,-0.758939,0.254945,838875463,0.944817,-0.880779,-0.671209,0.951065,-0.887241,-0.65052,0.935292,-0.902495,-0.65052,0.929162,-0.895919,-0.671209,1.09047,-1.03139,-0.766148,1.09771,-1.03888,-0.742167,1.07933,-1.05666,-0.742167,1.07222,-1.04904,-0.766148
0.262794,-0.507482,0.495336,48.6995,838875687,1.13097,0.623646,-0.696394,1.13933,0.627734,-0.675848,1.14897,0.60802,-0.675848,1.14053,0.604081,-0.696394,1.31785,0.714999,-0.794583,1.32755,0.719737,-0.770768,1.33878,0.69676,-0.770768,1.329,0.692194,-0.794583
0.132598,-0.507086,2.6069,57.7746,838875808,-1.11798,0.649205,-0.696394,-1.12579,0.654267,-0.675848,-1.11354,0.672469,-0.675848,-1.10581,0.66727,-0.696394,-1.29255,0.762386,-0.794583,-1.3016,0.768253,-0.770768,-1.28732,0.789469,-0.770768,-1.27837,0.783443,-0.794583
0,-0.507027,2.71437,0,838875814,-1.18134,0.525619,-0.696394,-1.18964,0.529838,-0.675848,-1.17935,0.549219,-0.675848,-1.17113,0.544855,-0.696394,-1.36677,0.619966,-0.794583,-1.37639,0.624856,-0.770768,-1.3644,0.647446,-0.770768,-1.35487,0.642387,-0.794583
0,-0.507431,2.73171,0,838875815,-1.18908,0.504516,-0.696394,-1.19745,0.50859,-0.675848,-1.18785,0.52832,-0.675848,-1.17955,0.524096,-0.696394,-1.37611,0.595571,-0.794583,-1.38581,0.600295,-0.770768,-1.37462,0.623289,-0.770768,-1.365,0.618394,-0.794583
0,-0.507015,2.74888,0,838875816,-1.1988,0.484554,-0.696394,-1.20724,0.48848,-0.675848,-1.19764,0.508209,-0.675848,-1.18927,0.504134,-0.696394,-1.38741,0.572367,-0.794583,-1.3972,0.576918,-0.770768,-1.386,0.599913,-0.770768,-1.3763,0.59519,-0.794583
0,-0.507423,2.76623,0,838875817,-1.2058,0.463193,-0.696394,-1.21431,0.466973,-0.675848,-1.2054,0.487026,-0.675848,-1.19696,0.483094,-0.696394,-1.3959,0.547661,-0.794583,-1.40576,0.552042,-0.770768,-1.39537,0.575414,-0.770768,-1.38559,0.570858,-0.794583
0,-0.50701,2.78339,0,838875818,-1.21482,0.442904,-0.696394,-1.22339,0.446533,-0.675848,-1.21448,0.466585,-0.675848,-1.20597,0.462805,-0.696394,-1.40638,0.524077,-0.794583,-1.41632,0.528283,-0.770768,-1.40593,0.551655,-0.770768,-1.39607,0.547273,-0.794583
0.0794867,-0.507421,2.80074,-7.72651,838875819,-1.22106,0.421311,-0.696394,-1.2297,0.424792,-0.675848,-1.22149,0.445144,-0.675848,-1.21292,0.44151,-0.696394,-1.414,0.499089,-0.794583,-1.424,0.503123,-0.770768,-1.41444,0.526844,-0.770768,-1.4045,0.522631,-0.794583
0.126683,-0.507012,2.81791,-3.34943,838875820,-1.22937,0.40072,-0.696394,-1.23806,0.404047,-0.675848,-1.22986,0.424399,-0.675848,-1.22122,0.420918,-0.696394,-1.42364,0.475153,-0.794583,-1.43372,0.47901,-0.770768,-1.42416,0.50273,-0.770768,-1.41415,0.498695,-0.794583
0.137219,-0.507426,2.83525,12.149,838875821,-1.23486,0.378923,-0.696394,-1.24361,0.382099,-0.675848,-1.23612,0.402725,-0.675848,-1.22742,0.399393,-0.696394,-1.43039,0.449914,-0.794583,-1.44053,0.453596,-0.770768,-1.4318,0.477636,-0.770768,-1.42172,0.473774,-0.794583
0.13203,-0.50702,2.85242,18.2558,838875822,-1.24243,0.358054,-0.696394,-1.25124,0.361075,-0.675848,-1.24375,0.381701,-0.675848,-1.235,0.378524,-0.696394,-1.43919,0.425656,-0.794583,-1.4494,0.429158,-0.770768,-1.44067,0.453198,-0.770768,-1.43053,0.449516,-0.794583
-0.0174069,-0.507438,2.86977,-2.28706,838875823,-1.24716,0.336078,-0.696394,-1.25602,0.338947,-0.675848,-1.24925,0.359822,-0.675848,-1.24045,0.356795,-0.696394,-1.44505,0.400197,-0.794583,-1.45532,0.403523,-0.770768,-1.44743,0.427853,-0.770768,-1.43723,0.424345,-0.794583
0.154195,-0.507071,2.9944,22.0565,838875830,-1.28049,0.178615,-0.696394,-1.28963,0.180383,-0.675848,-1.28508,0.20185,-0.675848,-1.27597,0.19992,-0.696394,-1.48473,0.218208,-0.794583,-1.49533,0.220257,-0.770768,-1.49003,0.245277,-0.770768,-1.47947,0.24304,-0.794583
0.221074,-0.507027,3.06343,1.63292,838875834,-1.28987,0.089878,-0.696394,-1.29911,0.0910035,-0.675848,-1.29607,0.112735,-0.675848,-1.28685,0.111446,-0.696394,-1.49638,0.115116,-0.794583,-1.5071,0.11642,-0.770768,-1.50355,0.141749,-0.770768,-1.49287,0.140255,-0.794583
0.0181596,-0.507482,-0.900927,-3.02426,838875967,0.810562,-1.00549,-0.696394,0.81604,-1.01302,-0.675848,0.798299,-1.02593,-0.675848,0.792954,-1.01831,-0.696394,0.932979,-1.17367,-0.794583,0.939329,-1.1824,-0.770768,0.918651,-1.19745,-0.770768,0.912456,-1.18861,-0.794583
-0.0277576,-0.507086,-0.883756,-2.30801,838875968,0.828512,-0.992423,-0.696394,0.834124,-0.999853,-0.675848,0.816383,-1.01277,-0.675848,0.810905,-1.00524,-0.696394,0.953845,-1.15849,-0.794583,0.96035,-1.1671,-0.770768,0.939672,-1.18215,-0.770768,0.933322,-1.17342,-0.794583
0.322502,-0.507497,-0.862491,-11.7089,838875969,0.848611,-0.973588,-0.696394,0.854347,-0.98092,-0.675848,0.837065,-0.994441,-0.675848,0.831459,-0.987007,-0.696394,0.976785,-1.13743,-0.794583,0.983433,-1.14593,-0.770768,0.96329,-1.16168,-0.770768,0.956792,-1.15307,-0.794583
0.912563,-0.507071,-0.845324,-0.0707092,838875970,0.866098,-0.959908,-0.696394,0.871964,-0.967138,-0.675848,0.854681,-0.980659,-0.675848,0.848945,-0.973327,-0.696394,0.997111,-1.12153,-0.794583,1.00391,-1.12991,-0.770768,0.983767,-1.14566,-0.770768,0.977119,-1.13717,-0.794583
-0.0159364,-0.507469,-0.827974,-2.46384,838875971,0.881754,-0.943779,-0.696394,0.887743,-0.950906,-0.675848,0.870943,-0.965022,-0.675848,0.865081,-0.957788,-0.696394,1.01557,-1.10304,-0.794583,1.02251,-1.1113,-0.770768,1.00293,-1.12776,-0.770768,0.996137,-1.11937,-0.794583
-0.0128589,-0.507046,-0.810807,-2.73052,838875972,0.898752,-0.929496,-0.696394,0.904867,-0.936517,-0.675848,0.888067,-0.950633,-0.675848,0.882079,-0.943506,-0.696394,1.03533,-1.08644,-0.794583,1.04242,-1.09458,-0.770768,1.02284,-1.11103,-0.770768,1.0159,-1.10277,-0.794583
0.0714636,-0.507447,-0.793459,-2.04653,838875973,0.913836,-0.91283,-0.696394,0.92007,-0.919744,-0.675848,0.903773,-0.934438,-0.675848,0.897662,-0.927413,-0.696394,1.05313,-1.06732,-0.794583,1.06036,-1.07534,-0.770768,1.04137,-1.09246,-0.770768,1.03428,-1.08432,-0.794583
-0.0196519,-0.507027,-0.776292,-3.8018,838875974,0.930325,-0.897963,-0.696394,0.936681,-0.904766,-0.675848,0.920385,-0.91946,-0.675848,0.914151,-0.912546,-0.696394,1.0723,-1.05004,-0.794583,1.07967,-1.05793,-0.770768,1.06067,-1.07505,-0.770768,1.05345,-1.06704,-0.794583
-0.112219,-0.507431,-0.758945,-3.59529,838875975,0.944817,-0.880779,-0.696394,0.951288,-0.887471,-0.675848,0.935515,-0.902726,-0.675848,0.929162,-0.895919,-0.696394,1.08943,-1.03031,-0.794583,1.09693,-1.03807,-0.770768,1.07854,-1.05585,-0.770768,1.07118,-1.04796,-0.794583
0.157737,-0.524282,2.64533,5.08096,838876322,-1.14217,0.605796,-0.721761,-1.15043,0.610752,-0.701362,-1.13881,0.629368,-0.701362,-1.13064,0.624272,-0.721761,-1.31924,0.712035,-0.823177,-1.32881,0.71778,-0.799532,-1.31527,0.739478,-0.799532,-1.30581,0.73357,-0.823177
0,-0.524237,2.71436,0,838876326,-1.18134,0.525619,-0.721761,-1.18992,0.529987,-0.701362,-1.17963,0.549369,-0.701362,-1.17113,0.544855,-0.721761,-1.3654,0.619238,-0.823177,-1.37534,0.624301,-0.799532,-1.36335,0.646891,-0.799532,-1.35349,0.641659,-0.823177
0,-0.524652,2.73171,0,838876327,-1.18908,0.504516,-0.721761,-1.19774,0.50873,-0.701362,-1.18813,0.528459,-0.701362,-1.17955,0.524096,-0.721761,-1.37472,0.594891,-0.823176,-1.38475,0.599776,-0.799532,-1.37355,0.622771,-0.799532,-1.3636,0.617714,-0.823176
0,-0.524224,2.74887,0,838876328,-1.1988,0.484554,-0.721761,-1.20753,0.48862,-0.701362,-1.19792,0.508349,-0.701362,-1.18927,0.504134,-0.721761,-1.38601,0.571687,-0.823177,-1.39613,0.5764,-0.799532,-1.38494,0.599395,-0.799532,-1.3749,0.59451,-0.823177
0,-0.524643,2.76622,0,838876329,-1.2058,0.463193,-0.721761,-1.2146,0.467102,-0.701362,-1.20569,0.487155,-0.701362,-1.19696,0.483094,-0.721761,-1.39448,0.54703,-0.823177,-1.40468,0.551561,-0.799532,-1.39429,0.574933,-0.799532,-1.38417,0.570227,-0.823177
0,-0.524219,2.78339,0,838876330,-1.21481,0.442904,-0.721761,-1.22368,0.446662,-0.701362,-1.21477,0.466715,-0.701362,-1.20597,0.462805,-0.721761,-1.40496,0.523446,-0.823176,-1.41523,0.527802,-0.799532,-1.40485,0.551174,-0.799532,-1.39465,0.546642,-0.823176
-0.0280505,-0.524642,2.80073,-4.38365,838876331,-1.22106,0.421311,-0.721761,-1.22999,0.424911,-0.701362,-1.22179,0.445263,-0.701362,-1.21292,0.44151,-0.721761,-1.41255,0.498508,-0.823177,-1.4229,0.50268,-0.799532,-1.41334,0.526401,-0.799532,-1.40306,0.52205,-0.823177
0.0744541,-0.524221,2.8179,15.7367,838876332,-1.22937,0.40072,-0.721761,-1.23836,0.404166,-0.701362,-1.23015,0.424518,-0.701362,-1.22122,0.420918,-0.721761,-1.4222,0.474572,-0.823177,-1.43263,0.478567,-0.799532,-1.42306,0.502287,-0.799532,-1.41271,0.498115,-0.823176
0.0899298,-0.524647,2.83525,15.5163,838876333,-1.23486,0.378923,-0.721761,-1.24391,0.382208,-0.701362,-1.23642,0.402834,-0.701362,-1.22742,0.399393,-0.721761,-1.42893,0.449384,-0.823177,-1.43942,0.453192,-0.799532,-1.43069,0.477232,-0.799532,-1.42026,0.473244,-0.823177
-0.0817364,-0.524229,2.85241,-4.72414,838876334,-1.24243,0.358054,-0.721761,-1.25154,0.361184,-0.701362,-1.24405,0.38181,-0.701362,-1.235,0.378524,-0.721761,-1.43773,0.425125,-0.823177,-1.44829,0.428754,-0.799532,-1.43956,0.452794,-0.799532,-1.42907,0.448985,-0.823177
-0.00176068,-0.524659,2.86976,-4.64034,838876335,-1.24716,0.336078,-0.721761,-1.25632,0.339045,-0.701362,-1.24956,0.35992,-0.701362,-1.24045,0.356795,-0.721761,-1.44357,0.399718,-0.823177,-1.45419,0.403158,-0.799532,-1.44631,0.427488,-0.799532,-1.43575,0.423866,-0.823177
0.101085,-0.524297,2.95596,53.4276,838876340,-1.27259,0.227683,-0.721761,-1.28198,0.229844,-0.701362,-1.27669,0.25114,-0.701362,-1.26734,0.248819,-0.721761,-1.47384,0.273957,-0.823177,-1.48472,0.276462,-0.799532,-1.47855,0.301283,-0.799532,-1.46772,0.298592,-0.823177
0.10398,-0.524691,-2.92237,23.617,838876363,-1.25821,-0.291732,-0.721761,-1.26769,-0.29341,-0.701362,-1.27152,-0.271803,-0.701362,-1.26201,-0.270288,-0.721761,-1.46152,-0.327719,-0.823177,-1.47251,-0.329664,-0.799532,-1.47696,-0.304481,-0.799532,-1.46594,-0.302724,-0.823177
-0.026663,-0.524704,-0.900932,-3.96905,838876479,0.810562,-1.00549,-0.721761,0.816228,-1.01327,-0.701362,0.798487,-1.02619,-0.701362,0.792954,-1.01831,-0.721761,0.932065,-1.17242,-0.823177,0.938632,-1.18144,-0.799532,0.917954,-1.19649,-0.799532,0.911542,-1.18735,-0.823177
0.130975,-0.524297,-0.883763,-31.8213,838876480,0.828512,-0.992423,-0.721761,0.834312,-1.00011,-0.701362,0.816571,-1.01302,-0.701362,0.810905,-1.00524,-0.721761,0.95293,-1.15723,-0.823177,0.959653,-1.16614,-0.799532,0.938975,-1.18119,-0.799532,0.932407,-1.17217,-0.823177
1.39018,-0.52472,-0.862497,-1.02956,838876481,0.848611,-0.973588,-0.721761,0.854544,-0.981171,-0.701362,0.837261,-0.994692,-0.701362,0.831459,-0.987007,-0.721761,0.975827,-1.1362,-0.823177,0.982704,-1.14499,-0.799532,0.96256,-1.16075,-0.799532,0.955835,-1.15184,-0.823177
0.329722,-0.524282,-0.845331,3.08566,838876482,0.866098,-0.959908,-0.721761,0.87216,-0.967389,-0.701362,0.854878,-0.98091,-0.701362,0.848945,-0.973327,-0.721761,0.996154,-1.1203,-0.823177,1.00318,-1.12897,-0.799532,0.983037,-1.14473,-0.799532,0.976161,-1.13594,-0.823177
0.0330236,-0.524691,-0.82798,-4.03692,838876483,0.881754,-0.943779,-0.721761,0.887948,-0.95115,-0.701362,0.871148,-0.965266,-0.701362,0.865081,-0.957788,-0.721761,1.01457,-1.10185,-0.823177,1.02175,-1.1104,-0.799532,1.00217,-1.12685,-0.799532,0.995138,-1.11818,-0.823177
0.126489,-0.524256,-0.810814,4.46331,838876484,0.898752,-0.929496,-0.721761,0.905072,-0.936761,-0.701362,0.888272,-0.950877,-0.701362,0.882079,-0.943506,-0.721761,1.03433,-1.08525,-0.823177,1.04166,-1.09367,-0.799532,1.02208,-1.11012,-0.799532,1.0149,-1.10158,-0.823177
0.196093,-0.524668,-0.793464,3.91038,838876485,0.913836,-0.91283,-0.721761,0.920283,-0.91998,-0.701362,0.903986,-0.934674,-0.701362,0.897662,-0.927413,-0.721761,1.05209,-1.06617,-0.823177,1.05957,-1.07446,-0.799532,1.04057,-1.09158,-0.799532,1.03324,-1.08317,-0.823177
-0.00190573,-0.524237,-0.776299,-3.81225,838876486,0.930325,-0.897963,-0.721761,0.936895,-0.905002,-0.701362,0.920598,-0.919696,-0.701362,0.914151,-0.912546,-0.721761,1.07126,-1.04889,-0.823177,1.07888,-1.05705,-0.799532,1.05988,-1.07417,-0.799532,1.05241,-1.06588,-0.823177
0.0645939,-0.524652,-0.75895,-4.43796,838876487,0.944817,-0.880779,-0.721761,0.95151,-0.887701,-0.701362,0.935736,-0.902955,-0.701362,0.929162,-0.895919,-0.721761,1.08835,-1.0292,-0.823177,1.0961,-1.03722,-0.799532,1.07772,-1.055,-0.799532,1.0701,-1.04684,-0.823177
0.0601812,-0.541418,2.71436,31.5812,838876838,-1.18134,0.525618,-0.747269,-1.19019,0.5301,-0.727072,-1.17989,0.549505,-0.727072,-1.17113,0.544854,-0.747269,-1.36398,0.618645,-0.851731,-1.37418,0.623808,-0.828468,-1.36224,0.646299,-0.828468,-1.35215,0.640942,-0.851731
-0.0655224,-0.541846,2.7317,-1.40748,838876839,-1.18908,0.504516,-0.747269,-1.198,0.508859,-0.727072,-1.18838,0.528611,-0.727072,-1.17955,0.524097,-0.747269,-1.37334,0.594223,-0.851731,-1.38362,0.599225,-0.828468,-1.37247,0.622118,-0.828468,-1.36229,0.616919,-0.851731
-0.0806273,-0.541406,2.74887,-1.37619,838876840,-1.1988,0.484553,-0.747269,-1.2078,0.488723,-0.727072,-1.19819,0.508476,-0.727072,-1.18927,0.504133,-0.747269,-1.38458,0.571145,-0.851731,-1.39495,0.575948,-0.828468,-1.3838,0.598842,-0.828468,-1.37353,0.59384,-0.851731
0.0501182,-0.541837,2.76621,-2.6261,838876841,-1.2058,0.463194,-0.747269,-1.21486,0.467222,-0.727072,-1.20594,0.487298,-0.727072,-1.19696,0.483095,-0.747269,-1.39308,0.546411,-0.851731,-1.40352,0.55105,-0.828468,-1.39318,0.574319,-0.828468,-1.38283,0.569478,-0.851731
-0.00806742,-0.5414,2.78339,-1.36149,838876842,-1.21482,0.442903,-0.747269,-1.22396,0.446756,-0.727072,-1.21504,0.466833,-0.727072,-1.20597,0.462804,-0.747269,-1.4035,0.522953,-0.851731,-1.41403,0.527392,-0.828468,-1.4037,0.550661,-0.828468,-1.39325,0.546021,-0.851731
-0.0727431,-0.541835,2.80072,-1.36516,838876843,-1.22106,0.421312,-0.747269,-1.23026,0.425021,-0.727072,-1.22205,0.445397,-0.727072,-1.21292,0.441511,-0.747269,-1.41114,0.497938,-0.851731,-1.42173,0.50221,-0.828468,-1.41221,0.525825,-0.828468,-1.4017,0.521349,-0.851731
0.264174,-0.541427,-2.69813,47.335,838876888,-1.16307,-0.564788,-0.747269,-1.1722,-0.568688,-0.727072,-1.18044,-0.548326,-0.727072,-1.17125,-0.544602,-0.747269,-1.35172,-0.644926,-0.851731,-1.36223,-0.649419,-0.828468,-1.37179,-0.625818,-0.828468,-1.3612,-0.621529,-0.851731
-0.0689998,-0.541899,-0.900943,-3.011,838876991,0.810561,-1.00549,-0.747269,0.816399,-1.01351,-0.727072,0.798637,-1.02644,-0.727072,0.792954,-1.01831,-0.747269,0.931165,-1.17118,-0.851731,0.937889,-1.18042,-0.828468,0.917302,-1.1954,-0.828468,0.910756,-1.18604,-0.851731
0.0146395,-0.54148,-0.883764,-2.79586,838876992,0.828513,-0.992423,-0.747269,0.834505,-1.00033,-0.727072,0.816743,-1.01326,-0.727072,0.810905,-1.00524,-0.747269,0.951918,-1.15608,-0.851731,0.95882,-1.16518,-0.828468,0.938233,-1.18017,-0.828468,0.931509,-1.17093,-0.851731
0.102847,-0.541915,-0.862508,2.15112,838876993,0.848611,-0.973588,-0.747269,0.854723,-0.981402,-0.727072,0.83742,-0.994938,-0.727072,0.831458,-0.987007,-0.747269,0.974885,-1.135,-0.851731,0.981925,-1.144,-0.828468,0.96187,-1.15969,-0.828468,0.955004,-1.15055,-0.851731
0.0498596,-0.541465,-0.845332,-2.11274,838876994,0.866099,-0.959907,-0.747269,0.872361,-0.967603,-0.727072,0.855058,-0.981139,-0.727072,0.848946,-0.973326,-0.747269,0.995102,-1.11919,-0.851731,1.00232,-1.12805,-0.828468,0.982261,-1.14374,-0.828468,0.975221,-1.13474,-0.851731
0.0249944,-0.541885,-0.82799,-2.96729,838876995,0.881753,-0.943779,-0.747269,0.888135,-0.951374,-0.727072,0.871315,-0.965506,-0.727072,0.86508,-0.957789,-0.747269,1.01359,-1.10068,-0.851731,1.02094,-1.10943,-0.828468,1.00144,-1.12581,-0.828468,0.994262,-1.11692,-0.851731
-0.0625046,-0.541438,-0.810816,101.939,838876996,0.898753,-0.929496,-0.747269,0.905281,-0.936967,-0.727072,0.888461,-0.9511,-0.727072,0.88208,-0.943505,-0.747269,1.03324,-1.08417,-0.851731,1.04076,-1.09278,-0.828468,1.02126,-1.10916,-0.828468,1.01391,-1.10041,-0.851731
0.0609641,-0.541862,-0.793475,49.2101,838876997,0.913835,-0.91283,-0.747269,0.920478,-0.920198,-0.727072,0.904162,-0.934909,-0.727072,0.897661,-0.927414,-0.747269,1.05107,-1.06503,-0.851731,1.05872,-1.07352,-0.828468,1.03981,-1.09057,-0.828468,1.03232,-1.08194,-0.851731
-0.0862155,-0.541418,-0.776301,-0.974,838876998,0.930325,-0.897962,-0.747269,0.93711,-0.905201,-0.727072,0.920794,-0.919913,-0.727072,0.914151,-0.912545,-0.747269,1.07013,-1.04785,-0.851731,1.07795,-1.05618,-0.828468,1.05904,-1.07323,-0.828468,1.05139,-1.06475,-0.851731
0.0823184,-0.541846,-0.758961,32.469,838876999,0.944816,-0.88078,-0.747269,0.951712,-0.887911,-0.727072,0.93592,-0.903183,-0.727072,0.929161,-0.895919,-0.747269,1.08728,-1.0281,-0.851731,1.09523,-1.03631,-0.828468,1.07692,-1.05401,-0.828468,1.06914,-1.04565,-0.851731
0.132445,-0.558561,2.88692,-2.92088,838877360,-1.254,0.314956,-0.772956,-1.26378,0.317924,-0.752908,-1.25701,0.338823,-0.752908,-1.24729,0.335673,-0.772956,-1.44854,0.374345,-0.880443,-1.4598,0.377764,-0.857352,-1.45195,0.401987,-0.857352,-1.44076,0.398359,-0.880443
0.0999485,-0.558585,2.92144,22.7706,838877362,-1.26406,0.271482,-0.772956,-1.27394,0.274106,-0.752908,-1.2679,0.295229,-0.752908,-1.25808,0.292421,-0.772956,-1.46055,0.32404,-0.880443,-1.47193,0.327063,-0.857352,-1.46493,0.351545,-0.857352,-1.45361,0.348311,-0.880443
0.219917,-0.559062,2.97721,40.0374,838877365,-1.27588,0.200336,-0.772956,-1.28588,0.202454,-0.752908,-1.28133,0.223945,-0.752908,-1.27137,0.22164,-0.772956,-1.47483,0.242492,-0.880443,-1.48635,0.244931,-0.857352,-1.48107,0.269841,-0.857352,-1.4696,0.267186,-0.880443
-0.032505,-0.559045,-0.900947,-2.97088,838877503,0.810561,-1.00549,-0.772956,0.816574,-1.01375,-0.752908,0.798812,-1.02668,-0.752908,0.792954,-1.01831,-0.772956,0.930241,-1.16991,-0.880443,0.937167,-1.17943,-0.857352,0.91658,-1.19441,-0.857352,0.909832,-1.18477,-0.880443
0.00464894,-0.558616,-0.883771,-3.21075,838877504,0.828513,-0.992423,-0.772956,0.83468,-1.00057,-0.752908,0.816919,-1.0135,-0.752908,0.810905,-1.00524,-0.772956,0.950994,-1.15481,-0.880443,0.958098,-1.16419,-0.857352,0.937511,-1.17918,-0.857352,0.930585,-1.16966,-0.880443
0.0671859,-0.559062,-0.862513,-3.16512,838877505,0.848611,-0.973588,-0.772956,0.854906,-0.981636,-0.752908,0.837603,-0.995173,-0.752908,0.831458,-0.987007,-0.772956,0.973918,-1.13376,-0.880443,0.98117,-1.14303,-0.857352,0.961115,-1.15872,-0.857352,0.954036,-1.14932,-0.880443
0.0799231,-0.5586,-0.84534,-8.8372,838877506,0.866099,-0.959907,-0.772956,0.872545,-0.967838,-0.752908,0.855242,-0.981374,-0.752908,0.848946,-0.973326,-0.772956,0.994135,-1.11795,-0.880443,1.00156,-1.12708,-0.857352,0.981505,-1.14277,-0.857352,0.974253,-1.1335,-0.880443
0.00918715,-0.559031,-0.827995,-2.36132,838877507,0.881753,-0.943779,-0.772956,0.888327,-0.951602,-0.752908,0.871507,-0.965735,-0.752908,0.86508,-0.957789,-0.772956,1.01258,-1.09948,-0.880443,1.02015,-1.10849,-0.857352,1.00065,-1.12487,-0.857352,0.993252,-1.11572,-0.880443
0.0299842,-0.558572,-0.810823,-3.03187,838877508,0.898753,-0.929496,-0.772956,0.905472,-0.937196,-0.752908,0.888653,-0.951328,-0.752908,0.88208,-0.943505,-0.772956,1.03223,-1.08297,-0.880443,1.03997,-1.09184,-0.857352,1.02048,-1.10822,-0.857352,1.0129,-1.09921,-0.880443
0.0649774,-0.559007,-0.79348,-1.24958,838877509,0.913835,-0.91283,-0.772956,0.920677,-0.920419,-0.752908,0.904362,-0.93513,-0.752908,0.897661,-0.927414,-0.772956,1.05002,-1.06387,-0.880443,1.0579,-1.07261,-0.857352,1.03899,-1.08966,-0.857352,1.03127,-1.08077,-0.880443
0.0171859,-0.558552,-0.776308,-2.89273,838877510,0.930325,-0.897962,-0.772956,0.93731,-0.905423,-0.752908,0.920994,-0.920134,-0.752908,0.914151,-0.912545,-0.772956,1.06908,-1.04668,-0.880443,1.07713,-1.05527,-0.857352,1.05822,-1.07232,-0.857352,1.05033,-1.06358,-0.880443
-0.0243715,-0.55899,-0.758966,-3.16702,838877511,0.944816,-0.88078,-0.772956,0.951919,-0.888125,-0.752908,0.936127,-0.903397,-0.752908,0.929161,-0.895919,-0.772956,1.08619,-1.02697,-0.880443,1.09437,-1.03543,-0.857352,1.07607,-1.05313,-0.857352,1.06805,-1.04452,-0.880443
0.31301,-0.575648,2.78337,3.54341,838877866,-1.21482,0.442903,-0.798841,-1.2245,0.446998,-0.778947,-1.21558,0.467074,-0.778947,-1.20597,0.462805,-0.798841,-1.40059,0.52166,-0.909329,-1.41175,0.526376,-0.886414,-1.40141,0.549645,-0.886414,-1.39034,0.544728,-0.909329
-0.538658,-0.576104,2.80071,-2.96807,838877867,-1.22106,0.421312,-0.798841,-1.23082,0.425243,-0.778947,-1.2226,0.445619,-0.778947,-1.21292,0.441511,-0.798841,-1.40818,0.496747,-0.909329,-1.41941,0.501275,-0.886414,-1.40989,0.52489,-0.886414,-1.39875,0.520159,-0.909329
0.105549,-0.575675,2.88691,15.8906,838877872,-1.254,0.314956,-0.798841,-1.26406,0.318015,-0.778947,-1.25729,0.338914,-0.778947,-1.24729,0.335673,-0.798841,-1.447,0.373848,-0.909329,-1.45859,0.377371,-0.886415,-1.45074,0.401594,-0.886414,-1.43922,0.397861,-0.909329
0.142611,-0.575659,-2.73265,40.1556,838877910,-1.18191,-0.524337,-0.798841,-1.19172,-0.52812,-0.778947,-1.19925,-0.507482,-0.778947,-1.18938,-0.503878,-0.798841,-1.37025,-0.596746,-0.909329,-1.38156,-0.601103,-0.886415,-1.39028,-0.577183,-0.886414,-1.37891,-0.573032,-0.909329
0.155006,-0.59323,2.52067,-28.0521,838878363,-1.057,0.742364,-0.824932,-1.06552,0.749011,-0.805196,-1.05201,0.766334,-0.805196,-1.04361,0.759537,-0.824932,-1.21478,0.865425,-0.938397,-1.22459,0.873081,-0.915665,-1.20893,0.893158,-0.915665,-1.19925,0.885329,-0.938397
0.232234,-0.593251,2.55519,-8.47323,838878365,-1.08194,0.705418,-0.824932,-1.09069,0.711763,-0.805196,-1.07779,0.729547,-0.805196,-1.06916,0.723047,-0.824932,-1.24392,0.822893,-0.938397,-1.254,0.830201,-0.915665,-1.23905,0.850814,-0.915665,-1.2291,0.843327,-0.938397
0.144202,-0.592797,2.57236,8.27892,838878366,-1.09498,0.687444,-0.824932,-1.10384,0.693634,-0.805196,-1.09094,0.711418,-0.805196,-1.08219,0.705073,-0.824932,-1.25899,0.802114,-0.938397,-1.2692,0.809244,-0.915665,-1.25425,0.829856,-0.915665,-1.24417,0.822548,-0.938397
0.141962,-0.592749,2.74885,-11.4528,838878376,-1.1988,0.484553,-0.824932,-1.2086,0.489112,-0.805196,-1.19898,0.508864,-0.805196,-1.18927,0.504133,-0.824932,-1.38022,0.569024,-0.938397,-1.39151,0.574275,-0.915665,-1.38037,0.597169,-0.915665,-1.36917,0.59172,-0.938397
0.1584,-0.592745,-3.11624,-13.572,838878400,-1.29228,-0.0439151,-0.824932,-1.30309,-0.0437371,-0.805196,-1.30234,-0.0217811,-0.805196,-1.29154,-0.02215,-0.824932,-1.49238,-0.0405482,-0.938397,-1.50482,-0.0403432,-0.915665,-1.50395,-0.0148953,-0.915665,-1.49151,-0.0153202,-0.938397
0.0152663,-0.593298,-0.862523,104.478,838878529,0.848611,-0.973588,-0.824932,0.85527,-0.982101,-0.805196,0.837967,-0.995637,-0.805196,0.831458,-0.987007,-0.824932,0.971901,-1.13119,-0.938397,0.979571,-1.14099,-0.915665,0.959516,-1.15668,-0.915665,0.952019,-1.14674,-0.938397
0.190359,-0.610372,2.5897,7.02795,838878879,-1.10558,0.667623,-0.851239,-1.11478,0.673821,-0.831665,-1.10251,0.692045,-0.831665,-1.09341,0.685688,-0.851239,-1.27015,0.778418,-0.967656,-1.28075,0.785557,-0.945111,-1.26653,0.806679,-0.945111,-1.25605,0.799357,-0.967656
0.240611,-0.609911,2.60687,4.57991,838878880,-1.11798,0.649204,-0.851239,-1.12729,0.655244,-0.831665,-1.11502,0.673468,-0.831665,-1.10581,0.66727,-0.851239,-1.28448,0.757125,-0.967656,-1.29521,0.764082,-0.945111,-1.28099,0.785204,-0.945111,-1.27038,0.778065,-0.967656
0.240543,-0.610372,-2.99536,3.78936,838878919,-1.27606,-0.199222,-0.851239,-1.2871,-0.200391,-0.831665,-1.28941,-0.178545,-0.831665,-1.27836,-0.177565,-0.851239,-1.47335,-0.220131,-0.967656,-1.48606,-0.221478,-0.94511,-1.48874,-0.196158,-0.945111,-1.47601,-0.195029,-0.967656
0.307834,-0.626941,2.08522,48.8048,838879362,-0.645911,1.12015,-0.877931,-0.651133,1.13034,-0.858414,-0.631372,1.14,-0.858414,-0.626344,1.12971,-0.877931,-0.735257,1.29545,-0.997136,-0.74123,1.30711,-0.974812,-0.718465,1.31823,-0.974811,-0.712714,1.30646,-0.997136
0.214494,-0.627031,2.60687,14.7446,838879392,-1.11798,0.649204,-0.877931,-1.1276,0.65542,-0.858414,-1.11531,0.673664,-0.858414,-1.10581,0.667269,-0.877931,-1.28301,0.75632,-0.997136,-1.29402,0.763431,-0.974811,-1.27987,0.784449,-0.974812,-1.269,0.777134,-0.997136
0.133985,-0.62743,2.80069,18.4342,838879403,-1.22106,0.421313,-0.877931,-1.23168,0.425595,-0.858414,-1.22346,0.445994,-0.858414,-1.21292,0.441512,-0.877931,-1.40352,0.494868,-0.997136,-1.41567,0.499766,-0.974811,-1.4062,0.523266,-0.974812,-1.39414,0.518139,-0.997136
0.202804,-0.644599,-0.970008,-43.1795,838880059,0.739352,-1.05911,-0.904837,0.745574,-1.06905,-0.885485,0.726931,-1.08072,-0.885485,0.720893,-1.07067,-0.904837,0.842833,-1.22441,-1.02681,0.84995,-1.23578,-1.00467,0.828474,-1.24923,-1.00467,0.821566,-1.23773,-1.02681
0.131146,-0.644111,-0.254701,-11.2136,838880100,1.254,-0.314955,-0.904837,1.26523,-0.318364,-0.885485,1.25845,-0.339287,-0.885485,1.24729,-0.335672,-0.904837,1.44055,-0.371917,-1.02681,1.45339,-0.375816,-1.00467,1.44558,-0.39992,-1.00467,1.43282,-0.395786,-1.02681
0.147174,-0.644622,-0.237361,7.82837,838880101,1.25796,-0.292831,-0.904837,1.26923,-0.296054,-0.885485,1.26319,-0.317201,-0.885485,1.25197,-0.31377,-0.904837,1.44547,-0.346428,-1.02681,1.45837,-0.350114,-1.00467,1.4514,-0.374477,-1.00467,1.43858,-0.370553,-1.02681
0.181848,-0.678333,-3.04724,43.3956,838880964,-1.2861,-0.132934,-0.959363,-1.29835,-0.133588,-0.940349,-1.29914,-0.111608,-0.940349,-1.28688,-0.11117,-0.959363,-1.47736,-0.143085,-1.08679,-1.49137,-0.143833,-1.06504,-1.49228,-0.118511,-1.06504,-1.47825,-0.11801,-1.08679
0.158329,-0.695959,1.85702,45.9378,838881397,-0.37538,1.23584,-0.987001,-0.378423,1.248,-0.968162,-0.357087,1.25334,-0.968162,-0.354254,1.24113,-0.987001,-0.421424,1.41985,-1.11712,-0.424905,1.43376,-1.09557,-0.400324,1.43991,-1.09557,-0.397084,1.42594,-1.11712
0.173155,-0.713101,-3.02991,37.2281,838881989,-1.28225,-0.155075,-1.0151,-1.2951,-0.155985,-0.996316,-1.29666,-0.134022,-0.996316,-1.28379,-0.133352,-1.0151,-1.4697,-0.168342,-1.14775,-1.48429,-0.169375,-1.12642,-1.48607,-0.144234,-1.12642,-1.47146,-0.143473,-1.14775
0.890682,-0.730246,2.52062,-3.14652,838882459,-1.057,0.742366,-1.04345,-1.06736,0.750444,-1.02484,-1.05382,0.767805,-1.02484,-1.04361,0.759538,-1.04345,-1.20376,0.856836,-1.1786,-1.21552,0.86601,-1.15747,-1.20002,0.885883,-1.15747,-1.18843,0.876495,-1.1786
0.344043,-0.72971,2.5378,-3.7926,838882460,-1.07066,0.724855,-1.04345,-1.08116,0.732744,-1.02484,-1.06762,0.750105,-1.02484,-1.05726,0.742027,-1.04345,-1.21936,0.836839,-1.1786,-1.23129,0.845798,-1.15747,-1.21579,0.865671,-1.15747,-1.20403,0.856497,-1.1786
0.134182,-0.74685,0.0943328,-27.5328,838882832,1.2861,0.132935,-1.07207,1.29947,0.133652,-1.05364,1.30025,0.111649,-1.05364,1.28688,0.111171,-1.07207,1.47017,0.142669,-1.20971,1.48535,0.143484,-1.18878,1.48625,0.118297,-1.18877,1.47106,0.117754,-1.20971
0.149287,-0.764504,3.11521,7.76859,838883517,-1.2915,0.0228542,-1.10098,-1.3051,0.0237948,-1.08273,-1.30358,0.0457597,-1.08273,-1.29,0.04458,-1.10098,-1.47351,0.0354457,-1.24107,-1.48895,0.0365138,-1.22034,-1.48721,0.0616571,-1.22034,-1.47179,0.0603175,-1.24107
0.296729,-0.781105,-0.918359,48.9737,838884158,0.793824,-1.02049,-1.13017,0.801789,-1.03185,-1.11211,0.783547,-1.04418,-1.11211,0.77578,-1.03268,-1.13017,0.897524,-1.16832,-1.2727,0.906569,-1.18122,-1.25218,0.885687,-1.19533,-1.25218,0.876867,-1.18228,-1.2727
0.294061,-0.803293,3.09785,3.85367,838884540,-1.29223,0.0453136,-1.16882,-1.30645,0.0465343,-1.15074,-1.30416,0.0684553,-1.15074,-1.28997,0.0669737,-1.16882,-1.4703,0.0608949,-1.31362,-1.48633,0.0622709,-1.29324,-1.48372,0.0871981,-1.29324,-1.46772,0.0855279,-1.31362
0.119583,-0.803872,3.11519,5.00992,838884541,-1.2915,0.0228553,-1.16882,-1.30574,0.0238402,-1.15074,-1.30422,0.0458278,-1.15074,-1.29,0.0445812,-1.16882,-1.4698,0.0351901,-1.31362,-1.48584,0.0363003,-1.29324,-1.48411,0.0613031,-1.29324,-1.46809,0.0598979,-1.31362
0.209681,-0.803285,-2.80175,-30.7676,838884562,-1.21529,-0.441588,-1.16882,-1.22894,-0.445784,-1.15074,-1.23503,-0.424602,-1.15074,-1.22131,-0.420658,-1.16882,-1.38623,-0.49385,-1.31362,-1.40161,-0.49858,-1.29324,-1.40853,-0.474493,-1.29324,-1.39307,-0.470047,-1.31362
0.195461,-0.821089,3.08067,-17.3461,838885051,-1.28993,0.0674038,-1.19895,-1.30435,0.0689091,-1.18106,-1.30206,0.0908301,-1.18106,-1.28766,0.0890639,-1.19895,-1.46583,0.0857654,-1.34602,-1.48209,0.0874623,-1.32584,-1.47949,0.112389,-1.32584,-1.46326,0.110399,-1.34602
0.179167,-0.820489,3.09785,1.10894,838885052,-1.29223,0.0453136,-1.19895,-1.30668,0.0465581,-1.18106,-1.30439,0.0684791,-1.18106,-1.28997,0.0669737,-1.19895,-1.46845,0.0607023,-1.34602,-1.48474,0.0621052,-1.32584,-1.48214,0.0870323,-1.32584,-1.46588,0.0853354,-1.34602
0.15062,-0.821076,3.11519,-1.07688,838885053,-1.2915,0.0228552,-1.19895,-1.30597,0.0238561,-1.18106,-1.30445,0.0458436,-1.18106,-1.29,0.0445811,-1.19895,-1.46795,0.035062,-1.34602,-1.48425,0.0361902,-1.32584,-1.48252,0.061193,-1.32584,-1.46624,0.0597698,-1.34602
0.128686,-0.820496,-0.638334,7.79079,838885198,1.04505,-0.761394,-1.19895,1.05633,-0.770505,-1.18106,1.04218,-0.7874,-1.18106,1.03106,-0.778088,-1.19895,1.18254,-0.872682,-1.34602,1.19526,-0.882952,-1.32584,1.17917,-0.902164,-1.32584,1.16664,-0.891667,-1.34602
0.185756,-0.838256,0.00810273,11.1007,838885387,1.29152,0.0217211,-1.22941,1.30624,0.0212184,-1.21169,1.30549,-0.000808811,-1.21169,1.29078,-4.40174e-05,-1.22941,1.4664,0.0157485,-1.3787,1.48299,0.0151819,-1.35874,1.48214,-0.00986612,-1.35874,1.46556,-0.00900401,-1.3787
0.552411,-0.837707,0.934417,45.5104,838885440,0.759305,1.04651,-1.22941,0.768562,1.05796,-1.21169,0.785456,1.04381,-1.21169,0.775997,1.03252,-1.22941,0.869401,1.18254,-1.3787,0.879837,1.19546,-1.35874,0.899046,1.17936,-1.35874,0.888384,1.16664,-1.3787
0.191213,-0.838258,3.11518,-7.63819,838885565,-1.2915,0.0228553,-1.22941,-1.30619,0.0238716,-1.21169,-1.30467,0.0458592,-1.21169,-1.29,0.0445812,-1.22941,-1.46607,0.0349321,-1.3787,-1.48263,0.0360777,-1.35874,-1.4809,0.0610805,-1.35874,-1.46436,0.0596399,-1.3787
0.265833,-0.837655,3.13236,8.38173,838885566,-1.29303,0.000698094,-1.22941,-1.30774,0.00145271,-1.21169,-1.30622,0.0234403,-1.21169,-1.29153,0.022424,-1.22941,-1.46781,0.00979289,-1.3787,-1.48439,0.0106435,-1.35874,-1.48266,0.0356464,-1.35874,-1.4661,0.0345007,-1.3787
0.131719,-0.855531,0.184588,0.0573559,838885909,1.26746,0.248121,-1.26018,1.28226,0.250211,-1.24266,1.28534,0.228387,-1.24266,1.2705,0.226557,-1.26018,1.43883,0.272317,-1.41169,1.45552,0.274673,-1.39194,1.45902,0.249856,-1.39194,1.44229,0.247793,-1.41169
0.187164,-0.855507,-2.99543,-20.0121,838886087,-1.27606,-0.199218,-1.26018,-1.29093,-0.200794,-1.24266,-1.29325,-0.178877,-1.24266,-1.27836,-0.177562,-1.26018,-1.44817,-0.217459,-1.41169,-1.46493,-0.219235,-1.39194,-1.46757,-0.194312,-1.39194,-1.45078,-0.19283,-1.41169
0.243129,-0.889123,0.408847,48.6912,838886946,1.18191,0.524341,-1.32289,1.19631,0.529895,-1.30571,1.20387,0.509172,-1.30571,1.18937,0.503882,-1.32289,1.33997,0.585019,-1.47862,1.35609,0.591234,-1.45939,1.36463,0.567827,-1.45939,1.3484,0.561907,-1.47862
0.237558,-0.906892,-2.0518,49.2765,838887677,-0.587601,-1.15029,-1.3548,-0.595409,-1.16384,-1.3378,-0.614521,-1.15283,-1.3378,-0.60647,-1.13942,-1.3548,-0.671195,-1.29535,-1.51253,-0.679932,-1.31051,-1.4935,-0.70152,-1.29807,-1.4935,-0.69251,-1.28306,-1.51253
0.171055,-0.924013,0.00808021,3.96943,838887947,1.29152,0.02172,-1.38705,1.30735,0.0211793,-1.37024,1.3066,-0.000866535,-1.37024,1.29078,-4.50927e-05,-1.38705,1.45695,0.0160701,-1.54677,1.47466,0.0154651,-1.52795,1.47381,-0.00943653,-1.52795,1.45611,-0.00851732,-1.54677
0.21833,-0.924016,2.41703,44.6348,838888085,-0.974656,0.847671,-1.38705,-0.986058,0.858664,-1.37024,-0.970746,0.874543,-1.37024,-0.95954,0.863347,-1.38705,-1.09381,0.962566,-1.54677,-1.10657,0.974869,-1.52795,-1.08927,0.992805,-1.52795,-1.07673,0.980276,-1.54677
0.118601,-0.92347,-2.24172,48.7834,838888178,-0.794925,-1.01963,-1.38705,-0.805306,-1.03159,-1.37024,-0.821708,-1.01684,-1.37024,-0.811118,-1.00507,-1.38705,-0.903505,-1.1446,-1.54677,-0.915122,-1.15799,-1.52795,-0.933649,-1.14133,-1.52795,-0.921798,-1.12815,-1.54677
0.289556,-0.941177,2.20602,48.9899,838888585,-0.775422,1.03292,-1.41968,-0.784401,1.04621,-1.40306,-0.766124,1.05856,-1.40306,-0.757377,1.04512,-1.41968,-0.867026,1.16849,-1.58135,-0.877074,1.18336,-1.56275,-0.85643,1.19731,-1.56275,-0.846642,1.18226,-1.58135
0.118704,-0.940573,2.6452,-3.49178,838888610,-1.14218,0.605791,-1.41968,-1.15593,0.614043,-1.40306,-1.14425,0.632757,-1.40306,-1.13065,0.624267,-1.41968,-1.28248,0.690007,-1.58135,-1.29787,0.699241,-1.56275,-1.28468,0.72038,-1.56275,-1.26945,0.710879,-1.58135
0.182376,-0.940533,-0.461873,48.623,838888792,1.16246,-0.566045,-1.41968,1.17649,-0.573811,-1.40306,1.16548,-0.592922,-1.40306,1.15158,-0.584912,-1.41968,1.30562,-0.645309,-1.58135,1.32132,-0.654,-1.56275,1.30888,-0.675586,-1.56275,1.29333,-0.666623,-1.58135
0.23385,-0.95768,0.163314,-8.92466,838888980,1.27372,0.221306,-1.45268,1.28983,0.223296,-1.43625,1.29216,0.201361,-1.43625,1.27601,0.19965,-1.45268,1.43419,0.241154,-1.6163,1.45223,0.243381,-1.59791,1.45485,0.218604,-1.59791,1.43679,0.216689,-1.6163
0.163122,-0.958229,-2.85348,31.4551,838889167,-1.23519,-0.377841,-1.45268,-1.25094,-0.381779,-1.43625,-1.25629,-0.36038,-1.43625,-1.24047,-0.356713,-1.45268,-1.39203,-0.417065,-1.6163,-1.40965,-0.421472,-1.59791,-1.4157,-0.397301,-1.59791,-1.398,-0.393198,-1.6163
0.135597,-0.974688,-0.707401,-7.30946,838889802,0.990075,-0.83168,-1.48631,1.00218,-0.842942,-1.46997,0.986861,-0.858834,-1.46997,0.974959,-0.847357,-1.48631,1.10698,-0.94071,-1.65172,1.12043,-0.95322,-1.63357,1.10324,-0.97105,-1.63357,1.09002,-0.958302,-1.65172
0.106691,-0.974688,-0.358335,-16.3573,838889822,1.21482,-0.442898,-1.48631,1.23005,-0.449339,-1.46997,1.22108,-0.469513,-1.46997,1.20597,-0.462799,-1.48631,1.36196,-0.505369,-1.65172,1.37888,-0.512524,-1.63357,1.36882,-0.53516,-1.63357,1.35204,-0.527702,-1.65172
0.145514,-0.991866,-0.776434,-8.31457,838890310,0.93033,-0.897958,-1.52031,0.941745,-0.910173,-1.50416,0.925349,-0.924956,-1.50416,0.914156,-0.912542,-1.52031,1.03809,-1.0135,-1.68749,1.05077,-1.02707,-1.66955,1.03238,-1.04366,-1.66955,1.01994,-1.02987,-1.68749
-0.242177,-0.991961,-0.185759,-2.80806,838890344,1.2726,-0.227677,-1.52031,1.28889,-0.231417,-1.50416,1.28357,-0.252842,-1.50416,1.26735,-0.248812,-1.52031,1.42656,-0.26318,-1.68749,1.44466,-0.267334,-1.66955,1.43868,-0.291373,-1.66955,1.42066,-0.286897,-1.68749
0.162472,-1.00968,2.69704,21.6784,838890661,-1.17093,0.545235,-1.55471,-1.18585,0.553156,-1.53874,-1.1755,0.572656,-1.53874,-1.16072,0.564471,-1.55471,-1.30881,0.618425,-1.72364,-1.32538,0.627224,-1.70591,-1.31377,0.649103,-1.70591,-1.29735,0.640011,-1.72364
0.218104,-1.00899,-0.776439,-3.58687,838890822,0.93033,-0.897958,-1.55471,0.941865,-0.910306,-1.53874,0.925469,-0.925089,-1.53874,0.914156,-0.912542,-1.55471,1.03684,-1.01211,-1.72364,1.04965,-1.02583,-1.70591,1.03125,-1.04241,-1.70591,1.01869,-1.02848,-1.72364
0.17136,-1.00964,-0.306493,0.293201,838890849,1.23485,-0.378929,-1.55471,1.25074,-0.384694,-1.53874,1.2432,-0.405445,-1.53874,1.22742,-0.399399,-1.55471,1.38158,-0.432202,-1.72364,1.39922,-0.438607,-1.70591,1.39077,-0.461889,-1.70591,1.37324,-0.455173,-1.72364
0.175301,-1.02615,0.477846,41.4699,838891046,1.14283,0.604561,-1.58952,1.1583,0.611791,-1.57374,1.1673,0.591631,-1.57374,1.1517,0.584674,-1.58952,1.28257,0.669831,-1.76019,1.29975,0.677862,-1.74266,1.30984,0.655242,-1.74266,1.29253,0.647514,-1.76019
0.342277,-1.0262,2.95583,-40.6434,838891188,-1.2726,0.227677,-1.58952,-1.28924,0.231503,-1.57374,-1.28391,0.252928,-1.57374,-1.26735,0.248812,-1.58952,-1.42289,0.26227,-1.76019,-1.44138,0.26652,-1.74266,-1.43541,0.29056,-1.74266,-1.417,0.285988,-1.76019
0.213319,-1.02679,-0.79362,-10.3082,838891333,0.913831,-0.912834,-1.58952,0.925263,-0.925513,-1.57374,0.908868,-0.940297,-1.57374,0.897657,-0.927417,-1.58952,1.01709,-1.02736,-1.76019,1.02979,-1.04144,-1.74266,1.0114,-1.05803,-1.74266,0.998944,-1.04372,-1.76019
0.215812,-1.04392,1.26626,56.5646,838891603,0.376465,1.23551,-1.62476,0.382353,1.25172,-1.60917,0.403103,1.24418,-1.60917,0.396934,1.22807,-1.62476,0.428457,1.37865,-1.79714,0.434997,1.39666,-1.77982,0.458279,1.3882,-1.77982,0.451427,1.37031,-1.79714
0.155032,-1.04324,1.87411,44.1629,838891638,-0.396926,1.23045,-1.62476,-0.401403,1.24711,-1.60917,-0.379986,1.25247,-1.60917,-0.3758,1.23574,-1.62476,-0.436474,1.37754,-1.79714,-0.441447,1.39604,-1.77982,-0.417418,1.40206,-1.77982,-0.412767,1.38347,-1.79714
0.163523,-1.04384,-0.341013,51.9552,838891871,1.22106,-0.421317,-1.62476,1.23706,-0.427766,-1.60917,1.2288,-0.448241,-1.60917,1.21292,-0.441516,-1.62476,1.36231,-0.478258,-1.79714,1.38008,-0.485422,-1.77982,1.37081,-0.508395,-1.77982,1.35317,-0.500924,-1.79714
0.0964933,-1.06031,-0.0438029,-27.9395,838892040,1.29223,-0.0453103,-1.66072,1.30972,-0.0468192,-1.64521,1.30743,-0.0687927,-1.64521,1.28997,-0.0669704,-1.66072,1.44216,-0.0584468,-1.83468,1.46145,-0.0601107,-1.81758,1.45889,-0.0846028,-1.81758,1.43964,-0.0825933,-1.83468
1.46095,-1.06099,-0.02647,-2.0926,838892041,1.2915,-0.0228586,-1.66072,1.30901,-0.02407,-1.64521,1.30749,-0.0461102,-1.64521,1.29,-0.0445845,-1.66072,1.44163,-0.0332446,-1.83468,1.46094,-0.0345805,-1.81758,1.45924,-0.0591469,-1.81758,1.43995,-0.0574644,-1.83468
0.191245,-1.0603,-0.00928828,9.95336,838892042,1.29304,-0.000694709,-1.66072,1.31057,-0.00159187,-1.64521,1.30904,-0.0236321,-1.64521,1.29153,-0.0224206,-1.66072,1.44333,-0.00858678,-1.83468,1.46267,-0.0095761,-1.81758,1.46097,-0.0341425,-1.81758,1.44166,-0.0328066,-1.83468
0.262458,-1.06101,1.47334,44.7157,838892127,0.114412,1.28657,-1.66072,0.116841,1.30396,-1.64521,0.138721,1.3009,-1.64521,0.135981,1.28356,-1.66072,0.135234,1.43561,-1.83468,0.137912,1.45478,-1.81758,0.1623,1.45137,-1.81758,0.159278,1.43225,-1.83468
0.0978836,-1.06099,-0.341022,-11.6827,838892383,1.22106,-0.421318,-1.66072,1.23734,-0.427881,-1.64521,1.22908,-0.448372,-1.64521,1.21292,-0.441517,-1.66072,1.36063,-0.477584,-1.83468,1.37858,-0.484821,-1.81758,1.36938,-0.50766,-1.81758,1.35155,-0.5001,-1.83468
0.117287,-1.06034,-0.254809,52.403,838892388,1.25401,-0.31495,-1.66072,1.2708,-0.32006,-1.64521,1.26399,-0.341078,-1.64521,1.24729,-0.335667,-1.66072,1.39793,-0.358956,-1.83468,1.41645,-0.364592,-1.81758,1.40886,-0.388018,-1.81758,1.39045,-0.382052,-1.83468
0.11536,-1.09472,-0.14736,-34.7396,838893058,1.28049,-0.178608,-1.73393,1.29804,-0.182004,-1.71879,1.29346,-0.203617,-1.71879,1.27597,-0.199913,-1.73393,1.42464,-0.206597,-1.91098,1.44399,-0.210343,-1.89429,1.43889,-0.234433,-1.89429,1.41961,-0.230348,-1.91098
0.168883,-1.09536,0.253561,27.0958,838893081,1.24745,0.334983,-1.73393,1.26493,0.338711,-1.71879,1.26954,0.317104,-1.71879,1.252,0.313684,-1.73393,1.39105,0.365608,-1.91098,1.41032,0.369719,-1.89429,1.41546,0.345635,-1.89429,1.39611,0.341865,-1.91098
0.316548,-1.09466,-2.34921,48.1757,838893292,-0.899757,-0.928526,-1.73393,-0.912818,-0.94073,-1.71879,-0.927615,-0.924324,-1.71879,-0.914343,-0.912354,-1.73393,-1.00711,-1.02872,-1.91098,-1.02152,-1.04217,-1.89429,-1.03801,-1.02389,-1.89429,-1.02337,-1.01069,-1.91098
-0.0526106,-1.09462,-0.358361,-2.66139,838893406,1.21482,-0.442897,-1.73393,1.23128,-0.449866,-1.71879,1.22231,-0.470056,-1.71879,1.20598,-0.462798,-1.73393,1.35001,-0.500232,-1.91098,1.36816,-0.507917,-1.89429,1.35816,-0.530421,-1.89429,1.34015,-0.522418,-1.91098
-0.0234782,-1.09532,-0.341027,-2.87653,838893407,1.22106,-0.421318,-1.73393,1.23764,-0.428001,-1.71879,1.22938,-0.448491,-1.71879,1.21292,-0.441517,-1.73393,1.35724,-0.476215,-1.91098,1.37552,-0.483584,-1.89429,1.36631,-0.506423,-1.89429,1.34816,-0.498732,-1.91098
0.0378985,-1.09462,-0.323847,-3.33318,838893408,1.22937,-0.400713,-1.73393,1.24606,-0.407103,-1.71879,1.2378,-0.427594,-1.71879,1.22123,-0.420911,-1.73393,1.36648,-0.453291,-1.91098,1.38489,-0.460338,-1.89429,1.37568,-0.483177,-1.89429,1.3574,-0.475808,-1.91098
0.0304363,-1.09532,-0.306513,-2.66254,838893409,1.23485,-0.37893,-1.73393,1.25165,-0.385029,-1.71879,1.24411,-0.405795,-1.71879,1.22742,-0.3994,-1.73393,1.37286,-0.429037,-1.91098,1.39139,-0.435763,-1.89429,1.38298,-0.45891,-1.89429,1.36458,-0.451857,-1.91098
-0.091957,-1.09463,-0.289332,-2.49646,838893410,1.24244,-0.358047,-1.73393,1.25934,-0.36385,-1.71879,1.2518,-0.384616,-1.71879,1.235,-0.378517,-1.73393,1.3813,-0.405804,-1.91098,1.39994,-0.412203,-1.89429,1.39154,-0.43535,-1.89429,1.37301,-0.428624,-1.91098
0.165361,-1.09474,-0.18578,9.03177,838893416,1.2726,-0.227676,-1.73393,1.29002,-0.231679,-1.71879,1.28469,-0.25312,-1.71879,1.26735,-0.248811,-1.73393,1.41569,-0.260645,-1.91098,1.4349,-0.265059,-1.89429,1.42897,-0.288958,-1.89429,1.40984,-0.284207,-1.91098
0.201782,-1.11178,-2.69828,50.1149,838893784,-1.16307,-0.564794,-1.77121,-1.17966,-0.571853,-1.75626,-1.18796,-0.551376,-1.75626,-1.17124,-0.544609,-1.77121,-1.2965,-0.621528,-1.94979,-1.3148,-0.629313,-1.9333,-1.32404,-0.606488,-1.9333,-1.30561,-0.599026,-1.94979
0.153634,-1.11249,-0.444574,-3.53925,838893913,1.17093,-0.545236,-1.77121,1.18685,-0.553689,-1.75626,1.17649,-0.573203,-1.75626,1.16072,-0.564472,-1.77121,1.29898,-0.613207,-1.94979,1.31654,-0.622529,-1.9333,1.30499,-0.644279,-1.9333,1.28759,-0.634651,-1.94979
0.124009,-1.11177,-0.427395,-20.2861,838893914,1.18134,-0.525612,-1.77121,1.19742,-0.533787,-1.75626,1.18706,-0.553301,-1.75626,1.17113,-0.544848,-1.77121,1.31056,-0.591376,-1.94979,1.32829,-0.60039,-1.9333,1.31674,-0.622141,-1.9333,1.29918,-0.612819,-1.94979
0.0235906,-1.11174,-0.358365,-2.39568,838893918,1.21482,-0.442897,-1.77121,1.23142,-0.44993,-1.75626,1.22245,-0.470119,-1.75626,1.20597,-0.462799,-1.77121,1.34831,-0.499479,-1.94979,1.36662,-0.507235,-1.9333,1.35662,-0.529738,-1.9333,1.33846,-0.521665,-1.94979
0.0701877,-1.11244,-0.341029,22.2464,838893919,1.22106,-0.421318,-1.77121,1.23778,-0.428059,-1.75626,1.22952,-0.44855,-1.75626,1.21292,-0.441517,-1.77121,1.35552,-0.475522,-1.94979,1.37396,-0.482956,-1.9333,1.36475,-0.505795,-1.9333,1.34644,-0.498039,-1.94979
0.0278987,-1.11174,-0.323851,-2.45317,838893920,1.22937,-0.400713,-1.77121,1.24621,-0.407162,-1.75626,1.23795,-0.427652,-1.75626,1.22123,-0.420911,-1.77121,1.36476,-0.452598,-1.94979,1.38333,-0.459709,-1.9333,1.37412,-0.482548,-1.9333,1.35568,-0.475115,-1.94979
0.176875,-1.11245,-0.306515,9.54243,838893921,1.23485,-0.37893,-1.77121,1.2518,-0.385082,-1.75626,1.24426,-0.405849,-1.75626,1.22742,-0.3994,-1.77121,1.37112,-0.428404,-1.94979,1.38981,-0.435189,-1.9333,1.3814,-0.458336,-1.9333,1.36284,-0.451224,-1.94979
0.0979605,-1.11176,-0.289336,-2.85238,838893922,1.24244,-0.358047,-1.77121,1.25949,-0.363903,-1.75626,1.25195,-0.38467,-1.75626,1.235,-0.378517,-1.77121,1.37956,-0.405172,-1.94979,1.39836,-0.41163,-1.9333,1.38996,-0.434777,-1.9333,1.37127,-0.427992,-1.94979
0.125531,-1.11182,-0.220303,20.1694,838893926,1.26406,-0.271475,-1.77121,1.28148,-0.276127,-1.75626,1.27541,-0.297369,-1.75626,1.25808,-0.292414,-1.77121,1.40414,-0.308913,-1.94979,1.42335,-0.314043,-1.9333,1.41658,-0.33772,-1.9333,1.39747,-0.332256,-1.94979
0.130378,-1.11187,-0.185784,21.4909,838893928,1.2726,-0.227676,-1.77121,1.29017,-0.231716,-1.75626,1.28484,-0.253158,-1.75626,1.26735,-0.248811,-1.77121,1.41389,-0.260199,-1.94979,1.43327,-0.264654,-1.9333,1.42734,-0.288553,-1.9333,1.40804,-0.28376,-1.94979
-0.0309635,-1.12969,-0.164546,90.5459,838894081,1.27588,-0.200342,-1.80898,1.29367,-0.204111,-1.79421,1.28909,-0.225725,-1.79421,1.27137,-0.221647,-1.80898,1.41588,-0.230005,-1.98905,1.43549,-0.234162,-1.97277,1.43039,-0.258252,-1.97277,1.41084,-0.253756,-1.98905
0.0135642,-1.12895,-0.147367,-1.96538,838894082,1.28049,-0.178608,-1.80898,1.29834,-0.182069,-1.79421,1.29376,-0.203682,-1.79421,1.27597,-0.199913,-1.80898,1.421,-0.205826,-1.98905,1.44069,-0.209642,-1.97277,1.43558,-0.233733,-1.97277,1.41597,-0.229576,-1.98905
0.0360303,-1.12964,-0.130027,-1.93173,838894083,1.28211,-0.156203,-1.80898,1.30002,-0.159349,-1.79421,1.2962,-0.181109,-1.79421,1.27834,-0.177652,-1.80898,1.42305,-0.180959,-1.98905,1.4428,-0.184428,-1.97277,1.43854,-0.208682,-1.97277,1.41885,-0.204871,-1.98905
-0.0566947,-1.1289,-0.112849,-1.41353,838894084,1.28595,-0.134321,-1.80898,1.30392,-0.137157,-1.79421,1.3001,-0.158916,-1.79421,1.28219,-0.155771,-1.80898,1.42733,-0.156615,-1.98905,1.44714,-0.159741,-1.97277,1.44288,-0.183995,-1.97277,1.42313,-0.180526,-1.98905
0.000564405,-1.1296,-0.0955105,-1.83142,838894085,1.28679,-0.111873,-1.80898,1.3048,-0.114392,-1.79421,1.30174,-0.136272,-1.79421,1.28378,-0.133441,-1.80898,1.42852,-0.131692,-1.98905,1.44837,-0.134468,-1.97277,1.44496,-0.158856,-1.97277,1.42515,-0.155735,-1.98905
0.0712538,-1.12887,-0.0783328,-2.49328,838894086,1.28987,-0.0898705,-1.80898,1.30792,-0.0920768,-1.79421,1.30486,-0.113957,-1.79421,1.28685,-0.111438,-1.80898,1.43194,-0.107213,-1.98905,1.45185,-0.109646,-1.97277,1.44844,-0.134034,-1.97277,1.42858,-0.131257,-1.98905
0.00855275,-1.12957,-0.060995,-2.10843,838894087,1.28993,-0.0674071,-1.80898,1.30801,-0.0692949,-1.79421,1.30572,-0.0912684,-1.79421,1.28766,-0.0890672,-1.80898,1.43225,-0.0822635,-1.98905,1.4522,-0.0843452,-1.97277,1.44964,-0.108837,-1.97277,1.42973,-0.10641,-1.98905
0.0284656,-1.12885,-0.0438175,-2.05589,838894088,1.29223,-0.0453103,-1.80898,1.31035,-0.0468847,-1.79421,1.30806,-0.0688583,-1.79421,1.28997,-0.0669704,-1.80898,1.43482,-0.0576803,-1.98905,1.4548,-0.0594165,-1.97277,1.45224,-0.0839086,-1.97277,1.4323,-0.0818268,-1.98905
0.0751993,-1.12956,-0.0264804,-2.39351,838894089,1.2915,-0.0228586,-1.80898,1.30964,-0.0241136,-1.79421,1.30812,-0.0461538,-1.79421,1.29,-0.0445844,-1.80898,1.43426,-0.032735,-1.98905,1.45427,-0.034119,-1.97277,1.45257,-0.0586854,-1.97277,1.43259,-0.0569548,-1.98905
0.144584,-1.12884,-0.00930277,-13.5747,838894090,1.29304,-0.00069474,-1.80898,1.3112,-0.00163541,-1.79421,1.30967,-0.0236756,-1.79421,1.29153,-0.0224206,-1.80898,1.43597,-0.00807725,-1.98905,1.456,-0.00911455,-1.97277,1.4543,-0.033681,-1.97277,1.43429,-0.0322971,-1.98905
0.173086,-1.12897,0.163279,21.2352,838894100,1.27372,0.221308,-1.80898,1.29177,0.223538,-1.79421,1.2941,0.201568,-1.79421,1.27601,0.199652,-1.80898,1.41576,0.238876,-1.98905,1.43566,0.241335,-1.97277,1.43826,0.216847,-1.97277,1.41832,0.214734,-1.98905
0.217068,-1.12969,2.62798,42.468,838894241,-1.13042,0.624638,-1.80898,-1.14584,0.634264,-1.79421,-1.13415,0.653007,-1.79421,-1.11889,0.643114,-1.80898,-1.25182,0.700392,-1.98905,-1.26883,0.711007,-1.97277,-1.2558,0.731899,-1.97277,-1.23897,0.720989,-1.98905
0.316236,-1.1289,-1.16005,0.143791,838894384,0.526652,-1.18083,-1.80898,0.533178,-1.1978,-1.79421,0.512423,-1.20537,-1.79421,0.506192,-1.18829,-1.80898,0.578033,-1.31441,-1.98905,0.58523,-1.33313,-1.97277,0.562095,-1.34157,-1.97277,0.555225,-1.32273,-1.98905
0.658033,-1.1296,-1.14271,-2.35242,838894385,0.546512,-1.17033,-1.80898,0.553335,-1.18719,-1.79421,0.532857,-1.19548,-1.79421,0.526325,-1.1785,-1.80898,0.60021,-1.30298,-1.98905,0.607734,-1.32156,-1.97277,0.584908,-1.3308,-1.97277,0.577706,-1.31209,-1.98905
0.134612,-1.12887,-1.12553,18.8964,838894386,0.567105,-1.162,-1.80898,0.574221,-1.17873,-1.79421,0.553742,-1.18702,-1.79421,0.546919,-1.17017,-1.80898,0.62312,-1.2937,-1.98905,0.630967,-1.31216,-1.97277,0.608141,-1.3214,-1.97277,0.600617,-1.30281,-1.98905
0.0825885,-1.12956,-0.375546,-15.9515,838894429,1.2058,-0.4632,-1.80898,1.22241,-0.470584,-1.79421,1.21344,-0.490773,-1.79421,1.19695,-0.483101,-1.80898,1.33657,-0.521307,-1.98905,1.35489,-0.52945,-1.97277,1.34489,-0.551953,-1.97277,1.32671,-0.543493,-1.98905
0.382084,-1.12884,-0.358369,-0.993085,838894430,1.21482,-0.442897,-1.80898,1.23156,-0.449993,-1.79421,1.22259,-0.470182,-1.79421,1.20597,-0.462799,-1.80898,1.34661,-0.49872,-1.98905,1.36507,-0.506545,-1.97277,1.35507,-0.529048,-1.97277,1.33675,-0.520906,-1.98905
0.438461,-1.12955,-0.341032,-1.4533,838894431,1.22106,-0.421318,-1.80898,1.23793,-0.428117,-1.79421,1.22967,-0.448608,-1.79421,1.21292,-0.441517,-1.80898,1.35378,-0.474823,-1.98905,1.37238,-0.48232,-1.97277,1.36317,-0.50516,-1.97277,1.34471,-0.49734,-1.98905
3.24353,-1.12885,-0.323854,-0.450144,838894432,1.22937,-0.400713,-1.80898,1.24635,-0.40722,-1.79421,1.23809,-0.42771,-1.79421,1.22123,-0.420911,-1.80898,1.36302,-0.451899,-1.98905,1.38175,-0.459074,-1.97277,1.37255,-0.481913,-1.97277,1.35395,-0.474416,-1.98905
0.231491,-1.12956,-0.306518,-3.14875,838894433,1.23485,-0.37893,-1.80898,1.25195,-0.385135,-1.79421,1.24441,-0.405902,-1.79421,1.22742,-0.3994,-1.80898,1.36936,-0.427766,-1.98905,1.38821,-0.43461,-1.97277,1.37981,-0.457756,-1.97277,1.36108,-0.450586,-1.98905
0.037697,-1.12886,-0.289339,-2.09609,838894434,1.24244,-0.358047,-1.80898,1.25964,-0.363956,-1.79421,1.2521,-0.384723,-1.79421,1.235,-0.378517,-1.80898,1.3778,-0.404533,-1.98905,1.39677,-0.41105,-1.97277,1.38836,-0.434197,-1.97277,1.36951,-0.427354,-1.98905
0.339496,-1.12958,-0.272003,3.58864,838894435,1.24716,-0.336085,-1.80898,1.26446,-0.34169,-1.79421,1.25765,-0.362707,-1.79421,1.24045,-0.356802,-1.80898,1.38329,-0.380194,-1.98905,1.40237,-0.386375,-1.97277,1.39478,-0.409801,-1.97277,1.37581,-0.40329,-1.98905
0.269177,-1.12889,-0.254823,2.37207,838894436,1.25401,-0.31495,-1.80898,1.2714,-0.320255,-1.79421,1.26459,-0.341272,-1.79421,1.24729,-0.335667,-1.80898,1.39091,-0.356681,-1.98905,1.41009,-0.362531,-1.97277,1.4025,-0.385957,-1.97277,1.38343,-0.379776,-1.98905
0.0652988,-1.12961,-0.237487,-2.70714,838894437,1.25796,-0.292837,-1.80898,1.27544,-0.297834,-1.79421,1.26937,-0.319076,-1.79421,1.25197,-0.313776,-1.80898,1.39555,-0.332164,-1.98905,1.41483,-0.337675,-1.97277,1.40806,-0.361352,-1.97277,1.38888,-0.355507,-1.98905
0.219426,-1.12892,-0.220306,4.90066,838894438,1.26406,-0.271475,-1.80898,1.28163,-0.27617,-1.79421,1.27556,-0.297412,-1.79421,1.25808,-0.292414,-1.80898,1.40234,-0.308399,-1.98905,1.42172,-0.313576,-1.97277,1.41495,-0.337253,-1.97277,1.39567,-0.331742,-1.98905
0.148223,-1.12966,-0.202969,-10.2708,838894439,1.26724,-0.249237,-1.80898,1.28489,-0.253621,-1.79421,1.27956,-0.275063,-1.79421,1.26199,-0.270373,-1.80898,1.40612,-0.283736,-1.98905,1.42558,-0.28857,-1.97277,1.41964,-0.312469,-1.97277,1.40027,-0.307297,-1.98905
-0.033267,-1.12897,-0.185787,-2.34602,838894440,1.2726,-0.227676,-1.80898,1.29032,-0.231754,-1.79421,1.28499,-0.253195,-1.79421,1.26735,-0.248811,-1.80898,1.41208,-0.259748,-1.98905,1.43162,-0.264245,-1.97277,1.42569,-0.288144,-1.97277,1.40623,-0.28331,-1.98905
0.015927,-1.15208,-0.164556,-1.01494,838894593,1.27588,-0.200343,-1.8594,1.294,-0.204183,-1.84468,1.28942,-0.225811,-1.84468,1.27137,-0.221648,-1.8594,1.41415,-0.229641,-2.04086,1.434,-0.233846,-2.02474,1.42892,-0.257798,-2.02474,1.40915,-0.253239,-2.04086
-0.0554534,-1.15133,-0.147372,-1.39539,838894594,1.28049,-0.178607,-1.8594,1.29868,-0.182123,-1.84468,1.2941,-0.203752,-1.84468,1.27597,-0.199912,-1.8594,1.41924,-0.205612,-2.04086,1.43916,-0.209462,-2.02474,1.43409,-0.233415,-2.02474,1.41424,-0.22921,-2.04086
-0.0169198,-1.15203,-0.130037,-0.0731601,838894595,1.28211,-0.156204,-1.8594,1.30036,-0.159409,-1.84468,1.29653,-0.181184,-1.84468,1.27834,-0.177654,-1.8594,1.42132,-0.180655,-2.04086,1.4413,-0.184164,-2.02474,1.43706,-0.208279,-2.02474,1.41715,-0.204413,-2.04086
0.0467979,-1.15129,-0.112853,61.3004,838894596,1.28595,-0.13432,-1.8594,1.30426,-0.137199,-1.84468,1.30043,-0.158974,-1.84468,1.28219,-0.15577,-1.8594,1.42557,-0.156463,-2.04086,1.44561,-0.159615,-2.02474,1.44137,-0.18373,-2.02474,1.4214,-0.180221,-2.04086
0.0199747,-1.15199,-0.09552,-2.19383,838894597,1.28679,-0.111874,-1.8594,1.30514,-0.11444,-1.84468,1.30208,-0.136335,-1.84468,1.28378,-0.133442,-1.8594,1.42677,-0.131449,-2.04086,1.44686,-0.134258,-2.02474,1.44347,-0.158506,-2.02474,1.42343,-0.155338,-2.04086
0.0555218,-1.15126,-0.078337,-1.54827,838894598,1.28987,-0.0898695,-1.8594,1.30826,-0.0921074,-1.84468,1.3052,-0.114003,-1.84468,1.28685,-0.111437,-1.8594,1.43017,-0.107123,-2.04086,1.45031,-0.109573,-2.02474,1.44692,-0.133821,-2.02474,1.42683,-0.131012,-2.04086
0.0724641,-1.15196,-0.0610044,28.6133,838894599,1.28993,-0.0674082,-1.8594,1.30835,-0.0693313,-1.84468,1.30605,-0.0913203,-1.84468,1.28766,-0.0890683,-1.8594,1.4305,-0.0820817,-2.04086,1.45068,-0.0841875,-2.02474,1.44813,-0.108539,-2.02474,1.428,-0.106073,-2.04086
0.0104264,-1.15123,-0.0438216,-1.90244,838894600,1.29223,-0.0453093,-1.8594,1.31069,-0.0469035,-1.84468,1.3084,-0.0688925,-1.84468,1.28997,-0.0669694,-1.8594,1.43305,-0.0576516,-2.04086,1.45326,-0.0593972,-2.02474,1.45072,-0.0837488,-2.02474,1.43055,-0.0816429,-2.04086
-0.00573209,-1.15195,-0.0264898,-2.21155,838894601,1.2915,-0.0228597,-1.8594,1.30998,-0.0241381,-1.84468,1.30846,-0.0461939,-1.84468,1.29,-0.0445856,-1.8594,1.4325,-0.0326146,-2.04086,1.45274,-0.0340144,-2.02474,1.45105,-0.0584399,-2.02474,1.43084,-0.0566788,-2.04086
-1.27656e-05,-1.15123,-0.00930678,-2.49731,838894602,1.29304,-0.000693717,-1.8594,1.31154,-0.00164226,-1.84468,1.31001,-0.023698,-1.84468,1.29153,-0.0224196,-1.8594,1.4342,-0.00811029,-2.04086,1.45446,-0.00914895,-2.02474,1.45277,-0.0335744,-2.02474,1.43253,-0.0321745,-2.04086
0.325673,-1.15194,0.00802454,51.7901,838894603,1.29152,0.0217167,-1.8594,1.31004,0.0210844,-1.84468,1.30928,-0.00101117,-1.84468,1.29078,-4.84465e-05,-1.8594,1.43278,0.0168923,-2.04086,1.45305,0.0162001,-2.02474,1.45222,-0.0082695,-2.02474,1.43196,-0.00721531,-2.04086
0.0226543,-1.15195,-0.375556,-2.04032,838894941,1.2058,-0.463201,-1.8594,1.22272,-0.470723,-1.84468,1.21375,-0.490927,-1.84468,1.19695,-0.483102,-1.8594,1.33496,-0.520593,-2.04086,1.3535,-0.52883,-2.02474,1.34355,-0.551204,-2.02474,1.32516,-0.542637,-2.04086
-0.0336177,-1.15123,-0.358373,-2.83314,838894942,1.21482,-0.442896,-1.8594,1.23188,-0.450116,-1.84468,1.2229,-0.47032,-1.84468,1.20598,-0.462798,-1.8594,1.34493,-0.498146,-2.04086,1.36362,-0.506052,-2.02474,1.35368,-0.528427,-2.02474,1.33514,-0.52019,-2.04086
0.104445,-1.15194,-0.341041,17.4683,838894943,1.22106,-0.421319,-1.8594,1.23824,-0.428246,-1.84468,1.22998,-0.448751,-1.84468,1.21292,-0.441518,-1.8594,1.35215,-0.474166,-2.04086,1.37096,-0.48175,-2.02474,1.36181,-0.504458,-2.02474,1.34313,-0.496538,-2.04086
0.0683573,-1.15123,-0.323858,-0.79002,838894944,1.22937,-0.400712,-1.8594,1.24667,-0.407331,-1.84468,1.23841,-0.427836,-1.84468,1.22123,-0.42091,-1.8594,1.36133,-0.451384,-2.04086,1.38028,-0.458633,-2.02474,1.37113,-0.481341,-2.02474,1.35231,-0.473757,-2.04086
0.0443667,-1.15195,-0.306527,-2.55015,838894945,1.23485,-0.378931,-1.8594,1.25227,-0.385253,-1.84468,1.24472,-0.406034,-1.84468,1.22742,-0.399401,-1.8594,1.36771,-0.427166,-2.04086,1.38677,-0.434089,-2.02474,1.37842,-0.457103,-2.02474,1.35948,-0.44984,-2.04086
0.123108,-1.15124,-0.289343,-16.6611,838894946,1.24244,-0.358046,-1.8594,1.25996,-0.364057,-1.84468,1.25242,-0.384838,-1.84468,1.235,-0.378516,-1.8594,1.37609,-0.404078,-2.04086,1.39528,-0.41066,-2.02474,1.38692,-0.433674,-2.02474,1.36786,-0.426752,-2.04086
0.401412,-1.15197,-0.272012,-2.65948,838894947,1.24716,-0.336086,-1.8594,1.26478,-0.341796,-1.84468,1.25797,-0.362828,-1.84468,1.24044,-0.356803,-1.8594,1.38161,-0.379652,-2.04086,1.40091,-0.385904,-2.02474,1.39337,-0.409196,-2.02474,1.37418,-0.402599,-2.04086
1.41218,-1.15127,-0.254827,3.04357,838894948,1.25401,-0.314949,-1.8594,1.27173,-0.320344,-1.84468,1.26492,-0.341376,-1.84468,1.24729,-0.335666,-1.8594,1.38919,-0.356285,-2.04086,1.40859,-0.362193,-2.02474,1.40105,-0.385485,-2.02474,1.38175,-0.379232,-2.04086
0.690244,-1.152,-0.237496,1.66107,838894949,1.25796,-0.292838,-1.8594,1.27577,-0.297929,-1.84468,1.26969,-0.319186,-1.84468,1.25197,-0.313777,-1.8594,1.39385,-0.331681,-2.04086,1.41336,-0.337256,-2.02474,1.40663,-0.360797,-2.02474,1.38723,-0.354874,-2.04086
0.941655,-1.15131,-0.22031,7.00421,838894950,1.26406,-0.271474,-1.8594,1.28197,-0.276247,-1.84468,1.27589,-0.297504,-1.84468,1.25808,-0.292413,-1.8594,1.4006,-0.308064,-2.04086,1.42021,-0.313291,-2.02474,1.41348,-0.336832,-2.02474,1.39398,-0.331257,-2.04086
0.327704,-1.15205,-0.202978,6.44857,838894951,1.26724,-0.249239,-1.8594,1.28522,-0.253704,-1.84468,1.27989,-0.275161,-1.84468,1.26199,-0.270374,-1.8594,1.40441,-0.283312,-2.04086,1.4241,-0.288202,-2.02474,1.4182,-0.311964,-2.02474,1.3986,-0.306722,-2.04086
0.0553869,-1.15136,-0.185791,-1.7707,838894952,1.2726,-0.227675,-1.8594,1.29065,-0.23182,-1.84468,1.28533,-0.253276,-1.84468,1.26735,-0.24881,-1.8594,1.41033,-0.259474,-2.04086,1.43011,-0.264012,-2.02474,1.4242,-0.287774,-2.02474,1.40452,-0.282884,-2.04086
0.465303,-1.16924,-0.164558,-1.15179,838895105,1.27588,-0.200343,-1.89852,1.29414,-0.204213,-1.88398,1.28956,-0.225841,-1.88398,1.27137,-0.221648,-1.89852,1.41242,-0.229274,-2.08135,1.43241,-0.233511,-2.06543,1.42734,-0.257463,-2.06543,1.40742,-0.252871,-2.08135
2.26671,-1.16849,-0.147375,-0.807737,838895106,1.28049,-0.178607,-1.89852,1.29882,-0.182153,-1.88398,1.29424,-0.203781,-1.88398,1.27597,-0.199912,-1.89852,1.41751,-0.205244,-2.08135,1.43758,-0.209127,-2.06543,1.4325,-0.233079,-2.06543,1.41251,-0.228842,-2.08135
0.342117,-1.16919,-0.130039,-5.23376,838895107,1.28211,-0.156204,-1.89852,1.3005,-0.159433,-1.88398,1.29667,-0.181209,-1.88398,1.27834,-0.177653,-1.89852,1.41957,-0.180348,-2.08135,1.4397,-0.183884,-2.06543,1.43547,-0.207999,-2.06543,1.4154,-0.204106,-2.08135
0.0706891,-1.16844,-0.112857,-1.14766,838895108,1.28595,-0.13432,-1.89852,1.3044,-0.137224,-1.88398,1.30057,-0.158999,-1.88398,1.28219,-0.15577,-1.89852,1.42382,-0.156156,-2.08135,1.44402,-0.159335,-2.06543,1.43978,-0.18345,-2.06543,1.41965,-0.179914,-2.08135
-0.03511,-1.16915,-0.0955223,-2.901,838895109,1.28679,-0.111874,-1.89852,1.30528,-0.11446,-1.88398,1.30222,-0.136355,-1.88398,1.28378,-0.133442,-1.89852,1.42501,-0.131203,-2.08135,1.44526,-0.134034,-2.06543,1.44187,-0.158282,-2.06543,1.42167,-0.155092,-2.08135
0.441595,-1.16841,-0.0783403,0.426562,838895110,1.28987,-0.0898695,-1.89852,1.3084,-0.0921273,-1.88398,1.30534,-0.114023,-1.88398,1.28685,-0.111437,-1.89852,1.42842,-0.106877,-2.08135,1.44871,-0.109349,-2.06543,1.44532,-0.133597,-2.06543,1.42508,-0.130766,-2.08135
0.108901,-1.16912,-0.0610068,-13.5889,838895111,1.28993,-0.0674081,-1.89852,1.30849,-0.0693461,-1.88398,1.3062,-0.0913352,-1.88398,1.28766,-0.0890682,-1.89852,1.42874,-0.0818974,-2.08135,1.44907,-0.0840196,-2.06543,1.44652,-0.108371,-2.06543,1.42623,-0.105889,-2.08135
0.377232,-1.16839,-0.0438249,3.42314,838895112,1.29223,-0.0453092,-1.89852,1.31083,-0.0469183,-1.88398,1.30854,-0.0689073,-1.88398,1.28997,-0.0669693,-1.89852,1.43129,-0.0574673,-2.08135,1.45165,-0.0592293,-2.06543,1.44911,-0.0835808,-2.06543,1.42878,-0.0814587,-2.08135
0.0901859,-1.16911,-0.0264921,-3.10967,838895113,1.2915,-0.0228597,-1.89852,1.31012,-0.024148,-1.88398,1.3086,-0.0462038,-1.88398,1.29,-0.0445855,-1.89852,1.43073,-0.0324921,-2.08135,1.45113,-0.0339028,-2.06543,1.44944,-0.0583283,-2.06543,1.42907,-0.0565563,-2.08135
0.0970157,-1.16838,-0.00931005,-8.9931,838895114,1.29304,-0.000693644,-1.89852,1.31168,-0.00165218,-1.88398,1.31016,-0.023708,-1.88398,1.29153,-0.0224195,-1.89852,1.43243,-0.00798778,-2.08135,1.45285,-0.00903737,-2.06543,1.45116,-0.0334628,-2.06543,1.43076,-0.032052,-2.08135
0.287478,-1.16919,0.219027,49.9696,838895127,1.25821,0.291724,-1.89852,1.2766,0.294978,-1.88398,1.28045,0.273207,-1.88398,1.26201,0.270279,-1.89852,1.39564,0.31605,-2.08135,1.41577,0.319613,-2.06543,1.42004,0.295504,-2.06543,1.39985,0.292298,-2.08135
0.0410502,-1.16911,-0.375558,-2.41742,838895453,1.2058,-0.463201,-1.89852,1.22286,-0.470781,-1.88398,1.21388,-0.490985,-1.88398,1.19695,-0.483102,-1.89852,1.33334,-0.519873,-2.08135,1.35202,-0.528173,-2.06543,1.34208,-0.550547,-2.06543,1.32354,-0.541916,-2.08135
0.0107556,-1.16838,-0.358376,-2.18265,838895454,1.21482,-0.442896,-1.89852,1.23201,-0.450174,-1.88398,1.22303,-0.470378,-1.88398,1.20598,-0.462798,-1.89852,1.34331,-0.497426,-2.08135,1.36214,-0.505395,-2.06543,1.3522,-0.52777,-2.06543,1.33352,-0.519469,-2.08135
0.0636586,-1.1691,-0.341044,4.57532,838895455,1.22106,-0.421319,-1.89852,1.23837,-0.428299,-1.88398,1.23011,-0.448804,-1.88398,1.21292,-0.441518,-1.89852,1.3505,-0.473502,-2.08135,1.36946,-0.481145,-2.06543,1.36031,-0.503853,-2.06543,1.34148,-0.495874,-2.08135
0.159915,-1.16838,-0.323861,4.34524,838895456,1.22937,-0.400712,-1.89852,1.24681,-0.407385,-1.88398,1.23854,-0.42789,-1.88398,1.22123,-0.42091,-1.89852,1.35969,-0.450721,-2.08135,1.37878,-0.458028,-2.06543,1.36963,-0.480736,-2.06543,1.35067,-0.473093,-2.08135
0.250117,-1.16911,-0.306529,0.315367,838895457,1.23485,-0.378931,-1.89852,1.2524,-0.385301,-1.88398,1.24486,-0.406082,-1.88398,1.22742,-0.399401,-1.89852,1.36604,-0.426561,-2.08135,1.38525,-0.433537,-2.06543,1.3769,-0.456551,-2.06543,1.35781,-0.449234,-2.08135
1.20337,-1.1684,-0.289346,-0.74612,838895458,1.24244,-0.358046,-1.89852,1.2601,-0.364105,-1.88398,1.25255,-0.384887,-1.88398,1.235,-0.378516,-1.89852,1.37442,-0.403473,-2.08135,1.39376,-0.410108,-2.06543,1.3854,-0.433122,-2.06543,1.36619,-0.426146,-2.08135
4.62541,-1.16913,-0.272014,0.251907,838895459,1.24716,-0.336086,-1.89852,1.26492,-0.34184,-1.88398,1.2581,-0.362872,-1.88398,1.24044,-0.356803,-1.89852,1.37993,-0.379105,-2.08135,1.39937,-0.385406,-2.06543,1.39183,-0.408697,-2.06543,1.37249,-0.402052,-2.08135
11.1209,-1.16843,-0.25483,0.339367,838895460,1.25401,-0.314949,-1.89852,1.27187,-0.320388,-1.88398,1.26505,-0.34142,-1.88398,1.24729,-0.335666,-1.89852,1.3875,-0.355738,-2.08135,1.40706,-0.361694,-2.06543,1.39951,-0.384986,-2.06543,1.38006,-0.378686,-2.08135
7.23751,-1.16917,-0.237498,0.0775093,838895461,1.25796,-0.292838,-1.89852,1.27591,-0.297968,-1.88398,1.26983,-0.319225,-1.88398,1.25197,-0.313777,-1.89852,1.39215,-0.331194,-2.08135,1.4118,-0.336811,-2.06543,1.40507,-0.360352,-2.06543,1.38552,-0.354386,-2.08135
0.95808,-1.16846,-0.220313,2.30673,838895462,1.26406,-0.271474,-1.89852,1.2821,-0.276286,-1.88398,1.27603,-0.297544,-1.88398,1.25808,-0.292413,-1.89852,1.3989,-0.307577,-2.08135,1.41865,-0.312846,-2.06543,1.41192,-0.336387,-2.06543,1.39227,-0.330769,-2.08135
0.217264,-1.16921,-0.20298,0.697016,838895463,1.26724,-0.249238,-1.89852,1.28536,-0.253739,-1.88398,1.28003,-0.275195,-1.88398,1.26199,-0.270374,-1.89852,1.40269,-0.282884,-2.08135,1.42253,-0.287812,-2.06543,1.41662,-0.311574,-2.06543,1.39687,-0.306295,-2.08135
0.18378,-1.16851,-0.185794,0.136346,838895464,1.2726,-0.227675,-1.89852,1.29079,-0.231854,-1.88398,1.28546,-0.253311,-1.88398,1.26735,-0.24881,-1.89852,1.40861,-0.259046,-2.08135,1.42854,-0.263622,-2.06543,1.42263,-0.287384,-2.06543,1.4028,-0.282456,-2.08135
-0.0756378,-1.18637,-0.16456,-2.40302,838895617,1.27588,-0.200343,-1.93814,1.29428,-0.204242,-1.92378,1.2897,-0.22587,-1.92378,1.27137,-0.221648,-1.93814,1.41067,-0.228903,-2.12232,1.43082,-0.233172,-2.1066,1.42574,-0.257124,-2.1066,1.40567,-0.252501,-2.12232
0.386254,-1.18562,-0.147378,2.62155,838895618,1.28049,-0.178607,-1.93814,1.29896,-0.182182,-1.92378,1.29437,-0.20381,-1.92378,1.27597,-0.199912,-1.93814,1.41576,-0.204874,-2.12232,1.43598,-0.208789,-2.1066,1.43091,-0.232741,-2.1066,1.41076,-0.228472,-2.12232
0.0860771,-1.18632,-0.130042,29.7558,838895619,1.28211,-0.156204,-1.93814,1.30064,-0.159458,-1.92378,1.29681,-0.181233,-1.92378,1.27834,-0.177654,-1.93814,1.41781,-0.180039,-2.12232,1.4381,-0.183602,-2.1066,1.43386,-0.207717,-2.1066,1.41364,-0.203797,-2.12232
0.0624549,-1.18557,-0.11286,-3.2512,838895620,1.28595,-0.13432,-1.93814,1.30454,-0.137248,-1.92378,1.30071,-0.159023,-1.92378,1.28219,-0.15577,-1.93814,1.42206,-0.155847,-2.12232,1.44241,-0.159053,-2.1066,1.43817,-0.183167,-2.1066,1.41789,-0.179605,-2.12232
0.103126,-1.18628,-0.0955247,6.86519,838895621,1.28679,-0.111874,-1.93814,1.30542,-0.114479,-1.92378,1.30236,-0.136375,-1.92378,1.28378,-0.133442,-1.93814,1.42324,-0.130955,-2.12232,1.44364,-0.133808,-2.1066,1.44025,-0.158055,-2.1066,1.4199,-0.154845,-2.12232
0.145625,-1.18554,-0.0783436,18.9533,838895622,1.28987,-0.0898695,-1.93814,1.30854,-0.0921467,-1.92378,1.30548,-0.114042,-1.92378,1.28685,-0.111437,-1.93814,1.42665,-0.106629,-2.12232,1.44709,-0.109123,-2.1066,1.4437,-0.133371,-2.1066,1.42331,-0.130519,-2.12232
0.085284,-1.18626,-0.0610091,-2.29501,838895623,1.28993,-0.0674082,-1.93814,1.30863,-0.0693607,-1.92378,1.30634,-0.0913497,-1.92378,1.28766,-0.0890683,-1.93814,1.42696,-0.081712,-2.12232,1.44744,-0.08385,-2.1066,1.4449,-0.108202,-2.1066,1.42445,-0.105703,-2.12232
0.0715685,-1.18552,-0.0438281,-2.27212,838895624,1.29223,-0.0453093,-1.93814,1.31097,-0.0469328,-1.92378,1.30868,-0.0689219,-1.92378,1.28997,-0.0669694,-1.93814,1.42951,-0.0572819,-2.12232,1.45003,-0.0590597,-2.1066,1.44749,-0.0834112,-2.1066,1.427,-0.0812733,-2.12232
-0.0209431,-1.18624,-0.0264944,-3.30448,838895625,1.2915,-0.0228597,-1.93814,1.31026,-0.0241577,-1.92378,1.30874,-0.0462134,-1.92378,1.29,-0.0445856,-1.93814,1.42895,-0.0323688,-2.12232,1.4495,-0.0337901,-2.1066,1.44781,-0.0582155,-2.1066,1.42729,-0.056433,-2.12232
0.0170062,-1.18551,-0.00931328,-3.00729,838895626,1.29304,-0.00069369,-1.93814,1.31182,-0.00166184,-1.92378,1.3103,-0.0237176,-1.92378,1.29153,-0.0224196,-1.93814,1.43065,-0.00786449,-2.12232,1.45122,-0.00892461,-2.1066,1.44953,-0.0333501,-2.1066,1.42898,-0.0319287,-2.12232
0.124111,-1.18632,-0.828173,-12.6812,838895939,0.881748,-0.943784,-1.93814,0.893847,-0.958184,-1.92378,0.87692,-0.972406,-1.92378,0.865074,-0.957794,-1.93814,0.97038,-1.04927,-2.12232,0.983628,-1.06504,-2.1066,0.964883,-1.08079,-2.1066,0.951912,-1.06479,-2.12232
0.180753,-1.18625,-0.655597,14.1634,838895949,1.03078,-0.778423,-1.93814,1.0452,-0.790501,-1.92378,1.031,-0.807449,-1.92378,1.0168,-0.795117,-1.93814,1.1364,-0.866902,-2.12232,1.15218,-0.880127,-2.1066,1.13646,-0.898895,-2.1066,1.12091,-0.885392,-2.12232
0.105139,-1.18554,-0.427409,84.4566,838895962,1.18134,-0.525611,-1.93814,1.19811,-0.534138,-1.92378,1.18775,-0.553665,-1.92378,1.17113,-0.544847,-1.93814,1.30414,-0.58814,-2.12232,1.3225,-0.597477,-2.1066,1.31102,-0.619102,-2.1066,1.29283,-0.609446,-2.12232
0.0909033,-1.18624,-0.37556,-24.0765,838895965,1.2058,-0.463201,-1.93814,1.22298,-0.470838,-1.92378,1.21401,-0.491042,-1.92378,1.19695,-0.483102,-1.93814,1.3317,-0.519147,-2.12232,1.35053,-0.52751,-2.1066,1.34058,-0.549884,-2.1066,1.32191,-0.541191,-2.12232
0.0595853,-1.18551,-0.358379,30.9291,838895966,1.21482,-0.442896,-1.93814,1.23214,-0.450231,-1.92378,1.22316,-0.470435,-1.92378,1.20598,-0.462798,-1.93814,1.34168,-0.4967,-2.12232,1.36065,-0.504732,-2.1066,1.3507,-0.527107,-2.1066,1.33188,-0.518744,-2.12232
0.0788812,-1.18624,-0.341046,7.13405,838895967,1.22106,-0.421319,-1.93814,1.2385,-0.428352,-1.92378,1.23024,-0.448857,-1.92378,1.21292,-0.441518,-1.93814,1.34885,-0.472834,-2.12232,1.36795,-0.480534,-2.1066,1.35879,-0.503242,-2.1066,1.33983,-0.495206,-2.12232
0.110915,-1.18551,-0.323864,13.0411,838895968,1.22937,-0.400712,-1.93814,1.24694,-0.407437,-1.92378,1.23867,-0.427942,-1.92378,1.22123,-0.42091,-1.93814,1.35803,-0.450053,-2.12232,1.37727,-0.457417,-2.1066,1.36811,-0.480125,-2.1066,1.34901,-0.472425,-2.12232
1.21952,-1.18625,-0.306531,0.958277,838895969,1.23485,-0.378931,-1.93814,1.25253,-0.385349,-1.92378,1.24499,-0.40613,-1.92378,1.22742,-0.399401,-1.93814,1.36436,-0.425951,-2.12232,1.38372,-0.432979,-2.1066,1.37536,-0.455993,-2.1066,1.35613,-0.448624,-2.12232
0.719336,-1.18553,-0.289349,-0.731917,838895970,1.24244,-0.358046,-1.93814,1.26023,-0.364153,-1.92378,1.25268,-0.384935,-1.92378,1.235,-0.378516,-1.93814,1.37274,-0.402863,-2.12232,1.39222,-0.409551,-2.1066,1.38387,-0.432565,-2.1066,1.36451,-0.425536,-2.12232
3.87847,-1.18627,-0.272016,0.144045,838895971,1.24716,-0.336086,-1.93814,1.26505,-0.341883,-1.92378,1.25824,-0.362915,-1.92378,1.24044,-0.356803,-1.93814,1.37823,-0.378554,-2.12232,1.39782,-0.384902,-2.1066,1.39027,-0.408194,-2.1066,1.37079,-0.401502,-2.12232
6.88049,-1.18555,-0.254833,0.120268,838895972,1.25401,-0.314949,-1.93814,1.272,-0.320431,-1.92378,1.26519,-0.341463,-1.92378,1.24729,-0.335666,-1.93814,1.3858,-0.355188,-2.12232,1.4055,-0.361191,-2.1066,1.39796,-0.384483,-2.1066,1.37836,-0.378135,-2.12232
1.76586,-1.1863,-0.2375,0.708956,838895973,1.25796,-0.292838,-1.93814,1.27604,-0.298006,-1.92378,1.26997,-0.319264,-1.92378,1.25197,-0.313777,-1.93814,1.39043,-0.330702,-2.12232,1.41023,-0.336362,-2.1066,1.4035,-0.359903,-2.1066,1.3838,-0.353895,-2.12232
0.28312,-1.18559,-0.220316,-0.66307,838895974,1.26406,-0.271474,-1.93814,1.28224,-0.276325,-1.92378,1.27616,-0.297582,-1.92378,1.25808,-0.292413,-1.93814,1.39718,-0.307085,-2.12232,1.41708,-0.312397,-2.1066,1.41035,-0.335938,-2.1066,1.39055,-0.330278,-2.12232
0.0940699,-1.18634,-0.202982,-13.6444,838895975,1.26724,-0.249239,-1.93814,1.28549,-0.253773,-1.92378,1.28016,-0.275229,-1.92378,1.26199,-0.270374,-1.93814,1.40095,-0.282454,-2.12232,1.42094,-0.287418,-2.1066,1.41504,-0.31118,-2.1066,1.39514,-0.305864,-2.12232
0.1218,-1.18564,-0.185797,39.0481,838895976,1.2726,-0.227675,-1.93814,1.29093,-0.231888,-1.92378,1.2856,-0.253344,-1.92378,1.26735,-0.24881,-1.93814,1.40688,-0.258615,-2.12232,1.42695,-0.263229,-2.1066,1.42105,-0.28699,-2.1066,1.40106,-0.282025,-2.12232
-0.0116609,-1.20348,-0.164563,-3.88769,838896129,1.27588,-0.200343,-1.97827,1.29442,-0.204271,-1.9641,1.28984,-0.225899,-1.9641,1.27137,-0.221648,-1.97827,1.40891,-0.22853,-2.16379,1.4292,-0.232831,-2.14826,1.42413,-0.256783,-2.14826,1.40391,-0.252128,-2.16379
0.0456115,-1.20273,-0.147382,-3.5225,838896130,1.28049,-0.178607,-1.97827,1.29909,-0.182211,-1.9641,1.29451,-0.203839,-1.9641,1.27597,-0.199912,-1.97827,1.414,-0.204501,-2.16379,1.43437,-0.208447,-2.14826,1.42929,-0.232399,-2.14826,1.409,-0.228098,-2.16379
0.0449515,-1.20343,-0.130044,-3.4515,838896131,1.28211,-0.156204,-1.97827,1.30077,-0.159482,-1.9641,1.29695,-0.181257,-1.9641,1.27834,-0.177654,-1.97827,1.41604,-0.179728,-2.16379,1.43647,-0.183317,-2.14826,1.43224,-0.207431,-2.14826,1.41187,-0.203486,-2.16379
0.152329,-1.20268,-0.112863,6.923,838896132,1.28595,-0.13432,-1.97827,1.30467,-0.137272,-1.9641,1.30085,-0.159047,-1.9641,1.28219,-0.15577,-1.97827,1.42029,-0.155535,-2.16379,1.44078,-0.158768,-2.14826,1.43655,-0.182882,-2.14826,1.41611,-0.179293,-2.16379
0.191785,-1.20339,-0.095527,4.15561,838896133,1.28679,-0.111874,-1.97827,1.30556,-0.114498,-1.9641,1.3025,-0.136394,-1.9641,1.28378,-0.133442,-1.97827,1.42146,-0.130706,-2.16379,1.44201,-0.133579,-2.14826,1.43862,-0.157827,-2.14826,1.41812,-0.154595,-2.16379
0.0766832,-1.20265,-0.0783468,20.0826,838896134,1.28987,-0.0898695,-1.97827,1.30868,-0.092166,-1.9641,1.30562,-0.114061,-1.9641,1.28685,-0.111437,-1.97827,1.42486,-0.10638,-2.16379,1.44546,-0.108895,-2.14826,1.44207,-0.133142,-2.14826,1.42152,-0.130269,-2.16379
0.124319,-1.20337,-0.0610114,33.9906,838896135,1.28993,-0.0674081,-1.97827,1.30877,-0.0693751,-1.9641,1.30647,-0.0913642,-1.9641,1.28766,-0.0890683,-1.97827,1.42517,-0.0815251,-2.16379,1.4458,-0.0836789,-2.14826,1.44326,-0.10803,-2.14826,1.42266,-0.105516,-2.16379
0.125379,-1.20263,-0.0438313,-0.480359,838896136,1.29223,-0.0453092,-1.97827,1.31111,-0.0469474,-1.9641,1.30882,-0.0689364,-1.9641,1.28997,-0.0669693,-1.97827,1.42772,-0.0570949,-2.16379,1.44839,-0.0588887,-2.14826,1.44585,-0.0832402,-2.14826,1.42521,-0.0810863,-2.16379
0.124421,-1.20335,-0.0264967,5.24636,838896137,1.2915,-0.0228597,-1.97827,1.3104,-0.0241672,-1.9641,1.30888,-0.046223,-1.9641,1.29,-0.0445856,-1.97827,1.42716,-0.0322446,-2.16379,1.44785,-0.0336763,-2.14826,1.44616,-0.0581018,-2.14826,1.42549,-0.0563088,-2.16379
-0.0208193,-1.20262,-0.00931647,-1.62311,838896138,1.29304,-0.000693681,-1.97827,1.31196,-0.00167144,-1.9641,1.31043,-0.0237272,-1.9641,1.29153,-0.0224196,-1.97827,1.42885,-0.00774023,-2.16379,1.44957,-0.00881088,-2.14826,1.44788,-0.0332363,-2.14826,1.42719,-0.0318044,-2.16379
0.0961908,-1.20266,0.0942293,-2.67778,838896144,1.2861,0.13294,-1.97827,1.30502,0.133948,-1.9641,1.30581,0.111853,-1.9641,1.28688,0.111176,-1.97827,1.42191,0.14014,-2.16379,1.44263,0.141243,-2.14826,1.4435,0.116774,-2.14826,1.42277,0.116033,-2.16379
0.151738,-1.20265,-0.427413,10.0567,838896474,1.18134,-0.525611,-1.97827,1.19823,-0.534203,-1.9641,1.18787,-0.553731,-1.9641,1.17113,-0.544847,-1.97827,1.30255,-0.587296,-2.16379,1.32104,-0.596704,-2.14826,1.30956,-0.61833,-2.14826,1.29124,-0.608602,-2.16379
1.05875,-1.20337,-0.410077,-0.581523,838896475,1.18908,-0.504523,-1.97827,1.20611,-0.512817,-1.9641,1.19644,-0.532695,-1.9641,1.17955,-0.524104,-1.97827,1.31134,-0.564045,-2.16379,1.32999,-0.573126,-2.14826,1.31927,-0.59514,-2.14826,1.30078,-0.585733,-2.16379
0.4276,-1.20263,-0.392897,1.35952,838896476,1.1988,-0.484546,-1.97827,1.21598,-0.492542,-1.9641,1.20631,-0.51242,-1.9641,1.18927,-0.504127,-1.97827,1.32209,-0.54196,-2.16379,1.3409,-0.550716,-2.14826,1.33018,-0.57273,-2.14826,1.31153,-0.563648,-2.16379
-0.0208856,-1.20335,-0.375562,-3.01077,838896477,1.2058,-0.463201,-1.97827,1.22311,-0.470894,-1.9641,1.21413,-0.491098,-1.9641,1.19695,-0.483102,-1.97827,1.33006,-0.518416,-2.16379,1.34902,-0.52684,-2.14826,1.33908,-0.549215,-2.14826,1.32026,-0.540459,-2.16379
0.203017,-1.20262,-0.358382,5.2094,838896478,1.21482,-0.442896,-1.97827,1.23227,-0.450287,-1.9641,1.22329,-0.470491,-1.9641,1.20598,-0.462798,-1.97827,1.34003,-0.495969,-2.16379,1.35914,-0.504063,-2.14826,1.3492,-0.526437,-2.14826,1.33024,-0.518013,-2.16379
0.35124,-1.20335,-0.341048,-8.49578,838896479,1.22106,-0.421319,-1.97827,1.23863,-0.428404,-1.9641,1.23037,-0.448909,-1.9641,1.21292,-0.441518,-1.97827,1.34718,-0.472161,-2.16379,1.36642,-0.479918,-2.14826,1.35726,-0.502626,-2.14826,1.33816,-0.494533,-2.16379
0.0681064,-1.20262,-0.323868,-3.00001,838896480,1.22937,-0.400712,-1.97827,1.24706,-0.407489,-1.9641,1.2388,-0.427994,-1.9641,1.22123,-0.42091,-1.97827,1.35636,-0.44938,-2.16379,1.37574,-0.456801,-2.14826,1.36658,-0.479509,-2.14826,1.34734,-0.471752,-2.16379
0.242969,-1.20336,-0.306534,2.01659,838896481,1.23485,-0.378931,-1.97827,1.25266,-0.385397,-1.9641,1.24512,-0.406178,-1.9641,1.22742,-0.399401,-1.97827,1.36267,-0.425336,-2.16379,1.38217,-0.432417,-2.14826,1.37381,-0.455431,-2.14826,1.35444,-0.44801,-2.16379
0.544892,-1.20263,-0.289353,4.02514,838896482,1.24244,-0.358046,-1.97827,1.26036,-0.364201,-1.9641,1.25281,-0.384982,-1.9641,1.235,-0.378516,-1.97827,1.37105,-0.402248,-2.16379,1.39068,-0.408988,-2.14826,1.38232,-0.432002,-2.14826,1.36282,-0.424922,-2.16379
0.776521,-1.20338,-0.272019,-0.118204,838896483,1.24716,-0.336086,-1.97827,1.26518,-0.341926,-1.9641,1.25837,-0.362958,-1.9641,1.24044,-0.356803,-1.97827,1.37651,-0.377999,-2.16379,1.39625,-0.384394,-2.14826,1.3887,-0.407686,-2.14826,1.36908,-0.400947,-2.16379
2.1852,-1.20266,-0.254837,0.198186,838896484,1.25401,-0.314949,-1.97827,1.27213,-0.320474,-1.9641,1.26532,-0.341506,-1.9641,1.24729,-0.335666,-1.97827,1.38409,-0.354633,-2.16379,1.40393,-0.360683,-2.14826,1.39639,-0.383975,-2.14826,1.37665,-0.37758,-2.16379
0.65667,-1.20341,-0.237502,1.03377,838896485,1.25796,-0.292838,-1.97827,1.27617,-0.298045,-1.9641,1.2701,-0.319302,-1.9641,1.25197,-0.313777,-1.97827,1.3887,-0.330208,-2.16379,1.40865,-0.335909,-2.14826,1.40192,-0.359451,-2.14826,1.38207,-0.353401,-2.16379
0.108917,-1.2027,-0.220319,4.72041,838896486,1.26406,-0.271474,-1.97827,1.28237,-0.276363,-1.9641,1.2763,-0.297621,-1.9641,1.25808,-0.292413,-1.97827,1.39545,-0.306591,-2.16379,1.4155,-0.311944,-2.14826,1.40877,-0.335485,-2.14826,1.38882,-0.329784,-2.16379
0.0336089,-1.20346,-0.202985,-2.33615,838896487,1.26724,-0.249239,-1.97827,1.28563,-0.253806,-1.9641,1.2803,-0.275263,-1.9641,1.26199,-0.270374,-1.97827,1.39921,-0.28202,-2.16379,1.41934,-0.287021,-2.14826,1.41344,-0.310783,-2.14826,1.39339,-0.30543,-2.16379
0.100839,-1.20275,-0.1858,38.7809,838896488,1.2726,-0.227675,-1.97827,1.29106,-0.231922,-1.9641,1.28573,-0.253378,-1.9641,1.26735,-0.24881,-1.97827,1.40513,-0.258181,-2.16379,1.42535,-0.262831,-2.14826,1.41945,-0.286593,-2.14826,1.39931,-0.281591,-2.16379
0.362447,-1.22048,-0.0955293,6.03153,838896645,1.28679,-0.111874,-2.01894,1.30569,-0.114517,-2.00495,1.30263,-0.136413,-2.00495,1.28378,-0.133442,-2.01894,1.41967,-0.130455,-2.20576,1.44036,-0.133349,-2.19045,1.43697,-0.157597,-2.19045,1.41632,-0.154344,-2.20576
0.510517,-1.21973,-0.07835,-10.3494,838896646,1.28987,-0.0898695,-2.01894,1.30882,-0.0921849,-2.00495,1.30575,-0.11408,-2.00495,1.28685,-0.111437,-2.01894,1.42307,-0.106129,-2.20576,1.44381,-0.108664,-2.19045,1.44042,-0.132912,-2.19045,1.41973,-0.130018,-2.20576
0.433638,-1.21971,-0.0438345,1.11517,838896648,1.29223,-0.0453093,-2.01894,1.31125,-0.0469615,-2.00495,1.30895,-0.0689506,-2.00495,1.28997,-0.0669694,-2.01894,1.42592,-0.0569067,-2.20576,1.44674,-0.058716,-2.19045,1.4442,-0.0830675,-2.19045,1.42341,-0.0808981,-2.20576
0.559235,-1.22055,0.146079,-0.502495,838896659,1.27606,0.199214,-2.01894,1.29504,0.201226,-2.00495,1.29737,0.17924,-2.00495,1.27836,0.177558,-2.01894,1.40948,0.213354,-2.20576,1.43026,0.215557,-2.19045,1.43284,0.19121,-2.19045,1.41202,0.189367,-2.20576
0.115342,-1.21984,0.163263,-9.50174,838896660,1.27372,0.221309,-2.01894,1.29266,0.22365,-2.00495,1.29499,0.201664,-2.00495,1.27601,0.199653,-2.01894,1.40689,0.237781,-2.20576,1.42763,0.240343,-2.19045,1.43021,0.215996,-2.19045,1.40943,0.213793,-2.20576
0.220217,-1.22057,0.184501,-11.1575,838896661,1.26746,0.248116,-2.01894,1.28636,0.250785,-2.00495,1.28945,0.228893,-2.00495,1.2705,0.226553,-2.01894,1.40031,0.266873,-2.20576,1.421,0.269795,-2.19045,1.42442,0.245551,-2.19045,1.40368,0.242988,-2.20576
0.250852,-1.22044,-2.46996,50.0467,838896869,-1.00404,-0.81265,-2.01894,-1.01947,-0.823879,-2.00495,-1.03248,-0.806002,-2.00495,-1.01686,-0.795041,-2.01894,-1.11253,-0.891591,-2.20576,-1.12942,-0.903886,-2.19045,-1.14383,-0.884089,-2.19045,-1.12672,-0.872086,-2.20576
0.191064,-1.2197,-0.707451,1.76846,838896970,0.990077,-0.831679,-2.01894,1.00404,-0.844687,-2.00495,0.988698,-0.860602,-2.00495,0.97496,-0.847355,-2.01894,1.08828,-0.923119,-2.20576,1.10358,-0.937363,-2.19045,1.08658,-0.954988,-2.19045,1.07154,-0.940483,-2.20576
0.305862,-1.22044,-0.34105,-7.28382,838896991,1.22106,-0.421319,-2.01894,1.23876,-0.428455,-2.00495,1.23049,-0.44896,-2.00495,1.21292,-0.441518,-2.01894,1.3455,-0.471483,-2.20576,1.36488,-0.479296,-2.19045,1.35572,-0.502005,-2.19045,1.33648,-0.493855,-2.20576
-0.0879302,-1.21972,-0.289356,-3.70433,838896994,1.24244,-0.358046,-2.01894,1.26049,-0.364248,-2.00495,1.25294,-0.385029,-2.00495,1.235,-0.378516,-2.01894,1.36935,-0.40163,-2.20576,1.38911,-0.408421,-2.19045,1.38076,-0.431435,-2.19045,1.36111,-0.424303,-2.20576
0.112455,-1.22047,-0.272021,-28.8477,838896995,1.24716,-0.336086,-2.01894,1.26531,-0.341968,-2.00495,1.2585,-0.363,-2.00495,1.24044,-0.356803,-2.01894,1.37479,-0.377441,-2.20576,1.39467,-0.383882,-2.19045,1.38712,-0.407174,-2.19045,1.36735,-0.400388,-2.20576
0.343695,-1.21975,-0.25484,1.06896,838896996,1.25401,-0.314949,-2.01894,1.27226,-0.320517,-2.00495,1.26545,-0.341549,-2.00495,1.24729,-0.335666,-2.01894,1.38236,-0.354074,-2.20576,1.40235,-0.36017,-2.19045,1.39481,-0.383462,-2.19045,1.37493,-0.377021,-2.20576
0.210545,-1.2205,-0.237505,1.1113,838896997,1.25796,-0.292838,-2.01894,1.27631,-0.298082,-2.00495,1.27023,-0.31934,-2.00495,1.25197,-0.313777,-2.01894,1.38696,-0.329709,-2.20576,1.40705,-0.335452,-2.19045,1.40032,-0.358994,-2.19045,1.38033,-0.352902,-2.20576
0.122006,-1.21984,-0.185803,29.5151,838897000,1.2726,-0.227675,-2.01894,1.2912,-0.231955,-2.00495,1.28587,-0.253411,-2.00495,1.26735,-0.24881,-2.01894,1.40337,-0.257744,-2.20576,1.42374,-0.26243,-2.19045,1.41784,-0.286192,-2.19045,1.39755,-0.281154,-2.20576
0.0392551,-1.23771,-0.164573,99.2614,838897153,1.27588,-0.200344,-2.06045,1.29482,-0.204356,-2.04655,1.29023,-0.225998,-2.04655,1.27137,-0.221649,-2.06045,1.40547,-0.227803,-2.24849,1.42607,-0.232167,-2.23337,1.42102,-0.255984,-2.23337,1.4005,-0.251255,-2.24849
0.45954,-1.23697,0.16326,2.48134,838897172,1.27372,0.22131,-2.06045,1.29293,0.223692,-2.04655,1.29526,0.201694,-2.04655,1.27601,0.199654,-2.06045,1.40522,0.237454,-2.24849,1.42611,0.240044,-2.23337,1.42868,0.215834,-2.23337,1.40774,0.213615,-2.24849
0.349888,-1.23694,0.201678,0.0845515,838897174,1.26435,0.270118,-2.06045,1.28347,0.273165,-2.04655,1.28656,0.25126,-2.04655,1.2674,0.248554,-2.06045,1.39521,0.29081,-2.24849,1.41601,0.294124,-2.23337,1.41941,0.270017,-2.23337,1.39856,0.267074,-2.24849
0.374844,-1.23766,0.219012,-5.31102,838897175,1.25822,0.291723,-2.06045,1.27727,0.295096,-2.04655,1.28113,0.273313,-2.04655,1.26201,0.270278,-2.06045,1.38866,0.314812,-2.24849,1.40939,0.318481,-2.23337,1.41363,0.294508,-2.23337,1.39283,0.291207,-2.24849
0.197775,-1.23686,-0.776485,12.8447,838897478,0.930332,-0.897956,-2.06045,0.943549,-0.912101,-2.04655,0.927119,-0.926914,-2.04655,0.914158,-0.912539,-2.06045,1.02067,-0.994869,-2.24849,1.03504,-1.01025,-2.23337,1.01696,-1.02656,-2.23337,1.00286,-1.01092,-2.24849
0.189306,-1.23684,-0.392903,-9.53657,838897500,1.1988,-0.484545,-2.06045,1.21636,-0.492708,-2.04655,1.20667,-0.512598,-2.04655,1.18927,-0.504126,-2.06045,1.31887,-0.540558,-2.24849,1.33796,-0.549436,-2.23337,1.3273,-0.571326,-2.23337,1.30837,-0.562111,-2.24849
0.192908,-1.23683,-0.323874,10.1477,838897504,1.22937,-0.400711,-2.06045,1.24745,-0.407629,-2.04655,1.23918,-0.428146,-2.04655,1.22123,-0.420909,-2.06045,1.35305,-0.448205,-2.24849,1.37271,-0.45573,-2.23337,1.36361,-0.47831,-2.23337,1.34409,-0.470438,-2.24849
0.319271,-1.23758,-0.306544,-6.95912,838897505,1.23485,-0.378932,-2.06045,1.25305,-0.385537,-2.04655,1.2455,-0.406331,-2.04655,1.22742,-0.399402,-2.06045,1.35937,-0.424139,-2.24849,1.37916,-0.431324,-2.23337,1.37085,-0.454208,-2.23337,1.35119,-0.446672,-2.24849
0.749383,-1.23685,-0.289358,0.302894,838897506,1.24244,-0.358045,-2.06045,1.26075,-0.364327,-2.04655,1.2532,-0.38512,-2.04655,1.235,-0.378515,-2.06045,1.3677,-0.40119,-2.24849,1.38762,-0.408023,-2.23337,1.37931,-0.430908,-2.23337,1.35952,-0.423723,-2.24849
0.241509,-1.23768,-0.202994,-2.20025,838897511,1.26724,-0.249239,-2.06045,1.28602,-0.253906,-2.04655,1.28069,-0.275375,-2.04655,1.26199,-0.270375,-2.06045,1.3958,-0.281174,-2.24849,1.41623,-0.28625,-2.23337,1.41036,-0.309877,-2.23337,1.39002,-0.304439,-2.24849
0.0990939,-1.25474,-0.0265087,24.5026,838897673,1.2915,-0.0228607,-2.10248,1.31094,-0.0242051,-2.08876,1.30941,-0.0462742,-2.08876,1.29,-0.0445866,-2.10248,1.42195,-0.0318855,-2.29171,1.44309,-0.0333478,-2.27678,1.44141,-0.0576357,-2.27678,1.4203,-0.0558001,-2.29171
0.112286,-1.25407,0.128738,-19.2211,838897682,1.28068,0.177234,-2.10248,1.30009,0.178953,-2.08876,1.30165,0.156886,-2.08876,1.28222,0.15551,-2.10248,1.41096,0.188654,-2.29171,1.43207,0.190523,-2.27678,1.43379,0.166238,-2.27678,1.41265,0.164742,-2.29171
0.32945,-1.25487,0.184491,-10.556,838897685,1.26746,0.248115,-2.10248,1.28675,0.250839,-2.08876,1.28984,0.228934,-2.08876,1.2705,0.226552,-2.10248,1.39694,0.266396,-2.29171,1.41792,0.269358,-2.27678,1.42132,0.245252,-2.27678,1.40029,0.24266,-2.29171
0.177429,-1.25482,0.21901,10.6925,838897687,1.25822,0.291723,-2.10248,1.2774,0.295118,-2.08876,1.28125,0.273335,-2.08876,1.26201,0.270278,-2.10248,1.38697,0.314515,-2.29171,1.40784,0.318208,-2.27678,1.41208,0.294234,-2.27678,1.39115,0.29091,-2.29171
0.337885,-1.25478,0.253527,-33.1455,838897689,1.24745,0.334981,-2.10248,1.26651,0.339044,-2.08876,1.27112,0.317409,-2.08876,1.252,0.313682,-2.10248,1.37534,0.362255,-2.29171,1.39606,0.366675,-2.27678,1.40114,0.342865,-2.27678,1.38034,0.338811,-2.29171
0.290948,-1.25403,-0.603911,6.74414,838898000,1.07066,-0.72485,-2.10248,1.08623,-0.736559,-2.08876,1.07263,-0.754002,-2.08876,1.05727,-0.742022,-2.10248,1.17512,-0.80354,-2.29171,1.19206,-0.816276,-2.27678,1.17708,-0.835473,-2.27678,1.16038,-0.822442,-2.29171
0.140151,-1.25487,-0.513641,-29.4568,838898005,1.13042,-0.624639,-2.10248,1.14694,-0.634952,-2.08876,1.13523,-0.65372,-2.08876,1.11889,-0.643115,-2.10248,1.24135,-0.693862,-2.29171,1.25933,-0.705078,-2.27678,1.24644,-0.725733,-2.27678,1.22866,-0.714199,-2.29171
0.148919,-1.25475,-0.410089,-36.3594,838898011,1.18908,-0.504524,-2.10248,1.20659,-0.513051,-2.08876,1.19691,-0.532941,-2.08876,1.17954,-0.524105,-2.10248,1.30665,-0.561762,-2.29171,1.3257,-0.571037,-2.27678,1.31504,-0.592926,-2.27678,1.29615,-0.583315,-2.29171
0.0960458,-1.25399,-0.358391,6.81258,838898014,1.21482,-0.442895,-2.10248,1.23276,-0.450491,-2.08876,1.22378,-0.470707,-2.08876,1.20598,-0.462797,-2.10248,1.33521,-0.493987,-2.29171,1.35472,-0.502249,-2.27678,1.34483,-0.524497,-2.27678,1.32547,-0.515893,-2.29171
0.162565,-1.25473,-0.34106,-12.0798,838898015,1.22106,-0.42132,-2.10248,1.23913,-0.428604,-2.08876,1.23086,-0.449121,-2.08876,1.21292,-0.441519,-2.10248,1.34234,-0.470211,-2.29171,1.36199,-0.478134,-2.27678,1.35289,-0.500714,-2.27678,1.33337,-0.492444,-2.29171
0.150918,-1.25399,-0.323876,-19.2739,838898016,1.22937,-0.400711,-2.10248,1.24756,-0.407676,-2.08876,1.23929,-0.428193,-2.08876,1.22123,-0.420909,-2.10248,1.35147,-0.447567,-2.29171,1.37126,-0.455142,-2.27678,1.36215,-0.477722,-2.27678,1.3425,-0.4698,-2.29171
0.179489,-1.25401,-0.289361,-12.036,838898018,1.24244,-0.358045,-2.10248,1.26086,-0.364369,-2.08876,1.25332,-0.385163,-2.08876,1.235,-0.378515,-2.10248,1.3661,-0.400608,-2.29171,1.38614,-0.407487,-2.27678,1.37783,-0.430371,-2.27678,1.35792,-0.42314,-2.29171
0.184566,-1.25476,-0.27203,-4.08233,838898019,1.24716,-0.336087,-2.10248,1.26569,-0.342091,-2.08876,1.25887,-0.363136,-2.08876,1.24044,-0.356804,-2.10248,1.37155,-0.376392,-2.29171,1.39171,-0.382923,-2.27678,1.3842,-0.406084,-2.27678,1.36416,-0.399197,-2.29171
0.122728,-1.25403,-0.254845,-19.2108,838898020,1.25401,-0.314948,-2.10248,1.27264,-0.320625,-2.08876,1.26583,-0.34167,-2.08876,1.24729,-0.335665,-2.10248,1.37908,-0.353166,-2.29171,1.39935,-0.359341,-2.27678,1.39184,-0.382502,-2.27678,1.37169,-0.375971,-2.29171
0.118577,-1.25407,-0.220328,13.2558,838898022,1.26406,-0.271473,-2.10248,1.28289,-0.276496,-2.08876,1.27681,-0.297766,-2.08876,1.25808,-0.292412,-2.10248,1.39039,-0.3053,-2.29171,1.41087,-0.310763,-2.27678,1.40418,-0.334172,-2.27678,1.3838,-0.328349,-2.29171
0.126837,-1.27123,-0.147394,-6.65656,838898178,1.28049,-0.178606,-2.14506,1.29974,-0.182333,-2.13152,1.29515,-0.203974,-2.13152,1.27597,-0.199911,-2.14506,1.40718,-0.203209,-2.33546,1.42812,-0.207263,-2.32073,1.42307,-0.23108,-2.32073,1.40221,-0.22666,-2.33546
-0.196563,-1.27118,-0.112875,-3.07543,838898180,1.28595,-0.134319,-2.14506,1.30532,-0.137372,-2.13152,1.3015,-0.15916,-2.13152,1.28219,-0.155769,-2.14506,1.41343,-0.154482,-2.33546,1.4345,-0.157802,-2.32073,1.43029,-0.181781,-2.32073,1.40928,-0.178092,-2.33546
0.19481,-1.27118,0.23619,-3.79486,838898200,1.25434,0.313604,-2.14506,1.27359,0.317359,-2.13152,1.27744,0.295576,-2.13152,1.25814,0.292159,-2.14506,1.38103,0.338256,-2.33546,1.40196,0.342341,-2.32073,1.4062,0.318368,-2.32073,1.38521,0.314652,-2.33546
0.416007,-1.27112,-2.45279,-51.4243,838898406,-0.990968,-0.830617,-2.14506,-1.00662,-0.842429,-2.13152,-1.01963,-0.824542,-2.13152,-1.00378,-0.813007,-2.14506,-1.09402,-0.908317,-2.33546,-1.11104,-0.921166,-2.32073,-1.12536,-0.90148,-2.32073,-1.10812,-0.888934,-2.33546
0.228963,-1.272,-0.513643,-31.2735,838898517,1.13042,-0.624639,-2.14506,1.14705,-0.635017,-2.13152,1.13534,-0.653785,-2.13152,1.11889,-0.643115,-2.14506,1.23989,-0.692952,-2.33546,1.25798,-0.70424,-2.32073,1.2451,-0.724895,-2.32073,1.2272,-0.713289,-2.33546
0.118059,-1.27112,-0.323879,-10.3165,838898528,1.22937,-0.400711,-2.14506,1.24768,-0.407722,-2.13152,1.23941,-0.428239,-2.13152,1.22123,-0.420909,-2.14506,1.34987,-0.446925,-2.33546,1.36979,-0.45455,-2.32073,1.36069,-0.47713,-2.32073,1.34091,-0.469158,-2.33546
0.106625,-1.27116,-0.254848,9.41228,838898532,1.25401,-0.314948,-2.14506,1.27276,-0.320663,-2.13152,1.26594,-0.341708,-2.13152,1.24729,-0.335665,-2.14506,1.37744,-0.352637,-2.33546,1.39784,-0.358853,-2.32073,1.39034,-0.382014,-2.32073,1.37005,-0.375441,-2.33546
0.308263,-1.27193,-0.237516,4.11758,838898533,1.25796,-0.292839,-2.14506,1.27681,-0.298226,-2.13152,1.27073,-0.319496,-2.13152,1.25197,-0.313778,-2.14506,1.38203,-0.328303,-2.33546,1.40253,-0.334163,-2.32073,1.39584,-0.357571,-2.32073,1.37544,-0.351351,-2.33546
0.107168,-1.28833,-0.147397,11.6354,838898690,1.28049,-0.178606,-2.18821,1.29986,-0.182358,-2.17484,1.29527,-0.203999,-2.17484,1.27597,-0.199911,-2.18821,1.40549,-0.20285,-2.37977,1.42656,-0.206932,-2.36523,1.42151,-0.230749,-2.36523,1.40052,-0.226302,-2.37977
0.10846,-1.28828,-0.112878,31.3512,838898692,1.28595,-0.134319,-2.18821,1.30544,-0.137393,-2.17484,1.30162,-0.159181,-2.17484,1.28219,-0.155769,-2.18821,1.41173,-0.154183,-2.37977,1.43293,-0.157526,-2.36523,1.42871,-0.181505,-2.36523,1.40758,-0.177793,-2.37977
0.222025,-1.28902,-0.0955433,43.1246,838898693,1.28679,-0.111875,-2.18821,1.30633,-0.114607,-2.17484,1.30326,-0.136516,-2.17484,1.28378,-0.133443,-2.18821,1.41288,-0.129507,-2.37977,1.43413,-0.132479,-2.36523,1.43076,-0.15659,-2.36523,1.40956,-0.153248,-2.37977
0.103816,-1.28823,-0.043846,9.63563,838898696,1.29223,-0.0453082,-2.18821,1.31189,-0.0470139,-2.17484,1.30959,-0.0690162,-2.17484,1.28997,-0.0669683,-2.18821,1.41909,-0.0563436,-2.37977,1.44046,-0.0581989,-2.36523,1.43794,-0.0824133,-2.36523,1.4166,-0.0801859,-2.37977
0.486894,-1.28833,0.201669,0.186153,838898710,1.26435,0.270118,-2.18821,1.28384,0.273217,-2.17484,1.28693,0.251312,-2.17484,1.2674,0.248554,-2.18821,1.39011,0.29009,-2.37977,1.4113,0.29346,-2.36523,1.41471,0.269353,-2.36523,1.39346,0.266353,-2.37977
0.412249,-1.28906,0.219005,-1.02363,838898711,1.25822,0.291723,-2.18821,1.27764,0.295161,-2.17484,1.28149,0.273378,-2.17484,1.26201,0.270278,-2.18821,1.38358,0.313914,-2.37977,1.40471,0.317654,-2.36523,1.40895,0.29368,-2.36523,1.38776,0.290309,-2.37977
0.180387,-1.28828,0.236188,-2.01268,838898712,1.25434,0.313604,-2.18821,1.27371,0.317381,-2.17484,1.27756,0.295597,-2.17484,1.25814,0.292159,-2.18821,1.37933,0.337955,-2.37977,1.40039,0.342063,-2.36523,1.40463,0.31809,-2.36523,1.3835,0.31435,-2.37977
0.315769,-1.28902,-1.49181,-44.7739,838898973,0.113274,-1.28667,-2.18821,0.113976,-1.30638,-2.17484,0.0918678,-1.30717,-2.17484,0.0915096,-1.28745,-2.18821,0.117804,-1.41391,-2.37977,0.118568,-1.43535,-2.36523,0.0942374,-1.43621,-2.36523,0.0938478,-1.41476,-2.37977
0.189574,-1.28911,-0.513645,1.90457,838899029,1.13042,-0.624639,-2.18821,1.14715,-0.635082,-2.17484,1.13544,-0.653849,-2.17484,1.11889,-0.643115,-2.18821,1.23843,-0.692037,-2.37977,1.25663,-0.703395,-2.36523,1.24374,-0.72405,-2.36523,1.22574,-0.712374,-2.37977
0.287792,-1.28899,-0.410093,2.01613,838899035,1.18908,-0.504524,-2.18821,1.20681,-0.513159,-2.17484,1.19713,-0.533049,-2.17484,1.17954,-0.524105,-2.18821,1.30355,-0.560253,-2.37977,1.32284,-0.569645,-2.36523,1.31218,-0.591535,-2.36523,1.29305,-0.581807,-2.37977
0.258567,-1.28824,-0.289367,6.92765,838899042,1.24244,-0.358045,-2.18821,1.2611,-0.364453,-2.17484,1.25355,-0.385247,-2.17484,1.235,-0.378515,-2.18821,1.36286,-0.399432,-2.37977,1.38315,-0.406402,-2.36523,1.37484,-0.429286,-2.36523,1.35468,-0.421964,-2.37977
0.163167,-1.28904,-0.237518,-10.2459,838899045,1.25796,-0.292839,-2.18821,1.27692,-0.29826,-2.17484,1.27084,-0.31953,-2.17484,1.25197,-0.313778,-2.18821,1.38037,-0.327828,-2.37977,1.401,-0.333724,-2.36523,1.39431,-0.357133,-2.36523,1.37378,-0.350876,-2.37977
0.00237807,-1.3062,-0.164581,-3.49595,838899201,1.27588,-0.200344,-2.23194,1.2953,-0.204458,-2.21875,1.29071,-0.226099,-2.21875,1.27137,-0.221649,-2.23194,1.39873,-0.226375,-2.42464,1.41985,-0.230849,-2.4103,1.4148,-0.254666,-2.4103,1.39376,-0.249826,-2.42464
0.0909219,-1.30541,-0.147399,-33.6033,838899202,1.28049,-0.178606,-2.23194,1.29997,-0.182383,-2.21875,1.29539,-0.204024,-2.21875,1.27597,-0.199911,-2.23194,1.40379,-0.20249,-2.42464,1.42499,-0.206599,-2.4103,1.41994,-0.230416,-2.4103,1.39882,-0.225941,-2.42464
-0.015185,-1.30614,-0.130062,-3.5659,838899203,1.28211,-0.156205,-2.23194,1.30166,-0.159638,-2.21875,1.29783,-0.181427,-2.21875,1.27834,-0.177655,-2.23194,1.40579,-0.177929,-2.42464,1.42705,-0.181663,-2.4103,1.42284,-0.205642,-2.4103,1.40165,-0.20154,-2.42464
0.0335711,-1.30537,-0.112881,-2.47124,838899204,1.28595,-0.134319,-2.23194,1.30556,-0.137414,-2.21875,1.30173,-0.159202,-2.21875,1.28219,-0.155769,-2.23194,1.41002,-0.153882,-2.42464,1.43134,-0.157248,-2.4103,1.42713,-0.181227,-2.4103,1.40587,-0.177493,-2.42464
0.106874,-1.3061,-0.0955453,33.3602,838899205,1.28679,-0.111875,-2.23194,1.30645,-0.114624,-2.21875,1.30338,-0.136532,-2.21875,1.28378,-0.133443,-2.23194,1.41116,-0.129267,-2.42464,1.43254,-0.132256,-2.4103,1.42917,-0.156367,-2.4103,1.40784,-0.153007,-2.42464
0.0625249,-1.30533,-0.0783644,-2.24562,838899206,1.28987,-0.0898685,-2.23194,1.30957,-0.0922762,-2.21875,1.30651,-0.114185,-2.21875,1.28685,-0.111436,-2.23194,1.41454,-0.105087,-2.42464,1.43597,-0.107706,-2.4103,1.4326,-0.131817,-2.4103,1.41122,-0.128828,-2.42464
0.170559,-1.30541,0.201666,-16.8558,838899222,1.26435,0.270118,-2.23194,1.28396,0.273233,-2.21875,1.28705,0.251329,-2.21875,1.2674,0.248554,-2.23194,1.38839,0.289847,-2.42464,1.40971,0.293235,-2.4103,1.41311,0.269128,-2.4103,1.39174,0.26611,-2.42464
0.139844,-1.30533,-0.776496,18.8671,838899526,0.930332,-0.897956,-2.23194,0.943877,-0.912465,-2.21875,0.927447,-0.927279,-2.21875,0.914158,-0.912539,-2.23194,1.01605,-0.98975,-2.42464,1.03079,-1.00553,-2.4103,1.0127,-1.02183,-2.4103,0.998249,-1.0058,-2.42464
0.219761,-1.30539,-0.569402,52.2325,838899538,1.09498,-0.687437,-2.23194,1.11125,-0.69881,-2.21875,1.09826,-0.716718,-2.21875,1.0822,-0.705066,-2.23194,1.19793,-0.759386,-2.42464,1.21562,-0.771757,-2.4103,1.20133,-0.791465,-2.4103,1.18385,-0.778792,-2.42464
0.188434,-1.30541,-0.496465,-23.3667,838899542,1.14218,-0.605787,-2.23194,1.1592,-0.616001,-2.21875,1.14749,-0.634769,-2.21875,1.13065,-0.624263,-2.23194,1.24988,-0.670403,-2.42464,1.26839,-0.681513,-2.4103,1.2555,-0.702168,-2.4103,1.23719,-0.690741,-2.42464
0.253881,-1.3061,-0.444611,-8.72943,838899545,1.17093,-0.545238,-2.23194,1.18846,-0.554543,-2.21875,1.17808,-0.574082,-2.21875,1.16072,-0.564473,-2.23194,1.28184,-0.604116,-2.42464,1.30091,-0.614236,-2.4103,1.2895,-0.635741,-2.4103,1.2706,-0.625289,-2.42464
-0.0245529,-1.30544,-0.185817,-3.15263,838899560,1.2726,-0.227674,-2.23194,1.29194,-0.232124,-2.21875,1.28661,-0.253594,-2.21875,1.26735,-0.248809,-2.23194,1.395,-0.255818,-2.42464,1.41604,-0.260659,-2.4103,1.41017,-0.284287,-2.4103,1.38922,-0.279083,-2.42464
0.192968,-1.32326,0.0425069,-1.47956,838899725,1.28998,0.0662646,-2.27679,1.31011,0.0662805,-2.26367,1.31012,0.0441464,-2.26367,1.29,0.0444868,-2.27679,1.41394,0.0663629,-2.47054,1.43568,0.0663801,-2.45637,1.4357,0.0421663,-2.45637,1.41396,0.0425341,-2.47054
0.275878,-1.3225,-0.638438,7.57308,838900046,1.04505,-0.76139,-2.27679,1.0607,-0.774038,-2.26367,1.04649,-0.791005,-2.26367,1.03107,-0.778083,-2.27679,1.14139,-0.839418,-2.47054,1.1583,-0.853087,-2.45637,1.14275,-0.871649,-2.45637,1.12608,-0.857684,-2.47054
0.154308,-1.32325,-0.341074,44.0737,838900063,1.22106,-0.421321,-2.27679,1.23972,-0.428845,-2.26367,1.23145,-0.449374,-2.26367,1.21292,-0.44152,-2.27679,1.33602,-0.467667,-2.47054,1.35619,-0.475798,-2.45637,1.34714,-0.498255,-2.45637,1.32711,-0.489768,-2.47054
0.115203,-1.32326,-0.306559,16.7615,838900065,1.23485,-0.378932,-2.27679,1.25377,-0.3858,-2.26367,1.24621,-0.406605,-2.26367,1.22742,-0.399403,-2.27679,1.35137,-0.421235,-2.47054,1.37181,-0.428656,-2.45637,1.36354,-0.451416,-2.45637,1.34323,-0.443633,-2.47054
0.158381,-1.3225,-0.289373,8.97475,838900066,1.24244,-0.358044,-2.27679,1.26147,-0.364576,-2.26367,1.25392,-0.385381,-2.26367,1.235,-0.378514,-2.27679,1.35965,-0.398418,-2.47054,1.38022,-0.405477,-2.45637,1.37196,-0.428238,-2.45637,1.35152,-0.420816,-2.47054
0.339712,-1.33972,-2.90541,-50.5577,838900428,-1.25434,-0.313605,-2.32205,-1.2742,-0.317482,-2.30911,-1.27806,-0.295687,-2.30911,-1.25814,-0.29216,-2.32205,-1.37444,-0.336946,-2.51684,-1.3959,-0.341135,-2.50285,-1.40012,-0.317292,-2.50285,-1.37859,-0.313481,-2.51684
0.300317,-1.33976,-1.89273,50.0254,838900486,-0.398246,-1.23002,-2.32205,-0.405482,-1.24892,-2.30911,-0.42601,-1.24064,-2.30911,-0.418443,-1.22188,-2.32205,-0.442095,-1.34423,-2.51684,-0.449916,-1.36466,-2.50285,-0.472372,-1.3556,-2.50285,-0.464195,-1.33532,-2.51684
0.10915,-1.34041,-0.341075,5.04377,838900575,1.22106,-0.421321,-2.32205,1.23982,-0.428886,-2.30911,1.23155,-0.449414,-2.30911,1.21292,-0.44152,-2.32205,1.33451,-0.467058,-2.51684,1.35479,-0.475233,-2.50285,1.34574,-0.49769,-2.50285,1.3256,-0.489158,-2.51684
0.339106,-1.33969,-0.254859,-8.20275,838900580,1.25401,-0.314947,-2.32205,1.27336,-0.320844,-2.30911,1.26654,-0.3419,-2.30911,1.24729,-0.335664,-2.32205,1.37101,-0.350701,-2.51684,1.39193,-0.357074,-2.50285,1.38446,-0.380109,-2.50285,1.36366,-0.373369,-2.51684
0.239137,-1.35689,-0.84554,46.4396,838901058,0.866106,-0.959902,-2.36792,0.878919,-0.975702,-2.35515,0.861486,-0.98934,-2.35515,0.848954,-0.97332,-2.36792,0.942084,-1.05369,-2.56372,0.955931,-1.07077,-2.54992,0.936859,-1.08569,-2.54992,0.923316,-1.06838,-2.56372
0.356023,-1.35755,-0.341077,-0.0896038,838901087,1.22106,-0.421321,-2.36792,1.23992,-0.428926,-2.35515,1.23165,-0.449455,-2.35515,1.21292,-0.44152,-2.36792,1.33299,-0.466445,-2.56372,1.35338,-0.474664,-2.54992,1.34433,-0.497121,-2.54992,1.32408,-0.488546,-2.56372
0.285834,-1.35678,-0.323893,-8.68316,838901088,1.22937,-0.40071,-2.36792,1.24837,-0.407984,-2.35515,1.24009,-0.428513,-2.35515,1.22123,-0.420908,-2.36792,1.34207,-0.443932,-2.56372,1.3626,-0.451793,-2.54992,1.35355,-0.474251,-2.54992,1.33316,-0.466033,-2.56372
0.12444,-1.35683,-0.254861,6.13296,838901092,1.25401,-0.314947,-2.36792,1.27347,-0.320877,-2.35515,1.26664,-0.341934,-2.35515,1.24729,-0.335664,-2.36792,1.36945,-0.350196,-2.56372,1.39048,-0.356605,-2.54992,1.38301,-0.37964,-2.54992,1.3621,-0.372864,-2.56372
0.13621,-1.35687,-0.220344,-5.58016,838901094,1.26406,-0.271472,-2.36792,1.28372,-0.276719,-2.35515,1.27764,-0.298001,-2.35515,1.25808,-0.292411,-2.36792,1.38067,-0.302668,-2.56372,1.40191,-0.308338,-2.54992,1.39525,-0.33162,-2.54992,1.37412,-0.325579,-2.56372
0.230687,-1.3739,0.0596859,33.8337,838901262,1.28997,0.0884875,-2.41441,1.31041,0.08886,-2.40181,1.31043,0.0667259,-2.40181,1.28998,0.0667097,-2.41441,1.40901,0.0906329,-2.61122,1.4311,0.0910355,-2.5976,1.43112,0.0668217,-2.5976,1.40902,0.0668041,-2.61122
0.301379,-1.3747,-2.53902,51.6185,838901473,-1.05765,-0.741432,-2.41441,-1.07498,-0.752279,-2.40181,-1.08673,-0.733516,-2.40181,-1.06921,-0.722972,-2.41441,-1.15856,-0.804583,-2.61122,-1.17729,-0.816305,-2.5976,-1.19014,-0.795779,-2.5976,-1.1712,-0.784384,-2.61122
0.657617,-1.374,-0.845542,49.6624,838901570,0.866106,-0.959901,-2.41441,0.878985,-0.975785,-2.40181,0.861552,-0.989424,-2.40181,0.848954,-0.97332,-2.41441,0.94107,-1.0524,-2.61122,0.954987,-1.06956,-2.5976,0.935916,-1.08448,-2.5976,0.922302,-1.06708,-2.61122
0.361463,-1.37474,-0.828207,45.1609,838901571,0.881746,-0.943785,-2.41441,0.894899,-0.959439,-2.40181,0.877952,-0.973678,-2.40181,0.865073,-0.957795,-2.41441,0.958324,-1.03492,-2.61122,0.972538,-1.05184,-2.5976,0.953999,-1.06742,-2.5976,0.94008,-1.05025,-2.61122
0.174321,-1.37466,-0.724659,-5.82139,838901577,0.974652,-0.847674,-2.41441,0.98937,-0.861866,-2.40181,0.974007,-0.8778,-2.40181,0.959536,-0.863351,-2.41441,1.06034,-0.930303,-2.61122,1.07625,-0.94564,-2.5976,1.05944,-0.96307,-2.5976,1.0438,-0.947456,-2.61122
0.159374,-1.39181,-0.237534,-5.21394,838902117,1.25796,-0.29284,-2.46154,1.27772,-0.298487,-2.44911,1.27163,-0.319769,-2.44911,1.25197,-0.313779,-2.46154,1.37082,-0.3251,-2.65934,1.39217,-0.331203,-2.64591,1.38552,-0.354485,-2.64591,1.36427,-0.348011,-2.65934
0.343642,-1.40889,1.02066,-49.759,838902341,0.66555,1.10704,-2.5098,0.677195,1.12433,-2.49743,0.695564,1.11196,-2.49743,0.683614,1.09488,-2.5098,0.730259,1.20313,-2.7085,0.742765,1.2217,-2.69522,0.762745,1.20824,-2.69522,0.749911,1.1899,-2.7085
0.257801,-1.409,1.89137,18.41,838902391,-0.41777,1.22208,-2.5098,-0.423534,1.24212,-2.49743,-0.402251,1.24824,-2.49743,-0.396842,1.2281,-2.5098,-0.449799,1.33341,-2.7085,-0.455989,1.35493,-2.69522,-0.432839,1.36159,-2.69522,-0.427029,1.33996,-2.7085
0.254529,-1.409,-0.552089,16.5978,838902611,1.10557,-0.667632,-2.5098,1.12286,-0.679274,-2.49743,1.11049,-0.697644,-2.49743,1.09341,-0.685697,-2.5098,1.20167,-0.732328,-2.7085,1.22024,-0.744831,-2.69522,1.20679,-0.764813,-2.69522,1.18843,-0.751982,-2.7085
0.161379,-1.40897,-0.479151,18.1206,838902615,1.15136,-0.585294,-2.5098,1.16942,-0.595705,-2.49743,1.15836,-0.614891,-2.49743,1.14049,-0.604161,-2.5098,1.25173,-0.64315,-2.7085,1.27112,-0.654332,-2.69522,1.25909,-0.675201,-2.69522,1.23989,-0.663677,-2.7085
0.120108,-1.4089,-0.410118,-7.03723,838902619,1.18908,-0.504526,-2.5098,1.20782,-0.513651,-2.49743,1.19813,-0.533562,-2.49743,1.17954,-0.524106,-2.5098,1.29323,-0.555235,-2.7085,1.31336,-0.565035,-2.69522,1.30282,-0.586693,-2.69522,1.28286,-0.576538,-2.7085
0.278442,-1.42529,-2.76736,48.5888,838902996,-1.19932,-0.483262,-2.55868,-1.21912,-0.490099,-2.54647,-1.22598,-0.469042,-2.54647,-1.20607,-0.462556,-2.55868,-1.30741,-0.520488,-2.75827,-1.32867,-0.52783,-2.74516,-1.33613,-0.504926,-2.74516,-1.31475,-0.49796,-2.75827
0.206249,-1.42608,-2.0519,50.342,838903037,-0.587606,-1.15029,-2.55868,-0.598063,-1.16844,-2.54647,-0.61725,-1.15738,-2.54647,-0.606475,-1.13942,-2.55868,-0.644678,-1.24932,-2.75827,-0.655908,-1.26881,-2.74516,-0.676778,-1.25678,-2.74516,-0.665206,-1.23749,-2.75827
0.12887,-1.4261,-0.621126,17.2,838903119,1.05699,-0.742373,-2.55868,1.07351,-0.755252,-2.54647,1.05989,-0.772714,-2.54647,1.0436,-0.759545,-2.55868,1.14712,-0.812669,-2.75827,1.16486,-0.826501,-2.74516,1.15004,-0.845495,-2.74516,1.13255,-0.831351,-2.75827
0.226079,-1.44325,1.82233,40.5953,838903411,-0.332517,1.24811,-2.60821,-0.336907,1.26869,-2.59617,-0.315249,1.27331,-2.59617,-0.311219,1.25266,-2.60821,-0.356049,1.35838,-2.80869,-0.360764,1.38047,-2.79575,-0.337206,1.3855,-2.79575,-0.332877,1.36332,-2.80869
0.221,-1.44322,-2.47,-41.9461,838903525,-1.00404,-0.812647,-2.60821,-1.02105,-0.825025,-2.59617,-1.03408,-0.807118,-2.59617,-1.01686,-0.795038,-2.60821,-1.09521,-0.878986,-2.80869,-1.11348,-0.892279,-2.79575,-1.12765,-0.872801,-2.79575,-1.10915,-0.859828,-2.80869
0.274015,-1.44255,-0.496487,-0.116395,838903638,1.14218,-0.605786,-2.60821,1.16022,-0.61661,-2.59617,1.1485,-0.635398,-2.59617,1.13065,-0.624262,-2.60821,1.23885,-0.663847,-2.80869,1.25822,-0.675471,-2.79575,1.24547,-0.695907,-2.79575,1.2263,-0.683948,-2.80869
0.233754,-1.44327,-0.444637,-11.717,838903641,1.17093,-0.545239,-2.60821,1.18951,-0.555102,-2.59617,1.17912,-0.574663,-2.59617,1.16071,-0.564475,-2.60821,1.27051,-0.598102,-2.80869,1.29047,-0.608695,-2.79575,1.27917,-0.629971,-2.79575,1.2594,-0.61903,-2.80869
0.290561,-1.44329,-0.237545,-4.38064,838903653,1.25796,-0.29284,-2.60821,1.27818,-0.298622,-2.59617,1.2721,-0.319915,-2.59617,1.25197,-0.31378,-2.60821,1.36636,-0.323826,-2.80869,1.38808,-0.330035,-2.79575,1.38146,-0.353196,-2.79575,1.35985,-0.346607,-2.80869
0.192388,-1.45965,1.52497,39.4585,838903906,0.0478446,1.292,-2.65843,0.0496694,1.31305,-2.64655,0.0716958,1.31076,-2.64655,0.0695051,1.28974,-2.65843,0.0574682,1.40279,-2.85978,0.0594279,1.4254,-2.84702,0.0833866,1.4229,-2.84702,0.0810338,1.40033,-2.85978
0.100134,-1.45967,-0.496489,-1.03683,838904150,1.14218,-0.605786,-2.65843,1.1603,-0.616659,-2.64655,1.14858,-0.635447,-2.64655,1.13065,-0.624262,-2.65843,1.23752,-0.663021,-2.85978,1.25698,-0.674698,-2.84702,1.24423,-0.695135,-2.84702,1.22498,-0.683122,-2.85978
0.12553,-1.46037,-0.272063,7.36406,838904163,1.24716,-0.336089,-2.65843,1.26726,-0.342601,-2.64655,1.26043,-0.363669,-2.64655,1.24044,-0.356806,-2.65843,1.35293,-0.370361,-2.85978,1.37452,-0.377355,-2.84702,1.36709,-0.400271,-2.84702,1.34563,-0.3929,-2.85978
0.185779,-1.47749,0.253492,7.12833,838904345,1.24745,0.334979,-2.70935,1.26821,0.339405,-2.69763,1.27283,0.317747,-2.69763,1.252,0.31368,-2.70935,1.35466,0.357844,-2.91156,1.37695,0.362598,-2.89897,1.38198,0.339039,-2.89897,1.35961,0.334672,-2.91156
0.127171,-1.4768,0.861356,1.89218,838904380,0.833469,0.988266,-2.70935,0.847931,1.0038,-2.69763,0.863875,0.988429,-2.69763,0.849147,0.973151,-2.70935,0.90817,1.06852,-2.91156,0.923702,1.0852,-2.89897,0.941045,1.06848,-2.89897,0.925228,1.05207,-2.91156
0.127652,-1.47677,1.24884,43.9185,838904402,0.398245,1.23002,-2.70935,0.405841,1.24984,-2.69763,0.426379,1.24156,-2.69763,0.418442,1.22188,-2.70935,0.437469,1.3324,-2.91156,0.445626,1.35369,-2.89897,0.467966,1.34468,-2.89897,0.459443,1.32354,-2.91156
0.141187,-1.47744,1.36972,8.90558,838904409,0.246782,1.26791,-2.70935,0.2519,1.2885,-2.69763,0.273392,1.28316,-2.69763,0.267917,1.26266,-2.70935,0.273223,1.3743,-2.91156,0.27872,1.39641,-2.89897,0.302097,1.3906,-2.89897,0.296217,1.36858,-2.91156
0.287399,-1.47672,1.63242,48.9766,838904424,-0.091027,1.28974,-2.70935,-0.0914092,1.31096,-2.69763,-0.0692634,1.31098,-2.69763,-0.0692492,1.28976,-2.70935,-0.0930151,1.39936,-2.91156,-0.0934256,1.42215,-2.89897,-0.069337,1.42217,-2.89897,-0.0693218,1.39938,-2.91156
0.229636,-1.47749,1.99882,8.63152,838904445,-0.546508,1.17033,-2.70935,-0.554471,1.19,-2.69763,-0.533943,1.19831,-2.69763,-0.526322,1.17851,-2.70935,-0.587643,1.27194,-2.91156,-0.596195,1.29307,-2.89897,-0.573866,1.30211,-2.89897,-0.565681,1.28084,-2.91156
0.228648,-1.47666,2.74865,10.0691,838904488,-1.19881,0.484543,-2.70935,-1.21805,0.493501,-2.69763,-1.20835,0.513413,-2.69763,-1.18927,0.504124,-2.70935,-1.2982,0.530806,-2.91156,-1.31887,0.540426,-2.89897,-1.30832,0.562084,-2.89897,-1.28783,0.552108,-2.91156
0.130596,-1.47749,-2.8881,-5.1006,838904525,-1.24745,-0.334979,-2.70935,-1.26821,-0.339405,-2.69763,-1.27283,-0.317747,-2.69763,-1.252,-0.31368,-2.70935,-1.35466,-0.357844,-2.91156,-1.37695,-0.362598,-2.89897,-1.38198,-0.339039,-2.89897,-1.35961,-0.334672,-2.91156
0.250969,-1.47666,-2.48734,-11.7516,838904548,-1.01903,-0.795924,-2.70935,-1.03641,-0.808108,-2.69763,-1.0488,-0.789757,-2.69763,-1.03122,-0.777878,-2.70935,-1.10879,-0.858876,-2.91156,-1.12746,-0.871961,-2.89897,-1.14094,-0.852,-2.89897,-1.12206,-0.839242,-2.91156
0.411501,-1.47744,-2.47,-41.2498,838904549,-1.00404,-0.812647,-2.70935,-1.0212,-0.825133,-2.69763,-1.03423,-0.807227,-2.69763,-1.01686,-0.795038,-2.70935,-1.09268,-0.877147,-2.91156,-1.11111,-0.890556,-2.89897,-1.12528,-0.871079,-2.89897,-1.10662,-0.857989,-2.91156
0.169331,-1.4768,-1.93117,3.56036,838904580,-0.445197,-1.21373,-2.70935,-0.453475,-1.23327,-2.69763,-0.473714,-1.22428,-2.69763,-0.4651,-1.20489,-2.70935,-0.487947,-1.31469,-2.91156,-0.496837,-1.33568,-2.89897,-0.518851,-1.3259,-2.89897,-0.5096,-1.30507,-2.91156
-0.011739,0.0117399,-1.30135,-2.76648,838927144,0.333339,-1.24789,0.0269319,0.333339,-1.24789,0.00338405,0.354067,-1.24118,0.00338404,0.354057,-1.24118,0.0269319,0.404214,-1.4667,0.028832,0.404214,-1.4667,0.00338405,0.428761,-1.45875,0.00338404,0.42875,-1.45875,0.028832
0.0311541,0.0117298,-1.284,-1.56396,838927145,0.35532,-1.24317,0.0269319,0.35531,-1.24317,0.00338403,0.375791,-1.23574,0.00338405,0.375791,-1.23574,0.026932,0.430022,-1.46074,0.028832,0.430011,-1.46074,0.00338403,0.454265,-1.45194,0.00338405,0.454265,-1.45194,0.0288321
-0.0146047,0.0117404,-1.26683,-1.45165,838927146,0.376185,-1.23559,0.0269319,0.376185,-1.23559,0.00338404,0.396666,-1.22816,0.00338404,0.396656,-1.22816,0.0269319,0.454659,-1.45179,0.028832,0.454659,-1.45179,0.00338404,0.478913,-1.44299,0.00338404,0.478902,-1.44299,0.028832
0.261246,0.0302915,1.45667,46.1244,838927454,0.157902,1.282,0.0508939,0.157916,1.28219,0.0273468,0.136182,1.28373,0.0273468,0.136179,1.28354,0.0508939,0.174159,1.5114,0.054686,0.174174,1.51161,0.0292388,0.148436,1.51343,0.0292388,0.148433,1.51322,0.054686
0.123634,0.0302653,-1.31851,-34.7643,838927655,0.312223,-1.25473,0.0508939,0.312272,-1.25492,0.0273468,0.333,-1.24821,0.0273468,0.332941,-1.24802,0.0508939,0.379272,-1.47476,0.054686,0.379326,-1.47496,0.0292388,0.403873,-1.46701,0.0292388,0.403809,-1.46681,0.054686
1.18697,0.0302925,-1.30134,-0.428302,838927656,0.333339,-1.24789,0.0508939,0.333398,-1.24808,0.0273468,0.354126,-1.24136,0.0273468,0.354057,-1.24118,0.0508939,0.404207,-1.46668,0.054686,0.404271,-1.46688,0.0292388,0.428818,-1.45893,0.0292388,0.428743,-1.45873,0.054686
0.146551,0.0302665,-1.28399,11.1373,838927657,0.35532,-1.24317,0.0508939,0.355377,-1.24335,0.0273468,0.375857,-1.23592,0.0273468,0.375791,-1.23574,0.0508939,0.430014,-1.46071,0.054686,0.430074,-1.46091,0.0292388,0.454329,-1.45211,0.0292388,0.454257,-1.45191,0.054686
-0.0255854,0.0302939,-1.26683,-1.88805,838927658,0.376185,-1.23559,0.0508939,0.376251,-1.23578,0.0273468,0.396732,-1.22834,0.0273468,0.396656,-1.22816,0.0508939,0.454651,-1.45177,0.054686,0.454722,-1.45197,0.0292388,0.478976,-1.44316,0.0292388,0.478894,-1.44297,0.054686
0.162736,0.0487906,-1.3185,-8.7821,838928167,0.312223,-1.25473,0.0748583,0.312332,-1.25511,0.0513136,0.33306,-1.24839,0.0513136,0.332941,-1.24802,0.0748583,0.37926,-1.47472,0.0805421,0.379379,-1.47512,0.0550975,0.403926,-1.46717,0.0550975,0.403797,-1.46677,0.0805421
0.319555,0.0488345,-1.30134,2.70776,838928168,0.333339,-1.24789,0.0748583,0.333458,-1.24826,0.0513136,0.354186,-1.24155,0.0513136,0.354057,-1.24118,0.0748583,0.404195,-1.46664,0.0805421,0.404324,-1.46704,0.0550975,0.428871,-1.45909,0.0550975,0.428731,-1.45869,0.0805421
-0.0424903,0.0487925,-1.28399,-3.38656,838928169,0.35532,-1.24317,0.0748583,0.355443,-1.24354,0.0513136,0.375924,-1.2361,0.0513136,0.375791,-1.23574,0.0748583,0.43,-1.46068,0.0805421,0.430133,-1.46107,0.0550975,0.454387,-1.45227,0.0550975,0.454244,-1.45188,0.0805421
-0.0135262,0.0488368,-1.26682,-2.77993,838928170,0.376185,-1.23559,0.0748583,0.376317,-1.23596,0.0513136,0.396798,-1.22852,0.0513136,0.396656,-1.22816,0.0748583,0.454637,-1.45173,0.080542,0.45478,-1.45213,0.0550975,0.479034,-1.44332,0.0550975,0.478881,-1.44293,0.0805421
-0.0246525,0.0673606,-1.30134,-2.70589,838928680,0.333339,-1.24789,0.0988267,0.333518,-1.24845,0.075286,0.354246,-1.24173,0.075286,0.354057,-1.24118,0.0988267,0.404178,-1.46659,0.106402,0.404371,-1.46719,0.0809616,0.428918,-1.45924,0.0809616,0.428714,-1.45864,0.106402
-0.0390398,0.0673028,-1.28398,-2.08842,838928681,0.35532,-1.24317,0.0988267,0.355509,-1.24372,0.075286,0.37599,-1.23628,0.075286,0.375791,-1.23574,0.0988267,0.429982,-1.46063,0.106402,0.430185,-1.46122,0.0809616,0.45444,-1.45242,0.0809616,0.454225,-1.45183,0.106402
0.0770251,0.0673638,-1.26682,-20.5318,838928682,0.376185,-1.23559,0.0988267,0.376383,-1.23614,0.075286,0.396864,-1.22871,0.075286,0.396656,-1.22816,0.0988267,0.454619,-1.45168,0.106402,0.454833,-1.45227,0.0809616,0.479087,-1.44347,0.0809616,0.478862,-1.44288,0.106402
1.08859,0.103739,-1.56009,0.719059,838929689,0.00295859,-1.2928,0.14541,0.0029815,-1.29371,0.123253,0.0247476,-1.29221,0.123253,0.024685,-1.2913,0.14541,0.0147525,-1.52217,0.158875,0.0147796,-1.52325,0.132711,0.0405277,-1.52148,0.132711,0.0404538,-1.5204,0.158875
0.0419959,0.103827,-1.54291,-1.99315,838929690,0.0251028,-1.29127,0.14541,0.0251655,-1.29218,0.123253,0.0469316,-1.29069,0.123253,0.0468292,-1.28978,0.14541,0.0408716,-1.52037,0.158875,0.0409456,-1.52145,0.132711,0.0666938,-1.51967,0.132711,0.0665729,-1.5186,0.158875
-0.039727,0.103733,-1.52557,-2.19334,838929691,0.0475744,-1.29201,0.14541,0.0476292,-1.29292,0.123253,0.0693297,-1.29066,0.123253,0.0692353,-1.28976,0.14541,0.0673721,-1.52083,0.158875,0.0674367,-1.52191,0.132711,0.0931073,-1.51924,0.132711,0.0929959,-1.51816,0.158875
0.318799,0.121102,-1.56008,-5.78453,838930201,0.00295859,-1.2928,0.168009,0.00300797,-1.2941,0.145871,0.0247741,-1.2926,0.145871,0.024685,-1.2913,0.168009,0.014734,-1.5219,0.185468,0.0147923,-1.52343,0.159326,0.0405405,-1.52166,0.159326,0.0404353,-1.52013,0.185468
0.0700562,0.121204,-1.54291,-5.15686,838930202,0.0251028,-1.29127,0.168009,0.0251919,-1.29257,0.145871,0.046958,-1.29107,0.145871,0.0468292,-1.28978,0.168009,0.0408532,-1.5201,0.185468,0.0409584,-1.52163,0.159326,0.0667065,-1.51986,0.159326,0.0665544,-1.51834,0.185468
-0.0111732,0.121094,-1.52556,-2.49519,838930203,0.0475744,-1.29201,0.168009,0.047669,-1.2933,0.145871,0.0693695,-1.29105,0.145871,0.0692353,-1.28976,0.168009,0.0673442,-1.52056,0.185468,0.067456,-1.52209,0.159326,0.0931266,-1.51942,0.159326,0.092968,-1.5179,0.185468
-1.12189e-05,0.138446,-1.56007,-3.30465,838930713,0.00295859,-1.2928,0.190634,0.00303441,-1.29448,0.168522,0.0248005,-1.29298,0.168522,0.024685,-1.2913,0.190634,0.0147108,-1.52156,0.212083,0.0148003,-1.52355,0.185971,0.0405485,-1.52178,0.185971,0.0404121,-1.5198,0.212083
-0.00707884,0.138563,-1.5429,-3.3142,838930714,0.0251028,-1.29127,0.190634,0.0252184,-1.29295,0.168522,0.0469845,-1.29145,0.168522,0.0468292,-1.28978,0.190634,0.0408299,-1.51977,0.212083,0.0409663,-1.52175,0.185971,0.0667145,-1.51998,0.185971,0.0665312,-1.518,0.212083
-0.0780464,0.138438,-1.52555,-2.91997,838930715,0.0475744,-1.29201,0.190634,0.0477089,-1.29369,0.168522,0.0694094,-1.29143,0.168522,0.0692353,-1.28976,0.190634,0.0673092,-1.52023,0.212083,0.067468,-1.52221,0.185971,0.0931386,-1.51954,0.185971,0.092933,-1.51756,0.212083
0.199563,0.207942,2.853,-40.9185,838932654,-1.2351,0.37812,0.281796,-1.23823,0.378904,0.259733,-1.24354,0.357707,0.259733,-1.24039,0.356994,0.281796,-1.45531,0.433243,0.319,-1.459,0.434166,0.293029,-1.46526,0.409148,0.293029,-1.46155,0.408309,0.319
0.307958,0.329135,1.71966,49.771,838936173,-0.180875,1.28031,0.444874,-0.181982,1.28606,0.423231,-0.203392,1.28153,0.423231,-0.202181,1.27581,0.444874,-0.222857,1.49735,0.508621,-0.224155,1.50408,0.483254,-0.24934,1.49875,0.483254,-0.247921,1.49204,0.508621
0.205898,0.329138,-0.305707,45.8441,838936417,1.22971,-0.399653,0.444874,1.23536,-0.401176,0.423231,1.24068,-0.379948,0.423231,1.235,-0.378527,0.444874,1.44319,-0.45705,0.508621,1.44981,-0.458835,0.483254,1.45606,-0.433863,0.483254,1.44941,-0.432198,0.508621
0.188971,0.363865,2.97788,7.50523,838937269,-1.27367,0.22158,0.492617,-1.28023,0.222415,0.471046,-1.28255,0.200623,0.471046,-1.27597,0.199924,0.492617,-1.49085,0.2484,0.563617,-1.4985,0.249373,0.538468,-1.50121,0.223847,0.538468,-1.49355,0.223032,0.563617
0.243132,0.381537,1.49132,50.0674,838937696,0.113567,1.28665,0.51674,0.113816,1.2936,0.49528,0.0919158,1.29439,0.49528,0.0918033,1.28743,0.51674,0.121359,1.50412,0.591284,0.12165,1.51224,0.566263,0.0959965,1.51316,0.566263,0.0958653,1.50504,0.591284
0.273622,0.398962,0.513165,20.0904,838938152,1.13056,0.624382,0.540994,1.13676,0.62825,0.51965,1.12516,0.646845,0.51965,1.11903,0.64286,0.540994,1.31416,0.738887,0.619063,1.32139,0.743398,0.594177,1.3078,0.765179,0.594177,1.30066,0.760533,0.619063
0.506258,0.398904,1.35328,-51.2681,838938200,0.28955,1.25881,0.540994,0.290826,1.26601,0.51965,0.269248,1.26984,0.51965,0.268106,1.26262,0.540994,0.327339,1.47187,0.619063,0.328828,1.48026,0.594177,0.303552,1.48474,0.594177,0.302221,1.47632,0.619063
0.175788,0.41628,2.71503,40.5968,838938790,-1.17129,0.544467,0.565387,-1.17838,0.547343,0.544164,-1.18661,0.527032,0.544164,-1.17947,0.524284,0.565387,-1.37062,0.625245,0.646959,-1.3789,0.628598,0.622215,-1.38854,0.604807,0.622215,-1.3802,0.601602,0.646959
0.200048,0.415959,-1.17637,49.0098,838938927,0.486597,-1.19782,0.565387,0.489823,-1.20477,0.544164,0.50953,-1.19518,0.544164,0.506181,-1.1883,0.565387,0.57732,-1.39287,0.646959,0.581081,-1.40097,0.622215,0.604165,-1.38974,0.622215,0.600261,-1.38171,0.646959
0.486341,0.433321,2.97791,48.2036,838939317,-1.27367,0.22158,0.589926,-1.28161,0.222561,0.568831,-1.28393,0.200769,0.56883,-1.27597,0.199924,0.589926,-1.48581,0.247865,0.67498,-1.49507,0.249009,0.650384,-1.49778,0.223482,0.650384,-1.4885,0.222497,0.67498
0.347087,0.455276,-0.340175,49.0324,838939999,1.2152,-0.441851,0.621348,1.22317,-0.444317,0.60039,1.22924,-0.423229,0.60039,1.22122,-0.420923,0.621349,1.41829,-0.504052,0.709718,1.42753,-0.506909,0.685425,1.4346,-0.482331,0.685425,1.42531,-0.479658,0.709719
0.439247,0.49023,2.92214,46.9516,838940850,-1.25815,0.292009,0.671209,-1.267,0.293578,0.65052,-1.27083,0.271971,0.65052,-1.26195,0.270566,0.671209,-1.46446,0.328574,0.766148,-1.47471,0.330392,0.742167,-1.47918,0.30521,0.742167,-1.46889,0.30358,0.766148
0.239866,0.609865,2.20689,36.6179,838944393,-0.759077,1.04667,0.851239,-0.766058,1.0553,0.831665,-0.782899,1.0412,0.831665,-0.775773,1.03269,0.851239,-0.88381,1.20098,0.967656,-0.89185,1.21093,0.945111,-0.91137,1.19458,0.94511,-0.903161,1.18478,0.967656
0.26759,0.609829,2.83599,46.1472,838944429,-1.22971,0.399656,0.851239,-1.24043,0.402536,0.831665,-1.24577,0.381225,0.831665,-1.235,0.37853,0.851239,-1.42132,0.451192,0.967656,-1.43367,0.454509,0.945111,-1.43985,0.429809,0.945111,-1.42745,0.426705,0.967656
0.209358,0.627031,2.97797,39.1755,838944949,-1.27367,0.221583,0.877931,-1.28504,0.223007,0.858414,-1.28736,0.201136,0.858414,-1.27597,0.199927,0.877931,-1.46895,0.245654,0.997136,-1.48195,0.247284,0.974811,-1.48462,0.222087,0.974812,-1.4716,0.220704,0.997136
0.209774,0.64461,-0.952039,49.548,838945596,0.740045,-1.05863,0.904837,0.747255,-1.06787,0.885485,0.764599,-1.05435,0.885485,0.757218,-1.04523,0.904837,0.859972,-1.21241,1.02681,0.868221,-1.22299,1.00467,0.888202,-1.20741,1.00467,0.879758,-1.19698,1.02681
0.181026,0.695398,0.289014,-9.8614,838946843,1.24251,0.357778,0.987001,1.25437,0.36185,0.968162,1.24687,0.382526,0.968162,1.23509,0.37825,0.987001,1.42195,0.419358,1.11712,1.43551,0.424016,1.09557,1.42687,0.447835,1.09557,1.41339,0.442944,1.11712
0.0133633,0.713076,0.27168,-2.89232,838947354,1.24723,0.335806,1.0151,1.25949,0.339775,0.996316,1.25271,0.360722,0.996316,1.24052,0.356525,1.0151,1.42602,0.393691,1.14775,1.43994,0.398198,1.12642,1.43217,0.422176,1.12642,1.41834,0.41741,1.14775
1.36832,0.71253,0.289017,0.0762218,838947355,1.24251,0.357777,1.0151,1.25471,0.361947,0.996316,1.2472,0.382644,0.996316,1.23509,0.378249,1.0151,1.42024,0.418906,1.14775,1.43409,0.423641,1.12642,1.42549,0.447333,1.12642,1.41174,0.442343,1.14775
0.160969,0.713061,0.306194,-11.8422,838947356,1.23494,0.378654,1.0151,1.24705,0.383048,0.996316,1.23954,0.403745,0.996316,1.22751,0.399126,1.0151,1.41159,0.442747,1.14775,1.42534,0.447737,1.12642,1.41675,0.47143,1.12642,1.40309,0.466183,1.14775
0.0113563,0.712519,0.323531,-2.40183,838947357,1.22945,0.400447,1.0151,1.2415,0.405039,0.996316,1.23327,0.425462,0.996316,1.22132,0.420647,1.0151,1.40494,0.467745,1.14775,1.41861,0.472961,1.12642,1.40919,0.496338,1.12642,1.39562,0.49087,1.14775
0.0346143,0.730246,0.271684,-3.11442,838947866,1.24723,0.335806,1.04345,1.25973,0.339852,1.02484,1.25295,0.360799,1.02484,1.24052,0.356525,1.04345,1.42431,0.393138,1.1786,1.4385,0.397733,1.15747,1.43074,0.421711,1.15747,1.41663,0.416857,1.1786
0.00338735,0.72969,0.289023,-2.20321,838947867,1.24251,0.357777,1.04345,1.25494,0.362032,1.02484,1.24743,0.382729,1.02484,1.23509,0.378249,1.04345,1.41855,0.418295,1.1786,1.43267,0.423126,1.15747,1.42407,0.446818,1.15747,1.41005,0.441731,1.1786
-0.0751072,0.73023,0.306198,-2.22649,838947868,1.23494,0.378654,1.04345,1.24729,0.383134,1.02484,1.23978,0.403831,1.02484,1.22751,0.399126,1.04345,1.4099,0.442135,1.1786,1.42393,0.447223,1.15747,1.41533,0.470915,1.15747,1.4014,0.465572,1.1786
0.0120509,0.729679,0.323537,-1.59949,838947869,1.22945,0.400447,1.04345,1.24173,0.405133,1.02484,1.2335,0.425555,1.02484,1.22132,0.420647,1.04345,1.40327,0.467075,1.1786,1.41721,0.472397,1.15747,1.40779,0.495774,1.15747,1.39396,0.4902,1.1786
0.0263416,0.747395,0.271688,-2.34238,838948378,1.24723,0.335806,1.07207,1.25997,0.339929,1.05364,1.25318,0.360875,1.05364,1.24052,0.356525,1.07207,1.42257,0.392576,1.20971,1.43703,0.397257,1.18878,1.42927,0.421235,1.18877,1.41489,0.416295,1.20971
0.109817,0.74683,0.289028,-2.02379,838948379,1.24251,0.357777,1.07207,1.25518,0.362117,1.05364,1.24767,0.382814,1.05364,1.23509,0.378249,1.07207,1.41684,0.417672,1.20971,1.43122,0.422599,1.18878,1.42262,0.446291,1.18877,1.40833,0.441108,1.20971
0.052031,0.747379,0.306202,-38.4035,838948380,1.23494,0.378654,1.07207,1.24752,0.383218,1.05364,1.24001,0.403915,1.05364,1.22751,0.399126,1.07207,1.40819,0.441512,1.20971,1.42247,0.446696,1.18877,1.41388,0.470388,1.18877,1.39968,0.464949,1.20971
-0.0383268,0.746818,0.323542,-3.16363,838948381,1.22945,0.400447,1.07207,1.24196,0.405225,1.05364,1.23373,0.425648,1.05364,1.22132,0.420647,1.07207,1.40158,0.466393,1.20971,1.41578,0.471819,1.18878,1.40636,0.495197,1.18877,1.39226,0.489518,1.20971
0.0128511,0.803299,3.08157,90.8363,838950075,-1.28995,0.0887649,1.16882,-1.30422,0.0890417,1.15074,-1.30424,0.0670016,1.15074,-1.28997,0.0669871,1.16882,-1.46866,0.0919351,1.31362,-1.48475,0.0922471,1.29324,-1.48478,0.0671845,1.29324,-1.46869,0.0671682,1.31362
0.259971,0.838326,-0.21933,44.2225,838951270,1.25815,-0.292005,1.22941,1.27265,-0.294575,1.21169,1.2765,-0.272873,1.21169,1.26195,-0.270561,1.22941,1.43045,-0.322542,1.3787,1.44679,-0.325439,1.35874,1.45117,-0.300761,1.35874,1.43477,-0.298155,1.3787
0.243139,0.855418,0.340747,-48.416,838951454,1.22116,0.421047,1.26018,1.23502,0.426633,1.24266,1.22679,0.447077,1.24266,1.21302,0.441247,1.26018,1.38169,0.485721,1.41169,1.39732,0.492019,1.39194,1.38795,0.515266,1.39194,1.37243,0.508694,1.41169
0.0319732,0.924053,-1.65009,-2.58366,838953748,-0.113561,-1.28665,1.38705,-0.114128,-1.30247,1.37024,-0.0920835,-1.30326,1.37024,-0.0917971,-1.28743,1.38705,-0.119488,-1.45207,1.54677,-0.120123,-1.46978,1.52795,-0.0952225,-1.47067,1.52795,-0.094902,-1.45295,1.54677
0.0758976,0.923431,-1.63275,-2.69764,838953749,-0.0913046,-1.28972,1.38705,-0.0915995,-1.30556,1.37024,-0.0695408,-1.30558,1.37024,-0.0695269,-1.28974,1.38705,-0.0942747,-1.45525,1.54677,-0.0946046,-1.47297,1.52795,-0.0696885,-1.47299,1.52795,-0.0696729,-1.45527,1.54677
0.0491907,0.924087,-1.61557,-41.8775,838953750,-0.0690922,-1.28974,1.38705,-0.0691062,-1.30558,1.37024,-0.0470475,-1.3056,1.37024,-0.0473144,-1.28976,1.38705,-0.0692383,-1.45527,1.54677,-0.0692539,-1.47299,1.52795,-0.0443378,-1.47301,1.52795,-0.0446365,-1.45529,1.54677
-0.00529742,0.92347,-1.59823,-2.54277,838953751,-0.046742,-1.29204,1.38705,-0.0464836,-1.30788,1.37024,-0.0244377,-1.30713,1.37024,-0.0249769,-1.2913,1.38705,-0.0439293,-1.45757,1.54677,-0.0436401,-1.47529,1.52795,-0.0187384,-1.47444,1.52795,-0.0193417,-1.45673,1.54677
-0.0363132,0.924132,-1.58105,-2.8257,838953752,-0.0245425,-1.29128,1.38705,-0.0240033,-1.30711,1.37024,-0.00195738,-1.30636,1.37024,-0.00277733,-1.29054,1.38705,-0.0189074,-1.45671,1.54677,-0.018304,-1.47443,1.52795,0.00659772,-1.47358,1.52795,0.00568017,-1.45588,1.54677
0.477553,0.92339,-0.409057,49.8439,838953819,1.18179,-0.524601,1.38705,1.19658,-0.530297,1.37024,1.20414,-0.509576,1.37024,1.18926,-0.504144,1.38705,1.33631,-0.584024,1.54677,1.35285,-0.590398,1.52795,1.3614,-0.566993,1.52795,1.34475,-0.560915,1.54677
0.140015,0.941162,-1.65008,-30.1715,838954260,-0.113561,-1.28665,1.41968,-0.114135,-1.30267,1.40306,-0.0920907,-1.30346,1.40306,-0.0917971,-1.28743,1.41968,-0.119419,-1.45015,1.58135,-0.120062,-1.46809,1.56275,-0.0951619,-1.46898,1.56275,-0.0948334,-1.45103,1.58135
-0.0530549,0.940533,-1.63274,-2.2801,838954261,-0.0913047,-1.28972,1.41968,-0.0915997,-1.30576,1.40306,-0.069541,-1.30578,1.40306,-0.0695269,-1.28974,1.41968,-0.094273,-1.45333,1.58135,-0.0946031,-1.47128,1.56275,-0.069687,-1.4713,1.56275,-0.0696712,-1.45335,1.58135
-0.0285356,0.941196,-1.61557,-3.48953,838954262,-0.0690923,-1.28974,1.41968,-0.0691063,-1.30578,1.40306,-0.0470476,-1.3058,1.40306,-0.0473145,-1.28976,1.41968,-0.0692366,-1.45335,1.58135,-0.0692524,-1.4713,1.56275,-0.0443362,-1.47132,1.56275,-0.0446348,-1.45337,1.58135
-0.0487566,0.940573,-1.59822,-2.67806,838954263,-0.0467421,-1.29204,1.41968,-0.0464768,-1.30808,1.40306,-0.0244308,-1.30733,1.40306,-0.0249769,-1.2913,1.41968,-0.0439945,-1.45565,1.58135,-0.0436976,-1.4736,1.56275,-0.0187959,-1.47275,1.56275,-0.019407,-1.45481,1.58135
0.0142864,0.941241,-1.58105,97.7806,838954264,-0.0245425,-1.29128,1.41968,-0.0239965,-1.30731,1.40306,-0.00195055,-1.30656,1.40306,-0.00277738,-1.29054,1.41968,-0.0189726,-1.4548,1.58135,-0.0183615,-1.47273,1.56275,0.00654016,-1.47189,1.56275,0.00561492,-1.45396,1.58135
0.475099,0.958288,-2.66276,-51.3539,838954714,-1.1515,-0.585035,1.45268,-1.16556,-0.59314,1.43625,-1.15455,-0.612253,1.43625,-1.14062,-0.603905,1.45268,-1.29158,-0.665748,1.6163,-1.30732,-0.674818,1.59791,-1.29488,-0.696406,1.59791,-1.2793,-0.687064,1.6163
-0.00552436,0.958253,-1.65008,-5.44586,838954772,-0.113561,-1.28665,1.45268,-0.114142,-1.30287,1.43625,-0.0920977,-1.30366,1.43625,-0.0917971,-1.28743,1.45268,-0.11935,-1.44821,1.6163,-0.120001,-1.46637,1.59791,-0.0951004,-1.46726,1.59791,-0.094764,-1.4491,1.6163
0.0434233,0.957617,-1.63274,-4.71731,838954773,-0.0913046,-1.28972,1.45268,-0.0915999,-1.30596,1.43625,-0.0695412,-1.30598,1.43625,-0.0695268,-1.28974,1.45268,-0.0942712,-1.45139,1.6163,-0.0946017,-1.46956,1.59791,-0.0696855,-1.46958,1.59791,-0.0696695,-1.45141,1.6163
1.65084,0.958288,-1.61556,-0.403284,838954774,-0.0690922,-1.28974,1.45268,-0.0691066,-1.30598,1.43625,-0.0470479,-1.306,1.43625,-0.0473144,-1.28976,1.45268,-0.0692348,-1.45141,1.6163,-0.0692509,-1.46958,1.59791,-0.0443348,-1.4696,1.59791,-0.0446331,-1.45144,1.6163
0.120895,0.957658,-1.59822,-31.2878,838954775,-0.046742,-1.29204,1.45268,-0.0464701,-1.30827,1.43625,-0.0244242,-1.30752,1.43625,-0.0249769,-1.2913,1.45268,-0.0440604,-1.45371,1.6163,-0.0437561,-1.47188,1.59791,-0.0188545,-1.47103,1.59791,-0.0194729,-1.45288,1.6163
-0.0583885,0.958333,-1.58104,-4.33767,838954776,-0.0245425,-1.29128,1.45268,-0.0239898,-1.30751,1.43625,-0.00194389,-1.30676,1.43625,-0.00277733,-1.29054,1.45268,-0.0190386,-1.45286,1.6163,-0.0184201,-1.47102,1.59791,0.00648162,-1.47017,1.59791,0.00554898,-1.45202,1.6163
0.401549,0.975423,-1.61555,-24.2158,838955286,-0.0690911,-1.28974,1.48631,-0.0691057,-1.30628,1.46997,-0.0470293,-1.3063,1.46997,-0.0473133,-1.28976,1.48631,-0.0692321,-1.44958,1.65172,-0.0692483,-1.46794,1.63357,-0.0444785,-1.46796,1.63357,-0.044794,-1.4496,1.65172
0.263677,0.975469,-1.58104,8.46475,838955288,-0.0245413,-1.29128,1.48631,-0.0239785,-1.30781,1.46997,-0.00191492,-1.30706,1.46997,-0.00277617,-1.29054,1.48631,-0.0191,-1.45102,1.65172,-0.0184748,-1.46938,1.63357,0.00628065,-1.46854,1.63357,0.00532397,-1.45019,1.65172
0.200189,0.974763,-0.478078,-44.7145,838955351,1.1427,-0.604813,1.48631,1.15767,-0.611827,1.46997,1.16667,-0.591668,1.46997,1.15158,-0.584927,1.48631,1.28756,-0.672408,1.65172,1.30419,-0.680199,1.63357,1.31429,-0.657581,1.63357,1.29752,-0.650093,1.65172
0.408616,0.975402,-0.460895,-17.7027,838955352,1.15175,-0.584528,1.48631,1.16685,-0.591269,1.46997,1.17585,-0.571111,1.46997,1.16063,-0.564643,1.48631,1.2977,-0.649694,1.65172,1.31447,-0.657182,1.63357,1.32457,-0.634565,1.63357,1.30766,-0.627379,1.65172
0.273867,0.991915,0.569123,47.3803,838955563,1.09513,0.687198,1.52031,1.10884,0.696768,1.50416,1.09588,0.714641,1.50416,1.08235,0.704831,1.52031,1.2246,0.777765,1.68749,1.23983,0.788395,1.66955,1.22529,0.808449,1.66955,1.21026,0.797551,1.68749
0.222762,0.991938,-1.59821,-3.49561,838955799,-0.0467432,-1.29204,1.52031,-0.0464725,-1.30876,1.50416,-0.0244089,-1.308,1.50416,-0.024978,-1.2913,1.52031,-0.0440238,-1.45002,1.68749,-0.0437231,-1.46858,1.66955,-0.0189677,-1.46774,1.66955,-0.0195998,-1.44918,1.68749
0.263776,1.04317,-0.059964,51.0163,838957063,1.28995,-0.0887672,1.62476,1.30719,-0.0890831,1.60917,1.30722,-0.0670068,1.60917,1.28997,-0.0669894,1.62476,1.44224,-0.0915818,1.79714,1.46139,-0.0919328,1.77982,1.46142,-0.067163,1.77982,1.44226,-0.0671437,1.79714
0.480372,1.04385,-0.0427873,48.0134,838957064,1.28997,-0.0665525,1.62476,1.30722,-0.06657,1.60917,1.30724,-0.0444936,1.60917,1.28999,-0.0447747,1.62476,1.44226,-0.0667068,1.79714,1.46142,-0.0667262,1.77982,1.46144,-0.0419564,1.77982,1.44229,-0.0422687,1.79714
0.301971,1.04324,3.0126,50.4889,838957239,-1.28064,0.177513,1.62476,-1.29783,0.179032,1.60917,-1.29939,0.157011,1.60917,-1.28218,0.155789,1.62476,-1.43236,0.190951,1.79714,-1.45145,0.192639,1.77982,-1.4532,0.167931,1.77982,-1.43409,0.166575,1.79714
0.166628,1.04316,-2.08533,23.4268,838957307,-0.646161,-1.12001,1.62476,-0.654005,-1.13537,1.60917,-0.634172,-1.14507,1.60917,-0.626597,-1.12957,1.62476,-0.715443,-1.25565,1.79714,-0.724156,-1.27272,1.77982,-0.701903,-1.2836,1.77982,-0.693488,-1.26639,1.79714
0.141205,1.06099,0.655353,19.8391,838957616,1.03095,0.778195,1.66072,1.04441,0.789465,1.64521,1.03023,0.806403,1.64521,1.01697,0.794892,1.66072,1.14633,0.874808,1.83468,1.16117,0.887235,1.81758,1.14536,0.906115,1.81758,1.13074,0.893421,1.83468
0.214636,1.0603,0.672685,8.93456,838957617,1.01835,0.796792,1.66072,1.03162,0.808289,1.64521,1.01685,0.824722,1.64521,1.0038,0.81299,1.66072,1.13195,0.895515,1.83468,1.14658,0.908194,1.81758,1.13012,0.92651,1.81758,1.11573,0.913573,1.83468
0.207276,1.06099,2.74975,48.8412,838957736,-1.18941,0.503734,1.66072,-1.2059,0.509754,1.64521,-1.21348,0.489001,1.64521,-1.19688,0.483277,1.66072,-1.33077,0.555345,1.83468,-1.34895,0.561984,1.81758,-1.3574,0.538852,1.81758,-1.3391,0.53254,1.83468
0.226121,1.07819,0.620841,56.5418,838958126,1.05716,0.742137,1.6971,1.07113,0.753028,1.68178,1.05755,0.770452,1.68178,1.04377,0.759312,1.6971,1.1744,0.833541,1.87262,1.18981,0.84555,1.85572,1.17467,0.864971,1.85572,1.15948,0.852687,1.87262
0.478999,1.07749,0.638174,46.0761,838958127,1.04522,0.761162,1.6971,1.059,0.772292,1.68178,1.04482,0.789231,1.68178,1.03123,0.777859,1.6971,1.1608,0.854688,1.87262,1.176,0.866962,1.85572,1.16019,0.885842,1.85572,1.14521,0.873302,1.87262
0.320681,1.0776,2.97808,46.8615,838958261,-1.27367,0.221588,1.6971,-1.29125,0.223773,1.68178,-1.29358,0.201803,1.68178,-1.27597,0.199932,1.6971,-1.42124,0.239775,1.87262,-1.44062,0.242184,1.85572,-1.44323,0.217696,1.85572,-1.4238,0.215633,1.87262
0.0496463,1.07749,-1.45622,99.2027,838958367,0.136577,-1.28576,1.6971,0.139325,-1.30327,1.68178,0.161086,-1.29945,1.68178,0.158028,-1.28201,1.6971,0.159782,-1.43263,1.87262,0.162812,-1.45193,1.85572,0.187067,-1.44767,1.85572,0.183695,-1.42843,1.87262
0.462032,1.11174,2.10347,50.1645,838959235,-0.646873,1.1196,1.77121,-0.656679,1.13473,1.75626,-0.675007,1.12239,1.75626,-0.664939,1.10744,1.77121,-0.72575,1.24126,1.94979,-0.736563,1.25794,1.9333,-0.756992,1.24419,1.9333,-0.74589,1.2277,1.94979
0.454855,1.11247,2.71524,-49.862,838959270,-1.17129,0.544459,1.77121,-1.188,0.551231,1.75626,-1.1963,0.530755,1.75626,-1.17947,0.524276,1.77121,-1.30565,0.598906,1.94979,-1.32407,0.606373,1.9333,-1.33332,0.58355,1.9333,-1.31477,0.576405,1.94979
0.00640489,1.12892,-1.52524,-2.02722,838959899,0.0475644,-1.29201,1.80898,0.0491324,-1.31013,1.79421,0.0711067,-1.30784,1.79421,0.0692253,-1.28976,1.80898,0.0598843,-1.4346,1.98905,0.0616134,-1.45458,1.97277,0.0861064,-1.45203,1.97277,0.0840318,-1.43209,1.98905
-0.0207434,1.12961,-1.50806,-2.92893,838959900,0.069662,-1.28971,1.80898,0.0715434,-1.3078,1.79421,0.0935177,-1.30551,1.79421,0.0913229,-1.28746,1.80898,0.0844684,-1.43205,1.98905,0.0865431,-1.45199,1.97277,0.111036,-1.44944,1.97277,0.108616,-1.42953,1.98905
0.0192657,1.12889,-1.49073,-2.95792,838959901,0.0921254,-1.28967,1.80898,0.0943254,-1.30772,1.79421,0.116206,-1.30467,1.79421,0.113694,-1.28666,1.80898,0.109418,-1.43174,1.98905,0.111844,-1.45165,1.97277,0.136233,-1.44825,1.97277,0.133463,-1.42839,1.98905
0.00586697,1.12958,-1.47355,-2.00168,838959902,0.114129,-1.2866,1.80898,0.116641,-1.30461,1.79421,0.138522,-1.30155,1.79421,0.135698,-1.28359,1.80898,0.133898,-1.42833,1.98905,0.136668,-1.44818,1.97277,0.161057,-1.44478,1.97277,0.157943,-1.42497,1.98905
-0.0803564,1.12886,-1.45621,-2.08619,838959903,0.136577,-1.28576,1.80898,0.139407,-1.30373,1.79421,0.161168,-1.29992,1.79421,0.158028,-1.28201,1.80898,0.158821,-1.42715,1.98905,0.161941,-1.44696,1.97277,0.186197,-1.44271,1.97277,0.182735,-1.42296,1.98905
0.153383,1.15195,-3.11532,7.29684,838960320,-1.29151,-0.0225755,1.8594,-1.30999,-0.02385,1.84468,-1.30847,-0.0459061,1.84468,-1.29001,-0.0443017,1.8594,-1.43251,-0.0322994,2.04086,-1.45275,-0.0336949,2.02474,-1.45106,-0.0581207,2.02474,-1.43085,-0.0563639,2.04086
0.0298225,1.15131,-1.52524,-31.9609,838960411,0.0475633,-1.29201,1.8594,0.049151,-1.31047,1.84468,0.0711409,-1.30818,1.84468,0.0692242,-1.28976,1.8594,0.0598562,-1.43283,2.04086,0.0615948,-1.45305,2.02474,0.0859472,-1.45051,2.02474,0.0838484,-1.43034,2.04086
-0.0588887,1.152,-1.50805,-2.45187,838960412,0.0696631,-1.28971,1.8594,0.0715796,-1.30814,1.84468,0.0935695,-1.30585,1.84468,0.091324,-1.28746,1.8594,0.0842873,-1.43029,2.04086,0.0863859,-1.45047,2.02474,0.110738,-1.44794,2.02474,0.10828,-1.4278,2.04086
-0.0120724,1.15127,-1.49072,-1.60253,838960413,0.0921244,-1.28967,1.8594,0.0943559,-1.30806,1.84468,0.116252,-1.305,1.84468,0.113693,-1.28666,1.8594,0.109328,-1.42997,2.04086,0.111772,-1.45011,2.02474,0.136021,-1.44673,2.02474,0.133219,-1.42664,2.04086
-0.0351263,1.15197,-1.47354,-2.25134,838960414,0.11413,-1.2866,1.8594,0.116689,-1.30494,1.84468,0.138586,-1.30189,1.84468,0.135699,-1.28359,1.8594,0.133656,-1.42658,2.04086,0.136458,-1.44667,2.02474,0.160707,-1.44329,2.02474,0.157546,-1.42325,2.04086
-0.0808028,1.15124,-1.45621,-1.76634,838960415,0.136576,-1.28577,1.8594,0.139449,-1.30407,1.84468,0.161225,-1.30025,1.84468,0.158027,-1.28201,1.8594,0.15867,-1.42539,2.04086,0.161815,-1.44543,2.02474,0.185932,-1.4412,2.02474,0.182429,-1.42122,2.04086
0.29317,1.16911,2.05164,43.1763,838960768,-0.587351,1.15042,1.89852,-0.596668,1.1666,1.88398,-0.615826,1.15556,1.88398,-0.606222,1.13955,1.89852,-0.657011,1.27136,2.08135,-0.667213,1.28907,2.06543,-0.688429,1.27685,2.06543,-0.677913,1.25932,2.08135
-0.042163,1.16846,-1.52524,-2.91095,838960923,0.0475632,-1.29201,1.89852,0.0491659,-1.31061,1.88398,0.0711557,-1.30833,1.88398,0.0692241,-1.28976,1.89852,0.0596726,-1.43107,2.08135,0.0614275,-1.45144,2.06543,0.0857799,-1.44891,2.06543,0.0836648,-1.42857,2.08135
0.0493698,1.16917,-1.50805,-3.2992,838960924,0.0696629,-1.28971,1.89852,0.0715945,-1.30828,1.88398,0.0935843,-1.30599,1.88398,0.0913238,-1.28746,1.89852,0.0841036,-1.42853,2.08135,0.0862187,-1.44886,2.06543,0.110571,-1.44633,2.06543,0.108096,-1.42603,2.08135
13.5776,1.16843,-1.49072,-15.2302,838960925,0.0921244,-1.28967,1.89852,0.0943756,-1.3082,1.88398,0.116272,-1.30515,1.88398,0.113693,-1.28666,1.89852,0.109083,-1.42822,2.08135,0.111548,-1.44851,2.06543,0.135797,-1.44513,2.06543,0.132973,-1.42488,2.08135
-0.00828192,1.16913,-1.47354,-1.23141,838960926,0.11413,-1.2866,1.89852,0.116709,-1.30508,1.88398,0.138606,-1.30203,1.88398,0.135699,-1.28359,1.89852,0.13341,-1.42482,2.08135,0.136234,-1.44507,2.06543,0.160483,-1.44169,2.06543,0.157301,-1.42149,2.08135
-0.0205112,1.1684,-1.4562,-2.24251,838960927,0.136576,-1.28577,1.89852,0.139474,-1.30421,1.88398,0.16125,-1.30039,1.88398,0.158027,-1.28201,1.89852,0.158364,-1.42364,2.08135,0.161536,-1.44384,2.06543,0.185652,-1.43961,2.06543,0.182123,-1.41947,2.08135
1.44185,1.18562,0.147158,49.8034,838961171,1.28053,0.178325,1.93814,1.299,0.181896,1.92378,1.29442,0.203526,1.92378,1.27602,0.199631,1.93814,1.4158,0.204562,2.12232,1.43603,0.208473,2.1066,1.43096,0.232426,2.1066,1.41081,0.228161,2.12232
0.291982,1.18637,1.90967,46.3471,838961272,-0.418585,1.2218,1.93814,-0.425616,1.23925,1.92378,-0.446122,1.23098,1.92378,-0.438784,1.21366,1.93814,-0.470089,1.34959,2.12232,-0.477787,1.36869,2.1066,-0.500496,1.35954,2.1066,-0.492462,1.34057,2.12232
-0.0167687,1.18559,-1.52523,-2.88296,838961435,0.0475633,-1.29201,1.93814,0.0491804,-1.31075,1.92378,0.0711702,-1.30846,1.92378,0.0692242,-1.28976,1.93814,0.0594877,-1.42929,2.12232,0.0612584,-1.44981,2.1066,0.0856108,-1.44728,2.1066,0.08348,-1.4268,2.12232
-0.033893,1.1863,-1.50805,-2.29296,838961436,0.069663,-1.28971,1.93814,0.071609,-1.30842,1.92378,0.0935988,-1.30613,1.92378,0.0913239,-1.28746,1.93814,0.0839187,-1.42675,2.12232,0.0860496,-1.44724,2.1066,0.110402,-1.4447,2.1066,0.107911,-1.42426,2.12232
0.026298,1.18555,-1.49072,-2.87582,838961437,0.0921244,-1.28967,1.93814,0.094395,-1.30834,1.92378,0.116292,-1.30528,1.92378,0.113693,-1.28666,1.93814,0.108836,-1.42645,2.12232,0.111323,-1.44689,2.1066,0.135572,-1.44351,2.1066,0.132727,-1.42311,2.12232
-0.0363053,1.18627,-1.47353,-2.80335,838961438,0.11413,-1.2866,1.93814,0.116729,-1.30522,1.92378,0.138625,-1.30217,1.92378,0.135699,-1.28359,1.93814,0.133164,-1.42305,2.12232,0.136009,-1.44345,2.1066,0.160258,-1.44007,2.1066,0.157054,-1.41972,2.12232
0.0506878,1.18553,-1.4562,19.5534,838961439,0.136576,-1.28577,1.93814,0.139498,-1.30435,1.92378,0.161274,-1.30053,1.92378,0.158027,-1.28201,1.93814,0.158055,-1.42188,2.12232,0.161254,-1.44223,2.1066,0.18537,-1.438,2.1066,0.181815,-1.41771,2.12232
0.0332532,1.2027,-1.52523,-20.6662,838961947,0.0475633,-1.29201,1.97827,0.0491948,-1.31089,1.9641,0.0711846,-1.3086,1.9641,0.0692242,-1.28976,1.97827,0.0593014,-1.4275,2.16379,0.0610879,-1.44818,2.14826,0.0854403,-1.44564,2.14826,0.0832937,-1.42501,2.16379
-0.0111058,1.20341,-1.50805,-3.87288,838961948,0.069663,-1.28971,1.97827,0.0716234,-1.30856,1.9641,0.0936132,-1.30627,1.9641,0.0913239,-1.28746,1.97827,0.0837325,-1.42496,2.16379,0.0858791,-1.4456,2.14826,0.110231,-1.44306,2.14826,0.107725,-1.42246,2.16379
0.0178686,1.20266,-1.49071,-3.75609,838961949,0.0921244,-1.28967,1.97827,0.0944142,-1.30848,1.9641,0.116311,-1.30542,1.9641,0.113693,-1.28666,1.97827,0.108588,-1.42466,2.16379,0.111095,-1.44526,2.14826,0.135344,-1.44188,2.14826,0.132478,-1.42133,2.16379
0.00720157,1.20338,-1.47353,-2.84337,838961950,0.11413,-1.2866,1.97827,0.116748,-1.30536,1.9641,0.138644,-1.30231,1.9641,0.135699,-1.28359,1.97827,0.132915,-1.42127,2.16379,0.135781,-1.44182,2.14826,0.16003,-1.43844,2.14826,0.156805,-1.41794,2.16379
0.0270828,1.20263,-1.4562,54.9198,838961951,0.136576,-1.28577,1.97827,0.139522,-1.30448,1.9641,0.161298,-1.30067,1.9641,0.158027,-1.28201,1.97827,0.157744,-1.42011,2.16379,0.16097,-1.4406,2.14826,0.185086,-1.43638,2.14826,0.181504,-1.41594,2.16379
0.219551,1.22057,1.90967,39.5905,838962296,-0.418585,1.2218,2.01894,-0.425719,1.2395,2.00495,-0.446225,1.23124,2.00495,-0.438784,1.21366,2.01894,-0.468738,1.34624,2.20576,-0.47655,1.36562,2.19045,-0.499258,1.35647,2.19045,-0.491111,1.33722,2.20576
0.208716,1.22045,2.74978,35.696,838962344,-1.18941,0.503733,2.01894,-1.20734,0.510278,2.00495,-1.21492,0.48951,2.00495,-1.19688,0.483276,2.01894,-1.31544,0.549748,2.20576,-1.33507,0.556915,2.19045,-1.34347,0.533916,2.19045,-1.32371,0.527089,2.20576
0.242036,1.21981,-2.64536,39.2561,838962395,-1.14231,-0.605537,2.01894,-1.15868,-0.615356,2.00495,-1.14698,-0.634115,2.00495,-1.13079,-0.624016,2.01894,-1.25739,-0.674547,2.20576,-1.27531,-0.685299,2.19045,-1.26236,-0.706073,2.19045,-1.24463,-0.695015,2.20576
0.408809,1.25405,-2.67987,40.1013,838963417,-1.16259,-0.565785,2.10248,-1.17964,-0.575212,2.08876,-1.16859,-0.59438,2.08876,-1.15171,-0.584655,2.10248,-1.27698,-0.629165,2.29171,-1.29553,-0.639419,2.27678,-1.28337,-0.660514,2.27678,-1.26501,-0.649936,2.29171
-0.201257,1.27112,-1.42167,-3.95155,838964001,0.180864,-1.28031,2.14506,0.184584,-1.29957,2.13152,0.206227,-1.29499,2.13152,0.20217,-1.27581,2.14506,0.205422,-1.40702,2.33546,0.209469,-1.42796,2.32073,0.233288,-1.42292,2.32073,0.228875,-1.40206,2.33546
-0.400004,1.27186,-1.40449,-3.55237,838964002,0.202604,-1.27572,2.14506,0.206661,-1.2949,2.13152,0.228304,-1.29032,2.13152,0.22391,-1.27121,2.14506,0.229309,-1.40197,2.33546,0.233722,-1.42283,2.32073,0.257541,-1.41779,2.32073,0.252762,-1.397,2.33546
0.185977,1.28825,-0.270924,38.7155,838964579,1.24274,-0.356986,2.18821,1.26196,-0.361441,2.17484,1.26658,-0.339807,2.17484,1.24729,-0.335689,2.18821,1.36679,-0.385715,2.37977,1.38769,-0.390561,2.36523,1.39278,-0.366752,2.36523,1.3718,-0.362272,2.37977
0.106629,1.3062,-1.58097,54.7331,838965016,-0.0245382,-1.29128,2.23194,-0.0238626,-1.31112,2.21875,-0.0017536,-1.31036,2.21875,-0.00277305,-1.29054,2.23194,-0.0202631,-1.41679,2.42464,-0.0195282,-1.43836,2.4103,0.00480362,-1.43753,2.4103,0.00369477,-1.41597,2.42464
0.213175,1.35757,0.758953,49.7664,838966326,0.945003,0.880579,2.36792,0.959146,0.895197,2.35515,0.943238,0.910587,2.35515,0.929352,0.895722,2.36792,1.02892,0.967315,2.56372,1.0442,0.983112,2.54992,1.0268,0.999949,2.54992,1.01179,0.983884,2.56372
0.178569,1.35759,0.793468,50.1582,838966328,0.914029,0.912636,2.36792,0.927652,0.927738,2.35515,0.911217,0.942564,2.35515,0.897858,0.927223,2.36792,0.994865,1.00225,2.56372,1.00959,1.01857,2.54992,0.991608,1.03479,2.54992,0.977172,1.01821,2.56372
0.381023,1.35756,1.00447,-44.1273,838966340,0.702618,1.08387,2.36792,0.712805,1.10148,2.35515,0.693648,1.11256,2.35515,0.683769,1.09478,2.36792,0.763067,1.18833,2.56372,0.774076,1.20735,2.54992,0.753119,1.21948,2.54992,0.742443,1.20026,2.56372
0.154403,1.37397,3.01265,38.3744,838966967,-1.28064,0.177517,2.41441,-1.30101,0.17932,2.40181,-1.30258,0.157242,2.40181,-1.28218,0.155794,2.41441,-1.39924,0.187993,2.61122,-1.42125,0.189942,2.5976,-1.42296,0.165789,2.5976,-1.40093,0.164224,2.61122
0.27582,1.39185,0.900928,43.7669,838967358,0.810774,1.00532,2.46154,0.822872,1.02193,2.44911,0.804979,1.03496,2.44911,0.79317,1.01814,2.46154,0.879875,1.10021,2.65934,0.892949,1.11816,2.64591,0.873375,1.13241,2.64591,0.860613,1.11424,2.65934
0.19274,1.391,2.17255,51.4138,838967431,-0.722527,1.07229,2.46154,-0.734884,1.08871,2.44911,-0.752338,1.0751,2.44911,-0.7397,1.05889,2.46154,-0.793095,1.16611,2.65934,-0.806448,1.18386,2.64591,-0.825543,1.16897,2.64591,-0.811886,1.15146,2.65934
0.166783,1.39179,2.18974,45.3917,838967432,-0.740051,1.05862,2.46154,-0.752689,1.07483,2.44911,-0.770143,1.06121,2.44911,-0.757225,1.04523,2.46154,-0.812237,1.15119,2.65934,-0.825894,1.1687,2.64591,-0.844988,1.15381,2.64591,-0.831027,1.13653,2.65934
0.240321,1.39105,3.01266,48.1611,838967479,-1.28064,0.177517,2.46154,-1.30112,0.179328,2.44911,-1.30268,0.157249,2.44911,-1.28218,0.155794,2.46154,-1.39759,0.187876,2.65934,-1.41971,0.189833,2.64591,-1.42143,0.16568,2.64591,-1.39927,0.164107,2.65934
0.18672,1.39097,-2.81791,-40.7881,838967505,-1.22946,-0.40044,2.46154,-1.24865,-0.407789,2.44911,-1.24038,-0.428319,2.44911,-1.22132,-0.42064,2.46154,-1.3391,-0.442403,2.65934,-1.35985,-0.450345,2.64591,-1.3508,-0.472804,2.64591,-1.3302,-0.464505,2.65934
0.349762,1.39183,-2.3136,51.3881,838967534,-0.881954,-0.943591,2.46154,-0.895177,-0.959322,2.44911,-0.878234,-0.973565,2.44911,-0.865283,-0.957605,2.46154,-0.957487,-1.03345,2.65934,-0.971777,-1.05045,2.64591,-0.953242,-1.06603,2.64591,-0.939246,-1.04878,2.65934
0.223954,1.39105,-2.22333,42.4181,838967539,-0.794055,-1.02031,2.46154,-0.80586,-1.03714,2.44911,-0.787523,-1.04953,2.44911,-0.776013,-1.03251,2.46154,-0.861498,-1.11641,2.65934,-0.874256,-1.13459,2.64591,-0.854196,-1.14815,2.64591,-0.841758,-1.12975,2.65934
0.959448,1.39097,-0.339939,49.3955,838967647,1.2152,-0.441861,2.46155,1.23485,-0.447887,2.44911,1.24097,-0.426617,2.44911,1.22122,-0.420933,2.46154,1.32743,-0.476297,2.65934,1.34867,-0.482809,2.64591,1.35537,-0.459539,2.64591,1.33402,-0.453397,2.65934
0.19949,1.39183,-0.219208,9.99014,838967654,1.25815,-0.291999,2.46154,1.27839,-0.295585,2.44911,1.28225,-0.273791,2.44911,1.26195,-0.270555,2.46154,1.37373,-0.312484,2.65934,1.3956,-0.31636,2.64591,1.39983,-0.292518,2.64591,1.37789,-0.289021,2.65934
0.371012,1.40903,0.862516,-19.9312,838967868,0.848816,0.973408,2.5098,0.861665,0.989824,2.49743,0.844225,1.00347,2.49743,0.831667,0.986831,2.5098,0.920216,1.06463,2.7085,0.934015,1.08227,2.69522,0.915046,1.09711,2.69522,0.901558,1.07924,2.7085
0.193305,1.409,2.99533,39.5769,838967990,-1.27602,0.199492,2.5098,-1.29675,0.201694,2.49743,-1.29909,0.179672,2.49743,-1.27832,0.177836,2.5098,-1.39121,0.211727,2.7085,-1.41348,0.214091,2.69522,-1.41602,0.190138,2.69522,-1.39372,0.188166,2.7085
0.282991,1.40889,-2.41714,-45.7531,838968040,-0.974838,-0.847461,2.5098,-0.989848,-0.861927,2.49743,-0.974479,-0.877872,2.49743,-0.959725,-0.863141,2.5098,-1.05825,-0.927853,2.7085,-1.07437,-0.94339,2.69522,-1.05765,-0.960734,2.69522,-1.04181,-0.944913,2.7085
0.184616,1.42612,0.0953496,40.3922,838968336,1.28682,0.111594,2.55868,1.30756,0.11449,2.54647,1.3045,0.136423,2.54647,1.28381,0.133163,2.55868,1.40002,0.127399,2.75827,1.42229,0.130509,2.74516,1.41896,0.154366,2.74516,1.39674,0.150864,2.75827
0.312513,1.44327,0.0953512,46.1938,838968848,1.28682,0.111594,2.60821,1.30765,0.114503,2.59617,1.30459,0.136436,2.59617,1.28381,0.133163,2.60821,1.39848,0.127184,2.80869,1.42086,0.130308,2.79575,1.41753,0.154165,2.79575,1.39521,0.15065,2.80869
0.262207,1.44337,1.90972,50.3561,838968952,-0.418588,1.2218,2.60821,-0.426452,1.24131,2.59617,-0.446992,1.23303,2.59617,-0.438787,1.21366,2.60821,-0.460734,1.32637,2.80869,-0.469179,1.34733,2.79575,-0.491522,1.33832,2.79575,-0.48271,1.31752,2.80869
0.301669,1.44322,-2.76621,43.5477,838969044,-1.2059,-0.462938,2.60821,-1.22512,-0.471476,2.59617,-1.21613,-0.491715,2.59617,-1.19706,-0.482842,2.60821,-1.30894,-0.508697,2.80869,-1.32959,-0.517866,2.79575,-1.31981,-0.539882,2.79575,-1.29932,-0.530351,2.80869
0.0866565,1.46046,-2.58972,33.6255,838969566,-1.10572,-0.667388,2.65843,-1.12325,-0.679184,2.64655,-1.11088,-0.697558,2.64655,-1.09356,-0.685456,2.65843,-1.19796,-0.729463,2.85978,-1.21679,-0.742131,2.84702,-1.20334,-0.762116,2.84702,-1.18474,-0.74912,2.85978
0.253254,1.4596,-1.49067,62.205,838969629,0.0921215,-1.28967,2.65843,0.0946758,-1.31064,2.64655,0.116609,-1.30758,2.64655,0.113691,-1.28666,2.65843,0.105584,-1.40005,2.85978,0.108327,-1.42258,2.84702,0.132185,-1.41925,2.84702,0.12905,-1.39678,2.85978
0.512021,1.46035,-0.391774,49.3367,838969692,1.18941,-0.50373,2.65843,1.20926,-0.510976,2.64655,1.21686,-0.490174,2.64655,1.19688,-0.483273,2.65843,1.29386,-0.541864,2.85978,1.31517,-0.549647,2.84702,1.32344,-0.527019,2.84702,1.30198,-0.519608,2.85978
0.977755,1.47674,-0.128925,1.92745,838969859,1.28064,-0.177518,2.70935,1.30178,-0.179388,2.69763,1.30335,-0.157297,2.69763,1.28218,-0.155794,2.70935,1.38985,-0.187192,2.91156,1.41256,-0.1892,2.89897,1.41426,-0.165172,2.89897,1.39153,-0.163558,2.91156
0.813206,1.47744,-0.00819151,1.23501,838969866,1.29152,-0.0219979,2.70935,1.31272,-0.0212783,2.69763,1.31197,0.000854768,2.69763,1.29078,-0.000232645,2.70935,1.40107,-0.0182803,2.91156,1.42385,-0.0175075,2.89897,1.42303,0.0065672,2.89897,1.40027,0.00539934,2.91156
0.258334,1.47665,0.00913919,-12.018,838969867,1.29304,0.000406351,2.70935,1.31423,0.00149904,2.69763,1.31271,0.0235924,2.69763,1.29154,0.0221326,2.70935,1.40253,0.0060371,2.91156,1.42529,0.00721063,2.89897,1.42363,0.0312421,2.89897,1.4009,0.0296743,2.91156
0.102471,1.47665,0.672756,5.961,838969905,1.01835,0.796789,2.70935,1.03438,0.810698,2.69763,1.01958,0.827171,2.69763,1.0038,0.812987,2.70935,1.10117,0.868634,2.91156,1.11839,0.883573,2.89897,1.10229,0.90149,2.89897,1.08533,0.886258,2.91156
0.213917,1.47747,2.01717,20.7233,838969982,-0.547292,1.16997,2.70935,-0.557235,1.18872,2.69763,-0.576799,1.17834,2.69763,-0.566531,1.15976,2.70935,-0.598655,1.26681,2.91156,-0.609333,1.28695,2.89897,-0.630614,1.27566,2.89897,-0.619587,1.25571,2.91156
0.1213,1.47665,2.10353,15.6394,838969987,-0.64687,1.1196,2.70935,-0.658414,1.13741,2.69763,-0.676785,1.12504,2.69763,-0.664936,1.10744,2.70935,-0.706493,1.21161,2.91156,-0.718891,1.23073,2.89897,-0.738874,1.21728,2.89897,-0.726148,1.19838,2.91156
0.216127,1.47744,2.12072,11.2407,838969988,-0.665307,1.10719,2.70935,-0.677156,1.12479,2.69763,-0.695528,1.11243,2.69763,-0.683373,1.09503,2.70935,-0.726519,1.19813,2.91156,-0.739245,1.21703,2.89897,-0.759228,1.20358,2.89897,-0.746174,1.1849,2.91156
0.173878,1.47665,2.41809,22.7479,838970005,-0.961519,0.864522,2.70935,-0.978001,0.877893,2.69763,-0.991653,0.860455,2.69763,-0.974944,0.847374,2.70935,-1.04665,0.933605,2.91156,-1.06436,0.947965,2.89897,-1.0792,0.928998,2.89897,-1.06126,0.914949,2.91156
0.275381,1.47749,-3.04624,-9.08331,838970052,-1.28682,-0.111594,2.70935,-1.30783,-0.114528,2.69763,-1.30477,-0.136461,2.69763,-1.28381,-0.133163,2.70935,-1.39539,-0.126752,2.91156,-1.41796,-0.129903,2.89897,-1.41463,-0.15376,2.89897,-1.39211,-0.150218,2.91156
0.10201,1.47672,-1.63264,-37.9485,838970133,-0.0913107,-1.28972,2.70935,-0.0916976,-1.31094,2.69763,-0.0695518,-1.31096,2.69763,-0.069533,-1.28974,2.70935,-0.093323,-1.39934,2.91156,-0.0937384,-1.42213,2.89897,-0.0696499,-1.42215,2.89897,-0.0696297,-1.39936,2.91156
0.451322,1.47753,-1.61546,-2.0005,838970134,-0.069086,-1.28974,2.70935,-0.0691048,-1.31096,2.69763,-0.046959,-1.31098,2.69763,-0.0473082,-1.28976,2.70935,-0.0691827,-1.39936,2.91156,-0.0692029,-1.42215,2.89897,-0.0451144,-1.42217,2.89897,-0.0454894,-1.39938,2.91156
0.136727,1.47674,-1.52519,37.1513,838970139,0.0475604,-1.29201,2.70935,0.04939,-1.31316,2.69763,0.0714169,-1.31086,2.69763,0.0692213,-1.28976,2.70935,0.0569976,-1.40124,2.91156,0.0589625,-1.42395,2.89897,0.0829217,-1.42146,2.89897,0.0805637,-1.39879,2.91156
0.101886,1.47745,-1.0899,-30.7332,838970164,0.587353,-1.15042,2.70935,0.597945,-1.16881,2.69763,0.617135,-1.15776,2.69763,0.606225,-1.13955,2.70935,0.642068,-1.24541,2.91156,0.653443,-1.26516,2.89897,0.674316,-1.25314,2.89897,0.662599,-1.23358,2.91156
0.170953,1.47759,-0.882807,13.4552,838970176,0.811225,-1.00495,2.70935,0.82541,-1.02073,2.69763,0.84188,-1.00593,2.69763,0.827421,-0.990393,2.70935,0.884506,-1.08648,2.91156,0.899741,-1.10343,2.89897,0.917656,-1.08733,2.89897,0.902127,-1.07064,2.91156
0.293896,1.47665,-0.374442,50.7928,838970205,1.19922,-0.483526,2.70935,1.21928,-0.490454,2.69763,1.22614,-0.469398,2.69763,1.20597,-0.462821,2.70935,1.30285,-0.519325,2.91156,1.32439,-0.526765,2.89897,1.33186,-0.503863,2.89897,1.31019,-0.496799,2.91156
