energy,eta,phi,time,detid,front_1_x,front_1_y,front_1_z,front_2_x,front_2_y,front_2_z,front_3_x,front_3_y,front_3_z,front_4_x,front_4_y,front_4_z,back_1_x,back_1_y,back_1_z,back_2_x,back_2_y,back_2_z,back_3_x,back_3_y,back_3_z,back_4_x,back_4_y,back_4_z
0.165442,-0.17308,-2.62896,16.338,838866140,-1.12122,-0.64359,-0.235992,-1.1234,-0.644702,-0.213952,-1.13298,-0.625101,-0.213952,-1.13078,-0.624025,-0.235992,-1.32444,-0.747362,-0.265397,-1.32702,-0.748675,-0.239371,-1.33835,-0.725488,-0.239371,-1.33575,-0.724217,-0.265397
0.212322,-0.781649,3.04617,-41.5418,838884025,-1.28679,0.111869,-1.13017,-1.30053,0.11379,-1.11211,-1.29748,0.135595,-1.11211,-1.28378,0.133437,-1.13017,-1.4656,0.136873,-1.2727,-1.4812,0.139055,-1.25218,-1.47771,0.164015,-1.25218,-1.46215,0.161564,-1.2727
0.241782,-1.04386,-0.0609755,34.5317,838891527,1.28993,-0.0674059,-1.62476,1.30708,-0.0691966,-1.60917,1.30479,-0.0911537,-1.60917,1.28766,-0.089066,-1.62476,1.44139,-0.0832164,-1.79714,1.46045,-0.0852055,-1.77982,1.45788,-0.109841,-1.77982,1.43886,-0.107522,-1.79714
0.739982,-1.09462,1.70152,-51.3935,838893164,-0.179772,1.28047,-1.73393,-0.181346,1.29827,-1.71879,-0.159308,1.29983,-1.71879,-0.158048,1.282,-1.73393,-0.192612,1.42675,-1.91098,-0.194348,1.44639,-1.89429,-0.169784,1.44812,-1.89429,-0.168395,1.42846,-1.91098
0.520016,-1.30609,1.47329,-51.8157,838899295,0.114414,1.28657,-2.23194,0.11716,1.30623,-2.21875,0.139069,1.30316,-2.21875,0.135983,1.28356,-2.23194,0.131789,1.41094,-2.42464,0.134776,1.43232,-2.4103,0.158888,1.42895,-2.4103,0.155531,1.40762,-2.42464
0.262457,-1.40814,2.36508,44.1587,838902418,-0.930333,0.897955,-2.5098,-0.944566,0.913191,-2.49743,-0.928119,0.92802,-2.49743,-0.914159,0.912538,-2.5098,-1.00933,0.982709,-2.7085,-1.02462,0.999072,-2.69522,-1.00673,1.0152,-2.69522,-0.991734,0.998575,-2.7085
0.173171,-1.47665,1.07235,-4.83361,838904392,0.608099,1.14111,-2.70935,0.619018,1.15931,-2.69763,0.637808,1.14759,-2.69763,0.626577,1.12958,-2.70935,0.664493,1.23513,-2.91156,0.67622,1.25468,-2.89897,0.696658,1.24193,-2.89897,0.684596,1.22259,-2.91156
0.107788,-1.47749,1.64975,-12.7412,838904425,-0.113272,1.28667,-2.70935,-0.114027,1.30788,-2.69763,-0.0918951,1.30867,-2.69763,-0.0915077,1.28745,-2.70935,-0.117173,1.39622,-2.91156,-0.117984,1.419,-2.89897,-0.0939107,1.41986,-2.89897,-0.0934945,1.39707,-2.91156
0.106503,-1.47665,2.46862,-2.17723,838904472,-1.01818,0.797013,-2.70935,-1.03421,0.810926,-2.69763,-1.0194,0.827395,-2.69763,-1.00362,0.813208,-2.70935,-1.10098,0.868877,-2.91156,-1.11819,0.883819,-2.89897,-1.10209,0.901733,-2.89897,-1.08514,0.886496,-2.91156
0.209384,-1.47751,2.55498,1.33103,838904477,-1.08194,0.705426,-2.70935,-1.09911,0.717885,-2.69763,-1.08611,0.735812,-2.69763,-1.06915,0.723056,-2.70935,-1.17067,0.769785,-2.91156,-1.18912,0.783165,-2.89897,-1.17498,0.802665,-2.89897,-1.15676,0.788965,-2.91156
0.194595,0.190564,-1.3358,-38.0674,838932262,0.29009,-1.25869,0.258872,0.290873,-1.26143,0.236756,0.311883,-1.25543,0.236756,0.31103,-1.25271,0.258872,0.352623,-1.47754,0.292181,0.353545,-1.48077,0.26615,0.378342,-1.47368,0.26615,0.377338,-1.47048,0.292181
-0.298348,0.455309,1.5087,-2.7762,838939745,0.0912993,1.28972,0.621349,0.091472,1.29806,0.60039,0.0695289,1.29808,0.60039,0.0695215,1.28974,0.621349,0.0950926,1.5021,0.709718,0.0952927,1.51176,0.685425,0.0697174,1.51178,0.685425,0.0697089,1.50212,0.709718
0.482942,0.472545,1.43967,-50.7956,838940253,0.180046,1.28043,0.646196,0.180823,1.28906,0.62537,0.158935,1.29061,0.62537,0.158323,1.28197,0.646196,0.198556,1.49062,0.737862,0.199457,1.50063,0.713722,0.173946,1.50243,0.713722,0.173236,1.49242,0.737862
0.0959286,0.490257,1.5604,-2.13185,838940772,0.0245478,1.29128,0.671209,0.0242418,1.30027,0.65052,0.00231142,1.29952,0.65052,0.00278265,1.29054,0.671209,0.0174149,1.50068,0.766148,0.0170602,1.5111,0.742167,-0.00850031,1.51023,0.742167,-0.0079541,1.49982,0.766148
0.136451,0.489857,1.58166,-21.0035,838940773,-0.00295601,1.2928,0.671209,-0.00340832,1.30178,0.65052,-0.0252996,1.30027,0.65052,-0.0246824,1.2913,0.671209,-0.0137459,1.50207,0.766148,-0.0142702,1.51248,0.742167,-0.0397852,1.51072,0.742167,-0.0390697,1.50033,0.766148
-0.0684647,0.490242,1.59883,-4.25156,838940774,-0.0251054,1.29127,0.671209,-0.0257226,1.30024,0.65052,-0.0476139,1.29873,0.65052,-0.0468318,1.28978,0.671209,-0.0394927,1.5003,0.766148,-0.0402081,1.5107,0.742167,-0.065723,1.50894,0.742167,-0.0648165,1.49856,0.766148
-0.00700347,0.48983,1.61618,-2.56795,838940775,-0.0475718,1.29201,0.671209,-0.0483374,1.30097,0.65052,-0.0701627,1.2987,0.65052,-0.0692327,1.28976,0.671209,-0.0656642,1.50078,0.766148,-0.0665517,1.51116,0.742167,-0.0919897,1.50852,0.742167,-0.0909117,1.49815,0.766148
-0.00866352,0.490218,1.63335,-3.97201,838940776,-0.0696544,1.28971,0.671209,-0.0705844,1.29865,0.65052,-0.0924098,1.29638,0.65052,-0.0913153,1.28746,0.671209,-0.0913334,1.49811,0.766148,-0.0924114,1.50847,0.742167,-0.117849,1.50583,0.742167,-0.116581,1.49548,0.766148
-0.00932107,0.490188,1.70238,-2.73067,838940780,-0.158453,1.28193,0.671209,-0.160005,1.29078,0.65052,-0.181619,1.287,0.65052,-0.179904,1.27817,0.671209,-0.194627,1.48831,0.766148,-0.196426,1.49857,0.742167,-0.221617,1.49415,0.742167,-0.21963,1.48392,0.766148
-0.0472233,0.489786,1.71972,-2.23241,838940781,-0.180873,1.28031,0.671209,-0.182572,1.28914,0.65052,-0.20404,1.2846,0.65052,-0.20218,1.27581,0.671209,-0.220705,1.48605,0.766148,-0.222674,1.49628,0.742167,-0.247696,1.49098,0.742167,-0.24554,1.48079,0.766148
0.0975868,0.489843,1.89229,-3.07608,838940791,-0.397985,1.2301,0.671209,-0.401192,1.2385,0.65052,-0.421544,1.2303,0.65052,-0.418184,1.22196,0.671209,-0.472963,1.42578,0.766148,-0.476679,1.43552,0.742167,-0.500401,1.42596,0.742167,-0.496506,1.4163,0.766148
0.0250406,0.507498,1.5604,-3.53195,838941284,0.0245478,1.29128,0.696394,0.0242309,1.30059,0.675848,0.00230052,1.29984,0.675848,0.00278263,1.29054,0.696394,0.017466,1.49918,0.794583,0.0170987,1.50997,0.770768,-0.00846176,1.50909,0.770768,-0.00790294,1.49832,0.794583
0.183271,0.507086,1.58167,-4.26409,838941285,-0.00295604,1.2928,0.696394,-0.00343033,1.3021,0.675848,-0.0253216,1.30059,0.675848,-0.0246824,1.2913,0.696394,-0.0136427,1.50057,0.794583,-0.0141925,1.51135,0.770768,-0.0397074,1.5096,0.770768,-0.0389665,1.49883,0.794583
0.0986918,0.507482,1.59884,-9.9909,838941286,-0.0251054,1.29127,0.696394,-0.0257446,1.30056,0.675848,-0.0476359,1.29905,0.675848,-0.0468318,1.28978,0.696394,-0.0393895,1.4988,0.794583,-0.0401304,1.50957,0.770768,-0.0656454,1.50781,0.770768,-0.0647133,1.49706,0.794583
0.11593,0.507057,1.61619,8.31892,838941287,-0.0475718,1.29201,0.696394,-0.0483706,1.30129,0.675848,-0.0701959,1.29902,0.675848,-0.0692328,1.28976,0.696394,-0.0655087,1.49929,0.794583,-0.0664346,1.51004,0.770768,-0.0918726,1.50739,0.770768,-0.0907562,1.49666,0.794583
0.0187237,0.507456,1.63336,-3.86554,838941288,-0.0696545,1.28971,0.696394,-0.0706176,1.29897,0.675848,-0.092443,1.2967,0.675848,-0.0913154,1.28746,0.696394,-0.0911779,1.49662,0.794583,-0.0922943,1.50735,0.770768,-0.117732,1.5047,0.770768,-0.116425,1.49399,0.794583
0.0269287,0.507426,1.70238,-2.48403,838941292,-0.158453,1.28193,0.696394,-0.16006,1.2911,0.675848,-0.181674,1.28731,0.675848,-0.179904,1.27817,0.696394,-0.194368,1.48683,0.794583,-0.196231,1.49745,0.770768,-0.221422,1.49304,0.770768,-0.21937,1.48244,0.794583
-0.0230108,0.507012,1.71973,-3.01568,838941293,-0.180873,1.28031,0.696394,-0.182638,1.28945,0.675848,-0.204106,1.28491,0.675848,-0.20218,1.27581,0.696394,-0.220394,1.48457,0.794583,-0.22244,1.49517,0.770768,-0.247461,1.48988,0.770768,-0.245228,1.47932,0.794583
0.0269224,0.52472,1.56041,-3.89822,838941796,0.0245478,1.29128,0.721761,0.02422,1.30091,0.701362,0.00228966,1.30016,0.701362,0.00278264,1.29054,0.721761,0.0175189,1.49763,0.823177,0.017139,1.50878,0.799532,-0.00842146,1.50791,0.799532,-0.00785004,1.49676,0.823177
0.296145,0.524297,1.58167,-2.01491,838941797,-0.00295603,1.2928,0.721761,-0.00345222,1.30242,0.701362,-0.0253435,1.30091,0.701362,-0.0246824,1.2913,0.721761,-0.013536,1.49902,0.823177,-0.0141112,1.51017,0.799532,-0.0396261,1.50841,0.799532,-0.0388598,1.49728,0.823177
2.07687,0.524704,1.59884,0.981983,838941798,-0.0251054,1.29127,0.721761,-0.0257665,1.30088,0.701362,-0.0476578,1.29937,0.701362,-0.0468318,1.28978,0.721761,-0.0392828,1.49725,0.823177,-0.0400491,1.50839,0.799532,-0.065564,1.50663,0.799532,-0.0646066,1.49551,0.823176
0.161659,0.524267,1.61619,14.8144,838941799,-0.0475718,1.29201,0.721761,-0.0484036,1.3016,0.701362,-0.0702289,1.29933,0.701362,-0.0692327,1.28976,0.721761,-0.065348,1.49774,0.823177,-0.0663121,1.50886,0.799532,-0.0917501,1.50621,0.799532,-0.0905954,1.49511,0.823177
0.1951,0.524678,1.63336,-27.4695,838941800,-0.0696545,1.28971,0.721761,-0.0706506,1.29929,0.701362,-0.0924759,1.29702,0.701362,-0.0913154,1.28746,0.721761,-0.0910171,1.49507,0.823177,-0.0921718,1.50617,0.799532,-0.11761,1.50352,0.799532,-0.116265,1.49244,0.823177
0.0414162,0.524659,1.66787,-4.80255,838941802,-0.114122,1.2866,0.721761,-0.115452,1.29613,0.701362,-0.137185,1.2931,0.701362,-0.135691,1.28359,0.721761,-0.142644,1.49108,0.823177,-0.144185,1.50214,0.799532,-0.169515,1.4986,0.799532,-0.167784,1.48758,0.823177
-0.0498766,0.524229,1.68522,-4.19998,838941803,-0.136585,1.28576,0.721761,-0.138084,1.29528,0.701362,-0.159698,1.29149,0.701362,-0.158036,1.282,0.721761,-0.168679,1.48975,0.823177,-0.170417,1.50078,0.799532,-0.195609,1.49636,0.799532,-0.193682,1.48537,0.823177
0.0598989,0.524647,1.70239,-35.8192,838941804,-0.158453,1.28193,0.721761,-0.160115,1.29141,0.701362,-0.181729,1.28763,0.701362,-0.179904,1.27817,0.721761,-0.194099,1.48529,0.823177,-0.196026,1.49629,0.799532,-0.221217,1.49187,0.799532,-0.219102,1.48091,0.823177
0.157888,0.524221,1.71974,-2.40274,838941805,-0.180873,1.28031,0.721761,-0.182704,1.28977,0.701362,-0.204172,1.28523,0.701362,-0.20218,1.27581,0.721761,-0.220073,1.48305,0.823177,-0.222195,1.49401,0.799532,-0.247216,1.48872,0.799532,-0.244907,1.4778,0.823177
-0.0191359,0.524642,1.7369,-4.29836,838941806,-0.202595,1.27572,0.721761,-0.204587,1.28514,0.701362,-0.226055,1.2806,0.701362,-0.223901,1.27121,0.721761,-0.245322,1.47771,0.823177,-0.247631,1.48863,0.799532,-0.272653,1.48334,0.799532,-0.270156,1.47246,0.823177
0.0603387,0.541915,1.56042,-2.51661,838942308,0.0245469,1.29128,0.747269,0.0242091,1.3012,0.727072,0.00225308,1.30045,0.727072,0.00278168,1.29054,0.747269,0.01757,1.4961,0.851731,0.017181,1.50752,0.828468,-0.00826693,1.50665,0.828468,-0.00765807,1.49524,0.851731
1.57981,0.54148,1.58168,-0.349772,838942309,-0.00295506,1.2928,0.747269,-0.00344569,1.30271,0.727072,-0.0253626,1.3012,0.727072,-0.0246815,1.2913,0.747269,-0.0135708,1.49749,0.851731,-0.014136,1.5089,0.828468,-0.0395385,1.50716,0.828468,-0.038754,1.49576,0.851731
1.09935,0.541899,1.59885,0.480216,838942310,-0.0251064,1.29127,0.747269,-0.0257875,1.30117,0.727072,-0.0477045,1.29966,0.727072,-0.0468328,1.28978,0.747269,-0.0391789,1.49573,0.851731,-0.0399634,1.50713,0.828468,-0.065366,1.50538,0.828468,-0.064362,1.49399,0.851731
0.117372,0.54145,1.61619,-6.71283,838942311,-0.0475709,1.29201,0.747269,-0.0484073,1.3019,0.727072,-0.0702582,1.29962,0.727072,-0.0692318,1.28976,0.747269,-0.0653292,1.49621,0.851731,-0.0662926,1.50759,0.828468,-0.0916186,1.50496,0.828468,-0.0904364,1.49359,0.851731
0.0479926,0.541872,1.63337,-2.76502,838942312,-0.0696554,1.28971,0.747269,-0.0706818,1.29958,0.727072,-0.0925327,1.29731,0.727072,-0.0913163,1.28746,0.747269,-0.09086,1.49355,0.851731,-0.0920422,1.50491,0.828468,-0.117368,1.50228,0.828468,-0.115967,1.49094,0.851731
0.0239559,0.541852,1.66789,-3.65496,838942314,-0.114123,1.2866,0.747269,-0.115493,1.29642,0.727072,-0.137251,1.29339,0.727072,-0.135692,1.28359,0.747269,-0.142434,1.48957,0.851731,-0.144012,1.50089,0.828468,-0.169231,1.49737,0.828468,-0.167434,1.48608,0.851731
0.0292194,0.541411,1.68522,-2.73557,838942315,-0.136584,1.28576,0.747269,-0.138108,1.29557,0.727072,-0.159747,1.29177,0.727072,-0.158035,1.282,0.747269,-0.168554,1.48822,0.851731,-0.170309,1.49951,0.828468,-0.19539,1.49512,0.828468,-0.193417,1.48386,0.851731
0.191442,0.54184,1.7024,-12.3777,838942316,-0.158454,1.28193,0.747269,-0.160167,1.2917,0.727072,-0.181806,1.28791,0.727072,-0.179905,1.27817,0.747269,-0.193837,1.48379,0.851731,-0.195809,1.49504,0.828468,-0.22089,1.49065,0.828468,-0.2187,1.47943,0.851731
0.178312,0.541402,1.71974,4.64227,838942317,-0.180872,1.28031,0.747269,-0.182738,1.29006,0.727072,-0.204232,1.28551,0.727072,-0.202179,1.27581,0.747269,-0.219894,1.48153,0.851731,-0.222043,1.49275,0.828468,-0.246954,1.48749,0.828468,-0.24459,1.47631,0.851731
0.147514,0.541835,1.73691,0.4188,838942318,-0.202595,1.27572,0.747269,-0.204648,1.28542,0.727072,-0.226142,1.28088,0.727072,-0.223902,1.27121,0.747269,-0.245007,1.47622,0.851731,-0.247371,1.4874,0.828468,-0.272283,1.48213,0.828468,-0.269703,1.471,0.851731
-0.00814238,0.541862,1.84045,-3.38988,838942324,-0.333342,1.24789,0.747269,-0.336399,1.25733,0.727072,-0.357299,1.25056,0.727072,-0.35406,1.24118,0.747269,-0.396494,1.44286,0.851731,-0.400015,1.45373,0.828468,-0.424239,1.44588,0.828468,-0.420509,1.43508,0.851731
0.121121,0.541438,1.85779,9.84368,838942325,-0.355317,1.24317,0.747269,-0.358522,1.25256,0.727072,-0.379172,1.24506,0.727072,-0.375788,1.23574,0.747269,-0.421983,1.43699,0.851731,-0.425674,1.44781,0.828468,-0.449609,1.43912,0.828468,-0.445711,1.42838,0.851731
0.307155,0.541885,1.87497,0.488883,838942326,-0.376188,1.23559,0.747269,-0.379573,1.24492,0.727072,-0.400223,1.23742,0.727072,-0.396659,1.22816,0.747269,-0.446111,1.42823,0.851731,-0.450009,1.43897,0.828468,-0.473944,1.43029,0.828468,-0.469839,1.41962,0.851731
0.154001,0.541465,1.89231,-12.4086,838942327,-0.397984,1.2301,0.747269,-0.401515,1.23938,0.727072,-0.421891,1.23116,0.727072,-0.418183,1.22196,0.747269,-0.471379,1.42148,0.851731,-0.475446,1.43216,0.828468,-0.499063,1.42264,0.828468,-0.494791,1.41204,0.851731
0.110471,0.541915,1.90949,-6.48867,838942328,-0.418578,1.2218,0.747269,-0.422287,1.23101,0.727072,-0.442663,1.22279,0.727072,-0.438777,1.21366,0.747269,-0.495187,1.41189,0.851731,-0.499458,1.42248,0.828468,-0.523074,1.41296,0.828468,-0.518599,1.40245,0.851731
-0.0363505,0.541852,2.01695,-2.74663,838942334,-0.547282,1.16997,0.747269,-0.55193,1.17874,0.727072,-0.571338,1.16844,0.727072,-0.566522,1.15977,0.747269,-0.643307,1.35102,0.851731,-0.64866,1.36112,0.828468,-0.671155,1.34919,0.828468,-0.665607,1.3392,0.851731
0.0614834,0.541411,2.03429,-2.23832,838942335,-0.568104,1.16151,0.747269,-0.57289,1.1702,0.727072,-0.591926,1.15923,0.727072,-0.586975,1.15064,0.747269,-0.66739,1.34082,0.851731,-0.672903,1.35083,0.828468,-0.694967,1.33812,0.828468,-0.689264,1.32822,0.851731
-0.0293772,0.54184,2.05146,-2.57279,838942336,-0.587344,1.15043,0.747269,-0.592295,1.15902,0.727072,-0.611332,1.14806,0.727072,-0.606215,1.13956,0.747269,-0.689633,1.32801,0.851731,-0.695336,1.33791,0.828468,-0.7174,1.3252,0.828468,-0.711507,1.31541,0.851731
0.02174,0.541402,2.0688,64.4522,838942337,-0.607857,1.14124,0.747269,-0.612944,1.14976,0.727072,-0.631586,1.13813,0.727072,-0.626337,1.12972,0.747269,-0.713346,1.31698,0.851731,-0.719204,1.32679,0.828468,-0.740811,1.31332,0.828468,-0.734766,1.30362,0.851731
-0.00626543,0.541835,2.08598,-2.39176,838942338,-0.626699,1.12949,0.747269,-0.631947,1.13791,0.727072,-0.650589,1.12629,0.727072,-0.645179,1.11797,0.747269,-0.735127,1.30339,0.851731,-0.741172,1.31309,0.828468,-0.762779,1.29962,0.828468,-0.756548,1.29004,0.851731
0.00875341,0.559062,1.56042,-2.83396,838942820,0.0245469,1.29128,0.772956,0.024199,1.3015,0.752908,0.00224292,1.30075,0.752908,0.00278169,1.29054,0.772956,0.0176235,1.49453,0.880443,0.0172228,1.50629,0.857352,-0.00822518,1.50543,0.857352,-0.00760462,1.49367,0.880443
0.0737907,0.558616,1.58168,-2.35265,838942821,-0.00295506,1.2928,0.772956,-0.00346616,1.30301,0.752908,-0.0253831,1.3015,0.752908,-0.0246815,1.2913,0.772956,-0.013463,1.49592,0.880443,-0.0140517,1.50768,0.857352,-0.0394543,1.50593,0.857352,-0.0386462,1.49419,0.880443
0.163002,0.559045,1.59886,-11.9957,838942822,-0.0251064,1.29127,0.772956,-0.025808,1.30147,0.752908,-0.0477249,1.29996,0.752908,-0.0468328,1.28978,0.772956,-0.039071,1.49416,0.880443,-0.0398792,1.5059,0.857352,-0.0652818,1.50415,0.857352,-0.0642542,1.49243,0.880443
0.189223,0.558585,1.6162,5.96946,838942823,-0.0475709,1.29201,0.772956,-0.0484381,1.30219,0.752908,-0.070289,1.29992,0.752908,-0.0692318,1.28976,0.772956,-0.0651667,1.49464,0.880443,-0.0661656,1.50637,0.857352,-0.0914916,1.50374,0.857352,-0.0902739,1.49203,0.880443
-0.0165903,0.559017,1.63338,-3.66485,838942824,-0.0696554,1.28971,0.772956,-0.0707127,1.29988,0.752908,-0.0925635,1.2976,0.752908,-0.0913163,1.28746,0.772956,-0.0906975,1.49199,0.880443,-0.0919153,1.50369,0.857352,-0.117241,1.50106,0.857352,-0.115805,1.48938,0.880443
0.0501587,0.558997,1.66789,40.4277,838942826,-0.114123,1.2866,0.772956,-0.115534,1.29672,0.752908,-0.137292,1.29368,0.752908,-0.135692,1.28359,0.772956,-0.142217,1.48801,0.880443,-0.143843,1.49967,0.857352,-0.169061,1.49615,0.857352,-0.167217,1.48453,0.880443
0.0510692,0.558544,1.68523,-3.73458,838942827,-0.136584,1.28576,0.772956,-0.13816,1.29586,0.752908,-0.159799,1.29207,0.752908,-0.158035,1.282,0.772956,-0.168282,1.48668,0.880443,-0.170098,1.49831,0.857352,-0.195178,1.49391,0.857352,-0.193146,1.48232,0.880443
0.214595,0.558985,1.7024,-13.0038,838942828,-0.158454,1.28193,0.772956,-0.160218,1.29199,0.752908,-0.181857,1.2882,0.752908,-0.179905,1.27817,0.772956,-0.193566,1.48224,0.880443,-0.195597,1.49384,0.857352,-0.220678,1.48944,0.857352,-0.218429,1.47789,0.880443
0.164772,0.558535,1.71974,-6.89912,838942829,-0.180872,1.28031,0.772956,-0.1828,1.29035,0.752908,-0.204293,1.2858,0.752908,-0.202179,1.27581,0.772956,-0.219569,1.47999,0.880443,-0.221789,1.49155,0.857352,-0.2467,1.48629,0.857352,-0.244265,1.47477,0.880443
-0.157893,0.558979,1.73692,-2.54004,838942830,-0.202596,1.27572,0.772956,-0.20471,1.28571,0.752908,-0.226203,1.28117,0.752908,-0.223902,1.27121,0.772956,-0.244682,1.47468,0.880443,-0.247117,1.4862,0.857352,-0.272029,1.48093,0.857352,-0.269378,1.46946,0.880443
0.0164175,0.559007,1.84046,-4.03814,838942836,-0.333342,1.24789,0.772956,-0.336491,1.25761,0.752908,-0.357391,1.25084,0.752908,-0.35406,1.24118,0.772956,-0.39601,1.44136,0.880443,-0.399637,1.45256,0.857352,-0.423861,1.44471,0.857352,-0.420025,1.43359,0.880443
0.0190428,0.558572,1.8578,-2.05501,838942837,-0.355317,1.24317,0.772956,-0.358624,1.25284,0.752908,-0.379274,1.24534,0.752908,-0.375788,1.23574,0.772956,-0.421447,1.43552,0.880443,-0.425256,1.44665,0.857352,-0.44919,1.43797,0.857352,-0.445175,1.4269,0.880443
0.707152,0.559031,1.87497,-0.837569,838942838,-0.376188,1.23559,0.772956,-0.379674,1.2452,0.752908,-0.400325,1.2377,0.752908,-0.396659,1.22816,0.772956,-0.445575,1.42676,0.880443,-0.449591,1.43782,0.857352,-0.473526,1.42913,0.857352,-0.469303,1.41814,0.880443
0.31948,0.5586,1.89232,13.0952,838942839,-0.397984,1.2301,0.772956,-0.401627,1.23965,0.752908,-0.422003,1.23144,0.752908,-0.418183,1.22196,0.772956,-0.470792,1.42002,0.880443,-0.474987,1.43102,0.857352,-0.498604,1.4215,0.857352,-0.494205,1.41059,0.880443
0.00739973,0.559062,1.90949,-2.73957,838942840,-0.418578,1.2218,0.772956,-0.422398,1.23128,0.752908,-0.442774,1.22307,0.752908,-0.438777,1.21366,0.772956,-0.4946,1.41043,0.880443,-0.498999,1.42134,0.857352,-0.522616,1.41183,0.857352,-0.518012,1.40099,0.880443
-0.05937,0.558997,2.01696,-2.10552,838942846,-0.547282,1.16997,0.772956,-0.55207,1.179,0.752908,-0.571478,1.16871,0.752908,-0.566522,1.15977,0.772956,-0.642571,1.34964,0.880443,-0.648085,1.36003,0.857352,-0.67058,1.3481,0.857352,-0.664871,1.33781,0.880443
1.18727,0.558544,2.0343,-5.21256,838942847,-0.568104,1.16151,0.772956,-0.573038,1.17046,0.752908,-0.592075,1.15949,0.752908,-0.586975,1.15064,0.772956,-0.666607,1.33946,0.880443,-0.67229,1.34977,0.857352,-0.694355,1.33706,0.857352,-0.68848,1.32686,0.880443
0.102222,0.558985,2.05147,-20.1372,838942848,-0.587344,1.15043,0.772956,-0.592444,1.15928,0.752908,-0.611481,1.14831,0.752908,-0.606215,1.13956,0.772956,-0.688849,1.32665,0.880443,-0.694724,1.33685,0.857352,-0.716788,1.32414,0.857352,-0.710723,1.31405,0.880443
0.0155133,0.558535,2.06881,-2.59903,838942849,-0.607857,1.14124,0.772956,-0.613101,1.15001,0.752908,-0.631743,1.13839,0.752908,-0.626337,1.12972,0.772956,-0.712515,1.31564,0.880443,-0.718555,1.32575,0.857352,-0.740162,1.31227,0.857352,-0.733935,1.30229,0.880443
0.0724121,0.558979,2.08598,-11.5282,838942850,-0.626699,1.12949,0.772956,-0.632105,1.13816,0.752908,-0.650747,1.12654,0.752908,-0.645179,1.11797,0.772956,-0.734297,1.30206,0.880443,-0.740523,1.31205,0.857352,-0.76213,1.29858,0.857352,-0.755717,1.28871,0.880443
-0.863278,0.575687,1.50874,-3.88532,838943329,0.0913002,1.28972,0.798841,0.0915006,1.30024,0.778947,0.0695318,1.30026,0.778947,0.0695225,1.28974,0.798841,0.0949431,1.49147,0.909329,0.0951739,1.50358,0.886415,0.0697112,1.5036,0.886414,0.0697005,1.49149,0.909329
-0.022232,0.576123,1.66789,-4.86292,838943338,-0.114123,1.2866,0.798841,-0.115575,1.29701,0.778947,-0.137333,1.29398,0.778947,-0.135692,1.28359,0.798841,-0.141994,1.48642,0.909329,-0.143667,1.49841,0.886414,-0.168885,1.49489,0.886414,-0.166994,1.48293,0.909329
0.320517,0.575659,1.68524,9.11436,838943339,-0.136584,1.28576,0.798841,-0.138211,1.29615,0.778947,-0.15985,1.29236,0.778947,-0.158035,1.282,0.798841,-0.168004,1.48508,0.909329,-0.169878,1.49705,0.886415,-0.194958,1.49265,0.886414,-0.192867,1.48073,0.909329
0.0920222,0.57611,1.70241,13.819,838943340,-0.158454,1.28193,0.798841,-0.160269,1.29229,0.778947,-0.181908,1.28849,0.778947,-0.179905,1.27817,0.798841,-0.193287,1.48065,0.909329,-0.195378,1.49258,0.886415,-0.220458,1.48819,0.886414,-0.21815,1.4763,0.909329
-0.150265,0.575649,1.71975,-3.00583,838943341,-0.180872,1.28031,0.798841,-0.182861,1.29064,0.778947,-0.204355,1.28609,0.778947,-0.202179,1.27581,0.798841,-0.219234,1.47841,0.909329,-0.221525,1.49031,0.886414,-0.246437,1.48504,0.886414,-0.243931,1.47319,0.909329
0.065127,0.576104,1.73692,-3.51294,838943342,-0.202596,1.27572,0.798841,-0.204771,1.286,0.778947,-0.226264,1.28146,0.778947,-0.223902,1.27121,0.798841,-0.244347,1.4731,0.909329,-0.246853,1.48495,0.886414,-0.271765,1.47968,0.886414,-0.269044,1.46788,0.909329
-0.0104445,0.576133,1.84046,-3.40439,838943348,-0.333342,1.24789,0.798841,-0.336582,1.2579,0.778947,-0.357482,1.25113,0.778947,-0.35406,1.24118,0.798841,-0.395513,1.43983,0.909329,-0.399245,1.45135,0.886414,-0.423468,1.4435,0.886414,-0.419527,1.43205,0.909329
0.162356,0.575687,1.85781,-4.50593,838943349,-0.355317,1.24317,0.798841,-0.358724,1.25312,0.778947,-0.379375,1.24562,0.778947,-0.375788,1.23574,0.798841,-0.420896,1.434,0.909329,-0.424821,1.44546,0.886414,-0.448756,1.43677,0.886414,-0.444624,1.42538,0.909329
0.114273,0.576157,1.87498,-6.95057,838943350,-0.376188,1.23559,0.798841,-0.379775,1.24548,0.778947,-0.400426,1.23798,0.778947,-0.396659,1.22816,0.798841,-0.445024,1.42524,0.909329,-0.449156,1.43662,0.886414,-0.473091,1.42794,0.886414,-0.468752,1.41663,0.909329
0.029499,0.575715,1.89232,-3.33625,838943351,-0.397984,1.2301,0.798841,-0.401737,1.23993,0.778947,-0.422113,1.23172,0.778947,-0.418183,1.22196,0.798841,-0.470188,1.41853,0.909329,-0.474511,1.42984,0.886414,-0.498128,1.42032,0.886414,-0.493601,1.40909,0.909329
0.0359755,0.576189,1.9095,-2.13696,838943352,-0.418578,1.2218,0.798841,-0.422509,1.23156,0.778947,-0.442885,1.22334,0.778947,-0.438777,1.21366,0.798841,-0.493996,1.40893,0.909329,-0.498523,1.42016,0.886414,-0.52214,1.41064,0.886414,-0.517409,1.39949,0.909329
0.0462816,0.576123,2.01696,-3.92905,838943358,-0.547282,1.16997,0.798841,-0.552209,1.17926,0.778947,-0.571617,1.16897,0.778947,-0.566522,1.15977,0.798841,-0.641814,1.34821,0.909329,-0.647488,1.35891,0.886415,-0.669983,1.34698,0.886414,-0.664115,1.33638,0.909329
0.406887,0.575659,2.0343,-3.43833,838943359,-0.568104,1.16151,0.798841,-0.573186,1.17071,0.778947,-0.592223,1.15975,0.778947,-0.586975,1.15064,0.798841,-0.665801,1.33806,0.909329,-0.671654,1.34867,0.886415,-0.693719,1.33596,0.886414,-0.687674,1.32546,0.909329
0.0295971,0.57611,2.05147,-3.49234,838943360,-0.587344,1.15043,0.798841,-0.592592,1.15954,0.778947,-0.611628,1.14857,0.778947,-0.606215,1.13956,0.798841,-0.688043,1.32525,0.909329,-0.694088,1.33574,0.886414,-0.716152,1.32304,0.886414,-0.709917,1.31265,0.909329
0.0150968,0.575649,2.06882,-3.33029,838943361,-0.607857,1.14124,0.798841,-0.613258,1.15026,0.778947,-0.6319,1.13864,0.778947,-0.626337,1.12972,0.798841,-0.711661,1.31427,0.909329,-0.717881,1.32467,0.886414,-0.739488,1.31119,0.886414,-0.733081,1.30092,0.909329
0.0958696,0.576104,2.08599,41.0952,838943362,-0.626699,1.12949,0.798841,-0.632261,1.13841,0.778947,-0.650903,1.12679,0.778947,-0.645179,1.11797,0.798841,-0.733442,1.30069,0.909329,-0.739849,1.31097,0.886414,-0.761456,1.2975,0.886414,-0.754863,1.28734,0.909329
0.371785,0.575648,2.10333,6.93804,838943363,-0.646878,1.11959,0.798841,-0.652591,1.12842,0.778947,-0.670816,1.11615,0.778947,-0.664945,1.10743,0.798841,-0.756662,1.2889,0.909329,-0.763242,1.29907,0.886415,-0.784365,1.28485,0.886414,-0.777603,1.2748,0.909329
0.073772,0.59283,1.5817,-1.88697,838943845,-0.00295504,1.2928,0.824932,-0.00350666,1.30359,0.805196,-0.0254236,1.30208,0.805196,-0.0246814,1.2913,0.824932,-0.0132382,1.49266,0.938397,-0.0138736,1.50509,0.915665,-0.0392761,1.50334,0.915665,-0.0384213,1.49092,0.938397
0.0267509,0.59328,1.59887,-2.21136,838943846,-0.0251063,1.29127,0.824932,-0.0258485,1.30206,0.805196,-0.0477654,1.30055,0.805196,-0.0468327,1.28978,0.824932,-0.0388462,1.4909,0.938397,-0.0397011,1.50331,0.915665,-0.0651037,1.50157,0.915665,-0.0640293,1.48916,0.938397
-0.0489397,0.592797,1.61621,-2.19449,838943847,-0.0475708,1.29201,0.824932,-0.0484992,1.30278,0.805196,-0.07035,1.30051,0.805196,-0.0692318,1.28976,0.824932,-0.0648279,1.49139,0.938397,-0.0658972,1.50379,0.915665,-0.0912232,1.50116,0.915665,-0.0899352,1.48878,0.938397
0.0508895,0.593251,1.63338,-2.88466,838943848,-0.0696554,1.28971,0.824932,-0.0707736,1.30046,0.805196,-0.0926245,1.29819,0.805196,-0.0913163,1.28746,0.824932,-0.0903588,1.48873,0.938397,-0.0916468,1.50111,0.915665,-0.116973,1.49848,0.915665,-0.115466,1.48612,0.938397
0.115744,0.592772,1.65073,-15.7678,838943849,-0.0921319,1.28966,0.824932,-0.0934357,1.30039,0.805196,-0.115194,1.29736,0.805196,-0.113701,1.28666,0.824932,-0.116342,1.48832,0.938397,-0.117844,1.50068,0.915665,-0.143062,1.49716,0.915665,-0.141343,1.48483,0.938397
0.0190276,0.59323,1.6679,-3.28676,838943850,-0.114123,1.2866,0.824932,-0.115616,1.2973,0.805196,-0.137374,1.29427,0.805196,-0.135692,1.28359,0.824932,-0.141764,1.48477,0.938397,-0.143484,1.4971,0.915665,-0.168703,1.49358,0.915665,-0.166765,1.48129,0.938397
1.38134,0.592755,1.68524,-0.677529,838943851,-0.136584,1.28576,0.824932,-0.138262,1.29644,0.805196,-0.159901,1.29265,0.805196,-0.158035,1.282,0.824932,-0.167717,1.48345,0.938397,-0.16965,1.49575,0.915665,-0.19473,1.49135,0.915665,-0.192581,1.47909,0.938397
0.016515,0.593217,1.70241,-3.16573,838943852,-0.158454,1.28193,0.824932,-0.16032,1.29258,0.805196,-0.181959,1.28878,0.805196,-0.179905,1.27817,0.824932,-0.193,1.47902,0.938397,-0.19515,1.49128,0.915665,-0.22023,1.48688,0.915665,-0.217864,1.47466,0.938397
0.0604955,0.592745,1.71976,21.559,838943853,-0.180872,1.28031,0.824932,-0.182922,1.29093,0.805196,-0.204415,1.28638,0.805196,-0.202179,1.27581,0.824932,-0.218891,1.47679,0.938397,-0.221252,1.48902,0.915665,-0.246163,1.48375,0.915665,-0.243587,1.47157,0.938397
-0.0167712,0.593211,1.73693,-4.28813,838943854,-0.202595,1.27572,0.824932,-0.204832,1.28629,0.805196,-0.226325,1.28174,0.805196,-0.223902,1.27121,0.824932,-0.244004,1.47148,0.938397,-0.24658,1.48366,0.915665,-0.271492,1.47839,0.915665,-0.2687,1.46626,0.938397
0.097925,0.59324,1.84047,-1.61422,838943860,-0.333342,1.24789,0.824932,-0.336673,1.25817,0.805196,-0.357572,1.2514,0.805196,-0.35406,1.24118,0.824932,-0.395002,1.43825,0.938397,-0.398838,1.45009,0.915665,-0.423061,1.44225,0.915665,-0.419016,1.43047,0.938397
0.0269134,0.592784,1.85781,-2.83528,838943861,-0.355317,1.24317,0.824932,-0.358825,1.25339,0.805196,-0.379475,1.2459,0.805196,-0.375788,1.23574,0.824932,-0.42033,1.43244,0.938397,-0.42437,1.44421,0.915665,-0.448305,1.43553,0.915665,-0.444058,1.42383,0.938397
0.00567485,0.593265,1.87498,-2.86181,838943862,-0.376188,1.23559,0.824932,-0.379876,1.24575,0.805196,-0.400526,1.23826,0.805196,-0.396659,1.22816,0.824932,-0.444458,1.42368,0.938397,-0.448705,1.43538,0.915665,-0.47264,1.42669,0.915665,-0.468186,1.41507,0.938397
0.115189,0.592813,1.89233,8.05592,838943863,-0.397984,1.2301,0.824932,-0.401847,1.2402,0.805196,-0.422223,1.23199,0.805196,-0.418183,1.22196,0.824932,-0.469568,1.41699,0.938397,-0.474017,1.42862,0.915665,-0.497634,1.4191,0.915665,-0.492981,1.40755,0.938397
0.0416583,0.593298,1.9095,-2.66198,838943864,-0.418578,1.2218,0.824932,-0.422618,1.23183,0.805196,-0.442994,1.22362,0.805196,-0.438777,1.21366,0.824932,-0.493376,1.40739,0.938397,-0.498029,1.41894,0.915665,-0.521646,1.40942,0.915665,-0.516788,1.39796,0.938397
0.11725,0.59323,2.01697,2.6509,838943870,-0.547282,1.16997,0.824932,-0.552346,1.17952,0.805196,-0.571754,1.16923,0.805196,-0.566522,1.15977,0.824932,-0.641037,1.34674,0.938397,-0.64687,1.35774,0.915665,-0.669364,1.34581,0.915665,-0.663337,1.33492,0.938397
0.02362,0.592755,2.03431,-3.12393,838943871,-0.568104,1.16151,0.824932,-0.573333,1.17097,0.805196,-0.592369,1.16,0.805196,-0.586975,1.15064,0.824932,-0.664973,1.33662,0.938397,-0.670995,1.34752,0.915665,-0.693059,1.33481,0.915665,-0.686846,1.32403,0.938397
-0.00544734,0.593217,2.05148,-70.9899,838943872,-0.587344,1.15043,0.824932,-0.592738,1.15979,0.805196,-0.611775,1.14883,0.805196,-0.606215,1.13956,0.824932,-0.687215,1.32381,0.938397,-0.693428,1.3346,0.915665,-0.715493,1.32189,0.915665,-0.709089,1.31121,0.938397
0.134862,0.592745,2.06882,7.04075,838943873,-0.607857,1.14124,0.824932,-0.613413,1.15051,0.805196,-0.632055,1.13889,0.805196,-0.626337,1.12972,0.824932,-0.710783,1.31287,0.938397,-0.717182,1.32354,0.915665,-0.738789,1.31007,0.915665,-0.732203,1.29951,0.938397
0.00200652,0.593211,2.08599,-3.85967,838943874,-0.626699,1.12949,0.824932,-0.632417,1.13866,0.805196,-0.651059,1.12704,0.805196,-0.645179,1.11797,0.824932,-0.732564,1.29928,0.938397,-0.739151,1.30985,0.915665,-0.760757,1.29638,0.915665,-0.753985,1.28593,0.938397
0.0496378,0.61039,1.56044,-5.23154,838944356,0.0245469,1.29128,0.851239,0.024169,1.30238,0.831665,0.00221293,1.30163,0.831665,0.0027817,1.29054,0.851239,0.0177929,1.48956,0.967656,0.0173577,1.50233,0.945111,-0.00809029,1.50147,0.945111,-0.00743518,1.4887,0.967656
0.0246472,0.609911,1.5817,-5.16764,838944357,-0.00295505,1.2928,0.851239,-0.00352664,1.30388,0.831665,-0.0254436,1.30238,0.831665,-0.0246814,1.2913,0.851239,-0.0131213,1.49096,0.967656,-0.0137796,1.50373,0.945111,-0.0391822,1.50198,0.945111,-0.0383044,1.48923,0.967656
-0.0393341,0.610372,1.59887,-4.76519,838944358,-0.0251063,1.29127,0.851239,-0.0258685,1.30235,0.831665,-0.0477854,1.30084,0.831665,-0.0468327,1.28978,0.851239,-0.0387293,1.4892,0.967656,-0.0396071,1.50195,0.945111,-0.0650097,1.5002,0.945111,-0.0639124,1.48746,0.967656
0.0136775,0.609878,1.61622,-4.67033,838944359,-0.0475709,1.29201,0.851239,-0.0485293,1.30307,0.831665,-0.0703802,1.3008,0.831665,-0.0692318,1.28976,0.851239,-0.0646518,1.48969,0.967656,-0.0657557,1.50243,0.945111,-0.0910817,1.4998,0.945111,-0.089759,1.48708,0.967656
0.618673,0.610342,1.63339,-8.15603,838944360,-0.0696554,1.28971,0.851239,-0.0708038,1.30075,0.831665,-0.0926546,1.29848,0.831665,-0.0913163,1.28746,0.851239,-0.0901826,1.48704,0.967656,-0.0915053,1.49975,0.945111,-0.116831,1.49712,0.945111,-0.11529,1.48443,0.967656
0.836208,0.609852,1.65074,-2.84239,838944361,-0.0921319,1.28966,0.851239,-0.0934759,1.30068,0.831665,-0.115234,1.29765,0.831665,-0.113701,1.28666,0.851239,-0.116107,1.48663,0.967656,-0.117655,1.49932,0.945111,-0.142873,1.49581,0.94511,-0.141107,1.48314,0.967656
0.178093,0.610321,1.6679,11.8286,838944362,-0.114123,1.2866,0.851239,-0.115656,1.29759,0.831665,-0.137414,1.29455,0.831665,-0.135692,1.28359,0.851239,-0.141529,1.48309,0.967656,-0.143295,1.49575,0.945111,-0.168514,1.49223,0.945111,-0.16653,1.4796,0.967656
0.56767,0.609835,1.68525,-1.43604,838944363,-0.136584,1.28576,0.851239,-0.138312,1.29673,0.831665,-0.159951,1.29294,0.831665,-0.158035,1.282,0.851239,-0.167423,1.48177,0.967656,-0.169414,1.4944,0.945111,-0.194494,1.49001,0.94511,-0.192287,1.47742,0.967656
0.218491,0.610307,1.70242,3.04861,838944364,-0.158454,1.28193,0.851239,-0.16037,1.29286,0.831665,-0.182009,1.28907,0.831665,-0.179905,1.27817,0.851239,-0.192706,1.47734,0.967656,-0.194913,1.48993,0.945111,-0.219994,1.48554,0.945111,-0.21757,1.47298,0.967656
-0.0394648,0.609825,1.71976,-4.52162,838944365,-0.180872,1.28031,0.851239,-0.182982,1.29121,0.831665,-0.204476,1.28666,0.831665,-0.202179,1.27581,0.851239,-0.218539,1.47513,0.967656,-0.220969,1.48768,0.945111,-0.24588,1.48241,0.945111,-0.243235,1.4699,0.967656
0.0850713,0.609825,2.06883,-23.8649,838944385,-0.607857,1.14124,0.851239,-0.613567,1.15076,0.831665,-0.632209,1.13913,0.831665,-0.626337,1.12972,0.851239,-0.709882,1.31142,0.967656,-0.716459,1.32238,0.945111,-0.738066,1.30891,0.945111,-0.731302,1.29806,0.967656
0.00534979,0.610301,2.086,-4.55867,838944386,-0.626699,1.12949,0.851239,-0.632571,1.13891,0.831665,-0.651213,1.12729,0.831665,-0.645179,1.11797,0.851239,-0.731664,1.29784,0.967656,-0.738427,1.30869,0.945111,-0.760034,1.29522,0.945111,-0.753084,1.28448,0.967656
-0.0319328,0.627521,1.56045,-4.27792,838944868,0.0245458,1.29128,0.877931,0.024156,1.30273,0.858414,0.00217474,1.30198,0.858414,0.00278062,1.29054,0.877931,0.0178485,1.48789,0.997136,0.0174026,1.50099,0.974811,-0.00792071,1.50012,0.974811,-0.00722763,1.48704,0.997136
0.0369872,0.627031,1.5817,-3.87225,838944869,-0.00295406,1.2928,0.877931,-0.00352466,1.30424,0.858414,-0.0254667,1.30273,0.858414,-0.0246805,1.2913,0.877931,-0.0131575,1.48929,0.997136,-0.0138103,1.50237,0.974811,-0.0390885,1.50063,0.974811,-0.038189,1.48756,0.997136
0.160943,0.627502,1.59888,-4.29697,838944870,-0.0251074,1.29127,0.877931,-0.0258937,1.3027,0.858414,-0.0478358,1.30119,0.858414,-0.0468338,1.28978,0.877931,-0.038616,1.48753,0.997136,-0.0395154,1.5006,0.974811,-0.0647936,1.49886,0.974811,-0.0636474,1.48581,0.997136
0.058646,0.626997,1.61622,-4.7221,838944871,-0.0475698,1.29201,0.877931,-0.0485397,1.30342,0.858414,-0.0704156,1.30115,0.858414,-0.0692307,1.28976,0.877931,-0.0646296,1.48802,0.997137,-0.065739,1.50108,0.974812,-0.090941,1.49846,0.974812,-0.0895856,1.48543,0.997137
0.0380443,0.627472,1.6334,-4.02739,838944872,-0.0696564,1.28971,0.877931,-0.0708413,1.3011,0.858414,-0.0927173,1.29883,0.858414,-0.0913173,1.28746,0.877931,-0.0900113,1.48538,0.997136,-0.0913667,1.49841,0.974811,-0.116569,1.49579,0.974811,-0.114967,1.48279,0.997136
0.115941,0.626971,1.65074,-25.1762,838944873,-0.0921309,1.28966,0.877931,-0.0934987,1.30104,0.858414,-0.115282,1.298,0.858414,-0.1137,1.28666,0.877931,-0.116026,1.48496,0.997136,-0.117591,1.49797,0.974812,-0.142686,1.49447,0.974812,-0.140876,1.48149,0.997137
0.800587,0.62745,1.66792,0.332107,838944874,-0.114124,1.2866,0.877931,-0.115706,1.29794,0.858414,-0.137489,1.2949,0.858414,-0.135693,1.28359,0.877931,-0.1413,1.48144,0.997136,-0.14311,1.49441,0.974811,-0.168205,1.49091,0.974811,-0.16615,1.47797,0.997136
2.20604,0.626953,1.68525,-0.962307,838944875,-0.136583,1.28576,0.877931,-0.138347,1.29708,0.858414,-0.160011,1.29328,0.858414,-0.158034,1.282,0.877931,-0.167284,1.48011,0.997136,-0.169302,1.49305,0.974811,-0.19426,1.48868,0.974812,-0.191998,1.47577,0.997136
0.36131,0.627436,1.70243,4.72115,838944876,-0.158455,1.28193,0.877931,-0.160432,1.29321,0.858414,-0.182096,1.28941,0.858414,-0.179906,1.27817,0.877931,-0.19242,1.4757,0.997136,-0.194681,1.4886,0.974811,-0.219639,1.48423,0.974811,-0.217134,1.47137,0.997136
0.107764,0.626943,1.71977,25.4115,838944877,-0.180871,1.28031,0.877931,-0.18303,1.29156,0.858414,-0.204548,1.28701,0.858414,-0.202178,1.27581,0.877931,-0.218342,1.47346,0.997136,-0.220811,1.48633,0.974811,-0.2456,1.48109,0.974811,-0.242889,1.46827,0.997136
-0.0240304,0.626953,2.73245,-2.63488,838944935,-1.1818,0.524598,0.877931,-1.19248,0.528728,0.858414,-1.20002,0.508068,0.858414,-1.18926,0.504141,0.877931,-1.36545,0.595181,0.997136,-1.37767,0.599906,0.974811,-1.38636,0.576105,0.974811,-1.37406,0.571612,0.997136
0.0740413,0.627436,2.74963,23.1587,838944936,-1.18941,0.503739,0.877931,-1.20017,0.507666,0.858414,-1.20771,0.487006,0.858414,-1.19688,0.483282,0.877931,-1.3742,0.57121,0.997136,-1.38651,0.575703,0.974811,-1.3952,0.551902,0.974811,-1.38281,0.547641,0.997136
0.00720359,0.626943,2.76696,-3.55138,838944937,-1.19922,0.483517,0.877931,-1.21004,0.487272,0.858414,-1.21686,0.466361,0.858414,-1.20597,0.462812,0.877931,-1.38523,0.547643,0.997136,-1.39761,0.551938,0.974811,-1.40546,0.527848,0.974811,-1.39301,0.523788,0.997136
0.076793,0.62743,2.78414,3.32177,838944938,-1.2061,0.462405,0.877931,-1.21699,0.465955,0.858414,-1.22381,0.445044,0.858414,-1.21285,0.4417,0.877931,-1.39314,0.523381,0.997136,-1.40559,0.527441,0.974811,-1.41345,0.503351,0.974812,-1.40092,0.499526,0.997136
-0.0469837,0.644672,1.56046,-76.3,838945380,0.0245458,1.29128,0.904837,0.0241467,1.303,0.885485,0.0021654,1.30225,0.885484,0.00278061,1.29054,0.904837,0.0179065,1.48619,1.02681,0.0174499,1.4996,1.00467,-0.00787341,1.49873,1.00467,-0.00716967,1.48534,1.02681
0.191374,0.644172,1.58171,-12.6921,838945381,-0.00295405,1.2928,0.904837,-0.00354351,1.30451,0.885485,-0.0254856,1.303,0.885485,-0.0246804,1.2913,0.904837,-0.0130406,1.48759,1.02681,-0.0137149,1.50099,1.00467,-0.0389931,1.49925,1.00467,-0.0380721,1.48586,1.02681
0.314099,0.644653,1.59889,4.14754,838945382,-0.0251074,1.29127,0.904837,-0.0259125,1.30297,0.885485,-0.0478546,1.30146,0.885484,-0.0468338,1.28978,0.904837,-0.038499,1.48584,1.02681,-0.03942,1.49922,1.00467,-0.0646982,1.49748,1.00467,-0.0635305,1.48411,1.02681
0.0851068,0.644138,1.61623,5.54609,838945383,-0.0475699,1.29201,0.904837,-0.048568,1.3037,0.885485,-0.070444,1.30142,0.885484,-0.0692308,1.28976,0.904837,-0.0644534,1.48633,1.02681,-0.0655952,1.4997,1.00467,-0.0907972,1.49707,1.00467,-0.0894094,1.48373,1.02681
-0.0580873,0.644622,1.6334,-3.21225,838945384,-0.0696564,1.28971,0.904837,-0.0708697,1.30138,0.885485,-0.0927457,1.2991,0.885485,-0.0913173,1.28746,0.904837,-0.0898351,1.48369,1.02681,-0.091223,1.49703,1.00467,-0.116425,1.49441,1.00467,-0.114791,1.48109,1.02681
0.0568974,0.644111,1.65074,-3.21126,838945385,-0.0921309,1.28966,0.904837,-0.0935366,1.30131,0.885485,-0.11532,1.29827,0.885485,-0.1137,1.28666,0.904837,-0.115791,1.48327,1.02681,-0.117399,1.49659,1.00467,-0.142494,1.49309,1.00467,-0.140641,1.47981,1.02681
0.0860263,0.644599,1.66792,-2.85192,838945386,-0.114124,1.2866,0.904837,-0.115744,1.29821,0.885485,-0.137527,1.29517,0.885485,-0.135693,1.28359,0.904837,-0.141065,1.47975,1.02681,-0.142918,1.49303,1.00467,-0.168013,1.48953,1.00467,-0.165915,1.47628,1.02681
0.208358,0.644093,1.68526,-10.0713,838945387,-0.136583,1.28576,0.904837,-0.138394,1.29735,0.885485,-0.160058,1.29355,0.885485,-0.158034,1.282,0.904837,-0.16699,1.47843,1.02681,-0.169063,1.49168,1.00467,-0.19402,1.48731,1.00467,-0.191704,1.4741,1.02681
0.157158,0.644585,1.70243,-3.11709,838945388,-0.158455,1.28193,0.904837,-0.16048,1.29348,0.885485,-0.182143,1.28968,0.885485,-0.179906,1.27817,0.904837,-0.192126,1.47402,1.02681,-0.194442,1.48724,1.00467,-0.219399,1.48286,1.00467,-0.21684,1.46969,1.02681
0.00200028,0.644082,1.71977,-2.74319,838945389,-0.180871,1.28031,0.904837,-0.183087,1.29183,0.885485,-0.204604,1.28728,0.885484,-0.202178,1.27581,0.904837,-0.217989,1.4718,1.02681,-0.220523,1.48497,1.00467,-0.245313,1.47973,1.00467,-0.242537,1.46661,1.02681
0.0140359,0.644093,2.73246,-2.83109,838945447,-1.1818,0.524598,0.904837,-1.19274,0.528822,0.885485,-1.20028,0.508162,0.885485,-1.18926,0.504141,0.904837,-1.36385,0.594597,1.02681,-1.37637,0.599429,1.00467,-1.38506,0.575628,1.00467,-1.37246,0.571028,1.02681
0.171293,0.644585,2.74963,-11.3461,838945448,-1.18941,0.503739,0.904837,-1.20043,0.507761,0.885485,-1.20797,0.487101,0.885485,-1.19688,0.483282,0.904837,-1.3726,0.570626,1.02681,-1.3852,0.575226,1.00467,-1.39389,0.551425,1.00467,-1.38121,0.547057,1.02681
2.24646,0.644082,2.76697,-0.734654,838945449,-1.19922,0.483517,0.904837,-1.2103,0.487357,0.885485,-1.21712,0.466447,0.885485,-1.20597,0.462812,0.904837,-1.38361,0.547115,1.02681,-1.39629,0.551508,1.00467,-1.40414,0.527418,1.00467,-1.39139,0.52326,1.02681
-0.0729551,0.644579,2.78414,-2.04615,838945450,-1.2061,0.462405,0.904837,-1.21725,0.46604,0.885485,-1.22407,0.445129,0.885485,-1.21285,0.4417,0.904837,-1.39152,0.522853,1.02681,-1.40427,0.527011,1.00467,-1.41213,0.502921,1.00467,-1.3993,0.498998,1.02681
-0.191314,0.661803,1.56046,-3.25727,838945892,0.0245458,1.29128,0.931978,0.0241374,1.30327,0.912793,0.00215615,1.30253,0.912793,0.0027806,1.29054,0.931978,0.0179658,1.48445,1.05669,0.0174986,1.49817,1.03475,-0.00782469,1.4973,1.03475,-0.00711038,1.4836,1.05669
0.0378698,0.661293,1.58172,-2.58498,838945893,-0.00295408,1.2928,0.931978,-0.00356217,1.30478,0.912793,-0.0255043,1.30327,0.912793,-0.0246805,1.2913,0.931978,-0.012921,1.48585,1.05669,-0.0136166,1.49956,1.03475,-0.0388948,1.49782,1.03475,-0.0379525,1.48413,1.05669
-0.00274342,0.661784,1.59889,-3.2096,838945894,-0.0251074,1.29127,0.931978,-0.0259312,1.30324,0.912793,-0.0478733,1.30173,0.912793,-0.0468338,1.28978,0.931978,-0.0383794,1.4841,1.05669,-0.0393218,1.49779,1.03475,-0.0646,1.49605,1.03475,-0.0634109,1.48237,1.05669
0.0400983,0.661258,1.61623,-3.69178,838945895,-0.0475699,1.29201,0.931978,-0.0485962,1.30397,0.912793,-0.0704722,1.30169,0.912793,-0.0692308,1.28976,0.931978,-0.0642732,1.4846,1.05669,-0.0654472,1.49827,1.03475,-0.0906492,1.49565,1.03475,-0.0892292,1.482,1.05669
0.0428242,0.661752,1.63341,-3.81258,838945896,-0.0696564,1.28971,0.931978,-0.0708979,1.30165,0.912793,-0.0927738,1.29937,0.912793,-0.0913173,1.28746,0.931978,-0.0896548,1.48196,1.05669,-0.0910749,1.49561,1.03475,-0.116277,1.49298,1.03475,-0.114611,1.47936,1.05669
0.0514443,0.661231,1.65075,-4.21342,838945897,-0.0921309,1.28966,0.931978,-0.0935742,1.30158,0.912793,-0.115357,1.29854,0.912793,-0.1137,1.28666,0.931978,-0.11555,1.48155,1.05669,-0.117201,1.49518,1.03475,-0.142296,1.49168,1.03475,-0.1404,1.47808,1.05669
0.130422,0.661729,1.66792,-17.5262,838945898,-0.114124,1.2866,0.931978,-0.115781,1.29848,0.912793,-0.137564,1.29544,0.912793,-0.135693,1.28359,0.931978,-0.140824,1.47802,1.05669,-0.14272,1.49162,1.03475,-0.167815,1.48812,1.03475,-0.165674,1.47456,1.05669
-0.00838675,0.661212,1.68527,-3.2955,838945899,-0.136583,1.28576,0.931978,-0.138441,1.29762,0.912793,-0.160105,1.29382,0.912793,-0.158034,1.282,0.931978,-0.16669,1.47671,1.05669,-0.168815,1.49027,1.03475,-0.193773,1.4859,1.03475,-0.191403,1.47238,1.05669
0.0936219,0.661715,1.70244,34.3244,838945900,-0.158455,1.28193,0.931978,-0.160527,1.29375,0.912793,-0.18219,1.28995,0.912793,-0.179906,1.27817,0.931978,-0.191825,1.47231,1.05669,-0.194195,1.48583,1.03475,-0.219152,1.48145,1.03475,-0.216539,1.46798,1.05669
0.0363066,0.661202,1.71978,-46.8791,838945901,-0.180871,1.28031,0.931978,-0.183143,1.2921,0.912793,-0.204661,1.28754,0.912793,-0.202178,1.27581,0.931978,-0.217629,1.47009,1.05669,-0.220227,1.48357,1.03475,-0.245017,1.47833,1.03475,-0.242176,1.4649,1.05669
0.0507186,0.661212,2.73246,-48.553,838945959,-1.1818,0.524598,0.931978,-1.19299,0.528916,0.912793,-1.20054,0.508256,0.912793,-1.18926,0.504141,0.931978,-1.36222,0.593999,1.05669,-1.37502,0.598939,1.03475,-1.38371,0.575138,1.03475,-1.37082,0.57043,1.05669
0.0321211,0.661715,2.74964,-2.48228,838945960,-1.18941,0.503739,0.931978,-1.20068,0.507854,0.912793,-1.20823,0.487194,0.912793,-1.19688,0.483282,0.931978,-1.37097,0.570028,1.05669,-1.38386,0.574736,1.03475,-1.39255,0.550935,1.03475,-1.37957,0.54646,1.05669
0.258297,0.661202,2.76698,-7.06645,838945961,-1.19922,0.483517,0.931978,-1.21056,0.487442,0.912793,-1.21738,0.466531,0.912793,-1.20597,0.462812,0.931978,-1.38195,0.546575,1.05669,-1.39493,0.551064,1.03475,-1.40278,0.526974,1.03475,-1.38973,0.52272,1.05669
0.044504,0.661708,2.78415,-2.6218,838945962,-1.2061,0.462405,0.931978,-1.21751,0.466124,0.912793,-1.22433,0.445213,0.912793,-1.21285,0.4417,0.931978,-1.38986,0.522313,1.05669,-1.40291,0.526567,1.03475,-1.41077,0.502477,1.03475,-1.39764,0.498458,1.05669
0.0170355,0.678916,1.56047,-2.43101,838946404,0.0245458,1.29128,0.959363,0.0241282,1.30354,0.940349,0.00214691,1.30279,0.940349,0.00278066,1.29054,0.959363,0.0180264,1.48267,1.08679,0.0175487,1.4967,1.06504,-0.00777465,1.49583,1.06504,-0.00704971,1.48182,1.08679
0.130844,0.678396,1.58172,13.896,838946405,-0.00295404,1.2928,0.959363,-0.00358073,1.30505,0.940349,-0.0255228,1.30354,0.940349,-0.0246804,1.2913,0.959363,-0.0127987,1.48407,1.08679,-0.0135156,1.49809,1.06504,-0.0387938,1.49635,1.06504,-0.0378302,1.48235,1.08679
0.0606444,0.678896,1.5989,-2.29466,838946406,-0.0251074,1.29127,0.959363,-0.0259498,1.30351,0.940349,-0.0478919,1.302,0.940349,-0.0468338,1.28978,0.959363,-0.0382571,1.48232,1.08679,-0.0392208,1.49632,1.06504,-0.064499,1.49458,1.06504,-0.0632886,1.4806,1.08679
0.0161229,0.67836,1.61624,-2.61454,838946407,-0.0475698,1.29201,0.959363,-0.0486241,1.30423,0.940349,-0.0705001,1.30196,0.940349,-0.0692308,1.28976,0.959363,-0.0640889,1.48282,1.08679,-0.0652949,1.49681,1.06504,-0.0904969,1.49419,1.06504,-0.089045,1.48023,1.08679
-0.103788,0.678864,1.63341,-2.4041,838946408,-0.0696564,1.28971,0.959363,-0.0709258,1.30191,0.940349,-0.0928017,1.29964,0.940349,-0.0913173,1.28746,0.959363,-0.0894706,1.48018,1.08679,-0.0909227,1.49414,1.06504,-0.116125,1.49152,1.06504,-0.114427,1.47759,1.08679
-0.042627,0.678313,2.73247,-2.24252,838946471,-1.1818,0.524598,0.959363,-1.19325,0.529008,0.940349,-1.20079,0.508348,0.940349,-1.18926,0.504141,0.959363,-1.36054,0.593389,1.08679,-1.37364,0.598434,1.06504,-1.38233,0.574633,1.06504,-1.36915,0.56982,1.08679
0.00720622,0.678826,2.74964,-1.825,838946472,-1.18941,0.503739,0.959363,-1.20094,0.507946,0.940349,-1.20848,0.487286,0.940349,-1.19688,0.483282,0.959363,-1.3693,0.569418,1.08679,-1.38248,0.574231,1.06504,-1.39117,0.55043,1.06504,-1.3779,0.545849,1.08679
0.0453677,0.678303,2.76698,-1.84878,838946473,-1.19922,0.483517,0.959363,-1.21082,0.487525,0.940349,-1.21763,0.466614,0.940349,-1.20597,0.462812,0.959363,-1.38026,0.546023,1.08679,-1.39353,0.550608,1.06504,-1.40138,0.526518,1.06504,-1.38804,0.522168,1.08679
0.0475676,0.678819,2.78415,-34.5462,838946474,-1.2061,0.462405,0.959363,-1.21777,0.466208,0.940349,-1.22458,0.445297,0.940349,-1.21285,0.4417,0.959363,-1.38817,0.521761,1.08679,-1.40151,0.526111,1.06504,-1.40937,0.502021,1.06504,-1.39595,0.497906,1.08679
-0.0636719,0.712519,1.71979,97.7841,838947437,-0.18087,1.28031,1.0151,-0.183302,1.29297,0.996316,-0.204843,1.28841,0.996316,-0.202177,1.27581,1.0151,-0.216674,1.46482,1.14775,-0.219436,1.47919,1.12642,-0.244094,1.47397,1.12642,-0.241066,1.45966,1.14775
-0.0462009,0.713057,-1.71917,-4.17418,838947600,-0.202041,-1.27581,1.0151,-0.2034,-1.28862,0.996316,-0.181505,-1.29094,0.996316,-0.180384,-1.2781,1.0151,-0.221863,-1.46268,1.14775,-0.223407,-1.47723,1.12642,-0.198344,-1.47989,1.12642,-0.197071,-1.46531,1.14775
-0.0199213,0.712523,-1.70184,-2.90343,838947601,-0.180049,-1.28043,1.0151,-0.181199,-1.29326,0.996316,-0.159237,-1.29482,0.996316,-0.158326,-1.28197,1.0151,-0.196478,-1.46765,1.14775,-0.197784,-1.48223,1.12642,-0.172644,-1.48401,1.12642,-0.171609,-1.46942,1.14775
-0.0378002,0.713068,-1.68466,-4.11084,838947602,-0.157897,-1.282,1.0151,-0.158807,-1.29485,0.996316,-0.136845,-1.29641,0.996316,-0.136173,-1.28354,1.0151,-0.17118,-1.46945,1.14775,-0.172215,-1.48404,1.12642,-0.147074,-1.48582,1.12642,-0.146312,-1.47121,1.14775
0.00788746,0.712539,-1.66732,-3.19019,838947603,-0.135757,-1.28585,1.0151,-0.136458,-1.29872,0.996316,-0.114454,-1.29951,0.996316,-0.113993,-1.28663,1.0151,-0.145637,-1.47354,1.14775,-0.146433,-1.48815,1.12642,-0.121246,-1.48905,1.12642,-0.120722,-1.47443,1.14775
-0.0740097,0.713088,-1.65015,-3.77121,838947604,-0.113563,-1.28665,1.0151,-0.114025,-1.29952,0.996316,-0.0920213,-1.30031,0.996316,-0.0917994,-1.28743,1.0151,-0.120292,-1.47444,1.14775,-0.120816,-1.48907,1.12642,-0.0956288,-1.48997,1.12642,-0.0953768,-1.47534,1.14775
0.00474473,0.730226,-1.71917,-3.07366,838948112,-0.202041,-1.27581,1.04345,-0.203426,-1.28887,1.02484,-0.181532,-1.29119,1.02484,-0.180384,-1.2781,1.04345,-0.221674,-1.46089,1.1786,-0.223247,-1.47573,1.15747,-0.198185,-1.47838,1.15747,-0.196882,-1.46352,1.1786
0.121021,0.729684,-1.70183,-12.8557,838948113,-0.180049,-1.28043,1.04345,-0.181217,-1.29351,1.02484,-0.159254,-1.29507,1.02484,-0.158326,-1.28197,1.04345,-0.196352,-1.46587,1.1786,-0.197677,-1.48073,1.15747,-0.172537,-1.48251,1.15747,-0.171483,-1.46763,1.1786
0.0550225,0.730237,-1.68466,-2.2556,838948114,-0.157897,-1.282,1.04345,-0.158825,-1.2951,1.02484,-0.136863,-1.29666,1.02484,-0.136173,-1.28354,1.04345,-0.171054,-1.46766,1.1786,-0.172108,-1.48254,1.15747,-0.146968,-1.48432,1.15747,-0.146185,-1.46942,1.1786
0.0518007,0.7297,-1.66732,-32.7666,838948115,-0.135757,-1.28585,1.04345,-0.136467,-1.29897,1.02484,-0.114463,-1.29976,1.02484,-0.113993,-1.28663,1.04345,-0.145573,-1.47174,1.1786,-0.146379,-1.48664,1.15747,-0.121192,-1.48754,1.15747,-0.120658,-1.47264,1.1786
0.0499535,0.730258,-1.65014,-3.05012,838948116,-0.113563,-1.28665,1.04345,-0.114033,-1.29977,1.02484,-0.0920302,-1.30056,1.02484,-0.0917994,-1.28743,1.04345,-0.120228,-1.47265,1.1786,-0.120762,-1.48756,1.15747,-0.0955747,-1.48846,1.15747,-0.0953126,-1.47354,1.1786
0.0863422,0.730325,-1.58111,20.6017,838948120,-0.0245448,-1.29128,1.04345,-0.0240976,-1.30441,1.02484,-0.00209292,-1.30366,1.02484,-0.00277958,-1.29054,1.04345,-0.0182083,-1.4773,1.1786,-0.0177005,-1.49221,1.15747,0.00748831,-1.49135,1.15747,0.00670853,-1.47645,1.1786
-0.0363093,0.729777,-1.55986,-2.69263,838948121,0.00295292,-1.2928,1.04345,0.0036159,-1.30592,1.02484,0.0255813,-1.30441,1.02484,0.0246793,-1.2913,1.04345,0.0125876,-1.4787,1.1786,0.0133405,-1.4936,1.15747,0.0384844,-1.49187,1.15747,0.0374601,-1.47699,1.1786
0.0677268,0.730304,-1.54268,-2.86568,838948122,0.0251084,-1.29127,1.04345,0.0260105,-1.30438,1.02484,0.0479759,-1.30287,1.02484,0.0468348,-1.28978,1.04345,0.0378892,-1.47696,1.1786,0.0389135,-1.49184,1.15747,0.0640574,-1.49011,1.15747,0.0627617,-1.47525,1.1786
0.0274505,0.729739,-1.52534,-2.54979,838948123,0.0475688,-1.29201,1.04345,0.0486895,-1.3051,1.02484,0.0705888,-1.30282,1.02484,0.0692297,-1.28976,1.04345,0.0636904,-1.47746,1.1786,0.0649631,-1.49233,1.15747,0.0900312,-1.48972,1.15747,0.0884878,-1.47488,1.1786
0.00856527,0.730271,-1.50816,-2.06175,838948124,0.0696575,-1.28971,1.04345,0.0710166,-1.30278,1.02484,0.0929158,-1.3005,1.02484,0.0913184,-1.28746,1.04345,0.0889157,-1.47484,1.1786,0.0904591,-1.48968,1.15747,0.115527,-1.48707,1.15747,0.113713,-1.47226,1.1786
0.000324009,0.72971,-1.49082,-2.63542,838948125,0.0921298,-1.28966,1.04345,0.0937071,-1.30271,1.02484,0.115513,-1.29967,1.02484,0.113699,-1.28666,1.04345,0.114719,-1.47444,1.1786,0.11651,-1.48925,1.15747,0.141472,-1.48577,1.15747,0.139411,-1.471,1.1786
0.0542684,0.730246,-1.47364,-3.62375,838948126,0.114125,-1.2866,1.04345,0.115939,-1.29961,1.02484,0.137746,-1.29656,1.02484,0.135694,-1.28359,1.04345,0.139837,-1.47094,1.1786,0.141898,-1.48571,1.15747,0.166859,-1.48223,1.15747,0.164529,-1.46749,1.1786
0.0186404,0.72969,-1.45631,-3.15149,838948127,0.136582,-1.28576,1.04345,0.138614,-1.29874,1.02484,0.1603,-1.29494,1.02484,0.158033,-1.282,1.04345,0.16561,-1.46964,1.1786,0.167918,-1.48438,1.15747,0.192743,-1.48003,1.15747,0.190167,-1.46534,1.1786
-0.015957,0.73023,-1.43913,-2.79947,838948128,0.158456,-1.28193,1.04345,0.160724,-1.29487,1.02484,0.182411,-1.29107,1.02484,0.179907,-1.27817,1.04345,0.190591,-1.46526,1.1786,0.193166,-1.47995,1.15747,0.217991,-1.4756,1.15747,0.215148,-1.46096,1.1786
-0.0112629,0.747374,-1.71917,-3.14348,838948624,-0.202041,-1.27581,1.07207,-0.203452,-1.28911,1.05364,-0.181558,-1.29144,1.05364,-0.180384,-1.2781,1.07207,-0.221481,-1.45908,1.20971,-0.223084,-1.47419,1.18877,-0.198022,-1.47685,1.18877,-0.196689,-1.46171,1.20971
0.018291,0.746823,-1.70182,-1.38667,838948625,-0.180049,-1.28043,1.07207,-0.181234,-1.29376,1.05364,-0.159272,-1.29532,1.05364,-0.158326,-1.28197,1.07207,-0.196223,-1.46404,1.20971,-0.197568,-1.47918,1.18878,-0.172428,-1.48097,1.18878,-0.171354,-1.46581,1.20971
1.35178,0.747386,-1.68465,-0.214325,838948626,-0.157897,-1.282,1.07207,-0.158843,-1.29535,1.05364,-0.13688,-1.2969,1.05364,-0.136173,-1.28354,1.07207,-0.170924,-1.46584,1.20971,-0.171999,-1.481,1.18877,-0.146859,-1.48278,1.18877,-0.146056,-1.4676,1.20971
0.671231,0.746839,-1.66731,-32.9287,838948627,-0.135757,-1.28585,1.07207,-0.136476,-1.29922,1.05364,-0.114472,-1.3,1.05364,-0.113993,-1.28663,1.07207,-0.145508,-1.46992,1.20971,-0.146324,-1.4851,1.18878,-0.121137,-1.486,1.18877,-0.120592,-1.47081,1.20971
0.0961805,0.747407,-1.65014,-50.7214,838948628,-0.113563,-1.28665,1.07207,-0.114042,-1.30002,1.05364,-0.0920392,-1.30081,1.05364,-0.0917993,-1.28743,1.07207,-0.120162,-1.47083,1.20971,-0.120707,-1.48601,1.18877,-0.0955195,-1.48692,1.18877,-0.0952471,-1.47172,1.20971
-1.16482e-05,0.747475,-1.5811,-4.21003,838948632,-0.0245447,-1.29128,1.07207,-0.0240892,-1.30466,1.05364,-0.00208452,-1.30391,1.05364,-0.00277953,-1.29054,1.07207,-0.0182704,-1.47548,1.20971,-0.0177531,-1.49066,1.18877,0.00743565,-1.48981,1.18877,0.0066464,-1.47463,1.20971
0.227202,0.746918,-1.55985,4.61383,838948633,0.00295295,-1.2928,1.07207,0.0036329,-1.30617,1.05364,0.0255983,-1.30465,1.05364,0.0246793,-1.2913,1.07207,0.0124622,-1.47688,1.20971,0.0132344,-1.49206,1.18877,0.0383783,-1.49033,1.18877,0.0373347,-1.47517,1.20971
0.0760394,0.747454,-1.54267,5.31029,838948634,0.0251085,-1.29127,1.07207,0.0260275,-1.30463,1.05364,0.0479929,-1.30311,1.05364,0.0468349,-1.28978,1.07207,0.0377638,-1.47514,1.20971,0.0388074,-1.4903,1.18878,0.0639513,-1.48857,1.18878,0.0626363,-1.47343,1.20971
-0.0594339,0.74688,-1.52533,-3.26644,838948635,0.0475688,-1.29201,1.07207,0.0487151,-1.30535,1.05364,0.0706144,-1.30307,1.05364,0.0692297,-1.28976,1.07207,0.0635014,-1.47565,1.20971,0.0648032,-1.49079,1.18878,0.0898713,-1.48818,1.18877,0.0882989,-1.47307,1.20971
-0.069322,0.74742,-1.50816,-3.01822,838948636,0.0696575,-1.28971,1.07207,0.0710422,-1.30302,1.05364,0.0929414,-1.30075,1.05364,0.0913185,-1.28746,1.07207,0.0887267,-1.47302,1.20971,0.0902991,-1.48814,1.18877,0.115367,-1.48553,1.18877,0.113524,-1.47044,1.20971
-0.0158594,0.74685,-1.49082,-3.97763,838948637,0.0921298,-1.28966,1.07207,0.0937413,-1.30295,1.05364,0.115548,-1.29991,1.05364,0.113699,-1.28666,1.07207,0.114466,-1.47263,1.20971,0.116296,-1.48772,1.18877,0.141258,-1.48424,1.18877,0.139159,-1.46919,1.20971
0.052571,0.747395,-1.47364,51.9858,838948638,0.114125,-1.2866,1.07207,0.115974,-1.29985,1.05364,0.13778,-1.29681,1.05364,0.135694,-1.28359,1.07207,0.139585,-1.46913,1.20971,0.141684,-1.48418,1.18877,0.166646,-1.4807,1.18877,0.164277,-1.46568,1.20971
0.0918615,0.74683,-1.4563,-11.0136,838948639,0.136582,-1.28576,1.07207,0.138656,-1.29899,1.05364,0.160343,-1.29519,1.05364,0.158033,-1.282,1.07207,0.165295,-1.46784,1.20971,0.167651,-1.48286,1.18878,0.192476,-1.47851,1.18877,0.189852,-1.46354,1.20971
0.0739594,0.747379,-1.43913,-3.64046,838948640,0.158456,-1.28193,1.07207,0.160767,-1.29511,1.05364,0.182454,-1.29131,1.05364,0.179907,-1.27817,1.07207,0.190276,-1.46346,1.20971,0.192899,-1.47843,1.18877,0.217724,-1.47408,1.18877,0.214832,-1.45916,1.20971
0.0138128,0.746818,-1.42179,-2.98641,838948641,0.18087,-1.28031,1.07207,0.183406,-1.29346,1.05364,0.204946,-1.2889,1.05364,0.202177,-1.27581,1.07207,0.215925,-1.46128,1.20971,0.218804,-1.4762,1.18877,0.243462,-1.47098,1.18877,0.240317,-1.45612,1.20971
0.185166,0.764504,-1.71916,3.74633,838949136,-0.202041,-1.27581,1.10098,-0.203478,-1.28936,1.08273,-0.181584,-1.29168,1.08272,-0.180384,-1.2781,1.10098,-0.221285,-1.45723,1.24107,-0.222918,-1.47262,1.22034,-0.197855,-1.47528,1.22034,-0.196493,-1.45986,1.24107
0.248336,0.763943,-1.70182,-3.38807,838949137,-0.180049,-1.28043,1.10098,-0.181251,-1.29401,1.08273,-0.159289,-1.29556,1.08272,-0.158326,-1.28197,1.10098,-0.196091,-1.46219,1.24107,-0.197457,-1.47761,1.22034,-0.172316,-1.47939,1.22034,-0.171222,-1.46395,1.24107
0.6977,0.764515,-1.68465,1.61443,838949138,-0.157897,-1.282,1.10098,-0.15886,-1.29559,1.08273,-0.136898,-1.29715,1.08273,-0.136173,-1.28354,1.10098,-0.170793,-1.46398,1.24107,-0.171887,-1.47942,1.22034,-0.146747,-1.4812,1.22034,-0.145924,-1.46574,1.24107
0.0739445,0.76396,-1.6673,-2.21567,838949139,-0.135757,-1.28585,1.10098,-0.136484,-1.29946,1.08273,-0.114481,-1.30025,1.08273,-0.113993,-1.28663,1.10098,-0.145441,-1.46806,1.24107,-0.146267,-1.48352,1.22034,-0.12108,-1.48442,1.22034,-0.120526,-1.46895,1.24107
0.0886869,0.764536,-1.65013,5.85361,838949140,-0.113563,-1.28665,1.10098,-0.114051,-1.30027,1.08273,-0.092048,-1.30105,1.08272,-0.0917993,-1.28743,1.10098,-0.120096,-1.46897,1.24107,-0.12065,-1.48443,1.22034,-0.0954629,-1.48534,1.22034,-0.0951805,-1.46986,1.24107
0.102611,0.763986,-1.63279,9.10852,838949141,-0.0913024,-1.28972,1.10098,-0.091554,-1.30335,1.08273,-0.0695366,-1.30337,1.08273,-0.0695246,-1.28974,1.10098,-0.0946168,-1.47216,1.24107,-0.0949026,-1.48764,1.22034,-0.0696992,-1.48766,1.22034,-0.0696855,-1.47218,1.24107
0.0702967,0.764567,-1.61562,-42.3816,838949142,-0.0690945,-1.28974,1.10098,-0.0691065,-1.30337,1.08273,-0.0470891,-1.30339,1.08273,-0.0473167,-1.28976,1.10098,-0.0692554,-1.47218,1.24107,-0.0692691,-1.48766,1.22034,-0.0440657,-1.48768,1.22034,-0.0443241,-1.4722,1.24107
0.184871,0.76402,-1.59827,12.4918,838949143,-0.0467398,-1.29204,1.10098,-0.0465153,-1.30567,1.08273,-0.0245106,-1.30492,1.08273,-0.0249746,-1.2913,1.10098,-0.0436806,-1.47448,1.24107,-0.0434256,-1.48996,1.22034,-0.0182368,-1.4891,1.22034,-0.0187637,-1.47363,1.24107
0.0458968,0.764606,-1.5811,-19.1956,838949144,-0.0245447,-1.29128,1.10098,-0.0240808,-1.3049,1.08273,-0.00207612,-1.30415,1.08273,-0.00277956,-1.29054,1.10098,-0.0183338,-1.47362,1.24107,-0.0178069,-1.48908,1.22034,0.00738187,-1.48823,1.22034,0.00658305,-1.47277,1.24107
0.386512,0.76404,-1.55985,-1.08176,838949145,0.00295293,-1.2928,1.10098,0.00364978,-1.30641,1.08273,0.0256152,-1.3049,1.08273,0.0246793,-1.2913,1.10098,0.0123345,-1.47502,1.24107,0.0131258,-1.49048,1.22034,0.0382697,-1.48875,1.22034,0.0372069,-1.47331,1.24107
0.388168,0.764584,-1.54267,1.50876,838949146,0.0251085,-1.29127,1.10098,0.0260443,-1.30487,1.08273,0.0480098,-1.30336,1.08273,0.0468349,-1.28978,1.10098,0.0376361,-1.47328,1.24107,0.0386989,-1.48872,1.22034,0.0638428,-1.48699,1.22034,0.0625085,-1.47157,1.24107
-0.0108961,0.764001,-1.52533,-2.35443,838949147,0.0475688,-1.29201,1.10098,0.0487405,-1.30559,1.08273,0.0706398,-1.30331,1.08272,0.0692297,-1.28976,1.10098,0.063309,-1.4738,1.24107,0.0646396,-1.48922,1.22034,0.0897077,-1.48661,1.22034,0.0881065,-1.47122,1.24107
0.104533,0.76455,-1.50815,-1.74435,838949148,0.0696575,-1.28971,1.10098,0.0710676,-1.30327,1.08273,0.0929668,-1.30099,1.08272,0.0913185,-1.28746,1.10098,0.0885343,-1.47117,1.24107,0.0901355,-1.48657,1.22034,0.115204,-1.48396,1.22034,0.113332,-1.46859,1.24107
0.0511494,0.763971,-1.49081,-1.7384,838949149,0.0921298,-1.28966,1.10098,0.0937753,-1.3032,1.08273,0.115582,-1.30015,1.08273,0.113699,-1.28666,1.10098,0.114209,-1.47079,1.24107,0.116078,-1.48616,1.22034,0.14104,-1.48267,1.22034,0.138902,-1.46735,1.24107
-0.0336509,0.764524,-1.47364,-2.70805,838949150,0.114125,-1.2866,1.10098,0.116008,-1.3001,1.08273,0.137814,-1.29705,1.08273,0.135694,-1.28359,1.10098,0.139328,-1.46729,1.24107,0.141466,-1.48262,1.22034,0.166427,-1.47913,1.22034,0.16402,-1.46384,1.24107
0.750322,0.76395,-1.4563,-1.17205,838949151,0.136582,-1.28576,1.10098,0.138699,-1.29923,1.08273,0.160386,-1.29543,1.08273,0.158033,-1.282,1.10098,0.164974,-1.46601,1.24107,0.167378,-1.4813,1.22034,0.192203,-1.47695,1.22034,0.189531,-1.4617,1.24107
0.406941,0.764508,-1.43912,2.45247,838949152,0.158456,-1.28193,1.10098,0.160809,-1.29535,1.08273,0.182496,-1.29155,1.08273,0.179907,-1.27817,1.10098,0.189954,-1.46163,1.24107,0.192627,-1.47687,1.22034,0.217451,-1.47252,1.22034,0.214511,-1.45733,1.24107
0.0478043,0.763939,-1.42178,-2.18573,838949153,0.18087,-1.28031,1.10098,0.183456,-1.2937,1.08273,0.204997,-1.28914,1.08273,0.202177,-1.27581,1.10098,0.21554,-1.45946,1.24107,0.218477,-1.47465,1.22034,0.243135,-1.46944,1.22034,0.239932,-1.4543,1.24107
0.073766,0.764501,-1.40461,46.4372,838949154,0.202598,-1.27572,1.10098,0.205418,-1.28905,1.08273,0.226959,-1.28449,1.08273,0.223904,-1.27121,1.10098,0.240353,-1.45421,1.24107,0.243555,-1.46935,1.22034,0.268213,-1.46413,1.22034,0.264744,-1.44905,1.24107
-0.0642592,0.763936,-1.38727,-3.92493,838949155,0.224942,-1.27332,1.10098,0.227993,-1.2866,1.08273,0.249362,-1.2813,1.08273,0.246078,-1.26807,1.10098,0.265847,-1.45114,1.24107,0.269313,-1.46623,1.22034,0.293773,-1.46015,1.22034,0.290043,-1.44513,1.24107
0.0534451,0.764503,-1.3701,41.0566,838949156,0.246495,-1.26797,1.10098,0.249779,-1.28119,1.08273,0.271148,-1.27589,1.08273,0.267631,-1.26272,1.10098,0.290461,-1.44503,1.24107,0.294191,-1.46005,1.22034,0.318651,-1.45398,1.22034,0.314657,-1.43902,1.24107
0.0326633,0.763943,-1.35275,-3.3843,838949157,0.268742,-1.26479,1.10098,0.272256,-1.27796,1.08273,0.293426,-1.27191,1.08273,0.289681,-1.25881,1.10098,0.315833,-1.44107,1.24107,0.319823,-1.45603,1.22034,0.344057,-1.44911,1.22034,0.339804,-1.43423,1.24107
0.0327872,0.764515,-1.33558,-3.02798,838949158,0.290095,-1.25869,1.10098,0.293839,-1.27179,1.08273,0.315009,-1.26574,1.08273,0.311035,-1.25271,1.10098,0.340218,-1.43411,1.24107,0.34447,-1.44899,1.22034,0.368704,-1.44206,1.22034,0.36419,-1.42726,1.24107
0.0718283,0.781616,-1.71916,7.43828,838949648,-0.202041,-1.27581,1.13017,-0.203504,-1.2896,1.11211,-0.181609,-1.29192,1.11211,-0.180384,-1.2781,1.13017,-0.221086,-1.45534,1.2727,-0.222747,-1.47101,1.25218,-0.197684,-1.47367,1.25218,-0.196293,-1.45797,1.2727
0.218963,0.781628,-1.68464,8.39556,838949650,-0.157897,-1.282,1.13017,-0.158877,-1.29584,1.11211,-0.136915,-1.29739,1.11211,-0.136173,-1.28354,1.13017,-0.170659,-1.46209,1.2727,-0.171773,-1.47781,1.25218,-0.146632,-1.47959,1.25218,-0.14579,-1.46386,1.2727
0.178632,0.781064,-1.6673,9.92965,838949651,-0.135757,-1.28585,1.13017,-0.136493,-1.29971,1.11211,-0.11449,-1.30049,1.11211,-0.113993,-1.28663,1.13017,-0.145373,-1.46617,1.2727,-0.146209,-1.4819,1.25218,-0.121022,-1.4828,1.25218,-0.120458,-1.46706,1.2727
0.182743,0.781649,-1.65013,-3.45577,838949652,-0.113563,-1.28665,1.13017,-0.11406,-1.30051,1.11211,-0.0920566,-1.3013,1.11211,-0.0917993,-1.28743,1.13017,-0.120028,-1.46708,1.2727,-0.120592,-1.48282,1.25218,-0.095405,-1.48372,1.25218,-0.0951128,-1.46797,1.2727
-0.00880811,0.78109,-1.63278,-2.18942,838949653,-0.0913024,-1.28972,1.13017,-0.0915543,-1.30359,1.11211,-0.0695369,-1.30361,1.11211,-0.0695246,-1.28974,1.13017,-0.0946152,-1.47027,1.2727,-0.0949012,-1.48602,1.25218,-0.0696978,-1.48604,1.25218,-0.0696839,-1.47029,1.2727
0.253157,0.78168,-1.61561,-13.5665,838949654,-0.0690945,-1.28974,1.13017,-0.0691067,-1.30361,1.11211,-0.0470893,-1.30363,1.11211,-0.0473167,-1.28976,1.13017,-0.0692537,-1.47029,1.2727,-0.0692677,-1.48604,1.25218,-0.0440643,-1.48606,1.25218,-0.0443225,-1.47031,1.2727
0.0913758,0.781125,-1.59827,-40.9612,838949655,-0.0467398,-1.29204,1.13017,-0.046507,-1.30591,1.11211,-0.0245023,-1.30516,1.11211,-0.0249747,-1.2913,1.13017,-0.043745,-1.47259,1.2727,-0.0434806,-1.48834,1.25218,-0.0182918,-1.48748,1.25218,-0.0188282,-1.47174,1.2727
0.00285496,0.78172,-1.58109,-3.67124,838949656,-0.0245448,-1.29128,1.13017,-0.0240725,-1.30515,1.11211,-0.00206782,-1.3044,1.11211,-0.00277959,-1.29054,1.13017,-0.0183982,-1.47173,1.2727,-0.0178619,-1.48747,1.25218,0.00732687,-1.48661,1.25218,0.0065186,-1.47088,1.2727
0.0362169,0.781145,-1.55984,-2.4997,838949657,0.00295294,-1.2928,1.13017,0.00366648,-1.30665,1.11211,0.0256319,-1.30514,1.11211,0.0246793,-1.2913,1.13017,0.0122045,-1.47314,1.2727,0.0130148,-1.48887,1.25218,0.0381587,-1.48714,1.25218,0.037077,-1.47142,1.2727
0.196543,0.781698,-1.54267,-8.76942,838949658,0.0251085,-1.29127,1.13017,0.026061,-1.30511,1.11211,0.0480265,-1.3036,1.11211,0.0468349,-1.28978,1.13017,0.0375061,-1.47139,1.2727,0.0385879,-1.48711,1.25218,0.0637318,-1.48538,1.25218,0.0623786,-1.46968,1.2727
0.170489,0.781105,-1.52532,-7.09533,838949659,0.0475688,-1.29201,1.13017,0.0487657,-1.30583,1.11211,0.070665,-1.30355,1.11211,0.0692297,-1.28976,1.13017,0.0631131,-1.47191,1.2727,0.0644724,-1.48761,1.25218,0.0895405,-1.485,1.25218,0.0879106,-1.46934,1.2727
0.000774731,0.781662,-1.50815,-2.43907,838949660,0.0696575,-1.28971,1.13017,0.0710928,-1.30351,1.11211,0.092992,-1.30123,1.11211,0.0913184,-1.28746,1.13017,0.0883384,-1.46929,1.2727,0.0899684,-1.48496,1.25218,0.115036,-1.48235,1.25218,0.113136,-1.46671,1.2727
0.0411301,0.781075,-1.49081,-3.09142,838949661,0.0921298,-1.28966,1.13017,0.0938088,-1.30344,1.11211,0.115615,-1.3004,1.11211,0.113699,-1.28666,1.13017,0.113948,-1.46892,1.2727,0.115855,-1.48456,1.25218,0.140816,-1.48107,1.25218,0.13864,-1.46547,1.2727
0.0421022,0.781637,-1.47363,-42.7421,838949662,0.114125,-1.2866,1.13017,0.116041,-1.30034,1.11211,0.137847,-1.29729,1.11211,0.135694,-1.28359,1.13017,0.139066,-1.46541,1.2727,0.141242,-1.48101,1.25218,0.166204,-1.47753,1.25218,0.163759,-1.46197,1.2727
0.0177334,0.781054,-1.45629,-2.36645,838949663,0.136582,-1.28576,1.13017,0.138741,-1.29947,1.11211,0.160428,-1.29567,1.11211,0.158033,-1.282,1.13017,0.164647,-1.46414,1.2727,0.167099,-1.47971,1.25218,0.191924,-1.47536,1.25218,0.189204,-1.45984,1.2727
0.0434045,0.78162,-1.43912,-2.65078,838949664,0.158456,-1.28193,1.13017,0.160851,-1.29559,1.11211,0.182538,-1.29179,1.11211,0.179907,-1.27817,1.13017,0.189628,-1.45977,1.2727,0.192347,-1.47528,1.25218,0.217172,-1.47093,1.25218,0.214185,-1.45546,1.2727
-0.0743235,0.781042,-1.42178,-2.57002,838949665,0.18087,-1.28031,1.13017,0.183507,-1.29393,1.11211,0.205047,-1.28938,1.11211,0.202177,-1.27581,1.13017,0.215149,-1.4576,1.2727,0.218142,-1.47307,1.25218,0.2428,-1.46786,1.25218,0.23954,-1.45244,1.2727
-0.0422739,0.781613,-1.40461,-3.12675,838949666,0.202598,-1.27572,1.13017,0.205468,-1.28929,1.11211,0.227009,-1.28473,1.11211,0.223904,-1.27121,1.13017,0.239961,-1.45236,1.2727,0.243221,-1.46777,1.25218,0.267879,-1.46255,1.25218,0.264353,-1.4472,1.2727
0.0385571,0.78104,-1.38726,69.9918,838949667,0.224942,-1.27332,1.13017,0.228052,-1.28684,1.11211,0.249421,-1.28153,1.11211,0.246078,-1.26807,1.13017,0.265391,-1.4493,1.2727,0.268923,-1.46466,1.25218,0.293384,-1.45858,1.25218,0.289587,-1.4433,1.2727
0.0486842,0.781616,-1.37009,-2.9264,838949668,0.246495,-1.26797,1.13017,0.249838,-1.28143,1.11211,0.271206,-1.27612,1.11211,0.267631,-1.26272,1.13017,0.290005,-1.44319,1.2727,0.293801,-1.45848,1.25218,0.318262,-1.45241,1.25218,0.314201,-1.43718,1.2727
0.0058779,0.781047,-1.35275,-2.65637,838949669,0.268742,-1.26479,1.13017,0.272322,-1.27819,1.11211,0.293493,-1.27214,1.11211,0.289681,-1.25881,1.13017,0.315313,-1.43926,1.2727,0.319379,-1.45448,1.25218,0.343612,-1.44755,1.25218,0.339285,-1.43241,1.2727
-0.0274277,0.781628,-1.33558,-2.96791,838949670,0.290095,-1.25869,1.13017,0.293906,-1.27203,1.11211,0.315076,-1.26598,1.11211,0.311035,-1.25271,1.13017,0.339698,-1.43229,1.2727,0.344026,-1.44743,1.25218,0.36826,-1.44051,1.25218,0.36367,-1.42544,1.2727
0.0252775,0.803872,-1.71915,-2.28552,838950160,-0.20204,-1.27581,1.16882,-0.203545,-1.29,1.15074,-0.181628,-1.29232,1.15074,-0.180383,-1.2781,1.16882,-0.220892,-1.45353,1.31362,-0.222589,-1.46953,1.29324,-0.197666,-1.47217,1.29324,-0.196263,-1.45614,1.31362
-0.0170511,0.803293,-1.70181,-0.99606,838950161,-0.18005,-1.28043,1.16882,-0.181321,-1.29465,1.15074,-0.159336,-1.2962,1.15074,-0.158327,-1.28197,1.16882,-0.195665,-1.45849,1.31362,-0.197097,-1.47452,1.29324,-0.172098,-1.47629,1.29324,-0.17096,-1.46024,1.31362
0.0991381,0.803885,-1.68463,-17.7017,838950162,-0.157895,-1.282,1.16882,-0.158904,-1.29623,1.15074,-0.136919,-1.29779,1.15074,-0.136172,-1.28354,1.16882,-0.170529,-1.46027,1.31362,-0.171666,-1.47632,1.29324,-0.146666,-1.47809,1.29324,-0.145824,-1.46202,1.31362
0.116022,0.80331,-1.66729,4.07966,838950163,-0.135758,-1.28585,1.16882,-0.136531,-1.3001,1.15074,-0.114505,-1.30089,1.15074,-0.113994,-1.28663,1.16882,-0.145145,-1.46435,1.31362,-0.146016,-1.48041,1.29324,-0.12097,-1.48131,1.29324,-0.120394,-1.46523,1.31362
1.67937,0.803906,-1.65012,-3.25091,838950164,-0.113562,-1.28665,1.16882,-0.114073,-1.30091,1.15074,-0.0920471,-1.3017,1.15074,-0.0917982,-1.28743,1.16882,-0.119961,-1.46525,1.31362,-0.120538,-1.48133,1.29324,-0.0954911,-1.48222,1.29324,-0.0952105,-1.46614,1.31362
1.46876,0.803336,-1.63278,-0.796455,838950165,-0.0913035,-1.28972,1.16882,-0.0915784,-1.30399,1.15074,-0.0695383,-1.30401,1.15074,-0.0695257,-1.28974,1.16882,-0.0944503,-1.46844,1.31362,-0.0947602,-1.48453,1.29324,-0.0696976,-1.48455,1.29324,-0.0696834,-1.46846,1.31362
2.84839,0.803938,-1.6156,-0.631429,838950166,-0.0690933,-1.28974,1.16882,-0.0691059,-1.30401,1.15074,-0.0470658,-1.30403,1.15074,-0.0473156,-1.28976,1.16882,-0.069251,-1.46846,1.31362,-0.0692652,-1.48455,1.29324,-0.0442027,-1.48457,1.29324,-0.0444841,-1.46848,1.31362
11.7136,0.803372,-1.59826,-1.31808,838950167,-0.0467409,-1.29204,1.16882,-0.0465172,-1.30631,1.15074,-0.0244899,-1.30556,1.15074,-0.0249758,-1.2913,1.16882,-0.043644,-1.47076,1.31362,-0.0433918,-1.48684,1.29324,-0.0183437,-1.48599,1.29324,-0.0188915,-1.46991,1.31362
0.498513,0.803979,-1.58108,-0.898324,838950168,-0.0245436,-1.29128,1.16882,-0.0240578,-1.30555,1.15074,-0.00203046,-1.3048,1.15074,-0.00277843,-1.29054,1.16882,-0.0184593,-1.4699,1.31362,-0.0179117,-1.48598,1.29324,0.00713638,-1.48512,1.29324,0.00629324,-1.46906,1.31362
0.0900343,0.803393,-1.55984,-3.05524,838950169,0.00295184,-1.2928,1.16882,0.00367013,-1.30705,1.15074,0.0256582,-1.30554,1.15074,0.0246782,-1.2913,1.16882,0.012242,-1.4713,1.31362,0.0130517,-1.48737,1.29324,0.0380551,-1.48565,1.29324,0.0369504,-1.4696,1.31362
-0.00595707,0.803956,-1.54265,-2.13546,838950170,0.0251096,-1.29127,1.16882,0.0260896,-1.30551,1.15074,0.0480776,-1.304,1.15074,0.046836,-1.28978,1.16882,0.0373818,-1.46957,1.31362,0.0384864,-1.48562,1.29324,0.0634899,-1.4839,1.29324,0.0620902,-1.46787,1.31362
-0.047774,0.803352,-1.52532,-2.51343,838950171,0.0475676,-1.29201,1.16882,0.0487834,-1.30623,1.15074,0.0707052,-1.30395,1.15074,0.0692286,-1.28976,1.16882,0.0630864,-1.47008,1.31362,0.0644569,-1.48611,1.29324,0.089385,-1.48352,1.29324,0.0877204,-1.46752,1.31362
-0.00706201,0.80392,-1.50814,-2.39735,838950172,0.0696587,-1.28971,1.16882,0.0711352,-1.30391,1.15074,0.093057,-1.30163,1.15074,0.0913196,-1.28746,1.16882,0.0881505,-1.46747,1.31362,0.089815,-1.48347,1.29324,0.114743,-1.48088,1.29324,0.112784,-1.46491,1.31362
0.0376963,0.803321,-1.4908,-2.23801,838950173,0.0921287,-1.28967,1.16882,0.0938404,-1.30384,1.15074,0.115669,-1.30079,1.15074,0.113698,-1.28666,1.16882,0.113857,-1.46708,1.31362,0.115787,-1.48306,1.29324,0.140609,-1.4796,1.29324,0.138387,-1.46366,1.31362
-0.00646653,0.803894,-1.47362,-2.73271,838950174,0.114126,-1.2866,1.16882,0.116097,-1.30073,1.15074,0.137926,-1.29769,1.15074,0.135695,-1.28359,1.16882,0.138815,-1.4636,1.31362,0.141037,-1.47954,1.29324,0.16586,-1.47607,1.29324,0.163344,-1.46018,1.31362
0.0004978,0.803299,-1.45629,-2.82858,838950175,0.136581,-1.28576,1.16882,0.138786,-1.29987,1.15074,0.160495,-1.29606,1.15074,0.158031,-1.282,1.16882,0.164492,-1.46232,1.31362,0.166979,-1.47821,1.29324,0.191665,-1.47389,1.29324,0.188887,-1.45804,1.31362
0.0183371,0.803877,-1.43911,-2.48308,838950176,0.158457,-1.28193,1.16882,0.160921,-1.29599,1.15074,0.18263,-1.29218,1.15074,0.179908,-1.27817,1.16882,0.189313,-1.45797,1.31362,0.192091,-1.47381,1.29324,0.216777,-1.46948,1.29324,0.213708,-1.45369,1.31362
0.0190599,0.803288,-1.42177,-2.02482,838950177,0.180869,-1.28031,1.16882,0.183566,-1.29433,1.15074,0.205129,-1.28977,1.15074,0.202176,-1.27581,1.16882,0.21493,-1.45578,1.31362,0.21797,-1.47158,1.29324,0.24249,-1.4664,1.29324,0.239161,-1.45066,1.31362
0.0498539,0.80387,-1.40459,4.25922,838950178,0.202599,-1.27572,1.16882,0.205552,-1.28968,1.15074,0.227115,-1.28512,1.15074,0.223905,-1.27121,1.16882,0.239584,-1.45057,1.31362,0.242913,-1.46631,1.29324,0.267433,-1.46112,1.29324,0.263815,-1.44544,1.31362
0.115874,0.803285,-1.38726,37.0343,838950179,0.224941,-1.27332,1.16882,0.228125,-1.28723,1.15074,0.249516,-1.28192,1.15074,0.246076,-1.26807,1.16882,0.265109,-1.44749,1.31362,0.268699,-1.46318,1.29324,0.293023,-1.45714,1.29324,0.289146,-1.44152,1.31362
2.69735,0.803872,-1.37008,-0.733114,838950180,0.246496,-1.26797,1.16882,0.249935,-1.28182,1.15074,0.271326,-1.27651,1.15074,0.267632,-1.26272,1.16882,0.289566,-1.44142,1.31362,0.293442,-1.45703,1.29324,0.317766,-1.45099,1.29324,0.313603,-1.43545,1.31362
0.295306,0.803293,-1.35274,0.254862,838950181,0.268741,-1.26479,1.16882,0.272409,-1.27858,1.15074,0.293601,-1.27253,1.15074,0.28968,-1.25881,1.16882,0.314968,-1.43745,1.31362,0.319103,-1.453,1.29324,0.343201,-1.44612,1.29324,0.338781,-1.43065,1.31362
0.128074,0.803884,-1.33557,5.68578,838950182,0.290096,-1.25869,1.16882,0.294017,-1.27241,1.15074,0.315209,-1.26635,1.15074,0.311036,-1.2527,1.16882,0.339197,-1.43053,1.31362,0.343617,-1.446,1.29324,0.367715,-1.43911,1.29324,0.363011,-1.42373,1.31362
0.275201,0.821089,-1.68463,2.60121,838950674,-0.157896,-1.282,1.19895,-0.15892,-1.29646,1.18106,-0.136935,-1.29802,1.18106,-0.136172,-1.28354,1.19895,-0.170398,-1.45842,1.34602,-0.171553,-1.47472,1.32584,-0.146553,-1.4765,1.32584,-0.145693,-1.46017,1.34602
0.24939,0.820506,-1.66729,-5.12855,838950675,-0.135758,-1.28585,1.19895,-0.136539,-1.30033,1.18106,-0.114513,-1.30112,1.18106,-0.113994,-1.28663,1.19895,-0.145078,-1.46249,1.34602,-0.145959,-1.47882,1.32584,-0.120913,-1.47972,1.32584,-0.120327,-1.46338,1.34602
0.503317,0.821111,-1.65011,2.50089,838950676,-0.113562,-1.28665,1.19895,-0.114081,-1.30114,1.18106,-0.0920552,-1.30193,1.18106,-0.0917983,-1.28743,1.19895,-0.119895,-1.4634,1.34602,-0.12048,-1.47973,1.32584,-0.0954338,-1.48063,1.32584,-0.0951442,-1.46428,1.34602
0.721919,0.820533,-1.63277,0.238081,838950677,-0.0913035,-1.28972,1.19895,-0.0915786,-1.30422,1.18106,-0.0695385,-1.30424,1.18106,-0.0695257,-1.28974,1.19895,-0.0944487,-1.46658,1.34602,-0.0947587,-1.48293,1.32584,-0.0696962,-1.48295,1.32584,-0.0696818,-1.46661,1.34602
3.96038,0.821143,-1.6156,-0.140838,838950678,-0.0690934,-1.28974,1.19895,-0.0691061,-1.30424,1.18106,-0.047066,-1.30426,1.18106,-0.0473156,-1.28976,1.19895,-0.0692494,-1.46661,1.34602,-0.0692638,-1.48295,1.32584,-0.0442012,-1.48297,1.32584,-0.0444825,-1.46663,1.34602
1.35084,0.82057,-1.59826,-0.492327,838950679,-0.0467409,-1.29204,1.19895,-0.0465094,-1.30654,1.18106,-0.0244821,-1.30579,1.18106,-0.0249758,-1.2913,1.19895,-0.0437072,-1.4689,1.34602,-0.0434462,-1.48525,1.32584,-0.0183981,-1.4844,1.32584,-0.0189546,-1.46806,1.34602
0.126183,0.821184,-1.58108,3.10399,838950680,-0.0245437,-1.29128,1.19895,-0.02405,-1.30577,1.18106,-0.00202263,-1.30502,1.18106,-0.00277848,-1.29054,1.19895,-0.0185225,-1.46805,1.34602,-0.017966,-1.48438,1.32584,0.00708208,-1.48353,1.32584,0.00623005,-1.4672,1.34602
-0.00727456,0.82059,-1.55983,-1.69878,838950681,0.00295186,-1.2928,1.19895,0.0036858,-1.30728,1.18106,0.0256739,-1.30577,1.18106,0.0246783,-1.2913,1.19895,0.0121146,-1.46945,1.34602,0.012942,-1.48578,1.32584,0.0379454,-1.48406,1.32584,0.0368231,-1.46775,1.34602
0.103548,0.821161,-1.54265,4.83946,838950682,0.0251096,-1.29127,1.19895,0.0261053,-1.30574,1.18106,0.0480934,-1.30423,1.18106,0.046836,-1.28978,1.19895,0.0372544,-1.46772,1.34602,0.0383768,-1.48403,1.32584,0.0633802,-1.48231,1.32584,0.0619628,-1.46602,1.34602
0.340331,0.820549,-1.52531,-0.0169751,838950683,0.0475677,-1.29201,1.19895,0.048807,-1.30646,1.18106,0.0707288,-1.30418,1.18106,0.0692286,-1.28976,1.19895,0.0628945,-1.46824,1.34602,0.0642916,-1.48452,1.32584,0.0892197,-1.48193,1.32584,0.0875285,-1.46567,1.34602
0.187507,0.821125,-1.50813,-8.8021,838950684,0.0696586,-1.28971,1.19895,0.0711589,-1.30413,1.18106,0.0930807,-1.30185,1.18106,0.0913195,-1.28746,1.19895,0.0879585,-1.46563,1.34602,0.0896498,-1.48189,1.32584,0.114578,-1.47929,1.32584,0.112593,-1.46307,1.34602
0.0763398,0.820496,-1.45628,28.1349,838950687,0.136581,-1.28576,1.19895,0.138826,-1.30009,1.18106,0.160535,-1.29629,1.18106,0.158031,-1.282,1.19895,0.164172,-1.46049,1.34602,0.166703,-1.47664,1.32584,0.191389,-1.47231,1.32584,0.188567,-1.45621,1.34602
0.0282467,0.821081,-1.4391,-2.35189,838950688,0.158457,-1.28193,1.19895,0.160961,-1.29621,1.18106,0.18267,-1.29241,1.18106,0.179908,-1.27817,1.19895,0.188993,-1.45614,1.34602,0.191815,-1.47224,1.32584,0.216501,-1.46791,1.32584,0.213388,-1.45186,1.34602
-0.0270475,0.821074,-1.40459,-2.89765,838950690,0.202599,-1.27572,1.19895,0.205599,-1.2899,1.18106,0.227162,-1.28534,1.18106,0.223905,-1.27121,1.19895,0.2392,-1.44875,1.34602,0.242583,-1.46474,1.32584,0.267103,-1.45956,1.32584,0.263431,-1.44363,1.34602
0.000516692,0.820481,-1.38725,-2.06964,838950691,0.22494,-1.27332,1.19895,0.22818,-1.28745,1.18106,0.249571,-1.28214,1.18106,0.246076,-1.26807,1.19895,0.264662,-1.44569,1.34602,0.268314,-1.46163,1.32584,0.292638,-1.45559,1.32584,0.288699,-1.43972,1.34602
0.026089,0.821077,-1.37008,-1.7718,838950692,0.246496,-1.26797,1.19895,0.24999,-1.28204,1.18106,0.271381,-1.27673,1.18106,0.267632,-1.26272,1.19895,0.289119,-1.43962,1.34602,0.293058,-1.45548,1.32584,0.317382,-1.44944,1.32584,0.313156,-1.43365,1.34602
0.0419068,0.820489,-1.35274,-2.51536,838950693,0.268741,-1.26479,1.19895,0.272472,-1.2788,1.18106,0.293664,-1.27275,1.18106,0.28968,-1.25881,1.19895,0.314458,-1.43567,1.34602,0.318664,-1.45147,1.32584,0.342763,-1.44458,1.32584,0.338272,-1.42887,1.34602
-0.0188598,0.821089,-1.33556,-2.88679,838950694,0.290096,-1.25869,1.19895,0.29408,-1.27263,1.18106,0.315272,-1.26657,1.18106,0.311036,-1.2527,1.19895,0.338688,-1.42875,1.34602,0.343178,-1.44446,1.32584,0.367276,-1.43758,1.32584,0.362501,-1.42194,1.34602
0.0129554,0.838271,-1.68462,-3.97109,838951186,-0.157896,-1.282,1.22941,-0.158937,-1.29669,1.21169,-0.136952,-1.29825,1.21169,-0.136172,-1.28354,1.22941,-0.170265,-1.45654,1.3787,-0.171438,-1.4731,1.35874,-0.146438,-1.47487,1.35874,-0.14556,-1.45829,1.3787
0.0627213,0.83768,-1.66728,-2.80408,838951187,-0.135758,-1.28585,1.22941,-0.136547,-1.30056,1.21169,-0.114521,-1.30135,1.21169,-0.113994,-1.28663,1.22941,-0.145011,-1.46061,1.3787,-0.145901,-1.47719,1.35874,-0.120854,-1.47809,1.35874,-0.12026,-1.4615,1.3787
0.171543,0.838293,-1.65011,6.41754,838951188,-0.113562,-1.28665,1.22941,-0.114089,-1.30136,1.21169,-0.0920634,-1.30215,1.21169,-0.0917982,-1.28743,1.22941,-0.119828,-1.46152,1.3787,-0.120422,-1.4781,1.35874,-0.0953756,-1.479,1.35874,-0.0950767,-1.4624,1.3787
0.196878,0.837707,-1.63277,1.82512,838951189,-0.0913035,-1.28972,1.22941,-0.0915788,-1.30445,1.21169,-0.0695388,-1.30447,1.21169,-0.0695257,-1.28974,1.22941,-0.094447,-1.4647,1.3787,-0.0947574,-1.4813,1.35874,-0.0696948,-1.48132,1.35874,-0.0696801,-1.46472,1.3787
1.91652,0.838326,-1.61559,-0.264452,838951190,-0.0690933,-1.28974,1.22941,-0.0691064,-1.30447,1.21169,-0.0470663,-1.30449,1.21169,-0.0473155,-1.28976,1.22941,-0.0692477,-1.46472,1.3787,-0.0692624,-1.48132,1.35874,-0.0441998,-1.48135,1.35874,-0.0444808,-1.46475,1.3787
0.838897,0.837745,-1.59825,-0.198288,838951191,-0.0467409,-1.29204,1.22941,-0.0465017,-1.30677,1.21169,-0.0244744,-1.30602,1.21169,-0.0249757,-1.2913,1.22941,-0.0437712,-1.46702,1.3787,-0.0435016,-1.48362,1.35874,-0.0184536,-1.48277,1.35874,-0.0190187,-1.46618,1.3787
0.127802,0.838368,-1.58107,-2.76002,838951192,-0.0245436,-1.29128,1.22941,-0.0240423,-1.306,1.21169,-0.002015,-1.30525,1.21169,-0.0027784,-1.29054,1.22941,-0.0185865,-1.46616,1.3787,-0.0180215,-1.48275,1.35874,0.00702657,-1.4819,1.35874,0.00616602,-1.46532,1.3787
0.184771,0.837766,-1.55983,4.6826,838951193,0.00295187,-1.2928,1.22941,0.00370133,-1.30751,1.21169,0.0256894,-1.30599,1.21169,0.0246783,-1.2913,1.22941,0.0119853,-1.46757,1.3787,0.0128302,-1.48415,1.35874,0.0378336,-1.48243,1.35874,0.0366938,-1.46587,1.3787
0.0650839,0.838344,-1.54265,-3.44648,838951194,0.0251096,-1.29127,1.22941,0.0261208,-1.30597,1.21169,0.0481089,-1.30445,1.21169,0.046836,-1.28978,1.22941,0.0371251,-1.46584,1.3787,0.038265,-1.4824,1.35874,0.0632684,-1.48068,1.35874,0.0618335,-1.46414,1.3787
0.0510965,0.837724,-1.52531,-20.1805,838951195,0.0475677,-1.29201,1.22941,0.0488305,-1.30669,1.21169,0.0707523,-1.3044,1.21169,0.0692286,-1.28976,1.22941,0.0626997,-1.46636,1.3787,0.0641232,-1.4829,1.35874,0.0890512,-1.48031,1.35874,0.0873337,-1.4638,1.3787
0.0137883,0.838307,-1.50813,-2.89393,838951196,0.0696586,-1.28971,1.22941,0.0711823,-1.30436,1.21169,0.0931041,-1.30208,1.21169,0.0913195,-1.28746,1.22941,0.0877637,-1.46376,1.3787,0.0894813,-1.48027,1.35874,0.114409,-1.47767,1.35874,0.112398,-1.46119,1.3787
0.0223481,0.83767,-1.45628,-3.48932,838951199,0.136581,-1.28576,1.22941,0.138865,-1.30031,1.21169,0.160574,-1.29651,1.21169,0.158031,-1.282,1.22941,0.163847,-1.45863,1.3787,0.166422,-1.47504,1.35874,0.191108,-1.47071,1.35874,0.188242,-1.45436,1.3787
0.0611745,0.838263,-1.4391,-2.70158,838951200,0.158457,-1.28193,1.22941,0.161,-1.29643,1.21169,0.182709,-1.29263,1.21169,0.179908,-1.27817,1.22941,0.188668,-1.45428,1.3787,0.191534,-1.47063,1.35874,0.21622,-1.46631,1.35874,0.213063,-1.45001,1.3787
-0.0419037,0.838256,-1.40459,-2.4918,838951202,0.202599,-1.27572,1.22941,0.205646,-1.29012,1.21169,0.227209,-1.28556,1.21169,0.223905,-1.27121,1.22941,0.23881,-1.44691,1.3787,0.242246,-1.46315,1.35874,0.266766,-1.45796,1.35874,0.263041,-1.44179,1.3787
-0.0410178,0.837655,-1.38725,-4.15562,838951203,0.224941,-1.27332,1.22941,0.228235,-1.28767,1.21169,0.249625,-1.28236,1.21169,0.246077,-1.26807,1.22941,0.264208,-1.44386,1.3787,0.267922,-1.46005,1.35874,0.292246,-1.45401,1.35874,0.288245,-1.4379,1.3787
0.0133471,0.838258,-1.37007,-4.02599,838951204,0.246496,-1.26797,1.22941,0.250045,-1.28226,1.21169,0.271435,-1.27695,1.21169,0.267632,-1.26272,1.22941,0.288665,-1.43779,1.3787,0.292665,-1.4539,1.35874,0.316989,-1.44786,1.35874,0.312702,-1.43182,1.3787
0.00684144,0.837663,-1.35273,-2.96171,838951205,0.268741,-1.26479,1.22941,0.272534,-1.27902,1.21169,0.293726,-1.27297,1.21169,0.28968,-1.25881,1.22941,0.313941,-1.43386,1.3787,0.318217,-1.4499,1.35874,0.342315,-1.44302,1.35874,0.337755,-1.42705,1.3787
0.0151147,0.838271,-1.33556,-3.8181,838951206,0.290096,-1.25869,1.22941,0.294142,-1.27285,1.21169,0.315334,-1.26679,1.21169,0.311036,-1.2527,1.22941,0.33817,-1.42694,1.3787,0.342731,-1.4429,1.35874,0.366829,-1.43601,1.35874,0.361984,-1.42013,1.3787
0.119653,0.85542,-1.71913,-51.6573,838951696,-0.20204,-1.27581,1.26018,-0.203617,-1.29067,1.24266,-0.181699,-1.293,1.24266,-0.180383,-1.2781,1.26018,-0.220296,-1.44791,1.41169,-0.222073,-1.46467,1.39194,-0.197151,-1.46731,1.39194,-0.195667,-1.45052,1.41169
0.196589,0.872562,1.73701,-25.5831,838952046,-0.202599,1.27572,1.2913,-0.205738,1.29056,1.27397,-0.227301,1.286,1.27397,-0.223905,1.27121,1.2913,-0.238013,1.44314,1.445,-0.241553,1.45988,1.42546,-0.266073,1.45469,1.42546,-0.262244,1.43802,1.445
-0.187194,0.906292,-1.83984,-3.50423,838953225,-0.35452,-1.2434,1.3548,-0.358062,-1.25863,1.3378,-0.33649,-1.26324,1.3378,-0.333223,-1.24795,1.3548,-0.39226,-1.40653,1.51253,-0.396223,-1.42358,1.4935,-0.371857,-1.42878,1.4935,-0.368201,-1.41167,1.51253
0.0681935,0.906957,-1.26651,14.8608,838953258,0.376192,-1.23559,1.3548,0.381527,-1.25029,1.3378,0.402262,-1.24276,1.3378,0.396663,-1.22816,1.3548,0.433314,-1.39296,1.51253,0.439284,-1.40941,1.4935,0.462705,-1.40091,1.4935,0.456439,-1.38457,1.51253
-0.022324,0.92339,-1.80532,-4.33464,838953739,-0.311415,-1.25494,1.38705,-0.314457,-1.27048,1.37024,-0.292738,-1.27433,1.37024,-0.289971,-1.25874,1.38705,-0.343104,-1.41743,1.54677,-0.346508,-1.43482,1.52795,-0.321975,-1.43917,1.52795,-0.31888,-1.42172,1.54677
-0.05507,0.924021,-1.78814,-4.08245,838953740,-0.289543,-1.25882,1.38705,-0.29231,-1.27441,1.37024,-0.27059,-1.27826,1.37024,-0.2681,-1.26262,1.38705,-0.318452,-1.4218,1.54677,-0.321547,-1.43925,1.52795,-0.297014,-1.4436,1.52795,-0.294228,-1.42609,1.54677
0.0631239,0.923377,-1.77081,-21.3553,838953741,-0.267933,-1.26496,1.38705,-0.27043,-1.2806,1.37024,-0.248589,-1.2837,1.37024,-0.24637,-1.26801,1.38705,-0.293927,-1.42846,1.54677,-0.296722,-1.44596,1.52795,-0.272052,-1.44945,1.52795,-0.269568,-1.43191,1.54677
-0.0259085,0.924013,-1.75363,-2.53592,838953742,-0.245939,-1.26808,1.38705,-0.248159,-1.28376,1.37024,-0.226318,-1.28685,1.37024,-0.224377,-1.27113,1.38705,-0.269138,-1.43197,1.54677,-0.271622,-1.44952,1.52795,-0.246952,-1.45301,1.52795,-0.244779,-1.43542,1.54677
0.0922696,0.923375,-1.73629,1.51681,838953743,-0.224127,-1.27346,1.38705,-0.226077,-1.28918,1.37024,-0.204141,-1.29151,1.37024,-0.202471,-1.27576,1.38705,-0.244396,-1.43777,1.54677,-0.246578,-1.45536,1.52795,-0.221801,-1.45799,1.52795,-0.219931,-1.44036,1.54677
0.0900172,0.940492,-1.80532,-32.037,838954251,-0.311415,-1.25494,1.41968,-0.314492,-1.27068,1.40306,-0.292772,-1.27453,1.40306,-0.289972,-1.25874,1.41968,-0.342769,-1.41554,1.58135,-0.346213,-1.43316,1.56275,-0.32168,-1.43751,1.56275,-0.318545,-1.41984,1.58135
0.108564,0.941129,-1.78814,-3.3751,838954252,-0.289544,-1.25882,1.41968,-0.292344,-1.27461,1.40306,-0.270625,-1.27846,1.40306,-0.2681,-1.26262,1.41968,-0.318117,-1.41991,1.58135,-0.321252,-1.43758,1.56275,-0.296718,-1.44193,1.56275,-0.293894,-1.42421,1.58135
0.0135635,0.940479,-1.7708,-4.17369,838954253,-0.267933,-1.26496,1.41968,-0.270458,-1.2808,1.40306,-0.248617,-1.28389,1.40306,-0.24637,-1.26801,1.41968,-0.293659,-1.42656,1.58135,-0.296485,-1.44429,1.56275,-0.271815,-1.44778,1.56275,-0.2693,-1.43001,1.58135
0.120312,0.941122,-1.75363,-16.0047,838954254,-0.245939,-1.26808,1.41968,-0.248187,-1.28395,1.40306,-0.226346,-1.28705,1.40306,-0.224377,-1.27113,1.41968,-0.26887,-1.43007,1.58135,-0.271385,-1.44784,1.56275,-0.246714,-1.45133,1.56275,-0.244511,-1.43352,1.58135
-0.00600073,0.940477,-1.73629,-2.98711,838954255,-0.224127,-1.27346,1.41968,-0.226098,-1.28938,1.40306,-0.204162,-1.29171,1.40306,-0.202471,-1.27576,1.41968,-0.244194,-1.43586,1.58135,-0.246399,-1.45368,1.56275,-0.221622,-1.4563,1.56275,-0.219729,-1.43846,1.58135
0.00772021,0.957576,-1.80531,-4.39169,838954763,-0.311415,-1.25494,1.45268,-0.314526,-1.27087,1.43625,-0.292807,-1.27472,1.43625,-0.289971,-1.25874,1.45268,-0.342431,-1.41363,1.6163,-0.345913,-1.43146,1.59791,-0.32138,-1.43582,1.59791,-0.318207,-1.41793,1.6163
0.646878,0.95822,-1.78814,-2.59234,838954764,-0.289543,-1.25882,1.45268,-0.292379,-1.2748,1.43625,-0.270659,-1.27865,1.43625,-0.2681,-1.26262,1.45268,-0.317779,-1.418,1.6163,-0.320952,-1.43589,1.59791,-0.296418,-1.44024,1.59791,-0.293555,-1.4223,1.6163
3.12975,0.957563,-1.7708,-0.0265195,838954765,-0.267933,-1.26496,1.45268,-0.270486,-1.281,1.43625,-0.248645,-1.28409,1.43625,-0.24637,-1.26801,1.45268,-0.293387,-1.42464,1.6163,-0.296244,-1.44259,1.59791,-0.271574,-1.44608,1.59791,-0.269028,-1.42809,1.6163
0.0425785,0.958212,-1.75362,-4.25837,838954766,-0.245939,-1.26808,1.45268,-0.248215,-1.28415,1.43625,-0.226374,-1.28724,1.43625,-0.224377,-1.27113,1.45268,-0.268598,-1.42815,1.6163,-0.271144,-1.44614,1.59791,-0.246474,-1.44963,1.59791,-0.244239,-1.4316,1.6163
-0.00103889,0.95756,-1.73628,-5.52707,838954767,-0.224127,-1.27346,1.45268,-0.226119,-1.28958,1.43625,-0.204183,-1.2919,1.43625,-0.202471,-1.27576,1.45268,-0.243989,-1.43394,1.6163,-0.246218,-1.45197,1.59791,-0.221441,-1.4546,1.59791,-0.219524,-1.43653,1.6163
0.023615,0.974703,-1.80531,-3.34963,838955275,-0.311416,-1.25494,1.48631,-0.314597,-1.27116,1.46997,-0.29286,-1.27502,1.46997,-0.289972,-1.25874,1.48631,-0.341949,-1.41185,1.65172,-0.345484,-1.42988,1.63357,-0.321095,-1.4342,1.63357,-0.317887,-1.41612,1.65172
0.116004,0.975354,-1.78813,-1.57411,838955276,-0.289542,-1.25882,1.48631,-0.29243,-1.2751,1.46997,-0.270693,-1.27895,1.46997,-0.268099,-1.26262,1.48631,-0.317457,-1.41619,1.65172,-0.320664,-1.43428,1.63357,-0.296275,-1.4386,1.63357,-0.293394,-1.42046,1.65172
0.148309,0.97469,-1.77079,4.12115,838955277,-0.267934,-1.26496,1.48631,-0.270547,-1.28129,1.46997,-0.248688,-1.28439,1.46997,-0.246371,-1.26801,1.48631,-0.292969,-1.42285,1.65172,-0.295871,-1.44098,1.63357,-0.271346,-1.44446,1.63357,-0.268772,-1.42627,1.65172
0.0972928,0.975346,-1.75361,2.09389,838955278,-0.245938,-1.26808,1.48631,-0.248256,-1.28445,1.46997,-0.226397,-1.28754,1.46997,-0.224375,-1.27113,1.48631,-0.268339,-1.42633,1.65172,-0.270913,-1.44452,1.63357,-0.246388,-1.44799,1.63357,-0.244142,-1.42976,1.65172
0.0325901,0.974688,-1.73628,-2.61302,838955279,-0.224128,-1.27346,1.48631,-0.226169,-1.28987,1.46997,-0.204216,-1.2922,1.46997,-0.202472,-1.27576,1.48631,-0.243633,-1.43212,1.65172,-0.245901,-1.45035,1.63357,-0.221269,-1.45297,1.63357,-0.219332,-1.4347,1.65172
0.0215052,0.991855,-1.80531,-3.0857,838955787,-0.311416,-1.25494,1.52031,-0.314629,-1.27134,1.50416,-0.292892,-1.2752,1.50416,-0.289972,-1.25874,1.52031,-0.341625,-1.41002,1.68749,-0.345195,-1.42825,1.66955,-0.320806,-1.43257,1.66955,-0.317563,-1.41429,1.68749
0.00643657,0.992512,-1.78813,-2.90062,838955788,-0.289542,-1.25882,1.52031,-0.292462,-1.27527,1.50416,-0.270725,-1.27913,1.50416,-0.268099,-1.26262,1.52031,-0.317132,-1.41437,1.68749,-0.320375,-1.43265,1.66955,-0.295986,-1.43697,1.66955,-0.29307,-1.41863,1.68749
0.00701866,0.991841,-1.77079,-1.56717,838955789,-0.267934,-1.26496,1.52031,-0.270572,-1.28147,1.50416,-0.248714,-1.28456,1.50416,-0.246371,-1.26801,1.52031,-0.292708,-1.42101,1.68749,-0.295639,-1.43935,1.66955,-0.271114,-1.44282,1.66955,-0.268511,-1.42443,1.68749
-0.046324,0.992503,-1.75361,-3.16847,838955790,-0.245938,-1.26808,1.52031,-0.248281,-1.28463,1.50416,-0.226422,-1.28772,1.50416,-0.224375,-1.27113,1.52031,-0.268079,-1.42449,1.68749,-0.270681,-1.44288,1.66955,-0.246156,-1.44635,1.66955,-0.243882,-1.42792,1.68749
-0.0166898,0.991839,-1.73628,-2.79309,838955791,-0.224128,-1.27346,1.52031,-0.226188,-1.29005,1.50416,-0.204235,-1.29238,1.50416,-0.202472,-1.27576,1.52031,-0.243438,-1.43028,1.68749,-0.245726,-1.44871,1.66955,-0.221095,-1.45132,1.66955,-0.219136,-1.43286,1.68749
-0.324307,1.04317,-1.70175,-2.16145,838957329,-0.180052,-1.28043,1.62476,-0.181569,-1.29761,1.60917,-0.159548,-1.29917,1.60917,-0.158329,-1.28197,1.62476,-0.193471,-1.43215,1.79714,-0.195156,-1.45124,1.77982,-0.170449,-1.45299,1.77982,-0.169094,-1.43388,1.79714
0.162725,1.11182,1.61635,13.7916,838959207,-0.0475644,1.29201,1.77121,-0.0491164,1.30998,1.75626,-0.0710907,1.30769,1.75626,-0.0692253,1.28976,1.77121,-0.0600778,1.43646,1.94979,-0.0617892,1.45627,1.9333,-0.0862822,1.45372,1.9333,-0.0842252,1.43395,1.94979
0.128832,1.1296,1.49155,-13.0399,838959712,0.113559,1.28665,1.80898,0.11421,1.30482,1.79421,0.0921311,1.30561,1.79421,0.0917949,1.28743,1.80898,0.118683,1.42966,1.98905,0.119401,1.44969,1.97277,0.0947914,1.45058,1.97277,0.0944207,1.43052,1.98905
0.15255,1.15203,1.52608,40.075,838960226,0.0690889,1.28974,1.8594,0.0691053,1.30827,1.84468,0.0469968,1.30829,1.84468,0.0473111,1.28976,1.8594,0.0692136,1.43108,2.04086,0.0692316,1.45137,2.02474,0.0447478,1.45139,2.02474,0.0450919,1.4311,2.04086
0.21268,1.20348,1.21154,-4.54466,838961744,0.464704,1.20502,1.97827,0.470574,1.22303,1.9641,0.449554,1.22988,1.9641,0.443998,1.21176,1.97827,0.506834,1.3343,2.16379,0.513262,1.35403,2.14826,0.489983,1.36161,2.14826,0.4839,1.34178,2.16379
0.116466,1.20341,1.28448,9.18179,838961748,0.375646,1.23576,1.97827,0.380249,1.25414,1.9641,0.358803,1.25951,1.9641,0.35452,1.24105,1.97827,0.408682,1.36766,2.16379,0.413723,1.38779,2.14826,0.389973,1.39374,2.14826,0.385283,1.37352,2.16379
0.161636,1.20263,1.78894,20.065,838961777,-0.268736,1.26479,1.97827,-0.273624,1.2831,1.9641,-0.294882,1.27703,1.9641,-0.289676,1.25881,1.97827,-0.303841,1.39618,2.16379,-0.309193,1.41623,2.14826,-0.332735,1.4095,2.14826,-0.327035,1.38955,2.16379
0.164165,1.2205,1.28448,7.9617,838962260,0.375646,1.23576,2.01894,0.380282,1.25427,2.00495,0.358836,1.25964,2.00495,0.35452,1.24105,2.01894,0.408242,1.3659,2.20576,0.413319,1.38618,2.19045,0.389569,1.39212,2.19045,0.384843,1.37176,2.20576
0.550747,1.22057,1.56061,-4.34682,838962276,0.0245393,1.29128,2.01894,0.0238895,1.31036,2.00495,0.00179384,1.3096,2.00495,0.00277408,1.29054,2.01894,0.0199718,1.42537,2.20576,0.0192603,1.44626,2.19045,-0.00520933,1.44542,2.19045,-0.00413597,1.42455,2.20576
0.0893159,1.21975,-0.443512,8.70886,838962521,1.16295,-0.565051,2.01894,1.18051,-0.572525,2.00495,1.18881,-0.552035,2.00495,1.17112,-0.544867,2.01894,1.28641,-0.617611,2.20576,1.30564,-0.625795,2.19045,1.31484,-0.603104,2.19045,1.29547,-0.595256,2.20576
0.0991468,1.25478,1.14252,50.0527,838963276,0.546767,1.17021,2.10248,0.554081,1.18827,2.08876,0.533578,1.19657,2.08876,0.526583,1.17839,2.10248,0.595861,1.29141,2.29171,0.603816,1.31105,2.27678,0.581251,1.32019,2.27678,0.573643,1.30041,2.29171
0.245052,1.25402,1.4744,-43.8303,838963295,0.135763,1.28585,2.10248,0.136805,1.30531,2.08876,0.114697,1.3061,2.08876,0.114,1.28663,2.10248,0.142638,1.41645,2.29171,0.143771,1.43761,2.27678,0.11944,1.43848,2.27678,0.118682,1.41731,2.29171
0.146529,1.25401,1.6854,1.41597,838963307,-0.136575,1.28577,2.10248,-0.1396,1.30501,2.08876,-0.161389,1.30119,2.08876,-0.158026,1.28201,2.10248,-0.15699,1.41494,2.29171,-0.16028,1.43588,2.27678,-0.18426,1.43167,2.27678,-0.180602,1.4108,2.29171
0.160328,1.254,1.78895,6.56915,838963313,-0.268735,1.26479,2.10248,-0.273757,1.28362,2.08876,-0.295027,1.27754,2.08876,-0.289675,1.25881,2.10248,-0.302551,1.39112,2.29171,-0.308012,1.4116,2.27678,-0.331421,1.40491,2.27678,-0.3256,1.38454,2.29171
0.231894,1.25402,1.82347,-0.386043,838963315,-0.312211,1.25474,2.10248,-0.317887,1.27338,2.08876,-0.338932,1.26656,2.08876,-0.332929,1.24803,2.10248,-0.350418,1.37981,2.29171,-0.356591,1.40008,2.27678,-0.379752,1.39258,2.27678,-0.373223,1.37242,2.29171
0.168785,1.27116,1.30183,5.5234,838963797,0.354524,1.2434,2.14506,0.358956,1.2625,2.13152,0.337323,1.26712,2.13152,0.333227,1.24795,2.14506,0.38363,1.36913,2.33546,0.388451,1.38991,2.32073,0.364642,1.39499,2.32073,0.360188,1.37414,2.33546
0.310014,1.27189,1.31901,3.77223,838963798,0.332793,1.24804,2.14506,0.336889,1.26721,2.13152,0.315256,1.27183,2.13152,0.311496,1.25259,2.14506,0.359754,1.37424,2.33546,0.364209,1.39509,2.32073,0.3404,1.40017,2.32073,0.336311,1.37924,2.33546
0.127297,1.272,1.56062,10.572,838963812,0.0245383,1.29128,2.14506,0.0238708,1.31088,2.13152,0.0017618,1.31012,2.13152,0.00277309,1.29054,2.14506,0.0201451,1.42025,2.33546,0.0194191,1.44156,2.32073,-0.00491273,1.44073,2.32073,-0.00381276,1.41943,2.33546
0.371221,1.27113,1.68541,1.21311,838963819,-0.136575,1.28577,2.14506,-0.139621,1.30513,2.13152,-0.161411,1.30131,2.13152,-0.158026,1.28201,2.14506,-0.156694,1.41325,2.33546,-0.160006,1.43432,2.32073,-0.183987,1.43011,2.32073,-0.180305,1.40911,2.33546
0.699648,1.272,-1.23191,47.4546,838964012,0.418586,-1.2218,2.14506,0.425914,-1.23998,2.13152,0.446433,-1.23171,2.13152,0.438785,-1.21366,2.14506,0.466824,-1.34149,2.33546,0.474795,-1.36127,2.32073,0.497376,-1.35217,2.32073,0.489058,-1.33253,2.33546
0.105241,1.32325,1.42257,-4.06295,838965340,0.202033,1.27581,2.27679,0.204156,1.29582,2.26367,0.182145,1.29815,2.26367,0.180377,1.2781,2.27679,0.215109,1.39907,2.47054,0.217402,1.42069,2.45637,0.193323,1.42325,2.45637,0.191413,1.40158,2.47054
0.105794,1.3226,1.54345,-22.9598,838965347,0.0467473,1.29204,2.27679,0.0464184,1.31216,2.26367,0.0242971,1.31141,2.26367,0.0249821,1.2913,2.27679,0.0445772,1.41599,2.47054,0.0442217,1.43774,2.45637,0.0200219,1.43691,2.45637,0.0207622,1.41518,2.47054
0.752377,1.32249,1.71993,-4.02555,838965357,-0.180863,1.28031,2.27679,-0.184679,1.30008,2.26367,-0.206334,1.29549,2.26367,-0.202169,1.27581,2.27679,-0.204508,1.40201,2.47054,-0.208632,1.42336,2.45637,-0.232321,1.41835,2.45637,-0.227821,1.39708,2.47054
0.188603,1.34048,1.28451,-3.96219,838965844,0.375644,1.23576,2.32205,0.380559,1.25538,2.30911,0.359088,1.26076,2.30911,0.354519,1.24105,2.32205,0.405363,1.35442,2.51684,0.410675,1.37563,2.50285,0.387187,1.38151,2.50285,0.382249,1.36021,2.51684
0.111458,1.35681,1.47442,-13.6328,838966367,0.135764,1.28585,2.36792,0.136849,1.30616,2.35515,0.114729,1.30696,2.35515,0.114001,1.28663,2.36792,0.142136,1.40639,2.56372,0.143307,1.42834,2.54992,0.119109,1.42921,2.54992,0.118322,1.40724,2.56372
0.111891,1.35759,1.4916,-2.05004,838966368,0.113556,1.28665,2.36792,0.114284,1.30697,2.35515,0.0921641,1.30776,2.35515,0.0917918,1.28743,2.36792,0.117877,1.40726,2.56372,0.118664,1.42922,2.54992,0.094466,1.43009,2.54992,0.0940636,1.40811,2.56372
0.141288,1.35764,1.52612,9.88322,838966370,0.069087,1.28974,2.36792,0.0691049,1.31008,2.35515,0.0469708,1.3101,2.35515,0.0473092,1.28976,2.36792,0.0691935,1.41043,2.56372,0.0692128,1.43241,2.54992,0.044999,1.43243,2.54992,0.0453647,1.41045,2.56372
0.178423,1.35683,1.6509,-2.32028,838966377,-0.0921224,1.28967,2.36792,-0.0945792,1.30986,2.35515,-0.116501,1.3068,2.35515,-0.113691,1.28666,2.36792,-0.106763,1.40948,2.56372,-0.109418,1.4313,2.54992,-0.1334,1.42796,2.54992,-0.130364,1.40619,2.56372
0.161883,1.374,1.54345,9.32563,838966883,0.0467473,1.29204,2.41441,0.0464073,1.31249,2.40181,0.0242861,1.31173,2.40181,0.0249821,1.2913,2.41441,0.0447445,1.41108,2.61122,0.0443771,1.43318,2.5976,0.0201773,1.43235,2.5976,0.0209296,1.41027,2.61122
0.843722,1.3748,1.56064,-2.35502,838966884,0.0245372,1.29128,2.41441,0.0238412,1.31172,2.40181,0.00171992,1.31096,2.40181,0.00277206,1.29054,2.41441,0.0204847,1.41025,2.61122,0.0197325,1.43234,2.5976,-0.00446734,1.43151,2.5976,-0.00333033,1.40944,2.61122
0.0176786,1.39174,1.42257,-2.22717,838967388,0.202033,1.27581,2.46155,0.204201,1.29624,2.44911,0.18219,1.29858,2.44911,0.180377,1.2781,2.46154,0.214415,1.39254,2.65934,0.216758,1.41462,2.64591,0.192679,1.41717,2.64591,0.19072,1.39505,2.65934
0.00805276,1.39098,1.43991,-1.96956,838967389,0.180056,1.28043,2.46154,0.181865,1.3009,2.44911,0.159786,1.30247,2.44911,0.158333,1.28197,2.46154,0.1904,1.39737,2.65934,0.192354,1.4195,2.64591,0.168201,1.42121,2.64591,0.166631,1.39906,2.65934
-1.64592e-05,1.39176,1.45709,-59.5783,838967390,0.157889,1.282,2.46154,0.159342,1.3025,2.44911,0.137263,1.30406,2.44911,0.136166,1.28354,2.46154,0.166187,1.39909,2.65934,0.167757,1.42124,2.64591,0.143604,1.42295,2.64591,0.142418,1.40077,2.65934
0.0475928,1.391,1.47442,-2.64843,838967391,0.135764,1.28585,2.46154,0.136856,1.30637,2.44911,0.114736,1.30717,2.44911,0.114001,1.28663,2.46154,0.142017,1.40309,2.65934,0.143197,1.42527,2.64591,0.118999,1.42613,2.64591,0.118204,1.40394,2.65934
-0.0756654,1.39179,1.4916,-1.83648,838967392,0.113556,1.28665,2.46154,0.114292,1.30718,2.44911,0.0921717,1.30798,2.44911,0.0917918,1.28743,2.46154,0.117759,1.40396,2.65934,0.118554,1.42615,2.64591,0.0943559,1.42702,2.64591,0.0939454,1.40481,2.65934
0.179451,1.39111,1.58187,6.51147,838967397,-0.00294553,1.2928,2.46155,-0.0040011,1.31333,2.44911,-0.026083,1.31181,2.44911,-0.0246719,1.2913,2.46154,-0.00895988,1.41005,2.65934,-0.0101006,1.43223,2.64591,-0.0342573,1.43057,2.64591,-0.0327324,1.40841,2.65934
-0.0464489,1.40889,1.42258,-3.55585,838967900,0.202032,1.27581,2.5098,0.204231,1.29654,2.49743,0.182209,1.29887,2.49743,0.180376,1.2781,2.5098,0.214252,1.39101,2.7085,0.216614,1.41327,2.69522,0.19266,1.41581,2.69522,0.190691,1.3935,2.7085
0.067706,1.40812,1.43991,-3.50052,838967901,0.180057,1.28043,2.5098,0.181898,1.3012,2.49743,0.159808,1.30276,2.49743,0.158334,1.28197,2.5098,0.190157,1.39585,2.7085,0.192134,1.41815,2.69522,0.168106,1.41986,2.69522,0.166523,1.39752,2.7085
0.0433556,1.4089,1.4571,-3.93879,838967902,0.157888,1.282,2.5098,0.159362,1.30279,2.49743,0.137271,1.30436,2.49743,0.136165,1.28354,2.5098,0.166077,1.39755,2.7085,0.16766,1.41989,2.69522,0.143632,1.42159,2.69522,0.142443,1.39923,2.7085
0.081761,1.40814,1.47442,-44.6305,838967903,0.135765,1.28585,2.5098,0.13688,1.30667,2.49743,0.114748,1.30746,2.49743,0.114001,1.28663,2.5098,0.141828,1.40155,2.7085,0.143024,1.42391,2.69522,0.118951,1.42478,2.69522,0.11815,1.4024,2.7085
0.159865,1.40893,1.49161,8.36813,838967904,0.113555,1.28665,2.5098,0.114301,1.30748,2.49743,0.0921697,1.30827,2.49743,0.0917909,1.28743,2.5098,0.117703,1.40242,2.7085,0.118505,1.42479,2.69522,0.0944316,1.42565,2.69522,0.0940247,1.40327,2.7085
-0.116777,1.4261,0.620906,-3.53792,838968366,1.05716,0.74214,2.55868,1.07367,0.755016,2.54647,1.06006,0.772481,2.54647,1.04377,0.759315,2.55868,1.1473,0.812416,2.75827,1.16504,0.826245,2.74516,1.15023,0.845242,2.74516,1.13273,0.831102,2.75827
0.0783809,1.42531,0.638234,-8.05089,838968367,1.04522,0.761159,2.55868,1.06151,0.774322,2.54647,1.04729,0.791301,2.54647,1.03124,0.777856,2.55868,1.13408,0.833072,2.75827,1.15158,0.847208,2.74516,1.13611,0.865677,2.74516,1.11887,0.851237,2.75827
-0.0305141,1.42608,0.655421,-4.16354,838968368,1.03095,0.778199,2.55868,1.04701,0.791643,2.54647,1.03279,0.808622,2.54647,1.01697,0.794895,2.55868,1.11858,0.85158,2.75827,1.13583,0.86602,2.74516,1.12036,0.884488,2.74516,1.10337,0.869746,2.75827
-0.00598594,1.42529,0.672749,-3.2997,838968369,1.01835,0.796789,2.55868,1.03418,0.810512,2.54647,1.01937,0.826984,2.54647,1.0038,0.812987,2.55868,1.10465,0.871761,2.75827,1.12164,0.8865,2.74516,1.10554,0.904417,2.74516,1.08881,0.889385,2.75827
0.115925,1.42607,0.689936,-17.3466,838968370,1.0035,0.81332,2.55868,1.01908,0.827317,2.54647,1.00427,0.843789,2.54647,0.988943,0.829518,2.55868,1.08852,0.889717,2.75827,1.10524,0.90475,2.74516,1.08914,0.922667,2.74516,1.07268,0.90734,2.75827
0.135286,1.42529,1.37088,-7.11196,838968409,0.267939,1.26496,2.55868,0.271238,1.28564,2.54647,0.249311,1.28875,2.54647,0.246376,1.26801,2.55868,0.285854,1.37786,2.75827,0.289398,1.40008,2.74516,0.265547,1.40345,2.74516,0.262395,1.38118,2.75827
0.0908526,1.42607,1.42258,-18.0828,838968412,0.202032,1.27581,2.55868,0.204241,1.29663,2.54647,0.182219,1.29897,2.54647,0.180376,1.2781,2.55868,0.214089,1.38947,2.75827,0.216462,1.41183,2.74516,0.192507,1.41437,2.74516,0.190528,1.39197,2.75827
0.430185,1.4253,1.43991,-2.49049,838968413,0.180057,1.28043,2.55868,0.181905,1.30129,2.54647,0.159814,1.30286,2.54647,0.158334,1.28197,2.55868,0.190048,1.39431,2.75827,0.192032,1.41671,2.74516,0.168004,1.41842,2.74516,0.166414,1.39598,2.75827
4.15022,1.42609,1.4571,0.303739,838968414,0.157888,1.282,2.55868,0.159369,1.30289,2.54647,0.137278,1.30445,2.54647,0.136165,1.28354,2.55868,0.165968,1.39601,2.75827,0.167558,1.41845,2.74516,0.14353,1.42015,2.74516,0.142334,1.39769,2.75827
1.02113,1.42532,1.47443,-1.23798,838968415,0.135765,1.28585,2.55868,0.136883,1.30677,2.54647,0.114751,1.30756,2.54647,0.114001,1.28663,2.55868,0.141772,1.40001,2.75827,0.142973,1.42247,2.74516,0.1189,1.42333,2.74516,0.118094,1.40086,2.75827
0.0510096,1.42612,1.49161,-3.15791,838968416,0.113555,1.28665,2.55868,0.114305,1.30757,2.54647,0.092173,1.30837,2.54647,0.0917909,1.28743,2.55868,0.117648,1.40087,2.75827,0.118453,1.42335,2.74516,0.0943798,1.42421,2.74516,0.0939694,1.40172,2.75827
0.351435,1.42616,1.52613,-51.3362,838968418,0.0690861,1.28974,2.55868,0.0691045,1.31068,2.54647,0.0469587,1.3107,2.54647,0.0473083,1.28976,2.55868,0.0691869,1.40404,2.75827,0.0692067,1.42653,2.74516,0.0451182,1.42655,2.74516,0.0454936,1.40406,2.75827
0.00982696,1.44325,0.620907,-3.06426,838968878,1.05716,0.74214,2.60821,1.07375,0.755074,2.59617,1.06013,0.772539,2.59617,1.04377,0.759315,2.60821,1.14608,0.811462,2.80869,1.16389,0.825352,2.79575,1.14908,0.844349,2.79575,1.13151,0.830147,2.80869
-0.0513771,1.44246,0.638236,-3.05746,838968879,1.04522,0.761159,2.60821,1.06158,0.774382,2.59617,1.04737,0.791361,2.59617,1.03124,0.777856,2.60821,1.13289,0.832075,2.80869,1.15047,0.846276,2.79575,1.135,0.864745,2.79575,1.11768,0.850241,2.80869
0.0904761,1.44323,0.655422,4.3574,838968880,1.03095,0.778199,2.60821,1.04708,0.791704,2.59617,1.03286,0.808683,2.59617,1.01697,0.794895,2.60821,1.11739,0.850583,2.80869,1.13471,0.865088,2.79575,1.11925,0.883556,2.79575,1.10218,0.868749,2.80869
0.0353032,1.44244,0.672752,-3.12599,838968881,1.01835,0.796789,2.60821,1.03425,0.810575,2.59617,1.01944,0.827047,2.59617,1.0038,0.812987,2.60821,1.1035,0.870723,2.80869,1.12056,0.88553,2.79575,1.10446,0.903447,2.79575,1.08766,0.888347,2.80869
-0.0578744,1.44322,0.689937,-3.53821,838968882,1.0035,0.81332,2.60821,1.01915,0.82738,2.59617,1.00434,0.843852,2.59617,0.988943,0.829518,2.60821,1.08736,0.888679,2.80869,1.10416,0.90378,2.79575,1.08806,0.921697,2.79575,1.07152,0.906302,2.80869
0.134256,1.44244,1.4054,-29.0271,838968923,0.224133,1.27346,2.60821,0.226718,1.29434,2.59617,0.204696,1.29668,2.59617,0.202477,1.27576,2.60821,0.237931,1.38538,2.80869,0.240707,1.4078,2.79575,0.216753,1.41034,2.79575,0.21437,1.38788,2.80869
0.0563669,1.44322,1.42258,-3.02854,838968924,0.202032,1.27581,2.60821,0.204251,1.29673,2.59617,0.182229,1.29906,2.59617,0.180376,1.2781,2.60821,0.213925,1.38792,2.80869,0.216308,1.41039,2.79575,0.192354,1.41293,2.79575,0.190364,1.39042,2.80869
0.147502,1.44245,1.43991,-2.56158,838968925,0.180057,1.28043,2.60821,0.181911,1.30139,2.59617,0.159821,1.30295,2.59617,0.158334,1.28197,2.60821,0.189938,1.39276,2.80869,0.191929,1.41526,2.79575,0.167901,1.41697,2.79575,0.166304,1.39443,2.80869
0.250632,1.44324,1.4571,1.12844,838968926,0.157888,1.282,2.60821,0.159375,1.30298,2.59617,0.137285,1.30455,2.59617,0.136165,1.28354,2.60821,0.165858,1.39446,2.80869,0.167455,1.417,2.79575,0.143427,1.4187,2.79575,0.142224,1.39614,2.80869
0.0749824,1.44247,1.47443,-3.00898,838968927,0.135765,1.28585,2.60821,0.136886,1.30686,2.59617,0.114755,1.30765,2.59617,0.114001,1.28663,2.60821,0.141717,1.39846,2.80869,0.142921,1.42102,2.79575,0.118848,1.42188,2.79575,0.118039,1.3993,2.80869
-0.0016517,1.44327,1.49161,-3.68768,838968928,0.113555,1.28665,2.60821,0.114308,1.30767,2.59617,0.0921764,1.30846,2.59617,0.0917909,1.28743,2.60821,0.117592,1.39932,2.80869,0.118401,1.4219,2.79575,0.0943279,1.42276,2.79575,0.0939138,1.40017,2.80869
0.145265,1.44322,1.77165,-10.0849,838968944,-0.246503,1.26797,2.60821,-0.251573,1.28838,2.59617,-0.273066,1.28304,2.59617,-0.267639,1.26272,2.60821,-0.273674,1.37739,2.80869,-0.279118,1.39932,2.79575,-0.302497,1.39351,2.79575,-0.296669,1.37168,2.80869
0.148493,1.44329,1.98265,-2.7815,838968956,-0.506572,1.18811,2.60821,-0.515773,1.20702,2.59617,-0.535688,1.19734,2.59617,-0.526156,1.17858,2.60821,-0.555889,1.28949,2.80869,-0.565771,1.30981,2.79575,-0.587433,1.29927,2.79575,-0.577195,1.27913,2.80869
-0.0145478,1.46037,0.620908,-3.77583,838969390,1.05716,0.74214,2.65843,1.07382,0.755131,2.64655,1.06021,0.772596,2.64655,1.04377,0.759315,2.65843,1.14485,0.810503,2.85978,1.16274,0.824454,2.84702,1.14793,0.843452,2.84702,1.13028,0.829188,2.85978
0.0558335,1.45958,0.638238,-3.71533,838969391,1.04522,0.761159,2.65843,1.06165,0.774441,2.64655,1.04744,0.791421,2.64655,1.03124,0.777856,2.65843,1.1317,0.831074,2.85978,1.14935,0.845339,2.84702,1.13388,0.863808,2.84702,1.11648,0.849239,2.85978
0.527744,1.46035,0.655424,-1.88109,838969392,1.03095,0.778199,2.65843,1.04715,0.791763,2.64655,1.03293,0.808742,2.64655,1.01697,0.794895,2.65843,1.1162,0.849582,2.85978,1.13359,0.86415,2.84702,1.11813,0.882619,2.84702,1.10099,0.867748,2.85978
0.283549,1.45956,0.672754,-2.69038,838969393,1.01835,0.796789,2.65843,1.03432,0.810637,2.64655,1.01951,0.82711,2.64655,1.0038,0.812987,2.65843,1.10234,0.869681,2.85978,1.11948,0.884554,2.84702,1.10338,0.902471,2.84702,1.0865,0.887304,2.85978
0.000846511,1.46034,0.689939,-2.97351,838969394,1.0035,0.81332,2.65843,1.01921,0.827442,2.64655,1.00441,0.843914,2.64655,0.988943,0.829518,2.65843,1.0862,0.887637,2.85978,1.10308,0.902804,2.84702,1.08698,0.920721,2.84702,1.07036,0.90526,2.85978
0.118883,1.45963,1.15988,33.242,838969421,0.526915,1.18071,2.65843,0.534505,1.20043,2.64655,0.513701,1.20803,2.64655,0.506457,1.18818,2.65843,0.566835,1.2845,2.85978,0.574986,1.30568,2.84702,0.552358,1.31394,2.84702,0.544578,1.29263,2.85978
0.0417291,1.46035,1.42259,-2.95718,838969436,0.202032,1.27581,2.65843,0.204261,1.29682,2.64655,0.182239,1.29915,2.64655,0.180376,1.2781,2.65843,0.213761,1.38637,2.85978,0.216154,1.40894,2.84702,0.1922,1.41148,2.84702,0.1902,1.38887,2.85978
0.110763,1.45957,1.43992,-22.1398,838969437,0.180057,1.28043,2.65843,0.181918,1.30148,2.64655,0.159828,1.30304,2.64655,0.158334,1.28197,2.65843,0.189828,1.3912,2.85978,0.191826,1.41381,2.84702,0.167798,1.41551,2.84702,0.166194,1.39288,2.85978
0.0124954,1.46036,1.4571,-2.61588,838969438,0.157888,1.282,2.65843,0.159382,1.30307,2.64655,0.137291,1.30464,2.64655,0.136165,1.28354,2.65843,0.165748,1.39291,2.85978,0.167352,1.41554,2.84702,0.143324,1.41725,2.84702,0.142114,1.39458,2.85978
0.0104777,1.45959,1.47443,-2.42628,838969439,0.135765,1.28585,2.65843,0.13689,1.30695,2.64655,0.114758,1.30775,2.64655,0.114001,1.28663,2.65843,0.141661,1.3969,2.85978,0.142868,1.41956,2.84702,0.118795,1.42042,2.84702,0.117983,1.39775,2.85978
-0.0138445,1.46039,1.49162,-3.21706,838969440,0.113555,1.28665,2.65843,0.114311,1.30776,2.64655,0.0921797,1.30855,2.64655,0.091791,1.28743,2.65843,0.117536,1.39776,2.85978,0.118349,1.42044,2.84702,0.0942755,1.4213,2.84702,0.093858,1.39861,2.85978
0.196579,1.45958,2.0345,9.16241,838969471,-0.568095,1.16151,2.65843,-0.578322,1.18001,2.64655,-0.597512,1.16895,2.64655,-0.586966,1.15064,2.65843,-0.621931,1.25882,2.85978,-0.632914,1.27868,2.84702,-0.653788,1.26665,2.84702,-0.642462,1.24699,2.85978
0.788173,1.46035,2.05169,-1.12494,838969472,-0.587353,1.15042,2.65843,-0.597899,1.16873,2.64655,-0.617089,1.15768,2.64655,-0.606224,1.13955,2.65843,-0.642849,1.24677,2.85978,-0.654175,1.26643,2.84702,-0.675049,1.25441,2.84702,-0.66338,1.23494,2.85978
0.13439,1.45956,2.06902,12.1593,838969473,-0.607848,1.14124,2.65843,-0.618715,1.15937,2.64655,-0.637507,1.14765,2.64655,-0.626328,1.12972,2.65843,-0.66505,1.23661,2.85978,-0.67672,1.25607,2.84702,-0.697161,1.24333,2.84702,-0.685156,1.22407,2.85978
0.12761,1.47667,0.289175,28.9569,838969883,1.24252,0.35777,2.70935,1.26259,0.364661,2.69763,1.25504,0.385479,2.69763,1.23509,0.378242,2.70935,1.34622,0.393357,2.91156,1.36778,0.400759,2.89897,1.35956,0.423403,2.89897,1.33814,0.41563,2.91156
0.395055,1.4767,0.603724,6.03095,838969901,1.07082,0.724613,2.70935,1.08778,0.737369,2.69763,1.07417,0.754835,2.69763,1.05743,0.741788,2.70935,1.15845,0.790502,2.91156,1.17667,0.804202,2.89897,1.16186,0.8232,2.89897,1.14389,0.809187,2.91156
2.51506,1.47747,0.62091,-2.34581,838969902,1.05716,0.74214,2.70935,1.07389,0.755187,2.69763,1.06028,0.772653,2.69763,1.04377,0.759315,2.70935,1.14361,0.80954,2.91156,1.16158,0.823552,2.89897,1.14677,0.84255,2.89897,1.12904,0.828226,2.91156
0.170377,1.47667,0.63824,-18.6156,838969903,1.04522,0.761159,2.70935,1.06172,0.7745,2.69763,1.04751,0.791479,2.69763,1.03124,0.777856,2.70935,1.13049,0.830068,2.91156,1.14822,0.844397,2.89897,1.13276,0.862865,2.89897,1.11528,0.848234,2.91156
0.251995,1.47745,0.655425,2.76167,838969904,1.03095,0.778199,2.70935,1.04722,0.791822,2.69763,1.033,0.808801,2.69763,1.01697,0.794896,2.70935,1.115,0.848577,2.91156,1.13247,0.863208,2.89897,1.117,0.881677,2.89897,1.09979,0.866742,2.91156
0.233064,1.47665,0.672756,2.51818,838969905,1.01835,0.796789,2.70935,1.03438,0.810698,2.69763,1.01958,0.827171,2.69763,1.0038,0.812987,2.70935,1.10117,0.868634,2.91156,1.11839,0.883573,2.89897,1.10229,0.90149,2.89897,1.08533,0.886258,2.91156
0.00778073,1.47744,0.68994,-3.08017,838969906,1.0035,0.81332,2.70935,1.01928,0.827503,2.69763,1.00448,0.843975,2.69763,0.988943,0.829518,2.70935,1.08504,0.88659,2.91156,1.10199,0.901823,2.89897,1.08589,0.91974,2.89897,1.0692,0.904213,2.91156
0.0769292,1.47747,1.31904,-20.1112,838969942,0.332792,1.24804,2.70935,0.337225,1.26879,2.69763,0.315568,1.27342,2.69763,0.311494,1.25259,2.70935,0.355695,1.35524,2.91156,0.360456,1.37753,2.89897,0.336899,1.38256,2.89897,0.332524,1.36019,2.91156
0.0155676,1.47667,1.33637,-2.90044,838969943,0.311421,1.25494,2.70935,0.315489,1.27577,2.69763,0.293684,1.27963,2.69763,0.289977,1.25874,2.70935,0.332452,1.36254,2.91156,0.336821,1.38491,2.89897,0.313103,1.38912,2.89897,0.309122,1.36668,2.91156
-0.0219638,1.47745,1.35356,-3.12218,838969944,0.289537,1.25882,2.70935,0.293243,1.27971,2.69763,0.271438,1.28358,2.69763,0.268094,1.26262,2.70935,0.308682,1.36675,2.91156,0.312663,1.38919,2.89897,0.288944,1.3934,2.89897,0.285353,1.37089,2.91156
-0.0273788,1.47665,1.37089,-2.91434,838969945,0.267939,1.26496,2.70935,0.271277,1.28592,2.69763,0.24935,1.28902,2.69763,0.246376,1.26801,2.70935,0.285199,1.37323,2.91156,0.288784,1.39574,2.89897,0.264933,1.39912,2.89897,0.261739,1.37655,2.91156
0.0169039,1.47744,1.38807,-3.2552,838969946,0.245933,1.26808,2.70935,0.248907,1.28909,2.69763,0.22698,1.29219,2.69763,0.22437,1.27113,2.70935,0.261297,1.37661,2.91156,0.264491,1.39918,2.89897,0.24064,1.40256,2.89897,0.237837,1.37994,2.91156
-0.0591725,1.47665,1.4054,-1.36849,838969947,0.224133,1.27346,2.70935,0.226738,1.29453,2.69763,0.204715,1.29686,2.69763,0.202477,1.27576,2.70935,0.237601,1.38227,2.91156,0.240398,1.40489,2.89897,0.216444,1.40743,2.89897,0.21404,1.38477,2.91156
-0.0307129,1.47744,1.42259,-2.53437,838969948,0.202032,1.27581,2.70935,0.204271,1.29691,2.69763,0.182249,1.29924,2.69763,0.180376,1.2781,2.70935,0.213596,1.38482,2.91156,0.216,1.40748,2.89897,0.192046,1.41002,2.89897,0.190034,1.38732,2.91156
0.0271669,1.47666,1.43992,-3.58715,838969949,0.180057,1.28043,2.70935,0.181925,1.30157,2.69763,0.159834,1.30313,2.69763,0.158334,1.28197,2.70935,0.189717,1.38964,2.91156,0.191722,1.41234,2.89897,0.167694,1.41405,2.89897,0.166083,1.39131,2.91156
0.366772,1.47746,1.4571,-7.26992,838969950,0.157888,1.282,2.70935,0.159388,1.30317,2.69763,0.137298,1.30473,2.69763,0.136165,1.28354,2.70935,0.165637,1.39135,2.91156,0.167248,1.41408,2.89897,0.14322,1.41578,2.89897,0.142003,1.39302,2.91156
0.0425613,1.47668,1.47443,-2.82259,838969951,0.135765,1.28585,2.70935,0.136893,1.30704,2.69763,0.114761,1.30784,2.69763,0.114001,1.28663,2.70935,0.141605,1.39533,2.91156,0.142816,1.41809,2.89897,0.118743,1.41896,2.89897,0.117927,1.39618,2.91156
0.0419309,1.47749,1.49162,-1.82451,838969952,0.113555,1.28665,2.70935,0.114315,1.30785,2.69763,0.092183,1.30865,2.69763,0.0917909,1.28743,2.70935,0.11748,1.3962,2.91156,0.118296,1.41897,2.89897,0.094223,1.41984,2.89897,0.0938019,1.39705,2.91156
0.011455,1.47672,1.50895,-2.14286,838969953,0.0913107,1.28972,2.70935,0.0916976,1.31094,2.69763,0.0695518,1.31096,2.69763,0.069533,1.28974,2.70935,0.093323,1.39934,2.91156,0.0937384,1.42213,2.89897,0.0696499,1.42215,2.89897,0.0696297,1.39936,2.91156
0.00141972,1.47753,1.52613,-2.10271,838969954,0.069086,1.28974,2.70935,0.0691048,1.31096,2.69763,0.046959,1.31098,2.69763,0.0473082,1.28976,2.70935,0.0691827,1.39936,2.91156,0.0692029,1.42215,2.89897,0.0451144,1.42217,2.89897,0.0454894,1.39938,2.91156
0.0112936,1.47677,1.54347,-1.79257,838969955,0.0467481,1.29204,2.70935,0.0463937,1.31326,2.69763,0.0242607,1.31251,2.69763,0.024983,1.2913,2.70935,0.0449306,1.40166,2.91156,0.0445499,1.42445,2.89897,0.0204753,1.42363,2.89897,0.021251,1.40086,2.91156
-0.0341697,1.47759,1.56065,-2.68089,838969956,0.0245363,1.29128,2.70935,0.023814,1.31249,2.69763,0.00168101,1.31174,2.69763,0.00277107,1.29054,2.70935,0.0208043,1.40084,2.91156,0.0200286,1.42362,2.89897,-0.00404596,1.4228,2.89897,-0.00287525,1.40003,2.91156
0.141352,1.47666,2.13805,9.70574,838969989,-0.685111,1.0966,2.70935,-0.69727,1.114,2.69763,-0.715199,1.101,2.69763,-0.702742,1.08382,2.70935,-0.747911,1.18647,2.91156,-0.76097,1.20516,2.89897,-0.780471,1.19101,2.89897,-0.767093,1.17256,2.91156
0.0343272,1.47747,3.06437,-2.51951,838970042,-1.28687,0.111016,2.70935,-1.30807,0.111778,2.69763,-1.30887,0.089647,2.69763,-1.28765,0.0892519,2.70935,-1.39642,0.114955,2.91156,-1.41919,0.115775,2.89897,-1.42006,0.0917016,2.89897,-1.39727,0.0912772,2.91156
0.0440295,1.47667,3.0817,-2.32328,838970043,-1.28995,0.0887722,2.70935,-1.31117,0.0891617,2.69763,-1.31119,0.067016,2.69763,-1.28997,0.0669944,2.70935,-1.39957,0.0907987,2.91156,-1.42236,0.0912171,2.89897,-1.42238,0.0671286,2.89897,-1.39959,0.0671055,2.91156
0.0309843,1.47745,3.09889,55.4931,838970044,-1.28997,0.0665474,2.70935,-1.31119,0.066569,2.69763,-1.31121,0.0444232,2.69763,-1.28999,0.0447696,2.70935,-1.39959,0.0666585,2.91156,-1.42238,0.0666817,2.89897,-1.42241,0.0425931,2.89897,-1.39962,0.0429652,2.91156
-0.0290421,1.47665,3.11622,-2.89654,838970045,-1.29227,0.0442099,2.70935,-1.31349,0.0438581,2.69763,-1.31274,0.0217251,2.69763,-1.29153,0.0224446,2.70935,-1.40189,0.0424067,2.91156,-1.42468,0.0420289,2.89897,-1.42387,0.0179543,2.89897,-1.40109,0.018727,2.91156
-0.0362096,1.47744,3.1334,-3.06304,838970046,-1.29152,0.0219979,2.70935,-1.31272,0.0212783,2.69763,-1.31197,-0.000854768,2.69763,-1.29078,0.000232645,2.70935,-1.40107,0.0182803,2.91156,-1.42385,0.0175075,2.89897,-1.42303,-0.0065672,2.89897,-1.40027,-0.00539934,2.91156
0.152396,1.4768,-2.25784,-11.5226,838970097,-0.82874,-0.992234,2.70935,-0.841529,-1.00917,2.69763,-0.823627,-1.02221,2.69763,-0.811135,-1.00505,2.70935,-0.894819,-1.07972,2.91156,-0.908554,-1.09791,2.89897,-0.889081,-1.11209,2.89897,-0.875666,-1.09367,2.91156
0.205453,1.47756,-2.24065,14.4467,838970098,-0.810774,-1.00532,2.70935,-0.823265,-1.02247,2.69763,-0.805363,-1.03551,2.69763,-0.793169,-1.01814,2.70935,-0.875304,-1.09393,2.91156,-0.88872,-1.11236,2.89897,-0.869248,-1.12654,2.89897,-0.856151,-1.10788,2.91156
0.413988,1.47674,-2.22332,-0.359213,838970099,-0.794055,-1.02031,2.70935,-0.806245,-1.03768,2.69763,-0.787899,-1.05009,2.69763,-0.776014,-1.03251,2.70935,-0.857039,-1.11005,2.91156,-0.87013,-1.12871,2.89897,-0.850174,-1.1422,2.89897,-0.83741,-1.12332,2.91156
0.0921085,1.47759,-1.93,26.0082,838970116,-0.464701,-1.20502,2.70935,-0.471276,-1.22519,2.69763,-0.45022,-1.23205,2.69763,-0.443995,-1.21176,2.70935,-0.498665,-1.30924,2.91156,-0.505726,-1.33091,2.89897,-0.482823,-1.33838,2.89897,-0.476138,-1.31658,2.91156
0.0954247,1.47753,-1.26639,-3.02006,838970154,0.376198,-1.23559,2.70935,0.383438,-1.25554,2.69763,0.404255,-1.24798,2.69763,0.396669,-1.22816,2.70935,0.4136,-1.33863,2.91156,0.421376,-1.36006,2.89897,0.444019,-1.35184,2.89897,0.435871,-1.33055,2.91156
0.159021,1.47756,-0.844388,2.25523,838970178,0.849255,-0.973028,2.70935,0.863979,-0.988309,2.69763,0.879926,-0.972942,2.69763,0.864937,-0.957917,2.70935,0.925318,-1.05197,2.91156,0.941132,-1.06838,2.89897,0.958478,-1.05166,2.89897,0.94238,-1.03553,2.91156
0.160238,1.47745,-0.740838,7.43149,838970184,0.945399,-0.880155,2.70935,0.96164,-0.893812,2.69763,0.975893,-0.876862,2.69763,0.959414,-0.863487,2.70935,1.0293,-0.950703,2.91156,1.04675,-0.96537,2.89897,1.06225,-0.946933,2.89897,1.04455,-0.932569,2.91156
