o EBRecHits_V2
v 0.665539026260376 1.1070499420166016 -0.12280099838972092
v 0.6659709811210632 1.1076899766921997 -0.09926559776067734
v 0.6840440034866333 1.09552001953125 -0.09926559776067734
v 0.6840440034866333 1.09552001953125 -0.09926559776067734
v 0.683601975440979 1.0948899984359741 -0.12280099838972092
v 0.665539026260376 1.1070499420166016 -0.12280099838972092
v 0.6820299625396729 1.1315382719039917 -0.12401705980300903
v 0.6824672222137451 1.1321855783462524 -0.10023766756057739
v 0.7009652256965637 1.1197240352630615 -0.100237637758255
v 0.7009652256965637 1.1197240352630615 -0.100237637758255
v 0.7005186080932617 1.1190861463546753 -0.1240169107913971
v 0.6820299625396729 1.1315382719039917 -0.12401705980300903
v 0.6820299625396729 1.1315382719039917 -0.12401705980300903
v 0.6824672222137451 1.1321855783462524 -0.10023766756057739
v 0.6659709811210632 1.1076899766921997 -0.09926559776067734
v 0.6659709811210632 1.1076899766921997 -0.09926559776067734
v 0.665539026260376 1.1070499420166016 -0.12280099838972092
v 0.6820299625396729 1.1315382719039917 -0.12401705980300903
v 0.7005186080932617 1.1190861463546753 -0.1240169107913971
v 0.7009652256965637 1.1197240352630615 -0.100237637758255
v 0.6840440034866333 1.09552001953125 -0.09926559776067734
v 0.6840440034866333 1.09552001953125 -0.09926559776067734
v 0.683601975440979 1.0948899984359741 -0.12280099838972092
v 0.7005186080932617 1.1190861463546753 -0.1240169107913971
v 0.665539026260376 1.1070499420166016 -0.12280099838972092
v 0.683601975440979 1.0948899984359741 -0.12280099838972092
v 0.7005186080932617 1.1190861463546753 -0.1240169107913971
v 0.7005186080932617 1.1190861463546753 -0.1240169107913971
v 0.6820299625396729 1.1315382719039917 -0.12401705980300903
v 0.665539026260376 1.1070499420166016 -0.12280099838972092
v 0.6659709811210632 1.1076899766921997 -0.09926559776067734
v 0.6824672222137451 1.1321855783462524 -0.10023766756057739
v 0.7009652256965637 1.1197240352630615 -0.100237637758255
v 0.7009652256965637 1.1197240352630615 -0.100237637758255
v 0.6840440034866333 1.09552001953125 -0.09926559776067734
v 0.6659709811210632 1.1076899766921997 -0.09926559776067734
v -1.2861000299453735 -0.1329299956560135 -0.42125099897384644
v -1.2915799617767334 -0.1332319974899292 -0.39951398968696594
v -1.2923599481582642 -0.11136200278997421 -0.39951398968696594
v -1.2923599481582642 -0.11136200278997421 -0.39951398968696594
v -1.2868800163269043 -0.11116600036621094 -0.42125099897384644
v -1.2861000299453735 -0.1329299956560135 -0.42125099897384644
v -1.328240156173706 -0.13516640663146973 -0.43265894055366516
v -1.3339052200317383 -0.13547863066196442 -0.41021257638931274
v -1.3347173929214478 -0.1128760427236557 -0.41021397709846497
v -1.3347173929214478 -0.1128760427236557 -0.41021397709846497
v -1.3290519714355469 -0.11267340183258057 -0.43266087770462036
v -1.328240156173706 -0.13516640663146973 -0.43265894055366516
v -1.328240156173706 -0.13516640663146973 -0.43265894055366516
v -1.3339052200317383 -0.13547863066196442 -0.41021257638931274
v -1.2915799617767334 -0.1332319974899292 -0.39951398968696594
v -1.2915799617767334 -0.1332319974899292 -0.39951398968696594
v -1.2861000299453735 -0.1329299956560135 -0.42125099897384644
v -1.328240156173706 -0.13516640663146973 -0.43265894055366516
v -1.3290519714355469 -0.11267340183258057 -0.43266087770462036
v -1.3347173929214478 -0.1128760427236557 -0.41021397709846497
v -1.2923599481582642 -0.11136200278997421 -0.39951398968696594
v -1.2923599481582642 -0.11136200278997421 -0.39951398968696594
v -1.2868800163269043 -0.11116600036621094 -0.42125099897384644
v -1.3290519714355469 -0.11267340183258057 -0.43266087770462036
v -1.2861000299453735 -0.1329299956560135 -0.42125099897384644
v -1.2868800163269043 -0.11116600036621094 -0.42125099897384644
v -1.3290519714355469 -0.11267340183258057 -0.43266087770462036
v -1.3290519714355469 -0.11267340183258057 -0.43266087770462036
v -1.328240156173706 -0.13516640663146973 -0.43265894055366516
v -1.2861000299453735 -0.1329299956560135 -0.42125099897384644
v -1.2915799617767334 -0.1332319974899292 -0.39951398968696594
v -1.3339052200317383 -0.13547863066196442 -0.41021257638931274
v -1.3347173929214478 -0.1128760427236557 -0.41021397709846497
v -1.3347173929214478 -0.1128760427236557 -0.41021397709846497
v -1.2923599481582642 -0.11136200278997421 -0.39951398968696594
v -1.2915799617767334 -0.1332319974899292 -0.39951398968696594
v -1.2821099758148193 0.1561949998140335 -0.49261701107025146
v -1.2886300086975098 0.15733900666236877 -0.47104600071907043
v -1.2848299741744995 0.17892299592494965 -0.47104600071907043
v -1.2848299741744995 0.17892299592494965 -0.47104600071907043
v -1.2783399820327759 0.17764399945735931 -0.49261701107025146
v -1.2821099758148193 0.1561949998140335 -0.49261701107025146
v -1.310876488685608 0.1612476259469986 -0.502094566822052
v -1.3175445795059204 0.1624176800251007 -0.4800470769405365
v -1.3136540651321411 0.18449454009532928 -0.4800456166267395
v -1.3136540651321411 0.18449454009532928 -0.4800456166267395
v -1.3070166110992432 0.1831865906715393 -0.5020931363105774
v -1.310876488685608 0.1612476259469986 -0.502094566822052
v -1.310876488685608 0.1612476259469986 -0.502094566822052
v -1.3175445795059204 0.1624176800251007 -0.4800470769405365
v -1.2886300086975098 0.15733900666236877 -0.47104600071907043
v -1.2886300086975098 0.15733900666236877 -0.47104600071907043
v -1.2821099758148193 0.1561949998140335 -0.49261701107025146
v -1.310876488685608 0.1612476259469986 -0.502094566822052
v -1.3070166110992432 0.1831865906715393 -0.5020931363105774
v -1.3136540651321411 0.18449454009532928 -0.4800456166267395
v -1.2848299741744995 0.17892299592494965 -0.47104600071907043
v -1.2848299741744995 0.17892299592494965 -0.47104600071907043
v -1.2783399820327759 0.17764399945735931 -0.49261701107025146
v -1.3070166110992432 0.1831865906715393 -0.5020931363105774
v -1.2821099758148193 0.1561949998140335 -0.49261701107025146
v -1.2783399820327759 0.17764399945735931 -0.49261701107025146
v -1.3070166110992432 0.1831865906715393 -0.5020931363105774
v -1.3070166110992432 0.1831865906715393 -0.5020931363105774
v -1.310876488685608 0.1612476259469986 -0.502094566822052
v -1.2821099758148193 0.1561949998140335 -0.49261701107025146
v -1.2886300086975098 0.15733900666236877 -0.47104600071907043
v -1.3175445795059204 0.1624176800251007 -0.4800470769405365
v -1.3136540651321411 0.18449454009532928 -0.4800456166267395
v -1.3136540651321411 0.18449454009532928 -0.4800456166267395
v -1.2848299741744995 0.17892299592494965 -0.47104600071907043
v -1.2886300086975098 0.15733900666236877 -0.47104600071907043
v -1.2674599885940552 -0.24812600016593933 -0.5167400240898132
v -1.2743500471115112 -0.249099001288414 -0.495279997587204
v -1.2774200439453125 -0.227400004863739 -0.495279997587204
v -1.2774200439453125 -0.227400004863739 -0.495279997587204
v -1.2704999446868896 -0.2265619933605194 -0.5167400240898132
v -1.2674599885940552 -0.24812600016593933 -0.5167400240898132
v -1.3052419424057007 -0.2534603178501129 -0.5298104286193848
v -1.3123376369476318 -0.2544623017311096 -0.5077273845672607
v -1.3154942989349365 -0.23211081326007843 -0.5077264904975891
v -1.3154942989349365 -0.23211081326007843 -0.5077264904975891
v -1.3083683252334595 -0.231247678399086 -0.5298088192939758
v -1.3052419424057007 -0.2534603178501129 -0.5298104286193848
v -1.3052419424057007 -0.2534603178501129 -0.5298104286193848
v -1.3123376369476318 -0.2544623017311096 -0.5077273845672607
v -1.2743500471115112 -0.249099001288414 -0.495279997587204
v -1.2743500471115112 -0.249099001288414 -0.495279997587204
v -1.2674599885940552 -0.24812600016593933 -0.5167400240898132
v -1.3052419424057007 -0.2534603178501129 -0.5298104286193848
v -1.3083683252334595 -0.231247678399086 -0.5298088192939758
v -1.3154942989349365 -0.23211081326007843 -0.5077264904975891
v -1.2774200439453125 -0.227400004863739 -0.495279997587204
v -1.2774200439453125 -0.227400004863739 -0.495279997587204
v -1.2704999446868896 -0.2265619933605194 -0.5167400240898132
v -1.3083683252334595 -0.231247678399086 -0.5298088192939758
v -1.2674599885940552 -0.24812600016593933 -0.5167400240898132
v -1.2704999446868896 -0.2265619933605194 -0.5167400240898132
v -1.3083683252334595 -0.231247678399086 -0.5298088192939758
v -1.3083683252334595 -0.231247678399086 -0.5298088192939758
v -1.3052419424057007 -0.2534603178501129 -0.5298104286193848
v -1.2674599885940552 -0.24812600016593933 -0.5167400240898132
v -1.2743500471115112 -0.249099001288414 -0.495279997587204
v -1.3123376369476318 -0.2544623017311096 -0.5077273845672607
v -1.3154942989349365 -0.23211081326007843 -0.5077264904975891
v -1.3154942989349365 -0.23211081326007843 -0.5077264904975891
v -1.2774200439453125 -0.227400004863739 -0.495279997587204
v -1.2743500471115112 -0.249099001288414 -0.495279997587204
v -0.3542410135269165 1.2434799671173096 -0.6963940262794495
v -0.3563460111618042 1.2525500059127808 -0.6758480072021484
v -0.33488601446151733 1.2571300268173218 -0.6758480072021484
v -0.33488601446151733 1.2571300268173218 -0.6758480072021484
v -0.33294299244880676 1.248020052909851 -0.6963940262794495
v -0.3542410135269165 1.2434799671173096 -0.6963940262794495
v -0.36454543471336365 1.2879701852798462 -0.7179474234580994
v -0.36672472953796387 1.2973626852035522 -0.696685791015625
v -0.34448644518852234 1.3021143674850464 -0.6966890692710876
v -0.34448644518852234 1.3021143674850464 -0.6966890692710876
v -0.3424741327762604 1.292681336402893 -0.7179495096206665
v -0.36454543471336365 1.2879701852798462 -0.7179474234580994
v -0.36454543471336365 1.2879701852798462 -0.7179474234580994
v -0.36672472953796387 1.2973626852035522 -0.696685791015625
v -0.3563460111618042 1.2525500059127808 -0.6758480072021484
v -0.3563460111618042 1.2525500059127808 -0.6758480072021484
v -0.3542410135269165 1.2434799671173096 -0.6963940262794495
v -0.36454543471336365 1.2879701852798462 -0.7179474234580994
v -0.3424741327762604 1.292681336402893 -0.7179495096206665
v -0.34448644518852234 1.3021143674850464 -0.6966890692710876
v -0.33488601446151733 1.2571300268173218 -0.6758480072021484
v -0.33488601446151733 1.2571300268173218 -0.6758480072021484
v -0.33294299244880676 1.248020052909851 -0.6963940262794495
v -0.3424741327762604 1.292681336402893 -0.7179495096206665
v -0.3542410135269165 1.2434799671173096 -0.6963940262794495
v -0.33294299244880676 1.248020052909851 -0.6963940262794495
v -0.3424741327762604 1.292681336402893 -0.7179495096206665
v -0.3424741327762604 1.292681336402893 -0.7179495096206665
v -0.36454543471336365 1.2879701852798462 -0.7179474234580994
v -0.3542410135269165 1.2434799671173096 -0.6963940262794495
v -0.3563460111618042 1.2525500059127808 -0.6758480072021484
v -0.36672472953796387 1.2973626852035522 -0.696685791015625
v -0.34448644518852234 1.3021143674850464 -0.6966890692710876
v -0.34448644518852234 1.3021143674850464 -0.6966890692710876
v -0.33488601446151733 1.2571300268173218 -0.6758480072021484
v -0.3563460111618042 1.2525500059127808 -0.6758480072021484
v -0.15873600542545319 -1.2819000482559204 -0.7988409996032715
v -0.16055400669574738 -1.2922500371932983 -0.7789469957351685
v -0.18219199776649475 -1.288450002670288 -0.7789469957351685
v -0.18219199776649475 -1.288450002670288 -0.7789469957351685
v -0.18018600344657898 -1.278130054473877 -0.7988409996032715
v -0.15873600542545319 -1.2819000482559204 -0.7988409996032715
v -0.16334958374500275 -1.3081856966018677 -0.8134565353393555
v -0.16520434617996216 -1.3187469244003296 -0.793164074420929
v -0.18729689717292786 -1.3148640394210815 -0.7931622266769409
v -0.18729689717292786 -1.3148640394210815 -0.7931622266769409
v -0.1852501928806305 -1.3043338060379028 -0.8134543895721436
v -0.16334958374500275 -1.3081856966018677 -0.8134565353393555
v -0.16334958374500275 -1.3081856966018677 -0.8134565353393555
v -0.16520434617996216 -1.3187469244003296 -0.793164074420929
v -0.16055400669574738 -1.2922500371932983 -0.7789469957351685
v -0.16055400669574738 -1.2922500371932983 -0.7789469957351685
v -0.15873600542545319 -1.2819000482559204 -0.7988409996032715
v -0.16334958374500275 -1.3081856966018677 -0.8134565353393555
v -0.1852501928806305 -1.3043338060379028 -0.8134543895721436
v -0.18729689717292786 -1.3148640394210815 -0.7931622266769409
v -0.18219199776649475 -1.288450002670288 -0.7789469957351685
v -0.18219199776649475 -1.288450002670288 -0.7789469957351685
v -0.18018600344657898 -1.278130054473877 -0.7988409996032715
v -0.1852501928806305 -1.3043338060379028 -0.8134543895721436
v -0.15873600542545319 -1.2819000482559204 -0.7988409996032715
v -0.18018600344657898 -1.278130054473877 -0.7988409996032715
v -0.1852501928806305 -1.3043338060379028 -0.8134543895721436
v -0.1852501928806305 -1.3043338060379028 -0.8134543895721436
v -0.16334958374500275 -1.3081856966018677 -0.8134565353393555
v -0.15873600542545319 -1.2819000482559204 -0.7988409996032715
v -0.16055400669574738 -1.2922500371932983 -0.7789469957351685
v -0.16520434617996216 -1.3187469244003296 -0.793164074420929
v -0.18729689717292786 -1.3148640394210815 -0.7931622266769409
v -0.18729689717292786 -1.3148640394210815 -0.7931622266769409
v -0.18219199776649475 -1.288450002670288 -0.7789469957351685
v -0.16055400669574738 -1.2922500371932983 -0.7789469957351685
v -1.1428300142288208 -0.6045560240745544 -0.8249319791793823
v -1.1526199579238892 -0.6091349720954895 -0.8051959872245789
v -1.161579966545105 -0.5890730023384094 -0.8051959872245789
v -1.161579966545105 -0.5890730023384094 -0.8051959872245789
v -1.151710033416748 -0.5846689939498901 -0.8249319791793823
v -1.1428300142288208 -0.6045560240745544 -0.8249319791793823
v -1.196988821029663 -0.6298564076423645 -0.8588231205940247
v -1.2072280645370483 -0.6346462965011597 -0.8381965160369873
v -1.2166193723678589 -0.6136342287063599 -0.8382007479667664
v -1.2166193723678589 -0.6136342287063599 -0.8382007479667664
v -1.2062954902648926 -0.6090281009674072 -0.8588283061981201
v -1.196988821029663 -0.6298564076423645 -0.8588231205940247
v -1.196988821029663 -0.6298564076423645 -0.8588231205940247
v -1.2072280645370483 -0.6346462965011597 -0.8381965160369873
v -1.1526199579238892 -0.6091349720954895 -0.8051959872245789
v -1.1526199579238892 -0.6091349720954895 -0.8051959872245789
v -1.1428300142288208 -0.6045560240745544 -0.8249319791793823
v -1.196988821029663 -0.6298564076423645 -0.8588231205940247
v -1.2062954902648926 -0.6090281009674072 -0.8588283061981201
v -1.2166193723678589 -0.6136342287063599 -0.8382007479667664
v -1.161579966545105 -0.5890730023384094 -0.8051959872245789
v -1.161579966545105 -0.5890730023384094 -0.8051959872245789
v -1.151710033416748 -0.5846689939498901 -0.8249319791793823
v -1.2062954902648926 -0.6090281009674072 -0.8588283061981201
v -1.1428300142288208 -0.6045560240745544 -0.8249319791793823
v -1.151710033416748 -0.5846689939498901 -0.8249319791793823
v -1.2062954902648926 -0.6090281009674072 -0.8588283061981201
v -1.2062954902648926 -0.6090281009674072 -0.8588283061981201
v -1.196988821029663 -0.6298564076423645 -0.8588231205940247
v -1.1428300142288208 -0.6045560240745544 -0.8249319791793823
v -1.1526199579238892 -0.6091349720954895 -0.8051959872245789
v -1.2072280645370483 -0.6346462965011597 -0.8381965160369873
v -1.2166193723678589 -0.6136342287063599 -0.8382007479667664
v -1.2166193723678589 -0.6136342287063599 -0.8382007479667664
v -1.161579966545105 -0.5890730023384094 -0.8051959872245789
v -1.1526199579238892 -0.6091349720954895 -0.8051959872245789
v 1.0819400548934937 -0.7054190039634705 -0.8779309988021851
v 1.0912100076675415 -0.7121419906616211 -0.8584139943122864
v 1.0782999992370605 -0.7299460172653198 -0.8584139943122864
v 1.0782999992370605 -0.7299460172653198 -0.8584139943122864
v 1.069159984588623 -0.7230479717254639 -0.8779309988021851
v 1.0819400548934937 -0.7054190039634705 -0.8779309988021851
v 1.1799649000167847 -0.776512086391449 -0.9513065218925476
v 1.1900675296783447 -0.7838366627693176 -0.9300668239593506
v 1.1759365797042847 -0.8033007979393005 -0.9300606846809387
v 1.1759365797042847 -0.8033007979393005 -0.9300606846809387
v 1.1659759283065796 -0.7957854866981506 -0.9512999653816223
v 1.1799649000167847 -0.776512086391449 -0.9513065218925476
v 1.1799649000167847 -0.776512086391449 -0.9513065218925476
v 1.1900675296783447 -0.7838366627693176 -0.9300668239593506
v 1.0912100076675415 -0.7121419906616211 -0.8584139943122864
v 1.0912100076675415 -0.7121419906616211 -0.8584139943122864
v 1.0819400548934937 -0.7054190039634705 -0.8779309988021851
v 1.1799649000167847 -0.776512086391449 -0.9513065218925476
v 1.1659759283065796 -0.7957854866981506 -0.9512999653816223
v 1.1759365797042847 -0.8033007979393005 -0.9300606846809387
v 1.0782999992370605 -0.7299460172653198 -0.8584139943122864
v 1.0782999992370605 -0.7299460172653198 -0.8584139943122864
v 1.069159984588623 -0.7230479717254639 -0.8779309988021851
v 1.1659759283065796 -0.7957854866981506 -0.9512999653816223
v 1.0819400548934937 -0.7054190039634705 -0.8779309988021851
v 1.069159984588623 -0.7230479717254639 -0.8779309988021851
v 1.1659759283065796 -0.7957854866981506 -0.9512999653816223
v 1.1659759283065796 -0.7957854866981506 -0.9512999653816223
v 1.1799649000167847 -0.776512086391449 -0.9513065218925476
v 1.0819400548934937 -0.7054190039634705 -0.8779309988021851
v 1.0912100076675415 -0.7121419906616211 -0.8584139943122864
v 1.1900675296783447 -0.7838366627693176 -0.9300668239593506
v 1.1759365797042847 -0.8033007979393005 -0.9300606846809387
v 1.1759365797042847 -0.8033007979393005 -0.9300606846809387
v 1.0782999992370605 -0.7299460172653198 -0.8584139943122864
v 1.0912100076675415 -0.7121419906616211 -0.8584139943122864
v -1.0957200527191162 -0.6862549781799316 -0.9048370122909546
v -1.105970025062561 -0.6919580101966858 -0.8854849934577942
v -1.1163100004196167 -0.6725450158119202 -0.8854849934577942
v -1.1163100004196167 -0.6725450158119202 -0.8854849934577942
v -1.1059600114822388 -0.6670330166816711 -0.9048370122909546
v -1.0957200527191162 -0.6862549781799316 -0.9048370122909546
v -1.1213210821151733 -0.7004514336585999 -0.9231429696083069
v -1.131794810295105 -0.7062792181968689 -0.9033747315406799
v -1.1423733234405518 -0.6864248514175415 -0.9033766984939575
v -1.1423733234405518 -0.6864248514175415 -0.9033766984939575
v -1.131796956062317 -0.6807923316955566 -0.9231452941894531
v -1.1213210821151733 -0.7004514336585999 -0.9231429696083069
v -1.1213210821151733 -0.7004514336585999 -0.9231429696083069
v -1.131794810295105 -0.7062792181968689 -0.9033747315406799
v -1.105970025062561 -0.6919580101966858 -0.8854849934577942
v -1.105970025062561 -0.6919580101966858 -0.8854849934577942
v -1.0957200527191162 -0.6862549781799316 -0.9048370122909546
v -1.1213210821151733 -0.7004514336585999 -0.9231429696083069
v -1.131796956062317 -0.6807923316955566 -0.9231452941894531
v -1.1423733234405518 -0.6864248514175415 -0.9033766984939575
v -1.1163100004196167 -0.6725450158119202 -0.8854849934577942
v -1.1163100004196167 -0.6725450158119202 -0.8854849934577942
v -1.1059600114822388 -0.6670330166816711 -0.9048370122909546
v -1.131796956062317 -0.6807923316955566 -0.9231452941894531
v -1.0957200527191162 -0.6862549781799316 -0.9048370122909546
v -1.1059600114822388 -0.6670330166816711 -0.9048370122909546
v -1.131796956062317 -0.6807923316955566 -0.9231452941894531
v -1.131796956062317 -0.6807923316955566 -0.9231452941894531
v -1.1213210821151733 -0.7004514336585999 -0.9231429696083069
v -1.0957200527191162 -0.6862549781799316 -0.9048370122909546
v -1.105970025062561 -0.6919580101966858 -0.8854849934577942
v -1.131794810295105 -0.7062792181968689 -0.9033747315406799
v -1.1423733234405518 -0.6864248514175415 -0.9033766984939575
v -1.1423733234405518 -0.6864248514175415 -0.9033766984939575
v -1.1163100004196167 -0.6725450158119202 -0.8854849934577942
v -1.105970025062561 -0.6919580101966858 -0.8854849934577942
v -0.6269479990005493 -1.129349946975708 -0.9593629837036133
v -0.6334409713745117 -1.1397600173950195 -0.9403489828109741
v -0.652101993560791 -1.128119945526123 -0.9403489828109741
v -0.652101993560791 -1.128119945526123 -0.9403489828109741
v -0.645425021648407 -1.1178300380706787 -0.9593629837036133
v -0.6269479990005493 -1.129349946975708 -0.9593629837036133
v -0.6404953598976135 -1.1510674953460693 -0.9763951897621155
v -0.6471144556999207 -1.161679983139038 -0.9570170640945435
v -0.6661532521247864 -1.1498011350631714 -0.957015335559845
v -0.6661532521247864 -1.1498011350631714 -0.957015335559845
v -0.6593469381332397 -1.139310359954834 -0.9763937592506409
v -0.6404953598976135 -1.1510674953460693 -0.9763951897621155
v -0.6404953598976135 -1.1510674953460693 -0.9763951897621155
v -0.6471144556999207 -1.161679983139038 -0.9570170640945435
v -0.6334409713745117 -1.1397600173950195 -0.9403489828109741
v -0.6334409713745117 -1.1397600173950195 -0.9403489828109741
v -0.6269479990005493 -1.129349946975708 -0.9593629837036133
v -0.6404953598976135 -1.1510674953460693 -0.9763951897621155
v -0.6593469381332397 -1.139310359954834 -0.9763937592506409
v -0.6661532521247864 -1.1498011350631714 -0.957015335559845
v -0.652101993560791 -1.128119945526123 -0.9403489828109741
v -0.652101993560791 -1.128119945526123 -0.9403489828109741
v -0.645425021648407 -1.1178300380706787 -0.9593629837036133
v -0.6593469381332397 -1.139310359954834 -0.9763937592506409
v -0.6269479990005493 -1.129349946975708 -0.9593629837036133
v -0.645425021648407 -1.1178300380706787 -0.9593629837036133
v -0.6593469381332397 -1.139310359954834 -0.9763937592506409
v -0.6593469381332397 -1.139310359954834 -0.9763937592506409
v -0.6404953598976135 -1.1510674953460693 -0.9763951897621155
v -0.6269479990005493 -1.129349946975708 -0.9593629837036133
v -0.6334409713745117 -1.1397600173950195 -0.9403489828109741
v -0.6471144556999207 -1.161679983139038 -0.9570170640945435
v -0.6661532521247864 -1.1498011350631714 -0.957015335559845
v -0.6661532521247864 -1.1498011350631714 -0.957015335559845
v -0.652101993560791 -1.128119945526123 -0.9403489828109741
v -0.6334409713745117 -1.1397600173950195 -0.9403489828109741
v 1.2293699979782104 -0.40071699023246765 -1.0720700025558472
v 1.2418700456619263 -0.40549901127815247 -1.0536400079727173
v 1.2336399555206299 -0.4259189963340759 -1.0536400079727173
v 1.2336399555206299 -0.4259189963340759 -1.0536400079727173
v 1.2212200164794922 -0.42091500759124756 -1.0720700025558472
v 1.2293699979782104 -0.40071699023246765 -1.0720700025558472
v 1.253026008605957 -0.40978631377220154 -1.0909881591796875
v 1.265760898590088 -0.4146583676338196 -1.0722166299819946
v 1.257370114326477 -0.43548569083213806 -1.072217345237732
v 1.257370114326477 -0.43548569083213806 -1.072217345237732
v 1.2447166442871094 -0.4303869307041168 -1.0909894704818726
v 1.253026008605957 -0.40978631377220154 -1.0909881591796875
v 1.253026008605957 -0.40978631377220154 -1.0909881591796875
v 1.265760898590088 -0.4146583676338196 -1.0722166299819946
v 1.2418700456619263 -0.40549901127815247 -1.0536400079727173
v 1.2418700456619263 -0.40549901127815247 -1.0536400079727173
v 1.2293699979782104 -0.40071699023246765 -1.0720700025558472
v 1.253026008605957 -0.40978631377220154 -1.0909881591796875
v 1.2447166442871094 -0.4303869307041168 -1.0909894704818726
v 1.257370114326477 -0.43548569083213806 -1.072217345237732
v 1.2336399555206299 -0.4259189963340759 -1.0536400079727173
v 1.2336399555206299 -0.4259189963340759 -1.0536400079727173
v 1.2212200164794922 -0.42091500759124756 -1.0720700025558472
v 1.2447166442871094 -0.4303869307041168 -1.0909894704818726
v 1.2293699979782104 -0.40071699023246765 -1.0720700025558472
v 1.2212200164794922 -0.42091500759124756 -1.0720700025558472
v 1.2447166442871094 -0.4303869307041168 -1.0909894704818726
v 1.2447166442871094 -0.4303869307041168 -1.0909894704818726
v 1.253026008605957 -0.40978631377220154 -1.0909881591796875
v 1.2293699979782104 -0.40071699023246765 -1.0720700025558472
v 1.2418700456619263 -0.40549901127815247 -1.0536400079727173
v 1.265760898590088 -0.4146583676338196 -1.0722166299819946
v 1.257370114326477 -0.43548569083213806 -1.072217345237732
v 1.257370114326477 -0.43548569083213806 -1.072217345237732
v 1.2336399555206299 -0.4259189963340759 -1.0536400079727173
v 1.2418700456619263 -0.40549901127815247 -1.0536400079727173
v -0.568356990814209 -1.1613800525665283 -1.2294100522994995
v -0.5754820108413696 -1.1742700338363647 -1.2116899490356445
v -0.5945780277252197 -1.1632699966430664 -1.2116899490356445
v -0.5945780277252197 -1.1632699966430664 -1.2116899490356445
v -0.5872250199317932 -1.1505099534988403 -1.2294100522994995
v -0.568356990814209 -1.1613800525665283 -1.2294100522994995
v -0.5839579701423645 -1.1895549297332764 -1.2568819522857666
v -0.5912506580352783 -1.2027478218078613 -1.2387508153915405
v -0.610830545425415 -1.1914713382720947 -1.2387539148330688
v -0.610830545425415 -1.1914713382720947 -1.2387539148330688
v -0.6033044457435608 -1.1784117221832275 -1.2568848133087158
v -0.5839579701423645 -1.1895549297332764 -1.2568819522857666
v -0.5839579701423645 -1.1895549297332764 -1.2568819522857666
v -0.5912506580352783 -1.2027478218078613 -1.2387508153915405
v -0.5754820108413696 -1.1742700338363647 -1.2116899490356445
v -0.5754820108413696 -1.1742700338363647 -1.2116899490356445
v -0.568356990814209 -1.1613800525665283 -1.2294100522994995
v -0.5839579701423645 -1.1895549297332764 -1.2568819522857666
v -0.6033044457435608 -1.1784117221832275 -1.2568848133087158
v -0.610830545425415 -1.1914713382720947 -1.2387539148330688
v -0.5945780277252197 -1.1632699966430664 -1.2116899490356445
v -0.5945780277252197 -1.1632699966430664 -1.2116899490356445
v -0.5872250199317932 -1.1505099534988403 -1.2294100522994995
v -0.6033044457435608 -1.1784117221832275 -1.2568848133087158
v -0.568356990814209 -1.1613800525665283 -1.2294100522994995
v -0.5872250199317932 -1.1505099534988403 -1.2294100522994995
v -0.6033044457435608 -1.1784117221832275 -1.2568848133087158
v -0.6033044457435608 -1.1784117221832275 -1.2568848133087158
v -0.5839579701423645 -1.1895549297332764 -1.2568819522857666
v -0.568356990814209 -1.1613800525665283 -1.2294100522994995
v -0.5754820108413696 -1.1742700338363647 -1.2116899490356445
v -0.5912506580352783 -1.2027478218078613 -1.2387508153915405
v -0.610830545425415 -1.1914713382720947 -1.2387539148330688
v -0.610830545425415 -1.1914713382720947 -1.2387539148330688
v -0.5945780277252197 -1.1632699966430664 -1.2116899490356445
v -0.5754820108413696 -1.1742700338363647 -1.2116899490356445
v 0.8661019802093506 -0.9599050283432007 -1.4196799993515015
v 0.8762050271034241 -0.9723629951477051 -1.403059959411621
v 0.858830988407135 -0.985954999923706 -1.403059959411621
v 0.858830988407135 -0.985954999923706 -1.403059959411621
v 0.8489490151405334 -0.9733229875564575 -1.4196799993515015
v 0.8661019802093506 -0.9599050283432007 -1.4196799993515015
v 0.8849247097969055 -0.983128547668457 -1.4492143392562866
v 0.8952488899230957 -0.9958590269088745 -1.432234764099121
v 0.8774652481079102 -1.0097742080688477 -1.4322372674942017
v 0.8774652481079102 -1.0097742080688477 -1.4322372674942017
v 0.8673667311668396 -0.9968664050102234 -1.449216365814209
v 0.8849247097969055 -0.983128547668457 -1.4492143392562866
v 0.8849247097969055 -0.983128547668457 -1.4492143392562866
v 0.8952488899230957 -0.9958590269088745 -1.432234764099121
v 0.8762050271034241 -0.9723629951477051 -1.403059959411621
v 0.8762050271034241 -0.9723629951477051 -1.403059959411621
v 0.8661019802093506 -0.9599050283432007 -1.4196799993515015
v 0.8849247097969055 -0.983128547668457 -1.4492143392562866
v 0.8673667311668396 -0.9968664050102234 -1.449216365814209
v 0.8774652481079102 -1.0097742080688477 -1.4322372674942017
v 0.858830988407135 -0.985954999923706 -1.403059959411621
v 0.858830988407135 -0.985954999923706 -1.403059959411621
v 0.8489490151405334 -0.9733229875564575 -1.4196799993515015
v 0.8673667311668396 -0.9968664050102234 -1.449216365814209
v 0.8661019802093506 -0.9599050283432007 -1.4196799993515015
v 0.8489490151405334 -0.9733229875564575 -1.4196799993515015
v 0.8673667311668396 -0.9968664050102234 -1.449216365814209
v 0.8673667311668396 -0.9968664050102234 -1.449216365814209
v 0.8849247097969055 -0.983128547668457 -1.4492143392562866
v 0.8661019802093506 -0.9599050283432007 -1.4196799993515015
v 0.8762050271034241 -0.9723629951477051 -1.403059959411621
v 0.8952488899230957 -0.9958590269088745 -1.432234764099121
v 0.8774652481079102 -1.0097742080688477 -1.4322372674942017
v 0.8774652481079102 -1.0097742080688477 -1.4322372674942017
v 0.858830988407135 -0.985954999923706 -1.403059959411621
v 0.8762050271034241 -0.9723629951477051 -1.403059959411621
v 0.8817499876022339 -0.9437819719314575 -1.4196799993515015
v 0.892067015171051 -0.9560610055923462 -1.403059959411621
v 0.8751789927482605 -0.9702510237693787 -1.403059959411621
v 0.8751789927482605 -0.9702510237693787 -1.403059959411621
v 0.865077018737793 -0.9577919840812683 -1.4196799993515015
v 0.8817499876022339 -0.9437819719314575 -1.4196799993515015
v 0.9978287220001221 -1.0819382667541504 -1.597983479499817
v 1.0095090866088867 -1.0958393812179565 -1.579193353652954
v 0.9902012348175049 -1.1120396852493286 -1.5791833400726318
v 0.9902012348175049 -1.1120396852493286 -1.5791833400726318
v 0.9787636399269104 -1.0979363918304443 -1.5979732275009155
v 0.9978287220001221 -1.0819382667541504 -1.597983479499817
v 0.9978287220001221 -1.0819382667541504 -1.597983479499817
v 1.0095090866088867 -1.0958393812179565 -1.579193353652954
v 0.892067015171051 -0.9560610055923462 -1.403059959411621
v 0.892067015171051 -0.9560610055923462 -1.403059959411621
v 0.8817499876022339 -0.9437819719314575 -1.4196799993515015
v 0.9978287220001221 -1.0819382667541504 -1.597983479499817
v 0.9787636399269104 -1.0979363918304443 -1.5979732275009155
v 0.9902012348175049 -1.1120396852493286 -1.5791833400726318
v 0.8751789927482605 -0.9702510237693787 -1.403059959411621
v 0.8751789927482605 -0.9702510237693787 -1.403059959411621
v 0.865077018737793 -0.9577919840812683 -1.4196799993515015
v 0.9787636399269104 -1.0979363918304443 -1.5979732275009155
v 0.8817499876022339 -0.9437819719314575 -1.4196799993515015
v 0.865077018737793 -0.9577919840812683 -1.4196799993515015
v 0.9787636399269104 -1.0979363918304443 -1.5979732275009155
v 0.9787636399269104 -1.0979363918304443 -1.5979732275009155
v 0.9978287220001221 -1.0819382667541504 -1.597983479499817
v 0.8817499876022339 -0.9437819719314575 -1.4196799993515015
v 0.892067015171051 -0.9560610055923462 -1.403059959411621
v 1.0095090866088867 -1.0958393812179565 -1.579193353652954
v 0.9902012348175049 -1.1120396852493286 -1.5791833400726318
v 0.9902012348175049 -1.1120396852493286 -1.5791833400726318
v 0.8751789927482605 -0.9702510237693787 -1.403059959411621
v 0.892067015171051 -0.9560610055923462 -1.403059959411621
v -0.4452030062675476 -1.213729977607727 -1.452679991722107
v -0.45153701305389404 -1.2286800146102905 -1.4362499713897705
v -0.47169598937034607 -1.2197200059890747 -1.4362499713897705
v -0.47169598937034607 -1.2197200059890747 -1.4362499713897705
v -0.4651060104370117 -1.2048900127410889 -1.452679991722107
v -0.4452030062675476 -1.213729977607727 -1.452679991722107
v -0.45969057083129883 -1.2479451894760132 -1.490277647972107
v -0.46619904041290283 -1.2633070945739746 -1.473400354385376
v -0.48695945739746094 -1.2540831565856934 -1.4734032154083252
v -0.48695945739746094 -1.2540831565856934 -1.4734032154083252
v -0.48018795251846313 -1.2388437986373901 -1.4902808666229248
v -0.45969057083129883 -1.2479451894760132 -1.490277647972107
v -0.45969057083129883 -1.2479451894760132 -1.490277647972107
v -0.46619904041290283 -1.2633070945739746 -1.473400354385376
v -0.45153701305389404 -1.2286800146102905 -1.4362499713897705
v -0.45153701305389404 -1.2286800146102905 -1.4362499713897705
v -0.4452030062675476 -1.213729977607727 -1.452679991722107
v -0.45969057083129883 -1.2479451894760132 -1.490277647972107
v -0.48018795251846313 -1.2388437986373901 -1.4902808666229248
v -0.48695945739746094 -1.2540831565856934 -1.4734032154083252
v -0.47169598937034607 -1.2197200059890747 -1.4362499713897705
v -0.47169598937034607 -1.2197200059890747 -1.4362499713897705
v -0.4651060104370117 -1.2048900127410889 -1.452679991722107
v -0.48018795251846313 -1.2388437986373901 -1.4902808666229248
v -0.4452030062675476 -1.213729977607727 -1.452679991722107
v -0.4651060104370117 -1.2048900127410889 -1.452679991722107
v -0.48018795251846313 -1.2388437986373901 -1.4902808666229248
v -0.48018795251846313 -1.2388437986373901 -1.4902808666229248
v -0.45969057083129883 -1.2479451894760132 -1.490277647972107
v -0.4452030062675476 -1.213729977607727 -1.452679991722107
v -0.45153701305389404 -1.2286800146102905 -1.4362499713897705
v -0.46619904041290283 -1.2633070945739746 -1.473400354385376
v -0.48695945739746094 -1.2540831565856934 -1.4734032154083252
v -0.48695945739746094 -1.2540831565856934 -1.4734032154083252
v -0.47169598937034607 -1.2197200059890747 -1.4362499713897705
v -0.45153701305389404 -1.2286800146102905 -1.4362499713897705
v 1.0458699464797974 0.7602670192718506 -1.554710030555725
v 1.0600299835205078 0.7694829702377319 -1.5387400388717651
v 1.0717400312423706 0.7507690191268921 -1.5387400388717651
v 1.0717400312423706 0.7507690191268921 -1.5387400388717651
v 1.057420015335083 0.7418059706687927 -1.554710030555725
v 1.0458699464797974 0.7602670192718506 -1.554710030555725
v 1.0682055950164795 0.7747809886932373 -1.5835325717926025
v 1.0826342105865479 0.7841718196868896 -1.567263126373291
v 1.0945897102355957 0.7650691866874695 -1.5672649145126343
v 1.0945897102355957 0.7650691866874695 -1.5672649145126343
v 1.0799977779388428 0.7559363842010498 -1.5835344791412354
v 1.0682055950164795 0.7747809886932373 -1.5835325717926025
v 1.0682055950164795 0.7747809886932373 -1.5835325717926025
v 1.0826342105865479 0.7841718196868896 -1.567263126373291
v 1.0600299835205078 0.7694829702377319 -1.5387400388717651
v 1.0600299835205078 0.7694829702377319 -1.5387400388717651
v 1.0458699464797974 0.7602670192718506 -1.554710030555725
v 1.0682055950164795 0.7747809886932373 -1.5835325717926025
v 1.0799977779388428 0.7559363842010498 -1.5835344791412354
v 1.0945897102355957 0.7650691866874695 -1.5672649145126343
v 1.0717400312423706 0.7507690191268921 -1.5387400388717651
v 1.0717400312423706 0.7507690191268921 -1.5387400388717651
v 1.057420015335083 0.7418059706687927 -1.554710030555725
v 1.0799977779388428 0.7559363842010498 -1.5835344791412354
v 1.0458699464797974 0.7602670192718506 -1.554710030555725
v 1.057420015335083 0.7418059706687927 -1.554710030555725
v 1.0799977779388428 0.7559363842010498 -1.5835344791412354
v 1.0799977779388428 0.7559363842010498 -1.5835344791412354
v 1.0682055950164795 0.7747809886932373 -1.5835325717926025
v 1.0458699464797974 0.7602670192718506 -1.554710030555725
v 1.0600299835205078 0.7694829702377319 -1.5387400388717651
v 1.0826342105865479 0.7841718196868896 -1.567263126373291
v 1.0945897102355957 0.7650691866874695 -1.5672649145126343
v 1.0945897102355957 0.7650691866874695 -1.5672649145126343
v 1.0717400312423706 0.7507690191268921 -1.5387400388717651
v 1.0600299835205078 0.7694829702377319 -1.5387400388717651
v 1.106160044670105 0.6666510105133057 -1.733929991722107
v 1.121940016746521 0.6750509738922119 -1.718790054321289
v 1.1323200464248657 0.655551016330719 -1.718790054321289
v 1.1323200464248657 0.655551016330719 -1.718790054321289
v 1.1164000034332275 0.6474289894104004 -1.733929991722107
v 1.106160044670105 0.6666510105133057 -1.733929991722107
v 1.1256439685821533 0.6770270466804504 -1.7605496644973755
v 1.1416683197021484 0.6855571866035461 -1.7451776266098022
v 1.1522260904312134 0.665720522403717 -1.745176076889038
v 1.1522260904312134 0.665720522403717 -1.745176076889038
v 1.1360599994659424 0.6574724912643433 -1.7605477571487427
v 1.1256439685821533 0.6770270466804504 -1.7605496644973755
v 1.1256439685821533 0.6770270466804504 -1.7605496644973755
v 1.1416683197021484 0.6855571866035461 -1.7451776266098022
v 1.121940016746521 0.6750509738922119 -1.718790054321289
v 1.121940016746521 0.6750509738922119 -1.718790054321289
v 1.106160044670105 0.6666510105133057 -1.733929991722107
v 1.1256439685821533 0.6770270466804504 -1.7605496644973755
v 1.1360599994659424 0.6574724912643433 -1.7605477571487427
v 1.1522260904312134 0.665720522403717 -1.745176076889038
v 1.1323200464248657 0.655551016330719 -1.718790054321289
v 1.1323200464248657 0.655551016330719 -1.718790054321289
v 1.1164000034332275 0.6474289894104004 -1.733929991722107
v 1.1360599994659424 0.6574724912643433 -1.7605477571487427
v 1.106160044670105 0.6666510105133057 -1.733929991722107
v 1.1164000034332275 0.6474289894104004 -1.733929991722107
v 1.1360599994659424 0.6574724912643433 -1.7605477571487427
v 1.1360599994659424 0.6574724912643433 -1.7605477571487427
v 1.1256439685821533 0.6770270466804504 -1.7605496644973755
v 1.106160044670105 0.6666510105133057 -1.733929991722107
v 1.121940016746521 0.6750509738922119 -1.718790054321289
v 1.1416683197021484 0.6855571866035461 -1.7451776266098022
v 1.1522260904312134 0.665720522403717 -1.745176076889038
v 1.1522260904312134 0.665720522403717 -1.745176076889038
v 1.1323200464248657 0.655551016330719 -1.718790054321289
v 1.121940016746521 0.6750509738922119 -1.718790054321289
v 1.0957200527191162 0.686260998249054 -1.8985199928283691
v 1.1120400428771973 0.6953269839286804 -1.8839800357818604
v 1.1224299669265747 0.6758130192756653 -1.8839800357818604
v 1.1224299669265747 0.6758130192756653 -1.8839800357818604
v 1.1059499979019165 0.6670389771461487 -1.8985199928283691
v 1.0957200527191162 0.686260998249054 -1.8985199928283691
v 1.120907187461853 0.7002222537994385 -1.9362410306930542
v 1.1375480890274048 0.7094666957855225 -1.9214178323745728
v 1.1481703519821167 0.6895206570625305 -1.9214195013046265
v 1.1481703519821167 0.6895206570625305 -1.9214195013046265
v 1.1313670873641968 0.6805738806724548 -1.9362422227859497
v 1.120907187461853 0.7002222537994385 -1.9362410306930542
v 1.120907187461853 0.7002222537994385 -1.9362410306930542
v 1.1375480890274048 0.7094666957855225 -1.9214178323745728
v 1.1120400428771973 0.6953269839286804 -1.8839800357818604
v 1.1120400428771973 0.6953269839286804 -1.8839800357818604
v 1.0957200527191162 0.686260998249054 -1.8985199928283691
v 1.120907187461853 0.7002222537994385 -1.9362410306930542
v 1.1313670873641968 0.6805738806724548 -1.9362422227859497
v 1.1481703519821167 0.6895206570625305 -1.9214195013046265
v 1.1224299669265747 0.6758130192756653 -1.8839800357818604
v 1.1224299669265747 0.6758130192756653 -1.8839800357818604
v 1.1059499979019165 0.6670389771461487 -1.8985199928283691
v 1.1313670873641968 0.6805738806724548 -1.9362422227859497
v 1.0957200527191162 0.686260998249054 -1.8985199928283691
v 1.1059499979019165 0.6670389771461487 -1.8985199928283691
v 1.1313670873641968 0.6805738806724548 -1.9362422227859497
v 1.1313670873641968 0.6805738806724548 -1.9362422227859497
v 1.120907187461853 0.7002222537994385 -1.9362410306930542
v 1.0957200527191162 0.686260998249054 -1.8985199928283691
v 1.1120400428771973 0.6953269839286804 -1.8839800357818604
v 1.1375480890274048 0.7094666957855225 -1.9214178323745728
v 1.1481703519821167 0.6895206570625305 -1.9214195013046265
v 1.1481703519821167 0.6895206570625305 -1.9214195013046265
v 1.1224299669265747 0.6758130192756653 -1.8839800357818604
v 1.1120400428771973 0.6953269839286804 -1.8839800357818604
v 1.0825599431991577 0.7044659852981567 -1.8985199928283691
v 1.0987199544906616 0.7138100266456604 -1.8839800357818604
v 1.1097899675369263 0.6946709752082825 -1.8839800357818604
v 1.1097899675369263 0.6946709752082825 -1.8839800357818604
v 1.093459963798523 0.6856129765510559 -1.8985199928283691
v 1.0825599431991577 0.7044659852981567 -1.8985199928283691
v 1.1522732973098755 0.7447764873504639 -2.0040132999420166
v 1.1693241596221924 0.7546341419219971 -1.9886802434921265
v 1.18107271194458 0.7343075275421143 -1.9886767864227295
v 1.18107271194458 0.7343075275421143 -1.9886767864227295
v 1.1638494729995728 0.7247501015663147 -2.0040061473846436
v 1.1522732973098755 0.7447764873504639 -2.0040132999420166
v 1.1522732973098755 0.7447764873504639 -2.0040132999420166
v 1.1693241596221924 0.7546341419219971 -1.9886802434921265
v 1.0987199544906616 0.7138100266456604 -1.8839800357818604
v 1.0987199544906616 0.7138100266456604 -1.8839800357818604
v 1.0825599431991577 0.7044659852981567 -1.8985199928283691
v 1.1522732973098755 0.7447764873504639 -2.0040132999420166
v 1.1638494729995728 0.7247501015663147 -2.0040061473846436
v 1.18107271194458 0.7343075275421143 -1.9886767864227295
v 1.1097899675369263 0.6946709752082825 -1.8839800357818604
v 1.1097899675369263 0.6946709752082825 -1.8839800357818604
v 1.093459963798523 0.6856129765510559 -1.8985199928283691
v 1.1638494729995728 0.7247501015663147 -2.0040061473846436
v 1.0825599431991577 0.7044659852981567 -1.8985199928283691
v 1.093459963798523 0.6856129765510559 -1.8985199928283691
v 1.1638494729995728 0.7247501015663147 -2.0040061473846436
v 1.1638494729995728 0.7247501015663147 -2.0040061473846436
v 1.1522732973098755 0.7447764873504639 -2.0040132999420166
v 1.0825599431991577 0.7044659852981567 -1.8985199928283691
v 1.0987199544906616 0.7138100266456604 -1.8839800357818604
v 1.1693241596221924 0.7546341419219971 -1.9886802434921265
v 1.18107271194458 0.7343075275421143 -1.9886767864227295
v 1.18107271194458 0.7343075275421143 -1.9886767864227295
v 1.1097899675369263 0.6946709752082825 -1.8839800357818604
v 1.0987199544906616 0.7138100266456604 -1.8839800357818604
v 1.2674599885940552 0.24811400473117828 -2.5097999572753906
v 1.288100004196167 0.25102800130844116 -2.4974300861358643
v 1.291200041770935 0.22910000383853912 -2.4974300861358643
v 1.291200041770935 0.22910000383853912 -2.4974300861358643
v 1.2704999446868896 0.22654999792575836 -2.5097999572753906
v 1.2674599885940552 0.24811400473117828 -2.5097999572753906
v 1.2850381135940552 0.25059571862220764 -2.5402486324310303
v 1.3059126138687134 0.25354281067848206 -2.5277392864227295
v 1.3090522289276123 0.23131996393203735 -2.5277390480041504
v 1.3090522289276123 0.23131996393203735 -2.5277390480041504
v 1.2881187200546265 0.22874093055725098 -2.5402474403381348
v 1.2850381135940552 0.25059571862220764 -2.5402486324310303
v 1.2850381135940552 0.25059571862220764 -2.5402486324310303
v 1.3059126138687134 0.25354281067848206 -2.5277392864227295
v 1.288100004196167 0.25102800130844116 -2.4974300861358643
v 1.288100004196167 0.25102800130844116 -2.4974300861358643
v 1.2674599885940552 0.24811400473117828 -2.5097999572753906
v 1.2850381135940552 0.25059571862220764 -2.5402486324310303
v 1.2881187200546265 0.22874093055725098 -2.5402474403381348
v 1.3090522289276123 0.23131996393203735 -2.5277390480041504
v 1.291200041770935 0.22910000383853912 -2.4974300861358643
v 1.291200041770935 0.22910000383853912 -2.4974300861358643
v 1.2704999446868896 0.22654999792575836 -2.5097999572753906
v 1.2881187200546265 0.22874093055725098 -2.5402474403381348
v 1.2674599885940552 0.24811400473117828 -2.5097999572753906
v 1.2704999446868896 0.22654999792575836 -2.5097999572753906
v 1.2881187200546265 0.22874093055725098 -2.5402474403381348
v 1.2881187200546265 0.22874093055725098 -2.5402474403381348
v 1.2850381135940552 0.25059571862220764 -2.5402486324310303
v 1.2674599885940552 0.24811400473117828 -2.5097999572753906
v 1.288100004196167 0.25102800130844116 -2.4974300861358643
v 1.3059126138687134 0.25354281067848206 -2.5277392864227295
v 1.3090522289276123 0.23131996393203735 -2.5277390480041504
v 1.3090522289276123 0.23131996393203735 -2.5277390480041504
v 1.291200041770935 0.22910000383853912 -2.4974300861358643
v 1.288100004196167 0.25102800130844116 -2.4974300861358643
v 1.2867900133132935 -0.11187700182199478 -2.709350109100342
v 1.3078099489212036 -0.11481600254774094 -2.697629928588867
v 1.3047399520874023 -0.13674800097942352 -2.697629928588867
v 1.3047399520874023 -0.13674800097942352 -2.697629928588867
v 1.2837799787521362 -0.13344499468803406 -2.709350109100342
v 1.2867900133132935 -0.11187700182199478 -2.709350109100342
v 1.3121073246002197 -0.11541727185249329 -2.756503105163574
v 1.3334901332855225 -0.11840706318616867 -2.7445826530456543
v 1.330356240272522 -0.14078760147094727 -2.7445812225341797
v 1.330356240272522 -0.14078760147094727 -2.7445812225341797
v 1.309033751487732 -0.13742753863334656 -2.7565019130706787
v 1.3121073246002197 -0.11541727185249329 -2.756503105163574
v 1.3121073246002197 -0.11541727185249329 -2.756503105163574
v 1.3334901332855225 -0.11840706318616867 -2.7445826530456543
v 1.3078099489212036 -0.11481600254774094 -2.697629928588867
v 1.3078099489212036 -0.11481600254774094 -2.697629928588867
v 1.2867900133132935 -0.11187700182199478 -2.709350109100342
v 1.3121073246002197 -0.11541727185249329 -2.756503105163574
v 1.309033751487732 -0.13742753863334656 -2.7565019130706787
v 1.330356240272522 -0.14078760147094727 -2.7445812225341797
v 1.3047399520874023 -0.13674800097942352 -2.697629928588867
v 1.3047399520874023 -0.13674800097942352 -2.697629928588867
v 1.2837799787521362 -0.13344499468803406 -2.709350109100342
v 1.309033751487732 -0.13742753863334656 -2.7565019130706787
v 1.2867900133132935 -0.11187700182199478 -2.709350109100342
v 1.2837799787521362 -0.13344499468803406 -2.709350109100342
v 1.309033751487732 -0.13742753863334656 -2.7565019130706787
v 1.309033751487732 -0.13742753863334656 -2.7565019130706787
v 1.3121073246002197 -0.11541727185249329 -2.756503105163574
v 1.2867900133132935 -0.11187700182199478 -2.709350109100342
v 1.3078099489212036 -0.11481600254774094 -2.697629928588867
v 1.3334901332855225 -0.11840706318616867 -2.7445826530456543
v 1.330356240272522 -0.14078760147094727 -2.7445812225341797
v 1.330356240272522 -0.14078760147094727 -2.7445812225341797
v 1.3047399520874023 -0.13674800097942352 -2.697629928588867
v 1.3078099489212036 -0.11481600254774094 -2.697629928588867
v 1.289870023727417 -0.08986660093069077 -2.709350109100342
v 1.3109400272369385 -0.09244100004434586 -2.697629928588867
v 1.3078700304031372 -0.11437299847602844 -2.697629928588867
v 1.3078700304031372 -0.11437299847602844 -2.697629928588867
v 1.2868599891662598 -0.11143500357866287 -2.709350109100342
v 1.289870023727417 -0.08986660093069077 -2.709350109100342
v 1.3094003200531006 -0.09225057810544968 -2.745637893676758
v 1.3307510614395142 -0.09485927224159241 -2.7337632179260254
v 1.327633261680603 -0.11713666468858719 -2.7337646484375
v 1.327633261680603 -0.11713666468858719 -2.7337646484375
v 1.3063427209854126 -0.11415945738554001 -2.7456395626068115
v 1.3094003200531006 -0.09225057810544968 -2.745637893676758
v 1.3094003200531006 -0.09225057810544968 -2.745637893676758
v 1.3307510614395142 -0.09485927224159241 -2.7337632179260254
v 1.3109400272369385 -0.09244100004434586 -2.697629928588867
v 1.3109400272369385 -0.09244100004434586 -2.697629928588867
v 1.289870023727417 -0.08986660093069077 -2.709350109100342
v 1.3094003200531006 -0.09225057810544968 -2.745637893676758
v 1.3063427209854126 -0.11415945738554001 -2.7456395626068115
v 1.327633261680603 -0.11713666468858719 -2.7337646484375
v 1.3078700304031372 -0.11437299847602844 -2.697629928588867
v 1.3078700304031372 -0.11437299847602844 -2.697629928588867
v 1.2868599891662598 -0.11143500357866287 -2.709350109100342
v 1.3063427209854126 -0.11415945738554001 -2.7456395626068115
v 1.289870023727417 -0.08986660093069077 -2.709350109100342
v 1.2868599891662598 -0.11143500357866287 -2.709350109100342
v 1.3063427209854126 -0.11415945738554001 -2.7456395626068115
v 1.3063427209854126 -0.11415945738554001 -2.7456395626068115
v 1.3094003200531006 -0.09225057810544968 -2.745637893676758
v 1.289870023727417 -0.08986660093069077 -2.709350109100342
v 1.3109400272369385 -0.09244100004434586 -2.697629928588867
v 1.3307510614395142 -0.09485927224159241 -2.7337632179260254
v 1.327633261680603 -0.11713666468858719 -2.7337646484375
v 1.327633261680603 -0.11713666468858719 -2.7337646484375
v 1.3078700304031372 -0.11437299847602844 -2.697629928588867
v 1.3109400272369385 -0.09244100004434586 -2.697629928588867
v -1.2427400350570679 0.3569740056991577 0.026931900531053543
v -1.2427400350570679 0.3569850027561188 0.00338402995839715
v -1.247290015220642 0.33567601442337036 0.0033840499818325043
v -1.247290015220642 0.33567601442337036 0.0033840499818325043
v -1.247290015220642 0.33567699790000916 0.026931999251246452
v -1.2427400350570679 0.3569740056991577 0.026931900531053543
v -1.2907272577285767 0.36809802055358887 0.027338774874806404
v -1.2907288074493408 0.3681098520755768 0.00338402995839715
v -1.2954655885696411 0.3459620177745819 0.0033840499818325043
v -1.2954655885696411 0.3459620177745819 0.0033840499818325043
v -1.2954639196395874 0.3459624648094177 0.027338949963450432
v -1.2907272577285767 0.36809802055358887 0.027338774874806404
v -1.2907272577285767 0.36809802055358887 0.027338774874806404
v -1.2907288074493408 0.3681098520755768 0.00338402995839715
v -1.2427400350570679 0.3569850027561188 0.00338402995839715
v -1.2427400350570679 0.3569850027561188 0.00338402995839715
v -1.2427400350570679 0.3569740056991577 0.026931900531053543
v -1.2907272577285767 0.36809802055358887 0.027338774874806404
v -1.2954639196395874 0.3459624648094177 0.027338949963450432
v -1.2954655885696411 0.3459620177745819 0.0033840499818325043
v -1.247290015220642 0.33567601442337036 0.0033840499818325043
v -1.247290015220642 0.33567601442337036 0.0033840499818325043
v -1.247290015220642 0.33567699790000916 0.026931999251246452
v -1.2954639196395874 0.3459624648094177 0.027338949963450432
v -1.2427400350570679 0.3569740056991577 0.026931900531053543
v -1.247290015220642 0.33567699790000916 0.026931999251246452
v -1.2954639196395874 0.3459624648094177 0.027338949963450432
v -1.2954639196395874 0.3459624648094177 0.027338949963450432
v -1.2907272577285767 0.36809802055358887 0.027338774874806404
v -1.2427400350570679 0.3569740056991577 0.026931900531053543
v -1.2427400350570679 0.3569850027561188 0.00338402995839715
v -1.2907288074493408 0.3681098520755768 0.00338402995839715
v -1.2954655885696411 0.3459620177745819 0.0033840499818325043
v -1.2954655885696411 0.3459620177745819 0.0033840499818325043
v -1.247290015220642 0.33567601442337036 0.0033840499818325043
v -1.2427400350570679 0.3569850027561188 0.00338402995839715
v -0.3545120060443878 -1.243399977684021 0.19063399732112885
v -0.3549030125141144 -1.2450400590896606 0.16852200031280518
v -0.33356600999832153 -1.2496000528335571 0.16852200031280518
v -0.33356600999832153 -1.2496000528335571 0.16852200031280518
v -0.33321499824523926 -1.2479499578475952 0.19063399732112885
v -0.3545120060443878 -1.243399977684021 0.19063399732112885
v -0.3958897888660431 -1.4218311309814453 0.20778465270996094
v -0.3963441252708435 -1.4237347841262817 0.1824767291545868
v -0.37189212441444397 -1.4289884567260742 0.18247905373573303
v -0.37189212441444397 -1.4289884567260742 0.18247905373573303
v -0.37148287892341614 -1.42707359790802 0.2077874094247818
v -0.3958897888660431 -1.4218311309814453 0.20778465270996094
v -0.3958897888660431 -1.4218311309814453 0.20778465270996094
v -0.3963441252708435 -1.4237347841262817 0.1824767291545868
v -0.3549030125141144 -1.2450400590896606 0.16852200031280518
v -0.3549030125141144 -1.2450400590896606 0.16852200031280518
v -0.3545120060443878 -1.243399977684021 0.19063399732112885
v -0.3958897888660431 -1.4218311309814453 0.20778465270996094
v -0.37148287892341614 -1.42707359790802 0.2077874094247818
v -0.37189212441444397 -1.4289884567260742 0.18247905373573303
v -0.33356600999832153 -1.2496000528335571 0.16852200031280518
v -0.33356600999832153 -1.2496000528335571 0.16852200031280518
v -0.33321499824523926 -1.2479499578475952 0.19063399732112885
v -0.37148287892341614 -1.42707359790802 0.2077874094247818
v -0.3545120060443878 -1.243399977684021 0.19063399732112885
v -0.33321499824523926 -1.2479499578475952 0.19063399732112885
v -0.37148287892341614 -1.42707359790802 0.2077874094247818
v -0.37148287892341614 -1.42707359790802 0.2077874094247818
v -0.3958897888660431 -1.4218311309814453 0.20778465270996094
v -0.3545120060443878 -1.243399977684021 0.19063399732112885
v -0.3549030125141144 -1.2450400590896606 0.16852200031280518
v -0.3963441252708435 -1.4237347841262817 0.1824767291545868
v -0.37189212441444397 -1.4289884567260742 0.18247905373573303
v -0.37189212441444397 -1.4289884567260742 0.18247905373573303
v -0.33356600999832153 -1.2496000528335571 0.16852200031280518
v -0.3549030125141144 -1.2450400590896606 0.16852200031280518
v -0.33280500769615173 -1.248039960861206 0.19063399732112885
v -0.3331570029258728 -1.2496800422668457 0.16852200031280518
v -0.31182101368904114 -1.2542400360107422 0.16852200031280518
v -0.31182101368904114 -1.2542400360107422 0.16852200031280518
v -0.3115079998970032 -1.2525899410247803 0.19063399732112885
v -0.33280500769615173 -1.248039960861206 0.19063399732112885
v -0.3393716514110565 -1.2787762880325317 0.19357740879058838
v -0.33973321318626404 -1.2804619073867798 0.1709168404340744
v -0.31786060333251953 -1.2851316928863525 0.17091651260852814
v -0.31786060333251953 -1.2851316928863525 0.17091651260852814
v -0.3175390064716339 -1.2834359407424927 0.19357699155807495
v -0.3393716514110565 -1.2787762880325317 0.19357740879058838
v -0.3393716514110565 -1.2787762880325317 0.19357740879058838
v -0.33973321318626404 -1.2804619073867798 0.1709168404340744
v -0.3331570029258728 -1.2496800422668457 0.16852200031280518
v -0.3331570029258728 -1.2496800422668457 0.16852200031280518
v -0.33280500769615173 -1.248039960861206 0.19063399732112885
v -0.3393716514110565 -1.2787762880325317 0.19357740879058838
v -0.3175390064716339 -1.2834359407424927 0.19357699155807495
v -0.31786060333251953 -1.2851316928863525 0.17091651260852814
v -0.31182101368904114 -1.2542400360107422 0.16852200031280518
v -0.31182101368904114 -1.2542400360107422 0.16852200031280518
v -0.3115079998970032 -1.2525899410247803 0.19063399732112885
v -0.3175390064716339 -1.2834359407424927 0.19357699155807495
v -0.33280500769615173 -1.248039960861206 0.19063399732112885
v -0.3115079998970032 -1.2525899410247803 0.19063399732112885
v -0.3175390064716339 -1.2834359407424927 0.19357699155807495
v -0.3175390064716339 -1.2834359407424927 0.19357699155807495
v -0.3393716514110565 -1.2787762880325317 0.19357740879058838
v -0.33280500769615173 -1.248039960861206 0.19063399732112885
v -0.3331570029258728 -1.2496800422668457 0.16852200031280518
v -0.33973321318626404 -1.2804619073867798 0.1709168404340744
v -0.31786060333251953 -1.2851316928863525 0.17091651260852814
v -0.31786060333251953 -1.2851316928863525 0.17091651260852814
v -0.31182101368904114 -1.2542400360107422 0.16852200031280518
v -0.3331570029258728 -1.2496800422668457 0.16852200031280518
v -0.3545120060443878 -1.243399977684021 0.21329300105571747
v -0.35498300194740295 -1.2454099655151367 0.191212996840477
v -0.3336470127105713 -1.2499699592590332 0.19121399521827698
v -0.3336470127105713 -1.2499699592590332 0.19121399521827698
v -0.33321499824523926 -1.2479499578475952 0.21329300105571747
v -0.3545120060443878 -1.243399977684021 0.21329300105571747
v -0.3627896308898926 -1.2790898084640503 0.21736764907836914
v -0.3632756471633911 -1.2811634540557861 0.19464844465255737
v -0.34131500124931335 -1.2858625650405884 0.19464972615242004
v -0.34131500124931335 -1.2858625650405884 0.19464972615242004
v -0.3408694565296173 -1.2837785482406616 0.21736830472946167
v -0.3627896308898926 -1.2790898084640503 0.21736764907836914
v -0.3627896308898926 -1.2790898084640503 0.21736764907836914
v -0.3632756471633911 -1.2811634540557861 0.19464844465255737
v -0.35498300194740295 -1.2454099655151367 0.191212996840477
v -0.35498300194740295 -1.2454099655151367 0.191212996840477
v -0.3545120060443878 -1.243399977684021 0.21329300105571747
v -0.3627896308898926 -1.2790898084640503 0.21736764907836914
v -0.3408694565296173 -1.2837785482406616 0.21736830472946167
v -0.34131500124931335 -1.2858625650405884 0.19464972615242004
v -0.3336470127105713 -1.2499699592590332 0.19121399521827698
v -0.3336470127105713 -1.2499699592590332 0.19121399521827698
v -0.33321499824523926 -1.2479499578475952 0.21329300105571747
v -0.3408694565296173 -1.2837785482406616 0.21736830472946167
v -0.3545120060443878 -1.243399977684021 0.21329300105571747
v -0.33321499824523926 -1.2479499578475952 0.21329300105571747
v -0.3408694565296173 -1.2837785482406616 0.21736830472946167
v -0.3408694565296173 -1.2837785482406616 0.21736830472946167
v -0.3627896308898926 -1.2790898084640503 0.21736764907836914
v -0.3545120060443878 -1.243399977684021 0.21329300105571747
v -0.35498300194740295 -1.2454099655151367 0.191212996840477
v -0.3632756471633911 -1.2811634540557861 0.19464844465255737
v -0.34131500124931335 -1.2858625650405884 0.19464972615242004
v -0.34131500124931335 -1.2858625650405884 0.19464972615242004
v -0.3336470127105713 -1.2499699592590332 0.19121399521827698
v -0.35498300194740295 -1.2454099655151367 0.191212996840477
v 1.293030023574829 0.0004193669883534312 0.44487398862838745
v 1.2988799810409546 0.0007165499846450984 0.42323100566864014
v 1.2973699569702148 0.022548099979758263 0.42323100566864014
v 1.2973699569702148 0.022548099979758263 0.42323100566864014
v 1.2915400266647339 0.022145599126815796 0.44487398862838745
v 1.293030023574829 0.0004193669883534312 0.44487398862838745
v 1.3351562023162842 0.0025897391606122255 0.45703786611557007
v 1.3412039279937744 0.0028970306739211082 0.43468615412712097
v 1.3396492004394531 0.02546365186572075 0.4346874952316284
v 1.3396492004394531 0.02546365186572075 0.4346874952316284
v 1.3336215019226074 0.025047585368156433 0.45703986287117004
v 1.3351562023162842 0.0025897391606122255 0.45703786611557007
v 1.3351562023162842 0.0025897391606122255 0.45703786611557007
v 1.3412039279937744 0.0028970306739211082 0.43468615412712097
v 1.2988799810409546 0.0007165499846450984 0.42323100566864014
v 1.2988799810409546 0.0007165499846450984 0.42323100566864014
v 1.293030023574829 0.0004193669883534312 0.44487398862838745
v 1.3351562023162842 0.0025897391606122255 0.45703786611557007
v 1.3336215019226074 0.025047585368156433 0.45703986287117004
v 1.3396492004394531 0.02546365186572075 0.4346874952316284
v 1.2973699569702148 0.022548099979758263 0.42323100566864014
v 1.2973699569702148 0.022548099979758263 0.42323100566864014
v 1.2915400266647339 0.022145599126815796 0.44487398862838745
v 1.3336215019226074 0.025047585368156433 0.45703986287117004
v 1.293030023574829 0.0004193669883534312 0.44487398862838745
v 1.2915400266647339 0.022145599126815796 0.44487398862838745
v 1.3336215019226074 0.025047585368156433 0.45703986287117004
v 1.3336215019226074 0.025047585368156433 0.45703986287117004
v 1.3351562023162842 0.0025897391606122255 0.45703786611557007
v 1.293030023574829 0.0004193669883534312 0.44487398862838745
v 1.2988799810409546 0.0007165499846450984 0.42323100566864014
v 1.3412039279937744 0.0028970306739211082 0.43468615412712097
v 1.3396492004394531 0.02546365186572075 0.4346874952316284
v 1.3396492004394531 0.02546365186572075 0.4346874952316284
v 1.2973699569702148 0.022548099979758263 0.42323100566864014
v 1.2988799810409546 0.0007165499846450984 0.42323100566864014
v 1.292240023612976 0.04503510147333145 0.44487398862838745
v 1.298069953918457 0.04553620144724846 0.42323100566864014
v 1.295799970626831 0.06730180233716965 0.42323100566864014
v 1.295799970626831 0.06730180233716965 0.42323100566864014
v 1.2899800539016724 0.0666956976056099 0.44487398862838745
v 1.292240023612976 0.04503510147333145 0.44487398862838745
v 1.3207733631134033 0.04750683158636093 0.4531331956386566
v 1.326737403869629 0.048019371926784515 0.43100854754447937
v 1.324419617652893 0.07028274983167648 0.4310096502304077
v 1.324419617652893 0.07028274983167648 0.4310096502304077
v 1.3184659481048584 0.0696626827120781 0.45313405990600586
v 1.3207733631134033 0.04750683158636093 0.4531331956386566
v 1.3207733631134033 0.04750683158636093 0.4531331956386566
v 1.326737403869629 0.048019371926784515 0.43100854754447937
v 1.298069953918457 0.04553620144724846 0.42323100566864014
v 1.298069953918457 0.04553620144724846 0.42323100566864014
v 1.292240023612976 0.04503510147333145 0.44487398862838745
v 1.3207733631134033 0.04750683158636093 0.4531331956386566
v 1.3184659481048584 0.0696626827120781 0.45313405990600586
v 1.324419617652893 0.07028274983167648 0.4310096502304077
v 1.295799970626831 0.06730180233716965 0.42323100566864014
v 1.295799970626831 0.06730180233716965 0.42323100566864014
v 1.2899800539016724 0.0666956976056099 0.44487398862838745
v 1.3184659481048584 0.0696626827120781 0.45313405990600586
v 1.292240023612976 0.04503510147333145 0.44487398862838745
v 1.2899800539016724 0.0666956976056099 0.44487398862838745
v 1.3184659481048584 0.0696626827120781 0.45313405990600586
v 1.3184659481048584 0.0696626827120781 0.45313405990600586
v 1.3207733631134033 0.04750683158636093 0.4531331956386566
v 1.292240023612976 0.04503510147333145 0.44487398862838745
v 1.298069953918457 0.04553620144724846 0.42323100566864014
v 1.326737403869629 0.048019371926784515 0.43100854754447937
v 1.324419617652893 0.07028274983167648 0.4310096502304077
v 1.324419617652893 0.07028274983167648 0.4310096502304077
v 1.295799970626831 0.06730180233716965 0.42323100566864014
v 1.298069953918457 0.04553620144724846 0.42323100566864014
v 1.291509985923767 0.02256540022790432 0.46860599517822266
v 1.2977099418640137 0.022992800921201706 0.44706499576568604
v 1.2962000370025635 0.04482429847121239 0.44706499576568604
v 1.2962000370025635 0.04482429847121239 0.44706499576568604
v 1.2900099754333496 0.044291600584983826 0.46860599517822266
v 1.291509985923767 0.02256540022790432 0.46860599517822266
v 1.4276663064956665 0.03195503354072571 0.5104576349258423
v 1.4345479011535645 0.032429322600364685 0.4866199493408203
v 1.4328536987304688 0.05664887651801109 0.4866151213645935
v 1.4328536987304688 0.05664887651801109 0.4866151213645935
v 1.4259835481643677 0.05605727806687355 0.5104510188102722
v 1.4276663064956665 0.03195503354072571 0.5104576349258423
v 1.4276663064956665 0.03195503354072571 0.5104576349258423
v 1.4345479011535645 0.032429322600364685 0.4866199493408203
v 1.2977099418640137 0.022992800921201706 0.44706499576568604
v 1.2977099418640137 0.022992800921201706 0.44706499576568604
v 1.291509985923767 0.02256540022790432 0.46860599517822266
v 1.4276663064956665 0.03195503354072571 0.5104576349258423
v 1.4259835481643677 0.05605727806687355 0.5104510188102722
v 1.4328536987304688 0.05664887651801109 0.4866151213645935
v 1.2962000370025635 0.04482429847121239 0.44706499576568604
v 1.2962000370025635 0.04482429847121239 0.44706499576568604
v 1.2900099754333496 0.044291600584983826 0.46860599517822266
v 1.4259835481643677 0.05605727806687355 0.5104510188102722
v 1.291509985923767 0.02256540022790432 0.46860599517822266
v 1.2900099754333496 0.044291600584983826 0.46860599517822266
v 1.4259835481643677 0.05605727806687355 0.5104510188102722
v 1.4259835481643677 0.05605727806687355 0.5104510188102722
v 1.4276663064956665 0.03195503354072571 0.5104576349258423
v 1.291509985923767 0.02256540022790432 0.46860599517822266
v 1.2977099418640137 0.022992800921201706 0.44706499576568604
v 1.4345479011535645 0.032429322600364685 0.4866199493408203
v 1.4328536987304688 0.05664887651801109 0.4866151213645935
v 1.4328536987304688 0.05664887651801109 0.4866151213645935
v 1.2962000370025635 0.04482429847121239 0.44706499576568604
v 1.2977099418640137 0.022992800921201706 0.44706499576568604
v -1.2759300470352173 -0.20005600154399872 0.8779309988021851
v -1.2871299982070923 -0.2024269998073578 0.8584139943122864
v -1.282580018043518 -0.2239450067281723 0.8584139943122864
v -1.282580018043518 -0.2239450067281723 0.8584139943122864
v -1.2714200019836426 -0.22136199474334717 0.8779309988021851
v -1.2759300470352173 -0.20005600154399872 0.8779309988021851
v -1.337221622467041 -0.21302928030490875 0.9158935546875
v -1.3489409685134888 -0.2155102789402008 0.8954862952232361
v -1.344164252281189 -0.23806847631931305 0.895482063293457
v -1.344164252281189 -0.23806847631931305 0.895482063293457
v -1.3324865102767944 -0.23536618053913116 0.9158901572227478
v -1.337221622467041 -0.21302928030490875 0.9158935546875
v -1.337221622467041 -0.21302928030490875 0.9158935546875
v -1.3489409685134888 -0.2155102789402008 0.8954862952232361
v -1.2871299982070923 -0.2024269998073578 0.8584139943122864
v -1.2871299982070923 -0.2024269998073578 0.8584139943122864
v -1.2759300470352173 -0.20005600154399872 0.8779309988021851
v -1.337221622467041 -0.21302928030490875 0.9158935546875
v -1.3324865102767944 -0.23536618053913116 0.9158901572227478
v -1.344164252281189 -0.23806847631931305 0.895482063293457
v -1.282580018043518 -0.2239450067281723 0.8584139943122864
v -1.282580018043518 -0.2239450067281723 0.8584139943122864
v -1.2714200019836426 -0.22136199474334717 0.8779309988021851
v -1.3324865102767944 -0.23536618053913116 0.9158901572227478
v -1.2759300470352173 -0.20005600154399872 0.8779309988021851
v -1.2714200019836426 -0.22136199474334717 0.8779309988021851
v -1.3324865102767944 -0.23536618053913116 0.9158901572227478
v -1.3324865102767944 -0.23536618053913116 0.9158901572227478
v -1.337221622467041 -0.21302928030490875 0.9158935546875
v -1.2759300470352173 -0.20005600154399872 0.8779309988021851
v -1.2871299982070923 -0.2024269998073578 0.8584139943122864
v -1.3489409685134888 -0.2155102789402008 0.8954862952232361
v -1.344164252281189 -0.23806847631931305 0.895482063293457
v -1.344164252281189 -0.23806847631931305 0.895482063293457
v -1.282580018043518 -0.2239450067281723 0.8584139943122864
v -1.2871299982070923 -0.2024269998073578 0.8584139943122864
v 0.9450089931488037 0.8805729746818542 0.9048370122909546
v 0.9531630277633667 0.8889999985694885 0.8854849934577942
v 0.9373559951782227 0.9042930006980896 0.8854849934577942
v 0.9373559951782227 0.9042930006980896 0.8854849934577942
v 0.9293580055236816 0.8957160115242004 0.9048370122909546
v 0.9450089931488037 0.8805729746818542 0.9048370122909546
v 0.9740064740180969 0.910544753074646 0.9309201836585999
v 0.9824149012565613 0.9192341566085815 0.9109745621681213
v 0.966090738773346 0.9350214004516602 0.9109717011451721
v 0.966090738773346 0.9350214004516602 0.9109717011451721
v 0.9578433632850647 0.9261775016784668 0.9309171438217163
v 0.9740064740180969 0.910544753074646 0.9309201836585999
v 0.9740064740180969 0.910544753074646 0.9309201836585999
v 0.9824149012565613 0.9192341566085815 0.9109745621681213
v 0.9531630277633667 0.8889999985694885 0.8854849934577942
v 0.9531630277633667 0.8889999985694885 0.8854849934577942
v 0.9450089931488037 0.8805729746818542 0.9048370122909546
v 0.9740064740180969 0.910544753074646 0.9309201836585999
v 0.9578433632850647 0.9261775016784668 0.9309171438217163
v 0.966090738773346 0.9350214004516602 0.9109717011451721
v 0.9373559951782227 0.9042930006980896 0.8854849934577942
v 0.9373559951782227 0.9042930006980896 0.8854849934577942
v 0.9293580055236816 0.8957160115242004 0.9048370122909546
v 0.9578433632850647 0.9261775016784668 0.9309171438217163
v 0.9450089931488037 0.8805729746818542 0.9048370122909546
v 0.9293580055236816 0.8957160115242004 0.9048370122909546
v 0.9578433632850647 0.9261775016784668 0.9309171438217163
v 0.9578433632850647 0.9261775016784668 0.9309171438217163
v 0.9740064740180969 0.910544753074646 0.9309201836585999
v 0.9450089931488037 0.8805729746818542 0.9048370122909546
v 0.9531630277633667 0.8889999985694885 0.8854849934577942
v 0.9824149012565613 0.9192341566085815 0.9109745621681213
v 0.966090738773346 0.9350214004516602 0.9109717011451721
v 0.966090738773346 0.9350214004516602 0.9109717011451721
v 0.9373559951782227 0.9042930006980896 0.8854849934577942
v 0.9531630277633667 0.8889999985694885 0.8854849934577942
v 0.960968017578125 0.8651329874992371 0.9319779872894287
v 0.969465970993042 0.8736050128936768 0.912792980670929
v 0.9536600112915039 0.8888980150222778 0.912792980670929
v 0.9536600112915039 0.8888980150222778 0.912792980670929
v 0.9453169703483582 0.8802750110626221 0.9319779872894287
v 0.960968017578125 0.8651329874992371 0.9319779872894287
v 0.9975648522377014 0.9016856551170349 0.9653478860855103
v 1.0063931941986084 0.9104869365692139 0.9454286694526672
v 0.9899475574493408 0.9264064431190491 0.9454320073127747
v 0.9899475574493408 0.9264064431190491 0.9454320073127747
v 0.9812813401222229 0.9174467921257019 0.9653516411781311
v 0.9975648522377014 0.9016856551170349 0.9653478860855103
v 0.9975648522377014 0.9016856551170349 0.9653478860855103
v 1.0063931941986084 0.9104869365692139 0.9454286694526672
v 0.969465970993042 0.8736050128936768 0.912792980670929
v 0.969465970993042 0.8736050128936768 0.912792980670929
v 0.960968017578125 0.8651329874992371 0.9319779872894287
v 0.9975648522377014 0.9016856551170349 0.9653478860855103
v 0.9812813401222229 0.9174467921257019 0.9653516411781311
v 0.9899475574493408 0.9264064431190491 0.9454320073127747
v 0.9536600112915039 0.8888980150222778 0.912792980670929
v 0.9536600112915039 0.8888980150222778 0.912792980670929
v 0.9453169703483582 0.8802750110626221 0.9319779872894287
v 0.9812813401222229 0.9174467921257019 0.9653516411781311
v 0.960968017578125 0.8651329874992371 0.9319779872894287
v 0.9453169703483582 0.8802750110626221 0.9319779872894287
v 0.9812813401222229 0.9174467921257019 0.9653516411781311
v 0.9812813401222229 0.9174467921257019 0.9653516411781311
v 0.9975648522377014 0.9016856551170349 0.9653478860855103
v 0.960968017578125 0.8651329874992371 0.9319779872894287
v 0.969465970993042 0.8736050128936768 0.912792980670929
v 1.0063931941986084 0.9104869365692139 0.9454286694526672
v 0.9899475574493408 0.9264064431190491 0.9454320073127747
v 0.9899475574493408 0.9264064431190491 0.9454320073127747
v 0.9536600112915039 0.8888980150222778 0.912792980670929
v 0.969465970993042 0.8736050128936768 0.912792980670929
v 0.9450089931488037 0.8805729746818542 0.9319779872894287
v 0.9533519744873047 0.88919597864151 0.912792980670929
v 0.9375450015068054 0.9044889807701111 0.912792980670929
v 0.9375450015068054 0.9044889807701111 0.912792980670929
v 0.9293580055236816 0.8957160115242004 0.9319779872894287
v 0.9450089931488037 0.8805729746818542 0.9319779872894287
v 1.0302175283432007 0.9686447978019714 1.0110496282577515
v 1.0393303632736206 0.9780632257461548 0.9901220798492432
v 1.021992564201355 0.9948177337646484 0.9901155829429626
v 1.021992564201355 0.9948177337646484 0.9901155829429626
v 1.0130482912063599 0.9852399826049805 1.0110403299331665
v 1.0302175283432007 0.9686447978019714 1.0110496282577515
v 1.0302175283432007 0.9686447978019714 1.0110496282577515
v 1.0393303632736206 0.9780632257461548 0.9901220798492432
v 0.9533519744873047 0.88919597864151 0.912792980670929
v 0.9533519744873047 0.88919597864151 0.912792980670929
v 0.9450089931488037 0.8805729746818542 0.9319779872894287
v 1.0302175283432007 0.9686447978019714 1.0110496282577515
v 1.0130482912063599 0.9852399826049805 1.0110403299331665
v 1.021992564201355 0.9948177337646484 0.9901155829429626
v 0.9375450015068054 0.9044889807701111 0.912792980670929
v 0.9375450015068054 0.9044889807701111 0.912792980670929
v 0.9293580055236816 0.8957160115242004 0.9319779872894287
v 1.0130482912063599 0.9852399826049805 1.0110403299331665
v 0.9450089931488037 0.8805729746818542 0.9319779872894287
v 0.9293580055236816 0.8957160115242004 0.9319779872894287
v 1.0130482912063599 0.9852399826049805 1.0110403299331665
v 1.0130482912063599 0.9852399826049805 1.0110403299331665
v 1.0302175283432007 0.9686447978019714 1.0110496282577515
v 0.9450089931488037 0.8805729746818542 0.9319779872894287
v 0.9533519744873047 0.88919597864151 0.912792980670929
v 1.0393303632736206 0.9780632257461548 0.9901220798492432
v 1.021992564201355 0.9948177337646484 0.9901155829429626
v 1.021992564201355 0.9948177337646484 0.9901155829429626
v 0.9375450015068054 0.9044889807701111 0.912792980670929
v 0.9533519744873047 0.88919597864151 0.912792980670929
v 0.9748449921607971 0.8474540114402771 0.9593629837036133
v 0.9836779832839966 0.8559669852256775 0.9403489828109741
v 0.9684150218963623 0.8718029856681824 0.9403489828109741
v 0.9684150218963623 0.8718029856681824 0.9403489828109741
v 0.9597319960594177 0.8631340265274048 0.9593629837036133
v 0.9748449921607971 0.8474540114402771 0.9593629837036133
v 0.9931515455245972 0.8650979399681091 0.9762811064720154
v 1.00215482711792 0.8737756013870239 0.9569056034088135
v 0.9865820407867432 0.8899291753768921 0.9569037556648254
v 0.9865820407867432 0.8899291753768921 0.9569037556648254
v 0.9777308106422424 0.8810930848121643 0.9762796759605408
v 0.9931515455245972 0.8650979399681091 0.9762811064720154
v 0.9931515455245972 0.8650979399681091 0.9762811064720154
v 1.00215482711792 0.8737756013870239 0.9569056034088135
v 0.9836779832839966 0.8559669852256775 0.9403489828109741
v 0.9836779832839966 0.8559669852256775 0.9403489828109741
v 0.9748449921607971 0.8474540114402771 0.9593629837036133
v 0.9931515455245972 0.8650979399681091 0.9762811064720154
v 0.9777308106422424 0.8810930848121643 0.9762796759605408
v 0.9865820407867432 0.8899291753768921 0.9569037556648254
v 0.9684150218963623 0.8718029856681824 0.9403489828109741
v 0.9684150218963623 0.8718029856681824 0.9403489828109741
v 0.9597319960594177 0.8631340265274048 0.9593629837036133
v 0.9777308106422424 0.8810930848121643 0.9762796759605408
v 0.9748449921607971 0.8474540114402771 0.9593629837036133
v 0.9597319960594177 0.8631340265274048 0.9593629837036133
v 0.9777308106422424 0.8810930848121643 0.9762796759605408
v 0.9777308106422424 0.8810930848121643 0.9762796759605408
v 0.9931515455245972 0.8650979399681091 0.9762811064720154
v 0.9748449921607971 0.8474540114402771 0.9593629837036133
v 0.9836779832839966 0.8559669852256775 0.9403489828109741
v 1.00215482711792 0.8737756013870239 0.9569056034088135
v 0.9865820407867432 0.8899291753768921 0.9569037556648254
v 0.9865820407867432 0.8899291753768921 0.9569037556648254
v 0.9684150218963623 0.8718029856681824 0.9403489828109741
v 0.9836779832839966 0.8559669852256775 0.9403489828109741
v -1.2149100303649902 -0.4426349997520447 0.9870010018348694
v -1.2264599800109863 -0.4475249946117401 0.9681620001792908
v -1.2175300121307373 -0.46762600541114807 0.9681620001792908
v -1.2175300121307373 -0.46762600541114807 0.9681620001792908
v -1.2060699462890625 -0.4625380039215088 0.9870010018348694
v -1.2149100303649902 -0.4426349997520447 0.9870010018348694
v -1.2816979885101318 -0.4709084630012512 1.0367456674575806
v -1.2938896417617798 -0.4760701656341553 1.0168752670288086
v -1.2844489812850952 -0.497342050075531 1.0168793201446533
v -1.2844489812850952 -0.497342050075531 1.0168793201446533
v -1.272351622581482 -0.4919716715812683 1.036750078201294
v -1.2816979885101318 -0.4709084630012512 1.0367456674575806
v -1.2816979885101318 -0.4709084630012512 1.0367456674575806
v -1.2938896417617798 -0.4760701656341553 1.0168752670288086
v -1.2264599800109863 -0.4475249946117401 0.9681620001792908
v -1.2264599800109863 -0.4475249946117401 0.9681620001792908
v -1.2149100303649902 -0.4426349997520447 0.9870010018348694
v -1.2816979885101318 -0.4709084630012512 1.0367456674575806
v -1.272351622581482 -0.4919716715812683 1.036750078201294
v -1.2844489812850952 -0.497342050075531 1.0168793201446533
v -1.2175300121307373 -0.46762600541114807 0.9681620001792908
v -1.2175300121307373 -0.46762600541114807 0.9681620001792908
v -1.2060699462890625 -0.4625380039215088 0.9870010018348694
v -1.272351622581482 -0.4919716715812683 1.036750078201294
v -1.2149100303649902 -0.4426349997520447 0.9870010018348694
v -1.2060699462890625 -0.4625380039215088 0.9870010018348694
v -1.272351622581482 -0.4919716715812683 1.036750078201294
v -1.272351622581482 -0.4919716715812683 1.036750078201294
v -1.2816979885101318 -0.4709084630012512 1.0367456674575806
v -1.2149100303649902 -0.4426349997520447 0.9870010018348694
v -1.2264599800109863 -0.4475249946117401 0.9681620001792908
v -1.2938896417617798 -0.4760701656341553 1.0168752670288086
v -1.2844489812850952 -0.497342050075531 1.0168793201446533
v -1.2844489812850952 -0.497342050075531 1.0168793201446533
v -1.2175300121307373 -0.46762600541114807 0.9681620001792908
v -1.2264599800109863 -0.4475249946117401 0.9681620001792908
v -1.030959963798523 -0.7781909704208374 0.9870010018348694
v -1.0405700206756592 -0.7862390279769897 0.9681620001792908
v -1.0264500379562378 -0.8031020164489746 0.9681620001792908
v -1.0264500379562378 -0.8031020164489746 0.9681620001792908
v -1.0169700384140015 -0.7948880195617676 0.9870010018348694
v -1.030959963798523 -0.7781909704208374 0.9870010018348694
v -1.0558663606643677 -0.7990480065345764 1.0092867612838745
v -1.0657165050506592 -0.8072960376739502 0.9899852275848389
v -1.0512257814407349 -0.824596107006073 0.989983081817627
v -1.0512257814407349 -0.824596107006073 0.989983081817627
v -1.0415112972259521 -0.8161768317222595 1.009283423423767
v -1.0558663606643677 -0.7990480065345764 1.0092867612838745
v -1.0558663606643677 -0.7990480065345764 1.0092867612838745
v -1.0657165050506592 -0.8072960376739502 0.9899852275848389
v -1.0405700206756592 -0.7862390279769897 0.9681620001792908
v -1.0405700206756592 -0.7862390279769897 0.9681620001792908
v -1.030959963798523 -0.7781909704208374 0.9870010018348694
v -1.0558663606643677 -0.7990480065345764 1.0092867612838745
v -1.0415112972259521 -0.8161768317222595 1.009283423423767
v -1.0512257814407349 -0.824596107006073 0.989983081817627
v -1.0264500379562378 -0.8031020164489746 0.9681620001792908
v -1.0264500379562378 -0.8031020164489746 0.9681620001792908
v -1.0169700384140015 -0.7948880195617676 0.9870010018348694
v -1.0415112972259521 -0.8161768317222595 1.009283423423767
v -1.030959963798523 -0.7781909704208374 0.9870010018348694
v -1.0169700384140015 -0.7948880195617676 0.9870010018348694
v -1.0415112972259521 -0.8161768317222595 1.009283423423767
v -1.0415112972259521 -0.8161768317222595 1.009283423423767
v -1.0558663606643677 -0.7990480065345764 1.0092867612838745
v -1.030959963798523 -0.7781909704208374 0.9870010018348694
v -1.0405700206756592 -0.7862390279769897 0.9681620001792908
v -1.0657165050506592 -0.8072960376739502 0.9899852275848389
v -1.0512257814407349 -0.824596107006073 0.989983081817627
v -1.0512257814407349 -0.824596107006073 0.989983081817627
v -1.0264500379562378 -0.8031020164489746 0.9681620001792908
v -1.0405700206756592 -0.7862390279769897 0.9681620001792908
v 0.11412499845027924 -1.2865999937057495 1.0434499979019165
v 0.11593899875879288 -1.2996100187301636 1.024839997291565
v 0.13774600625038147 -1.2965600490570068 1.024839997291565
v 0.13774600625038147 -1.2965600490570068 1.024839997291565
v 0.1356939971446991 -1.2835899591445923 1.0434499979019165
v 0.11412499845027924 -1.2865999937057495 1.0434499979019165
v 0.12118840217590332 -1.33724045753479 1.0805773735046387
v 0.12307093292474747 -1.3507388830184937 1.0612785816192627
v 0.14574341475963593 -1.3475639820098877 1.0612738132476807
v 0.14574341475963593 -1.3475639820098877 1.0612738132476807
v 0.14361470937728882 -1.3341056108474731 1.0805743932724
v 0.12118840217590332 -1.33724045753479 1.0805773735046387
v 0.12118840217590332 -1.33724045753479 1.0805773735046387
v 0.12307093292474747 -1.3507388830184937 1.0612785816192627
v 0.11593899875879288 -1.2996100187301636 1.024839997291565
v 0.11593899875879288 -1.2996100187301636 1.024839997291565
v 0.11412499845027924 -1.2865999937057495 1.0434499979019165
v 0.12118840217590332 -1.33724045753479 1.0805773735046387
v 0.14361470937728882 -1.3341056108474731 1.0805743932724
v 0.14574341475963593 -1.3475639820098877 1.0612738132476807
v 0.13774600625038147 -1.2965600490570068 1.024839997291565
v 0.13774600625038147 -1.2965600490570068 1.024839997291565
v 0.1356939971446991 -1.2835899591445923 1.0434499979019165
v 0.14361470937728882 -1.3341056108474731 1.0805743932724
v 0.11412499845027924 -1.2865999937057495 1.0434499979019165
v 0.1356939971446991 -1.2835899591445923 1.0434499979019165
v 0.14361470937728882 -1.3341056108474731 1.0805743932724
v 0.14361470937728882 -1.3341056108474731 1.0805743932724
v 0.12118840217590332 -1.33724045753479 1.0805773735046387
v 0.11412499845027924 -1.2865999937057495 1.0434499979019165
v 0.11593899875879288 -1.2996100187301636 1.024839997291565
v 0.12307093292474747 -1.3507388830184937 1.0612785816192627
v 0.14574341475963593 -1.3475639820098877 1.0612738132476807
v 0.14574341475963593 -1.3475639820098877 1.0612738132476807
v 0.13774600625038147 -1.2965600490570068 1.024839997291565
v 0.11593899875879288 -1.2996100187301636 1.024839997291565
v -1.2151999473571777 0.44185400009155273 1.0720700025558472
v -1.2279900312423706 0.4457859992980957 1.0536400079727173
v -1.2340799570083618 0.42462700605392456 1.0536400079727173
v -1.2340799570083618 0.42462700605392456 1.0536400079727173
v -1.2212200164794922 0.4209260046482086 1.0720700025558472
v -1.2151999473571777 0.44185400009155273 1.0720700025558472
v -1.2595807313919067 0.45545250177383423 1.1067304611206055
v -1.272813320159912 0.4595198631286621 1.0876717567443848
v -1.2791293859481812 0.43759122490882874 1.0876752138137817
v -1.2791293859481812 0.43759122490882874 1.0876752138137817
v -1.265824317932129 0.4337625503540039 1.106734037399292
v -1.2595807313919067 0.45545250177383423 1.1067304611206055
v -1.2595807313919067 0.45545250177383423 1.1067304611206055
v -1.272813320159912 0.4595198631286621 1.0876717567443848
v -1.2279900312423706 0.4457859992980957 1.0536400079727173
v -1.2279900312423706 0.4457859992980957 1.0536400079727173
v -1.2151999473571777 0.44185400009155273 1.0720700025558472
v -1.2595807313919067 0.45545250177383423 1.1067304611206055
v -1.265824317932129 0.4337625503540039 1.106734037399292
v -1.2791293859481812 0.43759122490882874 1.0876752138137817
v -1.2340799570083618 0.42462700605392456 1.0536400079727173
v -1.2340799570083618 0.42462700605392456 1.0536400079727173
v -1.2212200164794922 0.4209260046482086 1.0720700025558472
v -1.265824317932129 0.4337625503540039 1.106734037399292
v -1.2151999473571777 0.44185400009155273 1.0720700025558472
v -1.2212200164794922 0.4209260046482086 1.0720700025558472
v -1.265824317932129 0.4337625503540039 1.106734037399292
v -1.265824317932129 0.4337625503540039 1.106734037399292
v -1.2595807313919067 0.45545250177383423 1.1067304611206055
v -1.2151999473571777 0.44185400009155273 1.0720700025558472
v -1.2279900312423706 0.4457859992980957 1.0536400079727173
v -1.272813320159912 0.4595198631286621 1.0876717567443848
v -1.2791293859481812 0.43759122490882874 1.0876752138137817
v -1.2791293859481812 0.43759122490882874 1.0876752138137817
v -1.2340799570083618 0.42462700605392456 1.0536400079727173
v -1.2279900312423706 0.4457859992980957 1.0536400079727173
v -1.2674000263214111 0.2484010010957718 1.0720700025558472
v -1.280650019645691 0.25027498602867126 1.0536400079727173
v -1.2837400436401367 0.22847400605678558 1.0536400079727173
v -1.2837400436401367 0.22847400605678558 1.0536400079727173
v -1.2704499959945679 0.22683799266815186 1.0720700025558472
v -1.2674000263214111 0.2484010010957718 1.0720700025558472
v -1.2909783124923706 0.2517350912094116 1.0898535251617432
v -1.3044623136520386 0.25364241003990173 1.071102499961853
v -1.3076074123382568 0.23143352568149567 1.071101188659668
v -1.3076074123382568 0.23143352568149567 1.071101188659668
v -1.2940829992294312 0.22976845502853394 1.089851975440979
v -1.2909783124923706 0.2517350912094116 1.0898535251617432
v -1.2909783124923706 0.2517350912094116 1.0898535251617432
v -1.3044623136520386 0.25364241003990173 1.071102499961853
v -1.280650019645691 0.25027498602867126 1.0536400079727173
v -1.280650019645691 0.25027498602867126 1.0536400079727173
v -1.2674000263214111 0.2484010010957718 1.0720700025558472
v -1.2909783124923706 0.2517350912094116 1.0898535251617432
v -1.2940829992294312 0.22976845502853394 1.089851975440979
v -1.3076074123382568 0.23143352568149567 1.071101188659668
v -1.2837400436401367 0.22847400605678558 1.0536400079727173
v -1.2837400436401367 0.22847400605678558 1.0536400079727173
v -1.2704499959945679 0.22683799266815186 1.0720700025558472
v -1.2940829992294312 0.22976845502853394 1.089851975440979
v -1.2674000263214111 0.2484010010957718 1.0720700025558472
v -1.2704499959945679 0.22683799266815186 1.0720700025558472
v -1.2940829992294312 0.22976845502853394 1.089851975440979
v -1.2940829992294312 0.22976845502853394 1.089851975440979
v -1.2909783124923706 0.2517350912094116 1.0898535251617432
v -1.2674000263214111 0.2484010010957718 1.0720700025558472
v -1.280650019645691 0.25027498602867126 1.0536400079727173
v -1.3044623136520386 0.25364241003990173 1.071102499961853
v -1.3076074123382568 0.23143352568149567 1.071101188659668
v -1.3076074123382568 0.23143352568149567 1.071101188659668
v -1.2837400436401367 0.22847400605678558 1.0536400079727173
v -1.280650019645691 0.25027498602867126 1.0536400079727173
v -0.9453930258750916 0.8801620006561279 1.1009800434112549
v -0.9558249711990356 0.888933002948761 1.0827300548553467
v -0.9699940085411072 0.8720809817314148 1.0827300548553467
v -0.9699940085411072 0.8720809817314148 1.0827300548553467
v -0.9594089984893799 0.863493025302887 1.1009800434112549
v -0.9453930258750916 0.8801620006561279 1.1009800434112549
v -0.9702033996582031 0.9010233283042908 1.125870943069458
v -0.9808899164199829 0.9100072383880615 1.1071827411651611
v -0.9954206943511963 0.8927203416824341 1.107180118560791
v -0.9954206943511963 0.8927203416824341 1.107180118560791
v -0.9845781326293945 0.8839234113693237 1.1258682012557983
v -0.9702033996582031 0.9010233283042908 1.125870943069458
v -0.9702033996582031 0.9010233283042908 1.125870943069458
v -0.9808899164199829 0.9100072383880615 1.1071827411651611
v -0.9558249711990356 0.888933002948761 1.0827300548553467
v -0.9558249711990356 0.888933002948761 1.0827300548553467
v -0.9453930258750916 0.8801620006561279 1.1009800434112549
v -0.9702033996582031 0.9010233283042908 1.125870943069458
v -0.9845781326293945 0.8839234113693237 1.1258682012557983
v -0.9954206943511963 0.8927203416824341 1.107180118560791
v -0.9699940085411072 0.8720809817314148 1.0827300548553467
v -0.9699940085411072 0.8720809817314148 1.0827300548553467
v -0.9594089984893799 0.863493025302887 1.1009800434112549
v -0.9845781326293945 0.8839234113693237 1.1258682012557983
v -0.9453930258750916 0.8801620006561279 1.1009800434112549
v -0.9594089984893799 0.863493025302887 1.1009800434112549
v -0.9845781326293945 0.8839234113693237 1.1258682012557983
v -0.9845781326293945 0.8839234113693237 1.1258682012557983
v -0.9702033996582031 0.9010233283042908 1.125870943069458
v -0.9453930258750916 0.8801620006561279 1.1009800434112549
v -0.9558249711990356 0.888933002948761 1.0827300548553467
v -0.9808899164199829 0.9100072383880615 1.1071827411651611
v -0.9954206943511963 0.8927203416824341 1.107180118560791
v -0.9954206943511963 0.8927203416824341 1.107180118560791
v -0.9699940085411072 0.8720809817314148 1.0827300548553467
v -0.9558249711990356 0.888933002948761 1.0827300548553467
v -1.2351000308990479 0.3781130015850067 1.1688200235366821
v -1.2489500045776367 0.3815790116786957 1.1507400274276733
v -1.2542999982833862 0.3601990044116974 1.1507400274276733
v -1.2542999982833862 0.3601990044116974 1.1507400274276733
v -1.2403899431228638 0.35698699951171875 1.1688200235366821
v -1.2351000308990479 0.3781130015850067 1.1688200235366821
v -1.2606083154678345 0.38449838757514954 1.190124750137329
v -1.274719476699829 0.38802969455718994 1.171708106994629
v -1.2801755666732788 0.36621761322021484 1.1717058420181274
v -1.2801755666732788 0.36621761322021484 1.1717058420181274
v -1.2660032510757446 0.3629451096057892 1.1901226043701172
v -1.2606083154678345 0.38449838757514954 1.190124750137329
v -1.2606083154678345 0.38449838757514954 1.190124750137329
v -1.274719476699829 0.38802969455718994 1.171708106994629
v -1.2489500045776367 0.3815790116786957 1.1507400274276733
v -1.2489500045776367 0.3815790116786957 1.1507400274276733
v -1.2351000308990479 0.3781130015850067 1.1688200235366821
v -1.2606083154678345 0.38449838757514954 1.190124750137329
v -1.2660032510757446 0.3629451096057892 1.1901226043701172
v -1.2801755666732788 0.36621761322021484 1.1717058420181274
v -1.2542999982833862 0.3601990044116974 1.1507400274276733
v -1.2542999982833862 0.3601990044116974 1.1507400274276733
v -1.2403899431228638 0.35698699951171875 1.1688200235366821
v -1.2660032510757446 0.3629451096057892 1.1901226043701172
v -1.2351000308990479 0.3781130015850067 1.1688200235366821
v -1.2403899431228638 0.35698699951171875 1.1688200235366821
v -1.2660032510757446 0.3629451096057892 1.1901226043701172
v -1.2660032510757446 0.3629451096057892 1.1901226043701172
v -1.2606083154678345 0.38449838757514954 1.190124750137329
v -1.2351000308990479 0.3781130015850067 1.1688200235366821
v -1.2489500045776367 0.3815790116786957 1.1507400274276733
v -1.274719476699829 0.38802969455718994 1.171708106994629
v -1.2801755666732788 0.36621761322021484 1.1717058420181274
v -1.2801755666732788 0.36621761322021484 1.1717058420181274
v -1.2542999982833862 0.3601990044116974 1.1507400274276733
v -1.2489500045776367 0.3815790116786957 1.1507400274276733
v -1.1625800132751465 -0.5657899975776672 1.1688200235366821
v -1.1750799417495728 -0.5726869702339172 1.1507400274276733
v -1.164080023765564 -0.5917840003967285 1.1507400274276733
v -1.164080023765564 -0.5917840003967285 1.1507400274276733
v -1.151710033416748 -0.584659993648529 1.1688200235366821
v -1.1625800132751465 -0.5657899975776672 1.1688200235366821
v -1.2591259479522705 -0.6192858219146729 1.258233904838562
v -1.2726153135299683 -0.6267291307449341 1.2387404441833496
v -1.260691523551941 -0.6474484801292419 1.23874831199646
v -1.260691523551941 -0.6474484801292419 1.23874831199646
v -1.2473433017730713 -0.6397594213485718 1.258240818977356
v -1.2591259479522705 -0.6192858219146729 1.258233904838562
v -1.2591259479522705 -0.6192858219146729 1.258233904838562
v -1.2726153135299683 -0.6267291307449341 1.2387404441833496
v -1.1750799417495728 -0.5726869702339172 1.1507400274276733
v -1.1750799417495728 -0.5726869702339172 1.1507400274276733
v -1.1625800132751465 -0.5657899975776672 1.1688200235366821
v -1.2591259479522705 -0.6192858219146729 1.258233904838562
v -1.2473433017730713 -0.6397594213485718 1.258240818977356
v -1.260691523551941 -0.6474484801292419 1.23874831199646
v -1.164080023765564 -0.5917840003967285 1.1507400274276733
v -1.164080023765564 -0.5917840003967285 1.1507400274276733
v -1.151710033416748 -0.584659993648529 1.1688200235366821
v -1.2473433017730713 -0.6397594213485718 1.258240818977356
v -1.1625800132751465 -0.5657899975776672 1.1688200235366821
v -1.151710033416748 -0.584659993648529 1.1688200235366821
v -1.2473433017730713 -0.6397594213485718 1.258240818977356
v -1.2473433017730713 -0.6397594213485718 1.258240818977356
v -1.2591259479522705 -0.6192858219146729 1.258233904838562
v -1.1625800132751465 -0.5657899975776672 1.1688200235366821
v -1.1750799417495728 -0.5726869702339172 1.1507400274276733
v -1.2726153135299683 -0.6267291307449341 1.2387404441833496
v -1.260691523551941 -0.6474484801292419 1.23874831199646
v -1.260691523551941 -0.6474484801292419 1.23874831199646
v -1.164080023765564 -0.5917840003967285 1.1507400274276733
v -1.1750799417495728 -0.5726869702339172 1.1507400274276733
v 0.046740900725126266 1.2920399904251099 1.1989500522613525
v 0.04650940001010895 1.3065400123596191 1.1810599565505981
v 0.02448209933936596 1.3057899475097656 1.1810599565505981
v 0.02448209933936596 1.3057899475097656 1.1810599565505981
v 0.02497580088675022 1.2913000583648682 1.1989500522613525
v 0.046740900725126266 1.2920399904251099 1.1989500522613525
v 0.04602597653865814 1.33371901512146 1.233608603477478
v 0.04578745365142822 1.3486590385437012 1.2151823043823242
v 0.02304808795452118 1.347888708114624 1.2151849269866943
v 0.02304808795452118 1.347888708114624 1.2151849269866943
v 0.023556726053357124 1.332958698272705 1.2336113452911377
v 0.04602597653865814 1.33371901512146 1.233608603477478
v 0.04602597653865814 1.33371901512146 1.233608603477478
v 0.04578745365142822 1.3486590385437012 1.2151823043823242
v 0.04650940001010895 1.3065400123596191 1.1810599565505981
v 0.04650940001010895 1.3065400123596191 1.1810599565505981
v 0.046740900725126266 1.2920399904251099 1.1989500522613525
v 0.04602597653865814 1.33371901512146 1.233608603477478
v 0.023556726053357124 1.332958698272705 1.2336113452911377
v 0.02304808795452118 1.347888708114624 1.2151849269866943
v 0.02448209933936596 1.3057899475097656 1.1810599565505981
v 0.02448209933936596 1.3057899475097656 1.1810599565505981
v 0.02497580088675022 1.2913000583648682 1.1989500522613525
v 0.023556726053357124 1.332958698272705 1.2336113452911377
v 0.046740900725126266 1.2920399904251099 1.1989500522613525
v 0.02497580088675022 1.2913000583648682 1.1989500522613525
v 0.023556726053357124 1.332958698272705 1.2336113452911377
v 0.023556726053357124 1.332958698272705 1.2336113452911377
v 0.04602597653865814 1.33371901512146 1.233608603477478
v 0.046740900725126266 1.2920399904251099 1.1989500522613525
v 0.04650940001010895 1.3065400123596191 1.1810599565505981
v 0.04578745365142822 1.3486590385437012 1.2151823043823242
v 0.02304808795452118 1.347888708114624 1.2151849269866943
v 0.02304808795452118 1.347888708114624 1.2151849269866943
v 0.02448209933936596 1.3057899475097656 1.1810599565505981
v 0.04650940001010895 1.3065400123596191 1.1810599565505981
v -1.2297099828720093 0.39965900778770447 1.1989500522613525
v -1.2437100410461426 0.40343400835990906 1.1810599565505981
v -1.249060034751892 0.38205400109291077 1.1810599565505981
v -1.249060034751892 0.38205400109291077 1.1810599565505981
v -1.2350000143051147 0.3785330057144165 1.1989500522613525
v -1.2297099828720093 0.39965900778770447 1.1989500522613525
v -1.252957820892334 0.40589746832847595 1.2189619541168213
v -1.2672027349472046 0.4097386598587036 1.2007627487182617
v -1.2726550102233887 0.3879600465297699 1.2007640600204468
v -1.2726550102233887 0.3879600465297699 1.2007640600204468
v -1.2583481073379517 0.3843775987625122 1.2189640998840332
v -1.252957820892334 0.40589746832847595 1.2189619541168213
v -1.252957820892334 0.40589746832847595 1.2189619541168213
v -1.2672027349472046 0.4097386598587036 1.2007627487182617
v -1.2437100410461426 0.40343400835990906 1.1810599565505981
v -1.2437100410461426 0.40343400835990906 1.1810599565505981
v -1.2297099828720093 0.39965900778770447 1.1989500522613525
v -1.252957820892334 0.40589746832847595 1.2189619541168213
v -1.2583481073379517 0.3843775987625122 1.2189640998840332
v -1.2726550102233887 0.3879600465297699 1.2007640600204468
v -1.249060034751892 0.38205400109291077 1.1810599565505981
v -1.249060034751892 0.38205400109291077 1.1810599565505981
v -1.2350000143051147 0.3785330057144165 1.1989500522613525
v -1.2583481073379517 0.3843775987625122 1.2189640998840332
v -1.2297099828720093 0.39965900778770447 1.1989500522613525
v -1.2350000143051147 0.3785330057144165 1.1989500522613525
v -1.2583481073379517 0.3843775987625122 1.2189640998840332
v -1.2583481073379517 0.3843775987625122 1.2189640998840332
v -1.252957820892334 0.40589746832847595 1.2189619541168213
v -1.2297099828720093 0.39965900778770447 1.1989500522613525
v -1.2437100410461426 0.40343400835990906 1.1810599565505981
v -1.2672027349472046 0.4097386598587036 1.2007627487182617
v -1.2726550102233887 0.3879600465297699 1.2007640600204468
v -1.2726550102233887 0.3879600465297699 1.2007640600204468
v -1.249060034751892 0.38205400109291077 1.1810599565505981
v -1.2437100410461426 0.40343400835990906 1.1810599565505981
v 1.2542699575424194 -0.3138740062713623 1.2913000583648682
v 1.2691700458526611 -0.3167800009250641 1.2739700078964233
v 1.273010015487671 -0.29507800936698914 1.2739700078964233
v 1.273010015487671 -0.29507800936698914 1.2739700078964233
v 1.2580699920654297 -0.2924309968948364 1.2913000583648682
v 1.2542699575424194 -0.3138740062713623 1.2913000583648682
v 1.2781823873519897 -0.3185441792011261 1.313178300857544
v 1.2933534383773804 -0.3215033710002899 1.295536756515503
v 1.2972713708877563 -0.29937803745269775 1.2955377101898193
v 1.2972713708877563 -0.29937803745269775 1.2955377101898193
v 1.282058596611023 -0.2966825067996979 1.3131803274154663
v 1.2781823873519897 -0.3185441792011261 1.313178300857544
v 1.2781823873519897 -0.3185441792011261 1.313178300857544
v 1.2933534383773804 -0.3215033710002899 1.295536756515503
v 1.2691700458526611 -0.3167800009250641 1.2739700078964233
v 1.2691700458526611 -0.3167800009250641 1.2739700078964233
v 1.2542699575424194 -0.3138740062713623 1.2913000583648682
v 1.2781823873519897 -0.3185441792011261 1.313178300857544
v 1.282058596611023 -0.2966825067996979 1.3131803274154663
v 1.2972713708877563 -0.29937803745269775 1.2955377101898193
v 1.273010015487671 -0.29507800936698914 1.2739700078964233
v 1.273010015487671 -0.29507800936698914 1.2739700078964233
v 1.2580699920654297 -0.2924309968948364 1.2913000583648682
v 1.282058596611023 -0.2966825067996979 1.3131803274154663
v 1.2542699575424194 -0.3138740062713623 1.2913000583648682
v 1.2580699920654297 -0.2924309968948364 1.2913000583648682
v 1.282058596611023 -0.2966825067996979 1.3131803274154663
v 1.282058596611023 -0.2966825067996979 1.3131803274154663
v 1.2781823873519897 -0.3185441792011261 1.313178300857544
v 1.2542699575424194 -0.3138740062713623 1.2913000583648682
v 1.2691700458526611 -0.3167800009250641 1.2739700078964233
v 1.2933534383773804 -0.3215033710002899 1.295536756515503
v 1.2972713708877563 -0.29937803745269775 1.2955377101898193
v 1.2972713708877563 -0.29937803745269775 1.2955377101898193
v 1.273010015487671 -0.29507800936698914 1.2739700078964233
v 1.2691700458526611 -0.3167800009250641 1.2739700078964233
v -0.43939000368118286 -1.2158399820327759 1.3547999858856201
v -0.44398701190948486 -1.2307900190353394 1.3378000259399414
v -0.4227890074253082 -1.2368899583816528 1.3378000259399414
v -0.4227890074253082 -1.2368899583816528 1.3378000259399414
v -0.41846299171447754 -1.221869945526123 1.3547999858856201
v -0.43939000368118286 -1.2158399820327759 1.3547999858856201
v -0.47854089736938477 -1.3436657190322876 1.4807333946228027
v -0.483578085899353 -1.3600480556488037 1.4621235132217407
v -0.46019116044044495 -1.3667889833450317 1.4621331691741943
v -0.46019116044044495 -1.3667889833450317 1.4621331691741943
v -0.4554499685764313 -1.3503286838531494 1.4807435274124146
v -0.47854089736938477 -1.3436657190322876 1.4807333946228027
v -0.47854089736938477 -1.3436657190322876 1.4807333946228027
v -0.483578085899353 -1.3600480556488037 1.4621235132217407
v -0.44398701190948486 -1.2307900190353394 1.3378000259399414
v -0.44398701190948486 -1.2307900190353394 1.3378000259399414
v -0.43939000368118286 -1.2158399820327759 1.3547999858856201
v -0.47854089736938477 -1.3436657190322876 1.4807333946228027
v -0.4554499685764313 -1.3503286838531494 1.4807435274124146
v -0.46019116044044495 -1.3667889833450317 1.4621331691741943
v -0.4227890074253082 -1.2368899583816528 1.3378000259399414
v -0.4227890074253082 -1.2368899583816528 1.3378000259399414
v -0.41846299171447754 -1.221869945526123 1.3547999858856201
v -0.4554499685764313 -1.3503286838531494 1.4807435274124146
v -0.43939000368118286 -1.2158399820327759 1.3547999858856201
v -0.41846299171447754 -1.221869945526123 1.3547999858856201
v -0.4554499685764313 -1.3503286838531494 1.4807435274124146
v -0.4554499685764313 -1.3503286838531494 1.4807435274124146
v -0.47854089736938477 -1.3436657190322876 1.4807333946228027
v -0.43939000368118286 -1.2158399820327759 1.3547999858856201
v -0.44398701190948486 -1.2307900190353394 1.3378000259399414
v -0.483578085899353 -1.3600480556488037 1.4621235132217407
v -0.46019116044044495 -1.3667889833450317 1.4621331691741943
v -0.46019116044044495 -1.3667889833450317 1.4621331691741943
v -0.4227890074253082 -1.2368899583816528 1.3378000259399414
v -0.44398701190948486 -1.2307900190353394 1.3378000259399414
v -0.46470698714256287 -1.2050100564956665 1.3870500326156616
v -0.4696139991283417 -1.2200700044631958 1.3702399730682373
v -0.44864100217819214 -1.2269099950790405 1.3702399730682373
v -0.44864100217819214 -1.2269099950790405 1.3702399730682373
v -0.4440009891986847 -1.2117600440979004 1.3870500326156616
v -0.46470698714256287 -1.2050100564956665 1.3870500326156616
v -0.47252920269966125 -1.229015827178955 1.411411166191101
v -0.4775262475013733 -1.2443513870239258 1.3942971229553223
v -0.4561381936073303 -1.2513240575790405 1.3942956924438477
v -0.4561381936073303 -1.2513240575790405 1.3942956924438477
v -0.45141321420669556 -1.2358970642089844 1.4114097356796265
v -0.47252920269966125 -1.229015827178955 1.411411166191101
v -0.47252920269966125 -1.229015827178955 1.411411166191101
v -0.4775262475013733 -1.2443513870239258 1.3942971229553223
v -0.4696139991283417 -1.2200700044631958 1.3702399730682373
v -0.4696139991283417 -1.2200700044631958 1.3702399730682373
v -0.46470698714256287 -1.2050100564956665 1.3870500326156616
v -0.47252920269966125 -1.229015827178955 1.411411166191101
v -0.45141321420669556 -1.2358970642089844 1.4114097356796265
v -0.4561381936073303 -1.2513240575790405 1.3942956924438477
v -0.44864100217819214 -1.2269099950790405 1.3702399730682373
v -0.44864100217819214 -1.2269099950790405 1.3702399730682373
v -0.4440009891986847 -1.2117600440979004 1.3870500326156616
v -0.45141321420669556 -1.2358970642089844 1.4114097356796265
v -0.46470698714256287 -1.2050100564956665 1.3870500326156616
v -0.4440009891986847 -1.2117600440979004 1.3870500326156616
v -0.45141321420669556 -1.2358970642089844 1.4114097356796265
v -0.45141321420669556 -1.2358970642089844 1.4114097356796265
v -0.47252920269966125 -1.229015827178955 1.411411166191101
v -0.46470698714256287 -1.2050100564956665 1.3870500326156616
v -0.4696139991283417 -1.2200700044631958 1.3702399730682373
v -0.4775262475013733 -1.2443513870239258 1.3942971229553223
v -0.4561381936073303 -1.2513240575790405 1.3942956924438477
v -0.4561381936073303 -1.2513240575790405 1.3942956924438477
v -0.44864100217819214 -1.2269099950790405 1.3702399730682373
v -0.4696139991283417 -1.2200700044631958 1.3702399730682373
v -1.2868200540542603 -0.11158899962902069 1.554710030555725
v -1.3035500049591064 -0.11392500251531601 1.5387400388717651
v -1.3005000352859497 -0.13579000532627106 1.5387400388717651
v -1.3005000352859497 -0.13579000532627106 1.5387400388717651
v -1.283810019493103 -0.13315799832344055 1.554710030555725
v -1.2868200540542603 -0.11158899962902069 1.554710030555725
v -1.3127105236053467 -0.11520378291606903 1.5830003023147583
v -1.3297523260116577 -0.11758321523666382 1.5667359828948975
v -1.3266375064849854 -0.13989467918872833 1.5667346715927124
v -1.3266375064849854 -0.13989467918872833 1.5667346715927124
v -1.3096369504928589 -0.13721364736557007 1.5829986333847046
v -1.3127105236053467 -0.11520378291606903 1.5830003023147583
v -1.3127105236053467 -0.11520378291606903 1.5830003023147583
v -1.3297523260116577 -0.11758321523666382 1.5667359828948975
v -1.3035500049591064 -0.11392500251531601 1.5387400388717651
v -1.3035500049591064 -0.11392500251531601 1.5387400388717651
v -1.2868200540542603 -0.11158899962902069 1.554710030555725
v -1.3127105236053467 -0.11520378291606903 1.5830003023147583
v -1.3096369504928589 -0.13721364736557007 1.5829986333847046
v -1.3266375064849854 -0.13989467918872833 1.5667346715927124
v -1.3005000352859497 -0.13579000532627106 1.5387400388717651
v -1.3005000352859497 -0.13579000532627106 1.5387400388717651
v -1.283810019493103 -0.13315799832344055 1.554710030555725
v -1.3096369504928589 -0.13721364736557007 1.5829986333847046
v -1.2868200540542603 -0.11158899962902069 1.554710030555725
v -1.283810019493103 -0.13315799832344055 1.554710030555725
v -1.3096369504928589 -0.13721364736557007 1.5829986333847046
v -1.3096369504928589 -0.13721364736557007 1.5829986333847046
v -1.3127105236053467 -0.11520378291606903 1.5830003023147583
v -1.2868200540542603 -0.11158899962902069 1.554710030555725
v -1.3035500049591064 -0.11392500251531601 1.5387400388717651
v -1.3297523260116577 -0.11758321523666382 1.5667359828948975
v -1.3266375064849854 -0.13989467918872833 1.5667346715927124
v -1.3266375064849854 -0.13989467918872833 1.5667346715927124
v -1.3005000352859497 -0.13579000532627106 1.5387400388717651
v -1.3035500049591064 -0.11392500251531601 1.5387400388717651
v -1.2898900508880615 -0.08958780020475388 1.58951997756958
v -1.306839942932129 -0.09165280312299728 1.573740005493164
v -1.3037899732589722 -0.11351700127124786 1.573740005493164
v -1.3037899732589722 -0.11351700127124786 1.573740005493164
v -1.2868800163269043 -0.11115600168704987 1.58951997756958
v -1.2898900508880615 -0.08958780020475388 1.58951997756958
v -1.3201900720596313 -0.09328663349151611 1.6232995986938477
v -1.3375141620635986 -0.0953969955444336 1.607175350189209
v -1.334391713142395 -0.11778963357210159 1.6071783304214478
v -1.334391713142395 -0.11778963357210159 1.6071783304214478
v -1.3171091079711914 -0.11537662893533707 1.6233021020889282
v -1.3201900720596313 -0.09328663349151611 1.6232995986938477
v -1.3201900720596313 -0.09328663349151611 1.6232995986938477
v -1.3375141620635986 -0.0953969955444336 1.607175350189209
v -1.306839942932129 -0.09165280312299728 1.573740005493164
v -1.306839942932129 -0.09165280312299728 1.573740005493164
v -1.2898900508880615 -0.08958780020475388 1.58951997756958
v -1.3201900720596313 -0.09328663349151611 1.6232995986938477
v -1.3171091079711914 -0.11537662893533707 1.6233021020889282
v -1.334391713142395 -0.11778963357210159 1.6071783304214478
v -1.3037899732589722 -0.11351700127124786 1.573740005493164
v -1.3037899732589722 -0.11351700127124786 1.573740005493164
v -1.2868800163269043 -0.11115600168704987 1.58951997756958
v -1.3171091079711914 -0.11537662893533707 1.6233021020889282
v -1.2898900508880615 -0.08958780020475388 1.58951997756958
v -1.2868800163269043 -0.11115600168704987 1.58951997756958
v -1.3171091079711914 -0.11537662893533707 1.6233021020889282
v -1.3171091079711914 -0.11537662893533707 1.6233021020889282
v -1.3201900720596313 -0.09328663349151611 1.6232995986938477
v -1.2898900508880615 -0.08958780020475388 1.58951997756958
v -1.306839942932129 -0.09165280312299728 1.573740005493164
v -1.3375141620635986 -0.0953969955444336 1.607175350189209
v -1.334391713142395 -0.11778963357210159 1.6071783304214478
v -1.334391713142395 -0.11778963357210159 1.6071783304214478
v -1.3037899732589722 -0.11351700127124786 1.573740005493164
v -1.306839942932129 -0.09165280312299728 1.573740005493164
v -1.2868200540542603 -0.11158899962902069 1.58951997756958
v -1.3037300109863281 -0.11394999921321869 1.573740005493164
v -1.3006700277328491 -0.13581399619579315 1.573740005493164
v -1.3006700277328491 -0.13581399619579315 1.573740005493164
v -1.283810019493103 -0.13315799832344055 1.58951997756958
v -1.2868200540542603 -0.11158899962902069 1.58951997756958
v -1.4345194101333618 -0.13221102952957153 1.7545793056488037
v -1.4532498121261597 -0.13482610881328583 1.7371199131011963
v -1.4498260021209717 -0.15926814079284668 1.737102746963501
v -1.4498260021209717 -0.15926814079284668 1.737102746963501
v -1.4311426877975464 -0.1563260406255722 1.754569411277771
v -1.4345194101333618 -0.13221102952957153 1.7545793056488037
v -1.4345194101333618 -0.13221102952957153 1.7545793056488037
v -1.4532498121261597 -0.13482610881328583 1.7371199131011963
v -1.3037300109863281 -0.11394999921321869 1.573740005493164
v -1.3037300109863281 -0.11394999921321869 1.573740005493164
v -1.2868200540542603 -0.11158899962902069 1.58951997756958
v -1.4345194101333618 -0.13221102952957153 1.7545793056488037
v -1.4311426877975464 -0.1563260406255722 1.754569411277771
v -1.4498260021209717 -0.15926814079284668 1.737102746963501
v -1.3006700277328491 -0.13581399619579315 1.573740005493164
v -1.3006700277328491 -0.13581399619579315 1.573740005493164
v -1.283810019493103 -0.13315799832344055 1.58951997756958
v -1.4311426877975464 -0.1563260406255722 1.754569411277771
v -1.2868200540542603 -0.11158899962902069 1.58951997756958
v -1.283810019493103 -0.13315799832344055 1.58951997756958
v -1.4311426877975464 -0.1563260406255722 1.754569411277771
v -1.4311426877975464 -0.1563260406255722 1.754569411277771
v -1.4345194101333618 -0.13221102952957153 1.7545793056488037
v -1.2868200540542603 -0.11158899962902069 1.58951997756958
v -1.3037300109863281 -0.11394999921321869 1.573740005493164
v -1.4532498121261597 -0.13482610881328583 1.7371199131011963
v -1.4498260021209717 -0.15926814079284668 1.737102746963501
v -1.4498260021209717 -0.15926814079284668 1.737102746963501
v -1.3006700277328491 -0.13581399619579315 1.573740005493164
v -1.3037300109863281 -0.11394999921321869 1.573740005493164
v -1.285979986190796 -0.1340389996767044 1.58951997756958
v -1.3028500080108643 -0.136694997549057 1.573740005493164
v -1.2990399599075317 -0.15843899548053741 1.573740005493164
v -1.2990399599075317 -0.15843899548053741 1.573740005493164
v -1.2822200059890747 -0.1554899960756302 1.58951997756958
v -1.285979986190796 -0.1340389996767044 1.58951997756958
v -1.344803810119629 -0.14331451058387756 1.6554173231124878
v -1.362399697303772 -0.1460850089788437 1.6389658451080322
v -1.3584129810333252 -0.16885428130626678 1.638971209526062
v -1.3584129810333252 -0.16885428130626678 1.638971209526062
v -1.3408702611923218 -0.16577781736850739 1.6554218530654907
v -1.344803810119629 -0.14331451058387756 1.6554173231124878
v -1.344803810119629 -0.14331451058387756 1.6554173231124878
v -1.362399697303772 -0.1460850089788437 1.6389658451080322
v -1.3028500080108643 -0.136694997549057 1.573740005493164
v -1.3028500080108643 -0.136694997549057 1.573740005493164
v -1.285979986190796 -0.1340389996767044 1.58951997756958
v -1.344803810119629 -0.14331451058387756 1.6554173231124878
v -1.3408702611923218 -0.16577781736850739 1.6554218530654907
v -1.3584129810333252 -0.16885428130626678 1.638971209526062
v -1.2990399599075317 -0.15843899548053741 1.573740005493164
v -1.2990399599075317 -0.15843899548053741 1.573740005493164
v -1.2822200059890747 -0.1554899960756302 1.58951997756958
v -1.3408702611923218 -0.16577781736850739 1.6554218530654907
v -1.285979986190796 -0.1340389996767044 1.58951997756958
v -1.2822200059890747 -0.1554899960756302 1.58951997756958
v -1.3408702611923218 -0.16577781736850739 1.6554218530654907
v -1.3408702611923218 -0.16577781736850739 1.6554218530654907
v -1.344803810119629 -0.14331451058387756 1.6554173231124878
v -1.285979986190796 -0.1340389996767044 1.58951997756958
v -1.3028500080108643 -0.136694997549057 1.573740005493164
v -1.362399697303772 -0.1460850089788437 1.6389658451080322
v -1.3584129810333252 -0.16885428130626678 1.638971209526062
v -1.3584129810333252 -0.16885428130626678 1.638971209526062
v -1.2990399599075317 -0.15843899548053741 1.573740005493164
v -1.3028500080108643 -0.136694997549057 1.573740005493164
v -1.2821500301361084 -0.15591999888420105 1.58951997756958
v -1.2989599704742432 -0.15886999666690826 1.573740005493164
v -1.2951500415802002 -0.18061399459838867 1.573740005493164
v -1.2951500415802002 -0.18061399459838867 1.573740005493164
v -1.278380036354065 -0.17736999690532684 1.58951997756958
v -1.2821500301361084 -0.15591999888420105 1.58951997756958
v -1.942462682723999 -0.2717529535293579 2.331523895263672
v -1.9674357175827026 -0.27613040804862976 2.3081719875335693
v -1.961545467376709 -0.3094020485877991 2.308131456375122
v -1.961545467376709 -0.3094020485877991 2.308131456375122
v -1.9366737604141235 -0.30458593368530273 2.331453561782837
v -1.942462682723999 -0.2717529535293579 2.331523895263672
v -1.942462682723999 -0.2717529535293579 2.331523895263672
v -1.9674357175827026 -0.27613040804862976 2.3081719875335693
v -1.2989599704742432 -0.15886999666690826 1.573740005493164
v -1.2989599704742432 -0.15886999666690826 1.573740005493164
v -1.2821500301361084 -0.15591999888420105 1.58951997756958
v -1.942462682723999 -0.2717529535293579 2.331523895263672
v -1.9366737604141235 -0.30458593368530273 2.331453561782837
v -1.961545467376709 -0.3094020485877991 2.308131456375122
v -1.2951500415802002 -0.18061399459838867 1.573740005493164
v -1.2951500415802002 -0.18061399459838867 1.573740005493164
v -1.278380036354065 -0.17736999690532684 1.58951997756958
v -1.9366737604141235 -0.30458593368530273 2.331453561782837
v -1.2821500301361084 -0.15591999888420105 1.58951997756958
v -1.278380036354065 -0.17736999690532684 1.58951997756958
v -1.9366737604141235 -0.30458593368530273 2.331453561782837
v -1.9366737604141235 -0.30458593368530273 2.331453561782837
v -1.942462682723999 -0.2717529535293579 2.331523895263672
v -1.2821500301361084 -0.15591999888420105 1.58951997756958
v -1.2989599704742432 -0.15886999666690826 1.573740005493164
v -1.9674357175827026 -0.27613040804862976 2.3081719875335693
v -1.961545467376709 -0.3094020485877991 2.308131456375122
v -1.961545467376709 -0.3094020485877991 2.308131456375122
v -1.2951500415802002 -0.18061399459838867 1.573740005493164
v -1.2989599704742432 -0.15886999666690826 1.573740005493164
v -1.2805299758911133 -0.17832699418067932 1.58951997756958
v -1.2972899675369263 -0.18156999349594116 1.573740005493164
v -1.2927199602127075 -0.20316800475120544 1.573740005493164
v -1.2927199602127075 -0.20316800475120544 1.573740005493164
v -1.2760200500488281 -0.19963300228118896 1.58951997756958
v -1.2805299758911133 -0.17832699418067932 1.58951997756958
v -1.3564858436584473 -0.19304059445858002 1.6751377582550049
v -1.3741835355758667 -0.19646458327770233 1.658484935760498
v -1.3693383932113647 -0.21938574314117432 1.6584913730621338
v -1.3693383932113647 -0.21938574314117432 1.6584913730621338
v -1.3517048358917236 -0.2156529426574707 1.6751432418823242
v -1.3564858436584473 -0.19304059445858002 1.6751377582550049
v -1.3564858436584473 -0.19304059445858002 1.6751377582550049
v -1.3741835355758667 -0.19646458327770233 1.658484935760498
v -1.2972899675369263 -0.18156999349594116 1.573740005493164
v -1.2972899675369263 -0.18156999349594116 1.573740005493164
v -1.2805299758911133 -0.17832699418067932 1.58951997756958
v -1.3564858436584473 -0.19304059445858002 1.6751377582550049
v -1.3517048358917236 -0.2156529426574707 1.6751432418823242
v -1.3693383932113647 -0.21938574314117432 1.6584913730621338
v -1.2927199602127075 -0.20316800475120544 1.573740005493164
v -1.2927199602127075 -0.20316800475120544 1.573740005493164
v -1.2760200500488281 -0.19963300228118896 1.58951997756958
v -1.3517048358917236 -0.2156529426574707 1.6751432418823242
v -1.2805299758911133 -0.17832699418067932 1.58951997756958
v -1.2760200500488281 -0.19963300228118896 1.58951997756958
v -1.3517048358917236 -0.2156529426574707 1.6751432418823242
v -1.3517048358917236 -0.2156529426574707 1.6751432418823242
v -1.3564858436584473 -0.19304059445858002 1.6751377582550049
v -1.2805299758911133 -0.17832699418067932 1.58951997756958
v -1.2972899675369263 -0.18156999349594116 1.573740005493164
v -1.3741835355758667 -0.19646458327770233 1.658484935760498
v -1.3693383932113647 -0.21938574314117432 1.6584913730621338
v -1.3693383932113647 -0.21938574314117432 1.6584913730621338
v -1.2927199602127075 -0.20316800475120544 1.573740005493164
v -1.2972899675369263 -0.18156999349594116 1.573740005493164
v -1.2868200540542603 -0.11158899962902069 1.6247600317001343
v -1.3039000034332275 -0.11397399753332138 1.6091699600219727
v -1.3008500337600708 -0.13583800196647644 1.6091699600219727
v -1.3008500337600708 -0.13583800196647644 1.6091699600219727
v -1.283810019493103 -0.13315799832344055 1.6247600317001343
v -1.2868200540542603 -0.11158899962902069 1.6247600317001343
v -1.3486624956130981 -0.12022309005260468 1.6954383850097656
v -1.3665225505828857 -0.12271703779697418 1.6791446208953857
v -1.3633160591125488 -0.14567430317401886 1.6791393756866455
v -1.3633160591125488 -0.14567430317401886 1.6791393756866455
v -1.3454971313476562 -0.14287148416042328 1.6954340934753418
v -1.3486624956130981 -0.12022309005260468 1.6954383850097656
v -1.3486624956130981 -0.12022309005260468 1.6954383850097656
v -1.3665225505828857 -0.12271703779697418 1.6791446208953857
v -1.3039000034332275 -0.11397399753332138 1.6091699600219727
v -1.3039000034332275 -0.11397399753332138 1.6091699600219727
v -1.2868200540542603 -0.11158899962902069 1.6247600317001343
v -1.3486624956130981 -0.12022309005260468 1.6954383850097656
v -1.3454971313476562 -0.14287148416042328 1.6954340934753418
v -1.3633160591125488 -0.14567430317401886 1.6791393756866455
v -1.3008500337600708 -0.13583800196647644 1.6091699600219727
v -1.3008500337600708 -0.13583800196647644 1.6091699600219727
v -1.283810019493103 -0.13315799832344055 1.6247600317001343
v -1.3454971313476562 -0.14287148416042328 1.6954340934753418
v -1.2868200540542603 -0.11158899962902069 1.6247600317001343
v -1.283810019493103 -0.13315799832344055 1.6247600317001343
v -1.3454971313476562 -0.14287148416042328 1.6954340934753418
v -1.3454971313476562 -0.14287148416042328 1.6954340934753418
v -1.3486624956130981 -0.12022309005260468 1.6954383850097656
v -1.2868200540542603 -0.11158899962902069 1.6247600317001343
v -1.3039000034332275 -0.11397399753332138 1.6091699600219727
v -1.3665225505828857 -0.12271703779697418 1.6791446208953857
v -1.3633160591125488 -0.14567430317401886 1.6791393756866455
v -1.3633160591125488 -0.14567430317401886 1.6791393756866455
v -1.3008500337600708 -0.13583800196647644 1.6091699600219727
v -1.3039000034332275 -0.11397399753332138 1.6091699600219727
v -1.285979986190796 -0.1340389996767044 1.6247600317001343
v -1.3030200004577637 -0.13672499358654022 1.6091699600219727
v -1.2992099523544312 -0.1584700047969818 1.6091699600219727
v -1.2992099523544312 -0.1584700047969818 1.6091699600219727
v -1.2822200059890747 -0.1554899960756302 1.6247600317001343
v -1.285979986190796 -0.1340389996767044 1.6247600317001343
v -1.3798049688339233 -0.1488136649131775 1.7322540283203125
v -1.3980298042297363 -0.15168584883213043 1.7155922651290894
v -1.3939344882965088 -0.17508608102798462 1.7156009674072266
v -1.3939344882965088 -0.17508608102798462 1.7156009674072266
v -1.3757646083831787 -0.1718989610671997 1.7322614192962646
v -1.3798049688339233 -0.1488136649131775 1.7322540283203125
v -1.3798049688339233 -0.1488136649131775 1.7322540283203125
v -1.3980298042297363 -0.15168584883213043 1.7155922651290894
v -1.3030200004577637 -0.13672499358654022 1.6091699600219727
v -1.3030200004577637 -0.13672499358654022 1.6091699600219727
v -1.285979986190796 -0.1340389996767044 1.6247600317001343
v -1.3798049688339233 -0.1488136649131775 1.7322540283203125
v -1.3757646083831787 -0.1718989610671997 1.7322614192962646
v -1.3939344882965088 -0.17508608102798462 1.7156009674072266
v -1.2992099523544312 -0.1584700047969818 1.6091699600219727
v -1.2992099523544312 -0.1584700047969818 1.6091699600219727
v -1.2822200059890747 -0.1554899960756302 1.6247600317001343
v -1.3757646083831787 -0.1718989610671997 1.7322614192962646
v -1.285979986190796 -0.1340389996767044 1.6247600317001343
v -1.2822200059890747 -0.1554899960756302 1.6247600317001343
v -1.3757646083831787 -0.1718989610671997 1.7322614192962646
v -1.3757646083831787 -0.1718989610671997 1.7322614192962646
v -1.3798049688339233 -0.1488136649131775 1.7322540283203125
v -1.285979986190796 -0.1340389996767044 1.6247600317001343
v -1.3030200004577637 -0.13672499358654022 1.6091699600219727
v -1.3980298042297363 -0.15168584883213043 1.7155922651290894
v -1.3939344882965088 -0.17508608102798462 1.7156009674072266
v -1.3939344882965088 -0.17508608102798462 1.7156009674072266
v -1.2992099523544312 -0.1584700047969818 1.6091699600219727
v -1.3030200004577637 -0.13672499358654022 1.6091699600219727
v -1.2821500301361084 -0.15591999888420105 1.6247600317001343
v -1.2991299629211426 -0.15889999270439148 1.6091699600219727
v -1.2953200340270996 -0.18064400553703308 1.6091699600219727
v -1.2953200340270996 -0.18064400553703308 1.6091699600219727
v -1.278380036354065 -0.17736999690532684 1.6247600317001343
v -1.2821500301361084 -0.15591999888420105 1.6247600317001343
v -1.4281024932861328 -0.18152199685573578 1.7924885749816895
v -1.446928858757019 -0.1848253756761551 1.7752236127853394
v -1.4426534175872803 -0.2091493457555771 1.775214433670044
v -1.4426534175872803 -0.2091493457555771 1.775214433670044
v -1.4238752126693726 -0.2055204212665558 1.7924774885177612
v -1.4281024932861328 -0.18152199685573578 1.7924885749816895
v -1.4281024932861328 -0.18152199685573578 1.7924885749816895
v -1.446928858757019 -0.1848253756761551 1.7752236127853394
v -1.2991299629211426 -0.15889999270439148 1.6091699600219727
v -1.2991299629211426 -0.15889999270439148 1.6091699600219727
v -1.2821500301361084 -0.15591999888420105 1.6247600317001343
v -1.4281024932861328 -0.18152199685573578 1.7924885749816895
v -1.4238752126693726 -0.2055204212665558 1.7924774885177612
v -1.4426534175872803 -0.2091493457555771 1.775214433670044
v -1.2953200340270996 -0.18064400553703308 1.6091699600219727
v -1.2953200340270996 -0.18064400553703308 1.6091699600219727
v -1.278380036354065 -0.17736999690532684 1.6247600317001343
v -1.4238752126693726 -0.2055204212665558 1.7924774885177612
v -1.2821500301361084 -0.15591999888420105 1.6247600317001343
v -1.278380036354065 -0.17736999690532684 1.6247600317001343
v -1.4238752126693726 -0.2055204212665558 1.7924774885177612
v -1.4238752126693726 -0.2055204212665558 1.7924774885177612
v -1.4281024932861328 -0.18152199685573578 1.7924885749816895
v -1.2821500301361084 -0.15591999888420105 1.6247600317001343
v -1.2991299629211426 -0.15889999270439148 1.6091699600219727
v -1.446928858757019 -0.1848253756761551 1.7752236127853394
v -1.4426534175872803 -0.2091493457555771 1.775214433670044
v -1.4426534175872803 -0.2091493457555771 1.775214433670044
v -1.2953200340270996 -0.18064400553703308 1.6091699600219727
v -1.2991299629211426 -0.15889999270439148 1.6091699600219727
v -1.2805299758911133 -0.17832699418067932 1.6247600317001343
v -1.2974599599838257 -0.18160699307918549 1.6091699600219727
v -1.292889952659607 -0.20320500433444977 1.6091699600219727
v -1.292889952659607 -0.20320500433444977 1.6091699600219727
v -1.2760200500488281 -0.19963300228118896 1.6247600317001343
v -1.2805299758911133 -0.17832699418067932 1.6247600317001343
v -1.341529369354248 -0.1901291459798813 1.6950761079788208
v -1.3592300415039062 -0.1935579627752304 1.6787846088409424
v -1.3544361591339111 -0.21623185276985168 1.6787898540496826
v -1.3544361591339111 -0.21623185276985168 1.6787898540496826
v -1.336798906326294 -0.21249736845493317 1.6950806379318237
v -1.341529369354248 -0.1901291459798813 1.6950761079788208
v -1.341529369354248 -0.1901291459798813 1.6950761079788208
v -1.3592300415039062 -0.1935579627752304 1.6787846088409424
v -1.2974599599838257 -0.18160699307918549 1.6091699600219727
v -1.2974599599838257 -0.18160699307918549 1.6091699600219727
v -1.2805299758911133 -0.17832699418067932 1.6247600317001343
v -1.341529369354248 -0.1901291459798813 1.6950761079788208
v -1.336798906326294 -0.21249736845493317 1.6950806379318237
v -1.3544361591339111 -0.21623185276985168 1.6787898540496826
v -1.292889952659607 -0.20320500433444977 1.6091699600219727
v -1.292889952659607 -0.20320500433444977 1.6091699600219727
v -1.2760200500488281 -0.19963300228118896 1.6247600317001343
v -1.336798906326294 -0.21249736845493317 1.6950806379318237
v -1.2805299758911133 -0.17832699418067932 1.6247600317001343
v -1.2760200500488281 -0.19963300228118896 1.6247600317001343
v -1.336798906326294 -0.21249736845493317 1.6950806379318237
v -1.336798906326294 -0.21249736845493317 1.6950806379318237
v -1.341529369354248 -0.1901291459798813 1.6950761079788208
v -1.2805299758911133 -0.17832699418067932 1.6247600317001343
v -1.2974599599838257 -0.18160699307918549 1.6091699600219727
v -1.3592300415039062 -0.1935579627752304 1.6787846088409424
v -1.3544361591339111 -0.21623185276985168 1.6787898540496826
v -1.3544361591339111 -0.21623185276985168 1.6787898540496826
v -1.292889952659607 -0.20320500433444977 1.6091699600219727
v -1.2974599599838257 -0.18160699307918549 1.6091699600219727
v -1.1891900300979614 -0.5042600035667419 1.6247600317001343
v -1.204699993133545 -0.5118060111999512 1.6091699600219727
v -1.195039987564087 -0.5316569805145264 1.6091699600219727
v -1.195039987564087 -0.5316569805145264 1.6091699600219727
v -1.1796599626541138 -0.5238419771194458 1.6247600317001343
v -1.1891900300979614 -0.5042600035667419 1.6247600317001343
v -1.2592216730117798 -0.5383358597755432 1.7129157781600952
v -1.27561616897583 -0.5463117957115173 1.6964471340179443
v -1.2653480768203735 -0.5673992037773132 1.6964415311813354
v -1.2653480768203735 -0.5673992037773132 1.6964415311813354
v -1.2490930557250977 -0.5591384172439575 1.7129089832305908
v -1.2592216730117798 -0.5383358597755432 1.7129157781600952
v -1.2592216730117798 -0.5383358597755432 1.7129157781600952
v -1.27561616897583 -0.5463117957115173 1.6964471340179443
v -1.204699993133545 -0.5118060111999512 1.6091699600219727
v -1.204699993133545 -0.5118060111999512 1.6091699600219727
v -1.1891900300979614 -0.5042600035667419 1.6247600317001343
v -1.2592216730117798 -0.5383358597755432 1.7129157781600952
v -1.2490930557250977 -0.5591384172439575 1.7129089832305908
v -1.2653480768203735 -0.5673992037773132 1.6964415311813354
v -1.195039987564087 -0.5316569805145264 1.6091699600219727
v -1.195039987564087 -0.5316569805145264 1.6091699600219727
v -1.1796599626541138 -0.5238419771194458 1.6247600317001343
v -1.2490930557250977 -0.5591384172439575 1.7129089832305908
v -1.1891900300979614 -0.5042600035667419 1.6247600317001343
v -1.1796599626541138 -0.5238419771194458 1.6247600317001343
v -1.2490930557250977 -0.5591384172439575 1.7129089832305908
v -1.2490930557250977 -0.5591384172439575 1.7129089832305908
v -1.2592216730117798 -0.5383358597755432 1.7129157781600952
v -1.1891900300979614 -0.5042600035667419 1.6247600317001343
v -1.204699993133545 -0.5118060111999512 1.6091699600219727
v -1.27561616897583 -0.5463117957115173 1.6964471340179443
v -1.2653480768203735 -0.5673992037773132 1.6964415311813354
v -1.2653480768203735 -0.5673992037773132 1.6964415311813354
v -1.195039987564087 -0.5316569805145264 1.6091699600219727
v -1.204699993133545 -0.5118060111999512 1.6091699600219727
v -1.2821500301361084 -0.15592099726200104 1.6607199907302856
v -1.299430012702942 -0.15895399451255798 1.6452100276947021
v -1.2956199645996094 -0.18071399629116058 1.6452100276947021
v -1.2956199645996094 -0.18071399629116058 1.6452100276947021
v -1.278380036354065 -0.17737099528312683 1.6607199907302856
v -1.2821500301361084 -0.15592099726200104 1.6607199907302856
v -1.3117682933807373 -0.16111649572849274 1.6954818964004517
v -1.3294049501419067 -0.16421201825141907 1.6796553134918213
v -1.3255054950714111 -0.18647028505802155 1.6796534061431885
v -1.3255054950714111 -0.18647028505802155 1.6796534061431885
v -1.307910442352295 -0.18305829167366028 1.6954796314239502
v -1.3117682933807373 -0.16111649572849274 1.6954818964004517
v -1.3117682933807373 -0.16111649572849274 1.6954818964004517
v -1.3294049501419067 -0.16421201825141907 1.6796553134918213
v -1.299430012702942 -0.15895399451255798 1.6452100276947021
v -1.299430012702942 -0.15895399451255798 1.6452100276947021
v -1.2821500301361084 -0.15592099726200104 1.6607199907302856
v -1.3117682933807373 -0.16111649572849274 1.6954818964004517
v -1.307910442352295 -0.18305829167366028 1.6954796314239502
v -1.3255054950714111 -0.18647028505802155 1.6796534061431885
v -1.2956199645996094 -0.18071399629116058 1.6452100276947021
v -1.2956199645996094 -0.18071399629116058 1.6452100276947021
v -1.278380036354065 -0.17737099528312683 1.6607199907302856
v -1.307910442352295 -0.18305829167366028 1.6954796314239502
v -1.2821500301361084 -0.15592099726200104 1.6607199907302856
v -1.278380036354065 -0.17737099528312683 1.6607199907302856
v -1.307910442352295 -0.18305829167366028 1.6954796314239502
v -1.307910442352295 -0.18305829167366028 1.6954796314239502
v -1.3117682933807373 -0.16111649572849274 1.6954818964004517
v -1.2821500301361084 -0.15592099726200104 1.6607199907302856
v -1.299430012702942 -0.15895399451255798 1.6452100276947021
v -1.3294049501419067 -0.16421201825141907 1.6796553134918213
v -1.3255054950714111 -0.18647028505802155 1.6796534061431885
v -1.3255054950714111 -0.18647028505802155 1.6796534061431885
v -1.2956199645996094 -0.18071399629116058 1.6452100276947021
v -1.299430012702942 -0.15895399451255798 1.6452100276947021
v -1.2294600009918213 -0.4004429876804352 1.697100043296814
v -1.246000051498413 -0.4067699909210205 1.6817799806594849
v -1.2377500534057617 -0.42726200819015503 1.6817799806594849
v -1.2377500534057617 -0.42726200819015503 1.6817799806594849
v -1.2213200330734253 -0.42064300179481506 1.697100043296814
v -1.2294600009918213 -0.4004429876804352 1.697100043296814
v -1.3027368783950806 -0.4285428822040558 1.789749264717102
v -1.3201829195022583 -0.4352142810821533 1.77359938621521
v -1.3114365339279175 -0.456948846578598 1.7736058235168457
v -1.3114365339279175 -0.456948846578598 1.7736058235168457
v -1.2941094636917114 -0.4499683678150177 1.7897536754608154
v -1.3027368783950806 -0.4285428822040558 1.789749264717102
v -1.3027368783950806 -0.4285428822040558 1.789749264717102
v -1.3201829195022583 -0.4352142810821533 1.77359938621521
v -1.246000051498413 -0.4067699909210205 1.6817799806594849
v -1.246000051498413 -0.4067699909210205 1.6817799806594849
v -1.2294600009918213 -0.4004429876804352 1.697100043296814
v -1.3027368783950806 -0.4285428822040558 1.789749264717102
v -1.2941094636917114 -0.4499683678150177 1.7897536754608154
v -1.3114365339279175 -0.456948846578598 1.7736058235168457
v -1.2377500534057617 -0.42726200819015503 1.6817799806594849
v -1.2377500534057617 -0.42726200819015503 1.6817799806594849
v -1.2213200330734253 -0.42064300179481506 1.697100043296814
v -1.2941094636917114 -0.4499683678150177 1.7897536754608154
v -1.2294600009918213 -0.4004429876804352 1.697100043296814
v -1.2213200330734253 -0.42064300179481506 1.697100043296814
v -1.2941094636917114 -0.4499683678150177 1.7897536754608154
v -1.2941094636917114 -0.4499683678150177 1.7897536754608154
v -1.3027368783950806 -0.4285428822040558 1.789749264717102
v -1.2294600009918213 -0.4004429876804352 1.697100043296814
v -1.246000051498413 -0.4067699909210205 1.6817799806594849
v -1.3201829195022583 -0.4352142810821533 1.77359938621521
v -1.3114365339279175 -0.456948846578598 1.7736058235168457
v -1.3114365339279175 -0.456948846578598 1.7736058235168457
v -1.2377500534057617 -0.42726200819015503 1.6817799806594849
v -1.246000051498413 -0.4067699909210205 1.6817799806594849
v -0.13576099276542664 -1.2858500480651855 1.697100043296814
v -0.1367110013961792 -1.3035399913787842 1.6817799806594849
v -0.1146320030093193 -1.3043299913406372 1.6817799806594849
v -0.1146320030093193 -1.3043299913406372 1.6817799806594849
v -0.11399699747562408 -1.2866300344467163 1.697100043296814
v -0.13576099276542664 -1.2858500480651855 1.697100043296814
v -0.13696545362472534 -1.308713436126709 1.7241270542144775
v -0.1379304677248001 -1.3266850709915161 1.7085654735565186
v -0.11546176671981812 -1.3274904489517212 1.7085671424865723
v -0.11546176671981812 -1.3274904489517212 1.7085671424865723
v -0.11481685191392899 -1.3095085620880127 1.7241286039352417
v -0.13696545362472534 -1.308713436126709 1.7241270542144775
v -0.13696545362472534 -1.308713436126709 1.7241270542144775
v -0.1379304677248001 -1.3266850709915161 1.7085654735565186
v -0.1367110013961792 -1.3035399913787842 1.6817799806594849
v -0.1367110013961792 -1.3035399913787842 1.6817799806594849
v -0.13576099276542664 -1.2858500480651855 1.697100043296814
v -0.13696545362472534 -1.308713436126709 1.7241270542144775
v -0.11481685191392899 -1.3095085620880127 1.7241286039352417
v -0.11546176671981812 -1.3274904489517212 1.7085671424865723
v -0.1146320030093193 -1.3043299913406372 1.6817799806594849
v -0.1146320030093193 -1.3043299913406372 1.6817799806594849
v -0.11399699747562408 -1.2866300344467163 1.697100043296814
v -0.11481685191392899 -1.3095085620880127 1.7241286039352417
v -0.13576099276542664 -1.2858500480651855 1.697100043296814
v -0.11399699747562408 -1.2866300344467163 1.697100043296814
v -0.11481685191392899 -1.3095085620880127 1.7241286039352417
v -0.11481685191392899 -1.3095085620880127 1.7241286039352417
v -0.13696545362472534 -1.308713436126709 1.7241270542144775
v -0.13576099276542664 -1.2858500480651855 1.697100043296814
v -0.1367110013961792 -1.3035399913787842 1.6817799806594849
v -0.1379304677248001 -1.3266850709915161 1.7085654735565186
v -0.11546176671981812 -1.3274904489517212 1.7085671424865723
v -0.11546176671981812 -1.3274904489517212 1.7085671424865723
v -0.1146320030093193 -1.3043299913406372 1.6817799806594849
v -0.1367110013961792 -1.3035399913787842 1.6817799806594849
v -1.2294600009918213 -0.4004420042037964 1.733929991722107
v -1.246150016784668 -0.40682899951934814 1.718790054321289
v -1.2379000186920166 -0.4273209869861603 1.718790054321289
v -1.2379000186920166 -0.4273209869861603 1.718790054321289
v -1.2213200330734253 -0.42064300179481506 1.733929991722107
v -1.2294600009918213 -0.4004420042037964 1.733929991722107
v -1.3068392276763916 -0.4300963580608368 1.8338425159454346
v -1.3245017528533936 -0.43685370683670044 1.817830204963684
v -1.3157211542129517 -0.45867350697517395 1.817837119102478
v -1.3157211542129517 -0.45867350697517395 1.817837119102478
v -1.2981783151626587 -0.451606422662735 1.8338475227355957
v -1.3068392276763916 -0.4300963580608368 1.8338425159454346
v -1.3068392276763916 -0.4300963580608368 1.8338425159454346
v -1.3245017528533936 -0.43685370683670044 1.817830204963684
v -1.246150016784668 -0.40682899951934814 1.718790054321289
v -1.246150016784668 -0.40682899951934814 1.718790054321289
v -1.2294600009918213 -0.4004420042037964 1.733929991722107
v -1.3068392276763916 -0.4300963580608368 1.8338425159454346
v -1.2981783151626587 -0.451606422662735 1.8338475227355957
v -1.3157211542129517 -0.45867350697517395 1.817837119102478
v -1.2379000186920166 -0.4273209869861603 1.718790054321289
v -1.2379000186920166 -0.4273209869861603 1.718790054321289
v -1.2213200330734253 -0.42064300179481506 1.733929991722107
v -1.2981783151626587 -0.451606422662735 1.8338475227355957
v -1.2294600009918213 -0.4004420042037964 1.733929991722107
v -1.2213200330734253 -0.42064300179481506 1.733929991722107
v -1.2981783151626587 -0.451606422662735 1.8338475227355957
v -1.2981783151626587 -0.451606422662735 1.8338475227355957
v -1.3068392276763916 -0.4300963580608368 1.8338425159454346
v -1.2294600009918213 -0.4004420042037964 1.733929991722107
v -1.246150016784668 -0.40682899951934814 1.718790054321289
v -1.3245017528533936 -0.43685370683670044 1.817830204963684
v -1.3157211542129517 -0.45867350697517395 1.817837119102478
v -1.3157211542129517 -0.45867350697517395 1.817837119102478
v -1.2379000186920166 -0.4273209869861603 1.718790054321289
v -1.246150016784668 -0.40682899951934814 1.718790054321289
v -0.3122130036354065 1.2547399997711182 1.771209955215454
v -0.3174690008163452 1.2719899415969849 1.7562600374221802
v -0.33848699927330017 1.265179991722107 1.7562600374221802
v -0.33848699927330017 1.265179991722107 1.7562600374221802
v -0.3329310119152069 1.2480299472808838 1.771209955215454
v -0.3122130036354065 1.2547399997711182 1.771209955215454
v -0.31935766339302063 1.2781665325164795 1.8013765811920166
v -0.32470524311065674 1.2957172393798828 1.7861685752868652
v -0.34613046050071716 1.2887779474258423 1.7861696481704712
v -0.34613046050071716 1.2887779474258423 1.7861696481704712
v -0.3404778242111206 1.2713277339935303 1.8013783693313599
v -0.31935766339302063 1.2781665325164795 1.8013765811920166
v -0.31935766339302063 1.2781665325164795 1.8013765811920166
v -0.32470524311065674 1.2957172393798828 1.7861685752868652
v -0.3174690008163452 1.2719899415969849 1.7562600374221802
v -0.3174690008163452 1.2719899415969849 1.7562600374221802
v -0.3122130036354065 1.2547399997711182 1.771209955215454
v -0.31935766339302063 1.2781665325164795 1.8013765811920166
v -0.3404778242111206 1.2713277339935303 1.8013783693313599
v -0.34613046050071716 1.2887779474258423 1.7861696481704712
v -0.33848699927330017 1.265179991722107 1.7562600374221802
v -0.33848699927330017 1.265179991722107 1.7562600374221802
v -0.3329310119152069 1.2480299472808838 1.771209955215454
v -0.3404778242111206 1.2713277339935303 1.8013783693313599
v -0.3122130036354065 1.2547399997711182 1.771209955215454
v -0.3329310119152069 1.2480299472808838 1.771209955215454
v -0.3404778242111206 1.2713277339935303 1.8013783693313599
v -0.3404778242111206 1.2713277339935303 1.8013783693313599
v -0.31935766339302063 1.2781665325164795 1.8013765811920166
v -0.3122130036354065 1.2547399997711182 1.771209955215454
v -0.3174690008163452 1.2719899415969849 1.7562600374221802
v -0.32470524311065674 1.2957172393798828 1.7861685752868652
v -0.34613046050071716 1.2887779474258423 1.7861696481704712
v -0.34613046050071716 1.2887779474258423 1.7861696481704712
v -0.33848699927330017 1.265179991722107 1.7562600374221802
v -0.3174690008163452 1.2719899415969849 1.7562600374221802
v -1.1814600229263306 -0.5253520011901855 1.771209955215454
v -1.1975300312042236 -0.5335239768028259 1.7562600374221802
v -1.1871800422668457 -0.5530400276184082 1.7562600374221802
v -1.1871800422668457 -0.5530400276184082 1.7562600374221802
v -1.1712499856948853 -0.5445899963378906 1.771209955215454
v -1.1814600229263306 -0.5253520011901855 1.771209955215454
v -1.2027612924575806 -0.5361872315406799 1.8006457090377808
v -1.219105839729309 -0.5444980263710022 1.7854431867599487
v -1.2085611820220947 -0.5643835663795471 1.785445213317871
v -1.2085611820220947 -0.5643835663795471 1.785445213317871
v -1.1923606395721436 -0.5557897090911865 1.8006466627120972
v -1.2027612924575806 -0.5361872315406799 1.8006457090377808
v -1.2027612924575806 -0.5361872315406799 1.8006457090377808
v -1.219105839729309 -0.5444980263710022 1.7854431867599487
v -1.1975300312042236 -0.5335239768028259 1.7562600374221802
v -1.1975300312042236 -0.5335239768028259 1.7562600374221802
v -1.1814600229263306 -0.5253520011901855 1.771209955215454
v -1.2027612924575806 -0.5361872315406799 1.8006457090377808
v -1.1923606395721436 -0.5557897090911865 1.8006466627120972
v -1.2085611820220947 -0.5643835663795471 1.785445213317871
v -1.1871800422668457 -0.5530400276184082 1.7562600374221802
v -1.1871800422668457 -0.5530400276184082 1.7562600374221802
v -1.1712499856948853 -0.5445899963378906 1.771209955215454
v -1.1923606395721436 -0.5557897090911865 1.8006466627120972
v -1.1814600229263306 -0.5253520011901855 1.771209955215454
v -1.1712499856948853 -0.5445899963378906 1.771209955215454
v -1.1923606395721436 -0.5557897090911865 1.8006466627120972
v -1.1923606395721436 -0.5557897090911865 1.8006466627120972
v -1.2027612924575806 -0.5361872315406799 1.8006457090377808
v -1.1814600229263306 -0.5253520011901855 1.771209955215454
v -1.1975300312042236 -0.5335239768028259 1.7562600374221802
v -1.219105839729309 -0.5444980263710022 1.7854431867599487
v -1.2085611820220947 -0.5643835663795471 1.785445213317871
v -1.2085611820220947 -0.5643835663795471 1.785445213317871
v -1.1871800422668457 -0.5530400276184082 1.7562600374221802
v -1.1975300312042236 -0.5335239768028259 1.7562600374221802
v -1.0708199739456177 -0.7246159911155701 1.771209955215454
v -1.0852299928665161 -0.7354519963264465 1.7562600374221802
v -1.0716500282287598 -0.7528759837150574 1.7562600374221802
v -1.0716500282287598 -0.7528759837150574 1.7562600374221802
v -1.0574300289154053 -0.7417910099029541 1.771209955215454
v -1.0708199739456177 -0.7246159911155701 1.771209955215454
v -1.0915955305099487 -0.7402442097663879 1.8032294511795044
v -1.1062723398208618 -0.7512810230255127 1.7880054712295532
v -1.0924140214920044 -0.7690640091896057 1.7880077362060547
v -1.0924140214920044 -0.7690640091896057 1.7880077362060547
v -1.0779308080673218 -0.7577738165855408 1.8032315969467163
v -1.0915955305099487 -0.7402442097663879 1.8032294511795044
v -1.0915955305099487 -0.7402442097663879 1.8032294511795044
v -1.1062723398208618 -0.7512810230255127 1.7880054712295532
v -1.0852299928665161 -0.7354519963264465 1.7562600374221802
v -1.0852299928665161 -0.7354519963264465 1.7562600374221802
v -1.0708199739456177 -0.7246159911155701 1.771209955215454
v -1.0915955305099487 -0.7402442097663879 1.8032294511795044
v -1.0779308080673218 -0.7577738165855408 1.8032315969467163
v -1.0924140214920044 -0.7690640091896057 1.7880077362060547
v -1.0716500282287598 -0.7528759837150574 1.7562600374221802
v -1.0716500282287598 -0.7528759837150574 1.7562600374221802
v -1.0574300289154053 -0.7417910099029541 1.771209955215454
v -1.0779308080673218 -0.7577738165855408 1.8032315969467163
v -1.0708199739456177 -0.7246159911155701 1.771209955215454
v -1.0574300289154053 -0.7417910099029541 1.771209955215454
v -1.0779308080673218 -0.7577738165855408 1.8032315969467163
v -1.0779308080673218 -0.7577738165855408 1.8032315969467163
v -1.0915955305099487 -0.7402442097663879 1.8032294511795044
v -1.0708199739456177 -0.7246159911155701 1.771209955215454
v -1.0852299928665161 -0.7354519963264465 1.7562600374221802
v -1.1062723398208618 -0.7512810230255127 1.7880054712295532
v -1.0924140214920044 -0.7690640091896057 1.7880077362060547
v -1.0924140214920044 -0.7690640091896057 1.7880077362060547
v -1.0716500282287598 -0.7528759837150574 1.7562600374221802
v -1.0852299928665161 -0.7354519963264465 1.7562600374221802
v -1.0309499502182007 -0.7781950235366821 1.771209955215454
v -1.0447800159454346 -0.7897700071334839 1.7562600374221802
v -1.0305900573730469 -0.8067089915275574 1.7562600374221802
v -1.0305900573730469 -0.8067089915275574 1.7562600374221802
v -1.0169700384140015 -0.7948920130729675 1.771209955215454
v -1.0309499502182007 -0.7781950235366821 1.771209955215454
v -1.060915470123291 -0.8032870292663574 1.8193542957305908
v -1.0751283168792725 -0.8151848912239075 1.8039934635162354
v -1.0604994297027588 -0.8326453566551208 1.8039900064468384
v -1.0604994297027588 -0.8326453566551208 1.8039900064468384
v -1.0464999675750732 -0.82049959897995 1.8193520307540894
v -1.060915470123291 -0.8032870292663574 1.8193542957305908
v -1.060915470123291 -0.8032870292663574 1.8193542957305908
v -1.0751283168792725 -0.8151848912239075 1.8039934635162354
v -1.0447800159454346 -0.7897700071334839 1.7562600374221802
v -1.0447800159454346 -0.7897700071334839 1.7562600374221802
v -1.0309499502182007 -0.7781950235366821 1.771209955215454
v -1.060915470123291 -0.8032870292663574 1.8193542957305908
v -1.0464999675750732 -0.82049959897995 1.8193520307540894
v -1.0604994297027588 -0.8326453566551208 1.8039900064468384
v -1.0305900573730469 -0.8067089915275574 1.7562600374221802
v -1.0305900573730469 -0.8067089915275574 1.7562600374221802
v -1.0169700384140015 -0.7948920130729675 1.771209955215454
v -1.0464999675750732 -0.82049959897995 1.8193520307540894
v -1.0309499502182007 -0.7781950235366821 1.771209955215454
v -1.0169700384140015 -0.7948920130729675 1.771209955215454
v -1.0464999675750732 -0.82049959897995 1.8193520307540894
v -1.0464999675750732 -0.82049959897995 1.8193520307540894
v -1.060915470123291 -0.8032870292663574 1.8193542957305908
v -1.0309499502182007 -0.7781950235366821 1.771209955215454
v -1.0447800159454346 -0.7897700071334839 1.7562600374221802
v -1.0751283168792725 -0.8151848912239075 1.8039934635162354
v -1.0604994297027588 -0.8326453566551208 1.8039900064468384
v -1.0604994297027588 -0.8326453566551208 1.8039900064468384
v -1.0305900573730469 -0.8067089915275574 1.7562600374221802
v -1.0447800159454346 -0.7897700071334839 1.7562600374221802
v -1.0571600198745728 -0.7421370148658752 1.8089799880981445
v -1.0714999437332153 -0.7533169984817505 1.7942099571228027
v -1.057919979095459 -0.7707409858703613 1.7942099571228027
v -1.057919979095459 -0.7707409858703613 1.7942099571228027
v -1.0437699556350708 -0.7593119740486145 1.8089799880981445
v -1.0571600198745728 -0.7421370148658752 1.8089799880981445
v -1.0874743461608887 -0.7657698392868042 1.8573468923568726
v -1.1022104024887085 -0.7772591710090637 1.8421733379364014
v -1.0882097482681274 -0.7952182292938232 1.8421707153320312
v -1.0882097482681274 -0.7952182292938232 1.8421707153320312
v -1.0736690759658813 -0.783473014831543 1.857344388961792
v -1.0874743461608887 -0.7657698392868042 1.8573468923568726
v -1.0874743461608887 -0.7657698392868042 1.8573468923568726
v -1.1022104024887085 -0.7772591710090637 1.8421733379364014
v -1.0714999437332153 -0.7533169984817505 1.7942099571228027
v -1.0714999437332153 -0.7533169984817505 1.7942099571228027
v -1.0571600198745728 -0.7421370148658752 1.8089799880981445
v -1.0874743461608887 -0.7657698392868042 1.8573468923568726
v -1.0736690759658813 -0.783473014831543 1.857344388961792
v -1.0882097482681274 -0.7952182292938232 1.8421707153320312
v -1.057919979095459 -0.7707409858703613 1.7942099571228027
v -1.057919979095459 -0.7707409858703613 1.7942099571228027
v -1.0437699556350708 -0.7593119740486145 1.8089799880981445
v -1.0736690759658813 -0.783473014831543 1.857344388961792
v -1.0571600198745728 -0.7421370148658752 1.8089799880981445
v -1.0437699556350708 -0.7593119740486145 1.8089799880981445
v -1.0736690759658813 -0.783473014831543 1.857344388961792
v -1.0736690759658813 -0.783473014831543 1.857344388961792
v -1.0874743461608887 -0.7657698392868042 1.8573468923568726
v -1.0571600198745728 -0.7421370148658752 1.8089799880981445
v -1.0714999437332153 -0.7533169984817505 1.7942099571228027
v -1.1022104024887085 -0.7772591710090637 1.8421733379364014
v -1.0882097482681274 -0.7952182292938232 1.8421707153320312
v -1.0882097482681274 -0.7952182292938232 1.8421707153320312
v -1.057919979095459 -0.7707409858703613 1.7942099571228027
v -1.0714999437332153 -0.7533169984817505 1.7942099571228027
v -0.9453970193862915 0.8801569938659668 1.8594000339508057
v -0.9595749974250793 0.8920789957046509 1.8446799516677856
v -0.9738039970397949 0.8751580119132996 1.8446799516677856
v -0.9738039970397949 0.8751580119132996 1.8446799516677856
v -0.9594119787216187 0.8634889721870422 1.8594000339508057
v -0.9453970193862915 0.8801569938659668 1.8594000339508057
v -0.9636965394020081 0.8955433368682861 1.890094518661499
v -0.9781026840209961 0.9076579809188843 1.875139594078064
v -0.9925895929336548 0.8904284238815308 1.8751379251480103
v -0.9925895929336548 0.8904284238815308 1.8751379251480103
v -0.977965235710144 0.8785712122917175 1.890093207359314
v -0.9636965394020081 0.8955433368682861 1.890094518661499
v -0.9636965394020081 0.8955433368682861 1.890094518661499
v -0.9781026840209961 0.9076579809188843 1.875139594078064
v -0.9595749974250793 0.8920789957046509 1.8446799516677856
v -0.9595749974250793 0.8920789957046509 1.8446799516677856
v -0.9453970193862915 0.8801569938659668 1.8594000339508057
v -0.9636965394020081 0.8955433368682861 1.890094518661499
v -0.977965235710144 0.8785712122917175 1.890093207359314
v -0.9925895929336548 0.8904284238815308 1.8751379251480103
v -0.9738039970397949 0.8751580119132996 1.8446799516677856
v -0.9738039970397949 0.8751580119132996 1.8446799516677856
v -0.9594119787216187 0.8634889721870422 1.8594000339508057
v -0.977965235710144 0.8785712122917175 1.890093207359314
v -0.9453970193862915 0.8801569938659668 1.8594000339508057
v -0.9594119787216187 0.8634889721870422 1.8594000339508057
v -0.977965235710144 0.8785712122917175 1.890093207359314
v -0.977965235710144 0.8785712122917175 1.890093207359314
v -0.9636965394020081 0.8955433368682861 1.890094518661499
v -0.9453970193862915 0.8801569938659668 1.8594000339508057
v -0.9595749974250793 0.8920789957046509 1.8446799516677856
v -0.9781026840209961 0.9076579809188843 1.875139594078064
v -0.9925895929336548 0.8904284238815308 1.8751379251480103
v -0.9925895929336548 0.8904284238815308 1.8751379251480103
v -0.9738039970397949 0.8751580119132996 1.8446799516677856
v -0.9595749974250793 0.8920789957046509 1.8446799516677856
v -1.2581499814987183 0.29200100898742676 1.8594000339508057
v -1.2763899564743042 0.29523399472236633 1.8446799516677856
v -1.2802499532699585 0.27346399426460266 1.8446799516677856
v -1.2802499532699585 0.27346399426460266 1.8446799516677856
v -1.2619500160217285 0.2705569863319397 1.8594000339508057
v -1.2581499814987183 0.29200100898742676 1.8594000339508057
v -1.3482575416564941 0.307971328496933 1.976888656616211
v -1.3676230907440186 0.3114040791988373 1.9612692594528198
v -1.3717488050460815 0.28811922669410706 1.96126127243042
v -1.3717488050460815 0.28811922669410706 1.96126127243042
v -1.3523180484771729 0.2850322127342224 1.9768823385238647
v -1.3482575416564941 0.307971328496933 1.976888656616211
v -1.3482575416564941 0.307971328496933 1.976888656616211
v -1.3676230907440186 0.3114040791988373 1.9612692594528198
v -1.2763899564743042 0.29523399472236633 1.8446799516677856
v -1.2763899564743042 0.29523399472236633 1.8446799516677856
v -1.2581499814987183 0.29200100898742676 1.8594000339508057
v -1.3482575416564941 0.307971328496933 1.976888656616211
v -1.3523180484771729 0.2850322127342224 1.9768823385238647
v -1.3717488050460815 0.28811922669410706 1.96126127243042
v -1.2802499532699585 0.27346399426460266 1.8446799516677856
v -1.2802499532699585 0.27346399426460266 1.8446799516677856
v -1.2619500160217285 0.2705569863319397 1.8594000339508057
v -1.3523180484771729 0.2850322127342224 1.9768823385238647
v -1.2581499814987183 0.29200100898742676 1.8594000339508057
v -1.2619500160217285 0.2705569863319397 1.8594000339508057
v -1.3523180484771729 0.2850322127342224 1.9768823385238647
v -1.3523180484771729 0.2850322127342224 1.9768823385238647
v -1.3482575416564941 0.307971328496933 1.976888656616211
v -1.2581499814987183 0.29200100898742676 1.8594000339508057
v -1.2763899564743042 0.29523399472236633 1.8446799516677856
v -1.3676230907440186 0.3114040791988373 1.9612692594528198
v -1.3717488050460815 0.28811922669410706 1.96126127243042
v -1.3717488050460815 0.28811922669410706 1.96126127243042
v -1.2802499532699585 0.27346399426460266 1.8446799516677856
v -1.2763899564743042 0.29523399472236633 1.8446799516677856
v -1.2642899751663208 0.2703950107097626 1.8594000339508057
v -1.2825900316238403 0.27331700921058655 1.8446799516677856
v -1.2856800556182861 0.25142601132392883 1.8446799516677856
v -1.2856800556182861 0.25142601132392883 1.8446799516677856
v -1.2673399448394775 0.24883200228214264 1.8594000339508057
v -1.2642899751663208 0.2703950107097626 1.8594000339508057
v -1.2934383153915405 0.2750113010406494 1.8972831964492798
v -1.3121029138565063 0.27799132466316223 1.8822726011276245
v -1.3152636289596558 0.25560954213142395 1.882274866104126
v -1.3152636289596558 0.25560954213142395 1.882274866104126
v -1.2965584993362427 0.25296393036842346 1.897284984588623
v -1.2934383153915405 0.2750113010406494 1.8972831964492798
v -1.2934383153915405 0.2750113010406494 1.8972831964492798
v -1.3121029138565063 0.27799132466316223 1.8822726011276245
v -1.2825900316238403 0.27331700921058655 1.8446799516677856
v -1.2825900316238403 0.27331700921058655 1.8446799516677856
v -1.2642899751663208 0.2703950107097626 1.8594000339508057
v -1.2934383153915405 0.2750113010406494 1.8972831964492798
v -1.2965584993362427 0.25296393036842346 1.897284984588623
v -1.3152636289596558 0.25560954213142395 1.882274866104126
v -1.2856800556182861 0.25142601132392883 1.8446799516677856
v -1.2856800556182861 0.25142601132392883 1.8446799516677856
v -1.2673399448394775 0.24883200228214264 1.8594000339508057
v -1.2965584993362427 0.25296393036842346 1.897284984588623
v -1.2642899751663208 0.2703950107097626 1.8594000339508057
v -1.2673399448394775 0.24883200228214264 1.8594000339508057
v -1.2965584993362427 0.25296393036842346 1.897284984588623
v -1.2965584993362427 0.25296393036842346 1.897284984588623
v -1.2934383153915405 0.2750113010406494 1.8972831964492798
v -1.2642899751663208 0.2703950107097626 1.8594000339508057
v -1.2825900316238403 0.27331700921058655 1.8446799516677856
v -1.3121029138565063 0.27799132466316223 1.8822726011276245
v -1.3152636289596558 0.25560954213142395 1.882274866104126
v -1.3152636289596558 0.25560954213142395 1.882274866104126
v -1.2856800556182861 0.25142601132392883 1.8446799516677856
v -1.2825900316238403 0.27331700921058655 1.8446799516677856
v -1.2821400165557861 -0.15592199563980103 1.8594000339508057
v -1.3003900051116943 -0.1591230034828186 1.8446799516677856
v -1.2965699434280396 -0.1808989942073822 1.8446799516677856
v -1.2965699434280396 -0.1808989942073822 1.8446799516677856
v -1.278380036354065 -0.17737199366092682 1.8594000339508057
v -1.2821400165557861 -0.15592199563980103 1.8594000339508057
v -1.300868034362793 -0.15920715034008026 1.88381028175354
v -1.3193519115447998 -0.16244910657405853 1.868903398513794
v -1.3154757022857666 -0.18453970551490784 1.8689020872116089
v -1.3154757022857666 -0.18453970551490784 1.8689020872116089
v -1.2970521450042725 -0.18096761405467987 1.8838093280792236
v -1.300868034362793 -0.15920715034008026 1.88381028175354
v -1.300868034362793 -0.15920715034008026 1.88381028175354
v -1.3193519115447998 -0.16244910657405853 1.868903398513794
v -1.3003900051116943 -0.1591230034828186 1.8446799516677856
v -1.3003900051116943 -0.1591230034828186 1.8446799516677856
v -1.2821400165557861 -0.15592199563980103 1.8594000339508057
v -1.300868034362793 -0.15920715034008026 1.88381028175354
v -1.2970521450042725 -0.18096761405467987 1.8838093280792236
v -1.3154757022857666 -0.18453970551490784 1.8689020872116089
v -1.2965699434280396 -0.1808989942073822 1.8446799516677856
v -1.2965699434280396 -0.1808989942073822 1.8446799516677856
v -1.278380036354065 -0.17737199366092682 1.8594000339508057
v -1.2970521450042725 -0.18096761405467987 1.8838093280792236
v -1.2821400165557861 -0.15592199563980103 1.8594000339508057
v -1.278380036354065 -0.17737199366092682 1.8594000339508057
v -1.2970521450042725 -0.18096761405467987 1.8838093280792236
v -1.2970521450042725 -0.18096761405467987 1.8838093280792236
v -1.300868034362793 -0.15920715034008026 1.88381028175354
v -1.2821400165557861 -0.15592199563980103 1.8594000339508057
v -1.3003900051116943 -0.1591230034828186 1.8446799516677856
v -1.3193519115447998 -0.16244910657405853 1.868903398513794
v -1.3154757022857666 -0.18453970551490784 1.8689020872116089
v -1.3154757022857666 -0.18453970551490784 1.8689020872116089
v -1.2965699434280396 -0.1808989942073822 1.8446799516677856
v -1.3003900051116943 -0.1591230034828186 1.8446799516677856
v -1.0183500051498413 -0.7967910170555115 1.8594000339508057
v -1.032349944114685 -0.8089269995689392 1.8446799516677856
v -1.0175800323486328 -0.8253710269927979 1.8446799516677856
v -1.0175800323486328 -0.8253710269927979 1.8446799516677856
v -1.0038000345230103 -0.8129889965057373 1.8594000339508057
v -1.0183500051498413 -0.7967910170555115 1.8594000339508057
v -1.0337809324264526 -0.8102011680603027 1.885642647743225
v -1.0479741096496582 -0.8225045800209045 1.8707215785980225
v -1.0329738855361938 -0.8392052054405212 1.8707236051559448
v -1.0329738855361938 -0.8392052054405212 1.8707236051559448
v -1.0190047025680542 -0.8266521692276001 1.8856441974639893
v -1.0337809324264526 -0.8102011680603027 1.885642647743225
v -1.0337809324264526 -0.8102011680603027 1.885642647743225
v -1.0479741096496582 -0.8225045800209045 1.8707215785980225
v -1.032349944114685 -0.8089269995689392 1.8446799516677856
v -1.032349944114685 -0.8089269995689392 1.8446799516677856
v -1.0183500051498413 -0.7967910170555115 1.8594000339508057
v -1.0337809324264526 -0.8102011680603027 1.885642647743225
v -1.0190047025680542 -0.8266521692276001 1.8856441974639893
v -1.0329738855361938 -0.8392052054405212 1.8707236051559448
v -1.0175800323486328 -0.8253710269927979 1.8446799516677856
v -1.0175800323486328 -0.8253710269927979 1.8446799516677856
v -1.0038000345230103 -0.8129889965057373 1.8594000339508057
v -1.0190047025680542 -0.8266521692276001 1.8856441974639893
v -1.0183500051498413 -0.7967910170555115 1.8594000339508057
v -1.0038000345230103 -0.8129889965057373 1.8594000339508057
v -1.0190047025680542 -0.8266521692276001 1.8856441974639893
v -1.0190047025680542 -0.8266521692276001 1.8856441974639893
v -1.0337809324264526 -0.8102011680603027 1.885642647743225
v -1.0183500051498413 -0.7967910170555115 1.8594000339508057
v -1.032349944114685 -0.8089269995689392 1.8446799516677856
v -1.0479741096496582 -0.8225045800209045 1.8707215785980225
v -1.0329738855361938 -0.8392052054405212 1.8707236051559448
v -1.0329738855361938 -0.8392052054405212 1.8707236051559448
v -1.0175800323486328 -0.8253710269927979 1.8446799516677856
v -1.032349944114685 -0.8089269995689392 1.8446799516677856
v -1.2581499814987183 0.29200100898742676 1.8985199928283691
v -1.2765300273895264 0.2952579855918884 1.8839800357818604
v -1.2803900241851807 0.27348899841308594 1.8839800357818604
v -1.2803900241851807 0.27348899841308594 1.8839800357818604
v -1.2619500160217285 0.2705569863319397 1.8985199928283691
v -1.2581499814987183 0.29200100898742676 1.8985199928283691
v -1.2989503145217896 0.2992323338985443 1.9528025388717651
v -1.317851185798645 0.3025816082954407 1.9378546476364136
v -1.321831226348877 0.28011786937713623 1.937852382659912
v -1.321831226348877 0.28011786937713623 1.937852382659912
v -1.3028697967529297 0.2771030366420746 1.9527995586395264
v -1.2989503145217896 0.2992323338985443 1.9528025388717651
v -1.2989503145217896 0.2992323338985443 1.9528025388717651
v -1.317851185798645 0.3025816082954407 1.9378546476364136
v -1.2765300273895264 0.2952579855918884 1.8839800357818604
v -1.2765300273895264 0.2952579855918884 1.8839800357818604
v -1.2581499814987183 0.29200100898742676 1.8985199928283691
v -1.2989503145217896 0.2992323338985443 1.9528025388717651
v -1.3028697967529297 0.2771030366420746 1.9527995586395264
v -1.321831226348877 0.28011786937713623 1.937852382659912
v -1.2803900241851807 0.27348899841308594 1.8839800357818604
v -1.2803900241851807 0.27348899841308594 1.8839800357818604
v -1.2619500160217285 0.2705569863319397 1.8985199928283691
v -1.3028697967529297 0.2771030366420746 1.9527995586395264
v -1.2581499814987183 0.29200100898742676 1.8985199928283691
v -1.2619500160217285 0.2705569863319397 1.8985199928283691
v -1.3028697967529297 0.2771030366420746 1.9527995586395264
v -1.3028697967529297 0.2771030366420746 1.9527995586395264
v -1.2989503145217896 0.2992323338985443 1.9528025388717651
v -1.2581499814987183 0.29200100898742676 1.8985199928283691
v -1.2765300273895264 0.2952579855918884 1.8839800357818604
v -1.317851185798645 0.3025816082954407 1.9378546476364136
v -1.321831226348877 0.28011786937713623 1.937852382659912
v -1.321831226348877 0.28011786937713623 1.937852382659912
v -1.2803900241851807 0.27348899841308594 1.8839800357818604
v -1.2765300273895264 0.2952579855918884 1.8839800357818604
v -1.2642899751663208 0.2703950107097626 1.8985199928283691
v -1.282729983329773 0.2733370065689087 1.8839800357818604
v -1.285830020904541 0.251446008682251 1.8839800357818604
v -1.285830020904541 0.251446008682251 1.8839800357818604
v -1.2673399448394775 0.24883200228214264 1.8985199928283691
v -1.2642899751663208 0.2703950107097626 1.8985199928283691
v -1.2831950187683105 0.2733928859233856 1.923590064048767
v -1.3018749952316284 0.27637338638305664 1.908862590789795
v -1.3050214052200317 0.2541600167751312 1.9088640213012695
v -1.3050214052200317 0.2541600167751312 1.9088640213012695
v -1.2862902879714966 0.2515118420124054 1.9235918521881104
v -1.2831950187683105 0.2733928859233856 1.923590064048767
v -1.2831950187683105 0.2733928859233856 1.923590064048767
v -1.3018749952316284 0.27637338638305664 1.908862590789795
v -1.282729983329773 0.2733370065689087 1.8839800357818604
v -1.282729983329773 0.2733370065689087 1.8839800357818604
v -1.2642899751663208 0.2703950107097626 1.8985199928283691
v -1.2831950187683105 0.2733928859233856 1.923590064048767
v -1.2862902879714966 0.2515118420124054 1.9235918521881104
v -1.3050214052200317 0.2541600167751312 1.9088640213012695
v -1.285830020904541 0.251446008682251 1.8839800357818604
v -1.285830020904541 0.251446008682251 1.8839800357818604
v -1.2673399448394775 0.24883200228214264 1.8985199928283691
v -1.2862902879714966 0.2515118420124054 1.9235918521881104
v -1.2642899751663208 0.2703950107097626 1.8985199928283691
v -1.2673399448394775 0.24883200228214264 1.8985199928283691
v -1.2862902879714966 0.2515118420124054 1.9235918521881104
v -1.2862902879714966 0.2515118420124054 1.9235918521881104
v -1.2831950187683105 0.2733928859233856 1.923590064048767
v -1.2642899751663208 0.2703950107097626 1.8985199928283691
v -1.282729983329773 0.2733370065689087 1.8839800357818604
v -1.3018749952316284 0.27637338638305664 1.908862590789795
v -1.3050214052200317 0.2541600167751312 1.9088640213012695
v -1.3050214052200317 0.2541600167751312 1.9088640213012695
v -1.285830020904541 0.251446008682251 1.8839800357818604
v -1.282729983329773 0.2733370065689087 1.8839800357818604
v -1.2899500131607056 0.08876930177211761 1.9782700538635254
v -1.3088899850845337 0.08911920338869095 1.9641000032424927
v -1.3089200258255005 0.06701070070266724 1.9641000032424927
v -1.3089200258255005 0.06701070070266724 1.9641000032424927
v -1.28997004032135 0.06699150055646896 1.9782700538635254
v -1.2899500131607056 0.08876930177211761 1.9782700538635254
v -1.308663010597229 0.0891108363866806 2.003802537918091
v -1.3278534412384033 0.08946534246206284 1.989446997642517
v -1.3278837203979492 0.0670299157500267 1.989449143409729
v -1.3278837203979492 0.0670299157500267 1.989449143409729
v -1.308685064315796 0.06701045483350754 2.003803253173828
v -1.308663010597229 0.0891108363866806 2.003802537918091
v -1.308663010597229 0.0891108363866806 2.003802537918091
v -1.3278534412384033 0.08946534246206284 1.989446997642517
v -1.3088899850845337 0.08911920338869095 1.9641000032424927
v -1.3088899850845337 0.08911920338869095 1.9641000032424927
v -1.2899500131607056 0.08876930177211761 1.9782700538635254
v -1.308663010597229 0.0891108363866806 2.003802537918091
v -1.308685064315796 0.06701045483350754 2.003803253173828
v -1.3278837203979492 0.0670299157500267 1.989449143409729
v -1.3089200258255005 0.06701070070266724 1.9641000032424927
v -1.3089200258255005 0.06701070070266724 1.9641000032424927
v -1.28997004032135 0.06699150055646896 1.9782700538635254
v -1.308685064315796 0.06701045483350754 2.003803253173828
v -1.2899500131607056 0.08876930177211761 1.9782700538635254
v -1.28997004032135 0.06699150055646896 1.9782700538635254
v -1.308685064315796 0.06701045483350754 2.003803253173828
v -1.308685064315796 0.06701045483350754 2.003803253173828
v -1.308663010597229 0.0891108363866806 2.003802537918091
v -1.2899500131607056 0.08876930177211761 1.9782700538635254
v -1.3088899850845337 0.08911920338869095 1.9641000032424927
v -1.3278534412384033 0.08946534246206284 1.989446997642517
v -1.3278837203979492 0.0670299157500267 1.989449143409729
v -1.3278837203979492 0.0670299157500267 1.989449143409729
v -1.3089200258255005 0.06701070070266724 1.9641000032424927
v -1.3088899850845337 0.08911920338869095 1.9641000032424927
v -1.2898900508880615 -0.08958470076322556 2.102479934692383
v -1.3092299699783325 -0.0919376015663147 2.0887598991394043
v -1.3061699867248535 -0.11384700238704681 2.0887598991394043
v -1.3061699867248535 -0.11384700238704681 2.0887598991394043
v -1.2868800163269043 -0.1111529991030693 2.102479934692383
v -1.2898900508880615 -0.08958470076322556 2.102479934692383
v -1.3374347686767578 -0.09541133791208267 2.171788215637207
v -1.3573999404907227 -0.09784004092216492 2.1576285362243652
v -1.3542289733886719 -0.12055657058954239 2.157632350921631
v -1.3542289733886719 -0.12055657058954239 2.157632350921631
v -1.3343141078948975 -0.1177758276462555 2.171792507171631
v -1.3374347686767578 -0.09541133791208267 2.171788215637207
v -1.3374347686767578 -0.09541133791208267 2.171788215637207
v -1.3573999404907227 -0.09784004092216492 2.1576285362243652
v -1.3092299699783325 -0.0919376015663147 2.0887598991394043
v -1.3092299699783325 -0.0919376015663147 2.0887598991394043
v -1.2898900508880615 -0.08958470076322556 2.102479934692383
v -1.3374347686767578 -0.09541133791208267 2.171788215637207
v -1.3343141078948975 -0.1177758276462555 2.171792507171631
v -1.3542289733886719 -0.12055657058954239 2.157632350921631
v -1.3061699867248535 -0.11384700238704681 2.0887598991394043
v -1.3061699867248535 -0.11384700238704681 2.0887598991394043
v -1.2868800163269043 -0.1111529991030693 2.102479934692383
v -1.3343141078948975 -0.1177758276462555 2.171792507171631
v -1.2898900508880615 -0.08958470076322556 2.102479934692383
v -1.2868800163269043 -0.1111529991030693 2.102479934692383
v -1.3343141078948975 -0.1177758276462555 2.171792507171631
v -1.3343141078948975 -0.1177758276462555 2.171792507171631
v -1.3374347686767578 -0.09541133791208267 2.171788215637207
v -1.2898900508880615 -0.08958470076322556 2.102479934692383
v -1.3092299699783325 -0.0919376015663147 2.0887598991394043
v -1.3573999404907227 -0.09784004092216492 2.1576285362243652
v -1.3542289733886719 -0.12055657058954239 2.157632350921631
v -1.3542289733886719 -0.12055657058954239 2.157632350921631
v -1.3061699867248535 -0.11384700238704681 2.0887598991394043
v -1.3092299699783325 -0.0919376015663147 2.0887598991394043
v -1.2349400520324707 -0.3786599934101105 2.102479934692383
v -1.253250002861023 -0.3853040039539337 2.0887598991394043
v -1.2457000017166138 -0.40609899163246155 2.0887598991394043
v -1.2457000017166138 -0.40609899163246155 2.0887598991394043
v -1.2275099754333496 -0.39913201332092285 2.102479934692383
v -1.2349400520324707 -0.3786599934101105 2.102479934692383
v -1.2804276943206787 -0.3951639235019684 2.172506332397461
v -1.2993334531784058 -0.4020249545574188 2.158344030380249
v -1.2915027141571045 -0.4235926568508148 2.158339262008667
v -1.2915027141571045 -0.4235926568508148 2.158339262008667
v -1.2727183103561401 -0.4163986146450043 2.1725034713745117
v -1.2804276943206787 -0.3951639235019684 2.172506332397461
v -1.2804276943206787 -0.3951639235019684 2.172506332397461
v -1.2993334531784058 -0.4020249545574188 2.158344030380249
v -1.253250002861023 -0.3853040039539337 2.0887598991394043
v -1.253250002861023 -0.3853040039539337 2.0887598991394043
v -1.2349400520324707 -0.3786599934101105 2.102479934692383
v -1.2804276943206787 -0.3951639235019684 2.172506332397461
v -1.2727183103561401 -0.4163986146450043 2.1725034713745117
v -1.2915027141571045 -0.4235926568508148 2.158339262008667
v -1.2457000017166138 -0.40609899163246155 2.0887598991394043
v -1.2457000017166138 -0.40609899163246155 2.0887598991394043
v -1.2275099754333496 -0.39913201332092285 2.102479934692383
v -1.2727183103561401 -0.4163986146450043 2.1725034713745117
v -1.2349400520324707 -0.3786599934101105 2.102479934692383
v -1.2275099754333496 -0.39913201332092285 2.102479934692383
v -1.2727183103561401 -0.4163986146450043 2.1725034713745117
v -1.2727183103561401 -0.4163986146450043 2.1725034713745117
v -1.2804276943206787 -0.3951639235019684 2.172506332397461
v -1.2349400520324707 -0.3786599934101105 2.102479934692383
v -1.253250002861023 -0.3853040039539337 2.0887598991394043
v -1.2993334531784058 -0.4020249545574188 2.158344030380249
v -1.2915027141571045 -0.4235926568508148 2.158339262008667
v -1.2915027141571045 -0.4235926568508148 2.158339262008667
v -1.2457000017166138 -0.40609899163246155 2.0887598991394043
v -1.253250002861023 -0.3853040039539337 2.0887598991394043
v -1.2922699451446533 0.04420899972319603 2.276789903640747
v -1.3123899698257446 0.04388270154595375 2.263669967651367
v -1.3116400241851807 0.021761300042271614 2.263669967651367
v -1.3116400241851807 0.021761300042271614 2.263669967651367
v -1.2915300130844116 0.022443799301981926 2.276789903640747
v -1.2922699451446533 0.04420899972319603 2.276789903640747
v -1.3330283164978027 0.04350076615810394 2.340500593185425
v -1.3536839485168457 0.043165795505046844 2.3270347118377686
v -1.3529125452041626 0.020360874012112617 2.3270373344421387
v -1.3529125452041626 0.020360874012112617 2.3270373344421387
v -1.332269310951233 0.021061476320028305 2.3405017852783203
v -1.3330283164978027 0.04350076615810394 2.340500593185425
v -1.3330283164978027 0.04350076615810394 2.340500593185425
v -1.3536839485168457 0.043165795505046844 2.3270347118377686
v -1.3123899698257446 0.04388270154595375 2.263669967651367
v -1.3123899698257446 0.04388270154595375 2.263669967651367
v -1.2922699451446533 0.04420899972319603 2.276789903640747
v -1.3330283164978027 0.04350076615810394 2.340500593185425
v -1.332269310951233 0.021061476320028305 2.3405017852783203
v -1.3529125452041626 0.020360874012112617 2.3270373344421387
v -1.3116400241851807 0.021761300042271614 2.263669967651367
v -1.3116400241851807 0.021761300042271614 2.263669967651367
v -1.2915300130844116 0.022443799301981926 2.276789903640747
v -1.332269310951233 0.021061476320028305 2.3405017852783203
v -1.2922699451446533 0.04420899972319603 2.276789903640747
v -1.2915300130844116 0.022443799301981926 2.276789903640747
v -1.332269310951233 0.021061476320028305 2.3405017852783203
v -1.332269310951233 0.021061476320028305 2.3405017852783203
v -1.3330283164978027 0.04350076615810394 2.340500593185425
v -1.2922699451446533 0.04420899972319603 2.276789903640747
v -1.3123899698257446 0.04388270154595375 2.263669967651367
v -1.3536839485168457 0.043165795505046844 2.3270347118377686
v -1.3529125452041626 0.020360874012112617 2.3270373344421387
v -1.3529125452041626 0.020360874012112617 2.3270373344421387
v -1.3116400241851807 0.021761300042271614 2.263669967651367
v -1.3123899698257446 0.04388270154595375 2.263669967651367
v 1.1517599821090698 -0.5845239758491516 2.41441011428833
v 1.1704299449920654 -0.5928599834442139 2.4018099308013916
v 1.1794500350952148 -0.5726490020751953 2.4018099308013916
v 1.1794500350952148 -0.5726490020751953 2.4018099308013916
v 1.1606299877166748 -0.5646389722824097 2.41441011428833
v 1.1517599821090698 -0.5845239758491516 2.41441011428833
v 1.1670562028884888 -0.591354250907898 2.4421074390411377
v 1.1859393119812012 -0.5997851490974426 2.4293649196624756
v 1.1950781345367432 -0.5793067216873169 2.42936372756958
v 1.1950781345367432 -0.5793067216873169 2.42936372756958
v 1.1760447025299072 -0.5712052583694458 2.442105531692505
v 1.1670562028884888 -0.591354250907898 2.4421074390411377
v 1.1670562028884888 -0.591354250907898 2.4421074390411377
v 1.1859393119812012 -0.5997851490974426 2.4293649196624756
v 1.1704299449920654 -0.5928599834442139 2.4018099308013916
v 1.1704299449920654 -0.5928599834442139 2.4018099308013916
v 1.1517599821090698 -0.5845239758491516 2.41441011428833
v 1.1670562028884888 -0.591354250907898 2.4421074390411377
v 1.1760447025299072 -0.5712052583694458 2.442105531692505
v 1.1950781345367432 -0.5793067216873169 2.42936372756958
v 1.1794500350952148 -0.5726490020751953 2.4018099308013916
v 1.1794500350952148 -0.5726490020751953 2.4018099308013916
v 1.1606299877166748 -0.5646389722824097 2.41441011428833
v 1.1760447025299072 -0.5712052583694458 2.442105531692505
v 1.1517599821090698 -0.5845239758491516 2.41441011428833
v 1.1606299877166748 -0.5646389722824097 2.41441011428833
v 1.1760447025299072 -0.5712052583694458 2.442105531692505
v 1.1760447025299072 -0.5712052583694458 2.442105531692505
v 1.1670562028884888 -0.591354250907898 2.4421074390411377
v 1.1517599821090698 -0.5845239758491516 2.41441011428833
v 1.1704299449920654 -0.5928599834442139 2.4018099308013916
v 1.1859393119812012 -0.5997851490974426 2.4293649196624756
v 1.1950781345367432 -0.5793067216873169 2.42936372756958
v 1.1950781345367432 -0.5793067216873169 2.42936372756958
v 1.1794500350952148 -0.5726490020751953 2.4018099308013916
v 1.1704299449920654 -0.5928599834442139 2.4018099308013916
f 1 2 3
f 4 5 6
f 7 8 9
f 10 11 12
f 13 14 15
f 16 17 18
f 19 20 21
f 22 23 24
f 25 26 27
f 28 29 30
f 31 32 33
f 34 35 36
f 37 38 39
f 40 41 42
f 43 44 45
f 46 47 48
f 49 50 51
f 52 53 54
f 55 56 57
f 58 59 60
f 61 62 63
f 64 65 66
f 67 68 69
f 70 71 72
f 73 74 75
f 76 77 78
f 79 80 81
f 82 83 84
f 85 86 87
f 88 89 90
f 91 92 93
f 94 95 96
f 97 98 99
f 100 101 102
f 103 104 105
f 106 107 108
f 109 110 111
f 112 113 114
f 115 116 117
f 118 119 120
f 121 122 123
f 124 125 126
f 127 128 129
f 130 131 132
f 133 134 135
f 136 137 138
f 139 140 141
f 142 143 144
f 145 146 147
f 148 149 150
f 151 152 153
f 154 155 156
f 157 158 159
f 160 161 162
f 163 164 165
f 166 167 168
f 169 170 171
f 172 173 174
f 175 176 177
f 178 179 180
f 181 182 183
f 184 185 186
f 187 188 189
f 190 191 192
f 193 194 195
f 196 197 198
f 199 200 201
f 202 203 204
f 205 206 207
f 208 209 210
f 211 212 213
f 214 215 216
f 217 218 219
f 220 221 222
f 223 224 225
f 226 227 228
f 229 230 231
f 232 233 234
f 235 236 237
f 238 239 240
f 241 242 243
f 244 245 246
f 247 248 249
f 250 251 252
f 253 254 255
f 256 257 258
f 259 260 261
f 262 263 264
f 265 266 267
f 268 269 270
f 271 272 273
f 274 275 276
f 277 278 279
f 280 281 282
f 283 284 285
f 286 287 288
f 289 290 291
f 292 293 294
f 295 296 297
f 298 299 300
f 301 302 303
f 304 305 306
f 307 308 309
f 310 311 312
f 313 314 315
f 316 317 318
f 319 320 321
f 322 323 324
f 325 326 327
f 328 329 330
f 331 332 333
f 334 335 336
f 337 338 339
f 340 341 342
f 343 344 345
f 346 347 348
f 349 350 351
f 352 353 354
f 355 356 357
f 358 359 360
f 361 362 363
f 364 365 366
f 367 368 369
f 370 371 372
f 373 374 375
f 376 377 378
f 379 380 381
f 382 383 384
f 385 386 387
f 388 389 390
f 391 392 393
f 394 395 396
f 397 398 399
f 400 401 402
f 403 404 405
f 406 407 408
f 409 410 411
f 412 413 414
f 415 416 417
f 418 419 420
f 421 422 423
f 424 425 426
f 427 428 429
f 430 431 432
f 433 434 435
f 436 437 438
f 439 440 441
f 442 443 444
f 445 446 447
f 448 449 450
f 451 452 453
f 454 455 456
f 457 458 459
f 460 461 462
f 463 464 465
f 466 467 468
f 469 470 471
f 472 473 474
f 475 476 477
f 478 479 480
f 481 482 483
f 484 485 486
f 487 488 489
f 490 491 492
f 493 494 495
f 496 497 498
f 499 500 501
f 502 503 504
f 505 506 507
f 508 509 510
f 511 512 513
f 514 515 516
f 517 518 519
f 520 521 522
f 523 524 525
f 526 527 528
f 529 530 531
f 532 533 534
f 535 536 537
f 538 539 540
f 541 542 543
f 544 545 546
f 547 548 549
f 550 551 552
f 553 554 555
f 556 557 558
f 559 560 561
f 562 563 564
f 565 566 567
f 568 569 570
f 571 572 573
f 574 575 576
f 577 578 579
f 580 581 582
f 583 584 585
f 586 587 588
f 589 590 591
f 592 593 594
f 595 596 597
f 598 599 600
f 601 602 603
f 604 605 606
f 607 608 609
f 610 611 612
f 613 614 615
f 616 617 618
f 619 620 621
f 622 623 624
f 625 626 627
f 628 629 630
f 631 632 633
f 634 635 636
f 637 638 639
f 640 641 642
f 643 644 645
f 646 647 648
f 649 650 651
f 652 653 654
f 655 656 657
f 658 659 660
f 661 662 663
f 664 665 666
f 667 668 669
f 670 671 672
f 673 674 675
f 676 677 678
f 679 680 681
f 682 683 684
f 685 686 687
f 688 689 690
f 691 692 693
f 694 695 696
f 697 698 699
f 700 701 702
f 703 704 705
f 706 707 708
f 709 710 711
f 712 713 714
f 715 716 717
f 718 719 720
f 721 722 723
f 724 725 726
f 727 728 729
f 730 731 732
f 733 734 735
f 736 737 738
f 739 740 741
f 742 743 744
f 745 746 747
f 748 749 750
f 751 752 753
f 754 755 756
f 757 758 759
f 760 761 762
f 763 764 765
f 766 767 768
f 769 770 771
f 772 773 774
f 775 776 777
f 778 779 780
f 781 782 783
f 784 785 786
f 787 788 789
f 790 791 792
f 793 794 795
f 796 797 798
f 799 800 801
f 802 803 804
f 805 806 807
f 808 809 810
f 811 812 813
f 814 815 816
f 817 818 819
f 820 821 822
f 823 824 825
f 826 827 828
f 829 830 831
f 832 833 834
f 835 836 837
f 838 839 840
f 841 842 843
f 844 845 846
f 847 848 849
f 850 851 852
f 853 854 855
f 856 857 858
f 859 860 861
f 862 863 864
f 865 866 867
f 868 869 870
f 871 872 873
f 874 875 876
f 877 878 879
f 880 881 882
f 883 884 885
f 886 887 888
f 889 890 891
f 892 893 894
f 895 896 897
f 898 899 900
f 901 902 903
f 904 905 906
f 907 908 909
f 910 911 912
f 913 914 915
f 916 917 918
f 919 920 921
f 922 923 924
f 925 926 927
f 928 929 930
f 931 932 933
f 934 935 936
f 937 938 939
f 940 941 942
f 943 944 945
f 946 947 948
f 949 950 951
f 952 953 954
f 955 956 957
f 958 959 960
f 961 962 963
f 964 965 966
f 967 968 969
f 970 971 972
f 973 974 975
f 976 977 978
f 979 980 981
f 982 983 984
f 985 986 987
f 988 989 990
f 991 992 993
f 994 995 996
f 997 998 999
f 1000 1001 1002
f 1003 1004 1005
f 1006 1007 1008
f 1009 1010 1011
f 1012 1013 1014
f 1015 1016 1017
f 1018 1019 1020
f 1021 1022 1023
f 1024 1025 1026
f 1027 1028 1029
f 1030 1031 1032
f 1033 1034 1035
f 1036 1037 1038
f 1039 1040 1041
f 1042 1043 1044
f 1045 1046 1047
f 1048 1049 1050
f 1051 1052 1053
f 1054 1055 1056
f 1057 1058 1059
f 1060 1061 1062
f 1063 1064 1065
f 1066 1067 1068
f 1069 1070 1071
f 1072 1073 1074
f 1075 1076 1077
f 1078 1079 1080
f 1081 1082 1083
f 1084 1085 1086
f 1087 1088 1089
f 1090 1091 1092
f 1093 1094 1095
f 1096 1097 1098
f 1099 1100 1101
f 1102 1103 1104
f 1105 1106 1107
f 1108 1109 1110
f 1111 1112 1113
f 1114 1115 1116
f 1117 1118 1119
f 1120 1121 1122
f 1123 1124 1125
f 1126 1127 1128
f 1129 1130 1131
f 1132 1133 1134
f 1135 1136 1137
f 1138 1139 1140
f 1141 1142 1143
f 1144 1145 1146
f 1147 1148 1149
f 1150 1151 1152
f 1153 1154 1155
f 1156 1157 1158
f 1159 1160 1161
f 1162 1163 1164
f 1165 1166 1167
f 1168 1169 1170
f 1171 1172 1173
f 1174 1175 1176
f 1177 1178 1179
f 1180 1181 1182
f 1183 1184 1185
f 1186 1187 1188
f 1189 1190 1191
f 1192 1193 1194
f 1195 1196 1197
f 1198 1199 1200
f 1201 1202 1203
f 1204 1205 1206
f 1207 1208 1209
f 1210 1211 1212
f 1213 1214 1215
f 1216 1217 1218
f 1219 1220 1221
f 1222 1223 1224
f 1225 1226 1227
f 1228 1229 1230
f 1231 1232 1233
f 1234 1235 1236
f 1237 1238 1239
f 1240 1241 1242
f 1243 1244 1245
f 1246 1247 1248
f 1249 1250 1251
f 1252 1253 1254
f 1255 1256 1257
f 1258 1259 1260
f 1261 1262 1263
f 1264 1265 1266
f 1267 1268 1269
f 1270 1271 1272
f 1273 1274 1275
f 1276 1277 1278
f 1279 1280 1281
f 1282 1283 1284
f 1285 1286 1287
f 1288 1289 1290
f 1291 1292 1293
f 1294 1295 1296
f 1297 1298 1299
f 1300 1301 1302
f 1303 1304 1305
f 1306 1307 1308
f 1309 1310 1311
f 1312 1313 1314
f 1315 1316 1317
f 1318 1319 1320
f 1321 1322 1323
f 1324 1325 1326
f 1327 1328 1329
f 1330 1331 1332
f 1333 1334 1335
f 1336 1337 1338
f 1339 1340 1341
f 1342 1343 1344
f 1345 1346 1347
f 1348 1349 1350
f 1351 1352 1353
f 1354 1355 1356
f 1357 1358 1359
f 1360 1361 1362
f 1363 1364 1365
f 1366 1367 1368
f 1369 1370 1371
f 1372 1373 1374
f 1375 1376 1377
f 1378 1379 1380
f 1381 1382 1383
f 1384 1385 1386
f 1387 1388 1389
f 1390 1391 1392
f 1393 1394 1395
f 1396 1397 1398
f 1399 1400 1401
f 1402 1403 1404
f 1405 1406 1407
f 1408 1409 1410
f 1411 1412 1413
f 1414 1415 1416
f 1417 1418 1419
f 1420 1421 1422
f 1423 1424 1425
f 1426 1427 1428
f 1429 1430 1431
f 1432 1433 1434
f 1435 1436 1437
f 1438 1439 1440
f 1441 1442 1443
f 1444 1445 1446
f 1447 1448 1449
f 1450 1451 1452
f 1453 1454 1455
f 1456 1457 1458
f 1459 1460 1461
f 1462 1463 1464
f 1465 1466 1467
f 1468 1469 1470
f 1471 1472 1473
f 1474 1475 1476
f 1477 1478 1479
f 1480 1481 1482
f 1483 1484 1485
f 1486 1487 1488
f 1489 1490 1491
f 1492 1493 1494
f 1495 1496 1497
f 1498 1499 1500
f 1501 1502 1503
f 1504 1505 1506
f 1507 1508 1509
f 1510 1511 1512
f 1513 1514 1515
f 1516 1517 1518
f 1519 1520 1521
f 1522 1523 1524
f 1525 1526 1527
f 1528 1529 1530
f 1531 1532 1533
f 1534 1535 1536
f 1537 1538 1539
f 1540 1541 1542
f 1543 1544 1545
f 1546 1547 1548
f 1549 1550 1551
f 1552 1553 1554
f 1555 1556 1557
f 1558 1559 1560
f 1561 1562 1563
f 1564 1565 1566
f 1567 1568 1569
f 1570 1571 1572
f 1573 1574 1575
f 1576 1577 1578
f 1579 1580 1581
f 1582 1583 1584
f 1585 1586 1587
f 1588 1589 1590
f 1591 1592 1593
f 1594 1595 1596
f 1597 1598 1599
f 1600 1601 1602
f 1603 1604 1605
f 1606 1607 1608
f 1609 1610 1611
f 1612 1613 1614
f 1615 1616 1617
f 1618 1619 1620
f 1621 1622 1623
f 1624 1625 1626
f 1627 1628 1629
f 1630 1631 1632
f 1633 1634 1635
f 1636 1637 1638
f 1639 1640 1641
f 1642 1643 1644
f 1645 1646 1647
f 1648 1649 1650
f 1651 1652 1653
f 1654 1655 1656
f 1657 1658 1659
f 1660 1661 1662
f 1663 1664 1665
f 1666 1667 1668
f 1669 1670 1671
f 1672 1673 1674
f 1675 1676 1677
f 1678 1679 1680
f 1681 1682 1683
f 1684 1685 1686
f 1687 1688 1689
f 1690 1691 1692
f 1693 1694 1695
f 1696 1697 1698
f 1699 1700 1701
f 1702 1703 1704
f 1705 1706 1707
f 1708 1709 1710
f 1711 1712 1713
f 1714 1715 1716
f 1717 1718 1719
f 1720 1721 1722
f 1723 1724 1725
f 1726 1727 1728
f 1729 1730 1731
f 1732 1733 1734
f 1735 1736 1737
f 1738 1739 1740
f 1741 1742 1743
f 1744 1745 1746
f 1747 1748 1749
f 1750 1751 1752
f 1753 1754 1755
f 1756 1757 1758
f 1759 1760 1761
f 1762 1763 1764
f 1765 1766 1767
f 1768 1769 1770
f 1771 1772 1773
f 1774 1775 1776
f 1777 1778 1779
f 1780 1781 1782
f 1783 1784 1785
f 1786 1787 1788
f 1789 1790 1791
f 1792 1793 1794
f 1795 1796 1797
f 1798 1799 1800
f 1801 1802 1803
f 1804 1805 1806
f 1807 1808 1809
f 1810 1811 1812
f 1813 1814 1815
f 1816 1817 1818
f 1819 1820 1821
f 1822 1823 1824
f 1825 1826 1827
f 1828 1829 1830
f 1831 1832 1833
f 1834 1835 1836
f 1837 1838 1839
f 1840 1841 1842
f 1843 1844 1845
f 1846 1847 1848
f 1849 1850 1851
f 1852 1853 1854
f 1855 1856 1857
f 1858 1859 1860
f 1861 1862 1863
f 1864 1865 1866
f 1867 1868 1869
f 1870 1871 1872
f 1873 1874 1875
f 1876 1877 1878
f 1879 1880 1881
f 1882 1883 1884
f 1885 1886 1887
f 1888 1889 1890
f 1891 1892 1893
f 1894 1895 1896
f 1897 1898 1899
f 1900 1901 1902
f 1903 1904 1905
f 1906 1907 1908
f 1909 1910 1911
f 1912 1913 1914
f 1915 1916 1917
f 1918 1919 1920
f 1921 1922 1923
f 1924 1925 1926
f 1927 1928 1929
f 1930 1931 1932
f 1933 1934 1935
f 1936 1937 1938
f 1939 1940 1941
f 1942 1943 1944
f 1945 1946 1947
f 1948 1949 1950
f 1951 1952 1953
f 1954 1955 1956
f 1957 1958 1959
f 1960 1961 1962
f 1963 1964 1965
f 1966 1967 1968
f 1969 1970 1971
f 1972 1973 1974
f 1975 1976 1977
f 1978 1979 1980
f 1981 1982 1983
f 1984 1985 1986
f 1987 1988 1989
f 1990 1991 1992
f 1993 1994 1995
f 1996 1997 1998
f 1999 2000 2001
f 2002 2003 2004
f 2005 2006 2007
f 2008 2009 2010
f 2011 2012 2013
f 2014 2015 2016
f 2017 2018 2019
f 2020 2021 2022
f 2023 2024 2025
f 2026 2027 2028
f 2029 2030 2031
f 2032 2033 2034
f 2035 2036 2037
f 2038 2039 2040
f 2041 2042 2043
f 2044 2045 2046
f 2047 2048 2049
f 2050 2051 2052
f 2053 2054 2055
f 2056 2057 2058
f 2059 2060 2061
f 2062 2063 2064
f 2065 2066 2067
f 2068 2069 2070
f 2071 2072 2073
f 2074 2075 2076
f 2077 2078 2079
f 2080 2081 2082
f 2083 2084 2085
f 2086 2087 2088
f 2089 2090 2091
f 2092 2093 2094
f 2095 2096 2097
f 2098 2099 2100
f 2101 2102 2103
f 2104 2105 2106
f 2107 2108 2109
f 2110 2111 2112
f 2113 2114 2115
f 2116 2117 2118
f 2119 2120 2121
f 2122 2123 2124
f 2125 2126 2127
f 2128 2129 2130
f 2131 2132 2133
f 2134 2135 2136
f 2137 2138 2139
f 2140 2141 2142
f 2143 2144 2145
f 2146 2147 2148
f 2149 2150 2151
f 2152 2153 2154
f 2155 2156 2157
f 2158 2159 2160
f 2161 2162 2163
f 2164 2165 2166
f 2167 2168 2169
f 2170 2171 2172
f 2173 2174 2175
f 2176 2177 2178
f 2179 2180 2181
f 2182 2183 2184
f 2185 2186 2187
f 2188 2189 2190
f 2191 2192 2193
f 2194 2195 2196
f 2197 2198 2199
f 2200 2201 2202
f 2203 2204 2205
f 2206 2207 2208
f 2209 2210 2211
f 2212 2213 2214
f 2215 2216 2217
f 2218 2219 2220
f 2221 2222 2223
f 2224 2225 2226
f 2227 2228 2229
f 2230 2231 2232
f 2233 2234 2235
f 2236 2237 2238
f 2239 2240 2241
f 2242 2243 2244
f 2245 2246 2247
f 2248 2249 2250
f 2251 2252 2253
f 2254 2255 2256
f 2257 2258 2259
f 2260 2261 2262
f 2263 2264 2265
f 2266 2267 2268
f 2269 2270 2271
f 2272 2273 2274
f 2275 2276 2277
f 2278 2279 2280
f 2281 2282 2283
f 2284 2285 2286
f 2287 2288 2289
f 2290 2291 2292
f 2293 2294 2295
f 2296 2297 2298
f 2299 2300 2301
f 2302 2303 2304
f 2305 2306 2307
f 2308 2309 2310
f 2311 2312 2313
f 2314 2315 2316
f 2317 2318 2319
f 2320 2321 2322
f 2323 2324 2325
f 2326 2327 2328
f 2329 2330 2331
f 2332 2333 2334
f 2335 2336 2337
f 2338 2339 2340
f 2341 2342 2343
f 2344 2345 2346
f 2347 2348 2349
f 2350 2351 2352
f 2353 2354 2355
f 2356 2357 2358
f 2359 2360 2361
f 2362 2363 2364
f 2365 2366 2367
f 2368 2369 2370
f 2371 2372 2373
f 2374 2375 2376
f 2377 2378 2379
f 2380 2381 2382
f 2383 2384 2385
f 2386 2387 2388
f 2389 2390 2391
f 2392 2393 2394
f 2395 2396 2397
f 2398 2399 2400
f 2401 2402 2403
f 2404 2405 2406
f 2407 2408 2409
f 2410 2411 2412
f 2413 2414 2415
f 2416 2417 2418
f 2419 2420 2421
f 2422 2423 2424
f 2425 2426 2427
f 2428 2429 2430
f 2431 2432 2433
f 2434 2435 2436
f 2437 2438 2439
f 2440 2441 2442
f 2443 2444 2445
f 2446 2447 2448
f 2449 2450 2451
f 2452 2453 2454
f 2455 2456 2457
f 2458 2459 2460
f 2461 2462 2463
f 2464 2465 2466
f 2467 2468 2469
f 2470 2471 2472
f 2473 2474 2475
f 2476 2477 2478
f 2479 2480 2481
f 2482 2483 2484
f 2485 2486 2487
f 2488 2489 2490
f 2491 2492 2493
f 2494 2495 2496
f 2497 2498 2499
f 2500 2501 2502
f 2503 2504 2505
f 2506 2507 2508
f 2509 2510 2511
f 2512 2513 2514
f 2515 2516 2517
f 2518 2519 2520
f 2521 2522 2523
f 2524 2525 2526
f 2527 2528 2529
f 2530 2531 2532
f 2533 2534 2535
f 2536 2537 2538
f 2539 2540 2541
f 2542 2543 2544
f 2545 2546 2547
f 2548 2549 2550
f 2551 2552 2553
f 2554 2555 2556
f 2557 2558 2559
f 2560 2561 2562
f 2563 2564 2565
f 2566 2567 2568
f 2569 2570 2571
f 2572 2573 2574
f 2575 2576 2577
f 2578 2579 2580
f 2581 2582 2583
f 2584 2585 2586
f 2587 2588 2589
f 2590 2591 2592
f 2593 2594 2595
f 2596 2597 2598
f 2599 2600 2601
f 2602 2603 2604
f 2605 2606 2607
f 2608 2609 2610
f 2611 2612 2613
f 2614 2615 2616
f 2617 2618 2619
f 2620 2621 2622
f 2623 2624 2625
f 2626 2627 2628
f 2629 2630 2631
f 2632 2633 2634
f 2635 2636 2637
f 2638 2639 2640
f 2641 2642 2643
f 2644 2645 2646
f 2647 2648 2649
f 2650 2651 2652
f 2653 2654 2655
f 2656 2657 2658
f 2659 2660 2661
f 2662 2663 2664
f 2665 2666 2667
f 2668 2669 2670
f 2671 2672 2673
f 2674 2675 2676
f 2677 2678 2679
f 2680 2681 2682
f 2683 2684 2685
f 2686 2687 2688
f 2689 2690 2691
f 2692 2693 2694
f 2695 2696 2697
f 2698 2699 2700
f 2701 2702 2703
f 2704 2705 2706
f 2707 2708 2709
f 2710 2711 2712
f 2713 2714 2715
f 2716 2717 2718
f 2719 2720 2721
f 2722 2723 2724
f 2725 2726 2727
f 2728 2729 2730
f 2731 2732 2733
f 2734 2735 2736
f 2737 2738 2739
f 2740 2741 2742
f 2743 2744 2745
f 2746 2747 2748
f 2749 2750 2751
f 2752 2753 2754
f 2755 2756 2757
f 2758 2759 2760
f 2761 2762 2763
f 2764 2765 2766
f 2767 2768 2769
f 2770 2771 2772
f 2773 2774 2775
f 2776 2777 2778
f 2779 2780 2781
f 2782 2783 2784
f 2785 2786 2787
f 2788 2789 2790
f 2791 2792 2793
f 2794 2795 2796
f 2797 2798 2799
f 2800 2801 2802
f 2803 2804 2805
f 2806 2807 2808
f 2809 2810 2811
f 2812 2813 2814
f 2815 2816 2817
f 2818 2819 2820
f 2821 2822 2823
f 2824 2825 2826
f 2827 2828 2829
f 2830 2831 2832
f 2833 2834 2835
f 2836 2837 2838
f 2839 2840 2841
f 2842 2843 2844
