o EERecHits_V2
v -1.0095000267028809 -0.44112101197242737 -3.180340051651001
v -1.0373599529266357 -0.44107601046562195 -3.1740400791168213
v -1.0378700494766235 -0.4126180112361908 -3.176500082015991
v -1.0378700494766235 -0.4126180112361908 -3.176500082015991
v -1.010010004043579 -0.412663996219635 -3.182800054550171
v -1.0095000267028809 -0.44112101197242737 -3.180340051651001
v -1.018758773803711 -0.445087194442749 -3.2212741374969482
v -1.0468770265579224 -0.4450416564941406 -3.2149150371551514
v -1.0473910570144653 -0.4163200557231903 -3.2173988819122314
v -1.0473910570144653 -0.4163200557231903 -3.2173988819122314
v -1.019272804260254 -0.41636642813682556 -3.2237579822540283
v -1.018758773803711 -0.445087194442749 -3.2212741374969482
v -1.018758773803711 -0.445087194442749 -3.2212741374969482
v -1.0468770265579224 -0.4450416564941406 -3.2149150371551514
v -1.0373599529266357 -0.44107601046562195 -3.1740400791168213
v -1.0373599529266357 -0.44107601046562195 -3.1740400791168213
v -1.0095000267028809 -0.44112101197242737 -3.180340051651001
v -1.018758773803711 -0.445087194442749 -3.2212741374969482
v -1.019272804260254 -0.41636642813682556 -3.2237579822540283
v -1.0473910570144653 -0.4163200557231903 -3.2173988819122314
v -1.0378700494766235 -0.4126180112361908 -3.176500082015991
v -1.0378700494766235 -0.4126180112361908 -3.176500082015991
v -1.010010004043579 -0.412663996219635 -3.182800054550171
v -1.019272804260254 -0.41636642813682556 -3.2237579822540283
v -1.0095000267028809 -0.44112101197242737 -3.180340051651001
v -1.010010004043579 -0.412663996219635 -3.182800054550171
v -1.019272804260254 -0.41636642813682556 -3.2237579822540283
v -1.019272804260254 -0.41636642813682556 -3.2237579822540283
v -1.018758773803711 -0.445087194442749 -3.2212741374969482
v -1.0095000267028809 -0.44112101197242737 -3.180340051651001
v -1.0373599529266357 -0.44107601046562195 -3.1740400791168213
v -1.0468770265579224 -0.4450416564941406 -3.2149150371551514
v -1.0473910570144653 -0.4163200557231903 -3.2173988819122314
v -1.0473910570144653 -0.4163200557231903 -3.2173988819122314
v -1.0378700494766235 -0.4126180112361908 -3.176500082015991
v -1.0373599529266357 -0.44107601046562195 -3.1740400791168213
v -0.9540479779243469 -0.5020279884338379 -3.2001900672912598
v -0.9819899797439575 -0.5019950270652771 -3.194240093231201
v -0.982554018497467 -0.4735710024833679 -3.1970601081848145
v -0.982554018497467 -0.4735710024833679 -3.1970601081848145
v -0.9546120166778564 -0.4736050069332123 -3.203000068664551
v -0.9540479779243469 -0.5020279884338379 -3.2001900672912598
v -0.9639905691146851 -0.5071441531181335 -3.246864080429077
v -0.9922273755073547 -0.5071104168891907 -3.2408504486083984
v -0.9927980303764343 -0.47838693857192993 -3.2437007427215576
v -0.9927980303764343 -0.47838693857192993 -3.2437007427215576
v -0.9645615816116333 -0.4784209728240967 -3.249704599380493
v -0.9639905691146851 -0.5071441531181335 -3.246864080429077
v -0.9639905691146851 -0.5071441531181335 -3.246864080429077
v -0.9922273755073547 -0.5071104168891907 -3.2408504486083984
v -0.9819899797439575 -0.5019950270652771 -3.194240093231201
v -0.9819899797439575 -0.5019950270652771 -3.194240093231201
v -0.9540479779243469 -0.5020279884338379 -3.2001900672912598
v -0.9639905691146851 -0.5071441531181335 -3.246864080429077
v -0.9645615816116333 -0.4784209728240967 -3.249704599380493
v -0.9927980303764343 -0.47838693857192993 -3.2437007427215576
v -0.982554018497467 -0.4735710024833679 -3.1970601081848145
v -0.982554018497467 -0.4735710024833679 -3.1970601081848145
v -0.9546120166778564 -0.4736050069332123 -3.203000068664551
v -0.9645615816116333 -0.4784209728240967 -3.249704599380493
v -0.9540479779243469 -0.5020279884338379 -3.2001900672912598
v -0.9546120166778564 -0.4736050069332123 -3.203000068664551
v -0.9645615816116333 -0.4784209728240967 -3.249704599380493
v -0.9645615816116333 -0.4784209728240967 -3.249704599380493
v -0.9639905691146851 -0.5071441531181335 -3.246864080429077
v -0.9540479779243469 -0.5020279884338379 -3.2001900672912598
v -0.9819899797439575 -0.5019950270652771 -3.194240093231201
v -0.9922273755073547 -0.5071104168891907 -3.2408504486083984
v -0.9927980303764343 -0.47838693857192993 -3.2437007427215576
v -0.9927980303764343 -0.47838693857192993 -3.2437007427215576
v -0.982554018497467 -0.4735710024833679 -3.1970601081848145
v -0.9819899797439575 -0.5019950270652771 -3.194240093231201
v -0.8304370045661926 -0.8863589763641357 -3.1841299533843994
v -0.8585259914398193 -0.8862749934196472 -3.178920030593872
v -0.859387993812561 -0.858178973197937 -3.184030055999756
v -0.859387993812561 -0.858178973197937 -3.184030055999756
v -0.8312990069389343 -0.8582640290260315 -3.189239978790283
v -0.8304370045661926 -0.8863589763641357 -3.1841299533843994
v -0.8376337289810181 -0.893865704536438 -3.2228283882141113
v -0.8659700155258179 -0.8937807679176331 -3.21757173538208
v -0.8668400645256042 -0.8654376268386841 -3.2227272987365723
v -0.8668400645256042 -0.8654376268386841 -3.2227272987365723
v -0.8385037183761597 -0.8655235767364502 -3.2279839515686035
v -0.8376337289810181 -0.893865704536438 -3.2228283882141113
v -0.8376337289810181 -0.893865704536438 -3.2228283882141113
v -0.8659700155258179 -0.8937807679176331 -3.21757173538208
v -0.8585259914398193 -0.8862749934196472 -3.178920030593872
v -0.8585259914398193 -0.8862749934196472 -3.178920030593872
v -0.8304370045661926 -0.8863589763641357 -3.1841299533843994
v -0.8376337289810181 -0.893865704536438 -3.2228283882141113
v -0.8385037183761597 -0.8655235767364502 -3.2279839515686035
v -0.8668400645256042 -0.8654376268386841 -3.2227272987365723
v -0.859387993812561 -0.858178973197937 -3.184030055999756
v -0.859387993812561 -0.858178973197937 -3.184030055999756
v -0.8312990069389343 -0.8582640290260315 -3.189239978790283
v -0.8385037183761597 -0.8655235767364502 -3.2279839515686035
v -0.8304370045661926 -0.8863589763641357 -3.1841299533843994
v -0.8312990069389343 -0.8582640290260315 -3.189239978790283
v -0.8385037183761597 -0.8655235767364502 -3.2279839515686035
v -0.8385037183761597 -0.8655235767364502 -3.2279839515686035
v -0.8376337289810181 -0.893865704536438 -3.2228283882141113
v -0.8304370045661926 -0.8863589763641357 -3.1841299533843994
v -0.8585259914398193 -0.8862749934196472 -3.178920030593872
v -0.8659700155258179 -0.8937807679176331 -3.21757173538208
v -0.8668400645256042 -0.8654376268386841 -3.2227272987365723
v -0.8668400645256042 -0.8654376268386841 -3.2227272987365723
v -0.859387993812561 -0.858178973197937 -3.184030055999756
v -0.8585259914398193 -0.8862749934196472 -3.178920030593872
v -0.8340280055999756 1.073930025100708 -3.2093400955200195
v -0.8329749703407288 1.101770043373108 -3.2030200958251953
v -0.8048539757728577 1.1018500328063965 -3.208050012588501
v -0.8048539757728577 1.1018500328063965 -3.208050012588501
v -0.8059080243110657 1.0740100145339966 -3.214370012283325
v -0.8340280055999756 1.073930025100708 -3.2093400955200195
v -0.843396008014679 1.0856951475143433 -3.259608507156372
v -0.8423301577568054 1.113856554031372 -3.2532145977020264
v -0.8138847947120667 1.1139365434646606 -3.2583038806915283
v -0.8138847947120667 1.1139365434646606 -3.2583038806915283
v -0.8149511218070984 1.0857751369476318 -3.264697790145874
v -0.843396008014679 1.0856951475143433 -3.259608507156372
v -0.843396008014679 1.0856951475143433 -3.259608507156372
v -0.8423301577568054 1.113856554031372 -3.2532145977020264
v -0.8329749703407288 1.101770043373108 -3.2030200958251953
v -0.8329749703407288 1.101770043373108 -3.2030200958251953
v -0.8340280055999756 1.073930025100708 -3.2093400955200195
v -0.843396008014679 1.0856951475143433 -3.259608507156372
v -0.8149511218070984 1.0857751369476318 -3.264697790145874
v -0.8138847947120667 1.1139365434646606 -3.2583038806915283
v -0.8048539757728577 1.1018500328063965 -3.208050012588501
v -0.8048539757728577 1.1018500328063965 -3.208050012588501
v -0.8059080243110657 1.0740100145339966 -3.214370012283325
v -0.8149511218070984 1.0857751369476318 -3.264697790145874
v -0.8340280055999756 1.073930025100708 -3.2093400955200195
v -0.8059080243110657 1.0740100145339966 -3.214370012283325
v -0.8149511218070984 1.0857751369476318 -3.264697790145874
v -0.8149511218070984 1.0857751369476318 -3.264697790145874
v -0.843396008014679 1.0856951475143433 -3.259608507156372
v -0.8340280055999756 1.073930025100708 -3.2093400955200195
v -0.8329749703407288 1.101770043373108 -3.2030200958251953
v -0.8423301577568054 1.113856554031372 -3.2532145977020264
v -0.8138847947120667 1.1139365434646606 -3.2583038806915283
v -0.8138847947120667 1.1139365434646606 -3.2583038806915283
v -0.8048539757728577 1.1018500328063965 -3.208050012588501
v -0.8329749703407288 1.101770043373108 -3.2030200958251953
v -0.7383289933204651 0.2650890052318573 -3.1757099628448486
v -0.7380989789962769 0.293612003326416 -3.1741199493408203
v -0.7098820209503174 0.29363399744033813 -3.1785800457000732
v -0.7098820209503174 0.29363399744033813 -3.1785800457000732
v -0.7101119756698608 0.2651120126247406 -3.180180072784424
v -0.7383289933204651 0.2650890052318573 -3.1757099628448486
v -0.7517954707145691 0.26977863907814026 -3.2574760913848877
v -0.7515614628791809 0.29882246255874634 -3.2558553218841553
v -0.7228295207023621 0.2988448441028595 -3.2603983879089355
v -0.7228295207023621 0.2988448441028595 -3.2603983879089355
v -0.723064124584198 0.2698022425174713 -3.2620291709899902
v -0.7517954707145691 0.26977863907814026 -3.2574760913848877
v -0.7517954707145691 0.26977863907814026 -3.2574760913848877
v -0.7515614628791809 0.29882246255874634 -3.2558553218841553
v -0.7380989789962769 0.293612003326416 -3.1741199493408203
v -0.7380989789962769 0.293612003326416 -3.1741199493408203
v -0.7383289933204651 0.2650890052318573 -3.1757099628448486
v -0.7517954707145691 0.26977863907814026 -3.2574760913848877
v -0.723064124584198 0.2698022425174713 -3.2620291709899902
v -0.7228295207023621 0.2988448441028595 -3.2603983879089355
v -0.7098820209503174 0.29363399744033813 -3.1785800457000732
v -0.7098820209503174 0.29363399744033813 -3.1785800457000732
v -0.7101119756698608 0.2651120126247406 -3.180180072784424
v -0.723064124584198 0.2698022425174713 -3.2620291709899902
v -0.7383289933204651 0.2650890052318573 -3.1757099628448486
v -0.7101119756698608 0.2651120126247406 -3.180180072784424
v -0.723064124584198 0.2698022425174713 -3.2620291709899902
v -0.723064124584198 0.2698022425174713 -3.2620291709899902
v -0.7517954707145691 0.26977863907814026 -3.2574760913848877
v -0.7383289933204651 0.2650890052318573 -3.1757099628448486
v -0.7380989789962769 0.293612003326416 -3.1741199493408203
v -0.7515614628791809 0.29882246255874634 -3.2558553218841553
v -0.7228295207023621 0.2988448441028595 -3.2603983879089355
v -0.7228295207023621 0.2988448441028595 -3.2603983879089355
v -0.7098820209503174 0.29363399744033813 -3.1785800457000732
v -0.7380989789962769 0.293612003326416 -3.1741199493408203
v -0.6809989809989929 -0.29363301396369934 -3.1823699474334717
v -0.7092429995536804 -0.29361599683761597 -3.1780900955200195
v -0.7094690203666687 -0.26509401202201843 -3.179680109024048
v -0.7094690203666687 -0.26509401202201843 -3.179680109024048
v -0.68122398853302 -0.2651109993457794 -3.1839699745178223
v -0.6809989809989929 -0.29363301396369934 -3.1823699474334717
v -0.6921312808990479 -0.2982993423938751 -3.2557079792022705
v -0.7208374738693237 -0.2982821762561798 -3.2513561248779297
v -0.7210667729377747 -0.26929381489753723 -3.252974033355713
v -0.7210667729377747 -0.26929381489753723 -3.252974033355713
v -0.6923608779907227 -0.2693113684654236 -3.2573354244232178
v -0.6921312808990479 -0.2982993423938751 -3.2557079792022705
v -0.6921312808990479 -0.2982993423938751 -3.2557079792022705
v -0.7208374738693237 -0.2982821762561798 -3.2513561248779297
v -0.7092429995536804 -0.29361599683761597 -3.1780900955200195
v -0.7092429995536804 -0.29361599683761597 -3.1780900955200195
v -0.6809989809989929 -0.29363301396369934 -3.1823699474334717
v -0.6921312808990479 -0.2982993423938751 -3.2557079792022705
v -0.6923608779907227 -0.2693113684654236 -3.2573354244232178
v -0.7210667729377747 -0.26929381489753723 -3.252974033355713
v -0.7094690203666687 -0.26509401202201843 -3.179680109024048
v -0.7094690203666687 -0.26509401202201843 -3.179680109024048
v -0.68122398853302 -0.2651109993457794 -3.1839699745178223
v -0.6923608779907227 -0.2693113684654236 -3.2573354244232178
v -0.6809989809989929 -0.29363301396369934 -3.1823699474334717
v -0.68122398853302 -0.2651109993457794 -3.1839699745178223
v -0.6923608779907227 -0.2693113684654236 -3.2573354244232178
v -0.6923608779907227 -0.2693113684654236 -3.2573354244232178
v -0.6921312808990479 -0.2982993423938751 -3.2557079792022705
v -0.6809989809989929 -0.29363301396369934 -3.1823699474334717
v -0.7092429995536804 -0.29361599683761597 -3.1780900955200195
v -0.7208374738693237 -0.2982821762561798 -3.2513561248779297
v -0.7210667729377747 -0.26929381489753723 -3.252974033355713
v -0.7210667729377747 -0.26929381489753723 -3.252974033355713
v -0.7094690203666687 -0.26509401202201843 -3.179680109024048
v -0.7092429995536804 -0.29361599683761597 -3.1780900955200195
v -0.5631070137023926 -0.7714089751243591 -3.19635009765625
v -0.5914549827575684 -0.7712969779968262 -3.19281005859375
v -0.5918980240821838 -0.7430800199508667 -3.1972599029541016
v -0.5918980240821838 -0.7430800199508667 -3.1972599029541016
v -0.5635499954223633 -0.7431929707527161 -3.2007899284362793
v -0.5631070137023926 -0.7714089751243591 -3.19635009765625
v -0.5704631209373474 -0.781148374080658 -3.255002498626709
v -0.5991842746734619 -0.7810347676277161 -3.2514147758483887
v -0.5996335744857788 -0.7524464726448059 -3.2559242248535156
v -0.5996335744857788 -0.7524464726448059 -3.2559242248535156
v -0.5709118247032166 -0.7525606751441956 -3.2595021724700928
v -0.5704631209373474 -0.781148374080658 -3.255002498626709
v -0.5704631209373474 -0.781148374080658 -3.255002498626709
v -0.5991842746734619 -0.7810347676277161 -3.2514147758483887
v -0.5914549827575684 -0.7712969779968262 -3.19281005859375
v -0.5914549827575684 -0.7712969779968262 -3.19281005859375
v -0.5631070137023926 -0.7714089751243591 -3.19635009765625
v -0.5704631209373474 -0.781148374080658 -3.255002498626709
v -0.5709118247032166 -0.7525606751441956 -3.2595021724700928
v -0.5996335744857788 -0.7524464726448059 -3.2559242248535156
v -0.5918980240821838 -0.7430800199508667 -3.1972599029541016
v -0.5918980240821838 -0.7430800199508667 -3.1972599029541016
v -0.5635499954223633 -0.7431929707527161 -3.2007899284362793
v -0.5709118247032166 -0.7525606751441956 -3.2595021724700928
v -0.5631070137023926 -0.7714089751243591 -3.19635009765625
v -0.5635499954223633 -0.7431929707527161 -3.2007899284362793
v -0.5709118247032166 -0.7525606751441956 -3.2595021724700928
v -0.5709118247032166 -0.7525606751441956 -3.2595021724700928
v -0.5704631209373474 -0.781148374080658 -3.255002498626709
v -0.5631070137023926 -0.7714089751243591 -3.19635009765625
v -0.5914549827575684 -0.7712969779968262 -3.19281005859375
v -0.5991842746734619 -0.7810347676277161 -3.2514147758483887
v -0.5996335744857788 -0.7524464726448059 -3.2559242248535156
v -0.5996335744857788 -0.7524464726448059 -3.2559242248535156
v -0.5918980240821838 -0.7430800199508667 -3.1972599029541016
v -0.5914549827575684 -0.7712969779968262 -3.19281005859375
v -0.5330970287322998 0.44457998871803284 -3.194380044937134
v -0.5328310132026672 0.4730220139026642 -3.1917099952697754
v -0.5044410228729248 0.47305500507354736 -3.194890022277832
v -0.5044410228729248 0.47305500507354736 -3.194890022277832
v -0.5047069787979126 0.4446139931678772 -3.1975600719451904
v -0.5330970287322998 0.44457998871803284 -3.194380044937134
v -0.5436545610427856 0.45304960012435913 -3.283372163772583
v -0.5433830618858337 0.48205405473709106 -3.2806475162506104
v -0.514430820941925 0.48208779096603394 -3.2838923931121826
v -0.514430820941925 0.48208779096603394 -3.2838923931121826
v -0.514702320098877 0.45308396220207214 -3.2866170406341553
v -0.5436545610427856 0.45304960012435913 -3.283372163772583
v -0.5436545610427856 0.45304960012435913 -3.283372163772583
v -0.5433830618858337 0.48205405473709106 -3.2806475162506104
v -0.5328310132026672 0.4730220139026642 -3.1917099952697754
v -0.5328310132026672 0.4730220139026642 -3.1917099952697754
v -0.5330970287322998 0.44457998871803284 -3.194380044937134
v -0.5436545610427856 0.45304960012435913 -3.283372163772583
v -0.514702320098877 0.45308396220207214 -3.2866170406341553
v -0.514430820941925 0.48208779096603394 -3.2838923931121826
v -0.5044410228729248 0.47305500507354736 -3.194890022277832
v -0.5044410228729248 0.47305500507354736 -3.194890022277832
v -0.5047069787979126 0.4446139931678772 -3.1975600719451904
v -0.514702320098877 0.45308396220207214 -3.2866170406341553
v -0.5330970287322998 0.44457998871803284 -3.194380044937134
v -0.5047069787979126 0.4446139931678772 -3.1975600719451904
v -0.514702320098877 0.45308396220207214 -3.2866170406341553
v -0.514702320098877 0.45308396220207214 -3.2866170406341553
v -0.5436545610427856 0.45304960012435913 -3.283372163772583
v -0.5330970287322998 0.44457998871803284 -3.194380044937134
v -0.5328310132026672 0.4730220139026642 -3.1917099952697754
v -0.5433830618858337 0.48205405473709106 -3.2806475162506104
v -0.514430820941925 0.48208779096603394 -3.2838923931121826
v -0.514430820941925 0.48208779096603394 -3.2838923931121826
v -0.5044410228729248 0.47305500507354736 -3.194890022277832
v -0.5328310132026672 0.4730220139026642 -3.1917099952697754
v -0.5328289866447449 0.4735710024833679 -3.191659927368164
v -0.5325430035591125 0.5019950270652771 -3.188810110092163
v -0.5041530132293701 0.5020279884338379 -3.1919898986816406
v -0.5041530132293701 0.5020279884338379 -3.1919898986816406
v -0.5044389963150024 0.4736050069332123 -3.194849967956543
v -0.5328289866447449 0.4735710024833679 -3.191659927368164
v -0.5585261583328247 0.4955674111843109 -3.4082560539245605
v -0.5582269430160522 0.5253612399101257 -3.405264139175415
v -0.5284676551818848 0.5253960490226746 -3.408601999282837
v -0.5284676551818848 0.5253960490226746 -3.408601999282837
v -0.5287690162658691 0.4956032335758209 -3.4116036891937256
v -0.5585261583328247 0.4955674111843109 -3.4082560539245605
v -0.5585261583328247 0.4955674111843109 -3.4082560539245605
v -0.5582269430160522 0.5253612399101257 -3.405264139175415
v -0.5325430035591125 0.5019950270652771 -3.188810110092163
v -0.5325430035591125 0.5019950270652771 -3.188810110092163
v -0.5328289866447449 0.4735710024833679 -3.191659927368164
v -0.5585261583328247 0.4955674111843109 -3.4082560539245605
v -0.5287690162658691 0.4956032335758209 -3.4116036891937256
v -0.5284676551818848 0.5253960490226746 -3.408601999282837
v -0.5041530132293701 0.5020279884338379 -3.1919898986816406
v -0.5041530132293701 0.5020279884338379 -3.1919898986816406
v -0.5044389963150024 0.4736050069332123 -3.194849967956543
v -0.5287690162658691 0.4956032335758209 -3.4116036891937256
v -0.5328289866447449 0.4735710024833679 -3.191659927368164
v -0.5044389963150024 0.4736050069332123 -3.194849967956543
v -0.5287690162658691 0.4956032335758209 -3.4116036891937256
v -0.5287690162658691 0.4956032335758209 -3.4116036891937256
v -0.5585261583328247 0.4955674111843109 -3.4082560539245605
v -0.5328289866447449 0.4735710024833679 -3.191659927368164
v -0.5325430035591125 0.5019950270652771 -3.188810110092163
v -0.5582269430160522 0.5253612399101257 -3.405264139175415
v -0.5284676551818848 0.5253960490226746 -3.408601999282837
v -0.5284676551818848 0.5253960490226746 -3.408601999282837
v -0.5041530132293701 0.5020279884338379 -3.1919898986816406
v -0.5325430035591125 0.5019950270652771 -3.188810110092163
v -0.5028079748153687 0.05954879894852638 -3.1838901042938232
v -0.5027710199356079 0.08811459690332413 -3.183540105819702
v -0.47436100244522095 0.08811459690332413 -3.186539888381958
v -0.47436100244522095 0.08811459690332413 -3.186539888381958
v -0.47439900040626526 0.05954889953136444 -3.1868999004364014
v -0.5028079748153687 0.05954879894852638 -3.1838901042938232
v -0.5133782029151917 0.06074170395731926 -3.278195381164551
v -0.5133398771286011 0.08990355581045151 -3.277836322784424
v -0.4843371510505676 0.08990354835987091 -3.280900716781616
v -0.4843371510505676 0.08990354835987091 -3.280900716781616
v -0.4843765199184418 0.060741811990737915 -3.2812700271606445
v -0.5133782029151917 0.06074170395731926 -3.278195381164551
v -0.5133782029151917 0.06074170395731926 -3.278195381164551
v -0.5133398771286011 0.08990355581045151 -3.277836322784424
v -0.5027710199356079 0.08811459690332413 -3.183540105819702
v -0.5027710199356079 0.08811459690332413 -3.183540105819702
v -0.5028079748153687 0.05954879894852638 -3.1838901042938232
v -0.5133782029151917 0.06074170395731926 -3.278195381164551
v -0.4843765199184418 0.060741811990737915 -3.2812700271606445
v -0.4843371510505676 0.08990354835987091 -3.280900716781616
v -0.47436100244522095 0.08811459690332413 -3.186539888381958
v -0.47436100244522095 0.08811459690332413 -3.186539888381958
v -0.47439900040626526 0.05954889953136444 -3.1868999004364014
v -0.4843765199184418 0.060741811990737915 -3.2812700271606445
v -0.5028079748153687 0.05954879894852638 -3.1838901042938232
v -0.47439900040626526 0.05954889953136444 -3.1868999004364014
v -0.4843765199184418 0.060741811990737915 -3.2812700271606445
v -0.4843765199184418 0.060741811990737915 -3.2812700271606445
v -0.5133782029151917 0.06074170395731926 -3.278195381164551
v -0.5028079748153687 0.05954879894852638 -3.1838901042938232
v -0.5027710199356079 0.08811459690332413 -3.183540105819702
v -0.5133398771286011 0.08990355581045151 -3.277836322784424
v -0.4843371510505676 0.08990354835987091 -3.280900716781616
v -0.4843371510505676 0.08990354835987091 -3.280900716781616
v -0.47436100244522095 0.08811459690332413 -3.186539888381958
v -0.5027710199356079 0.08811459690332413 -3.183540105819702
v -0.4742029905319214 0.17777200043201447 -3.1905500888824463
v -0.47409600019454956 0.20632000267505646 -3.1894800662994385
v -0.4456680119037628 0.20631900429725647 -3.1923000812530518
v -0.4456680119037628 0.20631900429725647 -3.1923000812530518
v -0.44577500224113464 0.17777200043201447 -3.1933701038360596
v -0.4742029905319214 0.17777200043201447 -3.1905500888824463
v -0.49441441893577576 0.18502114713191986 -3.381683826446533
v -0.4943033754825592 0.21477574110031128 -3.3805646896362305
v -0.4646725356578827 0.21477526426315308 -3.3835079669952393
v -0.4646725356578827 0.21477526426315308 -3.3835079669952393
v -0.46478354930877686 0.18502117693424225 -3.384627103805542
v -0.49441441893577576 0.18502114713191986 -3.381683826446533
v -0.49441441893577576 0.18502114713191986 -3.381683826446533
v -0.4943033754825592 0.21477574110031128 -3.3805646896362305
v -0.47409600019454956 0.20632000267505646 -3.1894800662994385
v -0.47409600019454956 0.20632000267505646 -3.1894800662994385
v -0.4742029905319214 0.17777200043201447 -3.1905500888824463
v -0.49441441893577576 0.18502114713191986 -3.381683826446533
v -0.46478354930877686 0.18502117693424225 -3.384627103805542
v -0.4646725356578827 0.21477526426315308 -3.3835079669952393
v -0.4456680119037628 0.20631900429725647 -3.1923000812530518
v -0.4456680119037628 0.20631900429725647 -3.1923000812530518
v -0.44577500224113464 0.17777200043201447 -3.1933701038360596
v -0.46478354930877686 0.18502117693424225 -3.384627103805542
v -0.4742029905319214 0.17777200043201447 -3.1905500888824463
v -0.44577500224113464 0.17777200043201447 -3.1933701038360596
v -0.46478354930877686 0.18502117693424225 -3.384627103805542
v -0.46478354930877686 0.18502117693424225 -3.384627103805542
v -0.49441441893577576 0.18502114713191986 -3.381683826446533
v -0.4742029905319214 0.17777200043201447 -3.1905500888824463
v -0.47409600019454956 0.20632000267505646 -3.1894800662994385
v -0.4943033754825592 0.21477574110031128 -3.3805646896362305
v -0.4646725356578827 0.21477526426315308 -3.3835079669952393
v -0.4646725356578827 0.21477526426315308 -3.3835079669952393
v -0.4456680119037628 0.20631900429725647 -3.1923000812530518
v -0.47409600019454956 0.20632000267505646 -3.1894800662994385
v -0.41328001022338867 -0.1463640034198761 -3.176759958267212
v -0.44172999262809753 -0.1463640034198761 -3.1741600036621094
v -0.4417949914932251 -0.11780499666929245 -3.174870014190674
v -0.4417949914932251 -0.11780499666929245 -3.174870014190674
v -0.41334599256515503 -0.11780499666929245 -3.1774699687957764
v -0.41328001022338867 -0.1463640034198761 -3.176759958267212
v -0.4272826015949249 -0.15119704604148865 -3.3298983573913574
v -0.4566941559314728 -0.15119704604148865 -3.327207326889038
v -0.45676189661026 -0.12167225033044815 -3.32794451713562
v -0.45676189661026 -0.12167225033044815 -3.32794451713562
v -0.42734992504119873 -0.12167225778102875 -3.3306357860565186
v -0.4272826015949249 -0.15119704604148865 -3.3298983573913574
v -0.4272826015949249 -0.15119704604148865 -3.3298983573913574
v -0.4566941559314728 -0.15119704604148865 -3.327207326889038
v -0.44172999262809753 -0.1463640034198761 -3.1741600036621094
v -0.44172999262809753 -0.1463640034198761 -3.1741600036621094
v -0.41328001022338867 -0.1463640034198761 -3.176759958267212
v -0.4272826015949249 -0.15119704604148865 -3.3298983573913574
v -0.42734992504119873 -0.12167225778102875 -3.3306357860565186
v -0.45676189661026 -0.12167225033044815 -3.32794451713562
v -0.4417949914932251 -0.11780499666929245 -3.174870014190674
v -0.4417949914932251 -0.11780499666929245 -3.174870014190674
v -0.41334599256515503 -0.11780499666929245 -3.1774699687957764
v -0.42734992504119873 -0.12167225778102875 -3.3306357860565186
v -0.41328001022338867 -0.1463640034198761 -3.176759958267212
v -0.41334599256515503 -0.11780499666929245 -3.1774699687957764
v -0.42734992504119873 -0.12167225778102875 -3.3306357860565186
v -0.42734992504119873 -0.12167225778102875 -3.3306357860565186
v -0.4272826015949249 -0.15119704604148865 -3.3298983573913574
v -0.41328001022338867 -0.1463640034198761 -3.176759958267212
v -0.44172999262809753 -0.1463640034198761 -3.1741600036621094
v -0.4566941559314728 -0.15119704604148865 -3.327207326889038
v -0.45676189661026 -0.12167225033044815 -3.32794451713562
v -0.45676189661026 -0.12167225033044815 -3.32794451713562
v -0.4417949914932251 -0.11780499666929245 -3.174870014190674
v -0.44172999262809753 -0.1463640034198761 -3.1741600036621094
v -0.44178199768066406 0.05954889953136444 -3.1748099327087402
v -0.4417490065097809 0.08811459690332413 -3.174459934234619
v -0.4133000075817108 0.08811459690332413 -3.1770598888397217
v -0.4133000075817108 0.08811459690332413 -3.1770598888397217
v -0.413332998752594 0.05954889953136444 -3.1774098873138428
v -0.44178199768066406 0.05954889953136444 -3.1748099327087402
v -0.4540354907512665 0.06113177165389061 -3.300138235092163
v -0.4540018141269684 0.09048856794834137 -3.2997758388519287
v -0.4247651696205139 0.09048857539892197 -3.302450180053711
v -0.4247651696205139 0.09048857539892197 -3.302450180053711
v -0.4247988164424896 0.06113184615969658 -3.3028128147125244
v -0.4540354907512665 0.06113177165389061 -3.300138235092163
v -0.4540354907512665 0.06113177165389061 -3.300138235092163
v -0.4540018141269684 0.09048856794834137 -3.2997758388519287
v -0.4417490065097809 0.08811459690332413 -3.174459934234619
v -0.4417490065097809 0.08811459690332413 -3.174459934234619
v -0.44178199768066406 0.05954889953136444 -3.1748099327087402
v -0.4540354907512665 0.06113177165389061 -3.300138235092163
v -0.4247988164424896 0.06113184615969658 -3.3028128147125244
v -0.4247651696205139 0.09048857539892197 -3.302450180053711
v -0.4133000075817108 0.08811459690332413 -3.1770598888397217
v -0.4133000075817108 0.08811459690332413 -3.1770598888397217
v -0.413332998752594 0.05954889953136444 -3.1774098873138428
v -0.4247988164424896 0.06113184615969658 -3.3028128147125244
v -0.44178199768066406 0.05954889953136444 -3.1748099327087402
v -0.413332998752594 0.05954889953136444 -3.1774098873138428
v -0.4247988164424896 0.06113184615969658 -3.3028128147125244
v -0.4247988164424896 0.06113184615969658 -3.3028128147125244
v -0.4540354907512665 0.06113177165389061 -3.300138235092163
v -0.44178199768066406 0.05954889953136444 -3.1748099327087402
v -0.4417490065097809 0.08811459690332413 -3.174459934234619
v -0.4540018141269684 0.09048856794834137 -3.2997758388519287
v -0.4247651696205139 0.09048857539892197 -3.302450180053711
v -0.4247651696205139 0.09048857539892197 -3.302450180053711
v -0.4133000075817108 0.08811459690332413 -3.1770598888397217
v -0.4417490065097809 0.08811459690332413 -3.174459934234619
v -0.4136520028114319 0.6223229765892029 -3.1912999153137207
v -0.41339999437332153 0.6506419777870178 -3.1875500679016113
v -0.3849349915981293 0.6507099866867065 -3.1899800300598145
v -0.3849349915981293 0.6507099866867065 -3.1899800300598145
v -0.3851870000362396 0.6223899722099304 -3.193730115890503
v -0.4136520028114319 0.6223229765892029 -3.1912999153137207
v -0.4202348291873932 0.6318751573562622 -3.2630016803741455
v -0.4199783504009247 0.6606465578079224 -3.259190320968628
v -0.3910590708255768 0.6607160568237305 -3.26166033744812
v -0.3910590708255768 0.6607160568237305 -3.26166033744812
v -0.3913155198097229 0.6319440007209778 -3.2654716968536377
v -0.4202348291873932 0.6318751573562622 -3.2630016803741455
v -0.4202348291873932 0.6318751573562622 -3.2630016803741455
v -0.4199783504009247 0.6606465578079224 -3.259190320968628
v -0.41339999437332153 0.6506419777870178 -3.1875500679016113
v -0.41339999437332153 0.6506419777870178 -3.1875500679016113
v -0.4136520028114319 0.6223229765892029 -3.1912999153137207
v -0.4202348291873932 0.6318751573562622 -3.2630016803741455
v -0.3913155198097229 0.6319440007209778 -3.2654716968536377
v -0.3910590708255768 0.6607160568237305 -3.26166033744812
v -0.3849349915981293 0.6507099866867065 -3.1899800300598145
v -0.3849349915981293 0.6507099866867065 -3.1899800300598145
v -0.3851870000362396 0.6223899722099304 -3.193730115890503
v -0.3913155198097229 0.6319440007209778 -3.2654716968536377
v -0.4136520028114319 0.6223229765892029 -3.1912999153137207
v -0.3851870000362396 0.6223899722099304 -3.193730115890503
v -0.3913155198097229 0.6319440007209778 -3.2654716968536377
v -0.3913155198097229 0.6319440007209778 -3.2654716968536377
v -0.4202348291873932 0.6318751573562622 -3.2630016803741455
v -0.4136520028114319 0.6223229765892029 -3.1912999153137207
v -0.41339999437332153 0.6506419777870178 -3.1875500679016113
v -0.4199783504009247 0.6606465578079224 -3.259190320968628
v -0.3910590708255768 0.6607160568237305 -3.26166033744812
v -0.3910590708255768 0.6607160568237305 -3.26166033744812
v -0.3849349915981293 0.6507099866867065 -3.1899800300598145
v -0.41339999437332153 0.6506419777870178 -3.1875500679016113
v -0.38484200835227966 1.1023600101470947 -3.1976799964904785
v -0.38440001010894775 1.1301499605178833 -3.191119909286499
v -0.3559210002422333 1.1302299499511719 -3.1933600902557373
v -0.3559210002422333 1.1302299499511719 -3.1933600902557373
v -0.3563629984855652 1.102429986000061 -3.19992995262146
v -0.38484200835227966 1.1023600101470947 -3.1976799964904785
v -0.39568284153938293 1.1322818994522095 -3.323638677597046
v -0.3952282667160034 1.1608686447143555 -3.316887855529785
v -0.36593562364578247 1.1609547138214111 -3.3191938400268555
v -0.36593562364578247 1.1609547138214111 -3.3191938400268555
v -0.3663901686668396 1.1323579549789429 -3.3259546756744385
v -0.39568284153938293 1.1322818994522095 -3.323638677597046
v -0.39568284153938293 1.1322818994522095 -3.323638677597046
v -0.3952282667160034 1.1608686447143555 -3.316887855529785
v -0.38440001010894775 1.1301499605178833 -3.191119909286499
v -0.38440001010894775 1.1301499605178833 -3.191119909286499
v -0.38484200835227966 1.1023600101470947 -3.1976799964904785
v -0.39568284153938293 1.1322818994522095 -3.323638677597046
v -0.3663901686668396 1.1323579549789429 -3.3259546756744385
v -0.36593562364578247 1.1609547138214111 -3.3191938400268555
v -0.3559210002422333 1.1302299499511719 -3.1933600902557373
v -0.3559210002422333 1.1302299499511719 -3.1933600902557373
v -0.3563629984855652 1.102429986000061 -3.19992995262146
v -0.3663901686668396 1.1323579549789429 -3.3259546756744385
v -0.38484200835227966 1.1023600101470947 -3.1976799964904785
v -0.3563629984855652 1.102429986000061 -3.19992995262146
v -0.3663901686668396 1.1323579549789429 -3.3259546756744385
v -0.3663901686668396 1.1323579549789429 -3.3259546756744385
v -0.39568284153938293 1.1322818994522095 -3.323638677597046
v -0.38484200835227966 1.1023600101470947 -3.1976799964904785
v -0.38440001010894775 1.1301499605178833 -3.191119909286499
v -0.3952282667160034 1.1608686447143555 -3.316887855529785
v -0.36593562364578247 1.1609547138214111 -3.3191938400268555
v -0.36593562364578247 1.1609547138214111 -3.3191938400268555
v -0.3559210002422333 1.1302299499511719 -3.1933600902557373
v -0.38440001010894775 1.1301499605178833 -3.191119909286499
v -0.3550960123538971 0.3254370093345642 -3.188270092010498
v -0.3549650013446808 0.3539370000362396 -3.186300039291382
v -0.3264720141887665 0.3539479970932007 -3.1883699893951416
v -0.3264720141887665 0.3539479970932007 -3.1883699893951416
v -0.3266029953956604 0.32544800639152527 -3.190340042114258
v -0.3550960123538971 0.3254370093345642 -3.188270092010498
v -0.36442050337791443 0.33364856243133545 -3.306535482406616
v -0.36428532004356384 0.3628930151462555 -3.304511785507202
v -0.33504804968833923 0.3629051148891449 -3.30663800239563
v -0.33504804968833923 0.3629051148891449 -3.30663800239563
v -0.3351822793483734 0.33365973830223083 -3.308661937713623
v -0.36442050337791443 0.33364856243133545 -3.306535482406616
v -0.36442050337791443 0.33364856243133545 -3.306535482406616
v -0.36428532004356384 0.3628930151462555 -3.304511785507202
v -0.3549650013446808 0.3539370000362396 -3.186300039291382
v -0.3549650013446808 0.3539370000362396 -3.186300039291382
v -0.3550960123538971 0.3254370093345642 -3.188270092010498
v -0.36442050337791443 0.33364856243133545 -3.306535482406616
v -0.3351822793483734 0.33365973830223083 -3.308661937713623
v -0.33504804968833923 0.3629051148891449 -3.30663800239563
v -0.3264720141887665 0.3539479970932007 -3.1883699893951416
v -0.3264720141887665 0.3539479970932007 -3.1883699893951416
v -0.3266029953956604 0.32544800639152527 -3.190340042114258
v -0.3351822793483734 0.33365973830223083 -3.308661937713623
v -0.3550960123538971 0.3254370093345642 -3.188270092010498
v -0.3266029953956604 0.32544800639152527 -3.190340042114258
v -0.3351822793483734 0.33365973830223083 -3.308661937713623
v -0.3351822793483734 0.33365973830223083 -3.308661937713623
v -0.36442050337791443 0.33364856243133545 -3.306535482406616
v -0.3550960123538971 0.3254370093345642 -3.188270092010498
v -0.3549650013446808 0.3539370000362396 -3.186300039291382
v -0.36428532004356384 0.3628930151462555 -3.304511785507202
v -0.33504804968833923 0.3629051148891449 -3.30663800239563
v -0.33504804968833923 0.3629051148891449 -3.30663800239563
v -0.3264720141887665 0.3539479970932007 -3.1883699893951416
v -0.3549650013446808 0.3539370000362396 -3.186300039291382
v -0.3549779951572418 0.35450199246406555 -3.1864700317382812
v -0.3548330068588257 0.38298898935317993 -3.1843199729919434
v -0.326339989900589 0.382999986410141 -3.186379909515381
v -0.326339989900589 0.382999986410141 -3.186379909515381
v -0.32648399472236633 0.3545129895210266 -3.1885299682617188
v -0.3549779951572418 0.35450199246406555 -3.1864700317382812
v -0.36179596185684204 0.3610538840293884 -3.272939920425415
v -0.3616483509540558 0.39008504152297974 -3.270747184753418
v -0.33261024951934814 0.3900965750217438 -3.27284836769104
v -0.33261024951934814 0.3900965750217438 -3.27284836769104
v -0.33275723457336426 0.36106500029563904 -3.275041103363037
v -0.36179596185684204 0.3610538840293884 -3.272939920425415
v -0.36179596185684204 0.3610538840293884 -3.272939920425415
v -0.3616483509540558 0.39008504152297974 -3.270747184753418
v -0.3548330068588257 0.38298898935317993 -3.1843199729919434
v -0.3548330068588257 0.38298898935317993 -3.1843199729919434
v -0.3549779951572418 0.35450199246406555 -3.1864700317382812
v -0.36179596185684204 0.3610538840293884 -3.272939920425415
v -0.33275723457336426 0.36106500029563904 -3.275041103363037
v -0.33261024951934814 0.3900965750217438 -3.27284836769104
v -0.326339989900589 0.382999986410141 -3.186379909515381
v -0.326339989900589 0.382999986410141 -3.186379909515381
v -0.32648399472236633 0.3545129895210266 -3.1885299682617188
v -0.33275723457336426 0.36106500029563904 -3.275041103363037
v -0.3549779951572418 0.35450199246406555 -3.1864700317382812
v -0.32648399472236633 0.3545129895210266 -3.1885299682617188
v -0.33275723457336426 0.36106500029563904 -3.275041103363037
v -0.33275723457336426 0.36106500029563904 -3.275041103363037
v -0.36179596185684204 0.3610538840293884 -3.272939920425415
v -0.3549779951572418 0.35450199246406555 -3.1864700317382812
v -0.3548330068588257 0.38298898935317993 -3.1843199729919434
v -0.3616483509540558 0.39008504152297974 -3.270747184753418
v -0.33261024951934814 0.3900965750217438 -3.27284836769104
v -0.33261024951934814 0.3900965750217438 -3.27284836769104
v -0.326339989900589 0.382999986410141 -3.186379909515381
v -0.3548330068588257 0.38298898935317993 -3.1843199729919434
v -0.26589399576187134 -0.3539530038833618 -3.18176007270813
v -0.2944140136241913 -0.3539080023765564 -3.1800999641418457
v -0.2944830060005188 -0.325408011674881 -3.182070016860962
v -0.2944830060005188 -0.325408011674881 -3.182070016860962
v -0.26596400141716003 -0.3254530131816864 -3.183729887008667
v -0.26589399576187134 -0.3539530038833618 -3.18176007270813
v -0.27081698179244995 -0.3603357672691345 -3.266134262084961
v -0.29986855387687683 -0.36028948426246643 -3.26444149017334
v -0.2999390661716461 -0.3312585949897766 -3.2664499282836914
v -0.2999390661716461 -0.3312585949897766 -3.2664499282836914
v -0.2708885073661804 -0.33130449056625366 -3.2681427001953125
v -0.27081698179244995 -0.3603357672691345 -3.266134262084961
v -0.27081698179244995 -0.3603357672691345 -3.266134262084961
v -0.29986855387687683 -0.36028948426246643 -3.26444149017334
v -0.2944140136241913 -0.3539080023765564 -3.1800999641418457
v -0.2944140136241913 -0.3539080023765564 -3.1800999641418457
v -0.26589399576187134 -0.3539530038833618 -3.18176007270813
v -0.27081698179244995 -0.3603357672691345 -3.266134262084961
v -0.2708885073661804 -0.33130449056625366 -3.2681427001953125
v -0.2999390661716461 -0.3312585949897766 -3.2664499282836914
v -0.2944830060005188 -0.325408011674881 -3.182070016860962
v -0.2944830060005188 -0.325408011674881 -3.182070016860962
v -0.26596400141716003 -0.3254530131816864 -3.183729887008667
v -0.2708885073661804 -0.33130449056625366 -3.2681427001953125
v -0.26589399576187134 -0.3539530038833618 -3.18176007270813
v -0.26596400141716003 -0.3254530131816864 -3.183729887008667
v -0.2708885073661804 -0.33130449056625366 -3.2681427001953125
v -0.2708885073661804 -0.33130449056625366 -3.2681427001953125
v -0.27081698179244995 -0.3603357672691345 -3.266134262084961
v -0.26589399576187134 -0.3539530038833618 -3.18176007270813
v -0.2944140136241913 -0.3539080023765564 -3.1800999641418457
v -0.29986855387687683 -0.36028948426246643 -3.26444149017334
v -0.2999390661716461 -0.3312585949897766 -3.2664499282836914
v -0.2999390661716461 -0.3312585949897766 -3.2664499282836914
v -0.2944830060005188 -0.325408011674881 -3.182070016860962
v -0.2944140136241913 -0.3539080023765564 -3.1800999641418457
v -0.2945390045642853 0.2963460087776184 -3.1838901042938232
v -0.29447999596595764 0.32485800981521606 -3.1820900440216064
v -0.2659600079059601 0.3249030113220215 -3.1837499141693115
v -0.2659600079059601 0.3249030113220215 -3.1837499141693115
v -0.26601898670196533 0.29639101028442383 -3.1855499744415283
v -0.2945390045642853 0.2963460087776184 -3.1838901042938232
v -0.2979925274848938 0.29971224069595337 -3.2373106479644775
v -0.29793238639831543 0.3285602629184723 -3.2354884147644043
v -0.26907625794410706 0.3286058306694031 -3.237169027328491
v -0.26907625794410706 0.3286058306694031 -3.237169027328491
v -0.26913613080978394 0.29975780844688416 -3.2389912605285645
v -0.2979925274848938 0.29971224069595337 -3.2373106479644775
v -0.2979925274848938 0.29971224069595337 -3.2373106479644775
v -0.29793238639831543 0.3285602629184723 -3.2354884147644043
v -0.29447999596595764 0.32485800981521606 -3.1820900440216064
v -0.29447999596595764 0.32485800981521606 -3.1820900440216064
v -0.2945390045642853 0.2963460087776184 -3.1838901042938232
v -0.2979925274848938 0.29971224069595337 -3.2373106479644775
v -0.26913613080978394 0.29975780844688416 -3.2389912605285645
v -0.26907625794410706 0.3286058306694031 -3.237169027328491
v -0.2659600079059601 0.3249030113220215 -3.1837499141693115
v -0.2659600079059601 0.3249030113220215 -3.1837499141693115
v -0.26601898670196533 0.29639101028442383 -3.1855499744415283
v -0.26913613080978394 0.29975780844688416 -3.2389912605285645
v -0.2945390045642853 0.2963460087776184 -3.1838901042938232
v -0.26601898670196533 0.29639101028442383 -3.1855499744415283
v -0.26913613080978394 0.29975780844688416 -3.2389912605285645
v -0.26913613080978394 0.29975780844688416 -3.2389912605285645
v -0.2979925274848938 0.29971224069595337 -3.2373106479644775
v -0.2945390045642853 0.2963460087776184 -3.1838901042938232
v -0.29447999596595764 0.32485800981521606 -3.1820900440216064
v -0.29793238639831543 0.3285602629184723 -3.2354884147644043
v -0.26907625794410706 0.3286058306694031 -3.237169027328491
v -0.26907625794410706 0.3286058306694031 -3.237169027328491
v -0.2659600079059601 0.3249030113220215 -3.1837499141693115
v -0.29447999596595764 0.32485800981521606 -3.1820900440216064
v -0.2944279909133911 0.3544729948043823 -3.180259943008423
v -0.29434800148010254 0.3829599916934967 -3.178109884262085
v -0.265828013420105 0.3830049932003021 -3.179769992828369
v -0.265828013420105 0.3830049932003021 -3.179769992828369
v -0.26590800285339355 0.35451799631118774 -3.181920051574707
v -0.2944279909133911 0.3544729948043823 -3.180259943008423
v -0.2976185083389282 0.3582059144973755 -3.229593515396118
v -0.297537624835968 0.38700348138809204 -3.227419137954712
v -0.2687067985534668 0.3870488405227661 -3.229098081588745
v -0.2687067985534668 0.3870488405227661 -3.229098081588745
v -0.26878780126571655 0.3582514524459839 -3.2312726974487305
v -0.2976185083389282 0.3582059144973755 -3.229593515396118
v -0.2976185083389282 0.3582059144973755 -3.229593515396118
v -0.297537624835968 0.38700348138809204 -3.227419137954712
v -0.29434800148010254 0.3829599916934967 -3.178109884262085
v -0.29434800148010254 0.3829599916934967 -3.178109884262085
v -0.2944279909133911 0.3544729948043823 -3.180259943008423
v -0.2976185083389282 0.3582059144973755 -3.229593515396118
v -0.26878780126571655 0.3582514524459839 -3.2312726974487305
v -0.2687067985534668 0.3870488405227661 -3.229098081588745
v -0.265828013420105 0.3830049932003021 -3.179769992828369
v -0.265828013420105 0.3830049932003021 -3.179769992828369
v -0.26590800285339355 0.35451799631118774 -3.181920051574707
v -0.26878780126571655 0.3582514524459839 -3.2312726974487305
v -0.2944279909133911 0.3544729948043823 -3.180259943008423
v -0.26590800285339355 0.35451799631118774 -3.181920051574707
v -0.26878780126571655 0.3582514524459839 -3.2312726974487305
v -0.26878780126571655 0.3582514524459839 -3.2312726974487305
v -0.2976185083389282 0.3582059144973755 -3.229593515396118
v -0.2944279909133911 0.3544729948043823 -3.180259943008423
v -0.29434800148010254 0.3829599916934967 -3.178109884262085
v -0.297537624835968 0.38700348138809204 -3.227419137954712
v -0.2687067985534668 0.3870488405227661 -3.229098081588745
v -0.2687067985534668 0.3870488405227661 -3.229098081588745
v -0.265828013420105 0.3830049932003021 -3.179769992828369
v -0.29434800148010254 0.3829599916934967 -3.178109884262085
v -0.29450899362564087 0.5025370121002197 -3.182950019836426
v -0.2943989932537079 0.5309420228004456 -3.1799099445343018
v -0.2658799886703491 0.5310099720954895 -3.181570053100586
v -0.2658799886703491 0.5310099720954895 -3.181570053100586
v -0.2659899890422821 0.5026040077209473 -3.184609889984131
v -0.29450899362564087 0.5025370121002197 -3.182950019836426
v -0.29798460006713867 0.5082964301109314 -3.236581325531006
v -0.2978733479976654 0.5370389223098755 -3.233504056930542
v -0.269015371799469 0.5371077656745911 -3.235184907913208
v -0.269015371799469 0.5371077656745911 -3.235184907913208
v -0.26912662386894226 0.5083644986152649 -3.238262176513672
v -0.29798460006713867 0.5082964301109314 -3.236581325531006
v -0.29798460006713867 0.5082964301109314 -3.236581325531006
v -0.2978733479976654 0.5370389223098755 -3.233504056930542
v -0.2943989932537079 0.5309420228004456 -3.1799099445343018
v -0.2943989932537079 0.5309420228004456 -3.1799099445343018
v -0.29450899362564087 0.5025370121002197 -3.182950019836426
v -0.29798460006713867 0.5082964301109314 -3.236581325531006
v -0.26912662386894226 0.5083644986152649 -3.238262176513672
v -0.269015371799469 0.5371077656745911 -3.235184907913208
v -0.2658799886703491 0.5310099720954895 -3.181570053100586
v -0.2658799886703491 0.5310099720954895 -3.181570053100586
v -0.2659899890422821 0.5026040077209473 -3.184609889984131
v -0.26912662386894226 0.5083644986152649 -3.238262176513672
v -0.29450899362564087 0.5025370121002197 -3.182950019836426
v -0.2659899890422821 0.5026040077209473 -3.184609889984131
v -0.26912662386894226 0.5083644986152649 -3.238262176513672
v -0.26912662386894226 0.5083644986152649 -3.238262176513672
v -0.29798460006713867 0.5082964301109314 -3.236581325531006
v -0.29450899362564087 0.5025370121002197 -3.182950019836426
v -0.2943989932537079 0.5309420228004456 -3.1799099445343018
v -0.2978733479976654 0.5370389223098755 -3.233504056930542
v -0.269015371799469 0.5371077656745911 -3.235184907913208
v -0.269015371799469 0.5371077656745911 -3.235184907913208
v -0.2658799886703491 0.5310099720954895 -3.181570053100586
v -0.2943989932537079 0.5309420228004456 -3.1799099445343018
v -0.2372879981994629 -1.4084700345993042 -3.201280117034912
v -0.26581698656082153 -1.4083199501037598 -3.1998000144958496
v -0.26609501242637634 -1.3809399604797363 -3.207940101623535
v -0.26609501242637634 -1.3809399604797363 -3.207940101623535
v -0.2375659942626953 -1.3810900449752808 -3.2094199657440186
v -0.2372879981994629 -1.4084700345993042 -3.201280117034912
v -0.2395494282245636 -1.4213415384292603 -3.243546485900879
v -0.2683558464050293 -1.4211910963058472 -3.242050886154175
v -0.2686367630958557 -1.3935441970825195 -3.2502710819244385
v -0.2686367630958557 -1.3935441970825195 -3.2502710819244385
v -0.2398301064968109 -1.3936965465545654 -3.2517662048339844
v -0.2395494282245636 -1.4213415384292603 -3.243546485900879
v -0.2395494282245636 -1.4213415384292603 -3.243546485900879
v -0.2683558464050293 -1.4211910963058472 -3.242050886154175
v -0.26581698656082153 -1.4083199501037598 -3.1998000144958496
v -0.26581698656082153 -1.4083199501037598 -3.1998000144958496
v -0.2372879981994629 -1.4084700345993042 -3.201280117034912
v -0.2395494282245636 -1.4213415384292603 -3.243546485900879
v -0.2398301064968109 -1.3936965465545654 -3.2517662048339844
v -0.2686367630958557 -1.3935441970825195 -3.2502710819244385
v -0.26609501242637634 -1.3809399604797363 -3.207940101623535
v -0.26609501242637634 -1.3809399604797363 -3.207940101623535
v -0.2375659942626953 -1.3810900449752808 -3.2094199657440186
v -0.2398301064968109 -1.3936965465545654 -3.2517662048339844
v -0.2372879981994629 -1.4084700345993042 -3.201280117034912
v -0.2375659942626953 -1.3810900449752808 -3.2094199657440186
v -0.2398301064968109 -1.3936965465545654 -3.2517662048339844
v -0.2398301064968109 -1.3936965465545654 -3.2517662048339844
v -0.2395494282245636 -1.4213415384292603 -3.243546485900879
v -0.2372879981994629 -1.4084700345993042 -3.201280117034912
v -0.26581698656082153 -1.4083199501037598 -3.1998000144958496
v -0.2683558464050293 -1.4211910963058472 -3.242050886154175
v -0.2686367630958557 -1.3935441970825195 -3.2502710819244385
v -0.2686367630958557 -1.3935441970825195 -3.2502710819244385
v -0.26609501242637634 -1.3809399604797363 -3.207940101623535
v -0.26581698656082153 -1.4083199501037598 -3.1998000144958496
v -0.2367119938135147 -0.38300299644470215 -3.1807000637054443
v -0.2652420103549957 -0.3829689919948578 -3.1792099475860596
v -0.26531898975372314 -0.3544819951057434 -3.1813600063323975
v -0.26531898975372314 -0.3544819951057434 -3.1813600063323975
v -0.2367900013923645 -0.35451599955558777 -3.182849884033203
v -0.2367119938135147 -0.38300299644470215 -3.1807000637054443
v -0.24984002113342285 -0.40368130803108215 -3.4329943656921387
v -0.2799578309059143 -0.40364351868629456 -3.431417226791382
v -0.2800411283969879 -0.37356963753700256 -3.4336917400360107
v -0.2800411283969879 -0.37356963753700256 -3.4336917400360107
v -0.249921977519989 -0.3736073076725006 -3.435269355773926
v -0.24984002113342285 -0.40368130803108215 -3.4329943656921387
v -0.24984002113342285 -0.40368130803108215 -3.4329943656921387
v -0.2799578309059143 -0.40364351868629456 -3.431417226791382
v -0.2652420103549957 -0.3829689919948578 -3.1792099475860596
v -0.2652420103549957 -0.3829689919948578 -3.1792099475860596
v -0.2367119938135147 -0.38300299644470215 -3.1807000637054443
v -0.24984002113342285 -0.40368130803108215 -3.4329943656921387
v -0.249921977519989 -0.3736073076725006 -3.435269355773926
v -0.2800411283969879 -0.37356963753700256 -3.4336917400360107
v -0.26531898975372314 -0.3544819951057434 -3.1813600063323975
v -0.26531898975372314 -0.3544819951057434 -3.1813600063323975
v -0.2367900013923645 -0.35451599955558777 -3.182849884033203
v -0.249921977519989 -0.3736073076725006 -3.435269355773926
v -0.2367119938135147 -0.38300299644470215 -3.1807000637054443
v -0.2367900013923645 -0.35451599955558777 -3.182849884033203
v -0.249921977519989 -0.3736073076725006 -3.435269355773926
v -0.249921977519989 -0.3736073076725006 -3.435269355773926
v -0.24984002113342285 -0.40368130803108215 -3.4329943656921387
v -0.2367119938135147 -0.38300299644470215 -3.1807000637054443
v -0.2652420103549957 -0.3829689919948578 -3.1792099475860596
v -0.2799578309059143 -0.40364351868629456 -3.431417226791382
v -0.2800411283969879 -0.37356963753700256 -3.4336917400360107
v -0.2800411283969879 -0.37356963753700256 -3.4336917400360107
v -0.26531898975372314 -0.3544819951057434 -3.1813600063323975
v -0.2652420103549957 -0.3829689919948578 -3.1792099475860596
v -0.26543301343917847 0.2963550090789795 -3.1849899291992188
v -0.26537299156188965 0.32486701011657715 -3.183199882507324
v -0.236844003200531 0.3249010145664215 -3.1846799850463867
v -0.236844003200531 0.3249010145664215 -3.1846799850463867
v -0.23690299689769745 0.29638901352882385 -3.1864700317382812
v -0.26543301343917847 0.2963550090789795 -3.1849899291992188
v -0.27168482542037964 0.3031080961227417 -3.292186737060547
v -0.271623820066452 0.33229443430900574 -3.2903521060943604
v -0.24241937696933746 0.33232930302619934 -3.2918694019317627
v -0.24241937696933746 0.33232930302619934 -3.2918694019317627
v -0.2424801141023636 0.3031432628631592 -3.29370379447937
v -0.27168482542037964 0.3031080961227417 -3.292186737060547
v -0.27168482542037964 0.3031080961227417 -3.292186737060547
v -0.271623820066452 0.33229443430900574 -3.2903521060943604
v -0.26537299156188965 0.32486701011657715 -3.183199882507324
v -0.26537299156188965 0.32486701011657715 -3.183199882507324
v -0.26543301343917847 0.2963550090789795 -3.1849899291992188
v -0.27168482542037964 0.3031080961227417 -3.292186737060547
v -0.2424801141023636 0.3031432628631592 -3.29370379447937
v -0.24241937696933746 0.33232930302619934 -3.2918694019317627
v -0.236844003200531 0.3249010145664215 -3.1846799850463867
v -0.236844003200531 0.3249010145664215 -3.1846799850463867
v -0.23690299689769745 0.29638901352882385 -3.1864700317382812
v -0.2424801141023636 0.3031432628631592 -3.29370379447937
v -0.26543301343917847 0.2963550090789795 -3.1849899291992188
v -0.23690299689769745 0.29638901352882385 -3.1864700317382812
v -0.2424801141023636 0.3031432628631592 -3.29370379447937
v -0.2424801141023636 0.3031432628631592 -3.29370379447937
v -0.27168482542037964 0.3031080961227417 -3.292186737060547
v -0.26543301343917847 0.2963550090789795 -3.1849899291992188
v -0.26537299156188965 0.32486701011657715 -3.183199882507324
v -0.271623820066452 0.33229443430900574 -3.2903521060943604
v -0.24241937696933746 0.33232930302619934 -3.2918694019317627
v -0.24241937696933746 0.33232930302619934 -3.2918694019317627
v -0.236844003200531 0.3249010145664215 -3.1846799850463867
v -0.26537299156188965 0.32486701011657715 -3.183199882507324
v -0.26557499170303345 0.444566011428833 -3.1895198822021484
v -0.2654860019683838 0.4730069935321808 -3.1868300437927246
v -0.23695600032806396 0.47305798530578613 -3.188309907913208
v -0.23695600032806396 0.47305798530578613 -3.188309907913208
v -0.23704500496387482 0.44461700320243835 -3.190999984741211
v -0.26557499170303345 0.444566011428833 -3.1895198822021484
v -0.2690039277076721 0.45012056827545166 -3.2482032775878906
v -0.26891380548477173 0.4789307713508606 -3.2454771995544434
v -0.24001337587833405 0.47898247838020325 -3.2469775676727295
v -0.24001337587833405 0.47898247838020325 -3.2469775676727295
v -0.24010364711284637 0.4501722753047943 -3.2497036457061768
v -0.2690039277076721 0.45012056827545166 -3.2482032775878906
v -0.2690039277076721 0.45012056827545166 -3.2482032775878906
v -0.26891380548477173 0.4789307713508606 -3.2454771995544434
v -0.2654860019683838 0.4730069935321808 -3.1868300437927246
v -0.2654860019683838 0.4730069935321808 -3.1868300437927246
v -0.26557499170303345 0.444566011428833 -3.1895198822021484
v -0.2690039277076721 0.45012056827545166 -3.2482032775878906
v -0.24010364711284637 0.4501722753047943 -3.2497036457061768
v -0.24001337587833405 0.47898247838020325 -3.2469775676727295
v -0.23695600032806396 0.47305798530578613 -3.188309907913208
v -0.23695600032806396 0.47305798530578613 -3.188309907913208
v -0.23704500496387482 0.44461700320243835 -3.190999984741211
v -0.24010364711284637 0.4501722753047943 -3.2497036457061768
v -0.26557499170303345 0.444566011428833 -3.1895198822021484
v -0.23704500496387482 0.44461700320243835 -3.190999984741211
v -0.24010364711284637 0.4501722753047943 -3.2497036457061768
v -0.24010364711284637 0.4501722753047943 -3.2497036457061768
v -0.2690039277076721 0.45012056827545166 -3.2482032775878906
v -0.26557499170303345 0.444566011428833 -3.1895198822021484
v -0.2654860019683838 0.4730069935321808 -3.1868300437927246
v -0.26891380548477173 0.4789307713508606 -3.2454771995544434
v -0.24001337587833405 0.47898247838020325 -3.2469775676727295
v -0.24001337587833405 0.47898247838020325 -3.2469775676727295
v -0.23695600032806396 0.47305798530578613 -3.188309907913208
v -0.2654860019683838 0.4730069935321808 -3.1868300437927246
v -0.26548799872398376 0.4735560119152069 -3.1867799758911133
v -0.26538899540901184 0.5019800066947937 -3.183919906616211
v -0.2368600070476532 0.5020310282707214 -3.1854000091552734
v -0.2368600070476532 0.5020310282707214 -3.1854000091552734
v -0.23695799708366394 0.47360700368881226 -3.188270092010498
v -0.26548799872398376 0.4735560119152069 -3.1867799758911133
v -0.2705334722995758 0.482276052236557 -3.273115396499634
v -0.27043306827545166 0.5112435817718506 -3.2701988220214844
v -0.24135875701904297 0.5112951993942261 -3.2717089653015137
v -0.24135875701904297 0.5112951993942261 -3.2717089653015137
v -0.24145899713039398 0.482328861951828 -3.2746353149414062
v -0.2705334722995758 0.482276052236557 -3.273115396499634
v -0.2705334722995758 0.482276052236557 -3.273115396499634
v -0.27043306827545166 0.5112435817718506 -3.2701988220214844
v -0.26538899540901184 0.5019800066947937 -3.183919906616211
v -0.26538899540901184 0.5019800066947937 -3.183919906616211
v -0.26548799872398376 0.4735560119152069 -3.1867799758911133
v -0.2705334722995758 0.482276052236557 -3.273115396499634
v -0.24145899713039398 0.482328861951828 -3.2746353149414062
v -0.24135875701904297 0.5112951993942261 -3.2717089653015137
v -0.2368600070476532 0.5020310282707214 -3.1854000091552734
v -0.2368600070476532 0.5020310282707214 -3.1854000091552734
v -0.23695799708366394 0.47360700368881226 -3.188270092010498
v -0.24145899713039398 0.482328861951828 -3.2746353149414062
v -0.26548799872398376 0.4735560119152069 -3.1867799758911133
v -0.23695799708366394 0.47360700368881226 -3.188270092010498
v -0.24145899713039398 0.482328861951828 -3.2746353149414062
v -0.24145899713039398 0.482328861951828 -3.2746353149414062
v -0.2705334722995758 0.482276052236557 -3.273115396499634
v -0.26548799872398376 0.4735560119152069 -3.1867799758911133
v -0.26538899540901184 0.5019800066947937 -3.183919906616211
v -0.27043306827545166 0.5112435817718506 -3.2701988220214844
v -0.24135875701904297 0.5112951993942261 -3.2717089653015137
v -0.24135875701904297 0.5112951993942261 -3.2717089653015137
v -0.2368600070476532 0.5020310282707214 -3.1854000091552734
v -0.26538899540901184 0.5019800066947937 -3.183919906616211
v -0.2654010057449341 0.5025500059127808 -3.1840600967407227
v -0.2652930021286011 0.530955970287323 -3.1810200214385986
v -0.23676399886608124 0.5310059785842896 -3.182499885559082
v -0.23676399886608124 0.5310059785842896 -3.182499885559082
v -0.23687100410461426 0.5026010274887085 -3.185539960861206
v -0.2654010057449341 0.5025500059127808 -3.1840600967407227
v -0.2713114321231842 0.5134046673774719 -3.2851579189300537
v -0.27120107412338257 0.5424466729164124 -3.282047748565674
v -0.24203288555145264 0.5424984097480774 -3.2835628986358643
v -0.24203288555145264 0.5424984097480774 -3.2835628986358643
v -0.2421427071094513 0.5134568810462952 -3.2866733074188232
v -0.2713114321231842 0.5134046673774719 -3.2851579189300537
v -0.2713114321231842 0.5134046673774719 -3.2851579189300537
v -0.27120107412338257 0.5424466729164124 -3.282047748565674
v -0.2652930021286011 0.530955970287323 -3.1810200214385986
v -0.2652930021286011 0.530955970287323 -3.1810200214385986
v -0.2654010057449341 0.5025500059127808 -3.1840600967407227
v -0.2713114321231842 0.5134046673774719 -3.2851579189300537
v -0.2421427071094513 0.5134568810462952 -3.2866733074188232
v -0.24203288555145264 0.5424984097480774 -3.2835628986358643
v -0.23676399886608124 0.5310059785842896 -3.182499885559082
v -0.23676399886608124 0.5310059785842896 -3.182499885559082
v -0.23687100410461426 0.5026010274887085 -3.185539960861206
v -0.2421427071094513 0.5134568810462952 -3.2866733074188232
v -0.2654010057449341 0.5025500059127808 -3.1840600967407227
v -0.23687100410461426 0.5026010274887085 -3.185539960861206
v -0.2421427071094513 0.5134568810462952 -3.2866733074188232
v -0.2421427071094513 0.5134568810462952 -3.2866733074188232
v -0.2713114321231842 0.5134046673774719 -3.2851579189300537
v -0.2654010057449341 0.5025500059127808 -3.1840600967407227
v -0.2652930021286011 0.530955970287323 -3.1810200214385986
v -0.27120107412338257 0.5424466729164124 -3.282047748565674
v -0.24203288555145264 0.5424984097480774 -3.2835628986358643
v -0.24203288555145264 0.5424984097480774 -3.2835628986358643
v -0.23676399886608124 0.5310059785842896 -3.182499885559082
v -0.2652930021286011 0.530955970287323 -3.1810200214385986
v -0.26571398973464966 0.5934320092201233 -3.1940200328826904
v -0.2655949890613556 0.6217749714851379 -3.1904399394989014
v -0.23706600069999695 0.6218429803848267 -3.191920042037964
v -0.23706600069999695 0.6218429803848267 -3.191920042037964
v -0.23718400299549103 0.593500018119812 -3.195499897003174
v -0.26571398973464966 0.5934320092201233 -3.1940200328826904
v -0.2717861831188202 0.6065434217453003 -3.297667980194092
v -0.2716641128063202 0.6355381608009338 -3.29400372505188
v -0.2424783706665039 0.6356074810028076 -3.2955198287963867
v -0.2424783706665039 0.6356074810028076 -3.2955198287963867
v -0.24259962141513824 0.6066126227378845 -3.2991840839385986
v -0.2717861831188202 0.6065434217453003 -3.297667980194092
v -0.2717861831188202 0.6065434217453003 -3.297667980194092
v -0.2716641128063202 0.6355381608009338 -3.29400372505188
v -0.2655949890613556 0.6217749714851379 -3.1904399394989014
v -0.2655949890613556 0.6217749714851379 -3.1904399394989014
v -0.26571398973464966 0.5934320092201233 -3.1940200328826904
v -0.2717861831188202 0.6065434217453003 -3.297667980194092
v -0.24259962141513824 0.6066126227378845 -3.2991840839385986
v -0.2424783706665039 0.6356074810028076 -3.2955198287963867
v -0.23706600069999695 0.6218429803848267 -3.191920042037964
v -0.23706600069999695 0.6218429803848267 -3.191920042037964
v -0.23718400299549103 0.593500018119812 -3.195499897003174
v -0.24259962141513824 0.6066126227378845 -3.2991840839385986
v -0.26571398973464966 0.5934320092201233 -3.1940200328826904
v -0.23718400299549103 0.593500018119812 -3.195499897003174
v -0.24259962141513824 0.6066126227378845 -3.2991840839385986
v -0.24259962141513824 0.6066126227378845 -3.2991840839385986
v -0.2717861831188202 0.6065434217453003 -3.297667980194092
v -0.26571398973464966 0.5934320092201233 -3.1940200328826904
v -0.2655949890613556 0.6217749714851379 -3.1904399394989014
v -0.2716641128063202 0.6355381608009338 -3.29400372505188
v -0.2424783706665039 0.6356074810028076 -3.2955198287963867
v -0.2424783706665039 0.6356074810028076 -3.2955198287963867
v -0.23706600069999695 0.6218429803848267 -3.191920042037964
v -0.2655949890613556 0.6217749714851379 -3.1904399394989014
v -0.2362149953842163 0.3544920086860657 -3.1824800968170166
v -0.23613999783992767 0.38297900557518005 -3.1803300380706787
v -0.20760099589824677 0.3830009996891022 -3.1816298961639404
v -0.20760099589824677 0.3830009996891022 -3.1816298961639404
v -0.20767700672149658 0.3545140027999878 -3.1837799549102783
v -0.2362149953842163 0.3544920086860657 -3.1824800968170166
v -0.2414146065711975 0.36205118894577026 -3.2824299335479736
v -0.2413375824689865 0.3911665678024292 -3.2802305221557617
v -0.21216917037963867 0.3911897540092468 -3.2815611362457275
v -0.21216917037963867 0.3911897540092468 -3.2815611362457275
v -0.21224650740623474 0.36207401752471924 -3.2837605476379395
v -0.2414146065711975 0.36205118894577026 -3.2824299335479736
v -0.2414146065711975 0.36205118894577026 -3.2824299335479736
v -0.2413375824689865 0.3911665678024292 -3.2802305221557617
v -0.23613999783992767 0.38297900557518005 -3.1803300380706787
v -0.23613999783992767 0.38297900557518005 -3.1803300380706787
v -0.2362149953842163 0.3544920086860657 -3.1824800968170166
v -0.2414146065711975 0.36205118894577026 -3.2824299335479736
v -0.21224650740623474 0.36207401752471924 -3.2837605476379395
v -0.21216917037963867 0.3911897540092468 -3.2815611362457275
v -0.20760099589824677 0.3830009996891022 -3.1816298961639404
v -0.20760099589824677 0.3830009996891022 -3.1816298961639404
v -0.20767700672149658 0.3545140027999878 -3.1837799549102783
v -0.21224650740623474 0.36207401752471924 -3.2837605476379395
v -0.2362149953842163 0.3544920086860657 -3.1824800968170166
v -0.20767700672149658 0.3545140027999878 -3.1837799549102783
v -0.21224650740623474 0.36207401752471924 -3.2837605476379395
v -0.21224650740623474 0.36207401752471924 -3.2837605476379395
v -0.2414146065711975 0.36205118894577026 -3.2824299335479736
v -0.2362149953842163 0.3544920086860657 -3.1824800968170166
v -0.23613999783992767 0.38297900557518005 -3.1803300380706787
v -0.2413375824689865 0.3911665678024292 -3.2802305221557617
v -0.21216917037963867 0.3911897540092468 -3.2815611362457275
v -0.21216917037963867 0.3911897540092468 -3.2815611362457275
v -0.20760099589824677 0.3830009996891022 -3.1816298961639404
v -0.23613999783992767 0.38297900557518005 -3.1803300380706787
v -0.23638500273227692 0.4735710024833679 -3.1879000663757324
v -0.23628799617290497 0.5019950270652771 -3.18503999710083
v -0.20774899423122406 0.5020279884338379 -3.186340093612671
v -0.20774899423122406 0.5020279884338379 -3.186340093612671
v -0.207846999168396 0.4736050069332123 -3.189199924468994
v -0.23638500273227692 0.4735710024833679 -3.1879000663757324
v -0.23843525350093842 0.47754424810409546 -3.227245569229126
v -0.23833732306957245 0.5062156915664673 -3.2243597507476807
v -0.20955000817775726 0.506249189376831 -3.2256720066070557
v -0.20955000817775726 0.506249189376831 -3.2256720066070557
v -0.20964866876602173 0.47757840156555176 -3.228557825088501
v -0.23843525350093842 0.47754424810409546 -3.227245569229126
v -0.23843525350093842 0.47754424810409546 -3.227245569229126
v -0.23833732306957245 0.5062156915664673 -3.2243597507476807
v -0.23628799617290497 0.5019950270652771 -3.18503999710083
v -0.23628799617290497 0.5019950270652771 -3.18503999710083
v -0.23638500273227692 0.4735710024833679 -3.1879000663757324
v -0.23843525350093842 0.47754424810409546 -3.227245569229126
v -0.20964866876602173 0.47757840156555176 -3.228557825088501
v -0.20955000817775726 0.506249189376831 -3.2256720066070557
v -0.20774899423122406 0.5020279884338379 -3.186340093612671
v -0.20774899423122406 0.5020279884338379 -3.186340093612671
v -0.207846999168396 0.4736050069332123 -3.189199924468994
v -0.20964866876602173 0.47757840156555176 -3.228557825088501
v -0.23638500273227692 0.4735710024833679 -3.1879000663757324
v -0.207846999168396 0.4736050069332123 -3.189199924468994
v -0.20964866876602173 0.47757840156555176 -3.228557825088501
v -0.20964866876602173 0.47757840156555176 -3.228557825088501
v -0.23843525350093842 0.47754424810409546 -3.227245569229126
v -0.23638500273227692 0.4735710024833679 -3.1879000663757324
v -0.23628799617290497 0.5019950270652771 -3.18503999710083
v -0.23833732306957245 0.5062156915664673 -3.2243597507476807
v -0.20955000817775726 0.506249189376831 -3.2256720066070557
v -0.20955000817775726 0.506249189376831 -3.2256720066070557
v -0.20774899423122406 0.5020279884338379 -3.186340093612671
v -0.23628799617290497 0.5019950270652771 -3.18503999710083
v -0.23629699647426605 0.5025650262832642 -3.1851799488067627
v -0.2361920028924942 0.5309699773788452 -3.1821401119232178
v -0.2076530009508133 0.531004011631012 -3.1834399700164795
v -0.2076530009508133 0.531004011631012 -3.1834399700164795
v -0.20775899291038513 0.5025990009307861 -3.1864800453186035
v -0.23629699647426605 0.5025650262832642 -3.1851799488067627
v -0.24358122050762177 0.5175671577453613 -3.3249337673187256
v -0.24347232282161713 0.5468510985374451 -3.3217968940734863
v -0.2140510380268097 0.546886146068573 -3.3231399059295654
v -0.2140510380268097 0.546886146068573 -3.3231399059295654
v -0.21415963768959045 0.5176016688346863 -3.326277017593384
v -0.24358122050762177 0.5175671577453613 -3.3249337673187256
v -0.24358122050762177 0.5175671577453613 -3.3249337673187256
v -0.24347232282161713 0.5468510985374451 -3.3217968940734863
v -0.2361920028924942 0.5309699773788452 -3.1821401119232178
v -0.2361920028924942 0.5309699773788452 -3.1821401119232178
v -0.23629699647426605 0.5025650262832642 -3.1851799488067627
v -0.24358122050762177 0.5175671577453613 -3.3249337673187256
v -0.21415963768959045 0.5176016688346863 -3.326277017593384
v -0.2140510380268097 0.546886146068573 -3.3231399059295654
v -0.2076530009508133 0.531004011631012 -3.1834399700164795
v -0.2076530009508133 0.531004011631012 -3.1834399700164795
v -0.20775899291038513 0.5025990009307861 -3.1864800453186035
v -0.21415963768959045 0.5176016688346863 -3.326277017593384
v -0.23629699647426605 0.5025650262832642 -3.1851799488067627
v -0.20775899291038513 0.5025990009307861 -3.1864800453186035
v -0.21415963768959045 0.5176016688346863 -3.326277017593384
v -0.21415963768959045 0.5176016688346863 -3.326277017593384
v -0.24358122050762177 0.5175671577453613 -3.3249337673187256
v -0.23629699647426605 0.5025650262832642 -3.1851799488067627
v -0.2361920028924942 0.5309699773788452 -3.1821401119232178
v -0.24347232282161713 0.5468510985374451 -3.3217968940734863
v -0.2140510380268097 0.546886146068573 -3.3231399059295654
v -0.2140510380268097 0.546886146068573 -3.3231399059295654
v -0.2076530009508133 0.531004011631012 -3.1834399700164795
v -0.2361920028924942 0.5309699773788452 -3.1821401119232178
v -0.236612007021904 0.593451976776123 -3.1951301097869873
v -0.23649300634860992 0.6217939853668213 -3.1915600299835205
v -0.207955002784729 0.6218389868736267 -3.1928598880767822
v -0.207955002784729 0.6218389868736267 -3.1928598880767822
v -0.20807400345802307 0.5934969782829285 -3.1964399814605713
v -0.236612007021904 0.593451976776123 -3.1951301097869873
v -0.2388576716184616 0.5988898277282715 -3.2381300926208496
v -0.23873752355575562 0.6275025606155396 -3.234524965286255
v -0.20992735028266907 0.6275481581687927 -3.2358381748199463
v -0.20992735028266907 0.6275481581687927 -3.2358381748199463
v -0.2100474089384079 0.5989356637001038 -3.2394533157348633
v -0.2388576716184616 0.5988898277282715 -3.2381300926208496
v -0.2388576716184616 0.5988898277282715 -3.2381300926208496
v -0.23873752355575562 0.6275025606155396 -3.234524965286255
v -0.23649300634860992 0.6217939853668213 -3.1915600299835205
v -0.23649300634860992 0.6217939853668213 -3.1915600299835205
v -0.236612007021904 0.593451976776123 -3.1951301097869873
v -0.2388576716184616 0.5988898277282715 -3.2381300926208496
v -0.2100474089384079 0.5989356637001038 -3.2394533157348633
v -0.20992735028266907 0.6275481581687927 -3.2358381748199463
v -0.207955002784729 0.6218389868736267 -3.1928598880767822
v -0.207955002784729 0.6218389868736267 -3.1928598880767822
v -0.20807400345802307 0.5934969782829285 -3.1964399814605713
v -0.2100474089384079 0.5989356637001038 -3.2394533157348633
v -0.236612007021904 0.593451976776123 -3.1951301097869873
v -0.20807400345802307 0.5934969782829285 -3.1964399814605713
v -0.2100474089384079 0.5989356637001038 -3.2394533157348633
v -0.2100474089384079 0.5989356637001038 -3.2394533157348633
v -0.2388576716184616 0.5988898277282715 -3.2381300926208496
v -0.236612007021904 0.593451976776123 -3.1951301097869873
v -0.23649300634860992 0.6217939853668213 -3.1915600299835205
v -0.23873752355575562 0.6275025606155396 -3.234524965286255
v -0.20992735028266907 0.6275481581687927 -3.2358381748199463
v -0.20992735028266907 0.6275481581687927 -3.2358381748199463
v -0.207955002784729 0.6218389868736267 -3.1928598880767822
v -0.23649300634860992 0.6217939853668213 -3.1915600299835205
v -0.2364940047264099 0.6223419904708862 -3.191499948501587
v -0.23636700212955475 0.6506620049476624 -3.1877400875091553
v -0.20782899856567383 0.6507070064544678 -3.189039945602417
v -0.20782899856567383 0.6507070064544678 -3.189039945602417
v -0.207955002784729 0.6223869919776917 -3.1928000450134277
v -0.2364940047264099 0.6223419904708862 -3.191499948501587
v -0.24109651148319244 0.634047269821167 -3.2795982360839844
v -0.2409665584564209 0.662921130657196 -3.2757630348205566
v -0.21187029778957367 0.662966787815094 -3.277090311050415
v -0.21187029778957367 0.662966787815094 -3.277090311050415
v -0.21199923753738403 0.6340929865837097 -3.2809255123138428
v -0.24109651148319244 0.634047269821167 -3.2795982360839844
v -0.24109651148319244 0.634047269821167 -3.2795982360839844
v -0.2409665584564209 0.662921130657196 -3.2757630348205566
v -0.23636700212955475 0.6506620049476624 -3.1877400875091553
v -0.23636700212955475 0.6506620049476624 -3.1877400875091553
v -0.2364940047264099 0.6223419904708862 -3.191499948501587
v -0.24109651148319244 0.634047269821167 -3.2795982360839844
v -0.21199923753738403 0.6340929865837097 -3.2809255123138428
v -0.21187029778957367 0.662966787815094 -3.277090311050415
v -0.20782899856567383 0.6507070064544678 -3.189039945602417
v -0.20782899856567383 0.6507070064544678 -3.189039945602417
v -0.207955002784729 0.6223869919776917 -3.1928000450134277
v -0.21199923753738403 0.6340929865837097 -3.2809255123138428
v -0.2364940047264099 0.6223419904708862 -3.191499948501587
v -0.207955002784729 0.6223869919776917 -3.1928000450134277
v -0.21199923753738403 0.6340929865837097 -3.2809255123138428
v -0.21199923753738403 0.6340929865837097 -3.2809255123138428
v -0.24109651148319244 0.634047269821167 -3.2795982360839844
v -0.2364940047264099 0.6223419904708862 -3.191499948501587
v -0.23636700212955475 0.6506620049476624 -3.1877400875091553
v -0.2409665584564209 0.662921130657196 -3.2757630348205566
v -0.21187029778957367 0.662966787815094 -3.277090311050415
v -0.21187029778957367 0.662966787815094 -3.277090311050415
v -0.20782899856567383 0.6507070064544678 -3.189039945602417
v -0.23636700212955475 0.6506620049476624 -3.1877400875091553
v -0.20723199844360352 0.29637500643730164 -3.187230110168457
v -0.20717300474643707 0.3248870074748993 -3.1854400634765625
v -0.17862699925899506 0.32489800453186035 -3.1865599155426025
v -0.17862699925899506 0.32489800453186035 -3.1865599155426025
v -0.1786859929561615 0.2963860034942627 -3.1883599758148193
v -0.20723199844360352 0.29637500643730164 -3.187230110168457
v -0.2091059684753418 0.2989576458930969 -3.228245258331299
v -0.20904640853405 0.3277274966239929 -3.226438283920288
v -0.18024224042892456 0.32773879170417786 -3.227569341659546
v -0.18024224042892456 0.32773879170417786 -3.227569341659546
v -0.18030187487602234 0.2989690601825714 -3.229386329650879
v -0.2091059684753418 0.2989576458930969 -3.228245258331299
v -0.2091059684753418 0.2989576458930969 -3.228245258331299
v -0.20904640853405 0.3277274966239929 -3.226438283920288
v -0.20717300474643707 0.3248870074748993 -3.1854400634765625
v -0.20717300474643707 0.3248870074748993 -3.1854400634765625
v -0.20723199844360352 0.29637500643730164 -3.187230110168457
v -0.2091059684753418 0.2989576458930969 -3.228245258331299
v -0.18030187487602234 0.2989690601825714 -3.229386329650879
v -0.18024224042892456 0.32773879170417786 -3.227569341659546
v -0.17862699925899506 0.32489800453186035 -3.1865599155426025
v -0.17862699925899506 0.32489800453186035 -3.1865599155426025
v -0.1786859929561615 0.2963860034942627 -3.1883599758148193
v -0.18030187487602234 0.2989690601825714 -3.229386329650879
v -0.20723199844360352 0.29637500643730164 -3.187230110168457
v -0.1786859929561615 0.2963860034942627 -3.1883599758148193
v -0.18030187487602234 0.2989690601825714 -3.229386329650879
v -0.18030187487602234 0.2989690601825714 -3.229386329650879
v -0.2091059684753418 0.2989576458930969 -3.228245258331299
v -0.20723199844360352 0.29637500643730164 -3.187230110168457
v -0.20717300474643707 0.3248870074748993 -3.1854400634765625
v -0.20904640853405 0.3277274966239929 -3.226438283920288
v -0.18024224042892456 0.32773879170417786 -3.227569341659546
v -0.18024224042892456 0.32773879170417786 -3.227569341659546
v -0.17862699925899506 0.32489800453186035 -3.1865599155426025
v -0.20717300474643707 0.3248870074748993 -3.1854400634765625
v -0.20717300474643707 0.3254370093345642 -3.185420036315918
v -0.20710699260234833 0.3539370000362396 -3.1834399700164795
v -0.1785610020160675 0.3539479970932007 -3.184570074081421
v -0.1785610020160675 0.3539479970932007 -3.184570074081421
v -0.17862699925899506 0.32544800639152527 -3.186539888381958
v -0.20717300474643707 0.3254370093345642 -3.185420036315918
v -0.21064813435077667 0.3307064175605774 -3.261467933654785
v -0.2105809450149536 0.35968413949012756 -3.259453296661377
v -0.1815560758113861 0.359695702791214 -3.260603666305542
v -0.1815560758113861 0.359695702791214 -3.260603666305542
v -0.18162325024604797 0.33071762323379517 -3.262608289718628
v -0.21064813435077667 0.3307064175605774 -3.261467933654785
v -0.21064813435077667 0.3307064175605774 -3.261467933654785
v -0.2105809450149536 0.35968413949012756 -3.259453296661377
v -0.20710699260234833 0.3539370000362396 -3.1834399700164795
v -0.20710699260234833 0.3539370000362396 -3.1834399700164795
v -0.20717300474643707 0.3254370093345642 -3.185420036315918
v -0.21064813435077667 0.3307064175605774 -3.261467933654785
v -0.18162325024604797 0.33071762323379517 -3.262608289718628
v -0.1815560758113861 0.359695702791214 -3.260603666305542
v -0.1785610020160675 0.3539479970932007 -3.184570074081421
v -0.1785610020160675 0.3539479970932007 -3.184570074081421
v -0.17862699925899506 0.32544800639152527 -3.186539888381958
v -0.18162325024604797 0.33071762323379517 -3.262608289718628
v -0.20717300474643707 0.3254370093345642 -3.185420036315918
v -0.17862699925899506 0.32544800639152527 -3.186539888381958
v -0.18162325024604797 0.33071762323379517 -3.262608289718628
v -0.18162325024604797 0.33071762323379517 -3.262608289718628
v -0.21064813435077667 0.3307064175605774 -3.261467933654785
v -0.20717300474643707 0.3254370093345642 -3.185420036315918
v -0.20710699260234833 0.3539370000362396 -3.1834399700164795
v -0.2105809450149536 0.35968413949012756 -3.259453296661377
v -0.1815560758113861 0.359695702791214 -3.260603666305542
v -0.1815560758113861 0.359695702791214 -3.260603666305542
v -0.1785610020160675 0.3539479970932007 -3.184570074081421
v -0.20710699260234833 0.3539370000362396 -3.1834399700164795
v -0.20711399614810944 0.35450199246406555 -3.1835999488830566
v -0.20704099535942078 0.38298898935317993 -3.1814498901367188
v -0.17849500477313995 0.382999986410141 -3.18257999420166
v -0.17849500477313995 0.382999986410141 -3.18257999420166
v -0.1785680055618286 0.3545129895210266 -3.184730052947998
v -0.20711399614810944 0.35450199246406555 -3.1835999488830566
v -0.21053948998451233 0.36016932129859924 -3.2585532665252686
v -0.21046514809131622 0.389127641916275 -3.25636625289917
v -0.18144695460796356 0.3891388773918152 -3.2575161457061768
v -0.18144695460796356 0.3891388773918152 -3.2575161457061768
v -0.1815214455127716 0.3601807951927185 -3.2597031593322754
v -0.21053948998451233 0.36016932129859924 -3.2585532665252686
v -0.21053948998451233 0.36016932129859924 -3.2585532665252686
v -0.21046514809131622 0.389127641916275 -3.25636625289917
v -0.20704099535942078 0.38298898935317993 -3.1814498901367188
v -0.20704099535942078 0.38298898935317993 -3.1814498901367188
v -0.20711399614810944 0.35450199246406555 -3.1835999488830566
v -0.21053948998451233 0.36016932129859924 -3.2585532665252686
v -0.1815214455127716 0.3601807951927185 -3.2597031593322754
v -0.18144695460796356 0.3891388773918152 -3.2575161457061768
v -0.17849500477313995 0.382999986410141 -3.18257999420166
v -0.17849500477313995 0.382999986410141 -3.18257999420166
v -0.1785680055618286 0.3545129895210266 -3.184730052947998
v -0.1815214455127716 0.3601807951927185 -3.2597031593322754
v -0.20711399614810944 0.35450199246406555 -3.1835999488830566
v -0.1785680055618286 0.3545129895210266 -3.184730052947998
v -0.1815214455127716 0.3601807951927185 -3.2597031593322754
v -0.1815214455127716 0.3601807951927185 -3.2597031593322754
v -0.21053948998451233 0.36016932129859924 -3.2585532665252686
v -0.20711399614810944 0.35450199246406555 -3.1835999488830566
v -0.20704099535942078 0.38298898935317993 -3.1814498901367188
v -0.21046514809131622 0.389127641916275 -3.25636625289917
v -0.18144695460796356 0.3891388773918152 -3.2575161457061768
v -0.18144695460796356 0.3891388773918152 -3.2575161457061768
v -0.17849500477313995 0.382999986410141 -3.18257999420166
v -0.20704099535942078 0.38298898935317993 -3.1814498901367188
v -0.20728500187397003 0.47358599305152893 -3.1890299320220947
v -0.20718899369239807 0.5020099878311157 -3.186160087585449
v -0.17864300310611725 0.5020269751548767 -3.1872899532318115
v -0.17864300310611725 0.5020269751548767 -3.1872899532318115
v -0.17873899638652802 0.4736030101776123 -3.190150022506714
v -0.20728500187397003 0.47358599305152893 -3.1890299320220947
v -0.22768698632717133 0.5185824632644653 -3.6346940994262695
v -0.22757960855960846 0.5498061180114746 -3.631533145904541
v -0.19621975719928741 0.5498270988464355 -3.6327826976776123
v -0.19621975719928741 0.5498270988464355 -3.6327826976776123
v -0.19632618129253387 0.5186012387275696 -3.6359338760375977
v -0.22768698632717133 0.5185824632644653 -3.6346940994262695
v -0.22768698632717133 0.5185824632644653 -3.6346940994262695
v -0.22757960855960846 0.5498061180114746 -3.631533145904541
v -0.20718899369239807 0.5020099878311157 -3.186160087585449
v -0.20718899369239807 0.5020099878311157 -3.186160087585449
v -0.20728500187397003 0.47358599305152893 -3.1890299320220947
v -0.22768698632717133 0.5185824632644653 -3.6346940994262695
v -0.19632618129253387 0.5186012387275696 -3.6359338760375977
v -0.19621975719928741 0.5498270988464355 -3.6327826976776123
v -0.17864300310611725 0.5020269751548767 -3.1872899532318115
v -0.17864300310611725 0.5020269751548767 -3.1872899532318115
v -0.17873899638652802 0.4736030101776123 -3.190150022506714
v -0.19632618129253387 0.5186012387275696 -3.6359338760375977
v -0.20728500187397003 0.47358599305152893 -3.1890299320220947
v -0.17873899638652802 0.4736030101776123 -3.190150022506714
v -0.19632618129253387 0.5186012387275696 -3.6359338760375977
v -0.19632618129253387 0.5186012387275696 -3.6359338760375977
v -0.22768698632717133 0.5185824632644653 -3.6346940994262695
v -0.20728500187397003 0.47358599305152893 -3.1890299320220947
v -0.20718899369239807 0.5020099878311157 -3.186160087585449
v -0.22757960855960846 0.5498061180114746 -3.631533145904541
v -0.19621975719928741 0.5498270988464355 -3.6327826976776123
v -0.19621975719928741 0.5498270988464355 -3.6327826976776123
v -0.17864300310611725 0.5020269751548767 -3.1872899532318115
v -0.20718899369239807 0.5020099878311157 -3.186160087585449
v -0.20719599723815918 0.5025799870491028 -3.186310052871704
v -0.2070930004119873 0.5309849977493286 -3.183259963989258
v -0.1785469949245453 0.5310019850730896 -3.184390068054199
v -0.1785469949245453 0.5310019850730896 -3.184390068054199
v -0.17865000665187836 0.5025969743728638 -3.187429904937744
v -0.20719599723815918 0.5025799870491028 -3.186310052871704
v -0.21126258373260498 0.5121122002601624 -3.2751286029815674
v -0.21115733683109283 0.5410751104354858 -3.272017002105713
v -0.1820501983165741 0.5410929322242737 -3.2731709480285645
v -0.1820501983165741 0.5410929322242737 -3.2731709480285645
v -0.18215525150299072 0.512129545211792 -3.2762725353240967
v -0.21126258373260498 0.5121122002601624 -3.2751286029815674
v -0.21126258373260498 0.5121122002601624 -3.2751286029815674
v -0.21115733683109283 0.5410751104354858 -3.272017002105713
v -0.2070930004119873 0.5309849977493286 -3.183259963989258
v -0.2070930004119873 0.5309849977493286 -3.183259963989258
v -0.20719599723815918 0.5025799870491028 -3.186310052871704
v -0.21126258373260498 0.5121122002601624 -3.2751286029815674
v -0.18215525150299072 0.512129545211792 -3.2762725353240967
v -0.1820501983165741 0.5410929322242737 -3.2731709480285645
v -0.1785469949245453 0.5310019850730896 -3.184390068054199
v -0.1785469949245453 0.5310019850730896 -3.184390068054199
v -0.17865000665187836 0.5025969743728638 -3.187429904937744
v -0.18215525150299072 0.512129545211792 -3.2762725353240967
v -0.20719599723815918 0.5025799870491028 -3.186310052871704
v -0.17865000665187836 0.5025969743728638 -3.187429904937744
v -0.18215525150299072 0.512129545211792 -3.2762725353240967
v -0.18215525150299072 0.512129545211792 -3.2762725353240967
v -0.21126258373260498 0.5121122002601624 -3.2751286029815674
v -0.20719599723815918 0.5025799870491028 -3.186310052871704
v -0.2070930004119873 0.5309849977493286 -3.183259963989258
v -0.21115733683109283 0.5410751104354858 -3.272017002105713
v -0.1820501983165741 0.5410929322242737 -3.2731709480285645
v -0.1820501983165741 0.5410929322242737 -3.2731709480285645
v -0.1785469949245453 0.5310019850730896 -3.184390068054199
v -0.2070930004119873 0.5309849977493286 -3.183259963989258
v -0.20710699260234833 0.5315790176391602 -3.1835899353027344
v -0.20699700713157654 0.5599640011787415 -3.1803700923919678
v -0.17845100164413452 0.5599809885025024 -3.181489944458008
v -0.17845100164413452 0.5599809885025024 -3.181489944458008
v -0.1785610020160675 0.5315960049629211 -3.184720039367676
v -0.20710699260234833 0.5315790176391602 -3.1835899353027344
v -0.2099243849515915 0.5385734438896179 -3.2451131343841553
v -0.2098126858472824 0.5673454999923706 -3.2418479919433594
v -0.18087787926197052 0.5673624873161316 -3.2429845333099365
v -0.18087787926197052 0.5673624873161316 -3.2429845333099365
v -0.18098939955234528 0.5385909676551819 -3.2462596893310547
v -0.2099243849515915 0.5385734438896179 -3.2451131343841553
v -0.2099243849515915 0.5385734438896179 -3.2451131343841553
v -0.2098126858472824 0.5673454999923706 -3.2418479919433594
v -0.20699700713157654 0.5599640011787415 -3.1803700923919678
v -0.20699700713157654 0.5599640011787415 -3.1803700923919678
v -0.20710699260234833 0.5315790176391602 -3.1835899353027344
v -0.2099243849515915 0.5385734438896179 -3.2451131343841553
v -0.18098939955234528 0.5385909676551819 -3.2462596893310547
v -0.18087787926197052 0.5673624873161316 -3.2429845333099365
v -0.17845100164413452 0.5599809885025024 -3.181489944458008
v -0.17845100164413452 0.5599809885025024 -3.181489944458008
v -0.1785610020160675 0.5315960049629211 -3.184720039367676
v -0.18098939955234528 0.5385909676551819 -3.2462596893310547
v -0.20710699260234833 0.5315790176391602 -3.1835899353027344
v -0.1785610020160675 0.5315960049629211 -3.184720039367676
v -0.18098939955234528 0.5385909676551819 -3.2462596893310547
v -0.18098939955234528 0.5385909676551819 -3.2462596893310547
v -0.2099243849515915 0.5385734438896179 -3.2451131343841553
v -0.20710699260234833 0.5315790176391602 -3.1835899353027344
v -0.20699700713157654 0.5599640011787415 -3.1803700923919678
v -0.2098126858472824 0.5673454999923706 -3.2418479919433594
v -0.18087787926197052 0.5673624873161316 -3.2429845333099365
v -0.18087787926197052 0.5673624873161316 -3.2429845333099365
v -0.17845100164413452 0.5599809885025024 -3.181489944458008
v -0.20699700713157654 0.5599640011787415 -3.1803700923919678
v -0.17809699475765228 0.5025960206985474 -3.1874399185180664
v -0.17799599468708038 0.5310009717941284 -3.1844000816345215
v -0.14944399893283844 0.5310009717941284 -3.18533992767334
v -0.14944399893283844 0.5310009717941284 -3.18533992767334
v -0.14954499900341034 0.5025960206985474 -3.188390016555786
v -0.17809699475765228 0.5025960206985474 -3.1874399185180664
v -0.1844581514596939 0.5198971629142761 -3.3486855030059814
v -0.18435341119766235 0.5493163466453552 -3.345533609390259
v -0.15478266775608063 0.54931640625 -3.346510648727417
v -0.15478266775608063 0.54931640625 -3.346510648727417
v -0.1548876315355301 0.519897997379303 -3.349672555923462
v -0.1844581514596939 0.5198971629142761 -3.3486855030059814
v -0.1844581514596939 0.5198971629142761 -3.3486855030059814
v -0.18435341119766235 0.5493163466453552 -3.345533609390259
v -0.17799599468708038 0.5310009717941284 -3.1844000816345215
v -0.17799599468708038 0.5310009717941284 -3.1844000816345215
v -0.17809699475765228 0.5025960206985474 -3.1874399185180664
v -0.1844581514596939 0.5198971629142761 -3.3486855030059814
v -0.1548876315355301 0.519897997379303 -3.349672555923462
v -0.15478266775608063 0.54931640625 -3.346510648727417
v -0.14944399893283844 0.5310009717941284 -3.18533992767334
v -0.14944399893283844 0.5310009717941284 -3.18533992767334
v -0.14954499900341034 0.5025960206985474 -3.188390016555786
v -0.1548876315355301 0.519897997379303 -3.349672555923462
v -0.17809699475765228 0.5025960206985474 -3.1874399185180664
v -0.14954499900341034 0.5025960206985474 -3.188390016555786
v -0.1548876315355301 0.519897997379303 -3.349672555923462
v -0.1548876315355301 0.519897997379303 -3.349672555923462
v -0.1844581514596939 0.5198971629142761 -3.3486855030059814
v -0.17809699475765228 0.5025960206985474 -3.1874399185180664
v -0.17799599468708038 0.5310009717941284 -3.1844000816345215
v -0.18435341119766235 0.5493163466453552 -3.345533609390259
v -0.15478266775608063 0.54931640625 -3.346510648727417
v -0.15478266775608063 0.54931640625 -3.346510648727417
v -0.14944399893283844 0.5310009717941284 -3.18533992767334
v -0.17799599468708038 0.5310009717941284 -3.1844000816345215
v -0.17800700664520264 0.53159499168396 -3.184730052947998
v -0.17790000140666962 0.5599809885025024 -3.18149995803833
v -0.14934800565242767 0.5599809885025024 -3.18245005607605
v -0.14934800565242767 0.5599809885025024 -3.18245005607605
v -0.1494549959897995 0.53159499168396 -3.1856698989868164
v -0.17800700664520264 0.53159499168396 -3.184730052947998
v -0.21717879176139832 0.6444423198699951 -4.17756986618042
v -0.21704725921154022 0.6790635585784912 -4.173612117767334
v -0.18221992254257202 0.6790689826011658 -4.1747894287109375
v -0.18221992254257202 0.6790689826011658 -4.1747894287109375
v -0.18234968185424805 0.6444423794746399 -4.178737640380859
v -0.21717879176139832 0.6444423198699951 -4.17756986618042
v -0.21717879176139832 0.6444423198699951 -4.17756986618042
v -0.21704725921154022 0.6790635585784912 -4.173612117767334
v -0.17790000140666962 0.5599809885025024 -3.18149995803833
v -0.17790000140666962 0.5599809885025024 -3.18149995803833
v -0.17800700664520264 0.53159499168396 -3.184730052947998
v -0.21717879176139832 0.6444423198699951 -4.17756986618042
v -0.18234968185424805 0.6444423794746399 -4.178737640380859
v -0.18221992254257202 0.6790689826011658 -4.1747894287109375
v -0.14934800565242767 0.5599809885025024 -3.18245005607605
v -0.14934800565242767 0.5599809885025024 -3.18245005607605
v -0.1494549959897995 0.53159499168396 -3.1856698989868164
v -0.18234968185424805 0.6444423794746399 -4.178737640380859
v -0.17800700664520264 0.53159499168396 -3.184730052947998
v -0.1494549959897995 0.53159499168396 -3.1856698989868164
v -0.18234968185424805 0.6444423794746399 -4.178737640380859
v -0.18234968185424805 0.6444423794746399 -4.178737640380859
v -0.21717879176139832 0.6444423198699951 -4.17756986618042
v -0.17800700664520264 0.53159499168396 -3.184730052947998
v -0.17790000140666962 0.5599809885025024 -3.18149995803833
v -0.21704725921154022 0.6790635585784912 -4.173612117767334
v -0.18221992254257202 0.6790689826011658 -4.1747894287109375
v -0.18221992254257202 0.6790689826011658 -4.1747894287109375
v -0.14934800565242767 0.5599809885025024 -3.18245005607605
v -0.17790000140666962 0.5599809885025024 -3.18149995803833
v -0.1779170036315918 0.5605999827384949 -3.1820199489593506
v -0.17780500650405884 0.5889649987220764 -3.1786201000213623
v -0.1492519974708557 0.5889649987220764 -3.179569959640503
v -0.1492519974708557 0.5889649987220764 -3.179569959640503
v -0.14936499297618866 0.5605999827384949 -3.1829700469970703
v -0.1779170036315918 0.5605999827384949 -3.1820199489593506
v -0.17961430549621582 0.5657630562782288 -3.2250328063964844
v -0.17950113117694855 0.5943984389305115 -3.221599578857422
v -0.1506761759519577 0.5943984389305115 -3.2225594520568848
v -0.1506761759519577 0.5943984389305115 -3.2225594520568848
v -0.1507902294397354 0.5657632946968079 -3.2259926795959473
v -0.17961430549621582 0.5657630562782288 -3.2250328063964844
v -0.17961430549621582 0.5657630562782288 -3.2250328063964844
v -0.17950113117694855 0.5943984389305115 -3.221599578857422
v -0.17780500650405884 0.5889649987220764 -3.1786201000213623
v -0.17780500650405884 0.5889649987220764 -3.1786201000213623
v -0.1779170036315918 0.5605999827384949 -3.1820199489593506
v -0.17961430549621582 0.5657630562782288 -3.2250328063964844
v -0.1507902294397354 0.5657632946968079 -3.2259926795959473
v -0.1506761759519577 0.5943984389305115 -3.2225594520568848
v -0.1492519974708557 0.5889649987220764 -3.179569959640503
v -0.1492519974708557 0.5889649987220764 -3.179569959640503
v -0.14936499297618866 0.5605999827384949 -3.1829700469970703
v -0.1507902294397354 0.5657632946968079 -3.2259926795959473
v -0.1779170036315918 0.5605999827384949 -3.1820199489593506
v -0.14936499297618866 0.5605999827384949 -3.1829700469970703
v -0.1507902294397354 0.5657632946968079 -3.2259926795959473
v -0.1507902294397354 0.5657632946968079 -3.2259926795959473
v -0.17961430549621582 0.5657630562782288 -3.2250328063964844
v -0.1779170036315918 0.5605999827384949 -3.1820199489593506
v -0.17780500650405884 0.5889649987220764 -3.1786201000213623
v -0.17950113117694855 0.5943984389305115 -3.221599578857422
v -0.1506761759519577 0.5943984389305115 -3.2225594520568848
v -0.1506761759519577 0.5943984389305115 -3.2225594520568848
v -0.1492519974708557 0.5889649987220764 -3.179569959640503
v -0.17780500650405884 0.5889649987220764 -3.1786201000213623
v -0.17841699719429016 0.5934929847717285 -3.1974000930786133
v -0.1782979965209961 0.6218360066413879 -3.193819999694824
v -0.14974600076675415 0.6218360066413879 -3.194770097732544
v -0.14974600076675415 0.6218360066413879 -3.194770097732544
v -0.14986500144004822 0.5934929847717285 -3.1983399391174316
v -0.17841699719429016 0.5934929847717285 -3.1974000930786133
v -0.18174976110458374 0.6041515469551086 -3.28171443939209
v -0.18162848055362701 0.6330246925354004 -3.2780659198760986
v -0.1525426059961319 0.6330247521400452 -3.2790353298187256
v -0.1525426059961319 0.6330247521400452 -3.2790353298187256
v -0.15266349911689758 0.6041516065597534 -3.2826738357543945
v -0.18174976110458374 0.6041515469551086 -3.28171443939209
v -0.18174976110458374 0.6041515469551086 -3.28171443939209
v -0.18162848055362701 0.6330246925354004 -3.2780659198760986
v -0.1782979965209961 0.6218360066413879 -3.193819999694824
v -0.1782979965209961 0.6218360066413879 -3.193819999694824
v -0.17841699719429016 0.5934929847717285 -3.1974000930786133
v -0.18174976110458374 0.6041515469551086 -3.28171443939209
v -0.15266349911689758 0.6041516065597534 -3.2826738357543945
v -0.1525426059961319 0.6330247521400452 -3.2790353298187256
v -0.14974600076675415 0.6218360066413879 -3.194770097732544
v -0.14974600076675415 0.6218360066413879 -3.194770097732544
v -0.14986500144004822 0.5934929847717285 -3.1983399391174316
v -0.15266349911689758 0.6041516065597534 -3.2826738357543945
v -0.17841699719429016 0.5934929847717285 -3.1974000930786133
v -0.14986500144004822 0.5934929847717285 -3.1983399391174316
v -0.15266349911689758 0.6041516065597534 -3.2826738357543945
v -0.15266349911689758 0.6041516065597534 -3.2826738357543945
v -0.18174976110458374 0.6041515469551086 -3.28171443939209
v -0.17841699719429016 0.5934929847717285 -3.1974000930786133
v -0.1782979965209961 0.6218360066413879 -3.193819999694824
v -0.18162848055362701 0.6330246925354004 -3.2780659198760986
v -0.1525426059961319 0.6330247521400452 -3.2790353298187256
v -0.1525426059961319 0.6330247521400452 -3.2790353298187256
v -0.14974600076675415 0.6218360066413879 -3.194770097732544
v -0.1782979965209961 0.6218360066413879 -3.193819999694824
v -0.1469549983739853 0.5025370121002197 -3.182960033416748
v -0.1469459980726242 0.5309420228004456 -3.179919958114624
v -0.11838699877262115 0.5310099720954895 -3.1806299686431885
v -0.11838699877262115 0.5310099720954895 -3.1806299686431885
v -0.11839599907398224 0.5026040077209473 -3.1836800575256348
v -0.1469549983739853 0.5025370121002197 -3.182960033416748
v -0.15022143721580505 0.5135804414749146 -3.2859561443328857
v -0.15021194517612457 0.5426325798034668 -3.2828445434570312
v -0.12100238353013992 0.5427019596099854 -3.2835731506347656
v -0.12100238353013992 0.5427019596099854 -3.2835731506347656
v -0.1210113987326622 0.5136492848396301 -3.2866945266723633
v -0.15022143721580505 0.5135804414749146 -3.2859561443328857
v -0.15022143721580505 0.5135804414749146 -3.2859561443328857
v -0.15021194517612457 0.5426325798034668 -3.2828445434570312
v -0.1469459980726242 0.5309420228004456 -3.179919958114624
v -0.1469459980726242 0.5309420228004456 -3.179919958114624
v -0.1469549983739853 0.5025370121002197 -3.182960033416748
v -0.15022143721580505 0.5135804414749146 -3.2859561443328857
v -0.1210113987326622 0.5136492848396301 -3.2866945266723633
v -0.12100238353013992 0.5427019596099854 -3.2835731506347656
v -0.11838699877262115 0.5310099720954895 -3.1806299686431885
v -0.11838699877262115 0.5310099720954895 -3.1806299686431885
v -0.11839599907398224 0.5026040077209473 -3.1836800575256348
v -0.1210113987326622 0.5136492848396301 -3.2866945266723633
v -0.1469549983739853 0.5025370121002197 -3.182960033416748
v -0.11839599907398224 0.5026040077209473 -3.1836800575256348
v -0.1210113987326622 0.5136492848396301 -3.2866945266723633
v -0.1210113987326622 0.5136492848396301 -3.2866945266723633
v -0.15022143721580505 0.5135804414749146 -3.2859561443328857
v -0.1469549983739853 0.5025370121002197 -3.182960033416748
v -0.1469459980726242 0.5309420228004456 -3.179919958114624
v -0.15021194517612457 0.5426325798034668 -3.2828445434570312
v -0.12100238353013992 0.5427019596099854 -3.2835731506347656
v -0.12100238353013992 0.5427019596099854 -3.2835731506347656
v -0.11838699877262115 0.5310099720954895 -3.1806299686431885
v -0.1469459980726242 0.5309420228004456 -3.179919958114624
v -0.14695900678634644 0.5315359830856323 -3.1802499294281006
v -0.1469459980726242 0.5599210262298584 -3.1770200729370117
v -0.11838699877262115 0.5599889755249023 -3.1777400970458984
v -0.11838699877262115 0.5599889755249023 -3.1777400970458984
v -0.11840099841356277 0.5316029787063599 -3.180959939956665
v -0.14695900678634644 0.5315359830856323 -3.1802499294281006
v -0.1570218950510025 0.5675513744354248 -3.497331142425537
v -0.15700551867485046 0.5979286432266235 -3.493868827819824
v -0.1264427900314331 0.5980011224746704 -3.494645357131958
v -0.1264427900314331 0.5980011224746704 -3.494645357131958
v -0.12645679712295532 0.567624032497406 -3.4980978965759277
v -0.1570218950510025 0.5675513744354248 -3.497331142425537
v -0.1570218950510025 0.5675513744354248 -3.497331142425537
v -0.15700551867485046 0.5979286432266235 -3.493868827819824
v -0.1469459980726242 0.5599210262298584 -3.1770200729370117
v -0.1469459980726242 0.5599210262298584 -3.1770200729370117
v -0.14695900678634644 0.5315359830856323 -3.1802499294281006
v -0.1570218950510025 0.5675513744354248 -3.497331142425537
v -0.12645679712295532 0.567624032497406 -3.4980978965759277
v -0.1264427900314331 0.5980011224746704 -3.494645357131958
v -0.11838699877262115 0.5599889755249023 -3.1777400970458984
v -0.11838699877262115 0.5599889755249023 -3.1777400970458984
v -0.11840099841356277 0.5316029787063599 -3.180959939956665
v -0.12645679712295532 0.567624032497406 -3.4980978965759277
v -0.14695900678634644 0.5315359830856323 -3.1802499294281006
v -0.11840099841356277 0.5316029787063599 -3.180959939956665
v -0.12645679712295532 0.567624032497406 -3.4980978965759277
v -0.12645679712295532 0.567624032497406 -3.4980978965759277
v -0.1570218950510025 0.5675513744354248 -3.497331142425537
v -0.14695900678634644 0.5315359830856323 -3.1802499294281006
v -0.1469459980726242 0.5599210262298584 -3.1770200729370117
v -0.15700551867485046 0.5979286432266235 -3.493868827819824
v -0.1264427900314331 0.5980011224746704 -3.494645357131958
v -0.1264427900314331 0.5980011224746704 -3.494645357131958
v -0.11838699877262115 0.5599889755249023 -3.1777400970458984
v -0.1469459980726242 0.5599210262298584 -3.1770200729370117
v -0.14696399867534637 0.5605400204658508 -3.1775400638580322
v -0.14694499969482422 0.5889049768447876 -3.174139976501465
v -0.11838600039482117 0.5889729857444763 -3.1748600006103516
v -0.11838600039482117 0.5889729857444763 -3.1748600006103516
v -0.11840499937534332 0.5606080293655396 -3.178260087966919
v -0.14696399867534637 0.5605400204658508 -3.1775400638580322
v -0.15187129378318787 0.579081118106842 -3.3320999145507812
v -0.1518523246049881 0.6084174513816833 -3.328580379486084
v -0.12231495976448059 0.6084868311882019 -3.3293280601501465
v -0.12231495976448059 0.6084868311882019 -3.3293280601501465
v -0.12233482301235199 0.5791512727737427 -3.3328475952148438
v -0.15187129378318787 0.579081118106842 -3.3320999145507812
v -0.15187129378318787 0.579081118106842 -3.3320999145507812
v -0.1518523246049881 0.6084174513816833 -3.328580379486084
v -0.14694499969482422 0.5889049768447876 -3.174139976501465
v -0.14694499969482422 0.5889049768447876 -3.174139976501465
v -0.14696399867534637 0.5605400204658508 -3.1775400638580322
v -0.15187129378318787 0.579081118106842 -3.3320999145507812
v -0.12233482301235199 0.5791512727737427 -3.3328475952148438
v -0.12231495976448059 0.6084868311882019 -3.3293280601501465
v -0.11838600039482117 0.5889729857444763 -3.1748600006103516
v -0.11838600039482117 0.5889729857444763 -3.1748600006103516
v -0.11840499937534332 0.5606080293655396 -3.178260087966919
v -0.12233482301235199 0.5791512727737427 -3.3328475952148438
v -0.14696399867534637 0.5605400204658508 -3.1775400638580322
v -0.11840499937534332 0.5606080293655396 -3.178260087966919
v -0.12233482301235199 0.5791512727737427 -3.3328475952148438
v -0.12233482301235199 0.5791512727737427 -3.3328475952148438
v -0.15187129378318787 0.579081118106842 -3.3320999145507812
v -0.14696399867534637 0.5605400204658508 -3.1775400638580322
v -0.14694499969482422 0.5889049768447876 -3.174139976501465
v -0.1518523246049881 0.6084174513816833 -3.328580379486084
v -0.12231495976448059 0.6084868311882019 -3.3293280601501465
v -0.12231495976448059 0.6084868311882019 -3.3293280601501465
v -0.11838600039482117 0.5889729857444763 -3.1748600006103516
v -0.14694499969482422 0.5889049768447876 -3.174139976501465
v -0.14695300161838531 0.7090039849281311 -3.1784000396728516
v -0.14693400263786316 0.7372469902038574 -3.174109935760498
v -0.11837500333786011 0.7373369932174683 -3.1748299598693848
v -0.11837500333786011 0.7373369932174683 -3.1748299598693848
v -0.11839400231838226 0.7090939879417419 -3.1791200637817383
v -0.14695300161838531 0.7090039849281311 -3.1784000396728516
v -0.1486249715089798 0.7169553637504578 -3.2307300567626953
v -0.14860570430755615 0.7455275654792786 -3.226389169692993
v -0.11971428990364075 0.745618462562561 -3.227118492126465
v -0.11971428990364075 0.745618462562561 -3.227118492126465
v -0.11973360180854797 0.717046856880188 -3.231459379196167
v -0.1486249715089798 0.7169553637504578 -3.2307300567626953
v -0.1486249715089798 0.7169553637504578 -3.2307300567626953
v -0.14860570430755615 0.7455275654792786 -3.226389169692993
v -0.14693400263786316 0.7372469902038574 -3.174109935760498
v -0.14693400263786316 0.7372469902038574 -3.174109935760498
v -0.14695300161838531 0.7090039849281311 -3.1784000396728516
v -0.1486249715089798 0.7169553637504578 -3.2307300567626953
v -0.11973360180854797 0.717046856880188 -3.231459379196167
v -0.11971428990364075 0.745618462562561 -3.227118492126465
v -0.11837500333786011 0.7373369932174683 -3.1748299598693848
v -0.11837500333786011 0.7373369932174683 -3.1748299598693848
v -0.11839400231838226 0.7090939879417419 -3.1791200637817383
v -0.11973360180854797 0.717046856880188 -3.231459379196167
v -0.14695300161838531 0.7090039849281311 -3.1784000396728516
v -0.11839400231838226 0.7090939879417419 -3.1791200637817383
v -0.11973360180854797 0.717046856880188 -3.231459379196167
v -0.11973360180854797 0.717046856880188 -3.231459379196167
v -0.1486249715089798 0.7169553637504578 -3.2307300567626953
v -0.14695300161838531 0.7090039849281311 -3.1784000396728516
v -0.14693400263786316 0.7372469902038574 -3.174109935760498
v -0.14860570430755615 0.7455275654792786 -3.226389169692993
v -0.11971428990364075 0.745618462562561 -3.227118492126465
v -0.11971428990364075 0.745618462562561 -3.227118492126465
v -0.11837500333786011 0.7373369932174683 -3.1748299598693848
v -0.14693400263786316 0.7372469902038574 -3.174109935760498
v -0.08923040330410004 -0.8863589763641357 -3.1747701168060303
v -0.1177930012345314 -0.8862749934196472 -3.1742300987243652
v -0.11780799925327301 -0.8581799864768982 -3.179409980773926
v -0.11780799925327301 -0.8581799864768982 -3.179409980773926
v -0.08924510329961777 -0.8582640290260315 -3.179949998855591
v -0.08923040330410004 -0.8863589763641357 -3.1747701168060303
v -0.09040183573961258 -0.8978585004806519 -3.2350564002990723
v -0.1193498894572258 -0.8977733850479126 -3.2345077991485596
v -0.11936520040035248 -0.8692991733551025 -3.2397589683532715
v -0.11936520040035248 -0.8692991733551025 -3.2397589683532715
v -0.09041683375835419 -0.8693850636482239 -3.240307331085205
v -0.09040183573961258 -0.8978585004806519 -3.2350564002990723
v -0.09040183573961258 -0.8978585004806519 -3.2350564002990723
v -0.1193498894572258 -0.8977733850479126 -3.2345077991485596
v -0.1177930012345314 -0.8862749934196472 -3.1742300987243652
v -0.1177930012345314 -0.8862749934196472 -3.1742300987243652
v -0.08923040330410004 -0.8863589763641357 -3.1747701168060303
v -0.09040183573961258 -0.8978585004806519 -3.2350564002990723
v -0.09041683375835419 -0.8693850636482239 -3.240307331085205
v -0.11936520040035248 -0.8692991733551025 -3.2397589683532715
v -0.11780799925327301 -0.8581799864768982 -3.179409980773926
v -0.11780799925327301 -0.8581799864768982 -3.179409980773926
v -0.08924510329961777 -0.8582640290260315 -3.179949998855591
v -0.09041683375835419 -0.8693850636482239 -3.240307331085205
v -0.08923040330410004 -0.8863589763641357 -3.1747701168060303
v -0.08924510329961777 -0.8582640290260315 -3.179949998855591
v -0.09041683375835419 -0.8693850636482239 -3.240307331085205
v -0.09041683375835419 -0.8693850636482239 -3.240307331085205
v -0.09040183573961258 -0.8978585004806519 -3.2350564002990723
v -0.08923040330410004 -0.8863589763641357 -3.1747701168060303
v -0.1177930012345314 -0.8862749934196472 -3.1742300987243652
v -0.1193498894572258 -0.8977733850479126 -3.2345077991485596
v -0.11936520040035248 -0.8692991733551025 -3.2397589683532715
v -0.11936520040035248 -0.8692991733551025 -3.2397589683532715
v -0.11780799925327301 -0.8581799864768982 -3.179409980773926
v -0.1177930012345314 -0.8862749934196472 -3.1742300987243652
v -0.11783000081777573 0.32541701197624207 -3.182219982147217
v -0.11782699823379517 0.3539170026779175 -3.1802499294281006
v -0.08926410228013992 0.35395100712776184 -3.1807899475097656
v -0.08926410228013992 0.35395100712776184 -3.1807899475097656
v -0.08926759660243988 0.32545098662376404 -3.182760000228882
v -0.11783000081777573 0.32541701197624207 -3.182219982147217
v -0.1256493479013443 0.3468461334705353 -3.491791009902954
v -0.12564493715763092 0.37729179859161377 -3.489680051803589
v -0.09513271600008011 0.3773272633552551 -3.4902632236480713
v -0.09513271600008011 0.3773272633552551 -3.4902632236480713
v -0.09513676166534424 0.34688395261764526 -3.4923737049102783
v -0.1256493479013443 0.3468461334705353 -3.491791009902954
v -0.1256493479013443 0.3468461334705353 -3.491791009902954
v -0.12564493715763092 0.37729179859161377 -3.489680051803589
v -0.11782699823379517 0.3539170026779175 -3.1802499294281006
v -0.11782699823379517 0.3539170026779175 -3.1802499294281006
v -0.11783000081777573 0.32541701197624207 -3.182219982147217
v -0.1256493479013443 0.3468461334705353 -3.491791009902954
v -0.09513676166534424 0.34688395261764526 -3.4923737049102783
v -0.09513271600008011 0.3773272633552551 -3.4902632236480713
v -0.08926410228013992 0.35395100712776184 -3.1807899475097656
v -0.08926410228013992 0.35395100712776184 -3.1807899475097656
v -0.08926759660243988 0.32545098662376404 -3.182760000228882
v -0.09513676166534424 0.34688395261764526 -3.4923737049102783
v -0.11783000081777573 0.32541701197624207 -3.182219982147217
v -0.08926759660243988 0.32545098662376404 -3.182760000228882
v -0.09513676166534424 0.34688395261764526 -3.4923737049102783
v -0.09513676166534424 0.34688395261764526 -3.4923737049102783
v -0.1256493479013443 0.3468461334705353 -3.491791009902954
v -0.11783000081777573 0.32541701197624207 -3.182219982147217
v -0.11782699823379517 0.3539170026779175 -3.1802499294281006
v -0.12564493715763092 0.37729179859161377 -3.489680051803589
v -0.09513271600008011 0.3773272633552551 -3.4902632236480713
v -0.09513271600008011 0.3773272633552551 -3.4902632236480713
v -0.08926410228013992 0.35395100712776184 -3.1807899475097656
v -0.11782699823379517 0.3539170026779175 -3.1802499294281006
v -0.11782299727201462 0.4735560119152069 -3.1858301162719727
v -0.11781899631023407 0.5019800066947937 -3.1829700469970703
v -0.08925650268793106 0.5020310282707214 -3.183500051498413
v -0.08925650268793106 0.5020310282707214 -3.183500051498413
v -0.08926010131835938 0.47360700368881226 -3.1863698959350586
v -0.11782299727201462 0.4735560119152069 -3.1858301162719727
v -0.11957089602947235 0.4805047810077667 -3.2547225952148438
v -0.11956694722175598 0.5093618631362915 -3.2518177032470703
v -0.09056916832923889 0.5094131827354431 -3.252357244491577
v -0.09056916832923889 0.5094131827354431 -3.252357244491577
v -0.09057293832302094 0.48055702447891235 -3.255272150039673
v -0.11957089602947235 0.4805047810077667 -3.2547225952148438
v -0.11957089602947235 0.4805047810077667 -3.2547225952148438
v -0.11956694722175598 0.5093618631362915 -3.2518177032470703
v -0.11781899631023407 0.5019800066947937 -3.1829700469970703
v -0.11781899631023407 0.5019800066947937 -3.1829700469970703
v -0.11782299727201462 0.4735560119152069 -3.1858301162719727
v -0.11957089602947235 0.4805047810077667 -3.2547225952148438
v -0.09057293832302094 0.48055702447891235 -3.255272150039673
v -0.09056916832923889 0.5094131827354431 -3.252357244491577
v -0.08925650268793106 0.5020310282707214 -3.183500051498413
v -0.08925650268793106 0.5020310282707214 -3.183500051498413
v -0.08926010131835938 0.47360700368881226 -3.1863698959350586
v -0.09057293832302094 0.48055702447891235 -3.255272150039673
v -0.11782299727201462 0.4735560119152069 -3.1858301162719727
v -0.08926010131835938 0.47360700368881226 -3.1863698959350586
v -0.09057293832302094 0.48055702447891235 -3.255272150039673
v -0.09057293832302094 0.48055702447891235 -3.255272150039673
v -0.11957089602947235 0.4805047810077667 -3.2547225952148438
v -0.11782299727201462 0.4735560119152069 -3.1858301162719727
v -0.11781899631023407 0.5019800066947937 -3.1829700469970703
v -0.11956694722175598 0.5093618631362915 -3.2518177032470703
v -0.09056916832923889 0.5094131827354431 -3.252357244491577
v -0.09056916832923889 0.5094131827354431 -3.252357244491577
v -0.08925650268793106 0.5020310282707214 -3.183500051498413
v -0.11781899631023407 0.5019800066947937 -3.1829700469970703
v -0.11782900243997574 0.5315489768981934 -3.180389881134033
v -0.11781899631023407 0.5599349737167358 -3.1771700382232666
v -0.08925589919090271 0.5599849820137024 -3.1777100563049316
v -0.08925589919090271 0.5599849820137024 -3.1777100563049316
v -0.08926630020141602 0.5315999984741211 -3.1809298992156982
v -0.11782900243997574 0.5315489768981934 -3.180389881134033
v -0.11927622556686401 0.5380201935768127 -3.237363815307617
v -0.11926595866680145 0.5667641162872314 -3.2341020107269287
v -0.09034273773431778 0.5668148994445801 -3.234649896621704
v -0.09034273773431778 0.5668148994445801 -3.234649896621704
v -0.09035329520702362 0.5380716919898987 -3.2379117012023926
v -0.11927622556686401 0.5380201935768127 -3.237363815307617
v -0.11927622556686401 0.5380201935768127 -3.237363815307617
v -0.11926595866680145 0.5667641162872314 -3.2341020107269287
v -0.11781899631023407 0.5599349737167358 -3.1771700382232666
v -0.11781899631023407 0.5599349737167358 -3.1771700382232666
v -0.11782900243997574 0.5315489768981934 -3.180389881134033
v -0.11927622556686401 0.5380201935768127 -3.237363815307617
v -0.09035329520702362 0.5380716919898987 -3.2379117012023926
v -0.09034273773431778 0.5668148994445801 -3.234649896621704
v -0.08925589919090271 0.5599849820137024 -3.1777100563049316
v -0.08925589919090271 0.5599849820137024 -3.1777100563049316
v -0.08926630020141602 0.5315999984741211 -3.1809298992156982
v -0.09035329520702362 0.5380716919898987 -3.2379117012023926
v -0.11782900243997574 0.5315489768981934 -3.180389881134033
v -0.08926630020141602 0.5315999984741211 -3.1809298992156982
v -0.09035329520702362 0.5380716919898987 -3.2379117012023926
v -0.09035329520702362 0.5380716919898987 -3.2379117012023926
v -0.11927622556686401 0.5380201935768127 -3.237363815307617
v -0.11782900243997574 0.5315489768981934 -3.180389881134033
v -0.11781899631023407 0.5599349737167358 -3.1771700382232666
v -0.11926595866680145 0.5667641162872314 -3.2341020107269287
v -0.09034273773431778 0.5668148994445801 -3.234649896621704
v -0.09034273773431778 0.5668148994445801 -3.234649896621704
v -0.08925589919090271 0.5599849820137024 -3.1777100563049316
v -0.11781899631023407 0.5599349737167358 -3.1771700382232666
v -0.1178319975733757 0.560554027557373 -3.177690029144287
v -0.11781799793243408 0.5889189839363098 -3.1742799282073975
v -0.08925549685955048 0.5889689922332764 -3.1748199462890625
v -0.08925549685955048 0.5889689922332764 -3.1748199462890625
v -0.08926939964294434 0.560604989528656 -3.178230047225952
v -0.1178319975733757 0.560554027557373 -3.177690029144287
v -0.13904401659965515 0.6606490612030029 -4.012146472930908
v -0.13902534544467926 0.694252610206604 -4.008091449737549
v -0.10518353432416916 0.6943190097808838 -4.008747100830078
v -0.10518353432416916 0.6943190097808838 -4.008747100830078
v -0.1052003800868988 0.6607124209403992 -4.012802600860596
v -0.13904401659965515 0.6606490612030029 -4.012146472930908
v -0.13904401659965515 0.6606490612030029 -4.012146472930908
v -0.13902534544467926 0.694252610206604 -4.008091449737549
v -0.11781799793243408 0.5889189839363098 -3.1742799282073975
v -0.11781799793243408 0.5889189839363098 -3.1742799282073975
v -0.1178319975733757 0.560554027557373 -3.177690029144287
v -0.13904401659965515 0.6606490612030029 -4.012146472930908
v -0.1052003800868988 0.6607124209403992 -4.012802600860596
v -0.10518353432416916 0.6943190097808838 -4.008747100830078
v -0.08925549685955048 0.5889689922332764 -3.1748199462890625
v -0.08925549685955048 0.5889689922332764 -3.1748199462890625
v -0.08926939964294434 0.560604989528656 -3.178230047225952
v -0.1052003800868988 0.6607124209403992 -4.012802600860596
v -0.1178319975733757 0.560554027557373 -3.177690029144287
v -0.08926939964294434 0.560604989528656 -3.178230047225952
v -0.1052003800868988 0.6607124209403992 -4.012802600860596
v -0.1052003800868988 0.6607124209403992 -4.012802600860596
v -0.13904401659965515 0.6606490612030029 -4.012146472930908
v -0.1178319975733757 0.560554027557373 -3.177690029144287
v -0.11781799793243408 0.5889189839363098 -3.1742799282073975
v -0.13902534544467926 0.694252610206604 -4.008091449737549
v -0.10518353432416916 0.6943190097808838 -4.008747100830078
v -0.10518353432416916 0.6943190097808838 -4.008747100830078
v -0.08925549685955048 0.5889689922332764 -3.1748199462890625
v -0.11781799793243408 0.5889189839363098 -3.1742799282073975
v -0.11781000345945358 0.5934320092201233 -3.1930699348449707
v -0.11781000345945358 0.6217749714851379 -3.1894900798797607
v -0.08924700319766998 0.6218429803848267 -3.190030097961426
v -0.08924700319766998 0.6218429803848267 -3.190030097961426
v -0.08924750238656998 0.593500018119812 -3.1936099529266357
v -0.11781000345945358 0.5934320092201233 -3.1930699348449707
v -0.11960884183645248 0.6023399233818054 -3.2635886669158936
v -0.11960853636264801 0.6311261057853699 -3.25995135307312
v -0.09059906005859375 0.6311947703361511 -3.2605011463165283
v -0.09059906005859375 0.6311947703361511 -3.2605011463165283
v -0.09059963375329971 0.602409303188324 -3.2641384601593018
v -0.11960884183645248 0.6023399233818054 -3.2635886669158936
v -0.11960884183645248 0.6023399233818054 -3.2635886669158936
v -0.11960853636264801 0.6311261057853699 -3.25995135307312
v -0.11781000345945358 0.6217749714851379 -3.1894900798797607
v -0.11781000345945358 0.6217749714851379 -3.1894900798797607
v -0.11781000345945358 0.5934320092201233 -3.1930699348449707
v -0.11960884183645248 0.6023399233818054 -3.2635886669158936
v -0.09059963375329971 0.602409303188324 -3.2641384601593018
v -0.09059906005859375 0.6311947703361511 -3.2605011463165283
v -0.08924700319766998 0.6218429803848267 -3.190030097961426
v -0.08924700319766998 0.6218429803848267 -3.190030097961426
v -0.08924750238656998 0.593500018119812 -3.1936099529266357
v -0.09059963375329971 0.602409303188324 -3.2641384601593018
v -0.11781000345945358 0.5934320092201233 -3.1930699348449707
v -0.08924750238656998 0.593500018119812 -3.1936099529266357
v -0.09059963375329971 0.602409303188324 -3.2641384601593018
v -0.09059963375329971 0.602409303188324 -3.2641384601593018
v -0.11960884183645248 0.6023399233818054 -3.2635886669158936
v -0.11781000345945358 0.5934320092201233 -3.1930699348449707
v -0.11781000345945358 0.6217749714851379 -3.1894900798797607
v -0.11960853636264801 0.6311261057853699 -3.25995135307312
v -0.09059906005859375 0.6311947703361511 -3.2605011463165283
v -0.09059906005859375 0.6311947703361511 -3.2605011463165283
v -0.08924700319766998 0.6218429803848267 -3.190030097961426
v -0.11781000345945358 0.6217749714851379 -3.1894900798797607
v -0.08871079981327057 0.38356199860572815 -3.178760051727295
v -0.08870390057563782 0.4120340049266815 -3.1764299869537354
v -0.06013819947838783 0.4120570123195648 -3.1767899990081787
v -0.06013819947838783 0.4120570123195648 -3.1767899990081787
v -0.060145001858472824 0.38358399271965027 -3.1791200637817383
v -0.08871079981327057 0.38356199860572815 -3.178760051727295
v -0.09151694923639297 0.39567288756370544 -3.3266994953155518
v -0.09150975197553635 0.42507436871528625 -3.3242905139923096
v -0.06201150640845299 0.42509815096855164 -3.3246653079986572
v -0.06201150640845299 0.42509815096855164 -3.3246653079986572
v -0.062018703669309616 0.39569634199142456 -3.3270742893218994
v -0.09151694923639297 0.39567288756370544 -3.3266994953155518
v -0.09151694923639297 0.39567288756370544 -3.3266994953155518
v -0.09150975197553635 0.42507436871528625 -3.3242905139923096
v -0.08870390057563782 0.4120340049266815 -3.1764299869537354
v -0.08870390057563782 0.4120340049266815 -3.1764299869537354
v -0.08871079981327057 0.38356199860572815 -3.178760051727295
v -0.09151694923639297 0.39567288756370544 -3.3266994953155518
v -0.062018703669309616 0.39569634199142456 -3.3270742893218994
v -0.06201150640845299 0.42509815096855164 -3.3246653079986572
v -0.06013819947838783 0.4120570123195648 -3.1767899990081787
v -0.06013819947838783 0.4120570123195648 -3.1767899990081787
v -0.060145001858472824 0.38358399271965027 -3.1791200637817383
v -0.062018703669309616 0.39569634199142456 -3.3270742893218994
v -0.08871079981327057 0.38356199860572815 -3.178760051727295
v -0.060145001858472824 0.38358399271965027 -3.1791200637817383
v -0.062018703669309616 0.39569634199142456 -3.3270742893218994
v -0.062018703669309616 0.39569634199142456 -3.3270742893218994
v -0.09151694923639297 0.39567288756370544 -3.3266994953155518
v -0.08871079981327057 0.38356199860572815 -3.178760051727295
v -0.08870390057563782 0.4120340049266815 -3.1764299869537354
v -0.09150975197553635 0.42507436871528625 -3.3242905139923096
v -0.06201150640845299 0.42509815096855164 -3.3246653079986572
v -0.06201150640845299 0.42509815096855164 -3.3246653079986572
v -0.06013819947838783 0.4120570123195648 -3.1767899990081787
v -0.08870390057563782 0.4120340049266815 -3.1764299869537354
v -0.0887129008769989 0.41263699531555176 -3.1769700050354004
v -0.08870380371809006 0.4410949945449829 -3.174459934234619
v -0.060137998312711716 0.44111698865890503 -3.1748199462890625
v -0.060137998312711716 0.44111698865890503 -3.1748199462890625
v -0.06014709919691086 0.41266000270843506 -3.1773300170898438
v -0.0887129008769989 0.41263699531555176 -3.1769700050354004
v -0.09132122248411179 0.4247593283653259 -3.3144147396087646
v -0.09131180495023727 0.45408013463020325 -3.31182599067688
v -0.06187919154763222 0.4541034698486328 -3.312199592590332
v -0.06187919154763222 0.4541034698486328 -3.312199592590332
v -0.06188865005970001 0.4247824251651764 -3.314788579940796
v -0.09132122248411179 0.4247593283653259 -3.3144147396087646
v -0.09132122248411179 0.4247593283653259 -3.3144147396087646
v -0.09131180495023727 0.45408013463020325 -3.31182599067688
v -0.08870380371809006 0.4410949945449829 -3.174459934234619
v -0.08870380371809006 0.4410949945449829 -3.174459934234619
v -0.0887129008769989 0.41263699531555176 -3.1769700050354004
v -0.09132122248411179 0.4247593283653259 -3.3144147396087646
v -0.06188865005970001 0.4247824251651764 -3.314788579940796
v -0.06187919154763222 0.4541034698486328 -3.312199592590332
v -0.060137998312711716 0.44111698865890503 -3.1748199462890625
v -0.060137998312711716 0.44111698865890503 -3.1748199462890625
v -0.06014709919691086 0.41266000270843506 -3.1773300170898438
v -0.06188865005970001 0.4247824251651764 -3.314788579940796
v -0.0887129008769989 0.41263699531555176 -3.1769700050354004
v -0.06014709919691086 0.41266000270843506 -3.1773300170898438
v -0.06188865005970001 0.4247824251651764 -3.314788579940796
v -0.06188865005970001 0.4247824251651764 -3.314788579940796
v -0.09132122248411179 0.4247593283653259 -3.3144147396087646
v -0.0887129008769989 0.41263699531555176 -3.1769700050354004
v -0.08870380371809006 0.4410949945449829 -3.174459934234619
v -0.09131180495023727 0.45408013463020325 -3.31182599067688
v -0.06187919154763222 0.4541034698486328 -3.312199592590332
v -0.06187919154763222 0.4541034698486328 -3.312199592590332
v -0.060137998312711716 0.44111698865890503 -3.1748199462890625
v -0.08870380371809006 0.4410949945449829 -3.174459934234619
v -0.0887048989534378 0.5605689883232117 -3.177839994430542
v -0.08869549632072449 0.588932991027832 -3.1744399070739746
v -0.0601297989487648 0.5889670252799988 -3.174799919128418
v -0.0601297989487648 0.5889670252799988 -3.174799919128418
v -0.06013920158147812 0.5606020092964172 -3.1782000064849854
v -0.0887048989534378 0.5605689883232117 -3.177839994430542
v -0.09004297107458115 0.5689781904220581 -3.2479488849639893
v -0.0900333896279335 0.5977826118469238 -3.244494676589966
v -0.061024148017168045 0.5978177189826965 -3.244861602783203
v -0.061024148017168045 0.5978177189826965 -3.244861602783203
v -0.06103367358446121 0.5690122246742249 -3.2483158111572266
v -0.09004297107458115 0.5689781904220581 -3.2479488849639893
v -0.09004297107458115 0.5689781904220581 -3.2479488849639893
v -0.0900333896279335 0.5977826118469238 -3.244494676589966
v -0.08869549632072449 0.588932991027832 -3.1744399070739746
v -0.08869549632072449 0.588932991027832 -3.1744399070739746
v -0.0887048989534378 0.5605689883232117 -3.177839994430542
v -0.09004297107458115 0.5689781904220581 -3.2479488849639893
v -0.06103367358446121 0.5690122246742249 -3.2483158111572266
v -0.061024148017168045 0.5978177189826965 -3.244861602783203
v -0.0601297989487648 0.5889670252799988 -3.174799919128418
v -0.0601297989487648 0.5889670252799988 -3.174799919128418
v -0.06013920158147812 0.5606020092964172 -3.1782000064849854
v -0.06103367358446121 0.5690122246742249 -3.2483158111572266
v -0.0887048989534378 0.5605689883232117 -3.177839994430542
v -0.06013920158147812 0.5606020092964172 -3.1782000064849854
v -0.06103367358446121 0.5690122246742249 -3.2483158111572266
v -0.06103367358446121 0.5690122246742249 -3.2483158111572266
v -0.09004297107458115 0.5689781904220581 -3.2479488849639893
v -0.0887048989534378 0.5605689883232117 -3.177839994430542
v -0.08869549632072449 0.588932991027832 -3.1744399070739746
v -0.0900333896279335 0.5977826118469238 -3.244494676589966
v -0.061024148017168045 0.5978177189826965 -3.244861602783203
v -0.061024148017168045 0.5978177189826965 -3.244861602783203
v -0.0601297989487648 0.5889670252799988 -3.174799919128418
v -0.08869549632072449 0.588932991027832 -3.1744399070739746
v -0.05957790091633797 0.47358599305152893 -3.186150074005127
v -0.059576500207185745 0.5020099878311157 -3.1832900047302246
v -0.031009100377559662 0.5020269751548767 -3.1834700107574463
v -0.031009100377559662 0.5020269751548767 -3.1834700107574463
v -0.031010499224066734 0.4736030101776123 -3.1863300800323486
v -0.05957790091633797 0.47358599305152893 -3.186150074005127
v -0.06036200001835823 0.47979894280433655 -3.2477476596832275
v -0.06036059558391571 0.5086101293563843 -3.244847297668457
v -0.03140426427125931 0.5086274743080139 -3.2450311183929443
v -0.03140426427125931 0.5086274743080139 -3.2450311183929443
v -0.03140567988157272 0.4798163175582886 -3.2479312419891357
v -0.06036200001835823 0.47979894280433655 -3.2477476596832275
v -0.06036200001835823 0.47979894280433655 -3.2477476596832275
v -0.06036059558391571 0.5086101293563843 -3.244847297668457
v -0.059576500207185745 0.5020099878311157 -3.1832900047302246
v -0.059576500207185745 0.5020099878311157 -3.1832900047302246
v -0.05957790091633797 0.47358599305152893 -3.186150074005127
v -0.06036200001835823 0.47979894280433655 -3.2477476596832275
v -0.03140567988157272 0.4798163175582886 -3.2479312419891357
v -0.03140426427125931 0.5086274743080139 -3.2450311183929443
v -0.031009100377559662 0.5020269751548767 -3.1834700107574463
v -0.031009100377559662 0.5020269751548767 -3.1834700107574463
v -0.031010499224066734 0.4736030101776123 -3.1863300800323486
v -0.03140567988157272 0.4798163175582886 -3.2479312419891357
v -0.05957790091633797 0.47358599305152893 -3.186150074005127
v -0.031010499224066734 0.4736030101776123 -3.1863300800323486
v -0.03140567988157272 0.4798163175582886 -3.2479312419891357
v -0.03140567988157272 0.4798163175582886 -3.2479312419891357
v -0.06036200001835823 0.47979894280433655 -3.2477476596832275
v -0.05957790091633797 0.47358599305152893 -3.186150074005127
v -0.059576500207185745 0.5020099878311157 -3.1832900047302246
v -0.06036059558391571 0.5086101293563843 -3.244847297668457
v -0.03140426427125931 0.5086274743080139 -3.2450311183929443
v -0.03140426427125931 0.5086274743080139 -3.2450311183929443
v -0.031009100377559662 0.5020269751548767 -3.1834700107574463
v -0.059576500207185745 0.5020099878311157 -3.1832900047302246
v -0.059579599648714066 0.5315790176391602 -3.1807100772857666
v -0.05957590043544769 0.5599640011787415 -3.177489995956421
v -0.03100850060582161 0.5599809885025024 -3.1776700019836426
v -0.03100850060582161 0.5599809885025024 -3.1776700019836426
v -0.031012199819087982 0.5315960049629211 -3.1809000968933105
v -0.059579599648714066 0.5315790176391602 -3.1807100772857666
v -0.06507032364606857 0.5805067420005798 -3.611513137817383
v -0.06506641954183578 0.6115976572036743 -3.6079773902893066
v -0.03377538174390793 0.6116173267364502 -3.6081831455230713
v -0.03377538174390793 0.6116173267364502 -3.6081831455230713
v -0.03377940505743027 0.5805286169052124 -3.6117286682128906
v -0.06507032364606857 0.5805067420005798 -3.611513137817383
v -0.06507032364606857 0.5805067420005798 -3.611513137817383
v -0.06506641954183578 0.6115976572036743 -3.6079773902893066
v -0.05957590043544769 0.5599640011787415 -3.177489995956421
v -0.05957590043544769 0.5599640011787415 -3.177489995956421
v -0.059579599648714066 0.5315790176391602 -3.1807100772857666
v -0.06507032364606857 0.5805067420005798 -3.611513137817383
v -0.03377940505743027 0.5805286169052124 -3.6117286682128906
v -0.03377538174390793 0.6116173267364502 -3.6081831455230713
v -0.03100850060582161 0.5599809885025024 -3.1776700019836426
v -0.03100850060582161 0.5599809885025024 -3.1776700019836426
v -0.031012199819087982 0.5315960049629211 -3.1809000968933105
v -0.03377940505743027 0.5805286169052124 -3.6117286682128906
v -0.059579599648714066 0.5315790176391602 -3.1807100772857666
v -0.031012199819087982 0.5315960049629211 -3.1809000968933105
v -0.03377940505743027 0.5805286169052124 -3.6117286682128906
v -0.03377940505743027 0.5805286169052124 -3.6117286682128906
v -0.06507032364606857 0.5805067420005798 -3.611513137817383
v -0.059579599648714066 0.5315790176391602 -3.1807100772857666
v -0.05957590043544769 0.5599640011787415 -3.177489995956421
v -0.06506641954183578 0.6115976572036743 -3.6079773902893066
v -0.03377538174390793 0.6116173267364502 -3.6081831455230713
v -0.03377538174390793 0.6116173267364502 -3.6081831455230713
v -0.03100850060582161 0.5599809885025024 -3.1776700019836426
v -0.05957590043544769 0.5599640011787415 -3.177489995956421
v -0.059580400586128235 0.5605840086936951 -3.1780099868774414
v -0.05957559868693352 0.5889490246772766 -3.174609899520874
v -0.031008200719952583 0.5889649987220764 -3.1747899055480957
v -0.031008200719952583 0.5889649987220764 -3.1747899055480957
v -0.03101300075650215 0.560600996017456 -3.178189992904663
v -0.059580400586128235 0.5605840086936951 -3.1780099868774414
v -0.0630907341837883 0.593594491481781 -3.453216791152954
v -0.06308557093143463 0.6236883401870728 -3.449604034423828
v -0.032776881009340286 0.6237061023712158 -3.449800491333008
v -0.032776881009340286 0.6237061023712158 -3.449800491333008
v -0.03278205171227455 0.5936119556427002 -3.453413486480713
v -0.0630907341837883 0.593594491481781 -3.453216791152954
v -0.0630907341837883 0.593594491481781 -3.453216791152954
v -0.06308557093143463 0.6236883401870728 -3.449604034423828
v -0.05957559868693352 0.5889490246772766 -3.174609899520874
v -0.05957559868693352 0.5889490246772766 -3.174609899520874
v -0.059580400586128235 0.5605840086936951 -3.1780099868774414
v -0.0630907341837883 0.593594491481781 -3.453216791152954
v -0.03278205171227455 0.5936119556427002 -3.453413486480713
v -0.032776881009340286 0.6237061023712158 -3.449800491333008
v -0.031008200719952583 0.5889649987220764 -3.1747899055480957
v -0.031008200719952583 0.5889649987220764 -3.1747899055480957
v -0.03101300075650215 0.560600996017456 -3.178189992904663
v -0.03278205171227455 0.5936119556427002 -3.453413486480713
v -0.059580400586128235 0.5605840086936951 -3.1780099868774414
v -0.03101300075650215 0.560600996017456 -3.178189992904663
v -0.03278205171227455 0.5936119556427002 -3.453413486480713
v -0.03278205171227455 0.5936119556427002 -3.453413486480713
v -0.0630907341837883 0.593594491481781 -3.453216791152954
v -0.059580400586128235 0.5605840086936951 -3.1780099868774414
v -0.05957559868693352 0.5889490246772766 -3.174609899520874
v -0.06308557093143463 0.6236883401870728 -3.449604034423828
v -0.032776881009340286 0.6237061023712158 -3.449800491333008
v -0.032776881009340286 0.6237061023712158 -3.449800491333008
v -0.031008200719952583 0.5889649987220764 -3.1747899055480957
v -0.05957559868693352 0.5889490246772766 -3.174609899520874
v -0.0304579995572567 0.53159499168396 -3.1808900833129883
v -0.030457699671387672 0.5599809885025024 -3.1776599884033203
v -0.0018896700348705053 0.5599809885025024 -3.1776700019836426
v -0.0018896700348705053 0.5599809885025024 -3.1776700019836426
v -0.0018899800488725305 0.53159499168396 -3.1808900833129883
v -0.0304579995572567 0.53159499168396 -3.1808900833129883
v -0.031518157571554184 0.5503498315811157 -3.346017360687256
v -0.03151773288846016 0.5797721147537231 -3.3426663875579834
v -0.0019058136967942119 0.5797734260559082 -3.342679738998413
v -0.0019058136967942119 0.5797734260559082 -3.342679738998413
v -0.0019061312777921557 0.5503501892089844 -3.3460206985473633
v -0.031518157571554184 0.5503498315811157 -3.346017360687256
v -0.031518157571554184 0.5503498315811157 -3.346017360687256
v -0.03151773288846016 0.5797721147537231 -3.3426663875579834
v -0.030457699671387672 0.5599809885025024 -3.1776599884033203
v -0.030457699671387672 0.5599809885025024 -3.1776599884033203
v -0.0304579995572567 0.53159499168396 -3.1808900833129883
v -0.031518157571554184 0.5503498315811157 -3.346017360687256
v -0.0019061312777921557 0.5503501892089844 -3.3460206985473633
v -0.0019058136967942119 0.5797734260559082 -3.342679738998413
v -0.0018896700348705053 0.5599809885025024 -3.1776700019836426
v -0.0018896700348705053 0.5599809885025024 -3.1776700019836426
v -0.0018899800488725305 0.53159499168396 -3.1808900833129883
v -0.0019061312777921557 0.5503501892089844 -3.3460206985473633
v -0.0304579995572567 0.53159499168396 -3.1808900833129883
v -0.0018899800488725305 0.53159499168396 -3.1808900833129883
v -0.0019061312777921557 0.5503501892089844 -3.3460206985473633
v -0.0019061312777921557 0.5503501892089844 -3.3460206985473633
v -0.031518157571554184 0.5503498315811157 -3.346017360687256
v -0.0304579995572567 0.53159499168396 -3.1808900833129883
v -0.030457699671387672 0.5599809885025024 -3.1776599884033203
v -0.03151773288846016 0.5797721147537231 -3.3426663875579834
v -0.0019058136967942119 0.5797734260559082 -3.342679738998413
v -0.0019058136967942119 0.5797734260559082 -3.342679738998413
v -0.0018896700348705053 0.5599809885025024 -3.1776700019836426
v -0.030457699671387672 0.5599809885025024 -3.1776599884033203
v 0.03046569973230362 -0.3835830092430115 -3.1791000366210938
v 0.03046569973230362 -0.41205498576164246 -3.176769971847534
v 0.0018976699793711305 -0.41205498576164246 -3.176769971847534
v 0.0018976699793711305 -0.41205498576164246 -3.176769971847534
v 0.0018977499566972256 -0.3835830092430115 -3.1791000366210938
v 0.03046569973230362 -0.3835830092430115 -3.1791000366210938
v 0.031173625960946083 -0.39270341396331787 -3.2905123233795166
v 0.031173551455140114 -0.4218752980232239 -3.2881228923797607
v 0.0019033456919714808 -0.4218754768371582 -3.2881250381469727
v 0.0019033456919714808 -0.4218754768371582 -3.2881250381469727
v 0.0019034259021282196 -0.3927035927772522 -3.2905144691467285
v 0.031173625960946083 -0.39270341396331787 -3.2905123233795166
v 0.031173625960946083 -0.39270341396331787 -3.2905123233795166
v 0.031173551455140114 -0.4218752980232239 -3.2881228923797607
v 0.03046569973230362 -0.41205498576164246 -3.176769971847534
v 0.03046569973230362 -0.41205498576164246 -3.176769971847534
v 0.03046569973230362 -0.3835830092430115 -3.1791000366210938
v 0.031173625960946083 -0.39270341396331787 -3.2905123233795166
v 0.0019034259021282196 -0.3927035927772522 -3.2905144691467285
v 0.0019033456919714808 -0.4218754768371582 -3.2881250381469727
v 0.0018976699793711305 -0.41205498576164246 -3.176769971847534
v 0.0018976699793711305 -0.41205498576164246 -3.176769971847534
v 0.0018977499566972256 -0.3835830092430115 -3.1791000366210938
v 0.0019034259021282196 -0.3927035927772522 -3.2905144691467285
v 0.03046569973230362 -0.3835830092430115 -3.1791000366210938
v 0.0018977499566972256 -0.3835830092430115 -3.1791000366210938
v 0.0019034259021282196 -0.3927035927772522 -3.2905144691467285
v 0.0019034259021282196 -0.3927035927772522 -3.2905144691467285
v 0.031173625960946083 -0.39270341396331787 -3.2905123233795166
v 0.03046569973230362 -0.3835830092430115 -3.1791000366210938
v 0.03046569973230362 -0.41205498576164246 -3.176769971847534
v 0.031173551455140114 -0.4218752980232239 -3.2881228923797607
v 0.0019033456919714808 -0.4218754768371582 -3.2881250381469727
v 0.0019033456919714808 -0.4218754768371582 -3.2881250381469727
v 0.0018976699793711305 -0.41205498576164246 -3.176769971847534
v 0.03046569973230362 -0.41205498576164246 -3.176769971847534
v 0.030465900897979736 -0.3545129895210266 -3.1809000968933105
v 0.030465800315141678 -0.382999986410141 -3.1787500381469727
v 0.001897779991850257 -0.382999986410141 -3.1787500381469727
v 0.001897779991850257 -0.382999986410141 -3.1787500381469727
v 0.0018979000160470605 -0.3545129895210266 -3.1809000968933105
v 0.030465900897979736 -0.3545129895210266 -3.1809000968933105
v 0.03123943693935871 -0.3637142479419708 -3.3027079105377197
v 0.031239306554198265 -0.39296603202819824 -3.3004977703094482
v 0.0019039432518184185 -0.39296624064445496 -3.3005001544952393
v 0.0019039432518184185 -0.39296624064445496 -3.3005001544952393
v 0.001904063276015222 -0.3637140393257141 -3.30271053314209
v 0.03123943693935871 -0.3637142479419708 -3.3027079105377197
v 0.03123943693935871 -0.3637142479419708 -3.3027079105377197
v 0.031239306554198265 -0.39296603202819824 -3.3004977703094482
v 0.030465800315141678 -0.382999986410141 -3.1787500381469727
v 0.030465800315141678 -0.382999986410141 -3.1787500381469727
v 0.030465900897979736 -0.3545129895210266 -3.1809000968933105
v 0.03123943693935871 -0.3637142479419708 -3.3027079105377197
v 0.001904063276015222 -0.3637140393257141 -3.30271053314209
v 0.0019039432518184185 -0.39296624064445496 -3.3005001544952393
v 0.001897779991850257 -0.382999986410141 -3.1787500381469727
v 0.001897779991850257 -0.382999986410141 -3.1787500381469727
v 0.0018979000160470605 -0.3545129895210266 -3.1809000968933105
v 0.001904063276015222 -0.3637140393257141 -3.30271053314209
v 0.030465900897979736 -0.3545129895210266 -3.1809000968933105
v 0.0018979000160470605 -0.3545129895210266 -3.1809000968933105
v 0.001904063276015222 -0.3637140393257141 -3.30271053314209
v 0.001904063276015222 -0.3637140393257141 -3.30271053314209
v 0.03123943693935871 -0.3637142479419708 -3.3027079105377197
v 0.030465900897979736 -0.3545129895210266 -3.1809000968933105
v 0.030465800315141678 -0.382999986410141 -3.1787500381469727
v 0.031239306554198265 -0.39296603202819824 -3.3004977703094482
v 0.0019039432518184185 -0.39296624064445496 -3.3005001544952393
v 0.0019039432518184185 -0.39296624064445496 -3.3005001544952393
v 0.001897779991850257 -0.382999986410141 -3.1787500381469727
v 0.030465800315141678 -0.382999986410141 -3.1787500381469727
v 0.0018976499559357762 0.41205498576164246 -3.176769971847534
v 0.03046569973230362 0.41205498576164246 -3.176769971847534
v 0.030465800315141678 0.3835830092430115 -3.1791000366210938
v 0.030465800315141678 0.3835830092430115 -3.1791000366210938
v 0.0018977599684149027 0.3835830092430115 -3.1791000366210938
v 0.0018976499559357762 0.41205498576164246 -3.176769971847534
v 0.0019024976063519716 0.420442670583725 -3.271878480911255
v 0.031070275232195854 0.42044252157211304 -3.271876573562622
v 0.031070396304130554 0.3913727402687073 -3.2742574214935303
v 0.031070396304130554 0.3913727402687073 -3.2742574214935303
v 0.0019026121590286493 0.3913728892803192 -3.274259328842163
v 0.0019024976063519716 0.420442670583725 -3.271878480911255
v 0.0019024976063519716 0.420442670583725 -3.271878480911255
v 0.031070275232195854 0.42044252157211304 -3.271876573562622
v 0.03046569973230362 0.41205498576164246 -3.176769971847534
v 0.03046569973230362 0.41205498576164246 -3.176769971847534
v 0.0018976499559357762 0.41205498576164246 -3.176769971847534
v 0.0019024976063519716 0.420442670583725 -3.271878480911255
v 0.0019026121590286493 0.3913728892803192 -3.274259328842163
v 0.031070396304130554 0.3913727402687073 -3.2742574214935303
v 0.030465800315141678 0.3835830092430115 -3.1791000366210938
v 0.030465800315141678 0.3835830092430115 -3.1791000366210938
v 0.0018977599684149027 0.3835830092430115 -3.1791000366210938
v 0.0019026121590286493 0.3913728892803192 -3.274259328842163
v 0.0018976499559357762 0.41205498576164246 -3.176769971847534
v 0.0018977599684149027 0.3835830092430115 -3.1791000366210938
v 0.0019026121590286493 0.3913728892803192 -3.274259328842163
v 0.0019026121590286493 0.3913728892803192 -3.274259328842163
v 0.0019024976063519716 0.420442670583725 -3.271878480911255
v 0.0018976499559357762 0.41205498576164246 -3.176769971847534
v 0.03046569973230362 0.41205498576164246 -3.176769971847534
v 0.031070275232195854 0.42044252157211304 -3.271876573562622
v 0.031070396304130554 0.3913727402687073 -3.2742574214935303
v 0.031070396304130554 0.3913727402687073 -3.2742574214935303
v 0.030465800315141678 0.3835830092430115 -3.1791000366210938
v 0.03046569973230362 0.41205498576164246 -3.176769971847534
v 0.0018896899418905377 0.5599809885025024 -3.1776700019836426
v 0.030457699671387672 0.5599809885025024 -3.1776599884033203
v 0.0304579995572567 0.53159499168396 -3.1808900833129883
v 0.0304579995572567 0.53159499168396 -3.1808900833129883
v 0.0018899600254371762 0.53159499168396 -3.1808900833129883
v 0.0018896899418905377 0.5599809885025024 -3.1776700019836426
v 0.0019178109942004085 0.5944578647613525 -3.465104579925537
v 0.03230432793498039 0.5944555997848511 -3.4650888442993164
v 0.032304584980010986 0.5642645359039307 -3.46852970123291
v 0.032304584980010986 0.5642645359039307 -3.46852970123291
v 0.0019180942326784134 0.5642651915550232 -3.4685354232788086
v 0.0019178109942004085 0.5944578647613525 -3.465104579925537
v 0.0019178109942004085 0.5944578647613525 -3.465104579925537
v 0.03230432793498039 0.5944555997848511 -3.4650888442993164
v 0.030457699671387672 0.5599809885025024 -3.1776599884033203
v 0.030457699671387672 0.5599809885025024 -3.1776599884033203
v 0.0018896899418905377 0.5599809885025024 -3.1776700019836426
v 0.0019178109942004085 0.5944578647613525 -3.465104579925537
v 0.0019180942326784134 0.5642651915550232 -3.4685354232788086
v 0.032304584980010986 0.5642645359039307 -3.46852970123291
v 0.0304579995572567 0.53159499168396 -3.1808900833129883
v 0.0304579995572567 0.53159499168396 -3.1808900833129883
v 0.0018899600254371762 0.53159499168396 -3.1808900833129883
v 0.0019180942326784134 0.5642651915550232 -3.4685354232788086
v 0.0018896899418905377 0.5599809885025024 -3.1776700019836426
v 0.0018899600254371762 0.53159499168396 -3.1808900833129883
v 0.0019180942326784134 0.5642651915550232 -3.4685354232788086
v 0.0019180942326784134 0.5642651915550232 -3.4685354232788086
v 0.0019178109942004085 0.5944578647613525 -3.465104579925537
v 0.0018896899418905377 0.5599809885025024 -3.1776700019836426
v 0.030457699671387672 0.5599809885025024 -3.1776599884033203
v 0.03230432793498039 0.5944555997848511 -3.4650888442993164
v 0.032304584980010986 0.5642645359039307 -3.46852970123291
v 0.032304584980010986 0.5642645359039307 -3.46852970123291
v 0.0304579995572567 0.53159499168396 -3.1808900833129883
v 0.030457699671387672 0.5599809885025024 -3.1776599884033203
v 0.031009400263428688 0.4730539917945862 -3.186379909515381
v 0.05957679823040962 0.4730370044708252 -3.186199903488159
v 0.0595770999789238 0.44459599256515503 -3.18887996673584
v 0.0595770999789238 0.44459599256515503 -3.18887996673584
v 0.031009700149297714 0.4446130096912384 -3.189069986343384
v 0.031009400263428688 0.4730539917945862 -3.186379909515381
v 0.03228629752993584 0.4931304156780243 -3.385425567626953
v 0.06211036816239357 0.4931122362613678 -3.3852336406707764
v 0.062110718339681625 0.4634203612804413 -3.388035774230957
v 0.062110718339681625 0.4634203612804413 -3.388035774230957
v 0.03228668123483658 0.463439404964447 -3.388237714767456
v 0.03228629752993584 0.4931304156780243 -3.385425567626953
v 0.03228629752993584 0.4931304156780243 -3.385425567626953
v 0.06211036816239357 0.4931122362613678 -3.3852336406707764
v 0.05957679823040962 0.4730370044708252 -3.186199903488159
v 0.05957679823040962 0.4730370044708252 -3.186199903488159
v 0.031009400263428688 0.4730539917945862 -3.186379909515381
v 0.03228629752993584 0.4931304156780243 -3.385425567626953
v 0.03228668123483658 0.463439404964447 -3.388237714767456
v 0.062110718339681625 0.4634203612804413 -3.388035774230957
v 0.0595770999789238 0.44459599256515503 -3.18887996673584
v 0.0595770999789238 0.44459599256515503 -3.18887996673584
v 0.031009700149297714 0.4446130096912384 -3.189069986343384
v 0.03228668123483658 0.463439404964447 -3.388237714767456
v 0.031009400263428688 0.4730539917945862 -3.186379909515381
v 0.031009700149297714 0.4446130096912384 -3.189069986343384
v 0.03228668123483658 0.463439404964447 -3.388237714767456
v 0.03228668123483658 0.463439404964447 -3.388237714767456
v 0.03228629752993584 0.4931304156780243 -3.385425567626953
v 0.031009400263428688 0.4730539917945862 -3.186379909515381
v 0.05957679823040962 0.4730370044708252 -3.186199903488159
v 0.06211036816239357 0.4931122362613678 -3.3852336406707764
v 0.062110718339681625 0.4634203612804413 -3.388035774230957
v 0.062110718339681625 0.4634203612804413 -3.388035774230957
v 0.0595770999789238 0.44459599256515503 -3.18887996673584
v 0.05957679823040962 0.4730370044708252 -3.186199903488159
v 0.03100850060582161 0.5599809885025024 -3.1776700019836426
v 0.05957590043544769 0.5599640011787415 -3.177489995956421
v 0.059579599648714066 0.5315790176391602 -3.1807100772857666
v 0.059579599648714066 0.5315790176391602 -3.1807100772857666
v 0.031012199819087982 0.5315960049629211 -3.1809000968933105
v 0.03100850060582161 0.5599809885025024 -3.1776700019836426
v 0.03201611712574959 0.5787854790687561 -3.3344504833221436
v 0.06157539039850235 0.5787674784660339 -3.334261178970337
v 0.06157916411757469 0.5493971109390259 -3.3375961780548096
v 0.06157916411757469 0.5493971109390259 -3.3375961780548096
v 0.03201993554830551 0.5494158864021301 -3.3377954959869385
v 0.03201611712574959 0.5787854790687561 -3.3344504833221436
v 0.03201611712574959 0.5787854790687561 -3.3344504833221436
v 0.06157539039850235 0.5787674784660339 -3.334261178970337
v 0.05957590043544769 0.5599640011787415 -3.177489995956421
v 0.05957590043544769 0.5599640011787415 -3.177489995956421
v 0.03100850060582161 0.5599809885025024 -3.1776700019836426
v 0.03201611712574959 0.5787854790687561 -3.3344504833221436
v 0.03201993554830551 0.5494158864021301 -3.3377954959869385
v 0.06157916411757469 0.5493971109390259 -3.3375961780548096
v 0.059579599648714066 0.5315790176391602 -3.1807100772857666
v 0.059579599648714066 0.5315790176391602 -3.1807100772857666
v 0.031012199819087982 0.5315960049629211 -3.1809000968933105
v 0.03201993554830551 0.5494158864021301 -3.3377954959869385
v 0.03100850060582161 0.5599809885025024 -3.1776700019836426
v 0.031012199819087982 0.5315960049629211 -3.1809000968933105
v 0.03201993554830551 0.5494158864021301 -3.3377954959869385
v 0.03201993554830551 0.5494158864021301 -3.3377954959869385
v 0.03201611712574959 0.5787854790687561 -3.3344504833221436
v 0.03100850060582161 0.5599809885025024 -3.1776700019836426
v 0.05957590043544769 0.5599640011787415 -3.177489995956421
v 0.06157539039850235 0.5787674784660339 -3.334261178970337
v 0.06157916411757469 0.5493971109390259 -3.3375961780548096
v 0.06157916411757469 0.5493971109390259 -3.3375961780548096
v 0.059579599648714066 0.5315790176391602 -3.1807100772857666
v 0.05957590043544769 0.5599640011787415 -3.177489995956421
v 0.031008200719952583 0.5889649987220764 -3.1747899055480957
v 0.05957559868693352 0.5889490246772766 -3.174609899520874
v 0.059580400586128235 0.5605840086936951 -3.1780099868774414
v 0.059580400586128235 0.5605840086936951 -3.1780099868774414
v 0.03101300075650215 0.560600996017456 -3.178189992904663
v 0.031008200719952583 0.5889649987220764 -3.1747899055480957
v 0.03128298744559288 0.5943624377250671 -3.2175164222717285
v 0.06012091785669327 0.5943459868431091 -3.2173337936401367
v 0.060125771909952164 0.565712571144104 -3.22076678276062
v 0.060125771909952164 0.565712571144104 -3.22076678276062
v 0.031287845224142075 0.5657296776771545 -3.220949411392212
v 0.03128298744559288 0.5943624377250671 -3.2175164222717285
v 0.03128298744559288 0.5943624377250671 -3.2175164222717285
v 0.06012091785669327 0.5943459868431091 -3.2173337936401367
v 0.05957559868693352 0.5889490246772766 -3.174609899520874
v 0.05957559868693352 0.5889490246772766 -3.174609899520874
v 0.031008200719952583 0.5889649987220764 -3.1747899055480957
v 0.03128298744559288 0.5943624377250671 -3.2175164222717285
v 0.031287845224142075 0.5657296776771545 -3.220949411392212
v 0.060125771909952164 0.565712571144104 -3.22076678276062
v 0.059580400586128235 0.5605840086936951 -3.1780099868774414
v 0.059580400586128235 0.5605840086936951 -3.1780099868774414
v 0.03101300075650215 0.560600996017456 -3.178189992904663
v 0.031287845224142075 0.5657296776771545 -3.220949411392212
v 0.031008200719952583 0.5889649987220764 -3.1747899055480957
v 0.03101300075650215 0.560600996017456 -3.178189992904663
v 0.031287845224142075 0.5657296776771545 -3.220949411392212
v 0.031287845224142075 0.5657296776771545 -3.220949411392212
v 0.03128298744559288 0.5943624377250671 -3.2175164222717285
v 0.031008200719952583 0.5889649987220764 -3.1747899055480957
v 0.05957559868693352 0.5889490246772766 -3.174609899520874
v 0.06012091785669327 0.5943459868431091 -3.2173337936401367
v 0.060125771909952164 0.565712571144104 -3.22076678276062
v 0.060125771909952164 0.565712571144104 -3.22076678276062
v 0.059580400586128235 0.5605840086936951 -3.1780099868774414
v 0.05957559868693352 0.5889490246772766 -3.174609899520874
v 0.060131099075078964 0.47305500507354736 -3.186389923095703
v 0.08869680017232895 0.4730220139026642 -3.1860299110412598
v 0.08869709819555283 0.44457998871803284 -3.1887199878692627
v 0.08869709819555283 0.44457998871803284 -3.1887199878692627
v 0.06013130024075508 0.4446139931678772 -3.189079999923706
v 0.060131099075078964 0.47305500507354736 -3.186389923095703
v 0.06667335331439972 0.5248770713806152 -3.700174570083618
v 0.09848275780677795 0.5248389840126038 -3.699763536453247
v 0.09848301857709885 0.4931703805923462 -3.7027688026428223
v 0.09848301857709885 0.4931703805923462 -3.7027688026428223
v 0.06667391955852509 0.4932071268558502 -3.7031800746917725
v 0.06667335331439972 0.5248770713806152 -3.700174570083618
v 0.06667335331439972 0.5248770713806152 -3.700174570083618
v 0.09848275780677795 0.5248389840126038 -3.699763536453247
v 0.08869680017232895 0.4730220139026642 -3.1860299110412598
v 0.08869680017232895 0.4730220139026642 -3.1860299110412598
v 0.060131099075078964 0.47305500507354736 -3.186389923095703
v 0.06667335331439972 0.5248770713806152 -3.700174570083618
v 0.06667391955852509 0.4932071268558502 -3.7031800746917725
v 0.09848301857709885 0.4931703805923462 -3.7027688026428223
v 0.08869709819555283 0.44457998871803284 -3.1887199878692627
v 0.08869709819555283 0.44457998871803284 -3.1887199878692627
v 0.06013130024075508 0.4446139931678772 -3.189079999923706
v 0.06667391955852509 0.4932071268558502 -3.7031800746917725
v 0.060131099075078964 0.47305500507354736 -3.186389923095703
v 0.06013130024075508 0.4446139931678772 -3.189079999923706
v 0.06667391955852509 0.4932071268558502 -3.7031800746917725
v 0.06667391955852509 0.4932071268558502 -3.7031800746917725
v 0.06667335331439972 0.5248770713806152 -3.700174570083618
v 0.060131099075078964 0.47305500507354736 -3.186389923095703
v 0.08869680017232895 0.4730220139026642 -3.1860299110412598
v 0.09848275780677795 0.5248389840126038 -3.699763536453247
v 0.09848301857709885 0.4931703805923462 -3.7027688026428223
v 0.09848301857709885 0.4931703805923462 -3.7027688026428223
v 0.08869709819555283 0.44457998871803284 -3.1887199878692627
v 0.08869680017232895 0.4730220139026642 -3.1860299110412598
v 0.08926410228013992 0.35395100712776184 -3.1807899475097656
v 0.11782699823379517 0.3539170026779175 -3.1802499294281006
v 0.11783000081777573 0.32541701197624207 -3.182219982147217
v 0.11783000081777573 0.32541701197624207 -3.182219982147217
v 0.08926759660243988 0.32545098662376404 -3.182760000228882
v 0.08926410228013992 0.35395100712776184 -3.1807899475097656
v 0.09074562042951584 0.3598526418209076 -3.258915901184082
v 0.1198006197810173 0.3598179221153259 -3.2583649158477783
v 0.11980397999286652 0.33082708716392517 -3.2603704929351807
v 0.11980397999286652 0.33082708716392517 -3.2603704929351807
v 0.09074925631284714 0.3308617174625397 -3.2609214782714844
v 0.09074562042951584 0.3598526418209076 -3.258915901184082
v 0.09074562042951584 0.3598526418209076 -3.258915901184082
v 0.1198006197810173 0.3598179221153259 -3.2583649158477783
v 0.11782699823379517 0.3539170026779175 -3.1802499294281006
v 0.11782699823379517 0.3539170026779175 -3.1802499294281006
v 0.08926410228013992 0.35395100712776184 -3.1807899475097656
v 0.09074562042951584 0.3598526418209076 -3.258915901184082
v 0.09074925631284714 0.3308617174625397 -3.2609214782714844
v 0.11980397999286652 0.33082708716392517 -3.2603704929351807
v 0.11783000081777573 0.32541701197624207 -3.182219982147217
v 0.11783000081777573 0.32541701197624207 -3.182219982147217
v 0.08926759660243988 0.32545098662376404 -3.182760000228882
v 0.09074925631284714 0.3308617174625397 -3.2609214782714844
v 0.08926410228013992 0.35395100712776184 -3.1807899475097656
v 0.08926759660243988 0.32545098662376404 -3.182760000228882
v 0.09074925631284714 0.3308617174625397 -3.2609214782714844
v 0.09074925631284714 0.3308617174625397 -3.2609214782714844
v 0.09074562042951584 0.3598526418209076 -3.258915901184082
v 0.08926410228013992 0.35395100712776184 -3.1807899475097656
v 0.11782699823379517 0.3539170026779175 -3.1802499294281006
v 0.1198006197810173 0.3598179221153259 -3.2583649158477783
v 0.11980397999286652 0.33082708716392517 -3.2603704929351807
v 0.11980397999286652 0.33082708716392517 -3.2603704929351807
v 0.11783000081777573 0.32541701197624207 -3.182219982147217
v 0.11782699823379517 0.3539170026779175 -3.1802499294281006
v 0.08925650268793106 0.5020310282707214 -3.183500051498413
v 0.11781899631023407 0.5019800066947937 -3.1829700469970703
v 0.11782299727201462 0.4735560119152069 -3.1858301162719727
v 0.11782299727201462 0.4735560119152069 -3.1858301162719727
v 0.08926010131835938 0.47360700368881226 -3.1863698959350586
v 0.08925650268793106 0.5020310282707214 -3.183500051498413
v 0.09099067747592926 0.5117836594581604 -3.274467945098877
v 0.12012822926044464 0.511732280254364 -3.2739250659942627
v 0.12013215571641922 0.48273608088493347 -3.2768447399139404
v 0.12013215571641922 0.48273608088493347 -3.2768447399139404
v 0.09099450707435608 0.48278874158859253 -3.2773971557617188
v 0.09099067747592926 0.5117836594581604 -3.274467945098877
v 0.09099067747592926 0.5117836594581604 -3.274467945098877
v 0.12012822926044464 0.511732280254364 -3.2739250659942627
v 0.11781899631023407 0.5019800066947937 -3.1829700469970703
v 0.11781899631023407 0.5019800066947937 -3.1829700469970703
v 0.08925650268793106 0.5020310282707214 -3.183500051498413
v 0.09099067747592926 0.5117836594581604 -3.274467945098877
v 0.09099450707435608 0.48278874158859253 -3.2773971557617188
v 0.12013215571641922 0.48273608088493347 -3.2768447399139404
v 0.11782299727201462 0.4735560119152069 -3.1858301162719727
v 0.11782299727201462 0.4735560119152069 -3.1858301162719727
v 0.08926010131835938 0.47360700368881226 -3.1863698959350586
v 0.09099450707435608 0.48278874158859253 -3.2773971557617188
v 0.08925650268793106 0.5020310282707214 -3.183500051498413
v 0.08926010131835938 0.47360700368881226 -3.1863698959350586
v 0.09099450707435608 0.48278874158859253 -3.2773971557617188
v 0.09099450707435608 0.48278874158859253 -3.2773971557617188
v 0.09099067747592926 0.5117836594581604 -3.274467945098877
v 0.08925650268793106 0.5020310282707214 -3.183500051498413
v 0.11781899631023407 0.5019800066947937 -3.1829700469970703
v 0.12012822926044464 0.511732280254364 -3.2739250659942627
v 0.12013215571641922 0.48273608088493347 -3.2768447399139404
v 0.12013215571641922 0.48273608088493347 -3.2768447399139404
v 0.11782299727201462 0.4735560119152069 -3.1858301162719727
v 0.11781899631023407 0.5019800066947937 -3.1829700469970703
v 0.08925610035657883 0.5310059785842896 -3.1805999279022217
v 0.11781899631023407 0.530955970287323 -3.1800599098205566
v 0.11782599985599518 0.5025500059127808 -3.183109998703003
v 0.11782599985599518 0.5025500059127808 -3.183109998703003
v 0.08926329761743546 0.5026010274887085 -3.183650016784668
v 0.08925610035657883 0.5310059785842896 -3.1805999279022217
v 0.09078474342823029 0.5401075482368469 -3.2607336044311523
v 0.1198541447520256 0.540056049823761 -3.2601823806762695
v 0.11986125260591507 0.5111467242240906 -3.2632880210876465
v 0.11986125260591507 0.5111467242240906 -3.2632880210876465
v 0.09079213440418243 0.511198878288269 -3.2638392448425293
v 0.09078474342823029 0.5401075482368469 -3.2607336044311523
v 0.09078474342823029 0.5401075482368469 -3.2607336044311523
v 0.1198541447520256 0.540056049823761 -3.2601823806762695
v 0.11781899631023407 0.530955970287323 -3.1800599098205566
v 0.11781899631023407 0.530955970287323 -3.1800599098205566
v 0.08925610035657883 0.5310059785842896 -3.1805999279022217
v 0.09078474342823029 0.5401075482368469 -3.2607336044311523
v 0.09079213440418243 0.511198878288269 -3.2638392448425293
v 0.11986125260591507 0.5111467242240906 -3.2632880210876465
v 0.11782599985599518 0.5025500059127808 -3.183109998703003
v 0.11782599985599518 0.5025500059127808 -3.183109998703003
v 0.08926329761743546 0.5026010274887085 -3.183650016784668
v 0.09079213440418243 0.511198878288269 -3.2638392448425293
v 0.08925610035657883 0.5310059785842896 -3.1805999279022217
v 0.08926329761743546 0.5026010274887085 -3.183650016784668
v 0.09079213440418243 0.511198878288269 -3.2638392448425293
v 0.09079213440418243 0.511198878288269 -3.2638392448425293
v 0.09078474342823029 0.5401075482368469 -3.2607336044311523
v 0.08925610035657883 0.5310059785842896 -3.1805999279022217
v 0.11781899631023407 0.530955970287323 -3.1800599098205566
v 0.1198541447520256 0.540056049823761 -3.2601823806762695
v 0.11986125260591507 0.5111467242240906 -3.2632880210876465
v 0.11986125260591507 0.5111467242240906 -3.2632880210876465
v 0.11782599985599518 0.5025500059127808 -3.183109998703003
v 0.11781899631023407 0.530955970287323 -3.1800599098205566
v 0.08923380076885223 0.8001369833946228 -3.188889980316162
v 0.11779700219631195 0.8000519871711731 -3.188349962234497
v 0.1178010031580925 0.7718650102615356 -3.193000078201294
v 0.1178010031580925 0.7718650102615356 -3.193000078201294
v 0.08923830091953278 0.7719489932060242 -3.193540096282959
v 0.08923380076885223 0.8001369833946228 -3.188889980316162
v 0.09059736877679825 0.8121923208236694 -3.2592759132385254
v 0.11960915476083755 0.8121063113212585 -3.258726119995117
v 0.11961323022842407 0.7834769487380981 -3.2634503841400146
v 0.11961323022842407 0.7834769487380981 -3.2634503841400146
v 0.09060201793909073 0.7835623025894165 -3.264000177383423
v 0.09059736877679825 0.8121923208236694 -3.2592759132385254
v 0.09059736877679825 0.8121923208236694 -3.2592759132385254
v 0.11960915476083755 0.8121063113212585 -3.258726119995117
v 0.11779700219631195 0.8000519871711731 -3.188349962234497
v 0.11779700219631195 0.8000519871711731 -3.188349962234497
v 0.08923380076885223 0.8001369833946228 -3.188889980316162
v 0.09059736877679825 0.8121923208236694 -3.2592759132385254
v 0.09060201793909073 0.7835623025894165 -3.264000177383423
v 0.11961323022842407 0.7834769487380981 -3.2634503841400146
v 0.1178010031580925 0.7718650102615356 -3.193000078201294
v 0.1178010031580925 0.7718650102615356 -3.193000078201294
v 0.08923830091953278 0.7719489932060242 -3.193540096282959
v 0.09060201793909073 0.7835623025894165 -3.264000177383423
v 0.08923380076885223 0.8001369833946228 -3.188889980316162
v 0.08923830091953278 0.7719489932060242 -3.193540096282959
v 0.09060201793909073 0.7835623025894165 -3.264000177383423
v 0.09060201793909073 0.7835623025894165 -3.264000177383423
v 0.09059736877679825 0.8121923208236694 -3.2592759132385254
v 0.08923380076885223 0.8001369833946228 -3.188889980316162
v 0.11779700219631195 0.8000519871711731 -3.188349962234497
v 0.11960915476083755 0.8121063113212585 -3.258726119995117
v 0.11961323022842407 0.7834769487380981 -3.2634503841400146
v 0.11961323022842407 0.7834769487380981 -3.2634503841400146
v 0.1178010031580925 0.7718650102615356 -3.193000078201294
v 0.11779700219631195 0.8000519871711731 -3.188349962234497
v 0.11839500069618225 0.41206100583076477 -3.1768500804901123
v 0.1469539999961853 0.41201600432395935 -3.1761300563812256
v 0.14696699380874634 0.3835430145263672 -3.178459882736206
v 0.14696699380874634 0.3835430145263672 -3.178459882736206
v 0.11840800195932388 0.3835879862308502 -3.1791799068450928
v 0.11839500069618225 0.41206100583076477 -3.1768500804901123
v 0.12082476913928986 0.4205353856086731 -3.272935628890991
v 0.1499897688627243 0.4204891324043274 -3.272198438644409
v 0.1500033140182495 0.39141249656677246 -3.2745797634124756
v 0.1500033140182495 0.39141249656677246 -3.2745797634124756
v 0.1208387240767479 0.3914586901664734 -3.2753169536590576
v 0.12082476913928986 0.4205353856086731 -3.272935628890991
v 0.12082476913928986 0.4205353856086731 -3.272935628890991
v 0.1499897688627243 0.4204891324043274 -3.272198438644409
v 0.1469539999961853 0.41201600432395935 -3.1761300563812256
v 0.1469539999961853 0.41201600432395935 -3.1761300563812256
v 0.11839500069618225 0.41206100583076477 -3.1768500804901123
v 0.12082476913928986 0.4205353856086731 -3.272935628890991
v 0.1208387240767479 0.3914586901664734 -3.2753169536590576
v 0.1500033140182495 0.39141249656677246 -3.2745797634124756
v 0.14696699380874634 0.3835430145263672 -3.178459882736206
v 0.14696699380874634 0.3835430145263672 -3.178459882736206
v 0.11840800195932388 0.3835879862308502 -3.1791799068450928
v 0.1208387240767479 0.3914586901664734 -3.2753169536590576
v 0.11839500069618225 0.41206100583076477 -3.1768500804901123
v 0.11840800195932388 0.3835879862308502 -3.1791799068450928
v 0.1208387240767479 0.3914586901664734 -3.2753169536590576
v 0.1208387240767479 0.3914586901664734 -3.2753169536590576
v 0.12082476913928986 0.4205353856086731 -3.272935628890991
v 0.11839500069618225 0.41206100583076477 -3.1768500804901123
v 0.1469539999961853 0.41201600432395935 -3.1761300563812256
v 0.1499897688627243 0.4204891324043274 -3.272198438644409
v 0.1500033140182495 0.39141249656677246 -3.2745797634124756
v 0.1500033140182495 0.39141249656677246 -3.2745797634124756
v 0.14696699380874634 0.3835430145263672 -3.178459882736206
v 0.1469539999961853 0.41201600432395935 -3.1761300563812256
v 0.1495240032672882 0.32489699125289917 -3.1875200271606445
v 0.17807599902153015 0.32489699125289917 -3.186569929122925
v 0.1781349927186966 0.2963860034942627 -3.1883699893951416
v 0.1781349927186966 0.2963860034942627 -3.1883699893951416
v 0.14958299696445465 0.2963860034942627 -3.189310073852539
v 0.1495240032672882 0.32489699125289917 -3.1875200271606445
v 0.1571393609046936 0.34084245562553406 -3.4177441596984863
v 0.18714138865470886 0.34084174036979675 -3.4167416095733643
v 0.1872040033340454 0.31088316440582275 -3.418637275695801
v 0.1872040033340454 0.31088316440582275 -3.418637275695801
v 0.15720155835151672 0.31088319420814514 -3.4196298122406006
v 0.1571393609046936 0.34084245562553406 -3.4177441596984863
v 0.1571393609046936 0.34084245562553406 -3.4177441596984863
v 0.18714138865470886 0.34084174036979675 -3.4167416095733643
v 0.17807599902153015 0.32489699125289917 -3.186569929122925
v 0.17807599902153015 0.32489699125289917 -3.186569929122925
v 0.1495240032672882 0.32489699125289917 -3.1875200271606445
v 0.1571393609046936 0.34084245562553406 -3.4177441596984863
v 0.15720155835151672 0.31088319420814514 -3.4196298122406006
v 0.1872040033340454 0.31088316440582275 -3.418637275695801
v 0.1781349927186966 0.2963860034942627 -3.1883699893951416
v 0.1781349927186966 0.2963860034942627 -3.1883699893951416
v 0.14958299696445465 0.2963860034942627 -3.189310073852539
v 0.15720155835151672 0.31088319420814514 -3.4196298122406006
v 0.1495240032672882 0.32489699125289917 -3.1875200271606445
v 0.14958299696445465 0.2963860034942627 -3.189310073852539
v 0.15720155835151672 0.31088319420814514 -3.4196298122406006
v 0.15720155835151672 0.31088319420814514 -3.4196298122406006
v 0.1571393609046936 0.34084245562553406 -3.4177441596984863
v 0.1495240032672882 0.32489699125289917 -3.1875200271606445
v 0.17807599902153015 0.32489699125289917 -3.186569929122925
v 0.18714138865470886 0.34084174036979675 -3.4167416095733643
v 0.1872040033340454 0.31088316440582275 -3.418637275695801
v 0.1872040033340454 0.31088316440582275 -3.418637275695801
v 0.1781349927186966 0.2963860034942627 -3.1883699893951416
v 0.17807599902153015 0.32489699125289917 -3.186569929122925
v 0.1493919938802719 0.382999986410141 -3.18353009223938
v 0.17794400453567505 0.382999986410141 -3.1825900077819824
v 0.17801499366760254 0.3545129895210266 -3.1847400665283203
v 0.17801499366760254 0.3545129895210266 -3.1847400665283203
v 0.1494629979133606 0.3545129895210266 -3.1856799125671387
v 0.1493919938802719 0.382999986410141 -3.18353009223938
v 0.15128228068351746 0.3876804709434509 -3.2406764030456543
v 0.1801946610212326 0.3876804709434509 -3.2397234439849854
v 0.18026642501354218 0.35883408784866333 -3.2419016361236572
v 0.18026642501354218 0.35883408784866333 -3.2419016361236572
v 0.15135431289672852 0.35883408784866333 -3.2428548336029053
v 0.15128228068351746 0.3876804709434509 -3.2406764030456543
v 0.15128228068351746 0.3876804709434509 -3.2406764030456543
v 0.1801946610212326 0.3876804709434509 -3.2397234439849854
v 0.17794400453567505 0.382999986410141 -3.1825900077819824
v 0.17794400453567505 0.382999986410141 -3.1825900077819824
v 0.1493919938802719 0.382999986410141 -3.18353009223938
v 0.15128228068351746 0.3876804709434509 -3.2406764030456543
v 0.15135431289672852 0.35883408784866333 -3.2428548336029053
v 0.18026642501354218 0.35883408784866333 -3.2419016361236572
v 0.17801499366760254 0.3545129895210266 -3.1847400665283203
v 0.17801499366760254 0.3545129895210266 -3.1847400665283203
v 0.1494629979133606 0.3545129895210266 -3.1856799125671387
v 0.15135431289672852 0.35883408784866333 -3.2428548336029053
v 0.1493919938802719 0.382999986410141 -3.18353009223938
v 0.1494629979133606 0.3545129895210266 -3.1856799125671387
v 0.15135431289672852 0.35883408784866333 -3.2428548336029053
v 0.15135431289672852 0.35883408784866333 -3.2428548336029053
v 0.15128228068351746 0.3876804709434509 -3.2406764030456543
v 0.1493919938802719 0.382999986410141 -3.18353009223938
v 0.17794400453567505 0.382999986410141 -3.1825900077819824
v 0.1801946610212326 0.3876804709434509 -3.2397234439849854
v 0.18026642501354218 0.35883408784866333 -3.2419016361236572
v 0.18026642501354218 0.35883408784866333 -3.2419016361236572
v 0.17801499366760254 0.3545129895210266 -3.1847400665283203
v 0.17794400453567505 0.382999986410141 -3.1825900077819824
v 0.17826299369335175 1.3389699459075928 -3.178450107574463
v 0.20680899918079376 1.338919997215271 -3.1773200035095215
v 0.20707499980926514 1.3114399909973145 -3.185110092163086
v 0.20707499980926514 1.3114399909973145 -3.185110092163086
v 0.1785299926996231 1.3114800453186035 -3.1862499713897705
v 0.17826299369335175 1.3389699459075928 -3.178450107574463
v 0.17978516221046448 1.349987268447876 -3.216348886489868
v 0.2085789144039154 1.3499373197555542 -3.215208053588867
v 0.2088472545146942 1.3222185373306274 -3.223066568374634
v 0.2088472545146942 1.3222185373306274 -3.223066568374634
v 0.1800544410943985 1.3222612142562866 -3.2242166996002197
v 0.17978516221046448 1.349987268447876 -3.216348886489868
v 0.17978516221046448 1.349987268447876 -3.216348886489868
v 0.2085789144039154 1.3499373197555542 -3.215208053588867
v 0.20680899918079376 1.338919997215271 -3.1773200035095215
v 0.20680899918079376 1.338919997215271 -3.1773200035095215
v 0.17826299369335175 1.3389699459075928 -3.178450107574463
v 0.17978516221046448 1.349987268447876 -3.216348886489868
v 0.1800544410943985 1.3222612142562866 -3.2242166996002197
v 0.2088472545146942 1.3222185373306274 -3.223066568374634
v 0.20707499980926514 1.3114399909973145 -3.185110092163086
v 0.20707499980926514 1.3114399909973145 -3.185110092163086
v 0.1785299926996231 1.3114800453186035 -3.1862499713897705
v 0.1800544410943985 1.3222612142562866 -3.2242166996002197
v 0.17826299369335175 1.3389699459075928 -3.178450107574463
v 0.1785299926996231 1.3114800453186035 -3.1862499713897705
v 0.1800544410943985 1.3222612142562866 -3.2242166996002197
v 0.1800544410943985 1.3222612142562866 -3.2242166996002197
v 0.17978516221046448 1.349987268447876 -3.216348886489868
v 0.17826299369335175 1.3389699459075928 -3.178450107574463
v 0.20680899918079376 1.338919997215271 -3.1773200035095215
v 0.2085789144039154 1.3499373197555542 -3.215208053588867
v 0.2088472545146942 1.3222185373306274 -3.223066568374634
v 0.2088472545146942 1.3222185373306274 -3.223066568374634
v 0.20707499980926514 1.3114399909973145 -3.185110092163086
v 0.20680899918079376 1.338919997215271 -3.1773200035095215
v 0.23620900511741638 -0.5315639972686768 -3.1824700832366943
v 0.23609599471092224 -0.5599489808082581 -3.1792399883270264
v 0.20755699276924133 -0.5599830150604248 -3.1805500984191895
v 0.20755699276924133 -0.5599830150604248 -3.1805500984191895
v 0.20767100155353546 -0.5315979719161987 -3.183769941329956
v 0.23620900511741638 -0.5315639972686768 -3.1824700832366943
v 0.24128101766109467 -0.5426265001296997 -3.279756784439087
v 0.24116510152816772 -0.5716233253479004 -3.2764554023742676
v 0.21201127767562866 -0.5716586112976074 -3.2777953147888184
v 0.21201127767562866 -0.5716586112976074 -3.2777953147888184
v 0.21212750673294067 -0.5426613092422485 -3.2810869216918945
v 0.24128101766109467 -0.5426265001296997 -3.279756784439087
v 0.24128101766109467 -0.5426265001296997 -3.279756784439087
v 0.24116510152816772 -0.5716233253479004 -3.2764554023742676
v 0.23609599471092224 -0.5599489808082581 -3.1792399883270264
v 0.23609599471092224 -0.5599489808082581 -3.1792399883270264
v 0.23620900511741638 -0.5315639972686768 -3.1824700832366943
v 0.24128101766109467 -0.5426265001296997 -3.279756784439087
v 0.21212750673294067 -0.5426613092422485 -3.2810869216918945
v 0.21201127767562866 -0.5716586112976074 -3.2777953147888184
v 0.20755699276924133 -0.5599830150604248 -3.1805500984191895
v 0.20755699276924133 -0.5599830150604248 -3.1805500984191895
v 0.20767100155353546 -0.5315979719161987 -3.183769941329956
v 0.21212750673294067 -0.5426613092422485 -3.2810869216918945
v 0.23620900511741638 -0.5315639972686768 -3.1824700832366943
v 0.20767100155353546 -0.5315979719161987 -3.183769941329956
v 0.21212750673294067 -0.5426613092422485 -3.2810869216918945
v 0.21212750673294067 -0.5426613092422485 -3.2810869216918945
v 0.24128101766109467 -0.5426265001296997 -3.279756784439087
v 0.23620900511741638 -0.5315639972686768 -3.1824700832366943
v 0.23609599471092224 -0.5599489808082581 -3.1792399883270264
v 0.24116510152816772 -0.5716233253479004 -3.2764554023742676
v 0.21201127767562866 -0.5716586112976074 -3.2777953147888184
v 0.21201127767562866 -0.5716586112976074 -3.2777953147888184
v 0.20755699276924133 -0.5599830150604248 -3.1805500984191895
v 0.23609599471092224 -0.5599489808082581 -3.1792399883270264
v 0.23627300560474396 -0.32542699575424194 -3.1842899322509766
v 0.23620499670505524 -0.35392600297927856 -3.1823201179504395
v 0.20766699314117432 -0.35394901037216187 -3.183619976043701
v 0.20766699314117432 -0.35394901037216187 -3.183619976043701
v 0.20773500204086304 -0.32544898986816406 -3.1855900287628174
v 0.23627300560474396 -0.32542699575424194 -3.1842899322509766
v 0.2464514821767807 -0.33898937702178955 -3.3799846172332764
v 0.2463812381029129 -0.36871984601020813 -3.3779256343841553
v 0.21661056578159332 -0.368743360042572 -3.3792858123779297
v 0.21661056578159332 -0.368743360042572 -3.3792858123779297
v 0.2166803479194641 -0.339013010263443 -3.381344795227051
v 0.2464514821767807 -0.33898937702178955 -3.3799846172332764
v 0.2464514821767807 -0.33898937702178955 -3.3799846172332764
v 0.2463812381029129 -0.36871984601020813 -3.3779256343841553
v 0.23620499670505524 -0.35392600297927856 -3.1823201179504395
v 0.23620499670505524 -0.35392600297927856 -3.1823201179504395
v 0.23627300560474396 -0.32542699575424194 -3.1842899322509766
v 0.2464514821767807 -0.33898937702178955 -3.3799846172332764
v 0.2166803479194641 -0.339013010263443 -3.381344795227051
v 0.21661056578159332 -0.368743360042572 -3.3792858123779297
v 0.20766699314117432 -0.35394901037216187 -3.183619976043701
v 0.20766699314117432 -0.35394901037216187 -3.183619976043701
v 0.20773500204086304 -0.32544898986816406 -3.1855900287628174
v 0.2166803479194641 -0.339013010263443 -3.381344795227051
v 0.23627300560474396 -0.32542699575424194 -3.1842899322509766
v 0.20773500204086304 -0.32544898986816406 -3.1855900287628174
v 0.2166803479194641 -0.339013010263443 -3.381344795227051
v 0.2166803479194641 -0.339013010263443 -3.381344795227051
v 0.2464514821767807 -0.33898937702178955 -3.3799846172332764
v 0.23627300560474396 -0.32542699575424194 -3.1842899322509766
v 0.23620499670505524 -0.35392600297927856 -3.1823201179504395
v 0.2463812381029129 -0.36871984601020813 -3.3779256343841553
v 0.21661056578159332 -0.368743360042572 -3.3792858123779297
v 0.21661056578159332 -0.368743360042572 -3.3792858123779297
v 0.20766699314117432 -0.35394901037216187 -3.183619976043701
v 0.23620499670505524 -0.35392600297927856 -3.1823201179504395
v 0.2363310009241104 -0.29636499285697937 -3.186110019683838
v 0.23627200722694397 -0.32487601041793823 -3.1843199729919434
v 0.20773300528526306 -0.32489898800849915 -3.185620069503784
v 0.20773300528526306 -0.32489898800849915 -3.185620069503784
v 0.2077929973602295 -0.2963869869709015 -3.1874101161956787
v 0.2363310009241104 -0.29636499285697937 -3.186110019683838
v 0.24298202991485596 -0.3044205605983734 -3.3140037059783936
v 0.24292124807834625 -0.3337364196777344 -3.3121607303619385
v 0.2135772705078125 -0.3337593078613281 -3.313499927520752
v 0.2135772705078125 -0.3337593078613281 -3.313499927520752
v 0.21363846957683563 -0.3044436275959015 -3.315343141555786
v 0.24298202991485596 -0.3044205605983734 -3.3140037059783936
v 0.24298202991485596 -0.3044205605983734 -3.3140037059783936
v 0.24292124807834625 -0.3337364196777344 -3.3121607303619385
v 0.23627200722694397 -0.32487601041793823 -3.1843199729919434
v 0.23627200722694397 -0.32487601041793823 -3.1843199729919434
v 0.2363310009241104 -0.29636499285697937 -3.186110019683838
v 0.24298202991485596 -0.3044205605983734 -3.3140037059783936
v 0.21363846957683563 -0.3044436275959015 -3.315343141555786
v 0.2135772705078125 -0.3337593078613281 -3.313499927520752
v 0.20773300528526306 -0.32489898800849915 -3.185620069503784
v 0.20773300528526306 -0.32489898800849915 -3.185620069503784
v 0.2077929973602295 -0.2963869869709015 -3.1874101161956787
v 0.21363846957683563 -0.3044436275959015 -3.315343141555786
v 0.2363310009241104 -0.29636499285697937 -3.186110019683838
v 0.2077929973602295 -0.2963869869709015 -3.1874101161956787
v 0.21363846957683563 -0.3044436275959015 -3.315343141555786
v 0.21363846957683563 -0.3044436275959015 -3.315343141555786
v 0.24298202991485596 -0.3044205605983734 -3.3140037059783936
v 0.2363310009241104 -0.29636499285697937 -3.186110019683838
v 0.23627200722694397 -0.32487601041793823 -3.1843199729919434
v 0.24292124807834625 -0.3337364196777344 -3.3121607303619385
v 0.2135772705078125 -0.3337593078613281 -3.313499927520752
v 0.2135772705078125 -0.3337593078613281 -3.313499927520752
v 0.20773300528526306 -0.32489898800849915 -3.185620069503784
v 0.23627200722694397 -0.32487601041793823 -3.1843199729919434
v 0.20773300528526306 0.32489898800849915 -3.185620069503784
v 0.23627200722694397 0.32487601041793823 -3.1843199729919434
v 0.2363310009241104 0.29636499285697937 -3.186110019683838
v 0.2363310009241104 0.29636499285697937 -3.186110019683838
v 0.2077929973602295 0.2963869869709015 -3.1874101161956787
v 0.20773300528526306 0.32489898800849915 -3.185620069503784
v 0.2127789855003357 0.3325490653514862 -3.296032428741455
v 0.24201300740242004 0.33252614736557007 -3.294698476791382
v 0.24207355082035065 0.3033202290534973 -3.296534299850464
v 0.24207355082035065 0.3033202290534973 -3.296534299850464
v 0.2128400206565857 0.30334264039993286 -3.297868251800537
v 0.2127789855003357 0.3325490653514862 -3.296032428741455
v 0.2127789855003357 0.3325490653514862 -3.296032428741455
v 0.24201300740242004 0.33252614736557007 -3.294698476791382
v 0.23627200722694397 0.32487601041793823 -3.1843199729919434
v 0.23627200722694397 0.32487601041793823 -3.1843199729919434
v 0.20773300528526306 0.32489898800849915 -3.185620069503784
v 0.2127789855003357 0.3325490653514862 -3.296032428741455
v 0.2128400206565857 0.30334264039993286 -3.297868251800537
v 0.24207355082035065 0.3033202290534973 -3.296534299850464
v 0.2363310009241104 0.29636499285697937 -3.186110019683838
v 0.2363310009241104 0.29636499285697937 -3.186110019683838
v 0.2077929973602295 0.2963869869709015 -3.1874101161956787
v 0.2128400206565857 0.30334264039993286 -3.297868251800537
v 0.20773300528526306 0.32489898800849915 -3.185620069503784
v 0.2077929973602295 0.2963869869709015 -3.1874101161956787
v 0.2128400206565857 0.30334264039993286 -3.297868251800537
v 0.2128400206565857 0.30334264039993286 -3.297868251800537
v 0.2127789855003357 0.3325490653514862 -3.296032428741455
v 0.20773300528526306 0.32489898800849915 -3.185620069503784
v 0.23627200722694397 0.32487601041793823 -3.1843199729919434
v 0.24201300740242004 0.33252614736557007 -3.294698476791382
v 0.24207355082035065 0.3033202290534973 -3.296534299850464
v 0.24207355082035065 0.3033202290534973 -3.296534299850464
v 0.2363310009241104 0.29636499285697937 -3.186110019683838
v 0.23627200722694397 0.32487601041793823 -3.1843199729919434
v 0.20766699314117432 0.35394901037216187 -3.183619976043701
v 0.23620599508285522 0.35392600297927856 -3.1823201179504395
v 0.23627300560474396 0.32542699575424194 -3.1842899322509766
v 0.23627300560474396 0.32542699575424194 -3.1842899322509766
v 0.20773500204086304 0.32544898986816406 -3.1855900287628174
v 0.20766699314117432 0.35394901037216187 -3.183619976043701
v 0.21485337615013123 0.36583662033081055 -3.3408420085906982
v 0.2443821281194687 0.3658131957054138 -3.339493751525879
v 0.24445165693759918 0.33632469177246094 -3.3415353298187256
v 0.24445165693759918 0.33632469177246094 -3.3415353298187256
v 0.21492280066013336 0.3363479971885681 -3.342883586883545
v 0.21485337615013123 0.36583662033081055 -3.3408420085906982
v 0.21485337615013123 0.36583662033081055 -3.3408420085906982
v 0.2443821281194687 0.3658131957054138 -3.339493751525879
v 0.23620599508285522 0.35392600297927856 -3.1823201179504395
v 0.23620599508285522 0.35392600297927856 -3.1823201179504395
v 0.20766699314117432 0.35394901037216187 -3.183619976043701
v 0.21485337615013123 0.36583662033081055 -3.3408420085906982
v 0.21492280066013336 0.3363479971885681 -3.342883586883545
v 0.24445165693759918 0.33632469177246094 -3.3415353298187256
v 0.23627300560474396 0.32542699575424194 -3.1842899322509766
v 0.23627300560474396 0.32542699575424194 -3.1842899322509766
v 0.20773500204086304 0.32544898986816406 -3.1855900287628174
v 0.21492280066013336 0.3363479971885681 -3.342883586883545
v 0.20766699314117432 0.35394901037216187 -3.183619976043701
v 0.20773500204086304 0.32544898986816406 -3.1855900287628174
v 0.21492280066013336 0.3363479971885681 -3.342883586883545
v 0.21492280066013336 0.3363479971885681 -3.342883586883545
v 0.21485337615013123 0.36583662033081055 -3.3408420085906982
v 0.20766699314117432 0.35394901037216187 -3.183619976043701
v 0.23620599508285522 0.35392600297927856 -3.1823201179504395
v 0.2443821281194687 0.3658131957054138 -3.339493751525879
v 0.24445165693759918 0.33632469177246094 -3.3415353298187256
v 0.24445165693759918 0.33632469177246094 -3.3415353298187256
v 0.23627300560474396 0.32542699575424194 -3.1842899322509766
v 0.23620599508285522 0.35392600297927856 -3.1823201179504395
v 0.29431799054145813 -0.23597200214862823 -3.1766600608825684
v 0.2942569851875305 -0.26450398564338684 -3.175220012664795
v 0.26573801040649414 -0.26452600955963135 -3.1768798828125
v 0.26573801040649414 -0.26452600955963135 -3.1768798828125
v 0.26579898595809937 -0.23599399626255035 -3.1783199310302734
v 0.29431799054145813 -0.23597200214862823 -3.1766600608825684
v 0.315589964389801 -0.2525695860385895 -3.5060133934020996
v 0.3155255913734436 -0.28317558765411377 -3.504462480545044
v 0.2849327027797699 -0.2831994891166687 -3.5062496662139893
v 0.2849327027797699 -0.2831994891166687 -3.5062496662139893
v 0.2849985361099243 -0.2525949478149414 -3.507800579071045
v 0.315589964389801 -0.2525695860385895 -3.5060133934020996
v 0.315589964389801 -0.2525695860385895 -3.5060133934020996
v 0.3155255913734436 -0.28317558765411377 -3.504462480545044
v 0.2942569851875305 -0.26450398564338684 -3.175220012664795
v 0.2942569851875305 -0.26450398564338684 -3.175220012664795
v 0.29431799054145813 -0.23597200214862823 -3.1766600608825684
v 0.315589964389801 -0.2525695860385895 -3.5060133934020996
v 0.2849985361099243 -0.2525949478149414 -3.507800579071045
v 0.2849327027797699 -0.2831994891166687 -3.5062496662139893
v 0.26573801040649414 -0.26452600955963135 -3.1768798828125
v 0.26573801040649414 -0.26452600955963135 -3.1768798828125
v 0.26579898595809937 -0.23599399626255035 -3.1783199310302734
v 0.2849985361099243 -0.2525949478149414 -3.507800579071045
v 0.29431799054145813 -0.23597200214862823 -3.1766600608825684
v 0.26579898595809937 -0.23599399626255035 -3.1783199310302734
v 0.2849985361099243 -0.2525949478149414 -3.507800579071045
v 0.2849985361099243 -0.2525949478149414 -3.507800579071045
v 0.315589964389801 -0.2525695860385895 -3.5060133934020996
v 0.29431799054145813 -0.23597200214862823 -3.1766600608825684
v 0.2942569851875305 -0.26450398564338684 -3.175220012664795
v 0.3155255913734436 -0.28317558765411377 -3.504462480545044
v 0.2849327027797699 -0.2831994891166687 -3.5062496662139893
v 0.2849327027797699 -0.2831994891166687 -3.5062496662139893
v 0.26573801040649414 -0.26452600955963135 -3.1768798828125
v 0.2942569851875305 -0.26450398564338684 -3.175220012664795
v 0.2657029926776886 0.29363399744033813 -3.1758201122283936
v 0.29422199726104736 0.293612003326416 -3.1741600036621094
v 0.29429399967193604 0.2650890052318573 -3.1757800579071045
v 0.29429399967193604 0.2650890052318573 -3.1757800579071045
v 0.2657740116119385 0.2651120126247406 -3.1774399280548096
v 0.2657029926776886 0.29363399744033813 -3.1758201122283936
v 0.273017019033432 0.3015410900115967 -3.3013076782226562
v 0.3023258447647095 0.3015177845954895 -3.2995991706848145
v 0.30240002274513245 0.27220574021339417 -3.3012661933898926
v 0.30240002274513245 0.27220574021339417 -3.3012661933898926
v 0.273090124130249 0.27222946286201477 -3.3029747009277344
v 0.273017019033432 0.3015410900115967 -3.3013076782226562
v 0.273017019033432 0.3015410900115967 -3.3013076782226562
v 0.3023258447647095 0.3015177845954895 -3.2995991706848145
v 0.29422199726104736 0.293612003326416 -3.1741600036621094
v 0.29422199726104736 0.293612003326416 -3.1741600036621094
v 0.2657029926776886 0.29363399744033813 -3.1758201122283936
v 0.273017019033432 0.3015410900115967 -3.3013076782226562
v 0.273090124130249 0.27222946286201477 -3.3029747009277344
v 0.30240002274513245 0.27220574021339417 -3.3012661933898926
v 0.29429399967193604 0.2650890052318573 -3.1757800579071045
v 0.29429399967193604 0.2650890052318573 -3.1757800579071045
v 0.2657740116119385 0.2651120126247406 -3.1774399280548096
v 0.273090124130249 0.27222946286201477 -3.3029747009277344
v 0.2657029926776886 0.29363399744033813 -3.1758201122283936
v 0.2657740116119385 0.2651120126247406 -3.1774399280548096
v 0.273090124130249 0.27222946286201477 -3.3029747009277344
v 0.273090124130249 0.27222946286201477 -3.3029747009277344
v 0.273017019033432 0.3015410900115967 -3.3013076782226562
v 0.2657029926776886 0.29363399744033813 -3.1758201122283936
v 0.29422199726104736 0.293612003326416 -3.1741600036621094
v 0.3023258447647095 0.3015177845954895 -3.2995991706848145
v 0.30240002274513245 0.27220574021339417 -3.3012661933898926
v 0.30240002274513245 0.27220574021339417 -3.3012661933898926
v 0.29429399967193604 0.2650890052318573 -3.1757800579071045
v 0.29422199726104736 0.293612003326416 -3.1741600036621094
v 0.2657630145549774 0.41206100583076477 -3.1777899265289307
v 0.2942819893360138 0.41201600432395935 -3.1761300563812256
v 0.2943730056285858 0.3835430145263672 -3.178450107574463
v 0.2943730056285858 0.3835430145263672 -3.178450107574463
v 0.26585298776626587 0.3835879862308502 -3.1801199913024902
v 0.2657630145549774 0.41206100583076477 -3.1777899265289307
v 0.2708268165588379 0.4197235405445099 -3.264551877975464
v 0.2998933494091034 0.41967758536338806 -3.2628581523895264
v 0.2999858558177948 0.390658438205719 -3.2652246952056885
v 0.2999858558177948 0.390658438205719 -3.2652246952056885
v 0.27091896533966064 0.3907046914100647 -3.266928195953369
v 0.2708268165588379 0.4197235405445099 -3.264551877975464
v 0.2708268165588379 0.4197235405445099 -3.264551877975464
v 0.2998933494091034 0.41967758536338806 -3.2628581523895264
v 0.2942819893360138 0.41201600432395935 -3.1761300563812256
v 0.2942819893360138 0.41201600432395935 -3.1761300563812256
v 0.2657630145549774 0.41206100583076477 -3.1777899265289307
v 0.2708268165588379 0.4197235405445099 -3.264551877975464
v 0.27091896533966064 0.3907046914100647 -3.266928195953369
v 0.2999858558177948 0.390658438205719 -3.2652246952056885
v 0.2943730056285858 0.3835430145263672 -3.178450107574463
v 0.2943730056285858 0.3835430145263672 -3.178450107574463
v 0.26585298776626587 0.3835879862308502 -3.1801199913024902
v 0.27091896533966064 0.3907046914100647 -3.266928195953369
v 0.2657630145549774 0.41206100583076477 -3.1777899265289307
v 0.26585298776626587 0.3835879862308502 -3.1801199913024902
v 0.27091896533966064 0.3907046914100647 -3.266928195953369
v 0.27091896533966064 0.3907046914100647 -3.266928195953369
v 0.2708268165588379 0.4197235405445099 -3.264551877975464
v 0.2657630145549774 0.41206100583076477 -3.1777899265289307
v 0.2942819893360138 0.41201600432395935 -3.1761300563812256
v 0.2998933494091034 0.41967758536338806 -3.2628581523895264
v 0.2999858558177948 0.390658438205719 -3.2652246952056885
v 0.2999858558177948 0.390658438205719 -3.2652246952056885
v 0.2943730056285858 0.3835430145263672 -3.178450107574463
v 0.2942819893360138 0.41201600432395935 -3.1761300563812256
v 0.29775598645210266 0.6507030129432678 -3.19569993019104
v 0.3262619972229004 0.6507030129432678 -3.193809986114502
v 0.3265100121498108 0.6223840117454529 -3.1975600719451904
v 0.3265100121498108 0.6223840117454529 -3.1975600719451904
v 0.29800501465797424 0.6223840117454529 -3.1994500160217285
v 0.29775598645210266 0.6507030129432678 -3.19569993019104
v 0.3115297555923462 0.6796706318855286 -3.403486728668213
v 0.3413532078266144 0.6796698570251465 -3.4015052318573
v 0.3416130840778351 0.6500414609909058 -3.405432939529419
v 0.3416130840778351 0.6500414609909058 -3.405432939529419
v 0.3117906153202057 0.6500421762466431 -3.407414197921753
v 0.3115297555923462 0.6796706318855286 -3.403486728668213
v 0.3115297555923462 0.6796706318855286 -3.403486728668213
v 0.3413532078266144 0.6796698570251465 -3.4015052318573
v 0.3262619972229004 0.6507030129432678 -3.193809986114502
v 0.3262619972229004 0.6507030129432678 -3.193809986114502
v 0.29775598645210266 0.6507030129432678 -3.19569993019104
v 0.3115297555923462 0.6796706318855286 -3.403486728668213
v 0.3117906153202057 0.6500421762466431 -3.407414197921753
v 0.3416130840778351 0.6500414609909058 -3.405432939529419
v 0.3265100121498108 0.6223840117454529 -3.1975600719451904
v 0.3265100121498108 0.6223840117454529 -3.1975600719451904
v 0.29800501465797424 0.6223840117454529 -3.1994500160217285
v 0.3117906153202057 0.6500421762466431 -3.407414197921753
v 0.29775598645210266 0.6507030129432678 -3.19569993019104
v 0.29800501465797424 0.6223840117454529 -3.1994500160217285
v 0.3117906153202057 0.6500421762466431 -3.407414197921753
v 0.3117906153202057 0.6500421762466431 -3.407414197921753
v 0.3115297555923462 0.6796706318855286 -3.403486728668213
v 0.29775598645210266 0.6507030129432678 -3.19569993019104
v 0.3262619972229004 0.6507030129432678 -3.193809986114502
v 0.3413532078266144 0.6796698570251465 -3.4015052318573
v 0.3416130840778351 0.6500414609909058 -3.405432939529419
v 0.3416130840778351 0.6500414609909058 -3.405432939529419
v 0.3265100121498108 0.6223840117454529 -3.1975600719451904
v 0.3262619972229004 0.6507030129432678 -3.193809986114502
v 0.35468900203704834 -0.2651039958000183 -3.181989908218384
v 0.3545779883861542 -0.29362601041793823 -3.18038010597229
v 0.32608500123023987 -0.29363200068473816 -3.18245005607605
v 0.32608500123023987 -0.29363200068473816 -3.18245005607605
v 0.32619601488113403 -0.26510998606681824 -3.1840600967407227
v 0.35468900203704834 -0.2651039958000183 -3.181989908218384
v 0.36207252740859985 -0.27042460441589355 -3.275688648223877
v 0.36195898056030273 -0.2995367646217346 -3.274043560028076
v 0.33287638425827026 -0.299543172121048 -3.276158094406128
v 0.33287638425827026 -0.299543172121048 -3.276158094406128
v 0.33299002051353455 -0.27043068408966064 -3.277803421020508
v 0.36207252740859985 -0.27042460441589355 -3.275688648223877
v 0.36207252740859985 -0.27042460441589355 -3.275688648223877
v 0.36195898056030273 -0.2995367646217346 -3.274043560028076
v 0.3545779883861542 -0.29362601041793823 -3.18038010597229
v 0.3545779883861542 -0.29362601041793823 -3.18038010597229
v 0.35468900203704834 -0.2651039958000183 -3.181989908218384
v 0.36207252740859985 -0.27042460441589355 -3.275688648223877
v 0.33299002051353455 -0.27043068408966064 -3.277803421020508
v 0.33287638425827026 -0.299543172121048 -3.276158094406128
v 0.32608500123023987 -0.29363200068473816 -3.18245005607605
v 0.32608500123023987 -0.29363200068473816 -3.18245005607605
v 0.32619601488113403 -0.26510998606681824 -3.1840600967407227
v 0.33299002051353455 -0.27043068408966064 -3.277803421020508
v 0.35468900203704834 -0.2651039958000183 -3.181989908218384
v 0.32619601488113403 -0.26510998606681824 -3.1840600967407227
v 0.33299002051353455 -0.27043068408966064 -3.277803421020508
v 0.33299002051353455 -0.27043068408966064 -3.277803421020508
v 0.36207252740859985 -0.27042460441589355 -3.275688648223877
v 0.35468900203704834 -0.2651039958000183 -3.181989908218384
v 0.3545779883861542 -0.29362601041793823 -3.18038010597229
v 0.36195898056030273 -0.2995367646217346 -3.274043560028076
v 0.33287638425827026 -0.299543172121048 -3.276158094406128
v 0.33287638425827026 -0.299543172121048 -3.276158094406128
v 0.32608500123023987 -0.29363200068473816 -3.18245005607605
v 0.3545779883861542 -0.29362601041793823 -3.18038010597229
v 0.35462599992752075 -0.05954889953136444 -3.181040048599243
v 0.3546000123023987 -0.08811459690332413 -3.1806800365448
v 0.326106995344162 -0.08811459690332413 -3.1827399730682373
v 0.326106995344162 -0.08811459690332413 -3.1827399730682373
v 0.32613301277160645 -0.05954889953136444 -3.1830999851226807
v 0.35462599992752075 -0.05954889953136444 -3.181040048599243
v 0.370999813079834 -0.06217009201645851 -3.3889212608337402
v 0.37097272276878357 -0.09204564988613129 -3.388540506362915
v 0.3411729037761688 -0.09204572439193726 -3.3906993865966797
v 0.3411729037761688 -0.09204572439193726 -3.3906993865966797
v 0.34120088815689087 -0.06217014417052269 -3.391079902648926
v 0.370999813079834 -0.06217009201645851 -3.3889212608337402
v 0.370999813079834 -0.06217009201645851 -3.3889212608337402
v 0.37097272276878357 -0.09204564988613129 -3.388540506362915
v 0.3546000123023987 -0.08811459690332413 -3.1806800365448
v 0.3546000123023987 -0.08811459690332413 -3.1806800365448
v 0.35462599992752075 -0.05954889953136444 -3.181040048599243
v 0.370999813079834 -0.06217009201645851 -3.3889212608337402
v 0.34120088815689087 -0.06217014417052269 -3.391079902648926
v 0.3411729037761688 -0.09204572439193726 -3.3906993865966797
v 0.326106995344162 -0.08811459690332413 -3.1827399730682373
v 0.326106995344162 -0.08811459690332413 -3.1827399730682373
v 0.32613301277160645 -0.05954889953136444 -3.1830999851226807
v 0.34120088815689087 -0.06217014417052269 -3.391079902648926
v 0.35462599992752075 -0.05954889953136444 -3.181040048599243
v 0.32613301277160645 -0.05954889953136444 -3.1830999851226807
v 0.34120088815689087 -0.06217014417052269 -3.391079902648926
v 0.34120088815689087 -0.06217014417052269 -3.391079902648926
v 0.370999813079834 -0.06217009201645851 -3.3889212608337402
v 0.35462599992752075 -0.05954889953136444 -3.181040048599243
v 0.3546000123023987 -0.08811459690332413 -3.1806800365448
v 0.37097272276878357 -0.09204564988613129 -3.388540506362915
v 0.3411729037761688 -0.09204572439193726 -3.3906993865966797
v 0.3411729037761688 -0.09204572439193726 -3.3906993865966797
v 0.326106995344162 -0.08811459690332413 -3.1827399730682373
v 0.3546000123023987 -0.08811459690332413 -3.1806800365448
v 0.3266040086746216 0.32489800453186035 -3.1903600692749023
v 0.3550969958305359 0.3248870074748993 -3.1882998943328857
v 0.35521501302719116 0.29637500643730164 -3.1900899410247803
v 0.35521501302719116 0.29637500643730164 -3.1900899410247803
v 0.32672199606895447 0.2963860034942627 -3.192150115966797
v 0.3266040086746216 0.32489800453186035 -3.1903600692749023
v 0.33332687616348267 0.33133286237716675 -3.283083438873291
v 0.3624041676521301 0.3313215970993042 -3.2809791564941406
v 0.36252474784851074 0.3022255003452301 -3.2828078269958496
v 0.36252474784851074 0.3022255003452301 -3.2828078269958496
v 0.3334474563598633 0.30223676562309265 -3.284911870956421
v 0.33332687616348267 0.33133286237716675 -3.283083438873291
v 0.33332687616348267 0.33133286237716675 -3.283083438873291
v 0.3624041676521301 0.3313215970993042 -3.2809791564941406
v 0.3550969958305359 0.3248870074748993 -3.1882998943328857
v 0.3550969958305359 0.3248870074748993 -3.1882998943328857
v 0.3266040086746216 0.32489800453186035 -3.1903600692749023
v 0.33332687616348267 0.33133286237716675 -3.283083438873291
v 0.3334474563598633 0.30223676562309265 -3.284911870956421
v 0.36252474784851074 0.3022255003452301 -3.2828078269958496
v 0.35521501302719116 0.29637500643730164 -3.1900899410247803
v 0.35521501302719116 0.29637500643730164 -3.1900899410247803
v 0.32672199606895447 0.2963860034942627 -3.192150115966797
v 0.3334474563598633 0.30223676562309265 -3.284911870956421
v 0.3266040086746216 0.32489800453186035 -3.1903600692749023
v 0.32672199606895447 0.2963860034942627 -3.192150115966797
v 0.3334474563598633 0.30223676562309265 -3.284911870956421
v 0.3334474563598633 0.30223676562309265 -3.284911870956421
v 0.33332687616348267 0.33133286237716675 -3.283083438873291
v 0.3266040086746216 0.32489800453186035 -3.1903600692749023
v 0.3550969958305359 0.3248870074748993 -3.1882998943328857
v 0.3624041676521301 0.3313215970993042 -3.2809791564941406
v 0.36252474784851074 0.3022255003452301 -3.2828078269958496
v 0.36252474784851074 0.3022255003452301 -3.2828078269958496
v 0.35521501302719116 0.29637500643730164 -3.1900899410247803
v 0.3550969958305359 0.3248870074748993 -3.1882998943328857
v 0.3268119990825653 0.650704026222229 -3.1937899589538574
v 0.3553049862384796 0.6506819725036621 -3.1917200088500977
v 0.35555499792099 0.6223620176315308 -3.195470094680786
v 0.35555499792099 0.6223620176315308 -3.195470094680786
v 0.3270620107650757 0.6223850250244141 -3.197540044784546
v 0.3268119990825653 0.650704026222229 -3.1937899589538574
v 0.33332881331443787 0.663211464881897 -3.283468723297119
v 0.36239027976989746 0.6631888151168823 -3.281355619430542
v 0.3626454174518585 0.634303867816925 -3.285182237625122
v 0.3626454174518585 0.634303867816925 -3.285182237625122
v 0.3335835039615631 0.6343274712562561 -3.287295341491699
v 0.33332881331443787 0.663211464881897 -3.283468723297119
v 0.33332881331443787 0.663211464881897 -3.283468723297119
v 0.36239027976989746 0.6631888151168823 -3.281355619430542
v 0.3553049862384796 0.6506819725036621 -3.1917200088500977
v 0.3553049862384796 0.6506819725036621 -3.1917200088500977
v 0.3268119990825653 0.650704026222229 -3.1937899589538574
v 0.33332881331443787 0.663211464881897 -3.283468723297119
v 0.3335835039615631 0.6343274712562561 -3.287295341491699
v 0.3626454174518585 0.634303867816925 -3.285182237625122
v 0.35555499792099 0.6223620176315308 -3.195470094680786
v 0.35555499792099 0.6223620176315308 -3.195470094680786
v 0.3270620107650757 0.6223850250244141 -3.197540044784546
v 0.3335835039615631 0.6343274712562561 -3.287295341491699
v 0.3268119990825653 0.650704026222229 -3.1937899589538574
v 0.3270620107650757 0.6223850250244141 -3.197540044784546
v 0.3335835039615631 0.6343274712562561 -3.287295341491699
v 0.3335835039615631 0.6343274712562561 -3.287295341491699
v 0.33332881331443787 0.663211464881897 -3.283468723297119
v 0.3268119990825653 0.650704026222229 -3.1937899589538574
v 0.3553049862384796 0.6506819725036621 -3.1917200088500977
v 0.36239027976989746 0.6631888151168823 -3.281355619430542
v 0.3626454174518585 0.634303867816925 -3.285182237625122
v 0.3626454174518585 0.634303867816925 -3.285182237625122
v 0.35555499792099 0.6223620176315308 -3.195470094680786
v 0.3553049862384796 0.6506819725036621 -3.1917200088500977
v 0.38367798924446106 -0.08867450058460236 -3.1789801120758057
v 0.3836359977722168 -0.11723700165748596 -3.1784400939941406
v 0.3551560044288635 -0.11723700165748596 -3.180690050125122
v 0.3551560044288635 -0.11723700165748596 -3.180690050125122
v 0.35519900918006897 -0.08867459744215012 -3.181220054626465
v 0.38367798924446106 -0.08867450058460236 -3.1789801120758057
v 0.4145657420158386 -0.09554313123226166 -3.541945219039917
v 0.41451895236968994 -0.12639474868774414 -3.5413551330566406
v 0.38375866413116455 -0.12639528512954712 -3.5437917709350586
v 0.38375866413116455 -0.12639528512954712 -3.5437917709350586
v 0.38380205631256104 -0.09554284811019897 -3.544372320175171
v 0.4145657420158386 -0.09554313123226166 -3.541945219039917
v 0.4145657420158386 -0.09554313123226166 -3.541945219039917
v 0.41451895236968994 -0.12639474868774414 -3.5413551330566406
v 0.3836359977722168 -0.11723700165748596 -3.1784400939941406
v 0.3836359977722168 -0.11723700165748596 -3.1784400939941406
v 0.38367798924446106 -0.08867450058460236 -3.1789801120758057
v 0.4145657420158386 -0.09554313123226166 -3.541945219039917
v 0.38380205631256104 -0.09554284811019897 -3.544372320175171
v 0.38375866413116455 -0.12639528512954712 -3.5437917709350586
v 0.3551560044288635 -0.11723700165748596 -3.180690050125122
v 0.3551560044288635 -0.11723700165748596 -3.180690050125122
v 0.35519900918006897 -0.08867459744215012 -3.181220054626465
v 0.38380205631256104 -0.09554284811019897 -3.544372320175171
v 0.38367798924446106 -0.08867450058460236 -3.1789801120758057
v 0.35519900918006897 -0.08867459744215012 -3.181220054626465
v 0.38380205631256104 -0.09554284811019897 -3.544372320175171
v 0.38380205631256104 -0.09554284811019897 -3.544372320175171
v 0.4145657420158386 -0.09554313123226166 -3.541945219039917
v 0.38367798924446106 -0.08867450058460236 -3.1789801120758057
v 0.3836359977722168 -0.11723700165748596 -3.1784400939941406
v 0.41451895236968994 -0.12639474868774414 -3.5413551330566406
v 0.38375866413116455 -0.12639528512954712 -3.5437917709350586
v 0.38375866413116455 -0.12639528512954712 -3.5437917709350586
v 0.3551560044288635 -0.11723700165748596 -3.180690050125122
v 0.3836359977722168 -0.11723700165748596 -3.1784400939941406
v 0.41273099184036255 -0.08867450058460236 -3.176909923553467
v 0.41268500685691833 -0.11723700165748596 -3.1763699054718018
v 0.3842200040817261 -0.11723700165748596 -3.1787900924682617
v 0.3842200040817261 -0.11723700165748596 -3.1787900924682617
v 0.3842659890651703 -0.08867450058460236 -3.1793301105499268
v 0.41273099184036255 -0.08867450058460236 -3.176909923553467
v 0.43010351061820984 -0.092272087931633 -3.3669161796569824
v 0.43005573749542236 -0.12203377485275269 -3.366349935531616
v 0.4003964364528656 -0.12203380465507507 -3.36887526512146
v 0.4003964364528656 -0.12203380465507507 -3.36887526512146
v 0.4004441797733307 -0.09227211028337479 -3.3694417476654053
v 0.43010351061820984 -0.092272087931633 -3.3669161796569824
v 0.43010351061820984 -0.092272087931633 -3.3669161796569824
v 0.43005573749542236 -0.12203377485275269 -3.366349935531616
v 0.41268500685691833 -0.11723700165748596 -3.1763699054718018
v 0.41268500685691833 -0.11723700165748596 -3.1763699054718018
v 0.41273099184036255 -0.08867450058460236 -3.176909923553467
v 0.43010351061820984 -0.092272087931633 -3.3669161796569824
v 0.4004441797733307 -0.09227211028337479 -3.3694417476654053
v 0.4003964364528656 -0.12203380465507507 -3.36887526512146
v 0.3842200040817261 -0.11723700165748596 -3.1787900924682617
v 0.3842200040817261 -0.11723700165748596 -3.1787900924682617
v 0.3842659890651703 -0.08867450058460236 -3.1793301105499268
v 0.4004441797733307 -0.09227211028337479 -3.3694417476654053
v 0.41273099184036255 -0.08867450058460236 -3.176909923553467
v 0.3842659890651703 -0.08867450058460236 -3.1793301105499268
v 0.4004441797733307 -0.09227211028337479 -3.3694417476654053
v 0.4004441797733307 -0.09227211028337479 -3.3694417476654053
v 0.43010351061820984 -0.092272087931633 -3.3669161796569824
v 0.41273099184036255 -0.08867450058460236 -3.176909923553467
v 0.41268500685691833 -0.11723700165748596 -3.1763699054718018
v 0.43005573749542236 -0.12203377485275269 -3.366349935531616
v 0.4003964364528656 -0.12203380465507507 -3.36887526512146
v 0.4003964364528656 -0.12203380465507507 -3.36887526512146
v 0.3842200040817261 -0.11723700165748596 -3.1787900924682617
v 0.41268500685691833 -0.11723700165748596 -3.1763699054718018
v 0.3843829929828644 0.5599859952926636 -3.18149995803833
v 0.4128490090370178 0.5599349737167358 -3.179069995880127
v 0.41307199001312256 0.5315489768981934 -3.1822900772094727
v 0.41307199001312256 0.5315489768981934 -3.1822900772094727
v 0.3846069872379303 0.5315999984741211 -3.1847100257873535
v 0.3843829929828644 0.5599859952926636 -3.18149995803833
v 0.3935003876686096 0.5728468894958496 -3.2883498668670654
v 0.42264097929000854 0.5727936625480652 -3.285860538482666
v 0.42286983132362366 0.5437341928482056 -3.289158821105957
v 0.42286983132362366 0.5437341928482056 -3.289158821105957
v 0.3937288820743561 0.5437862277030945 -3.2916386127471924
v 0.3935003876686096 0.5728468894958496 -3.2883498668670654
v 0.3935003876686096 0.5728468894958496 -3.2883498668670654
v 0.42264097929000854 0.5727936625480652 -3.285860538482666
v 0.4128490090370178 0.5599349737167358 -3.179069995880127
v 0.4128490090370178 0.5599349737167358 -3.179069995880127
v 0.3843829929828644 0.5599859952926636 -3.18149995803833
v 0.3935003876686096 0.5728468894958496 -3.2883498668670654
v 0.3937288820743561 0.5437862277030945 -3.2916386127471924
v 0.42286983132362366 0.5437341928482056 -3.289158821105957
v 0.41307199001312256 0.5315489768981934 -3.1822900772094727
v 0.41307199001312256 0.5315489768981934 -3.1822900772094727
v 0.3846069872379303 0.5315999984741211 -3.1847100257873535
v 0.3937288820743561 0.5437862277030945 -3.2916386127471924
v 0.3843829929828644 0.5599859952926636 -3.18149995803833
v 0.3846069872379303 0.5315999984741211 -3.1847100257873535
v 0.3937288820743561 0.5437862277030945 -3.2916386127471924
v 0.3937288820743561 0.5437862277030945 -3.2916386127471924
v 0.3935003876686096 0.5728468894958496 -3.2883498668670654
v 0.3843829929828644 0.5599859952926636 -3.18149995803833
v 0.4128490090370178 0.5599349737167358 -3.179069995880127
v 0.42264097929000854 0.5727936625480652 -3.285860538482666
v 0.42286983132362366 0.5437341928482056 -3.289158821105957
v 0.42286983132362366 0.5437341928482056 -3.289158821105957
v 0.41307199001312256 0.5315489768981934 -3.1822900772094727
v 0.4128490090370178 0.5599349737167358 -3.179069995880127
v 0.3851870000362396 0.6218429803848267 -3.1937899589538574
v 0.4136520028114319 0.6217749714851379 -3.1913599967956543
v 0.41388899087905884 0.5934320092201233 -3.1949400901794434
v 0.41388899087905884 0.5934320092201233 -3.1949400901794434
v 0.3854239881038666 0.593500018119812 -3.197360038757324
v 0.3851870000362396 0.6218429803848267 -3.1937899589538574
v 0.39183786511421204 0.6322109699249268 -3.2716498374938965
v 0.42079588770866394 0.6321417093276978 -3.269176483154297
v 0.4210377335548401 0.6033082008361816 -3.272819757461548
v 0.4210377335548401 0.6033082008361816 -3.272819757461548
v 0.3920793831348419 0.6033774018287659 -3.2752833366394043
v 0.39183786511421204 0.6322109699249268 -3.2716498374938965
v 0.39183786511421204 0.6322109699249268 -3.2716498374938965
v 0.42079588770866394 0.6321417093276978 -3.269176483154297
v 0.4136520028114319 0.6217749714851379 -3.1913599967956543
v 0.4136520028114319 0.6217749714851379 -3.1913599967956543
v 0.3851870000362396 0.6218429803848267 -3.1937899589538574
v 0.39183786511421204 0.6322109699249268 -3.2716498374938965
v 0.3920793831348419 0.6033774018287659 -3.2752833366394043
v 0.4210377335548401 0.6033082008361816 -3.272819757461548
v 0.41388899087905884 0.5934320092201233 -3.1949400901794434
v 0.41388899087905884 0.5934320092201233 -3.1949400901794434
v 0.3854239881038666 0.593500018119812 -3.197360038757324
v 0.3920793831348419 0.6033774018287659 -3.2752833366394043
v 0.3851870000362396 0.6218429803848267 -3.1937899589538574
v 0.3854239881038666 0.593500018119812 -3.197360038757324
v 0.3920793831348419 0.6033774018287659 -3.2752833366394043
v 0.3920793831348419 0.6033774018287659 -3.2752833366394043
v 0.39183786511421204 0.6322109699249268 -3.2716498374938965
v 0.3851870000362396 0.6218429803848267 -3.1937899589538574
v 0.4136520028114319 0.6217749714851379 -3.1913599967956543
v 0.42079588770866394 0.6321417093276978 -3.269176483154297
v 0.4210377335548401 0.6033082008361816 -3.272819757461548
v 0.4210377335548401 0.6033082008361816 -3.272819757461548
v 0.41388899087905884 0.5934320092201233 -3.1949400901794434
v 0.4136520028114319 0.6217749714851379 -3.1913599967956543
v 0.4419589936733246 -0.2068600058555603 -3.17753005027771
v 0.44186699390411377 -0.2354000061750412 -3.1762800216674805
v 0.4134179949760437 -0.2354229986667633 -3.178879976272583
v 0.4134179949760437 -0.2354229986667633 -3.178879976272583
v 0.4135099947452545 -0.20688199996948242 -3.1801300048828125
v 0.4419589936733246 -0.2068600058555603 -3.17753005027771
v 0.4518295228481293 -0.21132081747055054 -3.278440237045288
v 0.4517359137535095 -0.24049799144268036 -3.277160167694092
v 0.4226516783237457 -0.24052099883556366 -3.279820442199707
v 0.4226516783237457 -0.24052099883556366 -3.279820442199707
v 0.4227462112903595 -0.21134348213672638 -3.281100273132324
v 0.4518295228481293 -0.21132081747055054 -3.278440237045288
v 0.4518295228481293 -0.21132081747055054 -3.278440237045288
v 0.4517359137535095 -0.24049799144268036 -3.277160167694092
v 0.44186699390411377 -0.2354000061750412 -3.1762800216674805
v 0.44186699390411377 -0.2354000061750412 -3.1762800216674805
v 0.4419589936733246 -0.2068600058555603 -3.17753005027771
v 0.4518295228481293 -0.21132081747055054 -3.278440237045288
v 0.4227462112903595 -0.21134348213672638 -3.281100273132324
v 0.4226516783237457 -0.24052099883556366 -3.279820442199707
v 0.4134179949760437 -0.2354229986667633 -3.178879976272583
v 0.4134179949760437 -0.2354229986667633 -3.178879976272583
v 0.4135099947452545 -0.20688199996948242 -3.1801300048828125
v 0.4227462112903595 -0.21134348213672638 -3.281100273132324
v 0.4419589936733246 -0.2068600058555603 -3.17753005027771
v 0.4135099947452545 -0.20688199996948242 -3.1801300048828125
v 0.4227462112903595 -0.21134348213672638 -3.281100273132324
v 0.4227462112903595 -0.21134348213672638 -3.281100273132324
v 0.4518295228481293 -0.21132081747055054 -3.278440237045288
v 0.4419589936733246 -0.2068600058555603 -3.17753005027771
v 0.44186699390411377 -0.2354000061750412 -3.1762800216674805
v 0.4517359137535095 -0.24049799144268036 -3.277160167694092
v 0.4226516783237457 -0.24052099883556366 -3.279820442199707
v 0.4226516783237457 -0.24052099883556366 -3.279820442199707
v 0.4134179949760437 -0.2354229986667633 -3.178879976272583
v 0.44186699390411377 -0.2354000061750412 -3.1762800216674805
v 0.44201400876045227 -0.17775200307369232 -3.1784300804138184
v 0.44193899631500244 -0.20630000531673431 -3.1773500442504883
v 0.4134890139102936 -0.20632199943065643 -3.179949998855591
v 0.4134890139102936 -0.20632199943065643 -3.179949998855591
v 0.4135650098323822 -0.17777499556541443 -3.181030035018921
v 0.44201400876045227 -0.17775200307369232 -3.1784300804138184
v 0.460978239774704 -0.18509718775749207 -3.372316837310791
v 0.46089914441108704 -0.21486781537532806 -3.371187210083008
v 0.4312298595905304 -0.21489159762859344 -3.3739023208618164
v 0.4312298595905304 -0.21489159762859344 -3.3739023208618164
v 0.43130990862846375 -0.18512019515037537 -3.3750321865081787
v 0.460978239774704 -0.18509718775749207 -3.372316837310791
v 0.460978239774704 -0.18509718775749207 -3.372316837310791
v 0.46089914441108704 -0.21486781537532806 -3.371187210083008
v 0.44193899631500244 -0.20630000531673431 -3.1773500442504883
v 0.44193899631500244 -0.20630000531673431 -3.1773500442504883
v 0.44201400876045227 -0.17775200307369232 -3.1784300804138184
v 0.460978239774704 -0.18509718775749207 -3.372316837310791
v 0.43130990862846375 -0.18512019515037537 -3.3750321865081787
v 0.4312298595905304 -0.21489159762859344 -3.3739023208618164
v 0.4134890139102936 -0.20632199943065643 -3.179949998855591
v 0.4134890139102936 -0.20632199943065643 -3.179949998855591
v 0.4135650098323822 -0.17777499556541443 -3.181030035018921
v 0.43130990862846375 -0.18512019515037537 -3.3750321865081787
v 0.44201400876045227 -0.17775200307369232 -3.1784300804138184
v 0.4135650098323822 -0.17777499556541443 -3.181030035018921
v 0.43130990862846375 -0.18512019515037537 -3.3750321865081787
v 0.43130990862846375 -0.18512019515037537 -3.3750321865081787
v 0.460978239774704 -0.18509718775749207 -3.372316837310791
v 0.44201400876045227 -0.17775200307369232 -3.1784300804138184
v 0.44193899631500244 -0.20630000531673431 -3.1773500442504883
v 0.46089914441108704 -0.21486781537532806 -3.371187210083008
v 0.4312298595905304 -0.21489159762859344 -3.3739023208618164
v 0.4312298595905304 -0.21489159762859344 -3.3739023208618164
v 0.4134890139102936 -0.20632199943065643 -3.179949998855591
v 0.44193899631500244 -0.20630000531673431 -3.1773500442504883
v 0.41448500752449036 1.1018600463867188 -3.196049928665161
v 0.4429349899291992 1.1017099618911743 -3.1934499740600586
v 0.4433650076389313 1.0738699436187744 -3.1998400688171387
v 0.4433650076389313 1.0738699436187744 -3.1998400688171387
v 0.4149149954319 1.0740200281143188 -3.202440023422241
v 0.41448500752449036 1.1018600463867188 -3.196049928665161
v 0.4232831299304962 1.1244471073150635 -3.291078805923462
v 0.4523460865020752 1.1242926120758057 -3.288421154022217
v 0.4527851939201355 1.0958503484725952 -3.2949514389038086
v 0.4527851939201355 1.0958503484725952 -3.2949514389038086
v 0.42372220754623413 1.0960056781768799 -3.2976088523864746
v 0.4232831299304962 1.1244471073150635 -3.291078805923462
v 0.4232831299304962 1.1244471073150635 -3.291078805923462
v 0.4523460865020752 1.1242926120758057 -3.288421154022217
v 0.4429349899291992 1.1017099618911743 -3.1934499740600586
v 0.4429349899291992 1.1017099618911743 -3.1934499740600586
v 0.41448500752449036 1.1018600463867188 -3.196049928665161
v 0.4232831299304962 1.1244471073150635 -3.291078805923462
v 0.42372220754623413 1.0960056781768799 -3.2976088523864746
v 0.4527851939201355 1.0958503484725952 -3.2949514389038086
v 0.4433650076389313 1.0738699436187744 -3.1998400688171387
v 0.4433650076389313 1.0738699436187744 -3.1998400688171387
v 0.4149149954319 1.0740200281143188 -3.202440023422241
v 0.42372220754623413 1.0960056781768799 -3.2976088523864746
v 0.41448500752449036 1.1018600463867188 -3.196049928665161
v 0.4149149954319 1.0740200281143188 -3.202440023422241
v 0.42372220754623413 1.0960056781768799 -3.2976088523864746
v 0.42372220754623413 1.0960056781768799 -3.2976088523864746
v 0.4232831299304962 1.1244471073150635 -3.291078805923462
v 0.41448500752449036 1.1018600463867188 -3.196049928665161
v 0.4429349899291992 1.1017099618911743 -3.1934499740600586
v 0.4523460865020752 1.1242926120758057 -3.288421154022217
v 0.4527851939201355 1.0958503484725952 -3.2949514389038086
v 0.4527851939201355 1.0958503484725952 -3.2949514389038086
v 0.4433650076389313 1.0738699436187744 -3.1998400688171387
v 0.4429349899291992 1.1017099618911743 -3.1934499740600586
v 0.4742029905319214 -0.17777200043201447 -3.1905500888824463
v 0.47409600019454956 -0.20632000267505646 -3.1894800662994385
v 0.4456680119037628 -0.20631900429725647 -3.1923000812530518
v 0.4456680119037628 -0.20631900429725647 -3.1923000812530518
v 0.44577500224113464 -0.17777200043201447 -3.1933701038360596
v 0.4742029905319214 -0.17777200043201447 -3.1905500888824463
v 0.48708122968673706 -0.1823909878730774 -3.312335729598999
v 0.4869716763496399 -0.21170778572559357 -3.311234474182129
v 0.4577772319316864 -0.21170713007450104 -3.3141331672668457
v 0.4577772319316864 -0.21170713007450104 -3.3141331672668457
v 0.45788681507110596 -0.1823910027742386 -3.315234422683716
v 0.48708122968673706 -0.1823909878730774 -3.312335729598999
v 0.48708122968673706 -0.1823909878730774 -3.312335729598999
v 0.4869716763496399 -0.21170778572559357 -3.311234474182129
v 0.47409600019454956 -0.20632000267505646 -3.1894800662994385
v 0.47409600019454956 -0.20632000267505646 -3.1894800662994385
v 0.4742029905319214 -0.17777200043201447 -3.1905500888824463
v 0.48708122968673706 -0.1823909878730774 -3.312335729598999
v 0.45788681507110596 -0.1823910027742386 -3.315234422683716
v 0.4577772319316864 -0.21170713007450104 -3.3141331672668457
v 0.4456680119037628 -0.20631900429725647 -3.1923000812530518
v 0.4456680119037628 -0.20631900429725647 -3.1923000812530518
v 0.44577500224113464 -0.17777200043201447 -3.1933701038360596
v 0.45788681507110596 -0.1823910027742386 -3.315234422683716
v 0.4742029905319214 -0.17777200043201447 -3.1905500888824463
v 0.44577500224113464 -0.17777200043201447 -3.1933701038360596
v 0.45788681507110596 -0.1823910027742386 -3.315234422683716
v 0.45788681507110596 -0.1823910027742386 -3.315234422683716
v 0.48708122968673706 -0.1823909878730774 -3.312335729598999
v 0.4742029905319214 -0.17777200043201447 -3.1905500888824463
v 0.47409600019454956 -0.20632000267505646 -3.1894800662994385
v 0.4869716763496399 -0.21170778572559357 -3.311234474182129
v 0.4577772319316864 -0.21170713007450104 -3.3141331672668457
v 0.4577772319316864 -0.21170713007450104 -3.3141331672668457
v 0.4456680119037628 -0.20631900429725647 -3.1923000812530518
v 0.47409600019454956 -0.20632000267505646 -3.1894800662994385
v 0.4738529920578003 -0.11780499666929245 -3.187000036239624
v 0.4737820029258728 -0.1463640034198761 -3.1862900257110596
v 0.44535401463508606 -0.1463640034198761 -3.189110040664673
v 0.44535401463508606 -0.1463640034198761 -3.189110040664673
v 0.44542500376701355 -0.11780499666929245 -3.1898300647735596
v 0.4738529920578003 -0.11780499666929245 -3.187000036239624
v 0.4897351861000061 -0.12160315364599228 -3.3372228145599365
v 0.48966220021247864 -0.1511106789112091 -3.3364858627319336
v 0.460289865732193 -0.1511107087135315 -3.339402675628662
v 0.460289865732193 -0.1511107087135315 -3.339402675628662
v 0.4603635370731354 -0.1216033399105072 -3.340149402618408
v 0.4897351861000061 -0.12160315364599228 -3.3372228145599365
v 0.4897351861000061 -0.12160315364599228 -3.3372228145599365
v 0.48966220021247864 -0.1511106789112091 -3.3364858627319336
v 0.4737820029258728 -0.1463640034198761 -3.1862900257110596
v 0.4737820029258728 -0.1463640034198761 -3.1862900257110596
v 0.4738529920578003 -0.11780499666929245 -3.187000036239624
v 0.4897351861000061 -0.12160315364599228 -3.3372228145599365
v 0.4603635370731354 -0.1216033399105072 -3.340149402618408
v 0.460289865732193 -0.1511107087135315 -3.339402675628662
v 0.44535401463508606 -0.1463640034198761 -3.189110040664673
v 0.44535401463508606 -0.1463640034198761 -3.189110040664673
v 0.44542500376701355 -0.11780499666929245 -3.1898300647735596
v 0.4603635370731354 -0.1216033399105072 -3.340149402618408
v 0.4738529920578003 -0.11780499666929245 -3.187000036239624
v 0.44542500376701355 -0.11780499666929245 -3.1898300647735596
v 0.4603635370731354 -0.1216033399105072 -3.340149402618408
v 0.4603635370731354 -0.1216033399105072 -3.340149402618408
v 0.4897351861000061 -0.12160315364599228 -3.3372228145599365
v 0.4738529920578003 -0.11780499666929245 -3.187000036239624
v 0.4737820029258728 -0.1463640034198761 -3.1862900257110596
v 0.48966220021247864 -0.1511106789112091 -3.3364858627319336
v 0.460289865732193 -0.1511107087135315 -3.339402675628662
v 0.460289865732193 -0.1511107087135315 -3.339402675628662
v 0.44535401463508606 -0.1463640034198761 -3.189110040664673
v 0.4737820029258728 -0.1463640034198761 -3.1862900257110596
v 0.4738500118255615 -0.08867450058460236 -3.1869699954986572
v 0.4737969934940338 -0.11723700165748596 -3.186429977416992
v 0.44536900520324707 -0.11723700165748596 -3.1892600059509277
v 0.44536900520324707 -0.11723700165748596 -3.1892600059509277
v 0.4454219937324524 -0.08867450058460236 -3.1897900104522705
v 0.4738500118255615 -0.08867450058460236 -3.1869699954986572
v 0.4825457036495209 -0.0902339518070221 -3.269219398498535
v 0.48249155282974243 -0.11931626498699188 -3.2686681747436523
v 0.4535469710826874 -0.11931636929512024 -3.2715511322021484
v 0.4535469710826874 -0.11931636929512024 -3.2715511322021484
v 0.4536007344722748 -0.09023395925760269 -3.272092580795288
v 0.4825457036495209 -0.0902339518070221 -3.269219398498535
v 0.4825457036495209 -0.0902339518070221 -3.269219398498535
v 0.48249155282974243 -0.11931626498699188 -3.2686681747436523
v 0.4737969934940338 -0.11723700165748596 -3.186429977416992
v 0.4737969934940338 -0.11723700165748596 -3.186429977416992
v 0.4738500118255615 -0.08867450058460236 -3.1869699954986572
v 0.4825457036495209 -0.0902339518070221 -3.269219398498535
v 0.4536007344722748 -0.09023395925760269 -3.272092580795288
v 0.4535469710826874 -0.11931636929512024 -3.2715511322021484
v 0.44536900520324707 -0.11723700165748596 -3.1892600059509277
v 0.44536900520324707 -0.11723700165748596 -3.1892600059509277
v 0.4454219937324524 -0.08867450058460236 -3.1897900104522705
v 0.4536007344722748 -0.09023395925760269 -3.272092580795288
v 0.4738500118255615 -0.08867450058460236 -3.1869699954986572
v 0.4454219937324524 -0.08867450058460236 -3.1897900104522705
v 0.4536007344722748 -0.09023395925760269 -3.272092580795288
v 0.4536007344722748 -0.09023395925760269 -3.272092580795288
v 0.4825457036495209 -0.0902339518070221 -3.269219398498535
v 0.4738500118255615 -0.08867450058460236 -3.1869699954986572
v 0.4737969934940338 -0.11723700165748596 -3.186429977416992
v 0.48249155282974243 -0.11931626498699188 -3.2686681747436523
v 0.4535469710826874 -0.11931636929512024 -3.2715511322021484
v 0.4535469710826874 -0.11931636929512024 -3.2715511322021484
v 0.44536900520324707 -0.11723700165748596 -3.1892600059509277
v 0.4737969934940338 -0.11723700165748596 -3.186429977416992
v 0.5028060078620911 -0.030427200719714165 -3.183880090713501
v 0.5027869939804077 -0.0589945986866951 -3.1837000846862793
v 0.47437700629234314 -0.0589945986866951 -3.1867001056671143
v 0.47437700629234314 -0.0589945986866951 -3.1867001056671143
v 0.4743959903717041 -0.030427200719714165 -3.186880111694336
v 0.5028060078620911 -0.030427200719714165 -3.183880090713501
v 0.526617169380188 -0.03177119418978691 -3.3963286876678467
v 0.5265978574752808 -0.06168148294091225 -3.3961358070373535
v 0.49685269594192505 -0.06168147921562195 -3.3992812633514404
v 0.49685269594192505 -0.06168147921562195 -3.3992812633514404
v 0.4968720078468323 -0.03177109733223915 -3.3994739055633545
v 0.526617169380188 -0.03177119418978691 -3.3963286876678467
v 0.526617169380188 -0.03177119418978691 -3.3963286876678467
v 0.5265978574752808 -0.06168148294091225 -3.3961358070373535
v 0.5027869939804077 -0.0589945986866951 -3.1837000846862793
v 0.5027869939804077 -0.0589945986866951 -3.1837000846862793
v 0.5028060078620911 -0.030427200719714165 -3.183880090713501
v 0.526617169380188 -0.03177119418978691 -3.3963286876678467
v 0.4968720078468323 -0.03177109733223915 -3.3994739055633545
v 0.49685269594192505 -0.06168147921562195 -3.3992812633514404
v 0.47437700629234314 -0.0589945986866951 -3.1867001056671143
v 0.47437700629234314 -0.0589945986866951 -3.1867001056671143
v 0.4743959903717041 -0.030427200719714165 -3.186880111694336
v 0.4968720078468323 -0.03177109733223915 -3.3994739055633545
v 0.5028060078620911 -0.030427200719714165 -3.183880090713501
v 0.4743959903717041 -0.030427200719714165 -3.186880111694336
v 0.4968720078468323 -0.03177109733223915 -3.3994739055633545
v 0.4968720078468323 -0.03177109733223915 -3.3994739055633545
v 0.526617169380188 -0.03177119418978691 -3.3963286876678467
v 0.5028060078620911 -0.030427200719714165 -3.183880090713501
v 0.5027869939804077 -0.0589945986866951 -3.1837000846862793
v 0.5265978574752808 -0.06168148294091225 -3.3961358070373535
v 0.49685269594192505 -0.06168147921562195 -3.3992812633514404
v 0.49685269594192505 -0.06168147921562195 -3.3992812633514404
v 0.47437700629234314 -0.0589945986866951 -3.1867001056671143
v 0.5027869939804077 -0.0589945986866951 -3.1837000846862793
v 0.4743939936161041 0.029876399785280228 -3.1868700981140137
v 0.5028039813041687 0.02987629920244217 -3.1838700771331787
v 0.5028039813041687 0.0013083399971947074 -3.1838700771331787
v 0.5028039813041687 0.0013083399971947074 -3.1838700771331787
v 0.4743939936161041 0.0013083700323477387 -3.1868700981140137
v 0.4743939936161041 0.029876399785280228 -3.1868700981140137
v 0.4798610508441925 0.03020322695374489 -3.238579034805298
v 0.5085958242416382 0.03020312823355198 -3.235543727874756
v 0.5085959434509277 0.0013085267273709178 -3.2355446815490723
v 0.5085959434509277 0.0013085267273709178 -3.2355446815490723
v 0.47986114025115967 0.0013085567625239491 -3.2385799884796143
v 0.4798610508441925 0.03020322695374489 -3.238579034805298
v 0.4798610508441925 0.03020322695374489 -3.238579034805298
v 0.5085958242416382 0.03020312823355198 -3.235543727874756
v 0.5028039813041687 0.02987629920244217 -3.1838700771331787
v 0.5028039813041687 0.02987629920244217 -3.1838700771331787
v 0.4743939936161041 0.029876399785280228 -3.1868700981140137
v 0.4798610508441925 0.03020322695374489 -3.238579034805298
v 0.47986114025115967 0.0013085567625239491 -3.2385799884796143
v 0.5085959434509277 0.0013085267273709178 -3.2355446815490723
v 0.5028039813041687 0.0013083399971947074 -3.1838700771331787
v 0.5028039813041687 0.0013083399971947074 -3.1838700771331787
v 0.4743939936161041 0.0013083700323477387 -3.1868700981140137
v 0.47986114025115967 0.0013085567625239491 -3.2385799884796143
v 0.4743939936161041 0.029876399785280228 -3.1868700981140137
v 0.4743939936161041 0.0013083700323477387 -3.1868700981140137
v 0.47986114025115967 0.0013085567625239491 -3.2385799884796143
v 0.47986114025115967 0.0013085567625239491 -3.2385799884796143
v 0.4798610508441925 0.03020322695374489 -3.238579034805298
v 0.4743939936161041 0.029876399785280228 -3.1868700981140137
v 0.5028039813041687 0.02987629920244217 -3.1838700771331787
v 0.5085958242416382 0.03020312823355198 -3.235543727874756
v 0.5085959434509277 0.0013085267273709178 -3.2355446815490723
v 0.5085959434509277 0.0013085267273709178 -3.2355446815490723
v 0.5028039813041687 0.0013083399971947074 -3.1838700771331787
v 0.5028039813041687 0.02987629920244217 -3.1838700771331787
v 0.4759320020675659 0.9504579901695251 -3.202889919281006
v 0.5043410062789917 0.9504240155220032 -3.1998798847198486
v 0.5048909783363342 0.9223960041999817 -3.2053799629211426
v 0.5048909783363342 0.9223960041999817 -3.2053799629211426
v 0.47648200392723083 0.9224299788475037 -3.2083899974823
v 0.4759320020675659 0.9504579901695251 -3.202889919281006
v 0.4861646592617035 0.9702059030532837 -3.2992515563964844
v 0.5151917338371277 0.9701713919639587 -3.2961740493774414
v 0.515753448009491 0.9415339231491089 -3.301795721054077
v 0.515753448009491 0.9415339231491089 -3.301795721054077
v 0.4867272675037384 0.9415692687034607 -3.304872989654541
v 0.4861646592617035 0.9702059030532837 -3.2992515563964844
v 0.4861646592617035 0.9702059030532837 -3.2992515563964844
v 0.5151917338371277 0.9701713919639587 -3.2961740493774414
v 0.5043410062789917 0.9504240155220032 -3.1998798847198486
v 0.5043410062789917 0.9504240155220032 -3.1998798847198486
v 0.4759320020675659 0.9504579901695251 -3.202889919281006
v 0.4861646592617035 0.9702059030532837 -3.2992515563964844
v 0.4867272675037384 0.9415692687034607 -3.304872989654541
v 0.515753448009491 0.9415339231491089 -3.301795721054077
v 0.5048909783363342 0.9223960041999817 -3.2053799629211426
v 0.5048909783363342 0.9223960041999817 -3.2053799629211426
v 0.47648200392723083 0.9224299788475037 -3.2083899974823
v 0.4867272675037384 0.9415692687034607 -3.304872989654541
v 0.4759320020675659 0.9504579901695251 -3.202889919281006
v 0.47648200392723083 0.9224299788475037 -3.2083899974823
v 0.4867272675037384 0.9415692687034607 -3.304872989654541
v 0.4867272675037384 0.9415692687034607 -3.304872989654541
v 0.4861646592617035 0.9702059030532837 -3.2992515563964844
v 0.4759320020675659 0.9504579901695251 -3.202889919281006
v 0.5043410062789917 0.9504240155220032 -3.1998798847198486
v 0.5151917338371277 0.9701713919639587 -3.2961740493774414
v 0.515753448009491 0.9415339231491089 -3.301795721054077
v 0.515753448009491 0.9415339231491089 -3.301795721054077
v 0.5048909783363342 0.9223960041999817 -3.2053799629211426
v 0.5043410062789917 0.9504240155220032 -3.1998798847198486
v 0.5033749938011169 0.02987629920244217 -3.1840100288391113
v 0.5317649841308594 0.029876399785280228 -3.1808300018310547
v 0.5317649841308594 0.0013083700323477387 -3.1808300018310547
v 0.5317649841308594 0.0013083700323477387 -3.1808300018310547
v 0.5033749938011169 0.0013083399971947074 -3.1840100288391113
v 0.5033749938011169 0.02987629920244217 -3.1840100288391113
v 0.5128108859062195 0.030408760532736778 -3.268195629119873
v 0.5417300462722778 0.030408864840865135 -3.2649545669555664
v 0.5417302250862122 0.0013086742255836725 -3.26495623588562
v 0.5417302250862122 0.0013086742255836725 -3.26495623588562
v 0.5128110647201538 0.0013086441904306412 -3.2681972980499268
v 0.5128108859062195 0.030408760532736778 -3.268195629119873
v 0.5128108859062195 0.030408760532736778 -3.268195629119873
v 0.5417300462722778 0.030408864840865135 -3.2649545669555664
v 0.5317649841308594 0.029876399785280228 -3.1808300018310547
v 0.5317649841308594 0.029876399785280228 -3.1808300018310547
v 0.5033749938011169 0.02987629920244217 -3.1840100288391113
v 0.5128108859062195 0.030408760532736778 -3.268195629119873
v 0.5128110647201538 0.0013086441904306412 -3.2681972980499268
v 0.5417302250862122 0.0013086742255836725 -3.26495623588562
v 0.5317649841308594 0.0013083700323477387 -3.1808300018310547
v 0.5317649841308594 0.0013083700323477387 -3.1808300018310547
v 0.5033749938011169 0.0013083399971947074 -3.1840100288391113
v 0.5128110647201538 0.0013086441904306412 -3.2681972980499268
v 0.5033749938011169 0.02987629920244217 -3.1840100288391113
v 0.5033749938011169 0.0013083399971947074 -3.1840100288391113
v 0.5128110647201538 0.0013086441904306412 -3.2681972980499268
v 0.5128110647201538 0.0013086441904306412 -3.2681972980499268
v 0.5128108859062195 0.030408760532736778 -3.268195629119873
v 0.5033749938011169 0.02987629920244217 -3.1840100288391113
v 0.5317649841308594 0.029876399785280228 -3.1808300018310547
v 0.5417300462722778 0.030408864840865135 -3.2649545669555664
v 0.5417302250862122 0.0013086742255836725 -3.26495623588562
v 0.5417302250862122 0.0013086742255836725 -3.26495623588562
v 0.5317649841308594 0.0013083700323477387 -3.1808300018310547
v 0.5317649841308594 0.029876399785280228 -3.1808300018310547
v 0.5612689852714539 -0.3544819951057434 -3.183229923248291
v 0.5610489845275879 -0.3829689919948578 -3.1810901165008545
v 0.5326799750328064 -0.38300299644470215 -3.1844499111175537
v 0.5326799750328064 -0.38300299644470215 -3.1844499111175537
v 0.532899022102356 -0.35451599955558777 -3.1865899562835693
v 0.5612689852714539 -0.3544819951057434 -3.183229923248291
v 0.5699288249015808 -0.3597565293312073 -3.252537488937378
v 0.5697057247161865 -0.3886823058128357 -3.2503628730773926
v 0.5408995151519775 -0.3887168765068054 -3.2537760734558105
v 0.5408995151519775 -0.3887168765068054 -3.2537760734558105
v 0.5411222577095032 -0.3597913384437561 -3.255950450897217
v 0.5699288249015808 -0.3597565293312073 -3.252537488937378
v 0.5699288249015808 -0.3597565293312073 -3.252537488937378
v 0.5697057247161865 -0.3886823058128357 -3.2503628730773926
v 0.5610489845275879 -0.3829689919948578 -3.1810901165008545
v 0.5610489845275879 -0.3829689919948578 -3.1810901165008545
v 0.5612689852714539 -0.3544819951057434 -3.183229923248291
v 0.5699288249015808 -0.3597565293312073 -3.252537488937378
v 0.5411222577095032 -0.3597913384437561 -3.255950450897217
v 0.5408995151519775 -0.3887168765068054 -3.2537760734558105
v 0.5326799750328064 -0.38300299644470215 -3.1844499111175537
v 0.5326799750328064 -0.38300299644470215 -3.1844499111175537
v 0.532899022102356 -0.35451599955558777 -3.1865899562835693
v 0.5411222577095032 -0.3597913384437561 -3.255950450897217
v 0.5612689852714539 -0.3544819951057434 -3.183229923248291
v 0.532899022102356 -0.35451599955558777 -3.1865899562835693
v 0.5411222577095032 -0.3597913384437561 -3.255950450897217
v 0.5411222577095032 -0.3597913384437561 -3.255950450897217
v 0.5699288249015808 -0.3597565293312073 -3.252537488937378
v 0.5612689852714539 -0.3544819951057434 -3.183229923248291
v 0.5610489845275879 -0.3829689919948578 -3.1810901165008545
v 0.5697057247161865 -0.3886823058128357 -3.2503628730773926
v 0.5408995151519775 -0.3887168765068054 -3.2537760734558105
v 0.5408995151519775 -0.3887168765068054 -3.2537760734558105
v 0.5326799750328064 -0.38300299644470215 -3.1844499111175537
v 0.5610489845275879 -0.3829689919948578 -3.1810901165008545
v 0.5614449977874756 -0.32541701197624207 -3.185029983520508
v 0.5612459778785706 -0.3539170026779175 -3.183069944381714
v 0.5328760147094727 -0.35395100712776184 -3.186429977416992
v 0.5328760147094727 -0.35395100712776184 -3.186429977416992
v 0.5330749750137329 -0.32545098662376404 -3.188390016555786
v 0.5614449977874756 -0.32541701197624207 -3.185029983520508
v 0.5727213025093079 -0.3317115902900696 -3.2752861976623535
v 0.5725186467170715 -0.3607826828956604 -3.273284912109375
v 0.5435803532600403 -0.3608173131942749 -3.2767140865325928
v 0.5435803532600403 -0.3608173131942749 -3.2767140865325928
v 0.5437830686569214 -0.3317462205886841 -3.2787153720855713
v 0.5727213025093079 -0.3317115902900696 -3.2752861976623535
v 0.5727213025093079 -0.3317115902900696 -3.2752861976623535
v 0.5725186467170715 -0.3607826828956604 -3.273284912109375
v 0.5612459778785706 -0.3539170026779175 -3.183069944381714
v 0.5612459778785706 -0.3539170026779175 -3.183069944381714
v 0.5614449977874756 -0.32541701197624207 -3.185029983520508
v 0.5727213025093079 -0.3317115902900696 -3.2752861976623535
v 0.5437830686569214 -0.3317462205886841 -3.2787153720855713
v 0.5435803532600403 -0.3608173131942749 -3.2767140865325928
v 0.5328760147094727 -0.35395100712776184 -3.186429977416992
v 0.5328760147094727 -0.35395100712776184 -3.186429977416992
v 0.5330749750137329 -0.32545098662376404 -3.188390016555786
v 0.5437830686569214 -0.3317462205886841 -3.2787153720855713
v 0.5614449977874756 -0.32541701197624207 -3.185029983520508
v 0.5330749750137329 -0.32545098662376404 -3.188390016555786
v 0.5437830686569214 -0.3317462205886841 -3.2787153720855713
v 0.5437830686569214 -0.3317462205886841 -3.2787153720855713
v 0.5727213025093079 -0.3317115902900696 -3.2752861976623535
v 0.5614449977874756 -0.32541701197624207 -3.185029983520508
v 0.5612459778785706 -0.3539170026779175 -3.183069944381714
v 0.5725186467170715 -0.3607826828956604 -3.273284912109375
v 0.5435803532600403 -0.3608173131942749 -3.2767140865325928
v 0.5435803532600403 -0.3608173131942749 -3.2767140865325928
v 0.5328760147094727 -0.35395100712776184 -3.186429977416992
v 0.5612459778785706 -0.3539170026779175 -3.183069944381714
v 0.7444000244140625 0.029876399785280228 -3.199079990386963
v 0.7725819945335388 0.02987629920244217 -3.1944100856781006
v 0.7725819945335388 0.0013083199737593532 -3.1944100856781006
v 0.7725819945335388 0.0013083199737593532 -3.1944100856781006
v 0.7444000244140625 0.0013083999510854483 -3.199079990386963
v 0.7444000244140625 0.029876399785280228 -3.199079990386963
v 0.7721564173698425 0.03094211034476757 -3.366342782974243
v 0.8013895153999329 0.030942006036639214 -3.361495018005371
v 0.8013901114463806 0.001308928825892508 -3.3614983558654785
v 0.8013901114463806 0.001308928825892508 -3.3614983558654785
v 0.7721569538116455 0.0013090011198073626 -3.3663461208343506
v 0.7721564173698425 0.03094211034476757 -3.366342782974243
v 0.7721564173698425 0.03094211034476757 -3.366342782974243
v 0.8013895153999329 0.030942006036639214 -3.361495018005371
v 0.7725819945335388 0.02987629920244217 -3.1944100856781006
v 0.7725819945335388 0.02987629920244217 -3.1944100856781006
v 0.7444000244140625 0.029876399785280228 -3.199079990386963
v 0.7721564173698425 0.03094211034476757 -3.366342782974243
v 0.7721569538116455 0.0013090011198073626 -3.3663461208343506
v 0.8013901114463806 0.001308928825892508 -3.3614983558654785
v 0.7725819945335388 0.0013083199737593532 -3.1944100856781006
v 0.7725819945335388 0.0013083199737593532 -3.1944100856781006
v 0.7444000244140625 0.0013083999510854483 -3.199079990386963
v 0.7721569538116455 0.0013090011198073626 -3.3663461208343506
v 0.7444000244140625 0.029876399785280228 -3.199079990386963
v 0.7444000244140625 0.0013083999510854483 -3.199079990386963
v 0.7721569538116455 0.0013090011198073626 -3.3663461208343506
v 0.7721569538116455 0.0013090011198073626 -3.3663461208343506
v 0.7721564173698425 0.03094211034476757 -3.366342782974243
v 0.7444000244140625 0.029876399785280228 -3.199079990386963
v 0.7725819945335388 0.02987629920244217 -3.1944100856781006
v 0.8013895153999329 0.030942006036639214 -3.361495018005371
v 0.8013901114463806 0.001308928825892508 -3.3614983558654785
v 0.8013901114463806 0.001308928825892508 -3.3614983558654785
v 0.7725819945335388 0.0013083199737593532 -3.1944100856781006
v 0.7725819945335388 0.02987629920244217 -3.1944100856781006
v 1.0384999513626099 -1.0081599950790405 -3.1798698902130127
v 1.0372899770736694 -1.0360699892044067 -3.1739399433135986
v 1.0094200372695923 -1.0362099409103394 -3.180229902267456
v 1.0094200372695923 -1.0362099409103394 -3.180229902267456
v 1.0106300115585327 -1.0082900524139404 -3.1861701011657715
v 1.0384999513626099 -1.0081599950790405 -3.1798698902130127
v 1.0477263927459717 -1.016948938369751 -3.2193496227264404
v 1.0465067625045776 -1.0451152324676514 -3.2133641242980957
v 1.0183840990066528 -1.045255184173584 -3.219712257385254
v 1.0183840990066528 -1.045255184173584 -3.219712257385254
v 1.019603967666626 -1.0170811414718628 -3.2257072925567627
v 1.0477263927459717 -1.016948938369751 -3.2193496227264404
v 1.0477263927459717 -1.016948938369751 -3.2193496227264404
v 1.0465067625045776 -1.0451152324676514 -3.2133641242980957
v 1.0372899770736694 -1.0360699892044067 -3.1739399433135986
v 1.0372899770736694 -1.0360699892044067 -3.1739399433135986
v 1.0384999513626099 -1.0081599950790405 -3.1798698902130127
v 1.0477263927459717 -1.016948938369751 -3.2193496227264404
v 1.019603967666626 -1.0170811414718628 -3.2257072925567627
v 1.0183840990066528 -1.045255184173584 -3.219712257385254
v 1.0094200372695923 -1.0362099409103394 -3.180229902267456
v 1.0094200372695923 -1.0362099409103394 -3.180229902267456
v 1.0106300115585327 -1.0082900524139404 -3.1861701011657715
v 1.019603967666626 -1.0170811414718628 -3.2257072925567627
v 1.0384999513626099 -1.0081599950790405 -3.1798698902130127
v 1.0106300115585327 -1.0082900524139404 -3.1861701011657715
v 1.019603967666626 -1.0170811414718628 -3.2257072925567627
v 1.019603967666626 -1.0170811414718628 -3.2257072925567627
v 1.0477263927459717 -1.016948938369751 -3.2193496227264404
v 1.0384999513626099 -1.0081599950790405 -3.1798698902130127
v 1.0372899770736694 -1.0360699892044067 -3.1739399433135986
v 1.0465067625045776 -1.0451152324676514 -3.2133641242980957
v 1.0183840990066528 -1.045255184173584 -3.219712257385254
v 1.0183840990066528 -1.045255184173584 -3.219712257385254
v 1.0094200372695923 -1.0362099409103394 -3.180229902267456
v 1.0372899770736694 -1.0360699892044067 -3.1739399433135986
v 1.2848700284957886 -0.11780499666929245 -3.1900200843811035
v 1.2846699953079224 -0.1463640034198761 -3.1893301010131836
v 1.2571699619293213 -0.1463640034198761 -3.1970601081848145
v 1.2571699619293213 -0.1463640034198761 -3.1970601081848145
v 1.2573699951171875 -0.11780499666929245 -3.1977500915527344
v 1.2848700284957886 -0.11780499666929245 -3.1900200843811035
v 1.2960281372070312 -0.11881804466247559 -3.228733539581299
v 1.2958264350891113 -0.14763003587722778 -3.228036642074585
v 1.2680822610855103 -0.147629976272583 -3.2358362674713135
v 1.2680822610855103 -0.147629976272583 -3.2358362674713135
v 1.2682827711105347 -0.11881805211305618 -3.2365336418151855
v 1.2960281372070312 -0.11881804466247559 -3.228733539581299
v 1.2960281372070312 -0.11881804466247559 -3.228733539581299
v 1.2958264350891113 -0.14763003587722778 -3.228036642074585
v 1.2846699953079224 -0.1463640034198761 -3.1893301010131836
v 1.2846699953079224 -0.1463640034198761 -3.1893301010131836
v 1.2848700284957886 -0.11780499666929245 -3.1900200843811035
v 1.2960281372070312 -0.11881804466247559 -3.228733539581299
v 1.2682827711105347 -0.11881805211305618 -3.2365336418151855
v 1.2680822610855103 -0.147629976272583 -3.2358362674713135
v 1.2571699619293213 -0.1463640034198761 -3.1970601081848145
v 1.2571699619293213 -0.1463640034198761 -3.1970601081848145
v 1.2573699951171875 -0.11780499666929245 -3.1977500915527344
v 1.2682827711105347 -0.11881805211305618 -3.2365336418151855
v 1.2848700284957886 -0.11780499666929245 -3.1900200843811035
v 1.2573699951171875 -0.11780499666929245 -3.1977500915527344
v 1.2682827711105347 -0.11881805211305618 -3.2365336418151855
v 1.2682827711105347 -0.11881805211305618 -3.2365336418151855
v 1.2960281372070312 -0.11881804466247559 -3.228733539581299
v 1.2848700284957886 -0.11780499666929245 -3.1900200843811035
v 1.2846699953079224 -0.1463640034198761 -3.1893301010131836
v 1.2958264350891113 -0.14763003587722778 -3.228036642074585
v 1.2680822610855103 -0.147629976272583 -3.2358362674713135
v 1.2680822610855103 -0.147629976272583 -3.2358362674713135
v 1.2571699619293213 -0.1463640034198761 -3.1970601081848145
v 1.2846699953079224 -0.1463640034198761 -3.1893301010131836
v 1.3422000408172607 -0.1486469954252243 -3.1789700984954834
v 1.3419699668884277 -0.17720100283622742 -3.178109884262085
v 1.3145699501037598 -0.17722399532794952 -3.186189889907837
v 1.3145699501037598 -0.17722399532794952 -3.186189889907837
v 1.3148000240325928 -0.1486700028181076 -3.1870601177215576
v 1.3422000408172607 -0.1486469954252243 -3.1789700984954834
v 1.353878140449524 -0.14991624653339386 -3.21765398979187
v 1.353645920753479 -0.17872416973114014 -3.216785430908203
v 1.3260035514831543 -0.17874719202518463 -3.224937915802002
v 1.3260035514831543 -0.17874719202518463 -3.224937915802002
v 1.3262357711791992 -0.14993946254253387 -3.225816249847412
v 1.353878140449524 -0.14991624653339386 -3.21765398979187
v 1.353878140449524 -0.14991624653339386 -3.21765398979187
v 1.353645920753479 -0.17872416973114014 -3.216785430908203
v 1.3419699668884277 -0.17720100283622742 -3.178109884262085
v 1.3419699668884277 -0.17720100283622742 -3.178109884262085
v 1.3422000408172607 -0.1486469954252243 -3.1789700984954834
v 1.353878140449524 -0.14991624653339386 -3.21765398979187
v 1.3262357711791992 -0.14993946254253387 -3.225816249847412
v 1.3260035514831543 -0.17874719202518463 -3.224937915802002
v 1.3145699501037598 -0.17722399532794952 -3.186189889907837
v 1.3145699501037598 -0.17722399532794952 -3.186189889907837
v 1.3148000240325928 -0.1486700028181076 -3.1870601177215576
v 1.3262357711791992 -0.14993946254253387 -3.225816249847412
v 1.3422000408172607 -0.1486469954252243 -3.1789700984954834
v 1.3148000240325928 -0.1486700028181076 -3.1870601177215576
v 1.3262357711791992 -0.14993946254253387 -3.225816249847412
v 1.3262357711791992 -0.14993946254253387 -3.225816249847412
v 1.353878140449524 -0.14991624653339386 -3.21765398979187
v 1.3422000408172607 -0.1486469954252243 -3.1789700984954834
v 1.3419699668884277 -0.17720100283622742 -3.178109884262085
v 1.353645920753479 -0.17872416973114014 -3.216785430908203
v 1.3260035514831543 -0.17874719202518463 -3.224937915802002
v 1.3260035514831543 -0.17874719202518463 -3.224937915802002
v 1.3145699501037598 -0.17722399532794952 -3.186189889907837
v 1.3419699668884277 -0.17720100283622742 -3.178109884262085
v -1.0410200357437134 -0.5934140086174011 3.1924400329589844
v -1.0403200387954712 -0.6217569708824158 3.188930034637451
v -1.0124499797821045 -0.6218469738960266 3.195230007171631
v -1.0124499797821045 -0.6218469738960266 3.195230007171631
v -1.013159990310669 -0.593504011631012 3.198740005493164
v -1.0410200357437134 -0.5934140086174011 3.1924400329589844
v -1.0521571636199951 -0.5996081233024597 3.2402210235595703
v -1.051448106765747 -0.6282591819763184 3.2366721630096436
v -1.0232772827148438 -0.6283503174781799 3.2430410385131836
v -1.0232772827148438 -0.6283503174781799 3.2430410385131836
v -1.0239920616149902 -0.5996993780136108 3.2465908527374268
v -1.0521571636199951 -0.5996081233024597 3.2402210235595703
v -1.0521571636199951 -0.5996081233024597 3.2402210235595703
v -1.051448106765747 -0.6282591819763184 3.2366721630096436
v -1.0403200387954712 -0.6217569708824158 3.188930034637451
v -1.0403200387954712 -0.6217569708824158 3.188930034637451
v -1.0410200357437134 -0.5934140086174011 3.1924400329589844
v -1.0521571636199951 -0.5996081233024597 3.2402210235595703
v -1.0239920616149902 -0.5996993780136108 3.2465908527374268
v -1.0232772827148438 -0.6283503174781799 3.2430410385131836
v -1.0124499797821045 -0.6218469738960266 3.195230007171631
v -1.0124499797821045 -0.6218469738960266 3.195230007171631
v -1.013159990310669 -0.593504011631012 3.198740005493164
v -1.0239920616149902 -0.5996993780136108 3.2465908527374268
v -1.0410200357437134 -0.5934140086174011 3.1924400329589844
v -1.013159990310669 -0.593504011631012 3.198740005493164
v -1.0239920616149902 -0.5996993780136108 3.2465908527374268
v -1.0239920616149902 -0.5996993780136108 3.2465908527374268
v -1.0521571636199951 -0.5996081233024597 3.2402210235595703
v -1.0410200357437134 -0.5934140086174011 3.1924400329589844
v -1.0403200387954712 -0.6217569708824158 3.188930034637451
v -1.051448106765747 -0.6282591819763184 3.2366721630096436
v -1.0232772827148438 -0.6283503174781799 3.2430410385131836
v -1.0232772827148438 -0.6283503174781799 3.2430410385131836
v -1.0124499797821045 -0.6218469738960266 3.195230007171631
v -1.0403200387954712 -0.6217569708824158 3.188930034637451
v -1.0382200479507446 -0.3835430145263672 3.178260087966919
v -1.037750005722046 -0.41201600432395935 3.1759800910949707
v -1.0098799467086792 -0.41206100583076477 3.182270050048828
v -1.0098799467086792 -0.41206100583076477 3.182270050048828
v -1.010349988937378 -0.3835879862308502 3.1845600605010986
v -1.0382200479507446 -0.3835430145263672 3.178260087966919
v -1.050613284111023 -0.38801637291908264 3.2315027713775635
v -1.050137996673584 -0.4168325662612915 3.229194164276123
v -1.0219337940216064 -0.41687801480293274 3.235560894012451
v -1.0219337940216064 -0.41687801480293274 3.235560894012451
v -1.0224095582962036 -0.3880620300769806 3.2378792762756348
v -1.050613284111023 -0.38801637291908264 3.2315027713775635
v -1.050613284111023 -0.38801637291908264 3.2315027713775635
v -1.050137996673584 -0.4168325662612915 3.229194164276123
v -1.037750005722046 -0.41201600432395935 3.1759800910949707
v -1.037750005722046 -0.41201600432395935 3.1759800910949707
v -1.0382200479507446 -0.3835430145263672 3.178260087966919
v -1.050613284111023 -0.38801637291908264 3.2315027713775635
v -1.0224095582962036 -0.3880620300769806 3.2378792762756348
v -1.0219337940216064 -0.41687801480293274 3.235560894012451
v -1.0098799467086792 -0.41206100583076477 3.182270050048828
v -1.0098799467086792 -0.41206100583076477 3.182270050048828
v -1.010349988937378 -0.3835879862308502 3.1845600605010986
v -1.0224095582962036 -0.3880620300769806 3.2378792762756348
v -1.0382200479507446 -0.3835430145263672 3.178260087966919
v -1.010349988937378 -0.3835879862308502 3.1845600605010986
v -1.0224095582962036 -0.3880620300769806 3.2378792762756348
v -1.0224095582962036 -0.3880620300769806 3.2378792762756348
v -1.050613284111023 -0.38801637291908264 3.2315027713775635
v -1.0382200479507446 -0.3835430145263672 3.178260087966919
v -1.037750005722046 -0.41201600432395935 3.1759800910949707
v -1.050137996673584 -0.4168325662612915 3.229194164276123
v -1.0219337940216064 -0.41687801480293274 3.235560894012451
v -1.0219337940216064 -0.41687801480293274 3.235560894012451
v -1.0098799467086792 -0.41206100583076477 3.182270050048828
v -1.037750005722046 -0.41201600432395935 3.1759800910949707
v -0.923803985118866 0.29363200068473816 3.197390079498291
v -0.9517830014228821 0.29362601041793823 3.191620111465454
v -0.9521039724349976 0.2651039958000183 3.19320011138916
v -0.9521039724349976 0.2651039958000183 3.19320011138916
v -0.9241250157356262 0.26510998606681824 3.198970079421997
v -0.923803985118866 0.29363200068473816 3.197390079498291
v -0.9566103219985962 0.3038467466831207 3.356400966644287
v -0.9855892658233643 0.3038405776023865 3.35042142868042
v -0.9859215617179871 0.27429819107055664 3.3520612716674805
v -0.9859215617179871 0.27429819107055664 3.3520612716674805
v -0.956942617893219 0.2743043303489685 3.3580408096313477
v -0.9566103219985962 0.3038467466831207 3.356400966644287
v -0.9566103219985962 0.3038467466831207 3.356400966644287
v -0.9855892658233643 0.3038405776023865 3.35042142868042
v -0.9517830014228821 0.29362601041793823 3.191620111465454
v -0.9517830014228821 0.29362601041793823 3.191620111465454
v -0.923803985118866 0.29363200068473816 3.197390079498291
v -0.9566103219985962 0.3038467466831207 3.356400966644287
v -0.956942617893219 0.2743043303489685 3.3580408096313477
v -0.9859215617179871 0.27429819107055664 3.3520612716674805
v -0.9521039724349976 0.2651039958000183 3.19320011138916
v -0.9521039724349976 0.2651039958000183 3.19320011138916
v -0.9241250157356262 0.26510998606681824 3.198970079421997
v -0.956942617893219 0.2743043303489685 3.3580408096313477
v -0.923803985118866 0.29363200068473816 3.197390079498291
v -0.9241250157356262 0.26510998606681824 3.198970079421997
v -0.956942617893219 0.2743043303489685 3.3580408096313477
v -0.956942617893219 0.2743043303489685 3.3580408096313477
v -0.9566103219985962 0.3038467466831207 3.356400966644287
v -0.923803985118866 0.29363200068473816 3.197390079498291
v -0.9517830014228821 0.29362601041793823 3.191620111465454
v -0.9855892658233643 0.3038405776023865 3.35042142868042
v -0.9859215617179871 0.27429819107055664 3.3520612716674805
v -0.9859215617179871 0.27429819107055664 3.3520612716674805
v -0.9521039724349976 0.2651039958000183 3.19320011138916
v -0.9517830014228821 0.29362601041793823 3.191620111465454
v -0.8598729968070984 0.3830049932003021 3.1833600997924805
v -0.8879290223121643 0.3829599916934967 3.1779799461364746
v -0.8882899880409241 0.3544729948043823 3.1800999641418457
v -0.8882899880409241 0.3544729948043823 3.1800999641418457
v -0.8602340221405029 0.35451799631118774 3.1854801177978516
v -0.8598729968070984 0.3830049932003021 3.1833600997924805
v -0.8708797693252563 0.3877815902233124 3.2406790256500244
v -0.899296760559082 0.3877359628677368 3.2352287769317627
v -0.8996629118919373 0.3588823080062866 3.237377166748047
v -0.8996629118919373 0.3588823080062866 3.237377166748047
v -0.8712456822395325 0.3589279353618622 3.2428276538848877
v -0.8708797693252563 0.3877815902233124 3.2406790256500244
v -0.8708797693252563 0.3877815902233124 3.2406790256500244
v -0.899296760559082 0.3877359628677368 3.2352287769317627
v -0.8879290223121643 0.3829599916934967 3.1779799461364746
v -0.8879290223121643 0.3829599916934967 3.1779799461364746
v -0.8598729968070984 0.3830049932003021 3.1833600997924805
v -0.8708797693252563 0.3877815902233124 3.2406790256500244
v -0.8712456822395325 0.3589279353618622 3.2428276538848877
v -0.8996629118919373 0.3588823080062866 3.237377166748047
v -0.8882899880409241 0.3544729948043823 3.1800999641418457
v -0.8882899880409241 0.3544729948043823 3.1800999641418457
v -0.8602340221405029 0.35451799631118774 3.1854801177978516
v -0.8712456822395325 0.3589279353618622 3.2428276538848877
v -0.8598729968070984 0.3830049932003021 3.1833600997924805
v -0.8602340221405029 0.35451799631118774 3.1854801177978516
v -0.8712456822395325 0.3589279353618622 3.2428276538848877
v -0.8712456822395325 0.3589279353618622 3.2428276538848877
v -0.8708797693252563 0.3877815902233124 3.2406790256500244
v -0.8598729968070984 0.3830049932003021 3.1833600997924805
v -0.8879290223121643 0.3829599916934967 3.1779799461364746
v -0.899296760559082 0.3877359628677368 3.2352287769317627
v -0.8996629118919373 0.3588823080062866 3.237377166748047
v -0.8996629118919373 0.3588823080062866 3.237377166748047
v -0.8882899880409241 0.3544729948043823 3.1800999641418457
v -0.8879290223121643 0.3829599916934967 3.1779799461364746
v -0.6521859765052795 0.0589945986866951 3.1866300106048584
v -0.6804569959640503 0.0589945986866951 3.1825199127197266
v -0.6804829835891724 0.030427200719714165 3.1826999187469482
v -0.6804829835891724 0.030427200719714165 3.1826999187469482
v -0.6522120237350464 0.030427200719714165 3.18681001663208
v -0.6521859765052795 0.0589945986866951 3.1866300106048584
v -0.6589924693107605 0.0595894530415535 3.2334635257720947
v -0.6875573396682739 0.05958939716219902 3.2293100357055664
v -0.6875839829444885 0.030724722892045975 3.229492664337158
v -0.6875839829444885 0.030724722892045975 3.229492664337158
v -0.6590187549591064 0.030724748969078064 3.2336463928222656
v -0.6589924693107605 0.0595894530415535 3.2334635257720947
v -0.6589924693107605 0.0595894530415535 3.2334635257720947
v -0.6875573396682739 0.05958939716219902 3.2293100357055664
v -0.6804569959640503 0.0589945986866951 3.1825199127197266
v -0.6804569959640503 0.0589945986866951 3.1825199127197266
v -0.6521859765052795 0.0589945986866951 3.1866300106048584
v -0.6589924693107605 0.0595894530415535 3.2334635257720947
v -0.6590187549591064 0.030724748969078064 3.2336463928222656
v -0.6875839829444885 0.030724722892045975 3.229492664337158
v -0.6804829835891724 0.030427200719714165 3.1826999187469482
v -0.6804829835891724 0.030427200719714165 3.1826999187469482
v -0.6522120237350464 0.030427200719714165 3.18681001663208
v -0.6590187549591064 0.030724748969078064 3.2336463928222656
v -0.6521859765052795 0.0589945986866951 3.1866300106048584
v -0.6522120237350464 0.030427200719714165 3.18681001663208
v -0.6590187549591064 0.030724748969078064 3.2336463928222656
v -0.6590187549591064 0.030724748969078064 3.2336463928222656
v -0.6589924693107605 0.0595894530415535 3.2334635257720947
v -0.6521859765052795 0.0589945986866951 3.1866300106048584
v -0.6804569959640503 0.0589945986866951 3.1825199127197266
v -0.6875573396682739 0.05958939716219902 3.2293100357055664
v -0.6875839829444885 0.030724722892045975 3.229492664337158
v -0.6875839829444885 0.030724722892045975 3.229492664337158
v -0.6804829835891724 0.030427200719714165 3.1826999187469482
v -0.6804569959640503 0.0589945986866951 3.1825199127197266
v -0.6233149766921997 0.0589945986866951 3.1904399394989014
v -0.6516109704971313 0.0589945986866951 3.1865100860595703
v -0.6516349911689758 0.030427200719714165 3.186690092086792
v -0.6516349911689758 0.030427200719714165 3.186690092086792
v -0.6233389973640442 0.030427200719714165 3.190619945526123
v -0.6233149766921997 0.0589945986866951 3.1904399394989014
v -0.6444369554519653 0.06092410907149315 3.3424923419952393
v -0.6736887693405151 0.06092408671975136 3.3384265899658203
v -0.6737144589424133 0.031392306089401245 3.3386154174804688
v -0.6737144589424133 0.031392306089401245 3.3386154174804688
v -0.6444635987281799 0.03139239549636841 3.3426811695098877
v -0.6444369554519653 0.06092410907149315 3.3424923419952393
v -0.6444369554519653 0.06092410907149315 3.3424923419952393
v -0.6736887693405151 0.06092408671975136 3.3384265899658203
v -0.6516109704971313 0.0589945986866951 3.1865100860595703
v -0.6516109704971313 0.0589945986866951 3.1865100860595703
v -0.6233149766921997 0.0589945986866951 3.1904399394989014
v -0.6444369554519653 0.06092410907149315 3.3424923419952393
v -0.6444635987281799 0.03139239549636841 3.3426811695098877
v -0.6737144589424133 0.031392306089401245 3.3386154174804688
v -0.6516349911689758 0.030427200719714165 3.186690092086792
v -0.6516349911689758 0.030427200719714165 3.186690092086792
v -0.6233389973640442 0.030427200719714165 3.190619945526123
v -0.6444635987281799 0.03139239549636841 3.3426811695098877
v -0.6233149766921997 0.0589945986866951 3.1904399394989014
v -0.6233389973640442 0.030427200719714165 3.190619945526123
v -0.6444635987281799 0.03139239549636841 3.3426811695098877
v -0.6444635987281799 0.03139239549636841 3.3426811695098877
v -0.6444369554519653 0.06092410907149315 3.3424923419952393
v -0.6233149766921997 0.0589945986866951 3.1904399394989014
v -0.6516109704971313 0.0589945986866951 3.1865100860595703
v -0.6736887693405151 0.06092408671975136 3.3384265899658203
v -0.6737144589424133 0.031392306089401245 3.3386154174804688
v -0.6737144589424133 0.031392306089401245 3.3386154174804688
v -0.6516349911689758 0.030427200719714165 3.186690092086792
v -0.6516109704971313 0.0589945986866951 3.1865100860595703
v -0.5627639889717102 0.6218469738960266 3.192770004272461
v -0.5911120176315308 0.6217569708824158 3.189239978790283
v -0.591467022895813 0.5934140086174011 3.1928000450134277
v -0.591467022895813 0.5934140086174011 3.1928000450134277
v -0.5631189942359924 0.593504011631012 3.1963400840759277
v -0.5627639889717102 0.6218469738960266 3.192770004272461
v -0.5681611895561218 0.6276096701622009 3.235873222351074
v -0.596782386302948 0.6275190114974976 3.2323081493377686
v -0.5971409678459167 0.5989031195640564 3.235903263092041
v -0.5971409678459167 0.5989031195640564 3.235903263092041
v -0.5685200095176697 0.5989940166473389 3.239478349685669
v -0.5681611895561218 0.6276096701622009 3.235873222351074
v -0.5681611895561218 0.6276096701622009 3.235873222351074
v -0.596782386302948 0.6275190114974976 3.2323081493377686
v -0.5911120176315308 0.6217569708824158 3.189239978790283
v -0.5911120176315308 0.6217569708824158 3.189239978790283
v -0.5627639889717102 0.6218469738960266 3.192770004272461
v -0.5681611895561218 0.6276096701622009 3.235873222351074
v -0.5685200095176697 0.5989940166473389 3.239478349685669
v -0.5971409678459167 0.5989031195640564 3.235903263092041
v -0.591467022895813 0.5934140086174011 3.1928000450134277
v -0.591467022895813 0.5934140086174011 3.1928000450134277
v -0.5631189942359924 0.593504011631012 3.1963400840759277
v -0.5685200095176697 0.5989940166473389 3.239478349685669
v -0.5627639889717102 0.6218469738960266 3.192770004272461
v -0.5631189942359924 0.593504011631012 3.1963400840759277
v -0.5685200095176697 0.5989940166473389 3.239478349685669
v -0.5685200095176697 0.5989940166473389 3.239478349685669
v -0.5681611895561218 0.6276096701622009 3.235873222351074
v -0.5627639889717102 0.6218469738960266 3.192770004272461
v -0.5911120176315308 0.6217569708824158 3.189239978790283
v -0.596782386302948 0.6275190114974976 3.2323081493377686
v -0.5971409678459167 0.5989031195640564 3.235903263092041
v -0.5971409678459167 0.5989031195640564 3.235903263092041
v -0.591467022895813 0.5934140086174011 3.1928000450134277
v -0.5911120176315308 0.6217569708824158 3.189239978790283
v -0.5623859763145447 0.6507139801979065 3.1889801025390625
v -0.5907340049743652 0.6506239771842957 3.1854400634765625
v -0.5911099910736084 0.6223040223121643 3.1891798973083496
v -0.5911099910736084 0.6223040223121643 3.1891798973083496
v -0.562762975692749 0.6223940253257751 3.1927099227905273
v -0.5623859763145447 0.6507139801979065 3.1889801025390625
v -0.5699694752693176 0.6592003107070923 3.2495293617248535
v -0.5987011790275574 0.6591089963912964 3.2459402084350586
v -0.5990827083587646 0.6304055452346802 3.24973201751709
v -0.5990827083587646 0.6304055452346802 3.24973201751709
v -0.5703513026237488 0.6304965019226074 3.2533113956451416
v -0.5699694752693176 0.6592003107070923 3.2495293617248535
v -0.5699694752693176 0.6592003107070923 3.2495293617248535
v -0.5987011790275574 0.6591089963912964 3.2459402084350586
v -0.5907340049743652 0.6506239771842957 3.1854400634765625
v -0.5907340049743652 0.6506239771842957 3.1854400634765625
v -0.5623859763145447 0.6507139801979065 3.1889801025390625
v -0.5699694752693176 0.6592003107070923 3.2495293617248535
v -0.5703513026237488 0.6304965019226074 3.2533113956451416
v -0.5990827083587646 0.6304055452346802 3.24973201751709
v -0.5911099910736084 0.6223040223121643 3.1891798973083496
v -0.5911099910736084 0.6223040223121643 3.1891798973083496
v -0.562762975692749 0.6223940253257751 3.1927099227905273
v -0.5703513026237488 0.6304965019226074 3.2533113956451416
v -0.5623859763145447 0.6507139801979065 3.1889801025390625
v -0.562762975692749 0.6223940253257751 3.1927099227905273
v -0.5703513026237488 0.6304965019226074 3.2533113956451416
v -0.5703513026237488 0.6304965019226074 3.2533113956451416
v -0.5699694752693176 0.6592003107070923 3.2495293617248535
v -0.5623859763145447 0.6507139801979065 3.1889801025390625
v -0.5907340049743652 0.6506239771842957 3.1854400634765625
v -0.5987011790275574 0.6591089963912964 3.2459402084350586
v -0.5990827083587646 0.6304055452346802 3.24973201751709
v -0.5990827083587646 0.6304055452346802 3.24973201751709
v -0.5911099910736084 0.6223040223121643 3.1891798973083496
v -0.5907340049743652 0.6506239771842957 3.1854400634765625
v -0.5617730021476746 1.0076199769973755 3.1831300258636475
v -0.5901209712028503 1.0074900388717651 3.1795899868011475
v -0.5907179713249207 0.9795339703559875 3.1854400634765625
v -0.5907179713249207 0.9795339703559875 3.1854400634765625
v -0.5623700022697449 0.9796689748764038 3.1889801025390625
v -0.5617730021476746 1.0076199769973755 3.1831300258636475
v -0.5671873092651367 1.0170307159423828 3.2261812686920166
v -0.5958118438720703 1.0168980360031128 3.2226061820983887
v -0.5964146852493286 0.9886690974235535 3.2285141944885254
v -0.5964146852493286 0.9886690974235535 3.2285141944885254
v -0.567790150642395 0.98880535364151 3.2320897579193115
v -0.5671873092651367 1.0170307159423828 3.2261812686920166
v -0.5671873092651367 1.0170307159423828 3.2261812686920166
v -0.5958118438720703 1.0168980360031128 3.2226061820983887
v -0.5901209712028503 1.0074900388717651 3.1795899868011475
v -0.5901209712028503 1.0074900388717651 3.1795899868011475
v -0.5617730021476746 1.0076199769973755 3.1831300258636475
v -0.5671873092651367 1.0170307159423828 3.2261812686920166
v -0.567790150642395 0.98880535364151 3.2320897579193115
v -0.5964146852493286 0.9886690974235535 3.2285141944885254
v -0.5907179713249207 0.9795339703559875 3.1854400634765625
v -0.5907179713249207 0.9795339703559875 3.1854400634765625
v -0.5623700022697449 0.9796689748764038 3.1889801025390625
v -0.567790150642395 0.98880535364151 3.2320897579193115
v -0.5617730021476746 1.0076199769973755 3.1831300258636475
v -0.5623700022697449 0.9796689748764038 3.1889801025390625
v -0.567790150642395 0.98880535364151 3.2320897579193115
v -0.567790150642395 0.98880535364151 3.2320897579193115
v -0.5671873092651367 1.0170307159423828 3.2261812686920166
v -0.5617730021476746 1.0076199769973755 3.1831300258636475
v -0.5901209712028503 1.0074900388717651 3.1795899868011475
v -0.5958118438720703 1.0168980360031128 3.2226061820983887
v -0.5964146852493286 0.9886690974235535 3.2285141944885254
v -0.5964146852493286 0.9886690974235535 3.2285141944885254
v -0.5907179713249207 0.9795339703559875 3.1854400634765625
v -0.5901209712028503 1.0074900388717651 3.1795899868011475
v -0.5327190160751343 0.17722299695014954 3.1847898960113525
v -0.5610880255699158 0.17720599472522736 3.1814301013946533
v -0.5611770153045654 0.14865200221538544 3.1823298931121826
v -0.5611770153045654 0.14865200221538544 3.1823298931121826
v -0.5328080058097839 0.14866900444030762 3.185689926147461
v -0.5327190160751343 0.17722299695014954 3.1847898960113525
v -0.5482455492019653 0.18219883739948273 3.3158304691314697
v -0.5774381160736084 0.18218109011650085 3.3123703002929688
v -0.5775300860404968 0.1527983397245407 3.3132987022399902
v -0.5775300860404968 0.1527983397245407 3.3132987022399902
v -0.548337459564209 0.1528160721063614 3.316758871078491
v -0.5482455492019653 0.18219883739948273 3.3158304691314697
v -0.5482455492019653 0.18219883739948273 3.3158304691314697
v -0.5774381160736084 0.18218109011650085 3.3123703002929688
v -0.5610880255699158 0.17720599472522736 3.1814301013946533
v -0.5610880255699158 0.17720599472522736 3.1814301013946533
v -0.5327190160751343 0.17722299695014954 3.1847898960113525
v -0.5482455492019653 0.18219883739948273 3.3158304691314697
v -0.548337459564209 0.1528160721063614 3.316758871078491
v -0.5775300860404968 0.1527983397245407 3.3132987022399902
v -0.5611770153045654 0.14865200221538544 3.1823298931121826
v -0.5611770153045654 0.14865200221538544 3.1823298931121826
v -0.5328080058097839 0.14866900444030762 3.185689926147461
v -0.548337459564209 0.1528160721063614 3.316758871078491
v -0.5327190160751343 0.17722299695014954 3.1847898960113525
v -0.5328080058097839 0.14866900444030762 3.185689926147461
v -0.548337459564209 0.1528160721063614 3.316758871078491
v -0.548337459564209 0.1528160721063614 3.316758871078491
v -0.5482455492019653 0.18219883739948273 3.3158304691314697
v -0.5327190160751343 0.17722299695014954 3.1847898960113525
v -0.5610880255699158 0.17720599472522736 3.1814301013946533
v -0.5774381160736084 0.18218109011650085 3.3123703002929688
v -0.5775300860404968 0.1527983397245407 3.3132987022399902
v -0.5775300860404968 0.1527983397245407 3.3132987022399902
v -0.5611770153045654 0.14865200221538544 3.1823298931121826
v -0.5610880255699158 0.17720599472522736 3.1814301013946533
v -0.5317720174789429 -0.05954889953136444 3.180850028991699
v -0.5317320227622986 -0.08811459690332413 3.180500030517578
v -0.5033419728279114 -0.08811459690332413 3.1836800575256348
v -0.5033419728279114 -0.08811459690332413 3.1836800575256348
v -0.5033820271492004 -0.05954889953136444 3.184030055999756
v -0.5317720174789429 -0.05954889953136444 3.180850028991699
v -0.5420830249786377 -0.060650769621133804 3.2678983211517334
v -0.5420421361923218 -0.08976709842681885 3.2675397396087646
v -0.5131054520606995 -0.08976715803146362 3.270782709121704
v -0.5131054520606995 -0.08976715803146362 3.270782709121704
v -0.5131458640098572 -0.06065076217055321 3.271141290664673
v -0.5420830249786377 -0.060650769621133804 3.2678983211517334
v -0.5420830249786377 -0.060650769621133804 3.2678983211517334
v -0.5420421361923218 -0.08976709842681885 3.2675397396087646
v -0.5317320227622986 -0.08811459690332413 3.180500030517578
v -0.5317320227622986 -0.08811459690332413 3.180500030517578
v -0.5317720174789429 -0.05954889953136444 3.180850028991699
v -0.5420830249786377 -0.060650769621133804 3.2678983211517334
v -0.5131458640098572 -0.06065076217055321 3.271141290664673
v -0.5131054520606995 -0.08976715803146362 3.270782709121704
v -0.5033419728279114 -0.08811459690332413 3.1836800575256348
v -0.5033419728279114 -0.08811459690332413 3.1836800575256348
v -0.5033820271492004 -0.05954889953136444 3.184030055999756
v -0.5131458640098572 -0.06065076217055321 3.271141290664673
v -0.5317720174789429 -0.05954889953136444 3.180850028991699
v -0.5033820271492004 -0.05954889953136444 3.184030055999756
v -0.5131458640098572 -0.06065076217055321 3.271141290664673
v -0.5131458640098572 -0.06065076217055321 3.271141290664673
v -0.5420830249786377 -0.060650769621133804 3.2678983211517334
v -0.5317720174789429 -0.05954889953136444 3.180850028991699
v -0.5317320227622986 -0.08811459690332413 3.180500030517578
v -0.5420421361923218 -0.08976709842681885 3.2675397396087646
v -0.5131054520606995 -0.08976715803146362 3.270782709121704
v -0.5131054520606995 -0.08976715803146362 3.270782709121704
v -0.5033419728279114 -0.08811459690332413 3.1836800575256348
v -0.5317320227622986 -0.08811459690332413 3.180500030517578
v -0.5317680239677429 -0.030427200719714165 3.180840015411377
v -0.5317479968070984 -0.0589945986866951 3.1806600093841553
v -0.503358006477356 -0.0589945986866951 3.183840036392212
v -0.503358006477356 -0.0589945986866951 3.183840036392212
v -0.5033779740333557 -0.030427200719714165 3.1840200424194336
v -0.5317680239677429 -0.030427200719714165 3.180840015411377
v -0.5385231375694275 -0.030788201838731766 3.2378666400909424
v -0.5385027527809143 -0.05971633270382881 3.2376832962036133
v -0.5097540616989136 -0.059716351330280304 3.2409045696258545
v -0.5097540616989136 -0.059716351330280304 3.2409045696258545
v -0.5097747445106506 -0.0307882409542799 3.2410879135131836
v -0.5385231375694275 -0.030788201838731766 3.2378666400909424
v -0.5385231375694275 -0.030788201838731766 3.2378666400909424
v -0.5385027527809143 -0.05971633270382881 3.2376832962036133
v -0.5317479968070984 -0.0589945986866951 3.1806600093841553
v -0.5317479968070984 -0.0589945986866951 3.1806600093841553
v -0.5317680239677429 -0.030427200719714165 3.180840015411377
v -0.5385231375694275 -0.030788201838731766 3.2378666400909424
v -0.5097747445106506 -0.0307882409542799 3.2410879135131836
v -0.5097540616989136 -0.059716351330280304 3.2409045696258545
v -0.503358006477356 -0.0589945986866951 3.183840036392212
v -0.503358006477356 -0.0589945986866951 3.183840036392212
v -0.5033779740333557 -0.030427200719714165 3.1840200424194336
v -0.5097747445106506 -0.0307882409542799 3.2410879135131836
v -0.5317680239677429 -0.030427200719714165 3.180840015411377
v -0.5033779740333557 -0.030427200719714165 3.1840200424194336
v -0.5097747445106506 -0.0307882409542799 3.2410879135131836
v -0.5097747445106506 -0.0307882409542799 3.2410879135131836
v -0.5385231375694275 -0.030788201838731766 3.2378666400909424
v -0.5317680239677429 -0.030427200719714165 3.180840015411377
v -0.5317479968070984 -0.0589945986866951 3.1806600093841553
v -0.5385027527809143 -0.05971633270382881 3.2376832962036133
v -0.5097540616989136 -0.059716351330280304 3.2409045696258545
v -0.5097540616989136 -0.059716351330280304 3.2409045696258545
v -0.503358006477356 -0.0589945986866951 3.183840036392212
v -0.5317479968070984 -0.0589945986866951 3.1806600093841553
v -0.5055500268936157 -1.226789951324463 3.21235990524292
v -0.5048249959945679 -1.2544100284576416 3.205120086669922
v -0.4764159917831421 -1.2544599771499634 3.2081298828125
v -0.4764159917831421 -1.2544599771499634 3.2081298828125
v -0.47714099287986755 -1.226830005645752 3.215369939804077
v -0.5055500268936157 -1.226789951324463 3.21235990524292
v -0.5122439861297607 -1.2424800395965576 3.271547555923462
v -0.5115090608596802 -1.2704747915267944 3.2642080783843994
v -0.4827153980731964 -1.2705248594284058 3.2672603130340576
v -0.4827153980731964 -1.2705248594284058 3.2672603130340576
v -0.48345035314559937 -1.2425200939178467 3.27459979057312
v -0.5122439861297607 -1.2424800395965576 3.271547555923462
v -0.5122439861297607 -1.2424800395965576 3.271547555923462
v -0.5115090608596802 -1.2704747915267944 3.2642080783843994
v -0.5048249959945679 -1.2544100284576416 3.205120086669922
v -0.5048249959945679 -1.2544100284576416 3.205120086669922
v -0.5055500268936157 -1.226789951324463 3.21235990524292
v -0.5122439861297607 -1.2424800395965576 3.271547555923462
v -0.48345035314559937 -1.2425200939178467 3.27459979057312
v -0.4827153980731964 -1.2705248594284058 3.2672603130340576
v -0.4764159917831421 -1.2544599771499634 3.2081298828125
v -0.4764159917831421 -1.2544599771499634 3.2081298828125
v -0.47714099287986755 -1.226830005645752 3.215369939804077
v -0.48345035314559937 -1.2425200939178467 3.27459979057312
v -0.5055500268936157 -1.226789951324463 3.21235990524292
v -0.47714099287986755 -1.226830005645752 3.215369939804077
v -0.48345035314559937 -1.2425200939178467 3.27459979057312
v -0.48345035314559937 -1.2425200939178467 3.27459979057312
v -0.5122439861297607 -1.2424800395965576 3.271547555923462
v -0.5055500268936157 -1.226789951324463 3.21235990524292
v -0.5048249959945679 -1.2544100284576416 3.205120086669922
v -0.5115090608596802 -1.2704747915267944 3.2642080783843994
v -0.4827153980731964 -1.2705248594284058 3.2672603130340576
v -0.4827153980731964 -1.2705248594284058 3.2672603130340576
v -0.4764159917831421 -1.2544599771499634 3.2081298828125
v -0.5048249959945679 -1.2544100284576416 3.205120086669922
v -0.5062680244445801 -1.198580026626587 3.219559907913208
v -0.5055609941482544 -1.2262500524520874 3.2124900817871094
v -0.4771530032157898 -1.2263000011444092 3.2155001163482666
v -0.4771530032157898 -1.2263000011444092 3.2155001163482666
v -0.4778589904308319 -1.1986299753189087 3.2225699424743652
v -0.5062680244445801 -1.198580026626587 3.219559907913208
v -0.5169488191604614 -1.2229803800582886 3.314012050628662
v -0.5162263512611389 -1.2512474060058594 3.3067877292633057
v -0.48720505833625793 -1.2512974739074707 3.3098649978637695
v -0.48720505833625793 -1.2512974739074707 3.3098649978637695
v -0.48792698979377747 -1.2230304479599 3.317089319229126
v -0.5169488191604614 -1.2229803800582886 3.314012050628662
v -0.5169488191604614 -1.2229803800582886 3.314012050628662
v -0.5162263512611389 -1.2512474060058594 3.3067877292633057
v -0.5055609941482544 -1.2262500524520874 3.2124900817871094
v -0.5055609941482544 -1.2262500524520874 3.2124900817871094
v -0.5062680244445801 -1.198580026626587 3.219559907913208
v -0.5169488191604614 -1.2229803800582886 3.314012050628662
v -0.48792698979377747 -1.2230304479599 3.317089319229126
v -0.48720505833625793 -1.2512974739074707 3.3098649978637695
v -0.4771530032157898 -1.2263000011444092 3.2155001163482666
v -0.4771530032157898 -1.2263000011444092 3.2155001163482666
v -0.4778589904308319 -1.1986299753189087 3.2225699424743652
v -0.48792698979377747 -1.2230304479599 3.317089319229126
v -0.5062680244445801 -1.198580026626587 3.219559907913208
v -0.4778589904308319 -1.1986299753189087 3.2225699424743652
v -0.48792698979377747 -1.2230304479599 3.317089319229126
v -0.48792698979377747 -1.2230304479599 3.317089319229126
v -0.5169488191604614 -1.2229803800582886 3.314012050628662
v -0.5062680244445801 -1.198580026626587 3.219559907913208
v -0.5055609941482544 -1.2262500524520874 3.2124900817871094
v -0.5162263512611389 -1.2512474060058594 3.3067877292633057
v -0.48720505833625793 -1.2512974739074707 3.3098649978637695
v -0.48720505833625793 -1.2512974739074707 3.3098649978637695
v -0.4771530032157898 -1.2263000011444092 3.2155001163482666
v -0.5055609941482544 -1.2262500524520874 3.2124900817871094
v -0.5033400058746338 -1.1592600345611572 3.190000057220459
v -0.5026469826698303 -1.1869699954986572 3.1830999851226807
v -0.4742389917373657 -1.1870100498199463 3.186110019683838
v -0.4742389917373657 -1.1870100498199463 3.186110019683838
v -0.474931001663208 -1.1592999696731567 3.193010091781616
v -0.5033400058746338 -1.1592600345611572 3.190000057220459
v -0.508802592754364 -1.1714304685592651 3.2383718490600586
v -0.5081018209457397 -1.1994478702545166 3.2313942909240723
v -0.47938022017478943 -1.1994879245758057 3.23443865776062
v -0.47938022017478943 -1.1994879245758057 3.23443865776062
v -0.4800802171230316 -1.1714705228805542 3.2414162158966064
v -0.508802592754364 -1.1714304685592651 3.2383718490600586
v -0.508802592754364 -1.1714304685592651 3.2383718490600586
v -0.5081018209457397 -1.1994478702545166 3.2313942909240723
v -0.5026469826698303 -1.1869699954986572 3.1830999851226807
v -0.5026469826698303 -1.1869699954986572 3.1830999851226807
v -0.5033400058746338 -1.1592600345611572 3.190000057220459
v -0.508802592754364 -1.1714304685592651 3.2383718490600586
v -0.4800802171230316 -1.1714705228805542 3.2414162158966064
v -0.47938022017478943 -1.1994879245758057 3.23443865776062
v -0.4742389917373657 -1.1870100498199463 3.186110019683838
v -0.4742389917373657 -1.1870100498199463 3.186110019683838
v -0.474931001663208 -1.1592999696731567 3.193010091781616
v -0.4800802171230316 -1.1714705228805542 3.2414162158966064
v -0.5033400058746338 -1.1592600345611572 3.190000057220459
v -0.474931001663208 -1.1592999696731567 3.193010091781616
v -0.4800802171230316 -1.1714705228805542 3.2414162158966064
v -0.4800802171230316 -1.1714705228805542 3.2414162158966064
v -0.508802592754364 -1.1714304685592651 3.2383718490600586
v -0.5033400058746338 -1.1592600345611572 3.190000057220459
v -0.5026469826698303 -1.1869699954986572 3.1830999851226807
v -0.5081018209457397 -1.1994478702545166 3.2313942909240723
v -0.47938022017478943 -1.1994879245758057 3.23443865776062
v -0.47938022017478943 -1.1994879245758057 3.23443865776062
v -0.4742389917373657 -1.1870100498199463 3.186110019683838
v -0.5026469826698303 -1.1869699954986572 3.1830999851226807
v -0.5031390190124512 -0.7090610265731812 3.187469959259033
v -0.5027089715003967 -0.7373049855232239 3.183199882507324
v -0.47429999709129333 -0.7373279929161072 3.186199903488159
v -0.47429999709129333 -0.7373279929161072 3.186199903488159
v -0.4747290015220642 -0.7090839743614197 3.190469980239868
v -0.5031390190124512 -0.7090610265731812 3.187469959259033
v -0.5226783752441406 -0.7356417179107666 3.361323356628418
v -0.5222313404083252 -0.7649831175804138 3.3568837642669678
v -0.4927164316177368 -0.7650061249732971 3.3600046634674072
v -0.4927164316177368 -0.7650061249732971 3.3600046634674072
v -0.4931623935699463 -0.7356635332107544 3.3644442558288574
v -0.5226783752441406 -0.7356417179107666 3.361323356628418
v -0.5226783752441406 -0.7356417179107666 3.361323356628418
v -0.5222313404083252 -0.7649831175804138 3.3568837642669678
v -0.5027089715003967 -0.7373049855232239 3.183199882507324
v -0.5027089715003967 -0.7373049855232239 3.183199882507324
v -0.5031390190124512 -0.7090610265731812 3.187469959259033
v -0.5226783752441406 -0.7356417179107666 3.361323356628418
v -0.4931623935699463 -0.7356635332107544 3.3644442558288574
v -0.4927164316177368 -0.7650061249732971 3.3600046634674072
v -0.47429999709129333 -0.7373279929161072 3.186199903488159
v -0.47429999709129333 -0.7373279929161072 3.186199903488159
v -0.4747290015220642 -0.7090839743614197 3.190469980239868
v -0.4931623935699463 -0.7356635332107544 3.3644442558288574
v -0.5031390190124512 -0.7090610265731812 3.187469959259033
v -0.4747290015220642 -0.7090839743614197 3.190469980239868
v -0.4931623935699463 -0.7356635332107544 3.3644442558288574
v -0.4931623935699463 -0.7356635332107544 3.3644442558288574
v -0.5226783752441406 -0.7356417179107666 3.361323356628418
v -0.5031390190124512 -0.7090610265731812 3.187469959259033
v -0.5027089715003967 -0.7373049855232239 3.183199882507324
v -0.5222313404083252 -0.7649831175804138 3.3568837642669678
v -0.4927164316177368 -0.7650061249732971 3.3600046634674072
v -0.4927164316177368 -0.7650061249732971 3.3600046634674072
v -0.47429999709129333 -0.7373279929161072 3.186199903488159
v -0.5027089715003967 -0.7373049855232239 3.183199882507324
v -0.503495991230011 -0.6801559925079346 3.1910600662231445
v -0.5030850172042847 -0.7084259986877441 3.1869699954986572
v -0.4746760129928589 -0.7084490060806274 3.1899800300598145
v -0.4746760129928589 -0.7084490060806274 3.1899800300598145
v -0.4750860035419464 -0.6801779866218567 3.1940701007843018
v -0.503495991230011 -0.6801559925079346 3.1910600662231445
v -0.511214554309845 -0.6902130842208862 3.2597463130950928
v -0.510797381401062 -0.7189172506332397 3.255592107772827
v -0.48195189237594604 -0.718940258026123 3.2586498260498047
v -0.48195189237594604 -0.718940258026123 3.2586498260498047
v -0.4823686182498932 -0.6902356743812561 3.262803792953491
v -0.511214554309845 -0.6902130842208862 3.2597463130950928
v -0.511214554309845 -0.6902130842208862 3.2597463130950928
v -0.510797381401062 -0.7189172506332397 3.255592107772827
v -0.5030850172042847 -0.7084259986877441 3.1869699954986572
v -0.5030850172042847 -0.7084259986877441 3.1869699954986572
v -0.503495991230011 -0.6801559925079346 3.1910600662231445
v -0.511214554309845 -0.6902130842208862 3.2597463130950928
v -0.4823686182498932 -0.6902356743812561 3.262803792953491
v -0.48195189237594604 -0.718940258026123 3.2586498260498047
v -0.4746760129928589 -0.7084490060806274 3.1899800300598145
v -0.4746760129928589 -0.7084490060806274 3.1899800300598145
v -0.4750860035419464 -0.6801779866218567 3.1940701007843018
v -0.4823686182498932 -0.6902356743812561 3.262803792953491
v -0.503495991230011 -0.6801559925079346 3.1910600662231445
v -0.4750860035419464 -0.6801779866218567 3.1940701007843018
v -0.4823686182498932 -0.6902356743812561 3.262803792953491
v -0.4823686182498932 -0.6902356743812561 3.262803792953491
v -0.511214554309845 -0.6902130842208862 3.2597463130950928
v -0.503495991230011 -0.6801559925079346 3.1910600662231445
v -0.5030850172042847 -0.7084259986877441 3.1869699954986572
v -0.510797381401062 -0.7189172506332397 3.255592107772827
v -0.48195189237594604 -0.718940258026123 3.2586498260498047
v -0.48195189237594604 -0.718940258026123 3.2586498260498047
v -0.4746760129928589 -0.7084490060806274 3.1899800300598145
v -0.5030850172042847 -0.7084259986877441 3.1869699954986572
v -0.47659099102020264 -1.226830005645752 3.2154200077056885
v -0.47586700320243835 -1.2544499635696411 3.2081799507141113
v -0.4474410116672516 -1.2544599771499634 3.211019992828369
v -0.4474410116672516 -1.2544599771499634 3.211019992828369
v -0.44816499948501587 -1.226830005645752 3.2182600498199463
v -0.47659099102020264 -1.226830005645752 3.2154200077056885
v -0.5097486972808838 -1.3092865943908691 3.5266919136047363
v -0.5089719891548157 -1.3388898372650146 3.518925428390503
v -0.47852209210395813 -1.3388868570327759 3.5219779014587402
v -0.47852209210395813 -1.3388868570327759 3.5219779014587402
v -0.4792983829975128 -1.3092873096466064 3.529740810394287
v -0.5097486972808838 -1.3092865943908691 3.5266919136047363
v -0.5097486972808838 -1.3092865943908691 3.5266919136047363
v -0.5089719891548157 -1.3388898372650146 3.518925428390503
v -0.47586700320243835 -1.2544499635696411 3.2081799507141113
v -0.47586700320243835 -1.2544499635696411 3.2081799507141113
v -0.47659099102020264 -1.226830005645752 3.2154200077056885
v -0.5097486972808838 -1.3092865943908691 3.5266919136047363
v -0.4792983829975128 -1.3092873096466064 3.529740810394287
v -0.47852209210395813 -1.3388868570327759 3.5219779014587402
v -0.4474410116672516 -1.2544599771499634 3.211019992828369
v -0.4474410116672516 -1.2544599771499634 3.211019992828369
v -0.44816499948501587 -1.226830005645752 3.2182600498199463
v -0.4792983829975128 -1.3092873096466064 3.529740810394287
v -0.47659099102020264 -1.226830005645752 3.2154200077056885
v -0.44816499948501587 -1.226830005645752 3.2182600498199463
v -0.4792983829975128 -1.3092873096466064 3.529740810394287
v -0.4792983829975128 -1.3092873096466064 3.529740810394287
v -0.5097486972808838 -1.3092865943908691 3.5266919136047363
v -0.47659099102020264 -1.226830005645752 3.2154200077056885
v -0.47586700320243835 -1.2544499635696411 3.2081799507141113
v -0.5089719891548157 -1.3388898372650146 3.518925428390503
v -0.47852209210395813 -1.3388868570327759 3.5219779014587402
v -0.47852209210395813 -1.3388868570327759 3.5219779014587402
v -0.4474410116672516 -1.2544599771499634 3.211019992828369
v -0.47586700320243835 -1.2544499635696411 3.2081799507141113
v -0.4773100018501282 -1.1986199617385864 3.2226200103759766
v -0.47660401463508606 -1.226289987564087 3.215549945831299
v -0.4481770098209381 -1.226289987564087 3.2183899879455566
v -0.4481770098209381 -1.226289987564087 3.2183899879455566
v -0.4488840103149414 -1.1986199617385864 3.2254600524902344
v -0.4773100018501282 -1.1986199617385864 3.2226200103759766
v -0.5635499954223633 -1.4076669216156006 4.032251834869385
v -0.5627077221870422 -1.4404507875442505 4.023858547210693
v -0.5290276408195496 -1.4404525756835938 4.027240753173828
v -0.5290276408195496 -1.4404525756835938 4.027240753173828
v -0.5298669934272766 -1.4076688289642334 4.0356340408325195
v -0.5635499954223633 -1.4076669216156006 4.032251834869385
v -0.5635499954223633 -1.4076669216156006 4.032251834869385
v -0.5627077221870422 -1.4404507875442505 4.023858547210693
v -0.47660401463508606 -1.226289987564087 3.215549945831299
v -0.47660401463508606 -1.226289987564087 3.215549945831299
v -0.4773100018501282 -1.1986199617385864 3.2226200103759766
v -0.5635499954223633 -1.4076669216156006 4.032251834869385
v -0.5298669934272766 -1.4076688289642334 4.0356340408325195
v -0.5290276408195496 -1.4404525756835938 4.027240753173828
v -0.4481770098209381 -1.226289987564087 3.2183899879455566
v -0.4481770098209381 -1.226289987564087 3.2183899879455566
v -0.4488840103149414 -1.1986199617385864 3.2254600524902344
v -0.5298669934272766 -1.4076688289642334 4.0356340408325195
v -0.4773100018501282 -1.1986199617385864 3.2226200103759766
v -0.4488840103149414 -1.1986199617385864 3.2254600524902344
v -0.5298669934272766 -1.4076688289642334 4.0356340408325195
v -0.5298669934272766 -1.4076688289642334 4.0356340408325195
v -0.5635499954223633 -1.4076669216156006 4.032251834869385
v -0.4773100018501282 -1.1986199617385864 3.2226200103759766
v -0.47660401463508606 -1.226289987564087 3.215549945831299
v -0.5627077221870422 -1.4404507875442505 4.023858547210693
v -0.5290276408195496 -1.4404525756835938 4.027240753173828
v -0.5290276408195496 -1.4404525756835938 4.027240753173828
v -0.4481770098209381 -1.226289987564087 3.2183899879455566
v -0.47660401463508606 -1.226289987564087 3.215549945831299
v -0.47437798976898193 -1.1592899560928345 3.193049907684326
v -0.473690003156662 -1.1870100498199463 3.186160087585449
v -0.44526299834251404 -1.1870100498199463 3.188999891281128
v -0.44526299834251404 -1.1870100498199463 3.188999891281128
v -0.44595101475715637 -1.1592899560928345 3.195889949798584
v -0.47437798976898193 -1.1592899560928345 3.193049907684326
v -0.5630331635475159 -1.3688814640045166 4.026546001434326
v -0.5622163414955139 -1.4018657207489014 4.0183281898498535
v -0.5283901691436768 -1.401867389678955 4.021724700927734
v -0.5283901691436768 -1.401867389678955 4.021724700927734
v -0.5292108654975891 -1.3688828945159912 4.029942035675049
v -0.5630331635475159 -1.3688814640045166 4.026546001434326
v -0.5630331635475159 -1.3688814640045166 4.026546001434326
v -0.5622163414955139 -1.4018657207489014 4.0183281898498535
v -0.473690003156662 -1.1870100498199463 3.186160087585449
v -0.473690003156662 -1.1870100498199463 3.186160087585449
v -0.47437798976898193 -1.1592899560928345 3.193049907684326
v -0.5630331635475159 -1.3688814640045166 4.026546001434326
v -0.5292108654975891 -1.3688828945159912 4.029942035675049
v -0.5283901691436768 -1.401867389678955 4.021724700927734
v -0.44526299834251404 -1.1870100498199463 3.188999891281128
v -0.44526299834251404 -1.1870100498199463 3.188999891281128
v -0.44595101475715637 -1.1592899560928345 3.195889949798584
v -0.5292108654975891 -1.3688828945159912 4.029942035675049
v -0.47437798976898193 -1.1592899560928345 3.193049907684326
v -0.44595101475715637 -1.1592899560928345 3.195889949798584
v -0.5292108654975891 -1.3688828945159912 4.029942035675049
v -0.5292108654975891 -1.3688828945159912 4.029942035675049
v -0.5630331635475159 -1.3688814640045166 4.026546001434326
v -0.47437798976898193 -1.1592899560928345 3.193049907684326
v -0.473690003156662 -1.1870100498199463 3.186160087585449
v -0.5622163414955139 -1.4018657207489014 4.0183281898498535
v -0.5283901691436768 -1.401867389678955 4.021724700927734
v -0.5283901691436768 -1.401867389678955 4.021724700927734
v -0.44526299834251404 -1.1870100498199463 3.188999891281128
v -0.473690003156662 -1.1870100498199463 3.186160087585449
v -0.47500601410865784 -1.1308599710464478 3.1993401050567627
v -0.4743350148200989 -1.158619999885559 3.192620038986206
v -0.4459080100059509 -1.158619999885559 3.195460081100464
v -0.4459080100059509 -1.158619999885559 3.195460081100464
v -0.4465790092945099 -1.1308599710464478 3.2021799087524414
v -0.47500601410865784 -1.1308599710464478 3.1993401050567627
v -0.481294721364975 -1.1453300714492798 3.258469343185425
v -0.48061487078666687 -1.1734628677368164 3.251657724380493
v -0.4518054127693176 -1.173462986946106 3.2545371055603027
v -0.4518054127693176 -1.173462986946106 3.2545371055603027
v -0.4524855613708496 -1.145330786705017 3.2613484859466553
v -0.481294721364975 -1.1453300714492798 3.258469343185425
v -0.481294721364975 -1.1453300714492798 3.258469343185425
v -0.48061487078666687 -1.1734628677368164 3.251657724380493
v -0.4743350148200989 -1.158619999885559 3.192620038986206
v -0.4743350148200989 -1.158619999885559 3.192620038986206
v -0.47500601410865784 -1.1308599710464478 3.1993401050567627
v -0.481294721364975 -1.1453300714492798 3.258469343185425
v -0.4524855613708496 -1.145330786705017 3.2613484859466553
v -0.4518054127693176 -1.173462986946106 3.2545371055603027
v -0.4459080100059509 -1.158619999885559 3.195460081100464
v -0.4459080100059509 -1.158619999885559 3.195460081100464
v -0.4465790092945099 -1.1308599710464478 3.2021799087524414
v -0.4524855613708496 -1.145330786705017 3.2613484859466553
v -0.47500601410865784 -1.1308599710464478 3.1993401050567627
v -0.4465790092945099 -1.1308599710464478 3.2021799087524414
v -0.4524855613708496 -1.145330786705017 3.2613484859466553
v -0.4524855613708496 -1.145330786705017 3.2613484859466553
v -0.481294721364975 -1.1453300714492798 3.258469343185425
v -0.47500601410865784 -1.1308599710464478 3.1993401050567627
v -0.4743350148200989 -1.158619999885559 3.192620038986206
v -0.48061487078666687 -1.1734628677368164 3.251657724380493
v -0.4518054127693176 -1.173462986946106 3.2545371055603027
v -0.4518054127693176 -1.173462986946106 3.2545371055603027
v -0.4459080100059509 -1.158619999885559 3.195460081100464
v -0.4743350148200989 -1.158619999885559 3.192620038986206
v -0.4738450050354004 -0.0013083500089123845 3.186919927597046
v -0.4738450050354004 -0.029876399785280228 3.186919927597046
v -0.44541698694229126 -0.029876399785280228 3.189739942550659
v -0.44541698694229126 -0.029876399785280228 3.189739942550659
v -0.44541698694229126 -0.0013083600206300616 3.189739942550659
v -0.4738450050354004 -0.0013083500089123845 3.186919927597046
v -0.4871464669704437 -0.0013088042614981532 3.312734842300415
v -0.4871462285518646 -0.030671540647745132 3.312732458114624
v -0.45792755484580994 -0.030671602115035057 3.315633535385132
v -0.45792755484580994 -0.030671602115035057 3.315633535385132
v -0.4579278230667114 -0.0013088142732158303 3.315635919570923
v -0.4871464669704437 -0.0013088042614981532 3.312734842300415
v -0.4871464669704437 -0.0013088042614981532 3.312734842300415
v -0.4871462285518646 -0.030671540647745132 3.312732458114624
v -0.4738450050354004 -0.029876399785280228 3.186919927597046
v -0.4738450050354004 -0.029876399785280228 3.186919927597046
v -0.4738450050354004 -0.0013083500089123845 3.186919927597046
v -0.4871464669704437 -0.0013088042614981532 3.312734842300415
v -0.4579278230667114 -0.0013088142732158303 3.315635919570923
v -0.45792755484580994 -0.030671602115035057 3.315633535385132
v -0.44541698694229126 -0.029876399785280228 3.189739942550659
v -0.44541698694229126 -0.029876399785280228 3.189739942550659
v -0.44541698694229126 -0.0013083600206300616 3.189739942550659
v -0.4579278230667114 -0.0013088142732158303 3.315635919570923
v -0.4738450050354004 -0.0013083500089123845 3.186919927597046
v -0.44541698694229126 -0.0013083600206300616 3.189739942550659
v -0.4579278230667114 -0.0013088142732158303 3.315635919570923
v -0.4579278230667114 -0.0013088142732158303 3.315635919570923
v -0.4871464669704437 -0.0013088042614981532 3.312734842300415
v -0.4738450050354004 -0.0013083500089123845 3.186919927597046
v -0.4738450050354004 -0.029876399785280228 3.186919927597046
v -0.4871462285518646 -0.030671540647745132 3.312732458114624
v -0.45792755484580994 -0.030671602115035057 3.315633535385132
v -0.45792755484580994 -0.030671602115035057 3.315633535385132
v -0.44541698694229126 -0.029876399785280228 3.189739942550659
v -0.4738450050354004 -0.029876399785280228 3.186919927597046
v -0.4431000053882599 -1.2548799514770508 3.1961100101470947
v -0.4425950050354004 -1.2824599742889404 3.1886799335479736
v -0.4141460061073303 -1.282639980316162 3.191270112991333
v -0.4141460061073303 -1.282639980316162 3.191270112991333
v -0.4146510064601898 -1.2550599575042725 3.198699951171875
v -0.4431000053882599 -1.2548799514770508 3.1961100101470947
v -0.45027467608451843 -1.2744519710540771 3.2682251930236816
v -0.44976139068603516 -1.302485466003418 3.260671377182007
v -0.4208425283432007 -1.3026689291000366 3.2633056640625
v -0.4208425283432007 -1.3026689291000366 3.2633056640625
v -0.4213559031486511 -1.274632215499878 3.270860433578491
v -0.45027467608451843 -1.2744519710540771 3.2682251930236816
v -0.45027467608451843 -1.2744519710540771 3.2682251930236816
v -0.44976139068603516 -1.302485466003418 3.260671377182007
v -0.4425950050354004 -1.2824599742889404 3.1886799335479736
v -0.4425950050354004 -1.2824599742889404 3.1886799335479736
v -0.4431000053882599 -1.2548799514770508 3.1961100101470947
v -0.45027467608451843 -1.2744519710540771 3.2682251930236816
v -0.4213559031486511 -1.274632215499878 3.270860433578491
v -0.4208425283432007 -1.3026689291000366 3.2633056640625
v -0.4141460061073303 -1.282639980316162 3.191270112991333
v -0.4141460061073303 -1.282639980316162 3.191270112991333
v -0.4146510064601898 -1.2550599575042725 3.198699951171875
v -0.4213559031486511 -1.274632215499878 3.270860433578491
v -0.4431000053882599 -1.2548799514770508 3.1961100101470947
v -0.4146510064601898 -1.2550599575042725 3.198699951171875
v -0.4213559031486511 -1.274632215499878 3.270860433578491
v -0.4213559031486511 -1.274632215499878 3.270860433578491
v -0.45027467608451843 -1.2744519710540771 3.2682251930236816
v -0.4431000053882599 -1.2548799514770508 3.1961100101470947
v -0.4425950050354004 -1.2824599742889404 3.1886799335479736
v -0.44976139068603516 -1.302485466003418 3.260671377182007
v -0.4208425283432007 -1.3026689291000366 3.2633056640625
v -0.4208425283432007 -1.3026689291000366 3.2633056640625
v -0.4141460061073303 -1.282639980316162 3.191270112991333
v -0.4425950050354004 -1.2824599742889404 3.1886799335479736
v -0.44357600808143616 -1.2266700267791748 3.203320026397705
v -0.44308799505233765 -1.2542999982833862 3.1960599422454834
v -0.4146380126476288 -1.254480004310608 3.1986498832702637
v -0.4146380126476288 -1.254480004310608 3.1986498832702637
v -0.4151270091533661 -1.2268500328063965 3.2059099674224854
v -0.44357600808143616 -1.2266700267791748 3.203320026397705
v -0.44979095458984375 -1.2432090044021606 3.2658238410949707
v -0.4492957592010498 -1.2712312936782837 3.2584595680236816
v -0.4204395115375519 -1.2714142799377441 3.261087656021118
v -0.4204395115375519 -1.2714142799377441 3.261087656021118
v -0.420935720205307 -1.2433918714523315 3.2684521675109863
v -0.44979095458984375 -1.2432090044021606 3.2658238410949707
v -0.44979095458984375 -1.2432090044021606 3.2658238410949707
v -0.4492957592010498 -1.2712312936782837 3.2584595680236816
v -0.44308799505233765 -1.2542999982833862 3.1960599422454834
v -0.44308799505233765 -1.2542999982833862 3.1960599422454834
v -0.44357600808143616 -1.2266700267791748 3.203320026397705
v -0.44979095458984375 -1.2432090044021606 3.2658238410949707
v -0.420935720205307 -1.2433918714523315 3.2684521675109863
v -0.4204395115375519 -1.2714142799377441 3.261087656021118
v -0.4146380126476288 -1.254480004310608 3.1986498832702637
v -0.4146380126476288 -1.254480004310608 3.1986498832702637
v -0.4151270091533661 -1.2268500328063965 3.2059099674224854
v -0.420935720205307 -1.2433918714523315 3.2684521675109863
v -0.44357600808143616 -1.2266700267791748 3.203320026397705
v -0.4151270091533661 -1.2268500328063965 3.2059099674224854
v -0.420935720205307 -1.2433918714523315 3.2684521675109863
v -0.420935720205307 -1.2433918714523315 3.2684521675109863
v -0.44979095458984375 -1.2432090044021606 3.2658238410949707
v -0.44357600808143616 -1.2266700267791748 3.203320026397705
v -0.44308799505233765 -1.2542999982833862 3.1960599422454834
v -0.4492957592010498 -1.2712312936782837 3.2584595680236816
v -0.4204395115375519 -1.2714142799377441 3.261087656021118
v -0.4204395115375519 -1.2714142799377441 3.261087656021118
v -0.4146380126476288 -1.254480004310608 3.1986498832702637
v -0.44308799505233765 -1.2542999982833862 3.1960599422454834
v -0.4440529942512512 -1.1984699964523315 3.2105400562286377
v -0.4435800015926361 -1.226140022277832 3.2034499645233154
v -0.41513100266456604 -1.2263200283050537 3.2060399055480957
v -0.41513100266456604 -1.2263200283050537 3.2060399055480957
v -0.41560399532318115 -1.198639988899231 3.213129997253418
v -0.4440529942512512 -1.1984699964523315 3.2105400562286377
v -0.4891303777694702 -1.315425157546997 3.6640942096710205
v -0.48860666155815125 -1.3459572792053223 3.656261682510376
v -0.4572129249572754 -1.3461384773254395 3.6591343879699707
v -0.4572129249572754 -1.3461384773254395 3.6591343879699707
v -0.457736074924469 -1.315616488456726 3.666961908340454
v -0.4891303777694702 -1.315425157546997 3.6640942096710205
v -0.4891303777694702 -1.315425157546997 3.6640942096710205
v -0.48860666155815125 -1.3459572792053223 3.656261682510376
v -0.4435800015926361 -1.226140022277832 3.2034499645233154
v -0.4435800015926361 -1.226140022277832 3.2034499645233154
v -0.4440529942512512 -1.1984699964523315 3.2105400562286377
v -0.4891303777694702 -1.315425157546997 3.6640942096710205
v -0.457736074924469 -1.315616488456726 3.666961908340454
v -0.4572129249572754 -1.3461384773254395 3.6591343879699707
v -0.41513100266456604 -1.2263200283050537 3.2060399055480957
v -0.41513100266456604 -1.2263200283050537 3.2060399055480957
v -0.41560399532318115 -1.198639988899231 3.213129997253418
v -0.457736074924469 -1.315616488456726 3.666961908340454
v -0.4440529942512512 -1.1984699964523315 3.2105400562286377
v -0.41560399532318115 -1.198639988899231 3.213129997253418
v -0.457736074924469 -1.315616488456726 3.666961908340454
v -0.457736074924469 -1.315616488456726 3.666961908340454
v -0.4891303777694702 -1.315425157546997 3.6640942096710205
v -0.4440529942512512 -1.1984699964523315 3.2105400562286377
v -0.4435800015926361 -1.226140022277832 3.2034499645233154
v -0.48860666155815125 -1.3459572792053223 3.656261682510376
v -0.4572129249572754 -1.3461384773254395 3.6591343879699707
v -0.4572129249572754 -1.3461384773254395 3.6591343879699707
v -0.41513100266456604 -1.2263200283050537 3.2060399055480957
v -0.4435800015926361 -1.226140022277832 3.2034499645233154
v -0.44211700558662415 -1.1591600179672241 3.1809000968933105
v -0.4416390061378479 -1.1868699789047241 3.17399001121521
v -0.41318899393081665 -1.1870299577713013 3.1765799522399902
v -0.41318899393081665 -1.1870299577713013 3.1765799522399902
v -0.4136680066585541 -1.159309983253479 3.183500051498413
v -0.44211700558662415 -1.1591600179672241 3.1809000968933105
v -0.4753837287425995 -1.2433847188949585 3.5162832736968994
v -0.47486767172813416 -1.273226022720337 3.5088346004486084
v -0.4442467987537384 -1.2733867168426514 3.5116326808929443
v -0.4442467987537384 -1.2733867168426514 3.5116326808929443
v -0.44476139545440674 -1.243569016456604 3.519083023071289
v -0.4753837287425995 -1.2433847188949585 3.5162832736968994
v -0.4753837287425995 -1.2433847188949585 3.5162832736968994
v -0.47486767172813416 -1.273226022720337 3.5088346004486084
v -0.4416390061378479 -1.1868699789047241 3.17399001121521
v -0.4416390061378479 -1.1868699789047241 3.17399001121521
v -0.44211700558662415 -1.1591600179672241 3.1809000968933105
v -0.4753837287425995 -1.2433847188949585 3.5162832736968994
v -0.44476139545440674 -1.243569016456604 3.519083023071289
v -0.4442467987537384 -1.2733867168426514 3.5116326808929443
v -0.41318899393081665 -1.1870299577713013 3.1765799522399902
v -0.41318899393081665 -1.1870299577713013 3.1765799522399902
v -0.4136680066585541 -1.159309983253479 3.183500051498413
v -0.44476139545440674 -1.243569016456604 3.519083023071289
v -0.44211700558662415 -1.1591600179672241 3.1809000968933105
v -0.4136680066585541 -1.159309983253479 3.183500051498413
v -0.44476139545440674 -1.243569016456604 3.519083023071289
v -0.44476139545440674 -1.243569016456604 3.519083023071289
v -0.4753837287425995 -1.2433847188949585 3.5162832736968994
v -0.44211700558662415 -1.1591600179672241 3.1809000968933105
v -0.4416390061378479 -1.1868699789047241 3.17399001121521
v -0.47486767172813416 -1.273226022720337 3.5088346004486084
v -0.4442467987537384 -1.2733867168426514 3.5116326808929443
v -0.4442467987537384 -1.2733867168426514 3.5116326808929443
v -0.41318899393081665 -1.1870299577713013 3.1765799522399902
v -0.4416390061378479 -1.1868699789047241 3.17399001121521
v -0.41499999165534973 -1.1985000371932983 3.2126100063323975
v -0.4145280122756958 -1.2261699438095093 3.2055299282073975
v -0.38606300950050354 -1.2263100147247314 3.2079501152038574
v -0.38606300950050354 -1.2263100147247314 3.2079501152038574
v -0.38653498888015747 -1.198639988899231 3.2150399684906006
v -0.41499999165534973 -1.1985000371932983 3.2126100063323975
v -0.4193538427352905 -1.2105880975723267 3.2595102787017822
v -0.418876588344574 -1.2385544776916504 3.2523534297943115
v -0.39010727405548096 -1.2386945486068726 3.25480055809021
v -0.39010727405548096 -1.2386945486068726 3.25480055809021
v -0.3905847370624542 -1.2107288837432861 3.261967420578003
v -0.4193538427352905 -1.2105880975723267 3.2595102787017822
v -0.4193538427352905 -1.2105880975723267 3.2595102787017822
v -0.418876588344574 -1.2385544776916504 3.2523534297943115
v -0.4145280122756958 -1.2261699438095093 3.2055299282073975
v -0.4145280122756958 -1.2261699438095093 3.2055299282073975
v -0.41499999165534973 -1.1985000371932983 3.2126100063323975
v -0.4193538427352905 -1.2105880975723267 3.2595102787017822
v -0.3905847370624542 -1.2107288837432861 3.261967420578003
v -0.39010727405548096 -1.2386945486068726 3.25480055809021
v -0.38606300950050354 -1.2263100147247314 3.2079501152038574
v -0.38606300950050354 -1.2263100147247314 3.2079501152038574
v -0.38653498888015747 -1.198639988899231 3.2150399684906006
v -0.3905847370624542 -1.2107288837432861 3.261967420578003
v -0.41499999165534973 -1.1985000371932983 3.2126100063323975
v -0.38653498888015747 -1.198639988899231 3.2150399684906006
v -0.3905847370624542 -1.2107288837432861 3.261967420578003
v -0.3905847370624542 -1.2107288837432861 3.261967420578003
v -0.4193538427352905 -1.2105880975723267 3.2595102787017822
v -0.41499999165534973 -1.1985000371932983 3.2126100063323975
v -0.4145280122756958 -1.2261699438095093 3.2055299282073975
v -0.418876588344574 -1.2385544776916504 3.2523534297943115
v -0.39010727405548096 -1.2386945486068726 3.25480055809021
v -0.39010727405548096 -1.2386945486068726 3.25480055809021
v -0.38606300950050354 -1.2263100147247314 3.2079501152038574
v -0.4145280122756958 -1.2261699438095093 3.2055299282073975
v -0.4130589962005615 -1.159190058708191 3.1829800605773926
v -0.4125860035419464 -1.186900019645691 3.1760599613189697
v -0.38412100076675415 -1.187019944190979 3.178489923477173
v -0.38412100076675415 -1.187019944190979 3.178489923477173
v -0.38459399342536926 -1.159309983253479 3.1854000091552734
v -0.4130589962005615 -1.159190058708191 3.1829800605773926
v -0.42259854078292847 -1.1850347518920898 3.2859325408935547
v -0.42211300134658813 -1.2133961915969849 3.2788479328155518
v -0.3929819166660309 -1.2135188579559326 3.281336784362793
v -0.3929819166660309 -1.2135188579559326 3.281336784362793
v -0.393466591835022 -1.1851550340652466 3.288412094116211
v -0.42259854078292847 -1.1850347518920898 3.2859325408935547
v -0.42259854078292847 -1.1850347518920898 3.2859325408935547
v -0.42211300134658813 -1.2133961915969849 3.2788479328155518
v -0.4125860035419464 -1.186900019645691 3.1760599613189697
v -0.4125860035419464 -1.186900019645691 3.1760599613189697
v -0.4130589962005615 -1.159190058708191 3.1829800605773926
v -0.42259854078292847 -1.1850347518920898 3.2859325408935547
v -0.393466591835022 -1.1851550340652466 3.288412094116211
v -0.3929819166660309 -1.2135188579559326 3.281336784362793
v -0.38412100076675415 -1.187019944190979 3.178489923477173
v -0.38412100076675415 -1.187019944190979 3.178489923477173
v -0.38459399342536926 -1.159309983253479 3.1854000091552734
v -0.393466591835022 -1.1851550340652466 3.288412094116211
v -0.4130589962005615 -1.159190058708191 3.1829800605773926
v -0.38459399342536926 -1.159309983253479 3.1854000091552734
v -0.393466591835022 -1.1851550340652466 3.288412094116211
v -0.393466591835022 -1.1851550340652466 3.288412094116211
v -0.42259854078292847 -1.1850347518920898 3.2859325408935547
v -0.4130589962005615 -1.159190058708191 3.1829800605773926
v -0.4125860035419464 -1.186900019645691 3.1760599613189697
v -0.42211300134658813 -1.2133961915969849 3.2788479328155518
v -0.3929819166660309 -1.2135188579559326 3.281336784362793
v -0.3929819166660309 -1.2135188579559326 3.281336784362793
v -0.38412100076675415 -1.187019944190979 3.178489923477173
v -0.4125860035419464 -1.186900019645691 3.1760599613189697
v -0.3560360074043274 0.8001329898834229 3.1945600509643555
v -0.3845149874687195 0.8000770211219788 3.192310094833374
v -0.3848249912261963 0.7718889713287354 3.1969499588012695
v -0.3848249912261963 0.7718889713287354 3.1969499588012695
v -0.3563460111618042 0.7719449996948242 3.1991899013519287
v -0.3560360074043274 0.8001329898834229 3.1945600509643555
v -0.36109983921051025 0.8111191391944885 3.258507251739502
v -0.38998669385910034 0.8110620975494385 3.256223678588867
v -0.39030104875564575 0.7824710011482239 3.2609314918518066
v -0.39030104875564575 0.7824710011482239 3.2609314918518066
v -0.36141425371170044 0.7825275659561157 3.26320481300354
v -0.36109983921051025 0.8111191391944885 3.258507251739502
v -0.36109983921051025 0.8111191391944885 3.258507251739502
v -0.38998669385910034 0.8110620975494385 3.256223678588867
v -0.3845149874687195 0.8000770211219788 3.192310094833374
v -0.3845149874687195 0.8000770211219788 3.192310094833374
v -0.3560360074043274 0.8001329898834229 3.1945600509643555
v -0.36109983921051025 0.8111191391944885 3.258507251739502
v -0.36141425371170044 0.7825275659561157 3.26320481300354
v -0.39030104875564575 0.7824710011482239 3.2609314918518066
v -0.3848249912261963 0.7718889713287354 3.1969499588012695
v -0.3848249912261963 0.7718889713287354 3.1969499588012695
v -0.3563460111618042 0.7719449996948242 3.1991899013519287
v -0.36141425371170044 0.7825275659561157 3.26320481300354
v -0.3560360074043274 0.8001329898834229 3.1945600509643555
v -0.3563460111618042 0.7719449996948242 3.1991899013519287
v -0.36141425371170044 0.7825275659561157 3.26320481300354
v -0.36141425371170044 0.7825275659561157 3.26320481300354
v -0.36109983921051025 0.8111191391944885 3.258507251739502
v -0.3560360074043274 0.8001329898834229 3.1945600509643555
v -0.3845149874687195 0.8000770211219788 3.192310094833374
v -0.38998669385910034 0.8110620975494385 3.256223678588867
v -0.39030104875564575 0.7824710011482239 3.2609314918518066
v -0.39030104875564575 0.7824710011482239 3.2609314918518066
v -0.3848249912261963 0.7718889713287354 3.1969499588012695
v -0.3845149874687195 0.8000770211219788 3.192310094833374
v -0.3548389971256256 -0.7090610265731812 3.184619903564453
v -0.3545509874820709 -0.7373049855232239 3.180340051651001
v -0.32605698704719543 -0.7373279929161072 3.1823999881744385
v -0.32605698704719543 -0.7373279929161072 3.1823999881744385
v -0.3263460099697113 -0.7090839743614197 3.186690092086792
v -0.3548389971256256 -0.7090610265731812 3.184619903564453
v -0.3609786629676819 -0.7208955883979797 3.2622721195220947
v -0.3606856167316437 -0.7496286630630493 3.257916212081909
v -0.3316980004310608 -0.7496513724327087 3.2600138187408447
v -0.3316980004310608 -0.7496513724327087 3.2600138187408447
v -0.3319922983646393 -0.7209188342094421 3.2643795013427734
v -0.3609786629676819 -0.7208955883979797 3.2622721195220947
v -0.3609786629676819 -0.7208955883979797 3.2622721195220947
v -0.3606856167316437 -0.7496286630630493 3.257916212081909
v -0.3545509874820709 -0.7373049855232239 3.180340051651001
v -0.3545509874820709 -0.7373049855232239 3.180340051651001
v -0.3548389971256256 -0.7090610265731812 3.184619903564453
v -0.3609786629676819 -0.7208955883979797 3.2622721195220947
v -0.3319922983646393 -0.7209188342094421 3.2643795013427734
v -0.3316980004310608 -0.7496513724327087 3.2600138187408447
v -0.32605698704719543 -0.7373279929161072 3.1823999881744385
v -0.32605698704719543 -0.7373279929161072 3.1823999881744385
v -0.3263460099697113 -0.7090839743614197 3.186690092086792
v -0.3319922983646393 -0.7209188342094421 3.2643795013427734
v -0.3548389971256256 -0.7090610265731812 3.184619903564453
v -0.3263460099697113 -0.7090839743614197 3.186690092086792
v -0.3319922983646393 -0.7209188342094421 3.2643795013427734
v -0.3319922983646393 -0.7209188342094421 3.2643795013427734
v -0.3609786629676819 -0.7208955883979797 3.2622721195220947
v -0.3548389971256256 -0.7090610265731812 3.184619903564453
v -0.3545509874820709 -0.7373049855232239 3.180340051651001
v -0.3606856167316437 -0.7496286630630493 3.257916212081909
v -0.3316980004310608 -0.7496513724327087 3.2600138187408447
v -0.3316980004310608 -0.7496513724327087 3.2600138187408447
v -0.32605698704719543 -0.7373279929161072 3.1823999881744385
v -0.3545509874820709 -0.7373049855232239 3.180340051651001
v -0.26520898938179016 -0.23597599565982819 3.177759885787964
v -0.2651509940624237 -0.2645080089569092 3.176330089569092
v -0.23662200570106506 -0.26452499628067017 3.177809953689575
v -0.23662200570106506 -0.26452499628067017 3.177809953689575
v -0.23667900264263153 -0.23599299788475037 3.1792500019073486
v -0.26520898938179016 -0.23597599565982819 3.177759885787964
v -0.27188700437545776 -0.24175016582012177 3.292365789413452
v -0.2718276381492615 -0.2710033357143402 3.2908971309661865
v -0.24257752299308777 -0.2710207402706146 3.29241681098938
v -0.24257752299308777 -0.2710207402706146 3.29241681098938
v -0.24263645708560944 -0.24176810681819916 3.2938954830169678
v -0.27188700437545776 -0.24175016582012177 3.292365789413452
v -0.27188700437545776 -0.24175016582012177 3.292365789413452
v -0.2718276381492615 -0.2710033357143402 3.2908971309661865
v -0.2651509940624237 -0.2645080089569092 3.176330089569092
v -0.2651509940624237 -0.2645080089569092 3.176330089569092
v -0.26520898938179016 -0.23597599565982819 3.177759885787964
v -0.27188700437545776 -0.24175016582012177 3.292365789413452
v -0.24263645708560944 -0.24176810681819916 3.2938954830169678
v -0.24257752299308777 -0.2710207402706146 3.29241681098938
v -0.23662200570106506 -0.26452499628067017 3.177809953689575
v -0.23662200570106506 -0.26452499628067017 3.177809953689575
v -0.23667900264263153 -0.23599299788475037 3.1792500019073486
v -0.24263645708560944 -0.24176810681819916 3.2938954830169678
v -0.26520898938179016 -0.23597599565982819 3.177759885787964
v -0.23667900264263153 -0.23599299788475037 3.1792500019073486
v -0.24263645708560944 -0.24176810681819916 3.2938954830169678
v -0.24263645708560944 -0.24176810681819916 3.2938954830169678
v -0.27188700437545776 -0.24175016582012177 3.292365789413452
v -0.26520898938179016 -0.23597599565982819 3.177759885787964
v -0.2651509940624237 -0.2645080089569092 3.176330089569092
v -0.2718276381492615 -0.2710033357143402 3.2908971309661865
v -0.24257752299308777 -0.2710207402706146 3.29241681098938
v -0.24257752299308777 -0.2710207402706146 3.29241681098938
v -0.23662200570106506 -0.26452499628067017 3.177809953689575
v -0.2651509940624237 -0.2645080089569092 3.176330089569092
v -0.1785610020160675 0.3539479970932007 3.184570074081421
v -0.20710699260234833 0.3539370000362396 3.1834399700164795
v -0.20717300474643707 0.3254370093345642 3.185420036315918
v -0.20717300474643707 0.3254370093345642 3.185420036315918
v -0.17862699925899506 0.32544800639152527 3.186539888381958
v -0.1785610020160675 0.3539479970932007 3.184570074081421
v -0.1839277595281601 0.36424708366394043 3.3208115100860596
v -0.21333181858062744 0.3642350435256958 3.3196451663970947
v -0.2133999615907669 0.3348790407180786 3.3216872215270996
v -0.2133999615907669 0.3348790407180786 3.3216872215270996
v -0.18399585783481598 0.3348904252052307 3.322843551635742
v -0.1839277595281601 0.36424708366394043 3.3208115100860596
v -0.1839277595281601 0.36424708366394043 3.3208115100860596
v -0.21333181858062744 0.3642350435256958 3.3196451663970947
v -0.20710699260234833 0.3539370000362396 3.1834399700164795
v -0.20710699260234833 0.3539370000362396 3.1834399700164795
v -0.1785610020160675 0.3539479970932007 3.184570074081421
v -0.1839277595281601 0.36424708366394043 3.3208115100860596
v -0.18399585783481598 0.3348904252052307 3.322843551635742
v -0.2133999615907669 0.3348790407180786 3.3216872215270996
v -0.20717300474643707 0.3254370093345642 3.185420036315918
v -0.20717300474643707 0.3254370093345642 3.185420036315918
v -0.17862699925899506 0.32544800639152527 3.186539888381958
v -0.18399585783481598 0.3348904252052307 3.322843551635742
v -0.1785610020160675 0.3539479970932007 3.184570074081421
v -0.17862699925899506 0.32544800639152527 3.186539888381958
v -0.18399585783481598 0.3348904252052307 3.322843551635742
v -0.18399585783481598 0.3348904252052307 3.322843551635742
v -0.1839277595281601 0.36424708366394043 3.3208115100860596
v -0.1785610020160675 0.3539479970932007 3.184570074081421
v -0.20710699260234833 0.3539370000362396 3.1834399700164795
v -0.21333181858062744 0.3642350435256958 3.3196451663970947
v -0.2133999615907669 0.3348790407180786 3.3216872215270996
v -0.2133999615907669 0.3348790407180786 3.3216872215270996
v -0.20717300474643707 0.3254370093345642 3.185420036315918
v -0.20710699260234833 0.3539370000362396 3.1834399700164795
v -0.14694899320602417 -0.6800979971885681 3.1820199489593506
v -0.14693500101566315 -0.7083680033683777 3.177910089492798
v -0.1183760017156601 -0.7084580063819885 3.1786201000213623
v -0.1183760017156601 -0.7084580063819885 3.1786201000213623
v -0.11839000135660172 -0.680188000202179 3.1827399730682373
v -0.14694899320602417 -0.6800979971885681 3.1820199489593506
v -0.15104897320270538 -0.6987871527671814 3.3104426860809326
v -0.15103431046009064 -0.7278642058372498 3.3062126636505127
v -0.12165968865156174 -0.7279565334320068 3.30694580078125
v -0.12165968865156174 -0.7279565334320068 3.30694580078125
v -0.12167447805404663 -0.6988803148269653 3.311185836791992
v -0.15104897320270538 -0.6987871527671814 3.3104426860809326
v -0.15104897320270538 -0.6987871527671814 3.3104426860809326
v -0.15103431046009064 -0.7278642058372498 3.3062126636505127
v -0.14693500101566315 -0.7083680033683777 3.177910089492798
v -0.14693500101566315 -0.7083680033683777 3.177910089492798
v -0.14694899320602417 -0.6800979971885681 3.1820199489593506
v -0.15104897320270538 -0.6987871527671814 3.3104426860809326
v -0.12167447805404663 -0.6988803148269653 3.311185836791992
v -0.12165968865156174 -0.7279565334320068 3.30694580078125
v -0.1183760017156601 -0.7084580063819885 3.1786201000213623
v -0.1183760017156601 -0.7084580063819885 3.1786201000213623
v -0.11839000135660172 -0.680188000202179 3.1827399730682373
v -0.12167447805404663 -0.6988803148269653 3.311185836791992
v -0.14694899320602417 -0.6800979971885681 3.1820199489593506
v -0.11839000135660172 -0.680188000202179 3.1827399730682373
v -0.12167447805404663 -0.6988803148269653 3.311185836791992
v -0.12167447805404663 -0.6988803148269653 3.311185836791992
v -0.15104897320270538 -0.6987871527671814 3.3104426860809326
v -0.14694899320602417 -0.6800979971885681 3.1820199489593506
v -0.14693500101566315 -0.7083680033683777 3.177910089492798
v -0.15103431046009064 -0.7278642058372498 3.3062126636505127
v -0.12165968865156174 -0.7279565334320068 3.30694580078125
v -0.12165968865156174 -0.7279565334320068 3.30694580078125
v -0.1183760017156601 -0.7084580063819885 3.1786201000213623
v -0.14693500101566315 -0.7083680033683777 3.177910089492798
v -0.0304493997246027 -0.5934929847717285 3.1935598850250244
v -0.030448799952864647 -0.6218360066413879 3.1899800300598145
v -0.0018808000022545457 -0.6218360066413879 3.1899900436401367
v -0.0018808000022545457 -0.6218360066413879 3.1899900436401367
v -0.0018813799833878875 -0.5934929847717285 3.1935698986053467
v -0.0304493997246027 -0.5934929847717285 3.1935598850250244
v -0.03142818808555603 -0.6125389337539673 3.3443400859832764
v -0.03142755478620529 -0.6418283581733704 3.340637445449829
v -0.0019048957619816065 -0.6418296694755554 3.3406503200531006
v -0.0019048957619816065 -0.6418296694755554 3.3406503200531006
v -0.0019054972799494863 -0.6125401854515076 3.344352960586548
v -0.03142818808555603 -0.6125389337539673 3.3443400859832764
v -0.03142818808555603 -0.6125389337539673 3.3443400859832764
v -0.03142755478620529 -0.6418283581733704 3.340637445449829
v -0.030448799952864647 -0.6218360066413879 3.1899800300598145
v -0.030448799952864647 -0.6218360066413879 3.1899800300598145
v -0.0304493997246027 -0.5934929847717285 3.1935598850250244
v -0.03142818808555603 -0.6125389337539673 3.3443400859832764
v -0.0019054972799494863 -0.6125401854515076 3.344352960586548
v -0.0019048957619816065 -0.6418296694755554 3.3406503200531006
v -0.0018808000022545457 -0.6218360066413879 3.1899900436401367
v -0.0018808000022545457 -0.6218360066413879 3.1899900436401367
v -0.0018813799833878875 -0.5934929847717285 3.1935698986053467
v -0.0019054972799494863 -0.6125401854515076 3.344352960586548
v -0.0304493997246027 -0.5934929847717285 3.1935598850250244
v -0.0018813799833878875 -0.5934929847717285 3.1935698986053467
v -0.0019054972799494863 -0.6125401854515076 3.344352960586548
v -0.0019054972799494863 -0.6125401854515076 3.344352960586548
v -0.03142818808555603 -0.6125389337539673 3.3443400859832764
v -0.0304493997246027 -0.5934929847717285 3.1935598850250244
v -0.030448799952864647 -0.6218360066413879 3.1899800300598145
v -0.03142755478620529 -0.6418283581733704 3.340637445449829
v -0.0019048957619816065 -0.6418296694755554 3.3406503200531006
v -0.0019048957619816065 -0.6418296694755554 3.3406503200531006
v -0.0018808000022545457 -0.6218360066413879 3.1899900436401367
v -0.030448799952864647 -0.6218360066413879 3.1899800300598145
v -0.0018979300512000918 0.3539470136165619 3.1807401180267334
v -0.030465900897979736 0.3539470136165619 3.1807401180267334
v -0.030465999618172646 0.32544800639152527 3.1827099323272705
v -0.030465999618172646 0.32544800639152527 3.1827099323272705
v -0.0018979900050908327 0.32544800639152527 3.1827099323272705
v -0.0018979300512000918 0.3539470136165619 3.1807401180267334
v -0.0019034076249226928 0.3621619939804077 3.289489984512329
v -0.031156467273831367 0.3621618151664734 3.289487838745117
v -0.031156517565250397 0.332978755235672 3.2915072441101074
v -0.031156517565250397 0.332978755235672 3.2915072441101074
v -0.0019034676952287555 0.33297890424728394 3.2915093898773193
v -0.0019034076249226928 0.3621619939804077 3.289489984512329
v -0.0019034076249226928 0.3621619939804077 3.289489984512329
v -0.031156467273831367 0.3621618151664734 3.289487838745117
v -0.030465900897979736 0.3539470136165619 3.1807401180267334
v -0.030465900897979736 0.3539470136165619 3.1807401180267334
v -0.0018979300512000918 0.3539470136165619 3.1807401180267334
v -0.0019034076249226928 0.3621619939804077 3.289489984512329
v -0.0019034676952287555 0.33297890424728394 3.2915093898773193
v -0.031156517565250397 0.332978755235672 3.2915072441101074
v -0.030465999618172646 0.32544800639152527 3.1827099323272705
v -0.030465999618172646 0.32544800639152527 3.1827099323272705
v -0.0018979900050908327 0.32544800639152527 3.1827099323272705
v -0.0019034676952287555 0.33297890424728394 3.2915093898773193
v -0.0018979300512000918 0.3539470136165619 3.1807401180267334
v -0.0018979900050908327 0.32544800639152527 3.1827099323272705
v -0.0019034676952287555 0.33297890424728394 3.2915093898773193
v -0.0019034676952287555 0.33297890424728394 3.2915093898773193
v -0.0019034076249226928 0.3621619939804077 3.289489984512329
v -0.0018979300512000918 0.3539470136165619 3.1807401180267334
v -0.030465900897979736 0.3539470136165619 3.1807401180267334
v -0.031156467273831367 0.3621618151664734 3.289487838745117
v -0.031156517565250397 0.332978755235672 3.2915072441101074
v -0.031156517565250397 0.332978755235672 3.2915072441101074
v -0.030465999618172646 0.32544800639152527 3.1827099323272705
v -0.030465900897979736 0.3539470136165619 3.1807401180267334
v 0.031016699969768524 -0.3539479970932007 3.1807498931884766
v 0.059584200382232666 -0.3539370000362396 3.180569887161255
v 0.05958539992570877 -0.3254370093345642 3.182539939880371
v 0.05958539992570877 -0.3254370093345642 3.182539939880371
v 0.031018000096082687 -0.32544800639152527 3.1827199459075928
v 0.031016699969768524 -0.3539479970932007 3.1807498931884766
v 0.031422410160303116 -0.35877084732055664 3.244595527648926
v 0.06039208918809891 -0.35875949263572693 3.2444119453430176
v 0.06039328873157501 -0.3298584222793579 3.246410846710205
v 0.06039328873157501 -0.3298584222793579 3.246410846710205
v 0.03142368048429489 -0.32986947894096375 3.2465946674346924
v 0.031422410160303116 -0.35877084732055664 3.244595527648926
v 0.031422410160303116 -0.35877084732055664 3.244595527648926
v 0.06039208918809891 -0.35875949263572693 3.2444119453430176
v 0.059584200382232666 -0.3539370000362396 3.180569887161255
v 0.059584200382232666 -0.3539370000362396 3.180569887161255
v 0.031016699969768524 -0.3539479970932007 3.1807498931884766
v 0.031422410160303116 -0.35877084732055664 3.244595527648926
v 0.03142368048429489 -0.32986947894096375 3.2465946674346924
v 0.06039328873157501 -0.3298584222793579 3.246410846710205
v 0.05958539992570877 -0.3254370093345642 3.182539939880371
v 0.05958539992570877 -0.3254370093345642 3.182539939880371
v 0.031018000096082687 -0.32544800639152527 3.1827199459075928
v 0.03142368048429489 -0.32986947894096375 3.2465946674346924
v 0.031016699969768524 -0.3539479970932007 3.1807498931884766
v 0.031018000096082687 -0.32544800639152527 3.1827199459075928
v 0.03142368048429489 -0.32986947894096375 3.2465946674346924
v 0.03142368048429489 -0.32986947894096375 3.2465946674346924
v 0.031422410160303116 -0.35877084732055664 3.244595527648926
v 0.031016699969768524 -0.3539479970932007 3.1807498931884766
v 0.059584200382232666 -0.3539370000362396 3.180569887161255
v 0.06039208918809891 -0.35875949263572693 3.2444119453430176
v 0.06039328873157501 -0.3298584222793579 3.246410846710205
v 0.06039328873157501 -0.3298584222793579 3.246410846710205
v 0.05958539992570877 -0.3254370093345642 3.182539939880371
v 0.059584200382232666 -0.3539370000362396 3.180569887161255
v 0.059587400406599045 0.3835720121860504 3.178920030593872
v 0.05958389863371849 0.4120450019836426 3.1765899658203125
v 0.031016500666737556 0.41205599904060364 3.176769971847534
v 0.031016500666737556 0.41205599904060364 3.176769971847534
v 0.03102000057697296 0.3835830092430115 3.1791000366210938
v 0.059587400406599045 0.3835720121860504 3.178920030593872
v 0.06108764559030533 0.39327242970466614 3.29742431640625
v 0.061084114015102386 0.42249032855033875 3.2950310707092285
v 0.031769778579473495 0.42250147461891174 3.295217990875244
v 0.031769778579473495 0.42250147461891174 3.295217990875244
v 0.03177332133054733 0.3932841122150421 3.2976112365722656
v 0.06108764559030533 0.39327242970466614 3.29742431640625
v 0.06108764559030533 0.39327242970466614 3.29742431640625
v 0.061084114015102386 0.42249032855033875 3.2950310707092285
v 0.05958389863371849 0.4120450019836426 3.1765899658203125
v 0.05958389863371849 0.4120450019836426 3.1765899658203125
v 0.059587400406599045 0.3835720121860504 3.178920030593872
v 0.06108764559030533 0.39327242970466614 3.29742431640625
v 0.03177332133054733 0.3932841122150421 3.2976112365722656
v 0.031769778579473495 0.42250147461891174 3.295217990875244
v 0.031016500666737556 0.41205599904060364 3.176769971847534
v 0.031016500666737556 0.41205599904060364 3.176769971847534
v 0.03102000057697296 0.3835830092430115 3.1791000366210938
v 0.03177332133054733 0.3932841122150421 3.2976112365722656
v 0.059587400406599045 0.3835720121860504 3.178920030593872
v 0.03102000057697296 0.3835830092430115 3.1791000366210938
v 0.03177332133054733 0.3932841122150421 3.2976112365722656
v 0.03177332133054733 0.3932841122150421 3.2976112365722656
v 0.06108764559030533 0.39327242970466614 3.29742431640625
v 0.059587400406599045 0.3835720121860504 3.178920030593872
v 0.05958389863371849 0.4120450019836426 3.1765899658203125
v 0.061084114015102386 0.42249032855033875 3.2950310707092285
v 0.031769778579473495 0.42250147461891174 3.295217990875244
v 0.031769778579473495 0.42250147461891174 3.295217990875244
v 0.031016500666737556 0.41205599904060364 3.176769971847534
v 0.05958389863371849 0.4120450019836426 3.1765899658203125
v 0.20790499448776245 -0.8001329898834229 3.19173002243042
v 0.23644299805164337 -0.8000770211219788 3.190419912338257
v 0.23659999668598175 -0.7718889713287354 3.1950700283050537
v 0.23659999668598175 -0.7718889713287354 3.1950700283050537
v 0.20806099474430084 -0.7719449996948242 3.1963698863983154
v 0.20790499448776245 -0.8001329898834229 3.19173002243042
v 0.20997017621994019 -0.8078234195709229 3.2365870475769043
v 0.23879407346248627 -0.8077665567398071 3.2352631092071533
v 0.2389526218175888 -0.7792963981628418 3.2399604320526123
v 0.2389526218175888 -0.7792963981628418 3.2399604320526123
v 0.21012812852859497 -0.7793532609939575 3.241274356842041
v 0.20997017621994019 -0.8078234195709229 3.2365870475769043
v 0.20997017621994019 -0.8078234195709229 3.2365870475769043
v 0.23879407346248627 -0.8077665567398071 3.2352631092071533
v 0.23644299805164337 -0.8000770211219788 3.190419912338257
v 0.23644299805164337 -0.8000770211219788 3.190419912338257
v 0.20790499448776245 -0.8001329898834229 3.19173002243042
v 0.20997017621994019 -0.8078234195709229 3.2365870475769043
v 0.21012812852859497 -0.7793532609939575 3.241274356842041
v 0.2389526218175888 -0.7792963981628418 3.2399604320526123
v 0.23659999668598175 -0.7718889713287354 3.1950700283050537
v 0.23659999668598175 -0.7718889713287354 3.1950700283050537
v 0.20806099474430084 -0.7719449996948242 3.1963698863983154
v 0.21012812852859497 -0.7793532609939575 3.241274356842041
v 0.20790499448776245 -0.8001329898834229 3.19173002243042
v 0.20806099474430084 -0.7719449996948242 3.1963698863983154
v 0.21012812852859497 -0.7793532609939575 3.241274356842041
v 0.21012812852859497 -0.7793532609939575 3.241274356842041
v 0.20997017621994019 -0.8078234195709229 3.2365870475769043
v 0.20790499448776245 -0.8001329898834229 3.19173002243042
v 0.23644299805164337 -0.8000770211219788 3.190419912338257
v 0.23879407346248627 -0.8077665567398071 3.2352631092071533
v 0.2389526218175888 -0.7792963981628418 3.2399604320526123
v 0.2389526218175888 -0.7792963981628418 3.2399604320526123
v 0.23659999668598175 -0.7718889713287354 3.1950700283050537
v 0.23644299805164337 -0.8000770211219788 3.190419912338257
v 0.23685799539089203 -0.8288729786872864 3.186069965362549
v 0.26538801193237305 -0.8287889957427979 3.1845901012420654
v 0.2655549943447113 -0.8006309866905212 3.1894099712371826
v 0.2655549943447113 -0.8006309866905212 3.1894099712371826
v 0.23702499270439148 -0.8007150292396545 3.190890073776245
v 0.23685799539089203 -0.8288729786872864 3.186069965362549
v 0.24543747305870056 -0.8579798936843872 3.3496298789978027
v 0.2750110626220703 -0.8578933477401733 3.3480920791625977
v 0.2751840054988861 -0.8287051916122437 3.3530917167663574
v 0.2751840054988861 -0.8287051916122437 3.3530917167663574
v 0.2456108182668686 -0.8287929892539978 3.3546292781829834
v 0.24543747305870056 -0.8579798936843872 3.3496298789978027
v 0.24543747305870056 -0.8579798936843872 3.3496298789978027
v 0.2750110626220703 -0.8578933477401733 3.3480920791625977
v 0.26538801193237305 -0.8287889957427979 3.1845901012420654
v 0.26538801193237305 -0.8287889957427979 3.1845901012420654
v 0.23685799539089203 -0.8288729786872864 3.186069965362549
v 0.24543747305870056 -0.8579798936843872 3.3496298789978027
v 0.2456108182668686 -0.8287929892539978 3.3546292781829834
v 0.2751840054988861 -0.8287051916122437 3.3530917167663574
v 0.2655549943447113 -0.8006309866905212 3.1894099712371826
v 0.2655549943447113 -0.8006309866905212 3.1894099712371826
v 0.23702499270439148 -0.8007150292396545 3.190890073776245
v 0.2456108182668686 -0.8287929892539978 3.3546292781829834
v 0.23685799539089203 -0.8288729786872864 3.186069965362549
v 0.23702499270439148 -0.8007150292396545 3.190890073776245
v 0.2456108182668686 -0.8287929892539978 3.3546292781829834
v 0.2456108182668686 -0.8287929892539978 3.3546292781829834
v 0.24543747305870056 -0.8579798936843872 3.3496298789978027
v 0.23685799539089203 -0.8288729786872864 3.186069965362549
v 0.26538801193237305 -0.8287889957427979 3.1845901012420654
v 0.2750110626220703 -0.8578933477401733 3.3480920791625977
v 0.2751840054988861 -0.8287051916122437 3.3530917167663574
v 0.2751840054988861 -0.8287051916122437 3.3530917167663574
v 0.2655549943447113 -0.8006309866905212 3.1894099712371826
v 0.26538801193237305 -0.8287889957427979 3.1845901012420654
v 0.2659739851951599 -0.8288779854774475 3.1851398944854736
v 0.29449400305747986 -0.8287659883499146 3.1834800243377686
v 0.2946630120277405 -0.8006079792976379 3.1882998943328857
v 0.2946630120277405 -0.8006079792976379 3.1882998943328857
v 0.2661440074443817 -0.8007199764251709 3.18996000289917
v 0.2659739851951599 -0.8288779854774475 3.1851398944854736
v 0.2722066640853882 -0.8477268218994141 3.2910287380218506
v 0.3014017939567566 -0.8476114869117737 3.289327383041382
v 0.3015749454498291 -0.8187872171401978 3.2942636013031006
v 0.3015749454498291 -0.8187872171401978 3.2942636013031006
v 0.2723803222179413 -0.8189024925231934 3.2959649562835693
v 0.2722066640853882 -0.8477268218994141 3.2910287380218506
v 0.2722066640853882 -0.8477268218994141 3.2910287380218506
v 0.3014017939567566 -0.8476114869117737 3.289327383041382
v 0.29449400305747986 -0.8287659883499146 3.1834800243377686
v 0.29449400305747986 -0.8287659883499146 3.1834800243377686
v 0.2659739851951599 -0.8288779854774475 3.1851398944854736
v 0.2722066640853882 -0.8477268218994141 3.2910287380218506
v 0.2723803222179413 -0.8189024925231934 3.2959649562835693
v 0.3015749454498291 -0.8187872171401978 3.2942636013031006
v 0.2946630120277405 -0.8006079792976379 3.1882998943328857
v 0.2946630120277405 -0.8006079792976379 3.1882998943328857
v 0.2661440074443817 -0.8007199764251709 3.18996000289917
v 0.2723803222179413 -0.8189024925231934 3.2959649562835693
v 0.2659739851951599 -0.8288779854774475 3.1851398944854736
v 0.2661440074443817 -0.8007199764251709 3.18996000289917
v 0.2723803222179413 -0.8189024925231934 3.2959649562835693
v 0.2723803222179413 -0.8189024925231934 3.2959649562835693
v 0.2722066640853882 -0.8477268218994141 3.2910287380218506
v 0.2659739851951599 -0.8288779854774475 3.1851398944854736
v 0.29449400305747986 -0.8287659883499146 3.1834800243377686
v 0.3014017939567566 -0.8476114869117737 3.289327383041382
v 0.3015749454498291 -0.8187872171401978 3.2942636013031006
v 0.3015749454498291 -0.8187872171401978 3.2942636013031006
v 0.2946630120277405 -0.8006079792976379 3.1882998943328857
v 0.29449400305747986 -0.8287659883499146 3.1834800243377686
v 0.2944830060005188 0.325408011674881 3.182070016860962
v 0.2944140136241913 0.3539080023765564 3.1800999641418457
v 0.26589399576187134 0.3539530038833618 3.18176007270813
v 0.26589399576187134 0.3539530038833618 3.18176007270813
v 0.26596400141716003 0.3254530131816864 3.183729887008667
v 0.2944830060005188 0.325408011674881 3.182070016860962
v 0.3135218918323517 0.3458235263824463 3.4765126705169678
v 0.3134475350379944 0.3761760890483856 3.4744086265563965
v 0.28307268023490906 0.3762255907058716 3.476182460784912
v 0.28307268023490906 0.3762255907058716 3.476182460784912
v 0.28314802050590515 0.34587162733078003 3.4782865047454834
v 0.3135218918323517 0.3458235263824463 3.4765126705169678
v 0.3135218918323517 0.3458235263824463 3.4765126705169678
v 0.3134475350379944 0.3761760890483856 3.4744086265563965
v 0.2944140136241913 0.3539080023765564 3.1800999641418457
v 0.2944140136241913 0.3539080023765564 3.1800999641418457
v 0.2944830060005188 0.325408011674881 3.182070016860962
v 0.3135218918323517 0.3458235263824463 3.4765126705169678
v 0.28314802050590515 0.34587162733078003 3.4782865047454834
v 0.28307268023490906 0.3762255907058716 3.476182460784912
v 0.26589399576187134 0.3539530038833618 3.18176007270813
v 0.26589399576187134 0.3539530038833618 3.18176007270813
v 0.26596400141716003 0.3254530131816864 3.183729887008667
v 0.28314802050590515 0.34587162733078003 3.4782865047454834
v 0.2944830060005188 0.325408011674881 3.182070016860962
v 0.26596400141716003 0.3254530131816864 3.183729887008667
v 0.28314802050590515 0.34587162733078003 3.4782865047454834
v 0.28314802050590515 0.34587162733078003 3.4782865047454834
v 0.3135218918323517 0.3458235263824463 3.4765126705169678
v 0.2944830060005188 0.325408011674881 3.182070016860962
v 0.2944140136241913 0.3539080023765564 3.1800999641418457
v 0.3134475350379944 0.3761760890483856 3.4744086265563965
v 0.28307268023490906 0.3762255907058716 3.476182460784912
v 0.28307268023490906 0.3762255907058716 3.476182460784912
v 0.26589399576187134 0.3539530038833618 3.18176007270813
v 0.2944140136241913 0.3539080023765564 3.1800999641418457
v 0.32664400339126587 -0.5020269751548767 3.191080093383789
v 0.3551369905471802 -0.5020099878311157 3.1890199184417725
v 0.3553270101547241 -0.47358599305152893 3.191879987716675
v 0.3553270101547241 -0.47358599305152893 3.191879987716675
v 0.3268339931964874 -0.4736030101776123 3.1939499378204346
v 0.32664400339126587 -0.5020269751548767 3.191080093383789
v 0.3340384066104889 -0.5129794478416443 3.292968988418579
v 0.3631752133369446 -0.512961745262146 3.290860176086426
v 0.3633703589439392 -0.4838962256908417 3.2937867641448975
v 0.3633703589439392 -0.4838962256908417 3.2937867641448975
v 0.33423349261283875 -0.4839138984680176 3.295905590057373
v 0.3340384066104889 -0.5129794478416443 3.292968988418579
v 0.3340384066104889 -0.5129794478416443 3.292968988418579
v 0.3631752133369446 -0.512961745262146 3.290860176086426
v 0.3551369905471802 -0.5020099878311157 3.1890199184417725
v 0.3551369905471802 -0.5020099878311157 3.1890199184417725
v 0.32664400339126587 -0.5020269751548767 3.191080093383789
v 0.3340384066104889 -0.5129794478416443 3.292968988418579
v 0.33423349261283875 -0.4839138984680176 3.295905590057373
v 0.3633703589439392 -0.4838962256908417 3.2937867641448975
v 0.3553270101547241 -0.47358599305152893 3.191879987716675
v 0.3553270101547241 -0.47358599305152893 3.191879987716675
v 0.3268339931964874 -0.4736030101776123 3.1939499378204346
v 0.33423349261283875 -0.4839138984680176 3.295905590057373
v 0.32664400339126587 -0.5020269751548767 3.191080093383789
v 0.3268339931964874 -0.4736030101776123 3.1939499378204346
v 0.33423349261283875 -0.4839138984680176 3.295905590057373
v 0.33423349261283875 -0.4839138984680176 3.295905590057373
v 0.3340384066104889 -0.5129794478416443 3.292968988418579
v 0.32664400339126587 -0.5020269751548767 3.191080093383789
v 0.3551369905471802 -0.5020099878311157 3.1890199184417725
v 0.3631752133369446 -0.512961745262146 3.290860176086426
v 0.3633703589439392 -0.4838962256908417 3.2937867641448975
v 0.3633703589439392 -0.4838962256908417 3.2937867641448975
v 0.3553270101547241 -0.47358599305152893 3.191879987716675
v 0.3551369905471802 -0.5020099878311157 3.1890199184417725
v 0.3842410147190094 -0.0589945986866951 3.179110050201416
v 0.4127059876918793 -0.0589945986866951 3.176680088043213
v 0.41272100806236267 -0.030427200719714165 3.1768600940704346
v 0.41272100806236267 -0.030427200719714165 3.1768600940704346
v 0.3842560052871704 -0.030427200719714165 3.1792900562286377
v 0.3842410147190094 -0.0589945986866951 3.179110050201416
v 0.39936167001724243 -0.061236072331666946 3.3567917346954346
v 0.4289420545101166 -0.061235953122377396 3.3542633056640625
v 0.42895808815956116 -0.031548257917165756 3.3544538021087646
v 0.42895808815956116 -0.031548257917165756 3.3544538021087646
v 0.3993776738643646 -0.0315483957529068 3.3569822311401367
v 0.39936167001724243 -0.061236072331666946 3.3567917346954346
v 0.39936167001724243 -0.061236072331666946 3.3567917346954346
v 0.4289420545101166 -0.061235953122377396 3.3542633056640625
v 0.4127059876918793 -0.0589945986866951 3.176680088043213
v 0.4127059876918793 -0.0589945986866951 3.176680088043213
v 0.3842410147190094 -0.0589945986866951 3.179110050201416
v 0.39936167001724243 -0.061236072331666946 3.3567917346954346
v 0.3993776738643646 -0.0315483957529068 3.3569822311401367
v 0.42895808815956116 -0.031548257917165756 3.3544538021087646
v 0.41272100806236267 -0.030427200719714165 3.1768600940704346
v 0.41272100806236267 -0.030427200719714165 3.1768600940704346
v 0.3842560052871704 -0.030427200719714165 3.1792900562286377
v 0.3993776738643646 -0.0315483957529068 3.3569822311401367
v 0.3842410147190094 -0.0589945986866951 3.179110050201416
v 0.3842560052871704 -0.030427200719714165 3.1792900562286377
v 0.3993776738643646 -0.0315483957529068 3.3569822311401367
v 0.3993776738643646 -0.0315483957529068 3.3569822311401367
v 0.39936167001724243 -0.061236072331666946 3.3567917346954346
v 0.3842410147190094 -0.0589945986866951 3.179110050201416
v 0.4127059876918793 -0.0589945986866951 3.176680088043213
v 0.4289420545101166 -0.061235953122377396 3.3542633056640625
v 0.42895808815956116 -0.031548257917165756 3.3544538021087646
v 0.42895808815956116 -0.031548257917165756 3.3544538021087646
v 0.41272100806236267 -0.030427200719714165 3.1768600940704346
v 0.4127059876918793 -0.0589945986866951 3.176680088043213
v 0.41318899393081665 -1.1870299577713013 3.1765799522399902
v 0.4416390061378479 -1.1868699789047241 3.17399001121521
v 0.44211700558662415 -1.1591600179672241 3.1809000968933105
v 0.44211700558662415 -1.1591600179672241 3.1809000968933105
v 0.4136680066585541 -1.159309983253479 3.183500051498413
v 0.41318899393081665 -1.1870299577713013 3.1765799522399902
v 0.4189364016056061 -1.2030107975006104 3.2385833263397217
v 0.44778814911842346 -1.202850580215454 3.235954761505127
v 0.4482731819152832 -1.1747462749481201 3.242964506149292
v 0.4482731819152832 -1.1747462749481201 3.242964506149292
v 0.4194220006465912 -1.1749025583267212 3.2456014156341553
v 0.4189364016056061 -1.2030107975006104 3.2385833263397217
v 0.4189364016056061 -1.2030107975006104 3.2385833263397217
v 0.44778814911842346 -1.202850580215454 3.235954761505127
v 0.4416390061378479 -1.1868699789047241 3.17399001121521
v 0.4416390061378479 -1.1868699789047241 3.17399001121521
v 0.41318899393081665 -1.1870299577713013 3.1765799522399902
v 0.4189364016056061 -1.2030107975006104 3.2385833263397217
v 0.4194220006465912 -1.1749025583267212 3.2456014156341553
v 0.4482731819152832 -1.1747462749481201 3.242964506149292
v 0.44211700558662415 -1.1591600179672241 3.1809000968933105
v 0.44211700558662415 -1.1591600179672241 3.1809000968933105
v 0.4136680066585541 -1.159309983253479 3.183500051498413
v 0.4194220006465912 -1.1749025583267212 3.2456014156341553
v 0.41318899393081665 -1.1870299577713013 3.1765799522399902
v 0.4136680066585541 -1.159309983253479 3.183500051498413
v 0.4194220006465912 -1.1749025583267212 3.2456014156341553
v 0.4194220006465912 -1.1749025583267212 3.2456014156341553
v 0.4189364016056061 -1.2030107975006104 3.2385833263397217
v 0.41318899393081665 -1.1870299577713013 3.1765799522399902
v 0.4416390061378479 -1.1868699789047241 3.17399001121521
v 0.44778814911842346 -1.202850580215454 3.235954761505127
v 0.4482731819152832 -1.1747462749481201 3.242964506149292
v 0.4482731819152832 -1.1747462749481201 3.242964506149292
v 0.44211700558662415 -1.1591600179672241 3.1809000968933105
v 0.4416390061378479 -1.1868699789047241 3.17399001121521
v 0.41328001022338867 -0.1463640034198761 3.176759958267212
v 0.44172999262809753 -0.1463640034198761 3.1741600036621094
v 0.4417949914932251 -0.11780499666929245 3.174870014190674
v 0.4417949914932251 -0.11780499666929245 3.174870014190674
v 0.41334599256515503 -0.11780499666929245 3.1774699687957764
v 0.41328001022338867 -0.1463640034198761 3.176759958267212
v 0.4276212751865387 -0.1513139307498932 3.3336021900177
v 0.45705607533454895 -0.1513139307498932 3.330909013748169
v 0.45712387561798096 -0.12176578491926193 3.331646680831909
v 0.45712387561798096 -0.12176578491926193 3.331646680831909
v 0.4276886284351349 -0.12176578491926193 3.3343400955200195
v 0.4276212751865387 -0.1513139307498932 3.3336021900177
v 0.4276212751865387 -0.1513139307498932 3.3336021900177
v 0.45705607533454895 -0.1513139307498932 3.330909013748169
v 0.44172999262809753 -0.1463640034198761 3.1741600036621094
v 0.44172999262809753 -0.1463640034198761 3.1741600036621094
v 0.41328001022338867 -0.1463640034198761 3.176759958267212
v 0.4276212751865387 -0.1513139307498932 3.3336021900177
v 0.4276886284351349 -0.12176578491926193 3.3343400955200195
v 0.45712387561798096 -0.12176578491926193 3.331646680831909
v 0.4417949914932251 -0.11780499666929245 3.174870014190674
v 0.4417949914932251 -0.11780499666929245 3.174870014190674
v 0.41334599256515503 -0.11780499666929245 3.1774699687957764
v 0.4276886284351349 -0.12176578491926193 3.3343400955200195
v 0.41328001022338867 -0.1463640034198761 3.176759958267212
v 0.41334599256515503 -0.11780499666929245 3.1774699687957764
v 0.4276886284351349 -0.12176578491926193 3.3343400955200195
v 0.4276886284351349 -0.12176578491926193 3.3343400955200195
v 0.4276212751865387 -0.1513139307498932 3.3336021900177
v 0.41328001022338867 -0.1463640034198761 3.176759958267212
v 0.44172999262809753 -0.1463640034198761 3.1741600036621094
v 0.45705607533454895 -0.1513139307498932 3.330909013748169
v 0.45712387561798096 -0.12176578491926193 3.331646680831909
v 0.45712387561798096 -0.12176578491926193 3.331646680831909
v 0.4417949914932251 -0.11780499666929245 3.174870014190674
v 0.44172999262809753 -0.1463640034198761 3.1741600036621094
v 0.4417949914932251 0.11780499666929245 3.174870014190674
v 0.44172999262809753 0.1463640034198761 3.1741600036621094
v 0.41328001022338867 0.1463640034198761 3.176759958267212
v 0.41328001022338867 0.1463640034198761 3.176759958267212
v 0.41334599256515503 0.11780499666929245 3.1774699687957764
v 0.4417949914932251 0.11780499666929245 3.174870014190674
v 0.4549441933631897 0.12120258063077927 3.309354066848755
v 0.4548768103122711 0.1506100744009018 3.3086202144622803
v 0.42558202147483826 0.1506100744009018 3.311300039291382
v 0.42558202147483826 0.1506100744009018 3.311300039291382
v 0.4256491959095001 0.12120258808135986 3.3120341300964355
v 0.4549441933631897 0.12120258063077927 3.309354066848755
v 0.4549441933631897 0.12120258063077927 3.309354066848755
v 0.4548768103122711 0.1506100744009018 3.3086202144622803
v 0.44172999262809753 0.1463640034198761 3.1741600036621094
v 0.44172999262809753 0.1463640034198761 3.1741600036621094
v 0.4417949914932251 0.11780499666929245 3.174870014190674
v 0.4549441933631897 0.12120258063077927 3.309354066848755
v 0.4256491959095001 0.12120258808135986 3.3120341300964355
v 0.42558202147483826 0.1506100744009018 3.311300039291382
v 0.41328001022338867 0.1463640034198761 3.176759958267212
v 0.41328001022338867 0.1463640034198761 3.176759958267212
v 0.41334599256515503 0.11780499666929245 3.1774699687957764
v 0.4256491959095001 0.12120258808135986 3.3120341300964355
v 0.4417949914932251 0.11780499666929245 3.174870014190674
v 0.41334599256515503 0.11780499666929245 3.1774699687957764
v 0.4256491959095001 0.12120258808135986 3.3120341300964355
v 0.4256491959095001 0.12120258808135986 3.3120341300964355
v 0.4549441933631897 0.12120258063077927 3.309354066848755
v 0.4417949914932251 0.11780499666929245 3.174870014190674
v 0.44172999262809753 0.1463640034198761 3.1741600036621094
v 0.4548768103122711 0.1506100744009018 3.3086202144622803
v 0.42558202147483826 0.1506100744009018 3.311300039291382
v 0.42558202147483826 0.1506100744009018 3.311300039291382
v 0.41328001022338867 0.1463640034198761 3.176759958267212
v 0.44172999262809753 0.1463640034198761 3.1741600036621094
v 0.4456219971179962 -0.5599809885025024 3.191970109939575
v 0.47404998540878296 -0.5599809885025024 3.1891400814056396
v 0.47436898946762085 -0.53159499168396 3.192349910736084
v 0.47436898946762085 -0.53159499168396 3.192349910736084
v 0.4459410011768341 -0.53159499168396 3.1951699256896973
v 0.4456219971179962 -0.5599809885025024 3.191970109939575
v 0.45756858587265015 -0.5744577050209045 3.3120713233947754
v 0.48675569891929626 -0.5744569897651672 3.3091635704040527
v 0.4870840907096863 -0.5453129410743713 3.3124613761901855
v 0.4870840907096863 -0.5453129410743713 3.3124613761901855
v 0.4578964114189148 -0.5453130006790161 3.315359354019165
v 0.45756858587265015 -0.5744577050209045 3.3120713233947754
v 0.45756858587265015 -0.5744577050209045 3.3120713233947754
v 0.48675569891929626 -0.5744569897651672 3.3091635704040527
v 0.47404998540878296 -0.5599809885025024 3.1891400814056396
v 0.47404998540878296 -0.5599809885025024 3.1891400814056396
v 0.4456219971179962 -0.5599809885025024 3.191970109939575
v 0.45756858587265015 -0.5744577050209045 3.3120713233947754
v 0.4578964114189148 -0.5453130006790161 3.315359354019165
v 0.4870840907096863 -0.5453129410743713 3.3124613761901855
v 0.47436898946762085 -0.53159499168396 3.192349910736084
v 0.47436898946762085 -0.53159499168396 3.192349910736084
v 0.4459410011768341 -0.53159499168396 3.1951699256896973
v 0.4578964114189148 -0.5453130006790161 3.315359354019165
v 0.4456219971179962 -0.5599809885025024 3.191970109939575
v 0.4459410011768341 -0.53159499168396 3.1951699256896973
v 0.4578964114189148 -0.5453130006790161 3.315359354019165
v 0.4578964114189148 -0.5453130006790161 3.315359354019165
v 0.45756858587265015 -0.5744577050209045 3.3120713233947754
v 0.4456219971179962 -0.5599809885025024 3.191970109939575
v 0.47404998540878296 -0.5599809885025024 3.1891400814056396
v 0.48675569891929626 -0.5744569897651672 3.3091635704040527
v 0.4870840907096863 -0.5453129410743713 3.3124613761901855
v 0.4870840907096863 -0.5453129410743713 3.3124613761901855
v 0.47436898946762085 -0.53159499168396 3.192349910736084
v 0.47404998540878296 -0.5599809885025024 3.1891400814056396
v 0.44536900520324707 -0.11723700165748596 3.1892600059509277
v 0.4737969934940338 -0.11723700165748596 3.186429977416992
v 0.4738500118255615 -0.08867459744215012 3.1869699954986572
v 0.4738500118255615 -0.08867459744215012 3.1869699954986572
v 0.4454219937324524 -0.08867450058460236 3.1897900104522705
v 0.44536900520324707 -0.11723700165748596 3.1892600059509277
v 0.45148342847824097 -0.11879168450832367 3.250786542892456
v 0.48029765486717224 -0.1187916025519371 3.2479169368743896
v 0.4803515076637268 -0.08984052389860153 3.2484655380249023
v 0.4803515076637268 -0.08984052389860153 3.2484655380249023
v 0.45153701305389404 -0.08984043449163437 3.2513251304626465
v 0.45148342847824097 -0.11879168450832367 3.250786542892456
v 0.45148342847824097 -0.11879168450832367 3.250786542892456
v 0.48029765486717224 -0.1187916025519371 3.2479169368743896
v 0.4737969934940338 -0.11723700165748596 3.186429977416992
v 0.4737969934940338 -0.11723700165748596 3.186429977416992
v 0.44536900520324707 -0.11723700165748596 3.1892600059509277
v 0.45148342847824097 -0.11879168450832367 3.250786542892456
v 0.45153701305389404 -0.08984043449163437 3.2513251304626465
v 0.4803515076637268 -0.08984052389860153 3.2484655380249023
v 0.4738500118255615 -0.08867459744215012 3.1869699954986572
v 0.4738500118255615 -0.08867459744215012 3.1869699954986572
v 0.4454219937324524 -0.08867450058460236 3.1897900104522705
v 0.45153701305389404 -0.08984043449163437 3.2513251304626465
v 0.44536900520324707 -0.11723700165748596 3.1892600059509277
v 0.4454219937324524 -0.08867450058460236 3.1897900104522705
v 0.45153701305389404 -0.08984043449163437 3.2513251304626465
v 0.45153701305389404 -0.08984043449163437 3.2513251304626465
v 0.45148342847824097 -0.11879168450832367 3.250786542892456
v 0.44536900520324707 -0.11723700165748596 3.1892600059509277
v 0.4737969934940338 -0.11723700165748596 3.186429977416992
v 0.48029765486717224 -0.1187916025519371 3.2479169368743896
v 0.4803515076637268 -0.08984052389860153 3.2484655380249023
v 0.4803515076637268 -0.08984052389860153 3.2484655380249023
v 0.4738500118255615 -0.08867459744215012 3.1869699954986572
v 0.4737969934940338 -0.11723700165748596 3.186429977416992
v 0.4453839957714081 -0.08811459690332413 3.1894099712371826
v 0.4738120138645172 -0.08811459690332413 3.1865899562835693
v 0.47384700179100037 -0.05954879894852638 3.1869399547576904
v 0.47384700179100037 -0.05954879894852638 3.1869399547576904
v 0.4454190135002136 -0.05954889953136444 3.189769983291626
v 0.4453839957714081 -0.08811459690332413 3.1894099712371826
v 0.4564476013183594 -0.09022396802902222 3.3007426261901855
v 0.4855749011039734 -0.09022395312786102 3.297851085662842
v 0.4856109917163849 -0.06095530092716217 3.2982120513916016
v 0.4856109917163849 -0.06095530092716217 3.2982120513916016
v 0.45648419857025146 -0.0609554722905159 3.3011136054992676
v 0.4564476013183594 -0.09022396802902222 3.3007426261901855
v 0.4564476013183594 -0.09022396802902222 3.3007426261901855
v 0.4855749011039734 -0.09022395312786102 3.297851085662842
v 0.4738120138645172 -0.08811459690332413 3.1865899562835693
v 0.4738120138645172 -0.08811459690332413 3.1865899562835693
v 0.4453839957714081 -0.08811459690332413 3.1894099712371826
v 0.4564476013183594 -0.09022396802902222 3.3007426261901855
v 0.45648419857025146 -0.0609554722905159 3.3011136054992676
v 0.4856109917163849 -0.06095530092716217 3.2982120513916016
v 0.47384700179100037 -0.05954879894852638 3.1869399547576904
v 0.47384700179100037 -0.05954879894852638 3.1869399547576904
v 0.4454190135002136 -0.05954889953136444 3.189769983291626
v 0.45648419857025146 -0.0609554722905159 3.3011136054992676
v 0.4453839957714081 -0.08811459690332413 3.1894099712371826
v 0.4454190135002136 -0.05954889953136444 3.189769983291626
v 0.45648419857025146 -0.0609554722905159 3.3011136054992676
v 0.45648419857025146 -0.0609554722905159 3.3011136054992676
v 0.4564476013183594 -0.09022396802902222 3.3007426261901855
v 0.4453839957714081 -0.08811459690332413 3.1894099712371826
v 0.4738120138645172 -0.08811459690332413 3.1865899562835693
v 0.4855749011039734 -0.09022395312786102 3.297851085662842
v 0.4856109917163849 -0.06095530092716217 3.2982120513916016
v 0.4856109917163849 -0.06095530092716217 3.2982120513916016
v 0.47384700179100037 -0.05954879894852638 3.1869399547576904
v 0.4738120138645172 -0.08811459690332413 3.1865899562835693
v 0.4738450050354004 0.0013083500089123845 3.186919927597046
v 0.4738450050354004 0.029876399785280228 3.186919927597046
v 0.44541698694229126 0.029876399785280228 3.189739942550659
v 0.44541698694229126 0.029876399785280228 3.189739942550659
v 0.44541698694229126 0.0013083600206300616 3.189739942550659
v 0.4738450050354004 0.0013083500089123845 3.186919927597046
v 0.4847972095012665 0.0013087240513414145 3.290513753890991
v 0.48479700088500977 0.030531104654073715 3.2905118465423584
v 0.4557179808616638 0.030531154945492744 3.29339861869812
v 0.4557179808616638 0.030531154945492744 3.29339861869812
v 0.45571818947792053 0.0013087340630590916 3.293400526046753
v 0.4847972095012665 0.0013087240513414145 3.290513753890991
v 0.4847972095012665 0.0013087240513414145 3.290513753890991
v 0.48479700088500977 0.030531104654073715 3.2905118465423584
v 0.4738450050354004 0.029876399785280228 3.186919927597046
v 0.4738450050354004 0.029876399785280228 3.186919927597046
v 0.4738450050354004 0.0013083500089123845 3.186919927597046
v 0.4847972095012665 0.0013087240513414145 3.290513753890991
v 0.45571818947792053 0.0013087340630590916 3.293400526046753
v 0.4557179808616638 0.030531154945492744 3.29339861869812
v 0.44541698694229126 0.029876399785280228 3.189739942550659
v 0.44541698694229126 0.029876399785280228 3.189739942550659
v 0.44541698694229126 0.0013083600206300616 3.189739942550659
v 0.45571818947792053 0.0013087340630590916 3.293400526046753
v 0.4738450050354004 0.0013083500089123845 3.186919927597046
v 0.44541698694229126 0.0013083600206300616 3.189739942550659
v 0.45571818947792053 0.0013087340630590916 3.293400526046753
v 0.45571818947792053 0.0013087340630590916 3.293400526046753
v 0.4847972095012665 0.0013087240513414145 3.290513753890991
v 0.4738450050354004 0.0013083500089123845 3.186919927597046
v 0.4738450050354004 0.029876399785280228 3.186919927597046
v 0.48479700088500977 0.030531104654073715 3.2905118465423584
v 0.4557179808616638 0.030531154945492744 3.29339861869812
v 0.4557179808616638 0.030531154945492744 3.29339861869812
v 0.44541698694229126 0.029876399785280228 3.189739942550659
v 0.4738450050354004 0.029876399785280228 3.186919927597046
v 0.4742029905319214 0.17777200043201447 3.1905500888824463
v 0.47409600019454956 0.20632000267505646 3.1894800662994385
v 0.4456680119037628 0.20631900429725647 3.1923000812530518
v 0.4456680119037628 0.20631900429725647 3.1923000812530518
v 0.44577500224113464 0.17777200043201447 3.1933701038360596
v 0.4742029905319214 0.17777200043201447 3.1905500888824463
v 0.5113480091094971 0.19109465181827545 3.5418202877044678
v 0.5112336277961731 0.2218601554632187 3.5406599044799805
v 0.4805949628353119 0.2218601256608963 3.5437066555023193
v 0.4805949628353119 0.2218601256608963 3.5437066555023193
v 0.48070940375328064 0.19109472632408142 3.5448670387268066
v 0.5113480091094971 0.19109465181827545 3.5418202877044678
v 0.5113480091094971 0.19109465181827545 3.5418202877044678
v 0.5112336277961731 0.2218601554632187 3.5406599044799805
v 0.47409600019454956 0.20632000267505646 3.1894800662994385
v 0.47409600019454956 0.20632000267505646 3.1894800662994385
v 0.4742029905319214 0.17777200043201447 3.1905500888824463
v 0.5113480091094971 0.19109465181827545 3.5418202877044678
v 0.48070940375328064 0.19109472632408142 3.5448670387268066
v 0.4805949628353119 0.2218601256608963 3.5437066555023193
v 0.4456680119037628 0.20631900429725647 3.1923000812530518
v 0.4456680119037628 0.20631900429725647 3.1923000812530518
v 0.44577500224113464 0.17777200043201447 3.1933701038360596
v 0.48070940375328064 0.19109472632408142 3.5448670387268066
v 0.4742029905319214 0.17777200043201447 3.1905500888824463
v 0.44577500224113464 0.17777200043201447 3.1933701038360596
v 0.48070940375328064 0.19109472632408142 3.5448670387268066
v 0.48070940375328064 0.19109472632408142 3.5448670387268066
v 0.5113480091094971 0.19109465181827545 3.5418202877044678
v 0.4742029905319214 0.17777200043201447 3.1905500888824463
v 0.47409600019454956 0.20632000267505646 3.1894800662994385
v 0.5112336277961731 0.2218601554632187 3.5406599044799805
v 0.4805949628353119 0.2218601256608963 3.5437066555023193
v 0.4805949628353119 0.2218601256608963 3.5437066555023193
v 0.4456680119037628 0.20631900429725647 3.1923000812530518
v 0.47409600019454956 0.20632000267505646 3.1894800662994385
v 0.4747369885444641 0.2963860034942627 3.195970058441162
v 0.4745590090751648 0.32489699125289917 3.19419002532959
v 0.44613099098205566 0.32489699125289917 3.197010040283203
v 0.44613099098205566 0.32489699125289917 3.197010040283203
v 0.44630900025367737 0.2963860034942627 3.1988000869750977
v 0.4747369885444641 0.2963860034942627 3.195970058441162
v 0.4880678057670593 0.3043580651283264 3.321988821029663
v 0.48788514733314514 0.3336654603481293 3.3201563358306885
v 0.4586636424064636 0.33366551995277405 3.3230578899383545
v 0.4586636424064636 0.33366551995277405 3.3230578899383545
v 0.4588463008403778 0.3043580949306488 3.3249001502990723
v 0.4880678057670593 0.3043580651283264 3.321988821029663
v 0.4880678057670593 0.3043580651283264 3.321988821029663
v 0.48788514733314514 0.3336654603481293 3.3201563358306885
v 0.4745590090751648 0.32489699125289917 3.19419002532959
v 0.4745590090751648 0.32489699125289917 3.19419002532959
v 0.4747369885444641 0.2963860034942627 3.195970058441162
v 0.4880678057670593 0.3043580651283264 3.321988821029663
v 0.4588463008403778 0.3043580949306488 3.3249001502990723
v 0.4586636424064636 0.33366551995277405 3.3230578899383545
v 0.44613099098205566 0.32489699125289917 3.197010040283203
v 0.44613099098205566 0.32489699125289917 3.197010040283203
v 0.44630900025367737 0.2963860034942627 3.1988000869750977
v 0.4588463008403778 0.3043580949306488 3.3249001502990723
v 0.4747369885444641 0.2963860034942627 3.195970058441162
v 0.44630900025367737 0.2963860034942627 3.1988000869750977
v 0.4588463008403778 0.3043580949306488 3.3249001502990723
v 0.4588463008403778 0.3043580949306488 3.3249001502990723
v 0.4880678057670593 0.3043580651283264 3.321988821029663
v 0.4747369885444641 0.2963860034942627 3.195970058441162
v 0.4745590090751648 0.32489699125289917 3.19419002532959
v 0.48788514733314514 0.3336654603481293 3.3201563358306885
v 0.4586636424064636 0.33366551995277405 3.3230578899383545
v 0.4586636424064636 0.33366551995277405 3.3230578899383545
v 0.44613099098205566 0.32489699125289917 3.197010040283203
v 0.4745590090751648 0.32489699125289917 3.19419002532959
v 0.4743939936161041 -0.029876399785280228 3.1868700981140137
v 0.5028039813041687 -0.02987629920244217 3.1838700771331787
v 0.5028039813041687 -0.0013083399971947074 3.1838700771331787
v 0.5028039813041687 -0.0013083399971947074 3.1838700771331787
v 0.4743939936161041 -0.0013083700323477387 3.1868700981140137
v 0.4743939936161041 -0.029876399785280228 3.1868700981140137
v 0.48947396874427795 -0.03077789954841137 3.329500913619995
v 0.5187797546386719 -0.03077780082821846 3.3264033794403076
v 0.5187801122665405 -0.0013088550185784698 3.326406240463257
v 0.5187801122665405 -0.0013088550185784698 3.326406240463257
v 0.48947426676750183 -0.001308885053731501 3.3295037746429443
v 0.48947396874427795 -0.03077789954841137 3.329500913619995
v 0.48947396874427795 -0.03077789954841137 3.329500913619995
v 0.5187797546386719 -0.03077780082821846 3.3264033794403076
v 0.5028039813041687 -0.02987629920244217 3.1838700771331787
v 0.5028039813041687 -0.02987629920244217 3.1838700771331787
v 0.4743939936161041 -0.029876399785280228 3.1868700981140137
v 0.48947396874427795 -0.03077789954841137 3.329500913619995
v 0.48947426676750183 -0.001308885053731501 3.3295037746429443
v 0.5187801122665405 -0.0013088550185784698 3.326406240463257
v 0.5028039813041687 -0.0013083399971947074 3.1838700771331787
v 0.5028039813041687 -0.0013083399971947074 3.1838700771331787
v 0.4743939936161041 -0.0013083700323477387 3.1868700981140137
v 0.48947426676750183 -0.001308885053731501 3.3295037746429443
v 0.4743939936161041 -0.029876399785280228 3.1868700981140137
v 0.4743939936161041 -0.0013083700323477387 3.1868700981140137
v 0.48947426676750183 -0.001308885053731501 3.3295037746429443
v 0.48947426676750183 -0.001308885053731501 3.3295037746429443
v 0.48947396874427795 -0.03077789954841137 3.329500913619995
v 0.4743939936161041 -0.029876399785280228 3.1868700981140137
v 0.5028039813041687 -0.02987629920244217 3.1838700771331787
v 0.5187797546386719 -0.03077780082821846 3.3264033794403076
v 0.5187801122665405 -0.0013088550185784698 3.326406240463257
v 0.5187801122665405 -0.0013088550185784698 3.326406240463257
v 0.5028039813041687 -0.0013083399971947074 3.1838700771331787
v 0.5028039813041687 -0.02987629920244217 3.1838700771331787
v 0.5033259987831116 -0.11723700165748596 3.1835200786590576
v 0.5317170023918152 -0.11723700165748596 3.180340051651001
v 0.531777024269104 -0.08867450058460236 3.180880069732666
v 0.531777024269104 -0.08867450058460236 3.180880069732666
v 0.5033860206604004 -0.08867450058460236 3.1840600967407227
v 0.5033259987831116 -0.11723700165748596 3.1835200786590576
v 0.5134170651435852 -0.11951480060815811 3.2735486030578613
v 0.5423737168312073 -0.1195148155093193 3.27030348777771
v 0.5424349904060364 -0.09038286656141281 3.2708559036254883
v 0.5424349904060364 -0.09038286656141281 3.2708559036254883
v 0.5134788155555725 -0.09038292616605759 3.2741010189056396
v 0.5134170651435852 -0.11951480060815811 3.2735486030578613
v 0.5134170651435852 -0.11951480060815811 3.2735486030578613
v 0.5423737168312073 -0.1195148155093193 3.27030348777771
v 0.5317170023918152 -0.11723700165748596 3.180340051651001
v 0.5317170023918152 -0.11723700165748596 3.180340051651001
v 0.5033259987831116 -0.11723700165748596 3.1835200786590576
v 0.5134170651435852 -0.11951480060815811 3.2735486030578613
v 0.5134788155555725 -0.09038292616605759 3.2741010189056396
v 0.5424349904060364 -0.09038286656141281 3.2708559036254883
v 0.531777024269104 -0.08867450058460236 3.180880069732666
v 0.531777024269104 -0.08867450058460236 3.180880069732666
v 0.5033860206604004 -0.08867450058460236 3.1840600967407227
v 0.5134788155555725 -0.09038292616605759 3.2741010189056396
v 0.5033259987831116 -0.11723700165748596 3.1835200786590576
v 0.5033860206604004 -0.08867450058460236 3.1840600967407227
v 0.5134788155555725 -0.09038292616605759 3.2741010189056396
v 0.5134788155555725 -0.09038292616605759 3.2741010189056396
v 0.5134170651435852 -0.11951480060815811 3.2735486030578613
v 0.5033259987831116 -0.11723700165748596 3.1835200786590576
v 0.5317170023918152 -0.11723700165748596 3.180340051651001
v 0.5423737168312073 -0.1195148155093193 3.27030348777771
v 0.5424349904060364 -0.09038286656141281 3.2708559036254883
v 0.5424349904060364 -0.09038286656141281 3.2708559036254883
v 0.531777024269104 -0.08867450058460236 3.180880069732666
v 0.5317170023918152 -0.11723700165748596 3.180340051651001
v 0.5609210133552551 0.23597599565982819 3.179640054702759
v 0.5607690215110779 0.2645080089569092 3.17822003364563
v 0.5323989987373352 0.26452499628067017 3.181580066680908
v 0.5323989987373352 0.26452499628067017 3.181580066680908
v 0.5325509905815125 0.23599299788475037 3.1830101013183594
v 0.5609210133552551 0.23597599565982819 3.179640054702759
v 0.5722647905349731 0.2405805140733719 3.2704803943634033
v 0.5721098184585571 0.26968759298324585 3.2690298557281494
v 0.5431685447692871 0.2697051763534546 3.2724592685699463
v 0.5431685447692871 0.2697051763534546 3.2724592685699463
v 0.5433235764503479 0.24059827625751495 3.2739198207855225
v 0.5722647905349731 0.2405805140733719 3.2704803943634033
v 0.5722647905349731 0.2405805140733719 3.2704803943634033
v 0.5721098184585571 0.26968759298324585 3.2690298557281494
v 0.5607690215110779 0.2645080089569092 3.17822003364563
v 0.5607690215110779 0.2645080089569092 3.17822003364563
v 0.5609210133552551 0.23597599565982819 3.179640054702759
v 0.5722647905349731 0.2405805140733719 3.2704803943634033
v 0.5433235764503479 0.24059827625751495 3.2739198207855225
v 0.5431685447692871 0.2697051763534546 3.2724592685699463
v 0.5323989987373352 0.26452499628067017 3.181580066680908
v 0.5323989987373352 0.26452499628067017 3.181580066680908
v 0.5325509905815125 0.23599299788475037 3.1830101013183594
v 0.5433235764503479 0.24059827625751495 3.2739198207855225
v 0.5609210133552551 0.23597599565982819 3.179640054702759
v 0.5325509905815125 0.23599299788475037 3.1830101013183594
v 0.5433235764503479 0.24059827625751495 3.2739198207855225
v 0.5433235764503479 0.24059827625751495 3.2739198207855225
v 0.5722647905349731 0.2405805140733719 3.2704803943634033
v 0.5609210133552551 0.23597599565982819 3.179640054702759
v 0.5607690215110779 0.2645080089569092 3.17822003364563
v 0.5721098184585571 0.26968759298324585 3.2690298557281494
v 0.5431685447692871 0.2697051763534546 3.2724592685699463
v 0.5431685447692871 0.2697051763534546 3.2724592685699463
v 0.5323989987373352 0.26452499628067017 3.181580066680908
v 0.5607690215110779 0.2645080089569092 3.17822003364563
v 0.5608369708061218 0.26509401202201843 3.178770065307617
v 0.5606639981269836 0.29361599683761597 3.1771600246429443
v 0.532293975353241 0.29363301396369934 3.1805200576782227
v 0.532293975353241 0.29363301396369934 3.1805200576782227
v 0.5324670076370239 0.2651109993457794 3.1821300983428955
v 0.5608369708061218 0.26509401202201843 3.178770065307617
v 0.5690977573394775 0.2688668966293335 3.2449169158935547
v 0.5689219832420349 0.2978076636791229 3.2432820796966553
v 0.5401355028152466 0.297824889421463 3.246692657470703
v 0.5401355028152466 0.297824889421463 3.246692657470703
v 0.5403116345405579 0.2688843011856079 3.2483274936676025
v 0.5690977573394775 0.2688668966293335 3.2449169158935547
v 0.5690977573394775 0.2688668966293335 3.2449169158935547
v 0.5689219832420349 0.2978076636791229 3.2432820796966553
v 0.5606639981269836 0.29361599683761597 3.1771600246429443
v 0.5606639981269836 0.29361599683761597 3.1771600246429443
v 0.5608369708061218 0.26509401202201843 3.178770065307617
v 0.5690977573394775 0.2688668966293335 3.2449169158935547
v 0.5403116345405579 0.2688843011856079 3.2483274936676025
v 0.5401355028152466 0.297824889421463 3.246692657470703
v 0.532293975353241 0.29363301396369934 3.1805200576782227
v 0.532293975353241 0.29363301396369934 3.1805200576782227
v 0.5324670076370239 0.2651109993457794 3.1821300983428955
v 0.5403116345405579 0.2688843011856079 3.2483274936676025
v 0.5608369708061218 0.26509401202201843 3.178770065307617
v 0.5324670076370239 0.2651109993457794 3.1821300983428955
v 0.5403116345405579 0.2688843011856079 3.2483274936676025
v 0.5403116345405579 0.2688843011856079 3.2483274936676025
v 0.5690977573394775 0.2688668966293335 3.2449169158935547
v 0.5608369708061218 0.26509401202201843 3.178770065307617
v 0.5606639981269836 0.29361599683761597 3.1771600246429443
v 0.5689219832420349 0.2978076636791229 3.2432820796966553
v 0.5401355028152466 0.297824889421463 3.246692657470703
v 0.5401355028152466 0.297824889421463 3.246692657470703
v 0.532293975353241 0.29363301396369934 3.1805200576782227
v 0.5606639981269836 0.29361599683761597 3.1771600246429443
v 0.7744250297546387 -0.5020269751548767 3.202239990234375
v 0.8025779724121094 -0.5020099878311157 3.197390079498291
v 0.8030480146408081 -0.47358599305152893 3.2002201080322266
v 0.8030480146408081 -0.47358599305152893 3.2002201080322266
v 0.7748960256576538 -0.4736030101776123 3.2050700187683105
v 0.7744250297546387 -0.5020269751548767 3.202239990234375
v 0.7850871682167053 -0.5087499618530273 3.2640342712402344
v 0.8136303424835205 -0.5087326765060425 3.2591159343719482
v 0.8141077756881714 -0.4799148440361023 3.261986017227173
v 0.8141077756881714 -0.4799148440361023 3.261986017227173
v 0.7855653166770935 -0.47993209958076477 3.266904830932617
v 0.7850871682167053 -0.5087499618530273 3.2640342712402344
v 0.7850871682167053 -0.5087499618530273 3.2640342712402344
v 0.8136303424835205 -0.5087326765060425 3.2591159343719482
v 0.8025779724121094 -0.5020099878311157 3.197390079498291
v 0.8025779724121094 -0.5020099878311157 3.197390079498291
v 0.7744250297546387 -0.5020269751548767 3.202239990234375
v 0.7850871682167053 -0.5087499618530273 3.2640342712402344
v 0.7855653166770935 -0.47993209958076477 3.266904830932617
v 0.8141077756881714 -0.4799148440361023 3.261986017227173
v 0.8030480146408081 -0.47358599305152893 3.2002201080322266
v 0.8030480146408081 -0.47358599305152893 3.2002201080322266
v 0.7748960256576538 -0.4736030101776123 3.2050700187683105
v 0.7855653166770935 -0.47993209958076477 3.266904830932617
v 0.7744250297546387 -0.5020269751548767 3.202239990234375
v 0.7748960256576538 -0.4736030101776123 3.2050700187683105
v 0.7855653166770935 -0.47993209958076477 3.266904830932617
v 0.7855653166770935 -0.47993209958076477 3.266904830932617
v 0.7850871682167053 -0.5087499618530273 3.2640342712402344
v 0.7744250297546387 -0.5020269751548767 3.202239990234375
v 0.8025779724121094 -0.5020099878311157 3.197390079498291
v 0.8136303424835205 -0.5087326765060425 3.2591159343719482
v 0.8141077756881714 -0.4799148440361023 3.261986017227173
v 0.8141077756881714 -0.4799148440361023 3.261986017227173
v 0.8030480146408081 -0.47358599305152893 3.2002201080322266
v 0.8025779724121094 -0.5020099878311157 3.197390079498291
v 0.7739869952201843 -0.3539479970932007 3.1995599269866943
v 0.8021399974822998 -0.3539370000362396 3.194700002670288
v 0.8024640083312988 -0.3254370093345642 3.1966500282287598
v 0.8024640083312988 -0.3254370093345642 3.1966500282287598
v 0.7743120193481445 -0.32544800639152527 3.2014999389648438
v 0.7739869952201843 -0.3539479970932007 3.1995599269866943
v 0.7988535761833191 -0.36499884724617004 3.3437259197235107
v 0.8279119729995728 -0.36498624086380005 3.3387069702148438
v 0.8282476663589478 -0.33556774258613586 3.3407223224639893
v 0.8282476663589478 -0.33556774258613586 3.3407223224639893
v 0.7991873025894165 -0.33557870984077454 3.3457319736480713
v 0.7988535761833191 -0.36499884724617004 3.3437259197235107
v 0.7988535761833191 -0.36499884724617004 3.3437259197235107
v 0.8279119729995728 -0.36498624086380005 3.3387069702148438
v 0.8021399974822998 -0.3539370000362396 3.194700002670288
v 0.8021399974822998 -0.3539370000362396 3.194700002670288
v 0.7739869952201843 -0.3539479970932007 3.1995599269866943
v 0.7988535761833191 -0.36499884724617004 3.3437259197235107
v 0.7991873025894165 -0.33557870984077454 3.3457319736480713
v 0.8282476663589478 -0.33556774258613586 3.3407223224639893
v 0.8024640083312988 -0.3254370093345642 3.1966500282287598
v 0.8024640083312988 -0.3254370093345642 3.1966500282287598
v 0.7743120193481445 -0.32544800639152527 3.2014999389648438
v 0.7991873025894165 -0.33557870984077454 3.3457319736480713
v 0.7739869952201843 -0.3539479970932007 3.1995599269866943
v 0.7743120193481445 -0.32544800639152527 3.2014999389648438
v 0.7991873025894165 -0.33557870984077454 3.3457319736480713
v 0.7991873025894165 -0.33557870984077454 3.3457319736480713
v 0.7988535761833191 -0.36499884724617004 3.3437259197235107
v 0.7739869952201843 -0.3539479970932007 3.1995599269866943
v 0.8021399974822998 -0.3539370000362396 3.194700002670288
v 0.8279119729995728 -0.36498624086380005 3.3387069702148438
v 0.8282476663589478 -0.33556774258613586 3.3407223224639893
v 0.8282476663589478 -0.33556774258613586 3.3407223224639893
v 0.8024640083312988 -0.3254370093345642 3.1966500282287598
v 0.8021399974822998 -0.3539370000362396 3.194700002670288
v 0.8589959740638733 0.4126279950141907 3.181459903717041
v 0.8585709929466248 0.44108501076698303 3.178989887237549
v 0.830482006072998 0.441118985414505 3.1842000484466553
v 0.830482006072998 0.441118985414505 3.1842000484466553
v 0.8309059739112854 0.41266098618507385 3.1866700649261475
v 0.8589959740638733 0.4126279950141907 3.181459903717041
v 0.8705890774726868 0.41804781556129456 3.2418291568756104
v 0.8701582551002502 0.4468909502029419 3.2393243312835693
v 0.841688334941864 0.44692566990852356 3.2446062564849854
v 0.841688334941864 0.44692566990852356 3.2446062564849854
v 0.8421184420585632 0.4180818200111389 3.2471108436584473
v 0.8705890774726868 0.41804781556129456 3.2418291568756104
v 0.8705890774726868 0.41804781556129456 3.2418291568756104
v 0.8701582551002502 0.4468909502029419 3.2393243312835693
v 0.8585709929466248 0.44108501076698303 3.178989887237549
v 0.8585709929466248 0.44108501076698303 3.178989887237549
v 0.8589959740638733 0.4126279950141907 3.181459903717041
v 0.8705890774726868 0.41804781556129456 3.2418291568756104
v 0.8421184420585632 0.4180818200111389 3.2471108436584473
v 0.841688334941864 0.44692566990852356 3.2446062564849854
v 0.830482006072998 0.441118985414505 3.1842000484466553
v 0.830482006072998 0.441118985414505 3.1842000484466553
v 0.8309059739112854 0.41266098618507385 3.1866700649261475
v 0.8421184420585632 0.4180818200111389 3.2471108436584473
v 0.8589959740638733 0.4126279950141907 3.181459903717041
v 0.8309059739112854 0.41266098618507385 3.1866700649261475
v 0.8421184420585632 0.4180818200111389 3.2471108436584473
v 0.8421184420585632 0.4180818200111389 3.2471108436584473
v 0.8705890774726868 0.41804781556129456 3.2418291568756104
v 0.8589959740638733 0.4126279950141907 3.181459903717041
v 0.8585709929466248 0.44108501076698303 3.178989887237549
v 0.8701582551002502 0.4468909502029419 3.2393243312835693
v 0.841688334941864 0.44692566990852356 3.2446062564849854
v 0.841688334941864 0.44692566990852356 3.2446062564849854
v 0.830482006072998 0.441118985414505 3.1842000484466553
v 0.8585709929466248 0.44108501076698303 3.178989887237549
v 1.0106600522994995 -0.3539530038833618 3.1861701011657715
v 1.0385299921035767 -0.3539080023765564 3.1798698902130127
v 1.0389200448989868 -0.325408011674881 3.181809902191162
v 1.0389200448989868 -0.325408011674881 3.181809902191162
v 1.0110499858856201 -0.3254530131816864 3.1881000995635986
v 1.0106600522994995 -0.3539530038833618 3.1861701011657715
v 1.020906686782837 -0.3574610948562622 3.231480836868286
v 1.0490626096725464 -0.35741546750068665 3.2251152992248535
v 1.0494571924209595 -0.32862377166748047 3.2270758152008057
v 1.0494571924209595 -0.32862377166748047 3.2270758152008057
v 1.02130126953125 -0.3286691904067993 3.233431339263916
v 1.020906686782837 -0.3574610948562622 3.231480836868286
v 1.020906686782837 -0.3574610948562622 3.231480836868286
v 1.0490626096725464 -0.35741546750068665 3.2251152992248535
v 1.0385299921035767 -0.3539080023765564 3.1798698902130127
v 1.0385299921035767 -0.3539080023765564 3.1798698902130127
v 1.0106600522994995 -0.3539530038833618 3.1861701011657715
v 1.020906686782837 -0.3574610948562622 3.231480836868286
v 1.02130126953125 -0.3286691904067993 3.233431339263916
v 1.0494571924209595 -0.32862377166748047 3.2270758152008057
v 1.0389200448989868 -0.325408011674881 3.181809902191162
v 1.0389200448989868 -0.325408011674881 3.181809902191162
v 1.0110499858856201 -0.3254530131816864 3.1881000995635986
v 1.02130126953125 -0.3286691904067993 3.233431339263916
v 1.0106600522994995 -0.3539530038833618 3.1861701011657715
v 1.0110499858856201 -0.3254530131816864 3.1881000995635986
v 1.02130126953125 -0.3286691904067993 3.233431339263916
v 1.02130126953125 -0.3286691904067993 3.233431339263916
v 1.020906686782837 -0.3574610948562622 3.231480836868286
v 1.0106600522994995 -0.3539530038833618 3.1861701011657715
v 1.0385299921035767 -0.3539080023765564 3.1798698902130127
v 1.0490626096725464 -0.35741546750068665 3.2251152992248535
v 1.0494571924209595 -0.32862377166748047 3.2270758152008057
v 1.0494571924209595 -0.32862377166748047 3.2270758152008057
v 1.0389200448989868 -0.325408011674881 3.181809902191162
v 1.0385299921035767 -0.3539080023765564 3.1798698902130127
v 1.0762399435043335 -0.23542000353336334 3.203089952468872
v 1.1040199995040894 -0.2354149967432022 3.1964099407196045
v 1.1043100357055664 -0.20687399804592133 3.197629928588867
v 1.1043100357055664 -0.20687399804592133 3.197629928588867
v 1.0765299797058105 -0.20688000321388245 3.2043099403381348
v 1.0762399435043335 -0.23542000353336334 3.203089952468872
v 1.0892949104309082 -0.23823030292987823 3.2574045658111572
v 1.117415189743042 -0.23822496831417084 3.2506415843963623
v 1.1177079677581787 -0.20933318138122559 3.251878023147583
v 1.1177079677581787 -0.20933318138122559 3.251878023147583
v 1.089587688446045 -0.20933924615383148 3.258640766143799
v 1.0892949104309082 -0.23823030292987823 3.2574045658111572
v 1.0892949104309082 -0.23823030292987823 3.2574045658111572
v 1.117415189743042 -0.23822496831417084 3.2506415843963623
v 1.1040199995040894 -0.2354149967432022 3.1964099407196045
v 1.1040199995040894 -0.2354149967432022 3.1964099407196045
v 1.0762399435043335 -0.23542000353336334 3.203089952468872
v 1.0892949104309082 -0.23823030292987823 3.2574045658111572
v 1.089587688446045 -0.20933924615383148 3.258640766143799
v 1.1177079677581787 -0.20933318138122559 3.251878023147583
v 1.1043100357055664 -0.20687399804592133 3.197629928588867
v 1.1043100357055664 -0.20687399804592133 3.197629928588867
v 1.0765299797058105 -0.20688000321388245 3.2043099403381348
v 1.089587688446045 -0.20933924615383148 3.258640766143799
v 1.0762399435043335 -0.23542000353336334 3.203089952468872
v 1.0765299797058105 -0.20688000321388245 3.2043099403381348
v 1.089587688446045 -0.20933924615383148 3.258640766143799
v 1.089587688446045 -0.20933924615383148 3.258640766143799
v 1.0892949104309082 -0.23823030292987823 3.2574045658111572
v 1.0762399435043335 -0.23542000353336334 3.203089952468872
v 1.1040199995040894 -0.2354149967432022 3.1964099407196045
v 1.117415189743042 -0.23822496831417084 3.2506415843963623
v 1.1177079677581787 -0.20933318138122559 3.251878023147583
v 1.1177079677581787 -0.20933318138122559 3.251878023147583
v 1.1043100357055664 -0.20687399804592133 3.197629928588867
v 1.1040199995040894 -0.2354149967432022 3.1964099407196045
f 1 2 3
f 4 5 6
f 7 8 9
f 10 11 12
f 13 14 15
f 16 17 18
f 19 20 21
f 22 23 24
f 25 26 27
f 28 29 30
f 31 32 33
f 34 35 36
f 37 38 39
f 40 41 42
f 43 44 45
f 46 47 48
f 49 50 51
f 52 53 54
f 55 56 57
f 58 59 60
f 61 62 63
f 64 65 66
f 67 68 69
f 70 71 72
f 73 74 75
f 76 77 78
f 79 80 81
f 82 83 84
f 85 86 87
f 88 89 90
f 91 92 93
f 94 95 96
f 97 98 99
f 100 101 102
f 103 104 105
f 106 107 108
f 109 110 111
f 112 113 114
f 115 116 117
f 118 119 120
f 121 122 123
f 124 125 126
f 127 128 129
f 130 131 132
f 133 134 135
f 136 137 138
f 139 140 141
f 142 143 144
f 145 146 147
f 148 149 150
f 151 152 153
f 154 155 156
f 157 158 159
f 160 161 162
f 163 164 165
f 166 167 168
f 169 170 171
f 172 173 174
f 175 176 177
f 178 179 180
f 181 182 183
f 184 185 186
f 187 188 189
f 190 191 192
f 193 194 195
f 196 197 198
f 199 200 201
f 202 203 204
f 205 206 207
f 208 209 210
f 211 212 213
f 214 215 216
f 217 218 219
f 220 221 222
f 223 224 225
f 226 227 228
f 229 230 231
f 232 233 234
f 235 236 237
f 238 239 240
f 241 242 243
f 244 245 246
f 247 248 249
f 250 251 252
f 253 254 255
f 256 257 258
f 259 260 261
f 262 263 264
f 265 266 267
f 268 269 270
f 271 272 273
f 274 275 276
f 277 278 279
f 280 281 282
f 283 284 285
f 286 287 288
f 289 290 291
f 292 293 294
f 295 296 297
f 298 299 300
f 301 302 303
f 304 305 306
f 307 308 309
f 310 311 312
f 313 314 315
f 316 317 318
f 319 320 321
f 322 323 324
f 325 326 327
f 328 329 330
f 331 332 333
f 334 335 336
f 337 338 339
f 340 341 342
f 343 344 345
f 346 347 348
f 349 350 351
f 352 353 354
f 355 356 357
f 358 359 360
f 361 362 363
f 364 365 366
f 367 368 369
f 370 371 372
f 373 374 375
f 376 377 378
f 379 380 381
f 382 383 384
f 385 386 387
f 388 389 390
f 391 392 393
f 394 395 396
f 397 398 399
f 400 401 402
f 403 404 405
f 406 407 408
f 409 410 411
f 412 413 414
f 415 416 417
f 418 419 420
f 421 422 423
f 424 425 426
f 427 428 429
f 430 431 432
f 433 434 435
f 436 437 438
f 439 440 441
f 442 443 444
f 445 446 447
f 448 449 450
f 451 452 453
f 454 455 456
f 457 458 459
f 460 461 462
f 463 464 465
f 466 467 468
f 469 470 471
f 472 473 474
f 475 476 477
f 478 479 480
f 481 482 483
f 484 485 486
f 487 488 489
f 490 491 492
f 493 494 495
f 496 497 498
f 499 500 501
f 502 503 504
f 505 506 507
f 508 509 510
f 511 512 513
f 514 515 516
f 517 518 519
f 520 521 522
f 523 524 525
f 526 527 528
f 529 530 531
f 532 533 534
f 535 536 537
f 538 539 540
f 541 542 543
f 544 545 546
f 547 548 549
f 550 551 552
f 553 554 555
f 556 557 558
f 559 560 561
f 562 563 564
f 565 566 567
f 568 569 570
f 571 572 573
f 574 575 576
f 577 578 579
f 580 581 582
f 583 584 585
f 586 587 588
f 589 590 591
f 592 593 594
f 595 596 597
f 598 599 600
f 601 602 603
f 604 605 606
f 607 608 609
f 610 611 612
f 613 614 615
f 616 617 618
f 619 620 621
f 622 623 624
f 625 626 627
f 628 629 630
f 631 632 633
f 634 635 636
f 637 638 639
f 640 641 642
f 643 644 645
f 646 647 648
f 649 650 651
f 652 653 654
f 655 656 657
f 658 659 660
f 661 662 663
f 664 665 666
f 667 668 669
f 670 671 672
f 673 674 675
f 676 677 678
f 679 680 681
f 682 683 684
f 685 686 687
f 688 689 690
f 691 692 693
f 694 695 696
f 697 698 699
f 700 701 702
f 703 704 705
f 706 707 708
f 709 710 711
f 712 713 714
f 715 716 717
f 718 719 720
f 721 722 723
f 724 725 726
f 727 728 729
f 730 731 732
f 733 734 735
f 736 737 738
f 739 740 741
f 742 743 744
f 745 746 747
f 748 749 750
f 751 752 753
f 754 755 756
f 757 758 759
f 760 761 762
f 763 764 765
f 766 767 768
f 769 770 771
f 772 773 774
f 775 776 777
f 778 779 780
f 781 782 783
f 784 785 786
f 787 788 789
f 790 791 792
f 793 794 795
f 796 797 798
f 799 800 801
f 802 803 804
f 805 806 807
f 808 809 810
f 811 812 813
f 814 815 816
f 817 818 819
f 820 821 822
f 823 824 825
f 826 827 828
f 829 830 831
f 832 833 834
f 835 836 837
f 838 839 840
f 841 842 843
f 844 845 846
f 847 848 849
f 850 851 852
f 853 854 855
f 856 857 858
f 859 860 861
f 862 863 864
f 865 866 867
f 868 869 870
f 871 872 873
f 874 875 876
f 877 878 879
f 880 881 882
f 883 884 885
f 886 887 888
f 889 890 891
f 892 893 894
f 895 896 897
f 898 899 900
f 901 902 903
f 904 905 906
f 907 908 909
f 910 911 912
f 913 914 915
f 916 917 918
f 919 920 921
f 922 923 924
f 925 926 927
f 928 929 930
f 931 932 933
f 934 935 936
f 937 938 939
f 940 941 942
f 943 944 945
f 946 947 948
f 949 950 951
f 952 953 954
f 955 956 957
f 958 959 960
f 961 962 963
f 964 965 966
f 967 968 969
f 970 971 972
f 973 974 975
f 976 977 978
f 979 980 981
f 982 983 984
f 985 986 987
f 988 989 990
f 991 992 993
f 994 995 996
f 997 998 999
f 1000 1001 1002
f 1003 1004 1005
f 1006 1007 1008
f 1009 1010 1011
f 1012 1013 1014
f 1015 1016 1017
f 1018 1019 1020
f 1021 1022 1023
f 1024 1025 1026
f 1027 1028 1029
f 1030 1031 1032
f 1033 1034 1035
f 1036 1037 1038
f 1039 1040 1041
f 1042 1043 1044
f 1045 1046 1047
f 1048 1049 1050
f 1051 1052 1053
f 1054 1055 1056
f 1057 1058 1059
f 1060 1061 1062
f 1063 1064 1065
f 1066 1067 1068
f 1069 1070 1071
f 1072 1073 1074
f 1075 1076 1077
f 1078 1079 1080
f 1081 1082 1083
f 1084 1085 1086
f 1087 1088 1089
f 1090 1091 1092
f 1093 1094 1095
f 1096 1097 1098
f 1099 1100 1101
f 1102 1103 1104
f 1105 1106 1107
f 1108 1109 1110
f 1111 1112 1113
f 1114 1115 1116
f 1117 1118 1119
f 1120 1121 1122
f 1123 1124 1125
f 1126 1127 1128
f 1129 1130 1131
f 1132 1133 1134
f 1135 1136 1137
f 1138 1139 1140
f 1141 1142 1143
f 1144 1145 1146
f 1147 1148 1149
f 1150 1151 1152
f 1153 1154 1155
f 1156 1157 1158
f 1159 1160 1161
f 1162 1163 1164
f 1165 1166 1167
f 1168 1169 1170
f 1171 1172 1173
f 1174 1175 1176
f 1177 1178 1179
f 1180 1181 1182
f 1183 1184 1185
f 1186 1187 1188
f 1189 1190 1191
f 1192 1193 1194
f 1195 1196 1197
f 1198 1199 1200
f 1201 1202 1203
f 1204 1205 1206
f 1207 1208 1209
f 1210 1211 1212
f 1213 1214 1215
f 1216 1217 1218
f 1219 1220 1221
f 1222 1223 1224
f 1225 1226 1227
f 1228 1229 1230
f 1231 1232 1233
f 1234 1235 1236
f 1237 1238 1239
f 1240 1241 1242
f 1243 1244 1245
f 1246 1247 1248
f 1249 1250 1251
f 1252 1253 1254
f 1255 1256 1257
f 1258 1259 1260
f 1261 1262 1263
f 1264 1265 1266
f 1267 1268 1269
f 1270 1271 1272
f 1273 1274 1275
f 1276 1277 1278
f 1279 1280 1281
f 1282 1283 1284
f 1285 1286 1287
f 1288 1289 1290
f 1291 1292 1293
f 1294 1295 1296
f 1297 1298 1299
f 1300 1301 1302
f 1303 1304 1305
f 1306 1307 1308
f 1309 1310 1311
f 1312 1313 1314
f 1315 1316 1317
f 1318 1319 1320
f 1321 1322 1323
f 1324 1325 1326
f 1327 1328 1329
f 1330 1331 1332
f 1333 1334 1335
f 1336 1337 1338
f 1339 1340 1341
f 1342 1343 1344
f 1345 1346 1347
f 1348 1349 1350
f 1351 1352 1353
f 1354 1355 1356
f 1357 1358 1359
f 1360 1361 1362
f 1363 1364 1365
f 1366 1367 1368
f 1369 1370 1371
f 1372 1373 1374
f 1375 1376 1377
f 1378 1379 1380
f 1381 1382 1383
f 1384 1385 1386
f 1387 1388 1389
f 1390 1391 1392
f 1393 1394 1395
f 1396 1397 1398
f 1399 1400 1401
f 1402 1403 1404
f 1405 1406 1407
f 1408 1409 1410
f 1411 1412 1413
f 1414 1415 1416
f 1417 1418 1419
f 1420 1421 1422
f 1423 1424 1425
f 1426 1427 1428
f 1429 1430 1431
f 1432 1433 1434
f 1435 1436 1437
f 1438 1439 1440
f 1441 1442 1443
f 1444 1445 1446
f 1447 1448 1449
f 1450 1451 1452
f 1453 1454 1455
f 1456 1457 1458
f 1459 1460 1461
f 1462 1463 1464
f 1465 1466 1467
f 1468 1469 1470
f 1471 1472 1473
f 1474 1475 1476
f 1477 1478 1479
f 1480 1481 1482
f 1483 1484 1485
f 1486 1487 1488
f 1489 1490 1491
f 1492 1493 1494
f 1495 1496 1497
f 1498 1499 1500
f 1501 1502 1503
f 1504 1505 1506
f 1507 1508 1509
f 1510 1511 1512
f 1513 1514 1515
f 1516 1517 1518
f 1519 1520 1521
f 1522 1523 1524
f 1525 1526 1527
f 1528 1529 1530
f 1531 1532 1533
f 1534 1535 1536
f 1537 1538 1539
f 1540 1541 1542
f 1543 1544 1545
f 1546 1547 1548
f 1549 1550 1551
f 1552 1553 1554
f 1555 1556 1557
f 1558 1559 1560
f 1561 1562 1563
f 1564 1565 1566
f 1567 1568 1569
f 1570 1571 1572
f 1573 1574 1575
f 1576 1577 1578
f 1579 1580 1581
f 1582 1583 1584
f 1585 1586 1587
f 1588 1589 1590
f 1591 1592 1593
f 1594 1595 1596
f 1597 1598 1599
f 1600 1601 1602
f 1603 1604 1605
f 1606 1607 1608
f 1609 1610 1611
f 1612 1613 1614
f 1615 1616 1617
f 1618 1619 1620
f 1621 1622 1623
f 1624 1625 1626
f 1627 1628 1629
f 1630 1631 1632
f 1633 1634 1635
f 1636 1637 1638
f 1639 1640 1641
f 1642 1643 1644
f 1645 1646 1647
f 1648 1649 1650
f 1651 1652 1653
f 1654 1655 1656
f 1657 1658 1659
f 1660 1661 1662
f 1663 1664 1665
f 1666 1667 1668
f 1669 1670 1671
f 1672 1673 1674
f 1675 1676 1677
f 1678 1679 1680
f 1681 1682 1683
f 1684 1685 1686
f 1687 1688 1689
f 1690 1691 1692
f 1693 1694 1695
f 1696 1697 1698
f 1699 1700 1701
f 1702 1703 1704
f 1705 1706 1707
f 1708 1709 1710
f 1711 1712 1713
f 1714 1715 1716
f 1717 1718 1719
f 1720 1721 1722
f 1723 1724 1725
f 1726 1727 1728
f 1729 1730 1731
f 1732 1733 1734
f 1735 1736 1737
f 1738 1739 1740
f 1741 1742 1743
f 1744 1745 1746
f 1747 1748 1749
f 1750 1751 1752
f 1753 1754 1755
f 1756 1757 1758
f 1759 1760 1761
f 1762 1763 1764
f 1765 1766 1767
f 1768 1769 1770
f 1771 1772 1773
f 1774 1775 1776
f 1777 1778 1779
f 1780 1781 1782
f 1783 1784 1785
f 1786 1787 1788
f 1789 1790 1791
f 1792 1793 1794
f 1795 1796 1797
f 1798 1799 1800
f 1801 1802 1803
f 1804 1805 1806
f 1807 1808 1809
f 1810 1811 1812
f 1813 1814 1815
f 1816 1817 1818
f 1819 1820 1821
f 1822 1823 1824
f 1825 1826 1827
f 1828 1829 1830
f 1831 1832 1833
f 1834 1835 1836
f 1837 1838 1839
f 1840 1841 1842
f 1843 1844 1845
f 1846 1847 1848
f 1849 1850 1851
f 1852 1853 1854
f 1855 1856 1857
f 1858 1859 1860
f 1861 1862 1863
f 1864 1865 1866
f 1867 1868 1869
f 1870 1871 1872
f 1873 1874 1875
f 1876 1877 1878
f 1879 1880 1881
f 1882 1883 1884
f 1885 1886 1887
f 1888 1889 1890
f 1891 1892 1893
f 1894 1895 1896
f 1897 1898 1899
f 1900 1901 1902
f 1903 1904 1905
f 1906 1907 1908
f 1909 1910 1911
f 1912 1913 1914
f 1915 1916 1917
f 1918 1919 1920
f 1921 1922 1923
f 1924 1925 1926
f 1927 1928 1929
f 1930 1931 1932
f 1933 1934 1935
f 1936 1937 1938
f 1939 1940 1941
f 1942 1943 1944
f 1945 1946 1947
f 1948 1949 1950
f 1951 1952 1953
f 1954 1955 1956
f 1957 1958 1959
f 1960 1961 1962
f 1963 1964 1965
f 1966 1967 1968
f 1969 1970 1971
f 1972 1973 1974
f 1975 1976 1977
f 1978 1979 1980
f 1981 1982 1983
f 1984 1985 1986
f 1987 1988 1989
f 1990 1991 1992
f 1993 1994 1995
f 1996 1997 1998
f 1999 2000 2001
f 2002 2003 2004
f 2005 2006 2007
f 2008 2009 2010
f 2011 2012 2013
f 2014 2015 2016
f 2017 2018 2019
f 2020 2021 2022
f 2023 2024 2025
f 2026 2027 2028
f 2029 2030 2031
f 2032 2033 2034
f 2035 2036 2037
f 2038 2039 2040
f 2041 2042 2043
f 2044 2045 2046
f 2047 2048 2049
f 2050 2051 2052
f 2053 2054 2055
f 2056 2057 2058
f 2059 2060 2061
f 2062 2063 2064
f 2065 2066 2067
f 2068 2069 2070
f 2071 2072 2073
f 2074 2075 2076
f 2077 2078 2079
f 2080 2081 2082
f 2083 2084 2085
f 2086 2087 2088
f 2089 2090 2091
f 2092 2093 2094
f 2095 2096 2097
f 2098 2099 2100
f 2101 2102 2103
f 2104 2105 2106
f 2107 2108 2109
f 2110 2111 2112
f 2113 2114 2115
f 2116 2117 2118
f 2119 2120 2121
f 2122 2123 2124
f 2125 2126 2127
f 2128 2129 2130
f 2131 2132 2133
f 2134 2135 2136
f 2137 2138 2139
f 2140 2141 2142
f 2143 2144 2145
f 2146 2147 2148
f 2149 2150 2151
f 2152 2153 2154
f 2155 2156 2157
f 2158 2159 2160
f 2161 2162 2163
f 2164 2165 2166
f 2167 2168 2169
f 2170 2171 2172
f 2173 2174 2175
f 2176 2177 2178
f 2179 2180 2181
f 2182 2183 2184
f 2185 2186 2187
f 2188 2189 2190
f 2191 2192 2193
f 2194 2195 2196
f 2197 2198 2199
f 2200 2201 2202
f 2203 2204 2205
f 2206 2207 2208
f 2209 2210 2211
f 2212 2213 2214
f 2215 2216 2217
f 2218 2219 2220
f 2221 2222 2223
f 2224 2225 2226
f 2227 2228 2229
f 2230 2231 2232
f 2233 2234 2235
f 2236 2237 2238
f 2239 2240 2241
f 2242 2243 2244
f 2245 2246 2247
f 2248 2249 2250
f 2251 2252 2253
f 2254 2255 2256
f 2257 2258 2259
f 2260 2261 2262
f 2263 2264 2265
f 2266 2267 2268
f 2269 2270 2271
f 2272 2273 2274
f 2275 2276 2277
f 2278 2279 2280
f 2281 2282 2283
f 2284 2285 2286
f 2287 2288 2289
f 2290 2291 2292
f 2293 2294 2295
f 2296 2297 2298
f 2299 2300 2301
f 2302 2303 2304
f 2305 2306 2307
f 2308 2309 2310
f 2311 2312 2313
f 2314 2315 2316
f 2317 2318 2319
f 2320 2321 2322
f 2323 2324 2325
f 2326 2327 2328
f 2329 2330 2331
f 2332 2333 2334
f 2335 2336 2337
f 2338 2339 2340
f 2341 2342 2343
f 2344 2345 2346
f 2347 2348 2349
f 2350 2351 2352
f 2353 2354 2355
f 2356 2357 2358
f 2359 2360 2361
f 2362 2363 2364
f 2365 2366 2367
f 2368 2369 2370
f 2371 2372 2373
f 2374 2375 2376
f 2377 2378 2379
f 2380 2381 2382
f 2383 2384 2385
f 2386 2387 2388
f 2389 2390 2391
f 2392 2393 2394
f 2395 2396 2397
f 2398 2399 2400
f 2401 2402 2403
f 2404 2405 2406
f 2407 2408 2409
f 2410 2411 2412
f 2413 2414 2415
f 2416 2417 2418
f 2419 2420 2421
f 2422 2423 2424
f 2425 2426 2427
f 2428 2429 2430
f 2431 2432 2433
f 2434 2435 2436
f 2437 2438 2439
f 2440 2441 2442
f 2443 2444 2445
f 2446 2447 2448
f 2449 2450 2451
f 2452 2453 2454
f 2455 2456 2457
f 2458 2459 2460
f 2461 2462 2463
f 2464 2465 2466
f 2467 2468 2469
f 2470 2471 2472
f 2473 2474 2475
f 2476 2477 2478
f 2479 2480 2481
f 2482 2483 2484
f 2485 2486 2487
f 2488 2489 2490
f 2491 2492 2493
f 2494 2495 2496
f 2497 2498 2499
f 2500 2501 2502
f 2503 2504 2505
f 2506 2507 2508
f 2509 2510 2511
f 2512 2513 2514
f 2515 2516 2517
f 2518 2519 2520
f 2521 2522 2523
f 2524 2525 2526
f 2527 2528 2529
f 2530 2531 2532
f 2533 2534 2535
f 2536 2537 2538
f 2539 2540 2541
f 2542 2543 2544
f 2545 2546 2547
f 2548 2549 2550
f 2551 2552 2553
f 2554 2555 2556
f 2557 2558 2559
f 2560 2561 2562
f 2563 2564 2565
f 2566 2567 2568
f 2569 2570 2571
f 2572 2573 2574
f 2575 2576 2577
f 2578 2579 2580
f 2581 2582 2583
f 2584 2585 2586
f 2587 2588 2589
f 2590 2591 2592
f 2593 2594 2595
f 2596 2597 2598
f 2599 2600 2601
f 2602 2603 2604
f 2605 2606 2607
f 2608 2609 2610
f 2611 2612 2613
f 2614 2615 2616
f 2617 2618 2619
f 2620 2621 2622
f 2623 2624 2625
f 2626 2627 2628
f 2629 2630 2631
f 2632 2633 2634
f 2635 2636 2637
f 2638 2639 2640
f 2641 2642 2643
f 2644 2645 2646
f 2647 2648 2649
f 2650 2651 2652
f 2653 2654 2655
f 2656 2657 2658
f 2659 2660 2661
f 2662 2663 2664
f 2665 2666 2667
f 2668 2669 2670
f 2671 2672 2673
f 2674 2675 2676
f 2677 2678 2679
f 2680 2681 2682
f 2683 2684 2685
f 2686 2687 2688
f 2689 2690 2691
f 2692 2693 2694
f 2695 2696 2697
f 2698 2699 2700
f 2701 2702 2703
f 2704 2705 2706
f 2707 2708 2709
f 2710 2711 2712
f 2713 2714 2715
f 2716 2717 2718
f 2719 2720 2721
f 2722 2723 2724
f 2725 2726 2727
f 2728 2729 2730
f 2731 2732 2733
f 2734 2735 2736
f 2737 2738 2739
f 2740 2741 2742
f 2743 2744 2745
f 2746 2747 2748
f 2749 2750 2751
f 2752 2753 2754
f 2755 2756 2757
f 2758 2759 2760
f 2761 2762 2763
f 2764 2765 2766
f 2767 2768 2769
f 2770 2771 2772
f 2773 2774 2775
f 2776 2777 2778
f 2779 2780 2781
f 2782 2783 2784
f 2785 2786 2787
f 2788 2789 2790
f 2791 2792 2793
f 2794 2795 2796
f 2797 2798 2799
f 2800 2801 2802
f 2803 2804 2805
f 2806 2807 2808
f 2809 2810 2811
f 2812 2813 2814
f 2815 2816 2817
f 2818 2819 2820
f 2821 2822 2823
f 2824 2825 2826
f 2827 2828 2829
f 2830 2831 2832
f 2833 2834 2835
f 2836 2837 2838
f 2839 2840 2841
f 2842 2843 2844
f 2845 2846 2847
f 2848 2849 2850
f 2851 2852 2853
f 2854 2855 2856
f 2857 2858 2859
f 2860 2861 2862
f 2863 2864 2865
f 2866 2867 2868
f 2869 2870 2871
f 2872 2873 2874
f 2875 2876 2877
f 2878 2879 2880
f 2881 2882 2883
f 2884 2885 2886
f 2887 2888 2889
f 2890 2891 2892
f 2893 2894 2895
f 2896 2897 2898
f 2899 2900 2901
f 2902 2903 2904
f 2905 2906 2907
f 2908 2909 2910
f 2911 2912 2913
f 2914 2915 2916
f 2917 2918 2919
f 2920 2921 2922
f 2923 2924 2925
f 2926 2927 2928
f 2929 2930 2931
f 2932 2933 2934
f 2935 2936 2937
f 2938 2939 2940
f 2941 2942 2943
f 2944 2945 2946
f 2947 2948 2949
f 2950 2951 2952
f 2953 2954 2955
f 2956 2957 2958
f 2959 2960 2961
f 2962 2963 2964
f 2965 2966 2967
f 2968 2969 2970
f 2971 2972 2973
f 2974 2975 2976
f 2977 2978 2979
f 2980 2981 2982
f 2983 2984 2985
f 2986 2987 2988
f 2989 2990 2991
f 2992 2993 2994
f 2995 2996 2997
f 2998 2999 3000
f 3001 3002 3003
f 3004 3005 3006
f 3007 3008 3009
f 3010 3011 3012
f 3013 3014 3015
f 3016 3017 3018
f 3019 3020 3021
f 3022 3023 3024
f 3025 3026 3027
f 3028 3029 3030
f 3031 3032 3033
f 3034 3035 3036
f 3037 3038 3039
f 3040 3041 3042
f 3043 3044 3045
f 3046 3047 3048
f 3049 3050 3051
f 3052 3053 3054
f 3055 3056 3057
f 3058 3059 3060
f 3061 3062 3063
f 3064 3065 3066
f 3067 3068 3069
f 3070 3071 3072
f 3073 3074 3075
f 3076 3077 3078
f 3079 3080 3081
f 3082 3083 3084
f 3085 3086 3087
f 3088 3089 3090
f 3091 3092 3093
f 3094 3095 3096
f 3097 3098 3099
f 3100 3101 3102
f 3103 3104 3105
f 3106 3107 3108
f 3109 3110 3111
f 3112 3113 3114
f 3115 3116 3117
f 3118 3119 3120
f 3121 3122 3123
f 3124 3125 3126
f 3127 3128 3129
f 3130 3131 3132
f 3133 3134 3135
f 3136 3137 3138
f 3139 3140 3141
f 3142 3143 3144
f 3145 3146 3147
f 3148 3149 3150
f 3151 3152 3153
f 3154 3155 3156
f 3157 3158 3159
f 3160 3161 3162
f 3163 3164 3165
f 3166 3167 3168
f 3169 3170 3171
f 3172 3173 3174
f 3175 3176 3177
f 3178 3179 3180
f 3181 3182 3183
f 3184 3185 3186
f 3187 3188 3189
f 3190 3191 3192
f 3193 3194 3195
f 3196 3197 3198
f 3199 3200 3201
f 3202 3203 3204
f 3205 3206 3207
f 3208 3209 3210
f 3211 3212 3213
f 3214 3215 3216
f 3217 3218 3219
f 3220 3221 3222
f 3223 3224 3225
f 3226 3227 3228
f 3229 3230 3231
f 3232 3233 3234
f 3235 3236 3237
f 3238 3239 3240
f 3241 3242 3243
f 3244 3245 3246
f 3247 3248 3249
f 3250 3251 3252
f 3253 3254 3255
f 3256 3257 3258
f 3259 3260 3261
f 3262 3263 3264
f 3265 3266 3267
f 3268 3269 3270
f 3271 3272 3273
f 3274 3275 3276
f 3277 3278 3279
f 3280 3281 3282
f 3283 3284 3285
f 3286 3287 3288
f 3289 3290 3291
f 3292 3293 3294
f 3295 3296 3297
f 3298 3299 3300
f 3301 3302 3303
f 3304 3305 3306
f 3307 3308 3309
f 3310 3311 3312
f 3313 3314 3315
f 3316 3317 3318
f 3319 3320 3321
f 3322 3323 3324
f 3325 3326 3327
f 3328 3329 3330
f 3331 3332 3333
f 3334 3335 3336
f 3337 3338 3339
f 3340 3341 3342
f 3343 3344 3345
f 3346 3347 3348
f 3349 3350 3351
f 3352 3353 3354
f 3355 3356 3357
f 3358 3359 3360
f 3361 3362 3363
f 3364 3365 3366
f 3367 3368 3369
f 3370 3371 3372
f 3373 3374 3375
f 3376 3377 3378
f 3379 3380 3381
f 3382 3383 3384
f 3385 3386 3387
f 3388 3389 3390
f 3391 3392 3393
f 3394 3395 3396
f 3397 3398 3399
f 3400 3401 3402
f 3403 3404 3405
f 3406 3407 3408
f 3409 3410 3411
f 3412 3413 3414
f 3415 3416 3417
f 3418 3419 3420
f 3421 3422 3423
f 3424 3425 3426
f 3427 3428 3429
f 3430 3431 3432
f 3433 3434 3435
f 3436 3437 3438
f 3439 3440 3441
f 3442 3443 3444
f 3445 3446 3447
f 3448 3449 3450
f 3451 3452 3453
f 3454 3455 3456
f 3457 3458 3459
f 3460 3461 3462
f 3463 3464 3465
f 3466 3467 3468
f 3469 3470 3471
f 3472 3473 3474
f 3475 3476 3477
f 3478 3479 3480
f 3481 3482 3483
f 3484 3485 3486
f 3487 3488 3489
f 3490 3491 3492
f 3493 3494 3495
f 3496 3497 3498
f 3499 3500 3501
f 3502 3503 3504
f 3505 3506 3507
f 3508 3509 3510
f 3511 3512 3513
f 3514 3515 3516
f 3517 3518 3519
f 3520 3521 3522
f 3523 3524 3525
f 3526 3527 3528
f 3529 3530 3531
f 3532 3533 3534
f 3535 3536 3537
f 3538 3539 3540
f 3541 3542 3543
f 3544 3545 3546
f 3547 3548 3549
f 3550 3551 3552
f 3553 3554 3555
f 3556 3557 3558
f 3559 3560 3561
f 3562 3563 3564
f 3565 3566 3567
f 3568 3569 3570
f 3571 3572 3573
f 3574 3575 3576
f 3577 3578 3579
f 3580 3581 3582
f 3583 3584 3585
f 3586 3587 3588
f 3589 3590 3591
f 3592 3593 3594
f 3595 3596 3597
f 3598 3599 3600
f 3601 3602 3603
f 3604 3605 3606
f 3607 3608 3609
f 3610 3611 3612
f 3613 3614 3615
f 3616 3617 3618
f 3619 3620 3621
f 3622 3623 3624
f 3625 3626 3627
f 3628 3629 3630
f 3631 3632 3633
f 3634 3635 3636
f 3637 3638 3639
f 3640 3641 3642
f 3643 3644 3645
f 3646 3647 3648
f 3649 3650 3651
f 3652 3653 3654
f 3655 3656 3657
f 3658 3659 3660
f 3661 3662 3663
f 3664 3665 3666
f 3667 3668 3669
f 3670 3671 3672
f 3673 3674 3675
f 3676 3677 3678
f 3679 3680 3681
f 3682 3683 3684
f 3685 3686 3687
f 3688 3689 3690
f 3691 3692 3693
f 3694 3695 3696
f 3697 3698 3699
f 3700 3701 3702
f 3703 3704 3705
f 3706 3707 3708
f 3709 3710 3711
f 3712 3713 3714
f 3715 3716 3717
f 3718 3719 3720
f 3721 3722 3723
f 3724 3725 3726
f 3727 3728 3729
f 3730 3731 3732
f 3733 3734 3735
f 3736 3737 3738
f 3739 3740 3741
f 3742 3743 3744
f 3745 3746 3747
f 3748 3749 3750
f 3751 3752 3753
f 3754 3755 3756
f 3757 3758 3759
f 3760 3761 3762
f 3763 3764 3765
f 3766 3767 3768
f 3769 3770 3771
f 3772 3773 3774
f 3775 3776 3777
f 3778 3779 3780
f 3781 3782 3783
f 3784 3785 3786
f 3787 3788 3789
f 3790 3791 3792
f 3793 3794 3795
f 3796 3797 3798
f 3799 3800 3801
f 3802 3803 3804
f 3805 3806 3807
f 3808 3809 3810
f 3811 3812 3813
f 3814 3815 3816
f 3817 3818 3819
f 3820 3821 3822
f 3823 3824 3825
f 3826 3827 3828
f 3829 3830 3831
f 3832 3833 3834
f 3835 3836 3837
f 3838 3839 3840
f 3841 3842 3843
f 3844 3845 3846
f 3847 3848 3849
f 3850 3851 3852
f 3853 3854 3855
f 3856 3857 3858
f 3859 3860 3861
f 3862 3863 3864
f 3865 3866 3867
f 3868 3869 3870
f 3871 3872 3873
f 3874 3875 3876
f 3877 3878 3879
f 3880 3881 3882
f 3883 3884 3885
f 3886 3887 3888
f 3889 3890 3891
f 3892 3893 3894
f 3895 3896 3897
f 3898 3899 3900
f 3901 3902 3903
f 3904 3905 3906
f 3907 3908 3909
f 3910 3911 3912
f 3913 3914 3915
f 3916 3917 3918
f 3919 3920 3921
f 3922 3923 3924
f 3925 3926 3927
f 3928 3929 3930
f 3931 3932 3933
f 3934 3935 3936
f 3937 3938 3939
f 3940 3941 3942
f 3943 3944 3945
f 3946 3947 3948
f 3949 3950 3951
f 3952 3953 3954
f 3955 3956 3957
f 3958 3959 3960
f 3961 3962 3963
f 3964 3965 3966
f 3967 3968 3969
f 3970 3971 3972
f 3973 3974 3975
f 3976 3977 3978
f 3979 3980 3981
f 3982 3983 3984
f 3985 3986 3987
f 3988 3989 3990
f 3991 3992 3993
f 3994 3995 3996
f 3997 3998 3999
f 4000 4001 4002
f 4003 4004 4005
f 4006 4007 4008
f 4009 4010 4011
f 4012 4013 4014
f 4015 4016 4017
f 4018 4019 4020
f 4021 4022 4023
f 4024 4025 4026
f 4027 4028 4029
f 4030 4031 4032
f 4033 4034 4035
f 4036 4037 4038
f 4039 4040 4041
f 4042 4043 4044
f 4045 4046 4047
f 4048 4049 4050
f 4051 4052 4053
f 4054 4055 4056
f 4057 4058 4059
f 4060 4061 4062
f 4063 4064 4065
f 4066 4067 4068
f 4069 4070 4071
f 4072 4073 4074
f 4075 4076 4077
f 4078 4079 4080
f 4081 4082 4083
f 4084 4085 4086
f 4087 4088 4089
f 4090 4091 4092
f 4093 4094 4095
f 4096 4097 4098
f 4099 4100 4101
f 4102 4103 4104
f 4105 4106 4107
f 4108 4109 4110
f 4111 4112 4113
f 4114 4115 4116
f 4117 4118 4119
f 4120 4121 4122
f 4123 4124 4125
f 4126 4127 4128
f 4129 4130 4131
f 4132 4133 4134
f 4135 4136 4137
f 4138 4139 4140
f 4141 4142 4143
f 4144 4145 4146
f 4147 4148 4149
f 4150 4151 4152
f 4153 4154 4155
f 4156 4157 4158
f 4159 4160 4161
f 4162 4163 4164
f 4165 4166 4167
f 4168 4169 4170
f 4171 4172 4173
f 4174 4175 4176
f 4177 4178 4179
f 4180 4181 4182
f 4183 4184 4185
f 4186 4187 4188
f 4189 4190 4191
f 4192 4193 4194
f 4195 4196 4197
f 4198 4199 4200
f 4201 4202 4203
f 4204 4205 4206
f 4207 4208 4209
f 4210 4211 4212
f 4213 4214 4215
f 4216 4217 4218
f 4219 4220 4221
f 4222 4223 4224
f 4225 4226 4227
f 4228 4229 4230
f 4231 4232 4233
f 4234 4235 4236
f 4237 4238 4239
f 4240 4241 4242
f 4243 4244 4245
f 4246 4247 4248
f 4249 4250 4251
f 4252 4253 4254
f 4255 4256 4257
f 4258 4259 4260
f 4261 4262 4263
f 4264 4265 4266
f 4267 4268 4269
f 4270 4271 4272
f 4273 4274 4275
f 4276 4277 4278
f 4279 4280 4281
f 4282 4283 4284
f 4285 4286 4287
f 4288 4289 4290
f 4291 4292 4293
f 4294 4295 4296
f 4297 4298 4299
f 4300 4301 4302
f 4303 4304 4305
f 4306 4307 4308
f 4309 4310 4311
f 4312 4313 4314
f 4315 4316 4317
f 4318 4319 4320
f 4321 4322 4323
f 4324 4325 4326
f 4327 4328 4329
f 4330 4331 4332
f 4333 4334 4335
f 4336 4337 4338
f 4339 4340 4341
f 4342 4343 4344
f 4345 4346 4347
f 4348 4349 4350
f 4351 4352 4353
f 4354 4355 4356
f 4357 4358 4359
f 4360 4361 4362
f 4363 4364 4365
f 4366 4367 4368
f 4369 4370 4371
f 4372 4373 4374
f 4375 4376 4377
f 4378 4379 4380
f 4381 4382 4383
f 4384 4385 4386
f 4387 4388 4389
f 4390 4391 4392
f 4393 4394 4395
f 4396 4397 4398
f 4399 4400 4401
f 4402 4403 4404
f 4405 4406 4407
f 4408 4409 4410
f 4411 4412 4413
f 4414 4415 4416
f 4417 4418 4419
f 4420 4421 4422
f 4423 4424 4425
f 4426 4427 4428
f 4429 4430 4431
f 4432 4433 4434
f 4435 4436 4437
f 4438 4439 4440
f 4441 4442 4443
f 4444 4445 4446
f 4447 4448 4449
f 4450 4451 4452
f 4453 4454 4455
f 4456 4457 4458
f 4459 4460 4461
f 4462 4463 4464
f 4465 4466 4467
f 4468 4469 4470
f 4471 4472 4473
f 4474 4475 4476
f 4477 4478 4479
f 4480 4481 4482
f 4483 4484 4485
f 4486 4487 4488
f 4489 4490 4491
f 4492 4493 4494
f 4495 4496 4497
f 4498 4499 4500
f 4501 4502 4503
f 4504 4505 4506
f 4507 4508 4509
f 4510 4511 4512
f 4513 4514 4515
f 4516 4517 4518
f 4519 4520 4521
f 4522 4523 4524
f 4525 4526 4527
f 4528 4529 4530
f 4531 4532 4533
f 4534 4535 4536
f 4537 4538 4539
f 4540 4541 4542
f 4543 4544 4545
f 4546 4547 4548
f 4549 4550 4551
f 4552 4553 4554
f 4555 4556 4557
f 4558 4559 4560
f 4561 4562 4563
f 4564 4565 4566
f 4567 4568 4569
f 4570 4571 4572
f 4573 4574 4575
f 4576 4577 4578
f 4579 4580 4581
f 4582 4583 4584
f 4585 4586 4587
f 4588 4589 4590
f 4591 4592 4593
f 4594 4595 4596
f 4597 4598 4599
f 4600 4601 4602
f 4603 4604 4605
f 4606 4607 4608
f 4609 4610 4611
f 4612 4613 4614
f 4615 4616 4617
f 4618 4619 4620
f 4621 4622 4623
f 4624 4625 4626
f 4627 4628 4629
f 4630 4631 4632
f 4633 4634 4635
f 4636 4637 4638
f 4639 4640 4641
f 4642 4643 4644
f 4645 4646 4647
f 4648 4649 4650
f 4651 4652 4653
f 4654 4655 4656
f 4657 4658 4659
f 4660 4661 4662
f 4663 4664 4665
f 4666 4667 4668
f 4669 4670 4671
f 4672 4673 4674
f 4675 4676 4677
f 4678 4679 4680
f 4681 4682 4683
f 4684 4685 4686
f 4687 4688 4689
f 4690 4691 4692
f 4693 4694 4695
f 4696 4697 4698
f 4699 4700 4701
f 4702 4703 4704
f 4705 4706 4707
f 4708 4709 4710
f 4711 4712 4713
f 4714 4715 4716
f 4717 4718 4719
f 4720 4721 4722
f 4723 4724 4725
f 4726 4727 4728
f 4729 4730 4731
f 4732 4733 4734
f 4735 4736 4737
f 4738 4739 4740
f 4741 4742 4743
f 4744 4745 4746
f 4747 4748 4749
f 4750 4751 4752
f 4753 4754 4755
f 4756 4757 4758
f 4759 4760 4761
f 4762 4763 4764
f 4765 4766 4767
f 4768 4769 4770
f 4771 4772 4773
f 4774 4775 4776
f 4777 4778 4779
f 4780 4781 4782
f 4783 4784 4785
f 4786 4787 4788
f 4789 4790 4791
f 4792 4793 4794
f 4795 4796 4797
f 4798 4799 4800
f 4801 4802 4803
f 4804 4805 4806
f 4807 4808 4809
f 4810 4811 4812
f 4813 4814 4815
f 4816 4817 4818
f 4819 4820 4821
f 4822 4823 4824
f 4825 4826 4827
f 4828 4829 4830
f 4831 4832 4833
f 4834 4835 4836
f 4837 4838 4839
f 4840 4841 4842
f 4843 4844 4845
f 4846 4847 4848
f 4849 4850 4851
f 4852 4853 4854
f 4855 4856 4857
f 4858 4859 4860
f 4861 4862 4863
f 4864 4865 4866
f 4867 4868 4869
f 4870 4871 4872
f 4873 4874 4875
f 4876 4877 4878
f 4879 4880 4881
f 4882 4883 4884
f 4885 4886 4887
f 4888 4889 4890
f 4891 4892 4893
f 4894 4895 4896
f 4897 4898 4899
f 4900 4901 4902
f 4903 4904 4905
f 4906 4907 4908
f 4909 4910 4911
f 4912 4913 4914
f 4915 4916 4917
f 4918 4919 4920
f 4921 4922 4923
f 4924 4925 4926
f 4927 4928 4929
f 4930 4931 4932
f 4933 4934 4935
f 4936 4937 4938
f 4939 4940 4941
f 4942 4943 4944
f 4945 4946 4947
f 4948 4949 4950
f 4951 4952 4953
f 4954 4955 4956
f 4957 4958 4959
f 4960 4961 4962
f 4963 4964 4965
f 4966 4967 4968
f 4969 4970 4971
f 4972 4973 4974
f 4975 4976 4977
f 4978 4979 4980
f 4981 4982 4983
f 4984 4985 4986
f 4987 4988 4989
f 4990 4991 4992
f 4993 4994 4995
f 4996 4997 4998
f 4999 5000 5001
f 5002 5003 5004
f 5005 5006 5007
f 5008 5009 5010
f 5011 5012 5013
f 5014 5015 5016
f 5017 5018 5019
f 5020 5021 5022
f 5023 5024 5025
f 5026 5027 5028
f 5029 5030 5031
f 5032 5033 5034
f 5035 5036 5037
f 5038 5039 5040
f 5041 5042 5043
f 5044 5045 5046
f 5047 5048 5049
f 5050 5051 5052
f 5053 5054 5055
f 5056 5057 5058
f 5059 5060 5061
f 5062 5063 5064
f 5065 5066 5067
f 5068 5069 5070
f 5071 5072 5073
f 5074 5075 5076
f 5077 5078 5079
f 5080 5081 5082
f 5083 5084 5085
f 5086 5087 5088
f 5089 5090 5091
f 5092 5093 5094
f 5095 5096 5097
f 5098 5099 5100
f 5101 5102 5103
f 5104 5105 5106
f 5107 5108 5109
f 5110 5111 5112
f 5113 5114 5115
f 5116 5117 5118
f 5119 5120 5121
f 5122 5123 5124
f 5125 5126 5127
f 5128 5129 5130
f 5131 5132 5133
f 5134 5135 5136
f 5137 5138 5139
f 5140 5141 5142
f 5143 5144 5145
f 5146 5147 5148
f 5149 5150 5151
f 5152 5153 5154
f 5155 5156 5157
f 5158 5159 5160
f 5161 5162 5163
f 5164 5165 5166
f 5167 5168 5169
f 5170 5171 5172
f 5173 5174 5175
f 5176 5177 5178
f 5179 5180 5181
f 5182 5183 5184
f 5185 5186 5187
f 5188 5189 5190
f 5191 5192 5193
f 5194 5195 5196
f 5197 5198 5199
f 5200 5201 5202
f 5203 5204 5205
f 5206 5207 5208
f 5209 5210 5211
f 5212 5213 5214
f 5215 5216 5217
f 5218 5219 5220
f 5221 5222 5223
f 5224 5225 5226
f 5227 5228 5229
f 5230 5231 5232
f 5233 5234 5235
f 5236 5237 5238
f 5239 5240 5241
f 5242 5243 5244
f 5245 5246 5247
f 5248 5249 5250
f 5251 5252 5253
f 5254 5255 5256
f 5257 5258 5259
f 5260 5261 5262
f 5263 5264 5265
f 5266 5267 5268
f 5269 5270 5271
f 5272 5273 5274
f 5275 5276 5277
f 5278 5279 5280
f 5281 5282 5283
f 5284 5285 5286
f 5287 5288 5289
f 5290 5291 5292
f 5293 5294 5295
f 5296 5297 5298
f 5299 5300 5301
f 5302 5303 5304
f 5305 5306 5307
f 5308 5309 5310
f 5311 5312 5313
f 5314 5315 5316
f 5317 5318 5319
f 5320 5321 5322
f 5323 5324 5325
f 5326 5327 5328
f 5329 5330 5331
f 5332 5333 5334
f 5335 5336 5337
f 5338 5339 5340
f 5341 5342 5343
f 5344 5345 5346
f 5347 5348 5349
f 5350 5351 5352
f 5353 5354 5355
f 5356 5357 5358
f 5359 5360 5361
f 5362 5363 5364
f 5365 5366 5367
f 5368 5369 5370
f 5371 5372 5373
f 5374 5375 5376
f 5377 5378 5379
f 5380 5381 5382
f 5383 5384 5385
f 5386 5387 5388
f 5389 5390 5391
f 5392 5393 5394
f 5395 5396 5397
f 5398 5399 5400
f 5401 5402 5403
f 5404 5405 5406
f 5407 5408 5409
f 5410 5411 5412
f 5413 5414 5415
f 5416 5417 5418
f 5419 5420 5421
f 5422 5423 5424
f 5425 5426 5427
f 5428 5429 5430
f 5431 5432 5433
f 5434 5435 5436
f 5437 5438 5439
f 5440 5441 5442
f 5443 5444 5445
f 5446 5447 5448
f 5449 5450 5451
f 5452 5453 5454
f 5455 5456 5457
f 5458 5459 5460
f 5461 5462 5463
f 5464 5465 5466
f 5467 5468 5469
f 5470 5471 5472
f 5473 5474 5475
f 5476 5477 5478
f 5479 5480 5481
f 5482 5483 5484
f 5485 5486 5487
f 5488 5489 5490
f 5491 5492 5493
f 5494 5495 5496
f 5497 5498 5499
f 5500 5501 5502
f 5503 5504 5505
f 5506 5507 5508
f 5509 5510 5511
f 5512 5513 5514
f 5515 5516 5517
f 5518 5519 5520
f 5521 5522 5523
f 5524 5525 5526
f 5527 5528 5529
f 5530 5531 5532
f 5533 5534 5535
f 5536 5537 5538
f 5539 5540 5541
f 5542 5543 5544
f 5545 5546 5547
f 5548 5549 5550
f 5551 5552 5553
f 5554 5555 5556
f 5557 5558 5559
f 5560 5561 5562
f 5563 5564 5565
f 5566 5567 5568
f 5569 5570 5571
f 5572 5573 5574
f 5575 5576 5577
f 5578 5579 5580
f 5581 5582 5583
f 5584 5585 5586
f 5587 5588 5589
f 5590 5591 5592
f 5593 5594 5595
f 5596 5597 5598
f 5599 5600 5601
f 5602 5603 5604
f 5605 5606 5607
f 5608 5609 5610
f 5611 5612 5613
f 5614 5615 5616
f 5617 5618 5619
f 5620 5621 5622
f 5623 5624 5625
f 5626 5627 5628
f 5629 5630 5631
f 5632 5633 5634
f 5635 5636 5637
f 5638 5639 5640
f 5641 5642 5643
f 5644 5645 5646
f 5647 5648 5649
f 5650 5651 5652
f 5653 5654 5655
f 5656 5657 5658
f 5659 5660 5661
f 5662 5663 5664
f 5665 5666 5667
f 5668 5669 5670
f 5671 5672 5673
f 5674 5675 5676
f 5677 5678 5679
f 5680 5681 5682
f 5683 5684 5685
f 5686 5687 5688
f 5689 5690 5691
f 5692 5693 5694
f 5695 5696 5697
f 5698 5699 5700
f 5701 5702 5703
f 5704 5705 5706
f 5707 5708 5709
f 5710 5711 5712
f 5713 5714 5715
f 5716 5717 5718
f 5719 5720 5721
f 5722 5723 5724
f 5725 5726 5727
f 5728 5729 5730
f 5731 5732 5733
f 5734 5735 5736
f 5737 5738 5739
f 5740 5741 5742
f 5743 5744 5745
f 5746 5747 5748
f 5749 5750 5751
f 5752 5753 5754
f 5755 5756 5757
f 5758 5759 5760
f 5761 5762 5763
f 5764 5765 5766
f 5767 5768 5769
f 5770 5771 5772
f 5773 5774 5775
f 5776 5777 5778
f 5779 5780 5781
f 5782 5783 5784
f 5785 5786 5787
f 5788 5789 5790
f 5791 5792 5793
f 5794 5795 5796
f 5797 5798 5799
f 5800 5801 5802
f 5803 5804 5805
f 5806 5807 5808
f 5809 5810 5811
f 5812 5813 5814
f 5815 5816 5817
f 5818 5819 5820
f 5821 5822 5823
f 5824 5825 5826
f 5827 5828 5829
f 5830 5831 5832
f 5833 5834 5835
f 5836 5837 5838
f 5839 5840 5841
f 5842 5843 5844
f 5845 5846 5847
f 5848 5849 5850
f 5851 5852 5853
f 5854 5855 5856
f 5857 5858 5859
f 5860 5861 5862
f 5863 5864 5865
f 5866 5867 5868
f 5869 5870 5871
f 5872 5873 5874
f 5875 5876 5877
f 5878 5879 5880
f 5881 5882 5883
f 5884 5885 5886
f 5887 5888 5889
f 5890 5891 5892
f 5893 5894 5895
f 5896 5897 5898
f 5899 5900 5901
f 5902 5903 5904
f 5905 5906 5907
f 5908 5909 5910
f 5911 5912 5913
f 5914 5915 5916
f 5917 5918 5919
f 5920 5921 5922
f 5923 5924 5925
f 5926 5927 5928
f 5929 5930 5931
f 5932 5933 5934
f 5935 5936 5937
f 5938 5939 5940
f 5941 5942 5943
f 5944 5945 5946
f 5947 5948 5949
f 5950 5951 5952
f 5953 5954 5955
f 5956 5957 5958
f 5959 5960 5961
f 5962 5963 5964
f 5965 5966 5967
f 5968 5969 5970
f 5971 5972 5973
f 5974 5975 5976
f 5977 5978 5979
f 5980 5981 5982
f 5983 5984 5985
f 5986 5987 5988
f 5989 5990 5991
f 5992 5993 5994
f 5995 5996 5997
f 5998 5999 6000
f 6001 6002 6003
f 6004 6005 6006
f 6007 6008 6009
f 6010 6011 6012
f 6013 6014 6015
f 6016 6017 6018
f 6019 6020 6021
f 6022 6023 6024
f 6025 6026 6027
f 6028 6029 6030
f 6031 6032 6033
f 6034 6035 6036
f 6037 6038 6039
f 6040 6041 6042
f 6043 6044 6045
f 6046 6047 6048
f 6049 6050 6051
f 6052 6053 6054
f 6055 6056 6057
f 6058 6059 6060
f 6061 6062 6063
f 6064 6065 6066
f 6067 6068 6069
f 6070 6071 6072
f 6073 6074 6075
f 6076 6077 6078
f 6079 6080 6081
f 6082 6083 6084
f 6085 6086 6087
f 6088 6089 6090
f 6091 6092 6093
f 6094 6095 6096
f 6097 6098 6099
f 6100 6101 6102
f 6103 6104 6105
f 6106 6107 6108
f 6109 6110 6111
f 6112 6113 6114
f 6115 6116 6117
f 6118 6119 6120
