o HBRecHits_V2
v -2.236924886703491 -0.7058914303779602 -0.7261312007904053
v -2.2372641563415527 -0.704815685749054 -0.7261312007904053
v -2.2372641563415527 -0.704815685749054 -0.7273089289665222
v -2.2372641563415527 -0.704815685749054 -0.7273089289665222
v -2.236924886703491 -0.7058914303779602 -0.7273089289665222
v -2.236924886703491 -0.7058914303779602 -0.7261312007904053
v -2.244150161743164 -0.7085211873054504 -0.7281608581542969
v -2.2446908950805664 -0.7068057060241699 -0.7281608581542969
v -2.2446908950805664 -0.7068057060241699 -0.7300390005111694
v -2.2446908950805664 -0.7068057060241699 -0.7300390005111694
v -2.244150161743164 -0.7085211873054504 -0.7300390005111694
v -2.244150161743164 -0.7085211873054504 -0.7281608581542969
v -2.244150161743164 -0.7085211873054504 -0.7281608581542969
v -2.2446908950805664 -0.7068057060241699 -0.7281608581542969
v -2.2372641563415527 -0.704815685749054 -0.7261312007904053
v -2.2372641563415527 -0.704815685749054 -0.7261312007904053
v -2.236924886703491 -0.7058914303779602 -0.7261312007904053
v -2.244150161743164 -0.7085211873054504 -0.7281608581542969
v -2.244150161743164 -0.7085211873054504 -0.7300390005111694
v -2.2446908950805664 -0.7068057060241699 -0.7300390005111694
v -2.2372641563415527 -0.704815685749054 -0.7273089289665222
v -2.2372641563415527 -0.704815685749054 -0.7273089289665222
v -2.236924886703491 -0.7058914303779602 -0.7273089289665222
v -2.244150161743164 -0.7085211873054504 -0.7300390005111694
v -2.236924886703491 -0.7058914303779602 -0.7261312007904053
v -2.236924886703491 -0.7058914303779602 -0.7273089289665222
v -2.244150161743164 -0.7085211873054504 -0.7300390005111694
v -2.244150161743164 -0.7085211873054504 -0.7300390005111694
v -2.244150161743164 -0.7085211873054504 -0.7281608581542969
v -2.236924886703491 -0.7058914303779602 -0.7261312007904053
v -2.2372641563415527 -0.704815685749054 -0.7261312007904053
v -2.2446908950805664 -0.7068057060241699 -0.7281608581542969
v -2.2446908950805664 -0.7068057060241699 -0.7300390005111694
v -2.2446908950805664 -0.7068057060241699 -0.7300390005111694
v -2.2372641563415527 -0.704815685749054 -0.7273089289665222
v -2.2372641563415527 -0.704815685749054 -0.7261312007904053
v 2.24949049949646 -0.2839789092540741 -0.899258553981781
v 2.246340274810791 -0.3079085946083069 -0.899258553981781
v 2.246340274810791 -0.3079085946083069 -0.9252050518989563
v 2.246340274810791 -0.3079085946083069 -0.9252050518989563
v 2.24949049949646 -0.2839789092540741 -0.9252050518989563
v 2.24949049949646 -0.2839789092540741 -0.899258553981781
v 2.4133968353271484 -0.2983190417289734 -0.9576789736747742
v 2.408372402191162 -0.33647942543029785 -0.9576789736747742
v 2.408372402191162 -0.33647942543029785 -0.9990554451942444
v 2.408372402191162 -0.33647942543029785 -0.9990554451942444
v 2.4133968353271484 -0.2983190417289734 -0.9990554451942444
v 2.4133968353271484 -0.2983190417289734 -0.9576789736747742
v 2.4133968353271484 -0.2983190417289734 -0.9576789736747742
v 2.408372402191162 -0.33647942543029785 -0.9576789736747742
v 2.246340274810791 -0.3079085946083069 -0.899258553981781
v 2.246340274810791 -0.3079085946083069 -0.899258553981781
v 2.24949049949646 -0.2839789092540741 -0.899258553981781
v 2.4133968353271484 -0.2983190417289734 -0.9576789736747742
v 2.4133968353271484 -0.2983190417289734 -0.9990554451942444
v 2.408372402191162 -0.33647942543029785 -0.9990554451942444
v 2.246340274810791 -0.3079085946083069 -0.9252050518989563
v 2.246340274810791 -0.3079085946083069 -0.9252050518989563
v 2.24949049949646 -0.2839789092540741 -0.9252050518989563
v 2.4133968353271484 -0.2983190417289734 -0.9990554451942444
v 2.24949049949646 -0.2839789092540741 -0.899258553981781
v 2.24949049949646 -0.2839789092540741 -0.9252050518989563
v 2.4133968353271484 -0.2983190417289734 -0.9990554451942444
v 2.4133968353271484 -0.2983190417289734 -0.9990554451942444
v 2.4133968353271484 -0.2983190417289734 -0.9576789736747742
v 2.24949049949646 -0.2839789092540741 -0.899258553981781
v 2.246340274810791 -0.3079085946083069 -0.899258553981781
v 2.408372402191162 -0.33647942543029785 -0.9576789736747742
v 2.408372402191162 -0.33647942543029785 -0.9990554451942444
v 2.408372402191162 -0.33647942543029785 -0.9990554451942444
v 2.246340274810791 -0.3079085946083069 -0.9252050518989563
v 2.246340274810791 -0.3079085946083069 -0.899258553981781
v -1.5689148902893066 -1.7172664403915405 -1.1543337106704712
v -1.57399320602417 -1.7126129865646362 -1.1543337106704712
v -1.57399320602417 -1.7126129865646362 -1.1620067358016968
v -1.57399320602417 -1.7126129865646362 -1.1620067358016968
v -1.5689148902893066 -1.7172664403915405 -1.1620067358016968
v -1.5689148902893066 -1.7172664403915405 -1.1543337106704712
v -1.5990967750549316 -1.7532355785369873 -1.175409197807312
v -1.6071951389312744 -1.7458149194717407 -1.175409197807312
v -1.6071951389312744 -1.7458149194717407 -1.187645435333252
v -1.6071951389312744 -1.7458149194717407 -1.187645435333252
v -1.5990967750549316 -1.7532355785369873 -1.187645435333252
v -1.5990967750549316 -1.7532355785369873 -1.175409197807312
v -1.5990967750549316 -1.7532355785369873 -1.175409197807312
v -1.6071951389312744 -1.7458149194717407 -1.175409197807312
v -1.57399320602417 -1.7126129865646362 -1.1543337106704712
v -1.57399320602417 -1.7126129865646362 -1.1543337106704712
v -1.5689148902893066 -1.7172664403915405 -1.1543337106704712
v -1.5990967750549316 -1.7532355785369873 -1.175409197807312
v -1.5990967750549316 -1.7532355785369873 -1.187645435333252
v -1.6071951389312744 -1.7458149194717407 -1.187645435333252
v -1.57399320602417 -1.7126129865646362 -1.1620067358016968
v -1.57399320602417 -1.7126129865646362 -1.1620067358016968
v -1.5689148902893066 -1.7172664403915405 -1.1620067358016968
v -1.5990967750549316 -1.7532355785369873 -1.187645435333252
v -1.5689148902893066 -1.7172664403915405 -1.1543337106704712
v -1.5689148902893066 -1.7172664403915405 -1.1620067358016968
v -1.5990967750549316 -1.7532355785369873 -1.187645435333252
v -1.5990967750549316 -1.7532355785369873 -1.187645435333252
v -1.5990967750549316 -1.7532355785369873 -1.175409197807312
v -1.5689148902893066 -1.7172664403915405 -1.1543337106704712
v -1.57399320602417 -1.7126129865646362 -1.1543337106704712
v -1.6071951389312744 -1.7458149194717407 -1.175409197807312
v -1.6071951389312744 -1.7458149194717407 -1.187645435333252
v -1.6071951389312744 -1.7458149194717407 -1.187645435333252
v -1.57399320602417 -1.7126129865646362 -1.1620067358016968
v -1.57399320602417 -1.7126129865646362 -1.1543337106704712
v 2.2814748287200928 0.5076306462287903 -1.6365305185317993
v 2.282252550125122 0.5041230916976929 -1.6365305185317993
v 2.282252550125122 0.5041230916976929 -1.6409046649932861
v 2.282252550125122 0.5041230916976929 -1.6409046649932861
v 2.2814748287200928 0.5076306462287903 -1.6409046649932861
v 2.2814748287200928 0.5076306462287903 -1.6365305185317993
v 2.305131196975708 0.5139693021774292 -1.6523845195770264
v 2.3063712120056152 0.5083759427070618 -1.6523845195770264
v 2.3063712120056152 0.5083759427070618 -1.6593602895736694
v 2.3063712120056152 0.5083759427070618 -1.6593602895736694
v 2.305131196975708 0.5139693021774292 -1.6593602895736694
v 2.305131196975708 0.5139693021774292 -1.6523845195770264
v 2.305131196975708 0.5139693021774292 -1.6523845195770264
v 2.3063712120056152 0.5083759427070618 -1.6523845195770264
v 2.282252550125122 0.5041230916976929 -1.6365305185317993
v 2.282252550125122 0.5041230916976929 -1.6365305185317993
v 2.2814748287200928 0.5076306462287903 -1.6365305185317993
v 2.305131196975708 0.5139693021774292 -1.6523845195770264
v 2.305131196975708 0.5139693021774292 -1.6593602895736694
v 2.3063712120056152 0.5083759427070618 -1.6593602895736694
v 2.282252550125122 0.5041230916976929 -1.6409046649932861
v 2.282252550125122 0.5041230916976929 -1.6409046649932861
v 2.2814748287200928 0.5076306462287903 -1.6409046649932861
v 2.305131196975708 0.5139693021774292 -1.6593602895736694
v 2.2814748287200928 0.5076306462287903 -1.6365305185317993
v 2.2814748287200928 0.5076306462287903 -1.6409046649932861
v 2.305131196975708 0.5139693021774292 -1.6593602895736694
v 2.305131196975708 0.5139693021774292 -1.6593602895736694
v 2.305131196975708 0.5139693021774292 -1.6523845195770264
v 2.2814748287200928 0.5076306462287903 -1.6365305185317993
v 2.282252550125122 0.5041230916976929 -1.6365305185317993
v 2.3063712120056152 0.5083759427070618 -1.6523845195770264
v 2.3063712120056152 0.5083759427070618 -1.6593602895736694
v 2.3063712120056152 0.5083759427070618 -1.6593602895736694
v 2.282252550125122 0.5041230916976929 -1.6409046649932861
v 2.282252550125122 0.5041230916976929 -1.6365305185317993
v -1.977465033531189 -1.260558009147644 -1.6434000730514526
v -1.978163480758667 -1.2594616413116455 -1.6434000730514526
v -1.978163480758667 -1.2594616413116455 -1.6449828147888184
v -1.978163480758667 -1.2594616413116455 -1.6449828147888184
v -1.977465033531189 -1.260558009147644 -1.6449828147888184
v -1.977465033531189 -1.260558009147644 -1.6434000730514526
v -1.9847238063812256 -1.2656407356262207 -1.6491365432739258
v -1.985837697982788 -1.263892412185669 -1.6491365432739258
v -1.985837697982788 -1.263892412185669 -1.6516605615615845
v -1.985837697982788 -1.263892412185669 -1.6516605615615845
v -1.9847238063812256 -1.2656407356262207 -1.6516605615615845
v -1.9847238063812256 -1.2656407356262207 -1.6491365432739258
v -1.9847238063812256 -1.2656407356262207 -1.6491365432739258
v -1.985837697982788 -1.263892412185669 -1.6491365432739258
v -1.978163480758667 -1.2594616413116455 -1.6434000730514526
v -1.978163480758667 -1.2594616413116455 -1.6434000730514526
v -1.977465033531189 -1.260558009147644 -1.6434000730514526
v -1.9847238063812256 -1.2656407356262207 -1.6491365432739258
v -1.9847238063812256 -1.2656407356262207 -1.6516605615615845
v -1.985837697982788 -1.263892412185669 -1.6516605615615845
v -1.978163480758667 -1.2594616413116455 -1.6449828147888184
v -1.978163480758667 -1.2594616413116455 -1.6449828147888184
v -1.977465033531189 -1.260558009147644 -1.6449828147888184
v -1.9847238063812256 -1.2656407356262207 -1.6516605615615845
v -1.977465033531189 -1.260558009147644 -1.6434000730514526
v -1.977465033531189 -1.260558009147644 -1.6449828147888184
v -1.9847238063812256 -1.2656407356262207 -1.6516605615615845
v -1.9847238063812256 -1.2656407356262207 -1.6516605615615845
v -1.9847238063812256 -1.2656407356262207 -1.6491365432739258
v -1.977465033531189 -1.260558009147644 -1.6434000730514526
v -1.978163480758667 -1.2594616413116455 -1.6434000730514526
v -1.985837697982788 -1.263892412185669 -1.6491365432739258
v -1.985837697982788 -1.263892412185669 -1.6516605615615845
v -1.985837697982788 -1.263892412185669 -1.6516605615615845
v -1.978163480758667 -1.2594616413116455 -1.6449828147888184
v -1.978163480758667 -1.2594616413116455 -1.6434000730514526
v 0.3071567714214325 -2.296766757965088 -2.138414144515991
v 0.2977551221847534 -2.298004388809204 -2.138414144515991
v 0.2977551221847534 -2.298004388809204 -2.151292562484741
v 0.2977551221847534 -2.298004388809204 -2.151292562484741
v 0.3071567714214325 -2.296766757965088 -2.151292562484741
v 0.3071567714214325 -2.296766757965088 -2.138414144515991
v 0.3183819353580475 -2.3604273796081543 -2.1943626403808594
v 0.30338916182518005 -2.3624014854431152 -2.1943626403808594
v 0.30338916182518005 -2.3624014854431152 -2.214900493621826
v 0.30338916182518005 -2.3624014854431152 -2.214900493621826
v 0.3183819353580475 -2.3604273796081543 -2.214900493621826
v 0.3183819353580475 -2.3604273796081543 -2.1943626403808594
v 0.3183819353580475 -2.3604273796081543 -2.1943626403808594
v 0.30338916182518005 -2.3624014854431152 -2.1943626403808594
v 0.2977551221847534 -2.298004388809204 -2.138414144515991
v 0.2977551221847534 -2.298004388809204 -2.138414144515991
v 0.3071567714214325 -2.296766757965088 -2.138414144515991
v 0.3183819353580475 -2.3604273796081543 -2.1943626403808594
v 0.3183819353580475 -2.3604273796081543 -2.214900493621826
v 0.30338916182518005 -2.3624014854431152 -2.214900493621826
v 0.2977551221847534 -2.298004388809204 -2.151292562484741
v 0.2977551221847534 -2.298004388809204 -2.151292562484741
v 0.3071567714214325 -2.296766757965088 -2.151292562484741
v 0.3183819353580475 -2.3604273796081543 -2.214900493621826
v 0.3071567714214325 -2.296766757965088 -2.138414144515991
v 0.3071567714214325 -2.296766757965088 -2.151292562484741
v 0.3183819353580475 -2.3604273796081543 -2.214900493621826
v 0.3183819353580475 -2.3604273796081543 -2.214900493621826
v 0.3183819353580475 -2.3604273796081543 -2.1943626403808594
v 0.3071567714214325 -2.296766757965088 -2.138414144515991
v 0.2977551221847534 -2.298004388809204 -2.138414144515991
v 0.30338916182518005 -2.3624014854431152 -2.1943626403808594
v 0.30338916182518005 -2.3624014854431152 -2.214900493621826
v 0.30338916182518005 -2.3624014854431152 -2.214900493621826
v 0.2977551221847534 -2.298004388809204 -2.151292562484741
v 0.2977551221847534 -2.298004388809204 -2.138414144515991
v -0.10227294266223907 -2.346163272857666 -2.76663875579834
v -0.10259860008955002 -2.34614896774292 -2.76663875579834
v -0.10259860008955002 -2.34614896774292 -2.7671406269073486
v -0.10259860008955002 -2.34614896774292 -2.7671406269073486
v -0.10227294266223907 -2.346163272857666 -2.7671406269073486
v -0.10227294266223907 -2.346163272857666 -2.76663875579834
v -0.10227294266223907 -2.3483853340148926 -2.7691049575805664
v -0.10279227048158646 -2.348362684249878 -2.7691049575805664
v -0.10279227048158646 -2.348362684249878 -2.7699055671691895
v -0.10279227048158646 -2.348362684249878 -2.7699055671691895
v -0.10227294266223907 -2.3483853340148926 -2.7699055671691895
v -0.10227294266223907 -2.3483853340148926 -2.7691049575805664
v -0.10227294266223907 -2.3483853340148926 -2.7691049575805664
v -0.10279227048158646 -2.348362684249878 -2.7691049575805664
v -0.10259860008955002 -2.34614896774292 -2.76663875579834
v -0.10259860008955002 -2.34614896774292 -2.76663875579834
v -0.10227294266223907 -2.346163272857666 -2.76663875579834
v -0.10227294266223907 -2.3483853340148926 -2.7691049575805664
v -0.10227294266223907 -2.3483853340148926 -2.7699055671691895
v -0.10279227048158646 -2.348362684249878 -2.7699055671691895
v -0.10259860008955002 -2.34614896774292 -2.7671406269073486
v -0.10259860008955002 -2.34614896774292 -2.7671406269073486
v -0.10227294266223907 -2.346163272857666 -2.7671406269073486
v -0.10227294266223907 -2.3483853340148926 -2.7699055671691895
v -0.10227294266223907 -2.346163272857666 -2.76663875579834
v -0.10227294266223907 -2.346163272857666 -2.7671406269073486
v -0.10227294266223907 -2.3483853340148926 -2.7699055671691895
v -0.10227294266223907 -2.3483853340148926 -2.7699055671691895
v -0.10227294266223907 -2.3483853340148926 -2.7691049575805664
v -0.10227294266223907 -2.346163272857666 -2.76663875579834
v -0.10259860008955002 -2.34614896774292 -2.76663875579834
v -0.10279227048158646 -2.348362684249878 -2.7691049575805664
v -0.10279227048158646 -2.348362684249878 -2.7699055671691895
v -0.10279227048158646 -2.348362684249878 -2.7699055671691895
v -0.10259860008955002 -2.34614896774292 -2.7671406269073486
v -0.10259860008955002 -2.34614896774292 -2.76663875579834
v -1.9808861017227173 -1.2620917558670044 -3.094099283218384
v -1.980999231338501 -1.2619141340255737 -3.094099283218384
v -1.980999231338501 -1.2619141340255737 -3.0944464206695557
v -1.980999231338501 -1.2619141340255737 -3.0944464206695557
v -1.9808861017227173 -1.2620917558670044 -3.0944464206695557
v -1.9808861017227173 -1.2620917558670044 -3.094099283218384
v -1.9820621013641357 -1.2629151344299316 -3.0958855152130127
v -1.982242465019226 -1.262631893157959 -3.0958855152130127
v -1.982242465019226 -1.262631893157959 -3.0964388847351074
v -1.982242465019226 -1.262631893157959 -3.0964388847351074
v -1.9820621013641357 -1.2629151344299316 -3.0964388847351074
v -1.9820621013641357 -1.2629151344299316 -3.0958855152130127
v -1.9820621013641357 -1.2629151344299316 -3.0958855152130127
v -1.982242465019226 -1.262631893157959 -3.0958855152130127
v -1.980999231338501 -1.2619141340255737 -3.094099283218384
v -1.980999231338501 -1.2619141340255737 -3.094099283218384
v -1.9808861017227173 -1.2620917558670044 -3.094099283218384
v -1.9820621013641357 -1.2629151344299316 -3.0958855152130127
v -1.9820621013641357 -1.2629151344299316 -3.0964388847351074
v -1.982242465019226 -1.262631893157959 -3.0964388847351074
v -1.980999231338501 -1.2619141340255737 -3.0944464206695557
v -1.980999231338501 -1.2619141340255737 -3.0944464206695557
v -1.9808861017227173 -1.2620917558670044 -3.0944464206695557
v -1.9820621013641357 -1.2629151344299316 -3.0964388847351074
v -1.9808861017227173 -1.2620917558670044 -3.094099283218384
v -1.9808861017227173 -1.2620917558670044 -3.0944464206695557
v -1.9820621013641357 -1.2629151344299316 -3.0964388847351074
v -1.9820621013641357 -1.2629151344299316 -3.0964388847351074
v -1.9820621013641357 -1.2629151344299316 -3.0958855152130127
v -1.9808861017227173 -1.2620917558670044 -3.094099283218384
v -1.980999231338501 -1.2619141340255737 -3.094099283218384
v -1.982242465019226 -1.262631893157959 -3.0958855152130127
v -1.982242465019226 -1.262631893157959 -3.0964388847351074
v -1.982242465019226 -1.262631893157959 -3.0964388847351074
v -1.980999231338501 -1.2619141340255737 -3.0944464206695557
v -1.980999231338501 -1.2619141340255737 -3.094099283218384
v 2.322392225265503 -0.09771531075239182 -3.0561439990997314
v 2.322071075439453 -0.10506685078144073 -3.0561439990997314
v 2.322071075439453 -0.10506685078144073 -3.068270206451416
v 2.322071075439453 -0.10506685078144073 -3.068270206451416
v 2.322392225265503 -0.09771531075239182 -3.068270206451416
v 2.322392225265503 -0.09771531075239182 -3.0561439990997314
v 2.372554302215576 -0.09771531820297241 -3.118558883666992
v 2.372042417526245 -0.10943878442049026 -3.118558883666992
v 2.372042417526245 -0.10943878442049026 -3.13789701461792
v 2.372042417526245 -0.10943878442049026 -3.13789701461792
v 2.372554302215576 -0.09771531820297241 -3.13789701461792
v 2.372554302215576 -0.09771531820297241 -3.118558883666992
v 2.372554302215576 -0.09771531820297241 -3.118558883666992
v 2.372042417526245 -0.10943878442049026 -3.118558883666992
v 2.322071075439453 -0.10506685078144073 -3.0561439990997314
v 2.322071075439453 -0.10506685078144073 -3.0561439990997314
v 2.322392225265503 -0.09771531075239182 -3.0561439990997314
v 2.372554302215576 -0.09771531820297241 -3.118558883666992
v 2.372554302215576 -0.09771531820297241 -3.13789701461792
v 2.372042417526245 -0.10943878442049026 -3.13789701461792
v 2.322071075439453 -0.10506685078144073 -3.068270206451416
v 2.322071075439453 -0.10506685078144073 -3.068270206451416
v 2.322392225265503 -0.09771531075239182 -3.068270206451416
v 2.372554302215576 -0.09771531820297241 -3.13789701461792
v 2.322392225265503 -0.09771531075239182 -3.0561439990997314
v 2.322392225265503 -0.09771531075239182 -3.068270206451416
v 2.372554302215576 -0.09771531820297241 -3.13789701461792
v 2.372554302215576 -0.09771531820297241 -3.13789701461792
v 2.372554302215576 -0.09771531820297241 -3.118558883666992
v 2.322392225265503 -0.09771531075239182 -3.0561439990997314
v 2.322071075439453 -0.10506685078144073 -3.0561439990997314
v 2.372042417526245 -0.10943878442049026 -3.118558883666992
v 2.372042417526245 -0.10943878442049026 -3.13789701461792
v 2.372042417526245 -0.10943878442049026 -3.13789701461792
v 2.322071075439453 -0.10506685078144073 -3.068270206451416
v 2.322071075439453 -0.10506685078144073 -3.0561439990997314
v 2.3186655044555664 0.10541561990976334 -3.396573543548584
v 2.3190300464630127 0.09707041084766388 -3.396573543548584
v 2.3190300464630127 0.09707041084766388 -3.411345958709717
v 2.3190300464630127 0.09707041084766388 -3.411345958709717
v 2.3186655044555664 0.10541561990976334 -3.411345958709717
v 2.3186655044555664 0.10541561990976334 -3.396573543548584
v 2.375391721725464 0.11037856340408325 -3.475611925125122
v 2.3759727478027344 0.09707041084766388 -3.475611925125122
v 2.3759727478027344 0.09707041084766388 -3.499168634414673
v 2.3759727478027344 0.09707041084766388 -3.499168634414673
v 2.375391721725464 0.11037856340408325 -3.499168634414673
v 2.375391721725464 0.11037856340408325 -3.475611925125122
v 2.375391721725464 0.11037856340408325 -3.475611925125122
v 2.3759727478027344 0.09707041084766388 -3.475611925125122
v 2.3190300464630127 0.09707041084766388 -3.396573543548584
v 2.3190300464630127 0.09707041084766388 -3.396573543548584
v 2.3186655044555664 0.10541561990976334 -3.396573543548584
v 2.375391721725464 0.11037856340408325 -3.475611925125122
v 2.375391721725464 0.11037856340408325 -3.499168634414673
v 2.3759727478027344 0.09707041084766388 -3.499168634414673
v 2.3190300464630127 0.09707041084766388 -3.411345958709717
v 2.3190300464630127 0.09707041084766388 -3.411345958709717
v 2.3186655044555664 0.10541561990976334 -3.411345958709717
v 2.375391721725464 0.11037856340408325 -3.499168634414673
v 2.3186655044555664 0.10541561990976334 -3.396573543548584
v 2.3186655044555664 0.10541561990976334 -3.411345958709717
v 2.375391721725464 0.11037856340408325 -3.499168634414673
v 2.375391721725464 0.11037856340408325 -3.499168634414673
v 2.375391721725464 0.11037856340408325 -3.475611925125122
v 2.3186655044555664 0.10541561990976334 -3.396573543548584
v 2.3190300464630127 0.09707041084766388 -3.396573543548584
v 2.3759727478027344 0.09707041084766388 -3.475611925125122
v 2.3759727478027344 0.09707041084766388 -3.499168634414673
v 2.3759727478027344 0.09707041084766388 -3.499168634414673
v 2.3190300464630127 0.09707041084766388 -3.411345958709717
v 2.3190300464630127 0.09707041084766388 -3.396573543548584
v -1.2584233283996582 1.9727030992507935 -3.4291210174560547
v -1.2560480833053589 1.9742162227630615 -3.4291210174560547
v -1.2560480833053589 1.9742162227630615 -3.4341013431549072
v -1.2560480833053589 1.9742162227630615 -3.4341013431549072
v -1.2584233283996582 1.9727030992507935 -3.4341013431549072
v -1.2584233283996582 1.9727030992507935 -3.4291210174560547
v -1.2694345712661743 1.9884288311004639 -3.455767869949341
v -1.265647053718567 1.9908418655395508 -3.455767869949341
v -1.265647053718567 1.9908418655395508 -3.463709831237793
v -1.265647053718567 1.9908418655395508 -3.463709831237793
v -1.2694345712661743 1.9884288311004639 -3.463709831237793
v -1.2694345712661743 1.9884288311004639 -3.455767869949341
v -1.2694345712661743 1.9884288311004639 -3.455767869949341
v -1.265647053718567 1.9908418655395508 -3.455767869949341
v -1.2560480833053589 1.9742162227630615 -3.4291210174560547
v -1.2560480833053589 1.9742162227630615 -3.4291210174560547
v -1.2584233283996582 1.9727030992507935 -3.4291210174560547
v -1.2694345712661743 1.9884288311004639 -3.455767869949341
v -1.2694345712661743 1.9884288311004639 -3.463709831237793
v -1.265647053718567 1.9908418655395508 -3.463709831237793
v -1.2560480833053589 1.9742162227630615 -3.4341013431549072
v -1.2560480833053589 1.9742162227630615 -3.4341013431549072
v -1.2584233283996582 1.9727030992507935 -3.4341013431549072
v -1.2694345712661743 1.9884288311004639 -3.463709831237793
v -1.2584233283996582 1.9727030992507935 -3.4291210174560547
v -1.2584233283996582 1.9727030992507935 -3.4341013431549072
v -1.2694345712661743 1.9884288311004639 -3.463709831237793
v -1.2694345712661743 1.9884288311004639 -3.463709831237793
v -1.2694345712661743 1.9884288311004639 -3.455767869949341
v -1.2584233283996582 1.9727030992507935 -3.4291210174560547
v -1.2560480833053589 1.9742162227630615 -3.4291210174560547
v -1.265647053718567 1.9908418655395508 -3.455767869949341
v -1.265647053718567 1.9908418655395508 -3.463709831237793
v -1.265647053718567 1.9908418655395508 -3.463709831237793
v -1.2560480833053589 1.9742162227630615 -3.4341013431549072
v -1.2560480833053589 1.9742162227630615 -3.4291210174560547
v 2.3033838272094727 -0.299283504486084 -3.399484634399414
v 2.302358388900757 -0.30707424879074097 -3.399484634399414
v 2.302358388900757 -0.30707424879074097 -3.413381338119507
v 2.302358388900757 -0.30707424879074097 -3.413381338119507
v 2.3033838272094727 -0.299283504486084 -3.413381338119507
v 2.3033838272094727 -0.299283504486084 -3.399484634399414
v 2.3567466735839844 -0.3039522171020508 -3.473836898803711
v 2.3551108837127686 -0.3163760304450989 -3.473836898803711
v 2.3551108837127686 -0.3163760304450989 -3.4959969520568848
v 2.3551108837127686 -0.3163760304450989 -3.4959969520568848
v 2.3567466735839844 -0.3039522171020508 -3.4959969520568848
v 2.3567466735839844 -0.3039522171020508 -3.473836898803711
v 2.3567466735839844 -0.3039522171020508 -3.473836898803711
v 2.3551108837127686 -0.3163760304450989 -3.473836898803711
v 2.302358388900757 -0.30707424879074097 -3.399484634399414
v 2.302358388900757 -0.30707424879074097 -3.399484634399414
v 2.3033838272094727 -0.299283504486084 -3.399484634399414
v 2.3567466735839844 -0.3039522171020508 -3.473836898803711
v 2.3567466735839844 -0.3039522171020508 -3.4959969520568848
v 2.3551108837127686 -0.3163760304450989 -3.4959969520568848
v 2.302358388900757 -0.30707424879074097 -3.413381338119507
v 2.302358388900757 -0.30707424879074097 -3.413381338119507
v 2.3033838272094727 -0.299283504486084 -3.413381338119507
v 2.3567466735839844 -0.3039522171020508 -3.4959969520568848
v 2.3033838272094727 -0.299283504486084 -3.399484634399414
v 2.3033838272094727 -0.299283504486084 -3.413381338119507
v 2.3567466735839844 -0.3039522171020508 -3.4959969520568848
v 2.3567466735839844 -0.3039522171020508 -3.4959969520568848
v 2.3567466735839844 -0.3039522171020508 -3.473836898803711
v 2.3033838272094727 -0.299283504486084 -3.399484634399414
v 2.302358388900757 -0.30707424879074097 -3.399484634399414
v 2.3551108837127686 -0.3163760304450989 -3.473836898803711
v 2.3551108837127686 -0.3163760304450989 -3.4959969520568848
v 2.3551108837127686 -0.3163760304450989 -3.4959969520568848
v 2.302358388900757 -0.30707424879074097 -3.413381338119507
v 2.302358388900757 -0.30707424879074097 -3.399484634399414
v 2.099766731262207 0.1111079752445221 -3.3836605548858643
v 2.1014606952667236 0.07232113927602768 -3.3836605548858643
v 2.1014606952667236 0.07232113927602768 -3.457515239715576
v 2.1014606952667236 0.07232113927602768 -3.457515239715576
v 2.099766731262207 0.1111079752445221 -3.457515239715576
v 2.099766731262207 0.1111079752445221 -3.3836605548858643
v 2.2889983654022217 0.1276637464761734 -3.6766271591186523
v 2.2914140224456787 0.07232113927602768 -3.6766271591186523
v 2.2914140224456787 0.07232113927602768 -3.7820069789886475
v 2.2914140224456787 0.07232113927602768 -3.7820069789886475
v 2.2889983654022217 0.1276637464761734 -3.7820069789886475
v 2.2889983654022217 0.1276637464761734 -3.6766271591186523
v 2.2889983654022217 0.1276637464761734 -3.6766271591186523
v 2.2914140224456787 0.07232113927602768 -3.6766271591186523
v 2.1014606952667236 0.07232113927602768 -3.3836605548858643
v 2.1014606952667236 0.07232113927602768 -3.3836605548858643
v 2.099766731262207 0.1111079752445221 -3.3836605548858643
v 2.2889983654022217 0.1276637464761734 -3.6766271591186523
v 2.2889983654022217 0.1276637464761734 -3.7820069789886475
v 2.2914140224456787 0.07232113927602768 -3.7820069789886475
v 2.1014606952667236 0.07232113927602768 -3.457515239715576
v 2.1014606952667236 0.07232113927602768 -3.457515239715576
v 2.099766731262207 0.1111079752445221 -3.457515239715576
v 2.2889983654022217 0.1276637464761734 -3.7820069789886475
v 2.099766731262207 0.1111079752445221 -3.3836605548858643
v 2.099766731262207 0.1111079752445221 -3.457515239715576
v 2.2889983654022217 0.1276637464761734 -3.7820069789886475
v 2.2889983654022217 0.1276637464761734 -3.7820069789886475
v 2.2889983654022217 0.1276637464761734 -3.6766271591186523
v 2.099766731262207 0.1111079752445221 -3.3836605548858643
v 2.1014606952667236 0.07232113927602768 -3.3836605548858643
v 2.2914140224456787 0.07232113927602768 -3.6766271591186523
v 2.2914140224456787 0.07232113927602768 -3.7820069789886475
v 2.2914140224456787 0.07232113927602768 -3.7820069789886475
v 2.1014606952667236 0.07232113927602768 -3.457515239715576
v 2.1014606952667236 0.07232113927602768 -3.3836605548858643
v 2.1425411701202393 0.47557899355888367 -3.5692808628082275
v 2.1427903175354004 0.47445517778396606 -3.5692808628082275
v 2.1427903175354004 0.47445517778396606 -3.5714704990386963
v 2.1427903175354004 0.47445517778396606 -3.5714704990386963
v 2.1425411701202393 0.47557899355888367 -3.5714704990386963
v 2.1425411701202393 0.47557899355888367 -3.5692808628082275
v 2.1479814052581787 0.4770366847515106 -3.5779671669006348
v 2.148336887359619 0.4754331707954407 -3.5779671669006348
v 2.148336887359619 0.4754331707954407 -3.5810916423797607
v 2.148336887359619 0.4754331707954407 -3.5810916423797607
v 2.1479814052581787 0.4770366847515106 -3.5810916423797607
v 2.1479814052581787 0.4770366847515106 -3.5779671669006348
v 2.1479814052581787 0.4770366847515106 -3.5779671669006348
v 2.148336887359619 0.4754331707954407 -3.5779671669006348
v 2.1427903175354004 0.47445517778396606 -3.5692808628082275
v 2.1427903175354004 0.47445517778396606 -3.5692808628082275
v 2.1425411701202393 0.47557899355888367 -3.5692808628082275
v 2.1479814052581787 0.4770366847515106 -3.5779671669006348
v 2.1479814052581787 0.4770366847515106 -3.5810916423797607
v 2.148336887359619 0.4754331707954407 -3.5810916423797607
v 2.1427903175354004 0.47445517778396606 -3.5714704990386963
v 2.1427903175354004 0.47445517778396606 -3.5714704990386963
v 2.1425411701202393 0.47557899355888367 -3.5714704990386963
v 2.1479814052581787 0.4770366847515106 -3.5810916423797607
v 2.1425411701202393 0.47557899355888367 -3.5692808628082275
v 2.1425411701202393 0.47557899355888367 -3.5714704990386963
v 2.1479814052581787 0.4770366847515106 -3.5810916423797607
v 2.1479814052581787 0.4770366847515106 -3.5810916423797607
v 2.1479814052581787 0.4770366847515106 -3.5779671669006348
v 2.1425411701202393 0.47557899355888367 -3.5692808628082275
v 2.1427903175354004 0.47445517778396606 -3.5692808628082275
v 2.148336887359619 0.4754331707954407 -3.5779671669006348
v 2.148336887359619 0.4754331707954407 -3.5810916423797607
v 2.148336887359619 0.4754331707954407 -3.5810916423797607
v 2.1427903175354004 0.47445517778396606 -3.5714704990386963
v 2.1427903175354004 0.47445517778396606 -3.5692808628082275
v -1.012108564376831 1.9401557445526123 -3.5563597679138184
v -1.0087614059448242 1.941898226737976 -3.5563597679138184
v -1.0087614059448242 1.941898226737976 -3.563538074493408
v -1.0087614059448242 1.941898226737976 -3.563538074493408
v -1.012108564376831 1.9401557445526123 -3.563538074493408
v -1.012108564376831 1.9401557445526123 -3.5563597679138184
v -1.0213398933410645 1.95614492893219 -3.5848348140716553
v -1.016564130783081 1.958631157875061 -3.5848348140716553
v -1.016564130783081 1.958631157875061 -3.5950772762298584
v -1.016564130783081 1.958631157875061 -3.5950772762298584
v -1.0213398933410645 1.95614492893219 -3.5950772762298584
v -1.0213398933410645 1.95614492893219 -3.5848348140716553
v -1.0213398933410645 1.95614492893219 -3.5848348140716553
v -1.016564130783081 1.958631157875061 -3.5848348140716553
v -1.0087614059448242 1.941898226737976 -3.5563597679138184
v -1.0087614059448242 1.941898226737976 -3.5563597679138184
v -1.012108564376831 1.9401557445526123 -3.5563597679138184
v -1.0213398933410645 1.95614492893219 -3.5848348140716553
v -1.0213398933410645 1.95614492893219 -3.5950772762298584
v -1.016564130783081 1.958631157875061 -3.5950772762298584
v -1.0087614059448242 1.941898226737976 -3.563538074493408
v -1.0087614059448242 1.941898226737976 -3.563538074493408
v -1.012108564376831 1.9401557445526123 -3.563538074493408
v -1.0213398933410645 1.95614492893219 -3.5950772762298584
v -1.012108564376831 1.9401557445526123 -3.5563597679138184
v -1.012108564376831 1.9401557445526123 -3.563538074493408
v -1.0213398933410645 1.95614492893219 -3.5950772762298584
v -1.0213398933410645 1.95614492893219 -3.5950772762298584
v -1.0213398933410645 1.95614492893219 -3.5848348140716553
v -1.012108564376831 1.9401557445526123 -3.5563597679138184
v -1.0087614059448242 1.941898226737976 -3.5563597679138184
v -1.016564130783081 1.958631157875061 -3.5848348140716553
v -1.016564130783081 1.958631157875061 -3.5950772762298584
v -1.016564130783081 1.958631157875061 -3.5950772762298584
v -1.0087614059448242 1.941898226737976 -3.563538074493408
v -1.0087614059448242 1.941898226737976 -3.5563597679138184
v -1.48238205909729 1.6164480447769165 -3.5663933753967285
v -1.481101393699646 1.617621660232544 -3.5663933753967285
v -1.481101393699646 1.617621660232544 -3.569697856903076
v -1.481101393699646 1.617621660232544 -3.569697856903076
v -1.48238205909729 1.6164480447769165 -3.569697856903076
v -1.48238205909729 1.6164480447769165 -3.5663933753967285
v -1.4883918762207031 1.6224578619003296 -3.5795018672943115
v -1.4865646362304688 1.6241323947906494 -3.5795018672943115
v -1.4865646362304688 1.6241323947906494 -3.584216833114624
v -1.4865646362304688 1.6241323947906494 -3.584216833114624
v -1.4883918762207031 1.6224578619003296 -3.584216833114624
v -1.4883918762207031 1.6224578619003296 -3.5795018672943115
v -1.4883918762207031 1.6224578619003296 -3.5795018672943115
v -1.4865646362304688 1.6241323947906494 -3.5795018672943115
v -1.481101393699646 1.617621660232544 -3.5663933753967285
v -1.481101393699646 1.617621660232544 -3.5663933753967285
v -1.48238205909729 1.6164480447769165 -3.5663933753967285
v -1.4883918762207031 1.6224578619003296 -3.5795018672943115
v -1.4883918762207031 1.6224578619003296 -3.584216833114624
v -1.4865646362304688 1.6241323947906494 -3.584216833114624
v -1.481101393699646 1.617621660232544 -3.569697856903076
v -1.481101393699646 1.617621660232544 -3.569697856903076
v -1.48238205909729 1.6164480447769165 -3.569697856903076
v -1.4883918762207031 1.6224578619003296 -3.584216833114624
v -1.48238205909729 1.6164480447769165 -3.5663933753967285
v -1.48238205909729 1.6164480447769165 -3.569697856903076
v -1.4883918762207031 1.6224578619003296 -3.584216833114624
v -1.4883918762207031 1.6224578619003296 -3.584216833114624
v -1.4883918762207031 1.6224578619003296 -3.5795018672943115
v -1.48238205909729 1.6164480447769165 -3.5663933753967285
v -1.481101393699646 1.617621660232544 -3.5663933753967285
v -1.4865646362304688 1.6241323947906494 -3.5795018672943115
v -1.4865646362304688 1.6241323947906494 -3.584216833114624
v -1.4865646362304688 1.6241323947906494 -3.584216833114624
v -1.481101393699646 1.617621660232544 -3.569697856903076
v -1.481101393699646 1.617621660232544 -3.5663933753967285
v -2.1421403884887695 -0.4755729138851166 -3.568488836288452
v -2.1424243450164795 -0.47429218888282776 -3.568488836288452
v -2.1424243450164795 -0.47429218888282776 -3.570984363555908
v -2.1424243450164795 -0.47429218888282776 -3.570984363555908
v -2.1421403884887695 -0.4755729138851166 -3.570984363555908
v -2.1421403884887695 -0.4755729138851166 -3.568488836288452
v -2.1483399868011475 -0.4772341251373291 -3.578387975692749
v -2.14874529838562 -0.4754067361354828 -3.578387975692749
v -2.14874529838562 -0.4754067361354828 -3.581948757171631
v -2.14874529838562 -0.4754067361354828 -3.581948757171631
v -2.1483399868011475 -0.4772341251373291 -3.581948757171631
v -2.1483399868011475 -0.4772341251373291 -3.578387975692749
v -2.1483399868011475 -0.4772341251373291 -3.578387975692749
v -2.14874529838562 -0.4754067361354828 -3.578387975692749
v -2.1424243450164795 -0.47429218888282776 -3.568488836288452
v -2.1424243450164795 -0.47429218888282776 -3.568488836288452
v -2.1421403884887695 -0.4755729138851166 -3.568488836288452
v -2.1483399868011475 -0.4772341251373291 -3.578387975692749
v -2.1483399868011475 -0.4772341251373291 -3.581948757171631
v -2.14874529838562 -0.4754067361354828 -3.581948757171631
v -2.1424243450164795 -0.47429218888282776 -3.570984363555908
v -2.1424243450164795 -0.47429218888282776 -3.570984363555908
v -2.1421403884887695 -0.4755729138851166 -3.570984363555908
v -2.1483399868011475 -0.4772341251373291 -3.581948757171631
v -2.1421403884887695 -0.4755729138851166 -3.568488836288452
v -2.1421403884887695 -0.4755729138851166 -3.570984363555908
v -2.1483399868011475 -0.4772341251373291 -3.581948757171631
v -2.1483399868011475 -0.4772341251373291 -3.581948757171631
v -2.1483399868011475 -0.4772341251373291 -3.578387975692749
v -2.1421403884887695 -0.4755729138851166 -3.568488836288452
v -2.1424243450164795 -0.47429218888282776 -3.568488836288452
v -2.14874529838562 -0.4754067361354828 -3.578387975692749
v -2.14874529838562 -0.4754067361354828 -3.581948757171631
v -2.14874529838562 -0.4754067361354828 -3.581948757171631
v -2.1424243450164795 -0.47429218888282776 -3.570984363555908
v -2.1424243450164795 -0.47429218888282776 -3.568488836288452
v -0.28379231691360474 -2.1699061393737793 -3.5565712451934814
v -0.28749099373817444 -2.169419288635254 -3.5565712451934814
v -0.28749099373817444 -2.169419288635254 -3.5636680126190186
v -0.28749099373817444 -2.169419288635254 -3.5636680126190186
v -0.28379231691360474 -2.1699061393737793 -3.5636680126190186
v -0.28379231691360474 -2.1699061393737793 -3.5565712451934814
v -0.2853831350803375 -2.188089609146118 -3.5847225189208984
v -0.290660560131073 -2.187394857406616 -3.5847225189208984
v -0.290660560131073 -2.187394857406616 -3.594848394393921
v -0.290660560131073 -2.187394857406616 -3.594848394393921
v -0.2853831350803375 -2.188089609146118 -3.594848394393921
v -0.2853831350803375 -2.188089609146118 -3.5847225189208984
v -0.2853831350803375 -2.188089609146118 -3.5847225189208984
v -0.290660560131073 -2.187394857406616 -3.5847225189208984
v -0.28749099373817444 -2.169419288635254 -3.5565712451934814
v -0.28749099373817444 -2.169419288635254 -3.5565712451934814
v -0.28379231691360474 -2.1699061393737793 -3.5565712451934814
v -0.2853831350803375 -2.188089609146118 -3.5847225189208984
v -0.2853831350803375 -2.188089609146118 -3.594848394393921
v -0.290660560131073 -2.187394857406616 -3.594848394393921
v -0.28749099373817444 -2.169419288635254 -3.5636680126190186
v -0.28749099373817444 -2.169419288635254 -3.5636680126190186
v -0.28379231691360474 -2.1699061393737793 -3.5636680126190186
v -0.2853831350803375 -2.188089609146118 -3.594848394393921
v -0.28379231691360474 -2.1699061393737793 -3.5565712451934814
v -0.28379231691360474 -2.1699061393737793 -3.5636680126190186
v -0.2853831350803375 -2.188089609146118 -3.594848394393921
v -0.2853831350803375 -2.188089609146118 -3.594848394393921
v -0.2853831350803375 -2.188089609146118 -3.5847225189208984
v -0.28379231691360474 -2.1699061393737793 -3.5565712451934814
v -0.28749099373817444 -2.169419288635254 -3.5565712451934814
v -0.290660560131073 -2.187394857406616 -3.5847225189208984
v -0.290660560131073 -2.187394857406616 -3.594848394393921
v -0.290660560131073 -2.187394857406616 -3.594848394393921
v -0.28749099373817444 -2.169419288635254 -3.5636680126190186
v -0.28749099373817444 -2.169419288635254 -3.5565712451934814
v 0.97760409116745 -1.8193325996398926 -3.3081815242767334
v 0.9295787215232849 -1.8443326950073242 -3.3081815242767334
v 0.9295787215232849 -1.8443326950073242 -3.411177635192871
v 0.9295787215232849 -1.8443326950073242 -3.411177635192871
v 0.97760409116745 -1.8193325996398926 -3.411177635192871
v 0.97760409116745 -1.8193325996398926 -3.3081815242767334
v 1.1100568771362305 -2.048746347427368 -3.716745376586914
v 1.0415343046188354 -2.084418296813965 -3.716745376586914
v 1.0415343046188354 -2.084418296813965 -3.863705635070801
v 1.0415343046188354 -2.084418296813965 -3.863705635070801
v 1.1100568771362305 -2.048746347427368 -3.863705635070801
v 1.1100568771362305 -2.048746347427368 -3.716745376586914
v 1.1100568771362305 -2.048746347427368 -3.716745376586914
v 1.0415343046188354 -2.084418296813965 -3.716745376586914
v 0.9295787215232849 -1.8443326950073242 -3.3081815242767334
v 0.9295787215232849 -1.8443326950073242 -3.3081815242767334
v 0.97760409116745 -1.8193325996398926 -3.3081815242767334
v 1.1100568771362305 -2.048746347427368 -3.716745376586914
v 1.1100568771362305 -2.048746347427368 -3.863705635070801
v 1.0415343046188354 -2.084418296813965 -3.863705635070801
v 0.9295787215232849 -1.8443326950073242 -3.411177635192871
v 0.9295787215232849 -1.8443326950073242 -3.411177635192871
v 0.97760409116745 -1.8193325996398926 -3.411177635192871
v 1.1100568771362305 -2.048746347427368 -3.863705635070801
v 0.97760409116745 -1.8193325996398926 -3.3081815242767334
v 0.97760409116745 -1.8193325996398926 -3.411177635192871
v 1.1100568771362305 -2.048746347427368 -3.863705635070801
v 1.1100568771362305 -2.048746347427368 -3.863705635070801
v 1.1100568771362305 -2.048746347427368 -3.716745376586914
v 0.97760409116745 -1.8193325996398926 -3.3081815242767334
v 0.9295787215232849 -1.8443326950073242 -3.3081815242767334
v 1.0415343046188354 -2.084418296813965 -3.716745376586914
v 1.0415343046188354 -2.084418296813965 -3.863705635070801
v 1.0415343046188354 -2.084418296813965 -3.863705635070801
v 0.9295787215232849 -1.8443326950073242 -3.411177635192871
v 0.9295787215232849 -1.8443326950073242 -3.3081815242767334
v 1.170536994934082 -1.8267515897750854 -3.518693447113037
v 1.1609067916870117 -1.8328866958618164 -3.518693447113037
v 1.1609067916870117 -1.8328866958618164 -3.540414333343506
v 1.1609067916870117 -1.8328866958618164 -3.540414333343506
v 1.170536994934082 -1.8267515897750854 -3.540414333343506
v 1.170536994934082 -1.8267515897750854 -3.518693447113037
v 1.2025797367095947 -1.872514247894287 -3.6048550605773926
v 1.1888395547866821 -1.8812674283981323 -3.6048550605773926
v 1.1888395547866821 -1.8812674283981323 -3.635847330093384
v 1.1888395547866821 -1.8812674283981323 -3.635847330093384
v 1.2025797367095947 -1.872514247894287 -3.635847330093384
v 1.2025797367095947 -1.872514247894287 -3.6048550605773926
v 1.2025797367095947 -1.872514247894287 -3.6048550605773926
v 1.1888395547866821 -1.8812674283981323 -3.6048550605773926
v 1.1609067916870117 -1.8328866958618164 -3.518693447113037
v 1.1609067916870117 -1.8328866958618164 -3.518693447113037
v 1.170536994934082 -1.8267515897750854 -3.518693447113037
v 1.2025797367095947 -1.872514247894287 -3.6048550605773926
v 1.2025797367095947 -1.872514247894287 -3.635847330093384
v 1.1888395547866821 -1.8812674283981323 -3.635847330093384
v 1.1609067916870117 -1.8328866958618164 -3.540414333343506
v 1.1609067916870117 -1.8328866958618164 -3.540414333343506
v 1.170536994934082 -1.8267515897750854 -3.540414333343506
v 1.2025797367095947 -1.872514247894287 -3.635847330093384
v 1.170536994934082 -1.8267515897750854 -3.518693447113037
v 1.170536994934082 -1.8267515897750854 -3.540414333343506
v 1.2025797367095947 -1.872514247894287 -3.635847330093384
v 1.2025797367095947 -1.872514247894287 -3.635847330093384
v 1.2025797367095947 -1.872514247894287 -3.6048550605773926
v 1.170536994934082 -1.8267515897750854 -3.518693447113037
v 1.1609067916870117 -1.8328866958618164 -3.518693447113037
v 1.1888395547866821 -1.8812674283981323 -3.6048550605773926
v 1.1888395547866821 -1.8812674283981323 -3.635847330093384
v 1.1888395547866821 -1.8812674283981323 -3.635847330093384
v 1.1609067916870117 -1.8328866958618164 -3.540414333343506
v 1.1609067916870117 -1.8328866958618164 -3.518693447113037
v 1.757819652557373 -1.088257908821106 -3.3123652935028076
v 1.7291843891143799 -1.1332064867019653 -3.3123652935028076
v 1.7291843891143799 -1.1332064867019653 -3.4137461185455322
v 1.7291843891143799 -1.1332064867019653 -3.4137461185455322
v 1.757819652557373 -1.088257908821106 -3.4137461185455322
v 1.757819652557373 -1.088257908821106 -3.3123652935028076
v 1.983635425567627 -1.2186334133148193 -3.714521646499634
v 1.9427804946899414 -1.2827651500701904 -3.714521646499634
v 1.9427804946899414 -1.2827651500701904 -3.8591768741607666
v 1.9427804946899414 -1.2827651500701904 -3.8591768741607666
v 1.983635425567627 -1.2186334133148193 -3.8591768741607666
v 1.983635425567627 -1.2186334133148193 -3.714521646499634
v 1.983635425567627 -1.2186334133148193 -3.714521646499634
v 1.9427804946899414 -1.2827651500701904 -3.714521646499634
v 1.7291843891143799 -1.1332064867019653 -3.3123652935028076
v 1.7291843891143799 -1.1332064867019653 -3.3123652935028076
v 1.757819652557373 -1.088257908821106 -3.3123652935028076
v 1.983635425567627 -1.2186334133148193 -3.714521646499634
v 1.983635425567627 -1.2186334133148193 -3.8591768741607666
v 1.9427804946899414 -1.2827651500701904 -3.8591768741607666
v 1.7291843891143799 -1.1332064867019653 -3.4137461185455322
v 1.7291843891143799 -1.1332064867019653 -3.4137461185455322
v 1.757819652557373 -1.088257908821106 -3.4137461185455322
v 1.983635425567627 -1.2186334133148193 -3.8591768741607666
v 1.757819652557373 -1.088257908821106 -3.3123652935028076
v 1.757819652557373 -1.088257908821106 -3.4137461185455322
v 1.983635425567627 -1.2186334133148193 -3.8591768741607666
v 1.983635425567627 -1.2186334133148193 -3.8591768741607666
v 1.983635425567627 -1.2186334133148193 -3.714521646499634
v 1.757819652557373 -1.088257908821106 -3.3123652935028076
v 1.7291843891143799 -1.1332064867019653 -3.3123652935028076
v 1.9427804946899414 -1.2827651500701904 -3.714521646499634
v 1.9427804946899414 -1.2827651500701904 -3.8591768741607666
v 1.9427804946899414 -1.2827651500701904 -3.8591768741607666
v 1.7291843891143799 -1.1332064867019653 -3.4137461185455322
v 1.7291843891143799 -1.1332064867019653 -3.3123652935028076
v 2.0276148319244385 -0.8391832709312439 -3.5687294006347656
v 2.0271315574645996 -0.8403501510620117 -3.5687294006347656
v 2.0271315574645996 -0.8403501510620117 -3.571132183074951
v 2.0271315574645996 -0.8403501510620117 -3.571132183074951
v 2.0276148319244385 -0.8391832709312439 -3.571132183074951
v 2.0276148319244385 -0.8391832709312439 -3.5687294006347656
v 2.033421754837036 -0.8412967920303345 -3.5782601833343506
v 2.0327320098876953 -0.8429617881774902 -3.5782601833343506
v 2.0327320098876953 -0.8429617881774902 -3.581688404083252
v 2.0327320098876953 -0.8429617881774902 -3.581688404083252
v 2.033421754837036 -0.8412967920303345 -3.581688404083252
v 2.033421754837036 -0.8412967920303345 -3.5782601833343506
v 2.033421754837036 -0.8412967920303345 -3.5782601833343506
v 2.0327320098876953 -0.8429617881774902 -3.5782601833343506
v 2.0271315574645996 -0.8403501510620117 -3.5687294006347656
v 2.0271315574645996 -0.8403501510620117 -3.5687294006347656
v 2.0276148319244385 -0.8391832709312439 -3.5687294006347656
v 2.033421754837036 -0.8412967920303345 -3.5782601833343506
v 2.033421754837036 -0.8412967920303345 -3.581688404083252
v 2.0327320098876953 -0.8429617881774902 -3.581688404083252
v 2.0271315574645996 -0.8403501510620117 -3.571132183074951
v 2.0271315574645996 -0.8403501510620117 -3.571132183074951
v 2.0276148319244385 -0.8391832709312439 -3.571132183074951
v 2.033421754837036 -0.8412967920303345 -3.581688404083252
v 2.0276148319244385 -0.8391832709312439 -3.5687294006347656
v 2.0276148319244385 -0.8391832709312439 -3.571132183074951
v 2.033421754837036 -0.8412967920303345 -3.581688404083252
v 2.033421754837036 -0.8412967920303345 -3.581688404083252
v 2.033421754837036 -0.8412967920303345 -3.5782601833343506
v 2.0276148319244385 -0.8391832709312439 -3.5687294006347656
v 2.0271315574645996 -0.8403501510620117 -3.5687294006347656
v 2.0327320098876953 -0.8429617881774902 -3.5782601833343506
v 2.0327320098876953 -0.8429617881774902 -3.581688404083252
v 2.0327320098876953 -0.8429617881774902 -3.581688404083252
v 2.0271315574645996 -0.8403501510620117 -3.571132183074951
v 2.0271315574645996 -0.8403501510620117 -3.5687294006347656
v 2.0497374534606934 -0.24226871132850647 -3.305457353591919
v 2.0425987243652344 -0.29649680852890015 -3.305457353591919
v 2.0425987243652344 -0.29649680852890015 -3.4095051288604736
v 2.0425987243652344 -0.29649680852890015 -3.4095051288604736
v 2.0497374534606934 -0.24226871132850647 -3.4095051288604736
v 2.0497374534606934 -0.24226871132850647 -3.305457353591919
v 2.3163299560546875 -0.2655927240848541 -3.718193292617798
v 2.3061439990997314 -0.3429667353630066 -3.718193292617798
v 2.3061439990997314 -0.3429667353630066 -3.86665415763855
v 2.3061439990997314 -0.3429667353630066 -3.86665415763855
v 2.3163299560546875 -0.2655927240848541 -3.86665415763855
v 2.3163299560546875 -0.2655927240848541 -3.718193292617798
v 2.3163299560546875 -0.2655927240848541 -3.718193292617798
v 2.3061439990997314 -0.3429667353630066 -3.718193292617798
v 2.0425987243652344 -0.29649680852890015 -3.305457353591919
v 2.0425987243652344 -0.29649680852890015 -3.305457353591919
v 2.0497374534606934 -0.24226871132850647 -3.305457353591919
v 2.3163299560546875 -0.2655927240848541 -3.718193292617798
v 2.3163299560546875 -0.2655927240848541 -3.86665415763855
v 2.3061439990997314 -0.3429667353630066 -3.86665415763855
v 2.0425987243652344 -0.29649680852890015 -3.4095051288604736
v 2.0425987243652344 -0.29649680852890015 -3.4095051288604736
v 2.0497374534606934 -0.24226871132850647 -3.4095051288604736
v 2.3163299560546875 -0.2655927240848541 -3.86665415763855
v 2.0497374534606934 -0.24226871132850647 -3.305457353591919
v 2.0497374534606934 -0.24226871132850647 -3.4095051288604736
v 2.3163299560546875 -0.2655927240848541 -3.86665415763855
v 2.3163299560546875 -0.2655927240848541 -3.86665415763855
v 2.3163299560546875 -0.2655927240848541 -3.718193292617798
v 2.0497374534606934 -0.24226871132850647 -3.305457353591919
v 2.0425987243652344 -0.29649680852890015 -3.305457353591919
v 2.3061439990997314 -0.3429667353630066 -3.718193292617798
v 2.3061439990997314 -0.3429667353630066 -3.86665415763855
v 2.3061439990997314 -0.3429667353630066 -3.86665415763855
v 2.0425987243652344 -0.29649680852890015 -3.4095051288604736
v 2.0425987243652344 -0.29649680852890015 -3.305457353591919
v 1.8127299547195435 -1.0129399896641189e-7 -2.7957699298858643
v 1.8058300018310547 -0.1579899936914444 -2.7957699298858643
v 1.8058300018310547 -0.1579899936914444 -3.09660005569458
v 1.8058300018310547 -0.1579899936914444 -3.09660005569458
v 1.8127299547195435 -1.0129399896641189e-7 -3.09660005569458
v 1.8127299547195435 -1.0129399896641189e-7 -2.7957699298858643
v 2.5864601135253906 -1.4453000574121688e-7 -3.9890999794006348
v 2.576620101928711 -0.22542500495910645 -3.9890999794006348
v 2.576620101928711 -0.22542500495910645 -4.41834020614624
v 2.576620101928711 -0.22542500495910645 -4.41834020614624
v 2.5864601135253906 -1.4453000574121688e-7 -4.41834020614624
v 2.5864601135253906 -1.4453000574121688e-7 -3.9890999794006348
v 2.5864601135253906 -1.4453000574121688e-7 -3.9890999794006348
v 2.576620101928711 -0.22542500495910645 -3.9890999794006348
v 1.8058300018310547 -0.1579899936914444 -2.7957699298858643
v 1.8058300018310547 -0.1579899936914444 -2.7957699298858643
v 1.8127299547195435 -1.0129399896641189e-7 -2.7957699298858643
v 2.5864601135253906 -1.4453000574121688e-7 -3.9890999794006348
v 2.5864601135253906 -1.4453000574121688e-7 -4.41834020614624
v 2.576620101928711 -0.22542500495910645 -4.41834020614624
v 1.8058300018310547 -0.1579899936914444 -3.09660005569458
v 1.8058300018310547 -0.1579899936914444 -3.09660005569458
v 1.8127299547195435 -1.0129399896641189e-7 -3.09660005569458
v 2.5864601135253906 -1.4453000574121688e-7 -4.41834020614624
v 1.8127299547195435 -1.0129399896641189e-7 -2.7957699298858643
v 1.8127299547195435 -1.0129399896641189e-7 -3.09660005569458
v 2.5864601135253906 -1.4453000574121688e-7 -4.41834020614624
v 2.5864601135253906 -1.4453000574121688e-7 -4.41834020614624
v 2.5864601135253906 -1.4453000574121688e-7 -3.9890999794006348
v 1.8127299547195435 -1.0129399896641189e-7 -2.7957699298858643
v 1.8058300018310547 -0.1579899936914444 -2.7957699298858643
v 2.576620101928711 -0.22542500495910645 -3.9890999794006348
v 2.576620101928711 -0.22542500495910645 -4.41834020614624
v 2.576620101928711 -0.22542500495910645 -4.41834020614624
v 1.8058300018310547 -0.1579899936914444 -3.09660005569458
v 1.8058300018310547 -0.1579899936914444 -2.7957699298858643
v -1.976401448249817 -1.2600812911987305 0.30815765261650085
v -1.977281928062439 -1.2586992979049683 0.30815765261650085
v -1.977281928062439 -1.2586992979049683 0.3065091073513031
v -1.977281928062439 -1.2586992979049683 0.3065091073513031
v -1.976401448249817 -1.2600812911987305 0.3065091073513031
v -1.976401448249817 -1.2600812911987305 0.30815765261650085
v -1.985551357269287 -1.2664880752563477 0.31011107563972473
v -1.9869552850723267 -1.264284372329712 0.31011107563972473
v -1.9869552850723267 -1.264284372329712 0.30748215317726135
v -1.9869552850723267 -1.264284372329712 0.30748215317726135
v -1.985551357269287 -1.2664880752563477 0.30748215317726135
v -1.985551357269287 -1.2664880752563477 0.31011107563972473
v -1.985551357269287 -1.2664880752563477 0.31011107563972473
v -1.9869552850723267 -1.264284372329712 0.31011107563972473
v -1.977281928062439 -1.2586992979049683 0.30815765261650085
v -1.977281928062439 -1.2586992979049683 0.30815765261650085
v -1.976401448249817 -1.2600812911987305 0.30815765261650085
v -1.985551357269287 -1.2664880752563477 0.31011107563972473
v -1.985551357269287 -1.2664880752563477 0.30748215317726135
v -1.9869552850723267 -1.264284372329712 0.30748215317726135
v -1.977281928062439 -1.2586992979049683 0.3065091073513031
v -1.977281928062439 -1.2586992979049683 0.3065091073513031
v -1.976401448249817 -1.2600812911987305 0.3065091073513031
v -1.985551357269287 -1.2664880752563477 0.30748215317726135
v -1.976401448249817 -1.2600812911987305 0.30815765261650085
v -1.976401448249817 -1.2600812911987305 0.3065091073513031
v -1.985551357269287 -1.2664880752563477 0.30748215317726135
v -1.985551357269287 -1.2664880752563477 0.30748215317726135
v -1.985551357269287 -1.2664880752563477 0.31011107563972473
v -1.976401448249817 -1.2600812911987305 0.30815765261650085
v -1.977281928062439 -1.2586992979049683 0.30815765261650085
v -1.9869552850723267 -1.264284372329712 0.31011107563972473
v -1.9869552850723267 -1.264284372329712 0.30748215317726135
v -1.9869552850723267 -1.264284372329712 0.30748215317726135
v -1.977281928062439 -1.2586992979049683 0.3065091073513031
v -1.977281928062439 -1.2586992979049683 0.30815765261650085
v -1.9752939939498901 -1.2595847845077515 0.5155608057975769
v -1.9763638973236084 -1.25790536403656 0.5155608057975769
v -1.9763638973236084 -1.25790536403656 0.5135272741317749
v -1.9763638973236084 -1.25790536403656 0.5135272741317749
v -1.9752939939498901 -1.2595847845077515 0.5135272741317749
v -1.9752939939498901 -1.2595847845077515 0.5155608057975769
v -1.9864130020141602 -1.2673704624176025 0.5191439390182495
v -1.988119125366211 -1.2646924257278442 0.5191439390182495
v -1.988119125366211 -1.2646924257278442 0.5159010291099548
v -1.988119125366211 -1.2646924257278442 0.5159010291099548
v -1.9864130020141602 -1.2673704624176025 0.5159010291099548
v -1.9864130020141602 -1.2673704624176025 0.5191439390182495
v -1.9864130020141602 -1.2673704624176025 0.5191439390182495
v -1.988119125366211 -1.2646924257278442 0.5191439390182495
v -1.9763638973236084 -1.25790536403656 0.5155608057975769
v -1.9763638973236084 -1.25790536403656 0.5155608057975769
v -1.9752939939498901 -1.2595847845077515 0.5155608057975769
v -1.9864130020141602 -1.2673704624176025 0.5191439390182495
v -1.9864130020141602 -1.2673704624176025 0.5159010291099548
v -1.988119125366211 -1.2646924257278442 0.5159010291099548
v -1.9763638973236084 -1.25790536403656 0.5135272741317749
v -1.9763638973236084 -1.25790536403656 0.5135272741317749
v -1.9752939939498901 -1.2595847845077515 0.5135272741317749
v -1.9864130020141602 -1.2673704624176025 0.5159010291099548
v -1.9752939939498901 -1.2595847845077515 0.5155608057975769
v -1.9752939939498901 -1.2595847845077515 0.5135272741317749
v -1.9864130020141602 -1.2673704624176025 0.5159010291099548
v -1.9864130020141602 -1.2673704624176025 0.5159010291099548
v -1.9864130020141602 -1.2673704624176025 0.5191439390182495
v -1.9752939939498901 -1.2595847845077515 0.5155608057975769
v -1.9763638973236084 -1.25790536403656 0.5155608057975769
v -1.988119125366211 -1.2646924257278442 0.5191439390182495
v -1.988119125366211 -1.2646924257278442 0.5159010291099548
v -1.988119125366211 -1.2646924257278442 0.5159010291099548
v -1.9763638973236084 -1.25790536403656 0.5135272741317749
v -1.9763638973236084 -1.25790536403656 0.5155608057975769
v -1.971048355102539 -1.2576814889907837 0.7261285185813904
v -1.9728447198867798 -1.2548619508743286 0.7261285185813904
v -1.9728447198867798 -1.2548619508743286 0.7226377129554749
v -1.9728447198867798 -1.2548619508743286 0.7226377129554749
v -1.971048355102539 -1.2576814889907837 0.7226377129554749
v -1.971048355102539 -1.2576814889907837 0.7261285185813904
v -1.9897162914276123 -1.2707529067993164 0.7342202663421631
v -1.9925806522369385 -1.2662566900253296 0.7342202663421631
v -1.9925806522369385 -1.2662566900253296 0.7286534905433655
v -1.9925806522369385 -1.2662566900253296 0.7286534905433655
v -1.9897162914276123 -1.2707529067993164 0.7286534905433655
v -1.9897162914276123 -1.2707529067993164 0.7342202663421631
v -1.9897162914276123 -1.2707529067993164 0.7342202663421631
v -1.9925806522369385 -1.2662566900253296 0.7342202663421631
v -1.9728447198867798 -1.2548619508743286 0.7261285185813904
v -1.9728447198867798 -1.2548619508743286 0.7261285185813904
v -1.971048355102539 -1.2576814889907837 0.7261285185813904
v -1.9897162914276123 -1.2707529067993164 0.7342202663421631
v -1.9897162914276123 -1.2707529067993164 0.7286534905433655
v -1.9925806522369385 -1.2662566900253296 0.7286534905433655
v -1.9728447198867798 -1.2548619508743286 0.7226377129554749
v -1.9728447198867798 -1.2548619508743286 0.7226377129554749
v -1.971048355102539 -1.2576814889907837 0.7226377129554749
v -1.9897162914276123 -1.2707529067993164 0.7286534905433655
v -1.971048355102539 -1.2576814889907837 0.7261285185813904
v -1.971048355102539 -1.2576814889907837 0.7226377129554749
v -1.9897162914276123 -1.2707529067993164 0.7286534905433655
v -1.9897162914276123 -1.2707529067993164 0.7286534905433655
v -1.9897162914276123 -1.2707529067993164 0.7342202663421631
v -1.971048355102539 -1.2576814889907837 0.7261285185813904
v -1.9728447198867798 -1.2548619508743286 0.7261285185813904
v -1.9925806522369385 -1.2662566900253296 0.7342202663421631
v -1.9925806522369385 -1.2662566900253296 0.7286534905433655
v -1.9925806522369385 -1.2662566900253296 0.7286534905433655
v -1.9728447198867798 -1.2548619508743286 0.7226377129554749
v -1.9728447198867798 -1.2548619508743286 0.7261285185813904
v -1.0842543840408325 2.0822348594665527 0.9448391795158386
v -1.083763837814331 2.0824899673461914 0.9448391795158386
v -1.083763837814331 2.0824899673461914 0.9442447423934937
v -1.083763837814331 2.0824899673461914 0.9442447423934937
v -1.0842543840408325 2.0822348594665527 0.9442447423934937
v -1.0842543840408325 2.0822348594665527 0.9448391795158386
v -1.0861389636993408 2.0854990482330322 0.9465309977531433
v -1.0853568315505981 2.0859062671661377 0.9465309977531433
v -1.0853568315505981 2.0859062671661377 0.9455831050872803
v -1.0853568315505981 2.0859062671661377 0.9455831050872803
v -1.0861389636993408 2.0854990482330322 0.9455831050872803
v -1.0861389636993408 2.0854990482330322 0.9465309977531433
v -1.0861389636993408 2.0854990482330322 0.9465309977531433
v -1.0853568315505981 2.0859062671661377 0.9465309977531433
v -1.083763837814331 2.0824899673461914 0.9448391795158386
v -1.083763837814331 2.0824899673461914 0.9448391795158386
v -1.0842543840408325 2.0822348594665527 0.9448391795158386
v -1.0861389636993408 2.0854990482330322 0.9465309977531433
v -1.0861389636993408 2.0854990482330322 0.9455831050872803
v -1.0853568315505981 2.0859062671661377 0.9455831050872803
v -1.083763837814331 2.0824899673461914 0.9442447423934937
v -1.083763837814331 2.0824899673461914 0.9442447423934937
v -1.0842543840408325 2.0822348594665527 0.9442447423934937
v -1.0861389636993408 2.0854990482330322 0.9455831050872803
v -1.0842543840408325 2.0822348594665527 0.9448391795158386
v -1.0842543840408325 2.0822348594665527 0.9442447423934937
v -1.0861389636993408 2.0854990482330322 0.9455831050872803
v -1.0861389636993408 2.0854990482330322 0.9455831050872803
v -1.0861389636993408 2.0854990482330322 0.9465309977531433
v -1.0842543840408325 2.0822348594665527 0.9448391795158386
v -1.083763837814331 2.0824899673461914 0.9448391795158386
v -1.0853568315505981 2.0859062671661377 0.9465309977531433
v -1.0853568315505981 2.0859062671661377 0.9455831050872803
v -1.0853568315505981 2.0859062671661377 0.9455831050872803
v -1.083763837814331 2.0824899673461914 0.9442447423934937
v -1.083763837814331 2.0824899673461914 0.9448391795158386
v -2.2165393829345703 0.47909143567085266 2.690308094024658
v -2.211339235305786 0.5025461912155151 2.690308094024658
v -2.211339235305786 0.5025461912155151 2.653312921524048
v -2.211339235305786 0.5025461912155151 2.653312921524048
v -2.2165393829345703 0.47909143567085266 2.653312921524048
v -2.2165393829345703 0.47909143567085266 2.690308094024658
v -2.377821445465088 0.5075299739837646 2.894083023071289
v -2.3695297241210938 0.5449333786964417 2.894083023071289
v -2.3695297241210938 0.5449333786964417 2.835085868835449
v -2.3695297241210938 0.5449333786964417 2.835085868835449
v -2.377821445465088 0.5075299739837646 2.835085868835449
v -2.377821445465088 0.5075299739837646 2.894083023071289
v -2.377821445465088 0.5075299739837646 2.894083023071289
v -2.3695297241210938 0.5449333786964417 2.894083023071289
v -2.211339235305786 0.5025461912155151 2.690308094024658
v -2.211339235305786 0.5025461912155151 2.690308094024658
v -2.2165393829345703 0.47909143567085266 2.690308094024658
v -2.377821445465088 0.5075299739837646 2.894083023071289
v -2.377821445465088 0.5075299739837646 2.835085868835449
v -2.3695297241210938 0.5449333786964417 2.835085868835449
v -2.211339235305786 0.5025461912155151 2.653312921524048
v -2.211339235305786 0.5025461912155151 2.653312921524048
v -2.2165393829345703 0.47909143567085266 2.653312921524048
v -2.377821445465088 0.5075299739837646 2.835085868835449
v -2.2165393829345703 0.47909143567085266 2.690308094024658
v -2.2165393829345703 0.47909143567085266 2.653312921524048
v -2.377821445465088 0.5075299739837646 2.835085868835449
v -2.377821445465088 0.5075299739837646 2.835085868835449
v -2.377821445465088 0.5075299739837646 2.894083023071289
v -2.2165393829345703 0.47909143567085266 2.690308094024658
v -2.211339235305786 0.5025461912155151 2.690308094024658
v -2.3695297241210938 0.5449333786964417 2.894083023071289
v -2.3695297241210938 0.5449333786964417 2.835085868835449
v -2.3695297241210938 0.5449333786964417 2.835085868835449
v -2.211339235305786 0.5025461912155151 2.653312921524048
v -2.211339235305786 0.5025461912155151 2.690308094024658
v -2.319178581237793 0.09709928184747696 2.741257905960083
v -2.3188159465789795 0.10540066659450531 2.741257905960083
v -2.3188159465789795 0.10540066659450531 2.7284624576568604
v -2.3188159465789795 0.10540066659450531 2.7284624576568604
v -2.319178581237793 0.09709928184747696 2.7284624576568604
v -2.319178581237793 0.09709928184747696 2.741257905960083
v -2.375821828842163 0.09709928929805756 2.811737537384033
v -2.375243902206421 0.11033747345209122 2.811737537384033
v -2.375243902206421 0.11033747345209122 2.791332244873047
v -2.375243902206421 0.11033747345209122 2.791332244873047
v -2.375821828842163 0.09709928929805756 2.791332244873047
v -2.375821828842163 0.09709928929805756 2.811737537384033
v -2.375821828842163 0.09709928929805756 2.811737537384033
v -2.375243902206421 0.11033747345209122 2.811737537384033
v -2.3188159465789795 0.10540066659450531 2.741257905960083
v -2.3188159465789795 0.10540066659450531 2.741257905960083
v -2.319178581237793 0.09709928184747696 2.741257905960083
v -2.375821828842163 0.09709928929805756 2.811737537384033
v -2.375821828842163 0.09709928929805756 2.791332244873047
v -2.375243902206421 0.11033747345209122 2.791332244873047
v -2.3188159465789795 0.10540066659450531 2.7284624576568604
v -2.3188159465789795 0.10540066659450531 2.7284624576568604
v -2.319178581237793 0.09709928184747696 2.7284624576568604
v -2.375821828842163 0.09709928929805756 2.791332244873047
v -2.319178581237793 0.09709928184747696 2.741257905960083
v -2.319178581237793 0.09709928184747696 2.7284624576568604
v -2.375821828842163 0.09709928929805756 2.791332244873047
v -2.375821828842163 0.09709928929805756 2.791332244873047
v -2.375821828842163 0.09709928929805756 2.811737537384033
v -2.319178581237793 0.09709928184747696 2.741257905960083
v -2.3188159465789795 0.10540066659450531 2.741257905960083
v -2.375243902206421 0.11033747345209122 2.811737537384033
v -2.375243902206421 0.11033747345209122 2.791332244873047
v -2.375243902206421 0.11033747345209122 2.791332244873047
v -2.3188159465789795 0.10540066659450531 2.7284624576568604
v -2.3188159465789795 0.10540066659450531 2.741257905960083
v -2.139183282852173 -0.8911812901496887 2.737623691558838
v -2.142791509628296 -0.8824689388275146 2.737623691558838
v -2.142791509628296 -0.8824689388275146 2.723101854324341
v -2.142791509628296 -0.8824689388275146 2.723101854324341
v -2.139183282852173 -0.8911812901496887 2.723101854324341
v -2.139183282852173 -0.8911812901496887 2.737623691558838
v -2.1974451541900635 -0.9183490872383118 2.8176112174987793
v -2.203200101852417 -0.9044556617736816 2.8176112174987793
v -2.203200101852417 -0.9044556617736816 2.7944531440734863
v -2.203200101852417 -0.9044556617736816 2.7944531440734863
v -2.1974451541900635 -0.9183490872383118 2.7944531440734863
v -2.1974451541900635 -0.9183490872383118 2.8176112174987793
v -2.1974451541900635 -0.9183490872383118 2.8176112174987793
v -2.203200101852417 -0.9044556617736816 2.8176112174987793
v -2.142791509628296 -0.8824689388275146 2.737623691558838
v -2.142791509628296 -0.8824689388275146 2.737623691558838
v -2.139183282852173 -0.8911812901496887 2.737623691558838
v -2.1974451541900635 -0.9183490872383118 2.8176112174987793
v -2.1974451541900635 -0.9183490872383118 2.7944531440734863
v -2.203200101852417 -0.9044556617736816 2.7944531440734863
v -2.142791509628296 -0.8824689388275146 2.723101854324341
v -2.142791509628296 -0.8824689388275146 2.723101854324341
v -2.139183282852173 -0.8911812901496887 2.723101854324341
v -2.1974451541900635 -0.9183490872383118 2.7944531440734863
v -2.139183282852173 -0.8911812901496887 2.737623691558838
v -2.139183282852173 -0.8911812901496887 2.723101854324341
v -2.1974451541900635 -0.9183490872383118 2.7944531440734863
v -2.1974451541900635 -0.9183490872383118 2.7944531440734863
v -2.1974451541900635 -0.9183490872383118 2.8176112174987793
v -2.139183282852173 -0.8911812901496887 2.737623691558838
v -2.142791509628296 -0.8824689388275146 2.737623691558838
v -2.203200101852417 -0.9044556617736816 2.8176112174987793
v -2.203200101852417 -0.9044556617736816 2.7944531440734863
v -2.203200101852417 -0.9044556617736816 2.7944531440734863
v -2.142791509628296 -0.8824689388275146 2.723101854324341
v -2.142791509628296 -0.8824689388275146 2.737623691558838
v -2.3303089141845703 0.09923326224088669 3.0768470764160156
v -2.330090045928955 0.1042448952794075 3.0768470764160156
v -2.330090045928955 0.1042448952794075 3.0685806274414062
v -2.330090045928955 0.1042448952794075 3.0685806274414062
v -2.3303089141845703 0.09923326224088669 3.0685806274414062
v -2.3303089141845703 0.09923326224088669 3.0768470764160156
v -2.3645050525665283 0.09923326224088669 3.12431263923645
v -2.3641560077667236 0.10722529888153076 3.12431263923645
v -2.3641560077667236 0.10722529888153076 3.1111295223236084
v -2.3641560077667236 0.10722529888153076 3.1111295223236084
v -2.3645050525665283 0.09923326224088669 3.1111295223236084
v -2.3645050525665283 0.09923326224088669 3.12431263923645
v -2.3645050525665283 0.09923326224088669 3.12431263923645
v -2.3641560077667236 0.10722529888153076 3.12431263923645
v -2.330090045928955 0.1042448952794075 3.0768470764160156
v -2.330090045928955 0.1042448952794075 3.0768470764160156
v -2.3303089141845703 0.09923326224088669 3.0768470764160156
v -2.3645050525665283 0.09923326224088669 3.12431263923645
v -2.3645050525665283 0.09923326224088669 3.1111295223236084
v -2.3641560077667236 0.10722529888153076 3.1111295223236084
v -2.330090045928955 0.1042448952794075 3.0685806274414062
v -2.330090045928955 0.1042448952794075 3.0685806274414062
v -2.3303089141845703 0.09923326224088669 3.0685806274414062
v -2.3645050525665283 0.09923326224088669 3.1111295223236084
v -2.3303089141845703 0.09923326224088669 3.0768470764160156
v -2.3303089141845703 0.09923326224088669 3.0685806274414062
v -2.3645050525665283 0.09923326224088669 3.1111295223236084
v -2.3645050525665283 0.09923326224088669 3.1111295223236084
v -2.3645050525665283 0.09923326224088669 3.12431263923645
v -2.3303089141845703 0.09923326224088669 3.0768470764160156
v -2.330090045928955 0.1042448952794075 3.0768470764160156
v -2.3641560077667236 0.10722529888153076 3.12431263923645
v -2.3641560077667236 0.10722529888153076 3.1111295223236084
v -2.3641560077667236 0.10722529888153076 3.1111295223236084
v -2.330090045928955 0.1042448952794075 3.0685806274414062
v -2.330090045928955 0.1042448952794075 3.0768470764160156
v -2.3209962844848633 -0.3067969083786011 3.0862746238708496
v -2.321315050125122 -0.3043757677078247 3.0862746238708496
v -2.321315050125122 -0.3043757677078247 3.0822503566741943
v -2.321315050125122 -0.3043757677078247 3.0822503566741943
v -2.3209962844848633 -0.3067969083786011 3.0822503566741943
v -2.3209962844848633 -0.3067969083786011 3.0862746238708496
v -2.337390184402466 -0.30968764424324036 3.1093811988830566
v -2.3378984928131104 -0.30582666397094727 3.1093811988830566
v -2.3378984928131104 -0.30582666397094727 3.10296368598938
v -2.3378984928131104 -0.30582666397094727 3.10296368598938
v -2.337390184402466 -0.30968764424324036 3.10296368598938
v -2.337390184402466 -0.30968764424324036 3.1093811988830566
v -2.337390184402466 -0.30968764424324036 3.1093811988830566
v -2.3378984928131104 -0.30582666397094727 3.1093811988830566
v -2.321315050125122 -0.3043757677078247 3.0862746238708496
v -2.321315050125122 -0.3043757677078247 3.0862746238708496
v -2.3209962844848633 -0.3067969083786011 3.0862746238708496
v -2.337390184402466 -0.30968764424324036 3.1093811988830566
v -2.337390184402466 -0.30968764424324036 3.10296368598938
v -2.3378984928131104 -0.30582666397094727 3.10296368598938
v -2.321315050125122 -0.3043757677078247 3.0822503566741943
v -2.321315050125122 -0.3043757677078247 3.0822503566741943
v -2.3209962844848633 -0.3067969083786011 3.0822503566741943
v -2.337390184402466 -0.30968764424324036 3.10296368598938
v -2.3209962844848633 -0.3067969083786011 3.0862746238708496
v -2.3209962844848633 -0.3067969083786011 3.0822503566741943
v -2.337390184402466 -0.30968764424324036 3.10296368598938
v -2.337390184402466 -0.30968764424324036 3.10296368598938
v -2.337390184402466 -0.30968764424324036 3.1093811988830566
v -2.3209962844848633 -0.3067969083786011 3.0862746238708496
v -2.321315050125122 -0.3043757677078247 3.0862746238708496
v -2.3378984928131104 -0.30582666397094727 3.1093811988830566
v -2.3378984928131104 -0.30582666397094727 3.10296368598938
v -2.3378984928131104 -0.30582666397094727 3.10296368598938
v -2.321315050125122 -0.3043757677078247 3.0822503566741943
v -2.321315050125122 -0.3043757677078247 3.0862746238708496
v -2.203768253326416 -0.7005528807640076 3.055353879928589
v -2.2070422172546387 -0.6901711225509644 3.055353879928589
v -2.2070422172546387 -0.6901711225509644 3.0374152660369873
v -2.2070422172546387 -0.6901711225509644 3.0374152660369873
v -2.203768253326416 -0.7005528807640076 3.0374152660369873
v -2.203768253326416 -0.7005528807640076 3.055353879928589
v -2.2734999656677246 -0.7259328961372375 3.1583540439605713
v -2.278719663619995 -0.709377110004425 3.1583540439605713
v -2.278719663619995 -0.709377110004425 3.129746913909912
v -2.278719663619995 -0.709377110004425 3.129746913909912
v -2.2734999656677246 -0.7259328961372375 3.129746913909912
v -2.2734999656677246 -0.7259328961372375 3.1583540439605713
v -2.2734999656677246 -0.7259328961372375 3.1583540439605713
v -2.278719663619995 -0.709377110004425 3.1583540439605713
v -2.2070422172546387 -0.6901711225509644 3.055353879928589
v -2.2070422172546387 -0.6901711225509644 3.055353879928589
v -2.203768253326416 -0.7005528807640076 3.055353879928589
v -2.2734999656677246 -0.7259328961372375 3.1583540439605713
v -2.2734999656677246 -0.7259328961372375 3.129746913909912
v -2.278719663619995 -0.709377110004425 3.129746913909912
v -2.2070422172546387 -0.6901711225509644 3.0374152660369873
v -2.2070422172546387 -0.6901711225509644 3.0374152660369873
v -2.203768253326416 -0.7005528807640076 3.0374152660369873
v -2.2734999656677246 -0.7259328961372375 3.129746913909912
v -2.203768253326416 -0.7005528807640076 3.055353879928589
v -2.203768253326416 -0.7005528807640076 3.0374152660369873
v -2.2734999656677246 -0.7259328961372375 3.129746913909912
v -2.2734999656677246 -0.7259328961372375 3.129746913909912
v -2.2734999656677246 -0.7259328961372375 3.1583540439605713
v -2.203768253326416 -0.7005528807640076 3.055353879928589
v -2.2070422172546387 -0.6901711225509644 3.055353879928589
v -2.278719663619995 -0.709377110004425 3.1583540439605713
v -2.278719663619995 -0.709377110004425 3.129746913909912
v -2.278719663619995 -0.709377110004425 3.129746913909912
v -2.2070422172546387 -0.6901711225509644 3.0374152660369873
v -2.2070422172546387 -0.6901711225509644 3.055353879928589
v -2.147216796875 -0.8932061791419983 3.0694985389709473
v -2.1499040126800537 -0.886717677116394 3.0694985389709473
v -2.1499040126800537 -0.886717677116394 3.057925224304199
v -2.1499040126800537 -0.886717677116394 3.057925224304199
v -2.147216796875 -0.8932061791419983 3.057925224304199
v -2.147216796875 -0.8932061791419983 3.0694985389709473
v -2.1906065940856934 -0.9134390354156494 3.135951280593872
v -2.194892644882202 -0.903092086315155 3.135951280593872
v -2.194892644882202 -0.903092086315155 3.117494821548462
v -2.194892644882202 -0.903092086315155 3.117494821548462
v -2.1906065940856934 -0.9134390354156494 3.117494821548462
v -2.1906065940856934 -0.9134390354156494 3.135951280593872
v -2.1906065940856934 -0.9134390354156494 3.135951280593872
v -2.194892644882202 -0.903092086315155 3.135951280593872
v -2.1499040126800537 -0.886717677116394 3.0694985389709473
v -2.1499040126800537 -0.886717677116394 3.0694985389709473
v -2.147216796875 -0.8932061791419983 3.0694985389709473
v -2.1906065940856934 -0.9134390354156494 3.135951280593872
v -2.1906065940856934 -0.9134390354156494 3.117494821548462
v -2.194892644882202 -0.903092086315155 3.117494821548462
v -2.1499040126800537 -0.886717677116394 3.057925224304199
v -2.1499040126800537 -0.886717677116394 3.057925224304199
v -2.147216796875 -0.8932061791419983 3.057925224304199
v -2.1906065940856934 -0.9134390354156494 3.117494821548462
v -2.147216796875 -0.8932061791419983 3.0694985389709473
v -2.147216796875 -0.8932061791419983 3.057925224304199
v -2.1906065940856934 -0.9134390354156494 3.117494821548462
v -2.1906065940856934 -0.9134390354156494 3.117494821548462
v -2.1906065940856934 -0.9134390354156494 3.135951280593872
v -2.147216796875 -0.8932061791419983 3.0694985389709473
v -2.1499040126800537 -0.886717677116394 3.0694985389709473
v -2.194892644882202 -0.903092086315155 3.135951280593872
v -2.194892644882202 -0.903092086315155 3.117494821548462
v -2.194892644882202 -0.903092086315155 3.117494821548462
v -2.1499040126800537 -0.886717677116394 3.057925224304199
v -2.1499040126800537 -0.886717677116394 3.0694985389709473
v -0.8904241919517517 2.136179208755493 3.4032206535339355
v -0.8808802366256714 2.140131950378418 3.4032206535339355
v -0.8808802366256714 2.140131950378418 3.384951591491699
v -0.8808802366256714 2.140131950378418 3.384951591491699
v -0.8904241919517517 2.136179208755493 3.384951591491699
v -0.8904241919517517 2.136179208755493 3.4032206535339355
v -0.9201850295066833 2.2000021934509277 3.5118300914764404
v -0.9049655795097351 2.2063064575195312 3.5118300914764404
v -0.9049655795097351 2.2063064575195312 3.4826977252960205
v -0.9049655795097351 2.2063064575195312 3.4826977252960205
v -0.9201850295066833 2.2000021934509277 3.4826977252960205
v -0.9201850295066833 2.2000021934509277 3.5118300914764404
v -0.9201850295066833 2.2000021934509277 3.5118300914764404
v -0.9049655795097351 2.2063064575195312 3.5118300914764404
v -0.8808802366256714 2.140131950378418 3.4032206535339355
v -0.8808802366256714 2.140131950378418 3.4032206535339355
v -0.8904241919517517 2.136179208755493 3.4032206535339355
v -0.9201850295066833 2.2000021934509277 3.5118300914764404
v -0.9201850295066833 2.2000021934509277 3.4826977252960205
v -0.9049655795097351 2.2063064575195312 3.4826977252960205
v -0.8808802366256714 2.140131950378418 3.384951591491699
v -0.8808802366256714 2.140131950378418 3.384951591491699
v -0.8904241919517517 2.136179208755493 3.384951591491699
v -0.9201850295066833 2.2000021934509277 3.4826977252960205
v -0.8904241919517517 2.136179208755493 3.4032206535339355
v -0.8904241919517517 2.136179208755493 3.384951591491699
v -0.9201850295066833 2.2000021934509277 3.4826977252960205
v -0.9201850295066833 2.2000021934509277 3.4826977252960205
v -0.9201850295066833 2.2000021934509277 3.5118300914764404
v -0.8904241919517517 2.136179208755493 3.4032206535339355
v -0.8808802366256714 2.140131950378418 3.4032206535339355
v -0.9049655795097351 2.2063064575195312 3.5118300914764404
v -0.9049655795097351 2.2063064575195312 3.4826977252960205
v -0.9049655795097351 2.2063064575195312 3.4826977252960205
v -0.8808802366256714 2.140131950378418 3.384951591491699
v -0.8808802366256714 2.140131950378418 3.4032206535339355
v -1.854079246520996 1.4200847148895264 3.428696632385254
v -1.8515642881393433 1.4233622550964355 3.428696632385254
v -1.8515642881393433 1.4233622550964355 3.4213905334472656
v -1.8515642881393433 1.4233622550964355 3.4213905334472656
v -1.854079246520996 1.4200847148895264 3.4213905334472656
v -1.854079246520996 1.4200847148895264 3.428696632385254
v -1.8771485090255737 1.436238169670105 3.4721317291259766
v -1.8731379508972168 1.4414647817611694 3.4721317291259766
v -1.8731379508972168 1.4414647817611694 3.4604811668395996
v -1.8731379508972168 1.4414647817611694 3.4604811668395996
v -1.8771485090255737 1.436238169670105 3.4604811668395996
v -1.8771485090255737 1.436238169670105 3.4721317291259766
v -1.8771485090255737 1.436238169670105 3.4721317291259766
v -1.8731379508972168 1.4414647817611694 3.4721317291259766
v -1.8515642881393433 1.4233622550964355 3.428696632385254
v -1.8515642881393433 1.4233622550964355 3.428696632385254
v -1.854079246520996 1.4200847148895264 3.428696632385254
v -1.8771485090255737 1.436238169670105 3.4721317291259766
v -1.8771485090255737 1.436238169670105 3.4604811668395996
v -1.8731379508972168 1.4414647817611694 3.4604811668395996
v -1.8515642881393433 1.4233622550964355 3.4213905334472656
v -1.8515642881393433 1.4233622550964355 3.4213905334472656
v -1.854079246520996 1.4200847148895264 3.4213905334472656
v -1.8771485090255737 1.436238169670105 3.4604811668395996
v -1.854079246520996 1.4200847148895264 3.428696632385254
v -1.854079246520996 1.4200847148895264 3.4213905334472656
v -1.8771485090255737 1.436238169670105 3.4604811668395996
v -1.8771485090255737 1.436238169670105 3.4604811668395996
v -1.8771485090255737 1.436238169670105 3.4721317291259766
v -1.854079246520996 1.4200847148895264 3.428696632385254
v -1.8515642881393433 1.4233622550964355 3.428696632385254
v -1.8731379508972168 1.4414647817611694 3.4721317291259766
v -1.8731379508972168 1.4414647817611694 3.4604811668395996
v -1.8731379508972168 1.4414647817611694 3.4604811668395996
v -1.8515642881393433 1.4233622550964355 3.4213905334472656
v -1.8515642881393433 1.4233622550964355 3.428696632385254
v 2.077883720397949 0.6589385867118835 3.5531206130981445
v 2.08005428314209 0.6520550847053528 3.5531206130981445
v 2.08005428314209 0.6520550847053528 3.5393905639648438
v 2.08005428314209 0.6520550847053528 3.5393905639648438
v 2.077883720397949 0.6589385867118835 3.5393905639648438
v 2.077883720397949 0.6589385867118835 3.5531206130981445
v 2.111067533493042 0.6710164546966553 3.6134448051452637
v 2.114164352416992 0.6611948609352112 3.6134448051452637
v 2.114164352416992 0.6611948609352112 3.5938541889190674
v 2.114164352416992 0.6611948609352112 3.5938541889190674
v 2.111067533493042 0.6710164546966553 3.5938541889190674
v 2.111067533493042 0.6710164546966553 3.6134448051452637
v 2.111067533493042 0.6710164546966553 3.6134448051452637
v 2.114164352416992 0.6611948609352112 3.6134448051452637
v 2.08005428314209 0.6520550847053528 3.5531206130981445
v 2.08005428314209 0.6520550847053528 3.5531206130981445
v 2.077883720397949 0.6589385867118835 3.5531206130981445
v 2.111067533493042 0.6710164546966553 3.6134448051452637
v 2.111067533493042 0.6710164546966553 3.5938541889190674
v 2.114164352416992 0.6611948609352112 3.5938541889190674
v 2.08005428314209 0.6520550847053528 3.5393905639648438
v 2.08005428314209 0.6520550847053528 3.5393905639648438
v 2.077883720397949 0.6589385867118835 3.5393905639648438
v 2.111067533493042 0.6710164546966553 3.5938541889190674
v 2.077883720397949 0.6589385867118835 3.5531206130981445
v 2.077883720397949 0.6589385867118835 3.5393905639648438
v 2.111067533493042 0.6710164546966553 3.5938541889190674
v 2.111067533493042 0.6710164546966553 3.5938541889190674
v 2.111067533493042 0.6710164546966553 3.6134448051452637
v 2.077883720397949 0.6589385867118835 3.5531206130981445
v 2.08005428314209 0.6520550847053528 3.5531206130981445
v 2.114164352416992 0.6611948609352112 3.6134448051452637
v 2.114164352416992 0.6611948609352112 3.5938541889190674
v 2.114164352416992 0.6611948609352112 3.5938541889190674
v 2.08005428314209 0.6520550847053528 3.5393905639648438
v 2.08005428314209 0.6520550847053528 3.5531206130981445
v -0.09377073496580124 -2.1870932579040527 3.564556360244751
v -0.09720433503389359 -2.186943292617798 3.564556360244751
v -0.09720433503389359 -2.186943292617798 3.558018445968628
v -0.09720433503389359 -2.186943292617798 3.558018445968628
v -0.09377073496580124 -2.1870932579040527 3.558018445968628
v -0.09377073496580124 -2.1870932579040527 3.564556360244751
v -0.09377073496580124 -2.203908681869507 3.5932819843292236
v -0.09866990894079208 -2.2036948204040527 3.5932819843292236
v -0.09866990894079208 -2.2036948204040527 3.5839531421661377
v -0.09866990894079208 -2.2036948204040527 3.5839531421661377
v -0.09377073496580124 -2.203908681869507 3.5839531421661377
v -0.09377073496580124 -2.203908681869507 3.5932819843292236
v -0.09377073496580124 -2.203908681869507 3.5932819843292236
v -0.09866990894079208 -2.2036948204040527 3.5932819843292236
v -0.09720433503389359 -2.186943292617798 3.564556360244751
v -0.09720433503389359 -2.186943292617798 3.564556360244751
v -0.09377073496580124 -2.1870932579040527 3.564556360244751
v -0.09377073496580124 -2.203908681869507 3.5932819843292236
v -0.09377073496580124 -2.203908681869507 3.5839531421661377
v -0.09866990894079208 -2.2036948204040527 3.5839531421661377
v -0.09720433503389359 -2.186943292617798 3.558018445968628
v -0.09720433503389359 -2.186943292617798 3.558018445968628
v -0.09377073496580124 -2.1870932579040527 3.558018445968628
v -0.09377073496580124 -2.203908681869507 3.5839531421661377
v -0.09377073496580124 -2.1870932579040527 3.564556360244751
v -0.09377073496580124 -2.1870932579040527 3.558018445968628
v -0.09377073496580124 -2.203908681869507 3.5839531421661377
v -0.09377073496580124 -2.203908681869507 3.5839531421661377
v -0.09377073496580124 -2.203908681869507 3.5932819843292236
v -0.09377073496580124 -2.1870932579040527 3.564556360244751
v -0.09720433503389359 -2.186943292617798 3.564556360244751
v -0.09866990894079208 -2.2036948204040527 3.5932819843292236
v -0.09866990894079208 -2.2036948204040527 3.5839531421661377
v -0.09866990894079208 -2.2036948204040527 3.5839531421661377
v -0.09720433503389359 -2.186943292617798 3.558018445968628
v -0.09720433503389359 -2.186943292617798 3.564556360244751
v 0.09691067785024643 -2.1887781620025635 3.5668094158172607
v 0.09422123432159424 -2.1888957023620605 3.5668094158172607
v 0.09422123432159424 -2.1888957023620605 3.5616884231567383
v 0.09422123432159424 -2.1888957023620605 3.5616884231567383
v 0.09691067785024643 -2.1887781620025635 3.5616884231567383
v 0.09691067785024643 -2.1887781620025635 3.5668094158172607
v 0.09805861860513687 -2.201899290084839 3.5893094539642334
v 0.09422122687101364 -2.2020668983459473 3.5893094539642334
v 0.09422122687101364 -2.2020668983459473 3.5820024013519287
v 0.09422122687101364 -2.2020668983459473 3.5820024013519287
v 0.09805861860513687 -2.201899290084839 3.5820024013519287
v 0.09805861860513687 -2.201899290084839 3.5893094539642334
v 0.09805861860513687 -2.201899290084839 3.5893094539642334
v 0.09422122687101364 -2.2020668983459473 3.5893094539642334
v 0.09422123432159424 -2.1888957023620605 3.5668094158172607
v 0.09422123432159424 -2.1888957023620605 3.5668094158172607
v 0.09691067785024643 -2.1887781620025635 3.5668094158172607
v 0.09805861860513687 -2.201899290084839 3.5893094539642334
v 0.09805861860513687 -2.201899290084839 3.5820024013519287
v 0.09422122687101364 -2.2020668983459473 3.5820024013519287
v 0.09422123432159424 -2.1888957023620605 3.5616884231567383
v 0.09422123432159424 -2.1888957023620605 3.5616884231567383
v 0.09691067785024643 -2.1887781620025635 3.5616884231567383
v 0.09805861860513687 -2.201899290084839 3.5820024013519287
v 0.09691067785024643 -2.1887781620025635 3.5668094158172607
v 0.09691067785024643 -2.1887781620025635 3.5616884231567383
v 0.09805861860513687 -2.201899290084839 3.5820024013519287
v 0.09805861860513687 -2.201899290084839 3.5820024013519287
v 0.09805861860513687 -2.201899290084839 3.5893094539642334
v 0.09691067785024643 -2.1887781620025635 3.5668094158172607
v 0.09422123432159424 -2.1888957023620605 3.5668094158172607
v 0.09422122687101364 -2.2020668983459473 3.5893094539642334
v 0.09422122687101364 -2.2020668983459473 3.5820024013519287
v 0.09422122687101364 -2.2020668983459473 3.5820024013519287
v 0.09422123432159424 -2.1888957023620605 3.5616884231567383
v 0.09422123432159424 -2.1888957023620605 3.5668094158172607
v 0.4755738079547882 -2.142256259918213 3.571124792098999
v 0.4743384122848511 -2.1425299644470215 3.571124792098999
v 0.4743384122848511 -2.1425299644470215 3.5687177181243896
v 0.4743384122848511 -2.1425299644470215 3.5687177181243896
v 0.4755738079547882 -2.142256259918213 3.5687177181243896
v 0.4755738079547882 -2.142256259918213 3.571124792098999
v 0.4771762490272522 -2.1482365131378174 3.5817010402679443
v 0.4754135310649872 -2.148627281188965 3.5817010402679443
v 0.4754135310649872 -2.148627281188965 3.5782663822174072
v 0.4754135310649872 -2.148627281188965 3.5782663822174072
v 0.4771762490272522 -2.1482365131378174 3.5782663822174072
v 0.4771762490272522 -2.1482365131378174 3.5817010402679443
v 0.4771762490272522 -2.1482365131378174 3.5817010402679443
v 0.4754135310649872 -2.148627281188965 3.5817010402679443
v 0.4743384122848511 -2.1425299644470215 3.571124792098999
v 0.4743384122848511 -2.1425299644470215 3.571124792098999
v 0.4755738079547882 -2.142256259918213 3.571124792098999
v 0.4771762490272522 -2.1482365131378174 3.5817010402679443
v 0.4771762490272522 -2.1482365131378174 3.5782663822174072
v 0.4754135310649872 -2.148627281188965 3.5782663822174072
v 0.4743384122848511 -2.1425299644470215 3.5687177181243896
v 0.4743384122848511 -2.1425299644470215 3.5687177181243896
v 0.4755738079547882 -2.142256259918213 3.5687177181243896
v 0.4771762490272522 -2.1482365131378174 3.5782663822174072
v 0.4755738079547882 -2.142256259918213 3.571124792098999
v 0.4755738079547882 -2.142256259918213 3.5687177181243896
v 0.4771762490272522 -2.1482365131378174 3.5782663822174072
v 0.4771762490272522 -2.1482365131378174 3.5782663822174072
v 0.4771762490272522 -2.1482365131378174 3.5817010402679443
v 0.4755738079547882 -2.142256259918213 3.571124792098999
v 0.4743384122848511 -2.1425299644470215 3.571124792098999
v 0.4754135310649872 -2.148627281188965 3.5817010402679443
v 0.4754135310649872 -2.148627281188965 3.5782663822174072
v 0.4754135310649872 -2.148627281188965 3.5782663822174072
v 0.4743384122848511 -2.1425299644470215 3.5687177181243896
v 0.4743384122848511 -2.1425299644470215 3.571124792098999
v 0.6600050330162048 -2.088136911392212 3.565619945526123
v 0.6570625305175781 -2.089064836502075 3.565619945526123
v 0.6570625305175781 -2.089064836502075 3.55975079536438
v 0.6570625305175781 -2.089064836502075 3.55975079536438
v 0.6600050330162048 -2.088136911392212 3.55975079536438
v 0.6600050330162048 -2.088136911392212 3.565619945526123
v 0.6651679277420044 -2.1023221015930176 3.59140682220459
v 0.6609694957733154 -2.1036460399627686 3.59140682220459
v 0.6609694957733154 -2.1036460399627686 3.5830323696136475
v 0.6609694957733154 -2.1036460399627686 3.5830323696136475
v 0.6651679277420044 -2.1023221015930176 3.5830323696136475
v 0.6651679277420044 -2.1023221015930176 3.59140682220459
v 0.6651679277420044 -2.1023221015930176 3.59140682220459
v 0.6609694957733154 -2.1036460399627686 3.59140682220459
v 0.6570625305175781 -2.089064836502075 3.565619945526123
v 0.6570625305175781 -2.089064836502075 3.565619945526123
v 0.6600050330162048 -2.088136911392212 3.565619945526123
v 0.6651679277420044 -2.1023221015930176 3.59140682220459
v 0.6651679277420044 -2.1023221015930176 3.5830323696136475
v 0.6609694957733154 -2.1036460399627686 3.5830323696136475
v 0.6570625305175781 -2.089064836502075 3.55975079536438
v 0.6570625305175781 -2.089064836502075 3.55975079536438
v 0.6600050330162048 -2.088136911392212 3.55975079536438
v 0.6651679277420044 -2.1023221015930176 3.5830323696136475
v 0.6600050330162048 -2.088136911392212 3.565619945526123
v 0.6600050330162048 -2.088136911392212 3.55975079536438
v 0.6651679277420044 -2.1023221015930176 3.5830323696136475
v 0.6651679277420044 -2.1023221015930176 3.5830323696136475
v 0.6651679277420044 -2.1023221015930176 3.59140682220459
v 0.6600050330162048 -2.088136911392212 3.565619945526123
v 0.6570625305175781 -2.089064836502075 3.565619945526123
v 0.6609694957733154 -2.1036460399627686 3.59140682220459
v 0.6609694957733154 -2.1036460399627686 3.5830323696136475
v 0.6609694957733154 -2.1036460399627686 3.5830323696136475
v 0.6570625305175781 -2.089064836502075 3.55975079536438
v 0.6570625305175781 -2.089064836502075 3.565619945526123
v 1.9205241203308105 -0.991414487361908 3.5301599502563477
v 1.9136865139007568 -1.004549503326416 3.5301599502563477
v 1.9136865139007568 -1.004549503326416 3.50199031829834
v 1.9136865139007568 -1.004549503326416 3.50199031829834
v 1.9205241203308105 -0.991414487361908 3.50199031829834
v 1.9205241203308105 -0.991414487361908 3.5301599502563477
v 1.9861878156661987 -1.0220345258712769 3.6539268493652344
v 1.9764314889907837 -1.0407755374908447 3.6539268493652344
v 1.9764314889907837 -1.0407755374908447 3.6137330532073975
v 1.9764314889907837 -1.0407755374908447 3.6137330532073975
v 1.9861878156661987 -1.0220345258712769 3.6137330532073975
v 1.9861878156661987 -1.0220345258712769 3.6539268493652344
v 1.9861878156661987 -1.0220345258712769 3.6539268493652344
v 1.9764314889907837 -1.0407755374908447 3.6539268493652344
v 1.9136865139007568 -1.004549503326416 3.5301599502563477
v 1.9136865139007568 -1.004549503326416 3.5301599502563477
v 1.9205241203308105 -0.991414487361908 3.5301599502563477
v 1.9861878156661987 -1.0220345258712769 3.6539268493652344
v 1.9861878156661987 -1.0220345258712769 3.6137330532073975
v 1.9764314889907837 -1.0407755374908447 3.6137330532073975
v 1.9136865139007568 -1.004549503326416 3.50199031829834
v 1.9136865139007568 -1.004549503326416 3.50199031829834
v 1.9205241203308105 -0.991414487361908 3.50199031829834
v 1.9861878156661987 -1.0220345258712769 3.6137330532073975
v 1.9205241203308105 -0.991414487361908 3.5301599502563477
v 1.9205241203308105 -0.991414487361908 3.50199031829834
v 1.9861878156661987 -1.0220345258712769 3.6137330532073975
v 1.9861878156661987 -1.0220345258712769 3.6137330532073975
v 1.9861878156661987 -1.0220345258712769 3.6539268493652344
v 1.9205241203308105 -0.991414487361908 3.5301599502563477
v 1.9136865139007568 -1.004549503326416 3.5301599502563477
v 1.9764314889907837 -1.0407755374908447 3.6539268493652344
v 1.9764314889907837 -1.0407755374908447 3.6137330532073975
v 1.9764314889907837 -1.0407755374908447 3.6137330532073975
v 1.9136865139007568 -1.004549503326416 3.50199031829834
v 1.9136865139007568 -1.004549503326416 3.5301599502563477
v 2.0179672241210938 -0.8326607942581177 3.557011604309082
v 2.015697717666626 -0.8381404280662537 3.557011604309082
v 2.015697717666626 -0.8381404280662537 3.5457286834716797
v 2.015697717666626 -0.8381404280662537 3.5457286834716797
v 2.0179672241210938 -0.8326607942581177 3.5457286834716797
v 2.0179672241210938 -0.8326607942581177 3.557011604309082
v 2.045236825942993 -0.8425860404968262 3.606584310531616
v 2.0419981479644775 -0.8504047989845276 3.606584310531616
v 2.0419981479644775 -0.8504047989845276 3.5904853343963623
v 2.0419981479644775 -0.8504047989845276 3.5904853343963623
v 2.045236825942993 -0.8425860404968262 3.5904853343963623
v 2.045236825942993 -0.8425860404968262 3.606584310531616
v 2.045236825942993 -0.8425860404968262 3.606584310531616
v 2.0419981479644775 -0.8504047989845276 3.606584310531616
v 2.015697717666626 -0.8381404280662537 3.557011604309082
v 2.015697717666626 -0.8381404280662537 3.557011604309082
v 2.0179672241210938 -0.8326607942581177 3.557011604309082
v 2.045236825942993 -0.8425860404968262 3.606584310531616
v 2.045236825942993 -0.8425860404968262 3.5904853343963623
v 2.0419981479644775 -0.8504047989845276 3.5904853343963623
v 2.015697717666626 -0.8381404280662537 3.5457286834716797
v 2.015697717666626 -0.8381404280662537 3.5457286834716797
v 2.0179672241210938 -0.8326607942581177 3.5457286834716797
v 2.045236825942993 -0.8425860404968262 3.5904853343963623
v 2.0179672241210938 -0.8326607942581177 3.557011604309082
v 2.0179672241210938 -0.8326607942581177 3.5457286834716797
v 2.045236825942993 -0.8425860404968262 3.5904853343963623
v 2.045236825942993 -0.8425860404968262 3.5904853343963623
v 2.045236825942993 -0.8425860404968262 3.606584310531616
v 2.0179672241210938 -0.8326607942581177 3.557011604309082
v 2.015697717666626 -0.8381404280662537 3.557011604309082
v 2.0419981479644775 -0.8504047989845276 3.606584310531616
v 2.0419981479644775 -0.8504047989845276 3.5904853343963623
v 2.0419981479644775 -0.8504047989845276 3.5904853343963623
v 2.015697717666626 -0.8381404280662537 3.5457286834716797
v 2.015697717666626 -0.8381404280662537 3.557011604309082
f 1 2 3
f 4 5 6
f 7 8 9
f 10 11 12
f 13 14 15
f 16 17 18
f 19 20 21
f 22 23 24
f 25 26 27
f 28 29 30
f 31 32 33
f 34 35 36
f 37 38 39
f 40 41 42
f 43 44 45
f 46 47 48
f 49 50 51
f 52 53 54
f 55 56 57
f 58 59 60
f 61 62 63
f 64 65 66
f 67 68 69
f 70 71 72
f 73 74 75
f 76 77 78
f 79 80 81
f 82 83 84
f 85 86 87
f 88 89 90
f 91 92 93
f 94 95 96
f 97 98 99
f 100 101 102
f 103 104 105
f 106 107 108
f 109 110 111
f 112 113 114
f 115 116 117
f 118 119 120
f 121 122 123
f 124 125 126
f 127 128 129
f 130 131 132
f 133 134 135
f 136 137 138
f 139 140 141
f 142 143 144
f 145 146 147
f 148 149 150
f 151 152 153
f 154 155 156
f 157 158 159
f 160 161 162
f 163 164 165
f 166 167 168
f 169 170 171
f 172 173 174
f 175 176 177
f 178 179 180
f 181 182 183
f 184 185 186
f 187 188 189
f 190 191 192
f 193 194 195
f 196 197 198
f 199 200 201
f 202 203 204
f 205 206 207
f 208 209 210
f 211 212 213
f 214 215 216
f 217 218 219
f 220 221 222
f 223 224 225
f 226 227 228
f 229 230 231
f 232 233 234
f 235 236 237
f 238 239 240
f 241 242 243
f 244 245 246
f 247 248 249
f 250 251 252
f 253 254 255
f 256 257 258
f 259 260 261
f 262 263 264
f 265 266 267
f 268 269 270
f 271 272 273
f 274 275 276
f 277 278 279
f 280 281 282
f 283 284 285
f 286 287 288
f 289 290 291
f 292 293 294
f 295 296 297
f 298 299 300
f 301 302 303
f 304 305 306
f 307 308 309
f 310 311 312
f 313 314 315
f 316 317 318
f 319 320 321
f 322 323 324
f 325 326 327
f 328 329 330
f 331 332 333
f 334 335 336
f 337 338 339
f 340 341 342
f 343 344 345
f 346 347 348
f 349 350 351
f 352 353 354
f 355 356 357
f 358 359 360
f 361 362 363
f 364 365 366
f 367 368 369
f 370 371 372
f 373 374 375
f 376 377 378
f 379 380 381
f 382 383 384
f 385 386 387
f 388 389 390
f 391 392 393
f 394 395 396
f 397 398 399
f 400 401 402
f 403 404 405
f 406 407 408
f 409 410 411
f 412 413 414
f 415 416 417
f 418 419 420
f 421 422 423
f 424 425 426
f 427 428 429
f 430 431 432
f 433 434 435
f 436 437 438
f 439 440 441
f 442 443 444
f 445 446 447
f 448 449 450
f 451 452 453
f 454 455 456
f 457 458 459
f 460 461 462
f 463 464 465
f 466 467 468
f 469 470 471
f 472 473 474
f 475 476 477
f 478 479 480
f 481 482 483
f 484 485 486
f 487 488 489
f 490 491 492
f 493 494 495
f 496 497 498
f 499 500 501
f 502 503 504
f 505 506 507
f 508 509 510
f 511 512 513
f 514 515 516
f 517 518 519
f 520 521 522
f 523 524 525
f 526 527 528
f 529 530 531
f 532 533 534
f 535 536 537
f 538 539 540
f 541 542 543
f 544 545 546
f 547 548 549
f 550 551 552
f 553 554 555
f 556 557 558
f 559 560 561
f 562 563 564
f 565 566 567
f 568 569 570
f 571 572 573
f 574 575 576
f 577 578 579
f 580 581 582
f 583 584 585
f 586 587 588
f 589 590 591
f 592 593 594
f 595 596 597
f 598 599 600
f 601 602 603
f 604 605 606
f 607 608 609
f 610 611 612
f 613 614 615
f 616 617 618
f 619 620 621
f 622 623 624
f 625 626 627
f 628 629 630
f 631 632 633
f 634 635 636
f 637 638 639
f 640 641 642
f 643 644 645
f 646 647 648
f 649 650 651
f 652 653 654
f 655 656 657
f 658 659 660
f 661 662 663
f 664 665 666
f 667 668 669
f 670 671 672
f 673 674 675
f 676 677 678
f 679 680 681
f 682 683 684
f 685 686 687
f 688 689 690
f 691 692 693
f 694 695 696
f 697 698 699
f 700 701 702
f 703 704 705
f 706 707 708
f 709 710 711
f 712 713 714
f 715 716 717
f 718 719 720
f 721 722 723
f 724 725 726
f 727 728 729
f 730 731 732
f 733 734 735
f 736 737 738
f 739 740 741
f 742 743 744
f 745 746 747
f 748 749 750
f 751 752 753
f 754 755 756
f 757 758 759
f 760 761 762
f 763 764 765
f 766 767 768
f 769 770 771
f 772 773 774
f 775 776 777
f 778 779 780
f 781 782 783
f 784 785 786
f 787 788 789
f 790 791 792
f 793 794 795
f 796 797 798
f 799 800 801
f 802 803 804
f 805 806 807
f 808 809 810
f 811 812 813
f 814 815 816
f 817 818 819
f 820 821 822
f 823 824 825
f 826 827 828
f 829 830 831
f 832 833 834
f 835 836 837
f 838 839 840
f 841 842 843
f 844 845 846
f 847 848 849
f 850 851 852
f 853 854 855
f 856 857 858
f 859 860 861
f 862 863 864
f 865 866 867
f 868 869 870
f 871 872 873
f 874 875 876
f 877 878 879
f 880 881 882
f 883 884 885
f 886 887 888
f 889 890 891
f 892 893 894
f 895 896 897
f 898 899 900
f 901 902 903
f 904 905 906
f 907 908 909
f 910 911 912
f 913 914 915
f 916 917 918
f 919 920 921
f 922 923 924
f 925 926 927
f 928 929 930
f 931 932 933
f 934 935 936
f 937 938 939
f 940 941 942
f 943 944 945
f 946 947 948
f 949 950 951
f 952 953 954
f 955 956 957
f 958 959 960
f 961 962 963
f 964 965 966
f 967 968 969
f 970 971 972
f 973 974 975
f 976 977 978
f 979 980 981
f 982 983 984
f 985 986 987
f 988 989 990
f 991 992 993
f 994 995 996
f 997 998 999
f 1000 1001 1002
f 1003 1004 1005
f 1006 1007 1008
f 1009 1010 1011
f 1012 1013 1014
f 1015 1016 1017
f 1018 1019 1020
f 1021 1022 1023
f 1024 1025 1026
f 1027 1028 1029
f 1030 1031 1032
f 1033 1034 1035
f 1036 1037 1038
f 1039 1040 1041
f 1042 1043 1044
f 1045 1046 1047
f 1048 1049 1050
f 1051 1052 1053
f 1054 1055 1056
f 1057 1058 1059
f 1060 1061 1062
f 1063 1064 1065
f 1066 1067 1068
f 1069 1070 1071
f 1072 1073 1074
f 1075 1076 1077
f 1078 1079 1080
f 1081 1082 1083
f 1084 1085 1086
f 1087 1088 1089
f 1090 1091 1092
f 1093 1094 1095
f 1096 1097 1098
f 1099 1100 1101
f 1102 1103 1104
f 1105 1106 1107
f 1108 1109 1110
f 1111 1112 1113
f 1114 1115 1116
f 1117 1118 1119
f 1120 1121 1122
f 1123 1124 1125
f 1126 1127 1128
f 1129 1130 1131
f 1132 1133 1134
f 1135 1136 1137
f 1138 1139 1140
f 1141 1142 1143
f 1144 1145 1146
f 1147 1148 1149
f 1150 1151 1152
f 1153 1154 1155
f 1156 1157 1158
f 1159 1160 1161
f 1162 1163 1164
f 1165 1166 1167
f 1168 1169 1170
f 1171 1172 1173
f 1174 1175 1176
f 1177 1178 1179
f 1180 1181 1182
f 1183 1184 1185
f 1186 1187 1188
f 1189 1190 1191
f 1192 1193 1194
f 1195 1196 1197
f 1198 1199 1200
f 1201 1202 1203
f 1204 1205 1206
f 1207 1208 1209
f 1210 1211 1212
f 1213 1214 1215
f 1216 1217 1218
f 1219 1220 1221
f 1222 1223 1224
f 1225 1226 1227
f 1228 1229 1230
f 1231 1232 1233
f 1234 1235 1236
f 1237 1238 1239
f 1240 1241 1242
f 1243 1244 1245
f 1246 1247 1248
f 1249 1250 1251
f 1252 1253 1254
f 1255 1256 1257
f 1258 1259 1260
f 1261 1262 1263
f 1264 1265 1266
f 1267 1268 1269
f 1270 1271 1272
f 1273 1274 1275
f 1276 1277 1278
f 1279 1280 1281
f 1282 1283 1284
f 1285 1286 1287
f 1288 1289 1290
f 1291 1292 1293
f 1294 1295 1296
f 1297 1298 1299
f 1300 1301 1302
f 1303 1304 1305
f 1306 1307 1308
f 1309 1310 1311
f 1312 1313 1314
f 1315 1316 1317
f 1318 1319 1320
f 1321 1322 1323
f 1324 1325 1326
f 1327 1328 1329
f 1330 1331 1332
f 1333 1334 1335
f 1336 1337 1338
f 1339 1340 1341
f 1342 1343 1344
f 1345 1346 1347
f 1348 1349 1350
f 1351 1352 1353
f 1354 1355 1356
f 1357 1358 1359
f 1360 1361 1362
f 1363 1364 1365
f 1366 1367 1368
f 1369 1370 1371
f 1372 1373 1374
f 1375 1376 1377
f 1378 1379 1380
f 1381 1382 1383
f 1384 1385 1386
f 1387 1388 1389
f 1390 1391 1392
f 1393 1394 1395
f 1396 1397 1398
f 1399 1400 1401
f 1402 1403 1404
f 1405 1406 1407
f 1408 1409 1410
f 1411 1412 1413
f 1414 1415 1416
f 1417 1418 1419
f 1420 1421 1422
f 1423 1424 1425
f 1426 1427 1428
f 1429 1430 1431
f 1432 1433 1434
f 1435 1436 1437
f 1438 1439 1440
f 1441 1442 1443
f 1444 1445 1446
f 1447 1448 1449
f 1450 1451 1452
f 1453 1454 1455
f 1456 1457 1458
f 1459 1460 1461
f 1462 1463 1464
f 1465 1466 1467
f 1468 1469 1470
f 1471 1472 1473
f 1474 1475 1476
f 1477 1478 1479
f 1480 1481 1482
f 1483 1484 1485
f 1486 1487 1488
f 1489 1490 1491
f 1492 1493 1494
f 1495 1496 1497
f 1498 1499 1500
f 1501 1502 1503
f 1504 1505 1506
f 1507 1508 1509
f 1510 1511 1512
f 1513 1514 1515
f 1516 1517 1518
f 1519 1520 1521
f 1522 1523 1524
f 1525 1526 1527
f 1528 1529 1530
f 1531 1532 1533
f 1534 1535 1536
f 1537 1538 1539
f 1540 1541 1542
f 1543 1544 1545
f 1546 1547 1548
f 1549 1550 1551
f 1552 1553 1554
f 1555 1556 1557
f 1558 1559 1560
f 1561 1562 1563
f 1564 1565 1566
f 1567 1568 1569
f 1570 1571 1572
f 1573 1574 1575
f 1576 1577 1578
f 1579 1580 1581
f 1582 1583 1584
