detid,fraction,front_1_x,front_1_y,front_1_z,front_2_x,front_2_y,front_2_z,front_3_x,front_3_y,front_3_z,front_4_x,front_4_y,front_4_z,back_1_x,back_1_y,back_1_z,back_2_x,back_2_y,back_2_z,back_3_x,back_3_y,back_3_z,back_4_x,back_4_y,back_4_z
838946060,1,-0.289547,-1.25882,0.931978,-0.291642,-1.27063,0.912793,-0.269986,-1.27447,0.912793,-0.268104,-1.26262,0.931978,-0.323302,-1.44912,1.05669,-0.325699,-1.46264,1.03475,-0.300751,-1.46706,1.03475,-0.298597,-1.45351,1.05669
838946572,1,-0.289547,-1.25882,0.959363,-0.291689,-1.27089,0.940349,-0.270033,-1.27474,0.940349,-0.268104,-1.26262,0.959363,-0.322991,-1.44737,1.08679,-0.325442,-1.46119,1.06504,-0.300494,-1.46561,1.06504,-0.298286,-1.45175,1.08679
838945548,1,-0.289547,-1.25882,0.904837,-0.291595,-1.27036,0.885485,-0.269939,-1.2742,0.885485,-0.268104,-1.26262,0.904837,-0.323606,-1.45084,1.02681,-0.325949,-1.46405,1.00467,-0.301,-1.46847,1.00467,-0.298901,-1.45522,1.02681
838945036,1,-0.289547,-1.25882,0.877931,-0.291547,-1.27009,0.858414,-0.269891,-1.27393,0.858414,-0.268104,-1.26262,0.877931,-0.323904,-1.45252,0.997136,-0.326192,-1.46541,0.974811,-0.301243,-1.46984,0.974811,-0.299199,-1.4569,0.997136
838947084,1,-0.289547,-1.25882,0.987001,-0.291736,-1.27116,0.968162,-0.27008,-1.275,0.968162,-0.268104,-1.26262,0.987001,-0.322674,-1.44558,1.11712,-0.325178,-1.4597,1.09557,-0.300229,-1.46412,1.09557,-0.297969,-1.44996,1.11712
838946061,1,-0.267929,-1.26496,0.931978,-0.269825,-1.27681,0.912793,-0.248048,-1.27989,0.912793,-0.246366,-1.26801,0.931978,-0.298298,-1.45587,1.05669,-0.300466,-1.46942,1.03475,-0.275378,-1.47298,1.03475,-0.273455,-1.45939,1.05669
838946573,1,-0.267929,-1.26496,0.959363,-0.269863,-1.27708,0.940349,-0.248086,-1.28016,0.940349,-0.246366,-1.26801,0.959363,-0.298048,-1.45411,1.08679,-0.30026,-1.46797,1.06504,-0.275172,-1.47152,1.06504,-0.273205,-1.45762,1.08679
838945549,1,-0.267929,-1.26496,0.904837,-0.269787,-1.27654,0.885485,-0.24801,-1.27962,0.885484,-0.246366,-1.26801,0.904837,-0.298542,-1.4576,1.02681,-0.300667,-1.47084,1.00467,-0.275579,-1.47439,1.00467,-0.273699,-1.46111,1.02681
838945037,1,-0.267929,-1.26496,0.877931,-0.269748,-1.27627,0.858414,-0.247971,-1.27935,0.858414,-0.246366,-1.26801,0.877931,-0.298781,-1.45928,0.997136,-0.300861,-1.47222,0.974811,-0.275773,-1.47577,0.974811,-0.273937,-1.4628,0.997136
838947085,1,-0.267929,-1.26496,0.987001,-0.2699,-1.27734,0.968162,-0.248123,-1.28043,0.968162,-0.246366,-1.26801,0.987001,-0.297793,-1.45231,1.11712,-0.300048,-1.46647,1.09557,-0.27496,-1.47002,1.09557,-0.27295,-1.45582,1.11712
838946062,1,-0.245943,-1.26807,0.931978,-0.247624,-1.27995,0.912793,-0.225847,-1.28304,0.912793,-0.22438,-1.27113,0.931978,-0.273031,-1.45945,1.05669,-0.274954,-1.47304,1.03475,-0.249867,-1.47659,1.03475,-0.248188,-1.46296,1.05669
838946574,1,-0.245943,-1.26807,0.959363,-0.247662,-1.28022,0.940349,-0.225885,-1.2833,0.940349,-0.22438,-1.27113,0.959363,-0.272781,-1.45768,1.08679,-0.274748,-1.47158,1.06504,-0.24966,-1.47513,1.06504,-0.247938,-1.4612,1.08679
838945550,1,-0.245943,-1.26807,0.904837,-0.247586,-1.27968,0.885485,-0.225809,-1.28277,0.885485,-0.22438,-1.27113,0.904837,-0.273275,-1.46117,1.02681,-0.275155,-1.47445,1.00467,-0.250067,-1.478,1.00467,-0.248432,-1.46469,1.02681
838945038,1,-0.245943,-1.26807,0.877931,-0.247548,-1.27941,0.858414,-0.225771,-1.2825,0.858414,-0.22438,-1.27113,0.877931,-0.273514,-1.46286,0.997136,-0.27535,-1.47583,0.974811,-0.250262,-1.47938,0.974812,-0.248671,-1.46637,0.997136
838947086,1,-0.245943,-1.26807,0.987001,-0.247699,-1.28049,0.968162,-0.225923,-1.28357,0.968162,-0.22438,-1.27113,0.987001,-0.272527,-1.45588,1.11712,-0.274536,-1.47008,1.09557,-0.249448,-1.47363,1.09557,-0.247683,-1.4594,1.11712
838946063,1,-0.224124,-1.27346,0.931978,-0.225604,-1.28537,0.912793,-0.203733,-1.28769,0.912793,-0.202467,-1.27576,0.931978,-0.247806,-1.46532,1.05669,-0.2495,-1.47894,1.03475,-0.224303,-1.48161,1.03475,-0.222855,-1.46796,1.05669
838946575,1,-0.224124,-1.27346,0.959363,-0.225633,-1.28564,0.940349,-0.203761,-1.28796,0.940349,-0.202467,-1.27576,0.959363,-0.247618,-1.46354,1.08679,-0.249344,-1.47747,1.06504,-0.224148,-1.48015,1.06504,-0.222668,-1.46619,1.08679
838945551,1,-0.224124,-1.27346,0.904837,-0.225576,-1.2851,0.885485,-0.203704,-1.28742,0.885485,-0.202467,-1.27576,0.904837,-0.24799,-1.46705,1.02681,-0.249651,-1.48036,1.00467,-0.224454,-1.48303,1.00467,-0.223039,-1.46969,1.02681
838945039,1,-0.224124,-1.27346,0.877931,-0.225547,-1.28483,0.858414,-0.203675,-1.28715,0.858414,-0.202467,-1.27576,0.877931,-0.248169,-1.46874,0.997136,-0.249797,-1.48174,0.974811,-0.2246,-1.48441,0.974811,-0.223219,-1.47139,0.997136
838947087,1,-0.224124,-1.27346,0.987001,-0.225661,-1.28591,0.968162,-0.20379,-1.28823,0.968162,-0.202467,-1.27576,0.987001,-0.247426,-1.46174,1.11712,-0.249185,-1.47597,1.09557,-0.223988,-1.47864,1.09557,-0.222476,-1.46438,1.11712
838946064,1,-0.202042,-1.27581,0.931978,-0.203307,-1.28774,0.912793,-0.181436,-1.29006,0.912793,-0.180385,-1.2781,0.931978,-0.22243,-1.46801,1.05669,-0.223877,-1.48166,1.03475,-0.198681,-1.48433,1.03475,-0.197479,-1.47065,1.05669
838946576,1,-0.202042,-1.27581,0.959363,-0.203336,-1.288,0.940349,-0.181465,-1.29032,0.940349,-0.180386,-1.2781,0.959363,-0.222242,-1.46624,1.08679,-0.223722,-1.48019,1.06504,-0.198526,-1.48286,1.06504,-0.197291,-1.46888,1.08679
838945552,1,-0.202042,-1.27581,0.904837,-0.203279,-1.28747,0.885485,-0.181407,-1.28979,0.885485,-0.180386,-1.2781,0.904837,-0.222614,-1.46974,1.02681,-0.224028,-1.48308,1.00467,-0.198832,-1.48575,1.00467,-0.197663,-1.47239,1.02681
838945040,1,-0.202042,-1.27581,0.877931,-0.20325,-1.28719,0.858414,-0.181378,-1.28951,0.858414,-0.180386,-1.2781,0.877931,-0.222793,-1.47143,0.997136,-0.224175,-1.48446,0.974811,-0.198978,-1.48713,0.974811,-0.197842,-1.47408,0.997136
838947088,1,-0.202042,-1.27581,0.987001,-0.203364,-1.28827,0.968162,-0.181493,-1.29059,0.968162,-0.180386,-1.2781,0.987001,-0.22205,-1.46443,1.11712,-0.223563,-1.47869,1.09557,-0.198366,-1.48136,1.09557,-0.197099,-1.46707,1.11712
838946065,1,-0.180048,-1.28043,0.931978,-0.181112,-1.29238,0.912793,-0.159173,-1.29394,0.912793,-0.158325,-1.28197,0.931978,-0.197015,-1.47299,1.05669,-0.198232,-1.48666,1.03475,-0.172958,-1.48845,1.03475,-0.171987,-1.47476,1.05669
838946577,1,-0.180048,-1.28043,0.959363,-0.181131,-1.29265,0.940349,-0.159192,-1.29421,0.940349,-0.158325,-1.28197,0.959363,-0.196889,-1.47121,1.08679,-0.198128,-1.4852,1.06504,-0.172853,-1.48699,1.06504,-0.171862,-1.47299,1.08679
838945553,1,-0.180048,-1.28043,0.904837,-0.181093,-1.29211,0.885485,-0.159154,-1.29366,0.885485,-0.158325,-1.28197,0.904837,-0.197138,-1.47473,1.02681,-0.198333,-1.48809,1.00467,-0.173059,-1.48988,1.00467,-0.17211,-1.4765,1.02681
838945041,1,-0.180048,-1.28043,0.877931,-0.181073,-1.29184,0.858414,-0.159134,-1.29339,0.858414,-0.158325,-1.28197,0.877931,-0.197259,-1.47643,0.997136,-0.198431,-1.48948,0.974811,-0.173157,-1.49127,0.974811,-0.172231,-1.4782,0.997136
838947089,1,-0.180048,-1.28043,0.987001,-0.18115,-1.29292,0.968162,-0.159211,-1.29447,0.968162,-0.158325,-1.28197,0.987001,-0.196761,-1.4694,1.11712,-0.198021,-1.48369,1.09557,-0.172747,-1.48548,1.09557,-0.171733,-1.47117,1.11712
838946066,1,-0.157898,-1.282,0.931978,-0.158746,-1.29397,0.912793,-0.136807,-1.29552,0.912793,-0.136174,-1.28354,0.931978,-0.17156,-1.47479,1.05669,-0.172531,-1.48848,1.03475,-0.147256,-1.49028,1.03475,-0.146532,-1.47657,1.05669
838946578,1,-0.157898,-1.282,0.959363,-0.158765,-1.29424,0.940349,-0.136826,-1.29579,0.940349,-0.136174,-1.28354,0.959363,-0.171435,-1.47302,1.08679,-0.172427,-1.48702,1.06504,-0.147152,-1.48881,1.06504,-0.146407,-1.47479,1.08679
838945554,1,-0.157898,-1.282,0.904837,-0.158727,-1.29369,0.885485,-0.136788,-1.29525,0.885485,-0.136174,-1.28354,0.904837,-0.171684,-1.47653,1.02681,-0.172632,-1.48991,1.00467,-0.147357,-1.4917,1.00467,-0.146656,-1.47831,1.02681
838945042,1,-0.157898,-1.282,0.877931,-0.158707,-1.29342,0.858414,-0.136768,-1.29498,0.858414,-0.136174,-1.28354,0.877931,-0.171804,-1.47823,0.997136,-0.17273,-1.4913,0.974811,-0.147455,-1.49309,0.974811,-0.146776,-1.48,0.997136
838947090,1,-0.157898,-1.282,0.987001,-0.158784,-1.2945,0.968162,-0.136845,-1.29606,0.968162,-0.136174,-1.28354,0.987001,-0.171306,-1.4712,1.11712,-0.17232,-1.48551,1.09557,-0.147045,-1.4873,1.09557,-0.146278,-1.47298,1.11712
838946067,1,-0.135756,-1.28585,0.931978,-0.136402,-1.29783,0.912793,-0.114422,-1.29862,0.912793,-0.113992,-1.28663,0.931978,-0.145987,-1.47889,1.05669,-0.146726,-1.49259,1.03475,-0.121404,-1.4935,1.03475,-0.120913,-1.47979,1.05669
838946579,1,-0.135756,-1.28585,0.959363,-0.136411,-1.2981,0.940349,-0.114431,-1.29889,0.940349,-0.113992,-1.28663,0.959363,-0.145924,-1.47711,1.08679,-0.146673,-1.49112,1.06504,-0.121352,-1.49203,1.06504,-0.120849,-1.47801,1.08679
838945555,1,-0.135756,-1.28585,0.904837,-0.136392,-1.29756,0.885485,-0.114412,-1.29835,0.885485,-0.113992,-1.28663,0.904837,-0.14605,-1.48063,1.02681,-0.146777,-1.49402,1.00467,-0.121455,-1.49493,1.00467,-0.120975,-1.48153,1.02681
838945043,1,-0.135756,-1.28585,0.877931,-0.136382,-1.29729,0.858414,-0.114402,-1.29807,0.858414,-0.113992,-1.28663,0.877931,-0.146111,-1.48233,0.997136,-0.146827,-1.49541,0.974812,-0.121505,-1.49632,0.974812,-0.121036,-1.48323,0.997136
838947091,1,-0.135756,-1.28585,0.987001,-0.136421,-1.29837,0.968162,-0.114441,-1.29916,0.968162,-0.113992,-1.28663,0.987001,-0.145859,-1.47529,1.11712,-0.146619,-1.48961,1.09557,-0.121297,-1.49052,1.09557,-0.120784,-1.47619,1.11712
838946068,1,-0.113564,-1.28665,0.931978,-0.113994,-1.29864,0.912793,-0.092014,-1.29942,0.912793,-0.0918004,-1.28743,0.931978,-0.120485,-1.4798,1.05669,-0.120977,-1.49352,1.03475,-0.0956548,-1.49442,1.03475,-0.0954105,-1.4807,1.05669
838946580,1,-0.113564,-1.28665,0.959363,-0.114004,-1.29891,0.940349,-0.0920237,-1.29969,0.940349,-0.0918004,-1.28743,0.959363,-0.120421,-1.47802,1.08679,-0.120924,-1.49205,1.06504,-0.0956021,-1.49295,1.06504,-0.0953467,-1.47892,1.08679
838945556,1,-0.113564,-1.28665,0.904837,-0.113984,-1.29836,0.885485,-0.0920043,-1.29915,0.885485,-0.0918004,-1.28743,0.904837,-0.120547,-1.48154,1.02681,-0.121028,-1.49495,1.00467,-0.095706,-1.49585,1.00467,-0.0954729,-1.48244,1.02681
838945044,1,-0.113564,-1.28665,0.877931,-0.113974,-1.29809,0.858414,-0.0919944,-1.29888,0.858414,-0.0918004,-1.28743,0.877931,-0.120608,-1.48324,0.997136,-0.121078,-1.49634,0.974811,-0.0957558,-1.49724,0.974811,-0.0955338,-1.48414,0.997136
838947092,1,-0.113564,-1.28665,0.987001,-0.114013,-1.29917,0.968162,-0.0920332,-1.29996,0.968162,-0.0918004,-1.28743,0.987001,-0.120356,-1.4762,1.11712,-0.12087,-1.49053,1.09557,-0.0955479,-1.49144,1.09557,-0.0952816,-1.4771,1.11712
838946069,1,-0.0913013,-1.28972,0.931978,-0.0915281,-1.30172,0.912793,-0.0695341,-1.30174,0.912793,-0.0695235,-1.28974,0.931978,-0.0947847,-1.483,1.05669,-0.0950442,-1.49672,1.03475,-0.0697062,-1.49675,1.03475,-0.069694,-1.48302,1.05669
838946581,1,-0.0913013,-1.28972,0.959363,-0.0915283,-1.30199,0.940349,-0.0695343,-1.30201,0.940349,-0.0695235,-1.28974,0.959363,-0.0947832,-1.48122,1.08679,-0.0950428,-1.49525,1.06504,-0.0697048,-1.49527,1.06504,-0.0696925,-1.48124,1.08679
838945557,1,-0.0913013,-1.28972,0.904837,-0.0915279,-1.30145,0.885485,-0.0695339,-1.30147,0.885485,-0.0695235,-1.28974,0.904837,-0.0947863,-1.48474,1.02681,-0.0950454,-1.49815,1.00467,-0.0697074,-1.49818,1.00467,-0.0696956,-1.48476,1.02681
838945045,1,-0.0913013,-1.28972,0.877931,-0.0915276,-1.30117,0.858414,-0.0695336,-1.30119,0.858414,-0.0695235,-1.28974,0.877931,-0.0947878,-1.48644,0.997136,-0.0950466,-1.49954,0.974811,-0.0697086,-1.49957,0.974811,-0.0696971,-1.48647,0.997136
838947093,1,-0.0913013,-1.28972,0.987001,-0.0915286,-1.30226,0.968162,-0.0695346,-1.30228,0.968162,-0.0695235,-1.28974,0.987001,-0.0947816,-1.4794,1.11712,-0.0950415,-1.49374,1.09557,-0.0697035,-1.49376,1.09557,-0.0696909,-1.47942,1.11712
838946070,1,-0.0690955,-1.28974,0.931978,-0.0691062,-1.30174,0.912793,-0.0471122,-1.30176,0.912793,-0.0473177,-1.28976,0.931978,-0.069266,-1.48302,1.05669,-0.0692782,-1.49675,1.03475,-0.0439402,-1.49677,1.03475,-0.0441753,-1.48304,1.05669
838946582,1,-0.0690955,-1.28974,0.959363,-0.0691064,-1.30201,0.940349,-0.0471124,-1.30203,0.940349,-0.0473178,-1.28976,0.959363,-0.0692645,-1.48124,1.08679,-0.0692769,-1.49527,1.06504,-0.0439389,-1.4953,1.06504,-0.0441738,-1.48126,1.08679
838945558,1,-0.0690955,-1.28974,0.904837,-0.0691059,-1.30147,0.885485,-0.0471119,-1.30149,0.885485,-0.0473178,-1.28976,0.904837,-0.0692676,-1.48476,1.02681,-0.0692794,-1.49818,1.00467,-0.0439414,-1.4982,1.00467,-0.0441769,-1.48479,1.02681
838945046,1,-0.0690956,-1.28974,0.877931,-0.0691056,-1.30119,0.858414,-0.0471116,-1.30121,0.858414,-0.0473178,-1.28976,0.877931,-0.0692691,-1.48647,0.997136,-0.0692806,-1.49957,0.974811,-0.0439426,-1.49959,0.974812,-0.0441785,-1.48649,0.997136
838947094,1,-0.0690955,-1.28974,0.987001,-0.0691066,-1.30228,0.968162,-0.0471126,-1.3023,0.968162,-0.0473178,-1.28976,0.987001,-0.0692629,-1.47942,1.11712,-0.0692756,-1.49376,1.09557,-0.0439375,-1.49378,1.09557,-0.0441722,-1.47944,1.11712
838946055,1,-0.397193,-1.23036,0.931978,-0.400317,-1.24195,0.912793,-0.378982,-1.24729,0.912793,-0.376067,-1.23565,0.931978,-0.447365,-1.41705,1.05669,-0.450939,-1.4303,1.03475,-0.42636,-1.43646,1.03475,-0.423026,-1.42314,1.05669
838946567,1,-0.397193,-1.23036,0.959363,-0.400383,-1.24221,0.940349,-0.379048,-1.24755,0.940349,-0.376067,-1.23565,0.959363,-0.446932,-1.41532,1.08679,-0.450581,-1.42887,1.06504,-0.426003,-1.43503,1.06504,-0.422593,-1.42142,1.08679
838945543,1,-0.397193,-1.23036,0.904837,-0.400251,-1.24168,0.885485,-0.378916,-1.24703,0.885485,-0.376067,-1.23565,0.904837,-0.447788,-1.41874,1.02681,-0.451287,-1.43169,1.00467,-0.426708,-1.43784,1.00467,-0.423449,-1.42483,1.02681
838945031,1,-0.397193,-1.23036,0.877931,-0.400185,-1.24142,0.858414,-0.37885,-1.24676,0.858414,-0.376067,-1.23565,0.877931,-0.448202,-1.42039,0.997136,-0.451624,-1.43303,0.974811,-0.427045,-1.43919,0.974811,-0.423863,-1.42648,0.997136
838947079,1,-0.397193,-1.23036,0.987001,-0.400448,-1.24247,0.968162,-0.379113,-1.24781,0.968162,-0.376067,-1.23565,0.987001,-0.44649,-1.41356,1.11712,-0.450214,-1.4274,1.09557,-0.425635,-1.43356,1.09557,-0.422151,-1.41965,1.11712
838946056,1,-0.375652,-1.23576,0.931978,-0.378567,-1.2474,0.912793,-0.357232,-1.25274,0.912793,-0.354527,-1.24105,0.931978,-0.422611,-1.42325,1.05669,-0.425945,-1.43656,1.03475,-0.401366,-1.44272,1.03475,-0.398272,-1.42934,1.05669
838946568,1,-0.375652,-1.23576,0.959363,-0.378633,-1.24766,0.940349,-0.357298,-1.253,0.940349,-0.354527,-1.24105,0.959363,-0.422178,-1.42152,1.08679,-0.425588,-1.43513,1.06504,-0.401009,-1.44129,1.06504,-0.397839,-1.42762,1.08679
838945544,1,-0.375652,-1.23576,0.904837,-0.378501,-1.24713,0.885485,-0.357166,-1.25248,0.885485,-0.354527,-1.24105,0.904837,-0.423034,-1.42494,1.02681,-0.426293,-1.43795,1.00467,-0.401714,-1.4441,1.00467,-0.398695,-1.43103,1.02681
838945032,1,-0.375652,-1.23576,0.877931,-0.378434,-1.24687,0.858414,-0.357099,-1.25221,0.858414,-0.354527,-1.24105,0.877931,-0.423448,-1.42659,0.997136,-0.42663,-1.43929,0.974811,-0.402051,-1.44545,0.974811,-0.399109,-1.43268,0.997136
838947080,1,-0.375652,-1.23576,0.987001,-0.378698,-1.24792,0.968162,-0.357363,-1.25326,0.968162,-0.354527,-1.24105,0.987001,-0.421736,-1.41976,1.11712,-0.42522,-1.43366,1.09557,-0.400641,-1.43982,1.09557,-0.397397,-1.42585,1.11712
838946057,1,-0.354517,-1.2434,0.931978,-0.357235,-1.25509,0.912793,-0.335726,-1.25968,0.912793,-0.333219,-1.24795,0.931978,-0.398138,-1.43172,1.05669,-0.401247,-1.44509,1.03475,-0.376468,-1.45039,1.03475,-0.373601,-1.43696,1.05669
838946569,1,-0.354517,-1.2434,0.959363,-0.357291,-1.25535,0.940349,-0.335782,-1.25995,0.940349,-0.333219,-1.24795,0.959363,-0.397766,-1.42998,1.08679,-0.40094,-1.44365,1.06504,-0.376161,-1.44895,1.06504,-0.373229,-1.43522,1.08679
838945545,1,-0.354517,-1.2434,0.904837,-0.357178,-1.25482,0.885485,-0.335669,-1.25942,0.885485,-0.333219,-1.24795,0.904837,-0.398502,-1.43342,1.02681,-0.401546,-1.44649,1.00467,-0.376767,-1.45178,1.00467,-0.373965,-1.43867,1.02681
838945033,1,-0.354517,-1.2434,0.877931,-0.357121,-1.25455,0.858414,-0.335612,-1.25915,0.858414,-0.333219,-1.24795,0.877931,-0.398858,-1.43509,0.997136,-0.401836,-1.44785,0.974811,-0.377058,-1.45314,0.974811,-0.374321,-1.44033,0.997136
838947081,1,-0.354517,-1.2434,0.987001,-0.357347,-1.25561,0.968162,-0.335838,-1.26021,0.968162,-0.333219,-1.24795,0.987001,-0.397386,-1.4282,1.11712,-0.400624,-1.44217,1.09557,-0.375845,-1.44747,1.09557,-0.372849,-1.43344,1.11712
838946058,1,-0.332801,-1.24804,0.931978,-0.335308,-1.25977,0.912793,-0.313799,-1.26437,0.912793,-0.311504,-1.25259,0.931978,-0.373182,-1.43705,1.05669,-0.37605,-1.45047,1.03475,-0.351271,-1.45577,1.03475,-0.348646,-1.4423,1.05669
838946570,1,-0.332801,-1.24804,0.959363,-0.335364,-1.26004,0.940349,-0.313855,-1.26463,0.940349,-0.311504,-1.25259,0.959363,-0.37281,-1.43531,1.08679,-0.375742,-1.44904,1.06504,-0.350964,-1.45433,1.06504,-0.348273,-1.44055,1.08679
838945546,1,-0.332801,-1.24804,0.904837,-0.335251,-1.25951,0.885485,-0.313742,-1.2641,0.885484,-0.311504,-1.25259,0.904837,-0.373546,-1.43876,1.02681,-0.376349,-1.45187,1.00467,-0.35157,-1.45717,1.00467,-0.349009,-1.444,1.02681
838945034,1,-0.332801,-1.24804,0.877931,-0.335193,-1.25924,0.858414,-0.313685,-1.26383,0.858414,-0.311504,-1.25259,0.877931,-0.373902,-1.44042,0.997136,-0.376639,-1.45323,0.974811,-0.35186,-1.45853,0.974811,-0.349365,-1.44566,0.997136
838947082,1,-0.332801,-1.24804,0.987001,-0.33542,-1.2603,0.968162,-0.313911,-1.26489,0.968162,-0.311504,-1.25259,0.987001,-0.372431,-1.43353,1.11712,-0.375426,-1.44756,1.09557,-0.350648,-1.45285,1.09557,-0.347894,-1.43878,1.11712
838946071,1,-0.0467387,-1.29204,0.931978,-0.0465463,-1.30404,0.912793,-0.0245651,-1.30329,0.912793,-0.0249735,-1.2913,0.931978,-0.0434697,-1.48532,1.05669,-0.0432496,-1.49904,1.03475,-0.0179263,-1.49818,1.03475,-0.0183935,-1.48447,1.05669
838946583,1,-0.0467387,-1.29204,0.959363,-0.0465371,-1.30431,0.940349,-0.0245559,-1.30356,0.940349,-0.0249736,-1.2913,0.959363,-0.0435303,-1.48354,1.08679,-0.0432997,-1.49757,1.06504,-0.0179764,-1.49671,1.06504,-0.0184542,-1.48269,1.08679
838945559,1,-0.0467387,-1.29204,0.904837,-0.0465556,-1.30377,0.885485,-0.0245743,-1.30302,0.885485,-0.0249735,-1.2913,0.904837,-0.0434104,-1.48706,1.02681,-0.0432009,-1.50047,1.00467,-0.0178776,-1.49961,1.00467,-0.0183343,-1.48621,1.02681
838945047,1,-0.0467387,-1.29204,0.877931,-0.0465649,-1.30349,0.858414,-0.0245837,-1.30274,0.858414,-0.0249736,-1.2913,0.877931,-0.0433524,-1.48876,0.997136,-0.0431536,-1.50186,0.974811,-0.0178303,-1.501,0.974811,-0.0182763,-1.48791,0.997136
838947095,1,-0.0467387,-1.29204,0.987001,-0.046528,-1.30457,0.968162,-0.0245468,-1.30383,0.968162,-0.0249736,-1.2913,0.987001,-0.0435923,-1.48172,1.11712,-0.0433512,-1.49606,1.09557,-0.0180279,-1.4952,1.09557,-0.0185161,-1.48087,1.11712
838946072,1,-0.0245458,-1.29128,0.931978,-0.0241374,-1.30327,0.912793,-0.00215615,-1.30253,0.912793,-0.0027806,-1.29054,0.931978,-0.0179658,-1.48445,1.05669,-0.0174986,-1.49817,1.03475,0.00782469,-1.4973,1.03475,0.00711038,-1.4836,1.05669
838946584,1,-0.0245458,-1.29128,0.959363,-0.0241282,-1.30354,0.940349,-0.00214691,-1.30279,0.940349,-0.00278066,-1.29054,0.959363,-0.0180264,-1.48267,1.08679,-0.0175487,-1.4967,1.06504,0.00777465,-1.49583,1.06504,0.00704971,-1.48182,1.08679
838945560,1,-0.0245458,-1.29128,0.904837,-0.0241467,-1.303,0.885485,-0.0021654,-1.30225,0.885484,-0.00278061,-1.29054,0.904837,-0.0179065,-1.48619,1.02681,-0.0174499,-1.4996,1.00467,0.00787341,-1.49873,1.00467,0.00716967,-1.48534,1.02681
838945048,1,-0.0245458,-1.29128,0.877931,-0.024156,-1.30273,0.858414,-0.00217474,-1.30198,0.858414,-0.00278062,-1.29054,0.877931,-0.0178485,-1.48789,0.997136,-0.0174026,-1.50099,0.974811,0.00792071,-1.50012,0.974811,0.00722763,-1.48704,0.997136
838947096,1,-0.0245458,-1.29128,0.987001,-0.0241191,-1.30381,0.968162,-0.00213784,-1.30306,0.968162,-0.00278064,-1.29054,0.987001,-0.0180883,-1.48085,1.11712,-0.0176002,-1.49518,1.09557,0.00772312,-1.49432,1.09557,0.00698781,-1.48,1.11712
838946073,1,0.00295408,-1.2928,0.931978,0.00356217,-1.30478,0.912793,0.0255043,-1.30327,0.912793,0.0246805,-1.2913,0.931978,0.012921,-1.48585,1.05669,0.0136166,-1.49956,1.03475,0.0388948,-1.49782,1.03475,0.0379525,-1.48413,1.05669
838946585,1,0.00295404,-1.2928,0.959363,0.00358073,-1.30505,0.940349,0.0255228,-1.30354,0.940349,0.0246804,-1.2913,0.959363,0.0127987,-1.48407,1.08679,0.0135156,-1.49809,1.06504,0.0387938,-1.49635,1.06504,0.0378302,-1.48235,1.08679
838945561,1,0.00295405,-1.2928,0.904837,0.00354351,-1.30451,0.885485,0.0254856,-1.303,0.885485,0.0246804,-1.2913,0.904837,0.0130406,-1.48759,1.02681,0.0137149,-1.50099,1.00467,0.0389931,-1.49925,1.00467,0.0380721,-1.48586,1.02681
838945049,1,0.00295406,-1.2928,0.877931,0.00352466,-1.30424,0.858414,0.0254667,-1.30273,0.858414,0.0246805,-1.2913,0.877931,0.0131575,-1.48929,0.997136,0.0138103,-1.50237,0.974811,0.0390885,-1.50063,0.974811,0.038189,-1.48756,0.997136
838947097,1,0.00295404,-1.2928,0.987001,0.00359909,-1.30532,0.968162,0.0255412,-1.30381,0.968162,0.0246804,-1.2913,0.987001,0.0126738,-1.48226,1.11712,0.0134117,-1.49658,1.09557,0.0386899,-1.49484,1.09557,0.0377053,-1.48054,1.11712
838946076,1,0.0696564,-1.28971,0.931978,0.0708979,-1.30165,0.912793,0.0927738,-1.29937,0.912793,0.0913173,-1.28746,0.931978,0.0896548,-1.48196,1.05669,0.0910749,-1.49561,1.03475,0.116277,-1.49298,1.03475,0.114611,-1.47936,1.05669
838946588,1,0.0696564,-1.28971,0.959363,0.0709258,-1.30191,0.940349,0.0928017,-1.29964,0.940349,0.0913173,-1.28746,0.959363,0.0894706,-1.48018,1.08679,0.0909227,-1.49414,1.06504,0.116125,-1.49152,1.06504,0.114427,-1.47759,1.08679
838945564,1,0.0696564,-1.28971,0.904837,0.0708697,-1.30138,0.885485,0.0927457,-1.2991,0.885485,0.0913173,-1.28746,0.904837,0.0898351,-1.48369,1.02681,0.091223,-1.49703,1.00467,0.116425,-1.49441,1.00467,0.114791,-1.48109,1.02681
838945052,1,0.0696564,-1.28971,0.877931,0.0708413,-1.3011,0.858414,0.0927173,-1.29883,0.858414,0.0913173,-1.28746,0.877931,0.0900113,-1.48538,0.997136,0.0913667,-1.49841,0.974811,0.116569,-1.49579,0.974811,0.114967,-1.48279,0.997136
838947100,1,0.0696564,-1.28971,0.987001,0.0709534,-1.30218,0.968162,0.0928294,-1.29991,0.968162,0.0913173,-1.28746,0.987001,0.0892824,-1.47838,1.11712,0.0907661,-1.49264,1.09557,0.115968,-1.49002,1.09557,0.114238,-1.47578,1.11712
838946077,1,0.0921309,-1.28966,0.931978,0.0935742,-1.30158,0.912793,0.115357,-1.29854,0.912793,0.1137,-1.28666,0.931978,0.11555,-1.48155,1.05669,0.117201,-1.49518,1.03475,0.142296,-1.49168,1.03475,0.1404,-1.47808,1.05669
838946589,1,0.0921309,-1.28966,0.959363,0.0936115,-1.30184,0.940349,0.115395,-1.29881,0.940349,0.1137,-1.28666,0.959363,0.115304,-1.47979,1.08679,0.116998,-1.49372,1.06504,0.142093,-1.49022,1.06504,0.140154,-1.47632,1.08679
838945565,1,0.0921309,-1.28966,0.904837,0.0935366,-1.30131,0.885485,0.11532,-1.29827,0.885485,0.1137,-1.28666,0.904837,0.115791,-1.48327,1.02681,0.117399,-1.49659,1.00467,0.142494,-1.49309,1.00467,0.140641,-1.47981,1.02681
838945053,1,0.0921309,-1.28966,0.877931,0.0934987,-1.30104,0.858414,0.115282,-1.298,0.858414,0.1137,-1.28666,0.877931,0.116026,-1.48496,0.997136,0.117591,-1.49797,0.974812,0.142686,-1.49447,0.974812,0.140876,-1.48149,0.997137
838947101,1,0.0921309,-1.28966,0.987001,0.0936484,-1.30211,0.968162,0.115432,-1.29907,0.968162,0.1137,-1.28666,0.987001,0.115053,-1.47798,1.11712,0.116789,-1.49222,1.09557,0.141884,-1.48872,1.09557,0.139903,-1.47452,1.11712
838946051,1,-0.485823,-1.19813,0.931978,-0.489746,-1.20947,0.912793,-0.468835,-1.21629,0.912793,-0.465117,-1.20488,0.931978,-0.548857,-1.38088,1.05669,-0.553345,-1.39385,1.03475,-0.529254,-1.4017,1.03475,-0.525001,-1.38865,1.05669
838946563,1,-0.485823,-1.19813,0.959363,-0.48983,-1.20973,0.940349,-0.468918,-1.21655,0.940349,-0.465117,-1.20488,0.959363,-0.548306,-1.37918,1.08679,-0.552889,-1.39245,1.06504,-0.528798,-1.4003,1.06504,-0.52445,-1.38696,1.08679
838945539,1,-0.485823,-1.19813,0.904837,-0.489662,-1.20922,0.885485,-0.46875,-1.21603,0.885485,-0.465117,-1.20488,0.904837,-0.549397,-1.38253,1.02681,-0.553788,-1.39521,1.00467,-0.529697,-1.40306,1.00467,-0.525541,-1.39031,1.02681
838945027,1,-0.485823,-1.19813,0.877931,-0.489577,-1.20895,0.858414,-0.468665,-1.21577,0.858414,-0.465117,-1.20488,0.877931,-0.549925,-1.38415,0.997136,-0.554218,-1.39653,0.974811,-0.530127,-1.40438,0.974811,-0.526069,-1.39193,0.997136
838947075,1,-0.485823,-1.19813,0.987001,-0.489913,-1.20999,0.968162,-0.469001,-1.2168,0.968162,-0.465117,-1.20488,0.987001,-0.547742,-1.37745,1.11712,-0.55242,-1.39101,1.09557,-0.528329,-1.39886,1.09557,-0.523886,-1.38523,1.11712
838946052,1,-0.46471,-1.20501,0.931978,-0.468428,-1.21642,0.912793,-0.447516,-1.22324,0.912793,-0.444004,-1.21176,0.931978,-0.524594,-1.38878,1.05669,-0.528847,-1.40183,1.03475,-0.504756,-1.40968,1.03475,-0.500738,-1.39656,1.05669
838946564,1,-0.46471,-1.20501,0.959363,-0.468511,-1.21668,0.940349,-0.4476,-1.22349,0.940349,-0.444004,-1.21176,0.959363,-0.524043,-1.38709,1.08679,-0.528391,-1.40043,1.06504,-0.5043,-1.40828,1.06504,-0.500187,-1.39486,1.08679
838945540,1,-0.46471,-1.20501,0.904837,-0.468343,-1.21616,0.885485,-0.447432,-1.22298,0.885485,-0.444004,-1.21176,0.904837,-0.525134,-1.39044,1.02681,-0.52929,-1.40319,1.00467,-0.505199,-1.41104,1.00467,-0.501278,-1.39821,1.02681
838945028,1,-0.46471,-1.20501,0.877931,-0.468258,-1.2159,0.858414,-0.447347,-1.22272,0.858414,-0.444004,-1.21176,0.877931,-0.525662,-1.39206,0.997136,-0.52972,-1.40451,0.974811,-0.505629,-1.41236,0.974812,-0.501806,-1.39983,0.997136
838947076,1,-0.46471,-1.20501,0.987001,-0.468594,-1.21693,0.968162,-0.447682,-1.22375,0.968162,-0.444004,-1.21176,0.987001,-0.523479,-1.38536,1.11712,-0.527922,-1.39899,1.09557,-0.503831,-1.40684,1.09557,-0.499623,-1.39313,1.11712
838946053,1,-0.439387,-1.21584,0.931978,-0.442915,-1.22731,0.912793,-0.421779,-1.2334,0.912793,-0.41846,-1.22187,0.931978,-0.496049,-1.40066,1.05669,-0.500084,-1.41378,1.03475,-0.475735,-1.42079,1.03475,-0.471938,-1.4076,1.05669
838946565,1,-0.439387,-1.21584,0.959363,-0.442989,-1.22757,0.940349,-0.421854,-1.23366,0.940349,-0.41846,-1.22187,0.959363,-0.495556,-1.39895,1.08679,-0.499677,-1.41237,1.06504,-0.475328,-1.41938,1.06504,-0.471445,-1.40589,1.08679
838945541,1,-0.439387,-1.21584,0.904837,-0.442839,-1.22705,0.885485,-0.421704,-1.23314,0.885485,-0.41846,-1.22187,0.904837,-0.496531,-1.40234,1.02681,-0.50048,-1.41516,1.00467,-0.476131,-1.42217,1.00467,-0.47242,-1.40928,1.02681
838945029,1,-0.439387,-1.21584,0.877931,-0.442764,-1.22679,0.858414,-0.421628,-1.23287,0.858414,-0.41846,-1.22187,0.877931,-0.497002,-1.40397,0.997136,-0.500864,-1.41649,0.974812,-0.476515,-1.4235,0.974812,-0.472891,-1.41091,0.997136
838947077,1,-0.439387,-1.21584,0.987001,-0.443063,-1.22783,0.968162,-0.421928,-1.23391,0.968162,-0.41846,-1.22187,0.987001,-0.495053,-1.3972,1.11712,-0.499258,-1.41091,1.09557,-0.474909,-1.41792,1.09557,-0.470942,-1.40415,1.11712
838946054,1,-0.418048,-1.22199,0.931978,-0.421368,-1.23352,0.912793,-0.400233,-1.2396,0.912793,-0.397121,-1.22801,0.931978,-0.471526,-1.40772,1.05669,-0.475324,-1.42091,1.03475,-0.450975,-1.42792,1.03475,-0.447415,-1.41466,1.05669
838946566,1,-0.418048,-1.22199,0.959363,-0.421443,-1.23378,0.940349,-0.400307,-1.23986,0.940349,-0.397121,-1.22801,0.959363,-0.471034,-1.40601,1.08679,-0.474917,-1.4195,1.06504,-0.450568,-1.42651,1.06504,-0.446923,-1.41295,1.08679
838945542,1,-0.418048,-1.22199,0.904837,-0.421293,-1.23326,0.885485,-0.400158,-1.23934,0.885484,-0.397121,-1.22801,0.904837,-0.472008,-1.4094,1.02681,-0.47572,-1.42229,1.00467,-0.451371,-1.4293,1.00467,-0.447897,-1.41634,1.02681
838945030,1,-0.418048,-1.22199,0.877931,-0.421217,-1.23299,0.858414,-0.400081,-1.23908,0.858414,-0.397121,-1.22801,0.877931,-0.47248,-1.41103,0.997136,-0.476104,-1.42362,0.974811,-0.451755,-1.43063,0.974811,-0.448368,-1.41797,0.997136
838947078,1,-0.418048,-1.22199,0.987001,-0.421517,-1.23403,0.968162,-0.400381,-1.24012,0.968162,-0.397121,-1.22801,0.987001,-0.470531,-1.40426,1.11712,-0.474498,-1.41804,1.09557,-0.450149,-1.42505,1.09557,-0.446419,-1.41121,1.11712
838968921,1,0.267939,1.26496,2.60821,0.271251,1.28574,2.59617,0.249324,1.28884,2.59617,0.246376,1.26801,2.60821,0.285637,1.37633,2.80869,0.289194,1.39864,2.79575,0.265344,1.40202,2.79575,0.262177,1.37965,2.80869
838969433,1,0.267939,1.26496,2.65843,0.271264,1.28583,2.64655,0.249337,1.28893,2.64655,0.246376,1.26801,2.65843,0.285418,1.37478,2.85978,0.28899,1.39719,2.84702,0.265139,1.40057,2.84702,0.261959,1.3781,2.85978
838968409,1,0.267939,1.26496,2.55868,0.271238,1.28564,2.54647,0.249311,1.28875,2.54647,0.246376,1.26801,2.55868,0.285854,1.37786,2.75827,0.289398,1.40008,2.74516,0.265547,1.40345,2.74516,0.262395,1.38118,2.75827
838969945,1,0.267939,1.26496,2.70935,0.271277,1.28592,2.69763,0.24935,1.28902,2.69763,0.246376,1.26801,2.70935,0.285199,1.37323,2.91156,0.288784,1.39574,2.89897,0.264933,1.39912,2.89897,0.261739,1.37655,2.91156
838968922,1,0.245933,1.26808,2.60821,0.248881,1.2889,2.59617,0.226954,1.29201,2.59617,0.22437,1.27113,2.60821,0.261735,1.37971,2.80869,0.264901,1.40208,2.79575,0.24105,1.40546,2.79575,0.238275,1.38303,2.80869
838969434,1,0.245933,1.26808,2.65843,0.248894,1.289,2.64655,0.226967,1.2921,2.64655,0.22437,1.27113,2.65843,0.261516,1.37817,2.85978,0.264696,1.40063,2.84702,0.240846,1.40401,2.84702,0.238057,1.38149,2.85978
838968410,1,0.245933,1.26808,2.55868,0.248868,1.28881,2.54647,0.226941,1.29191,2.54647,0.22437,1.27113,2.55868,0.261952,1.38125,2.75827,0.265105,1.40352,2.74516,0.241254,1.40689,2.74516,0.238493,1.38457,2.75827
838969946,1,0.245933,1.26808,2.70935,0.248907,1.28909,2.69763,0.22698,1.29219,2.69763,0.22437,1.27113,2.70935,0.261297,1.37661,2.91156,0.264491,1.39918,2.89897,0.24064,1.40256,2.89897,0.237837,1.37994,2.91156
838968923,1,0.224133,1.27346,2.60821,0.226718,1.29434,2.59617,0.204696,1.29668,2.59617,0.202477,1.27576,2.60821,0.237931,1.38538,2.80869,0.240707,1.4078,2.79575,0.216753,1.41034,2.79575,0.21437,1.38788,2.80869
838969435,1,0.224133,1.27346,2.65843,0.226728,1.29443,2.64655,0.204706,1.29677,2.64655,0.202477,1.27576,2.65843,0.237766,1.38383,2.85978,0.240553,1.40635,2.84702,0.216599,1.40889,2.84702,0.214205,1.38633,2.85978
838968411,1,0.224133,1.27346,2.55868,0.226708,1.29425,2.54647,0.204686,1.29658,2.54647,0.202477,1.27576,2.55868,0.238095,1.38692,2.75827,0.24086,1.40925,2.74516,0.216906,1.41179,2.74516,0.214534,1.38942,2.75827
838969947,1,0.224133,1.27346,2.70935,0.226738,1.29453,2.69763,0.204715,1.29686,2.69763,0.202477,1.27576,2.70935,0.237601,1.38227,2.91156,0.240398,1.40489,2.89897,0.216444,1.40743,2.89897,0.21404,1.38477,2.91156
838968924,1,0.202032,1.27581,2.60821,0.204251,1.29673,2.59617,0.182229,1.29906,2.59617,0.180376,1.2781,2.60821,0.213925,1.38792,2.80869,0.216308,1.41039,2.79575,0.192354,1.41293,2.79575,0.190364,1.39042,2.80869
838969436,1,0.202032,1.27581,2.65843,0.204261,1.29682,2.64655,0.182239,1.29915,2.64655,0.180376,1.2781,2.65843,0.213761,1.38637,2.85978,0.216154,1.40894,2.84702,0.1922,1.41148,2.84702,0.1902,1.38887,2.85978
838968412,1,0.202032,1.27581,2.55868,0.204241,1.29663,2.54647,0.182219,1.29897,2.54647,0.180376,1.2781,2.55868,0.214089,1.38947,2.75827,0.216462,1.41183,2.74516,0.192507,1.41437,2.74516,0.190528,1.39197,2.75827
838969948,1,0.202032,1.27581,2.70935,0.204271,1.29691,2.69763,0.182249,1.29924,2.69763,0.180376,1.2781,2.70935,0.213596,1.38482,2.91156,0.216,1.40748,2.89897,0.192046,1.41002,2.89897,0.190034,1.38732,2.91156
838968925,1,0.180057,1.28043,2.60821,0.181911,1.30139,2.59617,0.159821,1.30295,2.59617,0.158334,1.28197,2.60821,0.189938,1.39276,2.80869,0.191929,1.41526,2.79575,0.167901,1.41697,2.79575,0.166304,1.39443,2.80869
838969437,1,0.180057,1.28043,2.65843,0.181918,1.30148,2.64655,0.159828,1.30304,2.64655,0.158334,1.28197,2.65843,0.189828,1.3912,2.85978,0.191826,1.41381,2.84702,0.167798,1.41551,2.84702,0.166194,1.39288,2.85978
838968413,1,0.180057,1.28043,2.55868,0.181905,1.30129,2.54647,0.159814,1.30286,2.54647,0.158334,1.28197,2.55868,0.190048,1.39431,2.75827,0.192032,1.41671,2.74516,0.168004,1.41842,2.74516,0.166414,1.39598,2.75827
838969949,1,0.180057,1.28043,2.70935,0.181925,1.30157,2.69763,0.159834,1.30313,2.69763,0.158334,1.28197,2.70935,0.189717,1.38964,2.91156,0.191722,1.41234,2.89897,0.167694,1.41405,2.89897,0.166083,1.39131,2.91156
838968916,1,0.375643,1.23576,2.60821,0.380754,1.25617,2.59617,0.359272,1.26155,2.59617,0.354518,1.24105,2.60821,0.403035,1.34513,2.80869,0.408524,1.36704,2.79575,0.385158,1.3729,2.79575,0.380052,1.35089,2.80869
838969428,1,0.375643,1.23576,2.65843,0.380776,1.25626,2.64655,0.359294,1.26164,2.64655,0.354518,1.24105,2.65843,0.402657,1.34362,2.85978,0.40817,1.36563,2.84702,0.384803,1.37148,2.84702,0.379673,1.34937,2.85978
838968404,1,0.375643,1.23576,2.55868,0.380731,1.25607,2.54647,0.359249,1.26145,2.54647,0.354518,1.24105,2.55868,0.403413,1.34663,2.75827,0.408877,1.36845,2.74516,0.38551,1.3743,2.74516,0.380429,1.35239,2.75827
838969940,1,0.375643,1.23576,2.70935,0.380799,1.25634,2.69763,0.359316,1.26172,2.69763,0.354518,1.24105,2.70935,0.402276,1.3421,2.91156,0.407813,1.3642,2.89897,0.384446,1.37006,2.89897,0.379293,1.34785,2.91156
838968917,1,0.354526,1.2434,2.60821,0.359281,1.26389,2.59617,0.337624,1.26852,2.59617,0.333229,1.24795,2.60821,0.379955,1.35326,2.80869,0.385062,1.37527,2.79575,0.361505,1.3803,2.79575,0.356785,1.35821,2.80869
838969429,1,0.354526,1.2434,2.65843,0.3593,1.26398,2.64655,0.337643,1.26861,2.64655,0.333229,1.24795,2.65843,0.379629,1.35173,2.85978,0.384757,1.37384,2.84702,0.3612,1.37887,2.84702,0.356459,1.35668,2.85978
838968405,1,0.354526,1.2434,2.55868,0.359261,1.2638,2.54647,0.337604,1.26843,2.54647,0.333229,1.24795,2.55868,0.38028,1.35477,2.75827,0.385365,1.37669,2.74516,0.361808,1.38172,2.74516,0.357109,1.35972,2.75827
838969941,1,0.354526,1.2434,2.70935,0.359319,1.26407,2.69763,0.337662,1.2687,2.69763,0.333229,1.24795,2.70935,0.379302,1.3502,2.91156,0.38445,1.3724,2.89897,0.360893,1.37744,2.89897,0.356132,1.35515,2.91156
838968918,1,0.332792,1.24804,2.60821,0.337187,1.26861,2.59617,0.315529,1.27324,2.59617,0.311494,1.25259,2.60821,0.356348,1.3583,2.80869,0.361068,1.38039,2.79575,0.337511,1.38543,2.79575,0.333177,1.36325,2.80869
838969430,1,0.332792,1.24804,2.65843,0.337206,1.2687,2.64655,0.315549,1.27333,2.64655,0.311494,1.25259,2.65843,0.356022,1.35677,2.85978,0.360763,1.37896,2.84702,0.337206,1.384,2.84702,0.332851,1.36172,2.85978
838968406,1,0.332792,1.24804,2.55868,0.337167,1.26852,2.54647,0.31551,1.27315,2.54647,0.311494,1.25259,2.55868,0.356672,1.35982,2.75827,0.361371,1.38181,2.74516,0.337814,1.38684,2.74516,0.333502,1.36477,2.75827
838969942,1,0.332792,1.24804,2.70935,0.337225,1.26879,2.69763,0.315568,1.27342,2.69763,0.311494,1.25259,2.70935,0.355695,1.35524,2.91156,0.360456,1.37753,2.89897,0.336899,1.38256,2.89897,0.332524,1.36019,2.91156
838968919,1,0.311421,1.25494,2.60821,0.315457,1.27558,2.59617,0.293651,1.27945,2.59617,0.289978,1.25874,2.60821,0.332997,1.36561,2.80869,0.337332,1.38779,2.79575,0.313614,1.392,2.79575,0.309668,1.36975,2.80869
838969431,1,0.311421,1.25494,2.65843,0.315473,1.27567,2.64655,0.293668,1.27954,2.64655,0.289978,1.25874,2.65843,0.332725,1.36408,2.85978,0.337077,1.38635,2.84702,0.313359,1.39056,2.84702,0.309396,1.36822,2.85978
838968407,1,0.311421,1.25494,2.55868,0.31544,1.27549,2.54647,0.293635,1.27936,2.54647,0.289978,1.25874,2.55868,0.333269,1.36714,2.75827,0.337586,1.38922,2.74516,0.313867,1.39343,2.74516,0.309939,1.37128,2.75827
838969943,1,0.311421,1.25494,2.70935,0.315489,1.27577,2.69763,0.293684,1.27963,2.69763,0.289977,1.25874,2.70935,0.332452,1.36254,2.91156,0.336821,1.38491,2.89897,0.313103,1.38912,2.89897,0.309122,1.36668,2.91156
838968920,1,0.289537,1.25882,2.60821,0.293211,1.27953,2.59617,0.271406,1.2834,2.59617,0.268094,1.26262,2.60821,0.309228,1.36983,2.80869,0.313174,1.39208,2.79575,0.289455,1.39628,2.79575,0.285899,1.37397,2.80869
838969432,1,0.289537,1.25882,2.65843,0.293227,1.27962,2.64655,0.271422,1.28349,2.64655,0.268094,1.26262,2.65843,0.308956,1.3683,2.85978,0.312919,1.39064,2.84702,0.2892,1.39485,2.84702,0.285627,1.37243,2.85978
838968408,1,0.289537,1.25882,2.55868,0.293195,1.27944,2.54647,0.271389,1.2833,2.54647,0.268094,1.26262,2.55868,0.309499,1.37136,2.75827,0.313427,1.3935,2.74516,0.289709,1.39771,2.74516,0.28617,1.3755,2.75827
838969944,1,0.289537,1.25882,2.70935,0.293243,1.27971,2.69763,0.271438,1.28358,2.69763,0.268094,1.26262,2.70935,0.308682,1.36675,2.91156,0.312663,1.38919,2.89897,0.288944,1.3934,2.89897,0.285353,1.37089,2.91156
838968909,1,0.526915,1.18071,2.60821,0.534473,1.20035,2.59617,0.513669,1.20794,2.59617,0.506457,1.18818,2.60821,0.56737,1.28597,2.80869,0.575487,1.30706,2.79575,0.552858,1.31531,2.79575,0.545112,1.29409,2.80869
838969421,1,0.526915,1.18071,2.65843,0.534505,1.20043,2.64655,0.513701,1.20803,2.64655,0.506457,1.18818,2.65843,0.566835,1.2845,2.85978,0.574986,1.30568,2.84702,0.552358,1.31394,2.84702,0.544578,1.29263,2.85978
838968397,1,0.526915,1.18071,2.55868,0.534441,1.20026,2.54647,0.513637,1.20785,2.54647,0.506457,1.18818,2.55868,0.567902,1.28743,2.75827,0.575984,1.30842,2.74516,0.553356,1.31668,2.74516,0.545645,1.29555,2.75827
838967885,1,0.526915,1.18071,2.5098,0.534408,1.20017,2.49743,0.513604,1.20776,2.49743,0.506457,1.18818,2.5098,0.568432,1.28888,2.7085,0.576479,1.30978,2.69522,0.553851,1.31803,2.69522,0.546175,1.297,2.7085
838969933,1,0.526915,1.18071,2.70935,0.534536,1.20052,2.69763,0.513733,1.20811,2.69763,0.506457,1.18818,2.70935,0.566298,1.28303,2.91156,0.574483,1.30431,2.89897,0.551854,1.31256,2.89897,0.544041,1.29116,2.91156
838968910,1,0.506037,1.18833,2.60821,0.513249,1.20809,2.59617,0.492446,1.21569,2.59617,0.485579,1.1958,2.60821,0.544692,1.29425,2.80869,0.552438,1.31547,2.79575,0.52981,1.32373,2.79575,0.522435,1.30237,2.80869
838969422,1,0.506037,1.18833,2.65843,0.513281,1.20818,2.64655,0.492478,1.21577,2.64655,0.485579,1.1958,2.65843,0.544158,1.29278,2.85978,0.551938,1.3141,2.84702,0.529309,1.32236,2.84702,0.521901,1.3009,2.85978
838968398,1,0.506037,1.18833,2.55868,0.513217,1.208,2.54647,0.492414,1.2156,2.54647,0.48558,1.1958,2.55868,0.545225,1.2957,2.75827,0.552936,1.31683,2.74516,0.530307,1.32509,2.74516,0.522968,1.30383,2.75827
838967886,1,0.506037,1.18833,2.5098,0.513184,1.20791,2.49743,0.492381,1.21551,2.49743,0.485579,1.1958,2.5098,0.545755,1.29716,2.7085,0.553431,1.31819,2.69522,0.530802,1.32645,2.69522,0.523498,1.30528,2.7085
838969934,1,0.506037,1.18833,2.70935,0.513313,1.20827,2.69763,0.492509,1.21586,2.69763,0.485579,1.1958,2.70935,0.543621,1.29131,2.91156,0.551435,1.31272,2.89897,0.528806,1.32098,2.89897,0.521364,1.29943,2.91156
838968911,1,0.485832,1.19813,2.60821,0.4927,1.21802,2.59617,0.471644,1.22488,2.59617,0.465126,1.20488,2.60821,0.522586,1.30474,2.80869,0.529962,1.32609,2.79575,0.507058,1.33356,2.79575,0.500059,1.31208,2.80869
838969423,1,0.485832,1.19813,2.65843,0.492729,1.21811,2.64655,0.471673,1.22497,2.64655,0.465126,1.20488,2.65843,0.522103,1.30325,2.85978,0.529509,1.32471,2.84702,0.506606,1.33217,2.84702,0.499576,1.31059,2.85978
838968399,1,0.485832,1.19813,2.55868,0.492671,1.21793,2.54647,0.471615,1.22479,2.54647,0.465126,1.20488,2.55868,0.523067,1.30621,2.75827,0.530411,1.32747,2.74516,0.507508,1.33494,2.74516,0.50054,1.31355,2.75827
838967887,1,0.485832,1.19813,2.5098,0.492641,1.21784,2.49743,0.471585,1.2247,2.49743,0.465126,1.20488,2.5098,0.523546,1.30768,2.7085,0.530859,1.32885,2.69522,0.507955,1.33631,2.69522,0.501019,1.31502,2.7085
838969935,1,0.485832,1.19813,2.70935,0.492757,1.21819,2.69763,0.471701,1.22505,2.69763,0.465126,1.20488,2.70935,0.521618,1.30176,2.91156,0.529055,1.32331,2.89897,0.506152,1.33077,2.89897,0.49909,1.30911,2.91156
838968912,1,0.464701,1.20502,2.60821,0.471219,1.22502,2.59617,0.450163,1.23188,2.59617,0.443995,1.21176,2.60821,0.499634,1.31222,2.80869,0.506633,1.3337,2.79575,0.48373,1.34116,2.79575,0.477106,1.31956,2.80869
838969424,1,0.464701,1.20502,2.65843,0.471248,1.22511,2.64655,0.450192,1.23197,2.64655,0.443995,1.21176,2.65843,0.499151,1.31073,2.85978,0.506181,1.33231,2.84702,0.483278,1.33977,2.84702,0.476623,1.31807,2.85978
838968400,1,0.464701,1.20502,2.55868,0.47119,1.22493,2.54647,0.450134,1.23179,2.54647,0.443995,1.21176,2.55868,0.500115,1.31369,2.75827,0.507083,1.33508,2.74516,0.48418,1.34254,2.74516,0.477587,1.32103,2.75827
838967888,1,0.464701,1.20502,2.5098,0.47116,1.22484,2.49743,0.450104,1.2317,2.49743,0.443995,1.21176,2.5098,0.500594,1.31516,2.7085,0.50753,1.33645,2.69522,0.484627,1.34391,2.69522,0.478066,1.3225,2.7085
838969936,1,0.464701,1.20502,2.70935,0.471276,1.22519,2.69763,0.45022,1.23205,2.69763,0.443995,1.21176,2.70935,0.498665,1.30924,2.91156,0.505726,1.33091,2.89897,0.482823,1.33838,2.89897,0.476138,1.31658,2.91156
838968926,1,0.157888,1.282,2.60821,0.159375,1.30298,2.59617,0.137285,1.30455,2.59617,0.136165,1.28354,2.60821,0.165858,1.39446,2.80869,0.167455,1.417,2.79575,0.143427,1.4187,2.79575,0.142224,1.39614,2.80869
838969438,1,0.157888,1.282,2.65843,0.159382,1.30307,2.64655,0.137291,1.30464,2.64655,0.136165,1.28354,2.65843,0.165748,1.39291,2.85978,0.167352,1.41554,2.84702,0.143324,1.41725,2.84702,0.142114,1.39458,2.85978
838968414,1,0.157888,1.282,2.55868,0.159369,1.30289,2.54647,0.137278,1.30445,2.54647,0.136165,1.28354,2.55868,0.165968,1.39601,2.75827,0.167558,1.41845,2.74516,0.14353,1.42015,2.74516,0.142334,1.39769,2.75827
838969950,1,0.157888,1.282,2.70935,0.159388,1.30317,2.69763,0.137298,1.30473,2.69763,0.136165,1.28354,2.70935,0.165637,1.39135,2.91156,0.167248,1.41408,2.89897,0.14322,1.41578,2.89897,0.142003,1.39302,2.91156
838968927,1,0.135765,1.28585,2.60821,0.136886,1.30686,2.59617,0.114755,1.30765,2.59617,0.114001,1.28663,2.60821,0.141717,1.39846,2.80869,0.142921,1.42102,2.79575,0.118848,1.42188,2.79575,0.118039,1.3993,2.80869
838969439,1,0.135765,1.28585,2.65843,0.13689,1.30695,2.64655,0.114758,1.30775,2.64655,0.114001,1.28663,2.65843,0.141661,1.3969,2.85978,0.142868,1.41956,2.84702,0.118795,1.42042,2.84702,0.117983,1.39775,2.85978
838968415,1,0.135765,1.28585,2.55868,0.136883,1.30677,2.54647,0.114751,1.30756,2.54647,0.114001,1.28663,2.55868,0.141772,1.40001,2.75827,0.142973,1.42247,2.74516,0.1189,1.42333,2.74516,0.118094,1.40086,2.75827
838969951,1,0.135765,1.28585,2.70935,0.136893,1.30704,2.69763,0.114761,1.30784,2.69763,0.114001,1.28663,2.70935,0.141605,1.39533,2.91156,0.142816,1.41809,2.89897,0.118743,1.41896,2.89897,0.117927,1.39618,2.91156
838968928,1,0.113555,1.28665,2.60821,0.114308,1.30767,2.59617,0.0921764,1.30846,2.59617,0.0917909,1.28743,2.60821,0.117592,1.39932,2.80869,0.118401,1.4219,2.79575,0.0943279,1.42276,2.79575,0.0939138,1.40017,2.80869
838969440,1,0.113555,1.28665,2.65843,0.114311,1.30776,2.64655,0.0921797,1.30855,2.64655,0.091791,1.28743,2.65843,0.117536,1.39776,2.85978,0.118349,1.42044,2.84702,0.0942755,1.4213,2.84702,0.093858,1.39861,2.85978
838968416,1,0.113555,1.28665,2.55868,0.114305,1.30757,2.54647,0.092173,1.30837,2.54647,0.0917909,1.28743,2.55868,0.117648,1.40087,2.75827,0.118453,1.42335,2.74516,0.0943798,1.42421,2.74516,0.0939694,1.40172,2.75827
838967904,1,0.113555,1.28665,2.5098,0.114301,1.30748,2.49743,0.0921697,1.30827,2.49743,0.0917909,1.28743,2.5098,0.117703,1.40242,2.7085,0.118505,1.42479,2.69522,0.0944316,1.42565,2.69522,0.0940247,1.40327,2.7085
838969952,1,0.113555,1.28665,2.70935,0.114315,1.30785,2.69763,0.092183,1.30865,2.69763,0.0917909,1.28743,2.70935,0.11748,1.3962,2.91156,0.118296,1.41897,2.89897,0.094223,1.41984,2.89897,0.0938019,1.39705,2.91156
838968929,1,0.0913108,1.28972,2.60821,0.0916974,1.31076,2.59617,0.0695516,1.31078,2.59617,0.069533,1.28974,2.60821,0.0933257,1.40247,2.80869,0.093741,1.42506,2.79575,0.0696525,1.42508,2.79575,0.0696324,1.40249,2.80869
838969441,1,0.0913108,1.28972,2.65843,0.0916974,1.31085,2.64655,0.0695517,1.31087,2.64655,0.069533,1.28974,2.65843,0.0933244,1.40091,2.85978,0.0937397,1.4236,2.84702,0.0696511,1.42362,2.84702,0.0696311,1.40093,2.85978
838968417,1,0.0913108,1.28972,2.55868,0.0916973,1.31066,2.54647,0.0695515,1.31068,2.54647,0.069533,1.28974,2.55868,0.0933271,1.40402,2.75827,0.0937422,1.42651,2.74516,0.0696537,1.42653,2.74516,0.0696339,1.40404,2.75827
838969953,1,0.0913107,1.28972,2.70935,0.0916976,1.31094,2.69763,0.0695518,1.31096,2.69763,0.069533,1.28974,2.70935,0.093323,1.39934,2.91156,0.0937384,1.42213,2.89897,0.0696499,1.42215,2.89897,0.0696297,1.39936,2.91156
838968913,1,0.439396,1.21584,2.60821,0.44557,1.23595,2.59617,0.424289,1.24208,2.59617,0.418469,1.22187,2.60821,0.472433,1.32366,2.80869,0.479063,1.34526,2.79575,0.455915,1.35192,2.79575,0.449664,1.33021,2.80869
838969425,1,0.439396,1.21584,2.65843,0.445596,1.23604,2.64655,0.424315,1.24217,2.64655,0.418469,1.22187,2.65843,0.472001,1.32216,2.85978,0.478659,1.34385,2.84702,0.455511,1.35052,2.84702,0.449233,1.32871,2.85978
838968401,1,0.439396,1.21584,2.55868,0.445544,1.23586,2.54647,0.424263,1.24199,2.54647,0.418469,1.22187,2.55868,0.472862,1.32515,2.75827,0.479465,1.34665,2.74516,0.456317,1.35332,2.74516,0.450094,1.3317,2.75827
838967889,1,0.439396,1.21584,2.5098,0.445518,1.23577,2.49743,0.424237,1.2419,2.49743,0.418469,1.22187,2.5098,0.47329,1.32663,2.7085,0.479864,1.34804,2.69522,0.456716,1.3547,2.69522,0.450522,1.33319,2.7085
838969937,1,0.439396,1.21584,2.70935,0.445621,1.23613,2.69763,0.42434,1.24226,2.69763,0.418469,1.22187,2.70935,0.471568,1.32065,2.91156,0.478253,1.34244,2.89897,0.455105,1.34911,2.89897,0.448799,1.32721,2.91156
838968914,1,0.418039,1.22199,2.60821,0.42386,1.2422,2.59617,0.402578,1.24833,2.59617,0.397112,1.22802,2.60821,0.449235,1.33034,2.80869,0.455486,1.35205,2.79575,0.432338,1.35871,2.79575,0.426466,1.33689,2.80869
838969426,1,0.418039,1.22199,2.65843,0.423885,1.24229,2.64655,0.402604,1.24842,2.64655,0.397112,1.22802,2.65843,0.448803,1.32884,2.85978,0.455082,1.35064,2.84702,0.431934,1.35731,2.84702,0.426035,1.33539,2.85978
838968402,1,0.418039,1.22199,2.55868,0.423834,1.24211,2.54647,0.402552,1.24824,2.54647,0.397112,1.22802,2.55868,0.449664,1.33183,2.75827,0.455887,1.35344,2.74516,0.432739,1.36011,2.74516,0.426896,1.33838,2.75827
838967890,1,0.418039,1.22199,2.5098,0.423807,1.24202,2.49743,0.402526,1.24815,2.49743,0.397112,1.22802,2.5098,0.450092,1.33331,2.7085,0.456287,1.35483,2.69522,0.433139,1.36149,2.69522,0.427324,1.33987,2.7085
838969938,1,0.418039,1.22199,2.70935,0.423911,1.24238,2.69763,0.40263,1.24851,2.69763,0.397112,1.22802,2.70935,0.44837,1.32733,2.91156,0.454676,1.34923,2.89897,0.431528,1.3559,2.89897,0.425602,1.33389,2.91156
838968915,1,0.397202,1.23036,2.60821,0.40267,1.25068,2.59617,0.381187,1.25606,2.59617,0.376077,1.23565,2.60821,0.426452,1.33926,2.80869,0.432325,1.36108,2.79575,0.408958,1.36693,2.79575,0.403469,1.34502,2.80869
838969427,1,0.397202,1.23036,2.65843,0.402692,1.25077,2.64655,0.38121,1.25615,2.64655,0.376077,1.23565,2.65843,0.426074,1.33775,2.85978,0.43197,1.35967,2.84702,0.408603,1.36552,2.84702,0.40309,1.34351,2.85978
838968403,1,0.397202,1.23036,2.55868,0.402647,1.25059,2.54647,0.381164,1.25597,2.54647,0.376077,1.23565,2.55868,0.42683,1.34077,2.75827,0.432677,1.36249,2.74516,0.409311,1.36834,2.74516,0.403846,1.34653,2.75827
838967891,1,0.397202,1.23036,2.5098,0.402624,1.25049,2.49743,0.381141,1.25587,2.49743,0.376077,1.23565,2.5098,0.427205,1.34227,2.7085,0.433028,1.36389,2.69522,0.409661,1.36974,2.69522,0.404222,1.34803,2.7085
838969939,1,0.397202,1.23036,2.70935,0.402714,1.25086,2.69763,0.381232,1.25624,2.69763,0.376077,1.23565,2.70935,0.425693,1.33623,2.91156,0.431613,1.35824,2.89897,0.408247,1.3641,2.89897,0.40271,1.34199,2.91156
838968907,1,0.567364,1.16187,2.60821,0.575603,1.18123,2.59617,0.555078,1.18954,2.59617,0.54718,1.17005,2.60821,0.61147,1.26565,2.80869,0.620319,1.28644,2.79575,0.597992,1.29548,2.79575,0.58951,1.27454,2.80869
838969419,1,0.567364,1.16187,2.65843,0.575638,1.18131,2.64655,0.555112,1.18963,2.64655,0.54718,1.17005,2.65843,0.610885,1.2642,2.85978,0.619771,1.28509,2.84702,0.597444,1.29413,2.84702,0.588925,1.2731,2.85978
838968395,1,0.567364,1.16187,2.55868,0.575568,1.18114,2.54647,0.555042,1.18946,2.54647,0.54718,1.17005,2.55868,0.612053,1.26709,2.75827,0.620864,1.28779,2.74516,0.598537,1.29683,2.74516,0.590093,1.27598,2.75827
838967883,1,0.567364,1.16187,2.5098,0.575532,1.18105,2.49743,0.555006,1.18937,2.49743,0.54718,1.17005,2.5098,0.612634,1.26852,2.7085,0.621406,1.28912,2.69522,0.599079,1.29817,2.69522,0.590674,1.27742,2.7085
838969931,1,0.567364,1.16187,2.70935,0.575673,1.1814,2.69763,0.555147,1.18971,2.69763,0.54718,1.17005,2.70935,0.610297,1.26275,2.91156,0.61922,1.28373,2.89897,0.596893,1.29277,2.89897,0.588337,1.27165,2.91156
838968908,1,0.546765,1.17021,2.60821,0.554663,1.18971,2.59617,0.534138,1.19803,2.59617,0.526581,1.17839,2.60821,0.589096,1.27471,2.80869,0.597578,1.29565,2.79575,0.575252,1.3047,2.79575,0.567136,1.28361,2.80869
838969420,1,0.546765,1.17021,2.65843,0.554698,1.1898,2.64655,0.534173,1.19811,2.64655,0.526581,1.17839,2.65843,0.58851,1.27327,2.85978,0.59703,1.2943,2.84702,0.574704,1.30334,2.84702,0.566551,1.28216,2.85978
838968396,1,0.546765,1.17021,2.55868,0.554628,1.18962,2.54647,0.534102,1.19794,2.54647,0.526581,1.17839,2.55868,0.589679,1.27615,2.75827,0.598123,1.297,2.74516,0.575797,1.30604,2.74516,0.567719,1.28505,2.75827
838967884,1,0.546765,1.17021,2.5098,0.554592,1.18954,2.49743,0.534066,1.19785,2.49743,0.526581,1.17839,2.5098,0.590259,1.27758,2.7085,0.598665,1.29833,2.69522,0.576339,1.30738,2.69522,0.568299,1.28648,2.7085
838969932,1,0.546765,1.17021,2.70935,0.554733,1.18988,2.69763,0.534207,1.1982,2.69763,0.526581,1.17839,2.70935,0.587923,1.27182,2.91156,0.596479,1.29294,2.89897,0.574153,1.30198,2.89897,0.565963,1.28071,2.91156
838969449,1,-0.0921215,1.28967,2.65843,-0.0946758,1.31064,2.64655,-0.116609,1.30758,2.64655,-0.113691,1.28666,2.65843,-0.105584,1.40005,2.85978,-0.108327,1.42258,2.84702,-0.132185,1.41925,2.84702,-0.12905,1.39678,2.85978
838967913,1,-0.0921215,1.28967,2.5098,-0.0946368,1.31036,2.49743,-0.11657,1.3073,2.49743,-0.113691,1.28666,2.5098,-0.106228,1.40467,2.7085,-0.108929,1.42689,2.69522,-0.132787,1.42357,2.69522,-0.129694,1.40139,2.7085
838969961,1,-0.0921216,1.28967,2.70935,-0.0946884,1.31073,2.69763,-0.116622,1.30767,2.69763,-0.113691,1.28666,2.70935,-0.105368,1.3985,2.91156,-0.108125,1.42113,2.89897,-0.131982,1.4178,2.89897,-0.128834,1.39523,2.91156
838968938,1,-0.114133,1.2866,2.60821,-0.117039,1.30743,2.59617,-0.138973,1.30437,2.59617,-0.135702,1.28359,2.60821,-0.129708,1.39826,2.80869,-0.132829,1.42064,2.79575,-0.156687,1.41731,2.79575,-0.153175,1.39499,2.80869
838969450,1,-0.114133,1.2866,2.65843,-0.117052,1.30752,2.64655,-0.138985,1.30446,2.64655,-0.135702,1.28359,2.65843,-0.129493,1.39672,2.85978,-0.132628,1.41919,2.84702,-0.156485,1.41586,2.84702,-0.152959,1.39344,2.85978
838969962,1,-0.114133,1.2866,2.70935,-0.117065,1.30761,2.69763,-0.138998,1.30455,2.69763,-0.135702,1.28359,2.70935,-0.129277,1.39517,2.91156,-0.132425,1.41774,2.89897,-0.156283,1.41441,2.89897,-0.152743,1.39189,2.91156
838969451,1,-0.136574,1.28577,2.65843,-0.139859,1.30664,2.64655,-0.161672,1.30282,2.64655,-0.158024,1.28201,2.65843,-0.153883,1.39561,2.85978,-0.157412,1.41803,2.84702,-0.181138,1.41387,2.84702,-0.177221,1.39152,2.85978
838968931,1,0.0467482,1.29204,2.60821,0.0463999,1.31308,2.59617,0.0242669,1.31232,2.59617,0.024983,1.2913,2.60821,0.0448243,1.40479,2.80869,0.0444502,1.42738,2.79575,0.0203756,1.42656,2.79575,0.0211447,1.40398,2.80869
838969443,1,0.0467482,1.29204,2.65843,0.0463967,1.31317,2.64655,0.0242638,1.31241,2.64655,0.024983,1.2913,2.65843,0.0448773,1.40323,2.85978,0.0444999,1.42592,2.84702,0.0204253,1.4251,2.84702,0.0211978,1.40242,2.85978
838968419,1,0.0467482,1.29204,2.55868,0.0464031,1.31298,2.54647,0.0242701,1.31223,2.54647,0.024983,1.2913,2.55868,0.0447714,1.40634,2.75827,0.0444007,1.42883,2.74516,0.0203262,1.42801,2.74516,0.0210918,1.40553,2.75827
838967907,1,0.0467482,1.29204,2.5098,0.0464063,1.31289,2.49743,0.0242733,1.31213,2.49743,0.0249831,1.2913,2.5098,0.0447188,1.40788,2.7085,0.0443516,1.43027,2.69522,0.020277,1.42945,2.69522,0.0210392,1.40708,2.7085
838969955,1,0.0467481,1.29204,2.70935,0.0463937,1.31326,2.69763,0.0242607,1.31251,2.69763,0.024983,1.2913,2.70935,0.0449306,1.40166,2.91156,0.0445499,1.42445,2.89897,0.0204753,1.42363,2.89897,0.021251,1.40086,2.91156
838968932,1,0.0245363,1.29128,2.60821,0.0238202,1.31231,2.59617,0.00168723,1.31155,2.59617,0.00277113,1.29054,2.60821,0.020698,1.40396,2.80869,0.0199289,1.42654,2.79575,-0.00414568,1.42572,2.79575,-0.0029816,1.40316,2.80869
838969444,1,0.0245363,1.29128,2.65843,0.023817,1.3124,2.64655,0.00168407,1.31165,2.64655,0.00277113,1.29054,2.65843,0.0207511,1.40241,2.85978,0.0199786,1.42508,2.84702,-0.00409598,1.42426,2.84702,-0.00292851,1.4016,2.85978
838968420,1,0.0245363,1.29128,2.55868,0.0238234,1.31221,2.54647,0.00169041,1.31146,2.54647,0.00277115,1.29054,2.55868,0.0206451,1.40552,2.75827,0.0198794,1.42799,2.74516,-0.00419513,1.42717,2.74516,-0.00303444,1.40471,2.75827
838969956,1,0.0245363,1.29128,2.70935,0.023814,1.31249,2.69763,0.00168101,1.31174,2.69763,0.00277107,1.29054,2.70935,0.0208043,1.40084,2.91156,0.0200286,1.42362,2.89897,-0.00404596,1.4228,2.89897,-0.00287525,1.40003,2.91156
838966874,1,0.245934,1.26808,2.41441,0.2488,1.28832,2.40181,0.226884,1.29142,2.40181,0.224371,1.27113,2.41441,0.262618,1.38594,2.61122,0.265714,1.40782,2.5976,0.241739,1.41121,2.5976,0.239024,1.38928,2.61122
838967386,1,0.245934,1.26808,2.46155,0.248814,1.28842,2.44911,0.226899,1.29153,2.44911,0.224371,1.27113,2.46154,0.262386,1.3843,2.65934,0.265498,1.40629,2.64591,0.241523,1.40968,2.64591,0.238792,1.38764,2.65934
838966362,1,0.245934,1.26808,2.36792,0.248785,1.28821,2.35515,0.226869,1.29132,2.35515,0.224371,1.27113,2.36792,0.262848,1.38757,2.56372,0.265929,1.40933,2.54992,0.241954,1.41273,2.54992,0.239255,1.39091,2.56372
838965850,1,0.245934,1.26808,2.32205,0.24877,1.28811,2.30911,0.226854,1.29121,2.30911,0.224371,1.27113,2.32205,0.263078,1.38919,2.51684,0.266142,1.41084,2.50285,0.242167,1.41423,2.50285,0.239484,1.39253,2.51684
838967898,1,0.245933,1.26808,2.5098,0.248855,1.28872,2.49743,0.226928,1.29182,2.49743,0.22437,1.27113,2.5098,0.262169,1.38278,2.7085,0.265307,1.40495,2.69522,0.241456,1.40832,2.69522,0.23871,1.3861,2.7085
838966875,1,0.224132,1.27346,2.41441,0.226643,1.29376,2.40181,0.204633,1.29609,2.40181,0.202476,1.27576,2.41441,0.238729,1.39162,2.61122,0.241442,1.41355,2.5976,0.217363,1.41611,2.5976,0.215033,1.39414,2.61122
838967387,1,0.224132,1.27346,2.46154,0.226654,1.29386,2.44911,0.204644,1.2962,2.44911,0.202476,1.27576,2.46154,0.238554,1.38998,2.65934,0.24128,1.41202,2.64591,0.217201,1.41457,2.64591,0.214858,1.39249,2.65934
838966363,1,0.224132,1.27346,2.36792,0.226632,1.29365,2.35515,0.204621,1.29599,2.35515,0.202476,1.27576,2.36792,0.238902,1.39326,2.56372,0.241604,1.41508,2.54992,0.217525,1.41763,2.54992,0.215206,1.39577,2.56372
838965851,1,0.224132,1.27346,2.32205,0.226621,1.29354,2.30911,0.20461,1.29588,2.30911,0.202476,1.27576,2.32205,0.239075,1.39489,2.51684,0.241764,1.41659,2.50285,0.217685,1.41914,2.50285,0.215379,1.3974,2.51684
838967899,1,0.224133,1.27346,2.5098,0.226698,1.29415,2.49743,0.204676,1.29649,2.49743,0.202477,1.27576,2.5098,0.238258,1.38846,2.7085,0.241012,1.41068,2.69522,0.217058,1.41322,2.69522,0.214697,1.39096,2.7085
838966876,1,0.202033,1.27581,2.41441,0.20419,1.29614,2.40181,0.182179,1.29847,2.40181,0.180377,1.2781,2.41441,0.21459,1.39418,2.61122,0.216921,1.41615,2.5976,0.192842,1.41871,2.5976,0.190894,1.3967,2.61122
838967388,1,0.202033,1.27581,2.46155,0.204201,1.29624,2.44911,0.18219,1.29858,2.44911,0.180377,1.2781,2.46154,0.214415,1.39254,2.65934,0.216758,1.41462,2.64591,0.192679,1.41717,2.64591,0.19072,1.39505,2.65934
838966364,1,0.202033,1.27581,2.36792,0.204179,1.29603,2.35515,0.182168,1.29837,2.35515,0.180377,1.2781,2.36792,0.214764,1.39582,2.56372,0.217082,1.41768,2.54992,0.193004,1.42023,2.54992,0.191068,1.39833,2.56372
838965852,1,0.202033,1.27581,2.32205,0.204167,1.29592,2.30911,0.182157,1.29826,2.30911,0.180377,1.2781,2.32205,0.214937,1.39745,2.51684,0.217243,1.41919,2.50285,0.193164,1.42174,2.50285,0.191241,1.39996,2.51684
838967900,1,0.202032,1.27581,2.5098,0.204231,1.29654,2.49743,0.182209,1.29887,2.49743,0.180376,1.2781,2.5098,0.214252,1.39101,2.7085,0.216614,1.41327,2.69522,0.19266,1.41581,2.69522,0.190691,1.3935,2.7085
838966877,1,0.180056,1.28043,2.41441,0.181857,1.3008,2.40181,0.159778,1.30236,2.40181,0.158333,1.28197,2.41441,0.190517,1.39903,2.61122,0.192463,1.42104,2.5976,0.16831,1.42275,2.5976,0.166748,1.40071,2.61122
838967389,1,0.180056,1.28043,2.46154,0.181865,1.3009,2.44911,0.159786,1.30247,2.44911,0.158333,1.28197,2.46154,0.1904,1.39737,2.65934,0.192354,1.4195,2.64591,0.168201,1.42121,2.64591,0.166631,1.39906,2.65934
838966365,1,0.180056,1.28043,2.36792,0.18185,1.30069,2.35515,0.159771,1.30226,2.35515,0.158333,1.28197,2.36792,0.190634,1.40067,2.56372,0.192571,1.42257,2.54992,0.168418,1.42428,2.54992,0.166864,1.40235,2.56372
838965853,1,0.180056,1.28043,2.32205,0.181842,1.30058,2.30911,0.159763,1.30215,2.30911,0.158333,1.28197,2.32205,0.190749,1.4023,2.51684,0.192679,1.42408,2.50285,0.168526,1.42579,2.50285,0.16698,1.40399,2.51684
838967901,1,0.180057,1.28043,2.5098,0.181898,1.3012,2.49743,0.159808,1.30276,2.49743,0.158334,1.28197,2.5098,0.190157,1.39585,2.7085,0.192134,1.41815,2.69522,0.168106,1.41986,2.69522,0.166523,1.39752,2.7085
838966870,1,0.332792,1.24804,2.41441,0.337064,1.26803,2.40181,0.315419,1.27266,2.40181,0.311495,1.25259,2.41441,0.357663,1.36445,2.61122,0.36228,1.38606,2.5976,0.3386,1.39112,2.5976,0.33436,1.36943,2.61122
838967382,1,0.332792,1.24804,2.46154,0.337086,1.26814,2.44911,0.31544,1.27276,2.44911,0.311495,1.25259,2.46154,0.357317,1.36283,2.65934,0.361957,1.38455,2.64591,0.338278,1.38961,2.64591,0.334015,1.36781,2.65934
838966358,1,0.332792,1.24804,2.36792,0.337042,1.26793,2.35515,0.315396,1.27256,2.35515,0.311495,1.25259,2.36792,0.358007,1.36606,2.56372,0.3626,1.38756,2.54992,0.33892,1.39262,2.54992,0.334704,1.37104,2.56372
838965846,1,0.332792,1.24804,2.32205,0.337019,1.26783,2.30911,0.315374,1.27245,2.30911,0.311495,1.25259,2.32205,0.35835,1.36767,2.51684,0.362917,1.38905,2.50285,0.339238,1.39411,2.50285,0.335047,1.37264,2.51684
838967894,1,0.332792,1.24804,2.5098,0.337147,1.26843,2.49743,0.31549,1.27305,2.49743,0.311494,1.25259,2.5098,0.356995,1.36133,2.7085,0.361673,1.38322,2.69522,0.338116,1.38826,2.69522,0.333825,1.36628,2.7085
838966871,1,0.31142,1.25494,2.41441,0.315341,1.275,2.40181,0.293547,1.27887,2.40181,0.289977,1.25874,2.41441,0.334229,1.37179,2.61122,0.338467,1.39348,2.5976,0.314625,1.3977,2.5976,0.310766,1.37595,2.61122
838967383,1,0.31142,1.25494,2.46154,0.31536,1.27511,2.44911,0.293566,1.27897,2.44911,0.289977,1.25874,2.46154,0.33394,1.37016,2.65934,0.338198,1.39196,2.64591,0.314356,1.39619,2.64591,0.310477,1.37432,2.65934
838966359,1,0.31142,1.25494,2.36792,0.315323,1.2749,2.35515,0.293529,1.27877,2.35515,0.289977,1.25874,2.36792,0.334517,1.37341,2.56372,0.338734,1.39498,2.54992,0.314893,1.39921,2.54992,0.311054,1.37757,2.56372
838965847,1,0.31142,1.25494,2.32205,0.315304,1.27479,2.30911,0.29351,1.27866,2.30911,0.289977,1.25874,2.32205,0.334803,1.37502,2.51684,0.339,1.39648,2.50285,0.315159,1.40071,2.50285,0.31134,1.37918,2.51684
838967895,1,0.311421,1.25494,2.5098,0.315424,1.2754,2.49743,0.293618,1.27926,2.49743,0.289977,1.25874,2.5098,0.333539,1.36867,2.7085,0.337838,1.39064,2.69522,0.314119,1.39485,2.69522,0.310209,1.3728,2.7085
838966872,1,0.289538,1.25882,2.41441,0.293109,1.27895,2.40181,0.271315,1.28281,2.40181,0.268095,1.26262,2.41441,0.310328,1.37603,2.61122,0.314187,1.39778,2.5976,0.290345,1.40201,2.5976,0.286866,1.38019,2.61122
838967384,1,0.289538,1.25882,2.46154,0.293127,1.27905,2.44911,0.271334,1.28292,2.44911,0.268095,1.26262,2.46154,0.310039,1.3744,2.65934,0.313918,1.39626,2.64591,0.290076,1.40049,2.64591,0.286576,1.37856,2.65934
838966360,1,0.289538,1.25882,2.36792,0.29309,1.27884,2.35515,0.271297,1.28271,2.35515,0.268095,1.26262,2.36792,0.310616,1.37765,2.56372,0.314454,1.39929,2.54992,0.290613,1.40352,2.54992,0.287153,1.38181,2.56372
838965848,1,0.289538,1.25882,2.32205,0.293072,1.27874,2.30911,0.271278,1.2826,2.30911,0.268095,1.26262,2.32205,0.310902,1.37926,2.51684,0.31472,1.40079,2.50285,0.290878,1.40502,2.50285,0.287439,1.38342,2.51684
838967896,1,0.289537,1.25882,2.5098,0.293178,1.27934,2.49743,0.271373,1.28321,2.49743,0.268094,1.26262,2.5098,0.309769,1.37288,2.7085,0.313679,1.39493,2.69522,0.289961,1.39913,2.69522,0.28644,1.37702,2.7085
838966873,1,0.267938,1.26496,2.41441,0.271156,1.28516,2.40181,0.24924,1.28826,2.40181,0.246375,1.26801,2.41441,0.286652,1.38254,2.61122,0.29013,1.40436,2.5976,0.266155,1.40776,2.5976,0.263058,1.38588,2.61122
838967385,1,0.267938,1.26496,2.46154,0.271171,1.28526,2.44911,0.249255,1.28836,2.44911,0.246375,1.26801,2.46154,0.28642,1.3809,2.65934,0.289914,1.40284,2.64591,0.265939,1.40623,2.64591,0.262826,1.38424,2.65934
838966361,1,0.267938,1.26496,2.36792,0.271141,1.28505,2.35515,0.249226,1.28815,2.35515,0.246375,1.26801,2.36792,0.286883,1.38417,2.56372,0.290345,1.40588,2.54992,0.26637,1.40927,2.54992,0.263289,1.38751,2.56372
838965849,1,0.267938,1.26496,2.32205,0.271126,1.28494,2.30911,0.24921,1.28805,2.30911,0.246375,1.26801,2.32205,0.287112,1.38579,2.51684,0.290558,1.40738,2.50285,0.266583,1.41078,2.50285,0.263519,1.38913,2.51684
838967897,1,0.267939,1.26496,2.5098,0.271225,1.28555,2.49743,0.249298,1.28865,2.49743,0.246376,1.26801,2.5098,0.286071,1.37939,2.7085,0.2896,1.40151,2.69522,0.265749,1.40488,2.69522,0.262612,1.38272,2.7085
838966878,1,0.157889,1.282,2.41441,0.159334,1.30239,2.40181,0.137256,1.30396,2.40181,0.136166,1.28354,2.41441,0.166304,1.40074,2.61122,0.167866,1.42278,2.5976,0.143713,1.42449,2.5976,0.142535,1.40243,2.61122
838967390,1,0.157889,1.282,2.46154,0.159342,1.3025,2.44911,0.137263,1.30406,2.44911,0.136166,1.28354,2.46154,0.166187,1.39909,2.65934,0.167757,1.42124,2.64591,0.143604,1.42295,2.64591,0.142418,1.40077,2.65934
838966366,1,0.157889,1.282,2.36792,0.159327,1.30229,2.35515,0.137248,1.30385,2.35515,0.136166,1.28354,2.36792,0.16642,1.40238,2.56372,0.167974,1.42431,2.54992,0.143821,1.42602,2.54992,0.142651,1.40407,2.56372
838965854,1,0.157889,1.282,2.32205,0.159319,1.30218,2.30911,0.137241,1.30374,2.30911,0.136166,1.28354,2.32205,0.166536,1.40402,2.51684,0.168082,1.42583,2.50285,0.143928,1.42754,2.50285,0.142767,1.4057,2.51684
838967902,1,0.157888,1.282,2.5098,0.159362,1.30279,2.49743,0.137271,1.30436,2.49743,0.136165,1.28354,2.5098,0.166077,1.39755,2.7085,0.16766,1.41989,2.69522,0.143632,1.42159,2.69522,0.142443,1.39923,2.7085
838966879,1,0.135764,1.28585,2.41441,0.136853,1.30627,2.40181,0.114733,1.30706,2.40181,0.114001,1.28663,2.41441,0.142077,1.40474,2.61122,0.143253,1.42681,2.5976,0.119054,1.42767,2.5976,0.118263,1.40559,2.61122
838967391,1,0.135764,1.28585,2.46154,0.136856,1.30637,2.44911,0.114736,1.30717,2.44911,0.114001,1.28663,2.46154,0.142017,1.40309,2.65934,0.143197,1.42527,2.64591,0.118999,1.42613,2.64591,0.118204,1.40394,2.65934
838966367,1,0.135764,1.28585,2.36792,0.136849,1.30616,2.35515,0.114729,1.30696,2.35515,0.114001,1.28663,2.36792,0.142136,1.40639,2.56372,0.143307,1.42834,2.54992,0.119109,1.42921,2.54992,0.118322,1.40724,2.56372
838965855,1,0.135764,1.28585,2.32205,0.136845,1.30606,2.30911,0.114725,1.30685,2.30911,0.114001,1.28663,2.32205,0.142194,1.40802,2.51684,0.143362,1.42986,2.50285,0.119164,1.43073,2.50285,0.118381,1.40888,2.51684
838967903,1,0.135765,1.28585,2.5098,0.13688,1.30667,2.49743,0.114748,1.30746,2.49743,0.114001,1.28663,2.5098,0.141828,1.40155,2.7085,0.143024,1.42391,2.69522,0.118951,1.42478,2.69522,0.11815,1.4024,2.7085
838966881,1,0.0913099,1.28972,2.41441,0.0916842,1.31017,2.40181,0.0695501,1.31019,2.40181,0.0695321,1.28974,2.41441,0.0934659,1.40876,2.61122,0.0938704,1.43085,2.5976,0.0696566,1.43088,2.5976,0.0696371,1.40878,2.61122
838967393,1,0.0913099,1.28972,2.46154,0.0916844,1.31027,2.44911,0.0695503,1.31029,2.44911,0.0695321,1.28974,2.46154,0.0934644,1.40711,2.65934,0.0938691,1.42931,2.64591,0.0696553,1.42933,2.64591,0.0696356,1.40713,2.65934
838966369,1,0.0913099,1.28972,2.36792,0.0916842,1.31006,2.35515,0.0695501,1.31008,2.35515,0.0695321,1.28974,2.36792,0.0934673,1.41041,2.56372,0.0938718,1.43239,2.54992,0.069658,1.43241,2.54992,0.0696386,1.41043,2.56372
838965857,1,0.0913099,1.28972,2.32205,0.0916841,1.30995,2.30911,0.06955,1.30997,2.30911,0.0695321,1.28974,2.32205,0.0934688,1.41205,2.51684,0.0938732,1.43391,2.50285,0.0696594,1.43393,2.50285,0.06964,1.41207,2.51684
838967905,1,0.0913108,1.28972,2.5098,0.0916972,1.31057,2.49743,0.0695514,1.31059,2.49743,0.069533,1.28974,2.5098,0.0933285,1.40557,2.7085,0.0937435,1.42795,2.69522,0.069655,1.42798,2.69522,0.0696352,1.40559,2.7085
838966882,1,0.069087,1.28974,2.41441,0.069105,1.31019,2.40181,0.0469709,1.31021,2.40181,0.0473092,1.28976,2.41441,0.069192,1.40878,2.61122,0.0692115,1.43088,2.5976,0.0449976,1.4309,2.5976,0.0453632,1.4088,2.61122
838967394,1,0.0690869,1.28974,2.46154,0.0691051,1.31029,2.44911,0.046971,1.31031,2.44911,0.0473092,1.28976,2.46154,0.0691905,1.40713,2.65934,0.0692101,1.42934,2.64591,0.0449963,1.42936,2.64591,0.0453617,1.40715,2.65934
838966370,1,0.069087,1.28974,2.36792,0.0691049,1.31008,2.35515,0.0469708,1.3101,2.35515,0.0473092,1.28976,2.36792,0.0691935,1.41043,2.56372,0.0692128,1.43241,2.54992,0.044999,1.43243,2.54992,0.0453647,1.41045,2.56372
838965858,1,0.069087,1.28974,2.32205,0.0691048,1.30997,2.30911,0.0469707,1.30999,2.30911,0.0473092,1.28976,2.32205,0.0691949,1.41207,2.51684,0.0692142,1.43393,2.50285,0.0450003,1.43395,2.50285,0.0453661,1.41209,2.51684
838967906,1,0.069086,1.28974,2.5098,0.0691045,1.31059,2.49743,0.0469587,1.31061,2.49743,0.0473082,1.28976,2.5098,0.0691882,1.40559,2.7085,0.0692081,1.42798,2.69522,0.0451196,1.428,2.69522,0.0454949,1.40561,2.7085
838966884,1,0.0245372,1.29128,2.41441,0.0238412,1.31172,2.40181,0.00171992,1.31096,2.40181,0.00277206,1.29054,2.41441,0.0204847,1.41025,2.61122,0.0197325,1.43234,2.5976,-0.00446734,1.43151,2.5976,-0.00333033,1.40944,2.61122
838967396,1,0.0245372,1.29128,2.46155,0.0238377,1.31182,2.44911,0.00171642,1.31107,2.44911,0.00277199,1.29054,2.46154,0.0205409,1.4086,2.65934,0.019785,1.43079,2.64591,-0.00441477,1.42997,2.64591,-0.00327407,1.40779,2.65934
838966372,1,0.0245372,1.29128,2.36792,0.0238449,1.31161,2.35515,0.00172359,1.31086,2.35515,0.00277201,1.29054,2.36792,0.0204285,1.4119,2.56372,0.0196804,1.43387,2.54992,-0.00451943,1.43304,2.54992,-0.00338644,1.41109,2.56372
838965860,1,0.0245372,1.29128,2.32205,0.0238485,1.3115,2.30911,0.00172724,1.31075,2.30911,0.00277205,1.29054,2.32205,0.0203728,1.41354,2.51684,0.0196285,1.43539,2.50285,-0.00457127,1.43456,2.50285,-0.00344218,1.41273,2.51684
838967908,1,0.0245363,1.29128,2.5098,0.0238266,1.31212,2.49743,0.00169365,1.31136,2.49743,0.00277117,1.29054,2.5098,0.0205925,1.40706,2.7085,0.0198303,1.42944,2.69522,-0.00424427,1.42862,2.69522,-0.00308705,1.40625,2.7085
838966373,1,-0.00294552,1.2928,2.36792,-0.0039866,1.31311,2.35515,-0.0260685,1.3116,2.35515,-0.0246719,1.2913,2.36792,-0.00918659,1.41334,2.56372,-0.0103117,1.4353,2.54992,-0.0344683,1.43363,2.54992,-0.0329592,1.41171,2.56372
838965861,1,-0.00294552,1.2928,2.32205,-0.00397919,1.31301,2.30911,-0.026061,1.31149,2.30911,-0.0246719,1.2913,2.32205,-0.00929909,1.41498,2.51684,-0.0104161,1.43681,2.50285,-0.0345728,1.43515,2.50285,-0.0330716,1.41334,2.51684
838966868,1,0.375644,1.23576,2.41441,0.380611,1.25559,2.40181,0.35914,1.26097,2.40181,0.354519,1.24105,2.41441,0.404565,1.35123,2.61122,0.409933,1.37267,2.5976,0.386445,1.37855,2.5976,0.381451,1.35702,2.61122
838967380,1,0.375644,1.23576,2.46154,0.380637,1.25569,2.44911,0.359166,1.26107,2.44911,0.354519,1.24105,2.46154,0.404163,1.34963,2.65934,0.409559,1.37117,2.64591,0.38607,1.37705,2.64591,0.381048,1.35542,2.65934
838966356,1,0.375644,1.23576,2.36792,0.380585,1.25549,2.35515,0.359115,1.26087,2.35515,0.354519,1.24105,2.36792,0.404965,1.35283,2.56372,0.410305,1.37415,2.54992,0.386817,1.38003,2.54992,0.381851,1.35862,2.56372
838965844,1,0.375644,1.23576,2.32205,0.380559,1.25538,2.30911,0.359088,1.26076,2.30911,0.354519,1.24105,2.32205,0.405363,1.35442,2.51684,0.410675,1.37563,2.50285,0.387187,1.38151,2.50285,0.382249,1.36021,2.51684
838967892,1,0.375643,1.23576,2.5098,0.380708,1.25598,2.49743,0.359225,1.26136,2.49743,0.354518,1.24105,2.5098,0.403788,1.34813,2.7085,0.409228,1.36985,2.69522,0.385861,1.3757,2.69522,0.380805,1.35389,2.7085
838966869,1,0.354525,1.2434,2.41441,0.359145,1.26332,2.40181,0.337499,1.26794,2.40181,0.333228,1.24795,2.41441,0.381402,1.35938,2.61122,0.386394,1.38091,2.5976,0.362715,1.38597,2.5976,0.358099,1.36436,2.61122
838967381,1,0.354525,1.2434,2.46154,0.359167,1.26342,2.44911,0.337521,1.26804,2.44911,0.333228,1.24795,2.46154,0.381056,1.35776,2.65934,0.386072,1.3794,2.64591,0.362393,1.38446,2.64591,0.357753,1.36274,2.65934
838966357,1,0.354525,1.2434,2.36792,0.359123,1.26321,2.35515,0.337477,1.26784,2.35515,0.333228,1.24795,2.36792,0.381745,1.36099,2.56372,0.386714,1.38241,2.54992,0.363035,1.38747,2.54992,0.358443,1.36597,2.56372
838965845,1,0.354525,1.2434,2.32205,0.3591,1.26311,2.30911,0.337455,1.26773,2.30911,0.333228,1.24795,2.32205,0.382088,1.36259,2.51684,0.387032,1.38389,2.50285,0.363353,1.38895,2.50285,0.358785,1.36757,2.51684
838967893,1,0.354526,1.2434,2.5098,0.359241,1.26371,2.49743,0.337584,1.26833,2.49743,0.333229,1.24795,2.5098,0.380602,1.35629,2.7085,0.385667,1.3781,2.69522,0.36211,1.38313,2.69522,0.357432,1.36124,2.7085
838944008,1,-0.375653,-1.23576,0.824932,-0.378279,-1.24624,0.805196,-0.356968,-1.25158,0.805196,-0.354528,-1.24105,0.824932,-0.424267,-1.42986,0.938397,-0.427291,-1.44193,0.915665,-0.402592,-1.44812,0.915665,-0.399781,-1.43599,0.938397
838944520,1,-0.375653,-1.23576,0.851239,-0.37835,-1.24652,0.831665,-0.357039,-1.25186,0.831665,-0.354528,-1.24105,0.851239,-0.423853,-1.4282,0.967656,-0.426959,-1.4406,0.945111,-0.402259,-1.44679,0.945111,-0.399367,-1.43434,0.967656
838943496,1,-0.375653,-1.23576,0.798841,-0.378208,-1.24596,0.778947,-0.356897,-1.25129,0.778947,-0.354528,-1.24105,0.798841,-0.42467,-1.43146,0.909329,-0.427612,-1.44321,0.886415,-0.402913,-1.4494,0.886415,-0.400184,-1.4376,0.909329
838942984,1,-0.375653,-1.23576,0.772956,-0.378136,-1.24567,0.752908,-0.356825,-1.25101,0.752908,-0.354528,-1.24105,0.772956,-0.425062,-1.43303,0.880443,-0.427922,-1.44445,0.857352,-0.403222,-1.45063,0.857352,-0.400576,-1.43916,0.880443
838944009,1,-0.354516,-1.2434,0.824932,-0.35696,-1.25393,0.805196,-0.335476,-1.25852,0.805196,-0.333218,-1.24795,0.824932,-0.399709,-1.43835,0.938397,-0.402525,-1.45048,0.915665,-0.377624,-1.4558,0.915665,-0.375024,-1.44363,0.938397
838944521,1,-0.354516,-1.2434,0.851239,-0.357021,-1.25421,0.831665,-0.335537,-1.2588,0.831665,-0.333218,-1.24795,0.851239,-0.399353,-1.43669,0.967656,-0.402239,-1.44914,0.945111,-0.377339,-1.45446,0.945111,-0.374668,-1.44196,0.967656
838943497,1,-0.354516,-1.2434,0.798841,-0.356899,-1.25364,0.778947,-0.335415,-1.25823,0.778947,-0.333218,-1.24795,0.798841,-0.400056,-1.43998,0.909329,-0.402801,-1.45177,0.886414,-0.3779,-1.45709,0.886414,-0.37537,-1.44525,0.909329
838942985,1,-0.354516,-1.2434,0.772956,-0.356837,-1.25335,0.752908,-0.335353,-1.25794,0.752908,-0.333218,-1.24795,0.772956,-0.400393,-1.44155,0.880443,-0.403067,-1.45302,0.857352,-0.378166,-1.45834,0.857352,-0.375708,-1.44683,0.880443
838944010,1,-0.332802,-1.24804,0.824932,-0.33506,-1.25861,0.805196,-0.313576,-1.2632,0.805196,-0.311505,-1.25259,0.824932,-0.374607,-1.44372,0.938397,-0.377208,-1.45589,0.915665,-0.352307,-1.46121,0.915665,-0.349921,-1.44899,0.938397
838944522,1,-0.332802,-1.24804,0.851239,-0.335121,-1.25889,0.831665,-0.313637,-1.26348,0.831665,-0.311505,-1.25259,0.851239,-0.374251,-1.44205,0.967656,-0.376922,-1.45455,0.94511,-0.352021,-1.45987,0.94511,-0.349566,-1.44732,0.967656
838943498,1,-0.332802,-1.24804,0.798841,-0.334999,-1.25832,0.778947,-0.313515,-1.26291,0.778947,-0.311505,-1.25259,0.798841,-0.374954,-1.44534,0.909329,-0.377484,-1.45718,0.886415,-0.352583,-1.4625,0.886414,-0.350268,-1.45061,0.909329
838942986,1,-0.332802,-1.24804,0.772956,-0.334937,-1.25803,0.752908,-0.313453,-1.26262,0.752908,-0.311505,-1.25259,0.772956,-0.375291,-1.44692,0.880443,-0.37775,-1.45843,0.857352,-0.352849,-1.46375,0.857352,-0.350605,-1.45219,0.880443
838944011,1,-0.31141,-1.25494,0.824932,-0.313486,-1.26555,0.805196,-0.291855,-1.26938,0.805196,-0.289967,-1.25874,0.824932,-0.349767,-1.45135,0.938397,-0.352158,-1.46357,0.915665,-0.327087,-1.46802,0.915665,-0.324913,-1.45576,0.938397
838944523,1,-0.31141,-1.25494,0.851239,-0.313537,-1.26583,0.831665,-0.291905,-1.26967,0.831665,-0.289967,-1.25874,0.851239,-0.34947,-1.44967,0.967656,-0.351919,-1.46222,0.945111,-0.326848,-1.46667,0.945111,-0.324615,-1.45408,0.967656
838943499,1,-0.31141,-1.25494,0.798841,-0.313435,-1.26526,0.778947,-0.291803,-1.26909,0.778947,-0.289967,-1.25874,0.798841,-0.350057,-1.45298,0.909329,-0.352389,-1.46487,0.886414,-0.327317,-1.46932,0.886414,-0.325202,-1.45739,0.909329
838942987,1,-0.31141,-1.25494,0.772956,-0.313383,-1.26496,0.752908,-0.291752,-1.2688,0.752908,-0.289967,-1.25874,0.772956,-0.350339,-1.45457,0.880443,-0.352611,-1.46612,0.857352,-0.32754,-1.47057,0.857352,-0.325484,-1.45898,0.880443
838945035,1,-0.311411,-1.25494,0.877931,-0.313624,-1.26617,0.858414,-0.291968,-1.27002,0.858414,-0.289968,-1.25874,0.877931,-0.34903,-1.44806,0.997136,-0.351562,-1.46091,0.974812,-0.326613,-1.46534,0.974811,-0.324325,-1.45244,0.997136
838944012,1,-0.289548,-1.25881,0.824932,-0.291435,-1.26946,0.805196,-0.269804,-1.27329,0.805196,-0.268105,-1.26262,0.824932,-0.324493,-1.45583,0.938397,-0.326667,-1.46809,0.915665,-0.301596,-1.47254,0.915665,-0.299639,-1.46024,0.938397
838944524,1,-0.289548,-1.25882,0.851239,-0.291486,-1.26974,0.831665,-0.269855,-1.27358,0.831665,-0.268105,-1.26262,0.851239,-0.324196,-1.45416,0.967656,-0.326428,-1.46674,0.945111,-0.301357,-1.47119,0.945111,-0.299341,-1.45857,0.967656
838943500,1,-0.289548,-1.25881,0.798841,-0.291384,-1.26917,0.778947,-0.269753,-1.273,0.778947,-0.268105,-1.26262,0.798841,-0.324783,-1.45747,0.909329,-0.326898,-1.46939,0.886415,-0.301827,-1.47384,0.886414,-0.299928,-1.46188,0.909329
838942988,1,-0.289548,-1.25881,0.772956,-0.291332,-1.26888,0.752908,-0.269701,-1.27271,0.752908,-0.268105,-1.26262,0.772956,-0.325065,-1.45906,0.880443,-0.32712,-1.47064,0.857352,-0.302049,-1.47509,0.857352,-0.30021,-1.46347,0.880443
838944013,1,-0.267928,-1.26496,0.824932,-0.269632,-1.27564,0.805196,-0.24788,-1.27872,0.805196,-0.246365,-1.26801,0.824932,-0.299402,-1.4626,0.938397,-0.301365,-1.47489,0.915665,-0.276153,-1.47846,0.915665,-0.274409,-1.46613,0.938397
838944525,1,-0.267928,-1.26496,0.851239,-0.269673,-1.27592,0.831665,-0.247921,-1.279,0.831665,-0.246365,-1.26801,0.851239,-0.299163,-1.46091,0.967656,-0.301173,-1.47354,0.945111,-0.275962,-1.4771,0.945111,-0.27417,-1.46445,0.967656
838943501,1,-0.267928,-1.26496,0.798841,-0.269591,-1.27535,0.778947,-0.247839,-1.27842,0.778947,-0.246365,-1.26801,0.798841,-0.299635,-1.46424,0.909329,-0.30155,-1.4762,0.886414,-0.276338,-1.47977,0.886414,-0.274641,-1.46778,0.909329
838942989,1,-0.267928,-1.26496,0.772956,-0.269549,-1.27505,0.752908,-0.247797,-1.27813,0.752908,-0.246365,-1.26801,0.772956,-0.299861,-1.46584,0.880443,-0.301728,-1.47746,0.857352,-0.276517,-1.48103,0.857352,-0.274867,-1.46937,0.880443
838944014,1,-0.245944,-1.26807,0.824932,-0.247458,-1.27878,0.805196,-0.225706,-1.28185,0.805196,-0.224381,-1.27113,0.824932,-0.273987,-1.46619,0.938397,-0.275731,-1.47852,0.915665,-0.25052,-1.48209,0.915665,-0.248993,-1.46973,0.938397
838944526,1,-0.245944,-1.26807,0.851239,-0.247499,-1.27906,0.831665,-0.225747,-1.28214,0.831665,-0.224381,-1.27113,0.851239,-0.273748,-1.46451,0.967656,-0.27554,-1.47716,0.945111,-0.250328,-1.48073,0.945111,-0.248755,-1.46804,0.967656
838943502,1,-0.245944,-1.26807,0.798841,-0.247417,-1.27848,0.778947,-0.225665,-1.28156,0.778947,-0.224381,-1.27113,0.798841,-0.274219,-1.46784,0.909329,-0.275917,-1.47983,0.886414,-0.250705,-1.48339,0.886414,-0.249226,-1.47137,0.909329
838942990,1,-0.245944,-1.26807,0.772956,-0.247376,-1.27819,0.752908,-0.225624,-1.28127,0.752908,-0.224381,-1.27113,0.772956,-0.274446,-1.46943,0.880443,-0.276095,-1.48109,0.857352,-0.250884,-1.48466,0.857352,-0.249452,-1.47297,0.880443
838944018,1,-0.157899,-1.282,0.824932,-0.158663,-1.29278,0.805196,-0.136749,-1.29433,0.805196,-0.136175,-1.28354,0.824932,-0.172043,-1.48159,0.938397,-0.172923,-1.49401,0.915665,-0.147524,-1.49581,0.915665,-0.146864,-1.48338,0.938397
838944530,1,-0.157899,-1.282,0.851239,-0.158683,-1.29307,0.831665,-0.136769,-1.29462,0.831665,-0.136175,-1.28354,0.851239,-0.171923,-1.47989,0.967656,-0.172826,-1.49264,0.945111,-0.147427,-1.49444,0.945111,-0.146743,-1.48168,0.967656
838943506,1,-0.157899,-1.282,0.798841,-0.158642,-1.29249,0.778947,-0.136728,-1.29404,0.778947,-0.136175,-1.28354,0.798841,-0.17216,-1.48325,0.909329,-0.173016,-1.49533,0.886414,-0.147617,-1.49713,0.886414,-0.146981,-1.48503,0.909329
838942994,1,-0.157899,-1.282,0.772956,-0.158621,-1.29219,0.752908,-0.136707,-1.29374,0.752908,-0.136175,-1.28354,0.772956,-0.172275,-1.48486,0.880443,-0.173106,-1.4966,0.857352,-0.147708,-1.4984,0.857352,-0.147095,-1.48664,0.880443
838944019,1,-0.135755,-1.28585,0.824932,-0.136333,-1.29664,0.805196,-0.114378,-1.29743,0.805196,-0.113991,-1.28663,0.824932,-0.146382,-1.48569,0.938397,-0.147048,-1.49812,0.915665,-0.121601,-1.49904,0.915665,-0.121156,-1.4866,0.938397
838944531,1,-0.135755,-1.28585,0.851239,-0.136343,-1.29694,0.831665,-0.114388,-1.29772,0.831665,-0.113991,-1.28663,0.851239,-0.146321,-1.48399,0.967656,-0.146999,-1.49676,0.945111,-0.121552,-1.49767,0.945111,-0.121095,-1.48489,0.967656
838943507,1,-0.135755,-1.28585,0.798841,-0.136322,-1.29635,0.778947,-0.114367,-1.29714,0.778947,-0.113991,-1.28663,0.798841,-0.146442,-1.48735,0.909329,-0.147095,-1.49944,0.886415,-0.121649,-1.50036,0.886414,-0.121215,-1.48825,0.909329
838942995,1,-0.135755,-1.28585,0.772956,-0.136312,-1.29606,0.752908,-0.114357,-1.29684,0.752908,-0.113991,-1.28663,0.772956,-0.1465,-1.48896,0.880443,-0.147141,-1.50072,0.857352,-0.121694,-1.50163,0.857352,-0.121273,-1.48987,0.880443
838944020,1,-0.113565,-1.28665,0.824932,-0.113952,-1.29745,0.805196,-0.0919976,-1.29823,0.805196,-0.0918014,-1.28743,0.824932,-0.12073,-1.48661,0.938397,-0.121176,-1.49905,0.915665,-0.0957295,-1.49996,0.915665,-0.0955036,-1.48751,0.938397
838944532,1,-0.113565,-1.28665,0.851239,-0.113963,-1.29774,0.831665,-0.092008,-1.29852,0.831665,-0.0918014,-1.28743,0.851239,-0.120669,-1.48491,0.967656,-0.121127,-1.49768,0.945111,-0.0956805,-1.4986,0.945111,-0.0954426,-1.48581,0.967656
838943508,1,-0.113565,-1.28665,0.798841,-0.113942,-1.29715,0.778947,-0.0919871,-1.29794,0.778947,-0.0918014,-1.28743,0.798841,-0.120789,-1.48827,0.909329,-0.121223,-1.50037,0.886414,-0.0957768,-1.50128,0.886414,-0.095563,-1.48917,0.909329
838942996,1,-0.113565,-1.28665,0.772956,-0.113931,-1.29686,0.752908,-0.0919765,-1.29764,0.752908,-0.0918014,-1.28743,0.772956,-0.120847,-1.48988,0.880443,-0.121269,-1.50164,0.857352,-0.0958224,-1.50256,0.857352,-0.0956208,-1.49079,0.880443
838944021,1,-0.0913003,-1.28972,0.824932,-0.0915008,-1.30053,0.805196,-0.069532,-1.30055,0.805196,-0.0695225,-1.28974,0.824932,-0.0949417,-1.48981,0.938397,-0.0951727,-1.50226,0.915665,-0.06971,-1.50228,0.915665,-0.069699,-1.48983,0.938397
838944533,1,-0.0913002,-1.28972,0.851239,-0.0915011,-1.30082,0.831665,-0.0695323,-1.30084,0.831665,-0.0695225,-1.28974,0.851239,-0.0949402,-1.48811,0.967656,-0.0951715,-1.50089,0.945111,-0.0697088,-1.50092,0.94511,-0.0696975,-1.48813,0.967656
838943509,1,-0.0913002,-1.28972,0.798841,-0.0915006,-1.30024,0.778947,-0.0695318,-1.30026,0.778947,-0.0695225,-1.28974,0.798841,-0.0949431,-1.49147,0.909329,-0.0951739,-1.50358,0.886415,-0.0697112,-1.5036,0.886414,-0.0697005,-1.49149,0.909329
838942997,1,-0.0913003,-1.28972,0.772956,-0.0915003,-1.29994,0.752908,-0.0695315,-1.29996,0.752908,-0.0695225,-1.28974,0.772956,-0.0949446,-1.49309,0.880443,-0.095175,-1.50486,0.857352,-0.0697123,-1.50488,0.857352,-0.0697019,-1.49311,0.880443
838944022,1,-0.0690966,-1.28974,0.824932,-0.0691061,-1.30055,0.805196,-0.0471373,-1.30057,0.805196,-0.0473188,-1.28976,0.824932,-0.0692731,-1.48984,0.938397,-0.0692841,-1.50228,0.915665,-0.0438214,-1.50231,0.915665,-0.0440305,-1.48986,0.938397
838944534,1,-0.0690966,-1.28974,0.851239,-0.0691064,-1.30084,0.831665,-0.0471376,-1.30086,0.831665,-0.0473188,-1.28976,0.851239,-0.0692716,-1.48813,0.967656,-0.0692829,-1.50092,0.945111,-0.0438202,-1.50094,0.945111,-0.0440289,-1.48815,0.967656
838943510,1,-0.0690966,-1.28974,0.798841,-0.0691059,-1.30026,0.778947,-0.0471371,-1.30027,0.778947,-0.0473188,-1.28976,0.798841,-0.0692746,-1.49149,0.909329,-0.0692853,-1.5036,0.886414,-0.0438226,-1.50363,0.886414,-0.0440319,-1.49152,0.909329
838942998,1,-0.0690966,-1.28974,0.772956,-0.0691056,-1.29996,0.752908,-0.0471368,-1.29998,0.752908,-0.0473188,-1.28976,0.772956,-0.069276,-1.49311,0.880443,-0.0692864,-1.50488,0.857352,-0.0438237,-1.5049,0.857352,-0.0440333,-1.49313,0.880443
838944015,1,-0.224123,-1.27346,0.824932,-0.225453,-1.28419,0.805196,-0.203606,-1.28651,0.805196,-0.202466,-1.27576,0.824932,-0.248675,-1.47207,0.938397,-0.250207,-1.48443,0.915665,-0.224886,-1.48712,0.915665,-0.223573,-1.47474,0.938397
838944527,1,-0.224123,-1.27346,0.851239,-0.225483,-1.28448,0.831665,-0.203637,-1.2868,0.831665,-0.202466,-1.27576,0.851239,-0.248495,-1.47038,0.967656,-0.250062,-1.48307,0.945111,-0.224742,-1.48576,0.945111,-0.223393,-1.47304,0.967656
838943503,1,-0.224123,-1.27346,0.798841,-0.225422,-1.2839,0.778947,-0.203575,-1.28622,0.778947,-0.202466,-1.27576,0.798841,-0.24885,-1.47372,0.909329,-0.250346,-1.48574,0.886414,-0.225025,-1.48843,0.886414,-0.223748,-1.47639,0.909329
838942991,1,-0.224123,-1.27346,0.772956,-0.22539,-1.2836,0.752908,-0.203544,-1.28592,0.752908,-0.202466,-1.27576,0.772956,-0.24902,-1.47533,0.880443,-0.25048,-1.48701,0.857352,-0.22516,-1.4897,0.857352,-0.223918,-1.47799,0.880443
838944016,1,-0.202043,-1.27581,0.824932,-0.203183,-1.28655,0.805196,-0.181337,-1.28887,0.805196,-0.180387,-1.2781,0.824932,-0.223149,-1.47478,0.938397,-0.224463,-1.48716,0.915665,-0.199142,-1.48985,0.915665,-0.198048,-1.47745,0.938397
838944528,1,-0.202043,-1.27581,0.851239,-0.203214,-1.28684,0.831665,-0.181367,-1.28916,0.831665,-0.180387,-1.2781,0.851239,-0.22297,-1.47309,0.967656,-0.224318,-1.4858,0.945111,-0.198998,-1.48849,0.945111,-0.197868,-1.47575,0.967656
838943504,1,-0.202043,-1.27581,0.798841,-0.203152,-1.28626,0.778947,-0.181306,-1.28858,0.778947,-0.180387,-1.2781,0.798841,-0.223324,-1.47643,0.909329,-0.224602,-1.48847,0.886414,-0.199281,-1.49116,0.886414,-0.198223,-1.4791,0.909329
838942992,1,-0.202043,-1.27581,0.772956,-0.203121,-1.28597,0.752908,-0.181274,-1.28828,0.752908,-0.180387,-1.2781,0.772956,-0.223495,-1.47804,0.880443,-0.224736,-1.48974,0.857352,-0.199416,-1.49243,0.857352,-0.198393,-1.4807,0.880443
838944017,1,-0.180047,-1.28043,0.824932,-0.181001,-1.2912,0.805196,-0.159088,-1.29275,0.805196,-0.158324,-1.28197,0.824932,-0.197648,-1.47978,0.938397,-0.198747,-1.49218,0.915665,-0.173348,-1.49398,0.915665,-0.172468,-1.48156,0.938397
838944529,1,-0.180047,-1.28043,0.851239,-0.181022,-1.29149,0.831665,-0.159108,-1.29304,0.831665,-0.158324,-1.28197,0.851239,-0.197527,-1.47808,0.967656,-0.19865,-1.49081,0.945111,-0.173251,-1.49261,0.945111,-0.172348,-1.47986,0.967656
838943505,1,-0.180047,-1.28043,0.798841,-0.180981,-1.2909,0.778947,-0.159067,-1.29246,0.778947,-0.158324,-1.28197,0.798841,-0.197765,-1.48143,0.909329,-0.19884,-1.4935,0.886415,-0.173441,-1.4953,0.886415,-0.172585,-1.48322,0.909329
838942993,1,-0.180047,-1.28043,0.772956,-0.18096,-1.29061,0.752908,-0.159046,-1.29216,0.752908,-0.158324,-1.28197,0.772956,-0.197879,-1.48304,0.880443,-0.19893,-1.49477,0.857352,-0.173531,-1.49657,0.857352,-0.172699,-1.48483,0.880443
838938137,1,1.25407,0.314682,0.540994,1.26107,0.316803,0.51965,1.25432,0.337653,0.51965,1.24736,0.335401,0.540994,1.46108,0.377781,0.619063,1.46924,0.380255,0.594177,1.46133,0.404677,0.594177,1.45322,0.402051,0.619063
838938649,1,1.25407,0.314682,0.565387,1.2614,0.31691,0.544164,1.25465,0.337759,0.544164,1.24736,0.335401,0.565387,1.45985,0.377382,0.646959,1.46839,0.37998,0.622215,1.46048,0.404402,0.622215,1.45199,0.401652,0.646959
838937625,1,1.25407,0.314682,0.51674,1.26074,0.316696,0.49528,1.25399,0.337546,0.49528,1.24736,0.335401,0.51674,1.46226,0.378163,0.591284,1.47003,0.380512,0.566263,1.46212,0.404934,0.566263,1.4544,0.402433,0.591284
838937113,1,1.25407,0.314682,0.492617,1.26041,0.316589,0.471046,1.25366,0.337438,0.471046,1.24736,0.335401,0.492617,1.46338,0.378527,0.563617,1.47077,0.38075,0.538468,1.46286,0.405172,0.538468,1.45552,0.402797,0.563617
838939161,1,1.25407,0.314682,0.589926,1.26173,0.317016,0.568831,1.25498,0.337865,0.56883,1.24736,0.335401,0.589926,1.45856,0.376965,0.67498,1.46748,0.379686,0.650384,1.45957,0.404108,0.650384,1.4507,0.401235,0.67498
838938138,1,1.24723,0.335802,0.540994,1.25419,0.338054,0.51965,1.24744,0.358904,0.51965,1.24053,0.356521,0.540994,1.45309,0.402453,0.619063,1.4612,0.405078,0.594177,1.45329,0.4295,0.594177,1.44523,0.426723,0.619063
838938650,1,1.24723,0.335802,0.565387,1.25452,0.338161,0.544164,1.24777,0.35901,0.544164,1.24053,0.356521,0.565387,1.45186,0.402054,0.646959,1.46035,0.404803,0.622215,1.45244,0.429225,0.622215,1.444,0.426324,0.646959
838937626,1,1.24723,0.335802,0.51674,1.25386,0.337947,0.49528,1.24711,0.358796,0.49528,1.24053,0.356521,0.51674,1.45427,0.402835,0.591284,1.46199,0.405335,0.566263,1.45409,0.429757,0.566263,1.44641,0.427105,0.591284
838937114,1,1.24723,0.335802,0.492617,1.25353,0.33784,0.471046,1.24678,0.358689,0.471046,1.24053,0.356521,0.492617,1.45539,0.403199,0.563617,1.46273,0.405574,0.538467,1.45482,0.429996,0.538467,1.44754,0.427469,0.563617
838939162,1,1.24723,0.335803,0.589926,1.25485,0.338267,0.568831,1.24809,0.359116,0.56883,1.24053,0.356521,0.589926,1.45057,0.401637,0.67498,1.45944,0.40451,0.650384,1.45154,0.428932,0.650384,1.44271,0.425907,0.67498
838938139,1,1.24251,0.357781,0.540994,1.24943,0.360146,0.51965,1.24196,0.380746,0.51965,1.23508,0.378253,0.540994,1.44719,0.428072,0.619063,1.45526,0.430829,0.594177,1.4465,0.45496,0.594177,1.43849,0.452053,0.619063
838938651,1,1.24251,0.357781,0.565387,1.24976,0.360264,0.544164,1.24228,0.380864,0.544164,1.23508,0.378253,0.565387,1.44597,0.42763,0.646959,1.45442,0.430524,0.622215,1.44566,0.454655,0.622215,1.43727,0.45161,0.646959
838937627,1,1.24251,0.357781,0.51674,1.2491,0.360027,0.49528,1.24163,0.380628,0.49528,1.23508,0.378253,0.51674,1.44835,0.428494,0.591284,1.45604,0.431113,0.566263,1.44728,0.455244,0.566263,1.43965,0.452475,0.591284
838937115,1,1.24251,0.357781,0.492617,1.24878,0.359908,0.471046,1.2413,0.380509,0.471046,1.23508,0.378253,0.492617,1.44946,0.428898,0.563617,1.45677,0.431377,0.538468,1.44801,0.455508,0.538468,1.44076,0.452878,0.563617
838939163,1,1.24251,0.357781,0.589926,1.25008,0.360381,0.568831,1.2426,0.380982,0.56883,1.23508,0.378253,0.589926,1.4447,0.427168,0.67498,1.45352,0.430199,0.650384,1.44477,0.45433,0.650384,1.436,0.451149,0.67498
838938141,1,1.22945,0.40045,0.540994,1.23629,0.403055,0.51965,1.2281,0.423382,0.51965,1.22132,0.42065,0.540994,1.43155,0.477847,0.619063,1.43952,0.480884,0.594177,1.42992,0.504694,0.594177,1.42202,0.501509,0.619063
838938653,1,1.22945,0.40045,0.565387,1.23661,0.403184,0.544164,1.22842,0.423511,0.544164,1.22131,0.42065,0.565387,1.43035,0.477362,0.646959,1.43869,0.48055,0.622215,1.42909,0.50436,0.622215,1.42081,0.501024,0.646959
838937629,1,1.22945,0.40045,0.51674,1.23596,0.402925,0.49528,1.22777,0.423252,0.49528,1.22132,0.42065,0.51674,1.4327,0.47831,0.591284,1.44029,0.481195,0.566263,1.4307,0.505006,0.566263,1.42317,0.501972,0.591284
838937117,1,1.22945,0.40045,0.492617,1.23564,0.402795,0.471046,1.22745,0.423122,0.471046,1.22132,0.42065,0.492617,1.4338,0.478751,0.563617,1.44101,0.481485,0.538467,1.43141,0.505295,0.538468,1.42426,0.502414,0.563617
838939165,1,1.22945,0.40045,0.589926,1.23692,0.403313,0.56883,1.22874,0.42364,0.56883,1.22132,0.42065,0.589926,1.42909,0.476856,0.67498,1.4378,0.480194,0.650384,1.42821,0.504004,0.650384,1.41956,0.500519,0.67498
838938142,1,1.22116,0.421042,0.540994,1.22794,0.423774,0.51965,1.21975,0.444101,0.51965,1.21302,0.441242,0.540994,1.42186,0.501901,0.619063,1.42977,0.505086,0.594177,1.42017,0.528896,0.594177,1.41233,0.525563,0.619063
838938654,1,1.22116,0.421042,0.565387,1.22826,0.423903,0.544164,1.22007,0.44423,0.544164,1.21302,0.441242,0.565387,1.42066,0.501416,0.646959,1.42894,0.504752,0.622215,1.41934,0.528562,0.622215,1.41112,0.525078,0.646959
838937630,1,1.22116,0.421042,0.51674,1.22762,0.423644,0.49528,1.21943,0.443971,0.49528,1.21302,0.441242,0.51674,1.42301,0.502364,0.591284,1.43054,0.505397,0.566263,1.42095,0.529208,0.566263,1.41348,0.526026,0.591284
838937118,1,1.22116,0.421042,0.492617,1.22729,0.423513,0.471046,1.2191,0.443841,0.471046,1.21302,0.441242,0.492617,1.4241,0.502805,0.563617,1.43126,0.505687,0.538468,1.42166,0.529497,0.538468,1.41457,0.526468,0.563617
838939166,1,1.22116,0.421042,0.589926,1.22858,0.424031,0.56883,1.22039,0.444359,0.56883,1.21302,0.441242,0.589926,1.4194,0.50091,0.67498,1.42805,0.504396,0.650384,1.41846,0.528206,0.650384,1.40987,0.524573,0.67498
838938143,1,1.21491,0.442637,0.540994,1.22165,0.445479,0.51965,1.21275,0.465508,0.51965,1.20607,0.462541,0.540994,1.41418,0.527045,0.619063,1.42204,0.530358,0.594177,1.41162,0.553819,0.594177,1.40383,0.55036,0.619063
838938655,1,1.21491,0.442637,0.565387,1.22196,0.44562,0.544164,1.21307,0.465648,0.544164,1.20607,0.462541,0.565387,1.413,0.526519,0.646959,1.42122,0.529996,0.622215,1.4108,0.553456,0.622215,1.40264,0.549834,0.646959
838937631,1,1.21491,0.442637,0.51674,1.22133,0.445338,0.49528,1.21244,0.465367,0.49528,1.20607,0.462541,0.51674,1.41532,0.527548,0.591284,1.4228,0.530697,0.566263,1.41238,0.554157,0.566263,1.40496,0.550863,0.591284
838937119,1,1.21491,0.442637,0.492617,1.22101,0.445196,0.471046,1.21212,0.465225,0.471046,1.20607,0.462541,0.492617,1.4164,0.528027,0.563617,1.42351,0.531011,0.538468,1.41309,0.554472,0.538468,1.40604,0.551342,0.563617
838939167,1,1.21491,0.442637,0.589926,1.22228,0.445759,0.568831,1.21338,0.465788,0.56883,1.20607,0.462541,0.589926,1.41176,0.525969,0.67498,1.42035,0.529609,0.650384,1.40993,0.55307,0.650384,1.40141,0.549284,0.67498
838947599,1,-0.224125,-1.27346,1.0151,-0.225722,-1.28625,0.996316,-0.203828,-1.28857,0.996316,-0.202468,-1.27576,1.0151,-0.247083,-1.46,1.14775,-0.248897,-1.47452,1.12642,-0.223834,-1.47718,1.12642,-0.222291,-1.46263,1.14775
838948111,1,-0.224125,-1.27346,1.04345,-0.225749,-1.2865,1.02484,-0.203854,-1.28882,1.02484,-0.202468,-1.27576,1.04345,-0.246894,-1.45822,1.1786,-0.248738,-1.47302,1.15747,-0.223675,-1.47568,1.15747,-0.222102,-1.46085,1.1786
838948623,1,-0.224125,-1.27346,1.07207,-0.225775,-1.28675,1.05364,-0.20388,-1.28907,1.05364,-0.202468,-1.27576,1.07207,-0.246701,-1.4564,1.20971,-0.248575,-1.47149,1.18877,-0.223512,-1.47414,1.18877,-0.221909,-1.45903,1.20971
838947600,1,-0.202041,-1.27581,1.0151,-0.2034,-1.28862,0.996316,-0.181505,-1.29094,0.996316,-0.180384,-1.2781,1.0151,-0.221863,-1.46268,1.14775,-0.223407,-1.47723,1.12642,-0.198344,-1.47989,1.12642,-0.197071,-1.46531,1.14775
838948112,1,-0.202041,-1.27581,1.04345,-0.203426,-1.28887,1.02484,-0.181532,-1.29119,1.02484,-0.180384,-1.2781,1.04345,-0.221674,-1.46089,1.1786,-0.223247,-1.47573,1.15747,-0.198185,-1.47838,1.15747,-0.196882,-1.46352,1.1786
838948624,1,-0.202041,-1.27581,1.07207,-0.203452,-1.28911,1.05364,-0.181558,-1.29144,1.05364,-0.180384,-1.2781,1.07207,-0.221481,-1.45908,1.20971,-0.223084,-1.47419,1.18877,-0.198022,-1.47685,1.18877,-0.196689,-1.46171,1.20971
838947601,1,-0.180049,-1.28043,1.0151,-0.181199,-1.29326,0.996316,-0.159237,-1.29482,0.996316,-0.158326,-1.28197,1.0151,-0.196478,-1.46765,1.14775,-0.197784,-1.48223,1.12642,-0.172644,-1.48401,1.12642,-0.171609,-1.46942,1.14775
838948113,1,-0.180049,-1.28043,1.04345,-0.181217,-1.29351,1.02484,-0.159254,-1.29507,1.02484,-0.158326,-1.28197,1.04345,-0.196352,-1.46587,1.1786,-0.197677,-1.48073,1.15747,-0.172537,-1.48251,1.15747,-0.171483,-1.46763,1.1786
838948625,1,-0.180049,-1.28043,1.07207,-0.181234,-1.29376,1.05364,-0.159272,-1.29532,1.05364,-0.158326,-1.28197,1.07207,-0.196223,-1.46404,1.20971,-0.197568,-1.47918,1.18878,-0.172428,-1.48097,1.18878,-0.171354,-1.46581,1.20971
838947611,1,0.0475687,-1.29201,1.0151,0.0486636,-1.30485,0.996316,0.0705628,-1.30257,0.996316,0.0692297,-1.28976,1.0151,0.0638759,-1.47925,1.14775,0.0651193,-1.49383,1.12642,0.0901874,-1.49122,1.12642,0.0886734,-1.47667,1.14775
838948123,1,0.0475688,-1.29201,1.04345,0.0486895,-1.3051,1.02484,0.0705888,-1.30282,1.02484,0.0692297,-1.28976,1.04345,0.0636904,-1.47746,1.1786,0.0649631,-1.49233,1.15747,0.0900312,-1.48972,1.15747,0.0884878,-1.47488,1.1786
838947099,1,0.0475698,-1.29201,0.987001,0.0486518,-1.3045,0.968162,0.0705278,-1.30223,0.968162,0.0692307,-1.28976,0.987001,0.0639007,-1.48102,1.11712,0.0651384,-1.4953,1.09557,0.0903404,-1.49268,1.09557,0.0888568,-1.47842,1.11712
838946587,1,0.0475698,-1.29201,0.959363,0.0486241,-1.30423,0.940349,0.0705001,-1.30196,0.940349,0.0692308,-1.28976,0.959363,0.0640889,-1.48282,1.08679,0.0652949,-1.49681,1.06504,0.0904969,-1.49419,1.06504,0.089045,-1.48023,1.08679
838948635,1,0.0475688,-1.29201,1.07207,0.0487151,-1.30535,1.05364,0.0706144,-1.30307,1.05364,0.0692297,-1.28976,1.07207,0.0635014,-1.47565,1.20971,0.0648032,-1.49079,1.18878,0.0898713,-1.48818,1.18877,0.0882989,-1.47307,1.20971
838947612,1,0.0696575,-1.28971,1.0151,0.0709907,-1.30253,0.996316,0.0928899,-1.30025,0.996316,0.0913184,-1.28746,1.0151,0.0891012,-1.47662,1.14775,0.0906152,-1.49118,1.12642,0.115683,-1.48857,1.12642,0.113899,-1.47404,1.14775
838948124,1,0.0696575,-1.28971,1.04345,0.0710166,-1.30278,1.02484,0.0929158,-1.3005,1.02484,0.0913184,-1.28746,1.04345,0.0889157,-1.47484,1.1786,0.0904591,-1.48968,1.15747,0.115527,-1.48707,1.15747,0.113713,-1.47226,1.1786
838948636,1,0.0696575,-1.28971,1.07207,0.0710422,-1.30302,1.05364,0.0929414,-1.30075,1.05364,0.0913185,-1.28746,1.07207,0.0887267,-1.47302,1.20971,0.0902991,-1.48814,1.18877,0.115367,-1.48553,1.18877,0.113524,-1.47044,1.20971
838947613,1,0.0921298,-1.28966,1.0151,0.0936725,-1.30246,0.996316,0.115479,-1.29942,0.996316,0.113699,-1.28666,1.0151,0.114966,-1.47622,1.14775,0.116718,-1.49075,1.12642,0.14168,-1.48727,1.12642,0.139659,-1.47277,1.14775
838948125,1,0.0921298,-1.28966,1.04345,0.0937071,-1.30271,1.02484,0.115513,-1.29967,1.02484,0.113699,-1.28666,1.04345,0.114719,-1.47444,1.1786,0.11651,-1.48925,1.15747,0.141472,-1.48577,1.15747,0.139411,-1.471,1.1786
838948637,1,0.0921298,-1.28966,1.07207,0.0937413,-1.30295,1.05364,0.115548,-1.29991,1.05364,0.113699,-1.28666,1.07207,0.114466,-1.47263,1.20971,0.116296,-1.48772,1.18877,0.141258,-1.48424,1.18877,0.139159,-1.46919,1.20971
838947614,1,0.114125,-1.2866,1.0151,0.115905,-1.29936,0.996316,0.137711,-1.29632,0.996316,0.135694,-1.28359,1.0151,0.140085,-1.47271,1.14775,0.142106,-1.48721,1.12642,0.167068,-1.48372,1.12642,0.164777,-1.46927,1.14775
838948126,1,0.114125,-1.2866,1.04345,0.115939,-1.29961,1.02484,0.137746,-1.29656,1.02484,0.135694,-1.28359,1.04345,0.139837,-1.47094,1.1786,0.141898,-1.48571,1.15747,0.166859,-1.48223,1.15747,0.164529,-1.46749,1.1786
838948638,1,0.114125,-1.2866,1.07207,0.115974,-1.29985,1.05364,0.13778,-1.29681,1.05364,0.135694,-1.28359,1.07207,0.139585,-1.46913,1.20971,0.141684,-1.48418,1.18877,0.166646,-1.4807,1.18877,0.164277,-1.46568,1.20971
838947595,1,-0.311412,-1.25494,1.0151,-0.313898,-1.26758,0.996316,-0.292219,-1.27143,0.996316,-0.289969,-1.25874,1.0151,-0.347337,-1.43942,1.14775,-0.35016,-1.45378,1.12642,-0.325344,-1.45818,1.12642,-0.322789,-1.44377,1.14775
838948107,1,-0.311412,-1.25494,1.04345,-0.313942,-1.26783,1.02484,-0.292263,-1.27167,1.02484,-0.289969,-1.25874,1.04345,-0.347024,-1.43765,1.1786,-0.349896,-1.45229,1.15747,-0.32508,-1.45669,1.15747,-0.322475,-1.44201,1.1786
838947083,1,-0.311411,-1.25494,0.987001,-0.313813,-1.26724,0.968162,-0.292157,-1.27108,0.968162,-0.289968,-1.25874,0.987001,-0.3478,-1.44112,1.11712,-0.350548,-1.4552,1.09557,-0.325599,-1.45962,1.09557,-0.323095,-1.44551,1.11712
838946571,1,-0.311411,-1.25494,0.959363,-0.313767,-1.26698,0.940349,-0.292111,-1.27082,0.940349,-0.289968,-1.25874,0.959363,-0.348118,-1.44291,1.08679,-0.350812,-1.45669,1.06504,-0.325864,-1.46111,1.06504,-0.323413,-1.4473,1.08679
838948619,1,-0.311412,-1.25494,1.07207,-0.313986,-1.26807,1.05364,-0.292307,-1.27192,1.05364,-0.289969,-1.25874,1.07207,-0.346704,-1.43585,1.20971,-0.349627,-1.45077,1.18878,-0.324811,-1.45517,1.18877,-0.322156,-1.44021,1.20971
838862345,1,1.2915,-0.0228483,-0.0748583,1.29189,-0.0228751,-0.0513136,1.29039,-0.0446114,-0.0513136,1.29,-0.0445742,-0.0748583,1.52089,-0.038718,-0.0805421,1.52131,-0.0387469,-0.0550975,1.51953,-0.0644879,-0.0550975,1.51911,-0.0644477,-0.0805421
838861833,1,1.2915,-0.0228483,-0.0508939,1.2917,-0.0228617,-0.0273468,1.29019,-0.044598,-0.0273468,1.29,-0.0445742,-0.0508939,1.52093,-0.0387207,-0.054686,1.52114,-0.0387352,-0.0292388,1.51936,-0.0644762,-0.0292388,1.51915,-0.0644504,-0.054686
838862857,1,1.2915,-0.0228483,-0.0988267,1.29208,-0.0228884,-0.075286,1.29058,-0.0446248,-0.075286,1.29,-0.0445742,-0.0988267,1.52084,-0.0387143,-0.106402,1.52146,-0.0387576,-0.0809616,1.51968,-0.0644986,-0.0809616,1.51906,-0.064444,-0.106402
838863369,1,1.2915,-0.0228483,-0.122801,1.29228,-0.0229018,-0.0992656,1.29077,-0.0446381,-0.0992656,1.29,-0.0445742,-0.122801,1.52077,-0.0387094,-0.132267,1.5216,-0.0387672,-0.106833,1.51982,-0.0645082,-0.106832,1.51899,-0.0644391,-0.132267
838861321,1,1.2915,-0.0228483,-0.0269319,1.2915,-0.0228483,-0.00338404,1.29,-0.0445847,-0.00338404,1.29,-0.0445742,-0.0269319,1.52095,-0.0387223,-0.028832,1.52095,-0.0387223,-0.00338404,1.51917,-0.0644633,-0.00338404,1.51917,-0.064452,-0.028832
838862346,1,1.29303,-0.00070501,-0.0748583,1.29342,-0.000721273,-0.0513136,1.29192,-0.0224576,-0.0513136,1.29153,-0.0224309,-0.0748583,1.5227,-0.0125709,-0.0805421,1.52312,-0.0125884,-0.0550975,1.52134,-0.0383295,-0.0550975,1.52092,-0.0383006,-0.0805421
838861834,1,1.29303,-0.000705005,-0.0508939,1.29323,-0.000707907,-0.0273468,1.29172,-0.0224443,-0.0273468,1.29153,-0.0224309,-0.0508939,1.52274,-0.0125736,-0.054686,1.52295,-0.0125767,-0.0292388,1.52117,-0.0383177,-0.0292388,1.52096,-0.0383033,-0.054686
838862858,1,1.29303,-0.000705009,-0.0988267,1.29361,-0.000734637,-0.075286,1.29211,-0.022471,-0.075286,1.29153,-0.0224309,-0.0988267,1.52265,-0.0125671,-0.106402,1.52327,-0.0125991,-0.0809616,1.52149,-0.0383402,-0.0809616,1.52087,-0.0382968,-0.106402
838863370,1,1.29303,-0.000705007,-0.122801,1.29381,-0.000748002,-0.0992656,1.2923,-0.0224843,-0.0992656,1.29153,-0.0224309,-0.122801,1.52258,-0.0125623,-0.132267,1.52341,-0.0126087,-0.106833,1.52163,-0.0383498,-0.106833,1.5208,-0.038292,-0.132267
838861322,1,1.29303,-0.000705006,-0.0269319,1.29304,-0.000694535,-0.00338404,1.29153,-0.0224309,-0.00338404,1.29153,-0.0224309,-0.0269319,1.52276,-0.0125752,-0.028832,1.52276,-0.0125639,-0.00338404,1.52098,-0.0383049,-0.00338404,1.52098,-0.0383049,-0.028832
838862347,1,1.29152,0.0217281,-0.0748583,1.29191,0.0217148,-0.0513136,1.29117,-6.07718e-05,-0.0513136,1.29078,-3.70548e-05,-0.0748583,1.52133,0.0138796,-0.0805421,1.52174,0.0138653,-0.0550975,1.52086,-0.0119222,-0.0550975,1.52045,-0.0118966,-0.0805421
838861835,1,1.29152,0.0217281,-0.0508939,1.29172,0.0217214,-0.0273468,1.29097,-5.41611e-05,-0.0273468,1.29078,-3.70518e-05,-0.0508939,1.52136,0.0138783,-0.054686,1.52157,0.0138711,-0.0292388,1.52069,-0.0119164,-0.0292388,1.52048,-0.0118979,-0.054686
838862859,1,1.29152,0.0217281,-0.0988267,1.2921,0.0217082,-0.075286,1.29136,-6.73808e-05,-0.075286,1.29078,-3.70547e-05,-0.0988267,1.52127,0.0138815,-0.106402,1.5219,0.01386,-0.0809616,1.52102,-0.0119275,-0.0809616,1.52039,-0.0118947,-0.106402
838863371,1,1.29152,0.0217281,-0.122801,1.2923,0.0217016,-0.0992656,1.29155,-7.39916e-05,-0.0992656,1.29078,-3.70529e-05,-0.122801,1.5212,0.0138839,-0.132267,1.52204,0.0138553,-0.106832,1.52116,-0.0119322,-0.106832,1.52032,-0.0118923,-0.132267
838861323,1,1.29152,0.0217281,-0.0269319,1.29152,0.0217281,-0.00338404,1.29078,-4.75499e-05,-0.00338404,1.29078,-3.7054e-05,-0.0269319,1.52139,0.0138775,-0.028832,1.52139,0.0138775,-0.00338404,1.52051,-0.01191,-0.00338404,1.52051,-0.0118987,-0.028832
838862348,1,1.29228,0.0439114,-0.0748583,1.29267,0.0439086,-0.0513136,1.29192,0.022133,-0.0513136,1.29154,0.0221463,-0.0748583,1.52222,0.040074,-0.0805421,1.52264,0.040071,-0.0550975,1.52176,0.0142835,-0.0550975,1.52134,0.0142978,-0.0805421
838861836,1,1.29228,0.0439114,-0.0508939,1.29247,0.0439152,-0.0273468,1.29173,0.0221396,-0.0273468,1.29154,0.0221463,-0.0508939,1.52226,0.0400727,-0.054686,1.52247,0.0400768,-0.0292388,1.52159,0.0142893,-0.0292388,1.52138,0.0142965,-0.054686
838862860,1,1.29228,0.0439114,-0.0988267,1.29286,0.043902,-0.075286,1.29212,0.0221264,-0.075286,1.29154,0.0221463,-0.0988267,1.52217,0.0400758,-0.106402,1.52279,0.0400658,-0.0809616,1.52191,0.0142782,-0.0809616,1.52129,0.0142997,-0.106402
838863372,1,1.29228,0.0439114,-0.122801,1.29305,0.0438954,-0.0992656,1.29231,0.0221198,-0.0992656,1.29154,0.0221463,-0.122801,1.5221,0.0400782,-0.132267,1.52293,0.040061,-0.106832,1.52205,0.0142735,-0.106832,1.52122,0.0143021,-0.132267
838861324,1,1.29228,0.0439114,-0.0269319,1.29228,0.0439219,-0.00338404,1.29154,0.0221463,-0.00338404,1.29154,0.0221463,-0.0269319,1.52228,0.0400719,-0.028832,1.52228,0.0400832,-0.00338404,1.5214,0.0142957,-0.00338404,1.5214,0.0142957,-0.028832
838862349,1,1.28998,0.0662779,-0.0748583,1.29037,0.0662782,-0.0513136,1.29039,0.0444899,-0.0513136,1.29,0.0445001,-0.0748583,1.51992,0.0664603,-0.0805421,1.52034,0.0664606,-0.0550975,1.52036,0.0406581,-0.0550975,1.51994,0.0406691,-0.0805421
838861837,1,1.28998,0.0662779,-0.0508939,1.29018,0.0662781,-0.0273468,1.2902,0.0444898,-0.0273468,1.29,0.0445001,-0.0508939,1.51996,0.0664603,-0.054686,1.52017,0.0664605,-0.0292388,1.52019,0.040658,-0.0292388,1.51998,0.0406692,-0.054686
838862861,1,1.28998,0.0662779,-0.0988267,1.29057,0.0662784,-0.075286,1.29058,0.0444901,-0.075286,1.29,0.0445001,-0.0988267,1.51987,0.0664603,-0.106402,1.5205,0.0664608,-0.0809616,1.52052,0.0406582,-0.0809616,1.51989,0.0406691,-0.106402
838863373,1,1.28998,0.0662779,-0.122801,1.29076,0.0662785,-0.0992656,1.29078,0.0444902,-0.0992656,1.29,0.0445001,-0.122801,1.5198,0.0664602,-0.132267,1.52063,0.0664609,-0.106832,1.52066,0.0406583,-0.106832,1.51982,0.040669,-0.132267
838861325,1,1.28998,0.0662779,-0.0269319,1.28998,0.0662779,-0.00338404,1.29,0.0444896,-0.00338404,1.29,0.0445001,-0.0269319,1.51998,0.0664604,-0.028832,1.51998,0.0664604,-0.00338404,1.52001,0.0406578,-0.00338404,1.52001,0.0406692,-0.028832
838862350,1,1.28997,0.0884742,-0.0748583,1.29035,0.088485,-0.0513136,1.29037,0.0666967,-0.0513136,1.28998,0.0666964,-0.0748583,1.5199,0.0926699,-0.0805421,1.52032,0.0926816,-0.0550975,1.52034,0.0668791,-0.0550975,1.51992,0.0668787,-0.0805421
838861838,1,1.28997,0.0884742,-0.0508939,1.29016,0.0884848,-0.0273468,1.29018,0.0666965,-0.0273468,1.28998,0.0666964,-0.0508939,1.51994,0.09267,-0.054686,1.52015,0.0926815,-0.0292388,1.52017,0.0668789,-0.0292388,1.51996,0.0668788,-0.054686
838862862,1,1.28997,0.0884742,-0.0988267,1.29055,0.0884851,-0.075286,1.29057,0.0666968,-0.075286,1.28998,0.0666964,-0.0988267,1.51985,0.0926699,-0.106402,1.52047,0.0926818,-0.0809616,1.5205,0.0668792,-0.0809616,1.51987,0.0668787,-0.106402
838863374,1,1.28997,0.0884742,-0.122801,1.29074,0.0884853,-0.0992656,1.29076,0.066697,-0.0992656,1.28998,0.0666964,-0.122801,1.51978,0.0926698,-0.132267,1.52061,0.0926819,-0.106832,1.52063,0.0668793,-0.106832,1.5198,0.0668786,-0.132267
838861326,1,1.28997,0.0884742,-0.0269319,1.28997,0.0884847,-0.00338404,1.28998,0.0666964,-0.00338404,1.28998,0.0666964,-0.0269319,1.51996,0.09267,-0.028832,1.51996,0.0926813,-0.00338404,1.51998,0.0668788,-0.00338404,1.51998,0.0668788,-0.028832
838865549,1,-0.848613,0.973586,-0.213293,-0.849887,0.975214,-0.191213,-0.832703,0.988658,-0.191214,-0.831461,0.987005,-0.213293,-0.989483,1.15366,-0.238724,-0.990987,1.15558,-0.212651,-0.97066,1.17148,-0.212651,-0.969193,1.16953,-0.238724
838865037,1,-0.848613,0.973586,-0.190634,-0.84965,0.974911,-0.168522,-0.832466,0.988355,-0.168522,-0.831461,0.987005,-0.190634,-0.989735,1.15398,-0.212083,-0.990959,1.15554,-0.185971,-0.970631,1.17144,-0.185971,-0.969444,1.16985,-0.212083
838866061,1,-0.848613,0.973586,-0.235992,-0.850123,0.975517,-0.213952,-0.832939,0.98896,-0.213952,-0.831461,0.987005,-0.235992,-0.989189,1.15328,-0.265397,-0.990973,1.15556,-0.239371,-0.970645,1.17146,-0.239371,-0.968899,1.16915,-0.265397
838866573,1,-0.848613,0.973587,-0.258872,-0.850369,0.975831,-0.236756,-0.833159,0.989295,-0.236756,-0.83146,0.987005,-0.258872,-0.988857,1.15286,-0.292181,-0.990924,1.1555,-0.26615,-0.970612,1.17139,-0.26615,-0.968613,1.16869,-0.292181
838864525,1,-0.848613,0.973586,-0.168009,-0.849413,0.974608,-0.145871,-0.832229,0.988051,-0.145871,-0.831461,0.987005,-0.168009,-0.989943,1.15424,-0.185468,-0.990887,1.15545,-0.159326,-0.97056,1.17135,-0.159326,-0.969653,1.17012,-0.185468
838865550,1,-0.866096,0.95991,-0.213293,-0.867401,0.961513,-0.191213,-0.850217,0.974956,-0.191214,-0.848943,0.973328,-0.213293,-1.0101,1.13752,-0.238724,-1.01164,1.13942,-0.212651,-0.991317,1.15532,-0.212651,-0.989813,1.1534,-0.238724
838865038,1,-0.866096,0.95991,-0.190634,-0.867164,0.96121,-0.168522,-0.84998,0.974653,-0.168522,-0.848943,0.973328,-0.190634,-1.01036,1.13785,-0.212083,-1.01162,1.13938,-0.185971,-0.991289,1.15528,-0.185971,-0.990065,1.15372,-0.212083
838866062,1,-0.866096,0.95991,-0.235992,-0.867637,0.961815,-0.213952,-0.850453,0.975259,-0.213952,-0.848943,0.973328,-0.235992,-1.00981,1.13715,-0.265397,-1.01163,1.1394,-0.239371,-0.991303,1.1553,-0.239371,-0.989519,1.15302,-0.265397
838866574,1,-0.866096,0.959909,-0.258872,-0.86791,0.962109,-0.236756,-0.850699,0.975573,-0.236756,-0.848944,0.973328,-0.258872,-1.00943,1.13676,-0.292181,-1.01157,1.13935,-0.26615,-0.991255,1.15524,-0.26615,-0.989188,1.1526,-0.292181
838864526,1,-0.866096,0.95991,-0.168009,-0.866927,0.960907,-0.145871,-0.849743,0.97435,-0.145871,-0.848943,0.973328,-0.168009,-1.01056,1.13811,-0.185468,-1.01155,1.13929,-0.159326,-0.991217,1.15519,-0.159326,-0.990273,1.15399,-0.185468
838865551,1,-0.881756,0.943777,-0.213293,-0.883086,0.945359,-0.191214,-0.866382,0.959394,-0.191213,-0.865083,0.957786,-0.213293,-1.02883,1.11882,-0.238724,-1.0304,1.12069,-0.212651,-1.01064,1.13729,-0.212651,-1.00911,1.13539,-0.238724
838865039,1,-0.881756,0.943777,-0.190634,-0.882839,0.945065,-0.168522,-0.866135,0.9591,-0.168522,-0.865083,0.957786,-0.190634,-1.02909,1.11913,-0.212083,-1.03037,1.12065,-0.185971,-1.01061,1.13725,-0.185971,-1.00937,1.1357,-0.212083
838866063,1,-0.881756,0.943777,-0.235992,-0.883333,0.945653,-0.213952,-0.866629,0.959688,-0.213952,-0.865083,0.957786,-0.235992,-1.02852,1.11845,-0.265397,-1.03038,1.12067,-0.239371,-1.01062,1.13727,-0.239371,-1.0088,1.13502,-0.265397
838866575,1,-0.881756,0.943777,-0.258872,-0.883589,0.945959,-0.236756,-0.86686,0.960015,-0.236756,-0.865082,0.957787,-0.258872,-1.02818,1.11804,-0.292181,-1.03033,1.12061,-0.26615,-1.01059,1.1372,-0.26615,-1.0085,1.13457,-0.292181
838864527,1,-0.881756,0.943777,-0.168009,-0.882591,0.94477,-0.145871,-0.865887,0.958805,-0.145871,-0.865083,0.957786,-0.168009,-1.02931,1.11939,-0.185468,-1.0303,1.12056,-0.159326,-1.01054,1.13716,-0.159326,-1.00959,1.13596,-0.185468
838865552,1,-0.89875,0.929498,-0.213293,-0.90011,0.931055,-0.191213,-0.883407,0.94509,-0.191214,-0.882077,0.943507,-0.213293,-1.04887,1.10197,-0.238724,-1.05048,1.10381,-0.212651,-1.03072,1.12042,-0.212651,-1.02915,1.11855,-0.238724
838865040,1,-0.89875,0.929498,-0.190634,-0.899863,0.93076,-0.168522,-0.883159,0.944795,-0.168522,-0.882077,0.943507,-0.190634,-1.04914,1.10229,-0.212083,-1.05045,1.10378,-0.185971,-1.03069,1.12038,-0.185971,-1.02941,1.11886,-0.212083
838866064,1,-0.89875,0.929498,-0.235992,-0.900357,0.931349,-0.213952,-0.883653,0.945384,-0.213952,-0.882077,0.943507,-0.235992,-1.04857,1.10161,-0.265397,-1.05046,1.10379,-0.239371,-1.0307,1.1204,-0.239371,-1.02884,1.11818,-0.265397
838866576,1,-0.898751,0.929498,-0.258872,-0.90064,0.931632,-0.236756,-0.88391,0.945689,-0.236756,-0.882077,0.943507,-0.258872,-1.04818,1.10123,-0.292181,-1.0504,1.10375,-0.26615,-1.03066,1.12034,-0.26615,-1.0285,1.11777,-0.292181
838864528,1,-0.89875,0.929498,-0.168009,-0.899615,0.930465,-0.145871,-0.882911,0.944501,-0.145871,-0.882077,0.943507,-0.168009,-1.04935,1.10255,-0.185468,-1.05038,1.10369,-0.159326,-1.03062,1.12029,-0.159326,-1.02963,1.11912,-0.185468
838865553,1,-0.913838,0.912828,-0.213293,-0.915222,0.914363,-0.191213,-0.899018,0.928973,-0.191213,-0.897664,0.927411,-0.213293,-1.06693,1.08262,-0.238724,-1.06857,1.08444,-0.212651,-1.0494,1.10172,-0.212651,-1.0478,1.09988,-0.238724
838865041,1,-0.913838,0.912828,-0.190634,-0.914964,0.914078,-0.168522,-0.898761,0.928688,-0.168522,-0.897664,0.927411,-0.190634,-1.06721,1.08293,-0.212083,-1.06854,1.0844,-0.185971,-1.04937,1.10169,-0.185971,-1.04807,1.10018,-0.212083
838866065,1,-0.913838,0.912828,-0.235992,-0.915479,0.914648,-0.213952,-0.899276,0.929258,-0.213952,-0.897664,0.927411,-0.235992,-1.06662,1.08227,-0.265397,-1.06855,1.08442,-0.239371,-1.04939,1.1017,-0.239371,-1.04748,1.09952,-0.265397
838866577,1,-0.913838,0.912828,-0.258872,-0.915746,0.914945,-0.236756,-0.899517,0.929577,-0.236756,-0.897663,0.927412,-0.258872,-1.06625,1.08187,-0.292181,-1.0685,1.08436,-0.26615,-1.04935,1.10163,-0.26615,-1.04716,1.09908,-0.292181
838864529,1,-0.913838,0.912828,-0.168009,-0.914706,0.913792,-0.145871,-0.898503,0.928402,-0.145871,-0.897664,0.927411,-0.168009,-1.06743,1.08318,-0.185468,-1.06846,1.08432,-0.159326,-1.04929,1.1016,-0.159326,-1.0483,1.10043,-0.185468
838865554,1,-0.930323,0.897964,-0.213293,-0.931736,0.899473,-0.191213,-0.915533,0.914083,-0.191214,-0.914149,0.912548,-0.213293,-1.08638,1.06509,-0.238724,-1.08805,1.06687,-0.212651,-1.06888,1.08416,-0.212651,-1.06725,1.08234,-0.238724
838865042,1,-0.930323,0.897964,-0.190634,-0.931479,0.899187,-0.168522,-0.915275,0.913797,-0.168522,-0.914149,0.912548,-0.190634,-1.08665,1.0654,-0.212083,-1.08802,1.06684,-0.185971,-1.06885,1.08412,-0.185971,-1.06752,1.08265,-0.212083
838866066,1,-0.930323,0.897964,-0.235992,-0.931994,0.899758,-0.213952,-0.91579,0.914368,-0.213952,-0.914149,0.912548,-0.235992,-1.08606,1.06474,-0.265397,-1.08803,1.06686,-0.239371,-1.06886,1.08414,-0.239371,-1.06693,1.08199,-0.265397
838866578,1,-0.930323,0.897964,-0.258872,-0.932286,0.900031,-0.236756,-0.916057,0.914664,-0.236756,-0.914149,0.912547,-0.258872,-1.08566,1.06438,-0.292181,-1.08797,1.06681,-0.26615,-1.06881,1.08408,-0.26615,-1.06657,1.08159,-0.292181
838864530,1,-0.930323,0.897964,-0.168009,-0.931221,0.898901,-0.145871,-0.915018,0.913511,-0.145871,-0.914149,0.912548,-0.168009,-1.08688,1.06565,-0.185468,-1.08794,1.06675,-0.159326,-1.06877,1.08404,-0.159326,-1.06775,1.0829,-0.185468
838865555,1,-0.944819,0.880778,-0.213293,-0.946256,0.882263,-0.191214,-0.930572,0.89743,-0.191213,-0.929164,0.895917,-0.213293,-1.10375,1.04512,-0.238724,-1.10545,1.04688,-0.212651,-1.0869,1.06482,-0.212651,-1.08523,1.06303,-0.238724
838865043,1,-0.944819,0.880778,-0.190634,-0.945988,0.881987,-0.168522,-0.930305,0.897154,-0.168522,-0.929164,0.895917,-0.190634,-1.10404,1.04542,-0.212083,-1.10542,1.04684,-0.185971,-1.08686,1.06479,-0.185971,-1.08552,1.06333,-0.212083
838866067,1,-0.944819,0.880778,-0.235992,-0.946523,0.88254,-0.213952,-0.930839,0.897707,-0.213952,-0.929164,0.895917,-0.235992,-1.10342,1.04478,-0.265397,-1.10543,1.04686,-0.239371,-1.08688,1.0648,-0.239371,-1.0849,1.06269,-0.265397
838866579,1,-0.944819,0.880778,-0.258872,-0.946799,0.882826,-0.236756,-0.931092,0.898017,-0.236756,-0.929164,0.895917,-0.258872,-1.10305,1.04439,-0.292181,-1.10538,1.0468,-0.26615,-1.08684,1.06473,-0.26615,-1.08457,1.06226,-0.292181
838864531,1,-0.944819,0.880778,-0.168009,-0.945721,0.88171,-0.145871,-0.930037,0.896877,-0.145871,-0.929164,0.895917,-0.168009,-1.10427,1.04566,-0.185468,-1.10534,1.04676,-0.159326,-1.08678,1.0647,-0.159326,-1.08575,1.06357,-0.185468
838866076,1,-1.07065,0.724859,-0.235992,-1.07261,0.726335,-0.213952,-1.05919,0.743539,-0.213952,-1.05726,0.742031,-0.235992,-1.253,0.862032,-0.265397,-1.25531,0.863775,-0.239371,-1.23944,0.884126,-0.239371,-1.23716,0.882346,-0.265397
838864540,1,-1.07065,0.724859,-0.168009,-1.0717,0.725626,-0.145871,-1.05828,0.742829,-0.145871,-1.05726,0.742031,-0.168009,-1.25397,0.862785,-0.185468,-1.2552,0.86369,-0.159326,-1.23933,0.884041,-0.159326,-1.23812,0.883098,-0.185468
838866077,1,-1.08194,0.705415,-0.235992,-1.08393,0.706854,-0.213952,-1.07112,0.724516,-0.213952,-1.06916,0.723045,-0.235992,-1.26663,0.839361,-0.265397,-1.26898,0.84106,-0.239371,-1.25382,0.861953,-0.239371,-1.25151,0.860216,-0.265397
838900939,1,-1.25822,-0.291722,-2.36792,-1.27824,-0.295267,-2.35515,-1.2821,-0.273472,-2.35515,-1.26201,-0.270277,-2.36792,-1.37705,-0.312758,-2.56372,-1.3987,-0.316589,-2.54992,-1.40292,-0.292746,-2.54992,-1.38121,-0.289294,-2.56372
838900427,1,-1.25822,-0.291722,-2.32205,-1.27814,-0.295248,-2.30911,-1.28199,-0.273453,-2.30911,-1.26201,-0.270277,-2.32205,-1.37867,-0.313043,-2.51684,-1.4002,-0.316854,-2.50285,-1.40442,-0.293011,-2.50285,-1.38282,-0.289579,-2.51684
838901451,1,-1.25822,-0.291722,-2.41441,-1.27835,-0.295286,-2.40181,-1.28221,-0.27349,-2.40181,-1.26201,-0.270277,-2.41441,-1.37543,-0.312471,-2.61122,-1.39719,-0.316322,-2.5976,-1.40141,-0.292479,-2.5976,-1.37959,-0.289007,-2.61122
838901963,1,-1.25822,-0.291722,-2.46154,-1.27845,-0.295304,-2.44911,-1.28231,-0.273509,-2.44911,-1.26201,-0.270277,-2.46154,-1.3738,-0.312182,-2.65934,-1.39567,-0.316053,-2.64591,-1.39989,-0.29221,-2.64591,-1.37796,-0.288718,-2.65934
838899915,1,-1.25822,-0.291722,-2.27679,-1.27803,-0.295229,-2.26367,-1.28189,-0.273434,-2.26367,-1.26201,-0.270278,-2.27679,-1.38027,-0.313327,-2.47054,-1.40168,-0.317117,-2.45637,-1.4059,-0.293274,-2.45637,-1.38443,-0.289863,-2.47054
838900940,1,-1.25434,-0.313605,-2.36792,-1.27431,-0.317501,-2.35515,-1.27817,-0.295705,-2.35515,-1.25814,-0.29216,-2.36792,-1.37282,-0.33666,-2.56372,-1.3944,-0.34087,-2.54992,-1.39862,-0.317027,-2.54992,-1.37698,-0.313196,-2.56372
838900428,1,-1.25434,-0.313605,-2.32205,-1.2742,-0.317482,-2.30911,-1.27806,-0.295687,-2.30911,-1.25814,-0.29216,-2.32205,-1.37444,-0.336946,-2.51684,-1.3959,-0.341135,-2.50285,-1.40012,-0.317292,-2.50285,-1.37859,-0.313481,-2.51684
838901452,1,-1.25434,-0.313605,-2.41441,-1.27441,-0.317519,-2.40181,-1.27827,-0.295724,-2.40181,-1.25814,-0.29216,-2.41441,-1.3712,-0.336373,-2.61122,-1.39289,-0.340603,-2.5976,-1.39711,-0.31676,-2.5976,-1.37536,-0.312909,-2.61122
838901964,1,-1.25434,-0.313605,-2.46154,-1.27452,-0.317538,-2.44911,-1.27837,-0.295742,-2.44911,-1.25814,-0.29216,-2.46154,-1.36957,-0.336084,-2.65934,-1.39137,-0.340335,-2.64591,-1.39559,-0.316491,-2.64591,-1.37373,-0.31262,-2.65934
838899916,1,-1.25434,-0.313605,-2.27679,-1.27409,-0.317463,-2.26367,-1.27795,-0.295667,-2.26367,-1.25814,-0.29216,-2.27679,-1.37604,-0.33723,-2.47054,-1.39739,-0.341399,-2.45637,-1.40161,-0.317556,-2.45637,-1.38019,-0.313766,-2.47054
838900941,1,-1.24745,-0.33498,-2.36792,-1.26735,-0.339222,-2.35515,-1.27196,-0.317575,-2.35515,-1.252,-0.313681,-2.36792,-1.36549,-0.360153,-2.56372,-1.38698,-0.364738,-2.54992,-1.39203,-0.341057,-2.54992,-1.37046,-0.336849,-2.56372
838900429,1,-1.24745,-0.33498,-2.32205,-1.26724,-0.3392,-2.30911,-1.27186,-0.317553,-2.30911,-1.252,-0.313681,-2.32205,-1.36709,-0.360495,-2.51684,-1.38847,-0.365055,-2.50285,-1.39352,-0.341374,-2.50285,-1.37206,-0.33719,-2.51684
838901453,1,-1.24745,-0.33498,-2.41441,-1.26745,-0.339244,-2.40181,-1.27207,-0.317597,-2.40181,-1.252,-0.313681,-2.41441,-1.36388,-0.35981,-2.61122,-1.38548,-0.364418,-2.5976,-1.39053,-0.340737,-2.5976,-1.36885,-0.336505,-2.61122
838901965,1,-1.24745,-0.33498,-2.46154,-1.26755,-0.339266,-2.44911,-1.27217,-0.317619,-2.44911,-1.252,-0.313681,-2.46154,-1.36226,-0.359465,-2.65934,-1.38398,-0.364097,-2.64591,-1.38903,-0.340416,-2.64591,-1.36723,-0.33616,-2.65934
838899917,1,-1.24745,-0.33498,-2.27679,-1.26713,-0.339177,-2.26367,-1.27175,-0.31753,-2.26367,-1.252,-0.313681,-2.27679,-1.36868,-0.360835,-2.47054,-1.38995,-0.365371,-2.45637,-1.395,-0.341689,-2.45637,-1.37365,-0.33753,-2.47054
838900942,1,-1.24282,-0.356714,-2.36792,-1.26264,-0.361305,-2.35515,-1.26725,-0.339658,-2.35515,-1.24736,-0.335415,-2.36792,-1.36042,-0.383893,-2.56372,-1.38184,-0.388855,-2.54992,-1.38689,-0.365173,-2.54992,-1.36539,-0.360589,-2.56372
838900430,1,-1.24282,-0.356714,-2.32205,-1.26253,-0.361282,-2.30911,-1.26715,-0.339635,-2.30911,-1.24736,-0.335415,-2.32205,-1.36202,-0.384235,-2.51684,-1.38333,-0.389172,-2.50285,-1.38838,-0.365491,-2.50285,-1.367,-0.36093,-2.51684
838901454,1,-1.24282,-0.356714,-2.41441,-1.26274,-0.361327,-2.40181,-1.26736,-0.33968,-2.40181,-1.24736,-0.335415,-2.41441,-1.35881,-0.38355,-2.61122,-1.38034,-0.388535,-2.5976,-1.38539,-0.364854,-2.5976,-1.36378,-0.360245,-2.61122
838901966,1,-1.24282,-0.356714,-2.46154,-1.26284,-0.361349,-2.44911,-1.26746,-0.339702,-2.44911,-1.24736,-0.335415,-2.46154,-1.35719,-0.383205,-2.65934,-1.37883,-0.388213,-2.64591,-1.38388,-0.364532,-2.64591,-1.36216,-0.3599,-2.65934
838899918,1,-1.24282,-0.356714,-2.27679,-1.26242,-0.36126,-2.26367,-1.26704,-0.339612,-2.26367,-1.24736,-0.335415,-2.27679,-1.36362,-0.384575,-2.47054,-1.38481,-0.389487,-2.45637,-1.38986,-0.365806,-2.45637,-1.36859,-0.36127,-2.47054
838931490,1,1.18919,0.504252,0.235992,1.1914,0.505324,0.213952,1.18185,0.524942,0.213952,1.17967,0.523834,0.235992,1.39435,0.604073,0.265397,1.39695,0.60534,0.239371,1.38566,0.628547,0.239371,1.38307,0.627239,0.265397
838932002,1,1.18919,0.504252,0.258872,1.19176,0.505499,0.236756,1.1822,0.525147,0.236756,1.17967,0.523835,0.258872,1.39386,0.603838,0.292181,1.39688,0.605306,0.26615,1.38559,0.628496,0.26615,1.38261,0.626951,0.292181
838930978,1,1.18919,0.504252,0.213293,1.19105,0.505156,0.191213,1.18151,0.524774,0.191213,1.17967,0.523834,0.213293,1.39477,0.604282,0.238724,1.39697,0.60535,0.212651,1.38568,0.628558,0.212651,1.3835,0.627447,0.238724
838930466,1,1.18919,0.504252,0.190634,1.19071,0.504988,0.168522,1.18116,0.524606,0.168522,1.17967,0.523834,0.190634,1.39514,0.604461,0.212083,1.39693,0.60533,0.185971,1.38564,0.628537,0.185971,1.38387,0.627626,0.212083
838931491,1,1.18146,0.525361,0.235992,1.18364,0.526475,0.213952,1.17341,0.545748,0.213952,1.17125,0.544599,0.235992,1.38486,0.628768,0.265397,1.38744,0.630082,0.239371,1.37534,0.652881,0.239371,1.37279,0.651525,0.265397
838930979,1,1.18146,0.525361,0.213293,1.1833,0.526295,0.191214,1.17307,0.545568,0.191213,1.17125,0.544599,0.213293,1.38528,0.628991,0.238724,1.38746,0.630094,0.212651,1.37537,0.652893,0.212651,1.37321,0.651749,0.238724
838930467,1,1.18146,0.525361,0.190634,1.18296,0.526115,0.168522,1.17273,0.545388,0.168522,1.17125,0.544599,0.190634,1.38564,0.629182,0.212083,1.38742,0.630072,0.185971,1.37533,0.652871,0.185971,1.37357,0.65194,0.212083
838944838,1,0.664818,1.10748,0.877931,0.670204,1.11759,0.858414,0.650794,1.12793,0.858414,0.645599,1.11773,0.877931,0.757346,1.28109,0.997136,0.763507,1.29265,0.974811,0.741146,1.30457,0.974811,0.735203,1.29289,0.997136
838945357,1,0.526906,1.18072,0.904837,0.531129,1.19166,0.885484,0.510468,1.1992,0.885485,0.506448,1.18818,0.904837,0.596881,1.36278,1.02681,0.601712,1.3753,1.00467,0.57791,1.38398,1.00467,0.573311,1.37138,1.02681
838944334,1,0.506047,1.18833,0.851239,0.509852,1.19875,0.831665,0.489215,1.20629,0.831665,0.485589,1.19579,0.851239,0.574065,1.37469,0.967656,0.578448,1.3867,0.945111,0.554529,1.39543,0.94511,0.550352,1.38335,0.967656
