energy,eta,phi,time,detid,front_1_x,front_1_y,front_1_z,front_2_x,front_2_y,front_2_z,front_3_x,front_3_y,front_3_z,front_4_x,front_4_y,front_4_z,back_1_x,back_1_y,back_1_z,back_2_x,back_2_y,back_2_z,back_3_x,back_3_y,back_3_z,back_4_x,back_4_y,back_4_z
0.0378242,-0.0117408,2.93898,-2.42403,838861491,-1.26724,0.249227,-0.0269319,-1.26724,0.249227,-0.00338405,-1.26199,0.270373,-0.00338404,-1.26199,0.270363,-0.0269319,-1.49046,0.304675,-0.028832,-1.49046,0.304675,-0.00338405,-1.48424,0.329716,-0.00338404,-1.48424,0.329706,-0.028832
0.238322,-0.0117308,2.95614,9.19959,838861492,-1.27259,0.227686,-0.0269319,-1.2726,0.227676,-0.00338405,-1.26734,0.248821,-0.00338403,-1.26734,0.248821,-0.0269319,-1.49678,0.279238,-0.0288321,-1.49678,0.279227,-0.00338405,-1.49056,0.304269,-0.00338403,-1.49056,0.304269,-0.028832
1.75702,-0.0117411,2.97743,-1.48644,838861493,-1.27588,0.200332,-0.0269319,-1.27588,0.200332,-0.00338405,-1.27137,0.221647,-0.00338403,-1.27137,0.221637,-0.0269319,-1.50089,0.248009,-0.0288321,-1.50089,0.248009,-0.00338405,-1.49554,0.273251,-0.00338403,-1.49554,0.27324,-0.028832
2.91173,-0.0117304,2.99459,0.926773,838861494,-1.28049,0.178618,-0.0269319,-1.28049,0.178608,-0.00338404,-1.27597,0.199923,-0.00338404,-1.27597,0.199923,-0.0269319,-1.50632,0.222368,-0.028832,-1.50632,0.222357,-0.00338404,-1.50098,0.247599,-0.00338404,-1.50098,0.247599,-0.028832
1.84814,-0.0117404,3.01194,0.361438,838861495,-1.28211,0.156193,-0.0269319,-1.28211,0.156193,-0.00338405,-1.27834,0.177653,-0.00338404,-1.27835,0.177642,-0.0269319,-1.50864,0.195982,-0.028832,-1.50864,0.195982,-0.00338405,-1.50418,0.221395,-0.00338404,-1.50418,0.221384,-0.028832
0.4592,-0.0117298,3.02911,-5.10801,838861496,-1.28595,0.134331,-0.026932,-1.28595,0.134321,-0.00338405,-1.28219,0.155781,-0.00338403,-1.28219,0.155781,-0.0269319,-1.51318,0.170167,-0.0288321,-1.51318,0.170156,-0.00338405,-1.50872,0.19557,-0.00338403,-1.50872,0.19557,-0.028832
0.00849951,-0.0117399,3.04645,-4.0742,838861497,-1.28679,0.111863,-0.0269319,-1.28679,0.111863,-0.00338404,-1.28378,0.133441,-0.00338405,-1.28378,0.133431,-0.0269319,-1.51458,0.143716,-0.028832,-1.51458,0.143716,-0.00338404,-1.51101,0.16927,-0.00338405,-1.51101,0.169259,-0.028832
-0.00967982,-0.0117395,3.08097,-2.7879,838861499,-1.28993,0.0673968,-0.0269319,-1.28993,0.0673968,-0.00338403,-1.28766,0.0890674,-0.00338405,-1.28767,0.0890569,-0.026932,-1.51868,0.0912749,-0.028832,-1.51868,0.0912749,-0.00338403,-1.516,0.116938,-0.00338405,-1.51601,0.116927,-0.0288321
0.866413,-0.011729,3.09813,-0.790642,838861500,-1.29223,0.0453205,-0.0269319,-1.29223,0.0453101,-0.00338405,-1.28997,0.0669806,-0.00338403,-1.28997,0.0669806,-0.0269319,-1.5214,0.0652069,-0.0288321,-1.52141,0.0651956,-0.00338405,-1.51873,0.0908587,-0.00338403,-1.51873,0.0908587,-0.028832
0.0647091,-0.0117393,3.11548,-2.87519,838861501,-1.2915,0.0228483,-0.0269319,-1.2915,0.0228483,-0.00338404,-1.29,0.0445847,-0.00338404,-1.29,0.0445742,-0.0269319,-1.52095,0.0387223,-0.028832,-1.52095,0.0387223,-0.00338404,-1.51917,0.0644633,-0.00338404,-1.51917,0.064452,-0.028832
-0.0765704,-0.0117289,3.13264,-3.64294,838861502,-1.29303,0.000705006,-0.0269319,-1.29304,0.000694535,-0.00338404,-1.29153,0.0224309,-0.00338404,-1.29153,0.0224309,-0.0269319,-1.52276,0.0125752,-0.028832,-1.52276,0.0125639,-0.00338404,-1.52098,0.0383049,-0.00338404,-1.52098,0.0383049,-0.028832
0.166756,-0.0302948,2.93897,-25.2428,838862003,-1.26724,0.249227,-0.0508939,-1.26743,0.249274,-0.0273468,-1.26218,0.27042,-0.0273468,-1.26199,0.270363,-0.0508939,-1.49044,0.304669,-0.054686,-1.49064,0.30472,-0.0292388,-1.48442,0.329761,-0.0292388,-1.48422,0.3297,-0.054686
0.311995,-0.0302691,2.95614,6.59126,838862004,-1.27259,0.227686,-0.0508939,-1.27278,0.227722,-0.0273468,-1.26753,0.248868,-0.0273468,-1.26734,0.248821,-0.0508939,-1.49676,0.279233,-0.054686,-1.49696,0.279272,-0.0292388,-1.49074,0.304314,-0.0292388,-1.49054,0.304263,-0.054686
0.348838,-0.0302958,2.97742,8.97607,838862005,-1.27588,0.200332,-0.0508939,-1.27607,0.200372,-0.0273468,-1.27156,0.221687,-0.0273468,-1.27137,0.221637,-0.0508939,-1.50087,0.248004,-0.054686,-1.50107,0.248047,-0.0292388,-1.49572,0.273289,-0.0292388,-1.49552,0.273235,-0.054686
1.24066,-0.0302681,2.99459,1.29639,838862006,-1.28049,0.178618,-0.0508939,-1.28068,0.178648,-0.0273468,-1.27616,0.199963,-0.0273468,-1.27597,0.199923,-0.0508939,-1.5063,0.222363,-0.054686,-1.50651,0.222396,-0.0292388,-1.50116,0.247638,-0.0292388,-1.50095,0.247594,-0.054686
0.664005,-0.0302939,3.01194,-0.956433,838862007,-1.28211,0.156193,-0.0508939,-1.2823,0.156226,-0.0273468,-1.27853,0.177686,-0.0273468,-1.27835,0.177642,-0.0508939,-1.50862,0.195978,-0.054686,-1.50883,0.196014,-0.0292388,-1.50436,0.221428,-0.0292388,-1.50416,0.22138,-0.054686
0.257766,-0.0302665,3.0291,-1.29898,838862008,-1.28595,0.134331,-0.0508939,-1.28614,0.134354,-0.0273468,-1.28238,0.155814,-0.0273468,-1.28218,0.155781,-0.0508939,-1.51316,0.170163,-0.054686,-1.51336,0.170188,-0.0292388,-1.5089,0.195602,-0.0292388,-1.50869,0.195566,-0.054686
0.0542073,-0.0302925,3.04645,-3.43201,838862009,-1.2868,0.111863,-0.0508939,-1.28699,0.11189,-0.0273468,-1.28397,0.133468,-0.0273468,-1.28378,0.133431,-0.0508939,-1.51456,0.143713,-0.054686,-1.51476,0.143742,-0.0292388,-1.51119,0.169296,-0.0292388,-1.51098,0.169256,-0.054686
0.0623256,-0.0302653,3.06361,-4.0458,838862010,-1.28987,0.0898807,-0.0508939,-1.29006,0.0898972,-0.0273468,-1.28704,0.111476,-0.0273468,-1.28685,0.111449,-0.0508939,-1.51819,0.117756,-0.054686,-1.51839,0.117774,-0.0292388,-1.51482,0.143327,-0.0292388,-1.51461,0.143298,-0.054686
0.0713488,-0.0302915,3.08096,-3.42534,838862011,-1.28993,0.0673968,-0.0508939,-1.29012,0.0674169,-0.0273468,-1.28786,0.0890875,-0.0273468,-1.28767,0.0890569,-0.0508939,-1.51866,0.0912724,-0.054686,-1.51887,0.0912942,-0.0292388,-1.51619,0.116957,-0.0292388,-1.51598,0.116924,-0.054686
0.297782,-0.0302645,3.09813,-0.197038,838862012,-1.29223,0.0453205,-0.0508939,-1.29242,0.0453302,-0.0273468,-1.29016,0.0670008,-0.0273468,-1.28997,0.0669806,-0.0508939,-1.52138,0.0652044,-0.054686,-1.52159,0.0652149,-0.0292388,-1.51891,0.090878,-0.0292388,-1.5187,0.0908563,-0.054686
0.0957898,-0.030291,3.11548,-3.62531,838862013,-1.2915,0.0228483,-0.0508939,-1.2917,0.0228617,-0.0273468,-1.29019,0.044598,-0.0273468,-1.29,0.0445742,-0.0508939,-1.52093,0.0387207,-0.054686,-1.52114,0.0387352,-0.0292388,-1.51936,0.0644762,-0.0292388,-1.51915,0.0644504,-0.054686
-0.0194135,-0.0302642,3.13264,-2.64908,838862014,-1.29303,0.000705005,-0.0508939,-1.29323,0.000707907,-0.0273468,-1.29172,0.0224443,-0.0273468,-1.29153,0.0224309,-0.0508939,-1.52274,0.0125736,-0.054686,-1.52295,0.0125767,-0.0292388,-1.52117,0.0383177,-0.0292388,-1.52096,0.0383033,-0.054686
0.0543942,-0.0488355,2.90445,-3.22403,838862513,-1.25796,0.292827,-0.0748583,-1.25833,0.292933,-0.0513136,-1.25234,0.313882,-0.0513136,-1.25198,0.313766,-0.0748583,-1.47904,0.356019,-0.0805421,-1.47945,0.356134,-0.0550975,-1.47236,0.380943,-0.0550975,-1.47196,0.380817,-0.0805421
0.0829477,-0.0487937,2.92162,32.0849,838862514,-1.26406,0.271485,-0.0748583,-1.26444,0.271581,-0.0513136,-1.25845,0.292531,-0.0513136,-1.25808,0.292424,-0.0748583,-1.48625,0.330819,-0.0805421,-1.48665,0.330923,-0.0550975,-1.47956,0.355732,-0.0550975,-1.47916,0.355617,-0.0805421
0.0737167,-0.0488382,2.93897,-3.79761,838862515,-1.26724,0.249227,-0.0748583,-1.26762,0.249321,-0.0513136,-1.26237,0.270467,-0.0513136,-1.26199,0.270363,-0.0748583,-1.4904,0.30466,-0.0805421,-1.49081,0.304761,-0.0550975,-1.48458,0.329802,-0.0550975,-1.48418,0.32969,-0.0805421
0.190083,-0.0487967,2.95614,-15.2744,838862516,-1.27259,0.227686,-0.0748583,-1.27297,0.227769,-0.0513136,-1.26772,0.248915,-0.0513136,-1.26734,0.248821,-0.0748583,-1.49672,0.279223,-0.0805421,-1.49713,0.279313,-0.0550975,-1.49091,0.304355,-0.0550975,-1.4905,0.304254,-0.080542
0.0277329,-0.0488398,2.97742,-4.24855,838862517,-1.27588,0.200332,-0.0748583,-1.27626,0.200412,-0.0513136,-1.27175,0.221727,-0.0513136,-1.27137,0.221637,-0.0748583,-1.50083,0.247996,-0.0805421,-1.50124,0.248082,-0.0550975,-1.49589,0.273325,-0.0550975,-1.49548,0.273227,-0.0805421
0.105344,-0.0487952,2.99458,16.7433,838862518,-1.28049,0.178618,-0.0748583,-1.28087,0.178688,-0.0513136,-1.27635,0.200003,-0.0513136,-1.27597,0.199923,-0.0748583,-1.50626,0.222355,-0.0805421,-1.50667,0.222431,-0.0550975,-1.50132,0.247673,-0.0550975,-1.50091,0.247586,-0.0805421
0.0654092,-0.0488368,3.01193,-4.72343,838862519,-1.28211,0.156193,-0.0748583,-1.28249,0.15626,-0.0513136,-1.27872,0.17772,-0.0513136,-1.27835,0.177642,-0.0748583,-1.50858,0.195971,-0.0805421,-1.509,0.196044,-0.0550975,-1.50453,0.221457,-0.0550975,-1.50412,0.221373,-0.0805421
-0.0452316,-0.0487925,3.0291,-4.81615,838862520,-1.28595,0.134331,-0.0748583,-1.28634,0.134388,-0.0513136,-1.28257,0.155848,-0.0513136,-1.28218,0.155781,-0.0748583,-1.51312,0.170157,-0.0805421,-1.51353,0.170218,-0.0550975,-1.50907,0.195631,-0.0550975,-1.50866,0.195559,-0.0805421
-0.0245418,-0.0488345,3.04645,-5.38491,838862521,-1.2868,0.111863,-0.0748583,-1.28718,0.111917,-0.0513136,-1.28416,0.133495,-0.0513136,-1.28378,0.133431,-0.0748583,-1.51452,0.143707,-0.0805421,-1.51493,0.143765,-0.0550975,-1.51136,0.169319,-0.0550975,-1.51095,0.16925,-0.0805421
-0.0477936,-0.0487906,3.06361,-4.19735,838862522,-1.28987,0.0898807,-0.0748583,-1.29025,0.089924,-0.0513136,-1.28724,0.111502,-0.0513136,-1.28685,0.111449,-0.0748583,-1.51815,0.11775,-0.0805421,-1.51856,0.117797,-0.0550975,-1.51499,0.143351,-0.0550975,-1.51457,0.143293,-0.0805421
0.0304158,-0.0488329,3.08096,-3.1018,838862523,-1.28993,0.0673968,-0.0748583,-1.29031,0.0674371,-0.0513136,-1.28805,0.0891076,-0.0513136,-1.28767,0.0890569,-0.0748583,-1.51862,0.0912684,-0.0805421,-1.51904,0.0913119,-0.0550975,-1.51636,0.116975,-0.0550975,-1.51594,0.11692,-0.0805421
0.108849,-0.0487893,3.09812,-15.1319,838862524,-1.29223,0.0453205,-0.0748583,-1.29262,0.0453503,-0.0513136,-1.29036,0.0670209,-0.0513136,-1.28997,0.0669806,-0.0748583,-1.52134,0.0652004,-0.0805421,-1.52176,0.0652326,-0.0550975,-1.51908,0.0908957,-0.0550975,-1.51866,0.0908523,-0.0805421
-0.0447437,-0.048832,3.11547,-4.44094,838862525,-1.2915,0.0228483,-0.0748583,-1.29189,0.0228751,-0.0513136,-1.29039,0.0446114,-0.0513136,-1.29,0.0445742,-0.0748583,-1.52089,0.038718,-0.0805421,-1.52131,0.0387469,-0.0550975,-1.51953,0.0644879,-0.0550975,-1.51911,0.0644477,-0.0805421
-0.0622542,-0.0487888,3.13263,-3.81771,838862526,-1.29303,0.00070501,-0.0748583,-1.29342,0.000721273,-0.0513136,-1.29192,0.0224576,-0.0513136,-1.29153,0.0224309,-0.0748583,-1.5227,0.0125709,-0.0805421,-1.52312,0.0125884,-0.0550975,-1.52134,0.0383295,-0.0550975,-1.52092,0.0383006,-0.0805421
0.173319,-0.0673594,0.775543,29.2019,838862903,0.91463,0.912036,-0.0988267,0.915062,0.912425,-0.075286,0.929654,0.896245,-0.075286,0.929215,0.895863,-0.0988267,1.08534,1.066,-0.106402,1.08581,1.06642,-0.0809616,1.10309,1.04726,-0.0809616,1.10261,1.04684,-0.106402
0.0199592,-0.067362,2.90445,-3.20503,838863025,-1.25796,0.292827,-0.0988267,-1.25852,0.292986,-0.075286,-1.25253,0.313936,-0.075286,-1.25198,0.313766,-0.0988267,-1.47899,0.356004,-0.106402,-1.4796,0.356177,-0.0809616,-1.4725,0.380986,-0.0809616,-1.4719,0.380802,-0.106402
-0.0175888,-0.0673045,2.92162,-3.16542,838863026,-1.26406,0.271485,-0.0988267,-1.26462,0.271635,-0.075286,-1.25863,0.292584,-0.075286,-1.25808,0.292424,-0.0988267,-1.48619,0.330804,-0.106402,-1.4868,0.330965,-0.0809616,-1.47971,0.355774,-0.0809616,-1.47911,0.355602,-0.106402
0.0137111,-0.0673657,2.93897,-2.83357,838863027,-1.26724,0.249227,-0.0988267,-1.26781,0.249368,-0.075286,-1.26255,0.270513,-0.075286,-1.26199,0.270363,-0.0988267,-1.49035,0.304647,-0.106402,-1.49096,0.304798,-0.0809616,-1.48474,0.32984,-0.0809616,-1.48413,0.329677,-0.106402
-0.023307,-0.0673086,2.95613,-3.1986,838863028,-1.27259,0.227686,-0.0988267,-1.27316,0.227816,-0.075286,-1.26791,0.248961,-0.075286,-1.26734,0.248821,-0.0988267,-1.49666,0.27921,-0.106402,-1.49728,0.27935,-0.0809616,-1.49106,0.304392,-0.0809616,-1.49045,0.304241,-0.106402
0.0982483,-0.0673679,2.97742,28.5362,838863029,-1.27588,0.200332,-0.0988267,-1.27645,0.200453,-0.075286,-1.27194,0.221768,-0.075286,-1.27137,0.221637,-0.0988267,-1.50077,0.247984,-0.106402,-1.50139,0.248115,-0.0809616,-1.49604,0.273357,-0.0809616,-1.49543,0.273215,-0.106402
-1.36682e-05,-0.0857867,2.74905,-5.13951,838863528,-1.1988,0.484556,-0.122801,-1.1995,0.484886,-0.0992656,-1.18996,0.504476,-0.0992656,-1.18927,0.504137,-0.122801,-1.40718,0.581544,-0.132267,-1.40794,0.5819,-0.106832,-1.39665,0.605099,-0.106833,-1.39589,0.604733,-0.132267
0.0469091,-0.0858616,2.7664,-5.01077,838863529,-1.2058,0.46319,-0.122801,-1.20651,0.463505,-0.0992656,-1.19766,0.483416,-0.0992656,-1.19696,0.483092,-0.122801,-1.41581,0.556508,-0.132267,-1.41658,0.556848,-0.106833,-1.4061,0.580428,-0.106832,-1.40534,0.580077,-0.132267
0.074519,-0.0857858,2.78356,9.48147,838863530,-1.21481,0.442906,-0.122801,-1.21553,0.443211,-0.0992656,-1.20668,0.463122,-0.0992656,-1.20597,0.462808,-0.122801,-1.42646,0.532556,-0.132267,-1.42723,0.532886,-0.106833,-1.41675,0.556466,-0.106832,-1.41598,0.556126,-0.132267
-0.00827373,-0.0858612,2.80091,-4.97881,838863531,-1.22107,0.421309,-0.122801,-1.22178,0.421599,-0.0992656,-1.21364,0.441807,-0.0992657,-1.21292,0.441507,-0.122801,-1.43421,0.507235,-0.132267,-1.43499,0.507548,-0.106832,-1.42534,0.531479,-0.106833,-1.42457,0.531155,-0.132267
0.0594487,-0.0857861,2.81807,79.2893,838863532,-1.22936,0.400723,-0.122801,-1.23009,0.401002,-0.0992656,-1.22194,0.42121,-0.0992656,-1.22122,0.420921,-0.122801,-1.44401,0.482926,-0.132267,-1.44479,0.483229,-0.106832,-1.43514,0.50716,-0.106833,-1.43437,0.506847,-0.132267
0.0210391,-0.0858678,2.90445,-4.13586,838863537,-1.25796,0.292827,-0.122801,-1.25871,0.29304,-0.0992656,-1.25272,0.313989,-0.0992656,-1.25198,0.313766,-0.122801,-1.47892,0.355985,-0.132267,-1.47973,0.356215,-0.106833,-1.47264,0.381024,-0.106832,-1.47184,0.380783,-0.132267
0.075715,-0.0857944,2.92161,28.7995,838863538,-1.26406,0.271485,-0.122801,-1.26481,0.271688,-0.0992656,-1.25882,0.292637,-0.0992656,-1.25808,0.292424,-0.122801,-1.48613,0.330784,-0.132267,-1.48694,0.331004,-0.106833,-1.47984,0.355813,-0.106832,-1.47904,0.355583,-0.132267
0.541032,-0.0858724,2.93896,-1.12951,838863539,-1.26724,0.249227,-0.122801,-1.26799,0.249414,-0.0992656,-1.26274,0.27056,-0.0992656,-1.26199,0.270363,-0.122801,-1.49028,0.30463,-0.132267,-1.49109,0.304832,-0.106833,-1.48487,0.329873,-0.106832,-1.48406,0.32966,-0.132267
0.0191312,-0.0857997,2.95613,-4.35168,838863540,-1.27259,0.227686,-0.122801,-1.27335,0.227862,-0.0992656,-1.2681,0.249008,-0.0992656,-1.26734,0.248821,-0.122801,-1.4966,0.279193,-0.132267,-1.49741,0.279384,-0.106833,-1.49119,0.304426,-0.106833,-1.49038,0.304224,-0.132267
-0.0563191,-0.0858752,2.97741,-5.12274,838863541,-1.27588,0.200332,-0.122801,-1.27664,0.200493,-0.0992656,-1.27213,0.221808,-0.0992656,-1.27137,0.221637,-0.122801,-1.50071,0.24797,-0.132267,-1.50153,0.248143,-0.106832,-1.49618,0.273385,-0.106832,-1.49536,0.273201,-0.132267
-0.0270439,-0.103723,2.74905,-3.03737,838864040,-1.1988,0.484556,-0.14541,-1.19964,0.484919,-0.123253,-1.19009,0.504536,-0.123253,-1.18927,0.504137,-0.14541,-1.40701,0.581494,-0.158875,-1.408,0.581923,-0.132711,-1.39671,0.605128,-0.132711,-1.39574,0.604657,-0.158875
0.0418969,-0.103814,2.76639,53.4208,838864041,-1.2058,0.46319,-0.14541,-1.20663,0.463561,-0.123253,-1.19777,0.483499,-0.123253,-1.19696,0.483092,-0.14541,-1.41566,0.556438,-0.158875,-1.41664,0.556876,-0.132711,-1.40616,0.580461,-0.132711,-1.4052,0.579981,-0.158875
-0.0655257,-0.103722,2.78356,-3.53671,838864042,-1.21481,0.442906,-0.14541,-1.21566,0.44324,-0.123253,-1.2068,0.463178,-0.123253,-1.20597,0.462808,-0.14541,-1.42629,0.532513,-0.158875,-1.42729,0.532907,-0.132711,-1.41681,0.556493,-0.132711,-1.41583,0.556056,-0.158875
0.000245313,-0.103813,2.8009,-1.95033,838864043,-1.22107,0.421309,-0.14541,-1.22191,0.42165,-0.123253,-1.21375,0.441885,-0.123253,-1.21292,0.441507,-0.14541,-1.43405,0.507171,-0.158875,-1.43505,0.507573,-0.132711,-1.4254,0.53151,-0.132711,-1.42442,0.531064,-0.158875
-0.0515476,-0.103722,2.81807,-1.42782,838864044,-1.22936,0.400722,-0.14541,-1.23022,0.401026,-0.123253,-1.22207,0.421262,-0.123253,-1.22122,0.420921,-0.14541,-1.44384,0.482888,-0.158875,-1.44486,0.483248,-0.132711,-1.43521,0.507185,-0.132711,-1.43421,0.506782,-0.158875
0.0164011,-0.103821,2.90444,-2.94242,838864049,-1.25796,0.292827,-0.14541,-1.25884,0.293077,-0.123253,-1.25284,0.314055,-0.123253,-1.25198,0.313766,-0.14541,-1.47876,0.355938,-0.158875,-1.47979,0.356234,-0.132711,-1.4727,0.381049,-0.132711,-1.47168,0.380708,-0.158875
0.0829769,-0.103733,2.92161,-2.48994,838864050,-1.26406,0.271485,-0.14541,-1.26495,0.271697,-0.123253,-1.25895,0.292675,-0.123253,-1.25808,0.292424,-0.14541,-1.48595,0.330765,-0.158875,-1.487,0.331016,-0.132711,-1.47991,0.355831,-0.132711,-1.47887,0.355535,-0.158875
0.0845274,-0.103827,2.93896,-2.59535,838864051,-1.26724,0.249228,-0.14541,-1.26813,0.249447,-0.123253,-1.26287,0.270622,-0.123253,-1.26199,0.270363,-0.14541,-1.49011,0.304588,-0.158875,-1.49116,0.304848,-0.132711,-1.48493,0.329896,-0.132711,-1.4839,0.329591,-0.158875
0.042026,-0.103739,2.95613,-3.08847,838864052,-1.27259,0.227686,-0.14541,-1.27349,0.227867,-0.123253,-1.26823,0.249041,-0.123253,-1.26734,0.248821,-0.14541,-1.49642,0.27918,-0.158875,-1.49748,0.279394,-0.132711,-1.49126,0.304442,-0.132711,-1.49021,0.304182,-0.158875
-0.0390652,-0.10383,2.9774,-2.30106,838864053,-1.27588,0.200332,-0.14541,-1.27678,0.200521,-0.123253,-1.27225,0.221865,-0.123253,-1.27137,0.221637,-0.14541,-1.50054,0.247934,-0.158875,-1.50159,0.248158,-0.132711,-1.49624,0.273406,-0.132711,-1.4952,0.273137,-0.158875
0.161061,-0.121208,0.18487,-2.51819,838864405,1.26746,0.248128,-0.168009,1.26874,0.248309,-0.145871,1.27179,0.226706,-0.145871,1.2705,0.226564,-0.168009,1.49458,0.280194,-0.185468,1.49609,0.280409,-0.159326,1.4997,0.254853,-0.159326,1.49818,0.254685,-0.185468
0.0994011,-0.121083,2.74904,-17.8943,838864552,-1.1988,0.484556,-0.168009,-1.19998,0.485088,-0.145871,-1.19043,0.504705,-0.145871,-1.18927,0.504137,-0.168009,-1.40677,0.581376,-0.185468,-1.40817,0.582005,-0.159326,-1.39687,0.60521,-0.159326,-1.3955,0.604539,-0.185468
-0.00729212,-0.121189,2.76639,-3.57142,838864553,-1.2058,0.46319,-0.168009,-1.20699,0.463717,-0.145871,-1.19813,0.483655,-0.145871,-1.19696,0.483092,-0.168009,-1.41541,0.556329,-0.185468,-1.41681,0.556951,-0.159326,-1.40633,0.580537,-0.159326,-1.40495,0.579872,-0.185468
2.65253,-0.121082,2.78355,-9.55383,838864554,-1.21481,0.442906,-0.168009,-1.21602,0.443397,-0.145871,-1.20716,0.463335,-0.145871,-1.20597,0.462808,-0.168009,-1.42604,0.532404,-0.185468,-1.42746,0.532983,-0.159326,-1.41698,0.556568,-0.159326,-1.41558,0.555946,-0.185468
0.176626,-0.121188,2.8009,-27.0296,838864555,-1.22107,0.421309,-0.168009,-1.22227,0.421794,-0.145871,-1.21411,0.442029,-0.145871,-1.21292,0.441507,-0.168009,-1.4338,0.50707,-0.185468,-1.43522,0.507643,-0.159326,-1.42557,0.53158,-0.159326,-1.42417,0.530964,-0.185468
0.0545651,-0.121083,2.81807,-1.6347,838864556,-1.22936,0.400722,-0.168009,-1.23058,0.40117,-0.145871,-1.22243,0.421406,-0.145871,-1.22122,0.420921,-0.168009,-1.44359,0.482788,-0.185468,-1.44503,0.483317,-0.159326,-1.43538,0.507254,-0.159326,-1.43396,0.506682,-0.185468
0.0988699,-0.121198,2.90443,49.7245,838864561,-1.25796,0.292827,-0.168009,-1.25921,0.293183,-0.145871,-1.25321,0.314161,-0.145871,-1.25198,0.313766,-0.168009,-1.4785,0.355864,-0.185468,-1.47997,0.356285,-0.159326,-1.47288,0.3811,-0.159326,-1.47142,0.380634,-0.185468
0.049527,-0.121094,2.9216,-3.59265,838864562,-1.26406,0.271485,-0.168009,-1.26532,0.271803,-0.145871,-1.25932,0.292781,-0.145871,-1.25808,0.292424,-0.168009,-1.48569,0.330691,-0.185468,-1.48718,0.331067,-0.159326,-1.48009,0.355882,-0.159326,-1.47861,0.355461,-0.185468
-0.00899576,-0.121204,2.93895,-3.22802,838864563,-1.26724,0.249228,-0.168009,-1.2685,0.24954,-0.145871,-1.26324,0.270715,-0.145871,-1.26199,0.270363,-0.168009,-1.48985,0.304524,-0.185468,-1.49134,0.304893,-0.159326,-1.48511,0.329941,-0.159326,-1.48364,0.329526,-0.185468
-0.0240339,-0.121102,2.95612,-2.64429,838864564,-1.27259,0.227686,-0.168009,-1.27386,0.22796,-0.145871,-1.2686,0.249134,-0.145871,-1.26734,0.248821,-0.168009,-1.49616,0.279115,-0.185468,-1.49766,0.279439,-0.159326,-1.49144,0.304486,-0.159326,-1.48995,0.304117,-0.185468
0.0186586,-0.121208,2.9774,-2.95974,838864565,-1.27588,0.200332,-0.168009,-1.27715,0.200601,-0.145871,-1.27263,0.221945,-0.145871,-1.27137,0.221637,-0.168009,-1.50027,0.247879,-0.185468,-1.50177,0.248196,-0.159326,-1.49642,0.273445,-0.159326,-1.49493,0.273081,-0.185468
-0.00855419,-0.138425,2.74903,-3.50309,838865064,-1.1988,0.484556,-0.190634,-1.20033,0.485257,-0.168522,-1.19078,0.504873,-0.168522,-1.18927,0.504137,-0.190634,-1.40647,0.581228,-0.212083,-1.40827,0.582055,-0.185971,-1.39698,0.60526,-0.185971,-1.39519,0.604391,-0.212083
0.0873127,-0.138545,2.76638,-3.68871,838865065,-1.2058,0.46319,-0.190634,-1.20734,0.463874,-0.168522,-1.19848,0.483812,-0.168522,-1.19696,0.483092,-0.190634,-1.4151,0.556191,-0.212083,-1.41692,0.556998,-0.185971,-1.40644,0.580584,-0.185971,-1.40464,0.579734,-0.212083
-0.0492059,-0.138424,2.78354,-4.59196,838865066,-1.21481,0.442906,-0.190634,-1.21637,0.443553,-0.168522,-1.20751,0.463491,-0.168522,-1.20597,0.462808,-0.190634,-1.42573,0.532266,-0.212083,-1.42757,0.53303,-0.185971,-1.41709,0.556615,-0.185971,-1.41527,0.555809,-0.212083
0.0941982,-0.138545,2.80089,0.436611,838865067,-1.22107,0.421309,-0.190634,-1.22263,0.421938,-0.168522,-1.21447,0.442173,-0.168522,-1.21292,0.441507,-0.190634,-1.43349,0.506943,-0.212083,-1.43533,0.507686,-0.185971,-1.42568,0.531623,-0.185971,-1.42385,0.530837,-0.212083
-0.0292888,-0.138424,2.81806,-3.83238,838865068,-1.22936,0.400722,-0.190634,-1.23094,0.401314,-0.168522,-1.22278,0.42155,-0.168522,-1.22122,0.420921,-0.190634,-1.44328,0.482661,-0.212083,-1.44514,0.483361,-0.185971,-1.43549,0.507298,-0.185971,-1.43364,0.506555,-0.212083
-0.0179858,-0.138555,2.90443,-2.53436,838865073,-1.25796,0.292827,-0.190634,-1.25958,0.293289,-0.168522,-1.25358,0.314267,-0.168522,-1.25198,0.313766,-0.190634,-1.47817,0.355771,-0.212083,-1.48008,0.356317,-0.185971,-1.47299,0.381132,-0.185971,-1.47109,0.380541,-0.212083
0.0445225,-0.138438,2.9216,-3.49399,838865074,-1.26406,0.271485,-0.190634,-1.26569,0.271909,-0.168522,-1.25969,0.292887,-0.168522,-1.25808,0.292424,-0.190634,-1.48537,0.330598,-0.212083,-1.48729,0.331099,-0.185971,-1.4802,0.355914,-0.185971,-1.47829,0.355368,-0.212083
-0.00200881,-0.138563,2.93894,-3.92371,838865075,-1.26724,0.249228,-0.190634,-1.26888,0.249633,-0.168522,-1.26362,0.270807,-0.168522,-1.26199,0.270363,-0.190634,-1.48952,0.304442,-0.212083,-1.49145,0.304921,-0.185971,-1.48523,0.329969,-0.185971,-1.48331,0.329444,-0.212083
0.124811,-0.155748,2.74902,22.0806,838865576,-1.1988,0.484556,-0.213293,-1.20067,0.485425,-0.191214,-1.19112,0.505041,-0.191213,-1.18927,0.504137,-0.213293,-1.4061,0.581049,-0.238724,-1.40832,0.582076,-0.212651,-1.39702,0.605281,-0.212651,-1.39482,0.604212,-0.238724
-0.0855088,-0.155884,2.76637,-3.40424,838865577,-1.2058,0.46319,-0.213293,-1.20769,0.46403,-0.191214,-1.19883,0.483968,-0.191213,-1.19696,0.483092,-0.213293,-1.41473,0.556026,-0.238724,-1.41696,0.557017,-0.212651,-1.40648,0.580603,-0.212651,-1.40427,0.579569,-0.238724
-0.010261,-0.155747,2.78354,-1.86281,838865578,-1.21481,0.442906,-0.213293,-1.21672,0.443709,-0.191213,-1.20786,0.463647,-0.191213,-1.20597,0.462808,-0.213293,-1.42536,0.532101,-0.238724,-1.42761,0.533049,-0.212651,-1.41713,0.556634,-0.212651,-1.4149,0.555643,-0.238724
-0.0336569,-0.155883,2.80088,-3.41926,838865579,-1.22107,0.421309,-0.213293,-1.22298,0.422082,-0.191214,-1.21482,0.442317,-0.191213,-1.21292,0.441507,-0.213293,-1.43311,0.506791,-0.238724,-1.43537,0.507703,-0.212651,-1.42572,0.531641,-0.212651,-1.42348,0.530684,-0.238724
-0.0751011,-0.155747,2.81805,-2.86036,838865580,-1.22936,0.400722,-0.213293,-1.2313,0.401458,-0.191213,-1.22314,0.421693,-0.191214,-1.22122,0.420921,-0.213293,-1.4429,0.482509,-0.238724,-1.44518,0.483378,-0.212651,-1.43553,0.507315,-0.212651,-1.43326,0.506402,-0.238724
-0.00199864,-0.155895,2.90442,73.4427,838865585,-1.25796,0.292827,-0.213293,-1.25995,0.293395,-0.191214,-1.25395,0.314372,-0.191213,-1.25198,0.313766,-0.213293,-1.47778,0.355659,-0.238724,-1.48013,0.356329,-0.212651,-1.47304,0.381145,-0.212651,-1.4707,0.380429,-0.238724
0.00851287,-0.155762,2.92159,-3.09054,838865586,-1.26406,0.271485,-0.213293,-1.26606,0.272015,-0.191213,-1.26006,0.292992,-0.191213,-1.25808,0.292424,-0.213293,-1.48498,0.330486,-0.238724,-1.48734,0.331111,-0.212651,-1.48024,0.355927,-0.212651,-1.4779,0.355256,-0.238724
-0.00997817,-0.155903,2.93894,-3.02641,838865587,-1.26724,0.249228,-0.213293,-1.26925,0.249726,-0.191213,-1.26399,0.2709,-0.191213,-1.26199,0.270363,-0.213293,-1.48912,0.304344,-0.238724,-1.49149,0.304932,-0.212651,-1.48527,0.32998,-0.212651,-1.48291,0.329346,-0.238724
-0.610414,-0.190564,0.637446,-2.35297,838866479,1.03146,0.777519,-0.258872,1.03382,0.779114,-0.236756,1.04606,0.761008,-0.236756,1.04365,0.759473,-0.258872,1.22007,0.904932,-0.292181,1.22285,0.906809,-0.26615,1.23729,0.885439,-0.26615,1.23446,0.883633,-0.292181
-0.0619086,-0.190394,0.689129,-2.90251,838866482,0.990975,0.830607,-0.258872,0.993236,0.832343,-0.236756,1.00609,0.814675,-0.236756,1.00379,0.812998,-0.258872,1.17271,0.967703,-0.292181,1.17537,0.969746,-0.26615,1.19054,0.948893,-0.26615,1.18783,0.94692,-0.292181
0.0455253,-0.190559,0.70647,-1.95375,838866483,0.975397,0.846819,-0.258872,0.977641,0.848575,-0.236756,0.991107,0.831366,-0.236756,0.988818,0.829668,-0.258872,1.15465,0.987086,-0.292181,1.15729,0.989154,-0.26615,1.17318,0.968843,-0.26615,1.17049,0.966844,-0.292181
0.000187349,-0.190394,0.723641,-2.5204,838866484,0.961718,0.8643,-0.258872,0.963917,0.866114,-0.236756,0.977383,0.848905,-0.236756,0.975139,0.847149,-0.258872,1.13855,1.00766,-0.292181,1.14114,1.00979,-0.26615,1.15703,0.989484,-0.26615,1.15439,0.987417,-0.292181
0.0170705,-0.190561,0.740982,-1.93616,838866485,0.945583,0.879958,-0.258872,0.947765,0.881791,-0.236756,0.961824,0.865063,-0.236756,0.959595,0.863286,-0.258872,1.11983,1.0264,-0.292181,1.12239,1.02856,-0.26615,1.13899,1.00882,-0.26615,1.13636,1.00672,-0.292181
0.0346535,-0.190398,0.758153,93.0519,838866486,0.931302,0.89695,-0.258872,0.933436,0.89884,-0.236756,0.947495,0.882112,-0.236756,0.945313,0.880279,-0.258872,1.10302,1.0464,-0.292181,1.10553,1.04862,-0.26615,1.12212,1.02888,-0.26615,1.11956,1.02672,-0.292181
0.0330438,-0.190566,0.775494,-2.82134,838866487,0.91463,0.912035,-0.258872,0.916747,0.913944,-0.236756,0.931381,0.897717,-0.236756,0.929216,0.895863,-0.258872,1.08365,1.06447,-0.292181,1.08614,1.06672,-0.26615,1.10342,1.04757,-0.26615,1.10087,1.04539,-0.292181
-0.0496795,-0.190404,0.792667,-2.10901,838866488,0.899764,0.928519,-0.258872,0.901831,0.930482,-0.236756,0.916465,0.914255,-0.236756,0.914349,0.912347,-0.258872,1.06616,1.08387,-0.292181,1.06859,1.08618,-0.26615,1.08586,1.06703,-0.26615,1.08337,1.06479,-0.292181
0.0607627,-0.190579,0.917485,104.581,838866495,0.776324,1.03225,-0.258872,0.778154,1.03443,-0.236756,0.794902,1.02039,-0.236756,0.793016,1.01826,-0.258872,0.922513,1.2067,-0.292181,0.924667,1.20927,-0.26615,0.944434,1.19271,-0.26615,0.942214,1.19019,-0.292181
0.0477861,-0.190424,-2.62896,-1.8227,838866652,-1.12122,-0.643591,-0.258872,-1.12374,-0.644908,-0.236756,-1.13334,-0.625277,-0.236756,-1.13078,-0.624025,-0.258872,-1.32398,-0.747073,-0.292181,-1.32696,-0.748624,-0.26615,-1.33828,-0.725454,-0.26615,-1.33527,-0.723981,-0.292181
0.0313349,-0.19059,-2.60769,-1.42955,838866653,-1.10616,-0.666659,-0.258872,-1.10867,-0.667999,-0.236756,-1.11894,-0.648712,-0.236756,-1.11639,-0.647437,-0.258872,-1.30705,-0.773643,-0.292181,-1.31002,-0.77522,-0.26615,-1.32214,-0.752456,-0.26615,-1.31914,-0.750956,-0.292181
-0.0731558,-0.190418,-2.59052,-2.04011,838866654,-1.09572,-0.686252,-0.258872,-1.0982,-0.687656,-0.236756,-1.10847,-0.668369,-0.236756,-1.10596,-0.66703,-0.258872,-1.29478,-0.796701,-0.292181,-1.2977,-0.798353,-0.26615,-1.30982,-0.77559,-0.26615,-1.30686,-0.774013,-0.292181
0.0449479,-0.190579,-2.57317,-2.38894,838866655,-1.08255,-0.704475,-0.258872,-1.08502,-0.705901,-0.236756,-1.09596,-0.686985,-0.236756,-1.09346,-0.685622,-0.258872,-1.27959,-0.81841,-0.292181,-1.2825,-0.820089,-0.26615,-1.29541,-0.797763,-0.26615,-1.29246,-0.796159,-0.292181
0.000391365,-0.190408,-2.556,-2.14343,838866656,-1.07144,-0.723691,-0.258872,-1.07387,-0.725181,-0.236756,-1.08481,-0.706265,-0.236756,-1.08234,-0.704838,-0.258872,-1.26652,-0.841025,-0.292181,-1.26938,-0.842779,-0.26615,-1.28229,-0.820452,-0.26615,-1.27938,-0.818773,-0.292181
-0.0659987,-0.19057,-2.53866,-2.30535,838866657,-1.05765,-0.741443,-0.258872,-1.06006,-0.742955,-0.236756,-1.07165,-0.724432,-0.236756,-1.0692,-0.722983,-0.258872,-1.25059,-0.862191,-0.292181,-1.25343,-0.86397,-0.26615,-1.26711,-0.842109,-0.26615,-1.26422,-0.840402,-0.292181
0.0976948,-0.207964,0.495451,-1.92428,838866983,1.13097,0.623648,-0.281796,1.13387,0.625066,-0.259733,1.14346,0.605435,-0.259733,1.14053,0.604083,-0.281796,1.33491,0.723339,-0.319,1.33832,0.725007,-0.293029,1.34965,0.701837,-0.293029,1.3462,0.700246,-0.319
0,-0.225138,0.861681,0,838867516,0.833478,0.988256,-0.304781,0.835928,0.990903,-0.282776,0.85166,0.975737,-0.282776,0.849157,0.973142,-0.304781,0.987735,1.15393,-0.345868,0.990619,1.15704,-0.319967,1.00919,1.13915,-0.319967,1.00624,1.13609,-0.345868
0.103167,-0.242657,0.460924,-2.95596,838868005,1.15188,0.584283,-0.327834,1.15552,0.585905,-0.305894,1.16442,0.565951,-0.305894,1.16075,0.564395,-0.327834,1.3579,0.676216,-0.372792,1.36218,0.678126,-0.346967,1.37269,0.654575,-0.346968,1.36837,0.652743,-0.372793
-0.0678944,-0.242438,0.620077,-2.60016,838868014,1.04587,0.76026,-0.327834,1.04921,0.762434,-0.305894,1.0608,0.743911,-0.305894,1.05742,0.741799,-0.327834,1.23502,0.883268,-0.372792,1.23895,0.885827,-0.346967,1.25263,0.863966,-0.346968,1.24866,0.861479,-0.372793
-0.00919828,-0.242644,0.637427,-3.47182,838868015,1.03146,0.777519,-0.327834,1.03476,0.779748,-0.305894,1.04699,0.761642,-0.305894,1.04365,0.759473,-0.327834,1.2184,0.903805,-0.372792,1.22229,0.906429,-0.346967,1.23672,0.885059,-0.346968,1.23279,0.882506,-0.372793
-0.031092,-0.242432,0.65459,-3.70653,838868016,1.01904,0.795913,-0.327834,1.0223,0.798203,-0.305894,1.03453,0.780096,-0.305894,1.03123,0.777867,-0.327834,1.20378,0.925452,-0.372793,1.20761,0.928147,-0.346968,1.22205,0.906777,-0.346967,1.21817,0.904153,-0.372792
-0.0720443,-0.242639,0.671939,-3.2303,838868017,1.00404,0.812659,-0.327834,1.00726,0.815002,-0.305894,1.02011,0.797333,-0.305894,1.01685,0.795049,-0.327834,1.18645,0.945397,-0.372792,1.19024,0.948155,-0.346967,1.20541,0.927301,-0.346968,1.20157,0.924613,-0.372793
-0.0611258,-0.242429,0.689103,-2.70245,838868018,0.990975,0.830607,-0.327834,0.994151,0.833009,-0.305894,1.00701,0.815341,-0.305894,1.00379,0.812998,-0.327834,1.17108,0.966519,-0.372792,1.17482,0.969347,-0.346967,1.18999,0.948494,-0.346968,1.1862,0.945736,-0.372793
0.100889,-0.242434,0.758128,48.2063,838868022,0.931302,0.89695,-0.327834,0.934303,0.899568,-0.305894,0.948362,0.882841,-0.305894,0.945313,0.880279,-0.327834,1.10148,1.0451,-0.372792,1.10501,1.04819,-0.346967,1.1216,1.02844,-0.346968,1.11802,1.02543,-0.372792
0.103886,-0.242647,0.775476,-21.5631,838868023,0.91463,0.912035,-0.327834,0.917587,0.914702,-0.305894,0.932222,0.898475,-0.305894,0.929216,0.895863,-0.327834,1.08216,1.06313,-0.372792,1.08564,1.06627,-0.346967,1.10291,1.04711,-0.346968,1.09937,1.04404,-0.372793
0.159025,-0.242638,1.05552,7.91599,838868039,0.626945,1.12935,-0.327834,0.629052,1.13273,-0.305894,0.647592,1.12117,-0.305894,0.645422,1.11783,-0.327834,0.746346,1.32076,-0.372792,0.748827,1.32474,-0.346967,0.770709,1.31109,-0.346968,0.768155,1.30716,-0.372793
0.0295456,-0.259971,0.426404,-4.47502,838868515,1.17141,0.544211,-0.350962,1.17544,0.545846,-0.329094,1.18365,0.525593,-0.329094,1.17958,0.524025,-0.350962,1.37976,0.628591,-0.399779,1.38452,0.630516,-0.374038,1.3942,0.606612,-0.374038,1.38941,0.604767,-0.399779
-0.0685498,-0.259752,0.443567,-2.70568,838868516,1.16307,0.564785,-0.350962,1.16708,0.566488,-0.329094,1.17529,0.546235,-0.329094,1.17125,0.5446,-0.350962,1.36996,0.652804,-0.399779,1.37468,0.654809,-0.374038,1.38436,0.630905,-0.374038,1.3796,0.62898,-0.399779
-0.0339928,-0.259982,0.460918,-3.70902,838868517,1.15188,0.584283,-0.350962,1.15586,0.586058,-0.329094,1.16476,0.566104,-0.329094,1.16075,0.564395,-0.350962,1.35716,0.675888,-0.399779,1.36185,0.677978,-0.374038,1.37236,0.654427,-0.374038,1.36764,0.652416,-0.399779
-0.0318723,-0.259764,0.478082,-3.91354,838868518,1.14283,0.604553,-0.350962,1.14678,0.606396,-0.329094,1.15569,0.586441,-0.329094,1.15171,0.584666,-0.350962,1.34652,0.699744,-0.399779,1.35116,0.701913,-0.374038,1.36167,0.678362,-0.374038,1.35699,0.676272,-0.399779
0.033759,-0.259995,0.495433,-4.2729,838868519,1.13096,0.623648,-0.350962,1.13488,0.625562,-0.329094,1.14448,0.605931,-0.329094,1.14053,0.604083,-0.350962,1.33292,0.722368,-0.399779,1.33753,0.72462,-0.374038,1.34886,0.70145,-0.374038,1.34421,0.699275,-0.399779
0.126166,-0.25978,0.512598,3.048,838868520,1.12122,0.643591,-0.350962,1.1251,0.64557,-0.329094,1.1347,0.625939,-0.329094,1.13078,0.624025,-0.350962,1.32145,0.745837,-0.399779,1.32602,0.748167,-0.374038,1.33735,0.724997,-0.374038,1.33274,0.722745,-0.399779
0.342548,-0.260004,0.533876,4.3111,838868521,1.10616,0.666659,-0.350962,1.11,0.668707,-0.329094,1.12027,0.64942,-0.329094,1.11639,0.647437,-0.350962,1.30457,0.77232,-0.399779,1.3091,0.774731,-0.374038,1.32122,0.751967,-0.374038,1.31665,0.749633,-0.399779
0.0167548,-0.259772,0.551038,-4.21097,838868522,1.09572,0.686252,-0.350962,1.09953,0.688364,-0.329094,1.1098,0.669078,-0.329094,1.10596,0.66703,-0.350962,1.29229,0.795378,-0.399779,1.29678,0.797864,-0.374038,1.3089,0.775101,-0.374038,1.30437,0.77269,-0.399779
-0.00685139,-0.259988,0.568393,-4.54172,838868523,1.08255,0.704475,-0.350962,1.08633,0.706656,-0.329094,1.09726,0.68774,-0.329094,1.09346,0.685622,-0.350962,1.27716,0.817001,-0.399779,1.2816,0.819568,-0.374038,1.29451,0.797242,-0.374038,1.29002,0.79475,-0.399779
-0.0149185,-0.259758,0.585554,-4.95879,838868524,1.07144,0.723691,-0.350962,1.07518,0.725936,-0.329094,1.08612,0.707019,-0.329094,1.08234,0.704838,-0.350962,1.26408,0.839616,-0.399779,1.26848,0.842258,-0.374038,1.28139,0.819932,-0.374038,1.27695,0.817364,-0.399779
0.0882813,-0.259976,0.602908,-36.2297,838868525,1.05765,0.741443,-0.350962,1.06134,0.743755,-0.329094,1.07293,0.725232,-0.329094,1.0692,0.722983,-0.350962,1.2482,0.860697,-0.399779,1.25255,0.863418,-0.374038,1.26623,0.841557,-0.374038,1.26184,0.838909,-0.399779
-0.0387424,-0.259748,0.620068,-3.00678,838868526,1.04587,0.76026,-0.350962,1.04953,0.762633,-0.329094,1.06112,0.74411,-0.329094,1.05742,0.741799,-0.350962,1.23434,0.882842,-0.399779,1.23864,0.885635,-0.374038,1.25233,0.863774,-0.374038,1.24798,0.861053,-0.399779
-0.0520658,-0.259968,0.637421,-4.09399,838868527,1.03146,0.777519,-0.350962,1.03507,0.779958,-0.329094,1.04731,0.761852,-0.329094,1.04365,0.759473,-0.350962,1.21774,0.903356,-0.399779,1.22199,0.906227,-0.374038,1.23642,0.884856,-0.374038,1.23212,0.882057,-0.399779
0.0644448,-0.259741,0.654581,48.8656,838868528,1.01904,0.795913,-0.350962,1.02261,0.798413,-0.329094,1.03484,0.780306,-0.329094,1.03123,0.777867,-0.350962,1.20311,0.925002,-0.399779,1.20731,0.927945,-0.374038,1.22175,0.906575,-0.374038,1.2175,0.903703,-0.399779
-0.0582149,-0.259963,0.671933,-4.56736,838868529,1.00404,0.812659,-0.350962,1.00756,0.815222,-0.329094,1.02042,0.797554,-0.329094,1.01685,0.795049,-0.350962,1.1858,0.944924,-0.399779,1.18995,0.947942,-0.374038,1.20512,0.927089,-0.374038,1.20092,0.924141,-0.399779
0.0408958,-0.259739,0.689094,-4.40193,838868530,0.990975,0.830607,-0.350962,0.994455,0.83323,-0.329094,1.00731,0.815562,-0.329094,1.00379,0.812998,-0.350962,1.17043,0.966047,-0.399779,1.17453,0.969134,-0.374038,1.1897,0.948281,-0.374038,1.18555,0.945263,-0.399779
-0.0419527,-0.259962,0.706445,-3.66996,838868531,0.975397,0.846819,-0.350962,0.978829,0.849504,-0.329094,0.992295,0.832295,-0.329094,0.988818,0.829668,-0.350962,1.15243,0.985352,-0.399779,1.15647,0.988512,-0.374038,1.17236,0.968202,-0.374038,1.16827,0.965109,-0.399779
0.0670643,-0.25974,0.723606,-18.7241,838868532,0.961718,0.8643,-0.350962,0.965104,0.867043,-0.329094,0.97857,0.849834,-0.329094,0.975139,0.847149,-0.350962,1.13633,1.00592,-0.399779,1.14032,1.00915,-0.374038,1.15621,0.988843,-0.374038,1.15217,0.985682,-0.399779
0.00600316,-0.259965,0.740957,-3.58479,838868533,0.945583,0.879958,-0.350962,0.948919,0.882761,-0.329094,0.962978,0.866033,-0.329094,0.959595,0.863286,-0.350962,1.11767,1.02459,-0.399779,1.1216,1.02789,-0.374038,1.13819,1.00815,-0.374038,1.13421,1.00491,-0.399779
-0.100414,-0.259744,0.758119,-3.75794,838868534,0.931302,0.89695,-0.350962,0.93459,0.89981,-0.329094,0.948649,0.883082,-0.329094,0.945313,0.880279,-0.350962,1.10086,1.04459,-0.399779,1.10473,1.04795,-0.374038,1.12133,1.02821,-0.374038,1.1174,1.02491,-0.399779
0.020275,-0.259972,0.77547,-5.02071,838868535,0.91463,0.912035,-0.350962,0.917866,0.914953,-0.329094,0.932501,0.898727,-0.329094,0.929216,0.895863,-0.350962,1.08156,1.06259,-0.399779,1.08537,1.06602,-0.374038,1.10264,1.04687,-0.374038,1.09878,1.0435,-0.399779
0.0267917,-0.259982,0.809984,98.8233,838868537,0.882576,0.943012,-0.350962,0.885708,0.946041,-0.329094,0.9009,0.930336,-0.329094,0.897717,0.927359,-0.350962,1.04415,1.0993,-0.399779,1.04783,1.10287,-0.374038,1.06576,1.08433,-0.374038,1.06202,1.08083,-0.399779
0.10402,-0.259764,0.827147,-1.58355,838868538,0.867143,0.958966,-0.350962,0.870224,0.962049,-0.329094,0.885416,0.946343,-0.329094,0.882284,0.943314,-0.350962,1.02598,1.11808,-0.399779,1.02961,1.12171,-0.374038,1.04754,1.10317,-0.374038,1.04386,1.09961,-0.399779
-0.0156147,-0.277333,0.426391,-3.68443,838869027,1.17141,0.54421,-0.374308,1.17582,0.545996,-0.352398,1.18403,0.525713,-0.352398,1.17958,0.524025,-0.374308,1.37897,0.628271,-0.42688,1.38414,0.630364,-0.4012,1.39381,0.606504,-0.4012,1.38859,0.604526,-0.42688
0.0984099,-0.2771,0.443564,-7.37667,838869028,1.16307,0.564785,-0.374308,1.16744,0.566669,-0.352398,1.17566,0.546386,-0.352398,1.17125,0.5446,-0.374308,1.3692,0.652407,-0.42688,1.37432,0.654614,-0.4012,1.38398,0.630754,-0.4012,1.37882,0.628661,-0.42688
0.247003,-0.277344,0.460905,-4.49109,838869029,1.15188,0.584282,-0.374308,1.15622,0.586221,-0.352398,1.16514,0.566237,-0.352398,1.16075,0.564395,-0.374308,1.35639,0.675541,-0.42688,1.36148,0.677814,-0.4012,1.37197,0.654306,-0.4012,1.36683,0.652146,-0.42688
0.169395,-0.277112,0.478079,-3.19754,838869030,1.14283,0.604554,-0.374308,1.14713,0.606589,-0.352398,1.15605,0.586605,-0.352398,1.15171,0.584666,-0.374308,1.34577,0.699321,-0.42688,1.35082,0.701706,-0.4012,1.36131,0.678198,-0.4012,1.35621,0.675926,-0.42688
0.0364193,-0.277358,0.49542,-3.25551,838869031,1.13097,0.623648,-0.374308,1.13524,0.625737,-0.352398,1.14485,0.606076,-0.352398,1.14053,0.604082,-0.374308,1.33216,0.721994,-0.42688,1.33717,0.724442,-0.4012,1.34847,0.701315,-0.4012,1.34341,0.698978,-0.42688
0.100832,-0.27712,0.551035,34.3465,838869034,1.09572,0.686252,-0.374308,1.09987,0.688581,-0.352398,1.11016,0.669266,-0.352398,1.10596,0.66703,-0.374308,1.29158,0.794904,-0.42688,1.29644,0.797634,-0.4012,1.30854,0.774912,-0.4012,1.30362,0.772291,-0.42688
-0.0527428,-0.277351,0.568379,-4.06268,838869035,1.08255,0.704474,-0.374308,1.08667,0.706856,-0.352398,1.09763,0.687911,-0.352398,1.09346,0.685621,-0.374308,1.27642,0.816575,-0.42688,1.28125,0.819366,-0.4012,1.29413,0.797081,-0.4012,1.28925,0.794397,-0.42688
0.0988273,-0.277106,0.585551,-3.56666,838869036,1.07144,0.723692,-0.374308,1.07551,0.726164,-0.352398,1.08646,0.70722,-0.352398,1.08234,0.704839,-0.374308,1.26339,0.839117,-0.42688,1.26815,0.842015,-0.4012,1.28104,0.81973,-0.4012,1.27621,0.816939,-0.42688
0.030728,-0.277338,0.602894,-3.81135,838869037,1.05765,0.741443,-0.374308,1.06168,0.743966,-0.352398,1.07329,0.725416,-0.352398,1.0692,0.722982,-0.374308,1.24748,0.860246,-0.42688,1.25221,0.863204,-0.4012,1.26586,0.841382,-0.4012,1.26107,0.838529,-0.42688
-0.000541004,-0.277095,0.620065,-4.75024,838869038,1.04587,0.76026,-0.374308,1.04985,0.762873,-0.352398,1.06146,0.744323,-0.352398,1.05742,0.741799,-0.374308,1.23367,0.882319,-0.42688,1.23833,0.885382,-0.4012,1.25198,0.863561,-0.4012,1.24726,0.860603,-0.42688
-1.43208e-05,-0.277329,0.637407,-4.58851,838869039,1.03146,0.777519,-0.374308,1.03541,0.780182,-0.352398,1.04766,0.762048,-0.352398,1.04365,0.759473,-0.374308,1.21703,0.902879,-0.42688,1.22165,0.906001,-0.4012,1.23606,0.884669,-0.4012,1.23137,0.881651,-0.42688
2.26563,-0.277088,0.654579,-0.551297,838869040,1.01904,0.795913,-0.374308,1.02292,0.798664,-0.352398,1.03517,0.78053,-0.352398,1.03123,0.777867,-0.374308,1.20246,0.924457,-0.42688,1.20701,0.927681,-0.4012,1.22142,0.906349,-0.4012,1.2168,0.903228,-0.42688
0.225359,-0.277324,0.67192,-5.07099,838869041,1.00404,0.812658,-0.374308,1.00788,0.815457,-0.352398,1.02076,0.797763,-0.352398,1.01685,0.795049,-0.374308,1.18511,0.944423,-0.42688,1.18962,0.947704,-0.4012,1.20477,0.926889,-0.4012,1.20019,0.923709,-0.42688
0.0264347,-0.277085,0.689091,-4.10313,838869042,0.990974,0.830607,-0.374308,0.994759,0.833492,-0.352398,1.00763,0.815797,-0.352398,1.00379,0.812998,-0.374308,1.16979,0.965478,-0.42688,1.17423,0.968859,-0.4012,1.18937,0.948044,-0.4012,1.18487,0.944764,-0.42688
0.108145,-0.277323,0.706432,13.4761,838869043,0.975398,0.846818,-0.374308,0.979144,0.84975,-0.352398,0.99263,0.832516,-0.352398,0.988819,0.829667,-0.374308,1.15176,0.984827,-0.42688,1.15615,0.988264,-0.4012,1.17202,0.96799,-0.4012,1.16755,0.964652,-0.42688
0.345684,-0.277086,0.723604,-1.62011,838869044,0.961717,0.8643,-0.374308,0.965399,0.867315,-0.352398,0.978885,0.850081,-0.352398,0.975138,0.847149,-0.374308,1.13572,1.00533,-0.42688,1.14003,1.00887,-0.4012,1.15589,0.988595,-0.4012,1.1515,0.985159,-0.42688
0.853269,-0.277326,0.740944,-1.1373,838869045,0.945584,0.879957,-0.374308,0.949225,0.883018,-0.352398,0.963305,0.866265,-0.352398,0.959595,0.863285,-0.374308,1.11702,1.02404,-0.42688,1.12129,1.02763,-0.4012,1.13785,1.00792,-0.4012,1.1335,1.00443,-0.42688
0.0901565,-0.277091,0.758116,-3.61995,838869046,0.931301,0.896951,-0.374308,0.934875,0.900092,-0.352398,0.948955,0.88334,-0.352398,0.945313,0.880279,-0.374308,1.10027,1.04398,-0.42688,1.10446,1.04766,-0.4012,1.12102,1.02795,-0.4012,1.11675,1.02436,-0.42688
-0.0172912,-0.277333,0.775457,-3.72403,838869047,0.914631,0.912035,-0.374308,0.918163,0.915221,-0.352398,0.93282,0.89897,-0.352398,0.929216,0.895863,-0.374308,1.08093,1.06202,-0.42688,1.08507,1.06575,-0.4012,1.10231,1.04664,-0.4012,1.09809,1.04299,-0.42688
0.020756,-0.294715,0.426385,-2.77715,838869539,1.17141,0.54421,-0.397732,1.17615,0.546133,-0.375905,1.18437,0.52585,-0.375905,1.17958,0.524025,-0.397732,1.37813,0.627929,-0.454045,1.3837,0.630183,-0.428462,1.39336,0.606323,-0.428462,1.38775,0.604184,-0.454045
-0.0301324,-0.294468,0.443556,-2.6801,838869540,1.16307,0.564785,-0.397732,1.16778,0.566806,-0.375905,1.176,0.546523,-0.375905,1.17125,0.5446,-0.397732,1.36836,0.652064,-0.454045,1.37387,0.654433,-0.428462,1.38354,0.630573,-0.428462,1.37797,0.628319,-0.454045
1.58434,-0.294726,0.460899,-0.0639304,838869541,1.15188,0.584282,-0.397732,1.15656,0.58637,-0.375905,1.16548,0.566386,-0.375905,1.16075,0.564395,-0.397732,1.35555,0.67517,-0.454045,1.36104,0.677617,-0.428462,1.37153,0.654109,-0.428462,1.36599,0.651775,-0.454045
0.384764,-0.294482,0.478071,-0.873075,838869542,1.14283,0.604554,-0.397732,1.14747,0.606738,-0.375905,1.15639,0.586754,-0.375905,1.15171,0.584666,-0.397732,1.34494,0.698949,-0.454045,1.35038,0.701509,-0.428462,1.36087,0.678001,-0.428462,1.35538,0.675554,-0.454045
0.0463201,-0.294742,0.495415,-3.41377,838869543,1.13097,0.623648,-0.397732,1.13557,0.625898,-0.375905,1.14518,0.606237,-0.375905,1.14053,0.604082,-0.397732,1.33134,0.721594,-0.454045,1.33674,0.724231,-0.428462,1.34804,0.701104,-0.428462,1.34259,0.698578,-0.454045
-0.0400112,-0.29449,0.551027,-2.62974,838869546,1.09572,0.686252,-0.397732,1.10019,0.688753,-0.375905,1.11048,0.669438,-0.375905,1.10596,0.66703,-0.397732,1.29078,0.794475,-0.454045,1.29602,0.797407,-0.428462,1.30812,0.774685,-0.428462,1.30282,0.771863,-0.454045
0.224059,-0.294734,0.568373,-3.21623,838869547,1.08255,0.704474,-0.397732,1.08699,0.707039,-0.375905,1.09794,0.688095,-0.375905,1.09346,0.685621,-0.397732,1.27563,0.816119,-0.454045,1.28083,0.819125,-0.428462,1.29372,0.79684,-0.428462,1.28846,0.793941,-0.454045
5.46172,-0.294475,0.585543,-0.07196,838869548,1.07144,0.723692,-0.397732,1.07582,0.726348,-0.375905,1.08678,0.707403,-0.375905,1.08234,0.704839,-0.397732,1.2626,0.838661,-0.454045,1.26773,0.841774,-0.428462,1.28062,0.819489,-0.428462,1.27542,0.816483,-0.454045
0.426006,-0.29472,0.602888,3.35905,838869549,1.05765,0.741443,-0.397732,1.06199,0.744161,-0.375905,1.0736,0.72561,-0.375905,1.0692,0.722982,-0.397732,1.24671,0.859762,-0.454045,1.2518,0.862948,-0.428462,1.26545,0.841127,-0.428462,1.2603,0.838046,-0.454045
0.121799,-0.294463,0.620057,7.14279,838869550,1.04587,0.76026,-0.397732,1.05016,0.763068,-0.375905,1.06177,0.744517,-0.375905,1.05742,0.741799,-0.397732,1.23289,0.881835,-0.454045,1.23792,0.885126,-0.428462,1.25158,0.863305,-0.428462,1.24648,0.860119,-0.454045
1.46324,-0.294711,0.637401,-0.534999,838869551,1.03146,0.777519,-0.397732,1.03571,0.780387,-0.375905,1.04796,0.762253,-0.375905,1.04365,0.759473,-0.397732,1.21628,0.902369,-0.454045,1.22125,0.905731,-0.428462,1.23566,0.8844,-0.428462,1.23062,0.881141,-0.454045
0.301733,-0.294456,0.65457,0.542773,838869552,1.01904,0.795913,-0.397732,1.02322,0.798869,-0.375905,1.03547,0.780735,-0.375905,1.03123,0.777867,-0.397732,1.2017,0.923946,-0.454045,1.20661,0.927411,-0.428462,1.22102,0.906079,-0.428462,1.21604,0.902718,-0.454045
0.472382,-0.294706,0.671914,2.75106,838869553,1.00404,0.812658,-0.397732,1.00818,0.815672,-0.375905,1.02105,0.797978,-0.375905,1.01685,0.795049,-0.397732,1.18438,0.943887,-0.454045,1.18923,0.94742,-0.428462,1.20438,0.926606,-0.428462,1.19945,0.923173,-0.454045
0.060873,-0.294453,0.689083,-9.40375,838869554,0.990974,0.830607,-0.397732,0.995055,0.833707,-0.375905,1.00793,0.816013,-0.375905,1.00379,0.812998,-0.397732,1.16905,0.964942,-0.454045,1.17384,0.968575,-0.428462,1.18898,0.947761,-0.428462,1.18413,0.944227,-0.454045
0.0356985,-0.294705,0.706426,-2.98289,838869555,0.975398,0.846818,-0.397732,0.979432,0.849975,-0.375905,0.992918,0.832741,-0.375905,0.988819,0.829667,-0.397732,1.15104,0.984266,-0.454045,1.15577,0.987966,-0.428462,1.17164,0.967693,-0.428462,1.16683,0.96409,-0.454045
1.08297,-0.294454,0.723595,-0.810939,838869556,0.961717,0.8643,-0.397732,0.965687,0.867541,-0.375905,0.979173,0.850307,-0.375905,0.975138,0.84715,-0.397732,1.135,1.00477,-0.454045,1.13965,1.00857,-0.428462,1.15551,0.988298,-0.428462,1.15079,0.984597,-0.454045
4.61402,-0.294708,0.740938,0.0710781,838869557,0.945584,0.879957,-0.397732,0.949506,0.883253,-0.375905,0.963585,0.866501,-0.375905,0.959595,0.863286,-0.397732,1.11632,1.02346,-0.454045,1.12092,1.02732,-0.428462,1.13748,1.00761,-0.428462,1.13281,1.00384,-0.454045
0.148344,-0.294459,0.758108,6.96698,838869558,0.931301,0.896951,-0.397732,0.935155,0.900328,-0.375905,0.949235,0.883576,-0.375905,0.945313,0.880279,-0.397732,1.09957,1.04339,-0.454045,1.10409,1.04735,-0.428462,1.12065,1.02764,-0.428462,1.11605,1.02378,-0.454045
0.116175,-0.294715,0.775451,6.14279,838869559,0.914631,0.912035,-0.397732,0.918435,0.915466,-0.375905,0.933091,0.899215,-0.375905,0.929216,0.895863,-0.397732,1.08025,1.06141,-0.454045,1.08471,1.06543,-0.428462,1.10195,1.04631,-0.428462,1.09741,1.04238,-0.454045
0.102259,-0.294482,0.827137,22.0847,838869562,0.867142,0.958967,-0.397732,0.870751,0.962605,-0.375905,0.885966,0.946876,-0.375905,0.882284,0.943314,-0.397732,1.02478,1.11679,-0.454045,1.02901,1.12106,-0.428462,1.04691,1.10256,-0.428462,1.04259,1.09838,-0.454045
0.00917497,-0.312079,0.426379,-2.69903,838870051,1.17141,0.54421,-0.421251,1.17649,0.54627,-0.399514,1.18471,0.525987,-0.399514,1.17958,0.524025,-0.421251,1.37723,0.627564,-0.48129,1.38319,0.629978,-0.455811,1.39285,0.606118,-0.455811,1.38684,0.603818,-0.48129
0.0444322,-0.311819,0.443548,-3.75732,838870052,1.16307,0.564785,-0.421251,1.16812,0.566943,-0.399514,1.17633,0.54666,-0.399514,1.17125,0.5446,-0.421251,1.36745,0.651699,-0.48129,1.37337,0.654228,-0.455811,1.38303,0.630368,-0.455811,1.37707,0.627954,-0.48129
0.0315361,-0.312091,0.460893,-3.61809,838870053,1.15188,0.584282,-0.421251,1.15689,0.586518,-0.399514,1.16581,0.566534,-0.399514,1.16075,0.564395,-0.421251,1.35466,0.674773,-0.48129,1.36054,0.677394,-0.455811,1.37103,0.653886,-0.455811,1.3651,0.651378,-0.48129
-0.119069,-0.311833,0.478063,-2.67832,838870054,1.14283,0.604554,-0.421251,1.1478,0.606887,-0.399514,1.15672,0.586903,-0.399514,1.15171,0.584666,-0.421251,1.34405,0.698552,-0.48129,1.34988,0.701287,-0.455811,1.36037,0.677779,-0.455811,1.35449,0.675158,-0.48129
0.0331111,-0.312108,0.495409,-3.12834,838870055,1.13097,0.623648,-0.421251,1.1359,0.626058,-0.399514,1.14551,0.606397,-0.399514,1.14053,0.604082,-0.421251,1.33047,0.721166,-0.48129,1.33624,0.723991,-0.455811,1.34755,0.700863,-0.455811,1.34172,0.69815,-0.48129
0.107199,-0.311842,0.551018,-47.1421,838870058,1.09572,0.686252,-0.421251,1.10052,0.688925,-0.399514,1.1108,0.669609,-0.399514,1.10596,0.66703,-0.421251,1.28992,0.794017,-0.48129,1.29554,0.79715,-0.455811,1.30764,0.774428,-0.455811,1.30196,0.771405,-0.48129
0.146977,-0.312099,0.568367,14.1552,838870059,1.08255,0.704474,-0.421251,1.08731,0.707221,-0.399514,1.09826,0.688277,-0.399514,1.09346,0.685621,-0.421251,1.27479,0.815631,-0.48129,1.28036,0.818851,-0.455811,1.29324,0.796566,-0.455811,1.28761,0.793453,-0.48129
1.97954,-0.311825,0.585534,1.10435,838870060,1.07144,0.723692,-0.421251,1.07614,0.72653,-0.399514,1.08709,0.707586,-0.399514,1.08234,0.704839,-0.421251,1.26176,0.838173,-0.48129,1.26726,0.8415,-0.455811,1.28015,0.819215,-0.455811,1.27458,0.815995,-0.48129
0.354671,-0.312085,0.602882,6.20059,838870061,1.05765,0.741443,-0.421251,1.0623,0.744354,-0.399514,1.07391,0.725804,-0.399514,1.0692,0.722982,-0.421251,1.24588,0.859246,-0.48129,1.25134,0.862658,-0.455811,1.26499,0.840837,-0.455811,1.25947,0.837529,-0.48129
0.163711,-0.311813,0.620048,1.7863,838870062,1.04587,0.76026,-0.421251,1.05047,0.763261,-0.399514,1.06208,0.744711,-0.399514,1.05742,0.741799,-0.421251,1.23207,0.881319,-0.48129,1.23746,0.884836,-0.455811,1.25111,0.863015,-0.455811,1.24566,0.859602,-0.48129
0.433933,-0.312075,0.637395,0.272286,838870063,1.03146,0.777519,-0.421251,1.03601,0.780591,-0.399514,1.04826,0.762457,-0.399514,1.04365,0.759473,-0.421251,1.21547,0.901824,-0.48129,1.2208,0.905425,-0.455811,1.23521,0.884094,-0.455811,1.22981,0.880596,-0.48129
1.83755,-0.311806,0.654562,0.564125,838870064,1.01904,0.795913,-0.421251,1.02353,0.799073,-0.399514,1.03578,0.780939,-0.399514,1.03123,0.777867,-0.421251,1.20089,0.923401,-0.48129,1.20615,0.927104,-0.455811,1.22056,0.905773,-0.455811,1.21523,0.902173,-0.48129
0.626044,-0.312069,0.671908,-0.473465,838870065,1.00404,0.812658,-0.421251,1.00847,0.815887,-0.399514,1.02135,0.798193,-0.399514,1.01685,0.795049,-0.421251,1.18359,0.943314,-0.48129,1.18879,0.947099,-0.455811,1.20394,0.926284,-0.455811,1.19866,0.922599,-0.48129
0.162404,-0.311802,0.689074,-16.1513,838870066,0.990974,0.830608,-0.421251,0.99535,0.833922,-0.399514,1.00823,0.816227,-0.399514,1.00379,0.812998,-0.421251,1.16827,0.964369,-0.48129,1.1734,0.968254,-0.455811,1.18854,0.947439,-0.455811,1.18334,0.943654,-0.48129
0.208114,-0.312068,0.70642,12.5154,838870067,0.975398,0.846818,-0.421251,0.979719,0.8502,-0.399514,0.993205,0.832966,-0.399514,0.988818,0.829667,-0.421251,1.15028,0.983666,-0.48129,1.15534,0.987629,-0.455811,1.17121,0.967356,-0.455811,1.16607,0.96349,-0.48129
0.0591791,-0.311803,0.723587,-3.28034,838870068,0.961717,0.8643,-0.421251,0.965974,0.867765,-0.399514,0.97946,0.850531,-0.399514,0.975138,0.84715,-0.421251,1.13423,1.00417,-0.48129,1.13922,1.00823,-0.455811,1.15508,0.987961,-0.455811,1.15002,0.983997,-0.48129
0.449165,-0.312072,0.740932,-0.867409,838870069,0.945584,0.879957,-0.421251,0.949785,0.883488,-0.399514,0.963865,0.866735,-0.399514,0.959595,0.863286,-0.421251,1.11558,1.02283,-0.48129,1.1205,1.02697,-0.455811,1.13706,1.00726,-0.455811,1.13206,1.00322,-0.48129
0.24221,-0.311809,0.7581,-3.22246,838870070,0.931301,0.896951,-0.421251,0.935434,0.900563,-0.399514,0.949514,0.88381,-0.399514,0.945313,0.880279,-0.421251,1.09882,1.04276,-0.48129,1.10367,1.047,-0.455811,1.12023,1.02729,-0.455811,1.11531,1.02315,-0.48129
0.115388,-0.312079,0.775445,-6.62927,838870071,0.914631,0.912035,-0.421251,0.918706,0.91571,-0.399514,0.933362,0.899459,-0.399514,0.929216,0.895863,-0.421251,1.07953,1.06076,-0.48129,1.08431,1.06506,-0.455811,1.10155,1.04595,-0.455811,1.09669,1.04173,-0.48129
0.133246,-0.312091,-2.6807,-29.5945,838870233,-1.15188,-0.584282,-0.421251,-1.15689,-0.586518,-0.399514,-1.16581,-0.566534,-0.399514,-1.16075,-0.564395,-0.421251,-1.35466,-0.674773,-0.48129,-1.36054,-0.677394,-0.455811,-1.37103,-0.653886,-0.455811,-1.3651,-0.651378,-0.48129
0.00236781,-0.311833,-2.66353,-2.69904,838870234,-1.14283,-0.604554,-0.421251,-1.1478,-0.606887,-0.399514,-1.15672,-0.586903,-0.399514,-1.15171,-0.584666,-0.421251,-1.34405,-0.698552,-0.48129,-1.34988,-0.701287,-0.455811,-1.36037,-0.677779,-0.455811,-1.35449,-0.675158,-0.48129
0.0378612,-0.312108,-2.64618,-2.00604,838870235,-1.13097,-0.623648,-0.421251,-1.1359,-0.626058,-0.399514,-1.14551,-0.606397,-0.399514,-1.14053,-0.604082,-0.421251,-1.33047,-0.721166,-0.48129,-1.33624,-0.723991,-0.455811,-1.34755,-0.700863,-0.455811,-1.34172,-0.69815,-0.48129
0.0307237,-0.311851,-2.62901,-2.36003,838870236,-1.12122,-0.643591,-0.421251,-1.1261,-0.646096,-0.399514,-1.13571,-0.626436,-0.399514,-1.13078,-0.624026,-0.421251,-1.31903,-0.74456,-0.48129,-1.32475,-0.747496,-0.455811,-1.33606,-0.724369,-0.455811,-1.33028,-0.721544,-0.48129
-0.00821992,-0.312118,-2.60774,-1.96474,838870237,-1.10616,-0.666659,-0.421251,-1.111,-0.669238,-0.399514,-1.12129,-0.649923,-0.399514,-1.11639,-0.647437,-0.421251,-1.30216,-0.771034,-0.48129,-1.30783,-0.774057,-0.455811,-1.31993,-0.751336,-0.455811,-1.3142,-0.748422,-0.48129
0.0271846,-0.311842,-2.59057,-43.7675,838870238,-1.09572,-0.686252,-0.421251,-1.10052,-0.688925,-0.399514,-1.1108,-0.669609,-0.399514,-1.10596,-0.66703,-0.421251,-1.28992,-0.794017,-0.48129,-1.29554,-0.79715,-0.455811,-1.30764,-0.774428,-0.455811,-1.30196,-0.771405,-0.48129
0.0332144,-0.329141,0.409026,-3.19083,838870562,1.18191,0.524334,-0.444874,1.18737,0.526439,-0.423231,1.19487,0.505881,-0.423231,1.18938,0.503876,-0.444874,1.38823,0.603701,-0.508621,1.39463,0.606168,-0.483254,1.40345,0.581985,-0.483254,1.39701,0.579635,-0.508621
0.0872199,-0.329425,0.426373,22.7378,838870563,1.17141,0.54421,-0.444874,1.17683,0.546406,-0.423231,1.18504,0.526123,-0.423231,1.17958,0.524025,-0.444874,1.37627,0.627175,-0.508621,1.38262,0.629749,-0.483254,1.39229,0.605889,-0.483254,1.38588,0.603429,-0.508621
-0.120533,-0.329152,0.44354,-1.8137,838870564,1.16307,0.564785,-0.444874,1.16846,0.56708,-0.423231,1.17667,0.546796,-0.423231,1.17125,0.5446,-0.444874,1.36649,0.65131,-0.508621,1.3728,0.653999,-0.483254,1.38247,0.630139,-0.483254,1.37611,0.627565,-0.508621
-0.0762292,-0.329438,0.460887,-3.03827,838870565,1.15188,0.584282,-0.444874,1.15722,0.586666,-0.423231,1.16614,0.566682,-0.423231,1.16075,0.564395,-0.444874,1.35372,0.674351,-0.508621,1.35998,0.677146,-0.483254,1.37047,0.653638,-0.483254,1.36416,0.650956,-0.508621
-0.0896662,-0.329166,0.478055,-2.35845,838870566,1.14283,0.604554,-0.444874,1.14813,0.607035,-0.423231,1.15705,0.587051,-0.423231,1.15171,0.584666,-0.444874,1.34311,0.69813,-0.508621,1.34932,0.701038,-0.483254,1.35981,0.67753,-0.483254,1.35355,0.674735,-0.508621
0.070285,-0.329455,0.495403,40.3068,838870567,1.13097,0.623648,-0.444874,1.13622,0.626217,-0.423231,1.14583,0.606557,-0.423231,1.14053,0.604082,-0.444874,1.32953,0.720711,-0.508621,1.3357,0.723722,-0.483254,1.347,0.700595,-0.483254,1.34079,0.697695,-0.508621
-0.059863,-0.329176,0.551009,-3.1032,838870570,1.09572,0.686252,-0.444874,1.10084,0.689096,-0.423231,1.11112,0.66978,-0.423231,1.10596,0.66703,-0.444874,1.289,0.79353,-0.508621,1.295,0.796863,-0.483254,1.3071,0.774142,-0.483254,1.30104,0.770918,-0.508621
-0.016822,-0.329446,0.568361,-2.58365,838870571,1.08255,0.704474,-0.444874,1.08762,0.707403,-0.423231,1.09857,0.688459,-0.423231,1.09346,0.685621,-0.444874,1.27389,0.815113,-0.508621,1.27983,0.818545,-0.483254,1.29272,0.79626,-0.483254,1.28672,0.792935,-0.508621
0.104479,-0.329159,0.585525,-0.346033,838870572,1.07144,0.723692,-0.444874,1.07645,0.726712,-0.423231,1.08741,0.707767,-0.423231,1.08234,0.704839,-0.444874,1.26086,0.837655,-0.508621,1.26673,0.841195,-0.483254,1.27962,0.81891,-0.483254,1.27368,0.815477,-0.508621
0.0528109,-0.329431,0.602876,-3.17166,838870573,1.05765,0.741443,-0.444874,1.06261,0.744547,-0.423231,1.07422,0.725996,-0.423231,1.0692,0.722982,-0.444874,1.245,0.858696,-0.508621,1.25082,0.862334,-0.483254,1.26447,0.840513,-0.483254,1.2586,0.83698,-0.508621
0.0227135,-0.329146,0.62004,81.9496,838870574,1.04587,0.76026,-0.444874,1.05077,0.763454,-0.423231,1.06238,0.744903,-0.423231,1.05742,0.741799,-0.444874,1.23119,0.880769,-0.508621,1.23694,0.884512,-0.483254,1.25059,0.862691,-0.483254,1.24478,0.859053,-0.508621
0.170999,-0.329421,0.637389,-19.8595,838870575,1.03146,0.777519,-0.444874,1.03631,0.780794,-0.423231,1.04856,0.762661,-0.423231,1.04365,0.759473,-0.444874,1.21461,0.901244,-0.508621,1.22029,0.905083,-0.483254,1.2347,0.883752,-0.483254,1.22895,0.880016,-0.508621
0.583474,-0.329138,0.654553,-3.39774,838870576,1.01904,0.795913,-0.444874,1.02383,0.799276,-0.423231,1.03608,0.781143,-0.423231,1.03123,0.777867,-0.444874,1.20003,0.922821,-0.508621,1.20565,0.926763,-0.483254,1.22006,0.905432,-0.483254,1.21438,0.901593,-0.508621
2.05772,-0.329415,0.671902,0.934403,838870577,1.00404,0.812658,-0.444874,1.00877,0.816101,-0.423231,1.02164,0.798406,-0.423231,1.01685,0.795049,-0.444874,1.18275,0.942704,-0.508621,1.1883,0.94674,-0.483254,1.20344,0.925925,-0.483254,1.19782,0.92199,-0.508621
5.20083,-0.329134,0.689066,0.00750411,838870578,0.990974,0.830607,-0.444874,0.995643,0.834135,-0.423231,1.00852,0.816441,-0.423231,1.00379,0.812998,-0.444874,1.16743,0.96376,-0.508621,1.1729,0.967895,-0.483254,1.18805,0.94708,-0.483254,1.1825,0.943045,-0.508621
0.221647,-0.329414,0.706414,3.83938,838870579,0.975398,0.846818,-0.444874,0.980005,0.850424,-0.423231,0.993491,0.83319,-0.423231,0.988818,0.829667,-0.444874,1.14946,0.983027,-0.508621,1.15486,0.987253,-0.483254,1.17073,0.96698,-0.483254,1.16525,0.962851,-0.508621
0.092814,-0.329136,0.723579,21.3925,838870580,0.961717,0.8643,-0.444874,0.96626,0.867989,-0.423231,0.979746,0.850755,-0.423231,0.975138,0.84715,-0.444874,1.13341,1.00353,-0.508621,1.13874,1.00786,-0.483254,1.1546,0.987585,-0.483254,1.1492,0.983358,-0.508621
-0.00647516,-0.329417,0.740926,-2.30127,838870581,0.945584,0.879957,-0.444874,0.950063,0.883722,-0.423231,0.964142,0.866969,-0.423231,0.959595,0.863285,-0.444874,1.11478,1.02216,-0.508621,1.12003,1.02657,-0.483254,1.1366,1.00687,-0.483254,1.13127,1.00255,-0.508621
0.0846183,-0.329141,0.758092,31.2028,838870582,0.931301,0.896951,-0.444874,0.935712,0.900796,-0.423231,0.949792,0.884044,-0.423231,0.945313,0.880279,-0.444874,1.09803,1.0421,-0.508621,1.1032,1.0466,-0.483254,1.11976,1.0269,-0.483254,1.11451,1.02248,-0.508621
0.0462926,-0.329425,0.775439,-3.88454,838870583,0.914631,0.912035,-0.444874,0.918976,0.915953,-0.423231,0.933632,0.899703,-0.423231,0.929216,0.895863,-0.444874,1.07876,1.06006,-0.508621,1.08385,1.06466,-0.483254,1.10109,1.04554,-0.483254,1.09592,1.04104,-0.508621
0.127978,-0.329186,0.861638,-13.4598,838870588,0.833478,0.988257,-0.444874,0.837463,0.992542,-0.423231,0.853217,0.977354,-0.423231,0.849157,0.973142,-0.444874,0.984109,1.15005,-0.508621,0.98878,1.15507,-0.483254,1.00731,1.1372,-0.483254,1.00255,1.13227,-0.508621
0.14032,-0.329414,1.05548,19.5301,838870599,0.626945,1.12935,-0.444874,0.630042,1.13432,-0.423231,0.648609,1.12274,-0.423231,0.645422,1.11783,-0.444874,0.743925,1.31688,-0.508621,0.747555,1.3227,-0.483254,0.769396,1.30908,-0.483254,0.765662,1.30332,-0.508621
0.00589036,-0.329152,-2.69805,-1.45372,838870744,-1.16307,-0.564785,-0.444874,-1.16846,-0.56708,-0.423231,-1.17667,-0.546796,-0.423231,-1.17125,-0.5446,-0.444874,-1.36649,-0.65131,-0.508621,-1.3728,-0.653999,-0.483254,-1.38247,-0.630139,-0.483254,-1.37611,-0.627565,-0.508621
-0.0153921,-0.329438,-2.68071,-1.46013,838870745,-1.15188,-0.584282,-0.444874,-1.15722,-0.586666,-0.423231,-1.16614,-0.566682,-0.423231,-1.16075,-0.564395,-0.444874,-1.35372,-0.674351,-0.508621,-1.35998,-0.677146,-0.483254,-1.37047,-0.653638,-0.483254,-1.36416,-0.650956,-0.508621
0.0463918,-0.329166,-2.66354,-2.38683,838870746,-1.14283,-0.604554,-0.444874,-1.14813,-0.607035,-0.423231,-1.15705,-0.587051,-0.423231,-1.15171,-0.584666,-0.444874,-1.34311,-0.69813,-0.508621,-1.34932,-0.701038,-0.483254,-1.35981,-0.67753,-0.483254,-1.35355,-0.674735,-0.508621
0.238015,-0.329455,-2.64619,-8.32403,838870747,-1.13097,-0.623648,-0.444874,-1.13622,-0.626217,-0.423231,-1.14583,-0.606557,-0.423231,-1.14053,-0.604082,-0.444874,-1.32953,-0.720711,-0.508621,-1.3357,-0.723722,-0.483254,-1.347,-0.700595,-0.483254,-1.34079,-0.697695,-0.508621
0.237547,-0.329186,-2.62902,-9.3982,838870748,-1.12122,-0.643591,-0.444874,-1.12643,-0.646255,-0.423231,-1.13604,-0.626595,-0.423231,-1.13078,-0.624026,-0.444874,-1.3181,-0.744105,-0.508621,-1.32421,-0.747228,-0.483254,-1.33551,-0.7241,-0.483254,-1.32935,-0.721089,-0.508621
0.0217116,-0.329466,-2.60775,-2.38421,838870749,-1.10616,-0.666659,-0.444874,-1.11132,-0.669409,-0.423231,-1.12161,-0.650093,-0.423231,-1.11639,-0.647437,-0.444874,-1.30124,-0.770547,-0.508621,-1.30729,-0.77377,-0.483254,-1.31939,-0.751049,-0.483254,-1.31328,-0.747934,-0.508621
0.0599551,-0.329176,-2.59058,-1.28935,838870750,-1.09572,-0.686252,-0.444874,-1.10084,-0.689096,-0.423231,-1.11112,-0.66978,-0.423231,-1.10596,-0.66703,-0.444874,-1.289,-0.79353,-0.508621,-1.295,-0.796863,-0.483254,-1.3071,-0.774142,-0.483254,-1.30104,-0.770918,-0.508621
-0.0166577,-0.346457,0.409017,-1.88163,838871074,1.18191,0.524334,-0.468606,1.18771,0.526563,-0.447065,1.19521,0.506005,-0.447065,1.18938,0.503876,-0.468606,1.3872,0.603325,-0.536045,1.394,0.605937,-0.510795,1.40282,0.581754,-0.510795,1.39598,0.579258,-0.536045
0.0745503,-0.346755,0.426368,-2.44241,838871075,1.17141,0.54421,-0.468607,1.17716,0.546542,-0.447065,1.18538,0.526259,-0.447065,1.17958,0.524025,-0.468606,1.37525,0.626762,-0.536045,1.382,0.629496,-0.510795,1.39166,0.605636,-0.510795,1.38487,0.603017,-0.536045
0.271457,-0.346467,0.443531,-4.39406,838871076,1.16307,0.564785,-0.468606,1.16879,0.567215,-0.447065,1.17701,0.546932,-0.447065,1.17125,0.5446,-0.468606,1.36548,0.650898,-0.536045,1.37218,0.653746,-0.510795,1.38184,0.629886,-0.510795,1.37509,0.627153,-0.536045
0.0731306,-0.346768,0.460882,-65.6089,838871077,1.15188,0.584282,-0.468606,1.15755,0.586814,-0.447065,1.16647,0.56683,-0.447065,1.16075,0.564395,-0.468606,1.35272,0.673904,-0.536045,1.35936,0.676871,-0.510795,1.36985,0.653363,-0.510795,1.36316,0.650509,-0.536045
0.00760406,-0.346483,0.478047,-2.35069,838871078,1.14283,0.604554,-0.468606,1.14846,0.607182,-0.447065,1.15738,0.587198,-0.447065,1.15171,0.584666,-0.468606,1.3421,0.697683,-0.536045,1.3487,0.700763,-0.510795,1.35919,0.677255,-0.510795,1.35254,0.674288,-0.536045
0.114096,-0.346786,0.495398,-2.3944,838871079,1.13097,0.623648,-0.468607,1.13655,0.626376,-0.447065,1.14616,0.606716,-0.447065,1.14053,0.604082,-0.468606,1.32855,0.720229,-0.536045,1.33509,0.723426,-0.510795,1.3464,0.700299,-0.510795,1.3398,0.697213,-0.536045
0.0234244,-0.346761,0.60287,-2.41085,838871085,1.05765,0.741443,-0.468607,1.06291,0.744738,-0.447065,1.07452,0.726188,-0.447065,1.0692,0.722982,-0.468606,1.24407,0.858114,-0.536045,1.25025,0.861976,-0.510795,1.2639,0.840155,-0.510795,1.25766,0.836397,-0.536045
0.0213981,-0.346462,0.620031,-3.25553,838871086,1.04587,0.76026,-0.468606,1.05108,0.763645,-0.447065,1.06269,0.745095,-0.447065,1.05742,0.741799,-0.468606,1.23026,0.880187,-0.536045,1.23637,0.884155,-0.510795,1.25002,0.862333,-0.510795,1.24385,0.85847,-0.536045
0.04329,-0.34675,0.637383,-2.4539,838871087,1.03146,0.777519,-0.468607,1.03661,0.780996,-0.447065,1.04886,0.762863,-0.447065,1.04365,0.759473,-0.468606,1.2137,0.900629,-0.536045,1.21974,0.904706,-0.510795,1.23415,0.883374,-0.510795,1.22804,0.879401,-0.536045
0.00882656,-0.346453,0.654545,-2.52646,838871088,1.01904,0.795913,-0.468606,1.02413,0.799478,-0.447065,1.03638,0.781345,-0.447065,1.03123,0.777867,-0.468607,1.19912,0.922207,-0.536045,1.20509,0.926385,-0.510795,1.2195,0.905054,-0.510795,1.21347,0.900978,-0.536045
0.609178,-0.346744,0.671896,0.998055,838871089,1.00404,0.812658,-0.468607,1.00906,0.816313,-0.447065,1.02193,0.798619,-0.447065,1.01685,0.795049,-0.468606,1.18186,0.942058,-0.536045,1.18775,0.946343,-0.510795,1.2029,0.925528,-0.510795,1.19694,0.921344,-0.536045
0.678942,-0.346449,0.689058,-6.18865,838871090,0.990974,0.830607,-0.468607,0.995935,0.834348,-0.447065,1.00881,0.816654,-0.447065,1.00379,0.812998,-0.468606,1.16654,0.963113,-0.536045,1.17236,0.967498,-0.510795,1.1875,0.946683,-0.510795,1.18162,0.942399,-0.536045
0.0927285,-0.346743,0.706408,-2.90285,838871091,0.975398,0.846818,-0.468607,0.98029,0.850647,-0.447065,0.993776,0.833413,-0.447065,0.988818,0.829667,-0.468606,1.1486,0.98235,-0.536045,1.15433,0.986838,-0.510795,1.1702,0.966565,-0.510795,1.16438,0.962175,-0.536045
-0.0177497,-0.346451,0.72357,-2.79023,838871092,0.961717,0.8643,-0.468607,0.966545,0.868212,-0.447065,0.980031,0.850978,-0.447065,0.975138,0.84715,-0.468606,1.13255,1.00286,-0.536045,1.13821,1.00744,-0.510795,1.15407,0.987169,-0.510795,1.14834,0.982682,-0.536045
0.199248,-0.346503,0.861629,9.5828,838871100,0.833478,0.988257,-0.468607,0.837713,0.992802,-0.447065,0.853468,0.977615,-0.447065,0.849157,0.973142,-0.468606,0.983347,1.14926,-0.536045,0.988312,1.15458,-0.510795,1.00685,1.13672,-0.510795,1.00179,1.13148,-0.536045
-0.0332054,-0.346467,-2.69806,-1.76146,838871256,-1.16307,-0.564785,-0.468606,-1.16879,-0.567215,-0.447065,-1.17701,-0.546932,-0.447065,-1.17125,-0.5446,-0.468606,-1.36548,-0.650898,-0.536045,-1.37218,-0.653746,-0.510795,-1.38184,-0.629886,-0.510795,-1.37509,-0.627153,-0.536045
-0.0380594,-0.346768,-2.68071,-1.64136,838871257,-1.15188,-0.584282,-0.468606,-1.15755,-0.586814,-0.447065,-1.16647,-0.56683,-0.447065,-1.16075,-0.564395,-0.468606,-1.35272,-0.673904,-0.536045,-1.35936,-0.676871,-0.510795,-1.36985,-0.653363,-0.510795,-1.36316,-0.650509,-0.536045
0.0226459,-0.346483,-2.66355,-1.14655,838871258,-1.14283,-0.604554,-0.468606,-1.14846,-0.607182,-0.447065,-1.15738,-0.587198,-0.447065,-1.15171,-0.584666,-0.468606,-1.3421,-0.697683,-0.536045,-1.3487,-0.700763,-0.510795,-1.35919,-0.677255,-0.510795,-1.35254,-0.674288,-0.536045
0.545877,-0.346786,-2.6462,5.09329,838871259,-1.13097,-0.623648,-0.468607,-1.13655,-0.626376,-0.447065,-1.14616,-0.606716,-0.447065,-1.14053,-0.604082,-0.468606,-1.32855,-0.720229,-0.536045,-1.33509,-0.723426,-0.510795,-1.3464,-0.700299,-0.510795,-1.3398,-0.697213,-0.536045
2.95532,-0.346503,-2.62903,-2.36023,838871260,-1.12122,-0.643591,-0.468607,-1.12675,-0.646414,-0.447065,-1.13636,-0.626754,-0.447065,-1.13078,-0.624026,-0.468606,-1.31711,-0.743623,-0.536045,-1.3236,-0.746932,-0.510795,-1.33491,-0.723804,-0.510795,-1.32836,-0.720607,-0.536045
0.205058,-0.346797,-2.60775,-9.88854,838871261,-1.10616,-0.666659,-0.468607,-1.11164,-0.669579,-0.447065,-1.12193,-0.650263,-0.447065,-1.11639,-0.647437,-0.468606,-1.30027,-0.770031,-0.536045,-1.3067,-0.773453,-0.510795,-1.3188,-0.750732,-0.510795,-1.31231,-0.747418,-0.536045
0.091617,-0.346493,-2.59059,-1.71193,838871262,-1.09572,-0.686252,-0.468606,-1.10116,-0.689265,-0.447065,-1.11144,-0.66995,-0.447065,-1.10596,-0.66703,-0.468607,-1.28803,-0.793014,-0.536045,-1.2944,-0.796546,-0.510795,-1.3065,-0.773825,-0.510795,-1.30007,-0.770402,-0.536045
0.123381,-0.346475,-2.55608,-51.9844,838871264,-1.07144,-0.723692,-0.468607,-1.07677,-0.726893,-0.447065,-1.08772,-0.707948,-0.447065,-1.08234,-0.704839,-0.468606,-1.25991,-0.837105,-0.536045,-1.26615,-0.840857,-0.510795,-1.27904,-0.818572,-0.510795,-1.27273,-0.814927,-0.536045
-0.0113688,-0.346761,-2.53872,-84.8464,838871265,-1.05765,-0.741443,-0.468607,-1.06291,-0.744738,-0.447065,-1.07452,-0.726188,-0.447065,-1.0692,-0.722982,-0.468606,-1.24407,-0.858114,-0.536045,-1.25025,-0.861976,-0.510795,-1.2639,-0.840155,-0.510795,-1.25766,-0.836397,-0.536045
-1.41855e-05,-0.363816,0.409015,-3.77156,838871586,1.18191,0.524335,-0.492617,1.18808,0.52673,-0.471046,1.19559,0.506143,-0.471046,1.18938,0.503877,-0.492617,1.38618,0.602838,-0.563617,1.39337,0.605631,-0.538468,1.40216,0.581516,-0.538468,1.39492,0.578873,-0.563617
0.0911815,-0.364128,0.426355,6.6846,838871587,1.17141,0.544209,-0.492617,1.17754,0.546692,-0.471046,1.18576,0.52638,-0.471046,1.17958,0.524024,-0.492617,1.37421,0.626339,-0.563617,1.38135,0.629234,-0.538468,1.39099,0.605441,-0.538468,1.38378,0.602694,-0.563617
0.363507,-0.363828,0.443529,-1.93865,838871588,1.16307,0.564786,-0.492617,1.16915,0.567395,-0.471046,1.17738,0.547083,-0.471046,1.17125,0.544601,-0.492617,1.36447,0.650376,-0.563617,1.37156,0.653418,-0.538468,1.38119,0.629625,-0.538468,1.37405,0.626731,-0.563617
0.0202351,-0.364142,0.460869,-4.07686,838871589,1.15188,0.584281,-0.492617,1.15792,0.586976,-0.471046,1.16685,0.566964,-0.471046,1.16075,0.564394,-0.492617,1.35169,0.673444,-0.563617,1.35873,0.676586,-0.538468,1.36919,0.653144,-0.538468,1.36208,0.650148,-0.563617
-0.00816746,-0.363844,0.478044,-2.6611,838871590,1.14283,0.604555,-0.492617,1.14882,0.607375,-0.471046,1.15775,0.587362,-0.471046,1.15171,0.584667,-0.492617,1.34112,0.697126,-0.563617,1.3481,0.700414,-0.538468,1.35856,0.676972,-0.538468,1.35152,0.67383,-0.563617
0.11299,-0.363854,0.550998,17.025,838871594,1.09572,0.686253,-0.492617,1.10149,0.689482,-0.471046,1.1118,0.670139,-0.471046,1.10596,0.667031,-0.492617,1.28709,0.79239,-0.563617,1.29382,0.796156,-0.538468,1.30589,0.773498,-0.538468,1.29908,0.769873,-0.563617
-0.036584,-0.364135,0.602856,-1.55842,838871597,1.05765,0.741442,-0.492617,1.06325,0.744951,-0.471046,1.07488,0.726374,-0.471046,1.0692,0.722981,-0.492617,1.24312,0.857516,-0.563617,1.24966,0.861606,-0.538468,1.26327,0.839846,-0.538468,1.25665,0.835891,-0.563617
0.0921087,-0.363822,0.620029,-34.5646,838871598,1.04587,0.760261,-0.492617,1.0514,0.763885,-0.471046,1.06303,0.745309,-0.471046,1.05742,0.7418,-0.492617,1.22936,0.879498,-0.563617,1.23581,0.883724,-0.538468,1.24943,0.861964,-0.538468,1.2429,0.857874,-0.563617
0.075608,-0.364123,0.63737,-32.6059,838871599,1.03146,0.777518,-0.492617,1.03694,0.78122,-0.471046,1.04921,0.763061,-0.471046,1.04365,0.759472,-0.492617,1.21277,0.899998,-0.563617,1.21916,0.904315,-0.538467,1.23353,0.883044,-0.538468,1.22705,0.87886,-0.563617
-0.018657,-0.363813,0.654542,-3.22169,838871600,1.01904,0.795914,-0.492617,1.02444,0.799729,-0.471046,1.03671,0.78157,-0.471046,1.03123,0.777868,-0.492617,1.19825,0.921487,-0.563617,1.20455,0.925936,-0.538468,1.21892,0.904665,-0.538468,1.21253,0.900348,-0.563617
0.0832309,-0.364117,0.671882,42.3939,838871601,1.00404,0.812657,-0.492617,1.00938,0.816549,-0.471046,1.02228,0.798829,-0.471046,1.01685,0.795048,-0.492617,1.18095,0.941395,-0.563617,1.18719,0.945932,-0.538467,1.20229,0.925176,-0.538468,1.19596,0.920768,-0.563617
-0.102886,-0.363809,0.689055,-3.07058,838871602,0.990974,0.830608,-0.492617,0.996241,0.83461,-0.471046,1.00914,0.81689,-0.471046,1.00379,0.812999,-0.492617,1.16569,0.962364,-0.563617,1.17184,0.96703,-0.538468,1.18694,0.946274,-0.538468,1.1807,0.941737,-0.563617
0.0613868,-0.364116,0.706395,-4.01665,838871603,0.975398,0.846818,-0.492617,0.980606,0.850893,-0.471046,0.994112,0.833635,-0.471046,0.988819,0.829667,-0.492617,1.14771,0.981656,-0.563617,1.15378,0.986408,-0.538468,1.1696,0.966192,-0.538468,1.16343,0.961565,-0.563617
-0.0136488,-0.36381,0.723568,-3.65,838871604,0.961717,0.864301,-0.492617,0.966841,0.868484,-0.471046,0.980346,0.851226,-0.471046,0.975138,0.84715,-0.492617,1.13173,1.00208,-0.563617,1.1377,1.00696,-0.538468,1.15352,0.98674,-0.538468,1.14745,0.981988,-0.563617
0.20124,-0.364161,1.19352,5.64467,838871631,0.465497,1.20471,-0.492617,0.468182,1.21076,-0.471046,0.48821,1.20186,-0.471046,0.4854,1.19587,-0.492617,0.554317,1.40467,-0.563617,0.557447,1.41172,-0.538468,0.580907,1.4013,-0.538468,0.577631,1.39432,-0.563617
0.304105,-0.364173,1.23196,0.921989,838871633,0.418845,1.22171,-0.492617,0.421319,1.22785,-0.471046,0.441643,1.21965,-0.471046,0.439043,1.21357,-0.492617,0.50068,1.42463,-0.563617,0.503564,1.43178,-0.538468,0.527371,1.42218,-0.538468,0.524339,1.41509,-0.563617
0.220524,-0.363854,1.24913,-1.52901,838871634,0.398257,1.23002,-0.492617,0.400603,1.2362,-0.471046,0.420927,1.228,-0.471046,0.418454,1.22187,-0.492617,0.476629,1.43433,-0.563617,0.479365,1.44154,-0.538467,0.503172,1.43194,-0.538468,0.500288,1.42479,-0.563617
-0.0610128,-0.363828,-2.69806,-4.09509,838871768,-1.16307,-0.564786,-0.492617,-1.16915,-0.567395,-0.471046,-1.17738,-0.547083,-0.471046,-1.17125,-0.544601,-0.492617,-1.36447,-0.650376,-0.563617,-1.37156,-0.653418,-0.538468,-1.38119,-0.629625,-0.538468,-1.37405,-0.626731,-0.563617
0.0731403,-0.364142,-2.68072,-29.4786,838871769,-1.15188,-0.584281,-0.492617,-1.15792,-0.586976,-0.471046,-1.16685,-0.566964,-0.471046,-1.16075,-0.564394,-0.492617,-1.35169,-0.673444,-0.563617,-1.35873,-0.676586,-0.538468,-1.36919,-0.653144,-0.538468,-1.36208,-0.650148,-0.563617
0.819716,-0.363844,-2.66355,-0.730631,838871770,-1.14283,-0.604555,-0.492617,-1.14882,-0.607375,-0.471046,-1.15775,-0.587362,-0.471046,-1.15171,-0.584667,-0.492617,-1.34112,-0.697126,-0.563617,-1.3481,-0.700414,-0.538468,-1.35856,-0.676972,-0.538468,-1.35152,-0.67383,-0.563617
0.00686408,-0.364161,-2.64621,-3.70781,838871771,-1.13097,-0.623647,-0.492617,-1.13691,-0.626551,-0.471046,-1.14653,-0.606863,-0.471046,-1.14053,-0.604082,-0.492617,-1.32754,-0.719734,-0.563617,-1.33446,-0.72312,-0.538468,-1.34574,-0.700058,-0.538468,-1.33874,-0.696815,-0.563617
0.0120401,-0.363865,-2.62903,-3.00219,838871772,-1.12122,-0.643592,-0.492617,-1.1271,-0.646619,-0.471046,-1.13672,-0.626931,-0.471046,-1.13078,-0.624026,-0.492617,-1.31615,-0.743032,-0.563617,-1.32301,-0.746562,-0.538468,-1.33428,-0.723499,-0.538468,-1.32735,-0.720113,-0.563617
0.0306486,-0.364173,-2.60777,-4.19097,838871773,-1.10616,-0.666658,-0.492617,-1.11199,-0.669767,-0.471046,-1.12229,-0.650424,-0.471046,-1.11639,-0.647436,-0.492617,-1.29928,-0.769501,-0.563617,-1.30609,-0.773125,-0.538467,-1.31815,-0.750467,-0.538468,-1.31127,-0.746984,-0.563617
-0.0143352,-0.363854,-2.5906,-3.76819,838871774,-1.09572,-0.686253,-0.492617,-1.10149,-0.689482,-0.471046,-1.1118,-0.670139,-0.471046,-1.10596,-0.667031,-0.492617,-1.28709,-0.79239,-0.563617,-1.29382,-0.796156,-0.538468,-1.30589,-0.773498,-0.538468,-1.29908,-0.769873,-0.563617
-0.00661201,-0.381205,0.409007,-2.51643,838872098,1.18191,0.524335,-0.51674,1.18841,0.52685,-0.49528,1.19592,0.506263,-0.49528,1.18938,0.503876,-0.51674,1.38507,0.602433,-0.591284,1.39264,0.605366,-0.566263,1.40144,0.581251,-0.566263,1.39381,0.578468,-0.591284
-0.0551298,-0.38153,0.426349,-2.29464,838872099,1.17141,0.544209,-0.51674,1.17786,0.546823,-0.49528,1.18609,0.526511,-0.49528,1.17958,0.524024,-0.51674,1.37311,0.625895,-0.591284,1.38064,0.628943,-0.566263,1.39027,0.60515,-0.566263,1.38269,0.60225,-0.591284
0.0624249,-0.381217,0.443521,-0.75739,838872100,1.16307,0.564786,-0.51674,1.16948,0.567527,-0.49528,1.1777,0.547214,-0.49528,1.17125,0.544601,-0.51674,1.36338,0.649932,-0.591284,1.37084,0.653127,-0.566263,1.38048,0.629334,-0.566263,1.37295,0.626287,-0.591284
0.0559576,-0.381545,0.460863,-1.8328,838872101,1.15188,0.584281,-0.51674,1.15824,0.587119,-0.49528,1.16717,0.567106,-0.49528,1.16075,0.564394,-0.51674,1.35061,0.672962,-0.591284,1.35802,0.676271,-0.566263,1.36848,0.652829,-0.566263,1.361,0.649666,-0.591284
0.136784,-0.381234,0.478036,7.63075,838872102,1.14283,0.604555,-0.51674,1.14914,0.607517,-0.49528,1.15807,0.587505,-0.49528,1.15171,0.584667,-0.51674,1.34004,0.696644,-0.591284,1.34739,0.700098,-0.566263,1.35785,0.676656,-0.566263,1.35044,0.673348,-0.591284
0.144745,-0.381565,0.495379,12.2324,838872103,1.13097,0.623647,-0.51674,1.13722,0.626705,-0.49528,1.14685,0.607016,-0.49528,1.14053,0.604082,-0.51674,1.32648,0.719215,-0.591284,1.33377,0.72278,-0.566263,1.34504,0.699717,-0.566263,1.33768,0.696296,-0.591284
0.126865,-0.381577,0.533818,-48.6062,838872105,1.10616,0.666658,-0.51674,1.1123,0.669931,-0.49528,1.1226,0.650588,-0.49528,1.11639,0.647436,-0.51674,1.29824,0.768945,-0.591284,1.3054,0.772761,-0.566263,1.31747,0.750103,-0.566263,1.31023,0.746428,-0.591284
-0.0422733,-0.381537,0.60285,-2.36236,838872109,1.05765,0.741442,-0.51674,1.06355,0.745136,-0.49528,1.07518,0.726559,-0.49528,1.0692,0.722981,-0.51674,1.24212,0.856889,-0.591284,1.249,0.861195,-0.566263,1.26262,0.839435,-0.566263,1.25565,0.835264,-0.591284
0.62711,-0.381211,0.62002,-0.713083,838872110,1.04587,0.760261,-0.51674,1.0517,0.764071,-0.49528,1.06333,0.745494,-0.49528,1.05742,0.7418,-0.51674,1.22836,0.878871,-0.591284,1.23516,0.883314,-0.566263,1.24878,0.861553,-0.566263,1.24189,0.857247,-0.591284
2.70528,-0.381525,0.637364,-0.369973,838872111,1.03146,0.777518,-0.51674,1.03723,0.781416,-0.49528,1.0495,0.763256,-0.49528,1.04365,0.759472,-0.51674,1.21179,0.899337,-0.591284,1.21852,0.903881,-0.566263,1.23289,0.88261,-0.566263,1.22607,0.878198,-0.591284
-0.017612,-0.381201,0.654534,-2.92526,838872112,1.01904,0.795914,-0.51674,1.02473,0.799925,-0.49528,1.037,0.781766,-0.49528,1.03123,0.777868,-0.51674,1.19727,0.920826,-0.591284,1.20391,0.925503,-0.566263,1.21828,0.904231,-0.566263,1.21155,0.899687,-0.591284
-0.0515142,-0.381519,0.671877,-2.65508,838872113,1.00404,0.812658,-0.51674,1.00967,0.816754,-0.49528,1.02256,0.799035,-0.49528,1.01685,0.795048,-0.51674,1.18,0.9407,-0.591284,1.18656,0.945477,-0.566263,1.20167,0.92472,-0.566263,1.19501,0.920073,-0.591284
0.0667668,-0.381217,-2.69807,-21.1266,838872280,-1.16307,-0.564786,-0.51674,-1.16948,-0.567527,-0.49528,-1.1777,-0.547214,-0.49528,-1.17125,-0.544601,-0.51674,-1.36338,-0.649932,-0.591284,-1.37084,-0.653127,-0.566263,-1.38048,-0.629334,-0.566263,-1.37295,-0.626287,-0.591284
0.0472505,-0.381545,-2.68073,-1.89821,838872281,-1.15188,-0.584281,-0.51674,-1.15824,-0.587119,-0.49528,-1.16717,-0.567106,-0.49528,-1.16075,-0.564394,-0.51674,-1.35061,-0.672962,-0.591284,-1.35802,-0.676271,-0.566263,-1.36848,-0.652829,-0.566263,-1.361,-0.649666,-0.591284
0.0748407,-0.381234,-2.66356,-2.84633,838872282,-1.14283,-0.604555,-0.51674,-1.14914,-0.607517,-0.49528,-1.15807,-0.587505,-0.49528,-1.15171,-0.584667,-0.51674,-1.34004,-0.696644,-0.591284,-1.34739,-0.700098,-0.566263,-1.35785,-0.676656,-0.566263,-1.35044,-0.673348,-0.591284
0.0178389,-0.381565,-2.64621,-3.0025,838872283,-1.13097,-0.623647,-0.51674,-1.13722,-0.626705,-0.49528,-1.14685,-0.607016,-0.49528,-1.14053,-0.604082,-0.51674,-1.32648,-0.719215,-0.591284,-1.33377,-0.72278,-0.566263,-1.34504,-0.699717,-0.566263,-1.33768,-0.696296,-0.591284
0.0492683,-0.381256,-2.62904,-3.12244,838872284,-1.12122,-0.643592,-0.51674,-1.12741,-0.646773,-0.49528,-1.13704,-0.627084,-0.49528,-1.13078,-0.624026,-0.51674,-1.31509,-0.742513,-0.591284,-1.32231,-0.746221,-0.566263,-1.33358,-0.723159,-0.566263,-1.32629,-0.719594,-0.591284
0.0188184,-0.381577,-2.60777,-2.01893,838872285,-1.10616,-0.666658,-0.51674,-1.1123,-0.669931,-0.49528,-1.1226,-0.650588,-0.49528,-1.11639,-0.647436,-0.51674,-1.29824,-0.768945,-0.591284,-1.3054,-0.772761,-0.566263,-1.31747,-0.750103,-0.566263,-1.31023,-0.746428,-0.591284
0.0387654,-0.381245,-2.5906,-3.13581,838872286,-1.09572,-0.686253,-0.51674,-1.1018,-0.689647,-0.49528,-1.1121,-0.670304,-0.49528,-1.10596,-0.667031,-0.51674,-1.28605,-0.791835,-0.591284,-1.29314,-0.795791,-0.566263,-1.3052,-0.773134,-0.566263,-1.29804,-0.769318,-0.591284
-0.0199995,-0.398575,0.408999,-3.6959,838872610,1.18191,0.524335,-0.540994,1.18873,0.526969,-0.51965,1.19624,0.506382,-0.51965,1.18938,0.503877,-0.540994,1.3839,0.602008,-0.619063,1.39185,0.60508,-0.594177,1.40065,0.580965,-0.594177,1.39265,0.578043,-0.619063
0.0673067,-0.398914,0.426343,-2.17324,838872611,1.17141,0.544209,-0.540994,1.17818,0.546954,-0.51965,1.18641,0.526641,-0.51965,1.17958,0.524024,-0.540994,1.37196,0.62543,-0.619063,1.37986,0.62863,-0.594177,1.3895,0.604837,-0.594177,1.38154,0.601785,-0.619063
0.187854,-0.398588,0.443513,4.30107,838872612,1.16307,0.564786,-0.540994,1.1698,0.567657,-0.51965,1.17802,0.547345,-0.51965,1.17125,0.544601,-0.540994,1.36223,0.649467,-0.619063,1.37007,0.652814,-0.594177,1.3797,0.629021,-0.594177,1.3718,0.625822,-0.619063
0.0305449,-0.398929,0.460858,-3.06338,838872613,1.15188,0.584281,-0.540994,1.15856,0.587261,-0.51965,1.16749,0.567248,-0.51965,1.16075,0.564394,-0.540994,1.34948,0.672457,-0.619063,1.35726,0.675931,-0.594177,1.36772,0.652489,-0.594177,1.35987,0.649161,-0.619063
0.012087,-0.398605,0.478028,-3.39804,838872614,1.14283,0.604555,-0.540994,1.14945,0.607659,-0.51965,1.15838,0.587646,-0.51965,1.15171,0.584667,-0.540994,1.33891,0.696139,-0.619063,1.34663,0.699758,-0.594177,1.35709,0.676316,-0.594177,1.3493,0.672843,-0.619063
0.0080916,-0.398921,0.602844,-3.3386,838872621,1.05765,0.741442,-0.540994,1.06384,0.74532,-0.51965,1.07547,0.726744,-0.51965,1.0692,0.722981,-0.540994,1.24107,0.856231,-0.619063,1.24829,0.860753,-0.594177,1.26191,0.838993,-0.594177,1.2546,0.834606,-0.619063
0.266178,-0.398581,0.620012,-11.0424,838872622,1.04587,0.760261,-0.540994,1.05199,0.764255,-0.51965,1.06362,0.745678,-0.51965,1.05742,0.7418,-0.540994,1.22731,0.878214,-0.619063,1.23445,0.882871,-0.594177,1.24807,0.861111,-0.594177,1.24084,0.856589,-0.619063
0.300508,-0.398909,0.637358,2.21602,838872623,1.03146,0.777518,-0.540994,1.03752,0.78161,-0.51965,1.04979,0.763451,-0.51965,1.04365,0.759472,-0.540994,1.21076,0.898643,-0.619063,1.21783,0.903415,-0.594177,1.2322,0.882143,-0.594177,1.22504,0.877504,-0.619063
0.0377304,-0.398571,0.654526,-3.23557,838872624,1.01904,0.795914,-0.540994,1.02502,0.80012,-0.51965,1.03729,0.78196,-0.51965,1.03123,0.777868,-0.540994,1.19625,0.920132,-0.619063,1.20322,0.925036,-0.594177,1.21759,0.903764,-0.594177,1.21053,0.898993,-0.619063
-0.0614758,-0.398902,0.671871,-2.59933,838872625,1.00404,0.812657,-0.540994,1.00995,0.816959,-0.51965,1.02284,0.799239,-0.51965,1.01685,0.795048,-0.540994,1.179,0.939971,-0.619063,1.18589,0.944986,-0.594177,1.20099,0.92423,-0.594177,1.19401,0.919343,-0.619063
0.0409201,-0.398588,-2.69808,-2.52774,838872792,-1.16307,-0.564786,-0.540994,-1.1698,-0.567657,-0.51965,-1.17802,-0.547345,-0.51965,-1.17125,-0.544601,-0.540994,-1.36223,-0.649467,-0.619063,-1.37007,-0.652814,-0.594177,-1.3797,-0.629021,-0.594177,-1.3718,-0.625822,-0.619063
-0.0159008,-0.398929,-2.68073,-3.09409,838872793,-1.15188,-0.584281,-0.540994,-1.15856,-0.587261,-0.51965,-1.16749,-0.567248,-0.51965,-1.16075,-0.564394,-0.540994,-1.34948,-0.672457,-0.619063,-1.35726,-0.675931,-0.594177,-1.36772,-0.652489,-0.594177,-1.35987,-0.649161,-0.619063
0.0019341,-0.398605,-2.66356,-3.17939,838872794,-1.14283,-0.604555,-0.540994,-1.14945,-0.607659,-0.51965,-1.15838,-0.587646,-0.51965,-1.15171,-0.584667,-0.540994,-1.33891,-0.696139,-0.619063,-1.34663,-0.699758,-0.594177,-1.35709,-0.676316,-0.594177,-1.3493,-0.672843,-0.619063
0.0454198,-0.39895,-2.64622,30.4769,838872795,-1.13097,-0.623647,-0.540994,-1.13753,-0.626857,-0.51965,-1.14716,-0.607169,-0.51965,-1.14053,-0.604082,-0.540994,-1.32536,-0.71867,-0.619063,-1.33302,-0.722414,-0.594177,-1.34429,-0.699351,-0.594177,-1.33656,-0.695751,-0.619063
-0.0170625,-0.398629,-2.62905,-2.30827,838872796,-1.12122,-0.643592,-0.540994,-1.12772,-0.646925,-0.51965,-1.13735,-0.627237,-0.51965,-1.13078,-0.624026,-0.540994,-1.31397,-0.741969,-0.619063,-1.32156,-0.745855,-0.594177,-1.33283,-0.722793,-0.594177,-1.32518,-0.71905,-0.619063
0.0391277,-0.41628,0.426338,-40.817,838873123,1.17141,0.544209,-0.565387,1.1785,0.547083,-0.544164,1.18673,0.526771,-0.544164,1.17958,0.524024,-0.565387,1.37076,0.624944,-0.646959,1.37903,0.628294,-0.622215,1.38867,0.604501,-0.622215,1.38034,0.601299,-0.646959
0.0668933,-0.415941,0.443505,-17.9672,838873124,1.16307,0.564786,-0.565387,1.17012,0.567787,-0.544164,1.17834,0.547475,-0.544164,1.17125,0.544601,-0.565387,1.36103,0.64898,-0.646959,1.36924,0.652479,-0.622215,1.37888,0.628686,-0.622215,1.3706,0.625335,-0.646959
0.0574926,-0.416295,0.460852,-2.29871,838873125,1.15188,0.584281,-0.565387,1.15887,0.587401,-0.544164,1.1678,0.567389,-0.544164,1.16075,0.564394,-0.565387,1.34829,0.671929,-0.646959,1.35644,0.675567,-0.622215,1.36691,0.652125,-0.622215,1.35869,0.648633,-0.646959
-0.0393383,-0.415959,0.478021,-1.88486,838873126,1.14283,0.604555,-0.565387,1.14977,0.6078,-0.544164,1.1587,0.587787,-0.544164,1.15171,0.584667,-0.565387,1.33772,0.695611,-0.646959,1.34581,0.699394,-0.622215,1.35627,0.675952,-0.622215,1.34812,0.672315,-0.646959
0.00784769,-0.416287,0.602839,-2.51661,838873133,1.05765,0.741442,-0.565387,1.06414,0.745504,-0.544164,1.07576,0.726927,-0.544164,1.0692,0.722981,-0.565387,1.23997,0.855544,-0.646959,1.24754,0.860279,-0.622215,1.26115,0.838519,-0.622215,1.2535,0.833919,-0.646959
0.010481,-0.415934,0.620004,-1.58285,838873134,1.04587,0.760261,-0.565387,1.05229,0.764438,-0.544164,1.06391,0.745862,-0.544164,1.05742,0.7418,-0.565387,1.22621,0.877526,-0.646959,1.23369,0.882397,-0.622215,1.24731,0.860637,-0.622215,1.23974,0.855901,-0.646959
-0.0026086,-0.416274,0.637352,-2.12094,838873135,1.03146,0.777518,-0.565387,1.03781,0.781804,-0.544164,1.05008,0.763645,-0.544164,1.04365,0.759472,-0.565387,1.20969,0.897917,-0.646959,1.21709,0.902915,-0.622215,1.23146,0.881643,-0.622215,1.22397,0.876779,-0.646959
0.0185397,-0.415924,0.654518,-2.17438,838873136,1.01904,0.795914,-0.565387,1.0253,0.800313,-0.544164,1.03757,0.782154,-0.544164,1.03123,0.777868,-0.565387,1.19517,0.919406,-0.646959,1.20248,0.924536,-0.622215,1.21685,0.903264,-0.622215,1.20945,0.898267,-0.646959
0.0468702,-0.416267,0.671865,-2.77767,838873137,1.00404,0.812658,-0.565387,1.01023,0.817162,-0.544164,1.02312,0.799442,-0.544164,1.01685,0.795048,-0.565387,1.17795,0.939208,-0.646959,1.18516,0.94446,-0.622215,1.20027,0.923704,-0.622215,1.19296,0.918581,-0.646959
0.103383,-0.433309,0.201899,6.54005,838873622,1.26435,0.270108,-0.589926,1.27226,0.271362,-0.56883,1.27532,0.249662,-0.568831,1.2674,0.248544,-0.589926,1.47546,0.303684,-0.67498,1.48467,0.305146,-0.650384,1.48826,0.279728,-0.650384,1.47903,0.278424,-0.67498
0.176859,-0.433614,2.80077,-3.37084,838873771,-1.22106,0.421311,-0.589926,-1.22848,0.424302,-0.568831,-1.22029,0.444627,-0.56883,-1.21292,0.441509,-0.589926,-1.41929,0.501223,-0.67498,-1.42794,0.50471,-0.650384,-1.41834,0.528518,-0.650384,-1.40975,0.524883,-0.67498
0.148156,-0.472597,1.24909,15.5586,838874706,0.398256,1.23002,-0.646197,0.401343,1.23811,-0.62537,0.421694,1.22991,-0.62537,0.418453,1.22187,-0.646196,0.47382,1.42703,-0.737862,0.477398,1.43641,-0.713722,0.501118,1.42685,-0.713722,0.497361,1.41753,-0.737862
0.104951,-0.507071,0.55094,1.08717,838875690,1.09572,0.686254,-0.696394,1.10386,0.690775,-0.675848,1.11417,0.671407,-0.675848,1.10596,0.667031,-0.696394,1.27763,0.787212,-0.794583,1.28707,0.792453,-0.770768,1.29909,0.769879,-0.770768,1.28956,0.764807,-0.794583
0.214347,-0.524691,0.568284,-12.5897,838876203,1.08256,0.704473,-0.721761,1.09089,0.709292,-0.701362,1.10187,0.690296,-0.701362,1.09346,0.68562,-0.721761,1.26129,0.807824,-0.823177,1.27095,0.81341,-0.799532,1.28375,0.79127,-0.799532,1.274,0.785849,-0.823177
0.118436,-0.524224,0.654478,-17.1861,838876208,1.01904,0.795915,-0.721761,1.02692,0.801441,-0.701362,1.0392,0.783258,-0.701362,1.03123,0.777869,-0.721761,1.1881,0.914479,-0.823177,1.19724,0.920885,-0.799532,1.21156,0.899692,-0.799532,1.20231,0.893445,-0.823177
0.1076,-0.524642,0.706339,-13.7119,838876211,0.975399,0.846817,-0.721761,0.982981,0.85275,-0.701362,0.996504,0.835469,-0.701362,0.988819,0.829666,-0.721761,1.138,0.974054,-0.823176,1.14679,0.980931,-0.799532,1.16255,0.96079,-0.799532,1.15364,0.954064,-0.823177
0.118843,-0.609823,0.339897,1.93827,838878750,1.2153,0.441585,-0.851239,1.22591,0.444836,-0.831665,1.23198,0.423722,-0.831665,1.22131,0.420655,-0.851239,1.405,0.49974,-0.967656,1.41723,0.503484,-0.945111,1.42426,0.479013,-0.945111,1.41198,0.47548,-0.967656
0.139614,-0.609878,0.477955,-31.732,838878758,1.14283,0.604556,-0.851239,1.15289,0.609253,-0.831665,1.16184,0.589192,-0.831665,1.15171,0.584669,-0.851239,1.32259,0.688566,-0.967656,1.33417,0.693977,-0.945111,1.34455,0.670724,-0.945111,1.33288,0.665515,-0.967656
0.102865,-0.644637,0.219171,15.4943,838879767,1.25821,0.29173,-0.904837,1.26976,0.293774,-0.885485,1.27359,0.272117,-0.885485,1.26201,0.270286,-0.904837,1.45025,0.325723,-1.02681,1.46346,0.328061,-1.00467,1.46787,0.303111,-1.00467,1.45462,0.301016,-1.02681
0.220891,-0.678303,-1.37094,-41.9508,838881060,0.267651,-1.26502,-0.959363,0.269582,-1.27714,-0.940349,0.247804,-1.28022,-0.940349,0.246087,-1.26807,-0.959363,0.297728,-1.45417,-1.08679,0.299937,-1.46803,-1.06504,0.274848,-1.47158,-1.06504,0.272884,-1.45768,-1.08679
0.145,-0.695935,1.12437,17.0854,838881355,0.547541,1.16985,-0.987001,0.553417,1.18093,-0.968162,0.572845,1.17062,-0.968162,0.566778,1.15964,-0.987001,0.636453,1.3374,-1.11712,0.643175,1.35007,-1.09557,0.665557,1.33819,-1.09557,0.658617,1.32564,-1.11712
0.113886,-0.713154,0.533694,11.6369,838881833,1.10616,0.666655,-1.0151,1.11753,0.672711,-0.996316,1.12788,0.653277,-0.996316,1.11639,0.647432,-1.0151,1.27202,0.754983,-1.14775,1.28494,0.76186,-1.12642,1.29679,0.739614,-1.12642,1.28374,0.732977,-1.14775
0.135737,-0.712597,0.899938,3.87501,838881854,0.794926,1.01963,-1.0151,0.803363,1.02937,-0.996316,0.819735,1.01465,-0.996316,0.81112,1.00507,-1.0151,0.918235,1.16147,-1.14775,0.927816,1.17253,-1.12642,0.946557,1.15568,-1.12642,0.936773,1.1448,-1.14775
0.115705,-0.729777,0.512439,4.20335,838882344,1.12121,0.643595,-1.04345,1.13291,0.649579,-1.02484,1.14258,0.629798,-1.02484,1.13078,0.62403,-1.04345,1.28705,0.728167,-1.1786,1.30033,0.734961,-1.15747,1.3114,0.712318,-1.15747,1.298,0.705768,-1.1786
0.227073,-0.747454,0.495256,8.89697,838882855,1.13097,0.623643,-1.07207,1.14299,0.629521,-1.05364,1.15266,0.60974,-1.05364,1.14053,0.604078,-1.07207,1.29654,0.704579,-1.20971,1.3102,0.711253,-1.18878,1.32127,0.68861,-1.18878,1.30749,0.682181,-1.20971
0.339691,-0.74688,0.826981,-5.2837,838882874,0.867139,0.95897,-1.07207,0.876592,0.968447,-1.05364,0.8919,0.952622,-1.05364,0.882281,0.943317,-1.07207,0.997412,1.08937,-1.20971,1.00815,1.10014,-1.18877,1.02567,1.08202,-1.18877,1.01475,1.07145,-1.20971
0.137045,-0.803938,0.568183,-27.3793,838884395,1.08256,0.704469,-1.16882,1.09491,0.711613,-1.15074,1.10594,0.692533,-1.15074,1.09346,0.685616,-1.16882,1.23727,0.793931,-1.31362,1.2512,0.801984,-1.29324,1.26375,0.780288,-1.29324,1.24967,0.772491,-1.31362
0.157039,-0.837707,0.585351,-5.87712,838885420,1.07144,0.723697,-1.22941,1.08406,0.731295,-1.21169,1.09509,0.712215,-1.21169,1.08234,0.704844,-1.22941,1.22142,0.813875,-1.3787,1.23565,0.822441,-1.35874,1.24819,0.800744,-1.35874,1.23382,0.792435,-1.3787
-0.0494094,-1.12957,-1.80632,-2.21692,838894347,-0.290376,-1.25862,-1.80898,-0.295376,-1.27611,-1.79421,-0.316617,-1.27003,-1.79421,-0.311315,-1.25264,-1.80898,-0.329722,-1.39621,-1.98905,-0.335235,-1.41549,-1.97277,-0.358911,-1.40872,-1.97277,-0.353064,-1.38953,-1.98905
-0.0971656,-1.12885,-1.78915,-2.31736,838894348,-0.269016,-1.26473,-1.80898,-0.273712,-1.2823,-1.79421,-0.294954,-1.27623,-1.79421,-0.289954,-1.25874,-1.80898,-0.305958,-1.403,-1.98905,-0.311137,-1.42238,-1.97277,-0.334813,-1.41561,-1.97277,-0.3293,-1.39633,-1.98905
0.0260585,-1.12956,-1.77181,-1.33957,838894349,-0.246778,-1.26791,-1.80898,-0.251164,-1.28556,-1.79421,-0.272605,-1.28023,-1.79421,-0.267913,-1.26266,-1.80898,-0.281295,-1.40679,-1.98905,-0.286131,-1.42625,-1.97277,-0.310029,-1.42031,-1.97277,-0.304856,-1.40093,-1.98905
0.0177089,-1.12884,-1.75463,-1.20072,838894350,-0.225217,-1.27327,-1.80898,-0.229298,-1.29099,-1.79421,-0.250738,-1.28566,-1.79421,-0.246352,-1.26802,-1.80898,-0.257308,-1.41275,-1.98905,-0.261807,-1.43229,-1.97277,-0.285705,-1.42635,-1.97277,-0.280869,-1.40689,-1.98905
0.132204,-1.12955,-1.7373,-29.7266,838894351,-0.202883,-1.27567,-1.80898,-0.20665,-1.29346,-1.79421,-0.228263,-1.28888,-1.79421,-0.224188,-1.27116,-1.80898,-0.232528,-1.41567,-1.98905,-0.236682,-1.43529,-1.97277,-0.260773,-1.43018,-1.97277,-0.256279,-1.41064,-1.98905
-0.0277712,-1.15199,-1.84085,79.4815,838894857,-0.333624,-1.24782,-1.8594,-0.339336,-1.26544,-1.84468,-0.360367,-1.25862,-1.84468,-0.354341,-1.2411,-1.8594,-0.377208,-1.38227,-2.04086,-0.383463,-1.40157,-2.02474,-0.406753,-1.39402,-2.02474,-0.400154,-1.37483,-2.04086
0.081549,-1.15126,-1.82367,-13.8305,838894858,-0.312488,-1.25467,-1.8594,-0.317886,-1.27239,-1.84468,-0.338917,-1.26558,-1.84468,-0.333204,-1.24795,-1.8594,-0.353842,-1.38984,-2.04086,-0.359752,-1.40925,-2.02474,-0.383043,-1.4017,-2.02474,-0.376788,-1.38241,-2.04086
-0.0187314,-1.15196,-1.80633,-1.2079,838894859,-0.290377,-1.25862,-1.8594,-0.295471,-1.27643,-1.84468,-0.316727,-1.27036,-1.84468,-0.311316,-1.25264,-1.8594,-0.329239,-1.39451,-2.04086,-0.334816,-1.41402,-2.02474,-0.358356,-1.40729,-2.02474,-0.352431,-1.38788,-2.04086
0.0632081,-1.15123,-1.78915,24.8869,838894860,-0.269015,-1.26473,-1.8594,-0.27379,-1.28263,-1.84468,-0.295046,-1.27656,-1.84468,-0.289953,-1.25874,-1.8594,-0.305622,-1.40127,-2.04086,-0.310851,-1.42087,-2.02474,-0.334392,-1.41414,-2.02474,-0.328814,-1.39464,-2.04086
0.0628732,-1.15195,-1.77182,66.4645,838894861,-0.246779,-1.26791,-1.8594,-0.251247,-1.28589,-1.84468,-0.272703,-1.28056,-1.84468,-0.267914,-1.26266,-1.8594,-0.280871,-1.40508,-2.04086,-0.285763,-1.42476,-2.02474,-0.309524,-1.41886,-2.02474,-0.30428,-1.39926,-2.04086
0.0379546,-1.15123,-1.75464,-1.25578,838894862,-0.225216,-1.27327,-1.8594,-0.229364,-1.29133,-1.84468,-0.250819,-1.286,-1.84468,-0.246351,-1.26802,-1.8594,-0.257033,-1.411,-2.04086,-0.261574,-1.43078,-2.02474,-0.285335,-1.42487,-2.02474,-0.280443,-1.40518,-2.04086
-0.0333426,-1.15194,-1.7373,-0.77107,838894863,-0.202884,-1.27567,-1.8594,-0.206721,-1.29379,-1.84468,-0.22835,-1.28921,-1.84468,-0.224189,-1.27116,-1.8594,-0.232164,-1.41395,-2.04086,-0.236366,-1.43379,-2.02474,-0.260319,-1.42872,-2.02474,-0.255762,-1.40895,-2.04086
0.0161252,-1.16915,-1.84085,-2.07177,838895369,-0.333624,-1.24782,-1.89852,-0.33938,-1.26557,-1.88398,-0.360411,-1.25876,-1.88398,-0.354341,-1.2411,-1.89852,-0.376661,-1.38058,-2.08135,-0.382964,-1.40003,-2.06543,-0.406255,-1.39248,-2.06543,-0.399607,-1.37314,-2.08135
0.0407747,-1.16841,-1.82367,-2.12495,838895370,-0.312488,-1.25467,-1.89852,-0.31793,-1.27253,-1.88398,-0.338961,-1.26571,-1.88398,-0.333204,-1.24795,-1.89852,-0.353295,-1.38816,-2.08135,-0.359254,-1.40771,-2.06543,-0.382544,-1.40016,-2.06543,-0.376241,-1.38072,-2.08135
0.0146579,-1.16912,-1.80634,-1.55381,838895371,-0.290377,-1.25862,-1.89852,-0.29551,-1.27657,-1.88398,-0.316766,-1.27049,-1.88398,-0.311316,-1.25264,-1.89852,-0.328751,-1.39281,-2.08135,-0.334371,-1.41246,-2.06543,-0.357911,-1.40573,-2.06543,-0.351943,-1.38618,-2.08135
0.069087,-1.16839,-1.78915,52.1644,838895372,-0.269015,-1.26473,-1.89852,-0.273829,-1.28277,-1.88398,-0.295086,-1.27669,-1.88398,-0.289953,-1.25874,-1.89852,-0.305135,-1.39956,-2.08135,-0.310407,-1.41932,-2.06543,-0.333947,-1.41258,-2.06543,-0.328327,-1.39293,-2.08135
1.55485,-1.16911,-1.77182,-13.9541,838895373,-0.246779,-1.26791,-1.89852,-0.251282,-1.28603,-1.88398,-0.272738,-1.28069,-1.88398,-0.267914,-1.26266,-1.89852,-0.280443,-1.40336,-2.08135,-0.285373,-1.42319,-2.06543,-0.309134,-1.41729,-2.06543,-0.303852,-1.39754,-2.08135
0.0624112,-1.16838,-1.75464,-1.63495,838895374,-0.225216,-1.27327,-1.89852,-0.229398,-1.29147,-1.88398,-0.250854,-1.28613,-1.88398,-0.246351,-1.26802,-1.89852,-0.256605,-1.40928,-2.08135,-0.261184,-1.42921,-2.06543,-0.284945,-1.4233,-2.06543,-0.280015,-1.40346,-2.08135
0.0174954,-1.1691,-1.73731,-2.66632,838895375,-0.202884,-1.27567,-1.89852,-0.206751,-1.29393,-1.88398,-0.22838,-1.28935,-1.88398,-0.224189,-1.27116,-1.89852,-0.231796,-1.41221,-2.08135,-0.236031,-1.43221,-2.06543,-0.259983,-1.42713,-2.06543,-0.255395,-1.40721,-2.08135
-0.0459578,-1.18628,-1.84085,-3.91153,838895881,-0.333624,-1.24782,-1.93814,-0.339424,-1.26571,-1.92378,-0.360455,-1.25889,-1.92378,-0.354341,-1.2411,-1.93814,-0.37611,-1.37888,-2.12232,-0.38246,-1.39847,-2.1066,-0.405751,-1.39092,-2.1066,-0.399056,-1.37144,-2.12232
0.074099,-1.18554,-1.82367,-37.5543,838895882,-0.312488,-1.25467,-1.93814,-0.317973,-1.27266,-1.92378,-0.339004,-1.26584,-1.92378,-0.333204,-1.24795,-1.93814,-0.352744,-1.38646,-2.12232,-0.35875,-1.40616,-2.1066,-0.382041,-1.39861,-2.1066,-0.37569,-1.37902,-2.12232
2.89732,-1.18626,-1.80634,-9.1725,838895883,-0.290377,-1.25862,-1.93814,-0.295548,-1.27671,-1.92378,-0.316805,-1.27063,-1.92378,-0.311316,-1.25264,-1.93814,-0.328259,-1.39109,-2.12232,-0.333922,-1.41089,-2.1066,-0.357462,-1.40416,-2.1066,-0.351451,-1.38446,-2.12232
0.0396655,-1.18552,-1.78916,-2.69293,838895884,-0.269015,-1.26473,-1.93814,-0.273868,-1.28291,-1.92378,-0.295124,-1.27683,-1.92378,-0.289953,-1.25874,-1.93814,-0.304643,-1.39784,-2.12232,-0.309958,-1.41775,-2.1066,-0.333498,-1.41101,-2.1066,-0.327835,-1.39121,-2.12232
-0.139283,-1.18624,-1.77182,-2.8182,838895885,-0.246779,-1.26791,-1.93814,-0.251316,-1.28616,-1.92378,-0.272772,-1.28083,-1.92378,-0.267914,-1.26266,-1.93814,-0.280012,-1.40162,-2.12232,-0.284979,-1.42161,-2.1066,-0.30874,-1.4157,-2.1066,-0.303421,-1.3958,-2.12232
-0.0329827,-1.18551,-1.75464,-2.64397,838895886,-0.225216,-1.27327,-1.93814,-0.229432,-1.2916,-1.92378,-0.250888,-1.28627,-1.92378,-0.246351,-1.26802,-1.93814,-0.256174,-1.40755,-2.12232,-0.26079,-1.42762,-2.1066,-0.284551,-1.42172,-2.1066,-0.279584,-1.40173,-2.12232
-0.0264616,-1.18624,-1.73731,-2.248,838895887,-0.202884,-1.27567,-1.93814,-0.20678,-1.29407,-1.92378,-0.228409,-1.28949,-1.92378,-0.224189,-1.27116,-1.93814,-0.231426,-1.41046,-2.12232,-0.235692,-1.43061,-2.1066,-0.259645,-1.42554,-2.1066,-0.255024,-1.40546,-2.12232
0.0101395,-1.20339,-1.84086,-2.36643,838896393,-0.333624,-1.24782,-1.97827,-0.339467,-1.26584,-1.9641,-0.360498,-1.25902,-1.9641,-0.354341,-1.2411,-1.97827,-0.375555,-1.37717,-2.16379,-0.381952,-1.39691,-2.14826,-0.405243,-1.38936,-2.14826,-0.398501,-1.36973,-2.16379
0.0177389,-1.20265,-1.82368,-2.06339,838896394,-0.312488,-1.25467,-1.97827,-0.318016,-1.27279,-1.9641,-0.339047,-1.26598,-1.9641,-0.333204,-1.24795,-1.97827,-0.352189,-1.38474,-2.16379,-0.358242,-1.40459,-2.14826,-0.381532,-1.39704,-2.14826,-0.375135,-1.37731,-2.16379
0.122547,-1.20337,-1.80634,1.5221,838896395,-0.290377,-1.25862,-1.97827,-0.295587,-1.27684,-1.9641,-0.316843,-1.27076,-1.9641,-0.311316,-1.25264,-1.97827,-0.327764,-1.38936,-2.16379,-0.333469,-1.40931,-2.14826,-0.357009,-1.40258,-2.14826,-0.350956,-1.38273,-2.16379
0.0684568,-1.20263,-1.78916,-2.39207,838896396,-0.269015,-1.26473,-1.97827,-0.273906,-1.28304,-1.9641,-0.295163,-1.27696,-1.9641,-0.289953,-1.25874,-1.97827,-0.304148,-1.39611,-2.16379,-0.309504,-1.41616,-2.14826,-0.333045,-1.40943,-2.14826,-0.32734,-1.38948,-2.16379
-0.010489,-1.20335,-1.77183,-2.17497,838896397,-0.246779,-1.26791,-1.97827,-0.251349,-1.2863,-1.9641,-0.272805,-1.28097,-1.9641,-0.267914,-1.26266,-1.97827,-0.279578,-1.39987,-2.16379,-0.284582,-1.42001,-2.14826,-0.308343,-1.4141,-2.14826,-0.302987,-1.39406,-2.16379
-0.00622038,-1.20262,-1.75465,-2.38201,838896398,-0.225216,-1.27327,-1.97827,-0.229465,-1.29174,-1.9641,-0.250921,-1.28641,-1.9641,-0.246351,-1.26802,-1.97827,-0.25574,-1.4058,-2.16379,-0.260393,-1.42602,-2.14826,-0.284154,-1.42012,-2.14826,-0.27915,-1.39998,-2.16379
0.102891,-1.20335,-1.73731,-40.5676,838896399,-0.202884,-1.27567,-1.97827,-0.206809,-1.29421,-1.9641,-0.228438,-1.28963,-1.9641,-0.224189,-1.27116,-1.97827,-0.231053,-1.4087,-2.16379,-0.235351,-1.429,-2.14826,-0.259304,-1.42392,-2.14826,-0.254651,-1.4037,-2.16379
-0.125147,-1.22048,-1.84086,-4.10927,838896905,-0.333624,-1.24782,-2.01894,-0.339509,-1.26597,-2.00495,-0.36054,-1.25915,-2.00495,-0.354341,-1.2411,-2.01894,-0.374995,-1.37544,-2.20576,-0.381439,-1.39532,-2.19045,-0.40473,-1.38777,-2.19045,-0.397942,-1.36801,-2.20576
0.0996099,-1.21973,-1.82368,1.60073,838896906,-0.312488,-1.25467,-2.01894,-0.318058,-1.27292,-2.00495,-0.339089,-1.26611,-2.00495,-0.333204,-1.24795,-2.01894,-0.35163,-1.38302,-2.20576,-0.357729,-1.40301,-2.19045,-0.38102,-1.39546,-2.19045,-0.374576,-1.37558,-2.20576
0.0801516,-1.22046,-1.80634,-3.11576,838896907,-0.290377,-1.25862,-2.01894,-0.295624,-1.27697,-2.00495,-0.316881,-1.27089,-2.00495,-0.311316,-1.25264,-2.01894,-0.327266,-1.38762,-2.20576,-0.333012,-1.40771,-2.19045,-0.356552,-1.40098,-2.19045,-0.350458,-1.38098,-2.20576
0.00111958,-1.21971,-1.78916,-4.11661,838896908,-0.269015,-1.26473,-2.01894,-0.273944,-1.28317,-2.00495,-0.2952,-1.27709,-2.00495,-0.289953,-1.25874,-2.01894,-0.30365,-1.39437,-2.20576,-0.309047,-1.41456,-2.19045,-0.332587,-1.40783,-2.19045,-0.326842,-1.38774,-2.20576
0.00623913,-1.22044,-1.77183,-3.66981,838896909,-0.246779,-1.26791,-2.01894,-0.251382,-1.28643,-2.00495,-0.272838,-1.2811,-2.00495,-0.267914,-1.26266,-2.01894,-0.27914,-1.39812,-2.20576,-0.284181,-1.4184,-2.19045,-0.307942,-1.41249,-2.19045,-0.30255,-1.3923,-2.20576
0.143458,-1.47665,2.08504,4.30796,838904450,-0.645919,1.12015,-2.70935,-0.655567,1.13905,-2.69763,-0.635669,1.14877,-2.69763,-0.626353,1.12971,-2.70935,-0.695768,1.2178,-2.91156,-0.706129,1.2381,-2.89897,-0.684486,1.24868,-2.89897,-0.674481,1.2282,-2.91156
0.256032,-1.47753,2.66244,-23.7318,838904483,-1.15136,0.585294,-2.70935,-1.16975,0.595892,-2.69763,-1.15869,0.615078,-2.69763,-1.14049,0.604161,-2.70935,-1.24633,0.640042,-2.91156,-1.26608,0.651424,-2.89897,-1.25405,0.672293,-2.89897,-1.2345,0.660569,-2.91156
0.19252,-1.47745,-2.75004,-1.83634,838904533,-1.18953,-0.503468,-2.70935,-1.20946,-0.510742,-2.69763,-1.21705,-0.489938,-2.69763,-1.19699,-0.48301,-2.70935,-1.29251,-0.541043,-2.91156,-1.31392,-0.548854,-2.89897,-1.32217,-0.526225,-2.89897,-1.30063,-0.518785,-2.91156
0.614532,-1.47667,-2.73286,-4.28858,838904534,-1.18191,-0.524347,-2.70935,-1.20172,-0.531966,-2.69763,-1.20931,-0.511162,-2.69763,-1.18937,-0.503888,-2.70935,-1.28423,-0.56372,-2.91156,-1.30551,-0.571903,-2.89897,-1.31376,-0.549274,-2.89897,-1.29235,-0.541462,-2.91156
0.0723674,-1.47668,-1.82372,19.0664,838904586,-0.312485,-1.25467,-2.70935,-0.318679,-1.27497,-2.69763,-0.339745,-1.26814,-2.69763,-0.333202,-1.24795,-2.70935,-0.344466,-1.35954,-2.91156,-0.351118,-1.38134,-2.89897,-0.374032,-1.37391,-2.89897,-0.367005,-1.35223,-2.91156
0.195742,-1.47744,-0.69016,-15.4329,838904651,1.00332,-0.81354,-2.70935,1.0191,-0.827727,-2.69763,1.0043,-0.844196,-2.69763,0.988761,-0.829736,-2.70935,1.08484,-0.886829,-2.91156,1.10179,-0.902065,-2.89897,1.08568,-0.919979,-2.89897,1.069,-0.904448,-2.91156
0.225711,-1.47668,-0.427456,1.00774,838904666,1.18135,-0.525609,-2.70935,1.20026,-0.535233,-2.69763,1.18988,-0.554794,-2.69763,1.17114,-0.544845,-2.70935,1.27907,-0.575314,-2.91156,1.29938,-0.585651,-2.89897,1.28809,-0.606927,-2.89897,1.26796,-0.596242,-2.91156
0.297831,-1.47666,-0.39294,0.225932,838904668,1.19881,-0.484543,-2.70935,1.21805,-0.493501,-2.69763,1.20835,-0.513413,-2.69763,1.18927,-0.504124,-2.70935,1.2982,-0.530806,-2.91156,1.31887,-0.540426,-2.89897,1.30832,-0.562084,-2.89897,1.28783,-0.552108,-2.91156
0.0998794,-1.47674,-0.220361,-2.24441,838904678,1.26406,-0.271471,-2.70935,1.28457,-0.276949,-2.69763,1.27848,-0.298242,-2.69763,1.25808,-0.292411,-2.70935,1.36999,-0.299756,-2.91156,1.39201,-0.305639,-2.89897,1.38539,-0.3288,-2.89897,1.36348,-0.322537,-2.91156
-0.0207393,0.0117304,2.93931,-1.57162,838927027,-1.26429,0.270384,0.0269319,-1.26429,0.270395,0.00338403,-1.26734,0.248821,0.00338405,-1.26734,0.248821,0.0269319,-1.49147,0.306563,0.028832,-1.49147,0.306574,0.00338403,-1.49508,0.281026,0.00338405,-1.49508,0.281026,0.0288321
-0.103025,0.0117411,2.95647,1.8472,838927028,-1.2674,0.248407,0.026932,-1.2674,0.248407,0.00338405,-1.27045,0.226833,0.00338403,-1.27045,0.226843,0.0269319,-1.49514,0.280611,0.0288321,-1.49514,0.280611,0.00338406,-1.49875,0.255063,0.00338403,-1.49875,0.255074,0.028832
0.124568,0.0117308,2.97776,-15.2339,838927029,-1.27367,0.221578,0.0269319,-1.27367,0.221589,0.00338404,-1.27597,0.199922,0.00338404,-1.27597,0.199922,0.0269319,-1.50196,0.24986,0.028832,-1.50196,0.249872,0.00338404,-1.50469,0.224213,0.00338404,-1.50469,0.224213,0.028832
0.0757354,0.0117408,2.99492,-2.77911,838927030,-1.27602,0.199506,0.0269319,-1.27602,0.199506,0.00338404,-1.27832,0.17784,0.00338404,-1.27832,0.17785,0.0269319,-1.50473,0.223797,0.028832,-1.50473,0.223797,0.00338404,-1.50745,0.198139,0.00338404,-1.50745,0.19815,0.028832
0.0259026,0.0117301,3.01227,-1.47334,838927031,-1.28064,0.177503,0.0269319,-1.28064,0.177514,0.00338404,-1.28219,0.15578,0.00338404,-1.28219,0.15578,0.0269319,-1.50978,0.197795,0.028832,-1.50978,0.197806,0.00338404,-1.51161,0.172069,0.00338404,-1.51161,0.172069,0.028832
0.124182,0.0117401,3.02944,-34.3006,838927032,-1.28221,0.155363,0.0269319,-1.28221,0.155363,0.00338404,-1.28376,0.133629,0.00338404,-1.28376,0.13364,0.0269319,-1.51164,0.171651,0.028832,-1.51164,0.171651,0.00338404,-1.51346,0.145914,0.00338404,-1.51346,0.145925,0.028832
0.125147,0.0117295,3.04679,15.3421,838927033,-1.28607,0.133212,0.0269319,-1.28607,0.133222,0.00338404,-1.28685,0.111448,0.00338404,-1.28685,0.111448,0.0269319,-1.51578,0.145489,0.028832,-1.51578,0.1455,0.00338404,-1.5167,0.119714,0.00338404,-1.5167,0.119714,0.028832
0.0614446,0.0117397,3.06395,-28.6881,838927034,-1.28687,0.11103,0.0269319,-1.28687,0.11103,0.00338404,-1.28765,0.0892558,0.00338404,-1.28765,0.0892663,0.0269319,-1.51672,0.119296,0.028832,-1.51672,0.119296,0.00338404,-1.51765,0.0935099,0.00338404,-1.51765,0.0935213,0.028832
0.433944,0.0117291,3.0813,1.90872,838927035,-1.28995,0.0887579,0.0269319,-1.28995,0.0887684,0.00338404,-1.28997,0.0669802,0.00338404,-1.28997,0.0669802,0.0269319,-1.51994,0.0930044,0.028832,-1.51994,0.0930157,0.00338404,-1.51997,0.0672132,0.00338404,-1.51997,0.0672132,0.028832
0.0774538,0.0117394,3.09846,16.1909,838927036,-1.28997,0.0665617,0.0269319,-1.28997,0.0665617,0.00338404,-1.28999,0.0447734,0.00338404,-1.28999,0.0447839,0.0269319,-1.51997,0.0667948,0.028832,-1.51997,0.0667948,0.00338404,-1.52,0.0409922,0.00338404,-1.52,0.0410036,0.028832
-0.0432351,0.0117289,3.11581,-2.12527,838927037,-1.29227,0.0441957,0.0269319,-1.29227,0.0442062,0.00338404,-1.29153,0.0224304,0.00338404,-1.29153,0.0224304,0.0269319,-1.52227,0.0404068,0.028832,-1.52227,0.0404181,0.00338404,-1.5214,0.0146304,0.00338404,-1.5214,0.0146304,0.028832
0.0344317,0.0117392,3.13298,-2.57951,838927038,-1.29152,0.0220122,0.0269319,-1.29152,0.0220122,0.00338404,-1.29078,0.000236423,0.00338404,-1.29078,0.000246919,0.0269319,-1.52139,0.0142122,0.028832,-1.52139,0.0142122,0.00338404,-1.52051,-0.0115755,0.00338404,-1.52051,-0.0115642,0.028832
0.0152808,0.0302681,2.93931,-2.94959,838927539,-1.26429,0.270384,0.0508939,-1.26448,0.270422,0.0273468,-1.26754,0.248848,0.0273468,-1.26734,0.248821,0.0508939,-1.49144,0.30656,0.054686,-1.49165,0.3066,0.0292388,-1.49526,0.281052,0.0292388,-1.49505,0.281022,0.054686
0.0422901,0.0302958,2.95648,1.30155,838927540,-1.2674,0.248407,0.0508939,-1.26759,0.248434,0.0273468,-1.27065,0.22686,0.0273468,-1.27045,0.226843,0.0508939,-1.49511,0.280608,0.054686,-1.49532,0.280637,0.0292388,-1.49893,0.255089,0.0292388,-1.49872,0.255071,0.054686
0.148283,0.0302691,2.97776,-5.72597,838927541,-1.27367,0.221578,0.0508939,-1.27386,0.221609,0.0273468,-1.27616,0.199943,0.0273468,-1.27597,0.199922,0.0508939,-1.50194,0.249858,0.054686,-1.50215,0.249891,0.0292388,-1.50487,0.224233,0.0292388,-1.50466,0.224211,0.054686
0.0709503,0.0302948,2.99493,27.3181,838927542,-1.27602,0.199506,0.0508939,-1.27621,0.199527,0.0273468,-1.27851,0.17786,0.0273468,-1.27832,0.17785,0.0508939,-1.50471,0.223795,0.054686,-1.50491,0.223817,0.0292388,-1.50764,0.198159,0.0292388,-1.50743,0.198148,0.054686
0.0119438,0.0302672,3.01228,-2.73243,838927543,-1.28064,0.177503,0.0508939,-1.28084,0.177528,0.0273468,-1.28238,0.155794,0.0273468,-1.28219,0.15578,0.0508939,-1.50976,0.197794,0.054686,-1.50997,0.19782,0.0292388,-1.51179,0.172082,0.0292388,-1.51158,0.172067,0.054686
0.0908902,0.0302932,3.02944,30.7839,838927544,-1.28221,0.155363,0.0508939,-1.28241,0.155377,0.0273468,-1.28395,0.133643,0.0273468,-1.28376,0.13364,0.0508939,-1.51161,0.17165,0.054686,-1.51182,0.171664,0.0292388,-1.51365,0.145927,0.0292388,-1.51344,0.145923,0.054686
0.039161,0.0302658,3.04679,-4.13811,838927545,-1.28607,0.133212,0.0508939,-1.28626,0.133229,0.0273468,-1.28705,0.111455,0.0273468,-1.28685,0.111448,0.0508939,-1.51575,0.145488,0.054686,-1.51596,0.145507,0.0292388,-1.51689,0.119721,0.0292388,-1.51668,0.119713,0.054686
-0.0437645,0.030292,3.06395,-2.93271,838927546,-1.28687,0.11103,0.0508939,-1.28706,0.111037,0.0273468,-1.28784,0.0892628,0.0273468,-1.28765,0.0892663,0.0508939,-1.5167,0.119295,0.054686,-1.51691,0.119303,0.0292388,-1.51783,0.0935166,0.0292388,-1.51762,0.0935204,0.054686
0.0105728,0.0302648,3.0813,-1.89232,838927547,-1.28995,0.0887579,0.0508939,-1.29014,0.0887686,0.0273468,-1.29016,0.0669803,0.0273468,-1.28997,0.0669802,0.0508939,-1.51992,0.0930044,0.054686,-1.52013,0.0930159,0.0292388,-1.52016,0.0672134,0.0292388,-1.51995,0.0672132,0.054686
-0.0689654,0.0302912,3.09847,-1.7298,838927548,-1.28997,0.0665617,0.0508939,-1.29016,0.0665619,0.0273468,-1.29019,0.0447736,0.0273468,-1.28999,0.0447839,0.0508939,-1.51995,0.0667947,0.054686,-1.52016,0.0667949,0.0292388,-1.52018,0.0409924,0.0292388,-1.51997,0.0410035,0.054686
-0.0396445,0.0302643,3.11581,-3.35181,838927549,-1.29227,0.0441957,0.0508939,-1.29246,0.0441996,0.0273468,-1.29173,0.0224238,0.0273468,-1.29153,0.0224304,0.0508939,-1.52225,0.0404075,0.054686,-1.52246,0.0404118,0.0292388,-1.52159,0.0146241,0.0292388,-1.52138,0.0146312,0.054686
0.0326454,0.0302909,3.13298,-3.32062,838927550,-1.29152,0.0220122,0.0508939,-1.29171,0.0220056,0.0273468,-1.29097,0.000229853,0.0273468,-1.29078,0.000246917,0.0508939,-1.52136,0.014213,0.054686,-1.52157,0.0142059,0.0292388,-1.5207,-0.0115818,0.0292388,-1.52049,-0.0115634,0.054686
0.127023,0.0488368,-1.61589,51.4151,838928150,-0.0691003,-1.28974,0.0748583,-0.0691006,-1.29013,0.0513136,-0.0473124,-1.29015,0.0513136,-0.0473225,-1.28976,0.0748583,-0.0693032,-1.51968,0.0805421,-0.0693036,-1.5201,0.0550975,-0.043501,-1.52012,0.0550975,-0.043512,-1.5197,0.0805421
0.140672,0.0857923,0.810417,-1.31335,838928953,0.898955,0.9293,0.122801,0.899461,0.929887,0.0992656,0.882783,0.943907,0.0992656,0.882284,0.943314,0.122801,1.0499,1.10263,0.132267,1.05045,1.10327,0.106832,1.0307,1.11987,0.106833,1.03016,1.11923,0.132267
0.14361,0.08587,0.827577,-15.2992,838928954,0.881964,0.943583,0.122801,0.882463,0.944176,0.0992657,0.865784,0.958196,0.0992656,0.865294,0.957596,0.122801,1.02984,1.1195,0.132267,1.03038,1.12014,0.106833,1.01063,1.13674,0.106832,1.0101,1.13609,0.132267
0.136062,0.0857997,0.883377,-4.50992,838928957,0.828728,0.992243,0.122801,0.829193,0.992863,0.0992657,0.81158,1.00569,0.0992656,0.811124,1.00506,0.122801,0.967256,1.17566,0.132267,0.967758,1.17633,0.106833,0.9469,1.19151,0.106832,0.946407,1.19084,0.132267
0.235062,0.225298,-0.672166,34.6274,838933324,1.00386,-0.812879,0.304781,1.00677,-0.815002,0.282776,1.01963,-0.797336,0.282776,1.01667,-0.795273,0.304781,1.18684,-0.946092,0.345868,1.19027,-0.948589,0.319967,1.20545,-0.92774,0.319967,1.20197,-0.925312,0.345868
0.135246,0.259995,-1.19379,40.4661,838934318,0.465231,-1.20481,0.350962,0.466999,-1.2088,0.329094,0.48697,-1.19993,0.329094,0.485136,-1.19598,0.350962,0.556439,-1.41027,0.399779,0.55852,-1.41496,0.374038,0.582091,-1.4045,0.374038,0.579932,-1.39985,0.399779
0.365865,0.329152,-1.49096,48.2251,838936349,0.0921345,-1.28966,0.444874,0.0928381,-1.29547,0.423231,0.114512,-1.29245,0.423231,0.113703,-1.28666,0.444874,0.118863,-1.5091,0.508621,0.119688,-1.51591,0.483254,0.145184,-1.51235,0.483254,0.144236,-1.50556,0.508621
0.175799,0.346467,-1.49095,35.79,838936861,0.0921345,-1.28966,0.468607,0.0928881,-1.29583,0.447065,0.114562,-1.29281,0.447065,0.113703,-1.28666,0.468606,0.118712,-1.50801,0.536045,0.119595,-1.51524,0.510795,0.145091,-1.51168,0.510795,0.144085,-1.50447,0.536045
0.256199,0.593217,2.05148,-34.0244,838943872,-0.587344,1.15043,0.824932,-0.592738,1.15979,0.805196,-0.611775,1.14883,0.805196,-0.606215,1.13956,0.824932,-0.687215,1.32381,0.938397,-0.693428,1.3346,0.915665,-0.715493,1.32189,0.915665,-0.709089,1.31121,0.938397
0.170298,0.644622,0.935273,48.1553,838945344,0.775652,1.03275,0.904837,0.782219,1.04247,0.885485,0.763998,1.05478,0.885485,0.75761,1.04495,0.904837,0.884879,1.19432,1.02681,0.892391,1.20543,1.00467,0.8714,1.21962,1.00467,0.864092,1.20837,1.02681
0.58003,0.803336,-0.934647,-49.6227,838950205,0.759075,-1.04667,1.16882,0.768038,-1.05778,1.15074,0.784934,-1.04363,1.15074,0.77577,-1.03269,1.16882,0.871541,-1.1856,1.31362,0.881644,-1.19812,1.29324,0.900858,-1.18203,1.29324,0.890528,-1.1697,1.31362
0.0296673,0.838344,2.99521,-2.82555,838951094,-1.27602,0.199499,1.22941,-1.29066,0.201055,1.21169,-1.29299,0.179138,1.21169,-1.27832,0.177843,1.22941,-1.45002,0.21798,1.3787,-1.46653,0.219733,1.35874,-1.46917,0.194811,1.35874,-1.45264,0.193351,1.3787
0.0652729,0.837724,3.01255,-3.37128,838951095,-1.28064,0.17751,1.22941,-1.29531,0.178815,1.21169,-1.29687,0.15683,1.21169,-1.28218,0.155787,1.22941,-1.45497,0.192884,1.3787,-1.47151,0.194355,1.35874,-1.47329,0.169355,1.35874,-1.45673,0.168179,1.3787
0.0545299,0.838307,3.02973,-2.51941,838951096,-1.28222,0.155356,1.22941,-1.2969,0.156399,1.21169,-1.29847,0.134414,1.21169,-1.28376,0.133633,1.22941,-1.45676,0.167748,1.3787,-1.47332,0.168924,1.35874,-1.47509,0.143924,1.35874,-1.45851,0.143043,1.3787
0.0156304,0.837692,3.04707,-2.9516,838951097,-1.28607,0.133219,1.22941,-1.30078,0.13401,1.21169,-1.30157,0.111984,1.21169,-1.28685,0.111455,1.22941,-1.46083,0.142495,1.3787,-1.47741,0.143387,1.35874,-1.47831,0.11834,1.35874,-1.46172,0.117744,1.3787
-0.0163656,0.855507,2.99521,-2.84383,838951606,-1.27602,0.199499,1.26018,-1.29088,0.201078,1.24266,-1.29321,0.179161,1.24266,-1.27832,0.177843,1.26018,-1.44812,0.217778,1.41169,-1.46488,0.219558,1.39194,-1.46752,0.194635,1.39194,-1.45073,0.193149,1.41169
0.111305,0.854879,3.01255,5.53528,838951607,-1.28064,0.17751,1.26018,-1.29554,0.178831,1.24266,-1.2971,0.156846,1.24266,-1.28218,0.155787,1.26018,-1.45307,0.192749,1.41169,-1.46986,0.194237,1.39194,-1.47163,0.169237,1.39194,-1.45482,0.168044,1.41169
0.0146665,0.85547,3.02973,-2.6818,838951608,-1.28222,0.155356,1.26018,-1.29713,0.156415,1.24266,-1.29869,0.13443,1.24266,-1.28376,0.133633,1.26018,-1.45485,0.167613,1.41169,-1.47166,0.168806,1.39194,-1.47344,0.143806,1.39194,-1.4566,0.142908,1.41169
0.0501552,0.854846,3.04707,-3.44903,838951609,-1.28607,0.133219,1.26018,-1.301,0.134018,1.24266,-1.30179,0.111992,1.24266,-1.28685,0.111455,1.26018,-1.45892,0.142426,1.41169,-1.47575,0.143327,1.39194,-1.47665,0.118281,1.39194,-1.45981,0.117675,1.41169
0.106314,0.871946,0.358092,6.6077,838951967,1.21491,0.442633,1.2913,1.22889,0.448551,1.27397,1.21994,0.468694,1.27397,1.20608,0.462536,1.2913,1.37253,0.509356,1.445,1.38828,0.516027,1.42546,1.37811,0.538932,1.42546,1.36248,0.531991,1.445
0.0810456,0.872564,0.375264,27.8641,838951968,1.2059,0.462931,1.2913,1.21977,0.469089,1.27397,1.21082,0.489232,1.27397,1.19706,0.482835,1.2913,1.3623,0.532386,1.445,1.37793,0.539327,1.42546,1.36776,0.562233,1.42546,1.35225,0.555022,1.445
0.11826,0.872564,2.81873,5.85205,838952108,-1.22134,0.420512,1.2913,-1.23592,0.424707,1.27397,-1.24201,0.403527,1.27397,-1.22736,0.399583,1.2913,-1.3858,0.46784,1.445,-1.40223,0.472569,1.42546,-1.40916,0.448484,1.42546,-1.39264,0.444039,1.445
0.0886751,0.872652,2.99522,-4.53618,838952118,-1.27602,0.199499,1.2913,-1.2911,0.201102,1.27397,-1.29343,0.179185,1.27397,-1.27832,0.177843,1.2913,-1.44619,0.217573,1.445,-1.4632,0.219379,1.42546,-1.46584,0.194457,1.42546,-1.44881,0.192945,1.445
0.124678,0.872016,3.01256,-45.3849,838952119,-1.28064,0.17751,1.2913,-1.29576,0.178846,1.27397,-1.29732,0.156862,1.27397,-1.28218,0.155787,1.2913,-1.45113,0.192611,1.445,-1.46817,0.194117,1.42546,-1.46994,0.169118,1.42546,-1.45289,0.167907,1.445
1.42118,0.872615,3.02973,-0.899712,838952120,-1.28222,0.155356,1.2913,-1.29735,0.15643,1.27397,-1.29891,0.134446,1.27397,-1.28376,0.133633,1.2913,-1.45292,0.167475,1.445,-1.46998,0.168686,1.42546,-1.47175,0.143687,1.42546,-1.45467,0.142771,1.445
0.0964544,0.871983,3.04708,0.455626,838952121,-1.28607,0.133219,1.2913,-1.30122,0.134026,1.27397,-1.30201,0.112,1.27397,-1.28685,0.111455,1.2913,-1.45698,0.142356,1.445,-1.47406,0.143266,1.42546,-1.47496,0.11822,1.42546,-1.45787,0.117605,1.445
0.140035,0.941122,-1.40456,39.1761,838954274,0.2026,-1.27572,1.41968,0.205919,-1.29141,1.40306,0.2275,-1.28684,1.40306,0.223906,-1.27121,1.41968,0.236458,-1.43579,1.58135,0.240172,-1.45334,1.56275,0.264549,-1.44819,1.56275,0.260528,-1.43069,1.58135
0.309948,0.957569,-3.09803,48.1765,838954689,-1.29224,-0.0450282,1.45268,-1.30842,-0.0464307,1.43625,-1.30613,-0.0683707,1.43625,-1.28999,-0.0666888,1.45268,-1.45334,-0.0589685,1.6163,-1.47144,-0.0605379,1.59791,-1.46886,-0.0853199,1.59791,-1.45079,-0.0834379,1.6163
0.135486,1.0439,2.33164,-3.28446,838957200,-0.882375,0.9432,1.62476,-0.894769,0.955194,1.60917,-0.910121,0.93933,1.60917,-0.897519,0.92755,1.62476,-0.99181,1.04911,1.79714,-1.00558,1.06243,1.77982,-1.0228,1.04463,1.77982,-1.00881,1.03155,1.79714
0.185632,1.06109,2.29713,2.74445,838957710,-0.849252,0.973031,1.66072,-0.861431,0.98567,1.64521,-0.877341,0.970341,1.64521,-0.864934,0.95792,1.66072,-0.953669,1.08139,1.83468,-0.967099,1.09533,1.81758,-0.984832,1.07825,1.81758,-0.971151,1.06455,1.83468
-0.0628036,1.06038,2.31447,-3.62993,838957711,-0.866925,0.959164,1.66072,-0.879319,0.971597,1.64521,-0.894683,0.955721,1.64521,-0.88207,0.943515,1.66072,-0.973324,1.06561,1.83468,-0.986992,1.07932,1.81758,-1.00412,1.06163,1.81758,-0.990208,1.04816,1.83468
2.11925,1.06105,2.33165,-0.466445,838957712,-0.882375,0.943199,1.66072,-0.894989,0.955406,1.64521,-0.910353,0.93953,1.64521,-0.89752,0.92755,1.66072,-0.990513,1.04785,1.83468,-1.00442,1.06131,1.81758,-1.02155,1.04361,1.81758,-1.0074,1.0304,1.83468
0.277042,1.06034,2.34898,2.8836,838957713,-0.899553,0.928724,1.66072,-0.912374,0.940717,1.64521,-0.927174,0.924314,1.64521,-0.914142,0.912555,1.66072,-1.00961,1.03139,1.83468,-1.02374,1.04461,1.81758,-1.04024,1.02633,1.81758,-1.02587,1.01336,1.83468
0.02252,1.07827,2.29714,-1.53981,838958222,-0.849252,0.973031,1.6971,-0.861543,0.985786,1.68178,-0.877452,0.970456,1.68178,-0.864934,0.95792,1.6971,-0.952405,1.08008,1.87262,-0.965958,1.09415,1.85572,-0.983691,1.07706,1.85572,-0.969887,1.06324,1.87262
0.022924,1.07755,2.31447,60.356,838958223,-0.866925,0.959164,1.6971,-0.879435,0.971709,1.68178,-0.894799,0.955833,1.68178,-0.88207,0.943515,1.6971,-0.972015,1.06434,1.87262,-0.98581,1.07818,1.85572,-1.00293,1.06048,1.85572,-0.988899,1.0469,1.87262
0.0112653,1.07822,2.33165,-1.39148,838958224,-0.882375,0.943199,1.6971,-0.895104,0.955518,1.68178,-0.910468,0.939642,1.68178,-0.89752,0.92755,1.6971,-0.989204,1.04658,1.87262,-1.00324,1.06017,1.85572,-1.02037,1.04247,1.85572,-1.00609,1.02914,1.87262
0.0301539,1.07751,2.34899,-2.20696,838958225,-0.899553,0.928724,1.6971,-0.912493,0.940824,1.68178,-0.927293,0.924421,1.68178,-0.914142,0.912555,1.6971,-1.00825,1.03017,1.87262,-1.02252,1.04351,1.85572,-1.03902,1.02523,1.85572,-1.02452,1.01214,1.87262
0.0235573,1.09542,2.29714,-2.52618,838958734,-0.849252,0.973031,1.73393,-0.861653,0.9859,1.71879,-0.877562,0.970571,1.71879,-0.864934,0.95792,1.73393,-0.951129,1.07876,1.91098,-0.964804,1.09295,1.89429,-0.982537,1.07586,1.89429,-0.968612,1.06191,1.91098
0.0273692,1.0947,2.31447,-3.08868,838958735,-0.866925,0.959164,1.73393,-0.879549,0.971819,1.71879,-0.894913,0.955943,1.71879,-0.88207,0.943515,1.73393,-0.970694,1.06307,1.91098,-0.984615,1.07702,1.89429,-1.00174,1.05933,1.89429,-0.987578,1.04562,1.91098
0.0387423,1.09538,2.33166,-3.43207,838958736,-0.882375,0.943199,1.73393,-0.895218,0.955628,1.71879,-0.910582,0.939752,1.71879,-0.89752,0.92755,1.73393,-0.987883,1.0453,1.91098,-1.00205,1.05901,1.89429,-1.01917,1.04131,1.89429,-1.00477,1.02786,1.91098
0.0311113,1.09466,2.34899,-3.57922,838958737,-0.899553,0.928724,1.73393,-0.912611,0.940931,1.71879,-0.927411,0.924528,1.71879,-0.914142,0.912555,1.73393,-1.00689,1.02894,1.91098,-1.02129,1.0424,1.89429,-1.03778,1.02412,1.89429,-1.02315,1.01091,1.91098
0.237581,1.12897,-2.95603,-45.2767,838959817,-1.27265,-0.227396,1.80898,-1.29037,-0.23147,1.79421,-1.28505,-0.252912,1.79421,-1.2674,-0.248533,1.80898,-1.41214,-0.259437,1.98905,-1.43168,-0.26393,1.97277,-1.42575,-0.28783,1.97277,-1.40629,-0.283,1.98905
0.188687,1.1691,-2.10264,50.5472,838960890,-0.664812,-1.10749,1.89852,-0.673592,-1.12396,1.88398,-0.654081,-1.13436,1.88398,-0.645593,-1.11773,1.89852,-0.730455,-1.23065,2.08135,-0.74007,-1.24869,2.06543,-0.718463,-1.2602,2.06543,-0.709168,-1.242,2.08135
0.142237,1.22047,-0.426331,4.79009,838962522,1.17129,-0.544458,2.01894,1.18898,-0.551626,2.00495,1.19728,-0.531136,2.00495,1.17947,-0.524275,2.01894,1.29563,-0.594847,2.20576,1.315,-0.602695,2.19045,1.3242,-0.580004,2.19045,1.30469,-0.572491,2.20576
0.16367,1.4089,1.4571,15.4987,838967902,0.157888,1.282,2.5098,0.159362,1.30279,2.49743,0.137271,1.30436,2.49743,0.136165,1.28354,2.5098,0.166077,1.39755,2.7085,0.16766,1.41989,2.69522,0.143632,1.42159,2.69522,0.142443,1.39923,2.7085
0.202688,1.42607,1.42258,9.20415,838968412,0.202032,1.27581,2.55868,0.204241,1.29663,2.54647,0.182219,1.29897,2.54647,0.180376,1.2781,2.55868,0.214089,1.38947,2.75827,0.216462,1.41183,2.74516,0.192507,1.41437,2.74516,0.190528,1.39197,2.75827
0.122475,1.44245,1.43991,26.2757,838968925,0.180057,1.28043,2.60821,0.181911,1.30139,2.59617,0.159821,1.30295,2.59617,0.158334,1.28197,2.60821,0.189938,1.39276,2.80869,0.191929,1.41526,2.79575,0.167901,1.41697,2.79575,0.166304,1.39443,2.80869
0.260355,1.44324,1.4571,2.48307,838968926,0.157888,1.282,2.60821,0.159375,1.30298,2.59617,0.137285,1.30455,2.59617,0.136165,1.28354,2.60821,0.165858,1.39446,2.80869,0.167455,1.417,2.79575,0.143427,1.4187,2.79575,0.142224,1.39614,2.80869
0.190397,1.46035,-1.71901,-43.7967,838969616,-0.202032,-1.27581,2.65843,-0.204261,-1.29682,2.64655,-0.182239,-1.29915,2.64655,-0.180376,-1.2781,2.65843,-0.213761,-1.38637,2.85978,-0.216154,-1.40894,2.84702,-0.1922,-1.41148,2.84702,-0.1902,-1.38887,2.85978
0.227767,1.47672,0.112687,46.4704,838969873,1.28598,0.134034,2.70935,1.30695,0.137338,2.69763,1.30312,0.159151,2.69763,1.28222,0.155485,2.70935,1.39429,0.151088,2.91156,1.4168,0.154636,2.89897,1.41264,0.178362,2.89897,1.39019,0.174425,2.91156
0.191521,1.47665,-1.38712,2.68397,838970147,0.224933,-1.27332,2.70935,0.22969,-1.294,2.69763,0.251183,-1.28867,2.69763,0.246069,-1.26807,2.70935,0.249492,-1.38017,2.91156,0.2546,-1.40239,2.89897,0.277979,-1.39658,2.89897,0.272487,-1.37446,2.91156
0.26918,1.47668,-1.31809,48.6665,838970151,0.312209,-1.25474,2.70935,0.318398,-1.27504,2.69763,0.339466,-1.26822,2.69763,0.332927,-1.24803,2.70935,0.344167,-1.35962,2.91156,0.350814,-1.38142,2.89897,0.37373,-1.374,2.89897,0.366707,-1.35231,2.91156
