energy,eta,phi,time,detid,front_1_x,front_1_y,front_1_z,front_2_x,front_2_y,front_2_z,front_3_x,front_3_y,front_3_z,front_4_x,front_4_y,front_4_z,back_1_x,back_1_y,back_1_z,back_2_x,back_2_y,back_2_z,back_3_x,back_3_y,back_3_z,back_4_x,back_4_y,back_4_z
0.468167,-1.58781,-3.10896,17.1296,872415921,-1.35608,-0.0589946,-3.21695,-1.38342,-0.0589947,-3.20868,-1.38348,-0.0304272,-3.20885,-1.35613,-0.0304271,-3.21712,-1.41977,-0.0617596,-3.42752,-1.44843,-0.0617597,-3.41885,-1.44849,-0.0318103,-3.41903,-1.41982,-0.0318102,-3.4277
0.99067,-1.60957,2.76828,6.33687,872416451,-1.25956,0.473586,-3.20815,-1.25881,0.50201,-3.20538,-1.23127,0.502027,-3.21295,-1.23201,0.473603,-3.21572,-1.31888,0.495663,-3.41885,-1.3181,0.525462,-3.41595,-1.28922,0.52548,-3.42388,-1.29,0.495681,-3.42678
0.539573,-1.65619,2.77008,5.49441,872416706,-1.19174,0.444552,-3.18789,-1.19112,0.472994,-3.18527,-1.16348,0.473061,-3.19247,-1.16409,0.44462,-3.19509,-1.2483,0.465245,-3.39949,-1.24766,0.495062,-3.39674,-1.21868,0.495133,-3.40429,-1.21932,0.465316,-3.40703
1.65657,-1.7751,-2.74652,-0.082845,872417316,-1.0095,-0.441121,-3.18034,-1.03736,-0.441076,-3.17404,-1.03787,-0.412618,-3.1765,-1.01001,-0.412664,-3.1828,-1.05782,-0.46182,-3.39397,-1.08703,-0.461773,-3.38737,-1.08756,-0.431939,-3.38995,-1.05835,-0.431986,-3.39655
0.742738,-1.87136,-3.00961,5.84922,872417454,-0.980935,-0.146364,-3.18602,-1.00884,-0.146364,-3.1799,-1.00899,-0.117805,-3.1806,-0.981089,-0.117805,-3.18673,-1.02807,-0.153275,-3.40081,-1.05732,-0.153275,-3.39439,-1.05748,-0.123335,-3.39513,-1.02823,-0.123335,-3.40155
1.18209,-1.9004,-3.00576,-2.69486,872417582,-0.952368,-0.146364,-3.1917,-0.980311,-0.146364,-3.18576,-0.98046,-0.117805,-3.18646,-0.952518,-0.117805,-3.19241,-0.998147,-0.153275,-3.40678,-1.02744,-0.153275,-3.40055,-1.0276,-0.123335,-3.40128,-0.998304,-0.123335,-3.40752
0.675848,-1.8911,2.94556,-14.4244,872417593,-0.981148,0.177761,-3.18995,-0.980935,0.206309,-3.1889,-0.952993,0.20632,-3.19484,-0.953206,0.177773,-3.1959,-1.02827,0.186052,-3.40469,-1.02805,0.215981,-3.40358,-0.998756,0.215993,-3.40982,-0.998979,0.186064,-3.41093
0.564595,-1.59234,-2.21637,-7.75462,872418190,-0.804854,-1.10185,-3.20805,-0.832975,-1.10177,-3.20302,-0.834028,-1.07393,-3.20934,-0.805908,-1.07401,-3.21437,-0.842721,-1.15253,-3.41877,-0.872202,-1.15245,-3.41349,-0.873307,-1.12326,-3.42011,-0.843825,-1.12334,-3.42539
1.02965,-2.06771,-3.05135,-18.4044,872418224,-0.801804,-0.0881146,-3.18924,-0.829925,-0.0881146,-3.18421,-0.829989,-0.0595489,-3.18457,-0.801867,-0.0595489,-3.1896,-0.840539,-0.0922618,-3.40577,-0.870021,-0.0922618,-3.4005,-0.870087,-0.0623142,-3.40087,-0.840605,-0.0623142,-3.40614
0.841273,-1.60536,-2.19931,-0.422293,872418318,-0.776124,-1.10185,-3.21282,-0.804276,-1.10181,-3.20796,-0.805328,-1.07397,-3.21428,-0.777177,-1.07401,-3.21914,-0.812629,-1.15253,-3.42377,-0.842142,-1.15249,-3.41867,-0.843246,-1.1233,-3.4253,-0.813733,-1.12334,-3.4304
1.07193,-2.10771,-3.12179,13.8554,872418354,-0.773127,-0.0298763,-3.19432,-0.80128,-0.0298764,-3.18947,-0.80128,-0.00130838,-3.18947,-0.773127,-0.00130834,-3.19432,-0.810506,-0.0312591,-3.41113,-0.84002,-0.0312592,-3.40604,-0.840021,-0.00130916,-3.40604,-0.810506,-0.00130913,-3.41113
0.793902,-2.09965,3.01154,-12.7434,872418358,-0.801291,0.0886746,-3.18952,-0.8012,0.117237,-3.18899,-0.773047,0.117237,-3.19384,-0.773139,0.0886745,-3.19437,-0.840026,0.092822,-3.40605,-0.83993,0.122767,-3.40549,-0.810415,0.122767,-3.41058,-0.810511,0.0928219,-3.41114
0.816144,-2.0944,2.97534,7.07931,872418359,-0.801298,0.117805,-3.18955,-0.801176,0.146364,-3.18885,-0.773023,0.146364,-3.1937,-0.773145,0.117805,-3.19441,-0.840027,0.123335,-3.40605,-0.839899,0.153275,-3.40531,-0.810385,0.153275,-3.4104,-0.810513,0.123335,-3.41114
0.542923,-2.14529,-3.12104,15.1995,872418482,-0.7444,-0.0298764,-3.19908,-0.772582,-0.0298763,-3.19441,-0.772582,-0.00130832,-3.19441,-0.7444,-0.0013084,-3.19908,-0.780415,-0.0312592,-3.41611,-0.809961,-0.0312591,-3.41121,-0.809961,-0.00130911,-3.41121,-0.780415,-0.00130918,-3.41611
1.62711,-2.18281,-3.07992,4.40561,872418609,-0.709946,-0.0589946,-3.17904,-0.738163,-0.0589946,-3.17458,-0.738191,-0.0304272,-3.17475,-0.709974,-0.0304272,-3.17922,-0.744319,-0.0617597,-3.39632,-0.773901,-0.0617597,-3.39164,-0.773931,-0.0318102,-3.39183,-0.744348,-0.0318103,-3.39651
0.20913,-1.49921,-2.05413,14.1584,872418694,-0.680872,-1.33898,-3.18217,-0.709116,-1.33884,-3.17789,-0.710158,-1.31136,-3.18561,-0.681914,-1.3115,-3.1899,-0.712852,-1.40034,-3.39101,-0.742462,-1.4002,-3.38652,-0.743555,-1.37139,-3.39462,-0.713944,-1.37153,-3.39911
1.27947,-2.35229,-3.02087,11.3386,872419120,-0.594426,-0.0881146,-3.1941,-0.622746,-0.0881146,-3.19034,-0.622793,-0.0595489,-3.1907,-0.594473,-0.0595489,-3.19445,-0.623322,-0.0922618,-3.41216,-0.653013,-0.0922618,-3.40822,-0.653062,-0.0623142,-3.40859,-0.623372,-0.0623142,-3.41253
1.04914,-2.26576,2.71128,-8.04775,872419132,-0.622916,0.265109,-3.19165,-0.622704,0.293632,-3.19005,-0.594383,0.293632,-3.1938,-0.594595,0.265109,-3.1954,-0.653144,0.277543,-3.40921,-0.652922,0.307446,-3.40753,-0.623231,0.307446,-3.41147,-0.623454,0.277543,-3.41314
1.14407,-2.40146,3.014,49.0242,872419253,-0.589711,0.0595489,-3.17479,-0.589666,0.0881146,-3.17444,-0.561319,0.0881146,-3.17798,-0.561363,0.0595489,-3.17833,-0.618333,0.0623142,-3.39291,-0.618286,0.0922618,-3.39254,-0.588567,0.0922618,-3.39625,-0.588613,0.0623142,-3.39662
0.976435,-2.3251,2.6254,-3.243,872419389,-0.561621,0.296355,-3.18684,-0.561444,0.324867,-3.18506,-0.533074,0.324901,-3.18842,-0.533252,0.296389,-3.1902,-0.588841,0.310164,-3.40472,-0.588655,0.340055,-3.40285,-0.558913,0.340091,-3.40637,-0.559099,0.3102,-3.40824
0.971451,-2.31477,-2.52295,45.5652,872419494,-0.503694,-0.383001,-3.18731,-0.532084,-0.382979,-3.18412,-0.532302,-0.354492,-3.18626,-0.503912,-0.354514,-3.18945,-0.528138,-0.40095,-3.40521,-0.557901,-0.400926,-3.40187,-0.558129,-0.371061,-3.40412,-0.528366,-0.371085,-3.40745
0.786559,-2.48478,2.89171,10.7526,872419511,-0.531782,0.117805,-3.18091,-0.531702,0.146364,-3.1802,-0.503312,0.146364,-3.18338,-0.503392,0.117805,-3.18409,-0.557654,0.123335,-3.39932,-0.55757,0.153275,-3.39857,-0.527807,0.153275,-3.40191,-0.52789,0.123335,-3.40266
1.45302,-2.57326,3.10969,18.8225,872419635,-0.502804,0.00130834,-3.18387,-0.502804,0.0298763,-3.18387,-0.474394,0.0298764,-3.18687,-0.474394,0.00130837,-3.18687,-0.527309,0.00130913,-3.4025,-0.527309,0.0312591,-3.4025,-0.497525,0.0312592,-3.40565,-0.497525,0.00130916,-3.40565
0.707563,-2.39559,2.39241,-8.73322,872419904,-0.442019,0.383543,-3.17844,-0.441851,0.412016,-3.17611,-0.413402,0.412061,-3.17871,-0.413569,0.383588,-3.18104,-0.463388,0.401486,-3.39667,-0.463212,0.431336,-3.39423,-0.433386,0.431383,-3.39695,-0.433562,0.401533,-3.39939
2.59018,-2.36177,2.35703,-2.35797,872419905,-0.441904,0.412619,-3.17665,-0.441721,0.441076,-3.17414,-0.413271,0.441121,-3.17674,-0.413455,0.412664,-3.17925,-0.463265,0.431939,-3.39476,-0.463073,0.461773,-3.39213,-0.433247,0.46182,-3.39486,-0.43344,0.431986,-3.39748
1.2652,-2.35945,2.28693,4.07476,872420034,-0.413601,0.444566,-3.19044,-0.413424,0.473007,-3.18776,-0.384959,0.473058,-3.19018,-0.385136,0.444617,-3.19287,-0.433589,0.465262,-3.40856,-0.433402,0.495079,-3.40575,-0.40356,0.495133,-3.40829,-0.403746,0.465315,-3.4111
4.23942,-2.84196,-3.02115,1.58641,872420145,-0.355177,-0.0589946,-3.181,-0.383657,-0.0589946,-3.17876,-0.383671,-0.0304272,-3.17894,-0.355191,-0.0304272,-3.18118,-0.372452,-0.0617597,-3.40031,-0.402309,-0.0617597,-3.39796,-0.402324,-0.0318103,-3.39815,-0.372467,-0.0318102,-3.4005
1.61108,-2.15769,-2.04429,-6.05512,872420252,-0.32656,-0.679575,-3.18998,-0.355053,-0.679552,-3.18792,-0.355316,-0.651256,-3.19184,-0.326822,-0.651279,-3.19391,-0.34234,-0.711254,-3.40712,-0.372211,-0.71123,-3.40496,-0.372486,-0.681566,-3.40907,-0.342615,-0.68159,-3.41124
0.991886,-2.82935,-2.69543,-67.4528,872420269,-0.326368,-0.177221,-3.18673,-0.354861,-0.177216,-3.18466,-0.354921,-0.148662,-3.18556,-0.326427,-0.148667,-3.18762,-0.342258,-0.185513,-3.406,-0.37213,-0.185507,-3.40383,-0.372192,-0.155572,-3.40477,-0.34232,-0.155578,-3.40694
1.8348,-2.90835,-2.92798,66.3812,872420272,-0.326107,-0.0881146,-3.18274,-0.3546,-0.0881146,-3.18068,-0.354626,-0.0595489,-3.18104,-0.326133,-0.0595489,-3.1831,-0.342001,-0.0922618,-3.40213,-0.371873,-0.0922618,-3.39997,-0.3719,-0.0623142,-3.40035,-0.342029,-0.0623142,-3.40251
1.89331,-2.72719,-2.41025,50.533,872420393,-0.297029,-0.293632,-3.18436,-0.325535,-0.293632,-3.18247,-0.325641,-0.265109,-3.18408,-0.297135,-0.265109,-3.18597,-0.311521,-0.307446,-3.40345,-0.341406,-0.307446,-3.40147,-0.341518,-0.277543,-3.40316,-0.311633,-0.277543,-3.40514
1.22219,-2.58654,2.27239,1.5829,872420415,-0.325932,0.354513,-3.18856,-0.32579,0.383,-3.18641,-0.297284,0.383,-3.1883,-0.297426,0.354513,-3.19045,-0.341797,0.371084,-3.40736,-0.341648,0.400949,-3.40511,-0.311764,0.400949,-3.40709,-0.311913,0.371084,-3.40934
3.09669,-2.541,2.23507,2.15555,872420416,-0.325813,0.383583,-3.18676,-0.325659,0.412055,-3.18443,-0.297153,0.412055,-3.18632,-0.297307,0.383583,-3.18865,-0.341671,0.401532,-3.40546,-0.34151,0.431382,-3.40302,-0.311625,0.431382,-3.405,-0.311786,0.401532,-3.40743
1.14379,-2.62515,-2.22047,33.424,872420518,-0.265828,-0.383005,-3.17977,-0.294348,-0.38296,-3.17811,-0.294428,-0.354473,-3.18026,-0.265908,-0.354518,-3.18192,-0.278603,-0.40095,-3.39867,-0.308502,-0.400903,-3.39692,-0.308586,-0.371038,-3.39918,-0.278687,-0.371085,-3.40092
0.544316,-1.55469,-1.74934,32.3173,872420612,-0.237288,-1.40847,-3.20128,-0.265817,-1.40832,-3.1998,-0.266095,-1.38094,-3.20794,-0.237566,-1.38109,-3.20942,-0.248534,-1.47248,-3.41147,-0.278443,-1.47233,-3.40992,-0.278735,-1.44362,-3.41845,-0.248825,-1.44378,-3.42
1.75503,-2.60947,-2.13359,36.2541,872420645,-0.236646,-0.412059,-3.17871,-0.265176,-0.412025,-3.17723,-0.265263,-0.383552,-3.17956,-0.236734,-0.383586,-3.18104,-0.248036,-0.431383,-3.39757,-0.277946,-0.431348,-3.39602,-0.278037,-0.401497,-3.39846,-0.248127,-0.401533,-3.40001
3.30768,-2.71712,-2.20732,34.2277,872420647,-0.236778,-0.353951,-3.18268,-0.265307,-0.353917,-3.1812,-0.265376,-0.325417,-3.18317,-0.236846,-0.325451,-3.18466,-0.248176,-0.370519,-3.40177,-0.278085,-0.370484,-3.40021,-0.278157,-0.340606,-3.40228,-0.248247,-0.340641,-3.40383
2.6187,-2.77313,-2.25069,30.1012,872420648,-0.236844,-0.324901,-3.18468,-0.265373,-0.324867,-3.1832,-0.265433,-0.296355,-3.18499,-0.236903,-0.296389,-3.18648,-0.248245,-0.340091,-3.40387,-0.278155,-0.340055,-3.40231,-0.278217,-0.310164,-3.40419,-0.248307,-0.3102,-3.40574
1.63486,-2.32549,1.98239,5.10064,872420678,-0.265228,0.560554,-3.17864,-0.265102,0.588919,-3.17524,-0.236572,0.588969,-3.17673,-0.236699,0.560605,-3.18013,-0.277984,0.586748,-3.39671,-0.277852,0.616485,-3.39315,-0.247942,0.616538,-3.3947,-0.248074,0.586801,-3.39826
0.907361,-2.06232,1.88031,30.6754,872420685,-0.265702,0.771865,-3.19395,-0.265545,0.800052,-3.1893,-0.237015,0.800137,-3.19079,-0.237173,0.771949,-3.19543,-0.278445,0.807631,-3.41065,-0.27828,0.837183,-3.40578,-0.24837,0.837271,-3.40734,-0.248536,0.80772,-3.4122
1.69418,-2.75725,-2.1496,-5.55131,872420775,-0.207667,-0.353949,-3.18362,-0.236206,-0.353926,-3.18232,-0.236273,-0.325427,-3.18429,-0.207735,-0.325449,-3.18559,-0.217684,-0.370519,-3.40277,-0.247603,-0.370496,-3.40141,-0.247673,-0.340617,-3.40347,-0.217754,-0.340641,-3.40484
2.15257,-2.81824,-2.19137,45.2273,872420776,-0.207733,-0.324899,-3.18562,-0.236272,-0.324876,-3.18432,-0.236331,-0.296365,-3.18611,-0.207793,-0.296387,-3.18741,-0.217753,-0.34009,-3.40487,-0.247672,-0.340067,-3.4035,-0.247734,-0.310176,-3.40538,-0.217815,-0.310199,-3.40675
2.04874,-2.88336,-2.24178,34.6982,872420777,-0.207476,-0.293632,-3.17769,-0.236014,-0.293621,-3.17639,-0.236077,-0.265099,-3.178,-0.207538,-0.26511,-3.1793,-0.217491,-0.307446,-3.39703,-0.24741,-0.307434,-3.39566,-0.247475,-0.277532,-3.39736,-0.217556,-0.277544,-3.39872
0.90461,-2.14276,1.86838,8.64057,872420811,-0.23614,0.709041,-3.18063,-0.235988,0.737285,-3.17634,-0.20745,0.73733,-3.17764,-0.207601,0.709086,-3.18193,-0.247498,0.742084,-3.39784,-0.247339,0.771694,-3.39334,-0.21742,0.771741,-3.39471,-0.217579,0.742131,-3.39921
1.79648,-2.79045,1.91619,45.8916,872421183,-0.146963,0.354473,-3.18026,-0.146954,0.38296,-3.17811,-0.118395,0.383005,-3.17883,-0.118404,0.354518,-3.18098,-0.153886,0.371038,-3.39953,-0.153877,0.400903,-3.39728,-0.123936,0.40095,-3.39803,-0.123946,0.371085,-3.40029
1.20749,-2.72268,1.89273,2.52344,872421184,-0.146967,0.383543,-3.17846,-0.146954,0.412016,-3.17613,-0.118395,0.412061,-3.17685,-0.118408,0.383588,-3.17918,-0.15389,0.401486,-3.39762,-0.153876,0.431336,-3.39518,-0.123935,0.431383,-3.39593,-0.12395,0.401533,-3.39837
0.786437,-2.03065,-1.69291,5.24532,872421270,-0.0892315,-0.857613,-3.17947,-0.117794,-0.857529,-3.17893,-0.117806,-0.829402,-3.18393,-0.0892428,-0.829486,-3.18447,-0.0934308,-0.89747,-3.39579,-0.123375,-0.897381,-3.39523,-0.123387,-0.867893,-3.40047,-0.0934427,-0.867982,-3.40103
1.47149,-2.39503,-1.74904,-5.83855,872421279,-0.0892555,-0.588969,-3.17482,-0.117818,-0.588919,-3.17428,-0.117832,-0.560554,-3.17769,-0.0892694,-0.560605,-3.17823,-0.0934236,-0.616538,-3.39305,-0.123368,-0.616485,-3.39249,-0.123383,-0.586748,-3.39606,-0.0934382,-0.586801,-3.39662
1.64344,-2.75794,-1.75574,34.483,872421413,-0.0601382,-0.412057,-3.17679,-0.0887039,-0.412034,-3.17643,-0.0887108,-0.383562,-3.17876,-0.060145,-0.383584,-3.17912,-0.0629144,-0.431383,-3.39593,-0.092862,-0.431359,-3.39555,-0.0928692,-0.401509,-3.39799,-0.0629216,-0.401533,-3.39837
3.00544,-2.76863,1.68419,45.6583,872421568,-0.0595874,0.383572,-3.17892,-0.0595839,0.412045,-3.17659,-0.0310165,0.412056,-3.17677,-0.03102,0.383583,-3.1791,-0.0623632,0.40152,-3.39818,-0.0623596,0.431371,-3.39573,-0.0324102,0.431382,-3.39592,-0.0324138,0.401532,-3.39837
0.687817,-1.67579,1.60723,5.70528,872421596,-0.059507,1.22679,-3.20389,-0.0595017,1.25441,-3.19661,-0.0309344,1.25446,-3.1968,-0.0309397,1.22683,-3.20408,-0.0623951,1.28283,-3.41661,-0.0623895,1.31179,-3.40898,-0.0324402,1.31184,-3.40918,-0.0324458,1.28287,-3.41681
1.16288,-2.7038,-1.60868,2.82261,872421668,-0.0018975,-0.441116,-3.17479,-0.0304655,-0.441116,-3.17479,-0.0304656,-0.412658,-3.1773,-0.00189762,-0.412658,-3.1773,-0.00190877,-0.461819,-3.39382,-0.0318588,-0.461819,-3.39382,-0.0318589,-0.431985,-3.39645,-0.0019089,-0.431985,-3.39645
5.55522,-2.77421,1.61145,48.6738,872421696,-0.0304657,0.383583,-3.1791,-0.0304657,0.412055,-3.17677,-0.00189767,0.412055,-3.17677,-0.00189775,0.383583,-3.1791,-0.0318589,0.401532,-3.39836,-0.0318588,0.431382,-3.39592,-0.00190884,0.431382,-3.39592,-0.00190892,0.401532,-3.39836
0.257189,-1.54844,-1.5595,19.3189,872421763,0.0303616,-1.40904,-3.19942,0.0303555,-1.43638,-3.19111,0.00178754,-1.43638,-3.19113,0.00179357,-1.40904,-3.19944,0.0318969,-1.47307,-3.4099,0.0318906,-1.50172,-3.40118,0.00194058,-1.50172,-3.4012,0.00194691,-1.47307,-3.40992
0.811834,-1.56893,-1.55927,1.89928,872421764,0.0303674,-1.38107,-3.20753,0.0303616,-1.40846,-3.19939,0.00179363,-1.40846,-3.19941,0.00179945,-1.38107,-3.20755,0.031903,-1.44377,-3.4184,0.0318969,-1.47248,-3.40987,0.00194692,-1.47248,-3.40989,0.00195302,-1.44377,-3.41842
0.438183,-1.5685,-1.5384,-5.65593,872421892,0.0594867,-1.38103,-3.20734,0.0594798,-1.40841,-3.1992,0.0309125,-1.40846,-3.19939,0.0309194,-1.38108,-3.20754,0.0624051,-1.44372,-3.4182,0.0623979,-1.47243,-3.40967,0.0324486,-1.47248,-3.40987,0.0324559,-1.44377,-3.41841
0.356175,-1.58941,-1.53773,6.65828,872421893,0.0594915,-1.35306,-3.21546,0.0594858,-1.38049,-3.20749,0.0309185,-1.38054,-3.20768,0.0309242,-1.35311,-3.21565,0.0624102,-1.41443,-3.42671,0.0624043,-1.44319,-3.41835,0.032455,-1.44324,-3.41856,0.032461,-1.41448,-3.42691
2.4751,-2.84349,-1.44856,61.8852,872421926,0.0595864,-0.354502,-3.18073,0.059584,-0.382989,-3.17857,0.0310166,-0.383,-3.17876,0.031019,-0.354513,-3.18091,0.0623623,-0.371073,-3.40009,0.0623598,-0.400938,-3.39783,0.0324104,-0.400949,-3.39802,0.0324129,-0.371084,-3.40028
2.10168,-2.31159,1.49978,-2.76692,872421960,0.030999,0.650704,-3.18617,0.0595664,0.650682,-3.18599,0.0595682,0.622362,-3.18975,0.0310007,0.622385,-3.18993,0.0324167,0.681015,-3.40407,0.0623661,0.680992,-3.40388,0.062368,0.651302,-3.40782,0.0324186,0.651326,-3.40801
1.69511,-2.68964,-1.39818,-2.57955,872422052,0.0887129,-0.412637,-3.17697,0.0887038,-0.441095,-3.17446,0.060138,-0.441117,-3.17482,0.0601471,-0.41266,-3.17733,0.092871,-0.431962,-3.39608,0.0928615,-0.461796,-3.39345,0.0629138,-0.46182,-3.39383,0.0629234,-0.431985,-3.39646
0.595571,-1.56644,-1.49676,-40.6503,872422148,0.117732,-1.38094,-3.207,0.117722,-1.40832,-3.19885,0.0891597,-1.40847,-3.19939,0.0891691,-1.38109,-3.20753,0.123415,-1.44362,-3.41781,0.123406,-1.47233,-3.40927,0.0934614,-1.47248,-3.40983,0.0934712,-1.44378,-3.41837
1.11933,-2.67614,-1.33281,0.231036,872422180,0.11784,-0.412628,-3.17681,0.117827,-0.441085,-3.1743,0.0892637,-0.441119,-3.17484,0.0892774,-0.412661,-3.17735,0.123381,-0.43195,-3.3959,0.123366,-0.461784,-3.39326,0.0934216,-0.46182,-3.39383,0.093436,-0.431986,-3.39646
1.43394,-2.79045,-1.2254,11.8343,872422310,0.146963,-0.354473,-3.18026,0.146954,-0.38296,-3.17811,0.118395,-0.383005,-3.17883,0.118404,-0.354518,-3.18098,0.153886,-0.371038,-3.39953,0.153877,-0.400903,-3.39728,0.123936,-0.40095,-3.39803,0.123946,-0.371085,-3.40029
2.67247,-2.86251,-1.19843,36.4073,872422311,0.146958,-0.325408,-3.18207,0.146954,-0.353908,-3.1801,0.118395,-0.353953,-3.18082,0.1184,-0.325453,-3.18279,0.153882,-0.340594,-3.40144,0.153877,-0.370472,-3.39938,0.123937,-0.37052,-3.40013,0.123942,-0.340641,-3.4022
2.90001,-2.86251,1.19843,-4.27411,872422334,0.118395,0.353953,-3.18082,0.146954,0.353908,-3.1801,0.146958,0.325408,-3.18207,0.1184,0.325453,-3.18279,0.123937,0.37052,-3.40013,0.153877,0.370472,-3.39938,0.153882,0.340594,-3.40144,0.123942,0.340641,-3.4022
1.11023,-2.53991,1.30524,11.8349,872422339,0.118387,0.502034,-3.18354,0.146946,0.501966,-3.18282,0.146951,0.473543,-3.18569,0.118392,0.47361,-3.1864,0.12394,0.525481,-3.40222,0.15388,0.52541,-3.40146,0.153885,0.495611,-3.40447,0.123945,0.495682,-3.40522
3.70339,-2.763,-1.153,14.6183,872422438,0.178015,-0.354513,-3.18474,0.177944,-0.383,-3.18259,0.149392,-0.383,-3.18353,0.149463,-0.354513,-3.18568,0.186649,-0.371084,-3.40395,0.186575,-0.400949,-3.40169,0.156641,-0.400949,-3.40268,0.156716,-0.371084,-3.40494
1.93073,-2.90196,1.08548,5.69391,872422461,0.149524,0.324897,-3.18752,0.178076,0.324897,-3.18657,0.178135,0.296386,-3.18837,0.149583,0.296386,-3.18931,0.15678,0.34009,-3.40688,0.186714,0.34009,-3.40589,0.186776,0.310199,-3.40777,0.156842,0.310199,-3.40876
3.21338,-2.83062,1.12157,4.58144,872422462,0.149458,0.353947,-3.18552,0.17801,0.353947,-3.18458,0.178075,0.325448,-3.18655,0.149523,0.325448,-3.18749,0.156711,0.370519,-3.40478,0.186644,0.370519,-3.40379,0.186713,0.34064,-3.40586,0.156779,0.34064,-3.40685
1.69313,-2.763,1.153,4.71792,872422463,0.149392,0.383,-3.18353,0.177944,0.383,-3.18259,0.178015,0.354513,-3.18474,0.149463,0.354513,-3.18568,0.156641,0.400949,-3.40268,0.186575,0.400949,-3.40169,0.186649,0.371084,-3.40395,0.156716,0.371084,-3.40494
1.35811,-2.47145,1.26391,-3.96848,872422468,0.149444,0.531001,-3.18534,0.177996,0.531001,-3.1844,0.178097,0.502596,-3.18744,0.149545,0.502596,-3.18839,0.156681,0.555829,-3.40382,0.186614,0.555829,-3.40283,0.18672,0.526049,-3.40602,0.156787,0.526049,-3.40701
2.52012,-2.61373,-1.14681,10.3049,872422564,0.206998,-0.412647,-3.18001,0.20691,-0.441105,-3.1775,0.178364,-0.441116,-3.17862,0.178452,-0.412659,-3.18113,0.217006,-0.431973,-3.39893,0.216914,-0.461808,-3.3963,0.186987,-0.461819,-3.39748,0.187079,-0.431985,-3.40011
1.36482,-2.73204,-1.08903,4.77247,872422566,0.207114,-0.354502,-3.1836,0.207041,-0.382989,-3.18145,0.178495,-0.383,-3.18258,0.178568,-0.354513,-3.18473,0.21713,-0.371073,-3.40276,0.217053,-0.400938,-3.4005,0.187126,-0.400949,-3.40168,0.187203,-0.371084,-3.40393
3.90366,-2.79534,1.05441,-4.67301,872422590,0.178561,0.353948,-3.18457,0.207107,0.353937,-3.18344,0.207173,0.325437,-3.18542,0.178627,0.325448,-3.18654,0.187196,0.370519,-3.40378,0.217123,0.370507,-3.4026,0.217192,0.340629,-3.40467,0.187265,0.34064,-3.40584
2.74615,-2.73204,1.08903,9.15682,872422591,0.178495,0.383,-3.18258,0.207041,0.382989,-3.18145,0.207114,0.354502,-3.18361,0.178568,0.354513,-3.18473,0.187126,0.400949,-3.40168,0.217053,0.400938,-3.4005,0.21713,0.371073,-3.40276,0.187203,0.371084,-3.40393
0.901022,-2.48294,1.14359,18.7007,872422723,0.207749,0.502028,-3.18634,0.236288,0.501995,-3.18504,0.236385,0.473571,-3.1879,0.207847,0.473605,-3.1892,0.217755,0.52548,-3.40486,0.247674,0.525445,-3.4035,0.247776,0.495646,-3.4065,0.217857,0.495681,-3.40787
1.28537,-2.36861,1.13975,-2.85014,872422853,0.236668,0.559986,-3.17961,0.265198,0.559935,-3.17813,0.265314,0.531549,-3.18135,0.236785,0.5316,-3.18283,0.248044,0.586182,-3.39775,0.277953,0.586129,-3.3962,0.278076,0.55637,-3.39958,0.248166,0.556423,-3.40113
1.89093,-2.88292,0.668383,-8.59764,872422970,0.265773,0.235423,-3.17795,0.294293,0.2354,-3.17629,0.294343,0.20686,-3.17755,0.265824,0.206882,-3.17921,0.278556,0.246474,-3.39731,0.308455,0.246451,-3.39556,0.308508,0.21653,-3.39688,0.278609,0.216553,-3.39862
2.00654,-2.58654,-0.869198,0.869354,872423078,0.325932,-0.354513,-3.18856,0.32579,-0.383,-3.18641,0.297284,-0.383,-3.1883,0.297426,-0.354513,-3.19045,0.341797,-0.371084,-3.40736,0.341648,-0.400949,-3.40511,0.311764,-0.400949,-3.40709,0.311913,-0.371084,-3.40934
7.4248,-2.8179,0.617428,-0.449106,872423098,0.297169,0.23542,-3.18648,0.325675,0.23542,-3.1846,0.325758,0.20688,-3.18585,0.297252,0.20688,-3.18774,0.311672,0.246474,-3.40573,0.341557,0.246474,-3.40375,0.341644,0.216553,-3.40507,0.311759,0.216553,-3.40704
1.78141,-2.86147,-0.370183,13.667,872423214,0.354632,-0.117805,-3.1811,0.354581,-0.146364,-3.18038,0.326087,-0.146364,-3.18245,0.326139,-0.117805,-3.18316,0.371903,-0.123335,-3.40035,0.371848,-0.153275,-3.3996,0.341977,-0.153275,-3.40177,0.342031,-0.123335,-3.40252
2.35629,-2.88768,0.293739,29.6037,872423222,0.326097,0.117237,-3.18259,0.35459,0.117237,-3.18053,0.354629,0.0886745,-3.18106,0.326136,0.0886745,-3.18313,0.341989,0.122767,-3.40195,0.371861,0.122767,-3.39979,0.371902,0.092822,-3.40035,0.34203,0.092822,-3.40251
1.22693,-2.34162,0.987804,-7.75268,872423236,0.326452,0.531002,-3.18819,0.354945,0.530985,-3.18612,0.355148,0.50258,-3.18916,0.326655,0.502597,-3.19123,0.342276,0.555829,-3.40622,0.372148,0.555811,-3.40405,0.372361,0.526032,-3.40723,0.34249,0.52605,-3.4094
1.37326,-2.30299,1.01285,1.96249,872423237,0.326261,0.559981,-3.1853,0.354754,0.559964,-3.18324,0.35497,0.531579,-3.18645,0.326477,0.531596,-3.18852,0.342074,0.586181,-3.40317,0.371946,0.586164,-3.401,0.372173,0.556405,-3.40437,0.342301,0.556423,-3.40654
1.40878,-2.07452,-1.09844,12.0453,872423322,0.383889,-0.709041,-3.18253,0.383596,-0.737285,-3.17825,0.355116,-0.73733,-3.1805,0.355409,-0.709086,-3.18478,0.402411,-0.742084,-3.39925,0.402104,-0.771694,-3.39476,0.372247,-0.771741,-3.39712,0.372554,-0.742131,-3.4016
0.796016,-2.58588,-0.698444,44.5563,872423336,0.384261,-0.296365,-3.188,0.384142,-0.324876,-3.18621,0.355663,-0.324899,-3.18846,0.355781,-0.296387,-3.19025,0.402896,-0.310176,-3.40678,0.402772,-0.340067,-3.40491,0.372915,-0.34009,-3.40726,0.373039,-0.3102,-3.40914
1.8495,-2.42973,0.857368,8.25277,872423361,0.355138,0.441117,-3.18053,0.383618,0.441095,-3.17829,0.383792,0.412637,-3.18079,0.355313,0.41266,-3.18303,0.372359,0.46182,-3.39888,0.402216,0.461796,-3.39653,0.4024,0.431962,-3.39915,0.372542,0.431985,-3.40151
1.9952,-2.75664,0.183207,2.19201,872423477,0.38423,0.0881146,-3.17894,0.412696,0.0881146,-3.17652,0.412726,0.0595489,-3.17688,0.384261,0.0595489,-3.1793,0.402882,0.0922618,-3.39812,0.432724,0.0922618,-3.39558,0.432756,0.0623142,-3.39595,0.402914,0.0623142,-3.39849
1.60216,-2.68839,-0.171003,48.8085,872423600,0.441782,-0.0595489,-3.17481,0.441749,-0.0881146,-3.17446,0.4133,-0.0881146,-3.17706,0.413333,-0.0595489,-3.17741,0.463189,-0.0623142,-3.39376,0.463154,-0.0922618,-3.39338,0.433329,-0.0922618,-3.39611,0.433363,-0.0623142,-3.39648
0.619234,-2.59585,-0.279847,-67.4067,872423726,0.473853,-0.117805,-3.187,0.473782,-0.146364,-3.18629,0.445354,-0.146364,-3.18911,0.445425,-0.117805,-3.18983,0.496977,-0.123335,-3.40572,0.496903,-0.153275,-3.40497,0.4671,-0.153275,-3.40793,0.467174,-0.123335,-3.40868
0.486317,-2.61089,-0.22037,0.545106,872423727,0.47385,-0.0886745,-3.18697,0.473797,-0.117237,-3.18643,0.445369,-0.117237,-3.18926,0.445422,-0.0886745,-3.18979,0.496977,-0.092822,-3.40572,0.496921,-0.122767,-3.40515,0.467118,-0.122767,-3.40811,0.467174,-0.092822,-3.40868
1.05666,-2.35986,0.713177,4.41879,872423744,0.445541,0.412055,-3.19107,0.473969,0.412055,-3.18824,0.474199,0.383583,-3.19056,0.445771,0.383583,-3.19339,0.467223,0.431382,-3.40915,0.497026,0.431382,-3.40619,0.497268,0.401532,-3.40862,0.467465,0.401532,-3.41158
1.51541,-2.38049,0.606934,6.20274,872423870,0.474911,0.353948,-3.19215,0.50332,0.353937,-3.18915,0.503516,0.325437,-3.19111,0.475107,0.325448,-3.19411,0.497991,0.370519,-3.41031,0.527774,0.370507,-3.40716,0.52798,0.340629,-3.40922,0.498196,0.34064,-3.41237
3.12523,-2.30191,-0.555582,5.26866,872424103,0.561445,-0.325417,-3.18503,0.561246,-0.353917,-3.18307,0.532876,-0.353951,-3.18643,0.533075,-0.325451,-3.18839,0.588655,-0.340606,-3.40282,0.588447,-0.370484,-3.40076,0.558705,-0.370519,-3.40428,0.558913,-0.340641,-3.40634
0.881172,-2.22769,0.66302,1.32375,872424129,0.532288,0.441119,-3.18051,0.560658,0.441085,-3.17715,0.560919,0.412628,-3.17965,0.53255,0.412661,-3.18301,0.55808,0.46182,-3.39802,0.587822,0.461784,-3.3945,0.588097,0.43195,-3.39711,0.558355,0.431986,-3.40064
0.70122,-2.24164,0.56947,19.1706,872424255,0.561671,0.383005,-3.1816,0.590019,0.38296,-3.17806,0.590241,0.354473,-3.1802,0.561893,0.354518,-3.18374,0.588861,0.40095,-3.39918,0.61858,0.400903,-3.39547,0.618813,0.371038,-3.39772,0.589094,0.371085,-3.40143
1.249,-2.12225,-0.454028,-6.75353,872424743,0.710281,-0.325417,-3.18593,0.710018,-0.353917,-3.18397,0.681774,-0.353951,-3.18826,0.682036,-0.325451,-3.19021,0.744597,-0.340606,-3.40271,0.744322,-0.370484,-3.40066,0.714711,-0.370519,-3.40515,0.714986,-0.340641,-3.4072
1.1429,-2.16868,0.180441,-19.5427,872424887,0.709885,0.146364,-3.17858,0.738102,0.146364,-3.17412,0.738214,0.117805,-3.17483,0.709997,0.117805,-3.17929,0.744244,0.153275,-3.39578,0.773826,0.153275,-3.3911,0.773944,0.123335,-3.39184,0.744362,0.123335,-3.39652
2.03645,-1.87106,0.763938,1.83975,872424906,0.710349,0.708458,-3.18229,0.738566,0.708368,-3.17783,0.739121,0.680098,-3.1819,0.710904,0.680188,-3.18637,0.744429,0.741497,-3.39711,0.774011,0.741403,-3.39243,0.774593,0.711765,-3.39671,0.74501,0.711859,-3.40139
0.852005,-2.1438,0.0588801,-12.1934,872425012,0.744371,0.0589946,-3.19891,0.772554,0.0589946,-3.19424,0.772583,0.0304272,-3.19441,0.744401,0.0304272,-3.19909,0.780385,0.0617596,-3.41593,0.809931,0.0617597,-3.41103,0.809962,0.0318103,-3.41122,0.780416,0.0318102,-3.41612
0.990545,-2.13094,0.172423,2.10995,872425015,0.744296,0.146364,-3.19846,0.772479,0.146364,-3.19378,0.772596,0.117805,-3.19449,0.744414,0.117805,-3.19917,0.780294,0.153275,-3.41539,0.80984,0.153275,-3.41049,0.809964,0.123335,-3.41123,0.780418,0.123335,-3.41613
0.469145,-1.60205,-0.798276,0.464795,872425746,0.955028,-0.951005,-3.20811,0.953906,-0.978998,-3.20251,0.925929,-0.979032,-3.20829,0.92705,-0.951039,-3.21388,1.00003,-0.994935,-3.41893,0.998854,-1.02428,-3.41307,0.969523,-1.02432,-3.41912,0.970699,-0.994971,-3.42499
1.04378,-1.81024,-0.294207,11.5774,872426152,1.03927,-0.296346,-3.18359,1.03892,-0.324858,-3.18183,1.01105,-0.324903,-3.18813,1.01141,-0.296391,-3.18989,1.08905,-0.310153,-3.39745,1.08868,-0.340044,-3.3956,1.05946,-0.340091,-3.4022,1.05983,-0.3102,-3.40405
0.507496,-1.66992,-0.559118,9.05362,872426268,1.07781,-0.651278,-3.21233,1.07691,-0.679574,-3.20849,1.0491,-0.679574,-3.215,1.04999,-0.651278,-3.21883,1.12877,-0.681589,-3.42419,1.12783,-0.711254,-3.42017,1.09867,-0.711254,-3.42699,1.09961,-0.681589,-3.43101
1.57002,-1.6817,0.539011,2.02426,872426312,1.04996,0.650703,-3.21871,1.07778,0.650703,-3.2122,1.07864,0.622384,-3.21586,1.05082,0.622384,-3.22237,1.09958,0.681015,-3.43089,1.12875,0.681015,-3.42407,1.12964,0.651325,-3.42791,1.10048,0.651325,-3.43473
0.725917,-1.66992,0.559118,4.55173,872426313,1.0491,0.679573,-3.215,1.07691,0.679574,-3.20849,1.07781,0.651278,-3.21233,1.04999,0.651278,-3.21883,1.09867,0.711254,-3.42699,1.12783,0.711254,-3.42017,1.12877,0.681589,-3.42419,1.09961,0.681589,-3.43101
0.279151,-1.55618,0.692091,7.7246,872426449,1.08079,0.921887,-3.22279,1.10857,0.921854,-3.21611,1.10979,0.893792,-3.22132,1.08201,0.893825,-3.228,1.13132,0.964464,-3.43263,1.16044,0.964429,-3.42563,1.16172,0.935009,-3.43109,1.1326,0.935044,-3.4381
0.610617,-1.5822,-0.317417,3.24036,872427300,1.31342,-0.412628,-3.18405,1.31275,-0.441085,-3.18163,1.2853,-0.441119,-3.18954,1.28597,-0.412661,-3.19196,1.37546,-0.43195,-3.39424,1.37476,-0.461784,-3.3917,1.34599,-0.46182,-3.4,1.34668,-0.431986,-3.40253
0.290927,-1.52672,-0.296395,26.1664,872427684,1.41183,-0.412648,-3.20204,1.4111,-0.441105,-3.19964,1.38381,-0.441116,-3.20808,1.38454,-0.412659,-3.21048,1.47793,-0.431973,-3.41099,1.47716,-0.461808,-3.40847,1.44855,-0.461819,-3.41732,1.44932,-0.431985,-3.41984
0.373605,1.61642,-2.97306,15.4321,872432555,-1.31364,-0.206864,3.18491,-1.31331,-0.235405,3.18369,-1.28586,-0.235422,3.19161,-1.28619,-0.206881,3.19282,-1.37585,-0.216535,3.39571,-1.3755,-0.246456,3.39444,-1.34672,-0.246474,3.40274,-1.34707,-0.216553,3.40401
0.535959,1.63829,-2.96941,17.5149,872432683,-1.28555,-0.206869,3.19259,-1.28522,-0.235409,3.19138,-1.25772,-0.235421,3.19912,-1.25805,-0.20688,3.20033,-1.34642,-0.216541,3.40378,-1.34608,-0.246462,3.40251,-1.31725,-0.246474,3.41063,-1.31759,-0.216553,3.4119
0.523047,1.51208,2.56241,52.5641,872432846,-1.23142,0.828866,3.21361,-1.25897,0.828838,3.20604,-1.26022,0.80068,3.2107,-1.23267,0.800708,3.21827,-1.28885,0.867368,3.42247,-1.31773,0.867338,3.41453,-1.31904,0.837818,3.41941,-1.29016,0.837848,3.42735
0.5862,1.61287,-2.66555,4.69163,872433054,-1.19275,-0.593414,3.19227,-1.19194,-0.621757,3.18879,-1.16429,-0.621847,3.19598,-1.1651,-0.593504,3.19947,-1.24916,-0.620972,3.40313,-1.2483,-0.650686,3.39948,-1.21932,-0.65078,3.40702,-1.22017,-0.621066,3.41068
0.453634,1.63251,-2.65556,-1.5322,872433182,-1.16442,-0.593432,3.19905,-1.16361,-0.621775,3.19556,-1.13592,-0.621843,3.20258,-1.13673,-0.5935,3.20607,-1.21949,-0.620995,3.41026,-1.21864,-0.650709,3.4066,-1.18961,-0.650779,3.41397,-1.19046,-0.621066,3.41762
0.909014,1.82373,3.09949,-6.75769,872433588,-1.04751,0.0589946,3.20808,-1.07533,0.0589946,3.20158,-1.07537,0.0304272,3.20176,-1.04755,0.0304272,3.20826,-1.09756,0.0617597,3.4223,-1.12673,0.0617597,3.41548,-1.12677,0.0318103,3.41567,-1.09761,0.0318103,3.42248
1.12153,2.07151,3.12248,-3.24396,872434611,-0.801859,0.0298764,3.18957,-0.82998,0.0298764,3.18454,-0.82998,0.00130835,3.18454,-0.801859,0.00130837,3.18957,-0.8406,0.0312592,3.40614,-0.870082,0.0312591,3.40086,-0.870082,0.00130914,3.40086,-0.8406,0.00130916,3.40614
0.819555,2.14089,-3.04455,0.533029,872434864,-0.772586,-0.0595489,3.19443,-0.772527,-0.0881146,3.19408,-0.744345,-0.0881146,3.19875,-0.744404,-0.0595489,3.19911,-0.809962,-0.0623142,3.41122,-0.809901,-0.0922618,3.41085,-0.780355,-0.0922618,3.41575,-0.780416,-0.0623142,3.41612
1.01585,2.12991,-2.8089,3.01618,872434986,-0.73844,-0.235972,3.17659,-0.738238,-0.264504,3.17517,-0.710021,-0.264526,3.17963,-0.710223,-0.235995,3.18105,-0.774146,-0.247022,3.39339,-0.773934,-0.276935,3.3919,-0.744352,-0.276958,3.39658,-0.744564,-0.247046,3.39807
0.704871,2.01933,2.4557,2.22314,872435269,-0.652485,0.559983,3.18901,-0.680756,0.559949,3.1849,-0.681187,0.531564,3.1881,-0.652916,0.531598,3.19221,-0.68394,0.586182,3.40517,-0.713578,0.586146,3.40086,-0.71403,0.556388,3.40421,-0.684391,0.556423,3.40852
1.01321,2.19485,2.50347,9.25592,872435649,-0.561279,0.441121,3.17767,-0.589627,0.441076,3.17413,-0.589894,0.412619,3.17662,-0.561546,0.412664,3.18016,-0.588444,0.46182,3.395,-0.618163,0.461773,3.39129,-0.618442,0.431939,3.39391,-0.588723,0.431986,3.39762
1.28473,2.48206,-2.71673,3.69763,872436011,-0.503075,-0.206874,3.1866,-0.502948,-0.235415,3.18535,-0.474539,-0.23542,3.18836,-0.474665,-0.20688,3.18961,-0.527563,-0.216547,3.40503,-0.52743,-0.246468,3.40372,-0.497646,-0.246474,3.40687,-0.497779,-0.216553,3.40818
1.6754,2.55227,-2.93391,19.7551,872436015,-0.502812,-0.0886746,3.18392,-0.502755,-0.117237,3.18338,-0.474346,-0.117237,3.18639,-0.474402,-0.0886745,3.18692,-0.527313,-0.092822,3.40252,-0.527254,-0.122767,3.40195,-0.49747,-0.122767,3.4051,-0.497529,-0.0928219,3.40566
2.58283,2.52221,2.81995,44.4187,872436024,-0.474753,0.177221,3.19051,-0.503162,0.177216,3.18751,-0.503251,0.148662,3.1884,-0.474841,0.148667,3.1914,-0.497872,0.185513,3.40914,-0.527656,0.185507,3.40599,-0.527749,0.155572,3.40693,-0.497965,0.155578,3.41008
1.32377,2.26516,2.38883,41.0988,872436034,-0.47546,0.473054,3.19775,-0.50387,0.473037,3.19475,-0.504136,0.444596,3.19742,-0.475726,0.444613,3.20043,-0.498502,0.495132,3.41543,-0.528286,0.495114,3.41228,-0.528565,0.465297,3.41509,-0.498781,0.465315,3.41824
0.841923,1.97004,2.10136,-4.57227,872436173,-0.446707,0.800129,3.20311,-0.475134,0.800129,3.20028,-0.475595,0.771941,3.2049,-0.447167,0.771941,3.20773,-0.468201,0.837269,3.41889,-0.498004,0.837269,3.41592,-0.498486,0.807718,3.42076,-0.468684,0.807718,3.42373
0.673025,1.94298,2.0854,-8.65463,872436174,-0.446239,0.828865,3.19842,-0.474667,0.828865,3.19558,-0.475145,0.800707,3.20038,-0.446717,0.800707,3.20321,-0.46771,0.867367,3.41396,-0.497513,0.867367,3.41099,-0.498014,0.837847,3.41602,-0.468211,0.837847,3.41899
0.565012,1.74731,1.98228,3.11327,872436182,-0.447848,1.07346,3.21489,-0.476275,1.07346,3.21206,-0.476894,1.04558,3.21826,-0.448467,1.04558,3.22109,-0.469145,1.1228,3.42823,-0.498947,1.1228,3.42526,-0.499595,1.09357,3.43176,-0.469794,1.09357,3.43473
0.544728,1.73106,-1.94636,-7.02588,872436238,-0.443365,-1.07387,3.19984,-0.442935,-1.10171,3.19345,-0.414485,-1.10186,3.19605,-0.414915,-1.07402,3.20244,-0.464498,-1.12318,3.41321,-0.464047,-1.15237,3.4065,-0.434222,-1.15253,3.40923,-0.434672,-1.12334,3.41593
2.06037,2.70233,-3.10514,17.6478,872436274,-0.441771,-0.00130836,3.17479,-0.441771,-0.0298764,3.17479,-0.413322,-0.0298764,3.17739,-0.413322,-0.00130836,3.17739,-0.463179,-0.00130914,3.39375,-0.463179,-0.0312591,3.39375,-0.433354,-0.0312591,3.39648,-0.433354,-0.00130915,3.39648
1.34466,1.98351,2.06997,-11.9412,872436301,-0.414168,0.800142,3.19076,-0.442618,0.80003,3.18816,-0.44293,0.771842,3.1928,-0.41448,0.771954,3.1954,-0.434043,0.837272,3.4067,-0.463868,0.837154,3.40397,-0.464195,0.807603,3.40883,-0.43437,0.80772,3.41156
1.2373,1.95541,2.05473,3.72013,872436302,-0.413856,0.828878,3.18606,-0.442305,0.828766,3.18346,-0.442634,0.800608,3.18827,-0.414184,0.80072,3.19087,-0.433714,0.86737,3.40175,-0.46354,0.867252,3.39903,-0.463884,0.837732,3.40407,-0.434058,0.83785,3.4068
0.837452,1.94154,-2.01251,10.6664,872436374,-0.413281,-0.829402,3.18582,-0.41294,-0.857529,3.18083,-0.384475,-0.857613,3.18325,-0.384816,-0.829486,3.18824,-0.433139,-0.867894,3.40152,-0.432781,-0.897381,3.39629,-0.402939,-0.89747,3.39883,-0.403297,-0.867982,3.40406
0.769515,2.28828,-2.22818,31.6116,872436385,-0.413248,-0.50255,3.185,-0.41304,-0.530956,3.18196,-0.384575,-0.531006,3.18438,-0.384783,-0.502601,3.18742,-0.433216,-0.525997,3.40284,-0.432998,-0.555777,3.39965,-0.403156,-0.55583,3.40219,-0.403374,-0.52605,3.40538
0.749484,2.32365,-2.25652,4.86093,872436386,-0.413424,-0.473556,3.18772,-0.413232,-0.50198,3.18486,-0.384766,-0.502031,3.18728,-0.384959,-0.473607,3.19014,-0.433402,-0.495628,3.4057,-0.4332,-0.525427,3.4027,-0.403358,-0.52548,3.40524,-0.40356,-0.495682,3.40824
2.31801,2.43211,-2.35725,10.0296,872436389,-0.412961,-0.383552,3.18051,-0.412797,-0.412025,3.17818,-0.384332,-0.412059,3.1806,-0.384496,-0.383586,3.18293,-0.432954,-0.401497,3.39886,-0.432782,-0.431348,3.39643,-0.40294,-0.431383,3.39897,-0.403112,-0.401533,3.4014
2.30421,2.69747,-2.75368,42.6814,872436397,-0.413016,-0.148652,3.1814,-0.412956,-0.177206,3.1805,-0.384491,-0.177223,3.18292,-0.384551,-0.148669,3.18382,-0.433043,-0.15556,3.40038,-0.432981,-0.185495,3.39944,-0.403139,-0.185513,3.40198,-0.403201,-0.155578,3.40292
2.09606,2.72166,-2.82151,76.2263,872436398,-0.412737,-0.117805,3.17694,-0.412676,-0.146364,3.17622,-0.384211,-0.146364,3.17865,-0.384271,-0.117805,3.17936,-0.432762,-0.123335,3.39596,-0.432698,-0.153275,3.39521,-0.402856,-0.153275,3.39775,-0.40292,-0.123335,3.3985
1.68755,2.72166,2.82151,3.63826,872436407,-0.384211,0.146364,3.17865,-0.412676,0.146364,3.17622,-0.412737,0.117805,3.17694,-0.384271,0.117805,3.17936,-0.402856,0.153275,3.39775,-0.432698,0.153275,3.39521,-0.432762,0.123335,3.39596,-0.40292,0.123335,3.3985
0.790717,1.95461,-1.98398,-8.74243,872436502,-0.384229,-0.829426,3.1879,-0.383891,-0.857553,3.18291,-0.355412,-0.857609,3.18516,-0.35575,-0.829482,3.19015,-0.402709,-0.867922,3.40372,-0.402355,-0.89741,3.39849,-0.372498,-0.897469,3.40084,-0.372852,-0.867981,3.40607
1.37373,2.27855,-2.16615,47.3245,872436512,-0.384019,-0.531564,3.18437,-0.383799,-0.559949,3.18115,-0.35532,-0.559983,3.1834,-0.35554,-0.531598,3.18661,-0.4026,-0.556388,3.40218,-0.40237,-0.586146,3.3988,-0.372512,-0.586182,3.40116,-0.372743,-0.556423,3.40453
0.801082,2.42973,-2.28422,30.3809,872436516,-0.383792,-0.412637,3.18079,-0.383618,-0.441095,3.17829,-0.355138,-0.441117,3.18053,-0.355313,-0.41266,3.18303,-0.4024,-0.431962,3.39915,-0.402216,-0.461796,3.39653,-0.372359,-0.46182,3.39888,-0.372542,-0.431985,3.40151
4.13747,2.86147,2.77141,4.83457,872436663,-0.326087,0.146364,3.18245,-0.354581,0.146364,3.18038,-0.354632,0.117805,3.1811,-0.326139,0.117805,3.18316,-0.341977,0.153275,3.40177,-0.371849,0.153275,3.3996,-0.371903,0.123335,3.40035,-0.342031,0.123335,3.40252
0.779546,1.65021,-1.81784,9.68353,872436745,-0.327383,-1.22683,3.21168,-0.326899,-1.25446,3.20442,-0.298394,-1.25445,3.20632,-0.298878,-1.22683,3.21358,-0.342922,-1.28287,3.42386,-0.342414,-1.31184,3.41625,-0.312531,-1.31184,3.41824,-0.313039,-1.28287,3.42585
1.18363,2.48001,-2.11934,-6.6062,872436899,-0.294681,-0.444552,3.18841,-0.294592,-0.472994,3.18572,-0.266072,-0.473061,3.18738,-0.266161,-0.44462,3.19007,-0.308838,-0.465245,3.40698,-0.308744,-0.495062,3.40416,-0.278845,-0.495133,3.4059,-0.278938,-0.465316,3.40872
1.17379,2.30628,2.02414,-6.03139,872436934,-0.265689,0.588973,3.1758,-0.294208,0.588905,3.17414,-0.294339,0.56054,3.17754,-0.265819,0.560608,3.1792,-0.278438,0.616538,3.39369,-0.308337,0.616468,3.39195,-0.308474,0.586731,3.39552,-0.278575,0.586802,3.39726
0.326446,1.99734,-1.86008,-41.319,872437014,-0.265408,-0.829402,3.18488,-0.265231,-0.857529,3.17989,-0.236702,-0.857613,3.18137,-0.236878,-0.829486,3.18637,-0.278134,-0.867894,3.40112,-0.277949,-0.897381,3.39588,-0.24804,-0.89747,3.39744,-0.248225,-0.867982,3.40267
0.217219,2.02935,-1.86987,-23.446,872437015,-0.265555,-0.800631,3.18941,-0.265388,-0.828789,3.18459,-0.236858,-0.828873,3.18607,-0.237025,-0.800715,3.19089,-0.27829,-0.837761,3.40589,-0.278115,-0.867281,3.40083,-0.248205,-0.867369,3.40239,-0.24838,-0.837849,3.40744
-0.11519,2.06232,-1.88031,-108.693,872437016,-0.265702,-0.771865,3.19395,-0.265545,-0.800052,3.1893,-0.237015,-0.800137,3.19079,-0.237173,-0.771949,3.19543,-0.278445,-0.807631,3.41065,-0.27828,-0.837183,3.40578,-0.24837,-0.837271,3.40734,-0.248536,-0.80772,3.4122
-0.232092,2.09632,-1.89147,0.0980099,872437017,-0.26585,-0.743103,3.19849,-0.265702,-0.771319,3.19402,-0.237172,-0.771404,3.19551,-0.237321,-0.743187,3.19997,-0.2786,-0.777505,3.41541,-0.278444,-0.807087,3.41073,-0.248535,-0.807175,3.41229,-0.248691,-0.777593,3.41697
1.50915,2.88982,2.35752,-28.5691,872437051,-0.236622,0.264525,3.17781,-0.265151,0.264508,3.17633,-0.265209,0.235976,3.17776,-0.236679,0.235993,3.17925,-0.248021,0.276958,3.39717,-0.27793,0.27694,3.39561,-0.277991,0.247028,3.39712,-0.248081,0.247046,3.39867
1.1487,2.20478,1.9317,-4.11235,872437065,-0.236813,0.67958,3.18429,-0.265342,0.679512,3.18281,-0.265479,0.651217,3.18675,-0.23695,0.651284,3.18823,-0.248178,0.711255,3.40171,-0.278088,0.711184,3.40016,-0.278232,0.68152,3.40428,-0.248322,0.681591,3.40583
0.0136771,2.00629,-1.82809,-0.140295,872437142,-0.236303,-0.829426,3.186,-0.23613,-0.857553,3.18101,-0.207591,-0.857609,3.18231,-0.207764,-0.829482,3.18731,-0.247649,-0.867922,3.40232,-0.247467,-0.89741,3.39708,-0.217548,-0.897469,3.39845,-0.21773,-0.867981,3.40368
-0.574142,2.03889,-1.83692,-0.596986,872437143,-0.236451,-0.800655,3.19053,-0.236286,-0.828813,3.18571,-0.207748,-0.828869,3.18702,-0.207913,-0.800711,3.19184,-0.247805,-0.837789,3.40708,-0.247632,-0.867309,3.40203,-0.217713,-0.867368,3.4034,-0.217886,-0.837848,3.40845
-0.358469,2.07253,-1.84636,-1.38089,872437144,-0.2366,-0.771889,3.19507,-0.236443,-0.800077,3.19042,-0.207905,-0.800133,3.19173,-0.208062,-0.771945,3.19637,-0.247961,-0.80766,3.41185,-0.247797,-0.837212,3.40698,-0.217878,-0.83727,3.40835,-0.218043,-0.807719,3.41321
0.403009,2.10725,-1.85646,-0.84694,872437145,-0.236749,-0.743127,3.19961,-0.2366,-0.771343,3.19514,-0.208062,-0.7714,3.19645,-0.20821,-0.743183,3.20092,-0.248118,-0.777534,3.41661,-0.247962,-0.807115,3.41193,-0.218043,-0.807174,3.4133,-0.218199,-0.777593,3.41798
0.85589,1.94512,1.81117,3.38698,872437201,-0.208165,0.921891,3.20001,-0.236703,0.921823,3.19871,-0.236882,0.893761,3.20406,-0.208344,0.893829,3.20536,-0.218126,0.964465,3.41563,-0.248045,0.964394,3.41426,-0.248232,0.934975,3.41987,-0.218313,0.935045,3.42124
0.329467,2.01431,-1.79555,-27.2761,872437270,-0.207201,-0.829451,3.18713,-0.207031,-0.857578,3.18214,-0.178485,-0.857607,3.18326,-0.178655,-0.829479,3.18826,-0.217166,-0.867951,3.40351,-0.216988,-0.897439,3.39827,-0.187061,-0.897468,3.39946,-0.187239,-0.867981,3.40469
0.632315,2.04746,-1.80338,13.9599,872437271,-0.20735,-0.80068,3.19166,-0.207188,-0.828838,3.18684,-0.178642,-0.828866,3.18797,-0.178804,-0.800708,3.19279,-0.217323,-0.837818,3.40828,-0.217153,-0.867338,3.40322,-0.187226,-0.867368,3.40441,-0.187396,-0.837848,3.40946
2.1767,2.08169,-1.81175,1.28948,872437272,-0.2075,-0.771914,3.1962,-0.207344,-0.800102,3.19155,-0.178799,-0.80013,3.19268,-0.178954,-0.771942,3.19732,-0.21748,-0.807689,3.41304,-0.217317,-0.83724,3.40817,-0.187391,-0.83727,3.40936,-0.187554,-0.807719,3.41422
1.18254,2.11707,-1.82072,-49.9647,872437273,-0.20765,-0.743152,3.20074,-0.207501,-0.771369,3.19627,-0.178956,-0.771397,3.1974,-0.179104,-0.743181,3.20187,-0.217638,-0.777563,3.41781,-0.217482,-0.807144,3.41312,-0.187555,-0.807174,3.41431,-0.187711,-0.777592,3.41899
2.00358,2.86149,-2.12657,9.89423,872437288,-0.207232,-0.296375,3.18723,-0.207173,-0.324887,3.18544,-0.178627,-0.324898,3.18656,-0.178686,-0.296386,3.18836,-0.217254,-0.310187,3.40658,-0.217192,-0.340078,3.4047,-0.187265,-0.34009,3.40587,-0.187327,-0.310199,3.40775
1.69993,2.19151,1.84168,-7.88151,872437322,-0.17847,0.708449,3.18238,-0.207016,0.708426,3.18126,-0.207155,0.680156,3.18537,-0.17861,0.680178,3.18649,-0.187066,0.741495,3.39972,-0.216993,0.741472,3.39854,-0.217139,0.711834,3.40285,-0.187213,0.711857,3.40403
0.0269067,2.02135,-1.76252,33.8182,872437398,-0.178101,-0.829478,3.18827,-0.177935,-0.857605,3.18327,-0.149382,-0.857605,3.18422,-0.149548,-0.829478,3.18922,-0.186684,-0.86798,3.40471,-0.18651,-0.897468,3.39947,-0.156576,-0.897468,3.40047,-0.156751,-0.86798,3.4057
0.595165,2.05498,-1.7693,33.6474,872437399,-0.178251,-0.800707,3.1928,-0.178091,-0.828865,3.18798,-0.149539,-0.828865,3.18893,-0.149699,-0.800707,3.19375,-0.186843,-0.837847,3.40947,-0.186674,-0.867367,3.40442,-0.156741,-0.867367,3.40542,-0.156909,-0.837847,3.41047
1.94992,2.08975,-1.77655,-2.223,872437400,-0.178402,-0.771941,3.19733,-0.178248,-0.800129,3.19269,-0.149696,-0.800129,3.19364,-0.14985,-0.771941,3.19828,-0.187001,-0.807718,3.41424,-0.186839,-0.837269,3.40937,-0.156906,-0.837269,3.41037,-0.157068,-0.807718,3.41523
0.403814,2.12572,-1.78432,-17.082,872437401,-0.178553,-0.743179,3.20188,-0.178405,-0.771396,3.19741,-0.149853,-0.771396,3.19836,-0.150001,-0.743179,3.20283,-0.18716,-0.777592,3.419,-0.187004,-0.807173,3.41432,-0.15707,-0.807173,3.41532,-0.157226,-0.777592,3.42
1.40829,2.47145,1.87768,25.0518,872437444,-0.149444,0.531001,3.18534,-0.177996,0.531001,3.1844,-0.178097,0.502596,3.18744,-0.149545,0.502596,3.18839,-0.156681,0.555829,3.40382,-0.186614,0.555829,3.40283,-0.18672,0.526049,3.40602,-0.156787,0.526049,3.40701
0.955932,2.20167,1.80236,12.2436,872437450,-0.149367,0.708447,3.18334,-0.177919,0.708447,3.18239,-0.178055,0.680177,3.1865,-0.149503,0.680177,3.18745,-0.156581,0.741495,3.40073,-0.186515,0.741495,3.39974,-0.186658,0.711857,3.40405,-0.156724,0.711857,3.40504
0.87727,2.12572,1.78432,23.6408,872437452,-0.149853,0.771396,3.19836,-0.178405,0.771396,3.19741,-0.178553,0.743179,3.20188,-0.150001,0.743179,3.20283,-0.15707,0.807173,3.41532,-0.187004,0.807173,3.41432,-0.18716,0.777592,3.419,-0.157226,0.777592,3.42
0.742119,1.8982,1.73908,-29.2403,872437459,-0.149582,0.97903,3.1907,-0.178134,0.97903,3.18975,-0.178324,0.951038,3.19545,-0.149772,0.951038,3.1964,-0.156761,1.02432,3.40587,-0.186694,1.02432,3.40487,-0.186893,0.99497,3.41085,-0.15696,0.99497,3.41185
0.872611,2.25035,1.76759,12.0775,872437577,-0.118377,0.679584,3.18243,-0.146935,0.679494,3.18171,-0.146945,0.651199,3.18564,-0.118386,0.651289,3.18636,-0.123942,0.711256,3.40007,-0.153882,0.711161,3.39932,-0.153892,0.681497,3.40344,-0.123952,0.681591,3.40419
1.15311,1.96226,1.71587,7.6291,872437585,-0.118352,0.921902,3.1972,-0.14691,0.921767,3.19649,-0.146912,0.893705,3.20184,-0.118353,0.89384,3.20255,-0.123955,0.964466,3.41298,-0.153895,0.964325,3.41223,-0.153897,0.934906,3.41784,-0.123957,0.935047,3.41859
1.7201,1.90153,1.70739,1.32801,872437587,-0.118348,0.979046,3.18596,-0.146907,0.978912,3.18525,-0.146917,0.950919,3.19095,-0.118359,0.951054,3.19167,-0.12395,1.02432,3.40119,-0.153891,1.02418,3.40044,-0.153902,0.994832,3.40642,-0.123962,0.994973,3.40717
1.27472,2.34672,1.73955,-2.30365,872437703,-0.089247,0.621843,3.19002,-0.11781,0.621775,3.18949,-0.11781,0.593432,3.19307,-0.0892476,0.5935,3.19361,-0.0934305,0.650779,3.40808,-0.123375,0.650709,3.40751,-0.123376,0.620995,3.41127,-0.0934311,0.621066,3.41183
1.40201,2.17591,1.71299,-7.77356,872437707,-0.0892445,0.737333,3.1748,-0.117807,0.737266,3.17426,-0.117821,0.709022,3.17855,-0.0892586,0.709089,3.17909,-0.0934261,0.771741,3.39206,-0.123371,0.771671,3.39149,-0.123386,0.74206,3.39599,-0.093441,0.742131,3.39656
0.607613,1.96622,1.68432,16.0034,872437713,-0.0892207,0.921895,3.19718,-0.117783,0.921795,3.19664,-0.117785,0.893732,3.20199,-0.0892225,0.893833,3.20253,-0.0934416,0.964465,3.41298,-0.123386,0.96436,3.41242,-0.123388,0.93494,3.41803,-0.0934435,0.935046,3.41859
0.927171,2.10478,-1.66516,-29.1662,872437784,-0.0886772,-0.771889,3.19316,-0.0886738,-0.800077,3.18851,-0.0601081,-0.800133,3.18887,-0.0601115,-0.771945,3.19352,-0.0928768,-0.80766,3.41019,-0.0928732,-0.837212,3.40532,-0.0629256,-0.83727,3.4057,-0.0629292,-0.807719,3.41057
1.13711,2.45351,-1.70631,49.7422,872437792,-0.088703,-0.531564,3.18055,-0.0886959,-0.559949,3.17733,-0.0601302,-0.559983,3.17769,-0.0601373,-0.531597,3.18091,-0.0928716,-0.556387,3.39911,-0.0928642,-0.586146,3.39573,-0.0629166,-0.586182,3.39611,-0.062924,-0.556423,3.39949
1.42897,2.56381,1.72218,29.7653,872437827,-0.0601308,0.502028,3.18348,-0.0886965,0.501995,3.18312,-0.088699,0.473571,3.18599,-0.0601333,0.473605,3.18635,-0.0629177,0.52548,3.40221,-0.0928653,0.525445,3.40184,-0.092868,0.495646,3.40484,-0.0629204,0.495681,3.40522
1.16088,2.18067,1.67332,-12.9939,872437835,-0.0601187,0.73733,3.17478,-0.0886844,0.737285,3.17442,-0.0886942,0.709041,3.17871,-0.0601285,0.709086,3.17907,-0.0629183,0.771741,3.39206,-0.0928659,0.771694,3.39168,-0.0928761,0.742084,3.39618,-0.0629285,0.742131,3.39656
0.648332,2.63185,1.66919,14.0843,872437954,-0.0310094,0.473054,3.18638,-0.0595768,0.473037,3.1862,-0.0595771,0.444596,3.18888,-0.0310097,0.444613,3.18907,-0.0324136,0.495132,3.40527,-0.062363,0.495114,3.40508,-0.0623633,0.465297,3.40789,-0.0324139,0.465315,3.40808
0.757526,2.57095,1.66338,27.839,872437955,-0.0310091,0.502027,3.18347,-0.0595765,0.50201,3.18329,-0.0595779,0.473586,3.18615,-0.0310105,0.473603,3.18633,-0.0324132,0.52548,3.40221,-0.0623626,0.525462,3.40202,-0.0623641,0.495663,3.40503,-0.0324147,0.495681,3.40522
0.700445,1.97125,1.62061,-15.7672,872437969,-0.0309734,0.921887,3.19715,-0.0595407,0.921854,3.19697,-0.0595425,0.893792,3.20232,-0.0309751,0.893825,3.20251,-0.0324286,0.964464,3.41299,-0.062378,0.964429,3.4128,-0.0623798,0.935009,3.41841,-0.0324305,0.935044,3.41861
0.827171,2.00397,-1.58931,11.0009,872438037,-0.0304334,-0.858256,3.17991,-0.0304321,-0.886351,3.17473,-0.00186414,-0.886351,3.17474,-0.00186535,-0.858256,3.17992,-0.0318674,-0.898118,3.39627,-0.0318661,-0.927572,3.39084,-0.00191608,-0.927572,3.39085,-0.00191735,-0.898118,3.39627
4.21465,2.93198,-1.6184,50.7983,872438055,-0.030466,-0.325448,3.18271,-0.0304659,-0.353947,3.18074,-0.00189793,-0.353947,3.18074,-0.00189799,-0.325448,3.18271,-0.031859,-0.34064,3.40219,-0.031859,-0.370519,3.40012,-0.00190898,-0.370519,3.40012,-0.00190904,-0.34064,3.40219
1.48585,2.57466,1.60394,3.90334,872438083,-0.00189029,0.502026,3.18346,-0.0304583,0.502026,3.18346,-0.0304586,0.473602,3.18633,-0.00189057,0.473602,3.18633,-0.00191155,0.525479,3.40221,-0.0318616,0.525479,3.40221,-0.0318618,0.49568,3.40521,-0.00191185,0.49568,3.40522
1.38631,2.51683,1.60208,30.0773,872438084,-0.00188999,0.531001,3.18056,-0.030458,0.531001,3.18056,-0.0304583,0.502596,3.1836,-0.00189028,0.502596,3.1836,-0.00191129,0.555829,3.39916,-0.0318613,0.555829,3.39916,-0.0318616,0.526049,3.40235,-0.00191159,0.526049,3.40235
0.0606549,1.91039,-1.55408,-0.282353,872438162,0.00185072,-0.97903,3.18592,0.0304187,-0.97903,3.18591,0.0304206,-0.951038,3.19161,0.00185264,-0.951038,3.19162,0.00192291,-1.02432,3.40121,0.0318729,-1.02432,3.4012,0.0318749,-0.99497,3.40718,0.00192492,-0.99497,3.40719
0.197638,1.94086,-1.55357,-52.3693,872438163,0.00185263,-0.950456,3.19153,0.0304206,-0.950456,3.19152,0.0304225,-0.922428,3.19705,0.00185449,-0.922428,3.19706,0.00192486,-0.994389,3.40711,0.0318749,-0.994389,3.4071,0.0318768,-0.965005,3.41289,0.00192681,-0.965005,3.4129
0.481197,1.97231,-1.55302,-16.9013,872438164,0.00185453,-0.921886,3.19716,0.0304225,-0.921886,3.19715,0.0304243,-0.893824,3.2025,0.00185631,-0.893824,3.20251,0.00192682,-0.964463,3.413,0.0318768,-0.964463,3.41299,0.0318787,-0.935043,3.4186,0.00192869,-0.935043,3.41861
0.561724,2.00397,-1.55229,5.10659,872438165,0.00186414,-0.886351,3.17474,0.0304321,-0.886351,3.17473,0.0304334,-0.858256,3.17991,0.00186535,-0.858256,3.17992,0.00191608,-0.927572,3.39085,0.0318661,-0.927572,3.39084,0.0318673,-0.898118,3.39627,0.00191735,-0.898118,3.39627
0.622653,2.03773,-1.55165,-4.35482,872438166,0.00186528,-0.857605,3.17944,0.0304333,-0.857605,3.17943,0.0304345,-0.829478,3.18443,0.00186651,-0.829478,3.18444,0.00191718,-0.897468,3.3958,0.0318672,-0.897468,3.39579,0.0318685,-0.86798,3.40104,0.00191846,-0.86798,3.40104
-0.0720579,2.07268,-1.55098,0.212164,872438167,0.00186646,-0.828865,3.18415,0.0304345,-0.828865,3.18414,0.0304356,-0.800707,3.18896,0.00186762,-0.800707,3.18897,0.00191833,-0.867367,3.40075,0.0318683,-0.867367,3.40075,0.0318695,-0.837847,3.4058,0.00191954,-0.837847,3.40581
-0.0981043,2.10892,-1.55025,-0.133425,872438168,0.00186761,-0.800129,3.18886,0.0304356,-0.800129,3.18885,0.0304367,-0.771941,3.1935,0.00186873,-0.771941,3.19351,0.00191948,-0.837269,3.40571,0.0318695,-0.837269,3.4057,0.0318707,-0.807718,3.41057,0.00192065,-0.807718,3.41058
-0.256905,2.2265,-1.54752,-0.211552,872438171,0.00187889,-0.708447,3.17856,0.0304469,-0.708447,3.17855,0.0304476,-0.680177,3.18267,0.00187957,-0.680177,3.18267,0.00191384,-0.741495,3.39606,0.0318638,-0.741495,3.39606,0.0318646,-0.711857,3.40037,0.00191455,-0.711857,3.40038
-0.159926,2.26917,-1.54651,0.327905,872438172,0.00187954,-0.679574,3.18236,0.0304475,-0.679574,3.18235,0.0304482,-0.651278,3.18629,0.00188018,-0.651278,3.18629,0.00191444,-0.711254,3.40007,0.0318644,-0.711254,3.40007,0.0318651,-0.681589,3.40419,0.00191511,-0.681589,3.4042
-0.240343,2.31376,-1.54541,-0.027984,872438173,0.00188018,-0.650703,3.18617,0.0304482,-0.650703,3.18616,0.0304488,-0.622384,3.18992,0.00188078,-0.622384,3.18993,0.00191506,-0.681015,3.40408,0.0318651,-0.681015,3.40407,0.0318657,-0.651325,3.40801,0.00191568,-0.651325,3.40802
0.0737839,2.36045,-1.5442,-38.9995,872438174,0.0018808,-0.621836,3.18999,0.0304488,-0.621836,3.18998,0.0304494,-0.593493,3.19356,0.00188138,-0.593493,3.19357,0.00191568,-0.650778,3.40808,0.0318657,-0.650778,3.40808,0.0318663,-0.621064,3.41183,0.00191629,-0.621064,3.41183
0.880777,2.36045,1.5442,16.1278,872438215,0.0304494,0.593493,3.19356,0.0304488,0.621836,3.18998,0.0018808,0.621836,3.18999,0.00188138,0.593493,3.19357,0.0318663,0.621064,3.41183,0.0318657,0.650778,3.40808,0.00191568,0.650778,3.40808,0.00191629,0.621064,3.41183
0.125688,1.90946,-1.52393,-1.38854,872438290,0.0309696,-0.979032,3.18592,0.059537,-0.978998,3.18573,0.059541,-0.951005,3.19143,0.0309737,-0.951039,3.19162,0.0324245,-1.02432,3.4012,0.0623739,-1.02428,3.40101,0.0623781,-0.994935,3.40699,0.0324288,-0.994971,3.40718
-0.0473952,1.93987,-1.5225,-100.354,872438291,0.0309715,-0.950458,3.19153,0.0595388,-0.950424,3.19135,0.0595418,-0.922396,3.19687,0.0309744,-0.92243,3.19706,0.0324266,-0.99439,3.4071,0.0623759,-0.994355,3.4069,0.062379,-0.964971,3.4127,0.0324297,-0.965006,3.4129
0.0293104,1.97125,-1.52099,64.0831,872438292,0.0309734,-0.921887,3.19715,0.0595407,-0.921854,3.19697,0.0595425,-0.893792,3.20232,0.0309751,-0.893825,3.20251,0.0324286,-0.964464,3.41299,0.062378,-0.964429,3.4128,0.0623798,-0.935009,3.41841,0.0324305,-0.935044,3.41861
-0.290646,2.00283,-1.51895,-0.857514,872438293,0.030983,-0.886352,3.17474,0.0595504,-0.886324,3.17456,0.0595561,-0.858229,3.17973,0.0309887,-0.858257,3.17992,0.0324172,-0.927573,3.39084,0.0623666,-0.927543,3.39065,0.0623726,-0.898089,3.39608,0.0324232,-0.898118,3.39627
1.44571,2.0365,-1.51718,9.19872,872438294,0.0309842,-0.857607,3.17944,0.0595515,-0.857578,3.17926,0.0595561,-0.829451,3.18426,0.0309887,-0.829479,3.18444,0.0324186,-0.897468,3.3958,0.062368,-0.897439,3.3956,0.0623727,-0.867951,3.40085,0.0324233,-0.86798,3.40104
0.517609,2.07137,-1.51529,23.7963,872438295,0.0309853,-0.828866,3.18415,0.0595527,-0.828838,3.18396,0.059556,-0.80068,3.18879,0.0309886,-0.800708,3.18897,0.0324199,-0.867368,3.40075,0.0623693,-0.867338,3.40056,0.0623728,-0.837818,3.40561,0.0324234,-0.837848,3.40581
0.2754,2.10751,-1.51326,13.4392,872438296,0.0309864,-0.80013,3.18886,0.0595538,-0.800102,3.18868,0.0595561,-0.771914,3.19332,0.0309887,-0.771942,3.19351,0.0324212,-0.83727,3.4057,0.0623705,-0.83724,3.40551,0.0623729,-0.807689,3.41038,0.0324235,-0.807719,3.41057
-0.38705,2.22467,-1.50567,-0.153165,872438299,0.0309977,-0.708449,3.17856,0.0595651,-0.708426,3.17838,0.0595692,-0.680156,3.18249,0.0310018,-0.680178,3.18267,0.0324152,-0.741495,3.39606,0.0623646,-0.741472,3.39587,0.0623688,-0.711834,3.40019,0.0324195,-0.711857,3.40038
-0.0142229,2.26719,-1.50285,59.9497,872438300,0.0309984,-0.679575,3.18236,0.0595658,-0.679552,3.18218,0.0595686,-0.651256,3.18612,0.0310012,-0.651279,3.1863,0.032416,-0.711254,3.40007,0.0623654,-0.71123,3.39988,0.0623684,-0.681566,3.404,0.032419,-0.68159,3.4042
0.940729,2.31159,-1.49978,20.7192,872438301,0.030999,-0.650704,3.18617,0.0595664,-0.650682,3.18599,0.0595682,-0.622362,3.18975,0.0310007,-0.622385,3.18993,0.0324167,-0.681015,3.40407,0.0623661,-0.680992,3.40388,0.062368,-0.651302,3.40782,0.0324186,-0.651326,3.40801
0.129724,2.35807,-1.49641,0.615446,872438302,0.0309996,-0.621837,3.18999,0.059567,-0.621815,3.18981,0.0595676,-0.593472,3.19339,0.0310002,-0.593494,3.19357,0.0324174,-0.650778,3.40808,0.0623668,-0.650755,3.40789,0.0623674,-0.621041,3.41164,0.0324181,-0.621065,3.41183
2.91835,2.63185,1.4724,3.21889,872438338,0.0595771,0.444596,3.18888,0.0595768,0.473037,3.1862,0.0310094,0.473054,3.18638,0.0310097,0.444613,3.18907,0.0623633,0.465297,3.40789,0.062363,0.495114,3.40508,0.0324136,0.495132,3.40527,0.0324139,0.465315,3.40808
2.33767,2.35807,1.49641,0.228857,872438343,0.0595676,0.593472,3.19339,0.059567,0.621815,3.18981,0.0309996,0.621837,3.18999,0.0310002,0.593494,3.19357,0.0623674,0.621041,3.41164,0.0623668,0.650755,3.40789,0.0324174,0.650778,3.40808,0.0324181,0.621065,3.41183
2.90039,2.0365,1.51718,-1.3932,872438351,0.0595561,0.829451,3.18426,0.0595516,0.857578,3.17926,0.0309842,0.857607,3.17944,0.0309887,0.829479,3.18444,0.0623727,0.867951,3.40085,0.062368,0.897439,3.3956,0.0324186,0.897468,3.3958,0.0324233,0.867981,3.40104
0.602005,1.97125,1.52099,-9.14811,872438353,0.0595425,0.893792,3.20232,0.0595407,0.921854,3.19697,0.0309734,0.921887,3.19715,0.0309751,0.893825,3.20251,0.0623798,0.935009,3.41841,0.062378,0.964429,3.4128,0.0324286,0.964464,3.41299,0.0324305,0.935044,3.41861
0.435532,1.77192,1.53029,-7.33639,872438360,0.0595237,1.10239,3.19406,0.0595185,1.13019,3.18748,0.0309512,1.13023,3.18767,0.0309563,1.10243,3.19425,0.0623845,1.15307,3.40813,0.0623791,1.18221,3.40123,0.0324298,1.18225,3.40143,0.0324352,1.15311,3.40833
-0.138316,1.90766,-1.49387,-1.35124,872438418,0.0600912,-0.979035,3.18592,0.0886569,-0.978968,3.18556,0.0886633,-0.950975,3.19127,0.0600977,-0.951042,3.19163,0.0629288,-1.02432,3.4012,0.0928763,-1.02425,3.40082,0.0928831,-0.994901,3.4068,0.0629356,-0.994971,3.40718
0.387152,1.93797,-1.49153,-2.43591,872438419,0.0600932,-0.950461,3.19154,0.0886588,-0.950394,3.19118,0.0886628,-0.922366,3.19671,0.0600972,-0.922433,3.19707,0.0629311,-0.994391,3.40709,0.0928786,-0.99432,3.40671,0.0928828,-0.964936,3.41251,0.0629353,-0.965007,3.41289
2.55029,1.96922,-1.48905,-0.543136,872438420,0.060095,-0.921891,3.19716,0.0886607,-0.921823,3.1968,0.0886624,-0.893761,3.20215,0.0600968,-0.893828,3.20251,0.0629332,-0.964465,3.41299,0.0928807,-0.964394,3.41261,0.0928825,-0.934975,3.41822,0.062935,-0.935045,3.4186
0.0741275,2.00062,-1.48572,-1.69497,872438421,0.0601046,-0.886355,3.17475,0.0886703,-0.886299,3.17439,0.0886805,-0.858204,3.17957,0.0601149,-0.85826,3.17993,0.0629211,-0.927573,3.39084,0.0928687,-0.927514,3.39046,0.0928794,-0.89806,3.39589,0.0629319,-0.898119,3.39627
0.195464,2.03414,-1.48283,-0.801657,872438422,0.0601058,-0.857609,3.17945,0.0886715,-0.857553,3.17909,0.0886794,-0.829426,3.18409,0.0601138,-0.829482,3.18445,0.0629227,-0.897469,3.39579,0.0928703,-0.89741,3.39542,0.0928786,-0.867922,3.40066,0.0629311,-0.867981,3.40104
-0.0135777,2.06883,-1.47974,-0.608013,872438423,0.060107,-0.828869,3.18416,0.0886726,-0.828813,3.1838,0.0886783,-0.800655,3.18862,0.0601126,-0.800711,3.18898,0.0629242,-0.867368,3.40075,0.0928718,-0.867309,3.40037,0.0928777,-0.837789,3.40543,0.0629302,-0.837848,3.4058
0.189019,2.10478,-1.47643,64.6231,872438424,0.0601081,-0.800133,3.18887,0.0886738,-0.800077,3.18851,0.0886771,-0.771889,3.19316,0.0601115,-0.771945,3.19352,0.0629257,-0.837271,3.4057,0.0928732,-0.837212,3.40532,0.0928767,-0.80766,3.41019,0.0629292,-0.807719,3.41057
-0.136781,2.22116,-1.46404,-0.0523781,872438427,0.0601194,-0.708451,3.17857,0.0886851,-0.708406,3.17821,0.0886925,-0.680135,3.18233,0.0601268,-0.680181,3.18269,0.0629194,-0.741496,3.39606,0.0928669,-0.741449,3.39568,0.0928748,-0.711811,3.4,0.0629272,-0.711858,3.40038
0.173152,2.26336,-1.45944,53.5086,872438428,0.06012,-0.679577,3.18238,0.0886857,-0.679532,3.18201,0.0886909,-0.651236,3.18595,0.0601252,-0.651281,3.18631,0.0629204,-0.711255,3.40007,0.0928679,-0.711207,3.39969,0.0928733,-0.681543,3.40382,0.0629258,-0.68159,3.4042
1.376,2.3074,-1.45443,50.3141,872438429,0.0601207,-0.650707,3.18619,0.0886864,-0.650662,3.18582,0.0886892,-0.622342,3.18958,0.0601235,-0.622387,3.18994,0.0629212,-0.681016,3.40407,0.0928688,-0.680969,3.4037,0.0928718,-0.651279,3.40764,0.0629242,-0.651326,3.40801
0.668488,2.35347,-1.44896,41.5397,872438430,0.0601213,-0.621839,3.19,0.088687,-0.621794,3.18964,0.0886876,-0.593452,3.19322,0.0601219,-0.593497,3.19358,0.062922,-0.650779,3.40808,0.0928696,-0.650732,3.4077,0.0928702,-0.621018,3.41145,0.0629226,-0.621065,3.41183
1.40548,2.6238,-1.41001,15.9917,872438435,0.0601311,-0.473055,3.18639,0.0886968,-0.473022,3.18603,0.0886971,-0.44458,3.18872,0.0601313,-0.444614,3.18908,0.0629182,-0.495132,3.40527,0.0928658,-0.495097,3.40489,0.092866,-0.46528,3.40771,0.0629185,-0.465315,3.40809
0.978976,2.6238,1.41001,27.2229,872438466,0.088697,0.44458,3.18872,0.0886968,0.473022,3.18603,0.0601311,0.473055,3.18639,0.0601313,0.444614,3.18908,0.092866,0.46528,3.40771,0.0928658,0.495097,3.40489,0.0629182,0.495132,3.40527,0.0629184,0.465315,3.40809
0.849436,2.03414,1.48283,24.9512,872438479,0.0886794,0.829426,3.18409,0.0886715,0.857553,3.17909,0.0601058,0.857609,3.17945,0.0601138,0.829482,3.18445,0.0928786,0.867922,3.40066,0.0928703,0.89741,3.39542,0.0629227,0.897469,3.39579,0.0629311,0.867981,3.40104
0.652524,1.77059,1.50428,-4.46847,872438488,0.0886459,1.10236,3.19389,0.0886384,1.13015,3.18731,0.0600728,1.13023,3.18767,0.0600803,1.10243,3.19425,0.0928894,1.15303,3.40794,0.0928816,1.18217,3.40104,0.0629341,1.18226,3.40142,0.0629419,1.15311,3.40832
-0.123448,1.90502,-1.46395,-1.40279,872438546,0.0892169,-0.97904,3.18594,0.11778,-0.978939,3.1854,0.117788,-0.950946,3.1911,0.0892256,-0.951047,3.19164,0.0934371,-1.02432,3.40119,0.123382,-1.02421,3.40063,0.123391,-0.994866,3.40661,0.0934461,-0.994972,3.40717
0.256292,1.93515,-1.46071,-3.72071,872438547,0.0892188,-0.950466,3.19155,0.117782,-0.950365,3.19102,0.117787,-0.922337,3.19654,0.0892241,-0.922438,3.19708,0.0934394,-0.994391,3.40709,0.123384,-0.994286,3.40652,0.123389,-0.964902,3.41232,0.0934449,-0.965008,3.41288
0.948276,1.96622,-1.45727,42.6435,872438548,0.0892207,-0.921895,3.19718,0.117783,-0.921795,3.19664,0.117785,-0.893732,3.20199,0.0892225,-0.893833,3.20253,0.0934416,-0.964465,3.41298,0.123386,-0.96436,3.41242,0.123388,-0.93494,3.41803,0.0934435,-0.935046,3.41859
1.10587,1.99736,-1.45267,32.2563,872438549,0.0892304,-0.886359,3.17477,0.117793,-0.886275,3.17423,0.117808,-0.85818,3.17941,0.0892451,-0.858264,3.17995,0.0934289,-0.927574,3.39084,0.123373,-0.927486,3.39027,0.123389,-0.898031,3.3957,0.0934444,-0.89812,3.39626
0.0859707,2.03065,-1.44868,-0.370592,872438550,0.0892315,-0.857613,3.17947,0.117794,-0.857529,3.17893,0.117806,-0.829402,3.18393,0.0892428,-0.829486,3.18447,0.0934308,-0.89747,3.39579,0.123375,-0.897381,3.39523,0.123387,-0.867893,3.40047,0.0934427,-0.867982,3.40103
-0.132821,2.06509,-1.44442,-1.87195,872438551,0.0892326,-0.828873,3.18418,0.117795,-0.828789,3.18364,0.117803,-0.800631,3.18846,0.0892406,-0.800715,3.189,0.0934325,-0.867369,3.40074,0.123377,-0.867281,3.40018,0.123385,-0.837761,3.40524,0.0934408,-0.837849,3.4058
0.267109,2.10075,-1.43985,61.1381,872438552,0.0892338,-0.800137,3.18889,0.117797,-0.800052,3.18835,0.117801,-0.771865,3.193,0.0892383,-0.771949,3.19354,0.093434,-0.837271,3.4057,0.123379,-0.837183,3.40513,0.123383,-0.807632,3.41,0.0934388,-0.80772,3.41057
0.605589,2.13772,-1.43494,8.37987,872438553,0.089235,-0.771404,3.19361,0.117798,-0.771319,3.19308,0.117799,-0.743103,3.19754,0.089236,-0.743187,3.19808,0.0934355,-0.807175,3.41065,0.12338,-0.807086,3.41009,0.123381,-0.777505,3.41477,0.0934366,-0.777594,3.41534
-0.995493,2.21599,-1.42277,-0.205942,872438555,0.0892451,-0.708454,3.17859,0.117808,-0.708387,3.17806,0.117819,-0.680116,3.18217,0.0892559,-0.680184,3.18271,0.0934274,-0.741496,3.39606,0.123372,-0.741426,3.3955,0.123383,-0.711788,3.39981,0.0934388,-0.711859,3.40038
-0.678681,2.25772,-1.41644,-0.119842,872438556,0.0892457,-0.67958,3.1824,0.117809,-0.679512,3.18186,0.117816,-0.651217,3.18579,0.0892531,-0.651284,3.18633,0.0934286,-0.711255,3.40007,0.123373,-0.711184,3.3995,0.123381,-0.68152,3.40363,0.0934364,-0.681591,3.40419
-0.8691,2.30125,-1.40956,0.084498,872438557,0.0892464,-0.65071,3.18621,0.117809,-0.650642,3.18567,0.117813,-0.622323,3.18943,0.0892504,-0.62239,3.18996,0.0934296,-0.681016,3.40407,0.123374,-0.680946,3.40351,0.123378,-0.651256,3.40745,0.0934338,-0.651327,3.40801
0.794753,2.34672,-1.40204,26.264,872438558,0.089247,-0.621843,3.19002,0.11781,-0.621775,3.18949,0.11781,-0.593432,3.19307,0.0892476,-0.5935,3.19361,0.0934305,-0.650779,3.40808,0.123375,-0.650709,3.40751,0.123376,-0.620995,3.41127,0.0934311,-0.621066,3.41183
0.816521,2.39503,-1.39256,12.5712,872438559,0.0892555,-0.588969,3.17482,0.117818,-0.588919,3.17428,0.117832,-0.560554,3.17769,0.0892694,-0.560605,3.17823,0.0934236,-0.616538,3.39305,0.123368,-0.616485,3.39249,0.123383,-0.586748,3.39606,0.0934382,-0.586801,3.39662
1.42991,2.67614,1.33281,50.5448,872438593,0.11784,0.412628,3.17681,0.117827,0.441085,3.1743,0.0892637,0.441119,3.17484,0.0892774,0.412661,3.17735,0.123381,0.43195,3.3959,0.123366,0.461784,3.39326,0.0934216,0.46182,3.39383,0.093436,0.431986,3.39646
1.43219,1.71852,1.48281,2.11474,872438618,0.117772,1.15919,3.18108,0.117755,1.1869,3.17415,0.0891926,1.18702,3.17469,0.0892093,1.15931,3.18162,0.123397,1.21254,3.39444,0.123379,1.2416,3.38718,0.093435,1.24172,3.38774,0.0934525,1.21266,3.39501
-0.0346244,1.90153,-1.43421,-0.119153,872438674,0.118348,-0.979046,3.18596,0.146907,-0.978912,3.18525,0.146917,-0.950919,3.19095,0.118359,-0.951054,3.19167,0.12395,-1.02432,3.40119,0.153891,-1.02418,3.40044,0.153902,-0.994832,3.40642,0.123962,-0.994973,3.40717
0.283969,1.93144,-1.43009,-0.549768,872438675,0.11835,-0.950472,3.19158,0.146908,-0.950338,3.19086,0.146915,-0.92231,3.19639,0.118356,-0.922445,3.19711,0.123953,-0.994392,3.40708,0.153893,-0.994251,3.40633,0.1539,-0.964867,3.41213,0.123959,-0.965008,3.41288
0.410188,1.96226,-1.42572,40.4352,872438676,0.118352,-0.921902,3.1972,0.14691,-0.921767,3.19649,0.146912,-0.893705,3.20184,0.118353,-0.89384,3.20255,0.123955,-0.964466,3.41298,0.153895,-0.964325,3.41223,0.153897,-0.934906,3.41784,0.123957,-0.935047,3.41859
0.786528,1.99307,-1.41988,45.051,872438677,0.118361,-0.886364,3.1748,0.14692,-0.886252,3.17408,0.146939,-0.858157,3.17926,0.11838,-0.858269,3.17997,0.123942,-0.927575,3.39083,0.153882,-0.927457,3.39008,0.153902,-0.898003,3.39551,0.123962,-0.89812,3.39626
-0.0389434,2.02606,-1.41481,-0.579895,872438678,0.118362,-0.857619,3.1795,0.146921,-0.857506,3.17878,0.146936,-0.829379,3.18378,0.118377,-0.829492,3.1845,0.123944,-0.89747,3.39579,0.153884,-0.897353,3.39504,0.1539,-0.867865,3.40028,0.123959,-0.867982,3.40103
0.00628988,2.06017,-1.4094,-1.26587,872438679,0.118363,-0.828878,3.1842,0.146922,-0.828766,3.18349,0.146932,-0.800608,3.18831,0.118374,-0.80072,3.18903,0.123946,-0.86737,3.40074,0.153886,-0.867252,3.39999,0.153897,-0.837732,3.40505,0.123956,-0.83785,3.4058
-0.227375,2.09546,-1.40361,-0.569651,872438680,0.118365,-0.800142,3.18892,0.146923,-0.80003,3.1882,0.146929,-0.771842,3.19285,0.11837,-0.771954,3.19356,0.123947,-0.837272,3.40569,0.153888,-0.837154,3.40494,0.153894,-0.807603,3.40981,0.123953,-0.80772,3.41056
0.640143,2.16966,-1.38937,-6.21045,872438682,0.118375,-0.737337,3.17483,0.146934,-0.737248,3.17411,0.146953,-0.709004,3.1784,0.118394,-0.709094,3.17912,0.123939,-0.771742,3.39206,0.153879,-0.771648,3.3913,0.153899,-0.742038,3.3958,0.123959,-0.742132,3.39656
-0.370479,2.20921,-1.38199,0.141716,872438683,0.118376,-0.708458,3.17862,0.146935,-0.708368,3.17791,0.146949,-0.680098,3.18202,0.11839,-0.680188,3.18274,0.123941,-0.741497,3.39606,0.153881,-0.741403,3.39531,0.153896,-0.711765,3.39962,0.123955,-0.711859,3.40037
0.482785,2.25035,-1.374,20.2715,872438684,0.118377,-0.679584,3.18243,0.146935,-0.679494,3.18171,0.146945,-0.651199,3.18564,0.118386,-0.651289,3.18636,0.123942,-0.711256,3.40007,0.153882,-0.711161,3.39932,0.153892,-0.681497,3.40344,0.123952,-0.681591,3.40419
0.229692,2.2932,-1.36532,-0.0362231,872438685,0.118377,-0.650714,3.18624,0.146936,-0.650624,3.18552,0.146941,-0.622304,3.18928,0.118382,-0.622395,3.18999,0.123943,-0.681017,3.40407,0.153883,-0.680923,3.40332,0.153889,-0.651233,3.40726,0.123948,-0.651327,3.40801
0.107518,2.3379,-1.35585,-0.253225,872438686,0.118378,-0.621847,3.19005,0.146937,-0.621757,3.18934,0.146937,-0.593414,3.19292,0.118378,-0.593504,3.19363,0.123944,-0.65078,3.40808,0.153884,-0.650686,3.40733,0.153885,-0.620972,3.41108,0.123945,-0.621066,3.41183
0.538365,1.66957,-1.43913,-5.62251,872438793,0.149906,-1.25445,3.20158,0.178458,-1.25446,3.20062,0.178702,-1.22683,3.2079,0.15015,-1.22683,3.20886,0.15704,-1.31184,3.41385,0.186973,-1.31184,3.41285,0.187229,-1.28287,3.42047,0.157296,-1.28287,3.42148
0,1.84151,-1.41211,0,872438800,0.149208,-1.03619,3.1795,0.17776,-1.03619,3.17854,0.177962,-1.00827,3.1846,0.14941,-1.00827,3.18555,0.156367,-1.08418,3.39408,0.186301,-1.08418,3.39309,0.186512,-1.05491,3.39943,0.156579,-1.05491,3.40043
0.134338,1.8982,-1.40251,66.0879,872438802,0.149582,-0.97903,3.1907,0.178134,-0.97903,3.18975,0.178324,-0.951038,3.19545,0.149772,-0.951038,3.1964,0.156761,-1.02432,3.40587,0.186694,-1.02432,3.40487,0.186893,-0.99497,3.41085,0.15696,-0.99497,3.41185
0.00683422,1.92779,-1.39728,0.0787129,872438803,0.149769,-0.950456,3.19631,0.178321,-0.950456,3.19536,0.178505,-0.922428,3.20088,0.149953,-0.922428,3.20184,0.156957,-0.994389,3.41176,0.18689,-0.994389,3.41076,0.187084,-0.965005,3.41656,0.15715,-0.965005,3.41756
-0.154362,1.95825,-1.39174,-0.340566,872438804,0.149956,-0.921886,3.20193,0.178508,-0.921886,3.20098,0.178687,-0.893824,3.20633,0.150135,-0.893824,3.20728,0.157154,-0.964463,3.41766,0.187087,-0.964463,3.41666,0.187274,-0.935043,3.42227,0.157341,-0.935043,3.42326
0.158071,1.98879,-1.38541,0.054104,872438805,0.149226,-0.886351,3.17953,0.177778,-0.886351,3.17858,0.17795,-0.858256,3.18375,0.149398,-0.858256,3.1847,0.156412,-0.927572,3.39551,0.186345,-0.927572,3.39452,0.186526,-0.898118,3.39994,0.156592,-0.898118,3.40094
0.0549935,2.02135,-1.37907,0.562736,872438806,0.149382,-0.857605,3.18422,0.177934,-0.857605,3.18327,0.178101,-0.829478,3.18827,0.149548,-0.829478,3.18922,0.156576,-0.897468,3.40047,0.18651,-0.897468,3.39947,0.186684,-0.86798,3.40471,0.156751,-0.86798,3.4057
-0.041986,2.05498,-1.37229,1.2119,872438807,0.149539,-0.828865,3.18893,0.178091,-0.828865,3.18798,0.178251,-0.800707,3.1928,0.149699,-0.800707,3.19375,0.156741,-0.867367,3.40542,0.186675,-0.867367,3.40442,0.186843,-0.837847,3.40947,0.156909,-0.837847,3.41047
0.107262,2.08975,-1.36505,0.824736,872438808,0.149696,-0.800129,3.19364,0.178248,-0.800129,3.19269,0.178402,-0.771941,3.19733,0.14985,-0.771941,3.19828,0.156906,-0.837269,3.41037,0.186839,-0.837269,3.40937,0.187001,-0.807718,3.41424,0.157068,-0.807718,3.41523
0,2.16284,-1.34834,0,872438810,0.149241,-0.737327,3.17955,0.177793,-0.737327,3.1786,0.177935,-0.709083,3.18289,0.149383,-0.709083,3.18384,0.156448,-0.77174,3.39673,0.186382,-0.77174,3.39573,0.186531,-0.74213,3.40023,0.156598,-0.74213,3.40122
-0.203156,2.20167,-1.33924,-0.116733,872438811,0.149367,-0.708447,3.18334,0.177919,-0.708447,3.18239,0.178055,-0.680177,3.1865,0.149503,-0.680177,3.18745,0.156581,-0.741495,3.40073,0.186515,-0.741495,3.39974,0.186658,-0.711857,3.40405,0.156724,-0.711857,3.40504
-0.0518745,2.24199,-1.32939,-0.836543,872438812,0.149493,-0.679573,3.18714,0.178045,-0.679574,3.18619,0.178176,-0.651278,3.19013,0.149623,-0.651278,3.19107,0.156714,-0.711254,3.40473,0.186648,-0.711254,3.40374,0.186784,-0.681589,3.40786,0.156851,-0.681589,3.40886
-0.15279,2.28392,-1.3187,0.271447,872438813,0.149619,-0.650703,3.19095,0.178171,-0.650704,3.19,0.178296,-0.622384,3.19376,0.149744,-0.622384,3.1947,0.156847,-0.681015,3.40874,0.18678,-0.681015,3.40774,0.186911,-0.651325,3.41168,0.156978,-0.651325,3.41267
-0.812555,2.32757,-1.30707,0.484386,872438814,0.149746,-0.621836,3.19477,0.178298,-0.621836,3.19382,0.178417,-0.593493,3.1974,0.149865,-0.593493,3.19834,0.15698,-0.650778,3.41274,0.186913,-0.650778,3.41174,0.187038,-0.621064,3.4155,0.157104,-0.621064,3.41649
1.17526,2.638,1.20487,22.1557,872438849,0.177896,0.412658,3.18114,0.177813,0.441116,3.17863,0.149261,0.441116,3.17958,0.149344,0.412658,3.18209,0.186523,0.431985,3.40013,0.186436,0.461819,3.3975,0.156503,0.461819,3.39849,0.15659,0.431985,3.40112
2.97933,2.20167,1.33924,32.8799,872438858,0.178055,0.680177,3.1865,0.177919,0.708447,3.18239,0.149367,0.708447,3.18334,0.149503,0.680177,3.18745,0.186658,0.711857,3.40405,0.186515,0.741495,3.39974,0.156581,0.741495,3.40073,0.156724,0.711857,3.40504
-0.0485734,1.89275,-1.37335,83.8339,872438930,0.178684,-0.979032,3.18974,0.20723,-0.978998,3.18861,0.207423,-0.951005,3.19431,0.178877,-0.951039,3.19544,0.187245,-1.02432,3.40486,0.217172,-1.02428,3.40367,0.217374,-0.994935,3.40965,0.187447,-0.994971,3.41084
-0.00589731,1.922,-1.3673,-0.093205,872438931,0.178872,-0.950458,3.19535,0.207417,-0.950424,3.19422,0.207603,-0.922396,3.19974,0.179057,-0.92243,3.20087,0.187442,-0.99439,3.41075,0.217368,-0.994355,3.40957,0.217563,-0.964971,3.41536,0.187636,-0.965006,3.41654
0.672128,1.95211,-1.36088,4.46827,872438932,0.179059,-0.921887,3.20097,0.207605,-0.921854,3.19984,0.207783,-0.893792,3.20519,0.179238,-0.893825,3.20632,0.187639,-0.964464,3.41664,0.217565,-0.964429,3.41546,0.217752,-0.935009,3.42107,0.187826,-0.935044,3.42225
0.296892,1.98219,-1.35339,31.5502,872438933,0.178329,-0.886352,3.17857,0.206875,-0.886324,3.17744,0.207051,-0.858229,3.18261,0.178506,-0.858257,3.18374,0.186896,-0.927573,3.3945,0.216823,-0.927543,3.39332,0.217008,-0.898089,3.39875,0.187081,-0.898118,3.39993
2.27972,2.01431,-1.34604,-0.531577,872438934,0.178485,-0.857607,3.18326,0.207031,-0.857578,3.18214,0.207201,-0.829451,3.18713,0.178655,-0.829479,3.18826,0.187061,-0.897468,3.39946,0.216988,-0.897439,3.39827,0.217166,-0.867951,3.40351,0.187239,-0.867981,3.40469
0.520962,2.04746,-1.33821,42.775,872438935,0.178642,-0.828866,3.18797,0.207188,-0.828838,3.18684,0.20735,-0.80068,3.19166,0.178804,-0.800708,3.19279,0.187226,-0.867368,3.40441,0.217153,-0.867338,3.40322,0.217323,-0.837818,3.40828,0.187396,-0.837848,3.40946
1.00436,2.08169,-1.32984,23.3878,872438936,0.178799,-0.80013,3.19268,0.207344,-0.800102,3.19155,0.2075,-0.771914,3.1962,0.178954,-0.771942,3.19732,0.187391,-0.83727,3.40936,0.217317,-0.83724,3.40817,0.21748,-0.807689,3.41304,0.187554,-0.807719,3.41422
0.733483,2.11707,-1.32087,23.3135,872438937,0.178956,-0.771397,3.1974,0.207501,-0.771369,3.19627,0.20765,-0.743152,3.20074,0.179104,-0.743181,3.20187,0.187555,-0.807173,3.41431,0.217482,-0.807144,3.41312,0.217638,-0.777563,3.41781,0.187711,-0.777592,3.41899
-0.212367,2.15343,-1.3104,0.00420898,872438938,0.178344,-0.737328,3.17859,0.20689,-0.737305,3.17747,0.207037,-0.709061,3.18175,0.178491,-0.709084,3.18288,0.186933,-0.77174,3.39572,0.21686,-0.771717,3.39454,0.217014,-0.742107,3.39903,0.187087,-0.74213,3.40021
0.180746,2.19151,-1.29992,0.106914,872438939,0.17847,-0.708449,3.18238,0.207016,-0.708426,3.18126,0.207155,-0.680156,3.18537,0.17861,-0.680178,3.18649,0.187066,-0.741495,3.39972,0.216993,-0.741472,3.39854,0.217139,-0.711834,3.40285,0.187213,-0.711857,3.40403
0.524198,2.231,-1.28859,-25.714,872438940,0.178596,-0.679575,3.18618,0.207142,-0.679552,3.18506,0.207275,-0.651256,3.18899,0.178729,-0.651279,3.19012,0.187199,-0.711254,3.40372,0.217126,-0.71123,3.40254,0.217265,-0.681566,3.40667,0.187338,-0.68159,3.40785
-0.270596,2.27198,-1.27632,0.0433159,872438941,0.178722,-0.650704,3.18999,0.207268,-0.650682,3.18887,0.207394,-0.622362,3.19262,0.178848,-0.622385,3.19375,0.187332,-0.681015,3.40773,0.217259,-0.680992,3.40655,0.21739,-0.651302,3.41049,0.187464,-0.651326,3.41167
0.0527485,2.31456,-1.26299,0.418516,872438942,0.178849,-0.621837,3.19381,0.207395,-0.621815,3.19268,0.207514,-0.593472,3.19626,0.178968,-0.593494,3.19739,0.187465,-0.650778,3.41173,0.217392,-0.650755,3.41055,0.217516,-0.621041,3.4143,0.187589,-0.621065,3.41548
1.50428,2.50444,-1.19411,27.929,872438946,0.178643,-0.502027,3.18729,0.207189,-0.50201,3.18616,0.207285,-0.473586,3.18903,0.178739,-0.473603,3.19015,0.187267,-0.52548,3.40587,0.217194,-0.525462,3.40469,0.217295,-0.495663,3.40769,0.187368,-0.495681,3.40887
1.44992,2.19151,1.29992,-36.6093,872438986,0.207155,0.680156,3.18537,0.207016,0.708426,3.18126,0.17847,0.708449,3.18238,0.17861,0.680178,3.18649,0.217139,0.711834,3.40285,0.216993,0.741472,3.39854,0.187066,0.741495,3.39972,0.187213,0.711857,3.40403
0.97462,1.59679,-1.40498,-1.5682,872439046,0.207369,-1.33897,3.17749,0.235907,-1.33888,3.17619,0.236178,-1.3114,3.18398,0.20764,-1.31149,3.18529,0.217229,-1.40034,3.38854,0.247147,-1.40025,3.38716,0.247431,-1.37143,3.39533,0.217512,-1.37153,3.3967
0.40844,1.88653,-1.34453,-35.376,872439058,0.20779,-0.979035,3.18878,0.236329,-0.978968,3.18748,0.236523,-0.950975,3.19318,0.207985,-0.951042,3.19448,0.217733,-1.02432,3.40385,0.247651,-1.02425,3.40248,0.247856,-0.994901,3.40845,0.217937,-0.994971,3.40982
0.123032,1.91541,-1.33768,-37.1414,872439059,0.207978,-0.950461,3.19439,0.236516,-0.950394,3.19309,0.236702,-0.922366,3.19861,0.208164,-0.922433,3.19992,0.21793,-0.994391,3.40974,0.247848,-0.99432,3.40837,0.248044,-0.964936,3.41416,0.218125,-0.965007,3.41553
0.516334,1.94512,-1.33042,34.6127,872439060,0.208165,-0.921891,3.20001,0.236703,-0.921823,3.19871,0.236882,-0.893761,3.20406,0.208344,-0.893829,3.20536,0.218126,-0.964465,3.41563,0.248045,-0.964394,3.41426,0.248232,-0.934975,3.41987,0.218313,-0.935045,3.42124
6.19613,1.97466,-1.3218,0.414727,872439061,0.207435,-0.886355,3.17761,0.235973,-0.886299,3.17631,0.236154,-0.858204,3.18148,0.207616,-0.85826,3.18279,0.217383,-0.927573,3.39349,0.247302,-0.927514,3.39213,0.247492,-0.89806,3.39755,0.217573,-0.898119,3.39892
1.25298,2.00629,-1.31351,13.6983,872439062,0.207591,-0.857609,3.18231,0.23613,-0.857553,3.18101,0.236303,-0.829426,3.186,0.207764,-0.829482,3.18731,0.217548,-0.897469,3.39845,0.247467,-0.89741,3.39708,0.247649,-0.867922,3.40232,0.21773,-0.867981,3.40368
0.261112,2.03889,-1.30467,46.3853,872439063,0.207748,-0.828869,3.18702,0.236286,-0.828813,3.18571,0.236451,-0.800655,3.19053,0.207913,-0.800711,3.19184,0.217713,-0.867368,3.4034,0.247632,-0.867309,3.40203,0.247805,-0.837789,3.40708,0.217886,-0.837848,3.40845
1.08553,2.07253,-1.29523,12.7659,872439064,0.207905,-0.800133,3.19173,0.236443,-0.800077,3.19042,0.2366,-0.771889,3.19507,0.208061,-0.771945,3.19637,0.217878,-0.837271,3.40835,0.247797,-0.837212,3.40698,0.247961,-0.80766,3.41185,0.218043,-0.807719,3.41321
0.590795,2.10725,-1.28513,15.9032,872439065,0.208062,-0.7714,3.19645,0.2366,-0.771343,3.19514,0.236749,-0.743127,3.19961,0.20821,-0.743183,3.20092,0.218043,-0.807174,3.4133,0.247962,-0.807115,3.41193,0.248118,-0.777534,3.41661,0.218199,-0.777593,3.41798
0.626577,2.14276,-1.27321,3.97779,872439066,0.20745,-0.73733,3.17764,0.235988,-0.737285,3.17634,0.23614,-0.709041,3.18063,0.207601,-0.709086,3.18193,0.21742,-0.771741,3.39471,0.247339,-0.771694,3.39334,0.247498,-0.742084,3.39784,0.217579,-0.742131,3.39921
0.640051,2.18,-1.26143,7.10764,872439067,0.207576,-0.708451,3.18143,0.236114,-0.708406,3.18013,0.236257,-0.680135,3.18424,0.207719,-0.680181,3.18555,0.217553,-0.741496,3.39871,0.247472,-0.741449,3.39735,0.247622,-0.711811,3.40166,0.217704,-0.711858,3.40302
1.48616,2.21856,-1.24873,-51.9729,872439068,0.207702,-0.679577,3.18523,0.23624,-0.679532,3.18393,0.236375,-0.651236,3.18786,0.207837,-0.651281,3.18917,0.217687,-0.711255,3.40272,0.247605,-0.711207,3.40135,0.247747,-0.681543,3.40547,0.217828,-0.68159,3.40684
0.568004,2.25849,-1.23499,-18.2693,872439069,0.207829,-0.650707,3.18904,0.236367,-0.650662,3.18774,0.236494,-0.622342,3.1915,0.207955,-0.622387,3.1928,0.21782,-0.681016,3.40672,0.247738,-0.680969,3.40535,0.247872,-0.651279,3.40929,0.217953,-0.651326,3.41066
0.335222,2.29989,-1.22011,-27.1257,872439070,0.207955,-0.621839,3.19286,0.236493,-0.621794,3.19156,0.236612,-0.593452,3.19513,0.208074,-0.593497,3.19644,0.217953,-0.650779,3.41072,0.247871,-0.650732,3.40936,0.247996,-0.621018,3.41311,0.218077,-0.621065,3.41447
1.41835,2.48294,1.14359,16.8918,872439107,0.236385,0.473571,3.1879,0.236288,0.501995,3.18504,0.207749,0.502028,3.18634,0.207847,0.473605,3.1892,0.247776,0.495646,3.4065,0.247674,0.525445,3.4035,0.217755,0.52548,3.40486,0.217857,0.495681,3.40787
1.32847,2.25849,1.23499,48.4766,872439112,0.236494,0.622342,3.1915,0.236367,0.650662,3.18774,0.207829,0.650707,3.18904,0.207955,0.622387,3.1928,0.247872,0.651279,3.40929,0.247738,0.680969,3.40535,0.21782,0.681016,3.40672,0.217953,0.651326,3.41066
0.150363,1.74979,-1.34935,-1.3431,872439181,0.23694,-1.13024,3.18958,0.265469,-1.13012,3.1881,0.265696,-1.10232,3.19468,0.237167,-1.10244,3.19616,0.248236,-1.18226,3.40305,0.278146,-1.18213,3.4015,0.278384,-1.15299,3.40839,0.248474,-1.15311,3.40994
-0.0906717,1.77474,-1.34358,-1.7039,872439182,0.237158,-1.10186,3.19609,0.265687,-1.10174,3.19461,0.265905,-1.0739,3.20101,0.237375,-1.07401,3.20249,0.248465,-1.15253,3.40988,0.278375,-1.15241,3.40832,0.278603,-1.12322,3.41504,0.248694,-1.12334,3.41659
0.0438081,1.8003,-1.33751,45.0564,872439183,0.237376,-1.07348,3.2026,0.265905,-1.07336,3.20112,0.266114,-1.04548,3.20735,0.237584,-1.0456,3.20883,0.248694,-1.1228,3.41671,0.278604,-1.12268,3.41515,0.278822,-1.09345,3.42168,0.248913,-1.09357,3.42323
-0.213717,1.82483,-1.3301,-0.508843,872439184,0.236527,-1.0362,3.17663,0.265056,-1.0361,3.17515,0.265272,-1.00818,3.18121,0.236742,-1.00828,3.18269,0.24783,-1.08418,3.39105,0.277739,-1.08408,3.38949,0.277965,-1.05481,3.39584,0.248056,-1.05491,3.39739
0.191674,1.85184,-1.32328,51.3637,872439185,0.236714,-1.00762,3.18223,0.265243,-1.00752,3.18075,0.265449,-0.979561,3.18663,0.23692,-0.979662,3.18811,0.248027,-1.05425,3.39694,0.277937,-1.05414,3.39539,0.278153,-1.02483,3.40155,0.248243,-1.02494,3.4031
0.241525,1.87957,-1.31607,36.5317,872439186,0.236901,-0.97904,3.18784,0.26543,-0.978939,3.18635,0.265627,-0.950946,3.19206,0.237098,-0.951047,3.19354,0.248224,-1.02432,3.40283,0.278134,-1.02421,3.40128,0.27834,-0.994866,3.40726,0.248431,-0.994972,3.40881
-0.111133,1.90804,-1.30846,-0.309453,872439187,0.237088,-0.950466,3.19345,0.265617,-0.950365,3.19197,0.265805,-0.922337,3.19749,0.237276,-0.922438,3.19897,0.248421,-0.994391,3.40872,0.278331,-0.994286,3.40717,0.278527,-0.964902,3.41296,0.248618,-0.965008,3.41452
0.175596,1.9373,-1.3004,-1.02524,872439188,0.237276,-0.921895,3.19907,0.265805,-0.921794,3.19759,0.265983,-0.893732,3.20294,0.237454,-0.893833,3.20442,0.248618,-0.964466,3.41462,0.278527,-0.96436,3.41306,0.278715,-0.93494,3.41867,0.248805,-0.935046,3.42022
6.24047,1.96626,-1.29071,0.196943,872439189,0.236546,-0.886359,3.17667,0.265075,-0.886275,3.17519,0.265261,-0.858179,3.18036,0.236731,-0.858264,3.18185,0.247874,-0.927574,3.39248,0.277784,-0.927486,3.39093,0.277979,-0.898031,3.39635,0.248069,-0.89812,3.39791
1.33219,1.99734,-1.28151,-1.7762,872439190,0.236702,-0.857613,3.18137,0.265231,-0.857529,3.17989,0.265408,-0.829402,3.18488,0.236878,-0.829486,3.18637,0.24804,-0.89747,3.39744,0.277949,-0.897381,3.39588,0.278134,-0.867893,3.40112,0.248225,-0.867982,3.40267
0.161304,2.02935,-1.27172,79.3494,872439191,0.236858,-0.828873,3.18607,0.265388,-0.828789,3.18459,0.265555,-0.800631,3.18941,0.237025,-0.800715,3.19089,0.248205,-0.867369,3.40239,0.278115,-0.867281,3.40083,0.27829,-0.837761,3.40589,0.24838,-0.837849,3.40744
0.288225,2.06232,-1.26128,58.0663,872439192,0.237015,-0.800137,3.19079,0.265545,-0.800052,3.1893,0.265702,-0.771865,3.19395,0.237173,-0.771949,3.19543,0.24837,-0.837271,3.40734,0.27828,-0.837183,3.40578,0.278445,-0.807632,3.41065,0.248536,-0.80772,3.4122
2.14478,2.09632,-1.25012,13.5022,872439193,0.237172,-0.771404,3.19551,0.265702,-0.771319,3.19402,0.26585,-0.743103,3.19849,0.237321,-0.743187,3.19997,0.248535,-0.807175,3.41229,0.278445,-0.807086,3.41073,0.2786,-0.777505,3.41541,0.248691,-0.777594,3.41697
1.00282,2.1309,-1.23685,-16.363,872439194,0.236561,-0.737333,3.1767,0.26509,-0.737266,3.17522,0.265246,-0.709022,3.17951,0.236716,-0.709089,3.18099,0.247911,-0.771741,3.3937,0.277821,-0.771671,3.39215,0.277984,-0.74206,3.39664,0.248075,-0.742131,3.3982
0.486031,2.16724,-1.22386,20.6402,872439195,0.236687,-0.708454,3.18049,0.265216,-0.708387,3.17901,0.265363,-0.680116,3.18312,0.236833,-0.680184,3.18461,0.248045,-0.741496,3.39771,0.277954,-0.741426,3.39615,0.278108,-0.711788,3.40046,0.248199,-0.711859,3.40202
0.00660682,2.20478,-1.20989,-0.053519,872439196,0.236813,-0.67958,3.18429,0.265342,-0.679512,3.18281,0.265479,-0.651217,3.18675,0.23695,-0.651284,3.18823,0.248178,-0.711255,3.40171,0.278088,-0.711184,3.40016,0.278232,-0.68152,3.40428,0.248322,-0.681591,3.40583
0.866512,2.24358,-1.19482,-31.5204,872439197,0.236939,-0.65071,3.1881,0.265469,-0.650642,3.18662,0.265597,-0.622323,3.19038,0.237067,-0.62239,3.19186,0.248311,-0.681017,3.40571,0.278221,-0.680946,3.40416,0.278355,-0.651256,3.4081,0.248446,-0.651327,3.40965
0.266976,2.28372,-1.17852,-0.311708,872439198,0.237066,-0.621843,3.19192,0.265595,-0.621775,3.19044,0.265714,-0.593432,3.19402,0.237184,-0.5935,3.1955,0.248444,-0.650779,3.40971,0.278354,-0.650709,3.40816,0.278479,-0.620995,3.41191,0.248569,-0.621066,3.41347
0.152392,1.74396,-1.32467,-1.99151,872439309,0.266056,-1.13025,3.18864,0.294575,-1.13009,3.18698,0.294804,-1.10229,3.19356,0.266285,-1.10245,3.19522,0.278733,-1.18226,3.40203,0.308632,-1.18209,3.4003,0.308872,-1.15295,3.40719,0.278973,-1.15311,3.40893
-0.0469517,1.76862,-1.31833,-1.42792,872439310,0.266273,-1.10186,3.19515,0.294793,-1.10171,3.19349,0.295012,-1.07387,3.19989,0.266492,-1.07402,3.20155,0.278962,-1.15253,3.40886,0.308861,-1.15237,3.40712,0.30909,-1.12318,3.41384,0.279191,-1.12334,3.41557
-0.0324095,1.79386,-1.31166,-0.629868,872439311,0.266491,-1.07348,3.20166,0.295011,-1.07333,3.2,0.295219,-1.04545,3.20623,0.2667,-1.0456,3.20789,0.279191,-1.1228,3.41569,0.30909,-1.12264,3.41395,0.309308,-1.09341,3.42048,0.279409,-1.09357,3.42222
0.00391893,1.81796,-1.30342,-0.549482,872439312,0.265643,-1.03621,3.1757,0.294162,-1.03607,3.17404,0.294382,-1.00816,3.18009,0.265863,-1.00829,3.18175,0.278326,-1.08418,3.39003,0.308225,-1.08404,3.38829,0.308456,-1.05477,3.39464,0.278556,-1.05491,3.39638
0.152717,1.84459,-1.29593,-0.471153,872439313,0.26583,-1.00762,3.18129,0.294349,-1.00749,3.17964,0.294559,-0.979534,3.18551,0.266039,-0.979669,3.18717,0.278523,-1.05425,3.39593,0.308423,-1.05411,3.39419,0.308642,-1.0248,3.40035,0.278743,-1.02494,3.40209
0.193696,1.8719,-1.28803,45.5575,872439314,0.266017,-0.979046,3.1869,0.294536,-0.978912,3.18524,0.294735,-0.950919,3.19094,0.266216,-0.951054,3.1926,0.278721,-1.02432,3.40182,0.30862,-1.02418,3.40008,0.308829,-0.994832,3.40606,0.278929,-0.994973,3.4078
0.306386,1.89993,-1.27969,-7.90417,872439315,0.266204,-0.950472,3.19251,0.294723,-0.950338,3.19085,0.294912,-0.92231,3.19638,0.266393,-0.922445,3.19804,0.278918,-0.994392,3.40771,0.308817,-0.994251,3.40597,0.309015,-0.964867,3.41177,0.279116,-0.965009,3.4135
1.09825,1.9287,-1.27087,22.5434,872439316,0.266391,-0.921902,3.19813,0.294911,-0.921767,3.19647,0.295089,-0.893705,3.20182,0.26657,-0.89384,3.20348,0.279115,-0.964466,3.4136,0.309014,-0.964325,3.41187,0.309201,-0.934906,3.41747,0.279302,-0.935047,3.41921
1.07439,1.95703,-1.26017,4.24313,872439317,0.265661,-0.886364,3.17574,0.294181,-0.886252,3.17408,0.294371,-0.858157,3.17925,0.265852,-0.858269,3.18091,0.278371,-0.927575,3.39147,0.30827,-0.927457,3.38974,0.308469,-0.898003,3.39516,0.27857,-0.89812,3.3969
2.9511,1.98752,-1.25011,0.952222,872439318,0.265818,-0.857619,3.18043,0.294337,-0.857506,3.17878,0.294517,-0.829379,3.18377,0.265997,-0.829492,3.18543,0.278536,-0.89747,3.39643,0.308435,-0.897353,3.39469,0.308624,-0.867865,3.39992,0.278725,-0.867983,3.40166
8.54352,2.01888,-1.23942,1.40633,872439319,0.265974,-0.828878,3.18514,0.294494,-0.828766,3.18348,0.294663,-0.800608,3.1883,0.266144,-0.80072,3.18996,0.278702,-0.86737,3.40138,0.308601,-0.867252,3.39964,0.308778,-0.837732,3.40469,0.278879,-0.83785,3.40643
0.742129,2.05114,-1.22804,1.00953,872439320,0.266131,-0.800142,3.18985,0.294651,-0.80003,3.18819,0.29481,-0.771842,3.19284,0.26629,-0.771954,3.19449,0.278867,-0.837272,3.40633,0.308766,-0.837154,3.40459,0.308933,-0.807603,3.40945,0.279033,-0.80772,3.41119
0.931277,2.08436,-1.2159,15.8856,872439321,0.266288,-0.771409,3.19457,0.294808,-0.771297,3.19291,0.294956,-0.74308,3.19738,0.266437,-0.743193,3.19904,0.279032,-0.807176,3.41128,0.308931,-0.807058,3.40954,0.309087,-0.777476,3.41422,0.279187,-0.777594,3.41596
0.346375,2.11794,-1.20137,27.2145,872439322,0.265677,-0.737337,3.17577,0.294196,-0.737247,3.17411,0.294357,-0.709004,3.1784,0.265837,-0.709094,3.18006,0.278407,-0.771742,3.39269,0.308307,-0.771648,3.39095,0.308475,-0.742037,3.39545,0.278576,-0.742132,3.39719
0.317831,2.15331,-1.18728,31.6204,872439323,0.265802,-0.708458,3.17956,0.294322,-0.708368,3.1779,0.294472,-0.680098,3.18201,0.265952,-0.680188,3.18367,0.278541,-0.741497,3.3967,0.308441,-0.741403,3.39496,0.308598,-0.711765,3.39927,0.278698,-0.711859,3.40101
0.215312,2.18978,-1.17215,68.7597,872439324,0.265929,-0.679584,3.18336,0.294448,-0.679494,3.1817,0.294588,-0.651199,3.18564,0.266068,-0.651289,3.1873,0.278675,-0.711256,3.4007,0.308574,-0.711161,3.39896,0.30872,-0.681497,3.40309,0.278821,-0.681591,3.40483
0.380874,2.22739,-1.15587,-0.265952,872439325,0.266055,-0.650714,3.18717,0.294575,-0.650624,3.18551,0.294704,-0.622304,3.18927,0.266184,-0.622394,3.19093,0.278808,-0.681017,3.4047,0.308707,-0.680923,3.40296,0.308843,-0.651233,3.4069,0.278944,-0.651327,3.40864
-0.053412,2.26619,-1.13831,79.6373,872439326,0.266182,-0.621847,3.19099,0.294701,-0.621757,3.18933,0.29482,-0.593414,3.19291,0.2663,-0.593504,3.19457,0.278941,-0.65078,3.40871,0.308841,-0.650686,3.40697,0.308965,-0.620972,3.41072,0.279066,-0.621066,3.41246
2.22613,2.88292,-0.668383,61.1057,872439339,0.265773,-0.235423,3.17795,0.294293,-0.2354,3.17629,0.294343,-0.20686,3.17755,0.265824,-0.206882,3.17921,0.278556,-0.246474,3.39731,0.308455,-0.246451,3.39556,0.308508,-0.21653,3.39688,0.278609,-0.216553,3.39862
4.12608,2.88292,0.668383,-12.413,872439354,0.294343,0.20686,3.17755,0.294293,0.2354,3.17629,0.265773,0.235423,3.17795,0.265824,0.206882,3.17921,0.308508,0.21653,3.39688,0.308455,0.246451,3.39556,0.278556,0.246474,3.39731,0.278609,0.216553,3.39862
1.80462,2.72692,0.83676,8.12826,872439357,0.294539,0.296346,3.18389,0.29448,0.324858,3.18209,0.26596,0.324903,3.18375,0.266019,0.296391,3.18555,0.308704,0.310153,3.403,0.308641,0.340044,3.40112,0.278742,0.340091,3.40286,0.278804,0.3102,3.40474
1.38858,2.3477,1.09662,18.1097,872439365,0.294424,0.531536,3.18024,0.294304,0.559921,3.17702,0.265784,0.559989,3.17868,0.265904,0.531603,3.1819,0.308566,0.556353,3.39838,0.308439,0.586112,3.39501,0.27854,0.586182,3.39675,0.278666,0.556424,3.40012
0.695562,1.89993,1.27969,21.411,872439378,0.294912,0.92231,3.19638,0.294723,0.950338,3.19085,0.266204,0.950472,3.19251,0.266393,0.922445,3.19804,0.309015,0.964867,3.41177,0.308817,0.994251,3.40597,0.278918,0.994392,3.40771,0.279116,0.965008,3.4135
0.101465,1.73975,-1.29803,0.237036,872439437,0.297808,-1.13023,3.19721,0.326312,-1.13023,3.19531,0.32675,-1.10243,3.20188,0.298245,-1.10243,3.20377,0.312008,-1.18225,3.4105,0.341892,-1.18225,3.40851,0.34235,-1.15311,3.41539,0.312467,-1.15311,3.41738
-0.0611975,1.764,-1.29091,-0.166378,872439438,0.29824,-1.10184,3.2037,0.326745,-1.10184,3.2018,0.32717,-1.074,3.2082,0.298666,-1.074,3.21009,0.312462,-1.15253,3.41732,0.342346,-1.15253,3.41533,0.342792,-1.12334,3.42203,0.312908,-1.12334,3.42402
0.558849,1.78881,-1.28344,7.36338,872439439,0.298673,-1.07346,3.21021,0.327178,-1.07346,3.20831,0.327592,-1.04558,3.21453,0.299087,-1.04558,3.21642,0.312916,-1.1228,3.42413,0.3428,-1.1228,3.42214,0.343234,-1.09357,3.42866,0.31335,-1.09357,3.43065
0.0991719,1.81266,-1.27508,-32.8842,872439440,0.296967,-1.03619,3.18427,0.325472,-1.03619,3.18238,0.325874,-1.00827,3.18842,0.297369,-1.00827,3.19031,0.311206,-1.08418,3.39851,0.34109,-1.08418,3.39652,0.341511,-1.05491,3.40285,0.311627,-1.05491,3.40484
0.188606,1.83879,-1.26674,-2.52643,872439441,0.297338,-1.00761,3.18986,0.325843,-1.00761,3.18796,0.326233,-0.979652,3.19383,0.297728,-0.979652,3.19573,0.311597,-1.05425,3.40439,0.341481,-1.05425,3.4024,0.34189,-1.02494,3.40856,0.312006,-1.02494,3.41054
0.250451,1.86557,-1.25796,-17.9271,872439442,0.29771,-0.97903,3.19545,0.326215,-0.97903,3.19356,0.326594,-0.951038,3.19925,0.298089,-0.951038,3.20115,0.311988,-1.02432,3.41027,0.341872,-1.02432,3.40829,0.342269,-0.99497,3.41425,0.312385,-0.99497,3.41624
2.2798,1.89301,-1.24869,-5.27774,872439443,0.298083,-0.950456,3.20106,0.326588,-0.950456,3.19916,0.326954,-0.922428,3.20468,0.298449,-0.922428,3.20657,0.312379,-0.994389,3.41616,0.342263,-0.994389,3.41417,0.342648,-0.965005,3.41995,0.312764,-0.965005,3.42194
2.55737,1.92115,-1.2389,0.841943,872439444,0.298456,-0.921886,3.20667,0.326961,-0.921886,3.20477,0.327316,-0.893824,3.21011,0.298811,-0.893824,3.21201,0.31277,-0.964463,3.42204,0.342654,-0.964463,3.42005,0.343026,-0.935044,3.42565,0.313142,-0.935044,3.42764
0.506188,1.94902,-1.2279,18.305,872439445,0.296986,-0.886351,3.1843,0.325491,-0.886351,3.18241,0.325834,-0.858256,3.18757,0.297329,-0.858256,3.18946,0.311297,-0.927572,3.39993,0.341182,-0.927572,3.39795,0.341541,-0.898118,3.40336,0.311657,-0.898118,3.40535
5.37422,1.97878,-1.21683,-2.20553,872439446,0.297297,-0.857605,3.18899,0.325803,-0.857605,3.1871,0.326134,-0.829478,3.19209,0.297628,-0.829478,3.19398,0.311625,-0.897468,3.40488,0.34151,-0.897468,3.40289,0.341857,-0.86798,3.40812,0.311973,-0.86798,3.41011
1.76444,2.00933,-1.20508,-5.62816,872439447,0.297609,-0.828865,3.19369,0.326114,-0.828865,3.19179,0.326434,-0.800707,3.19661,0.297928,-0.800707,3.1985,0.311953,-0.867367,3.40982,0.341838,-0.867367,3.40784,0.342173,-0.837847,3.41288,0.312288,-0.837847,3.41486
0.734652,2.04071,-1.19258,-29.6208,872439448,0.297921,-0.800129,3.19839,0.326427,-0.800129,3.1965,0.326734,-0.771941,3.20113,0.298229,-0.771941,3.20303,0.312281,-0.837269,3.41476,0.342166,-0.837269,3.41278,0.342488,-0.807718,3.41764,0.312604,-0.807718,3.41962
-0.0121936,2.07295,-1.17927,-0.457007,872439449,0.298234,-0.771396,3.2031,0.326739,-0.771396,3.20121,0.327035,-0.743179,3.20567,0.29853,-0.743179,3.20756,0.312609,-0.807173,3.4197,0.342494,-0.807173,3.41772,0.342804,-0.777592,3.42239,0.31292,-0.777592,3.42438
0.336352,2.10572,-1.16421,38.4377,872439450,0.297002,-0.737327,3.18432,0.325507,-0.737327,3.18243,0.325791,-0.709083,3.18671,0.297286,-0.709083,3.1886,0.311375,-0.77174,3.40114,0.341259,-0.77174,3.39916,0.341557,-0.74213,3.40365,0.311672,-0.74213,3.40563
0.612,2.13993,-1.1489,-20.4979,872439451,0.297253,-0.708447,3.18811,0.325758,-0.708447,3.18622,0.32603,-0.680177,3.19032,0.297525,-0.680177,3.19221,0.31164,-0.741495,3.40514,0.341524,-0.741495,3.40316,0.341809,-0.711857,3.40746,0.311925,-0.711857,3.40944
0.250557,2.1751,-1.1325,0.606326,872439452,0.297504,-0.679574,3.1919,0.32601,-0.679574,3.19001,0.32627,-0.651278,3.19394,0.297765,-0.651278,3.19583,0.311905,-0.711254,3.40914,0.341789,-0.711254,3.40716,0.342062,-0.681589,3.41127,0.312177,-0.681589,3.41325
3.0101,2.8179,-0.617428,52.8762,872439467,0.297169,-0.23542,3.18648,0.325675,-0.23542,3.1846,0.325758,-0.20688,3.18585,0.297252,-0.20688,3.18774,0.311672,-0.246474,3.40573,0.341557,-0.246474,3.40375,0.341644,-0.216553,3.40507,0.311759,-0.216553,3.40704
0.155136,1.73258,-1.27406,0.189762,872439565,0.326863,-1.13023,3.19528,0.355355,-1.13019,3.19321,0.355795,-1.10239,3.19977,0.327302,-1.10243,3.20185,0.342443,-1.18225,3.40848,0.372314,-1.18221,3.4063,0.372774,-1.15307,3.41319,0.342903,-1.15311,3.41536
-0.0903259,1.75648,-1.26642,-0.950157,872439566,0.327295,-1.10185,3.20178,0.355788,-1.10181,3.1997,0.356214,-1.07397,3.2061,0.327722,-1.07401,3.20817,0.342897,-1.15253,3.41529,0.372768,-1.15249,3.41312,0.373215,-1.1233,3.41982,0.343344,-1.12334,3.422
-0.0175868,1.78091,-1.25841,-79.2485,872439567,0.327728,-1.07347,3.20828,0.356221,-1.07343,3.20621,0.356635,-1.04555,3.21242,0.328142,-1.04559,3.2145,0.343351,-1.1228,3.42211,0.373222,-1.12276,3.41994,0.373656,-1.09353,3.42646,0.343785,-1.09357,3.42863
0.0492014,1.80428,-1.24928,-0.00859904,872439568,0.326022,-1.03619,3.18235,0.354515,-1.03616,3.18028,0.354921,-1.00824,3.18632,0.326428,-1.00828,3.18839,0.34164,-1.08418,3.39649,0.371512,-1.08415,3.39432,0.371937,-1.05488,3.40065,0.342066,-1.05491,3.40282
0.197784,1.82997,-1.24035,0.204754,872439569,0.326394,-1.00761,3.18794,0.354886,-1.00758,3.18587,0.35528,-0.97962,3.19173,0.326787,-0.979654,3.1938,0.342032,-1.05425,3.40237,0.371903,-1.05421,3.4002,0.372315,-1.0249,3.40635,0.342444,-1.02494,3.40852
0.217777,1.85627,-1.23094,37.4944,872439570,0.326766,-0.979032,3.19353,0.355258,-0.978998,3.19146,0.355639,-0.951005,3.19715,0.327146,-0.951039,3.19922,0.342423,-1.02432,3.40825,0.372294,-1.02428,3.40608,0.372693,-0.994935,3.41205,0.342822,-0.994971,3.41422
3.64389,1.8832,-1.22104,-0.562352,872439571,0.327138,-0.950458,3.19913,0.355631,-0.950424,3.19706,0.355999,-0.922396,3.20258,0.327506,-0.92243,3.20465,0.342814,-0.99439,3.41414,0.372685,-0.994355,3.41197,0.373071,-0.964971,3.41775,0.3432,-0.965006,3.41992
5.42311,1.91078,-1.21058,-0.240308,872439572,0.327511,-0.921887,3.20475,0.356004,-0.921854,3.20267,0.356359,-0.893792,3.20802,0.327866,-0.893825,3.21009,0.343205,-0.964464,3.42002,0.373076,-0.964429,3.41785,0.373448,-0.935009,3.42345,0.343577,-0.935044,3.42562
0.665129,1.93795,-1.19867,-8.92626,872439573,0.326042,-0.886352,3.18238,0.354534,-0.886324,3.18031,0.354882,-0.858229,3.18548,0.326389,-0.858257,3.18754,0.341732,-0.927573,3.39792,0.371603,-0.927543,3.39575,0.371967,-0.898089,3.40116,0.342096,-0.898118,3.40333
10.6173,1.96704,-1.18687,-0.229193,872439574,0.326353,-0.857607,3.18707,0.354846,-0.857578,3.185,0.35518,-0.829451,3.18999,0.326687,-0.829479,3.19206,0.34206,-0.897468,3.40286,0.371932,-0.897439,3.40069,0.372282,-0.867951,3.40592,0.342411,-0.867981,3.40809
1.76327,1.99687,-1.17435,15.3896,872439575,0.326665,-0.828866,3.19177,0.355158,-0.828838,3.1897,0.355479,-0.80068,3.19451,0.326986,-0.800708,3.19658,0.342388,-0.867368,3.4078,0.37226,-0.867338,3.40563,0.372597,-0.837818,3.41068,0.342725,-0.837848,3.41285
0.630697,2.02746,-1.16107,9.57736,872439576,0.326977,-0.80013,3.19647,0.35547,-0.800102,3.1944,0.355779,-0.771914,3.19904,0.327286,-0.771942,3.20111,0.342716,-0.83727,3.41275,0.372588,-0.83724,3.41058,0.372911,-0.807689,3.41544,0.34304,-0.807719,3.41761
-0.12134,2.05884,-1.14694,-0.560175,872439577,0.32729,-0.771397,3.20118,0.355783,-0.771369,3.19911,0.356078,-0.743152,3.20357,0.327585,-0.743181,3.20564,0.343044,-0.807174,3.41769,0.372916,-0.807144,3.41552,0.373226,-0.777563,3.42019,0.343355,-0.777592,3.42236
-0.0484406,2.09052,-1.13082,-0.024402,872439578,0.326057,-0.737328,3.1824,0.35455,-0.737305,3.18034,0.354839,-0.709061,3.18462,0.326346,-0.709084,3.18669,0.341809,-0.77174,3.39913,0.371681,-0.771717,3.39696,0.371983,-0.742107,3.40145,0.342112,-0.74213,3.40362
-0.330513,2.12367,-1.11462,0.125703,872439579,0.326308,-0.708449,3.18619,0.354801,-0.708426,3.18412,0.355077,-0.680156,3.18823,0.326584,-0.680178,3.19029,0.342074,-0.741495,3.40313,0.371946,-0.741472,3.40096,0.372235,-0.711834,3.40526,0.342363,-0.711857,3.40743
0.0147994,2.15769,-1.0973,-0.509519,872439580,0.32656,-0.679575,3.18998,0.355053,-0.679552,3.18792,0.355316,-0.651256,3.19184,0.326822,-0.651279,3.19391,0.34234,-0.711254,3.40712,0.372211,-0.71123,3.40496,0.372486,-0.681566,3.40907,0.342615,-0.68159,3.41124
1.04497,2.42145,-0.931419,2.13907,872439587,0.326836,-0.473054,3.19399,0.355329,-0.473037,3.19192,0.355507,-0.444596,3.19461,0.327014,-0.444613,3.19667,0.34268,-0.495132,3.41231,0.372552,-0.495114,3.41014,0.372738,-0.465297,3.41295,0.342866,-0.465315,3.41512
1.26795,2.67566,-0.687258,17.6985,872439593,0.326085,-0.293632,3.18245,0.354578,-0.293626,3.18038,0.354689,-0.265104,3.18199,0.326196,-0.26511,3.18406,0.341956,-0.307446,3.40144,0.371828,-0.30744,3.39928,0.371944,-0.277538,3.40096,0.342073,-0.277544,3.40313
1.92491,2.71689,-0.633878,2.59656,872439594,0.326155,-0.264524,3.1835,0.354648,-0.264518,3.18144,0.354746,-0.235986,3.18287,0.326253,-0.235992,3.18493,0.342032,-0.276958,3.40258,0.371904,-0.276952,3.40042,0.372006,-0.24704,3.40192,0.342135,-0.247046,3.40408
3.82588,2.93018,-0.0457772,4.49872,872439602,0.326129,-0.0298764,3.18308,0.354622,-0.0298764,3.18101,0.354622,-0.00130836,3.18101,0.326129,-0.00130836,3.18308,0.342026,-0.0312592,3.4025,0.371898,-0.0312591,3.40034,0.371898,-0.00130914,3.40034,0.342026,-0.00130915,3.4025
1.95071,2.93018,0.0457772,11.8811,872439603,0.354622,0.00130836,3.18101,0.354622,0.0298764,3.18101,0.326129,0.0298764,3.18308,0.326129,0.00130836,3.18308,0.371898,0.00130914,3.40034,0.371898,0.0312591,3.40034,0.342026,0.0312592,3.4025,0.342026,0.00130915,3.4025
6.99126,2.67566,0.687258,9.11663,872439612,0.354689,0.265104,3.18199,0.354578,0.293626,3.18038,0.326085,0.293632,3.18245,0.326196,0.26511,3.18406,0.371944,0.277538,3.40096,0.371828,0.30744,3.39928,0.341956,0.307446,3.40144,0.342073,0.277544,3.40313
1.80748,2.63233,0.738968,32.1982,872439613,0.355215,0.296375,3.19009,0.355097,0.324887,3.1883,0.326604,0.324898,3.19036,0.326722,0.296386,3.19215,0.372472,0.310187,3.40898,0.372348,0.340078,3.4071,0.342476,0.34009,3.40927,0.3426,0.310199,3.41115
0.992702,2.46329,0.897621,-23.3909,872439617,0.354742,0.412647,3.18288,0.354572,0.441105,3.18037,0.326079,0.441116,3.18244,0.326249,0.412659,3.18494,0.371971,0.431973,3.40135,0.371793,0.461808,3.39873,0.341921,0.461819,3.40089,0.3421,0.431985,3.40352
1.62488,2.1926,1.07876,18.5837,872439624,0.355555,0.622362,3.19547,0.355305,0.650682,3.19172,0.326812,0.650704,3.19379,0.327062,0.622385,3.19754,0.372738,0.651302,3.41288,0.372476,0.680992,3.40895,0.342605,0.681015,3.41112,0.342866,0.651326,3.41505
-0.311676,1.72493,-1.25043,-2.17565,872439693,0.355921,-1.13023,3.19336,0.3844,-1.13015,3.19112,0.384842,-1.10236,3.19768,0.356363,-1.10243,3.19993,0.37288,-1.18226,3.40645,0.402737,-1.18217,3.4041,0.4032,-1.15303,3.41098,0.373343,-1.15311,3.41334
-0.11212,1.74846,-1.2423,4.74143,872439694,0.356354,-1.10185,3.19986,0.384833,-1.10177,3.19761,0.385261,-1.07393,3.204,0.356781,-1.07401,3.20625,0.373334,-1.15253,3.41327,0.403191,-1.15245,3.41092,0.40364,-1.12326,3.41762,0.373783,-1.12334,3.41997
0.332817,1.77251,-1.23378,-13.659,872439695,0.356787,-1.07347,3.20636,0.385266,-1.07339,3.20411,0.38568,-1.04551,3.21033,0.357201,-1.04559,3.21258,0.373788,-1.1228,3.42009,0.403645,-1.12272,3.41773,0.404079,-1.09349,3.42425,0.374222,-1.09357,3.42661
0.037621,1.79536,-1.22391,-0.601001,872439696,0.355081,-1.0362,3.18043,0.38356,-1.03613,3.17819,0.383971,-1.00821,3.18423,0.355491,-1.00828,3.18648,0.372077,-1.08418,3.39447,0.401935,-1.08411,3.39211,0.402365,-1.05484,3.39845,0.372508,-1.05491,3.4008
-0.0319523,1.82059,-1.21442,-0.066271,872439697,0.355452,-1.00761,3.18602,0.383932,-1.00755,3.18378,0.384328,-0.97959,3.18964,0.355849,-0.979657,3.19189,0.372469,-1.05425,3.40035,0.402326,-1.05418,3.398,0.402742,-1.02487,3.40415,0.372885,-1.02494,3.4065
0.26812,1.84639,-1.20444,-29.773,872439698,0.355824,-0.979035,3.19162,0.384304,-0.978968,3.18937,0.384686,-0.950975,3.19506,0.356207,-0.951042,3.19731,0.37286,-1.02432,3.40624,0.402717,-1.02425,3.40388,0.403119,-0.994901,3.40985,0.373262,-0.994971,3.4122
0.354006,1.87278,-1.19393,-13.8928,872439699,0.356197,-0.950461,3.19722,0.384676,-0.950394,3.19497,0.385045,-0.922366,3.20049,0.356566,-0.922433,3.20274,0.373252,-0.994391,3.41212,0.403109,-0.99432,3.40976,0.403495,-0.964936,3.41555,0.373638,-0.965007,3.4179
2.74043,1.89979,-1.18285,1.20704,872439700,0.35657,-0.92189,3.20283,0.385049,-0.921823,3.20058,0.385404,-0.893761,3.20593,0.356925,-0.893828,3.20817,0.373643,-0.964465,3.418,0.4035,-0.964394,3.41565,0.403872,-0.934975,3.42124,0.374015,-0.935045,3.4236
1.81801,1.92621,-1.17009,4.46608,872439701,0.3551,-0.886355,3.18047,0.38358,-0.886299,3.17822,0.383932,-0.858204,3.18339,0.355452,-0.85826,3.18563,0.372169,-0.927573,3.3959,0.402026,-0.927514,3.39355,0.402395,-0.89806,3.39896,0.372538,-0.898119,3.40132
2.7528,1.95461,-1.15761,-14.1226,872439702,0.355412,-0.857609,3.18516,0.383891,-0.857553,3.18291,0.384229,-0.829426,3.1879,0.35575,-0.829482,3.19015,0.372498,-0.897469,3.40085,0.402355,-0.89741,3.39849,0.402709,-0.867922,3.40372,0.372852,-0.867981,3.40607
2.82074,1.98368,-1.14439,-6.60192,872439703,0.355723,-0.828869,3.18985,0.384203,-0.828813,3.18761,0.384527,-0.800655,3.19242,0.356047,-0.800711,3.19467,0.372826,-0.867368,3.40579,0.402683,-0.867309,3.40343,0.403023,-0.837789,3.40848,0.373166,-0.837848,3.41083
0.743216,2.01346,-1.13039,2.87504,872439704,0.356036,-0.800133,3.19456,0.384515,-0.800077,3.19231,0.384825,-0.771889,3.19695,0.356346,-0.771945,3.19919,0.373154,-0.837271,3.41073,0.403012,-0.837212,3.40837,0.403336,-0.80766,3.41323,0.373479,-0.807719,3.41559
0.0893261,2.04395,-1.11552,-0.429964,872439705,0.356349,-0.7714,3.19927,0.384828,-0.771343,3.19703,0.385124,-0.743127,3.20148,0.356644,-0.743183,3.20373,0.373482,-0.807174,3.41567,0.40334,-0.807115,3.41332,0.40365,-0.777534,3.41799,0.373793,-0.777593,3.42035
0.732086,2.07452,-1.09844,-17.1672,872439706,0.355116,-0.73733,3.1805,0.383596,-0.737285,3.17825,0.383889,-0.709041,3.18253,0.355409,-0.709086,3.18478,0.372247,-0.771741,3.39712,0.402104,-0.771694,3.39476,0.402411,-0.742084,3.39925,0.372554,-0.742131,3.4016
-0.075391,2.1066,-1.08145,-0.401705,872439707,0.355367,-0.708451,3.18428,0.383847,-0.708406,3.18204,0.384126,-0.680135,3.18614,0.355646,-0.680181,3.18839,0.372512,-0.741496,3.40111,0.402369,-0.741449,3.39876,0.402662,-0.711811,3.40306,0.372804,-0.711858,3.40542
0.272927,2.13944,-1.06333,-27.5272,872439708,0.355619,-0.679577,3.18807,0.384099,-0.679532,3.18583,0.384363,-0.651236,3.18976,0.355884,-0.651281,3.192,0.372777,-0.711255,3.40511,0.402635,-0.711207,3.40276,0.402912,-0.681543,3.40687,0.373055,-0.68159,3.40923
0.746137,2.20745,-1.02327,-46.47,872439710,0.356124,-0.621839,3.19569,0.384603,-0.621794,3.19344,0.38484,-0.593452,3.19701,0.35636,-0.593497,3.19926,0.373308,-0.650779,3.4131,0.403165,-0.650732,3.41075,0.403413,-0.621018,3.41449,0.373556,-0.621065,3.41685
0.665761,2.46867,-0.822156,54.217,872439717,0.355268,-0.412057,3.1825,0.383748,-0.412034,3.18026,0.383909,-0.383562,3.18258,0.355429,-0.383584,3.18483,0.372498,-0.431383,3.40098,0.402355,-0.431359,3.39862,0.402524,-0.401509,3.40106,0.372666,-0.401533,3.40341
0.898023,2.84832,-0.0421817,11.8923,872439730,0.355188,-0.0298764,3.18117,0.383668,-0.0298764,3.17893,0.383668,-0.00130836,3.17893,0.355188,-0.00130836,3.18117,0.372464,-0.0312591,3.40049,0.402322,-0.0312591,3.39814,0.402322,-0.00130914,3.39814,0.372464,-0.00130915,3.40049
1.25321,2.31527,0.949622,14.5758,872439748,0.384196,0.502565,3.18708,0.383991,0.53097,3.18404,0.355511,0.531004,3.18628,0.355717,0.502599,3.18932,0.402787,0.526015,3.40504,0.402572,0.555794,3.40185,0.372714,0.555829,3.4042,0.37293,0.52605,3.40739
0.394849,1.83595,-1.17845,-23.1106,872439826,0.384887,-0.97904,3.18971,0.413352,-0.978939,3.18729,0.413737,-0.950946,3.19298,0.385273,-0.951047,3.1954,0.403302,-1.02432,3.40422,0.433144,-1.02421,3.40168,0.433547,-0.994866,3.40764,0.403705,-0.994972,3.41018
0.755205,1.86179,-1.16738,12.1355,872439827,0.38526,-0.950466,3.19531,0.413725,-0.950365,3.19289,0.414095,-0.922337,3.19841,0.38563,-0.922438,3.20083,0.403693,-0.994392,3.4101,0.433535,-0.994286,3.40756,0.433923,-0.964902,3.41334,0.404081,-0.965008,3.41588
8.91537,1.8882,-1.15573,0.513992,872439828,0.385633,-0.921895,3.20092,0.414098,-0.921794,3.1985,0.414453,-0.893732,3.20384,0.385988,-0.893833,3.20627,0.404084,-0.964466,3.41598,0.433926,-0.96436,3.41344,0.434298,-0.93494,3.41904,0.404456,-0.935046,3.42158
8.38039,1.91385,-1.14219,0.0709645,872439829,0.384164,-0.886359,3.17857,0.412629,-0.886275,3.17614,0.412985,-0.85818,3.18131,0.38452,-0.858264,3.18373,0.40261,-0.927574,3.39389,0.432452,-0.927486,3.39135,0.432826,-0.898031,3.39676,0.402984,-0.89812,3.3993
0.99873,1.94154,-1.12908,-0.0761157,872439830,0.384475,-0.857613,3.18325,0.41294,-0.857529,3.18083,0.413281,-0.829402,3.18582,0.384816,-0.829486,3.18824,0.402939,-0.89747,3.39883,0.432781,-0.897381,3.39629,0.433139,-0.867894,3.40152,0.403297,-0.867982,3.40406
5.86007,1.96984,-1.11523,0.796772,872439831,0.384787,-0.828873,3.18795,0.413252,-0.828789,3.18553,0.413578,-0.800631,3.19034,0.385113,-0.800715,3.19276,0.403267,-0.867369,3.40377,0.43311,-0.867281,3.40123,0.433451,-0.837761,3.40628,0.403609,-0.837849,3.40882
1.90003,1.99879,-1.10057,-1.31644,872439832,0.385099,-0.800137,3.19266,0.413564,-0.800052,3.19023,0.413875,-0.771865,3.19487,0.38541,-0.771949,3.19729,0.403596,-0.837271,3.40871,0.433438,-0.837183,3.40617,0.433764,-0.807632,3.41103,0.403922,-0.80772,3.41357
0.356645,2.02837,-1.08504,-0.540091,872439833,0.385412,-0.771404,3.19737,0.413877,-0.771319,3.19495,0.414173,-0.743103,3.1994,0.385708,-0.743187,3.20183,0.403924,-0.807175,3.41365,0.433766,-0.807086,3.41112,0.434076,-0.777505,3.41579,0.404234,-0.777594,3.41833
0.375485,2.05781,-1.06709,-17.2007,872439834,0.38418,-0.737333,3.17859,0.412645,-0.737266,3.17617,0.412942,-0.709022,3.18045,0.384477,-0.709089,3.18288,0.402688,-0.771741,3.3951,0.43253,-0.771671,3.39256,0.432842,-0.74206,3.39705,0.403,-0.742131,3.39959
-0.114232,2.0888,-1.04941,0.164026,872439835,0.384431,-0.708454,3.18238,0.412896,-0.708387,3.17996,0.413178,-0.680116,3.18406,0.384713,-0.680184,3.18648,0.402954,-0.741496,3.3991,0.432796,-0.741426,3.39656,0.433092,-0.711788,3.40086,0.40325,-0.711859,3.4034
0.00372512,2.12046,-1.03059,-0.698159,872439836,0.384683,-0.67958,3.18617,0.413148,-0.679512,3.18375,0.413415,-0.651217,3.18768,0.38495,-0.651284,3.1901,0.403219,-0.711255,3.4031,0.433061,-0.711184,3.40056,0.433341,-0.68152,3.40467,0.403499,-0.681591,3.40721
1.14775,2.60893,-0.56067,8.43773,872439850,0.384278,-0.264525,3.1797,0.412743,-0.264508,3.17728,0.412848,-0.235976,3.17871,0.384383,-0.235993,3.18113,0.402912,-0.276958,3.39856,0.432754,-0.27694,3.39602,0.432864,-0.247028,3.39752,0.403022,-0.247046,3.40006
2.52838,2.77265,-0.0391092,50.2741,872439858,0.384252,-0.0298764,3.17928,0.412718,-0.0298764,3.17685,0.412718,-0.00130836,3.17685,0.384252,-0.00130836,3.17928,0.402907,-0.0312592,3.39848,0.432749,-0.0312591,3.39595,0.432749,-0.00130914,3.39595,0.402907,-0.00130915,3.39848
1.90341,2.60893,0.56067,-6.51625,872439867,0.412848,0.235976,3.17871,0.412743,0.264508,3.17728,0.384278,0.264525,3.1797,0.384383,0.235993,3.18113,0.432864,0.247028,3.39752,0.432754,0.27694,3.39602,0.402912,0.276958,3.39856,0.403022,0.247046,3.40006
0.370821,1.7083,-1.20427,-0.312647,872439949,0.414053,-1.13025,3.18955,0.442502,-1.13009,3.18696,0.442948,-1.10229,3.19352,0.414499,-1.10245,3.19612,0.433767,-1.18226,3.40241,0.463593,-1.18209,3.39969,0.46406,-1.15295,3.40657,0.434235,-1.15311,3.40929
1.08916,1.82501,-1.15301,4.41974,872439954,0.413956,-0.979046,3.18781,0.442406,-0.978912,3.18521,0.442793,-0.950919,3.19091,0.414344,-0.951054,3.1935,0.433748,-1.02432,3.4022,0.463574,-1.02418,3.39947,0.46398,-0.994832,3.40544,0.434154,-0.994973,3.40816
2.08592,1.85028,-1.14142,0.267624,872439955,0.414329,-0.950472,3.19342,0.442778,-0.950338,3.19082,0.443149,-0.92231,3.19633,0.4147,-0.922445,3.19893,0.43414,-0.994392,3.40808,0.463965,-0.994251,3.40536,0.464354,-0.964867,3.41114,0.434529,-0.965008,3.41386
2.79425,1.87607,-1.12924,0.658813,872439956,0.414702,-0.921902,3.19903,0.443151,-0.921767,3.19643,0.443506,-0.893705,3.20177,0.415057,-0.89384,3.20437,0.434531,-0.964466,3.41396,0.464356,-0.964325,3.41124,0.464728,-0.934906,3.41684,0.434903,-0.935047,3.41956
1.57641,1.90093,-1.11497,2.10785,872439957,0.413233,-0.886364,3.17667,0.441682,-0.886252,3.17407,0.442043,-0.858157,3.17923,0.413594,-0.858269,3.18183,0.433056,-0.927575,3.39187,0.462882,-0.927457,3.38914,0.46326,-0.898003,3.39456,0.433435,-0.89812,3.39728
0.740094,1.92789,-1.10129,8.44649,872439958,0.413544,-0.857619,3.18136,0.441994,-0.857506,3.17876,0.442338,-0.829379,3.18375,0.413889,-0.829492,3.18635,0.433385,-0.89747,3.39681,0.463211,-0.897353,3.39409,0.463572,-0.867865,3.39932,0.433747,-0.867982,3.40204
0.868524,1.95541,-1.08686,2.34002,872439959,0.413856,-0.828878,3.18606,0.442305,-0.828766,3.18346,0.442634,-0.800608,3.18827,0.414184,-0.80072,3.19087,0.433714,-0.86737,3.40175,0.46354,-0.867252,3.39903,0.463884,-0.837732,3.40407,0.434058,-0.83785,3.4068
0.29528,1.98351,-1.07162,-0.559433,872439960,0.414168,-0.800142,3.19076,0.442618,-0.80003,3.18816,0.44293,-0.771842,3.1928,0.41448,-0.771954,3.1954,0.434043,-0.837272,3.4067,0.463868,-0.837154,3.40397,0.464195,-0.807603,3.40883,0.43437,-0.80772,3.41156
0.0425338,2.01218,-1.0555,-78.0966,872439961,0.414481,-0.771409,3.19547,0.44293,-0.771297,3.19287,0.443226,-0.74308,3.19733,0.414777,-0.743193,3.19993,0.434371,-0.807176,3.41164,0.464196,-0.807058,3.40891,0.464507,-0.777476,3.41359,0.434681,-0.777594,3.41631
0.542214,2.04048,-1.03678,-32.3332,872439962,0.413249,-0.737337,3.1767,0.441699,-0.737247,3.1741,0.442,-0.709004,3.17838,0.413551,-0.709094,3.18098,0.433134,-0.771742,3.39309,0.46296,-0.771648,3.39036,0.463276,-0.742037,3.39485,0.433451,-0.742132,3.39758
0.579814,2.07037,-1.01849,-48.9288,872439963,0.4135,-0.708458,3.18049,0.44195,-0.708368,3.17789,0.442235,-0.680098,3.18199,0.413786,-0.680188,3.18459,0.4334,-0.741497,3.39709,0.463226,-0.741403,3.39436,0.463525,-0.711765,3.39866,0.4337,-0.711859,3.40139
0.0149414,2.10085,-0.999077,-0.583951,872439964,0.413752,-0.679584,3.18428,0.442201,-0.679494,3.18168,0.442471,-0.651199,3.18561,0.414021,-0.651289,3.18821,0.433666,-0.711256,3.40108,0.463491,-0.711161,3.39836,0.463774,-0.681497,3.40247,0.433948,-0.681591,3.4052
1.59834,2.68839,-0.171003,26.4563,872439984,0.4133,-0.0881146,3.17706,0.441749,-0.0881146,3.17446,0.441782,-0.0595489,3.17481,0.413333,-0.0595489,3.17741,0.433329,-0.0922618,3.39611,0.463154,-0.0922618,3.39338,0.463189,-0.0623142,3.39376,0.433363,-0.0623142,3.39648
0.272674,2.69758,-0.104197,0.523666,872439985,0.413311,-0.0589946,3.17722,0.44176,-0.0589946,3.17462,0.441776,-0.0304272,3.1748,0.413327,-0.0304272,3.1774,0.433341,-0.0617596,3.39629,0.463167,-0.0617597,3.39356,0.463184,-0.0318103,3.39375,0.433358,-0.0318102,3.39648
1.89819,2.70233,-0.0364532,4.832,872439986,0.413322,-0.0298764,3.17739,0.441771,-0.0298764,3.17479,0.441771,-0.00130836,3.17479,0.413322,-0.00130836,3.17739,0.433354,-0.0312592,3.39648,0.463179,-0.0312591,3.39375,0.463179,-0.00130914,3.39375,0.433354,-0.00130915,3.39648
2.92541,2.58605,0.477203,26.38,872439994,0.441959,0.20686,3.17753,0.441867,0.2354,3.17628,0.413418,0.235423,3.17888,0.41351,0.206882,3.18013,0.463356,0.21653,3.39628,0.46326,0.246451,3.39496,0.433434,0.246474,3.39769,0.433531,0.216553,3.399
0.89168,2.36177,0.784558,12.5083,872440001,0.441904,0.412619,3.17665,0.441721,0.441076,3.17414,0.413271,0.441121,3.17674,0.413455,0.412664,3.17925,0.463265,0.431939,3.39476,0.463073,0.461773,3.39213,0.433247,0.46182,3.39486,0.43344,0.431986,3.39748
0.332182,1.76876,-1.14811,-0.0569066,872440080,0.445287,-1.03619,3.18903,0.473714,-1.03619,3.18619,0.474315,-1.00827,3.19222,0.445888,-1.00827,3.19505,0.46659,-1.08418,3.40268,0.496392,-1.08418,3.3997,0.497022,-1.05491,3.40602,0.46722,-1.05491,3.40899
0.980931,1.81645,-1.12523,8.03164,872440082,0.446399,-0.97903,3.20018,0.474826,-0.97903,3.19735,0.475392,-0.951038,3.20302,0.446965,-0.951038,3.20586,0.46776,-1.02432,3.41441,0.497562,-1.02432,3.41144,0.498156,-0.99497,3.41739,0.468353,-0.99497,3.42036
5.61464,1.84099,-1.11296,0.450481,872440083,0.446956,-0.950456,3.20577,0.475383,-0.950456,3.20293,0.475932,-0.922428,3.20844,0.447505,-0.922428,3.21127,0.468345,-0.994389,3.42028,0.498147,-0.994389,3.41731,0.498722,-0.965005,3.42307,0.46892,-0.965005,3.42605
30.7862,1.86599,-1.10007,-0.0436683,872440084,0.447514,-0.921886,3.21136,0.475941,-0.921886,3.20853,0.476472,-0.893824,3.21386,0.448045,-0.893824,3.21669,0.46893,-0.964463,3.42614,0.498732,-0.964463,3.42317,0.499289,-0.935044,3.42876,0.469487,-0.935043,3.43173
1.80101,1.89035,-1.08572,6.57967,872440085,0.445307,-0.886351,3.18906,0.473734,-0.886351,3.18622,0.474247,-0.858256,3.19137,0.44582,-0.858256,3.19421,0.466728,-0.927572,3.4041,0.496531,-0.927572,3.40113,0.497069,-0.898118,3.40653,0.467266,-0.898118,3.4095
1.07866,1.91642,-1.07134,0.787961,872440086,0.445773,-0.857605,3.19373,0.4742,-0.857605,3.1909,0.474696,-0.829478,3.19588,0.446268,-0.829478,3.19871,0.467219,-0.897468,3.40903,0.497022,-0.897468,3.40606,0.497541,-0.86798,3.41128,0.467739,-0.86798,3.41424
0.171149,1.94298,-1.0562,-53.4639,872440087,0.446239,-0.828865,3.19842,0.474667,-0.828865,3.19558,0.475145,-0.800707,3.20038,0.446717,-0.800707,3.20321,0.46771,-0.867367,3.41396,0.497513,-0.867367,3.41099,0.498014,-0.837847,3.41602,0.468211,-0.837847,3.41899
0.000654569,1.97004,-1.04023,-0.345979,872440088,0.446707,-0.800129,3.20311,0.475134,-0.800129,3.20028,0.475595,-0.771941,3.2049,0.447167,-0.771941,3.20773,0.468201,-0.837269,3.41889,0.498004,-0.837269,3.41592,0.498486,-0.807718,3.42076,0.468684,-0.807718,3.42373
0.458022,1.9976,-1.02338,5.82438,872440089,0.447175,-0.771396,3.20781,0.475602,-0.771396,3.20498,0.476045,-0.743179,3.20942,0.447618,-0.743179,3.21225,0.468692,-0.807173,3.42381,0.498495,-0.807173,3.42085,0.498959,-0.777592,3.42551,0.469156,-0.777592,3.42848
0.517713,2.11229,-0.944149,-11.7642,872440093,0.446453,-0.650703,3.20043,0.474881,-0.650703,3.1976,0.475253,-0.622384,3.20134,0.446825,-0.622384,3.20417,0.468035,-0.681015,3.41726,0.497838,-0.681015,3.4143,0.498228,-0.651325,3.41822,0.468426,-0.651325,3.42118
3.428,2.53249,-0.448275,49.4382,872440107,0.445562,-0.23542,3.19123,0.47399,-0.23542,3.1884,0.474114,-0.20688,3.18965,0.445686,-0.20688,3.19248,0.467294,-0.246474,3.40988,0.497097,-0.246474,3.40692,0.497227,-0.216553,3.40823,0.467424,-0.216553,3.41119
2.34363,2.63046,-0.0969722,-5.55961,872440113,0.4454,-0.0589946,3.18957,0.473828,-0.0589946,3.18675,0.473846,-0.0304272,3.18693,0.445418,-0.0304272,3.18975,0.467154,-0.0617596,3.40848,0.496957,-0.0617597,3.40552,0.496976,-0.0318103,3.40571,0.467173,-0.0318102,3.40867
0.748429,2.63456,0.0339106,16.0625,872440115,0.473845,0.00130835,3.18692,0.473845,0.0298764,3.18692,0.445417,0.0298764,3.18974,0.445417,0.00130836,3.18974,0.496975,0.00130914,3.4057,0.496975,0.0312591,3.4057,0.467172,0.0312592,3.40866,0.467172,0.00130915,3.40866
-0.191614,2.57708,0.340411,1.32509,872440120,0.474293,0.148667,3.19145,0.474204,0.177221,3.19056,0.445776,0.177221,3.19338,0.445865,0.148667,3.19427,0.497416,0.155578,3.41013,0.497323,0.185513,3.40919,0.46752,0.185513,3.41215,0.467613,0.155577,3.41309
1.70762,2.55597,0.395543,-3.71752,872440121,0.474203,0.177772,3.19055,0.474096,0.20632,3.18948,0.445668,0.206319,3.1923,0.445775,0.177772,3.19337,0.497322,0.186064,3.40918,0.49721,0.215992,3.40805,0.467407,0.215992,3.41102,0.467518,0.186064,3.41214
4.14887,2.53249,0.448275,4.35699,872440122,0.474114,0.20688,3.18965,0.47399,0.23542,3.1884,0.445562,0.23542,3.19123,0.445686,0.20688,3.19248,0.497227,0.216553,3.40823,0.497097,0.246474,3.40692,0.467294,0.246474,3.40988,0.467424,0.216553,3.41119
0.32142,2.507,0.498491,65.6059,872440123,0.474026,0.235992,3.18877,0.473884,0.264524,3.18734,0.445456,0.264524,3.19017,0.445598,0.235992,3.1916,0.497133,0.247046,3.40728,0.496984,0.276958,3.40578,0.467181,0.276958,3.40874,0.46733,0.247046,3.41024
-0.120704,2.47985,0.546132,0.522766,872440124,0.473939,0.265109,3.18789,0.473779,0.293632,3.18629,0.445351,0.293632,3.18911,0.445511,0.265109,3.19072,0.497039,0.277543,3.40633,0.496871,0.307446,3.40464,0.467068,0.307446,3.40761,0.467235,0.277543,3.40929
1.63725,2.42109,0.635828,1.20323,872440126,0.474557,0.325448,3.19416,0.474362,0.353947,3.1922,0.445934,0.353947,3.19502,0.446129,0.325448,3.19699,0.497646,0.34064,3.41242,0.497441,0.370519,3.41036,0.467638,0.370519,3.41333,0.467843,0.34064,3.41538
0.954248,2.35986,0.713177,12.5156,872440128,0.474199,0.383583,3.19056,0.473969,0.412055,3.18824,0.445541,0.412055,3.19107,0.445771,0.383583,3.19339,0.497268,0.401532,3.40862,0.497026,0.431382,3.40619,0.467223,0.431382,3.40915,0.467465,0.401532,3.41158
0.320321,1.56032,1.23681,9.51332,872440159,0.474437,1.31148,3.19388,0.473662,1.33897,3.18612,0.445235,1.33897,3.18896,0.446011,1.31148,3.19672,0.496863,1.37153,3.40434,0.49605,1.40034,3.3962,0.466249,1.40034,3.39918,0.467062,1.37153,3.40732
0.339421,1.78079,-1.1132,-13.7821,872440209,0.474818,-1.00761,3.19172,0.503227,-1.00758,3.18871,0.503814,-0.97962,3.19456,0.475405,-0.979654,3.19757,0.497526,-1.05425,3.40552,0.52731,-1.05421,3.40237,0.527925,-1.0249,3.4085,0.498141,-1.02494,3.41166
0.82896,1.80431,-1.10107,-3.2317,872440210,0.475375,-0.979032,3.1973,0.503784,-0.978998,3.19429,0.504352,-0.951005,3.19997,0.475943,-0.951039,3.20298,0.498111,-1.02432,3.41139,0.527895,-1.02428,3.40823,0.52849,-0.994935,3.41418,0.498707,-0.994971,3.41734
4.70299,1.82825,-1.08837,0.90029,872440211,0.475932,-0.950458,3.20289,0.504341,-0.950424,3.19988,0.504891,-0.922396,3.20538,0.476482,-0.92243,3.20839,0.498696,-0.99439,3.41726,0.52848,-0.994355,3.4141,0.529056,-0.964971,3.41987,0.499273,-0.965006,3.42302
10.8434,1.85262,-1.07504,0.470175,872440212,0.47649,-0.921887,3.20848,0.504899,-0.921854,3.20547,0.50543,-0.893792,3.2108,0.477021,-0.893825,3.21381,0.499281,-0.964464,3.42312,0.529065,-0.964429,3.41997,0.529622,-0.935009,3.42555,0.499838,-0.935044,3.42871
5.82282,1.87617,-1.06008,0.270029,872440213,0.474283,-0.886352,3.18618,0.502692,-0.886324,3.18317,0.50321,-0.858229,3.18832,0.474801,-0.858257,3.19133,0.49708,-0.927573,3.40108,0.526863,-0.927543,3.39793,0.527406,-0.898089,3.40333,0.497622,-0.898118,3.40648
3.51151,1.90149,-1.04525,-0.0962902,872440214,0.474749,-0.857607,3.19085,0.503158,-0.857578,3.18785,0.503657,-0.829451,3.19282,0.475248,-0.829479,3.19583,0.497571,-0.897468,3.40601,0.527354,-0.897439,3.40286,0.527878,-0.867951,3.40807,0.498094,-0.867981,3.41123
3.06748,1.92727,-1.02966,-0.0101051,872440215,0.475216,-0.828866,3.19554,0.503625,-0.828838,3.19253,0.504105,-0.80068,3.19733,0.475696,-0.800708,3.20034,0.498062,-0.867368,3.41094,0.527846,-0.867338,3.40779,0.528349,-0.837818,3.41282,0.498566,-0.837848,3.41597
0.941436,1.95348,-1.01325,12.2196,872440216,0.475683,-0.80013,3.20023,0.504092,-0.800102,3.19722,0.504554,-0.771914,3.20184,0.476145,-0.771942,3.20485,0.498553,-0.83727,3.41587,0.528337,-0.83724,3.41271,0.528821,-0.807689,3.41756,0.499037,-0.807719,3.42071
0.467076,1.98012,-0.995955,17.357,872440217,0.476151,-0.771397,3.20493,0.50456,-0.771369,3.20192,0.505003,-0.743152,3.20637,0.476594,-0.743181,3.20938,0.499044,-0.807174,3.4208,0.528828,-0.807144,3.41764,0.529292,-0.777563,3.4223,0.499508,-0.777592,3.42546
0.847165,2.20617,-0.812776,-11.4966,872440225,0.474885,-0.531002,3.19197,0.503294,-0.530985,3.18897,0.503598,-0.50258,3.192,0.475189,-0.502597,3.195,0.497898,-0.555829,3.40936,0.527681,-0.555811,3.4062,0.528,-0.526032,3.40938,0.498216,-0.52605,3.41253
0.819921,2.23567,-0.783645,4.13424,872440226,0.475172,-0.502027,3.19486,0.503582,-0.50201,3.19185,0.503867,-0.473586,3.19471,0.475457,-0.473603,3.19771,0.4982,-0.52548,3.41239,0.527984,-0.525462,3.40924,0.528282,-0.495663,3.41223,0.498499,-0.495681,3.41538
0.960135,2.32376,-0.683095,33.1966,872440229,0.474518,-0.412056,3.1882,0.502927,-0.412045,3.18519,0.503161,-0.383572,3.18751,0.474751,-0.383583,3.19052,0.497575,-0.431382,3.40613,0.527359,-0.431371,3.40298,0.527604,-0.40152,3.40542,0.49782,-0.401532,3.40857
1.27901,2.57326,-0.0319016,10.915,872440242,0.474394,-0.0298764,3.18687,0.502804,-0.0298763,3.18387,0.502804,-0.00130834,3.18387,0.474394,-0.00130837,3.18687,0.497525,-0.0312592,3.40565,0.527309,-0.0312591,3.4025,0.527309,-0.00130913,3.4025,0.497525,-0.00130916,3.40565
-0.00986542,2.52221,0.321642,101.925,872440248,0.503251,0.148662,3.1884,0.503162,0.177216,3.18751,0.474753,0.177221,3.19051,0.474841,0.148667,3.1914,0.527749,0.155572,3.40693,0.527656,0.185507,3.40599,0.497872,0.185513,3.40914,0.497965,0.155578,3.41008
2.02561,2.50325,0.374287,-1.77527,872440249,0.503163,0.177766,3.1875,0.503055,0.206314,3.18643,0.474645,0.20632,3.18943,0.474753,0.177772,3.1905,0.527656,0.186058,3.40598,0.527543,0.215987,3.40485,0.497759,0.215993,3.408,0.497872,0.186064,3.40913
0.580207,2.48206,0.424867,30.3139,872440250,0.503075,0.206874,3.1866,0.502948,0.235415,3.18535,0.474539,0.23542,3.18836,0.474665,0.20688,3.18961,0.527563,0.216547,3.40503,0.52743,0.246468,3.40372,0.497646,0.246474,3.40687,0.497779,0.216553,3.40818
0.473967,2.45896,0.473259,31.4505,872440251,0.502988,0.235986,3.18572,0.502843,0.264518,3.18429,0.474433,0.264524,3.1873,0.474579,0.235992,3.18872,0.527469,0.24704,3.40408,0.527317,0.276952,3.40258,0.497533,0.276958,3.40573,0.497686,0.247046,3.40723
0.691818,2.43424,0.519392,53.7329,872440252,0.502902,0.265104,3.18484,0.502738,0.293626,3.18324,0.474328,0.293632,3.18624,0.474492,0.26511,3.18785,0.527376,0.277538,3.40313,0.527204,0.30744,3.40144,0.49742,0.307446,3.40459,0.497592,0.277544,3.40628
1.16683,2.38049,0.606934,2.10717,872440254,0.503516,0.325437,3.19111,0.50332,0.353937,3.18915,0.474911,0.353948,3.19215,0.475107,0.325448,3.19411,0.52798,0.340629,3.40922,0.527774,0.370507,3.40716,0.497991,0.370519,3.41031,0.498196,0.34064,3.41237
1.80438,2.35243,0.64609,-3.70296,872440255,0.503338,0.354502,3.18931,0.503123,0.382989,3.18717,0.474714,0.383,3.19017,0.474929,0.354513,3.19231,0.527792,0.371073,3.40732,0.527567,0.400937,3.40507,0.497783,0.400949,3.40822,0.498008,0.371084,3.41047
-0.13106,1.79178,-1.07748,-2.39922,872440338,0.504354,-0.979035,3.19443,0.532744,-0.978968,3.19124,0.533315,-0.950975,3.19692,0.504925,-0.951042,3.2001,0.528466,-1.02432,3.40837,0.558229,-1.02425,3.40503,0.558827,-0.994901,3.41098,0.529064,-0.994972,3.41432
1.88116,1.81512,-1.06439,-1.68546,872440339,0.504912,-0.950461,3.20001,0.533301,-0.950394,3.19683,0.533852,-0.922366,3.20233,0.505462,-0.922433,3.20552,0.529051,-0.994391,3.41423,0.558814,-0.99432,3.41089,0.559391,-0.964936,3.41666,0.529628,-0.965007,3.42
11.7903,1.83885,-1.05068,0.357256,872440340,0.50547,-0.921891,3.20561,0.533859,-0.921823,3.20243,0.53439,-0.893761,3.20775,0.506001,-0.893829,3.21094,0.529636,-0.964465,3.4201,0.559399,-0.964394,3.41676,0.559956,-0.934975,3.42234,0.530193,-0.935045,3.42568
96.5096,1.86158,-1.03515,-0.141388,872440341,0.503263,-0.886355,3.18331,0.531653,-0.886299,3.18012,0.532175,-0.858204,3.18527,0.503785,-0.85826,3.18846,0.527434,-0.927573,3.39806,0.557197,-0.927514,3.39472,0.557744,-0.89806,3.40012,0.527981,-0.898119,3.40346
9.93724,1.88617,-1.01993,0.169513,872440342,0.503729,-0.857609,3.18798,0.532119,-0.857553,3.1848,0.532621,-0.829426,3.18977,0.504231,-0.829482,3.19296,0.527925,-0.897469,3.40299,0.557689,-0.89741,3.39965,0.558215,-0.867922,3.40487,0.528452,-0.867981,3.40821
4.68328,1.91115,-1.00394,1.0138,872440343,0.504196,-0.828869,3.19267,0.532585,-0.828813,3.18948,0.533068,-0.800655,3.19428,0.504678,-0.800711,3.19747,0.528417,-0.867368,3.40792,0.55818,-0.86731,3.40458,0.558686,-0.837789,3.40961,0.528923,-0.837848,3.41295
2.91814,1.93652,-0.987138,-2.30675,872440344,0.504663,-0.800133,3.19736,0.533053,-0.800077,3.19418,0.533516,-0.771889,3.1988,0.505126,-0.771945,3.20198,0.528908,-0.83727,3.41285,0.558671,-0.837212,3.40951,0.559156,-0.80766,3.41436,0.529393,-0.807719,3.41769
0.458255,1.96226,-0.96947,-5.46035,872440345,0.505131,-0.7714,3.20206,0.533521,-0.771343,3.19888,0.533964,-0.743127,3.20332,0.505574,-0.743183,3.20651,0.529399,-0.807174,3.41778,0.559162,-0.807115,3.41444,0.559626,-0.777534,3.4191,0.529863,-0.777593,3.42244
0.473768,1.98743,-0.949512,-9.27873,872440346,0.50328,-0.73733,3.18334,0.53167,-0.737285,3.18015,0.532104,-0.709041,3.18442,0.503714,-0.709086,3.1876,0.527551,-0.771741,3.39927,0.557315,-0.771694,3.39593,0.55777,-0.742084,3.40041,0.528006,-0.742131,3.40375
0.435004,2.04076,-0.908924,-21.2703,872440348,0.504032,-0.679577,3.19089,0.532422,-0.679532,3.18771,0.532817,-0.651236,3.19163,0.504427,-0.651281,3.19481,0.528346,-0.711255,3.40724,0.558109,-0.711207,3.40391,0.558522,-0.681543,3.40801,0.528759,-0.68159,3.41135
-0.329355,2.46991,0.30477,0.540986,872440376,0.532212,0.148657,3.18536,0.532123,0.177211,3.18447,0.503733,0.177222,3.18765,0.503822,0.148668,3.18854,0.558084,0.155566,3.40373,0.557991,0.185501,3.40279,0.528228,0.185513,3.40613,0.528321,0.155578,3.40706
0.493301,2.45279,0.355105,62.6079,872440377,0.532125,0.177761,3.18446,0.532016,0.206309,3.18339,0.503626,0.20632,3.18657,0.503735,0.177773,3.18764,0.557992,0.186052,3.40278,0.557878,0.215981,3.40165,0.528115,0.215993,3.40499,0.528229,0.186064,3.40611
0.29472,2.4336,0.403651,0.531906,872440378,0.532038,0.206869,3.18356,0.53191,0.23541,3.18231,0.503519,0.235421,3.1855,0.503648,0.20688,3.18675,0.5579,0.216541,3.40183,0.557765,0.246462,3.40052,0.528002,0.246474,3.40385,0.528136,0.216553,3.40516
2.37796,2.41259,0.450287,-0.587158,872440379,0.531953,0.235981,3.18268,0.531804,0.264513,3.18125,0.503414,0.264524,3.18443,0.503562,0.235993,3.18586,0.557808,0.247034,3.40088,0.557652,0.276946,3.39938,0.527888,0.276958,3.40272,0.528044,0.247046,3.40421
5.15662,2.39001,0.494936,-1.70338,872440380,0.531868,0.265099,3.1818,0.531699,0.293621,3.1802,0.503309,0.293632,3.18338,0.503478,0.26511,3.18498,0.557715,0.277532,3.39993,0.557538,0.307434,3.39825,0.527775,0.307446,3.40158,0.527952,0.277544,3.40327
0.427113,1.60339,1.17392,13.2656,872440412,0.534511,1.22675,3.20931,0.533784,1.25437,3.20207,0.505395,1.25446,3.20525,0.506121,1.22684,3.21249,0.559794,1.28278,3.42055,0.559033,1.31174,3.41296,0.52927,1.31184,3.4163,0.530031,1.28288,3.42389
0.54414,1.58383,1.18236,-0.18864,872440413,0.533794,1.25496,3.20212,0.533049,1.28254,3.1947,0.504659,1.28263,3.19789,0.505405,1.25505,3.20531,0.559042,1.31233,3.413,0.55826,1.34124,3.40523,0.528498,1.34134,3.40857,0.529279,1.31242,3.41635
0.347286,1.7789,-1.05448,34.4294,872440466,0.533339,-0.97904,3.19156,0.561708,-0.978939,3.1882,0.562281,-0.950946,3.19388,0.533912,-0.951047,3.19724,0.558824,-1.02432,3.40534,0.588566,-1.02421,3.40182,0.589166,-0.994866,3.40777,0.559424,-0.994972,3.41129
0.969583,1.80164,-1.04103,6.56137,872440467,0.533896,-0.950466,3.19715,0.562266,-0.950365,3.19379,0.562818,-0.922337,3.19929,0.534448,-0.922438,3.20265,0.559409,-0.994392,3.41121,0.589151,-0.994286,3.40769,0.58973,-0.964902,3.41345,0.559988,-0.965008,3.41698
4.47565,1.82473,-1.02697,0.742898,872440468,0.534454,-0.921895,3.20275,0.562824,-0.921794,3.19939,0.563355,-0.893732,3.20471,0.534985,-0.893833,3.20807,0.559994,-0.964465,3.41708,0.589736,-0.96436,3.41355,0.590293,-0.93494,3.41914,0.560551,-0.935046,3.42266
13.1645,1.84665,-1.01094,1.05862,872440469,0.532248,-0.886359,3.18045,0.560617,-0.886275,3.17709,0.561144,-0.858179,3.18224,0.532774,-0.858264,3.1856,0.557792,-0.927574,3.39504,0.587534,-0.927486,3.39152,0.588086,-0.898031,3.39692,0.558344,-0.89812,3.40044
4.63918,1.8705,-0.995362,0.23167,872440470,0.532714,-0.857613,3.18512,0.561083,-0.857529,3.18176,0.561589,-0.829402,3.18674,0.533219,-0.829486,3.1901,0.558284,-0.89747,3.39997,0.588025,-0.897381,3.39645,0.588556,-0.867893,3.40166,0.558814,-0.867982,3.40519
0.522816,1.89469,-0.979031,6.76142,872440471,0.53318,-0.828873,3.18981,0.56155,-0.828789,3.18645,0.562035,-0.800631,3.19124,0.533665,-0.800715,3.19461,0.558775,-0.867369,3.4049,0.588517,-0.867281,3.40138,0.589025,-0.837761,3.40641,0.559283,-0.837849,3.40993
0.829711,1.91922,-0.961897,16.3439,872440472,0.533648,-0.800137,3.1945,0.562017,-0.800052,3.19114,0.562481,-0.771865,3.19576,0.534112,-0.771949,3.19912,0.559266,-0.837271,3.40983,0.589008,-0.837183,3.4063,0.589495,-0.807631,3.41115,0.559753,-0.80772,3.41467
1.10959,2.4333,-0.237134,2.98218,872440494,0.532297,-0.146364,3.18053,0.560667,-0.146364,3.17717,0.560752,-0.117805,3.17788,0.532382,-0.117805,3.18124,0.558165,-0.153275,3.39889,0.587907,-0.153275,3.39537,0.587996,-0.123335,3.39612,0.558254,-0.123335,3.39964
-0.126405,2.41997,0.289531,0.585866,872440504,0.561177,0.148652,3.18233,0.561088,0.177206,3.18143,0.532719,0.177223,3.18479,0.532808,0.148669,3.18569,0.588422,0.15556,3.40053,0.588329,0.185495,3.39959,0.558587,0.185513,3.40311,0.55868,0.155578,3.40405
0.589941,2.40446,0.337719,-18.4755,872440505,0.561091,0.177757,3.18142,0.560981,0.206304,3.18035,0.532611,0.206321,3.18371,0.532721,0.177773,3.18478,0.588331,0.186046,3.39958,0.588216,0.215975,3.39845,0.558474,0.215993,3.40198,0.558589,0.186064,3.4031
-0.0560277,2.38701,0.384349,0.408186,872440506,0.561005,0.206864,3.18053,0.560874,0.235405,3.17928,0.532505,0.235422,3.18264,0.532636,0.206881,3.18389,0.58824,0.216535,3.39863,0.588103,0.246456,3.39732,0.558361,0.246474,3.40084,0.558498,0.216553,3.40215
0.447749,2.36783,0.429306,-28.8091,872440507,0.560921,0.235976,3.17964,0.560769,0.264508,3.17822,0.532399,0.264525,3.18158,0.532551,0.235993,3.18301,0.588149,0.247028,3.39768,0.587989,0.27694,3.39618,0.558247,0.276958,3.3997,0.558406,0.247046,3.4012
2.67786,2.34716,0.472508,2.10505,872440508,0.560837,0.265094,3.17877,0.560664,0.293616,3.17716,0.532294,0.293633,3.18052,0.532467,0.265111,3.18213,0.588057,0.277526,3.39673,0.587875,0.307428,3.39504,0.558133,0.307446,3.39857,0.558315,0.277544,3.40025
1.25549,1.94407,0.943909,47.1081,872440524,0.562928,0.743103,3.20028,0.562486,0.771319,3.19584,0.534116,0.771404,3.1992,0.534559,0.743187,3.20365,0.589964,0.777505,3.41589,0.589499,0.807086,3.41123,0.559757,0.807175,3.41476,0.560222,0.777593,3.41942
0.344209,1.59473,1.15422,46.6644,872440540,0.563475,1.22671,3.20626,0.562748,1.25433,3.19902,0.534379,1.25447,3.20238,0.535106,1.22684,3.20962,0.590132,1.28274,3.41734,0.589369,1.3117,3.40975,0.559627,1.31184,3.41327,0.56039,1.28288,3.42086
0.365409,1.76571,-1.03205,20.7549,872440594,0.562329,-0.979046,3.18871,0.590677,-0.978912,3.18517,0.591252,-0.950919,3.19085,0.562904,-0.951054,3.19438,0.589187,-1.02432,3.40232,0.618906,-1.02418,3.39861,0.619509,-0.994832,3.40456,0.58979,-0.994973,3.40827
0.491843,1.78785,-1.01829,8.46097,872440595,0.562887,-0.950472,3.19429,0.591235,-0.950338,3.19076,0.591788,-0.92231,3.19626,0.56344,-0.922445,3.19979,0.589772,-0.994392,3.40819,0.619492,-0.994251,3.40448,0.620072,-0.964867,3.41025,0.590352,-0.965008,3.41395
1.37151,1.8103,-1.00392,-6.76215,872440596,0.563445,-0.921902,3.19989,0.591793,-0.921767,3.19635,0.592324,-0.893705,3.20168,0.563976,-0.89384,3.20522,0.590358,-0.964466,3.41405,0.620077,-0.964325,3.41035,0.620634,-0.934906,3.41593,0.590914,-0.935047,3.41964
1.65053,1.8314,-0.987434,2.62074,872440597,0.561239,-0.886364,3.17759,0.589587,-0.886252,3.17406,0.590118,-0.858157,3.17921,0.56177,-0.858269,3.18274,0.588155,-0.927575,3.39202,0.617874,-0.927457,3.38831,0.618431,-0.898003,3.39371,0.588712,-0.89812,3.39742
0.75152,1.85452,-0.971552,-10.1244,872440598,0.561704,-0.857619,3.18227,0.590052,-0.857506,3.17873,0.590562,-0.829379,3.18371,0.562214,-0.829492,3.18724,0.588647,-0.89747,3.39695,0.618366,-0.897353,3.39324,0.6189,-0.867865,3.39846,0.58918,-0.867982,3.40216
0.136422,1.87794,-0.954925,-1.11799,872440599,0.562171,-0.828878,3.18695,0.590519,-0.828766,3.18342,0.591006,-0.800608,3.18821,0.562658,-0.80072,3.19175,0.589138,-0.86737,3.40188,0.618858,-0.867252,3.39817,0.619368,-0.837732,3.4032,0.589649,-0.83785,3.40691
0.0882762,1.90165,-0.937509,-1.34888,872440600,0.562639,-0.800142,3.19165,0.590987,-0.80003,3.18811,0.591452,-0.771842,3.19273,0.563104,-0.771954,3.19627,0.58963,-0.837272,3.40681,0.619349,-0.837154,3.4031,0.619837,-0.807603,3.40795,0.590117,-0.80772,3.41165
0.299218,1.92563,-0.919257,17.3348,872440601,0.563107,-0.771409,3.19635,0.591455,-0.771297,3.19281,0.591898,-0.74308,3.19726,0.56355,-0.743193,3.20079,0.590121,-0.807175,3.41174,0.61984,-0.807058,3.40803,0.620305,-0.777476,3.41269,0.590585,-0.777594,3.4164
-0.0430079,1.94861,-0.898493,-0.289698,872440602,0.561256,-0.737337,3.17762,0.589604,-0.737247,3.17409,0.590047,-0.709004,3.17836,0.561699,-0.709094,3.18189,0.588273,-0.771742,3.39324,0.617992,-0.771648,3.38953,0.618456,-0.742037,3.394,0.588737,-0.742132,3.39771
-0.222175,1.97308,-0.878229,-0.023403,872440603,0.561632,-0.708458,3.1814,0.58998,-0.708368,3.17786,0.590401,-0.680098,3.18195,0.562053,-0.680188,3.18549,0.58867,-0.741497,3.39722,0.61839,-0.741403,3.39351,0.618831,-0.711765,3.3978,0.589112,-0.711859,3.40151
0.037951,1.99776,-0.856955,-1.32213,872440604,0.562008,-0.679584,3.18518,0.590356,-0.679494,3.18165,0.590755,-0.651199,3.18556,0.562407,-0.651289,3.1891,0.589068,-0.711255,3.40121,0.618787,-0.711161,3.3975,0.619205,-0.681497,3.4016,0.589486,-0.681591,3.40531
0.659695,2.02259,-0.834615,-4.38084,872440605,0.562386,-0.650714,3.18898,0.590734,-0.650624,3.18544,0.59111,-0.622304,3.18918,0.562763,-0.622394,3.19271,0.589465,-0.681017,3.40519,0.619184,-0.680923,3.40148,0.619579,-0.651233,3.4054,0.58986,-0.651327,3.40911
0.652561,2.39398,-0.177022,-1.34875,872440623,0.561303,-0.117237,3.17782,0.589651,-0.117237,3.17429,0.589718,-0.0886746,3.17482,0.56137,-0.0886745,3.17836,0.588548,-0.122767,3.39607,0.618267,-0.122767,3.39236,0.618337,-0.092822,3.39292,0.588618,-0.0928219,3.39663
1.4429,2.37224,0.275704,8.92233,872440632,0.590147,0.148647,3.1793,0.590058,0.177201,3.17841,0.56171,0.177224,3.18195,0.561799,0.14867,3.18284,0.618764,0.155554,3.39733,0.618671,0.18549,3.39639,0.588951,0.185513,3.4001,0.589044,0.155578,3.40104
0.42546,2.35811,0.321896,-1.02587,872440633,0.590062,0.177752,3.1784,0.589951,0.2063,3.17733,0.561603,0.206322,3.18087,0.561714,0.177775,3.18194,0.618674,0.186041,3.39638,0.618557,0.215969,3.39525,0.588838,0.215993,3.39896,0.588954,0.186064,3.40009
-0.488924,2.34218,0.366726,-0.137441,872440634,0.589977,0.20686,3.1775,0.589844,0.2354,3.17626,0.561496,0.235423,3.17979,0.56163,0.206882,3.18104,0.618584,0.21653,3.39543,0.618444,0.246451,3.39412,0.588725,0.246474,3.39783,0.588864,0.216553,3.39914
0.61007,2.32463,0.410083,-5.04529,872440635,0.589894,0.235972,3.17662,0.589739,0.264504,3.17519,0.561391,0.264526,3.17873,0.561546,0.235994,3.18016,0.618493,0.247022,3.39448,0.61833,0.276935,3.39298,0.588611,0.276958,3.39669,0.588774,0.247046,3.39819
-0.570644,2.30564,0.451886,-0.325853,872440636,0.589811,0.265089,3.17574,0.589634,0.293612,3.17414,0.561286,0.293634,3.17768,0.561463,0.265112,3.17928,0.618403,0.27752,3.39353,0.618216,0.307422,3.39184,0.588497,0.307446,3.39556,0.588683,0.277544,3.39724
0.270367,1.52994,1.16094,22.7109,872440671,0.590305,1.31133,3.18168,0.589511,1.33881,3.17392,0.561163,1.33899,3.17746,0.561957,1.3115,3.18521,0.618222,1.37134,3.39149,0.617391,1.40016,3.38336,0.587671,1.40034,3.38706,0.588503,1.37153,3.39519
0.308143,1.69513,-1.04679,42.8162,872440719,0.597722,-1.07346,3.21948,0.62604,-1.07346,3.21572,0.626862,-1.04558,3.2219,0.598543,-1.04558,3.22566,0.625981,-1.1228,3.43201,0.65567,-1.1228,3.42807,0.656531,-1.09357,3.43454,0.626842,-1.09357,3.43849
-0.11668,1.75577,-1.00686,-2.30207,872440722,0.595792,-0.97903,3.20483,0.624111,-0.97903,3.20106,0.624862,-0.951038,3.20672,0.596543,-0.951038,3.21048,0.624145,-1.02432,3.41824,0.653834,-1.02432,3.4143,0.654622,-0.99497,3.42023,0.624933,-0.99497,3.42417
1.22617,1.77713,-0.992646,-1.84399,872440723,0.596531,-0.950456,3.21039,0.624851,-0.950456,3.20663,0.625579,-0.922428,3.21211,0.597259,-0.922428,3.21587,0.624922,-0.994389,3.42409,0.654611,-0.994389,3.42014,0.655374,-0.965005,3.42589,0.625685,-0.965005,3.42983
1.59999,1.79876,-0.977817,2.50009,872440724,0.597272,-0.921886,3.21597,0.625591,-0.921886,3.21221,0.626296,-0.893824,3.21751,0.597977,-0.893824,3.22127,0.625698,-0.964463,3.42993,0.655387,-0.964463,3.42599,0.656126,-0.935044,3.43155,0.626437,-0.935044,3.4355
0.0130528,1.81938,-0.961437,-0.271706,872440725,0.594337,-0.886351,3.19374,0.622657,-0.886351,3.18998,0.623338,-0.858256,3.19512,0.595018,-0.858256,3.19888,0.622777,-0.927572,3.40797,0.652467,-0.927572,3.40403,0.653181,-0.898118,3.40941,0.623491,-0.898118,3.41335
0.156211,1.84159,-0.94514,-30.6724,872440726,0.594955,-0.857605,3.1984,0.623275,-0.857605,3.19464,0.623933,-0.829478,3.1996,0.595613,-0.829478,3.20336,0.623429,-0.897468,3.41288,0.653119,-0.897468,3.40894,0.653808,-0.86798,3.41414,0.624119,-0.86798,3.41808
0.0112157,1.86405,-0.928111,0.054369,872440727,0.595575,-0.828865,3.20307,0.623894,-0.828865,3.19931,0.624529,-0.800707,3.20409,0.59621,-0.800707,3.20785,0.624081,-0.867367,3.41779,0.653771,-0.867367,3.41385,0.654436,-0.837847,3.41886,0.624746,-0.837847,3.42281
0.132282,1.88673,-0.910308,0.25896,872440728,0.596196,-0.800129,3.20774,0.624515,-0.800129,3.20398,0.625126,-0.771941,3.20859,0.596807,-0.771941,3.21235,0.624733,-0.837269,3.4227,0.654422,-0.837269,3.41876,0.655063,-0.807718,3.42359,0.625374,-0.807718,3.42753
0.150726,1.90962,-0.89169,-44.0221,872440729,0.596817,-0.771396,3.21242,0.625137,-0.771396,3.20867,0.625725,-0.743179,3.21309,0.597405,-0.743179,3.21685,0.625384,-0.807173,3.42761,0.655074,-0.807173,3.42367,0.655691,-0.777592,3.42832,0.626001,-0.777592,3.43226
1.51713,2.31325,-0.305459,15.5137,872440748,0.594804,-0.206319,3.19698,0.623125,-0.20632,3.19322,0.623266,-0.177772,3.19429,0.594946,-0.177772,3.19804,0.623681,-0.215992,3.41486,0.653372,-0.215992,3.41093,0.65352,-0.186064,3.41205,0.623829,-0.186064,3.41598
1.19428,2.35683,-0.0733311,3.52139,872440753,0.594447,-0.0589946,3.19426,0.622767,-0.0589946,3.1905,0.622791,-0.0304272,3.19068,0.59447,-0.0304272,3.19444,0.623346,-0.0617597,3.41234,0.653037,-0.0617596,3.4084,0.653061,-0.0318102,3.40859,0.623371,-0.0318103,3.41253
1.81069,2.22754,0.508495,2.12923,872440766,0.623738,0.325447,3.19789,0.623479,0.353947,3.19593,0.595159,0.353947,3.19969,0.595418,0.325448,3.20164,0.65395,0.34064,3.41528,0.653678,0.370519,3.41323,0.623988,0.370519,3.41716,0.62426,0.34064,3.41921
0.435328,2.20703,0.544318,43.5324,872440767,0.6235,0.354513,3.19609,0.623217,0.383,3.19396,0.594897,0.383,3.19771,0.59518,0.354513,3.19985,0.653699,0.371084,3.41338,0.653403,0.400949,3.41115,0.623712,0.400949,3.41508,0.624009,0.371084,3.41732
0.659471,2.0256,0.782865,-20.9961,872440775,0.625147,0.593493,3.20865,0.624676,0.621836,3.2051,0.596356,0.621836,3.20886,0.596827,0.593493,3.21241,0.655224,0.621064,3.42484,0.65473,0.650778,3.42112,0.625041,0.650778,3.42506,0.625534,0.621064,3.42878
1.10084,2.00205,0.806475,17.4943,872440776,0.624668,0.622384,3.20504,0.624174,0.650703,3.20132,0.595854,0.650703,3.20507,0.596348,0.622384,3.2088,0.654722,0.651325,3.42105,0.654204,0.681015,3.41715,0.624514,0.681015,3.42109,0.625032,0.651325,3.42499
0.223037,1.74179,-0.985786,-10.8128,872440850,0.624658,-0.979032,3.201,0.652954,-0.978998,3.19706,0.653707,-0.951005,3.20272,0.625412,-0.951039,3.20665,0.654382,-1.02432,3.41423,0.684046,-1.02428,3.4101,0.684836,-0.994935,3.41603,0.655171,-0.994971,3.42016
0.892789,1.76256,-0.971331,4.26107,872440851,0.625398,-0.950458,3.20657,0.653693,-0.950424,3.20263,0.654422,-0.922396,3.20811,0.626127,-0.92243,3.21205,0.655158,-0.99439,3.42008,0.684822,-0.994355,3.41595,0.685587,-0.964971,3.42169,0.655923,-0.965006,3.42582
0.661259,1.78357,-0.956273,7.00893,872440852,0.626138,-0.921887,3.21214,0.654434,-0.921854,3.2082,0.655139,-0.893792,3.21351,0.626843,-0.893825,3.21745,0.655935,-0.964464,3.42592,0.685599,-0.964429,3.42179,0.686338,-0.935009,3.42736,0.656674,-0.935044,3.43148
0.851203,1.80339,-0.939529,7.84433,872440853,0.623204,-0.886352,3.18992,0.651499,-0.886324,3.18598,0.652185,-0.858229,3.19112,0.623889,-0.858257,3.19505,0.653014,-0.927573,3.40396,0.682678,-0.927543,3.39984,0.683397,-0.898089,3.40522,0.653732,-0.898118,3.40934
-0.0461772,1.8249,-0.923019,-4.11275,872440854,0.623822,-0.857607,3.19458,0.652118,-0.857578,3.19064,0.652779,-0.829451,3.1956,0.624483,-0.829479,3.19953,0.653666,-0.897468,3.40887,0.68333,-0.897439,3.40475,0.684024,-0.867951,3.40994,0.654359,-0.86798,3.41407
-0.155531,1.84661,-0.905792,0.04505,872440855,0.624442,-0.828866,3.19924,0.652737,-0.828838,3.19531,0.653374,-0.80068,3.20009,0.625079,-0.800708,3.20402,0.654318,-0.867368,3.41378,0.683982,-0.867338,3.40966,0.68465,-0.837818,3.41467,0.654986,-0.837848,3.4188
-0.292223,1.86851,-0.887811,-0.122432,872440856,0.625062,-0.80013,3.20392,0.653358,-0.800102,3.19998,0.65397,-0.771914,3.20459,0.625675,-0.771942,3.20852,0.65497,-0.83727,3.41869,0.684634,-0.83724,3.41457,0.685276,-0.807689,3.4194,0.655612,-0.807719,3.42352
0.314514,1.89058,-0.869036,27.7095,872440857,0.625684,-0.771397,3.2086,0.653979,-0.771369,3.20467,0.654567,-0.743152,3.2091,0.626272,-0.743181,3.21303,0.655622,-0.807174,3.4236,0.685286,-0.807144,3.41948,0.685903,-0.777563,3.42412,0.656238,-0.777592,3.42825
1.1531,1.91179,-0.848174,-0.47994,872440858,0.623221,-0.737328,3.18994,0.651517,-0.737305,3.18601,0.652085,-0.709061,3.19026,0.62379,-0.709084,3.1942,0.65317,-0.77174,3.40517,0.682835,-0.771717,3.40104,0.683431,-0.742107,3.4055,0.653767,-0.74213,3.40963
1.06491,2.11119,-0.622666,-14.8927,872440867,0.624759,-0.473054,3.20145,0.653055,-0.473037,3.19752,0.653408,-0.444596,3.20018,0.625112,-0.444613,3.20412,0.654905,-0.495132,3.41826,0.684569,-0.495114,3.41414,0.68494,-0.465297,3.41693,0.655275,-0.465315,3.42105
1.23529,2.24279,-0.374002,0.00519431,872440874,0.62339,-0.264524,3.19103,0.651686,-0.264518,3.1871,0.651878,-0.235986,3.18852,0.623582,-0.235992,3.19246,0.653619,-0.276958,3.4086,0.683284,-0.276952,3.40447,0.683485,-0.24704,3.40597,0.65382,-0.247046,3.41009
0.932211,2.25743,-0.333781,15.7415,872440875,0.62353,-0.23542,3.19209,0.651827,-0.235415,3.18816,0.651994,-0.206874,3.18941,0.623698,-0.20688,3.19334,0.653769,-0.246474,3.40973,0.683434,-0.246468,3.40561,0.683609,-0.216547,3.40691,0.653944,-0.216553,3.41103
2.11349,2.27063,-0.292428,1.83527,872440876,0.623672,-0.20632,3.19316,0.651968,-0.206314,3.18923,0.652111,-0.177766,3.1903,0.623814,-0.177772,3.19423,0.653919,-0.215993,3.41086,0.683584,-0.215987,3.40674,0.683734,-0.186058,3.40786,0.654069,-0.186064,3.41198
0.662379,2.1724,0.524033,37.6727,872440895,0.652346,0.354502,3.1921,0.652061,0.382989,3.18996,0.623764,0.383,3.1939,0.624049,0.354513,3.19603,0.683914,0.371073,3.40919,0.683615,0.400938,3.40696,0.65395,0.400949,3.41108,0.654249,0.371084,3.41332
0.543324,2.04565,0.707671,-5.09914,872440901,0.652337,0.531579,3.19208,0.65191,0.559964,3.18889,0.623614,0.559981,3.19282,0.624041,0.531596,3.19602,0.683813,0.556405,3.40841,0.683365,0.586163,3.40506,0.6537,0.586181,3.40918,0.654148,0.556423,3.41253
-0.069329,1.72761,-0.965279,-1.40283,872440978,0.653529,-0.979035,3.19718,0.681799,-0.978968,3.19307,0.682555,-0.950975,3.19872,0.654284,-0.951042,3.20284,0.684621,-1.02432,3.41022,0.714259,-1.02425,3.40591,0.715051,-0.994901,3.41184,0.685413,-0.994971,3.41615
-0.0916624,1.7478,-0.950616,-2.54481,872440979,0.654268,-0.950461,3.20275,0.682538,-0.950394,3.19864,0.683269,-0.922366,3.20412,0.654998,-0.922433,3.20823,0.685397,-0.994391,3.41606,0.715036,-0.99432,3.41175,0.715801,-0.964936,3.4175,0.686163,-0.965007,3.42181
-0.0487878,1.76819,-0.935361,-1.60788,872440980,0.655009,-0.921891,3.20832,0.683279,-0.921823,3.20421,0.683984,-0.893761,3.20952,0.655714,-0.893829,3.21363,0.686174,-0.964465,3.42191,0.715812,-0.964394,3.4176,0.716551,-0.934975,3.42316,0.686913,-0.935045,3.42747
-0.0290981,1.78723,-0.918299,-0.458807,872440981,0.652074,-0.886355,3.1861,0.680345,-0.886299,3.18199,0.681035,-0.858204,3.18712,0.652764,-0.85826,3.19123,0.683253,-0.927573,3.39995,0.712891,-0.927514,3.39564,0.713615,-0.89806,3.40102,0.683976,-0.898119,3.40533
-0.0383707,1.80804,-0.901613,-0.581839,872440982,0.652693,-0.857609,3.19076,0.680963,-0.857553,3.18665,0.681628,-0.829426,3.19161,0.653357,-0.829482,3.19572,0.683905,-0.897469,3.40486,0.713543,-0.89741,3.40055,0.71424,-0.867922,3.40575,0.684602,-0.867981,3.41006
0.314128,1.82903,-0.884226,-13.524,872440983,0.653312,-0.828869,3.19543,0.681583,-0.828813,3.19132,0.682222,-0.800655,3.1961,0.653951,-0.800711,3.20021,0.684557,-0.867368,3.40977,0.714196,-0.867309,3.40546,0.714866,-0.837789,3.41047,0.685227,-0.837848,3.41478
0.66575,1.85016,-0.866106,10.8788,872440984,0.653933,-0.800133,3.2001,0.682203,-0.800077,3.19599,0.682817,-0.771889,3.2006,0.654546,-0.771945,3.20471,0.685209,-0.837271,3.41468,0.714848,-0.837212,3.41037,0.715491,-0.80766,3.4152,0.685853,-0.807719,3.41951
0.0318555,1.87143,-0.847216,-0.583643,872440985,0.654554,-0.7714,3.20479,0.682825,-0.771343,3.20067,0.683413,-0.743127,3.2051,0.655143,-0.743183,3.20922,0.685861,-0.807174,3.41959,0.715499,-0.807115,3.41528,0.716116,-0.777534,3.41993,0.686478,-0.777593,3.42424
0.743159,2.04031,-0.659031,3.52121,872440993,0.652866,-0.531004,3.19188,0.681136,-0.53097,3.18777,0.681541,-0.502565,3.19079,0.653271,-0.502599,3.1949,0.684342,-0.555829,3.4082,0.71398,-0.555794,3.40389,0.714405,-0.526015,3.40706,0.684766,-0.52605,3.41136
-0.0750833,1.75265,-0.915073,-0.564064,872441108,0.683884,-0.921895,3.20451,0.712128,-0.921794,3.20023,0.712833,-0.893732,3.20553,0.684589,-0.893833,3.20982,0.716417,-0.964465,3.41789,0.746028,-0.96436,3.4134,0.746767,-0.93494,3.41896,0.717156,-0.935046,3.42346
0.19039,1.77092,-0.897732,-39.9778,872441109,0.68095,-0.886359,3.1823,0.709195,-0.886275,3.17801,0.709889,-0.858179,3.18314,0.681645,-0.858264,3.18743,0.713496,-0.927574,3.39594,0.743107,-0.927486,3.39145,0.743835,-0.898031,3.39683,0.714224,-0.89812,3.40132
0.682372,1.79106,-0.880904,-4.67702,872441110,0.681569,-0.857613,3.18696,0.709813,-0.857529,3.18267,0.710481,-0.829402,3.18762,0.682237,-0.829486,3.19191,0.714148,-0.89747,3.40085,0.743759,-0.897381,3.39636,0.74446,-0.867893,3.40155,0.714849,-0.867982,3.40605
0.582462,1.81133,-0.863394,4.15742,872441111,0.682188,-0.828873,3.19162,0.710433,-0.828789,3.18733,0.711074,-0.800631,3.19211,0.682829,-0.800715,3.1964,0.714801,-0.867369,3.40576,0.744412,-0.867281,3.40127,0.745084,-0.837761,3.40628,0.715473,-0.837849,3.41077
-0.0639525,1.83173,-0.845171,-0.25821,872441112,0.682809,-0.800137,3.1963,0.711053,-0.800052,3.19201,0.711668,-0.771865,3.19661,0.683423,-0.771949,3.2009,0.715453,-0.837271,3.41067,0.745064,-0.837183,3.40618,0.745708,-0.807632,3.41101,0.716097,-0.80772,3.4155
0.254757,1.85221,-0.826202,49.8038,872441113,0.68343,-0.771404,3.20098,0.711675,-0.771319,3.19669,0.712263,-0.743103,3.20112,0.684018,-0.743187,3.20541,0.716105,-0.807175,3.41558,0.745716,-0.807086,3.41109,0.746332,-0.777505,3.41573,0.716721,-0.777594,3.42023
0.55155,1.93323,-0.740188,14.1431,872441117,0.682468,-0.65071,3.19363,0.710713,-0.650642,3.18935,0.71121,-0.622323,3.19307,0.682966,-0.62239,3.19736,0.715235,-0.681017,3.40906,0.744846,-0.680946,3.40457,0.745368,-0.651256,3.40847,0.715757,-0.651327,3.41297
1.14016,2.22008,-0.105807,36.543,872441136,0.681041,-0.0881146,3.18267,0.709286,-0.0881146,3.17839,0.70934,-0.0595489,3.17874,0.681095,-0.0595489,3.18303,0.714045,-0.0922618,3.40015,0.743656,-0.0922618,3.39565,0.743712,-0.0623142,3.39603,0.714101,-0.0623142,3.40052
0.585512,1.97313,0.69075,14.4007,872441158,0.709688,0.560554,3.18143,0.709227,0.588919,3.17806,0.680982,0.588969,3.18235,0.681443,0.560605,3.18572,0.743876,0.586748,3.39718,0.743393,0.616485,3.39365,0.713782,0.616538,3.39814,0.714265,0.586801,3.40167
0.0652089,1.73699,-0.895395,-0.939149,872441236,0.712766,-0.921902,3.20071,0.740983,-0.921767,3.19625,0.741688,-0.893705,3.20155,0.71347,-0.89384,3.20602,0.746665,-0.964466,3.41388,0.776248,-0.964325,3.4092,0.776987,-0.934906,3.41476,0.747405,-0.935047,3.41944
-0.0189909,1.7545,-0.877815,-1.70078,872441237,0.709832,-0.886364,3.1785,0.738049,-0.886252,3.17404,0.738748,-0.858157,3.17916,0.710531,-0.858269,3.18363,0.743744,-0.927575,3.39193,0.773326,-0.927457,3.38725,0.774059,-0.898003,3.39263,0.744477,-0.89812,3.39731
-0.210634,1.77397,-0.860876,-0.893451,872441238,0.710451,-0.857619,3.18316,0.738668,-0.857506,3.17869,0.739339,-0.829379,3.18365,0.711122,-0.829492,3.18811,0.744397,-0.89747,3.39684,0.773979,-0.897353,3.39216,0.774683,-0.867865,3.39736,0.7451,-0.867983,3.40203
0.53522,1.79356,-0.843274,34.0418,872441239,0.71107,-0.828878,3.18782,0.739287,-0.828766,3.18336,0.739931,-0.800608,3.18814,0.711714,-0.80072,3.1926,0.745049,-0.86737,3.40175,0.774632,-0.867252,3.39707,0.775306,-0.837732,3.40208,0.745724,-0.83785,3.40676
0.179346,1.81323,-0.824981,7.7859,872441240,0.71169,-0.800142,3.1925,0.739908,-0.80003,3.18803,0.740524,-0.771842,3.19264,0.712306,-0.771954,3.1971,0.745702,-0.837272,3.40666,0.775284,-0.837154,3.40198,0.775929,-0.807603,3.40681,0.746347,-0.80772,3.41149
-0.270082,1.83297,-0.805969,-0.506936,872441241,0.712312,-0.771409,3.19718,0.740529,-0.771297,3.19272,0.741117,-0.74308,3.19715,0.7129,-0.743193,3.20161,0.746354,-0.807176,3.41157,0.775936,-0.807058,3.40689,0.776552,-0.777476,3.41154,0.74697,-0.777594,3.41621
-0.0593357,1.70645,-0.888051,-0.215887,872441363,0.746983,-0.950456,3.21497,0.775164,-0.950456,3.21029,0.776071,-0.922428,3.21574,0.747889,-0.922428,3.22043,0.782344,-0.994389,3.42763,0.811888,-0.994389,3.42271,0.812839,-0.965005,3.42843,0.783294,-0.965005,3.43334
-0.20646,1.72485,-0.872242,-1.14565,872441364,0.747905,-0.921886,3.22052,0.776086,-0.921886,3.21583,0.776964,-0.893824,3.22111,0.748783,-0.893824,3.2258,0.783311,-0.964463,3.43344,0.812855,-0.964463,3.42853,0.813775,-0.935044,3.43406,0.784231,-0.935043,3.43898
-0.165758,1.74196,-0.854899,-0.569312,872441365,0.744245,-0.886351,3.1984,0.772426,-0.886351,3.19372,0.773275,-0.858256,3.19883,0.745093,-0.858256,3.20351,0.779673,-0.927572,3.41159,0.809218,-0.927572,3.40668,0.810108,-0.898118,3.41203,0.780563,-0.898118,3.41694
0.542867,1.76059,-0.837766,1.95077,872441366,0.745015,-0.857605,3.20304,0.773197,-0.857605,3.19836,0.774016,-0.829478,3.20329,0.745835,-0.829478,3.20797,0.780486,-0.897468,3.41647,0.81003,-0.897468,3.41156,0.81089,-0.86798,3.41674,0.781345,-0.86798,3.42165
1.85627,1.77928,-0.819995,4.20707,872441367,0.745787,-0.828865,3.20768,0.773968,-0.828865,3.203,0.774759,-0.800707,3.20776,0.746577,-0.800707,3.21244,0.781298,-0.867367,3.42136,0.810842,-0.867367,3.41645,0.811671,-0.837847,3.42144,0.782126,-0.837847,3.42635
0.0271305,1.79803,-0.801559,0.25748,872441368,0.74656,-0.800129,3.21233,0.774741,-0.800129,3.20765,0.775503,-0.771941,3.21223,0.747321,-0.771941,3.21692,0.782109,-0.837269,3.42625,0.811654,-0.837269,3.42134,0.812453,-0.807718,3.42614,0.782908,-0.807718,3.43105
-0.108748,1.81679,-0.782433,66.1401,872441369,0.747334,-0.771396,3.21699,0.775516,-0.771396,3.21231,0.776248,-0.743179,3.21672,0.748067,-0.743179,3.2214,0.782921,-0.807173,3.43113,0.812466,-0.807173,3.42622,0.813234,-0.777591,3.43084,0.783689,-0.777592,3.43575
-0.26621,1.69096,-0.869862,-0.416139,872441491,0.775708,-0.950458,3.2102,0.80386,-0.950424,3.20534,0.804768,-0.922396,3.2108,0.776616,-0.92243,3.21566,0.812433,-0.99439,3.42263,0.841946,-0.994355,3.41753,0.842898,-0.964971,3.42325,0.813385,-0.965006,3.42834
-0.0855939,1.7088,-0.853975,-0.142555,872441492,0.776631,-0.921887,3.21575,0.804782,-0.921854,3.21089,0.80566,-0.893792,3.21617,0.777509,-0.893825,3.22103,0.8134,-0.964464,3.42844,0.842913,-0.964429,3.42335,0.843834,-0.935009,3.42888,0.81432,-0.935044,3.43398
0.0291525,1.72519,-0.836456,-1.31226,872441493,0.772971,-0.886352,3.19364,0.801123,-0.886324,3.18878,0.801976,-0.858229,3.19389,0.773824,-0.858257,3.19874,0.809763,-0.927573,3.40659,0.839276,-0.927543,3.4015,0.840171,-0.898089,3.40685,0.810657,-0.898118,3.41194
0.19107,1.7432,-0.819275,44.5127,872441494,0.773741,-0.857607,3.19827,0.801893,-0.857578,3.19342,0.802716,-0.829451,3.19835,0.774564,-0.829479,3.20321,0.810575,-0.897468,3.41148,0.840089,-0.897439,3.40639,0.840951,-0.867951,3.41156,0.811438,-0.86798,3.41665
-0.0152327,1.76126,-0.801476,-0.697379,872441495,0.774513,-0.828866,3.20292,0.802665,-0.828838,3.19806,0.803458,-0.80068,3.20282,0.775306,-0.800708,3.20767,0.811387,-0.867368,3.41636,0.840901,-0.867338,3.41127,0.841732,-0.837818,3.41626,0.812218,-0.837848,3.42135
0.25672,1.77934,-0.783037,23.9667,872441496,0.775286,-0.80013,3.20757,0.803438,-0.800102,3.20271,0.804201,-0.771914,3.20729,0.776049,-0.771942,3.21215,0.812199,-0.83727,3.42125,0.841713,-0.83724,3.41616,0.842512,-0.807689,3.42096,0.812999,-0.807719,3.42606
0.239194,1.79742,-0.763933,19.2818,872441497,0.77606,-0.771397,3.21223,0.804212,-0.771369,3.20737,0.804945,-0.743152,3.21178,0.776793,-0.743181,3.21664,0.813011,-0.807174,3.42614,0.842525,-0.807144,3.42104,0.843293,-0.777563,3.42566,0.813779,-0.777592,3.43076
1.00954,2.01248,-0.437729,33.0841,872441510,0.773661,-0.383,3.19759,0.801814,-0.382989,3.19274,0.802169,-0.354502,3.19486,0.774016,-0.354513,3.19972,0.810931,-0.400949,3.41367,0.840445,-0.400938,3.40858,0.840817,-0.371073,3.41081,0.811303,-0.371084,3.4159
1.91598,1.95241,0.553886,-2.32918,872441539,0.803048,0.473586,3.20022,0.802578,0.50201,3.19739,0.774425,0.502027,3.20224,0.774896,0.473603,3.20507,0.841628,0.495663,3.41568,0.841134,0.525462,3.41272,0.81162,0.52548,3.41781,0.812114,0.495681,3.42077
-0.0510168,1.624,-0.896964,-2.22793,872441616,0.801679,-1.0362,3.18885,0.8298,-1.03613,3.18382,0.830802,-1.00821,3.18979,0.802681,-1.00828,3.19482,0.839622,-1.08418,3.40018,0.869104,-1.08411,3.3949,0.870154,-1.05484,3.40116,0.840673,-1.05491,3.40644
0.0272282,1.64104,-0.882542,-41.7162,872441617,0.802597,-1.00761,3.19437,0.830718,-1.00755,3.18934,0.83169,-0.97959,3.19514,0.803569,-0.979657,3.20017,0.84059,-1.05425,3.40599,0.870071,-1.05418,3.40072,0.87109,-1.02487,3.4068,0.841608,-1.02494,3.41208
0.0615846,1.65818,-0.867631,26.9772,872441618,0.803517,-0.979035,3.1999,0.831638,-0.978968,3.19487,0.832578,-0.950975,3.2005,0.804457,-0.951042,3.20553,0.841558,-1.02432,3.41181,0.871039,-1.02425,3.40653,0.872025,-0.994901,3.41243,0.842543,-0.994971,3.41771
0.290368,1.67541,-0.852213,-2.37712,872441619,0.804438,-0.950461,3.20544,0.832559,-0.950394,3.20041,0.833468,-0.922366,3.20586,0.805347,-0.922433,3.2109,0.842525,-0.994391,3.41763,0.872006,-0.99432,3.41235,0.872959,-0.964936,3.41807,0.843478,-0.965007,3.42334
-0.185405,1.69271,-0.836269,-0.259058,872441620,0.805361,-0.921891,3.21099,0.833482,-0.921823,3.20596,0.83436,-0.893761,3.21124,0.806239,-0.893828,3.21627,0.843492,-0.964465,3.42344,0.872973,-0.964394,3.41817,0.873894,-0.934975,3.4237,0.844413,-0.935045,3.42898
0.726338,1.7084,-0.818605,-3.91893,872441621,0.801701,-0.886355,3.18888,0.829822,-0.886299,3.18385,0.83068,-0.858204,3.18895,0.802559,-0.85826,3.19399,0.839855,-0.927573,3.4016,0.869336,-0.927514,3.39632,0.870235,-0.89806,3.40167,0.840753,-0.898119,3.40695
0.008413,1.72581,-0.8014,-1.59721,872441622,0.802472,-0.857609,3.19352,0.830593,-0.857553,3.18848,0.831419,-0.829426,3.19341,0.803298,-0.829482,3.19845,0.840667,-0.897469,3.40648,0.870149,-0.89741,3.40121,0.871015,-0.867922,3.40637,0.841533,-0.867981,3.41165
0.0164667,1.74325,-0.783597,-1.15129,872441623,0.803243,-0.828869,3.19816,0.831365,-0.828813,3.19313,0.83216,-0.800655,3.19788,0.804039,-0.800711,3.20292,0.841479,-0.867368,3.41137,0.870961,-0.867309,3.40609,0.871795,-0.837789,3.41108,0.842313,-0.837848,3.41636
0.129439,1.76069,-0.765177,-0.812128,872441624,0.804017,-0.800133,3.20281,0.832138,-0.800077,3.19778,0.832901,-0.771889,3.20236,0.80478,-0.771945,3.20739,0.842292,-0.837271,3.41625,0.871773,-0.837212,3.41098,0.872574,-0.80766,3.41578,0.843092,-0.807719,3.42106
-0.136102,1.7781,-0.746119,-0.100413,872441625,0.804791,-0.7714,3.20747,0.832912,-0.771343,3.20244,0.833645,-0.743127,3.20685,0.805523,-0.743183,3.21188,0.843104,-0.807174,3.42114,0.872585,-0.807115,3.41586,0.873353,-0.777534,3.42048,0.843872,-0.777593,3.42576
1.06918,1.81142,-0.704538,7.15614,872441627,0.802342,-0.708451,3.19265,0.830463,-0.708406,3.18762,0.831144,-0.680135,3.19167,0.803022,-0.68018,3.19671,0.840708,-0.741496,3.40675,0.870189,-0.741449,3.40147,0.870903,-0.711811,3.40573,0.841421,-0.711858,3.411
0.551361,1.95505,0.481975,12.68,872441665,0.830286,0.412637,3.18638,0.829867,0.441095,3.18391,0.801745,0.441117,3.18894,0.802165,0.41266,3.19141,0.870258,0.431962,3.40186,0.869818,0.461796,3.39927,0.840336,0.46182,3.40454,0.840776,0.431985,3.40714
0.0163977,1.60989,-0.880035,-1.72418,872441744,0.830414,-1.0362,3.1841,0.858503,-1.0361,3.17889,0.85951,-1.00818,3.18486,0.831421,-1.00828,3.19007,0.869717,-1.08418,3.39518,0.899166,-1.08408,3.38972,0.900221,-1.05481,3.39598,0.870773,-1.05491,3.40144
0.242152,1.62646,-0.865535,52.7677,872441745,0.831333,-1.00762,3.18962,0.859422,-1.00752,3.18441,0.860397,-0.979561,3.19021,0.832307,-0.979662,3.19542,0.870686,-1.05425,3.40099,0.900134,-1.05414,3.39554,0.901155,-1.02483,3.40162,0.871707,-1.02494,3.40707
-0.0701542,1.64311,-0.85056,-2.09385,872441746,0.832253,-0.97904,3.19515,0.860342,-0.978939,3.18995,0.861284,-0.950946,3.19557,0.833195,-0.951047,3.20078,0.871653,-1.02432,3.40681,0.901101,-1.02421,3.40135,0.902089,-0.994866,3.40725,0.872641,-0.994972,3.41271
-0.162477,1.65983,-0.835091,-0.969717,872441747,0.833174,-0.950466,3.20069,0.861263,-0.950365,3.19548,0.862173,-0.922337,3.20094,0.834084,-0.922438,3.20615,0.872621,-0.994392,3.41263,0.902069,-0.994286,3.40717,0.903023,-0.964902,3.41288,0.873575,-0.965008,3.41834
0.180376,1.6766,-0.81911,-0.263206,872441748,0.834096,-0.921895,3.20624,0.862186,-0.921794,3.20103,0.863063,-0.893732,3.20631,0.834974,-0.893833,3.21152,0.873588,-0.964465,3.41844,0.903036,-0.96436,3.41298,0.903956,-0.93494,3.41852,0.874508,-0.935046,3.42398
0.192714,1.6916,-0.801328,-20.6793,872441749,0.830437,-0.886359,3.18413,0.858526,-0.886275,3.17892,0.859388,-0.858179,3.18403,0.831299,-0.858264,3.18924,0.86995,-0.927574,3.3966,0.899398,-0.927486,3.39114,0.900302,-0.898031,3.39649,0.870854,-0.89812,3.40195
0.0332503,1.70844,-0.78412,-2.47833,872441750,0.831208,-0.857613,3.18877,0.859297,-0.857529,3.18356,0.860126,-0.829402,3.18849,0.832037,-0.829486,3.1937,0.870763,-0.89747,3.40148,0.900211,-0.897381,3.39603,0.901081,-0.867894,3.40119,0.871633,-0.867982,3.40665
-0.117876,1.72528,-0.766335,-2.2434,872441751,0.831979,-0.828873,3.19341,0.860069,-0.828789,3.1882,0.860866,-0.800631,3.19296,0.832777,-0.800715,3.19817,0.871576,-0.867369,3.40637,0.901024,-0.867281,3.40091,0.90186,-0.837761,3.4059,0.872411,-0.837849,3.41136
0.190314,1.75888,-0.728964,-9.00037,872441753,0.833527,-0.771404,3.20272,0.861616,-0.771319,3.19751,0.862348,-0.743103,3.20192,0.834259,-0.743187,3.20713,0.8732,-0.807175,3.41614,0.902648,-0.807086,3.41068,0.903416,-0.777505,3.4153,0.873968,-0.777594,3.42076
0.414912,1.582,-0.87882,47.6682,872441871,0.8634,-1.07348,3.20498,0.891457,-1.07333,3.1996,0.892479,-1.04545,3.20575,0.864423,-1.0456,3.21113,0.904038,-1.1228,3.4155,0.933452,-1.12264,3.40986,0.934524,-1.09341,3.4163,0.90511,-1.09357,3.42194
0.577614,1.59573,-0.863562,-6.2953,872441872,0.859156,-1.03621,3.17935,0.887213,-1.03607,3.17397,0.888224,-1.00816,3.17994,0.860167,-1.00829,3.18532,0.899818,-1.08418,3.39018,0.929231,-1.08404,3.38454,0.930292,-1.05477,3.3908,0.900878,-1.05491,3.39644
-0.105877,1.61184,-0.849004,-3.06549,872441873,0.860075,-1.00762,3.18488,0.888131,-1.00749,3.1795,0.889109,-0.979534,3.18529,0.861053,-0.979669,3.19068,0.900786,-1.05425,3.39599,0.9302,-1.05411,3.39035,0.931225,-1.0248,3.39643,0.901811,-1.02494,3.40207
-0.033389,1.62801,-0.833982,-1.93869,872441874,0.860995,-0.979046,3.19041,0.889051,-0.978912,3.18503,0.889996,-0.950919,3.19065,0.861939,-0.951054,3.19603,0.901754,-1.02432,3.40181,0.931168,-1.02418,3.39617,0.932158,-0.994832,3.40207,0.902744,-0.994973,3.40771
0.205117,1.64423,-0.81848,27.3162,872441875,0.861916,-0.950472,3.19595,0.889972,-0.950338,3.19057,0.890883,-0.92231,3.19602,0.862827,-0.922445,3.2014,0.902721,-0.994392,3.40763,0.932135,-0.994251,3.40198,0.93309,-0.964867,3.4077,0.903677,-0.965008,3.41334
0.250125,1.66048,-0.802481,-3.79363,872441876,0.862838,-0.921902,3.20149,0.890895,-0.921767,3.19611,0.891772,-0.893705,3.20139,0.863716,-0.89384,3.20677,0.903689,-0.964466,3.41344,0.933102,-0.964325,3.4078,0.934023,-0.934906,3.41334,0.904609,-0.935047,3.41898
-0.0923441,1.67482,-0.784608,-1.85863,872441877,0.85918,-0.886364,3.17939,0.887236,-0.886252,3.17401,0.888102,-0.858157,3.17911,0.860046,-0.858269,3.18449,0.900051,-0.927575,3.3916,0.929464,-0.927457,3.38596,0.930373,-0.898003,3.39131,0.900959,-0.89812,3.39695
0.130133,1.6911,-0.767416,-2.04674,872441878,0.85995,-0.857619,3.18403,0.888006,-0.857506,3.17864,0.888839,-0.829379,3.18357,0.860783,-0.829492,3.18896,0.900864,-0.89747,3.39649,0.930277,-0.897353,3.39084,0.931151,-0.867865,3.39601,0.901737,-0.867983,3.40165
-0.0334256,1.70736,-0.749668,-1.48532,872441879,0.860722,-0.828878,3.18867,0.888778,-0.828766,3.18329,0.889577,-0.800608,3.18804,0.861521,-0.80072,3.19342,0.901677,-0.86737,3.40137,0.93109,-0.867252,3.39573,0.931928,-0.837732,3.40072,0.902515,-0.83785,3.40636
0.00546311,1.72359,-0.731348,-0.569319,872441880,0.861495,-0.800142,3.19332,0.889551,-0.80003,3.18794,0.890317,-0.771842,3.19252,0.862261,-0.771954,3.1979,0.902489,-0.837272,3.40626,0.931903,-0.837154,3.40062,0.932706,-0.807603,3.40542,0.903292,-0.80772,3.41106
-0.0661665,1.73976,-0.71244,-0.439562,872441881,0.862269,-0.771409,3.19798,0.890325,-0.771297,3.1926,0.891058,-0.74308,3.19701,0.863002,-0.743193,3.20239,0.903301,-0.807175,3.41114,0.932715,-0.807058,3.4055,0.933483,-0.777476,3.41012,0.904069,-0.777594,3.41577
1.49749,1.8142,0.503029,4.98914,872442180,0.953497,0.50258,3.20025,0.952898,0.530985,3.19726,0.924919,0.531002,3.20304,0.925518,0.502597,3.20602,0.999071,0.526032,3.4142,0.998443,0.555811,3.41107,0.969111,0.555829,3.41712,0.969739,0.52605,3.42025
0.634572,1.86331,0.310501,3.63684,872442301,0.982208,0.296365,3.1953,0.981857,0.324876,3.19354,0.953915,0.324899,3.19948,0.954266,0.296387,3.20124,1.02929,0.310176,3.40976,1.02892,0.340067,3.40792,0.999623,0.34009,3.41415,0.999992,0.310199,3.416
0.551305,1.83645,0.302142,28.1975,872442429,1.01074,0.296355,3.18944,1.01039,0.324867,3.18768,0.982481,0.324901,3.1938,0.982832,0.296389,3.19556,1.05916,0.310164,3.4036,1.0588,0.340055,3.40176,1.02954,0.340091,3.40818,1.02991,0.3102,3.41002
0.697745,1.74846,-0.220135,65.3071,872442922,1.10436,-0.264525,3.19544,1.13209,-0.264513,3.18859,1.13243,-0.235981,3.18998,1.10469,-0.235993,3.19683,1.15703,-0.276958,3.40868,1.18611,-0.276946,3.4015,1.18646,-0.247034,3.40296,1.15738,-0.247046,3.41014
1.48376,1.72406,-0.21486,47.0483,872443050,1.13273,-0.264525,3.18884,1.16042,-0.264508,3.18181,1.16075,-0.235976,3.18321,1.13306,-0.235993,3.19023,1.18674,-0.276958,3.40174,1.21577,-0.27694,3.39438,1.21612,-0.247028,3.39584,1.18709,-0.247046,3.40321
0.567956,1.56887,-0.472228,41.2645,872443421,1.23196,-0.650704,3.21556,1.2595,-0.650682,3.208,1.26048,-0.622362,3.21163,1.23293,-0.622385,3.21919,1.28971,-0.681015,3.42568,1.31859,-0.680992,3.41774,1.31961,-0.651302,3.42155,1.29073,-0.651326,3.42948
0.372527,1.53226,0.545321,12.8258,872443468,1.26257,0.743152,3.21947,1.26141,0.771369,3.21516,1.23386,0.771397,3.22273,1.23502,0.74318,3.22704,1.32151,0.777563,3.42862,1.3203,0.807144,3.4241,1.29142,0.807173,3.43203,1.29263,0.777592,3.43656
0.47173,1.55625,0.156859,7.89978,872444090,1.41209,0.206874,3.20288,1.41173,0.235415,3.20168,1.38443,0.23542,3.21012,1.3848,0.20688,3.21133,1.47837,0.216547,3.41244,1.47798,0.246468,3.41118,1.44937,0.246474,3.42004,1.44975,0.216553,3.42129
