energy,eta,phi,time,detid,front_1_x,front_1_y,front_1_z,front_2_x,front_2_y,front_2_z,front_3_x,front_3_y,front_3_z,front_4_x,front_4_y,front_4_z,back_1_x,back_1_y,back_1_z,back_2_x,back_2_y,back_2_z,back_3_x,back_3_y,back_3_z,back_4_x,back_4_y,back_4_z
0.0967601,-0.0117293,-1.47424,5.40418,838861598,0.135468,-1.28588,-0.0269319,0.135479,-1.28588,-0.00338404,0.113704,-1.28666,-0.00338404,0.113704,-1.28666,-0.0269319,0.147664,-1.51559,-0.028832,0.147675,-1.51559,-0.00338404,0.121889,-1.51651,-0.00338404,0.121889,-1.51651,-0.028832
0.0960167,-0.0117404,-1.17685,-1.42465,838861615,0.505789,-1.18844,-0.026932,0.505789,-1.18844,-0.00338407,0.48532,-1.1959,-0.00338402,0.48533,-1.1959,-0.0269319,0.584597,-1.40452,-0.0288321,0.584597,-1.40452,-0.00338407,0.560356,-1.41336,-0.00338401,0.560367,-1.41335,-0.028832
0.0302274,-0.030291,-1.42238,-2.6054,838862113,0.201766,-1.27585,-0.0508939,0.201786,-1.27604,-0.0273468,0.180119,-1.27834,-0.0273468,0.180109,-1.27814,-0.0508939,0.225974,-1.50455,-0.054686,0.225996,-1.50476,-0.0292388,0.200337,-1.50747,-0.0292388,0.200326,-1.50726,-0.054686
-0.0614826,-0.0302642,-1.40522,-2.09685,838862114,0.223839,-1.27351,-0.0508939,0.22387,-1.2737,-0.0273468,0.202202,-1.276,-0.0273468,0.202182,-1.27581,-0.0508939,0.252038,-1.50179,-0.054686,0.252072,-1.502,-0.0292388,0.226413,-1.50471,-0.0292388,0.226391,-1.5045,-0.054686
0.0476541,-0.0302909,-1.38787,-2.96051,838862115,0.245668,-1.26813,-0.0508939,0.245696,-1.26832,-0.0273468,0.224122,-1.27137,-0.0273468,0.224105,-1.27118,-0.0508939,0.27785,-1.49584,-0.054686,0.277879,-1.49605,-0.0292388,0.25233,-1.49966,-0.0292388,0.252312,-1.49945,-0.054686
-0.0510856,-0.0302643,-1.37071,-2.54102,838862116,0.267646,-1.26502,-0.0508939,0.267684,-1.26521,-0.0273468,0.24611,-1.26826,-0.0273468,0.246083,-1.26807,-0.0508939,0.303801,-1.49217,-0.054686,0.303842,-1.49238,-0.0292388,0.278293,-1.49599,-0.0292388,0.278264,-1.49578,-0.054686
-0.081206,-0.0302912,-1.35336,-2.67232,838862117,0.289275,-1.25888,-0.0508939,0.289308,-1.25907,-0.0273468,0.267854,-1.26287,-0.0273468,0.267831,-1.26268,-0.0508939,0.329389,-1.48533,-0.054686,0.329426,-1.48554,-0.0292388,0.304019,-1.49004,-0.0292388,0.303993,-1.48983,-0.054686
0.0385153,-0.0302925,-1.14234,-21.5897,838862129,0.546521,-1.17033,-0.0508939,0.546594,-1.17051,-0.0273468,0.526398,-1.17868,-0.0273468,0.526335,-1.1785,-0.0508939,0.632819,-1.3835,-0.054686,0.632897,-1.38369,-0.0292388,0.60898,-1.39338,-0.0292388,0.608912,-1.39318,-0.054686
-0.0403273,-0.0302653,-1.12518,-3.47039,838862130,0.567095,-1.162,-0.0508939,0.567178,-1.16218,-0.0273468,0.546982,-1.17035,-0.0273468,0.546909,-1.17017,-0.0508939,0.657113,-1.37366,-0.054686,0.657202,-1.37385,-0.0292388,0.633285,-1.38354,-0.0292388,0.633207,-1.38334,-0.054686
0.00616173,-0.0302915,-1.10783,-3.30921,838862131,0.586596,-1.15081,-0.0508939,0.586675,-1.15098,-0.0273468,0.566776,-1.15986,-0.0273468,0.566707,-1.15968,-0.0508939,0.680286,-1.36083,-0.054686,0.680371,-1.36103,-0.0292389,0.656807,-1.37154,-0.0292388,0.656732,-1.37134,-0.0546859
-0.101868,-0.0302645,-1.09066,-3.24562,838862132,0.606867,-1.14176,-0.0508939,0.606955,-1.14194,-0.0273468,0.587057,-1.15081,-0.0273468,0.586978,-1.15064,-0.0508939,0.704222,-1.35016,-0.054686,0.704318,-1.35034,-0.0292388,0.680753,-1.36086,-0.0292388,0.680668,-1.36066,-0.054686
-0.0075719,-0.030291,-1.07331,-2.52699,838862133,0.625964,-1.1299,-0.0508939,0.626049,-1.13007,-0.0273468,0.606473,-1.13964,-0.0273468,0.606397,-1.13946,-0.0508939,0.726932,-1.33653,-0.054686,0.727024,-1.33671,-0.0292388,0.703841,-1.34804,-0.0292388,0.70376,-1.34785,-0.054686
-0.0302481,-0.048832,-1.42238,-3.78029,838862625,0.201766,-1.27585,-0.0748583,0.201807,-1.27623,-0.0513136,0.180139,-1.27853,-0.0513136,0.180109,-1.27814,-0.0748583,0.22597,-1.50451,-0.0805421,0.226014,-1.50493,-0.0550975,0.200355,-1.50764,-0.0550975,0.200322,-1.50722,-0.0805421
0.0341722,-0.0487888,-1.40522,-3.2882,838862626,0.223839,-1.27351,-0.0748583,0.22389,-1.2739,-0.0513136,0.202223,-1.27619,-0.0513136,0.202182,-1.27581,-0.0748583,0.252034,-1.50175,-0.0805421,0.25209,-1.50217,-0.0550975,0.22643,-1.50488,-0.0550975,0.226386,-1.50447,-0.0805421
0.107629,-0.0488318,-1.38787,-14.6033,838862627,0.245668,-1.26813,-0.0748583,0.245723,-1.26851,-0.0513136,0.224149,-1.27156,-0.0513136,0.224105,-1.27118,-0.0748583,0.277844,-1.4958,-0.0805421,0.277903,-1.49622,-0.0550975,0.252354,-1.49983,-0.0550975,0.252307,-1.49941,-0.0805421
0.0132457,-0.048789,-1.37071,-3.33472,838862628,0.267646,-1.26502,-0.0748583,0.267711,-1.2654,-0.0513136,0.246137,-1.26845,-0.0513136,0.246083,-1.26807,-0.0748583,0.303796,-1.49214,-0.0805421,0.303866,-1.49255,-0.0550975,0.278317,-1.49616,-0.0550975,0.278259,-1.49574,-0.0805421
0.0857915,-0.0488323,-1.35336,-7.51589,838862629,0.289275,-1.25888,-0.0748583,0.289342,-1.25926,-0.0513136,0.267888,-1.26306,-0.0513136,0.267831,-1.26268,-0.0748583,0.329382,-1.48529,-0.0805421,0.329455,-1.4857,-0.0550975,0.304048,-1.4902,-0.0550975,0.303987,-1.48979,-0.0805421
-0.0378709,-0.0488345,-1.14234,-2.64248,838862641,0.546521,-1.17033,-0.0748583,0.546667,-1.17069,-0.0513135,0.52647,-1.17886,-0.0513136,0.526335,-1.1785,-0.0748583,0.632804,-1.38346,-0.080542,0.632961,-1.38385,-0.0550975,0.609044,-1.39353,-0.0550975,0.608898,-1.39314,-0.0805421
0.0541372,-0.0487906,-1.12518,-3.49171,838862642,0.567095,-1.162,-0.0748583,0.567251,-1.16235,-0.0513136,0.547054,-1.17053,-0.0513136,0.546909,-1.17017,-0.0748583,0.657099,-1.37363,-0.0805421,0.657266,-1.37401,-0.0550975,0.633349,-1.38369,-0.0550975,0.633192,-1.38331,-0.0805421
-0.0693901,-0.0488329,-1.10783,-1.85778,838862643,0.586596,-1.15081,-0.0748583,0.586754,-1.15116,-0.0513136,0.566855,-1.16004,-0.0513136,0.566707,-1.15968,-0.0748583,0.68027,-1.3608,-0.0805421,0.68044,-1.36118,-0.0550975,0.656876,-1.37169,-0.0550975,0.656716,-1.37131,-0.0805421
0.0611561,-0.0487893,-1.09067,-25.5635,838862644,0.606867,-1.14176,-0.0748583,0.607034,-1.14211,-0.0513136,0.587136,-1.15099,-0.0513136,0.586978,-1.15064,-0.0748583,0.704206,-1.35012,-0.0805421,0.704387,-1.3505,-0.0550975,0.680823,-1.36101,-0.0550975,0.680652,-1.36063,-0.0805421
-0.0390678,-0.048832,-1.07332,-3.69606,838862645,0.625964,-1.1299,-0.0748583,0.626134,-1.13025,-0.0513136,0.606558,-1.13981,-0.0513136,0.606397,-1.13946,-0.0748583,0.726915,-1.33649,-0.0805421,0.727099,-1.33687,-0.0550975,0.703916,-1.34819,-0.0550975,0.703743,-1.34781,-0.080542
0.46327,-0.0673028,-2.2069,-51.6139,838863092,-0.759311,-1.0465,-0.0988267,-0.759676,-1.04695,-0.075286,-0.776376,-1.03296,-0.075286,-0.776003,-1.03251,-0.0988267,-0.903884,-1.22528,-0.106402,-0.904278,-1.22577,-0.0809616,-0.924055,-1.20919,-0.0809616,-0.923652,-1.20871,-0.106402
-0.0162193,-0.0673572,-1.42239,-2.17165,838863137,0.201766,-1.27585,-0.0988267,0.201827,-1.27643,-0.075286,0.18016,-1.27872,-0.075286,0.180109,-1.27814,-0.0988267,0.225965,-1.50446,-0.106402,0.226031,-1.50508,-0.0809616,0.200371,-1.5078,-0.0809616,0.200317,-1.50717,-0.106402
0.620557,-0.0672977,-1.40523,-1.27505,838863138,0.223839,-1.27351,-0.0988267,0.22391,-1.27409,-0.075286,0.202243,-1.27638,-0.075286,0.202182,-1.27581,-0.0988267,0.252029,-1.5017,-0.106402,0.252106,-1.50232,-0.0809616,0.226447,-1.50504,-0.0809616,0.226381,-1.50441,-0.106402
1.27088,-0.0673569,-1.38788,-0.289811,838863139,0.245668,-1.26813,-0.0988267,0.24575,-1.2687,-0.075286,0.224176,-1.27175,-0.075286,0.224105,-1.27118,-0.0988267,0.277837,-1.49575,-0.106402,0.277924,-1.49637,-0.0809616,0.252376,-1.49998,-0.0809616,0.252299,-1.49936,-0.106402
0.0891916,-0.0672979,-1.37071,-19.7495,838863140,0.267646,-1.26502,-0.0988267,0.267738,-1.2656,-0.075286,0.246164,-1.26864,-0.075286,0.246083,-1.26807,-0.0988267,0.303788,-1.49208,-0.106402,0.303887,-1.4927,-0.0809616,0.278339,-1.49631,-0.0809616,0.278251,-1.49569,-0.106402
0.182113,-0.0673577,-1.35336,-7.86393,838863141,0.289275,-1.25888,-0.0988267,0.289376,-1.25945,-0.075286,0.267922,-1.26325,-0.075286,0.267831,-1.26268,-0.0988267,0.329373,-1.48524,-0.106402,0.329482,-1.48586,-0.0809616,0.304075,-1.49036,-0.0809616,0.303977,-1.48974,-0.106402
0.161761,-0.0672991,-1.3362,-3.0102,838863142,0.31113,-1.25501,-0.0988267,0.311242,-1.25558,-0.075286,0.289788,-1.25938,-0.075286,0.289687,-1.2588,-0.0988267,0.355181,-1.48066,-0.106402,0.355301,-1.48128,-0.0809616,0.329894,-1.48578,-0.0809616,0.329785,-1.48516,-0.106402
0.235143,-0.0673013,-1.30169,-3.48025,838863144,0.354238,-1.24348,-0.0988267,0.35437,-1.24404,-0.075286,0.333061,-1.24859,-0.075286,0.33294,-1.24802,-0.0988267,0.406143,-1.46746,-0.106402,0.406285,-1.46807,-0.0809616,0.381051,-1.47346,-0.0809616,0.38092,-1.47284,-0.106402
-0.0184031,-0.0673606,-1.14235,-2.09082,838863153,0.546521,-1.17033,-0.0988267,0.546739,-1.17087,-0.075286,0.526543,-1.17904,-0.075286,0.526335,-1.1785,-0.0988267,0.632784,-1.38341,-0.106402,0.633019,-1.384,-0.0809616,0.609102,-1.39368,-0.0809616,0.608877,-1.39309,-0.106402
0.201352,-0.0673001,-1.12518,-4.33004,838863154,0.567095,-1.162,-0.0988267,0.567323,-1.16253,-0.075286,0.547127,-1.17071,-0.075286,0.546909,-1.17017,-0.0988267,0.657078,-1.37358,-0.106402,0.657324,-1.37416,-0.0809616,0.633407,-1.38384,-0.0809616,0.633171,-1.38326,-0.106402
0.490403,-0.0673584,-1.10783,-3.65336,838863155,0.586596,-1.15081,-0.0988267,0.586833,-1.15134,-0.075286,0.566934,-1.16021,-0.075286,0.566707,-1.15968,-0.0988267,0.680248,-1.36075,-0.106402,0.680504,-1.36132,-0.0809616,0.656939,-1.37183,-0.0809616,0.656694,-1.37126,-0.106402
0.205039,-0.0672984,-1.09067,2.22173,838863156,0.606867,-1.14176,-0.0988267,0.607113,-1.14229,-0.075286,0.587215,-1.15117,-0.075286,0.586978,-1.15064,-0.0988267,0.704184,-1.35007,-0.106402,0.70445,-1.35064,-0.0809616,0.680886,-1.36115,-0.0809616,0.68063,-1.36058,-0.106402
0.0826721,-0.0673572,-1.07332,6.71869,838863157,0.625964,-1.1299,-0.0988267,0.626219,-1.13042,-0.075286,0.606643,-1.13999,-0.075286,0.606397,-1.13946,-0.0988267,0.726891,-1.33644,-0.106402,0.727167,-1.33701,-0.0809615,0.703984,-1.34833,-0.0809616,0.703719,-1.34776,-0.106402
0.136595,-0.0858752,-2.60764,12.0478,838863581,-1.10616,-0.66666,-0.122801,-1.10684,-0.667024,-0.0992657,-1.11708,-0.647792,-0.0992656,-1.11639,-0.647438,-0.122801,-1.309,-0.774679,-0.132267,-1.30974,-0.775073,-0.106833,-1.32187,-0.752298,-0.106832,-1.32112,-0.751915,-0.132267
0.304284,-0.0858659,-1.49141,-7.77723,838863645,0.113286,-1.28667,-0.122801,0.113314,-1.28744,-0.0992656,0.091539,-1.28822,-0.0992656,0.091522,-1.28745,-0.122801,0.121464,-1.51634,-0.132267,0.121494,-1.51717,-0.106832,0.095708,-1.51809,-0.106832,0.0956896,-1.51726,-0.132267
0.0983802,-0.0857889,-1.47426,32.6102,838863646,0.135468,-1.28588,-0.122801,0.135506,-1.28665,-0.0992656,0.113732,-1.28743,-0.0992656,0.113704,-1.28666,-0.122801,0.147657,-1.51541,-0.132267,0.147699,-1.51624,-0.106832,0.121912,-1.51716,-0.106833,0.121883,-1.51632,-0.132267
0.0572986,-0.0858616,-1.42239,-3.66859,838863649,0.201766,-1.27585,-0.122801,0.201847,-1.27662,-0.0992656,0.18018,-1.27891,-0.0992656,0.180109,-1.27814,-0.122801,0.225957,-1.50439,-0.132267,0.226045,-1.50522,-0.106832,0.200386,-1.50793,-0.106833,0.200309,-1.5071,-0.132267
0.0912833,-0.0857858,-1.40523,27.1654,838863650,0.223839,-1.27351,-0.122801,0.223931,-1.27428,-0.0992656,0.202264,-1.27658,-0.0992656,0.202182,-1.27581,-0.122801,0.252021,-1.50163,-0.132267,0.252121,-1.50246,-0.106832,0.226461,-1.50517,-0.106833,0.226373,-1.50434,-0.132267
0.268968,-0.0858612,-1.38788,-8.35634,838863651,0.245668,-1.26813,-0.122801,0.245777,-1.2689,-0.0992656,0.224203,-1.27194,-0.0992656,0.224105,-1.27118,-0.122801,0.277827,-1.49568,-0.132267,0.277944,-1.49651,-0.106832,0.252395,-1.50012,-0.106833,0.252289,-1.49929,-0.132267
0.993431,-0.0857861,-1.37072,0.126515,838863652,0.267646,-1.26502,-0.122801,0.267765,-1.26579,-0.0992656,0.246191,-1.26884,-0.0992656,0.246083,-1.26807,-0.122801,0.303779,-1.49201,-0.132267,0.303907,-1.49284,-0.106832,0.278358,-1.49645,-0.106833,0.278241,-1.49562,-0.132267
0.100865,-0.0858622,-1.35337,-26.1249,838863653,0.289275,-1.25888,-0.122801,0.28941,-1.25964,-0.0992656,0.267955,-1.26344,-0.0992656,0.267831,-1.26268,-0.122801,0.329361,-1.48517,-0.132267,0.329507,-1.48599,-0.106832,0.3041,-1.49049,-0.106832,0.303965,-1.48967,-0.132267
0.123815,-0.0858643,-1.31885,-16.4558,838863655,0.332531,-1.24811,-0.122801,0.332693,-1.24887,-0.0992656,0.311384,-1.25342,-0.0992656,0.311233,-1.25266,-0.122801,0.380496,-1.47286,-0.132267,0.380671,-1.47368,-0.106832,0.355436,-1.47907,-0.106832,0.355273,-1.47825,-0.132267
0.0430826,-0.0858659,-1.14235,-4.55341,838863665,0.546521,-1.17033,-0.122801,0.546812,-1.17105,-0.0992656,0.526616,-1.17922,-0.0992656,0.526335,-1.1785,-0.122801,0.632757,-1.38335,-0.132267,0.633072,-1.38412,-0.106832,0.609154,-1.39381,-0.106832,0.608851,-1.39303,-0.132267
0.0473664,-0.0857889,-1.12519,-3.12671,838863666,0.567095,-1.162,-0.122801,0.567396,-1.16271,-0.0992657,0.5472,-1.17089,-0.0992656,0.546909,-1.17017,-0.122801,0.657052,-1.37351,-0.132267,0.657376,-1.37428,-0.106833,0.633459,-1.38397,-0.106832,0.633145,-1.38319,-0.132267
-0.059744,-0.0858631,-1.10784,-4.04671,838863667,0.586596,-1.15081,-0.122801,0.586911,-1.15151,-0.0992656,0.567013,-1.16039,-0.0992656,0.566707,-1.15968,-0.122801,0.680219,-1.36068,-0.132267,0.68056,-1.36145,-0.106832,0.656996,-1.37196,-0.106832,0.656665,-1.37119,-0.132267
-0.0258965,-0.0857867,-1.09068,-4.17812,838863668,0.606867,-1.14176,-0.122801,0.607192,-1.14247,-0.0992656,0.587294,-1.15134,-0.0992656,0.586978,-1.15064,-0.122801,0.704155,-1.35001,-0.132267,0.704507,-1.35077,-0.106832,0.680942,-1.36128,-0.106833,0.680601,-1.36051,-0.132267
-0.0368672,-0.0858615,-1.07332,-5.03264,838863669,0.625964,-1.1299,-0.122801,0.626304,-1.13059,-0.0992656,0.606728,-1.14016,-0.0992657,0.606397,-1.13946,-0.122801,0.726861,-1.33638,-0.132267,0.727228,-1.33713,-0.106832,0.704045,-1.34846,-0.106833,0.703688,-1.3477,-0.132267
0.204453,-0.0858622,-1.0043,10.6129,838863673,0.702391,-1.08402,-0.122801,0.702779,-1.08469,-0.0992656,0.683918,-1.0956,-0.0992657,0.683539,-1.09492,-0.122801,0.817455,-1.28295,-0.132267,0.817874,-1.28368,-0.106832,0.795539,-1.2966,-0.106833,0.795129,-1.29587,-0.132267
0.11295,-0.103814,-1.4224,5.63269,838864161,0.201766,-1.27585,-0.14541,0.201862,-1.27676,-0.123253,0.180165,-1.27905,-0.123253,0.180109,-1.27814,-0.14541,0.225939,-1.50421,-0.158875,0.226052,-1.50528,-0.132711,0.200386,-1.508,-0.132711,0.20032,-1.50693,-0.158875
-0.00824796,-0.103722,-1.40523,-1.20752,838864162,0.223839,-1.27351,-0.14541,0.223975,-1.27442,-0.123253,0.202278,-1.27671,-0.123253,0.202182,-1.27581,-0.14541,0.251974,-1.50146,-0.158875,0.252134,-1.50252,-0.132711,0.226469,-1.50524,-0.132711,0.226355,-1.50417,-0.158875
0.106673,-0.103813,-1.38789,17.7897,838864163,0.245668,-1.26813,-0.14541,0.245796,-1.26903,-0.123253,0.224193,-1.27208,-0.123253,0.224105,-1.27118,-0.14541,0.277802,-1.49551,-0.158875,0.277953,-1.49658,-0.132711,0.252398,-1.50019,-0.132711,0.252294,-1.49911,-0.158875
0.0462432,-0.103722,-1.37072,-1.22431,838864164,0.267646,-1.26502,-0.14541,0.267813,-1.26592,-0.123253,0.246211,-1.26897,-0.123253,0.246083,-1.26807,-0.14541,0.303726,-1.49185,-0.158875,0.303923,-1.49291,-0.132711,0.278368,-1.49652,-0.132711,0.278217,-1.49545,-0.158875
-8.60439e-05,-0.103814,-1.35337,-2.13786,838864165,0.289274,-1.25888,-0.14541,0.289433,-1.25978,-0.123253,0.26795,-1.26358,-0.123253,0.26783,-1.26268,-0.14541,0.32933,-1.485,-0.158875,0.329518,-1.48606,-0.132711,0.304105,-1.49056,-0.132711,0.303963,-1.48949,-0.158875
0.109218,-0.103728,-1.30169,9.87899,838864168,0.354239,-1.24348,-0.14541,0.354468,-1.24436,-0.123253,0.333131,-1.24891,-0.123253,0.33294,-1.24802,-0.14541,0.406064,-1.46723,-0.158875,0.406335,-1.46827,-0.132711,0.381094,-1.47366,-0.132711,0.380869,-1.47261,-0.158875
0.0514823,-0.103824,-1.17687,-2.65322,838864175,0.505789,-1.18844,-0.14541,0.506102,-1.1893,-0.123253,0.485605,-1.19677,-0.123253,0.48533,-1.1959,-0.14541,0.584474,-1.40418,-0.158875,0.584843,-1.40519,-0.132711,0.560596,-1.41403,-0.132711,0.560271,-1.41301,-0.158875
0.0379825,-0.10373,-1.1597,-2.31193,838864176,0.526642,-1.18083,-0.14541,0.526992,-1.18168,-0.123253,0.506495,-1.18915,-0.123253,0.506183,-1.1883,-0.14541,0.60907,-1.39521,-0.158875,0.609483,-1.3962,-0.132711,0.585236,-1.40505,-0.132711,0.584867,-1.40403,-0.158875
0.0550838,-0.103819,-1.14236,-22.3747,838864177,0.546521,-1.17033,-0.14541,0.546863,-1.17117,-0.123253,0.52664,-1.17936,-0.123253,0.526335,-1.1785,-0.14541,0.632692,-1.38319,-0.158875,0.633097,-1.38419,-0.132711,0.609173,-1.39387,-0.132711,0.608813,-1.39286,-0.158875
0.0911608,-0.103726,-1.12519,-5.85411,838864178,0.567096,-1.162,-0.14541,0.567475,-1.16283,-0.123253,0.547251,-1.17102,-0.123253,0.546909,-1.17017,-0.14541,0.65696,-1.37336,-0.158875,0.657408,-1.37434,-0.132711,0.633485,-1.38403,-0.132711,0.633081,-1.38303,-0.158875
0.11096,-0.103815,-1.10784,12.208,838864179,0.586596,-1.15081,-0.14541,0.586967,-1.15164,-0.123253,0.567042,-1.16053,-0.123253,0.566707,-1.15968,-0.14541,0.680149,-1.36053,-0.158875,0.680587,-1.36151,-0.132711,0.657017,-1.37203,-0.132711,0.656621,-1.37102,-0.158875
0.0186222,-0.103723,-1.09067,-2.09941,838864180,0.606867,-1.14176,-0.14541,0.607275,-1.14258,-0.123253,0.58735,-1.15147,-0.123253,0.586978,-1.15064,-0.14541,0.704059,-1.34986,-0.158875,0.70454,-1.35083,-0.132711,0.68097,-1.36134,-0.132711,0.680531,-1.36036,-0.158875
0.035191,-0.103814,-1.07333,-2.39944,838864181,0.625964,-1.1299,-0.14541,0.626364,-1.13072,-0.123253,0.606762,-1.1403,-0.123253,0.606397,-1.13946,-0.14541,0.726785,-1.33622,-0.158875,0.727257,-1.33719,-0.132711,0.704069,-1.34852,-0.132711,0.703638,-1.34753,-0.158875
0.184951,-0.121083,2.39998,16.7745,838864532,-0.960775,0.865347,-0.168009,-0.961705,0.866252,-0.145871,-0.946022,0.881419,-0.145871,-0.94512,0.880487,-0.168009,-1.12309,1.02746,-0.185468,-1.12419,1.02853,-0.159326,-1.10564,1.04647,-0.159326,-1.10457,1.04537,-0.185468
0.172754,-0.121082,-1.7543,5.4974,838864654,-0.225227,-1.27327,-0.168009,-0.225501,-1.27454,-0.145871,-0.246675,-1.26927,-0.145871,-0.246362,-1.26802,-0.168009,-0.276686,-1.49683,-0.185468,-0.27701,-1.49833,-0.159326,-0.302057,-1.4921,-0.159326,-0.301687,-1.49061,-0.185468
0.173116,-0.121188,-1.73696,4.23911,838864655,-0.202873,-1.27567,-0.168009,-0.203141,-1.27694,-0.145871,-0.224486,-1.27242,-0.145871,-0.224178,-1.27116,-0.168009,-0.25039,-1.50007,-0.185468,-0.250707,-1.50157,-0.159326,-0.275956,-1.49622,-0.159326,-0.275593,-1.49473,-0.185468
0.0144576,-0.121082,-1.40524,-2.05029,838864674,0.223839,-1.27351,-0.168009,0.224015,-1.2748,-0.145871,0.202319,-1.2771,-0.145871,0.202182,-1.27581,-0.168009,0.251946,-1.50119,-0.185468,0.252154,-1.50271,-0.159326,0.226488,-1.50543,-0.159326,0.226327,-1.5039,-0.185468
0.0250913,-0.121188,-1.38789,-3.1531,838864675,0.245668,-1.26813,-0.168009,0.24585,-1.26941,-0.145871,0.224247,-1.27247,-0.145871,0.224105,-1.27118,-0.168009,0.277765,-1.49524,-0.185468,0.277979,-1.49676,-0.159326,0.252424,-1.50037,-0.159326,0.252256,-1.49885,-0.185468
0.0177214,-0.121083,-1.37073,-1.86644,838864676,0.267646,-1.26502,-0.168009,0.267867,-1.2663,-0.145871,0.246264,-1.26935,-0.145871,0.246083,-1.26807,-0.168009,0.303688,-1.49158,-0.185468,0.303949,-1.49309,-0.159326,0.278394,-1.4967,-0.159326,0.27818,-1.49518,-0.185468
0.0875012,-0.12119,-1.35338,-0.0957547,838864677,0.289274,-1.25888,-0.168009,0.289501,-1.26016,-0.145871,0.268017,-1.26396,-0.145871,0.26783,-1.26268,-0.168009,0.329283,-1.48473,-0.185468,0.329551,-1.48624,-0.159326,0.304137,-1.49074,-0.159326,0.303916,-1.48923,-0.185468
-0.00659271,-0.121085,-1.33621,-1.71339,838864678,0.311131,-1.25501,-0.168009,0.311396,-1.25628,-0.145871,0.289913,-1.26008,-0.145871,0.289687,-1.2588,-0.168009,0.355063,-1.48017,-0.185468,0.355376,-1.48167,-0.159326,0.329963,-1.48617,-0.159326,0.329696,-1.48466,-0.185468
0.0229205,-0.121193,-1.31887,-1.97109,838864679,0.332531,-1.24811,-0.168009,0.332801,-1.24938,-0.145871,0.311464,-1.25393,-0.145871,0.311233,-1.25266,-0.168009,0.380404,-1.47243,-0.185468,0.380723,-1.47393,-0.159326,0.355483,-1.47932,-0.159326,0.355209,-1.47781,-0.185468
0.0407012,-0.121089,-1.3017,-2.82803,838864680,0.354239,-1.24348,-0.168009,0.354548,-1.24474,-0.145871,0.333211,-1.24929,-0.145871,0.33294,-1.24802,-0.168009,0.406008,-1.46697,-0.185468,0.406374,-1.46845,-0.159326,0.381133,-1.47384,-0.159326,0.380813,-1.47234,-0.185468
0.0319719,-0.121198,-1.28436,-3.78546,838864681,0.375385,-1.23584,-0.168009,0.3757,-1.2371,-0.145871,0.354535,-1.24239,-0.145871,0.354258,-1.24113,-0.168009,0.431063,-1.45835,-0.185468,0.431435,-1.45984,-0.159326,0.406398,-1.4661,-0.159326,0.406071,-1.4646,-0.185468
-0.0244715,-0.121094,-1.26719,-1.45445,838864682,0.396917,-1.23045,-0.168009,0.397271,-1.2317,-0.145871,0.376106,-1.237,-0.145871,0.375791,-1.23574,-0.168009,0.456461,-1.452,-0.185468,0.456878,-1.45347,-0.159326,0.431841,-1.45973,-0.159326,0.431469,-1.45825,-0.185468
-0.0275713,-0.121201,-1.17688,-3.05532,838864687,0.505789,-1.18844,-0.168009,0.506234,-1.18966,-0.145871,0.485737,-1.19713,-0.145871,0.48533,-1.1959,-0.168009,0.584382,-1.40393,-0.185468,0.584906,-1.40536,-0.159326,0.56066,-1.41421,-0.159326,0.560179,-1.41275,-0.185468
0.0083594,-0.121091,-1.15971,-2.23007,838864688,0.526642,-1.18083,-0.168009,0.527124,-1.18204,-0.145871,0.506627,-1.18951,-0.145871,0.506183,-1.1883,-0.168009,0.608978,-1.39495,-0.185468,0.609547,-1.39638,-0.159326,0.5853,-1.40522,-0.159326,0.584775,-1.40378,-0.185468
0.22355,-0.121195,-1.14236,-1.52179,838864689,0.546521,-1.17033,-0.168009,0.547008,-1.17153,-0.145871,0.526785,-1.17972,-0.145871,0.526335,-1.1785,-0.168009,0.632592,-1.38294,-0.185468,0.633166,-1.38436,-0.159326,0.609243,-1.39404,-0.159326,0.608712,-1.39261,-0.185468
0.135923,-0.121087,-1.1252,17.4794,838864690,0.567096,-1.162,-0.168009,0.567619,-1.16319,-0.145871,0.547396,-1.17137,-0.145871,0.546909,-1.17017,-0.168009,0.656859,-1.37311,-0.185468,0.657478,-1.37452,-0.159326,0.633555,-1.3842,-0.159326,0.63298,-1.38278,-0.185468
0.0444036,-0.121191,-1.10785,-2.84161,838864691,0.586596,-1.15081,-0.168009,0.587124,-1.15199,-0.145871,0.567199,-1.16088,-0.145871,0.566707,-1.15968,-0.168009,0.680039,-1.36028,-0.185468,0.680663,-1.36168,-0.159326,0.657093,-1.3722,-0.159326,0.656512,-1.37078,-0.185468
0.102067,-0.121083,-1.09068,-2.28935,838864692,0.606867,-1.14176,-0.168009,0.607432,-1.14293,-0.145871,0.587507,-1.15182,-0.145871,0.586978,-1.15064,-0.168009,0.703949,-1.34962,-0.185468,0.704616,-1.351,-0.159326,0.681046,-1.36151,-0.159326,0.680422,-1.36011,-0.185468
0.0372953,-0.121189,-1.07334,-2.51504,838864693,0.625964,-1.1299,-0.168009,0.626534,-1.13106,-0.145871,0.606931,-1.14064,-0.145871,0.606397,-1.13946,-0.168009,0.726666,-1.33598,-0.185468,0.727339,-1.33736,-0.159326,0.70415,-1.34869,-0.159326,0.70352,-1.34729,-0.185468
0.290221,-0.121083,-1.02166,-7.7155,838864696,0.684168,-1.09719,-0.168009,0.684813,-1.09832,-0.145871,0.665558,-1.10858,-0.145871,0.664948,-1.10743,-0.168009,0.795524,-1.29776,-0.185468,0.796285,-1.29909,-0.159326,0.773507,-1.31122,-0.159326,0.772786,-1.30987,-0.185468
0.205377,-0.121198,-0.93529,-1.91357,838864701,0.775428,-1.03292,-0.168009,0.776154,-1.03399,-0.145871,0.758077,-1.04621,-0.145871,0.757384,-1.04511,-0.168009,0.903852,-1.22297,-0.185468,0.90471,-1.22424,-0.159326,0.883325,-1.23869,-0.159326,0.882506,-1.23739,-0.185468
0.0968251,-0.138424,2.78354,45.4871,838865066,-1.21481,0.442906,-0.190634,-1.21637,0.443553,-0.168522,-1.20751,0.463491,-0.168522,-1.20597,0.462808,-0.190634,-1.42573,0.532266,-0.212083,-1.42757,0.53303,-0.185971,-1.41709,0.556615,-0.185971,-1.41527,0.555809,-0.212083
0.0973194,-0.138545,-1.73697,-20.586,838865167,-0.202873,-1.27567,-0.190634,-0.203221,-1.27732,-0.168522,-0.224566,-1.2728,-0.168522,-0.224178,-1.27116,-0.190634,-0.250319,-1.49974,-0.212083,-0.250731,-1.50168,-0.185971,-0.27598,-1.49634,-0.185971,-0.275523,-1.4944,-0.212083
0.00787195,-0.138424,-1.40525,-2.8108,838865186,0.223839,-1.27351,-0.190634,0.224056,-1.27518,-0.168522,0.202359,-1.27748,-0.168522,0.202182,-1.27581,-0.190634,0.25191,-1.50085,-0.212083,0.252166,-1.50282,-0.185971,0.2265,-1.50554,-0.185971,0.226291,-1.50357,-0.212083
0.759363,-0.138545,-1.3879,-0.153105,838865187,0.245668,-1.26813,-0.190634,0.245904,-1.26979,-0.168522,0.224301,-1.27285,-0.168522,0.224105,-1.27118,-0.190634,0.277717,-1.49491,-0.212083,0.277995,-1.49687,-0.185971,0.25244,-1.50049,-0.185971,0.252209,-1.49851,-0.212083
0.210204,-0.138424,-1.37073,-9.2839,838865188,0.267646,-1.26502,-0.190634,0.267921,-1.26668,-0.168522,0.246318,-1.26974,-0.168522,0.246083,-1.26807,-0.190634,0.303641,-1.49124,-0.212083,0.303965,-1.4932,-0.185971,0.27841,-1.49682,-0.185971,0.278132,-1.49485,-0.212083
0.381716,-0.138546,-1.35339,-1.55437,838865189,0.289274,-1.25888,-0.190634,0.289568,-1.26053,-0.168522,0.268085,-1.26434,-0.168522,0.26783,-1.26268,-0.190634,0.329224,-1.4844,-0.212083,0.329571,-1.48636,-0.185971,0.304157,-1.49086,-0.185971,0.303857,-1.48889,-0.212083
0.0415864,-0.138427,-1.33622,-3.12695,838865190,0.311131,-1.25501,-0.190634,0.311463,-1.25666,-0.168522,0.28998,-1.26046,-0.168522,0.289687,-1.2588,-0.190634,0.355004,-1.47983,-0.212083,0.355397,-1.48178,-0.185971,0.329983,-1.48628,-0.185971,0.329637,-1.48433,-0.212083
0.0681557,-0.13855,-1.31888,-40.3488,838865191,0.332531,-1.24811,-0.190634,0.332882,-1.24976,-0.168522,0.311545,-1.25431,-0.168522,0.311233,-1.25266,-0.190634,0.380333,-1.4721,-0.212083,0.380748,-1.47404,-0.185971,0.355507,-1.47943,-0.185971,0.355138,-1.47748,-0.212083
0.0100699,-0.138431,-1.30171,-2.3533,838865192,0.354239,-1.24348,-0.190634,0.354629,-1.24511,-0.168522,0.333291,-1.24967,-0.168522,0.33294,-1.24802,-0.190634,0.405937,-1.46664,-0.212083,0.406398,-1.46857,-0.185971,0.381157,-1.47396,-0.185971,0.380743,-1.47201,-0.212083
0.0408994,-0.138555,-1.28436,-1.94705,838865193,0.375385,-1.23584,-0.190634,0.375793,-1.23747,-0.168522,0.354628,-1.24277,-0.168522,0.354258,-1.24113,-0.190634,0.430981,-1.45802,-0.212083,0.431463,-1.45995,-0.185971,0.406426,-1.46621,-0.185971,0.405989,-1.46428,-0.212083
0.0150699,-0.138438,-1.26719,-2.78166,838865194,0.396917,-1.23045,-0.190634,0.397365,-1.23207,-0.168522,0.376199,-1.23737,-0.168522,0.375791,-1.23574,-0.190634,0.456379,-1.45167,-0.212083,0.456906,-1.45358,-0.185971,0.431869,-1.45985,-0.185971,0.431387,-1.45792,-0.212083
-0.0260416,-0.138559,-1.17688,-3.27667,838865199,0.505789,-1.18844,-0.190634,0.506366,-1.19002,-0.168522,0.485869,-1.19749,-0.168522,0.48533,-1.1959,-0.190634,0.584266,-1.40361,-0.212083,0.584946,-1.40547,-0.185971,0.560699,-1.41432,-0.185971,0.560063,-1.41243,-0.212083
0.245484,-0.138434,-1.15972,-4.40705,838865200,0.526642,-1.18083,-0.190634,0.527256,-1.1824,-0.168522,0.506759,-1.18988,-0.168522,0.506183,-1.1883,-0.190634,0.608862,-1.39464,-0.212083,0.609586,-1.39649,-0.185971,0.58534,-1.40533,-0.185971,0.584659,-1.40346,-0.212083
7.33923,-0.138552,-1.14237,0.141993,838865201,0.546521,-1.17033,-0.190634,0.547152,-1.17189,-0.168522,0.526929,-1.18008,-0.168522,0.526335,-1.1785,-0.190634,0.632464,-1.38263,-0.212083,0.63321,-1.38447,-0.185971,0.609287,-1.39415,-0.185971,0.608585,-1.39229,-0.212083
0.653861,-0.138429,-1.1252,-2.77448,838865202,0.567096,-1.162,-0.190634,0.567764,-1.16354,-0.168522,0.547541,-1.17173,-0.168522,0.546909,-1.17017,-0.190634,0.656732,-1.3728,-0.212083,0.657521,-1.37462,-0.185971,0.633598,-1.38431,-0.185971,0.632853,-1.38247,-0.212083
0.235313,-0.138548,-1.10786,-27.0345,838865203,0.586596,-1.15081,-0.190634,0.587281,-1.15234,-0.168522,0.567356,-1.16123,-0.168522,0.566707,-1.15968,-0.190634,0.679901,-1.35997,-0.212083,0.680711,-1.36179,-0.185971,0.65714,-1.3723,-0.185971,0.656374,-1.37047,-0.212083
0.0949679,-0.138425,-1.09069,20.4399,838865204,0.606867,-1.14176,-0.190634,0.607589,-1.14328,-0.168522,0.587663,-1.15217,-0.168522,0.586978,-1.15064,-0.190634,0.703811,-1.34931,-0.212083,0.704663,-1.3511,-0.185971,0.681093,-1.36162,-0.185971,0.680284,-1.3598,-0.212083
0.0376651,-0.138545,-1.07334,-3.5275,838865205,0.625964,-1.1299,-0.190634,0.626703,-1.13141,-0.168522,0.6071,-1.14099,-0.168522,0.606397,-1.13946,-0.190634,0.726518,-1.33568,-0.212083,0.72739,-1.33746,-0.185971,0.704201,-1.34879,-0.185971,0.703371,-1.34699,-0.212083
0.132503,-0.155747,-1.40525,18.2003,838865698,0.223839,-1.27351,-0.213293,0.224096,-1.27556,-0.191213,0.2024,-1.27786,-0.191213,0.202182,-1.27581,-0.213293,0.251867,-1.50045,-0.238724,0.252171,-1.50287,-0.212651,0.226505,-1.50559,-0.212651,0.226248,-1.50316,-0.238724
0.158834,-0.155883,-1.38791,-14.6227,838865699,0.245668,-1.26813,-0.213293,0.245957,-1.27017,-0.191213,0.224354,-1.27323,-0.191214,0.224105,-1.27118,-0.213293,0.27766,-1.4945,-0.238724,0.278002,-1.49692,-0.212651,0.252447,-1.50053,-0.212651,0.252152,-1.49811,-0.238724
0.82214,-0.155747,-1.37074,1.77055,838865700,0.267646,-1.26502,-0.213293,0.267975,-1.26706,-0.191213,0.246372,-1.27012,-0.191213,0.246083,-1.26807,-0.213293,0.303584,-1.49084,-0.238724,0.303972,-1.49325,-0.212651,0.278417,-1.49686,-0.212651,0.278075,-1.49444,-0.238724
11.2655,-0.155885,-1.35339,0.20134,838865701,0.289274,-1.25888,-0.213293,0.289635,-1.26091,-0.191213,0.268152,-1.26472,-0.191213,0.26783,-1.26268,-0.213293,0.329153,-1.484,-0.238724,0.329579,-1.4864,-0.212651,0.304166,-1.4909,-0.212651,0.303786,-1.48849,-0.238724
0.28872,-0.15575,-1.33623,0.222482,838865702,0.311131,-1.25501,-0.213293,0.31153,-1.25703,-0.191213,0.290047,-1.26084,-0.191213,0.289687,-1.2588,-0.213293,0.354933,-1.47943,-0.238724,0.355405,-1.48183,-0.212651,0.329991,-1.48633,-0.212651,0.329566,-1.48393,-0.238724
-0.00748034,-0.155889,-1.31888,-2.59723,838865703,0.332531,-1.24811,-0.213293,0.332962,-1.25013,-0.191213,0.311625,-1.25469,-0.191214,0.311233,-1.25266,-0.213293,0.380248,-1.4717,-0.238724,0.380757,-1.47409,-0.212651,0.355516,-1.47947,-0.212651,0.355053,-1.47708,-0.238724
-0.0240481,-0.155755,-1.30172,-3.29304,838865704,0.354239,-1.24348,-0.213293,0.354709,-1.24549,-0.191213,0.333372,-1.25004,-0.191213,0.33294,-1.24802,-0.213293,0.405852,-1.46624,-0.238724,0.406408,-1.46861,-0.212651,0.381167,-1.474,-0.212651,0.380657,-1.47161,-0.238724
0.000721954,-0.155895,-1.28437,-2.67715,838865705,0.375385,-1.23584,-0.213293,0.375886,-1.23784,-0.191213,0.354721,-1.24314,-0.191214,0.354258,-1.24113,-0.213293,0.430882,-1.45763,-0.238724,0.431474,-1.45999,-0.212651,0.406437,-1.46626,-0.212651,0.40589,-1.46388,-0.238724
0.0681628,-0.155762,-1.2672,0.336892,838865706,0.396917,-1.23045,-0.213293,0.397458,-1.23245,-0.191213,0.376293,-1.23774,-0.191214,0.375791,-1.23574,-0.213293,0.45628,-1.45127,-0.238724,0.456918,-1.45363,-0.212651,0.43188,-1.45989,-0.212651,0.431288,-1.45752,-0.238724
-0.042607,-0.155899,-1.17689,-3.34134,838865711,0.505789,-1.18844,-0.213293,0.506497,-1.19038,-0.191213,0.486,-1.19786,-0.191213,0.48533,-1.1959,-0.213293,0.584126,-1.40322,-0.238724,0.584962,-1.40552,-0.212651,0.560715,-1.41436,-0.212651,0.559923,-1.41205,-0.238724
0.0778237,-0.155759,-1.15973,-3.19363,838865712,0.526642,-1.18083,-0.213293,0.527388,-1.18276,-0.191214,0.506891,-1.19024,-0.191213,0.506183,-1.1883,-0.213293,0.608722,-1.39425,-0.238724,0.609602,-1.39653,-0.212651,0.585355,-1.40537,-0.212651,0.584519,-1.40308,-0.238724
0.108264,-0.155891,-1.14238,11.5545,838865713,0.546521,-1.17033,-0.213293,0.547297,-1.17224,-0.191213,0.527073,-1.18043,-0.191214,0.526335,-1.1785,-0.213293,0.632311,-1.38225,-0.238724,0.633227,-1.38451,-0.212651,0.609304,-1.39419,-0.212651,0.608432,-1.39191,-0.238724
0.104208,-0.155752,-1.12521,4.64569,838865714,0.567096,-1.162,-0.213293,0.567908,-1.1639,-0.191213,0.547685,-1.17209,-0.191213,0.546909,-1.17017,-0.213293,0.656579,-1.37242,-0.238724,0.657539,-1.37467,-0.212651,0.633615,-1.38435,-0.212651,0.6327,-1.38209,-0.238724
0.0270834,-0.155886,-1.10786,-2.74219,838865715,0.586596,-1.15081,-0.213293,0.587438,-1.1527,-0.191213,0.567513,-1.16158,-0.191214,0.566707,-1.15968,-0.213293,0.679735,-1.3596,-0.238724,0.680729,-1.36183,-0.212651,0.657159,-1.37234,-0.212651,0.656208,-1.3701,-0.238724
0.0670004,-0.155748,-1.0907,-3.18837,838865716,0.606867,-1.14176,-0.213293,0.607745,-1.14364,-0.191213,0.58782,-1.15252,-0.191213,0.586978,-1.15064,-0.213293,0.703645,-1.34893,-0.238724,0.704682,-1.35114,-0.212651,0.681112,-1.36166,-0.212651,0.680117,-1.35943,-0.238724
0.0511455,-0.155884,-1.07335,-20.1804,838865717,0.625964,-1.1299,-0.213293,0.626871,-1.13176,-0.191213,0.607269,-1.14133,-0.191214,0.606397,-1.13946,-0.213293,0.726339,-1.33531,-0.238724,0.72741,-1.3375,-0.212651,0.704222,-1.34883,-0.212651,0.703192,-1.34662,-0.238724
0.1721,-0.155903,-0.900787,-12.1679,838865727,0.810564,-1.00549,-0.213293,0.81178,-1.00716,-0.191214,0.794141,-1.02,-0.191213,0.792957,-1.0183,-0.213293,0.945107,-1.19033,-0.238724,0.946544,-1.19231,-0.212651,0.925677,-1.20749,-0.212651,0.924279,-1.20549,-0.238724
0.0764503,-0.173052,-1.40526,-28.5364,838866210,0.223839,-1.27351,-0.235992,0.224137,-1.27595,-0.213952,0.20244,-1.27824,-0.213952,0.202182,-1.27581,-0.235992,0.251817,-1.49997,-0.265397,0.252169,-1.50285,-0.239371,0.226503,-1.50556,-0.239371,0.226198,-1.50269,-0.265397
0.139613,-0.173203,-1.38791,1.81552,838866211,0.245668,-1.26813,-0.235992,0.246011,-1.27055,-0.213952,0.224408,-1.27361,-0.213952,0.224105,-1.27118,-0.235992,0.277594,-1.49403,-0.265397,0.277999,-1.4969,-0.239371,0.252443,-1.50051,-0.239371,0.252085,-1.49764,-0.265397
0.322759,-0.173052,-1.37075,-0.571718,838866212,0.267646,-1.26502,-0.235992,0.268029,-1.26744,-0.213952,0.246426,-1.2705,-0.213952,0.246083,-1.26807,-0.235992,0.303517,-1.49037,-0.265397,0.303968,-1.49323,-0.239371,0.278413,-1.49684,-0.239371,0.278008,-1.49397,-0.265397
0.533984,-0.173205,-1.3534,0.307701,838866213,0.289274,-1.25888,-0.235992,0.289702,-1.26129,-0.213952,0.268219,-1.2651,-0.213952,0.26783,-1.26268,-0.235992,0.32907,-1.48353,-0.265397,0.329575,-1.48638,-0.239371,0.304161,-1.49088,-0.239371,0.303703,-1.48802,-0.265397
0.231215,-0.173056,-1.33624,1.39355,838866214,0.311131,-1.25501,-0.235992,0.311597,-1.25741,-0.213952,0.290114,-1.26122,-0.213952,0.289687,-1.2588,-0.235992,0.35485,-1.47896,-0.265397,0.355401,-1.4818,-0.239371,0.329987,-1.4863,-0.239371,0.329482,-1.48346,-0.265397
0.00532507,-0.173209,-1.31889,-4.85494,838866215,0.332531,-1.24811,-0.235992,0.333042,-1.25051,-0.213952,0.311705,-1.25506,-0.213952,0.311233,-1.25266,-0.235992,0.380148,-1.47123,-0.265397,0.380752,-1.47406,-0.239371,0.355512,-1.47945,-0.239371,0.354953,-1.47661,-0.265397
0.0717723,-0.173061,-1.30173,-3.75581,838866216,0.354239,-1.24348,-0.235992,0.354789,-1.24587,-0.213952,0.333452,-1.25042,-0.213952,0.33294,-1.24802,-0.235992,0.405753,-1.46577,-0.265397,0.406403,-1.46859,-0.239371,0.381162,-1.47398,-0.239371,0.380558,-1.47115,-0.265397
0.0838578,-0.173216,-1.28437,4.13458,838866217,0.375385,-1.23584,-0.235992,0.37598,-1.23822,-0.213952,0.354815,-1.24351,-0.213952,0.354258,-1.24113,-0.235992,0.430766,-1.45716,-0.265397,0.431468,-1.45997,-0.239371,0.406431,-1.46624,-0.239371,0.405774,-1.46342,-0.265397
0.0542285,-0.173069,-1.26721,-3.79407,838866218,0.396917,-1.23045,-0.235992,0.397551,-1.23282,-0.213952,0.376386,-1.23812,-0.213952,0.375791,-1.23574,-0.235992,0.456164,-1.45081,-0.265397,0.456912,-1.4536,-0.239371,0.431875,-1.45987,-0.239371,0.431172,-1.45706,-0.265397
-0.00910843,-0.173225,-1.24986,-4.27214,838866219,0.417784,-1.22208,-0.235992,0.418462,-1.22443,-0.213952,0.397494,-1.23047,-0.213952,0.396855,-1.2281,-0.235992,0.480861,-1.44133,-0.265397,0.481661,-1.44411,-0.239371,0.456858,-1.45125,-0.239371,0.456103,-1.44846,-0.265397
0.0264767,-0.17308,-1.23269,-4.18144,838866220,0.439115,-1.21594,-0.235992,0.439831,-1.21829,-0.213952,0.418864,-1.22432,-0.213952,0.418186,-1.22196,-0.235992,0.506022,-1.43409,-0.265397,0.506867,-1.43686,-0.239371,0.482064,-1.444,-0.239371,0.481264,-1.44122,-0.265397
0.0907056,-0.173231,-1.21141,18.9703,838866221,0.46445,-1.20511,-0.235992,0.465208,-1.20745,-0.213952,0.444463,-1.2142,-0.213952,0.443742,-1.21186,-0.235992,0.535089,-1.42205,-0.265397,0.535985,-1.4248,-0.239371,0.511444,-1.43279,-0.239371,0.510593,-1.43003,-0.265397
0.0353295,-0.173074,-1.19425,-4.73843,838866222,0.485555,-1.19824,-0.235992,0.486352,-1.20056,-0.213952,0.465607,-1.20732,-0.213952,0.464848,-1.20499,-0.235992,0.559984,-1.41395,-0.265397,0.560924,-1.41668,-0.239371,0.536383,-1.42467,-0.239371,0.535487,-1.42192,-0.265397
0.078239,-0.17322,-1.1769,-3.90529,838866223,0.505789,-1.18844,-0.235992,0.506629,-1.19074,-0.213952,0.486132,-1.19822,-0.213952,0.48533,-1.1959,-0.235992,0.583962,-1.40278,-0.265397,0.584954,-1.40549,-0.239371,0.560707,-1.41434,-0.239371,0.55976,-1.4116,-0.265397
0.278434,-0.173065,-1.15974,-5.4821,838866224,0.526642,-1.18083,-0.235992,0.527519,-1.18312,-0.213952,0.507022,-1.1906,-0.213952,0.506183,-1.1883,-0.235992,0.608558,-1.3938,-0.265397,0.609594,-1.39651,-0.239371,0.585347,-1.40535,-0.239371,0.584356,-1.40263,-0.265397
0.0586441,-0.173212,-1.14238,-5.02714,838866225,0.546521,-1.17033,-0.235992,0.547441,-1.1726,-0.213952,0.527217,-1.18079,-0.213952,0.526335,-1.1785,-0.235992,0.632132,-1.3818,-0.265397,0.633218,-1.38449,-0.239371,0.609295,-1.39417,-0.239371,0.608253,-1.39147,-0.265397
0.0660294,-0.173058,-1.12522,-3.84292,838866226,0.567096,-1.162,-0.235992,0.568052,-1.16426,-0.213952,0.547829,-1.17244,-0.213952,0.546909,-1.17017,-0.235992,0.6564,-1.37198,-0.265397,0.65753,-1.37465,-0.239371,0.633607,-1.38433,-0.239371,0.632521,-1.38165,-0.265397
-0.00888958,-0.173207,-1.10787,-3.76448,838866227,0.586596,-1.15081,-0.235992,0.587594,-1.15305,-0.213952,0.567669,-1.16193,-0.213952,0.566707,-1.15968,-0.235992,0.679541,-1.35916,-0.265397,0.68072,-1.36181,-0.239371,0.657149,-1.37232,-0.239371,0.656013,-1.36966,-0.265397
0.0270964,-0.173054,-1.09071,-3.79733,838866228,0.606867,-1.14176,-0.235992,0.607902,-1.14399,-0.213952,0.587977,-1.15287,-0.213952,0.586978,-1.15064,-0.235992,0.70345,-1.3485,-0.265397,0.704672,-1.35112,-0.239371,0.681102,-1.36164,-0.239371,0.679923,-1.35899,-0.265397
-0.0431265,-0.173203,-1.07336,-4.22912,838866229,0.625964,-1.1299,-0.235992,0.62704,-1.1321,-0.213952,0.607437,-1.14168,-0.213952,0.606397,-1.13946,-0.235992,0.726129,-1.33488,-0.265397,0.7274,-1.33748,-0.239371,0.704211,-1.34881,-0.239371,0.702983,-1.34619,-0.265397
-0.0629,-0.19059,-1.56049,-2.9724,838866713,0.0242659,-1.29129,-0.258872,0.0241683,-1.29414,-0.236756,0.0023301,-1.29339,-0.236756,0.00250089,-1.29054,-0.258872,0.0164671,-1.51876,-0.292181,0.0163522,-1.52212,-0.26615,-0.0094224,-1.52123,-0.26615,-0.00922136,-1.51788,-0.292181
0.0355657,-0.190418,-1.54332,-2.1822,838866714,0.0464503,-1.29205,-0.258872,0.0464258,-1.2949,-0.236756,0.0245877,-1.29415,-0.236756,0.0246853,-1.2913,-0.258872,0.042575,-1.51966,-0.292181,0.0425462,-1.52301,-0.26615,0.0167716,-1.52213,-0.26615,0.0168865,-1.51878,-0.292181
0.232949,-0.190579,-1.52598,2.51025,838866715,0.068816,-1.28976,-0.258872,0.0688179,-1.29261,-0.236756,0.0469669,-1.29262,-0.236756,0.0470382,-1.28977,-0.258872,0.0689667,-1.51737,-0.292181,0.0689689,-1.52072,-0.26615,0.0431792,-1.52074,-0.26615,0.0432631,-1.51738,-0.292181
0.178656,-0.190408,-1.50881,4.69213,838866716,0.0910134,-1.28974,-0.258872,0.0910885,-1.29259,-0.236756,0.0692375,-1.29261,-0.236756,0.0692356,-1.28976,-0.258872,0.0950899,-1.51735,-0.292181,0.0951783,-1.5207,-0.26615,0.0693886,-1.52072,-0.26615,0.0693863,-1.51737,-0.292181
0.132696,-0.19057,-1.49146,7.98611,838866717,0.113285,-1.28667,-0.258872,0.113387,-1.28952,-0.236756,0.0915496,-1.2903,-0.236756,0.0915214,-1.28745,-0.258872,0.121385,-1.51414,-0.292181,0.121505,-1.51749,-0.26615,0.0957314,-1.51841,-0.26615,0.0956981,-1.51505,-0.292181
0.199145,-0.19056,-1.42244,-8.92084,838866721,0.201765,-1.27585,-0.258872,0.202065,-1.27868,-0.236756,0.180336,-1.28098,-0.236756,0.180108,-1.27814,-0.258872,0.225725,-1.50219,-0.292181,0.226078,-1.50553,-0.26615,0.200431,-1.50824,-0.26615,0.200164,-1.5049,-0.292181
0.0405613,-0.190394,-1.40527,-2.16172,838866722,0.223839,-1.27351,-0.258872,0.224212,-1.27634,-0.236756,0.202483,-1.27864,-0.236756,0.202183,-1.27581,-0.258872,0.251703,-1.49944,-0.292181,0.252142,-1.50277,-0.26615,0.226495,-1.50549,-0.26615,0.226142,-1.50215,-0.292181
0.0466214,-0.190559,-1.38793,-1.90273,838866723,0.245668,-1.26813,-0.258872,0.246067,-1.27095,-0.236756,0.224431,-1.27401,-0.236756,0.224104,-1.27118,-0.258872,0.277518,-1.4935,-0.292181,0.277987,-1.49682,-0.26615,0.252451,-1.50043,-0.26615,0.252067,-1.49709,-0.292181
0.139718,-0.190394,-1.37075,-11.5828,838866724,0.267647,-1.26502,-0.258872,0.268118,-1.26783,-0.236756,0.246482,-1.27089,-0.236756,0.246083,-1.26807,-0.258872,0.303384,-1.48984,-0.292181,0.303939,-1.49315,-0.26615,0.278403,-1.49676,-0.26615,0.277933,-1.49344,-0.292181
0.0152491,-0.190561,-1.35341,-1.46923,838866725,0.289274,-1.25888,-0.258872,0.289771,-1.26168,-0.236756,0.268255,-1.2655,-0.236756,0.26783,-1.26268,-0.258872,0.328976,-1.483,-0.292181,0.329561,-1.4863,-0.26615,0.304166,-1.4908,-0.26615,0.303666,-1.48748,-0.292181
0.155339,-0.190398,-1.33624,11.2801,838866726,0.311131,-1.25501,-0.258872,0.3117,-1.2578,-0.236756,0.290184,-1.26161,-0.236756,0.289687,-1.2588,-0.258872,0.354698,-1.47844,-0.292181,0.355368,-1.48173,-0.26615,0.329974,-1.48623,-0.26615,0.329389,-1.48292,-0.292181
0.00898422,-0.190566,-1.3189,-1.27629,838866727,0.33253,-1.24811,-0.258872,0.333125,-1.2509,-0.236756,0.311755,-1.25546,-0.236756,0.311232,-1.25266,-0.258872,0.380035,-1.47071,-0.292181,0.380736,-1.47399,-0.26615,0.355514,-1.47937,-0.26615,0.354898,-1.47607,-0.292181
0.253542,-0.190404,-1.30173,5.98952,838866728,0.354239,-1.24348,-0.258872,0.354905,-1.24625,-0.236756,0.333535,-1.25081,-0.236756,0.332941,-1.24802,-0.258872,0.405583,-1.46526,-0.292181,0.406368,-1.46852,-0.26615,0.381146,-1.4739,-0.26615,0.380446,-1.47062,-0.292181
0.143813,-0.190574,-1.28439,8.79954,838866729,0.375384,-1.23584,-0.258872,0.376076,-1.2386,-0.236756,0.354879,-1.24391,-0.236756,0.354258,-1.24113,-0.258872,0.430635,-1.45664,-0.292181,0.431449,-1.4599,-0.26615,0.406431,-1.46616,-0.26615,0.4057,-1.46288,-0.292181
0.121594,-0.190413,-1.26721,-14.2586,838866730,0.396918,-1.23045,-0.258872,0.397681,-1.2332,-0.236756,0.376483,-1.2385,-0.236756,0.375791,-1.23574,-0.258872,0.455977,-1.4503,-0.292181,0.456875,-1.45353,-0.26615,0.431856,-1.45979,-0.26615,0.431042,-1.45654,-0.292181
0.000467139,-0.190584,-1.24987,-1.91082,838866731,0.417784,-1.22208,-0.258872,0.418571,-1.22482,-0.236756,0.397572,-1.23086,-0.236756,0.396855,-1.2281,-0.258872,0.480712,-1.44082,-0.292181,0.481639,-1.44404,-0.26615,0.456855,-1.45117,-0.26615,0.45601,-1.44792,-0.292181
0.0556035,-0.190424,-1.2327,-1.4147,838866732,0.439116,-1.21594,-0.258872,0.439974,-1.21866,-0.236756,0.418975,-1.2247,-0.236756,0.418187,-1.22196,-0.258872,0.505817,-1.43359,-0.292181,0.506827,-1.43679,-0.26615,0.482043,-1.44392,-0.26615,0.481115,-1.4407,-0.292181
-0.000575256,-0.19059,-1.21143,-1.94696,838866733,0.464449,-1.20511,-0.258872,0.465331,-1.20782,-0.236756,0.444554,-1.21459,-0.236756,0.443742,-1.21186,-0.258872,0.534922,-1.42154,-0.292181,0.535961,-1.42473,-0.26615,0.511438,-1.43271,-0.26615,0.510482,-1.4295,-0.292181
0.0258904,-0.190418,-1.19426,-2.28139,838866734,0.485556,-1.19824,-0.258872,0.486508,-1.20093,-0.236756,0.465731,-1.20769,-0.236756,0.464848,-1.20498,-0.258872,0.559762,-1.41345,-0.292181,0.560882,-1.41661,-0.26615,0.53636,-1.4246,-0.26615,0.535321,-1.42141,-0.292181
0.0905091,-0.190579,-1.17691,7.20358,838866735,0.505789,-1.18844,-0.258872,0.506765,-1.19112,-0.236756,0.486237,-1.1986,-0.236756,0.485329,-1.1959,-0.258872,0.583777,-1.40227,-0.292181,0.584927,-1.40542,-0.26615,0.560698,-1.41426,-0.26615,0.55963,-1.41108,-0.292181
-0.0477302,-0.190408,-1.15974,-2.75463,838866736,0.526642,-1.18083,-0.258872,0.527688,-1.18348,-0.236756,0.507159,-1.19097,-0.236756,0.506183,-1.18829,-0.258872,0.608319,-1.39332,-0.292181,0.60955,-1.39644,-0.26615,0.585321,-1.40528,-0.26615,0.584172,-1.40213,-0.292181
-0.00649174,-0.19057,-1.1424,-3.0149,838866737,0.546521,-1.17033,-0.258872,0.54759,-1.17297,-0.236756,0.527336,-1.18117,-0.236756,0.526334,-1.1785,-0.258872,0.63193,-1.38131,-0.292181,0.633189,-1.38442,-0.26615,0.609283,-1.39409,-0.26615,0.608105,-1.39095,-0.292181
-0.0147084,-0.1904,-1.12523,-1.87504,838866738,0.567096,-1.162,-0.258872,0.568233,-1.16461,-0.236756,0.547979,-1.17281,-0.236756,0.54691,-1.17017,-0.258872,0.656144,-1.3715,-0.292181,0.657483,-1.37458,-0.26615,0.633578,-1.38426,-0.26615,0.632319,-1.38115,-0.292181
0.0256095,-0.190564,-1.10788,-1.05241,838866739,0.586595,-1.15081,-0.258872,0.587756,-1.15341,-0.236756,0.567801,-1.16231,-0.236756,0.566707,-1.15968,-0.258872,0.679321,-1.35867,-0.292181,0.680687,-1.36174,-0.26615,0.657135,-1.37224,-0.26615,0.655847,-1.36914,-0.292181
0.0199313,-0.190396,-1.09071,-1.51285,838866740,0.606867,-1.14176,-0.258872,0.608095,-1.14434,-0.236756,0.588139,-1.15324,-0.236756,0.586978,-1.15064,-0.258872,0.703178,-1.34803,-0.292181,0.704623,-1.35106,-0.26615,0.681071,-1.36157,-0.26615,0.679704,-1.3585,-0.292181
0.0275667,-0.19056,-1.07337,-2.3602,838866741,0.625964,-1.1299,-0.258872,0.627215,-1.13246,-0.236756,0.607582,-1.14205,-0.236756,0.606397,-1.13946,-0.258872,0.725892,-1.3344,-0.292181,0.727365,-1.33741,-0.26615,0.704194,-1.34873,-0.26615,0.702799,-1.34568,-0.292181
0.0211193,-0.207971,-1.5605,-3.37782,838867225,0.0242659,-1.29129,-0.281796,0.0241553,-1.29451,-0.259733,0.00231713,-1.29377,-0.259733,0.00250089,-1.29054,-0.281796,0.0164878,-1.51816,-0.319,0.0163576,-1.52196,-0.293029,-0.00941698,-1.52107,-0.293029,-0.00920067,-1.51728,-0.319
0.0952805,-0.207784,-1.54333,21.2153,838867226,0.0464503,-1.29205,-0.281796,0.0464129,-1.29528,-0.259733,0.0245747,-1.29453,-0.259733,0.0246853,-1.2913,-0.281796,0.0425957,-1.51906,-0.319,0.0425517,-1.52286,-0.293029,0.0167771,-1.52197,-0.293029,0.0169072,-1.51818,-0.319
0.436642,-0.207958,-1.52598,1.54846,838867227,0.068816,-1.28976,-0.281796,0.0688181,-1.29299,-0.259733,0.0469671,-1.293,-0.259733,0.0470382,-1.28977,-0.281796,0.0689663,-1.51676,-0.319,0.0689688,-1.52056,-0.293029,0.0431791,-1.52058,-0.293029,0.0432627,-1.51678,-0.319
0.272954,-0.207773,-1.50881,0.29979,838867228,0.0910134,-1.28974,-0.281796,0.0910887,-1.29297,-0.259733,0.0692377,-1.29298,-0.259733,0.0692356,-1.28976,-0.281796,0.0950895,-1.51675,-0.319,0.0951782,-1.52054,-0.293029,0.0693885,-1.52056,-0.293029,0.0693859,-1.51676,-0.319
0.17089,-0.207949,-1.49147,5.47655,838867229,0.113285,-1.28667,-0.281796,0.1134,-1.2899,-0.259733,0.0915631,-1.29067,-0.259733,0.0915213,-1.28745,-0.281796,0.121364,-1.51353,-0.319,0.121499,-1.51733,-0.293029,0.0957257,-1.51825,-0.293029,0.0956766,-1.51445,-0.319
0.00181493,-0.207761,-1.33625,-1.87423,838867238,0.311131,-1.25501,-0.281796,0.311766,-1.25817,-0.259733,0.29025,-1.26198,-0.259733,0.289687,-1.2588,-0.281796,0.354593,-1.47785,-0.319,0.355341,-1.48157,-0.293029,0.329946,-1.48607,-0.293029,0.329283,-1.48233,-0.319
0.234404,-0.207945,-1.31891,4.21572,838867239,0.33253,-1.24811,-0.281796,0.333204,-1.25127,-0.259733,0.311834,-1.25583,-0.259733,0.311232,-1.25266,-0.281796,0.379909,-1.47012,-0.319,0.380702,-1.47383,-0.293029,0.355481,-1.47922,-0.293029,0.354772,-1.47548,-0.319
5.20246,-0.207768,-1.30174,-0.789951,838867240,0.354239,-1.24348,-0.281796,0.354984,-1.24662,-0.259733,0.333614,-1.25118,-0.259733,0.332941,-1.24802,-0.281796,0.405457,-1.46466,-0.319,0.406335,-1.46836,-0.293029,0.381113,-1.47375,-0.293029,0.38032,-1.47003,-0.319
5.04034,-0.207953,-1.28439,-1.00407,838867241,0.375384,-1.23584,-0.281796,0.376168,-1.23897,-0.259733,0.35497,-1.24427,-0.259733,0.354258,-1.24113,-0.281796,0.430488,-1.45606,-0.319,0.43141,-1.45974,-0.293029,0.406392,-1.466,-0.293029,0.405553,-1.46229,-0.319
0.235571,-0.207778,-1.26722,4.17971,838867242,0.396918,-1.23045,-0.281796,0.397772,-1.23356,-0.259733,0.376575,-1.23887,-0.259733,0.375791,-1.23574,-0.281796,0.45583,-1.44971,-0.319,0.456836,-1.45338,-0.293029,0.431818,-1.45964,-0.293029,0.430895,-1.45595,-0.319
0.0474881,-0.207964,-1.24988,-1.67709,838867243,0.417784,-1.22208,-0.281796,0.418676,-1.22518,-0.259733,0.397677,-1.23122,-0.259733,0.396855,-1.2281,-0.281796,0.480545,-1.44024,-0.319,0.481595,-1.44389,-0.293029,0.456811,-1.45102,-0.293029,0.455843,-1.44734,-0.319
0.278322,-0.20779,-1.23271,-0.44237,838867244,0.439116,-1.21594,-0.281796,0.440079,-1.21902,-0.259733,0.419079,-1.22506,-0.259733,0.418187,-1.22196,-0.281796,0.50565,-1.43301,-0.319,0.506783,-1.43664,-0.293029,0.481999,-1.44377,-0.293029,0.480948,-1.44012,-0.319
0.591936,-0.207971,-1.21143,-0.568816,838867245,0.464449,-1.20511,-0.281796,0.465449,-1.20818,-0.259733,0.444671,-1.21495,-0.259733,0.443742,-1.21186,-0.281796,0.534735,-1.42097,-0.319,0.535912,-1.42458,-0.293029,0.511389,-1.43256,-0.293029,0.510295,-1.42892,-0.319
-0.0176595,-0.207784,-1.19426,-3.2837,838867246,0.485556,-1.19824,-0.281796,0.486625,-1.20129,-0.259733,0.465848,-1.20805,-0.259733,0.464848,-1.20498,-0.281796,0.559575,-1.41288,-0.319,0.560833,-1.41646,-0.293029,0.536311,-1.42445,-0.293029,0.535134,-1.42084,-0.319
0.0685726,-0.207958,-1.17692,-3.21507,838867247,0.505789,-1.18844,-0.281796,0.506895,-1.19147,-0.259733,0.486367,-1.19896,-0.259733,0.485329,-1.1959,-0.281796,0.58357,-1.4017,-0.319,0.584872,-1.40527,-0.293029,0.560644,-1.41411,-0.293029,0.559423,-1.41051,-0.319
0.143234,-0.225138,2.95608,1.73484,838867636,-1.27259,0.227685,-0.304781,-1.27611,0.228484,-0.282776,-1.27084,0.24969,-0.282776,-1.26734,0.248821,-0.304781,-1.4932,0.278439,-0.345868,-1.49734,0.279379,-0.319967,-1.49112,0.304408,-0.319967,-1.487,0.303385,-0.345868
0.119097,-0.225333,-1.56051,-2.44474,838867737,0.0242659,-1.29129,-0.304781,0.0241424,-1.29489,-0.282776,0.00230419,-1.29414,-0.282776,0.0025009,-1.29054,-0.304781,0.0165108,-1.51749,-0.345868,0.0163654,-1.52173,-0.319967,-0.00940922,-1.52085,-0.319967,-0.00917768,-1.51661,-0.345868
0.0721808,-0.225131,-1.54334,-3.53662,838867738,0.0464503,-1.29205,-0.304781,0.0463999,-1.29565,-0.282776,0.0245618,-1.29491,-0.282776,0.0246853,-1.2913,-0.304781,0.0426187,-1.51839,-0.345868,0.0425594,-1.52263,-0.319967,0.0167848,-1.52175,-0.319967,0.0169302,-1.5175,-0.345868
0.0547447,-0.225319,-1.52599,-3.97161,838867739,0.068816,-1.28976,-0.304781,0.0688183,-1.29336,-0.282776,0.0469674,-1.29338,-0.282776,0.0470382,-1.28977,-0.304781,0.0689659,-1.51609,-0.345868,0.0689687,-1.52034,-0.319967,0.0431789,-1.52035,-0.319967,0.0432623,-1.51611,-0.345868
-0.0225417,-0.225119,-1.50882,-3.5566,838867740,0.0910134,-1.28974,-0.304781,0.091089,-1.29335,-0.282776,0.069238,-1.29336,-0.282776,0.0692356,-1.28976,-0.304781,0.0950891,-1.51607,-0.345868,0.0951781,-1.52032,-0.319967,0.0693883,-1.52034,-0.319967,0.0693855,-1.51609,-0.345868
-0.0724706,-0.225309,-1.49147,-3.31067,838867741,0.113285,-1.28667,-0.304781,0.113414,-1.29027,-0.282776,0.0915765,-1.29105,-0.282776,0.0915213,-1.28745,-0.304781,0.12134,-1.51286,-0.345868,0.121491,-1.5171,-0.319967,0.0957177,-1.51802,-0.319967,0.0956527,-1.51378,-0.345868
-0.0240003,-0.225107,-1.33626,-3.06397,838867750,0.311131,-1.25501,-0.304781,0.311832,-1.25854,-0.282776,0.290316,-1.26236,-0.282776,0.289687,-1.2588,-0.304781,0.354476,-1.47719,-0.345868,0.355301,-1.48135,-0.319967,0.329907,-1.48585,-0.319967,0.329167,-1.48167,-0.345868
0.155434,-0.225305,-1.31891,2.08055,838867751,0.33253,-1.24811,-0.304781,0.333283,-1.25164,-0.282776,0.311913,-1.2562,-0.282776,0.311232,-1.25266,-0.304781,0.379769,-1.46946,-0.345868,0.380655,-1.47361,-0.319967,0.355433,-1.47899,-0.319967,0.354632,-1.47483,-0.345868
1.0096,-0.225114,-1.30175,1.74531,838867752,0.354239,-1.24348,-0.304781,0.355063,-1.24699,-0.282776,0.333693,-1.25155,-0.282776,0.332941,-1.24802,-0.304781,0.405317,-1.46401,-0.345868,0.406287,-1.46814,-0.319967,0.381066,-1.47352,-0.319967,0.38018,-1.46937,-0.345868
4.33228,-0.225314,-1.2844,-0.773048,838867753,0.375384,-1.23584,-0.304781,0.37626,-1.23934,-0.282776,0.355062,-1.24464,-0.282776,0.354258,-1.24113,-0.304781,0.430325,-1.4554,-0.345868,0.431356,-1.45952,-0.319967,0.406337,-1.46578,-0.319967,0.405391,-1.46164,-0.345868
0.163822,-0.225124,-1.26723,-12.9111,838867754,0.396918,-1.23045,-0.304781,0.397864,-1.23393,-0.282776,0.376667,-1.23924,-0.282776,0.375791,-1.23574,-0.304781,0.455667,-1.44906,-0.345868,0.456781,-1.45316,-0.319967,0.431763,-1.45942,-0.319967,0.430732,-1.4553,-0.345868
0.106914,-0.225326,-1.24988,6.3601,838867755,0.417784,-1.22208,-0.304781,0.41878,-1.22554,-0.282776,0.397781,-1.23158,-0.282776,0.396855,-1.2281,-0.304781,0.480359,-1.43959,-0.345868,0.481533,-1.44367,-0.319967,0.456748,-1.4508,-0.319967,0.455658,-1.4467,-0.345868
0.107882,-0.225138,-1.23271,-2.93337,838867756,0.439116,-1.21594,-0.304781,0.440183,-1.21939,-0.282776,0.419184,-1.22543,-0.282776,0.418187,-1.22196,-0.304781,0.505464,-1.43237,-0.345868,0.506721,-1.43642,-0.319967,0.481936,-1.44355,-0.319967,0.480763,-1.43947,-0.345868
-0.0620291,-0.225333,-1.21144,-1.42891,838867757,0.464449,-1.20511,-0.304781,0.465566,-1.20854,-0.282776,0.444788,-1.21531,-0.282776,0.443742,-1.21186,-0.304781,0.534527,-1.42033,-0.345868,0.535841,-1.42436,-0.319967,0.511319,-1.43235,-0.319967,0.510087,-1.42829,-0.345868
-0.0771271,-0.225131,-1.19427,-2.64053,838867758,0.485556,-1.19824,-0.304781,0.486742,-1.20165,-0.282776,0.465965,-1.20841,-0.282776,0.464848,-1.20498,-0.304781,0.559367,-1.41224,-0.345868,0.560763,-1.41625,-0.319967,0.53624,-1.42423,-0.319967,0.534926,-1.4202,-0.345868
-0.0685529,-0.225319,-1.17692,-3.55318,838867759,0.505789,-1.18844,-0.304781,0.507024,-1.19183,-0.282776,0.486496,-1.19931,-0.282776,0.485329,-1.1959,-0.304781,0.583341,-1.40107,-0.345868,0.584795,-1.40506,-0.319967,0.560566,-1.4139,-0.319967,0.559193,-1.40988,-0.345868
0.16933,-0.242638,2.45178,-24.9805,838868119,-1.00333,0.81353,-0.327834,-1.00629,0.816192,-0.305894,-0.991682,0.832442,-0.305894,-0.98877,0.829725,-0.327834,-1.1711,0.964356,-0.372792,-1.17458,0.96749,-0.346967,-1.15734,0.986668,-0.346968,-1.15391,0.983471,-0.372793
0.150655,-0.242432,2.74899,-4.07688,838868136,-1.1988,0.484556,-0.327834,-1.20241,0.486233,-0.305894,-1.19285,0.505879,-0.305894,-1.18927,0.504136,-0.327834,-1.40335,0.579777,-0.372792,-1.40761,0.581751,-0.346967,-1.39632,0.604939,-0.346968,-1.3921,0.602887,-0.372792
-0.00863227,-0.242677,-1.56051,-3.85141,838868249,0.0242659,-1.29129,-0.327834,0.0241295,-1.29527,-0.305894,0.00229129,-1.29452,-0.305894,0.0025009,-1.29054,-0.327834,0.0165361,-1.51675,-0.372793,0.0163755,-1.52144,-0.346968,-0.00939915,-1.52055,-0.346968,-0.00915243,-1.51587,-0.372793
-0.0303372,-0.24246,-1.54335,-2.48306,838868250,0.0464503,-1.29205,-0.327834,0.046387,-1.29603,-0.305894,0.0245488,-1.29528,-0.305894,0.0246853,-1.2913,-0.327834,0.042644,-1.51765,-0.372792,0.0425695,-1.52234,-0.346967,0.0167949,-1.52145,-0.346968,0.0169555,-1.51677,-0.372793
0.0524596,-0.242663,-1.526,-3.64096,838868251,0.068816,-1.28976,-0.327834,0.0688186,-1.29374,-0.305894,0.0469676,-1.29375,-0.305894,0.0470382,-1.28977,-0.327834,0.0689654,-1.51535,-0.372792,0.0689685,-1.52004,-0.346968,0.0431787,-1.52006,-0.346968,0.0432618,-1.51537,-0.372792
0.0457725,-0.242447,-1.50883,55.9578,838868252,0.0910134,-1.28974,-0.327834,0.0910892,-1.29372,-0.305894,0.0692382,-1.29374,-0.305894,0.0692356,-1.28976,-0.327834,0.0950886,-1.51534,-0.372792,0.0951779,-1.52002,-0.346967,0.0693881,-1.52004,-0.346968,0.069385,-1.51535,-0.372793
-0.0526216,-0.242651,-1.49148,-2.57739,838868253,0.113285,-1.28667,-0.327834,0.113427,-1.29065,-0.305894,0.0915899,-1.29143,-0.305894,0.0915214,-1.28745,-0.327834,0.121314,-1.51213,-0.372793,0.121481,-1.51681,-0.346968,0.0957072,-1.51773,-0.346968,0.0956265,-1.51304,-0.372793
0.0547204,-0.242434,-1.33627,35.5036,838868262,0.311131,-1.25501,-0.327834,0.311898,-1.25891,-0.305894,0.290382,-1.26273,-0.305894,0.289687,-1.2588,-0.327834,0.354347,-1.47646,-0.372793,0.35525,-1.48106,-0.346968,0.329856,-1.48556,-0.346968,0.329038,-1.48094,-0.372792
0.002535,-0.242647,-1.31892,-1.74482,838868263,0.33253,-1.24811,-0.327834,0.333361,-1.25201,-0.305894,0.311992,-1.25657,-0.305894,0.311232,-1.25266,-0.327834,0.379616,-1.46874,-0.372792,0.380594,-1.47332,-0.346967,0.355372,-1.47871,-0.346968,0.354478,-1.4741,-0.372793
0.132428,-0.242442,-1.30175,0.467815,838868264,0.354239,-1.24348,-0.327834,0.355142,-1.24736,-0.305894,0.333772,-1.25192,-0.305894,0.332941,-1.24802,-0.327834,0.405163,-1.46329,-0.372793,0.406226,-1.46785,-0.346968,0.381004,-1.47324,-0.346967,0.380026,-1.46865,-0.372792
0.0241275,-0.242657,-1.28441,-2.95551,838868265,0.375384,-1.23584,-0.327834,0.376351,-1.2397,-0.305894,0.355153,-1.24501,-0.305894,0.354258,-1.24113,-0.327834,0.430146,-1.45469,-0.372792,0.431284,-1.45924,-0.346967,0.406266,-1.4655,-0.346968,0.405212,-1.46093,-0.372793
0.0475486,-0.242453,-1.26724,-1.49108,838868266,0.396918,-1.23045,-0.327834,0.397955,-1.2343,-0.305894,0.376758,-1.2396,-0.305894,0.375791,-1.23574,-0.327834,0.455488,-1.44835,-0.372792,0.45671,-1.45287,-0.346967,0.431691,-1.45913,-0.346968,0.430554,-1.45459,-0.372793
0.0417038,-0.242669,-1.24989,-2.51745,838868267,0.417784,-1.22208,-0.327834,0.418885,-1.22591,-0.305894,0.397885,-1.23195,-0.305894,0.396855,-1.2281,-0.327834,0.480156,-1.43888,-0.372792,0.481452,-1.44339,-0.346967,0.456667,-1.45052,-0.346968,0.455454,-1.44599,-0.372793
0.0174684,-0.242468,-1.23272,-0.81301,838868268,0.439116,-1.21594,-0.327834,0.440287,-1.21975,-0.305894,0.419288,-1.22579,-0.305894,0.418187,-1.22196,-0.327834,0.505261,-1.43166,-0.372792,0.506639,-1.43614,-0.346967,0.481855,-1.44327,-0.346968,0.480559,-1.43877,-0.372792
0.0635983,-0.242677,-1.21145,-3.60217,838868269,0.464449,-1.20511,-0.327834,0.465682,-1.2089,-0.305894,0.444905,-1.21567,-0.305894,0.443742,-1.21186,-0.327834,0.534299,-1.41963,-0.372792,0.53575,-1.42408,-0.346968,0.511228,-1.43207,-0.346968,0.509859,-1.42758,-0.372792
0.0157585,-0.24246,-1.19428,-4.02786,838868270,0.485556,-1.19824,-0.327834,0.486858,-1.20201,-0.305894,0.466081,-1.20877,-0.305894,0.464848,-1.20498,-0.327834,0.559139,-1.41154,-0.372793,0.560672,-1.41597,-0.346968,0.536149,-1.42395,-0.346968,0.534698,-1.4195,-0.372792
0.0705827,-0.242663,-1.17693,-3.21041,838868271,0.505789,-1.18844,-0.327834,0.507153,-1.19218,-0.305894,0.486625,-1.19967,-0.305894,0.485329,-1.1959,-0.327834,0.583088,-1.40038,-0.372792,0.584694,-1.40478,-0.346967,0.560465,-1.41362,-0.346968,0.55894,-1.40919,-0.372793
0.120226,-0.242651,-1.14242,31.9698,838868273,0.546521,-1.17033,-0.327834,0.548015,-1.17402,-0.305894,0.527761,-1.18222,-0.305894,0.526334,-1.1785,-0.327834,0.631175,-1.37944,-0.372793,0.632934,-1.38379,-0.346968,0.609029,-1.39346,-0.346968,0.60735,-1.38909,-0.372793
0.144769,-0.259739,2.78349,20.8024,838868650,-1.21481,0.442906,-0.350962,-1.21883,0.444608,-0.329094,-1.20995,0.464577,-0.329094,-1.20597,0.462807,-0.350962,-1.42184,0.530598,-0.399779,-1.42656,0.532602,-0.374038,-1.41609,0.55617,-0.374038,-1.4114,0.554087,-0.399779
-0.0296255,-0.259742,-1.43981,-3.73596,838868768,0.179762,-1.28047,-0.350962,0.180142,-1.28481,-0.329094,0.158346,-1.28635,-0.329094,0.158038,-1.282,-0.350962,0.199519,-1.50443,-0.399779,0.199967,-1.50954,-0.374038,0.174241,-1.51135,-0.374038,0.173879,-1.50624,-0.399779
0.0570464,-0.259963,-1.42246,-4.27762,838868769,0.201765,-1.27585,-0.350962,0.202224,-1.28018,-0.329094,0.180494,-1.28248,-0.329094,0.180108,-1.27814,-0.350962,0.225428,-1.49939,-0.399779,0.225968,-1.5045,-0.374038,0.200322,-1.50721,-0.374038,0.199867,-1.5021,-0.399779
0.0396419,-0.259739,-1.4053,54.9182,838868770,0.223839,-1.27351,-0.350962,0.224371,-1.27784,-0.329094,0.202641,-1.28014,-0.329094,0.202183,-1.27581,-0.350962,0.251406,-1.49665,-0.399779,0.252032,-1.50174,-0.374038,0.226386,-1.50445,-0.374038,0.225846,-1.49935,-0.399779
-0.0534593,-0.259962,-1.38795,-3.16483,838868771,0.245668,-1.26813,-0.350962,0.246278,-1.27244,-0.329094,0.224642,-1.2755,-0.329094,0.224104,-1.27118,-0.350962,0.277124,-1.49071,-0.399779,0.277842,-1.49579,-0.374038,0.252306,-1.4994,-0.374038,0.251673,-1.49431,-0.399779
-0.00344359,-0.25974,-1.37079,-3.62451,838868772,0.267647,-1.26502,-0.350962,0.268329,-1.26933,-0.329094,0.246693,-1.27238,-0.329094,0.246083,-1.26807,-0.350962,0.30299,-1.48706,-0.399779,0.303793,-1.49212,-0.374038,0.278257,-1.49573,-0.374038,0.277539,-1.49065,-0.399779
0.163022,-0.259965,-1.35344,-9.44007,838868773,0.289274,-1.25888,-0.350962,0.290034,-1.26317,-0.329094,0.268518,-1.26698,-0.329094,0.26783,-1.26268,-0.350962,0.328485,-1.48023,-0.399779,0.329379,-1.48528,-0.374038,0.303985,-1.48978,-0.374038,0.303175,-1.48471,-0.399779
0.103567,-0.259972,-1.31893,31.0666,838868775,0.33253,-1.24811,-0.350962,0.33344,-1.25237,-0.329094,0.31207,-1.25693,-0.329094,0.311232,-1.25266,-0.350962,0.379448,-1.46795,-0.399779,0.380518,-1.47297,-0.374038,0.355297,-1.47835,-0.374038,0.35431,-1.47332,-0.399779
0.142178,-0.259752,-1.30176,15.974,838868776,0.354239,-1.24348,-0.350962,0.35522,-1.24772,-0.329094,0.33385,-1.25228,-0.329094,0.332941,-1.24802,-0.350962,0.404996,-1.4625,-0.399779,0.406151,-1.4675,-0.374038,0.380929,-1.47288,-0.374038,0.379858,-1.46787,-0.399779
0.0941399,-0.259982,-1.28441,-3.52295,838868777,0.375384,-1.23584,-0.350962,0.376442,-1.24007,-0.329094,0.355245,-1.24537,-0.329094,0.354258,-1.24113,-0.350962,0.429951,-1.45391,-0.399779,0.431196,-1.45889,-0.374038,0.406178,-1.46515,-0.374038,0.405017,-1.46015,-0.399779
0.0176425,-0.259764,-1.26725,-3.26514,838868778,0.396918,-1.23045,-0.350962,0.398047,-1.23466,-0.329094,0.376849,-1.23996,-0.329094,0.375791,-1.23574,-0.350962,0.455293,-1.44757,-0.399779,0.456622,-1.45252,-0.374038,0.431604,-1.45878,-0.374038,0.430358,-1.45381,-0.399779
0.080301,-0.259995,-1.2499,46.9334,838868779,0.417784,-1.22208,-0.350962,0.418988,-1.22627,-0.329094,0.397989,-1.23231,-0.329094,0.396855,-1.2281,-0.350962,0.479934,-1.43811,-0.399779,0.481352,-1.44304,-0.374038,0.456567,-1.45017,-0.374038,0.455232,-1.44522,-0.399779
-0.0432636,-0.25978,-1.23273,-3.8057,838868780,0.439116,-1.21594,-0.350962,0.440391,-1.22011,-0.329094,0.419392,-1.22615,-0.329094,0.418187,-1.22196,-0.350962,0.505039,-1.43089,-0.399779,0.506539,-1.43579,-0.374038,0.481755,-1.44292,-0.374038,0.480337,-1.43799,-0.399779
-0.0261877,-0.260004,-1.21145,-4.28441,838868781,0.464449,-1.20511,-0.350962,0.465798,-1.20926,-0.329094,0.445021,-1.21602,-0.329094,0.443742,-1.21186,-0.350962,0.53405,-1.41886,-0.399779,0.535638,-1.42374,-0.374038,0.511116,-1.43172,-0.374038,0.50961,-1.42682,-0.399779
0.0690632,-0.259772,-1.19429,-4.63118,838868782,0.485556,-1.19824,-0.350962,0.486975,-1.20236,-0.329094,0.466197,-1.20913,-0.329094,0.464848,-1.20499,-0.350962,0.55889,-1.41077,-0.399779,0.56056,-1.41562,-0.374038,0.536038,-1.42361,-0.374038,0.53445,-1.41873,-0.399779
0.0656167,-0.259988,-1.17694,-46.409,838868783,0.505789,-1.18844,-0.350962,0.507282,-1.19253,-0.329094,0.486753,-1.20002,-0.329094,0.485329,-1.1959,-0.350962,0.582813,-1.39963,-0.399779,0.58457,-1.40444,-0.374038,0.560342,-1.41328,-0.374038,0.558665,-1.40843,-0.399779
-0.0440969,-0.259758,-1.15978,-4.30674,838868784,0.526642,-1.18083,-0.350962,0.528204,-1.1849,-0.329094,0.507676,-1.19239,-0.329094,0.506183,-1.18829,-0.350962,0.607355,-1.39067,-0.399779,0.609193,-1.39546,-0.374038,0.584964,-1.4043,-0.374038,0.583207,-1.39948,-0.399779
0.195845,-0.277324,-2.12061,52.2313,838869241,-0.665539,-1.10705,-0.374308,-0.668197,-1.11099,-0.352398,-0.686348,-1.09877,-0.352398,-0.683603,-1.09488,-0.374308,-0.79063,-1.2928,-0.42688,-0.793744,-1.29743,-0.4012,-0.815097,-1.28305,-0.4012,-0.811879,-1.27849,-0.42688
-0.018081,-0.277088,-1.43982,-4.28796,838869280,0.179763,-1.28047,-0.374308,0.180203,-1.28521,-0.352398,0.158374,-1.28675,-0.352398,0.158039,-1.282,-0.374308,0.199375,-1.50359,-0.42688,0.199892,-1.50914,-0.4012,0.174213,-1.51095,-0.4012,0.17382,-1.50539,-0.42688
0.12334,-0.277324,-1.42248,15.5732,838869281,0.201765,-1.27585,-0.374308,0.202265,-1.28058,-0.352398,0.180504,-1.28288,-0.352398,0.180108,-1.27814,-0.374308,0.225338,-1.49855,-0.42688,0.225925,-1.50409,-0.4012,0.200326,-1.5068,-0.4012,0.199862,-1.50125,-0.42688
0.000692419,-0.277085,-1.4053,-4.01889,838869282,0.22384,-1.27351,-0.374308,0.224446,-1.27823,-0.352398,0.202684,-1.28054,-0.352398,0.202183,-1.27581,-0.374308,0.251233,-1.49581,-0.42688,0.251943,-1.50134,-0.4012,0.226344,-1.50405,-0.4012,0.225757,-1.49851,-0.42688
0.0492987,-0.277323,-1.38796,-24.37,838869283,0.245667,-1.26813,-0.374308,0.246333,-1.27284,-0.352398,0.224665,-1.2759,-0.352398,0.224104,-1.27118,-0.374308,0.277004,-1.48987,-0.42688,0.277785,-1.49539,-0.4012,0.252296,-1.49899,-0.4012,0.251638,-1.49345,-0.42688
0.0485067,-0.277086,-1.37079,20.9879,838869284,0.267647,-1.26502,-0.374308,0.268418,-1.26972,-0.352398,0.24675,-1.27278,-0.352398,0.246084,-1.26807,-0.374308,0.302788,-1.48623,-0.42688,0.30369,-1.49173,-0.4012,0.278201,-1.49533,-0.4012,0.277421,-1.48981,-0.42688
-0.00744962,-0.277333,-1.31894,-3.99395,838869287,0.33253,-1.24811,-0.374308,0.333523,-1.25276,-0.352398,0.312121,-1.25733,-0.352398,0.311232,-1.25266,-0.374308,0.37927,-1.46712,-0.42688,0.380434,-1.47258,-0.4012,0.355258,-1.47795,-0.4012,0.354216,-1.47247,-0.42688
-0.0657319,-0.2771,-1.30176,-3.98316,838869288,0.354239,-1.24348,-0.374308,0.355336,-1.24811,-0.352398,0.333934,-1.25268,-0.352398,0.332941,-1.24802,-0.374308,0.404736,-1.46169,-0.42688,0.406021,-1.46712,-0.4012,0.380845,-1.47249,-0.4012,0.379681,-1.46704,-0.42688
-0.0321237,-0.277344,-1.28442,-3.97552,838869289,0.375384,-1.23584,-0.374308,0.376539,-1.24045,-0.352398,0.35531,-1.24577,-0.352398,0.354257,-1.24113,-0.374308,0.429744,-1.45309,-0.42688,0.431098,-1.45849,-0.4012,0.406126,-1.46474,-0.4012,0.404892,-1.4593,-0.42688
-0.00846678,-0.277112,-1.26725,-3.23557,838869290,0.396918,-1.23045,-0.374308,0.398176,-1.23504,-0.352398,0.376947,-1.24035,-0.352398,0.375792,-1.23574,-0.374308,0.455005,-1.44676,-0.42688,0.456479,-1.45214,-0.4012,0.431506,-1.45839,-0.4012,0.430153,-1.45298,-0.42688
0.01583,-0.277358,-1.24991,-3.46313,838869291,0.417783,-1.22208,-0.374308,0.419098,-1.22665,-0.352398,0.398068,-1.2327,-0.352398,0.396854,-1.2281,-0.374308,0.479698,-1.43729,-0.42688,0.48124,-1.44265,-0.4012,0.456501,-1.44977,-0.4012,0.455078,-1.44438,-0.42688
0.100675,-0.277129,-1.23273,4.88955,838869292,0.439116,-1.21594,-0.374308,0.440533,-1.22048,-0.352398,0.419503,-1.22653,-0.352398,0.418187,-1.22196,-0.374308,0.504722,-1.43009,-0.42688,0.506383,-1.43542,-0.4012,0.481644,-1.44254,-0.4012,0.480102,-1.43718,-0.42688
0.0412867,-0.277367,-1.21147,-2.92884,838869293,0.464449,-1.20512,-0.374308,0.465922,-1.20964,-0.352398,0.445113,-1.21641,-0.352398,0.443741,-1.21186,-0.374308,0.533787,-1.41805,-0.42688,0.535513,-1.42336,-0.4012,0.511036,-1.43133,-0.4012,0.509427,-1.42599,-0.42688
0.00979619,-0.27712,-1.19429,-3.68816,838869294,0.485556,-1.19824,-0.374308,0.48713,-1.20273,-0.352398,0.466322,-1.20951,-0.352398,0.464849,-1.20498,-0.374308,0.558547,-1.40999,-0.42688,0.560391,-1.41526,-0.4012,0.535913,-1.42323,-0.4012,0.534187,-1.41792,-0.42688
0.0278543,-0.277351,-1.17695,-3.93156,838869295,0.505788,-1.18844,-0.374308,0.507418,-1.19291,-0.352398,0.48686,-1.20041,-0.352398,0.485329,-1.1959,-0.374308,0.582521,-1.39883,-0.42688,0.584432,-1.40407,-0.4012,0.560247,-1.41289,-0.4012,0.558453,-1.4076,-0.42688
0.0705951,-0.277106,-1.15978,-2.91359,838869296,0.526643,-1.18083,-0.374308,0.528372,-1.18527,-0.352398,0.507814,-1.19276,-0.352398,0.506184,-1.18829,-0.374308,0.606984,-1.3899,-0.42688,0.609011,-1.3951,-0.4012,0.584827,-1.40392,-0.4012,0.582916,-1.39868,-0.42688
0.11172,-0.277338,-1.14244,0.173337,838869297,0.54652,-1.17033,-0.374308,0.548305,-1.17474,-0.352398,0.528021,-1.18295,-0.352398,0.526334,-1.1785,-0.374308,0.630554,-1.37791,-0.42688,0.632646,-1.38308,-0.4012,0.608785,-1.39274,-0.4012,0.606808,-1.38752,-0.42688
0.163236,-0.294705,-1.73704,11.7909,838869775,-0.202874,-1.27567,-0.397732,-0.203935,-1.28069,-0.375905,-0.225344,-1.27615,-0.375905,-0.224179,-1.27116,-0.397732,-0.249077,-1.49387,-0.454045,-0.250321,-1.49974,-0.428462,-0.275505,-1.49441,-0.428462,-0.27414,-1.48856,-0.454045
-0.010553,-0.294456,-1.43982,-3.07266,838869792,0.179763,-1.28047,-0.397732,0.180229,-1.28557,-0.375905,0.1584,-1.28711,-0.375905,0.158039,-1.282,-0.397732,0.199311,-1.50268,-0.454045,0.199858,-1.50866,-0.428462,0.174179,-1.51047,-0.428462,0.173756,-1.50448,-0.454045
0,-0.294706,-1.42248,0,838869793,0.201765,-1.27585,-0.397732,0.202304,-1.28094,-0.375905,0.180542,-1.28325,-0.375905,0.180108,-1.27814,-0.397732,0.225242,-1.49764,-0.454045,0.225874,-1.50361,-0.428462,0.200275,-1.50632,-0.428462,0.199766,-1.50034,-0.454045
1.18427,-0.294453,-1.40531,-1.21296,838869794,0.22384,-1.27351,-0.397732,0.224484,-1.2786,-0.375905,0.202722,-1.2809,-0.375905,0.202183,-1.27581,-0.397732,0.251137,-1.4949,-0.454045,0.251892,-1.50086,-0.428462,0.226293,-1.50357,-0.428462,0.225661,-1.4976,-0.454045
0.0495447,-0.294705,-1.38797,-2.50528,838869795,0.245667,-1.26813,-0.397732,0.246384,-1.2732,-0.375905,0.224716,-1.27626,-0.375905,0.224104,-1.27118,-0.397732,0.276877,-1.48897,-0.454045,0.277717,-1.49491,-0.428462,0.252228,-1.49851,-0.428462,0.25151,-1.49255,-0.454045
0.0526126,-0.294454,-1.3708,-2.41587,838869796,0.267647,-1.26502,-0.397732,0.268469,-1.27008,-0.375905,0.246801,-1.27314,-0.375905,0.246084,-1.26807,-0.397732,0.30266,-1.48532,-0.454045,0.303623,-1.49125,-0.428462,0.278134,-1.49485,-0.428462,0.277293,-1.48891,-0.454045
0.0170319,-0.294715,-1.31894,-2.62954,838869799,0.33253,-1.24811,-0.397732,0.333599,-1.25312,-0.375905,0.312198,-1.25769,-0.375905,0.311232,-1.25266,-0.397732,0.37908,-1.46623,-0.454045,0.380333,-1.4721,-0.428462,0.355158,-1.47748,-0.428462,0.354025,-1.47158,-0.454045
0.037215,-0.294468,-1.30177,-2.71491,838869800,0.35424,-1.24348,-0.397732,0.355412,-1.24847,-0.375905,0.334011,-1.25303,-0.375905,0.332941,-1.24802,-0.397732,0.404546,-1.4608,-0.454045,0.40592,-1.46664,-0.428462,0.380745,-1.47202,-0.428462,0.379491,-1.46614,-0.454045
0.727572,-0.294726,-1.28443,0.638096,838869801,0.375384,-1.23584,-0.397732,0.376627,-1.24081,-0.375905,0.355398,-1.24612,-0.375905,0.354257,-1.24113,-0.397732,0.429523,-1.4522,-0.454045,0.430981,-1.45803,-0.428462,0.406008,-1.46428,-0.428462,0.404671,-1.45842,-0.454045
0.104831,-0.294482,-1.26726,12.0975,838869802,0.396918,-1.23045,-0.397732,0.398264,-1.2354,-0.375905,0.377036,-1.24071,-0.375905,0.375792,-1.23574,-0.397732,0.454784,-1.44588,-0.454045,0.456362,-1.45168,-0.428462,0.431389,-1.45792,-0.428462,0.429932,-1.4521,-0.454045
0.00939565,-0.294742,-1.24991,-1.69225,838869803,0.417783,-1.22208,-0.397732,0.419199,-1.227,-0.375905,0.398169,-1.23305,-0.375905,0.396854,-1.2281,-0.397732,0.479446,-1.43642,-0.454045,0.481106,-1.44219,-0.428462,0.456367,-1.44931,-0.428462,0.454826,-1.4435,-0.454045
-1.19577e-05,-0.294499,-1.23274,-3.44972,838869804,0.439116,-1.21594,-0.397732,0.440634,-1.22084,-0.375905,0.419604,-1.22689,-0.375905,0.418187,-1.22196,-0.397732,0.504471,-1.42922,-0.454045,0.50625,-1.43496,-0.428462,0.481511,-1.44207,-0.428462,0.479851,-1.4363,-0.454045
0.00877121,-0.294752,-1.21147,-2.1999,838869805,0.464449,-1.20512,-0.397732,0.466035,-1.20999,-0.375905,0.445227,-1.21676,-0.375905,0.443741,-1.21186,-0.397732,0.533505,-1.41719,-0.454045,0.535364,-1.4229,-0.428462,0.510886,-1.43087,-0.428462,0.509145,-1.42512,-0.454045
0.0447633,-0.29449,-1.1943,-2.94574,838869806,0.485556,-1.19824,-0.397732,0.487243,-1.20308,-0.375905,0.466435,-1.20986,-0.375905,0.464849,-1.20498,-0.397732,0.558264,-1.40913,-0.454045,0.560241,-1.4148,-0.428462,0.535764,-1.42277,-0.428462,0.533905,-1.41706,-0.454045
-0.0723975,-0.294734,-1.17696,-2.5268,838869807,0.505788,-1.18844,-0.397732,0.507544,-1.19325,-0.375905,0.486985,-1.20075,-0.375905,0.485329,-1.1959,-0.397732,0.582209,-1.39797,-0.454045,0.584266,-1.40361,-0.428462,0.560082,-1.41243,-0.428462,0.558141,-1.40675,-0.454045
0.10763,-0.294475,-1.15979,20.1981,838869808,0.526643,-1.18083,-0.397732,0.528498,-1.18561,-0.375905,0.507939,-1.19311,-0.375905,0.506184,-1.18829,-0.397732,0.606672,-1.38905,-0.454045,0.608846,-1.39465,-0.428462,0.584662,-1.40347,-0.428462,0.582604,-1.39783,-0.454045
0.107403,-0.294453,-1.05625,-7.32845,838869814,0.645908,-1.12015,-0.397732,0.648252,-1.12471,-0.375905,0.62859,-1.13432,-0.375905,0.626341,-1.12971,-0.397732,0.747278,-1.31885,-0.454045,0.750026,-1.3242,-0.428462,0.726897,-1.3355,-0.428462,0.724261,-1.3301,-0.454045
0.166312,-0.294726,-0.935364,28.1938,838869821,0.775427,-1.03292,-0.397732,0.778296,-1.03717,-0.375905,0.760164,-1.04942,-0.375905,0.757383,-1.04511,-0.397732,0.900302,-1.21772,-0.454045,0.903664,-1.22269,-0.428462,0.882335,-1.23711,-0.428462,0.879075,-1.23206,-0.454045
-0.011001,-0.311806,-1.43983,-3.2113,838870304,0.179763,-1.28047,-0.421251,0.180255,-1.28594,-0.399514,0.158426,-1.28748,-0.399514,0.158039,-1.282,-0.421251,0.199242,-1.5017,-0.48129,0.199819,-1.50811,-0.455811,0.174141,-1.50993,-0.455811,0.173687,-1.50351,-0.48129
-0.0327453,-0.312069,-1.42249,-2.90446,838870305,0.201765,-1.27585,-0.421251,0.202342,-1.28131,-0.399514,0.180581,-1.28361,-0.399514,0.180108,-1.27814,-0.421251,0.22514,-1.49667,-0.48129,0.225817,-1.50307,-0.455811,0.200218,-1.50578,-0.455811,0.199664,-1.49937,-0.48129
0.0975567,-0.311802,-1.40532,6.95602,838870306,0.22384,-1.27351,-0.421251,0.224523,-1.27896,-0.399514,0.202761,-1.28126,-0.399514,0.202183,-1.27581,-0.421251,0.251035,-1.49393,-0.48129,0.251835,-1.50032,-0.455811,0.226235,-1.50303,-0.455811,0.225558,-1.49663,-0.48129
0.100945,-0.312068,-1.38798,-10.4226,838870307,0.245667,-1.26813,-0.421251,0.246435,-1.27356,-0.399514,0.224767,-1.27662,-0.399514,0.224104,-1.27118,-0.421251,0.276741,-1.488,-0.48129,0.277641,-1.49437,-0.455811,0.252152,-1.49797,-0.455811,0.251374,-1.49159,-0.48129
0.0514433,-0.311803,-1.37081,-2.87804,838870308,0.267647,-1.26502,-0.421251,0.26852,-1.27044,-0.399514,0.246852,-1.2735,-0.399514,0.246084,-1.26807,-0.421251,0.302524,-1.48436,-0.48129,0.303546,-1.49071,-0.455811,0.278057,-1.49431,-0.455811,0.277157,-1.48794,-0.48129
0.0475263,-0.312079,-1.31895,-2.53556,838870311,0.33253,-1.24811,-0.421251,0.333675,-1.25348,-0.399514,0.312274,-1.25805,-0.399514,0.311232,-1.25266,-0.421251,0.378876,-1.46528,-0.48129,0.380219,-1.47157,-0.455811,0.355043,-1.47694,-0.455811,0.353822,-1.47063,-0.48129
0.0455633,-0.311819,-1.30178,34.3229,838870312,0.35424,-1.24348,-0.421251,0.355488,-1.24882,-0.399514,0.334087,-1.25339,-0.399514,0.332941,-1.24802,-0.421251,0.404342,-1.45984,-0.48129,0.405806,-1.46611,-0.455811,0.38063,-1.47148,-0.455811,0.379288,-1.46519,-0.48129
0.109952,-0.312091,-1.28444,-27.1654,838870313,0.375384,-1.23584,-0.421251,0.376716,-1.24116,-0.399514,0.355487,-1.24648,-0.399514,0.354257,-1.24113,-0.421251,0.429287,-1.45126,-0.48129,0.430848,-1.4575,-0.455811,0.405876,-1.46375,-0.455811,0.404435,-1.45748,-0.48129
0.0838447,-0.311833,-1.26727,10.1593,838870314,0.396918,-1.23045,-0.421251,0.398353,-1.23575,-0.399514,0.377124,-1.24106,-0.399514,0.375792,-1.23574,-0.421251,0.454547,-1.44494,-0.48129,0.456229,-1.45115,-0.455811,0.431256,-1.45739,-0.455811,0.429695,-1.45115,-0.48129
0.054818,-0.312108,-1.24992,-2.86823,838870315,0.417783,-1.22208,-0.421251,0.4193,-1.22735,-0.399514,0.39827,-1.2334,-0.399514,0.396854,-1.2281,-0.421251,0.479177,-1.43548,-0.48129,0.480955,-1.44166,-0.455811,0.456216,-1.44878,-0.455811,0.454557,-1.44257,-0.48129
-0.00396532,-0.311851,-1.23275,-4.80108,838870316,0.439116,-1.21594,-0.421251,0.440735,-1.22119,-0.399514,0.419705,-1.22724,-0.399514,0.418187,-1.22196,-0.421251,0.504201,-1.42828,-0.48129,0.506099,-1.43443,-0.455811,0.48136,-1.44155,-0.455811,0.479581,-1.43537,-0.48129
0.316664,-0.312118,-1.21148,-5.25198,838870317,0.464449,-1.20512,-0.421251,0.466148,-1.21033,-0.399514,0.44534,-1.21711,-0.399514,0.443741,-1.21186,-0.421251,0.533203,-1.41626,-0.48129,0.535195,-1.42238,-0.455811,0.510717,-1.43035,-0.455811,0.508843,-1.42419,-0.48129
0.192821,-0.311842,-1.19431,-6.95628,838870318,0.485556,-1.19824,-0.421251,0.487356,-1.20343,-0.399514,0.466548,-1.2102,-0.399514,0.464849,-1.20498,-0.421251,0.557963,-1.4082,-0.48129,0.560072,-1.41428,-0.455811,0.535595,-1.42225,-0.455811,0.533603,-1.41613,-0.48129
0.061761,-0.312099,-1.17696,-2.01834,838870319,0.505788,-1.18844,-0.421251,0.507669,-1.19359,-0.399514,0.48711,-1.20109,-0.399514,0.485329,-1.1959,-0.421251,0.581875,-1.39706,-0.48129,0.584079,-1.4031,-0.455811,0.559895,-1.41192,-0.455811,0.557807,-1.40583,-0.48129
-0.0429427,-0.311825,-1.1598,-2.62801,838870320,0.526643,-1.18083,-0.421251,0.528623,-1.18595,-0.399514,0.508064,-1.19345,-0.399514,0.506184,-1.18829,-0.421251,0.606338,-1.38813,-0.48129,0.608658,-1.39413,-0.455811,0.584474,-1.40295,-0.455811,0.58227,-1.39691,-0.48129
0.294695,-0.329176,-2.93965,-0.252285,838870730,-1.26435,-0.270107,-0.444874,-1.27013,-0.27103,-0.423231,-1.27319,-0.249361,-0.423231,-1.2674,-0.248543,-0.444874,-1.48267,-0.30481,-0.508621,-1.48944,-0.305891,-0.483254,-1.49304,-0.280402,-0.483254,-1.48625,-0.279443,-0.508621
0.146306,-0.329166,-1.61634,24.6945,838870806,-0.0478577,-1.292,-0.444874,-0.0483593,-1.29783,-0.423231,-0.0701247,-1.29556,-0.423231,-0.0695181,-1.28974,-0.444874,-0.0669549,-1.51223,-0.508621,-0.0675428,-1.51906,-0.483254,-0.0931465,-1.51639,-0.483254,-0.0924354,-1.50957,-0.508621
0.0392411,-0.329138,-1.43984,-2.81798,838870816,0.179763,-1.28047,-0.444874,0.18028,-1.2863,-0.423231,0.158451,-1.28784,-0.423231,0.158039,-1.282,-0.444874,0.199169,-1.50067,-0.508621,0.199776,-1.5075,-0.483254,0.174098,-1.50932,-0.483254,0.173614,-1.50248,-0.508621
0.0350925,-0.329415,-1.42249,92.9093,838870817,0.201765,-1.27585,-0.444874,0.202381,-1.28167,-0.423231,0.180619,-1.28397,-0.423231,0.180108,-1.27814,-0.444874,0.225031,-1.49564,-0.508621,0.225753,-1.50246,-0.483254,0.200153,-1.50517,-0.483254,0.199554,-1.49834,-0.508621
-0.0337088,-0.329134,-1.40533,-3.23447,838870818,0.22384,-1.27351,-0.444874,0.224561,-1.27932,-0.423231,0.202799,-1.28162,-0.423231,0.202183,-1.27581,-0.444874,0.250925,-1.4929,-0.508621,0.25177,-1.49971,-0.483254,0.226171,-1.50242,-0.483254,0.225449,-1.4956,-0.508621
0.0815491,-0.329414,-1.38798,33.0855,838870819,0.245667,-1.26813,-0.444874,0.246486,-1.27392,-0.423231,0.224818,-1.27698,-0.423231,0.224104,-1.27118,-0.444874,0.276596,-1.48698,-0.508621,0.277555,-1.49377,-0.483254,0.252066,-1.49737,-0.483254,0.251229,-1.49056,-0.508621
-0.00254849,-0.329135,-1.37082,-2.47441,838870820,0.267647,-1.26502,-0.444874,0.268571,-1.2708,-0.423231,0.246903,-1.27386,-0.423231,0.246084,-1.26807,-0.444874,0.302379,-1.48333,-0.508621,0.303461,-1.49011,-0.483254,0.277972,-1.49371,-0.483254,0.277012,-1.48692,-0.508621
0.063233,-0.329425,-1.31896,27.991,838870823,0.33253,-1.24811,-0.444874,0.333751,-1.25383,-0.423231,0.312349,-1.2584,-0.423231,0.311232,-1.25266,-0.444874,0.37866,-1.46427,-0.508621,0.380091,-1.47097,-0.483254,0.354916,-1.47635,-0.483254,0.353606,-1.46961,-0.508621
0.0433039,-0.329152,-1.30179,-2.47134,838870824,0.35424,-1.24348,-0.444874,0.355564,-1.24918,-0.423231,0.334162,-1.25375,-0.423231,0.332941,-1.24802,-0.444874,0.404126,-1.45883,-0.508621,0.405678,-1.46551,-0.483254,0.380503,-1.47089,-0.483254,0.379072,-1.46418,-0.508621
-0.100677,-0.329438,-1.28444,-1.52967,838870825,0.375384,-1.23584,-0.444874,0.376804,-1.24152,-0.423231,0.355575,-1.24683,-0.423231,0.354257,-1.24113,-0.444874,0.429035,-1.45025,-0.508621,0.4307,-1.4569,-0.483254,0.405728,-1.46315,-0.483254,0.404183,-1.45647,-0.508621
0.037946,-0.329166,-1.26727,-2.1806,838870826,0.396918,-1.23045,-0.444874,0.398441,-1.2361,-0.423231,0.377212,-1.24141,-0.423231,0.375792,-1.23574,-0.444874,0.454296,-1.44393,-0.508621,0.456081,-1.45055,-0.483254,0.431108,-1.4568,-0.483254,0.429444,-1.45015,-0.508621
0.0148624,-0.329455,-1.24993,-2.84891,838870827,0.417783,-1.22208,-0.444874,0.419401,-1.2277,-0.423231,0.39837,-1.23375,-0.423231,0.396854,-1.2281,-0.444874,0.47889,-1.43449,-0.508621,0.480786,-1.44108,-0.483254,0.456047,-1.44819,-0.483254,0.45427,-1.44157,-0.508621
0.0636372,-0.329186,-1.23276,6.79362,838870828,0.439116,-1.21594,-0.444874,0.440835,-1.22153,-0.423231,0.419805,-1.22759,-0.423231,0.418187,-1.22196,-0.444874,0.503915,-1.42729,-0.508621,0.50593,-1.43384,-0.483254,0.481191,-1.44096,-0.483254,0.479295,-1.43437,-0.508621
0.579545,-0.329176,-1.19432,-4.86449,838870830,0.485556,-1.19824,-0.444874,0.487468,-1.20377,-0.423231,0.46666,-1.21055,-0.423231,0.464849,-1.20498,-0.444874,0.557642,-1.40721,-0.508621,0.559883,-1.4137,-0.483254,0.535406,-1.42167,-0.483254,0.533282,-1.41515,-0.508621
0.212691,-0.329446,-1.17697,6.25987,838870831,0.505788,-1.18844,-0.444874,0.507793,-1.19394,-0.423231,0.487234,-1.20143,-0.423231,0.485329,-1.1959,-0.444874,0.58152,-1.39608,-0.508621,0.58387,-1.40253,-0.483254,0.559686,-1.41135,-0.483254,0.557452,-1.40486,-0.508621
0.0470478,-0.329159,-1.1598,-3.54296,838870832,0.526643,-1.18083,-0.444874,0.528747,-1.18629,-0.423231,0.508188,-1.19379,-0.423231,0.506184,-1.18829,-0.444874,0.605983,-1.38716,-0.508621,0.608449,-1.39356,-0.483254,0.584265,-1.40238,-0.483254,0.581915,-1.39594,-0.508621
0.175883,-0.346744,2.41723,-24.8976,838871189,-0.974661,0.847665,-0.468607,-0.979133,0.851978,-0.447065,-0.963943,0.86773,-0.447065,-0.959544,0.863342,-0.468606,-1.13297,1.00032,-0.536045,-1.13822,1.00538,-0.510795,-1.12035,1.02391,-0.510795,-1.11519,1.01876,-0.536045
0.13835,-0.346503,-2.97809,6.23419,838871240,-1.27372,-0.221299,-0.468607,-1.27989,-0.222059,-0.447065,-1.28219,-0.200297,-0.447065,-1.27602,-0.199643,-0.468606,-1.49202,-0.248298,-0.536045,-1.49924,-0.249188,-0.510795,-1.50196,-0.223589,-0.510795,-1.49472,-0.222822,-0.536045
0.0474732,-0.346503,-1.23277,-2.02037,838871340,0.439116,-1.21594,-0.468607,0.440935,-1.22188,-0.447065,0.419905,-1.22793,-0.447065,0.418187,-1.22196,-0.468606,0.503611,-1.42623,-0.536045,0.505743,-1.4332,-0.510795,0.481004,-1.44031,-0.510795,0.478991,-1.43331,-0.536045
0.0546539,-0.346797,-1.21149,-2.2487,838871341,0.464449,-1.20512,-0.468606,0.466372,-1.21102,-0.447065,0.445564,-1.2178,-0.447065,0.443741,-1.21186,-0.468607,0.532542,-1.41423,-0.536045,0.534797,-1.42116,-0.510795,0.510319,-1.42913,-0.510795,0.508183,-1.42216,-0.536045
-0.109987,-0.346493,-1.19433,-1.10515,838871342,0.485556,-1.19824,-0.468606,0.48758,-1.20412,-0.447065,0.466772,-1.21089,-0.447065,0.464849,-1.20498,-0.468606,0.557302,-1.40617,-0.536045,0.559674,-1.41306,-0.510795,0.535197,-1.42103,-0.510795,0.532942,-1.4141,-0.536045
0.0510022,-0.346777,-1.17697,-32.5595,838871343,0.505788,-1.18844,-0.468607,0.507917,-1.19428,-0.447065,0.487358,-1.20177,-0.447065,0.485329,-1.1959,-0.468606,0.581144,-1.39505,-0.536045,0.583639,-1.40189,-0.510795,0.559455,-1.41071,-0.510795,0.557076,-1.40383,-0.536045
0.00243807,-0.346475,-1.15981,-1.89367,838871344,0.526643,-1.18083,-0.468607,0.528871,-1.18663,-0.447065,0.508312,-1.19413,-0.447065,0.506184,-1.18829,-0.468606,0.605607,-1.38613,-0.536045,0.608218,-1.39293,-0.510795,0.584034,-1.40175,-0.510795,0.581539,-1.39491,-0.536045
0.215433,-0.363813,2.39987,8.84158,838871700,-0.960776,0.865346,-0.492617,-0.965472,0.870005,-0.471046,-0.949719,0.885239,-0.471046,-0.945121,0.880485,-0.492617,-1.11556,1.02003,-0.563617,-1.12104,1.02547,-0.538468,-1.10258,1.04331,-0.538468,-1.09722,1.03777,-0.563617
0.147211,-0.363844,-1.61635,13.3253,838871830,-0.0478569,-1.292,-0.492617,-0.0484065,-1.29859,-0.471046,-0.0702031,-1.29632,-0.471046,-0.0695173,-1.28974,-0.492617,-0.066831,-1.51001,-0.563617,-0.0674718,-1.51769,-0.538468,-0.0930036,-1.51503,-0.538468,-0.092204,-1.50736,-0.563617
0.11204,-0.364161,-1.59901,-8.7362,838871831,-0.0253886,-1.29127,-0.492617,-0.0258442,-1.29787,-0.471046,-0.0477069,-1.29636,-0.471046,-0.0471147,-1.28977,-0.492617,-0.040461,-1.50955,-0.563617,-0.0409922,-1.51724,-0.538468,-0.0666013,-1.51547,-0.538468,-0.0659109,-1.50779,-0.563617
0.0429545,-0.363865,-1.23277,-3.02413,838871852,0.439117,-1.21594,-0.492617,0.441077,-1.22226,-0.471046,0.420017,-1.22832,-0.471046,0.418188,-1.22196,-0.492617,0.503197,-1.42518,-0.563617,0.505482,-1.43255,-0.538467,0.480812,-1.43964,-0.538468,0.478681,-1.43223,-0.563617
-0.0459929,-0.364173,-1.2115,-4.30362,838871853,0.464448,-1.20512,-0.492617,0.466496,-1.2114,-0.471046,0.445658,-1.21819,-0.471046,0.44374,-1.21186,-0.492617,0.532193,-1.41316,-0.563617,0.53458,-1.42049,-0.538468,0.510172,-1.42844,-0.538468,0.507936,-1.42106,-0.563617
-0.0615759,-0.363854,-1.19433,-4.66974,838871854,0.485557,-1.19824,-0.492617,0.487735,-1.20449,-0.471046,0.466897,-1.21127,-0.471046,0.464849,-1.20498,-0.492617,0.556851,-1.40513,-0.563617,0.559391,-1.41242,-0.538467,0.534982,-1.42036,-0.538468,0.532594,-1.41303,-0.563617
-0.0537361,-0.364151,-1.17699,-4.14943,838871855,0.505788,-1.18844,-0.492617,0.508054,-1.19465,-0.471046,0.487465,-1.20216,-0.471046,0.485328,-1.1959,-0.492617,0.580757,-1.39399,-0.563617,0.583399,-1.40124,-0.538468,0.559283,-1.41003,-0.538468,0.556791,-1.40273,-0.563617
0.0905463,-0.363836,-1.15982,18.7714,838871856,0.526644,-1.18083,-0.492617,0.529038,-1.187,-0.471046,0.50845,-1.19451,-0.471046,0.506184,-1.18829,-0.492617,0.60512,-1.38511,-0.563617,0.607912,-1.3923,-0.538467,0.583796,-1.40109,-0.538468,0.581154,-1.39385,-0.563617
0.109273,-0.364119,-1.00442,14.6591,838871865,0.702389,-1.08402,-0.492617,0.7057,-1.08975,-0.471046,0.68673,-1.10072,-0.471046,0.683538,-1.09493,-0.492617,0.811939,-1.27342,-0.563617,0.8158,-1.28009,-0.538468,0.793579,-1.29295,-0.538468,0.789856,-1.28619,-0.563617
0.108617,-0.381225,-2.90515,-8.788,838872268,-1.25434,-0.313593,-0.51674,-1.26118,-0.314942,-0.49528,-1.265,-0.293363,-0.49528,-1.25814,-0.292149,-0.51674,-1.46798,-0.3552,-0.591284,-1.47595,-0.356772,-0.566263,-1.48042,-0.331495,-0.566263,-1.47243,-0.33008,-0.591284
0.101284,-0.381225,-1.15982,53.3373,838872368,0.526644,-1.18083,-0.51674,0.529158,-1.18733,-0.49528,0.50857,-1.19484,-0.49528,0.506184,-1.18829,-0.51674,0.604715,-1.384,-0.591284,0.607647,-1.39157,-0.566263,0.583531,-1.40037,-0.566263,0.580749,-1.39274,-0.591284
0.129602,-0.39895,2.58977,-1.26783,838872735,-1.10558,0.667621,-0.540994,-1.11164,0.671704,-0.51965,-1.0994,0.689883,-0.51965,-1.09341,0.685687,-0.540994,-1.28507,0.788462,-0.619063,-1.29214,0.793222,-0.594177,-1.2778,0.814516,-0.594177,-1.27082,0.809624,-0.619063
0.364729,-0.39895,2.93883,-0.15032,838872755,-1.26724,0.249229,-0.540994,-1.27434,0.250992,-0.51965,-1.26905,0.27226,-0.51965,-1.26199,0.270365,-0.540994,-1.47724,0.301393,-0.619063,-1.48551,0.303448,-0.594177,-1.47932,0.328361,-0.594177,-1.47109,0.326151,-0.619063
0.12048,-0.398962,-1.21152,16.0728,838872877,0.464448,-1.20512,-0.540994,0.466711,-1.21207,-0.51965,0.445874,-1.21885,-0.51965,0.44374,-1.21186,-0.540994,0.531443,-1.41086,-0.619063,0.534082,-1.41896,-0.594177,0.509674,-1.42691,-0.594177,0.507186,-1.41876,-0.619063
0.109882,-0.416287,-1.14249,12.1096,838873393,0.546519,-1.17033,-0.565387,0.549392,-1.17743,-0.544164,0.529079,-1.18565,-0.544164,0.526333,-1.1785,-0.565387,0.627228,-1.36969,-0.646959,0.630577,-1.37797,-0.622215,0.606783,-1.3876,-0.622215,0.603581,-1.37927,-0.646959
0.161828,-0.433296,1.87428,38.5898,838873718,-0.396919,1.23045,-0.589926,-0.398994,1.23818,-0.568831,-0.377735,1.2435,-0.56883,-0.375793,1.23574,-0.589926,-0.452421,1.43688,-0.67498,-0.45484,1.44589,-0.650384,-0.429938,1.45212,-0.650384,-0.427674,1.44307,-0.67498
0.125212,-0.433656,-2.92234,-1.47731,838873803,-1.25821,-0.291733,-0.589926,-1.26609,-0.293128,-0.568831,-1.26991,-0.271548,-0.56883,-1.26201,-0.270289,-0.589926,-1.46867,-0.328986,-0.67498,-1.47785,-0.330612,-0.650384,-1.48233,-0.305335,-0.650384,-1.47312,-0.303866,-0.67498
-0.00764965,-0.455674,2.69722,-1.83764,838874277,-1.17093,0.545229,-0.621349,-1.1783,0.549139,-0.60039,-1.16801,0.568521,-0.60039,-1.16072,0.564465,-0.621349,-1.35852,0.644805,-0.709718,-1.36705,0.649337,-0.685425,-1.35506,0.671927,-0.685425,-1.34662,0.667225,-0.709718
0.0221182,-0.455292,2.71439,0,838874278,-1.18134,0.525619,-0.621349,-1.18878,0.529383,-0.60039,-1.1785,0.548765,-0.60039,-1.17113,0.544855,-0.621348,-1.37062,0.622009,-0.709718,-1.37924,0.626372,-0.685425,-1.36725,0.648962,-0.685425,-1.35872,0.64443,-0.709718
0.0221216,-0.45566,2.73173,0,838874279,-1.18908,0.504516,-0.621349,-1.19658,0.508166,-0.60039,-1.18698,0.527895,-0.60039,-1.17955,0.524096,-0.621349,-1.38003,0.597479,-0.709718,-1.38872,0.60171,-0.685425,-1.37753,0.624705,-0.685425,-1.36892,0.620301,-0.709718
0.0221179,-0.455281,2.7489,0,838874280,-1.1988,0.484554,-0.621348,-1.20637,0.488056,-0.60039,-1.19677,0.507785,-0.60039,-1.18927,0.504134,-0.621349,-1.39133,0.574275,-0.709718,-1.4001,0.578334,-0.685425,-1.38891,0.601329,-0.685425,-1.38022,0.597098,-0.709719
0.0221213,-0.455653,2.76624,0,838874281,-1.2058,0.463193,-0.621349,-1.21342,0.466579,-0.60039,-1.20451,0.486632,-0.60039,-1.19696,0.483094,-0.621348,-1.39988,0.54943,-0.709718,-1.40871,0.553355,-0.685425,-1.39833,0.576727,-0.685425,-1.38957,0.572627,-0.709718
0.0221177,-0.455276,2.78342,0,838874282,-1.21482,0.442904,-0.621349,-1.2225,0.446139,-0.60039,-1.21359,0.466192,-0.60039,-1.20597,0.462805,-0.621349,-1.41036,0.525846,-0.709718,-1.41927,0.529596,-0.685425,-1.40889,0.552968,-0.685425,-1.40005,0.549043,-0.709719
0.00696592,-0.455651,2.80076,-1.20005,838874283,-1.22106,0.421311,-0.621349,-1.2288,0.42443,-0.60039,-1.22059,0.444781,-0.60039,-1.21292,0.44151,-0.621349,-1.41804,0.500718,-0.709718,-1.427,0.504332,-0.685425,-1.41744,0.528053,-0.685425,-1.40855,0.524261,-0.709718
0.0990318,-0.455345,2.95599,-31.2053,838874292,-1.27259,0.227683,-0.621348,-1.28073,0.229533,-0.60039,-1.27544,0.250829,-0.60039,-1.26734,0.248819,-0.621349,-1.47958,0.275382,-0.709719,-1.489,0.277527,-0.685425,-1.48284,0.302348,-0.685425,-1.47346,0.300017,-0.709719
0.135959,-0.455656,-3.09885,-7.61866,838874305,-1.28998,-0.0662751,-0.621349,-1.29832,-0.0662818,-0.60039,-1.29834,-0.0443387,-0.60039,-1.29,-0.0444974,-0.621349,-1.50236,-0.0664436,-0.709718,-1.51203,-0.0664513,-0.685425,-1.51205,-0.040876,-0.685425,-1.50238,-0.0410599,-0.709718
0.209621,-0.472573,2.3308,-1.28435,838874768,-0.898752,0.929496,-0.646197,-0.904453,0.936024,-0.62537,-0.887653,0.95014,-0.62537,-0.882079,0.943506,-0.646196,-1.03723,1.0887,-0.737862,-1.04384,1.09627,-0.713722,-1.02426,1.11272,-0.713722,-1.0178,1.10503,-0.737862
-0.0582531,-0.472951,2.69721,-0.46973,838874789,-1.17093,0.545229,-0.646197,-1.17858,0.549292,-0.62537,-1.1683,0.568674,-0.62537,-1.16072,0.564465,-0.646196,-1.35728,0.644148,-0.737862,-1.36615,0.648857,-0.713722,-1.35416,0.671447,-0.713722,-1.34538,0.666568,-0.737862
0.0222846,-0.472556,2.71438,0,838874790,-1.18134,0.525619,-0.646197,-1.18907,0.529536,-0.62537,-1.17878,0.548917,-0.62537,-1.17113,0.544855,-0.646196,-1.36938,0.621352,-0.737862,-1.37834,0.625892,-0.713722,-1.36635,0.648482,-0.713722,-1.35748,0.643773,-0.737862
0.0222882,-0.472937,2.73172,0,838874791,-1.18908,0.504516,-0.646197,-1.19687,0.508308,-0.62537,-1.18727,0.528038,-0.62537,-1.17955,0.524096,-0.646196,-1.37877,0.596865,-0.737862,-1.3878,0.601262,-0.713722,-1.37661,0.624257,-0.713722,-1.36766,0.619688,-0.737862
0.0222843,-0.472545,2.7489,0,838874792,-1.1988,0.484554,-0.646196,-1.20666,0.488198,-0.62537,-1.19706,0.507927,-0.62537,-1.18927,0.504134,-0.646197,-1.39007,0.573661,-0.737862,-1.39918,0.577885,-0.713722,-1.38799,0.60088,-0.713722,-1.37896,0.596484,-0.737862
0.0222879,-0.472929,2.76624,0,838874793,-1.2058,0.463193,-0.646197,-1.21372,0.466711,-0.62537,-1.20481,0.486764,-0.62537,-1.19696,0.483094,-0.646196,-1.3986,0.548861,-0.737862,-1.40778,0.55294,-0.713722,-1.39739,0.576311,-0.713722,-1.38829,0.572058,-0.737862
0.022284,-0.47254,2.78341,0,838874794,-1.21482,0.442904,-0.646196,-1.2228,0.446271,-0.62537,-1.21389,0.466324,-0.62537,-1.20597,0.462805,-0.646196,-1.40908,0.525277,-0.737862,-1.41833,0.52918,-0.713722,-1.40795,0.552552,-0.713722,-1.39877,0.548474,-0.737862
0.206357,-0.472927,2.80075,12.7554,838874795,-1.22106,0.421311,-0.646196,-1.2291,0.424551,-0.62537,-1.2209,0.444903,-0.62537,-1.21292,0.44151,-0.646196,-1.41674,0.500194,-0.737862,-1.42605,0.503949,-0.713722,-1.41649,0.52767,-0.713722,-1.40725,0.523737,-0.737862
0.124784,-0.472984,2.93881,-45.7635,838874803,-1.26724,0.24923,-0.646197,-1.27565,0.251319,-0.62537,-1.27036,0.272615,-0.62537,-1.26199,0.270366,-0.646196,-1.47199,0.300091,-0.737862,-1.48174,0.302512,-0.713722,-1.47558,0.327333,-0.713722,-1.46588,0.324726,-0.737862
0.159717,-0.472984,-2.99531,-24.794,838874823,-1.27606,-0.199223,-0.646196,-1.28468,-0.200136,-0.62537,-1.28699,-0.178315,-0.62537,-1.27836,-0.177566,-0.646196,-1.48586,-0.221458,-0.737862,-1.49585,-0.222517,-0.713722,-1.49854,-0.197084,-0.713722,-1.48854,-0.196216,-0.737862
0.414284,-0.472943,-1.31901,4.94697,838874919,0.332528,-1.24811,-0.646196,0.334337,-1.25659,-0.62537,0.312877,-1.26117,-0.62537,0.31123,-1.25266,-0.646197,0.376561,-1.45444,-0.737862,0.378658,-1.46426,-0.713722,0.353646,-1.4696,-0.713722,0.351737,-1.45974,-0.737862
0.296066,-0.489819,2.33079,6.24952,838875280,-0.898752,0.929496,-0.671209,-0.904661,0.936271,-0.65052,-0.887861,0.950387,-0.65052,-0.882079,0.943506,-0.671209,-1.0363,1.08759,-0.766148,-1.04315,1.09544,-0.742167,-1.02357,1.1119,-0.742167,-1.01686,1.10392,-0.766148
0.139404,-0.490183,2.45168,9.3806,838875287,-1.00333,0.813532,-0.671209,-1.01001,0.819541,-0.65052,-0.995342,0.835859,-0.65052,-0.988768,0.829727,-0.671209,-1.15914,0.95361,-0.766148,-1.16689,0.960575,-0.742167,-1.14979,0.979595,-0.742167,-1.14217,0.972487,-0.766148
0.0181359,-0.490208,2.69721,-1.94341,838875301,-1.17093,0.545229,-0.671209,-1.17887,0.549443,-0.65052,-1.16858,0.568825,-0.65052,-1.16072,0.564465,-0.671209,-1.356,0.643466,-0.766148,-1.3652,0.648351,-0.742167,-1.35321,0.670941,-0.742167,-1.34409,0.665887,-0.766148
0.0224574,-0.489801,2.71437,0,838875302,-1.18134,0.525619,-0.671209,-1.18936,0.529687,-0.65052,-1.17907,0.549069,-0.65052,-1.17113,0.544855,-0.671209,-1.3681,0.620671,-0.766148,-1.37739,0.625387,-0.742167,-1.3654,0.647977,-0.742167,-1.35619,0.643092,-0.766148
0.0224613,-0.490193,2.73172,0,838875303,-1.18908,0.504516,-0.671209,-1.19716,0.50845,-0.65052,-1.18756,0.528179,-0.65052,-1.17955,0.524096,-0.671209,-1.37746,0.596229,-0.766148,-1.38683,0.60079,-0.742167,-1.37564,0.623785,-0.742167,-1.36635,0.619052,-0.766148
0.0224571,-0.489789,2.74889,0,838875304,-1.1988,0.484554,-0.671209,-1.20695,0.48834,-0.65052,-1.19735,0.508069,-0.65052,-1.18927,0.504134,-0.671209,-1.38876,0.573026,-0.766148,-1.39821,0.577414,-0.742167,-1.38702,0.600409,-0.742167,-1.37765,0.595848,-0.766148
0.022461,-0.490185,2.76623,0,838875305,-1.2058,0.463193,-0.671209,-1.21401,0.466843,-0.65052,-1.2051,0.486895,-0.65052,-1.19696,0.483094,-0.671209,-1.39727,0.548271,-0.766148,-1.40679,0.552502,-0.742167,-1.39641,0.575874,-0.742167,-1.38696,0.571468,-0.766148
0.0224568,-0.489784,2.7834,0,838875306,-1.21481,0.442904,-0.671209,-1.2231,0.446403,-0.65052,-1.21419,0.466455,-0.65052,-1.20597,0.462805,-0.671209,-1.40775,0.524687,-0.766148,-1.41735,0.528742,-0.742167,-1.40696,0.552114,-0.742167,-1.39744,0.547884,-0.766148
0.0217245,-0.490183,2.80075,-2.85247,838875307,-1.22106,0.421311,-0.671209,-1.2294,0.424672,-0.65052,-1.2212,0.445024,-0.65052,-1.21292,0.44151,-0.671209,-1.41539,0.499651,-0.766148,-1.42505,0.503546,-0.742167,-1.41549,0.527266,-0.742167,-1.4059,0.523193,-0.766148
0.212261,-0.507447,2.34813,11.0524,838875793,-0.913836,0.91283,-0.696394,-0.92007,0.919744,-0.675848,-0.903773,0.934438,-0.675848,-0.897662,0.927413,-0.696394,-1.05313,1.06732,-0.794583,-1.06036,1.07534,-0.770768,-1.04137,1.09246,-0.770768,-1.03428,1.08432,-0.794583
0.0152678,-0.507482,2.58973,-2.11035,838875807,-1.10558,0.667622,-0.696394,-1.1133,0.672821,-0.675848,-1.10104,0.691023,-0.675848,-1.09341,0.685687,-0.696394,-1.27813,0.783794,-0.794583,-1.28708,0.78982,-0.770768,-1.2728,0.811036,-0.770768,-1.26396,0.804851,-0.794583
-0.0138183,-0.507086,2.6069,-2.58649,838875808,-1.11798,0.649205,-0.696394,-1.12579,0.654267,-0.675848,-1.11354,0.672469,-0.675848,-1.10581,0.66727,-0.696394,-1.29255,0.762386,-0.794583,-1.3016,0.768253,-0.770768,-1.28732,0.789469,-0.770768,-1.27837,0.783443,-0.794583
0.0584473,-0.507498,2.62817,-3.77859,838875809,-1.13042,0.624631,-0.696394,-1.13832,0.629559,-0.675848,-1.1267,0.648176,-0.675848,-1.11889,0.643107,-0.696394,-1.3069,0.734752,-0.794583,-1.31605,0.740464,-0.770768,-1.30252,0.762162,-0.770768,-1.29346,0.756287,-0.794583
0.0347343,-0.507071,2.64533,-3.37123,838875810,-1.14217,0.605796,-0.696394,-1.15016,0.610583,-0.675848,-1.13854,0.6292,-0.675848,-1.13064,0.624272,-0.696394,-1.32056,0.712857,-0.794583,-1.32982,0.718407,-0.770768,-1.31628,0.740105,-0.770768,-1.30712,0.734392,-0.794583
0.014662,-0.507469,2.66268,-2.33907,838875811,-1.15137,0.585284,-0.696394,-1.15943,0.589933,-0.675848,-1.14848,0.608944,-0.675848,-1.14049,0.604151,-0.696394,-1.33159,0.689174,-0.794583,-1.34094,0.694563,-0.770768,-1.32816,0.71672,-0.770768,-1.31891,0.711165,-0.794583
-0.0154937,-0.507447,2.6972,-2.12978,838875813,-1.17093,0.545229,-0.696394,-1.17915,0.549594,-0.675848,-1.16887,0.568976,-0.675848,-1.16072,0.564465,-0.696394,-1.35467,0.642762,-0.794583,-1.3642,0.647821,-0.770768,-1.35221,0.670411,-0.770768,-1.34277,0.665182,-0.794583
0.0226367,-0.507027,2.71437,0,838875814,-1.18134,0.525619,-0.696394,-1.18964,0.529838,-0.675848,-1.17935,0.549219,-0.675848,-1.17113,0.544855,-0.696394,-1.36677,0.619966,-0.794583,-1.37639,0.624856,-0.770768,-1.3644,0.647446,-0.770768,-1.35487,0.642387,-0.794583
0.0226409,-0.507431,2.73171,0,838875815,-1.18908,0.504516,-0.696394,-1.19745,0.50859,-0.675848,-1.18785,0.52832,-0.675848,-1.17955,0.524096,-0.696394,-1.37611,0.595571,-0.794583,-1.38581,0.600295,-0.770768,-1.37462,0.623289,-0.770768,-1.365,0.618394,-0.794583
0.0226364,-0.507015,2.74888,0,838875816,-1.1988,0.484554,-0.696394,-1.20724,0.48848,-0.675848,-1.19764,0.508209,-0.675848,-1.18927,0.504134,-0.696394,-1.38741,0.572367,-0.794583,-1.3972,0.576918,-0.770768,-1.386,0.599913,-0.770768,-1.3763,0.59519,-0.794583
0.0226406,-0.507423,2.76623,0,838875817,-1.2058,0.463193,-0.696394,-1.21431,0.466973,-0.675848,-1.2054,0.487026,-0.675848,-1.19696,0.483094,-0.696394,-1.3959,0.547661,-0.794583,-1.40576,0.552042,-0.770768,-1.39537,0.575414,-0.770768,-1.38559,0.570858,-0.794583
0.0226361,-0.50701,2.78339,0,838875818,-1.21482,0.442904,-0.696394,-1.22339,0.446533,-0.675848,-1.21448,0.466585,-0.675848,-1.20597,0.462805,-0.696394,-1.40638,0.524077,-0.794583,-1.41632,0.528283,-0.770768,-1.40593,0.551655,-0.770768,-1.39607,0.547273,-0.794583
0.135618,-0.507421,2.80074,-3.56415,838875819,-1.22106,0.421311,-0.696394,-1.2297,0.424792,-0.675848,-1.22149,0.445144,-0.675848,-1.21292,0.44151,-0.696394,-1.414,0.499089,-0.794583,-1.424,0.503123,-0.770768,-1.41444,0.526844,-0.770768,-1.4045,0.522631,-0.794583
0.120018,-0.507086,-2.97815,4.75195,838875848,-1.27372,-0.221301,-0.696394,-1.28296,-0.222446,-0.675848,-1.28527,-0.200625,-0.675848,-1.27602,-0.199644,-0.696394,-1.4802,-0.246811,-0.794583,-1.49091,-0.248139,-0.770768,-1.49361,-0.222706,-0.770768,-1.48288,-0.221568,-0.794583
0.490323,-0.507498,-2.95689,-0.0747337,838875849,-1.26746,-0.248125,-0.696394,-1.27668,-0.249426,-0.675848,-1.27974,-0.227699,-0.675848,-1.2705,-0.226561,-0.696394,-1.47343,-0.277207,-0.794583,-1.48412,-0.278715,-0.770768,-1.48769,-0.253391,-0.770768,-1.47698,-0.252072,-0.794583
0.143339,-0.507071,-2.93972,9.3077,838875850,-1.26435,-0.270109,-0.696394,-1.27355,-0.271574,-0.675848,-1.27662,-0.249846,-0.675848,-1.2674,-0.248545,-0.696394,-1.46983,-0.302761,-0.794583,-1.48048,-0.304459,-0.770768,-1.48406,-0.279135,-0.770768,-1.47337,-0.277626,-0.794583
0.0247383,-0.524245,2.53786,-3.38322,838876316,-1.07066,0.724857,-0.721761,-1.07835,0.730648,-0.701362,-1.06485,0.747951,-0.701362,-1.05726,0.742029,-0.721761,-1.23567,0.848993,-0.823177,-1.24459,0.855705,-0.799532,-1.22886,0.875872,-0.799532,-1.22006,0.869008,-0.823177
0.0433988,-0.524678,2.55521,-3.4671,838876317,-1.08194,0.705417,-0.721761,-1.08974,0.71107,-0.701362,-1.07685,0.728833,-0.701362,-1.06916,0.723047,-0.721761,-1.24908,0.826633,-0.823177,-1.25811,0.833185,-0.799532,-1.2431,0.853888,-0.799532,-1.23418,0.847181,-0.823177
0.0157023,-0.524704,2.58973,-4.78016,838876319,-1.10558,0.667622,-0.721761,-1.11356,0.672999,-0.701362,-1.10131,0.691201,-0.701362,-1.09341,0.685687,-0.721761,-1.27684,0.782927,-0.823177,-1.2861,0.789159,-0.799532,-1.27182,0.810374,-0.799532,-1.26267,0.803983,-0.823177
0.0611422,-0.524297,2.6069,23.4623,838876320,-1.11798,0.649205,-0.721761,-1.12605,0.654445,-0.701362,-1.1138,0.672647,-0.701362,-1.10581,0.66727,-0.721761,-1.29126,0.761518,-0.823177,-1.30062,0.767592,-0.799532,-1.28634,0.788807,-0.799532,-1.27708,0.782575,-0.823177
0.412562,-0.52472,2.62816,-10.0854,838876321,-1.13042,0.624631,-0.721761,-1.13859,0.629728,-0.701362,-1.12697,0.648344,-0.701362,-1.11889,0.643107,-0.721761,-1.30558,0.73393,-0.823177,-1.31505,0.739837,-0.799532,-1.30151,0.761535,-0.799532,-1.29214,0.755465,-0.823177
0.100336,-0.524282,2.64533,30.411,838876322,-1.14217,0.605796,-0.721761,-1.15043,0.610752,-0.701362,-1.13881,0.629368,-0.701362,-1.13064,0.624272,-0.721761,-1.31924,0.712035,-0.823177,-1.32881,0.71778,-0.799532,-1.31527,0.739478,-0.799532,-1.30581,0.73357,-0.823177
0.13224,-0.524691,2.66268,-0.66565,838876323,-1.15137,0.585284,-0.721761,-1.15971,0.590092,-0.701362,-1.14875,0.609103,-0.701362,-1.14049,0.604151,-0.721761,-1.33024,0.688398,-0.823177,-1.33991,0.693972,-0.799532,-1.32714,0.716129,-0.799532,-1.31756,0.710389,-0.823177
0.0139735,-0.524668,2.69719,-4.74459,838876325,-1.17093,0.545229,-0.721761,-1.17944,0.549743,-0.701362,-1.16915,0.569125,-0.701362,-1.16072,0.564465,-0.721761,-1.3533,0.642033,-0.823177,-1.36315,0.647266,-0.799532,-1.35116,0.669855,-0.799532,-1.34139,0.664454,-0.823177
0.0228226,-0.524237,2.71436,0,838876326,-1.18134,0.525619,-0.721761,-1.18992,0.529987,-0.701362,-1.17963,0.549369,-0.701362,-1.17113,0.544855,-0.721761,-1.3654,0.619238,-0.823177,-1.37534,0.624301,-0.799532,-1.36335,0.646891,-0.799532,-1.35349,0.641659,-0.823177
0.0228271,-0.524652,2.73171,0,838876327,-1.18908,0.504516,-0.721761,-1.19774,0.50873,-0.701362,-1.18813,0.528459,-0.701362,-1.17955,0.524096,-0.721761,-1.37472,0.594891,-0.823176,-1.38475,0.599776,-0.799532,-1.37355,0.622771,-0.799532,-1.3636,0.617714,-0.823176
0.0228222,-0.524224,2.74887,0,838876328,-1.1988,0.484554,-0.721761,-1.20753,0.48862,-0.701362,-1.19792,0.508349,-0.701362,-1.18927,0.504134,-0.721761,-1.38601,0.571687,-0.823177,-1.39613,0.5764,-0.799532,-1.38494,0.599395,-0.799532,-1.3749,0.59451,-0.823177
0.0228267,-0.524643,2.76622,0,838876329,-1.2058,0.463193,-0.721761,-1.2146,0.467102,-0.701362,-1.20569,0.487155,-0.701362,-1.19696,0.483094,-0.721761,-1.39448,0.54703,-0.823177,-1.40468,0.551561,-0.799532,-1.39429,0.574933,-0.799532,-1.38417,0.570227,-0.823177
0.0228219,-0.524219,2.78339,0,838876330,-1.21481,0.442904,-0.721761,-1.22368,0.446662,-0.701362,-1.21477,0.466715,-0.701362,-1.20597,0.462805,-0.721761,-1.40496,0.523446,-0.823176,-1.41523,0.527802,-0.799532,-1.40485,0.551174,-0.799532,-1.39465,0.546642,-0.823176
0.0820394,-0.524642,2.80073,29.2075,838876331,-1.22106,0.421311,-0.721761,-1.22999,0.424911,-0.701362,-1.22179,0.445263,-0.701362,-1.21292,0.44151,-0.721761,-1.41255,0.498508,-0.823177,-1.4229,0.50268,-0.799532,-1.41334,0.526401,-0.799532,-1.40306,0.52205,-0.823177
0.0672047,-0.524221,2.8179,-4.11694,838876332,-1.22937,0.40072,-0.721761,-1.23836,0.404166,-0.701362,-1.23015,0.424518,-0.701362,-1.22122,0.420918,-0.721761,-1.4222,0.474572,-0.823177,-1.43263,0.478567,-0.799532,-1.42306,0.502287,-0.799532,-1.41271,0.498115,-0.823176
0.0425713,-0.524647,2.83525,-4.36111,838876333,-1.23486,0.378923,-0.721761,-1.24391,0.382208,-0.701362,-1.23642,0.402834,-0.701362,-1.22742,0.399393,-0.721761,-1.42893,0.449384,-0.823177,-1.43942,0.453192,-0.799532,-1.43069,0.477232,-0.799532,-1.42026,0.473244,-0.823177
0.0587238,-0.524229,2.85241,-4.72414,838876334,-1.24243,0.358054,-0.721761,-1.25154,0.361184,-0.701362,-1.24405,0.38181,-0.701362,-1.235,0.378524,-0.721761,-1.43773,0.425125,-0.823177,-1.44829,0.428754,-0.799532,-1.43956,0.452794,-0.799532,-1.42907,0.448985,-0.823177
0.127163,-0.524659,2.86976,-4.64034,838876335,-1.24716,0.336078,-0.721761,-1.25632,0.339045,-0.701362,-1.24956,0.35992,-0.701362,-1.24045,0.356795,-0.721761,-1.44357,0.399718,-0.823177,-1.45419,0.403158,-0.799532,-1.44631,0.427488,-0.799532,-1.43575,0.423866,-0.823177
0.482258,-0.524245,2.88693,0.626562,838876336,-1.254,0.314957,-0.721761,-1.26321,0.317767,-0.701362,-1.25645,0.338642,-0.701362,-1.24729,0.335674,-0.721761,-1.45153,0.375167,-0.823177,-1.4622,0.378424,-0.799532,-1.45432,0.402754,-0.799532,-1.4437,0.399315,-0.823177
0.176153,-0.524297,2.95596,9.26265,838876340,-1.27259,0.227683,-0.721761,-1.28198,0.229844,-0.701362,-1.27669,0.25114,-0.701362,-1.26734,0.248819,-0.721761,-1.47384,0.273957,-0.823177,-1.48472,0.276462,-0.799532,-1.47855,0.301283,-0.799532,-1.46772,0.298592,-0.823177
0.10992,-0.52472,-2.95689,-9.74791,838876361,-1.26746,-0.248125,-0.721761,-1.27699,-0.249471,-0.701362,-1.28006,-0.227743,-0.701362,-1.2705,-0.226561,-0.721761,-1.47189,-0.276989,-0.823177,-1.48295,-0.27855,-0.799532,-1.48652,-0.253225,-0.799532,-1.47544,-0.251855,-0.823177
0.147537,-0.524691,-2.92237,-12.6356,838876363,-1.25821,-0.291732,-0.721761,-1.26769,-0.29341,-0.701362,-1.27152,-0.271803,-0.701362,-1.26201,-0.270288,-0.721761,-1.46152,-0.327719,-0.823177,-1.47251,-0.329664,-0.799532,-1.47696,-0.304481,-0.799532,-1.46594,-0.302724,-0.823177
0.178153,-0.524282,-1.1944,17.9848,838876462,0.485558,-1.19824,-0.721761,0.488696,-1.20734,-0.701362,0.467831,-1.21414,-0.701362,0.46485,-1.20498,-0.721761,0.552913,-1.39344,-0.823177,0.55655,-1.404,-0.799532,0.532232,-1.41191,-0.799532,0.528776,-1.4013,-0.823176
0.0603688,-0.541411,2.50335,-1.81237,838876826,-1.04504,0.761397,-0.747269,-1.05277,0.767621,-0.727072,-1.03866,0.784461,-0.727072,-1.03106,0.778091,-0.747269,-1.20437,0.890347,-0.851731,-1.21327,0.897516,-0.828468,-1.19691,0.917035,-0.828468,-1.18816,0.909697,-0.851731
-0.0468205,-0.541852,2.52068,-2.7637,838876827,-1.057,0.742364,-0.747269,-1.06482,0.748465,-0.727072,-1.05131,0.765788,-0.727072,-1.04361,0.759537,-0.747269,-1.2186,0.868404,-0.851731,-1.22761,0.875431,-0.828468,-1.21195,0.895509,-0.828468,-1.20307,0.888308,-0.851731
0.0015574,-0.541427,2.53786,-2.19123,838876828,-1.07066,0.724856,-0.747269,-1.0786,0.730807,-0.727072,-1.06509,0.748129,-0.727072,-1.05726,0.742029,-0.747269,-1.23438,0.848164,-0.851731,-1.24353,0.855018,-0.828468,-1.22787,0.875095,-0.828468,-1.21886,0.868068,-0.851731
0.0546133,-0.541872,2.5552,-51.2488,838876829,-1.08194,0.705418,-0.747269,-1.08997,0.711242,-0.727072,-1.07707,0.729026,-0.727072,-1.06916,0.723047,-0.747269,-1.24784,0.825737,-0.851731,-1.25709,0.832445,-0.828468,-1.24214,0.853057,-0.828468,-1.23302,0.846171,-0.851731
-0.114484,-0.54145,2.57238,-1.8437,838876830,-1.09498,0.687444,-0.747269,-1.10312,0.693113,-0.727072,-1.09022,0.710897,-0.727072,-1.08219,0.705073,-0.747269,-1.26291,0.804958,-0.851731,-1.27229,0.811488,-0.828468,-1.25734,0.8321,-0.828468,-1.24809,0.825392,-0.851731
0.00860661,-0.541899,2.58972,-2.77265,838876831,-1.10558,0.667623,-0.747269,-1.1138,0.673163,-0.727072,-1.10154,0.691386,-0.727072,-1.09341,0.685688,-0.747269,-1.27558,0.782074,-0.851731,-1.28505,0.788455,-0.828468,-1.27083,0.809577,-0.828468,-1.26148,0.803014,-0.851731
0.381473,-0.54148,2.60689,4.92411,838876832,-1.11798,0.649204,-0.747269,-1.12631,0.654586,-0.727072,-1.11404,0.67281,-0.727072,-1.10581,0.66727,-0.747269,-1.28991,0.760782,-0.851731,-1.29951,0.76698,-0.828468,-1.28529,0.788102,-0.828468,-1.27581,0.781721,-0.851731
3.59849,-0.541915,2.62815,-0.532366,838876833,-1.13042,0.624632,-0.747269,-1.13884,0.629883,-0.727072,-1.12721,0.648521,-0.727072,-1.11889,0.643108,-0.747269,-1.30429,0.733122,-0.851731,-1.31398,0.73917,-0.828468,-1.3005,0.760772,-0.828468,-1.29092,0.754537,-0.851731
0.717171,-0.541465,2.64533,-0.741903,838876834,-1.14217,0.605795,-0.747269,-1.15069,0.610884,-0.727072,-1.13906,0.629522,-0.727072,-1.13065,0.624271,-0.747269,-1.31787,0.711345,-0.851731,-1.32768,0.717207,-0.828468,-1.3142,0.738809,-0.828468,-1.30451,0.73276,-0.851731
-0.017483,-0.541885,2.66267,-1.66572,838876835,-1.15137,0.585285,-0.747269,-1.15996,0.590239,-0.727072,-1.14899,0.609272,-0.727072,-1.14049,0.604152,-0.747269,-1.32892,0.687636,-0.851731,-1.33882,0.693342,-0.828468,-1.3261,0.715402,-0.828468,-1.31631,0.709505,-0.851731
0.0710416,-0.541862,2.69718,15.2078,838876837,-1.17093,0.54523,-0.747269,-1.17969,0.549881,-0.727072,-1.16939,0.569285,-0.727072,-1.16072,0.564466,-0.747269,-1.35195,0.641318,-0.851731,-1.36204,0.646675,-0.828468,-1.3501,0.669165,-0.828468,-1.34011,0.663614,-0.851731
-0.0401337,-0.541418,2.71436,-1.41914,838876838,-1.18134,0.525618,-0.747269,-1.19019,0.5301,-0.727072,-1.17989,0.549505,-0.727072,-1.17113,0.544854,-0.747269,-1.36398,0.618645,-0.851731,-1.37418,0.623808,-0.828468,-1.36224,0.646299,-0.828468,-1.35215,0.640942,-0.851731
0.108616,-0.541846,2.7317,17.4306,838876839,-1.18908,0.504516,-0.747269,-1.198,0.508859,-0.727072,-1.18838,0.528611,-0.727072,-1.17955,0.524097,-0.747269,-1.37334,0.594223,-0.851731,-1.38362,0.599225,-0.828468,-1.37247,0.622118,-0.828468,-1.36229,0.616919,-0.851731
0.109686,-0.541406,2.74887,36.7131,838876840,-1.1988,0.484553,-0.747269,-1.2078,0.488723,-0.727072,-1.19819,0.508476,-0.727072,-1.18927,0.504133,-0.747269,-1.38458,0.571145,-0.851731,-1.39495,0.575948,-0.828468,-1.3838,0.598842,-0.828468,-1.37353,0.59384,-0.851731
0.0312962,-0.541837,2.76621,-2.6261,838876841,-1.2058,0.463194,-0.747269,-1.21486,0.467222,-0.727072,-1.20594,0.487298,-0.727072,-1.19696,0.483095,-0.747269,-1.39308,0.546411,-0.851731,-1.40352,0.55105,-0.828468,-1.39318,0.574319,-0.828468,-1.38283,0.569478,-0.851731
0.296541,-0.5414,2.78339,-4.57465,838876842,-1.21482,0.442903,-0.747269,-1.22396,0.446756,-0.727072,-1.21504,0.466833,-0.727072,-1.20597,0.462804,-0.747269,-1.4035,0.522953,-0.851731,-1.41403,0.527392,-0.828468,-1.4037,0.550661,-0.828468,-1.39325,0.546021,-0.851731
0.37117,-0.541835,2.80072,-9.60415,838876843,-1.22106,0.421312,-0.747269,-1.23026,0.425021,-0.727072,-1.22205,0.445397,-0.727072,-1.21292,0.441511,-0.747269,-1.41114,0.497938,-0.851731,-1.42173,0.50221,-0.828468,-1.41221,0.525825,-0.828468,-1.4017,0.521349,-0.851731
0.134637,-0.541402,2.8179,7.61598,838876844,-1.22937,0.400719,-0.747269,-1.23864,0.404251,-0.727072,-1.23042,0.424626,-0.727072,-1.22122,0.420917,-0.747269,-1.42073,0.474131,-0.851731,-1.43141,0.478199,-0.828468,-1.42189,0.501814,-0.828468,-1.4113,0.497542,-0.851731
0.0749119,-0.54184,2.83524,32.4904,838876845,-1.23486,0.378923,-0.747269,-1.24418,0.382309,-0.727072,-1.23668,0.402959,-0.727072,-1.22742,0.399394,-0.747269,-1.42749,0.448863,-0.851731,-1.43823,0.452763,-0.828468,-1.42954,0.476697,-0.828468,-1.41888,0.472591,-0.851731
0.130125,-0.541411,2.85241,-2.03602,838876846,-1.24243,0.358053,-0.747269,-1.25182,0.361259,-0.727072,-1.24433,0.381908,-0.727072,-1.235,0.378523,-0.747269,-1.43625,0.424736,-0.851731,-1.44706,0.428428,-0.828468,-1.43837,0.452362,-0.828468,-1.42764,0.448463,-0.851731
0.0455284,-0.541852,2.86975,-43.8855,838876847,-1.24716,0.336079,-0.747269,-1.2566,0.339136,-0.727072,-1.24982,0.360035,-0.727072,-1.24045,0.356796,-0.747269,-1.44212,0.399248,-0.851731,-1.45299,0.40277,-0.828468,-1.44514,0.426993,-0.828468,-1.43434,0.423262,-0.851731
-0.01681,-0.541427,2.88693,-1.24886,838876848,-1.254,0.314956,-0.747269,-1.2635,0.317832,-0.727072,-1.25673,0.338731,-0.727072,-1.24729,0.335673,-0.747269,-1.45003,0.374829,-0.851731,-1.46097,0.378142,-0.828468,-1.45312,0.402365,-0.828468,-1.44225,0.398843,-0.851731
0.414211,-0.541885,-2.92239,-4.8905,838876875,-1.25821,-0.291731,-0.747269,-1.26798,-0.29346,-0.727072,-1.27181,-0.271828,-0.727072,-1.26201,-0.270287,-0.747269,-1.46001,-0.327452,-0.851731,-1.47126,-0.329444,-0.828468,-1.4757,-0.304371,-0.828468,-1.46441,-0.302596,-0.851731
0.0103421,-0.558544,2.50334,-1.95024,838877338,-1.04504,0.761397,-0.772956,-1.053,0.767812,-0.752908,-1.03889,0.784653,-0.752908,-1.03106,0.778091,-0.772956,-1.20316,0.889339,-0.880443,-1.21232,0.896729,-0.857352,-1.19597,0.916247,-0.857352,-1.18695,0.908689,-0.880443
0.000471857,-0.558997,2.52068,-2.4727,838877339,-1.057,0.742364,-0.772956,-1.06506,0.748649,-0.752908,-1.05155,0.765971,-0.752908,-1.04361,0.759537,-0.772956,-1.21736,0.867438,-0.880443,-1.22664,0.874677,-0.857352,-1.21098,0.894754,-0.857352,-1.20183,0.887343,-0.880443
0.133615,-0.558561,2.53785,31.3639,838877340,-1.07066,0.724856,-0.772956,-1.07883,0.73099,-0.752908,-1.06532,0.748313,-0.752908,-1.05726,0.742029,-0.772956,-1.23315,0.847198,-0.880443,-1.24256,0.854263,-0.857352,-1.2269,0.874341,-0.857352,-1.21762,0.867103,-0.880443
0.00766637,-0.559017,2.55519,-2.90736,838877341,-1.08194,0.705418,-0.772956,-1.09021,0.711417,-0.752908,-1.07731,0.729201,-0.752908,-1.06916,0.723047,-0.772956,-1.24657,0.824815,-0.880443,-1.2561,0.831725,-0.857352,-1.24115,0.852337,-0.857352,-1.23175,0.845249,-0.880443
0.012361,-0.558585,2.57237,-3.43599,838877342,-1.09498,0.687444,-0.772956,-1.10336,0.693288,-0.752908,-1.09046,0.711072,-0.752908,-1.08219,0.705073,-0.772956,-1.26164,0.804036,-0.880443,-1.2713,0.810768,-0.857352,-1.25635,0.83138,-0.857352,-1.24682,0.82447,-0.880443
0.171219,-0.559045,2.58971,12.6684,838877343,-1.10558,0.667623,-0.772956,-1.11405,0.673329,-0.752908,-1.10178,0.691553,-0.752908,-1.09341,0.685688,-0.772956,-1.27427,0.781197,-0.880443,-1.28404,0.78777,-0.857352,-1.26982,0.808892,-0.857352,-1.26018,0.802137,-0.880443
0.218307,-0.558616,2.60689,-0.726084,838877344,-1.11798,0.649204,-0.772956,-1.12656,0.654752,-0.752908,-1.11429,0.672976,-0.752908,-1.10581,0.66727,-0.772956,-1.28861,0.759905,-0.880443,-1.2985,0.766295,-0.857352,-1.28427,0.787417,-0.857352,-1.27451,0.780844,-0.880443
0.245915,-0.559062,2.62815,-8.4259,838877345,-1.13042,0.624632,-0.772956,-1.13909,0.630041,-0.752908,-1.12746,0.648679,-0.752908,-1.11889,0.643108,-0.772956,-1.30295,0.732291,-0.880443,-1.31294,0.738521,-0.857352,-1.29946,0.760123,-0.857352,-1.28959,0.753706,-0.880443
0.21587,-0.5586,2.64532,-25.7939,838877346,-1.14217,0.605795,-0.772956,-1.15094,0.611042,-0.752908,-1.13931,0.62968,-0.752908,-1.13065,0.624271,-0.772956,-1.31654,0.710514,-0.880443,-1.32664,0.716557,-0.857352,-1.31316,0.738159,-0.857352,-1.30318,0.731929,-0.880443
0.0809352,-0.559031,2.66266,-2.38097,838877347,-1.15137,0.585285,-0.772956,-1.16022,0.590388,-0.752908,-1.14925,0.609421,-0.752908,-1.14049,0.604152,-0.772956,-1.32756,0.686852,-0.880443,-1.33775,0.69273,-0.857352,-1.32504,0.714789,-0.857352,-1.31495,0.708721,-0.880443
0.0261381,-0.559007,2.69718,-1.17298,838877349,-1.17093,0.54523,-0.772956,-1.17996,0.550021,-0.752908,-1.16966,0.569425,-0.752908,-1.16072,0.564466,-0.772956,-1.35056,0.640582,-0.880443,-1.36095,0.6461,-0.857352,-1.34902,0.66859,-0.857352,-1.33872,0.662878,-0.880443
0.00621547,-0.558552,2.71435,-2.48949,838877350,-1.18134,0.525618,-0.772956,-1.19046,0.53024,-0.752908,-1.18016,0.549645,-0.752908,-1.17113,0.544854,-0.772956,-1.36259,0.617909,-0.880443,-1.37309,0.623233,-0.857352,-1.36115,0.645723,-0.857352,-1.35076,0.640205,-0.880443
0.184624,-0.55899,2.73169,18.2486,838877351,-1.18908,0.504516,-0.772956,-1.19827,0.508989,-0.752908,-1.18865,0.528741,-0.752908,-1.17955,0.524097,-0.772956,-1.37193,0.593536,-0.880443,-1.38251,0.598688,-0.857352,-1.37137,0.621581,-0.857352,-1.36088,0.616232,-0.880443
0.0806925,-0.558539,2.74887,-18.2679,838877352,-1.1988,0.484553,-0.772956,-1.20807,0.488854,-0.752908,-1.19845,0.508606,-0.752908,-1.18927,0.504133,-0.772956,-1.38317,0.570457,-0.880443,-1.39384,0.575411,-0.857352,-1.3827,0.598305,-0.857352,-1.37212,0.593153,-0.880443
1.15265,-0.558981,2.76621,-0.803224,838877353,-1.2058,0.463194,-0.772956,-1.21514,0.467343,-0.752908,-1.20622,0.487419,-0.752908,-1.19696,0.483095,-0.772956,-1.39165,0.545773,-0.880443,-1.4024,0.550552,-0.857352,-1.39206,0.573821,-0.857352,-1.3814,0.568841,-0.880443
4.49232,-0.558534,2.78338,-0.0108252,838877354,-1.21482,0.442903,-0.772956,-1.22423,0.446878,-0.752908,-1.21531,0.466954,-0.752908,-1.20597,0.462804,-0.772956,-1.40207,0.522316,-0.880443,-1.41291,0.526894,-0.857352,-1.40257,0.550163,-0.857352,-1.39182,0.545384,-0.880443
12.1216,-0.558979,2.80072,-0.447333,838877355,-1.22106,0.421312,-0.772956,-1.23054,0.425133,-0.752908,-1.22233,0.445508,-0.752908,-1.21292,0.441511,-0.772956,-1.40968,0.49735,-0.880443,-1.4206,0.501751,-0.857352,-1.41108,0.525367,-0.857352,-1.40024,0.520762,-0.880443
0.266088,-0.558535,2.81789,0.0414688,838877356,-1.22937,0.400719,-0.772956,-1.23891,0.404362,-0.752908,-1.2307,0.424738,-0.752908,-1.22122,0.420917,-0.772956,-1.41928,0.473544,-0.880443,-1.43028,0.47774,-0.857352,-1.42076,0.501356,-0.857352,-1.40984,0.496955,-0.880443
0.105673,-0.558985,2.83523,-3.58526,838877357,-1.23486,0.378923,-0.772956,-1.24446,0.382411,-0.752908,-1.23696,0.40306,-0.752908,-1.22742,0.399394,-0.772956,-1.42601,0.448328,-0.880443,-1.43708,0.452344,-0.857352,-1.42839,0.476278,-0.857352,-1.4174,0.472055,-0.880443
0.827724,-0.558544,2.85241,-0.734218,838877358,-1.24243,0.358053,-0.772956,-1.2521,0.36136,-0.752908,-1.24461,0.38201,-0.752908,-1.235,0.378523,-0.772956,-1.43477,0.4242,-0.880443,-1.44591,0.42801,-0.857352,-1.43722,0.451944,-0.857352,-1.42616,0.447927,-0.880443
0.196262,-0.558997,2.86975,16.8738,838877359,-1.24716,0.336079,-0.772956,-1.25688,0.339228,-0.752908,-1.25011,0.360127,-0.752908,-1.24045,0.356796,-0.772956,-1.44063,0.398764,-0.880443,-1.45182,0.402392,-0.857352,-1.44397,0.426615,-0.857352,-1.43284,0.422778,-0.880443
0.08028,-0.558561,2.88692,-2.92088,838877360,-1.254,0.314956,-0.772956,-1.26378,0.317924,-0.752908,-1.25701,0.338823,-0.752908,-1.24729,0.335673,-0.772956,-1.44854,0.374345,-0.880443,-1.4598,0.377764,-0.857352,-1.45195,0.401987,-0.857352,-1.44076,0.398359,-0.880443
0.162734,-0.558534,3.13244,-40.3719,838877374,-1.29303,0.000701289,-0.772956,-1.30324,0.00121595,-0.752908,-1.30173,0.0231324,-0.752908,-1.29153,0.0224272,-0.772956,-1.49616,0.0112805,-0.880443,-1.50791,0.0118733,-0.857352,-1.50616,0.0372753,-0.857352,-1.49441,0.0364631,-0.880443
-0.0137872,-0.575659,2.50333,-3.90342,838877850,-1.04504,0.761397,-0.798841,-1.05323,0.768002,-0.778947,-1.03912,0.784843,-0.778947,-1.03106,0.778091,-0.798841,-1.20192,0.888302,-0.909329,-1.21135,0.89591,-0.886414,-1.195,0.915429,-0.886415,-1.18571,0.907652,-0.909329
0.0660051,-0.576123,2.52068,-3.76675,838877851,-1.057,0.742364,-0.798841,-1.06529,0.748831,-0.778947,-1.05178,0.766153,-0.778947,-1.04361,0.759537,-0.798841,-1.21609,0.866445,-0.909329,-1.22563,0.873893,-0.886415,-1.20998,0.893971,-0.886414,-1.20056,0.88635,-0.909329
0.336668,-0.575676,2.53785,2.34688,838877852,-1.07066,0.724856,-0.798841,-1.07906,0.731172,-0.778947,-1.06555,0.748495,-0.778947,-1.05726,0.742029,-0.798841,-1.23187,0.846205,-0.909329,-1.24156,0.85348,-0.886414,-1.2259,0.873557,-0.886414,-1.21635,0.86611,-0.909329
0.00210873,-0.576143,2.55519,-3.42321,838877853,-1.08194,0.705418,-0.798841,-1.09045,0.711591,-0.778947,-1.07755,0.729375,-0.778947,-1.06916,0.723047,-0.798841,-1.24526,0.823867,-0.909329,-1.25507,0.830977,-0.886414,-1.24012,0.851589,-0.886414,-1.23044,0.844301,-0.909329
-0.141244,-0.5757,2.57236,-2.61847,838877854,-1.09498,0.687444,-0.798841,-1.1036,0.693462,-0.778947,-1.0907,0.711246,-0.778947,-1.08219,0.705073,-0.798841,-1.26033,0.803088,-0.909329,-1.27027,0.81002,-0.886414,-1.25532,0.830632,-0.886414,-1.24551,0.823522,-0.909329
-0.0151616,-0.576172,2.58971,-3.76494,838877855,-1.10558,0.667623,-0.798841,-1.1143,0.673495,-0.778947,-1.10203,0.691718,-0.778947,-1.09341,0.685688,-0.798841,-1.27293,0.780296,-0.909329,-1.28298,0.787059,-0.886415,-1.26876,0.808181,-0.886414,-1.25884,0.801235,-0.909329
0.0784875,-0.575732,2.60688,-19.4646,838877856,-1.11798,0.649204,-0.798841,-1.1268,0.654918,-0.778947,-1.11454,0.673141,-0.778947,-1.10581,0.66727,-0.798841,-1.28727,0.759003,-0.909329,-1.29744,0.765583,-0.886415,-1.28322,0.786705,-0.886414,-1.27317,0.779942,-0.909329
0.245795,-0.576189,2.62814,7.78606,838877857,-1.13042,0.624632,-0.798841,-1.13934,0.630198,-0.778947,-1.12771,0.648836,-0.778947,-1.11889,0.643108,-0.798841,-1.30158,0.731436,-0.909329,-1.31186,0.737846,-0.886415,-1.29838,0.759449,-0.886414,-1.28822,0.752851,-0.909329
0.772203,-0.575716,2.64531,0.826916,838877858,-1.14217,0.605795,-0.798841,-1.15119,0.611199,-0.778947,-1.13957,0.629837,-0.778947,-1.13065,0.624271,-0.798841,-1.31517,0.709659,-0.909329,-1.32556,0.715883,-0.886414,-1.31208,0.737485,-0.886414,-1.30181,0.731074,-0.909329
0.0790206,-0.576157,2.66266,2.5088,838877859,-1.15137,0.585285,-0.798841,-1.16048,0.590536,-0.778947,-1.14951,0.609569,-0.778947,-1.14049,0.604152,-0.798841,-1.32616,0.686045,-0.909329,-1.33665,0.692093,-0.886414,-1.32393,0.714153,-0.886414,-1.31355,0.707915,-0.909329
0.211056,-0.575687,2.67983,-1.49152,838877860,-1.16246,0.566049,-0.798841,-1.17166,0.571134,-0.778947,-1.16069,0.590167,-0.778947,-1.15158,0.584916,-0.798841,-1.33898,0.663807,-0.909329,-1.34958,0.669665,-0.886414,-1.33686,0.691724,-0.886414,-1.32637,0.685676,-0.909329
0.0557553,-0.576133,2.69717,-2.74499,838877861,-1.17093,0.54523,-0.798841,-1.18022,0.55016,-0.778947,-1.16992,0.569564,-0.778947,-1.16072,0.564466,-0.798841,-1.34913,0.639824,-0.909329,-1.35983,0.645502,-0.886415,-1.34789,0.667993,-0.886414,-1.3373,0.662121,-0.909329
0.0245701,-0.575667,2.71434,-2.77426,838877862,-1.18134,0.525618,-0.798841,-1.19072,0.530379,-0.778947,-1.18042,0.549783,-0.778947,-1.17113,0.544854,-0.798841,-1.36117,0.617152,-0.909329,-1.37197,0.622636,-0.886415,-1.36003,0.645126,-0.886414,-1.34933,0.639448,-0.909329
0.0262365,-0.576116,2.73169,-2.41017,838877863,-1.18908,0.504516,-0.798841,-1.19853,0.509119,-0.778947,-1.18892,0.528871,-0.778947,-1.17955,0.524097,-0.798841,-1.37048,0.592829,-0.909329,-1.38137,0.59813,-0.886414,-1.37022,0.621024,-0.886414,-1.35943,0.615525,-0.909329
0.0233008,-0.575653,2.74886,-3.16067,838877864,-1.1988,0.484553,-0.798841,-1.20834,0.488983,-0.778947,-1.19872,0.508736,-0.778947,-1.18927,0.504134,-0.798841,-1.38171,0.56975,-0.909329,-1.3927,0.574854,-0.886414,-1.38155,0.597747,-0.886414,-1.37067,0.592446,-0.909329
0.216908,-0.576106,2.7662,2.11448,838877865,-1.2058,0.463194,-0.798841,-1.21541,0.467463,-0.778947,-1.20649,0.487539,-0.778947,-1.19696,0.483095,-0.798841,-1.39017,0.545117,-0.909329,-1.40124,0.550035,-0.886414,-1.3909,0.573304,-0.886414,-1.37992,0.568185,-0.909329
0.562167,-0.575648,2.78337,1.1292,838877866,-1.21482,0.442903,-0.798841,-1.2245,0.446998,-0.778947,-1.21558,0.467074,-0.778947,-1.20597,0.462805,-0.798841,-1.40059,0.52166,-0.909329,-1.41175,0.526376,-0.886414,-1.40141,0.549645,-0.886414,-1.39034,0.544728,-0.909329
0.369338,-0.576104,2.80071,-1.99231,838877867,-1.22106,0.421312,-0.798841,-1.23082,0.425243,-0.778947,-1.2226,0.445619,-0.778947,-1.21292,0.441511,-0.798841,-1.40818,0.496747,-0.909329,-1.41941,0.501275,-0.886414,-1.40989,0.52489,-0.886414,-1.39875,0.520159,-0.909329
0.0034657,-0.575649,2.81788,-1.58596,838877868,-1.22937,0.400719,-0.798841,-1.23919,0.404473,-0.778947,-1.23097,0.424848,-0.778947,-1.22122,0.420917,-0.798841,-1.41778,0.47294,-0.909329,-1.42909,0.477264,-0.886414,-1.41957,0.500879,-0.886414,-1.40834,0.496352,-0.909329
0.0298135,-0.57611,2.83523,-2.83145,838877869,-1.23486,0.378923,-0.798841,-1.24474,0.382511,-0.778947,-1.23724,0.403161,-0.778947,-1.22742,0.399394,-0.798841,-1.4245,0.447776,-0.909329,-1.43588,0.451909,-0.886414,-1.42719,0.475843,-0.886414,-1.41588,0.471504,-0.909329
1.12074,-0.575659,2.8524,0.0170956,838877870,-1.24243,0.358053,-0.798841,-1.25238,0.361461,-0.778947,-1.24488,0.382111,-0.778947,-1.235,0.378523,-0.798841,-1.43326,0.423649,-0.909329,-1.44471,0.427575,-0.886414,-1.43602,0.451509,-0.886414,-1.42464,0.447376,-0.909329
0.374111,-0.576123,2.86974,-3.79043,838877871,-1.24716,0.336079,-0.798841,-1.25716,0.339319,-0.778947,-1.25039,0.360219,-0.778947,-1.24045,0.356796,-0.798841,-1.43909,0.398266,-0.909329,-1.45061,0.401999,-0.886414,-1.44276,0.426222,-0.886414,-1.43131,0.42228,-0.909329
0.0432171,-0.575675,2.88691,-2.65279,838877872,-1.254,0.314956,-0.798841,-1.26406,0.318015,-0.778947,-1.25729,0.338914,-0.778947,-1.24729,0.335673,-0.798841,-1.447,0.373848,-0.909329,-1.45859,0.377371,-0.886415,-1.45074,0.401594,-0.886414,-1.43922,0.397861,-0.909329
0.175783,-0.576143,2.90426,15.5213,838877873,-1.25796,0.29283,-0.798841,-1.26807,0.29572,-0.778947,-1.26203,0.316843,-0.778947,-1.25197,0.31377,-0.798841,-1.45194,0.348277,-0.909329,-1.46359,0.351605,-0.886414,-1.45659,0.376087,-0.886414,-1.44501,0.372548,-0.909329
0.140918,-0.575687,-2.90522,1.18858,838877900,-1.25434,-0.313595,-0.798841,-1.26466,-0.315616,-0.778947,-1.26849,-0.293983,-0.778947,-1.25814,-0.292151,-0.798841,-1.4524,-0.352173,-0.909329,-1.46429,-0.3545,-0.886414,-1.46873,-0.329427,-0.886414,-1.4568,-0.327316,-0.909329
0.0338769,-0.592755,2.50333,-58.1121,838878362,-1.04504,0.761397,-0.824932,-1.05345,0.768191,-0.805196,-1.03934,0.785031,-0.805196,-1.03106,0.778091,-0.824932,-1.20065,0.887237,-0.938397,-1.21034,0.895062,-0.915665,-1.19398,0.914581,-0.915665,-1.18444,0.906587,-0.938397
0.0914291,-0.59323,2.52067,-2.53697,838878363,-1.057,0.742364,-0.824932,-1.06552,0.749011,-0.805196,-1.05201,0.766334,-0.805196,-1.04361,0.759537,-0.824932,-1.21478,0.865425,-0.938397,-1.22459,0.873081,-0.915665,-1.20893,0.893158,-0.915665,-1.19925,0.885329,-0.938397
0.0466448,-0.592772,2.53784,-3.35344,838878364,-1.07066,0.724856,-0.824932,-1.0793,0.731353,-0.805196,-1.06578,0.748675,-0.805196,-1.05726,0.742029,-0.824932,-1.23056,0.845185,-0.938397,-1.24052,0.852667,-0.915665,-1.22486,0.872745,-0.915665,-1.21504,0.865089,-0.938397
0.00794381,-0.593251,2.55519,-3.81748,838878365,-1.08194,0.705418,-0.824932,-1.09069,0.711763,-0.805196,-1.07779,0.729547,-0.805196,-1.06916,0.723047,-0.824932,-1.24392,0.822893,-0.938397,-1.254,0.830201,-0.915665,-1.23905,0.850814,-0.915665,-1.2291,0.843327,-0.938397
0.0150943,-0.592797,2.57236,-3.76402,838878366,-1.09498,0.687444,-0.824932,-1.10384,0.693634,-0.805196,-1.09094,0.711418,-0.805196,-1.08219,0.705073,-0.824932,-1.25899,0.802114,-0.938397,-1.2692,0.809244,-0.915665,-1.25425,0.829856,-0.915665,-1.24417,0.822548,-0.938397
0.0720579,-0.59283,2.60687,-23.2464,838878368,-1.11798,0.649204,-0.824932,-1.12705,0.655082,-0.805196,-1.11478,0.673305,-0.805196,-1.10581,0.66727,-0.824932,-1.28589,0.758076,-0.938397,-1.29634,0.764846,-0.915665,-1.28212,0.785968,-0.915665,-1.2718,0.779016,-0.938397
0.0041713,-0.593298,2.62814,-2.86793,838878369,-1.13042,0.624632,-0.824932,-1.13959,0.630353,-0.805196,-1.12796,0.648991,-0.805196,-1.11889,0.643108,-0.824932,-1.30018,0.730557,-0.938397,-1.31074,0.737147,-0.915665,-1.29726,0.758749,-0.915665,-1.28681,0.751973,-0.938397
-0.000425685,-0.592813,2.6453,-2.64842,838878370,-1.14217,0.605795,-0.824932,-1.15144,0.611354,-0.805196,-1.13981,0.629992,-0.805196,-1.13065,0.624271,-0.824932,-1.31376,0.708781,-0.938397,-1.32444,0.715184,-0.915665,-1.31096,0.736786,-0.915665,-1.3004,0.730196,-0.938397
-0.0156668,-0.593265,2.66265,-2.66698,838878371,-1.15137,0.585285,-0.824932,-1.16073,0.590682,-0.805196,-1.14976,0.609715,-0.805196,-1.14049,0.604152,-0.824932,-1.32472,0.685217,-0.938397,-1.33551,0.691434,-0.915665,-1.32279,0.713493,-0.915665,-1.31211,0.707086,-0.938397
0.0845937,-0.59324,2.69717,-3.56151,838878373,-1.17093,0.54523,-0.824932,-1.18048,0.550297,-0.805196,-1.17018,0.569702,-0.805196,-1.16072,0.564466,-0.824932,-1.34767,0.639047,-0.938397,-1.35866,0.644883,-0.915665,-1.34672,0.667373,-0.915665,-1.33583,0.661343,-0.938397
-0.0529732,-0.592763,2.71434,-2.97862,838878374,-1.18134,0.525618,-0.824932,-1.19098,0.530517,-0.805196,-1.18068,0.549921,-0.805196,-1.17113,0.544854,-0.824932,-1.3597,0.616374,-0.938397,-1.3708,0.622016,-0.915665,-1.35886,0.644507,-0.915665,-1.34787,0.63867,-0.938397
0.0336704,-0.593222,2.73168,-3.12015,838878375,-1.18908,0.504516,-0.824932,-1.1988,0.509247,-0.805196,-1.18918,0.528999,-0.805196,-1.17955,0.524097,-0.824932,-1.36899,0.592103,-0.938397,-1.38018,0.597552,-0.915665,-1.36903,0.620446,-0.915665,-1.35794,0.614799,-0.938397
-0.075748,-0.592749,2.74885,-2.18522,838878376,-1.1988,0.484553,-0.824932,-1.2086,0.489112,-0.805196,-1.19898,0.508864,-0.805196,-1.18927,0.504133,-0.824932,-1.38022,0.569024,-0.938397,-1.39151,0.574275,-0.915665,-1.38037,0.597169,-0.915665,-1.36917,0.59172,-0.938397
0.148136,-0.593213,2.7662,-13.7635,838878377,-1.2058,0.463194,-0.824932,-1.21568,0.467582,-0.805196,-1.20675,0.487658,-0.805196,-1.19696,0.483095,-0.824932,-1.38865,0.544444,-0.938397,-1.40003,0.549498,-0.915665,-1.38969,0.572767,-0.915665,-1.3784,0.567512,-0.938397
0.018493,-0.592744,2.78336,-2.5467,838878378,-1.21482,0.442903,-0.824932,-1.22477,0.447117,-0.805196,-1.21585,0.467193,-0.805196,-1.20597,0.462804,-0.824932,-1.39908,0.520986,-0.938397,-1.41054,0.52584,-0.915665,-1.4002,0.549109,-0.915665,-1.38883,0.544054,-0.938397
0.167124,-0.593211,2.80071,-3.365,838878379,-1.22106,0.421312,-0.824932,-1.23109,0.425353,-0.805196,-1.22287,0.445729,-0.805196,-1.21292,0.441511,-0.824932,-1.40664,0.496126,-0.938397,-1.41819,0.500781,-0.915665,-1.40867,0.524397,-0.915665,-1.39721,0.519538,-0.938397
-0.0321885,-0.592745,2.81788,-2.60702,838878380,-1.22937,0.400719,-0.824932,-1.23946,0.404583,-0.805196,-1.23125,0.424958,-0.805196,-1.22122,0.420917,-0.824932,-1.41624,0.472319,-0.938397,-1.42787,0.47677,-0.915665,-1.41835,0.500386,-0.915665,-1.4068,0.495731,-0.938397
0.083794,-0.593217,2.83522,-2.6437,838878381,-1.23486,0.378923,-0.824932,-1.24501,0.382612,-0.805196,-1.23752,0.403262,-0.805196,-1.22742,0.399394,-0.824932,-1.42294,0.44721,-0.938397,-1.43464,0.451458,-0.915665,-1.42595,0.475392,-0.915665,-1.41432,0.470937,-0.938397
-0.0263023,-0.592755,2.85239,-1.91797,838878382,-1.24243,0.358053,-0.824932,-1.25266,0.361561,-0.805196,-1.24516,0.382211,-0.805196,-1.235,0.378523,-0.824932,-1.4317,0.423083,-0.938397,-1.44347,0.427124,-0.915665,-1.43478,0.451058,-0.915665,-1.42308,0.44681,-0.938397
0.0809547,-0.59323,2.86974,-2.71723,838878383,-1.24716,0.336079,-0.824932,-1.25744,0.33941,-0.805196,-1.25067,0.360309,-0.805196,-1.24045,0.356796,-0.824932,-1.43751,0.397755,-0.938397,-1.44935,0.401592,-0.915665,-1.4415,0.425815,-0.915665,-1.42973,0.421769,-0.938397
0.0273911,-0.592772,2.88691,-3.89691,838878384,-1.254,0.314956,-0.824932,-1.26434,0.318106,-0.805196,-1.25757,0.339005,-0.805196,-1.24729,0.335673,-0.824932,-1.44542,0.373336,-0.938397,-1.45733,0.376964,-0.915665,-1.44948,0.401187,-0.915665,-1.43764,0.39735,-0.938397
0.0777722,-0.59328,2.93877,53.5928,838878387,-1.26724,0.249231,-0.824932,-1.27773,0.251837,-0.805196,-1.27243,0.273157,-0.805196,-1.26199,0.270367,-0.824932,-1.46143,0.297469,-0.938397,-1.47352,0.30047,-0.915665,-1.46738,0.325181,-0.915665,-1.45535,0.321967,-0.938397
0.0366089,-0.59283,2.95594,59.2273,838878388,-1.27259,0.227682,-0.824932,-1.28313,0.230102,-0.805196,-1.27783,0.251423,-0.805196,-1.26734,0.248818,-0.824932,-1.46762,0.272557,-0.938397,-1.47976,0.275345,-0.915665,-1.47362,0.300056,-0.915665,-1.46154,0.297055,-0.938397
0.145511,-0.593265,3.01172,3.26019,838878391,-1.28211,0.156197,-0.824932,-1.29276,0.158066,-0.805196,-1.28896,0.179704,-0.805196,-1.27834,0.177646,-0.824932,-1.47919,0.190812,-0.938397,-1.49145,0.192965,-0.915665,-1.48704,0.218044,-0.915665,-1.47482,0.215674,-0.938397
0.297751,-0.59324,3.04623,0.903522,838878393,-1.28679,0.111867,-0.824932,-1.2975,0.113364,-0.805196,-1.29446,0.135121,-0.805196,-1.28378,0.133435,-0.824932,-1.48496,0.139578,-0.938397,-1.49729,0.141302,-0.915665,-1.49376,0.166519,-0.915665,-1.48146,0.164577,-0.938397
0.35248,-0.592763,3.0634,-11.6125,838878394,-1.28987,0.089877,-0.824932,-1.3006,0.0911846,-0.805196,-1.29756,0.112942,-0.805196,-1.28685,0.111445,-0.824932,-1.48851,0.114157,-0.938397,-1.50087,0.115663,-0.915665,-1.49735,0.14088,-0.915665,-1.48502,0.139156,-0.938397
0.0252003,-0.609835,2.50332,-4.07295,838878874,-1.04504,0.761397,-0.851239,-1.05367,0.768378,-0.831665,-1.03957,0.785218,-0.831665,-1.03106,0.778091,-0.851239,-1.19935,0.886143,-0.967656,-1.20929,0.894184,-0.945111,-1.19294,0.913702,-0.945111,-1.18314,0.905493,-0.967656
0.00733145,-0.610321,2.52067,-4.64096,838878875,-1.057,0.742364,-0.851239,-1.06575,0.74919,-0.831665,-1.05224,0.766513,-0.831665,-1.04361,0.759537,-0.851239,-1.21344,0.864378,-0.967656,-1.22352,0.87224,-0.945111,-1.20786,0.892317,-0.945111,-1.19791,0.884282,-0.967656
0.0410199,-0.609852,2.53783,-4.0957,838878876,-1.07066,0.724856,-0.851239,-1.07953,0.731532,-0.831665,-1.06601,0.748854,-0.831665,-1.05726,0.742029,-0.851239,-1.22922,0.844137,-0.967656,-1.23944,0.851826,-0.94511,-1.22378,0.871904,-0.945111,-1.2137,0.864042,-0.967656
0.0356236,-0.610342,2.55518,-4.32431,838878877,-1.08194,0.705418,-0.851239,-1.09093,0.711934,-0.831665,-1.07803,0.729718,-0.831665,-1.06916,0.723047,-0.851239,-1.24254,0.821893,-0.967656,-1.25289,0.829398,-0.945111,-1.23794,0.850011,-0.945111,-1.22772,0.842327,-0.967656
-0.102197,-0.609878,2.57235,-4.52915,838878878,-1.09498,0.687444,-0.851239,-1.10407,0.693805,-0.831665,-1.09118,0.711589,-0.831665,-1.08219,0.705073,-0.851239,-1.25761,0.801114,-0.967656,-1.26809,0.808441,-0.945111,-1.25314,0.829053,-0.945111,-1.24279,0.821548,-0.967656
0.0241143,-0.609843,2.71433,-3.19021,838878886,-1.18134,0.525618,-0.851239,-1.19123,0.530653,-0.831665,-1.18093,0.550058,-0.831665,-1.17113,0.544854,-0.851239,-1.3582,0.615576,-0.967656,-1.36959,0.621375,-0.945111,-1.35765,0.643866,-0.945111,-1.34636,0.637872,-0.967656
0.191422,-0.610313,2.73168,0.938924,838878887,-1.18908,0.504516,-0.851239,-1.19906,0.509375,-0.831665,-1.18944,0.529127,-0.831665,-1.17955,0.524097,-0.851239,-1.36746,0.591358,-0.967656,-1.37895,0.596953,-0.945111,-1.3678,0.619847,-0.945111,-1.35641,0.614054,-0.967656
1.22782,-0.609829,2.74884,0.0561268,838878888,-1.1988,0.484553,-0.851239,-1.20886,0.489239,-0.831665,-1.19925,0.508992,-0.831665,-1.18927,0.504133,-0.851239,-1.37869,0.568279,-0.967656,-1.39028,0.573677,-0.945111,-1.37914,0.59657,-0.945111,-1.36764,0.590975,-0.967656
0.0669117,-0.610303,2.76619,-9.82437,838878889,-1.2058,0.463194,-0.851239,-1.21594,0.4677,-0.831665,-1.20702,0.487777,-0.831665,-1.19696,0.483095,-0.851239,-1.3871,0.543752,-0.967656,-1.39878,0.548943,-0.945111,-1.38844,0.572212,-0.945111,-1.37685,0.56682,-0.967656
0.0638594,-0.609823,2.78336,-3.59464,838878890,-1.21482,0.442903,-0.851239,-1.22504,0.447235,-0.831665,-1.21611,0.467311,-0.831665,-1.20597,0.462804,-0.851239,-1.39752,0.520295,-0.967656,-1.40929,0.525285,-0.945111,-1.39895,0.548554,-0.945111,-1.38727,0.543363,-0.967656
0.0924056,-0.610301,2.8007,25.1501,838878891,-1.22106,0.421312,-0.851239,-1.23136,0.425462,-0.831665,-1.22314,0.445838,-0.831665,-1.21292,0.441511,-0.851239,-1.40507,0.49549,-0.967656,-1.41692,0.500269,-0.945111,-1.4074,0.523885,-0.945111,-1.39563,0.518901,-0.967656
0.0417969,-0.609825,2.81787,-2.88119,838878892,-1.22937,0.400719,-0.851239,-1.23973,0.404692,-0.831665,-1.23152,0.425067,-0.831665,-1.22122,0.420917,-0.851239,-1.41466,0.471683,-0.967656,-1.4266,0.476258,-0.945111,-1.41708,0.499874,-0.945111,-1.40522,0.495095,-0.967656
0.0391662,-0.610307,2.83522,-2.8799,838878893,-1.23486,0.378923,-0.851239,-1.24529,0.382711,-0.831665,-1.23779,0.403361,-0.831665,-1.22742,0.399394,-0.851239,-1.42134,0.446629,-0.967656,-1.43335,0.450992,-0.945111,-1.42466,0.474926,-0.945111,-1.41272,0.470356,-0.967656
0.125919,-0.609835,2.85239,9.11777,838878894,-1.24243,0.358053,-0.851239,-1.25293,0.361661,-0.831665,-1.24543,0.382311,-0.831665,-1.235,0.378523,-0.851239,-1.4301,0.422501,-0.967656,-1.44219,0.426657,-0.945111,-1.4335,0.450591,-0.945111,-1.42148,0.446229,-0.967656
0.0342525,-0.610321,2.86973,-4.84083,838878895,-1.24716,0.336079,-0.851239,-1.25772,0.3395,-0.831665,-1.25095,0.360399,-0.831665,-1.24045,0.356796,-0.851239,-1.43589,0.39723,-0.967656,-1.44805,0.40117,-0.94511,-1.4402,0.425393,-0.945111,-1.42811,0.421244,-0.967656
0.0674785,-0.609852,2.8869,29.8713,838878896,-1.254,0.314956,-0.851239,-1.26462,0.318195,-0.831665,-1.25785,0.339094,-0.831665,-1.24729,0.335673,-0.851239,-1.4438,0.372811,-0.967656,-1.45603,0.376542,-0.945111,-1.44818,0.400765,-0.945111,-1.43602,0.396825,-0.967656
0.13311,-0.610372,2.93876,-26.4394,838878899,-1.26724,0.249231,-0.851239,-1.27801,0.251907,-0.831665,-1.27272,0.273228,-0.831665,-1.26199,0.270367,-0.851239,-1.45978,0.297058,-0.967656,-1.47219,0.30014,-0.945111,-1.46605,0.324852,-0.945111,-1.4537,0.321556,-0.967656
-0.00867662,-0.609911,2.95593,-4.77227,838878900,-1.27259,0.227682,-0.851239,-1.28341,0.230173,-0.831665,-1.27812,0.251493,-0.831665,-1.26734,0.248818,-0.851239,-1.46597,0.272147,-0.967656,-1.47843,0.275015,-0.945111,-1.47229,0.299727,-0.945111,-1.45988,0.296645,-0.967656
0.785648,-0.610356,3.01171,-1.67425,838878903,-1.28211,0.156197,-0.851239,-1.29304,0.158117,-0.831665,-1.28924,0.179754,-0.831665,-1.27834,0.177646,-0.851239,-1.47751,0.190517,-0.967656,-1.4901,0.192729,-0.94511,-1.4857,0.217808,-0.945111,-1.47314,0.215379,-0.967656
0.148286,-0.609865,3.02888,35.0862,838878904,-1.28595,0.134328,-0.851239,-1.29692,0.13606,-0.831665,-1.29312,0.157697,-0.831665,-1.28219,0.155777,-0.851239,-1.48195,0.165236,-0.967656,-1.49458,0.167231,-0.945111,-1.49018,0.192309,-0.945111,-1.47758,0.190098,-0.967656
0.118536,-0.610313,3.08074,-54.5928,838878907,-1.28993,0.0674005,-0.851239,-1.30096,0.0685527,-0.831665,-1.29868,0.0904028,-0.831665,-1.28766,0.0890607,-0.851239,-1.48724,0.087997,-0.967656,-1.49996,0.0893241,-0.94511,-1.49732,0.114649,-0.94511,-1.48462,0.113103,-0.967656
0.0546841,-0.626953,2.50332,28.7126,838879386,-1.04505,0.761396,-0.877931,-1.05396,0.768584,-0.858414,-1.03984,0.785444,-0.858414,-1.03106,0.77809,-0.877931,-1.19797,0.885189,-0.997136,-1.20817,0.893412,-0.974811,-1.1919,0.912835,-0.974812,-1.18186,0.904423,-0.997136
0.0176386,-0.62745,2.52065,-3.58088,838879387,-1.057,0.742365,-0.877931,-1.06603,0.749408,-0.858414,-1.0525,0.766751,-0.858414,-1.04361,0.759537,-0.877931,-1.21212,0.863354,-0.997136,-1.22245,0.87141,-0.974811,-1.20687,0.89139,-0.974811,-1.19669,0.883138,-0.997136
-0.0710193,-0.626971,2.53783,-3.81375,838879388,-1.07066,0.724856,-0.877931,-1.07982,0.731728,-0.858414,-1.06629,0.749071,-0.858414,-1.05726,0.742028,-0.877931,-1.22782,0.843232,-0.997136,-1.2383,0.851093,-0.974811,-1.22271,0.871073,-0.974811,-1.21238,0.863017,-0.997136
-0.018528,-0.627472,2.55517,-3.0177,838879389,-1.08194,0.705419,-0.877931,-1.09121,0.712142,-0.858414,-1.0783,0.729946,-0.858414,-1.06916,0.723048,-0.877931,-1.24119,0.820916,-0.997136,-1.2518,0.828607,-0.974811,-1.23692,0.849118,-0.974811,-1.22646,0.841227,-0.997136
-0.0227117,-0.626997,2.57235,-3.87369,838879390,-1.09498,0.687443,-0.877931,-1.10437,0.693991,-0.858414,-1.09146,0.711796,-0.858414,-1.08219,0.705072,-0.877931,-1.25617,0.800258,-0.997136,-1.26692,0.807749,-0.974811,-1.25205,0.82826,-0.974811,-1.24144,0.82057,-0.997136
0.0706311,-0.627502,2.58969,31.1754,838879391,-1.10558,0.667624,-0.877931,-1.11507,0.674019,-0.858414,-1.10279,0.692264,-0.858414,-1.09341,0.685689,-0.877931,-1.26876,0.777489,-0.997136,-1.27963,0.784804,-0.974811,-1.26548,0.805823,-0.974812,-1.25475,0.798302,-0.997136
0.0373248,-0.627031,2.60687,-2.10756,838879392,-1.11798,0.649204,-0.877931,-1.1276,0.65542,-0.858414,-1.11531,0.673664,-0.858414,-1.10581,0.667269,-0.877931,-1.28301,0.75632,-0.997136,-1.29402,0.763431,-0.974811,-1.27987,0.784449,-0.974812,-1.269,0.777134,-0.997136
0.0523114,-0.626962,2.71433,-4.29896,838879398,-1.18134,0.525617,-0.877931,-1.19156,0.530795,-0.858414,-1.18125,0.550222,-0.858414,-1.17113,0.544853,-0.877931,-1.35666,0.614928,-0.997136,-1.36834,0.620851,-0.974811,-1.35646,0.643232,-0.974811,-1.34489,0.63709,-0.997136
0.180814,-0.627442,2.73167,-1.09427,838879399,-1.18908,0.504517,-0.877931,-1.19938,0.50953,-0.858414,-1.18975,0.529305,-0.858414,-1.17955,0.524098,-0.877931,-1.36596,0.590629,-0.997136,-1.37774,0.596363,-0.974811,-1.36664,0.619145,-0.974811,-1.35497,0.613189,-0.997136
0.329716,-0.626947,2.74884,-4.16506,838879400,-1.1988,0.484552,-0.877931,-1.20919,0.48937,-0.858414,-1.19956,0.509145,-0.858414,-1.18927,0.504133,-0.877931,-1.37713,0.567685,-0.997136,-1.38901,0.573197,-0.974811,-1.37792,0.595979,-0.974812,-1.36614,0.590245,-0.997136
0.0533076,-0.627432,2.76618,-3.69474,838879401,-1.2058,0.463195,-0.877931,-1.21626,0.467845,-0.858414,-1.20733,0.487944,-0.858414,-1.19696,0.483096,-0.877931,-1.38558,0.543077,-0.997136,-1.39755,0.548396,-0.974811,-1.38726,0.571551,-0.974811,-1.37539,0.566006,-0.997136
0.00598111,-0.626941,2.78336,-3.70449,838879402,-1.21482,0.442902,-0.877931,-1.22537,0.447354,-0.858414,-1.21644,0.467454,-0.858414,-1.20597,0.462804,-0.877931,-1.39594,0.519756,-0.997136,-1.40801,0.52485,-0.974811,-1.39772,0.548005,-0.974812,-1.38575,0.542686,-0.997136
0.081498,-0.62743,2.80069,34.3908,838879403,-1.22106,0.421313,-0.877931,-1.23168,0.425595,-0.858414,-1.22346,0.445994,-0.858414,-1.21292,0.441512,-0.877931,-1.40352,0.494868,-0.997136,-1.41567,0.499766,-0.974811,-1.4062,0.523266,-0.974812,-1.39414,0.518139,-0.997136
0.0669146,-0.626943,2.81787,-4.11033,838879404,-1.22937,0.400718,-0.877931,-1.24007,0.404799,-0.858414,-1.23184,0.425198,-0.858414,-1.22122,0.420916,-0.877931,-1.41306,0.4712,-0.997136,-1.4253,0.475868,-0.974811,-1.41583,0.499369,-0.974811,-1.40368,0.494471,-0.997136
0.114286,-0.627436,2.83521,-23.2373,838879405,-1.23486,0.378924,-0.877931,-1.24562,0.382832,-0.858414,-1.23811,0.403506,-0.858414,-1.22742,0.399395,-0.877931,-1.41977,0.446062,-0.997136,-1.43208,0.450532,-0.974811,-1.42344,0.474349,-0.974811,-1.41121,0.469646,-0.997136
0.00696453,-0.626953,2.85238,-4.85254,838879406,-1.24243,0.358052,-0.877931,-1.25327,0.361757,-0.858414,-1.24577,0.38243,-0.858414,-1.235,0.378522,-0.877931,-1.42848,0.422075,-0.997136,-1.44088,0.426313,-0.974811,-1.43223,0.45013,-0.974811,-1.41992,0.445659,-0.997136
0.0216278,-0.62745,2.86972,-2.91443,838879407,-1.24716,0.33608,-0.877931,-1.25805,0.339609,-0.858414,-1.25127,0.360532,-0.858414,-1.24045,0.356797,-0.877931,-1.43431,0.396718,-0.997136,-1.44677,0.400755,-0.974812,-1.43896,0.42486,-0.974812,-1.42657,0.420587,-0.997136
-0.028772,-0.627502,2.93875,-2.32949,838879411,-1.26724,0.249232,-0.877931,-1.27836,0.251993,-0.858414,-1.27305,0.273338,-0.858414,-1.26199,0.270368,-0.877931,-1.45816,0.296658,-0.997136,-1.47088,0.299816,-0.974811,-1.46477,0.324406,-0.974811,-1.45212,0.321008,-0.997136
0.126612,-0.627031,2.95593,-29.8684,838879412,-1.2726,0.227681,-0.877931,-1.28376,0.230232,-0.858414,-1.27846,0.251577,-0.858414,-1.26735,0.248817,-0.877931,-1.46432,0.271892,-0.997136,-1.47709,0.27481,-0.974811,-1.47098,0.2994,-0.974812,-1.45827,0.296242,-0.997136
0.459777,-0.627521,2.97718,-10.1348,838879413,-1.27588,0.200337,-0.877931,-1.28709,0.202711,-0.858414,-1.28253,0.224227,-0.858414,-1.27137,0.221642,-0.877931,-1.46834,0.241116,-0.997136,-1.48115,0.243831,-0.974811,-1.4759,0.268619,-0.974812,-1.46313,0.265661,-0.997136
0.119152,-0.644082,2.4688,20.666,838879896,-1.01817,0.79702,-0.904837,-1.02704,0.804698,-0.885485,-1.01233,0.821055,-0.885485,-1.00361,0.813215,-0.904837,-1.16542,0.92494,-1.02681,-1.17556,0.933724,-1.00467,-1.15862,0.952566,-1.00467,-1.14864,0.943599,-1.02681
0.0303736,-0.644093,2.50331,-3.45751,838879898,-1.04505,0.761396,-0.904837,-1.05417,0.76876,-0.885485,-1.04005,0.78562,-0.885484,-1.03106,0.77809,-0.904837,-1.19667,0.884096,-1.02681,-1.20711,0.89252,-1.00467,-1.19084,0.911943,-1.00467,-1.18055,0.903329,-1.02681
0.0797686,-0.644599,2.52065,-2.60998,838879899,-1.057,0.742365,-0.904837,-1.06625,0.749577,-0.885485,-1.05272,0.766919,-0.885484,-1.04361,0.759537,-0.904837,-1.21078,0.862307,-1.02681,-1.22135,0.870556,-1.00467,-1.20577,0.890535,-1.00467,-1.19535,0.882091,-1.02681
0.0237119,-0.644111,2.53783,-2.78401,838879900,-1.07066,0.724856,-0.904837,-1.08004,0.731897,-0.885485,-1.06651,0.749239,-0.885484,-1.05726,0.742028,-0.904837,-1.22647,0.842185,-1.02681,-1.2372,0.850239,-1.00467,-1.22162,0.870219,-1.00467,-1.21104,0.861969,-1.02681
-0.0575246,-0.644622,2.55517,-2.93053,838879901,-1.08194,0.705419,-0.904837,-1.09143,0.712303,-0.885485,-1.07852,0.730107,-0.885485,-1.06915,0.723048,-0.904837,-1.23981,0.819916,-1.02681,-1.25067,0.827791,-1.00467,-1.2358,0.848303,-1.00467,-1.22508,0.840228,-1.02681
-0.00230369,-0.644138,2.57234,-2.6297,838879902,-1.09498,0.687443,-0.904837,-1.1046,0.694152,-0.885485,-1.09168,0.711957,-0.885485,-1.08219,0.705072,-0.904837,-1.2548,0.799258,-1.02681,-1.2658,0.806933,-1.00467,-1.25092,0.827445,-1.00467,-1.24006,0.81957,-1.02681
-0.0201304,-0.644653,2.58968,-3.13217,838879903,-1.10558,0.667624,-0.904837,-1.1153,0.674172,-0.885485,-1.10302,0.692417,-0.885485,-1.09341,0.685689,-0.904837,-1.26735,0.776538,-1.02681,-1.27848,0.784029,-1.00467,-1.26433,0.805047,-1.00467,-1.25334,0.797351,-1.02681
0.0192656,-0.644172,2.60686,-2.84743,838879904,-1.11798,0.649204,-0.904837,-1.12782,0.655573,-0.885485,-1.11554,0.673817,-0.885485,-1.10581,0.667269,-0.904837,-1.2816,0.755369,-1.02681,-1.29287,0.762655,-1.00467,-1.27872,0.783674,-1.00467,-1.26759,0.776183,-1.02681
0.0836233,-0.644101,2.71432,45.0719,838879910,-1.18134,0.525617,-0.904837,-1.1918,0.530924,-0.885485,-1.18149,0.550351,-0.885485,-1.17113,0.544853,-0.904837,-1.35515,0.61413,-1.02681,-1.36712,0.6202,-1.00467,-1.35524,0.642581,-1.00467,-1.34339,0.636292,-1.02681
0.108667,-0.644592,2.73166,-36.7539,838879911,-1.18908,0.504517,-0.904837,-1.19962,0.50965,-0.885485,-1.19,0.529425,-0.885485,-1.17955,0.524098,-0.904837,-1.36443,0.589884,-1.02681,-1.37649,0.595755,-1.00467,-1.3654,0.618537,-1.00467,-1.35344,0.612443,-1.02681
0.990242,-0.644087,2.74884,0.548161,838879912,-1.1988,0.484552,-0.904837,-1.20944,0.48949,-0.885485,-1.19981,0.509265,-0.885485,-1.18927,0.504133,-0.904837,-1.3756,0.56694,-1.02681,-1.38777,0.572589,-1.00467,-1.37667,0.595371,-1.00467,-1.36461,0.589499,-1.02681
0.211996,-0.644581,2.76618,-6.2092,838879913,-1.2058,0.463195,-0.904837,-1.21651,0.467956,-0.885485,-1.20758,0.488055,-0.885485,-1.19696,0.483096,-0.904837,-1.38402,0.542385,-1.02681,-1.39628,0.547832,-1.00467,-1.38599,0.570987,-1.00467,-1.37383,0.565314,-1.02681
0.0174068,-0.64408,2.78335,-3.80589,838879914,-1.21482,0.442902,-0.904837,-1.22562,0.447466,-0.885485,-1.21669,0.467565,-0.885485,-1.20597,0.462804,-0.904837,-1.39438,0.519065,-1.02681,-1.40674,0.524286,-1.00467,-1.39645,0.547441,-1.00467,-1.38419,0.541994,-1.02681
0.0612507,-0.644579,2.80069,0.26616,838879915,-1.22106,0.421313,-0.904837,-1.23194,0.425698,-0.885485,-1.22372,0.446096,-0.885484,-1.21292,0.441512,-0.904837,-1.40194,0.494231,-1.02681,-1.41438,0.499246,-1.00467,-1.40491,0.522746,-1.00467,-1.39256,0.517502,-1.02681
0.609294,-0.644082,2.81786,-1.29986,838879916,-1.22937,0.400718,-0.904837,-1.24032,0.404902,-0.885485,-1.2321,0.425301,-0.885485,-1.22122,0.420916,-0.904837,-1.41148,0.470563,-1.02681,-1.42401,0.475349,-1.00467,-1.41454,0.498849,-1.00467,-1.4021,0.493834,-1.02681
2.10019,-0.644585,2.8352,0.532071,838879917,-1.23486,0.378924,-0.904837,-1.24588,0.382926,-0.885485,-1.23837,0.4036,-0.885485,-1.22742,0.399395,-0.904837,-1.41817,0.44548,-1.02681,-1.43078,0.450058,-1.00467,-1.42213,0.473875,-1.00467,-1.40961,0.469065,-1.02681
0.11489,-0.644093,2.85238,20.7478,838879918,-1.24243,0.358052,-0.904837,-1.25353,0.36185,-0.885485,-1.24602,0.382524,-0.885485,-1.235,0.378522,-0.904837,-1.42688,0.421494,-1.02681,-1.43957,0.425839,-1.00467,-1.43092,0.449656,-1.00467,-1.41832,0.445078,-1.02681
0.00022432,-0.644599,2.86972,-2.19742,838879919,-1.24716,0.33608,-0.904837,-1.25831,0.339694,-0.885485,-1.25154,0.360617,-0.885484,-1.24045,0.356797,-0.904837,-1.43269,0.396193,-1.02681,-1.44545,0.400327,-1.00467,-1.43764,0.424431,-1.00467,-1.42495,0.420062,-1.02681
0.0580707,-0.644653,2.93875,-3.08606,838879923,-1.26724,0.249232,-0.904837,-1.27862,0.252059,-0.885485,-1.27332,0.273404,-0.885485,-1.26199,0.270368,-0.904837,-1.45651,0.296247,-1.02681,-1.46953,0.299481,-1.00467,-1.46342,0.324071,-1.00467,-1.45046,0.320598,-1.02681
-0.0377737,-0.644172,2.95593,-2.89962,838879924,-1.2726,0.227681,-0.904837,-1.28403,0.230298,-0.885485,-1.27873,0.251644,-0.885485,-1.26734,0.248817,-0.904837,-1.46266,0.271481,-1.02681,-1.47574,0.274475,-1.00467,-1.46963,0.299065,-1.00467,-1.45661,0.295832,-1.02681
0.116713,-0.644599,-3.0644,18.0747,838879939,-1.28689,-0.110742,-0.904837,-1.29861,-0.111161,-0.885485,-1.2994,-0.089181,-0.885485,-1.28767,-0.0889783,-0.904837,-1.48179,-0.117708,-1.02681,-1.49519,-0.118187,-1.00467,-1.4961,-0.0928653,-1.00467,-1.48269,-0.0926333,-1.02681
0.135491,-0.661752,2.2061,23.8704,838880393,-0.775424,1.03292,-0.931978,-0.782142,1.04286,-0.912793,-0.763918,1.05518,-0.912793,-0.75738,1.04512,-0.931978,-0.883641,1.19307,-1.05669,-0.891325,1.20444,-1.03475,-0.870331,1.21863,-1.03475,-0.862851,1.20712,-1.05669
-0.0579614,-0.661715,2.48613,-3.17054,838880409,-1.03079,0.778418,-0.931978,-1.03998,0.786123,-0.912793,-1.02586,0.802983,-0.912793,-1.0168,0.795112,-0.931978,-1.17894,0.902539,-1.05669,-1.18947,0.911352,-1.03475,-1.17319,0.930775,-1.03475,-1.16283,0.921772,-1.05669
0.029884,-0.661212,2.5033,-3.96514,838880410,-1.04505,0.761396,-0.931978,-1.05438,0.768935,-0.912793,-1.04026,0.785795,-0.912793,-1.03106,0.77809,-0.931978,-1.19533,0.882977,-1.05669,-1.20601,0.891601,-1.03475,-1.18974,0.911024,-1.03475,-1.17922,0.90221,-1.05669
-0.0407285,-0.661729,2.52065,-3.52215,838880411,-1.057,0.742365,-0.931978,-1.06646,0.749744,-0.912793,-1.05293,0.767087,-0.912793,-1.04361,0.759537,-0.931978,-1.2094,0.861235,-1.05669,-1.22023,0.869676,-1.03475,-1.20464,0.889656,-1.03475,-1.19397,0.88102,-1.05669
0.0459401,-0.661231,2.53782,-26.2485,838880412,-1.07066,0.724856,-0.931978,-1.08025,0.732064,-0.912793,-1.06672,0.749407,-0.912793,-1.05726,0.742028,-0.931978,-1.2251,0.841114,-1.05669,-1.23607,0.849359,-1.03475,-1.22049,0.869339,-1.03475,-1.20967,0.860898,-1.05669
0.0727633,-0.661752,2.55516,-2.97424,838880413,-1.08194,0.705419,-0.931978,-1.09165,0.712463,-0.912793,-1.07874,0.730267,-0.912793,-1.06916,0.723048,-0.931978,-1.2384,0.818894,-1.05669,-1.24951,0.826951,-1.03475,-1.23464,0.847463,-1.03475,-1.22367,0.839205,-1.05669
0.0337038,-0.661258,2.57234,-2.86553,838880414,-1.09498,0.687443,-0.931978,-1.10482,0.694312,-0.912793,-1.0919,0.712116,-0.912793,-1.08219,0.705072,-0.931978,-1.25339,0.798236,-1.05669,-1.26464,0.806093,-1.03475,-1.24977,0.826605,-1.03475,-1.23865,0.818547,-1.05669
0.00842561,-0.661783,2.58968,-1.94928,838880415,-1.10558,0.667624,-0.931978,-1.11553,0.674324,-0.912793,-1.10325,0.692569,-0.912793,-1.09341,0.685689,-0.931978,-1.26591,0.775565,-1.05669,-1.27729,0.78323,-1.03475,-1.26314,0.804248,-1.03475,-1.25189,0.796378,-1.05669
0.0195299,-0.661293,2.60685,-2.73007,838880416,-1.11798,0.649204,-0.931978,-1.12805,0.655725,-0.912793,-1.11577,0.673969,-0.912793,-1.10581,0.667269,-0.931978,-1.28016,0.754396,-1.05669,-1.29168,0.761856,-1.03475,-1.27753,0.782875,-1.03475,-1.26614,0.77521,-1.05669
0.114707,-0.66174,2.69714,17.2874,838880421,-1.17093,0.545231,-0.931978,-1.18153,0.550856,-0.912793,-1.17122,0.570283,-0.912793,-1.16072,0.564467,-0.931978,-1.34165,0.635853,-1.05669,-1.35377,0.642288,-1.03475,-1.34189,0.664668,-1.03475,-1.32988,0.658015,-1.05669
0.331335,-0.661721,2.73166,-0.221292,838880423,-1.18908,0.504517,-0.931978,-1.19987,0.509769,-0.912793,-1.19024,0.529544,-0.912793,-1.17955,0.524098,-0.931978,-1.36286,0.589122,-1.05669,-1.3752,0.595129,-1.03475,-1.36411,0.617911,-1.03475,-1.35188,0.611681,-1.05669
5.05673,-0.661206,2.74883,-0.524599,838880424,-1.1988,0.484552,-0.931978,-1.20968,0.489609,-0.912793,-1.20006,0.509384,-0.912793,-1.18927,0.504133,-0.931978,-1.37403,0.566178,-1.05669,-1.38648,0.571963,-1.03475,-1.37539,0.594744,-1.03475,-1.36305,0.588737,-1.05669
6.7441,-0.661711,2.76617,-0.451438,838880425,-1.2058,0.463195,-0.931978,-1.21676,0.468067,-0.912793,-1.20783,0.488166,-0.912793,-1.19696,0.483096,-0.931978,-1.38243,0.541678,-1.05669,-1.39497,0.547251,-1.03475,-1.38468,0.570406,-1.03475,-1.37224,0.564607,-1.05669
0.221209,-0.6612,2.78334,-1.78719,838880426,-1.21482,0.442902,-0.931978,-1.22587,0.447576,-0.912793,-1.21694,0.467675,-0.912793,-1.20597,0.462804,-0.931978,-1.39279,0.518358,-1.05669,-1.40543,0.523705,-1.03475,-1.39514,0.54686,-1.03475,-1.3826,0.541287,-1.05669
0.17147,-0.661708,2.80068,1.86352,838880427,-1.22106,0.421313,-0.931978,-1.23219,0.425799,-0.912793,-1.22397,0.446198,-0.912793,-1.21292,0.441512,-0.931978,-1.40033,0.49358,-1.05669,-1.41305,0.498711,-1.03475,-1.40358,0.522212,-1.03475,-1.39094,0.516851,-1.05669
0.688605,-0.661202,2.81786,-2.14971,838880428,-1.22937,0.400718,-0.931978,-1.24057,0.405004,-0.912793,-1.23235,0.425402,-0.912793,-1.22122,0.420916,-0.931978,-1.40987,0.469912,-1.05669,-1.42269,0.474814,-1.03475,-1.41321,0.498314,-1.03475,-1.40048,0.493183,-1.05669
0.698088,-0.661715,2.8352,0.039438,838880429,-1.23486,0.378924,-0.931978,-1.24613,0.383019,-0.912793,-1.23863,0.403693,-0.912793,-1.22742,0.399395,-0.931978,-1.41653,0.444886,-1.05669,-1.42943,0.44957,-1.03475,-1.42079,0.473387,-1.03475,-1.40797,0.46847,-1.05669
0.0591515,-0.661212,2.85237,-2.64033,838880430,-1.24243,0.358052,-0.931978,-1.25379,0.361943,-0.912793,-1.24628,0.382617,-0.912793,-1.235,0.378522,-0.931978,-1.42524,0.420899,-1.05669,-1.43823,0.425351,-1.03475,-1.42958,0.449168,-1.03475,-1.41668,0.444484,-1.05669
0.0974595,-0.661729,2.86971,-3.58503,838880431,-1.24716,0.33608,-0.931978,-1.25857,0.339778,-0.912793,-1.25179,0.360701,-0.912793,-1.24045,0.356797,-0.931978,-1.43103,0.395656,-1.05669,-1.44408,0.399886,-1.03475,-1.43627,0.42399,-1.03475,-1.42329,0.419525,-1.05669
0.00556005,-0.661752,2.90423,-2.62526,838880433,-1.25796,0.292831,-0.931978,-1.2695,0.296129,-0.912793,-1.26345,0.317276,-0.912793,-1.25197,0.313771,-0.931978,-1.4438,0.345949,-1.05669,-1.45699,0.349721,-1.03475,-1.45003,0.374084,-1.03475,-1.4369,0.370074,-1.05669
0.0589697,-0.661258,2.9214,-3.22942,838880434,-1.26406,0.271481,-0.931978,-1.27566,0.27457,-0.912793,-1.26961,0.295717,-0.912793,-1.25808,0.29242,-0.931978,-1.45081,0.321413,-1.05669,-1.46407,0.324947,-1.03475,-1.45711,0.34931,-1.03475,-1.44391,0.345538,-1.05669
-0.077484,-0.661783,2.93874,-2.59223,838880435,-1.26724,0.249232,-0.931978,-1.27889,0.252125,-0.912793,-1.27358,0.27347,-0.912793,-1.26199,0.270368,-0.931978,-1.45482,0.295827,-1.05669,-1.46814,0.299136,-1.03475,-1.46203,0.323727,-1.03475,-1.44877,0.320178,-1.05669
0.1592,-0.661293,2.95592,-10.4074,838880436,-1.2726,0.227681,-0.931978,-1.28429,0.230364,-0.912793,-1.27899,0.251709,-0.912793,-1.26735,0.248817,-0.931978,-1.46097,0.271061,-1.05669,-1.47435,0.27413,-1.03475,-1.46824,0.298721,-1.03475,-1.45492,0.295412,-1.05669
0.030047,-0.678826,2.48613,-2.5415,838880921,-1.03079,0.778418,-0.959363,-1.04019,0.786296,-0.940349,-1.02607,0.803156,-0.940349,-1.0168,0.795112,-0.959363,-1.17758,0.901395,-1.08679,-1.18834,0.910407,-1.06504,-1.17207,0.92983,-1.06504,-1.16147,0.920629,-1.08679
0.0986714,-0.678313,2.5033,6.38441,838880922,-1.04505,0.761396,-0.959363,-1.05459,0.769109,-0.940349,-1.04046,0.785968,-0.940349,-1.03106,0.77809,-0.959363,-1.19397,0.881834,-1.08679,-1.20488,0.890656,-1.06504,-1.18861,0.910079,-1.06504,-1.17785,0.901067,-1.08679
-0.0161968,-0.678841,2.52064,-2.82912,838880923,-1.057,0.742365,-0.959363,-1.06667,0.74991,-0.940349,-1.05315,0.767253,-0.940349,-1.04361,0.759537,-0.959363,-1.208,0.86014,-1.08679,-1.21907,0.868771,-1.06504,-1.20348,0.88875,-1.06504,-1.19257,0.879925,-1.08679
0.0549924,-0.678333,2.53781,-1.55838,838880924,-1.07066,0.724856,-0.959363,-1.08046,0.73223,-0.940349,-1.06694,0.749573,-0.940349,-1.05726,0.742028,-0.959363,-1.2237,0.840019,-1.08679,-1.23491,0.848454,-1.06504,-1.21933,0.868434,-1.06504,-1.20826,0.859803,-1.08679
-0.00799729,-0.678864,2.55516,-2.34418,838880925,-1.08194,0.705419,-0.959363,-1.09187,0.712621,-0.940349,-1.07896,0.730426,-0.940349,-1.06915,0.723048,-0.959363,-1.23696,0.817848,-1.08679,-1.24832,0.826087,-1.06504,-1.23345,0.846599,-1.06504,-1.22223,0.838159,-1.08679
0.339021,-0.67836,2.57233,1.14704,838880926,-1.09498,0.687443,-0.959363,-1.10504,0.69447,-0.940349,-1.09212,0.712275,-0.940349,-1.08219,0.705072,-0.959363,-1.25194,0.797191,-1.08679,-1.26345,0.805229,-1.06504,-1.24857,0.825741,-1.06504,-1.23721,0.817502,-1.08679
0.127561,-0.678896,2.58967,-2.86658,838880927,-1.10558,0.667624,-0.959363,-1.11575,0.674475,-0.940349,-1.10347,0.692719,-0.940349,-1.09341,0.685689,-0.959363,-1.26443,0.77457,-1.08679,-1.27607,0.782408,-1.06504,-1.26192,0.803426,-1.06504,-1.25042,0.795384,-1.08679
0.0403107,-0.678396,2.60685,-3.27311,838880928,-1.11798,0.649203,-0.959363,-1.12827,0.655875,-0.940349,-1.11599,0.67412,-0.940349,-1.10581,0.667269,-0.959363,-1.27868,0.753402,-1.08679,-1.29046,0.761034,-1.06504,-1.27631,0.782053,-1.06504,-1.26467,0.774215,-1.08679
0.110093,-0.678832,2.73165,-30.4721,838880935,-1.18908,0.504517,-0.959363,-1.20011,0.509887,-0.940349,-1.19048,0.529662,-0.940349,-1.17955,0.524098,-0.959363,-1.36126,0.588342,-1.08679,-1.37388,0.594485,-1.06504,-1.36279,0.617267,-1.06504,-1.35028,0.610901,-1.08679
0.329797,-0.678307,2.74882,0.0670302,838880936,-1.1988,0.484552,-0.959363,-1.20993,0.489728,-0.940349,-1.2003,0.509503,-0.940349,-1.18927,0.504133,-0.959363,-1.37243,0.565398,-1.08679,-1.38516,0.571319,-1.06504,-1.37406,0.5941,-1.06504,-1.36145,0.587957,-1.08679
0.793252,-0.678822,2.76617,0.00463802,838880937,-1.2058,0.463195,-0.959363,-1.21701,0.468176,-0.940349,-1.20808,0.488275,-0.940349,-1.19696,0.483096,-0.959363,-1.3808,0.540955,-1.08679,-1.39362,0.546653,-1.06504,-1.38334,0.569808,-1.06504,-1.37061,0.563884,-1.08679
3.29726,-0.678301,2.78334,-0.571171,838880938,-1.21482,0.442902,-0.959363,-1.22611,0.447686,-0.940349,-1.21718,0.467785,-0.940349,-1.20597,0.462804,-0.959363,-1.39116,0.517635,-1.08679,-1.40409,0.523107,-1.06504,-1.3938,0.546262,-1.06504,-1.38097,0.540564,-1.08679
2.98969,-0.678819,2.80068,0.360485,838880939,-1.22106,0.421313,-0.959363,-1.23244,0.4259,-0.940349,-1.22422,0.446299,-0.940349,-1.21292,0.441512,-0.959363,-1.39867,0.492914,-1.08679,-1.41169,0.498161,-1.06504,-1.40222,0.521661,-1.06504,-1.38929,0.516185,-1.08679
0.606362,-0.678303,2.81785,-0.0286181,838880940,-1.22937,0.400718,-0.959363,-1.24082,0.405104,-0.940349,-1.2326,0.425503,-0.940349,-1.22122,0.420916,-0.959363,-1.40822,0.469246,-1.08679,-1.42132,0.474264,-1.06504,-1.41185,0.497764,-1.06504,-1.39883,0.492517,-1.08679
0.273961,-0.678826,2.83519,11.3592,838880941,-1.23486,0.378924,-0.959363,-1.24639,0.383111,-0.940349,-1.23888,0.403785,-0.940349,-1.22742,0.399395,-0.959363,-1.41486,0.444278,-1.08679,-1.42805,0.449068,-1.06504,-1.4194,0.472884,-1.06504,-1.4063,0.467863,-1.08679
0.00837408,-0.678314,2.85236,-3.33555,838880942,-1.24243,0.358052,-0.959363,-1.25404,0.362035,-0.940349,-1.24653,0.382709,-0.940349,-1.235,0.378522,-0.959363,-1.42357,0.420292,-1.08679,-1.43684,0.424848,-1.06504,-1.4282,0.448665,-1.06504,-1.415,0.443876,-1.08679
0.0496233,-0.67884,2.86971,-4.03045,838880943,-1.24716,0.33608,-0.959363,-1.25883,0.339861,-0.940349,-1.25205,0.360784,-0.940349,-1.24045,0.356797,-0.959363,-1.42933,0.395107,-1.08679,-1.44268,0.399432,-1.06504,-1.43487,0.423537,-1.06504,-1.4216,0.418976,-1.08679
0.0982745,-0.678333,2.88688,-1.07935,838880944,-1.254,0.314955,-0.959363,-1.26574,0.318531,-0.940349,-1.25896,0.339454,-0.940349,-1.24729,0.335672,-0.959363,-1.4372,0.370831,-1.08679,-1.45063,0.374921,-1.06504,-1.44282,0.399025,-1.06504,-1.42947,0.3947,-1.08679
-0.127919,-0.678864,2.90422,-2.1847,838880945,-1.25796,0.292831,-0.959363,-1.26975,0.296203,-0.940349,-1.26371,0.31735,-0.940349,-1.25197,0.31377,-0.959363,-1.44208,0.34546,-1.08679,-1.45558,0.349317,-1.06504,-1.44861,0.373679,-1.06504,-1.43519,0.369585,-1.08679
-0.0107515,-0.67836,2.9214,-2.14109,838880946,-1.26406,0.271481,-0.959363,-1.27592,0.274644,-0.940349,-1.26987,0.295791,-0.940349,-1.25808,0.29242,-0.959363,-1.4491,0.320924,-1.08679,-1.46266,0.324543,-1.06504,-1.4557,0.348905,-1.06504,-1.4422,0.345048,-1.08679
0.157974,-0.678896,2.93874,8.86669,838880947,-1.26724,0.249232,-0.959363,-1.27915,0.25219,-0.940349,-1.27385,0.273535,-0.940349,-1.26199,0.270368,-0.959363,-1.45309,0.295398,-1.08679,-1.46671,0.298781,-1.06504,-1.4606,0.323372,-1.06504,-1.44704,0.319749,-1.08679
0.0584108,-0.678396,2.95591,-2.41181,838880948,-1.2726,0.227681,-0.959363,-1.28455,0.230429,-0.940349,-1.27925,0.251774,-0.940349,-1.26735,0.248817,-0.959363,-1.45925,0.270632,-1.08679,-1.47292,0.273775,-1.06504,-1.46682,0.298366,-1.06504,-1.4532,0.294983,-1.08679
0.145485,-0.678826,-3.09893,-22.8367,838880961,-1.28998,-0.0662732,-0.959363,-1.30225,-0.0662829,-0.940349,-1.30227,-0.0442889,-0.940349,-1.29,-0.0444954,-0.959363,-1.48148,-0.0664251,-1.08679,-1.49552,-0.0664361,-1.06504,-1.49554,-0.0410981,-1.06504,-1.4815,-0.0413344,-1.08679
0.104413,-0.678916,-2.95695,17.7961,838880969,-1.26746,-0.248123,-0.959363,-1.27961,-0.249838,-0.940349,-1.28268,-0.22806,-0.940349,-1.2705,-0.226559,-0.959363,-1.45708,-0.274895,-1.08679,-1.47097,-0.276857,-1.06504,-1.47451,-0.251768,-1.06504,-1.46058,-0.250051,-1.08679
-0.00828549,-0.69592,2.48612,-3.08354,838881433,-1.03079,0.778418,-0.987001,-1.04039,0.786468,-0.968162,-1.02627,0.803327,-0.968162,-1.0168,0.795112,-0.987001,-1.17619,0.900227,-1.11712,-1.18718,0.909435,-1.09557,-1.17091,0.928858,-1.09557,-1.16007,0.919461,-1.11712
0.0211807,-0.695398,2.50329,-3.37193,838881434,-1.04505,0.761396,-0.987001,-1.05479,0.76928,-0.968162,-1.04067,0.78614,-0.968162,-1.03106,0.77809,-0.987001,-1.19257,0.880666,-1.11712,-1.20372,0.889684,-1.09557,-1.18745,0.909107,-1.09557,-1.17646,0.899899,-1.11712
0.321296,-0.695935,2.52064,0.612233,838881435,-1.057,0.742365,-0.987001,-1.06688,0.750074,-0.968162,-1.05336,0.767417,-0.968162,-1.04361,0.759537,-0.987001,-1.20657,0.859022,-1.11712,-1.21787,0.86784,-1.09557,-1.20229,0.88782,-1.09557,-1.19114,0.878806,-1.11712
0.0875354,-0.695418,2.53781,5.25486,838881436,-1.07066,0.724856,-0.987001,-1.08067,0.732394,-0.968162,-1.06715,0.749737,-0.968162,-1.05726,0.742028,-0.987001,-1.22226,0.8389,-1.11712,-1.23372,0.847524,-1.09557,-1.21814,0.867503,-1.09557,-1.20683,0.858684,-1.11712
0.12665,-0.695959,2.55515,2.4787,838881437,-1.08194,0.705419,-0.987001,-1.09209,0.712778,-0.968162,-1.07918,0.730583,-0.968162,-1.06915,0.723048,-0.987001,-1.23549,0.81678,-1.11712,-1.2471,0.825199,-1.09557,-1.23222,0.84571,-1.09557,-1.22076,0.837092,-1.11712
2.50368,-0.695446,2.57232,0.407162,838881438,-1.09498,0.687443,-0.987001,-1.10525,0.694627,-0.968162,-1.09234,0.712432,-0.968162,-1.08219,0.705072,-0.987001,-1.25047,0.796123,-1.11712,-1.26222,0.804341,-1.09557,-1.24735,0.824852,-1.09557,-1.23574,0.816434,-1.11712
0.329087,-0.695991,2.58967,-11.9933,838881439,-1.10558,0.667624,-0.987001,-1.11597,0.674624,-0.968162,-1.10369,0.692869,-0.968162,-1.09341,0.685689,-0.987001,-1.26292,0.773555,-1.11712,-1.27481,0.781563,-1.09557,-1.26066,0.802581,-1.09557,-1.24891,0.794368,-1.11712
0.0775842,-0.695483,2.60684,18.0023,838881440,-1.11798,0.649204,-0.987001,-1.1285,0.656025,-0.968162,-1.11621,0.674269,-0.968162,-1.10581,0.667269,-0.987001,-1.27717,0.752386,-1.11712,-1.2892,0.760189,-1.09557,-1.27505,0.781208,-1.09557,-1.26316,0.7732,-1.11712
0.212219,-0.696012,2.6281,-2.65165,838881441,-1.13042,0.624633,-0.987001,-1.14105,0.631269,-0.968162,-1.12941,0.649928,-0.968162,-1.11889,0.643109,-0.987001,-1.29134,0.725046,-1.11712,-1.30351,0.732637,-1.09557,-1.29009,0.754133,-1.09557,-1.27806,0.746333,-1.11712
-0.00748293,-0.695927,2.73165,-3.17236,838881447,-1.18908,0.504517,-0.987001,-1.20035,0.510004,-0.968162,-1.19072,0.529779,-0.968162,-1.17955,0.524098,-0.987001,-1.35962,0.587546,-1.11712,-1.37252,0.593823,-1.09557,-1.36143,0.616604,-1.09557,-1.34864,0.610105,-1.11712
0.117837,-0.695392,2.74882,13.0933,838881448,-1.1988,0.484552,-0.987001,-1.21017,0.489845,-0.968162,-1.20054,0.509619,-0.968162,-1.18927,0.504133,-0.987001,-1.37079,0.564602,-1.11712,-1.3838,0.570656,-1.09557,-1.3727,0.593438,-1.09557,-1.35981,0.587161,-1.11712
0.173092,-0.695916,2.76616,10.8649,838881449,-1.2058,0.463195,-0.987001,-1.21725,0.468285,-0.968162,-1.20832,0.488384,-0.968162,-1.19696,0.483096,-0.987001,-1.37914,0.540216,-1.11712,-1.39224,0.546039,-1.09557,-1.38195,0.569194,-1.09557,-1.36895,0.563145,-1.11712
0.113594,-0.695386,2.78333,-6.71558,838881450,-1.21482,0.442902,-0.987001,-1.22636,0.447794,-0.968162,-1.21743,0.467894,-0.968162,-1.20597,0.462804,-0.987001,-1.3895,0.516896,-1.11712,-1.4027,0.522493,-1.09557,-1.39242,0.545648,-1.09557,-1.37931,0.539825,-1.11712
0.113021,-0.695913,2.80068,-30.8856,838881451,-1.22106,0.421313,-0.987001,-1.23269,0.426,-0.968162,-1.22447,0.446399,-0.968162,-1.21292,0.441512,-0.987001,-1.39699,0.492234,-1.11712,-1.41029,0.497595,-1.09557,-1.40081,0.521096,-1.09557,-1.38761,0.515505,-1.11712
0.216885,-0.695388,2.81784,2.30538,838881452,-1.22937,0.400718,-0.987001,-1.24107,0.405204,-0.968162,-1.23285,0.425603,-0.968162,-1.22122,0.420916,-0.987001,-1.40653,0.468566,-1.11712,-1.41992,0.473698,-1.09557,-1.41045,0.497198,-1.09557,-1.39715,0.491837,-1.11712
0.125162,-0.69592,2.83519,-32.4892,838881453,-1.23486,0.378924,-0.987001,-1.24664,0.383202,-0.968162,-1.23913,0.403876,-0.968162,-1.22742,0.399395,-0.987001,-1.41315,0.443658,-1.11712,-1.42663,0.448551,-1.09557,-1.41798,0.472368,-1.09557,-1.40459,0.467242,-1.11712
-0.0175427,-0.695398,2.85236,-2.36164,838881454,-1.24243,0.358052,-0.987001,-1.25429,0.362126,-0.968162,-1.24678,0.3828,-0.968162,-1.235,0.378522,-0.987001,-1.42186,0.419671,-1.11712,-1.43542,0.424332,-1.09557,-1.42677,0.448149,-1.09557,-1.41329,0.443255,-1.11712
0.00142701,-0.695935,2.8697,-2.30044,838881455,-1.24716,0.33608,-0.987001,-1.25908,0.339943,-0.968162,-1.2523,0.360867,-0.968162,-1.24045,0.356797,-0.987001,-1.4276,0.394546,-1.11712,-1.44125,0.398966,-1.09557,-1.43344,0.42307,-1.09557,-1.41987,0.418415,-1.11712
-0.0189554,-0.695959,2.90422,-1.58371,838881457,-1.25796,0.292831,-0.987001,-1.27001,0.296276,-0.968162,-1.26397,0.317423,-0.968162,-1.25197,0.31377,-0.987001,-1.44034,0.34496,-1.11712,-1.45412,0.348901,-1.09557,-1.44716,0.373263,-1.09557,-1.43344,0.369085,-1.11712
0.340166,-0.695446,2.92139,-5.17318,838881458,-1.26406,0.271481,-0.987001,-1.27617,0.274718,-0.968162,-1.27013,0.295865,-0.968162,-1.25808,0.29242,-0.987001,-1.44735,0.320424,-1.11712,-1.4612,0.324127,-1.09557,-1.45424,0.348489,-1.09557,-1.44045,0.344549,-1.11712
1.69238,-0.695991,2.93874,1.63441,838881459,-1.26724,0.249232,-0.987001,-1.27941,0.252254,-0.968162,-1.2741,0.273599,-0.968162,-1.26199,0.270368,-0.987001,-1.45133,0.29496,-1.11712,-1.46524,0.298416,-1.09557,-1.45914,0.323007,-1.09557,-1.44528,0.31931,-1.11712
0.102613,-0.695483,2.95591,-6.36641,838881460,-1.2726,0.227681,-0.987001,-1.28481,0.230493,-0.968162,-1.27951,0.251839,-0.968162,-1.26735,0.248817,-0.987001,-1.45748,0.270194,-1.11712,-1.47146,0.27341,-1.09557,-1.46535,0.298001,-1.09557,-1.45143,0.294544,-1.11712
0.105275,-0.695935,-1.31909,-1.61874,838881575,0.332526,-1.24811,-0.987001,0.335143,-1.26037,-0.968162,0.313633,-1.26496,-0.968162,0.311228,-1.25266,-0.987001,0.372115,-1.43362,-1.11712,0.375108,-1.44764,-1.09557,0.350328,-1.45293,-1.09557,0.347577,-1.43885,-1.11712
0.393813,-0.713134,2.24059,-3.23013,838881931,-0.810559,1.00549,-1.0151,-0.818142,1.01591,-0.996316,-0.800341,1.02887,-0.996316,-0.792952,1.01831,-1.0151,-0.921148,1.15742,-1.14775,-0.929759,1.16925,-1.12642,-0.909382,1.18409,-1.12642,-0.900991,1.1721,-1.14775
0.329777,-0.712615,2.25777,2.66793,838881932,-0.828515,0.992422,-1.0151,-0.836291,1.0027,-0.996316,-0.81849,1.01565,-0.996316,-0.810907,1.00524,-1.0151,-0.941653,1.1425,-1.14775,-0.950483,1.15417,-1.12642,-0.930106,1.169,-1.12642,-0.921496,1.15717,-1.14775
0.171159,-0.713057,2.41709,-4.53696,838881941,-0.974658,0.847669,-1.0151,-0.983933,0.856613,-0.996316,-0.96865,0.872462,-0.996316,-0.959541,0.863346,-1.0151,-1.10993,0.978108,-1.14775,-1.12046,0.988265,-1.12642,-1.10297,1.00641,-1.12642,-1.09263,0.996055,-1.14775
0.195953,-0.712517,2.43426,-24.1474,838881942,-0.990073,0.831682,-1.0151,-0.999514,0.840453,-0.996316,-0.984231,0.856303,-0.996316,-0.974956,0.847359,-1.0151,-1.12754,0.959852,-1.14775,-1.13826,0.969812,-1.12642,-1.12076,0.987955,-1.12642,-1.11023,0.977799,-1.14775
0.462125,-0.713054,2.4516,2.52507,838881943,-1.00333,0.813534,-1.0151,-1.01291,0.822148,-0.996316,-0.998188,0.838522,-0.996316,-0.988766,0.829729,-1.0151,-1.14307,0.939169,-1.14775,-1.15395,0.948952,-1.12642,-1.1371,0.967694,-1.12642,-1.12641,0.95771,-1.14775
0.0958496,-0.712519,2.46878,-21.9709,838881944,-1.01817,0.797019,-1.0151,-1.02792,0.805455,-0.996316,-1.0132,0.821828,-0.996316,-1.00361,0.813214,-1.0151,-1.16003,0.920309,-1.14775,-1.17109,0.929889,-1.12642,-1.15424,0.948632,-1.12642,-1.14336,0.93885,-1.14775
0.095138,-0.713061,2.48611,6.98314,838881945,-1.03078,0.778419,-1.0151,-1.04066,0.786693,-0.996316,-1.02652,0.803571,-0.996316,-1.0168,0.795113,-1.0151,-1.17483,0.899097,-1.14775,-1.18605,0.908493,-1.12642,-1.16987,0.927813,-1.12642,-1.15882,0.918208,-1.14775
0.14616,-0.71253,2.50329,-13.3772,838881946,-1.04505,0.761395,-1.0151,-1.05508,0.769486,-0.996316,-1.04094,0.786363,-0.996316,-1.03106,0.778089,-1.0151,-1.19112,0.879656,-1.14775,-1.20251,0.888844,-1.12642,-1.18633,0.908163,-1.12642,-1.17511,0.898767,-1.14775
0.060018,-0.713076,2.52063,-2.51211,838881947,-1.057,0.742366,-1.0151,-1.06716,0.75029,-0.996316,-1.05362,0.767651,-0.996316,-1.04361,0.759538,-1.0151,-1.20518,0.857939,-1.14775,-1.21671,0.866938,-1.12642,-1.20121,0.886811,-1.12642,-1.18984,0.877598,-1.14775
0.0987118,-0.71255,2.53781,26.2293,838881948,-1.07066,0.724855,-1.0151,-1.08097,0.73259,-0.996316,-1.06742,0.749951,-0.996316,-1.05726,0.742027,-1.0151,-1.22077,0.837941,-1.14775,-1.23248,0.846726,-1.12642,-1.21698,0.866599,-1.12642,-1.20544,0.8576,-1.14775
0.0656564,-0.713101,2.55514,-4.76874,838881949,-1.08194,0.70542,-1.0151,-1.09237,0.712984,-0.996316,-1.07944,0.730808,-0.996316,-1.06915,0.723049,-1.0151,-1.23406,0.815747,-1.14775,-1.24591,0.824337,-1.12642,-1.23111,0.84474,-1.12642,-1.21943,0.835929,-1.14775
0.0418144,-0.712578,2.57232,-4.63241,838881950,-1.09498,0.687442,-1.0151,-1.10555,0.694813,-0.996316,-1.09262,0.712636,-0.996316,-1.08219,0.705071,-1.0151,-1.24895,0.795217,-1.14775,-1.26096,0.803587,-1.12642,-1.24616,0.823989,-1.12642,-1.23432,0.815399,-1.14775
0.0923887,-0.713134,2.58966,-29.2778,838881951,-1.10557,0.667625,-1.0151,-1.11626,0.67482,-0.996316,-1.10397,0.693084,-0.996316,-1.09341,0.68569,-1.0151,-1.26146,0.772572,-1.14775,-1.2736,0.780743,-1.12642,-1.25952,0.80165,-1.12642,-1.24754,0.793253,-1.14775
0.0455076,-0.712615,2.60684,-2.94411,838881952,-1.11798,0.649203,-1.0151,-1.1288,0.6562,-0.996316,-1.1165,0.674464,-0.996316,-1.10581,0.667268,-1.0151,-1.27562,0.751534,-1.14775,-1.28791,0.75948,-1.12642,-1.27384,0.780387,-1.12642,-1.2617,0.772215,-1.14775
0,-0.713117,2.66261,0,838881955,-1.15137,0.585287,-1.0151,-1.16253,0.591722,-0.996316,-1.15153,0.610797,-0.996316,-1.14049,0.604154,-1.0151,-1.31417,0.679139,-1.14775,-1.32685,0.686446,-1.12642,-1.31426,0.708281,-1.12642,-1.30172,0.700738,-1.14775
-0.0147078,-0.713068,2.73164,-3.52775,838881959,-1.18908,0.504518,-1.0151,-1.20067,0.510158,-0.996316,-1.19103,0.529954,-0.996316,-1.17955,0.524099,-1.0151,-1.35804,0.586776,-1.14775,-1.3712,0.593181,-1.12642,-1.36016,0.615841,-1.12642,-1.34713,0.609192,-1.14775
0.165145,-0.712523,2.74881,3.00261,838881960,-1.1988,0.484551,-1.0151,-1.21049,0.489976,-0.996316,-1.20085,0.509771,-0.996316,-1.18927,0.504132,-1.0151,-1.36914,0.563973,-1.14775,-1.38242,0.570133,-1.12642,-1.37138,0.592794,-1.12642,-1.35823,0.586389,-1.14775
1.63786,-0.713057,2.76615,-0.558726,838881961,-1.2058,0.463196,-1.0151,-1.21757,0.468428,-0.996316,-1.20863,0.488548,-0.996316,-1.19696,0.483097,-1.0151,-1.37753,0.539502,-1.14775,-1.3909,0.545443,-1.12642,-1.38066,0.568475,-1.12642,-1.3674,0.562285,-1.14775
0.137893,-0.712517,2.78333,-3.40008,838881962,-1.21482,0.442901,-1.0151,-1.22669,0.447914,-0.996316,-1.21775,0.468035,-0.996316,-1.20597,0.462803,-1.0151,-1.38783,0.516326,-1.14775,-1.40131,0.522018,-1.12642,-1.39107,0.54505,-1.12642,-1.3777,0.539109,-1.14775
0.104306,-0.713054,2.80066,2.31445,838881963,-1.22106,0.421314,-1.0151,-1.23301,0.426132,-0.996316,-1.22478,0.446552,-0.996316,-1.21292,0.441513,-1.0151,-1.39535,0.491576,-1.14775,-1.40892,0.497047,-1.12642,-1.3995,0.520423,-1.12642,-1.38603,0.514699,-1.14775
0.103931,-0.713076,2.86969,-30.3581,838881967,-1.24716,0.336081,-1.0151,-1.25942,0.340052,-0.996316,-1.25263,0.360998,-0.996316,-1.24045,0.356798,-1.0151,-1.42593,0.394004,-1.14775,-1.43985,0.398514,-1.12642,-1.43208,0.422491,-1.12642,-1.41824,0.417722,-1.14775
0.0354048,-0.713101,2.90421,-3.27563,838881969,-1.25796,0.292832,-1.0151,-1.27035,0.296373,-0.996316,-1.2643,0.317543,-0.996316,-1.25197,0.313771,-1.0151,-1.43864,0.344477,-1.14775,-1.45271,0.348498,-1.12642,-1.44578,0.372731,-1.12642,-1.43179,0.368448,-1.14775
-0.0105534,-0.712578,2.92139,75.192,838881970,-1.26406,0.271479,-1.0151,-1.27652,0.27479,-0.996316,-1.27047,0.29596,-0.996316,-1.25808,0.292419,-1.0151,-1.44561,0.320092,-1.14775,-1.45976,0.323852,-1.12642,-1.45283,0.348085,-1.12642,-1.43876,0.344063,-1.14775
-0.0739785,-0.713134,2.93872,-3.71302,838881971,-1.26724,0.249233,-1.0151,-1.27975,0.252339,-0.996316,-1.27444,0.273707,-0.996316,-1.26199,0.270369,-1.0151,-1.44962,0.294536,-1.14775,-1.46382,0.298063,-1.12642,-1.45774,0.322523,-1.12642,-1.44361,0.318732,-1.14775
-0.0573533,-0.712615,2.95591,-3.16814,838881972,-1.2726,0.22768,-1.0151,-1.28516,0.230554,-0.996316,-1.27985,0.251922,-0.996316,-1.26735,0.248816,-1.0151,-1.45573,0.269923,-1.14775,-1.47,0.273186,-1.12642,-1.46392,0.297646,-1.12642,-1.44972,0.294118,-1.14775
0.0822331,-0.713154,2.97715,-6.12523,838881973,-1.27588,0.200338,-1.0151,-1.28849,0.203009,-0.996316,-1.28392,0.224548,-0.996316,-1.27137,0.221643,-1.0151,-1.45972,0.239291,-1.14775,-1.47404,0.242324,-1.12642,-1.46881,0.26698,-1.12642,-1.45455,0.263681,-1.14775
0.234782,-0.729699,2.36523,-2.10883,838882450,-0.930327,0.897961,-1.04345,-0.939301,0.907555,-1.02484,-0.922949,0.922299,-1.02484,-0.914153,0.912544,-1.04345,-1.05731,1.03408,-1.1786,-1.0675,1.04498,-1.15747,-1.04878,1.06185,-1.15747,-1.03879,1.05078,-1.1786
-0.0201017,-0.73023,2.48611,-0.66899,838882457,-1.03078,0.778419,-1.04345,-1.04085,0.786854,-1.02484,-1.02671,0.803731,-1.02484,-1.0168,0.795113,-1.04345,-1.17346,0.897945,-1.1786,-1.18489,0.907524,-1.15747,-1.16871,0.926844,-1.15747,-1.15745,0.917056,-1.1786
0.0170901,-0.72969,2.50328,-3.21416,838882458,-1.04505,0.761395,-1.04345,-1.05527,0.769647,-1.02484,-1.04113,0.786524,-1.02484,-1.03106,0.778089,-1.04345,-1.18975,0.878504,-1.1786,-1.20136,0.887874,-1.15747,-1.18517,0.907194,-1.15747,-1.17374,0.897615,-1.1786
0.0513637,-0.730246,2.52062,-3.45584,838882459,-1.057,0.742366,-1.04345,-1.06736,0.750444,-1.02484,-1.05382,0.767805,-1.02484,-1.04361,0.759538,-1.04345,-1.20376,0.856836,-1.1786,-1.21552,0.86601,-1.15747,-1.20002,0.885883,-1.15747,-1.18843,0.876495,-1.1786
-0.0409885,-0.72971,2.5378,-2.18177,838882460,-1.07066,0.724855,-1.04345,-1.08116,0.732744,-1.02484,-1.06762,0.750105,-1.02484,-1.05726,0.742027,-1.04345,-1.21936,0.836839,-1.1786,-1.23129,0.845798,-1.15747,-1.21579,0.865671,-1.15747,-1.20403,0.856497,-1.1786
-0.0996789,-0.730271,2.55514,-2.39116,838882461,-1.08194,0.70542,-1.04345,-1.09257,0.713131,-1.02484,-1.07965,0.730955,-1.02484,-1.06915,0.723049,-1.04345,-1.23261,0.814694,-1.1786,-1.24469,0.823451,-1.15747,-1.22989,0.843854,-1.15747,-1.21797,0.834876,-1.1786
-0.013245,-0.729739,2.57232,-2.02161,838882462,-1.09498,0.687442,-1.04345,-1.10575,0.69496,-1.02484,-1.09283,0.712783,-1.02484,-1.08219,0.705071,-1.04345,-1.2475,0.794164,-1.1786,-1.25974,0.802701,-1.15747,-1.24494,0.823103,-1.15747,-1.23286,0.814346,-1.1786
-0.0132126,-0.730304,2.58965,-3.20408,838882463,-1.10557,0.667625,-1.04345,-1.11647,0.67496,-1.02484,-1.10417,0.693224,-1.02484,-1.09341,0.68569,-1.04345,-1.25997,0.77157,-1.1786,-1.27234,0.779901,-1.15747,-1.25827,0.800807,-1.15747,-1.24605,0.792252,-1.1786
-0.00164917,-0.729777,2.60683,-2.59813,838882464,-1.11798,0.649203,-1.04345,-1.12901,0.656339,-1.02484,-1.11671,0.674603,-1.02484,-1.10581,0.667268,-1.04345,-1.27413,0.750532,-1.1786,-1.28666,0.758637,-1.15747,-1.27258,0.779544,-1.15747,-1.26021,0.771214,-1.1786
-0.0437168,-0.730237,2.73163,-1.75348,838882471,-1.18908,0.504518,-1.04345,-1.20089,0.510268,-1.02484,-1.19125,0.530064,-1.02484,-1.17955,0.524099,-1.04345,-1.35643,0.585991,-1.1786,-1.36984,0.59252,-1.15747,-1.35881,0.615181,-1.15747,-1.34551,0.608407,-1.1786
0.0458623,-0.729684,2.74881,-1.26096,838882472,-1.1988,0.484551,-1.04345,-1.21072,0.490085,-1.02484,-1.20108,0.509881,-1.02484,-1.18927,0.504132,-1.04345,-1.36753,0.563188,-1.1786,-1.38106,0.569473,-1.15747,-1.37003,0.592133,-1.15747,-1.35662,0.585604,-1.1786
-0.0785237,-0.730226,2.76615,-1.95729,838882473,-1.2058,0.463196,-1.04345,-1.2178,0.468529,-1.02484,-1.20886,0.48865,-1.02484,-1.19696,0.483097,-1.04345,-1.37589,0.538774,-1.1786,-1.38952,0.544831,-1.15747,-1.37929,0.567863,-1.15747,-1.36577,0.561557,-1.1786
0.0673916,-0.729677,2.78332,-3.33626,838882474,-1.21482,0.442901,-1.04345,-1.22692,0.448016,-1.02484,-1.21798,0.468136,-1.02484,-1.20597,0.462803,-1.04345,-1.38619,0.515597,-1.1786,-1.39993,0.521406,-1.15747,-1.38969,0.544438,-1.15747,-1.37606,0.538381,-1.1786
0.0659883,-0.730224,2.80066,-2.51909,838882475,-1.22106,0.421314,-1.04345,-1.23325,0.426225,-1.02484,-1.22501,0.446646,-1.02484,-1.21292,0.441513,-1.04345,-1.39369,0.490906,-1.1786,-1.40752,0.496483,-1.15747,-1.3981,0.519858,-1.15747,-1.38437,0.514029,-1.1786
-0.0432164,-0.730271,2.9042,-2.51683,838882481,-1.25796,0.292832,-1.04345,-1.27059,0.296442,-1.02484,-1.26454,0.317612,-1.02484,-1.25197,0.313771,-1.04345,-1.43692,0.343984,-1.1786,-1.45126,0.348084,-1.15747,-1.44433,0.372316,-1.15747,-1.43007,0.367955,-1.1786
0.0178869,-0.729739,2.92138,-2.38912,838882482,-1.26406,0.271479,-1.04345,-1.27676,0.274859,-1.02484,-1.27071,0.296029,-1.02484,-1.25808,0.292419,-1.04345,-1.44389,0.319599,-1.1786,-1.4583,0.323437,-1.15747,-1.45138,0.34767,-1.15747,-1.43704,0.343571,-1.1786
0.159618,-0.730304,2.93872,10.3748,838882483,-1.26724,0.249233,-1.04345,-1.27999,0.2524,-1.02484,-1.27468,0.273768,-1.02484,-1.26199,0.270369,-1.04345,-1.44788,0.294104,-1.1786,-1.46235,0.2977,-1.15747,-1.45628,0.32216,-1.15747,-1.44187,0.3183,-1.1786
0.000931857,-0.729777,2.9559,-3.13776,838882484,-1.2726,0.22768,-1.04345,-1.2854,0.230614,-1.02484,-1.28009,0.251982,-1.02484,-1.26735,0.248816,-1.04345,-1.45399,0.26949,-1.1786,-1.46853,0.272822,-1.15747,-1.46246,0.297282,-1.15747,-1.44798,0.293686,-1.1786
0.134792,-0.72971,-1.30193,16.8591,838882600,0.354244,-1.24348,-1.04345,0.35722,-1.25627,-1.02484,0.335687,-1.26087,-1.02484,0.332946,-1.24802,-1.04345,0.396175,-1.42485,-1.1786,0.399554,-1.43938,-1.15747,0.374906,-1.44464,-1.15747,0.371793,-1.43005,-1.1786
0.318588,-0.746864,2.67977,-6.76944,838882980,-1.16246,0.566047,-1.07207,-1.17417,0.572523,-1.05364,-1.16318,0.591598,-1.05364,-1.15158,0.584914,-1.07207,-1.3237,0.655358,-1.20971,-1.33701,0.662713,-1.18878,-1.32442,0.684548,-1.18877,-1.31125,0.676958,-1.20971
-0.0891459,-0.747386,2.73163,-3.00743,838882983,-1.18908,0.504518,-1.07207,-1.20111,0.510376,-1.05364,-1.19148,0.530172,-1.05364,-1.17955,0.524099,-1.07207,-1.35479,0.585191,-1.20971,-1.36845,0.591844,-1.18878,-1.35742,0.614504,-1.18877,-1.34387,0.607607,-1.20971
0.0460786,-0.746823,2.7488,-2.48458,838882984,-1.1988,0.484551,-1.07207,-1.21094,0.490194,-1.05364,-1.2013,0.50999,-1.05364,-1.18927,0.504132,-1.07207,-1.36589,0.562389,-1.20971,-1.37967,0.568796,-1.18877,-1.36864,0.591457,-1.18877,-1.35497,0.584805,-1.20971
0.0270152,-0.747374,2.76614,-2.49714,838882985,-1.2058,0.463196,-1.07207,-1.21803,0.46863,-1.05364,-1.20909,0.48875,-1.05364,-1.19696,0.483097,-1.07207,-1.37422,0.538032,-1.20971,-1.38811,0.544203,-1.18878,-1.37787,0.567235,-1.18877,-1.3641,0.560816,-1.20971
0.0275911,-0.746816,2.78332,-2.4689,838882986,-1.21482,0.442901,-1.07207,-1.22714,0.448116,-1.05364,-1.2182,0.468237,-1.05364,-1.20597,0.462803,-1.07207,-1.38452,0.514856,-1.20971,-1.39852,0.520778,-1.18877,-1.38828,0.54381,-1.18877,-1.37439,0.537639,-1.20971
-0.0215187,-0.747372,2.80066,-2.66642,838882987,-1.22106,0.421314,-1.07207,-1.23348,0.426318,-1.05364,-1.22524,0.446739,-1.05364,-1.21292,0.441513,-1.07207,-1.392,0.490223,-1.20971,-1.40609,0.495905,-1.18878,-1.39667,0.519281,-1.18878,-1.38267,0.513346,-1.20971
0.118531,-0.74742,2.9042,30.6775,838882993,-1.25796,0.292832,-1.07207,-1.27083,0.29651,-1.05364,-1.26478,0.31768,-1.05364,-1.25197,0.313772,-1.07207,-1.43516,0.343482,-1.20971,-1.44977,0.347659,-1.18878,-1.44285,0.371892,-1.18878,-1.42831,0.367453,-1.20971
0.128332,-0.747386,-1.45716,-16.595,838883103,0.157615,-1.28203,-1.07207,0.158558,-1.29538,-1.05364,0.136595,-1.29693,-1.05364,0.135891,-1.28357,-1.07207,0.170602,-1.46587,-1.20971,0.171673,-1.48103,-1.18878,0.146532,-1.48281,-1.18878,0.145733,-1.46763,-1.20971
0.106552,-0.76402,2.64525,-19.0069,838883490,-1.14218,0.605793,-1.10098,-1.15386,0.612804,-1.08273,-1.14221,0.631484,-1.08273,-1.13065,0.624269,-1.10098,-1.29862,0.699697,-1.24107,-1.3119,0.707659,-1.22034,-1.29856,0.729042,-1.22034,-1.28543,0.720849,-1.24107
0.208736,-0.763939,-3.11629,45.2049,838883520,-1.29228,-0.0439172,-1.10098,-1.30591,-0.0436915,-1.08273,-1.30516,-0.0216869,-1.08273,-1.29154,-0.0221521,-1.10098,-1.47472,-0.0408417,-1.24107,-1.4902,-0.0405854,-1.22034,-1.48934,-0.0153966,-1.22034,-1.47387,-0.0159249,-1.24107
0.238962,-0.763943,-1.09093,-1.18573,838883636,0.606872,-1.14176,-1.10098,0.612643,-1.15411,-1.08273,0.592535,-1.16308,-1.08273,0.586983,-1.15063,-1.10098,0.684076,-1.30709,-1.24107,0.690629,-1.32111,-1.22034,0.667612,-1.33138,-1.22034,0.661307,-1.31725,-1.24107
0.124563,-0.78109,2.67976,-2.41823,838884004,-1.16246,0.566047,-1.13017,-1.1746,0.572767,-1.11211,-1.1636,0.591842,-1.11211,-1.15158,0.584914,-1.13017,-1.32045,0.653484,-1.2727,-1.33424,0.661116,-1.25218,-1.32165,0.682951,-1.25218,-1.308,0.675084,-1.2727
0.124271,-0.821125,2.55511,22.0219,838885021,-1.08194,0.705421,-1.19895,-1.09368,0.713933,-1.18106,-1.08074,0.731775,-1.18106,-1.06915,0.72305,-1.19895,-1.22511,0.809258,-1.34602,-1.23835,0.818854,-1.32584,-1.22363,0.839143,-1.32584,-1.21057,0.829307,-1.34602
0.123449,-0.83768,2.3652,11.0371,838885522,-0.930328,0.89796,-1.22941,-0.940384,0.908721,-1.21169,-0.924015,0.92348,-1.21169,-0.914154,0.912543,-1.22941,-1.04972,1.02591,-1.3787,-1.06106,1.03804,-1.35874,-1.04245,1.05483,-1.35874,-1.03133,1.0425,-1.3787
0.135814,-0.837657,-3.11631,9.7477,838885568,-1.29228,-0.0439184,-1.22941,-1.30701,-0.0436778,-1.21169,-1.30625,-0.0216505,-1.21169,-1.29154,-0.0221532,-1.22941,-1.46726,-0.0409331,-1.3787,-1.48386,-0.0406619,-1.35874,-1.48301,-0.0156139,-1.35874,-1.46642,-0.0161806,-1.3787
0.153175,-0.872676,2.27898,-23.0783,838886541,-0.848608,0.97359,-1.2913,-0.857956,0.98554,-1.27397,-0.840597,0.99912,-1.27397,-0.831455,0.987009,-1.2913,-0.954052,1.10838,-1.445,-0.96459,1.12185,-1.42546,-0.94485,1.13729,-1.42546,-0.934545,1.12364,-1.445
0.125045,-0.8726,3.04615,7.59754,838886585,-1.28679,0.11187,-1.2913,-1.30182,0.113971,-1.27397,-1.29877,0.135799,-1.27397,-1.28378,0.133438,-1.2913,-1.45628,0.13557,-1.445,-1.47321,0.137939,-1.42546,-1.46974,0.16276,-1.42546,-1.45285,0.160098,-1.445
0.125244,-0.889134,2.71425,22.2132,838887078,-1.18134,0.525614,-1.32289,-1.19511,0.532602,-1.30571,-1.18476,0.552086,-1.30571,-1.17113,0.54485,-1.32289,-1.33219,0.602492,-1.47862,-1.34759,0.610311,-1.45939,-1.33591,0.632319,-1.45939,-1.32066,0.624222,-1.47862
0.129074,-0.941148,0.426171,43.8415,838888483,1.17141,0.544204,-1.41968,1.18627,0.550224,-1.40306,1.19455,0.529778,-1.40306,1.17958,0.524018,-1.41968,1.32306,0.605618,-1.58135,1.33969,0.612354,-1.56275,1.34904,0.58926,-1.56275,1.33229,0.582815,-1.58135
0.14306,-0.940595,-2.97827,-16.9582,838888648,-1.27372,-0.221306,-1.41968,-1.28964,-0.223276,-1.40306,-1.29196,-0.20134,-1.40306,-1.27601,-0.19965,-1.41968,-1.43612,-0.241358,-1.58135,-1.45393,-0.243562,-1.56275,-1.45656,-0.218785,-1.56275,-1.43871,-0.216893,-1.58135
0.114014,-0.992601,0.49519,50.7924,838890023,1.13097,0.62364,-1.52031,1.14599,0.630981,-1.50416,1.15568,0.611148,-1.50416,1.14053,0.604075,-1.52031,1.2729,0.693017,-1.68749,1.28958,0.701171,-1.66955,1.30046,0.678918,-1.66955,1.28363,0.671062,-1.68749
0.210946,-1.00974,2.58958,-33.3699,838890655,-1.10557,0.667627,-1.55471,-1.11959,0.677063,-1.53874,-1.10726,0.695376,-1.53874,-1.09341,0.685693,-1.55471,-1.23506,0.754805,-1.72364,-1.25063,0.765286,-1.70591,-1.2368,0.785833,-1.70591,-1.22141,0.775077,-1.72364
0.174818,-1.04387,-3.06451,-26.2222,838891715,-1.28689,-0.110738,-1.62476,-1.30413,-0.111354,-1.60917,-1.30492,-0.0892915,-1.60917,-1.28767,-0.0889738,-1.62476,-1.43909,-0.116177,-1.79714,-1.45823,-0.116862,-1.77982,-1.45912,-0.0921076,-1.77982,-1.43996,-0.0917548,-1.79714
0.135056,-1.06103,2.34796,3.36516,838892177,-0.91383,0.912835,-1.66072,-0.925584,0.925871,-1.64521,-0.909176,0.940665,-1.64521,-0.897656,0.927418,-1.66072,-1.0146,1.0246,-1.83468,-1.02756,1.03897,-1.81758,-1.00927,1.05546,-1.81758,-0.99657,1.04085,-1.83468
0.189793,-1.06034,-3.04734,-17.3216,838892228,-1.2861,-0.132939,-1.66072,-1.30363,-0.133881,-1.64521,-1.30442,-0.111802,-1.64521,-1.28688,-0.111175,-1.66072,-1.4364,-0.140813,-1.83468,-1.45573,-0.141851,-1.81758,-1.45661,-0.117242,-1.81758,-1.43726,-0.11655,-1.83468
0.344288,-1.06031,-2.73279,-48.6986,838892246,-1.18191,-0.524343,-1.66072,-1.19829,-0.530655,-1.64521,-1.20586,-0.509901,-1.64521,-1.18937,-0.503884,-1.66072,-1.32242,-0.578272,-1.83468,-1.34048,-0.585233,-1.81758,-1.34892,-0.5621,-1.81758,-1.33074,-0.555465,-1.83468
0.144415,-1.07747,2.81775,19.9132,838892716,-1.22937,0.400713,-1.6971,-1.24591,0.407044,-1.68178,-1.23765,0.427534,-1.68178,-1.22123,0.420911,-1.6971,-1.36818,0.453979,-1.87262,-1.38643,0.46096,-1.85572,-1.37722,0.483799,-1.85572,-1.35911,0.476495,-1.87262
0.165367,-1.07818,3.08061,3.78923,838892731,-1.28993,0.067407,-1.6971,-1.30754,0.0692461,-1.68178,-1.30525,0.0912196,-1.68178,-1.28766,0.0890672,-1.6971,-1.43778,0.0828408,-1.87262,-1.45721,0.0848687,-1.85572,-1.45465,0.109361,-1.85572,-1.43526,0.106987,-1.87262
0.15887,-1.12889,0.792374,38.9403,838894136,0.899757,0.928526,-1.80898,0.91305,0.940938,-1.79421,0.927846,0.924532,-1.79421,0.914343,0.912354,-1.80898,1.00435,1.02622,-1.98905,1.01901,1.03991,-1.97277,1.0355,1.02162,-1.97277,1.02061,1.00819,-1.98905
0.204383,-1.152,2.55503,3.94225,838894749,-1.08194,0.705424,-1.8594,-1.09693,0.7163,-1.84468,-1.08395,0.734197,-1.84468,-1.06915,0.723054,-1.8594,-1.19635,0.788405,-2.04086,-1.21277,0.800314,-2.02474,-1.1984,0.820134,-2.02474,-1.18219,0.807931,-2.04086
0.159462,-1.15199,-0.444586,51.6574,838894937,1.17093,-0.545237,-1.8594,1.18729,-0.553922,-1.84468,1.17692,-0.57345,-1.84468,1.16072,-0.564472,-1.8594,1.29577,-0.611506,-2.04086,1.31368,-0.621016,-2.02474,1.30221,-0.642642,-2.02474,1.28446,-0.632812,-2.04086
0.234331,-1.16915,-0.444588,43.8322,838895449,1.17093,-0.545237,-1.89852,1.18742,-0.553989,-1.88398,1.17705,-0.573517,-1.88398,1.16072,-0.564472,-1.89852,1.2942,-0.610674,-2.08135,1.31226,-0.620258,-2.06543,1.30078,-0.641884,-2.06543,1.28289,-0.63198,-2.08135
0.41212,-1.18551,0.723333,-49.1592,838895668,0.961711,0.864308,-1.93814,0.976319,0.87616,-1.92378,0.989944,0.858748,-1.92378,0.975132,0.847158,-1.93814,1.06877,0.951062,-2.12232,1.08477,0.964039,-2.1066,1.09986,0.944757,-2.1066,1.08364,0.932066,-2.12232
0.205118,-1.18553,2.50318,-4.35663,838895770,-1.04505,0.761391,-1.93814,-1.05968,0.773216,-1.92378,-1.04548,0.790163,-1.92378,-1.03106,0.778085,-1.93814,-1.15217,0.848073,-2.12232,-1.16819,0.861021,-2.1066,-1.15247,0.879789,-2.1066,-1.13668,0.866563,-2.12232
0.253227,-1.18637,2.62797,-13.5237,838895777,-1.13042,0.624639,-1.93814,-1.14637,0.634595,-1.92378,-1.13467,0.653352,-1.92378,-1.11889,0.643114,-1.93814,-1.2473,0.697576,-2.12232,-1.26478,0.708478,-2.1066,-1.25182,0.72925,-2.1066,-1.23454,0.71804,-2.12232
0.168969,-1.21981,2.64514,3.54749,838896802,-1.14218,0.605788,-2.01894,-1.15854,0.61561,-2.00495,-1.14684,0.634367,-2.00495,-1.13065,0.624264,-2.01894,-1.25724,0.674824,-2.20576,-1.27516,0.685579,-2.19045,-1.2622,0.706351,-2.19045,-1.24447,0.695288,-2.20576
0.214313,-1.21973,3.06324,20.7068,838896826,-1.28987,0.0898695,-2.01894,-1.30882,0.0921849,-2.00495,-1.30575,0.11408,-2.00495,-1.28685,0.111437,-2.01894,-1.42307,0.106129,-2.20576,-1.44381,0.108664,-2.19045,-1.44042,0.132912,-2.19045,-1.41973,0.130018,-2.20576
0.207691,-1.2197,-1.75465,-41.7944,838896910,-0.225216,-1.27327,-2.01894,-0.229499,-1.29187,-2.00495,-0.250954,-1.28654,-2.00495,-0.246351,-1.26802,-2.01894,-0.255303,-1.40404,-2.20576,-0.259992,-1.42441,-2.19045,-0.283753,-1.4185,-2.19045,-0.278712,-1.39822,-2.20576
0.234323,-1.23771,2.97702,-4.3623,838897333,-1.27588,0.200344,-2.06045,-1.29482,0.204356,-2.04655,-1.29023,0.225998,-2.04655,-1.27137,0.221649,-2.06045,-1.40547,0.227803,-2.24849,-1.42607,0.232167,-2.23337,-1.42102,0.255984,-2.23337,-1.4005,0.251255,-2.24849
0.195511,-1.25405,-0.112873,47.8641,838897668,1.28595,-0.134319,-2.10248,1.3052,-0.13735,-2.08876,1.30137,-0.159139,-2.08876,1.28219,-0.155769,-2.10248,1.41512,-0.154779,-2.29171,1.43606,-0.158076,-2.27678,1.43185,-0.182055,-2.27678,1.41098,-0.17839,-2.29171
0.266698,-1.40889,3.11506,37.7536,838902461,-1.2915,0.0228626,-2.5098,-1.3123,0.0243012,-2.49743,-1.31077,0.0463942,-2.49743,-1.29,0.0445885,-2.5098,-1.40707,0.030858,-2.7085,-1.42941,0.032403,-2.69522,-1.42774,0.0564341,-2.69522,-1.40544,0.0544948,-2.7085
0.149919,-1.47672,0.236159,-2.38585,838904344,1.25434,0.313605,-2.70935,1.27517,0.317667,-2.69763,1.27903,0.29586,-2.69763,1.25814,0.292161,-2.70935,1.36195,0.334599,-2.91156,1.38432,0.33896,-2.89897,1.38852,0.315241,-2.89897,1.36608,0.311268,-2.91156
0.130398,-1.47747,1.82233,-13.4067,838904435,-0.332517,1.24811,-2.70935,-0.336946,1.26887,-2.69763,-0.315288,1.27349,-2.69763,-0.311219,1.25266,-2.70935,-0.355396,1.35532,-2.91156,-0.360153,1.37761,-2.89897,-0.336595,1.38264,-2.89897,-0.332225,1.36027,-2.91156
0.157096,-1.47759,2.27885,25.3799,838904461,-0.848602,0.973595,-2.70935,-0.861677,0.990308,-2.69763,-0.844235,1.00395,-2.69763,-0.83145,0.987014,-2.70935,-0.916147,1.05993,-2.91156,-0.930189,1.07788,-2.89897,-0.911217,1.09273,-2.89897,-0.897485,1.07453,-2.91156
0.589105,0.0117298,-1.63306,-5.3564,838927125,-0.0912965,-1.28972,0.0269319,-0.091307,-1.28972,0.00338404,-0.0695187,-1.28974,0.00338404,-0.0695188,-1.28974,0.0269319,-0.0955129,-1.51972,0.028832,-0.0955242,-1.51972,0.00338404,-0.0697217,-1.51974,0.00338404,-0.0697217,-1.51974,0.028832
0.115868,0.0117304,-1.24948,12.548,838927147,0.397988,-1.2301,0.026932,0.397978,-1.23011,0.00338406,0.418187,-1.22196,0.00338402,0.418187,-1.22196,0.0269319,0.480242,-1.44493,0.0288321,0.480232,-1.44493,0.00338407,0.504164,-1.43529,0.00338402,0.504164,-1.43529,0.028832
0.87646,0.0117295,-1.142,-5.90131,838927153,0.52767,-1.18038,0.0269319,0.527661,-1.18038,0.00338402,0.54691,-1.17017,0.00338406,0.54691,-1.17017,0.026932,0.631892,-1.38545,0.028832,0.631882,-1.38545,0.00338402,0.654677,-1.37336,0.00338407,0.654677,-1.37336,0.0288321
0.117253,0.0858677,0.236924,32.2649,838928920,1.25802,0.29255,0.122801,1.25877,0.292763,0.0992656,1.25279,0.313713,0.0992656,1.25204,0.31349,0.122801,1.479,0.35566,0.132267,1.47981,0.355889,0.106833,1.47272,0.3807,0.106832,1.47192,0.380459,0.132267
0.169745,0.0858659,1.84026,10.1583,838929012,-0.333339,1.24789,0.122801,-0.333577,1.24863,0.0992656,-0.354305,1.24192,0.0992656,-0.354057,1.24118,0.122801,-0.404156,1.46652,0.132267,-0.404414,1.46732,0.106832,-0.428961,1.45937,0.106832,-0.428692,1.45858,0.132267
0.116854,0.0858752,-1.2323,-0.980441,838929196,0.418575,-1.22181,0.122801,0.418864,-1.22252,0.0992656,0.439073,-1.21438,0.0992656,0.438774,-1.21367,0.122801,0.504482,-1.43496,0.132267,0.504795,-1.43574,0.106832,0.528727,-1.42609,0.106832,0.528403,-1.42532,0.132267
0.213614,0.121195,0.0949457,49.4693,838929936,1.28682,0.11158,0.168009,1.2881,0.11176,0.145871,1.28509,0.133368,0.145871,1.28381,0.133149,0.168009,1.51399,0.143296,0.185468,1.5155,0.143508,0.159326,1.51194,0.169069,0.159326,1.51043,0.168811,0.185468
0.267412,0.121189,-1.71941,-10.1598,838930192,-0.202046,-1.2758,0.168009,-0.202183,-1.2771,0.145871,-0.180487,-1.2794,0.145871,-0.18039,-1.2781,0.168009,-0.226241,-1.5039,0.185468,-0.226403,-1.50542,0.159326,-0.200738,-1.50814,0.159326,-0.200623,-1.50661,0.185468
0.135548,0.138427,-1.80559,7.02872,838930699,-0.311407,-1.25494,0.190634,-0.31174,-1.25659,0.168522,-0.290257,-1.2604,0.168522,-0.289964,-1.25874,0.190634,-0.355329,-1.47975,0.212083,-0.355723,-1.4817,0.185971,-0.33031,-1.48621,0.185971,-0.329963,-1.48425,0.212083
0.143538,0.138425,-1.70205,-34.3236,838930705,-0.180043,-1.28043,0.190634,-0.180202,-1.2821,0.168522,-0.158439,-1.28365,0.168522,-0.15832,-1.28197,0.190634,-0.200208,-1.50861,0.212083,-0.200395,-1.51059,0.185971,-0.174651,-1.51241,0.185971,-0.17451,-1.51043,0.212083
0.367732,0.138563,-1.5429,-0.960307,838930714,0.0251028,-1.29127,0.190634,0.0252184,-1.29295,0.168522,0.0469845,-1.29145,0.168522,0.0468292,-1.28978,0.190634,0.0408299,-1.51977,0.212083,0.0409663,-1.52175,0.185971,0.0667145,-1.51998,0.185971,0.0665312,-1.518,0.212083
0.140234,0.155762,-1.87461,-26.959,838931207,-0.397188,-1.23036,0.213293,-0.397729,-1.23236,0.191214,-0.376565,-1.23766,0.191213,-0.376063,-1.23565,0.213293,-0.456599,-1.45117,0.238724,-0.457237,-1.45353,0.212651,-0.432202,-1.4598,0.212651,-0.431609,-1.45743,0.238724
0.177903,0.155767,-1.5985,18.9574,838931223,-0.0467342,-1.29204,0.213293,-0.0467036,-1.29411,0.191213,-0.0248986,-1.29336,0.191214,-0.024969,-1.2913,0.213293,-0.0429329,-1.52067,0.238724,-0.0428967,-1.52311,0.212651,-0.0171026,-1.52223,0.212651,-0.0171857,-1.51979,0.238724
0.168815,0.173061,-1.84009,-1.26847,838931721,-0.354512,-1.2434,0.235992,-0.355063,-1.24579,0.213952,-0.333727,-1.25035,0.213952,-0.333215,-1.24795,0.235992,-0.406075,-1.46568,0.265397,-0.406726,-1.4685,0.239371,-0.381486,-1.47389,0.239371,-0.380881,-1.47106,0.265397
0.274454,0.17308,-1.56005,-9.6535,838931737,0.00295859,-1.2928,0.235992,0.00308717,-1.29525,0.213952,0.0248533,-1.29375,0.213952,0.024685,-1.2913,0.235992,0.01465,-1.52068,0.265397,0.0148018,-1.52357,0.239371,0.04055,-1.5218,0.239371,0.0403513,-1.51891,0.265397
0.64059,0.173225,-1.54289,-1.33117,838931738,0.0251028,-1.29127,0.235992,0.0252711,-1.29372,0.213952,0.0470372,-1.29222,0.213952,0.0468292,-1.28978,0.235992,0.0407691,-1.51888,0.265397,0.0409679,-1.52177,0.239371,0.066716,-1.52,0.239371,0.0664704,-1.51711,0.265397
0.131502,0.190564,-1.68486,-4.87987,838932242,-0.157902,-1.282,0.258872,-0.158103,-1.28484,0.236756,-0.136307,-1.28639,0.236756,-0.136179,-1.28354,0.258872,-0.173991,-1.50904,0.292181,-0.174228,-1.51238,0.26615,-0.148503,-1.51421,0.26615,-0.148352,-1.51086,0.292181
0.362445,0.190418,-1.59849,7.39921,838932247,-0.0467346,-1.29204,0.258872,-0.0467107,-1.29489,0.236756,-0.0248724,-1.29415,0.236756,-0.0249694,-1.2913,0.258872,-0.0429094,-1.51965,0.292181,-0.0428813,-1.52301,0.26615,-0.0171065,-1.52213,0.26615,-0.0172207,-1.51877,0.292181
0.746702,0.19059,-1.58132,-0.390558,838932248,-0.02455,-1.29128,0.258872,-0.024453,-1.29413,0.236756,-0.00261464,-1.29339,0.236756,-0.00278481,-1.29054,0.258872,-0.0168013,-1.51876,0.292181,-0.0166871,-1.52211,0.26615,0.00908774,-1.52124,0.26615,0.00888743,-1.51789,0.292181
0.228125,0.207784,-1.59848,-0.488248,838932759,-0.0467346,-1.29204,0.281796,-0.0466978,-1.29527,0.259733,-0.0248595,-1.29452,0.259733,-0.0249694,-1.2913,0.281796,-0.0429299,-1.51905,0.319,-0.0428867,-1.52285,0.293029,-0.0171119,-1.52197,0.293029,-0.0172412,-1.51817,0.319
0.244248,0.207761,-1.4565,3.37153,838932767,0.136587,-1.28576,0.281796,0.137072,-1.28896,0.259733,0.158595,-1.28518,0.259733,0.158038,-1.282,0.281796,0.171913,-1.51004,0.319,0.172484,-1.5138,0.293029,0.197886,-1.50934,0.293029,0.19723,-1.5056,0.319
0.114146,0.207937,-1.40482,0.510629,838932770,0.202592,-1.27572,0.281796,0.20326,-1.27888,0.259733,0.224638,-1.27435,0.259733,0.223899,-1.27121,0.281796,0.24957,-1.49781,0.319,0.250357,-1.50153,0.293029,0.275588,-1.49619,0.293029,0.274718,-1.49249,0.319
0.977416,0.207942,-1.33579,0.225565,838932774,0.29009,-1.25869,0.281796,0.290977,-1.26179,0.259733,0.311987,-1.25579,0.259733,0.31103,-1.25271,0.281796,0.352457,-1.47696,0.319,0.353501,-1.48061,0.293029,0.378298,-1.47353,0.293029,0.377172,-1.4699,0.319
0.168701,0.207958,-1.26676,1.29124,838932778,0.376185,-1.23559,0.281796,0.377287,-1.23863,0.259733,0.397826,-1.23117,0.259733,0.396656,-1.22816,0.281796,0.453637,-1.44898,0.319,0.454934,-1.45255,0.293029,0.479176,-1.44375,0.293029,0.477799,-1.44021,0.319
0.104462,0.20779,-1.21098,-0.733666,838932781,0.444943,-1.21382,0.281796,0.446186,-1.2168,0.259733,0.466157,-1.20794,0.259733,0.464848,-1.20499,0.281796,0.53346,-1.42289,0.319,0.534923,-1.4264,0.293029,0.558494,-1.41594,0.293029,0.556953,-1.41247,0.319
0.11724,0.207778,-1.17646,23.6138,838932783,0.486598,-1.19782,0.281796,0.487945,-1.20076,0.259733,0.507594,-1.1912,0.259733,0.506182,-1.1883,0.281796,0.582363,-1.40368,0.319,0.583948,-1.40713,0.293029,0.60714,-1.39585,0.293029,0.605478,-1.39243,0.319
0.0983067,0.207953,-1.15929,-13.5671,838932784,0.50656,-1.18811,0.281796,0.507972,-1.19101,0.259733,0.527621,-1.18146,0.259733,0.526144,-1.17859,0.281796,0.605855,-1.39225,0.319,0.607517,-1.39567,0.293029,0.630709,-1.38438,0.293029,0.628969,-1.38101,0.319
0.100225,0.225131,-1.24941,-17.4645,838933291,0.397987,-1.2301,0.304781,0.399267,-1.23348,0.282776,0.419534,-1.22531,0.282776,0.418186,-1.22196,0.304781,0.478953,-1.4415,0.345868,0.480459,-1.44547,0.319967,0.504379,-1.43583,0.319967,0.502793,-1.43189,0.345868
0.474156,0.225138,-1.21097,1.56568,838933293,0.444943,-1.21382,0.304781,0.446339,-1.21715,0.282776,0.466311,-1.20828,0.282776,0.464848,-1.20499,0.304781,0.533188,-1.42228,0.345868,0.534831,-1.4262,0.319967,0.558402,-1.41573,0.319967,0.55668,-1.41185,0.345868
0.128398,0.242453,0.917953,28.6513,838933567,0.794044,1.02032,0.327834,0.796335,1.02357,0.305894,0.778233,1.03581,0.305894,0.776003,1.03251,0.327834,0.923648,1.20501,0.372792,0.926345,1.20885,0.346968,0.90498,1.22329,0.346968,0.902355,1.21941,0.372792
0.126686,0.242644,-1.68484,-10.2126,838933778,-0.157902,-1.282,0.327834,-0.158183,-1.28597,0.305894,-0.136387,-1.28751,0.305894,-0.136179,-1.28354,0.327834,-0.173849,-1.50703,0.372792,-0.17418,-1.51171,0.346968,-0.148455,-1.51353,0.346967,-0.14821,-1.50885,0.372792
0.0690742,0.242639,-1.37029,-2.19106,838933796,0.24649,-1.26797,0.327834,0.24745,-1.27183,0.305894,0.268657,-1.26657,0.305894,0.267626,-1.26272,0.327834,0.300857,-1.48692,0.372792,0.301986,-1.49147,0.346967,0.327016,-1.48525,0.346968,0.325803,-1.48072,0.372792
0.0151286,0.242432,-1.35294,-1.97066,838933797,0.268747,-1.26479,0.327834,0.26977,-1.26864,0.305894,0.29078,-1.26263,0.305894,0.289686,-1.2588,0.327834,0.326952,-1.48278,0.372792,0.328157,-1.48731,0.346967,0.352955,-1.48023,0.346968,0.351667,-1.47572,0.372793
0.00144566,0.242644,-1.33578,-3.26949,838933798,0.29009,-1.25869,0.327834,0.291184,-1.26252,0.305894,0.312194,-1.25652,0.305894,0.31103,-1.25271,0.327834,0.35207,-1.47561,0.372792,0.353358,-1.48011,0.346967,0.378155,-1.47303,0.346967,0.376785,-1.46854,0.372792
0.0054927,0.242438,-1.31843,-3.6258,838933799,0.312222,-1.25473,0.327834,0.313379,-1.25854,0.305894,0.334167,-1.25181,0.305894,0.33294,-1.24802,0.327834,0.378006,-1.47056,0.372792,0.379368,-1.47505,0.346967,0.403903,-1.4671,0.346968,0.402459,-1.46264,0.372792
-0.020538,0.242651,-1.30127,-2.47274,838933800,0.333339,-1.24789,0.327834,0.334566,-1.25168,0.305894,0.355354,-1.24495,0.305894,0.354057,-1.24118,0.327834,0.402858,-1.46251,0.372792,0.404302,-1.46697,0.346967,0.428837,-1.45903,0.346967,0.427311,-1.45459,0.372792
-0.0689398,0.242447,-1.28391,-2.07127,838933801,0.35532,-1.24317,0.327834,0.35661,-1.24694,0.305894,0.377149,-1.23948,0.305894,0.375791,-1.23574,0.327834,0.428601,-1.45657,0.372793,0.43012,-1.461,0.346968,0.454362,-1.4522,0.346967,0.452763,-1.4478,0.372792
0.0468071,0.242663,-1.26675,-2.69178,838933802,0.376185,-1.23559,0.327834,0.377544,-1.23934,0.305894,0.398084,-1.23188,0.305894,0.396656,-1.22816,0.327834,0.453157,-1.44765,0.372793,0.454756,-1.45206,0.346968,0.478999,-1.44326,0.346968,0.477318,-1.43889,0.372792
-0.00609715,0.24246,-1.2494,-2.70302,838933803,0.397987,-1.2301,0.327834,0.399408,-1.23382,0.305894,0.419675,-1.22566,0.305894,0.418186,-1.22196,0.327834,0.478677,-1.44081,0.372792,0.480349,-1.44519,0.346967,0.50427,-1.43555,0.346967,0.502517,-1.43121,0.372792
0.120369,0.242669,-1.19379,3.69283,838933806,0.465231,-1.20481,0.327834,0.466847,-1.20845,0.305894,0.486818,-1.19959,0.305894,0.485136,-1.19598,0.327834,0.556765,-1.41101,0.372792,0.558667,-1.41529,0.346967,0.582238,-1.40483,0.346968,0.580258,-1.40058,0.372793
0.135625,0.259741,-1.702,8.4793,838934289,-0.180044,-1.28043,0.350962,-0.180425,-1.28477,0.329094,-0.158628,-1.28631,0.329094,-0.15832,-1.28197,0.350962,-0.19985,-1.50438,0.399779,-0.200299,-1.50949,0.374038,-0.174573,-1.51132,0.374038,-0.174211,-1.5062,0.399779
0.117365,0.259963,-1.37028,-5.46279,838934308,0.24649,-1.26797,0.350962,0.24754,-1.2722,0.329094,0.268747,-1.26693,0.329094,0.267626,-1.26272,0.350962,0.300663,-1.48614,0.399779,0.301899,-1.49112,0.374038,0.326929,-1.4849,0.374038,0.325609,-1.47994,0.399779
0.131398,0.259741,-1.35293,-2.71944,838934309,0.268747,-1.26479,0.350962,0.269873,-1.269,0.329094,0.290884,-1.26299,0.329094,0.289686,-1.25881,0.350962,0.326732,-1.48201,0.399779,0.328058,-1.48697,0.374038,0.352855,-1.47988,0.374038,0.351446,-1.47495,0.399779
0.246332,0.259968,-1.33577,8.63691,838934310,0.29009,-1.25869,0.350962,0.291287,-1.26288,0.329094,0.312297,-1.25688,0.329094,0.31103,-1.25271,0.350962,0.35185,-1.47483,0.399779,0.353259,-1.47977,0.374038,0.378056,-1.47268,0.374038,0.376564,-1.46777,0.399779
0.154596,0.259748,-1.31842,-5.35197,838934311,0.312222,-1.25473,0.350962,0.313495,-1.2589,0.329094,0.334283,-1.25217,0.329094,0.33294,-1.24802,0.350962,0.377758,-1.4698,0.399779,0.379257,-1.47471,0.374038,0.403792,-1.46676,0.374038,0.402211,-1.46188,0.399779
0.224197,0.259976,-1.30126,-5.93599,838934312,0.333339,-1.24789,0.350962,0.334682,-1.25204,0.329094,0.35547,-1.24531,0.329094,0.354057,-1.24118,0.350962,0.40261,-1.46175,0.399779,0.404191,-1.46663,0.374038,0.428726,-1.45868,0.374038,0.427063,-1.45383,0.399779
0.556097,0.259758,-1.28391,0.0897028,838934313,0.35532,-1.24317,0.350962,0.356738,-1.24729,0.329094,0.377277,-1.23983,0.329094,0.375791,-1.23574,0.350962,0.428327,-1.45581,0.399779,0.429996,-1.46066,0.374038,0.454238,-1.45186,0.374038,0.452489,-1.44704,0.399779
0.191065,0.259988,-1.26674,-0.5967,838934314,0.376185,-1.23559,0.350962,0.377672,-1.23969,0.329094,0.398212,-1.23223,0.329094,0.396656,-1.22816,0.350962,0.452883,-1.4469,0.399779,0.454633,-1.45172,0.374038,0.478875,-1.44292,0.374038,0.477044,-1.43813,0.399779
0.0623312,0.259772,-1.24939,-39.3688,838934315,0.397987,-1.2301,0.350962,0.399548,-1.23417,0.329094,0.419815,-1.226,0.329094,0.418186,-1.22196,0.350962,0.478377,-1.44007,0.399779,0.480214,-1.44486,0.374038,0.504134,-1.43522,0.374038,0.502217,-1.43046,0.399779
0.0471968,0.277324,-1.37027,41.2684,838934820,0.24649,-1.26797,0.374308,0.247637,-1.27258,0.352398,0.268875,-1.26731,0.352398,0.267626,-1.26272,0.374308,0.300459,-1.48531,0.42688,0.301802,-1.49072,0.4012,0.326786,-1.48452,0.4012,0.325322,-1.47914,0.42688
1.79315,0.277088,-1.35293,0.0119152,838934821,0.268746,-1.26479,0.374308,0.269952,-1.26939,0.352398,0.290993,-1.26338,0.352398,0.289686,-1.25881,0.374308,0.326579,-1.48117,0.42688,0.327992,-1.48657,0.4012,0.352744,-1.47949,0.4012,0.351212,-1.47413,0.42688
2.27485,0.277329,-1.33576,0.75739,838934822,0.290091,-1.25869,0.374308,0.291397,-1.26326,0.352398,0.312439,-1.25725,0.352398,0.31103,-1.25271,0.374308,0.351617,-1.47402,0.42688,0.353149,-1.47938,0.4012,0.3779,-1.4723,0.4012,0.376249,-1.46698,0.42688
0.587731,0.277095,-1.31842,1.1963,838934823,0.312222,-1.25473,0.374308,0.313587,-1.25929,0.352398,0.334405,-1.25255,0.352398,0.33294,-1.24802,0.374308,0.377577,-1.46896,0.42688,0.379177,-1.47431,0.4012,0.403667,-1.46637,0.4012,0.401949,-1.46107,0.42688
0.234139,0.277338,-1.30125,-10.5221,838934824,0.33334,-1.24789,0.374308,0.334806,-1.25242,0.352398,0.355624,-1.24568,0.352398,0.354058,-1.24118,0.374308,0.402349,-1.46094,0.42688,0.404067,-1.46624,0.4012,0.428557,-1.45831,0.4012,0.426721,-1.45305,0.42688
1.67688,0.277106,-1.2839,0.917166,838934825,0.355319,-1.24317,0.374308,0.356843,-1.24768,0.352398,0.377413,-1.24021,0.352398,0.37579,-1.23574,0.374308,0.428117,-1.45499,0.42688,0.429903,-1.46027,0.4012,0.4541,-1.45149,0.4012,0.452198,-1.44624,0.42688
1.04324,0.277351,-1.26673,-0.564648,838934826,0.376186,-1.23559,0.374308,0.377809,-1.24007,0.352398,0.398379,-1.2326,0.352398,0.396657,-1.22816,0.374308,0.452594,-1.4461,0.42688,0.454496,-1.45134,0.4012,0.478694,-1.44256,0.4012,0.476675,-1.43736,0.42688
0.0377726,0.27712,-1.24939,-3.23592,838934827,0.397987,-1.2301,0.374308,0.399667,-1.23456,0.352398,0.419964,-1.22638,0.352398,0.418186,-1.22196,0.374308,0.478138,-1.43925,0.42688,0.480107,-1.44447,0.4012,0.503983,-1.43484,0.4012,0.501899,-1.42967,0.42688
0.102016,0.29449,-1.59844,6.29613,838935319,-0.0467351,-1.29204,0.397732,-0.0466663,-1.29716,0.375905,-0.0247956,-1.29642,0.375905,-0.0249699,-1.2913,0.397732,-0.0429808,-1.51507,0.454045,-0.0429001,-1.52108,0.428462,-0.0171726,-1.5202,0.428462,-0.017377,-1.5142,0.454045
0.0583703,0.294706,-1.37027,-7.31648,838935332,0.24649,-1.26797,0.397732,0.247725,-1.27294,0.375905,0.268964,-1.26767,0.375905,0.267626,-1.26272,0.397732,0.300239,-1.48443,0.454045,0.301686,-1.49026,0.428462,0.32667,-1.48405,0.428462,0.325103,-1.47825,0.454045
0.471873,0.294456,-1.35292,-0.961573,838935333,0.268746,-1.26479,0.397732,0.270052,-1.26974,0.375905,0.291093,-1.26373,0.375905,0.289686,-1.25881,0.397732,0.326329,-1.48029,0.454045,0.32786,-1.4861,0.428462,0.352611,-1.47903,0.428462,0.350962,-1.47326,0.454045
1.1881,0.294711,-1.33575,0.592684,838935334,0.290091,-1.25869,0.397732,0.291498,-1.26362,0.375905,0.312539,-1.2576,0.375905,0.31103,-1.25271,0.397732,0.351366,-1.47314,0.454045,0.353016,-1.47891,0.428462,0.377768,-1.47184,0.428462,0.375999,-1.4661,0.454045
0.0946014,0.294463,-1.31841,19.0894,838935335,0.312222,-1.25473,0.397732,0.3137,-1.25964,0.375905,0.334518,-1.2529,0.375905,0.33294,-1.24802,0.397732,0.377296,-1.4681,0.454045,0.379028,-1.47385,0.428462,0.403518,-1.46592,0.428462,0.401668,-1.4602,0.454045
0.022157,0.29472,-1.30124,-2.91293,838935336,0.33334,-1.24789,0.397732,0.334919,-1.25277,0.375905,0.355737,-1.24602,0.375905,0.354058,-1.24118,0.397732,0.402068,-1.46007,0.454045,0.403918,-1.46579,0.428462,0.428408,-1.45785,0.428462,0.42644,-1.45218,0.454045
0.0491734,0.294475,-1.28389,-24.0673,838935337,0.355319,-1.24317,0.397732,0.356968,-1.24802,0.375905,0.377538,-1.24055,0.375905,0.37579,-1.23574,0.397732,0.427806,-1.45413,0.454045,0.429738,-1.45981,0.428462,0.453936,-1.45103,0.428462,0.451887,-1.44539,0.454045
-0.0500021,0.294734,-1.26672,-3.25278,838935338,0.376186,-1.23559,0.397732,0.377934,-1.24041,0.375905,0.398504,-1.23294,0.375905,0.396657,-1.22816,0.397732,0.452283,-1.44524,0.454045,0.454331,-1.45089,0.428462,0.478529,-1.44211,0.428462,0.476364,-1.4365,0.454045
0.0365079,0.29449,-1.24938,-1.50829,838935339,0.397987,-1.2301,0.397732,0.399804,-1.23489,0.375905,0.420101,-1.22671,0.375905,0.418186,-1.22196,0.397732,0.477797,-1.4384,0.454045,0.479927,-1.44402,0.428462,0.503803,-1.4344,0.428462,0.501558,-1.42883,0.454045
0.115156,0.311851,-1.56,12.0694,838935833,0.00295761,-1.2928,0.421251,0.0032291,-1.29828,0.399514,0.0250608,-1.29678,0.399514,0.024684,-1.2913,0.421251,0.0143741,-1.5146,0.48129,0.0146923,-1.52102,0.455811,0.0403739,-1.51925,0.455811,0.0399322,-1.51284,0.48129
0.0217444,0.312069,-1.37026,-2.75439,838935844,0.24649,-1.26797,0.421251,0.247813,-1.27329,0.399514,0.269051,-1.26802,0.399514,0.267626,-1.26272,0.421251,0.300004,-1.48348,0.48129,0.301554,-1.48973,0.455811,0.326538,-1.48352,0.455811,0.324868,-1.47731,0.48129
0.0602951,0.311806,-1.35291,55.4692,838935845,0.268746,-1.26479,0.421251,0.270152,-1.27009,0.399514,0.291194,-1.26408,0.399514,0.289686,-1.25881,0.421251,0.326061,-1.47936,0.48129,0.32771,-1.48558,0.455811,0.352461,-1.4785,0.455811,0.350694,-1.47232,0.48129
0.0287579,0.312075,-1.33575,-3.88889,838935846,0.29009,-1.25869,0.421251,0.291598,-1.26397,0.399514,0.31264,-1.25795,0.399514,0.31103,-1.25271,0.421251,0.351099,-1.4722,0.48129,0.352866,-1.47839,0.455811,0.377618,-1.47132,0.455811,0.375732,-1.46517,0.48129
-0.0298419,0.311813,-1.3184,-3.42573,838935847,0.312221,-1.25473,0.421251,0.313812,-1.25999,0.399514,0.334631,-1.25324,0.399514,0.33294,-1.24802,0.421251,0.376996,-1.46717,0.48129,0.37886,-1.47333,0.455811,0.40335,-1.4654,0.455811,0.401368,-1.45928,0.48129
0.0323075,0.312085,-1.30123,-2.78566,838935848,0.33334,-1.24789,0.421251,0.335031,-1.25311,0.399514,0.355849,-1.24637,0.399514,0.354058,-1.24118,0.421251,0.401768,-1.45915,0.48129,0.40375,-1.46527,0.455811,0.42824,-1.45733,0.455811,0.42614,-1.45125,0.48129
-0.0076988,0.311825,-1.28389,-2.31824,838935849,0.355319,-1.24317,0.421251,0.357092,-1.24836,0.399514,0.377663,-1.2409,0.399514,0.37579,-1.23574,0.421251,0.427473,-1.45321,0.48129,0.429552,-1.4593,0.455811,0.453749,-1.45052,0.455811,0.451555,-1.44447,0.48129
-0.0191953,0.312099,-1.26672,-3.62352,838935850,0.376186,-1.23559,0.421251,0.378058,-1.24075,0.399514,0.398628,-1.23329,0.399514,0.396657,-1.22816,0.421251,0.45195,-1.44433,0.48129,0.454145,-1.45037,0.455811,0.478343,-1.44159,0.455811,0.476032,-1.43559,0.48129
0.0587253,0.311842,-1.24937,28.008,838935851,0.397987,-1.2301,0.421251,0.39994,-1.23523,0.399514,0.420237,-1.22705,0.399514,0.418186,-1.22196,0.421251,0.477433,-1.4375,0.48129,0.479722,-1.44351,0.455811,0.503599,-1.43389,0.455811,0.501194,-1.42792,0.48129
0.119117,0.329159,-1.63294,10.8757,838936341,-0.0912977,-1.28972,0.444874,-0.0914085,-1.29557,0.423231,-0.0695251,-1.29559,0.423231,-0.0695199,-1.28974,0.444874,-0.0953335,-1.51074,0.508621,-0.0954634,-1.5176,0.483254,-0.069721,-1.51762,0.483254,-0.0697149,-1.51076,0.508621
0.0959115,0.346449,-1.73648,6.00603,838936847,-0.22412,-1.27346,0.468606,-0.22488,-1.27963,0.447065,-0.203119,-1.28194,0.447065,-0.202464,-1.27576,0.468606,-0.251138,-1.49176,0.536045,-0.252029,-1.49898,0.510795,-0.22643,-1.5017,0.510795,-0.225662,-1.49446,0.536045
0.103744,0.346467,-1.14188,-2.42669,838936881,0.527669,-1.18038,0.468607,0.530487,-1.18591,0.447065,0.549819,-1.17566,0.447065,0.546908,-1.17017,0.468606,0.627323,-1.37647,0.536045,0.630625,-1.38296,0.510795,0.653367,-1.37089,0.510795,0.649955,-1.36446,0.536045
0.106723,0.381234,-1.17639,3.6345,838937903,0.486597,-1.19782,0.51674,0.48952,-1.20414,0.49528,0.509227,-1.19456,0.49528,0.506181,-1.1883,0.51674,0.578429,-1.39515,0.591284,0.581837,-1.40252,0.566263,0.604921,-1.39129,0.566263,0.60137,-1.38399,0.591284
0.129287,0.381545,-1.15921,4.23146,838937904,0.506561,-1.18811,0.51674,0.509607,-1.19437,0.49528,0.529314,-1.18479,0.49528,0.526145,-1.17859,0.51674,0.601749,-1.38381,0.591284,0.605301,-1.39111,0.566263,0.628385,-1.37988,0.566263,0.62469,-1.37265,0.591284
0.147242,0.472951,-0.952101,-1.21788,838940476,0.740043,-1.05863,0.646197,0.745372,-1.06546,0.62537,0.762675,-1.05197,0.62537,0.757216,-1.04523,0.646196,0.869781,-1.22499,0.737862,0.875957,-1.23292,0.713722,0.896125,-1.21719,0.713722,0.889798,-1.20939,0.737862
0.219656,0.490257,-0.883063,-9.40978,838940992,0.811216,-1.00496,0.671209,0.817225,-1.01164,0.65052,0.833544,-0.996975,0.65052,0.827413,-0.990401,0.671209,0.95128,-1.16078,0.766148,0.958245,-1.16853,0.742167,0.977266,-1.15144,0.742167,0.970159,-1.14382,0.766148
0.15022,0.507426,-1.09014,-13.4765,838941492,0.587343,-1.15043,0.696394,0.59199,-1.15849,0.675848,0.611004,-1.14754,0.675848,0.606214,-1.13956,0.696394,0.69117,-1.33068,0.794583,0.696556,-1.34003,0.770768,0.718718,-1.32727,0.770768,0.713166,-1.31801,0.794583
0.14472,0.507012,-1.0728,8.686,838941493,0.607858,-1.14124,0.696394,0.612643,-1.14922,0.675848,0.631263,-1.13762,0.675848,0.626338,-1.12972,0.696394,0.714857,-1.31966,0.794583,0.720404,-1.32892,0.770768,0.742106,-1.31539,0.770768,0.736397,-1.30623,0.794583
0.152477,0.524267,-1.17633,8.15608,838941999,0.486596,-1.19782,0.721761,0.490659,-1.20655,0.701362,0.510392,-1.19695,0.701362,0.50618,-1.1883,0.721761,0.573664,-1.38507,0.823177,0.578373,-1.39518,0.799532,0.601372,-1.384,0.799532,0.596491,-1.37396,0.823177
0.154358,0.54148,-0.861785,10.1768,838942529,0.833259,-0.988442,0.747269,0.840004,-0.995717,0.727072,0.855824,-0.980474,0.727072,0.848941,-0.973331,0.747269,0.972964,-1.13842,0.851731,0.980734,-1.1468,0.828468,0.999069,-1.12913,0.828468,0.991141,-1.12091,0.851731
0.239831,0.54145,-0.827268,-2.10648,838942531,0.86693,-0.959159,0.747269,0.873925,-0.966195,0.727072,0.889203,-0.950408,0.727072,0.882075,-0.94351,0.747269,1.01179,-1.10417,0.851731,1.01985,-1.11227,0.828468,1.03755,-1.09397,0.828468,1.02934,-1.08603,0.851731
0.000171071,0.644138,2.31436,-2.82289,838945423,-0.866929,0.95916,0.904837,-0.875205,0.96747,0.885485,-0.8905,0.951665,0.885484,-0.882074,0.943511,0.904837,-1.00477,1.09716,1.02681,-1.01423,1.10667,1.00467,-1.03186,1.08846,1.00467,-1.02222,1.07913,1.02681
-0.0124873,0.644622,2.33154,-3.32504,838945424,-0.882371,0.943203,0.904837,-0.890798,0.951358,0.885485,-0.906093,0.935553,0.885485,-0.897516,0.927554,0.904837,-1.02251,1.07883,1.02681,-1.03215,1.08815,1.00467,-1.04977,1.06995,1.00467,-1.03996,1.0608,1.02681
0.0138718,0.644111,2.34888,-2.64145,838945425,-0.899557,0.92872,0.904837,-0.908118,0.936736,0.885485,-0.922852,0.920406,0.885485,-0.914146,0.912551,0.904837,-1.04213,1.06183,1.02681,-1.05192,1.07099,1.00467,-1.0689,1.05218,1.00467,-1.05894,1.0432,1.02681
-0.119475,0.644599,2.36605,-3.56658,838945426,-0.914433,0.912233,0.904837,-0.923138,0.920089,0.885485,-0.937872,0.903759,0.885485,-0.929022,0.896064,0.904837,-1.05923,1.04288,1.02681,-1.06918,1.05186,1.00467,-1.08616,1.03305,1.00467,-1.07603,1.02425,1.02681
0.0370345,0.644093,2.38339,-3.56093,838945427,-0.931102,0.897159,0.904837,-0.939937,0.90487,0.885485,-0.954092,0.888036,0.885485,-0.945117,0.88049,0.904837,-1.07824,1.0252,1.02681,-1.08835,1.03402,1.00467,-1.10465,1.01463,1.00467,-1.09439,1.006,1.02681
-0.105617,0.644585,2.40057,-3.50896,838945428,-0.945393,0.880162,0.904837,-0.954367,0.887709,0.885485,-0.968522,0.870875,0.885485,-0.959408,0.863494,0.904837,-1.09466,1.00567,1.02681,-1.10493,1.0143,1.00467,-1.12123,0.99491,1.00467,-1.11081,0.986467,1.02681
-0.16718,0.661244,0.810639,-3.75969,838945849,0.898958,0.929297,0.931978,0.906844,0.938342,0.912793,0.890008,0.952495,0.912793,0.882288,0.94331,0.931978,1.02586,1.07512,1.05669,1.03488,1.08546,1.03475,1.01549,1.10177,1.03475,1.00666,1.09126,1.05669
0.22031,0.661206,2.13787,1.72913,838945925,-0.685119,1.0966,0.931978,-0.691987,1.10644,0.912793,-0.709793,1.09353,0.912793,-0.702749,1.08381,0.931978,-0.795898,1.25502,1.05669,-0.803754,1.26627,1.03475,-0.824267,1.2514,1.03475,-0.81621,1.24029,1.05669
0.0496695,0.661258,2.31437,-3.26105,838945935,-0.866929,0.95916,0.931978,-0.8754,0.967659,0.912793,-0.890696,0.951854,0.912793,-0.882074,0.943511,0.931978,-1.00352,1.09595,1.05669,-1.01321,1.10567,1.03475,-1.03083,1.08747,1.03475,-1.02096,1.07792,1.05669
0.0507665,0.661752,2.33154,-3.31578,838945936,-0.882372,0.943203,0.931978,-0.890993,0.951547,0.912793,-0.906288,0.935742,0.912793,-0.897516,0.927554,0.931978,-1.02126,1.07761,1.05669,-1.03112,1.08716,1.03475,-1.04875,1.06895,1.03475,-1.03871,1.05958,1.05669
-0.00720632,0.661231,2.34888,-4.07204,838945937,-0.899557,0.92872,0.931978,-0.90832,0.936918,0.912793,-0.923054,0.920588,0.912793,-0.914146,0.912551,0.931978,-1.04084,1.06066,1.05669,-1.05086,1.07004,1.03475,-1.06784,1.05122,1.03475,-1.05765,1.04203,1.05669
0.0143983,0.661729,2.36606,-3.17298,838945938,-0.914433,0.912233,0.931978,-0.92334,0.920271,0.912793,-0.938074,0.903941,0.912793,-0.929022,0.896064,0.931978,-1.05793,1.04171,1.05669,-1.06812,1.05091,1.03475,-1.0851,1.03209,1.03475,-1.07474,1.02308,1.05669
0.00915431,0.661212,2.3834,-3.81539,838945939,-0.931102,0.897159,0.931978,-0.940146,0.905045,0.912793,-0.9543,0.888211,0.912793,-0.945117,0.88049,0.931978,-1.0769,1.02408,1.05669,-1.08725,1.0331,1.03475,-1.10356,1.01371,1.03475,-1.09305,1.00488,1.05669
0.041664,0.661715,2.40057,-3.54438,838945940,-0.945392,0.880162,0.931978,-0.954576,0.887884,0.912793,-0.96873,0.87105,0.912793,-0.959408,0.863494,0.931978,-1.09333,1.00455,1.05669,-1.10383,1.01338,1.03475,-1.12014,0.993989,1.03475,-1.10948,0.985346,1.05669
0.0817106,0.67836,2.31437,26.8531,838946447,-0.866929,0.95916,0.959363,-0.875594,0.967847,0.940349,-0.890889,0.952042,0.940349,-0.882074,0.943511,0.959363,-1.00224,1.09471,1.08679,-1.01215,1.10465,1.06504,-1.02977,1.08644,1.06504,-1.01969,1.07668,1.08679
0.0140146,0.678864,2.33155,-115.615,838946448,-0.882371,0.943203,0.959363,-0.891187,0.951734,0.940349,-0.906482,0.93593,0.940349,-0.897516,0.927554,0.959363,-1.01998,1.07638,1.08679,-1.03007,1.08614,1.06504,-1.04769,1.06793,1.06504,-1.03743,1.05835,1.08679
1.41988,0.678333,2.34889,-6.96115,838946449,-0.899557,0.92872,0.959363,-0.90852,0.937099,0.940349,-0.923254,0.920769,0.940349,-0.914146,0.912551,0.959363,-1.03952,1.05947,1.08679,-1.04977,1.06905,1.06504,-1.06674,1.05024,1.06504,-1.05632,1.04084,1.08679
2.38963,0.67884,2.36606,0.162748,838946450,-0.914433,0.912233,0.959363,-0.923541,0.920451,0.940349,-0.938275,0.904122,0.940349,-0.929022,0.896064,0.959363,-1.05661,1.04052,1.08679,-1.06703,1.04992,1.06504,-1.084,1.03111,1.06504,-1.07342,1.02189,1.08679
0.302891,0.678313,2.3834,-13.4715,838946451,-0.931102,0.897159,0.959363,-0.940352,0.905219,0.940349,-0.954507,0.888385,0.940349,-0.945117,0.88049,0.959363,-1.07554,1.02294,1.08679,-1.08612,1.03216,1.06504,-1.10243,1.01276,1.06504,-1.09169,1.00373,1.08679
0.00226232,0.678826,2.40057,-3.05946,838946452,-0.945393,0.880162,0.959363,-0.954782,0.888057,0.940349,-0.968937,0.871223,0.940349,-0.959408,0.863494,0.959363,-1.09196,1.0034,1.08679,-1.10271,1.01244,1.06504,-1.11901,0.993042,1.06504,-1.10811,0.9842,1.08679
0.11229,0.695392,2.13789,-0.964797,838946949,-0.685119,1.0966,0.987001,-0.692302,1.10687,0.968162,-0.710108,1.09396,0.968162,-0.702749,1.08381,0.987001,-0.793785,1.2521,1.11712,-0.802002,1.26386,1.09557,-0.822515,1.24898,1.09557,-0.814098,1.23737,1.11712
-0.0351873,0.695446,2.31438,-2.48497,838946959,-0.866929,0.95916,0.987001,-0.875786,0.968033,0.968162,-0.891081,0.952228,0.968162,-0.882074,0.943511,0.987001,-1.00093,1.09345,1.11712,-1.01106,1.1036,1.09557,-1.02868,1.08539,1.09557,-1.01838,1.07542,1.11712
0.0545483,0.695959,2.33155,-2.19006,838946960,-0.882371,0.943203,0.987001,-0.891379,0.95192,0.968162,-0.906674,0.936115,0.968162,-0.897516,0.927554,0.987001,-1.01868,1.07511,1.11712,-1.02898,1.08508,1.09557,-1.0466,1.06688,1.09557,-1.03612,1.05708,1.11712
0.574011,0.695418,2.34889,-1.76066,838946961,-0.899557,0.92872,0.987001,-0.908719,0.937278,0.968162,-0.923452,0.920948,0.968162,-0.914146,0.912551,0.987001,-1.03817,1.05825,1.11712,-1.04865,1.06804,1.09557,-1.06562,1.04922,1.09557,-1.05497,1.03962,1.11712
0.527059,0.695935,2.36606,-0.231151,838946962,-0.914432,0.912233,0.987001,-0.923739,0.92063,0.968162,-0.938473,0.904301,0.968162,-0.929021,0.896064,0.987001,-1.05526,1.0393,1.11712,-1.06591,1.04891,1.09557,-1.08288,1.03009,1.09557,-1.07207,1.02067,1.11712
0.177587,0.695398,2.38341,3.12906,838946963,-0.931102,0.897159,0.987001,-0.940557,0.905391,0.968162,-0.954711,0.888557,0.968162,-0.945117,0.88049,0.987001,-1.07415,1.02177,1.11712,-1.08497,1.03118,1.09557,-1.10127,1.01179,1.09557,-1.0903,1.00256,1.11712
-0.0146694,0.69592,2.40058,-2.34813,838946964,-0.945392,0.880162,0.987001,-0.954987,0.88823,0.968162,-0.969141,0.871395,0.968162,-0.959408,0.863494,0.987001,-1.09057,1.00223,1.11712,-1.10155,1.01146,1.09557,-1.11785,0.992069,1.09557,-1.10672,0.98303,1.11712
0.168518,0.695927,-0.986539,13.2636,838947130,0.703096,-1.08356,0.987001,0.710454,-1.09371,0.968162,0.72826,-1.0808,0.968162,0.720727,-1.07078,0.987001,0.814444,-1.23712,1.11712,0.822861,-1.24873,1.09557,0.843374,-1.23386,1.09557,0.834757,-1.22239,1.11712
0.129179,0.695408,-0.969193,8.63296,838947131,0.722534,-1.07228,0.987001,0.730072,-1.0823,0.968162,0.747416,-1.06877,0.968162,0.739707,-1.05889,0.987001,0.836565,-1.22389,1.11712,0.845187,-1.23535,1.09557,0.865168,-1.21977,1.09557,0.85635,-1.20847,1.11712
0.128094,0.695946,-0.952025,1.59335,838947132,0.740045,-1.05863,0.987001,0.747753,-1.06851,0.968162,0.765097,-1.05499,0.968162,0.757218,-1.04523,0.987001,0.856688,-1.2082,1.11712,0.865506,-1.21951,1.09557,0.885486,-1.20393,1.09557,0.876474,-1.19277,1.11712
-0.0237493,0.71253,0.638083,-3.19895,838947375,1.04521,0.761165,1.0151,1.05525,0.769254,0.996316,1.04111,0.786134,0.996316,1.03123,0.777862,1.0151,1.19131,0.879394,1.14775,1.20271,0.888579,1.12642,1.18653,0.907902,1.12642,1.17531,0.898509,1.14775
0.0324879,0.713061,0.65526,-3.55062,838947376,1.03096,0.778192,1.0151,1.04083,0.786464,0.996316,1.0267,0.803345,0.996316,1.01697,0.794889,1.0151,1.17503,0.898838,1.14775,1.18625,0.908232,1.12642,1.17007,0.927555,1.12642,1.15903,0.917953,1.14775
0.063601,0.712519,0.672597,-3.53337,838947377,1.01835,0.796795,1.0151,1.02809,0.805229,0.996316,1.01338,0.821605,0.996316,1.00379,0.812993,1.0151,1.16023,0.920054,1.14775,1.1713,0.929632,1.12642,1.15445,0.948378,1.12642,1.14357,0.938598,1.14775
0.222903,0.713054,0.689774,-8.38005,838947378,1.0035,0.813313,1.0151,1.01309,0.821925,0.996316,0.998372,0.838302,0.996316,0.988949,0.829512,1.0151,1.14328,0.938918,1.14775,1.15416,0.948698,1.12642,1.13732,0.967444,1.12642,1.12662,0.957462,1.14775
0.126258,0.713057,2.12055,-13.8702,838947460,-0.6653,1.10719,1.0151,-0.672495,1.11788,0.996316,-0.69076,1.10559,0.996316,-0.683366,1.09503,1.0151,-0.770233,1.26309,1.14775,-0.778403,1.27522,1.12642,-0.799312,1.26115,1.12642,-0.790915,1.24916,1.14775
0.386404,0.712523,2.13789,-2.4434,838947461,-0.685118,1.0966,1.0151,-0.692488,1.10717,0.996316,-0.710312,1.09425,0.996316,-0.702749,1.08381,1.0151,-0.792879,1.25058,1.14775,-0.801248,1.26259,1.12642,-0.821652,1.24779,1.12642,-0.813063,1.23595,1.14775
0.018346,0.712578,2.31438,-3.53631,838947471,-0.866928,0.959161,1.0151,-0.876021,0.968293,0.996316,-0.891332,0.952472,0.996316,-0.882073,0.943512,1.0151,-0.999774,1.09211,1.14775,-1.0101,1.10248,1.12642,-1.02763,1.08437,1.12642,-1.01711,1.0742,1.14775
0.0779369,0.713101,2.33156,-25.211,838947472,-0.882372,0.943202,1.0151,-0.891631,0.952163,0.996316,-0.906943,0.936341,0.996316,-0.897517,0.927553,1.0151,-1.01741,1.07389,1.14775,-1.02793,1.08406,1.12642,-1.04545,1.06595,1.12642,-1.03475,1.05597,1.14775
0.0118498,0.71255,2.3489,-4.13249,838947473,-0.899556,0.928721,1.0151,-0.908962,0.93753,0.996316,-0.923711,0.921183,0.996316,-0.914145,0.912552,1.0151,-1.03696,1.05695,1.14775,-1.04765,1.06695,1.12642,-1.06453,1.04824,1.12642,-1.05367,1.03844,1.14775
-0.0111994,0.713076,2.36608,-3.89257,838947474,-0.914433,0.912232,1.0151,-0.923999,0.920864,0.996316,-0.938749,0.904517,0.996316,-0.929022,0.896063,1.0151,-1.05395,1.03812,1.14775,-1.06482,1.04792,1.12642,-1.0817,1.02921,1.12642,-1.07066,1.01961,1.14775
0.0515955,0.71253,2.38341,-4.42703,838947475,-0.931101,0.897159,1.0151,-0.940809,0.905635,0.996316,-0.954978,0.888783,0.996316,-0.945116,0.880491,1.0151,-1.0729,1.02051,1.14775,-1.08393,1.03014,1.12642,-1.10015,1.01085,1.12642,-1.08895,1.00143,1.14775
0.0162908,0.713061,2.40059,-4.41008,838947476,-0.945393,0.880162,1.0151,-0.955255,0.888454,0.996316,-0.969425,0.871602,0.996316,-0.959409,0.863493,1.0151,-1.08923,1.0011,1.14775,-1.10042,1.01052,1.12642,-1.11664,0.991226,1.12642,-1.10527,0.982017,1.14775
-0.0287325,0.72969,0.638088,-3.32648,838947887,1.04521,0.761165,1.04345,1.05544,0.769414,1.02484,1.0413,0.786295,1.02484,1.03123,0.777862,1.04345,1.18994,0.878242,1.1786,1.20155,0.88761,1.15747,1.18537,0.906933,1.15747,1.17393,0.897357,1.1786
0.0217334,0.73023,0.655264,-2.95833,838947888,1.03096,0.778192,1.04345,1.04103,0.786625,1.02484,1.02689,0.803505,1.02484,1.01697,0.794889,1.04345,1.17366,0.897687,1.1786,1.18509,0.907263,1.15747,1.16891,0.926587,1.15747,1.15765,0.916802,1.1786
0.116991,0.729679,0.672602,-27.2253,838947889,1.01835,0.796795,1.04345,1.02828,0.805396,1.02484,1.01356,0.821773,1.02484,1.00379,0.812993,1.04345,1.1589,0.918855,1.1786,1.17017,0.928623,1.15747,1.15333,0.947369,1.15747,1.14223,0.937399,1.1786
0.387118,0.730224,0.689778,4.62025,838947890,1.0035,0.813313,1.04345,1.01327,0.822093,1.02484,0.998558,0.838469,1.02484,0.988949,0.829512,1.04345,1.14195,0.937719,1.1786,1.15304,0.947689,1.15747,1.13619,0.966436,1.15747,1.12528,0.956263,1.1786
0.606131,0.729677,0.707116,2.55862,838947891,0.990256,0.831465,1.04345,0.999879,0.840407,1.02484,0.9846,0.85626,1.02484,0.975143,0.847145,1.04345,1.12646,0.958359,1.1786,1.13738,0.968515,1.15747,1.11989,0.986661,1.15747,1.10915,0.97631,1.1786
-0.0059314,0.729758,0.845178,-2.69633,838947899,0.866311,0.959716,1.04345,0.874596,0.969911,1.02484,0.857257,0.983482,1.02484,0.849162,0.973138,1.04345,0.983511,1.10434,1.1786,0.992918,1.11592,1.15747,0.973071,1.13146,1.15747,0.963878,1.11971,1.1786
0.0472366,0.730325,0.862354,-44.4486,838947900,0.848823,0.973403,1.04345,0.856919,0.983747,1.02484,0.83958,0.997317,1.02484,0.831673,0.986825,1.04345,0.963539,1.11997,1.1786,0.972732,1.13172,1.15747,0.952885,1.14725,1.15747,0.943906,1.13534,1.1786
0.0306058,0.729777,0.883605,-3.38989,838947901,0.828733,0.992239,1.04345,0.836659,1.00272,1.02484,0.81886,1.01568,1.02484,0.811128,1.00506,1.04345,0.940848,1.14084,1.1786,0.949849,1.15274,1.15747,0.929475,1.16758,1.15747,0.920695,1.15552,1.1786
0.0396545,0.730304,0.900784,-2.97325,838947902,0.810781,1.00531,1.04345,0.818513,1.01593,1.02484,0.800714,1.02889,1.02484,0.793176,1.01813,1.04345,0.920347,1.15577,1.1786,0.929128,1.16783,1.15747,0.908754,1.18267,1.15747,0.900193,1.17045,1.1786
0.12473,0.729739,0.918123,-32.6145,838947903,0.794049,1.02031,1.04345,0.801604,1.03106,1.02484,0.783364,1.04339,1.02484,0.776007,1.03251,1.04345,0.900906,1.17274,1.1786,0.909485,1.18495,1.15747,0.888606,1.19906,1.15747,0.880252,1.18671,1.1786
0.0163694,0.72969,0.987154,-3.63181,838947907,0.721845,1.07275,1.04345,0.728632,1.08399,1.02484,0.709576,1.09502,1.02484,0.702996,1.08365,1.04345,0.817801,1.23226,1.1786,0.825508,1.24504,1.15747,0.803694,1.25766,1.15747,0.796223,1.24475,1.1786
0.0249985,0.73023,1.00433,-2.9274,838947908,0.702624,1.08387,1.04345,0.709203,1.09524,1.02484,0.690147,1.10627,1.02484,0.683775,1.09478,1.04345,0.79585,1.24496,1.1786,0.803321,1.25787,1.15747,0.781507,1.2705,1.15747,0.774272,1.25745,1.1786
0.0203393,0.729724,1.15973,-3.85959,838947917,0.526907,1.18072,1.04345,0.531636,1.19297,1.02484,0.510953,1.20052,1.02484,0.506449,1.18818,1.04345,0.593683,1.35448,1.1786,0.599052,1.3684,1.15747,0.575376,1.37704,1.15747,0.570262,1.36303,1.1786
0.00876853,0.730287,1.1769,-3.85577,838947918,0.506045,1.18833,1.04345,0.510549,1.20067,1.02484,0.489866,1.20822,1.02484,0.485587,1.1958,1.04345,0.569858,1.36317,1.1786,0.574972,1.37719,1.15747,0.551296,1.38583,1.15747,0.546438,1.37172,1.1786
0.156814,0.729684,-1.70183,-2.53069,838948113,-0.180049,-1.28043,1.04345,-0.181217,-1.29351,1.02484,-0.159254,-1.29507,1.02484,-0.158326,-1.28197,1.04345,-0.196352,-1.46587,1.1786,-0.197677,-1.48073,1.15747,-0.172537,-1.48251,1.15747,-0.171483,-1.46763,1.1786
-0.0400152,0.74683,0.638094,-3.21617,838948399,1.04521,0.761165,1.07207,1.05563,0.769574,1.05364,1.04149,0.786454,1.05364,1.03123,0.777862,1.07207,1.18854,0.87707,1.20971,1.20037,0.886618,1.18878,1.18419,0.905941,1.18877,1.17253,0.896184,1.20971
0.0225465,0.747379,0.655268,-3.31295,838948400,1.03096,0.778192,1.07207,1.04122,0.786784,1.05364,1.02708,0.803665,1.05364,1.01697,0.794889,1.07207,1.17226,0.896514,1.20971,1.18391,0.906271,1.18877,1.16773,0.925595,1.18877,1.15625,0.915629,1.20971
1.22393,0.746818,0.672608,-7.61068,838948401,1.01835,0.796795,1.07207,1.02846,0.805562,1.05364,1.01375,0.821939,1.05364,1.00379,0.812993,1.07207,1.15754,0.917634,1.20971,1.16903,0.92759,1.18877,1.15218,0.946336,1.18877,1.14087,0.936178,1.20971
0.750925,0.747372,0.689782,1.03111,838948402,1.0035,0.813313,1.07207,1.01346,0.822259,1.05364,0.998743,0.838635,1.05364,0.988949,0.829512,1.07207,1.14059,0.936498,1.20971,1.15189,0.946656,1.18878,1.13505,0.965403,1.18877,1.12392,0.955042,1.20971
0.235512,0.746816,0.707122,1.08398,838948403,0.990256,0.831465,1.07207,1.00006,0.840579,1.05364,0.984779,0.856432,1.05364,0.975143,0.847145,1.07207,1.12514,0.957092,1.20971,1.13627,0.967442,1.18878,1.11878,0.985589,1.18877,1.10784,0.975042,1.20971
0.152186,0.747374,0.724295,14.3541,838948404,0.974844,0.847454,1.07207,0.98448,0.856742,1.05364,0.969201,0.872595,1.05364,0.959731,0.863135,1.07207,1.10754,0.975352,1.20971,1.11848,0.985899,1.18877,1.10099,1.00405,1.18877,1.09024,0.993303,1.20971
-0.0304569,0.746899,0.845184,-3.36408,838948411,0.866311,0.959716,1.07207,0.874749,0.970107,1.05364,0.85741,0.983677,1.05364,0.849162,0.973138,1.07207,0.982385,1.1029,1.20971,0.991966,1.1147,1.18877,0.972119,1.13024,1.18877,0.962752,1.11827,1.20971
-0.00669437,0.747475,0.862358,-2.85243,838948412,0.848823,0.973403,1.07207,0.857072,0.983942,1.05364,0.839733,0.997512,1.05364,0.831673,0.986826,1.07207,0.962413,1.11854,1.20971,0.97178,1.1305,1.18877,0.951933,1.14604,1.18877,0.94278,1.1339,1.20971
0.00951229,0.746918,0.88361,-2.74978,838948413,0.828733,0.992239,1.07207,0.836805,1.00292,1.05364,0.819007,1.01588,1.05364,0.811128,1.00506,1.07207,0.939773,1.13937,1.20971,0.94894,1.15149,1.18878,0.928566,1.16633,1.18877,0.919619,1.15404,1.20971
0.00237493,0.747454,0.900788,-2.56726,838948414,0.810781,1.00531,1.07207,0.818659,1.01613,1.05364,0.80086,1.02909,1.05364,0.793176,1.01813,1.07207,0.919272,1.1543,1.20971,0.928218,1.16658,1.18877,0.907844,1.18142,1.18877,0.899118,1.16897,1.20971
0.0836904,0.74688,0.918128,-2.43655,838948415,0.794049,1.02031,1.07207,0.801743,1.03127,1.05364,0.783503,1.0436,1.05364,0.776007,1.03251,1.07207,0.899883,1.17123,1.20971,0.90862,1.18367,1.18878,0.88774,1.19778,1.18877,0.879228,1.18519,1.20971
0.0348954,0.747395,0.96982,-2.46067,838948418,0.739584,1.05895,1.07207,0.746688,1.07029,1.05364,0.728028,1.08198,1.05364,0.721127,1.07051,1.07207,0.83741,1.21514,1.20971,0.845477,1.22802,1.18878,0.824117,1.2414,1.18877,0.816281,1.22837,1.20971
-0.000342098,0.74683,0.98716,-3.57963,838948419,0.721845,1.07275,1.07207,0.728756,1.08421,1.05364,0.7097,1.09524,1.05364,0.702996,1.08365,1.07207,0.816886,1.23068,1.20971,0.824734,1.2437,1.18878,0.80292,1.25632,1.18877,0.795308,1.24317,1.20971
-0.084371,0.747379,1.00433,-3.66081,838948420,0.702624,1.08387,1.07207,0.709327,1.09545,1.05364,0.690271,1.10648,1.05364,0.683775,1.09478,1.07207,0.794935,1.24338,1.20971,0.802548,1.25654,1.18878,0.780734,1.26916,1.18877,0.773357,1.25587,1.20971
-0.107289,0.746818,1.02167,-3.15698,838948421,0.684415,1.09704,1.07207,0.690921,1.10874,1.05364,0.671491,1.11909,1.05364,0.665196,1.10728,1.07207,0.773881,1.2582,1.20971,0.78127,1.27148,1.18877,0.759028,1.28333,1.18877,0.75188,1.26992,1.20971
-0.00208383,0.747372,1.03885,-3.7868,838948422,0.664817,1.10748,1.07207,0.671111,1.11929,1.05364,0.651681,1.12965,1.05364,0.645598,1.11773,1.07207,0.7515,1.27012,1.20971,0.758649,1.28354,1.18877,0.736407,1.29539,1.18877,0.729499,1.28185,1.20971
0.000223138,0.746839,1.12522,-4.65089,838948427,0.567356,1.16187,1.07207,0.572603,1.17419,1.05364,0.552197,1.18245,1.05364,0.547172,1.17005,1.07207,0.639474,1.3315,1.20971,0.645432,1.34549,1.18878,0.622073,1.35495,1.18877,0.616367,1.34087,1.20971
-0.054486,0.747407,1.14239,-3.34757,838948428,0.546773,1.17021,1.07207,0.551798,1.18261,1.05364,0.531391,1.19088,1.05364,0.526589,1.17839,1.07207,0.615968,1.34103,1.20971,0.621674,1.35511,1.18878,0.598315,1.36458,1.18878,0.592861,1.35039,1.20971
0.012391,0.746864,1.15973,-3.5726,838948429,0.526907,1.18072,1.07207,0.531721,1.19321,1.05364,0.511038,1.20075,1.05364,0.506449,1.18818,1.07207,0.593056,1.35276,1.20971,0.598522,1.36695,1.18877,0.574847,1.37559,1.18877,0.569636,1.36131,1.20971
0.0561998,0.747436,1.17691,-2.36378,838948430,0.506045,1.18833,1.07207,0.510634,1.2009,1.05364,0.489951,1.20845,1.05364,0.485587,1.1958,1.07207,0.569232,1.36146,1.20971,0.574443,1.37573,1.18877,0.550767,1.38438,1.18877,0.545812,1.37001,1.20971
0.056276,0.746899,1.19425,-3.84715,838948431,0.485824,1.19813,1.07207,0.490199,1.21078,1.05364,0.469265,1.21761,1.05364,0.465118,1.20488,1.07207,0.545924,1.37239,1.20971,0.550892,1.38675,1.18877,0.526929,1.39456,1.18877,0.52222,1.38011,1.20971
0.149886,0.746816,2.10339,-6.46039,838948483,-0.646877,1.11959,1.07207,-0.654151,1.13083,1.05364,-0.672416,1.11854,1.05364,-0.664943,1.10743,1.07207,-0.747173,1.27424,1.20971,-0.755433,1.287,1.18877,-0.776341,1.27293,1.18877,-0.767855,1.26032,1.20971
0.112639,0.746899,-1.24921,12.4941,838948651,0.397982,-1.23011,1.07207,0.402763,-1.24261,1.05364,0.423184,-1.23438,1.05364,0.418181,-1.22196,1.07207,0.463951,-1.40222,1.20971,0.46938,-1.41642,1.18878,0.492756,-1.407,1.18877,0.487075,-1.3929,1.20971
0.0641951,0.76395,0.6381,-2.55626,838948911,1.04521,0.761165,1.10098,1.05582,0.769732,1.08273,1.04168,0.786612,1.08273,1.03123,0.777862,1.10098,1.18711,0.875876,1.24107,1.19915,0.885603,1.22034,1.18297,0.904927,1.22034,1.17111,0.89499,1.24107
-1.37411e-05,0.764508,0.655272,-2.60487,838948912,1.03096,0.778192,1.10098,1.0414,0.786942,1.08273,1.02727,0.803823,1.08273,1.01697,0.794889,1.10098,1.17083,0.89532,1.24107,1.1827,0.905256,1.22034,1.16652,0.92458,1.22034,1.15482,0.914435,1.24107
-0.00933734,0.763939,0.672614,-1.85575,838948913,1.01835,0.796795,1.10098,1.02865,0.805726,1.08273,1.01393,0.822103,1.08273,1.00379,0.812993,1.10098,1.15616,0.916391,1.24107,1.16785,0.926533,1.22034,1.151,0.94528,1.22034,1.13949,0.934935,1.24107
0.0781434,0.764501,0.689786,-1.74223,838948914,1.0035,0.813313,1.10098,1.01364,0.822423,1.08273,0.998926,0.838799,1.08273,0.988949,0.829512,1.10098,1.1392,0.935255,1.24107,1.15072,0.9456,1.22034,1.13387,0.964346,1.22034,1.12254,0.953799,1.24107
-0.0345305,0.76402,0.845189,-2.23449,838948923,0.866311,0.959716,1.10098,0.8749,0.9703,1.08273,0.857562,0.98387,1.08273,0.849162,0.973138,1.10098,0.981239,1.10144,1.24107,0.990992,1.11346,1.22034,0.971144,1.12899,1.22034,0.961606,1.11681,1.24107
0.0384159,0.764606,0.862362,-1.68113,838948924,0.848823,0.973403,1.10098,0.857223,0.984136,1.08273,0.839885,0.997706,1.08273,0.831673,0.986826,1.10098,0.961267,1.11707,1.24107,0.970806,1.12926,1.22034,0.950958,1.14479,1.22034,0.941634,1.13244,1.24107
2.23597,0.76404,0.883616,-0.692373,838948925,0.828733,0.992239,1.10098,0.836949,1.00312,1.08273,0.819151,1.01608,1.08273,0.811128,1.00506,1.10098,0.938678,1.13786,1.24107,0.948009,1.15021,1.22034,0.927635,1.16505,1.22034,0.918524,1.15254,1.24107
0.187343,0.764584,0.900792,19.0692,838948926,0.810781,1.00531,1.10098,0.818803,1.01633,1.08273,0.801005,1.02929,1.08273,0.793176,1.01813,1.10098,0.918177,1.15279,1.24107,0.927287,1.1653,1.22034,0.906914,1.18014,1.22034,0.898023,1.16747,1.24107
0.0350428,0.764001,0.918134,-2.65306,838948927,0.794049,1.02031,1.10098,0.80188,1.03147,1.08273,0.78364,1.0438,1.08272,0.776007,1.03251,1.10098,0.898841,1.16969,1.24107,0.907735,1.18236,1.22034,0.886855,1.19647,1.22034,0.878187,1.18365,1.24107
0.0992922,0.764524,0.969824,-3.73467,838948930,0.739584,1.05895,1.10098,0.746818,1.0705,1.08272,0.728158,1.08219,1.08273,0.721127,1.07051,1.10098,0.836423,1.21357,1.24107,0.844638,1.22668,1.22034,0.823278,1.24006,1.22034,0.815294,1.2268,1.24107
0.129123,0.76395,0.987165,-2.43199,838948931,0.721846,1.07275,1.10098,0.728879,1.08442,1.08273,0.709823,1.09545,1.08273,0.702996,1.08365,1.10098,0.815955,1.22907,1.24107,0.823942,1.24233,1.22034,0.802128,1.25495,1.22034,0.794376,1.24156,1.24107
0.169827,0.764508,1.00434,-6.17641,838948932,0.702624,1.08387,1.10098,0.70945,1.09566,1.08273,0.690394,1.10669,1.08273,0.683775,1.09478,1.10098,0.794004,1.24177,1.24107,0.801756,1.25517,1.22034,0.779942,1.26779,1.22034,0.772425,1.25426,1.24107
0.165472,0.763939,1.02168,-13.2015,838948933,0.684415,1.09704,1.10098,0.691036,1.10895,1.08273,0.671606,1.11931,1.08273,0.665196,1.10728,1.10098,0.773007,1.25655,1.24107,0.780526,1.27008,1.22034,0.758285,1.28194,1.22034,0.751005,1.26828,1.24107
0.0262395,0.764501,1.03885,-2.66583,838948934,0.664817,1.10748,1.10098,0.671227,1.11951,1.08273,0.651797,1.12987,1.08273,0.645598,1.11773,1.10098,0.750626,1.26848,1.24107,0.757905,1.28214,1.22034,0.735663,1.294,1.22034,0.728624,1.28021,1.24107
-0.06429,0.76396,1.12522,-3.16059,838948939,0.567356,1.16187,1.10098,0.572696,1.17441,1.08273,0.552289,1.18268,1.08272,0.547172,1.17005,1.10098,0.638776,1.32978,1.24107,0.644839,1.34402,1.22034,0.621479,1.35349,1.22034,0.615668,1.33914,1.24107
-0.049873,0.764536,1.14239,-3.29701,838948940,0.546773,1.17021,1.10098,0.55189,1.18284,1.08273,0.531483,1.19111,1.08273,0.526589,1.17839,1.10098,0.61527,1.3393,1.24107,0.621081,1.35365,1.22034,0.597721,1.36311,1.22034,0.592162,1.34866,1.24107
0.695456,0.763986,1.15974,0.636298,838948941,0.526907,1.18072,1.10098,0.531805,1.19344,1.08273,0.511122,1.20098,1.08273,0.506449,1.18818,1.10098,0.592419,1.35102,1.24107,0.59798,1.36546,1.22034,0.574305,1.3741,1.22034,0.568998,1.35956,1.24107
0.289419,0.764567,1.17691,-0.922207,838948942,0.506045,1.18833,1.10098,0.510718,1.20113,1.08273,0.490035,1.20868,1.08273,0.485587,1.1958,1.10098,0.568594,1.35971,1.24107,0.573901,1.37425,1.22034,0.550225,1.38289,1.22034,0.545174,1.36826,1.24107
0.000141337,0.76402,1.19426,-2.92159,838948943,0.485824,1.19813,1.10098,0.490275,1.21102,1.08273,0.469341,1.21784,1.08273,0.465118,1.20488,1.10098,0.545348,1.37062,1.24107,0.550402,1.38525,1.22034,0.526439,1.39306,1.22034,0.521644,1.37834,1.24107
0.0439984,0.781054,0.638105,-19.4035,838949423,1.04521,0.761165,1.13017,1.056,0.769888,1.11211,1.04187,0.786768,1.11211,1.03123,0.777862,1.13017,1.18566,0.874661,1.2727,1.19791,0.884566,1.25218,1.18173,0.903889,1.25218,1.16966,0.893775,1.2727
-0.0306127,0.78162,0.655276,-2.21199,838949424,1.03096,0.778192,1.13017,1.04159,0.787098,1.11211,1.02746,0.803979,1.11211,1.01697,0.794889,1.13017,1.16938,0.894105,1.2727,1.18146,0.904219,1.25218,1.16528,0.923542,1.25218,1.15337,0.91322,1.2727
0.0403263,0.781042,0.672619,-2.39732,838949425,1.01835,0.796795,1.13017,1.02883,0.805889,1.11211,1.01411,0.822265,1.11211,1.00379,0.812993,1.13017,1.15475,0.915126,1.2727,1.16665,0.925453,1.25218,1.1498,0.944199,1.25218,1.13808,0.93367,1.2727
-0.0578821,0.781613,0.68979,-1.98153,838949426,1.0035,0.813313,1.13017,1.01382,0.822585,1.11211,0.999107,0.838962,1.11211,0.988949,0.829512,1.13017,1.1378,0.93399,1.2727,1.14951,0.944519,1.25218,1.13267,0.963266,1.25218,1.12113,0.952534,1.2727
0.0016447,0.781125,0.845195,-2.05187,838949435,0.866311,0.959716,1.13017,0.87505,0.970492,1.11211,0.857712,0.984062,1.11211,0.849162,0.973138,1.13017,0.980072,1.09995,1.2727,0.989995,1.11219,1.25218,0.970148,1.12772,1.25218,0.960439,1.11532,1.2727
0.104648,0.78172,0.862366,-35.6898,838949436,0.848823,0.973403,1.13017,0.857373,0.984327,1.11211,0.840035,0.997897,1.11211,0.831673,0.986826,1.13017,0.9601,1.11558,1.2727,0.969809,1.12799,1.25218,0.949962,1.14352,1.25218,0.940467,1.13095,1.2727
0.837568,0.781145,0.883621,0.854488,838949437,0.828733,0.992239,1.13017,0.837093,1.00331,1.11211,0.819294,1.01627,1.11211,0.811128,1.00506,1.13017,0.937564,1.13633,1.2727,0.947057,1.14891,1.25218,0.926684,1.16374,1.25218,0.91741,1.15101,1.2727
0.206304,0.781698,0.900795,3.91385,838949438,0.810781,1.00531,1.13017,0.818947,1.01653,1.11211,0.801148,1.02949,1.11211,0.793176,1.01813,1.13017,0.917063,1.15126,1.2727,0.926336,1.164,1.25218,0.905962,1.17883,1.25218,0.896909,1.16594,1.2727
-0.0733309,0.781105,0.918139,-2.17012,838949439,0.794049,1.02031,1.13017,0.802016,1.03167,1.11211,0.783776,1.044,1.11211,0.776007,1.03251,1.13017,0.897781,1.16812,1.2727,0.906829,1.18102,1.25218,0.88595,1.19513,1.25218,0.877127,1.18208,1.2727
0.0619405,0.781637,0.969828,-1.48841,838949442,0.739584,1.05895,1.13017,0.746947,1.0707,1.11211,0.728287,1.08239,1.11211,0.721127,1.07051,1.13017,0.835418,1.21196,1.2727,0.84378,1.22531,1.25218,0.82242,1.23869,1.25218,0.814289,1.22519,1.2727
0.9525,0.781054,0.987171,1.77833,838949443,0.721845,1.07275,1.13017,0.729001,1.08463,1.11211,0.709945,1.09566,1.11211,0.702996,1.08365,1.13017,0.815007,1.22743,1.2727,0.823132,1.24093,1.25218,0.801319,1.25355,1.25218,0.793428,1.23992,1.2727
1.38282,0.78162,1.00434,-1.07822,838949444,0.702624,1.08387,1.13017,0.709572,1.09588,1.11211,0.690516,1.1069,1.11211,0.683775,1.09478,1.13017,0.793056,1.24014,1.2727,0.800946,1.25377,1.25218,0.779132,1.26639,1.25218,0.771477,1.25262,1.2727
-0.0384294,0.781042,1.02169,-2.44028,838949445,0.684415,1.09704,1.13017,0.691151,1.10917,1.11211,0.671721,1.11952,1.11211,0.665196,1.10728,1.13017,0.772116,1.25488,1.2727,0.779766,1.26866,1.25218,0.757524,1.28051,1.25218,0.750115,1.26661,1.2727
0.0442991,0.781613,1.03886,-3.40567,838949446,0.664817,1.10748,1.13017,0.671341,1.11973,1.11211,0.651911,1.13008,1.11211,0.645598,1.11773,1.13017,0.749735,1.26681,1.2727,0.757145,1.28071,1.25218,0.734903,1.29257,1.25218,0.727734,1.27854,1.2727
0.0736866,0.781064,1.12523,27.8526,838949451,0.567356,1.16187,1.13017,0.572787,1.17464,1.11211,0.55238,1.18291,1.11211,0.547172,1.17005,1.13017,0.638065,1.32803,1.2727,0.644232,1.34253,1.25218,0.620872,1.35199,1.25218,0.614958,1.33739,1.2727
0.116528,0.781649,1.1424,18.1969,838949452,0.546773,1.17021,1.13017,0.551981,1.18307,1.11211,0.531575,1.19133,1.11211,0.526589,1.17839,1.13017,0.614559,1.33755,1.2727,0.620474,1.35215,1.25218,0.597114,1.36161,1.25218,0.591452,1.34691,1.2727
1.10258,0.78109,1.15974,-2.45265,838949453,0.526907,1.18072,1.13017,0.531888,1.19366,1.11211,0.511205,1.20121,1.11211,0.506449,1.18818,1.13017,0.59177,1.34924,1.2727,0.597426,1.36394,1.25218,0.57375,1.37258,1.25218,0.56835,1.35779,1.2727
0.685946,0.78168,1.17691,0.641369,838949454,0.506045,1.18833,1.13017,0.510801,1.20136,1.11211,0.490118,1.20891,1.11211,0.485587,1.1958,1.13017,0.567946,1.35793,1.2727,0.573346,1.37273,1.25218,0.549671,1.38137,1.25218,0.544525,1.36648,1.2727
-0.0201586,0.781125,1.19426,-2.92234,838949455,0.485824,1.19813,1.13017,0.49035,1.21125,1.11211,0.469416,1.21807,1.11211,0.465118,1.20488,1.13017,0.544762,1.36882,1.2727,0.549901,1.38371,1.25218,0.525938,1.39152,1.25218,0.521057,1.37654,1.2727
0.000655895,0.803372,0.845199,-1.68084,838949947,0.866312,0.959715,1.16882,0.875315,0.970792,1.15074,0.857959,0.984376,1.15074,0.849163,0.973137,1.16882,0.978817,1.09861,1.31362,0.988965,1.1111,1.29324,0.969229,1.12654,1.29324,0.959314,1.11388,1.31362
-0.0165145,0.803979,0.862378,-1.97326,838949948,0.848822,0.973404,1.16882,0.857618,0.984642,1.15074,0.840262,0.998226,1.15074,0.831673,0.986826,1.16882,0.958973,1.11414,1.31362,0.968889,1.12681,1.29324,0.949152,1.14226,1.29324,0.93947,1.12941,1.31362
0.096037,0.803393,0.883625,-3.25467,838949949,0.828734,0.992239,1.16882,0.837347,1.00362,1.15074,0.81953,1.0166,1.15074,0.811129,1.00506,1.16882,0.936357,1.13495,1.31362,0.946066,1.14778,1.29324,0.925806,1.16254,1.29324,0.916336,1.14953,1.31362
-0.0623567,0.803956,0.900807,-3.38058,838949950,0.81078,1.00531,1.16882,0.819181,1.01685,1.15074,0.801364,1.02982,1.15074,0.793175,1.01813,1.16882,0.915986,1.14979,1.31362,0.925456,1.16279,1.29324,0.905196,1.17754,1.29324,0.895965,1.16436,1.31362
0.0104356,0.803352,0.918143,-2.51108,838949951,0.79405,1.02031,1.16882,0.80226,1.03199,1.15074,0.784001,1.04433,1.15074,0.776008,1.03251,1.16882,0.896622,1.1667,1.31362,0.905877,1.17986,1.29324,0.885115,1.1939,1.29324,0.876104,1.18057,1.31362
-0.104028,0.80392,0.935324,-2.14731,838949952,0.77565,1.03275,1.16882,0.783643,1.04458,1.15074,0.765384,1.05692,1.15074,0.757608,1.04495,1.16882,0.875746,1.18081,1.31362,0.884756,1.19414,1.29324,0.863993,1.20818,1.29324,0.855228,1.19468,1.31362
-0.23901,0.803894,0.969839,-2.18597,838949954,0.739583,1.05895,1.16882,0.747158,1.07104,1.15074,0.728479,1.08274,1.15074,0.721126,1.07051,1.16882,0.834447,1.21041,1.31362,0.842986,1.22405,1.29324,0.821746,1.23735,1.29324,0.813457,1.22356,1.31362
0.089997,0.803299,0.987175,-0.92135,838949955,0.721847,1.07274,1.16882,0.729222,1.08497,1.15074,0.710146,1.09601,1.15074,0.702997,1.08365,1.16882,0.81395,1.22593,1.31362,0.822264,1.23971,1.29324,0.800572,1.25226,1.29324,0.792514,1.23834,1.31362
-0.0128555,0.803877,1.00435,-1.31375,838949956,0.702623,1.08387,1.16882,0.709771,1.09622,1.15074,0.690695,1.10726,1.15074,0.683774,1.09478,1.16882,0.79214,1.23855,1.31362,0.800197,1.25248,1.29324,0.778505,1.26503,1.29324,0.770703,1.25096,1.31362
-0.0642844,0.803288,1.02169,-0.71921,838949957,0.684416,1.09704,1.16882,0.69136,1.10951,1.15074,0.67191,1.11987,1.15074,0.665197,1.10728,1.16882,0.771113,1.25335,1.31362,0.77894,1.26741,1.29324,0.756823,1.27919,1.29324,0.749257,1.265,1.31362
0.00705262,0.80387,1.03887,-1.94315,838949958,0.664816,1.10748,1.16882,0.671528,1.12008,1.15074,0.652078,1.13044,1.15074,0.645597,1.11773,1.16882,0.748875,1.2652,1.31362,0.756442,1.2794,1.29324,0.734324,1.29119,1.29324,0.727019,1.27685,1.31362
-0.0242519,0.803285,1.0562,-3.41854,838949959,0.646159,1.12001,1.16882,0.652663,1.13271,1.15074,0.632863,1.14239,1.15074,0.626595,1.12957,1.16882,0.727344,1.27925,1.31362,0.734676,1.29357,1.29324,0.712161,1.30458,1.29324,0.705094,1.29013,1.31362
-0.08159,0.80331,1.12523,-3.438,838949963,0.567358,1.16187,1.16882,0.572959,1.175,1.15074,0.552531,1.18328,1.15074,0.547173,1.17005,1.16882,0.637228,1.32639,1.31362,0.643542,1.34119,1.29324,0.620313,1.3506,1.29324,0.614273,1.33569,1.31362
0.0914845,0.803906,1.14241,-2.51199,838949964,0.546772,1.17021,1.16882,0.55213,1.18344,1.15074,0.531703,1.19171,1.15074,0.526588,1.17839,1.16882,0.613872,1.33586,1.31362,0.619912,1.35077,1.29324,0.596683,1.36018,1.29324,0.590917,1.34515,1.31362
0.105745,0.803372,-1.2492,-0.900662,838950187,0.397981,-1.23011,1.16882,0.403073,-1.24344,1.15074,0.423515,-1.2352,1.15074,0.41818,-1.22197,1.16882,0.462016,-1.39699,1.31362,0.467756,-1.41202,1.29324,0.491001,-1.40265,1.29324,0.484988,-1.38773,1.31362
-0.00912927,0.821184,0.862382,-3.36785,838950460,0.848822,0.973404,1.19895,0.857759,0.984822,1.18106,0.840403,0.998406,1.18106,0.831673,0.986826,1.19895,0.95783,1.11268,1.34602,0.967904,1.12555,1.32584,0.948168,1.141,1.32584,0.938327,1.12795,1.34602
0.183195,0.82059,0.88363,-25.4597,838950461,0.828734,0.992239,1.19895,0.837481,1.00381,1.18106,0.819665,1.01678,1.18106,0.811129,1.00506,1.19895,0.935265,1.13345,1.34602,0.945126,1.14649,1.32584,0.924866,1.16124,1.32584,0.915244,1.14803,1.34602
0.177137,0.821161,0.90081,6.40584,838950462,0.81078,1.00531,1.19895,0.819315,1.01703,1.18106,0.801499,1.03001,1.18106,0.793175,1.01813,1.19895,0.914894,1.14829,1.34602,0.924516,1.1615,1.32584,0.904256,1.17625,1.32584,0.894873,1.16287,1.34602
0.0569822,0.820549,0.918148,-2.23584,838950463,0.79405,1.02031,1.19895,0.802388,1.03218,1.18106,0.784129,1.04452,1.18106,0.776008,1.03251,1.19895,0.895584,1.16516,1.34602,0.904983,1.17854,1.32584,0.88422,1.19257,1.32584,0.875066,1.17903,1.34602
0.0498123,0.821125,0.935328,-3.51776,838950464,0.77565,1.03275,1.19895,0.783771,1.04477,1.18106,0.765512,1.05711,1.18106,0.757608,1.04495,1.19895,0.874707,1.17927,1.34602,0.883862,1.19282,1.32584,0.863099,1.20685,1.32584,0.85419,1.19315,1.34602
0.0225718,0.821098,0.969843,-2.57619,838950466,0.739583,1.05895,1.19895,0.74728,1.07124,1.18106,0.728601,1.08294,1.18106,0.721126,1.07051,1.19895,0.833463,1.20884,1.34602,0.842139,1.22269,1.32584,0.820898,1.236,1.32584,0.812473,1.22199,1.34602
-0.0475273,0.820496,0.98718,-2.4863,838950467,0.721847,1.07274,1.19895,0.729336,1.08516,1.18106,0.71026,1.0962,1.18106,0.702997,1.08365,1.19895,0.813021,1.22433,1.34602,0.821464,1.23833,1.32584,0.799772,1.25088,1.32584,0.791585,1.23673,1.34602
0.0481414,0.821081,1.00436,-1.24827,838950468,0.702623,1.08387,1.19895,0.709886,1.09642,1.18106,0.69081,1.10746,1.18106,0.683774,1.09478,1.19895,0.791211,1.23695,1.34602,0.799398,1.2511,1.32584,0.777705,1.26365,1.32584,0.769774,1.24935,1.34602
0.121627,0.820484,1.02169,-23.8692,838950469,0.684416,1.09704,1.19895,0.691467,1.10971,1.18106,0.672017,1.12008,1.18106,0.665197,1.10728,1.19895,0.770241,1.25171,1.34602,0.778189,1.266,1.32584,0.756072,1.27779,1.32584,0.748384,1.26336,1.34602
-0.0699839,0.821074,1.03887,-2.42649,838950470,0.664816,1.10748,1.19895,0.671636,1.12028,1.18106,0.652186,1.13065,1.18106,0.645597,1.11773,1.19895,0.748003,1.26356,1.34602,0.75569,1.27799,1.32584,0.733573,1.28978,1.32584,0.726146,1.27521,1.34602
0.00567828,0.820506,1.12524,-4.33565,838950475,0.567358,1.16187,1.19895,0.573045,1.17521,1.18106,0.552617,1.18349,1.18106,0.547173,1.17005,1.19895,0.636532,1.32468,1.34602,0.642942,1.33971,1.32584,0.619713,1.34912,1.32584,0.613577,1.33397,1.34602
0.0688382,0.837745,0.84521,30.3984,838950971,0.866312,0.959715,1.22941,0.875595,0.97115,1.21169,0.858239,0.984734,1.21169,0.849163,0.973137,1.22941,0.976514,1.09567,1.3787,0.986978,1.10856,1.35874,0.967241,1.124,1.35874,0.95701,1.11093,1.3787
0.0415906,0.838367,0.862386,-3.42025,838950972,0.848822,0.973404,1.22941,0.857898,0.985001,1.21169,0.840542,0.998585,1.21169,0.831673,0.986826,1.22941,0.95667,1.1112,1.3787,0.966901,1.12427,1.35874,0.947164,1.13972,1.35874,0.937166,1.12646,1.3787
0.154808,0.837765,0.883635,-14.0286,838950973,0.828734,0.992239,1.22941,0.837615,1.00399,1.21169,0.819798,1.01696,1.21169,0.811129,1.00506,1.22941,0.934156,1.13193,1.3787,0.944167,1.14517,1.35874,0.923907,1.15993,1.35874,0.914135,1.14651,1.3787
1.27561,0.838344,0.900814,0.400411,838950974,0.81078,1.00531,1.22941,0.819449,1.01722,1.21169,0.801632,1.03019,1.21169,0.793175,1.01813,1.22941,0.913786,1.14676,1.3787,0.923558,1.16018,1.35874,0.903298,1.17494,1.35874,0.893765,1.16134,1.3787
0.341965,0.837724,0.918153,-0.287882,838950975,0.79405,1.02031,1.22941,0.802515,1.03237,1.21169,0.784256,1.04471,1.21169,0.776008,1.03251,1.22941,0.894529,1.1636,1.3787,0.904071,1.17719,1.35874,0.883308,1.19122,1.35874,0.874011,1.17747,1.3787
-0.0258734,0.838307,0.935331,-2.72253,838950976,0.77565,1.03275,1.22941,0.783898,1.04495,1.21169,0.765639,1.0573,1.21169,0.757608,1.04495,1.22941,0.873653,1.17771,1.3787,0.88295,1.19147,1.35874,0.862187,1.2055,1.35874,0.853135,1.19159,1.3787
0.320447,0.837692,0.95267,15.9348,838950977,0.758406,1.04716,1.22941,0.766445,1.0595,1.21169,0.747766,1.0712,1.21169,0.739949,1.05872,1.22941,0.853819,1.19387,1.3787,0.862881,1.20778,1.35874,0.841641,1.22108,1.35874,0.83283,1.20702,1.3787
0.134102,0.83828,0.969847,-36.174,838950978,0.739583,1.05895,1.22941,0.7474,1.07143,1.21169,0.728721,1.08313,1.21169,0.721126,1.07051,1.22941,0.832463,1.20725,1.3787,0.841274,1.22131,1.35874,0.820034,1.23462,1.35874,0.811473,1.22039,1.3787
0.0437745,0.83767,0.987185,70.9834,838950979,0.721846,1.07274,1.22941,0.729449,1.08536,1.21169,0.710373,1.0964,1.21169,0.702997,1.08365,1.22941,0.812078,1.2227,1.3787,0.820648,1.23692,1.35874,0.798956,1.24947,1.35874,0.790642,1.2351,1.3787
0.12916,0.838263,1.00436,-15.6777,838950980,0.702623,1.08387,1.22941,0.709999,1.09662,1.21169,0.690923,1.10765,1.21169,0.683774,1.09478,1.22941,0.790267,1.23532,1.3787,0.798582,1.24969,1.35874,0.77689,1.26224,1.35874,0.768831,1.24772,1.3787
-0.146269,0.83768,1.12524,-4.15537,838950987,0.567358,1.16187,1.22941,0.57313,1.17542,1.21169,0.552702,1.1837,1.21169,0.547173,1.17005,1.22941,0.635825,1.32293,1.3787,0.642331,1.33821,1.35874,0.619102,1.34761,1.35874,0.61287,1.33223,1.3787
0.368749,0.837765,-0.512629,3.28154,838951253,1.12107,-0.643843,1.22941,1.13419,-0.650549,1.21169,1.14387,-0.63075,1.21169,1.13064,-0.62428,1.22941,1.27695,-0.723407,1.3787,1.29173,-0.730966,1.35874,1.30274,-0.708452,1.35874,1.28783,-0.701158,1.3787
0.296941,0.838344,-0.495449,-13.1694,838951254,1.13083,-0.623891,1.22941,1.14406,-0.630361,1.21169,1.15374,-0.610562,1.21169,1.1404,-0.604328,1.22941,1.28802,-0.70077,1.3787,1.30293,-0.708063,1.35874,1.31394,-0.685549,1.35874,1.2989,-0.678521,1.3787
0.0391672,0.855488,0.827872,-3.60755,838951482,0.881959,0.943587,1.26018,0.891579,0.955031,1.24266,0.874707,0.969213,1.24266,0.865288,0.9576,1.26018,0.993323,1.07607,1.41169,1.00417,1.08897,1.39194,0.984982,1.1051,1.39194,0.974364,1.09201,1.41169
0.0250739,0.8549,0.845215,-3.63331,838951483,0.866312,0.959715,1.26018,0.875733,0.971326,1.24266,0.858377,0.98491,1.24266,0.849163,0.973137,1.26018,0.975336,1.09416,1.41169,0.985955,1.10725,1.39194,0.966219,1.1227,1.39194,0.955832,1.10943,1.41169
0.00598047,0.855531,0.86239,-4.31504,838951484,0.848822,0.973404,1.26018,0.858036,0.985177,1.24266,0.84068,0.998761,1.24266,0.831673,0.986826,1.26018,0.955491,1.10969,1.41169,0.965878,1.12296,1.39194,0.946142,1.13841,1.39194,0.935988,1.12496,1.41169
0.121425,0.854921,0.88364,-16.3534,838951485,0.828734,0.992239,1.26018,0.837747,1.00417,1.24266,0.81993,1.01714,1.24266,0.811129,1.00506,1.26018,0.933031,1.13038,1.41169,0.943191,1.14383,1.39194,0.922931,1.15859,1.39194,0.91301,1.14496,1.41169
0.211497,0.855507,0.900818,-26.0394,838951486,0.81078,1.00531,1.26018,0.81958,1.0174,1.24266,0.801764,1.03037,1.24266,0.793175,1.01813,1.26018,0.91266,1.14522,1.41169,0.922581,1.15884,1.39194,0.902321,1.1736,1.39194,0.892639,1.1598,1.41169
0.131152,0.854879,0.918158,-27.5632,838951487,0.79405,1.02031,1.26018,0.80264,1.03255,1.24266,0.784381,1.0449,1.24266,0.776008,1.03251,1.26018,0.893458,1.16202,1.41169,0.903142,1.17581,1.39194,0.882379,1.18985,1.39194,0.87294,1.17589,1.41169
0.0562129,0.85547,0.935335,-37.3979,838951488,0.77565,1.03275,1.26018,0.784023,1.04514,1.24266,0.765764,1.05748,1.24266,0.757608,1.04495,1.26018,0.872582,1.17613,1.41169,0.882021,1.19009,1.39194,0.861258,1.20413,1.39194,0.852064,1.19,1.41169
0.396661,0.854846,0.952675,-10.7975,838951489,0.758406,1.04716,1.26018,0.766564,1.05969,1.24266,0.747885,1.07139,1.24266,0.739949,1.05872,1.26018,0.852805,1.19225,1.41169,0.862001,1.20638,1.39194,0.84076,1.21968,1.39194,0.831815,1.2054,1.41169
0.328081,0.855442,0.96985,8.82889,838951490,0.739583,1.05895,1.26018,0.747518,1.07162,1.24266,0.728839,1.08332,1.24266,0.721126,1.07051,1.26018,0.831449,1.20563,1.41169,0.840394,1.21991,1.39194,0.819153,1.23321,1.39194,0.810459,1.21877,1.41169
0.0263243,0.854824,0.98719,-2.52834,838951491,0.721847,1.07274,1.26018,0.729562,1.08555,1.24266,0.710486,1.09659,1.24266,0.702997,1.08365,1.26018,0.811121,1.22104,1.41169,0.819817,1.23548,1.39194,0.798125,1.24803,1.39194,0.789684,1.23345,1.41169
0.0889695,0.855425,1.00436,-2.97235,838951492,0.702623,1.08387,1.26018,0.710111,1.09681,1.24266,0.691035,1.10785,1.24266,0.683774,1.09478,1.26018,0.78931,1.23366,1.41169,0.797751,1.24825,1.39194,0.776059,1.2608,1.39194,0.767874,1.24607,1.41169
0.066957,0.872633,0.827875,16.6221,838951994,0.881959,0.943587,1.2913,0.891721,0.955201,1.27397,0.87485,0.969383,1.27397,0.865288,0.9576,1.2913,0.992075,1.07458,1.445,1.00308,1.08768,1.42546,0.983895,1.1038,1.42546,0.973116,1.09052,1.445
0.0147348,0.872037,0.845221,-4.76652,838951995,0.866312,0.959715,1.2913,0.87587,0.971501,1.27397,0.858513,0.985085,1.27397,0.849163,0.973137,1.2913,0.97414,1.09264,1.445,0.984914,1.10592,1.42546,0.965177,1.12137,1.42546,0.954637,1.1079,1.445
0.0471351,0.872676,0.862394,-4.12948,838951996,0.848822,0.973404,1.2913,0.858173,0.985351,1.27397,0.840817,0.998935,1.27397,0.831673,0.986826,1.2913,0.954296,1.10817,1.445,0.964837,1.12163,1.42546,0.9451,1.13708,1.42546,0.934793,1.12343,1.445
0.113975,0.872059,0.883645,33.0279,838951997,0.828734,0.992239,1.2913,0.837877,1.00435,1.27397,0.82006,1.01732,1.27397,0.811129,1.00506,1.2913,0.931889,1.12882,1.445,0.942196,1.14247,1.42546,0.921936,1.15722,1.42546,0.911868,1.1434,1.445
0.0672023,0.872652,0.900821,-4.37654,838951998,0.81078,1.00531,1.2913,0.819711,1.01758,1.27397,0.801894,1.03055,1.27397,0.793175,1.01813,1.2913,0.911519,1.14365,1.445,0.921586,1.15748,1.42546,0.901326,1.17223,1.42546,0.891498,1.15823,1.445
0.0210968,0.872016,0.918163,-3.08179,838951999,0.79405,1.02031,1.2913,0.802764,1.03274,1.27397,0.784505,1.04508,1.27397,0.776008,1.03251,1.2913,0.892372,1.16041,1.445,0.902195,1.17441,1.42546,0.881432,1.18845,1.42546,0.871854,1.17428,1.445
0.118358,0.872615,0.935338,40.0681,838952000,0.77565,1.03275,1.2913,0.784147,1.04532,1.27397,0.765888,1.05767,1.27397,0.757608,1.04495,1.2913,0.871496,1.17452,1.445,0.881074,1.18869,1.42546,0.860312,1.20273,1.42546,0.850978,1.1884,1.445
1.31513,0.871983,0.95268,0.124266,838952001,0.758406,1.04716,1.2913,0.766681,1.05988,1.27397,0.748002,1.07158,1.27397,0.739949,1.05872,1.2913,0.851775,1.19061,1.445,0.861104,1.20494,1.42546,0.839863,1.21825,1.42546,0.830786,1.20375,1.445
2.51554,0.872587,0.969854,-0.163793,838952002,0.739583,1.05895,1.2913,0.747636,1.07181,1.27397,0.728957,1.08351,1.27397,0.721126,1.07051,1.2913,0.830419,1.20398,1.445,0.839497,1.21848,1.42546,0.818256,1.23178,1.42546,0.809429,1.21713,1.445
0.169151,0.871961,0.987195,5.25392,838952003,0.721847,1.07275,1.2913,0.729673,1.08575,1.27397,0.710596,1.09678,1.27397,0.702997,1.08365,1.2913,0.810149,1.21936,1.445,0.818971,1.23402,1.42546,0.797279,1.24657,1.42546,0.788713,1.23177,1.445
0.136305,0.872569,1.00437,3.16313,838952004,0.702623,1.08387,1.2913,0.710222,1.097,1.27397,0.691146,1.10804,1.27397,0.683774,1.09478,1.2913,0.788339,1.23199,1.445,0.796905,1.24679,1.42546,0.775213,1.25934,1.42546,0.766902,1.24439,1.445
-0.0810442,0.889804,0.827884,-1.86613,838952506,0.881958,0.943588,1.32289,0.891889,0.955402,1.30571,0.875003,0.969596,1.30571,0.865287,0.957601,1.32289,0.990887,1.07317,1.47862,1.002,1.08639,1.45939,0.982927,1.10242,1.45939,0.972055,1.089,1.47862
0.138563,0.889201,0.845222,-44.3303,838952507,0.866313,0.959714,1.32289,0.876047,0.971694,1.30571,0.858676,0.98529,1.30571,0.849164,0.973137,1.32289,0.972874,1.09128,1.47862,0.983765,1.10469,1.45939,0.964144,1.12005,1.45939,0.9535,1.10645,1.47862
0.427443,0.889848,0.862403,-1.57903,838952508,0.848821,0.973404,1.32289,0.858333,0.985558,1.30571,0.840963,0.999154,1.30571,0.831672,0.986827,1.32289,0.953158,1.10671,1.47862,0.963802,1.12031,1.45939,0.944181,1.13567,1.45939,0.933784,1.12188,1.47862
0.029927,0.889223,0.883646,-2.94589,838952509,0.828735,0.992238,1.32289,0.838047,1.00455,1.30571,0.820215,1.01753,1.30571,0.81113,1.00506,1.32289,0.93067,1.12742,1.47862,0.941091,1.1412,1.45939,0.920949,1.15586,1.45939,0.910783,1.1419,1.47862
0.0282834,0.889824,0.900829,-1.0694,838952510,0.810779,1.00531,1.32289,0.819864,1.01779,1.30571,0.802032,1.03077,1.30571,0.793174,1.01813,1.32289,0.910432,1.14216,1.47862,0.920598,1.15612,1.45939,0.900456,1.17079,1.45939,0.890544,1.15664,1.47862
-0.016807,0.889179,0.918165,-2.28412,838952511,0.794051,1.02031,1.32289,0.802927,1.03294,1.30571,0.784653,1.0453,1.30571,0.776009,1.03251,1.32289,0.891203,1.15897,1.47862,0.901136,1.17311,1.45939,0.880494,1.18706,1.45939,0.870822,1.17275,1.47862
0.959658,0.889786,0.935347,-2.89467,838952512,0.775649,1.03275,1.32289,0.784293,1.04554,1.30571,0.766018,1.05789,1.30571,0.757607,1.04495,1.32289,0.870461,1.173,1.47862,0.880134,1.1873,1.45939,0.859492,1.20126,1.45939,0.85008,1.18678,1.47862
0.276761,0.889146,0.952681,-1.72961,838952513,0.758407,1.04716,1.32289,0.766837,1.06009,1.30571,0.748142,1.0718,1.30571,0.73995,1.05872,1.32289,0.850657,1.18913,1.47862,0.86009,1.2036,1.45939,0.838974,1.21682,1.45939,0.829807,1.20219,1.47862
0.471345,0.889757,0.969862,-11.722,838952514,0.739582,1.05895,1.32289,0.747774,1.07203,1.30571,0.729079,1.08374,1.30571,0.721125,1.07051,1.32289,0.829439,1.20242,1.47862,0.838606,1.21705,1.45939,0.817489,1.23028,1.45939,0.808589,1.21548,1.47862
0.188754,0.889123,0.987197,-9.40414,838952515,0.721847,1.07274,1.32289,0.729821,1.08596,1.30571,0.710729,1.09701,1.30571,0.702998,1.08365,1.32289,0.809083,1.21785,1.47862,0.818005,1.23264,1.45939,0.79644,1.24512,1.45939,0.787789,1.23017,1.47862
0.13887,0.88974,1.00438,3.3673,838952516,0.702622,1.08387,1.32289,0.710352,1.09723,1.30571,0.69126,1.10828,1.30571,0.683773,1.09478,1.32289,0.787413,1.23039,1.47862,0.796064,1.24534,1.45939,0.774498,1.25782,1.45939,0.76612,1.24271,1.47862
0.0290296,0.906957,0.827888,-2.21667,838953018,0.881958,0.943588,1.3548,0.89202,0.955558,1.3378,0.875134,0.969752,1.3378,0.865287,0.957601,1.3548,0.989685,1.07174,1.51253,1.00094,1.08514,1.4935,0.981871,1.10117,1.4935,0.970853,1.08757,1.51253
-0.0200689,0.906347,0.845227,-2.96614,838953019,0.866313,0.959714,1.3548,0.876172,0.971855,1.3378,0.858801,0.985451,1.3378,0.849164,0.973137,1.3548,0.971722,1.08981,1.51253,0.982755,1.1034,1.4935,0.963134,1.11875,1.4935,0.952349,1.10497,1.51253
-0.00571005,0.907002,0.862406,-3.31596,838953020,0.848821,0.973404,1.3548,0.858459,0.985718,1.3378,0.841088,0.999314,1.3378,0.831672,0.986827,1.3548,0.952007,1.10524,1.51253,0.962791,1.11902,1.4935,0.94317,1.13438,1.4935,0.932633,1.12041,1.51253
-0.0831911,0.906369,0.883651,-1.08321,838953021,0.828735,0.992238,1.3548,0.838167,1.00471,1.3378,0.820335,1.0177,1.3378,0.81113,1.00506,1.3548,0.929571,1.12591,1.51253,0.940126,1.13987,1.4935,0.919984,1.15454,1.4935,0.909683,1.14039,1.51253
0.015516,0.906977,0.900833,-1.71312,838953022,0.810779,1.00531,1.3548,0.819984,1.01795,1.3378,0.802152,1.03094,1.3378,0.793174,1.01813,1.3548,0.909332,1.14065,1.51253,0.919633,1.15479,1.4935,0.899491,1.16946,1.4935,0.889445,1.15513,1.51253
-0.00836793,0.906325,0.918169,-2.68537,838953023,0.794051,1.02031,1.3548,0.803041,1.03311,1.3378,0.784767,1.04546,1.3378,0.776009,1.03251,1.3548,0.890157,1.15743,1.51253,0.900217,1.17175,1.4935,0.879576,1.1857,1.4935,0.869775,1.17121,1.51253
-0.015248,0.906938,0.93535,-2.75018,838953024,0.775649,1.03275,1.3548,0.784407,1.04571,1.3378,0.766132,1.05806,1.3378,0.757607,1.04495,1.3548,0.869415,1.17145,1.51253,0.879216,1.18595,1.4935,0.858574,1.1999,1.4935,0.849034,1.18523,1.51253
0.0710755,0.906291,0.952686,-2.30257,838953025,0.758407,1.04716,1.3548,0.766945,1.06026,1.3378,0.74825,1.07197,1.3378,0.73995,1.05872,1.3548,0.849665,1.18755,1.51253,0.85922,1.20221,1.4935,0.838104,1.21543,1.4935,0.828816,1.2006,1.51253
0.0381609,0.90691,0.969866,-2.09258,838953026,0.739582,1.05895,1.3548,0.747882,1.0722,1.3378,0.729187,1.08391,1.3378,0.721125,1.07051,1.3548,0.828447,1.20084,1.51253,0.837735,1.21566,1.4935,0.816619,1.22889,1.4935,0.807597,1.21389,1.51253
0.0677609,0.906268,0.987201,-2.86738,838953027,0.721847,1.07274,1.3548,0.729923,1.08614,1.3378,0.710831,1.09719,1.3378,0.702998,1.08365,1.3548,0.808147,1.21623,1.51253,0.817184,1.23122,1.4935,0.795618,1.2437,1.4935,0.786854,1.22856,1.51253
-0.0289484,0.906892,1.00438,-2.40099,838953028,0.702622,1.08387,1.3548,0.710454,1.0974,1.3378,0.691362,1.10845,1.3378,0.683773,1.09478,1.3548,0.786478,1.22877,1.51253,0.795242,1.24392,1.4935,0.773677,1.2564,1.4935,0.765184,1.2411,1.51253
-0.0233525,0.924087,0.827891,-2.38982,838953530,0.881958,0.943588,1.38705,0.892149,0.955712,1.37024,0.875264,0.969906,1.37024,0.865287,0.957601,1.38705,0.988468,1.07029,1.54677,0.999872,1.08386,1.52795,0.980799,1.09989,1.52795,0.969635,1.08612,1.54677
0.0334838,0.92347,0.845232,-2.13551,838953531,0.866313,0.959714,1.38705,0.876296,0.972014,1.37024,0.858925,0.985609,1.37024,0.849164,0.973137,1.38705,0.970557,1.08832,1.54677,0.981728,1.10209,1.52795,0.962107,1.11744,1.52795,0.951183,1.10349,1.54677
-0.00542479,0.924132,0.862409,-2.52145,838953532,0.848821,0.973404,1.38705,0.858583,0.985877,1.37024,0.841212,0.999473,1.37024,0.831672,0.986827,1.38705,0.950841,1.10375,1.54677,0.961764,1.11771,1.52795,0.942143,1.13307,1.52795,0.931467,1.11892,1.54677
0.0889112,0.923492,0.883655,-11.0218,838953533,0.828735,0.992238,1.38705,0.838285,1.00488,1.37024,0.820454,1.01786,1.37024,0.81113,1.00506,1.38705,0.928457,1.12438,1.54677,0.939145,1.13852,1.52795,0.919003,1.15319,1.52795,0.90857,1.13886,1.54677
-0.00312474,0.924107,0.900836,-2.728,838953534,0.810779,1.00531,1.38705,0.820102,1.01812,1.37024,0.802271,1.0311,1.37024,0.793174,1.01813,1.38705,0.908218,1.13912,1.54677,0.918652,1.15345,1.52795,0.89851,1.16812,1.52795,0.888331,1.1536,1.54677
0.0857599,0.9576,1.65083,-3.02113,838954601,-0.0921276,1.28967,1.45268,-0.0940921,1.30578,1.43625,-0.115939,1.30274,1.43625,-0.113697,1.28666,1.45268,-0.111665,1.45018,1.6163,-0.113863,1.46821,1.59791,-0.13854,1.46477,1.59791,-0.136031,1.44678,1.6163
0.276628,0.991897,-2.33086,-45.7569,838955757,-0.898962,-0.929294,1.52031,-0.909946,-0.941898,1.50416,-0.893047,-0.956103,1.50416,-0.882291,-0.943308,1.52031,-1.00265,-1.04851,1.68749,-1.01485,-1.06251,1.66955,-0.995892,-1.07845,1.66955,-0.983944,-1.06424,1.68749
0.130739,1.04319,-3.0635,0.634345,838957251,-1.28989,-0.0895878,1.62476,-1.30701,-0.091677,1.60917,-1.30396,-0.113541,1.60917,-1.28688,-0.111156,1.62476,-1.44109,-0.108011,1.79714,-1.46011,-0.110331,1.77982,-1.45668,-0.134863,1.77982,-1.43771,-0.132214,1.79714
0.167674,1.06099,-1.02095,5.56068,838957880,0.665303,-1.10719,1.66072,0.675105,-1.12175,1.64521,0.693433,-1.10942,1.64521,0.68337,-1.09503,1.66072,0.749333,-1.23203,1.83468,0.760141,-1.24809,1.81758,0.78057,-1.23433,1.81758,0.769473,-1.21847,1.83468
0.171501,1.06103,-0.951918,-17.8264,838957884,0.740049,-1.05862,1.66072,0.750843,-1.07246,1.64521,0.768265,-1.05888,1.64521,0.757222,-1.04523,1.66072,0.832589,-1.17729,1.83468,0.844491,-1.19255,1.81758,0.86391,-1.17741,1.81758,0.851733,-1.16236,1.83468
0.218504,1.1289,-1.98177,47.8574,838959873,-0.526911,-1.18071,1.80898,-0.533442,-1.19769,1.79421,-0.512688,-1.20526,1.79421,-0.506454,-1.18818,1.80898,-0.578322,-1.31428,1.98905,-0.585523,-1.333,1.97277,-0.56239,-1.34144,1.97277,-0.555516,-1.32261,1.98905
0.652111,1.12889,-0.792594,1.76983,838959941,0.899553,-0.928724,1.80898,0.912843,-0.941139,1.79421,0.927643,-0.924737,1.79421,0.914142,-0.912555,1.80898,1.00412,-1.02644,1.98905,1.01878,-1.04013,1.97277,1.03527,-1.02185,1.97277,1.02039,-1.00842,1.98905
0.130919,1.15131,-0.128976,20.5389,838960131,1.28064,-0.177515,1.8594,1.2991,-0.179157,1.84468,1.30066,-0.157104,1.84468,1.28218,-0.155792,1.8594,1.42146,-0.189862,2.04086,1.44167,-0.19166,2.02474,1.4434,-0.167238,2.02474,1.42317,-0.165801,2.04086
0.129648,1.15127,-0.0944588,19.0319,838960133,1.28607,-0.133223,1.8594,1.30457,-0.13422,1.84468,1.30537,-0.112125,1.84468,1.28685,-0.11146,1.8594,1.42723,-0.140645,2.04086,1.44749,-0.141736,2.02474,1.44837,-0.117268,2.02474,1.4281,-0.116539,2.04086
0.162296,1.15123,-0.65453,-13.4738,838960461,1.01886,-0.796146,1.8594,1.03402,-0.806793,1.84468,1.0464,-0.788476,1.84468,1.03105,-0.778103,1.8594,1.13465,-0.877233,2.04086,1.15125,-0.888892,2.02474,1.16496,-0.868607,2.02474,1.14815,-0.857248,2.04086
0.179369,1.15196,-0.288281,4.86399,838960482,1.2351,-0.378109,1.8594,1.25308,-0.382608,1.84468,1.25844,-0.361161,1.84468,1.24039,-0.356983,1.8594,1.37221,-0.41243,2.04086,1.39189,-0.417356,2.02474,1.39784,-0.393605,2.02474,1.37807,-0.389031,2.04086
0.256176,1.16919,-0.917378,7.11949,838960958,0.776105,-1.03241,1.89852,0.788091,-1.04672,1.88398,0.80504,-1.03252,1.88398,0.7928,-1.01843,1.89852,0.865721,-1.1394,2.08135,0.878847,-1.15507,2.06543,0.897616,-1.13935,2.06543,0.884213,-1.12391,2.08135
0.156544,1.18552,-1.00359,10.3734,838961465,0.685114,-1.0966,1.93814,0.695887,-1.11202,1.92378,0.713785,-1.09904,1.92378,0.702744,-1.08382,1.93814,0.764096,-1.20952,2.12232,0.775893,-1.2264,2.1066,0.795714,-1.21203,2.1066,0.783624,-1.19536,2.12232
0.206233,1.18554,-0.270942,9.9576,838961507,1.24274,-0.356985,1.93814,1.26106,-0.361236,1.92378,1.26568,-0.339615,1.92378,1.24729,-0.335688,1.93814,1.37699,-0.388046,2.12232,1.39706,-0.3927,2.1066,1.40217,-0.368756,2.1066,1.38203,-0.364456,2.12232
0.147587,1.18557,-0.236426,-7.38368,838961509,1.25427,-0.313879,1.93814,1.27273,-0.317487,1.92378,1.27659,-0.295717,1.92378,1.25807,-0.292435,1.93814,1.38953,-0.340231,2.12232,1.40974,-0.344182,2.1066,1.41402,-0.320074,2.1066,1.39374,-0.31648,2.12232
0.189514,1.20339,-0.253759,-11.97,838962020,1.24738,-0.335256,1.97827,1.26591,-0.339212,1.9641,1.27053,-0.317591,1.9641,1.25193,-0.313958,1.97827,1.38036,-0.363648,2.16379,1.40065,-0.36798,2.14826,1.40576,-0.344036,2.14826,1.3854,-0.340058,2.16379
0.134205,1.22044,-1.05543,14.1599,838962486,0.626705,-1.12949,2.01894,0.636802,-1.14568,2.00495,0.655563,-1.13398,2.00495,0.645185,-1.11796,2.01894,0.69769,-1.24334,2.20576,0.708746,-1.26107,2.19045,0.729522,-1.24811,2.19045,0.718158,-1.23057,2.20576
0.378439,1.22048,-0.253757,-4.54442,838962532,1.24738,-0.335256,2.01894,1.26604,-0.339241,2.00495,1.27066,-0.31762,2.00495,1.25193,-0.313958,2.01894,1.37859,-0.36327,2.20576,1.39902,-0.367633,2.19045,1.40414,-0.343689,2.19045,1.38362,-0.33968,2.20576
0.310455,1.25475,-2.03359,-46.8713,838963454,-0.586838,-1.15068,2.10248,-0.594778,-1.16847,2.08876,-0.574577,-1.17749,2.08876,-0.566951,-1.15956,2.10248,-0.640134,-1.27009,2.29171,-0.648771,-1.28944,2.27678,-0.626539,-1.29936,2.27678,-0.618244,-1.27986,2.29171
0.134565,1.25403,-0.792572,6.83401,838963525,0.899552,-0.928726,2.10248,0.913784,-0.942031,2.08876,0.928604,-0.925607,2.08876,0.914141,-0.912557,2.10248,0.995165,-1.01795,2.29171,1.01065,-1.03242,2.27678,1.02696,-1.01435,2.27678,1.01122,-1.00015,2.29171
0.139252,1.25475,-0.288262,14.9505,838963554,1.23511,-0.378108,2.10248,1.254,-0.382839,2.08876,1.25937,-0.361379,2.08876,1.24039,-0.356982,2.10248,1.36195,-0.409861,2.29171,1.38251,-0.415006,2.27678,1.38842,-0.391389,2.27678,1.36777,-0.386606,2.29171
0.509394,1.28904,-0.111768,0.191739,838964228,1.28222,-0.155351,2.18821,1.30189,-0.156747,2.17484,1.30346,-0.134681,2.17484,1.28376,-0.133627,2.18821,1.40921,-0.164367,2.37977,1.43061,-0.165886,2.36523,1.43234,-0.141601,2.36523,1.41091,-0.140455,2.37977
0.339716,1.28897,1.38804,-29.1562,838964314,0.245935,1.26808,2.18821,0.2487,1.28761,2.17484,0.226796,1.29071,2.17484,0.224372,1.27113,2.18821,0.263778,1.39413,2.37977,0.266785,1.41538,2.36523,0.24268,1.41879,2.36523,0.240043,1.39749,2.37977
0.141536,1.28908,-0.844417,10.5087,838964546,0.849254,-0.973029,2.18821,0.862941,-0.987233,2.17484,0.878871,-0.971884,2.17484,0.864936,-0.957918,2.18821,0.937594,-1.06471,2.37977,0.952481,-1.08016,2.36523,0.970013,-1.06326,2.36523,0.954856,-1.04807,2.37977
0.147043,1.28897,-0.322773,-29.5049,838964576,1.22134,-0.420506,2.18821,1.2403,-0.425962,2.17484,1.24642,-0.404703,2.17484,1.22736,-0.399578,2.18821,1.34369,-0.455717,2.37977,1.36431,-0.46165,2.36523,1.37104,-0.438254,2.36523,1.35032,-0.43268,2.37977
0.116584,1.30617,-0.146284,-7.87493,838964738,1.27602,-0.199494,2.23194,1.29575,-0.20159,2.21875,1.29809,-0.179592,2.21875,1.27832,-0.177838,2.23194,1.40089,-0.212756,2.42464,1.42236,-0.215036,2.4103,1.42493,-0.190826,2.4103,1.40342,-0.188919,2.42464
0.172612,1.30539,-0.12895,8.32653,838964739,1.28064,-0.177516,2.23194,1.30041,-0.179264,2.21875,1.30198,-0.157198,2.21875,1.28218,-0.155793,2.23194,1.40575,-0.188597,2.42464,1.42725,-0.190499,2.4103,1.42898,-0.166214,2.4103,1.40744,-0.164686,2.42465
0.224025,1.30612,-0.111766,0.386821,838964740,1.28222,-0.155351,2.23194,1.30201,-0.156756,2.21875,1.30358,-0.13469,2.21875,1.28376,-0.133627,2.23194,1.40748,-0.164244,2.42464,1.42901,-0.165772,2.4103,1.43073,-0.141488,2.4103,1.40917,-0.140332,2.42464
0.140318,1.30532,-0.758048,13.3671,838965063,0.931097,-0.897164,2.23194,0.946065,-0.9102,2.21875,0.960302,-0.893268,2.21875,0.945112,-0.880496,2.23194,1.0258,-0.97966,2.42464,1.04208,-0.993838,2.4103,1.05775,-0.975204,2.4103,1.04123,-0.961312,2.42464
-0.0852667,1.32339,-0.533763,-4.50894,838965588,1.10602,-0.666891,2.27679,1.12377,-0.676353,2.26367,1.13418,-0.656819,2.26367,1.11626,-0.647671,2.27679,1.21541,-0.725178,2.47054,1.2346,-0.735403,2.45637,1.24599,-0.714033,2.45637,1.22662,-0.704148,2.47054
-0.0582077,1.32263,-0.512532,-3.81281,838965589,1.12107,-0.643849,2.27679,1.13899,-0.653009,2.26367,1.14871,-0.633126,2.26367,1.13064,-0.624285,2.27679,1.23152,-0.700151,2.47054,1.25088,-0.710051,2.45637,1.26152,-0.688299,2.45637,1.24199,-0.678745,2.47054
-0.0499887,1.32336,-0.495342,-4.79535,838965590,1.13083,-0.623886,2.27679,1.14891,-0.632726,2.26367,1.15863,-0.612843,2.26367,1.1404,-0.604322,2.27679,1.24218,-0.678345,2.47054,1.26172,-0.687899,2.45637,1.27236,-0.666147,2.45637,1.25265,-0.656939,2.47054
-0.0934052,1.32257,-0.478013,-3.92643,838965591,1.1427,-0.604816,2.27679,1.16092,-0.613346,2.26367,1.16995,-0.593135,2.26367,1.15157,-0.584931,2.27679,1.25504,-0.657227,2.47054,1.27474,-0.666444,2.45637,1.28461,-0.644334,2.45637,1.26476,-0.635468,2.47054
0.03212,1.32331,-0.460824,-4.67876,838965592,1.15176,-0.584524,2.27679,1.17013,-0.592728,2.26367,1.17915,-0.572517,2.26367,1.16063,-0.564639,2.27679,1.26494,-0.635062,2.47054,1.2848,-0.643928,2.45637,1.29467,-0.621818,2.45637,1.27466,-0.613304,2.47054
0.0158202,1.32253,-0.443495,-4.79266,838965593,1.16294,-0.565053,2.27679,1.18146,-0.57294,2.26367,1.18977,-0.552426,2.26367,1.17112,-0.544869,2.27679,1.27705,-0.613507,2.47054,1.29706,-0.622031,2.45637,1.30616,-0.59959,2.45637,1.286,-0.591423,2.47054
0.058496,1.32328,-0.426308,-4.02793,838965594,1.17129,-0.544457,2.27679,1.18994,-0.552014,2.26367,1.19825,-0.5315,2.26367,1.17947,-0.524273,2.27679,1.28617,-0.59101,2.47054,1.30632,-0.599177,2.45637,1.31542,-0.576736,2.45637,1.29512,-0.568926,2.47054
0.0968569,1.32325,-0.357278,-30.6611,838965598,1.2061,-0.462397,2.27679,1.22524,-0.468634,2.26367,1.2321,-0.44759,2.26367,1.21285,-0.441692,2.27679,1.32395,-0.500817,2.47054,1.34463,-0.507557,2.45637,1.35213,-0.484536,2.45637,1.33134,-0.478162,2.47054
0.117231,1.33976,-0.550946,-3.81276,838966099,1.09557,-0.686504,2.32205,1.11325,-0.696332,2.30911,1.12366,-0.676797,2.30911,1.10581,-0.667284,2.32205,1.20256,-0.745835,2.51684,1.22167,-0.756455,2.50285,1.23306,-0.735085,2.50285,1.21376,-0.724805,2.51684
0.220502,1.35683,-0.44349,5.99897,838966617,1.16294,-0.565053,2.36792,1.18166,-0.573022,2.35515,1.18997,-0.552508,2.35515,1.17112,-0.544869,2.36792,1.27403,-0.61228,2.56372,1.29425,-0.620892,2.54992,1.30335,-0.59845,2.54992,1.28298,-0.590195,2.56372
0.118355,1.35755,-0.357275,-3.71376,838966622,1.2061,-0.462397,2.36792,1.22544,-0.468701,2.35515,1.2323,-0.447657,2.35515,1.21285,-0.441692,2.36792,1.32085,-0.499804,2.56372,1.34175,-0.506617,2.54992,1.34925,-0.483596,2.54992,1.32823,-0.477149,2.56372
0.710693,1.37466,-0.671824,1.27915,838967116,1.00386,-0.812869,2.41441,1.02039,-0.824903,2.40181,1.03342,-0.807008,2.40181,1.01668,-0.795263,2.41441,1.1001,-0.882932,2.61122,1.11796,-0.895936,2.5976,1.13222,-0.87636,2.5976,1.11413,-0.863667,2.61122
0.0437793,1.374,-0.550941,-2.56515,838967123,1.09557,-0.686504,2.41441,1.11344,-0.696433,2.40181,1.12385,-0.676898,2.40181,1.10581,-0.667284,2.41441,1.19966,-0.74429,2.61122,1.21898,-0.755019,2.5976,1.23036,-0.73365,2.5976,1.21086,-0.72326,2.61122
-0.0661936,1.3748,-0.533757,-2.71961,838967124,1.10602,-0.666891,2.41441,1.12406,-0.676505,2.40181,1.13447,-0.656971,2.40181,1.11626,-0.647671,2.41441,1.21107,-0.722867,2.61122,1.23057,-0.733257,2.5976,1.24196,-0.711887,2.5976,1.22228,-0.701837,2.61122
0.091332,1.37403,-0.512525,-23.5224,838967125,1.12107,-0.643849,2.41441,1.13928,-0.653152,2.40181,1.149,-0.633268,2.40181,1.13064,-0.624285,2.41441,1.2271,-0.697992,2.61122,1.24678,-0.708045,2.5976,1.25742,-0.686293,2.5976,1.23757,-0.676586,2.61122
-0.0375161,1.37477,-0.495337,-4.23653,838967126,1.13083,-0.623886,2.41441,1.1492,-0.632868,2.40181,1.15892,-0.612985,2.40181,1.1404,-0.604322,2.41441,1.23777,-0.676186,2.61122,1.25762,-0.685893,2.5976,1.26826,-0.664142,2.5976,1.24824,-0.65478,2.61122
0.0916225,1.37397,-0.478005,51.0532,838967127,1.1427,-0.604816,2.41441,1.16122,-0.613478,2.40181,1.17024,-0.593267,2.40181,1.15157,-0.584931,2.41441,1.25056,-0.655223,2.61122,1.27057,-0.664583,2.5976,1.28045,-0.642473,2.5976,1.26027,-0.633465,2.61122
0.160233,1.3747,-0.253727,12.4664,838967140,1.24738,-0.335254,2.41441,1.26738,-0.339523,2.40181,1.272,-0.317877,2.40181,1.25193,-0.313956,2.41441,1.3638,-0.36011,2.61122,1.3854,-0.364723,2.5976,1.39046,-0.341043,2.5976,1.36877,-0.336806,2.61122
0.102017,1.39174,-0.671822,32.8149,838967628,1.00386,-0.812869,2.46154,1.02048,-0.824965,2.44911,1.03351,-0.80707,2.44911,1.01668,-0.795263,2.46154,1.09876,-0.881957,2.65934,1.11672,-0.895028,2.64591,1.13097,-0.875453,2.64591,1.11279,-0.862693,2.65934
-0.0164553,1.39098,-0.65449,-1.4559,838967629,1.01885,-0.796148,2.46154,1.03568,-0.80795,2.44911,1.04808,-0.789612,2.44911,1.03105,-0.778104,2.46154,1.11496,-0.863579,2.65934,1.13315,-0.876334,2.64591,1.1467,-0.856272,2.64591,1.1283,-0.843836,2.65934
0.00590057,1.39176,-0.637307,-3.01029,838967630,1.0313,-0.777735,2.46154,1.04833,-0.789243,2.44911,1.06072,-0.770905,2.44911,1.04349,-0.759692,2.46154,1.12855,-0.843467,2.65934,1.14695,-0.855903,2.64591,1.16051,-0.835842,2.64591,1.1419,-0.823725,2.65934
0.100615,1.391,-0.619974,10.9982,838967631,1.0457,-0.760501,2.46154,1.06293,-0.771709,2.44911,1.07467,-0.752948,2.44911,1.05725,-0.742042,2.46154,1.1441,-0.824534,2.65934,1.16272,-0.836646,2.64591,1.17557,-0.816123,2.64591,1.15675,-0.804337,2.65934
0.143803,1.39179,-0.602792,7.41817,838967632,1.05749,-0.741665,2.46154,1.07491,-0.752571,2.44911,1.08665,-0.733811,2.44911,1.06905,-0.723207,2.46154,1.15698,-0.80396,2.65934,1.1758,-0.815746,2.64591,1.18865,-0.795223,2.64591,1.16963,-0.783764,2.65934
0.163109,1.39103,-0.585457,-4.99245,838967633,1.07128,-0.723938,2.46154,1.08889,-0.734537,2.44911,1.09997,-0.715378,2.44911,1.08218,-0.705087,2.46154,1.17186,-0.784495,2.65934,1.19089,-0.79595,2.64591,1.20301,-0.774991,2.64591,1.18379,-0.763869,2.65934
0.283781,1.39183,-0.568274,1.72251,838967634,1.08241,-0.704702,2.46155,1.10019,-0.714993,2.44911,1.11128,-0.695834,2.44911,1.09331,-0.685851,2.46154,1.18401,-0.763484,2.65934,1.20324,-0.774605,2.64591,1.21536,-0.753646,2.64591,1.19594,-0.742858,2.65934
0.177537,1.39108,-0.550939,2.69218,838967635,1.09557,-0.686504,2.46154,1.11353,-0.696482,2.44911,1.12394,-0.676948,2.44911,1.10581,-0.667284,2.46154,1.1982,-0.743512,2.65934,1.21762,-0.754294,2.64591,1.229,-0.732925,2.64591,1.2094,-0.722482,2.65934
1.73898,1.39188,-0.533755,0.676173,838967636,1.10602,-0.666891,2.46154,1.12415,-0.676555,2.44911,1.13456,-0.65702,2.44911,1.11626,-0.647671,2.46154,1.20961,-0.722089,2.65934,1.22921,-0.732532,2.64591,1.2406,-0.711162,2.64591,1.22082,-0.701059,2.65934
0.513869,1.39111,-0.512522,2.54408,838967637,1.12107,-0.643849,2.46154,1.13937,-0.653198,2.44911,1.1491,-0.633314,2.44911,1.13064,-0.624285,2.46154,1.22562,-0.697264,2.65934,1.2454,-0.707368,2.64591,1.25604,-0.685616,2.64591,1.23609,-0.675859,2.65934
0.0329413,1.39185,-0.495336,-3.12477,838967638,1.13083,-0.623886,2.46154,1.14929,-0.632915,2.44911,1.15902,-0.613031,2.44911,1.1404,-0.604322,2.46154,1.23628,-0.675459,2.65934,1.25623,-0.685216,2.64591,1.26687,-0.663464,2.64591,1.24675,-0.654053,2.65934
0.075347,1.39105,-0.478003,-2.99477,838967639,1.1427,-0.604816,2.46155,1.16132,-0.613521,2.44911,1.17034,-0.59331,2.44911,1.15157,-0.584931,2.46154,1.24904,-0.654548,2.65934,1.26917,-0.663954,2.64591,1.27904,-0.641844,2.64591,1.25876,-0.63279,2.65934
0.116244,1.39181,-0.460818,11.2903,838967640,1.15176,-0.584524,2.46154,1.17052,-0.592903,2.44911,1.17955,-0.572692,2.44911,1.16063,-0.564639,2.46154,1.25894,-0.632383,2.65934,1.27922,-0.641438,2.64591,1.28909,-0.619328,2.64591,1.26866,-0.610625,2.65934
0.313595,1.39101,-0.443486,8.73143,838967641,1.16294,-0.565053,2.46154,1.18186,-0.573101,2.44911,1.19017,-0.552587,2.44911,1.17112,-0.544869,2.46154,1.27097,-0.61104,2.65934,1.2914,-0.619737,2.64591,1.3005,-0.597296,2.64591,1.27992,-0.588955,2.65934
2.13087,1.39177,-0.426301,-0.219214,838967642,1.17129,-0.544457,2.46154,1.19034,-0.552175,2.44911,1.19865,-0.531661,2.44911,1.17947,-0.524273,2.46154,1.28008,-0.588543,2.65934,1.30067,-0.596884,2.64591,1.30976,-0.574442,2.64591,1.28903,-0.566458,2.65934
0.0246966,1.39099,-0.408969,-3.14841,838967643,1.18179,-0.524606,2.46155,1.20097,-0.531989,2.44911,1.20857,-0.511197,2.44911,1.18926,-0.504149,2.46154,1.29135,-0.566792,2.65934,1.31208,-0.574771,2.64591,1.32039,-0.552026,2.64591,1.29953,-0.544409,2.65934
0.213092,1.40819,-0.827065,2.33404,838968131,0.866922,-0.959167,2.5098,0.881646,-0.973929,2.49743,0.897047,-0.958015,2.49743,0.882067,-0.943518,2.5098,0.948837,-1.04111,2.7085,0.96465,-1.05696,2.69522,0.981402,-1.03965,2.69522,0.965314,-1.02408,2.7085
0.1757,1.40895,-0.809876,-26.4282,838968132,0.882378,-0.943196,2.5098,0.897358,-0.957693,2.49743,0.912759,-0.941779,2.49743,0.897523,-0.927547,2.5098,0.965624,-1.02376,2.7085,0.981713,-1.03933,2.69522,0.998464,-1.02202,2.69522,0.982101,-1.00673,2.7085
0.124161,1.40812,-0.654486,-1.73582,838968141,1.01885,-0.796148,2.5098,1.03592,-0.808126,2.49743,1.04832,-0.789778,2.49743,1.03105,-0.778105,2.5098,1.11376,-0.862605,2.7085,1.13209,-0.875469,2.69522,1.14558,-0.855511,2.69522,1.12703,-0.842975,2.7085
0.139062,1.4089,-0.6373,-24.4483,838968142,1.0313,-0.777735,2.5098,1.04857,-0.789408,2.49743,1.06097,-0.77106,2.49743,1.04349,-0.759691,2.5098,1.12728,-0.842604,2.7085,1.14583,-0.855141,2.69522,1.15932,-0.835183,2.69522,1.14055,-0.822974,2.7085
0.149413,1.40814,-0.61997,38.4246,838968143,1.0457,-0.760501,2.5098,1.06317,-0.771876,2.49743,1.07492,-0.753106,2.49743,1.05725,-0.742043,2.5098,1.14287,-0.823603,2.7085,1.16163,-0.835819,2.69522,1.17442,-0.815402,2.69522,1.15544,-0.803521,2.7085
0.390367,1.40893,-0.602784,-1.0365,838968144,1.05749,-0.741664,2.5098,1.07516,-0.752727,2.49743,1.08691,-0.733957,2.49743,1.06905,-0.723206,2.5098,1.15568,-0.803142,2.7085,1.17465,-0.815023,2.69522,1.18744,-0.794607,2.69522,1.16825,-0.783061,2.7085
0.460075,1.40817,-0.585453,-0.765345,838968145,1.07128,-0.723939,2.5098,1.08914,-0.734696,2.49743,1.10023,-0.715527,2.49743,1.08218,-0.705088,2.5098,1.17059,-0.783608,2.7085,1.18977,-0.795161,2.69522,1.20184,-0.774311,2.69522,1.18246,-0.763099,2.7085
0.356501,1.40897,-0.568266,7.88831,838968146,1.08241,-0.704701,2.5098,1.10045,-0.71514,2.49743,1.11154,-0.695971,2.49743,1.09331,-0.685851,2.5098,1.18268,-0.762712,2.7085,1.20206,-0.773924,2.69522,1.21412,-0.753073,2.69522,1.19454,-0.742204,2.7085
0.344015,1.40822,-0.550935,-3.31007,838968147,1.09556,-0.686505,2.5098,1.11379,-0.696632,2.49743,1.1242,-0.677087,2.49743,1.10581,-0.667285,2.5098,1.1969,-0.742669,2.7085,1.21648,-0.753545,2.69522,1.2278,-0.732286,2.69522,1.20804,-0.721758,2.7085
2.13951,1.40903,-0.533747,0.568901,838968148,1.10602,-0.66689,2.5098,1.12441,-0.676693,2.49743,1.13483,-0.657148,2.49743,1.11626,-0.647671,2.5098,1.20825,-0.721364,2.7085,1.22801,-0.731892,2.69522,1.23934,-0.710633,2.69522,1.2194,-0.700454,2.7085
5.50036,1.40825,-0.512519,-0.182633,838968149,1.12107,-0.64385,2.5098,1.13963,-0.653339,2.49743,1.14936,-0.633445,2.49743,1.13064,-0.624286,2.5098,1.22429,-0.696467,2.7085,1.24423,-0.706659,2.69522,1.25481,-0.68502,2.69522,1.2347,-0.675183,2.7085
0.545726,1.409,-0.495328,-0.159644,838968150,1.13083,-0.623885,2.5098,1.14956,-0.633044,2.49743,1.15929,-0.61315,2.49743,1.1404,-0.604321,2.5098,1.2349,-0.674782,2.7085,1.25501,-0.684618,2.69522,1.26559,-0.662979,2.69522,1.24531,-0.653498,2.7085
0.0305975,1.40819,-0.477999,-4.36316,838968151,1.14269,-0.604817,2.5098,1.16158,-0.613652,2.49743,1.17061,-0.593431,2.49743,1.15157,-0.584932,2.5098,1.24769,-0.653798,2.7085,1.26798,-0.663287,2.69522,1.2778,-0.641291,2.69522,1.25735,-0.632163,2.7085
0.0538547,1.40895,-0.46081,-4.39113,838968152,1.15176,-0.584524,2.5098,1.17079,-0.593023,2.49743,1.17982,-0.572801,2.49743,1.16064,-0.564638,2.5098,1.25754,-0.631755,2.7085,1.27798,-0.640883,2.69522,1.2878,-0.618887,2.69522,1.2672,-0.61012,2.7085
0.0415968,1.40815,-0.443482,-5.29747,838968153,1.16294,-0.565053,2.5098,1.18213,-0.573224,2.49743,1.19044,-0.552699,2.49743,1.17112,-0.54487,2.5098,1.26959,-0.610337,2.7085,1.29019,-0.619111,2.69522,1.29924,-0.596786,2.69522,1.27849,-0.588378,2.7085
0.202078,1.40891,-0.426294,-2.38314,838968154,1.17129,-0.544456,2.5098,1.19061,-0.552285,2.49743,1.19893,-0.53176,2.49743,1.17947,-0.524272,2.5098,1.27866,-0.587964,2.7085,1.29941,-0.596372,2.69522,1.30845,-0.574047,2.69522,1.28755,-0.566005,2.7085
0.119796,1.40812,-0.408966,-2.47822,838968155,1.18179,-0.524607,2.5098,1.20125,-0.532102,2.49743,1.20884,-0.511299,2.49743,1.18926,-0.50415,2.5098,1.28995,-0.566138,2.7085,1.31085,-0.574188,2.69522,1.31911,-0.55156,2.69522,1.29808,-0.543881,2.7085
0.32919,1.42607,0.34087,-47.3828,838968350,1.22115,0.421053,2.55868,1.24058,0.428879,2.54647,1.2323,0.449421,2.54647,1.21301,0.441254,2.55868,1.32717,0.463766,2.75827,1.34803,0.472171,2.74516,1.33903,0.494514,2.74516,1.31832,0.485743,2.75827
0.144569,1.42621,-0.882811,0.953734,838968640,0.811225,-1.00495,2.55868,0.825224,-1.02053,2.54647,0.841694,-1.00572,2.54647,0.827421,-0.990393,2.55868,0.887633,-1.08996,2.75827,0.902668,-1.10669,2.74516,0.920583,-1.09058,2.74516,0.905254,-1.07412,2.75827
0.288086,1.42543,-0.861583,4.54543,838968641,0.833251,-0.988449,2.55868,0.847517,-1.00378,2.54647,0.863464,-0.988418,2.54647,0.848933,-0.973338,2.55868,0.911181,-1.07208,2.75827,0.926502,-1.08855,2.74516,0.943848,-1.07184,2.74516,0.928243,-1.05564,2.75827
0.449109,1.42608,-0.740843,-1.27502,838968648,0.945399,-0.880155,2.55868,0.961427,-0.893632,2.54647,0.975679,-0.876682,2.54647,0.959414,-0.863487,2.55868,1.03288,-0.953714,2.75827,1.0501,-0.968188,2.74516,1.0656,-0.949751,2.74516,1.04813,-0.935579,2.75827
0.35979,1.4253,-0.654484,-7.81718,838968653,1.01885,-0.796148,2.55868,1.036,-0.80818,2.54647,1.0484,-0.789832,2.54647,1.03105,-0.778105,2.55868,1.11248,-0.861739,2.75827,1.13089,-0.874661,2.74516,1.14438,-0.854703,2.74516,1.12575,-0.842109,2.75827
0.515955,1.42609,-0.637298,4.256,838968654,1.0313,-0.777735,2.55868,1.04865,-0.789461,2.54647,1.06105,-0.771113,2.54647,1.04349,-0.759691,2.55868,1.126,-0.841739,2.75827,1.14463,-0.854333,2.74516,1.15812,-0.834375,2.74516,1.13927,-0.822109,2.75827
0.483205,1.42532,-0.619968,0.959491,838968655,1.0457,-0.760501,2.55868,1.06325,-0.771927,2.54647,1.075,-0.753157,2.54647,1.05725,-0.742043,2.55868,1.14156,-0.822782,2.75827,1.16041,-0.835053,2.74516,1.17319,-0.814636,2.74516,1.15413,-0.802701,2.75827
0.979878,1.42612,-0.602782,0.0186311,838968656,1.05749,-0.741664,2.55868,1.07524,-0.752778,2.54647,1.08699,-0.734008,2.54647,1.06905,-0.723206,2.55868,1.15437,-0.802322,2.75827,1.17343,-0.814258,2.74516,1.18621,-0.793841,2.74516,1.16694,-0.78224,2.75827
37.0139,1.42536,-0.585451,0.327038,838968657,1.07128,-0.723939,2.55868,1.08922,-0.734744,2.54647,1.10031,-0.715575,2.54647,1.08218,-0.705088,2.55868,1.16925,-0.782834,2.75827,1.18852,-0.794438,2.74516,1.20059,-0.773588,2.74516,1.18112,-0.762325,2.75827
2.51973,1.42616,-0.568265,0.0920444,838968658,1.08241,-0.704701,2.55868,1.10053,-0.715188,2.54647,1.11162,-0.696019,2.54647,1.09331,-0.685851,2.55868,1.18134,-0.761938,2.75827,1.20081,-0.773201,2.74516,1.21287,-0.75235,2.74516,1.19321,-0.74143,2.75827
0.723158,1.4254,-0.550933,2.92667,838968659,1.09556,-0.686505,2.55868,1.11387,-0.696677,2.54647,1.12429,-0.677132,2.54647,1.10581,-0.667285,2.55868,1.19554,-0.741942,2.75827,1.2152,-0.752867,2.74516,1.22653,-0.731608,2.74516,1.20668,-0.721032,2.75827
0.57527,1.42621,-0.533746,-0.0135007,838968660,1.10602,-0.66689,2.55868,1.1245,-0.676738,2.54647,1.13491,-0.657193,2.54647,1.11626,-0.647671,2.55868,1.20689,-0.720637,2.75827,1.22674,-0.731213,2.74516,1.23807,-0.709954,2.74516,1.21803,-0.699727,2.75827
0.164098,1.42543,-0.512517,-3.40178,838968661,1.12107,-0.64385,2.55868,1.13972,-0.653381,2.54647,1.14945,-0.633487,2.54647,1.13064,-0.624286,2.55868,1.2229,-0.695788,2.75827,1.24293,-0.706025,2.74516,1.25352,-0.684385,2.74516,1.23331,-0.674504,2.75827
1.33883,1.42618,-0.495327,0.441487,838968662,1.13083,-0.623885,2.55868,1.14965,-0.633085,2.54647,1.15938,-0.613192,2.54647,1.1404,-0.604321,2.55868,1.23351,-0.674102,2.75827,1.25371,-0.683984,2.74516,1.2643,-0.662345,2.74516,1.24392,-0.652818,2.75827
0.0925475,1.42538,-0.477997,-15.2873,838968663,1.1427,-0.604817,2.55868,1.16167,-0.613691,2.54647,1.1707,-0.59347,2.54647,1.15157,-0.584932,2.55868,1.24628,-0.653167,2.75827,1.26666,-0.662698,2.74516,1.27648,-0.640703,2.74516,1.25594,-0.631533,2.75827
0.205237,1.42613,-0.460809,10.8353,838968664,1.15176,-0.584524,2.55868,1.17088,-0.593062,2.54647,1.17991,-0.57284,2.54647,1.16064,-0.564638,2.55868,1.25612,-0.631125,2.75827,1.27666,-0.640294,2.74516,1.28648,-0.618299,2.74516,1.26578,-0.60949,2.75827
0.687708,1.42533,-0.44348,1.51054,838968665,1.16294,-0.565053,2.55868,1.18221,-0.57326,2.54647,1.19053,-0.552735,2.54647,1.17112,-0.54487,2.55868,1.26816,-0.609756,2.75827,1.28885,-0.618569,2.74516,1.2979,-0.596244,2.74516,1.27706,-0.587797,2.75827
0.249849,1.4261,-0.426292,-27.0006,838968666,1.17129,-0.544456,2.55868,1.1907,-0.552321,2.54647,1.19902,-0.531796,2.54647,1.17947,-0.524272,2.55868,1.27722,-0.587383,2.75827,1.29807,-0.59583,2.74516,1.30711,-0.573505,2.74516,1.28612,-0.565424,2.75827
-0.057082,1.42531,-0.408964,-3.64016,838968667,1.18179,-0.524607,2.55868,1.20134,-0.532135,2.54647,1.20893,-0.511332,2.54647,1.18926,-0.50415,2.55868,1.2885,-0.565607,2.75827,1.30949,-0.573693,2.74516,1.31776,-0.551065,2.74516,1.29663,-0.543351,2.75827
0.108649,1.42532,-0.270902,-2.70313,838968675,1.24274,-0.356988,2.55868,1.26314,-0.361721,2.54647,1.26777,-0.340063,2.54647,1.24729,-0.33569,2.55868,1.35412,-0.382727,2.75827,1.37603,-0.38781,2.74516,1.38106,-0.364252,2.74516,1.35907,-0.359556,2.75827
0.302538,1.44337,-0.88281,-4.05239,838969152,0.811225,-1.00495,2.60821,0.825287,-1.0206,2.59617,0.841757,-1.00579,2.59617,0.827421,-0.990393,2.60821,0.886595,-1.0888,2.80869,0.901698,-1.10561,2.79575,0.919613,-1.0895,2.79575,0.904216,-1.07296,2.80869
0.483801,1.44248,-0.792543,2.9075,838969157,0.89955,-0.928727,2.60821,0.914922,-0.943092,2.59617,0.929758,-0.92665,2.59617,0.914139,-0.912558,2.60821,0.981976,-1.00568,2.80869,0.998485,-1.02111,2.79575,1.01462,-1.00322,2.79575,0.997848,-0.988087,2.80869
0.602393,1.44325,-0.775356,1.68197,838969158,0.914439,-0.912226,2.60821,0.930057,-0.926318,2.59617,0.944892,-0.909876,2.59617,0.929028,-0.896057,2.60821,0.998148,-0.987755,2.80869,1.01492,-1.00289,2.79575,1.03106,-0.985005,2.79575,1.01402,-0.970164,2.80869
0.0246155,1.44245,-0.654482,-3.23612,838969165,1.01885,-0.796148,2.60821,1.03608,-0.808233,2.59617,1.04848,-0.789884,2.59617,1.03105,-0.778105,2.60821,1.11119,-0.86087,2.80869,1.12969,-0.873848,2.79575,1.14318,-0.85389,2.79575,1.12446,-0.84124,2.80869
0.0304692,1.44324,-0.637296,-4.00891,838969166,1.0313,-0.777735,2.60821,1.04873,-0.789514,2.59617,1.06113,-0.771166,2.59617,1.04349,-0.759691,2.60821,1.12471,-0.840869,2.80869,1.14343,-0.85352,2.79575,1.15692,-0.833562,2.79575,1.13798,-0.821239,2.80869
0.0868306,1.44247,-0.619966,10.1046,838969167,1.0457,-0.760501,2.60821,1.06333,-0.771977,2.59617,1.07508,-0.753207,2.59617,1.05725,-0.742043,2.60821,1.14024,-0.821958,2.80869,1.15918,-0.834283,2.79575,1.17196,-0.813866,2.79575,1.15281,-0.801877,2.80869
0.700948,1.44327,-0.60278,-0.614961,838969168,1.05749,-0.741664,2.60821,1.07532,-0.752828,2.59617,1.08707,-0.734058,2.59617,1.06905,-0.723206,2.60821,1.15305,-0.801498,2.80869,1.1722,-0.813487,2.79575,1.18498,-0.793071,2.79575,1.16562,-0.781416,2.80869
6.99015,1.44251,-0.585449,-0.0121428,838969169,1.07128,-0.723939,2.60821,1.0893,-0.734791,2.59617,1.10039,-0.715622,2.59617,1.08218,-0.705088,2.60821,1.16791,-0.782056,2.80869,1.18727,-0.793712,2.79575,1.19933,-0.772861,2.79575,1.17977,-0.761548,2.80869
1.72224,1.44331,-0.568263,-0.112442,838969170,1.08241,-0.704701,2.60821,1.10061,-0.715235,2.59617,1.1117,-0.696066,2.59617,1.09331,-0.685851,2.60821,1.18,-0.761161,2.80869,1.19955,-0.772474,2.79575,1.21162,-0.751623,2.79575,1.19186,-0.740652,2.80869
0.159324,1.44255,-0.55093,-28.4776,838969171,1.09556,-0.686505,2.60821,1.11396,-0.696721,2.59617,1.12437,-0.677177,2.59617,1.10581,-0.667285,2.60821,1.19417,-0.741212,2.80869,1.21392,-0.752184,2.79575,1.22525,-0.730925,2.79575,1.20531,-0.720302,2.80869
0.027509,1.44337,-0.533744,-3.83389,838969172,1.10602,-0.66689,2.60821,1.12458,-0.676782,2.59617,1.13499,-0.657237,2.59617,1.11626,-0.647671,2.60821,1.20552,-0.719907,2.80869,1.22546,-0.73053,2.79575,1.23679,-0.709271,2.79575,1.21666,-0.698997,2.80869
0.0810313,1.44258,-0.512515,31.1787,838969173,1.12107,-0.64385,2.60821,1.1398,-0.653422,2.59617,1.14953,-0.633528,2.59617,1.13064,-0.624286,2.60821,1.22151,-0.695106,2.80869,1.24163,-0.705387,2.79575,1.25221,-0.683748,2.79575,1.23192,-0.673822,2.80869
0.0575825,1.44333,-0.495325,-3.20229,838969174,1.13083,-0.623885,2.60821,1.14973,-0.633127,2.59617,1.15946,-0.613233,2.59617,1.1404,-0.604321,2.60821,1.23212,-0.67342,2.80869,1.25241,-0.683346,2.79575,1.26299,-0.661707,2.79575,1.24253,-0.652136,2.80869
0.0109115,1.44253,-0.477995,-3.32338,838969175,1.1427,-0.604817,2.60821,1.16175,-0.61373,2.59617,1.17078,-0.593508,2.59617,1.15157,-0.584932,2.60821,1.24486,-0.652534,2.80869,1.26533,-0.662106,2.79575,1.27515,-0.640111,2.79575,1.25452,-0.6309,2.80869
0.0416228,1.44329,-0.460807,-3.87055,838969176,1.15176,-0.584524,2.60821,1.17096,-0.5931,2.59617,1.17999,-0.572878,2.59617,1.16064,-0.564638,2.60821,1.25471,-0.630492,2.80869,1.27534,-0.639702,2.79575,1.28516,-0.617707,2.79575,1.26437,-0.608857,2.80869
3.01845,1.44248,-0.443478,-0.104025,838969177,1.16294,-0.565053,2.60821,1.1823,-0.573295,2.59617,1.19062,-0.55277,2.59617,1.17112,-0.54487,2.60821,1.26672,-0.609173,2.80869,1.28751,-0.618024,2.79575,1.29655,-0.595699,2.79575,1.27562,-0.587214,2.80869
0.671173,1.44325,-0.426291,1.11773,838969178,1.17129,-0.544456,2.60821,1.19079,-0.552356,2.59617,1.1991,-0.531831,2.59617,1.17947,-0.524272,2.60821,1.27578,-0.5868,2.80869,1.29672,-0.595285,2.79575,1.30577,-0.57296,2.79575,1.28468,-0.564841,2.80869
0.0478082,1.44246,-0.408961,-2.90667,838969179,1.18179,-0.524607,2.60821,1.20143,-0.532167,2.59617,1.20902,-0.511364,2.59617,1.18926,-0.50415,2.60821,1.28704,-0.565075,2.80869,1.30813,-0.573195,2.79575,1.31639,-0.550567,2.79575,1.29517,-0.542819,2.80869
0.234928,1.46046,-0.84439,-0.427975,838969666,0.849255,-0.973028,2.65843,0.863916,-0.988243,2.64655,0.879863,-0.972876,2.64655,0.864937,-0.957917,2.65843,0.926405,-1.05309,2.85978,0.94215,-1.06943,2.84702,0.959496,-1.05272,2.84702,0.943466,-1.03665,2.85978
-0.0937817,1.45957,-0.654479,-3.20147,838969677,1.01885,-0.796148,2.65843,1.03615,-0.808285,2.64655,1.04855,-0.789936,2.64655,1.03105,-0.778105,2.65843,1.1099,-0.859997,2.85978,1.12848,-0.873031,2.84702,1.14197,-0.853073,2.84702,1.12317,-0.840366,2.85978
0.0414537,1.46036,-0.637295,-3.24289,838969678,1.0313,-0.777735,2.65843,1.0488,-0.789566,2.64655,1.06121,-0.771218,2.64655,1.04349,-0.759691,2.65843,1.12342,-0.839996,2.85978,1.14222,-0.852703,2.84702,1.15571,-0.832745,2.84702,1.13669,-0.820366,2.85978
-0.0351176,1.45959,-0.619964,-2.53256,838969679,1.0457,-0.760501,2.65843,1.06341,-0.772026,2.64655,1.07516,-0.753256,2.64655,1.05725,-0.742043,2.65843,1.13892,-0.821131,2.85978,1.15794,-0.833508,2.84702,1.17072,-0.813091,2.84702,1.15149,-0.801049,2.85978
0.0959577,1.46039,-0.602779,-10.0368,838969680,1.05749,-0.741664,2.65843,1.0754,-0.752877,2.64655,1.08715,-0.734107,2.64655,1.06905,-0.723206,2.65843,1.15173,-0.80067,2.85978,1.17096,-0.812712,2.84702,1.18375,-0.792296,2.84702,1.1643,-0.780589,2.85978
0.328937,1.45963,-0.585447,0.197285,838969681,1.07128,-0.723939,2.65843,1.08938,-0.734838,2.64655,1.10047,-0.715669,2.64655,1.08218,-0.705088,2.65843,1.16656,-0.781275,2.85978,1.186,-0.79298,2.84702,1.19807,-0.77213,2.84702,1.17842,-0.760767,2.85978
0.151174,1.46043,-0.568262,-2.04769,838969682,1.08241,-0.704701,2.65843,1.10069,-0.715282,2.64655,1.11178,-0.696113,2.64655,1.09331,-0.685851,2.65843,1.17865,-0.76038,2.85978,1.19829,-0.771743,2.84702,1.21035,-0.750892,2.84702,1.19051,-0.739871,2.85978
0.10323,1.45967,-0.550928,14.3319,838969683,1.09556,-0.686505,2.65843,1.11404,-0.696765,2.64655,1.12445,-0.67722,2.64655,1.10581,-0.667285,2.65843,1.19279,-0.740479,2.85978,1.21263,-0.751498,2.84702,1.22396,-0.730239,2.84702,1.20393,-0.719568,2.85978
0.0802211,1.46049,-0.533742,27.8112,838969684,1.10602,-0.66689,2.65843,1.12466,-0.676826,2.64655,1.13508,-0.657281,2.64655,1.11626,-0.647671,2.65843,1.20414,-0.719174,2.85978,1.22417,-0.729844,2.84702,1.2355,-0.708585,2.84702,1.21528,-0.698263,2.85978
0.0738094,1.4597,-0.512513,-3.04036,838969685,1.12107,-0.64385,2.65843,1.13989,-0.653463,2.64655,1.14962,-0.633569,2.64655,1.13064,-0.624286,2.65843,1.22011,-0.694421,2.85978,1.24032,-0.704745,2.84702,1.2509,-0.683106,2.84702,1.23052,-0.673137,2.85978
0.0527036,1.46046,-0.495324,-3.09842,838969686,1.13083,-0.623885,2.65843,1.14981,-0.633168,2.64655,1.15954,-0.613274,2.64655,1.1404,-0.604321,2.65843,1.23071,-0.672735,2.85978,1.2511,-0.682705,2.84702,1.26168,-0.661066,2.84702,1.24112,-0.651451,2.85978
0.118412,1.45965,-0.477993,39.0589,838969687,1.14269,-0.604817,2.65843,1.16184,-0.613768,2.64655,1.17087,-0.593546,2.64655,1.15157,-0.584932,2.65843,1.24344,-0.651898,2.85978,1.264,-0.661511,2.84702,1.27382,-0.639515,2.84702,1.2531,-0.630264,2.85978
0.0249623,1.46041,-0.460806,-3.09941,838969688,1.15176,-0.584524,2.65843,1.17105,-0.593138,2.64655,1.18008,-0.572916,2.64655,1.16064,-0.564638,2.65843,1.25328,-0.629856,2.85978,1.274,-0.639107,2.84702,1.28382,-0.617112,2.84702,1.26294,-0.608221,2.85978
-0.0305971,1.4596,-0.443476,-2.63558,838969689,1.16294,-0.565053,2.65843,1.18239,-0.57333,2.64655,1.19071,-0.552805,2.64655,1.17112,-0.54487,2.65843,1.26527,-0.608587,2.85978,1.28615,-0.617476,2.84702,1.2952,-0.595151,2.84702,1.27417,-0.586628,2.85978
0.0930454,1.46037,-0.426289,23.6818,838969690,1.17129,-0.544456,2.65843,1.19087,-0.552391,2.64655,1.19919,-0.531866,2.64655,1.17947,-0.524272,2.65843,1.27434,-0.586214,2.85978,1.29537,-0.594737,2.84702,1.30442,-0.572411,2.84702,1.28324,-0.564255,2.85978
0.00827056,1.45958,-0.408959,-3.43973,838969691,1.18179,-0.524607,2.65843,1.20151,-0.532199,2.64655,1.20911,-0.511396,2.64655,1.18926,-0.50415,2.65843,1.28558,-0.56454,2.85978,1.30676,-0.572694,2.84702,1.31502,-0.550067,2.84702,1.2937,-0.542284,2.85978
0.688757,1.47665,0.358205,-1.01401,838969887,1.21492,0.442626,2.70935,1.23446,0.450902,2.69763,1.22547,0.471142,2.69763,1.20608,0.46253,2.70935,1.31588,0.485366,2.91156,1.33687,0.494254,2.89897,1.32709,0.51627,2.89897,1.30627,0.50702,2.91156
0.124804,1.47744,2.12072,-10.5813,838969988,-0.665307,1.10719,2.70935,-0.677156,1.12479,2.69763,-0.695528,1.11243,2.69763,-0.683373,1.09503,2.70935,-0.726519,1.19813,2.91156,-0.739245,1.21703,2.89897,-0.759228,1.20358,2.89897,-0.746174,1.1849,2.91156
0.267742,1.4768,-0.861576,-11.4245,838970177,0.833251,-0.988449,2.70935,0.84771,-1.00399,2.69763,0.863657,-0.988619,2.69763,0.848933,-0.973338,2.70935,0.907935,-1.06872,2.91156,0.923464,-1.0854,2.89897,0.94081,-1.06869,2.89897,0.924996,-1.05228,2.91156
0.171374,1.47756,-0.844388,-5.69911,838970178,0.849255,-0.973028,2.70935,0.863979,-0.988309,2.69763,0.879926,-0.972942,2.69763,0.864937,-0.957917,2.70935,0.925318,-1.05197,2.91156,0.941132,-1.06838,2.89897,0.958478,-1.05166,2.89897,0.94238,-1.03553,2.91156
-0.136621,1.47665,-0.688993,-2.33294,838970187,0.990784,-0.830836,2.70935,1.00772,-0.843623,2.69763,1.02076,-0.825719,2.69763,1.0036,-0.81323,2.70935,1.07828,-0.896904,2.91156,1.09647,-0.910637,2.89897,1.11065,-0.891162,2.89897,1.09223,-0.877749,2.91156
0.0133683,1.47744,-0.671808,-3.52353,838970188,1.00386,-0.812868,2.70935,1.02102,-0.825358,2.69763,1.03405,-0.807454,2.69763,1.01668,-0.795262,2.70935,1.09249,-0.877387,2.91156,1.11091,-0.890801,2.89897,1.12509,-0.871326,2.89897,1.10643,-0.858232,2.91156
-0.0445317,1.47666,-0.654477,-3.32827,838970189,1.01885,-0.796148,2.70935,1.03623,-0.808336,2.69763,1.04863,-0.789988,2.69763,1.03105,-0.778105,2.70935,1.1086,-0.859119,2.91156,1.12727,-0.872209,2.89897,1.14075,-0.852251,2.89897,1.12187,-0.839489,2.91156
0.0813599,1.47746,-0.637293,13.2592,838970190,1.0313,-0.777735,2.70935,1.04888,-0.789617,2.69763,1.06128,-0.771269,2.69763,1.04349,-0.759691,2.70935,1.12212,-0.839119,2.91156,1.141,-0.851881,2.89897,1.15449,-0.831923,2.89897,1.13539,-0.819489,2.91156
0.0728386,1.47668,-0.619961,26.9719,838970191,1.0457,-0.760501,2.70935,1.06349,-0.772075,2.69763,1.07524,-0.753305,2.69763,1.05725,-0.742043,2.70935,1.13759,-0.8203,2.91156,1.1567,-0.832729,2.89897,1.16948,-0.812313,2.89897,1.15016,-0.800218,2.91156
0.00607356,1.47749,-0.602777,-1.98336,838970192,1.05749,-0.741664,2.70935,1.07548,-0.752926,2.69763,1.08723,-0.734156,2.69763,1.06905,-0.723206,2.70935,1.1504,-0.799839,2.91156,1.16972,-0.811934,2.89897,1.1825,-0.791517,2.89897,1.16298,-0.779757,2.91156
0.276186,1.47672,-0.585444,7.08562,838970193,1.07128,-0.723939,2.70935,1.08946,-0.734883,2.69763,1.10055,-0.715714,2.69763,1.08218,-0.705088,2.70935,1.1652,-0.780491,2.91156,1.18473,-0.792246,2.89897,1.1968,-0.771395,2.89897,1.17707,-0.759982,2.91156
0.126666,1.47753,-0.56826,-6.55173,838970194,1.08241,-0.704701,2.70935,1.10077,-0.715328,2.69763,1.11186,-0.696159,2.69763,1.09331,-0.685851,2.70935,1.17729,-0.759596,2.91156,1.19702,-0.771008,2.89897,1.20908,-0.750157,2.89897,1.18916,-0.739087,2.91156
0.0696636,1.47677,-0.550926,-2.46533,838970195,1.09556,-0.686505,2.70935,1.11412,-0.696808,2.69763,1.12453,-0.677263,2.69763,1.10581,-0.667285,2.70935,1.19141,-0.739742,2.91156,1.21134,-0.750808,2.89897,1.22266,-0.729548,2.89897,1.20255,-0.718832,2.91156
-0.0261386,1.47759,-0.533741,-3.1822,838970196,1.10602,-0.66689,2.70935,1.12474,-0.676869,2.69763,1.13516,-0.657324,2.69763,1.11626,-0.64767,2.70935,1.20276,-0.718437,2.91156,1.22287,-0.729154,2.89897,1.2342,-0.707895,2.89897,1.2139,-0.697527,2.91156
-0.0330711,1.4768,-0.512511,-2.57323,838970197,1.12107,-0.64385,2.70935,1.13997,-0.653503,2.69763,1.1497,-0.63361,2.69763,1.13064,-0.624286,2.70935,1.2187,-0.693733,2.91156,1.239,-0.7041,2.89897,1.24958,-0.682461,2.89897,1.22911,-0.672449,2.91156
0.121341,1.47756,-0.495322,20.7085,838970198,1.13083,-0.623885,2.70935,1.1499,-0.633208,2.69763,1.15963,-0.613314,2.69763,1.1404,-0.604321,2.70935,1.22931,-0.672047,2.91156,1.24978,-0.68206,2.89897,1.26036,-0.660421,2.89897,1.23972,-0.650763,2.91156
-0.111722,1.47674,-0.477991,-3.3738,838970199,1.1427,-0.604817,2.70935,1.16192,-0.613805,2.69763,1.17095,-0.593583,2.69763,1.15157,-0.584932,2.70935,1.24201,-0.65126,2.91156,1.26266,-0.660913,2.89897,1.27248,-0.638917,2.89897,1.25167,-0.629625,2.91156
0.000382609,1.47751,-0.460804,-3.84015,838970200,1.15176,-0.584524,2.70935,1.17113,-0.593175,2.69763,1.18016,-0.572954,2.69763,1.16064,-0.564638,2.70935,1.25185,-0.629217,2.91156,1.27266,-0.638509,2.89897,1.28248,-0.616514,2.89897,1.26151,-0.607583,2.91156
0.105725,1.4767,-0.443473,-10.8026,838970201,1.16294,-0.565053,2.70935,1.18247,-0.573364,2.69763,1.19079,-0.55284,2.69763,1.17112,-0.54487,2.70935,1.26382,-0.607999,2.91156,1.28479,-0.616925,2.89897,1.29384,-0.5946,2.89897,1.27272,-0.58604,2.91156
0.0230937,1.47747,-0.426288,-3.16392,838970202,1.17129,-0.544456,2.70935,1.19096,-0.552425,2.69763,1.19928,-0.531901,2.69763,1.17947,-0.524272,2.70935,1.27289,-0.585626,2.91156,1.29401,-0.594185,2.89897,1.30306,-0.57186,2.89897,1.28179,-0.563667,2.91156
0.00647869,1.47667,-0.408957,-2.48997,838970203,1.18179,-0.524607,2.70935,1.2016,-0.53223,2.69763,1.20919,-0.511428,2.69763,1.18926,-0.50415,2.70935,1.28411,-0.564003,2.91156,1.30538,-0.572191,2.89897,1.31364,-0.549563,2.89897,1.29223,-0.541747,2.91156
-1.35807e-05,1.47745,-0.391772,-2.56809,838970204,1.18941,-0.50373,2.70935,1.20935,-0.511008,2.69763,1.21694,-0.490205,2.69763,1.19688,-0.483273,2.70935,1.29239,-0.541327,2.91156,1.31379,-0.549143,2.89897,1.32206,-0.526516,2.89897,1.30051,-0.519071,2.91156
0.0152791,1.47665,-0.374442,-2.54924,838970205,1.19922,-0.483526,2.70935,1.21928,-0.490454,2.69763,1.22614,-0.469398,2.69763,1.20597,-0.462821,2.70935,1.30285,-0.519325,2.91156,1.32439,-0.526765,2.89897,1.33186,-0.503863,2.89897,1.31019,-0.496799,2.91156
-0.0349181,1.47744,-0.357257,-3.41559,838970206,1.20611,-0.462396,2.70935,1.22628,-0.468973,2.69763,1.23314,-0.447918,2.69763,1.21286,-0.441691,2.70935,1.31033,-0.496374,2.91156,1.332,-0.503438,2.89897,1.33946,-0.480536,2.89897,1.31767,-0.473847,2.91156
