energy,eta,phi,time,detid,front_1_x,front_1_y,front_1_z,front_2_x,front_2_y,front_2_z,front_3_x,front_3_y,front_3_z,front_4_x,front_4_y,front_4_z,back_1_x,back_1_y,back_1_z,back_2_x,back_2_y,back_2_z,back_3_x,back_3_y,back_3_z,back_4_x,back_4_y,back_4_z
0.146676,-0.0117394,2.1373,17.9482,838861445,-0.702391,1.08402,-0.0269319,-0.702391,1.08402,-0.00338403,-0.68353,1.09493,-0.00338406,-0.683539,1.09492,-0.026932,-0.817549,1.28312,-0.028832,-0.817549,1.28312,-0.00338402,-0.795213,1.29603,-0.00338406,-0.795223,1.29603,-0.0288321
0.111919,-0.0302958,1.23209,2.11713,838861905,0.418844,1.22171,-0.0508939,0.418916,1.22189,-0.0273468,0.439123,1.21374,-0.0273468,0.439041,1.21357,-0.0508939,0.504859,1.435,-0.054686,0.504937,1.43519,-0.0292388,0.528867,1.42554,-0.0292388,0.528778,1.42535,-0.054686
0.143353,-0.0302642,1.73638,-0.325835,838861934,-0.223839,1.27351,-0.0508939,-0.22387,1.2737,-0.0273468,-0.202202,1.276,-0.0273468,-0.202182,1.27581,-0.0508939,-0.252038,1.50179,-0.054686,-0.252072,1.502,-0.0292388,-0.226413,1.50471,-0.0292388,-0.226391,1.5045,-0.054686
0.142504,-0.0487952,1.94738,15.1646,838862458,-0.485555,1.19824,-0.0748583,-0.485685,1.19861,-0.0513136,-0.464968,1.20535,-0.0513136,-0.464848,1.20499,-0.0748583,-0.560565,1.41564,-0.0805421,-0.560706,1.41603,-0.0550975,-0.536171,1.42402,-0.0550975,-0.536041,1.42362,-0.080542
0.127145,-0.0488368,1.96474,-2.25676,838862459,-0.505789,1.18844,-0.0748583,-0.505922,1.1888,-0.0513136,-0.485453,1.19627,-0.0513135,-0.48533,1.1959,-0.0748583,-0.584576,1.40446,-0.0805421,-0.584719,1.40485,-0.0550975,-0.560479,1.41369,-0.0550975,-0.560346,1.41329,-0.080542
0.990529,-0.0488355,-1.98247,-51.533,838862593,-0.506821,-1.188,-0.0748583,-0.50699,-1.18835,-0.0513136,-0.526581,-1.17881,-0.0513136,-0.526402,-1.17847,-0.0748583,-0.607444,-1.39475,-0.0805421,-0.607627,-1.39513,-0.0550975,-0.630828,-1.38384,-0.0550975,-0.630634,-1.38347,-0.0805421
0.266834,-0.0673606,1.65018,-5.31884,838862953,-0.113286,1.28667,-0.0988267,-0.113307,1.28725,-0.075286,-0.0915321,1.28803,-0.075286,-0.091522,1.28745,-0.0988267,-0.121467,1.51641,-0.106402,-0.121489,1.51704,-0.0809616,-0.0957031,1.51795,-0.0809616,-0.0956921,1.51733,-0.106402
0.227278,-0.0673065,1.94738,-12.9078,838862970,-0.485555,1.19824,-0.0988267,-0.485745,1.19879,-0.075286,-0.465028,1.20554,-0.075286,-0.464848,1.20499,-0.0988267,-0.560548,1.41559,-0.106402,-0.560753,1.41618,-0.0809616,-0.536219,1.42417,-0.0809616,-0.536024,1.42357,-0.106402
0.249754,-0.0858678,1.50819,-4.45084,838863457,0.0699354,1.2897,-0.122801,0.0700158,1.29047,-0.0992656,0.0916866,1.28821,-0.0992656,0.0915958,1.28744,-0.122801,0.0937641,1.51827,-0.132267,0.093851,1.51911,-0.106832,0.119514,1.51643,-0.106832,0.119416,1.5156,-0.132267
0.122342,-0.0858659,1.65018,3.05343,838863465,-0.113286,1.28667,-0.122801,-0.113314,1.28744,-0.0992656,-0.091539,1.28822,-0.0992656,-0.091522,1.28745,-0.122801,-0.121464,1.51634,-0.132267,-0.121494,1.51717,-0.106832,-0.095708,1.51809,-0.106832,-0.0956896,1.51726,-0.132267
0.121631,-0.0858612,2.10278,-2.69729,838863491,-0.664578,1.10763,-0.122801,-0.664942,1.10831,-0.0992657,-0.645712,1.11855,-0.0992656,-0.645357,1.11787,-0.122801,-0.772624,1.31046,-0.132267,-0.773018,1.3112,-0.106833,-0.750245,1.32333,-0.106832,-0.749861,1.32258,-0.132267
0,-0.103814,0.391954,0,838863905,1.18952,0.503481,-0.14541,1.19038,0.503794,-0.123253,1.19786,0.483298,-0.123253,1.19699,0.483023,-0.14541,1.40525,0.582194,-0.158875,1.40626,0.582563,-0.132711,1.41511,0.558318,-0.132711,1.41408,0.557993,-0.158875
0.139751,-0.103728,1.14177,19.5985,838863948,0.52793,1.18026,-0.14541,0.528322,1.18108,-0.123253,0.547594,1.17086,-0.123253,0.547167,1.17005,-0.14541,0.632054,1.38498,-0.158875,0.632517,1.38595,-0.132711,0.655315,1.37385,-0.132711,0.65481,1.3729,-0.158875
-0.0734011,-0.138429,0.271059,-2.75032,838864922,1.24282,0.356701,-0.190634,1.24446,0.357091,-0.168522,1.24901,0.335753,-0.168522,1.24736,0.335402,-0.190634,1.46599,0.408371,-0.212083,1.46792,0.408831,-0.185971,1.4733,0.38359,-0.185971,1.47136,0.383175,-0.212083
0.0825082,-0.138548,0.288406,6.5882,838864923,1.23519,0.377848,-0.190634,1.23682,0.378256,-0.168522,1.24211,0.357091,-0.168522,1.24047,0.356721,-0.190634,1.45738,0.433415,-0.212083,1.4593,0.433897,-0.185971,1.46556,0.408859,-0.185971,1.46363,0.408423,-0.212083
-0.0170114,-0.138425,0.305571,-2.96066,838864924,1.2298,0.399382,-0.190634,1.23142,0.399829,-0.168522,1.23672,0.378663,-0.168522,1.23508,0.378255,-0.190634,1.45102,0.458814,-0.212083,1.45294,0.459341,-0.185971,1.4592,0.434303,-0.185971,1.45727,0.433821,-0.212083
0.04802,-0.138545,0.322918,-3.07038,838864925,1.22143,0.420249,-0.190634,1.22305,0.420714,-0.168522,1.22908,0.399746,-0.168522,1.22745,0.39932,-0.190634,1.44154,0.483542,-0.212083,1.44345,0.484091,-0.185971,1.45059,0.459287,-0.185971,1.44866,0.458784,-0.212083
0.0329038,-0.138424,0.340083,-3.10465,838864926,1.2153,0.441582,-0.190634,1.2169,0.442085,-0.168522,1.22293,0.421117,-0.168522,1.22131,0.420652,-0.190634,1.43431,0.508704,-0.212083,1.4362,0.509298,-0.185971,1.44334,0.484494,-0.185971,1.44143,0.483945,-0.212083
0.682742,-0.138446,0.512652,-2.54117,838864936,1.12122,0.64359,-0.190634,1.12271,0.644365,-0.168522,1.13229,0.624764,-0.168522,1.13078,0.624025,-0.190634,1.32523,0.747751,-0.212083,1.327,0.748665,-0.185971,1.33833,0.725478,-0.185971,1.33655,0.724606,-0.212083
0.133342,-0.138442,0.551095,20.5224,838864938,1.09572,0.686251,-0.190634,1.09719,0.687077,-0.168522,1.10744,0.66782,-0.168522,1.10596,0.667029,-0.190634,1.29601,0.797421,-0.212083,1.29774,0.798396,-0.185971,1.30987,0.775616,-0.185971,1.30811,0.774682,-0.212083
0.191788,-0.13855,-2.36607,39.246,838865131,-0.91463,-0.912035,-0.190634,-0.915879,-0.913162,-0.168522,-0.930492,-0.89696,-0.168522,-0.929216,-0.895863,-0.190634,-1.08471,-1.06543,-0.212083,-1.08618,-1.06676,-0.185971,-1.10347,-1.04759,-0.185971,-1.10196,-1.0463,-0.212083
0.0904075,-0.155752,0.271049,20.236,838865434,1.24282,0.356701,-0.213293,1.24483,0.357171,-0.191213,1.24939,0.335833,-0.191214,1.24736,0.335402,-0.213293,1.46559,0.408286,-0.238724,1.46796,0.408841,-0.212651,1.47335,0.383599,-0.212651,1.47096,0.38309,-0.238724
0.0977387,-0.155886,0.2884,-4.65711,838865435,1.23519,0.377848,-0.213293,1.23719,0.37835,-0.191213,1.24248,0.357184,-0.191214,1.24047,0.356721,-0.213293,1.45698,0.433316,-0.238724,1.45935,0.433908,-0.212651,1.46561,0.40887,-0.212651,1.46323,0.408324,-0.238724
0.0394833,-0.155748,0.305562,-2.41363,838865436,1.2298,0.399382,-0.213293,1.2318,0.399922,-0.191213,1.23709,0.378756,-0.191214,1.23508,0.378255,-0.213293,1.45063,0.458715,-0.238724,1.45298,0.459353,-0.212651,1.45925,0.434315,-0.212651,1.45688,0.433723,-0.238724
-0.0786801,-0.155884,0.322912,-2.23796,838865437,1.22143,0.420249,-0.213293,1.22342,0.420821,-0.191214,1.22945,0.399853,-0.191213,1.22745,0.39932,-0.213293,1.44115,0.48343,-0.238724,1.4435,0.484104,-0.212651,1.45063,0.4593,-0.212651,1.44827,0.458671,-0.238724
0.0669152,-0.155747,0.340074,23.7596,838865438,1.2153,0.441582,-0.213293,1.21727,0.442191,-0.191213,1.2233,0.421223,-0.191213,1.22131,0.420652,-0.213293,1.43392,0.508591,-0.238724,1.43625,0.509311,-0.212651,1.44338,0.484507,-0.212651,1.44104,0.483832,-0.238724
-0.0250039,-0.173231,0.18485,-2.65539,838865941,1.26746,0.248128,-0.235992,1.26988,0.24847,-0.213952,1.27293,0.226867,-0.213952,1.2705,0.226564,-0.235992,1.49336,0.280023,-0.265397,1.49623,0.280428,-0.239371,1.49984,0.254872,-0.239371,1.49697,0.254514,-0.265397
-0.0521674,-0.173058,0.27104,-3.13061,838865946,1.24282,0.356701,-0.235992,1.24521,0.357251,-0.213952,1.24976,0.335914,-0.213952,1.24736,0.335402,-0.235992,1.46512,0.408186,-0.265397,1.46794,0.408836,-0.239371,1.47332,0.383594,-0.239371,1.47049,0.382991,-0.265397
-0.0267258,-0.173207,0.288394,-3.6981,838865947,1.23519,0.377848,-0.235992,1.23756,0.378443,-0.213952,1.24286,0.357277,-0.213952,1.24047,0.356721,-0.235992,1.45652,0.4332,-0.265397,1.45932,0.433903,-0.239371,1.46559,0.408865,-0.239371,1.46277,0.408208,-0.265397
2.11809,-0.173054,0.305553,-8.56152,838865948,1.2298,0.399382,-0.235992,1.23217,0.400015,-0.213952,1.23746,0.378849,-0.213952,1.23508,0.378255,-0.235992,1.45016,0.458599,-0.265397,1.45296,0.459347,-0.239371,1.45922,0.434309,-0.239371,1.45641,0.433607,-0.265397
-0.0132127,-0.173203,0.322906,-3.87905,838865949,1.22143,0.420249,-0.235992,1.22379,0.420927,-0.213952,1.22981,0.399959,-0.213952,1.22745,0.39932,-0.235992,1.44069,0.483298,-0.265397,1.44347,0.484098,-0.239371,1.45061,0.459294,-0.239371,1.44781,0.458539,-0.265397
0.0967202,-0.173052,0.340065,-2.98517,838865950,1.2153,0.441582,-0.235992,1.21764,0.442297,-0.213952,1.22367,0.421329,-0.213952,1.22131,0.420652,-0.235992,1.43346,0.508459,-0.265397,1.43623,0.509304,-0.239371,1.44336,0.4845,-0.239371,1.44058,0.4837,-0.265397
0.152251,-0.173052,1.07271,-3.16732,838865992,0.608111,1.1411,-0.235992,0.609375,1.1432,-0.213952,0.627886,1.13166,-0.213952,0.626589,1.12958,-0.235992,0.725482,1.33678,-0.265397,0.726974,1.33926,-0.239371,0.748872,1.32561,-0.239371,0.74734,1.32315,-0.265397
-0.027969,-0.19059,0.184837,0.67087,838866453,1.26746,0.248127,-0.258872,1.27028,0.248526,-0.236756,1.27333,0.226889,-0.236756,1.2705,0.226563,-0.258872,1.49283,0.279948,-0.292181,1.49615,0.280417,-0.26615,1.49976,0.25488,-0.26615,1.49642,0.254496,-0.292181
-0.00794268,-0.1904,0.271038,-1.24601,838866458,1.24282,0.356702,-0.258872,1.24559,0.357367,-0.236756,1.25015,0.335997,-0.236756,1.24736,0.335403,-0.258872,1.46461,0.408017,-0.292181,1.46787,0.408801,-0.26615,1.47325,0.383578,-0.26615,1.46997,0.382879,-0.292181
-0.0743554,-0.190564,0.28838,-2.04733,838866459,1.23519,0.377848,-0.258872,1.23795,0.378539,-0.236756,1.24325,0.357341,-0.236756,1.24047,0.356721,-0.258872,1.45599,0.433069,-0.292181,1.45925,0.433883,-0.26615,1.46551,0.408864,-0.26615,1.46223,0.408134,-0.292181
0.0973542,-0.190396,0.305551,18.4156,838866460,1.2298,0.399382,-0.258872,1.23255,0.400145,-0.236756,1.23785,0.378946,-0.236756,1.23508,0.378255,-0.258872,1.44966,0.458412,-0.292181,1.45289,0.45931,-0.26615,1.45915,0.43429,-0.26615,1.45589,0.433477,-0.292181
0.0460141,-0.19056,0.322892,-2.4184,838866461,1.22143,0.420249,-0.258872,1.22417,0.421036,-0.236756,1.23021,0.400036,-0.236756,1.22745,0.399319,-0.258872,1.44018,0.483149,-0.292181,1.4434,0.484076,-0.26615,1.45053,0.45929,-0.26615,1.44728,0.458446,-0.292181
-0.0774124,-0.190394,0.340063,-2.11009,838866462,1.2153,0.441582,-0.258872,1.21801,0.44244,-0.236756,1.22405,0.42144,-0.236756,1.22131,0.420652,-0.258872,1.43296,0.508255,-0.292181,1.43616,0.509264,-0.26615,1.44328,0.484479,-0.26615,1.44006,0.483552,-0.292181
0.271925,-0.190584,0.495457,-4.5551,838866471,1.13096,0.623648,-0.258872,1.13353,0.6249,-0.236756,1.14312,0.605268,-0.236756,1.14053,0.604083,-0.258872,1.33545,0.723604,-0.292181,1.33847,0.725077,-0.26615,1.34979,0.701907,-0.26615,1.34674,0.700512,-0.292181
0.495745,-0.190424,0.512632,-0.451506,838866472,1.12122,0.643591,-0.258872,1.12374,0.644908,-0.236756,1.13334,0.625277,-0.236756,1.13078,0.624025,-0.258872,1.32398,0.747073,-0.292181,1.32696,0.748624,-0.26615,1.33828,0.725454,-0.26615,1.33527,0.723981,-0.292181
0.127965,-0.190424,1.9089,13.1298,838866552,-0.439116,1.21594,-0.258872,-0.439974,1.21866,-0.236756,-0.418975,1.2247,-0.236756,-0.418187,1.22196,-0.258872,-0.505817,1.43359,-0.292181,-0.506827,1.43679,-0.26615,-0.482043,1.44392,-0.26615,-0.481115,1.4407,-0.292181
-0.162583,-0.207971,0.18483,-2.43518,838866965,1.26746,0.248127,-0.281796,1.27065,0.248578,-0.259733,1.27371,0.226942,-0.259733,1.2705,0.226563,-0.281796,1.49223,0.279863,-0.319,1.496,0.280394,-0.293029,1.4996,0.254858,-0.293029,1.49583,0.254412,-0.319
-0.0348638,-0.207764,0.271029,-2.77751,838866970,1.24282,0.356702,-0.281796,1.24596,0.357446,-0.259733,1.25052,0.336076,-0.259733,1.24736,0.335403,-0.281796,1.46401,0.407891,-0.319,1.46771,0.408768,-0.293029,1.47309,0.383545,-0.293029,1.46938,0.382753,-0.319
0.0381962,-0.207942,0.288374,-45.6033,838866971,1.23519,0.377848,-0.281796,1.23832,0.378631,-0.259733,1.24362,0.357433,-0.259733,1.24047,0.356721,-0.281796,1.45541,0.432923,-0.319,1.45909,0.433845,-0.293029,1.46535,0.408826,-0.293029,1.46164,0.407987,-0.319
-0.0408881,-0.207759,0.305542,-1.74181,838866972,1.2298,0.399382,-0.281796,1.23291,0.400236,-0.259733,1.23822,0.379038,-0.259733,1.23508,0.378255,-0.281796,1.44907,0.458266,-0.319,1.45274,0.459271,-0.293029,1.45899,0.434252,-0.293029,1.45531,0.43333,-0.319
0.000439146,-0.207938,0.322886,-2.52771,838866973,1.22143,0.420249,-0.281796,1.22453,0.421141,-0.259733,1.23057,0.400141,-0.259733,1.22745,0.399319,-0.281796,1.4396,0.482982,-0.319,1.44325,0.484032,-0.293029,1.45037,0.459246,-0.293029,1.4467,0.458279,-0.319
0.0317243,-0.207757,0.340054,-1.08536,838866974,1.2153,0.441582,-0.281796,1.21838,0.442544,-0.259733,1.22442,0.421544,-0.259733,1.22131,0.420652,-0.281796,1.43238,0.508088,-0.319,1.436,0.509221,-0.293029,1.44313,0.484435,-0.293029,1.43948,0.483385,-0.319
0.0926256,-0.207964,0.495451,18.0314,838866983,1.13097,0.623648,-0.281796,1.13387,0.625066,-0.259733,1.14346,0.605435,-0.259733,1.14053,0.604083,-0.281796,1.33491,0.723339,-0.319,1.33832,0.725007,-0.293029,1.34965,0.701837,-0.293029,1.3462,0.700246,-0.319
0.485649,-0.20779,0.512624,-2.06776,838866984,1.12122,0.643591,-0.281796,1.12409,0.645074,-0.259733,1.13368,0.625443,-0.259733,1.13078,0.624025,-0.281796,1.32344,0.746808,-0.319,1.32681,0.748554,-0.293029,1.33814,0.725384,-0.29303,1.33473,0.723716,-0.319
0.190797,-0.207971,0.533896,-1.07778,838866985,1.10616,0.666659,-0.281796,1.10901,0.668176,-0.259733,1.11928,0.64889,-0.259733,1.11639,0.647437,-0.281796,1.30652,0.773359,-0.319,1.30988,0.775145,-0.293029,1.322,0.752382,-0.293029,1.3186,0.750672,-0.319
0.00834812,-0.225333,0.184824,-1.77666,838867477,1.26746,0.248127,-0.304781,1.27103,0.248631,-0.282776,1.27408,0.226995,-0.282776,1.2705,0.226563,-0.304781,1.49157,0.279769,-0.345868,1.49577,0.280363,-0.319967,1.49938,0.254826,-0.319967,1.49516,0.254318,-0.345868
0.176389,-0.225319,0.568406,11.2897,838867499,1.08255,0.704475,-0.304781,1.08568,0.70628,-0.282776,1.09661,0.687363,-0.282776,1.09346,0.685622,-0.304781,1.27849,0.817772,-0.345868,1.28217,0.819897,-0.319967,1.29507,0.79757,-0.319967,1.29136,0.795521,-0.345868
-0.0434734,-0.242677,0.184817,-2.30001,838867989,1.26746,0.248127,-0.327834,1.2714,0.248684,-0.305894,1.27445,0.227047,-0.305894,1.2705,0.226563,-0.327834,1.49084,0.279666,-0.372793,1.49548,0.280322,-0.346968,1.49909,0.254785,-0.346968,1.49443,0.254215,-0.372793
0.127215,-0.242677,0.533883,-14.6271,838868009,1.10616,0.666659,-0.327834,1.10967,0.668531,-0.305894,1.11994,0.649244,-0.305894,1.11639,0.647437,-0.327834,1.30528,0.772698,-0.372792,1.30942,0.774901,-0.346968,1.32154,0.752137,-0.346967,1.31736,0.75001,-0.372792
0.179606,-0.242657,0.80999,7.91744,838868025,0.882576,0.943012,-0.327834,0.885438,0.945781,-0.305894,0.90063,0.930075,-0.305894,0.897717,0.927359,-0.327834,1.04472,1.09986,-0.372792,1.04809,1.10312,-0.346967,1.06602,1.08458,-0.346968,1.0626,1.08139,-0.372793
0.125788,-0.242663,0.917465,-15.1713,838868031,0.776324,1.03225,-0.327834,0.778881,1.0353,-0.305894,0.79563,1.02126,-0.305894,0.793016,1.01826,-0.327834,0.921221,1.20516,-0.372792,0.924231,1.20875,-0.346967,0.943998,1.19219,-0.346968,0.940922,1.18865,-0.372793
-0.0374921,-0.260004,0.184811,-2.72729,838868501,1.26746,0.248127,-0.350962,1.27177,0.248736,-0.329094,1.27483,0.2271,-0.329094,1.2705,0.226563,-0.350962,1.49004,0.279554,-0.399779,1.49512,0.280271,-0.374038,1.49873,0.254735,-0.374038,1.49364,0.254103,-0.399779
-0.0770351,-0.259772,0.201972,-3.08297,838868502,1.26435,0.270107,-0.350962,1.26866,0.270788,-0.329094,1.27171,0.249152,-0.329094,1.2674,0.248543,-0.350962,1.48639,0.305421,-0.399779,1.49146,0.306223,-0.374038,1.49506,0.280687,-0.374038,1.48999,0.27997,-0.399779
0.0633065,-0.259988,0.219327,33.5252,838868503,1.25821,0.291734,-0.350962,1.2625,0.292494,-0.329094,1.26631,0.270977,-0.329094,1.26201,0.27029,-0.350962,1.47957,0.330916,-0.399779,1.48462,0.33181,-0.374038,1.48911,0.306415,-0.374038,1.48405,0.305606,-0.399779
-0.118609,-0.259758,0.236488,-3.43801,838868504,1.25434,0.313592,-0.350962,1.25862,0.314424,-0.329094,1.26243,0.292907,-0.329094,1.25814,0.292148,-0.350962,1.47501,0.35664,-0.399779,1.48005,0.357618,-0.374038,1.48454,0.332223,-0.374038,1.47949,0.331329,-0.399779
0.0413517,-0.259976,0.253842,-3.80082,838868505,1.24745,0.334992,-0.350962,1.25171,0.335901,-0.329094,1.25627,0.314531,-0.329094,1.25199,0.313694,-0.350962,1.4673,0.381881,-0.399779,1.47232,0.382951,-0.374038,1.4777,0.357728,-0.374038,1.47266,0.356743,-0.399779
0.0157143,-0.259748,0.271002,-3.54287,838868506,1.24282,0.356702,-0.350962,1.24707,0.357682,-0.329094,1.25163,0.336312,-0.329094,1.24736,0.335403,-0.350962,1.46185,0.40743,-0.399779,1.46685,0.408584,-0.374038,1.47223,0.383361,-0.374038,1.46721,0.382291,-0.399779
0.111928,-0.277367,1.23199,5.09295,838869073,0.418845,1.22171,-0.374308,0.420624,1.22613,-0.352398,0.440919,1.21794,-0.352398,0.439042,1.21357,-0.374308,0.502604,1.4294,-0.42688,0.504689,1.43458,-0.4012,0.528563,1.42495,-0.4012,0.526363,1.41982,-0.42688
0.499008,-0.277086,2.818,48.6637,838869164,-1.22936,0.400721,-0.374308,-1.23382,0.402402,-0.352398,-1.22563,0.422698,-0.352398,-1.22122,0.42092,-0.374308,-1.4385,0.480891,-0.42688,-1.44372,0.482861,-0.4012,-1.4341,0.506736,-0.4012,-1.42892,0.504651,-0.42688
0.460119,-0.277326,2.83534,48.2371,838869165,-1.23486,0.378921,-0.374308,-1.23933,0.380544,-0.352398,-1.23186,0.401114,-0.352398,-1.22742,0.399391,-0.374308,-1.44536,0.455348,-0.42688,-1.4506,0.45725,-0.4012,-1.44181,0.481447,-0.4012,-1.43661,0.479428,-0.42688
0.167138,-0.294499,1.55979,-5.82641,838869604,0.00324205,1.2928,-0.397732,0.00348958,1.29792,-0.375905,0.025321,1.29641,-0.375905,0.0249681,1.2913,-0.397732,0.0147744,1.51557,-0.454045,0.0150645,1.52156,-0.428462,0.0407458,1.51979,-0.428462,0.0403322,1.5138,-0.454045
0.150368,-0.329417,1.78812,-9.84221,838870641,-0.289273,1.25888,-0.444874,-0.290294,1.26464,-0.423231,-0.268746,1.26846,-0.423231,-0.267829,1.26268,-0.444874,-0.327826,1.47651,-0.508621,-0.329022,1.48327,-0.483254,-0.303675,1.48776,-0.483254,-0.3026,1.48098,-0.508621
0.144068,-0.346743,0.706408,-13.8224,838871091,0.975398,0.846818,-0.468607,0.98029,0.850647,-0.447065,0.993776,0.833413,-0.447065,0.988818,0.829667,-0.468606,1.1486,0.98235,-0.536045,1.15433,0.986838,-0.510795,1.1702,0.966565,-0.510795,1.16438,0.962175,-0.536045
0.126833,-0.346451,0.72357,-2.58759,838871092,0.961717,0.8643,-0.468607,0.966545,0.868212,-0.447065,0.980031,0.850978,-0.447065,0.975138,0.84715,-0.468606,1.13255,1.00286,-0.536045,1.13821,1.00744,-0.510795,1.15407,0.987169,-0.510795,1.14834,0.982682,-0.536045
0.323623,-0.346777,1.26649,-0.393936,838871123,0.376458,1.23551,-0.468607,0.378578,1.24135,-0.447065,0.399147,1.23388,-0.447065,0.396927,1.22808,-0.468606,0.451539,1.44222,-0.536045,0.454025,1.44907,-0.510795,0.478221,1.44028,-0.510795,0.475619,1.43348,-0.536045
0.158324,-0.416317,0.844434,-3.86023,838873147,0.84946,0.97285,-0.565387,0.854774,0.978362,-0.544164,0.870551,0.963152,-0.544164,0.865139,0.957735,-0.565387,0.998733,1.1277,-0.646959,1.00493,1.13412,-0.622215,1.02341,1.11631,-0.622215,1.0171,1.10999,-0.646959
0.1546,-0.415924,1.35265,-7.21341,838873176,0.269024,1.26473,-0.565387,0.270997,1.27213,-0.544164,0.292067,1.2661,-0.544164,0.289962,1.25874,-0.565387,0.324572,1.47255,-0.646959,0.326872,1.48117,-0.622215,0.351553,1.47412,-0.622215,0.349099,1.46553,-0.646959
0.994387,-0.416295,-0.237279,6.04613,838873445,1.25796,-0.292829,-0.565387,1.26532,-0.294933,-0.544164,1.2593,-0.316003,-0.544164,1.25197,-0.313768,-0.565387,1.46476,-0.351938,-0.646959,1.47334,-0.354391,-0.622215,1.46629,-0.379073,-0.622215,1.45775,-0.376466,-0.646959
0.119919,-0.455332,0.900029,-16.8077,838874174,0.794929,1.01963,-0.621348,0.800382,1.02594,-0.60039,0.816698,1.01127,-0.60039,0.811122,1.00506,-0.621349,0.934254,1.17995,-0.709718,0.940575,1.18727,-0.685425,0.959593,1.17017,-0.685425,0.953129,1.16298,-0.709719
0.136079,-0.472556,0.969052,6.87982,838874690,0.722771,1.07212,-0.646197,0.727971,1.07905,-0.62537,0.745272,1.06556,-0.62537,0.739942,1.05872,-0.646196,0.849703,1.24068,-0.737862,0.85573,1.24872,-0.713722,0.875894,1.23298,-0.713722,0.869716,1.22506,-0.737862
0.248199,-0.472545,1.35263,2.18946,838874712,0.269023,1.26473,-0.646197,0.271246,1.27311,-0.62537,0.292344,1.26707,-0.62537,0.289961,1.25874,-0.646196,0.323563,1.46856,-0.737862,0.326141,1.47827,-0.713722,0.35073,1.47124,-0.713722,0.347969,1.46159,-0.737862
0.143486,-0.472611,-1.23281,32.487,838874924,0.439118,-1.21594,-0.646197,0.441672,-1.22422,-0.62537,0.420585,-1.23029,-0.62537,0.418189,-1.22196,-0.646196,0.500912,-1.4177,-0.737862,0.503873,-1.42729,-0.713722,0.479295,-1.43437,-0.713722,0.476518,-1.42471,-0.737862
0.103877,-0.541862,0.951854,37.9569,838876737,0.740277,1.05846,-0.747269,0.746379,1.06628,-0.727072,0.763699,1.05277,-0.727072,0.757447,1.04507,-0.747269,0.866338,1.22004,-0.851731,0.873366,1.22905,-0.828468,0.893441,1.21339,-0.828468,0.88624,1.20452,-0.851731
0.105476,-0.558552,0.969022,-27.0687,838877250,0.722771,1.07212,-0.772956,0.728905,1.08029,-0.752908,0.746226,1.06678,-0.752908,0.739941,1.05873,-0.772956,0.845134,1.23459,-0.880443,0.8522,1.24401,-0.857352,0.872275,1.22835,-0.857352,0.865036,1.21907,-0.880443
0.139564,-0.558585,1.17611,26.3525,838877262,0.486859,1.19772,-0.772956,0.491159,1.20699,-0.752908,0.510912,1.19737,-0.752908,0.506441,1.18819,-0.772956,0.572739,1.38209,-0.880443,0.577692,1.39277,-0.857352,0.600587,1.38163,-0.857352,0.595437,1.37105,-0.880443
0.152533,-0.558981,-1.42258,74.3603,838877473,0.201762,-1.27585,-0.772956,0.202838,-1.28601,-0.752908,0.180991,-1.28832,-0.752908,0.180105,-1.27814,-0.772956,0.22317,-1.47809,-0.880443,0.224409,-1.48979,-0.857352,0.199087,-1.49247,-0.857352,0.198067,-1.48074,-0.880443
0.21758,-0.575667,-0.776314,51.024,838878022,0.930325,-0.897962,-0.798841,0.937508,-0.905642,-0.778947,0.921192,-0.920354,-0.778947,0.914151,-0.912545,-0.798841,1.068,-1.04548,-0.909329,1.07627,-1.05433,-0.886415,1.05736,-1.07138,-0.886414,1.04925,-1.06238,-0.909329
0.499158,-0.592772,0.792512,1.25972,838878264,0.899762,0.928521,-0.824932,0.907659,0.935901,-0.805196,0.922373,0.919587,-0.805196,0.914347,0.912349,-0.824932,1.04603,1.0651,-0.938397,1.05513,1.0736,-0.915665,1.07218,1.0547,-0.915665,1.06294,1.04636,-0.938397
0.441922,-0.593251,0.809856,5.21449,838878265,0.882578,0.94301,-0.824932,0.890346,0.950524,-0.805196,0.90562,0.934734,-0.805196,0.89772,0.927357,-0.824932,1.0264,1.08213,-0.938397,1.03534,1.09078,-0.915665,1.05305,1.07248,-0.915665,1.04395,1.06398,-0.938397
0,-0.59324,0.95184,0,838878273,0.740277,1.05846,-0.824932,0.746925,1.06698,-0.805196,0.764245,1.05347,-0.805196,0.757447,1.04507,-0.824932,0.863358,1.21622,-0.938397,0.871015,1.22604,-0.915665,0.891091,1.21038,-0.915665,0.88326,1.2007,-0.938397
0.143732,-0.610303,0.671797,4.81193,838878769,1.00404,0.812656,-0.851239,1.01301,0.819186,-0.831665,1.02594,0.801423,-0.831665,1.01685,0.795047,-0.851239,1.16445,0.929386,-0.967656,1.17479,0.936908,-0.945111,1.18977,0.916319,-0.945111,1.1793,0.908975,-0.967656
0.176162,-0.609911,1.2106,13.2156,838878800,0.445207,1.21372,-0.851239,0.449538,1.22395,-0.831665,0.469615,1.21503,-0.831665,0.46511,1.20488,-0.851239,0.522575,1.39644,-0.967656,0.527563,1.40821,-0.945111,0.550834,1.39788,-0.945111,0.545644,1.38619,-0.967656
0.0958779,-0.626953,0.408922,5.04872,838879266,1.18191,0.524338,-0.877931,1.19259,0.528466,-0.858414,1.20013,0.507804,-0.858414,1.18938,0.503879,-0.877931,1.36558,0.59488,-0.997136,1.3778,0.599603,-0.974811,1.38649,0.5758,-0.974811,1.37418,0.57131,-0.997136
0.161871,-0.627014,0.5509,7.89947,838879274,1.09572,0.686255,-0.877931,1.10573,0.691829,-0.858414,1.11606,0.672416,-0.858414,1.10596,0.667033,-0.877931,1.2678,0.781647,-0.997136,1.27925,0.788022,-0.974811,1.29116,0.765658,-0.974812,1.2796,0.7595,-0.997136
0.208959,-0.627442,0.637272,1.96466,838879279,1.03147,0.777516,-0.877931,1.04095,0.783926,-0.858414,1.05327,0.765701,-0.858414,1.04366,0.75947,-0.877931,1.19448,0.887639,-0.997136,1.20533,0.894972,-0.974811,1.21952,0.873976,-0.974812,1.20852,0.866848,-0.997137
-0.0804403,-0.627486,0.917307,-3.63446,838879295,0.776327,1.03224,-0.877931,0.783682,1.04102,-0.858414,0.80054,1.02689,-0.858414,0.793019,1.01826,-0.877931,0.902679,1.18303,-0.997136,0.911093,1.19307,-0.974811,0.930514,1.17679,-0.974811,0.921911,1.16691,-0.997136
0.10662,-0.626984,0.934483,13.9919,838879296,0.759307,1.0465,-0.877931,0.766496,1.05542,-0.858414,0.783354,1.04129,-0.858414,0.775999,1.03252,-0.877931,0.88312,1.19942,-0.997136,0.891344,1.20962,-0.974811,0.910765,1.19334,-0.974811,0.902351,1.1833,-0.997136
-0.0211311,-0.62746,0.951823,-4.06497,838879297,0.740278,1.05846,-0.877931,0.747322,1.06749,-0.858414,0.764662,1.05396,-0.858414,0.757448,1.04507,-0.877931,0.861287,1.21357,-0.997136,0.869344,1.2239,-0.974811,0.889322,1.20831,-0.974812,0.881069,1.19813,-0.997136
0.0142076,-0.626962,0.968998,-3.25727,838879298,0.72277,1.07212,-0.877931,0.729643,1.08128,-0.858414,0.746984,1.06775,-0.858414,0.73994,1.05873,-0.877931,0.841167,1.22926,-0.997136,0.84903,1.23974,-0.974811,0.869007,1.22416,-0.974811,0.860949,1.21383,-0.997136
0.0446015,-0.627442,0.986337,-2.62818,838879299,0.703334,1.08341,-0.877931,0.710059,1.09268,-0.858414,0.727862,1.07976,-0.858414,0.720962,1.07062,-0.877931,0.818852,1.24264,-0.997136,0.826545,1.25325,-0.974811,0.847054,1.23837,-0.974812,0.839162,1.22791,-0.997136
0.669338,-0.626997,1.17608,-0.44004,838879310,0.486858,1.19772,-0.877931,0.491675,1.20811,-0.858414,0.511451,1.19848,-0.858414,0.50644,1.18819,-0.877931,0.569968,1.37605,-0.997136,0.575478,1.38794,-0.974811,0.598261,1.37685,-0.974812,0.592529,1.36507,-0.997136
0.484051,-0.627502,1.19342,1.08842,838879311,0.4655,1.20471,-0.877931,0.470149,1.21518,-0.858414,0.490249,1.20625,-0.858414,0.485403,1.19587,-0.877931,0.545358,1.3845,-0.997136,0.550676,1.39647,-0.974811,0.573832,1.38618,-0.974811,0.568289,1.37431,-0.997136
0.43759,-0.644082,0.374402,1.03659,838879776,1.19933,0.483253,-0.904837,1.21041,0.487091,-0.885485,1.21722,0.466179,-0.885485,1.20607,0.462547,-0.904837,1.38373,0.546811,-1.02681,1.39641,0.551201,-1.00467,1.40426,0.527109,-1.00467,1.3915,0.522954,-1.02681
-0.0358005,-0.644637,0.917303,-2.56292,838879807,0.776327,1.03224,-0.904837,0.783858,1.04123,-0.885485,0.800716,1.0271,-0.885485,0.793019,1.01826,-0.904837,0.901586,1.18172,-1.02681,0.910201,1.192,-1.00467,0.929622,1.17573,-1.00467,0.920817,1.16561,-1.02681
0.134741,-0.644124,0.934477,13.3041,838879808,0.759307,1.0465,-0.904837,0.766672,1.05563,-0.885485,0.78353,1.04151,-0.885484,0.775999,1.03252,-0.904837,0.882026,1.19811,-1.02681,0.890452,1.20855,-1.00467,0.909873,1.19228,-1.00467,0.901258,1.182,-1.02681
0.232029,-0.64461,0.951818,3.26141,838879809,0.740278,1.05846,-0.904837,0.74749,1.06771,-0.885485,0.764831,1.05418,-0.885485,0.757448,1.04507,-0.904837,0.860239,1.21222,-1.02681,0.86849,1.2228,-1.00467,0.888467,1.20721,-1.00467,0.880022,1.19679,-1.02681
0.11681,-0.644101,0.968992,9.86586,838879810,0.72277,1.07212,-0.904837,0.729812,1.0815,-0.885485,0.747153,1.06797,-0.885485,0.73994,1.05873,-0.904837,0.840119,1.22792,-1.02681,0.848175,1.23865,-1.00467,0.868152,1.22306,-1.00467,0.859902,1.21249,-1.02681
-0.0163093,-0.644592,0.986333,-2.07225,838879811,0.703334,1.08341,-0.904837,0.71022,1.0929,-0.885484,0.728023,1.07998,-0.885485,0.720962,1.07062,-0.904837,0.817852,1.24127,-1.02681,0.825729,1.25212,-1.00467,0.846238,1.23724,-1.00467,0.838162,1.22653,-1.02681
0.12589,-0.644653,1.54248,-1.90249,838879843,0.0253915,1.29127,-0.904837,0.0261992,1.30297,-0.885485,0.048141,1.30145,-0.885485,0.0471175,1.28977,-0.904837,0.0388259,1.48583,-1.02681,0.0397499,1.49921,-1.00467,0.0650277,1.49746,-1.00467,0.063857,1.4841,-1.02681
0.129744,-0.661206,0.654434,22.1795,838880304,1.01903,0.795916,-0.931978,1.02886,0.802812,-0.912793,1.04117,0.784587,-0.912793,1.03123,0.77787,-0.931978,1.17734,0.906857,-1.05669,1.18857,0.914744,-1.03475,1.20276,0.893748,-1.03475,1.19138,0.886066,-1.05669
0.742921,-0.661711,0.671776,1.77166,838880305,1.00404,0.812655,-0.931978,1.01374,0.819715,-0.912793,1.02668,0.801931,-0.912793,1.01685,0.795046,-0.931978,1.16032,0.926378,-1.05669,1.17142,0.934454,-1.03475,1.18633,0.913966,-1.03475,1.17508,0.90609,-1.05669
0.0032137,-0.661784,0.844348,98.8739,838880315,0.849462,0.972848,-0.931978,0.857789,0.981485,-0.912793,0.873624,0.966221,-0.912793,0.865141,0.957733,-0.931978,0.983605,1.112,-1.05669,0.99313,1.12188,-1.03475,1.01137,1.10429,-1.03475,1.00167,1.09458,-1.05669
0.0485955,-0.661768,0.917298,-11.7117,838880319,0.776327,1.03224,-0.931978,0.784033,1.04144,-0.912793,0.800891,1.02731,-0.912793,0.793019,1.01826,-0.931978,0.900467,1.18039,-1.05669,0.909282,1.19091,-1.03475,0.928703,1.17463,-1.03475,0.919698,1.16427,-1.05669
1.1967,-0.661244,0.93447,0.167947,838880320,0.759307,1.0465,-0.931978,0.766847,1.05584,-0.912793,0.783705,1.04171,-0.912793,0.775999,1.03252,-0.931978,0.880908,1.19678,-1.05669,0.889533,1.20745,-1.03475,0.908954,1.19118,-1.03475,0.900139,1.18066,-1.05669
4.72354,-0.66174,0.951814,-0.337467,838880321,0.740277,1.05846,-0.931978,0.747658,1.06792,-0.912793,0.764998,1.05439,-0.912793,0.757448,1.04507,-0.931978,0.859168,1.21085,-1.05669,0.86761,1.22167,-1.03475,0.887587,1.20609,-1.03475,0.87895,1.19542,-1.05669
0.31097,-0.661221,0.968986,11.8082,838880322,0.72277,1.07212,-0.931978,0.729979,1.08171,-0.912793,0.74732,1.06819,-0.912793,0.73994,1.05873,-0.931978,0.839048,1.22655,-1.05669,0.847295,1.23752,-1.03475,0.867273,1.22194,-1.03475,0.85883,1.21111,-1.05669
0.0135109,-0.661721,0.986328,-2.33843,838880323,0.703334,1.08341,-0.931978,0.71038,1.09312,-0.912793,0.728182,1.0802,-0.912793,0.720962,1.07062,-0.931978,0.81683,1.23986,-1.05669,0.824889,1.25096,-1.03475,0.845398,1.23609,-1.03475,0.837139,1.22512,-1.05669
0.102941,-0.678333,0.792484,29.5534,838880824,0.899761,0.928522,-0.959363,0.908726,0.936899,-0.940349,0.923457,0.920566,-0.940349,0.914347,0.91235,-0.959363,1.03975,1.05924,-1.08679,1.05,1.06882,-1.06504,1.06697,1.05,-1.06504,1.05655,1.0406,-1.08679
0.145507,-0.678378,0.899947,2.96919,838880830,0.794927,1.01963,-0.959363,0.802969,1.02889,-0.940349,0.819323,1.01419,-0.940349,0.81112,1.00507,-0.959363,0.920511,1.16424,-1.08679,0.929711,1.17484,-1.06504,0.948551,1.15789,-1.06504,0.939168,1.14746,-1.08679
0.0520254,-0.678879,0.917294,-2.03361,838880831,0.776327,1.03224,-0.959363,0.784206,1.04165,-0.940349,0.801064,1.02752,-0.940349,0.793019,1.01826,-0.959363,0.899323,1.17902,-1.08679,0.908336,1.18978,-1.06504,0.927757,1.1735,-1.06504,0.918554,1.16291,-1.08679
-0.0216422,-0.678346,0.934464,-3.2294,838880832,0.759307,1.0465,-0.959363,0.76702,1.05605,-0.940349,0.783878,1.04192,-0.940349,0.775999,1.03252,-0.959363,0.879764,1.19541,-1.08679,0.888588,1.20633,-1.06504,0.908008,1.19005,-1.06504,0.898995,1.1793,-1.08679
0.208764,-0.678852,0.951809,3.4361,838880833,0.740277,1.05846,-0.959363,0.747824,1.06814,-0.940349,0.765164,1.05461,-0.940349,0.757448,1.04507,-0.959363,0.858073,1.20945,-1.08679,0.866705,1.22051,-1.06504,0.886682,1.20493,-1.06504,0.877855,1.19401,-1.08679
0.176814,-0.678322,0.968979,-26.0961,838880834,0.72277,1.07212,-0.959363,0.730145,1.08193,-0.940349,0.747486,1.0684,-0.940349,0.73994,1.05873,-0.959363,0.837953,1.22514,-1.08679,0.84639,1.23636,-1.06504,0.866367,1.22077,-1.06504,0.857735,1.20971,-1.08679
-0.0202149,-0.678832,0.986324,-1.46418,838880835,0.703334,1.08341,-0.959363,0.710538,1.09334,-0.940349,0.728341,1.08042,-0.940349,0.720962,1.07062,-0.959363,0.815784,1.23841,-1.08679,0.824025,1.24977,-1.06504,0.844534,1.23489,-1.06504,0.836093,1.22368,-1.08679
-0.0640813,-0.695975,0.917289,-2.46034,838881343,0.776327,1.03224,-0.987001,0.784378,1.04185,-0.968162,0.801236,1.02772,-0.968162,0.793019,1.01826,-0.987001,0.898155,1.17763,-1.11712,0.907365,1.18862,-1.09557,0.926786,1.17234,-1.09557,0.917386,1.16151,-1.11712
0.0440208,-0.695431,0.934458,-2.13005,838881344,0.759307,1.0465,-0.987001,0.767192,1.05625,-0.968162,0.78405,1.04213,-0.968162,0.775999,1.03252,-0.987001,0.878596,1.19402,-1.11712,0.887616,1.20517,-1.09557,0.907037,1.18889,-1.09557,0.897827,1.1779,-1.11712
0.0275006,-0.695946,0.951805,-1.75264,838881345,0.740278,1.05846,-0.987001,0.747988,1.06835,-0.968162,0.765329,1.05482,-0.968162,0.757448,1.04507,-0.987001,0.856954,1.20801,-1.11712,0.865774,1.21932,-1.09557,0.885751,1.20373,-1.09557,0.876736,1.19258,-1.11712
-0.0709545,-0.695408,0.968973,-1.41906,838881346,0.72277,1.07212,-0.987001,0.73031,1.08214,-0.968162,0.747651,1.06861,-0.968162,0.73994,1.05873,-0.987001,0.836834,1.22371,-1.11712,0.845459,1.23517,-1.09557,0.865437,1.21958,-1.09557,0.856616,1.20828,-1.11712
-0.0661708,-0.695927,0.986319,-0.14881,838881347,0.703334,1.08341,-0.987001,0.710695,1.09355,-0.968162,0.728498,1.08064,-0.968162,0.720962,1.07062,-0.987001,0.814716,1.23694,-1.11712,0.823136,1.24855,-1.09557,0.843646,1.23367,-1.09557,0.835026,1.22221,-1.11712
0.185631,-0.695418,1.49061,-9.15499,838881376,0.0924146,1.28964,-0.987001,0.0939349,1.30209,-0.968162,0.115717,1.29905,-0.968162,0.113983,1.28663,-0.987001,0.115378,1.47796,-1.11712,0.117117,1.49219,-1.09557,0.142211,1.48869,-1.09557,0.140228,1.47449,-1.11712
0.114696,-0.712597,0.899938,-20.5221,838881854,0.794926,1.01963,-1.0151,0.803363,1.02937,-0.996316,0.819735,1.01465,-0.996316,0.81112,1.00507,-1.0151,0.918235,1.16147,-1.14775,0.927816,1.17253,-1.12642,0.946557,1.15568,-1.12642,0.936773,1.1448,-1.14775
0.105454,-0.712523,1.00348,2.18141,838881860,0.685359,1.09645,-1.0151,0.692731,1.10702,-0.996316,0.710553,1.09409,-0.996316,0.702987,1.08366,-1.0151,0.793154,1.25041,-1.14775,0.801526,1.26241,-1.12642,0.821926,1.24761,-1.12642,0.813335,1.23577,-1.14775
0.2977,-0.713088,1.30086,2.75731,838881877,0.333619,1.24782,-1.0151,0.337592,1.26008,-0.996316,0.358536,1.25329,-0.996316,0.354335,1.2411,-1.0151,0.391566,1.42658,-1.14775,0.396078,1.4405,-1.12642,0.420053,1.43273,-1.12642,0.415282,1.41889,-1.14775
0.226429,-0.712519,-1.72001,52.8232,838882064,-0.181152,-1.28027,-1.0151,-0.183587,-1.29293,-0.996316,-0.205127,-1.28837,-0.996316,-0.202457,-1.27576,-1.0151,-0.216997,-1.46477,-1.14775,-0.219762,-1.47914,-1.12642,-0.244418,-1.47392,-1.12642,-0.241387,-1.4596,-1.14775
0.194513,-0.713061,-1.70268,43.4436,838882065,-0.158738,-1.28189,-1.0151,-0.160966,-1.29459,-0.996316,-0.182652,-1.29078,-0.996316,-0.180188,-1.27813,-1.0151,-0.191223,-1.46699,-1.14775,-0.193753,-1.4814,-1.12642,-0.218577,-1.47704,-1.12642,-0.215779,-1.46268,-1.14775
0.151536,-0.72969,1.45609,33.5445,838882398,0.136865,1.28573,-1.04345,0.138899,1.29871,-1.02484,0.160585,1.29491,-1.02484,0.158315,1.28197,-1.04345,0.165934,1.4696,-1.1786,0.168244,1.48434,-1.15747,0.193068,1.47998,-1.15747,0.19049,1.46529,-1.1786
0.128925,-0.747454,0.844321,12.3504,838882875,0.849463,0.972847,-1.07207,0.858751,0.982482,-1.05364,0.874603,0.967201,-1.05364,0.865142,0.957732,-1.07207,0.977372,1.10553,-1.20971,0.98792,1.11647,-1.18878,1.00607,1.09898,-1.18878,0.995321,1.08823,-1.20971
0.141988,-0.764606,0.882747,15.0052,838883389,0.811439,1.00478,-1.10098,0.820552,1.01491,-1.08273,0.836924,1.00019,-1.08273,0.827633,0.990217,-1.10098,0.933429,1.14044,-1.24107,0.943777,1.15194,-1.22034,0.962518,1.13509,-1.22034,0.951967,1.12376,-1.24107
0.186154,-0.76402,0.89992,14.3128,838883390,0.794926,1.01963,-1.10098,0.803861,1.02992,-1.08273,0.820232,1.0152,-1.08273,0.81112,1.00507,-1.10098,0.914571,1.15739,-1.24107,0.924717,1.16908,-1.22034,0.943458,1.15223,-1.22034,0.933109,1.14072,-1.24107
0.281252,-0.764567,0.917265,4.12616,838883391,0.776328,1.03224,-1.10098,0.785081,1.04269,-1.08273,0.801957,1.02855,-1.08273,0.79302,1.01825,-1.10098,0.893505,1.17208,-1.24107,0.903445,1.18394,-1.22034,0.922763,1.16775,-1.22034,0.912614,1.15606,-1.24107
0.153231,-0.763986,0.934437,-14.5393,838883392,0.759306,1.04651,-1.10098,0.767876,1.05711,-1.08273,0.784752,1.04296,-1.08273,0.775998,1.03252,-1.10098,0.874066,1.18837,-1.24107,0.883798,1.2004,-1.22034,0.903116,1.18421,-1.22034,0.893175,1.17235,-1.24107
0.201137,-0.764567,2.66259,25.3856,838883491,-1.15137,0.585287,-1.10098,-1.16318,0.592093,-1.08273,-1.15218,0.611168,-1.08273,-1.14049,0.604154,-1.10098,-1.30943,0.676402,-1.24107,-1.32283,0.684131,-1.22034,-1.31025,0.705966,-1.22034,-1.29697,0.698001,-1.24107
0.105156,-0.78104,0.68891,-1.4637,838883890,0.990972,0.830611,-1.13017,1.00205,0.838967,-1.11211,1.015,0.821164,-1.11211,1.00379,0.813002,-1.13017,1.1351,0.939392,-1.2727,1.14768,0.948881,-1.25218,1.16251,0.928502,-1.25218,1.14977,0.919233,-1.2727
0.124582,-0.78172,0.882743,-24.3488,838883901,0.811439,1.00478,-1.13017,0.820715,1.01509,-1.11211,0.837086,1.00037,-1.11211,0.827633,0.990217,-1.13017,0.932163,1.13903,-1.2727,0.942697,1.15074,-1.25218,0.961437,1.13389,-1.25218,0.950702,1.12236,-1.2727
0.109344,-0.803336,0.585362,15.8581,838884396,1.07144,0.723697,-1.16882,1.08366,0.731068,-1.15074,1.0947,0.711988,-1.15074,1.08234,0.704844,-1.16882,1.22466,0.815746,-1.31362,1.23844,0.824055,-1.29324,1.25098,0.802359,-1.29324,1.23706,0.794306,-1.31362
0.26543,-0.803872,1.71893,50.9623,838884461,-0.201759,1.27585,-1.16882,-0.203261,1.29004,-1.15074,-0.181344,1.29236,-1.15074,-0.180102,1.27814,-1.16882,-0.220572,1.45358,-1.31362,-0.222265,1.46957,-1.29324,-0.197342,1.47221,-1.29324,-0.195943,1.45618,-1.31362
0.442704,-0.803293,3.09785,48.837,838884540,-1.29223,0.0453136,-1.16882,-1.30645,0.0465343,-1.15074,-1.30416,0.0684553,-1.15074,-1.28997,0.0669737,-1.16882,-1.4703,0.0608949,-1.31362,-1.48633,0.0622709,-1.29324,-1.48372,0.0871981,-1.29324,-1.46772,0.0855279,-1.31362
0.138144,-0.820496,0.408863,23.0863,838884898,1.18191,0.52434,-1.19895,1.19544,0.529556,-1.18106,1.203,0.508851,-1.18106,1.18937,0.503881,-1.19895,1.34704,0.587771,-1.34602,1.36229,0.593651,-1.32584,1.37088,0.570107,-1.32584,1.35553,0.564504,-1.34602
0.13305,-0.821081,0.740752,3.55166,838884917,0.945587,0.879953,-1.19895,0.956688,0.889282,-1.18106,0.970868,0.872409,-1.18106,0.959599,0.863281,-1.19895,1.08098,0.993747,-1.34602,1.0935,1.00426,-1.32584,1.10962,0.985077,-1.32584,1.09692,0.974787,-1.34602
0.142991,-0.821077,1.36986,29.8959,838884953,0.246775,1.26791,-1.19895,0.250272,1.28198,-1.18106,0.271662,1.27667,-1.18106,0.26791,1.26266,-1.19895,0.289435,1.43956,-1.34602,0.293378,1.45542,-1.32584,0.3177,1.44937,-1.32584,0.313471,1.43358,-1.34602
0.186844,-0.838307,-0.237419,38.0772,838885733,1.25796,-0.292833,-1.22941,1.27212,-0.29688,-1.21169,1.26606,-0.318072,-1.21169,1.25197,-0.313773,-1.22941,1.4262,-0.340923,-1.3787,1.44216,-0.345485,-1.35874,1.43528,-0.369582,-1.35874,1.4194,-0.364736,-1.3787
0.312403,-0.855433,0.986269,-1.47474,838885955,0.703336,1.08341,-1.26018,0.712115,1.09551,-1.24266,0.729955,1.08257,-1.24266,0.720964,1.07062,-1.26018,0.804964,1.2235,-1.41169,0.81486,1.23714,-1.39194,0.835146,1.22242,-1.39194,0.825011,1.20895,-1.41169
0.250328,-0.871971,0.968922,5.84776,838886466,0.722768,1.07212,-1.2913,0.731894,1.08425,-1.27397,0.749271,1.07069,-1.27397,0.739938,1.05873,-1.2913,0.825677,1.20889,-1.445,0.835964,1.22255,-1.42546,0.855724,1.20714,-1.42546,0.845204,1.19365,-1.445
0.153546,-0.872587,1.47339,-1.91269,838886495,0.114409,1.28657,-1.2913,0.116508,1.3016,-1.27397,0.138336,1.29855,-1.27397,0.135977,1.28356,-1.2913,0.138087,1.45606,-1.445,0.140453,1.47299,-1.42546,0.165275,1.46953,-1.42546,0.162616,1.45263,-1.445
0.095726,-0.889748,0.986256,-13.2135,838886979,0.703337,1.08341,-1.32289,0.7124,1.0959,-1.30571,0.730255,1.08295,-1.30571,0.720965,1.07062,-1.32289,0.802743,1.22043,-1.47862,0.812884,1.23441,-1.45939,0.833052,1.21978,-1.45939,0.822656,1.20599,-1.47862
0.135224,-0.90691,0.775244,-2.74772,838887479,0.914635,0.912029,-1.3548,0.926247,0.922502,-1.3378,0.941021,0.906122,-1.3378,0.929221,0.895857,-1.3548,1.03896,1.02416,-1.51253,1.05195,1.03587,-1.4935,1.06864,1.01737,-1.4935,1.05544,1.00589,-1.51253
0.166882,-0.906308,1.28347,-13.3683,838887508,0.355586,1.24309,-1.3548,0.360661,1.25789,-1.3378,0.381394,1.25035,-1.3378,0.376056,1.23566,-1.3548,0.410088,1.40142,-1.51253,0.415766,1.41797,-1.4935,0.439185,1.40946,-1.4935,0.433211,1.39302,-1.51253
0.272022,-0.906887,2.41703,51.0876,838887573,-0.974656,0.847671,-1.3548,-0.985912,0.858525,-1.3378,-0.970601,0.874404,-1.3378,-0.95954,0.863347,-1.3548,-1.09517,0.963879,-1.51253,-1.10777,0.976025,-1.4935,-1.09047,0.993961,-1.4935,-1.0781,0.981589,-1.51253
0.166957,-0.923377,0.723389,-3.9919,838887988,0.961713,0.864306,-1.38705,0.974013,0.874288,-1.37024,0.987607,0.856916,-1.37024,0.975134,0.847155,-1.38705,1.09033,0.968538,-1.54677,1.10409,0.979708,-1.52795,1.11945,0.960085,-1.52795,1.10549,0.949163,-1.54677
0.178548,-0.924087,0.917218,-4.41938,838887999,0.776329,1.03224,-1.38705,0.786502,1.04438,-1.37024,0.80341,1.03021,-1.37024,0.793022,1.01825,-1.38705,0.882643,1.15911,-1.54677,0.894027,1.1727,-1.52795,0.913124,1.15669,-1.52795,0.9015,1.14331,-1.54677
0.181902,-0.940485,0.654356,-3.71509,838888496,1.01903,0.795919,-1.41968,1.03217,0.805129,-1.40306,1.04451,0.786851,-1.40306,1.03122,0.777873,-1.41968,1.15303,0.889846,-1.58135,1.16772,0.900153,-1.56275,1.18167,0.879506,-1.56275,1.1668,0.86946,-1.58135
0.154774,-0.941148,1.47337,15.4697,838888543,0.11441,1.28657,-1.41968,0.116629,1.30246,-1.40306,0.138476,1.2994,-1.40306,0.135978,1.28356,-1.41968,0.137047,1.44861,-1.58135,0.139531,1.46638,-1.56275,0.164207,1.46293,-1.56275,0.161413,1.4452,-1.58135
0.115397,-0.958229,0.637177,16.1866,838889007,1.03147,0.777513,-1.45268,1.04492,0.786601,-1.43625,1.05727,0.768322,-1.43625,1.04366,0.759467,-1.45268,1.16543,0.868015,-1.6163,1.18049,0.878184,-1.59791,1.19444,0.857538,-1.59791,1.17921,0.847629,-1.6163
0.752977,-0.975469,1.23175,-1.29972,838889553,0.418852,1.22171,-1.48631,0.425036,1.23704,-1.46997,0.44551,1.22879,-1.46997,0.439049,1.21357,-1.48631,0.478633,1.36994,-1.65172,0.485502,1.38698,-1.63357,0.508474,1.37771,-1.63357,0.501297,1.3608,-1.65172
0.277836,-0.974696,1.35248,0.901416,838889560,0.269017,1.26473,-1.48631,0.273276,1.28071,-1.46997,0.294501,1.27464,-1.46997,0.289955,1.25874,-1.48631,0.310405,1.41914,-1.65172,0.315136,1.43689,-1.63357,0.338951,1.43008,-1.63357,0.333902,1.41242,-1.65172
1.24769,-0.975349,1.36981,0.410298,838889561,0.246777,1.26791,-1.48631,0.250765,1.28396,-1.46997,0.27219,1.27863,-1.46997,0.267912,1.26266,-1.48631,0.28533,1.42303,-1.65172,0.28976,1.44085,-1.63357,0.313798,1.43488,-1.63357,0.309046,1.41713,-1.65172
0.00800335,-0.975387,1.99892,-3.21912,838889597,-0.546513,1.17033,-1.48631,-0.552717,1.18566,-1.46997,-0.532254,1.19394,-1.46997,-0.526326,1.1785,-1.48631,-0.60649,1.31849,-1.65172,-0.613382,1.33551,-1.63357,-0.590422,1.34481,-1.63357,-0.583837,1.32766,-1.65172
0.125519,-0.974715,2.0161,-3.54244,838889598,-0.567104,1.162,-1.48631,-0.573585,1.17721,-1.46997,-0.553122,1.18549,-1.46997,-0.546918,1.17017,-1.48631,-0.629547,1.30915,-1.65172,-0.636746,1.32605,-1.63357,-0.613787,1.33535,-1.63357,-0.606895,1.31832,-1.65172
-0.0103696,-0.975363,2.03343,-3.56669,838889599,-0.586587,1.15081,-1.48631,-0.593323,1.16591,-1.46997,-0.573162,1.1749,-1.46997,-0.566699,1.15968,-1.48631,-0.651702,1.29678,-1.65172,-0.659184,1.31355,-1.63357,-0.636563,1.32364,-1.63357,-0.629384,1.30674,-1.65172
0.058779,-0.974696,2.05061,-3.24299,838889600,-0.606875,1.14176,-1.48631,-0.613884,1.15674,-1.46997,-0.593722,1.16573,-1.46997,-0.586986,1.15063,-1.48631,-0.674419,1.28665,-1.65172,-0.682205,1.30328,-1.63357,-0.659584,1.31338,-1.63357,-0.652101,1.2966,-1.65172
0.115244,-0.975349,2.06795,4.33605,838889601,-0.625956,1.1299,-1.48631,-0.633215,1.14476,-1.46997,-0.61338,1.15445,-1.46997,-0.606389,1.13946,-1.48631,-0.696129,1.27351,-1.65172,-0.704193,1.29001,-1.63357,-0.681938,1.30089,-1.63357,-0.674172,1.28424,-1.65172
-0.0194064,-0.974688,2.08513,-3.31991,838889602,-0.645915,1.12015,-1.48631,-0.653443,1.13487,-1.46997,-0.633608,1.14457,-1.46997,-0.626348,1.12971,-1.48631,-0.718478,1.26259,-1.65172,-0.72684,1.27894,-1.63357,-0.704585,1.28982,-1.63357,-0.696521,1.27332,-1.65172
-0.0803911,-0.975346,2.10246,-3.9048,838889603,-0.66457,1.10763,-1.48631,-0.672344,1.12222,-1.46997,-0.652859,1.1326,-1.46997,-0.645349,1.11787,-1.48631,-0.739716,1.2487,-1.65172,-0.748351,1.26491,-1.63357,-0.726489,1.27655,-1.63357,-0.718147,1.26019,-1.65172
0.140677,-0.991938,0.899861,19.3658,838890046,0.794924,1.01963,-1.52031,0.805879,1.03226,-1.50416,0.822294,1.0175,-1.50416,0.811117,1.00507,-1.52031,0.898579,1.13888,-1.68749,0.910748,1.15291,-1.66955,0.929166,1.13634,-1.66955,0.91675,1.12254,-1.68749
0.124431,-0.992627,1.23175,-2.72813,838890065,0.418852,1.22171,-1.52031,0.425104,1.23721,-1.50416,0.445578,1.22896,-1.50416,0.439049,1.21357,-1.52031,0.477938,1.36822,-1.68749,0.484883,1.38544,-1.66955,0.507855,1.37618,-1.66955,0.500603,1.35908,-1.68749
-0.0796577,-0.99252,2.03343,-2.05456,838890111,-0.586587,1.15081,-1.52031,-0.593397,1.16608,-1.50416,-0.573236,1.17507,-1.50416,-0.566699,1.15968,-1.52031,-0.650946,1.29508,-1.68749,-0.65851,1.31204,-1.66955,-0.635889,1.32213,-1.66955,-0.628628,1.30504,-1.68749
0.153416,-1.00904,0.47785,-12.363,838890534,1.14283,0.604561,-1.55471,1.15814,0.611719,-1.53874,1.16713,0.591559,-1.53874,1.1517,0.584674,-1.55471,1.2843,0.670603,-1.72364,1.3013,0.678554,-1.70591,1.31139,0.655934,-1.70591,1.29426,0.648286,-1.72364
0.234216,-1.02678,0.426151,52.841,838891043,1.17141,0.544203,-1.58952,1.18723,0.550611,-1.57374,1.19552,0.530149,-1.57374,1.17958,0.524017,-1.58952,1.31434,0.602086,-1.76019,1.33192,0.609205,-1.74266,1.34121,0.586246,-1.74266,1.32351,0.579435,-1.76019
0.342945,-1.02615,0.477846,10.177,838891046,1.14283,0.604561,-1.58952,1.1583,0.611791,-1.57374,1.1673,0.591631,-1.57374,1.1517,0.584674,-1.58952,1.28257,0.669831,-1.76019,1.29975,0.677862,-1.74266,1.30984,0.655242,-1.74266,1.29253,0.647514,-1.76019
0.158698,-1.02615,0.826912,17.6747,838891066,0.867137,0.958973,-1.58952,0.8792,0.971057,-1.57374,0.894549,0.95519,-1.57374,0.882278,0.94332,-1.58952,0.976123,1.0681,-1.76019,0.989523,1.08152,-1.74266,1.00674,1.06372,-1.74266,0.993114,1.05053,-1.76019
0.143963,-1.04317,1.0034,7.82799,838891588,0.685357,1.09645,-1.62476,0.695243,1.11059,-1.60917,0.713112,1.09762,-1.60917,0.702984,1.08366,-1.62476,0.772629,1.22128,-1.79714,0.783611,1.23698,-1.77982,0.803661,1.22244,-1.77982,0.79241,1.20693,-1.79714
0.173771,-1.06107,1.26625,18.8428,838892115,0.376466,1.23551,-1.66072,0.382459,1.25201,-1.64521,0.403224,1.24446,-1.64521,0.396936,1.22807,-1.66072,0.427841,1.37695,-1.83468,0.434449,1.39514,-1.81758,0.457595,1.38674,-1.81758,0.45066,1.36866,-1.83468
-0.147675,-1.06099,2.10244,-3.0758,838892163,-0.664569,1.10763,-1.66072,-0.672821,1.12312,-1.64521,-0.653322,1.13351,-1.64521,-0.645348,1.11787,-1.66072,-0.735319,1.24045,-1.83468,-0.744419,1.25753,-1.81758,-0.722685,1.26911,-1.81758,-0.713892,1.25186,-1.83468
0.485359,-1.0775,0.61981,2.22194,838892590,1.04587,0.760268,-1.6971,1.06071,0.769932,-1.68178,1.07243,0.751204,-1.68178,1.05742,0.741807,-1.6971,1.17056,0.841253,-1.87262,1.18693,0.85191,-1.85572,1.2,0.831035,-1.85572,1.18344,0.820673,-1.87262
-0.0155368,-1.07747,1.77055,-1.87658,838892656,-0.267656,1.26502,-1.6971,-0.270447,1.28252,-1.68178,-0.248572,1.28561,-1.68178,-0.246093,1.26807,-1.6971,-0.290934,1.41187,-1.87262,-0.294012,1.43116,-1.85572,-0.269629,1.43461,-1.85572,-0.266896,1.41527,-1.87262
-0.107935,-1.07817,1.78789,-1.26781,838892657,-0.289264,1.25888,-1.6971,-0.292354,1.27632,-1.68178,-0.2706,1.28018,-1.68178,-0.26782,1.26268,-1.6971,-0.315195,1.40526,-1.87262,-0.318603,1.4245,-1.85572,-0.294355,1.42879,-1.85572,-0.29129,1.4095,-1.87262
0.021935,-1.07749,1.80507,-1.72147,838892658,-0.311141,1.255,-1.6971,-0.314541,1.27239,-1.68178,-0.292786,1.27625,-1.68178,-0.289697,1.2588,-1.6971,-0.339533,1.40095,-1.87262,-0.343283,1.42012,-1.85572,-0.319035,1.42442,-1.85572,-0.315628,1.40519,-1.87262
0.0258578,-1.0775,2.01607,-1.88292,838892670,-0.567105,1.162,-1.6971,-0.574044,1.1783,-1.68178,-0.553565,1.18659,-1.68178,-0.546919,1.17017,-1.6971,-0.625207,1.29886,-1.87262,-0.632859,1.31683,-1.85572,-0.610033,1.32607,-1.85572,-0.602703,1.30797,-1.87262
0.0127759,-1.07818,2.03341,-2.22137,838892671,-0.586586,1.15081,-1.6971,-0.593803,1.16699,-1.68178,-0.573626,1.17599,-1.68178,-0.566698,1.15968,-1.6971,-0.64715,1.28658,-1.87262,-0.655107,1.30442,-1.85572,-0.632618,1.31445,-1.85572,-0.624978,1.29647,-1.87262
0.0295093,-1.07748,2.05059,-2.50184,838892672,-0.606876,1.14176,-1.6971,-0.61438,1.15781,-1.68178,-0.594204,1.16681,-1.68178,-0.586987,1.15063,-1.6971,-0.669722,1.27651,-1.87262,-0.677997,1.29421,-1.85572,-0.655508,1.30424,-1.85572,-0.647551,1.2864,-1.87262
0.0705717,-1.07817,2.06792,-3.16352,838892673,-0.625955,1.1299,-1.6971,-0.633732,1.14582,-1.68178,-0.613882,1.15552,-1.68178,-0.606388,1.13946,-1.6971,-0.691223,1.26347,-1.87262,-0.699799,1.28102,-1.85572,-0.677674,1.29183,-1.85572,-0.66941,1.27413,-1.87262
-0.0617215,-1.07747,2.0851,-3.05472,838892674,-0.645916,1.12015,-1.6971,-0.653976,1.13593,-1.68178,-0.634126,1.14563,-1.68178,-0.626349,1.12971,-1.6971,-0.71343,1.25262,-1.87262,-0.722318,1.27002,-1.85572,-0.700193,1.28083,-1.85572,-0.691617,1.26328,-1.87262
0.241407,-1.07818,-2.85351,40.3886,838892751,-1.23519,-0.377838,-1.6971,-1.25237,-0.382136,-1.68178,-1.25773,-0.360703,-1.68178,-1.24047,-0.356711,-1.6971,-1.37941,-0.413906,-1.87262,-1.39836,-0.418645,-1.85572,-1.40433,-0.394756,-1.85572,-1.3853,-0.390354,-1.87262
0.176001,-1.07748,-1.44007,32.7383,838892832,0.179772,-1.28047,-1.6971,0.181334,-1.29812,-1.68178,0.159296,-1.29967,-1.68178,0.158048,-1.282,-1.6971,0.192742,-1.42858,-1.87262,0.194465,-1.44804,-1.85572,0.169901,-1.44978,-1.85572,0.168524,-1.4303,-1.87262
0.0150086,-1.09532,1.71885,-2.03468,838893165,-0.201756,1.27585,-1.73393,-0.203637,1.29362,-1.71879,-0.181667,1.29595,-1.71879,-0.180099,1.27814,-1.73393,-0.217211,1.42186,-1.91098,-0.219286,1.44146,-1.89429,-0.194797,1.44405,-1.89429,-0.193068,1.42441,-1.91098
0.0401282,-1.09462,1.73603,-2.2511,838893166,-0.223849,1.27351,-1.73393,-0.226044,1.29125,-1.71879,-0.204074,1.29358,-1.71879,-0.202192,1.2758,-1.73393,-0.241791,1.41926,-1.91098,-0.244211,1.43882,-1.89429,-0.219722,1.44141,-1.89429,-0.217648,1.42181,-1.91098
-0.0119854,-1.09532,1.75337,-2.69836,838893167,-0.245658,1.26813,-1.73393,-0.248159,1.28583,-1.71879,-0.226284,1.28892,-1.71879,-0.224095,1.27118,-1.73393,-0.266204,1.41351,-1.91098,-0.268962,1.43302,-1.89429,-0.244579,1.43647,-1.89429,-0.242165,1.41691,-1.91098
0.0130065,-1.09462,1.77055,-2.2797,838893168,-0.267656,1.26502,-1.73393,-0.270469,1.28267,-1.71879,-0.248594,1.28576,-1.71879,-0.246093,1.26807,-1.73393,-0.290677,1.41005,-1.91098,-0.293779,1.42952,-1.89429,-0.269396,1.43296,-1.89429,-0.266638,1.41345,-1.91098
0.0494449,-1.09532,1.78788,0.28316,838893169,-0.289264,1.25888,-1.73393,-0.292382,1.27648,-1.71879,-0.270628,1.28033,-1.71879,-0.26782,1.26268,-1.73393,-0.314875,1.40345,-1.91098,-0.318313,1.42286,-1.89429,-0.294065,1.42715,-1.89429,-0.290969,1.40769,-1.91098
0.000401893,-1.09463,1.80506,-2.30561,838893170,-0.311141,1.255,-1.73393,-0.314568,1.27255,-1.71879,-0.292814,1.2764,-1.71879,-0.289697,1.2588,-1.73393,-0.339213,1.39914,-1.91098,-0.342992,1.41849,-1.89429,-0.318745,1.42278,-1.89429,-0.315307,1.40338,-1.91098
0.105996,-1.09464,2.01607,-2.87944,838893182,-0.567105,1.162,-1.73393,-0.574104,1.17844,-1.71879,-0.553625,1.18673,-1.71879,-0.546919,1.17017,-1.73393,-0.624517,1.29715,-1.91098,-0.632235,1.31529,-1.89429,-0.609409,1.32453,-1.89429,-0.602014,1.30626,-1.91098
0.189751,-1.09533,2.03341,4.9125,838893183,-0.586586,1.15081,-1.73393,-0.593867,1.16713,-1.71879,-0.573691,1.17613,-1.71879,-0.566698,1.15968,-1.73393,-0.646401,1.2849,-1.91098,-0.65443,1.3029,-1.89429,-0.631941,1.31293,-1.89429,-0.624229,1.29479,-1.91098
0.582539,-1.09462,2.05058,1.76841,838893184,-0.606876,1.14176,-1.73393,-0.614445,1.15795,-1.71879,-0.594268,1.16695,-1.71879,-0.586987,1.15063,-1.73393,-0.668974,1.27483,-1.91098,-0.67732,1.29269,-1.89429,-0.654831,1.30272,-1.89429,-0.646802,1.28472,-1.91098
0.152036,-1.09532,2.06792,6.90901,838893185,-0.625955,1.1299,-1.73393,-0.633801,1.14596,-1.71879,-0.613952,1.15566,-1.71879,-0.606388,1.13946,-1.73393,-0.690416,1.26182,-1.91098,-0.699069,1.27953,-1.89429,-0.676944,1.29034,-1.89429,-0.668603,1.27248,-1.91098
-0.019356,-1.09462,2.0851,-1.08006,838893186,-0.645916,1.12015,-1.73393,-0.654046,1.13607,-1.71879,-0.634196,1.14577,-1.71879,-0.626349,1.12971,-1.73393,-0.712623,1.25097,-1.91098,-0.721588,1.26852,-1.89429,-0.699463,1.27933,-1.89429,-0.69081,1.26163,-1.91098
0.164133,-1.11245,1.71885,8.21856,838893677,-0.201756,1.27585,-1.77121,-0.203654,1.29378,-1.75626,-0.181683,1.29611,-1.75626,-0.180099,1.27814,-1.77121,-0.217016,1.42002,-1.94979,-0.219109,1.43979,-1.9333,-0.19462,1.44238,-1.9333,-0.192873,1.42257,-1.94979
-0.0258695,-1.11174,1.73603,-1.64755,838893678,-0.223849,1.27351,-1.77121,-0.22606,1.29141,-1.75626,-0.20409,1.29373,-1.75626,-0.202192,1.2758,-1.77121,-0.241595,1.41741,-1.94979,-0.244034,1.43715,-1.9333,-0.219545,1.43974,-1.9333,-0.217453,1.41997,-1.94979
-0.00506877,-1.11244,1.75337,-1.71229,838893679,-0.245658,1.26813,-1.77121,-0.248181,1.28598,-1.75626,-0.226306,1.28907,-1.75626,-0.224095,1.27118,-1.77121,-0.265944,1.41167,-1.94979,-0.268726,1.43136,-1.9333,-0.244343,1.4348,-1.9333,-0.241906,1.41507,-1.94979
0.0500357,-1.11174,1.77054,-0.7424,838893680,-0.267656,1.26502,-1.77121,-0.270491,1.28283,-1.75626,-0.248616,1.28592,-1.75626,-0.246093,1.26807,-1.77121,-0.290418,1.40821,-1.94979,-0.293544,1.42785,-1.9333,-0.269161,1.4313,-1.9333,-0.266379,1.41161,-1.94979
0.0979779,-1.11245,1.78788,-0.0686901,838893681,-0.289264,1.25888,-1.77121,-0.292409,1.27663,-1.75626,-0.270655,1.28049,-1.75626,-0.26782,1.26268,-1.77121,-0.314551,1.40163,-1.94979,-0.318019,1.4212,-1.9333,-0.293772,1.4255,-1.9333,-0.290646,1.40586,-1.94979
-0.0533287,-1.11176,1.80506,-1.64474,838893682,-0.311141,1.255,-1.77121,-0.314596,1.2727,-1.75626,-0.292841,1.27656,-1.75626,-0.289697,1.2588,-1.77121,-0.338889,1.39732,-1.94979,-0.342699,1.41683,-1.9333,-0.318452,1.42113,-1.9333,-0.314984,1.40155,-1.94979
-0.0127508,-1.11247,1.82239,-2.04726,838893683,-0.332521,1.24811,-1.77121,-0.336284,1.26574,-1.75626,-0.314677,1.27036,-1.75626,-0.311223,1.25266,-1.77121,-0.362778,1.38989,-1.94979,-0.366928,1.40933,-1.9333,-0.342845,1.41447,-1.9333,-0.339035,1.39496,-1.94979
-0.0453307,-1.11178,1.83958,0.21817,838893684,-0.354248,1.24348,-1.77121,-0.35832,1.26104,-1.75626,-0.336713,1.26565,-1.75626,-0.33295,1.24802,-1.77121,-0.38695,1.38473,-1.94979,-0.39144,1.4041,-1.9333,-0.367357,1.40924,-1.9333,-0.363207,1.3898,-1.94979
0.143512,-1.11177,2.01607,10.4272,838893694,-0.567105,1.162,-1.77121,-0.574162,1.17859,-1.75626,-0.553684,1.18688,-1.75626,-0.546919,1.17017,-1.77121,-0.623822,1.29543,-1.94979,-0.631604,1.31373,-1.9333,-0.608778,1.32297,-1.9333,-0.601318,1.30454,-1.94979
0.452698,-1.11246,2.0334,-4.11745,838893695,-0.586586,1.15081,-1.77121,-0.593931,1.16728,-1.75626,-0.573755,1.17628,-1.75626,-0.566698,1.15968,-1.77121,-0.645646,1.28321,-1.94979,-0.653745,1.30136,-1.9333,-0.631256,1.31139,-1.9333,-0.623474,1.2931,-1.94979
10.1863,-1.11175,2.05058,-0.031535,838893696,-0.606876,1.14176,-1.77121,-0.614509,1.1581,-1.75626,-0.594332,1.1671,-1.75626,-0.586987,1.15063,-1.77121,-0.668218,1.27314,-1.94979,-0.676635,1.29115,-1.9333,-0.654146,1.30118,-1.9333,-0.646047,1.28303,-1.94979
0.212539,-1.11245,2.06792,-9.4226,838893697,-0.625955,1.1299,-1.77121,-0.63387,1.1461,-1.75626,-0.614021,1.1558,-1.75626,-0.606388,1.13946,-1.77121,-0.689602,1.26015,-1.94979,-0.698331,1.27802,-1.9333,-0.676206,1.28883,-1.9333,-0.667789,1.27081,-1.94979
0.135184,-1.11174,2.0851,7.54012,838893698,-0.645916,1.12015,-1.77121,-0.654115,1.13621,-1.75626,-0.634265,1.14591,-1.75626,-0.626349,1.12971,-1.77121,-0.711809,1.2493,-1.94979,-0.72085,1.26701,-1.9333,-0.698725,1.27782,-1.9333,-0.689997,1.25996,-1.94979
0.278429,-1.11175,3.09778,46.5431,838893756,-1.29223,0.0453102,-1.77121,-1.3102,0.0468687,-1.75626,-1.3079,0.0688422,-1.75626,-1.28997,0.0669704,-1.77121,-1.43668,0.0578744,-1.94979,-1.45649,0.0595929,-1.9333,-1.45393,0.084085,-1.9333,-1.43416,0.0820209,-1.94979
0.220546,-1.11245,3.11511,50.0885,838893757,-1.2915,0.0228586,-1.77121,-1.30949,0.0241029,-1.75626,-1.30796,0.0461431,-1.75626,-1.29,0.0445845,-1.77121,-1.43613,0.0328641,-1.94979,-1.45596,0.0342362,-1.9333,-1.45426,0.0588027,-1.9333,-1.43445,0.0570839,-1.94979
0.112282,-1.12955,0.706166,-16.445,838894131,0.975403,0.846811,-1.80898,0.989724,0.858017,-1.79421,1.00334,0.840618,-1.79421,0.988824,0.82966,-1.80898,1.0881,0.934999,-1.98905,1.10389,0.947357,-1.97277,1.11907,0.927963,-1.97277,1.10306,0.91588,-1.98905
0.108963,-1.12956,1.71885,12.9546,838894189,-0.201756,1.27585,-1.80898,-0.20367,1.29393,-1.79421,-0.1817,1.29626,-1.79421,-0.180099,1.27814,-1.80898,-0.216819,1.41816,-1.98905,-0.21893,1.4381,-1.97277,-0.194442,1.44069,-1.97277,-0.192676,1.42071,-1.98905
0.0888038,-1.12884,1.73603,6.84948,838894190,-0.223849,1.27351,-1.80898,-0.226076,1.29156,-1.79421,-0.204106,1.29389,-1.79421,-0.202192,1.2758,-1.80898,-0.241399,1.41555,-1.98905,-0.243855,1.43546,-1.97277,-0.219366,1.43805,-1.97277,-0.217256,1.41811,-1.98905
0.640121,-1.12955,1.75336,-2.03785,838894191,-0.245658,1.26813,-1.80898,-0.248203,1.28613,-1.79421,-0.226327,1.28923,-1.79421,-0.224095,1.27118,-1.80898,-0.265683,1.40982,-1.98905,-0.268489,1.42968,-1.97277,-0.244106,1.43312,-1.97277,-0.241644,1.41322,-1.98905
0.162592,-1.12885,1.77054,-0.111647,838894192,-0.267656,1.26502,-1.80898,-0.270513,1.28298,-1.79421,-0.248637,1.28607,-1.79421,-0.246093,1.26807,-1.80898,-0.290156,1.40636,-1.98905,-0.293306,1.42617,-1.97277,-0.268923,1.42962,-1.97277,-0.266117,1.40976,-1.98905
0.106612,-1.12956,1.78788,-0.2376,838894193,-0.289264,1.25888,-1.80898,-0.292436,1.27679,-1.79421,-0.270682,1.28064,-1.79421,-0.26782,1.26268,-1.80898,-0.314225,1.39979,-1.98905,-0.317723,1.41953,-1.97277,-0.293475,1.42383,-1.97277,-0.29032,1.40402,-1.98905
0.0751865,-1.12886,1.80506,17.417,838894194,-0.311141,1.255,-1.80898,-0.314623,1.27285,-1.79421,-0.292868,1.27671,-1.79421,-0.289697,1.2588,-1.80898,-0.338563,1.39548,-1.98905,-0.342403,1.41516,-1.97277,-0.318155,1.41945,-1.97277,-0.314658,1.39971,-1.98905
-0.0217833,-1.12958,1.82239,-0.65617,838894195,-0.332521,1.24811,-1.80898,-0.336316,1.2659,-1.79421,-0.31471,1.27051,-1.79421,-0.311223,1.25266,-1.80898,-0.362388,1.38806,-1.98905,-0.366573,1.40767,-1.97277,-0.34249,1.41281,-1.97277,-0.338645,1.39313,-1.98905
0.00536425,-1.12889,1.83957,-2.21374,838894196,-0.354248,1.24348,-1.80898,-0.358352,1.26119,-1.79421,-0.336745,1.2658,-1.79421,-0.33295,1.24802,-1.80898,-0.38656,1.3829,-1.98905,-0.391085,1.40244,-1.97277,-0.367002,1.40758,-1.97277,-0.362817,1.38797,-1.98905
-0.0290973,-1.12964,1.96437,-1.76018,838894203,-0.50578,1.18844,-1.80898,-0.51201,1.20553,-1.79421,-0.491255,1.2131,-1.79421,-0.48532,1.1959,-1.80898,-0.554812,1.32288,-1.98905,-0.561683,1.34172,-1.97277,-0.538548,1.35016,-1.97277,-0.532004,1.3312,-1.98905
-0.0271043,-1.12887,2.01606,-2.09967,838894206,-0.567105,1.162,-1.80898,-0.574221,1.17873,-1.79421,-0.553742,1.18702,-1.79421,-0.546919,1.17017,-1.80898,-0.62312,1.2937,-1.98905,-0.630967,1.31216,-1.97277,-0.608141,1.3214,-1.97277,-0.600617,1.30281,-1.98905
0.184542,-1.12957,2.0334,-11.0452,838894207,-0.586586,1.15081,-1.80898,-0.593994,1.16742,-1.79421,-0.573818,1.17642,-1.79421,-0.566698,1.15968,-1.80898,-0.644884,1.2815,-1.98905,-0.653053,1.29981,-1.97277,-0.630564,1.30984,-1.97277,-0.622712,1.29139,-1.98905
0.301922,-1.12885,2.05058,-4.51384,838894208,-0.606876,1.14176,-1.80898,-0.614572,1.15824,-1.79421,-0.594395,1.16724,-1.79421,-0.586987,1.15063,-1.80898,-0.667457,1.27143,-1.98905,-0.675943,1.2896,-1.97277,-0.653454,1.29963,-1.97277,-0.645285,1.28132,-1.98905
0.0314716,-1.12956,2.06791,-1.14797,838894209,-0.625955,1.1299,-1.80898,-0.633938,1.14624,-1.79421,-0.614089,1.15594,-1.79421,-0.606388,1.13946,-1.80898,-0.688781,1.25847,-1.98905,-0.697585,1.27649,-1.97277,-0.67546,1.2873,-1.97277,-0.666969,1.26913,-1.98905
0.076324,-1.12884,2.08509,-20.8202,838894210,-0.645916,1.12015,-1.80898,-0.654183,1.13635,-1.79421,-0.634333,1.14605,-1.79421,-0.626349,1.12971,-1.80898,-0.710989,1.24762,-1.98905,-0.720104,1.26549,-1.97277,-0.697979,1.2763,-1.97277,-0.689176,1.25828,-1.98905
-0.0623412,-1.15126,1.66699,81.8997,838894698,-0.135479,1.28588,-1.8594,-0.136469,1.30438,-1.84468,-0.114375,1.30517,-1.84468,-0.113715,1.28666,-1.8594,-0.142852,1.42705,-2.04086,-0.143936,1.44731,-2.02474,-0.119467,1.44818,-2.02474,-0.118745,1.42791,-2.04086
0.132352,-1.15195,1.71884,6.67633,838894701,-0.201755,1.27585,-1.8594,-0.203705,1.29427,-1.84468,-0.181719,1.2966,-1.84468,-0.180098,1.27814,-1.8594,-0.216633,1.4164,-2.04086,-0.218768,1.43658,-2.02474,-0.19442,1.43915,-2.02474,-0.192645,1.41894,-2.04086
0.0502695,-1.15123,1.73602,-20.5671,838894702,-0.22385,1.27351,-1.8594,-0.226129,1.2919,-1.84468,-0.204143,1.29423,-1.84468,-0.202193,1.2758,-1.8594,-0.241059,1.41382,-2.04086,-0.243554,1.43395,-2.02474,-0.219207,1.43653,-2.02474,-0.217071,1.41636,-2.04086
-0.0408234,-1.15194,1.75335,0.38529,838894703,-0.245657,1.26813,-1.8594,-0.248249,1.28647,-1.84468,-0.226358,1.28957,-1.84468,-0.224094,1.27118,-1.8594,-0.265435,1.40808,-2.04086,-0.268274,1.42816,-2.02474,-0.244031,1.43159,-2.02474,-0.241551,1.41145,-2.04086
0.138474,-1.15123,1.77054,13.2047,838894704,-0.267657,1.26502,-1.8594,-0.270577,1.28332,-1.84468,-0.248686,1.28641,-1.84468,-0.246094,1.26807,-1.8594,-0.289756,1.40464,-2.04086,-0.292953,1.42468,-2.02474,-0.26871,1.4281,-2.02474,-0.265872,1.40802,-2.04086
0.256425,-1.15195,1.78787,6.08698,838894705,-0.289263,1.25888,-1.8594,-0.292495,1.27712,-1.84468,-0.270725,1.28098,-1.84468,-0.267819,1.26268,-1.8594,-0.313917,1.39805,-2.04086,-0.317455,1.41803,-2.02474,-0.293347,1.4223,-2.02474,-0.290165,1.40226,-2.04086
0.404622,-1.15124,1.80505,-9.94785,838894706,-0.311142,1.255,-1.8594,-0.314699,1.27319,-1.84468,-0.292929,1.27704,-1.84468,-0.289698,1.2588,-1.8594,-0.338103,1.39377,-2.04086,-0.341998,1.41368,-2.02474,-0.31789,1.41795,-2.02474,-0.314351,1.39798,-2.04086
0.0903457,-1.15197,1.82238,0.216503,838894707,-0.33252,1.24811,-1.8594,-0.336386,1.26623,-1.84468,-0.314765,1.27084,-1.84468,-0.311222,1.25266,-1.8594,-0.362019,1.38634,-2.04086,-0.366253,1.40618,-2.02474,-0.342308,1.41129,-2.02474,-0.338429,1.39137,-2.04086
0.0111519,-1.15127,1.83957,-0.53158,838894708,-0.354249,1.24348,-1.8594,-0.358439,1.26152,-1.84468,-0.336818,1.26614,-1.84468,-0.332951,1.24802,-1.8594,-0.386041,1.38121,-2.04086,-0.390629,1.40098,-2.02474,-0.366684,1.40609,-2.02474,-0.362451,1.38625,-2.04086
0.121535,-1.15203,1.96436,18.4042,838894715,-0.505779,1.18844,-1.8594,-0.512126,1.20585,-1.84468,-0.491356,1.21342,-1.84468,-0.485319,1.1959,-1.8594,-0.554207,1.32123,-2.04086,-0.561158,1.34028,-2.02474,-0.538156,1.34867,-2.02474,-0.531546,1.32949,-2.04086
0.0126043,-1.15126,2.01606,-0.68857,838894718,-0.567106,1.162,-1.8594,-0.574364,1.17904,-1.84468,-0.553871,1.18734,-1.84468,-0.54692,1.17017,-1.8594,-0.622315,1.29213,-2.04086,-0.630263,1.31079,-2.02474,-0.607568,1.31998,-2.02474,-0.599956,1.30118,-2.04086
0.0505365,-1.15196,2.03339,-1.45622,838894719,-0.586585,1.15081,-1.8594,-0.594132,1.16773,-1.84468,-0.573942,1.17674,-1.84468,-0.566697,1.15968,-1.8594,-0.644165,1.27989,-2.04086,-0.652429,1.29842,-2.02474,-0.630069,1.30839,-2.02474,-0.622136,1.28972,-2.04086
0.0947864,-1.15123,2.05057,21.1418,838894720,-0.606877,1.14176,-1.8594,-0.614726,1.15854,-1.84468,-0.594535,1.16755,-1.84468,-0.586988,1.15063,-1.8594,-0.666598,1.26988,-2.04086,-0.675192,1.28826,-2.02474,-0.652832,1.29824,-2.02474,-0.644568,1.27971,-2.04086
0.0123791,-1.15195,2.06791,-1.14637,838894721,-0.625954,1.1299,-1.8594,-0.634087,1.14655,-1.84468,-0.614223,1.15625,-1.84468,-0.606387,1.13946,-1.8594,-0.688007,1.25689,-2.04086,-0.696913,1.27512,-2.02474,-0.674915,1.28587,-2.02474,-0.666335,1.26748,-2.04086
-0.105269,-1.15123,2.08509,-2.39782,838894722,-0.645917,1.12015,-1.8594,-0.654347,1.13665,-1.84468,-0.634483,1.14635,-1.84468,-0.62635,1.12971,-1.8594,-0.710076,1.24611,-2.04086,-0.719307,1.26417,-2.02474,-0.697309,1.27492,-2.02474,-0.688403,1.2567,-2.04086
0,-1.15195,2.13693,0,838894725,-0.702381,1.08403,-1.8594,-0.711656,1.10006,-1.84468,-0.692518,1.11113,-1.84468,-0.683529,1.09493,-1.8594,-0.773148,1.20637,-2.04086,-0.783304,1.22393,-2.02474,-0.76211,1.23619,-2.02474,-0.752267,1.21845,-2.04086
0.233259,-1.16839,0.654307,-41.4409,838895152,1.01903,0.795922,-1.89852,1.03431,0.806645,-1.88398,1.04669,0.788325,-1.88398,1.03122,0.777876,-1.89852,1.13337,0.875991,-2.08135,1.1501,0.887733,-2.06543,1.16381,0.867445,-2.06543,1.14687,0.856003,-2.08135
0.140199,-1.1691,0.706154,21.4963,838895155,0.975404,0.84681,-1.89852,0.990105,0.858314,-1.88398,1.00373,0.840903,-1.88398,0.988825,0.829659,-1.89852,1.08532,0.93282,-2.08135,1.10141,0.945416,-2.06543,1.1165,0.926135,-2.06543,1.10018,0.913823,-2.08135
-0.104127,-1.16911,1.71884,-0.79901,838895213,-0.201755,1.27585,-1.89852,-0.20372,1.29441,-1.88398,-0.181734,1.29674,-1.88398,-0.180098,1.27814,-1.89852,-0.216446,1.41464,-2.08135,-0.218598,1.43497,-2.06543,-0.19425,1.43755,-2.06543,-0.192458,1.41718,-2.08135
0.0512304,-1.16838,1.73602,-2.59735,838895214,-0.22385,1.27351,-1.89852,-0.226144,1.29204,-1.88398,-0.204158,1.29437,-1.88398,-0.202193,1.2758,-1.89852,-0.240872,1.41206,-2.08135,-0.243384,1.43234,-2.06543,-0.219036,1.43492,-2.06543,-0.216885,1.41459,-2.08135
0.0920743,-1.1691,1.75335,-1.42725,838895215,-0.245657,1.26813,-1.89852,-0.248269,1.28661,-1.88398,-0.226378,1.28971,-1.88398,-0.224094,1.27118,-1.89852,-0.265187,1.40632,-2.08135,-0.268047,1.42656,-2.06543,-0.243804,1.42999,-2.06543,-0.241303,1.4097,-2.08135
0.0235868,-1.16838,1.77053,-2.2122,838895216,-0.267658,1.26502,-1.89852,-0.270597,1.28346,-1.88398,-0.248706,1.28655,-1.88398,-0.246094,1.26807,-1.89852,-0.289508,1.40288,-2.08135,-0.292727,1.42307,-2.06543,-0.268484,1.4265,-2.06543,-0.265624,1.40626,-2.08135
0.20091,-1.16911,1.78787,-0.761887,838895217,-0.289263,1.25888,-1.89852,-0.292519,1.27726,-1.88398,-0.27075,1.28112,-1.88398,-0.267819,1.26268,-1.89852,-0.313608,1.39631,-2.08135,-0.317173,1.41643,-2.06543,-0.293065,1.4207,-2.06543,-0.289856,1.40051,-2.08135
2.04721,-1.1684,1.80505,1.8506,838895218,-0.311142,1.255,-1.89852,-0.314723,1.27333,-1.88398,-0.292954,1.27718,-1.88398,-0.289698,1.2588,-1.89852,-0.337794,1.39202,-2.08135,-0.341716,1.41209,-2.06543,-0.317607,1.41636,-2.06543,-0.314042,1.39623,-2.08135
0.860907,-1.16913,1.82238,1.8457,838895219,-0.33252,1.24811,-1.89852,-0.336416,1.26637,-1.88398,-0.314794,1.27098,-1.88398,-0.311222,1.25266,-1.89852,-0.361649,1.3846,-2.08135,-0.365915,1.4046,-2.06543,-0.341971,1.40971,-2.06543,-0.338059,1.38964,-2.08135
0.0980422,-1.16843,1.83956,-2.05987,838895220,-0.354249,1.24348,-1.89852,-0.358469,1.26166,-1.88398,-0.336847,1.26628,-1.88398,-0.332951,1.24802,-1.89852,-0.385671,1.37948,-2.08135,-0.390291,1.39939,-2.06543,-0.366347,1.4045,-2.06543,-0.36208,1.38451,-2.08135
0.0271347,-1.16924,1.92984,-3.12077,838895225,-0.464439,1.20512,-1.89852,-0.470219,1.22287,-1.88398,-0.449197,1.22971,-1.88398,-0.443731,1.21186,-1.89852,-0.507651,1.33783,-2.08135,-0.51398,1.35726,-2.06543,-0.4907,1.36484,-2.06543,-0.484715,1.34529,-2.08135
-0.0112179,-1.16849,1.94702,-2.94481,838895226,-0.485566,1.19824,-1.89852,-0.49166,1.21589,-1.88398,-0.470638,1.22273,-1.88398,-0.464858,1.20498,-1.89852,-0.531007,1.33022,-2.08135,-0.537681,1.34954,-2.06543,-0.5144,1.35713,-2.06543,-0.508071,1.33769,-2.08135
0.095956,-1.16919,1.96436,22.1361,838895227,-0.505779,1.18844,-1.89852,-0.512175,1.20598,-1.88398,-0.491405,1.21355,-1.88398,-0.485319,1.1959,-1.89852,-0.5536,1.31956,-2.08135,-0.560604,1.33876,-2.06543,-0.537602,1.34715,-2.06543,-0.530938,1.32782,-2.08135
-0.078948,-1.16844,1.98154,-1.59061,838895228,-0.526653,1.18083,-1.89852,-0.533359,1.19825,-1.88398,-0.512589,1.20583,-1.88398,-0.506193,1.18829,-1.89852,-0.576676,1.31114,-2.08135,-0.58402,1.33022,-2.06543,-0.561018,1.33861,-2.06543,-0.554014,1.31941,-2.08135
-0.0556853,-1.16915,1.99887,-72.3527,838895229,-0.546511,1.17033,-1.89852,-0.553515,1.18764,-1.88398,-0.533022,1.19593,-1.88398,-0.526324,1.1785,-1.89852,-0.598882,1.2997,-2.08135,-0.606552,1.31865,-2.06543,-0.583857,1.32783,-2.06543,-0.576523,1.30875,-2.08135
-0.0209264,-1.18551,1.73602,-3.61591,838895726,-0.22385,1.27351,-1.93814,-0.226159,1.29218,-1.92378,-0.204173,1.29451,-1.92378,-0.202193,1.2758,-1.93814,-0.240684,1.41028,-2.12232,-0.243212,1.43072,-2.1066,-0.218865,1.4333,-2.1066,-0.216696,1.41282,-2.12232
-0.0376387,-1.18624,1.75335,-1.93264,838895727,-0.245657,1.26813,-1.93814,-0.248289,1.28675,-1.92378,-0.226398,1.28985,-1.92378,-0.224094,1.27118,-1.93814,-0.264937,1.40455,-2.12232,-0.267819,1.42494,-2.1066,-0.243576,1.42837,-2.1066,-0.241052,1.40793,-2.12232
0.123253,-1.18551,1.77053,6.56306,838895728,-0.267658,1.26502,-1.93814,-0.270617,1.2836,-1.92378,-0.248726,1.28669,-1.92378,-0.246094,1.26807,-1.93814,-0.289258,1.40112,-2.12232,-0.292498,1.42146,-2.1066,-0.268256,1.42488,-2.1066,-0.265374,1.40449,-2.12232
0.233782,-1.18625,1.78786,-8.67894,838895729,-0.289263,1.25888,-1.93814,-0.292544,1.2774,-1.92378,-0.270774,1.28126,-1.92378,-0.267819,1.26268,-1.93814,-0.313296,1.39455,-2.12232,-0.316888,1.41483,-2.1066,-0.29278,1.4191,-2.1066,-0.289544,1.39875,-2.12232
1.67039,-1.18553,1.80505,1.13489,838895730,-0.311142,1.255,-1.93814,-0.314748,1.27347,-1.92378,-0.292978,1.27732,-1.92378,-0.289698,1.2588,-1.93814,-0.337482,1.39026,-2.12232,-0.341431,1.41048,-2.1066,-0.317323,1.41475,-2.1066,-0.31373,1.39447,-2.12232
0.44514,-1.18627,1.82238,-1.70932,838895731,-0.33252,1.24811,-1.93814,-0.336445,1.26651,-1.92378,-0.314824,1.27112,-1.92378,-0.311222,1.25266,-1.93814,-0.361276,1.38286,-2.12232,-0.365574,1.403,-2.1066,-0.34163,1.40811,-2.1066,-0.337685,1.38789,-2.12232
0.194731,-1.18555,1.83956,-3.4254,838895732,-0.354249,1.24348,-1.93814,-0.358498,1.2618,-1.92378,-0.336877,1.26641,-1.92378,-0.332951,1.24802,-1.93814,-0.385298,1.37773,-2.12232,-0.38995,1.3978,-2.1066,-0.366006,1.40291,-2.1066,-0.361707,1.38277,-2.12232
0.051699,-1.18559,1.87408,90.8659,838895734,-0.396928,1.23045,-1.93814,-0.401815,1.24861,-1.92378,-0.380367,1.25398,-1.92378,-0.375802,1.23573,-1.93814,-0.432647,1.36354,-2.12232,-0.437997,1.38343,-2.1066,-0.414246,1.38937,-2.1066,-0.409246,1.36939,-2.12232
-0.0242688,-1.18634,1.89141,89.9288,838895735,-0.417773,1.22208,-1.93814,-0.422973,1.24016,-1.92378,-0.401726,1.24627,-1.92378,-0.396844,1.2281,-1.93814,-0.455865,1.35449,-2.12232,-0.46156,1.37428,-2.1066,-0.43803,1.38105,-2.1066,-0.432684,1.36116,-2.12232
0.0806675,-1.18564,1.9086,88.7694,838895736,-0.439126,1.21594,-1.93814,-0.444644,1.23392,-1.92378,-0.423397,1.24003,-1.92378,-0.418197,1.22196,-1.93814,-0.479471,1.3477,-2.12232,-0.485513,1.36739,-2.1066,-0.461983,1.37416,-2.1066,-0.45629,1.35437,-2.12232
-0.0554911,-1.18637,1.92983,-3.34723,838895737,-0.464439,1.20512,-1.93814,-0.470262,1.223,-1.92378,-0.44924,1.22985,-1.92378,-0.443731,1.21186,-1.93814,-0.507098,1.33613,-2.12232,-0.513475,1.35571,-2.1066,-0.490194,1.36329,-2.1066,-0.484162,1.34359,-2.12232
-0.0904063,-1.18562,1.94702,-3.56034,838895738,-0.485566,1.19824,-1.93814,-0.491704,1.21602,-1.92378,-0.470682,1.22287,-1.92378,-0.464858,1.20498,-1.93814,-0.530454,1.32852,-2.12232,-0.537175,1.34799,-2.1066,-0.513894,1.35557,-2.1066,-0.507518,1.33599,-2.12232
0.0520122,-1.18632,1.96435,-4.31365,838895739,-0.505779,1.18844,-1.93814,-0.512223,1.20611,-1.92378,-0.491453,1.21369,-1.92378,-0.485319,1.1959,-1.93814,-0.552987,1.31788,-2.12232,-0.560044,1.33723,-2.1066,-0.537042,1.34562,-2.1066,-0.530326,1.32615,-2.12232
-0.0830091,-1.18557,1.98153,-3.24968,838895740,-0.526652,1.18083,-1.93814,-0.533408,1.19839,-1.92378,-0.512637,1.20596,-1.92378,-0.506193,1.18829,-1.93814,-0.576063,1.30946,-2.12232,-0.58346,1.32869,-2.1066,-0.560459,1.33708,-2.1066,-0.553402,1.31773,-2.12232
0.0523506,-1.18628,1.99887,-28.8325,838895741,-0.546511,1.17033,-1.93814,-0.553568,1.18777,-1.92378,-0.533075,1.19606,-1.92378,-0.526324,1.1785,-1.93814,-0.598211,1.29804,-2.12232,-0.605939,1.31713,-2.1066,-0.583245,1.32632,-2.1066,-0.575852,1.30709,-2.12232
0.224204,-1.20263,0.757845,-8.07463,838896182,0.931295,0.896959,-1.97827,0.945587,0.909402,-1.9641,0.959811,0.892477,-1.9641,0.945306,0.880287,-1.97827,1.03388,0.986241,-2.16379,1.04953,0.999866,-2.14826,1.06528,0.981123,-2.14826,1.0494,0.967775,-2.16379
-0.0308091,-1.20262,1.73601,-1.99971,838896238,-0.22385,1.27351,-1.97827,-0.226173,1.29232,-1.9641,-0.204188,1.29465,-1.9641,-0.202193,1.2758,-1.97827,-0.240495,1.40849,-2.16379,-0.243039,1.42908,-2.14826,-0.218691,1.43166,-2.14826,-0.216507,1.41103,-2.16379
-0.031824,-1.20335,1.75335,-2.17808,838896239,-0.245657,1.26813,-1.97827,-0.248308,1.28689,-1.9641,-0.226417,1.28998,-1.9641,-0.224094,1.27118,-1.97827,-0.264685,1.40277,-2.16379,-0.267588,1.42331,-2.14826,-0.243345,1.42674,-2.14826,-0.240801,1.40615,-2.16379
-0.0564651,-1.20262,1.77053,-1.97722,838896240,-0.267658,1.26502,-1.97827,-0.270636,1.28373,-1.9641,-0.248745,1.28683,-1.9641,-0.246094,1.26807,-1.97827,-0.289006,1.39933,-2.16379,-0.292268,1.41982,-2.14826,-0.268025,1.42325,-2.14826,-0.265122,1.40271,-2.16379
0.431754,-1.20336,1.78786,6.27665,838896241,-0.289263,1.25888,-1.97827,-0.292568,1.27754,-1.9641,-0.270799,1.28139,-1.9641,-0.267819,1.26268,-1.97827,-0.312982,1.39277,-2.16379,-0.316601,1.4132,-2.14826,-0.292492,1.41747,-2.14826,-0.28923,1.39698,-2.16379
0.116968,-1.20263,1.80504,-12.8511,838896242,-0.311142,1.255,-1.97827,-0.314772,1.2736,-1.9641,-0.293003,1.27746,-1.9641,-0.289698,1.2588,-1.97827,-0.337168,1.38849,-2.16379,-0.341144,1.40885,-2.14826,-0.317035,1.41313,-2.14826,-0.313416,1.3927,-2.16379
0.170108,-1.20338,1.82238,8.00006,838896243,-0.33252,1.24811,-1.97827,-0.336474,1.26664,-1.9641,-0.314853,1.27126,-1.9641,-0.311222,1.25266,-1.97827,-0.3609,1.3811,-2.16379,-0.36523,1.40139,-2.14826,-0.341286,1.4065,-2.14826,-0.33731,1.38613,-2.16379
0.168664,-1.20266,1.83956,-11.9146,838896244,-0.354249,1.24348,-1.97827,-0.358527,1.26194,-1.9641,-0.336906,1.26655,-1.9641,-0.332951,1.24802,-1.97827,-0.384922,1.37597,-2.16379,-0.389606,1.39618,-2.14826,-0.365662,1.40129,-2.14826,-0.361332,1.381,-2.16379
0.00394669,-1.20348,1.92983,-4.09385,838896249,-0.464439,1.20512,-1.97827,-0.470305,1.22313,-1.9641,-0.449283,1.22998,-1.9641,-0.443731,1.21186,-1.97827,-0.506541,1.33441,-2.16379,-0.512965,1.35414,-2.14826,-0.489684,1.36172,-2.14826,-0.483604,1.34188,-2.16379
0.0372861,-1.20273,1.94701,81.0662,838896250,-0.485566,1.19824,-1.97827,-0.491747,1.21615,-1.9641,-0.470725,1.223,-1.9641,-0.464858,1.20498,-1.97827,-0.529897,1.32681,-2.16379,-0.536665,1.34642,-2.14826,-0.513384,1.35401,-2.14826,-0.50696,1.33428,-2.16379
0.135509,-1.20343,1.96435,-2.00847,838896251,-0.505779,1.18844,-1.97827,-0.512271,1.20624,-1.9641,-0.491501,1.21382,-1.9641,-0.485319,1.1959,-1.97827,-0.55237,1.31619,-2.16379,-0.559479,1.33568,-2.14826,-0.536478,1.34407,-2.14826,-0.529709,1.32445,-2.16379
-0.0408118,-1.20268,1.98153,-2.50174,838896252,-0.526653,1.18083,-1.97827,-0.533455,1.19852,-1.9641,-0.512685,1.20609,-1.9641,-0.506193,1.18829,-1.97827,-0.575447,1.30777,-2.16379,-0.582895,1.32714,-2.14826,-0.559894,1.33553,-2.14826,-0.552785,1.31604,-2.16379
0.0485563,-1.20339,1.99887,-1.8342,838896253,-0.546511,1.17033,-1.97827,-0.55362,1.1879,-1.9641,-0.533128,1.19619,-1.9641,-0.526324,1.1785,-1.97827,-0.597536,1.29637,-2.16379,-0.605321,1.31561,-2.14826,-0.582626,1.32479,-2.14826,-0.575177,1.30543,-2.16379
-0.0428266,-1.22057,1.92983,-3.58221,838896761,-0.464439,1.20512,-2.01894,-0.470348,1.22326,-2.00495,-0.449326,1.23011,-2.00495,-0.443731,1.21186,-2.01894,-0.505979,1.33269,-2.20576,-0.51245,1.35256,-2.19045,-0.489169,1.36014,-2.19045,-0.483043,1.34016,-2.20576
-0.038071,-1.21981,1.94701,-3.76731,838896762,-0.485566,1.19824,-2.01894,-0.491789,1.21628,-2.00495,-0.470767,1.22313,-2.00495,-0.464858,1.20498,-2.01894,-0.529335,1.32509,-2.20576,-0.53615,1.34484,-2.19045,-0.512869,1.35242,-2.19045,-0.506399,1.33255,-2.20576
0.13951,-1.22052,1.96435,-30.3088,838896763,-0.505779,1.18844,-2.01894,-0.512318,1.20637,-2.00495,-0.491547,1.21395,-2.00495,-0.485319,1.1959,-2.01894,-0.551749,1.31449,-2.20576,-0.55891,1.33412,-2.19045,-0.535908,1.34251,-2.19045,-0.529088,1.32275,-2.20576
0.0119123,-1.21977,1.98153,-4.80774,838896764,-0.526653,1.18083,-2.01894,-0.533502,1.19864,-2.00495,-0.512732,1.20622,-2.00495,-0.506193,1.18829,-2.01894,-0.574825,1.30607,-2.20576,-0.582326,1.32558,-2.19045,-0.559324,1.33397,-2.19045,-0.552164,1.31433,-2.20576
-0.0359047,-1.22048,1.99887,-4.93487,838896765,-0.546511,1.17033,-2.01894,-0.553672,1.18802,-2.00495,-0.533179,1.19632,-2.00495,-0.526324,1.1785,-2.01894,-0.596855,1.29469,-2.20576,-0.604697,1.31406,-2.19045,-0.582002,1.32325,-2.19045,-0.574496,1.30375,-2.20576
0.300085,-1.22057,2.2789,49.2757,838896781,-0.848605,0.973593,-2.01894,-0.860363,0.988624,-2.00495,-0.84295,1.00225,-2.00495,-0.831452,0.987012,-2.01894,-0.931272,1.07926,-2.20576,-0.944148,1.09572,-2.19045,-0.924864,1.11081,-2.19045,-0.912273,1.09413,-2.20576
0.139419,-1.2197,-0.707451,7.39546,838896970,0.990077,-0.831679,-2.01894,1.00404,-0.844687,-2.00495,0.988698,-0.860602,-2.00495,0.97496,-0.847355,-2.01894,1.08828,-0.923119,-2.20576,1.10358,-0.937363,-2.19045,1.08658,-0.954988,-2.19045,1.07154,-0.940483,-2.20576
0.155534,-1.23688,1.49049,38.7093,838897248,0.0924071,1.28965,-2.06045,0.0947444,1.30886,-2.04655,0.116653,1.3058,-2.04655,0.113975,1.28663,-2.06045,0.108563,1.42114,-2.24849,0.111105,1.44204,-2.23337,0.135217,1.43868,-2.23337,0.132304,1.41783,-2.24849
0.404041,-1.254,2.05055,35.0568,838897792,-0.606878,1.14176,-2.10248,-0.615128,1.15941,-2.08876,-0.594925,1.16842,-2.08876,-0.586989,1.15063,-2.10248,-0.662152,1.26028,-2.29171,-0.671126,1.27948,-2.27678,-0.648892,1.2894,-2.27678,-0.64026,1.27005,-2.29171
0.122666,-1.25487,2.62795,46.5265,838897825,-1.13042,0.624639,-2.10248,-1.14694,0.634952,-2.08876,-1.13523,0.65372,-2.08876,-1.11889,0.643115,-2.10248,-1.24135,0.693862,-2.29171,-1.25933,0.705078,-2.27678,-1.24644,0.725733,-2.27678,-1.22866,0.714199,-2.29171
0.237602,-1.25484,-2.99552,40.7358,838897863,-1.27606,-0.199213,-2.10248,-1.29543,-0.201266,-2.08876,-1.29776,-0.179268,-2.08876,-1.27836,-0.177557,-2.10248,-1.40609,-0.212995,-2.29171,-1.42716,-0.215228,-2.27678,-1.42973,-0.191018,-2.27678,-1.40862,-0.189156,-2.29171
0.113226,-1.28898,1.78785,43.7986,838898801,-0.289262,1.25888,-2.18821,-0.292703,1.2783,-2.17484,-0.27092,1.28216,-2.17484,-0.267818,1.26268,-2.18821,-0.31147,1.38424,-2.37977,-0.315212,1.40537,-2.36523,-0.291239,1.40962,-2.36523,-0.287865,1.38842,-2.37977
0.207991,-1.35683,1.49047,50.6915,838900832,0.0924061,1.28965,-2.36792,0.0948674,1.30984,-2.35515,0.116789,1.30678,-2.35515,0.113974,1.28663,-2.36792,0.107073,1.40946,-2.56372,0.109733,1.43128,-2.54992,0.133714,1.42793,-2.54992,0.130673,1.40616,-2.56372
0.347192,-1.35692,2.25764,-46.3863,838900876,-0.828521,0.992417,-2.36792,-0.840778,1.00865,-2.35515,-0.822883,1.02168,-2.35515,-0.810913,1.00523,-2.36792,-0.901202,1.08879,-2.56372,-0.914448,1.10633,-2.54992,-0.894871,1.12058,-2.54992,-0.881936,1.10281,-2.56372
0.114905,-1.4253,-1.7892,53.066,838903052,-0.269012,-1.26473,-2.55868,-0.274416,-1.28497,-2.54647,-0.295708,-1.27888,-2.54647,-0.28995,-1.25875,-2.55868,-0.298597,-1.37515,-2.75827,-0.304401,-1.39689,-2.74516,-0.327561,-1.39026,-2.74516,-0.321377,-1.36864,-2.75827
0.108166,-1.47751,0.111518,-1.80489,838904337,1.28225,0.155066,-2.70935,1.30342,0.156565,-2.69763,1.30498,0.134474,-2.69763,1.28379,0.133343,-2.70935,1.3916,0.162806,-2.91156,1.41433,0.164415,-2.89897,1.41603,0.140386,-2.89897,1.39327,0.139171,-2.91156
0.179343,-1.47744,0.322523,-3.44912,838904349,1.22143,0.420236,-2.70935,1.24183,0.4261,-2.69763,1.24795,0.404817,-2.69763,1.22745,0.399306,-2.70935,1.32679,0.450529,-2.91156,1.34869,0.456828,-2.89897,1.35535,0.433677,-2.89897,1.33333,0.427759,-2.91156
0.175678,-1.47744,0.671588,12.4426,838904369,1.00404,0.812647,-2.70935,1.0212,0.825133,-2.69763,1.03423,0.807227,-2.69763,1.01686,0.795038,-2.70935,1.09268,0.877147,-2.91156,1.11111,0.890556,-2.89897,1.12528,0.871079,-2.89897,1.10662,0.857989,-2.91156
0.218012,-1.47667,0.757803,3.89647,838904374,0.931293,0.896961,-2.70935,0.947301,0.910896,-2.69763,0.961549,0.893942,-2.69763,0.945305,0.880289,-2.70935,1.01398,0.968957,-2.91156,1.03117,0.983923,-2.89897,1.04667,0.965482,-2.89897,1.02922,0.950819,-2.91156
0.107258,-1.47747,0.775133,3.76656,838904375,0.91464,0.912025,-2.70935,0.930398,0.926237,-2.69763,0.94523,0.909792,-2.69763,0.929225,0.895853,-2.70935,0.996044,0.985442,-2.91156,1.01297,1.00071,-2.89897,1.0291,0.982818,-2.89897,1.01191,0.967848,-2.91156
0.150293,-1.47751,0.80965,-1.92018,838904377,0.882586,0.943002,-2.70935,0.897838,0.957756,-2.69763,0.913235,0.941839,-2.69763,0.897727,0.927349,-2.70935,0.961376,1.01922,-2.91156,0.977756,1.03506,-2.89897,0.994504,1.01775,-2.89897,0.977849,1.00219,-2.91156
0.0731928,-1.47672,1.28336,-2.65623,838904404,0.35558,1.24309,-2.70935,0.362479,1.26317,-2.69763,0.383294,1.25561,-2.69763,0.37605,1.23566,-2.70935,0.391204,1.34678,-2.91156,0.398613,1.36834,-2.89897,0.421255,1.36012,-2.89897,0.413474,1.33869,-2.91156
0.132008,-1.47672,1.63242,32.2308,838904424,-0.091027,1.28974,-2.70935,-0.0914092,1.31096,-2.69763,-0.0692634,1.31098,-2.69763,-0.0692492,1.28976,-2.70935,-0.0930151,1.39936,-2.91156,-0.0934256,1.42215,-2.89897,-0.069337,1.42217,-2.89897,-0.0693218,1.39938,-2.91156
0.231187,-1.47677,-2.93995,-6.44105,838904522,-1.26435,-0.27012,-2.70935,-1.28531,-0.273451,-2.69763,-1.28841,-0.251523,-2.69763,-1.2674,-0.248556,-2.70935,-1.37263,-0.287342,-2.91156,-1.39514,-0.29092,-2.89897,-1.39851,-0.267068,-2.89897,-1.37594,-0.263882,-2.91156
0.170243,-1.47677,-2.59089,-11.1655,838904542,-1.09572,-0.686264,-2.70935,-1.11427,-0.696563,-2.69763,-1.12468,-0.677016,-2.69763,-1.10595,-0.667042,-2.70935,-1.19157,-0.73948,-2.91156,-1.2115,-0.750541,-2.89897,-1.22282,-0.729279,-2.89897,-1.20271,-0.718567,-2.91156
0.225933,-1.47672,-2.55637,-43.4694,838904544,-1.07144,-0.723703,-2.70935,-1.08962,-0.734644,-2.69763,-1.10071,-0.715472,-2.69763,-1.08234,-0.70485,-2.70935,-1.16538,-0.780235,-2.91156,-1.18491,-0.791985,-2.89897,-1.19697,-0.771132,-2.89897,-1.17724,-0.759724,-2.91156
0.179563,-1.47677,-0.845557,8.24339,838904642,0.866107,-0.959901,-2.70935,0.879472,-0.976387,-2.69763,0.86203,-0.990033,-2.69763,0.848954,-0.97332,-2.70935,0.93516,-1.04506,-2.91156,0.949514,-1.06277,-2.89897,0.930541,-1.07761,-2.89897,0.916499,-1.05966,-2.91156
0.144258,-1.47744,-0.375609,8.78745,838904669,1.20579,-0.463203,-2.70935,1.22519,-0.47182,-2.69763,1.21619,-0.492058,-2.69763,1.19695,-0.483105,-2.70935,1.30597,-0.507716,-2.91156,1.3268,-0.51697,-2.89897,1.31702,-0.538983,-2.89897,1.29635,-0.529368,-2.91156
0.103546,0.030292,1.66769,-2.40071,838927466,-0.114119,1.2866,0.0508939,-0.114146,1.28679,0.0273468,-0.135725,1.28378,0.0273468,-0.135688,1.28359,0.0508939,-0.145889,1.51437,0.054686,-0.145918,1.51458,0.0292388,-0.171473,1.51101,0.0292388,-0.171433,1.51081,0.054686
0.157532,0.0487899,1.68504,5.64484,838927979,-0.136588,1.28576,0.0748583,-0.136644,1.28615,0.0513136,-0.158105,1.28238,0.0513136,-0.158038,1.282,0.0748583,-0.172333,1.51294,0.0805421,-0.172394,1.51336,0.0550975,-0.197809,1.5089,0.0550975,-0.197737,1.50849,0.0805421
0.130989,0.0487914,1.9996,9.31661,838927997,-0.52767,1.18038,0.0748583,-0.527842,1.18072,0.0513136,-0.547091,1.17051,0.0513135,-0.54691,1.17017,0.0748583,-0.631863,1.38539,0.0805421,-0.632049,1.38577,0.0550975,-0.654844,1.37368,0.0550975,-0.654648,1.37331,0.080542
0.102062,0.0487899,2.03411,31.9287,838927999,-0.568107,1.16151,0.0748583,-0.568291,1.16185,0.0513136,-0.587172,1.15097,0.0513136,-0.586978,1.15064,0.0748583,-0.679397,1.36276,0.0805421,-0.679596,1.36313,0.0550975,-0.701954,1.35025,0.0550975,-0.701745,1.34988,0.0805421
0.112817,0.0488323,2.05127,41.5947,838928000,-0.587341,1.15043,0.0748583,-0.587534,1.15076,0.0513136,-0.606415,1.13989,0.0513135,-0.606212,1.13956,0.0748583,-0.702108,1.34968,0.0805421,-0.702317,1.35004,0.0550975,-0.724676,1.33716,0.0550975,-0.724457,1.3368,0.080542
0.0992622,0.10383,1.56023,30.1966,838929508,0.0245504,1.29128,0.14541,0.0245193,1.29219,0.123253,0.00271438,1.29145,0.123253,0.00278521,1.29054,0.14541,0.0167325,1.52079,0.158875,0.0166959,1.52187,0.132711,-0.00909827,1.52099,0.132711,-0.00901463,1.51991,0.158875
0.100566,0.103728,1.65054,33.3308,838929513,-0.0921354,1.28966,0.14541,-0.092222,1.29057,0.123253,-0.11383,1.28756,0.123253,-0.113704,1.28666,0.14541,-0.119913,1.51765,0.158875,-0.120015,1.51873,0.132711,-0.145577,1.51516,0.132711,-0.145428,1.51409,0.158875
-0.0013388,0.103813,1.73673,86.9755,838929518,-0.202592,1.27572,0.14541,-0.202781,1.27661,0.123253,-0.224126,1.2721,0.123253,-0.223898,1.27121,0.14541,-0.250115,1.50039,0.158875,-0.250338,1.50144,0.132711,-0.275589,1.4961,0.132711,-0.27532,1.49506,0.158875
-0.00194351,0.103819,1.84027,-1.97494,838929524,-0.333339,1.24789,0.14541,-0.33362,1.24876,0.123253,-0.354376,1.24204,0.123253,-0.354057,1.24118,0.14541,-0.404103,1.46636,0.158875,-0.404435,1.46738,0.132711,-0.428988,1.45943,0.132711,-0.428612,1.45842,0.158875
0.0338361,0.121188,1.73674,-2.47787,838930030,-0.202592,1.27572,0.168009,-0.202861,1.27699,0.145871,-0.224206,1.27247,0.145871,-0.223898,1.27121,0.168009,-0.25006,1.50012,0.185468,-0.250377,1.50162,0.159326,-0.275627,1.49628,0.159326,-0.275264,1.49479,0.185468
0.0101824,0.121195,1.84027,-2.00883,838930036,-0.333339,1.24789,0.168009,-0.333739,1.24913,0.145871,-0.354495,1.24241,0.145871,-0.354057,1.24118,0.168009,-0.40402,1.4661,0.185468,-0.404492,1.46756,0.159326,-0.429046,1.45961,0.159326,-0.428529,1.45816,0.185468
0.100247,0.121198,1.98227,-2.73335,838930044,-0.506559,1.18811,0.168009,-0.507127,1.18928,0.145871,-0.526746,1.17974,0.145871,-0.526143,1.17859,0.168009,-0.606889,1.39438,0.185468,-0.60756,1.39575,0.159326,-0.630769,1.38446,0.159326,-0.630056,1.38311,0.185468
0.224303,0.121195,-1.65038,43.7945,838930196,-0.113569,-1.28665,0.168009,-0.113615,-1.28794,0.145871,-0.0918117,-1.28872,0.145871,-0.091805,-1.28743,0.168009,-0.121782,-1.51587,0.185468,-0.121837,-1.5174,0.159326,-0.0960443,-1.51833,0.159326,-0.0960364,-1.51679,0.185468
0.259027,0.13855,1.31866,16.8124,838930518,0.332805,1.24804,0.190634,0.333157,1.24968,0.168522,0.311821,1.25424,0.168522,0.311508,1.25259,0.190634,0.380657,1.47202,0.212083,0.381072,1.47396,0.185971,0.355832,1.47935,0.185971,0.355463,1.4774,0.212083
0.63853,0.138427,1.336,0.782691,838930519,0.311407,1.25494,0.190634,0.31174,1.25659,0.168522,0.290257,1.2604,0.168522,0.289964,1.25874,0.190634,0.355329,1.47975,0.212083,0.355723,1.4817,0.185971,0.33031,1.48621,0.185971,0.329963,1.48425,0.212083
-0.0173038,0.138434,1.50856,-3.72643,838930529,0.0912967,1.28972,0.190634,0.091338,1.2914,0.168522,0.0695204,1.29142,0.168522,0.0695189,1.28974,0.190634,0.0954831,1.51875,0.212083,0.0955319,1.52074,0.185971,0.0697228,1.52076,0.185971,0.069721,1.51877,0.212083
-0.0723233,0.138559,1.52573,-3.14916,838930530,0.0691001,1.28974,0.190634,0.0691016,1.29142,0.168522,0.047284,1.29144,0.168522,0.0473223,1.28976,0.190634,0.0693022,1.51877,0.212083,0.0693039,1.52076,0.185971,0.0434948,1.52078,0.185971,0.0435401,1.5188,0.212083
-0.0429764,0.138442,1.54308,-3.68391,838930531,0.0467342,1.29204,0.190634,0.0467167,1.29372,0.168522,0.0249117,1.29298,0.168522,0.024969,1.2913,0.190634,0.042919,1.52107,0.212083,0.0428983,1.52306,0.185971,0.0171042,1.52218,0.185971,0.0171718,1.5202,0.212083
-0.0169039,0.138567,1.56025,-3.63197,838930532,0.0245504,1.29128,0.190634,0.0244931,1.29296,0.168522,0.00268816,1.29222,0.168522,0.00278521,1.29054,0.190634,0.0167532,1.52018,0.212083,0.0166856,1.52217,0.185971,-0.00910855,1.52129,0.185971,-0.00899395,1.51931,0.212083
-0.14658,0.138446,1.58152,-3.03288,838930533,-0.00295859,1.2928,0.190634,-0.00303441,1.29448,0.168522,-0.0248005,1.29298,0.168522,-0.024685,1.2913,0.190634,-0.0147108,1.52156,0.212083,-0.0148003,1.52355,0.185971,-0.0405485,1.52178,0.185971,-0.0404121,1.5198,0.212083
0.0349148,0.138563,1.59869,-3.17237,838930534,-0.0251028,1.29127,0.190634,-0.0252184,1.29295,0.168522,-0.0469845,1.29145,0.168522,-0.0468292,1.28978,0.190634,-0.0408299,1.51977,0.212083,-0.0409663,1.52175,0.185971,-0.0667145,1.51998,0.185971,-0.0665312,1.518,0.212083
-0.000233793,0.138438,1.61604,-3.06106,838930535,-0.0475744,1.29201,0.190634,-0.0477089,1.29369,0.168522,-0.0694094,1.29143,0.168522,-0.0692353,1.28976,0.190634,-0.0673092,1.52023,0.212083,-0.067468,1.52221,0.185971,-0.0931386,1.51954,0.185971,-0.092933,1.51756,0.212083
0.0691693,0.138427,1.68507,66.7748,838930539,-0.136587,1.28576,0.190634,-0.136839,1.28743,0.168522,-0.158329,1.28366,0.168522,-0.158038,1.282,0.190634,-0.172205,1.51204,0.212083,-0.172502,1.51401,0.185971,-0.197924,1.50955,0.185971,-0.197581,1.5076,0.212083
0.0549357,0.138546,1.70223,61.8999,838930540,-0.158451,1.28193,0.190634,-0.158741,1.28359,0.168522,-0.180231,1.27982,0.168522,-0.179901,1.27817,0.190634,-0.197993,1.50752,0.212083,-0.198336,1.50948,0.185971,-0.223758,1.50503,0.185971,-0.223368,1.50308,0.212083
-0.0467206,0.138424,1.71958,-2.92544,838930541,-0.180876,1.28031,0.190634,-0.181185,1.28197,0.168522,-0.20253,1.27745,0.168522,-0.202182,1.27581,0.190634,-0.224375,1.50521,0.212083,-0.22474,1.50716,0.185971,-0.249991,1.50182,0.185971,-0.24958,1.49988,0.212083
0.0349267,0.138545,1.73675,-52.2794,838930542,-0.202592,1.27572,0.190634,-0.20294,1.27736,0.168522,-0.224285,1.27285,0.168522,-0.223898,1.27121,0.190634,-0.249989,1.49979,0.212083,-0.250401,1.50174,0.185971,-0.275651,1.4964,0.185971,-0.275194,1.49446,0.212083
-0.019865,0.138552,1.84028,-3.72401,838930548,-0.333339,1.24789,0.190634,-0.333857,1.24949,0.168522,-0.354613,1.24277,0.168522,-0.354057,1.24118,0.190634,-0.403916,1.46578,0.212083,-0.404528,1.46767,0.185971,-0.429081,1.45972,0.185971,-0.428424,1.45784,0.212083
0.196795,0.138438,1.96511,-7.1357,838930555,-0.486599,1.19782,0.190634,-0.487299,1.19935,0.168522,-0.506919,1.18981,0.168522,-0.506183,1.1883,0.190634,-0.583198,1.40552,0.212083,-0.584025,1.40733,0.185971,-0.607234,1.39604,0.185971,-0.606365,1.39426,0.212083
0.108655,0.138555,1.98227,-14.5006,838930556,-0.506559,1.18811,0.190634,-0.507295,1.18962,0.168522,-0.526915,1.18008,0.168522,-0.526143,1.17859,0.190634,-0.606741,1.39407,0.212083,-0.60761,1.39586,0.185971,-0.630819,1.38457,0.185971,-0.629908,1.3828,0.212083
0.10755,0.138431,1.99962,11.4019,838930557,-0.52767,1.18038,0.190634,-0.528423,1.18188,0.168522,-0.547698,1.17166,0.168522,-0.546909,1.17017,0.190634,-0.631464,1.38458,0.212083,-0.632354,1.38636,0.185971,-0.655154,1.37426,0.185971,-0.654223,1.37251,0.212083
0.0853596,0.155891,1.49122,-2.96833,838931040,0.113569,1.28665,0.213293,0.113643,1.28871,0.191214,0.0918392,1.28949,0.191213,0.091805,1.28743,0.213293,0.121755,1.51512,0.238724,0.121843,1.51756,0.212651,0.0960501,1.51849,0.212651,0.0960097,1.51605,0.238724
0.0891204,0.155759,1.50857,47.3664,838931041,0.0912967,1.28972,0.213293,0.0913384,1.29179,0.191214,0.0695208,1.29181,0.191213,0.0695189,1.28974,0.213293,0.0954827,1.51834,0.238724,0.0955319,1.52078,0.212651,0.0697228,1.52081,0.212651,0.0697207,1.51837,0.238724
0.143936,0.155899,1.52574,13.0769,838931042,0.0691001,1.28974,0.213293,0.0691019,1.29181,0.191213,0.0472843,1.29183,0.191213,0.0473223,1.28976,0.213293,0.0693018,1.51837,0.238724,0.069304,1.52081,0.212651,0.0434949,1.52083,0.212651,0.0435397,1.51839,0.238724
0.0901651,0.155767,1.54309,-17.5028,838931043,0.0467342,1.29204,0.213293,0.0467036,1.29411,0.191213,0.0248986,1.29336,0.191214,0.024969,1.2913,0.213293,0.0429329,1.52067,0.238724,0.0428967,1.52311,0.212651,0.0171026,1.52223,0.212651,0.0171857,1.51979,0.238724
0.115476,0.155908,1.56025,-17.2892,838931044,0.0245504,1.29128,0.213293,0.02448,1.29335,0.191213,0.00267507,1.29261,0.191213,0.00278521,1.29054,0.213293,0.0167671,1.51978,0.238724,0.016684,1.52221,0.212651,-0.00911012,1.52134,0.212651,-0.00898006,1.5189,0.238724
0.0241148,0.155772,1.58153,-1.83674,838931045,-0.00295859,1.2928,0.213293,-0.00306082,1.29486,0.191213,-0.0248269,1.29337,0.191213,-0.024685,1.2913,0.213293,-0.0146828,1.52116,0.238724,-0.0148035,1.5236,0.212651,-0.0405517,1.52182,0.212651,-0.0403841,1.51939,0.238724
-0.00453311,0.155903,1.5987,52.8528,838931046,-0.0251028,1.29127,0.213293,-0.0252448,1.29334,0.191213,-0.0470109,1.29184,0.191213,-0.0468292,1.28978,0.213293,-0.0408019,1.51936,0.238724,-0.0409695,1.52179,0.212651,-0.0667177,1.52002,0.212651,-0.0665032,1.51759,0.238724
0.0123933,0.155762,1.61605,-2.28596,838931047,-0.0475744,1.29201,0.213293,-0.0477487,1.29407,0.191213,-0.0694492,1.29181,0.191213,-0.0692353,1.28976,0.213293,-0.067267,1.51982,0.238724,-0.0674728,1.52225,0.212651,-0.0931434,1.51958,0.212651,-0.0928908,1.51715,0.238724
0.0319988,0.15575,1.68508,-2.71717,838931051,-0.136587,1.28576,0.213293,-0.136905,1.28781,0.191213,-0.158395,1.28404,0.191213,-0.158038,1.282,0.213293,-0.172135,1.51164,0.238724,-0.17251,1.51406,0.212651,-0.197932,1.5096,0.212651,-0.19751,1.50719,0.238724
0.0870943,0.155885,1.70224,-2.24193,838931052,-0.158451,1.28193,0.213293,-0.158808,1.28397,0.191213,-0.180297,1.2802,0.191213,-0.179901,1.27817,0.213293,-0.197923,1.50712,0.238724,-0.198344,1.50953,0.212651,-0.223766,1.50507,0.212651,-0.223298,1.50267,0.238724
-0.0824382,0.155747,1.71959,-2.12405,838931053,-0.180876,1.28031,0.213293,-0.181265,1.28234,0.191213,-0.20261,1.27783,0.191213,-0.202182,1.27581,0.213293,-0.224291,1.50481,0.238724,-0.22475,1.50721,0.212651,-0.25,1.50187,0.212651,-0.249495,1.49948,0.238724
0.0412635,0.155883,1.73675,-2.38251,838931054,-0.202592,1.27572,0.213293,-0.20302,1.27774,0.191214,-0.224365,1.27323,0.191213,-0.223898,1.27121,0.213293,-0.249905,1.49939,0.238724,-0.25041,1.50178,0.212651,-0.275661,1.49644,0.212651,-0.27511,1.49406,0.238724
0.0576071,0.155891,1.84029,-1.63929,838931060,-0.333339,1.24789,0.213293,-0.333976,1.24986,0.191213,-0.354732,1.24314,0.191213,-0.354057,1.24118,0.213293,-0.40379,1.46539,0.238724,-0.404542,1.46772,0.212651,-0.429096,1.45976,0.212651,-0.428299,1.45745,0.238724
0.12638,0.155755,1.99963,-24.3891,838931069,-0.52767,1.18038,0.213293,-0.528603,1.18222,0.191213,-0.547878,1.172,0.191213,-0.546909,1.17017,0.213293,-0.631273,1.38422,0.238724,-0.632375,1.3864,0.212651,-0.655176,1.3743,0.212651,-0.654032,1.37215,0.238724
-0.0189841,0.173212,1.49123,-4.7971,838931552,0.113569,1.28665,0.235992,0.113657,1.28909,0.213952,0.091853,1.28988,0.213952,0.091805,1.28743,0.235992,0.121738,1.51465,0.265397,0.121842,1.51754,0.239371,0.0960493,1.51846,0.239371,0.0959926,1.51557,0.265397
0.0859481,0.173065,1.50858,-0.784658,838931553,0.0912967,1.28972,0.235992,0.0913387,1.29217,0.213952,0.0695211,1.29219,0.213952,0.0695189,1.28974,0.235992,0.0954823,1.51787,0.265397,0.0955319,1.52076,0.239371,0.0697228,1.52078,0.239371,0.0697202,1.51789,0.265397
0.0107282,0.17322,1.52574,-4.315,838931554,0.0691001,1.28974,0.235992,0.0691023,1.29219,0.213952,0.0472847,1.29221,0.213952,0.0473223,1.28976,0.235992,0.0693014,1.51789,0.265397,0.069304,1.52078,0.239371,0.0434949,1.52081,0.239371,0.0435393,1.51791,0.265397
-0.00901052,0.173074,1.5431,-4.22159,838931555,0.0467342,1.29204,0.235992,0.0466905,1.29449,0.213952,0.0248856,1.29375,0.213952,0.024969,1.2913,0.235992,0.0429491,1.52019,0.265397,0.0428976,1.52308,0.239371,0.0171034,1.52221,0.239371,0.0172019,1.51931,0.265397
0.141426,0.173231,1.56026,30.1987,838931556,0.0245504,1.29128,0.235992,0.024467,1.29373,0.213952,0.002662,1.29299,0.213952,0.0027852,1.29054,0.235992,0.0167833,1.5193,0.265397,0.0166848,1.52219,0.239371,-0.00910931,1.52131,0.239371,-0.00896382,1.51842,0.265397
0.27697,0.17308,1.58154,-12.533,838931557,-0.00295859,1.2928,0.235992,-0.00308717,1.29525,0.213952,-0.0248533,1.29375,0.213952,-0.024685,1.2913,0.235992,-0.01465,1.52068,0.265397,-0.0148018,1.52357,0.239371,-0.04055,1.5218,0.239371,-0.0403513,1.51891,0.265397
0.047153,0.173225,1.5987,46.3056,838931558,-0.0251028,1.29127,0.235992,-0.0252711,1.29372,0.213952,-0.0470372,1.29222,0.213952,-0.0468292,1.28978,0.235992,-0.0407691,1.51888,0.265397,-0.0409679,1.52177,0.239371,-0.066716,1.52,0.239371,-0.0664704,1.51711,0.265397
0.105626,0.173069,1.61606,-25.9111,838931559,-0.0475744,1.29201,0.235992,-0.0477884,1.29445,0.213952,-0.0694889,1.29219,0.213952,-0.0692353,1.28976,0.235992,-0.0672176,1.51935,0.265397,-0.0674703,1.52223,0.239371,-0.0931409,1.51956,0.239371,-0.0928414,1.51668,0.265397
0.000477601,0.173056,1.68509,-63.4564,838931563,-0.136587,1.28576,0.235992,-0.136971,1.28818,0.213952,-0.158461,1.28442,0.213952,-0.158038,1.282,0.235992,-0.172053,1.51117,0.265397,-0.172506,1.51403,0.239371,-0.197928,1.50958,0.239371,-0.197428,1.50672,0.265397
0.0262996,0.173205,1.70225,-3.64904,838931564,-0.158451,1.28193,0.235992,-0.158874,1.28434,0.213952,-0.180364,1.28058,0.213952,-0.179901,1.27817,0.235992,-0.19784,1.50665,0.265397,-0.19834,1.5095,0.239371,-0.223762,1.50505,0.239371,-0.223216,1.5022,0.265397
1.02803,0.173052,1.7196,0.0697666,838931565,-0.180876,1.28031,0.235992,-0.181344,1.28272,0.213952,-0.202689,1.2782,0.213952,-0.202182,1.27581,0.235992,-0.224192,1.50435,0.265397,-0.224745,1.50719,0.239371,-0.249995,1.50185,0.239371,-0.249397,1.49901,0.265397
0.165232,0.173203,1.73676,-11.5106,838931566,-0.202592,1.27572,0.235992,-0.203099,1.27812,0.213952,-0.224445,1.2736,0.213952,-0.223898,1.27121,0.235992,-0.249806,1.49893,0.265397,-0.250405,1.50176,0.239371,-0.275656,1.49642,0.239371,-0.275011,1.4936,0.265397
0.0287682,0.173212,1.84029,-4.72526,838931572,-0.333339,1.24789,0.235992,-0.334094,1.25023,0.213952,-0.35485,1.2435,0.213952,-0.354057,1.24118,0.235992,-0.403643,1.46494,0.265397,-0.404535,1.46769,0.239371,-0.429088,1.45974,0.239371,-0.428152,1.457,0.265397
0.115191,0.17308,1.93061,-14.1941,838931577,-0.444943,1.21382,0.235992,-0.445901,1.21608,0.213952,-0.465842,1.20723,0.213952,-0.464848,1.20499,0.235992,-0.53387,1.42396,0.265397,-0.535001,1.42663,0.239371,-0.558591,1.41615,0.239371,-0.557416,1.41351,0.265397
0.111842,0.173216,1.98229,-2.97663,838931580,-0.506559,1.18811,0.235992,-0.507631,1.19032,0.213952,-0.527251,1.18077,0.213952,-0.526143,1.17859,0.235992,-0.606354,1.39328,0.265397,-0.60762,1.39588,0.239371,-0.630829,1.38459,0.239371,-0.629521,1.38201,0.265397
0.083905,0.173209,2.0168,46.4118,838931582,-0.547279,1.16998,0.235992,-0.548428,1.17214,0.213952,-0.567702,1.16192,0.213952,-0.566519,1.15977,0.235992,-0.654179,1.37153,0.265397,-0.655535,1.37409,0.239371,-0.678336,1.36199,0.239371,-0.676938,1.35946,0.265397
0.104905,0.173052,2.06866,18.7716,838931585,-0.60786,1.14124,0.235992,-0.609123,1.14334,0.213952,-0.627637,1.13179,0.213952,-0.62634,1.12971,0.235992,-0.725188,1.33694,0.265397,-0.726679,1.33942,0.239371,-0.74858,1.32577,0.239371,-0.747049,1.32331,0.265397
-0.0105818,0.19057,1.49124,-2.35495,838932064,0.113568,1.28665,0.258872,0.11367,1.28949,0.236756,0.0918335,1.29028,0.236756,0.0918046,1.28743,0.258872,0.121719,1.51411,0.292181,0.121839,1.51746,0.26615,0.0960654,1.51838,0.26615,0.0960314,1.51503,0.292181
0.154418,0.190408,1.50859,-13.9261,838932065,0.0912971,1.28972,0.258872,0.0913728,1.29257,0.236756,0.0695219,1.29259,0.236756,0.0695194,1.28974,0.258872,0.0954238,1.51733,0.292181,0.0955129,1.52068,0.26615,0.0697231,1.52071,0.26615,0.0697202,1.51735,0.292181
0.913002,0.190579,1.52576,3.69247,838932066,0.0690997,1.28974,0.258872,0.0691022,1.29259,0.236756,0.0472512,1.29261,0.236756,0.0473219,1.28976,0.258872,0.0693005,1.51735,0.292181,0.0693035,1.52071,0.26615,0.0435137,1.52073,0.26615,0.0435969,1.51737,0.292181
0.0828249,0.190418,1.5431,-0.23577,838932067,0.0467346,1.29204,0.258872,0.0467107,1.29489,0.236756,0.0248724,1.29415,0.236756,0.0249694,1.2913,0.258872,0.0429094,1.51965,0.292181,0.0428813,1.52301,0.26615,0.0171065,1.52213,0.26615,0.0172207,1.51877,0.292181
-0.0759579,0.19059,1.56027,-1.35837,838932068,0.02455,1.29128,0.258872,0.024453,1.29413,0.236756,0.00261464,1.29339,0.236756,0.00278481,1.29054,0.258872,0.0168013,1.51876,0.292181,0.0166871,1.52211,0.26615,-0.00908774,1.52124,0.26615,-0.00888743,1.51789,0.292181
0.0235489,0.190424,1.58154,-2.9668,838932069,-0.00295819,1.2928,0.258872,-0.00308084,1.29565,0.236756,-0.0248803,1.29415,0.236756,-0.0246846,1.2913,0.258872,-0.014671,1.52014,0.292181,-0.0148154,1.52349,0.26615,-0.0405442,1.52172,0.26615,-0.0403139,1.51838,0.292181
-0.0708701,0.190584,1.59872,-2.26173,838932070,-0.0251032,1.29127,0.258872,-0.0252989,1.29412,0.236756,-0.0470983,1.29262,0.236756,-0.0468296,1.28978,0.258872,-0.0407326,1.51835,0.292181,-0.0409629,1.52169,0.26615,-0.0666918,1.51992,0.26615,-0.0663755,1.51658,0.292181
0.0100523,0.190413,1.61606,-1.77318,838932071,-0.047574,1.29201,0.258872,-0.047796,1.29485,0.236756,-0.0695297,1.29259,0.236756,-0.0692349,1.28976,0.258872,-0.0672197,1.5188,0.292181,-0.0674811,1.52215,0.26615,-0.0931324,1.51948,0.26615,-0.0927853,1.51614,0.292181
0.140783,0.190404,1.65057,-19.6727,838932073,-0.092135,1.28966,0.258872,-0.0924562,1.2925,0.236756,-0.114098,1.28948,0.236756,-0.113704,1.28666,0.258872,-0.11969,1.51563,0.292181,-0.120068,1.51897,0.26615,-0.14561,1.5154,0.26615,-0.145147,1.51208,0.292181
0.135759,0.190566,1.66775,31.8156,838932074,-0.11412,1.2866,0.258872,-0.114513,1.28942,0.236756,-0.136155,1.2864,0.236756,-0.135689,1.28359,0.258872,-0.145562,1.51202,0.292181,-0.146026,1.51535,0.26615,-0.171568,1.51178,0.26615,-0.17102,1.50847,0.292181
-0.107233,0.190398,1.68509,-2.36008,838932075,-0.136587,1.28576,0.258872,-0.137007,1.28858,0.236756,-0.15853,1.28481,0.236756,-0.158038,1.282,0.258872,-0.172017,1.51063,0.292181,-0.172511,1.51395,0.26615,-0.197914,1.5095,0.26615,-0.197335,1.50619,0.292181
-0.00859789,0.190561,1.70226,-3.32635,838932076,-0.158451,1.28193,0.258872,-0.158943,1.28474,0.236756,-0.180466,1.28097,0.236756,-0.179902,1.27817,0.258872,-0.197748,1.50612,0.292181,-0.198327,1.50943,0.26615,-0.223729,1.50497,0.26615,-0.223065,1.50168,0.292181
0.0239483,0.190394,1.7196,-2.25376,838932077,-0.180876,1.28031,0.258872,-0.181394,1.28312,0.236756,-0.202772,1.27859,0.236756,-0.202182,1.27581,0.258872,-0.224138,1.50381,0.292181,-0.224747,1.50711,0.26615,-0.249979,1.50177,0.26615,-0.249285,1.49849,0.292181
-0.00848111,0.190559,1.73677,-2.52776,838932078,-0.202592,1.27572,0.258872,-0.203182,1.27851,0.236756,-0.22456,1.27398,0.236756,-0.223899,1.27121,0.258872,-0.249695,1.4984,0.292181,-0.25039,1.50168,0.26615,-0.275621,1.49635,0.26615,-0.274843,1.49308,0.292181
-0.0544924,0.19057,1.84031,-1.38677,838932084,-0.333339,1.24789,0.258872,-0.334217,1.25061,0.236756,-0.355005,1.24387,0.236756,-0.354057,1.24118,0.258872,-0.403478,1.46443,0.292181,-0.404511,1.46762,0.26615,-0.429046,1.45967,0.26615,-0.427931,1.45651,0.292181
0.0983073,0.190413,1.96513,14.2903,838932091,-0.486598,1.19782,0.258872,-0.487779,1.20042,0.236756,-0.507429,1.19086,0.236756,-0.506182,1.1883,0.258872,-0.582627,1.40422,0.292181,-0.584017,1.40727,0.26615,-0.607209,1.39599,0.26615,-0.605742,1.39298,0.292181
0.109577,0.190398,2.03415,49.3171,838932095,-0.568107,1.16151,0.258872,-0.569466,1.16401,0.236756,-0.5884,1.15311,0.236756,-0.586978,1.15064,0.258872,-0.67831,1.3607,0.292181,-0.679909,1.36365,0.26615,-0.702257,1.35077,0.26615,-0.700583,1.34787,0.292181
0.0690185,0.207949,1.49125,-1.78943,838932576,0.113568,1.28665,0.281796,0.113684,1.28987,0.259733,0.091847,1.29065,0.259733,0.0918046,1.28743,0.281796,0.121697,1.51351,0.319,0.121833,1.5173,0.293029,0.0960598,1.51823,0.293029,0.0960098,1.51443,0.319
0.182237,0.207772,1.50859,-1.55434,838932577,0.0912971,1.28972,0.281796,0.0913732,1.29295,0.259733,0.0695222,1.29297,0.259733,0.0695194,1.28974,0.281796,0.0954232,1.51672,0.319,0.0955127,1.52052,0.293029,0.069723,1.52055,0.293029,0.0697196,1.51675,0.319
0.333533,0.207958,1.52576,-9.38031,838932578,0.0690997,1.28974,0.281796,0.0691026,1.29297,0.259733,0.0472516,1.29299,0.259733,0.0473219,1.28976,0.281796,0.0693,1.51675,0.319,0.0693034,1.52055,0.293029,0.0435136,1.52057,0.293029,0.0435964,1.51677,0.319
0.0286738,0.207784,1.54311,-2.44894,838932579,0.0467346,1.29204,0.281796,0.0466978,1.29527,0.259733,0.0248595,1.29452,0.259733,0.0249694,1.2913,0.281796,0.0429299,1.51905,0.319,0.0428867,1.52285,0.293029,0.0171119,1.52197,0.293029,0.0172412,1.51817,0.319
0.102984,0.207971,1.56028,-14.6322,838932580,0.02455,1.29128,0.281796,0.0244401,1.29451,0.259733,0.00260176,1.29377,0.259733,0.00278481,1.29054,0.281796,0.0168218,1.51816,0.319,0.0166925,1.52195,0.293029,-0.00908232,1.52108,0.293029,-0.00886686,1.51728,0.319
0.176894,0.20779,1.58155,-1.3277,838932581,-0.00295819,1.2928,0.281796,-0.00310682,1.29602,0.259733,-0.0249062,1.29452,0.259733,-0.0246846,1.2913,0.281796,-0.0146295,1.51954,0.319,-0.0148045,1.52333,0.293029,-0.0405334,1.52156,0.293029,-0.0402725,1.51777,0.319
0.0250397,0.207964,1.59872,-3.06973,838932582,-0.0251032,1.29127,0.281796,-0.0253249,1.29449,0.259733,-0.0471243,1.29299,0.259733,-0.0468296,1.28978,0.281796,-0.0406911,1.51774,0.319,-0.040952,1.52153,0.293029,-0.0666809,1.51976,0.293029,-0.066334,1.51598,0.319
0.0166923,0.207778,1.61607,-2.62023,838932583,-0.047574,1.29201,0.281796,-0.0478352,1.29523,0.259733,-0.0695689,1.29297,0.259733,-0.0692349,1.28976,0.281796,-0.0671572,1.5182,0.319,-0.0674647,1.52199,0.293029,-0.093116,1.51932,0.293029,-0.0927229,1.51554,0.319
0.106374,0.207953,1.63324,2.75631,838932584,-0.0696523,1.28971,0.281796,-0.0699863,1.29292,0.259733,-0.09172,1.29066,0.259733,-0.0913132,1.28746,0.281796,-0.0931402,1.5155,0.319,-0.0935334,1.51928,0.293029,-0.119185,1.51661,0.293029,-0.118706,1.51284,0.319
0.141701,0.207768,1.65058,-1.23589,838932585,-0.092135,1.28966,0.281796,-0.0925085,1.29287,0.259733,-0.11415,1.28985,0.259733,-0.113704,1.28666,0.281796,-0.119606,1.51504,0.319,-0.120046,1.51881,0.293029,-0.145588,1.51525,0.293029,-0.145063,1.51148,0.319
-0.0380376,0.207945,1.66775,-2.78962,838932586,-0.11412,1.2866,0.281796,-0.114566,1.28979,0.259733,-0.136207,1.28678,0.259733,-0.135689,1.28359,0.281796,-0.145479,1.51143,0.319,-0.146004,1.51519,0.293029,-0.171546,1.51163,0.293029,-0.170936,1.50788,0.319
0.0323398,0.207761,1.6851,-2.50855,838932587,-0.136587,1.28576,0.281796,-0.137072,1.28896,0.259733,-0.158595,1.28518,0.259733,-0.158038,1.282,0.281796,-0.171913,1.51004,0.319,-0.172484,1.5138,0.293029,-0.197886,1.50934,0.293029,-0.19723,1.5056,0.319
-0.000793692,0.20794,1.70227,77.1917,838932588,-0.158451,1.28193,0.281796,-0.159008,1.28511,0.259733,-0.180531,1.28134,0.259733,-0.179902,1.27817,0.281796,-0.197644,1.50553,0.319,-0.1983,1.50927,0.293029,-0.223702,1.50482,0.293029,-0.222961,1.50109,0.319
-0.0441227,0.207758,1.71961,-2.59941,838932589,-0.180876,1.28031,0.281796,-0.181472,1.28349,0.259733,-0.20285,1.27896,0.259733,-0.202182,1.27581,0.281796,-0.224013,1.50322,0.319,-0.224715,1.50695,0.293029,-0.249946,1.50161,0.293029,-0.24916,1.4979,0.319
0.0475303,0.207937,1.73678,-3.19754,838932590,-0.202592,1.27572,0.281796,-0.20326,1.27888,0.259733,-0.224638,1.27435,0.259733,-0.223899,1.27121,0.281796,-0.24957,1.49781,0.319,-0.250357,1.50153,0.293029,-0.275588,1.49619,0.293029,-0.274718,1.49249,0.319
0.00755205,0.207778,1.96513,-2.78359,838932603,-0.486598,1.19782,0.281796,-0.487945,1.20076,0.259733,-0.507594,1.1912,0.259733,-0.506182,1.1883,0.281796,-0.582363,1.40368,0.319,-0.583948,1.40713,0.293029,-0.60714,1.39585,0.293029,-0.605478,1.39243,0.319
-0.0184712,0.207953,1.9823,-2.79366,838932604,-0.50656,1.18811,0.281796,-0.507972,1.19101,0.259733,-0.527621,1.18146,0.259733,-0.526144,1.17859,0.281796,-0.605855,1.39225,0.319,-0.607517,1.39567,0.293029,-0.630709,1.38438,0.293029,-0.628969,1.38101,0.319
0.338652,0.207768,1.99965,5.26195,838932605,-0.52767,1.18038,0.281796,-0.529118,1.18326,0.259733,-0.548422,1.17302,0.259733,-0.546909,1.17017,0.281796,-0.630566,1.38276,0.319,-0.63227,1.38616,0.293029,-0.655054,1.37407,0.293029,-0.653273,1.37072,0.319
0.0554958,0.207945,2.01682,-2.42944,838932606,-0.54728,1.16998,0.281796,-0.548792,1.17283,0.259733,-0.568096,1.16259,0.259733,-0.566519,1.15977,0.281796,-0.653644,1.37052,0.319,-0.655424,1.37388,0.293029,-0.678208,1.36179,0.293029,-0.676351,1.35848,0.319
0.15967,0.207761,2.03416,9.38136,838932607,-0.568107,1.16151,0.281796,-0.569654,1.16434,0.259733,-0.588589,1.15343,0.259733,-0.586978,1.15064,0.281796,-0.678008,1.36017,0.319,-0.67983,1.36351,0.293029,-0.702178,1.35064,0.293029,-0.700281,1.34734,0.319
0.340947,0.225102,0.357866,38.7611,838933023,1.21491,0.442639,0.304781,1.21824,0.444035,0.282776,1.20937,0.464005,0.282776,1.20607,0.462542,0.304781,1.42336,0.53091,0.345868,1.42727,0.532554,0.319967,1.41681,0.556124,0.319967,1.41293,0.554402,0.345868
0.167861,0.225319,1.1767,-14.3947,838933070,0.50605,1.18833,0.304781,0.507286,1.19171,0.282776,0.48676,1.19921,0.282776,0.485592,1.19579,0.304781,0.583649,1.40094,0.345868,0.585104,1.40493,0.319967,0.560877,1.41377,0.319967,0.559503,1.40976,0.345868
-0.0798826,0.225309,1.49125,-4.16917,838933088,0.113568,1.28665,0.304781,0.113698,1.29025,0.282776,0.0918605,1.29103,0.282776,0.0918046,1.28743,0.304781,0.121673,1.51284,0.345868,0.121825,1.51708,0.319967,0.0960516,1.518,0.319967,0.0959858,1.51376,0.345868
0.0406243,0.225119,1.5086,-4.00002,838933089,0.0912971,1.28972,0.304781,0.0913735,1.29333,0.282776,0.0695225,1.29335,0.282776,0.0695193,1.28974,0.304781,0.0954226,1.51605,0.345868,0.0955125,1.5203,0.319967,0.0697228,1.52032,0.319967,0.069719,1.51608,0.345868
0.0413736,0.225319,1.52577,-3.74956,838933090,0.0690997,1.28974,0.304781,0.0691029,1.29335,0.282776,0.0472519,1.29337,0.282776,0.0473219,1.28976,0.304781,0.0692994,1.51608,0.345868,0.0693032,1.52032,0.319967,0.0435134,1.52034,0.319967,0.0435958,1.5161,0.345868
0.0105368,0.225131,1.54312,-2.71504,838933091,0.0467346,1.29204,0.304781,0.046685,1.29564,0.282776,0.0248466,1.2949,0.282776,0.0249694,1.2913,0.304781,0.0429528,1.51838,0.345868,0.0428944,1.52262,0.319967,0.0171196,1.52174,0.319967,0.0172641,1.5175,0.345868
-0.00692741,0.225333,1.56029,-3.67762,838933092,0.02455,1.29128,0.304781,0.0244272,1.29489,0.282776,0.0025889,1.29414,0.282776,0.00278481,1.29054,0.304781,0.0168447,1.51749,0.345868,0.0167002,1.52173,0.319967,-0.00907462,1.52085,0.319967,-0.00884402,1.51661,0.345868
0.119489,0.225138,1.58156,-1.1523,838933093,-0.00295819,1.2928,0.304781,-0.00313275,1.2964,0.282776,-0.0249322,1.2949,0.282776,-0.0246846,1.2913,0.304781,-0.0145835,1.51887,0.345868,-0.0147889,1.52311,0.319967,-0.0405178,1.52134,0.319967,-0.0402264,1.5171,0.345868
-0.00651516,0.225326,1.59873,-3.26676,838933094,-0.0251032,1.29127,0.304781,-0.0253508,1.29487,0.282776,-0.0471502,1.29337,0.282776,-0.0468296,1.28978,0.304781,-0.040645,1.51707,0.345868,-0.0409365,1.52131,0.319967,-0.0666654,1.51954,0.319967,-0.066288,1.51531,0.345868
0.00921057,0.225124,1.61608,-3.22088,838933095,-0.047574,1.29201,0.304781,-0.0478743,1.2956,0.282776,-0.069608,1.29334,0.282776,-0.0692349,1.28976,0.304781,-0.0670878,1.51754,0.345868,-0.0674413,1.52177,0.319967,-0.0930926,1.5191,0.319967,-0.0926535,1.51488,0.345868
1.45148,0.225314,1.63325,2.09182,838933096,-0.0696523,1.28971,0.304781,-0.0700253,1.2933,0.282776,-0.0917591,1.29104,0.282776,-0.0913132,1.28746,0.304781,-0.0930708,1.51483,0.345868,-0.09351,1.51905,0.319967,-0.119161,1.51639,0.319967,-0.118636,1.51217,0.345868
1.33588,0.225114,1.65059,-1.29595,838933097,-0.092135,1.28966,0.304781,-0.0925606,1.29325,0.282776,-0.114202,1.29023,0.282776,-0.113704,1.28666,0.304781,-0.119514,1.51437,0.345868,-0.120015,1.51859,0.319967,-0.145557,1.51502,0.319967,-0.144971,1.51082,0.345868
0.895997,0.225305,1.66776,-0.227109,838933098,-0.11412,1.2866,0.304781,-0.114618,1.29017,0.282776,-0.136259,1.28715,0.282776,-0.135689,1.28359,0.304781,-0.145386,1.51076,0.345868,-0.145973,1.51497,0.319967,-0.171515,1.5114,0.319967,-0.170844,1.50721,0.345868
0.00870716,0.225297,1.73678,-2.99357,838933102,-0.202592,1.27572,0.304781,-0.203339,1.27925,0.282776,-0.224717,1.27472,0.282776,-0.223899,1.27121,0.304781,-0.249432,1.49715,0.345868,-0.25031,1.50131,0.319967,-0.275541,1.49597,0.319967,-0.274579,1.49183,0.345868
0.220819,0.225102,1.75413,-12.097,838933103,-0.224947,1.27332,0.304781,-0.225745,1.27683,0.282776,-0.246952,1.27157,0.282776,-0.246083,1.26807,0.304781,-0.275681,1.49393,0.345868,-0.27662,1.49807,0.319967,-0.30165,1.49185,0.319967,-0.300627,1.48773,0.345868
0.0884797,0.225326,1.9478,34.016,838933114,-0.465231,1.20481,0.304781,-0.466694,1.20811,0.282776,-0.486666,1.19924,0.282776,-0.485136,1.19598,0.304781,-0.557064,1.41168,0.345868,-0.558786,1.41556,0.319967,-0.582357,1.4051,0.319967,-0.580557,1.40125,0.345868
0.0450121,0.225124,1.96514,-3.80969,838933115,-0.486598,1.19782,0.304781,-0.48811,1.2011,0.282776,-0.507759,1.19154,0.282776,-0.506182,1.1883,0.304781,-0.58207,1.40307,0.345868,-0.583849,1.40693,0.319967,-0.607041,1.39565,0.319967,-0.605184,1.39183,0.345868
-0.0344888,0.225314,1.98231,-3.39391,838933116,-0.50656,1.18811,0.304781,-0.508137,1.19135,0.282776,-0.527787,1.1818,0.282776,-0.526144,1.17859,0.304781,-0.605562,1.39165,0.345868,-0.607418,1.39546,0.319967,-0.63061,1.38418,0.319967,-0.628676,1.3804,0.345868
0.0958564,0.225114,1.99966,-3.21568,838933117,-0.52767,1.18038,0.304781,-0.529294,1.1836,0.282776,-0.548598,1.17336,0.282776,-0.546909,1.17017,0.304781,-0.630252,1.38217,0.345868,-0.632164,1.38596,0.319967,-0.654948,1.37387,0.319967,-0.652959,1.37012,0.345868
0.0800254,0.225305,2.01682,-3.27424,838933118,-0.54728,1.16998,0.304781,-0.548969,1.17316,0.282776,-0.568273,1.16292,0.282776,-0.566519,1.15977,0.304781,-0.65333,1.36993,0.345868,-0.655318,1.37368,0.319967,-0.678102,1.36159,0.319967,-0.676037,1.35788,0.345868
0.123802,0.225107,2.03417,8.35546,838933119,-0.568107,1.16151,0.304781,-0.569843,1.16467,0.282776,-0.588777,1.15376,0.282776,-0.586978,1.15064,0.304781,-0.677674,1.35959,0.345868,-0.679717,1.36331,0.319967,-0.702065,1.35044,0.319967,-0.699947,1.34676,0.345868
0.125025,0.242651,1.49126,-18.0278,838933600,0.113568,1.28665,0.327834,0.113711,1.29062,0.305894,0.091874,1.29141,0.305894,0.0918046,1.28743,0.327834,0.121647,1.5121,0.372793,0.121814,1.51678,0.346968,0.0960411,1.51771,0.346968,0.0959594,1.51302,0.372793
0.0664655,0.242447,1.50861,-37.5016,838933601,0.0912971,1.28972,0.327834,0.0913739,1.2937,0.305894,0.0695229,1.29372,0.305894,0.0695193,1.28974,0.327834,0.095422,1.51532,0.372793,0.0955123,1.52,0.346968,0.0697225,1.52003,0.346968,0.0697184,1.51534,0.372793
0.0893095,0.242663,1.52578,-3.07237,838933602,0.0690997,1.28974,0.327834,0.0691032,1.29372,0.305894,0.0472522,1.29374,0.305894,0.0473219,1.28976,0.327834,0.0692988,1.51534,0.372792,0.0693029,1.52003,0.346967,0.0435132,1.52005,0.346967,0.0435952,1.51536,0.372792
0.00973092,0.24246,1.54313,-2.06607,838933603,0.0467346,1.29204,0.327834,0.0466721,1.29602,0.305894,0.0248338,1.29528,0.305894,0.0249694,1.2913,0.327834,0.0429779,1.51764,0.372792,0.0429044,1.52233,0.346967,0.0171296,1.52145,0.346968,0.0172892,1.51676,0.372793
-0.0412459,0.242677,1.56029,-3.50731,838933604,0.02455,1.29128,0.327834,0.0244144,1.29526,0.305894,0.00257609,1.29452,0.305894,0.00278481,1.29054,0.327834,0.0168698,1.51675,0.372792,0.0167102,1.52143,0.346967,-0.00906461,1.52056,0.346967,-0.00881893,1.51587,0.372792
0.00186832,0.242468,1.58157,-2.97692,838933605,-0.00295819,1.2928,0.327834,-0.0031586,1.29678,0.305894,-0.024958,1.29528,0.305894,-0.0246846,1.2913,0.327834,-0.0145329,1.51813,0.372793,-0.0147688,1.52282,0.346968,-0.0404977,1.52104,0.346968,-0.0401758,1.51637,0.372793
0.288024,0.242669,1.59874,-9.77993,838933606,-0.0251032,1.29127,0.327834,-0.0253767,1.29525,0.305894,-0.0471761,1.29375,0.305894,-0.0468296,1.28978,0.327834,-0.0405944,1.51634,0.372792,-0.0409163,1.52102,0.346967,-0.0666452,1.51924,0.346967,-0.0662374,1.51457,0.372792
1.49494,0.242453,1.61608,0.653224,838933607,-0.047574,1.29201,0.327834,-0.0479132,1.29598,0.305894,-0.0696469,1.29372,0.305894,-0.0692349,1.28976,0.327834,-0.0670116,1.5168,0.372792,-0.0674108,1.52147,0.346968,-0.0930622,1.51881,0.346968,-0.0925772,1.51414,0.372793
0.788819,0.242656,1.63325,-4.08271,838933608,-0.0696523,1.28971,0.327834,-0.0700643,1.29367,0.305894,-0.091798,1.29141,0.305894,-0.0913132,1.28746,0.327834,-0.0929946,1.5141,0.372793,-0.0934796,1.51876,0.346968,-0.119131,1.51609,0.346968,-0.11856,1.51144,0.372793
0.357683,0.242442,1.6506,5.45192,838933609,-0.092135,1.28966,0.327834,-0.0926126,1.29362,0.305894,-0.114254,1.2906,0.305894,-0.113704,1.28666,0.327834,-0.119412,1.51364,0.372793,-0.119974,1.5183,0.346968,-0.145516,1.51473,0.346968,-0.144869,1.51009,0.372793
-0.0234368,0.242647,1.66776,-3.1171,838933610,-0.11412,1.2866,0.327834,-0.11467,1.29054,0.305894,-0.136311,1.28752,0.305894,-0.135689,1.28359,0.327834,-0.145285,1.51003,0.372792,-0.145932,1.51467,0.346967,-0.171475,1.51111,0.346967,-0.170742,1.50648,0.372792
0.0174805,0.242638,1.73679,-3.56956,838933614,-0.202592,1.27572,0.327834,-0.203416,1.27961,0.305894,-0.224794,1.27509,0.305894,-0.223899,1.27121,0.327834,-0.249279,1.49643,0.372793,-0.250249,1.50102,0.346968,-0.27548,1.49568,0.346968,-0.274426,1.49111,0.372793
0.310114,0.242429,1.75414,1.78685,838933615,-0.224947,1.27332,0.327834,-0.225835,1.2772,0.305894,-0.247042,1.27193,0.305894,-0.246083,1.26807,0.327834,-0.275503,1.49321,0.372793,-0.276549,1.49778,0.346968,-0.301579,1.49157,0.346968,-0.300449,1.48702,0.372793
0.499527,0.242639,1.7713,-1.03653,838933616,-0.24649,1.26797,0.327834,-0.24745,1.27183,0.305894,-0.268657,1.26657,0.305894,-0.267626,1.26272,0.327834,-0.300857,1.48692,0.372792,-0.301986,1.49147,0.346967,-0.327016,1.48525,0.346968,-0.325803,1.48072,0.372792
0.126355,0.242453,1.96515,12.3851,838933627,-0.486598,1.19782,0.327834,-0.488274,1.20143,0.305894,-0.507924,1.19188,0.305894,-0.506182,1.1883,0.327834,-0.581747,1.40241,0.372792,-0.58372,1.40666,0.346967,-0.606912,1.39538,0.346967,-0.604862,1.39117,0.372792
0.105561,0.242657,1.98232,-13.9304,838933628,-0.50656,1.18811,0.327834,-0.508301,1.19169,0.305894,-0.527951,1.18213,0.305894,-0.526144,1.17859,0.327834,-0.605239,1.39098,0.372792,-0.607289,1.3952,0.346967,-0.630481,1.38392,0.346968,-0.628353,1.37974,0.372793
1.73853,0.242442,1.99967,-0.865586,838933629,-0.52767,1.18038,0.327834,-0.529471,1.18393,0.305894,-0.548775,1.17369,0.305894,-0.546909,1.17017,0.327834,-0.629906,1.38152,0.372793,-0.632026,1.3857,0.346968,-0.65481,1.37361,0.346968,-0.652614,1.36947,0.372793
0.3798,0.242647,2.01683,-8.06336,838933630,-0.54728,1.16998,0.327834,-0.549145,1.17349,0.305894,-0.568449,1.16325,0.305894,-0.566519,1.15977,0.327834,-0.652984,1.36928,0.372792,-0.655181,1.37342,0.346967,-0.677964,1.36133,0.346967,-0.675692,1.35723,0.372792
0.0505998,0.242434,2.03418,-3.44188,838933631,-0.568107,1.16151,0.327834,-0.570031,1.16499,0.305894,-0.588965,1.15409,0.305894,-0.586978,1.15064,0.327834,-0.677306,1.35895,0.372792,-0.67957,1.36306,0.346967,-0.701918,1.35019,0.346967,-0.699579,1.34612,0.372792
0.172387,0.259744,-0.0602072,40.5064,838934023,1.28995,-0.0887585,0.350962,1.2943,-0.0888362,0.329094,1.29433,-0.0669852,0.329094,1.28997,-0.0669807,0.350962,1.51474,-0.0929121,0.399779,1.51987,-0.0930035,0.374038,1.51989,-0.0672137,0.374038,1.51476,-0.0672085,0.399779
-0.0377467,0.259758,1.50862,-5.22153,838934113,0.0912971,1.28972,0.350962,0.0913742,1.29408,0.329094,0.0695232,1.2941,0.329094,0.0695193,1.28974,0.350962,0.0954213,1.51451,0.399779,0.095512,1.51964,0.374038,0.0697222,1.51966,0.374038,0.0697177,1.51454,0.399779
0.061478,0.259988,1.52578,-4.05484,838934114,0.0690997,1.28974,0.350962,0.0691036,1.2941,0.329094,0.0472526,1.29412,0.329094,0.0473219,1.28976,0.350962,0.069298,1.51454,0.399779,0.0693026,1.51967,0.374038,0.0435128,1.51969,0.374038,0.0435944,1.51456,0.399779
-0.00910291,0.25978,1.58158,-4.28178,838934117,-0.0029582,1.2928,0.350962,-0.00318436,1.29715,0.329094,-0.0249838,1.29565,0.329094,-0.0246846,1.2913,0.350962,-0.0144777,1.51733,0.399779,-0.0147439,1.52245,0.374038,-0.0404728,1.52068,0.374038,-0.0401206,1.51557,0.399779
0.0513804,0.259995,1.59874,-3.57945,838934118,-0.0251032,1.29127,0.350962,-0.0254024,1.29562,0.329094,-0.0472018,1.29412,0.329094,-0.0468296,1.28978,0.350962,-0.0405393,1.51554,0.399779,-0.0408914,1.52065,0.374038,-0.0666203,1.51888,0.374038,-0.0661822,1.51377,0.399779
0.140775,0.259764,1.61609,17.6537,838934119,-0.047574,1.29201,0.350962,-0.047952,1.29635,0.329094,-0.0696857,1.29409,0.329094,-0.0692349,1.28976,0.350962,-0.0669284,1.516,0.399779,-0.0673734,1.52111,0.374038,-0.0930247,1.51845,0.374038,-0.0924941,1.51334,0.399779
0.0782347,0.259982,1.63326,10.7851,838934120,-0.0696523,1.28971,0.350962,-0.0701031,1.29405,0.329094,-0.0918368,1.29179,0.329094,-0.0913132,1.28746,0.350962,-0.0929115,1.5133,0.399779,-0.0934421,1.5184,0.374038,-0.119093,1.51573,0.374038,-0.118477,1.51064,0.399779
0.0440996,0.259752,1.65061,39.5722,838934121,-0.092135,1.28966,0.350962,-0.0926644,1.29399,0.329094,-0.114306,1.29097,0.329094,-0.113704,1.28666,0.350962,-0.119301,1.51285,0.399779,-0.119924,1.51794,0.374038,-0.145466,1.51437,0.374038,-0.144758,1.50929,0.399779
0.138863,0.259972,1.66777,-1.98067,838934122,-0.11412,1.2866,0.350962,-0.114722,1.29091,0.329094,-0.136363,1.28789,0.329094,-0.135689,1.28359,0.350962,-0.145174,1.50924,0.399779,-0.145882,1.51432,0.374038,-0.171425,1.51075,0.374038,-0.170631,1.50569,0.399779
-0.0259081,0.259962,1.7368,-4.35953,838934126,-0.202592,1.27572,0.350962,-0.203494,1.27998,0.329094,-0.224872,1.27546,0.329094,-0.223899,1.27121,0.350962,-0.249113,1.49565,0.399779,-0.250174,1.50066,0.374038,-0.275406,1.49533,0.374038,-0.27426,1.49033,0.399779
-0.0503054,0.259764,1.96516,-3.94853,838934139,-0.486598,1.19782,0.350962,-0.488438,1.20177,0.329094,-0.508088,1.19221,0.329094,-0.506182,1.1883,0.350962,-0.581396,1.40169,0.399779,-0.583562,1.40634,0.374038,-0.606754,1.39506,0.374038,-0.60451,1.39044,0.399779
0.067088,0.259982,1.98232,-4.04855,838934140,-0.50656,1.18811,0.350962,-0.508466,1.19203,0.329094,-0.528115,1.18247,0.329094,-0.526144,1.17859,0.350962,-0.604888,1.39026,0.399779,-0.607131,1.39487,0.374038,-0.630323,1.38359,0.374038,-0.628002,1.37902,0.399779
0.0138981,0.259752,1.99967,-3.39461,838934141,-0.52767,1.18038,0.350962,-0.529647,1.18426,0.329094,-0.548951,1.17402,0.329094,-0.546909,1.17017,0.350962,-0.62953,1.38081,0.399779,-0.631857,1.38538,0.374038,-0.65464,1.37329,0.374038,-0.652237,1.36876,0.399779
-0.015695,0.259971,2.01684,-5.14071,838934142,-0.54728,1.16998,0.350962,-0.549321,1.17382,0.329094,-0.568625,1.16359,0.329094,-0.566519,1.15977,0.350962,-0.652608,1.36857,0.399779,-0.655011,1.3731,0.374038,-0.677795,1.36101,0.374038,-0.675315,1.35652,0.399779
-0.0375594,0.259744,2.03419,-4.88382,838934143,-0.568107,1.16151,0.350962,-0.570218,1.16532,0.329094,-0.589153,1.15441,0.329094,-0.586978,1.15064,0.350962,-0.676905,1.35826,0.399779,-0.67939,1.36274,0.374038,-0.701738,1.34987,0.374038,-0.699178,1.34543,0.399779
0.0256656,0.277106,1.50862,-4.07525,838934625,0.0912977,1.28972,0.374308,0.0914075,1.29448,0.352398,0.0695241,1.2945,0.352398,0.0695199,1.28974,0.374308,0.0953361,1.51366,0.42688,0.0954648,1.51924,0.4012,0.0697224,1.51926,0.4012,0.0697175,1.51369,0.42688
0.0504009,0.277351,1.5258,-4.54466,838934626,0.0690991,1.28974,0.374308,0.0691034,1.2945,0.352398,0.04722,1.29452,0.352398,0.0473213,1.28976,0.374308,0.0692967,1.51369,0.42688,0.0693017,1.51926,0.4012,0.0435593,1.51928,0.4012,0.0436781,1.51371,0.42688
0.0475686,0.277129,1.58158,-34.9494,838934629,-0.00295763,1.2928,0.374308,-0.0031789,1.29755,0.352398,-0.0250107,1.29605,0.352398,-0.024684,1.2913,0.374308,-0.0145036,1.51648,0.42688,-0.0147629,1.52205,0.4012,-0.0404445,1.52028,0.4012,-0.0400617,1.51472,0.42688
-0.0784941,0.277358,1.59875,-2.38267,838934630,-0.0251038,1.29127,0.374308,-0.0254304,1.29602,0.352398,-0.0472622,1.29452,0.352398,-0.0468302,1.28978,0.374308,-0.0404815,1.51469,0.42688,-0.0408643,1.52025,0.4012,-0.0665459,1.51848,0.4012,-0.0660396,1.51293,0.42688
0.0558019,0.277112,1.6161,37.4865,838934631,-0.0475734,1.29201,0.374308,-0.0479606,1.29675,0.352398,-0.0697265,1.29449,0.352398,-0.0692343,1.28976,0.374308,-0.0669245,1.51515,0.42688,-0.0673782,1.52071,0.4012,-0.0929824,1.51805,0.4012,-0.0924056,1.5125,0.42688
0.00959256,0.277344,1.63327,-3.25392,838934632,-0.0696529,1.28971,0.374308,-0.0701451,1.29444,0.352398,-0.091911,1.29218,0.352398,-0.0913138,1.28746,0.374308,-0.0928241,1.51246,0.42688,-0.093401,1.518,0.4012,-0.119005,1.51534,0.4012,-0.118305,1.5098,0.42688
-0.00958349,0.2771,1.65061,-3.3344,838934633,-0.0921345,1.28966,0.374308,-0.092687,1.29439,0.352398,-0.114361,1.29137,0.352398,-0.113703,1.28666,0.374308,-0.119267,1.51199,0.42688,-0.119915,1.51753,0.4012,-0.14541,1.51398,0.4012,-0.14464,1.50845,0.42688
-0.066046,0.277333,1.66778,-2.47045,838934634,-0.11412,1.2866,0.374308,-0.114777,1.29131,0.352398,-0.136451,1.28829,0.352398,-0.135689,1.28359,0.374308,-0.145057,1.50839,0.42688,-0.145827,1.51392,0.4012,-0.171323,1.51036,0.4012,-0.17043,1.50486,0.42688
0.735479,0.277326,1.7023,2.93364,838934636,-0.158452,1.28193,0.374308,-0.159273,1.28662,0.352398,-0.180828,1.28284,0.352398,-0.179902,1.27817,0.374308,-0.197116,1.50251,0.42688,-0.198078,1.508,0.4012,-0.223434,1.50356,0.4012,-0.22235,1.49809,0.42688
-0.112491,0.277323,1.73681,-3.72046,838934638,-0.202593,1.27572,0.374308,-0.203577,1.28037,0.352398,-0.224987,1.27584,0.352398,-0.223899,1.27121,0.374308,-0.248937,1.49481,0.42688,-0.250091,1.50027,0.4012,-0.275276,1.49494,0.4012,-0.274001,1.48951,0.42688
0.340319,0.277095,1.82318,5.89415,838934643,-0.312222,1.25473,0.374308,-0.313587,1.25929,0.352398,-0.334405,1.25255,0.352398,-0.33294,1.24802,0.374308,-0.377577,1.46896,0.42688,-0.379177,1.47431,0.4012,-0.403667,1.46637,0.4012,-0.401949,1.46107,0.42688
0.112248,0.277338,1.84035,-38.8567,838934644,-0.33334,1.24789,0.374308,-0.334806,1.25242,0.352398,-0.355624,1.24568,0.352398,-0.354058,1.24118,0.374308,-0.402349,1.46094,0.42688,-0.404067,1.46624,0.4012,-0.428557,1.45831,0.4012,-0.426721,1.45305,0.42688
-0.0647717,0.277112,1.96516,-4.10767,838934651,-0.486598,1.19782,0.374308,-0.488584,1.20215,0.352398,-0.508263,1.19257,0.352398,-0.506182,1.1883,0.374308,-0.5811,1.40089,0.42688,-0.583428,1.40595,0.4012,-0.606577,1.39469,0.4012,-0.604138,1.38968,0.42688
0.0962353,0.277344,1.98234,47.5742,838934652,-0.50656,1.18811,0.374308,-0.508641,1.19239,0.352398,-0.52832,1.18282,0.352398,-0.526144,1.17859,0.374308,-0.604516,1.3895,0.42688,-0.606955,1.39451,0.4012,-0.630104,1.38325,0.4012,-0.627554,1.37829,0.42688
0.0390465,0.2771,1.99968,87.0893,838934653,-0.527669,1.18038,0.374308,-0.529805,1.18463,0.352398,-0.549137,1.17437,0.352398,-0.546908,1.17017,0.374308,-0.629206,1.38002,0.42688,-0.631709,1.385,0.4012,-0.654451,1.37294,0.4012,-0.651838,1.36801,0.42688
-0.0688019,0.277333,2.01685,-2.72292,838934654,-0.54728,1.16997,0.374308,-0.549509,1.17418,0.352398,-0.568842,1.16392,0.352398,-0.56652,1.15977,0.374308,-0.65221,1.36782,0.42688,-0.654823,1.37274,0.4012,-0.677564,1.36068,0.4012,-0.674843,1.35581,0.42688
0.0965526,0.277091,2.03419,8.17099,838934655,-0.568106,1.16151,0.374308,-0.570389,1.16568,0.352398,-0.589352,1.15476,0.352398,-0.586977,1.15064,0.374308,-0.676554,1.35748,0.42688,-0.679229,1.36237,0.4012,-0.701536,1.34952,0.4012,-0.698753,1.34469,0.42688
-0.0312404,0.277088,-2.74919,-4.51057,838934741,-1.19891,-0.484291,0.374308,-1.20323,-0.486278,0.352398,-1.19366,-0.505955,0.352398,-1.18938,-0.503874,0.374308,-1.40196,-0.57882,0.42688,-1.40703,-0.581149,0.4012,-1.39576,-0.604296,0.4012,-1.39075,-0.601857,0.42688
-0.104898,0.277329,-2.73202,-4.45894,838934742,-1.18919,-0.504253,0.374308,-1.19347,-0.506334,0.352398,-1.1839,-0.526011,0.352398,-1.17967,-0.523835,0.374308,-1.39057,-0.602235,0.42688,-1.39558,-0.604675,0.4012,-1.38432,-0.627822,0.4012,-1.37936,-0.625271,0.42688
-0.0867041,0.277095,-2.71468,-5.3443,838934743,-1.18146,-0.52536,0.374308,-1.18571,-0.527497,0.352398,-1.17545,-0.546828,0.352398,-1.17125,-0.544598,0.374308,-1.38108,-0.626923,0.42688,-1.38607,-0.629427,0.4012,-1.374,-0.652167,0.4012,-1.36908,-0.649554,0.42688
0.0858008,0.277106,-2.3311,103.512,838934765,-0.898956,-0.9293,0.374308,-0.902097,-0.932873,0.352398,-0.885346,-0.946954,0.352398,-0.882285,-0.943313,0.374308,-1.046,-1.09825,0.42688,-1.04968,-1.10244,0.4012,-1.02997,-1.11901,0.4012,-1.02639,-1.11474,0.42688
0.181804,0.294715,-0.0775393,41.9248,838935046,1.28687,-0.111029,0.397732,1.29199,-0.111213,0.375905,1.29277,-0.0893437,0.375905,1.28765,-0.0892651,0.397732,1.50976,-0.119044,0.454045,1.51576,-0.11926,0.428462,1.51668,-0.0935343,0.428462,1.51068,-0.0934422,0.454045
0.102456,0.29472,1.84035,-3.16205,838935156,-0.33334,1.24789,0.397732,-0.334919,1.25277,0.375905,-0.355737,1.24602,0.375905,-0.354058,1.24118,0.397732,-0.402068,1.46007,0.454045,-0.403918,1.46579,0.428462,-0.428408,1.45785,0.428462,-0.42644,1.45218,0.454045
0.128076,0.294752,1.90938,-21.2523,838935160,-0.418576,1.22181,0.397732,-0.420491,1.22656,0.375905,-0.440788,1.21838,0.375905,-0.438775,1.21366,0.397732,-0.501949,1.42867,0.454045,-0.504193,1.43424,0.428462,-0.528069,1.42462,0.428462,-0.52571,1.41909,0.454045
0.104217,0.294468,1.99968,-14.7374,838935165,-0.527669,1.18038,0.397732,-0.529976,1.18495,0.375905,-0.549309,1.1747,0.375905,-0.546909,1.17017,0.397732,-0.628779,1.37921,0.454045,-0.631483,1.38457,0.428462,-0.654225,1.37251,0.428462,-0.651411,1.36721,0.454045
0.328954,0.29472,2.18942,1.02862,838935176,-0.740042,1.05863,0.397732,-0.743192,1.06267,0.375905,-0.760449,1.04921,0.375905,-0.757215,1.04524,0.397732,-0.877195,1.2345,0.454045,-0.880887,1.23924,0.428462,-0.901187,1.22341,0.428462,-0.897397,1.21875,0.454045
0.0458465,0.294456,-2.74919,-3.5449,838935253,-1.19891,-0.484291,0.397732,-1.20356,-0.486438,0.375905,-1.19398,-0.506116,0.375905,-1.18938,-0.503874,0.397732,-1.40114,-0.578422,0.454045,-1.40659,-0.580938,0.428462,-1.39533,-0.604085,0.428462,-1.38993,-0.601458,0.454045
-0.119409,0.294711,-2.73202,-3.17464,838935254,-1.18919,-0.504253,0.397732,-1.1938,-0.506494,0.375905,-1.18423,-0.526172,0.375905,-1.17967,-0.523835,0.397732,-1.38975,-0.601836,0.454045,-1.39515,-0.604464,0.428462,-1.38388,-0.627611,0.428462,-1.37854,-0.624873,0.454045
-0.0137573,0.294463,-2.71467,-3.04716,838935255,-1.18146,-0.525361,0.397732,-1.18603,-0.527668,0.375905,-1.17577,-0.547,0.375905,-1.17125,-0.544598,0.397732,-1.38028,-0.626496,0.454045,-1.38564,-0.629201,0.428462,-1.37357,-0.651941,0.428462,-1.36827,-0.649127,0.454045
0.148766,0.311851,1.5816,-19.9342,838935653,-0.00295761,1.2928,0.421251,-0.0032291,1.29828,0.399514,-0.0250608,1.29678,0.399514,-0.024684,1.2913,0.421251,-0.0143741,1.5146,0.48129,-0.0146923,1.52102,0.455811,-0.0403739,1.51925,0.455811,-0.0399322,1.51284,0.48129
0.136396,0.311825,1.85771,-55.0716,838935669,-0.355319,1.24317,0.421251,-0.357092,1.24836,0.399514,-0.377663,1.2409,0.399514,-0.37579,1.23574,0.421251,-0.427473,1.45321,0.48129,-0.429552,1.4593,0.455811,-0.453749,1.45052,0.455811,-0.451555,1.44447,0.48129
0.0465864,0.311806,-2.74918,-4.19884,838935765,-1.19891,-0.484291,0.421251,-1.20389,-0.486598,0.399514,-1.19431,-0.506275,0.399514,-1.18938,-0.503874,0.421251,-1.40026,-0.577995,0.48129,-1.4061,-0.580698,0.455811,-1.39484,-0.603846,0.455811,-1.38905,-0.601032,0.48129
0.183131,0.312075,-2.73201,-17.2585,838935766,-1.18919,-0.504253,0.421251,-1.19413,-0.506654,0.399514,-1.18455,-0.526331,0.399514,-1.17967,-0.523835,0.421251,-1.38887,-0.60141,0.48129,-1.39465,-0.604224,0.455811,-1.38339,-0.627372,0.455811,-1.37766,-0.624446,0.48129
1.02833,0.311813,-2.71466,2.51124,838935767,-1.18146,-0.52536,0.421251,-1.18635,-0.527839,0.399514,-1.1761,-0.54717,0.399514,-1.17125,-0.544598,0.421251,-1.37942,-0.62604,0.48129,-1.38516,-0.628945,0.455811,-1.37309,-0.651685,0.455811,-1.36741,-0.648671,0.48129
1.13412,0.312118,-2.62847,0.810277,838935772,-1.13056,-0.624381,0.421251,-1.13522,-0.627285,0.399514,-1.12363,-0.645853,0.399514,-1.11903,-0.64286,0.421251,-1.31898,-0.741893,0.48129,-1.32443,-0.745297,0.455811,-1.31081,-0.76714,0.455811,-1.30542,-0.763631,0.48129
0.191937,0.311851,-2.60719,-26.9562,838935773,-1.11812,-0.64896,0.421251,-1.12273,-0.651937,0.399514,-1.11051,-0.670092,0.399514,-1.10596,-0.667028,0.421251,-1.30449,-0.769747,0.48129,-1.3099,-0.773235,0.455811,-1.29553,-0.794592,0.455811,-1.29019,-0.791001,0.48129
0.0994272,0.329438,1.63329,-11.2796,838936168,-0.0696529,1.28971,0.444874,-0.0702582,1.29553,0.423231,-0.0920242,1.29327,0.423231,-0.0913138,1.28746,0.444874,-0.0925218,1.50955,0.508621,-0.0932314,1.51637,0.483254,-0.118836,1.51371,0.483254,-0.118003,1.5069,0.508621
0.165029,0.329152,1.65064,10.3186,838936169,-0.0921345,1.28966,0.444874,-0.0928381,1.29547,0.423231,-0.114512,1.29245,0.423231,-0.113703,1.28666,0.444874,-0.118863,1.5091,0.508621,-0.119688,1.51591,0.483254,-0.145184,1.51235,0.483254,-0.144236,1.50556,0.508621
0.139086,0.329425,1.6678,0.933514,838936170,-0.11412,1.2866,0.444874,-0.114928,1.29239,0.423231,-0.136602,1.28937,0.423231,-0.135689,1.28359,0.444874,-0.144653,1.5055,0.508621,-0.145601,1.51229,0.483254,-0.171096,1.50874,0.483254,-0.170026,1.50196,0.508621
0.0958372,0.329414,1.73683,34.0302,838936174,-0.202593,1.27572,0.444874,-0.203804,1.28144,0.423231,-0.225213,1.27691,0.423231,-0.223899,1.27121,0.444874,-0.248333,1.49196,0.508621,-0.249752,1.49867,0.483254,-0.274937,1.49334,0.483254,-0.273397,1.48665,0.508621
0.121026,0.329138,-2.74917,-22.8466,838936277,-1.19891,-0.484291,0.444874,-1.20421,-0.486756,0.423231,-1.19464,-0.506434,0.423231,-1.18938,-0.503874,0.444874,-1.39933,-0.577542,0.508621,-1.40555,-0.580431,0.483254,-1.39429,-0.603579,0.483254,-1.38812,-0.600579,0.508621
-0.0512224,0.329421,-2.732,-3.49153,838936278,-1.18919,-0.504253,0.444874,-1.19445,-0.506812,0.423231,-1.18488,-0.52649,0.423231,-1.17967,-0.523835,0.444874,-1.38794,-0.600957,0.508621,-1.3941,-0.603957,0.483254,-1.38284,-0.627105,0.483254,-1.37673,-0.623993,0.508621
0.0216806,0.329146,-2.71465,-2.88899,838936279,-1.18146,-0.52536,0.444874,-1.18667,-0.528009,0.423231,-1.17642,-0.547341,0.423231,-1.17125,-0.544598,0.444874,-1.3785,-0.625554,0.508621,-1.38462,-0.628659,0.483254,-1.37255,-0.651399,0.483254,-1.36649,-0.648185,0.508621
0.229022,0.329466,-2.62846,12.0849,838936284,-1.13056,-0.624381,0.444874,-1.13552,-0.627477,0.423231,-1.12394,-0.646045,0.423231,-1.11903,-0.64286,0.444874,-1.3181,-0.741345,0.508621,-1.32392,-0.744974,0.483254,-1.31029,-0.766816,0.483254,-1.30454,-0.763082,0.508621
0.156514,0.346797,1.56034,27.2273,838936676,0.0245494,1.29128,0.468607,0.0243379,1.29749,0.447065,0.00246721,1.29675,0.447065,0.00278422,1.29054,0.468606,0.0170623,1.51108,0.536045,0.0168144,1.51836,0.510795,-0.00891301,1.51748,0.510795,-0.00854144,1.51021,0.536045
0.122266,0.346768,1.63329,-16.398,838936680,-0.0696529,1.28971,0.468606,-0.0702956,1.29589,0.447065,-0.0920616,1.29363,0.447065,-0.0913138,1.28746,0.468606,-0.0924082,1.50846,0.536045,-0.0931616,1.5157,0.510795,-0.118766,1.51304,0.510795,-0.117889,1.50581,0.536045
0.164977,0.346467,1.65064,21.0008,838936681,-0.0921345,1.28966,0.468607,-0.0928881,1.29583,0.447065,-0.114562,1.29281,0.447065,-0.113703,1.28666,0.468606,-0.118712,1.50801,0.536045,-0.119595,1.51524,0.510795,-0.145091,1.51168,0.510795,-0.144085,1.50447,0.536045
0.097046,0.346755,1.66781,-1.66451,838936682,-0.11412,1.2866,0.468606,-0.114978,1.29275,0.447065,-0.136652,1.28973,0.447065,-0.135689,1.28359,0.468606,-0.144501,1.50441,0.536045,-0.145507,1.51163,0.510795,-0.171003,1.50807,0.510795,-0.169874,1.50087,0.536045
0.182334,0.346451,1.71967,-2.64261,838936685,-0.180875,1.28031,0.468607,-0.182057,1.28641,0.447065,-0.203467,1.28188,0.447065,-0.202181,1.27581,0.468606,-0.22263,1.49627,0.536045,-0.224016,1.50342,0.510795,-0.249201,1.49809,0.510795,-0.247694,1.49097,0.536045
0.144059,0.346746,2.05139,24.5384,838936704,-0.587342,1.15043,0.468606,-0.590443,1.15581,0.447065,-0.609405,1.14489,0.447065,-0.606213,1.13956,0.468606,-0.697111,1.341,0.536045,-0.700746,1.34731,0.510795,-0.723052,1.33446,0.510795,-0.719311,1.32821,0.536045
0.103109,0.346743,2.0859,15.5825,838936706,-0.626697,1.12949,0.468606,-0.629983,1.13476,0.447065,-0.648553,1.12319,0.447065,-0.645177,1.11797,0.468607,-0.743055,1.31611,0.536045,-0.746907,1.32229,0.510795,-0.768752,1.30867,0.510795,-0.764794,1.30256,0.536045
-0.0626856,0.346453,-2.74916,-2.61193,838936789,-1.19891,-0.484291,0.468607,-1.20454,-0.486915,0.447065,-1.19496,-0.506592,0.447065,-1.18938,-0.503874,0.468606,-1.39834,-0.577062,0.536045,-1.40495,-0.580136,0.510795,-1.39368,-0.603284,0.510795,-1.38713,-0.600098,0.536045
-0.024699,0.34675,-2.732,-3.67476,838936790,-1.18919,-0.504253,0.468607,-1.19478,-0.506971,0.447065,-1.18521,-0.526648,0.447065,-1.17967,-0.523835,0.468606,-1.38695,-0.600476,0.536045,-1.3935,-0.603662,0.510795,-1.38224,-0.62681,0.510795,-1.37574,-0.623513,0.536045
-0.0227344,0.346462,-2.71465,-3.28874,838936791,-1.18146,-0.52536,0.468607,-1.18699,-0.528179,0.447065,-1.17674,-0.54751,0.447065,-1.17125,-0.544598,0.468606,-1.37753,-0.62504,0.536045,-1.38402,-0.628343,0.510795,-1.37196,-0.651083,0.510795,-1.36552,-0.647671,0.536045
-0.0583103,0.346451,-2.46912,-2.15604,838936805,-1.01835,-0.796798,0.468606,-1.02304,-0.800872,0.447065,-1.00841,-0.817149,0.447065,-1.00379,-0.812997,0.468606,-1.18449,-0.940939,0.536045,-1.18999,-0.945714,0.510795,-1.17279,-0.964861,0.510795,-1.16737,-0.959994,0.536045
-0.0158758,0.346743,-2.45196,-2.54835,838936806,-1.00351,-0.81331,0.468606,-1.00813,-0.817462,0.447065,-0.993502,-0.833739,0.447065,-0.988952,-0.829508,0.468606,-1.16709,-0.960307,0.536045,-1.17251,-0.965174,0.510795,-1.1553,-0.984321,0.510795,-1.14997,-0.979362,0.536045
-0.0333663,0.346449,-2.43461,-1.14879,838936807,-0.990253,-0.831468,0.468607,-0.994799,-0.835703,0.447065,-0.979613,-0.851459,0.447065,-0.97514,-0.847148,0.468606,-1.15127,-0.981323,0.536045,-1.15659,-0.986287,0.510795,-1.13873,-1.00482,0.510795,-1.13349,-0.999769,0.536045
0.172262,0.346744,-2.41744,13.8171,838936808,-0.974847,-0.847451,0.468606,-0.97932,-0.851762,0.447065,-0.964134,-0.867519,0.447065,-0.959734,-0.863131,0.468607,-1.13319,-1.00007,0.536045,-1.13844,-1.00512,0.510795,-1.12057,-1.02366,0.510795,-1.11542,-1.01852,0.536045
0.0414667,0.346453,-2.40009,-1.4405,838936809,-0.960966,-0.865135,0.468606,-0.965361,-0.869527,0.447065,-0.949634,-0.884743,0.447065,-0.945314,-0.880278,0.468607,-1.11665,-1.02052,0.536045,-1.1218,-1.02567,0.510795,-1.1033,-1.04357,0.510795,-1.09823,-1.03834,0.536045
-0.00471793,0.34675,-2.38293,-1.64687,838936810,-0.945012,-0.880571,0.468607,-0.949332,-0.885035,0.447065,-0.933604,-0.900251,0.447065,-0.92936,-0.895713,0.468606,-1.09793,-1.03863,0.536045,-1.103,-1.04386,0.510795,-1.08449,-1.06176,0.510795,-1.07952,-1.05644,0.536045
0.0343441,0.346475,-2.33107,91.3347,838936813,-0.898956,-0.9293,0.468606,-0.903034,-0.933987,0.447065,-0.886283,-0.948068,0.447065,-0.882285,-0.943313,0.468607,-1.04341,-1.09518,0.536045,-1.04819,-1.10067,0.510795,-1.02848,-1.11723,0.510795,-1.0238,-1.11166,0.536045
0.285007,0.363816,1.68516,41.3294,838937195,-0.136586,1.28576,0.492617,-0.137593,1.2923,0.471046,-0.159178,1.28852,0.471046,-0.158036,1.282,0.492617,-0.170685,1.50192,0.563617,-0.171859,1.50954,0.538467,-0.197143,1.50511,0.538467,-0.195812,1.49752,0.563617
0.160763,0.36381,1.71967,1.53566,838937197,-0.180874,1.28031,0.492617,-0.182109,1.28681,0.471046,-0.203549,1.28228,0.471046,-0.202181,1.27581,0.492617,-0.222502,1.49515,0.563617,-0.223941,1.50272,0.538467,-0.249056,1.49741,0.538467,-0.24746,1.48987,0.563617
-0.0217594,0.36381,-2.46912,-3.8808,838937317,-1.01835,-0.796798,0.492617,-1.02336,-0.801117,0.471046,-1.00871,-0.817417,0.471046,-1.00379,-0.812996,0.492617,-1.18358,-0.940266,0.563617,-1.18943,-0.945301,0.538468,-1.17227,-0.964395,0.538468,-1.16653,-0.959241,0.563617
0.26002,0.364116,-2.45194,-1.7557,838937318,-1.00351,-0.81331,0.492617,-1.00843,-0.817731,0.471046,-0.993779,-0.834031,0.471046,-0.988951,-0.829509,0.492617,-1.16625,-0.959555,0.563617,-1.17199,-0.964709,0.538468,-1.15483,-0.983802,0.538468,-1.1492,-0.97853,0.563617
0.613258,0.363809,-2.4346,-0.335322,838937319,-0.990253,-0.831468,0.492617,-0.99511,-0.835959,0.471046,-0.979902,-0.851737,0.471046,-0.97514,-0.847148,0.492617,-1.15038,-0.980619,0.563617,-1.15604,-0.985855,0.538467,-1.13823,-1.00434,0.538468,-1.13268,-0.998987,0.563617
0.113366,0.364117,-2.41743,-37.9953,838937320,-0.974847,-0.847452,0.492617,-0.979609,-0.852041,0.471046,-0.964401,-0.86782,0.471046,-0.959734,-0.863132,0.492617,-1.13238,-0.999291,0.563617,-1.13794,-1.00464,0.538467,-1.12012,-1.02312,0.538468,-1.11468,-1.01766,0.563617
0.0776848,0.363813,-2.40009,5.57705,838937321,-0.960966,-0.865135,0.492617,-0.965663,-0.869793,0.471046,-0.949913,-0.88503,0.471046,-0.945315,-0.880277,0.492617,-1.11579,-1.01979,0.563617,-1.12126,-1.02522,0.538468,-1.10281,-1.04307,0.538468,-1.09745,-1.03753,0.563617
-0.0241262,0.364123,-2.38292,-3.41481,838937322,-0.945011,-0.880571,0.492617,-0.94961,-0.885324,0.471046,-0.93386,-0.900562,0.471046,-0.92936,-0.895714,0.492617,-1.09715,-1.03782,0.563617,-1.10251,-1.04336,0.538467,-1.08406,-1.06121,0.538468,-1.07881,-1.05556,0.563617
0.223241,0.381217,1.30159,-8.65596,838937685,0.354514,1.2434,0.51674,0.356102,1.25018,0.49528,0.334671,1.25476,0.49528,0.333217,1.24795,0.51674,0.40363,1.45543,0.591284,0.405483,1.46334,0.566263,0.380379,1.4687,0.566264,0.378683,1.46076,0.591284
0.127546,0.381519,1.4223,25.0856,838937692,0.202045,1.27581,0.51674,0.202779,1.28273,0.49528,0.180987,1.28504,0.49528,0.180388,1.2781,0.51674,0.225,1.49221,0.591284,0.225856,1.50028,0.566263,0.200329,1.50299,0.566263,0.199632,1.4949,0.591284
0.284912,0.381565,1.5988,4.36937,838937702,-0.0251045,1.29127,0.51674,-0.0255827,1.29822,0.49528,-0.0474456,1.29672,0.49528,-0.0468309,1.28978,0.51674,-0.0400477,1.50838,0.591284,-0.0406052,1.51648,0.566263,-0.0662147,1.51471,0.566263,-0.065498,1.50663,0.591284
0.175401,0.381245,2.24132,35.1204,838937739,-0.794705,1.0198,0.51674,-0.799258,1.02507,0.49528,-0.815556,1.01042,0.49528,-0.810901,1.00524,0.51674,-0.937404,1.18414,0.591284,-0.942713,1.19029,0.566263,-0.961804,1.17313,0.566263,-0.956377,1.16709,0.591284
0.0966645,0.381199,-2.46911,-2.50188,838937829,-1.01835,-0.796798,0.51674,-1.02362,-0.80135,0.49528,-1.00897,-0.81765,0.49528,-1.00379,-0.812996,0.51674,-1.18271,-0.939476,0.591284,-1.18885,-0.944783,0.566263,-1.17169,-0.963877,0.566263,-1.16565,-0.958451,0.591284
0.356008,0.381517,-2.45194,1.3101,838937830,-1.00351,-0.81331,0.51674,-1.00869,-0.817964,0.49528,-0.994039,-0.834265,0.49528,-0.988951,-0.829509,0.51674,-1.16537,-0.958765,0.591284,-1.17141,-0.964191,0.566263,-1.15425,-0.983285,0.566263,-1.14832,-0.97774,0.591284
1.69125,0.381197,-2.4346,0.556467,838937831,-0.990253,-0.831467,0.51674,-0.995361,-0.836201,0.49528,-0.980153,-0.85198,0.49528,-0.97514,-0.847148,0.51674,-1.14953,-0.979799,0.591284,-1.15549,-0.985318,0.566263,-1.13767,-1.0038,0.566263,-1.13183,-0.998167,0.591284
0.418357,0.381519,-2.41743,-0.919851,838937832,-0.974847,-0.847452,0.51674,-0.97986,-0.852284,0.49528,-0.964652,-0.868062,0.49528,-0.959734,-0.863132,0.51674,-1.13153,-0.998471,0.591284,-1.13738,-1.0041,0.566263,-1.11956,-1.02259,0.566263,-1.11383,-1.01684,0.591284
-0.053236,0.381201,-2.40008,-2.75645,838937833,-0.960966,-0.865135,0.51674,-0.965906,-0.870044,0.49528,-0.950156,-0.885282,0.49528,-0.945315,-0.880277,0.51674,-1.11496,-1.01894,0.591284,-1.12072,-1.02466,0.566263,-1.10228,-1.04251,0.566263,-1.09663,-1.03668,0.591284
0.0364352,0.381525,-2.38291,-2.00128,838937834,-0.945011,-0.880571,0.51674,-0.949853,-0.885575,0.49528,-0.934103,-0.900813,0.49528,-0.92936,-0.895714,0.51674,-1.09633,-1.03697,0.591284,-1.10197,-1.0428,0.566263,-1.08352,-1.06065,0.566263,-1.07799,-1.05471,0.591284
-0.0871037,0.381211,-2.36557,-2.37389,838937835,-0.930522,-0.897758,0.51674,-0.935287,-0.902837,0.49528,-0.919015,-0.917516,0.49528,-0.914351,-0.912345,0.51674,-1.07905,-1.05685,0.591284,-1.08461,-1.06277,0.566263,-1.06555,-1.07996,0.566263,-1.06011,-1.07393,0.591284
-0.0392305,0.381537,-2.3484,-3.62529,838937836,-0.914037,-0.912628,0.51674,-0.918701,-0.917798,0.49528,-0.902429,-0.932477,0.49528,-0.897866,-0.927215,0.51674,-1.0598,-1.07422,0.591284,-1.06524,-1.08024,0.566263,-1.04618,-1.09744,0.566263,-1.04086,-1.0913,0.591284
0.108422,0.398914,1.31877,-3.3596,838938198,0.332804,1.24804,0.540994,0.334331,1.25519,0.51965,0.3129,1.25977,0.51965,0.311506,1.25259,0.540994,0.378011,1.45964,0.619063,0.379792,1.46798,0.594177,0.354688,1.47334,0.594177,0.353064,1.46497,0.619063
0.0132626,0.398569,-2.4691,-3.62493,838938341,-1.01835,-0.796798,0.540994,-1.02388,-0.801582,0.51965,-1.00923,-0.817883,0.51965,-1.00379,-0.812996,0.540994,-1.18178,-0.938648,0.619063,-1.18823,-0.944226,0.594177,-1.17107,-0.96332,0.594177,-1.16473,-0.957623,0.619063
-0.0293428,0.3989,-2.45193,-3.51944,838938342,-1.00351,-0.81331,0.540994,-1.00895,-0.818197,0.51965,-0.994298,-0.834497,0.51965,-0.988951,-0.829509,0.540994,-1.16445,-0.957937,0.619063,-1.17079,-0.963634,0.594177,-1.15363,-0.982727,0.594177,-1.1474,-0.976912,0.619063
0.121029,0.398567,-2.43459,-1.56303,838938343,-0.990253,-0.831467,0.540994,-0.995612,-0.836442,0.51965,-0.980404,-0.852221,0.51965,-0.97514,-0.847148,0.540994,-1.14864,-0.978939,0.619063,-1.15488,-0.984739,0.594177,-1.13707,-1.00322,0.594177,-1.13093,-0.997307,0.619063
0.0721765,0.398902,-2.41742,-3.22658,838938344,-0.974847,-0.847452,0.540994,-0.98011,-0.852525,0.51965,-0.964902,-0.868304,0.51965,-0.959734,-0.863132,0.540994,-1.13064,-0.997611,0.619063,-1.13678,-1.00353,0.594177,-1.11896,-1.02201,0.594177,-1.11294,-1.01598,0.619063
0.0262386,0.398571,-2.40007,-1.20522,838938345,-0.960966,-0.865135,0.540994,-0.966148,-0.870293,0.51965,-0.950398,-0.885531,0.51965,-0.945315,-0.880277,0.540994,-1.1141,-1.01805,0.619063,-1.12014,-1.02406,0.594177,-1.1017,-1.04191,0.594177,-1.09577,-1.03579,0.619063
0.0928149,0.398909,-2.38291,-1.37826,838938346,-0.945011,-0.880571,0.540994,-0.950095,-0.885825,0.51965,-0.934345,-0.901063,0.51965,-0.92936,-0.895714,0.540994,-1.09547,-1.03608,0.619063,-1.10139,-1.04221,0.594177,-1.08294,-1.06005,0.594177,-1.07713,-1.05382,0.619063
0.0408664,0.398581,-2.36556,-3.13664,838938347,-0.930522,-0.897758,0.540994,-0.93552,-0.903095,0.51965,-0.919248,-0.917774,0.51965,-0.914351,-0.912345,0.540994,-1.07822,-1.05593,0.619063,-1.08405,-1.06215,0.594177,-1.06499,-1.07934,0.594177,-1.05928,-1.07301,0.619063
-0.0576519,0.398921,-2.34839,-2.80257,838938348,-0.914037,-0.912628,0.540994,-0.918934,-0.918056,0.51965,-0.902661,-0.932735,0.51965,-0.897866,-0.927215,0.540994,-1.05897,-1.0733,0.619063,-1.06468,-1.07963,0.594177,-1.04562,-1.09682,0.594177,-1.04003,-1.09038,0.619063
0.203711,0.416306,1.17679,-28.8216,838938702,0.506049,1.18833,0.565387,0.508674,1.19552,0.544164,0.488087,1.20303,0.544164,0.485591,1.19579,0.565387,0.579789,1.39037,0.646959,0.58285,1.39876,0.622215,0.558736,1.40756,0.622215,0.555825,1.39912,0.646959
0.142174,0.415959,1.26709,-12.1839,838938707,0.39719,1.23036,0.565387,0.399183,1.23776,0.544164,0.377925,1.24308,0.544164,0.376065,1.23565,0.565387,0.453066,1.43809,0.646959,0.45539,1.44671,0.622215,0.430489,1.45295,0.622215,0.42832,1.44429,0.646959
0.040351,0.415921,-2.46909,-1.30857,838938853,-1.01835,-0.796798,0.565387,-1.02413,-0.801814,0.544164,-1.00948,-0.818114,0.544164,-1.00379,-0.812996,0.565387,-1.18082,-0.937781,0.646959,-1.18757,-0.943629,0.622215,-1.17041,-0.962723,0.622215,-1.16377,-0.956756,0.646959
-0.0531184,0.416266,-2.45193,-1.87079,838938854,-1.00351,-0.81331,0.565387,-1.0092,-0.818428,0.544164,-0.994555,-0.834728,0.544164,-0.988951,-0.829509,0.565387,-1.16349,-0.95707,0.646959,-1.17013,-0.963037,0.622215,-1.15297,-0.98213,0.622215,-1.14644,-0.976045,0.646959
-0.0872756,0.41592,-2.43458,-2.44595,838938855,-0.990253,-0.831468,0.565387,-0.99586,-0.836682,0.544164,-0.980652,-0.852461,0.544164,-0.97514,-0.847148,0.565387,-1.1477,-0.978039,0.646959,-1.15424,-0.984119,0.622215,-1.13643,-1.0026,0.622215,-1.13,-0.996407,0.646959
0.119182,0.416267,-2.41741,-11.5108,838938856,-0.974847,-0.847452,0.565387,-0.980359,-0.852765,0.544164,-0.965151,-0.868544,0.544164,-0.959734,-0.863132,0.565387,-1.12971,-0.996711,0.646959,-1.13613,-1.00291,0.622215,-1.11832,-1.02139,0.622215,-1.112,-1.01508,0.646959
-0.066443,0.415924,-2.40007,-2.14971,838938857,-0.960966,-0.865135,0.565387,-0.966388,-0.870542,0.544164,-0.950639,-0.88578,0.544164,-0.945315,-0.880277,0.565387,-1.1132,-1.01712,0.646959,-1.11952,-1.02342,0.622215,-1.10107,-1.04127,0.622215,-1.09487,-1.03485,0.646959
0.319387,0.416274,-2.3829,-8.90987,838938858,-0.945011,-0.880571,0.565387,-0.950335,-0.886073,0.544164,-0.934585,-0.901311,0.544164,-0.92936,-0.895714,0.565387,-1.09456,-1.03515,0.646959,-1.10077,-1.04156,0.622215,-1.08232,-1.05941,0.622215,-1.07623,-1.05289,0.646959
-0.0412508,0.415934,-2.36555,-1.8557,838938859,-0.930522,-0.897758,0.565387,-0.935751,-0.903352,0.544164,-0.919479,-0.91803,0.544164,-0.914351,-0.912345,0.565387,-1.07736,-1.05496,0.646959,-1.08345,-1.06149,0.622215,-1.06439,-1.07868,0.622215,-1.05841,-1.07205,0.646959
0.0336263,0.416287,-2.34839,-2.17967,838938860,-0.914037,-0.912628,0.565387,-0.919165,-0.918313,0.544164,-0.902893,-0.932992,0.544164,-0.897867,-0.927215,0.565387,-1.0581,-1.07233,0.646959,-1.06408,-1.07896,0.622215,-1.04502,-1.09616,0.622215,-1.03916,-1.08942,0.646959
0.219603,0.433277,1.65068,-23.6836,838939241,-0.0921338,1.28966,0.589926,-0.0931032,1.29761,0.568831,-0.114808,1.29458,0.56883,-0.113703,1.28666,0.589926,-0.117962,1.50186,0.67498,-0.119092,1.51112,0.650384,-0.144516,1.50757,0.650384,-0.143228,1.49834,0.67498
-0.0366406,0.433616,-2.41741,-2.75689,838939368,-0.974847,-0.847452,0.589926,-0.980607,-0.853003,0.56883,-0.965399,-0.868782,0.56883,-0.959734,-0.863132,0.589926,-1.12873,-0.995772,0.67498,-1.13545,-1.00224,0.650384,-1.11763,-1.02073,0.650384,-1.11103,-1.01414,0.67498
0.0253218,0.43326,-2.40006,-1.82516,838939369,-0.960966,-0.865135,0.589926,-0.966627,-0.870789,0.568831,-0.950877,-0.886027,0.56883,-0.945315,-0.880277,0.589926,-1.11226,-1.01614,0.67498,-1.11886,-1.02274,0.650384,-1.10041,-1.04059,0.650384,-1.09393,-1.03388,0.67498
0.0719716,0.433623,-2.3829,-12.42,838939370,-0.945011,-0.880571,0.589926,-0.950574,-0.88632,0.568831,-0.934824,-0.901558,0.56883,-0.92936,-0.895714,0.589926,-1.09362,-1.03418,0.67498,-1.10011,-1.04088,0.650384,-1.08166,-1.05873,0.650384,-1.07529,-1.05191,0.67498
-0.0884772,0.43327,-2.36555,-1.9758,838939371,-0.930522,-0.897758,0.589926,-0.935982,-0.903607,0.568831,-0.919709,-0.918285,0.56883,-0.914351,-0.912345,0.589926,-1.07645,-1.05396,0.67498,-1.08282,-1.06078,0.650384,-1.06375,-1.07797,0.650384,-1.05751,-1.07105,0.67498
-0.0428201,0.433636,-2.34838,-1.9903,838939372,-0.914037,-0.912628,0.589926,-0.919396,-0.918568,0.56883,-0.903123,-0.933247,0.568831,-0.897867,-0.927215,0.589926,-1.05719,-1.07133,0.67498,-1.06344,-1.07826,0.650384,-1.04438,-1.09545,0.650384,-1.03825,-1.08842,0.67498
0.00501336,0.455653,-2.4174,-2.40873,838939880,-0.974846,-0.847452,0.621349,-0.980851,-0.85324,0.60039,-0.965623,-0.869039,0.60039,-0.959733,-0.863132,0.621349,-1.12776,-0.994834,0.709718,-1.13472,-1.00154,0.685425,-1.11697,-1.01996,0.685425,-1.11014,-1.01311,0.709718
-0.0320138,0.455281,-2.40006,-2.46356,838939881,-0.960967,-0.865134,0.621348,-0.966885,-0.871013,0.60039,-0.951114,-0.886271,0.60039,-0.945315,-0.880277,0.621349,-1.11123,-1.01526,0.709718,-1.11809,-1.02207,0.685425,-1.09971,-1.03986,0.685425,-1.09299,-1.03291,0.709718
-0.0103067,0.45566,-2.38288,-2.23258,838939882,-0.945011,-0.880572,0.621349,-0.95081,-0.886565,0.60039,-0.935039,-0.901823,0.60039,-0.929359,-0.895714,0.621349,-1.09268,-1.0332,0.709718,-1.0994,-1.04015,0.685425,-1.08102,-1.05793,0.685425,-1.07444,-1.05085,0.709718
0.0545669,0.455292,-2.36554,-1.90645,838939883,-0.930522,-0.897758,0.621349,-0.936231,-0.90384,0.60039,-0.919938,-0.918537,0.60039,-0.914352,-0.912345,0.621349,-1.07545,-1.05304,0.709718,-1.08207,-1.06009,0.685425,-1.06308,-1.07722,0.685425,-1.0566,-1.07004,0.709718
0.0564876,0.455674,-2.34837,52.0604,838939884,-0.914037,-0.912629,0.621348,-0.919623,-0.918821,0.60039,-0.903329,-0.933519,0.60039,-0.897866,-0.927216,0.621349,-1.05629,-1.07033,0.709718,-1.06276,-1.0775,0.685425,-1.04377,-1.09463,0.685425,-1.03744,-1.08733,0.709718
0.104127,0.47296,1.28428,-2.64743,838940244,0.375654,1.23576,0.646197,0.377759,1.24416,0.62537,0.356474,1.24949,0.62537,0.354529,1.24105,0.646196,0.426912,1.44041,0.737862,0.429352,1.45015,0.713722,0.404543,1.45637,0.713722,0.402288,1.44658,0.737862
0.173999,0.47254,2.10329,4.16725,838940291,-0.646879,1.11959,0.646197,-0.651581,1.12687,0.62537,-0.669784,1.11462,0.62537,-0.664946,1.10743,0.646196,-0.761695,1.29662,0.737862,-0.767145,1.30506,0.713722,-0.788361,1.29078,0.713722,-0.782753,1.28245,0.737862
0.197975,0.489808,1.30163,-7.25274,838940757,0.354515,1.2434,0.671209,0.356554,1.25215,0.65052,0.335095,1.25674,0.65052,0.333217,1.24795,0.671209,0.401816,1.44754,0.766148,0.40418,1.45769,0.742167,0.379169,1.46304,0.742167,0.376992,1.45285,0.766148
0.162352,0.490188,1.35331,-15.5585,838940760,0.289549,1.25881,0.671209,0.291118,1.26766,0.65052,0.269513,1.2715,0.65052,0.268106,1.26262,0.671209,0.326141,1.46512,0.766148,0.32796,1.47537,0.742167,0.302778,1.47984,0.742167,0.301147,1.46955,0.766148
0.250432,0.489786,1.37066,-13.1632,838940761,0.267927,1.26496,0.671209,0.269351,1.27384,0.65052,0.247624,1.27691,0.65052,0.246364,1.26801,0.671209,0.300862,1.47191,0.766148,0.302512,1.4822,0.742167,0.277189,1.48578,0.742167,0.275729,1.47547,0.766148
0.554353,0.507012,1.37066,3.14327,838941273,0.267927,1.26496,0.696394,0.269396,1.27416,0.675848,0.247669,1.27723,0.675848,0.246364,1.26801,0.696394,0.300652,1.47042,0.794583,0.302354,1.48108,0.770768,0.277031,1.48466,0.770768,0.275518,1.47398,0.794583
0.155827,0.54145,1.26713,-23.4478,838942291,0.397192,1.23036,0.747269,0.399787,1.23994,0.727072,0.378476,1.24528,0.727072,0.376066,1.23565,0.747269,0.450343,1.42832,0.851731,0.453333,1.43935,0.828468,0.428633,1.44553,0.828468,0.425857,1.43445,0.851731
0.149389,0.558572,1.8578,-11.9388,838942837,-0.355317,1.24317,0.772956,-0.358624,1.25284,0.752908,-0.379274,1.24534,0.752908,-0.375788,1.23574,0.772956,-0.421447,1.43552,0.880443,-0.425256,1.44665,0.857352,-0.44919,1.43797,0.857352,-0.445175,1.4269,0.880443
0.164203,0.627031,1.23264,0.498554,838944849,0.439387,1.21584,0.877931,0.442764,1.22679,0.858414,0.421628,1.23287,0.858414,0.41846,1.22187,0.877931,0.497002,1.40397,0.997136,0.500864,1.41649,0.974812,0.476515,1.4235,0.974812,0.472891,1.41091,0.997136
0.127548,0.627502,1.59888,7.26719,838944870,-0.0251074,1.29127,0.877931,-0.0258937,1.3027,0.858414,-0.0478358,1.30119,0.858414,-0.0468338,1.28978,0.877931,-0.038616,1.48753,0.997136,-0.0395154,1.5006,0.974811,-0.0647936,1.49886,0.974811,-0.0636474,1.48581,0.997136
0.168973,0.661221,1.47426,16.1865,838945887,0.135756,1.28585,0.931978,0.136402,1.29783,0.912793,0.114422,1.29862,0.912793,0.113992,1.28663,0.931978,0.145987,1.47889,1.05669,0.146726,1.49259,1.03475,0.121404,1.4935,1.03475,0.120913,1.47979,1.05669
0.11502,0.678333,1.99982,-1.83526,838946429,-0.527666,1.18038,0.959363,-0.533223,1.19132,0.940349,-0.552653,1.18101,0.940349,-0.546905,1.17017,0.959363,-0.614467,1.35111,1.08679,-0.620824,1.36362,1.06504,-0.643208,1.35175,1.06504,-0.636633,1.33935,1.08679
0.260825,0.764536,-1.30107,52.1645,838949160,0.333344,-1.24789,1.10098,0.337544,-1.26086,1.08273,0.35849,-1.25407,1.08273,0.354062,-1.24118,1.10098,0.389563,-1.42145,1.24107,0.394333,-1.43618,1.22034,0.41831,-1.42841,1.22034,0.413282,-1.41377,1.24107
0.388269,0.763986,-0.236526,-3.07713,838949221,1.25427,-0.313873,1.10098,1.26765,-0.316488,1.08273,1.27149,-0.294808,1.08273,1.25807,-0.29243,1.10098,1.43336,-0.348817,1.24107,1.44855,-0.351786,1.22034,1.45295,-0.326969,1.22034,1.43771,-0.324268,1.24107
0.181094,0.781125,1.54333,-29.5544,838949475,0.0467398,1.29204,1.13017,0.046507,1.30591,1.11211,0.0245023,1.30516,1.11211,0.0249747,1.2913,1.13017,0.043745,1.47259,1.2727,0.0434806,1.48834,1.25218,0.0182918,1.48748,1.25218,0.0188282,1.47174,1.2727
0.208498,0.781047,1.78884,3.31839,838949489,-0.268742,1.26479,1.13017,-0.272322,1.27819,1.11211,-0.293493,1.27214,1.11211,-0.289681,1.25881,1.13017,-0.315313,1.43926,1.2727,-0.319379,1.45448,1.25218,-0.343612,1.44755,1.25218,-0.339285,1.43241,1.2727
0.131625,0.781649,-1.30106,46.9266,838949672,0.333344,-1.24789,1.13017,0.337619,-1.26109,1.11211,0.358565,-1.2543,1.11211,0.354062,-1.24118,1.13017,0.38898,-1.41965,1.2727,0.393835,-1.43464,1.25218,0.417811,-1.42687,1.25218,0.412698,-1.41197,1.2727
0.144062,0.781145,-0.512642,14.4248,838949717,1.12107,-0.643842,1.13017,1.13343,-0.650152,1.11211,1.1431,-0.630373,1.11211,1.13064,-0.624279,1.13017,1.28188,-0.725998,1.2727,1.29591,-0.733164,1.25218,1.30698,-0.710523,1.25218,1.29283,-0.703602,1.2727
0.503846,0.80392,0.586258,38.0189,838949932,1.08209,0.705182,1.16882,1.09365,0.713559,1.15074,1.08071,0.731403,1.15074,1.06931,0.722815,1.16882,1.22679,0.810077,1.31362,1.23982,0.819519,1.29324,1.22511,0.839811,1.29324,1.21226,0.830129,1.31362
0.329393,0.803299,0.987175,46.9477,838949955,0.721847,1.07274,1.16882,0.729222,1.08497,1.15074,0.710146,1.09601,1.15074,0.702997,1.08365,1.16882,0.81395,1.22593,1.31362,0.822264,1.23971,1.29324,0.800572,1.25226,1.29324,0.792514,1.23834,1.31362
0.159849,0.820549,-1.17625,40.1935,838950703,0.486593,-1.19782,1.19895,0.492699,-1.21098,1.18106,0.512519,-1.20134,1.18106,0.506177,-1.1883,1.19895,0.561268,-1.35818,1.34602,0.568151,-1.37301,1.32584,0.590689,-1.36204,1.32584,0.58354,-1.34735,1.34602
0.295503,0.837724,-1.17624,41.6824,838951215,0.486593,-1.19782,1.22941,0.492798,-1.21118,1.21169,0.512618,-1.20154,1.21169,0.506177,-1.1883,1.22941,0.560444,-1.35649,1.3787,0.567439,-1.37154,1.35874,0.589977,-1.36058,1.35874,0.582716,-1.34565,1.3787
0.190016,0.854824,0.289058,33.6441,838951451,1.24251,0.357776,1.26018,1.25666,0.362629,1.24266,1.24914,0.383347,1.24266,1.23509,0.378248,1.26018,1.40623,0.413995,1.41169,1.42217,0.419465,1.39194,1.41362,0.443025,1.39194,1.39778,0.437277,1.41169
0.193197,0.855455,1.49149,36.7737,838951520,0.113562,1.28665,1.26018,0.114097,1.30159,1.24266,0.0920714,1.30238,1.24266,0.0917983,1.28743,1.26018,0.119759,1.4596,1.41169,0.120363,1.47645,1.39194,0.0953161,1.47734,1.39194,0.0950083,1.46049,1.41169
0.273042,0.85547,2.68066,17.7499,838951588,-1.15175,0.58453,1.26018,-1.1654,0.590625,1.24266,-1.17439,0.5705,1.24266,-1.16063,0.564645,1.26018,-1.30979,0.655093,1.41169,-1.32517,0.661964,1.39194,-1.33539,0.639079,1.39194,-1.31988,0.632478,1.41169
0.248933,0.854862,-0.2365,-7.72816,838951781,1.25427,-0.313874,1.26018,1.26895,-0.316742,1.24266,1.2728,-0.29504,1.24266,1.25807,-0.292431,1.26018,1.42417,-0.347021,1.41169,1.44071,-0.350253,1.39194,1.44508,-0.325575,1.39194,1.42849,-0.322634,1.41169
0.484884,0.872059,0.185513,-47.7747,838951957,1.27265,0.227399,1.2913,1.28743,0.230799,1.27397,1.28213,0.25219,1.27397,1.2674,0.248536,1.2913,1.43946,0.265717,1.445,1.45613,0.269549,1.42546,1.45009,0.293874,1.42546,1.43349,0.289755,1.445
0.100781,0.871961,-0.409068,18.03,838952283,1.18179,-0.5246,1.2913,1.19596,-0.53005,1.27397,1.20352,-0.509346,1.27397,1.18926,-0.504143,1.2913,1.34152,-0.586101,1.445,1.35748,-0.592244,1.42546,1.36608,-0.568701,1.42546,1.35001,-0.562836,1.445
0.0992833,0.889757,-0.0773352,-3.0693,838952454,1.28687,-0.111022,1.32289,1.30229,-0.111577,1.30571,1.30308,-0.0895321,1.30571,1.28765,-0.0892582,1.32289,1.45604,-0.117106,1.47862,1.4733,-0.117726,1.45939,1.4742,-0.0928264,1.45939,1.45693,-0.0925198,1.47862
0.118638,0.889116,0.0435421,20.9611,838952461,1.29224,0.0450282,1.32289,1.30762,0.0463477,1.30571,1.30534,0.0682877,1.30571,1.28999,0.0666888,1.32289,1.46091,0.0597571,1.47862,1.47812,0.0612336,1.45939,1.47554,0.0860157,1.45939,1.45836,0.0842266,1.47862
-0.0536147,0.889848,0.164271,100.068,838952468,1.27593,0.200059,1.32289,1.29103,0.203255,1.30571,1.28646,0.224836,1.30571,1.27142,0.221365,1.32289,1.44154,0.235114,1.47862,1.45844,0.23869,1.45939,1.45328,0.263066,1.45939,1.43645,0.259182,1.47862
0.117529,0.906887,0.0262103,-19.7349,838952972,1.29151,0.0225723,1.3548,1.30711,0.023648,1.3378,1.30559,0.0456544,1.3378,1.29001,0.0442985,1.3548,1.45853,0.0340903,1.51253,1.47598,0.035294,1.4935,1.47427,0.0601511,1.4935,1.45684,0.0586338,1.51253
-0.0300975,0.906347,0.147096,95.0966,838952979,1.28053,0.178328,1.3548,1.29588,0.181291,1.3378,1.29132,0.202872,1.3378,1.27602,0.199634,1.3548,1.4449,0.210233,1.51253,1.46208,0.213549,1.4935,1.45692,0.237925,1.4935,1.43981,0.234302,1.51253
0.216216,0.906253,1.05623,52.1746,838953031,0.64616,1.12001,1.3548,0.653281,1.13393,1.3378,0.633464,1.14362,1.3378,0.626596,1.12957,1.3548,0.722233,1.26917,1.51253,0.730201,1.28475,1.4935,0.707817,1.2957,1.4935,0.700131,1.27998,1.51253
0.16481,0.906957,-1.61557,25.9456,838953238,-0.0690922,-1.28974,1.3548,-0.069106,-1.30538,1.3378,-0.0470473,-1.3054,1.3378,-0.0473144,-1.28976,1.3548,-0.0692399,-1.45716,1.51253,-0.0692554,-1.47466,1.4935,-0.0443393,-1.47468,1.4935,-0.0446381,-1.45718,1.51253
0.207829,0.924053,2.88777,-25.8925,838953648,-1.24738,0.335259,1.38705,-1.26287,0.338566,1.37024,-1.26747,0.316994,1.37024,-1.25193,0.313962,1.38705,-1.40926,0.369821,1.54677,-1.42659,0.373522,1.52795,-1.43179,0.349155,1.52795,-1.41439,0.345762,1.54677
0.143592,0.92339,-0.758123,15.5608,838953799,0.931099,-0.897161,1.38705,0.943041,-0.907569,1.37024,0.957238,-0.890686,1.37024,0.945115,-0.880492,1.38705,1.05597,-1.00585,1.54677,1.06934,-1.0175,1.52795,1.08537,-0.998425,1.52795,1.07181,-0.987019,1.54677
0.166779,0.923383,-0.305514,3.74418,838953825,1.22971,-0.39966,1.38705,1.24501,-0.403778,1.37024,1.25036,-0.38238,1.37024,1.235,-0.378534,1.38705,1.3896,-0.442594,1.54677,1.40671,-0.447203,1.52795,1.41276,-0.423032,1.52795,1.39557,-0.418728,1.54677
0.111069,0.924029,-0.288338,16.471,838953826,1.2351,-0.378112,1.38705,1.25047,-0.381958,1.37024,1.25582,-0.36056,1.37024,1.24039,-0.356986,1.38705,1.39568,-0.418307,1.54677,1.41287,-0.422611,1.52795,1.41892,-0.39844,1.52795,1.40165,-0.394441,1.54677
0.146738,0.924053,-0.253823,-29.2352,838953828,1.24738,-0.335259,1.38705,1.26287,-0.338566,1.37024,1.26747,-0.316994,1.37024,1.25193,-0.313962,1.38705,1.40926,-0.369821,1.54677,1.42659,-0.373522,1.52795,1.43179,-0.349155,1.52795,1.41439,-0.345762,1.54677
0.155884,0.941121,0.689835,42.6845,838954034,1.0035,0.813315,1.41968,1.01543,0.824035,1.40306,1.00069,0.840442,1.40306,0.988947,0.829513,1.41968,1.1252,0.922672,1.58135,1.13855,0.934667,1.56275,1.12189,0.9532,1.56275,1.10875,0.940971,1.58135
0.207312,0.940479,-0.374538,-9.67508,838954333,1.19922,-0.48352,1.41968,1.21438,-0.488759,1.40306,1.22122,-0.467786,1.40306,1.20597,-0.462815,1.41968,1.3539,-0.536917,1.58135,1.37086,-0.542779,1.56275,1.37858,-0.51909,1.56275,1.36152,-0.513527,1.58135
0.158234,0.941122,-0.357363,-2.51612,838954334,1.2061,-0.462402,1.41968,1.22135,-0.467373,1.40306,1.22819,-0.446401,1.40306,1.21285,-0.441697,1.41968,1.36166,-0.513114,1.58135,1.37872,-0.518676,1.56275,1.38644,-0.494987,1.56275,1.36928,-0.489724,1.58135
0.0136836,0.957563,-0.025468,-4.19808,838954505,1.29227,-0.0442037,1.45268,1.30851,-0.0439339,1.43625,1.30776,-0.0218879,1.43625,1.29153,-0.0224385,1.45268,1.45395,-0.0415433,1.6163,1.47211,-0.0412414,1.59791,1.47127,-0.0163396,1.59791,1.45311,-0.0169557,1.6163
0.0715767,0.958212,-0.00829377,-31.358,838954506,1.29152,-0.0220041,1.45268,1.30774,-0.0214535,1.43625,1.30699,0.000592482,1.43625,1.29078,-0.000238841,1.45268,1.4531,-0.0165213,1.6163,1.47125,-0.0159052,1.59791,1.47041,0.0089966,1.59791,1.45226,0.00806633,1.6163
0.0413527,0.95756,0.00904625,-4.59117,838954507,1.29304,0.000412475,1.45268,1.30925,0.00124914,1.43625,1.30773,0.0232556,1.43625,1.29154,0.0221387,1.45268,1.45452,0.00871789,1.6163,1.47266,0.00965414,1.59791,1.47095,0.0345112,1.59791,1.45283,0.0332614,1.6163
0.0905645,0.958215,0.0262201,26.9321,838954508,1.29151,0.0225723,1.45268,1.3077,0.0236891,1.43625,1.30619,0.0456956,1.43625,1.29001,0.0442985,1.45268,1.4528,0.033695,1.6163,1.47092,0.0349448,1.59791,1.46921,0.0598019,1.59791,1.4511,0.0582385,1.6163
0.0146673,0.957569,0.0435607,-4.16663,838954509,1.29224,0.0450282,1.45268,1.30842,0.0464307,1.43625,1.30613,0.0683707,1.43625,1.28999,0.0666888,1.45268,1.45334,0.0589685,1.6163,1.47144,0.0605379,1.59791,1.46886,0.0853199,1.59791,1.45079,0.0834379,1.6163
-0.0366966,0.958229,0.0607345,-4.1963,838954510,1.28994,0.0671211,1.45268,1.30609,0.068803,1.43625,1.3038,0.090743,1.43625,1.28768,0.0887817,1.45268,1.45074,0.0838702,1.6163,1.46881,0.0857522,1.59791,1.46623,0.110534,1.59791,1.44819,0.10834,1.6163
-0.0448923,0.958253,0.0952496,-4.13717,838954512,1.28682,0.111588,1.45268,1.3029,0.113833,1.43625,1.29985,0.13568,1.43625,1.28381,0.133157,1.45268,1.44694,0.133943,1.6163,1.46493,0.136455,1.59791,1.46148,0.161132,1.59791,1.44354,0.158308,1.6163
0.0631537,0.97469,-0.0254654,-3.05199,838955017,1.29227,-0.0442049,1.48631,1.30881,-0.0439426,1.46997,1.30806,-0.0218789,1.46997,1.29153,-0.0224396,1.48631,1.4521,-0.0414432,1.65172,1.47047,-0.0411518,1.63357,1.46963,-0.0163962,1.63357,1.45127,-0.0170191,1.65172
-0.0277996,0.975346,-0.00828465,-3.58581,838955018,1.29152,-0.022003,1.48631,1.30804,-0.0214423,1.46997,1.30729,0.000621403,1.46997,1.29078,-0.000237678,1.48631,1.45126,-0.0165825,1.65172,1.46962,-0.0159597,1.63357,1.46878,0.00879584,1.63357,1.45043,0.00784156,1.65172
0.380852,0.974688,0.00904889,1.77355,838955019,1.29304,0.000411371,1.48631,1.30955,0.00125098,1.46997,1.30803,0.0232751,1.46997,1.29154,0.0221376,1.48631,1.45267,0.00875364,1.65172,1.47102,0.00968629,1.63357,1.46932,0.0343974,1.63357,1.45099,0.0331338,1.65172
0.145448,0.975349,0.0262293,-10.2349,838955020,1.29151,0.0225734,1.48631,1.308,0.0237109,1.46997,1.30648,0.045735,1.46997,1.29001,0.0442996,1.48631,1.45096,0.0335697,1.65172,1.46929,0.0348332,1.63357,1.46758,0.0595443,1.63357,1.44928,0.0579499,1.65172
0.189676,0.974696,0.0435634,-4.33875,838955021,1.29224,0.0450271,1.48631,1.30872,0.046443,1.46997,1.30643,0.0684006,1.46997,1.28999,0.0666877,1.48631,1.45149,0.0589398,1.65172,1.46979,0.0605125,1.63357,1.46723,0.0851491,1.63357,1.44896,0.0832464,1.65172
0.0877273,0.975363,0.0607437,8.32894,838955022,1.28994,0.0671222,1.48631,1.30639,0.0688351,1.46997,1.3041,0.0907927,1.46997,1.28768,0.0887828,1.48631,1.44891,0.0836808,1.65172,1.46718,0.0855836,1.63357,1.46462,0.11022,1.63357,1.44638,0.107987,1.65172
0.0161541,0.975387,0.0952589,-3.30648,838955024,1.28682,0.111589,1.48631,1.30319,0.113875,1.46997,1.30014,0.13574,1.46997,1.28381,0.133158,1.48631,1.44512,0.13369,1.65172,1.46331,0.13623,1.63357,1.45988,0.160761,1.63357,1.44174,0.157893,1.65172
0.191935,0.991855,-0.059976,0.753024,838955527,1.28995,-0.0887672,1.52031,1.30666,-0.0890827,1.50416,1.30669,-0.0670063,1.50416,1.28997,-0.0669894,1.52031,1.44792,-0.0915875,1.68749,1.46649,-0.091938,1.66955,1.46652,-0.0671682,1.66955,1.44795,-0.0671494,1.68749
0.161331,0.991841,-0.0254613,5.46313,838955529,1.29227,-0.0442049,1.52031,1.30899,-0.0439364,1.50416,1.30824,-0.0218727,1.50416,1.29153,-0.0224396,1.52031,1.45025,-0.0415061,1.68749,1.46882,-0.0412079,1.66955,1.46798,-0.0164524,1.66955,1.44942,-0.0170821,1.68749
-0.00852285,0.992503,-0.0082817,-1.84607,838955530,1.29152,-0.022003,1.52031,1.30822,-0.0214361,1.50416,1.30747,0.000627565,1.50416,1.29078,-0.000237689,1.52031,1.4494,-0.0166455,1.68749,1.46796,-0.0160158,1.66955,1.46712,0.00873972,1.66955,1.44857,0.00777859,1.68749
4.08233,0.991839,0.00905305,0.0497785,838955531,1.29304,0.000411358,1.52031,1.30973,0.00126348,1.50416,1.30821,0.0232876,1.50416,1.29154,0.0221376,1.52031,1.45082,0.0086259,1.68749,1.46937,0.00957244,1.66955,1.46766,0.0342835,1.66955,1.44914,0.0330061,1.68749
0.305104,0.992506,0.0262323,-7.97909,838955532,1.29151,0.0225734,1.52031,1.30818,0.0237233,1.50416,1.30666,0.0457474,1.50416,1.29001,0.0442996,1.52031,1.44911,0.0334419,1.68749,1.46763,0.0347193,1.66955,1.46593,0.0594304,1.66955,1.44743,0.0578221,1.68749
0.0256597,0.991847,0.0435675,-1.93042,838955533,1.29224,0.0450271,1.52031,1.3089,0.0464618,1.50416,1.30661,0.0684195,1.50416,1.28999,0.0666877,1.52031,1.44964,0.0587474,1.68749,1.46815,0.0603412,1.66955,1.46558,0.0849777,1.66955,1.44711,0.083054,1.68749
-0.00246236,0.99252,0.0607467,-2.61781,838955534,1.28994,0.0671222,1.52031,1.30657,0.0688539,1.50416,1.30428,0.0908115,1.50416,1.28768,0.0887828,1.52031,1.44707,0.0834885,1.68749,1.46554,0.0854121,1.66955,1.46297,0.110049,1.66955,1.44454,0.107795,1.68749
-0.0761835,0.991866,0.0780827,-1.87494,838955535,1.28989,0.0895879,1.52031,1.30649,0.0916034,1.50416,1.30343,0.113468,1.50416,1.28688,0.111156,1.52031,1.44672,0.108797,1.68749,1.46515,0.111036,1.66955,1.46173,0.135568,1.66955,1.44334,0.133001,1.68749
0.106446,0.992545,0.0952619,28.0949,838955536,1.28682,0.111589,1.52031,1.30337,0.1139,1.50416,1.30032,0.135765,1.50416,1.28381,0.133158,1.52031,1.44328,0.133433,1.68749,1.46167,0.136001,1.66955,1.45824,0.160533,1.66955,1.4399,0.157637,1.68749
-1.5152e-05,0.991897,0.112599,-2.25135,838955537,1.28598,0.134039,1.52031,1.3025,0.136633,1.50416,1.29868,0.158378,1.50416,1.28222,0.15549,1.52031,1.44204,0.158714,1.68749,1.46039,0.161596,1.66955,1.45611,0.185993,1.66955,1.43782,0.182785,1.68749
-0.0637887,0.992581,0.129779,-2.33618,838955538,1.28215,0.15592,1.52031,1.29861,0.158808,1.50416,1.2948,0.180552,1.50416,1.27838,0.17737,1.52031,1.43775,0.183215,1.68749,1.45604,0.186423,1.66955,1.45176,0.210821,1.66955,1.43352,0.207286,1.68749
0.267006,0.991938,1.19431,44.2858,838955599,0.485828,1.19813,1.52031,0.491291,1.21393,1.50416,0.470301,1.22077,1.50416,0.465121,1.20488,1.52031,0.537303,1.34751,1.68749,0.543372,1.36506,1.66955,0.519821,1.37274,1.66955,0.514068,1.35508,1.68749
0.0266656,1.00897,-0.0254572,63.5333,838956041,1.29227,-0.0442049,1.55471,1.30917,-0.0439303,1.53874,1.30842,-0.0218666,1.53874,1.29153,-0.0224396,1.55471,1.44837,-0.0415698,1.72364,1.46714,-0.0412648,1.70591,1.4663,-0.0165093,1.70591,1.44754,-0.0171457,1.72364
-0.0242978,1.00964,-0.00827879,-3.48102,838956042,1.29152,-0.0220029,1.55471,1.3084,-0.0214301,1.53874,1.30765,0.000633627,1.53874,1.29078,-0.000237668,1.55471,1.44753,-0.0167091,1.72364,1.46628,-0.0160727,1.70591,1.46545,0.00868282,1.70591,1.4467,0.00771498,1.72364
0.0646032,1.00897,0.00905717,-28.9368,838956043,1.29304,0.000411374,1.55471,1.30991,0.00127579,1.53874,1.30839,0.0232999,1.53874,1.29154,0.0221376,1.55471,1.44895,0.00849683,1.72364,1.4677,0.00945704,1.70591,1.46599,0.0341681,1.70591,1.44727,0.032877,1.72364
-0.0447488,1.00964,0.0262352,-1.89434,838956044,1.29151,0.0225734,1.55471,1.30836,0.0237357,1.53874,1.30684,0.0457598,1.53874,1.29001,0.0442996,1.55471,1.44724,0.0333129,1.72364,1.46596,0.0346039,1.70591,1.46426,0.059315,1.70591,1.44556,0.0576931,1.72364
-0.0734691,1.00897,0.0435717,-2.80408,838956045,1.29224,0.0450271,1.55471,1.30908,0.0464804,1.53874,1.30679,0.068438,1.53874,1.28999,0.0666877,1.55471,1.44778,0.058553,1.72364,1.46648,0.0601674,1.70591,1.46391,0.0848039,1.70591,1.44525,0.0828596,1.72364
0.0167811,1.00965,0.0607496,-3.04608,838956046,1.28994,0.0671222,1.55471,1.30674,0.0688725,1.53874,1.30446,0.0908301,1.53874,1.28768,0.0887828,1.55471,1.4452,0.0832941,1.72364,1.46387,0.0852384,1.70591,1.4613,0.109875,1.70591,1.44267,0.107601,1.72364
0.0894728,1.00899,0.0780868,-14.1729,838956047,1.28989,0.0895879,1.55471,1.30666,0.0916282,1.53874,1.30361,0.113493,1.53874,1.28688,0.111156,1.55471,1.44486,0.108538,1.72364,1.46349,0.110804,1.70591,1.46007,0.135336,1.70591,1.44148,0.132741,1.72364
-0.0628102,1.00968,0.0952649,-2.8295,838956048,1.28682,0.111589,1.55471,1.30355,0.113925,1.53874,1.3005,0.13579,1.53874,1.28381,0.133158,1.55471,1.44142,0.133174,1.72364,1.46001,0.135769,1.70591,1.45658,0.160301,1.70591,1.43804,0.157377,1.72364
0.0315282,1.00902,0.112603,-3.16732,838956049,1.28598,0.134039,1.55471,1.30268,0.136664,1.53874,1.29886,0.158409,1.53874,1.28222,0.15549,1.55471,1.4402,0.15839,1.72364,1.45874,0.161306,1.70591,1.45446,0.185703,1.70591,1.43597,0.182461,1.72364
-0.0726287,1.00971,0.129782,-3.77425,838956050,1.28215,0.15592,1.55471,1.29879,0.158839,1.53874,1.29497,0.180583,1.53874,1.27838,0.17737,1.55471,1.4359,0.182891,1.72364,1.45438,0.186133,1.70591,1.4501,0.210531,1.70591,1.43168,0.206962,1.72364
0.145948,1.00974,0.900857,45.7006,838956094,0.810778,1.00531,1.55471,0.820723,1.01897,1.53874,0.802878,1.03197,1.53874,0.793173,1.01813,1.55471,0.90267,1.1315,1.72364,0.913717,1.14667,1.70591,0.893694,1.16126,1.70591,0.882915,1.14589,1.72364
0.16279,1.00966,-1.47357,40.218,838956318,0.114128,-1.2866,1.55471,0.116462,-1.30333,1.53874,0.138327,-1.30028,1.53874,0.135697,-1.28359,1.55471,0.135693,-1.4412,1.72364,0.138285,-1.45979,1.70591,0.162817,-1.45637,1.70591,0.159896,-1.43783,1.72364
0.139112,1.02609,-0.059968,-13.0165,838956551,1.28995,-0.0887672,1.58952,1.30702,-0.089083,1.57374,1.30704,-0.0670066,1.57374,1.28997,-0.0669894,1.58952,1.44415,-0.0915838,1.76019,1.46311,-0.0919345,1.74266,1.46314,-0.0671647,1.74266,1.44418,-0.0671457,1.76019
-0.0749947,1.02607,-0.0254532,-2.34107,838956553,1.29227,-0.0442049,1.58952,1.30934,-0.0439243,1.57374,1.30859,-0.0218606,1.57374,1.29153,-0.0224396,1.58952,1.44648,-0.0416341,1.76019,1.46544,-0.0413224,1.74266,1.4646,-0.0165668,1.74266,1.44565,-0.0172101,1.76019
0.190895,1.02675,-0.00827592,-6.81152,838956554,1.29152,-0.022003,1.58952,1.30858,-0.021424,1.57374,1.30783,0.000639739,1.57374,1.29078,-0.000237776,1.58952,1.44563,-0.0167735,1.76019,1.46459,-0.0161302,1.74266,1.46375,0.00862532,1.74266,1.44481,0.00765057,1.76019
0.50865,1.02607,0.00906125,-1.82355,838956555,1.29304,0.000411322,1.58952,1.31009,0.00128805,1.57374,1.30857,0.0233121,1.57374,1.29154,0.0221375,1.58952,1.44706,0.00836634,1.76019,1.466,0.00934022,1.74266,1.4643,0.0340513,1.74266,1.44538,0.0327465,1.76019
0.136658,1.02675,0.0262381,17.1077,838956556,1.29151,0.0225733,1.58952,1.30854,0.023748,1.57374,1.30702,0.0457721,1.57374,1.29001,0.0442995,1.58952,1.44535,0.0331823,1.76019,1.46427,0.0344871,1.74266,1.46256,0.0591982,1.74266,1.44367,0.0575625,1.76019
0.000316374,1.02608,0.0435758,-2.38861,838956557,1.29224,0.045027,1.58952,1.30925,0.0464988,1.57374,1.30697,0.0684564,1.57374,1.28999,0.0666876,1.58952,1.44589,0.0583565,1.76019,1.46479,0.0599915,1.74266,1.46222,0.084628,1.74266,1.44336,0.0826631,1.76019
0.0588699,1.02677,0.0607526,-2.09945,838956558,1.28994,0.0671221,1.58952,1.30692,0.0688909,1.57374,1.30463,0.0908485,1.57374,1.28768,0.0887827,1.58952,1.44332,0.0830976,1.76019,1.46218,0.0850624,1.74266,1.45961,0.109699,1.74266,1.44078,0.107404,1.76019
0.36186,1.0261,0.078091,0.144474,838956559,1.28989,0.0895878,1.58952,1.30684,0.0916528,1.57374,1.30379,0.113517,1.57374,1.28688,0.111156,1.58952,1.44298,0.108276,1.76019,1.46181,0.110569,1.74266,1.45838,0.135101,1.74266,1.4396,0.132479,1.76019
0.568033,1.02679,0.0952679,-1.90039,838956560,1.28682,0.111589,1.58952,1.30373,0.11395,1.57374,1.30067,0.135814,1.57374,1.28381,0.133158,1.58952,1.43954,0.132912,1.76019,1.45832,0.135534,1.74266,1.4549,0.160066,1.74266,1.43616,0.157115,1.76019
-0.00964402,1.02613,0.112607,-2.30522,838956561,1.28598,0.134039,1.58952,1.30285,0.136695,1.57374,1.29904,0.158439,1.57374,1.28222,0.15549,1.58952,1.43833,0.158062,1.76019,1.45707,0.161013,1.74266,1.45279,0.18541,1.74266,1.43411,0.182133,1.76019
0.00552111,1.02683,0.129785,-1.14659,838956562,1.28215,0.15592,1.58952,1.29896,0.15887,1.57374,1.29515,0.180614,1.57374,1.27838,0.17737,1.58952,1.43403,0.182563,1.76019,1.45271,0.18584,1.74266,1.44843,0.210237,1.74266,1.42981,0.206634,1.76019
0.27781,1.02675,1.07344,48.8812,838956616,0.626204,1.12976,1.58952,0.633703,1.1451,1.57374,0.61387,1.1548,1.57374,0.60664,1.13933,1.58952,0.693937,1.2683,1.76019,0.702266,1.28534,1.74266,0.680014,1.29622,1.74266,0.671982,1.27903,1.76019
0.397588,1.04328,-0.163515,-3.93667,838957057,1.27367,-0.221587,1.62476,1.29079,-0.223706,1.60917,1.29312,-0.201753,1.60917,1.27597,-0.199931,1.62476,1.42483,-0.240317,1.79714,1.44384,-0.24267,1.77982,1.44646,-0.218039,1.77982,1.42741,-0.216015,1.79714
-0.0400715,1.04386,0.0607555,-1.89796,838957070,1.28994,0.0671221,1.62476,1.30709,0.0689091,1.60917,1.30481,0.0908667,1.60917,1.28768,0.0887827,1.62476,1.44141,0.0828993,1.79714,1.46047,0.0848842,1.77982,1.4579,0.109521,1.77982,1.43888,0.107206,1.79714
0.111765,1.04319,0.0780951,-54.0132,838957071,1.28989,0.0895878,1.62476,1.30701,0.091677,1.60917,1.30396,0.113541,1.60917,1.28688,0.111156,1.62476,1.44109,0.108011,1.79714,1.46011,0.110331,1.77982,1.45668,0.134863,1.77982,1.43771,0.132214,1.79714
0.117829,1.04388,0.0952708,14.3515,838957072,1.28682,0.111589,1.62476,1.3039,0.113974,1.60917,1.30085,0.135838,1.60917,1.28381,0.133158,1.62476,1.43765,0.132647,1.79714,1.45662,0.135296,1.77982,1.4532,0.159828,1.77982,1.43427,0.15685,1.79714
0.0210459,1.04322,0.112611,-46.7596,838957073,1.28598,0.134039,1.62476,1.30302,0.136725,1.60917,1.29921,0.15847,1.60917,1.28222,0.15549,1.62476,1.43644,0.157732,1.79714,1.45537,0.160715,1.77982,1.45109,0.185112,1.77982,1.43222,0.181802,1.79714
0.0678877,1.04392,0.129787,-1.99904,838957074,1.28215,0.15592,1.62476,1.29913,0.1589,1.60917,1.29532,0.180644,1.60917,1.27838,0.17737,1.62476,1.43215,0.182232,1.79714,1.45102,0.185543,1.77982,1.44674,0.20994,1.77982,1.42792,0.206303,1.79714
0.150928,1.04326,-0.551002,-26.2551,838957395,1.09557,-0.6865,1.62476,1.11065,-0.694874,1.60917,1.12103,-0.675391,1.60917,1.10581,-0.66728,1.62476,1.22872,-0.760459,1.79714,1.24547,-0.769761,1.77982,1.25712,-0.7479,1.77982,1.24021,-0.738892,1.79714
0.325518,1.04397,-0.18476,-10.5217,838957416,1.2674,-0.248397,1.62476,1.28448,-0.250812,1.60917,1.28757,-0.228954,1.60917,1.27045,-0.226834,1.62476,1.41819,-0.269721,1.79714,1.43716,-0.272404,1.77982,1.44063,-0.247878,1.77982,1.42162,-0.245524,1.79714
0.199686,1.06042,-0.163513,6.45719,838957569,1.27367,-0.221589,1.66072,1.29109,-0.223756,1.64521,1.29343,-0.201786,1.64521,1.27597,-0.199933,1.66072,1.42305,-0.239968,1.83468,1.44226,-0.242357,1.81758,1.44486,-0.21787,1.81758,1.42561,-0.215826,1.83468
0.110331,1.061,0.0607645,-38.5767,838957582,1.28994,0.0671233,1.66072,1.3074,0.0689417,1.64521,1.30511,0.0909158,1.64521,1.28768,0.0887839,1.66072,1.43961,0.0827132,1.83468,1.45887,0.0847185,1.81758,1.45631,0.109211,1.81758,1.4371,0.10686,1.83468
0.00165828,1.06033,0.0780982,-3.96252,838957583,1.28989,0.0895868,1.66072,1.30732,0.0917018,1.64521,1.30426,0.113582,1.64521,1.28688,0.111155,1.66072,1.43927,0.107919,1.83468,1.45849,0.110251,1.81758,1.45509,0.13464,1.81758,1.43592,0.131963,1.83468
0.0496881,1.06103,0.0952799,-3.37638,838957584,1.28682,0.11159,1.66072,1.3042,0.114017,1.64521,1.30115,0.135898,1.64521,1.28381,0.133159,1.66072,1.43586,0.132398,1.83468,1.45503,0.135075,1.81758,1.45162,0.159463,1.81758,1.4325,0.156443,1.83468
-0.102445,1.06036,0.112615,-3.06613,838957585,1.28598,0.134038,1.66072,1.30333,0.136761,1.64521,1.29951,0.158521,1.64521,1.28222,0.155488,1.66072,1.43464,0.157576,1.83468,1.45376,0.160578,1.81758,1.44951,0.184833,1.81758,1.43044,0.181489,1.83468
0.103801,1.06107,0.129797,8.88688,838957586,1.28215,0.155921,1.66072,1.29943,0.158954,1.64521,1.29562,0.180714,1.64521,1.27838,0.177371,1.66072,1.43037,0.181921,1.83468,1.44943,0.185266,1.81758,1.44518,0.209521,1.81758,1.42617,0.205834,1.83468
0.31717,1.06107,0.478862,47.9319,838957606,1.15149,0.585037,1.66072,1.1667,0.5938,1.64521,1.15567,0.612943,1.64521,1.14062,0.603907,1.66072,1.28188,0.660164,1.83468,1.29865,0.669827,1.81758,1.28636,0.691164,1.81758,1.26976,0.6812,1.83468
0.107388,1.06031,-0.305483,3.70004,838957921,1.22971,-0.399662,1.66072,1.24666,-0.40423,1.64521,1.25203,-0.382798,1.64521,1.235,-0.378536,1.66072,1.37508,-0.438629,1.83468,1.39377,-0.443666,1.81758,1.39975,-0.419778,1.81758,1.38098,-0.415078,1.83468
0.478163,1.07749,-0.0599574,-4.07414,838958087,1.28995,-0.0887682,1.6971,1.30766,-0.0891013,1.68178,1.30768,-0.0670084,1.68178,1.28997,-0.0669904,1.6971,1.43861,-0.0914188,1.87262,1.45814,-0.091786,1.85572,1.45816,-0.0671609,1.85572,1.43863,-0.0671411,1.87262
0.0183758,1.07817,0.0262527,97.6063,838958092,1.29151,0.0225745,1.6971,1.30918,0.0237931,1.68178,1.30766,0.0458336,1.68178,1.29001,0.0443007,1.6971,1.43982,0.0328021,1.87262,1.4593,0.0341459,1.85572,1.45761,0.0587127,1.85572,1.43815,0.0570223,1.87262
0.12663,1.07827,-0.49539,3.43568,838958422,1.13083,-0.623888,1.6971,1.14674,-0.631671,1.68178,1.15645,-0.611824,1.68178,1.1404,-0.604325,1.6971,1.26438,-0.689203,1.87262,1.28192,-0.697785,1.85572,1.29274,-0.675664,1.85572,1.27504,-0.667394,1.87262
0.187893,1.07822,-0.460873,15.7779,838958424,1.15175,-0.584527,1.6971,1.16793,-0.591749,1.68178,1.17694,-0.571576,1.68178,1.16063,-0.564642,1.6971,1.2875,-0.645138,1.87262,1.30534,-0.653102,1.85572,1.31538,-0.630616,1.85572,1.2974,-0.62297,1.87262
0.208227,1.07748,-0.305479,-8.7097,838958433,1.22971,-0.399662,1.6971,1.24682,-0.404269,1.68178,1.25218,-0.382837,1.68178,1.235,-0.378536,1.6971,1.37332,-0.438187,1.87262,1.39218,-0.443267,1.85572,1.39816,-0.419379,1.85572,1.37921,-0.414636,1.87262
0.184136,1.09462,0.00907561,-3.75795,838958603,1.29304,0.000410261,1.73393,1.31089,0.0013255,1.71879,1.30937,0.0233661,1.71879,1.29154,0.0221365,1.73393,1.43968,0.00801749,1.91098,1.45937,0.00902675,1.89429,1.45767,0.0335936,1.89429,1.43801,0.0322377,1.91098
0.227096,1.0954,-2.66272,21.7863,838958810,-1.15149,-0.585037,1.73393,-1.16698,-0.59396,1.71879,-1.15595,-0.613102,1.71879,-1.14062,-0.603907,1.73393,-1.27871,-0.658337,1.91098,-1.29579,-0.668176,1.89429,-1.2835,-0.689513,1.89429,-1.26659,-0.679373,1.91098
0.209894,1.09462,-2.11983,21.586,838958841,-0.684419,-1.09704,1.73393,-0.693103,-1.11266,1.71879,-0.673606,-1.12305,1.71879,-0.6652,-1.10728,1.73393,-0.755683,-1.22543,1.91098,-0.765259,-1.24266,1.89429,-0.743527,-1.25424,1.89429,-0.734258,-1.23685,1.91098
0.186008,1.09542,-0.495388,-3.30989,838958934,1.13083,-0.623888,1.73393,1.14689,-0.631741,1.71879,1.15659,-0.611894,1.71879,1.1404,-0.604325,1.73393,1.26273,-0.688396,1.91098,1.28043,-0.697055,1.89429,1.29125,-0.674934,1.89429,1.27339,-0.666587,1.91098
0.0954063,1.09463,-0.40902,5.31941,838958939,1.18179,-0.524603,1.73393,1.19847,-0.531029,1.71879,1.20605,-0.510276,1.71879,1.18926,-0.504146,1.73393,1.31885,-0.577308,1.91098,1.33725,-0.584394,1.89429,1.34569,-0.561262,1.89429,1.32718,-0.554503,1.91098
0.135893,1.09532,-0.391839,16.0266,838958940,1.18941,-0.503734,1.73393,1.2062,-0.509863,1.71879,1.21378,-0.489111,1.71879,1.19688,-0.483277,1.73393,1.32733,-0.55409,1.91098,1.34584,-0.56085,1.89429,1.35429,-0.537718,1.89429,1.33566,-0.531285,1.91098
0.105631,1.11253,0.129805,-6.54632,838959122,1.28214,0.155921,1.77121,1.2999,0.159036,1.75626,1.29609,0.180797,1.75626,1.27838,0.177371,1.77121,1.42494,0.180969,1.94979,1.44452,0.184404,1.9333,1.44026,0.208659,1.9333,1.42074,0.204881,1.94979
0.436674,1.11258,-1.93007,26.9734,838959364,-0.464705,-1.20502,1.77121,-0.470291,-1.22216,1.75626,-0.449285,-1.229,1.75626,-0.443999,-1.21176,1.77121,-0.509621,-1.34285,1.94979,-0.515781,-1.36176,1.9333,-0.492368,-1.36938,1.9333,-0.486538,-1.35037,1.94979
0.103292,1.12957,0.060775,10.5366,838959630,1.28994,0.0671233,1.80898,1.30803,0.0690071,1.79421,1.30574,0.0909811,1.79421,1.28768,0.0887839,1.80898,1.43227,0.0819484,1.98905,1.45221,0.0840257,1.97277,1.44966,0.108518,1.97277,1.42976,0.106095,1.98905
0.118498,1.1296,-0.602841,35.6742,838959952,1.05749,-0.741668,1.80898,1.0729,-0.751318,1.79421,1.08463,-0.732593,1.79421,1.06905,-0.72321,1.80898,1.17878,-0.81761,1.98905,1.19577,-0.828251,1.97277,1.20884,-0.80738,1.97277,1.19166,-0.797033,1.98905
0.109213,1.12964,-0.568324,-10.1142,838959954,1.0824,-0.704705,1.80898,1.09814,-0.713811,1.79421,1.10921,-0.694687,1.79421,1.09331,-0.685854,1.80898,1.20627,-0.776364,1.98905,1.22363,-0.786406,1.97277,1.23596,-0.76509,1.97277,1.21843,-0.75535,1.98905
0.128888,1.12887,-0.270953,-8.38574,838959971,1.24274,-0.356984,1.80898,1.26046,-0.361089,1.79421,1.26507,-0.339483,1.79421,1.24729,-0.335687,1.80898,1.38217,-0.389309,1.98905,1.4017,-0.393835,1.97277,1.40684,-0.369753,1.97277,1.38723,-0.365566,1.98905
0.113974,1.15194,-0.35731,-13.72,838960478,1.2061,-0.462399,1.8594,1.22372,-0.468141,1.84468,1.23057,-0.447121,1.84468,1.21285,-0.441694,1.8594,1.34048,-0.506208,2.04086,1.35977,-0.512495,2.02474,1.36736,-0.489217,2.02474,1.34796,-0.483274,2.04086
0.139646,1.15208,-0.18473,17.5629,838960488,1.2674,-0.248395,1.8594,1.28575,-0.250989,1.84468,1.28884,-0.229098,1.84468,1.27045,-0.226832,1.8594,1.40735,-0.268186,2.04086,1.42744,-0.271026,2.02474,1.43086,-0.246783,2.02474,1.41073,-0.244302,2.04086
0.381689,1.1684,-1.80527,-44.684,838960907,-0.311418,-1.25494,1.89852,-0.315004,-1.27326,1.88398,-0.293235,-1.27712,1.88398,-0.289975,-1.25874,1.89852,-0.3381,-1.39195,2.08135,-0.342027,-1.41201,2.06543,-0.317919,-1.41629,2.06543,-0.314349,-1.39616,2.08135
0.211952,1.16849,-0.550977,-27.8334,838960979,1.09557,-0.686502,1.89852,1.11189,-0.695572,1.88398,1.12228,-0.67606,1.88398,1.10581,-0.667282,1.89852,1.21764,-0.754198,2.08135,1.23551,-0.76413,2.06543,1.24702,-0.742522,2.06543,1.22898,-0.73291,2.08135
0.14553,1.16917,-0.460854,10.5178,838960984,1.15176,-0.584526,1.89852,1.1688,-0.592137,1.88398,1.17781,-0.571949,1.88398,1.16063,-0.564641,1.89852,1.27919,-0.641428,2.08135,1.29786,-0.649762,2.06543,1.30784,-0.627406,2.06543,1.28903,-0.619403,2.08135
0.1264,1.1684,-0.409006,20.563,838960987,1.18179,-0.524604,1.89852,1.19922,-0.531317,1.88398,1.2068,-0.510549,1.88398,1.18926,-0.504147,1.89852,1.31209,-0.574673,2.08135,1.33117,-0.582023,2.06543,1.33956,-0.559025,2.06543,1.32036,-0.552014,2.08135
0.153767,1.16911,-0.391823,6.05283,838960988,1.18941,-0.503733,1.89852,1.20695,-0.510135,1.88398,1.21453,-0.489367,1.88398,1.19688,-0.483276,1.89852,1.32051,-0.5516,2.08135,1.33971,-0.55861,2.06543,1.34811,-0.535611,2.06543,1.32879,-0.528941,2.08135
0.10059,1.16839,-0.305461,-2.64737,838960993,1.22971,-0.399663,1.89852,1.24774,-0.404517,1.88398,1.25311,-0.38307,1.88398,1.235,-0.378537,1.89852,1.36453,-0.435827,2.08135,1.38427,-0.441142,2.06543,1.39021,-0.417391,2.06543,1.37039,-0.412428,2.08135
0.274011,1.18624,-0.00823995,-2.11291,838961162,1.29152,-0.0220008,1.93814,1.31031,-0.0213631,1.92378,1.30956,0.000732732,1.92378,1.29078,-0.000235522,1.93814,1.42922,-0.0173283,2.12232,1.4498,-0.01663,2.1066,1.44897,0.00783976,2.1066,1.4284,0.00677952,2.12232
0.000417844,1.18562,-0.550973,-3.00594,838961491,1.09557,-0.686502,1.93814,1.11201,-0.695638,1.92378,1.12241,-0.676126,1.92378,1.10581,-0.667282,1.93814,1.21606,-0.753358,2.12232,1.23407,-0.763362,2.1066,1.24558,-0.741754,2.1066,1.2274,-0.732069,2.12232
0.0378044,1.18637,-0.533791,-2.66727,838961492,1.10601,-0.666893,1.93814,1.12261,-0.675737,1.92378,1.13301,-0.656225,1.92378,1.11625,-0.647673,1.93814,1.22761,-0.73168,2.12232,1.24579,-0.741364,2.1066,1.2573,-0.719756,2.1066,1.23895,-0.710392,2.12232
0.0587546,1.18564,-0.512555,-20.7096,838961493,1.12107,-0.643847,1.93814,1.13782,-0.652407,1.92378,1.14753,-0.632547,1.92378,1.13064,-0.624284,1.93814,1.24381,-0.706486,2.12232,1.26215,-0.715859,2.1066,1.27291,-0.693865,2.1066,1.25441,-0.684817,2.12232
0.0159215,1.18634,-0.495369,-3.89527,838961494,1.13083,-0.623887,1.93814,1.14773,-0.632151,1.92378,1.15744,-0.61229,1.92378,1.1404,-0.604324,1.93814,1.2546,-0.684421,2.12232,1.2731,-0.693469,2.1066,1.28386,-0.671475,2.1066,1.2652,-0.662752,2.12232
-0.0155213,1.18559,-0.478035,-3.76636,838961495,1.1427,-0.604815,1.93814,1.15974,-0.612785,1.92378,1.16875,-0.592597,1.92378,1.15158,-0.584929,1.93814,1.26755,-0.663128,2.12232,1.28621,-0.671856,2.1066,1.29619,-0.649499,2.1066,1.27738,-0.641103,2.12232
0.0379749,1.1863,-0.460851,-3.25389,838961496,1.15175,-0.584526,1.93814,1.16893,-0.592194,1.92378,1.17794,-0.572007,1.92378,1.16063,-0.564641,1.93814,1.27756,-0.6407,2.12232,1.29637,-0.649097,2.1066,1.30635,-0.62674,2.1066,1.2874,-0.618674,2.12232
-0.170691,1.18555,-0.443518,-3.04069,838961497,1.16295,-0.565051,1.93814,1.18025,-0.572421,1.92378,1.18856,-0.551931,1.92378,1.17112,-0.544867,1.93814,1.28976,-0.618968,2.12232,1.30871,-0.627039,2.1066,1.3179,-0.604347,2.1066,1.29882,-0.596613,2.12232
0.160294,1.18627,-0.426335,1.99782,838961498,1.17129,-0.544458,1.93814,1.18872,-0.551522,1.92378,1.19702,-0.531032,1.92378,1.17947,-0.524275,1.93814,1.29898,-0.596204,2.12232,1.31807,-0.603939,2.1066,1.32726,-0.581247,2.1066,1.30804,-0.573848,2.12232
1.0033,1.18553,-0.409002,0.167212,838961499,1.18179,-0.524604,1.93814,1.19935,-0.531365,1.92378,1.20693,-0.510598,1.92378,1.18926,-0.504147,1.93814,1.31041,-0.57406,2.12232,1.32963,-0.581463,2.1066,1.33803,-0.558465,2.1066,1.31868,-0.551401,2.12232
-0.014618,1.18625,-0.39182,-2.48907,838961500,1.18941,-0.503733,1.93814,1.20708,-0.510183,1.92378,1.21466,-0.489416,1.92378,1.19688,-0.483276,1.93814,1.31884,-0.550987,2.12232,1.33818,-0.55805,2.1066,1.34658,-0.535051,2.1066,1.32711,-0.528328,2.12232
0.0343666,1.18551,-0.374487,-2.97206,838961501,1.19922,-0.483523,1.93814,1.217,-0.489668,1.92378,1.22385,-0.468648,1.92378,1.20597,-0.462818,1.93814,1.32948,-0.528457,2.12232,1.34895,-0.535185,2.1066,1.35654,-0.511907,2.1066,1.33696,-0.505523,2.12232
0.11265,1.18626,-0.288277,52.9082,838961506,1.2351,-0.378109,1.93814,1.25335,-0.382676,1.92378,1.25872,-0.36123,1.92378,1.24039,-0.356983,1.93814,1.36876,-0.411566,2.12232,1.38874,-0.416567,2.1066,1.39468,-0.392816,2.1066,1.37462,-0.388166,2.12232
-0.0406095,1.18637,-0.184725,-3.31938,838961512,1.2674,-0.248395,1.93814,1.28603,-0.251029,1.92378,1.28912,-0.229138,1.92378,1.27045,-0.226832,1.93814,1.40383,-0.267687,2.12232,1.42422,-0.270571,2.1066,1.42765,-0.246328,2.1066,1.4072,-0.243803,2.12232
0.365634,1.20341,-0.111783,-1.25536,838961668,1.28222,-0.155352,1.97827,1.30111,-0.156693,1.9641,1.30268,-0.13464,1.9641,1.28376,-0.133628,1.97827,1.41785,-0.164981,2.16379,1.43855,-0.166451,2.14826,1.44028,-0.142028,2.14826,1.41956,-0.14092,2.16379
-0.0402299,1.20273,-0.55097,-3.07377,838962003,1.09557,-0.686502,1.97827,1.11213,-0.695704,1.9641,1.12253,-0.676192,1.9641,1.10581,-0.667282,1.97827,1.21447,-0.752511,2.16379,1.23261,-0.762587,2.14826,1.24412,-0.740979,2.14826,1.22581,-0.731223,2.16379
0.0534927,1.20348,-0.533789,-3.38508,838962004,1.10601,-0.666893,1.97827,1.12274,-0.675802,1.9641,1.13313,-0.656291,1.9641,1.11625,-0.647673,1.97827,1.22602,-0.730834,2.16379,1.24433,-0.740589,2.14826,1.25584,-0.718981,2.14826,1.23736,-0.709545,2.16379
0.119266,1.20275,-0.512551,37.4525,838962005,1.12107,-0.643847,1.97827,1.13795,-0.652468,1.9641,1.14766,-0.632608,1.9641,1.13064,-0.624284,1.97827,1.24219,-0.705695,2.16379,1.26067,-0.715135,2.14826,1.27143,-0.693141,2.14826,1.25279,-0.684026,2.16379
-0.124925,1.20346,-0.495367,-1.92673,838962006,1.13083,-0.623887,1.97827,1.14785,-0.632212,1.9641,1.15757,-0.612351,1.9641,1.1404,-0.604324,1.97827,1.25298,-0.68363,2.16379,1.27162,-0.692745,2.14826,1.28238,-0.670751,2.14826,1.26358,-0.661961,2.16379
0.293269,1.2027,-0.478032,-6.54109,838962007,1.1427,-0.604815,1.97827,1.15986,-0.612841,1.9641,1.16888,-0.592654,1.9641,1.15158,-0.584929,1.97827,1.2659,-0.662394,2.16379,1.2847,-0.671184,2.14826,1.29468,-0.648827,2.14826,1.27574,-0.640369,2.16379
0.437136,1.20341,-0.460849,-1.8499,838962008,1.15176,-0.584526,1.97827,1.16906,-0.592251,1.9641,1.17807,-0.572064,1.9641,1.16063,-0.564641,1.97827,1.27592,-0.639966,2.16379,1.29486,-0.648425,2.14826,1.30484,-0.626068,2.14826,1.28575,-0.61794,2.16379
0.458242,1.20266,-0.443515,1.59533,838962009,1.16295,-0.565051,1.97827,1.18038,-0.572473,1.9641,1.18868,-0.551983,1.9641,1.17112,-0.544867,1.97827,1.28809,-0.618292,2.16379,1.30718,-0.62642,2.14826,1.31638,-0.603728,2.14826,1.29715,-0.595937,2.16379
0.23244,1.20338,-0.426333,-2.9281,838962010,1.17129,-0.544458,1.97827,1.18885,-0.551574,1.9641,1.19715,-0.531084,1.9641,1.17947,-0.524275,1.97827,1.29731,-0.595528,2.16379,1.31654,-0.60332,2.14826,1.32574,-0.580628,2.14826,1.30637,-0.573172,2.16379
1.16748,1.20263,-0.408999,-0.000661492,838962011,1.18179,-0.524604,1.97827,1.19948,-0.531413,1.9641,1.20706,-0.510645,1.9641,1.18926,-0.504147,1.97827,1.30872,-0.573442,2.16379,1.32808,-0.580898,2.14826,1.33648,-0.557899,2.14826,1.31699,-0.550784,2.16379
0.352524,1.20336,-0.391818,1.08556,838962012,1.18941,-0.503733,1.97827,1.20721,-0.510231,1.9641,1.21479,-0.489463,1.9641,1.19688,-0.483276,1.97827,1.31714,-0.550369,2.16379,1.33663,-0.557485,2.14826,1.34503,-0.534486,2.14826,1.32542,-0.527711,2.16379
0.0804883,1.20262,-0.374484,-3.13392,838962013,1.19922,-0.483523,1.97827,1.21713,-0.489711,1.9641,1.22398,-0.468691,1.9641,1.20597,-0.462818,1.97827,1.32777,-0.527899,2.16379,1.34739,-0.534674,2.14826,1.35497,-0.511396,2.14826,1.33525,-0.504965,2.16379
0.236488,1.20337,-0.288274,-0.23769,838962018,1.2351,-0.378109,1.97827,1.25348,-0.38271,1.9641,1.25885,-0.361263,1.9641,1.24039,-0.356983,1.97827,1.36701,-0.411129,2.16379,1.38714,-0.416166,2.14826,1.39308,-0.392415,2.14826,1.37287,-0.387729,2.16379
0.00786318,1.20343,-0.219242,-2.90273,838962022,1.25815,-0.292001,1.97827,1.27681,-0.295307,1.9641,1.28067,-0.273538,1.9641,1.26195,-0.270557,1.97827,1.39204,-0.315731,2.16379,1.41247,-0.319352,2.14826,1.41674,-0.295244,2.14826,1.39625,-0.29198,2.16379
-0.0779911,1.20273,-0.201904,-3.59481,838962023,1.26429,-0.270395,1.97827,1.28301,-0.273376,1.9641,1.2861,-0.251485,1.9641,1.26734,-0.248832,1.97827,1.3986,-0.291756,2.16379,1.4191,-0.29502,2.14826,1.42252,-0.270777,2.14826,1.40198,-0.267872,2.16379
-0.216793,1.20348,-0.184723,-3.82129,838962024,1.2674,-0.248395,1.97827,1.28616,-0.251048,1.9641,1.28926,-0.229158,1.9641,1.27045,-0.226832,1.97827,1.40204,-0.267435,2.16379,1.42259,-0.27034,2.14826,1.42601,-0.246097,2.14826,1.40542,-0.243551,2.16379
0.270101,1.21981,-2.99443,50.3529,838962375,-1.28053,-0.178325,2.01894,-1.29927,-0.181953,2.00495,-1.29469,-0.203583,2.00495,-1.27602,-0.199631,2.01894,-1.41227,-0.203814,2.20576,-1.43279,-0.207787,2.19045,-1.42772,-0.23174,2.19045,-1.40727,-0.227413,2.20576
0.160757,1.22046,-0.637338,17.9565,838962510,1.0313,-0.777737,2.01894,1.04711,-0.788424,2.00495,1.05949,-0.770107,2.00495,1.04349,-0.759694,2.01894,1.14246,-0.852865,2.20576,1.15977,-0.864567,2.19045,1.17348,-0.844282,2.19045,1.15596,-0.83288,2.20576
-0.00416402,1.21981,-0.550967,-4.39143,838962515,1.09557,-0.686502,2.01894,1.11225,-0.695768,2.00495,1.12265,-0.676256,2.00495,1.10581,-0.667282,2.01894,1.21287,-0.751659,2.20576,1.23114,-0.761805,2.19045,1.24266,-0.740197,2.19045,1.22421,-0.73037,2.20576
0.198174,1.22057,-0.533787,9.0103,838962516,1.10601,-0.666893,2.01894,1.12286,-0.675867,2.00495,1.13325,-0.656355,2.00495,1.11625,-0.647673,2.01894,1.22442,-0.729981,2.20576,1.24286,-0.739807,2.19045,1.25438,-0.718199,2.19045,1.23576,-0.708693,2.20576
1.87731,1.21984,-0.512548,0.260494,838962517,1.12107,-0.643847,2.01894,1.13807,-0.652529,2.00495,1.14778,-0.632668,2.00495,1.13064,-0.624284,2.01894,1.24056,-0.704898,2.20576,1.25918,-0.714405,2.19045,1.26993,-0.692411,2.19045,1.25116,-0.683229,2.20576
1.09066,1.22055,-0.495365,0.55428,838962518,1.13083,-0.623887,2.01894,1.14798,-0.632272,2.00495,1.15769,-0.612412,2.00495,1.1404,-0.604324,2.01894,1.25136,-0.682833,2.20576,1.27013,-0.692014,2.19045,1.28088,-0.67002,2.19045,1.26195,-0.661164,2.20576
0.398378,1.21979,-0.478029,-8.83337,838962519,1.1427,-0.604815,2.01894,1.15999,-0.612897,2.00495,1.169,-0.59271,2.00495,1.15158,-0.584929,2.01894,1.26425,-0.661655,2.20576,1.28318,-0.670506,2.19045,1.29316,-0.648149,2.19045,1.27408,-0.63963,2.20576
2.53439,1.2205,-0.460847,0.268855,838962520,1.15176,-0.584526,2.01894,1.16918,-0.592307,2.00495,1.17819,-0.572119,2.00495,1.16063,-0.564641,2.01894,1.27426,-0.639227,2.20576,1.29334,-0.647747,2.19045,1.30333,-0.62539,2.19045,1.2841,-0.617201,2.20576
0.416857,1.21975,-0.443512,0.511641,838962521,1.16295,-0.565051,2.01894,1.18051,-0.572525,2.00495,1.18881,-0.552035,2.00495,1.17112,-0.544867,2.01894,1.28641,-0.617611,2.20576,1.30564,-0.625795,2.19045,1.31484,-0.603104,2.19045,1.29547,-0.595256,2.20576
0.529386,1.22047,-0.426331,-0.417773,838962522,1.17129,-0.544458,2.01894,1.18898,-0.551626,2.00495,1.19728,-0.531136,2.00495,1.17947,-0.524275,2.01894,1.29563,-0.594847,2.20576,1.315,-0.602695,2.19045,1.3242,-0.580004,2.19045,1.30469,-0.572491,2.20576
1.2102,1.21972,-0.408996,-0.591251,838962523,1.18179,-0.524604,2.01894,1.19961,-0.53146,2.00495,1.20719,-0.510692,2.00495,1.18926,-0.504147,2.01894,1.30702,-0.572821,2.20576,1.32652,-0.580328,2.19045,1.33492,-0.557329,2.19045,1.31529,-0.550162,2.20576
0.302157,1.22045,-0.391816,-3.41981,838962524,1.18941,-0.503733,2.01894,1.20734,-0.510278,2.00495,1.21492,-0.48951,2.00495,1.19688,-0.483276,2.01894,1.31544,-0.549748,2.20576,1.33507,-0.556915,2.19045,1.34347,-0.533916,2.19045,1.32371,-0.527089,2.20576
0.358345,1.2197,-0.374481,-0.852475,838962525,1.19922,-0.483523,2.01894,1.21726,-0.489753,2.00495,1.22411,-0.468734,2.00495,1.20597,-0.462818,2.01894,1.32605,-0.527337,2.20576,1.3458,-0.534159,2.19045,1.35339,-0.510881,2.19045,1.33353,-0.504403,2.20576
0.0239835,1.22052,-0.21924,76.6878,838962534,1.25815,-0.292001,2.01894,1.27694,-0.295331,2.00495,1.2808,-0.273562,2.00495,1.26195,-0.270557,2.01894,1.39026,-0.315415,2.20576,1.41083,-0.319062,2.19045,1.41511,-0.294954,2.19045,1.39447,-0.291663,2.20576
0.024777,1.21981,-0.201901,-4.19272,838962535,1.26429,-0.270395,2.01894,1.28314,-0.273395,2.00495,1.28624,-0.251504,2.00495,1.26734,-0.248832,2.01894,1.39681,-0.291502,2.20576,1.41745,-0.294787,2.19045,1.42088,-0.270544,2.19045,1.40019,-0.267618,2.20576
-0.0227882,1.22057,-0.184721,-3.77483,838962536,1.2674,-0.248395,2.01894,1.2863,-0.251068,2.00495,1.2894,-0.229177,2.00495,1.27045,-0.226832,2.01894,1.40025,-0.267181,2.20576,1.42094,-0.270107,2.19045,1.42437,-0.245865,2.19045,1.40363,-0.243297,2.20576
0.065735,1.23697,-0.16348,-46.5842,838962689,1.27367,-0.221591,2.06045,1.29288,-0.223977,2.04655,1.29522,-0.201979,2.04655,1.27597,-0.199935,2.06045,1.40517,-0.237763,2.24849,1.42606,-0.240358,2.23337,1.42863,-0.216149,2.23337,1.4077,-0.213925,2.24849
0.099923,1.23768,-0.146292,46.5134,838962690,1.27602,-0.199494,2.06045,1.29526,-0.201538,2.04655,1.2976,-0.17954,2.04655,1.27832,-0.177838,2.06045,1.40774,-0.213484,2.24849,1.42868,-0.215708,2.23337,1.43125,-0.191498,2.23337,1.41028,-0.189647,2.24849
0.127443,1.2376,-0.0772574,-10.0027,838962694,1.28687,-0.111018,2.06045,1.30621,-0.111713,2.04655,1.30701,-0.0896058,2.04655,1.28765,-0.0892539,2.06045,1.41925,-0.115778,2.24849,1.44029,-0.116535,2.23337,1.44116,-0.0922047,2.23337,1.42011,-0.091822,2.24849
0.132715,1.23758,-0.0427423,-54.3647,838962696,1.28997,-0.0665494,2.06045,1.30933,-0.0665689,2.04655,1.30935,-0.0444471,2.04655,1.28999,-0.0447716,2.06045,1.42244,-0.0666836,2.24849,1.44349,-0.0667049,2.23337,1.44352,-0.0423589,2.23337,1.42246,-0.0427118,2.24849
0.131284,1.23771,-0.882845,3.83749,838963008,0.811223,-1.00495,2.06045,0.824162,-1.01935,2.04655,0.840614,-1.00456,2.04655,0.82742,-0.990395,2.06045,0.899777,-1.10347,2.24849,0.913851,-1.11913,2.23337,0.931957,-1.10285,2.23337,0.917606,-1.08745,2.24849
0.0957314,1.2369,-0.585482,-21.7576,838963025,1.07128,-0.723937,2.06045,1.08786,-0.733927,2.04655,1.09894,-0.714779,2.04655,1.08218,-0.705086,2.06045,1.18484,-0.792171,2.24849,1.20288,-0.803037,2.23337,1.21507,-0.781964,2.23337,1.19685,-0.771422,2.24849
0.062767,1.23694,-0.550964,-1.10223,838963027,1.09557,-0.686503,2.06045,1.11249,-0.695908,2.04655,1.12289,-0.676385,2.04655,1.10581,-0.667283,2.06045,1.21144,-0.750729,2.24849,1.22985,-0.760959,2.23337,1.24129,-0.739473,2.23337,1.22272,-0.729573,2.24849
0.178019,1.23771,-0.533779,-13.4242,838963028,1.10601,-0.666892,2.06045,1.1231,-0.675993,2.04655,1.1335,-0.65647,2.04655,1.11626,-0.647672,2.06045,1.22292,-0.729182,2.24849,1.2415,-0.739082,2.23337,1.25295,-0.717595,2.23337,1.2342,-0.708026,2.24849
0.251846,1.2376,-0.426323,-5.96443,838963034,1.17129,-0.544457,2.06045,1.18923,-0.551727,2.04655,1.19754,-0.531224,2.04655,1.17947,-0.524274,2.06045,1.29406,-0.594208,2.24849,1.31357,-0.602115,2.23337,1.32272,-0.579551,2.23337,1.30306,-0.571992,2.24849
0.122188,1.23685,-0.408993,8.56575,838963035,1.18179,-0.524605,2.06045,1.19986,-0.531566,2.04655,1.20744,-0.510786,2.04655,1.18926,-0.504148,2.06045,1.30547,-0.572099,2.24849,1.32512,-0.579671,2.23337,1.33347,-0.556801,2.23337,1.3137,-0.549581,2.24849
-0.0157168,1.23758,-0.391808,-2.49418,838963036,1.18941,-0.503732,2.06045,1.2076,-0.51037,2.04655,1.21518,-0.48959,2.04655,1.19688,-0.483275,2.06045,1.31385,-0.549164,2.24849,1.33362,-0.556385,2.23337,1.34197,-0.533516,2.23337,1.32207,-0.526647,2.24849
0.130207,1.23683,-0.374478,-2.10241,838963037,1.19922,-0.483525,2.06045,1.21751,-0.489851,2.04655,1.22437,-0.468819,2.04655,1.20597,-0.462819,2.06045,1.32448,-0.52667,2.24849,1.34438,-0.533551,2.23337,1.35193,-0.510404,2.23337,1.33191,-0.503878,2.24849
-0.561054,1.2369,-0.236416,-1.9999,838963045,1.25427,-0.31388,2.06045,1.27327,-0.317596,2.04655,1.27713,-0.295814,2.04655,1.25807,-0.292436,2.06045,1.38432,-0.339158,2.24849,1.40499,-0.3432,2.23337,1.40924,-0.319228,2.23337,1.38851,-0.315554,2.24849
0.0264435,1.23766,-0.219232,-2.21496,838963046,1.25815,-0.292,2.06045,1.27721,-0.295378,2.04655,1.28107,-0.273595,2.04655,1.26195,-0.270556,2.06045,1.38859,-0.315118,2.24849,1.40932,-0.318792,2.23337,1.41356,-0.294819,2.23337,1.39277,-0.291514,2.24849
0.127991,1.23694,-0.201898,-7.48882,838963047,1.26429,-0.270396,2.06045,1.28341,-0.273447,2.04655,1.28651,-0.251543,2.04655,1.26734,-0.248833,2.06045,1.39515,-0.291117,2.24849,1.41594,-0.294435,2.23337,1.41935,-0.270329,2.23337,1.39851,-0.267381,2.24849
0.462503,1.23771,-0.184713,-2.27033,838963048,1.2674,-0.248394,2.06045,1.28657,-0.251104,2.04655,1.28967,-0.229201,2.04655,1.27045,-0.226831,2.06045,1.39857,-0.266943,2.24849,1.41941,-0.26989,2.23337,1.42282,-0.245784,2.23337,1.40192,-0.243207,2.24849
0.0126487,1.25412,-0.163477,-35.2548,838963201,1.27367,-0.22159,2.10248,1.29301,-0.22399,2.08876,1.29534,-0.201992,2.08876,1.27597,-0.199934,2.10248,1.40347,-0.237582,2.29171,1.4245,-0.240192,2.27678,1.42707,-0.215983,2.27678,1.406,-0.213745,2.29171
0.00146166,1.25484,-0.14629,-1.38608,838963202,1.27602,-0.199494,2.10248,1.29539,-0.201551,2.08876,1.29772,-0.179553,2.08876,1.27832,-0.177838,2.10248,1.40605,-0.213304,2.29171,1.42712,-0.215542,2.27678,1.42969,-0.191332,2.27678,1.40858,-0.189466,2.29171
0.630964,1.2548,-0.111772,-6.38763,838963204,1.28222,-0.155351,2.10248,1.30165,-0.15673,2.08876,1.30321,-0.134664,2.08876,1.28376,-0.133627,2.10248,1.41265,-0.164611,2.29171,1.43378,-0.166111,2.27678,1.43551,-0.141827,2.27678,1.41435,-0.140699,2.29171
0.147788,1.25403,-0.0944406,-13.4634,838963205,1.28607,-0.133224,2.10248,1.30553,-0.134268,2.08876,1.30632,-0.112161,2.08876,1.28685,-0.11146,2.10248,1.41667,-0.140116,2.29171,1.43783,-0.141252,2.27678,1.4387,-0.116921,2.27678,1.41753,-0.11616,2.29171
0.134328,1.25401,-0.0599246,12.2794,838963207,1.28995,-0.0887703,2.10248,1.30943,-0.0891341,2.08876,1.30945,-0.0670123,2.08876,1.28997,-0.0669925,2.10248,1.42071,-0.0910968,2.29171,1.44189,-0.0914925,2.27678,1.44192,-0.0671465,2.27678,1.42073,-0.067125,2.29171
0.109705,1.25474,-0.0427403,12.4021,838963208,1.28997,-0.0665493,2.10248,1.30945,-0.0665691,2.08876,1.30947,-0.0444473,2.08876,1.28999,-0.0447715,2.10248,1.42073,-0.0666818,2.29171,1.44192,-0.0667033,2.27678,1.44194,-0.0423574,2.27678,1.42076,-0.04271,2.29171
0.223075,1.2548,1.28449,45.6281,838963284,0.375645,1.23576,2.10248,0.380378,1.25466,2.08876,0.358919,1.26003,2.08876,0.35452,1.24105,2.10248,0.407414,1.3626,2.29171,0.412562,1.38316,2.27678,0.388945,1.38907,2.27678,0.38416,1.36843,2.29171
0.515858,1.25403,1.30182,47.6048,838963285,0.354524,1.2434,2.10248,0.35893,1.26238,2.08876,0.337297,1.267,2.08876,0.333227,1.24795,2.10248,0.383989,1.37081,2.29171,0.388782,1.39146,2.27678,0.364973,1.39654,2.27678,0.360546,1.37582,2.29171
0.262908,1.25473,2.08617,42.52,838963330,-0.626706,1.12949,2.10248,-0.637013,1.14602,2.08876,-0.655785,1.13431,2.08876,-0.645186,1.11796,2.10248,-0.695889,1.24045,2.29171,-0.7071,1.25843,2.27678,-0.727759,1.24554,2.27678,-0.716231,1.22776,2.29171
0.155981,1.2541,-0.900027,13.134,838963519,0.794697,-1.01981,2.10248,0.807464,-1.03453,2.08876,0.823916,-1.01974,2.08876,0.810894,-1.00525,2.10248,0.880478,-1.11852,2.29171,0.894364,-1.13453,2.27678,0.912471,-1.11826,2.27678,0.898306,-1.1025,2.29171
0.131846,1.25487,-0.882842,12.671,838963520,0.811223,-1.00495,2.10248,0.824246,-1.01944,2.08876,0.840698,-1.00465,2.08876,0.82742,-0.990394,2.10248,0.898636,-1.1022,2.29171,0.9128,-1.11796,2.27678,0.930907,-1.10169,2.27678,0.916464,-1.08618,2.29171
0.0162521,1.2541,-0.550961,-2.55143,838963539,1.09557,-0.686503,2.10248,1.1126,-0.695967,2.08876,1.123,-0.676443,2.08876,1.10581,-0.667283,2.10248,1.20994,-0.749927,2.29171,1.22846,-0.76022,2.27678,1.23991,-0.738734,2.27678,1.22121,-0.728771,2.29171
0.00226499,1.25487,-0.533777,-3.15901,838963540,1.10601,-0.666892,2.10248,1.12321,-0.676052,2.08876,1.13361,-0.656529,2.08876,1.11626,-0.647672,2.10248,1.22142,-0.728379,2.29171,1.24012,-0.738343,2.27678,1.25156,-0.716856,2.27678,1.23269,-0.707223,2.29171
0.062341,1.25476,-0.426321,-39.0912,838963546,1.17129,-0.544457,2.10248,1.18934,-0.551774,2.08876,1.19765,-0.531271,2.08876,1.17947,-0.524274,2.10248,1.29248,-0.593567,2.29171,1.31212,-0.601525,2.27678,1.32126,-0.578961,2.27678,1.30148,-0.57135,2.29171
0.122537,1.25401,-0.40899,-21.7754,838963547,1.18179,-0.524605,2.10248,1.19997,-0.531609,2.08876,1.20756,-0.510829,2.08876,1.18926,-0.504148,2.10248,1.30387,-0.571513,2.29171,1.32365,-0.579132,2.27678,1.332,-0.556262,2.27678,1.31209,-0.548995,2.29171
0.184348,1.25474,-0.391806,-6.00229,838963548,1.18941,-0.503732,2.10248,1.20771,-0.510413,2.08876,1.2153,-0.489633,2.08876,1.19688,-0.483275,2.10248,1.31224,-0.548579,2.29171,1.33215,-0.555846,2.27678,1.3405,-0.532977,2.27678,1.32047,-0.526061,2.29171
-0.0454939,1.25399,-0.374475,-2.87405,838963549,1.19922,-0.483524,2.10248,1.21763,-0.48989,2.08876,1.22449,-0.468857,2.08876,1.20597,-0.462819,2.10248,1.32286,-0.526141,2.29171,1.34289,-0.533064,2.27678,1.35043,-0.509917,2.27678,1.33029,-0.503349,2.29171
0.178448,1.25473,-0.357292,9.15635,838963550,1.2061,-0.462398,2.10248,1.22463,-0.468436,2.08876,1.23148,-0.447404,2.08876,1.21285,-0.441693,2.10248,1.33043,-0.502928,2.29171,1.35057,-0.509495,2.27678,1.35812,-0.486348,2.27678,1.33786,-0.480137,2.29171
-0.0726144,1.25482,-0.21923,-2.56725,838963558,1.25815,-0.292,2.10248,1.27733,-0.295399,2.08876,1.28119,-0.273617,2.08876,1.26195,-0.270556,2.10248,1.3869,-0.31482,2.29171,1.40777,-0.318517,2.27678,1.41202,-0.294545,2.27678,1.39109,-0.291216,2.29171
0.0879427,1.2541,-0.201895,35.4483,838963559,1.26429,-0.270396,2.10248,1.28353,-0.273465,2.08876,1.28663,-0.251561,2.08876,1.26734,-0.248833,2.10248,1.39346,-0.290878,2.29171,1.41439,-0.294215,2.27678,1.41779,-0.270109,2.27678,1.39681,-0.267142,2.29171
0.268892,1.25487,-0.184711,-0.358163,838963560,1.2674,-0.248394,2.10248,1.28669,-0.251122,2.08876,1.28979,-0.229218,2.08876,1.27045,-0.226831,2.10248,1.39688,-0.266704,2.29171,1.41786,-0.26967,2.27678,1.42127,-0.245564,2.27678,1.40023,-0.242968,2.29171
0.0716334,1.27125,-0.163474,69.3084,838963713,1.27367,-0.221591,2.14506,1.29313,-0.224003,2.13152,1.29546,-0.202005,2.13152,1.27597,-0.199935,2.14506,1.40176,-0.237401,2.33546,1.42292,-0.240025,2.32073,1.4255,-0.215815,2.32073,1.40429,-0.213563,2.33546
0.0394799,1.27197,-0.146288,-2.41156,838963714,1.27602,-0.199494,2.14506,1.29551,-0.201564,2.13152,1.29785,-0.179566,2.13152,1.27832,-0.177838,2.14506,1.40434,-0.213123,2.33546,1.42554,-0.215375,2.32073,1.42811,-0.191165,2.32073,1.40687,-0.189285,2.33546
0.382426,1.27116,-0.0944379,42.2218,838963717,1.28607,-0.133224,2.14506,1.30565,-0.134273,2.13152,1.30644,-0.112165,2.13152,1.28685,-0.111461,2.14506,1.41495,-0.140054,2.33546,1.43625,-0.141195,2.32073,1.43712,-0.116864,2.32073,1.41581,-0.116098,2.33546
0.36177,1.27116,1.65089,49.4566,838963817,-0.0921234,1.28967,2.14506,-0.0944908,1.30913,2.13152,-0.1164,1.30607,2.13152,-0.113692,1.28666,2.14506,-0.107777,1.41777,2.33546,-0.110352,1.43894,2.32073,-0.134464,1.43558,2.32073,-0.131519,1.41446,2.33546
0.161569,1.27188,-0.637326,-13.2433,838964046,1.0313,-0.777736,2.14506,1.04754,-0.788714,2.13152,1.05993,-0.770386,2.13152,1.04349,-0.759693,2.14506,1.13821,-0.849996,2.33546,1.15588,-0.861936,2.32073,1.16951,-0.841765,2.32073,1.15164,-0.830135,2.33546
0.0673872,1.27191,-0.60281,-41.1299,838964048,1.05749,-0.741666,2.14506,1.07411,-0.752069,2.13152,1.08584,-0.73332,2.13152,1.06905,-0.723208,2.14506,1.16686,-0.810148,2.33546,1.18493,-0.821463,2.32073,1.19785,-0.800829,2.32073,1.17958,-0.78983,2.33546
0.0513239,1.272,-0.533774,-2.71711,838964052,1.10601,-0.666892,2.14506,1.12332,-0.67611,2.13152,1.13372,-0.656587,2.13152,1.11626,-0.647672,2.14506,1.2199,-0.727572,2.33546,1.23872,-0.737598,2.32073,1.25017,-0.716112,2.32073,1.23117,-0.706415,2.33546
0.029847,1.27189,-0.426319,-3.67225,838964058,1.17129,-0.544457,2.14506,1.18946,-0.55182,2.13152,1.19777,-0.531318,2.13152,1.17947,-0.524274,2.14506,1.29089,-0.592922,2.33546,1.31065,-0.60093,2.32073,1.31979,-0.578367,2.32073,1.29989,-0.570705,2.33546
0.273341,1.27113,-0.408988,0.650494,838964059,1.18179,-0.524605,2.14506,1.20009,-0.531652,2.13152,1.20768,-0.510872,2.13152,1.18926,-0.504148,2.14506,1.30226,-0.570924,2.33546,1.32216,-0.578589,2.32073,1.33051,-0.555719,2.32073,1.31048,-0.548406,2.33546
1.44284,1.27187,-0.391804,-1.7704,838964060,1.18941,-0.503732,2.14506,1.20783,-0.510455,2.13152,1.21542,-0.489675,2.13152,1.19688,-0.483275,2.14506,1.31063,-0.54799,2.33546,1.33066,-0.555303,2.32073,1.33901,-0.532434,2.32073,1.31885,-0.525472,2.33546
0.134379,1.27186,-0.35729,15.1094,838964062,1.2061,-0.462398,2.14506,1.22474,-0.468474,2.13152,1.2316,-0.447442,2.13152,1.21285,-0.441693,2.14506,1.32879,-0.502395,2.33546,1.34906,-0.509005,2.32073,1.35661,-0.485858,2.32073,1.33622,-0.479604,2.33546
0.0530581,1.27113,-0.305443,-2.70289,838964065,1.22971,-0.399664,2.14506,1.24864,-0.404758,2.13152,1.25401,-0.383298,2.13152,1.235,-0.378538,2.14506,1.35436,-0.433128,2.33546,1.37495,-0.438669,2.32073,1.38086,-0.415051,2.32073,1.36018,-0.409873,2.33546
0.0837484,1.27188,-0.28826,15.1575,838964066,1.23511,-0.378108,2.14506,1.25412,-0.382869,2.13152,1.25949,-0.361409,2.13152,1.24039,-0.356982,2.14506,1.36029,-0.409444,2.33546,1.38097,-0.414621,2.32073,1.38688,-0.391004,2.32073,1.36611,-0.386189,2.33546
-0.0374134,1.27115,-0.270927,-3.06264,838964067,1.24274,-0.356986,2.14506,1.26184,-0.361416,2.13152,1.26646,-0.339782,2.13152,1.24729,-0.335689,2.14506,1.36848,-0.386076,2.33546,1.38926,-0.390894,2.32073,1.39434,-0.367085,2.32073,1.37349,-0.362633,2.33546
0.0809257,1.27191,-0.253745,-34.113,838964068,1.24738,-0.335255,2.14506,1.26655,-0.339348,2.13152,1.27117,-0.317714,2.13152,1.25193,-0.313957,2.14506,1.37358,-0.362199,2.33546,1.39443,-0.366652,2.32073,1.39951,-0.342842,2.32073,1.37858,-0.338756,2.33546
0.0226757,1.27118,-0.23641,-3.27213,838964069,1.25427,-0.31388,2.14506,1.27352,-0.31764,2.13152,1.27738,-0.295857,2.13152,1.25807,-0.292436,2.14506,1.38095,-0.33856,2.33546,1.40188,-0.34265,2.32073,1.40613,-0.318677,2.32073,1.38514,-0.314956,2.33546
0.0758262,1.27195,-0.219227,-10.5549,838964070,1.25815,-0.292,2.14506,1.27745,-0.295421,2.13152,1.28131,-0.273638,2.13152,1.26195,-0.270556,2.14506,1.38521,-0.31452,2.33546,1.40621,-0.318241,2.32073,1.41046,-0.294269,2.32073,1.3894,-0.290916,2.33546
-0.075788,1.27123,-0.201892,-3.8389,838964071,1.26429,-0.270396,2.14506,1.28366,-0.273482,2.13152,1.28675,-0.251578,2.13152,1.26734,-0.248833,2.14506,1.39176,-0.290638,2.33546,1.41282,-0.293994,2.32073,1.41623,-0.269887,2.32073,1.39511,-0.266902,2.33546
0.114391,1.272,-0.184709,-13.9307,838964072,1.2674,-0.248394,2.14506,1.28681,-0.251139,2.13152,1.28991,-0.229235,2.13152,1.27045,-0.226831,2.14506,1.39518,-0.266463,2.33546,1.41629,-0.269449,2.32073,1.4197,-0.245343,2.32073,1.39853,-0.242727,2.33546
0.127608,1.28836,-0.163472,-11.2042,838964225,1.27367,-0.22159,2.18821,1.29325,-0.224016,2.17484,1.29559,-0.202018,2.17484,1.27597,-0.199935,2.18821,1.40004,-0.237218,2.37977,1.42134,-0.239857,2.36523,1.42391,-0.215647,2.36523,1.40257,-0.213381,2.37977
-0.00178114,1.28908,-0.146286,-1.18314,838964226,1.27602,-0.199494,2.18821,1.29563,-0.201577,2.17484,1.29797,-0.179579,2.17484,1.27832,-0.177838,2.18821,1.40262,-0.21294,2.37977,1.42396,-0.215206,2.36523,1.42653,-0.190996,2.36523,1.40515,-0.189102,2.37977
-0.017551,1.2883,-0.128953,-1.70031,838964227,1.28064,-0.177516,2.18821,1.30029,-0.179256,2.17484,1.30186,-0.157189,2.17484,1.28218,-0.155793,2.18821,1.40748,-0.188721,2.37977,1.42886,-0.190613,2.36523,1.43058,-0.166328,2.36523,1.40918,-0.164809,2.37977
0.118225,1.28904,-0.111768,-4.13495,838964228,1.28222,-0.155351,2.18821,1.30189,-0.156747,2.17484,1.30346,-0.134681,2.17484,1.28376,-0.133627,2.18821,1.40921,-0.164367,2.37977,1.43061,-0.165886,2.36523,1.43234,-0.141601,2.36523,1.41091,-0.140455,2.37977
0.122203,1.28826,-0.0944351,3.58828,838964229,1.28607,-0.133224,2.18821,1.30577,-0.134277,2.17484,1.30657,-0.112169,2.17484,1.28685,-0.111461,2.18821,1.41322,-0.139992,2.37977,1.43465,-0.141137,2.36523,1.43553,-0.116807,2.36523,1.41409,-0.116036,2.37977
0.256344,1.28824,2.38354,51.6672,838964371,-0.931097,0.897164,2.18821,-0.945973,0.910122,2.17484,-0.96021,0.89319,2.17484,-0.945112,0.880496,2.18821,-1.02713,0.980779,2.37977,-1.04331,0.994873,2.36523,-1.05898,0.976239,2.36523,-1.04256,0.962431,2.37977
0.343961,1.28823,-0.654506,3.31679,838964557,1.01886,-0.796147,2.18821,1.03501,-0.807477,2.17484,1.04739,-0.789149,2.17484,1.03105,-0.778103,2.18821,1.12311,-0.869257,2.37977,1.14068,-0.881581,2.36523,1.15431,-0.86141,2.36523,1.13653,-0.849396,2.37977
0.400393,1.28899,-0.637324,2.21651,838964558,1.0313,-0.777736,2.18821,1.04764,-0.788782,2.17484,1.06003,-0.770454,2.17484,1.04349,-0.759693,2.18821,1.13678,-0.849028,2.37977,1.15456,-0.861043,2.36523,1.16819,-0.840872,2.36523,1.1502,-0.829167,2.37977
0.424637,1.28825,-0.61999,-4.33337,838964559,1.0457,-0.7605,2.18821,1.06223,-0.771259,2.17484,1.07397,-0.75251,2.17484,1.05725,-0.742042,2.18821,1.15244,-0.829924,2.37977,1.17043,-0.841627,2.36523,1.18335,-0.820992,2.36523,1.16516,-0.809606,2.37977
-0.00891387,1.28902,-0.602808,-2.83916,838964560,1.05749,-0.741666,2.18821,1.07421,-0.752134,2.17484,1.08595,-0.733384,2.17484,1.06905,-0.723208,2.18821,1.1654,-0.809231,2.37977,1.18358,-0.820617,2.36523,1.1965,-0.799982,2.36523,1.17812,-0.788913,2.37977
0.151553,1.28833,-0.550955,16.7653,838964563,1.09557,-0.686503,2.18821,1.11281,-0.696082,2.17484,1.12321,-0.676559,2.17484,1.10581,-0.667283,2.18821,1.20689,-0.748306,2.37977,1.22565,-0.758725,2.36523,1.2371,-0.737239,2.36523,1.21817,-0.72715,2.37977
0.0521407,1.28911,-0.533772,-3.06183,838964564,1.10601,-0.666892,2.18821,1.12342,-0.676168,2.17484,1.13383,-0.656644,2.17484,1.11626,-0.647672,2.18821,1.21838,-0.726759,2.37977,1.23731,-0.736848,2.36523,1.24876,-0.715361,2.36523,1.22965,-0.705603,2.37977
0.0872231,1.289,-0.426317,27.1918,838964570,1.17129,-0.544457,2.18821,1.18957,-0.551866,2.17484,1.19788,-0.531363,2.17484,1.17947,-0.524274,2.18821,1.28929,-0.592273,2.37977,1.30917,-0.600331,2.36523,1.31831,-0.577767,2.36523,1.29829,-0.570056,2.37977
0.260845,1.28824,-0.408985,4.13806,838964571,1.18179,-0.524605,2.18821,1.2002,-0.531693,2.17484,1.20779,-0.510913,2.17484,1.18926,-0.504148,2.18821,1.30063,-0.570331,2.37977,1.32066,-0.578041,2.36523,1.32901,-0.555172,2.36523,1.30885,-0.547813,2.37977
0.403314,1.28898,-0.391802,-0.680881,838964572,1.18941,-0.503732,2.18821,1.20794,-0.510497,2.17484,1.21553,-0.489717,2.17484,1.19688,-0.483275,2.18821,1.30901,-0.547397,2.37977,1.32916,-0.554756,2.36523,1.33751,-0.531886,2.36523,1.31723,-0.524879,2.37977
0.264707,1.28822,-0.37447,2.53723,838964573,1.19922,-0.483525,2.18821,1.21786,-0.489966,2.17484,1.22472,-0.468933,2.17484,1.20597,-0.462819,2.18821,1.31958,-0.525072,2.37977,1.33986,-0.532078,2.36523,1.34741,-0.508931,2.36523,1.32701,-0.502281,2.37977
0.404919,1.28897,-0.357288,2.07437,838964574,1.2061,-0.462398,2.18821,1.22486,-0.468512,2.17484,1.23172,-0.44748,2.17484,1.21285,-0.441693,2.18821,1.32715,-0.50186,2.37977,1.34755,-0.50851,2.36523,1.35509,-0.485363,2.36523,1.33458,-0.479069,2.37977
-0.249852,1.28822,-0.339955,-2.14341,838964575,1.2152,-0.441861,2.18821,1.23406,-0.447646,2.17484,1.24017,-0.426388,2.17484,1.22122,-0.420932,2.18821,1.33694,-0.479179,2.37977,1.35745,-0.485473,2.36523,1.36419,-0.462076,2.36523,1.34357,-0.456143,2.37977
0.220816,1.28897,-0.322773,8.90936,838964576,1.22134,-0.420506,2.18821,1.2403,-0.425962,2.17484,1.24642,-0.404703,2.17484,1.22736,-0.399578,2.18821,1.34369,-0.455717,2.37977,1.36431,-0.46165,2.36523,1.37104,-0.438254,2.36523,1.35032,-0.43268,2.37977
0.268881,1.28823,-0.30544,6.03473,838964577,1.22971,-0.399664,2.18821,1.24876,-0.404788,2.17484,1.25413,-0.383328,2.17484,1.235,-0.378538,2.18821,1.35268,-0.432708,2.37977,1.3734,-0.438281,2.36523,1.37931,-0.414664,2.36523,1.3585,-0.409454,2.37977
1.09355,1.28899,-0.288258,1.83584,838964578,1.23511,-0.378108,2.18821,1.25424,-0.382898,2.17484,1.25961,-0.361438,2.17484,1.24039,-0.356982,2.18821,1.35861,-0.409024,2.37977,1.37942,-0.414234,2.36523,1.38533,-0.390616,2.36523,1.36443,-0.38577,2.37977
0.42808,1.28825,-0.270924,-0.642275,838964579,1.24274,-0.356986,2.18821,1.26196,-0.361441,2.17484,1.26658,-0.339807,2.17484,1.24729,-0.335689,2.18821,1.36679,-0.385715,2.37977,1.38769,-0.390561,2.36523,1.39278,-0.366752,2.36523,1.3718,-0.362272,2.37977
0.552716,1.28902,-0.253743,0.702763,838964580,1.24738,-0.335255,2.18821,1.26667,-0.339374,2.17484,1.27129,-0.31774,2.17484,1.25193,-0.313957,2.18821,1.37189,-0.361839,2.37977,1.39287,-0.366318,2.36523,1.39795,-0.342509,2.36523,1.37689,-0.338395,2.37977
0.0236975,1.28828,-0.236408,-2.31421,838964581,1.25427,-0.31388,2.18821,1.27364,-0.317661,2.17484,1.2775,-0.295878,2.17484,1.25807,-0.292436,2.18821,1.37925,-0.338259,2.37977,1.40031,-0.342371,2.36523,1.40456,-0.318399,2.36523,1.38343,-0.314655,2.37977
0.154045,1.28906,-0.219225,-30.0691,838964582,1.25815,-0.292,2.18821,1.27757,-0.295442,2.17484,1.28143,-0.27366,2.17484,1.26195,-0.270556,2.18821,1.38351,-0.314218,2.37977,1.40464,-0.317962,2.36523,1.40889,-0.29399,2.36523,1.3877,-0.290614,2.37977
0.102373,1.28833,-0.201889,-25.6825,838964583,1.26429,-0.270396,2.18821,1.28378,-0.273499,2.17484,1.28687,-0.251595,2.17484,1.26734,-0.248833,2.18821,1.39005,-0.290395,2.37977,1.41124,-0.29377,2.36523,1.41465,-0.269664,2.36523,1.3934,-0.26666,2.37977
0.0151038,1.28911,-0.184707,-3.05869,838964584,1.2674,-0.248394,2.18821,1.28694,-0.251156,2.17484,1.29003,-0.229252,2.17484,1.27045,-0.226831,2.18821,1.39346,-0.266221,2.37977,1.41471,-0.269225,2.36523,1.41812,-0.245119,2.36523,1.39682,-0.242485,2.37977
0.0815665,1.30544,-0.163469,-3.7086,838964737,1.27367,-0.221591,2.23194,1.29337,-0.224029,2.21875,1.2957,-0.202031,2.21875,1.27597,-0.199935,2.23194,1.39831,-0.237035,2.42464,1.41974,-0.239687,2.4103,1.42231,-0.215477,2.4103,1.40084,-0.213197,2.42464
0.294678,1.30617,-0.146284,-8.6637,838964738,1.27602,-0.199494,2.23194,1.29575,-0.20159,2.21875,1.29809,-0.179592,2.21875,1.27832,-0.177838,2.23194,1.40089,-0.212756,2.42464,1.42236,-0.215036,2.4103,1.42493,-0.190826,2.4103,1.40342,-0.188919,2.42464
0.0879895,1.30539,-0.12895,-3.14872,838964739,1.28064,-0.177516,2.23194,1.30041,-0.179264,2.21875,1.30198,-0.157198,2.21875,1.28218,-0.155793,2.23194,1.40575,-0.188597,2.42464,1.42725,-0.190499,2.4103,1.42898,-0.166214,2.4103,1.40744,-0.164686,2.42465
0.12685,1.30612,-0.111766,14.18,838964740,1.28222,-0.155351,2.23194,1.30201,-0.156756,2.21875,1.30358,-0.13469,2.21875,1.28376,-0.133627,2.23194,1.40748,-0.164244,2.42464,1.42901,-0.165772,2.4103,1.43073,-0.141488,2.4103,1.40917,-0.140332,2.42464
0.202028,1.30535,0.254633,0.197311,838964761,1.25408,0.314672,2.23194,1.27306,0.320458,2.21875,1.26625,0.341504,2.21875,1.24737,0.335391,2.23194,1.37422,0.351266,2.42464,1.39487,0.357559,2.4103,1.38737,0.380721,2.4103,1.36684,0.374072,2.42464
0.865968,1.30606,-1.0209,48.2882,838965048,0.665305,-1.10719,2.23194,0.676387,-1.12365,2.21875,0.694739,-1.1113,2.21875,0.683372,-1.09503,2.23194,0.735426,-1.21136,2.42464,0.74748,-1.22927,2.4103,0.767677,-1.21568,2.4103,0.755313,-1.19798,2.42464
0.133587,1.30614,-0.917355,5.39747,838965054,0.776106,-1.03241,2.23194,0.788849,-1.04762,2.21875,0.805808,-1.03342,2.21875,0.792801,-1.01842,2.23194,0.85674,-1.12868,2.42464,0.8706,-1.14522,2.4103,0.889264,-1.12959,2.4103,0.875117,-1.11328,2.42464
0.302752,1.30541,-0.900018,4.06889,838965055,0.794697,-1.01981,2.23194,0.807708,-1.0348,2.21875,0.82416,-1.02001,2.21875,0.810894,-1.00525,2.23194,0.877012,-1.11467,2.42464,0.891164,-1.13097,2.4103,0.90927,-1.1147,2.4103,0.89484,-1.09864,2.42464
0.251809,1.30531,-0.654503,-2.37867,838965069,1.01886,-0.796147,2.23194,1.03511,-0.807545,2.21875,1.04749,-0.789216,2.21875,1.03105,-0.778103,2.23194,1.12167,-0.868283,2.42464,1.13934,-0.88068,2.4103,1.15298,-0.860509,2.4103,1.13509,-0.848422,2.42464
0.598042,1.30607,-0.637322,1.59882,838965070,1.0313,-0.777736,2.23194,1.04774,-0.788849,2.21875,1.06013,-0.770521,2.21875,1.04349,-0.759693,2.23194,1.13534,-0.848055,2.42464,1.15322,-0.860142,2.4103,1.16686,-0.839971,2.4103,1.14876,-0.828194,2.42464
-0.0342386,1.3061,-0.602806,-4.52245,838965072,1.05749,-0.741666,2.23194,1.07431,-0.752198,2.21875,1.08605,-0.733448,2.21875,1.06905,-0.723208,2.23194,1.16392,-0.808308,2.42464,1.18222,-0.819763,2.4103,1.19514,-0.799128,2.4103,1.17665,-0.78799,2.42464
-0.148971,1.3062,-0.53377,-3.87559,838965076,1.10601,-0.666892,2.23194,1.12353,-0.676224,2.21875,1.13393,-0.656701,2.21875,1.11626,-0.647672,2.23194,1.21684,-0.725941,2.42464,1.23589,-0.736092,2.4103,1.24734,-0.714605,2.4103,1.22811,-0.704785,2.42464
0.330366,1.30609,-0.426315,18.4348,838965082,1.17129,-0.544457,2.23194,1.18968,-0.551911,2.21875,1.19799,-0.531408,2.21875,1.17947,-0.524274,2.23194,1.28767,-0.59162,2.42464,1.30768,-0.599727,2.4103,1.31682,-0.577163,2.4103,1.29668,-0.569403,2.42464
4.52785,1.30532,-0.408982,-0.18832,838965083,1.18179,-0.524605,2.23194,1.20032,-0.531735,2.21875,1.2079,-0.510955,2.21875,1.18926,-0.504148,2.23194,1.299,-0.569735,2.42464,1.31915,-0.57749,2.4103,1.3275,-0.55462,2.4103,1.30722,-0.547217,2.42464
7.44064,1.30606,-0.3918,-0.266273,838965084,1.18941,-0.503732,2.23194,1.20806,-0.510538,2.21875,1.21564,-0.489758,2.21875,1.19688,-0.483275,2.23194,1.30737,-0.546801,2.42464,1.32765,-0.554204,2.4103,1.336,-0.531335,2.4103,1.3156,-0.524283,2.42464
2.87822,1.3053,-0.374467,-0.252021,838965085,1.19922,-0.483524,2.23194,1.21798,-0.490003,2.21875,1.22484,-0.468971,2.21875,1.20597,-0.462819,2.23194,1.31793,-0.524533,2.42464,1.33834,-0.53158,2.4103,1.34588,-0.508433,2.4103,1.32536,-0.501742,2.42464
10.0513,1.30606,-0.357286,-0.342308,838965086,1.2061,-0.462398,2.23194,1.22497,-0.468549,2.21875,1.23183,-0.447517,2.21875,1.21285,-0.441693,2.23194,1.3255,-0.501321,2.42464,1.34602,-0.508012,2.4103,1.35357,-0.484865,2.4103,1.33293,-0.47853,2.42464
2.89699,1.3053,-0.339952,0.238293,838965087,1.2152,-0.441861,2.23194,1.23417,-0.44768,2.21875,1.24029,-0.426421,2.21875,1.22122,-0.420932,2.23194,1.33527,-0.478698,2.42464,1.35591,-0.485028,2.4103,1.36264,-0.461631,2.4103,1.3419,-0.455662,2.42464
8.16816,1.30606,-0.322771,0.931405,838965088,1.22134,-0.420506,2.23194,1.24041,-0.425995,2.21875,1.24653,-0.404736,2.21875,1.22736,-0.399578,2.23194,1.34202,-0.455236,2.42464,1.36276,-0.461206,2.4103,1.3695,-0.437809,2.4103,1.34865,-0.432199,2.42464
0.935769,1.30531,-0.305437,2.93002,838965089,1.22971,-0.399664,2.23194,1.24888,-0.404817,2.21875,1.25425,-0.383357,2.21875,1.235,-0.378538,2.23194,1.35099,-0.432286,2.42464,1.37184,-0.437891,2.4103,1.37775,-0.414273,2.4103,1.35681,-0.409032,2.42464
0,1.30607,-0.288256,0,838965090,1.23511,-0.378108,2.23194,1.25436,-0.382927,2.21875,1.25973,-0.361468,2.21875,1.24039,-0.356982,2.23194,1.35692,-0.408602,2.42464,1.37786,-0.413843,2.4103,1.38377,-0.390226,2.4103,1.36274,-0.385347,2.42464
6.54943,1.30533,-0.270922,0.968341,838965091,1.24274,-0.356986,2.23194,1.26208,-0.361467,2.21875,1.2667,-0.339832,2.21875,1.24729,-0.335689,2.23194,1.36509,-0.385352,2.42464,1.38612,-0.390225,2.4103,1.39121,-0.366416,2.4103,1.3701,-0.361909,2.42464
0.945392,1.3061,-0.25374,0.239812,838965092,1.24738,-0.335255,2.23194,1.26679,-0.339399,2.21875,1.27141,-0.317765,2.21875,1.25193,-0.313957,2.23194,1.37019,-0.361476,2.42464,1.3913,-0.365983,2.4103,1.39638,-0.342173,2.4103,1.37519,-0.338032,2.42464
0.139212,1.30537,-0.236405,14.8845,838965093,1.25427,-0.31388,2.23194,1.27375,-0.317682,2.21875,1.27761,-0.295899,2.21875,1.25807,-0.292436,2.23194,1.37754,-0.337955,2.42464,1.39873,-0.342091,2.4103,1.40298,-0.318118,2.4103,1.38172,-0.314351,2.42464
0.066546,1.30614,-0.219223,19.323,838965094,1.25815,-0.292,2.23194,1.27769,-0.295463,2.21875,1.28155,-0.273681,2.21875,1.26195,-0.270556,2.23194,1.3818,-0.313915,2.42464,1.40305,-0.317682,2.4103,1.4073,-0.293709,2.4103,1.38598,-0.290311,2.42464
0.105182,1.30541,-0.201886,38.193,838965095,1.26429,-0.270396,2.23194,1.28389,-0.273516,2.21875,1.28699,-0.251612,2.21875,1.26734,-0.248833,2.23194,1.38832,-0.290152,2.42464,1.40965,-0.293545,2.4103,1.41305,-0.269439,2.4103,1.39168,-0.266416,2.42464
0.0679538,1.3062,-0.184704,-4.04532,838965096,1.2674,-0.248394,2.23194,1.28705,-0.251173,2.21875,1.29015,-0.229269,2.21875,1.27045,-0.226831,2.23194,1.39174,-0.265978,2.42464,1.41312,-0.269,2.4103,1.41653,-0.244894,2.4103,1.3951,-0.242242,2.42464
1.67335,1.32263,-0.163466,-0.934934,838965249,1.27367,-0.221592,2.27679,1.29364,-0.224071,2.26367,1.29598,-0.202061,2.26367,1.27597,-0.199935,2.27679,1.39671,-0.236722,2.47054,1.4183,-0.239402,2.45637,1.42085,-0.215323,2.45637,1.39923,-0.213027,2.47054
3.09553,1.32336,-0.146277,1.27692,838965250,1.27602,-0.199493,2.27679,1.29603,-0.201618,2.26367,1.29836,-0.179608,2.26367,1.27832,-0.177837,2.27679,1.39928,-0.212584,2.47054,1.4209,-0.214881,2.45637,1.42346,-0.190802,2.45637,1.4018,-0.188889,2.47054
0.153119,1.32257,-0.128947,4.24603,838965251,1.28064,-0.177517,2.27679,1.30069,-0.179297,2.26367,1.30226,-0.157219,2.26367,1.28218,-0.155794,2.27679,1.40414,-0.188341,2.47054,1.4258,-0.190265,2.45637,1.42752,-0.166112,2.45637,1.40583,-0.164572,2.47054
0.0416286,1.32331,-0.111759,-3.72612,838965252,1.28222,-0.15535,2.27679,1.30229,-0.156775,2.26367,1.30385,-0.134696,2.26367,1.28376,-0.133626,2.27679,1.40586,-0.164128,2.47054,1.42755,-0.165668,2.45637,1.42926,-0.141515,2.45637,1.40755,-0.140359,2.47054
0.157856,1.32255,0.112664,-26.2421,838965265,1.28598,0.134035,2.27679,1.30587,0.137161,2.26367,1.30204,0.158962,2.26367,1.28222,0.155485,2.27679,1.40843,0.153432,2.47054,1.42991,0.15681,2.45637,1.42573,0.180659,2.45637,1.40431,0.176902,2.47054
0.269929,1.32339,-0.882828,2.84003,838965568,0.811224,-1.00495,2.27679,0.824676,-1.01992,2.26367,0.841137,-1.00512,2.26367,0.82742,-0.990394,2.27679,0.894087,-1.09714,2.47054,0.908623,-1.11331,2.45637,0.926632,-1.09712,2.45637,0.911809,-1.08121,2.47054
0.220791,1.3225,-0.6545,-27.0245,838965581,1.01885,-0.796148,2.27679,1.03533,-0.80771,2.26367,1.04772,-0.789372,2.26367,1.03105,-0.778104,2.27679,1.1204,-0.867257,2.47054,1.13821,-0.879753,2.45637,1.15176,-0.859691,2.45637,1.13375,-0.847515,2.47054
0.186579,1.32252,-0.619984,13.272,838965583,1.0457,-0.760501,2.27679,1.06256,-0.771481,2.26367,1.07431,-0.752721,2.26367,1.05725,-0.742042,2.27679,1.14967,-0.82802,2.47054,1.16789,-0.839886,2.45637,1.18074,-0.819364,2.45637,1.16231,-0.807824,2.47054
0.0717087,1.32263,-0.512532,54.9825,838965589,1.12107,-0.643849,2.27679,1.13899,-0.653009,2.26367,1.14871,-0.633126,2.26367,1.13064,-0.624285,2.27679,1.23152,-0.700151,2.47054,1.25088,-0.710051,2.45637,1.26152,-0.688299,2.45637,1.24199,-0.678745,2.47054
-0.0481426,1.32336,-0.495342,-4.51418,838965590,1.13083,-0.623886,2.27679,1.14891,-0.632726,2.26367,1.15863,-0.612843,2.26367,1.1404,-0.604322,2.27679,1.24218,-0.678345,2.47054,1.26172,-0.687899,2.45637,1.27236,-0.666147,2.45637,1.25265,-0.656939,2.47054
0.00652184,1.32257,-0.478013,-3.59719,838965591,1.1427,-0.604816,2.27679,1.16092,-0.613346,2.26367,1.16995,-0.593135,2.26367,1.15157,-0.584931,2.27679,1.25504,-0.657227,2.47054,1.27474,-0.666444,2.45637,1.28461,-0.644334,2.45637,1.26476,-0.635468,2.47054
0.0992443,1.32331,-0.460824,-3.32517,838965592,1.15176,-0.584524,2.27679,1.17013,-0.592728,2.26367,1.17915,-0.572517,2.26367,1.16063,-0.564639,2.27679,1.26494,-0.635062,2.47054,1.2848,-0.643928,2.45637,1.29467,-0.621818,2.45637,1.27466,-0.613304,2.47054
0.203178,1.32253,-0.443495,-7.35168,838965593,1.16294,-0.565053,2.27679,1.18146,-0.57294,2.26367,1.18977,-0.552426,2.26367,1.17112,-0.544869,2.27679,1.27705,-0.613507,2.47054,1.29706,-0.622031,2.45637,1.30616,-0.59959,2.45637,1.286,-0.591423,2.47054
0.440638,1.32328,-0.426308,-2.60225,838965594,1.17129,-0.544457,2.27679,1.18994,-0.552014,2.26367,1.19825,-0.5315,2.26367,1.17947,-0.524273,2.27679,1.28617,-0.59101,2.47054,1.30632,-0.599177,2.45637,1.31542,-0.576736,2.45637,1.29512,-0.568926,2.47054
0.887132,1.3225,-0.408979,-1.49782,838965595,1.18179,-0.524606,2.27679,1.20057,-0.531842,2.26367,1.20816,-0.51105,2.26367,1.18926,-0.504149,2.27679,1.29753,-0.569045,2.47054,1.31782,-0.576865,2.45637,1.32612,-0.55412,2.45637,1.3057,-0.546662,2.47054
6.86963,1.32326,-0.391793,-0.42392,838965596,1.18941,-0.503731,2.27679,1.20832,-0.510632,2.26367,1.21591,-0.489841,2.26367,1.19688,-0.483274,2.27679,1.30585,-0.546244,2.47054,1.32628,-0.553702,2.45637,1.33458,-0.530956,2.45637,1.31402,-0.52386,2.47054
16.5982,1.32249,-0.374464,-0.213115,838965597,1.19922,-0.483525,2.27679,1.21824,-0.490101,2.26367,1.2251,-0.469057,2.26367,1.20597,-0.46282,2.27679,1.31643,-0.523896,2.47054,1.33699,-0.531002,2.45637,1.34449,-0.50798,2.45637,1.32382,-0.501241,2.47054
9.43765,1.32325,-0.357278,-0.129977,838965598,1.2061,-0.462397,2.27679,1.22524,-0.468634,2.26367,1.2321,-0.44759,2.26367,1.21285,-0.441692,2.27679,1.32395,-0.500817,2.47054,1.34463,-0.507557,2.45637,1.35213,-0.484536,2.45637,1.33134,-0.478162,2.47054
10.0549,1.32249,-0.339949,0.705543,838965599,1.2152,-0.441862,2.27679,1.23443,-0.447769,2.26367,1.24056,-0.426498,2.26367,1.22122,-0.420933,2.27679,1.33375,-0.478114,2.47054,1.35454,-0.484497,2.45637,1.36123,-0.461228,2.45637,1.34034,-0.455214,2.47054
1.1765,1.32325,-0.322764,0.0101289,838965600,1.22134,-0.420505,2.27679,1.24068,-0.42607,2.26367,1.2468,-0.4048,2.26367,1.22736,-0.399577,2.27679,1.34046,-0.454786,2.47054,1.36136,-0.4608,2.45637,1.36805,-0.437531,2.45637,1.34705,-0.431887,2.47054
1.91272,1.3225,-0.305434,-0.0267787,838965601,1.22971,-0.399665,2.27679,1.24914,-0.404897,2.26367,1.25452,-0.383425,2.26367,1.235,-0.378539,2.27679,1.34946,-0.431754,2.47054,1.37046,-0.437408,2.45637,1.37634,-0.413919,2.45637,1.35524,-0.408639,2.47054
0.463914,1.32327,-0.288249,-1.82502,838965602,1.23511,-0.378107,2.27679,1.25463,-0.382993,2.26367,1.26,-0.361522,2.26367,1.24039,-0.356981,2.27679,1.35535,-0.408207,2.47054,1.37644,-0.413487,2.45637,1.38232,-0.389998,2.45637,1.36114,-0.385091,2.47054
3.44194,1.32252,-0.270918,0.217404,838965603,1.24274,-0.356987,2.27679,1.26234,-0.361537,2.26367,1.26697,-0.339891,2.26367,1.24729,-0.33569,2.27679,1.36353,-0.384875,2.47054,1.38472,-0.389792,2.45637,1.38978,-0.366112,2.45637,1.36851,-0.361571,2.47054
1.00622,1.32329,-0.253733,-0.914514,838965604,1.24738,-0.335254,2.27679,1.26706,-0.339456,2.26367,1.27168,-0.317809,2.26367,1.25193,-0.313956,2.27679,1.3686,-0.361136,2.47054,1.38987,-0.365676,2.45637,1.39492,-0.341996,2.45637,1.37358,-0.337832,2.47054
0.285657,1.32255,-0.236401,2.79786,838965605,1.25427,-0.313881,2.27679,1.27402,-0.317743,2.26367,1.27789,-0.295949,2.26367,1.25807,-0.292437,2.27679,1.37597,-0.337532,2.47054,1.39731,-0.341706,2.45637,1.40154,-0.317864,2.45637,1.38013,-0.314069,2.47054
0.11323,1.32333,-0.219216,-34.7938,838965606,1.25815,-0.291999,2.27679,1.27796,-0.29551,2.26367,1.28183,-0.273716,2.26367,1.26195,-0.270555,2.27679,1.3802,-0.313631,2.47054,1.40161,-0.317426,2.45637,1.40584,-0.293583,2.45637,1.38436,-0.290168,2.47054
-0.0463652,1.32339,-0.184697,-5.29839,838965608,1.2674,-0.248393,2.27679,1.28733,-0.251211,2.26367,1.29043,-0.229295,2.26367,1.27045,-0.22683,2.27679,1.39014,-0.26575,2.47054,1.41167,-0.268794,2.45637,1.41506,-0.244819,2.45637,1.39347,-0.242156,2.47054
0.0212749,1.33979,-0.163464,-1.83802,838965761,1.27367,-0.221591,2.32205,1.29375,-0.224083,2.30911,1.29609,-0.202072,2.30911,1.27597,-0.199935,2.32205,1.39509,-0.23655,2.51684,1.41679,-0.239242,2.50285,1.41935,-0.215164,2.50285,1.39761,-0.212855,2.51684
0.139217,1.34052,-0.146275,5.95734,838965762,1.27602,-0.199493,2.32205,1.29614,-0.20163,2.30911,1.29847,-0.179619,2.30911,1.27832,-0.177837,2.32205,1.39766,-0.212412,2.51684,1.4194,-0.214721,2.50285,1.42196,-0.190643,2.50285,1.40017,-0.188717,2.51684
-0.0907108,1.33974,-0.128944,-2.0569,838965763,1.28064,-0.177517,2.32205,1.3008,-0.179305,2.30911,1.30236,-0.157226,2.30911,1.28218,-0.155794,2.32205,1.40251,-0.188225,2.51684,1.4243,-0.190158,2.50285,1.42601,-0.166005,2.50285,1.4042,-0.164456,2.51684
-0.145064,1.34048,-0.111757,-1.28456,838965764,1.28222,-0.15535,2.32205,1.3024,-0.156782,2.30911,1.30396,-0.134704,2.30911,1.28376,-0.133626,2.32205,1.40423,-0.164013,2.51684,1.42604,-0.165561,2.50285,1.42776,-0.141408,2.50285,1.40592,-0.140244,2.51684
0.1457,1.3405,-0.917346,2.16073,838966078,0.776106,-1.03241,2.32205,0.789097,-1.04792,2.30911,0.806065,-1.0337,2.30911,0.792802,-1.01842,2.32205,0.854653,-1.12618,2.51684,0.868691,-1.14294,2.50285,0.887254,-1.1274,2.50285,0.87292,-1.11088,2.51684
0.227331,1.33976,-0.900012,-8.79495,838966079,0.794696,-1.01981,2.32205,0.807956,-1.03509,2.30911,0.824417,-1.0203,2.30911,0.810893,-1.00525,2.32205,0.874944,-1.11215,2.51684,0.889274,-1.12867,2.50285,0.907282,-1.11248,2.50285,0.892666,-1.09622,2.51684
0.0907274,1.33969,-0.443493,-2.88023,838966105,1.16294,-0.565053,2.32205,1.18156,-0.572981,2.30911,1.18987,-0.552467,2.30911,1.17112,-0.544869,2.32205,1.27554,-0.612895,2.51684,1.29566,-0.621463,2.50285,1.30476,-0.599022,2.50285,1.28449,-0.590811,2.51684
0.256042,1.34044,-0.426306,-28.0394,838966106,1.17129,-0.544457,2.32205,1.19004,-0.552055,2.30911,1.19835,-0.531541,2.30911,1.17947,-0.524273,2.32205,1.28466,-0.590398,2.51684,1.30492,-0.598609,2.50285,1.31402,-0.576168,2.50285,1.29361,-0.568314,2.51684
0.0704885,1.33967,-0.408977,-21.1702,838966107,1.18179,-0.524606,2.32205,1.20067,-0.531879,2.30911,1.20827,-0.511088,2.30911,1.18926,-0.504149,2.32205,1.29599,-0.568486,2.51684,1.3164,-0.576347,2.50285,1.3247,-0.553601,2.50285,1.30417,-0.546103,2.51684
0.364028,1.34042,-0.391791,-6.54431,838966108,1.18941,-0.503731,2.32205,1.20842,-0.51067,2.30911,1.21601,-0.489878,2.30911,1.19688,-0.483274,2.32205,1.30432,-0.545685,2.51684,1.32486,-0.553183,2.50285,1.33316,-0.530438,2.50285,1.31249,-0.523301,2.51684
0.348311,1.33965,-0.374461,-0.78782,838966109,1.19922,-0.483525,2.32205,1.21834,-0.490135,2.30911,1.2252,-0.469091,2.30911,1.20597,-0.46282,2.32205,1.31488,-0.523391,2.51684,1.33555,-0.530533,2.50285,1.34305,-0.507512,2.50285,1.32227,-0.500735,2.51684
0.298238,1.34041,-0.357276,-1.03928,838966110,1.2061,-0.462397,2.32205,1.22534,-0.468668,2.30911,1.2322,-0.447624,2.30911,1.21285,-0.441692,2.32205,1.32241,-0.500312,2.51684,1.34319,-0.507089,2.50285,1.3507,-0.484067,2.50285,1.32979,-0.477657,2.51684
0.341449,1.33965,-0.339946,-4.23133,838966111,1.2152,-0.441862,2.32205,1.23454,-0.447799,2.30911,1.24066,-0.426528,2.30911,1.22122,-0.420933,2.32205,1.33218,-0.477663,2.51684,1.35309,-0.484079,2.50285,1.35978,-0.46081,2.50285,1.33877,-0.454763,2.51684
0.141073,1.34042,-0.322762,8.54379,838966112,1.22134,-0.420505,2.32205,1.24078,-0.426101,2.30911,1.2469,-0.40483,2.30911,1.22736,-0.399577,2.32205,1.33889,-0.454336,2.51684,1.35991,-0.460382,2.50285,1.3666,-0.437113,2.50285,1.34549,-0.431436,2.51684
0.0655829,1.33966,-0.305431,40.3751,838966113,1.22971,-0.399665,2.32205,1.24925,-0.404923,2.30911,1.25462,-0.383452,2.30911,1.235,-0.378539,2.32205,1.34787,-0.431359,2.51684,1.36899,-0.437041,2.50285,1.37487,-0.413552,2.50285,1.35366,-0.408243,2.51684
0.0169279,1.34043,-0.288247,-2.59044,838966114,1.23511,-0.378107,2.32205,1.25473,-0.38302,2.30911,1.26011,-0.361548,2.30911,1.24039,-0.356981,2.32205,1.35377,-0.407811,2.51684,1.37498,-0.41312,2.50285,1.38086,-0.389631,2.50285,1.35956,-0.384696,2.51684
0.298093,1.33968,-0.270916,-7.81668,838966115,1.24274,-0.356987,2.32205,1.26245,-0.36156,2.30911,1.26707,-0.339914,2.30911,1.24729,-0.33569,2.32205,1.36194,-0.384535,2.51684,1.38324,-0.389476,2.50285,1.3883,-0.365796,2.50285,1.36692,-0.361231,2.51684
0.323582,1.34046,-0.253731,-9.32312,838966116,1.24738,-0.335254,2.32205,1.26717,-0.339479,2.30911,1.27179,-0.317832,2.30911,1.25193,-0.313956,2.32205,1.36701,-0.360796,2.51684,1.38839,-0.365361,2.50285,1.39345,-0.341681,2.50285,1.37198,-0.337492,2.51684
0.235135,1.33972,-0.236399,-3.61595,838966117,1.25427,-0.313881,2.32205,1.27413,-0.317762,2.30911,1.27799,-0.295968,2.30911,1.25807,-0.292437,2.32205,1.37436,-0.337248,2.51684,1.39582,-0.341443,2.50285,1.40005,-0.3176,2.50285,1.37852,-0.313785,2.51684
0.0251303,1.3405,-0.219214,-4.03771,838966118,1.25815,-0.291999,2.32205,1.27807,-0.295529,2.30911,1.28193,-0.273735,2.30911,1.26195,-0.270555,2.32205,1.3786,-0.313346,2.51684,1.40013,-0.317162,2.50285,1.40435,-0.29332,2.50285,1.38276,-0.289883,2.51684
-0.0388286,1.33976,-0.20188,-3.63918,838966119,1.26429,-0.270397,2.32205,1.28427,-0.273583,2.30911,1.28737,-0.251667,2.30911,1.26734,-0.248834,2.32205,1.38513,-0.289556,2.51684,1.40672,-0.292999,2.50285,1.41011,-0.269023,2.50285,1.38846,-0.265962,2.51684
-0.016049,1.34055,-0.184695,-3.08828,838966120,1.2674,-0.248393,2.32205,1.28744,-0.251226,2.30911,1.29054,-0.22931,2.30911,1.27045,-0.22683,2.32205,1.38852,-0.265521,2.51684,1.41017,-0.268583,2.50285,1.41356,-0.244607,2.50285,1.39186,-0.241927,2.51684
-0.0281701,1.35692,-0.163461,-1.58535,838966273,1.27367,-0.221591,2.36792,1.29386,-0.224094,2.35515,1.2962,-0.202084,2.35515,1.27597,-0.199935,2.36792,1.39347,-0.236377,2.56372,1.41528,-0.239082,2.54992,1.41784,-0.215003,2.54992,1.39598,-0.212682,2.56372
-0.0568448,1.35766,-0.146273,-3.07575,838966274,1.27602,-0.199493,2.36792,1.29624,-0.201641,2.35515,1.29858,-0.179631,2.35515,1.27832,-0.177837,2.36792,1.39603,-0.212239,2.56372,1.41789,-0.21456,2.54992,1.42044,-0.190482,2.54992,1.39855,-0.188544,2.56372
-0.0385943,1.35687,-0.128942,-2.75134,838966275,1.28064,-0.177517,2.36792,1.3009,-0.179313,2.35515,1.30247,-0.157234,2.35515,1.28218,-0.155793,2.36792,1.40088,-0.188109,2.56372,1.42278,-0.19005,2.54992,1.42449,-0.165897,2.54992,1.40257,-0.16434,2.56372
0.0929482,1.35761,-0.111755,16.1059,838966276,1.28222,-0.15535,2.36792,1.3025,-0.15679,2.35515,1.30407,-0.134711,2.35515,1.28376,-0.133626,2.36792,1.4026,-0.163897,2.56372,1.42452,-0.165453,2.54992,1.42624,-0.1413,2.54992,1.40429,-0.140128,2.56372
0.506959,1.35678,-0.025393,1.35413,838966281,1.29227,-0.044209,2.36792,1.31261,-0.0438754,2.35515,1.31186,-0.021754,2.35515,1.29153,-0.0224437,2.36792,1.41296,-0.0421659,2.56372,1.43494,-0.0418054,2.54992,1.43412,-0.0176055,2.54992,1.41215,-0.0183509,2.56372
0.257053,1.35755,-0.00820871,-10.5294,838966282,1.29152,-0.0219988,2.36792,1.31184,-0.0213091,2.35515,1.31109,0.000812234,2.35515,1.29078,-0.000233523,2.36792,1.41213,-0.0179059,2.56372,1.4341,-0.0171606,2.54992,1.43328,0.00703927,2.54992,1.41133,0.00590916,2.56372
0.102032,1.35683,-0.44349,-29.2477,838966617,1.16294,-0.565053,2.36792,1.18166,-0.573022,2.35515,1.18997,-0.552508,2.35515,1.17112,-0.544869,2.36792,1.27403,-0.61228,2.56372,1.29425,-0.620892,2.54992,1.30335,-0.59845,2.54992,1.28298,-0.590195,2.56372
0.0921516,1.35758,-0.426305,22.2872,838966618,1.17129,-0.544456,2.36792,1.19014,-0.552095,2.35515,1.19845,-0.531582,2.35515,1.17947,-0.524273,2.36792,1.28314,-0.589783,2.56372,1.30351,-0.598038,2.54992,1.31261,-0.575597,2.54992,1.29209,-0.567698,2.56372
0.0464064,1.3568,-0.408974,-3.16972,838966619,1.18179,-0.524606,2.36792,1.20078,-0.531916,2.35515,1.20837,-0.511125,2.35515,1.18926,-0.504149,2.36792,1.29446,-0.567925,2.56372,1.31497,-0.575825,2.54992,1.32328,-0.55308,2.54992,1.30263,-0.545541,2.56372
0.0157118,1.35756,-0.391789,-2.96216,838966620,1.18941,-0.503731,2.36792,1.20852,-0.510707,2.35515,1.21611,-0.489915,2.35515,1.19688,-0.483274,2.36792,1.30278,-0.545123,2.56372,1.32343,-0.552661,2.54992,1.33173,-0.529916,2.54992,1.31095,-0.522739,2.56372
-0.0603657,1.35678,-0.374459,-3.43799,838966621,1.19922,-0.483525,2.36792,1.21844,-0.490168,2.35515,1.2253,-0.469124,2.35515,1.20597,-0.46282,2.36792,1.31332,-0.522883,2.56372,1.3341,-0.530062,2.54992,1.34161,-0.50704,2.54992,1.32071,-0.500228,2.56372
0.0852408,1.35755,-0.357275,-16.1622,838966622,1.2061,-0.462397,2.36792,1.22544,-0.468701,2.35515,1.2323,-0.447657,2.35515,1.21285,-0.441692,2.36792,1.32085,-0.499804,2.56372,1.34175,-0.506617,2.54992,1.34925,-0.483596,2.54992,1.32823,-0.477149,2.56372
0.0577284,1.35678,-0.339944,50.887,838966623,1.2152,-0.441862,2.36792,1.23464,-0.447829,2.35515,1.24076,-0.426558,2.35515,1.22122,-0.420933,2.36792,1.33061,-0.47721,2.56372,1.35162,-0.483659,2.54992,1.35832,-0.460389,2.54992,1.3372,-0.45431,2.56372
0.0145044,1.35755,-0.32276,-3.43647,838966624,1.22134,-0.420505,2.36792,1.24089,-0.42613,2.35515,1.24701,-0.40486,2.35515,1.22736,-0.399577,2.36792,1.33732,-0.453883,2.56372,1.35844,-0.459961,2.54992,1.36514,-0.436692,2.54992,1.34391,-0.430983,2.56372
0.0339868,1.35679,-0.305429,-3.19563,838966625,1.22971,-0.399665,2.36792,1.24935,-0.40495,2.35515,1.25473,-0.383478,2.35515,1.235,-0.378539,2.36792,1.34629,-0.430961,2.56372,1.36751,-0.436672,2.54992,1.37339,-0.413183,2.54992,1.35207,-0.407845,2.56372
0.116667,1.35757,-0.288245,22.9185,838966626,1.23511,-0.378107,2.36792,1.25484,-0.383046,2.35515,1.26021,-0.361575,2.35515,1.24039,-0.356981,2.36792,1.35218,-0.407413,2.56372,1.3735,-0.412751,2.54992,1.37938,-0.389262,2.54992,1.35797,-0.384298,2.56372
-0.00947782,1.35681,-0.270913,-3.72923,838966627,1.24274,-0.356987,2.36792,1.26256,-0.361583,2.35515,1.26718,-0.339936,2.35515,1.24729,-0.33569,2.36792,1.36034,-0.384193,2.56372,1.38175,-0.389159,2.54992,1.38681,-0.365478,2.54992,1.36531,-0.360889,2.56372
0.217995,1.35759,-0.253729,9.32967,838966628,1.24738,-0.335254,2.36792,1.26727,-0.339501,2.35515,1.27189,-0.317855,2.35515,1.25193,-0.313956,2.36792,1.36541,-0.360454,2.56372,1.3869,-0.365043,2.54992,1.39196,-0.341363,2.54992,1.37038,-0.33715,2.56372
0.104916,1.35685,-0.236396,-2.92957,838966629,1.25427,-0.313881,2.36792,1.27424,-0.317781,2.35515,1.2781,-0.295987,2.35515,1.25807,-0.292437,2.36792,1.37275,-0.336962,2.56372,1.39432,-0.341177,2.54992,1.39855,-0.317335,2.54992,1.37691,-0.313499,2.56372
-0.0531696,1.35764,-0.219212,-2.94162,838966630,1.25815,-0.291999,2.36792,1.27818,-0.295548,2.35515,1.28204,-0.273754,2.35515,1.26195,-0.270555,2.36792,1.37699,-0.313061,2.56372,1.39863,-0.316896,2.54992,1.40285,-0.293054,2.54992,1.38114,-0.289597,2.56372
0.0615364,1.35689,-0.201878,-3.77748,838966631,1.26429,-0.270397,2.36792,1.28438,-0.273598,2.35515,1.28748,-0.251682,2.35515,1.26734,-0.248834,2.36792,1.3835,-0.289327,2.56372,1.40521,-0.292786,2.54992,1.4086,-0.26881,2.54992,1.38684,-0.265733,2.56372
-0.0248761,1.35769,-0.184693,-4.32908,838966632,1.2674,-0.248393,2.36792,1.28754,-0.251241,2.35515,1.29064,-0.229325,2.35515,1.27045,-0.22683,2.36792,1.3869,-0.265292,2.56372,1.40867,-0.26837,2.54992,1.41206,-0.244394,2.54992,1.39024,-0.241698,2.56372
0.12743,1.3739,-0.0599059,-2.14968,838966791,1.28995,-0.0887713,2.41441,1.31039,-0.0891483,2.40181,1.31042,-0.0670142,2.40181,1.28997,-0.0669935,2.41441,1.40899,-0.090943,2.61122,1.43108,-0.0913503,2.5976,1.4311,-0.0671365,2.5976,1.40901,-0.0671142,2.61122
0.242995,1.37466,0.0263076,-0.380782,838966796,1.29151,0.0225775,2.41441,1.3119,0.0239841,2.40181,1.31038,0.0460658,2.40181,1.29001,0.0443037,2.41441,1.41026,0.0307672,2.61122,1.43231,0.0322873,2.5976,1.43064,0.0564438,2.5976,1.40863,0.0545395,2.61122
0.361646,1.37389,0.0436395,-3.53186,838966797,1.29224,0.045023,2.41441,1.31261,0.0467867,2.40181,1.31032,0.0688017,2.40181,1.28999,0.0666836,2.41441,1.41085,0.0553154,2.61122,1.43287,0.0572214,2.5976,1.43036,0.081305,2.5976,1.40839,0.079016,2.61122
0.153614,1.37477,-0.844403,-8.45289,838967106,0.849254,-0.973028,2.41441,0.863441,-0.987751,2.40181,0.87938,-0.972393,2.40181,0.864937,-0.957917,2.41441,0.931853,-1.05875,2.61122,0.947184,-1.07466,2.5976,0.96462,-1.05786,2.5976,0.949012,-1.04221,2.61122
0.36625,1.37389,-0.374456,-6.56548,838967133,1.19922,-0.483525,2.41441,1.21854,-0.490201,2.40181,1.22541,-0.469157,2.40181,1.20597,-0.46282,2.41441,1.31176,-0.522372,2.61122,1.33265,-0.529587,2.5976,1.34015,-0.506566,2.5976,1.31914,-0.499717,2.61122
0.173766,1.37466,-0.357273,-10.9823,838967134,1.2061,-0.462397,2.41441,1.22554,-0.468734,2.40181,1.2324,-0.44769,2.40181,1.21285,-0.441692,2.41441,1.31928,-0.499294,2.61122,1.34029,-0.506142,2.5976,1.34779,-0.483121,2.5976,1.32667,-0.476639,2.61122
0.565443,1.3747,-0.253727,-1.7956,838967140,1.24738,-0.335254,2.41441,1.26738,-0.339523,2.40181,1.272,-0.317877,2.40181,1.25193,-0.313956,2.41441,1.3638,-0.36011,2.61122,1.3854,-0.364723,2.5976,1.39046,-0.341043,2.5976,1.36877,-0.336806,2.61122
-0.0370579,1.39111,-0.163457,0.07548,838967297,1.27367,-0.221592,2.46154,1.29407,-0.224116,2.44911,1.29641,-0.202106,2.44911,1.27597,-0.199936,2.46154,1.39018,-0.236029,2.65934,1.41223,-0.238757,2.64591,1.41478,-0.214679,2.64591,1.3927,-0.212333,2.65934
-0.24988,1.39185,-0.14627,-2.00522,838967298,1.27602,-0.199493,2.46154,1.29645,-0.201663,2.44911,1.29879,-0.179653,2.44911,1.27832,-0.177837,2.46154,1.39275,-0.21189,2.65934,1.41483,-0.214236,2.64591,1.41739,-0.190157,2.64591,1.39526,-0.188195,2.65934
-0.342961,1.39105,-0.128937,-2.69433,838967299,1.28064,-0.177517,2.46154,1.30112,-0.179328,2.44911,1.30268,-0.157249,2.44911,1.28218,-0.155794,2.46154,1.39759,-0.187876,2.65934,1.41971,-0.189833,2.64591,1.42143,-0.16568,2.64591,1.39927,-0.164107,2.65934
0.108564,1.39098,-0.0599035,46.4184,838967303,1.28995,-0.0887713,2.46154,1.3105,-0.0891484,2.44911,1.31052,-0.0670143,2.44911,1.28997,-0.0669935,2.46154,1.40733,-0.0909412,2.65934,1.42954,-0.0913488,2.64591,1.42956,-0.0671349,2.64591,1.40735,-0.0671125,2.65934
0.297676,1.39098,0.0436419,8.29355,838967309,1.29224,0.045023,2.46155,1.31272,0.0467976,2.44911,1.31043,0.0688126,2.44911,1.28999,0.0666836,2.46154,1.40921,0.055144,2.65934,1.43134,0.0570617,2.64591,1.42883,0.0811452,2.64591,1.40674,0.0788446,2.65934
0.154255,1.39111,1.93094,50.41,838967417,-0.444931,1.21383,2.46155,-0.452944,1.23275,2.44911,-0.473174,1.22377,2.44911,-0.464836,1.20499,2.46154,-0.490684,1.32195,2.65934,-0.499343,1.3424,2.64591,-0.521474,1.33258,2.64591,-0.512464,1.31228,2.65934
0.132523,1.39111,-2.60692,-2.7583,838967517,-1.11812,-0.648951,2.46154,-1.13537,-0.660128,2.44911,-1.12302,-0.678492,2.44911,-1.10597,-0.667018,2.46154,-1.21666,-0.712783,2.65934,-1.2353,-0.724863,2.64591,-1.22178,-0.744952,2.64591,-1.20335,-0.732553,2.65934
0.245571,1.39101,-0.792551,-6.27063,838967621,0.899551,-0.928726,2.46154,0.91457,-0.942758,2.44911,0.929398,-0.926324,2.44911,0.91414,-0.912557,2.46154,0.985329,-1.00889,2.65934,1.00156,-1.02405,2.64591,1.01778,-1.00607,2.64591,1.00129,-0.991194,2.65934
0.243268,1.39098,-0.758035,20.3095,838967623,0.931096,-0.897165,2.46154,0.946596,-0.910664,2.44911,0.960841,-0.893722,2.44911,0.945112,-0.880497,2.46154,1.01962,-0.97428,2.65934,1.03637,-0.988867,2.64591,1.05196,-0.970334,2.64591,1.03496,-0.956041,2.65934
0.141252,1.39174,-0.706337,-13.1317,838967626,0.975219,-0.847023,2.46154,0.9914,-0.859691,2.44911,1.00504,-0.842263,2.44911,0.988643,-0.829875,2.46154,1.06765,-0.919384,2.65934,1.08513,-0.933074,2.64591,1.10006,-0.914008,2.64591,1.08234,-0.900621,2.65934
0.130595,1.39101,-0.443486,13.0521,838967641,1.16294,-0.565053,2.46154,1.18186,-0.573101,2.44911,1.19017,-0.552587,2.44911,1.17112,-0.544869,2.46154,1.27097,-0.61104,2.65934,1.2914,-0.619737,2.64591,1.3005,-0.597296,2.64591,1.27992,-0.588955,2.65934
0.27071,1.39177,-0.426301,4.7475,838967642,1.17129,-0.544457,2.46154,1.19034,-0.552175,2.44911,1.19865,-0.531661,2.44911,1.17947,-0.524273,2.46154,1.28008,-0.588543,2.65934,1.30067,-0.596884,2.64591,1.30976,-0.574442,2.64591,1.28903,-0.566458,2.65934
0.168713,1.39097,-0.374454,19.7745,838967645,1.19922,-0.483525,2.46154,1.21864,-0.490234,2.44911,1.22551,-0.46919,2.44911,1.20597,-0.46282,2.46154,1.31018,-0.52186,2.65934,1.33118,-0.529109,2.64591,1.33869,-0.506088,2.64591,1.31757,-0.499204,2.65934
0.16379,1.391,-0.270908,-0.661864,838967651,1.24274,-0.356987,2.46154,1.26276,-0.361627,2.44911,1.26739,-0.339981,2.44911,1.24729,-0.33569,2.46154,1.35711,-0.383503,2.65934,1.37875,-0.388517,2.64591,1.3838,-0.364837,2.64591,1.36208,-0.3602,2.65934
0.140427,1.39179,-0.253726,13.7151,838967652,1.24738,-0.335254,2.46154,1.26748,-0.339545,2.44911,1.2721,-0.317899,2.44911,1.25193,-0.313956,2.46154,1.36218,-0.359764,2.65934,1.3839,-0.364401,2.64591,1.38895,-0.340721,2.64591,1.36715,-0.336461,2.65934
-0.0472823,1.39103,-0.236391,-2.50911,838967653,1.25427,-0.313881,2.46154,1.27445,-0.317818,2.44911,1.27831,-0.296023,2.44911,1.25807,-0.292437,2.46154,1.3695,-0.336386,2.65934,1.3913,-0.340641,2.64591,1.39552,-0.316798,2.64591,1.37366,-0.312923,2.65934
-0.116254,1.39183,-0.219208,-2.18923,838967654,1.25815,-0.291999,2.46154,1.27839,-0.295585,2.44911,1.28225,-0.273791,2.44911,1.26195,-0.270555,2.46154,1.37373,-0.312484,2.65934,1.3956,-0.31636,2.64591,1.39983,-0.292518,2.64591,1.37789,-0.289021,2.65934
-0.0766098,1.39108,-0.201873,-2.38933,838967655,1.26429,-0.270397,2.46154,1.28459,-0.273628,2.44911,1.28769,-0.251712,2.44911,1.26734,-0.248834,2.46154,1.38023,-0.288864,2.65934,1.40217,-0.292355,2.64591,1.40556,-0.26838,2.64591,1.38357,-0.26527,2.65934
0.0156685,1.39188,-0.184689,-3.58088,838967656,1.2674,-0.248393,2.46154,1.28775,-0.251271,2.44911,1.29085,-0.229355,2.44911,1.27045,-0.22683,2.46154,1.38363,-0.26483,2.65934,1.40562,-0.267939,2.64591,1.40901,-0.243964,2.64591,1.38697,-0.241236,2.65934
0.0229035,1.40825,-0.163453,-43.7389,838967809,1.27367,-0.221592,2.5098,1.29436,-0.22416,2.49743,1.2967,-0.202138,2.49743,1.27597,-0.199936,2.5098,1.38867,-0.235732,2.7085,1.41089,-0.23849,2.69522,1.41343,-0.214536,2.69522,1.39117,-0.212171,2.7085
0.100671,1.40889,-0.0427123,-40.4945,838967816,1.28997,-0.0665475,2.5098,1.31082,-0.0665685,2.49743,1.31084,-0.0444228,2.49743,1.28999,-0.0447697,2.5098,1.40582,-0.0666648,2.7085,1.4282,-0.0666875,2.69522,1.42823,-0.042599,2.69522,1.40584,-0.0429716,2.7085
0.161971,1.40817,0.112678,-10.0578,838967825,1.28598,0.134034,2.5098,1.30658,0.137274,2.49743,1.30275,0.159086,2.49743,1.28222,0.155485,2.5098,1.40042,0.152163,2.7085,1.42254,0.155642,2.69522,1.41838,0.179368,2.69522,1.39632,0.1755,2.7085
0.155875,1.40895,0.237322,0.21836,838967832,1.25802,0.292564,2.5098,1.27807,0.298288,2.49743,1.27198,0.319583,2.49743,1.25204,0.313504,2.5098,1.36941,0.324376,2.7085,1.39094,0.330524,2.69522,1.38433,0.353687,2.69522,1.36291,0.347159,2.7085
0.265549,1.40888,1.73713,46.2482,838967918,-0.202606,1.27572,2.5098,-0.20692,1.29611,2.49743,-0.228586,1.29153,2.49743,-0.223912,1.27121,2.5098,-0.22658,1.38905,2.7085,-0.231213,1.41096,2.69522,-0.25478,1.40597,2.69522,-0.24976,1.38415,2.7085
0.263033,1.40815,-0.792548,2.30399,838968133,0.89955,-0.928727,2.5098,0.914781,-0.942965,2.49743,0.929617,-0.926523,2.49743,0.914139,-0.912558,2.5098,0.984277,-1.00775,2.7085,1.00063,-1.02305,2.69522,1.01677,-1.00516,2.69522,1.00015,-0.990163,2.7085
0.227063,1.40891,-0.775359,-9.83791,838968134,0.914439,-0.912226,2.5098,0.929916,-0.926191,2.49743,0.944752,-0.909749,2.49743,0.929028,-0.896057,2.5098,1.00045,-0.989831,2.7085,1.01707,-1.00483,2.69522,1.03321,-0.986945,2.69522,1.01632,-0.97224,2.7085
0.652787,1.40812,-0.758031,4.79047,838968135,0.931096,-0.897166,2.5098,0.946814,-0.910863,2.49743,0.961067,-0.893913,2.49743,0.945111,-0.880497,2.5098,1.01853,-0.973186,2.7085,1.03541,-0.987897,2.69522,1.05091,-0.969459,2.69522,1.03378,-0.955051,2.7085
0.097156,1.40825,-0.512519,5.44811,838968149,1.12107,-0.64385,2.5098,1.13963,-0.653339,2.49743,1.14936,-0.633445,2.49743,1.13064,-0.624286,2.5098,1.22429,-0.696467,2.7085,1.24423,-0.706659,2.69522,1.25481,-0.68502,2.69522,1.2347,-0.675183,2.7085
0.131862,1.409,-0.495328,-5.46116,838968150,1.13083,-0.623885,2.5098,1.14956,-0.633044,2.49743,1.15929,-0.61315,2.49743,1.1404,-0.604321,2.5098,1.2349,-0.674782,2.7085,1.25501,-0.684618,2.69522,1.26559,-0.662979,2.69522,1.24531,-0.653498,2.7085
0.149049,1.40891,-0.426294,1.96863,838968154,1.17129,-0.544456,2.5098,1.19061,-0.552285,2.49743,1.19893,-0.53176,2.49743,1.17947,-0.524272,2.5098,1.27866,-0.587964,2.7085,1.29941,-0.596372,2.69522,1.30845,-0.574047,2.69522,1.28755,-0.566005,2.7085
-0.0440958,1.40814,-0.270904,-4.09751,838968163,1.24274,-0.356988,2.5098,1.26305,-0.361701,2.49743,1.26767,-0.340043,2.49743,1.24729,-0.33569,2.5098,1.35563,-0.38305,2.7085,1.37744,-0.388111,2.69522,1.38247,-0.364554,2.69522,1.36058,-0.359879,2.7085
0,1.40893,-0.253718,0,838968164,1.24738,-0.335253,2.5098,1.26777,-0.339606,2.49743,1.27239,-0.317948,2.49743,1.25193,-0.313956,2.5098,1.36067,-0.359442,2.7085,1.38257,-0.364117,2.69522,1.3876,-0.340559,2.69522,1.36562,-0.336271,2.7085
0,1.40817,-0.236387,0,838968165,1.25427,-0.313882,2.5098,1.27473,-0.317882,2.49743,1.2786,-0.296076,2.49743,1.25807,-0.292438,2.5098,1.36801,-0.335985,2.7085,1.38998,-0.340281,2.69522,1.39419,-0.316562,2.69522,1.37214,-0.312655,2.7085
0,1.40897,-0.219201,0,838968166,1.25815,-0.291998,2.5098,1.27868,-0.295636,2.49743,1.28254,-0.27383,2.49743,1.26195,-0.270554,2.5098,1.37222,-0.312215,2.7085,1.39426,-0.316122,2.69522,1.39847,-0.292403,2.69522,1.37635,-0.288885,2.7085
0,1.40822,-0.201869,0,838968167,1.26429,-0.270398,2.5098,1.28488,-0.273682,2.49743,1.28798,-0.251754,2.49743,1.26734,-0.248835,2.5098,1.37873,-0.288516,2.7085,1.40084,-0.292042,2.69522,1.40421,-0.268191,2.69522,1.38205,-0.265056,2.7085
0,1.40903,-0.184681,0,838968168,1.2674,-0.248392,2.5098,1.28805,-0.251311,2.49743,1.29115,-0.229384,2.49743,1.27045,-0.226829,2.5098,1.38211,-0.264613,2.7085,1.40428,-0.267748,2.69522,1.40765,-0.243897,2.69522,1.38543,-0.241153,2.7085
0.0170269,1.42543,-0.163451,-1.91765,838968321,1.27367,-0.221592,2.55868,1.29446,-0.22417,2.54647,1.29679,-0.202148,2.54647,1.27597,-0.199936,2.55868,1.38713,-0.235569,2.75827,1.40945,-0.238337,2.74516,1.412,-0.214383,2.74516,1.38963,-0.212008,2.75827
0.0979441,1.42613,0.237323,-1.94258,838968344,1.25802,0.292564,2.55868,1.27816,0.298315,2.54647,1.27208,0.319609,2.54647,1.25204,0.313504,2.55868,1.36793,0.323952,2.75827,1.38955,0.330128,2.74516,1.38294,0.353291,2.74516,1.36142,0.346734,2.75827
0.610826,1.42543,2.97814,-49.1087,838968501,-1.27367,0.221592,2.55868,-1.29446,0.22417,2.54647,-1.29679,0.202148,2.54647,-1.27597,0.199936,2.55868,-1.38713,0.235569,2.75827,-1.40945,0.238337,2.74516,-1.412,0.214383,2.74516,-1.38963,0.212008,2.75827
0.142997,1.42621,-2.62814,39.7879,838968540,-1.13055,-0.624392,2.55868,-1.14832,-0.635474,2.54647,-1.1366,-0.654265,2.54647,-1.11903,-0.642871,2.55868,-1.22754,-0.684879,2.75827,-1.24662,-0.696781,2.74516,-1.23387,-0.71722,2.74516,-1.215,-0.704983,2.75827
0.389843,1.42533,-0.792546,6.25258,838968645,0.89955,-0.928727,2.55868,0.914852,-0.943029,2.54647,0.929688,-0.926587,2.54647,0.914139,-0.912558,2.55868,0.983129,-1.00672,2.75827,0.999562,-1.02208,2.74516,1.0157,-1.00419,2.74516,0.999001,-0.989128,2.75827
0.395969,1.42531,-0.758029,0.27252,838968647,0.931096,-0.897166,2.55868,0.946887,-0.910925,2.54647,0.96114,-0.893974,2.54647,0.945111,-0.880497,2.55868,1.01735,-0.972191,2.75827,1.03431,-0.986968,2.74516,1.04981,-0.968531,2.74516,1.03259,-0.954056,2.75827
0.163151,1.42608,-0.740843,10.0186,838968648,0.945399,-0.880155,2.55868,0.961427,-0.893632,2.54647,0.975679,-0.876682,2.54647,0.959414,-0.863487,2.55868,1.03288,-0.953714,2.75827,1.0501,-0.968188,2.74516,1.0656,-0.949751,2.74516,1.04813,-0.935579,2.75827
0.181158,1.42543,-0.512517,-2.87122,838968661,1.12107,-0.64385,2.55868,1.13972,-0.653381,2.54647,1.14945,-0.633487,2.54647,1.13064,-0.624286,2.55868,1.2229,-0.695788,2.75827,1.24293,-0.706025,2.74516,1.25352,-0.684385,2.74516,1.23331,-0.674504,2.75827
0.108951,1.42533,-0.44348,15.8339,838968665,1.16294,-0.565053,2.55868,1.18221,-0.57326,2.54647,1.19053,-0.552735,2.54647,1.17112,-0.54487,2.55868,1.26816,-0.609756,2.75827,1.28885,-0.618569,2.74516,1.2979,-0.596244,2.74516,1.27706,-0.587797,2.75827
0.123527,1.42607,-0.322747,43.022,838968672,1.22134,-0.420504,2.55868,1.24147,-0.426296,2.54647,1.24759,-0.405014,2.54647,1.22736,-0.399576,2.55868,1.33118,-0.452115,2.75827,1.3528,-0.458335,2.74516,1.35946,-0.435186,2.74516,1.33774,-0.429346,2.75827
-0.0189157,1.42532,-0.270902,-2.7038,838968675,1.24274,-0.356988,2.55868,1.26314,-0.361721,2.54647,1.26777,-0.340063,2.54647,1.24729,-0.33569,2.55868,1.35412,-0.382727,2.75827,1.37603,-0.38781,2.74516,1.38106,-0.364252,2.74516,1.35907,-0.359556,2.75827
0,1.42612,-0.253716,0,838968676,1.24738,-0.335253,2.55868,1.26786,-0.339626,2.54647,1.27248,-0.317968,2.54647,1.25193,-0.313956,2.55868,1.35916,-0.359119,2.75827,1.38116,-0.363815,2.74516,1.38619,-0.340258,2.74516,1.36411,-0.335948,2.75827
0,1.42536,-0.236385,0,838968677,1.25427,-0.313882,2.55868,1.27483,-0.317899,2.54647,1.27869,-0.296093,2.54647,1.25807,-0.292438,2.55868,1.36648,-0.335715,2.75827,1.38856,-0.340029,2.74516,1.39276,-0.31631,2.74516,1.37062,-0.312385,2.75827
0,1.42616,-0.219199,0,838968678,1.25815,-0.291998,2.55868,1.27877,-0.295652,2.54647,1.28264,-0.273847,2.54647,1.26195,-0.270554,2.55868,1.3707,-0.311945,2.75827,1.39284,-0.31587,2.74516,1.39705,-0.292151,2.74516,1.37483,-0.288615,2.75827
0,1.4254,-0.201867,0,838968679,1.26429,-0.270398,2.55868,1.28498,-0.273695,2.54647,1.28808,-0.251767,2.54647,1.26734,-0.248835,2.55868,1.3772,-0.288299,2.75827,1.39941,-0.29184,2.74516,1.40278,-0.267989,2.74516,1.38052,-0.264839,2.75827
0,1.42621,-0.18468,0,838968680,1.2674,-0.248392,2.55868,1.28814,-0.251325,2.54647,1.29124,-0.229397,2.54647,1.27045,-0.226829,2.55868,1.38058,-0.264397,2.75827,1.40285,-0.267546,2.74516,1.40622,-0.243695,2.74516,1.3839,-0.240937,2.75827
0.0329034,1.44258,-0.163449,-1.86714,838968833,1.27367,-0.221592,2.60821,1.29455,-0.22418,2.59617,1.29689,-0.202158,2.59617,1.27597,-0.199936,2.60821,1.38558,-0.235405,2.80869,1.40801,-0.238184,2.79575,1.41055,-0.21423,2.79575,1.38809,-0.211844,2.80869
0.180575,1.44329,-0.809873,-9.66437,838969156,0.882378,-0.943196,2.60821,0.897494,-0.957825,2.59617,0.912895,-0.941911,2.59617,0.897523,-0.927547,2.60821,0.963398,-1.0216,2.80869,0.979632,-1.03731,2.79575,0.996384,-1.02,2.79575,0.979875,-1.00458,2.80869
0.175369,1.44333,-0.495325,27.0165,838969174,1.13083,-0.623885,2.60821,1.14973,-0.633127,2.59617,1.15946,-0.613233,2.59617,1.1404,-0.604321,2.60821,1.23212,-0.67342,2.80869,1.25241,-0.683346,2.79575,1.26299,-0.661707,2.79575,1.24253,-0.652136,2.80869
-0.0835165,1.44247,-0.2709,-3.5233,838969187,1.24274,-0.356988,2.60821,1.26324,-0.36174,2.59617,1.26786,-0.340083,2.59617,1.24729,-0.33569,2.60821,1.3526,-0.382403,2.80869,1.37461,-0.387507,2.79575,1.37964,-0.363949,2.79575,1.35755,-0.359232,2.80869
0,1.44327,-0.253715,0,838969188,1.24738,-0.335253,2.60821,1.26795,-0.339646,2.59617,1.27258,-0.317988,2.59617,1.25193,-0.313956,2.60821,1.35764,-0.358795,2.80869,1.37974,-0.363512,2.79575,1.38477,-0.339955,2.79575,1.36259,-0.335624,2.80869
0,1.44251,-0.236383,0,838969189,1.25427,-0.313882,2.60821,1.27492,-0.317915,2.59617,1.27879,-0.296109,2.59617,1.25807,-0.292438,2.60821,1.36495,-0.335444,2.80869,1.38713,-0.339776,2.79575,1.39133,-0.316057,2.79575,1.36909,-0.312114,2.80869
0,1.44331,-0.219197,0,838969190,1.25815,-0.291998,2.60821,1.27886,-0.295669,2.59617,1.28273,-0.273863,2.59617,1.26195,-0.270554,2.60821,1.36917,-0.311674,2.80869,1.39141,-0.315617,2.79575,1.39562,-0.291898,2.79575,1.3733,-0.288344,2.80869
0,1.44255,-0.201864,0,838969191,1.26429,-0.270398,2.60821,1.28507,-0.273708,2.59617,1.28817,-0.25178,2.59617,1.26734,-0.248835,2.60821,1.37566,-0.288082,2.80869,1.39797,-0.291637,2.79575,1.40135,-0.267785,2.79575,1.37898,-0.264622,2.80869
0,1.44337,-0.184678,0,838969192,1.2674,-0.248392,2.60821,1.28823,-0.251338,2.59617,1.29133,-0.22941,2.59617,1.27045,-0.226829,2.60821,1.37904,-0.264179,2.80869,1.40141,-0.267343,2.79575,1.40478,-0.243492,2.79575,1.38236,-0.240719,2.80869
-0.0277973,1.4597,-0.163447,-0.36657,838969345,1.27367,-0.221592,2.65843,1.29464,-0.22419,2.64655,1.29698,-0.202168,2.64655,1.27597,-0.199936,2.65843,1.38403,-0.23524,2.85978,1.40656,-0.23803,2.84702,1.4091,-0.214076,2.84702,1.38654,-0.211679,2.85978
0.1574,1.45956,-0.374444,-9.21772,838969693,1.19922,-0.483526,2.65843,1.21919,-0.490425,2.64655,1.22605,-0.46937,2.64655,1.20597,-0.462821,2.65843,1.30433,-0.51981,2.85978,1.32579,-0.52722,2.84702,1.33325,-0.504318,2.84702,1.31168,-0.497284,2.85978
0.0983362,1.46034,-0.357259,26.7887,838969694,1.20611,-0.462396,2.65843,1.22619,-0.468945,2.64655,1.23306,-0.44789,2.64655,1.21286,-0.441691,2.65843,1.31182,-0.496859,2.85978,1.33339,-0.503893,2.84702,1.34086,-0.48099,2.84702,1.31916,-0.474333,2.85978
0.101227,1.45956,-0.339929,41.3993,838969695,1.2152,-0.441862,2.65843,1.2354,-0.448059,2.64655,1.24152,-0.426777,2.64655,1.22122,-0.420934,2.65843,1.32152,-0.474453,2.85978,1.34321,-0.481109,2.84702,1.34988,-0.45796,2.84702,1.32807,-0.451684,2.85978
0.113287,1.45959,-0.270898,-2.92304,838969699,1.24274,-0.356988,2.65843,1.26333,-0.36176,2.64655,1.26795,-0.340102,2.64655,1.24729,-0.33569,2.65843,1.35108,-0.382078,2.85978,1.37319,-0.387202,2.84702,1.37822,-0.363644,2.84702,1.35602,-0.358906,2.85978
0,1.46039,-0.253713,0,838969700,1.24738,-0.335253,2.65843,1.26804,-0.339665,2.64655,1.27267,-0.318007,2.64655,1.25193,-0.313956,2.65843,1.35612,-0.358469,2.85978,1.37831,-0.363207,2.84702,1.38334,-0.33965,2.84702,1.36106,-0.335298,2.85978
0,1.45963,-0.236381,0,838969701,1.25427,-0.313882,2.65843,1.27501,-0.317931,2.64655,1.27888,-0.296125,2.64655,1.25807,-0.292438,2.65843,1.36342,-0.335172,2.85978,1.38569,-0.339521,2.84702,1.3899,-0.315802,2.84702,1.36755,-0.311842,2.85978
0,1.46043,-0.219196,0,838969702,1.25815,-0.291998,2.65843,1.27896,-0.295685,2.64655,1.28282,-0.273879,2.64655,1.26195,-0.270554,2.65843,1.36763,-0.311402,2.85978,1.38998,-0.315362,2.84702,1.39418,-0.291643,2.84702,1.37177,-0.288072,2.85978
0,1.45967,-0.201862,0,838969703,1.26429,-0.270398,2.65843,1.28516,-0.273721,2.64655,1.28826,-0.251793,2.64655,1.26734,-0.248835,2.65843,1.37412,-0.287863,2.85978,1.39653,-0.291432,2.84702,1.3999,-0.267581,2.84702,1.37743,-0.264404,2.85978
0,1.46049,-0.184677,0,838969704,1.2674,-0.248392,2.65843,1.28833,-0.251351,2.64655,1.29143,-0.229423,2.64655,1.27045,-0.226829,2.65843,1.3775,-0.263961,2.85978,1.39996,-0.267138,2.84702,1.40334,-0.243287,2.84702,1.38081,-0.240501,2.85978
-0.0603791,1.4768,-0.163445,-0.0784299,838969857,1.27367,-0.221592,2.70935,1.29473,-0.2242,2.69763,1.29707,-0.202178,2.69763,1.27597,-0.199936,2.70935,1.38248,-0.235075,2.91156,1.4051,-0.237875,2.89897,1.40764,-0.213921,2.89897,1.38498,-0.211514,2.91156
-0.119705,1.47756,-0.146256,-0.0803499,838969858,1.27602,-0.199492,2.70935,1.29712,-0.201733,2.69763,1.29946,-0.179711,2.69763,1.27832,-0.177836,2.70935,1.38503,-0.21107,2.91156,1.40769,-0.213476,2.89897,1.41023,-0.189523,2.89897,1.38753,-0.187509,2.91156
0.0122561,1.47674,-0.128925,-1.43586,838969859,1.28064,-0.177518,2.70935,1.30178,-0.179388,2.69763,1.30335,-0.157297,2.69763,1.28218,-0.155794,2.70935,1.38985,-0.187192,2.91156,1.41256,-0.1892,2.89897,1.41426,-0.165172,2.89897,1.39153,-0.163558,2.91156
0.145152,1.47751,-0.111738,-2.79736,838969860,1.28222,-0.155349,2.70935,1.30338,-0.156851,2.69763,1.30495,-0.134761,2.69763,1.28376,-0.133625,2.70935,1.39156,-0.163112,2.91156,1.41429,-0.164726,2.89897,1.416,-0.140698,2.89897,1.39324,-0.139478,2.91156
-0.0287939,1.4767,-0.0944076,-1.22367,838969861,1.28607,-0.133226,2.70935,1.30726,-0.134357,2.69763,1.30806,-0.112225,2.69763,1.28685,-0.111462,2.70935,1.39555,-0.13908,2.91156,1.41831,-0.140294,2.89897,1.41918,-0.116221,2.89897,1.3964,-0.115402,2.91156
-0.0792669,1.47747,-0.0772218,-0.51256,838969862,1.28687,-0.111016,2.70935,1.30807,-0.111778,2.69763,1.30887,-0.089647,2.69763,1.28765,-0.0892519,2.70935,1.39642,-0.114955,2.91156,1.41919,-0.115775,2.89897,1.42006,-0.0917016,2.89897,1.39727,-0.0912772,2.91156
-0.100934,1.47667,-0.0598913,-1.80657,838969863,1.28995,-0.0887722,2.70935,1.31117,-0.0891617,2.69763,1.31119,-0.067016,2.69763,1.28997,-0.0669944,2.70935,1.39957,-0.0907987,2.91156,1.42236,-0.0912171,2.89897,1.42238,-0.0671286,2.89897,1.39959,-0.0671055,2.91156
0.000896135,1.47745,-0.0427063,-1.0212,838969864,1.28997,-0.0665474,2.70935,1.31119,-0.066569,2.69763,1.31121,-0.0444232,2.69763,1.28999,-0.0447696,2.70935,1.39959,-0.0666585,2.91156,1.42238,-0.0666817,2.89897,1.42241,-0.0425931,2.89897,1.39962,-0.0429652,2.91156
0.00522817,1.47665,-0.0253759,-0.88244,838969865,1.29227,-0.0442099,2.70935,1.31349,-0.0438581,2.69763,1.31274,-0.0217251,2.69763,1.29153,-0.0224446,2.70935,1.40189,-0.0424067,2.91156,1.42468,-0.0420289,2.89897,1.42387,-0.0179543,2.89897,1.40109,-0.018727,2.91156
-0.0765838,1.47744,-0.00819151,-1.82002,838969866,1.29152,-0.0219979,2.70935,1.31272,-0.0212783,2.69763,1.31197,0.000854768,2.69763,1.29078,-0.000232645,2.70935,1.40107,-0.0182803,2.91156,1.42385,-0.0175075,2.89897,1.42303,0.0065672,2.89897,1.40027,0.00539934,2.91156
0.128908,1.4768,0.883753,13.8238,838969917,0.82874,0.992234,2.70935,0.841529,1.00917,2.69763,0.823627,1.02221,2.69763,0.811135,1.00505,2.70935,0.894819,1.07972,2.91156,0.908554,1.09791,2.89897,0.889081,1.11209,2.89897,0.875666,1.09367,2.91156
0.167492,1.47674,1.26734,-3.31472,838969939,0.397202,1.23036,2.70935,0.402714,1.25086,2.69763,0.381232,1.25624,2.69763,0.376077,1.23565,2.70935,0.425693,1.33623,2.91156,0.431613,1.35824,2.89897,0.408247,1.3641,2.89897,0.40271,1.34199,2.91156
0.236116,1.47751,1.28453,-3.13763,838969940,0.375643,1.23576,2.70935,0.380799,1.25634,2.69763,0.359316,1.26172,2.69763,0.354518,1.24105,2.70935,0.402276,1.3421,2.91156,0.407813,1.3642,2.89897,0.384446,1.37006,2.89897,0.379293,1.34785,2.91156
0.161918,1.47747,1.66811,-13.5064,838969962,-0.114133,1.2866,2.70935,-0.117065,1.30761,2.69763,-0.138998,1.30455,2.69763,-0.135702,1.28359,2.70935,-0.129277,1.39517,2.91156,-0.132425,1.41774,2.89897,-0.156283,1.41441,2.89897,-0.152743,1.39189,2.91156
0.364779,1.47667,1.68544,-4.05136,838969963,-0.136574,1.28577,2.70935,-0.139875,1.30673,2.69763,-0.161688,1.30291,2.69763,-0.158024,1.28201,2.70935,-0.153613,1.39407,2.91156,-0.157158,1.41659,2.89897,-0.180885,1.41243,2.89897,-0.17695,1.38998,2.91156
0.287461,1.47745,1.70262,-7.9493,838969964,-0.158465,1.28193,2.70935,-0.162128,1.30283,2.69763,-0.183941,1.29901,2.69763,-0.179915,1.27817,2.70935,-0.177391,1.3899,2.91156,-0.181325,1.41235,2.89897,-0.205052,1.40819,2.89897,-0.200728,1.38581,2.91156
0.151475,1.4767,1.99999,14.1712,838969981,-0.527658,1.18038,2.70935,-0.537275,1.1993,2.69763,-0.55684,1.18892,2.69763,-0.546897,1.17018,2.70935,-0.577329,1.27812,2.91156,-0.587658,1.29844,2.89897,-0.608939,1.28715,2.89897,-0.59826,1.26702,2.91156
0.110835,1.47745,2.05169,75.0101,838969984,-0.587353,1.15042,2.70935,-0.597945,1.16881,2.69763,-0.617135,1.15776,2.69763,-0.606225,1.13955,2.70935,-0.642068,1.24541,2.91156,-0.653443,1.26516,2.89897,-0.674316,1.25314,2.89897,-0.662599,1.23358,2.91156
0.131132,1.47668,2.8707,13.3855,838970031,-1.24274,0.356988,2.70935,-1.26342,0.361779,2.69763,-1.26804,0.340121,2.69763,-1.24729,0.33569,2.70935,-1.34954,0.38175,2.91156,-1.37175,0.386896,2.89897,-1.37678,0.363338,2.89897,-1.35449,0.358579,2.91156
0.1348,1.47677,2.93973,-2.50104,838970035,-1.26429,0.270398,2.70935,-1.28525,0.273734,2.69763,-1.28835,0.251806,2.69763,-1.26734,0.248835,2.70935,-1.37257,0.287644,2.91156,-1.39508,0.291227,2.89897,-1.39845,0.267375,2.89897,-1.37588,0.264184,2.91156
0.662342,1.47674,3.01267,1.99485,838970039,-1.28064,0.177518,2.70935,-1.30178,0.179388,2.69763,-1.30335,0.157297,2.69763,-1.28218,0.155794,2.70935,-1.38985,0.187192,2.91156,-1.41256,0.1892,2.89897,-1.41426,0.165172,2.89897,-1.39153,0.163558,2.91156
0.295088,1.47751,3.02985,0.488785,838970040,-1.28222,0.155349,2.70935,-1.30338,0.156851,2.69763,-1.30495,0.134761,2.69763,-1.28376,0.133625,2.70935,-1.39156,0.163112,2.91156,-1.41429,0.164726,2.89897,-1.416,0.140698,2.89897,-1.39324,0.139478,2.91156
0.0868067,1.47756,-2.58972,2.01746,838970078,-1.10572,-0.667388,2.70935,-1.12332,-0.679235,2.69763,-1.11096,-0.697609,2.69763,-1.09356,-0.685456,2.70935,-1.19666,-0.728589,2.91156,-1.21557,-0.741312,2.89897,-1.20212,-0.761297,2.89897,-1.18344,-0.748246,2.91156
0.0906682,1.47677,-2.29626,22.2696,838970095,-0.866318,-0.95971,2.70935,-0.879687,-0.976194,2.69763,-0.862247,-0.989843,2.69763,-0.849168,-0.973133,2.70935,-0.93539,-1.04485,2.91156,-0.949748,-1.06256,2.89897,-0.930778,-1.0774,2.89897,-0.916732,-1.05946,2.91156
0.167115,1.47668,-2.01622,11.8342,838970111,-0.567364,-1.16187,2.70935,-0.575673,-1.1814,2.69763,-0.555147,-1.18971,2.69763,-0.54718,-1.17005,2.70935,-0.610297,-1.26275,2.91156,-0.61922,-1.28373,2.89897,-0.596893,-1.29277,2.89897,-0.588337,-1.27165,2.91156
0.119706,1.4767,-1.49067,-2.67786,838970141,0.0921216,-1.28967,2.70935,0.0946884,-1.31073,2.69763,0.116622,-1.30767,2.69763,0.113691,-1.28666,2.70935,0.105368,-1.3985,2.91156,0.108125,-1.42113,2.89897,0.131982,-1.4178,2.89897,0.128834,-1.39523,2.91156
0.14376,1.47744,-1.02087,-24.3271,838970168,0.665307,-1.10719,2.70935,0.677156,-1.12479,2.69763,0.695528,-1.11243,2.69763,0.683373,-1.09503,2.70935,0.726519,-1.19813,2.91156,0.739245,-1.21703,2.89897,0.759228,-1.20358,2.89897,0.746174,-1.1849,2.91156
0.151893,1.47751,-0.80987,18.9817,838970180,0.882378,-0.943196,2.70935,0.897627,-0.957953,2.69763,0.913028,-0.94204,2.69763,0.897523,-0.927547,2.70935,0.961152,-1.01943,2.91156,0.977529,-1.03528,2.89897,0.99428,-1.01797,2.89897,0.977629,-1.0024,2.91156
0.172373,1.47666,-0.654477,-2.28667,838970189,1.01885,-0.796148,2.70935,1.03623,-0.808336,2.69763,1.04863,-0.789988,2.69763,1.03105,-0.778105,2.70935,1.1086,-0.859119,2.91156,1.12727,-0.872209,2.89897,1.14075,-0.852251,2.89897,1.12187,-0.839489,2.91156
-0.0479034,1.4768,-0.512511,-2.36362,838970197,1.12107,-0.64385,2.70935,1.13997,-0.653503,2.69763,1.1497,-0.63361,2.69763,1.13064,-0.624286,2.70935,1.2187,-0.693733,2.91156,1.239,-0.7041,2.89897,1.24958,-0.682461,2.89897,1.22911,-0.672449,2.91156
-0.087705,1.47756,-0.495322,-2.14999,838970198,1.13083,-0.623885,2.70935,1.1499,-0.633208,2.69763,1.15963,-0.613314,2.69763,1.1404,-0.604321,2.70935,1.22931,-0.672047,2.91156,1.24978,-0.68206,2.89897,1.26036,-0.660421,2.89897,1.23972,-0.650763,2.91156
-0.00643448,1.47674,-0.477991,-3.13783,838970199,1.1427,-0.604817,2.70935,1.16192,-0.613805,2.69763,1.17095,-0.593583,2.69763,1.15157,-0.584932,2.70935,1.24201,-0.65126,2.91156,1.26266,-0.660913,2.89897,1.27248,-0.638917,2.89897,1.25167,-0.629625,2.91156
0.00853603,1.47751,-0.460804,-3.50948,838970200,1.15176,-0.584524,2.70935,1.17113,-0.593175,2.69763,1.18016,-0.572954,2.69763,1.16064,-0.564638,2.70935,1.25185,-0.629217,2.91156,1.27266,-0.638509,2.89897,1.28248,-0.616514,2.89897,1.26151,-0.607583,2.91156
0.0808254,1.4767,-0.443473,-3.42456,838970201,1.16294,-0.565053,2.70935,1.18247,-0.573364,2.69763,1.19079,-0.55284,2.69763,1.17112,-0.54487,2.70935,1.26382,-0.607999,2.91156,1.28479,-0.616925,2.89897,1.29384,-0.5946,2.89897,1.27272,-0.58604,2.91156
-0.0660388,1.47747,-0.426288,-2.87158,838970202,1.17129,-0.544456,2.70935,1.19096,-0.552425,2.69763,1.19928,-0.531901,2.69763,1.17947,-0.524272,2.70935,1.27289,-0.585626,2.91156,1.29401,-0.594185,2.89897,1.30306,-0.57186,2.89897,1.28179,-0.563667,2.91156
-0.0525199,1.47667,-0.408957,-2.25874,838970203,1.18179,-0.524607,2.70935,1.2016,-0.53223,2.69763,1.20919,-0.511428,2.69763,1.18926,-0.50415,2.70935,1.28411,-0.564003,2.91156,1.30538,-0.572191,2.89897,1.31364,-0.549563,2.89897,1.29223,-0.541747,2.91156
-0.0530247,1.47745,-0.391772,-2.23041,838970204,1.18941,-0.50373,2.70935,1.20935,-0.511008,2.69763,1.21694,-0.490205,2.69763,1.19688,-0.483273,2.70935,1.29239,-0.541327,2.91156,1.31379,-0.549143,2.89897,1.32206,-0.526516,2.89897,1.30051,-0.519071,2.91156
0.0120302,1.47665,-0.374442,-2.20488,838970205,1.19922,-0.483526,2.70935,1.21928,-0.490454,2.69763,1.22614,-0.469398,2.69763,1.20597,-0.462821,2.70935,1.30285,-0.519325,2.91156,1.32439,-0.526765,2.89897,1.33186,-0.503863,2.89897,1.31019,-0.496799,2.91156
0.0498727,1.47744,-0.357257,-2.99116,838970206,1.20611,-0.462396,2.70935,1.22628,-0.468973,2.69763,1.23314,-0.447918,2.69763,1.21286,-0.441691,2.70935,1.31033,-0.496374,2.91156,1.332,-0.503438,2.89897,1.33946,-0.480536,2.89897,1.31767,-0.473847,2.91156
-0.0101599,1.47665,-0.339927,-2.0968,838970207,1.21519,-0.441862,2.70935,1.23549,-0.448085,2.69763,1.24161,-0.426803,2.69763,1.22122,-0.420934,2.70935,1.32001,-0.47402,2.91156,1.3418,-0.480703,2.89897,1.34846,-0.457554,2.89897,1.32656,-0.451251,2.91156
-0.0406278,1.47744,-0.322743,-2.24125,838970208,1.22134,-0.420504,2.70935,1.24173,-0.426373,2.69763,1.24786,-0.405091,2.69763,1.22736,-0.399576,2.70935,1.32669,-0.450821,2.91156,1.34859,-0.457124,2.89897,1.35525,-0.433975,2.89897,1.33324,-0.428052,2.91156
0.0639178,1.47666,-0.305411,-3.16398,838970209,1.22971,-0.399666,2.70935,1.2502,-0.405176,2.69763,1.25558,-0.383693,2.69763,1.235,-0.37854,2.70935,1.33558,-0.428143,2.91156,1.3576,-0.434061,2.89897,1.36345,-0.410693,2.89897,1.34134,-0.405159,2.91156
0.0562701,1.47746,-0.288228,-3.48203,838970210,1.23511,-0.378106,2.70935,1.25569,-0.383259,2.69763,1.26107,-0.361776,2.69763,1.24039,-0.35698,2.70935,1.34145,-0.404725,2.91156,1.36355,-0.41026,2.89897,1.3694,-0.386892,2.89897,1.3472,-0.381741,2.91156
-0.0428906,1.47668,-0.270896,-3.52884,838970211,1.24274,-0.356988,2.70935,1.26342,-0.361779,2.69763,1.26804,-0.340121,2.69763,1.24729,-0.33569,2.70935,1.34954,-0.38175,2.91156,1.37175,-0.386896,2.89897,1.37678,-0.363338,2.89897,1.35449,-0.358579,2.91156
0,1.47749,-0.253712,0,838970212,1.24738,-0.335253,2.70935,1.26813,-0.339684,2.69763,1.27276,-0.318027,2.69763,1.25193,-0.313956,2.70935,1.35459,-0.358142,2.91156,1.37687,-0.362901,2.89897,1.3819,-0.339343,2.89897,1.35953,-0.334971,2.91156
0,1.47672,-0.236379,0,838970213,1.25427,-0.313881,2.70935,1.2751,-0.317947,2.69763,1.27897,-0.296141,2.69763,1.25807,-0.292438,2.70935,1.36188,-0.334898,2.91156,1.38425,-0.339265,2.89897,1.38845,-0.315546,2.89897,1.36601,-0.311569,2.91156
0,1.47753,-0.219194,0,838970214,1.25815,-0.291998,2.70935,1.27905,-0.295701,2.69763,1.28291,-0.273895,2.69763,1.26195,-0.270554,2.70935,1.36609,-0.311128,2.91156,1.38853,-0.315106,2.89897,1.39273,-0.291387,2.89897,1.37022,-0.287799,2.91156
0,1.47677,-0.20186,0,838970215,1.26429,-0.270398,2.70935,1.28525,-0.273734,2.69763,1.28835,-0.251806,2.69763,1.26734,-0.248835,2.70935,1.37257,-0.287644,2.91156,1.39508,-0.291227,2.89897,1.39845,-0.267375,2.89897,1.37588,-0.264184,2.91156
0,1.47759,-0.184675,0,838970216,1.2674,-0.248392,2.70935,1.28842,-0.251364,2.69763,1.29152,-0.229436,2.69763,1.27045,-0.226829,2.70935,1.37595,-0.263742,2.91156,1.39851,-0.266933,2.89897,1.40188,-0.243082,2.89897,1.37926,-0.240282,2.91156
