energy,eta,phi,time,detid,front_1_x,front_1_y,front_1_z,front_2_x,front_2_y,front_2_z,front_3_x,front_3_y,front_3_z,front_4_x,front_4_y,front_4_z,back_1_x,back_1_y,back_1_z,back_2_x,back_2_y,back_2_z,back_3_x,back_3_y,back_3_z,back_4_x,back_4_y,back_4_z
0.376073,-0.0302958,1.23209,49.2555,838861905,0.418844,1.22171,-0.0508939,0.418916,1.22189,-0.0273468,0.439123,1.21374,-0.0273468,0.439041,1.21357,-0.0508939,0.504859,1.435,-0.054686,0.504937,1.43519,-0.0292388,0.528867,1.42554,-0.0292388,0.528778,1.42535,-0.054686
0.326735,-0.0673013,-2.69795,50.4437,838863064,-1.16307,-0.564784,-0.0988267,-1.16361,-0.565012,-0.075286,-1.17179,-0.544817,-0.075286,-1.17125,-0.544599,-0.0988267,-1.37464,-0.654795,-0.106402,-1.37522,-0.655041,-0.0809616,-1.3849,-0.631125,-0.0809616,-1.38432,-0.630889,-0.106402
0.201978,-0.067362,-2.6806,51.8507,838863065,-1.15188,-0.584283,-0.0988267,-1.15241,-0.58452,-0.075286,-1.16129,-0.564623,-0.075286,-1.16075,-0.564396,-0.0988267,-1.36181,-0.677963,-0.106402,-1.36238,-0.678218,-0.0809616,-1.3729,-0.654656,-0.0809616,-1.37232,-0.65441,-0.106402
-0.0722352,-0.190424,-2.62896,-1.56074,838866652,-1.12122,-0.643591,-0.258872,-1.12374,-0.644908,-0.236756,-1.13334,-0.625277,-0.236756,-1.13078,-0.624025,-0.258872,-1.32398,-0.747073,-0.292181,-1.32696,-0.748624,-0.26615,-1.33828,-0.725454,-0.26615,-1.33527,-0.723981,-0.292181
0.44133,-0.277326,-2.40065,39.7275,838869225,-0.945584,-0.879957,-0.374308,-0.949225,-0.883018,-0.352398,-0.963305,-0.866265,-0.352398,-0.959595,-0.863285,-0.374308,-1.11702,-1.02404,-0.42688,-1.12129,-1.02763,-0.4012,-1.13785,-1.00792,-0.4012,-1.1335,-1.00443,-0.42688
0.965446,-0.311813,0.969114,-49.6396,838870082,0.722773,1.07212,-0.421251,0.726065,1.07651,-0.399514,0.743319,1.06305,-0.399514,0.739943,1.05872,-0.421251,0.856337,1.24956,-0.48129,0.860196,1.25471,-0.455811,0.880492,1.23887,-0.455811,0.876536,1.2338,-0.48129
0.608754,-0.329446,0.917427,-51.1009,838870591,0.776324,1.03224,-0.444874,0.780082,1.03673,-0.423231,0.796855,1.02267,-0.423231,0.793016,1.01826,-0.444874,0.918283,1.20165,-0.508621,0.922687,1.20691,-0.483254,0.942418,1.19037,-0.483254,0.937919,1.1852,-0.508621
0.00195319,-0.43327,-0.427201,-1.18689,838873946,1.18134,-0.52562,-0.589926,1.18847,-0.52925,-0.568831,1.1782,-0.548606,-0.56883,1.17113,-0.544855,-0.589926,1.37187,-0.622532,-0.67498,1.38018,-0.626764,-0.650384,1.36815,-0.649438,-0.650384,1.35991,-0.645065,-0.67498
0.213203,-0.455319,-0.22012,50.6735,838874470,1.26406,-0.271482,-0.621348,1.27213,-0.273615,-0.60039,1.26609,-0.294714,-0.60039,1.25808,-0.292422,-0.621349,1.46925,-0.326381,-0.709718,1.4786,-0.328854,-0.685425,1.47157,-0.353444,-0.685425,1.46227,-0.350788,-0.709718
0.2009,-0.489789,0.654493,42.175,838875184,1.01904,0.795915,-0.671209,1.02639,0.801083,-0.65052,1.03867,0.7829,-0.65052,1.03123,0.777869,-0.671209,1.19064,0.91619,-0.766148,1.19916,0.922181,-0.742167,1.21348,0.900988,-0.742167,1.20484,0.895156,-0.766148
0.336328,-0.576189,-0.164386,49.149,838877697,1.27588,-0.200336,-0.798841,1.28617,-0.202515,-0.778947,1.28162,-0.224007,-0.778947,1.27137,-0.221641,-0.798841,1.47325,-0.242157,-0.909329,1.4851,-0.244667,-0.886415,1.47982,-0.269577,-0.886414,1.46802,-0.266851,-0.909329
0.201524,-0.661202,1.42159,44.0784,838880348,0.181153,1.28027,-0.931978,0.183427,1.29206,-0.912793,0.204944,1.2875,-0.912793,0.202458,1.27576,-0.931978,0.217952,1.47005,-1.05669,0.220553,1.48352,-1.03475,0.245342,1.47828,-1.03475,0.242499,1.46485,-1.05669
0.222404,-0.746864,2.67977,49.1632,838882980,-1.16246,0.566047,-1.07207,-1.17417,0.572523,-1.05364,-1.16318,0.591598,-1.05364,-1.15158,0.584914,-1.07207,-1.3237,0.655358,-1.20971,-1.33701,0.662713,-1.18878,-1.32442,0.684548,-1.18877,-1.31125,0.676958,-1.20971
0.436639,-0.747407,3.04618,-49.6364,838883001,-1.28679,0.111869,-1.07207,-1.30005,0.113722,-1.05364,-1.297,0.135528,-1.05364,-1.28378,0.133437,-1.07207,-1.46932,0.137393,-1.20971,-1.48437,0.139497,-1.18877,-1.48088,0.164458,-1.18877,-1.46586,0.162084,-1.20971
0.0291235,-0.80387,-2.43535,-0.26046,838884583,-0.975401,-0.846814,-1.16882,-0.98664,-0.855609,-1.15074,-1.00022,-0.838251,-1.15074,-0.988822,-0.829663,-1.16882,-1.11615,-0.956952,-1.31362,-1.12882,-0.966866,-1.29324,-1.14426,-0.947129,-1.29324,-1.13141,-0.937447,-1.31362
0.0440223,-0.803288,-2.41817,-0.6942,838884584,-0.961714,-0.864305,-1.16882,-0.972791,-0.873306,-1.15074,-0.986374,-0.855949,-1.15074,-0.975135,-0.847154,-1.16882,-1.10062,-0.976798,-1.31362,-1.11311,-0.986945,-1.29324,-1.12855,-0.967207,-1.29324,-1.11588,-0.957293,-1.31362
-0.0134241,-0.803877,-2.40084,-0.50666,838884585,-0.945587,-0.879953,-1.16882,-0.956513,-0.889135,-1.15074,-0.970693,-0.872262,-1.15074,-0.959599,-0.863281,-1.16882,-1.0824,-0.99494,-1.31362,-1.09472,-1.00529,-1.29324,-1.11084,-0.986104,-1.29324,-1.09834,-0.97598,-1.31362
-0.00639613,-0.803299,-2.38366,-1.14404,838884586,-0.931298,-0.896955,-1.16882,-0.942054,-0.906338,-1.15074,-0.956235,-0.889466,-1.15074,-0.945309,-0.880284,-1.16882,-1.06619,-1.01423,-1.31362,-1.07832,-1.02481,-1.29324,-1.09444,-1.00562,-1.29324,-1.08213,-0.995271,-1.31362
0.212857,-0.821161,2.93869,-44.3262,838885043,-1.26724,0.249234,-1.19895,-1.28131,0.25273,-1.18106,-1.276,0.27412,-1.18106,-1.26199,0.27037,-1.19895,-1.43889,0.291872,-1.34602,-1.45475,0.295812,-1.32584,-1.44871,0.320136,-1.32584,-1.43292,0.315908,-1.34602
0.00663712,-0.821074,-2.43535,-2.04254,838885095,-0.975401,-0.846814,-1.19895,-0.98682,-0.855749,-1.18106,-1.0004,-0.838392,-1.18106,-0.988822,-0.829663,-1.19895,-1.11469,-0.955809,-1.34602,-1.12756,-0.965882,-1.32584,-1.14301,-0.946144,-1.32584,-1.12995,-0.936304,-1.34602
0.138,-0.820484,-2.41818,-10.6177,838885096,-0.961714,-0.864305,-1.19895,-0.972971,-0.873447,-1.18106,-0.986554,-0.85609,-1.18106,-0.975135,-0.847154,-1.19895,-1.09916,-0.975655,-1.34602,-1.11185,-0.98596,-1.32584,-1.12729,-0.966223,-1.32584,-1.11442,-0.95615,-1.34602
-0.0549406,-0.821081,-2.40084,-1.06912,838885097,-0.945587,-0.879953,-1.19895,-0.956688,-0.889282,-1.18106,-0.970868,-0.872409,-1.18106,-0.959599,-0.863281,-1.19895,-1.08098,-0.993747,-1.34602,-1.0935,-1.00426,-1.32584,-1.10962,-0.985077,-1.32584,-1.09692,-0.974787,-1.34602
0.0365679,-0.820496,-2.38366,-1.245,838885098,-0.931298,-0.896955,-1.19895,-0.942229,-0.906485,-1.18106,-0.95641,-0.889613,-1.18106,-0.945309,-0.880284,-1.19895,-1.06477,-1.01304,-1.34602,-1.07709,-1.02378,-1.32584,-1.09322,-1.00459,-1.32584,-1.08071,-0.994078,-1.34602
0.228923,-0.838256,-2.43536,-0.844266,838885607,-0.975401,-0.846814,-1.22941,-0.986999,-0.855889,-1.21169,-1.00058,-0.838531,-1.21169,-0.988822,-0.829663,-1.22941,-1.11321,-0.954649,-1.3787,-1.12628,-0.964879,-1.35874,-1.14172,-0.945141,-1.35874,-1.12847,-0.935144,-1.3787
1.81587,-0.837657,-2.41818,0.574592,838885608,-0.961714,-0.864305,-1.22941,-0.97315,-0.873587,-1.21169,-0.986732,-0.856229,-1.21169,-0.975135,-0.847154,-1.22941,-1.09768,-0.974494,-1.3787,-1.11057,-0.984957,-1.35874,-1.12601,-0.965219,-1.35874,-1.11294,-0.954989,-1.3787
0.0428626,-0.838263,-2.40084,-2.76349,838885609,-0.945587,-0.879953,-1.22941,-0.956861,-0.889427,-1.21169,-0.971041,-0.872555,-1.21169,-0.959599,-0.863281,-1.22941,-1.07954,-0.992535,-1.3787,-1.09225,-1.00322,-1.35874,-1.10838,-0.984029,-1.35874,-1.09548,-0.973575,-1.3787
-0.0496174,-0.83767,-2.38367,-2.98645,838885610,-0.931298,-0.896955,-1.22941,-0.942402,-0.906631,-1.21169,-0.956583,-0.889758,-1.21169,-0.945309,-0.880284,-1.22941,-1.06333,-1.01183,-1.3787,-1.07585,-1.02273,-1.35874,-1.09197,-1.00355,-1.35874,-1.07926,-0.992866,-1.3787
0.193936,-0.838367,-2.25887,48.1767,838885617,-0.81144,-1.00478,-1.22941,-0.821287,-1.01573,-1.21169,-0.837675,-1.00099,-1.21169,-0.827634,-0.990216,-1.22941,-0.928443,-1.13489,-1.3787,-0.939543,-1.14723,-1.35874,-0.958179,-1.13047,-1.35874,-0.946859,-1.11833,-1.3787
0.117345,-0.854811,-2.76725,-0.223373,838886100,-1.19933,-0.483256,-1.26018,-1.21346,-0.488136,-1.24266,-1.22029,-0.467179,-1.24266,-1.20607,-0.462549,-1.26018,-1.36296,-0.539705,-1.41169,-1.37889,-0.545207,-1.39194,-1.38665,-0.521377,-1.39194,-1.37063,-0.516157,-1.41169
1.53629,-0.855425,-2.74991,-0.437884,838886101,-1.18952,-0.503475,-1.26018,-1.20357,-0.508599,-1.24266,-1.21112,-0.487895,-1.24266,-1.19699,-0.483017,-1.26018,-1.35211,-0.562798,-1.41169,-1.36794,-0.568574,-1.39194,-1.37653,-0.54503,-1.39194,-1.3606,-0.539531,-1.41169
0.0043909,-0.855418,-2.43536,-2.34944,838886119,-0.975401,-0.846814,-1.26018,-0.987175,-0.856027,-1.24266,-1.00076,-0.838669,-1.24266,-0.988822,-0.829663,-1.26018,-1.1117,-0.953471,-1.41169,-1.12497,-0.963856,-1.39194,-1.14042,-0.944119,-1.39194,-1.12696,-0.933966,-1.41169
-0.0166043,-0.854811,-2.41819,-2.14049,838886120,-0.961714,-0.864305,-1.26018,-0.973326,-0.873725,-1.24266,-0.986908,-0.856367,-1.24266,-0.975135,-0.847154,-1.26018,-1.09617,-0.973316,-1.41169,-1.10926,-0.983935,-1.39194,-1.12471,-0.964197,-1.39194,-1.11143,-0.953811,-1.41169
0.0634882,-0.855425,-2.40085,-21.3583,838886121,-0.945587,-0.879953,-1.26018,-0.957032,-0.889572,-1.24266,-0.971213,-0.872699,-1.24266,-0.959599,-0.863281,-1.26018,-1.07808,-0.991305,-1.41169,-1.09098,-1.00215,-1.39194,-1.1071,-0.982962,-1.39194,-1.09401,-0.972345,-1.41169
-0.0306128,-0.854824,-2.38367,-2.21121,838886122,-0.931298,-0.896955,-1.26018,-0.942574,-0.906775,-1.24266,-0.956754,-0.889902,-1.24266,-0.945309,-0.880284,-1.26018,-1.06187,-1.0106,-1.41169,-1.07458,-1.02167,-1.39194,-1.0907,-1.00248,-1.39194,-1.0778,-0.991636,-1.41169
0.25734,-0.871948,0.0252679,52.3234,838886412,1.29228,0.0439184,-1.2913,1.30745,0.0436626,-1.27397,1.3067,0.0216353,-1.27397,1.29154,0.0221533,-1.2913,1.46341,0.0410645,-1.445,1.48052,0.0407762,-1.42546,1.47966,0.0157282,-1.42546,1.46257,0.0163121,-1.445
0.107816,-0.871961,-2.73274,2.89475,838886614,-1.18191,-0.52434,-1.2913,-1.19607,-0.529786,-1.27397,-1.20363,-0.509081,-1.27397,-1.18937,-0.503881,-1.2913,-1.34165,-0.585806,-1.445,-1.35761,-0.591945,-1.42546,-1.3662,-0.568401,-1.42546,-1.35014,-0.562539,-1.445
0.0134921,-0.872562,-2.43537,-2.67747,838886631,-0.975401,-0.846814,-1.2913,-0.987349,-0.856163,-1.27397,-1.00093,-0.838806,-1.27397,-0.988822,-0.829663,-1.2913,-1.11017,-0.952276,-1.445,-1.12364,-0.962815,-1.42546,-1.13909,-0.943077,-1.42546,-1.12544,-0.932771,-1.445
-0.112825,-0.871948,-2.41819,-3.00921,838886632,-0.961714,-0.864305,-1.2913,-0.9735,-0.873861,-1.27397,-0.987083,-0.856504,-1.27397,-0.975135,-0.847154,-1.2913,-1.09464,-0.972121,-1.445,-1.10793,-0.982893,-1.42546,-1.12338,-0.963156,-1.42546,-1.10991,-0.952616,-1.445
-0.0281588,-0.872569,-2.40085,-3.65562,838886633,-0.945588,-0.879953,-1.2913,-0.957202,-0.889714,-1.27397,-0.971382,-0.872842,-1.27397,-0.959599,-0.863281,-1.2913,-1.07659,-0.990057,-1.445,-1.08969,-1.00106,-1.42546,-1.10581,-0.981874,-1.42546,-1.09253,-0.971097,-1.445
-0.00598002,-0.871961,-2.38368,-3.66277,838886634,-0.931298,-0.896955,-1.2913,-0.942743,-0.906917,-1.27397,-0.956924,-0.890045,-1.27397,-0.945309,-0.880284,-1.2913,-1.06038,-1.00935,-1.445,-1.07328,-1.02058,-1.42546,-1.08941,-1.00139,-1.42546,-1.07632,-0.990388,-1.445
0.214748,-0.924068,2.20602,48.469,838888073,-0.775422,1.03292,-1.38705,-0.784289,1.04605,-1.37024,-0.766012,1.0584,-1.37024,-0.757377,1.04512,-1.38705,-0.868098,1.17007,-1.54677,-0.878022,1.18476,-1.52795,-0.857377,1.19871,-1.52795,-0.847714,1.18385,-1.54677
0.126163,-0.941129,1.43885,44.572,838888541,0.15874,1.28189,-1.41968,0.161513,1.29769,-1.40306,0.183239,1.29388,-1.40306,0.18019,1.27813,-1.41968,0.187023,1.44304,-1.58135,0.190126,1.46072,-1.56275,0.214667,1.45641,-1.56275,0.211255,1.43879,-1.58135
0.34855,-0.941216,1.5424,-49.5634,838888547,0.0253947,1.29127,-1.41968,0.0264996,1.30727,-1.40306,0.0485059,1.30575,-1.40306,0.0471208,1.28977,-1.41968,0.0366653,1.45449,-1.58135,0.0379017,1.47239,-1.56275,0.0627587,1.47068,-1.56275,0.0612087,1.4528,-1.58135
0.402437,-0.975402,-1.63372,-48.6455,838889749,-0.0699446,-1.2897,-1.48631,-0.071659,-1.30614,-1.46997,-0.0936164,-1.30385,-1.46997,-0.091605,-1.28744,-1.48631,-0.0865174,-1.44867,-1.65172,-0.0884218,-1.46694,-1.63357,-0.113058,-1.46437,-1.63357,-0.110824,-1.44614,-1.65172
0.6895,-1.0432,2.88679,49.8731,838891696,-1.25401,0.314951,-1.62476,-1.27051,0.319983,-1.60917,-1.2637,0.340985,-1.60917,-1.24729,0.335668,-1.62476,-1.3997,0.359362,-1.79714,-1.41803,0.364952,-1.77982,-1.41039,0.388515,-1.77982,-1.39217,0.38261,-1.79714
0.254696,-1.0439,2.90412,46.9086,838891697,-1.25796,0.292836,-1.62476,-1.27454,0.297576,-1.60917,-1.26847,0.318802,-1.60917,-1.25197,0.313775,-1.62476,-1.40438,0.334689,-1.79714,-1.42281,0.339954,-1.77982,-1.416,0.36377,-1.77982,-1.39767,0.358186,-1.79714
-0.0607231,-1.06103,0.951698,88.8345,838892097,0.740282,1.05846,-1.66072,0.751079,1.0723,-1.64521,0.768498,1.05871,-1.64521,0.757452,1.04506,-1.66072,0.832847,1.17711,-1.83468,0.844754,1.19237,-1.81758,0.864169,1.17722,-1.81758,0.851989,1.16217,-1.83468
0.352669,-1.06099,2.48602,49.2723,838892185,-1.03078,0.778422,-1.66072,-1.04424,0.789694,-1.64521,-1.03005,0.80663,-1.64521,-1.0168,0.795116,-1.66072,-1.14614,0.87506,-1.83468,-1.16097,0.88749,-1.81758,-1.14516,0.906366,-1.81758,-1.13055,0.89367,-1.83468
0.371082,-1.06034,2.88678,50.1962,838892208,-1.25401,0.31495,-1.66072,-1.2708,0.32006,-1.64521,-1.26399,0.341078,-1.64521,-1.24729,0.335667,-1.66072,-1.39793,0.358956,-1.83468,-1.41645,0.364592,-1.81758,-1.40886,0.388018,-1.81758,-1.39045,0.382052,-1.83468
0.324621,-1.06105,2.90412,52.8292,838892209,-1.25796,0.292837,-1.66072,-1.27483,0.29766,-1.64521,-1.26876,0.318903,-1.64521,-1.25197,0.313776,-1.66072,-1.40265,0.334193,-1.83468,-1.42126,0.339513,-1.81758,-1.41449,0.36319,-1.81758,-1.39598,0.357536,-1.83468
0.233538,-1.07817,2.48602,38.2025,838892697,-1.03078,0.778422,-1.6971,-1.04436,0.789798,-1.68178,-1.03017,0.806733,-1.68178,-1.0168,0.795116,-1.6971,-1.14474,0.87389,-1.87262,-1.15971,0.886434,-1.85572,-1.1439,0.90531,-1.85572,-1.12915,0.8925,-1.87262
0.175502,-1.11255,0.146099,43.0947,838893587,1.27606,0.199215,-1.77121,1.29399,0.201115,-1.75626,1.29632,0.179146,-1.75626,1.27836,0.177559,-1.77121,1.42022,0.214494,-1.94979,1.43999,0.21659,-1.9333,1.44259,0.192102,-1.9333,1.42278,0.190352,-1.94979
0.148568,-1.11253,-0.47909,44.4411,838893911,1.15137,-0.585291,-1.77121,1.16699,-0.594295,-1.75626,1.15595,-0.613435,-1.75626,1.14049,-0.604158,-1.77121,1.27696,-0.657693,-1.94979,1.29419,-0.667622,-1.9333,1.28189,-0.688956,-1.9333,1.26484,-0.678726,-1.94979
-0.0233125,-1.15197,0.775186,-2.41718,838894647,0.914638,0.912027,-1.8594,0.928394,0.924434,-1.84468,0.943201,0.908016,-1.84468,0.929223,0.895855,-1.8594,1.0196,1.00669,-2.04086,1.03466,1.02027,-2.02474,1.05106,1.00209,-2.02474,1.03575,0.988775,-2.04086
-0.000583777,-1.15127,0.79237,-0.77748,838894648,0.899757,0.928527,-1.8594,0.913292,0.941179,-1.84468,0.928099,0.924762,-1.84468,0.914342,0.912355,-1.8594,1.00315,1.02493,-2.04086,1.01797,1.03878,-2.02474,1.03436,1.0206,-2.02474,1.0193,1.00702,-2.04086
-0.0377393,-1.152,0.809702,-1.80449,838894649,0.882584,0.943004,-1.8594,0.895898,0.955884,-1.84468,0.91127,0.939993,-1.84468,0.897725,0.927351,-1.8594,0.984171,1.04127,-2.04086,0.998751,1.05538,-2.02474,1.01577,1.03778,-2.02474,1.00094,1.02394,-2.04086
0.0297757,-1.15131,0.826888,-1.5567,838894650,0.867135,0.958974,-1.8594,0.88022,0.972091,-1.84468,0.895591,0.956201,-1.84468,0.882277,0.943321,-1.8594,0.967094,1.05893,-2.04086,0.981422,1.07329,-2.02474,0.998444,1.05569,-2.02474,0.983865,1.04159,-2.04086
-0.0727495,-1.15205,0.844219,-1.20557,838894651,0.849467,0.972843,-1.8594,0.862324,0.98618,-1.84468,0.878241,0.970836,-1.84468,0.865146,0.957729,-1.8594,0.947561,1.0746,-2.04086,0.961639,1.0892,-2.02474,0.979266,1.07221,-2.02474,0.964927,1.05786,-2.04086
-0.101547,-1.15136,0.861407,-2.12799,838894652,0.833471,0.988264,-1.8594,0.846089,1.00183,-1.84468,0.862006,0.986486,-1.84468,0.849149,0.973149,-1.8594,0.929877,1.09165,-2.04086,0.943694,1.1065,-2.02474,0.961321,1.08951,-2.02474,0.947243,1.07491,-2.04086
0.122317,-1.16913,0.775183,17.2465,838895159,0.914638,0.912027,-1.89852,0.9285,0.924529,-1.88398,0.943307,0.908112,-1.88398,0.929223,0.895855,-1.89852,1.01828,1.0055,-2.08135,1.03346,1.01919,-2.06543,1.04986,1.00101,-2.06543,1.03443,0.987587,-2.08135
0.0378722,-1.16843,0.792367,-3.16772,838895160,0.899757,0.928527,-1.89852,0.913398,0.941275,-1.88398,0.928204,0.924857,-1.88398,0.914342,0.912355,-1.89852,1.00183,1.02374,-2.08135,1.01676,1.0377,-2.06543,1.03316,1.01952,-2.06543,1.01798,1.00583,-2.08135
0.148567,-1.16917,0.8097,-4.18516,838895161,0.882583,0.943004,-1.89852,0.896001,0.955983,-1.88398,0.911372,0.940092,-1.88398,0.897725,0.927351,-1.89852,0.982896,1.04004,-2.08135,0.997588,1.05425,-2.06543,1.01461,1.03665,-2.06543,0.999667,1.0227,-2.08135
0.0519488,-1.16846,0.826885,-2.78075,838895162,0.867135,0.958974,-1.89852,0.880323,0.972191,-1.88398,0.895694,0.9563,-1.88398,0.882277,0.943321,-1.89852,0.965819,1.05769,-2.08135,0.980259,1.07217,-2.06543,0.997282,1.05457,-2.06543,0.98259,1.04036,-2.08135
0.00591345,-1.16921,0.844217,-1.71235,838895163,0.849467,0.972843,-1.89852,0.862423,0.986282,-1.88398,0.87834,0.970938,-1.88398,0.865146,0.957729,-1.89852,0.94633,1.07332,-2.08135,0.960516,1.08804,-2.06543,0.978143,1.07105,-2.06543,0.963696,1.05658,-2.08135
0.135887,-1.16851,0.861404,-10.1481,838895164,0.833471,0.988264,-1.89852,0.846188,1.00193,-1.88398,0.862105,0.986589,-1.88398,0.849149,0.973149,-1.89852,0.928646,1.09037,-2.08135,0.942572,1.10534,-2.06543,0.960199,1.08834,-2.06543,0.946012,1.07363,-2.08135
0.179202,-1.16919,-2.22443,44.1983,838895347,-0.776332,-1.03224,-1.89852,-0.788322,-1.04655,-1.88398,-0.805267,-1.03235,-1.88398,-0.793024,-1.01825,-1.89852,-0.865972,-1.13921,-2.08135,-0.879101,-1.15488,-2.06543,-0.897867,-1.13915,-2.06543,-0.884461,-1.12372,-2.08135
0.043569,-1.18627,0.775181,-51.2942,838895671,0.914638,0.912027,-1.93814,0.928604,0.924624,-1.92378,0.943411,0.908206,-1.92378,0.929223,0.895855,-1.93814,1.01695,1.0043,-2.12232,1.03224,1.0181,-2.1066,1.04864,0.999914,-2.1066,1.03311,0.98639,-2.12232
0.23083,-1.18555,0.792364,-24.4515,838895672,0.899757,0.928527,-1.93814,0.913502,0.941369,-1.92378,0.928309,0.924951,-1.92378,0.914342,0.912355,-1.93814,1.0005,1.02254,-2.12232,1.01555,1.03661,-2.1066,1.03195,1.01842,-2.1066,1.01666,1.00463,-2.12232
2.10609,-1.1863,0.809697,1.20519,838895673,0.882584,0.943004,-1.93814,0.896102,0.956081,-1.92378,0.911473,0.94019,-1.92378,0.897725,0.927351,-1.93814,0.981612,1.0388,-2.12232,0.996415,1.05312,-2.1066,1.01344,1.03552,-2.1066,0.998383,1.02146,-2.12232
0.180278,-1.18559,0.826881,7.13425,838895674,0.867135,0.958974,-1.93814,0.880424,0.972289,-1.92378,0.895795,0.956398,-1.92378,0.882277,0.943321,-1.93814,0.964534,1.05645,-2.12232,0.979085,1.07103,-2.1066,0.996108,1.05343,-2.1066,0.981305,1.03911,-2.12232
0.187401,-1.18634,0.844215,-2.28678,838895675,0.849467,0.972843,-1.93814,0.86252,0.986384,-1.92378,0.878437,0.97104,-1.92378,0.865146,0.957729,-1.93814,0.945089,1.07204,-2.12232,0.959383,1.08686,-2.1066,0.97701,1.06987,-2.1066,0.962456,1.05529,-2.12232
0.0161661,-1.18564,0.8614,-3.1081,838895676,0.833471,0.988264,-1.93814,0.846286,1.00203,-1.92378,0.862203,0.98669,-1.92378,0.849149,0.973149,-1.93814,0.927406,1.08908,-2.12232,0.941438,1.10416,-2.1066,0.959065,1.08717,-2.1066,0.944772,1.07234,-2.12232
-0.0429596,-1.20338,0.775179,-1.84913,838896183,0.914638,0.912027,-1.97827,0.928708,0.924717,-1.9641,0.943514,0.908299,-1.9641,0.929223,0.895855,-1.97827,1.01561,1.0031,-2.16379,1.03102,1.01699,-2.14826,1.04742,0.998811,-2.14826,1.03177,0.985184,-2.16379
0.421037,-1.20266,0.792361,1.85191,838896184,0.899757,0.928527,-1.97827,0.913605,0.941462,-1.9641,0.928412,0.925044,-1.9641,0.914342,0.912355,-1.97827,0.999164,1.02134,-2.16379,1.01433,1.0355,-2.14826,1.03073,1.01732,-2.14826,1.01532,1.00342,-2.16379
1.69573,-1.20341,0.809695,0.966265,838896185,0.882583,0.943004,-1.97827,0.896202,0.956177,-1.9641,0.911573,0.940287,-1.9641,0.897725,0.927351,-1.97827,0.980318,1.03755,-2.16379,0.99523,1.05197,-2.14826,1.01225,1.03437,-2.14826,0.997089,1.02021,-2.16379
0.234107,-1.2027,0.826878,-12.7722,838896186,0.867135,0.958974,-1.97827,0.880524,0.972385,-1.9641,0.895895,0.956494,-1.9641,0.882277,0.943321,-1.97827,0.96324,1.0552,-2.16379,0.9779,1.06988,-2.14826,0.994923,1.05229,-2.14826,0.980011,1.03786,-2.16379
0.0659368,-1.20346,0.844213,-2.43446,838896187,0.849467,0.972843,-1.97827,0.862617,0.986484,-1.9641,0.878534,0.97114,-1.9641,0.865146,0.957729,-1.97827,0.94384,1.07074,-2.16379,0.958239,1.08568,-2.14826,0.975866,1.06868,-2.14826,0.961206,1.054,-2.16379
0.0494976,-1.20275,0.861397,-2.60035,838896188,0.833471,0.988264,-1.97827,0.846382,1.00213,-1.9641,0.862299,0.98679,-1.9641,0.849149,0.973149,-1.97827,0.926156,1.08779,-2.16379,0.940294,1.10298,-2.14826,0.957921,1.08598,-2.14826,0.943522,1.07105,-2.16379
0.130612,-1.22047,0.775177,-19.9695,838896695,0.914638,0.912027,-2.01894,0.928809,0.924809,-2.00495,0.943616,0.908391,-2.00495,0.929223,0.895855,-2.01894,1.01427,1.00188,-2.20576,1.02979,1.01588,-2.19045,1.04618,0.997697,-2.19045,1.03042,0.98397,-2.20576
0.017298,-1.21975,0.792358,89.4772,838896696,0.899757,0.928527,-2.01894,0.913707,0.941554,-2.00495,0.928514,0.925136,-2.00495,0.914342,0.912355,-2.01894,0.997817,1.02012,-2.20576,1.01309,1.03439,-2.19045,1.02949,1.01621,-2.19045,1.01397,1.00221,-2.20576
0.0192631,-1.2205,0.809693,-4.1169,838896697,0.882583,0.943004,-2.01894,0.8963,0.956273,-2.00495,0.911672,0.940382,-2.00495,0.897725,0.927351,-2.01894,0.979015,1.03628,-2.20576,0.994035,1.05081,-2.19045,1.01106,1.03322,-2.19045,0.995786,1.01895,-2.20576
0.0793958,-1.21979,0.826875,-11.4246,838896698,0.867135,0.958974,-2.01894,0.880622,0.97248,-2.00495,0.895993,0.95659,-2.00495,0.882277,0.943321,-2.01894,0.961937,1.05394,-2.20576,0.976705,1.06873,-2.19045,0.993728,1.05113,-2.19045,0.978708,1.0366,-2.20576
0.0867139,-1.22055,0.844211,12.4283,838896699,0.849467,0.972843,-2.01894,0.862712,0.986582,-2.00495,0.878629,0.971238,-2.00495,0.865146,0.957729,-2.01894,0.942582,1.06943,-2.20576,0.957085,1.08448,-2.19045,0.974712,1.06749,-2.19045,0.959948,1.05269,-2.20576
0.0255198,-1.21984,0.861394,-4.15687,838896700,0.833471,0.988264,-2.01894,0.846477,1.00223,-2.00495,0.862394,0.986889,-2.00495,0.849149,0.973149,-2.01894,0.924898,1.08648,-2.20576,0.93914,1.10178,-2.19045,0.956767,1.08479,-2.19045,0.942264,1.06974,-2.20576
0.462019,-1.2197,-0.323871,-51.1197,838896992,1.22937,-0.400712,-2.01894,1.24719,-0.407541,-2.00495,1.23893,-0.428046,-2.00495,1.22123,-0.42091,-2.01894,1.35468,-0.448702,-2.20576,1.3742,-0.456179,-2.19045,1.36504,-0.478887,-2.19045,1.34566,-0.471074,-2.20576
-0.153955,-1.23759,0.288044,-1.316,838897179,1.23519,0.377836,-2.06045,1.25397,0.382532,-2.04655,1.25933,0.361071,-2.04655,1.24047,0.356709,-2.06045,1.3637,0.409975,-2.24849,1.38412,0.415083,-2.23337,1.39003,0.391464,-2.23337,1.36951,0.38672,-2.24849
-0.255734,-1.23684,0.305228,-1.52311,838897180,1.2298,0.399394,-2.06045,1.24849,0.404423,-2.04655,1.25386,0.382962,-2.04655,1.23508,0.378266,-2.06045,1.35777,0.433661,-2.24849,1.37811,0.439131,-2.23337,1.38401,0.415513,-2.23337,1.36359,0.410405,-2.24849
0.0716911,-1.27115,0.270707,40.2633,838898202,1.24282,0.356713,-2.14506,1.26192,0.361138,-2.13152,1.26653,0.339503,-2.13152,1.24736,0.335414,-2.14506,1.36857,0.385775,-2.33546,1.38934,0.390589,-2.32073,1.39442,0.366778,-2.32073,1.37357,0.362331,-2.33546
0.158424,-1.27197,0.495134,-27.0903,838898215,1.13097,0.623638,-2.14506,1.14858,0.632247,-2.13152,1.1583,0.612372,-2.13152,1.14053,0.604072,-2.14506,1.2469,0.680308,-2.33546,1.26606,0.689671,-2.32073,1.27675,0.667799,-2.32073,1.25743,0.658771,-2.33546
-0.00633655,-1.27125,0.51232,-2.84682,838898216,1.12121,0.643601,-2.14506,1.13867,0.652519,-2.13152,1.14839,0.632645,-2.13152,1.13078,0.624036,-2.14506,1.23618,0.702242,-2.33546,1.25517,0.711942,-2.32073,1.26587,0.69007,-2.32073,1.24671,0.680706,-2.33546
0.0635133,-1.272,0.533554,-2.56599,838898217,1.10616,0.666649,-2.14506,1.12346,0.675863,-2.13152,1.13386,0.656337,-2.13152,1.1164,0.647427,-2.14506,1.22006,0.727303,-2.33546,1.23888,0.737326,-2.32073,1.25032,0.715837,-2.32073,1.23133,0.706145,-2.33546
-0.0426622,-1.27123,0.550738,-2.68265,838898218,1.09572,0.686262,-2.14506,1.11286,0.69578,-2.13152,1.12326,0.676254,-2.13152,1.10595,0.66704,-2.14506,1.20859,0.748853,-2.33546,1.22723,0.759206,-2.32073,1.23867,0.737717,-2.32073,1.21985,0.727695,-2.33546
0.0189632,-1.27195,0.568073,-1.87477,838898219,1.08256,0.704465,-2.14506,1.09953,0.714278,-2.13152,1.1106,0.695127,-2.13152,1.09346,0.685612,-2.14506,1.19427,0.76906,-2.33546,1.21273,0.779734,-2.32073,1.22492,0.758658,-2.32073,1.20627,0.748308,-2.33546
-0.0226738,-1.27118,0.585256,-2.66793,838898220,1.07144,0.723701,-2.14506,1.08824,0.733812,-2.13152,1.09931,0.714661,-2.13152,1.08234,0.704848,-2.14506,1.18205,0.790196,-2.33546,1.20032,0.801194,-2.32073,1.21251,0.780117,-2.32073,1.19405,0.769444,-2.33546
0.0157434,-1.27191,0.602591,-49.1185,838898221,1.05765,0.741433,-2.14506,1.07427,0.751833,-2.13152,1.08601,0.733081,-2.13152,1.06921,0.722973,-2.14506,1.16704,0.809891,-2.33546,1.18512,0.821203,-2.32073,1.19803,0.800565,-2.32073,1.17976,0.789571,-2.33546
0.16344,-1.27189,-2.71549,37.4924,838898391,-1.17141,-0.5442,-2.14506,-1.18958,-0.551558,-2.13152,-1.19788,-0.531054,-2.13152,-1.17958,-0.524014,-2.14506,-1.29102,-0.592638,-2.33546,-1.31078,-0.600642,-2.32073,-1.31992,-0.578076,-2.32073,-1.30002,-0.570419,-2.33546
-0.0324833,-1.28822,0.37425,-2.27161,838898720,1.19932,0.483261,-2.18821,1.21797,0.489698,-2.17484,1.22482,0.468664,-2.17484,1.20607,0.462554,-2.18821,1.3197,0.524782,-2.37977,1.33998,0.531783,-2.36523,1.34752,0.508635,-2.36523,1.32712,0.501989,-2.37977
0.0603308,-1.28898,0.391582,-2.85184,838898721,1.18953,0.50347,-2.18821,1.20806,0.510231,-2.17484,1.21564,0.489449,-2.17484,1.19699,0.483012,-2.18821,1.30913,0.547109,-2.37977,1.32928,0.554463,-2.36523,1.33763,0.531592,-2.36523,1.31734,0.52459,-2.37977
-0.0668418,-1.28824,0.408765,-2.58013,838898722,1.18191,0.524345,-2.18821,1.20032,0.531429,-2.17484,1.2079,0.510648,-2.17484,1.18937,0.503886,-2.18821,1.30076,0.570045,-2.37977,1.32079,0.577751,-2.36523,1.32913,0.55488,-2.36523,1.30898,0.547525,-2.37977
-0.0636736,-1.289,0.426097,-2.47675,838898723,1.17141,0.5442,-2.18821,1.18969,0.551604,-2.17484,1.198,0.5311,-2.17484,1.17958,0.524014,-2.18821,1.28942,0.591989,-2.37977,1.3093,0.600043,-2.36523,1.31844,0.577477,-2.36523,1.29841,0.56977,-2.37977
-0.0213127,-1.28826,0.443281,-2.29141,838898724,1.16307,0.564796,-2.18821,1.18122,0.572519,-2.17484,1.18953,0.552015,-2.17484,1.17124,0.54461,-2.18821,1.28025,0.614619,-2.37977,1.3,0.623019,-2.36523,1.30914,0.600454,-2.36523,1.28925,0.5924,-2.37977
0.138342,-1.28904,0.460614,-10.6208,838898725,1.15188,0.584272,-2.18821,1.1699,0.59231,-2.17484,1.17891,0.572108,-2.17484,1.16076,0.564384,-2.18821,1.26815,0.636154,-2.37977,1.28774,0.644897,-2.36523,1.29766,0.622664,-2.36523,1.27792,0.614263,-2.37977
0.0622743,-1.28908,0.495132,-1.60446,838898727,1.13097,0.623638,-2.18821,1.14869,0.6323,-2.17484,1.15841,0.612426,-2.17484,1.14053,0.604072,-2.18821,1.24535,0.679548,-2.37977,1.26463,0.688971,-2.36523,1.27532,0.667098,-2.36523,1.25588,0.658012,-2.37977
0.192965,-1.28836,0.512318,50.8379,838898728,1.12121,0.643601,-2.18821,1.13878,0.652573,-2.17484,1.1485,0.632698,-2.17484,1.13078,0.624036,-2.18821,1.23463,0.701483,-2.37977,1.25374,0.711241,-2.36523,1.26443,0.689369,-2.36523,1.24516,0.679947,-2.37977
0.066515,-1.28911,0.533552,-2.08732,838898729,1.10616,0.666649,-2.18821,1.12357,0.67592,-2.17484,1.13397,0.656395,-2.17484,1.1164,0.647427,-2.18821,1.21854,0.726491,-2.37977,1.23747,0.736575,-2.36523,1.24892,0.715087,-2.36523,1.2298,0.705332,-2.37977
0.117069,-1.28833,0.550735,-2.39294,838898730,1.09572,0.686262,-2.18821,1.11297,0.695837,-2.17484,1.12336,0.676312,-2.17484,1.10595,0.66704,-2.18821,1.20706,0.748041,-2.37977,1.22582,0.758456,-2.36523,1.23726,0.736967,-2.36523,1.21833,0.726882,-2.37977
0.0176966,-1.28906,0.568071,-1.94169,838898731,1.08256,0.704465,-2.18821,1.09964,0.714339,-2.17484,1.11071,0.695188,-2.17484,1.09346,0.685612,-2.18821,1.19278,0.768195,-2.37977,1.21135,0.778935,-2.36523,1.22354,0.757859,-2.36523,1.20478,0.747443,-2.37977
0.00854491,-1.28828,0.585253,-2.04897,838898732,1.07144,0.723701,-2.18821,1.08834,0.733873,-2.17484,1.09941,0.714722,-2.17484,1.08234,0.704848,-2.18821,1.18055,0.789331,-2.37977,1.19894,0.800395,-2.36523,1.21113,0.779319,-2.36523,1.19255,0.768579,-2.37977
0.0744224,-1.28902,0.602588,39.5263,838898733,1.05765,0.741433,-2.18821,1.07437,0.751898,-2.17484,1.08611,0.733145,-2.17484,1.06921,0.722973,-2.18821,1.16558,0.808974,-2.37977,1.18376,0.820356,-2.36523,1.19668,0.799719,-2.36523,1.17829,0.788654,-2.37977
0.0435047,-1.2883,0.826864,-2.89091,838898746,0.867135,0.958975,-2.18821,0.881073,0.972937,-2.17484,0.896454,0.957037,-2.17484,0.882276,0.943322,-2.18821,0.957117,1.04907,-2.37977,0.972278,1.06426,-2.36523,0.989205,1.04676,-2.36523,0.973784,1.03184,-2.37977
0.0496291,-1.28908,0.844197,15.5241,838898747,0.849468,0.972842,-2.18821,0.863158,0.987044,-2.17484,0.879084,0.97169,-2.17484,0.865147,0.957728,-2.18821,0.937828,1.0645,-2.37977,0.952719,1.07995,-2.36523,0.970246,1.06305,-2.36523,0.955086,1.04786,-2.37977
-0.0918431,-1.28836,0.861383,-2.55835,838898748,0.83347,0.988264,-2.18821,0.846912,1.0027,-2.17484,0.862839,0.987351,-2.17484,0.849149,0.97315,-2.18821,0.920251,1.08145,-2.37977,0.934872,1.09715,-2.36523,0.9524,1.08026,-2.36523,0.937509,1.06481,-2.37977
0.021866,-1.28911,0.882618,-3.59108,838898749,0.811444,1.00477,-2.18821,0.824634,1.01944,-2.17484,0.841083,1.00465,-2.17484,0.827638,0.990212,-2.18821,0.896574,1.09944,-2.37977,0.91092,1.1154,-2.36523,0.929023,1.09912,-2.36523,0.914399,1.08341,-2.37977
0.0848088,-1.28833,0.899801,18.573,838898750,0.794921,1.01963,-2.18821,0.807855,1.03453,-2.17484,0.824304,1.01974,-2.17484,0.811115,1.00507,-2.18821,0.87842,1.11577,-2.37977,0.892488,1.13197,-2.36523,0.910591,1.11569,-2.36523,0.896245,1.09974,-2.37977
0.205151,-1.28899,-2.50449,42.018,838898915,-1.03147,-0.777509,-2.18821,-1.04781,-0.788551,-2.17484,-1.0602,-0.77022,-2.17484,-1.04366,-0.759464,-2.18821,-1.13697,-0.848778,-2.37977,-1.15475,-0.860789,-2.36523,-1.16837,-0.840615,-2.36523,-1.15039,-0.828914,-2.37977
0.184468,-1.2883,-0.569399,51.0678,838899026,1.09498,-0.687437,-2.18821,1.11115,-0.698739,-2.17484,1.09816,-0.716647,-2.17484,1.0822,-0.705066,-2.18821,1.19933,-0.760407,-2.37977,1.21692,-0.772701,-2.36523,1.20263,-0.792409,-2.36523,1.18526,-0.779813,-2.37977
0.0277706,-1.30606,0.357066,-3.67226,838899231,1.20621,0.462132,-2.23194,1.22508,0.46828,-2.21875,1.23193,0.447246,-2.21875,1.21295,0.441426,-2.23194,1.32561,0.501029,-2.42464,1.34613,0.507715,-2.4103,1.35367,0.484567,-2.4103,1.33303,0.478236,-2.42464
-0.0777091,-1.3053,0.374247,-2.89611,838899232,1.19932,0.483261,-2.23194,1.21809,0.489735,-2.21875,1.22494,0.468701,-2.21875,1.20607,0.462554,-2.23194,1.31804,0.524244,-2.42464,1.33845,0.531285,-2.4103,1.34599,0.508137,-2.4103,1.32547,0.501451,-2.42464
-0.0645747,-1.30606,0.39158,-3.26818,838899233,1.18953,0.50347,-2.23194,1.20817,0.510272,-2.21875,1.21575,0.489491,-2.21875,1.19699,0.483012,-2.23194,1.30749,0.546513,-2.42464,1.32777,0.553912,-2.4103,1.33612,0.531041,-2.4103,1.31571,0.523994,-2.42465
0.0821239,-1.30532,0.408762,22.6964,838899234,1.18191,0.524345,-2.23194,1.20043,0.53147,-2.21875,1.20802,0.510689,-2.21875,1.18937,0.503886,-2.23194,1.29913,0.569449,-2.42464,1.31928,0.577199,-2.4103,1.32762,0.554328,-2.4103,1.30734,0.54693,-2.42464
0.0251779,-1.30609,0.426096,-4.35769,838899235,1.17141,0.5442,-2.23194,1.1898,0.551649,-2.21875,1.19811,0.531145,-2.21875,1.17958,0.524014,-2.23194,1.2878,0.591337,-2.42464,1.30781,0.599439,-2.4103,1.31695,0.576874,-2.4103,1.2968,0.569118,-2.42464
0.00162045,-1.30535,0.443278,-71.5349,838899236,1.16307,0.564796,-2.23194,1.18133,0.572564,-2.21875,1.18964,0.55206,-2.21875,1.17124,0.54461,-2.23194,1.27864,0.613966,-2.42464,1.29851,0.622416,-2.4103,1.30764,0.59985,-2.4103,1.28764,0.591747,-2.42464
-0.0147898,-1.30612,0.460612,-2.93074,838899237,1.15188,0.584272,-2.23194,1.17001,0.592359,-2.21875,1.17902,0.572158,-2.21875,1.16076,0.564384,-2.23194,1.26656,0.635445,-2.42464,1.28627,0.644242,-2.4103,1.29619,0.622009,-2.4103,1.27633,0.613554,-2.42464
0.0270541,-1.30617,0.49513,-3.93298,838899239,1.13097,0.623638,-2.23194,1.1488,0.632353,-2.21875,1.15851,0.612478,-2.21875,1.14053,0.604072,-2.23194,1.24379,0.678785,-2.42464,1.26318,0.688264,-2.4103,1.27387,0.666392,-2.4103,1.25432,0.657248,-2.42464
0.106186,-1.30544,0.512315,-22.1526,838899240,1.12121,0.643601,-2.23194,1.13889,0.652626,-2.21875,1.14861,0.632751,-2.21875,1.13078,0.624036,-2.23194,1.23307,0.70072,-2.42464,1.2523,0.710535,-2.4103,1.26299,0.688663,-2.4103,1.24359,0.679183,-2.42464
0.848724,-1.3062,0.53355,-0.862233,838899241,1.10616,0.666649,-2.23194,1.12368,0.675977,-2.21875,1.13408,0.656451,-2.21875,1.1164,0.647427,-2.23194,1.217,0.725674,-2.42464,1.23605,0.73582,-2.4103,1.2475,0.714331,-2.4103,1.22827,0.704515,-2.42464
0.12919,-1.30541,0.550732,11.6984,838899242,1.09572,0.686262,-2.23194,1.11307,0.695894,-2.21875,1.12347,0.676368,-2.21875,1.10595,0.66704,-2.23194,1.20552,0.747224,-2.42464,1.2244,0.7577,-2.4103,1.23585,0.736211,-2.4103,1.21679,0.726065,-2.42464
-0.00579805,-1.30614,0.568069,-4.26344,838899243,1.08256,0.704465,-2.23194,1.09974,0.714399,-2.21875,1.11081,0.695248,-2.21875,1.09346,0.685612,-2.23194,1.19127,0.767325,-2.42464,1.20996,0.77813,-2.4103,1.22214,0.757054,-2.4103,1.20327,0.746572,-2.42464
2.27696,-1.30537,0.585251,0.309636,838899244,1.07144,0.723701,-2.23194,1.08845,0.733933,-2.21875,1.09952,0.714783,-2.21875,1.08234,0.704848,-2.23194,1.17905,0.788461,-2.42464,1.19755,0.79959,-2.4103,1.20974,0.778514,-2.4103,1.19105,0.767708,-2.42464
0.092226,-1.3061,0.602586,-3.98203,838899245,1.05765,0.741433,-2.23194,1.07448,0.751961,-2.21875,1.08621,0.733209,-2.21875,1.06921,0.722973,-2.23194,1.1641,0.808052,-2.42464,1.1824,0.819503,-2.4103,1.19532,0.798865,-2.4103,1.17682,0.787731,-2.42464
-0.00624713,-1.30539,0.826862,-3.73992,838899258,0.867135,0.958975,-2.23194,0.88116,0.97302,-2.21875,0.89654,0.95712,-2.21875,0.882276,0.943322,-2.23194,0.955867,1.04786,-2.42464,0.971122,1.06314,-2.4103,0.988049,1.04564,-2.4103,0.972534,1.03063,-2.42464
-0.2284,-1.30617,0.844196,108.722,838899259,0.849468,0.972842,-2.23194,0.863241,0.98713,-2.21875,0.879168,0.971777,-2.21875,0.865147,0.957728,-2.23194,0.936621,1.06325,-2.42464,0.951603,1.07879,-2.4103,0.96913,1.06189,-2.4103,0.95388,1.04661,-2.42464
0.0838552,-1.30544,0.861381,100.785,838899260,0.83347,0.988264,-2.23194,0.846996,1.00279,-2.21875,0.862922,0.987438,-2.21875,0.849149,0.97315,-2.23194,0.919044,1.08019,-2.42464,0.933756,1.096,-2.4103,0.951284,1.0791,-2.4103,0.936302,1.06356,-2.42464
-0.0587036,-1.3062,0.882616,-3.27832,838899261,0.811444,1.00477,-2.23194,0.824714,1.01953,-2.21875,0.841163,1.00474,-2.21875,0.827638,0.990212,-2.23194,0.895412,1.09815,-2.42464,0.909845,1.1142,-2.4103,0.927948,1.09792,-2.4103,0.913236,1.08212,-2.42464
-0.0071671,-1.30541,0.899798,-2.29059,838899262,0.794921,1.01963,-2.23194,0.807936,1.03462,-2.21875,0.824385,1.01983,-2.21875,0.811115,1.00507,-2.23194,0.877257,1.11447,-2.42464,0.891413,1.13078,-2.4103,0.909516,1.1145,-2.4103,0.895082,1.09845,-2.42464
0.156952,-1.30609,-2.7155,-2.06408,838899415,-1.17141,-0.5442,-2.23194,-1.1898,-0.551649,-2.21875,-1.19811,-0.531145,-2.21875,-1.17958,-0.524014,-2.23194,-1.2878,-0.591337,-2.42464,-1.30781,-0.599439,-2.4103,-1.31695,-0.576874,-2.4103,-1.2968,-0.569118,-2.42464
0.135858,-1.3061,-0.793677,43.1075,838899525,0.913829,-0.912836,-2.23194,0.927118,-0.927575,-2.21875,0.910689,-0.942389,-2.21875,0.897655,-0.92742,-2.23194,0.99792,-1.0061,-2.42464,1.01237,-1.02213,-2.4103,0.994293,-1.03843,-2.4103,0.980116,-1.02215,-2.42464
0.33133,-1.32325,0.357058,0.262607,838899743,1.20621,0.462132,-2.27679,1.22534,0.468364,-2.26367,1.23219,0.447319,-2.26367,1.21295,0.441425,-2.27679,1.32406,0.500526,-2.47054,1.34474,0.507262,-2.45637,1.35224,0.484239,-2.45637,1.33145,0.477869,-2.47054
0.0725961,-1.32249,0.374244,-3.17152,838899744,1.19932,0.483262,-2.27679,1.21835,0.489833,-2.26367,1.2252,0.468788,-2.26367,1.20607,0.462555,-2.27679,1.31655,0.523606,-2.47054,1.3371,0.530708,-2.45637,1.3446,0.507685,-2.45637,1.32393,0.500949,-2.47054
1.72324,-1.32326,0.391573,-0.0669187,838899745,1.18953,0.503469,-2.27679,1.20843,0.510366,-2.26367,1.21602,0.489573,-2.26367,1.19699,0.483011,-2.27679,1.30597,0.545956,-2.47054,1.3264,0.55341,-2.45637,1.3347,0.530663,-2.45637,1.31414,0.523571,-2.47054
0.753828,-1.3225,0.408759,2.92115,838899746,1.18191,0.524346,-2.27679,1.20069,0.531578,-2.26367,1.20828,0.510784,-2.26367,1.18937,0.503887,-2.27679,1.29765,0.56876,-2.47054,1.31795,0.576575,-2.45637,1.32625,0.553828,-2.45637,1.30582,0.546375,-2.47054
0.483493,-1.32328,0.426088,2.57058,838899747,1.17141,0.544199,-2.27679,1.19006,0.551752,-2.26367,1.19837,0.531236,-2.26367,1.17959,0.524013,-2.27679,1.2863,0.590727,-2.47054,1.30646,0.598889,-2.45637,1.31555,0.576446,-2.45637,1.29525,0.568641,-2.47054
0.114073,-1.32253,0.443275,-3.88483,838899748,1.16307,0.564797,-2.27679,1.18159,0.57268,-2.26367,1.18989,0.552165,-2.26367,1.17124,0.544611,-2.27679,1.27719,0.613226,-2.47054,1.2972,0.621745,-2.45637,1.30629,0.599302,-2.45637,1.28613,0.59114,-2.47054
0.0748342,-1.32331,0.460604,-4.39892,838899749,1.15188,0.584271,-2.27679,1.17026,0.592471,-2.26367,1.17928,0.572258,-2.26367,1.16076,0.564383,-2.27679,1.26508,0.634783,-2.47054,1.28494,0.643645,-2.45637,1.2948,0.621533,-2.45637,1.27479,0.613023,-2.47054
0.262192,-1.32336,0.495122,4.861,838899751,1.13097,0.623637,-2.27679,1.14905,0.632473,-2.26367,1.15877,0.612588,-2.26367,1.14053,0.604071,-2.27679,1.24233,0.678072,-2.47054,1.26187,0.687621,-2.45637,1.2725,0.665867,-2.45637,1.2528,0.656664,-2.47054
0.646997,-1.32263,0.512312,0.951374,838899752,1.12121,0.643602,-2.27679,1.13913,0.652759,-2.26367,1.14885,0.632873,-2.26367,1.13078,0.624037,-2.27679,1.23167,0.69988,-2.47054,1.25104,0.709775,-2.45637,1.26167,0.688021,-2.45637,1.24214,0.678472,-2.47054
0.124447,-1.32339,0.533543,5.68295,838899753,1.10616,0.666648,-2.27679,1.12392,0.676106,-2.26367,1.13433,0.656569,-2.26367,1.1164,0.647426,-2.27679,1.21557,0.724911,-2.47054,1.23476,0.735132,-2.45637,1.24614,0.713759,-2.45637,1.22677,0.703878,-2.47054
0.326541,-1.32255,0.585247,-10.7676,838899756,1.07144,0.723702,-2.27679,1.08868,0.734083,-2.26367,1.09976,0.714922,-2.26367,1.08234,0.704849,-2.27679,1.17772,0.787526,-2.47054,1.19635,0.798744,-2.45637,1.20847,0.777783,-2.45637,1.18964,0.766897,-2.47054
-0.0660855,-1.32252,0.619764,-2.94354,838899758,1.04586,0.76027,-2.27679,1.06273,0.771247,-2.26367,1.07447,0.752485,-2.26367,1.05742,0.74181,-2.27679,1.14985,0.827767,-2.47054,1.16808,0.83963,-2.45637,1.18092,0.819104,-2.45637,1.16249,0.807568,-2.47054
0.0726769,-1.32327,0.637094,-3.09127,838899759,1.03147,0.777509,-2.27679,1.04814,0.788773,-2.26367,1.06053,0.770431,-2.26367,1.04366,0.759463,-2.27679,1.13418,0.846896,-2.47054,1.1522,0.859069,-2.45637,1.16576,0.839005,-2.45637,1.14752,0.827151,-2.47054
2.2918,-1.3225,0.65428,0.515382,838899760,1.01903,0.795923,-2.27679,1.0355,0.807483,-2.26367,1.04789,0.789141,-2.26367,1.03122,0.777878,-2.27679,1.1206,0.867011,-2.47054,1.1384,0.879502,-2.45637,1.15195,0.859438,-2.45637,1.13393,0.847265,-2.47054
0.295693,-1.32325,0.671609,-2.38667,838899761,1.00404,0.812648,-2.27679,1.02031,0.824488,-2.26367,1.03334,0.80659,-2.26367,1.01686,0.795039,-2.27679,1.10427,0.885581,-2.47054,1.12185,0.898376,-2.45637,1.1361,0.878797,-2.45637,1.11829,0.866314,-2.47054
0.101236,-1.32249,0.688795,-24.2128,838899762,0.990967,0.830617,-2.27679,1.00703,0.842745,-2.26367,1.02005,0.824848,-2.26367,1.00378,0.813008,-2.27679,1.08999,0.905209,-2.47054,1.10734,0.918314,-2.45637,1.12159,0.898736,-2.45637,1.10401,0.885941,-2.47054
0.609298,-1.32263,0.861378,-6.64679,838899772,0.833469,0.988265,-2.27679,0.847178,1.003,-2.26367,0.863113,0.987637,-2.26367,0.849148,0.973151,-2.27679,0.918021,1.07893,-2.47054,0.932835,1.09485,-2.45637,0.950268,1.07805,-2.45637,0.935176,1.06239,-2.47054
-0.0384458,-1.32339,0.882608,-1.95895,838899773,0.811445,1.00477,-2.27679,0.8249,1.01974,-2.26367,0.841358,1.00494,-2.26367,0.827638,0.990212,-2.27679,0.894328,1.09694,-2.47054,0.908868,1.11311,-2.45637,0.926873,1.09692,-2.45637,0.912046,1.08101,-2.47054
0.0211187,-1.3226,0.899795,37.4298,838899774,0.794921,1.01963,-2.27679,0.808111,1.03483,-2.26367,0.824569,1.02003,-2.26367,0.811114,1.00507,-2.27679,0.876279,1.11317,-2.47054,0.890533,1.1296,-2.45637,0.908537,1.11341,-2.45637,0.893997,1.09724,-2.47054
-0.129481,-1.32325,1.02068,-3.12814,838899781,0.66555,1.10704,-2.27679,0.676789,1.12373,-2.26367,0.695149,1.11137,-2.26367,0.683613,1.09488,-2.27679,0.734788,1.20986,-2.47054,0.746934,1.22789,-2.45637,0.767019,1.21437,-2.45637,0.754553,1.19655,-2.47054
0.142507,-1.32249,1.07238,-6.94181,838899784,0.6081,1.14111,-2.27679,0.618448,1.15837,-2.26367,0.637228,1.14666,-2.26367,0.626578,1.12958,-2.27679,0.671965,1.24737,-2.47054,0.683148,1.26602,-2.45637,0.703692,1.2532,-2.45637,0.692183,1.23475,-2.47054
0.108641,-1.32326,1.0897,50.1258,838899785,0.587606,1.15029,-2.27679,0.597653,1.16773,-2.26367,0.61683,1.15667,-2.26367,0.606474,1.13942,-2.27679,0.649498,1.25769,-2.47054,0.660355,1.27653,-2.45637,0.681335,1.26444,-2.45637,0.670143,1.24579,-2.47054
0.361048,-1.3225,1.10689,4.01953,838899786,0.568351,1.16139,-2.27679,0.57809,1.179,-2.26367,0.597267,1.16795,-2.26367,0.58722,1.15051,-2.27679,0.628466,1.26981,-2.47054,0.63899,1.28884,-2.45637,0.65997,1.27675,-2.45637,0.649112,1.25791,-2.47054
-0.01405,-1.32328,1.12422,-2.80218,838899787,0.547548,1.16985,-2.27679,0.556981,1.18762,-2.26367,0.576532,1.17725,-2.26367,0.566785,1.15964,-2.27679,0.605652,1.27934,-2.47054,0.615845,1.29855,-2.45637,0.637234,1.2872,-2.45637,0.6267,1.26817,-2.47054
0.134089,-1.32339,1.23167,19.8071,838899793,0.418856,1.22171,-2.27679,0.426382,1.24037,-2.26367,0.44691,1.23209,-2.26367,0.439053,1.21356,-2.27679,0.465217,1.33667,-2.47054,0.47335,1.35683,-2.45637,0.495807,1.34778,-2.45637,0.487316,1.32775,-2.47054
0.152624,-1.3226,1.24886,-29.3378,838899794,0.398246,1.23002,-2.27679,0.405442,1.24882,-2.26367,0.425969,1.24054,-2.26367,0.418443,1.22188,-2.27679,0.442705,1.34575,-2.47054,0.450481,1.36606,-2.45637,0.472937,1.357,-2.45637,0.464804,1.33683,-2.47054
0.0938938,-1.32333,1.26619,17.6951,838899795,0.376469,1.23551,-2.27679,0.383339,1.25442,-2.26367,0.404143,1.24686,-2.26367,0.396938,1.22807,-2.27679,0.418787,1.35201,-2.47054,0.426211,1.37245,-2.45637,0.44897,1.36419,-2.45637,0.441184,1.34388,-2.47054
-0.083225,-1.34041,0.357056,-1.24765,838900255,1.20621,0.462132,-2.32205,1.22544,0.468398,-2.30911,1.2323,0.447353,-2.30911,1.21295,0.441425,-2.32205,1.32252,0.500021,-2.51684,1.3433,0.506793,-2.50285,1.3508,0.48377,-2.50285,1.3299,0.477364,-2.51684
0.122404,-1.33965,0.374241,19.2994,838900256,1.19932,0.483262,-2.32205,1.21845,0.489867,-2.30911,1.22531,0.468821,-2.30911,1.20607,0.462555,-2.32205,1.315,0.523101,-2.51684,1.33567,0.53024,-2.50285,1.34317,0.507217,-2.50285,1.32238,0.500445,-2.51684
2.08366,-1.34042,0.391571,0.140632,838900257,1.18953,0.503469,-2.32205,1.20853,0.510404,-2.30911,1.21612,0.48961,-2.30911,1.19699,0.483011,-2.32205,1.30444,0.545398,-2.51684,1.32498,0.552892,-2.50285,1.33328,0.530145,-2.50285,1.31261,0.523013,-2.51684
0.923461,-1.33967,0.408757,0.546725,838900258,1.18191,0.524346,-2.32205,1.20079,0.531615,-2.30911,1.20838,0.510822,-2.30911,1.18937,0.503887,-2.32205,1.29612,0.568201,-2.51684,1.31653,0.576057,-2.50285,1.32483,0.55331,-2.50285,1.30429,0.545816,-2.51684
0.371583,-1.34044,0.426086,-1.16037,838900259,1.17141,0.544199,-2.32205,1.19016,0.551793,-2.30911,1.19847,0.531277,-2.30911,1.17959,0.524013,-2.32205,1.28479,0.590115,-2.51684,1.30506,0.598322,-2.50285,1.31414,0.575879,-2.50285,1.29374,0.568029,-2.51684
0.206241,-1.33969,0.443273,2.5505,838900260,1.16307,0.564797,-2.32205,1.18169,0.572721,-2.30911,1.19,0.552206,-2.30911,1.17124,0.544611,-2.32205,1.27568,0.612614,-2.51684,1.2958,0.621178,-2.50285,1.30489,0.598735,-2.50285,1.28462,0.590528,-2.51684
0.00428056,-1.34048,0.460603,-2.82506,838900261,1.15188,0.584271,-2.32205,1.17036,0.592515,-2.30911,1.17938,0.572303,-2.30911,1.16076,0.564383,-2.32205,1.26359,0.634119,-2.51684,1.28356,0.643029,-2.50285,1.29342,0.620917,-2.50285,1.2733,0.612359,-2.51684
0.112544,-1.34052,0.495121,-3.3477,838900263,1.13097,0.623637,-2.32205,1.14915,0.632521,-2.30911,1.15887,0.612636,-2.30911,1.14053,0.604071,-2.32205,1.24087,0.677356,-2.51684,1.26051,0.686958,-2.50285,1.27114,0.665204,-2.50285,1.25133,0.655948,-2.51684
0.0717801,-1.33979,0.512309,-3.42313,838900264,1.12121,0.643602,-2.32205,1.13923,0.652807,-2.30911,1.14895,0.632921,-2.30911,1.13078,0.624037,-2.32205,1.23021,0.699164,-2.51684,1.24968,0.709112,-2.50285,1.26032,0.687358,-2.50285,1.24067,0.677756,-2.51684
0.203417,-1.33968,0.619761,-2.24045,838900270,1.04586,0.76027,-2.32205,1.06282,0.771305,-2.30911,1.07457,0.752543,-2.30911,1.05742,0.74181,-2.32205,1.14847,0.826903,-2.51684,1.1668,0.838828,-2.50285,1.17964,0.818302,-2.50285,1.16111,0.806703,-2.51684
0.0815955,-1.34043,0.637093,56.8353,838900271,1.03147,0.777509,-2.32205,1.04823,0.788834,-2.30911,1.06063,0.770493,-2.30911,1.04366,0.759463,-2.32205,1.13283,0.845984,-2.51684,1.15095,0.858223,-2.50285,1.1645,0.838158,-2.50285,1.14617,0.826239,-2.51684
0.0625809,-1.33966,0.654277,-2.44214,838900272,1.01903,0.795923,-2.32205,1.0356,0.807544,-2.30911,1.04799,0.789203,-2.30911,1.03122,0.777877,-2.32205,1.11924,0.866099,-2.51684,1.13715,0.878656,-2.50285,1.1507,0.858592,-2.50285,1.13258,0.846353,-2.51684
0.025151,-1.34042,0.671608,-3.01035,838900273,1.00404,0.812648,-2.32205,1.0204,0.824552,-2.30911,1.03342,0.806655,-2.30911,1.01686,0.795039,-2.32205,1.10295,0.884622,-2.51684,1.12063,0.897486,-2.50285,1.13488,0.877907,-2.50285,1.11697,0.865355,-2.51684
0.190771,-1.33965,0.688792,8.65014,838900274,0.990967,0.830617,-2.32205,1.00712,0.842809,-2.30911,1.02014,0.824912,-2.30911,1.00378,0.813008,-2.32205,1.08867,0.90425,-2.51684,1.10612,0.917425,-2.50285,1.12037,0.897846,-2.50285,1.10269,0.884982,-2.51684
0.0171684,-1.34055,0.882607,-1.23907,838900285,0.811445,1.00477,-2.32205,0.824973,1.01982,-2.30911,0.841431,1.00502,-2.30911,0.827638,0.990212,-2.32205,0.893238,1.09573,-2.51684,0.907858,1.11199,-2.50285,0.925862,1.0958,-2.50285,0.910957,1.0798,-2.51684
0.0604651,-1.33976,0.899792,-1.73299,838900286,0.794921,1.01963,-2.32205,0.808184,1.03491,-2.30911,0.824642,1.02011,-2.30911,0.811114,1.00507,-2.32205,0.875189,1.11196,-2.51684,0.889522,1.12848,-2.50285,0.907526,1.11229,-2.50285,0.892907,1.09603,-2.51684
-0.0219762,-1.33965,1.07237,-0.90945,838900296,0.6081,1.14111,-2.32205,0.618506,1.15846,-2.30911,0.637285,1.14675,-2.30911,0.626578,1.12958,-2.32205,0.671103,1.24598,-2.51684,0.682348,1.26474,-2.50285,0.702892,1.25192,-2.50285,0.69132,1.23337,-2.51684
0.268583,-1.34042,1.0897,-1.42556,838900297,0.587606,1.15029,-2.32205,0.597707,1.16782,-2.30911,0.616885,1.15677,-2.30911,0.606474,1.13942,-2.32205,0.648684,1.25628,-2.51684,0.659601,1.27522,-2.50285,0.68058,1.26313,-2.50285,0.66933,1.24438,-2.51684
0.570248,-1.33967,1.10689,0.135398,838900298,0.568351,1.16139,-2.32205,0.578144,1.17909,-2.30911,0.597322,1.16804,-2.30911,0.58722,1.15051,-2.32205,0.627652,1.2684,-2.51684,0.638236,1.28753,-2.50285,0.659215,1.27544,-2.50285,0.648298,1.2565,-2.51684
-0.0629415,-1.34044,1.12422,-2.29606,838900299,0.547548,1.16985,-2.32205,0.557032,1.18772,-2.30911,0.576584,1.17734,-2.30911,0.566785,1.15964,-2.32205,0.604888,1.2779,-2.51684,0.615136,1.29721,-2.50285,0.636525,1.28586,-2.50285,0.625937,1.26673,-2.51684
2.05087,-1.34055,1.23167,0.529707,838900305,0.418856,1.22171,-2.32205,0.426423,1.24047,-2.30911,0.446951,1.23219,-2.30911,0.439053,1.21356,-2.32205,0.464608,1.33516,-2.51684,0.472785,1.35543,-2.50285,0.495241,1.34638,-2.50285,0.486707,1.32624,-2.51684
0.0148489,-1.33976,1.24886,-2.03672,838900306,0.398246,1.23002,-2.32205,0.405482,1.24892,-2.30911,0.42601,1.24064,-2.30911,0.418443,1.22188,-2.32205,0.442095,1.34423,-2.51684,0.449916,1.36466,-2.50285,0.472372,1.3556,-2.50285,0.464195,1.33532,-2.51684
0.0341752,-1.3405,1.26619,-2.77002,838900307,0.376469,1.23551,-2.32205,0.383376,1.25452,-2.30911,0.40418,1.24697,-2.30911,0.396938,1.22807,-2.32205,0.41823,1.35048,-2.51684,0.425695,1.37103,-2.50285,0.448454,1.36277,-2.50285,0.440628,1.34235,-2.51684
0.267478,-1.33979,1.90857,49.0927,838900344,-0.439128,1.21594,-2.32205,-0.445064,1.23528,-2.30911,-0.423793,1.2414,-2.30911,-0.418199,1.22196,-2.32205,-0.474919,1.33293,-2.51684,-0.481334,1.35383,-2.50285,-0.458064,1.36053,-2.50285,-0.452019,1.33952,-2.51684
0.216718,-1.34042,-2.75002,22.0975,838900437,-1.18953,-0.503469,-2.32205,-1.20853,-0.510404,-2.30911,-1.21612,-0.48961,-2.30911,-1.19699,-0.483011,-2.32205,-1.30444,-0.545398,-2.51684,-1.32498,-0.552892,-2.50285,-1.33328,-0.530145,-2.50285,-1.31261,-0.523013,-2.51684
-0.0125236,-1.35755,0.357055,-3.07409,838900767,1.20621,0.462132,-2.36792,1.22555,0.468432,-2.35515,1.2324,0.447386,-2.35515,1.21295,0.441425,-2.36792,1.32096,0.499514,-2.56372,1.34186,0.506322,-2.54992,1.34936,0.483299,-2.54992,1.32834,0.476857,-2.56372
0.0538143,-1.35678,0.374239,-3.51638,838900768,1.19932,0.483262,-2.36792,1.21855,0.4899,-2.35515,1.22541,0.468855,-2.35515,1.20607,0.462555,-2.36792,1.31344,0.522594,-2.56372,1.33422,0.529768,-2.54992,1.34172,0.506745,-2.54992,1.32082,0.499937,-2.56372
-0.0303556,-1.35756,0.391569,-2.83919,838900769,1.18953,0.503469,-2.36792,1.20863,0.510441,-2.35515,1.21622,0.489647,-2.35515,1.19699,0.483011,-2.36792,1.3029,0.544836,-2.56372,1.32355,0.55237,-2.54992,1.33185,0.529623,-2.54992,1.31107,0.522451,-2.56372
0.146775,-1.3568,0.408754,-25.7687,838900770,1.18191,0.524346,-2.36792,1.20089,0.531652,-2.35515,1.20848,0.510859,-2.35515,1.18937,0.503887,-2.36792,1.29458,0.56764,-2.56372,1.3151,0.575535,-2.54992,1.3234,0.552789,-2.54992,1.30275,0.545254,-2.56372
0.0766033,-1.35758,0.426085,-2.10933,838900771,1.17141,0.544199,-2.36792,1.19026,0.551833,-2.35515,1.19857,0.531318,-2.35515,1.17959,0.524013,-2.36792,1.28327,0.5895,-2.56372,1.30364,0.597751,-2.54992,1.31273,0.575308,-2.54992,1.29222,0.567414,-2.56372
-0.0509646,-1.35683,0.44327,-2.86811,838900772,1.16307,0.564797,-2.36792,1.18179,0.572762,-2.35515,1.1901,0.552246,-2.35515,1.17124,0.544611,-2.36792,1.27416,0.611999,-2.56372,1.29439,0.620607,-2.54992,1.30348,0.598164,-2.54992,1.28311,0.589913,-2.56372
0.00140403,-1.35761,0.460601,-2.96864,838900773,1.15188,0.584271,-2.36792,1.17046,0.592559,-2.35515,1.17948,0.572347,-2.35515,1.16076,0.564383,-2.36792,1.2621,0.633452,-2.56372,1.28217,0.642409,-2.54992,1.29204,0.620297,-2.54992,1.27181,0.611691,-2.56372
-0.00108413,-1.35766,0.495119,-2.14472,838900775,1.13097,0.623637,-2.36792,1.14924,0.632569,-2.35515,1.15896,0.612683,-2.35515,1.14053,0.604071,-2.36792,1.2394,0.676637,-2.56372,1.25914,0.686289,-2.54992,1.26978,0.664535,-2.54992,1.24986,0.655229,-2.56372
-0.112548,-1.35692,0.512307,-1.82481,838900776,1.12121,0.643602,-2.36792,1.13933,0.652854,-2.35515,1.14905,0.632969,-2.35515,1.13078,0.624037,-2.36792,1.22874,0.698445,-2.56372,1.24831,0.708443,-2.54992,1.25895,0.686689,-2.54992,1.2392,0.677037,-2.56372
0.112468,-1.35759,0.602575,-38.7721,838900781,1.05765,0.741432,-2.36792,1.07489,0.752223,-2.35515,1.08664,0.73346,-2.35515,1.06921,0.722972,-2.36792,1.15996,0.805457,-2.56372,1.17859,0.817118,-2.54992,1.19143,0.796592,-2.54992,1.1726,0.785258,-2.56372
0.114621,-1.35681,0.619759,20.0358,838900782,1.04586,0.76027,-2.36792,1.06292,0.771363,-2.35515,1.07466,0.7526,-2.35515,1.05742,0.74181,-2.36792,1.14708,0.826034,-2.56372,1.16551,0.838021,-2.54992,1.17835,0.817495,-2.54992,1.15972,0.805834,-2.56372
0.00893151,-1.35757,0.637091,-3.42015,838900783,1.03147,0.777508,-2.36792,1.04832,0.788894,-2.35515,1.06071,0.770553,-2.35515,1.04366,0.759463,-2.36792,1.13148,0.845067,-2.56372,1.14969,0.857371,-2.54992,1.16324,0.837307,-2.54992,1.14481,0.825322,-2.56372
0.159389,-1.35679,0.654275,1.73954,838900784,1.01903,0.795923,-2.36792,1.03568,0.807604,-2.35515,1.04807,0.789263,-2.35515,1.03122,0.777877,-2.36792,1.11789,0.865182,-2.56372,1.13589,0.877805,-2.54992,1.14944,0.85774,-2.54992,1.13123,0.845436,-2.56372
0.225611,-1.35755,0.671606,1.9996,838900785,1.00404,0.812648,-2.36792,1.02049,0.824616,-2.35515,1.03351,0.806718,-2.35515,1.01686,0.795039,-2.36792,1.10163,0.883658,-2.56372,1.1194,0.896591,-2.54992,1.13365,0.877012,-2.54992,1.11565,0.864391,-2.56372
0.00512872,-1.35678,0.68879,-3.26717,838900786,0.990967,0.830617,-2.36792,1.0072,0.842873,-2.35515,1.02023,0.824975,-2.35515,1.00378,0.813008,-2.36792,1.08735,0.903286,-2.56372,1.10489,0.91653,-2.54992,1.11914,0.896951,-2.54992,1.10137,0.884018,-2.56372
-0.0296026,-1.35769,0.882605,-2.12772,838900797,0.811445,1.00477,-2.36792,0.825045,1.0199,-2.35515,0.841503,1.0051,-2.35515,0.827638,0.990212,-2.36792,0.892143,1.09451,-2.56372,0.90684,1.11086,-2.54992,0.924845,1.09467,-2.54992,0.909861,1.07858,-2.56372
0.0112731,-1.35689,0.89979,-0.88337,838900798,0.794921,1.01963,-2.36792,0.808256,1.035,-2.35515,0.824714,1.0202,-2.35515,0.811114,1.00507,-2.36792,0.874094,1.11074,-2.56372,0.888504,1.12734,-2.54992,0.906509,1.11115,-2.54992,0.891812,1.09481,-2.56372
-0.277446,-1.35755,1.05519,-2.81851,838900807,0.626955,1.12935,-2.36792,0.63772,1.1466,-2.35515,0.6565,1.13489,-2.35515,0.645433,1.11782,-2.36792,0.690831,1.23174,-2.56372,0.702464,1.25039,-2.54992,0.723009,1.23758,-2.54992,0.711049,1.21913,-2.56372
-0.0920548,-1.35678,1.07237,-1.9875,838900808,0.6081,1.14111,-2.36792,0.618563,1.15856,-2.35515,0.637343,1.14684,-2.35515,0.626578,1.12958,-2.36792,0.670236,1.24459,-2.56372,0.681542,1.26345,-2.54992,0.702087,1.25063,-2.54992,0.690453,1.23198,-2.56372
0.113502,-1.35756,1.0897,5.28075,838900809,0.587606,1.15029,-2.36792,0.597761,1.16791,-2.35515,0.616939,1.15686,-2.35515,0.606474,1.13942,-2.36792,0.647866,1.25486,-2.56372,0.658841,1.2739,-2.54992,0.67982,1.26181,-2.54992,0.668512,1.24296,-2.56372
0.0165833,-1.3568,1.10689,-2.01605,838900810,0.568351,1.16139,-2.36792,0.578198,1.17919,-2.35515,0.597376,1.16814,-2.35515,0.58722,1.15051,-2.36792,0.626835,1.26698,-2.56372,0.637476,1.28621,-2.54992,0.658455,1.27412,-2.54992,0.64748,1.25508,-2.56372
0.0250845,-1.35758,1.12422,-1.55907,838900811,0.547548,1.16985,-2.36792,0.557082,1.18781,-2.35515,0.576634,1.17744,-2.35515,0.566785,1.15964,-2.36792,0.60412,1.27646,-2.56372,0.614423,1.29587,-2.54992,0.635812,1.28452,-2.54992,0.625169,1.26529,-2.56372
0.105701,-1.35769,1.23167,-3.51148,838900817,0.418856,1.22171,-2.36792,0.426463,1.24057,-2.35515,0.446991,1.23229,-2.35515,0.439053,1.21356,-2.36792,0.463995,1.33364,-2.56372,0.472216,1.35402,-2.54992,0.494672,1.34496,-2.54992,0.486094,1.32472,-2.56372
-0.00116421,-1.35689,1.24886,-3.23907,838900818,0.398246,1.23002,-2.36792,0.405523,1.24902,-2.35515,0.42605,1.24074,-2.35515,0.418443,1.22188,-2.36792,0.441483,1.34272,-2.56372,0.449346,1.36324,-2.54992,0.471803,1.35419,-2.54992,0.463582,1.3338,-2.56372
-0.0953581,-1.35764,1.26619,-2.79794,838900819,0.376469,1.23551,-2.36792,0.383413,1.25462,-2.35515,0.404217,1.24707,-2.35515,0.396938,1.22807,-2.36792,0.417671,1.34894,-2.56372,0.425175,1.3696,-2.54992,0.447934,1.36134,-2.54992,0.440068,1.34081,-2.56372
0.079,-1.37466,0.357053,-1.27404,838901279,1.20621,0.462132,-2.41441,1.22565,0.468465,-2.40181,1.2325,0.447419,-2.40181,1.21295,0.441425,-2.41441,1.31939,0.499004,-2.61122,1.3404,0.505848,-2.5976,1.3479,0.482825,-2.5976,1.32677,0.476347,-2.61122
0.0746889,-1.37389,0.374236,-35.6772,838901280,1.19932,0.483262,-2.41441,1.21865,0.489933,-2.40181,1.22551,0.468888,-2.40181,1.20607,0.462555,-2.41441,1.31187,0.522084,-2.61122,1.33276,0.529294,-2.5976,1.34026,0.506271,-2.5976,1.31925,0.499427,-2.61122
0.0402636,-1.37466,0.391568,-3.03397,838901281,1.18953,0.503469,-2.41441,1.20873,0.510477,-2.40181,1.21632,0.489684,-2.40181,1.19699,0.483011,-2.41441,1.30135,0.544272,-2.61122,1.32211,0.551845,-2.5976,1.33041,0.529098,-2.5976,1.30952,0.521887,-2.61122
0.037781,-1.3739,0.408752,79.7159,838901282,1.18191,0.524346,-2.41441,1.20099,0.531689,-2.40181,1.20858,0.510895,-2.40181,1.18937,0.503887,-2.41441,1.29303,0.567075,-2.61122,1.31366,0.57501,-2.5976,1.32196,0.552263,-2.5976,1.3012,0.54469,-2.61122
0.0183271,-1.37469,0.426083,-3.04658,838901283,1.17141,0.544199,-2.41441,1.19036,0.551873,-2.40181,1.19867,0.531358,-2.40181,1.17959,0.524013,-2.41441,1.28175,0.588882,-2.61122,1.30223,0.597176,-2.5976,1.31131,0.574733,-2.5976,1.29069,0.566796,-2.61122
0.182969,-1.37389,0.723302,-9.30068,838901300,0.96171,0.86431,-2.41441,0.977592,0.877191,-2.40181,0.991232,0.859759,-2.40181,0.975131,0.847159,-2.41441,1.05419,0.939285,-2.61122,1.07136,0.953205,-2.5976,1.08628,0.934136,-2.5976,1.06888,0.920519,-2.61122
0.0914586,-1.37388,1.03785,46.3406,838901318,0.647117,1.11946,-2.41441,0.658242,1.13661,-2.40181,0.676601,1.12425,-2.40181,0.66518,1.10729,-2.41441,0.711909,1.21934,-2.61122,0.723931,1.23788,-2.5976,0.744015,1.22436,-2.5976,0.731673,1.20603,-2.61122
-0.0348096,-1.37466,1.05518,-0.45722,838901319,0.626955,1.12935,-2.41441,0.637777,1.1467,-2.40181,0.656556,1.13498,-2.40181,0.645433,1.11782,-2.41441,0.689959,1.23035,-2.61122,0.701654,1.24909,-2.5976,0.722198,1.23628,-2.5976,0.710177,1.21774,-2.61122
0.313914,-1.37389,1.07237,7.92718,838901320,0.6081,1.14111,-2.41441,0.618619,1.15865,-2.40181,0.637399,1.14693,-2.40181,0.626578,1.12958,-2.41441,0.669364,1.2432,-2.61122,0.680732,1.26215,-2.5976,0.701276,1.24933,-2.5976,0.689582,1.23058,-2.61122
0.205126,-1.37466,1.0897,-29.3742,838901321,0.587606,1.15029,-2.41441,0.597814,1.16801,-2.40181,0.616992,1.15695,-2.40181,0.606474,1.13942,-2.41441,0.647044,1.25343,-2.61122,0.658076,1.27257,-2.5976,0.679055,1.26048,-2.5976,0.66769,1.24153,-2.61122
0.0002956,-1.3739,1.10688,-1.02525,838901322,0.568351,1.16139,-2.41441,0.578251,1.17928,-2.40181,0.597429,1.16823,-2.40181,0.58722,1.15051,-2.41441,0.626012,1.26555,-2.61122,0.636711,1.28489,-2.5976,0.65769,1.2728,-2.5976,0.646658,1.25365,-2.61122
-0.0993969,-1.37469,1.12421,-1.96531,838901323,0.547548,1.16985,-2.41441,0.557132,1.18791,-2.40181,0.576684,1.17753,-2.40181,0.566785,1.15964,-2.41441,0.603348,1.275,-2.61122,0.613705,1.29452,-2.5976,0.635094,1.28317,-2.5976,0.624397,1.26383,-2.61122
-0.000931388,-1.3748,1.23167,-1.1066,838901329,0.418856,1.22171,-2.41441,0.426503,1.24067,-2.40181,0.447031,1.23239,-2.40181,0.439053,1.21356,-2.41441,0.463379,1.33211,-2.61122,0.471643,1.3526,-2.5976,0.494099,1.34354,-2.5976,0.485478,1.3232,-2.61122
-0.0115537,-1.374,1.24885,-2.19407,838901330,0.398246,1.23002,-2.41441,0.405563,1.24912,-2.40181,0.42609,1.24084,-2.40181,0.418443,1.22188,-2.41441,0.440867,1.34119,-2.61122,0.448774,1.36182,-2.5976,0.47123,1.35277,-2.5976,0.462966,1.33228,-2.61122
-0.0794597,-1.37474,1.26619,-2.64998,838901331,0.376469,1.23551,-2.41441,0.383449,1.25472,-2.40181,0.404253,1.24717,-2.40181,0.396938,1.22807,-2.41441,0.417109,1.3474,-2.61122,0.424652,1.36816,-2.5976,0.447411,1.3599,-2.5976,0.439506,1.33926,-2.61122
-0.810097,-1.37395,1.28337,-2.60778,838901332,0.355581,1.24309,-2.41441,0.362226,1.26243,-2.40181,0.383031,1.25488,-2.40181,0.376051,1.23566,-2.41441,0.394293,1.35568,-2.61122,0.401475,1.37658,-2.5976,0.424234,1.36831,-2.5976,0.416691,1.34755,-2.61122
0.186986,-1.39098,0.757815,13.7477,838901814,0.931294,0.89696,-2.46154,0.946797,0.910455,-2.44911,0.961038,0.893511,-2.44911,0.945305,0.880289,-2.46154,1.01984,0.974055,-2.65934,1.03659,0.988639,-2.64591,1.05217,0.970102,-2.64591,1.03517,0.955813,-2.65934
-0.0397411,-1.39098,1.00334,-0.47693,838901828,0.685353,1.09645,-2.46154,0.697132,1.1133,-2.44911,0.715049,1.1003,-2.44911,0.702981,1.08366,-2.46154,0.752622,1.19267,-2.65934,0.765352,1.21087,-2.64591,0.784951,1.19666,-2.64591,0.77191,1.17868,-2.65934
-0.0602956,-1.39174,1.02067,-0.97093,838901829,0.66555,1.10704,-2.46154,0.677029,1.12409,-2.44911,0.695388,1.11172,-2.44911,0.683613,1.09488,-2.46154,0.731118,1.20441,-2.65934,0.743523,1.22283,-2.64591,0.763608,1.2093,-2.64591,0.750883,1.1911,-2.65934
0.0947714,-1.39097,1.03785,8.56095,838901830,0.647117,1.11946,-2.46154,0.6583,1.1367,-2.44911,0.67666,1.12434,-2.44911,0.66518,1.10729,-2.46154,0.710984,1.21797,-2.65934,0.72307,1.2366,-2.64591,0.743154,1.22308,-2.64591,0.730749,1.20466,-2.65934
0.0914584,-1.39174,1.05518,-1.52056,838901831,0.626955,1.12935,-2.46154,0.637832,1.14678,-2.44911,0.656612,1.13507,-2.44911,0.645433,1.11782,-2.46154,0.689083,1.22894,-2.65934,0.700838,1.24779,-2.64591,0.721382,1.23497,-2.64591,0.709301,1.21633,-2.65934
0.150638,-1.39097,1.07237,-2.23885,838901832,0.6081,1.14111,-2.46154,0.618675,1.15873,-2.44911,0.637455,1.14702,-2.44911,0.626578,1.12958,-2.46154,0.668488,1.24179,-2.65934,0.679916,1.26084,-2.64591,0.70046,1.24802,-2.64591,0.688706,1.22918,-2.65934
0.0434181,-1.39175,1.0897,-1.8796,838901833,0.587606,1.15029,-2.46154,0.597867,1.1681,-2.44911,0.617044,1.15705,-2.44911,0.606474,1.13942,-2.46154,0.646217,1.252,-2.65934,0.657306,1.27124,-2.64591,0.678286,1.25915,-2.64591,0.666863,1.2401,-2.65934
0.0421418,-1.39098,1.10688,56.0503,838901834,0.568351,1.16139,-2.46154,0.578304,1.17937,-2.44911,0.597481,1.16832,-2.44911,0.58722,1.15051,-2.46154,0.625186,1.26412,-2.65934,0.635941,1.28355,-2.64591,0.656921,1.27146,-2.64591,0.645832,1.25222,-2.65934
0.265811,-1.391,2.71415,-33.986,838901926,-1.18135,0.52561,-2.46154,-1.19966,0.53493,-2.44911,-1.18929,0.554481,-2.44911,-1.17113,0.544845,-2.46154,-1.28599,0.578835,-2.65934,-1.30579,0.588908,-2.64591,-1.29443,0.610295,-2.64591,-1.27482,0.599883,-2.65934
0.169548,-1.39174,-0.341081,44.545,838902111,1.22106,-0.421321,-2.46154,1.24012,-0.429005,-2.44911,1.23184,-0.449534,-2.44911,1.21292,-0.44152,-2.46154,1.32993,-0.465211,-2.65934,1.35053,-0.473515,-2.64591,1.34148,-0.495972,-2.64591,1.32102,-0.487311,-2.65934
0.477524,-1.40812,0.757811,6.47307,838902326,0.931293,0.896961,-2.5098,0.947015,0.910655,-2.49743,0.961263,0.893702,-2.49743,0.945305,0.880289,-2.5098,1.01874,0.972962,-2.7085,1.03563,0.987669,-2.69522,1.05113,0.969228,-2.69522,1.03399,0.954824,-2.7085
0.0599981,-1.40903,0.882593,-4.21686,838902333,0.811446,1.00477,-2.5098,0.825385,1.02027,-2.49743,0.841852,1.00547,-2.49743,0.827639,0.990211,-2.5098,0.888907,1.09091,-2.7085,0.903877,1.10756,-2.69522,0.921788,1.09145,-2.69522,0.906524,1.07507,-2.7085
0.00106598,-1.40817,0.934299,-3.33512,838902336,0.7593,1.04651,-2.5098,0.772407,1.06273,-2.49743,0.789381,1.0485,-2.49743,0.775992,1.03252,-2.5098,0.832237,1.13653,-2.7085,0.846313,1.15395,-2.69522,0.864776,1.13848,-2.69522,0.850397,1.12132,-2.7085
-0.0473034,-1.40893,0.951629,-4.0536,838902337,0.740285,1.05846,-2.5098,0.753108,1.07489,-2.49743,0.770568,1.06127,-2.49743,0.757455,1.04506,-2.5098,0.811544,1.14979,-2.7085,0.825315,1.16744,-2.69522,0.844307,1.15263,-2.69522,0.830224,1.13522,-2.7085
-0.0013348,-1.40814,0.968816,-4.38692,838902338,0.722762,1.07213,-2.5098,0.735295,1.08879,-2.49743,0.752756,1.07517,-2.49743,0.739933,1.05873,-2.5098,0.792511,1.16464,-2.7085,0.80597,1.18254,-2.69522,0.824963,1.16772,-2.69522,0.811191,1.15007,-2.7085
0.0132778,-1.4089,0.986145,-3.83542,838902339,0.703342,1.0834,-2.5098,0.715583,1.10028,-2.49743,0.733509,1.08727,-2.49743,0.72097,1.07061,-2.5098,0.771367,1.17717,-2.7085,0.784514,1.19529,-2.69522,0.804012,1.18115,-2.69522,0.790546,1.16326,-2.7085
0.0282184,-1.40812,1.00333,-2.25636,838902340,0.685352,1.09645,-2.5098,0.697296,1.11354,-2.49743,0.715221,1.10054,-2.49743,0.70298,1.08366,-2.5098,0.751827,1.19135,-2.7085,0.764654,1.2097,-2.69522,0.784152,1.19556,-2.69522,0.771005,1.17743,-2.7085
-0.000196837,-1.40889,1.02066,-3.25703,838902341,0.66555,1.10704,-2.5098,0.677195,1.12433,-2.49743,0.695564,1.11196,-2.49743,0.683614,1.09488,-2.5098,0.730259,1.20313,-2.7085,0.742765,1.2217,-2.69522,0.762745,1.20824,-2.69522,0.749911,1.1899,-2.7085
0.0894253,-1.40811,1.03785,0.665132,838902342,0.647116,1.11946,-2.5098,0.658455,1.13695,-2.49743,0.676824,1.12458,-2.49743,0.66518,1.10729,-2.5098,0.710236,1.21661,-2.7085,0.722414,1.23541,-2.69522,0.742394,1.22195,-2.69522,0.729888,1.20338,-2.7085
0.092796,-1.40888,1.05518,-22.6382,838902343,0.626956,1.12935,-2.5098,0.637989,1.14703,-2.49743,0.656779,1.13531,-2.49743,0.645434,1.11782,-2.5098,0.688269,1.22764,-2.7085,0.700119,1.24663,-2.69522,0.720557,1.23388,-2.69522,0.708372,1.2151,-2.7085
0.412334,-1.40811,1.07236,-1.91307,838902344,0.608099,1.14111,-2.5098,0.61882,1.15899,-2.49743,0.63761,1.14727,-2.49743,0.626577,1.12958,-2.5098,0.667787,1.24041,-2.7085,0.679302,1.25962,-2.69522,0.69974,1.24687,-2.69522,0.68789,1.22787,-2.7085
0.0548216,-1.40889,1.08969,-3.78129,838902345,0.587606,1.15029,-2.5098,0.598015,1.16835,-2.49743,0.617203,1.1573,-2.49743,0.606475,1.13942,-2.5098,0.645449,1.25066,-2.7085,0.656628,1.27006,-2.69522,0.677499,1.25803,-2.69522,0.665978,1.23883,-2.7085
0.0488172,-1.40812,1.10688,33.7564,838902346,0.56835,1.16139,-2.5098,0.57844,1.17963,-2.49743,0.597628,1.16858,-2.49743,0.587219,1.15051,-2.5098,0.624534,1.26272,-2.7085,0.63537,1.28231,-2.69522,0.656241,1.27028,-2.69522,0.645062,1.25089,-2.7085
0.134807,-1.42533,0.792326,5.36756,838902840,0.899755,0.928529,-2.55868,0.91506,0.942828,-2.54647,0.929891,0.926382,-2.54647,0.91434,0.912357,-2.55868,0.98335,1.0065,-2.75827,0.999787,1.02186,-2.74516,1.01592,1.00397,-2.74516,0.999219,0.988908,-2.75827
0.11978,-1.42538,0.826843,-18.281,838902842,0.867133,0.958976,-2.55868,0.881929,0.973801,-2.54647,0.897327,0.957884,-2.54647,0.882275,0.943324,-2.55868,0.947955,1.03982,-2.75827,0.963845,1.05574,-2.74516,0.980593,1.03843,-2.74516,0.964428,1.02279,-2.75827
-0.016798,-1.42621,0.882591,-2.67284,838902845,0.811446,1.00477,-2.55868,0.825449,1.02034,-2.54647,0.841915,1.00554,-2.54647,0.827639,0.990211,-2.55868,0.887873,1.08976,-2.75827,0.902912,1.10649,-2.74516,0.920823,1.09038,-2.74516,0.905491,1.07392,-2.75827
-0.0506402,-1.42536,0.934297,-3.64485,838902848,0.7593,1.04651,-2.55868,0.772468,1.0628,-2.54647,0.789442,1.04857,-2.54647,0.775992,1.03252,-2.55868,0.831244,1.13535,-2.75827,0.845386,1.15284,-2.74516,0.863849,1.13737,-2.74516,0.849404,1.12013,-2.75827
-0.0511909,-1.42612,0.951628,-3.33315,838902849,0.740285,1.05846,-2.55868,0.753167,1.07497,-2.54647,0.770627,1.06135,-2.54647,0.757455,1.04506,-2.55868,0.810593,1.14857,-2.75827,0.824427,1.16631,-2.74516,0.84342,1.15149,-2.74516,0.829273,1.134,-2.75827
0.751803,-1.42532,0.968814,-2.12106,838902850,0.722762,1.07213,-2.55868,0.735354,1.08887,-2.54647,0.752814,1.07524,-2.54647,0.739933,1.05873,-2.55868,0.79156,1.16342,-2.75827,0.805083,1.1814,-2.74516,0.824075,1.16658,-2.74516,0.81024,1.14885,-2.75827
0.0537073,-1.42609,0.986144,-2.3045,838902851,0.703342,1.0834,-2.55868,0.715639,1.10035,-2.54647,0.733565,1.08735,-2.54647,0.72097,1.07061,-2.55868,0.77046,1.17592,-2.75827,0.783666,1.19413,-2.74516,0.803165,1.17998,-2.74516,0.789638,1.16201,-2.75827
-0.00605889,-1.4253,1.00333,-2.02114,838902852,0.685353,1.09645,-2.55868,0.697352,1.11362,-2.54647,0.715277,1.10062,-2.54647,0.70298,1.08366,-2.55868,0.750919,1.1901,-2.75827,0.763806,1.20853,-2.74516,0.783305,1.19439,-2.74516,0.770098,1.17618,-2.75827
-0.0430145,-1.42607,1.02066,-2.93506,838902853,0.66555,1.10704,-2.55868,0.677248,1.12441,-2.54647,0.695617,1.11204,-2.54647,0.683614,1.09488,-2.55868,0.729396,1.20185,-2.75827,0.741959,1.2205,-2.74516,0.761939,1.20705,-2.74516,0.749048,1.18861,-2.75827
1.43241,-1.42529,1.03784,0.959704,838902854,0.647116,1.11946,-2.55868,0.658508,1.13703,-2.54647,0.676877,1.12466,-2.54647,0.66518,1.10729,-2.55868,0.709372,1.21533,-2.75827,0.721608,1.23421,-2.74516,0.741588,1.22075,-2.74516,0.729025,1.2021,-2.75827
0.336504,-1.42607,1.05517,-2.66606,838902855,0.626956,1.12935,-2.55868,0.63804,1.14712,-2.54647,0.65683,1.13539,-2.54647,0.645434,1.11782,-2.55868,0.687451,1.22633,-2.75827,0.699355,1.24541,-2.74516,0.719793,1.23266,-2.74516,0.707554,1.21379,-2.75827
0.116052,-1.42529,1.07236,-3.00046,838902856,0.608099,1.14111,-2.55868,0.618871,1.15907,-2.54647,0.637661,1.14735,-2.54647,0.626577,1.12958,-2.55868,0.666969,1.2391,-2.75827,0.678538,1.25839,-2.74516,0.698976,1.24564,-2.74516,0.687072,1.22656,-2.75827
0.0149968,-1.42608,1.08969,-3.27065,838902857,0.587606,1.15029,-2.55868,0.598063,1.16844,-2.54647,0.61725,1.15738,-2.54647,0.606475,1.13942,-2.55868,0.644678,1.24932,-2.75827,0.655908,1.26881,-2.74516,0.676778,1.25678,-2.74516,0.665206,1.23749,-2.75827
0.0221871,-1.42531,1.10688,-3.82134,838902858,0.56835,1.16139,-2.55868,0.578488,1.17972,-2.54647,0.597676,1.16866,-2.54647,0.587219,1.15051,-2.55868,0.623762,1.26138,-2.75827,0.63465,1.28106,-2.74516,0.65552,1.26903,-2.74516,0.64429,1.24955,-2.75827
-0.23483,-1.4253,-2.83639,-1.1562,838902992,-1.2298,-0.399395,-2.55868,-1.25002,-0.404833,-2.54647,-1.2554,-0.383349,-2.54647,-1.23508,-0.378268,-2.55868,-1.34022,-0.428984,-2.75827,-1.36194,-0.434825,-2.74516,-1.36778,-0.411456,-2.74516,-1.34596,-0.405999,-2.75827
0.261878,-1.44251,0.236163,-45.0956,838903320,1.25434,0.313606,-2.60821,1.27499,0.317635,-2.59617,1.27885,0.295828,-2.59617,1.25814,0.292161,-2.60821,1.36503,0.335144,-2.80869,1.38721,0.339471,-2.79575,1.3914,0.315751,-2.79575,1.36916,0.311813,-2.80869
0.139085,-1.44323,0.740621,-11.713,838903349,0.945592,0.879947,-2.60821,0.961696,0.893481,-2.59617,0.975944,0.876528,-2.59617,0.959604,0.863275,-2.60821,1.0319,0.952488,-2.80869,1.0492,0.967023,-2.79575,1.0647,0.948583,-2.79575,1.04715,0.93435,-2.80869
0.210553,-1.44253,0.826841,-4.98937,838903354,0.867133,0.958976,-2.60821,0.881997,0.973866,-2.59617,0.897394,0.957949,-2.59617,0.882275,0.943323,-2.60821,0.946839,1.03874,-2.80869,0.962802,1.05473,-2.79575,0.97955,1.03742,-2.79575,0.963312,1.02171,-2.80869
0.422175,-1.44333,0.844171,1.83083,838903355,0.849469,0.972841,-2.60821,0.864069,0.987986,-2.59617,0.880012,0.972616,-2.59617,0.865148,0.957727,-2.60821,0.927719,1.05401,-2.80869,0.943398,1.07028,-2.79575,0.960741,1.05356,-2.79575,0.944777,1.03757,-2.80869
0.0543143,-1.44337,0.88259,-4.16655,838903357,0.811446,1.00477,-2.60821,0.825511,1.02041,-2.59617,0.841978,1.00561,-2.59617,0.827639,0.990211,-2.60821,0.886835,1.08861,-2.80869,0.901941,1.10541,-2.79575,0.919852,1.0893,-2.79575,0.904452,1.07277,-2.80869
0.0467978,-1.44251,0.934295,-3.05131,838903360,0.7593,1.04651,-2.60821,0.772528,1.06287,-2.59617,0.789502,1.04865,-2.59617,0.775992,1.03252,-2.60821,0.830246,1.13416,-2.80869,0.844454,1.15173,-2.79575,0.862917,1.13626,-2.79575,0.848407,1.11894,-2.80869
0.0797501,-1.44327,0.951626,27.9966,838903361,0.740285,1.05846,-2.60821,0.753225,1.07504,-2.59617,0.770685,1.06142,-2.59617,0.757455,1.04506,-2.60821,0.809638,1.14735,-2.80869,0.823534,1.16516,-2.79575,0.842527,1.15035,-2.79575,0.828318,1.13278,-2.80869
2.29044,-1.44247,0.968812,1.10502,838903362,0.722762,1.07213,-2.60821,0.735412,1.08894,-2.59617,0.752872,1.07532,-2.59617,0.739933,1.05873,-2.60821,0.790605,1.1622,-2.80869,0.80419,1.18025,-2.79575,0.823182,1.16544,-2.79575,0.809285,1.14763,-2.80869
0.820573,-1.44324,0.986142,2.50329,838903363,0.703342,1.0834,-2.60821,0.715695,1.10043,-2.59617,0.73362,1.08743,-2.59617,0.72097,1.07061,-2.60821,0.769548,1.17466,-2.80869,0.782814,1.19295,-2.79575,0.802312,1.17881,-2.79575,0.788726,1.16075,-2.80869
0.0176263,-1.44245,1.00333,-3.16132,838903364,0.685352,1.09645,-2.60821,0.697407,1.1137,-2.59617,0.715333,1.10069,-2.59617,0.70298,1.08366,-2.60821,0.750008,1.18884,-2.80869,0.762954,1.20736,-2.79575,0.782452,1.19321,-2.79575,0.769186,1.17493,-2.80869
0.0539451,-1.44322,1.02066,-2.60875,838903365,0.66555,1.10704,-2.60821,0.677301,1.12449,-2.59617,0.695669,1.11212,-2.59617,0.683614,1.09488,-2.60821,0.728528,1.20056,-2.80869,0.741148,1.2193,-2.79575,0.761128,1.20584,-2.79575,0.748181,1.18733,-2.80869
0.0521241,-1.44244,1.03784,-2.4021,838903366,0.647116,1.11946,-2.60821,0.658561,1.13711,-2.59617,0.67693,1.12474,-2.59617,0.66518,1.10729,-2.60821,0.708505,1.21404,-2.80869,0.720797,1.233,-2.79575,0.740777,1.21955,-2.79575,0.728158,1.20081,-2.80869
0.0593082,-1.44322,1.05517,-4.22221,838903367,0.626956,1.12935,-2.60821,0.63809,1.1472,-2.59617,0.656879,1.13547,-2.59617,0.645434,1.11782,-2.60821,0.686629,1.22501,-2.80869,0.698587,1.24418,-2.79575,0.719025,1.23143,-2.79575,0.706732,1.21247,-2.80869
0.073691,-1.44244,1.07236,-3.41352,838903368,0.608099,1.14111,-2.60821,0.618921,1.15915,-2.59617,0.63771,1.14743,-2.59617,0.626577,1.12958,-2.60821,0.666148,1.23778,-2.80869,0.677769,1.25716,-2.79575,0.698207,1.24441,-2.79575,0.68625,1.22524,-2.80869
-1.36405e-05,-1.44323,1.08969,-2.7558,838903369,0.587606,1.15029,-2.60821,0.59811,1.16852,-2.59617,0.617297,1.15746,-2.59617,0.606475,1.13942,-2.60821,0.643902,1.24798,-2.80869,0.655183,1.26755,-2.79575,0.676054,1.25552,-2.79575,0.664431,1.23615,-2.80869
0.0890398,-1.44246,1.10687,36.9636,838903370,0.56835,1.16139,-2.60821,0.578535,1.1798,-2.59617,0.597723,1.16874,-2.59617,0.587219,1.15051,-2.60821,0.622987,1.26003,-2.80869,0.633925,1.2798,-2.79575,0.654795,1.26778,-2.79575,0.643515,1.2482,-2.80869
0.0228346,-1.44325,1.1242,-2.88222,838903371,0.547549,1.16985,-2.60821,0.55741,1.18843,-2.59617,0.576972,1.17805,-2.59617,0.566786,1.15964,-2.60821,0.600399,1.26944,-2.80869,0.610989,1.2894,-2.79575,0.632267,1.27811,-2.79575,0.621328,1.25833,-2.80869
-0.0767978,-1.44248,1.14139,-3.18857,838903372,0.527917,1.18027,-2.60821,0.537453,1.19902,-2.59617,0.557015,1.18864,-2.59617,0.547154,1.17006,-2.60821,0.579075,1.28076,-2.80869,0.589316,1.3009,-2.79575,0.610594,1.28961,-2.79575,0.600004,1.26965,-2.80869
-0.288777,-1.44245,-2.8364,-1.94134,838903504,-1.2298,-0.399395,-2.60821,-1.25011,-0.404856,-2.59617,-1.25549,-0.383372,-2.59617,-1.23508,-0.378268,-2.60821,-1.33871,-0.428608,-2.80869,-1.36053,-0.434472,-2.79575,-1.36638,-0.411103,-2.79575,-1.34446,-0.405622,-2.80869
0.165145,-1.45956,0.72329,-13.8513,838903860,0.961709,0.864311,-2.65843,0.978122,0.877621,-2.64655,0.99177,0.860181,-2.64655,0.97513,0.84716,-2.65843,1.04809,0.93434,-2.85978,1.06572,0.948636,-2.84702,1.08056,0.929665,-2.84702,1.06269,0.915681,-2.85978
0.160165,-1.45965,0.826839,-20.4714,838903866,0.867133,0.958976,-2.65843,0.882064,0.973931,-2.64655,0.897461,0.958014,-2.64655,0.882275,0.943324,-2.65843,0.945718,1.03766,-2.85978,0.961753,1.05372,-2.84702,0.978501,1.0364,-2.84702,0.962191,1.02063,-2.85978
-0.066383,-1.46049,0.882588,-3.34236,838903869,0.811446,1.00477,-2.65843,0.825574,1.02048,-2.64655,0.842041,1.00568,-2.64655,0.827639,0.990211,-2.65843,0.885792,1.08745,-2.85978,0.900965,1.10432,-2.84702,0.918876,1.08821,-2.84702,0.90341,1.07161,-2.85978
-0.00779879,-1.45963,0.934293,-3.51606,838903872,0.7593,1.04651,-2.65843,0.772588,1.06294,-2.64655,0.789562,1.04872,-2.64655,0.775992,1.03252,-2.65843,0.829245,1.13296,-2.85978,0.843516,1.15061,-2.84702,0.861979,1.13514,-2.84702,0.847405,1.11775,-2.85978
0.0337949,-1.46039,0.951625,-4.93734,838903873,0.740285,1.05846,-2.65843,0.753282,1.07512,-2.64655,0.770742,1.06149,-2.64655,0.757455,1.04506,-2.65843,0.808678,1.14612,-2.85978,0.822637,1.16401,-2.84702,0.841629,1.14919,-2.84702,0.827359,1.13155,-2.85978
0.160634,-1.45959,0.968809,12.1614,838903874,0.722762,1.07213,-2.65843,0.735469,1.08901,-2.64655,0.752929,1.07539,-2.64655,0.739933,1.05873,-2.65843,0.789645,1.16097,-2.85978,0.803292,1.1791,-2.84702,0.822284,1.16429,-2.84702,0.808326,1.1464,-2.85978
0.129378,-1.46036,0.986141,-5.97554,838903875,0.703342,1.0834,-2.65843,0.715749,1.1005,-2.64655,0.733675,1.0875,-2.64655,0.72097,1.07061,-2.65843,0.768632,1.1734,-2.85978,0.781957,1.19177,-2.84702,0.801455,1.17762,-2.84702,0.78781,1.15949,-2.85978
-0.0193424,-1.45957,1.00333,-3.20907,838903876,0.685352,1.09645,-2.65843,0.697461,1.11377,-2.64655,0.715387,1.10077,-2.64655,0.70298,1.08366,-2.65843,0.749092,1.18758,-2.85978,0.762097,1.20618,-2.84702,0.781595,1.19203,-2.84702,0.76827,1.17366,-2.85978
-0.0472158,-1.46035,1.02066,-2.47297,838903877,0.66555,1.10704,-2.65843,0.677353,1.12457,-2.64655,0.695721,1.1122,-2.64655,0.683614,1.09488,-2.65843,0.727657,1.19927,-2.85978,0.740332,1.21809,-2.84702,0.760313,1.20463,-2.84702,0.74731,1.18603,-2.85978
0.0407782,-1.45956,1.03784,-2.03002,838903878,0.647116,1.11946,-2.65843,0.658613,1.13719,-2.64655,0.676982,1.12482,-2.64655,0.66518,1.10729,-2.65843,0.707634,1.21275,-2.85978,0.719981,1.23179,-2.84702,0.739962,1.21834,-2.84702,0.727286,1.19952,-2.85978
0.0346611,-1.46034,1.05517,-2.82111,838903879,0.626956,1.12935,-2.65843,0.638139,1.14727,-2.64655,0.656929,1.13555,-2.64655,0.645434,1.11782,-2.65843,0.685804,1.22368,-2.85978,0.697814,1.24294,-2.84702,0.718252,1.23019,-2.84702,0.705907,1.21114,-2.85978
0.0766493,-1.45956,1.07236,5.26304,838903880,0.608099,1.14111,-2.65843,0.61897,1.15923,-2.64655,0.63776,1.14751,-2.64655,0.626577,1.12958,-2.65843,0.665322,1.23646,-2.85978,0.676997,1.25592,-2.84702,0.697435,1.24317,-2.84702,0.685425,1.22392,-2.85978
0.077671,-1.46035,1.08969,-2.75961,838903881,0.587606,1.15029,-2.65843,0.598156,1.1686,-2.64655,0.617344,1.15754,-2.64655,0.606475,1.13942,-2.65843,0.643124,1.24663,-2.85978,0.654454,1.26629,-2.84702,0.675325,1.25426,-2.84702,0.663652,1.2348,-2.85978
0.00536274,-1.45958,1.10687,-3.92846,838903882,0.56835,1.16139,-2.65843,0.578581,1.17988,-2.64655,0.597769,1.16882,-2.64655,0.587219,1.15051,-2.65843,0.622208,1.25868,-2.85978,0.633196,1.27854,-2.84702,0.654067,1.26651,-2.84702,0.642736,1.24685,-2.85978
0.0585464,-1.46037,1.1242,-4.10027,838903883,0.547549,1.16985,-2.65843,0.557453,1.18851,-2.64655,0.577015,1.17813,-2.64655,0.566786,1.15964,-2.65843,0.599668,1.26806,-2.85978,0.610305,1.28811,-2.84702,0.631583,1.27682,-2.84702,0.620597,1.25696,-2.85978
0.0352412,-1.4596,1.14139,-1.57554,838903884,0.527917,1.18027,-2.65843,0.537496,1.1991,-2.64655,0.557058,1.18872,-2.64655,0.547154,1.17006,-2.65843,0.578344,1.27938,-2.85978,0.588632,1.29961,-2.84702,0.60991,1.28832,-2.84702,0.599273,1.26827,-2.85978
0.106673,-1.45957,-2.8364,41.1839,838904016,-1.2298,-0.399395,-2.65843,-1.2502,-0.404879,-2.64655,-1.25558,-0.383394,-2.64655,-1.23508,-0.378268,-2.65843,-1.3372,-0.428229,-2.85978,-1.35912,-0.434118,-2.84702,-1.36496,-0.410749,-2.84702,-1.34295,-0.405244,-2.85978
0.715043,-1.46035,-2.81907,47.9156,838904017,-1.22143,-0.420236,-2.65843,-1.24174,-0.426075,-2.64655,-1.24786,-0.404791,-2.64655,-1.22745,-0.399306,-2.65843,-1.32829,-0.450962,-2.85978,-1.3501,-0.457233,-2.84702,-1.35676,-0.434083,-2.84702,-1.33484,-0.428192,-2.85978
0.292961,-1.46043,-0.479156,43.9218,838904151,1.15136,-0.585294,-2.65843,1.16967,-0.595846,-2.64655,1.15861,-0.615032,-2.64655,1.14049,-0.604161,-2.65843,1.24769,-0.640824,-2.85978,1.26735,-0.652157,-2.84702,1.25532,-0.673026,-2.84702,1.23586,-0.661351,-2.85978
0.329663,-1.45963,-0.461971,50.8256,838904152,1.16246,-0.566039,-2.65843,1.18095,-0.576273,-2.64655,1.16989,-0.595459,-2.64655,1.15159,-0.584907,-2.65843,1.25975,-0.61991,-2.85978,1.2796,-0.6309,-2.84702,1.26757,-0.651769,-2.84702,1.24791,-0.640437,-2.85978
-0.0818468,-1.47668,0.270676,-2.91846,838904346,1.24282,0.356715,-2.70935,1.2635,0.361501,-2.69763,1.26811,0.339842,-2.69763,1.24736,0.335416,-2.70935,1.34963,0.381454,-2.91156,1.37184,0.386594,-2.89897,1.37686,0.363035,-2.89897,1.35457,0.358281,-2.91156
-0.0373828,-1.47746,0.288008,-2.73254,838904347,1.23519,0.377835,-2.70935,1.25577,0.382983,-2.69763,1.26115,0.361499,-2.69763,1.24047,0.356707,-2.70935,1.34153,0.40443,-2.91156,1.36364,0.40996,-2.89897,1.36949,0.386591,-2.89897,1.34728,0.381445,-2.91156
0.00426749,-1.47666,0.305191,-1.7593,838904348,1.2298,0.399395,-2.70935,1.25029,0.404901,-2.69763,1.25567,0.383417,-2.69763,1.23508,0.378268,-2.70935,1.33568,0.427849,-2.91156,1.35769,0.433762,-2.89897,1.36354,0.410393,-2.89897,1.34143,0.404864,-2.91156
0.0116779,-1.47744,0.322523,-3.14539,838904349,1.22143,0.420236,-2.70935,1.24183,0.4261,-2.69763,1.24795,0.404817,-2.69763,1.22745,0.399306,-2.70935,1.32679,0.450529,-2.91156,1.34869,0.456828,-2.89897,1.35535,0.433677,-2.89897,1.33333,0.427759,-2.91156
0.015161,-1.47665,0.339707,55.1836,838904350,1.21529,0.441595,-2.70935,1.23558,0.447813,-2.69763,1.2417,0.42653,-2.69763,1.22131,0.420665,-2.70935,1.32011,0.47373,-2.91156,1.34191,0.480408,-2.89897,1.34857,0.457257,-2.89897,1.32666,0.450959,-2.91156
-0.00913436,-1.47744,0.357037,-3.20391,838904351,1.20621,0.462131,-2.70935,1.22638,0.468704,-2.69763,1.23324,0.447647,-2.69763,1.21295,0.441424,-2.70935,1.31044,0.496085,-2.91156,1.33211,0.503145,-2.89897,1.33957,0.480241,-2.89897,1.31778,0.473557,-2.91156
-0.0683156,-1.47665,0.374222,-3.1247,838904352,1.19932,0.483262,-2.70935,1.21939,0.490185,-2.69763,1.22625,0.469129,-2.69763,1.20607,0.462556,-2.70935,1.30296,0.519039,-2.91156,1.32451,0.526474,-2.89897,1.33197,0.50357,-2.89897,1.3103,0.49651,-2.91156
0.0164336,-1.47745,0.391552,-2.6609,838904353,1.18953,0.503468,-2.70935,1.20946,0.510742,-2.69763,1.21705,0.489938,-2.69763,1.19699,0.48301,-2.70935,1.29251,0.541043,-2.91156,1.31392,0.548854,-2.89897,1.32217,0.526225,-2.89897,1.30063,0.518785,-2.91156
-0.005344,-1.47667,0.408737,-62.7756,838904354,1.18191,0.524347,-2.70935,1.20172,0.531966,-2.69763,1.20931,0.511162,-2.69763,1.18937,0.503888,-2.70935,1.28423,0.56372,-2.91156,1.30551,0.571903,-2.89897,1.31376,0.549274,-2.89897,1.29235,0.541462,-2.91156
0.0431822,-1.47747,0.426068,-41.1682,838904355,1.17141,0.544198,-2.70935,1.19108,0.552163,-2.69763,1.19939,0.531637,-2.69763,1.17959,0.524013,-2.70935,1.27302,0.585346,-2.91156,1.29414,0.593901,-2.89897,1.30318,0.571574,-2.89897,1.28191,0.563385,-2.91156
0.230984,-1.4767,0.443253,-28.767,838904356,1.16307,0.564798,-2.70935,1.1826,0.573104,-2.69763,1.19091,0.552578,-2.69763,1.17124,0.544612,-2.70935,1.26395,0.607721,-2.91156,1.28493,0.616642,-2.89897,1.29397,0.594315,-2.89897,1.27285,0.58576,-2.91156
-0.0531477,-1.47751,0.460584,-2.25426,838904357,1.15188,0.58427,-2.70935,1.17126,0.592918,-2.69763,1.18029,0.572694,-2.69763,1.16076,0.564383,-2.70935,1.25199,0.628942,-2.91156,1.2728,0.638229,-2.89897,1.28262,0.616231,-2.89897,1.26165,0.607305,-2.91156
0.0485302,-1.47674,0.477771,-22.5742,838904358,1.14283,0.604566,-2.70935,1.16206,0.613549,-2.69763,1.17108,0.593326,-2.69763,1.1517,0.584678,-2.70935,1.24215,0.650987,-2.91156,1.2628,0.660635,-2.89897,1.27262,0.638637,-2.89897,1.25181,0.62935,-2.91156
-0.0463326,-1.47756,0.495102,-1.59797,838904359,1.13097,0.623636,-2.70935,1.15004,0.632955,-2.69763,1.15976,0.613059,-2.69763,1.14053,0.60407,-2.70935,1.22946,0.671777,-2.91156,1.24993,0.681785,-2.89897,1.26051,0.660144,-2.89897,1.23986,0.65049,-2.91156
0.036572,-1.4768,0.512291,-1.09507,838904360,1.12121,0.643603,-2.70935,1.14011,0.653253,-2.69763,1.14984,0.633357,-2.69763,1.13077,0.624037,-2.70935,1.21885,0.693464,-2.91156,1.23916,0.703828,-2.89897,1.24973,0.682187,-2.89897,1.22926,0.672178,-2.91156
0.0740513,-1.47744,0.706103,-2.68197,838904371,0.975406,0.846808,-2.70935,0.992117,0.859885,-2.69763,1.00577,0.842445,-2.69763,0.988827,0.829657,-2.70935,1.06174,0.914363,-2.91156,1.07968,0.928408,-2.89897,1.09453,0.909438,-2.89897,1.07634,0.895704,-2.91156
0.110563,-1.47745,0.740618,-2.13301,838904373,0.945592,0.879947,-2.70935,0.961837,0.8936,-2.69763,0.976086,0.876647,-2.69763,0.959604,0.863275,-2.70935,1.02951,0.950477,-2.91156,1.04696,0.96514,-2.89897,1.06246,0.946699,-2.89897,1.04476,0.932339,-2.91156
-0.0177912,-1.47759,0.882587,104.885,838904381,0.811446,1.00477,-2.70935,0.825635,1.02055,-2.69763,0.842102,1.00574,-2.69763,0.827639,0.990211,-2.70935,0.884745,1.08628,-2.91156,0.899983,1.10323,-2.89897,0.917895,1.08712,-2.89897,0.902362,1.07044,-2.91156
0.0655419,-1.47677,0.899772,53.1494,838904382,0.79492,1.01963,-2.70935,0.808835,1.03566,-2.69763,0.825302,1.02085,-2.69763,0.811113,1.00507,-2.70935,0.866795,1.10243,-2.91156,0.88174,1.11964,-2.89897,0.899651,1.10353,-2.89897,0.884412,1.08658,-2.91156
0.0552303,-1.47753,0.917106,-3.43033,838904383,0.776334,1.03224,-2.70935,0.789964,1.0485,-2.69763,0.806938,1.03428,-2.69763,0.793026,1.01825,-2.70935,0.846742,1.11626,-2.91156,0.861379,1.13373,-2.89897,0.879842,1.11825,-2.89897,0.864902,1.10104,-2.91156
-0.06719,-1.47672,0.93429,-2.67658,838904384,0.7593,1.04651,-2.70935,0.772647,1.06301,-2.69763,0.789621,1.04879,-2.69763,0.775992,1.03252,-2.70935,0.828239,1.13176,-2.91156,0.842574,1.14948,-2.89897,0.861037,1.13401,-2.89897,0.846399,1.11654,-2.91156
0.0726066,-1.47749,0.951623,-4.06282,838904385,0.740285,1.05846,-2.70935,0.753338,1.07519,-2.69763,0.770798,1.06157,-2.69763,0.757455,1.04506,-2.70935,0.807715,1.14489,-2.91156,0.821734,1.16285,-2.89897,0.840726,1.14804,-2.89897,0.826396,1.13031,-2.91156
-0.0470677,-1.47668,0.968807,-2.97175,838904386,0.722762,1.07213,-2.70935,0.735525,1.08908,-2.69763,0.752986,1.07546,-2.69763,0.739933,1.05873,-2.70935,0.788682,1.15973,-2.91156,0.802389,1.17795,-2.89897,0.821381,1.16313,-2.89897,0.807363,1.14516,-2.91156
0.45262,-1.47746,0.986139,3.4796,838904387,0.703342,1.0834,-2.70935,0.715803,1.10058,-2.69763,0.733728,1.08757,-2.69763,0.72097,1.07061,-2.70935,0.767712,1.17213,-2.91156,0.781095,1.19058,-2.89897,0.800593,1.17644,-2.89897,0.786891,1.15822,-2.91156
1.31726,-1.47666,1.00332,-0.11735,838904388,0.685353,1.09645,-2.70935,0.697515,1.11385,-2.69763,0.715441,1.10084,-2.69763,0.70298,1.08366,-2.70935,0.748172,1.18631,-2.91156,0.761235,1.20499,-2.89897,0.780733,1.19084,-2.89897,0.767351,1.1724,-2.91156
0.534218,-1.47744,1.02065,-0.585978,838904389,0.66555,1.10704,-2.70935,0.677404,1.12464,-2.69763,0.695772,1.11227,-2.69763,0.683614,1.09488,-2.70935,0.726782,1.19797,-2.91156,0.739512,1.21687,-2.89897,0.759493,1.20342,-2.89897,0.746435,1.18473,-2.91156
0.0351473,-1.47665,1.03784,-0.91154,838904390,0.647116,1.11946,-2.70935,0.658664,1.13726,-2.69763,0.677033,1.12489,-2.69763,0.66518,1.10729,-2.70935,0.706759,1.21145,-2.91156,0.719161,1.23058,-2.89897,0.739142,1.21712,-2.89897,0.726412,1.19822,-2.91156
0.30737,-1.47744,1.05517,1.23445,838904391,0.626956,1.12935,-2.70935,0.638187,1.14735,-2.69763,0.656977,1.13563,-2.69763,0.645434,1.11782,-2.70935,0.684975,1.22236,-2.91156,0.697037,1.24169,-2.89897,0.717475,1.22894,-2.89897,0.705078,1.20982,-2.91156
0.248391,-1.47665,1.07235,-5.91826,838904392,0.608099,1.14111,-2.70935,0.619018,1.15931,-2.69763,0.637808,1.14759,-2.69763,0.626577,1.12958,-2.70935,0.664493,1.23513,-2.91156,0.67622,1.25468,-2.89897,0.696658,1.24193,-2.89897,0.684596,1.22259,-2.91156
-0.0266927,-1.47745,1.08968,-3.69993,838904393,0.587606,1.15029,-2.70935,0.598202,1.16868,-2.69763,0.61739,1.15762,-2.69763,0.606475,1.13942,-2.70935,0.642342,1.24527,-2.91156,0.653721,1.26502,-2.89897,0.674592,1.25299,-2.89897,0.66287,1.23344,-2.91156
0.461824,-1.47667,1.10687,-0.976245,838904394,0.56835,1.16139,-2.70935,0.578627,1.17996,-2.69763,0.597815,1.1689,-2.69763,0.587219,1.15051,-2.70935,0.621426,1.25732,-2.91156,0.632463,1.27727,-2.89897,0.653334,1.26524,-2.89897,0.641954,1.24549,-2.91156
0.515988,-1.47747,1.1242,3.92633,838904395,0.547549,1.16985,-2.70935,0.557496,1.18859,-2.69763,0.577058,1.17821,-2.69763,0.566786,1.15964,-2.70935,0.598934,1.26668,-2.91156,0.609617,1.28681,-2.89897,0.630895,1.27552,-2.89897,0.619863,1.25557,-2.91156
0.201463,-1.4767,1.14139,0.789213,838904396,0.527917,1.18027,-2.70935,0.537539,1.19918,-2.69763,0.557101,1.1888,-2.69763,0.547154,1.17006,-2.70935,0.57761,1.278,-2.91156,0.587944,1.29831,-2.89897,0.609222,1.28702,-2.89897,0.598539,1.26689,-2.91156
0.0214344,-1.47751,1.15872,-2.80939,838904397,0.506833,1.18799,-2.70935,0.516119,1.20707,-2.69763,0.536032,1.19738,-2.69763,0.526415,1.17846,-2.70935,0.554805,1.28656,-2.91156,0.564778,1.30705,-2.89897,0.586438,1.29651,-2.89897,0.576109,1.27619,-2.91156
-0.0249606,-1.47674,1.1759,-1.45008,838904398,0.48685,1.19772,-2.70935,0.495805,1.21696,-2.69763,0.515718,1.20727,-2.69763,0.506431,1.18819,-2.70935,0.533099,1.29713,-2.91156,0.542717,1.31779,-2.89897,0.564376,1.30725,-2.89897,0.554403,1.28676,-2.91156
-0.133764,-1.47756,1.19323,-1.05189,838904399,0.465509,1.20471,-2.70935,0.474123,1.2241,-2.69763,0.494362,1.21511,-2.69763,0.485411,1.19587,-2.70935,0.510008,1.30489,-2.91156,0.51926,1.32572,-2.89897,0.541274,1.31594,-2.89897,0.531662,1.29527,-2.91156
-0.0168933,-1.4768,1.21042,-0.98001,838904400,0.445197,1.21373,-2.70935,0.453475,1.23327,-2.69763,0.473714,1.22428,-2.69763,0.4651,1.20489,-2.70935,0.487947,1.31469,-2.91156,0.496837,1.33568,-2.89897,0.518851,1.3259,-2.89897,0.5096,1.30507,-2.91156
0.158742,-1.47753,1.61524,-10.3712,838904423,-0.0688023,1.28976,-2.70935,-0.0688164,1.31098,-2.69763,-0.0466706,1.31099,-2.69763,-0.0470245,1.28977,-2.70935,-0.0688749,1.39938,-2.91156,-0.06889,1.42217,-2.89897,-0.0448015,1.42218,-2.89897,-0.0451816,1.39939,-2.91156
0.302702,-1.47672,1.63242,-5.85413,838904424,-0.091027,1.28974,-2.70935,-0.0914092,1.31096,-2.69763,-0.0692634,1.31098,-2.69763,-0.0692492,1.28976,-2.70935,-0.0930151,1.39936,-2.91156,-0.0934256,1.42215,-2.89897,-0.069337,1.42217,-2.89897,-0.0693218,1.39938,-2.91156
0.0931472,-1.47668,1.66694,-20.5915,838904426,-0.135482,1.28588,-2.70935,-0.136605,1.30707,-2.69763,-0.114474,1.30786,-2.69763,-0.113718,1.28666,-2.70935,-0.141298,1.39536,-2.91156,-0.142504,1.41813,-2.89897,-0.118431,1.41898,-2.89897,-0.11762,1.39621,-2.91156
0.900743,-1.47746,1.68427,-0.436604,838904427,-0.157606,1.28203,-2.70935,-0.159102,1.3032,-2.69763,-0.137011,1.30476,-2.69763,-0.135882,1.28357,-2.70935,-0.165331,1.39138,-2.91156,-0.166937,1.41412,-2.89897,-0.142909,1.41581,-2.89897,-0.141697,1.39305,-2.91156
0.0845728,-1.47665,1.77049,22.979,838904432,-0.26766,1.26502,-2.70935,-0.270994,1.28598,-2.69763,-0.249066,1.28908,-2.69763,-0.246097,1.26807,-2.70935,-0.284897,1.37329,-2.91156,-0.288477,1.39581,-2.89897,-0.264626,1.39918,-2.89897,-0.261436,1.37661,-2.91156
0.179143,-1.47753,1.9643,22.2875,838904443,-0.505776,1.18844,-2.70935,-0.513047,1.20838,-2.69763,-0.492242,1.21597,-2.69763,-0.485316,1.19591,-2.70935,-0.543337,1.29143,-2.91156,-0.551146,1.31284,-2.89897,-0.528515,1.32109,-2.89897,-0.521078,1.29955,-2.91156
0.236986,-1.4768,2.25762,49.4709,838904460,-0.828521,0.992417,-2.70935,-0.841307,1.00936,-2.69763,-0.823402,1.02239,-2.69763,-0.810914,1.00523,-2.70935,-0.894581,1.07992,-2.91156,-0.908312,1.09811,-2.89897,-0.888837,1.11229,-2.89897,-0.875425,1.09386,-2.91156
0.146841,-1.47672,-2.90543,-27.2557,838904524,-1.25434,-0.313605,-2.70935,-1.27517,-0.317667,-2.69763,-1.27903,-0.29586,-2.69763,-1.25814,-0.292161,-2.70935,-1.36195,-0.334599,-2.91156,-1.38432,-0.33896,-2.89897,-1.38852,-0.315241,-2.89897,-1.36608,-0.311268,-2.91156
0.0458719,-1.47668,-2.87092,-0.65333,838904526,-1.24282,-0.356715,-2.70935,-1.2635,-0.361501,-2.69763,-1.26811,-0.339842,-2.69763,-1.24736,-0.335416,-2.70935,-1.34963,-0.381454,-2.91156,-1.37184,-0.386594,-2.89897,-1.37686,-0.363035,-2.89897,-1.35457,-0.358281,-2.91156
0.0394767,-1.47746,-2.85359,-1.32953,838904527,-1.23519,-0.377835,-2.70935,-1.25577,-0.382983,-2.69763,-1.26115,-0.361499,-2.69763,-1.24047,-0.356707,-2.70935,-1.34153,-0.40443,-2.91156,-1.36364,-0.40996,-2.89897,-1.36949,-0.386591,-2.89897,-1.34728,-0.381445,-2.91156
-0.0396459,-1.47666,-2.8364,-1.37579,838904528,-1.2298,-0.399395,-2.70935,-1.25029,-0.404901,-2.69763,-1.25567,-0.383417,-2.69763,-1.23508,-0.378268,-2.70935,-1.33568,-0.427849,-2.91156,-1.35769,-0.433762,-2.89897,-1.36354,-0.410393,-2.89897,-1.34143,-0.404864,-2.91156
2.14682,-1.47744,-2.81907,-0.637098,838904529,-1.22143,-0.420236,-2.70935,-1.24183,-0.4261,-2.69763,-1.24795,-0.404817,-2.69763,-1.22745,-0.399306,-2.70935,-1.32679,-0.450529,-2.91156,-1.34869,-0.456828,-2.89897,-1.35535,-0.433677,-2.89897,-1.33333,-0.427759,-2.91156
1.03728,-1.47665,-2.80189,0.0977473,838904530,-1.21529,-0.441595,-2.70935,-1.23558,-0.447813,-2.69763,-1.2417,-0.42653,-2.69763,-1.22131,-0.420665,-2.70935,-1.32011,-0.47373,-2.91156,-1.34191,-0.480408,-2.89897,-1.34857,-0.457257,-2.89897,-1.32666,-0.450959,-2.91156
0.124935,-1.47744,-2.78456,29.9703,838904531,-1.20621,-0.462131,-2.70935,-1.22638,-0.468704,-2.69763,-1.23324,-0.447647,-2.69763,-1.21295,-0.441424,-2.70935,-1.31044,-0.496085,-2.91156,-1.33211,-0.503145,-2.89897,-1.33957,-0.480241,-2.89897,-1.31778,-0.473557,-2.91156
0.121117,-1.47744,-2.12094,11.252,838904569,-0.66555,-1.10704,-2.70935,-0.677404,-1.12464,-2.69763,-0.695772,-1.11227,-2.69763,-0.683614,-1.09488,-2.70935,-0.726782,-1.19797,-2.91156,-0.739512,-1.21687,-2.89897,-0.759493,-1.20342,-2.89897,-0.746435,-1.18473,-2.91156
0.163865,-1.47665,-1.72017,-12.2527,838904592,-0.181144,-1.28028,-2.70935,-0.18518,-1.30111,-2.69763,-0.206845,-1.29652,-2.69763,-0.202449,-1.27576,-2.70935,-0.201979,-1.38792,-2.91156,-0.206314,-1.41029,-2.89897,-0.22988,-1.4053,-2.89897,-0.225159,-1.38301,-2.91156
0.204905,0.0117295,1.30146,36.8407,838926933,0.354512,1.2434,0.0269319,0.354522,1.2434,0.00338405,0.333215,1.24795,0.00338404,0.333215,1.24795,0.0269319,0.40649,1.46749,0.028832,0.406501,1.46748,0.00338405,0.381268,1.47287,0.00338404,0.381268,1.47287,0.028832
0.264242,0.030291,-3.1157,37.9544,838927552,-1.29151,-0.0225642,0.0508939,-1.2917,-0.0225775,0.0273468,-1.2902,-0.0443142,0.0273468,-1.29001,-0.0442904,0.0508939,-1.52094,-0.0383861,0.054686,-1.52115,-0.0384005,0.0292388,-1.51937,-0.0641419,0.0292388,-1.51916,-0.0641162,0.054686
0.867793,0.048832,-3.11569,42.1651,838928064,-1.29151,-0.0225642,0.0748583,-1.29189,-0.0225908,0.0513136,-1.2904,-0.0443275,0.0513136,-1.29001,-0.0442904,0.0748583,-1.5209,-0.0383834,0.0805421,-1.52132,-0.0384122,0.0550975,-1.51954,-0.0641536,0.0550975,-1.51913,-0.0641135,0.0805421
0.505563,0.0487906,-3.06383,42.1733,838928067,-1.28989,-0.089597,0.0748583,-1.29027,-0.0896401,0.0513136,-1.28726,-0.111219,0.0513136,-1.28688,-0.111166,0.0748583,-1.51817,-0.117416,0.0805421,-1.51859,-0.117463,0.0550975,-1.51502,-0.143018,0.0550975,-1.51461,-0.14296,0.0805421
-0.0427089,0.0488336,-2.87016,-3.35382,838928078,-1.24723,-0.335801,0.0748583,-1.2476,-0.33592,0.0513136,-1.24089,-0.356649,0.0513136,-1.24053,-0.35652,0.0748583,-1.46599,-0.406628,0.0805421,-1.46639,-0.406757,0.0550975,-1.45844,-0.431305,0.0550975,-1.45805,-0.431165,0.0805421
0.0304031,0.0487899,-2.85281,-3.122,838928079,-1.24251,-0.357783,0.0748583,-1.24288,-0.357905,0.0513136,-1.23545,-0.378387,0.0513136,-1.23508,-0.378255,0.0748583,-1.46003,-0.432434,0.080542,-1.46043,-0.432567,0.0550975,-1.45163,-0.456822,0.0550975,-1.45123,-0.456679,0.0805421
-0.0669659,0.0488323,-2.83565,-3.35539,838928080,-1.23494,-0.378648,0.0748583,-1.23531,-0.37878,0.0513136,-1.22787,-0.399262,0.0513136,-1.22751,-0.39912,0.0748583,-1.45109,-0.457073,0.080542,-1.45148,-0.457215,0.0550975,-1.44268,-0.481471,0.0550975,-1.44229,-0.481317,0.0805421
0.0098692,0.048789,-2.8183,-2.89692,838928081,-1.22945,-0.400452,0.0748583,-1.22982,-0.400587,0.0513136,-1.22167,-0.420797,0.0513136,-1.22131,-0.420652,0.0748583,-1.44423,-0.482655,0.0805421,-1.44462,-0.482801,0.0550975,-1.43498,-0.506734,0.0550975,-1.43459,-0.506578,0.0805421
-0.041191,0.0488318,-2.80114,-2.77646,838928082,-1.22116,-0.42104,0.0748583,-1.22152,-0.421185,0.0513136,-1.21338,-0.441395,0.0513136,-1.21302,-0.44124,0.0748583,-1.43444,-0.506966,0.0805421,-1.43483,-0.507122,0.0550975,-1.42518,-0.531056,0.0550975,-1.4248,-0.530889,0.0805421
0.277266,0.0487888,-1.38753,-48.9715,838928163,0.224947,-1.27332,0.0748583,0.22503,-1.2737,0.0513136,0.246177,-1.26845,0.0513136,0.246083,-1.26807,0.0748583,0.276465,-1.49745,0.0805421,0.276555,-1.49785,0.0550975,0.301597,-1.49164,0.0550975,0.301496,-1.49123,0.0805421
0.0953227,0.0673594,-2.87016,55.7302,838928590,-1.24723,-0.335801,0.0988267,-1.24779,-0.33598,0.075286,-1.24108,-0.356709,0.075286,-1.24053,-0.35652,0.0988267,-1.46594,-0.406611,0.106402,-1.46654,-0.406805,0.0809616,-1.45859,-0.431353,0.0809616,-1.458,-0.431148,0.106402
0.0643919,0.0672991,-2.85281,-1.79185,838928591,-1.24251,-0.357783,0.0988267,-1.24306,-0.357971,0.075286,-1.23563,-0.378453,0.075286,-1.23508,-0.378255,0.0988267,-1.45998,-0.432416,0.106402,-1.46057,-0.432619,0.0809616,-1.45177,-0.456875,0.0809616,-1.45118,-0.456661,0.106402
-0.0367621,0.0673577,-2.83565,-2.93343,838928592,-1.23494,-0.378648,0.0988267,-1.23549,-0.378846,0.075286,-1.22806,-0.399328,0.075286,-1.22751,-0.39912,0.0988267,-1.45104,-0.457054,0.106402,-1.45163,-0.457268,0.0809615,-1.44283,-0.481524,0.0809616,-1.44224,-0.481299,0.106402
-0.0950601,0.0672979,-2.8183,-2.03191,838928593,-1.22945,-0.400452,0.0988267,-1.23,-0.400659,0.075286,-1.22185,-0.420869,0.0752859,-1.22131,-0.420652,0.0988267,-1.44418,-0.482635,0.106402,-1.44477,-0.482859,0.0809616,-1.43513,-0.506792,0.0809615,-1.43454,-0.506557,0.106402
-0.03937,0.0673569,-2.80113,-3.06809,838928594,-1.22116,-0.42104,0.0988267,-1.2217,-0.421257,0.075286,-1.21355,-0.441467,0.075286,-1.21302,-0.44124,0.0988267,-1.43439,-0.506946,0.106402,-1.43497,-0.50718,0.0809616,-1.42533,-0.531113,0.0809616,-1.42475,-0.530868,0.106402
0.231379,0.0858643,-2.87016,8.74087,838929102,-1.24723,-0.335801,0.122801,-1.24797,-0.336039,0.0992656,-1.24126,-0.356768,0.0992656,-1.24053,-0.35652,0.122801,-1.46587,-0.40659,0.132267,-1.46667,-0.406847,0.106832,-1.45872,-0.431395,0.106832,-1.45793,-0.431127,0.132267
0.0447484,0.0857876,-2.8528,-3.8287,838929103,-1.24251,-0.357783,0.122801,-1.24324,-0.358037,0.0992656,-1.23581,-0.378519,0.0992657,-1.23508,-0.378255,0.122801,-1.45991,-0.432392,0.132267,-1.4607,-0.432667,0.106832,-1.4519,-0.456922,0.106833,-1.45112,-0.456637,0.132267
0.848746,0.0858622,-2.83564,-1.21161,838929104,-1.23494,-0.378648,0.122801,-1.23567,-0.378912,0.0992656,-1.22824,-0.399394,0.0992656,-1.22751,-0.39912,0.122801,-1.45097,-0.45703,0.132267,-1.45176,-0.457316,0.106832,-1.44296,-0.481571,0.106833,-1.44218,-0.481275,0.132267
0.081552,0.0857861,-2.81829,-1.86761,838929105,-1.22945,-0.400452,0.122801,-1.23017,-0.400732,0.0992656,-1.22203,-0.420942,0.0992656,-1.22131,-0.420652,0.122801,-1.44412,-0.482608,0.132267,-1.4449,-0.482911,0.106832,-1.43525,-0.506844,0.106833,-1.43448,-0.506531,0.132267
-0.0720402,0.0858612,-2.80113,-3.80172,838929106,-1.22116,-0.42104,0.122801,-1.22188,-0.42133,0.0992657,-1.21373,-0.441539,0.0992656,-1.21302,-0.44124,0.122801,-1.43432,-0.506919,0.132267,-1.4351,-0.507232,0.106833,-1.42546,-0.531165,0.106832,-1.42468,-0.530842,0.132267
0.143656,0.0858631,-2.73211,18.7546,838929110,-1.18919,-0.504251,0.122801,-1.18989,-0.50459,0.0992656,-1.18036,-0.524183,0.0992656,-1.17967,-0.523834,0.122801,-1.39584,-0.604802,0.132267,-1.3966,-0.605168,0.106832,-1.38531,-0.62837,0.106833,-1.38456,-0.627993,0.132267
0.0289928,0.103827,-2.93918,-2.67991,838929610,-1.2673,-0.248949,0.14541,-1.26818,-0.249168,0.123253,-1.26293,-0.270344,0.123253,-1.26205,-0.270085,0.14541,-1.49018,-0.304261,0.158875,-1.49122,-0.30452,0.132711,-1.48501,-0.329569,0.132711,-1.48397,-0.329264,0.158875
-0.0247488,0.103733,-2.92183,-2.25721,838929611,-1.26412,-0.271207,0.14541,-1.26501,-0.271419,0.123253,-1.25902,-0.292398,0.123253,-1.25814,-0.292147,0.14541,-1.48603,-0.330438,0.158875,-1.48707,-0.330688,0.132711,-1.47999,-0.355505,0.132711,-1.47895,-0.35521,0.158875
-0.0334641,0.103821,-2.90466,-1.38534,838929612,-1.25802,-0.29255,0.14541,-1.2589,-0.292801,0.123253,-1.25291,-0.313779,0.123253,-1.25204,-0.313491,0.14541,-1.47884,-0.355612,0.158875,-1.47987,-0.355908,0.132711,-1.47278,-0.380725,0.132711,-1.47176,-0.380384,0.158875
0.148383,0.103728,-2.88732,-1.64604,838929613,-1.25407,-0.314683,0.14541,-1.25495,-0.314926,0.123253,-1.24823,-0.335683,0.123253,-1.24736,-0.335402,0.14541,-1.47377,-0.381629,0.158875,-1.47481,-0.381916,0.132711,-1.46686,-0.40647,0.132711,-1.46584,-0.406138,0.158875
1.79696,0.103817,-2.87015,0.728859,838929614,-1.24723,-0.335801,0.14541,-1.2481,-0.336082,0.123253,-1.24138,-0.356838,0.123253,-1.24053,-0.35652,0.14541,-1.46571,-0.406537,0.158875,-1.46673,-0.406868,0.132711,-1.45878,-0.431423,0.132711,-1.45777,-0.431046,0.158875
0.169306,0.103724,-2.85281,9.21651,838929615,-1.24251,-0.357783,0.14541,-1.24338,-0.358056,0.123253,-1.23594,-0.378566,0.123253,-1.23508,-0.378255,0.14541,-1.45974,-0.43236,0.158875,-1.46077,-0.432683,0.132711,-1.45197,-0.456945,0.132711,-1.45095,-0.456578,0.158875
0.182194,0.103814,-2.83564,9.19147,838929616,-1.23494,-0.378648,0.14541,-1.2358,-0.378959,0.123253,-1.22836,-0.399469,0.123253,-1.22751,-0.39912,0.14541,-1.45081,-0.456971,0.158875,-1.45182,-0.457339,0.132711,-1.44302,-0.4816,0.132711,-1.44203,-0.481189,0.158875
-0.0106338,0.103722,-2.81829,-1.19938,838929617,-1.22945,-0.400452,0.14541,-1.23031,-0.400756,0.123253,-1.22216,-0.420993,0.123253,-1.22131,-0.420652,0.14541,-1.44395,-0.482571,0.158875,-1.44496,-0.48293,0.132711,-1.43532,-0.506869,0.132711,-1.43432,-0.506467,0.158875
-0.0749675,0.103813,-2.80112,-1.30834,838929618,-1.22116,-0.42104,0.14541,-1.222,-0.421381,0.123253,-1.21385,-0.441618,0.123253,-1.21302,-0.44124,0.14541,-1.43416,-0.506855,0.158875,-1.43516,-0.507257,0.132711,-1.42552,-0.531197,0.132711,-1.42453,-0.530751,0.158875
0.207438,0.103722,-2.78378,6.62081,838929619,-1.21491,-0.442639,0.14541,-1.21576,-0.442973,0.123253,-1.20691,-0.462912,0.123253,-1.20607,-0.462542,0.14541,-1.42641,-0.532199,0.158875,-1.42741,-0.532593,0.132711,-1.41693,-0.556181,0.132711,-1.41595,-0.555744,0.158875
0.174939,0.103723,-2.74927,-0.657077,838929621,-1.19891,-0.484292,0.14541,-1.19974,-0.484656,0.123253,-1.1902,-0.504274,0.123253,-1.18938,-0.503875,0.14541,-1.40714,-0.581185,0.158875,-1.40813,-0.581613,0.132711,-1.39684,-0.604821,0.132711,-1.39587,-0.60435,0.158875
0.0253079,0.121204,-2.93917,-2.28066,838930122,-1.2673,-0.248949,0.168009,-1.26856,-0.249261,0.145871,-1.2633,-0.270437,0.145871,-1.26205,-0.270086,0.168009,-1.48992,-0.304196,0.185468,-1.4914,-0.304565,0.159326,-1.48519,-0.329614,0.159326,-1.48371,-0.329199,0.185468
0.102119,0.121094,-2.92182,24.2223,838930123,-1.26412,-0.271207,0.168009,-1.26538,-0.271525,0.145871,-1.25939,-0.292504,0.145871,-1.25814,-0.292147,0.168009,-1.48577,-0.330364,0.185468,-1.48725,-0.33074,0.159326,-1.48017,-0.355556,0.159326,-1.47869,-0.355136,0.185468
0.60797,0.121198,-2.90465,2.75981,838930124,-1.25802,-0.29255,0.168009,-1.25927,-0.292906,0.145871,-1.25328,-0.313885,0.145871,-1.25204,-0.313491,0.168009,-1.47858,-0.355538,0.185468,-1.48005,-0.355959,0.159326,-1.47296,-0.380776,0.159326,-1.4715,-0.38031,0.185468
0.0619209,0.121089,-2.88731,-10.6305,838930125,-1.25407,-0.314683,0.168009,-1.25532,-0.315045,0.145871,-1.2486,-0.335802,0.145871,-1.24736,-0.335402,0.168009,-1.47352,-0.381546,0.185468,-1.47499,-0.381973,0.159326,-1.46704,-0.406527,0.159326,-1.46558,-0.406055,0.185468
0.0172178,0.121193,-2.87014,-2.69714,838930126,-1.24723,-0.335801,0.168009,-1.24847,-0.3362,0.145871,-1.24175,-0.356957,0.145871,-1.24053,-0.35652,0.168009,-1.46545,-0.406454,0.185468,-1.46691,-0.406926,0.159326,-1.45896,-0.43148,0.159326,-1.45752,-0.430963,0.185468
0.0692446,0.121085,-2.8528,-2.33016,838930127,-1.24251,-0.357783,0.168009,-1.24374,-0.358188,0.145871,-1.2363,-0.378697,0.145871,-1.23508,-0.378255,0.168009,-1.45949,-0.432268,0.185468,-1.46094,-0.432747,0.159326,-1.45214,-0.457008,0.159326,-1.4507,-0.456486,0.185468
0.0147242,0.12119,-2.83563,-2.05553,838930128,-1.23494,-0.378648,0.168009,-1.23616,-0.379091,0.145871,-1.22872,-0.3996,0.145871,-1.22751,-0.39912,0.168009,-1.45056,-0.45688,0.185468,-1.452,-0.457402,0.159326,-1.4432,-0.481664,0.159326,-1.44177,-0.481097,0.185468
0.0561236,0.121083,-2.81828,-26.318,838930129,-1.22945,-0.400452,0.168009,-1.23067,-0.4009,0.145871,-1.22252,-0.421137,0.145871,-1.22131,-0.420652,0.168009,-1.4437,-0.48247,0.185468,-1.44513,-0.482999,0.159326,-1.43549,-0.506938,0.159326,-1.43407,-0.506366,0.185468
-0.0451213,0.121188,-2.80112,-2.46963,838930130,-1.22116,-0.42104,0.168009,-1.22236,-0.421525,0.145871,-1.21421,-0.441762,0.145871,-1.21302,-0.44124,0.168009,-1.43391,-0.506755,0.185468,-1.43533,-0.507327,0.159326,-1.42569,-0.531266,0.159326,-1.42428,-0.53065,0.185468
0.142912,0.121082,-2.78377,5.01063,838930131,-1.21491,-0.442639,0.168009,-1.21611,-0.443129,0.145871,-1.20726,-0.463069,0.145871,-1.20607,-0.462542,0.168009,-1.42616,-0.53209,0.185468,-1.42758,-0.532669,0.159326,-1.4171,-0.556256,0.159326,-1.4157,-0.555635,0.185468
0.377337,0.121189,-2.76661,5.72472,838930132,-1.2059,-0.462925,0.168009,-1.20709,-0.463452,0.145871,-1.19823,-0.483392,0.145871,-1.19706,-0.482829,0.168009,-1.41553,-0.556018,0.185468,-1.41693,-0.556639,0.159326,-1.40646,-0.580227,0.159326,-1.40508,-0.579563,0.185468
0.075749,0.121083,-2.74926,-3.25439,838930133,-1.19891,-0.484292,0.168009,-1.20009,-0.484824,0.145871,-1.19054,-0.504443,0.145871,-1.18938,-0.503875,0.168009,-1.4069,-0.581067,0.185468,-1.4083,-0.581695,0.159326,-1.39701,-0.604902,0.159326,-1.39563,-0.604232,0.185468
0.0079288,0.138563,-2.93916,-2.95849,838930634,-1.2673,-0.248949,0.190634,-1.26893,-0.249354,0.168522,-1.26368,-0.270529,0.168522,-1.26205,-0.270086,0.190634,-1.48959,-0.304114,0.212083,-1.49152,-0.304593,0.185971,-1.4853,-0.329642,0.185971,-1.48338,-0.329118,0.212083
-0.0165585,0.138438,-2.92182,-2.67211,838930635,-1.26412,-0.271207,0.190634,-1.26575,-0.271631,0.168522,-1.25976,-0.292609,0.168522,-1.25814,-0.292147,0.190634,-1.48544,-0.330271,0.212083,-1.48737,-0.330771,0.185971,-1.48028,-0.355588,0.185971,-1.47837,-0.355043,0.212083
0.0431235,0.138555,-2.90465,-3.26955,838930636,-1.25802,-0.29255,0.190634,-1.25964,-0.293012,0.168522,-1.25365,-0.313991,0.168522,-1.25204,-0.313491,0.190634,-1.47825,-0.355445,0.212083,-1.48016,-0.355991,0.185971,-1.47308,-0.380808,0.185971,-1.47118,-0.380217,0.212083
0.00620706,0.138431,-2.8873,-2.93568,838930637,-1.25407,-0.314683,0.190634,-1.25568,-0.315164,0.168522,-1.24896,-0.335921,0.168522,-1.24736,-0.335402,0.190634,-1.4732,-0.381441,0.212083,-1.4751,-0.382009,0.185971,-1.46715,-0.406563,0.185971,-1.46526,-0.405951,0.212083
0.0167647,0.13855,-2.87013,-4.08774,838930638,-1.24723,-0.335801,0.190634,-1.24884,-0.336319,0.168522,-1.24211,-0.357076,0.168522,-1.24053,-0.35652,0.190634,-1.46513,-0.406349,0.212083,-1.46702,-0.406961,0.185971,-1.45907,-0.431516,0.185971,-1.4572,-0.430859,0.212083
0.114816,0.138427,-2.85279,-21.201,838930639,-1.24251,-0.357783,0.190634,-1.24411,-0.358319,0.168522,-1.23667,-0.378828,0.168522,-1.23508,-0.378255,0.190634,-1.45917,-0.432153,0.212083,-1.46105,-0.432786,0.185971,-1.45225,-0.457048,0.185971,-1.45038,-0.45637,0.212083
0.0407763,0.138546,-2.83562,-1.87285,838930640,-1.23494,-0.378648,0.190634,-1.23652,-0.379222,0.168522,-1.22908,-0.399732,0.168522,-1.22751,-0.39912,0.190634,-1.45024,-0.456764,0.212083,-1.45211,-0.457442,0.185971,-1.44331,-0.481703,0.185971,-1.44145,-0.480981,0.212083
0.060075,0.138545,-2.80111,-2.76613,838930642,-1.22116,-0.42104,0.190634,-1.22272,-0.421669,0.168522,-1.21457,-0.441906,0.168522,-1.21302,-0.44124,0.190634,-1.4336,-0.506628,0.212083,-1.43544,-0.50737,0.185971,-1.4258,-0.53131,0.185971,-1.42397,-0.530524,0.212083
-0.0623726,0.155772,2.9778,-2.82588,838931125,-1.27367,0.221578,0.213293,-1.27572,0.221836,0.191213,-1.27803,0.200141,0.191213,-1.27597,0.199922,0.213293,-1.5006,0.249686,0.238724,-1.50302,0.249991,0.212651,-1.50575,0.224326,0.212651,-1.50332,0.224068,0.238724
0.00579257,0.155903,2.99496,-2.99121,838931126,-1.27602,0.199506,0.213293,-1.27807,0.199724,0.191213,-1.28038,0.178029,0.191213,-1.27832,0.17785,0.213293,-1.50336,0.223652,0.238724,-1.50579,0.22391,0.212651,-1.50852,0.198245,0.212651,-1.50608,0.198034,0.238724
0.0546959,0.155762,3.01231,-2.1036,838931127,-1.28064,0.177504,0.213293,-1.2827,0.17769,0.191213,-1.28425,0.155927,0.191213,-1.28219,0.15578,0.213293,-1.50841,0.197669,0.238724,-1.51084,0.197889,0.212651,-1.51267,0.172144,0.212651,-1.51024,0.171972,0.238724
0.0572338,0.155895,3.02948,-2.83645,838931128,-1.28221,0.155363,0.213293,-1.28428,0.155509,0.191214,-1.28582,0.133746,0.191213,-1.28376,0.13364,0.213293,-1.51027,0.171554,0.238724,-1.5127,0.171727,0.212651,-1.51453,0.145982,0.212651,-1.51209,0.145856,0.238724
-0.014395,0.155755,3.04683,-3.14046,838931129,-1.28607,0.133212,0.213293,-1.28813,0.133326,0.191214,-1.28892,0.111523,0.191213,-1.28685,0.111448,0.213293,-1.5144,0.14541,0.238724,-1.51684,0.145545,0.212651,-1.51777,0.119752,0.212651,-1.51533,0.119665,0.238724
0.0106249,0.155903,-2.93916,-3.04888,838931146,-1.2673,-0.248949,0.213293,-1.2693,-0.249447,0.191213,-1.26405,-0.270622,0.191214,-1.26205,-0.270086,0.213293,-1.48919,-0.304016,0.238724,-1.49156,-0.304604,0.212651,-1.48534,-0.329653,0.212651,-1.48299,-0.32902,0.238724
-0.0168097,0.155762,-2.92181,-3.21194,838931147,-1.26412,-0.271207,0.213293,-1.26612,-0.271736,0.191213,-1.26013,-0.292715,0.191213,-1.25814,-0.292147,0.213293,-1.48505,-0.330159,0.238724,-1.48741,-0.330784,0.212651,-1.48032,-0.355601,0.212651,-1.47798,-0.354931,0.238724
-0.0339109,0.155895,-2.90464,-3.12094,838931148,-1.25802,-0.29255,0.213293,-1.26001,-0.293118,0.191213,-1.25402,-0.314097,0.191213,-1.25204,-0.313491,0.213293,-1.47786,-0.355333,0.238724,-1.48021,-0.356004,0.212651,-1.47312,-0.380821,0.212651,-1.47079,-0.380105,0.238724
-0.138614,0.155755,-2.88729,-2.46021,838931149,-1.25407,-0.314684,0.213293,-1.25605,-0.315282,0.191213,-1.24933,-0.336039,0.191213,-1.24736,-0.335402,0.213293,-1.47281,-0.381316,0.238724,-1.47514,-0.382023,0.212651,-1.46719,-0.406577,0.212651,-1.46487,-0.405825,0.238724
0.0138018,0.155889,-2.87013,-3.14289,838931150,-1.24723,-0.335801,0.213293,-1.2492,-0.336438,0.191214,-1.24248,-0.357194,0.191213,-1.24053,-0.35652,0.213293,-1.46474,-0.406224,0.238724,-1.46707,-0.406976,0.212651,-1.45912,-0.43153,0.212651,-1.45681,-0.430733,0.238724
0.0571643,0.155883,-2.8011,-3.08921,838931154,-1.22116,-0.42104,0.213293,-1.22307,-0.421813,0.191214,-1.21492,-0.44205,0.191213,-1.21302,-0.441241,0.213293,-1.43322,-0.506476,0.238724,-1.43548,-0.507388,0.212651,-1.42584,-0.531327,0.212651,-1.42359,-0.530371,0.238724
0.178391,0.155749,-2.74924,6.51869,838931157,-1.19891,-0.484292,0.213293,-1.20078,-0.485161,0.191214,-1.19124,-0.504779,0.191213,-1.18938,-0.503875,0.213293,-1.40623,-0.58074,0.238724,-1.40844,-0.581766,0.212651,-1.39715,-0.604973,0.212651,-1.39496,-0.603905,0.238724
0.27947,0.173216,-0.112109,-47.3998,838931460,1.28221,-0.155363,0.235992,1.28466,-0.155536,0.213952,1.2862,-0.133773,0.213952,1.28376,-0.13364,0.235992,1.50979,-0.17152,0.265397,1.51268,-0.171725,0.239371,1.5145,-0.145981,0.239371,1.51161,-0.145823,0.265397
0.0967519,0.17308,2.9778,25.5103,838931637,-1.27367,0.221578,0.235992,-1.2761,0.221877,0.213952,-1.27841,0.200181,0.213952,-1.27597,0.199922,0.235992,-1.50012,0.249636,0.265397,-1.503,0.249988,0.239371,-1.50572,0.224324,0.239371,-1.50284,0.224018,0.265397
-0.022795,0.173225,2.99497,-4.96091,838931638,-1.27602,0.199506,0.235992,-1.27845,0.199765,0.213952,-1.28076,0.178069,0.213952,-1.27832,0.17785,0.235992,-1.50289,0.223602,0.265397,-1.50577,0.223907,0.239371,-1.50849,0.198242,0.239371,-1.50561,0.197984,0.265397
0.015758,0.173069,3.01232,-4.55289,838931639,-1.28064,0.177504,0.235992,-1.28308,0.177717,0.213952,-1.28463,0.155954,0.213952,-1.28219,0.15578,0.235992,-1.50794,0.197635,0.265397,-1.51082,0.197887,0.239371,-1.51265,0.172143,0.239371,-1.50976,0.171938,0.265397
0.0183713,0.173216,3.02948,-4.32203,838931640,-1.28221,0.155363,0.235992,-1.28466,0.155536,0.213952,-1.2862,0.133773,0.213952,-1.28376,0.13364,0.235992,-1.50979,0.17152,0.265397,-1.51268,0.171725,0.239371,-1.5145,0.145981,0.239371,-1.51161,0.145823,0.265397
-0.0211743,0.173061,3.04684,-3.61605,838931641,-1.28607,0.133212,0.235992,-1.28852,0.13334,0.213952,-1.2893,0.111536,0.213952,-1.28685,0.111448,0.235992,-1.51393,0.145393,0.265397,-1.51682,0.145544,0.239371,-1.51775,0.119752,0.239371,-1.51485,0.119648,0.265397
0.187935,0.173203,-3.11565,8.41277,838931648,-1.29151,-0.0225644,0.235992,-1.29395,-0.022733,0.213952,-1.29245,-0.0444989,0.213952,-1.29001,-0.0442906,0.235992,-1.51911,-0.0382605,0.265397,-1.522,-0.0384596,0.239371,-1.52023,-0.0642075,0.239371,-1.51734,-0.0639615,0.265397
0.237682,0.173054,-3.0983,1.03764,838931649,-1.29224,-0.045036,0.235992,-1.29468,-0.0452503,0.213952,-1.29242,-0.0669506,0.213952,-1.28998,-0.0666966,0.235992,-1.51957,-0.064709,0.265397,-1.52246,-0.0649621,0.239371,-1.51978,-0.0906323,0.239371,-1.5169,-0.0903325,0.265397
0.419219,0.173207,-3.08114,0.97754,838931650,-1.28994,-0.0671132,0.235992,-1.29238,-0.0673671,0.213952,-1.29012,-0.0890673,0.213952,-1.28768,-0.0887739,0.235992,-1.51686,-0.0907491,0.265397,-1.51974,-0.0910489,0.239371,-1.51707,-0.116719,0.239371,-1.51419,-0.116373,0.265397
0.0542153,0.173058,-3.06379,-4.20549,838931651,-1.28989,-0.0895968,0.235992,-1.29232,-0.0898962,0.213952,-1.2893,-0.111504,0.213952,-1.28688,-0.111165,0.235992,-1.5164,-0.117198,0.265397,-1.51927,-0.117551,0.239371,-1.5157,-0.143112,0.239371,-1.51283,-0.142712,0.265397
0.131164,0.173212,-3.04663,-17.3696,838931652,-1.28682,-0.11158,0.235992,-1.28925,-0.111919,0.213952,-1.28623,-0.133527,0.213952,-1.28381,-0.133149,0.235992,-1.51278,-0.143127,0.265397,-1.51564,-0.143527,0.239371,-1.51207,-0.169088,0.239371,-1.50921,-0.168642,0.265397
0.00234046,0.190424,2.97781,-1.12623,838932149,-1.27367,0.221579,0.258872,-1.2765,0.221953,0.236756,-1.27881,0.200224,0.236756,-1.27597,0.199923,0.258872,-1.49959,0.249521,0.292181,-1.50292,0.249961,0.26615,-1.50564,0.224316,0.26615,-1.50231,0.223962,0.292181
0.054413,0.190584,2.99498,-2.16773,838932150,-1.27602,0.199506,0.258872,-1.27885,0.199806,0.236756,-1.28116,0.178078,0.236756,-1.27832,0.17785,0.258872,-1.50235,0.223544,0.292181,-1.50569,0.223899,0.26615,-1.50841,0.198253,0.26615,-1.50507,0.197984,0.292181
1.32265,0.190413,3.01232,0.183427,838932151,-1.28064,0.177504,0.258872,-1.28348,0.177779,0.236756,-1.28503,0.155983,0.236756,-1.28219,0.155781,0.258872,-1.5074,0.197539,0.292181,-1.51074,0.197863,0.26615,-1.51257,0.172138,0.26615,-1.50922,0.1719,0.292181
0.130919,0.190574,3.0295,-1.6138,838932152,-1.28221,0.155362,0.258872,-1.28506,0.155564,0.236756,-1.2866,0.133768,0.236756,-1.28376,0.133639,0.258872,-1.50925,0.171481,0.292181,-1.5126,0.171719,0.26615,-1.51442,0.145994,0.26615,-1.51107,0.145842,0.292181
0.104924,0.190404,3.04684,-24.0359,838932153,-1.28607,0.133213,0.258872,-1.28892,0.133388,0.236756,-1.2897,0.111551,0.236756,-1.28685,0.111449,0.258872,-1.51339,0.145316,0.292181,-1.51674,0.145522,0.26615,-1.51767,0.119749,0.26615,-1.51432,0.119629,0.292181
-0.0877111,0.190398,3.08135,-1.10111,838932155,-1.28995,0.0887585,0.258872,-1.2928,0.0888346,0.236756,-1.29282,0.0669836,0.236756,-1.28997,0.0669808,0.258872,-1.51755,0.092915,0.292181,-1.52091,0.0930045,0.26615,-1.52093,0.0672148,0.26615,-1.51758,0.0672114,0.292181
-0.0187144,0.190561,3.09852,-2.67622,838932156,-1.28997,0.0665611,0.258872,-1.29282,0.066564,0.236756,-1.29284,0.044713,0.236756,-1.28999,0.0447833,0.258872,-1.51758,0.0667917,0.292181,-1.52093,0.0667951,0.26615,-1.52096,0.0410054,0.26615,-1.51761,0.0410881,0.292181
0.105532,0.190559,3.13303,5.84552,838932158,-1.29152,0.0220116,0.258872,-1.29437,0.021915,0.236756,-1.29362,7.65259e-05,0.236756,-1.29078,0.000246318,0.258872,-1.519,0.0142927,0.292181,-1.52235,0.0141789,0.26615,-1.52147,-0.011596,0.26615,-1.51812,-0.0113962,0.292181
0.0589563,0.190394,-3.13281,-2.27477,838932159,-1.29303,-0.000419947,0.258872,-1.29588,-0.000542967,0.236756,-1.29438,-0.0223422,0.236756,-1.29154,-0.0221461,0.258872,-1.52037,-0.0121625,0.292181,-1.52373,-0.0123073,0.26615,-1.52195,-0.038036,0.26615,-1.51861,-0.0378052,0.292181
0.0833167,0.19056,-3.11564,-85.764,838932160,-1.29151,-0.0225648,0.258872,-1.29435,-0.0227608,0.236756,-1.29285,-0.0445601,0.236756,-1.29001,-0.044291,0.258872,-1.51858,-0.0382239,0.292181,-1.52192,-0.0384546,0.26615,-1.52015,-0.0641833,0.26615,-1.51681,-0.0638666,0.292181
0.6299,0.190396,-3.0983,-2.49696,838932161,-1.29224,-0.0450356,0.258872,-1.29508,-0.045258,0.236756,-1.29282,-0.0669915,0.236756,-1.28998,-0.0666963,0.258872,-1.51903,-0.0647111,0.292181,-1.52238,-0.0649728,0.26615,-1.51971,-0.0906238,0.26615,-1.51637,-0.0902763,0.292181
0.432885,0.190564,-3.08113,-6.31115,838932162,-1.28994,-0.0671136,0.258872,-1.29278,-0.0674088,0.236756,-1.29051,-0.0891423,0.236756,-1.28768,-0.0887743,0.258872,-1.51633,-0.0906937,0.292181,-1.51966,-0.0910412,0.26615,-1.51699,-0.116692,0.26615,-1.51366,-0.116259,0.292181
0.234846,0.1904,-3.06378,4.93041,838932163,-1.28989,-0.0895964,0.258872,-1.29272,-0.0899179,0.236756,-1.2897,-0.111559,0.236756,-1.28688,-0.111165,0.258872,-1.51585,-0.117181,0.292181,-1.51919,-0.117559,0.26615,-1.51562,-0.143101,0.26615,-1.5123,-0.142637,0.292181
0.551423,0.19057,-3.04661,-8.26774,838932164,-1.28682,-0.111581,0.258872,-1.28964,-0.111975,0.236756,-1.28662,-0.133616,0.236756,-1.28381,-0.133149,0.258872,-1.51224,-0.143053,0.292181,-1.51556,-0.143517,0.26615,-1.512,-0.169059,0.26615,-1.50869,-0.16851,0.292181
2.20209,0.190408,-3.02927,0.136572,838932165,-1.28598,-0.134048,0.258872,-1.2888,-0.134468,0.236756,-1.28503,-0.15599,0.236756,-1.28222,-0.155498,0.258872,-1.51085,-0.169507,0.292181,-1.51417,-0.170002,0.26615,-1.50971,-0.195404,0.26615,-1.50641,-0.194824,0.292181
8.50949,0.190579,-3.0121,0.0582469,838932166,-1.28215,-0.155911,0.258872,-1.28495,-0.156404,0.236756,-1.28118,-0.177926,0.236756,-1.27838,-0.177362,0.258872,-1.50633,-0.195238,0.292181,-1.50964,-0.195817,0.26615,-1.50518,-0.221219,0.26615,-1.50189,-0.220555,0.292181
0.714691,0.190418,-2.99476,-0.153317,838932167,-1.28053,-0.178336,0.258872,-1.28333,-0.178854,0.236756,-1.2788,-0.200231,0.236756,-1.27602,-0.199641,0.258872,-1.50401,-0.221627,0.292181,-1.50731,-0.222237,0.26615,-1.50197,-0.247468,0.26615,-1.49869,-0.246773,0.292181
0.268064,0.19059,-2.97758,-4.39735,838932168,-1.27593,-0.200052,0.258872,-1.27872,-0.200642,0.236756,-1.27419,-0.222019,0.236756,-1.27142,-0.221358,0.258872,-1.4986,-0.247184,0.292181,-1.50189,-0.247879,0.26615,-1.49655,-0.273109,0.26615,-1.49328,-0.27233,0.292181
0.0537041,0.190424,-2.95631,-1.81198,838932169,-1.27264,-0.227405,0.258872,-1.27543,-0.228021,0.236756,-1.27016,-0.249228,0.236756,-1.2674,-0.248542,0.258872,-1.4945,-0.278418,0.292181,-1.49777,-0.279142,0.26615,-1.49156,-0.304172,0.26615,-1.48831,-0.303365,0.292181
-0.0175297,0.190584,-2.93914,-1.71579,838932170,-1.2673,-0.248949,0.258872,-1.27006,-0.249636,0.236756,-1.2648,-0.270843,0.236756,-1.26205,-0.270086,0.258872,-1.48821,-0.303772,0.292181,-1.49146,-0.30458,0.26615,-1.48525,-0.32961,0.26615,-1.48202,-0.328719,0.292181
0.203244,0.190394,-2.12012,-41.5369,838932217,-0.68441,-1.09704,0.258872,-0.685815,-1.09952,0.236756,-0.666532,-1.1098,0.236756,-0.665192,-1.10728,0.258872,-0.794929,-1.29606,0.292181,-0.796583,-1.29898,0.26615,-0.773824,-1.31111,0.26615,-0.772246,-1.30815,0.292181
0.184641,0.190424,-1.56005,48.8658,838932249,0.00295819,-1.2928,0.258872,0.00308084,-1.29565,0.236756,0.0248803,-1.29415,0.236756,0.0246846,-1.2913,0.258872,0.014671,-1.52014,0.292181,0.0148154,-1.52349,0.26615,0.0405442,-1.52172,0.26615,0.0403139,-1.51838,0.292181
0.194471,0.190418,-0.551294,-21.412,838932307,1.09557,-0.686493,0.258872,1.09805,-0.687897,0.236756,1.10833,-0.668613,0.236756,1.10581,-0.667273,0.258872,1.2946,-0.796986,0.292181,1.29752,-0.798639,0.26615,1.30965,-0.775878,0.26615,1.30669,-0.774301,0.292181
-0.0224041,0.20779,2.97781,-1.68731,838932661,-1.27367,0.221579,0.281796,-1.27687,0.221993,0.259733,-1.27918,0.200264,0.259733,-1.27597,0.199923,0.281796,-1.49899,0.249458,0.319,-1.50276,0.249945,0.293029,-1.50549,0.224299,0.293029,-1.50171,0.223898,0.319
0.156102,0.207964,2.99499,10.3292,838932662,-1.27602,0.199506,0.281796,-1.27923,0.199846,0.259733,-1.28153,0.178118,0.259733,-1.27832,0.17785,0.281796,-1.50175,0.223481,0.319,-1.50553,0.223882,0.293029,-1.50825,0.198236,0.293029,-1.50447,0.197921,0.319
1.1508,0.207778,3.01233,0.0579439,838932663,-1.28064,0.177504,0.281796,-1.28386,0.177806,0.259733,-1.2854,0.156009,0.259733,-1.28218,0.155781,0.281796,-1.5068,0.197496,0.319,-1.51058,0.197851,0.293029,-1.51241,0.172126,0.293029,-1.50862,0.171857,0.319
0.0661743,0.207953,3.0295,63.4524,838932664,-1.28221,0.155362,0.281796,-1.28543,0.155591,0.259733,-1.28698,0.133795,0.259733,-1.28376,0.133639,0.281796,-1.50865,0.171439,0.319,-1.51244,0.171708,0.293029,-1.51427,0.145983,0.293029,-1.51047,0.1458,0.319
0.0736385,0.207768,3.04685,-20.7202,838932665,-1.28607,0.133213,0.281796,-1.28929,0.133402,0.259733,-1.29008,0.111565,0.259733,-1.28685,0.111449,0.281796,-1.51279,0.145294,0.319,-1.51658,0.145517,0.293029,-1.51751,0.119744,0.293029,-1.51371,0.119607,0.319
0.00923373,0.207945,3.06402,-2.70237,838932666,-1.28687,0.111029,0.281796,-1.29009,0.111145,0.259733,-1.29088,0.0893086,0.259733,-1.28765,0.0892657,0.281796,-1.51373,0.119188,0.319,-1.51752,0.119324,0.293029,-1.51845,0.0935511,0.293029,-1.51465,0.0935006,0.319
-0.0188618,0.207761,3.08136,-1.57111,838932667,-1.28995,0.0887585,0.281796,-1.29318,0.088835,0.259733,-1.2932,0.066984,0.259733,-1.28997,0.0669808,0.281796,-1.51695,0.0929143,0.319,-1.52075,0.0930044,0.293029,-1.52077,0.0672146,0.293029,-1.51698,0.0672108,0.319
-0.0226254,0.20794,3.09853,-3.04558,838932668,-1.28997,0.0665611,0.281796,-1.2932,0.0665644,0.259733,-1.29322,0.0447134,0.259733,-1.28999,0.0447833,0.281796,-1.51698,0.0667911,0.319,-1.52078,0.066795,0.293029,-1.5208,0.0410052,0.293029,-1.517,0.0410875,0.319
0.00868841,0.207758,3.11587,-3.5079,838932669,-1.29227,0.0441963,0.281796,-1.2955,0.04416,0.259733,-1.29476,0.0223215,0.259733,-1.29153,0.022431,0.281796,-1.51928,0.0404213,0.319,-1.52308,0.0403786,0.293029,-1.5222,0.0146037,0.293029,-1.51841,0.0147325,0.319
0.0402468,0.207937,3.13304,-2.82152,838932670,-1.29152,0.0220116,0.281796,-1.29474,0.0219021,0.259733,-1.294,6.36871e-05,0.259733,-1.29078,0.00024632,0.281796,-1.51839,0.0143131,0.319,-1.52219,0.0141843,0.293029,-1.52132,-0.0115907,0.293029,-1.51752,-0.0113757,0.319
0.110602,0.207757,-3.1328,-1.11867,838932671,-1.29303,-0.000419943,0.281796,-1.29626,-0.000569006,0.259733,-1.29476,-0.0223682,0.259733,-1.29154,-0.0221461,0.281796,-1.51977,-0.012121,0.319,-1.52357,-0.0122964,0.293029,-1.52179,-0.0380251,0.293029,-1.518,-0.0377637,0.319
0.102621,0.207938,-3.11563,-14.5393,838932672,-1.29151,-0.0225648,0.281796,-1.29473,-0.0227869,0.259733,-1.29322,-0.0445861,0.259733,-1.29001,-0.044291,0.281796,-1.51798,-0.0381823,0.319,-1.52177,-0.0384437,0.293029,-1.51999,-0.0641724,0.293029,-1.51621,-0.063825,0.319
0.100378,0.207759,-3.09829,-13.5186,838932673,-1.29224,-0.0450356,0.281796,-1.29546,-0.0452973,0.259733,-1.2932,-0.0670307,0.259733,-1.28998,-0.0666963,0.281796,-1.51843,-0.0646485,0.319,-1.52222,-0.0649564,0.293029,-1.51955,-0.0906074,0.293029,-1.51577,-0.0902138,0.319
0.737792,0.207942,-3.08112,-2.20462,838932674,-1.28994,-0.0671136,0.281796,-1.29315,-0.067448,0.259733,-1.29089,-0.0891815,0.259733,-1.28768,-0.0887743,0.281796,-1.51572,-0.0906311,0.319,-1.5195,-0.0910248,0.293029,-1.51683,-0.116676,0.293029,-1.51306,-0.116196,0.319
0.0765847,0.207764,-3.06378,-1.70727,838932675,-1.28989,-0.0895964,0.281796,-1.2931,-0.0899702,0.259733,-1.29007,-0.111611,0.259733,-1.28688,-0.111165,0.281796,-1.51526,-0.117097,0.319,-1.51903,-0.117537,0.293029,-1.51547,-0.143079,0.293029,-1.5117,-0.142554,0.319
0.355733,0.207949,-3.04661,-5.74027,838932676,-1.28682,-0.111581,0.281796,-1.29002,-0.112027,0.259733,-1.287,-0.133668,0.259733,-1.28381,-0.133149,0.281796,-1.51164,-0.142969,0.319,-1.51541,-0.143495,0.293029,-1.51184,-0.169037,0.293029,-1.50809,-0.168426,0.319
2.06233,0.207773,-3.02926,0.402169,838932677,-1.28598,-0.134048,0.281796,-1.28917,-0.134533,0.259733,-1.2854,-0.156056,0.259733,-1.28222,-0.155498,0.281796,-1.51025,-0.169403,0.319,-1.51401,-0.169974,0.293029,-1.50955,-0.195376,0.293029,-1.50581,-0.19472,0.319
7.67851,0.207958,-3.01209,0.303266,838932678,-1.28215,-0.155911,0.281796,-1.28533,-0.156469,0.259733,-1.28155,-0.177992,0.259733,-1.27838,-0.177362,0.281796,-1.50574,-0.195133,0.319,-1.50948,-0.19579,0.293029,-1.50502,-0.221192,0.293029,-1.5013,-0.22045,0.319
4.69767,0.207784,-2.99475,0.142065,838932679,-1.28053,-0.178336,0.281796,-1.2837,-0.178932,0.259733,-1.27917,-0.20031,0.259733,-1.27602,-0.199641,0.281796,-1.50342,-0.221502,0.319,-1.50716,-0.222204,0.293029,-1.50182,-0.247435,0.293029,-1.4981,-0.246648,0.319
0.445504,0.207971,-2.97758,1.8382,838932680,-1.27593,-0.200052,0.281796,-1.27909,-0.20072,0.259733,-1.27456,-0.222098,0.259733,-1.27142,-0.221358,0.281796,-1.49801,-0.247059,0.319,-1.50173,-0.247846,0.293029,-1.49639,-0.273077,0.293029,-1.49269,-0.272205,0.319
0.185269,0.20779,-2.9563,-0.88031,838932681,-1.27264,-0.227405,0.281796,-1.27579,-0.228112,0.259733,-1.27053,-0.249319,0.259733,-1.2674,-0.248542,0.281796,-1.49391,-0.278272,0.319,-1.49762,-0.279104,0.293029,-1.49141,-0.304134,0.293029,-1.48772,-0.303219,0.319
0.143511,0.207964,-2.93913,5.12448,838932682,-1.2673,-0.248949,0.281796,-1.27043,-0.249727,0.259733,-1.26517,-0.270934,0.259733,-1.26205,-0.270086,0.281796,-1.48762,-0.303626,0.319,-1.49131,-0.304542,0.293029,-1.4851,-0.329572,0.293029,-1.48143,-0.328573,0.319
-0.000512301,0.225138,2.97782,-3.20305,838933173,-1.27367,0.221579,0.304781,-1.27725,0.222032,0.282776,-1.27956,0.200304,0.282776,-1.27597,0.199923,0.304781,-1.49833,0.249387,0.345868,-1.50254,0.249921,0.319967,-1.50526,0.224275,0.319967,-1.50104,0.223827,0.345868
0.0929779,0.225326,2.99499,13.9277,838933174,-1.27602,0.199506,0.304781,-1.2796,0.199886,0.282776,-1.28191,0.178158,0.282776,-1.27832,0.17785,0.304781,-1.50108,0.22341,0.345868,-1.50531,0.223858,0.319967,-1.50803,0.198212,0.319967,-1.5038,0.19785,0.345868
0.102703,0.225124,3.01234,-35.537,838933175,-1.28064,0.177504,0.304781,-1.28423,0.177832,0.282776,-1.28578,0.156036,0.282776,-1.28218,0.155781,0.304781,-1.50613,0.197449,0.345868,-1.51036,0.197835,0.319967,-1.51218,0.17211,0.319967,-1.50795,0.17181,0.345868
-0.00861378,0.225314,3.02951,-2.82202,838933176,-1.28221,0.155362,0.304781,-1.28581,0.155618,0.282776,-1.28736,0.133821,0.282776,-1.28376,0.133639,0.304781,-1.50798,0.171391,0.345868,-1.51221,0.171692,0.319967,-1.51404,0.145967,0.319967,-1.5098,0.145752,0.345868
-0.0121651,0.225114,3.04685,-3.31922,838933177,-1.28607,0.133213,0.304781,-1.28967,0.133415,0.282776,-1.29046,0.111578,0.282776,-1.28685,0.111449,0.304781,-1.51212,0.14527,0.345868,-1.51636,0.145508,0.319967,-1.51728,0.119735,0.319967,-1.51304,0.119583,0.345868
0.0021953,0.225305,3.06402,-3.72012,838933178,-1.28687,0.111029,0.304781,-1.29047,0.111159,0.282776,-1.29126,0.0893221,0.282776,-1.28765,0.0892657,0.304781,-1.51306,0.119164,0.345868,-1.5173,0.119316,0.319967,-1.51822,0.0935429,0.319967,-1.51398,0.0934765,0.345868
0.118872,0.225107,3.08137,-15.5385,838933179,-1.28995,0.0887585,0.304781,-1.29355,0.0888354,0.282776,-1.29358,0.0669844,0.282776,-1.28997,0.0669808,0.304781,-1.51628,0.0929137,0.345868,-1.52052,0.0930041,0.319967,-1.52055,0.0672144,0.319967,-1.5163,0.0672101,0.345868
0.132108,0.225299,3.09853,3.32446,838933180,-1.28997,0.0665611,0.304781,-1.29358,0.0665648,0.282776,-1.2936,0.0447138,0.282776,-1.28999,0.0447833,0.304781,-1.5163,0.0667905,0.345868,-1.52055,0.0667947,0.319967,-1.52058,0.041005,0.319967,-1.51633,0.0410869,0.345868
0.0314221,0.225103,3.11588,-3.12895,838933181,-1.29227,0.0441963,0.304781,-1.29588,0.0441471,0.282776,-1.29514,0.0223087,0.282776,-1.29153,0.022431,0.304781,-1.51861,0.0404441,0.345868,-1.52285,0.0403863,0.319967,-1.52198,0.0146114,0.319967,-1.51774,0.0147553,0.345868
0.0942601,0.225297,3.13305,-7.2784,838933182,-1.29152,0.0220116,0.304781,-1.29512,0.0218893,0.282776,-1.29438,5.08849e-05,0.282776,-1.29078,0.000246324,0.304781,-1.51772,0.0143359,0.345868,-1.52196,0.014192,0.319967,-1.52109,-0.011583,0.319967,-1.51685,-0.0113529,0.345868
0.122531,0.225102,-3.13279,-6.95172,838933183,-1.29303,-0.000419938,0.304781,-1.29664,-0.000594983,0.282776,-1.29513,-0.0223942,0.282776,-1.29154,-0.0221461,0.304781,-1.5191,-0.0120748,0.345868,-1.52334,-0.0122809,0.319967,-1.52157,-0.0380095,0.319967,-1.51734,-0.0377175,0.345868
0.523365,0.225298,-3.11563,-3.96795,838933184,-1.29151,-0.0225648,0.304781,-1.2951,-0.0228128,0.282776,-1.2936,-0.0446121,0.282776,-1.29001,-0.044291,0.304781,-1.51731,-0.0381362,0.345868,-1.52154,-0.0384282,0.319967,-1.51977,-0.0641568,0.319967,-1.51554,-0.0637789,0.345868
0.148592,0.225104,-3.09828,3.66535,838933185,-1.29224,-0.0450356,0.304781,-1.29583,-0.0453364,0.282776,-1.29357,-0.0670698,0.282776,-1.28998,-0.0666963,0.304781,-1.51776,-0.064579,0.345868,-1.52199,-0.064933,0.319967,-1.51932,-0.090584,0.319967,-1.5151,-0.0901443,0.345868
-0.0387506,0.225302,-3.08111,-2.42486,838933186,-1.28994,-0.0671136,0.304781,-1.29353,-0.0674872,0.282776,-1.29126,-0.0892206,0.282776,-1.28768,-0.0887742,0.304781,-1.51506,-0.0905616,0.345868,-1.51928,-0.0910013,0.319967,-1.51661,-0.116652,0.319967,-1.5124,-0.116127,0.345868
-0.0273333,0.22511,-3.06377,-1.78401,838933187,-1.28989,-0.0895964,0.304781,-1.29347,-0.0900224,0.282776,-1.29045,-0.111664,0.282776,-1.28688,-0.111165,0.304781,-1.51459,-0.117004,0.345868,-1.51881,-0.117506,0.319967,-1.51524,-0.143048,0.319967,-1.51104,-0.142461,0.345868
0.25469,0.225309,-3.0466,1.89102,838933188,-1.28682,-0.111581,0.304781,-1.29039,-0.112079,0.282776,-1.28737,-0.13372,0.282776,-1.28381,-0.133149,0.304781,-1.51098,-0.142877,0.345868,-1.51518,-0.143463,0.319967,-1.51162,-0.169006,0.319967,-1.50743,-0.168333,0.345868
1.2447,0.225119,-3.02925,-1.65651,838933189,-1.28598,-0.134048,0.304781,-1.28955,-0.134599,0.282776,-1.28577,-0.156121,0.282776,-1.28222,-0.155498,0.304781,-1.50959,-0.169287,0.345868,-1.51379,-0.169935,0.319967,-1.50933,-0.195337,0.319967,-1.50515,-0.194604,0.345868
9.27701,0.225319,-3.01209,-0.0944332,838933190,-1.28215,-0.155911,0.304781,-1.2857,-0.156534,0.282776,-1.28192,-0.178057,0.282776,-1.27838,-0.177362,0.304781,-1.50508,-0.195017,0.345868,-1.50926,-0.195751,0.319967,-1.5048,-0.221153,0.319967,-1.50064,-0.220334,0.345868
14.0919,0.225131,-2.99474,0.120607,838933191,-1.28053,-0.178336,0.304781,-1.28407,-0.179011,0.282776,-1.27954,-0.200388,0.282776,-1.27602,-0.199641,0.304781,-1.50277,-0.221363,0.345868,-1.50694,-0.222158,0.319967,-1.5016,-0.247388,0.319967,-1.49744,-0.24651,0.345868
1.18346,0.225333,-2.97757,-1.08603,838933192,-1.27593,-0.200052,0.304781,-1.27946,-0.200799,0.282776,-1.27493,-0.222176,0.282776,-1.27142,-0.221358,0.304781,-1.49736,-0.24692,0.345868,-1.50151,-0.247799,0.319967,-1.49617,-0.27303,0.319967,-1.49204,-0.272067,0.345868
0.0653366,0.225138,-2.9563,-3.04545,838933193,-1.27264,-0.227405,0.304781,-1.27616,-0.228203,0.282776,-1.2709,-0.24941,0.282776,-1.2674,-0.248542,0.304781,-1.49326,-0.278111,0.345868,-1.4974,-0.279049,0.319967,-1.49119,-0.30408,0.319967,-1.48707,-0.303057,0.345868
-0.0800721,0.225326,-2.93913,-3.1087,838933194,-1.2673,-0.248949,0.304781,-1.2708,-0.249818,0.282776,-1.26553,-0.271025,0.282776,-1.26205,-0.270086,0.304781,-1.48697,-0.303465,0.345868,-1.49109,-0.304487,0.319967,-1.48488,-0.329518,0.319967,-1.48078,-0.328412,0.345868
0.209262,0.225309,-1.9994,42.7572,838933248,-0.546778,-1.17021,0.304781,-0.548132,-1.17355,0.282776,-0.527879,-1.18175,0.282776,-0.526594,-1.17839,0.304781,-0.631755,-1.37999,0.345868,-0.633349,-1.38392,0.319967,-0.609446,-1.3936,0.319967,-0.607932,-1.38964,0.345868
0.0362345,0.242669,2.995,-2.99372,838933686,-1.27602,0.199506,0.327834,-1.27998,0.199926,0.305894,-1.28228,0.178197,0.305894,-1.27832,0.17785,0.327834,-1.50035,0.223332,0.372792,-1.50501,0.223827,0.346967,-1.50774,0.198181,0.346967,-1.50307,0.197772,0.372792
0.0398307,0.242453,3.01235,-2.48233,838933687,-1.28064,0.177504,0.327834,-1.28461,0.177859,0.305894,-1.28616,0.156063,0.305894,-1.28219,0.155781,0.327834,-1.5054,0.197397,0.372793,-1.51007,0.197815,0.346968,-1.51189,0.17209,0.346968,-1.50722,0.171758,0.372792
0.056953,0.242657,3.02951,-3.47108,838933688,-1.28221,0.155362,0.327834,-1.28619,0.155644,0.305894,-1.28773,0.133848,0.305894,-1.28376,0.133639,0.327834,-1.50725,0.171339,0.372793,-1.51192,0.171671,0.346968,-1.51375,0.145946,0.346968,-1.50907,0.1457,0.372793
-0.021433,0.242442,3.04686,-3.69301,838933689,-1.28607,0.133213,0.327834,-1.29005,0.133429,0.305894,-1.29083,0.111592,0.305894,-1.28685,0.111449,0.327834,-1.51138,0.145243,0.372792,-1.51606,0.145498,0.346968,-1.51699,0.119725,0.346968,-1.5123,0.119556,0.372793
0.000117237,0.242647,3.06403,-2.3631,838933690,-1.28687,0.111029,0.327834,-1.29085,0.111173,0.305894,-1.29163,0.0893356,0.305894,-1.28765,0.0892657,0.327834,-1.51232,0.119137,0.372792,-1.517,0.119305,0.346967,-1.51793,0.0935323,0.346968,-1.51324,0.09345,0.372793
0.803286,0.242434,3.08138,-2.78862,838933691,-1.28995,0.0887585,0.327834,-1.29393,0.0888358,0.305894,-1.29395,0.0669848,0.305894,-1.28997,0.0669807,0.327834,-1.51554,0.0929129,0.372793,-1.52023,0.0930039,0.346968,-1.52025,0.0672141,0.346967,-1.51557,0.0672093,0.372792
0.168288,0.242641,3.09854,-4.37406,838933692,-1.28997,0.0665611,0.327834,-1.29395,0.0665651,0.305894,-1.29397,0.0447142,0.305894,-1.28999,0.0447833,0.327834,-1.51557,0.0667897,0.372792,-1.52025,0.0667944,0.346968,-1.52028,0.0410047,0.346968,-1.51559,0.0410861,0.372793
0.00858569,0.24243,3.11589,-3.11006,838933693,-1.29227,0.0441963,0.327834,-1.29625,0.0441344,0.305894,-1.29551,0.0222959,0.305894,-1.29153,0.022431,0.327834,-1.51787,0.0404691,0.372792,-1.52256,0.0403963,0.346967,-1.52168,0.0146213,0.346968,-1.517,0.0147803,0.372792
0.835011,0.242638,3.13305,-0.199039,838933694,-1.29152,0.0220116,0.327834,-1.2955,0.0218766,0.305894,-1.29476,3.81263e-05,0.305894,-1.29078,0.000246313,0.327834,-1.51699,0.0143609,0.372793,-1.52167,0.0142019,0.346968,-1.52079,-0.011573,0.346967,-1.51611,-0.0113279,0.372792
0.17042,0.242429,-3.13278,-1.69554,838933695,-1.29303,-0.000419944,0.327834,-1.29701,-0.000620871,0.305894,-1.29551,-0.0224201,0.305894,-1.29154,-0.0221461,0.327834,-1.51837,-0.0120241,0.372792,-1.52305,-0.0122606,0.346967,-1.52128,-0.0379893,0.346967,-1.5166,-0.0376668,0.372792
-0.0696322,0.242639,-3.11562,-2.21592,838933696,-1.29151,-0.0225648,0.327834,-1.29548,-0.0228387,0.305894,-1.29398,-0.044638,0.305894,-1.29001,-0.044291,0.327834,-1.51657,-0.0380854,0.372793,-1.52125,-0.0384079,0.346968,-1.51947,-0.0641366,0.346968,-1.5148,-0.0637281,0.372793
0.0812183,0.242432,-3.09827,-12.2968,838933697,-1.29224,-0.0450356,0.327834,-1.29621,-0.0453754,0.305894,-1.29395,-0.0671088,0.305894,-1.28998,-0.0666962,0.327834,-1.51703,-0.0645026,0.372793,-1.5217,-0.0649025,0.346968,-1.51903,-0.0905535,0.346968,-1.51437,-0.0900679,0.372793
0.0853167,0.242644,-3.08111,-35.5504,838933698,-1.28994,-0.0671136,0.327834,-1.2939,-0.0675262,0.305894,-1.29164,-0.0892596,0.305894,-1.28768,-0.0887743,0.327834,-1.51432,-0.0904853,0.372792,-1.51899,-0.0909709,0.346967,-1.51631,-0.116622,0.346967,-1.51166,-0.116051,0.372792
0.0883353,0.242438,-3.06376,-21.47,838933699,-1.28989,-0.0895964,0.327834,-1.29384,-0.0900745,0.305894,-1.29082,-0.111716,0.305894,-1.28688,-0.111165,0.327834,-1.51386,-0.116902,0.372792,-1.51852,-0.117465,0.346968,-1.51495,-0.143007,0.346968,-1.51031,-0.142359,0.372793
0.215474,0.242651,-3.04659,-1.91523,838933700,-1.28682,-0.111581,0.327834,-1.29076,-0.112131,0.305894,-1.28774,-0.133772,0.305894,-1.28381,-0.133149,0.327834,-1.51025,-0.142775,0.372792,-1.51489,-0.143423,0.346968,-1.51133,-0.168965,0.346967,-1.5067,-0.168231,0.372792
0.31734,0.242447,-3.02924,0.158686,838933701,-1.28598,-0.134048,0.327834,-1.28992,-0.134664,0.305894,-1.28614,-0.156186,0.305894,-1.28222,-0.155498,0.327834,-1.50887,-0.16916,0.372792,-1.5135,-0.169885,0.346968,-1.50904,-0.195287,0.346968,-1.50442,-0.194477,0.372792
0.353182,0.242663,-3.01208,-1.47711,838933702,-1.28215,-0.155911,0.327834,-1.28607,-0.156599,0.305894,-1.28229,-0.178122,0.305894,-1.27838,-0.177362,0.327834,-1.50435,-0.19489,0.372792,-1.50897,-0.1957,0.346967,-1.50451,-0.221102,0.346967,-1.49991,-0.220207,0.372792
0.432436,0.24246,-2.99473,4.38128,838933703,-1.28053,-0.178336,0.327834,-1.28444,-0.179089,0.305894,-1.27991,-0.200466,0.305894,-1.27602,-0.199641,0.327834,-1.50205,-0.22121,0.372793,-1.50665,-0.222097,0.346968,-1.50131,-0.247327,0.346968,-1.49672,-0.246357,0.372793
0.254115,0.242677,-2.97756,-8.43805,838933704,-1.27593,-0.200052,0.327834,-1.27982,-0.200877,0.305894,-1.2753,-0.222254,0.305894,-1.27142,-0.221358,0.327834,-1.49664,-0.246767,0.372792,-1.50122,-0.247738,0.346968,-1.49588,-0.272969,0.346968,-1.49131,-0.271914,0.372792
-0.0407538,0.242468,-2.95629,-1.72405,838933705,-1.27264,-0.227405,0.327834,-1.27653,-0.228293,0.305894,-1.27126,-0.249501,0.305894,-1.2674,-0.248542,0.327834,-1.49255,-0.277933,0.372792,-1.49712,-0.278978,0.346968,-1.4909,-0.304009,0.346968,-1.48635,-0.30288,0.372792
0.0687587,0.242669,-2.93912,-1.84724,838933706,-1.2673,-0.248949,0.327834,-1.27116,-0.249908,0.305894,-1.2659,-0.271116,0.305894,-1.26205,-0.270086,0.327834,-1.48625,-0.303287,0.372792,-1.4908,-0.304416,0.346968,-1.48459,-0.329447,0.346968,-1.48006,-0.328234,0.372793
0.0344611,0.259995,2.99501,-4.43601,838934198,-1.27602,0.199506,0.350962,-1.28035,0.199966,0.329094,-1.28266,0.178237,0.329094,-1.27832,0.17785,0.350962,-1.49955,0.223247,0.399779,-1.50465,0.223789,0.374038,-1.50738,0.198143,0.374038,-1.50227,0.197687,0.399779
0.0473097,0.259764,3.01236,-3.62692,838934199,-1.28064,0.177504,0.350962,-1.28498,0.177886,0.329094,-1.28653,0.156089,0.329094,-1.28219,0.155781,0.350962,-1.50459,0.19734,0.399779,-1.5097,0.197789,0.374038,-1.51153,0.172064,0.374038,-1.50642,0.171701,0.399779
0.0623717,0.259982,3.02952,-3.41225,838934200,-1.28221,0.155362,0.350962,-1.28656,0.155671,0.329094,-1.28811,0.133875,0.329094,-1.28376,0.133639,0.350962,-1.50644,0.171282,0.399779,-1.51156,0.171645,0.374038,-1.51339,0.14592,0.374038,-1.50826,0.145643,0.399779
-0.0048407,0.259752,3.04687,-3.80374,838934201,-1.28607,0.133213,0.350962,-1.29042,0.133442,0.329094,-1.29121,0.111605,0.329094,-1.28685,0.111449,0.350962,-1.51058,0.145215,0.399779,-1.5157,0.145485,0.374038,-1.51663,0.119712,0.374038,-1.5115,0.119528,0.399779
-0.0754106,0.259971,3.06403,-5.04482,838934202,-1.28687,0.111029,0.350962,-1.29122,0.111186,0.329094,-1.29201,0.0893491,0.329094,-1.28765,0.0892657,0.350962,-1.51152,0.119108,0.399779,-1.51664,0.119292,0.374038,-1.51757,0.0935194,0.374038,-1.51244,0.0934211,0.399779
0.0650756,0.259744,3.08139,-3.81289,838934203,-1.28995,0.0887585,0.350962,-1.2943,0.0888362,0.329094,-1.29433,0.0669852,0.329094,-1.28997,0.0669807,0.350962,-1.51474,0.0929121,0.399779,-1.51987,0.0930035,0.374038,-1.51989,0.0672137,0.374038,-1.51476,0.0672085,0.399779
-0.00645966,0.259965,3.09855,-3.70291,838934204,-1.28997,0.0665611,0.350962,-1.29433,0.0665656,0.329094,-1.29435,0.0447146,0.329094,-1.28999,0.0447833,0.350962,-1.51476,0.0667889,0.399779,-1.51989,0.0667941,0.374038,-1.51992,0.0410044,0.374038,-1.51479,0.0410853,0.399779
0.00721579,0.25974,3.1159,-4.13739,838934205,-1.29227,0.0441962,0.350962,-1.29663,0.0441217,0.329094,-1.29589,0.0222832,0.329094,-1.29153,0.022431,0.350962,-1.51707,0.0404963,0.399779,-1.5222,0.0404085,0.374038,-1.52132,0.0146336,0.374038,-1.5162,0.0148075,0.399779
-0.040113,0.259962,3.13306,-3.06927,838934206,-1.29152,0.0220116,0.350962,-1.29587,0.0218638,0.329094,-1.29513,2.54042e-05,0.329094,-1.29078,0.000246313,0.350962,-1.51618,0.0143881,0.399779,-1.52131,0.0142142,0.374038,-1.52043,-0.0115607,0.374038,-1.51531,-0.0113007,0.399779
0.0725041,0.259739,-3.13277,70.4965,838934207,-1.29303,-0.000419955,0.350962,-1.29739,-0.000646681,0.329094,-1.29588,-0.0224459,0.329094,-1.29154,-0.0221462,0.350962,-1.51757,-0.0119689,0.399779,-1.52269,-0.0122357,0.374038,-1.52091,-0.0379644,0.374038,-1.5158,-0.0376115,0.399779
-0.0478664,0.259963,-3.11561,-3.6095,838934208,-1.29151,-0.0225648,0.350962,-1.29585,-0.0228645,0.329094,-1.29435,-0.0446638,0.329094,-1.29001,-0.044291,0.350962,-1.51577,-0.0380302,0.399779,-1.52089,-0.038383,0.374038,-1.51911,-0.0641117,0.374038,-1.514,-0.0636729,0.399779
-0.025734,0.259741,-3.09826,-3.58396,838934209,-1.29224,-0.0450356,0.350962,-1.29658,-0.0454142,0.329094,-1.29432,-0.0671476,0.329094,-1.28998,-0.0666963,0.350962,-1.51623,-0.0644194,0.399779,-1.52134,-0.064865,0.374038,-1.51867,-0.090516,0.374038,-1.51357,-0.0899847,0.399779
-0.0718314,0.259968,-3.0811,-3.11258,838934210,-1.28994,-0.0671136,0.350962,-1.29427,-0.067565,0.329094,-1.29201,-0.0892984,0.329094,-1.28768,-0.0887743,0.350962,-1.51353,-0.0904021,0.399779,-1.51863,-0.0909334,0.374038,-1.51596,-0.116584,0.374038,-1.51086,-0.115967,0.399779
0.00668606,0.259748,-3.06375,-3.19152,838934211,-1.28989,-0.0895964,0.350962,-1.29421,-0.0901264,0.329094,-1.29119,-0.111767,0.329094,-1.28688,-0.111165,0.350962,-1.51307,-0.116791,0.399779,-1.51816,-0.117415,0.374038,-1.51459,-0.142957,0.374038,-1.50951,-0.142248,0.399779
0.0812066,0.259976,-3.04659,11.2126,838934212,-1.28682,-0.111581,0.350962,-1.29113,-0.112183,0.329094,-1.28811,-0.133824,0.329094,-1.28381,-0.133149,0.350962,-1.50945,-0.142664,0.399779,-1.51453,-0.143373,0.374038,-1.51097,-0.168915,0.374038,-1.5059,-0.16812,0.399779
0.618432,0.259758,-3.02923,-11.5139,838934213,-1.28598,-0.134048,0.350962,-1.29029,-0.134729,0.329094,-1.28651,-0.156251,0.329094,-1.28222,-0.155498,0.350962,-1.50807,-0.169021,0.399779,-1.51314,-0.169822,0.374038,-1.50868,-0.195224,0.374038,-1.50363,-0.194338,0.399779
-0.0201817,0.259988,-3.01207,-4.74084,838934214,-1.28215,-0.155911,0.350962,-1.28644,-0.156664,0.329094,-1.28266,-0.178187,0.329094,-1.27838,-0.177362,0.350962,-1.50356,-0.194751,0.399779,-1.50861,-0.195637,0.374038,-1.50416,-0.221039,0.374038,-1.49912,-0.220068,0.399779
0.0486118,0.259772,-2.99472,-4.06362,838934215,-1.28053,-0.178336,0.350962,-1.2848,-0.179166,0.329094,-1.28028,-0.200544,0.329094,-1.27602,-0.199641,0.350962,-1.50126,-0.221044,0.399779,-1.5063,-0.222022,0.374038,-1.50096,-0.247253,0.374038,-1.49594,-0.246191,0.399779
-0.0299618,0.260004,-2.97756,-3.7459,838934216,-1.27593,-0.200052,0.350962,-1.28019,-0.200954,0.329094,-1.27567,-0.222332,0.329094,-1.27142,-0.221358,0.350962,-1.49585,-0.246601,0.399779,-1.50087,-0.247663,0.374038,-1.49553,-0.272894,0.374038,-1.49053,-0.271748,0.399779
0.0379336,0.25978,-2.95628,-3.59579,838934217,-1.27264,-0.227405,0.350962,-1.27689,-0.228384,0.329094,-1.27163,-0.249591,0.329094,-1.2674,-0.248542,0.350962,-1.49177,-0.27774,0.399779,-1.49676,-0.278891,0.374038,-1.49055,-0.303922,0.374038,-1.48557,-0.302687,0.399779
0.0516189,0.259995,-2.93911,-4.28977,838934218,-1.2673,-0.248949,0.350962,-1.27153,-0.249999,0.329094,-1.26626,-0.271206,0.329094,-1.26205,-0.270086,0.350962,-1.48547,-0.303094,0.399779,-1.49045,-0.304329,0.374038,-1.48424,-0.32936,0.374038,-1.47928,-0.328041,0.399779
0.175689,0.259748,-0.969354,-11.3823,838934331,0.722537,-1.07228,0.350962,0.725159,-1.07576,0.329094,0.74239,-1.06232,0.329094,0.73971,-1.05889,0.350962,0.857678,-1.25196,0.399779,0.860764,-1.25606,0.374038,0.881101,-1.2402,0.374038,0.877947,-1.23615,0.399779
-0.0085338,0.2771,3.04687,-4.75995,838934713,-1.28607,0.133213,0.374308,-1.29082,0.13349,0.352398,-1.29161,0.11162,0.352398,-1.28685,0.111449,0.374308,-1.50973,0.1451,0.42688,-1.5153,0.145424,0.4012,-1.51622,0.119698,0.4012,-1.51065,0.119498,0.42688
0.0252516,0.277333,3.06405,-3.58091,838934714,-1.28687,0.111029,0.374308,-1.29162,0.1112,0.352398,-1.29241,0.0893306,0.352398,-1.28765,0.0892651,0.374308,-1.51067,0.119077,0.42688,-1.51624,0.119277,0.4012,-1.51716,0.0935517,0.4012,-1.51159,0.0934749,0.42688
-0.0823739,0.277091,3.08139,-3.10618,838934715,-1.28995,0.0887591,0.374308,-1.2947,0.0888696,0.352398,-1.29473,0.0669862,0.352398,-1.28997,0.0669813,0.374308,-1.51389,0.0928268,0.42688,-1.51946,0.0929563,0.4012,-1.51949,0.0672139,0.4012,-1.51391,0.0672082,0.42688
-0.0396107,0.277326,3.09856,-3.62909,838934716,-1.28997,0.0665605,0.374308,-1.29473,0.0665654,0.352398,-1.29475,0.044682,0.352398,-1.28999,0.0447827,0.374308,-1.51391,0.0667874,0.42688,-1.51949,0.0667931,0.4012,-1.51952,0.0410508,0.4012,-1.51394,0.0411688,0.42688
-0.08926,0.277086,3.1159,-3.62251,838934717,-1.29227,0.0441968,0.374308,-1.29703,0.0441411,0.352398,-1.29629,0.0222702,0.352398,-1.29153,0.0224316,0.374308,-1.51622,0.0404408,0.42688,-1.52179,0.0403754,0.4012,-1.52092,0.0146478,0.4012,-1.51535,0.0148369,0.42688
-0.0822841,0.277323,3.13307,-3.83397,838934718,-1.29152,0.022011,0.374308,-1.29627,0.0218497,0.352398,-1.29553,-2.11059e-05,0.352398,-1.29078,0.000245728,0.374308,-1.51533,0.0144164,0.42688,-1.52091,0.0142273,0.4012,-1.52003,-0.0115003,0.4012,-1.51446,-0.0111875,0.42688
-0.0938104,0.277085,-3.13277,-3.28166,838934719,-1.29303,-0.000419376,0.374308,-1.29779,-0.000641289,0.352398,-1.29628,-0.0224728,0.352398,-1.29154,-0.0221456,0.374308,-1.51671,-0.0119946,0.42688,-1.52228,-0.0122547,0.4012,-1.52051,-0.0379361,0.4012,-1.51495,-0.0375525,0.42688
-0.00794115,0.277324,-3.1156,-3.78064,838934720,-1.29151,-0.0225654,0.374308,-1.29625,-0.0228926,0.352398,-1.29475,-0.0447242,0.352398,-1.29001,-0.0442916,0.374308,-1.51492,-0.0379723,0.42688,-1.52048,-0.0383559,0.4012,-1.51871,-0.0640372,0.4012,-1.51316,-0.0635302,0.42688
0.203763,0.277333,-0.426611,24.4967,838934874,1.17129,-0.544468,0.374308,1.1757,-0.546254,0.352398,1.18391,-0.525973,0.352398,1.17947,-0.524284,0.374308,1.37884,-0.628575,0.42688,1.384,-0.630669,0.4012,1.39367,-0.606811,0.4012,1.38846,-0.604831,0.42688
0.260812,0.294727,-2.20645,49.9305,838935284,-0.775654,-1.03275,0.397732,-0.778524,-1.03699,0.375905,-0.760395,-1.04925,0.375905,-0.757613,-1.04495,0.397732,-0.90057,-1.21752,0.454045,-0.903933,-1.22249,0.428462,-0.882607,-1.23691,0.428462,-0.879346,-1.23187,0.454045
0.120898,0.294706,-1.0212,-2.06757,838935352,0.665296,-1.1072,0.397732,0.668157,-1.11145,0.375905,0.686311,-1.09923,0.375905,0.683362,-1.09504,0.397732,0.789837,-1.29222,0.454045,0.79319,-1.2972,0.428462,0.814545,-1.28283,0.428462,0.811089,-1.27791,0.454045
0.223015,0.311833,3.01238,52.4085,838935735,-1.28064,0.177505,0.421251,-1.28611,0.177999,0.399514,-1.28766,0.15617,0.399514,-1.28218,0.155781,0.421251,-1.50187,0.197062,0.48129,-1.50828,0.197641,0.455811,-1.5101,0.171963,0.455811,-1.50369,0.171507,0.48129
0.516504,0.312069,-1.02119,3.51082,838935864,0.665296,-1.1072,0.421251,0.66836,-1.11175,0.399514,0.686514,-1.09953,0.399514,0.683362,-1.09504,0.421251,0.789293,-1.29141,0.48129,0.792885,-1.29675,0.455811,0.81424,-1.28237,0.455811,0.810545,-1.2771,0.48129
0.150337,0.311806,-1.00385,-2.95011,838935865,0.685122,-1.0966,0.421251,0.688258,-1.1011,0.399514,0.705974,-1.08825,0.399514,0.702752,-1.08381,0.421251,0.812368,-1.27862,0.48129,0.816043,-1.2839,0.455811,0.836883,-1.26879,0.455811,0.833107,-1.26358,0.48129
0.0951369,0.312075,-0.986681,-4.40263,838935866,0.703093,-1.08356,0.421251,0.706315,-1.08801,0.399514,0.724031,-1.07516,0.399514,0.720724,-1.07078,0.421251,0.833448,-1.26334,0.48129,0.837224,-1.26854,0.455811,0.858064,-1.25343,0.455811,0.854188,-1.2483,0.48129
0.0673143,0.346453,-1.00383,-58.3988,838936889,0.685122,-1.0966,0.468607,0.688683,-1.10169,0.447065,0.706399,-1.08884,0.447065,0.702752,-1.08381,0.468606,0.811115,-1.27689,0.536045,0.815289,-1.28286,0.510795,0.836129,-1.26775,0.510795,0.831855,-1.26186,0.536045
0.36897,0.363809,-1.73647,49.2195,838937359,-0.224121,-1.27346,0.492617,-0.224955,-1.28003,0.471046,-0.203162,-1.28234,0.471046,-0.202465,-1.27576,0.492617,-0.250913,-1.49065,0.563617,-0.251885,-1.4983,0.538468,-0.226358,-1.50101,0.538468,-0.225544,-1.49334,0.563617
0.230475,0.363854,-1.59842,38.9899,838937367,-0.0467359,-1.29204,0.492617,-0.0466475,-1.29865,0.471046,-0.0247455,-1.29791,0.471046,-0.0249707,-1.2913,0.492617,-0.0430177,-1.51084,0.563617,-0.0429146,-1.51855,0.538468,-0.0172594,-1.51768,0.538468,-0.017522,-1.50997,0.563617
0.189163,0.363813,-1.00383,-3.21448,838937401,0.685121,-1.0966,0.492617,0.688893,-1.10203,0.471046,0.706634,-1.08917,0.471046,0.702752,-1.08381,0.492617,0.810541,-1.27592,0.563617,0.814938,-1.28226,0.538468,0.83572,-1.26719,0.538468,0.831193,-1.26094,0.563617
0.282461,0.363836,-0.9348,-5.1218,838937405,0.759079,-1.04667,0.492617,0.763221,-1.05183,0.471046,0.780021,-1.03776,0.471046,0.775774,-1.03269,0.492617,0.896711,-1.2168,0.563617,0.90154,-1.22281,0.538467,0.921218,-1.20633,0.538468,0.916267,-1.20042,0.563617
0.191744,0.363816,-0.409235,2.52781,838937435,1.1818,-0.524595,0.492617,1.18796,-0.526992,0.471046,1.19548,-0.506406,0.471046,1.18927,-0.504138,0.492617,1.38604,-0.603143,0.563617,1.39323,-0.605938,0.538468,1.40204,-0.581825,0.538468,1.39479,-0.57918,0.563617
0.269167,0.381201,-1.00382,1.49905,838937913,0.685121,-1.0966,0.51674,0.689098,-1.10231,0.49528,0.706839,-1.08945,0.49528,0.702752,-1.08381,0.51674,0.809847,-1.27496,0.591284,0.814483,-1.28163,0.566263,0.835265,-1.26656,0.566263,0.830499,-1.25999,0.591284
0.181414,0.381197,-0.689267,-14.9129,838937931,0.990791,-0.830826,0.51674,0.99634,-0.835035,0.49528,1.00924,-0.817318,0.49528,1.00361,-0.81322,0.51674,1.16453,-0.961925,0.591284,1.171,-0.966832,0.566263,1.18611,-0.946079,0.566263,1.17954,-0.941301,0.591284
0.532429,0.398596,-2.68011,-50.19,838938329,-1.16258,-0.565794,0.540994,-1.16898,-0.569325,0.51965,-1.15804,-0.588314,0.51965,-1.15171,-0.584664,0.540994,-1.35193,-0.670584,0.619063,-1.35939,-0.674701,0.594177,-1.34658,-0.696943,0.594177,-1.33919,-0.692688,0.619063
0.21236,0.398617,-2.29653,53.3726,838938351,-0.866308,-0.959718,0.540994,-0.870922,-0.965391,0.51965,-0.853664,-0.978897,0.51965,-0.849159,-0.97314,0.540994,-1.00261,-1.12781,0.619063,-1.00799,-1.13443,0.594177,-0.987774,-1.15025,0.594177,-0.98252,-1.14353,0.619063
0.166982,0.398921,-0.95213,17.7201,838938428,0.740042,-1.05863,0.540994,0.744538,-1.06439,0.51965,0.761819,-1.05092,0.51965,0.757216,-1.04524,0.540994,0.873103,-1.22926,0.619063,0.878344,-1.23598,0.594177,0.898587,-1.22019,0.594177,0.89322,-1.21357,0.619063
0.277923,0.433321,0.185381,34.6988,838939157,1.27264,0.227404,0.589926,1.28044,0.229198,0.568831,1.27516,0.250468,0.56883,1.2674,0.248541,0.589926,1.48098,0.27526,0.67498,1.49007,0.277352,0.650384,1.48389,0.302266,0.650384,1.47484,0.30002,0.67498
0.602379,0.455332,-0.900249,-4.50013,838939967,0.794704,-1.0198,0.621348,0.800156,-1.02611,0.60039,0.816476,-1.01145,0.60039,0.810901,-1.00524,0.621349,0.933995,-1.18016,0.709718,0.940314,-1.18748,0.685425,0.959335,-1.17038,0.685425,0.952873,-1.16319,0.709719
0.0368211,0.490218,-0.810111,-3.2711,838940996,0.88237,-0.943205,0.671209,0.888829,-0.949455,0.65052,0.904089,-0.933687,0.65052,0.897515,-0.927555,0.671209,1.03293,-1.08891,0.766148,1.04042,-1.09616,0.742167,1.0582,-1.07778,0.742167,1.05058,-1.07067,0.766148
0.042847,0.489808,-0.792767,-3.02874,838940997,0.899558,-0.928718,0.671209,0.906121,-0.934862,0.65052,0.92082,-0.918571,0.65052,0.914147,-0.912549,0.671209,1.0527,-1.07175,0.766148,1.06031,-1.07888,0.742167,1.07744,-1.05989,0.742167,1.06971,-1.05291,0.766148
0.129084,0.4902,-0.775596,11.2606,838940998,0.914431,-0.912235,0.671209,0.921104,-0.918256,0.65052,0.935804,-0.901964,0.65052,0.92902,-0.896066,0.671209,1.06999,-1.05259,0.766148,1.07773,-1.05957,0.742167,1.09486,-1.04058,0.742167,1.087,-1.03375,0.766148
0.0244748,0.489794,-0.758253,-4.2835,838940999,0.931103,-0.897157,0.671209,0.937876,-0.903068,0.65052,0.951998,-0.886273,0.65052,0.945118,-0.880488,0.671209,1.08915,-1.03476,0.766148,1.097,-1.04161,0.742167,1.11346,-1.02203,0.742167,1.10549,-1.01533,0.766148
0.00153411,0.490188,-0.741083,-3.46378,838941000,0.945391,-0.880164,0.671209,0.952271,-0.885948,0.65052,0.966392,-0.869153,0.65052,0.959407,-0.863495,0.671209,1.10576,-1.015,0.766148,1.11373,-1.02171,0.742167,1.13019,-1.00213,0.742167,1.12209,-0.995576,0.766148
0.107249,0.49023,-0.568515,-3.34646,838941010,1.0824,-0.704711,0.671209,1.09018,-0.709212,0.65052,1.10117,-0.690219,0.65052,1.09331,-0.685861,0.671209,1.26376,-0.809632,0.766148,1.27278,-0.814849,0.742167,1.28558,-0.792712,0.742167,1.27647,-0.787661,0.766148
0.0229081,0.507457,-0.810106,-4.30247,838941508,0.88237,-0.943205,0.696394,0.88906,-0.949678,0.675848,0.904319,-0.93391,0.675848,0.897515,-0.927555,0.696394,1.03185,-1.08787,0.794583,1.03961,-1.09537,0.770768,1.05739,-1.07699,0.770768,1.0495,-1.06963,0.794583
0.00482439,0.507035,-0.79276,-4.13123,838941509,0.899558,-0.928718,0.696394,0.906359,-0.935077,0.675848,0.921059,-0.918786,0.675848,0.914147,-0.912549,0.696394,1.05159,-1.07075,0.794583,1.05947,-1.07812,0.770768,1.0766,-1.05913,0.770768,1.06859,-1.0519,0.794583
0.0440492,0.507438,-0.775591,52.0302,838941510,0.914431,-0.912235,0.696394,0.921343,-0.918471,0.675848,0.936043,-0.902179,0.675848,0.92902,-0.896066,0.696394,1.06887,-1.05159,0.794583,1.07689,-1.05882,0.770768,1.09402,-1.03983,0.770768,1.08588,-1.03274,0.794583
0.097897,0.50702,-0.758245,13.7173,838941511,0.931103,-0.897157,0.696394,0.938122,-0.903275,0.675848,0.952243,-0.88648,0.675848,0.945118,-0.880488,0.696394,1.088,-1.03379,0.794583,1.09613,-1.04088,0.770768,1.11259,-1.02131,0.770768,1.10433,-1.01436,0.794583
0.0400222,0.507426,-0.741078,-3.57545,838941512,0.945391,-0.880164,0.696394,0.952516,-0.886155,0.675848,0.966638,-0.86936,0.675848,0.959407,-0.863495,0.696394,1.10461,-1.01404,0.794583,1.11287,-1.02098,0.770768,1.12933,-1.00141,0.770768,1.12094,-0.994609,0.794583
0.0764314,0.507012,-0.723732,29.6423,838941513,0.961526,-0.864513,0.696394,0.968754,-0.870382,0.675848,0.982281,-0.853104,0.675848,0.974951,-0.847365,0.696394,1.1231,-0.995583,0.794583,1.13148,-1.00239,0.770768,1.14724,-0.982248,0.770768,1.13875,-0.975596,0.794583
0.0410976,0.507421,-0.706565,-4.05354,838941514,0.975212,-0.847031,0.696394,0.982542,-0.85277,0.675848,0.996069,-0.835492,0.675848,0.988637,-0.829884,0.696394,1.13901,-0.975262,0.794583,1.1475,-0.981914,0.770768,1.16327,-0.961776,0.770768,1.15465,-0.955275,0.794583
0.0498792,0.50701,-0.689219,-2.97176,838941515,0.990791,-0.830827,0.696394,0.998219,-0.836439,0.675848,1.01113,-0.818699,0.675848,1.00361,-0.81322,0.696394,1.15684,-0.956174,0.794583,1.16545,-0.96268,0.770768,1.1805,-0.942003,0.770768,1.17178,-0.935652,0.794583
0.10073,0.507027,-0.620191,34.6835,838941519,1.0457,-0.760492,0.696394,1.0535,-0.765572,0.675848,1.06515,-0.746974,0.675848,1.05726,-0.742033,0.696394,1.2201,-0.873941,0.794583,1.22914,-0.87983,0.770768,1.24271,-0.858153,0.770768,1.23357,-0.852427,0.794583
0.231154,0.524282,2.93951,43.1976,838941875,-1.26429,0.270387,0.721761,-1.2738,0.271899,0.701362,-1.27688,0.250172,0.701362,-1.26734,0.248824,0.721761,-1.46822,0.302867,0.823177,-1.47924,0.304619,0.799532,-1.48282,0.279296,0.799532,-1.47177,0.277733,0.823177
0.196235,0.524282,-0.900218,-34.2194,838942015,0.794704,-1.0198,0.721761,0.801017,-1.02707,0.701362,0.817337,-1.0124,0.701362,0.810901,-1.00524,0.721761,0.930043,-1.17576,0.823177,0.937361,-1.18419,0.799532,0.956382,-1.16709,0.799532,0.948921,-1.15879,0.823177
0.0777384,0.524678,-0.810101,-2.50482,838942020,0.88237,-0.943205,0.721761,0.889289,-0.9499,0.701362,0.904548,-0.934132,0.701362,0.897515,-0.927555,0.721761,1.03074,-1.08679,0.823177,1.03875,-1.09455,0.799532,1.05654,-1.07617,0.799532,1.04839,-1.06854,0.823177
0.101152,0.524245,-0.792753,-36.0037,838942021,0.899558,-0.928718,0.721761,0.906596,-0.935291,0.701362,0.921295,-0.918999,0.701362,0.914147,-0.912549,0.721761,1.05043,-1.06971,0.823177,1.05859,-1.07733,0.799532,1.07572,-1.05834,0.799532,1.06744,-1.05086,0.823177
0.572553,0.524659,-0.775586,1.17929,838942022,0.914431,-0.912235,0.721761,0.921579,-0.918684,0.701362,0.936279,-0.902393,0.701362,0.92902,-0.896066,0.721761,1.06772,-1.05055,0.823177,1.07601,-1.05802,0.799532,1.09314,-1.03903,0.799532,1.08473,-1.0317,0.823176
0.159427,0.524229,-0.758238,-1.45635,838942023,0.931103,-0.897157,0.721761,0.938366,-0.90348,0.701362,0.952487,-0.886685,0.701362,0.945118,-0.880488,0.721761,1.08681,-1.03279,0.823177,1.09523,-1.04012,0.799532,1.11169,-1.02054,0.799532,1.10315,-1.01336,0.823177
0.0807771,0.524647,-0.741072,-5.19785,838942024,0.945391,-0.880164,0.721761,0.95276,-0.88636,0.701362,0.966882,-0.869565,0.701362,0.959407,-0.863495,0.721761,1.10342,-1.01304,0.823177,1.11196,-1.02022,0.799532,1.12842,-1.00064,0.799532,1.11975,-0.993609,0.823177
-0.0146221,0.524221,-0.723725,-4.27786,838942025,0.961526,-0.864513,0.721761,0.969005,-0.870578,0.701362,0.982532,-0.8533,0.701362,0.974951,-0.847365,0.721761,1.12187,-0.994626,0.823177,1.13054,-1.00166,0.799532,1.14631,-0.981518,0.799532,1.13752,-0.974638,0.823177
0.0524649,0.524642,-0.706559,-21.9022,838942026,0.975212,-0.847031,0.721761,0.982793,-0.852966,0.701362,0.99632,-0.835688,0.701362,0.988637,-0.829883,0.721761,1.13778,-0.974305,0.823177,1.14657,-0.981184,0.799532,1.16234,-0.961046,0.799532,1.15343,-0.954317,0.823177
0.153527,0.524219,-0.689211,-10.308,838942027,0.990791,-0.830827,0.721761,0.998477,-0.836627,0.701362,1.01139,-0.818887,0.701362,1.00361,-0.81322,0.721761,1.15559,-0.955259,0.823177,1.16449,-0.961983,0.799532,1.17955,-0.941306,0.799532,1.17053,-0.934738,0.823177
0.0287602,0.524643,-0.672047,-3.90339,838942028,1.00386,-0.812878,0.721761,1.01164,-0.818544,0.701362,1.02456,-0.800804,0.701362,1.01668,-0.795271,0.721761,1.17077,-0.934395,0.823177,1.1798,-0.940963,0.799532,1.19485,-0.920287,0.799532,1.18571,-0.913874,0.823177
0.0918147,0.524224,-0.654698,-24.7661,838942029,1.01886,-0.796139,0.721761,1.02675,-0.801667,0.701362,1.03903,-0.783487,0.701362,1.03106,-0.778096,0.721761,1.1879,-0.91474,0.823177,1.19704,-0.921148,0.799532,1.21136,-0.899958,0.799532,1.20212,-0.893709,0.823176
-0.0388808,0.524237,-0.620184,-3.52386,838942031,1.0457,-0.760492,0.721761,1.05377,-0.765741,0.701362,1.06542,-0.747143,0.701362,1.05726,-0.742033,0.721761,1.21878,-0.873117,0.823177,1.22814,-0.879201,0.799532,1.24171,-0.857525,0.799532,1.23225,-0.851602,0.823177
0.0142686,0.524668,-0.603019,-4.073,838942032,1.05748,-0.741674,0.721761,1.06564,-0.746784,0.701362,1.07729,-0.728185,0.701362,1.06904,-0.723216,0.721761,1.23248,-0.851243,0.823177,1.24194,-0.857165,0.799532,1.25551,-0.835488,0.799532,1.24595,-0.829728,0.823177
-0.0192192,0.524256,-0.585669,-3.11279,838942033,1.07128,-0.723929,0.721761,1.07953,-0.728893,0.701362,1.09052,-0.709899,0.701362,1.08219,-0.705078,0.721761,1.24819,-0.83044,0.823176,1.25775,-0.836194,0.799532,1.27056,-0.814057,0.799532,1.2609,-0.808468,0.823177
0.163034,0.541846,-0.986589,50.6335,838942522,0.703095,-1.08356,0.747269,0.708918,-1.09159,0.727072,0.726704,-1.0787,0.727072,0.720726,-1.07078,0.747269,0.823399,-1.24947,0.851731,0.830107,-1.25872,0.828468,0.85072,-1.24378,0.828468,0.843835,-1.23466,0.851731
0.0853113,0.541872,-0.81009,-8.27071,838942532,0.882371,-0.943204,0.747269,0.889499,-0.950102,0.727072,0.904777,-0.934316,0.727072,0.897515,-0.927554,0.747269,1.02964,-1.08572,0.851731,1.03785,-1.09367,0.828468,1.05556,-1.07537,0.828468,1.04719,-1.06758,0.851731
0.028426,0.541427,-0.792752,-2.14139,838942533,0.899557,-0.928719,0.747269,0.906794,-0.935506,0.727072,0.921511,-0.919196,0.727072,0.914146,-0.91255,0.747269,1.04939,-1.06858,0.851731,1.05773,-1.0764,0.828468,1.07479,-1.05749,0.828468,1.0663,-1.04984,0.851731
0.406983,0.541852,-0.775576,1.98411,838942534,0.914432,-0.912234,0.747269,0.921797,-0.918879,0.727072,0.936514,-0.902569,0.727072,0.929021,-0.896065,0.747269,1.06659,-1.04952,0.851731,1.07507,-1.05718,0.828468,1.09213,-1.03827,0.828468,1.0835,-1.03078,0.851731
0.48641,0.541411,-0.758237,0.366762,838942535,0.931102,-0.897158,0.747269,0.938572,-0.903688,0.727072,0.95271,-0.886873,0.727072,0.945118,-0.880489,0.747269,1.08573,-1.0317,0.851731,1.09433,-1.03922,0.828468,1.11072,-1.01973,0.828468,1.10198,-1.01238,0.851731
0.13533,0.54184,-0.741062,1.81478,838942536,0.945392,-0.880163,0.747269,0.952984,-0.886547,0.727072,0.967123,-0.869732,0.727072,0.959407,-0.863495,0.747269,1.10225,-1.01205,0.851731,1.11099,-1.01941,0.828468,1.12738,-0.999918,0.828468,1.11849,-0.992733,0.851731
1.40792,0.541402,-0.723724,-0.489373,838942537,0.961526,-0.864514,0.747269,0.969219,-0.870779,0.727072,0.982761,-0.853481,0.727072,0.97495,-0.847366,0.747269,1.12076,-0.993574,0.851731,1.12962,-1.00079,0.828468,1.14532,-0.980741,0.828468,1.13632,-0.973697,0.851731
0.372735,0.541835,-0.706549,-7.23216,838942538,0.975213,-0.847031,0.747269,0.983024,-0.853146,0.727072,0.996566,-0.835847,0.727072,0.988637,-0.829883,0.747269,1.13658,-0.973362,0.851731,1.14558,-0.980405,0.828468,1.16127,-0.960356,0.828468,1.15214,-0.953486,0.851731
0.0421623,0.5414,-0.68921,-3.38966,838942539,0.99079,-0.830827,0.747269,0.998697,-0.83682,0.727072,1.01163,-0.81906,0.727072,1.00361,-0.813221,0.747269,1.15443,-0.954247,0.851731,1.16354,-0.96115,0.828468,1.17853,-0.940564,0.828468,1.16929,-0.93384,0.851731
0.0590735,0.541837,-0.672036,-46.9957,838942540,1.00386,-0.812877,0.747269,1.01188,-0.818715,0.727072,1.02481,-0.800955,0.727072,1.01668,-0.795271,0.747269,1.16954,-0.933495,0.851731,1.17878,-0.94022,0.828468,1.19376,-0.919635,0.828468,1.1844,-0.913088,0.851731
0.099743,0.541406,-0.654697,37.2678,838942541,1.01886,-0.79614,0.747269,1.02697,-0.801852,0.727072,1.03927,-0.783651,0.727072,1.03106,-0.778096,0.747269,1.18671,-0.913769,0.851731,1.19606,-0.920349,0.828468,1.21032,-0.899253,0.828468,1.20085,-0.892855,0.851731
0.162474,0.541418,-0.620183,-2.54266,838942543,1.0457,-0.760492,0.747269,1.05401,-0.765919,0.727072,1.06567,-0.747299,0.727072,1.05726,-0.742034,0.747269,1.21756,-0.872187,0.851731,1.22713,-0.878437,0.828468,1.24064,-0.856856,0.828468,1.23096,-0.850792,0.851731
0.152058,0.541862,-0.603009,24.355,838942544,1.05749,-0.741673,0.747269,1.06589,-0.746938,0.727072,1.07755,-0.728318,0.727072,1.06904,-0.723215,0.747269,1.23118,-0.850431,0.851731,1.24087,-0.856495,0.828468,1.25438,-0.834914,0.828468,1.24458,-0.829037,0.851731
0.0609904,0.541438,-0.585668,-2.31129,838942545,1.07128,-0.723929,0.747269,1.07977,-0.729062,0.727072,1.09077,-0.710046,0.727072,1.08219,-0.705079,0.747269,1.24694,-0.829554,0.851731,1.25672,-0.835466,0.828468,1.26947,-0.813426,0.828468,1.25958,-0.807704,0.851731
0.0702834,0.559017,-0.810086,40.8737,838943044,0.882371,-0.943204,0.772956,0.889713,-0.95031,0.752908,0.904991,-0.934523,0.752908,0.897515,-0.927554,0.772956,1.02851,-1.08463,0.880443,1.03697,-1.09281,0.857352,1.05467,-1.07452,0.857352,1.04606,-1.06649,0.880443
0.162574,0.558561,-0.792745,19.9109,838943045,0.899557,-0.928719,0.772956,0.907016,-0.935706,0.752908,0.921733,-0.919395,0.752908,0.914147,-0.91255,0.772956,1.04823,-1.06753,0.880443,1.05682,-1.07558,0.857352,1.07387,-1.05667,0.857352,1.06514,-1.04879,0.880443
0.163566,0.558997,-0.775571,-23.6087,838943046,0.914432,-0.912234,0.772956,0.922018,-0.919079,0.752908,0.936735,-0.902768,0.752908,0.929021,-0.896065,0.772956,1.06542,-1.04847,0.880443,1.07416,-1.05635,0.857352,1.09122,-1.03745,0.857352,1.08233,-1.02973,0.880443
-0.0397771,0.558544,-0.75823,-3.03228,838943047,0.931102,-0.897158,0.772956,0.9388,-0.90388,0.752908,0.952938,-0.887065,0.752908,0.945118,-0.880489,0.772956,1.08453,-1.03069,0.880443,1.09339,-1.03843,0.857352,1.10978,-1.01894,0.857352,1.10077,-1.01137,0.880443
-0.00177449,0.558985,-0.741057,-2.57033,838943048,0.945392,-0.880163,0.772956,0.953213,-0.886739,0.752908,0.967351,-0.869924,0.752908,0.959407,-0.863495,0.772956,1.10105,-1.01104,0.880443,1.11006,-1.01862,0.857352,1.12644,-0.999128,0.857352,1.11729,-0.991722,0.880443
0.0134725,0.558535,-0.723717,-2.55735,838943049,0.961526,-0.864514,0.772956,0.969453,-0.870963,0.752908,0.982996,-0.853665,0.752908,0.97495,-0.847366,0.772956,1.11952,-0.992606,0.880443,1.12865,-1.00003,0.857352,1.14435,-0.979985,0.857352,1.13508,-0.97273,0.880443
0.151193,0.558979,-0.706544,4.1737,838943050,0.975213,-0.847031,0.772956,0.983258,-0.853329,0.752908,0.996801,-0.836031,0.752908,0.988637,-0.829883,0.772956,1.13534,-0.972394,0.880443,1.14461,-0.979649,0.857352,1.16031,-0.9596,0.857352,1.15091,-0.952518,0.880443
6.33391,0.558534,-0.689203,-0.217509,838943051,0.99079,-0.830827,0.772956,0.998938,-0.836996,0.752908,1.01187,-0.819235,0.752908,1.00361,-0.813221,0.772956,1.15316,-0.953323,0.880443,1.16255,-0.960428,0.857352,1.17754,-0.939842,0.857352,1.16802,-0.932916,0.880443
0.573418,0.558981,-0.672031,-1.43486,838943052,1.00386,-0.812877,0.772956,1.01212,-0.818891,0.752908,1.02505,-0.80113,0.752908,1.01668,-0.795271,0.772956,1.16827,-0.932571,0.880443,1.17779,-0.939498,0.857352,1.19277,-0.918913,0.857352,1.18313,-0.912164,0.880443
0.0558167,0.558539,-0.65469,-2.82728,838943053,1.01886,-0.79614,0.772956,1.02722,-0.802019,0.752908,1.03952,-0.783818,0.752908,1.03106,-0.778096,0.772956,1.18541,-0.912889,0.880443,1.19504,-0.919662,0.857352,1.2093,-0.898566,0.857352,1.19955,-0.891975,0.880443
0.0453862,0.55899,-0.637518,-4.0295,838943054,1.03129,-0.777744,0.772956,1.03976,-0.783465,0.752908,1.05206,-0.765264,0.752908,1.04349,-0.7597,0.772956,1.19979,-0.891623,0.880443,1.20954,-0.898213,0.857352,1.2238,-0.877117,0.857352,1.21392,-0.870709,0.880443
0.0560775,0.558552,-0.620176,-3.67327,838943055,1.0457,-0.760492,0.772956,1.05426,-0.766077,0.752908,1.06592,-0.747457,0.752908,1.05726,-0.742034,0.772956,1.21623,-0.871354,0.880443,1.22609,-0.877786,0.857352,1.2396,-0.856205,0.857352,1.22963,-0.849959,0.880443
0.09559,0.559007,-0.603004,-1.95026,838943056,1.05749,-0.741673,0.772956,1.06615,-0.747096,0.752908,1.0778,-0.728476,0.752908,1.06904,-0.723215,0.772956,1.22985,-0.849598,0.880443,1.23983,-0.855844,0.857352,1.25334,-0.834263,0.857352,1.24325,-0.828203,0.880443
0.0165843,0.558572,-0.585661,-2.43586,838943057,1.07128,-0.72393,0.772956,1.08003,-0.729212,0.752908,1.09103,-0.710196,0.752908,1.08219,-0.705079,0.772956,1.24558,-0.828768,0.880443,1.25566,-0.834852,0.857352,1.26841,-0.812812,0.857352,1.25822,-0.806918,0.880443
0.086067,0.559031,-0.568488,-2.13281,838943058,1.0824,-0.70471,0.772956,1.09125,-0.709827,0.752908,1.10225,-0.690811,0.752908,1.09331,-0.68586,0.772956,1.25843,-0.806549,0.880443,1.26862,-0.812443,0.857352,1.28137,-0.790403,0.857352,1.27107,-0.7847,0.880443
0.133057,0.558981,-0.322965,18.212,838943072,1.22134,-0.420515,0.772956,1.23116,-0.42334,0.752908,1.23723,-0.402229,0.752908,1.22736,-0.399586,0.772956,1.41677,-0.476758,0.880443,1.42808,-0.480013,0.857352,1.43513,-0.455543,0.857352,1.42376,-0.4525,0.880443
0.304096,0.55899,-0.288452,9.60371,838943074,1.2351,-0.378117,0.772956,1.24502,-0.380598,0.752908,1.25035,-0.359286,0.752908,1.24039,-0.356991,0.772956,1.43238,-0.4275,0.880443,1.4438,-0.430358,0.857352,1.44998,-0.405657,0.857352,1.43851,-0.403013,0.880443
0.103171,0.576143,-0.810081,24.4456,838943556,0.882371,-0.943204,0.798841,0.889926,-0.950515,0.778947,0.905204,-0.934729,0.778947,0.897515,-0.927554,0.798841,1.02735,-1.08351,0.909329,1.03605,-1.09193,0.886414,1.05376,-1.07363,0.886414,1.0449,-1.06537,0.909329
0.044554,0.575675,-0.792738,-3.00019,838943557,0.899558,-0.928719,0.798841,0.907235,-0.935904,0.778947,0.921953,-0.919594,0.778947,0.914147,-0.91255,0.798841,1.04703,-1.06645,0.909329,1.05587,-1.07472,0.886415,1.07293,-1.05582,0.886414,1.06394,-1.0477,0.909329
0.0705194,0.576123,-0.775566,-3.97369,838943558,0.914432,-0.912234,0.798841,0.922238,-0.919277,0.778947,0.936955,-0.902966,0.778947,0.929021,-0.896065,0.798841,1.06422,-1.04739,0.909329,1.07321,-1.0555,0.886414,1.09027,-1.0366,0.886414,1.08113,-1.02865,0.909329
-0.0382255,0.575659,-0.758224,-3.73213,838943559,0.931102,-0.897158,0.798841,0.939027,-0.90407,0.778947,0.953165,-0.887256,0.778947,0.945118,-0.880489,0.798841,1.08329,-1.02965,0.909329,1.09242,-1.03761,0.886414,1.10881,-1.01812,0.886414,1.09954,-1.01033,0.909329
-0.0604142,0.57611,-0.741052,-2.42527,838943560,0.945392,-0.880163,0.798841,0.953439,-0.88693,0.778947,0.967577,-0.870115,0.778947,0.959407,-0.863495,0.798841,1.09981,-1.01,0.909329,1.10908,-1.0178,0.886415,1.12547,-0.998308,0.886414,1.11606,-0.990683,0.909329
0.00577271,0.575649,-0.72371,-34.2889,838943561,0.961526,-0.864514,0.798841,0.969686,-0.871145,0.778947,0.983229,-0.853847,0.778947,0.97495,-0.847366,0.798841,1.11825,-0.99161,0.909329,1.12765,-0.999249,0.886414,1.14335,-0.979199,0.886414,1.13381,-0.971734,0.909329
0.141331,0.576104,-0.706539,6.32513,838943562,0.975213,-0.847031,0.798841,0.983491,-0.853512,0.778947,0.997034,-0.836214,0.778947,0.988637,-0.829883,0.798841,1.13407,-0.971399,0.909329,1.14361,-0.978864,0.886414,1.1593,-0.958815,0.886414,1.14963,-0.951523,0.909329
1.45621,0.575648,-0.689197,-0.92663,838943563,0.99079,-0.830827,0.798841,0.999178,-0.83717,0.778947,1.01211,-0.819409,0.778947,1.00361,-0.813221,0.798841,1.15186,-0.952373,0.909329,1.16152,-0.959678,0.886414,1.17651,-0.939093,0.886414,1.16672,-0.931965,0.909329
0.429467,0.576106,-0.672026,3.09087,838943564,1.00386,-0.812877,0.798841,1.01236,-0.819065,0.778947,1.02529,-0.801304,0.778947,1.01668,-0.795271,0.798841,1.16697,-0.931621,0.909329,1.17676,-0.938748,0.886415,1.19174,-0.918163,0.886414,1.18182,-0.911213,0.909329
0.107622,0.575653,-0.654683,20.6657,838943565,1.01886,-0.79614,0.798841,1.02746,-0.802185,0.778947,1.03977,-0.783984,0.778947,1.03106,-0.778096,0.798841,1.18408,-0.911985,0.909329,1.19399,-0.918949,0.886414,1.20824,-0.897852,0.886414,1.19821,-0.891071,0.909329
-0.0476094,0.576116,-0.637513,-3.54959,838943566,1.03129,-0.777743,0.798841,1.04,-0.783631,0.778947,1.05231,-0.765429,0.778947,1.04349,-0.7597,0.798841,1.19845,-0.890718,0.909329,1.20848,-0.897499,0.886415,1.22274,-0.876403,0.886415,1.21258,-0.869804,0.909329
0.0223849,0.575667,-0.620169,-3.94287,838943567,1.0457,-0.760492,0.798841,1.05451,-0.766234,0.778947,1.06617,-0.747614,0.778947,1.05726,-0.742034,0.798841,1.21486,-0.870497,0.909329,1.22501,-0.87711,0.886414,1.23852,-0.855529,0.886414,1.22826,-0.849102,0.909329
0.0179957,0.576133,-0.602999,-3.75589,838943568,1.05749,-0.741673,0.798841,1.0664,-0.747253,0.778947,1.07805,-0.728633,0.778947,1.06904,-0.723215,0.798841,1.22848,-0.848741,0.909329,1.23875,-0.855168,0.886414,1.25226,-0.833587,0.886414,1.24188,-0.827346,0.909329
0.0163911,0.575687,-0.585654,-3.23005,838943569,1.07128,-0.723929,0.798841,1.08029,-0.72936,0.778947,1.09129,-0.710344,0.778947,1.08219,-0.705079,0.798841,1.24418,-0.827959,0.909329,1.25455,-0.834214,0.886414,1.2673,-0.812174,0.886414,1.25682,-0.806109,0.909329
0.000674108,0.576157,-0.568483,-2.82674,838943570,1.0824,-0.70471,0.798841,1.0915,-0.709975,0.778947,1.1025,-0.690959,0.778947,1.09331,-0.68586,0.798841,1.25703,-0.805741,0.909329,1.26752,-0.811805,0.886414,1.28027,-0.789765,0.886414,1.26968,-0.783891,0.909329
0.0998301,0.576189,-0.533966,7.08181,838943572,1.10601,-0.6669,0.798841,1.11529,-0.671844,0.778947,1.12562,-0.652455,0.778947,1.11625,-0.64768,0.798841,1.28407,-0.761769,0.909329,1.29475,-0.767464,0.886414,1.30673,-0.744992,0.886414,1.29594,-0.739491,0.909329
0.132474,0.576104,-0.357473,6.38774,838943582,1.2061,-0.462406,0.798841,1.2161,-0.465665,0.778947,1.22291,-0.444778,0.778947,1.21285,-0.441701,0.798841,1.39792,-0.52494,0.909329,1.40943,-0.528694,0.886414,1.41732,-0.504485,0.886415,1.40574,-0.500941,0.909329
0.165103,0.575653,-0.305617,-10.6216,838943585,1.22971,-0.399656,0.798841,1.23986,-0.402394,0.778947,1.2452,-0.381083,0.778947,1.235,-0.37853,0.798841,1.42458,-0.452008,0.909329,1.43628,-0.455162,0.886414,1.44246,-0.430462,0.886414,1.43071,-0.427521,0.909329
-0.0138792,0.59283,-0.861765,-2.0685,838944065,0.833259,-0.988442,0.824932,0.84062,-0.996357,0.805196,0.85644,-0.981113,0.805196,0.848941,-0.973331,0.824932,0.969603,-1.13493,0.938397,0.978082,-1.14405,0.915665,0.996418,-1.12638,0.915665,0.98778,-1.11742,0.938397
-0.0164986,0.59328,-0.844593,-3.13939,838944066,0.849247,-0.973035,0.824932,0.856746,-0.980817,0.805196,0.872566,-0.965574,0.805196,0.86493,-0.957924,0.824932,0.988087,-1.11712,0.938397,0.996724,-1.12609,0.915665,1.01506,-1.10842,0.915665,1.00626,-1.09961,0.938397
0.030555,0.592797,-0.827248,-2.96008,838944067,0.86693,-0.959159,0.824932,0.874563,-0.966812,0.805196,0.889841,-0.951026,0.805196,0.882075,-0.94351,0.824932,1.00831,-1.1008,0.938397,1.0171,-1.10961,0.915665,1.03481,-1.09132,0.915665,1.02586,-1.08266,0.938397
0.556886,0.592772,-0.792732,2.47194,838944069,0.899558,-0.928719,0.824932,0.907454,-0.936101,0.805196,0.922171,-0.91979,0.805196,0.914147,-0.91255,0.824932,1.0458,-1.06533,0.938397,1.05489,-1.07384,0.915665,1.07195,-1.05493,0.915665,1.06271,-1.04659,0.938397
0,0.59323,-0.775561,0,838944070,0.914432,-0.912234,0.824932,0.922456,-0.919474,0.805196,0.937173,-0.903163,0.805196,0.929021,-0.896065,0.824932,1.06299,-1.04628,0.938397,1.07223,-1.05462,0.915665,1.08929,-1.03571,0.915665,1.0799,-1.02754,0.938397
0.0398492,0.592755,-0.758217,-2.98096,838944071,0.931102,-0.897158,0.824932,0.939251,-0.904259,0.805196,0.95339,-0.887444,0.805196,0.945118,-0.880489,0.824932,1.08202,-1.02858,0.938397,1.09141,-1.03676,0.915665,1.1078,-1.01727,0.915665,1.09827,-1.00926,0.938397
0.0170994,0.593217,-0.741048,-2.59767,838944072,0.945392,-0.880163,0.824932,0.953664,-0.887118,0.805196,0.967802,-0.870304,0.805196,0.959407,-0.863495,0.824932,1.09854,-1.00894,0.938397,1.10807,-1.01695,0.915665,1.12446,-0.997458,0.915665,1.11479,-0.989615,0.938397
0.012515,0.592745,-0.723703,-2.91432,838944073,0.961526,-0.864514,0.824932,0.969918,-0.871326,0.805196,0.98346,-0.854028,0.805196,0.97495,-0.847366,0.824932,1.11694,-0.990588,0.938397,1.12661,-0.998434,0.915665,1.14231,-0.978385,0.915665,1.1325,-0.970711,0.938397
-0.0587841,0.593211,-0.706535,-4.11075,838944074,0.975213,-0.847031,0.824932,0.983723,-0.853693,0.805196,0.997265,-0.836395,0.805196,0.988637,-0.829883,0.824932,1.13277,-0.970376,0.938397,1.14257,-0.978049,0.915665,1.15826,-0.958,0.915665,1.14833,-0.9505,0.938397
0.0604397,0.592744,-0.68919,-3.51907,838944075,0.99079,-0.830828,0.824932,0.999415,-0.837343,0.805196,1.01234,-0.819582,0.805196,1.00361,-0.813221,0.824932,1.15052,-0.951396,0.938397,1.16045,-0.9589,0.915665,1.17544,-0.938315,0.915665,1.16537,-0.930989,0.938397
0.0241313,0.593213,-0.672021,-3.38185,838944076,1.00386,-0.812877,0.824932,1.0126,-0.819238,0.805196,1.02553,-0.801477,0.805196,1.01668,-0.795271,0.824932,1.16562,-0.930644,0.938397,1.17569,-0.937971,0.915665,1.19067,-0.917385,0.915665,1.18048,-0.910237,0.938397
0.0621869,0.592749,-0.654676,60.9498,838944077,1.01886,-0.79614,0.824932,1.02771,-0.80235,0.805196,1.04001,-0.784148,0.805196,1.03106,-0.778096,0.824932,1.1827,-0.911056,0.938397,1.19289,-0.918209,0.915665,1.20715,-0.897113,0.915665,1.19684,-0.890142,0.938397
0.00748537,0.593222,-0.637508,-4.42505,838944078,1.03129,-0.777744,0.824932,1.04025,-0.783795,0.805196,1.05255,-0.765594,0.805196,1.04349,-0.7597,0.824932,1.19707,-0.889789,0.938397,1.20739,-0.89676,0.915665,1.22165,-0.875664,0.915665,1.21121,-0.868875,0.938397
-0.064918,0.592763,-0.620162,-3.9719,838944079,1.0457,-0.760492,0.824932,1.05476,-0.76639,0.805196,1.06642,-0.74777,0.805196,1.05726,-0.742034,0.824932,1.21346,-0.869617,0.938397,1.22389,-0.876409,0.915665,1.2374,-0.854828,0.915665,1.22685,-0.848222,0.938397
0.621482,0.59324,-0.602994,-2.07121,838944080,1.05749,-0.741673,0.824932,1.06665,-0.747409,0.805196,1.0783,-0.728789,0.805196,1.06904,-0.723215,0.824932,1.22708,-0.847861,0.938397,1.23763,-0.854467,0.915665,1.25114,-0.832886,0.915665,1.24047,-0.826466,0.938397
0.267025,0.592784,-0.585647,-6.80319,838944081,1.07128,-0.723929,0.824932,1.08054,-0.729507,0.805196,1.09154,-0.710491,0.805196,1.08219,-0.705079,0.824932,1.24274,-0.827128,0.938397,1.25341,-0.833552,0.915665,1.26616,-0.811512,0.915665,1.25539,-0.805279,0.938397
-0.043029,0.593265,-0.568478,-1.25476,838944082,1.0824,-0.70471,0.824932,1.09176,-0.710122,0.805196,1.10276,-0.691106,0.805196,1.09331,-0.68586,0.824932,1.2556,-0.80491,0.938397,1.26637,-0.811143,0.915665,1.27912,-0.789103,0.915665,1.26824,-0.78306,0.938397
0.0226699,0.592813,-0.55113,-3.2409,838944083,1.09557,-0.686496,0.824932,1.10502,-0.691746,0.805196,1.11535,-0.672358,0.805196,1.10581,-0.667276,0.824932,1.27053,-0.783643,0.938397,1.28141,-0.78969,0.915665,1.29339,-0.767218,0.915665,1.2824,-0.761365,0.938397
0.0734741,0.593298,-0.533961,-2.76476,838944084,1.10601,-0.6669,0.824932,1.11555,-0.671982,0.805196,1.12588,-0.652593,0.805196,1.11625,-0.64768,0.824932,1.2826,-0.760989,0.938397,1.29359,-0.766843,0.915665,1.30556,-0.744371,0.915665,1.29447,-0.738711,0.938397
0.143378,0.59283,-0.5127,-17.2991,838944085,1.12107,-0.64384,0.824932,1.1307,-0.64876,0.805196,1.14035,-0.629025,0.805196,1.13064,-0.624277,0.824932,1.2993,-0.734864,0.938397,1.31038,-0.740531,0.915665,1.32157,-0.717657,0.915665,1.31039,-0.712188,0.938397
-0.012073,0.59328,-0.495527,-2.71039,838944086,1.13083,-0.623894,0.824932,1.14054,-0.628642,0.805196,1.15019,-0.608908,0.805196,1.1404,-0.604331,0.824932,1.31058,-0.711806,0.938397,1.32176,-0.717275,0.915665,1.33295,-0.694401,0.915665,1.32167,-0.68913,0.938397
0.0819606,0.592797,-0.478182,40.5616,838944087,1.1427,-0.604808,0.824932,1.15249,-0.609388,0.805196,1.16145,-0.589328,0.805196,1.15158,-0.584922,0.824932,1.32399,-0.689551,0.938397,1.33527,-0.694828,0.915665,1.34565,-0.671577,0.915665,1.33429,-0.666502,0.938397
0.119208,0.59323,-0.426496,9.50368,838944090,1.17129,-0.544465,0.824932,1.1813,-0.548524,0.805196,1.18955,-0.528164,0.805196,1.17947,-0.524282,0.824932,1.35673,-0.619615,0.938397,1.36827,-0.62429,0.915665,1.37783,-0.600691,0.915665,1.36621,-0.59622,0.938397
0.16407,0.59324,-0.253928,27.5877,838944100,1.24738,-0.335264,0.824932,1.25795,-0.33752,0.805196,1.26253,-0.316036,0.805196,1.25193,-0.313966,0.824932,1.44306,-0.377043,0.938397,1.45523,-0.379642,0.915665,1.46055,-0.354741,0.915665,1.44833,-0.352357,0.938397
-0.0849537,0.609911,-0.861759,-4.18324,838944577,0.833259,-0.988442,0.851239,0.840822,-0.996566,0.831665,0.856642,-0.981323,0.831665,0.848941,-0.973331,0.851239,0.968421,-1.13371,0.967656,0.977133,-1.14306,0.945111,0.995469,-1.1254,0.945111,0.986598,-1.11619,0.967656
0.0610757,0.610372,-0.844588,-4.65488,838944578,0.849247,-0.973035,0.851239,0.856948,-0.981027,0.831665,0.872768,-0.965784,0.831665,0.86493,-0.957924,0.851239,0.986905,-1.1159,0.967656,0.995775,-1.1251,0.945111,1.01411,-1.10743,0.945111,1.00508,-1.09838,0.967656
0.086206,0.609878,-0.827241,-9.83825,838944579,0.86693,-0.959159,0.851239,0.874772,-0.967015,0.831665,0.89005,-0.951228,0.831665,0.882075,-0.94351,0.851239,1.00708,-1.09961,0.967656,1.01612,-1.10866,0.945111,1.03382,-1.09037,0.945111,1.02464,-1.08148,0.967656
0.0545946,0.610342,-0.810072,-4.32854,838944580,0.882371,-0.943204,0.851239,0.890346,-0.950922,0.831665,0.905624,-0.935135,0.831665,0.897515,-0.927554,0.851239,1.02493,-1.08117,0.967656,1.03412,-1.09006,0.945111,1.05183,-1.07176,0.945111,1.04249,-1.06303,0.967656
0.364884,0.609852,-0.792725,1.71766,838944581,0.899557,-0.928719,0.851239,0.90767,-0.936296,0.831665,0.922387,-0.919985,0.831665,0.914147,-0.91255,0.851239,1.04453,-1.06419,0.967656,1.05387,-1.07292,0.945111,1.07093,-1.05402,0.945111,1.06144,-1.04545,0.967656
0.00502311,0.610321,-0.775557,-4.98904,838944582,0.914432,-0.912234,0.851239,0.922672,-0.919669,0.831665,0.937389,-0.903358,0.831665,0.929021,-0.896065,0.851239,1.06173,-1.04514,0.967656,1.07122,-1.0537,0.94511,1.08828,-1.0348,0.945111,1.07864,-1.02639,0.967656
-0.0148356,0.609835,-0.75821,-3.94351,838944583,0.931102,-0.897158,0.851239,0.939474,-0.904447,0.831665,0.953613,-0.887632,0.831665,0.945118,-0.880489,0.851239,1.08072,-1.02749,0.967656,1.09036,-1.03588,0.945111,1.10675,-1.01639,0.945111,1.09696,-1.00817,0.967656
-0.0172604,0.610307,-0.741043,-3.35621,838944584,0.945392,-0.880163,0.851239,0.953887,-0.887306,0.831665,0.968025,-0.870491,0.831665,0.959407,-0.863495,0.851239,1.09724,-1.00784,0.967656,1.10702,-1.01607,0.945111,1.12341,-0.996578,0.945111,1.11348,-0.988519,0.967656
0.37151,0.610301,-0.70653,2.61456,838944586,0.975213,-0.847031,0.851239,0.983952,-0.853872,0.831665,0.997494,-0.836574,0.831665,0.988637,-0.829883,0.851239,1.13143,-0.969326,0.967656,1.14149,-0.977207,0.945111,1.15719,-0.957157,0.945111,1.14699,-0.94945,0.967656
-0.00413116,0.610313,-0.637503,-5.17811,838944590,1.03129,-0.777743,0.851239,1.04049,-0.783958,0.831665,1.05279,-0.765757,0.831665,1.04349,-0.7597,0.851239,1.19566,-0.888836,0.967656,1.20625,-0.895994,0.945111,1.22051,-0.874898,0.94511,1.2098,-0.867922,0.967656
0.128781,0.609843,-0.620155,-7.77716,838944591,1.0457,-0.760492,0.851239,1.05501,-0.766544,0.831665,1.06667,-0.747924,0.831665,1.05726,-0.742034,0.851239,1.21201,-0.868713,0.967656,1.22273,-0.875683,0.945111,1.23624,-0.854102,0.945111,1.22541,-0.847318,0.967656
0.818775,0.610331,-0.602989,-0.928045,838944592,1.05749,-0.741673,0.851239,1.06689,-0.747563,0.831665,1.07855,-0.728943,0.831665,1.06904,-0.723215,0.851239,1.22563,-0.846957,0.967656,1.23647,-0.853741,0.945111,1.24998,-0.83216,0.945111,1.23903,-0.825562,0.967656
0.196484,0.609865,-0.58564,9.44301,838944593,1.07128,-0.72393,0.851239,1.08079,-0.729653,0.831665,1.09179,-0.710637,0.831665,1.08219,-0.705079,0.851239,1.24127,-0.826275,0.967656,1.25223,-0.832867,0.945111,1.26498,-0.810827,0.945111,1.25391,-0.804426,0.967656
-0.0070781,0.610356,-0.568473,-4.12332,838944594,1.0824,-0.70471,0.851239,1.09201,-0.710268,0.831665,1.10301,-0.691252,0.831665,1.09331,-0.68586,0.851239,1.25412,-0.804057,0.967656,1.26519,-0.810459,0.945111,1.27794,-0.788418,0.945111,1.26677,-0.782207,0.967656
0.243649,0.609894,-0.551123,0.69609,838944595,1.09557,-0.686496,0.851239,1.10527,-0.691883,0.831665,1.11561,-0.672495,0.831665,1.10581,-0.667276,0.851239,1.26903,-0.782842,0.967656,1.28021,-0.789047,0.945111,1.29218,-0.766575,0.945111,1.2809,-0.760564,0.967656
0.661494,0.61039,-0.533956,-0.525437,838944596,1.10601,-0.6669,0.851239,1.11581,-0.672119,0.831665,1.12614,-0.65273,0.831665,1.11625,-0.64768,0.851239,1.2811,-0.760188,0.967656,1.29238,-0.766199,0.94511,1.30435,-0.743727,0.94511,1.29297,-0.73791,0.967656
0.25757,0.609911,-0.512693,-0.515262,838944597,1.12107,-0.64384,0.851239,1.13096,-0.648888,0.831665,1.14061,-0.629153,0.831665,1.13064,-0.624277,0.851239,1.29777,-0.734116,0.967656,1.30916,-0.73993,0.945111,1.32034,-0.717057,0.945111,1.30886,-0.71144,0.967656
0.022686,0.610372,-0.495522,-5.0058,838944598,1.13083,-0.623894,0.851239,1.1408,-0.62877,0.831665,1.15045,-0.609036,0.831665,1.1404,-0.604331,0.851239,1.30905,-0.711058,0.967656,1.32053,-0.716674,0.945111,1.33172,-0.6938,0.945111,1.32014,-0.688382,0.967656
0.0708079,0.609878,-0.478175,-4.24189,838944599,1.1427,-0.604808,0.851239,1.15276,-0.609507,0.831665,1.16171,-0.589447,0.831665,1.15158,-0.584922,0.851239,1.32244,-0.688857,0.967656,1.33402,-0.69427,0.945111,1.3444,-0.67102,0.945111,1.33273,-0.665808,0.967656
0.115406,0.609852,-0.443659,14.0688,838944601,1.16295,-0.565044,0.851239,1.17316,-0.569389,0.831665,1.18141,-0.549028,0.831665,1.17113,-0.54486,0.851239,1.34551,-0.642765,0.967656,1.35728,-0.647769,0.945111,1.36684,-0.624171,0.945111,1.35499,-0.61937,0.967656
-0.598199,0.610321,-0.426491,-4.80894,838944602,1.17129,-0.544465,0.851239,1.18157,-0.548634,0.831665,1.18982,-0.528273,0.831665,1.17947,-0.524282,0.851239,1.35515,-0.618975,0.967656,1.367,-0.623776,0.945111,1.37657,-0.600177,0.945111,1.36463,-0.59558,0.967656
0.381888,0.626947,1.78879,-48.457,838944881,-0.268743,1.26479,0.877931,-0.271681,1.27586,0.858414,-0.292829,1.26982,0.858414,-0.289682,1.25881,0.877931,-0.319605,1.45485,0.997136,-0.322966,1.46752,0.974811,-0.347329,1.46056,0.974811,-0.34373,1.44796,0.997136
0.182548,0.627521,-1.23208,4.89725,838945068,0.418579,-1.2218,0.877931,0.42286,-1.23243,0.858414,0.44326,-1.2242,0.858414,0.438778,-1.21366,0.877931,0.492117,-1.40427,0.997136,0.497014,-1.41642,0.974811,0.520515,-1.40695,0.974811,0.515389,-1.39489,0.997136
-0.0104169,0.627521,-0.88301,-3.76912,838945088,0.811218,-1.00496,0.877931,0.818873,-1.01347,0.858414,0.83523,-0.998772,0.858414,0.827414,-0.9904,0.877931,0.942727,-1.15127,0.997136,0.951484,-1.16101,0.974811,0.970328,-1.14407,0.974812,0.961387,-1.13449,0.997136
-0.000866196,0.627031,-0.861757,-4.05906,838945089,0.833258,-0.988442,0.877931,0.841048,-0.996839,0.858414,0.856886,-0.981578,0.858414,0.84894,-0.973331,0.877931,0.967374,-1.1324,0.997136,0.976285,-1.14201,0.974811,0.994531,-1.12443,0.974811,0.985442,-1.11499,0.997136
0.627493,0.627502,-0.844577,-0.730958,838945090,0.849248,-0.973034,0.877931,0.857194,-0.981281,0.858414,0.873032,-0.96602,0.858414,0.86493,-0.957923,0.877931,0.98575,-1.1147,0.997136,0.994839,-1.12413,0.974811,1.01309,-1.10655,0.974811,1.00382,-1.09729,0.997136
0.0897712,0.626997,-0.827239,12.6288,838945091,0.866929,-0.95916,0.877931,0.875008,-0.967279,0.858414,0.890303,-0.951474,0.858414,0.882074,-0.943511,0.877931,1.00599,-1.09835,0.997136,1.01523,-1.10764,0.974811,1.03285,-1.08943,0.974811,1.02344,-1.08032,0.997136
0.273267,0.627472,-0.81006,-1.21831,838945092,0.882371,-0.943203,0.877931,0.890601,-0.951167,0.858414,0.905896,-0.935362,0.858414,0.897516,-0.927554,0.877931,1.02374,-1.08001,0.997136,1.03315,-1.08912,0.974811,1.05077,-1.07091,0.974812,1.04119,-1.06198,0.997136
-0.143236,0.626971,-0.792723,-3.50038,838945093,0.899557,-0.92872,0.877931,0.907914,-0.936552,0.858414,0.922648,-0.920222,0.858414,0.914146,-0.912551,0.877931,1.0434,-1.06297,0.997136,1.05296,-1.07192,0.974811,1.06993,-1.05311,0.974811,1.0602,-1.04434,0.997136
0.297753,0.62745,-0.775546,8.49279,838945094,0.914433,-0.912233,0.877931,0.922935,-0.919905,0.858414,0.937668,-0.903575,0.858414,0.929022,-0.896064,0.877931,1.06049,-1.04402,0.997136,1.07022,-1.05279,0.974812,1.08719,-1.03398,0.974811,1.0773,-1.02539,0.997136
0.0561434,0.626953,-0.758208,-2.7146,838945095,0.931102,-0.897159,0.877931,0.939727,-0.904694,0.858414,0.953882,-0.88786,0.858414,0.945117,-0.88049,0.877931,1.07954,-1.0263,0.997136,1.08941,-1.03492,0.974811,1.10571,-1.01553,0.974812,1.09569,-1.00709,0.997136
0.0495796,0.627436,-0.741032,-2.30334,838945096,0.945392,-0.880162,0.877931,0.954157,-0.887532,0.858414,0.968312,-0.870698,0.858414,0.959408,-0.863494,0.877931,1.09596,-1.00677,0.997136,1.10599,-1.0152,0.974811,1.1223,-0.995804,0.974811,1.11211,-0.987563,0.997136
0.221856,0.626943,-0.723694,-10.4031,838945097,0.961525,-0.864515,0.877931,0.970409,-0.871744,0.858414,0.983967,-0.854426,0.858414,0.97495,-0.847367,0.877931,1.11438,-0.988392,0.997136,1.12455,-0.996662,0.974811,1.14017,-0.976711,0.974811,1.12985,-0.968636,0.997136
0.69206,0.62743,-0.706518,-1.42631,838945098,0.975213,-0.84703,0.877931,0.98423,-0.854089,0.858414,0.997788,-0.836771,0.858414,0.988638,-0.829882,0.877931,1.13012,-0.968299,0.997136,1.14043,-0.976374,0.974811,1.15605,-0.956422,0.974811,1.14558,-0.948542,0.997136
0.00848219,0.626941,-0.689181,-3.23818,838945099,0.990789,-0.830828,0.877931,0.99992,-0.837743,0.858414,1.01286,-0.819962,0.858414,1.00361,-0.813222,0.877931,1.14788,-0.949291,0.997136,1.15833,-0.957201,0.974811,1.17324,-0.936717,0.974811,1.16265,-0.929007,0.997136
0.0573427,0.627432,-0.672005,-3.73743,838945100,1.00386,-0.812876,0.877931,1.01312,-0.819616,0.858414,1.02606,-0.801835,0.858414,1.01668,-0.79527,0.877931,1.1629,-0.928661,0.997136,1.17349,-0.936371,0.974811,1.1884,-0.915886,0.974811,1.17767,-0.908376,0.997136
0.0429352,0.626947,-0.654667,-2.86775,838945101,1.01886,-0.79614,0.877931,1.02823,-0.802732,0.858414,1.04054,-0.78451,0.858414,1.03105,-0.778097,0.877931,1.17999,-0.909045,0.997136,1.19071,-0.916585,0.974811,1.2049,-0.895592,0.974811,1.19404,-0.888257,0.997136
0.000382813,0.627442,-0.637492,-4.37776,838945102,1.03129,-0.777743,0.877931,1.04078,-0.784155,0.858414,1.0531,-0.765933,0.858414,1.04349,-0.759699,0.877931,1.19428,-0.887902,0.997136,1.20514,-0.895237,0.974811,1.21933,-0.874244,0.974812,1.20833,-0.867114,0.997136
0.034088,0.626962,-0.620153,-4.03444,838945103,1.0457,-0.760493,0.877931,1.05529,-0.766754,0.858414,1.06696,-0.748112,0.858414,1.05726,-0.742035,0.877931,1.21068,-0.867701,0.997136,1.22165,-0.874862,0.974811,1.2351,-0.853387,0.974811,1.224,-0.846435,0.997136
0.088216,0.62746,-0.602977,-3.62032,838945104,1.05749,-0.741672,0.877931,1.06719,-0.74775,0.858414,1.07886,-0.729108,0.858414,1.06904,-0.723214,0.877931,1.22422,-0.846072,0.997136,1.23533,-0.853024,0.974811,1.24877,-0.831548,0.974811,1.23754,-0.824806,0.997136
0.0790601,0.626984,-0.585637,-4.68496,838945105,1.07128,-0.72393,0.877931,1.08109,-0.729852,0.858414,1.0921,-0.710814,0.858414,1.08219,-0.70508,0.877931,1.2399,-0.825311,0.997136,1.25112,-0.832084,0.974811,1.26381,-0.810152,0.974811,1.25247,-0.803593,0.997136
0.0323861,0.627486,-0.568461,-4.24787,838945106,1.0824,-0.704709,0.877931,1.09231,-0.710444,0.858414,1.10333,-0.691406,0.858414,1.09331,-0.685859,0.877931,1.25268,-0.803222,0.997136,1.26402,-0.809782,0.974811,1.27671,-0.78785,0.974811,1.26525,-0.781504,0.997136
0.356208,0.627014,-0.55112,2.45246,838945107,1.09557,-0.686496,0.877931,1.10557,-0.692072,0.858414,1.11592,-0.672661,0.858414,1.10581,-0.667277,0.877931,1.26763,-0.781926,0.997136,1.27907,-0.788303,0.974811,1.29099,-0.765941,0.974811,1.27943,-0.759782,0.997136
1.71276,0.627521,-0.533944,2.10955,838945108,1.10601,-0.666899,0.877931,1.11612,-0.672284,0.858414,1.12646,-0.652873,0.858414,1.11625,-0.647679,0.877931,1.27963,-0.759404,0.997136,1.29119,-0.765564,0.974812,1.3031,-0.743202,0.974812,1.29143,-0.737261,0.997137
1.75968,0.627031,-0.512691,-0.0223393,838945109,1.12107,-0.643841,0.877931,1.13127,-0.649066,0.858414,1.14093,-0.629309,0.858414,1.13064,-0.624278,0.877931,1.29634,-0.733249,0.997136,1.308,-0.739226,0.974811,1.31913,-0.716464,0.974812,1.30736,-0.710709,0.997136
0.406465,0.627502,-0.495511,0.407473,838945110,1.13083,-0.623893,0.877931,1.14112,-0.628924,0.858414,1.15078,-0.609167,0.858414,1.1404,-0.60433,0.877931,1.30755,-0.710325,0.997136,1.31932,-0.71608,0.974811,1.33045,-0.693318,0.974811,1.31857,-0.687785,0.997136
-0.000432187,0.626997,-0.478173,-3.66184,838945111,1.1427,-0.604809,0.877931,1.15307,-0.609675,0.858414,1.16203,-0.589592,0.858414,1.15158,-0.584923,0.877931,1.32098,-0.68804,0.997136,1.33284,-0.693607,0.974812,1.34317,-0.67047,0.974812,1.33121,-0.66513,0.997136
-0.000641038,0.627472,-0.460995,-4.38376,838945112,1.15175,-0.584532,0.877931,1.16221,-0.589201,0.858414,1.17118,-0.569118,0.858414,1.16063,-0.564647,0.877931,1.33138,-0.664739,0.997136,1.34335,-0.67008,0.974812,1.35368,-0.646943,0.974811,1.34161,-0.641828,0.997136
0.224996,0.644637,2.57314,48.0535,838945438,-1.0824,0.704709,0.904837,-1.09255,0.710581,0.885485,-1.10356,0.691544,0.885485,-1.09331,0.685859,0.904837,-1.25121,0.802369,1.02681,-1.26282,0.809086,1.00467,-1.27551,0.787154,1.00467,-1.26377,0.780651,1.02681
0.00488364,0.644672,-0.883005,-0.69879,838945600,0.811218,-1.00496,0.904837,0.819056,-1.01368,0.885485,0.835414,-0.998976,0.885485,0.827414,-0.9904,0.904837,0.941588,-1.15,1.02681,0.950555,-1.15997,1.00467,0.969399,-1.14304,1.00467,0.960249,-1.13323,1.02681
0.232138,0.644172,-0.861751,9.93688,838945601,0.833258,-0.988442,0.904837,0.841238,-0.997036,0.885485,0.857076,-0.981775,0.885485,0.84894,-0.973331,0.904837,0.966193,-1.13118,1.02681,0.975322,-1.14101,1.00467,0.993567,-1.12342,1.00467,0.98426,-1.11377,1.02681
0.381755,0.644653,-0.844573,0.342494,838945602,0.849248,-0.973034,0.904837,0.857384,-0.981478,0.885485,0.873222,-0.966217,0.885484,0.86493,-0.957923,0.904837,0.984568,-1.11347,1.02681,0.993876,-1.12313,1.00467,1.01212,-1.10555,1.00467,1.00264,-1.09606,1.02681
0.0035291,0.644138,-0.827233,-2.82094,838945603,0.866929,-0.95916,0.904837,0.875205,-0.96747,0.885485,0.8905,-0.951665,0.885484,0.882074,-0.943511,0.904837,1.00477,-1.09716,1.02681,1.01423,-1.10667,1.00467,1.03186,-1.08846,1.00467,1.02222,-1.07913,1.02681
-0.0203817,0.644622,-0.810056,-2.72396,838945604,0.882371,-0.943203,0.904837,0.890798,-0.951358,0.885485,0.906093,-0.935553,0.885485,0.897516,-0.927554,0.904837,1.02251,-1.07883,1.02681,1.03215,-1.08815,1.00467,1.04977,-1.06995,1.00467,1.03996,-1.0608,1.02681
0.23725,0.644111,-0.792717,48.9699,838945605,0.899557,-0.92872,0.904837,0.908118,-0.936736,0.885485,0.922852,-0.920406,0.885485,0.914146,-0.912551,0.904837,1.04213,-1.06183,1.02681,1.05192,-1.07099,1.00467,1.0689,-1.05218,1.00467,1.05894,-1.0432,1.02681
0.111556,0.644599,-0.775541,25.7219,838945606,0.914433,-0.912233,0.904837,0.923138,-0.920089,0.885485,0.937872,-0.903759,0.885485,0.929022,-0.896064,0.904837,1.05923,-1.04288,1.02681,1.06918,-1.05186,1.00467,1.08616,-1.03305,1.00467,1.07603,-1.02425,1.02681
0.0938994,0.644093,-0.758202,6.81555,838945607,0.931102,-0.897159,0.904837,0.939937,-0.90487,0.885485,0.954092,-0.888036,0.885485,0.945117,-0.88049,0.904837,1.07824,-1.0252,1.02681,1.08835,-1.03402,1.00467,1.10465,-1.01463,1.00467,1.09439,-1.006,1.02681
0.0723895,0.644585,-0.741027,-1.16205,838945608,0.945393,-0.880162,0.904837,0.954367,-0.887709,0.885485,0.968522,-0.870875,0.885485,0.959408,-0.863494,0.904837,1.09466,-1.00567,1.02681,1.10493,-1.0143,1.00467,1.12123,-0.99491,1.00467,1.11081,-0.986467,1.02681
0.189232,0.644082,-0.723688,15.6387,838945609,0.961525,-0.864515,0.904837,0.970625,-0.871913,0.885485,0.984183,-0.854595,0.885485,0.97495,-0.847367,0.904837,1.11304,-0.987342,1.02681,1.12345,-0.995806,1.00467,1.13907,-0.975854,1.00467,1.12851,-0.967586,1.02681
0.10515,0.644579,-0.706514,84.6826,838945610,0.975213,-0.84703,0.904837,0.984446,-0.854258,0.885485,0.998004,-0.83694,0.885484,0.988638,-0.829882,0.904837,1.12877,-0.967249,1.02681,1.13934,-0.975517,1.00467,1.15496,-0.955566,1.00467,1.14424,-0.947492,1.02681
0.0383265,0.64408,-0.689174,-3.59664,838945611,0.99079,-0.830828,0.904837,1.00014,-0.837905,0.885485,1.01309,-0.820124,0.885485,1.00361,-0.813222,0.904837,1.14651,-0.948289,1.02681,1.1572,-0.956384,1.00467,1.17212,-0.935899,1.00467,1.16127,-0.928005,1.02681
0.114969,0.644581,-0.672001,-2.72033,838945612,1.00386,-0.812876,0.904837,1.01334,-0.819778,0.885485,1.02628,-0.801996,0.885484,1.01668,-0.79527,0.904837,1.16152,-0.927659,1.02681,1.17237,-0.935553,1.00467,1.18728,-0.915069,1.00467,1.17629,-0.907374,1.02681
0.127545,0.644087,-0.654661,-14.3645,838945613,1.01886,-0.79614,0.904837,1.02845,-0.802886,0.885485,1.04077,-0.784663,0.885485,1.03105,-0.778097,0.904837,1.17858,-0.908091,1.02681,1.18956,-0.915807,1.00467,1.20375,-0.894814,1.00467,1.19263,-0.887303,1.02681
0.118025,0.644592,-0.637487,-15.2711,838945614,1.03129,-0.777743,0.904837,1.04101,-0.784309,0.885485,1.05333,-0.766086,0.885485,1.04349,-0.759699,0.904837,1.19287,-0.886948,1.02681,1.20399,-0.89446,1.00467,1.21817,-0.873467,1.00467,1.20692,-0.866161,1.02681
0.117017,0.644101,-0.620146,30.9254,838945615,1.0457,-0.760493,0.904837,1.05553,-0.766899,0.885485,1.0672,-0.748258,0.885485,1.05726,-0.742035,0.904837,1.20924,-0.866797,1.02681,1.22047,-0.874125,1.00467,1.23392,-0.852649,1.00467,1.22255,-0.845531,1.02681
-0.0162986,0.64461,-0.602973,-2.67701,838945616,1.05749,-0.741672,0.904837,1.06742,-0.747895,0.885485,1.0791,-0.729254,0.885485,1.06904,-0.723214,0.904837,1.22278,-0.845168,1.02681,1.23415,-0.852287,1.00467,1.24759,-0.830811,1.00467,1.23609,-0.823902,1.02681
0.249856,0.644124,-0.585631,-6.11563,838945617,1.07128,-0.72393,0.904837,1.08132,-0.729989,0.885484,1.09234,-0.710952,0.885485,1.08219,-0.70508,0.904837,1.23843,-0.824458,1.02681,1.24992,-0.831389,1.00467,1.26261,-0.809457,1.00467,1.25099,-0.80274,1.02681
0.132214,0.644637,-0.568457,-6.41099,838945618,1.0824,-0.704709,0.904837,1.09255,-0.710581,0.885485,1.10356,-0.691544,0.885485,1.09331,-0.685859,0.904837,1.25121,-0.802369,1.02681,1.26282,-0.809086,1.00467,1.27551,-0.787154,1.00467,1.26377,-0.780651,1.02681
-0.0247642,0.644155,-0.551114,-3.42057,838945619,1.09557,-0.686496,0.904837,1.10582,-0.692201,0.885485,1.11616,-0.67279,0.885485,1.10581,-0.667277,0.904837,1.26613,-0.781125,1.02681,1.27785,-0.78765,1.00467,1.28976,-0.765288,1.00467,1.27793,-0.758981,1.02681
0.210509,0.644672,-0.533939,2.10981,838945620,1.10601,-0.666899,0.904837,1.11636,-0.672413,0.885485,1.1267,-0.653002,0.885485,1.11625,-0.647679,0.904837,1.27813,-0.758603,1.02681,1.28996,-0.764911,1.00467,1.30188,-0.742549,1.00467,1.28992,-0.73646,1.02681
1.58714,0.644172,-0.512685,-0.671114,838945621,1.12107,-0.643841,0.904837,1.13151,-0.649187,0.885485,1.14118,-0.629429,0.885485,1.13064,-0.624278,0.904837,1.29481,-0.7325,1.02681,1.30675,-0.738616,1.00467,1.31788,-0.715854,1.00467,1.30583,-0.709961,1.02681
0.286211,0.644653,-0.495507,-2.32209,838945622,1.13083,-0.623893,0.904837,1.14136,-0.629045,0.885485,1.15103,-0.609287,0.885485,1.1404,-0.60433,0.904837,1.30602,-0.709576,1.02681,1.31807,-0.71547,1.00467,1.3292,-0.692708,1.00467,1.31704,-0.687037,1.02681
0.152736,0.644137,-0.478167,-23.1924,838945623,1.1427,-0.604809,0.904837,1.15332,-0.609787,0.885485,1.16229,-0.589704,0.885485,1.15158,-0.584923,0.904837,1.31942,-0.687346,1.02681,1.33157,-0.69304,1.00467,1.3419,-0.669904,1.00467,1.32965,-0.664435,1.02681
0.072368,0.644622,-0.46099,-2.48517,838945624,1.15175,-0.584532,0.904837,1.16246,-0.589313,0.885485,1.17143,-0.56923,0.885485,1.16063,-0.564647,0.904837,1.32983,-0.664044,1.02681,1.34208,-0.669513,1.00467,1.35241,-0.646377,1.00467,1.34006,-0.641134,1.02681
0.190801,0.661293,-1.21081,-18.4696,838946093,0.444939,-1.21382,0.931978,0.449609,-1.22488,0.912793,0.469712,-1.21595,0.912793,0.464844,-1.20499,0.931978,0.520332,-1.39182,1.05669,0.525675,-1.40447,1.03475,0.548834,-1.39419,1.03475,0.543265,-1.38164,1.05669
0.149202,0.661721,-0.986548,2.39945,838946106,0.703096,-1.08356,0.931978,0.710139,-1.09328,0.912793,0.727945,-1.08036,0.912793,0.720727,-1.07078,0.931978,0.816557,-1.24004,1.05669,0.824614,-1.25115,1.03475,0.845126,-1.23627,1.03475,0.83687,-1.22531,1.05669
0.0986322,0.661221,-0.969206,-12.4053,838946107,0.722534,-1.07228,0.931978,0.729742,-1.08188,0.912793,0.747085,-1.06835,0.912793,0.739707,-1.05889,0.931978,0.838778,-1.22673,1.05669,0.847023,-1.23771,1.03475,0.867004,-1.22213,1.03475,0.858564,-1.2113,1.05669
0.185387,0.66174,-0.952034,6.56202,838946108,0.740045,-1.05863,0.931978,0.747423,-1.06809,0.912793,0.764767,-1.05456,0.912793,0.757218,-1.04523,0.931978,0.858901,-1.21104,1.05669,0.867341,-1.22186,1.03475,0.887322,-1.20628,1.03475,0.878687,-1.19561,1.05669
0.109797,0.661244,-0.93469,22.6429,838946109,0.759077,-1.04667,0.931978,0.766615,-1.05601,0.912793,0.783476,-1.04189,0.912793,0.775772,-1.03269,0.931978,0.880644,-1.19697,1.05669,0.889267,-1.20765,1.03475,0.908692,-1.19138,1.03475,0.899879,-1.18086,1.05669
0.124288,0.661767,-0.917518,20.7086,838946110,0.7761,-1.03241,0.931978,0.783804,-1.04161,0.912793,0.800665,-1.02749,0.912793,0.792795,-1.01843,0.931978,0.900207,-1.18058,1.05669,0.90902,-1.19111,1.03475,0.928444,-1.17484,1.03475,0.919442,-1.16447,1.05669
0.00624467,0.661803,-0.883,-4.0568,838946112,0.811218,-1.00496,0.931978,0.819238,-1.01388,0.912793,0.835595,-0.999178,0.912793,0.827414,-0.9904,0.931978,0.940424,-1.1487,1.05669,0.949599,-1.15891,1.03475,0.968443,-1.14197,1.03475,0.959084,-1.13193,1.05669
-0.00821774,0.661293,-0.861745,-3.39606,838946113,0.833258,-0.988442,0.931978,0.841427,-0.997232,0.912793,0.857265,-0.981971,0.912793,0.84894,-0.973331,0.931978,0.964984,-1.12992,1.05669,0.974329,-1.13998,1.03475,0.992575,-1.12239,1.03475,0.983052,-1.11251,1.05669
0.0150277,0.661784,-0.844568,-3.4375,838946114,0.849248,-0.973034,0.931978,0.857573,-0.981674,0.912793,0.873411,-0.966413,0.912793,0.86493,-0.957923,0.931978,0.98336,-1.11221,1.05669,0.992883,-1.1221,1.03475,1.01113,-1.10452,1.03475,1.00143,-1.09481,1.05669
-0.0137178,0.661258,-0.827227,-2.43911,838946115,0.866929,-0.95916,0.931978,0.8754,-0.967659,0.912793,0.890696,-0.951854,0.912793,0.882074,-0.943511,0.931978,1.00352,-1.09595,1.05669,1.01321,-1.10567,1.03475,1.03083,-1.08747,1.03475,1.02096,-1.07792,1.05669
0.165462,0.661752,-0.810052,-13.3113,838946116,0.882372,-0.943203,0.931978,0.890993,-0.951547,0.912793,0.906288,-0.935742,0.912793,0.897516,-0.927554,0.931978,1.02126,-1.07761,1.05669,1.03112,-1.08716,1.03475,1.04875,-1.06895,1.03475,1.03871,-1.05958,1.05669
0.00622058,0.661231,-0.79271,-4.12592,838946117,0.899557,-0.92872,0.931978,0.90832,-0.936918,0.912793,0.923054,-0.920588,0.912793,0.914146,-0.912551,0.931978,1.04084,-1.06066,1.05669,1.05086,-1.07004,1.03475,1.06784,-1.05122,1.03475,1.05765,-1.04203,1.05669
0.0292686,0.661729,-0.775537,-2.8001,838946118,0.914433,-0.912233,0.931978,0.92334,-0.920271,0.912793,0.938074,-0.903941,0.912793,0.929022,-0.896064,0.931978,1.05793,-1.04171,1.05669,1.06812,-1.05091,1.03475,1.0851,-1.03209,1.03475,1.07474,-1.02308,1.05669
-0.0282721,0.661212,-0.758196,-2.87206,838946119,0.931102,-0.897159,0.931978,0.940146,-0.905045,0.912793,0.9543,-0.888211,0.912793,0.945117,-0.88049,0.931978,1.0769,-1.02408,1.05669,1.08725,-1.0331,1.03475,1.10356,-1.01371,1.03475,1.09305,-1.00488,1.05669
-0.0345981,0.661715,-0.741023,-1.96106,838946120,0.945392,-0.880162,0.931978,0.954576,-0.887884,0.912793,0.96873,-0.87105,0.912793,0.959408,-0.863494,0.931978,1.09333,-1.00455,1.05669,1.10383,-1.01338,1.03475,1.12014,-0.993989,1.03475,1.10948,-0.985346,1.05669
0.31387,0.661202,-0.723682,7.96084,838946121,0.961525,-0.864515,0.931978,0.970839,-0.872081,0.912793,0.984397,-0.854763,0.912793,0.97495,-0.847367,0.931978,1.11167,-0.986269,1.05669,1.12233,-0.994924,1.03475,1.13795,-0.974973,1.03475,1.12714,-0.966512,1.05669
1.32984,0.661708,-0.706509,0.11896,838946122,0.975213,-0.84703,0.931978,0.984661,-0.854426,0.912793,0.998219,-0.837108,0.912793,0.988638,-0.829882,0.931978,1.1274,-0.966175,1.05669,1.13821,-0.974636,1.03475,1.15383,-0.954684,1.03475,1.14287,-0.946419,1.05669
0.684135,0.6612,-0.689168,2.36493,838946123,0.990789,-0.830828,0.931978,1.00036,-0.838065,0.912793,1.01331,-0.820284,0.912793,1.00361,-0.813222,0.931978,1.1451,-0.947264,1.05669,1.15605,-0.955542,1.03475,1.17096,-0.935057,1.03475,1.15986,-0.926979,1.05669
0.819477,0.661711,-0.671996,0.515826,838946124,1.00386,-0.812876,0.931978,1.01356,-0.819938,0.912793,1.0265,-0.802157,0.912793,1.01668,-0.79527,0.931978,1.16012,-0.926633,1.05669,1.17121,-0.934711,1.03475,1.18613,-0.914227,1.03475,1.17488,-0.906349,1.05669
1.77581,0.661206,-0.654654,-0.305464,838946125,1.01886,-0.79614,0.931978,1.02868,-0.803038,0.912793,1.041,-0.784816,0.912793,1.03105,-0.778097,0.931978,1.17714,-0.907116,1.05669,1.18837,-0.915006,1.03475,1.20256,-0.894013,1.03475,1.19119,-0.886328,1.05669
1.11,0.661721,-0.637483,2.72853,838946126,1.03129,-0.777743,0.931978,1.04123,-0.784461,0.912793,1.05355,-0.766239,0.912793,1.04349,-0.759699,0.931978,1.19143,-0.885973,1.05669,1.2028,-0.893658,1.03475,1.21699,-0.872665,1.03475,1.20548,-0.865185,1.05669
0.0984896,0.661221,-0.62014,-8.10007,838946127,1.0457,-0.760493,0.931978,1.05576,-0.767044,0.912793,1.06743,-0.748402,0.912793,1.05726,-0.742035,0.931978,1.20776,-0.865873,1.05669,1.21926,-0.873366,1.03475,1.23271,-0.85189,1.03475,1.22108,-0.844607,1.05669
0.0563073,0.66174,-0.602968,25.1115,838946128,1.05749,-0.741672,0.931978,1.06765,-0.74804,0.912793,1.07933,-0.729398,0.912793,1.06904,-0.723214,0.931978,1.2213,-0.844244,1.05669,1.23294,-0.851528,1.03475,1.24638,-0.830052,1.03475,1.23462,-0.822978,1.05669
-0.0230576,0.661276,-0.551107,-3.18037,838946131,1.09557,-0.686496,0.931978,1.10606,-0.692329,0.912793,1.1164,-0.672918,0.912793,1.10581,-0.667277,0.931978,1.26459,-0.780306,1.05669,1.27659,-0.786978,1.03475,1.2885,-0.764616,1.03475,1.27639,-0.758162,1.05669
-0.111416,0.661803,-0.533934,-3.70327,838946132,1.10601,-0.666899,0.931978,1.1166,-0.672541,0.912793,1.12694,-0.65313,0.912793,1.11625,-0.647679,0.931978,1.27659,-0.757784,1.05669,1.2887,-0.764238,1.03475,1.30062,-0.741876,1.03475,1.28839,-0.735641,1.05669
0.134724,0.661293,-0.512679,11.7917,838946133,1.12107,-0.643841,0.931978,1.13176,-0.649307,0.912793,1.14142,-0.629549,0.912793,1.13064,-0.624278,0.931978,1.29324,-0.731735,1.05669,1.30546,-0.737987,1.03475,1.3166,-0.715226,1.03475,1.30427,-0.709196,1.05669
0.51844,0.661783,-0.495503,1.64355,838946134,1.13083,-0.623893,0.931978,1.14161,-0.629165,0.912793,1.15127,-0.609407,0.912793,1.1404,-0.60433,0.931978,1.30446,-0.708811,1.05669,1.31678,-0.714841,1.03475,1.32792,-0.69208,1.03475,1.31548,-0.686272,1.05669
1.2422,0.661258,-0.478161,-1.60826,838946135,1.1427,-0.604809,0.931978,1.15357,-0.609898,0.912793,1.16253,-0.589815,0.912793,1.15158,-0.584923,0.931978,1.31783,-0.686636,1.05669,1.33027,-0.692457,1.03475,1.3406,-0.669321,1.03475,1.32806,-0.663725,1.05669
0.0845739,0.661752,-0.460986,18.9243,838946136,1.15175,-0.584532,0.931978,1.16271,-0.589424,0.912793,1.17168,-0.569341,0.912793,1.16063,-0.564647,0.931978,1.32824,-0.663334,1.05669,1.34077,-0.66893,1.03475,1.3511,-0.645794,1.03475,1.33847,-0.640424,1.05669
0.248163,0.678301,-1.03823,9.18631,838946615,0.646878,-1.11959,0.959363,0.653549,-1.12989,0.940349,0.671794,-1.11761,0.940349,0.664944,-1.10743,0.959363,0.751062,-1.28031,1.08679,0.758693,-1.29209,1.06504,0.779713,-1.27794,1.06504,0.771876,-1.2663,1.08679
0.260385,0.678322,-0.969199,7.69301,838946619,0.722534,-1.07228,0.959363,0.729907,-1.08209,0.940349,0.747251,-1.06856,0.940349,0.739707,-1.05889,0.959363,0.837683,-1.22533,1.08679,0.846118,-1.23655,1.06504,0.866098,-1.22097,1.06504,0.857469,-1.2099,1.08679
0.830933,0.678852,-0.952029,-0.188351,838946620,0.740045,-1.05863,0.959363,0.747589,-1.0683,0.940349,0.764932,-1.05477,0.940349,0.757218,-1.04523,0.959363,0.857806,-1.20964,1.08679,0.866436,-1.2207,1.06504,0.886417,-1.20512,1.06504,0.877592,-1.19421,1.08679
0.156417,0.678346,-0.934684,-55.5615,838946621,0.759077,-1.04667,0.959363,0.766788,-1.05622,0.940349,0.783649,-1.04209,0.940349,0.775772,-1.03269,0.959363,0.879501,-1.1956,1.08679,0.888322,-1.20652,1.06504,0.907747,-1.19025,1.06504,0.898736,-1.17949,1.08679
0.132218,0.678879,-0.917513,14.2178,838946622,0.7761,-1.03241,0.959363,0.783977,-1.04182,0.940349,0.800838,-1.0277,0.940349,0.792795,-1.01843,0.959363,0.899064,-1.17922,1.08679,0.908075,-1.18998,1.06504,0.927499,-1.17371,1.06504,0.918299,-1.16311,1.08679
-0.0725252,0.678396,-0.861739,-3.40528,838946625,0.833258,-0.988442,0.959363,0.841614,-0.997426,0.940349,0.857452,-0.982165,0.940349,0.84894,-0.973331,0.959363,0.963748,-1.12864,1.08679,0.973308,-1.13892,1.06504,0.991553,-1.12133,1.06504,0.981816,-1.11123,1.08679
0.076993,0.678896,-0.844564,-9.5297,838946626,0.849248,-0.973034,0.959363,0.85776,-0.981868,0.940349,0.873598,-0.966607,0.940349,0.86493,-0.957923,0.959363,0.982124,-1.11093,1.08679,0.991862,-1.12104,1.06504,1.01011,-1.10346,1.06504,1.00019,-1.09352,1.08679
0.0959201,0.678864,-0.810048,20.8018,838946628,0.882371,-0.943203,0.959363,0.891187,-0.951734,0.940349,0.906482,-0.93593,0.940349,0.897516,-0.927554,0.959363,1.01998,-1.07638,1.08679,1.03007,-1.08614,1.06504,1.04769,-1.06793,1.06504,1.03743,-1.05835,1.08679
-0.0420316,0.678333,-0.792704,-1.60053,838946629,0.899557,-0.92872,0.959363,0.90852,-0.937099,0.940349,0.923254,-0.920769,0.940349,0.914146,-0.912551,0.959363,1.03952,-1.05947,1.08679,1.04977,-1.06905,1.06504,1.06674,-1.05024,1.06504,1.05632,-1.04084,1.08679
0.661691,0.67884,-0.775532,-2.04175,838946630,0.914433,-0.912233,0.959363,0.923541,-0.920451,0.940349,0.938275,-0.904122,0.940349,0.929022,-0.896064,0.959363,1.05661,-1.04052,1.08679,1.06703,-1.04992,1.06504,1.084,-1.03111,1.06504,1.07342,-1.02189,1.08679
0.0222867,0.678313,-0.758189,-2.93819,838946631,0.931102,-0.897159,0.959363,0.940352,-0.905219,0.940349,0.954507,-0.888385,0.940349,0.945117,-0.88049,0.959363,1.07554,-1.02294,1.08679,1.08612,-1.03216,1.06504,1.10243,-1.01276,1.06504,1.09169,-1.00373,1.08679
0.0665925,0.678826,-0.741018,-9.48016,838946632,0.945393,-0.880162,0.959363,0.954782,-0.888057,0.940349,0.968937,-0.871223,0.940349,0.959408,-0.863494,0.959363,1.09196,-1.0034,1.08679,1.10271,-1.01244,1.06504,1.11901,-0.993042,1.06504,1.10811,-0.9842,1.08679
-0.00573123,0.678303,-0.723675,-2.45194,838946633,0.961525,-0.864515,0.959363,0.971051,-0.872247,0.940349,0.984609,-0.854929,0.940349,0.97495,-0.847367,0.959363,1.11027,-0.985171,1.08679,1.12117,-0.994016,1.06504,1.13679,-0.974065,1.06504,1.12574,-0.965415,1.08679
0.0826043,0.678819,-0.706505,17.2879,838946634,0.975213,-0.84703,0.959363,0.984873,-0.854592,0.940349,0.998431,-0.837274,0.940349,0.988638,-0.829882,0.959363,1.126,-0.965078,1.08679,1.13705,-0.973728,1.06504,1.15267,-0.953777,1.06504,1.14147,-0.945321,1.08679
0.0436133,0.678301,-0.689162,-35.083,838946635,0.99079,-0.830828,0.959363,1.00058,-0.838223,0.940349,1.01353,-0.820442,0.940349,1.00361,-0.813222,0.959363,1.14366,-0.946216,1.08679,1.15486,-0.954675,1.06504,1.16977,-0.934191,1.06504,1.15843,-0.925931,1.08679
0.142708,0.678822,-0.671992,0.77238,838946636,1.00386,-0.812876,0.959363,1.01378,-0.820096,0.940349,1.02672,-0.802315,0.940349,1.01668,-0.79527,0.959363,1.15868,-0.925585,1.08679,1.17002,-0.933845,1.06504,1.18494,-0.91336,1.06504,1.17344,-0.905301,1.08679
0.147921,0.678307,-0.654648,2.80627,838946637,1.01886,-0.79614,0.959363,1.0289,-0.803189,0.940349,1.04122,-0.784967,0.940349,1.03105,-0.778097,0.959363,1.17566,-0.906119,1.08679,1.18715,-0.914182,1.06504,1.20134,-0.893189,1.06504,1.18971,-0.885331,1.08679
0.373361,0.678832,-0.637478,-5.77831,838946638,1.03129,-0.777743,0.959363,1.04146,-0.784612,0.940349,1.05377,-0.76639,0.940349,1.04349,-0.759699,0.959363,1.18995,-0.884976,1.08679,1.20158,-0.892834,1.06504,1.21577,-0.871841,1.06504,1.204,-0.864188,1.08679
0.154747,0.678322,-0.620134,-12.0262,838946639,1.0457,-0.760493,0.959363,1.05598,-0.767187,0.940349,1.06766,-0.748546,0.940349,1.05726,-0.742035,0.959363,1.20625,-0.864928,1.08679,1.21801,-0.872585,1.06504,1.23146,-0.851109,1.06504,1.21957,-0.843662,1.08679
0.190158,0.678852,-0.602964,3.88766,838946640,1.05749,-0.741672,0.959363,1.06788,-0.748183,0.940349,1.07956,-0.729541,0.940349,1.06904,-0.723214,0.959363,1.21979,-0.843299,1.08679,1.23169,-0.850746,1.06504,1.24513,-0.829271,1.06504,1.23311,-0.822033,1.08679
-0.0202879,0.678346,-0.585618,56.7616,838946641,1.07128,-0.72393,0.959363,1.08179,-0.730261,0.940349,1.09281,-0.711223,0.940349,1.08219,-0.70508,0.959363,1.23538,-0.822694,1.08679,1.2474,-0.829935,1.06504,1.26009,-0.808003,1.06504,1.24795,-0.800976,1.08679
0.316687,0.678879,-0.568448,3.77808,838946642,1.0824,-0.704709,0.959363,1.09302,-0.710853,0.940349,1.10403,-0.691815,0.940349,1.09331,-0.685859,0.959363,1.24816,-0.800605,1.08679,1.26031,-0.807633,1.06504,1.273,-0.7857,1.06504,1.26072,-0.778887,1.08679
0.0596003,0.678378,-0.551101,-3.38281,838946643,1.09557,-0.686496,0.959363,1.10629,-0.692456,0.940349,1.11664,-0.673045,0.940349,1.10581,-0.667276,0.959363,1.26302,-0.779469,1.08679,1.27529,-0.786285,1.06504,1.2872,-0.763923,1.06504,1.27482,-0.757325,1.08679
0.0236249,0.678916,-0.53393,-2.4386,838946644,1.10601,-0.666899,0.959363,1.11684,-0.672667,0.940349,1.12718,-0.653257,0.940349,1.11625,-0.647679,0.959363,1.27502,-0.756947,1.08679,1.2874,-0.763546,1.06504,1.29932,-0.741184,1.06504,1.28682,-0.734803,1.08679
-0.043615,0.678396,-0.512673,-3.45539,838946645,1.12107,-0.643841,0.959363,1.132,-0.649425,0.940349,1.14166,-0.629668,0.940349,1.13064,-0.624278,0.959363,1.29164,-0.730953,1.08679,1.30414,-0.73734,1.06504,1.31527,-0.714579,1.06504,1.30267,-0.708413,1.08679
0.156794,0.678896,-0.495498,9.24641,838946646,1.13083,-0.623893,0.959363,1.14185,-0.629283,0.940349,1.15151,-0.609526,0.940349,1.1404,-0.60433,0.959363,1.30286,-0.708029,1.08679,1.31546,-0.714194,1.06504,1.3266,-0.691433,1.06504,1.31388,-0.68549,1.08679
0.0150889,0.67836,-0.478155,-1.99042,838946647,1.1427,-0.604809,0.959363,1.15381,-0.610008,0.940349,1.16278,-0.589925,0.940349,1.15158,-0.584923,0.959363,1.31621,-0.68591,1.08679,1.32892,-0.691857,1.06504,1.33925,-0.668721,1.06504,1.32644,-0.662999,1.08679
0.0441381,0.678864,-0.460982,-3.12822,838946648,1.15175,-0.584532,0.959363,1.16295,-0.589534,0.940349,1.17192,-0.569451,0.940349,1.16063,-0.564647,0.959363,1.32661,-0.662608,1.08679,1.33943,-0.66833,1.06504,1.34976,-0.645193,1.06504,1.33684,-0.639698,1.08679
0.187596,0.695392,-1.00371,2.963,838947129,0.685119,-1.0966,0.987001,0.692302,-1.10687,0.968162,0.710108,-1.09396,0.968162,0.702749,-1.08381,0.987001,0.793785,-1.2521,1.11712,0.802002,-1.26386,1.09557,0.822515,-1.24898,1.09557,0.814098,-1.23737,1.11712
0.120433,0.695431,-0.934678,-5.80493,838947133,0.759077,-1.04667,0.987001,0.76696,-1.05642,0.968162,0.783821,-1.0423,0.968162,0.775772,-1.03269,0.987001,0.878333,-1.19421,1.11712,0.887351,-1.20536,1.09557,0.906775,-1.18909,1.09557,0.897568,-1.1781,1.11712
-0.00039533,0.695483,-0.861733,-2.02138,838947137,0.833258,-0.988442,0.987001,0.8418,-0.997619,0.968162,0.857638,-0.982358,0.968162,0.84894,-0.973331,0.987001,0.962487,-1.12733,1.11712,0.972258,-1.13783,1.09557,0.990504,-1.12025,1.09557,0.980554,-1.10992,1.11712
0.00716168,0.695991,-0.84456,-1.64636,838947138,0.849248,-0.973034,0.987001,0.857946,-0.982061,0.968162,0.873784,-0.9668,0.968162,0.86493,-0.957923,0.987001,0.980863,-1.10962,1.11712,0.990812,-1.11995,1.09557,1.00906,-1.10237,1.09557,0.99893,-1.09221,1.11712
-0.0116253,0.695959,-0.810043,-3.09298,838947140,0.882371,-0.943203,0.987001,0.891379,-0.95192,0.968162,0.906674,-0.936115,0.968162,0.897516,-0.927554,0.987001,1.01868,-1.07511,1.11712,1.02898,-1.08508,1.09557,1.0466,-1.06688,1.09557,1.03612,-1.05708,1.11712
-0.0223606,0.695418,-0.792698,-2.10658,838947141,0.899557,-0.92872,0.987001,0.908719,-0.937278,0.968162,0.923452,-0.920948,0.968162,0.914146,-0.912551,0.987001,1.03817,-1.05825,1.11712,1.04865,-1.06804,1.09557,1.06562,-1.04922,1.09557,1.05497,-1.03962,1.11712
0.385942,0.695935,-0.775528,-5.39766,838947142,0.914432,-0.912233,0.987001,0.923739,-0.92063,0.968162,0.938473,-0.904301,0.968162,0.929021,-0.896064,0.987001,1.05526,-1.0393,1.11712,1.06591,-1.04891,1.09557,1.08288,-1.03009,1.09557,1.07207,-1.02067,1.11712
0.153839,0.695398,-0.758183,19.6407,838947143,0.931102,-0.897159,0.987001,0.940557,-0.905391,0.968162,0.954711,-0.888557,0.968162,0.945117,-0.88049,0.987001,1.07415,-1.02177,1.11712,1.08497,-1.03118,1.09557,1.10127,-1.01179,1.09557,1.0903,-1.00256,1.11712
0.165929,0.69592,-0.741014,3.06436,838947144,0.945392,-0.880162,0.987001,0.954987,-0.88823,0.968162,0.969141,-0.871395,0.968162,0.959408,-0.863494,0.987001,1.09057,-1.00223,1.11712,1.10155,-1.01146,1.09557,1.11785,-0.992069,1.09557,1.10672,-0.98303,1.11712
0.801686,0.695388,-0.723669,1.16228,838947145,0.961525,-0.864515,0.987001,0.971262,-0.872412,0.968162,0.98482,-0.855094,0.968162,0.97495,-0.847367,0.987001,1.10884,-0.98405,1.11712,1.11998,-0.993084,1.09557,1.1356,-0.973133,1.09557,1.1243,-0.964294,1.11712
-0.036146,0.695914,-0.706501,-1.99508,838947146,0.975213,-0.84703,0.987001,0.985084,-0.854757,0.968162,0.998642,-0.837439,0.968162,0.988638,-0.829882,0.987001,1.12457,-0.963957,1.11712,1.13586,-0.972796,1.09557,1.15148,-0.952844,1.09557,1.14004,-0.9442,1.11712
0.048617,0.695386,-0.689156,-2.23006,838947147,0.990789,-0.830828,0.987001,1.0008,-0.838381,0.968162,1.01374,-0.8206,0.968162,1.00361,-0.813222,0.987001,1.14219,-0.945146,1.11712,1.15363,-0.953785,1.09557,1.16855,-0.9333,1.09557,1.15695,-0.924861,1.11712
0.0698259,0.695916,-0.671987,38.7458,838947148,1.00386,-0.812876,0.987001,1.01399,-0.820254,0.968162,1.02694,-0.802473,0.968162,1.01668,-0.79527,0.987001,1.15721,-0.924515,1.11712,1.1688,-0.932954,1.09557,1.18371,-0.91247,1.09557,1.17197,-0.90423,1.11712
0.132718,0.695392,-0.654642,6.08536,838947149,1.01886,-0.79614,0.987001,1.02912,-0.803339,0.968162,1.04144,-0.785116,0.968162,1.03105,-0.778097,0.987001,1.17416,-0.9051,1.11712,1.1859,-0.913335,1.09557,1.20009,-0.892342,1.09557,1.18821,-0.884312,1.11712
1.29345,0.695927,-0.637474,-0.487579,838947150,1.03129,-0.777743,0.987001,1.04168,-0.784762,0.968162,1.054,-0.766539,0.968162,1.04349,-0.759699,0.987001,1.18845,-0.883958,1.11712,1.20033,-0.891987,1.09557,1.21452,-0.870994,1.09557,1.2025,-0.86317,1.11712
0.174223,0.695408,-0.620127,8.01111,838947151,1.0457,-0.760493,0.987001,1.05621,-0.767329,0.968162,1.06788,-0.748687,0.968162,1.05726,-0.742035,0.987001,1.20471,-0.863963,1.11712,1.21673,-0.871782,1.09557,1.23018,-0.850306,1.09557,1.21803,-0.842697,1.11712
0.160401,0.695946,-0.602959,-9.51102,838947152,1.05749,-0.741672,0.987001,1.06811,-0.748325,0.968162,1.07978,-0.729683,0.968162,1.06904,-0.723214,0.987001,1.21825,-0.842334,1.11712,1.23041,-0.849943,1.09557,1.24385,-0.828468,1.09557,1.23157,-0.821068,1.11712
1.17058,0.695431,-0.585612,-2.60691,838947153,1.07128,-0.72393,0.987001,1.08202,-0.730395,0.968162,1.09304,-0.711357,0.968162,1.08219,-0.70508,0.987001,1.23381,-0.821783,1.11712,1.2461,-0.829178,1.09557,1.25878,-0.807246,1.09557,1.24637,-0.800065,1.11712
0.682435,0.695975,-0.568443,0.110576,838947154,1.0824,-0.704709,0.987001,1.09325,-0.710986,0.968162,1.10427,-0.691949,0.968162,1.09331,-0.685859,0.987001,1.24659,-0.799695,1.11712,1.259,-0.806875,1.09557,1.27169,-0.784943,1.09557,1.25915,-0.777977,1.11712
0.0519634,0.695464,-0.551095,-3.03836,838947155,1.09557,-0.686496,0.987001,1.10653,-0.692581,0.968162,1.11687,-0.673171,0.968162,1.10581,-0.667277,0.987001,1.26141,-0.778613,1.11712,1.27395,-0.785574,1.09557,1.28587,-0.763212,1.09557,1.27321,-0.75647,1.11712
0.0443645,0.696012,-0.533925,-3.33832,838947156,1.10601,-0.666899,0.987001,1.11707,-0.672793,0.968162,1.12742,-0.653382,0.968162,1.11625,-0.647679,0.987001,1.27341,-0.756092,1.11712,1.28607,-0.762834,1.09557,1.29798,-0.740472,1.09557,1.28521,-0.733948,1.11712
-0.0154711,0.695483,-0.512667,-2.3255,838947157,1.12107,-0.643841,0.987001,1.13224,-0.649543,0.968162,1.1419,-0.629785,0.968162,1.13064,-0.624278,0.987001,1.29001,-0.730154,1.11712,1.30278,-0.736676,1.09557,1.31392,-0.713914,1.09557,1.30103,-0.707615,1.11712
0.0550727,0.695991,-0.495494,-2.40669,838947158,1.13083,-0.623893,0.987001,1.14209,-0.6294,0.968162,1.15175,-0.609643,0.968162,1.1404,-0.60433,0.987001,1.30122,-0.70723,1.11712,1.3141,-0.71353,1.09557,1.32524,-0.690768,1.09557,1.31225,-0.684691,1.11712
0.00253246,0.695446,-0.478149,-2.63946,838947159,1.1427,-0.604809,0.987001,1.15406,-0.610117,0.968162,1.16302,-0.590034,0.968162,1.15158,-0.584923,0.987001,1.31455,-0.685168,1.11712,1.32754,-0.69124,1.09557,1.33787,-0.668104,1.09557,1.32478,-0.662258,1.11712
-8.6236e-05,0.695959,-0.460977,-2.54893,838947160,1.15175,-0.584532,0.987001,1.1632,-0.589643,0.968162,1.17217,-0.56956,0.968162,1.16063,-0.564647,0.987001,1.32495,-0.661867,1.11712,1.33805,-0.667713,1.09557,1.34838,-0.644577,1.09557,1.33518,-0.638956,1.11712
0.115554,0.69592,-0.391948,4.56871,838947164,1.18941,-0.503739,0.987001,1.20119,-0.508038,0.968162,1.20873,-0.487378,0.968162,1.19688,-0.483282,0.987001,1.36759,-0.568794,1.11712,1.38106,-0.573712,1.09557,1.38975,-0.549911,1.09557,1.37619,-0.545225,1.11712
0.33708,0.712517,2.10337,46.2792,838947459,-0.646877,1.11959,1.0151,-0.653873,1.13042,0.996316,-0.672138,1.11812,0.996316,-0.664943,1.10743,1.0151,-0.749194,1.27725,1.14775,-0.757139,1.28954,1.12642,-0.778047,1.27546,1.12642,-0.769876,1.26333,1.14775
0.103277,0.713068,-1.68466,92.8667,838947602,-0.157897,-1.282,1.0151,-0.158807,-1.29485,0.996316,-0.136845,-1.29641,0.996316,-0.136173,-1.28354,1.0151,-0.17118,-1.46945,1.14775,-0.172215,-1.48404,1.12642,-0.147074,-1.48582,1.12642,-0.146312,-1.47121,1.14775
0.150148,0.712519,-1.07273,-11.7225,838947637,0.607855,-1.14124,1.0151,0.614469,-1.1523,0.996316,0.633153,-1.14065,0.996316,0.626335,-1.12972,1.0151,0.704604,-1.30237,1.14775,0.712115,-1.31493,1.12642,0.733502,-1.3016,1.12642,0.72576,-1.28918,1.14775
0.0521449,0.713101,-0.810032,5.04356,838947652,0.882372,-0.943202,1.0151,0.891631,-0.952163,0.996316,0.906943,-0.936341,0.996316,0.897517,-0.927553,1.0151,1.01741,-1.07389,1.14775,1.02793,-1.08406,1.12642,1.04545,-1.06595,1.12642,1.03475,-1.05597,1.14775
0.0945851,0.71255,-0.792696,-32.7066,838947653,0.899556,-0.928721,1.0151,0.908962,-0.93753,0.996316,0.923711,-0.921183,0.996316,0.914145,-0.912552,1.0151,1.03696,-1.05695,1.14775,1.04765,-1.06695,1.12642,1.06453,-1.04824,1.12642,1.05367,-1.03844,1.14775
0.16844,0.713076,-0.775517,15.0138,838947654,0.914433,-0.912232,1.0151,0.923999,-0.920864,0.996316,0.938749,-0.904517,0.996316,0.929022,-0.896063,1.0151,1.05395,-1.03812,1.14775,1.06482,-1.04792,1.12642,1.0817,-1.02921,1.12642,1.07066,-1.01961,1.14775
-0.0631724,0.71253,-0.758181,-3.4574,838947655,0.931101,-0.897159,1.0151,0.940809,-0.905635,0.996316,0.954978,-0.888783,0.996316,0.945116,-0.880491,1.0151,1.0729,-1.02051,1.14775,1.08393,-1.03014,1.12642,1.10015,-1.01085,1.12642,1.08895,-1.00143,1.14775
0.0596825,0.713061,-0.741003,-3.69889,838947656,0.945393,-0.880162,1.0151,0.955255,-0.888454,0.996316,0.969425,-0.871602,0.996316,0.959409,-0.863493,1.0151,1.08923,-1.0011,1.14775,1.10042,-1.01052,1.12642,1.11664,-0.991226,1.12642,1.10527,-0.982017,1.14775
1.66072,0.712519,-0.723667,-0.28952,838947657,0.961524,-0.864516,1.0151,0.971522,-0.872647,0.996316,0.985094,-0.85531,0.996316,0.974949,-0.847368,1.0151,1.10755,-0.98284,1.14775,1.1189,-0.992073,1.12642,1.13444,-0.972228,1.12642,1.12292,-0.963208,1.14775
0.173662,0.713054,-0.70649,18.9556,838947658,0.975214,-0.847029,1.0151,0.98536,-0.854972,0.996316,0.998932,-0.837635,0.996316,0.988639,-0.829881,1.0151,1.12318,-0.96287,1.14775,1.1347,-0.971889,1.12642,1.15024,-0.952044,1.12642,1.13855,-0.943239,1.14775
-0.093192,0.712517,-0.689153,-3.98575,838947659,0.990789,-0.830829,1.0151,1.00106,-0.838606,0.996316,1.01402,-0.820806,0.996316,1.00361,-0.813223,1.0151,1.14086,-0.943981,1.14775,1.15253,-0.952812,1.12642,1.16736,-0.932437,1.12642,1.15553,-0.923825,1.14775
-0.0618963,0.713057,-0.671976,-4.31561,838947660,1.00386,-0.812875,1.0151,1.01428,-0.820459,0.996316,1.02723,-0.802659,0.996316,1.01668,-0.795269,1.0151,1.15578,-0.923477,1.14775,1.16761,-0.932089,1.12642,1.18245,-0.911713,1.12642,1.17046,-0.903322,1.14775
0.844563,0.712523,-0.654639,-1.50293,838947661,1.01886,-0.796141,1.0151,1.0294,-0.803555,0.996316,1.04173,-0.785313,0.996316,1.03105,-0.778098,1.0151,1.17279,-0.903983,1.14775,1.18476,-0.912401,1.12642,1.19887,-0.89152,1.12642,1.18675,-0.883327,1.14775
0.853306,0.713068,-0.637462,0.368182,838947662,1.03129,-0.777742,1.0151,1.04197,-0.784957,0.996316,1.0543,-0.766715,0.996316,1.04349,-0.759698,1.0151,1.18699,-0.88297,1.14775,1.19911,-0.891164,1.12642,1.21322,-0.870282,1.12642,1.20095,-0.862314,1.14775
0.385763,0.712539,-0.620124,1.06602,838947663,1.0457,-0.760494,1.0151,1.05649,-0.767535,0.996316,1.06818,-0.748874,0.996316,1.05726,-0.742036,1.0151,1.2033,-0.862894,1.14775,1.21556,-0.870889,1.12642,1.22893,-0.849528,1.12642,1.21653,-0.841763,1.14775
2.91752,0.713088,-0.602948,0.142577,838947664,1.05749,-0.741672,1.0151,1.06841,-0.748509,0.996316,1.08009,-0.729848,0.996316,1.06904,-0.723213,1.0151,1.21676,-0.841398,1.14775,1.22916,-0.849163,1.12642,1.24254,-0.827802,1.12642,1.22999,-0.820267,1.14775
0.251882,0.712564,-0.585609,3.62124,838947665,1.07128,-0.723931,1.0151,1.08231,-0.730591,0.996316,1.09334,-0.711533,0.996316,1.08219,-0.705081,1.0151,1.23236,-0.820764,1.14775,1.24489,-0.828327,1.12642,1.25751,-0.806511,1.12642,1.24485,-0.799184,1.14775
0.100652,0.713117,-0.568432,9.69049,838947666,1.0824,-0.704709,1.0151,1.09355,-0.711161,0.996316,1.10458,-0.692103,0.996316,1.09331,-0.685858,1.0151,1.24506,-0.798812,1.14775,1.25773,-0.806139,1.12642,1.27035,-0.784323,1.12642,1.25755,-0.777232,1.14775
0.0725008,0.712597,-0.551092,-4.04337,838947667,1.09557,-0.686497,1.0151,1.10683,-0.692768,0.996316,1.11718,-0.673336,0.996316,1.10581,-0.667277,1.0151,1.25993,-0.777645,1.14775,1.27272,-0.784766,1.12642,1.28457,-0.762522,1.12642,1.27166,-0.755642,1.14775
-0.0440951,0.713154,-0.533914,-4.14014,838947668,1.10601,-0.666898,1.0151,1.11738,-0.672957,0.996316,1.12774,-0.653525,0.996316,1.11625,-0.647678,1.0151,1.27186,-0.755263,1.14775,1.28477,-0.762143,1.12642,1.29662,-0.7399,1.12642,1.28358,-0.73326,1.14775
0.184351,0.713101,-0.460967,0.323311,838947672,1.15175,-0.584531,1.0151,1.16352,-0.589784,0.996316,1.17249,-0.56968,0.996316,1.16063,-0.564646,1.0151,1.32334,-0.661148,1.14775,1.3367,-0.667113,1.12642,1.34698,-0.6441,1.12642,1.33351,-0.638383,1.14775
-0.489571,0.71255,-0.44363,-5.21646,838947673,1.16295,-0.565046,1.0151,1.1748,-0.570107,0.996316,1.18307,-0.549701,0.996316,1.17113,-0.544862,1.0151,1.33593,-0.638545,1.14775,1.34938,-0.644293,1.12642,1.35885,-0.620934,1.12642,1.34529,-0.615439,1.14775
0.0543514,0.730271,-0.810028,-2.22138,838948164,0.882372,-0.943202,1.04345,0.891811,-0.952337,1.02484,0.907122,-0.936515,1.02484,0.897517,-0.927553,1.04345,1.01612,-1.07264,1.1786,1.02684,-1.08301,1.15747,1.04437,-1.0649,1.15747,1.03346,-1.05472,1.1786
0.122062,0.72971,-0.79269,10.8857,838948165,0.899556,-0.928721,1.04345,0.909148,-0.937698,1.02484,0.923897,-0.921351,1.02484,0.914145,-0.912552,1.04345,1.03563,-1.05575,1.1786,1.04652,-1.06594,1.15747,1.06341,-1.04723,1.15747,1.05233,-1.03724,1.1786
0.236489,0.730246,-0.775513,17.2286,838948166,0.914433,-0.912232,1.04345,0.924185,-0.921032,1.02484,0.938935,-0.904685,1.02484,0.929022,-0.896063,1.04345,1.05262,-1.03692,1.1786,1.0637,-1.04691,1.15747,1.08058,-1.0282,1.15747,1.06932,-1.01841,1.1786
0.0375774,0.72969,-0.758175,-2.9888,838948167,0.931101,-0.897159,1.04345,0.941,-0.905796,1.02484,0.95517,-0.888944,1.02484,0.945116,-0.880491,1.04345,1.07153,-1.01936,1.1786,1.08277,-1.02916,1.15747,1.09899,-1.00987,1.15747,1.08758,-1.00027,1.1786
-0.107698,0.73023,-0.740999,-2.64107,838948168,0.945393,-0.880162,1.04345,0.955447,-0.888615,1.02484,0.969616,-0.871763,1.02484,0.959409,-0.863493,1.04345,1.08785,-0.999945,1.1786,1.09927,-1.00954,1.15747,1.11549,-0.990254,1.15747,1.1039,-0.980863,1.1786
-0.118361,0.729679,-0.723661,-3.33295,838948169,0.961524,-0.864516,1.04345,0.971719,-0.872801,1.02484,0.985292,-0.855465,1.02484,0.974949,-0.847368,1.04345,1.10614,-0.981734,1.1786,1.11771,-0.991143,1.15747,1.13325,-0.971298,1.15747,1.1215,-0.962103,1.1786
-0.0516503,0.730224,-0.706486,-2.56265,838948170,0.975214,-0.847029,1.04345,0.985557,-0.855126,1.02484,0.999129,-0.837789,1.02484,0.988639,-0.829881,1.04345,1.12177,-0.961764,1.1786,1.13352,-0.970959,1.15747,1.14905,-0.951114,1.15747,1.13714,-0.942133,1.1786
0.109092,0.729677,-0.689147,-24.6532,838948171,0.990789,-0.830829,1.04345,1.00127,-0.838754,1.02484,1.01423,-0.820954,1.02484,1.00361,-0.813223,1.04345,1.13941,-0.942925,1.1786,1.15131,-0.951924,1.15747,1.16614,-0.931549,1.15747,1.15408,-0.92277,1.1786
0.0352387,0.730226,-0.671972,-3.24419,838948172,1.00386,-0.812875,1.04345,1.01448,-0.820606,1.02484,1.02744,-0.802806,1.02484,1.01668,-0.795269,1.04345,1.15433,-0.922422,1.1786,1.16639,-0.931201,1.15747,1.18123,-0.910825,1.15747,1.16901,-0.902266,1.1786
1.31312,0.729684,-0.654633,0.0356215,838948173,1.01886,-0.796141,1.04345,1.02961,-0.803695,1.02484,1.04194,-0.785453,1.02484,1.03105,-0.778098,1.04345,1.1713,-0.902979,1.1786,1.18351,-0.911556,1.15747,1.19762,-0.890675,1.15747,1.18526,-0.882323,1.1786
0.747773,0.730237,-0.637458,-0.84123,838948174,1.03129,-0.777742,1.04345,1.04218,-0.785097,1.02484,1.05451,-0.766855,1.02484,1.04349,-0.759698,1.04345,1.1855,-0.881966,1.1786,1.19786,-0.890319,1.15747,1.21197,-0.869437,1.15747,1.19946,-0.86131,1.1786
0.0389879,0.729699,-0.620119,-3.4929,838948175,1.0457,-0.760494,1.04345,1.05671,-0.767668,1.02484,1.06839,-0.749007,1.02484,1.05726,-0.742036,1.04345,1.20178,-0.861942,1.1786,1.21428,-0.870088,1.15747,1.22765,-0.848727,1.15747,1.21501,-0.840811,1.1786
0.157499,0.730258,-0.602944,4.44152,838948176,1.05749,-0.741671,1.04345,1.06862,-0.748642,1.02484,1.0803,-0.729981,1.02484,1.06904,-0.723213,1.04345,1.21524,-0.840446,1.1786,1.22788,-0.848362,1.15747,1.24126,-0.827001,1.15747,1.22847,-0.819316,1.1786
0.120802,0.729724,-0.585603,-24.7907,838948177,1.07128,-0.723931,1.04345,1.08253,-0.730716,1.02484,1.09356,-0.711658,1.02484,1.08219,-0.705081,1.04345,1.23081,-0.819866,1.1786,1.24358,-0.827571,1.15747,1.25621,-0.805755,1.15747,1.24329,-0.798286,1.1786
0.0824378,0.730287,-0.568428,11.5668,838948178,1.0824,-0.704709,1.04345,1.09377,-0.711286,1.02484,1.1048,-0.692228,1.02484,1.09331,-0.685858,1.04345,1.24351,-0.797914,1.1786,1.25642,-0.805383,1.15747,1.26904,-0.783567,1.15747,1.25599,-0.776333,1.1786
0.097467,0.729758,-0.551086,43.0223,838948179,1.09557,-0.686497,1.04345,1.10705,-0.692885,1.02484,1.1174,-0.673454,1.02484,1.10581,-0.667277,1.04345,1.25835,-0.776802,1.1786,1.27139,-0.784056,1.15747,1.28324,-0.761813,1.15747,1.27007,-0.754799,1.1786
0.00129259,0.730325,-0.53391,-2.68451,838948180,1.10601,-0.666898,1.04345,1.1176,-0.673074,1.02484,1.12796,-0.653643,1.02484,1.11625,-0.647678,1.04345,1.27028,-0.754419,1.1786,1.28344,-0.761433,1.15747,1.29529,-0.73919,1.15747,1.282,-0.732416,1.1786
0.18797,0.729739,-0.478141,-2.56899,838948183,1.1427,-0.60481,1.04345,1.15459,-0.610384,1.02484,1.16357,-0.590279,1.02484,1.15158,-0.584924,1.04345,1.31137,-0.683574,1.1786,1.32488,-0.689904,1.15747,1.33515,-0.666891,1.15747,1.32153,-0.660809,1.1786
-0.296913,0.72971,-0.443624,-3.40395,838948185,1.16295,-0.565046,1.04345,1.17503,-0.570201,1.02484,1.1833,-0.549795,1.02484,1.17113,-0.544862,1.04345,1.33426,-0.637872,1.1786,1.34799,-0.643726,1.15747,1.35745,-0.620367,1.15747,1.34363,-0.614765,1.1786
0.124023,0.747372,-1.05555,-15.4739,838948662,0.626701,-1.12949,1.07207,0.633781,-1.14085,1.05364,0.652465,-1.1292,1.05364,0.645181,-1.11797,1.07207,0.72421,-1.28588,1.20971,0.732251,-1.29878,1.18877,0.753638,-1.28544,1.18877,0.745366,-1.27269,1.20971
-0.0445939,0.74742,-0.810025,-3.0645,838948676,0.882372,-0.943202,1.07207,0.891989,-0.952509,1.05364,0.907301,-0.936688,1.05364,0.897517,-0.927553,1.07207,1.01481,-1.07137,1.20971,1.02573,-1.08194,1.18878,1.04326,-1.06383,1.18877,1.03215,-1.05345,1.20971
0.117986,0.74685,-0.792684,28.3328,838948677,0.899556,-0.928721,1.07207,0.909332,-0.937864,1.05364,0.924081,-0.921517,1.05364,0.914145,-0.912552,1.07207,1.03428,-1.05452,1.20971,1.04538,-1.06491,1.18878,1.06226,-1.0462,1.18877,1.05098,-1.03601,1.20971
0.0759498,0.747395,-0.775509,32.1802,838948678,0.914433,-0.912232,1.07207,0.92437,-0.921198,1.05364,0.939119,-0.904851,1.05364,0.929022,-0.896063,1.07207,1.05127,-1.03569,1.20971,1.06255,-1.04588,1.18877,1.07943,-1.02716,1.18877,1.06797,-1.01718,1.20971
-0.0160885,0.74683,-0.758169,-2.42576,838948679,0.931101,-0.897159,1.07207,0.94119,-0.905956,1.05364,0.95536,-0.889104,1.05364,0.945116,-0.880491,1.07207,1.07013,-1.01818,1.20971,1.08159,-1.02817,1.18877,1.09781,-1.00888,1.18877,1.08618,-0.999099,1.20971
-0.0516741,0.747379,-0.740995,-3.34696,838948680,0.945393,-0.880162,1.07207,0.955636,-0.888775,1.05364,0.969806,-0.871923,1.05364,0.959409,-0.863493,1.07207,1.08645,-0.99877,1.20971,1.09809,-1.00855,1.18878,1.11431,-0.98926,1.18877,1.1025,-0.979688,1.20971
0.0449138,0.746818,-0.723655,-30.4587,838948681,0.961524,-0.864516,1.07207,0.971914,-0.872954,1.05364,0.985487,-0.855618,1.05364,0.974949,-0.847368,1.07207,1.1047,-0.980608,1.20971,1.1165,-0.990191,1.18877,1.13203,-0.970345,1.18877,1.12007,-0.960977,1.20971
0.0264914,0.747372,-0.706481,-3.45502,838948682,0.975214,-0.847029,1.07207,0.985752,-0.855279,1.05364,0.999324,-0.837942,1.05364,0.988639,-0.829881,1.07207,1.12033,-0.960638,1.20971,1.1323,-0.970007,1.18877,1.14783,-0.950161,1.18878,1.1357,-0.941007,1.20971
0.305787,0.746816,-0.689141,-2.42023,838948683,0.990789,-0.830829,1.07207,1.00147,-0.8389,1.05364,1.01443,-0.8211,1.05364,1.00361,-0.813223,1.07207,1.13793,-0.94185,1.20971,1.15006,-0.951015,1.18877,1.16489,-0.930639,1.18877,1.1526,-0.921694,1.20971
0.0744476,0.747374,-0.671968,20.6632,838948684,1.00386,-0.812875,1.07207,1.01468,-0.820752,1.05364,1.02764,-0.802952,1.05364,1.01668,-0.795269,1.07207,1.15286,-0.921347,1.20971,1.16514,-0.930292,1.18878,1.17998,-0.909916,1.18877,1.16753,-0.901191,1.20971
0.0393814,0.746823,-0.654627,-3.59644,838948685,1.01886,-0.796141,1.07207,1.02981,-0.803834,1.05364,1.04214,-0.785592,1.05364,1.03105,-0.778098,1.07207,1.16979,-0.901955,1.20971,1.18223,-0.910691,1.18877,1.19634,-0.88981,1.18877,1.18375,-0.8813,1.20971
0.0478176,0.747386,-0.637454,-60.366,838948686,1.03129,-0.777742,1.07207,1.04238,-0.785236,1.05364,1.05471,-0.766994,1.05364,1.04349,-0.759698,1.07207,1.18399,-0.880943,1.20971,1.19658,-0.889454,1.18878,1.21069,-0.868572,1.18877,1.19795,-0.860287,1.20971
-0.020518,0.746839,-0.620113,-4.60698,838948687,1.0457,-0.760494,1.07207,1.05692,-0.7678,1.05364,1.0686,-0.749138,1.05364,1.05726,-0.742036,1.07207,1.20023,-0.860973,1.20971,1.21297,-0.869268,1.18878,1.22634,-0.847907,1.18877,1.21346,-0.839842,1.20971
-0.0134232,0.747407,-0.602939,-3.23658,838948688,1.05749,-0.741671,1.07207,1.06883,-0.748774,1.05364,1.08051,-0.730113,1.05364,1.06904,-0.723213,1.07207,1.21369,-0.839477,1.20971,1.22657,-0.847542,1.18877,1.23995,-0.826181,1.18877,1.22692,-0.818346,1.20971
0.0206252,0.746864,-0.585597,-3.15454,838948689,1.07128,-0.723931,1.07207,1.08275,-0.73084,1.05364,1.09377,-0.711783,1.05364,1.08219,-0.705081,1.07207,1.22923,-0.818951,1.20971,1.24225,-0.826797,1.18878,1.25487,-0.804982,1.18877,1.24171,-0.797371,1.20971
0.0623444,0.747436,-0.568423,-2.9156,838948690,1.0824,-0.704708,1.07207,1.09399,-0.71141,1.05364,1.10501,-0.692352,1.05364,1.09331,-0.685858,1.07207,1.24193,-0.796999,1.20971,1.25508,-0.804609,1.18878,1.2677,-0.782794,1.18877,1.25441,-0.775419,1.20971
0.0832931,0.746899,-0.55108,-2.36048,838948691,1.09557,-0.686497,1.07207,1.10727,-0.693002,1.05364,1.11762,-0.673571,1.05364,1.10581,-0.667277,1.07207,1.25674,-0.775943,1.20971,1.27002,-0.78333,1.18878,1.28187,-0.761086,1.18877,1.26846,-0.75394,1.20971
0.0940966,0.747475,-0.533906,-26.31,838948692,1.10601,-0.666898,1.07207,1.11782,-0.673191,1.05364,1.12818,-0.65376,1.05364,1.11625,-0.647678,1.07207,1.26866,-0.75356,1.20971,1.28208,-0.760707,1.18877,1.29393,-0.738464,1.18877,1.28039,-0.731557,1.20971
0.116216,0.746918,-0.512653,-16.5578,838948693,1.12107,-0.643842,1.07207,1.13299,-0.649937,1.05364,1.14266,-0.630159,1.05364,1.13064,-0.624279,1.07207,1.28525,-0.727647,1.20971,1.29878,-0.734569,1.18877,1.30985,-0.711928,1.18878,1.2962,-0.705251,1.20971
0.141195,0.747372,-0.357416,26.615,838948702,1.2061,-0.462404,1.07207,1.21883,-0.466552,1.05364,1.22565,-0.445619,1.05364,1.21285,-0.441699,1.07207,1.38132,-0.519528,1.20971,1.39577,-0.524239,1.18877,1.40359,-0.500277,1.18877,1.38905,-0.495825,1.20971
0.00859011,0.764508,-0.740991,-2.06067,838949192,0.945393,-0.880162,1.10098,0.955825,-0.888933,1.08273,0.969994,-0.872081,1.08273,0.959409,-0.863493,1.10098,1.08503,-0.997573,1.24107,1.09688,-1.00753,1.22034,1.1131,-0.988243,1.22034,1.10108,-0.978491,1.24107
0.091665,0.763939,-0.72365,3.12344,838949193,0.961524,-0.864516,1.10098,0.972108,-0.873106,1.08273,0.98568,-0.855769,1.08273,0.974949,-0.847368,1.10098,1.10323,-0.979461,1.24107,1.11525,-0.989216,1.22034,1.13079,-0.969371,1.22034,1.1186,-0.95983,1.24107
0.100643,0.764501,-0.706478,12.3629,838949194,0.975214,-0.847029,1.10098,0.985945,-0.85543,1.08273,0.999518,-0.838094,1.08272,0.988639,-0.829881,1.10098,1.11887,-0.959492,1.24107,1.13105,-0.969032,1.22034,1.14659,-0.949187,1.22034,1.13424,-0.939861,1.24107
0.0162123,0.763936,-0.689136,-3.71187,838949195,0.990789,-0.830829,1.10098,1.00167,-0.839044,1.08273,1.01462,-0.821244,1.08273,1.00361,-0.813223,1.10098,1.13643,-0.940756,1.24107,1.14878,-0.950085,1.22034,1.16361,-0.929709,1.22034,1.1511,-0.9206,1.24107
0.0240164,0.764503,-0.671964,-2.84908,838949196,1.00386,-0.812875,1.10098,1.01488,-0.820897,1.08273,1.02784,-0.803097,1.08272,1.01668,-0.795269,1.10098,1.15135,-0.920252,1.24107,1.16387,-0.929361,1.22034,1.1787,-0.908985,1.22034,1.16603,-0.900096,1.24107
0.0427829,0.763943,-0.654622,-3.37902,838949197,1.01886,-0.796141,1.10098,1.03002,-0.803971,1.08273,1.04235,-0.78573,1.08273,1.03105,-0.778098,1.10098,1.16825,-0.900914,1.24107,1.18092,-0.909806,1.22034,1.19503,-0.888925,1.22034,1.18221,-0.880258,1.24107
0.126306,0.764515,-0.63745,23.7346,838949198,1.03129,-0.777742,1.10098,1.04259,-0.785373,1.08273,1.05492,-0.767132,1.08273,1.04349,-0.759698,1.10098,1.18245,-0.879902,1.24107,1.19527,-0.888568,1.22034,1.20938,-0.867687,1.22034,1.19641,-0.859246,1.24107
0.0839408,0.76396,-0.620107,-2.97008,838949199,1.0457,-0.760494,1.10098,1.05712,-0.76793,1.08273,1.06881,-0.749269,1.08272,1.05726,-0.742036,1.10098,1.19866,-0.859986,1.24107,1.21163,-0.868429,1.22034,1.225,-0.847068,1.22034,1.21189,-0.838855,1.24107
0.211696,0.781637,-1.12457,-3.62345,838949682,0.547284,-1.16997,1.13017,0.553784,-1.18223,1.11211,0.573235,-1.17191,1.11211,0.566524,-1.15977,1.13017,0.63188,-1.32947,1.2727,0.639261,-1.34339,1.25218,0.661527,-1.33158,1.25218,0.653905,-1.31779,1.2727
-0.0539104,0.78162,-0.740987,-2.34358,838949704,0.945393,-0.880162,1.13017,0.956011,-0.889089,1.11211,0.97018,-0.872237,1.11211,0.959409,-0.863493,1.13017,1.08358,-0.996355,1.2727,1.09564,-1.00649,1.25218,1.11186,-0.987202,1.25218,1.09963,-0.977273,1.2727
0.0143072,0.781042,-0.723644,-2.43434,838949705,0.961524,-0.864516,1.13017,0.972299,-0.873256,1.11211,0.985872,-0.855919,1.11211,0.974949,-0.847368,1.13017,1.10174,-0.978295,1.2727,1.11398,-0.98822,1.25218,1.12952,-0.968374,1.25218,1.11711,-0.958664,1.2727
-0.00609604,0.781613,-0.706474,-2.43995,838949706,0.975214,-0.847029,1.13017,0.986137,-0.85558,1.11211,0.999709,-0.838244,1.11211,0.988639,-0.829881,1.13017,1.11738,-0.958325,1.2727,1.12978,-0.968036,1.25218,1.14532,-0.94819,1.25218,1.13275,-0.938694,1.2727
0.0158805,0.78104,-0.68913,-2.04858,838949707,0.990789,-0.830829,1.13017,1.00186,-0.839187,1.11211,1.01482,-0.821387,1.11211,1.00361,-0.813223,1.13017,1.1349,-0.939642,1.2727,1.14747,-0.949133,1.25218,1.16231,-0.928758,1.25218,1.14957,-0.919486,1.2727
0.145585,0.781616,-0.67196,-28.2042,838949708,1.00386,-0.812875,1.13017,1.01507,-0.82104,1.11211,1.02803,-0.80324,1.11211,1.01668,-0.795269,1.13017,1.14982,-0.919138,1.2727,1.16256,-0.92841,1.25218,1.17739,-0.908034,1.25218,1.1645,-0.898982,1.2727
-0.0159805,0.781047,-0.654616,-2.32245,838949709,1.01886,-0.796141,1.13017,1.03022,-0.804108,1.11211,1.04255,-0.785866,1.11211,1.03105,-0.778098,1.13017,1.16668,-0.899854,1.2727,1.17958,-0.908901,1.25218,1.19369,-0.888019,1.25218,1.18064,-0.879198,1.2727
0,0.781105,-0.478124,0,838949719,1.1427,-0.60481,1.13017,1.15527,-0.610684,1.11211,1.16424,-0.59058,1.11211,1.15158,-0.584924,1.13017,1.30627,-0.6813,1.2727,1.32055,-0.687971,1.25218,1.33082,-0.664957,1.25218,1.31644,-0.658535,1.2727
0.100346,0.781075,-0.443608,-1.56898,838949721,1.16295,-0.565046,1.13017,1.17571,-0.570478,1.11211,1.18398,-0.550072,1.11211,1.17113,-0.544862,1.13017,1.32909,-0.635776,1.2727,1.34359,-0.641945,1.25218,1.35306,-0.618586,1.25218,1.33846,-0.61267,1.2727
1.52144,0.803906,-0.951985,-0.413806,838950204,0.740046,-1.05862,1.16882,0.748822,-1.06988,1.15074,0.766203,-1.05632,1.15074,0.75722,-1.04523,1.16882,0.849949,-1.19956,1.31362,0.859842,-1.21224,1.29324,0.879605,-1.19683,1.29324,0.869479,-1.18433,1.31362
0.170222,0.803336,-0.934647,-13.815,838950205,0.759075,-1.04667,1.16882,0.768038,-1.05778,1.15074,0.784934,-1.04363,1.15074,0.77577,-1.03269,1.16882,0.871541,-1.1856,1.31362,0.881644,-1.19812,1.29324,0.900858,-1.18203,1.29324,0.890528,-1.1697,1.31362
0.106902,0.803938,-0.917469,30.9187,838950206,0.776102,-1.03241,1.16882,0.785265,-1.04335,1.15074,0.802162,-1.0292,1.15074,0.792797,-1.01843,1.16882,0.890859,-1.16942,1.31362,0.901189,-1.18175,1.29324,0.920402,-1.16566,1.29324,0.909846,-1.15352,1.31362
0.0237826,0.803877,-0.740975,-2.35364,838950216,0.945394,-0.880161,1.16882,0.956317,-0.889345,1.15074,0.970501,-0.872476,1.15074,0.959409,-0.863492,1.16882,1.08218,-0.995178,1.31362,1.0945,-1.00553,1.29324,1.11063,-0.986348,1.29324,1.09812,-0.976222,1.31362
-0.0704338,0.803288,-0.72364,-1.37101,838950217,0.961524,-0.864516,1.16882,0.972599,-0.873521,1.15074,0.986185,-0.856166,1.15074,0.974948,-0.847369,1.16882,1.10041,-0.97704,1.31362,1.11289,-0.987189,1.29324,1.12834,-0.967455,1.29324,1.11567,-0.957538,1.31362
0.154213,0.80387,-0.706462,-4.55954,838950218,0.975215,-0.847028,1.16882,0.986452,-0.855826,1.15074,1.00004,-0.838471,1.15074,0.98864,-0.82988,1.16882,1.11594,-0.957198,1.31362,1.12861,-0.967115,1.29324,1.14406,-0.94738,1.29324,1.13121,-0.937696,1.31362
-0.00838924,0.803285,-0.689126,-2.14978,838950219,0.990788,-0.83083,1.16882,1.00217,-0.839442,1.15074,1.01514,-0.821623,1.15074,1.00361,-0.813224,1.16882,1.13351,-0.938434,1.31362,1.14635,-0.948142,1.29324,1.1611,-0.92788,1.29324,1.14809,-0.918411,1.31362
0.0441005,0.803872,-0.671948,-2.04569,838950220,1.00386,-0.812874,1.16882,1.0154,-0.821274,1.15074,1.02837,-0.803456,1.15074,1.01668,-0.795268,1.16882,1.14835,-0.918062,1.31362,1.16135,-0.92753,1.29324,1.1761,-0.907268,1.29324,1.16292,-0.898039,1.31362
0.212136,0.820517,-0.0945328,10.3018,838950405,1.28607,-0.133219,1.19895,1.30055,-0.134002,1.18106,1.30134,-0.111976,1.18106,1.28685,-0.111455,1.19895,1.46271,-0.142562,1.34602,1.47904,-0.143445,1.32584,1.47994,-0.118399,1.32584,1.4636,-0.117811,1.34602
0.165455,0.821111,-0.951981,16.2365,838950716,0.740046,-1.05862,1.19895,0.748963,-1.07006,1.18106,0.766343,-1.0565,1.18106,0.75722,-1.04523,1.19895,0.848809,-1.19809,1.34602,0.85886,-1.21098,1.32584,0.878623,-1.19557,1.32584,0.868339,-1.18286,1.34602
-0.0238636,0.820533,-0.934642,-1.72188,838950717,0.759075,-1.04667,1.19895,0.768184,-1.05796,1.18106,0.785081,-1.04381,1.18106,0.77577,-1.03269,1.19895,0.87035,-1.18418,1.34602,0.880619,-1.1969,1.32584,0.899832,-1.18081,1.32584,0.889337,-1.16828,1.34602
-0.0466072,0.821143,-0.917465,-2.49261,838950718,0.776102,-1.03241,1.19895,0.785412,-1.04353,1.18106,0.802308,-1.02938,1.18106,0.792797,-1.01843,1.19895,0.889668,-1.168,1.34602,0.900164,-1.18053,1.32584,0.919377,-1.16444,1.32584,0.908655,-1.1521,1.34602
0.00846736,0.821081,-0.740972,-1.41962,838950728,0.945394,-0.880161,1.19895,0.956492,-0.889492,1.18106,0.970676,-0.872623,1.18106,0.959409,-0.863492,1.19895,1.08076,-0.993984,1.34602,1.09328,-1.0045,1.32584,1.1094,-0.985321,1.32584,1.0967,-0.975028,1.34602
0.0245576,0.820484,-0.723635,-2.2746,838950729,0.961524,-0.864517,1.19895,0.972779,-0.873661,1.18106,0.986366,-0.856307,1.18106,0.974948,-0.847369,1.19895,1.09894,-0.975896,1.34602,1.11163,-0.986205,1.32584,1.12708,-0.966471,1.32584,1.11421,-0.956395,1.34602
0.081437,0.821074,-0.706458,-23.0534,838950730,0.975215,-0.847028,1.19895,0.986632,-0.855966,1.18106,1.00022,-0.838612,1.18106,0.988639,-0.82988,1.19895,1.11448,-0.956055,1.34602,1.12735,-0.96613,1.32584,1.1428,-0.946396,1.32584,1.12975,-0.936553,1.34602
0.0771997,0.820481,-0.689121,34.4183,838950731,0.990788,-0.83083,1.19895,1.00236,-0.839576,1.18106,1.01533,-0.821758,1.18106,1.00361,-0.813224,1.19895,1.13202,-0.937343,1.34602,1.14506,-0.947202,1.32584,1.15981,-0.92694,1.32584,1.14659,-0.91732,1.34602
-0.0240567,0.821076,-0.671944,-2.27017,838950732,1.00386,-0.812874,1.19895,1.01558,-0.821408,1.18106,1.02855,-0.80359,1.18106,1.01668,-0.795268,1.19895,1.14685,-0.91697,1.34602,1.16006,-0.92659,1.32584,1.17481,-0.906328,1.32584,1.16142,-0.896947,1.34602
0.132691,0.820549,-0.478115,2.8212,838950743,1.1427,-0.604811,1.19895,1.15583,-0.610962,1.18106,1.16482,-0.590837,1.18106,1.15158,-0.584925,1.19895,1.30298,-0.679649,1.34602,1.31778,-0.686583,1.32584,1.328,-0.663699,1.32584,1.31307,-0.657035,1.34602
0.440938,0.838307,3.02973,-46.8681,838951096,-1.28222,0.155356,1.22941,-1.2969,0.156399,1.21169,-1.29847,0.134414,1.21169,-1.28376,0.133633,1.22941,-1.45676,0.167748,1.3787,-1.47332,0.168924,1.35874,-1.47509,0.143924,1.35874,-1.45851,0.143043,1.3787
-0.0385317,0.838293,-0.951978,-3.30455,838951228,0.740046,-1.05862,1.22941,0.749102,-1.07024,1.21169,0.766482,-1.05668,1.21169,0.75722,-1.04523,1.22941,0.84765,-1.19661,1.3787,0.857859,-1.2097,1.35874,0.877622,-1.19429,1.35874,0.867181,-1.18138,1.3787
0.0294799,0.837707,-0.934637,-3.35919,838951229,0.759075,-1.04667,1.22941,0.76833,-1.05813,1.21169,0.785226,-1.04398,1.21169,0.77577,-1.03269,1.22941,0.869141,-1.18274,1.3787,0.879574,-1.19565,1.35874,0.898787,-1.17956,1.35874,0.888128,-1.16683,1.3787
-0.00841985,0.838325,-0.917461,-2.29177,838951230,0.776102,-1.03241,1.22941,0.785557,-1.0437,1.21169,0.802454,-1.02955,1.21169,0.792797,-1.01843,1.22941,0.888459,-1.16655,1.3787,0.899118,-1.17928,1.35874,0.918332,-1.16319,1.35874,0.907446,-1.15065,1.3787
0.0614082,0.838263,-0.740968,-12.1326,838951240,0.945394,-0.880161,1.22941,0.956665,-0.889638,1.21169,0.97085,-0.872769,1.21169,0.959409,-0.863492,1.22941,1.07932,-0.992773,1.3787,1.09203,-1.00346,1.35874,1.10816,-0.984273,1.35874,1.09526,-0.973816,1.3787
-0.0111961,0.837657,-0.72363,-2.55329,838951241,0.961524,-0.864517,1.22941,0.972957,-0.873801,1.21169,0.986544,-0.856446,1.21169,0.974948,-0.847369,1.22941,1.09746,-0.974735,1.3787,1.11035,-0.985201,1.35874,1.1258,-0.965467,1.35874,1.11273,-0.955234,1.3787
0.0275555,0.838256,-0.706454,-2.74653,838951242,0.975215,-0.847028,1.22941,0.98681,-0.856106,1.21169,1.0004,-0.838752,1.21169,0.988639,-0.82988,1.22941,1.113,-0.954894,1.3787,1.12607,-0.965127,1.35874,1.14152,-0.945392,1.35874,1.12826,-0.935392,1.3787
0.0860281,0.837655,-0.689116,15.0766,838951243,0.990788,-0.83083,1.22941,1.00254,-0.839709,1.21169,1.01551,-0.821891,1.21169,1.00361,-0.813224,1.22941,1.13049,-0.936234,1.3787,1.14374,-0.946243,1.35874,1.15849,-0.925982,1.35874,1.14507,-0.916211,1.3787
0.0320012,0.838258,-0.671941,-3.68116,838951244,1.00386,-0.812874,1.22941,1.01577,-0.821542,1.21169,1.02874,-0.803723,1.21169,1.01668,-0.795268,1.22941,1.14532,-0.915862,1.3787,1.15874,-0.925632,1.35874,1.1735,-0.90537,1.35874,1.1599,-0.895839,1.3787
0.101455,0.838368,-0.533877,11.8126,838951252,1.10601,-0.666897,1.22941,1.11901,-0.673822,1.21169,1.12937,-0.65437,1.21169,1.11625,-0.647677,1.22941,1.26044,-0.749178,1.3787,1.27509,-0.756984,1.35874,1.28688,-0.734865,1.35874,1.27209,-0.72732,1.3787
0.291693,0.855507,-0.14638,-4.02052,838951426,1.27602,-0.199499,1.26018,1.29088,-0.201078,1.24266,1.29321,-0.179161,1.24266,1.27832,-0.177843,1.26018,1.44812,-0.217778,1.41169,1.46488,-0.219558,1.39194,1.46752,-0.194635,1.39194,1.45073,-0.193149,1.41169
0.352318,0.854809,1.05622,41.8054,838951495,0.646159,1.12001,1.26018,0.652962,1.13332,1.24266,0.633161,1.143,1.24266,0.626595,1.12957,1.26018,0.724863,1.27418,1.41169,0.732531,1.28919,1.39194,0.710015,1.30019,1.39194,0.702613,1.28506,1.41169
0.23396,0.854846,-1.14172,8.22566,838951729,0.527664,-1.18038,1.26018,0.534437,-1.19371,1.24266,0.553908,-1.18338,1.24266,0.546903,-1.17017,1.26018,0.606116,-1.33468,1.41169,0.613751,-1.3497,1.39194,0.635892,-1.33796,1.39194,0.627996,-1.32307,1.41169
0.168632,0.855442,-1.12454,-26.1505,838951730,0.547285,-1.16997,1.26018,0.55429,-1.18318,1.24266,0.573761,-1.17285,1.24266,0.566525,-1.15977,1.26018,0.628378,-1.32287,1.41169,0.636274,-1.33776,1.39194,0.658415,-1.32601,1.39194,0.650258,-1.31126,1.41169
0.0957157,0.854824,-1.1072,-3.11473,838951731,0.568101,-1.16151,1.26018,0.575336,-1.1746,1.24266,0.594434,-1.16359,1.24266,0.586972,-1.15064,1.26018,0.651894,-1.31297,1.41169,0.660049,-1.32772,1.39194,0.681767,-1.31521,1.39194,0.673355,-1.30061,1.41169
0.156803,0.855442,-0.775479,-5.24056,838951750,0.914434,-0.912232,1.26018,0.925534,-0.922247,1.24266,0.940299,-0.905883,1.24266,0.929023,-0.896063,1.26018,1.04293,-1.02817,1.41169,1.05544,-1.03946,1.39194,1.07223,-1.02085,1.39194,1.05952,-1.00978,1.41169
0.148252,0.871948,1.71984,13.399,838952045,-0.180869,1.28031,1.2913,-0.183752,1.29521,1.27397,-0.205315,1.29065,1.27397,-0.202176,1.27581,1.2913,-0.21336,1.44836,1.445,-0.21661,1.46515,1.42546,-0.24113,1.45996,1.42546,-0.23759,1.44323,1.445
0.12009,0.871953,2.83607,-12.5576,838952109,-1.22971,0.399659,1.2913,-1.24436,0.403597,1.27397,-1.24972,0.382217,1.27397,-1.235,0.378533,1.2913,-1.39499,0.444114,1.445,-1.41151,0.448554,1.42546,-1.4176,0.424241,1.42546,-1.40101,0.420088,1.445
0.143117,0.872577,2.85324,-8.32428,838952110,-1.2351,0.378113,1.2913,-1.24982,0.381798,1.27397,-1.25517,0.360417,1.27397,-1.24039,0.356987,1.2913,-1.40111,0.419669,1.445,-1.4177,0.423822,1.42546,-1.42379,0.399509,1.42546,-1.40713,0.395643,1.445
0.0970545,0.8726,-0.95197,13.8403,838952252,0.740046,-1.05862,1.2913,0.749376,-1.07059,1.27397,0.766756,-1.05703,1.27397,0.75722,-1.04523,1.2913,0.845282,-1.19357,1.445,0.855799,-1.20706,1.42546,0.875563,-1.19165,1.42546,0.864813,-1.17834,1.445
0.105721,0.872577,-0.637419,-0.249283,838952270,1.0313,-0.777741,1.2913,1.04387,-0.786236,1.27397,1.05621,-0.767976,1.27397,1.04349,-0.759698,1.2913,1.17308,-0.873568,1.445,1.18725,-0.883145,1.42546,1.20128,-0.86238,1.42546,1.18695,-0.853049,1.445
0.151897,0.889786,-0.111851,-20.7076,838952452,1.28222,-0.155355,1.32289,1.29761,-0.156448,1.30571,1.29917,-0.134444,1.30571,1.28376,-0.133632,1.32289,1.45108,-0.167344,1.47862,1.4683,-0.168567,1.45939,1.47007,-0.143713,1.45939,1.45282,-0.142803,1.47862
0.140235,0.889111,-1.07268,4.85011,838952757,0.607854,-1.14124,1.32289,0.615781,-1.15449,1.30571,0.634499,-1.14281,1.30571,0.626334,-1.12972,1.32289,0.695023,-1.28639,1.47862,0.703894,-1.30121,1.45939,0.725037,-1.28802,1.45939,0.715899,-1.27337,1.47862
0.12863,0.889732,-1.0555,11.4761,838952758,0.626702,-1.12949,1.32289,0.634868,-1.14258,1.30571,0.653586,-1.13091,1.30571,0.645182,-1.11797,1.32289,0.716268,-1.27314,1.47862,0.725405,-1.28779,1.45939,0.746549,-1.27461,1.45939,0.737145,-1.26012,1.47862
0.249329,0.889108,-0.340038,-2.38502,838952799,1.2152,-0.441856,1.32289,1.22995,-0.446395,1.30571,1.23605,-0.425196,1.30571,1.22122,-0.420928,1.32289,1.3771,-0.491388,1.47862,1.39361,-0.496466,1.45939,1.4005,-0.472522,1.45939,1.3839,-0.467746,1.47862
0.128455,0.906884,2.78422,19.7767,838953130,-1.2061,0.462402,1.3548,-1.22097,0.467249,1.3378,-1.22781,0.446276,1.3378,-1.21285,0.441697,1.3548,-1.36528,0.514294,1.51253,-1.38191,0.519718,1.4935,-1.38963,0.496028,1.4935,-1.3729,0.490904,1.51253
0.0981339,0.906308,-0.93462,38.0238,838953277,0.759074,-1.04667,1.3548,0.768899,-1.05884,1.3378,0.78581,-1.04468,1.3378,0.775769,-1.03269,1.3548,0.86441,-1.17683,1.51253,0.875405,-1.19045,1.4935,0.894506,-1.17445,1.4935,0.88327,-1.16103,1.51253
0.328458,0.92347,-1.94729,41.7467,838953731,-0.485827,-1.19813,1.38705,-0.491001,-1.2131,1.37024,-0.470028,-1.21994,1.37024,-0.46512,-1.20488,1.38705,-0.539797,-1.35464,1.54677,-0.545587,-1.37139,1.52795,-0.521897,-1.37911,1.52795,-0.516405,-1.36226,1.54677
0.163426,0.923383,-1.00365,19.3313,838953785,0.685116,-1.0966,1.38705,0.694186,-1.10959,1.37024,0.712044,-1.09664,1.37024,0.702747,-1.08382,1.38705,0.779998,-1.23226,1.54677,0.790148,-1.24679,1.52795,0.81032,-1.23217,1.52795,0.799915,-1.21782,1.54677
0.138739,0.924029,-0.98647,-1.86234,838953786,0.703099,-1.08356,1.38705,0.712396,-1.09638,1.37024,0.730254,-1.08343,1.37024,0.720729,-1.07078,1.38705,0.800267,-1.21756,1.54677,0.810671,-1.23191,1.52795,0.830843,-1.21729,1.52795,0.820184,-1.20312,1.54677
0.110785,0.923402,-0.270999,19.5304,838953827,1.24274,-0.356982,1.38705,1.25817,-0.360564,1.37024,1.26278,-0.338991,1.37024,1.24729,-0.335684,1.38705,1.40403,-0.394306,1.54677,1.4213,-0.398314,1.52795,1.4265,-0.373947,1.52795,1.40917,-0.370246,1.54677
0.133241,0.940503,-0.270995,4.60144,838954339,1.24274,-0.356982,1.41968,1.25837,-0.360606,1.40306,1.26297,-0.339033,1.40306,1.24729,-0.335684,1.41968,1.40216,-0.393906,1.58135,1.41964,-0.397961,1.56275,1.42484,-0.373594,1.56275,1.40729,-0.369846,1.58135
0.135932,0.9576,-0.443564,-25.5,838954841,1.16295,-0.565048,1.45268,1.17789,-0.571405,1.43625,1.18617,-0.550961,1.43625,1.17113,-0.544864,1.45268,1.31172,-0.628384,1.6163,1.32844,-0.635499,1.59791,1.3378,-0.612406,1.59791,1.32096,-0.605583,1.6163
0.159742,0.974703,-1.10718,-32.4061,838955315,0.568099,-1.16151,1.48631,0.576093,-1.17599,1.46997,0.595223,-1.16497,1.46997,0.58697,-1.15064,1.48631,0.645571,-1.30134,1.65172,0.654451,-1.31742,1.63357,0.675914,-1.30506,1.63357,0.666747,-1.28914,1.65172
0.159665,0.975354,-0.74093,-11.5242,838955336,0.945395,-0.880159,1.48631,0.958051,-0.8908,1.46997,0.972258,-0.873903,1.46997,0.959411,-0.86349,1.48631,1.06773,-0.983022,1.65172,1.08179,-0.994842,1.63357,1.09773,-0.975884,1.63357,1.08346,-0.964318,1.65172
0.215038,0.99252,0.409813,-38.819,838955554,1.18919,0.50426,1.52031,1.20422,0.511573,1.50416,1.19456,0.531425,1.50416,1.17966,0.523842,1.52031,1.33124,0.57338,1.68749,1.34794,0.581504,1.66955,1.3371,0.603777,1.66955,1.32055,0.595355,1.68749
0.338433,0.992581,1.52604,55.7362,838955618,0.0690911,1.28974,1.52031,0.0691059,1.30646,1.50416,0.0470295,1.30648,1.50416,0.0473133,1.28976,1.52031,0.0692305,1.44772,1.68749,0.0692469,1.46629,1.66955,0.0444771,1.46631,1.66955,0.0447924,1.44774,1.68749
0.141611,1.00968,-0.253801,-12.6712,838956388,1.24738,-0.335258,1.55471,1.2639,-0.338786,1.53874,1.26851,-0.317196,1.53874,1.25193,-0.313961,1.55471,1.40004,-0.367852,1.72364,1.41839,-0.371771,1.70591,1.42357,-0.347547,1.70591,1.40514,-0.343953,1.72364
0.357668,1.02675,1.77157,34.0012,838956656,-0.246498,1.26797,1.58952,-0.250613,1.28454,1.57374,-0.272038,1.27922,1.57374,-0.267634,1.26272,1.58952,-0.28366,1.41763,1.76019,-0.28823,1.43603,1.74266,-0.31227,1.43006,1.74266,-0.307378,1.41174,1.76019
0.194962,1.04397,-0.533826,-5.26863,838957396,1.10601,-0.666895,1.62476,1.12123,-0.675005,1.60917,1.13162,-0.655522,1.60917,1.11625,-0.647675,1.62476,1.24042,-0.738506,1.79714,1.25732,-0.747515,1.77982,1.26897,-0.725654,1.77982,1.25191,-0.716938,1.79714
0.305418,1.09472,2.93967,49.0152,838958771,-1.26429,0.270394,1.73393,-1.28195,0.273209,1.71879,-1.28504,0.251334,1.71879,-1.26734,0.248831,1.73393,-1.40932,0.293428,1.91098,-1.42879,0.296532,1.89429,-1.43223,0.272149,1.89429,-1.41272,0.26939,1.91098
0.125146,1.11258,-0.533808,-2.73177,838959444,1.10601,-0.666894,1.77121,1.12193,-0.675372,1.75626,1.13231,-0.655874,1.75626,1.11625,-0.647674,1.77121,1.23396,-0.735063,1.94979,1.2515,-0.744412,1.9333,1.26308,-0.722679,1.9333,1.24537,-0.713637,1.94979
0.176667,1.12884,-1.03811,-3.17118,838959927,0.646873,-1.1196,1.80898,0.656765,-1.13486,1.79421,0.675093,-1.12252,1.79421,0.664939,-1.10744,1.80898,0.724706,-1.23971,1.98905,0.735615,-1.25653,1.97277,0.756043,-1.24278,1.97277,0.744846,-1.22615,1.98905
0.212899,1.15136,0.185571,-48.6505,838960149,1.27265,0.227395,1.8594,1.29071,0.231536,1.84468,1.28538,0.252993,1.84468,1.2674,0.248532,1.8594,1.41039,0.259163,2.04086,1.43016,0.263698,2.02474,1.42427,0.287461,2.02474,1.40458,0.282575,2.04086
0.254016,1.152,0.586342,22.9996,838960172,1.08209,0.705186,1.8594,1.09709,0.716059,1.84468,1.08411,0.733959,1.84468,1.06931,0.722818,1.8594,1.19653,0.788141,2.04086,1.21295,0.800047,2.02474,1.19858,0.81987,2.02474,1.18237,0.807671,2.04086
0.242979,1.15208,2.6078,49.9609,838960288,-1.10601,0.666893,1.8594,-1.12236,0.675604,1.84468,-1.13276,0.656092,1.84468,-1.11625,0.647673,1.8594,-1.23075,0.733355,2.04086,-1.24865,0.742893,2.02474,-1.26017,0.721285,2.02474,-1.2421,0.712066,2.04086
0.243139,1.16915,-0.951895,11.3392,838960956,0.74005,-1.05862,1.89852,0.751529,-1.07334,1.88398,0.768963,-1.05975,1.88398,0.757223,-1.04523,1.89852,0.825875,-1.16868,2.08135,0.838445,-1.1848,2.06543,0.857752,-1.16974,2.06543,0.844897,-1.15385,2.08135
0.204592,1.20273,-0.55097,-7.84259,838962003,1.09557,-0.686502,1.97827,1.11213,-0.695704,1.9641,1.12253,-0.676192,1.9641,1.10581,-0.667282,1.97827,1.21447,-0.752511,2.16379,1.23261,-0.762587,2.14826,1.24412,-0.740979,2.14826,1.22581,-0.731223,2.16379
0.187121,1.20348,-0.533789,-24.9066,838962004,1.10601,-0.666893,1.97827,1.12274,-0.675802,1.9641,1.13313,-0.656291,1.9641,1.11625,-0.647673,1.97827,1.22602,-0.730834,2.16379,1.24433,-0.740589,2.14826,1.25584,-0.718981,2.14826,1.23736,-0.709545,2.16379
0.176087,1.21981,-0.550967,8.41626,838962515,1.09557,-0.686502,2.01894,1.11225,-0.695768,2.00495,1.12265,-0.676256,2.00495,1.10581,-0.667282,2.01894,1.21287,-0.751659,2.20576,1.23114,-0.761805,2.19045,1.24266,-0.740197,2.19045,1.22421,-0.73037,2.20576
0.0989952,1.25407,-0.82709,-1.2893,838963523,0.866924,-0.959166,2.10248,0.880683,-0.97296,2.08876,0.896067,-0.957063,2.08876,0.882068,-0.943516,2.10248,0.959363,-1.05168,2.29171,0.974328,-1.06668,2.27678,0.991259,-1.04919,2.27678,0.976033,-1.03445,2.29171
0.326351,1.2548,-0.809903,-5.77926,838963524,0.882377,-0.943198,2.10248,0.896375,-0.956745,2.08876,0.911759,-0.940848,2.08876,0.897522,-0.927548,2.10248,0.976341,-1.03413,2.29171,0.991567,-1.04887,2.27678,1.0085,-1.03137,2.27678,0.993012,-1.01691,2.29171
0.136702,1.25403,-0.792572,21.1381,838963525,0.899552,-0.928726,2.10248,0.913784,-0.942031,2.08876,0.928604,-0.925607,2.08876,0.914141,-0.912557,2.10248,0.995165,-1.01795,2.29171,1.01065,-1.03242,2.27678,1.02696,-1.01435,2.27678,1.01122,-1.00015,2.29171
0.296647,1.2712,-0.827087,0.509391,838964035,0.866924,-0.959166,2.14506,0.880772,-0.973046,2.13152,0.896156,-0.957149,2.13152,0.882068,-0.943516,2.14506,0.958128,-1.05048,2.33546,0.973191,-1.06558,2.32073,0.990121,-1.04808,2.32073,0.974799,-1.03326,2.33546
1.76515,1.27193,-0.809901,1.44221,838964036,0.882377,-0.943198,2.14506,0.896464,-0.956831,2.13152,0.911848,-0.940934,2.13152,0.897522,-0.927548,2.14506,0.975107,-1.03294,2.33546,0.990429,-1.04777,2.32073,1.00736,-1.03027,2.32073,0.991777,-1.01571,2.33546
0.135052,1.27118,-0.585476,33.1004,838964049,1.07128,-0.723937,2.14506,1.08807,-0.734052,2.13152,1.09915,-0.714903,2.13152,1.08218,-0.705086,2.14506,1.18188,-0.790456,2.33546,1.20015,-0.801458,2.32073,1.21234,-0.780384,2.32073,1.19388,-0.769707,2.33546
0.141441,1.27123,-0.550958,-3.8973,838964051,1.09557,-0.686503,2.14506,1.11271,-0.696025,2.13152,1.12311,-0.676501,2.13152,1.10581,-0.667283,2.14506,1.20842,-0.749119,2.33546,1.22706,-0.759476,2.32073,1.23851,-0.737989,2.32073,1.21969,-0.727963,2.33546
0.192072,1.289,-0.0772516,25.0474,838964230,1.28687,-0.111018,2.18821,1.30658,-0.111726,2.17484,1.30738,-0.089619,2.17484,1.28765,-0.089254,2.18821,1.4141,-0.115593,2.37977,1.43554,-0.116364,2.36523,1.43642,-0.0920339,2.36523,1.41496,-0.0916369,2.37977
0.221779,1.30533,0.0781444,45.8484,838964751,1.28989,0.0895847,2.23194,1.30959,0.0919882,2.21875,1.30653,0.113897,2.21875,1.28688,0.111153,2.23194,1.41456,0.104776,2.42464,1.43599,0.10739,2.4103,1.43263,0.131502,2.4103,1.41125,0.128517,2.42464
0.2592,1.34048,1.63357,51.0024,838965864,-0.0696649,1.28971,2.32205,-0.0717583,1.30983,2.30911,-0.0937736,1.30754,2.30911,-0.0913258,1.28746,2.32205,-0.0823217,1.41138,2.51684,-0.0845839,1.43313,2.50285,-0.108668,1.43062,2.50285,-0.106023,1.40891,2.51684
0.241765,1.34043,-1.33544,49.56,838966054,0.290102,-1.25869,2.32205,0.295661,-1.27814,2.30911,0.316943,-1.27206,2.30911,0.311042,-1.2527,2.32205,0.32371,-1.3763,2.51684,0.329716,-1.39733,2.50285,0.352998,-1.39067,2.50285,0.346621,-1.36976,2.51684
0.168857,1.39097,2.80165,6.46829,838967467,-1.2152,0.441861,2.46155,-1.23485,0.447887,2.44911,-1.24097,0.426617,2.44911,-1.22122,0.420933,2.46154,-1.32743,0.476297,2.65934,-1.34867,0.482809,2.64591,-1.35537,0.459539,2.64591,-1.33402,0.453397,2.65934
0.120644,1.39101,-2.53788,-2.36239,838967521,-1.07082,-0.724613,2.46154,-1.08725,-0.736968,2.44911,-1.07364,-0.754424,2.44911,-1.05743,-0.741788,2.46154,-1.16466,-0.795169,2.65934,-1.18241,-0.80852,2.64591,-1.16752,-0.827616,2.64591,-1.15001,-0.813961,2.65934
0.133997,1.40893,1.49161,-15.3681,838967904,0.113555,1.28665,2.5098,0.114301,1.30748,2.49743,0.0921697,1.30827,2.49743,0.0917909,1.28743,2.5098,0.117703,1.40242,2.7085,0.118505,1.42479,2.69522,0.0944316,1.42565,2.69522,0.0940247,1.40327,2.7085
0.00844543,1.40817,1.50894,-2.96889,838967905,0.0913108,1.28972,2.5098,0.0916972,1.31057,2.49743,0.0695514,1.31059,2.49743,0.069533,1.28974,2.5098,0.0933285,1.40557,2.7085,0.0937435,1.42795,2.69522,0.069655,1.42798,2.69522,0.0696352,1.40559,2.7085
-0.0112553,1.40897,1.52613,72.1782,838967906,0.069086,1.28974,2.5098,0.0691045,1.31059,2.49743,0.0469587,1.31061,2.49743,0.0473082,1.28976,2.5098,0.0691882,1.40559,2.7085,0.0692081,1.42798,2.69522,0.0451196,1.428,2.69522,0.0454949,1.40561,2.7085
0.0890124,1.40822,1.54346,-23.8587,838967907,0.0467482,1.29204,2.5098,0.0464063,1.31289,2.49743,0.0242733,1.31213,2.49743,0.0249831,1.2913,2.5098,0.0447188,1.40788,2.7085,0.0443516,1.43027,2.69522,0.020277,1.42945,2.69522,0.0210392,1.40708,2.7085
-0.0477103,1.40903,1.56065,-3.69866,838967908,0.0245363,1.29128,2.5098,0.0238266,1.31212,2.49743,0.00169365,1.31136,2.49743,0.00277117,1.29054,2.5098,0.0205925,1.40706,2.7085,0.0198303,1.42944,2.69522,-0.00424427,1.42862,2.69522,-0.00308705,1.40625,2.7085
0.627961,1.40903,-2.97721,47.4389,838968008,-1.27593,-0.200065,2.5098,-1.29632,-0.204382,2.49743,-1.29173,-0.226048,2.49743,-1.27142,-0.221371,2.5098,-1.38926,-0.224054,2.7085,-1.41116,-0.22869,2.69522,-1.40618,-0.252256,2.69522,-1.38435,-0.247234,2.7085
0.294603,1.42607,-0.00819601,-13.5121,838968330,1.29152,-0.0219979,2.55868,1.31245,-0.0212877,2.54647,1.3117,0.000845335,2.54647,1.29078,-0.000232662,2.55868,1.40575,-0.0181217,2.75827,1.42823,-0.0173589,2.74516,1.42741,0.00671573,2.74516,1.40495,0.00555798,2.75827
0.0392378,1.42612,1.49161,-3.0118,838968416,0.113555,1.28665,2.55868,0.114305,1.30757,2.54647,0.092173,1.30837,2.54647,0.0917909,1.28743,2.55868,0.117648,1.40087,2.75827,0.118453,1.42335,2.74516,0.0943798,1.42421,2.74516,0.0939694,1.40172,2.75827
-0.0786434,1.42536,1.50894,-2.22803,838968417,0.0913108,1.28972,2.55868,0.0916973,1.31066,2.54647,0.0695515,1.31068,2.54647,0.069533,1.28974,2.55868,0.0933271,1.40402,2.75827,0.0937422,1.42651,2.74516,0.0696537,1.42653,2.74516,0.0696339,1.40404,2.75827
-0.00959996,1.42616,1.52613,-1.19894,838968418,0.0690861,1.28974,2.55868,0.0691045,1.31068,2.54647,0.0469587,1.3107,2.54647,0.0473083,1.28976,2.55868,0.0691869,1.40404,2.75827,0.0692067,1.42653,2.74516,0.0451182,1.42655,2.74516,0.0454936,1.40406,2.75827
-0.043434,1.4254,1.54346,-1.30153,838968419,0.0467482,1.29204,2.55868,0.0464031,1.31298,2.54647,0.0242701,1.31223,2.54647,0.024983,1.2913,2.55868,0.0447714,1.40634,2.75827,0.0444007,1.42883,2.74516,0.0203262,1.42801,2.74516,0.0210918,1.40553,2.75827
0.0844844,1.42621,1.56065,42.9408,838968420,0.0245363,1.29128,2.55868,0.0238234,1.31221,2.54647,0.00169041,1.31146,2.54647,0.00277115,1.29054,2.55868,0.0206451,1.40552,2.75827,0.0198794,1.42799,2.74516,-0.00419513,1.42717,2.74516,-0.00303444,1.40471,2.75827
0.128495,1.44327,1.49161,-5.39012,838968928,0.113555,1.28665,2.60821,0.114308,1.30767,2.59617,0.0921764,1.30846,2.59617,0.0917909,1.28743,2.60821,0.117592,1.39932,2.80869,0.118401,1.4219,2.79575,0.0943279,1.42276,2.79575,0.0939138,1.40017,2.80869
2.73993,1.44251,1.50895,0.284426,838968929,0.0913108,1.28972,2.60821,0.0916974,1.31076,2.59617,0.0695516,1.31078,2.59617,0.069533,1.28974,2.60821,0.0933257,1.40247,2.80869,0.093741,1.42506,2.79575,0.0696525,1.42508,2.79575,0.0696324,1.40249,2.80869
0.183056,1.44331,1.52613,-28.913,838968930,0.069086,1.28974,2.60821,0.0691046,1.31078,2.59617,0.0469588,1.3108,2.59617,0.0473083,1.28976,2.60821,0.0691855,1.40249,2.80869,0.0692054,1.42508,2.79575,0.0451169,1.4251,2.79575,0.0454922,1.40251,2.80869
0.0257008,1.44255,1.54346,-2.61765,838968931,0.0467482,1.29204,2.60821,0.0463999,1.31308,2.59617,0.0242669,1.31232,2.59617,0.024983,1.2913,2.60821,0.0448243,1.40479,2.80869,0.0444502,1.42738,2.79575,0.0203756,1.42656,2.79575,0.0211447,1.40398,2.80869
-0.00474003,1.44337,1.56065,-3.23768,838968932,0.0245363,1.29128,2.60821,0.0238202,1.31231,2.59617,0.00168723,1.31155,2.59617,0.00277113,1.29054,2.60821,0.020698,1.40396,2.80869,0.0199289,1.42654,2.79575,-0.00414568,1.42572,2.79575,-0.0029816,1.40316,2.80869
0.496433,1.44333,1.59907,43.6671,838968934,-0.0251168,1.29127,2.60821,-0.0265614,1.31226,2.59617,-0.0486549,1.31074,2.59617,-0.0468432,1.28978,2.60821,-0.0328589,1.40375,2.80869,-0.0344103,1.42629,2.79575,-0.0584419,1.42464,2.79575,-0.0564962,1.40213,2.80869
0.0078175,1.46039,1.49162,-3.06448,838969440,0.113555,1.28665,2.65843,0.114311,1.30776,2.64655,0.0921797,1.30855,2.64655,0.091791,1.28743,2.65843,0.117536,1.39776,2.85978,0.118349,1.42044,2.84702,0.0942755,1.4213,2.84702,0.093858,1.39861,2.85978
0.175412,1.45963,1.50895,9.39136,838969441,0.0913108,1.28972,2.65843,0.0916974,1.31085,2.64655,0.0695517,1.31087,2.64655,0.069533,1.28974,2.65843,0.0933244,1.40091,2.85978,0.0937397,1.4236,2.84702,0.0696511,1.42362,2.84702,0.0696311,1.40093,2.85978
-0.0401443,1.46043,1.52613,-3.08957,838969442,0.069086,1.28974,2.65843,0.0691047,1.31087,2.64655,0.0469589,1.31089,2.64655,0.0473082,1.28976,2.65843,0.0691841,1.40093,2.85978,0.0692042,1.42362,2.84702,0.0451157,1.42364,2.84702,0.0454908,1.40095,2.85978
-0.00368507,1.45967,1.54347,-0.61219,838969443,0.0467482,1.29204,2.65843,0.0463967,1.31317,2.64655,0.0242638,1.31241,2.64655,0.024983,1.2913,2.65843,0.0448773,1.40323,2.85978,0.0444999,1.42592,2.84702,0.0204253,1.4251,2.84702,0.0211978,1.40242,2.85978
-0.0355806,1.46049,1.56065,-1.3719,838969444,0.0245363,1.29128,2.65843,0.023817,1.3124,2.64655,0.00168407,1.31165,2.64655,0.00277113,1.29054,2.65843,0.0207511,1.40241,2.85978,0.0199786,1.42508,2.84702,-0.00409598,1.42426,2.84702,-0.00292851,1.4016,2.85978
0.197846,1.45965,1.6164,-2.4073,838969447,-0.0475604,1.29201,2.65843,-0.0493805,1.31306,2.64655,-0.0714075,1.31077,2.64655,-0.0692213,1.28976,2.65843,-0.0571596,1.4028,2.85978,-0.0591143,1.42541,2.84702,-0.0830736,1.42292,2.84702,-0.0807257,1.40035,2.85978
0.246863,1.46035,-0.391774,48.415,838969692,1.18941,-0.50373,2.65843,1.20926,-0.510976,2.64655,1.21686,-0.490174,2.64655,1.19688,-0.483273,2.65843,1.29386,-0.541864,2.85978,1.31517,-0.549647,2.84702,1.32344,-0.527019,2.84702,1.30198,-0.519608,2.85978
0.134612,1.47668,0.427236,-0.162016,838969891,1.18146,0.525349,2.70935,1.20038,0.534969,2.69763,1.19,0.554532,2.69763,1.17126,0.544587,2.70935,1.2792,0.575033,2.91156,1.29951,0.585365,2.89897,1.28822,0.606644,2.89897,1.26809,0.595963,2.91156
0.145805,1.47753,0.828003,3.82248,838969914,0.881953,0.943592,2.70935,0.895608,0.959835,2.69763,0.878656,0.974086,2.69763,0.865283,0.957605,2.70935,0.95249,1.0275,2.91156,0.967155,1.04495,2.89897,0.948716,1.06045,2.89897,0.934354,1.04275,2.91156
0.132033,1.47759,0.862522,18.7311,838969916,0.848816,0.973408,2.70935,0.861895,0.990119,2.69763,0.844456,1.00377,2.69763,0.831667,0.986831,2.70935,0.91638,1.05973,2.91156,0.930426,1.07768,2.89897,0.911457,1.09253,2.89897,0.897722,1.07434,2.91156
0.238202,1.47745,1.00449,11.6053,838969924,0.702617,1.08387,2.70935,0.713246,1.10224,2.69763,0.694078,1.11333,2.69763,0.683768,1.09478,2.70935,0.757524,1.17875,2.91156,0.768939,1.19848,2.89897,0.74809,1.21054,2.89897,0.737017,1.19062,2.91156
0.225012,1.47665,1.02182,5.27455,838969925,0.684422,1.09703,2.70935,0.694728,1.11559,2.69763,0.675184,1.126,2.69763,0.665204,1.10728,2.70935,0.737672,1.19287,2.91156,0.74874,1.2128,2.89897,0.727482,1.22413,2.89897,0.716763,1.20402,2.91156
0.145684,1.47749,1.49162,-0.430585,838969952,0.113555,1.28665,2.70935,0.114315,1.30785,2.69763,0.092183,1.30865,2.69763,0.0917909,1.28743,2.70935,0.11748,1.3962,2.91156,0.118296,1.41897,2.89897,0.094223,1.41984,2.89897,0.0938019,1.39705,2.91156
-0.0822627,1.47672,1.50895,-1.9141,838969953,0.0913107,1.28972,2.70935,0.0916976,1.31094,2.69763,0.0695518,1.31096,2.69763,0.069533,1.28974,2.70935,0.093323,1.39934,2.91156,0.0937384,1.42213,2.89897,0.0696499,1.42215,2.89897,0.0696297,1.39936,2.91156
-0.119908,1.47753,1.52613,-1.90499,838969954,0.069086,1.28974,2.70935,0.0691048,1.31096,2.69763,0.046959,1.31098,2.69763,0.0473082,1.28976,2.70935,0.0691827,1.39936,2.91156,0.0692029,1.42215,2.89897,0.0451144,1.42217,2.89897,0.0454894,1.39938,2.91156
0.145811,1.47677,1.54347,33.8087,838969955,0.0467481,1.29204,2.70935,0.0463937,1.31326,2.69763,0.0242607,1.31251,2.69763,0.024983,1.2913,2.70935,0.0449306,1.40166,2.91156,0.0445499,1.42445,2.89897,0.0204753,1.42363,2.89897,0.021251,1.40086,2.91156
0.025016,1.47759,1.56065,-2.39157,838969956,0.0245363,1.29128,2.70935,0.023814,1.31249,2.69763,0.00168101,1.31174,2.69763,0.00277107,1.29054,2.70935,0.0208043,1.40084,2.91156,0.0200286,1.42362,2.89897,-0.00404596,1.4228,2.89897,-0.00287525,1.40003,2.91156
0.100811,1.47744,1.77165,-2.02068,838969968,-0.246503,1.26796,2.70935,-0.251617,1.28856,2.69763,-0.27311,1.28322,2.69763,-0.267639,1.26272,2.70935,-0.272921,1.37436,2.91156,-0.278413,1.39647,2.89897,-0.301791,1.39067,2.89897,-0.295916,1.36865,2.91156
0.144225,1.47753,2.22427,13.5481,838969994,-0.776107,1.03241,2.70935,-0.789733,1.04868,2.69763,-0.80671,1.03445,2.69763,-0.792802,1.01842,2.70935,-0.846496,1.11644,2.91156,-0.86113,1.13392,2.89897,-0.879596,1.11845,2.89897,-0.86466,1.10123,2.91156
0.148713,1.4767,2.69812,10.1133,838970021,-1.16294,0.565053,2.70935,-1.18247,0.573364,2.69763,-1.19079,0.55284,2.69763,-1.17112,0.54487,2.70935,-1.26382,0.607999,2.91156,-1.28479,0.616925,2.89897,-1.29384,0.5946,2.89897,-1.27272,0.58604,2.91156
0.164423,1.47672,-2.33077,-35.4536,838970093,-0.898966,-0.929291,2.70935,-0.912902,-0.945298,2.69763,-0.89595,-0.959548,2.69763,-0.882295,-0.943304,2.70935,-0.970969,-1.01197,2.91156,-0.985936,-1.02916,2.89897,-0.967497,-1.04466,2.89897,-0.952832,-1.02722,2.91156
0.312236,1.47759,-2.27907,-8.42354,838970096,-0.848816,-0.973408,2.70935,-0.861895,-0.990119,2.69763,-0.844456,-1.00377,2.69763,-0.831667,-0.986831,2.70935,-0.91638,-1.05973,2.91156,-0.930426,-1.07768,2.89897,-0.911457,-1.09253,2.89897,-0.897722,-1.07434,2.91156
0.152277,1.47665,-1.77071,-21.0109,838970125,-0.267939,-1.26496,2.70935,-0.271277,-1.28592,2.69763,-0.24935,-1.28902,2.69763,-0.246376,-1.26801,2.70935,-0.285199,-1.37323,2.91156,-0.288784,-1.39574,2.89897,-0.264933,-1.39912,2.89897,-0.261739,-1.37655,2.91156
0.0932784,1.4767,-1.14161,24.396,838970161,0.527658,-1.18038,2.70935,0.537275,-1.1993,2.69763,0.55684,-1.18892,2.69763,0.546897,-1.17018,2.70935,0.577329,-1.27812,2.91156,0.587658,-1.29844,2.89897,0.608939,-1.28715,2.89897,0.59826,-1.26702,2.91156
0.196709,1.47751,-0.80987,6.08853,838970180,0.882378,-0.943196,2.70935,0.897627,-0.957953,2.69763,0.913028,-0.94204,2.69763,0.897523,-0.927547,2.70935,0.961152,-1.01943,2.91156,0.977529,-1.03528,2.89897,0.99428,-1.01797,2.89897,0.977629,-1.0024,2.91156
0.151976,1.47753,-0.56826,3.00501,838970194,1.08241,-0.704701,2.70935,1.10077,-0.715328,2.69763,1.11186,-0.696159,2.69763,1.09331,-0.685851,2.70935,1.17729,-0.759596,2.91156,1.19702,-0.771008,2.89897,1.20908,-0.750157,2.89897,1.18916,-0.739087,2.91156
