energy,eta,phi,time,detid,front_1_x,front_1_y,front_1_z,front_2_x,front_2_y,front_2_z,front_3_x,front_3_y,front_3_z,front_4_x,front_4_y,front_4_z,back_1_x,back_1_y,back_1_z,back_2_x,back_2_y,back_2_z,back_3_x,back_3_y,back_3_z,back_4_x,back_4_y,back_4_z
0.212354,-0.0302642,2.78357,48.4011,838861994,-1.21481,0.442906,-0.0508939,-1.215,0.442975,-0.0273468,-1.20615,0.462887,-0.0273468,-1.20597,0.462808,-0.0508939,-1.42661,0.532623,-0.054686,-1.4268,0.532698,-0.0292388,-1.41633,0.556277,-0.0292388,-1.41613,0.556192,-0.054686
0.138751,-0.19059,0.184837,-83.2834,838866453,1.26746,0.248127,-0.258872,1.27028,0.248526,-0.236756,1.27333,0.226889,-0.236756,1.2705,0.226563,-0.258872,1.49283,0.279948,-0.292181,1.49615,0.280417,-0.26615,1.49976,0.25488,-0.26615,1.49642,0.254496,-0.292181
0.0950298,-0.364135,0.25379,-1.51305,838871577,1.24745,0.334991,-0.492617,1.25392,0.336371,-0.471046,1.25849,0.314938,-0.471046,1.25199,0.313692,-0.492617,1.46144,0.380629,-0.563617,1.46898,0.382238,-0.538468,1.47433,0.357132,-0.538468,1.46676,0.35568,-0.563617
0.0956823,-0.363822,0.270963,-71.6611,838871578,1.24282,0.356703,-0.492617,1.24926,0.358216,-0.471046,1.25383,0.336783,-0.471046,1.24736,0.335404,-0.492617,1.45603,0.405992,-0.563617,1.46354,0.407756,-0.538468,1.46889,0.382651,-0.538468,1.46135,0.381042,-0.563617
0.311425,-0.695398,-2.38363,34.6963,838881514,-0.931299,-0.896954,-0.987001,-0.940756,-0.905184,-0.968162,-0.954907,-0.888347,-0.968162,-0.945311,-0.880282,-0.987001,-1.07437,-1.02153,-1.11712,-1.08519,-1.03094,-1.09557,-1.10149,-1.01155,-1.09557,-1.09052,-1.00232,-1.11712
0.200233,-0.80331,-2.52172,44.6195,838884578,-1.04587,-0.760265,-1.16882,-1.05783,-0.768058,-1.15074,-1.06952,-0.749375,-1.15074,-1.05742,-0.741804,-1.16882,-1.19578,-0.85761,-1.31362,-1.20926,-0.866395,-1.29324,-1.22256,-0.84515,-1.29324,-1.20892,-0.836615,-1.31362
0.154873,-0.803906,-0.793564,-35.1843,838884677,0.913833,-0.912833,-1.16882,0.923389,-0.923432,-1.15074,0.907021,-0.938191,-1.15074,0.897659,-0.927416,-1.16882,1.03351,-1.04556,-1.31362,1.04428,-1.05751,-1.29324,1.02567,-1.0743,-1.29324,1.01512,-1.06215,-1.31362
0.189621,-0.854809,2.78329,16.9791,838886058,-1.21482,0.4429,-1.26018,-1.22859,0.448731,-1.24266,-1.21964,0.468872,-1.24266,-1.20597,0.462802,-1.26018,-1.37419,0.510445,-1.41169,-1.38971,0.517018,-1.39194,-1.37953,0.539921,-1.39194,-1.36413,0.533078,-1.41169
0.26421,-0.871971,2.36519,-5.3223,838886546,-0.930328,0.89796,-1.2913,-0.940682,0.909052,-1.27397,-0.924313,0.923811,-1.27397,-0.914154,0.912543,-1.2913,-1.04714,1.02305,-1.445,-1.05882,1.03556,-1.42546,-1.0402,1.05234,-1.42546,-1.02875,1.03964,-1.445
0.983267,-0.872577,2.38253,-0.569762,838886547,-0.944814,0.880782,-1.2913,-0.955361,0.891689,-1.27397,-0.939517,0.90701,-1.27397,-0.929159,0.895922,-1.2913,-1.06378,1.0038,-1.445,-1.07567,1.01609,-1.42546,-1.05765,1.03352,-1.42546,-1.04598,1.02102,-1.445
0.262557,-0.9069,2.73158,3.90144,838887591,-1.18908,0.50452,-1.3548,-1.20314,0.511365,-1.3378,-1.19348,0.531198,-1.3378,-1.17955,0.524101,-1.3548,-1.33961,0.577804,-1.51253,-1.35534,0.585463,-1.4935,-1.34443,0.607865,-1.4935,-1.32884,0.599923,-1.51253
0.183644,-0.957569,1.35248,43.4372,838889048,0.269018,1.26473,-1.45268,0.273211,1.28042,-1.43625,0.29442,1.27435,-1.43625,0.289956,1.25874,-1.45268,0.310754,1.42095,-1.6163,0.315447,1.4385,-1.59791,0.339403,1.43165,-1.59791,0.334408,1.41418,-1.6163
0.159012,-0.958229,3.08064,-11.8754,838889147,-1.28993,0.0674049,-1.45268,-1.30607,0.0690903,-1.43625,-1.30378,0.0910298,-1.43625,-1.28766,0.089065,-1.45268,-1.45072,0.0841893,-1.6163,-1.46879,0.0860753,-1.59791,-1.46621,0.110857,-1.59791,-1.44817,0.108658,-1.6163
0.290734,-0.974728,1.14147,48.9461,838889548,0.527922,1.18026,-1.48631,0.535408,1.19501,-1.46997,0.554909,1.18466,-1.46997,0.547159,1.17006,-1.48631,0.600494,1.3227,-1.65172,0.60881,1.33908,-1.63357,0.63069,1.32747,-1.63357,0.622081,1.31124,-1.65172
0.122605,-0.975349,2.06795,14.2801,838889601,-0.625956,1.1299,-1.48631,-0.633215,1.14476,-1.46997,-0.61338,1.15445,-1.46997,-0.606389,1.13946,-1.48631,-0.696129,1.27351,-1.65172,-0.704193,1.29001,-1.63357,-0.681938,1.30089,-1.63357,-0.674172,1.28424,-1.65172
0.573306,-0.975443,2.93865,0.0842316,838889651,-1.26724,0.249236,-1.48631,-1.28329,0.253222,-1.46997,-1.27797,0.274648,-1.46997,-1.26199,0.270372,-1.48631,-1.42236,0.287769,-1.65172,-1.44019,0.292196,-1.63357,-1.43421,0.316236,-1.63357,-1.41647,0.311486,-1.65172
0.687027,-0.992581,2.66253,29.5403,838890147,-1.15137,0.58529,-1.52031,-1.16585,0.593638,-1.50416,-1.15482,0.612764,-1.50416,-1.14049,0.604157,-1.52031,-1.28823,0.664188,-1.68749,-1.30432,0.673461,-1.66955,-1.29195,0.694921,-1.66955,-1.27603,0.68536,-1.68749
0.21753,-0.992601,2.93865,-27.3358,838890163,-1.26724,0.249236,-1.52031,-1.28346,0.253266,-1.50416,-1.27814,0.274691,-1.50416,-1.26199,0.270372,-1.52031,-1.42056,0.287321,-1.68749,-1.43858,0.291797,-1.66955,-1.43261,0.315837,-1.66955,-1.41467,0.311038,-1.68749
0.118713,-0.991961,2.95583,19.7938,838890164,-1.2726,0.227677,-1.52031,-1.28889,0.231417,-1.50416,-1.28357,0.252842,-1.50416,-1.26735,0.248812,-1.52031,-1.42656,0.26318,-1.68749,-1.44466,0.267334,-1.66955,-1.43868,0.291373,-1.66955,-1.42066,0.286897,-1.68749
0.17746,-1.00965,3.08062,2.62407,838890683,-1.28993,0.067406,-1.55471,-1.30673,0.06916,-1.53874,-1.30444,0.0911171,-1.53874,-1.28766,0.0890661,-1.55471,-1.44518,0.0836121,-1.72364,-1.46385,0.0855604,-1.70591,-1.46128,0.110196,-1.70591,-1.44265,0.107918,-1.72364
0.135952,-1.00964,-3.13353,10.3593,838890687,-1.29152,-0.0217188,-1.55471,-1.30841,-0.0211422,-1.53874,-1.30765,0.000921301,-1.53874,-1.29078,4.63127e-05,-1.55471,-1.44753,-0.0163906,-1.72364,-1.46629,-0.0157502,-1.70591,-1.46544,0.00900521,-1.70591,-1.4467,0.00803326,-1.72364
1.19055,-1.00897,-3.11636,-3.11517,838890688,-1.29228,-0.0439205,-1.55471,-1.30918,-0.0436423,-1.53874,-1.30842,-0.0215788,-1.53874,-1.29154,-0.0221554,-1.55471,-1.44838,-0.0412511,-1.72364,-1.46715,-0.0409421,-1.70591,-1.4663,-0.0161867,-1.70591,-1.44755,-0.0168272,-1.72364
0.245555,-1.00964,-3.09902,-4.47941,838890689,-1.28998,-0.0662687,-1.55471,-1.30688,-0.0662821,-1.53874,-1.3069,-0.0442057,-1.53874,-1.29,-0.0444909,-1.55471,-1.44609,-0.0663925,-1.72364,-1.46485,-0.0664074,-1.70591,-1.46487,-0.0416376,-1.70591,-1.44611,-0.0419544,-1.72364
0.449849,-1.02683,2.31346,1.14722,838891151,-0.881749,0.943783,-1.58952,-0.892732,0.956854,-1.57374,-0.87583,0.971055,-1.57374,-0.865076,0.957792,-1.58952,-0.980949,1.06185,-1.76019,-0.993148,1.07636,-1.74266,-0.974184,1.0923,-1.74266,-0.962239,1.07757,-1.76019
0.195787,-1.02613,2.33063,-10.0462,838891152,-0.898757,0.929492,-1.58952,-0.909968,0.942371,-1.57374,-0.893066,0.956573,-1.57374,-0.882084,0.943502,-1.58952,-0.999994,1.04584,-1.76019,-1.01245,1.06015,-1.74266,-0.993483,1.07608,-1.74266,-0.981283,1.06156,-1.76019
0.164549,-1.02607,-3.11636,17.3721,838891200,-1.29228,-0.0439206,-1.58952,-1.30935,-0.0436362,-1.57374,-1.3086,-0.0215726,-1.57374,-1.29154,-0.0221555,-1.58952,-1.44649,-0.0413159,-1.76019,-1.46545,-0.0409999,-1.74266,-1.46461,-0.0162446,-1.74266,-1.44565,-0.0168921,-1.76019
0.106613,-1.0603,1.77056,86.5418,838892144,-0.267656,1.26502,-1.66072,-0.270425,1.28236,-1.64521,-0.248549,1.28545,-1.64521,-0.246093,1.26807,-1.66072,-0.291189,1.41367,-1.83468,-0.294242,1.43279,-1.81758,-0.269859,1.43624,-1.81758,-0.267151,1.41707,-1.83468
0.154251,-1.06107,2.31344,-1.40916,838892175,-0.881748,0.943783,-1.66072,-0.89304,0.957222,-1.64521,-0.876125,0.971434,-1.64521,-0.865075,0.957793,-1.66072,-0.978554,1.059,-1.83468,-0.991006,1.07382,-1.81758,-0.972152,1.08966,-1.81758,-0.959967,1.07461,-1.83468
0.136685,-1.0775,2.36514,19.2414,838892690,-0.93033,0.897958,-1.6971,-0.942426,0.910902,-1.68178,-0.926018,0.925696,-1.68178,-0.914156,0.912541,-1.6971,-1.03174,1.00669,-1.87262,-1.04508,1.02097,-1.85572,-1.02679,1.03746,-1.85572,-1.01371,1.02295,-1.87262
0.153394,-1.07824,3.01157,19.7682,838892727,-1.28211,0.156203,-1.6971,-1.29956,0.159267,-1.68178,-1.29574,0.181027,-1.68178,-1.27834,0.177652,-1.6971,-1.42853,0.181921,-1.87262,-1.44777,0.1853,-1.85572,-1.44351,0.209554,-1.85572,-1.42433,0.205833,-1.87262
0.122121,-1.11182,2.57222,27.7037,838893726,-1.09498,0.687438,-1.77121,-1.10976,0.697768,-1.75626,-1.09679,0.715653,-1.75626,-1.0822,0.705068,-1.77121,-1.2138,0.770527,-1.94979,-1.2301,0.781918,-1.9333,-1.21564,0.801852,-1.9333,-1.19955,0.79018,-1.94979
0.0977308,-1.11174,2.78323,-7.30134,838893738,-1.21482,0.442897,-1.77121,-1.23142,0.44993,-1.75626,-1.22245,0.470119,-1.75626,-1.20597,0.462799,-1.77121,-1.34831,0.499479,-1.94979,-1.36662,0.507235,-1.9333,-1.35662,0.529738,-1.9333,-1.33846,0.521665,-1.94979
0.155229,-1.12961,2.20597,-6.45216,838894217,-0.77542,1.03293,-1.80898,-0.785601,1.04799,-1.79421,-0.767295,1.06036,-1.79421,-0.757375,1.04512,-1.80898,-0.855541,1.15149,-1.98905,-0.866768,1.16811,-1.97277,-0.846364,1.1819,-1.97277,-0.835425,1.16509,-1.98905
0.269761,-1.12884,2.43416,-43.9603,838894230,-0.990076,0.831679,-1.80898,-1.00338,0.844074,-1.79421,-0.988049,0.859978,-1.79421,-0.974959,0.847356,-1.80898,-1.09482,0.92921,-1.98905,-1.1095,0.942878,-1.97277,-1.09241,0.960605,-1.97277,-1.07797,0.946686,-1.98905
0.356887,-1.12955,2.45149,-3.60087,838894231,-1.00332,0.813537,-1.80898,-1.01685,0.825695,-1.79421,-1.00208,0.842124,-1.79421,-0.988763,0.829733,-1.80898,-1.10974,0.909209,-1.98905,-1.12465,0.922615,-1.97277,-1.10819,0.940928,-1.97277,-1.09351,0.927263,-1.98905
0.00467827,-1.12964,2.6625,99.6234,838894243,-1.15137,0.585291,-1.80898,-1.16712,0.594372,-1.79421,-1.15609,0.613512,-1.79421,-1.14049,0.604158,-1.80898,-1.27534,0.656759,-1.98905,-1.29271,0.666773,-1.97277,-1.28042,0.688108,-1.97277,-1.26322,0.677792,-1.98905
0.10453,-1.15123,2.39964,-7.94231,838894740,-0.960783,0.865339,-1.8594,-0.973898,0.878426,-1.84468,-0.958006,0.893795,-1.84468,-0.945128,0.880479,-1.8594,-1.06072,0.965311,-2.04086,-1.07508,0.979641,-2.02474,-1.05748,0.996661,-2.02474,-1.04338,0.98208,-2.04086
0.148435,-1.15199,2.69701,22.7464,838894757,-1.17093,0.545237,-1.8594,-1.18729,0.553922,-1.84468,-1.17692,0.57345,-1.84468,-1.16072,0.564472,-1.8594,-1.29577,0.611506,-2.04086,-1.31368,0.621016,-2.02474,-1.30221,0.642642,-2.02474,-1.28446,0.632812,-2.04086
-0.0707315,-1.16841,2.71419,-3.33203,838895270,-1.18134,0.525611,-1.89852,-1.19799,0.534072,-1.88398,-1.18762,0.5536,-1.88398,-1.17113,0.544847,-1.89852,-1.30572,0.588978,-2.08135,-1.32394,0.598242,-2.06543,-1.31246,0.619868,-2.06543,-1.29441,0.610284,-2.08135
0.0313954,-1.16912,2.73152,-3.50784,838895271,-1.18908,0.504523,-1.89852,-1.20586,0.512695,-1.88398,-1.19618,0.532572,-1.88398,-1.17955,0.524104,-1.89852,-1.31456,0.565615,-2.08135,-1.33294,0.574563,-2.06543,-1.32222,0.596576,-2.06543,-1.304,0.587303,-2.08135
0.0361964,-1.16839,2.7487,-52.7604,838895272,-1.1988,0.484546,-1.89852,-1.21573,0.49242,-1.88398,-1.20606,0.512298,-1.88398,-1.18927,0.504127,-1.89852,-1.32531,0.54353,-2.08135,-1.34385,0.552152,-2.06543,-1.33313,0.574166,-2.06543,-1.31476,0.565218,-2.08135
0.0255188,-1.16911,2.76603,-3.39011,838895273,-1.2058,0.463201,-1.89852,-1.22286,0.470781,-1.88398,-1.21388,0.490985,-1.88398,-1.19695,0.483102,-1.89852,-1.33334,0.519873,-2.08135,-1.35202,0.528173,-2.06543,-1.34208,0.550547,-2.06543,-1.32354,0.541916,-2.08135
0.0293515,-1.16838,2.78322,-3.12431,838895274,-1.21482,0.442896,-1.89852,-1.23201,0.450174,-1.88398,-1.22303,0.470378,-1.88398,-1.20598,0.462798,-1.89852,-1.34331,0.497426,-2.08135,-1.36214,0.505395,-2.06543,-1.3522,0.52777,-2.06543,-1.33352,0.519469,-2.08135
0.139042,-1.16915,3.04607,44.0374,838895289,-1.28679,0.111874,-1.89852,-1.30528,0.11446,-1.88398,-1.30222,0.136355,-1.88398,-1.28378,0.133442,-1.89852,-1.42501,0.131203,-2.08135,-1.44526,0.134034,-2.06543,-1.44187,0.158282,-2.06543,-1.42167,0.155092,-2.08135
0.513864,-1.18551,2.43415,-2.02232,838895766,-0.990077,0.831678,-1.93814,-1.00385,0.844495,-1.92378,-0.988499,0.86041,-1.92378,-0.97496,0.847355,-1.93814,-1.09088,0.925627,-2.12232,-1.10596,0.939661,-2.1066,-1.08897,0.957286,-2.1066,-1.07414,0.942991,-2.12232
0.11445,-1.18624,2.45148,-20.62,838895767,-1.00332,0.813538,-1.93814,-1.01731,0.826113,-1.92378,-1.00253,0.842554,-1.92378,-0.988763,0.829734,-1.93814,-1.10578,0.905651,-2.12232,-1.1211,0.91942,-2.1066,-1.10473,0.937628,-2.1066,-1.08966,0.92359,-2.12232
-0.0733142,-1.18554,2.71418,-2.12289,838895782,-1.18134,0.525611,-1.93814,-1.19811,0.534138,-1.92378,-1.18775,0.553665,-1.92378,-1.17113,0.544847,-1.93814,-1.30414,0.58814,-2.12232,-1.3225,0.597477,-2.1066,-1.31102,0.619102,-2.1066,-1.29283,0.609446,-2.12232
0.0938937,-1.18626,2.73152,-2.32596,838895783,-1.18908,0.504523,-1.93814,-1.20599,0.512756,-1.92378,-1.19631,0.532634,-1.92378,-1.17955,0.524104,-1.93814,-1.31296,0.564833,-2.12232,-1.33147,0.573848,-2.1066,-1.32076,0.595861,-2.1066,-1.3024,0.586521,-2.12232
0.24588,-1.18552,2.7487,2.81788,838895784,-1.1988,0.484546,-1.93814,-1.21586,0.492481,-1.92378,-1.20618,0.512359,-1.92378,-1.18927,0.504127,-1.93814,-1.32371,0.542748,-2.12232,-1.34238,0.551437,-2.1066,-1.33167,0.573451,-2.1066,-1.31315,0.564436,-2.12232
-0.0948251,-1.18624,2.76603,-3.73104,838895785,-1.2058,0.463201,-1.93814,-1.22298,0.470838,-1.92378,-1.21401,0.491042,-1.92378,-1.19695,0.483102,-1.93814,-1.3317,0.519147,-2.12232,-1.35053,0.52751,-2.1066,-1.34058,0.549884,-2.1066,-1.32191,0.541191,-2.12232
-0.0453091,-1.18551,2.78321,-4.60389,838895786,-1.21482,0.442896,-1.93814,-1.23214,0.450231,-1.92378,-1.22316,0.470435,-1.92378,-1.20598,0.462798,-1.93814,-1.34168,0.4967,-2.12232,-1.36065,0.504732,-2.1066,-1.3507,0.527107,-2.1066,-1.33188,0.518744,-2.12232
0.129618,-1.20339,2.34793,21.2313,838896273,-0.913829,0.912836,-1.97827,-0.926517,0.926907,-1.9641,-0.910098,0.941712,-1.9641,-0.897655,0.927419,-1.97827,-1.00489,1.01382,-2.16379,-1.01878,1.02923,-2.14826,-1.0006,1.04563,-2.14826,-0.986971,1.02998,-2.16379
-0.0555512,-1.20336,2.48599,-1.91951,838896281,-1.03078,0.778423,-1.97827,-1.0453,0.79059,-1.9641,-1.03111,0.807538,-1.9641,-1.0168,0.795117,-1.97827,-1.13502,0.865746,-2.16379,-1.15092,0.879069,-2.14826,-1.1352,0.897837,-2.14826,-1.11953,0.884236,-2.16379
-0.0219393,-1.20263,2.50317,-2.61637,838896282,-1.04505,0.761391,-1.97827,-1.05979,0.773305,-1.9641,-1.04559,0.790252,-1.9641,-1.03106,0.778085,-1.97827,-1.15079,0.846917,-2.16379,-1.16693,0.859962,-2.14826,-1.1512,0.878731,-2.14826,-1.1353,0.865407,-2.16379
0.0668614,-1.20338,2.52051,-1.98849,838896283,-1.057,0.74237,-1.97827,-1.07194,0.754023,-1.9641,-1.05834,0.771456,-1.9641,-1.0436,0.759543,-1.97827,-1.16422,0.825999,-2.16379,-1.18058,0.838759,-2.14826,-1.16552,0.858065,-2.14826,-1.14938,0.845019,-2.16379
-0.00821246,-1.20266,2.53769,-3.18058,838896284,-1.07066,0.72485,-1.97827,-1.0858,0.736242,-1.9641,-1.07221,0.753675,-1.9641,-1.05727,0.742023,-1.97827,-1.17932,0.806631,-2.16379,-1.19591,0.819105,-2.14826,-1.18085,0.838411,-2.14826,-1.16449,0.825651,-2.16379
0.147392,-1.20341,2.55502,-14.0076,838896285,-1.08194,0.705424,-1.97827,-1.09727,0.716548,-1.9641,-1.08429,0.734445,-1.9641,-1.06915,0.723054,-1.97827,-1.19201,0.785257,-2.16379,-1.20881,0.797438,-2.14826,-1.19443,0.817258,-2.14826,-1.17785,0.804784,-2.16379
0.109292,-1.20268,2.67966,29.2695,838896292,-1.16246,0.566042,-1.97827,-1.17904,0.575218,-1.9641,-1.168,0.594372,-1.9641,-1.15159,0.584909,-1.97827,-1.28144,0.631922,-2.16379,-1.29959,0.64197,-2.14826,-1.28737,0.663182,-2.14826,-1.26939,0.65282,-2.16379
0.0498587,-1.20265,2.71418,-3.6182,838896294,-1.18134,0.525611,-1.97827,-1.19823,0.534203,-1.9641,-1.18787,0.553731,-1.9641,-1.17113,0.544847,-1.97827,-1.30255,0.587296,-2.16379,-1.32104,0.596704,-2.14826,-1.30956,0.61833,-2.14826,-1.29124,0.608602,-2.16379
0.175121,-1.20337,2.73152,5.24366,838896295,-1.18908,0.504523,-1.97827,-1.20611,0.512817,-1.9641,-1.19644,0.532695,-1.9641,-1.17955,0.524104,-1.97827,-1.31134,0.564045,-2.16379,-1.32999,0.573126,-2.14826,-1.31927,0.59514,-2.14826,-1.30078,0.585733,-2.16379
3.6006,-1.20263,2.7487,-1.74045,838896296,-1.1988,0.484546,-1.97827,-1.21598,0.492542,-1.9641,-1.20631,0.51242,-1.9641,-1.18927,0.504127,-1.97827,-1.32209,0.54196,-2.16379,-1.3409,0.550716,-2.14826,-1.33018,0.57273,-2.14826,-1.31153,0.563648,-2.16379
0.104478,-1.20335,2.76603,19.9347,838896297,-1.2058,0.463201,-1.97827,-1.22311,0.470894,-1.9641,-1.21413,0.491098,-1.9641,-1.19695,0.483102,-1.97827,-1.33006,0.518416,-2.16379,-1.34902,0.52684,-2.14826,-1.33908,0.549215,-2.14826,-1.32026,0.540459,-2.16379
0.0099135,-1.20262,2.78321,-2.519,838896298,-1.21482,0.442896,-1.97827,-1.23227,0.450287,-1.9641,-1.22329,0.470491,-1.9641,-1.20598,0.462798,-1.97827,-1.34003,0.495969,-2.16379,-1.35914,0.504063,-2.14826,-1.3492,0.526437,-2.14826,-1.33024,0.518013,-2.16379
0.216962,-1.21977,0.236199,40.6429,838896664,1.25434,0.313603,-2.01894,1.27308,0.317255,-2.00495,1.27693,0.295485,-2.00495,1.25814,0.292158,-2.01894,1.38604,0.339296,-2.20576,1.40656,0.343295,-2.19045,1.41083,0.319186,-2.19045,1.39025,0.315543,-2.20576
0.0603785,-1.2197,2.46866,-3.26056,838896792,-1.01818,0.797015,-2.01894,-1.03259,0.809528,-2.00495,-1.01781,0.825969,-2.00495,-1.00362,0.81321,-2.01894,-1.11952,0.884969,-2.20576,-1.1353,0.898671,-2.19045,-1.11893,0.916879,-2.19045,-1.10339,0.902908,-2.20576
0.110266,-1.22045,2.48599,-3.62029,838896793,-1.03078,0.778423,-2.01894,-1.04541,0.790678,-2.00495,-1.03121,0.807626,-2.00495,-1.0168,0.795117,-2.01894,-1.13363,0.864581,-2.20576,-1.14964,0.878001,-2.19045,-1.13392,0.896769,-2.19045,-1.11814,0.883072,-2.20576
0.28163,-1.21972,2.50317,-3.46096,838896794,-1.04505,0.761391,-2.01894,-1.05989,0.773393,-2.00495,-1.04569,0.79034,-2.00495,-1.03106,0.778085,-2.01894,-1.1494,0.845752,-2.20576,-1.16565,0.858895,-2.19045,-1.14993,0.877663,-2.19045,-1.13391,0.864243,-2.20576
1.44808,-1.22047,2.52051,-0.0210257,838896795,-1.057,0.74237,-2.01894,-1.07204,0.754107,-2.00495,-1.05845,0.77154,-2.00495,-1.0436,0.759543,-2.01894,-1.16279,0.824884,-2.20576,-1.17927,0.837736,-2.19045,-1.16421,0.857042,-2.19045,-1.14795,0.843904,-2.20576
0.162404,-1.21975,2.53769,0.526713,838896796,-1.07066,0.72485,-2.01894,-1.08591,0.736327,-2.00495,-1.07232,0.75376,-2.00495,-1.05727,0.742023,-2.01894,-1.17789,0.805516,-2.20576,-1.19459,0.818082,-2.19045,-1.17954,0.837388,-2.19045,-1.16306,0.824536,-2.20576
0.0219718,-1.2205,2.55502,-4.18436,838896797,-1.08194,0.705424,-2.01894,-1.09739,0.716628,-2.00495,-1.08441,0.734526,-2.00495,-1.06915,0.723054,-2.01894,-1.19055,0.784193,-2.20576,-1.20746,0.796461,-2.19045,-1.19309,0.816281,-2.19045,-1.17638,0.803719,-2.20576
-0.0129559,-1.22055,2.58954,-4.42934,838896799,-1.10557,0.667629,-2.01894,-1.1214,0.678287,-2.00495,-1.10906,0.696627,-2.00495,-1.09341,0.685695,-2.01894,-1.21686,0.742556,-2.20576,-1.2342,0.754227,-2.19045,-1.22053,0.774537,-2.19045,-1.20339,0.762566,-2.20576
0.0973373,-1.21984,2.60672,21.3624,838896800,-1.11798,0.649198,-2.01894,-1.134,0.659582,-2.00495,-1.12165,0.677921,-2.00495,-1.10582,0.667263,-2.01894,-1.23058,0.722181,-2.20576,-1.24812,0.733551,-2.19045,-1.23445,0.753861,-2.19045,-1.21711,0.742191,-2.20576
0.0205323,-1.22057,2.62796,-3.71666,838896801,-1.13042,0.624639,-2.01894,-1.14661,0.634741,-2.00495,-1.1349,0.653498,-2.00495,-1.11889,0.643114,-2.01894,-1.24424,0.695663,-2.20576,-1.26197,0.706725,-2.19045,-1.24901,0.727497,-2.19045,-1.23147,0.716127,-2.20576
0.0875524,-1.21981,2.64514,15.0526,838896802,-1.14218,0.605788,-2.01894,-1.15854,0.61561,-2.00495,-1.14684,0.634367,-2.00495,-1.13065,0.624264,-2.01894,-1.25724,0.674824,-2.20576,-1.27516,0.685579,-2.19045,-1.2622,0.706351,-2.19045,-1.24447,0.695288,-2.20576
0.183634,-1.22052,2.66248,3.80142,838896803,-1.15136,0.585291,-2.01894,-1.1679,0.594823,-2.00495,-1.15686,0.613976,-2.00495,-1.14049,0.604159,-2.01894,-1.2676,0.652297,-2.20576,-1.2857,0.662734,-2.19045,-1.27348,0.683945,-2.19045,-1.25555,0.673195,-2.20576
0.0991025,-1.21977,2.67966,-3.71755,838896804,-1.16246,0.566042,-2.01894,-1.17916,0.575286,-2.00495,-1.16812,0.59444,-2.00495,-1.15159,0.584909,-2.01894,-1.27987,0.631017,-2.20576,-1.29815,0.64114,-2.19045,-1.28592,0.662351,-2.19045,-1.26782,0.651915,-2.20576
0.0597105,-1.22048,2.697,43.197,838896805,-1.17093,0.545237,-2.01894,-1.18778,0.554185,-2.00495,-1.17742,0.573712,-2.00495,-1.16072,0.564472,-2.01894,-1.28943,0.608142,-2.20576,-1.30789,0.61794,-2.19045,-1.29641,0.639566,-2.19045,-1.27812,0.629448,-2.20576
0.0196413,-1.21973,2.71418,-3.3417,838896806,-1.18134,0.525611,-2.01894,-1.19836,0.534267,-2.00495,-1.18799,0.553795,-2.00495,-1.17113,0.544847,-2.01894,-1.30095,0.586446,-2.20576,-1.31958,0.595924,-2.19045,-1.3081,0.61755,-2.19045,-1.28964,0.607752,-2.20576
-0.0156039,-1.22046,2.73151,-3.78614,838896807,-1.18908,0.504523,-2.01894,-1.20624,0.512877,-2.00495,-1.19656,0.532755,-2.00495,-1.17955,0.524104,-2.01894,-1.30971,0.563251,-2.20576,-1.3285,0.572398,-2.19045,-1.31778,0.594412,-2.19045,-1.29915,0.584939,-2.20576
0.115447,-1.21971,2.74869,-4.07008,838896808,-1.1988,0.484546,-2.01894,-1.21611,0.492602,-2.00495,-1.20643,0.51248,-2.00495,-1.18927,0.504127,-2.01894,-1.32046,0.541167,-2.20576,-1.33941,0.549988,-2.19045,-1.32869,0.572002,-2.19045,-1.3099,0.562855,-2.20576
-0.0334927,-1.22044,2.76603,-4.6526,838896809,-1.2058,0.463201,-2.01894,-1.22324,0.47095,-2.00495,-1.21426,0.491154,-2.00495,-1.19695,0.483102,-2.01894,-1.3284,0.51768,-2.20576,-1.3475,0.526165,-2.19045,-1.33756,0.54854,-2.19045,-1.31861,0.539723,-2.20576
-0.00619442,-1.2197,2.78321,-5.10356,838896810,-1.21482,0.442896,-2.01894,-1.23239,0.450343,-2.00495,-1.22342,0.470547,-2.00495,-1.20598,0.462798,-2.01894,-1.33838,0.495233,-2.20576,-1.35762,0.503388,-2.19045,-1.34768,0.525762,-2.19045,-1.32858,0.517277,-2.20576
0.119684,-1.22047,2.86957,33.4206,838896815,-1.24716,0.336086,-2.01894,-1.26531,0.341968,-2.00495,-1.2585,0.363,-2.00495,-1.24044,0.356803,-2.01894,-1.37479,0.377441,-2.20576,-1.39467,0.383882,-2.19045,-1.38712,0.407174,-2.19045,-1.36735,0.400388,-2.20576
0.152795,-1.22055,2.93861,5.7364,838896819,-1.26724,0.249239,-2.01894,-1.28576,0.253839,-2.00495,-1.28043,0.275296,-2.00495,-1.26199,0.270374,-2.01894,-1.39745,0.281583,-2.20576,-1.41773,0.28662,-2.19045,-1.41183,0.310382,-2.19045,-1.39163,0.304993,-2.20576
0.246956,-1.22044,3.11509,12.1471,838896829,-1.2915,0.0228596,-2.01894,-1.31054,0.0241768,-2.00495,-1.30901,0.0462326,-2.00495,-1.29,0.0445855,-2.01894,-1.42535,0.0321194,-2.20576,-1.44619,0.0335617,-2.19045,-1.4445,0.0579871,-2.19045,-1.42368,0.0561835,-2.20576
0.2236,-1.23683,2.08507,-21.4186,838897282,-0.645918,1.12015,-2.06045,-0.654725,1.13739,-2.04655,-0.634849,1.1471,-2.04655,-0.626351,1.12971,-2.06045,-0.706047,1.2382,-2.24849,-0.715626,1.25695,-2.23337,-0.693752,1.26764,-2.23337,-0.684509,1.24873,-2.24849
0.0836662,-1.23683,2.46865,-1.93719,838897304,-1.01818,0.797014,-2.06045,-1.0328,0.809699,-2.04655,-1.01801,0.82615,-2.04655,-1.00362,0.813209,-2.06045,-1.11816,0.883945,-2.24849,-1.13406,0.897742,-2.23337,-1.11778,0.915847,-2.23337,-1.10213,0.901772,-2.24849
0.0607632,-1.23758,2.48598,-26.2394,838897305,-1.03078,0.778424,-2.06045,-1.04562,0.790854,-2.04655,-1.03141,0.807811,-2.04655,-1.0168,0.795118,-2.06045,-1.13232,0.863492,-2.24849,-1.14846,0.877012,-2.23337,-1.13283,0.895674,-2.23337,-1.11693,0.881868,-2.24849
0.628895,-1.23685,2.50317,1.10837,838897306,-1.04505,0.76139,-2.06045,-1.06011,0.773556,-2.04655,-1.0459,0.790514,-2.04655,-1.03106,0.778084,-2.06045,-1.148,0.844777,-2.24849,-1.16438,0.858009,-2.23337,-1.14875,0.876672,-2.23337,-1.13261,0.863152,-2.24849
6.73023,-1.2376,2.5205,-0.0468517,838897307,-1.057,0.742371,-2.06045,-1.07226,0.754275,-2.04655,-1.05865,0.771718,-2.04655,-1.0436,0.759543,-2.06045,-1.16145,0.823841,-2.24849,-1.17805,0.836789,-2.23337,-1.16308,0.855986,-2.23337,-1.14671,0.842743,-2.24849
0.369628,-1.23688,2.53768,4.40888,838897308,-1.07066,0.72485,-2.06045,-1.08614,0.736482,-2.04655,-1.07253,0.753926,-2.04655,-1.05727,0.742022,-2.06045,-1.17646,0.804589,-2.24849,-1.19329,0.817242,-2.23337,-1.17832,0.836439,-2.23337,-1.16172,0.823492,-2.24849
0.000768469,-1.23764,2.55501,-1.75004,838897309,-1.08194,0.705425,-2.06045,-1.0976,0.716788,-2.04655,-1.08462,0.734696,-2.04655,-1.06915,0.723054,-2.06045,-1.18917,0.783197,-2.24849,-1.20621,0.795557,-2.23337,-1.19192,0.815265,-2.23337,-1.1751,0.802602,-2.24849
0.153783,-1.23768,2.58953,2.41954,838897311,-1.10557,0.66763,-2.06045,-1.12163,0.678439,-2.04655,-1.10927,0.69679,-2.04655,-1.09341,0.685695,-2.06045,-1.21546,0.741609,-2.24849,-1.23292,0.753367,-2.23337,-1.21932,0.773562,-2.23337,-1.20207,0.761495,-2.24849
0.0767463,-1.23697,2.60672,-2.26533,838897312,-1.11798,0.649197,-2.06045,-1.13423,0.659721,-2.04655,-1.12187,0.678072,-2.04655,-1.10582,0.667262,-2.06045,-1.22909,0.721357,-2.24849,-1.24676,0.732803,-2.23337,-1.23317,0.752999,-2.23337,-1.2157,0.741242,-2.24849
0.446356,-1.23771,2.62795,0.746927,838897313,-1.13042,0.624639,-2.06045,-1.14684,0.634886,-2.04655,-1.13513,0.653653,-2.04655,-1.11889,0.643115,-2.06045,-1.2428,0.694765,-2.24849,-1.26066,0.70591,-2.23337,-1.24777,0.726565,-2.23337,-1.23011,0.715102,-2.24849
1.51578,-1.23694,2.64514,1.15234,838897314,-1.14218,0.605787,-2.06045,-1.15878,0.615742,-2.04655,-1.14707,0.63451,-2.04655,-1.13065,0.624263,-2.06045,-1.25572,0.674052,-2.24849,-1.27378,0.684879,-2.23337,-1.26089,0.705534,-2.23337,-1.24303,0.694389,-2.24849
2.82321,-1.23766,2.66247,0.645637,838897315,-1.15136,0.585292,-2.06045,-1.16813,0.594959,-2.04655,-1.15708,0.614124,-2.04655,-1.14049,0.60416,-2.06045,-1.26613,0.65145,-2.24849,-1.28437,0.661964,-2.23337,-1.27221,0.683057,-2.23337,-1.25416,0.672218,-2.24849
0.808948,-1.2369,2.67966,0.473393,838897316,-1.16246,0.566041,-2.06045,-1.1794,0.57541,-2.04655,-1.16835,0.594575,-2.04655,-1.15159,0.584908,-2.06045,-1.27832,0.630298,-2.24849,-1.29675,0.640488,-2.23337,-1.28459,0.66158,-2.23337,-1.26635,0.651066,-2.24849
0.159583,-1.23762,2.69699,-26.293,838897317,-1.17093,0.545238,-2.06045,-1.18802,0.554313,-2.04655,-1.17765,0.573852,-2.04655,-1.16072,0.564473,-2.06045,-1.28793,0.607347,-2.24849,-1.30653,0.617218,-2.23337,-1.29511,0.638722,-2.23337,-1.27669,0.628521,-2.24849
0.0644627,-1.23686,2.71417,-1.62081,838897318,-1.18135,0.525611,-2.06045,-1.1986,0.534382,-2.04655,-1.18823,0.553921,-2.04655,-1.17113,0.544846,-2.06045,-1.29938,0.585782,-2.24849,-1.31815,0.595322,-2.23337,-1.30673,0.616826,-2.23337,-1.28814,0.606956,-2.24849
0.0593718,-1.23759,2.73151,-1.10217,838897319,-1.18908,0.504524,-2.06045,-1.20648,0.512997,-2.04655,-1.1968,0.532886,-2.04655,-1.17954,0.524105,-2.06045,-1.30818,0.562509,-2.24849,-1.32711,0.571724,-2.23337,-1.31645,0.593614,-2.23337,-1.29769,0.584062,-2.24849
0.0692456,-1.23684,2.74869,-1.60201,838897320,-1.1988,0.484545,-2.06045,-1.21636,0.492708,-2.04655,-1.20667,0.512598,-2.04655,-1.18927,0.504126,-2.06045,-1.31887,0.540558,-2.24849,-1.33796,0.549436,-2.23337,-1.3273,0.571326,-2.23337,-1.30837,0.562111,-2.24849
0.00199686,-1.23757,2.76602,-1.60963,838897321,-1.2058,0.463202,-2.06045,-1.22348,0.471061,-2.04655,-1.2145,0.491277,-2.04655,-1.19695,0.483103,-2.06045,-1.32685,0.516991,-2.24849,-1.34609,0.52554,-2.23337,-1.3362,0.547789,-2.23337,-1.31712,0.538898,-2.24849
0.000414179,-1.23683,2.7832,-2.36073,838897322,-1.21482,0.442895,-2.06045,-1.23265,0.45044,-2.04655,-1.22366,0.470656,-2.04655,-1.20598,0.462797,-2.06045,-1.33677,0.49468,-2.24849,-1.35616,0.502887,-2.23337,-1.34627,0.525135,-2.23337,-1.32703,0.516586,-2.24849
0.393141,-1.25476,2.17143,5.09011,838897799,-0.739345,1.05911,-2.10248,-0.749682,1.07563,-2.08876,-0.730931,1.08736,-2.08876,-0.720886,1.07067,-2.10248,-0.808729,1.16995,-2.29171,-0.819972,1.18791,-2.27678,-0.799336,1.20083,-2.27678,-0.78841,1.18267,-2.29171
0.188651,-1.25403,2.18862,-14.4805,838897800,-0.75818,1.04732,-2.10248,-0.768808,1.06365,-2.08876,-0.750058,1.07539,-2.08876,-0.739721,1.05888,-2.10248,-0.829423,1.15699,-2.29171,-0.840983,1.17476,-2.27678,-0.820347,1.18767,-2.27678,-0.809104,1.16971,-2.29171
0.0979988,-1.25475,2.38244,-13.4086,838897811,-0.94481,0.880786,-2.10248,-0.958352,0.894789,-2.08876,-0.94245,0.910168,-2.08876,-0.929155,0.895926,-2.10248,-1.03571,0.974783,-2.29171,-1.05044,0.990014,-2.27678,-1.03294,1.00694,-2.27678,-1.01848,0.991447,-2.29171
0.0161576,-1.25399,2.46865,-2.51493,838897816,-1.01818,0.797014,-2.10248,-1.03289,0.809782,-2.08876,-1.0181,0.826233,-2.08876,-1.00362,0.813209,-2.10248,-1.11689,0.882804,-2.29171,-1.13289,0.896692,-2.27678,-1.11662,0.914797,-2.27678,-1.10086,0.900631,-2.29171
-0.074112,-1.25474,2.48598,-1.68449,838897817,-1.03078,0.778424,-2.10248,-1.04571,0.790934,-2.08876,-1.03151,0.807891,-2.08876,-1.0168,0.795118,-2.10248,-1.13102,0.862396,-2.29171,-1.14726,0.876003,-2.27678,-1.13162,0.894665,-2.27678,-1.11562,0.880771,-2.29171
0.180391,-1.25401,2.50317,-14.378,838897818,-1.04505,0.76139,-2.10248,-1.0602,0.773636,-2.08876,-1.046,0.790594,-2.08876,-1.03106,0.778084,-2.10248,-1.14669,0.84368,-2.29171,-1.16318,0.857,-2.27678,-1.14754,0.875663,-2.27678,-1.1313,0.862056,-2.29171
0.532613,-1.25476,2.5205,-5.04175,838897819,-1.057,0.742371,-2.10248,-1.07236,0.754352,-2.08876,-1.05875,0.771795,-2.08876,-1.0436,0.759543,-2.10248,-1.1601,0.822791,-2.29171,-1.17681,0.835822,-2.27678,-1.16184,0.855019,-2.27678,-1.14536,0.841693,-2.29171
0.161264,-1.25403,2.53768,4.23692,838897820,-1.07066,0.72485,-2.10248,-1.08623,0.736559,-2.08876,-1.07263,0.754002,-2.08876,-1.05727,0.742022,-2.10248,-1.17512,0.80354,-2.29171,-1.19206,0.816276,-2.27678,-1.17708,0.835473,-2.27678,-1.16038,0.822442,-2.29171
0.0173933,-1.2548,2.55501,-2.44421,838897821,-1.08194,0.705425,-2.10248,-1.09771,0.716862,-2.08876,-1.08472,0.73477,-2.08876,-1.06915,0.723054,-2.10248,-1.18779,0.782195,-2.29171,-1.20494,0.794634,-2.27678,-1.19065,0.814343,-2.27678,-1.17372,0.8016,-2.29171
0.0322766,-1.25484,2.58953,-3.02989,838897823,-1.10557,0.66763,-2.10248,-1.12173,0.678509,-2.08876,-1.10938,0.69686,-2.08876,-1.09341,0.685695,-2.10248,-1.21404,0.740656,-2.29171,-1.23162,0.752489,-2.27678,-1.21802,0.772685,-2.27678,-1.20065,0.760541,-2.29171
0.0366341,-1.25412,2.60672,-2.34077,838897824,-1.11798,0.649197,-2.10248,-1.13433,0.659791,-2.08876,-1.12198,0.678142,-2.08876,-1.10582,0.667262,-2.10248,-1.22768,0.720403,-2.29171,-1.24546,0.731926,-2.27678,-1.23186,0.752122,-2.27678,-1.21429,0.740289,-2.29171
0.653359,-1.25487,2.62795,-0.564165,838897825,-1.13042,0.624639,-2.10248,-1.14694,0.634952,-2.08876,-1.13523,0.65372,-2.08876,-1.11889,0.643115,-2.10248,-1.24135,0.693862,-2.29171,-1.25933,0.705078,-2.27678,-1.24644,0.725733,-2.27678,-1.22866,0.714199,-2.29171
11.8472,-1.2541,2.64514,0.259485,838897826,-1.14218,0.605787,-2.10248,-1.15889,0.615808,-2.08876,-1.14718,0.634576,-2.08876,-1.13065,0.624263,-2.10248,-1.25428,0.673148,-2.29171,-1.27245,0.684047,-2.27678,-1.25956,0.704702,-2.27678,-1.24159,0.693486,-2.29171
71.3931,-1.25482,2.66247,0.180852,838897827,-1.15136,0.585292,-2.10248,-1.16824,0.595021,-2.08876,-1.15719,0.614187,-2.08876,-1.14049,0.60416,-2.10248,-1.26465,0.650598,-2.29171,-1.28301,0.66118,-2.27678,-1.27085,0.682272,-2.27678,-1.25268,0.671366,-2.29171
3.15376,-1.25405,2.67965,0.047676,838897828,-1.16246,0.566041,-2.10248,-1.17951,0.575472,-2.08876,-1.16846,0.594637,-2.08876,-1.15159,0.584908,-2.10248,-1.27684,0.629446,-2.29171,-1.29539,0.639704,-2.27678,-1.28323,0.660796,-2.27678,-1.26487,0.650214,-2.29171
0.256682,-1.25478,2.69699,-9.52864,838897829,-1.17093,0.545238,-2.10248,-1.18813,0.554371,-2.08876,-1.17776,0.573911,-2.08876,-1.16072,0.564473,-2.10248,-1.28642,0.606547,-2.29171,-1.30514,0.616481,-2.27678,-1.29372,0.637985,-2.27678,-1.27518,0.62772,-2.29171
0.0985199,-1.25402,2.71417,5.94759,838897830,-1.18135,0.525611,-2.10248,-1.19871,0.53444,-2.08876,-1.18834,0.55398,-2.08876,-1.17113,0.544846,-2.10248,-1.29787,0.584982,-2.29171,-1.31676,0.594586,-2.27678,-1.30535,0.61609,-2.27678,-1.28663,0.606155,-2.29171
0.116251,-1.25401,2.85223,29.9791,838897838,-1.24244,0.358045,-2.10248,-1.26086,0.364369,-2.08876,-1.25332,0.385163,-2.08876,-1.235,0.378515,-2.10248,-1.3661,0.400608,-2.29171,-1.38614,0.407487,-2.27678,-1.37783,0.430371,-2.27678,-1.35792,0.42314,-2.29171
0.581143,-1.27189,2.17143,1.95421,838898311,-0.739345,1.05911,-2.14506,-0.749747,1.07573,-2.13152,-0.730997,1.08747,-2.13152,-0.720886,1.07067,-2.14506,-0.807817,1.16849,-2.33546,-0.819132,1.18657,-2.32073,-0.798496,1.19949,-2.32073,-0.787499,1.18121,-2.33546
0.117838,-1.27188,2.38244,-36.5306,838898323,-0.94481,0.880786,-2.14506,-0.958438,0.894878,-2.13152,-0.942536,0.910257,-2.13152,-0.929155,0.895926,-2.14506,-1.03452,0.973548,-2.33546,-1.04934,0.988876,-2.32073,-1.03184,1.0058,-2.32073,-1.01729,0.990212,-2.33546
0.0234845,-1.27112,2.46865,-2.73053,838898328,-1.01818,0.797014,-2.14506,-1.03299,0.809865,-2.13152,-1.0182,0.826316,-2.13152,-1.00362,0.813209,-2.14506,-1.11561,0.881656,-2.33546,-1.13172,0.895633,-2.32073,-1.11544,0.913738,-2.32073,-1.09958,0.899482,-2.33546
0.138409,-1.27187,2.48598,-5.17455,838898329,-1.03078,0.778424,-2.14506,-1.04581,0.791013,-2.13152,-1.0316,0.807971,-2.13152,-1.0168,0.795118,-2.14506,-1.1297,0.861293,-2.33546,-1.14604,0.874986,-2.32073,-1.13041,0.893648,-2.32073,-1.1143,0.879668,-2.33546
0.136888,-1.27113,2.50316,4.12046,838898330,-1.04505,0.76139,-2.14506,-1.0603,0.773716,-2.13152,-1.04609,0.790673,-2.13152,-1.03106,0.778084,-2.14506,-1.14538,0.842577,-2.33546,-1.16196,0.855984,-2.32073,-1.14633,0.874646,-2.32073,-1.12998,0.860953,-2.33546
0.11377,-1.27189,2.52049,8.22345,838898331,-1.057,0.742371,-2.14506,-1.07245,0.754428,-2.13152,-1.05885,0.771871,-2.13152,-1.0436,0.759543,-2.14506,-1.15875,0.821735,-2.33546,-1.17556,0.834848,-2.32073,-1.16059,0.854046,-2.32073,-1.14401,0.840637,-2.33546
-1.43475e-05,-1.27116,2.53768,-3.48265,838898332,-1.07066,0.72485,-2.14506,-1.08633,0.736635,-2.13152,-1.07273,0.754078,-2.13152,-1.05727,0.742022,-2.14506,-1.17376,0.802483,-2.33546,-1.19081,0.815302,-2.32073,-1.17583,0.834499,-2.32073,-1.15902,0.821385,-2.33546
0.0514467,-1.27193,2.55501,-4.00179,838898333,-1.08194,0.705425,-2.14506,-1.09781,0.716934,-2.13152,-1.08482,0.734842,-2.13152,-1.06915,0.723054,-2.14506,-1.1864,0.781186,-2.33546,-1.20366,0.793705,-2.32073,-1.18937,0.813413,-2.32073,-1.17232,0.800592,-2.33546
0.00681887,-1.27197,2.58953,-4.10223,838898335,-1.10557,0.66763,-2.14506,-1.12183,0.678578,-2.13152,-1.10948,0.696929,-2.13152,-1.09341,0.685695,-2.14506,-1.21262,0.739697,-2.33546,-1.2303,0.751605,-2.32073,-1.21671,0.771801,-2.32073,-1.19923,0.759582,-2.33546
0.158233,-1.27125,2.60672,12.5034,838898336,-1.11798,0.649197,-2.14506,-1.13443,0.65986,-2.13152,-1.12208,0.67821,-2.13152,-1.10582,0.667262,-2.14506,-1.22625,0.719444,-2.33546,-1.24415,0.731042,-2.32073,-1.23055,0.751237,-2.32073,-1.21286,0.739329,-2.33546
0.306022,-1.272,2.62795,-2.5634,838898337,-1.13042,0.624639,-2.14506,-1.14705,0.635017,-2.13152,-1.13534,0.653785,-2.13152,-1.11889,0.643115,-2.14506,-1.23989,0.692952,-2.33546,-1.25798,0.70424,-2.32073,-1.2451,0.724895,-2.32073,-1.2272,0.713289,-2.33546
1.53434,-1.27123,2.64513,0.711411,838898338,-1.14218,0.605787,-2.14506,-1.15899,0.615873,-2.13152,-1.14728,0.634641,-2.13152,-1.13065,0.624263,-2.14506,-1.25282,0.672239,-2.33546,-1.27111,0.683209,-2.32073,-1.25822,0.703864,-2.32073,-1.24013,0.692576,-2.33546
2.05911,-1.27195,2.66247,0.542731,838898339,-1.15136,0.585292,-2.14506,-1.16835,0.595083,-2.13152,-1.1573,0.614248,-2.13152,-1.14049,0.60416,-2.14506,-1.26316,0.64974,-2.33546,-1.28163,0.660389,-2.32073,-1.26948,0.681481,-2.32073,-1.25119,0.670508,-2.33546
0.667545,-1.27118,2.67965,1.16441,838898340,-1.16246,0.566041,-2.14506,-1.17962,0.575534,-2.13152,-1.16857,0.594699,-2.13152,-1.15159,0.584908,-2.14506,-1.27536,0.628588,-2.33546,-1.29402,0.638913,-2.32073,-1.28186,0.660005,-2.32073,-1.26338,0.649356,-2.33546
0.174752,-1.27191,2.69699,6.0786,838898341,-1.17093,0.545238,-2.14506,-1.18824,0.554429,-2.13152,-1.17787,0.573969,-2.13152,-1.16072,0.564473,-2.14506,-1.28491,0.605741,-2.33546,-1.30374,0.615739,-2.32073,-1.29233,0.637243,-2.32073,-1.27367,0.626915,-2.33546
0.107912,-1.27115,2.71417,-7.19468,838898342,-1.18135,0.525611,-2.14506,-1.19882,0.534498,-2.13152,-1.18845,0.554038,-2.13152,-1.17113,0.544846,-2.14506,-1.29635,0.584176,-2.33546,-1.31536,0.593843,-2.32073,-1.30395,0.615347,-2.32073,-1.28511,0.60535,-2.33546
0.101282,-1.27112,2.81771,15.3917,838898348,-1.22937,0.400711,-2.14506,-1.24768,0.407722,-2.13152,-1.23941,0.428239,-2.13152,-1.22123,0.420909,-2.14506,-1.34987,0.446925,-2.33546,-1.36979,0.45455,-2.32073,-1.36069,0.47713,-2.32073,-1.34091,0.469158,-2.33546
0.319645,-1.27191,3.04605,-0.00471997,838898361,-1.28679,0.111875,-2.14506,-1.30621,0.11459,-2.13152,-1.30314,0.136499,-2.13152,-1.28378,0.133443,-2.14506,-1.41459,0.129747,-2.33546,-1.43571,0.1327,-2.32073,-1.43234,0.156811,-2.32073,-1.41127,0.153487,-2.33546
0.20588,-1.27115,3.06323,1.08271,838898362,-1.28987,0.0898685,-2.14506,-1.30933,0.0922427,-2.13152,-1.30627,0.114151,-2.13152,-1.28685,0.111436,-2.14506,-1.41797,0.105567,-2.33546,-1.43914,0.108149,-2.32073,-1.43577,0.132261,-2.32073,-1.41465,0.129308,-2.33546
0.550695,-1.28898,2.13691,4.55793,838898821,-0.70238,1.08403,-2.18821,-0.712256,1.1011,-2.17484,-0.693107,1.11218,-2.17484,-0.683529,1.09493,-2.18821,-0.766125,1.19423,-2.37977,-0.776867,1.21281,-2.36523,-0.755793,1.225,-2.36523,-0.745374,1.20624,-2.37977
0.243494,-1.28824,2.15409,6.91259,838898822,-0.721615,1.0729,-2.18821,-0.731789,1.0898,-2.17484,-0.71264,1.10088,-2.17484,-0.702764,1.0838,-2.18821,-0.787259,1.18201,-2.37977,-0.798325,1.20039,-2.36523,-0.777251,1.21258,-2.36523,-0.766508,1.19401,-2.37977
-0.0319063,-1.28822,2.46864,-2.63062,838898840,-1.01818,0.797014,-2.18821,-1.03308,0.809946,-2.17484,-1.01829,0.826397,-2.17484,-1.00362,0.813209,-2.18821,-1.11432,0.8805,-2.37977,-1.13053,0.894566,-2.36523,-1.11425,0.912671,-2.36523,-1.0983,0.898327,-2.37977
-0.000747904,-1.28898,2.48598,-2.52232,838898841,-1.03078,0.778424,-2.18821,-1.0459,0.791091,-2.17484,-1.03169,0.808049,-2.17484,-1.0168,0.795118,-2.18821,-1.12837,0.860183,-2.37977,-1.14482,0.873961,-2.36523,-1.12919,0.892623,-2.36523,-1.11298,0.878558,-2.37977
0.013498,-1.28824,2.50316,-1.83687,838898842,-1.04505,0.76139,-2.18821,-1.06039,0.773794,-2.17484,-1.04619,0.790751,-2.17484,-1.03106,0.778084,-2.18821,-1.14405,0.841467,-2.37977,-1.16074,0.854959,-2.36523,-1.1451,0.873621,-2.36523,-1.12866,0.859843,-2.37977
0.0684994,-1.289,2.52049,-2.15128,838898843,-1.057,0.742371,-2.18821,-1.07255,0.754503,-2.17484,-1.05894,0.771946,-2.17484,-1.0436,0.759543,-2.18821,-1.15739,0.820672,-2.37977,-1.1743,0.833867,-2.36523,-1.15933,0.853064,-2.36523,-1.14264,0.839574,-2.37977
-0.0108928,-1.28826,2.53768,-3.274,838898844,-1.07066,0.72485,-2.18821,-1.08643,0.73671,-2.17484,-1.07282,0.754153,-2.17484,-1.05727,0.742022,-2.18821,-1.1724,0.80142,-2.37977,-1.18955,0.81432,-2.36523,-1.17458,0.833518,-2.36523,-1.15766,0.820322,-2.37977
0.0707649,-1.28908,2.58953,18.6858,838898847,-1.10557,0.66763,-2.18821,-1.12193,0.678646,-2.17484,-1.10958,0.696997,-2.17484,-1.09341,0.685695,-2.18821,-1.21118,0.738732,-2.37977,-1.22898,0.750714,-2.36523,-1.21538,0.770909,-2.36523,-1.19779,0.758617,-2.37977
0.0760358,-1.28836,2.60671,16.0546,838898848,-1.11798,0.649197,-2.18821,-1.13454,0.659928,-2.17484,-1.12218,0.678279,-2.17484,-1.10582,0.667262,-2.18821,-1.22482,0.718479,-2.37977,-1.24282,0.73015,-2.36523,-1.22923,0.750346,-2.36523,-1.21143,0.738364,-2.37977
0.124133,-1.28911,2.62795,7.91448,838898849,-1.13042,0.624639,-2.18821,-1.14715,0.635082,-2.17484,-1.13544,0.653849,-2.17484,-1.11889,0.643115,-2.18821,-1.23843,0.692037,-2.37977,-1.25663,0.703395,-2.36523,-1.24374,0.72405,-2.36523,-1.22574,0.712374,-2.37977
0.234933,-1.28833,2.64513,-5.0975,838898850,-1.14218,0.605787,-2.18821,-1.1591,0.615938,-2.17484,-1.14738,0.634706,-2.17484,-1.13065,0.624263,-2.18821,-1.25135,0.671324,-2.37977,-1.26975,0.682364,-2.36523,-1.25686,0.703019,-2.36523,-1.23866,0.691661,-2.37977
0.348917,-1.28906,2.66247,3.60404,838898851,-1.15136,0.585292,-2.18821,-1.16845,0.595144,-2.17484,-1.15741,0.614309,-2.17484,-1.14049,0.60416,-2.18821,-1.26166,0.648877,-2.37977,-1.28025,0.659592,-2.36523,-1.26809,0.680684,-2.36523,-1.24969,0.669645,-2.37977
0.111682,-1.28828,2.67965,-2.57728,838898852,-1.16246,0.566041,-2.18821,-1.17972,0.575594,-2.17484,-1.16868,0.59476,-2.17484,-1.15159,0.584908,-2.18821,-1.27386,0.627725,-2.37977,-1.29263,0.638116,-2.36523,-1.28047,0.659208,-2.36523,-1.26189,0.648493,-2.37977
0.0949035,-1.28902,2.69698,-2.05469,838898853,-1.17093,0.545238,-2.18821,-1.18835,0.554486,-2.17484,-1.17798,0.574026,-2.17484,-1.16072,0.564473,-2.18821,-1.28338,0.604931,-2.37977,-1.30233,0.61499,-2.36523,-1.29092,0.636494,-2.36523,-1.27214,0.626104,-2.37977
0.0329904,-1.28825,2.71417,-2.97958,838898854,-1.18135,0.525611,-2.18821,-1.19893,0.534555,-2.17484,-1.18856,0.554095,-2.17484,-1.17113,0.544846,-2.18821,-1.29483,0.583366,-2.37977,-1.31395,0.593095,-2.36523,-1.30254,0.614599,-2.36523,-1.28359,0.604539,-2.37977
0.156104,-1.28826,2.88674,41.0376,838898864,-1.25401,0.314948,-2.18821,-1.27288,0.320701,-2.17484,-1.26606,0.341745,-2.17484,-1.24729,0.335665,-2.18821,-1.3758,0.352104,-2.37977,-1.39632,0.358361,-2.36523,-1.38882,0.381522,-2.36523,-1.36841,0.374908,-2.37977
0.144198,-1.30614,2.3134,7.11908,838899343,-0.881747,0.943785,-2.23194,-0.894514,0.958979,-2.21875,-0.877577,0.97321,-2.21875,-0.865073,0.957794,-2.23194,-0.962529,1.03993,-2.42464,-0.976415,1.05645,-2.4103,-0.957776,1.07212,-2.4103,-0.944176,1.05535,-2.42464
0.18598,-1.30537,2.67965,-9.48581,838899364,-1.16246,0.566041,-2.23194,-1.17983,0.575654,-2.21875,-1.16878,0.59482,-2.21875,-1.15159,0.584908,-2.23194,-1.27235,0.626856,-2.42464,-1.29124,0.637313,-2.4103,-1.27908,0.658405,-2.4103,-1.26038,0.647624,-2.42464
0.107432,-1.30606,2.76601,-4.41327,838899369,-1.2058,0.463202,-2.23194,-1.22393,0.47126,-2.21875,-1.21495,0.491476,-2.21875,-1.19695,0.483103,-2.23194,-1.32055,0.514193,-2.42464,-1.34028,0.522958,-2.4103,-1.33039,0.545207,-2.4103,-1.31082,0.536099,-2.42464
0.222812,-1.3053,2.78319,-2.64264,838899370,-1.21482,0.442895,-2.23194,-1.23309,0.450639,-2.21875,-1.22411,0.470855,-2.21875,-1.20598,0.462797,-2.23194,-1.33047,0.491881,-2.42464,-1.35035,0.500305,-2.4103,-1.34046,0.522553,-2.4103,-1.32073,0.513788,-2.42464
0.139011,-1.3225,2.39961,-16.4589,838899860,-0.960784,0.865338,-2.27679,-0.975029,0.879555,-2.26367,-0.959118,0.894942,-2.26367,-0.945129,0.880477,-2.27679,-1.04843,0.953016,-2.47054,-1.06382,0.96838,-2.45637,-1.04642,0.985213,-2.45637,-1.0313,0.969581,-2.47054
0.127878,-1.32328,2.52048,2.79114,838899867,-1.057,0.742372,-2.27679,-1.07286,0.754747,-2.26367,-1.05925,0.7722,-2.26367,-1.0436,0.759544,-2.27679,-1.15474,0.818606,-2.47054,-1.17188,0.831979,-2.45637,-1.15699,0.851072,-2.45637,-1.14008,0.837395,-2.47054
0.1145,-1.32253,2.53767,-4.16974,838899868,-1.07066,0.724849,-2.27679,-1.08675,0.736943,-2.26367,-1.07314,0.754396,-2.26367,-1.05727,0.742021,-2.27679,-1.16966,0.799465,-2.47054,-1.18705,0.812536,-2.45637,-1.17216,0.831629,-2.45637,-1.15501,0.818255,-2.47054
0.120584,-1.32333,2.66246,30.0134,838899875,-1.15136,0.585293,-2.27679,-1.1688,0.595343,-2.26367,-1.15774,0.614519,-2.26367,-1.14049,0.60416,-2.27679,-1.25875,0.647199,-2.47054,-1.27759,0.658059,-2.45637,-1.2655,0.679037,-2.45637,-1.24685,0.667843,-2.47054
0.111876,-1.32255,2.67964,9.4574,838899876,-1.16246,0.56604,-2.27679,-1.18007,0.575781,-2.26367,-1.16902,0.594957,-2.26367,-1.15159,0.584907,-2.27679,-1.27088,0.626169,-2.47054,-1.28991,0.636696,-2.45637,-1.27781,0.657674,-2.45637,-1.25897,0.646814,-2.47054
0.14826,-1.32327,2.73149,-1.94858,838899879,-1.18908,0.504525,-2.27679,-1.20717,0.513333,-2.26367,-1.19748,0.533234,-2.26367,-1.17954,0.524106,-2.27679,-1.30053,0.558783,-2.47054,-1.32008,0.568302,-2.45637,-1.30948,0.590073,-2.45637,-1.2901,0.580208,-2.47054
0.102356,-1.32325,2.766,19.6203,838899881,-1.2058,0.463203,-2.27679,-1.22418,0.471373,-2.26367,-1.2152,0.4916,-2.26367,-1.19695,0.483104,-2.27679,-1.31907,0.513535,-2.47054,-1.33894,0.522365,-2.45637,-1.32911,0.544493,-2.45637,-1.30939,0.535311,-2.47054
0.0992316,-1.32331,-2.68099,-8.3864,838899929,-1.15188,-0.584271,-2.27679,-1.17026,-0.592471,-2.26367,-1.17928,-0.572258,-2.26367,-1.16076,-0.564383,-2.27679,-1.26508,-0.634783,-2.47054,-1.28494,-0.643645,-2.45637,-1.2948,-0.621533,-2.45637,-1.27479,-0.613023,-2.47054
0.650798,-1.34048,2.555,-4.83356,838900381,-1.08194,0.705426,-2.32205,-1.09831,0.717304,-2.30911,-1.08532,0.735221,-2.30911,-1.06915,0.723055,-2.32205,-1.18096,0.777243,-2.51684,-1.19866,0.790079,-2.50285,-1.18444,0.80968,-2.50285,-1.16697,0.796532,-2.51684
0.224124,-1.33976,2.64512,-27.8334,838900386,-1.14218,0.605787,-2.32205,-1.15953,0.616194,-2.30911,-1.14781,0.634973,-2.30911,-1.13065,0.624263,-2.32205,-1.24704,0.668803,-2.51684,-1.2658,0.68005,-2.50285,-1.25298,0.700593,-2.50285,-1.23443,0.689019,-2.51684
0.225132,-1.3405,2.66245,30.9171,838900387,-1.15136,0.585293,-2.32205,-1.16889,0.595397,-2.30911,-1.15784,0.614573,-2.30911,-1.14049,0.60416,-2.32205,-1.25734,0.646385,-2.51684,-1.27628,0.657305,-2.50285,-1.26419,0.678282,-2.50285,-1.24544,0.66703,-2.51684
1.51506,-1.33972,2.67964,0.383783,838900388,-1.16246,0.56604,-2.32205,-1.18017,0.575836,-2.30911,-1.16911,0.595012,-2.30911,-1.15159,0.584908,-2.32205,-1.26946,0.625355,-2.51684,-1.2886,0.635941,-2.50285,-1.2765,0.656919,-2.50285,-1.25756,0.646,-2.51684
0.205541,-1.35687,2.22312,-4.53877,838900874,-0.79383,1.02048,-2.36792,-0.805513,1.03714,-2.35515,-0.787174,1.04953,-2.35515,-0.775786,1.03268,-2.36792,-0.863101,1.11933,-2.56372,-0.875727,1.13733,-2.54992,-0.855664,1.15089,-2.54992,-0.843358,1.13267,-2.56372
0.171225,-1.35766,2.24045,12.6077,838900875,-0.810553,1.0055,-2.36792,-0.822523,1.02194,-2.35515,-0.804627,1.03497,-2.35515,-0.792946,1.01831,-2.36792,-0.881576,1.10307,-2.56372,-0.894511,1.12084,-2.54992,-0.874934,1.13509,-2.54992,-0.86231,1.11709,-2.56372
0.137495,-1.35755,2.45145,-2.35896,838900887,-1.00332,0.81354,-2.36792,-1.01845,0.827138,-2.35515,-1.00365,0.843598,-2.35515,-0.988761,0.829735,-2.36792,-1.09307,0.894226,-2.56372,-1.10942,0.908921,-2.54992,-1.09323,0.926928,-2.54992,-1.07714,0.911946,-2.56372
0.146837,-1.35766,2.58951,-21.327,838900895,-1.10557,0.667631,-2.36792,-1.12244,0.67899,-2.35515,-1.11008,0.697351,-2.35515,-1.09341,0.685696,-2.36792,-1.20568,0.735031,-2.56372,-1.22392,0.747306,-2.54992,-1.21039,0.767392,-2.54992,-1.19238,0.754797,-2.56372
0.060971,-1.35759,2.69697,52.7569,838900901,-1.17093,0.545239,-2.36792,-1.18889,0.554775,-2.35515,-1.17851,0.574325,-2.35515,-1.16072,0.564474,-2.36792,-1.27752,0.601824,-2.56372,-1.29694,0.61213,-2.54992,-1.28559,0.633517,-2.54992,-1.26635,0.622871,-2.56372
0.111932,-1.35681,2.71415,43.4804,838900902,-1.18135,0.52561,-2.36792,-1.19948,0.534831,-2.35515,-1.1891,0.554382,-2.35515,-1.17113,0.544845,-2.36792,-1.28891,0.580384,-2.56372,-1.3085,0.590349,-2.54992,-1.29715,0.611736,-2.54992,-1.27773,0.601431,-2.56372
0.128266,-1.35757,2.73149,-8.56027,838900903,-1.18908,0.504525,-2.36792,-1.20736,0.513428,-2.35515,-1.19768,0.533329,-2.35515,-1.17954,0.524106,-2.36792,-1.29759,0.557353,-2.56372,-1.31735,0.566974,-2.54992,-1.30675,0.588745,-2.54992,-1.28716,0.578778,-2.56372
0.720287,-1.35679,-2.83638,17.8745,838900944,-1.2298,-0.399394,-2.36792,-1.24944,-0.404675,-2.35515,-1.25481,-0.383202,-2.35515,-1.23508,-0.378267,-2.36792,-1.34638,-0.430665,-2.56372,-1.36761,-0.436371,-2.54992,-1.37348,-0.41288,-2.54992,-1.35216,-0.407548,-2.56372
0.236727,-1.37397,2.22311,-0.222532,838901386,-0.79383,1.02048,-2.41441,-0.805573,1.03723,-2.40181,-0.787233,1.04962,-2.40181,-0.775786,1.03268,-2.41441,-0.862179,1.11797,-2.61122,-0.874869,1.13606,-2.5976,-0.854807,1.14962,-2.5976,-0.842436,1.13131,-2.61122
0.183704,-1.37469,2.52048,-20.7871,838901403,-1.057,0.742372,-2.41441,-1.07312,0.754947,-2.40181,-1.0595,0.7724,-2.40181,-1.0436,0.759544,-2.41441,-1.15086,0.815583,-2.61122,-1.16828,0.829172,-2.5976,-1.15339,0.848265,-2.5976,-1.1362,0.834373,-2.61122
0.119168,-1.3747,2.69697,5.05838,838901413,-1.17093,0.545238,-2.41441,-1.18899,0.554825,-2.40181,-1.17861,0.574375,-2.40181,-1.16072,0.564474,-2.41441,-1.27607,0.601052,-2.61122,-1.29559,0.611411,-2.5976,-1.28423,0.632799,-2.5976,-1.2649,0.622099,-2.61122
0.159226,-1.37467,2.73148,5.14174,838901415,-1.18908,0.504525,-2.41441,-1.20746,0.513475,-2.40181,-1.19777,0.533376,-2.40181,-1.17954,0.524106,-2.41441,-1.29611,0.556632,-2.61122,-1.31597,0.566304,-2.5976,-1.30537,0.588075,-2.5976,-1.28568,0.578057,-2.61122
0.210068,-1.39185,1.89138,37.7897,838901879,-0.417771,1.22208,-2.46155,-0.423453,1.24183,-2.44911,-0.402182,1.24795,-2.44911,-0.396842,1.2281,-2.46154,-0.450225,1.33489,-2.65934,-0.456365,1.35623,-2.64591,-0.433095,1.36293,-2.64591,-0.427325,1.34148,-2.65934
0.137919,-1.39176,2.38242,-24.556,838901907,-0.944809,0.880787,-2.46154,-0.959096,0.89556,-2.44911,-0.943185,0.910947,-2.44911,-0.929155,0.895926,-2.46154,-1.02641,0.965168,-2.65934,-1.04185,0.981133,-2.64591,-1.02444,0.997965,-2.64591,-1.00928,0.981733,-2.65934
0.113298,-1.39098,2.50314,15.5581,838901914,-1.04505,0.76139,-2.46155,-1.06103,0.774314,-2.44911,-1.04682,0.791281,-2.44911,-1.03107,0.778083,-2.46154,-1.13635,0.8352,-2.65934,-1.15362,0.849166,-2.64591,-1.13807,0.867727,-2.64591,-1.12105,0.853466,-2.65934
0.20887,-1.39177,2.52048,9.76214,838901915,-1.057,0.742372,-2.46154,-1.0732,0.755011,-2.44911,-1.05959,0.772464,-2.44911,-1.0436,0.759544,-2.46154,-1.14955,0.814565,-2.65934,-1.16707,0.828224,-2.64591,-1.15217,0.847317,-2.64591,-1.1349,0.833355,-2.65934
0.181765,-1.409,2.24044,28.9042,838902411,-0.810553,1.0055,-2.5098,-0.82282,1.02235,-2.49743,-0.804915,1.03538,-2.49743,-0.792945,1.01831,-2.5098,-0.878726,1.09916,-2.7085,-0.891902,1.11726,-2.69522,-0.872426,1.13143,-2.69522,-0.85957,1.1131,-2.7085
0.114075,-1.42536,2.33056,-2.14963,838902928,-0.898761,0.929489,-2.55868,-0.912515,0.945285,-2.54647,-0.895559,0.959532,-2.54647,-0.882088,0.943498,-2.55868,-0.973756,1.01577,-2.75827,-0.988527,1.03273,-2.74516,-0.970084,1.04823,-2.74516,-0.955616,1.03101,-2.75827
1.51638,-1.42612,2.34789,0.568678,838902929,-0.913827,0.912838,-2.55868,-0.927851,0.928391,-2.54647,-0.911404,0.94322,-2.54647,-0.897653,0.927421,-2.55868,-0.990367,0.997726,-2.75827,-1.00543,1.01443,-2.74516,-0.987538,1.03056,-2.74516,-0.97277,1.01359,-2.75827
0.300004,-1.4261,2.86953,4.42034,838902959,-1.24716,0.336089,-2.55868,-1.26708,0.342544,-2.54647,-1.26025,0.363611,-2.54647,-1.24044,0.356806,-2.55868,-1.35589,0.37132,-2.75827,-1.37729,0.378253,-2.74516,-1.36986,0.401168,-2.74516,-1.34859,0.39386,-2.75827
0.312964,-1.42533,2.88672,10.285,838902960,-1.25401,0.314946,-2.55868,-1.27404,0.321051,-2.54647,-1.26722,0.342118,-2.54647,-1.24729,0.335663,-2.55868,-1.36333,0.348355,-2.75827,-1.38485,0.354912,-2.74516,-1.37742,0.377827,-2.74516,-1.35603,0.370895,-2.75827
0.109109,-1.42613,2.90405,-2.26512,838902961,-1.25796,0.29284,-2.55868,-1.27809,0.298596,-2.54647,-1.27201,0.319889,-2.54647,-1.25197,0.31378,-2.55868,-1.36786,0.324253,-2.75827,-1.38948,0.330434,-2.74516,-1.38286,0.353595,-2.74516,-1.36134,0.347034,-2.75827
0.397976,-1.44324,1.33521,-49.5071,838903383,0.29038,1.25862,-2.60821,0.296164,1.27885,-2.59617,0.317456,1.27276,-2.59617,0.311318,1.25263,-2.60821,0.32138,1.36702,-2.80869,0.327591,1.38874,-2.79575,0.350752,1.38212,-2.79575,0.34416,1.36051,-2.80869
0.149525,-1.44337,2.27885,0.38931,838903437,-0.848602,0.973595,-2.60821,-0.861564,0.990163,-2.59617,-0.844121,1.00381,-2.59617,-0.83145,0.987014,-2.60821,-0.918073,1.0624,-2.80869,-0.931993,1.08019,-2.79575,-0.91302,1.09503,-2.79575,-0.899411,1.077,-2.80869
0.255492,-1.44327,2.34789,2.40937,838903441,-0.913827,0.912838,-2.60821,-0.927914,0.92846,-2.59617,-0.911467,0.94329,-2.59617,-0.897653,0.927421,-2.60821,-0.989327,0.996573,-2.80869,-1.00446,1.01335,-2.79575,-0.986566,1.02948,-2.79575,-0.971731,1.01244,-2.80869
0.189173,-1.44247,2.36508,11.0127,838903442,-0.930333,0.897955,-2.60821,-0.944693,0.913331,-2.59617,-0.928246,0.928161,-2.59617,-0.914159,0.912538,-2.60821,-1.00726,0.980407,-2.80869,-1.02268,0.996921,-2.79575,-1.00479,1.01305,-2.79575,-0.989659,0.996273,-2.80869
0.174498,-1.44255,2.99417,2.04943,838903478,-1.28049,0.178604,-2.60821,-1.30114,0.182604,-2.59617,-1.29655,0.204269,-2.59617,-1.27597,0.199909,-2.60821,-1.39118,0.200101,-2.80869,-1.41337,0.204398,-2.79575,-1.40837,0.227963,-2.79575,-1.38627,0.22328,-2.80869
0.1165,-1.46049,2.27885,-1.95853,838903949,-0.848602,0.973595,-2.65843,-0.861621,0.990236,-2.64655,-0.844179,1.00388,-2.64655,-0.83145,0.987014,-2.65843,-0.917112,1.06117,-2.85978,-0.931094,1.07904,-2.84702,-0.912121,1.09388,-2.84702,-0.89845,1.07577,-2.85978
0.123496,-1.47744,1.36972,4.37239,838904409,0.246782,1.26791,-2.70935,0.2519,1.2885,-2.69763,0.273392,1.28316,-2.69763,0.267917,1.26266,-2.70935,0.273223,1.3743,-2.91156,0.27872,1.39641,-2.89897,0.302097,1.3906,-2.89897,0.296217,1.36858,-2.91156
0.169095,-1.47665,1.3869,9.2298,838904410,0.225214,1.27327,-2.70935,0.229975,1.29395,-2.69763,0.251467,1.28861,-2.69763,0.246348,1.26802,-2.70935,0.249796,1.38012,-2.91156,0.254909,1.40233,-2.89897,0.278286,1.39652,-2.89897,0.272789,1.3744,-2.91156
0.133927,-1.47759,1.92978,-9.16935,838904441,-0.464436,1.20512,-2.70935,-0.471006,1.2253,-2.69763,-0.449949,1.23215,-2.69763,-0.443728,1.21186,-2.70935,-0.498377,1.30935,-2.91156,-0.505434,1.33102,-2.89897,-0.482529,1.33848,-2.89897,-0.475848,1.31669,-2.91156
0.17415,-1.47667,2.15407,-0.89379,838904454,-0.721617,1.0729,-2.70935,-0.73256,1.09108,-2.69763,-0.71339,1.10217,-2.69763,-0.702765,1.0838,-2.70935,-0.778161,1.16683,-2.91156,-0.789914,1.18636,-2.89897,-0.769062,1.19842,-2.89897,-0.757651,1.1787,-2.91156
0.146349,-1.47745,2.83501,20.8122,838904493,-1.23485,0.378933,-2.70935,-1.2548,0.386175,-2.69763,-1.24724,0.406991,-2.69763,-1.22742,0.399404,-2.70935,-1.33789,0.416344,-2.91156,-1.35931,0.424122,-2.89897,-1.35109,0.446764,-2.89897,-1.32981,0.438615,-2.91156
0.295232,-1.4768,2.95575,6.77627,838904500,-1.2726,0.227672,-2.70935,-1.29328,0.232431,-2.69763,-1.28794,0.253923,-2.69763,-1.26735,0.248808,-2.70935,-1.37945,0.25224,-2.91156,-1.40166,0.257351,-2.89897,-1.39585,0.280729,-2.89897,-1.37374,0.275235,-2.91156
0.158612,-1.47668,-2.17279,17.0474,838904566,-0.722762,-1.07213,-2.70935,-0.735525,-1.08908,-2.69763,-0.752986,-1.07546,-2.69763,-0.739933,-1.05873,-2.70935,-0.788682,-1.15973,-2.91156,-0.802389,-1.17795,-2.89897,-0.821381,-1.16313,-2.89897,-0.807363,-1.14516,-2.91156
0.150895,-1.47747,-1.66833,-25.44,838904595,-0.114416,-1.28657,-2.70935,-0.117352,-1.30759,-2.69763,-0.139285,-1.30452,-2.69763,-0.135985,-1.28356,-2.70935,-0.129584,-1.39514,-2.91156,-0.132737,-1.41771,-2.89897,-0.156594,-1.41438,-2.89897,-0.153049,-1.39186,-2.91156
0.177707,0.121083,-1.42202,42.6613,838930209,0.180876,-1.28031,0.168009,0.181105,-1.28159,0.145871,0.202451,-1.27707,0.145871,0.202182,-1.27581,0.168009,0.224445,-1.50554,0.185468,0.224716,-1.50705,0.159326,0.249967,-1.50171,0.159326,0.24965,-1.50021,0.185468
0.153969,0.121204,-1.19384,46.6263,838930222,0.465231,-1.20482,0.168009,0.465757,-1.206,0.145871,0.485698,-1.19715,0.145871,0.485135,-1.19598,0.168009,0.558296,-1.41446,0.185468,0.558917,-1.41586,0.159326,0.582506,-1.40539,0.159326,0.581842,-1.40401,0.185468
0.261929,0.121087,-0.969419,-31.1385,838930235,0.722537,-1.07228,0.168009,0.723304,-1.07333,0.145871,0.740508,-1.05991,0.145871,0.739711,-1.05889,0.168009,0.860446,-1.2556,0.185468,0.861351,-1.25684,0.159326,0.881704,-1.24097,0.159326,0.880762,-1.23976,0.185468
0.283246,0.15575,-1.10745,-40.7168,838931251,0.568107,-1.16151,0.213293,0.569104,-1.16332,0.191213,0.58801,-1.15243,0.191214,0.586978,-1.15064,0.213293,0.678766,-1.36161,0.238724,0.679944,-1.36374,0.212651,0.702308,-1.35086,0.212651,0.70109,-1.34875,0.238724
0.152882,0.173207,0.409518,36.1907,838931490,1.18919,0.504252,0.235992,1.1914,0.505324,0.213952,1.18185,0.524942,0.213952,1.17967,0.523834,0.235992,1.39435,0.604073,0.265397,1.39695,0.60534,0.239371,1.38566,0.628547,0.239371,1.38307,0.627239,0.265397
0.214247,0.207761,-1.4565,-43.2597,838932767,0.136587,-1.28576,0.281796,0.137072,-1.28896,0.259733,0.158595,-1.28518,0.259733,0.158038,-1.282,0.281796,0.171913,-1.51004,0.319,0.172484,-1.5138,0.293029,0.197886,-1.50934,0.293029,0.19723,-1.5056,0.319
0.168242,0.398605,-0.827314,70.8509,838938435,0.866931,-0.959158,0.540994,0.872089,-0.96434,0.51965,0.887329,-0.948593,0.51965,0.882076,-0.943509,0.540994,1.01982,-1.11231,0.619063,1.02584,-1.11836,0.594177,1.04369,-1.09991,0.594177,1.03756,-1.09398,0.619063
-0.0435775,0.4902,-2.52093,-3.40345,838940898,-1.05717,-0.742131,0.671209,-1.06425,-0.747657,0.65052,-1.05076,-0.764963,0.65052,-1.04378,-0.759306,0.671209,-1.2224,-0.870954,0.766148,-1.23062,-0.87736,0.742167,-1.2149,-0.89753,0.742167,-1.2068,-0.890973,0.766148
0.00833279,0.489794,-2.50358,-3.21621,838940899,-1.04521,-0.761168,0.671209,-1.05221,-0.766812,0.65052,-1.03812,-0.783635,0.65052,-1.03123,-0.777865,0.671209,-1.20817,-0.892919,0.766148,-1.21628,-0.89946,0.742167,-1.19986,-0.919069,0.742167,-1.19187,-0.91238,0.766148
0.00818958,0.490188,-2.48641,-3.64799,838940900,-1.03096,-0.77819,0.671209,-1.03785,-0.78396,0.65052,-1.02376,-0.800784,0.65052,-1.01698,-0.794887,0.671209,-1.1916,-0.912705,0.766148,-1.19958,-0.919394,0.742167,-1.18317,-0.939002,0.742167,-1.1753,-0.932167,0.766148
-0.0797559,0.507438,-2.52092,-3.16104,838941410,-1.05717,-0.742131,0.696394,-1.06451,-0.747855,0.675848,-1.05102,-0.76516,0.675848,-1.04378,-0.759306,0.696394,-1.22122,-0.87003,0.794583,-1.22973,-0.876664,0.770768,-1.214,-0.896834,0.770768,-1.20561,-0.890049,0.794583
0.0528756,0.50702,-2.50357,-2.81797,838941411,-1.04521,-0.761168,0.696394,-1.05245,-0.767018,0.675848,-1.03837,-0.783841,0.675848,-1.03123,-0.777865,0.696394,-1.20701,-0.891953,0.794583,-1.21541,-0.898734,0.770768,-1.19899,-0.918342,0.770768,-1.19072,-0.911415,0.794583
-0.0314336,0.507426,-2.48641,-2.9555,838941412,-1.03096,-0.77819,0.696394,-1.0381,-0.784166,0.675848,-1.02401,-0.80099,0.675848,-1.01698,-0.794887,0.696394,-1.19044,-0.91174,0.794583,-1.19872,-0.918668,0.770768,-1.1823,-0.938276,0.770768,-1.17415,-0.931202,0.794583
0.26925,0.524678,0.586163,48.6079,838941740,1.0821,0.705179,0.721761,1.08989,0.71083,0.701362,1.07701,0.728596,0.701362,1.06932,0.722811,0.721761,1.24926,0.826358,0.823177,1.2583,0.832908,0.799532,1.24328,0.853615,0.799532,1.23436,0.84691,0.823177
1.23155,0.524659,-2.52092,-10.7025,838941922,-1.05716,-0.742131,0.721761,-1.06476,-0.748051,0.701362,-1.05127,-0.765356,0.701362,-1.04378,-0.759306,0.721761,-1.21999,-0.869074,0.823177,-1.22879,-0.875936,0.799532,-1.21307,-0.896106,0.799532,-1.20439,-0.889093,0.823176
0.0559228,0.524229,-2.50357,-4.88054,838941923,-1.04521,-0.761168,0.721761,-1.0527,-0.767222,0.701362,-1.03861,-0.784046,0.701362,-1.03123,-0.777865,0.721761,-1.20582,-0.890956,0.823177,-1.2145,-0.897974,0.799532,-1.19808,-0.917582,0.799532,-1.18953,-0.910417,0.823177
0.061386,0.524647,-2.4864,-4.80932,838941924,-1.03096,-0.77819,0.721761,-1.03834,-0.784371,0.701362,-1.02425,-0.801195,0.701362,-1.01698,-0.794887,0.721761,-1.18925,-0.910742,0.823177,-1.19781,-0.917907,0.799532,-1.18139,-0.937516,0.799532,-1.17296,-0.930204,0.823177
0.17628,0.71253,1.33621,43.5489,838947415,0.311412,1.25494,1.0151,0.313898,1.26758,0.996316,0.292219,1.27143,0.996316,0.289969,1.25874,1.0151,0.347337,1.43942,1.14775,0.35016,1.45378,1.12642,0.325344,1.45818,1.12642,0.322789,1.44377,1.14775
0.61118,0.747407,-2.34827,-50.0597,838948588,-0.914034,-0.912631,1.07207,-0.922998,-0.922568,1.05364,-0.90665,-0.937316,1.05364,-0.897864,-0.927218,1.07207,-1.03748,-1.04948,1.20971,-1.04766,-1.06076,1.18877,-1.02894,-1.07765,1.18877,-1.01897,-1.06618,1.20971
0.311467,0.838293,2.53868,50.9394,838951068,-1.05749,0.741671,1.22941,-1.06997,0.749486,1.21169,-1.08166,0.730805,1.21169,-1.06904,0.723212,1.22941,-1.2058,0.834531,1.3787,-1.21987,0.843341,1.35874,-1.23317,0.822099,1.35874,-1.21894,0.81354,1.3787
0.116622,0.872562,0.34075,33.8527,838951966,1.22116,0.421047,1.2913,1.23523,0.426716,1.27397,1.22699,0.44716,1.27397,1.21302,0.441247,1.2913,1.37989,0.484997,1.445,1.39575,0.491388,1.42546,1.38639,0.514635,1.42546,1.37063,0.507969,1.445
0.154276,0.889123,1.33626,52.1561,838952535,0.311415,1.25494,1.32289,0.314386,1.27008,1.30571,0.292667,1.27394,1.30571,0.289971,1.25874,1.32289,0.34376,1.42113,1.47862,0.347086,1.43808,1.45939,0.322553,1.44243,1.45939,0.319536,1.42542,1.47862
0.161848,0.889732,2.78422,-23.4985,838952618,-1.2061,0.462402,1.32289,-1.22078,0.467186,1.30571,-1.22761,0.446213,1.30571,-1.21285,0.441697,1.32289,-1.36705,0.514873,1.47862,-1.38347,0.520226,1.45939,-1.39119,0.496537,1.45939,-1.37468,0.491483,1.47862
0.381557,0.941122,-0.00829697,47.2339,838953994,1.29152,-0.0220041,1.41968,1.30755,-0.0214602,1.40306,1.3068,0.000585799,1.40306,1.29078,-0.000238838,1.41968,1.45503,-0.0164556,1.58135,1.47297,-0.0158469,1.56275,1.47212,0.00905486,1.56275,1.4542,0.00813207,1.58135
0.246312,0.9576,1.65083,-32.87,838954601,-0.0921276,1.28967,1.45268,-0.0940921,1.30578,1.43625,-0.115939,1.30274,1.43625,-0.113697,1.28666,1.45268,-0.111665,1.45018,1.6163,-0.113863,1.46821,1.59791,-0.13854,1.46477,1.59791,-0.136031,1.44678,1.6163
0.132718,1.04384,-3.11535,-12.2317,838957248,-1.29151,-0.0225733,1.62476,-1.30871,-0.02376,1.60917,-1.30719,-0.0457841,1.60917,-1.29001,-0.0442995,1.62476,-1.44344,-0.0330506,1.79714,-1.46255,-0.0343687,1.77982,-1.46085,-0.0590798,1.77982,-1.44176,-0.0574308,1.79714
0.934996,1.15195,-0.322796,7.10989,838960480,1.22134,-0.420507,1.8594,1.23914,-0.425631,1.84468,1.24526,-0.404384,1.84468,1.22736,-0.399579,1.8594,1.35717,-0.459596,2.04086,1.37666,-0.465206,2.02474,1.38343,-0.441677,2.02474,1.36384,-0.436415,2.04086
-0.263197,1.18555,-0.443518,-3.26778,838961497,1.16295,-0.565051,1.93814,1.18025,-0.572421,1.92378,1.18856,-0.551931,1.92378,1.17112,-0.544867,1.93814,1.28976,-0.618968,2.12232,1.30871,-0.627039,2.1066,1.3179,-0.604347,2.1066,1.29882,-0.596613,2.12232
0.0639387,1.21984,-0.512548,-4.20225,838962517,1.12107,-0.643847,2.01894,1.13807,-0.652529,2.00495,1.14778,-0.632668,2.00495,1.13064,-0.624284,2.01894,1.24056,-0.704898,2.20576,1.25918,-0.714405,2.19045,1.26993,-0.692411,2.19045,1.25116,-0.683229,2.20576
0.158013,1.22055,-0.495365,13.0977,838962518,1.13083,-0.623887,2.01894,1.14798,-0.632272,2.00495,1.15769,-0.612412,2.00495,1.1404,-0.604324,2.01894,1.25136,-0.682833,2.20576,1.27013,-0.692014,2.19045,1.28088,-0.67002,2.19045,1.26195,-0.661164,2.20576
1.73751,1.21979,-0.478029,1.29844,838962519,1.1427,-0.604815,2.01894,1.15999,-0.612897,2.00495,1.169,-0.59271,2.00495,1.15158,-0.584929,2.01894,1.26425,-0.661655,2.20576,1.28318,-0.670506,2.19045,1.29316,-0.648149,2.19045,1.27408,-0.63963,2.20576
0.312821,1.2205,-0.460847,7.17368,838962520,1.15176,-0.584526,2.01894,1.16918,-0.592307,2.00495,1.17819,-0.572119,2.00495,1.16063,-0.564641,2.01894,1.27426,-0.639227,2.20576,1.29334,-0.647747,2.19045,1.30333,-0.62539,2.19045,1.2841,-0.617201,2.20576
-0.00721067,1.21975,-0.443512,-4.19016,838962521,1.16295,-0.565051,2.01894,1.18051,-0.572525,2.00495,1.18881,-0.552035,2.00495,1.17112,-0.544867,2.01894,1.28641,-0.617611,2.20576,1.30564,-0.625795,2.19045,1.31484,-0.603104,2.19045,1.29547,-0.595256,2.20576
-0.0234092,1.23771,-0.533779,-2.00196,838963028,1.10601,-0.666892,2.06045,1.1231,-0.675993,2.04655,1.1335,-0.65647,2.04655,1.11626,-0.647672,2.06045,1.22292,-0.729182,2.24849,1.2415,-0.739082,2.23337,1.25295,-0.717595,2.23337,1.2342,-0.708026,2.24849
-0.0963295,1.2376,-0.426323,-2.97225,838963034,1.17129,-0.544457,2.06045,1.18923,-0.551727,2.04655,1.19754,-0.531224,2.04655,1.17947,-0.524274,2.06045,1.29406,-0.594208,2.24849,1.31357,-0.602115,2.23337,1.32272,-0.579551,2.23337,1.30306,-0.571992,2.24849
0.0572746,1.25487,-0.533777,-3.46077,838963540,1.10601,-0.666892,2.10248,1.12321,-0.676052,2.08876,1.13361,-0.656529,2.08876,1.11626,-0.647672,2.10248,1.22142,-0.728379,2.29171,1.24012,-0.738343,2.27678,1.25156,-0.716856,2.27678,1.23269,-0.707223,2.29171
0.0292007,1.25476,-0.426321,-2.64291,838963546,1.17129,-0.544457,2.10248,1.18934,-0.551774,2.08876,1.19765,-0.531271,2.08876,1.17947,-0.524274,2.10248,1.29248,-0.593567,2.29171,1.31212,-0.601525,2.27678,1.32126,-0.578961,2.27678,1.30148,-0.57135,2.29171
0.0149906,1.272,-0.533774,-3.02717,838964052,1.10601,-0.666892,2.14506,1.12332,-0.67611,2.13152,1.13372,-0.656587,2.13152,1.11626,-0.647672,2.14506,1.2199,-0.727572,2.33546,1.23872,-0.737598,2.32073,1.25017,-0.716112,2.32073,1.23117,-0.706415,2.33546
0.184758,1.27189,-0.426319,21.1782,838964058,1.17129,-0.544457,2.14506,1.18946,-0.55182,2.13152,1.19777,-0.531318,2.13152,1.17947,-0.524274,2.14506,1.29089,-0.592922,2.33546,1.31065,-0.60093,2.32073,1.31979,-0.578367,2.32073,1.29989,-0.570705,2.33546
0.0280314,1.28824,-0.758051,-3.54592,838964551,0.931097,-0.897164,2.18821,0.945973,-0.910122,2.17484,0.96021,-0.89319,2.17484,0.945112,-0.880496,2.18821,1.02713,-0.980779,2.37977,1.04331,-0.994873,2.36523,1.05898,-0.976239,2.36523,1.04256,-0.962431,2.37977
-0.146472,1.28898,-0.740868,-3.00988,838964552,0.945397,-0.880157,2.18821,0.960495,-0.892851,2.17484,0.974732,-0.875919,2.17484,0.959413,-0.863488,2.18821,1.04284,-0.962092,2.37977,1.05926,-0.975899,2.36523,1.07493,-0.957265,2.36523,1.05827,-0.943744,2.37977
0.694337,1.28822,-0.723536,-4.51626,838964553,0.96152,-0.864521,2.18821,0.97684,-0.876951,2.17484,0.990477,-0.859532,2.17484,0.974945,-0.847373,2.18821,1.06042,-0.94473,2.37977,1.07708,-0.958251,2.36523,1.09209,-0.93908,2.36523,1.07519,-0.925855,2.37977
0.102271,1.28897,-0.706353,19.3954,838964554,0.975218,-0.847024,2.18821,0.99075,-0.859183,2.17484,1.00439,-0.841765,2.17484,0.988643,-0.829876,2.18821,1.07547,-0.925506,2.37977,1.09236,-0.938731,2.36523,1.10737,-0.919561,2.36523,1.09024,-0.90663,2.37977
0.329046,1.28822,-0.689021,-1.53914,838964555,0.990785,-0.830834,2.18821,1.00653,-0.842722,2.17484,1.01955,-0.824838,2.17484,1.0036,-0.813228,2.18821,1.09242,-0.907541,2.37977,1.10955,-0.920471,2.36523,1.12388,-0.900789,2.36523,1.10653,-0.888161,2.37977
0.000691381,1.28911,-0.533772,-3.33057,838964564,1.10601,-0.666892,2.18821,1.12342,-0.676168,2.17484,1.13383,-0.656644,2.17484,1.11626,-0.647672,2.18821,1.21838,-0.726759,2.37977,1.23731,-0.736848,2.36523,1.24876,-0.715361,2.36523,1.22965,-0.705603,2.37977
0.0488134,1.289,-0.426317,24.5014,838964570,1.17129,-0.544457,2.18821,1.18957,-0.551866,2.17484,1.19788,-0.531363,2.17484,1.17947,-0.524274,2.18821,1.28929,-0.592273,2.37977,1.30917,-0.600331,2.36523,1.31831,-0.577767,2.36523,1.29829,-0.570056,2.37977
0.156911,1.28824,-0.408985,-45.099,838964571,1.18179,-0.524605,2.18821,1.2002,-0.531693,2.17484,1.20779,-0.510913,2.17484,1.18926,-0.504148,2.18821,1.30063,-0.570331,2.37977,1.32066,-0.578041,2.36523,1.32901,-0.555172,2.36523,1.30885,-0.547813,2.37977
0.250252,1.30531,-2.7489,-40.9426,838964949,-1.19891,-0.484281,2.23194,-1.21691,-0.492655,2.21875,-1.20723,-0.512547,2.21875,-1.18938,-0.503864,2.23194,-1.31279,-0.537252,2.42464,-1.33236,-0.54636,2.4103,-1.32171,-0.568252,2.4103,-1.3023,-0.558807,2.42464
0.0714419,1.30532,-0.758048,-37.0915,838965063,0.931097,-0.897164,2.23194,0.946065,-0.9102,2.21875,0.960302,-0.893268,2.21875,0.945112,-0.880496,2.23194,1.0258,-0.97966,2.42464,1.04208,-0.993838,2.4103,1.05775,-0.975204,2.4103,1.04123,-0.961312,2.42464
0.10726,1.30606,-0.740866,-6.94988,838965064,0.945397,-0.880157,2.23194,0.960587,-0.892929,2.21875,0.974824,-0.875997,2.21875,0.959413,-0.863488,2.23194,1.04151,-0.960973,2.42464,1.05803,-0.974865,2.4103,1.0737,-0.95623,2.4103,1.05694,-0.942625,2.42464
0.0937565,1.3053,-0.723533,-11.4467,838965065,0.96152,-0.864521,2.23194,0.976935,-0.877025,2.21875,0.990572,-0.859606,2.21875,0.974945,-0.847373,2.23194,1.05905,-0.943658,2.42464,1.07581,-0.957259,2.4103,1.09082,-0.938089,2.4103,1.07382,-0.924783,2.42464
0.0626226,1.30606,-0.706352,-4.20195,838965066,0.975218,-0.847024,2.23194,0.990845,-0.859258,2.21875,1.00448,-0.841839,2.21875,0.988643,-0.829876,2.23194,1.0741,-0.924434,2.42464,1.09109,-0.93774,2.4103,1.1061,-0.91857,2.4103,1.08887,-0.905558,2.42464
0.00519248,1.3053,-0.689018,-5.01267,838965067,0.990785,-0.830835,2.23194,1.00663,-0.842793,2.21875,1.01965,-0.824909,2.21875,1.0036,-0.813228,2.23194,1.09102,-0.906518,2.42464,1.10825,-0.919525,2.4103,1.12258,-0.899842,2.4103,1.10512,-0.887138,2.42464
0.00066644,1.3062,-0.53377,-4.06802,838965076,1.10601,-0.666892,2.23194,1.12353,-0.676224,2.21875,1.13393,-0.656701,2.21875,1.11626,-0.647672,2.23194,1.21684,-0.725941,2.42464,1.23589,-0.736092,2.4103,1.24734,-0.714605,2.4103,1.22811,-0.704785,2.42464
0.00571634,1.30609,-0.426315,-4.87645,838965082,1.17129,-0.544457,2.23194,1.18968,-0.551911,2.21875,1.19799,-0.531408,2.21875,1.17947,-0.524274,2.23194,1.28767,-0.59162,2.42464,1.30768,-0.599727,2.4103,1.31682,-0.577163,2.4103,1.29668,-0.569403,2.42464
0.106364,1.32328,-0.775374,-49.2751,838965574,0.914438,-0.912227,2.27679,0.929378,-0.925707,2.26367,0.944206,-0.909273,2.26367,0.929027,-0.896058,2.27679,1.00647,-0.995264,2.47054,1.02261,-1.00983,2.45637,1.03883,-0.991854,2.45637,1.02243,-0.977573,2.47054
0.14214,1.3225,-0.758045,-18.6508,838965575,0.931096,-0.897165,2.27679,0.946268,-0.910388,2.26367,0.960513,-0.893446,2.26367,0.945112,-0.880497,2.27679,1.02465,-0.978507,2.47054,1.04105,-0.992797,2.45637,1.05663,-0.974263,2.45637,1.03999,-0.960269,2.47054
-0.00778764,1.32326,-0.740859,-3.16392,838965576,0.945398,-0.880156,2.27679,0.960799,-0.893106,2.26367,0.975044,-0.876164,2.26367,0.959413,-0.863487,2.27679,1.04027,-0.959928,2.47054,1.05692,-0.973923,2.45637,1.0725,-0.95539,2.45637,1.05561,-0.94169,2.47054
0.157442,1.32249,-0.72353,-6.52679,838965577,0.96152,-0.864521,2.27679,0.977144,-0.877206,2.26367,0.990788,-0.859778,2.26367,0.974944,-0.847374,2.27679,1.05786,-0.942547,2.47054,1.07474,-0.956255,2.45637,1.08967,-0.937189,2.45637,1.07255,-0.923784,2.47054
0.00746445,1.32325,-0.706344,-4.51223,838965578,0.975219,-0.847023,2.27679,0.991063,-0.859427,2.26367,1.00471,-0.841999,2.26367,0.988643,-0.829875,2.27679,1.07282,-0.923433,2.47054,1.08994,-0.936838,2.45637,1.10487,-0.917772,2.45637,1.08751,-0.904671,2.47054
-0.029859,1.32249,-0.689015,-3.44729,838965579,0.990784,-0.830835,2.27679,1.00684,-0.842966,2.26367,1.01987,-0.825072,2.26367,1.0036,-0.813229,2.27679,1.08979,-0.905448,2.47054,1.10714,-0.918558,2.45637,1.12139,-0.898982,2.45637,1.10381,-0.886184,2.47054
-0.0138874,1.32339,-0.533763,-4.50894,838965588,1.10602,-0.666891,2.27679,1.12377,-0.676353,2.26367,1.13418,-0.656819,2.26367,1.11626,-0.647671,2.27679,1.21541,-0.725178,2.47054,1.2346,-0.735403,2.45637,1.24599,-0.714033,2.45637,1.22662,-0.704148,2.47054
0.0482177,1.32263,-0.512532,88.7216,838965589,1.12107,-0.643849,2.27679,1.13899,-0.653009,2.26367,1.14871,-0.633126,2.26367,1.13064,-0.624285,2.27679,1.23152,-0.700151,2.47054,1.25088,-0.710051,2.45637,1.26152,-0.688299,2.45637,1.24199,-0.678745,2.47054
-0.00147212,1.32336,-0.495342,-4.79535,838965590,1.13083,-0.623886,2.27679,1.14891,-0.632726,2.26367,1.15863,-0.612843,2.26367,1.1404,-0.604322,2.27679,1.24218,-0.678345,2.47054,1.26172,-0.687899,2.45637,1.27236,-0.666147,2.45637,1.25265,-0.656939,2.47054
-0.010774,1.32257,-0.478013,-3.92643,838965591,1.1427,-0.604816,2.27679,1.16092,-0.613346,2.26367,1.16995,-0.593135,2.26367,1.15157,-0.584931,2.27679,1.25504,-0.657227,2.47054,1.27474,-0.666444,2.45637,1.28461,-0.644334,2.45637,1.26476,-0.635468,2.47054
-0.00528858,1.32331,-0.460824,-4.67876,838965592,1.15176,-0.584524,2.27679,1.17013,-0.592728,2.26367,1.17915,-0.572517,2.26367,1.16063,-0.564639,2.27679,1.26494,-0.635062,2.47054,1.2848,-0.643928,2.45637,1.29467,-0.621818,2.45637,1.27466,-0.613304,2.47054
-0.0178238,1.32253,-0.443495,-4.79266,838965593,1.16294,-0.565053,2.27679,1.18146,-0.57294,2.26367,1.18977,-0.552426,2.26367,1.17112,-0.544869,2.27679,1.27705,-0.613507,2.47054,1.29706,-0.622031,2.45637,1.30616,-0.59959,2.45637,1.286,-0.591423,2.47054
-0.102298,1.32328,-0.426308,-4.02793,838965594,1.17129,-0.544457,2.27679,1.18994,-0.552014,2.26367,1.19825,-0.5315,2.26367,1.17947,-0.524273,2.27679,1.28617,-0.59101,2.47054,1.30632,-0.599177,2.45637,1.31542,-0.576736,2.45637,1.29512,-0.568926,2.47054
0.0755105,1.34044,-0.775372,-3.01663,838966086,0.914438,-0.912227,2.32205,0.929459,-0.92578,2.30911,0.944287,-0.909346,2.30911,0.929027,-0.896058,2.32205,1.00526,-0.994172,2.51684,1.02149,-1.00882,2.50285,1.03771,-0.990841,2.50285,1.02122,-0.976481,2.51684
0.121784,1.33967,-0.758042,-33.8821,838966087,0.931096,-0.897165,2.32205,0.946352,-0.910458,2.30911,0.960597,-0.893517,2.30911,0.945112,-0.880497,2.32205,1.0234,-0.977459,2.51684,1.03989,-0.991824,2.50285,1.05547,-0.973291,2.50285,1.03874,-0.95922,2.51684
-0.00427397,1.34042,-0.740857,-2.4796,838966088,0.945398,-0.880156,2.32205,0.960883,-0.893176,2.30911,0.975128,-0.876235,2.30911,0.959413,-0.863487,2.32205,1.03902,-0.95888,2.51684,1.05576,-0.97295,2.50285,1.07134,-0.954417,2.50285,1.05436,-0.940641,2.51684
0.112455,1.33965,-0.723527,-9.27129,838966089,0.96152,-0.864521,2.32205,0.97723,-0.877273,2.30911,0.990874,-0.859845,2.30911,0.974944,-0.847374,2.32205,1.05657,-0.941542,2.51684,1.07355,-0.955323,2.50285,1.08848,-0.936257,2.50285,1.07126,-0.922779,2.51684
0.0561682,1.34041,-0.706342,-2.09102,838966090,0.975219,-0.847023,2.32205,0.991149,-0.859494,2.30911,1.00479,-0.842066,2.30911,0.988643,-0.829875,2.32205,1.07154,-0.922429,2.51684,1.08875,-0.935906,2.50285,1.10368,-0.91684,2.50285,1.08623,-0.903666,2.51684
0.0239897,1.33965,-0.689012,-2.68549,838966091,0.990784,-0.830835,2.32205,1.00693,-0.843031,2.30911,1.01996,-0.825136,2.30911,1.0036,-0.813229,2.32205,1.08847,-0.904489,2.51684,1.10592,-0.917668,2.50285,1.12017,-0.898093,2.50285,1.1025,-0.885225,2.51684
-0.0136541,1.34046,-0.602797,111.873,838966096,1.05749,-0.741665,2.32205,1.07464,-0.752402,2.30911,1.08638,-0.733642,2.30911,1.06905,-0.723207,2.32205,1.16117,-0.806582,2.51684,1.1797,-0.818184,2.50285,1.19255,-0.797661,2.50285,1.17381,-0.786385,2.51684
0.0346152,1.33979,-0.51253,-3.69894,838966101,1.12107,-0.643849,2.32205,1.13909,-0.653058,2.30911,1.14881,-0.633174,2.30911,1.13064,-0.624285,2.32205,1.23005,-0.699435,2.51684,1.24953,-0.709386,2.50285,1.26016,-0.687635,2.50285,1.24052,-0.678029,2.51684
-0.0459937,1.34052,-0.495341,-4.18776,838966102,1.13083,-0.623886,2.32205,1.14901,-0.632774,2.30911,1.15873,-0.612891,2.30911,1.1404,-0.604322,2.32205,1.24072,-0.677629,2.51684,1.26036,-0.687235,2.50285,1.271,-0.665483,2.50285,1.25119,-0.656224,2.51684
0.0692636,1.33974,-0.47801,-3.3528,838966103,1.1427,-0.604816,2.32205,1.16102,-0.61339,2.30911,1.17005,-0.593179,2.30911,1.15157,-0.584931,2.32205,1.25356,-0.656562,2.51684,1.27336,-0.665828,2.50285,1.28323,-0.643718,2.50285,1.26327,-0.634804,2.51684
0.0620966,1.34048,-0.460823,-19.6021,838966104,1.15176,-0.584524,2.32205,1.17023,-0.592773,2.30911,1.17925,-0.572562,2.30911,1.16063,-0.564639,2.32205,1.26345,-0.634397,2.51684,1.28342,-0.643311,2.50285,1.29329,-0.621201,2.50285,1.27317,-0.612639,2.51684
0.0554042,1.33969,-0.443493,66.0625,838966105,1.16294,-0.565053,2.32205,1.18156,-0.572981,2.30911,1.18987,-0.552467,2.30911,1.17112,-0.544869,2.32205,1.27554,-0.612895,2.51684,1.29566,-0.621463,2.50285,1.30476,-0.599022,2.50285,1.28449,-0.590811,2.51684
0.171374,1.35759,2.88786,-3.57886,838966448,-1.24738,0.335254,2.36792,-1.26727,0.339501,2.35515,-1.27189,0.317855,2.35515,-1.25193,0.313956,2.36792,-1.36541,0.360454,2.56372,-1.3869,0.365043,2.54992,-1.39196,0.341363,2.54992,-1.37038,0.33715,2.56372
0.117894,1.35758,-0.77537,5.9637,838966598,0.914438,-0.912227,2.36792,0.929539,-0.925852,2.35515,0.944367,-0.909419,2.35515,0.929027,-0.896058,2.36792,1.00404,-0.993075,2.56372,1.02036,-1.0078,2.54992,1.03658,-0.989822,2.54992,1.02,-0.975383,2.56372
2.62886,1.3568,-0.75804,-0.530834,838966599,0.931096,-0.897165,2.36792,0.946434,-0.910527,2.35515,0.960679,-0.893586,2.35515,0.945112,-0.880497,2.36792,1.02215,-0.976404,2.56372,1.03872,-0.990845,2.54992,1.05431,-0.972312,2.54992,1.03748,-0.958166,2.56372
0.228819,1.35756,-0.740855,1.83305,838966600,0.945398,-0.880156,2.36792,0.960965,-0.893245,2.35515,0.97521,-0.876304,2.35515,0.959413,-0.863487,2.36792,1.03777,-0.957825,2.56372,1.05459,-0.971971,2.54992,1.07018,-0.953438,2.54992,1.05311,-0.939587,2.56372
0.155143,1.35678,-0.723525,-36.9967,838966601,0.96152,-0.864522,2.36792,0.977315,-0.87734,2.35515,0.99096,-0.859911,2.35515,0.974944,-0.847374,2.36792,1.05528,-0.940532,2.56372,1.07235,-0.954385,2.54992,1.08728,-0.935319,2.54992,1.06997,-0.92177,2.56372
0.0559829,1.35755,-0.70634,-3.02543,838966602,0.975219,-0.847023,2.36792,0.991234,-0.859561,2.35515,1.00488,-0.842133,2.35515,0.988643,-0.829875,2.36792,1.07025,-0.921419,2.56372,1.08755,-0.934968,2.54992,1.10248,-0.915902,2.54992,1.08494,-0.902656,2.56372
-0.0416918,1.35678,-0.68901,-2.07245,838966603,0.990785,-0.830835,2.36792,1.00702,-0.843094,2.35515,1.02005,-0.8252,2.35515,1.0036,-0.813229,2.36792,1.08715,-0.903525,2.56372,1.10469,-0.916773,2.54992,1.11894,-0.897197,2.54992,1.10117,-0.884261,2.56372
0.0855254,1.35755,-0.671826,-2.31952,838966604,1.00386,-0.812869,2.36792,1.02031,-0.82484,2.35515,1.03333,-0.806946,2.35515,1.01668,-0.795263,2.36792,1.10143,-0.883901,2.56372,1.1192,-0.896837,2.54992,1.13345,-0.877262,2.54992,1.11546,-0.864636,2.56372
-0.035922,1.35679,-0.654495,-3.50016,838966605,1.01885,-0.796148,2.36792,1.03551,-0.807832,2.35515,1.0479,-0.789494,2.35515,1.03105,-0.778104,2.36792,1.1177,-0.865427,2.56372,1.13569,-0.878054,2.54992,1.14925,-0.857993,2.54992,1.13104,-0.845685,2.56372
0.071771,1.35757,-0.637311,-33.2627,838966606,1.0313,-0.777735,2.36792,1.04815,-0.789125,2.35515,1.06054,-0.770786,2.35515,1.04349,-0.759692,2.36792,1.13129,-0.845316,2.56372,1.1495,-0.857624,2.54992,1.16306,-0.837563,2.54992,1.14463,-0.825574,2.56372
0.0401262,1.35681,-0.619979,-3.36686,838966607,1.0457,-0.7605,2.36792,1.06275,-0.771596,2.35515,1.07449,-0.752836,2.35515,1.05725,-0.742042,2.36792,1.1469,-0.826286,2.56372,1.16532,-0.838277,2.54992,1.17817,-0.817754,2.54992,1.15954,-0.806089,2.56372
-0.0720689,1.35692,-0.512527,-3.6589,838966613,1.12107,-0.643849,2.36792,1.13918,-0.653105,2.35515,1.14891,-0.633222,2.35515,1.13064,-0.624285,2.36792,1.22858,-0.698715,2.56372,1.24816,-0.708718,2.54992,1.2588,-0.686966,2.54992,1.23905,-0.677309,2.56372
0.0562558,1.35766,-0.495339,-2.74948,838966614,1.13083,-0.623885,2.36792,1.1491,-0.632822,2.35515,1.15883,-0.612938,2.35515,1.1404,-0.604322,2.36792,1.23925,-0.676909,2.56372,1.25899,-0.686566,2.54992,1.26963,-0.664815,2.54992,1.24972,-0.655504,2.56372
3.10775,1.35687,-0.478008,0.538539,838966615,1.1427,-0.604816,2.36792,1.16112,-0.613434,2.35515,1.17015,-0.593223,2.35515,1.15157,-0.584931,2.36792,1.25206,-0.655894,2.56372,1.27197,-0.665207,2.54992,1.28184,-0.643097,2.54992,1.26177,-0.634136,2.56372
0.274453,1.35761,-0.460821,-4.68294,838966616,1.15176,-0.584524,2.36792,1.17033,-0.592817,2.35515,1.17935,-0.572606,2.35515,1.16063,-0.564639,2.36792,1.26196,-0.633729,2.56372,1.28203,-0.642691,2.54992,1.2919,-0.620581,2.54992,1.27167,-0.611971,2.56372
0.078143,1.35683,-0.44349,13.024,838966617,1.16294,-0.565053,2.36792,1.18166,-0.573022,2.35515,1.18997,-0.552508,2.35515,1.17112,-0.544869,2.36792,1.27403,-0.61228,2.56372,1.29425,-0.620892,2.54992,1.30335,-0.59845,2.54992,1.28298,-0.590195,2.56372
0.0480553,1.35758,-0.426305,74.3196,838966618,1.17129,-0.544456,2.36792,1.19014,-0.552095,2.35515,1.19845,-0.531582,2.35515,1.17947,-0.524273,2.36792,1.28314,-0.589783,2.56372,1.30351,-0.598038,2.54992,1.31261,-0.575597,2.54992,1.29209,-0.567698,2.56372
-0.147034,1.37469,-0.775369,-2.2248,838967110,0.914438,-0.912227,2.41441,0.929618,-0.925924,2.40181,0.944446,-0.90949,2.40181,0.929027,-0.896058,2.41441,1.00282,-0.991972,2.61122,1.01922,-1.00677,2.5976,1.03544,-0.988796,2.5976,1.01878,-0.97428,2.61122
0.0500743,1.3739,-0.758038,-2.37446,838967111,0.931096,-0.897165,2.41441,0.946516,-0.910596,2.40181,0.96076,-0.893655,2.40181,0.945112,-0.880497,2.41441,1.02089,-0.975345,2.61122,1.03755,-0.989859,2.5976,1.05314,-0.971326,2.5976,1.03622,-0.957106,2.61122
-0.072382,1.37466,-0.740853,-2.81908,838967112,0.945398,-0.880156,2.41441,0.961047,-0.893314,2.40181,0.975292,-0.876373,2.40181,0.959413,-0.863487,2.41441,1.03651,-0.956766,2.61122,1.05342,-0.970985,2.5976,1.069,-0.952452,2.5976,1.05185,-0.938527,2.61122
0.156192,1.37389,-0.723522,19.0318,838967113,0.96152,-0.864521,2.41441,0.977399,-0.877406,2.40181,0.991043,-0.859977,2.40181,0.974944,-0.847374,2.41441,1.05399,-0.939517,2.61122,1.07115,-0.953441,2.5976,1.08607,-0.934375,2.5976,1.06868,-0.920754,2.61122
0.282967,1.37466,-0.706339,-9.81162,838967114,0.975219,-0.847023,2.41441,0.991318,-0.859627,2.40181,1.00496,-0.842198,2.40181,0.988643,-0.829875,2.41441,1.06895,-0.920404,2.61122,1.08635,-0.934024,2.5976,1.10128,-0.914958,2.5976,1.08364,-0.901641,2.61122
0.0463625,1.37388,-0.689007,-45.4146,838967115,0.990785,-0.830835,2.41441,1.0071,-0.843157,2.40181,1.02013,-0.825262,2.40181,1.0036,-0.813229,2.41441,1.08582,-0.902556,2.61122,1.10345,-0.915871,2.5976,1.1177,-0.896296,2.5976,1.09984,-0.883291,2.61122
0.0402279,1.37466,-0.671824,-1.78826,838967116,1.00386,-0.812869,2.41441,1.02039,-0.824903,2.40181,1.03342,-0.807008,2.40181,1.01668,-0.795263,2.41441,1.1001,-0.882932,2.61122,1.11796,-0.895936,2.5976,1.13222,-0.87636,2.5976,1.11413,-0.863667,2.61122
0.191725,1.37389,-0.654492,-12.2004,838967117,1.01885,-0.796147,2.41441,1.0356,-0.807892,2.40181,1.04799,-0.789553,2.40181,1.03105,-0.778104,2.41441,1.11633,-0.864505,2.61122,1.13442,-0.877197,2.5976,1.14798,-0.857135,2.5976,1.12968,-0.844763,2.61122
0.0917973,1.37467,-0.637309,-11.8564,838967118,1.0313,-0.777735,2.41441,1.04824,-0.789184,2.40181,1.06063,-0.770846,2.40181,1.04349,-0.759692,2.41441,1.12993,-0.844394,2.61122,1.14823,-0.856766,2.5976,1.16179,-0.836705,2.5976,1.14327,-0.824651,2.61122
2.36698,1.37392,-0.619977,1.31441,838967119,1.0457,-0.760501,2.41441,1.06284,-0.771653,2.40181,1.07458,-0.752893,2.40181,1.05725,-0.742042,2.41441,1.1455,-0.825412,2.61122,1.16403,-0.837464,2.5976,1.17688,-0.816941,2.5976,1.15815,-0.805216,2.61122
1.02914,1.3747,-0.602793,-2.42168,838967120,1.05749,-0.741665,2.41441,1.07482,-0.752515,2.40181,1.08657,-0.733755,2.40181,1.06905,-0.723207,2.41441,1.15838,-0.804838,2.61122,1.17711,-0.816564,2.5976,1.18996,-0.796041,2.5976,1.17103,-0.784642,2.61122
0.00992944,1.37395,-0.58546,-3.3348,838967121,1.07128,-0.723938,2.41441,1.0888,-0.734485,2.40181,1.09988,-0.715326,2.40181,1.08218,-0.705087,2.41441,1.17329,-0.785324,2.61122,1.19222,-0.796722,2.5976,1.20435,-0.775763,2.5976,1.18522,-0.764698,2.61122
0.164044,1.37474,-0.568276,0.141906,838967122,1.08241,-0.704702,2.41441,1.1001,-0.71494,2.40181,1.11119,-0.695782,2.40181,1.09331,-0.685852,2.41441,1.18544,-0.764313,2.61122,1.20457,-0.775377,2.5976,1.2167,-0.754418,2.5976,1.19738,-0.743687,2.61122
-0.0494261,1.3748,-0.533757,-2.71961,838967124,1.10602,-0.666891,2.41441,1.12406,-0.676505,2.40181,1.13447,-0.656971,2.40181,1.11626,-0.647671,2.41441,1.21107,-0.722867,2.61122,1.23057,-0.733257,2.5976,1.24196,-0.711887,2.5976,1.22228,-0.701837,2.61122
-0.00638433,1.37403,-0.512525,-2.90054,838967125,1.12107,-0.643849,2.41441,1.13928,-0.653152,2.40181,1.149,-0.633268,2.40181,1.13064,-0.624285,2.41441,1.2271,-0.697992,2.61122,1.24678,-0.708045,2.5976,1.25742,-0.686293,2.5976,1.23757,-0.676586,2.61122
0.132496,1.37477,-0.495337,5.80905,838967126,1.13083,-0.623886,2.41441,1.1492,-0.632868,2.40181,1.15892,-0.612985,2.40181,1.1404,-0.604322,2.41441,1.23777,-0.676186,2.61122,1.25762,-0.685893,2.5976,1.26826,-0.664142,2.5976,1.24824,-0.65478,2.61122
0.221667,1.37397,-0.478005,1.53663,838967127,1.1427,-0.604816,2.41441,1.16122,-0.613478,2.40181,1.17024,-0.593267,2.40181,1.15157,-0.584931,2.41441,1.25056,-0.655223,2.61122,1.27057,-0.664583,2.5976,1.28045,-0.642473,2.5976,1.26027,-0.633465,2.61122
0.195339,1.37472,-0.460819,2.40693,838967128,1.15176,-0.584524,2.41441,1.17043,-0.59286,2.40181,1.17945,-0.572649,2.40181,1.16063,-0.564639,2.41441,1.26045,-0.633058,2.61122,1.28063,-0.642066,2.5976,1.2905,-0.619957,2.5976,1.27017,-0.6113,2.61122
0.0887483,1.37393,-0.443488,-19.4068,838967129,1.16294,-0.565053,2.41441,1.18176,-0.573062,2.40181,1.19007,-0.552548,2.40181,1.17112,-0.544869,2.41441,1.2725,-0.611661,2.61122,1.29283,-0.620316,2.5976,1.30193,-0.597875,2.5976,1.28145,-0.589577,2.61122
0.331848,1.37469,-0.426303,19.6402,838967130,1.17129,-0.544457,2.41441,1.19024,-0.552135,2.40181,1.19855,-0.531622,2.40181,1.17947,-0.524273,2.41441,1.28162,-0.589164,2.61122,1.30209,-0.597463,2.5976,1.31119,-0.575021,2.5976,1.29057,-0.56708,2.61122
0.0685058,1.3739,-0.408972,-9.26226,838967131,1.18179,-0.524606,2.41441,1.20088,-0.531953,2.40181,1.20847,-0.511161,2.40181,1.18926,-0.504149,2.41441,1.29291,-0.56736,2.61122,1.31353,-0.575299,2.5976,1.32184,-0.552554,2.5976,1.30108,-0.544976,2.61122
0.0228076,1.37466,-0.391788,-3.02434,838967132,1.18941,-0.503731,2.41441,1.20862,-0.510743,2.40181,1.21621,-0.489952,2.40181,1.19688,-0.483274,2.41441,1.30123,-0.544558,2.61122,1.32199,-0.552136,2.5976,1.33029,-0.529391,2.5976,1.30941,-0.522175,2.61122
-0.0244168,1.37389,-0.374456,-2.05317,838967133,1.19922,-0.483525,2.41441,1.21854,-0.490201,2.40181,1.22541,-0.469157,2.40181,1.20597,-0.46282,2.41441,1.31176,-0.522372,2.61122,1.33265,-0.529587,2.5976,1.34015,-0.506566,2.5976,1.31914,-0.499717,2.61122
0.0739368,1.37466,-0.357273,-2.3181,838967134,1.2061,-0.462397,2.41441,1.22554,-0.468734,2.40181,1.2324,-0.44769,2.40181,1.21285,-0.441692,2.41441,1.31928,-0.499294,2.61122,1.34029,-0.506142,2.5976,1.34779,-0.483121,2.5976,1.32667,-0.476639,2.61122
0.0231549,1.39177,-0.775367,-1.65129,838967622,0.914438,-0.912227,2.46154,0.929696,-0.925994,2.44911,0.944524,-0.90956,2.44911,0.929027,-0.896058,2.46154,1.00159,-0.990863,2.65934,1.01808,-1.00574,2.64591,1.0343,-0.987763,2.64591,1.01755,-0.973172,2.65934
-0.0640382,1.39098,-0.758035,-2.22939,838967623,0.931096,-0.897165,2.46154,0.946596,-0.910664,2.44911,0.960841,-0.893722,2.44911,0.945112,-0.880497,2.46154,1.01962,-0.97428,2.65934,1.03637,-0.988867,2.64591,1.05196,-0.970334,2.64591,1.03496,-0.956041,2.65934
0.106681,1.39175,-0.740852,1.34231,838967624,0.945398,-0.880156,2.46154,0.961127,-0.893382,2.44911,0.975372,-0.87644,2.44911,0.959413,-0.863487,2.46154,1.03524,-0.9557,2.65934,1.05224,-0.969993,2.64591,1.06782,-0.95146,2.64591,1.05058,-0.937462,2.65934
0.109634,1.39097,-0.72352,-12.8317,838967625,0.96152,-0.864521,2.46155,0.977482,-0.87747,2.44911,0.991126,-0.860042,2.44911,0.974944,-0.847374,2.46154,1.05268,-0.938497,2.65934,1.06993,-0.95249,2.64591,1.08486,-0.933424,2.64591,1.06737,-0.919734,2.65934
0.0613742,1.39174,-0.706337,29.7108,838967626,0.975219,-0.847023,2.46154,0.9914,-0.859691,2.44911,1.00504,-0.842263,2.44911,0.988643,-0.829875,2.46154,1.06765,-0.919384,2.65934,1.08513,-0.933074,2.64591,1.10006,-0.914008,2.64591,1.08234,-0.900621,2.65934
0.260687,1.39097,-0.689005,-5.06718,838967627,0.990785,-0.830835,2.46154,1.00719,-0.843219,2.44911,1.02022,-0.825324,2.44911,1.0036,-0.813229,2.46154,1.08448,-0.901582,2.65934,1.10221,-0.914964,2.64591,1.11646,-0.895388,2.64591,1.0985,-0.882317,2.65934
0.581669,1.39174,-0.671822,4.57148,838967628,1.00386,-0.812869,2.46154,1.02048,-0.824965,2.44911,1.03351,-0.80707,2.44911,1.01668,-0.795263,2.46154,1.09876,-0.881957,2.65934,1.11672,-0.895028,2.64591,1.13097,-0.875453,2.64591,1.11279,-0.862693,2.65934
2.62587,1.39098,-0.65449,0.821865,838967629,1.01885,-0.796148,2.46154,1.03568,-0.80795,2.44911,1.04808,-0.789612,2.44911,1.03105,-0.778104,2.46154,1.11496,-0.863579,2.65934,1.13315,-0.876334,2.64591,1.1467,-0.856272,2.64591,1.1283,-0.843836,2.65934
0.690209,1.39176,-0.637307,0.387883,838967630,1.0313,-0.777735,2.46154,1.04833,-0.789243,2.44911,1.06072,-0.770905,2.44911,1.04349,-0.759692,2.46154,1.12855,-0.843467,2.65934,1.14695,-0.855903,2.64591,1.16051,-0.835842,2.64591,1.1419,-0.823725,2.65934
2.18555,1.391,-0.619974,1.19219,838967631,1.0457,-0.760501,2.46154,1.06293,-0.771709,2.44911,1.07467,-0.752948,2.44911,1.05725,-0.742042,2.46154,1.1441,-0.824534,2.65934,1.16272,-0.836646,2.64591,1.17557,-0.816123,2.64591,1.15675,-0.804337,2.65934
4.33586,1.39179,-0.602792,0.722865,838967632,1.05749,-0.741665,2.46154,1.07491,-0.752571,2.44911,1.08665,-0.733811,2.44911,1.06905,-0.723207,2.46154,1.15698,-0.80396,2.65934,1.1758,-0.815746,2.64591,1.18865,-0.795223,2.64591,1.16963,-0.783764,2.65934
2.29315,1.39103,-0.585457,0.887473,838967633,1.07128,-0.723938,2.46154,1.08889,-0.734537,2.44911,1.09997,-0.715378,2.44911,1.08218,-0.705087,2.46154,1.17186,-0.784495,2.65934,1.19089,-0.79595,2.64591,1.20301,-0.774991,2.64591,1.18379,-0.763869,2.65934
0.36376,1.39183,-0.568274,-2.06939,838967634,1.08241,-0.704702,2.46155,1.10019,-0.714993,2.44911,1.11128,-0.695834,2.44911,1.09331,-0.685851,2.46154,1.18401,-0.763484,2.65934,1.20324,-0.774605,2.64591,1.21536,-0.753646,2.64591,1.19594,-0.742858,2.65934
0.0455035,1.39188,-0.533755,-2.47233,838967636,1.10602,-0.666891,2.46154,1.12415,-0.676555,2.44911,1.13456,-0.65702,2.44911,1.11626,-0.647671,2.46154,1.20961,-0.722089,2.65934,1.22921,-0.732532,2.64591,1.2406,-0.711162,2.64591,1.22082,-0.701059,2.65934
0.360724,1.39111,-0.512522,3.84114,838967637,1.12107,-0.643849,2.46154,1.13937,-0.653198,2.44911,1.1491,-0.633314,2.44911,1.13064,-0.624285,2.46154,1.22562,-0.697264,2.65934,1.2454,-0.707368,2.64591,1.25604,-0.685616,2.64591,1.23609,-0.675859,2.65934
0.761673,1.39185,-0.495336,0.0549289,838967638,1.13083,-0.623886,2.46154,1.14929,-0.632915,2.44911,1.15902,-0.613031,2.44911,1.1404,-0.604322,2.46154,1.23628,-0.675459,2.65934,1.25623,-0.685216,2.64591,1.26687,-0.663464,2.64591,1.24675,-0.654053,2.65934
0.295351,1.39105,-0.478003,-0.249394,838967639,1.1427,-0.604816,2.46155,1.16132,-0.613521,2.44911,1.17034,-0.59331,2.44911,1.15157,-0.584931,2.46154,1.24904,-0.654548,2.65934,1.26917,-0.663954,2.64591,1.27904,-0.641844,2.64591,1.25876,-0.63279,2.65934
0.568801,1.39181,-0.460818,-3.91796,838967640,1.15176,-0.584524,2.46154,1.17052,-0.592903,2.44911,1.17955,-0.572692,2.44911,1.16063,-0.564639,2.46154,1.25894,-0.632383,2.65934,1.27922,-0.641438,2.64591,1.28909,-0.619328,2.64591,1.26866,-0.610625,2.65934
0.386185,1.39101,-0.443486,-8.76986,838967641,1.16294,-0.565053,2.46154,1.18186,-0.573101,2.44911,1.19017,-0.552587,2.44911,1.17112,-0.544869,2.46154,1.27097,-0.61104,2.65934,1.2914,-0.619737,2.64591,1.3005,-0.597296,2.64591,1.27992,-0.588955,2.65934
0.191131,1.39177,-0.426301,37.1249,838967642,1.17129,-0.544457,2.46154,1.19034,-0.552175,2.44911,1.19865,-0.531661,2.44911,1.17947,-0.524273,2.46154,1.28008,-0.588543,2.65934,1.30067,-0.596884,2.64591,1.30976,-0.574442,2.64591,1.28903,-0.566458,2.65934
0.104522,1.39099,-0.408969,2.23712,838967643,1.18179,-0.524606,2.46155,1.20097,-0.531989,2.44911,1.20857,-0.511197,2.44911,1.18926,-0.504149,2.46154,1.29135,-0.566792,2.65934,1.31208,-0.574771,2.64591,1.32039,-0.552026,2.64591,1.29953,-0.544409,2.65934
0.140661,1.39175,-0.391786,22.7976,838967644,1.18941,-0.503731,2.46155,1.20872,-0.510779,2.44911,1.21631,-0.489988,2.44911,1.19688,-0.483274,2.46154,1.29968,-0.54399,2.65934,1.32054,-0.551607,2.64591,1.32885,-0.528862,2.64591,1.30785,-0.521607,2.65934
0.0355527,1.39097,-0.374454,27.3506,838967645,1.19922,-0.483525,2.46154,1.21864,-0.490234,2.44911,1.22551,-0.46919,2.44911,1.20597,-0.46282,2.46154,1.31018,-0.52186,2.65934,1.33118,-0.529109,2.64591,1.33869,-0.506088,2.64591,1.31757,-0.499204,2.65934
-0.000293322,1.39174,-0.357271,61.6582,838967646,1.2061,-0.462397,2.46154,1.22564,-0.468767,2.44911,1.2325,-0.447723,2.44911,1.21285,-0.441692,2.46154,1.31771,-0.498781,2.65934,1.33882,-0.505665,2.64591,1.34633,-0.482643,2.64591,1.32509,-0.476126,2.65934
0.0314471,1.391,-0.270908,-2.87771,838967651,1.24274,-0.356987,2.46154,1.26276,-0.361627,2.44911,1.26739,-0.339981,2.44911,1.24729,-0.33569,2.46154,1.35711,-0.383503,2.65934,1.37875,-0.388517,2.64591,1.3838,-0.364837,2.64591,1.36208,-0.3602,2.65934
0.238733,1.39188,-0.184689,-45.6722,838967656,1.2674,-0.248393,2.46154,1.28775,-0.251271,2.44911,1.29085,-0.229355,2.44911,1.27045,-0.22683,2.46154,1.38363,-0.26483,2.65934,1.40562,-0.267939,2.64591,1.40901,-0.243964,2.64591,1.38697,-0.241236,2.65934
-0.0691431,1.40812,-0.758031,-2.27898,838968135,0.931096,-0.897166,2.5098,0.946814,-0.910863,2.49743,0.961067,-0.893913,2.49743,0.945111,-0.880497,2.5098,1.01853,-0.973186,2.7085,1.03541,-0.987897,2.69522,1.05091,-0.969459,2.69522,1.03378,-0.955051,2.7085
0.229338,1.40889,-0.740844,-1.00906,838968136,0.945399,-0.880155,2.5098,0.961354,-0.893571,2.49743,0.975606,-0.876621,2.49743,0.959414,-0.863487,2.5098,1.03407,-0.954709,2.7085,1.0512,-0.969117,2.69522,1.0667,-0.95068,2.69522,1.04931,-0.936574,2.7085
2.37129,1.40811,-0.723516,0.173673,838968137,0.961519,-0.864522,2.5098,0.977707,-0.877663,2.49743,0.991358,-0.860225,2.49743,0.974944,-0.847374,2.5098,1.05156,-0.937442,2.7085,1.06894,-0.951554,2.69522,1.08379,-0.932587,2.69522,1.06616,-0.918786,2.7085
0.123083,1.40888,-0.706329,-18.1242,838968138,0.975219,-0.847022,2.5098,0.991634,-0.859873,2.49743,1.00529,-0.842435,2.49743,0.988644,-0.829874,2.5098,1.06644,-0.918434,2.7085,1.08406,-0.932235,2.69522,1.09891,-0.913268,2.69522,1.08104,-0.899778,2.7085
0.151798,1.40811,-0.689001,-11.0124,838968139,0.990784,-0.830836,2.5098,1.00742,-0.843403,2.49743,1.02045,-0.825499,2.49743,1.0036,-0.81323,2.5098,1.08331,-0.900567,2.7085,1.10118,-0.914063,2.69522,1.11536,-0.894589,2.69522,1.09726,-0.881412,2.7085
0.155665,1.40889,-0.671815,-11.7958,838968140,1.00386,-0.812868,2.5098,1.02072,-0.825138,2.49743,1.03375,-0.807234,2.49743,1.01668,-0.795262,2.5098,1.09752,-0.88105,2.7085,1.11562,-0.894228,2.69522,1.1298,-0.874753,2.69522,1.11146,-0.861896,2.7085
0.349424,1.40812,-0.654486,-2.13825,838968141,1.01885,-0.796148,2.5098,1.03592,-0.808126,2.49743,1.04832,-0.789778,2.49743,1.03105,-0.778105,2.5098,1.11376,-0.862605,2.7085,1.13209,-0.875469,2.69522,1.14558,-0.855511,2.69522,1.12703,-0.842975,2.7085
1.19523,1.4089,-0.6373,-0.0277719,838968142,1.0313,-0.777735,2.5098,1.04857,-0.789408,2.49743,1.06097,-0.77106,2.49743,1.04349,-0.759691,2.5098,1.12728,-0.842604,2.7085,1.14583,-0.855141,2.69522,1.15932,-0.835183,2.69522,1.14055,-0.822974,2.7085
4.45827,1.40814,-0.61997,0.848937,838968143,1.0457,-0.760501,2.5098,1.06317,-0.771876,2.49743,1.07492,-0.753106,2.49743,1.05725,-0.742043,2.5098,1.14287,-0.823603,2.7085,1.16163,-0.835819,2.69522,1.17442,-0.815402,2.69522,1.15544,-0.803521,2.7085
1.1327,1.40893,-0.602784,0.098443,838968144,1.05749,-0.741664,2.5098,1.07516,-0.752727,2.49743,1.08691,-0.733957,2.49743,1.06905,-0.723206,2.5098,1.15568,-0.803142,2.7085,1.17465,-0.815023,2.69522,1.18744,-0.794607,2.69522,1.16825,-0.783061,2.7085
0.381403,1.40817,-0.585453,5.80914,838968145,1.07128,-0.723939,2.5098,1.08914,-0.734696,2.49743,1.10023,-0.715527,2.49743,1.08218,-0.705088,2.5098,1.17059,-0.783608,2.7085,1.18977,-0.795161,2.69522,1.20184,-0.774311,2.69522,1.18246,-0.763099,2.7085
0.161902,1.40897,-0.568266,10.3059,838968146,1.08241,-0.704701,2.5098,1.10045,-0.71514,2.49743,1.11154,-0.695971,2.49743,1.09331,-0.685851,2.5098,1.18268,-0.762712,2.7085,1.20206,-0.773924,2.69522,1.21412,-0.753073,2.69522,1.19454,-0.742204,2.7085
0.411847,1.40903,-0.533747,0.328674,838968148,1.10602,-0.66689,2.5098,1.12441,-0.676693,2.49743,1.13483,-0.657148,2.49743,1.11626,-0.647671,2.5098,1.20825,-0.721364,2.7085,1.22801,-0.731892,2.69522,1.23934,-0.710633,2.69522,1.2194,-0.700454,2.7085
0.216292,1.40825,-0.512519,-0.540652,838968149,1.12107,-0.64385,2.5098,1.13963,-0.653339,2.49743,1.14936,-0.633445,2.49743,1.13064,-0.624286,2.5098,1.22429,-0.696467,2.7085,1.24423,-0.706659,2.69522,1.25481,-0.68502,2.69522,1.2347,-0.675183,2.7085
0.104193,1.409,-0.495328,-3.56005,838968150,1.13083,-0.623885,2.5098,1.14956,-0.633044,2.49743,1.15929,-0.61315,2.49743,1.1404,-0.604321,2.5098,1.2349,-0.674782,2.7085,1.25501,-0.684618,2.69522,1.26559,-0.662979,2.69522,1.24531,-0.653498,2.7085
2.08326,1.40819,-0.477999,-0.69522,838968151,1.14269,-0.604817,2.5098,1.16158,-0.613652,2.49743,1.17061,-0.593431,2.49743,1.15157,-0.584932,2.5098,1.24769,-0.653798,2.7085,1.26798,-0.663287,2.69522,1.2778,-0.641291,2.69522,1.25735,-0.632163,2.7085
2.08072,1.40895,-0.46081,0.812838,838968152,1.15176,-0.584524,2.5098,1.17079,-0.593023,2.49743,1.17982,-0.572801,2.49743,1.16064,-0.564638,2.5098,1.25754,-0.631755,2.7085,1.27798,-0.640883,2.69522,1.2878,-0.618887,2.69522,1.2672,-0.61012,2.7085
1.35421,1.40815,-0.443482,-0.0643117,838968153,1.16294,-0.565053,2.5098,1.18213,-0.573224,2.49743,1.19044,-0.552699,2.49743,1.17112,-0.54487,2.5098,1.26959,-0.610337,2.7085,1.29019,-0.619111,2.69522,1.29924,-0.596786,2.69522,1.27849,-0.588378,2.7085
1.66997,1.40891,-0.426294,1.5583,838968154,1.17129,-0.544456,2.5098,1.19061,-0.552285,2.49743,1.19893,-0.53176,2.49743,1.17947,-0.524272,2.5098,1.27866,-0.587964,2.7085,1.29941,-0.596372,2.69522,1.30845,-0.574047,2.69522,1.28755,-0.566005,2.7085
0.414031,1.40812,-0.408966,1.6625,838968155,1.18179,-0.524607,2.5098,1.20125,-0.532102,2.49743,1.20884,-0.511299,2.49743,1.18926,-0.50415,2.5098,1.28995,-0.566138,2.7085,1.31085,-0.574188,2.69522,1.31911,-0.55156,2.69522,1.29808,-0.543881,2.7085
0.132956,1.40889,-0.391778,-8.00911,838968156,1.18941,-0.50373,2.5098,1.209,-0.51088,2.49743,1.21659,-0.490077,2.49743,1.19688,-0.483273,2.5098,1.29823,-0.543462,2.7085,1.31926,-0.55114,2.69522,1.32753,-0.528513,2.69522,1.30636,-0.521205,2.7085
0.108487,1.40811,-0.37445,-16.4827,838968157,1.19922,-0.483526,2.5098,1.21892,-0.490338,2.49743,1.22579,-0.469283,2.49743,1.20597,-0.462821,2.5098,1.30876,-0.521254,2.7085,1.32993,-0.52857,2.69522,1.33739,-0.505667,2.69522,1.31611,-0.498728,2.7085
0.166294,1.40888,-0.357263,13.8018,838968158,1.20611,-0.462396,2.5098,1.22592,-0.468857,2.49743,1.23279,-0.447802,2.49743,1.21286,-0.441691,2.5098,1.31625,-0.498303,2.7085,1.33753,-0.505242,2.69522,1.345,-0.48234,2.69522,1.32359,-0.475777,2.7085
-0.0599371,1.40811,-0.339935,-3.73612,838968159,1.21519,-0.441862,2.5098,1.23513,-0.447981,2.49743,1.24125,-0.426699,2.49743,1.22122,-0.420934,2.5098,1.32599,-0.475741,2.7085,1.3474,-0.482313,2.69522,1.35406,-0.459164,2.69522,1.33254,-0.452972,2.7085
-0.0431889,1.40814,-0.270904,-4.34932,838968163,1.24274,-0.356988,2.5098,1.26305,-0.361701,2.49743,1.26767,-0.340043,2.49743,1.24729,-0.33569,2.5098,1.35563,-0.38305,2.7085,1.37744,-0.388111,2.69522,1.38247,-0.364554,2.69522,1.36058,-0.359879,2.7085
0.0715594,1.42531,-0.758029,-1.52664,838968647,0.931096,-0.897166,2.55868,0.946887,-0.910925,2.54647,0.96114,-0.893974,2.54647,0.945111,-0.880497,2.55868,1.01735,-0.972191,2.75827,1.03431,-0.986968,2.74516,1.04981,-0.968531,2.74516,1.03259,-0.954056,2.75827
0.0402643,1.42608,-0.740843,-2.45881,838968648,0.945399,-0.880155,2.55868,0.961427,-0.893632,2.54647,0.975679,-0.876682,2.54647,0.959414,-0.863487,2.55868,1.03288,-0.953714,2.75827,1.0501,-0.968188,2.74516,1.0656,-0.949751,2.74516,1.04813,-0.935579,2.75827
0.216265,1.42529,-0.723514,8.2801,838968649,0.961519,-0.864522,2.55868,0.977782,-0.877721,2.54647,0.991433,-0.860284,2.54647,0.974944,-0.847374,2.55868,1.05034,-0.936489,2.75827,1.0678,-0.950665,2.74516,1.08265,-0.931697,2.74516,1.06494,-0.917833,2.75827
0.0712323,1.42607,-0.706328,-20.8745,838968650,0.975219,-0.847022,2.55868,0.991709,-0.859932,2.54647,1.00536,-0.842494,2.54647,0.988644,-0.829874,2.55868,1.06522,-0.917481,2.75827,1.08293,-0.931345,2.74516,1.09778,-0.912378,2.74516,1.07982,-0.898825,2.75827
0.00128328,1.42529,-0.688999,-3.62381,838968651,0.990784,-0.830836,2.55868,1.0075,-0.843459,2.54647,1.02053,-0.825555,2.54647,1.0036,-0.81323,2.55868,1.08206,-0.899657,2.75827,1.10001,-0.913214,2.74516,1.11419,-0.893739,2.74516,1.09601,-0.880502,2.75827
0.0626029,1.42607,-0.671813,-3.32325,838968652,1.00386,-0.812868,2.55868,1.02079,-0.825194,2.54647,1.03383,-0.80729,2.54647,1.01668,-0.795262,2.55868,1.09627,-0.880141,2.75827,1.11445,-0.893378,2.74516,1.12863,-0.873904,2.74516,1.11022,-0.860986,2.75827
0.113064,1.4253,-0.654484,-5.02533,838968653,1.01885,-0.796148,2.55868,1.036,-0.80818,2.54647,1.0484,-0.789832,2.54647,1.03105,-0.778105,2.55868,1.11248,-0.861739,2.75827,1.13089,-0.874661,2.74516,1.14438,-0.854703,2.74516,1.12575,-0.842109,2.75827
0.143401,1.42609,-0.637298,-27.5878,838968654,1.0313,-0.777735,2.55868,1.04865,-0.789461,2.54647,1.06105,-0.771113,2.54647,1.04349,-0.759691,2.55868,1.126,-0.841739,2.75827,1.14463,-0.854333,2.74516,1.15812,-0.834375,2.74516,1.13927,-0.822109,2.75827
0.226105,1.42532,-0.619968,6.42223,838968655,1.0457,-0.760501,2.55868,1.06325,-0.771927,2.54647,1.075,-0.753157,2.54647,1.05725,-0.742043,2.55868,1.14156,-0.822782,2.75827,1.16041,-0.835053,2.74516,1.17319,-0.814636,2.74516,1.15413,-0.802701,2.75827
-0.0083926,1.42612,-0.602782,-3.57754,838968656,1.05749,-0.741664,2.55868,1.07524,-0.752778,2.54647,1.08699,-0.734008,2.54647,1.06905,-0.723206,2.55868,1.15437,-0.802322,2.75827,1.17343,-0.814258,2.74516,1.18621,-0.793841,2.74516,1.16694,-0.78224,2.75827
0.0627994,1.42536,-0.585451,-2.68169,838968657,1.07128,-0.723939,2.55868,1.08922,-0.734744,2.54647,1.10031,-0.715575,2.54647,1.08218,-0.705088,2.55868,1.16925,-0.782834,2.75827,1.18852,-0.794438,2.74516,1.20059,-0.773588,2.74516,1.18112,-0.762325,2.75827
0.127059,1.42616,-0.568265,4.34837,838968658,1.08241,-0.704701,2.55868,1.10053,-0.715188,2.54647,1.11162,-0.696019,2.54647,1.09331,-0.685851,2.55868,1.18134,-0.761938,2.75827,1.20081,-0.773201,2.74516,1.21287,-0.75235,2.74516,1.19321,-0.74143,2.75827
0.0500481,1.42621,-0.533746,-2.0914,838968660,1.10602,-0.66689,2.55868,1.1245,-0.676738,2.54647,1.13491,-0.657193,2.54647,1.11626,-0.647671,2.55868,1.20689,-0.720637,2.75827,1.22674,-0.731213,2.74516,1.23807,-0.709954,2.74516,1.21803,-0.699727,2.75827
0.230054,1.42543,-0.512517,8.87434,838968661,1.12107,-0.64385,2.55868,1.13972,-0.653381,2.54647,1.14945,-0.633487,2.54647,1.13064,-0.624286,2.55868,1.2229,-0.695788,2.75827,1.24293,-0.706025,2.74516,1.25352,-0.684385,2.74516,1.23331,-0.674504,2.75827
0.241693,1.42618,-0.495327,-1.85734,838968662,1.13083,-0.623885,2.55868,1.14965,-0.633085,2.54647,1.15938,-0.613192,2.54647,1.1404,-0.604321,2.55868,1.23351,-0.674102,2.75827,1.25371,-0.683984,2.74516,1.2643,-0.662345,2.74516,1.24392,-0.652818,2.75827
0.144843,1.42538,-0.477997,20.9069,838968663,1.1427,-0.604817,2.55868,1.16167,-0.613691,2.54647,1.1707,-0.59347,2.54647,1.15157,-0.584932,2.55868,1.24628,-0.653167,2.75827,1.26666,-0.662698,2.74516,1.27648,-0.640703,2.74516,1.25594,-0.631533,2.75827
0.0142194,1.42613,-0.460809,-3.13115,838968664,1.15176,-0.584524,2.55868,1.17088,-0.593062,2.54647,1.17991,-0.57284,2.54647,1.16064,-0.564638,2.55868,1.25612,-0.631125,2.75827,1.27666,-0.640294,2.74516,1.28648,-0.618299,2.74516,1.26578,-0.60949,2.75827
0.16256,1.42533,-0.44348,7.39297,838968665,1.16294,-0.565053,2.55868,1.18221,-0.57326,2.54647,1.19053,-0.552735,2.54647,1.17112,-0.54487,2.55868,1.26816,-0.609756,2.75827,1.28885,-0.618569,2.74516,1.2979,-0.596244,2.74516,1.27706,-0.587797,2.75827
0.0532723,1.4261,-0.426292,35.0207,838968666,1.17129,-0.544456,2.55868,1.1907,-0.552321,2.54647,1.19902,-0.531796,2.54647,1.17947,-0.524272,2.55868,1.27722,-0.587383,2.75827,1.29807,-0.59583,2.74516,1.30711,-0.573505,2.74516,1.28612,-0.565424,2.75827
0.0496307,1.42531,-0.408964,-3.64016,838968667,1.18179,-0.524607,2.55868,1.20134,-0.532135,2.54647,1.20893,-0.511332,2.54647,1.18926,-0.50415,2.55868,1.2885,-0.565607,2.75827,1.30949,-0.573693,2.74516,1.31776,-0.551065,2.74516,1.29663,-0.543351,2.75827
0.205296,1.42608,-0.391777,-0.929909,838968668,1.18941,-0.50373,2.55868,1.20909,-0.510912,2.54647,1.21668,-0.49011,2.54647,1.19688,-0.483273,2.55868,1.29678,-0.542932,2.75827,1.31791,-0.550645,2.74516,1.32617,-0.528018,2.74516,1.30491,-0.520675,2.75827
0.645615,1.42529,-0.374448,2.66714,838968669,1.19922,-0.483526,2.55868,1.21901,-0.490367,2.54647,1.22588,-0.469312,2.54647,1.20597,-0.462821,2.55868,1.30729,-0.520775,2.75827,1.32855,-0.528122,2.74516,1.33602,-0.50522,2.74516,1.31464,-0.498249,2.75827
0.0507626,1.42607,-0.357262,-3.04244,838968670,1.20611,-0.462396,2.55868,1.22602,-0.468887,2.54647,1.23288,-0.447832,2.54647,1.21286,-0.441691,2.55868,1.31478,-0.497824,2.75827,1.33616,-0.504795,2.74516,1.34363,-0.481893,2.74516,1.32212,-0.475297,2.75827
-0.0376914,1.42529,-0.339933,-4.11286,838968671,1.2152,-0.441862,2.55868,1.23522,-0.448008,2.54647,1.24134,-0.426726,2.54647,1.22122,-0.420934,2.55868,1.32451,-0.475314,2.75827,1.34601,-0.481914,2.74516,1.35267,-0.458765,2.74516,1.33106,-0.452545,2.75827
0.0589762,1.42532,-0.270902,-2.96536,838968675,1.24274,-0.356988,2.55868,1.26314,-0.361721,2.54647,1.26777,-0.340063,2.54647,1.24729,-0.33569,2.55868,1.35412,-0.382727,2.75827,1.37603,-0.38781,2.74516,1.38106,-0.364252,2.74516,1.35907,-0.359556,2.75827
-0.076009,1.44246,-0.758027,-2.2121,838969159,0.931096,-0.897166,2.60821,0.946959,-0.910985,2.59617,0.961212,-0.894035,2.59617,0.945111,-0.880497,2.60821,1.01616,-0.971192,2.80869,1.0332,-0.986034,2.79575,1.0487,-0.967596,2.79575,1.03141,-0.953057,2.80869
0.105329,1.44323,-0.740841,6.22294,838969160,0.945399,-0.880155,2.60821,0.961499,-0.893693,2.59617,0.975751,-0.876743,2.59617,0.959414,-0.863487,2.60821,1.03169,-0.952715,2.80869,1.04899,-0.967254,2.79575,1.06449,-0.948817,2.79575,1.04694,-0.93458,2.80869
-0.0699085,1.44244,-0.723512,-2.16401,838969161,0.961519,-0.864522,2.60821,0.977856,-0.877779,2.59617,0.991507,-0.860342,2.59617,0.974944,-0.847374,2.60821,1.04912,-0.935532,2.80869,1.06666,-0.94977,2.79575,1.08151,-0.930803,2.79575,1.06372,-0.916876,2.80869
0.0667837,1.44322,-0.706326,45.6676,838969162,0.975219,-0.847022,2.60821,0.991783,-0.85999,2.59617,1.00543,-0.842552,2.59617,0.988644,-0.829874,2.60821,1.064,-0.916524,2.80869,1.08179,-0.930451,2.79575,1.09663,-0.911483,2.79575,1.0786,-0.897868,2.80869
-0.0408292,1.44244,-0.688997,-3.20374,838969163,0.990784,-0.830836,2.60821,1.00757,-0.843514,2.59617,1.02061,-0.825611,2.59617,1.0036,-0.81323,2.60821,1.08081,-0.898743,2.80869,1.09884,-0.912359,2.79575,1.11302,-0.892885,2.79575,1.09475,-0.879588,2.80869
0.0932878,1.44322,-0.671812,-5.84007,838969164,1.00386,-0.812868,2.60821,1.02087,-0.825249,2.59617,1.03391,-0.807346,2.59617,1.01668,-0.795262,2.60821,1.09501,-0.879227,2.80869,1.11328,-0.892524,2.79575,1.12746,-0.873049,2.79575,1.10896,-0.860072,2.80869
0.0156254,1.44245,-0.654482,-3.23612,838969165,1.01885,-0.796148,2.60821,1.03608,-0.808233,2.59617,1.04848,-0.789884,2.59617,1.03105,-0.778105,2.60821,1.11119,-0.86087,2.80869,1.12969,-0.873848,2.79575,1.14318,-0.85389,2.79575,1.12446,-0.84124,2.80869
0.104779,1.44324,-0.637296,9.9942,838969166,1.0313,-0.777735,2.60821,1.04873,-0.789514,2.59617,1.06113,-0.771166,2.59617,1.04349,-0.759691,2.60821,1.12471,-0.840869,2.80869,1.14343,-0.85352,2.79575,1.15692,-0.833562,2.79575,1.13798,-0.821239,2.80869
-0.0224602,1.44247,-0.619966,-3.9902,838969167,1.0457,-0.760501,2.60821,1.06333,-0.771977,2.59617,1.07508,-0.753207,2.59617,1.05725,-0.742043,2.60821,1.14024,-0.821958,2.80869,1.15918,-0.834283,2.79575,1.17196,-0.813866,2.79575,1.15281,-0.801877,2.80869
0.10277,1.44327,-0.60278,4.03356,838969168,1.05749,-0.741664,2.60821,1.07532,-0.752828,2.59617,1.08707,-0.734058,2.59617,1.06905,-0.723206,2.60821,1.15305,-0.801498,2.80869,1.1722,-0.813487,2.79575,1.18498,-0.793071,2.79575,1.16562,-0.781416,2.80869
0.0463978,1.44251,-0.585449,17.5407,838969169,1.07128,-0.723939,2.60821,1.0893,-0.734791,2.59617,1.10039,-0.715622,2.59617,1.08218,-0.705088,2.60821,1.16791,-0.782056,2.80869,1.18727,-0.793712,2.79575,1.19933,-0.772861,2.79575,1.17977,-0.761548,2.80869
0.02026,1.44331,-0.568263,-3.75794,838969170,1.08241,-0.704701,2.60821,1.10061,-0.715235,2.59617,1.1117,-0.696066,2.59617,1.09331,-0.685851,2.60821,1.18,-0.761161,2.80869,1.19955,-0.772474,2.79575,1.21162,-0.751623,2.79575,1.19186,-0.740652,2.80869
0.261057,1.44337,-0.533744,-8.71264,838969172,1.10602,-0.66689,2.60821,1.12458,-0.676782,2.59617,1.13499,-0.657237,2.59617,1.11626,-0.647671,2.60821,1.20552,-0.719907,2.80869,1.22546,-0.73053,2.79575,1.23679,-0.709271,2.79575,1.21666,-0.698997,2.80869
0.0495649,1.44258,-0.512515,-2.43709,838969173,1.12107,-0.64385,2.60821,1.1398,-0.653422,2.59617,1.14953,-0.633528,2.59617,1.13064,-0.624286,2.60821,1.22151,-0.695106,2.80869,1.24163,-0.705387,2.79575,1.25221,-0.683748,2.79575,1.23192,-0.673822,2.80869
0.111714,1.44333,-0.495325,-3.20229,838969174,1.13083,-0.623885,2.60821,1.14973,-0.633127,2.59617,1.15946,-0.613233,2.59617,1.1404,-0.604321,2.60821,1.23212,-0.67342,2.80869,1.25241,-0.683346,2.79575,1.26299,-0.661707,2.79575,1.24253,-0.652136,2.80869
-0.0745988,1.44253,-0.477995,-3.32338,838969175,1.1427,-0.604817,2.60821,1.16175,-0.61373,2.59617,1.17078,-0.593508,2.59617,1.15157,-0.584932,2.60821,1.24486,-0.652534,2.80869,1.26533,-0.662106,2.79575,1.27515,-0.640111,2.79575,1.25452,-0.6309,2.80869
0.0280956,1.44329,-0.460807,-3.87055,838969176,1.15176,-0.584524,2.60821,1.17096,-0.5931,2.59617,1.17999,-0.572878,2.59617,1.16064,-0.564638,2.60821,1.25471,-0.630492,2.80869,1.27534,-0.639702,2.79575,1.28516,-0.617707,2.79575,1.26437,-0.608857,2.80869
0.00979652,1.44248,-0.443478,-3.68705,838969177,1.16294,-0.565053,2.60821,1.1823,-0.573295,2.59617,1.19062,-0.55277,2.59617,1.17112,-0.54487,2.60821,1.26672,-0.609173,2.80869,1.28751,-0.618024,2.79575,1.29655,-0.595699,2.79575,1.27562,-0.587214,2.80869
0.041492,1.44325,-0.426291,-3.25152,838969178,1.17129,-0.544456,2.60821,1.19079,-0.552356,2.59617,1.1991,-0.531831,2.59617,1.17947,-0.524272,2.60821,1.27578,-0.5868,2.80869,1.29672,-0.595285,2.79575,1.30577,-0.57296,2.79575,1.28468,-0.564841,2.80869
-0.00675533,1.44246,-0.408961,-2.90667,838969179,1.18179,-0.524607,2.60821,1.20143,-0.532167,2.59617,1.20902,-0.511364,2.59617,1.18926,-0.50415,2.60821,1.28704,-0.565075,2.80869,1.30813,-0.573195,2.79575,1.31639,-0.550567,2.79575,1.29517,-0.542819,2.80869
0.226834,1.44323,-0.391775,-5.16122,838969180,1.18941,-0.50373,2.60821,1.20917,-0.510945,2.59617,1.21677,-0.490142,2.59617,1.19688,-0.483273,2.60821,1.29532,-0.542399,2.80869,1.31654,-0.550147,2.79575,1.32481,-0.52752,2.79575,1.30345,-0.520143,2.80869
0.694552,1.44244,-0.374446,-0.307413,838969181,1.19922,-0.483526,2.60821,1.2191,-0.490396,2.59617,1.22597,-0.469341,2.59617,1.20597,-0.462821,2.60821,1.30582,-0.520294,2.80869,1.32717,-0.527672,2.79575,1.33464,-0.50477,2.79575,1.31316,-0.497768,2.80869
-0.0170927,1.44322,-0.35726,-3.86063,838969182,1.20611,-0.462396,2.60821,1.2261,-0.468916,2.59617,1.23297,-0.447861,2.59617,1.21286,-0.441691,2.60821,1.3133,-0.497343,2.80869,1.33478,-0.504345,2.79575,1.34224,-0.481443,2.79575,1.32064,-0.474816,2.80869
0.0592028,1.44244,-0.339931,38.4637,838969183,1.21519,-0.441862,2.60821,1.23531,-0.448034,2.59617,1.24143,-0.426752,2.59617,1.22122,-0.420934,2.60821,1.32301,-0.474885,2.80869,1.34462,-0.481512,2.79575,1.35128,-0.458363,2.79575,1.32957,-0.452115,2.80869
0.0725811,1.44247,-0.2709,26.0915,838969187,1.24274,-0.356988,2.60821,1.26324,-0.36174,2.59617,1.26786,-0.340083,2.59617,1.24729,-0.33569,2.60821,1.3526,-0.382403,2.80869,1.37461,-0.387507,2.79575,1.37964,-0.363949,2.79575,1.35755,-0.359232,2.80869
0.0788946,1.46037,-2.52068,38.5027,838969570,-1.05716,-0.74214,2.65843,-1.07382,-0.755131,2.64655,-1.06021,-0.772596,2.64655,-1.04377,-0.759315,2.65843,-1.14485,-0.810503,2.85978,-1.16274,-0.824454,2.84702,-1.14793,-0.843452,2.84702,-1.13028,-0.829188,2.85978
0.00462608,1.45958,-0.408959,-3.43973,838969691,1.18179,-0.524607,2.65843,1.20151,-0.532199,2.64655,1.20911,-0.511396,2.64655,1.18926,-0.50415,2.65843,1.28558,-0.56454,2.85978,1.30676,-0.572694,2.84702,1.31502,-0.550067,2.84702,1.2937,-0.542284,2.85978
0.0735061,1.46035,-0.391774,-20.1926,838969692,1.18941,-0.50373,2.65843,1.20926,-0.510976,2.64655,1.21686,-0.490174,2.64655,1.19688,-0.483273,2.65843,1.29386,-0.541864,2.85978,1.31517,-0.549647,2.84702,1.32344,-0.527019,2.84702,1.30198,-0.519608,2.85978
0.0333388,1.45956,-0.374444,43.5899,838969693,1.19922,-0.483526,2.65843,1.21919,-0.490425,2.64655,1.22605,-0.46937,2.64655,1.20597,-0.462821,2.65843,1.30433,-0.51981,2.85978,1.32579,-0.52722,2.84702,1.33325,-0.504318,2.84702,1.31168,-0.497284,2.85978
-0.0650135,1.46034,-0.357259,-3.21932,838969694,1.20611,-0.462396,2.65843,1.22619,-0.468945,2.64655,1.23306,-0.44789,2.64655,1.21286,-0.441691,2.65843,1.31182,-0.496859,2.85978,1.33339,-0.503893,2.84702,1.34086,-0.48099,2.84702,1.31916,-0.474333,2.85978
0.0487408,1.45956,-0.339929,-4.21694,838969695,1.2152,-0.441862,2.65843,1.2354,-0.448059,2.64655,1.24152,-0.426777,2.64655,1.22122,-0.420934,2.65843,1.32152,-0.474453,2.85978,1.34321,-0.481109,2.84702,1.34988,-0.45796,2.84702,1.32807,-0.451684,2.85978
-0.0167096,1.45959,-0.270898,-3.20592,838969699,1.24274,-0.356988,2.65843,1.26333,-0.36176,2.64655,1.26795,-0.340102,2.64655,1.24729,-0.33569,2.65843,1.35108,-0.382078,2.85978,1.37319,-0.387202,2.84702,1.37822,-0.363644,2.84702,1.35602,-0.358906,2.85978
0.311668,1.47753,0.129872,15.1997,838969874,1.28214,0.155925,2.70935,1.30305,0.159591,2.69763,1.29922,0.181404,2.69763,1.27838,0.177375,2.70935,1.39012,0.174865,2.91156,1.41256,0.178803,2.89897,1.4084,0.202529,2.89897,1.38602,0.198202,2.91156
0.0979928,1.47677,0.147206,-14.7282,838969875,1.28053,0.178322,2.70935,1.30136,0.182356,2.69763,1.29678,0.204022,2.69763,1.27602,0.199628,2.70935,1.38817,0.199148,2.91156,1.41055,0.203481,2.89897,1.40556,0.227047,2.89897,1.38326,0.222328,2.91156
0.105436,1.47674,1.96547,4.09698,838969979,-0.486586,1.19783,2.70935,-0.495537,1.21707,2.69763,-0.515452,1.20738,2.69763,-0.50617,1.1883,2.70935,-0.532813,1.29724,2.91156,-0.542427,1.31791,2.89897,-0.564088,1.30737,2.89897,-0.55412,1.28688,2.91156
0.155564,1.47744,-2.7662,21.2419,838970068,-1.2059,-0.462938,2.70935,-1.22529,-0.471551,2.69763,-1.2163,-0.49179,2.69763,-1.19706,-0.482842,2.70935,-1.30608,-0.507429,2.91156,-1.32691,-0.516678,2.89897,-1.31714,-0.538694,2.89897,-1.29647,-0.529083,2.91156
0.194057,1.47749,-0.951843,4.84011,838970172,0.740052,-1.05862,2.70935,0.753101,-1.07535,2.69763,0.770565,-1.06173,2.69763,0.757225,-1.04523,2.70935,0.807463,-1.14506,2.91156,0.821478,-1.16304,2.89897,0.840473,-1.14822,2.89897,0.826147,-1.13049,2.91156
0.641784,1.47672,-0.93451,-0.650841,838970173,0.759069,-1.04668,2.70935,0.772413,-1.06318,2.69763,0.78939,-1.04896,2.69763,0.775765,-1.03269,2.70935,0.82799,-1.13194,2.91156,0.842321,-1.14967,2.89897,0.860787,-1.1342,2.89897,0.846154,-1.11673,2.91156
-0.0174458,1.47747,-0.775353,-2.02153,838970182,0.914439,-0.912226,2.70935,0.930194,-0.926442,2.69763,0.945029,-0.91,2.69763,0.929028,-0.896057,2.70935,0.995827,-0.985662,2.91156,1.01275,-1.00093,2.89897,1.02888,-0.983044,2.89897,1.0117,-0.968071,2.91156
0.0511225,1.47667,-0.758023,-1.28153,838970183,0.931096,-0.897166,2.70935,0.9471,-0.911104,2.69763,0.961353,-0.894154,2.69763,0.945111,-0.880497,2.70935,1.01377,-0.96918,2.91156,1.03096,-0.984149,2.89897,1.04646,-0.965712,2.89897,1.02901,-0.951045,2.91156
-0.0024512,1.47745,-0.740838,-1.95276,838970184,0.945399,-0.880155,2.70935,0.96164,-0.893812,2.69763,0.975893,-0.876862,2.69763,0.959414,-0.863487,2.70935,1.0293,-0.950703,2.91156,1.04675,-0.96537,2.89897,1.06225,-0.946933,2.89897,1.04455,-0.932569,2.91156
0.067513,1.47665,-0.723508,-1.6119,838970185,0.961519,-0.864522,2.70935,0.978001,-0.877893,2.69763,0.991653,-0.860455,2.69763,0.974944,-0.847374,2.70935,1.04665,-0.933605,2.91156,1.06436,-0.947965,2.89897,1.0792,-0.928998,2.89897,1.06126,-0.914949,2.91156
-0.0400087,1.47744,-0.706323,-3.36074,838970186,0.975219,-0.847022,2.70935,0.991928,-0.860103,2.69763,1.00558,-0.842666,2.69763,0.988644,-0.829874,2.70935,1.06154,-0.914597,2.91156,1.07948,-0.928646,2.89897,1.09433,-0.909679,2.89897,1.07614,-0.895941,2.91156
0.152758,1.47665,-0.688993,14.5684,838970187,0.990784,-0.830836,2.70935,1.00772,-0.843623,2.69763,1.02076,-0.825719,2.69763,1.0036,-0.81323,2.70935,1.07828,-0.896904,2.91156,1.09647,-0.910637,2.89897,1.11065,-0.891162,2.89897,1.09223,-0.877749,2.91156
0.0798715,1.47744,-0.671808,-3.52353,838970188,1.00386,-0.812868,2.70935,1.02102,-0.825358,2.69763,1.03405,-0.807454,2.69763,1.01668,-0.795262,2.70935,1.09249,-0.877387,2.91156,1.11091,-0.890801,2.89897,1.12509,-0.871326,2.89897,1.10643,-0.858232,2.91156
0.0694717,1.47666,-0.654477,-34.4253,838970189,1.01885,-0.796148,2.70935,1.03623,-0.808336,2.69763,1.04863,-0.789988,2.69763,1.03105,-0.778105,2.70935,1.1086,-0.859119,2.91156,1.12727,-0.872209,2.89897,1.14075,-0.852251,2.89897,1.12187,-0.839489,2.91156
-0.0534806,1.47746,-0.637293,-3.77785,838970190,1.0313,-0.777735,2.70935,1.04888,-0.789617,2.69763,1.06128,-0.771269,2.69763,1.04349,-0.759691,2.70935,1.12212,-0.839119,2.91156,1.141,-0.851881,2.89897,1.15449,-0.831923,2.89897,1.13539,-0.819489,2.91156
0.0462614,1.47668,-0.619961,-2.98678,838970191,1.0457,-0.760501,2.70935,1.06349,-0.772075,2.69763,1.07524,-0.753305,2.69763,1.05725,-0.742043,2.70935,1.13759,-0.8203,2.91156,1.1567,-0.832729,2.89897,1.16948,-0.812313,2.89897,1.15016,-0.800218,2.91156
-0.0775463,1.47749,-0.602777,-1.98336,838970192,1.05749,-0.741664,2.70935,1.07548,-0.752926,2.69763,1.08723,-0.734156,2.69763,1.06905,-0.723206,2.70935,1.1504,-0.799839,2.91156,1.16972,-0.811934,2.89897,1.1825,-0.791517,2.89897,1.16298,-0.779757,2.91156
-0.0186189,1.47672,-0.585444,-2.25713,838970193,1.07128,-0.723939,2.70935,1.08946,-0.734883,2.69763,1.10055,-0.715714,2.69763,1.08218,-0.705088,2.70935,1.1652,-0.780491,2.91156,1.18473,-0.792246,2.89897,1.1968,-0.771395,2.89897,1.17707,-0.759982,2.91156
0.0242782,1.47753,-0.56826,-2.93555,838970194,1.08241,-0.704701,2.70935,1.10077,-0.715328,2.69763,1.11186,-0.696159,2.69763,1.09331,-0.685851,2.70935,1.17729,-0.759596,2.91156,1.19702,-0.771008,2.89897,1.20908,-0.750157,2.89897,1.18916,-0.739087,2.91156
0.0112548,1.47677,-0.550926,-2.46533,838970195,1.09556,-0.686505,2.70935,1.11412,-0.696808,2.69763,1.12453,-0.677263,2.69763,1.10581,-0.667285,2.70935,1.19141,-0.739742,2.91156,1.21134,-0.750808,2.89897,1.22266,-0.729548,2.89897,1.20255,-0.718832,2.91156
0.176482,1.47759,-0.533741,11.9671,838970196,1.10602,-0.66689,2.70935,1.12474,-0.676869,2.69763,1.13516,-0.657324,2.69763,1.11626,-0.64767,2.70935,1.20276,-0.718437,2.91156,1.22287,-0.729154,2.89897,1.2342,-0.707895,2.89897,1.2139,-0.697527,2.91156
0.0725254,1.4768,-0.512511,45.5704,838970197,1.12107,-0.64385,2.70935,1.13997,-0.653503,2.69763,1.1497,-0.63361,2.69763,1.13064,-0.624286,2.70935,1.2187,-0.693733,2.91156,1.239,-0.7041,2.89897,1.24958,-0.682461,2.89897,1.22911,-0.672449,2.91156
0.195422,1.47756,-0.495322,-13.2689,838970198,1.13083,-0.623885,2.70935,1.1499,-0.633208,2.69763,1.15963,-0.613314,2.69763,1.1404,-0.604321,2.70935,1.22931,-0.672047,2.91156,1.24978,-0.68206,2.89897,1.26036,-0.660421,2.89897,1.23972,-0.650763,2.91156
-0.0842182,1.47674,-0.477991,-3.3738,838970199,1.1427,-0.604817,2.70935,1.16192,-0.613805,2.69763,1.17095,-0.593583,2.69763,1.15157,-0.584932,2.70935,1.24201,-0.65126,2.91156,1.26266,-0.660913,2.89897,1.27248,-0.638917,2.89897,1.25167,-0.629625,2.91156
-0.00972733,1.47751,-0.460804,-3.84015,838970200,1.15176,-0.584524,2.70935,1.17113,-0.593175,2.69763,1.18016,-0.572954,2.69763,1.16064,-0.564638,2.70935,1.25185,-0.629217,2.91156,1.27266,-0.638509,2.89897,1.28248,-0.616514,2.89897,1.26151,-0.607583,2.91156
0.0911994,1.4767,-0.443473,-3.72588,838970201,1.16294,-0.565053,2.70935,1.18247,-0.573364,2.69763,1.19079,-0.55284,2.69763,1.17112,-0.54487,2.70935,1.26382,-0.607999,2.91156,1.28479,-0.616925,2.89897,1.29384,-0.5946,2.89897,1.27272,-0.58604,2.91156
0.424118,1.47747,-0.426288,3.46833,838970202,1.17129,-0.544456,2.70935,1.19096,-0.552425,2.69763,1.19928,-0.531901,2.69763,1.17947,-0.524272,2.70935,1.27289,-0.585626,2.91156,1.29401,-0.594185,2.89897,1.30306,-0.57186,2.89897,1.28179,-0.563667,2.91156
0.0386737,1.47667,-0.408957,-2.48997,838970203,1.18179,-0.524607,2.70935,1.2016,-0.53223,2.69763,1.20919,-0.511428,2.69763,1.18926,-0.50415,2.70935,1.28411,-0.564003,2.91156,1.30538,-0.572191,2.89897,1.31364,-0.549563,2.89897,1.29223,-0.541747,2.91156
-0.0501342,1.47745,-0.391772,-2.56809,838970204,1.18941,-0.50373,2.70935,1.20935,-0.511008,2.69763,1.21694,-0.490205,2.69763,1.19688,-0.483273,2.70935,1.29239,-0.541327,2.91156,1.31379,-0.549143,2.89897,1.32206,-0.526516,2.89897,1.30051,-0.519071,2.91156
0.061182,1.47665,-0.374442,-41.0986,838970205,1.19922,-0.483526,2.70935,1.21928,-0.490454,2.69763,1.22614,-0.469398,2.69763,1.20597,-0.462821,2.70935,1.30285,-0.519325,2.91156,1.32439,-0.526765,2.89897,1.33186,-0.503863,2.89897,1.31019,-0.496799,2.91156
0.074797,1.47744,-0.357257,-20.0356,838970206,1.20611,-0.462396,2.70935,1.22628,-0.468973,2.69763,1.23314,-0.447918,2.69763,1.21286,-0.441691,2.70935,1.31033,-0.496374,2.91156,1.332,-0.503438,2.89897,1.33946,-0.480536,2.89897,1.31767,-0.473847,2.91156
-0.147815,1.47665,-0.339927,-2.43966,838970207,1.21519,-0.441862,2.70935,1.23549,-0.448085,2.69763,1.24161,-0.426803,2.69763,1.22122,-0.420934,2.70935,1.32001,-0.47402,2.91156,1.3418,-0.480703,2.89897,1.34846,-0.457554,2.89897,1.32656,-0.451251,2.91156
0.0262789,1.47744,-0.322743,-2.54495,838970208,1.22134,-0.420504,2.70935,1.24173,-0.426373,2.69763,1.24786,-0.405091,2.69763,1.22736,-0.399576,2.70935,1.32669,-0.450821,2.91156,1.34859,-0.457124,2.89897,1.35525,-0.433975,2.89897,1.33324,-0.428052,2.91156
0.115204,1.47666,-0.305411,-3.51712,838970209,1.22971,-0.399666,2.70935,1.2502,-0.405176,2.69763,1.25558,-0.383693,2.69763,1.235,-0.37854,2.70935,1.33558,-0.428143,2.91156,1.3576,-0.434061,2.89897,1.36345,-0.410693,2.89897,1.34134,-0.405159,2.91156
-0.0875661,1.47746,-0.288228,-3.84741,838970210,1.23511,-0.378106,2.70935,1.25569,-0.383259,2.69763,1.26107,-0.361776,2.69763,1.24039,-0.35698,2.70935,1.34145,-0.404725,2.91156,1.36355,-0.41026,2.89897,1.3694,-0.386892,2.89897,1.3472,-0.381741,2.91156
0.0805685,1.47668,-0.270896,-3.85082,838970211,1.24274,-0.356988,2.70935,1.26342,-0.361779,2.69763,1.26804,-0.340121,2.69763,1.24729,-0.33569,2.70935,1.34954,-0.38175,2.91156,1.37175,-0.386896,2.89897,1.37678,-0.363338,2.89897,1.35449,-0.358579,2.91156
