energy,eta,phi,time,detid,front_1_x,front_1_y,front_1_z,front_2_x,front_2_y,front_2_z,front_3_x,front_3_y,front_3_z,front_4_x,front_4_y,front_4_z,back_1_x,back_1_y,back_1_z,back_2_x,back_2_y,back_2_z,back_3_x,back_3_y,back_3_z,back_4_x,back_4_y,back_4_z
0.579057,-1.58834,-2.8446,14.5818,872416165,-1.28581,-0.412059,-3.19145,-1.31327,-0.412025,-3.18354,-1.31388,-0.383552,-3.18579,-1.28643,-0.383586,-3.1937,-1.34653,-0.431383,-3.40202,-1.37531,-0.431348,-3.39373,-1.37595,-0.401497,-3.39609,-1.34717,-0.401533,-3.40438
-0.11411,-1.51836,2.5031,-3.72699,872416720,-1.18964,0.858157,-3.17897,-1.18845,0.886252,-3.17393,-1.1608,0.886364,-3.18113,-1.162,0.858269,-3.18617,-1.24563,0.898003,-3.38797,-1.24438,0.927457,-3.38269,-1.21539,0.927575,-3.39023,-1.21665,0.89812,-3.39551
0.512706,-1.68504,-2.7852,11.7311,872416804,-1.13248,-0.441119,-3.18779,-1.16017,-0.441085,-3.18077,-1.16075,-0.412628,-3.18321,-1.13306,-0.412661,-3.19023,-1.18636,-0.46182,-3.40009,-1.21539,-0.461784,-3.39273,-1.216,-0.43195,-3.39529,-1.18697,-0.431986,-3.40265
-0.153692,-1.53447,2.49136,-1.71094,872416848,-1.16131,0.85818,-3.18575,-1.16012,0.886275,-3.18071,-1.13243,0.886359,-3.18773,-1.13362,0.858264,-3.19277,-1.21596,0.898031,-3.39509,-1.21471,0.927486,-3.38981,-1.18568,0.927574,-3.39718,-1.18693,0.89812,-3.40246
-0.0494518,-1.55072,2.47926,-2.08311,872416976,-1.13298,0.858204,-3.19253,-1.1318,0.886299,-3.18749,-1.10406,0.886355,-3.19434,-1.10525,0.85826,-3.19938,-1.1863,0.89806,-3.40222,-1.18505,0.927514,-3.39694,-1.15598,0.927573,-3.40412,-1.15722,0.898119,-3.4094
-0.120836,-1.56709,2.46677,-1.05616,872417104,-1.10466,0.858229,-3.19932,-1.10348,0.886324,-3.19428,-1.0757,0.886352,-3.20096,-1.07689,0.858257,-3.206,-1.15663,0.898089,-3.40935,-1.15539,0.927543,-3.40406,-1.12627,0.927573,-3.41107,-1.12751,0.898118,-3.41635
-0.0692832,-1.55618,2.4495,-1.1657,872417105,-1.10979,0.893792,-3.22132,-1.10857,0.921854,-3.21611,-1.08079,0.921887,-3.22279,-1.08201,0.893825,-3.228,-1.16172,0.935009,-3.43109,-1.16044,0.964429,-3.42563,-1.13132,0.964464,-3.43263,-1.1326,0.935044,-3.4381
-0.076654,-1.54351,2.43366,-1.69303,872417106,-1.10855,0.922396,-3.21601,-1.10729,0.950424,-3.21063,-1.07951,0.950458,-3.21731,-1.08077,0.92243,-3.22269,-1.16042,0.964971,-3.42553,-1.1591,0.994355,-3.41989,-1.12998,0.99439,-3.42689,-1.1313,0.965006,-3.43254
0.178402,-1.53078,2.4182,0.42139,872417107,-1.10731,0.951005,-3.21072,-1.10601,0.978998,-3.20516,-1.07823,0.979032,-3.21184,-1.07953,0.951039,-3.2174,-1.15912,0.994935,-3.41997,-1.15776,1.02428,-3.41415,-1.12864,1.02432,-3.42115,-1.13,0.994971,-3.42698
-0.0143213,-1.518,2.40311,-1.75707,872417108,-1.10607,0.97962,-3.20543,-1.10473,1.00758,-3.1997,-1.07695,1.00761,-3.20638,-1.0783,0.979654,-3.21211,-1.15782,1.0249,-3.41441,-1.15641,1.05421,-3.40841,-1.12729,1.05425,-3.41541,-1.1287,1.02494,-3.42141
-0.0706189,-1.50519,2.38839,-105.043,872417109,-1.10484,1.00824,-3.20015,-1.10345,1.03616,-3.19425,-1.07568,1.03619,-3.20093,-1.07706,1.00828,-3.20683,-1.15652,1.05488,-3.40885,-1.15507,1.08415,-3.40267,-1.12595,1.08418,-3.40967,-1.1274,1.05491,-3.41585
-0.193997,-1.51964,2.37524,-2.39149,872417237,-1.07652,1.00827,-3.20695,-1.07514,1.03619,-3.20105,-1.04732,1.03619,-3.20756,-1.0487,1.00827,-3.21346,-1.12686,1.05491,-3.41597,-1.12541,1.08418,-3.40979,-1.09625,1.08418,-3.41662,-1.0977,1.05491,-3.4228
0.0664205,-1.5288,2.35706,-2.85994,872417365,-1.0385,1.00816,-3.17987,-1.03729,1.03607,-3.17394,-1.00942,1.03621,-3.18023,-1.01063,1.00829,-3.18617,-1.08743,1.05477,-3.38924,-1.08617,1.08404,-3.38302,-1.05696,1.08418,-3.38962,-1.05822,1.05491,-3.39584
0.131379,-1.51735,2.34163,9.19485,872417366,-1.04359,1.04545,-3.20553,-1.04237,1.07333,-3.19942,-1.0145,1.07348,-3.20571,-1.01573,1.0456,-3.21182,-1.0925,1.09341,-3.41459,-1.09122,1.12264,-3.40819,-1.062,1.1228,-3.41479,-1.06329,1.09357,-3.42119
-0.0940851,-1.50358,2.32781,-1.47135,872417367,-1.04235,1.07387,-3.19931,-1.04109,1.10171,-3.19302,-1.01322,1.10186,-3.19932,-1.01449,1.07402,-3.2056,-1.0912,1.12318,-3.40807,-1.08988,1.15237,-3.40149,-1.06066,1.15253,-3.40809,-1.06198,1.12334,-3.41467
0.0661303,-1.51709,2.31375,-3.4899,872417495,-1.01382,1.0739,-3.20516,-1.01256,1.10174,-3.19888,-0.984654,1.10186,-3.205,-0.985915,1.07401,-3.21128,-1.06132,1.12322,-3.41424,-1.05999,1.15241,-3.40765,-1.03074,1.15253,-3.41407,-1.03206,1.12334,-3.42066
-0.0247484,-1.71299,2.51912,-0.722214,872417610,-0.981831,0.680136,-3.19346,-0.981017,0.708406,-3.18943,-0.953076,0.708451,-3.19538,-0.953889,0.68018,-3.19941,-1.02857,0.711811,-3.4061,-1.02771,0.741449,-3.40187,-0.998421,0.741496,-3.40811,-0.999273,0.711858,-3.41234
0.176954,-1.69904,2.49932,-5.39487,872417611,-0.981124,0.709041,-3.18992,-0.980274,0.737285,-3.18571,-0.952332,0.73733,-3.19166,-0.953182,0.709086,-3.19587,-1.02782,0.742084,-3.40236,-1.02693,0.771694,-3.39795,-0.997635,0.771741,-3.40418,-0.998526,0.742131,-3.40859
-0.244284,-1.68635,2.47895,-1.97211,872417612,-0.984826,0.743127,-3.20855,-0.98395,0.771343,-3.20417,-0.956008,0.7714,-3.21012,-0.956885,0.743183,-3.2145,-1.0315,0.777534,-3.42077,-1.03058,0.807115,-3.41618,-1.00129,0.807174,-3.42242,-1.0022,0.777593,-3.42701
0.0289732,-1.67209,2.46034,-1.985,872417613,-0.983937,0.771889,-3.20409,-0.983024,0.800077,-3.19953,-0.955082,0.800133,-3.20548,-0.955995,0.771945,-3.21004,-1.03057,0.80766,-3.4161,-1.02961,0.837212,-3.41132,-1.00031,0.837271,-3.41756,-1.00127,0.807719,-3.42234
-0.139151,-1.65773,2.44225,0.13431,872417614,-0.983049,0.800655,-3.19964,-0.982099,0.828813,-3.19491,-0.954157,0.828869,-3.20086,-0.955107,0.800711,-3.20559,-1.02963,0.837789,-3.41142,-1.02864,0.867309,-3.40647,-0.999343,0.867368,-3.4127,-1.00034,0.837848,-3.41766
0.163869,-1.53059,2.29932,-17.8448,872417623,-0.985291,1.07393,-3.21103,-0.984031,1.10177,-3.20474,-0.95609,1.10185,-3.2107,-0.95735,1.07401,-3.21698,-1.03144,1.12326,-3.4204,-1.03012,1.15245,-3.41382,-1.00083,1.15253,-3.42006,-1.00215,1.12334,-3.42664
0.0942802,-1.73303,2.50486,0.05111,872417738,-0.953304,0.680156,-3.19933,-0.952494,0.708426,-3.1953,-0.924516,0.708449,-3.20107,-0.925326,0.680178,-3.20511,-0.998688,0.711834,-3.41226,-0.997839,0.741472,-3.40803,-0.968507,0.741495,-3.41409,-0.969356,0.711857,-3.41831
0.135765,-1.71853,2.48488,-0.96814,872417739,-0.952596,0.709061,-3.19579,-0.95175,0.737305,-3.19158,-0.923772,0.737328,-3.19735,-0.924618,0.709084,-3.20156,-0.99794,0.742107,-3.40851,-0.997054,0.771717,-3.4041,-0.967722,0.77174,-3.41016,-0.968609,0.74213,-3.41457
0.10114,-1.70517,2.46441,0.122484,872417740,-0.956303,0.743152,-3.21441,-0.955427,0.771369,-3.21003,-0.927449,0.771397,-3.21581,-0.928325,0.743181,-3.22019,-1.00162,0.777563,-3.42693,-1.0007,0.807144,-3.42234,-0.971373,0.807174,-3.42839,-0.972291,0.777592,-3.43299
1.15931,-1.69039,2.44567,1.12339,872417741,-0.955412,0.771914,-3.20996,-0.9545,0.800102,-3.2054,-0.926522,0.80013,-3.21118,-0.927434,0.771942,-3.21573,-1.00069,0.807689,-3.42226,-0.999733,0.83724,-3.41748,-0.970401,0.83727,-3.42354,-0.971358,0.807718,-3.42831
0.174506,-1.67551,2.42747,-0.00414604,872417742,-0.954524,0.80068,-3.20551,-0.953576,0.828838,-3.20078,-0.925598,0.828866,-3.20655,-0.926546,0.800708,-3.21128,-0.999755,0.837818,-3.41758,-0.998762,0.867338,-3.41263,-0.96943,0.867368,-3.41868,-0.970424,0.837848,-3.42364
0.0621675,-1.54408,2.28452,-24.8909,872417751,-0.956768,1.07397,-3.2169,-0.955509,1.10181,-3.21062,-0.927532,1.10185,-3.2164,-0.928791,1.07401,-3.22268,-1.00156,1.1233,-3.42657,-1.00024,1.15249,-3.41998,-0.970913,1.15253,-3.42604,-0.972233,1.12334,-3.43263
0.0164164,-1.75329,2.49003,-0.151104,872417866,-0.92478,0.680177,-3.20521,-0.923974,0.708447,-3.20117,-0.89596,0.708447,-3.20677,-0.896767,0.680177,-3.21081,-0.968811,0.711857,-3.41842,-0.967966,0.741495,-3.41419,-0.938597,0.741495,-3.42006,-0.939443,0.711857,-3.42429
0.502878,-1.73821,2.46988,-3.11574,872417867,-0.924072,0.709083,-3.20166,-0.92323,0.737327,-3.19745,-0.895217,0.737327,-3.20305,-0.896058,0.709083,-3.20726,-0.968063,0.74213,-3.41467,-0.967181,0.77174,-3.41026,-0.937812,0.77174,-3.41613,-0.938694,0.74213,-3.42054
3.79993,-1.72416,2.44933,0.750725,872417868,-0.927783,0.743179,-3.22029,-0.926907,0.771396,-3.21591,-0.898894,0.771395,-3.22151,-0.89977,0.743179,-3.22589,-0.97175,0.777592,-3.43309,-0.970831,0.807173,-3.4285,-0.941462,0.807173,-3.43437,-0.942381,0.777592,-3.43897
2.06802,-1.70882,2.43047,-3.02566,872417869,-0.926892,0.771941,-3.21583,-0.92598,0.800129,-3.21128,-0.897967,0.800129,-3.21688,-0.898878,0.771941,-3.22143,-0.970815,0.807718,-3.42842,-0.96986,0.837269,-3.42364,-0.940491,0.837269,-3.42952,-0.941446,0.807718,-3.43429
0.254722,-1.69341,2.41217,35.7897,872417870,-0.926002,0.800707,-3.21138,-0.925056,0.828865,-3.20665,-0.897043,0.828865,-3.21226,-0.897988,0.800707,-3.21698,-0.96988,0.837847,-3.42374,-0.968888,0.867367,-3.41879,-0.93952,0.867367,-3.42466,-0.940511,0.837847,-3.42962
0.0379656,-1.55756,2.26933,-4.71735,872417879,-0.928248,1.074,-3.22278,-0.92699,1.10184,-3.2165,-0.898978,1.10184,-3.2221,-0.900236,1.074,-3.22839,-0.97169,1.12334,-3.43273,-0.970372,1.15253,-3.42615,-0.941004,1.15253,-3.43203,-0.942323,1.12334,-3.43861
0.478931,-1.62801,-2.30761,0.6725,872417938,-0.860995,-0.979046,-3.19041,-0.889051,-0.978912,-3.18503,-0.889996,-0.950919,-3.19065,-0.861939,-0.951054,-3.19603,-0.901754,-1.02432,-3.40181,-0.931168,-1.02418,-3.39617,-0.932158,-0.994832,-3.40207,-0.902744,-0.994973,-3.40771
0.745263,-2.00283,3.12374,8.54736,872417971,-0.887395,0.00130834,-3.17471,-0.887395,0.0298763,-3.17471,-0.859339,0.0298764,-3.1801,-0.859339,0.00130838,-3.1801,-0.930213,0.00130912,-3.39051,-0.930213,0.0312591,-3.39051,-0.9008,0.0312592,-3.39615,-0.9008,0.00130917,-3.39615
0.538375,-2.00171,3.09044,16.2153,872417972,-0.887401,0.0304272,-3.17472,-0.887367,0.0589946,-3.17454,-0.859311,0.0589946,-3.17993,-0.859345,0.0304272,-3.1801,-0.930218,0.0318102,-3.39051,-0.930183,0.0617596,-3.39033,-0.900769,0.0617597,-3.39597,-0.900805,0.0318103,-3.39616
-0.270345,-1.77018,2.4704,-2.86504,872417994,-0.888564,0.680098,-3.18184,-0.887877,0.708368,-3.17778,-0.859821,0.708458,-3.18316,-0.860508,0.680188,-3.18722,-0.93104,0.711765,-3.39537,-0.930319,0.741403,-3.39111,-0.900905,0.741497,-3.39676,-0.901626,0.711859,-3.40101
0.0199798,-1.75425,2.45012,-2.36282,872417995,-0.887976,0.709004,-3.17827,-0.887255,0.737247,-3.17404,-0.859199,0.737337,-3.17942,-0.85992,0.709094,-3.18365,-0.930417,0.742037,-3.3916,-0.929662,0.771648,-3.38716,-0.900248,0.771742,-3.39281,-0.901004,0.742132,-3.39724
1.22673,-1.73976,2.42915,2.79504,872417996,-0.891058,0.74308,-3.19701,-0.890325,0.771297,-3.1926,-0.862269,0.771409,-3.19798,-0.863002,0.743193,-3.20239,-0.933483,0.777476,-3.41012,-0.932715,0.807058,-3.4055,-0.903301,0.807175,-3.41114,-0.904069,0.777594,-3.41577
0.34661,-1.72359,2.41024,4.80038,872417997,-0.890317,0.771842,-3.19252,-0.889551,0.80003,-3.18794,-0.861495,0.800142,-3.19332,-0.862261,0.771954,-3.1979,-0.932706,0.807603,-3.40542,-0.931903,0.837154,-3.40062,-0.902489,0.837272,-3.40626,-0.903292,0.80772,-3.41106
-0.175064,-1.70736,2.39192,-1.33106,872417998,-0.889577,0.800608,-3.18804,-0.888778,0.828766,-3.18329,-0.860722,0.828878,-3.18867,-0.861521,0.80072,-3.19342,-0.931928,0.837732,-3.40072,-0.93109,0.867252,-3.39573,-0.901677,0.86737,-3.40137,-0.902515,0.83785,-3.40636
-0.171408,-1.67482,2.35699,-1.97808,872418000,-0.888102,0.858157,-3.17911,-0.887236,0.886252,-3.17401,-0.859179,0.886364,-3.17939,-0.860046,0.858269,-3.18449,-0.930373,0.898003,-3.39131,-0.929464,0.927457,-3.38596,-0.900051,0.927575,-3.3916,-0.900959,0.89812,-3.39695
0.256716,-1.66048,2.33911,-48.3105,872418001,-0.891772,0.893705,-3.20139,-0.890895,0.921767,-3.19611,-0.862838,0.921902,-3.20149,-0.863716,0.89384,-3.20677,-0.934023,0.934906,-3.41334,-0.933102,0.964325,-3.4078,-0.903689,0.964466,-3.41344,-0.904609,0.935047,-3.41898
0.147812,-1.64423,2.32311,-1.78104,872418002,-0.890883,0.92231,-3.19602,-0.889972,0.950338,-3.19057,-0.861915,0.950472,-3.19595,-0.862827,0.922445,-3.2014,-0.933091,0.964867,-3.4077,-0.932135,0.994251,-3.40198,-0.902721,0.994392,-3.40763,-0.903677,0.965008,-3.41334
0.318966,-1.62801,2.30761,-38.2851,872418003,-0.889995,0.950919,-3.19065,-0.889051,0.978912,-3.18503,-0.860994,0.979046,-3.19041,-0.861939,0.951054,-3.19603,-0.932158,0.994832,-3.40207,-0.931167,1.02418,-3.39617,-0.901754,1.02432,-3.40181,-0.902744,0.994973,-3.40771
0.171164,-1.61184,2.29259,-24.3447,872418004,-0.889109,0.979534,-3.18529,-0.888131,1.00749,-3.1795,-0.860075,1.00762,-3.18488,-0.861053,0.979669,-3.19067,-0.931225,1.0248,-3.39643,-0.9302,1.05411,-3.39035,-0.900786,1.05425,-3.39599,-0.901811,1.02494,-3.40207
-0.0466153,-1.79072,2.45407,-0.79955,872418122,-0.859851,0.680116,-3.18675,-0.859167,0.708387,-3.1827,-0.831078,0.708454,-3.1879,-0.831762,0.680184,-3.19196,-0.900969,0.711788,-3.40055,-0.900252,0.741426,-3.39629,-0.870804,0.741496,-3.40175,-0.871521,0.711859,-3.40601
0.288408,-1.77413,2.43364,-15.3762,872418123,-0.859262,0.709022,-3.18318,-0.858546,0.737266,-3.17895,-0.830456,0.737333,-3.18416,-0.831173,0.709089,-3.18839,-0.900346,0.74206,-3.39678,-0.899595,0.771671,-3.39234,-0.870147,0.771741,-3.3978,-0.870898,0.742131,-3.40224
0.259783,-1.75888,2.41263,-8.4379,872418124,-0.862348,0.743103,-3.20192,-0.861616,0.771319,-3.19751,-0.833527,0.771404,-3.20272,-0.834259,0.743187,-3.20713,-0.903416,0.777505,-3.4153,-0.902648,0.807086,-3.41068,-0.8732,0.807175,-3.41614,-0.873968,0.777594,-3.42076
0.150535,-1.7421,2.39364,-3.73566,872418125,-0.861607,0.771865,-3.19744,-0.860842,0.800052,-3.19285,-0.832752,0.800137,-3.19806,-0.833517,0.771949,-3.20264,-0.902638,0.807632,-3.4106,-0.901836,0.837183,-3.4058,-0.872388,0.837271,-3.41126,-0.87319,0.80772,-3.41606
0.31777,-1.72528,2.37526,4.11794,872418126,-0.860866,0.800631,-3.19296,-0.860069,0.828789,-3.1882,-0.831979,0.828873,-3.19341,-0.832777,0.800715,-3.19817,-0.90186,0.837761,-3.4059,-0.901024,0.867281,-3.40091,-0.871576,0.867369,-3.40637,-0.872411,0.837849,-3.41136
-0.0330864,-1.6916,2.34026,-2.5856,872418128,-0.859388,0.85818,-3.18403,-0.858526,0.886275,-3.17892,-0.830437,0.886359,-3.18413,-0.831299,0.858264,-3.18924,-0.900302,0.898031,-3.39649,-0.899398,0.927486,-3.39114,-0.86995,0.927574,-3.3966,-0.870854,0.89812,-3.40195
-0.113739,-1.6766,2.32248,-0.458465,872418129,-0.863063,0.893732,-3.20631,-0.862185,0.921794,-3.20103,-0.834096,0.921895,-3.20624,-0.834974,0.893833,-3.21152,-0.903956,0.93494,-3.41852,-0.903036,0.96436,-3.41298,-0.873588,0.964466,-3.41844,-0.874508,0.935046,-3.42398
0.0461485,-1.65983,2.3065,70.011,872418130,-0.862173,0.922337,-3.20094,-0.861263,0.950365,-3.19548,-0.833174,0.950466,-3.20069,-0.834084,0.922438,-3.20615,-0.903023,0.964902,-3.41288,-0.902069,0.994286,-3.40717,-0.872621,0.994391,-3.41263,-0.873575,0.965008,-3.41834
0.192524,-1.64311,2.29103,-40.2081,872418131,-0.861284,0.950946,-3.19557,-0.860342,0.978939,-3.18995,-0.832253,0.97904,-3.19515,-0.833195,0.951047,-3.20078,-0.902089,0.994866,-3.40725,-0.901101,1.02421,-3.40135,-0.871653,1.02432,-3.40681,-0.872641,0.994972,-3.41271
0.111449,-1.62646,2.27606,-0.561111,872418132,-0.860397,0.979561,-3.19021,-0.859422,1.00752,-3.18441,-0.831333,1.00762,-3.18962,-0.832307,0.979662,-3.19542,-0.901155,1.02483,-3.40162,-0.900134,1.05414,-3.39554,-0.870686,1.05425,-3.40099,-0.871707,1.02494,-3.40707
0.651213,-2.03764,2.87702,8.2394,872418234,-0.830432,0.206869,-3.18725,-0.830222,0.23541,-3.18602,-0.8021,0.235421,-3.19105,-0.80231,0.20688,-3.19229,-0.870502,0.216541,-3.40336,-0.870282,0.246462,-3.40206,-0.8408,0.246474,-3.40734,-0.84102,0.216553,-3.40864
-0.208417,-1.7084,2.32299,-0.714741,872418256,-0.83068,0.858204,-3.18895,-0.829822,0.886299,-3.18385,-0.801701,0.886355,-3.18888,-0.802559,0.85826,-3.19399,-0.870235,0.89806,-3.40167,-0.869336,0.927514,-3.39632,-0.839855,0.927573,-3.4016,-0.840753,0.898119,-3.40695
0.13288,-1.69271,2.30532,9.45197,872418257,-0.83436,0.893761,-3.21124,-0.833482,0.921823,-3.20596,-0.805361,0.92189,-3.21099,-0.806239,0.893828,-3.21627,-0.873894,0.934975,-3.4237,-0.872973,0.964394,-3.41817,-0.843492,0.964465,-3.42344,-0.844412,0.935045,-3.42898
0.690957,-1.67541,2.28938,51.6882,872418258,-0.833468,0.922366,-3.20586,-0.832559,0.950394,-3.20041,-0.804438,0.950461,-3.20544,-0.805347,0.922433,-3.2109,-0.872959,0.964936,-3.41807,-0.872006,0.99432,-3.41235,-0.842525,0.994391,-3.41763,-0.843478,0.965007,-3.42334
-0.0783851,-1.65818,2.27396,-1.37542,872418259,-0.832578,0.950975,-3.2005,-0.831638,0.978968,-3.19487,-0.803517,0.979035,-3.1999,-0.804457,0.951042,-3.20553,-0.872025,0.994901,-3.41243,-0.871039,1.02425,-3.40653,-0.841557,1.02432,-3.41181,-0.842543,0.994971,-3.41771
0.0402716,-1.64104,2.25905,-0.76806,872418260,-0.83169,0.97959,-3.19514,-0.830718,1.00755,-3.18934,-0.802597,1.00761,-3.19437,-0.803569,0.979657,-3.20017,-0.87109,1.02487,-3.4068,-0.870071,1.05418,-3.40072,-0.84059,1.05425,-3.40599,-0.841608,1.02494,-3.41208
-0.24423,-1.72519,2.30514,-0.684899,872418384,-0.801976,0.858229,-3.19389,-0.801123,0.886324,-3.18878,-0.772971,0.886352,-3.19364,-0.773824,0.858257,-3.19874,-0.840171,0.898089,-3.40685,-0.839276,0.927543,-3.4015,-0.809762,0.927573,-3.40659,-0.810657,0.898118,-3.41194
0.0335084,-1.7088,2.28762,-0.725491,872418385,-0.80566,0.893792,-3.21617,-0.804782,0.921854,-3.21089,-0.776631,0.921887,-3.21575,-0.777509,0.893825,-3.22103,-0.843834,0.935009,-3.42888,-0.842913,0.964429,-3.42335,-0.8134,0.964464,-3.42844,-0.81432,0.935044,-3.43398
-0.36524,-1.69096,2.27173,-1.25621,872418386,-0.804768,0.922396,-3.2108,-0.80386,0.950424,-3.20534,-0.775708,0.950458,-3.2102,-0.776616,0.92243,-3.21566,-0.842898,0.964971,-3.42325,-0.841946,0.994355,-3.41753,-0.812433,0.99439,-3.42263,-0.813385,0.965006,-3.42834
-0.272433,-1.67321,2.25638,-0.201483,872418387,-0.803877,0.951006,-3.20543,-0.802939,0.978998,-3.1998,-0.774787,0.979032,-3.20466,-0.775725,0.951039,-3.21029,-0.841962,0.994935,-3.41762,-0.840979,1.02428,-3.41172,-0.811466,1.02432,-3.41681,-0.812449,0.994971,-3.42271
-0.0147325,-1.65556,2.24156,-0.910532,872418388,-0.802987,0.97962,-3.20007,-0.802019,1.00758,-3.19427,-0.773867,1.00761,-3.19913,-0.774835,0.979654,-3.20493,-0.841027,1.0249,-3.41198,-0.840012,1.05421,-3.4059,-0.810498,1.05425,-3.41099,-0.811513,1.02494,-3.41708
1.92122,-2.08373,2.7887,49.6057,872418492,-0.77274,0.265109,-3.19537,-0.772476,0.293632,-3.19378,-0.744293,0.293632,-3.19846,-0.744557,0.265109,-3.20005,-0.810065,0.277543,-3.41183,-0.809788,0.307446,-3.41016,-0.780242,0.307446,-3.41507,-0.780519,0.277543,-3.41674
0.730362,-2.07121,2.7535,30.0763,872418493,-0.774064,0.296386,-3.20338,-0.77377,0.324897,-3.20161,-0.745588,0.324897,-3.20629,-0.745881,0.296386,-3.20806,-0.811382,0.310199,-3.41976,-0.811074,0.34009,-3.4179,-0.781528,0.34009,-3.42281,-0.781836,0.310199,-3.42466
-0.07708,-1.74196,2.28669,-1.55553,872418512,-0.773275,0.858256,-3.19883,-0.772426,0.886351,-3.19372,-0.744245,0.886351,-3.1984,-0.745093,0.858256,-3.20351,-0.810108,0.898118,-3.41203,-0.809218,0.927572,-3.40668,-0.779673,0.927572,-3.41159,-0.780563,0.898118,-3.41694
0.0536361,-1.72485,2.26935,-66.889,872418513,-0.776964,0.893824,-3.22111,-0.776086,0.921886,-3.21583,-0.747905,0.921886,-3.22052,-0.748783,0.893824,-3.2258,-0.813775,0.935044,-3.43406,-0.812855,0.964463,-3.42853,-0.783311,0.964463,-3.43344,-0.784231,0.935044,-3.43898
-0.121743,-1.70645,2.25354,-3.24085,872418514,-0.77607,0.922428,-3.21574,-0.775164,0.950456,-3.21029,-0.746983,0.950456,-3.21497,-0.747889,0.922428,-3.22043,-0.812839,0.965005,-3.42843,-0.811888,0.994389,-3.42271,-0.782344,0.994389,-3.42763,-0.783294,0.965005,-3.43334
0.134896,-1.68816,2.23829,-18.8034,872418515,-0.775178,0.951038,-3.21037,-0.774243,0.97903,-3.20475,-0.746061,0.97903,-3.20943,-0.746997,0.951038,-3.21506,-0.811902,0.99497,-3.4228,-0.810921,1.02432,-3.4169,-0.781377,1.02432,-3.42181,-0.782358,0.99497,-3.42771
0.119619,-1.67,2.22357,-1.06115,872418516,-0.774287,0.979652,-3.20502,-0.773323,1.00761,-3.19922,-0.745142,1.00761,-3.2039,-0.746106,0.979652,-3.2097,-0.810965,1.02494,-3.41716,-0.809954,1.05425,-3.41108,-0.78041,1.05425,-3.41599,-0.781421,1.02494,-3.42208
0.941313,-2.16868,-2.96115,1.12469,872418606,-0.709885,-0.146364,-3.17858,-0.738102,-0.146364,-3.17412,-0.738214,-0.117805,-3.17483,-0.709997,-0.117805,-3.17929,-0.744244,-0.153275,-3.39578,-0.773826,-0.153275,-3.3911,-0.773944,-0.123335,-3.39184,-0.744362,-0.123335,-3.39652
2.33153,-2.16117,2.92041,48.353,872418616,-0.738781,0.148647,-3.17926,-0.738663,0.177201,-3.17837,-0.710446,0.177224,-3.18283,-0.710563,0.14867,-3.18372,-0.77451,0.155554,-3.39623,-0.774386,0.18549,-3.3953,-0.744804,0.185513,-3.39998,-0.744928,0.155578,-3.40091
1.5826,-2.152,2.88248,38.8367,872418617,-0.738666,0.177752,-3.17836,-0.73852,0.2063,-3.17729,-0.710303,0.206322,-3.18176,-0.710449,0.177774,-3.18282,-0.774389,0.186041,-3.39529,-0.774236,0.215969,-3.39417,-0.744654,0.215993,-3.39885,-0.744807,0.186064,-3.39997
1.01202,-2.10377,2.73688,-9.66867,872418621,-0.739372,0.296346,-3.18376,-0.739136,0.324858,-3.18198,-0.710919,0.324903,-3.18645,-0.711155,0.296391,-3.18822,-0.775065,0.310153,-3.40041,-0.774818,0.340044,-3.39855,-0.745236,0.340091,-3.40323,-0.745483,0.3102,-3.40509
1.11161,-2.22355,-3.07737,-4.26807,872418737,-0.681063,-0.0589946,-3.18283,-0.709307,-0.0589946,-3.17855,-0.709334,-0.0304272,-3.17872,-0.68109,-0.0304272,-3.18301,-0.71407,-0.0617597,-3.40033,-0.74368,-0.0617597,-3.39583,-0.743709,-0.0318103,-3.39602,-0.714098,-0.0318103,-3.40051
1.20451,-2.22533,-3.11917,19.9607,872418738,-0.681085,-0.0298764,-3.183,-0.70933,-0.0298763,-3.17872,-0.70933,-0.00130835,-3.17872,-0.681085,-0.00130837,-3.183,-0.714094,-0.0312592,-3.40051,-0.743705,-0.0312591,-3.39602,-0.743705,-0.00130913,-3.39602,-0.714094,-0.00130916,-3.40051
1.51837,-2.22533,3.11917,1.4767,872418739,-0.70933,0.00130835,-3.17872,-0.70933,0.0298763,-3.17872,-0.681085,0.0298764,-3.183,-0.681085,0.00130837,-3.183,-0.743705,0.00130913,-3.39602,-0.743705,0.0312591,-3.39602,-0.714094,0.0312592,-3.40051,-0.714094,0.00130916,-3.40051
0.886579,-2.22355,3.07737,24.5079,872418740,-0.709334,0.0304271,-3.17872,-0.709307,0.0589946,-3.17855,-0.681063,0.0589946,-3.18283,-0.68109,0.0304272,-3.18301,-0.743709,0.0318102,-3.39602,-0.74368,0.0617596,-3.39583,-0.714069,0.0617597,-3.40033,-0.714098,0.0318103,-3.40051
1.27746,-2.17884,2.83373,10.8998,872418746,-0.709695,0.206864,-3.18144,-0.709523,0.235405,-3.1802,-0.681279,0.235422,-3.18448,-0.68145,0.206881,-3.18573,-0.744045,0.216535,-3.39853,-0.743865,0.246456,-3.39723,-0.714254,0.246474,-3.40172,-0.714434,0.216553,-3.40302
1.92698,-2.13809,2.72196,-7.34816,872418749,-0.710517,0.296355,-3.18773,-0.710281,0.324867,-3.18595,-0.682037,0.324901,-3.19024,-0.682272,0.296389,-3.19202,-0.744845,0.310164,-3.4046,-0.744598,0.340055,-3.40274,-0.714987,0.340091,-3.40723,-0.715234,0.3102,-3.40909
1.05657,-1.62036,2.12907,42.1337,872418776,-0.711733,1.10232,-3.19734,-0.710859,1.13012,-3.19082,-0.682615,1.13024,-3.1951,-0.683489,1.10244,-3.20163,-0.745425,1.15299,-3.40876,-0.744508,1.18213,-3.40193,-0.714898,1.18226,-3.40642,-0.715814,1.15311,-3.41326
0.628064,-1.68789,-2.14865,-1.60436,872418832,-0.652052,-1.0362,-3.18607,-0.680323,-1.03613,-3.18196,-0.681129,-1.00821,-3.18796,-0.652859,-1.00828,-3.19207,-0.683067,-1.08418,-3.39853,-0.712705,-1.08411,-3.39422,-0.713551,-1.05484,-3.40051,-0.683913,-1.05491,-3.40482
1.07892,-2.26797,-3.1182,17.7847,872418866,-0.652208,-0.0298764,-3.1868,-0.68048,-0.0298764,-3.18269,-0.68048,-0.00130837,-3.18269,-0.652208,-0.00130835,-3.1868,-0.683849,-0.0312591,-3.40452,-0.713488,-0.0312592,-3.40021,-0.713488,-0.00130915,-3.40021,-0.683849,-0.00130914,-3.40452
1.33137,-2.24935,2.9459,10.1032,872418871,-0.6805,0.117805,-3.18278,-0.680396,0.146364,-3.18207,-0.652125,0.146364,-3.18618,-0.652229,0.117805,-3.18689,-0.713498,0.123335,-3.40022,-0.71339,0.153275,-3.39948,-0.683751,0.153275,-3.40379,-0.68386,0.123335,-3.40453
0.961606,-1.70764,2.16222,-0.746068,872418900,-0.681842,0.97959,-3.19334,-0.681061,1.00755,-3.18751,-0.65279,1.00761,-3.19162,-0.653571,0.979657,-3.19745,-0.714301,1.02487,-3.40617,-0.713482,1.05418,-3.40006,-0.683844,1.05425,-3.40437,-0.684663,1.02494,-3.41048
2.18875,-2.31252,3.11714,-9.42608,872418995,-0.651633,0.00130832,-3.18668,-0.651633,0.0298763,-3.18668,-0.623337,0.0298764,-3.19061,-0.623337,0.00130839,-3.19061,-0.683274,0.00130911,-3.4044,-0.683274,0.0312591,-3.4044,-0.653608,0.0312592,-3.40852,-0.653608,0.00130918,-3.40852
0.73655,-2.28228,2.89155,5.35485,872419000,-0.652229,0.148662,-3.19119,-0.652111,0.177216,-3.1903,-0.623814,0.177221,-3.19424,-0.623932,0.148667,-3.19512,-0.683858,0.155572,-3.4088,-0.683734,0.185507,-3.40787,-0.654069,0.185513,-3.41199,-0.654193,0.155578,-3.41292
1.15882,-2.1724,2.61756,-0.159573,872419007,-0.652346,0.354502,-3.1921,-0.652061,0.382989,-3.18996,-0.623764,0.383,-3.1939,-0.624049,0.354513,-3.19603,-0.683914,0.371073,-3.40919,-0.683615,0.400938,-3.40696,-0.65395,0.400949,-3.41108,-0.654249,0.371084,-3.41332
0.762388,-2.13201,2.55159,-9.41762,872419009,-0.651875,0.412647,-3.18853,-0.651541,0.441105,-3.18604,-0.623245,0.441116,-3.18998,-0.623579,0.412659,-3.19246,-0.683413,0.431973,-3.4054,-0.683063,0.461808,-3.4028,-0.653398,0.461819,-3.40692,-0.653748,0.431985,-3.40953
1.07099,-2.22754,-2.6331,8.48819,872419111,-0.595159,-0.353947,-3.19969,-0.623479,-0.353947,-3.19593,-0.623738,-0.325448,-3.19789,-0.595418,-0.325448,-3.20164,-0.623988,-0.370519,-3.41716,-0.653678,-0.370519,-3.41323,-0.65395,-0.34064,-3.41528,-0.62426,-0.34064,-3.41921
1.14334,-2.32594,2.88022,11.4416,872419128,-0.623385,0.148667,-3.19519,-0.623267,0.177221,-3.1943,-0.594947,0.177221,-3.19805,-0.595065,0.148667,-3.19894,-0.653645,0.155578,-3.41299,-0.653521,0.185513,-3.41206,-0.623831,0.185513,-3.41599,-0.623955,0.155577,-3.41693
1.63256,-2.40916,-3.11451,46.5089,872419250,-0.561352,-0.0298763,-3.17831,-0.589699,-0.0298764,-3.17477,-0.5897,-0.00130836,-3.17477,-0.561352,-0.00130835,-3.17831,-0.588604,-0.0312591,-3.39661,-0.618323,-0.0312592,-3.3929,-0.618323,-0.00130915,-3.3929,-0.588604,-0.00130914,-3.39661
1.07595,-2.45801,-3.05997,-7.76544,872419377,-0.532343,-0.0589946,-3.18098,-0.560713,-0.0589946,-3.17762,-0.560734,-0.0304272,-3.1778,-0.532364,-0.0304272,-3.18116,-0.558221,-0.0617596,-3.39944,-0.587963,-0.0617597,-3.39592,-0.587986,-0.0318103,-3.39611,-0.558243,-0.0318102,-3.39963
0.573104,-2.46091,-3.11307,36.3058,872419378,-0.53236,-0.0298763,-3.18116,-0.56073,-0.0298764,-3.17779,-0.56073,-0.00130837,-3.17779,-0.53236,-0.00130834,-3.18116,-0.55824,-0.0312591,-3.39963,-0.587982,-0.0312592,-3.3961,-0.587982,-0.00130916,-3.3961,-0.55824,-0.00130913,-3.39963
0.940939,-2.51227,-3.05542,26.8156,872419505,-0.503358,-0.0589946,-3.18384,-0.531748,-0.0589946,-3.18066,-0.531768,-0.0304272,-3.18084,-0.503378,-0.0304272,-3.18402,-0.527862,-0.0617597,-3.40246,-0.557626,-0.0617597,-3.39912,-0.557647,-0.0318103,-3.39931,-0.527883,-0.0318103,-3.40264
1.04587,-2.35243,-2.4955,20.1005,872419622,-0.474714,-0.383,-3.19017,-0.503123,-0.382989,-3.18717,-0.503338,-0.354502,-3.18931,-0.474929,-0.354513,-3.19231,-0.497783,-0.400949,-3.40822,-0.527567,-0.400938,-3.40507,-0.527792,-0.371073,-3.40732,-0.498008,-0.371084,-3.41047
1.56521,-2.63046,-3.04462,6.85645,872419761,-0.4454,-0.0589946,-3.18957,-0.473828,-0.0589946,-3.18675,-0.473846,-0.0304272,-3.18693,-0.445418,-0.0304272,-3.18975,-0.467154,-0.0617596,-3.40848,-0.496957,-0.0617597,-3.40552,-0.496976,-0.0318103,-3.40571,-0.467173,-0.0318102,-3.40867
1.92505,-2.61089,2.92122,23.0531,872419766,-0.47385,0.0886745,-3.18697,-0.473797,0.117237,-3.18643,-0.445369,0.117237,-3.18926,-0.445422,0.0886745,-3.18979,-0.496977,0.092822,-3.40572,-0.496921,0.122767,-3.40515,-0.467118,0.122767,-3.40811,-0.467174,0.092822,-3.40868
1.60014,-2.29695,2.35837,2.14814,872419778,-0.475177,0.444612,-3.20048,-0.474911,0.473053,-3.1978,-0.446484,0.473053,-3.20063,-0.44675,0.444612,-3.2033,-0.498232,0.465314,-3.41829,-0.497953,0.495131,-3.41548,-0.46815,0.495131,-3.41845,-0.468429,0.465314,-3.42125
1.32156,-2.61257,-2.71962,-1.30665,872419884,-0.413489,-0.206322,-3.17995,-0.441939,-0.2063,-3.17735,-0.442014,-0.177752,-3.17843,-0.413565,-0.177775,-3.18103,-0.43351,-0.215993,-3.39883,-0.463336,-0.215969,-3.3961,-0.463415,-0.186041,-3.39723,-0.43359,-0.186064,-3.39996
1.93056,-2.70233,3.10514,48.0686,872419891,-0.441771,0.00130836,-3.17479,-0.441771,0.0298764,-3.17479,-0.413322,0.0298764,-3.17739,-0.413322,0.00130836,-3.17739,-0.463179,0.00130914,-3.39375,-0.463179,0.0312591,-3.39375,-0.433354,0.0312591,-3.39648,-0.433354,0.00130915,-3.39648
1.1949,-2.58605,2.66439,14.3232,872419898,-0.441959,0.20686,-3.17753,-0.441867,0.2354,-3.17628,-0.413418,0.235423,-3.17888,-0.41351,0.206882,-3.18013,-0.463356,0.21653,-3.39628,-0.46326,0.246451,-3.39496,-0.433434,0.246474,-3.39769,-0.433531,0.216553,-3.399
2.02458,-2.55743,2.61212,-3.73683,872419899,-0.441905,0.235972,-3.17664,-0.441797,0.264504,-3.17521,-0.413348,0.264526,-3.17781,-0.413456,0.235994,-3.17924,-0.463297,0.247022,-3.39533,-0.463184,0.276935,-3.39383,-0.433358,0.276958,-3.39655,-0.433472,0.247046,-3.39805
2.37568,-2.52715,2.56285,6.75755,872419900,-0.441852,0.265089,-3.17576,-0.441727,0.293612,-3.17415,-0.413278,0.293634,-3.17676,-0.413402,0.265112,-3.17837,-0.463238,0.27752,-3.39437,-0.463108,0.307422,-3.39269,-0.433282,0.307446,-3.39541,-0.433413,0.277544,-3.3971
0.877054,-2.39559,2.39241,26.0849,872419904,-0.442019,0.383543,-3.17844,-0.441851,0.412016,-3.17611,-0.413402,0.412061,-3.17871,-0.413569,0.383588,-3.18104,-0.463388,0.401486,-3.39667,-0.463212,0.431336,-3.39423,-0.433386,0.431383,-3.39695,-0.433562,0.401533,-3.39939
2.18585,-2.64076,-2.6351,30.1032,872420011,-0.384349,-0.235422,-3.18077,-0.412814,-0.235405,-3.17834,-0.412903,-0.206864,-3.1796,-0.384438,-0.206881,-3.18202,-0.402988,-0.246474,-3.3997,-0.43283,-0.246456,-3.39716,-0.432924,-0.216535,-3.39848,-0.403081,-0.216553,-3.40102
3.92194,-2.67045,-2.69271,13.6011,872420012,-0.38442,-0.206321,-3.18184,-0.412885,-0.206304,-3.17942,-0.412959,-0.177756,-3.18049,-0.384494,-0.177773,-3.18292,-0.403063,-0.215993,-3.40084,-0.432905,-0.215975,-3.3983,-0.432983,-0.186046,-3.39943,-0.403141,-0.186064,-3.40197
2.97155,-2.77265,-3.10248,-0.04545,872420018,-0.384252,-0.0298764,-3.17928,-0.412718,-0.0298764,-3.17685,-0.412718,-0.00130836,-3.17685,-0.384252,-0.00130836,-3.17928,-0.402907,-0.0312592,-3.39848,-0.432749,-0.0312591,-3.39595,-0.432749,-0.00130914,-3.39595,-0.402907,-0.00130915,-3.39848
2.35617,-2.77265,3.10248,14.5639,872420019,-0.412718,0.00130834,-3.17685,-0.412718,0.0298763,-3.17685,-0.384252,0.0298764,-3.17928,-0.384252,0.00130838,-3.17928,-0.432749,0.00130913,-3.39594,-0.432749,0.0312591,-3.39594,-0.402907,0.0312592,-3.39848,-0.402907,0.00130916,-3.39848
0.91681,-2.60893,2.58092,14.5053,872420027,-0.412848,0.235976,-3.17871,-0.412743,0.264508,-3.17728,-0.384278,0.264525,-3.1797,-0.384383,0.235993,-3.18113,-0.432864,0.247028,-3.39752,-0.432754,0.27694,-3.39602,-0.402912,0.276958,-3.39856,-0.403022,0.247046,-3.40006
0.558379,-1.86179,1.97421,25.3055,872420050,-0.414095,0.922337,-3.19841,-0.413725,0.950365,-3.19289,-0.38526,0.950466,-3.19531,-0.38563,0.922438,-3.20083,-0.433923,0.964902,-3.41334,-0.433535,0.994286,-3.40756,-0.403693,0.994391,-3.4101,-0.404081,0.965008,-3.41588
2.40467,-2.84832,3.09941,18.0256,872420147,-0.383668,0.00130834,-3.17893,-0.383668,0.0298763,-3.17893,-0.355189,0.0298764,-3.18117,-0.355188,0.00130838,-3.18117,-0.402322,0.00130912,-3.39814,-0.402322,0.0312591,-3.39814,-0.372464,0.0312592,-3.40049,-0.372464,0.00130917,-3.40049
0.605971,-2.58588,2.44315,42.263,872420157,-0.384261,0.296365,-3.188,-0.384142,0.324876,-3.18621,-0.355663,0.324899,-3.18846,-0.355781,0.296387,-3.19025,-0.402896,0.310176,-3.40678,-0.402772,0.340067,-3.40491,-0.372915,0.34009,-3.40726,-0.373039,0.3102,-3.40914
0.537981,-2.547,2.39866,-17.2161,872420158,-0.384143,0.325427,-3.18619,-0.384011,0.353926,-3.18422,-0.355531,0.353949,-3.18646,-0.355663,0.325449,-3.18843,-0.402772,0.340617,-3.40488,-0.402633,0.370496,-3.40281,-0.372776,0.370519,-3.40516,-0.372915,0.340641,-3.40723
0.611456,-1.87278,1.94767,16.6552,872420178,-0.385045,0.922366,-3.20049,-0.384676,0.950394,-3.19497,-0.356197,0.950461,-3.19722,-0.356565,0.922433,-3.20274,-0.403495,0.964936,-3.41555,-0.403109,0.99432,-3.40976,-0.373252,0.994391,-3.41212,-0.373638,0.965007,-3.4179
0.780949,-1.57574,1.84274,-1.64204,872420191,-0.384038,1.3114,-3.18588,-0.38351,1.33888,-3.1781,-0.355031,1.33897,-3.18035,-0.355559,1.31149,-3.18813,-0.402261,1.37143,-3.39675,-0.401708,1.40025,-3.38859,-0.371851,1.40034,-3.39095,-0.372405,1.37153,-3.39911
1.20172,-2.86147,-2.77141,-1.61917,872420270,-0.326087,-0.146364,-3.18245,-0.354581,-0.146364,-3.18038,-0.354632,-0.117805,-3.1811,-0.326139,-0.117805,-3.18316,-0.341977,-0.153275,-3.40177,-0.371849,-0.153275,-3.3996,-0.371903,-0.123335,-3.40035,-0.342031,-0.123335,-3.40252
1.92312,-2.90835,-2.92798,20.1468,872420272,-0.326107,-0.0881146,-3.18274,-0.3546,-0.0881146,-3.18068,-0.354626,-0.0595489,-3.18104,-0.326133,-0.0595489,-3.1831,-0.342001,-0.0922618,-3.40213,-0.371873,-0.0922618,-3.39997,-0.3719,-0.0623142,-3.40035,-0.342029,-0.0623142,-3.40251
3.027,-2.79446,2.62816,2.22596,872420281,-0.354862,0.177766,-3.18465,-0.35479,0.206314,-3.18358,-0.326296,0.20632,-3.18564,-0.326369,0.177772,-3.18672,-0.37213,0.186058,-3.40382,-0.372055,0.215987,-3.40269,-0.342183,0.215993,-3.40486,-0.342259,0.186064,-3.40599
1.03728,-2.4088,-2.13972,33.6799,872420386,-0.297588,-0.502026,-3.193,-0.326093,-0.502026,-3.19111,-0.326283,-0.473602,-3.19397,-0.297777,-0.473602,-3.19586,-0.312043,-0.525479,-3.41127,-0.341927,-0.525479,-3.40929,-0.342126,-0.49568,-3.41229,-0.312242,-0.49568,-3.41427
1.738,-2.77312,-2.46463,4.97017,872420394,-0.297099,-0.264524,-3.18542,-0.325605,-0.264524,-3.18353,-0.325699,-0.235992,-3.18496,-0.297194,-0.235992,-3.18685,-0.311597,-0.276958,-3.40459,-0.341481,-0.276958,-3.40261,-0.341581,-0.247046,-3.40411,-0.311696,-0.247046,-3.40609
1.18892,-2.9008,2.65977,1.42129,872420408,-0.325877,0.148667,-3.18765,-0.325818,0.177221,-3.18675,-0.297312,0.177221,-3.18864,-0.297371,0.148667,-3.18953,-0.34177,0.155578,-3.40697,-0.341707,0.185513,-3.40603,-0.311823,0.185513,-3.40801,-0.311885,0.155577,-3.40895
0.993103,-2.32657,2.08951,7.72768,872420421,-0.325923,0.531595,-3.18855,-0.32571,0.559981,-3.18533,-0.297205,0.559981,-3.18722,-0.297418,0.531595,-3.19043,-0.341747,0.556422,-3.40657,-0.341524,0.586181,-3.4032,-0.311639,0.586181,-3.40518,-0.311863,0.556422,-3.40855
0.612932,-2.21129,2.0267,-12.9324,872420424,-0.32651,0.622384,-3.19756,-0.326262,0.650703,-3.19381,-0.297756,0.650703,-3.1957,-0.298005,0.622384,-3.19945,-0.342314,0.651325,-3.41508,-0.342054,0.681015,-3.41115,-0.312169,0.681015,-3.41313,-0.31243,0.651325,-3.41706
0.898512,-1.89301,1.8929,9.43946,872420434,-0.326954,0.922428,-3.20468,-0.326588,0.950456,-3.19916,-0.298083,0.950456,-3.20106,-0.298449,0.922428,-3.20657,-0.342648,0.965005,-3.41995,-0.342263,0.994389,-3.41417,-0.312379,0.994389,-3.41616,-0.312763,0.965005,-3.42194
0.668071,-1.71988,-1.81088,8.44538,872420492,-0.265838,-1.15863,-3.18214,-0.294358,-1.15848,-3.18048,-0.294597,-1.13072,-3.18724,-0.266077,-1.13088,-3.18889,-0.278503,-1.21199,-3.3952,-0.308403,-1.21182,-3.39347,-0.308654,-1.18272,-3.40054,-0.278754,-1.18289,-3.40228
0.997524,-1.95703,-1.88143,3.31357,872420501,-0.265661,-0.886364,-3.17574,-0.294181,-0.886252,-3.17408,-0.294371,-0.858157,-3.17925,-0.265852,-0.858269,-3.18091,-0.278371,-0.927575,-3.39147,-0.30827,-0.927457,-3.38974,-0.308469,-0.898003,-3.39516,-0.27857,-0.89812,-3.3969
0.755657,-2.72692,2.30483,43.8878,872420541,-0.294539,0.296346,-3.18389,-0.29448,0.324858,-3.18209,-0.26596,0.324903,-3.18375,-0.266019,0.296391,-3.18555,-0.308704,0.310153,-3.403,-0.308641,0.340044,-3.40112,-0.278742,0.340091,-3.40286,-0.278804,0.3102,-3.40474
1.10165,-2.67562,2.26051,-52.6701,872420542,-0.294483,0.325408,-3.18207,-0.294414,0.353908,-3.1801,-0.265894,0.353953,-3.18176,-0.265964,0.325453,-3.18373,-0.308645,0.340594,-3.40109,-0.308572,0.370472,-3.39902,-0.278672,0.37052,-3.40076,-0.278746,0.340641,-3.40283
1.08822,-1.98752,1.89148,1.76736,872420559,-0.294517,0.829379,-3.18377,-0.294337,0.857506,-3.17878,-0.265818,0.857619,-3.18043,-0.265997,0.829492,-3.18543,-0.308624,0.867865,-3.39992,-0.308435,0.897353,-3.39469,-0.278536,0.89747,-3.39643,-0.278725,0.867983,-3.40166
0.920645,-1.8003,-1.80408,49.9705,872420623,-0.237376,-1.07348,-3.2026,-0.265905,-1.07336,-3.20112,-0.266114,-1.04548,-3.20735,-0.237584,-1.0456,-3.20883,-0.248694,-1.1228,-3.41671,-0.278604,-1.12268,-3.41515,-0.278822,-1.09345,-3.42168,-0.248913,-1.09357,-3.42323
0.690481,-1.9373,-1.84119,12.8302,872420628,-0.237276,-0.921895,-3.19907,-0.265805,-0.921794,-3.19759,-0.265983,-0.893732,-3.20294,-0.237454,-0.893833,-3.20442,-0.248618,-0.964466,-3.41462,-0.278527,-0.96436,-3.41306,-0.278715,-0.93494,-3.41867,-0.248805,-0.935046,-3.42022
0.958884,-1.96626,-1.85088,14.0625,872420629,-0.236546,-0.886359,-3.17667,-0.265075,-0.886275,-3.17519,-0.265261,-0.858179,-3.18036,-0.236731,-0.858264,-3.18185,-0.247874,-0.927574,-3.39248,-0.277784,-0.927486,-3.39093,-0.277979,-0.898031,-3.39635,-0.248069,-0.89812,-3.39791
6.64004,-2.71712,2.20732,0.212457,872420670,-0.265376,0.325417,-3.18317,-0.265307,0.353917,-3.1812,-0.236778,0.353951,-3.18268,-0.236846,0.325451,-3.18466,-0.278157,0.340606,-3.40228,-0.278085,0.370484,-3.40021,-0.248176,0.370519,-3.40177,-0.248248,0.340641,-3.40383
1.36828,-2.58694,-2.04996,3.45284,872420772,-0.207471,-0.441117,-3.17768,-0.236009,-0.441095,-3.17638,-0.236101,-0.412637,-3.17888,-0.207563,-0.41266,-3.18019,-0.217475,-0.46182,-3.39648,-0.247393,-0.461796,-3.39511,-0.24749,-0.431962,-3.39774,-0.217571,-0.431985,-3.39911
-0.897401,-2.88336,2.24178,-4.17705,872420796,-0.236077,0.265099,-3.178,-0.236014,0.293621,-3.17639,-0.207476,0.293632,-3.17769,-0.207538,0.26511,-3.1793,-0.247475,0.277532,-3.39736,-0.24741,0.307434,-3.39566,-0.217491,0.307446,-3.39703,-0.217556,0.277544,-3.39872
2.89267,-2.27198,-1.86527,0.734194,872420893,-0.178722,-0.650704,-3.18999,-0.207268,-0.650682,-3.18887,-0.207394,-0.622362,-3.19262,-0.178848,-0.622385,-3.19375,-0.187332,-0.681015,-3.40773,-0.217259,-0.680992,-3.40655,-0.21739,-0.651302,-3.41049,-0.187464,-0.651326,-3.41167
2.62111,-2.61373,-1.99479,5.6489,872420900,-0.178364,-0.441116,-3.17862,-0.20691,-0.441105,-3.1775,-0.206998,-0.412648,-3.18001,-0.178452,-0.412659,-3.18113,-0.186987,-0.461819,-3.39748,-0.216914,-0.461808,-3.3963,-0.217006,-0.431973,-3.39893,-0.187079,-0.431985,-3.40011
1.42181,-2.45404,1.928,0.44016,872420932,-0.207196,0.50258,-3.18631,-0.207093,0.530985,-3.18326,-0.178547,0.531002,-3.18439,-0.17865,0.502597,-3.18743,-0.217201,0.526032,-3.40483,-0.217093,0.555811,-3.40164,-0.187166,0.555829,-3.40282,-0.187274,0.52605,-3.40601
1.19817,-2.35944,1.89426,-5.3634,872420934,-0.207019,0.560584,-3.18089,-0.206901,0.588949,-3.17749,-0.178356,0.588965,-3.17861,-0.178473,0.560601,-3.18201,-0.217013,0.586783,-3.3991,-0.21689,0.616519,-3.39553,-0.186963,0.616537,-3.39671,-0.187086,0.5868,-3.40028
0.715417,-1.81136,1.75147,-9.91491,872420950,-0.207914,1.04555,-3.2096,-0.207705,1.07343,-3.20338,-0.17916,1.07347,-3.20451,-0.179368,1.04559,-3.21074,-0.21786,1.09353,-3.42408,-0.217642,1.12276,-3.41755,-0.187715,1.1228,-3.41874,-0.187934,1.09357,-3.42527
0.624176,-1.78958,-1.72062,41.0424,872421006,-0.149839,-1.10184,-3.19896,-0.178391,-1.10184,-3.198,-0.178605,-1.074,-3.20441,-0.150053,-1.074,-3.20536,-0.157002,-1.15253,-3.41293,-0.186935,-1.15253,-3.41192,-0.18716,-1.12334,-3.41864,-0.157226,-1.12334,-3.41964
1.66284,-2.83062,-2.02002,8.88838,872421031,-0.149458,-0.353947,-3.18552,-0.17801,-0.353947,-3.18458,-0.178075,-0.325448,-3.18655,-0.149523,-0.325448,-3.18749,-0.156711,-0.370519,-3.40478,-0.186644,-0.370519,-3.40379,-0.186713,-0.34064,-3.40586,-0.156779,-0.34064,-3.40685
1.41101,-2.638,1.93673,-8.62423,872421057,-0.177896,0.412658,-3.18114,-0.177813,0.441116,-3.17863,-0.149261,0.441116,-3.17958,-0.149344,0.412658,-3.18209,-0.186523,0.431985,-3.40013,-0.186436,0.461819,-3.3975,-0.156503,0.461819,-3.39849,-0.15659,0.431985,-3.40112
0.850143,-2.05498,1.7693,0.419235,872421070,-0.178251,0.800707,-3.1928,-0.178091,0.828865,-3.18798,-0.149539,0.828865,-3.18893,-0.149699,0.800707,-3.19375,-0.186843,0.837847,-3.40947,-0.186674,0.867367,-3.40442,-0.156741,0.867367,-3.40542,-0.156909,0.837847,-3.41047
0.5549,-1.7639,1.71667,26.7994,872421080,-0.178393,1.10243,-3.19807,-0.178173,1.13023,-3.1915,-0.149621,1.13023,-3.19245,-0.149841,1.10243,-3.19903,-0.186937,1.15311,-3.41199,-0.186706,1.18225,-3.4051,-0.156773,1.18225,-3.4061,-0.157004,1.15311,-3.41299
1.30566,-1.76605,-1.68904,10.7038,872421133,-0.118329,-1.13025,-3.1877,-0.146888,-1.13009,-3.18699,-0.1469,-1.10229,-3.19357,-0.118341,-1.10245,-3.19429,-0.123956,-1.18226,-3.4014,-0.153896,-1.18209,-3.40065,-0.153908,-1.15295,-3.40755,-0.123968,-1.15311,-3.4083
1.06598,-2.79045,1.91619,4.8401,872421183,-0.146963,0.354473,-3.18026,-0.146954,0.38296,-3.17811,-0.118395,0.383005,-3.17883,-0.118404,0.354518,-3.18098,-0.153886,0.371038,-3.39953,-0.153877,0.400903,-3.39728,-0.123936,0.40095,-3.39803,-0.123946,0.371085,-3.40029
0.858254,-2.03065,-1.69291,12.0778,872421270,-0.0892315,-0.857613,-3.17947,-0.117794,-0.857529,-3.17893,-0.117806,-0.829402,-3.18393,-0.0892428,-0.829486,-3.18447,-0.0934308,-0.89747,-3.39579,-0.123375,-0.897381,-3.39523,-0.123387,-0.867893,-3.40047,-0.0934427,-0.867982,-3.40103
1.93826,-2.5534,1.77995,2.9334,872421315,-0.117823,0.473556,-3.18583,-0.117819,0.50198,-3.18297,-0.0892565,0.502031,-3.1835,-0.0892601,0.473607,-3.18637,-0.123375,0.495628,-3.40466,-0.123371,0.525427,-3.40165,-0.0934261,0.52548,-3.40222,-0.09343,0.495682,-3.40522
3.23727,-2.83109,1.76995,12.5194,872421439,-0.0887086,0.354492,-3.18056,-0.088704,0.382979,-3.17841,-0.0601383,0.383001,-3.17877,-0.0601429,0.354514,-3.18092,-0.0928672,0.371061,-3.3999,-0.0928624,0.400926,-3.39765,-0.0629148,0.40095,-3.39802,-0.0629196,0.371085,-3.40028
2.12371,-2.75794,1.75574,3.70695,872421440,-0.0887108,0.383562,-3.17876,-0.0887039,0.412034,-3.17643,-0.0601382,0.412057,-3.17679,-0.060145,0.383584,-3.17912,-0.0928692,0.401509,-3.39799,-0.092862,0.431359,-3.39555,-0.0629143,0.431383,-3.39593,-0.0629216,0.401533,-3.39837
1.27429,-2.3074,1.68716,10.8583,872421448,-0.0886892,0.622342,-3.18958,-0.0886864,0.650662,-3.18582,-0.0601207,0.650707,-3.18619,-0.0601235,0.622387,-3.18994,-0.0928718,0.651279,-3.40764,-0.0928688,0.680969,-3.4037,-0.0629212,0.681016,-3.40407,-0.0629242,0.651326,-3.40801
0.558542,-1.54722,1.62299,6.61369,872421474,-0.0886042,1.40895,-3.19906,-0.0885934,1.43628,-3.19074,-0.0600279,1.43638,-3.19111,-0.0600387,1.40905,-3.19942,-0.092905,1.47296,-3.4095,-0.0928938,1.50162,-3.40078,-0.0629464,1.50172,-3.40117,-0.0629576,1.47307,-3.40988
3.00706,-2.69894,-1.67652,-1.21642,872421540,-0.0310163,-0.441116,-3.1748,-0.0595837,-0.441105,-3.17462,-0.0595884,-0.412648,-3.17713,-0.031021,-0.412659,-3.17731,-0.0324099,-0.461819,-3.39382,-0.0623593,-0.461808,-3.39363,-0.0623642,-0.431973,-3.39627,-0.0324148,-0.431985,-3.39646
1.25544,-2.76863,-1.68419,35.6698,872421541,-0.0310165,-0.412056,-3.17677,-0.0595839,-0.412045,-3.17659,-0.0595874,-0.383572,-3.17892,-0.03102,-0.383583,-3.1791,-0.0324102,-0.431382,-3.39592,-0.0623596,-0.431371,-3.39573,-0.0623632,-0.40152,-3.39818,-0.0324138,-0.401532,-3.39837
1.2953,-2.84349,1.69304,2.51077,872421567,-0.0595864,0.354502,-3.18073,-0.059584,0.382989,-3.17857,-0.0310166,0.383,-3.17876,-0.031019,0.354513,-3.18091,-0.0623623,0.371073,-3.40009,-0.0623598,0.400938,-3.39783,-0.0324104,0.400949,-3.39802,-0.0324129,0.371084,-3.40028
1.09627,-2.76863,1.68419,2.53613,872421568,-0.0595874,0.383572,-3.17892,-0.0595839,0.412045,-3.17659,-0.0310165,0.412056,-3.17677,-0.03102,0.383583,-3.1791,-0.0623632,0.40152,-3.39818,-0.0623596,0.431371,-3.39573,-0.0324102,0.431382,-3.39592,-0.0324138,0.401532,-3.39837
0.788283,-1.74703,1.58487,14.0619,872421721,-0.0304004,1.13086,-3.18791,-0.0303974,1.15862,-3.18116,-0.00182936,1.15862,-3.18117,-0.00183242,1.13086,-3.18793,-0.0318783,1.18288,-3.40167,-0.0318751,1.21198,-3.39459,-0.00192514,1.21198,-3.3946,-0.00192835,1.18288,-3.40169
1.43157,-2.63605,-1.53556,7.10227,872421795,0.0304589,-0.444612,-3.18906,0.0304586,-0.473053,-3.18637,0.00189057,-0.473053,-3.18637,0.00189087,-0.444612,-3.18906,0.0318621,-0.465314,-3.40808,0.0318618,-0.495131,-3.40526,0.00191181,-0.495131,-3.40527,0.00191213,-0.465314,-3.40808
1.71066,-2.7038,-1.53291,7.39719,872421796,0.0304656,-0.412658,-3.1773,0.0304655,-0.441116,-3.17479,0.0018975,-0.441116,-3.17479,0.00189762,-0.412658,-3.1773,0.0318589,-0.431985,-3.39645,0.0318588,-0.461819,-3.39382,0.00190877,-0.461819,-3.39382,0.0019089,-0.431985,-3.39645
1.02671,-2.77421,-1.53014,-11.8524,872421797,0.0304657,-0.383583,-3.1791,0.0304657,-0.412055,-3.17677,0.00189767,-0.412055,-3.17677,0.00189775,-0.383583,-3.1791,0.0318589,-0.401532,-3.39836,0.0318588,-0.431382,-3.39592,0.00190884,-0.431382,-3.39592,0.00190892,-0.401532,-3.39836
1.35511,-2.93198,-1.5232,45.3727,872421799,0.030466,-0.325448,-3.18271,0.0304659,-0.353947,-3.18074,0.00189793,-0.353947,-3.18074,0.00189799,-0.325448,-3.18271,0.031859,-0.34064,-3.40219,0.031859,-0.370519,-3.40012,0.00190898,-0.370519,-3.40012,0.00190904,-0.34064,-3.40219
0.88287,-2.93198,1.5232,2.50079,872421822,0.00189793,0.353947,-3.18074,0.0304659,0.353947,-3.18074,0.030466,0.325448,-3.18271,0.00189799,0.325448,-3.18271,0.00190898,0.370519,-3.40012,0.031859,0.370519,-3.40012,0.031859,0.34064,-3.40219,0.00190904,0.34064,-3.40219
4.71033,-2.77421,1.53014,2.01584,872421824,0.00189765,0.412055,-3.17677,0.0304657,0.412055,-3.17677,0.0304658,0.383583,-3.1791,0.00189776,0.383583,-3.1791,0.00190882,0.431382,-3.39592,0.0318588,0.431382,-3.39592,0.0318589,0.401532,-3.39836,0.00190894,0.401532,-3.39836
0.837233,-2.7038,1.53291,6.47707,872421825,0.0018975,0.441116,-3.17479,0.0304655,0.441116,-3.17479,0.0304656,0.412658,-3.1773,0.00189762,0.412658,-3.1773,0.00190877,0.461819,-3.39382,0.0318588,0.461819,-3.39382,0.0318589,0.431985,-3.39645,0.0019089,0.431985,-3.39645
-0.531632,-2.63605,1.53556,1.38033,872421826,0.00189058,0.473053,-3.18637,0.0304586,0.473053,-3.18637,0.0304588,0.444612,-3.18906,0.00189085,0.444612,-3.18906,0.00191183,0.495131,-3.40527,0.0318618,0.495131,-3.40526,0.0318621,0.465314,-3.40808,0.00191211,0.465314,-3.40808
0.176861,-2.57466,1.53765,0.651956,872421827,0.00189029,0.502026,-3.18346,0.0304583,0.502026,-3.18346,0.0304586,0.473602,-3.18633,0.00189057,0.473602,-3.18633,0.00191155,0.525479,-3.40221,0.0318616,0.525479,-3.40221,0.0318618,0.49568,-3.40521,0.00191185,0.49568,-3.40522
-0.375902,-2.51683,1.53951,2.04319,872421828,0.00188999,0.531001,-3.18056,0.030458,0.531001,-3.18056,0.0304583,0.502596,-3.1836,0.00189028,0.502596,-3.1836,0.00191129,0.555829,-3.39916,0.0318613,0.555829,-3.39916,0.0318616,0.526049,-3.40235,0.00191159,0.526049,-3.40235
-0.292983,-2.46218,1.54117,1.55935,872421829,0.00188969,0.559981,-3.17767,0.0304577,0.559981,-3.17766,0.030458,0.531595,-3.18089,0.00188996,0.531595,-3.18089,0.00191106,0.586181,-3.3961,0.0318611,0.586181,-3.3961,0.0318613,0.556422,-3.39948,0.00191134,0.556422,-3.39948
-0.410927,-2.41038,1.54267,0.924016,872421830,0.00188936,0.588965,-3.17478,0.0304574,0.588965,-3.17478,0.0304576,0.5606,-3.17818,0.00188964,0.5606,-3.17818,0.00191082,0.616537,-3.39305,0.0318608,0.616537,-3.39305,0.0318611,0.5868,-3.39661,0.00191111,0.5868,-3.39662
0.579227,-2.36045,1.5442,53.3394,872421831,0.0018808,0.621836,-3.18999,0.0304488,0.621836,-3.18998,0.0304494,0.593493,-3.19356,0.00188138,0.593493,-3.19357,0.00191568,0.650778,-3.40808,0.0318657,0.650778,-3.40808,0.0318663,0.621064,-3.41183,0.00191629,0.621064,-3.41183
4.90192,-2.31376,1.54541,2.32258,872421832,0.00188018,0.650703,-3.18617,0.0304482,0.650703,-3.18616,0.0304488,0.622384,-3.18992,0.00188078,0.622384,-3.18993,0.00191506,0.681015,-3.40408,0.0318651,0.681015,-3.40407,0.0318657,0.651325,-3.40801,0.00191568,0.651325,-3.40802
-0.325357,-2.26917,1.54651,1.00042,872421833,0.00187954,0.679574,-3.18236,0.0304475,0.679574,-3.18235,0.0304482,0.651278,-3.18629,0.00188018,0.651278,-3.18629,0.00191444,0.711254,-3.40007,0.0318644,0.711254,-3.40007,0.0318651,0.681589,-3.40419,0.00191511,0.681589,-3.4042
-0.519764,-2.2265,1.54752,0.370826,872421834,0.00187889,0.708447,-3.17856,0.0304469,0.708447,-3.17855,0.0304476,0.680177,-3.18267,0.00187957,0.680177,-3.18267,0.00191384,0.741495,-3.39606,0.0318638,0.741495,-3.39606,0.0318646,0.711857,-3.40037,0.00191455,0.711857,-3.40038
0.975443,-2.57095,-1.47821,14.8369,872421922,0.0595779,-0.473586,-3.18615,0.0595765,-0.50201,-3.18329,0.0310091,-0.502027,-3.18347,0.0310105,-0.473603,-3.18633,0.0623641,-0.495663,-3.40503,0.0623626,-0.525462,-3.40202,0.0324132,-0.52548,-3.40221,0.0324147,-0.495681,-3.40522
1.159,-2.63185,-1.4724,20.9749,872421923,0.0595771,-0.444596,-3.18888,0.0595768,-0.473037,-3.1862,0.0310094,-0.473054,-3.18638,0.0310097,-0.444613,-3.18907,0.0623633,-0.465297,-3.40789,0.062363,-0.495114,-3.40508,0.0324136,-0.495132,-3.40527,0.0324139,-0.465315,-3.40808
6.21919,-2.92433,-1.43822,47.9606,872421927,0.0595854,-0.325437,-3.18254,0.0595842,-0.353937,-3.18057,0.0310168,-0.353948,-3.18075,0.0310179,-0.325448,-3.18272,0.0623613,-0.340629,-3.402,0.0623601,-0.370507,-3.39993,0.0324107,-0.370519,-3.40012,0.0324119,-0.34064,-3.40219
1.35375,-2.69894,1.46507,14.058,872421953,0.0310163,0.441116,-3.1748,0.0595837,0.441105,-3.17462,0.0595884,0.412648,-3.17713,0.031021,0.412659,-3.17731,0.0324099,0.461819,-3.39382,0.0623593,0.461808,-3.39363,0.0623642,0.431973,-3.39627,0.0324148,0.431985,-3.39646
-0.36072,-2.63185,1.4724,0.932836,872421954,0.0310094,0.473054,-3.18638,0.0595768,0.473037,-3.1862,0.0595771,0.444596,-3.18888,0.0310097,0.444613,-3.18907,0.0324136,0.495132,-3.40527,0.062363,0.495114,-3.40508,0.0623633,0.465297,-3.40789,0.0324139,0.465315,-3.40808
0.304286,-2.57095,1.47821,0.531646,872421955,0.0310091,0.502027,-3.18347,0.0595765,0.50201,-3.18329,0.0595779,0.473586,-3.18615,0.0310105,0.473603,-3.18633,0.0324132,0.52548,-3.40221,0.0623626,0.525462,-3.40202,0.0623641,0.495663,-3.40503,0.0324147,0.495681,-3.40522
0.0751735,-2.51353,1.48338,1.68099,872421956,0.0310088,0.531002,-3.18057,0.0595762,0.530985,-3.18038,0.0595787,0.50258,-3.18343,0.0310113,0.502597,-3.18361,0.0324129,0.555829,-3.39916,0.0623623,0.555811,-3.39897,0.0623649,0.526032,-3.40216,0.0324155,0.52605,-3.40235
1.84875,-2.45922,1.488,0.985803,872421957,0.0310085,0.559981,-3.17767,0.0595759,0.559964,-3.17749,0.0595796,0.531579,-3.18071,0.0310122,0.531596,-3.1809,0.0324124,0.586181,-3.39611,0.0623618,0.586163,-3.39592,0.0623656,0.556405,-3.3993,0.0324162,0.556423,-3.39949
0.153972,-2.40771,1.49216,-66.8557,872421958,0.0310082,0.588965,-3.17479,0.0595756,0.588949,-3.17461,0.0595804,0.560584,-3.17801,0.031013,0.560601,-3.17819,0.0324119,0.616537,-3.39305,0.0623613,0.616519,-3.39286,0.0623664,0.586783,-3.39643,0.032417,0.5868,-3.39662
0.450705,-2.35807,1.49641,-0.260346,872421959,0.0309996,0.621837,-3.18999,0.059567,0.621815,-3.18981,0.0595676,0.593472,-3.19339,0.0310002,0.593494,-3.19357,0.0324174,0.650778,-3.40808,0.0623668,0.650755,-3.40789,0.0623674,0.621041,-3.41164,0.0324181,0.621065,-3.41183
0.43748,-2.31159,1.49978,38.2234,872421960,0.030999,0.650704,-3.18617,0.0595664,0.650682,-3.18599,0.0595682,0.622362,-3.18975,0.0310007,0.622385,-3.18993,0.0324167,0.681015,-3.40407,0.0623661,0.680992,-3.40388,0.062368,0.651302,-3.40782,0.0324186,0.651326,-3.40801
0.0821592,-2.26719,1.50285,0.041899,872421961,0.0309984,0.679575,-3.18236,0.0595658,0.679552,-3.18218,0.0595686,0.651256,-3.18612,0.0310012,0.651279,-3.1863,0.032416,0.711254,-3.40007,0.0623654,0.71123,-3.39988,0.0623684,0.681566,-3.404,0.032419,0.68159,-3.4042
-0.244204,-2.22467,1.50567,0.19101,872421962,0.0309977,0.708449,-3.17856,0.0595651,0.708426,-3.17838,0.0595692,0.680156,-3.18249,0.0310018,0.680178,-3.18267,0.0324152,0.741495,-3.39606,0.0623646,0.741472,-3.39587,0.0623688,0.711834,-3.40019,0.0324195,0.711857,-3.40038
1.96398,-2.90978,-1.35511,34.8371,872422055,0.0887065,-0.325427,-3.18237,0.0887041,-0.353926,-3.1804,0.0601384,-0.353949,-3.18076,0.0601408,-0.325449,-3.18273,0.0928652,-0.340617,-3.40181,0.0928628,-0.370496,-3.39975,0.0629151,-0.370519,-3.40012,0.0629176,-0.340641,-3.40219
-0.855439,-2.6238,1.41001,0.827286,872422082,0.0601311,0.473055,-3.18639,0.0886968,0.473022,-3.18603,0.0886971,0.44458,-3.18872,0.0601313,0.444614,-3.18908,0.0629182,0.495132,-3.40527,0.0928658,0.495097,-3.40489,0.092866,0.46528,-3.40771,0.0629185,0.465315,-3.40809
-0.218842,-2.56381,1.41941,0.539246,872422083,0.0601308,0.502028,-3.18348,0.0886965,0.501995,-3.18312,0.088699,0.473571,-3.18599,0.0601333,0.473605,-3.18635,0.0629177,0.52548,-3.40221,0.0928653,0.525445,-3.40184,0.092868,0.495646,-3.40484,0.0629204,0.495681,-3.40522
0.0671464,-2.50716,1.42778,102.2,872422084,0.0601305,0.531004,-3.18058,0.0886962,0.53097,-3.18022,0.088701,0.502565,-3.18326,0.0601353,0.502599,-3.18362,0.0629172,0.555829,-3.39916,0.0928648,0.555794,-3.39878,0.0928698,0.526015,-3.40198,0.0629222,0.52605,-3.40235
1.09524,-2.45351,1.43528,-8.35281,872422085,0.0601302,0.559983,-3.17769,0.0886959,0.559949,-3.17733,0.088703,0.531564,-3.18055,0.0601373,0.531598,-3.18091,0.0629166,0.586182,-3.39611,0.0928642,0.586146,-3.39573,0.0928716,0.556388,-3.39911,0.062924,0.556423,-3.39949
0.261177,-2.40257,1.44204,10.4614,872422086,0.0601299,0.588967,-3.1748,0.0886956,0.588933,-3.17444,0.0887049,0.560569,-3.17784,0.0601392,0.560602,-3.1782,0.0629159,0.616538,-3.39305,0.0928635,0.616502,-3.39268,0.0928732,0.586765,-3.39624,0.0629256,0.586801,-3.39662
-0.266975,-2.35347,1.44896,0.208758,872422087,0.0601213,0.621839,-3.19,0.088687,0.621794,-3.18964,0.0886876,0.593452,-3.19322,0.0601219,0.593497,-3.19358,0.062922,0.650779,-3.40808,0.0928696,0.650732,-3.4077,0.0928702,0.621018,-3.41145,0.0629226,0.621065,-3.41183
0.532825,-2.3074,1.45443,47.2214,872422088,0.0601207,0.650707,-3.18619,0.0886864,0.650662,-3.18582,0.0886892,0.622342,-3.18958,0.0601235,0.622387,-3.18994,0.0629212,0.681016,-3.40407,0.0928688,0.680969,-3.4037,0.0928718,0.651279,-3.40764,0.0629242,0.651326,-3.40801
0.220908,-2.26336,1.45944,-16.3453,872422089,0.06012,0.679577,-3.18238,0.0886857,0.679532,-3.18201,0.0886909,0.651236,-3.18595,0.0601252,0.651281,-3.18631,0.0629204,0.711255,-3.40007,0.0928679,0.711207,-3.39969,0.0928733,0.681543,-3.40382,0.0629258,0.68159,-3.4042
-0.151186,-2.22116,1.46404,0.114612,872422090,0.0601194,0.708451,-3.17857,0.0886851,0.708406,-3.17821,0.0886925,0.680135,-3.18233,0.0601268,0.680181,-3.18269,0.0629194,0.741496,-3.39606,0.0928669,0.741449,-3.39568,0.0928748,0.711811,-3.4,0.0629272,0.711858,-3.40038
0.272681,-1.50649,-1.50095,18.5324,872422145,0.117724,-1.46487,-3.1827,0.117704,-1.49209,-3.17404,0.0891416,-1.49224,-3.17458,0.0891615,-1.46502,-3.18323,0.123406,-1.53151,-3.39229,0.123385,-1.56005,-3.38321,0.0934408,-1.56021,-3.38378,0.0934617,-1.53167,-3.39285
0.130636,-2.5534,1.36164,0.571016,872422211,0.0892565,0.502031,-3.1835,0.117819,0.50198,-3.18297,0.117823,0.473556,-3.18583,0.0892601,0.473607,-3.18637,0.0934261,0.52548,-3.40222,0.123371,0.525427,-3.40165,0.123375,0.495628,-3.40466,0.09343,0.495682,-3.40522
0.698377,-2.49786,1.37306,5.58758,872422212,0.0892561,0.531006,-3.1806,0.117819,0.530956,-3.18006,0.117826,0.50255,-3.18311,0.0892633,0.502601,-3.18365,0.0934254,0.55583,-3.39916,0.12337,0.555777,-3.3986,0.123377,0.525997,-3.40179,0.0934329,0.52605,-3.40235
0.379098,-2.44516,1.38331,-0.835368,872422213,0.0892558,0.559986,-3.17771,0.117819,0.559935,-3.17717,0.117829,0.531549,-3.18039,0.0892663,0.5316,-3.18093,0.0934246,0.586182,-3.39611,0.123369,0.586129,-3.39554,0.12338,0.55637,-3.39892,0.0934356,0.556423,-3.39949
0.342749,-2.39503,1.39256,-13.469,872422214,0.0892555,0.588969,-3.17482,0.117818,0.588919,-3.17428,0.117832,0.560554,-3.17769,0.0892694,0.560605,-3.17823,0.0934236,0.616538,-3.39305,0.123368,0.616485,-3.39249,0.123383,0.586748,-3.39606,0.0934382,0.586801,-3.39662
0.832193,-2.34672,1.40204,11.1093,872422215,0.089247,0.621843,-3.19002,0.11781,0.621775,-3.18949,0.11781,0.593432,-3.19307,0.0892476,0.5935,-3.19361,0.0934305,0.650779,-3.40808,0.123375,0.650709,-3.40751,0.123376,0.620995,-3.41127,0.0934311,0.621066,-3.41183
0.396389,-2.30125,1.40956,61.9318,872422216,0.0892464,0.65071,-3.18621,0.117809,0.650642,-3.18567,0.117813,0.622323,-3.18943,0.0892504,0.62239,-3.18996,0.0934296,0.681016,-3.40407,0.123374,0.680946,-3.40351,0.123378,0.651256,-3.40745,0.0934338,0.651327,-3.40801
0.553163,-2.25772,1.41644,42.3333,872422217,0.0892457,0.67958,-3.1824,0.117809,0.679512,-3.18186,0.117816,0.651217,-3.18579,0.0892531,0.651284,-3.18633,0.0934286,0.711255,-3.40007,0.123373,0.711184,-3.3995,0.123381,0.68152,-3.40363,0.0934364,0.681591,-3.40419
-0.230736,-2.21599,1.42277,0.261416,872422218,0.0892451,0.708454,-3.17859,0.117808,0.708387,-3.17806,0.117819,0.680116,-3.18217,0.0892559,0.680184,-3.18271,0.0934274,0.741496,-3.39606,0.123372,0.741426,-3.3955,0.123383,0.711788,-3.39981,0.0934388,0.711859,-3.40038
0.619602,-1.87577,1.467,-8.92304,872422228,0.089215,1.00762,-3.18033,0.117778,1.00752,-3.17979,0.11779,0.979561,-3.18567,0.0892271,0.979662,-3.18621,0.0934346,1.05425,-3.3953,0.123379,1.05414,-3.39473,0.123392,1.02483,-3.4009,0.0934473,1.02494,-3.40146
0.294327,-1.50506,-1.48138,9.92782,872422273,0.146855,-1.46483,-3.18254,0.146831,-1.49205,-3.17388,0.118273,-1.49225,-3.17459,0.118297,-1.46503,-3.18325,0.153919,-1.53146,-3.39209,0.153894,-1.56,-3.38301,0.123954,-1.56021,-3.38376,0.123979,-1.53167,-3.39283
2.70755,-2.86251,-1.19843,11.4881,872422311,0.146958,-0.325408,-3.18207,0.146954,-0.353908,-3.1801,0.118395,-0.353953,-3.18082,0.1184,-0.325453,-3.18279,0.153882,-0.340594,-3.40144,0.153877,-0.370472,-3.39938,0.123937,-0.37052,-3.40013,0.123942,-0.340641,-3.4022
-0.133861,-2.3852,1.34393,-0.176563,872422342,0.118386,0.588973,-3.17486,0.146945,0.588905,-3.17414,0.146964,0.56054,-3.17754,0.118405,0.560608,-3.17826,0.123936,0.616538,-3.39306,0.153877,0.616468,-3.3923,0.153896,0.586731,-3.39587,0.123956,0.586802,-3.39662
-0.0426052,-2.3379,1.35585,0.1242,872422343,0.118378,0.621847,-3.19005,0.146937,0.621757,-3.18934,0.146937,0.593414,-3.19292,0.118378,0.593504,-3.19363,0.123944,0.65078,-3.40808,0.153884,0.650686,-3.40733,0.153885,0.620972,-3.41108,0.123945,0.621066,-3.41183
1.38169,-2.2932,1.36532,34.7455,872422344,0.118377,0.650714,-3.18624,0.146936,0.650624,-3.18552,0.146941,0.622304,-3.18928,0.118382,0.622395,-3.18999,0.123943,0.681017,-3.40407,0.153883,0.680923,-3.40332,0.153889,0.651233,-3.40726,0.123948,0.651327,-3.40801
0.714115,-2.25035,1.374,25.2102,872422345,0.118377,0.679584,-3.18243,0.146935,0.679494,-3.18171,0.146945,0.651199,-3.18564,0.118386,0.651289,-3.18636,0.123942,0.711256,-3.40007,0.153882,0.711161,-3.39932,0.153892,0.681497,-3.40344,0.123952,0.681591,-3.40419
-0.364058,-2.20921,1.38199,-0.388311,872422346,0.118376,0.708458,-3.17862,0.146935,0.708368,-3.17791,0.146949,0.680098,-3.18202,0.11839,0.680188,-3.18274,0.123941,0.741497,-3.39606,0.153881,0.741403,-3.39531,0.153896,0.711765,-3.39962,0.123955,0.711859,-3.40037
1.40986,-2.83062,-1.12157,0.98055,872422439,0.178075,-0.325448,-3.18655,0.17801,-0.353947,-3.18458,0.149458,-0.353947,-3.18552,0.149523,-0.325448,-3.18749,0.186713,-0.34064,-3.40586,0.186644,-0.370519,-3.40379,0.156711,-0.370519,-3.40478,0.156779,-0.34064,-3.40685
1.11384,-2.83062,1.12157,9.82107,872422462,0.149458,0.353947,-3.18552,0.17801,0.353947,-3.18458,0.178075,0.325448,-3.18655,0.149523,0.325448,-3.18749,0.156711,0.370519,-3.40478,0.186644,0.370519,-3.40379,0.186713,0.34064,-3.40586,0.156779,0.34064,-3.40685
2.43127,-2.86149,1.01502,-14.0828,872422589,0.178627,0.324898,-3.18656,0.207173,0.324887,-3.18544,0.207232,0.296375,-3.18723,0.178686,0.296386,-3.18836,0.187265,0.34009,-3.40587,0.217192,0.340078,-3.4047,0.217254,0.310187,-3.40658,0.187327,0.310199,-3.40775
3.18275,-2.79534,1.05441,3.39428,872422590,0.178561,0.353948,-3.18457,0.207107,0.353937,-3.18344,0.207173,0.325437,-3.18542,0.178627,0.325448,-3.18654,0.187196,0.370519,-3.40378,0.217123,0.370507,-3.4026,0.217192,0.340629,-3.40467,0.187265,0.34064,-3.40584
1.37952,-2.81824,-0.950222,11.2537,872422696,0.236331,-0.296365,-3.18611,0.236272,-0.324876,-3.18432,0.207733,-0.324899,-3.18562,0.207793,-0.296387,-3.18741,0.247734,-0.310176,-3.40538,0.247672,-0.340067,-3.4035,0.217753,-0.34009,-3.40487,0.217815,-0.3102,-3.40675
4.70274,-2.81824,0.950222,17.7796,872422717,0.207733,0.324899,-3.18562,0.236272,0.324876,-3.18432,0.236331,0.296365,-3.18611,0.207793,0.296387,-3.18741,0.217753,0.34009,-3.40487,0.247672,0.340067,-3.4035,0.247734,0.310176,-3.40538,0.217815,0.310199,-3.40675
1.86598,-2.75725,0.991997,5.47728,872422718,0.207667,0.353949,-3.18362,0.236206,0.353926,-3.18232,0.236273,0.325427,-3.18429,0.207735,0.325449,-3.18559,0.217684,0.370519,-3.40277,0.247603,0.370496,-3.40141,0.247673,0.340617,-3.40347,0.217754,0.340641,-3.40484
2.16048,-2.69833,1.02906,16.4389,872422719,0.207601,0.383001,-3.18163,0.23614,0.382979,-3.18033,0.236215,0.354492,-3.18248,0.207677,0.354514,-3.18378,0.217614,0.40095,-3.40067,0.247533,0.400926,-3.39931,0.247612,0.371061,-3.40156,0.217693,0.371085,-3.40293
0.157203,-1.593,-1.38369,-15.432,872422790,0.265284,-1.31136,-3.18285,0.265009,-1.33884,-3.17506,0.236479,-1.33898,-3.17654,0.236755,-1.3115,-3.18433,0.277917,-1.37139,-3.39413,0.277629,-1.4002,-3.38596,0.247719,-1.40034,-3.38751,0.248008,-1.37153,-3.39568
0.0931675,-1.61422,-1.37954,-3.03029,872422791,0.265523,-1.28314,-3.19006,0.265257,-1.31067,-3.18244,0.236727,-1.3108,-3.18392,0.236994,-1.28327,-3.19154,0.278169,-1.34183,-3.40171,0.27789,-1.3707,-3.39372,0.247981,-1.37084,-3.39527,0.24826,-1.34197,-3.40326
-0.325299,-1.63589,-1.37521,-1.8981,872422792,0.265762,-1.25492,-3.19727,0.265505,-1.2825,-3.18982,0.236976,-1.28263,-3.19131,0.237233,-1.25505,-3.19875,0.278421,-1.31228,-3.40929,0.278151,-1.3412,-3.40148,0.248242,-1.34134,-3.40303,0.248512,-1.31242,-3.41084
-0.196541,-1.65803,-1.37069,-0.712587,872422793,0.266001,-1.22671,-3.20449,0.265754,-1.25433,-3.19722,0.237224,-1.25447,-3.1987,0.237472,-1.22684,-3.20597,0.278672,-1.28274,-3.41686,0.278413,-1.3117,-3.40924,0.248503,-1.31184,-3.41079,0.248763,-1.28288,-3.41842
1.06075,-2.71712,0.934276,16.389,872422846,0.236778,0.353951,-3.18268,0.265307,0.353917,-3.1812,0.265376,0.325417,-3.18317,0.236846,0.325451,-3.18466,0.248176,0.370519,-3.40177,0.278085,0.370484,-3.40021,0.278157,0.340606,-3.40228,0.248247,0.340641,-3.40383
0.0230985,-1.58882,-1.36257,-4.36086,872422918,0.294394,-1.31133,-3.18173,0.294114,-1.33881,-3.17394,0.265595,-1.33899,-3.1756,0.265875,-1.3115,-3.18339,0.308408,-1.37134,-3.39293,0.308114,-1.40016,-3.38476,0.278215,-1.40034,-3.38649,0.278508,-1.37153,-3.39466
0.0940929,-1.60985,-1.35799,-0.563958,872422919,0.294632,-1.2831,-3.18894,0.294362,-1.31063,-3.18132,0.265843,-1.31081,-3.18297,0.266113,-1.28328,-3.19059,0.308659,-1.34179,-3.40051,0.308376,-1.37065,-3.39252,0.278477,-1.37084,-3.39425,0.278759,-1.34197,-3.40224
0.285839,-1.63133,-1.35323,15.1466,872422920,0.29487,-1.25488,-3.19615,0.294611,-1.28246,-3.18871,0.266091,-1.28264,-3.19036,0.266351,-1.25506,-3.19781,0.308909,-1.31224,-3.40809,0.308637,-1.34115,-3.40028,0.278738,-1.34134,-3.40201,0.27901,-1.31242,-3.40982
0.132854,-1.65326,-1.34826,-1.07828,872422921,0.295108,-1.22667,-3.20337,0.294859,-1.2543,-3.1961,0.26634,-1.25448,-3.19775,0.266589,-1.22685,-3.20503,0.30916,-1.28269,-3.41566,0.308899,-1.31165,-3.40804,0.278999,-1.31184,-3.40977,0.27926,-1.28288,-3.4174
3.00622,-2.67562,-0.88108,18.2235,872422951,0.294483,-0.325408,-3.18207,0.294414,-0.353908,-3.1801,0.265894,-0.353953,-3.18176,0.265964,-0.325453,-3.18373,0.308645,-0.340594,-3.40109,0.308572,-0.370472,-3.39902,0.278672,-0.37052,-3.40076,0.278746,-0.340641,-3.40283
2.29748,-2.72692,-0.83676,16.4372,872422952,0.294539,-0.296346,-3.18389,0.29448,-0.324858,-3.18209,0.26596,-0.324903,-3.18375,0.266019,-0.296391,-3.18555,0.308704,-0.310153,-3.403,0.308641,-0.340044,-3.40112,0.278742,-0.340091,-3.40286,0.278804,-0.3102,-3.40474
1.48947,-2.88292,-0.668383,28.602,872422955,0.294343,-0.20686,-3.17755,0.294293,-0.2354,-3.17629,0.265773,-0.235423,-3.17795,0.265824,-0.206882,-3.17921,0.308508,-0.21653,-3.39688,0.308455,-0.246451,-3.39556,0.278556,-0.246474,-3.39731,0.278609,-0.216553,-3.39862
1.06908,-2.88292,0.668383,6.24598,872422970,0.265773,0.235423,-3.17795,0.294293,0.2354,-3.17629,0.294343,0.20686,-3.17755,0.265824,0.206882,-3.17921,0.278556,0.246474,-3.39731,0.308455,0.246451,-3.39556,0.308508,0.21653,-3.39688,0.278609,0.216553,-3.39862
1.55914,-2.83184,0.7293,-16.0515,872422971,0.265738,0.264526,-3.17688,0.294257,0.264504,-3.17522,0.294318,0.235972,-3.17666,0.265799,0.235994,-3.17832,0.278517,0.276958,-3.39616,0.308417,0.276935,-3.39442,0.30848,0.247022,-3.39593,0.278581,0.247046,-3.39767
-0.113199,-1.58658,-1.33998,-43.3179,872423046,0.325942,-1.31148,-3.19008,0.325423,-1.33897,-3.1823,0.296918,-1.33897,-3.1842,0.297437,-1.31148,-3.19198,0.341408,-1.37153,-3.40117,0.340864,-1.40034,-3.39301,0.310981,-1.40034,-3.395,0.311525,-1.37153,-3.40316
4.12395,-1.60736,-1.33479,-1.56575,872423047,0.326422,-1.28326,-3.19727,0.325914,-1.31079,-3.18967,0.29741,-1.31079,-3.19157,0.297917,-1.28326,-3.19917,0.341913,-1.34197,-3.40873,0.341381,-1.37083,-3.40076,0.311497,-1.37083,-3.40275,0.312029,-1.34197,-3.41073
0.471122,-1.62857,-1.32939,-10.7139,872423048,0.326902,-1.25504,-3.20447,0.326406,-1.28262,-3.19704,0.297901,-1.28262,-3.19894,0.298398,-1.25504,-3.20638,0.342418,-1.31242,-3.4163,0.341898,-1.34133,-3.4085,0.312014,-1.34133,-3.4105,0.312534,-1.31242,-3.41829
-0.00379472,-1.65021,-1.32375,-98.3869,872423049,0.327383,-1.22683,-3.21168,0.326899,-1.25446,-3.20442,0.298394,-1.25445,-3.20632,0.298878,-1.22683,-3.21358,0.342922,-1.28287,-3.42386,0.342414,-1.31184,-3.41625,0.312531,-1.31184,-3.41824,0.313039,-1.28287,-3.42585
0.60761,-1.78881,-1.28344,2.33221,872423055,0.327592,-1.04558,-3.21453,0.327178,-1.07346,-3.20831,0.298673,-1.07346,-3.21021,0.299087,-1.04558,-3.21642,0.343234,-1.09357,-3.42866,0.3428,-1.1228,-3.42214,0.312916,-1.1228,-3.42413,0.31335,-1.09357,-3.43065
2.2783,-2.67917,-0.783441,52.1717,872423080,0.326172,-0.296386,-3.19218,0.326053,-0.324897,-3.19039,0.297548,-0.324897,-3.19228,0.297666,-0.296386,-3.19407,0.34205,-0.310199,-3.41118,0.341925,-0.34009,-3.4093,0.312041,-0.34009,-3.41128,0.312165,-0.310199,-3.41315
0.635963,-2.9008,0.481827,28.6572,872423096,0.297312,0.177221,-3.18864,0.325818,0.177221,-3.18675,0.325877,0.148667,-3.18765,0.297371,0.148667,-3.18953,0.311823,0.185513,-3.40801,0.341707,0.185513,-3.40603,0.34177,0.155578,-3.40697,0.311885,0.155577,-3.40895
0.0906232,-2.86077,0.552436,2.84234,872423097,0.297241,0.206319,-3.18756,0.325746,0.20632,-3.18567,0.325817,0.177772,-3.18675,0.297312,0.177772,-3.18863,0.311747,0.215992,-3.40687,0.341632,0.215992,-3.40489,0.341707,0.186064,-3.40602,0.311822,0.186064,-3.408
0.915968,-2.8179,0.617428,16.6317,872423098,0.297169,0.23542,-3.18648,0.325675,0.23542,-3.1846,0.325758,0.20688,-3.18585,0.297252,0.20688,-3.18774,0.311672,0.246474,-3.40573,0.341557,0.246474,-3.40375,0.341644,0.216553,-3.40507,0.311759,0.216553,-3.40704
0.129878,-2.77312,0.676966,4.25595,872423099,0.297099,0.264524,-3.18542,0.325605,0.264524,-3.18353,0.325699,0.235992,-3.18496,0.297194,0.235992,-3.18685,0.311597,0.276958,-3.40459,0.341481,0.276958,-3.40261,0.341581,0.247046,-3.40411,0.311696,0.247046,-3.40609
0.867424,-2.72719,0.731338,2.09156,872423100,0.297029,0.293632,-3.18436,0.325535,0.293632,-3.18247,0.325641,0.265109,-3.18408,0.297135,0.265109,-3.18597,0.311521,0.307446,-3.40345,0.341406,0.307446,-3.40147,0.341518,0.277543,-3.40316,0.311633,0.277543,-3.40514
0.236118,-1.58134,-1.31931,7.01842,872423174,0.354989,-1.31144,-3.18798,0.354465,-1.33892,-3.1802,0.325973,-1.33897,-3.18227,0.326496,-1.31148,-3.19005,0.371834,-1.37148,-3.39896,0.371285,-1.40029,-3.3908,0.341414,-1.40034,-3.39298,0.341963,-1.37153,-3.40113
-0.051249,-1.60191,-1.31373,-0.498201,872423175,0.355468,-1.28322,-3.19517,0.354957,-1.31075,-3.18756,0.326464,-1.31079,-3.18964,0.326975,-1.28326,-3.19724,0.372338,-1.34192,-3.40652,0.371802,-1.37079,-3.39855,0.341931,-1.37084,-3.40072,0.342467,-1.34197,-3.4087
0.43038,-1.62288,-1.30791,-5.96151,872423176,0.355947,-1.255,-3.20237,0.355449,-1.28258,-3.19494,0.326956,-1.28262,-3.19701,0.327454,-1.25504,-3.20445,0.372841,-1.31237,-3.41409,0.372319,-1.34129,-3.40629,0.342448,-1.34133,-3.40847,0.342971,-1.31242,-3.41626
-0.119928,-1.64428,-1.30186,-0.169742,872423177,0.356427,-1.22679,-3.20958,0.355941,-1.25441,-3.20232,0.327449,-1.25446,-3.20439,0.327934,-1.22683,-3.21165,0.373345,-1.28283,-3.42165,0.372836,-1.31179,-3.41404,0.342965,-1.31184,-3.41622,0.343474,-1.28287,-3.42383
0.674176,-1.78091,-1.25841,3.08883,872423183,0.356635,-1.04555,-3.21243,0.356221,-1.07343,-3.20621,0.327728,-1.07347,-3.20828,0.328142,-1.04559,-3.2145,0.373656,-1.09353,-3.42646,0.373222,-1.12276,-3.41994,0.343351,-1.1228,-3.42211,0.343785,-1.09357,-3.42863
-0.226429,-2.93018,0.0457772,0.968686,872423219,0.326129,0.0298764,-3.18308,0.354622,0.0298764,-3.18101,0.354622,0.00130836,-3.18101,0.326129,0.00130836,-3.18308,0.342026,0.0312592,-3.4025,0.371898,0.0312591,-3.40034,0.371898,0.00130914,-3.40034,0.342026,0.00130915,-3.4025
6.59101,-2.92271,0.130611,8.22924,872423220,0.326118,0.0589946,-3.18291,0.354611,0.0589946,-3.18084,0.354624,0.0304272,-3.18102,0.326131,0.0304272,-3.18309,0.342014,0.0617597,-3.40232,0.371885,0.0617597,-3.40015,0.371899,0.0318103,-3.40034,0.342027,0.0318103,-3.40251
1.80889,-2.90835,0.213609,8.71373,872423221,0.326107,0.0881146,-3.18274,0.3546,0.0881146,-3.18068,0.354626,0.0595489,-3.18104,0.326133,0.0595489,-3.1831,0.342001,0.0922618,-3.40213,0.371873,0.0922618,-3.39997,0.3719,0.0623142,-3.40035,0.342029,0.0623142,-3.40251
0.974114,-2.88768,0.293739,98.872,872423222,0.326097,0.117237,-3.18259,0.35459,0.117237,-3.18053,0.354629,0.0886745,-3.18106,0.326136,0.0886745,-3.18313,0.341989,0.122767,-3.40195,0.371861,0.122767,-3.39979,0.371902,0.092822,-3.40035,0.34203,0.092822,-3.40251
3.48886,-2.86147,0.370183,-4.15207,872423223,0.326087,0.146364,-3.18245,0.354581,0.146364,-3.18038,0.354632,0.117805,-3.1811,0.326139,0.117805,-3.18316,0.341977,0.153275,-3.40177,0.371849,0.153275,-3.3996,0.371903,0.123335,-3.40035,0.342031,0.123335,-3.40252
1.25836,-2.82935,0.446164,5.39086,872423224,0.326368,0.177221,-3.18673,0.354861,0.177216,-3.18466,0.354921,0.148662,-3.18556,0.326427,0.148667,-3.18762,0.342258,0.185513,-3.406,0.37213,0.185507,-3.40383,0.372192,0.155572,-3.40477,0.34232,0.155578,-3.40694
0.432082,-2.79446,0.513431,2.91287,872423225,0.326296,0.20632,-3.18564,0.35479,0.206314,-3.18358,0.354862,0.177766,-3.18465,0.326369,0.177772,-3.18672,0.342183,0.215993,-3.40486,0.372055,0.215987,-3.4027,0.37213,0.186058,-3.40382,0.342259,0.186064,-3.40599
11.3691,-2.75672,0.575989,0.78159,872423226,0.326225,0.23542,-3.18457,0.354719,0.235415,-3.1825,0.354804,0.206874,-3.18376,0.32631,0.20688,-3.18582,0.342107,0.246474,-3.40372,0.371979,0.246468,-3.40156,0.372068,0.216547,-3.40287,0.342197,0.216553,-3.40503
2.58881,-2.71689,0.633878,5.97925,872423227,0.326155,0.264524,-3.1835,0.354648,0.264518,-3.18144,0.354746,0.235986,-3.18287,0.326253,0.235992,-3.18493,0.342032,0.276958,-3.40258,0.371904,0.276952,-3.40042,0.372006,0.24704,-3.40192,0.342135,0.247046,-3.40408
0.625882,-2.67566,0.687258,-7.66752,872423228,0.326085,0.293632,-3.18245,0.354578,0.293626,-3.18038,0.354689,0.265104,-3.18199,0.326196,0.26511,-3.18406,0.341956,0.307446,-3.40144,0.371828,0.30744,-3.39928,0.371944,0.277538,-3.40096,0.342073,0.277544,-3.40313
-0.00977779,-1.57574,-1.29885,-2.17242,872423302,0.384038,-1.3114,-3.18588,0.38351,-1.33888,-3.1781,0.355031,-1.33897,-3.18035,0.355559,-1.31149,-3.18813,0.402261,-1.37143,-3.39675,0.401708,-1.40025,-3.38859,0.371851,-1.40034,-3.39095,0.372405,-1.37153,-3.39911
-0.0998102,-1.59608,-1.29289,-0.575074,872423303,0.384516,-1.28318,-3.19307,0.384002,-1.31071,-3.18547,0.355523,-1.3108,-3.18772,0.356037,-1.28326,-3.19532,0.402764,-1.34188,-3.40431,0.402225,-1.37074,-3.39634,0.372368,-1.37084,-3.3987,0.372907,-1.34197,-3.40667
-0.00336176,-1.61681,-1.28668,-0.817479,872423304,0.384994,-1.25496,-3.20028,0.384494,-1.28254,-3.19284,0.356014,-1.28263,-3.19509,0.356515,-1.25505,-3.20252,0.403267,-1.31233,-3.41188,0.402742,-1.34124,-3.40409,0.372885,-1.34134,-3.40644,0.37341,-1.31242,-3.41424
0.0124121,-1.63794,-1.28022,-1.0773,872423305,0.385473,-1.22675,-3.20748,0.384986,-1.25437,-3.20022,0.356507,-1.25446,-3.20247,0.356994,-1.22684,-3.20973,0.403769,-1.28278,-3.41944,0.403259,-1.31174,-3.41183,0.373402,-1.31184,-3.41419,0.373912,-1.28288,-3.4218
0.526679,-1.82059,-1.21442,8.35387,872423313,0.384328,-0.97959,-3.18964,0.383932,-1.00755,-3.18378,0.355452,-1.00761,-3.18602,0.355849,-0.979657,-3.19189,0.402742,-1.02487,-3.40415,0.402326,-1.05418,-3.398,0.372469,-1.05425,-3.40035,0.372885,-1.02494,-3.4065
0.417747,-2.84832,0.0421817,0.400586,872423347,0.355188,0.0298764,-3.18117,0.383668,0.0298764,-3.17893,0.383668,0.00130836,-3.17893,0.355188,0.00130836,-3.18117,0.372464,0.0312591,-3.40049,0.402322,0.0312591,-3.39814,0.402322,0.00130914,-3.39814,0.372464,0.00130915,-3.40049
10.6209,-2.84196,0.120443,-0.22295,872423348,0.355177,0.0589946,-3.181,0.383657,0.0589946,-3.17876,0.383671,0.0304272,-3.17894,0.355191,0.0304272,-3.18118,0.372452,0.0617597,-3.40031,0.402309,0.0617597,-3.39796,0.402324,0.0318103,-3.39815,0.372467,0.0318102,-3.4005
2.09561,-2.82972,0.197259,1.40352,872423349,0.355166,0.0881146,-3.18084,0.383646,0.0881146,-3.1786,0.383674,0.0595489,-3.17895,0.355195,0.0595489,-3.1812,0.37244,0.0922618,-3.40013,0.402297,0.0922618,-3.39777,0.402327,0.0623142,-3.39815,0.372469,0.0623142,-3.4005
4.63369,-2.81202,0.271801,0.964885,872423350,0.355156,0.117237,-3.18069,0.383636,0.117237,-3.17844,0.383678,0.0886745,-3.17898,0.355199,0.0886745,-3.18122,0.372427,0.122767,-3.39994,0.402285,0.122767,-3.39759,0.402329,0.092822,-3.39815,0.372471,0.092822,-3.40051
3.11239,-2.78942,0.343386,73.0026,872423351,0.355147,0.146364,-3.18054,0.383626,0.146364,-3.1783,0.383683,0.117805,-3.17901,0.355203,0.117805,-3.18126,0.372415,0.153275,-3.39976,0.402272,0.153275,-3.39741,0.402331,0.123335,-3.39816,0.372474,0.123335,-3.40051
1.96461,-2.76165,0.415124,18.3802,872423352,0.355427,0.177222,-3.18482,0.383907,0.177211,-3.18258,0.383966,0.148657,-3.18347,0.355487,0.148668,-3.18572,0.372697,0.185513,-3.40399,0.402554,0.185501,-3.40164,0.402616,0.155566,-3.40258,0.372759,0.155578,-3.40493
0.435066,-2.73104,0.479162,62.2848,872423353,0.355356,0.20632,-3.18374,0.383835,0.206309,-3.18149,0.383909,0.177761,-3.18257,0.355429,0.177773,-3.18481,0.372621,0.215993,-3.40285,0.402479,0.215981,-3.4005,0.402556,0.186052,-3.40162,0.372698,0.186064,-3.40398
4.13824,-2.69765,0.539233,14.3003,872423354,0.355285,0.235421,-3.18266,0.383764,0.23541,-3.18042,0.383852,0.206869,-3.18167,0.355372,0.20688,-3.18392,0.372546,0.246474,-3.40171,0.402403,0.246462,-3.39936,0.402495,0.216541,-3.40067,0.372637,0.216553,-3.40302
1.39307,-2.66211,0.595305,29.5131,872423355,0.355214,0.264525,-3.1816,0.383694,0.264513,-3.17935,0.383795,0.235981,-3.18079,0.355316,0.235993,-3.18303,0.37247,0.276958,-3.40057,0.402327,0.276946,-3.39822,0.402434,0.247034,-3.39972,0.372576,0.247046,-3.40207
0.367373,-2.62501,0.647447,-15.2083,872423356,0.355144,0.293632,-3.18054,0.383624,0.293621,-3.1783,0.383739,0.265099,-3.17991,0.35526,0.26511,-3.18215,0.372394,0.307446,-3.39943,0.402251,0.307434,-3.39708,0.402373,0.277532,-3.39877,0.372515,0.277544,-3.40112
1.47958,-2.77265,0.0391092,25.947,872423475,0.384252,0.0298764,-3.17928,0.412718,0.0298764,-3.17685,0.412718,0.00130836,-3.17685,0.384252,0.00130836,-3.17928,0.402907,0.0312592,-3.39848,0.432749,0.0312591,-3.39595,0.432749,0.00130914,-3.39595,0.402907,0.00130915,-3.39848
2.1806,-2.76719,0.111736,-12.6599,872423476,0.384241,0.0589946,-3.17911,0.412706,0.0589946,-3.17668,0.412721,0.0304272,-3.17686,0.384256,0.0304272,-3.17929,0.402894,0.0617597,-3.3983,0.432736,0.0617597,-3.39576,0.432752,0.0318102,-3.39595,0.40291,0.0318103,-3.39849
0.498075,-2.75664,0.183207,43.6928,872423477,0.38423,0.0881146,-3.17894,0.412696,0.0881146,-3.17652,0.412726,0.0595489,-3.17688,0.384261,0.0595489,-3.1793,0.402882,0.0922618,-3.39812,0.432724,0.0922618,-3.39558,0.432756,0.0623142,-3.39595,0.402914,0.0623142,-3.39849
-0.751689,-2.74132,0.252845,0.485036,872423478,0.38422,0.117237,-3.17879,0.412685,0.117237,-3.17637,0.412731,0.0886745,-3.1769,0.384266,0.0886745,-3.17933,0.402869,0.122767,-3.39793,0.432711,0.122767,-3.39539,0.432759,0.092822,-3.39596,0.402917,0.092822,-3.3985
0.762374,-2.72166,0.320079,13.6811,872423479,0.384211,0.146364,-3.17865,0.412676,0.146364,-3.17622,0.412737,0.117805,-3.17694,0.384271,0.117805,-3.17936,0.402856,0.153275,-3.39775,0.432698,0.153275,-3.39521,0.432762,0.123335,-3.39596,0.40292,0.123335,-3.3985
0.629066,-2.69747,0.387912,-14.8696,872423480,0.384491,0.177223,-3.18292,0.412956,0.177206,-3.1805,0.413016,0.148652,-3.1814,0.384551,0.148669,-3.18382,0.403139,0.185513,-3.40198,0.432981,0.185495,-3.39944,0.433043,0.15556,-3.40038,0.403201,0.155578,-3.40292
0.210552,-2.67045,0.448881,1.15339,872423481,0.38442,0.206321,-3.18184,0.412885,0.206304,-3.17942,0.412959,0.177756,-3.18049,0.384494,0.177773,-3.18292,0.403063,0.215993,-3.40084,0.432905,0.215975,-3.3983,0.432983,0.186046,-3.39943,0.403141,0.186064,-3.40197
0.383335,-2.64076,0.506493,-0.866684,872423482,0.384349,0.235422,-3.18077,0.412814,0.235405,-3.17834,0.412903,0.206864,-3.1796,0.384438,0.206881,-3.18202,0.402988,0.246474,-3.3997,0.43283,0.246456,-3.39716,0.432924,0.216535,-3.39848,0.403081,0.216553,-3.40102
0.393783,-2.60893,0.56067,1.82521,872423483,0.384278,0.264525,-3.1797,0.412743,0.264508,-3.17728,0.412848,0.235976,-3.17871,0.384383,0.235993,-3.18113,0.402912,0.276958,-3.39856,0.432754,0.27694,-3.39602,0.432864,0.247028,-3.39752,0.403022,0.247046,-3.40006
1.39734,-2.57546,0.611422,35.3321,872423484,0.384208,0.293633,-3.17864,0.412673,0.293616,-3.17622,0.412793,0.265094,-3.17783,0.384328,0.265111,-3.18025,0.402836,0.307446,-3.39742,0.432678,0.307428,-3.39488,0.432804,0.277526,-3.39657,0.402961,0.277544,-3.39911
0.487935,-2.54009,0.661481,42.6652,872423485,0.384727,0.324901,-3.18656,0.413192,0.324867,-3.18414,0.41331,0.296355,-3.18593,0.384845,0.296389,-3.18835,0.403357,0.340091,-3.40525,0.433199,0.340055,-3.40271,0.433323,0.310164,-3.40458,0.403481,0.3102,-3.40712
0.119965,-1.56352,-1.25863,-20.1717,872423558,0.442149,-1.31133,-3.18171,0.441612,-1.33881,-3.17394,0.413162,-1.33899,-3.17653,0.413699,-1.3115,-3.18431,0.463125,-1.37134,-3.39233,0.462562,-1.40016,-3.38418,0.432737,-1.40034,-3.3869,0.4333,-1.37153,-3.39505
-0.164654,-2.70233,0.0364532,0.0471079,872423603,0.413322,0.0298764,-3.17739,0.441771,0.0298764,-3.17479,0.441771,0.00130836,-3.17479,0.413322,0.00130836,-3.17739,0.433354,0.0312592,-3.39648,0.463179,0.0312591,-3.39375,0.463179,0.00130914,-3.39375,0.433354,0.00130915,-3.39648
0.440343,-2.69758,0.104197,-0.135622,872423604,0.413311,0.0589946,-3.17722,0.44176,0.0589946,-3.17462,0.441776,0.0304272,-3.1748,0.413327,0.0304272,-3.1774,0.433341,0.0617596,-3.39629,0.463167,0.0617597,-3.39356,0.463184,0.0318103,-3.39375,0.433358,0.0318102,-3.39648
-0.011888,-2.68839,0.171003,-0.221212,872423605,0.4133,0.0881146,-3.17706,0.441749,0.0881146,-3.17446,0.441782,0.0595489,-3.17481,0.413333,0.0595489,-3.17741,0.433329,0.0922618,-3.39611,0.463154,0.0922618,-3.39338,0.463189,0.0623142,-3.39376,0.433363,0.0623142,-3.39648
-0.256506,-2.67501,0.236311,0.620916,872423606,0.41329,0.117237,-3.1769,0.441739,0.117237,-3.1743,0.441788,0.0886745,-3.17484,0.413339,0.0886745,-3.17744,0.433316,0.122767,-3.39592,0.463141,0.122767,-3.3932,0.463193,0.092822,-3.39376,0.433367,0.092822,-3.39649
-0.391939,-2.65777,0.299641,0.420206,872423607,0.41328,0.146364,-3.17676,0.44173,0.146364,-3.17416,0.441795,0.117805,-3.17487,0.413346,0.117805,-3.17747,0.433303,0.153275,-3.39574,0.463128,0.153275,-3.39301,0.463197,0.123335,-3.39376,0.433371,0.123335,-3.39649
0.893111,-2.63657,0.363894,4.62669,872423608,0.413561,0.177224,-3.18104,0.44201,0.177201,-3.17844,0.442069,0.148647,-3.17933,0.41362,0.14867,-3.18193,0.433586,0.185513,-3.39997,0.463412,0.18549,-3.39724,0.463474,0.155554,-3.39818,0.433648,0.155578,-3.40091
0.649785,-2.61257,0.421976,15.0194,872423609,0.413489,0.206322,-3.17995,0.441939,0.2063,-3.17735,0.442014,0.177752,-3.17843,0.413565,0.177775,-3.18103,0.43351,0.215993,-3.39883,0.463336,0.215969,-3.3961,0.463415,0.186041,-3.39723,0.43359,0.186064,-3.39996
0.291277,-2.58605,0.477203,-16.9169,872423610,0.413418,0.235423,-3.17888,0.441867,0.2354,-3.17628,0.441959,0.20686,-3.17753,0.41351,0.206882,-3.18013,0.433434,0.246474,-3.39769,0.46326,0.246451,-3.39496,0.463356,0.21653,-3.39628,0.433531,0.216553,-3.399
0.668686,-2.55743,0.52947,49.1344,872423611,0.413348,0.264526,-3.17781,0.441797,0.264504,-3.17521,0.441905,0.235972,-3.17664,0.413456,0.235994,-3.17924,0.433358,0.276958,-3.39655,0.463184,0.276935,-3.39383,0.463297,0.247022,-3.39533,0.433472,0.247046,-3.39805
2.57498,-2.52715,0.578747,6.14122,872423612,0.413278,0.293634,-3.17676,0.441727,0.293612,-3.17415,0.441852,0.265089,-3.17576,0.413402,0.265112,-3.17837,0.433282,0.307446,-3.39541,0.463108,0.307422,-3.39269,0.463238,0.27752,-3.39437,0.433413,0.277544,-3.3971
2.94142,-2.49514,0.627716,10.1015,872423613,0.413796,0.324903,-3.18467,0.442246,0.324858,-3.18207,0.442364,0.296346,-3.18386,0.413915,0.296391,-3.18646,0.433804,0.340091,-3.40324,0.463629,0.340044,-3.40051,0.463754,0.310153,-3.40239,0.433928,0.3102,-3.40511
1.32102,-2.63046,0.0969722,19.4846,872423732,0.4454,0.0589946,-3.18957,0.473828,0.0589946,-3.18675,0.473846,0.0304272,-3.18693,0.445418,0.0304272,-3.18975,0.467154,0.0617596,-3.40848,0.496957,0.0617597,-3.40552,0.496976,0.0318103,-3.40571,0.467173,0.0318102,-3.40867
0.820388,-2.57708,0.340411,31.2821,872423736,0.445776,0.177221,-3.19338,0.474204,0.177221,-3.19056,0.474293,0.148667,-3.19145,0.445865,0.148667,-3.19428,0.46752,0.185513,-3.41215,0.497323,0.185513,-3.40919,0.497416,0.155578,-3.41013,0.467613,0.155578,-3.41309
3.11115,-2.55597,0.395543,-3.32709,872423737,0.445668,0.206319,-3.1923,0.474096,0.20632,-3.18948,0.474203,0.177772,-3.19055,0.445775,0.177772,-3.19337,0.467407,0.215992,-3.41102,0.49721,0.215992,-3.40805,0.497322,0.186064,-3.40918,0.467518,0.186064,-3.41214
8.11882,-2.57326,-0.0319016,2.42089,872423858,0.502804,-0.00130834,-3.18387,0.502804,-0.0298763,-3.18387,0.474394,-0.0298764,-3.18687,0.474394,-0.00130837,-3.18687,0.527309,-0.00130913,-3.4025,0.527309,-0.0312591,-3.4025,0.497525,-0.0312592,-3.40565,0.497525,-0.00130916,-3.40565
1.89977,-2.52221,0.321642,7.62653,872423864,0.474753,0.177221,-3.19051,0.503162,0.177216,-3.18751,0.503251,0.148662,-3.1884,0.474841,0.148667,-3.1914,0.497872,0.185513,-3.40914,0.527656,0.185507,-3.40599,0.527749,0.155572,-3.40693,0.497965,0.155578,-3.41008
1.00687,-2.40772,0.565563,26.867,872423869,0.475108,0.324898,-3.19414,0.503518,0.324887,-3.19113,0.503695,0.296375,-3.19292,0.475286,0.296386,-3.19592,0.498198,0.34009,-3.4124,0.527982,0.340078,-3.40925,0.528168,0.310187,-3.41112,0.498384,0.310199,-3.41427
-0.120921,-1.86158,-1.03515,-1.96771,872423957,0.532175,-0.858204,-3.18527,0.531653,-0.886299,-3.18012,0.503263,-0.886355,-3.18331,0.503785,-0.85826,-3.18846,0.557744,-0.89806,-3.40012,0.557197,-0.927514,-3.39472,0.527434,-0.927573,-3.39806,0.527981,-0.898119,-3.40346
0.0147981,-1.88617,-1.01993,-2.73697,872423958,0.532621,-0.829426,-3.18977,0.532119,-0.857553,-3.1848,0.503729,-0.857609,-3.18798,0.504231,-0.829482,-3.19296,0.558215,-0.867922,-3.40487,0.557689,-0.89741,-3.39965,0.527925,-0.897469,-3.40299,0.528452,-0.867981,-3.40821
-0.0495972,-1.91115,-1.00394,-1.24942,872423959,0.533068,-0.800655,-3.19428,0.532586,-0.828813,-3.18948,0.504196,-0.828869,-3.19267,0.504678,-0.800711,-3.19747,0.558686,-0.837789,-3.40961,0.55818,-0.867309,-3.40458,0.528417,-0.867368,-3.40792,0.528923,-0.837848,-3.41295
0.0213332,-1.93652,-0.987138,-1.19394,872423960,0.533516,-0.771889,-3.1988,0.533053,-0.800077,-3.19418,0.504663,-0.800133,-3.19736,0.505126,-0.771945,-3.20198,0.559156,-0.80766,-3.41436,0.558671,-0.837212,-3.40951,0.528908,-0.83727,-3.41285,0.529393,-0.807719,-3.41769
-0.0111592,-1.96226,-0.96947,-1.30262,872423961,0.533964,-0.743127,-3.20332,0.533521,-0.771343,-3.19888,0.505131,-0.7714,-3.20206,0.505574,-0.743183,-3.20651,0.559626,-0.777534,-3.4191,0.559162,-0.807115,-3.41444,0.529399,-0.807174,-3.41778,0.529863,-0.777593,-3.42244
0.4855,-2.5155,0.030117,28.3639,872423987,0.503375,0.0298763,-3.18401,0.531765,0.0298764,-3.18083,0.531765,0.00130837,-3.18083,0.503375,0.00130834,-3.18401,0.52788,0.0312591,-3.40264,0.557644,0.0312592,-3.3993,0.557644,0.00130916,-3.3993,0.52788,0.00130913,-3.40264
2.52704,-2.41259,0.450287,2.98457,872423995,0.503414,0.264524,-3.18443,0.531804,0.264513,-3.18125,0.531953,0.235981,-3.18268,0.503562,0.235993,-3.18586,0.527888,0.276958,-3.40272,0.557652,0.276946,-3.39938,0.557808,0.247034,-3.40088,0.528044,0.247046,-3.40421
1.72025,-2.39001,0.494936,40.7414,872423996,0.503309,0.293632,-3.18338,0.531699,0.293621,-3.1802,0.531868,0.265099,-3.1818,0.503478,0.26511,-3.18498,0.527775,0.307446,-3.40158,0.557538,0.307434,-3.39824,0.557715,0.277532,-3.39993,0.527952,0.277544,-3.40326
0.161988,-1.84665,-1.01094,17.9466,872424085,0.561144,-0.85818,-3.18224,0.560617,-0.886275,-3.17709,0.532248,-0.886359,-3.18045,0.532775,-0.858264,-3.1856,0.588086,-0.898031,-3.39692,0.587534,-0.927486,-3.39152,0.557792,-0.927574,-3.39504,0.558344,-0.89812,-3.40044
0.753137,-1.8705,-0.995362,18.1883,872424086,0.561589,-0.829402,-3.18674,0.561083,-0.857529,-3.18176,0.532714,-0.857613,-3.18512,0.533219,-0.829486,-3.1901,0.588556,-0.867893,-3.40166,0.588025,-0.897381,-3.39645,0.558284,-0.89747,-3.39997,0.558814,-0.867982,-3.40519
-0.0146018,-1.89469,-0.979031,-2.22943,872424087,0.562035,-0.800631,-3.19124,0.56155,-0.828789,-3.18645,0.53318,-0.828873,-3.18981,0.533665,-0.800715,-3.19461,0.589025,-0.837761,-3.40641,0.588517,-0.867281,-3.40138,0.558775,-0.867369,-3.4049,0.559283,-0.837849,-3.40993
0.137334,-1.91922,-0.961897,79.2048,872424088,0.562481,-0.771865,-3.19576,0.562017,-0.800052,-3.19114,0.533648,-0.800137,-3.1945,0.534112,-0.771949,-3.19912,0.589495,-0.807631,-3.41115,0.589008,-0.837183,-3.4063,0.559266,-0.837271,-3.40983,0.559753,-0.80772,-3.41467
0.583824,-1.94407,-0.943909,-1.32552,872424089,0.562928,-0.743103,-3.20028,0.562486,-0.771319,-3.19584,0.534116,-0.771404,-3.1992,0.534559,-0.743187,-3.20365,0.589964,-0.777505,-3.41589,0.589499,-0.807086,-3.41123,0.559757,-0.807175,-3.41476,0.560222,-0.777593,-3.41942
0.692038,-1.8314,-0.987434,35.0195,872424213,0.590118,-0.858157,-3.17921,0.589587,-0.886252,-3.17406,0.561239,-0.886364,-3.17759,0.56177,-0.858269,-3.18274,0.618431,-0.898003,-3.39371,0.617874,-0.927457,-3.38831,0.588155,-0.927575,-3.39202,0.588711,-0.89812,-3.39742
4.29872,-1.85452,-0.971552,3.71563,872424214,0.590562,-0.829379,-3.18371,0.590052,-0.857506,-3.17873,0.561704,-0.857619,-3.18227,0.562214,-0.829492,-3.18724,0.6189,-0.867865,-3.39846,0.618366,-0.897353,-3.39324,0.588647,-0.89747,-3.39695,0.58918,-0.867982,-3.40216
0.469239,-1.87794,-0.954925,22.9128,872424215,0.591006,-0.800608,-3.18821,0.590519,-0.828766,-3.18342,0.562171,-0.828878,-3.18695,0.562658,-0.80072,-3.19175,0.619368,-0.837732,-3.4032,0.618858,-0.867252,-3.39817,0.589138,-0.86737,-3.40188,0.589649,-0.83785,-3.40691
0.805406,-1.90165,-0.937509,13.9456,872424216,0.591452,-0.771842,-3.19273,0.590987,-0.80003,-3.18811,0.562639,-0.800142,-3.19165,0.563104,-0.771954,-3.19627,0.619837,-0.807603,-3.40795,0.619349,-0.837154,-3.4031,0.58963,-0.837272,-3.40681,0.590117,-0.80772,-3.41165
0.262205,-1.92563,-0.919257,2.92138,872424217,0.591898,-0.74308,-3.19726,0.591455,-0.771297,-3.19281,0.563107,-0.771409,-3.19635,0.56355,-0.743193,-3.20079,0.620305,-0.777476,-3.41269,0.61984,-0.807058,-3.40803,0.590121,-0.807176,-3.41174,0.590586,-0.777594,-3.4164
1.24643,-2.22754,0.508496,1.65477,872424382,0.595159,0.353947,-3.19969,0.623479,0.353947,-3.19593,0.623738,0.325448,-3.19789,0.595418,0.325448,-3.20164,0.623988,0.370519,-3.41716,0.653678,0.370519,-3.41323,0.65395,0.34064,-3.41528,0.62426,0.34064,-3.41921
0.559806,-1.7478,-0.950616,1.05944,872424595,0.683269,-0.922366,-3.20412,0.682538,-0.950394,-3.19864,0.654268,-0.950461,-3.20275,0.654998,-0.922433,-3.20823,0.715801,-0.964936,-3.4175,0.715036,-0.99432,-3.41175,0.685397,-0.994391,-3.41606,0.686163,-0.965007,-3.42181
2.37828,-2.26225,-0.110354,0.982713,872424624,0.680487,-0.0595489,-3.18272,0.680436,-0.0881146,-3.18236,0.652165,-0.0881146,-3.18647,0.652216,-0.0595488,-3.18683,0.713493,-0.0623142,-3.40022,0.713439,-0.0922618,-3.39984,0.6838,-0.0922618,-3.40415,0.683855,-0.0623141,-3.40452
0.513759,-1.68816,-0.903305,23.7839,872424978,0.775178,-0.951038,-3.21037,0.774243,-0.97903,-3.20475,0.746061,-0.97903,-3.20943,0.746997,-0.951038,-3.21506,0.811902,-0.99497,-3.4228,0.810921,-1.02432,-3.4169,0.781377,-1.02432,-3.42181,0.782358,-0.99497,-3.42771
1.00958,-2.01225,-0.512574,18.1897,872424996,0.77288,-0.412658,-3.19625,0.772469,-0.441116,-3.19377,0.744287,-0.441116,-3.19845,0.744698,-0.412658,-3.20093,0.81013,-0.431985,-3.41221,0.809699,-0.461819,-3.40962,0.780153,-0.461819,-3.41452,0.780584,-0.431985,-3.41712
1.4152,-2.09965,-0.130054,0.905087,872425135,0.801291,-0.0886746,-3.18952,0.8012,-0.117237,-3.18899,0.773047,-0.117237,-3.19384,0.773139,-0.0886745,-3.19437,0.840026,-0.092822,-3.40605,0.83993,-0.122767,-3.40549,0.810415,-0.122767,-3.41058,0.810511,-0.0928219,-3.41114
1.12939,-1.98667,0.319411,44.4474,872425404,0.830489,0.293633,-3.18421,0.858578,0.293616,-3.179,0.858856,0.265094,-3.18059,0.830767,0.265111,-3.1858,0.870522,0.307446,-3.4001,0.89997,0.307428,-3.39464,0.900261,0.277526,-3.3963,0.870813,0.277544,-3.40176
0.775003,-1.99204,0.150105,31.6561,872425527,0.859236,0.146364,-3.17947,0.887292,0.146364,-3.17409,0.887427,0.117805,-3.17479,0.859371,0.117805,-3.18018,0.900677,0.153275,-3.39543,0.93009,0.153275,-3.38978,0.930232,0.123335,-3.39052,0.900819,0.123335,-3.39617
0.796362,-1.89868,0.384914,0.105705,872425663,0.896016,0.383,-3.20696,0.924031,0.383,-3.20136,0.924452,0.354513,-3.20347,0.896438,0.354513,-3.20907,0.938975,0.400949,-3.42198,0.968345,0.400949,-3.41611,0.968787,0.371084,-3.41832,0.939417,0.371084,-3.42419
0.123036,-1.55756,0.872268,-30.3881,872425687,0.898978,1.10184,-3.2221,0.92699,1.10184,-3.2165,0.928248,1.074,-3.22278,0.900236,1.074,-3.22839,0.941004,1.15253,-3.43203,0.970372,1.15253,-3.42615,0.97169,1.12334,-3.43273,0.942323,1.12334,-3.43861
0.525452,-1.6171,-0.782664,10.2248,872425747,0.956094,-0.922396,-3.21344,0.955008,-0.950424,-3.20802,0.92703,-0.950458,-3.2138,0.928116,-0.92243,-3.21922,1.00115,-0.964971,-3.42453,1.00001,-0.994355,-3.41885,0.97068,-0.99439,-3.42491,0.971818,-0.965006,-3.43059
-0.0203174,-1.54408,0.857074,-1.84926,872425815,0.927532,1.10185,-3.2164,0.955509,1.10181,-3.21062,0.956768,1.07397,-3.2169,0.928791,1.07401,-3.22268,0.970913,1.15253,-3.42604,1.00024,1.15249,-3.41998,1.00156,1.1233,-3.42657,0.972233,1.12334,-3.43263
0.595707,-1.62878,-0.73405,5.71518,872425877,0.981278,-0.858204,-3.19076,0.980254,-0.886299,-3.18569,0.952313,-0.886355,-3.19164,0.953336,-0.85826,-3.19671,1.02777,-0.89806,-3.40207,1.02669,-0.927514,-3.39675,0.9974,-0.927573,-3.40299,0.998473,-0.898119,-3.40831
0.0578766,-1.53059,0.842269,71.1964,872425943,0.95609,1.10185,-3.2107,0.984031,1.10177,-3.20474,0.985291,1.07393,-3.21103,0.95735,1.07401,-3.21698,1.00083,1.15253,-3.42006,1.03012,1.15245,-3.41382,1.03144,1.12326,-3.4204,1.00215,1.12334,-3.42664
0.483502,-1.61208,-0.719594,-8.39817,872426005,1.00981,-0.85818,-3.1849,1.00878,-0.886275,-3.17983,0.980878,-0.886359,-3.18595,0.981906,-0.858264,-3.19102,1.05765,-0.898031,-3.39591,1.05657,-0.927486,-3.39059,1.02732,-0.927574,-3.39701,1.02839,-0.89812,-3.40233
0.0474428,-1.51709,0.827843,-45.1122,872426071,0.984654,1.10186,-3.205,1.01256,1.10174,-3.19888,1.01382,1.0739,-3.20516,0.985915,1.07401,-3.21128,1.03074,1.15253,-3.41407,1.05999,1.15241,-3.40765,1.06132,1.12322,-3.41424,1.03206,1.12334,-3.42066
0.654158,-1.84854,0.072009,19.578,872426165,1.00957,0.0881146,-3.18064,1.03743,0.0881146,-3.17435,1.03751,0.0595488,-3.1747,1.00965,0.0595489,-3.181,1.05806,0.0922618,-3.3952,1.08727,0.0922618,-3.38859,1.08736,0.0623141,-3.38896,1.05814,0.0623142,-3.39557
-0.0566315,-1.51735,0.79996,-1.18533,872426198,1.0145,1.07348,-3.20571,1.04237,1.07333,-3.19942,1.04359,1.04545,-3.20553,1.01573,1.0456,-3.21182,1.062,1.1228,-3.41479,1.09122,1.12264,-3.40819,1.0925,1.09341,-3.41459,1.06329,1.09357,-3.42119
0.0516294,-1.50358,0.813786,-1.91445,872426199,1.01322,1.10186,-3.19932,1.04109,1.10171,-3.19302,1.04235,1.07387,-3.19931,1.01449,1.07402,-3.2056,1.06066,1.15253,-3.40809,1.08987,1.15237,-3.40149,1.0912,1.12318,-3.40807,1.06198,1.12334,-3.41467
0.363181,-1.82373,0.0420981,8.51939,872426292,1.04751,0.0589946,-3.20808,1.07533,0.0589946,-3.20158,1.07537,0.0304272,-3.20176,1.04755,0.0304272,-3.20826,1.09756,0.0617597,-3.4223,1.12673,0.0617597,-3.41548,1.12677,0.0318103,-3.41567,1.09761,0.0318103,-3.42248
-0.0717207,-1.57216,0.705006,-0.64228,872426321,1.05244,0.921886,-3.22941,1.08026,0.921886,-3.2229,1.08147,0.893824,-3.22812,1.05366,0.893824,-3.23463,1.10162,0.964463,-3.43958,1.13079,0.964463,-3.43276,1.13207,0.935044,-3.43822,1.1029,0.935043,-3.44504
-0.0269614,-1.51964,0.766357,-2.26807,872426325,1.04732,1.03619,-3.20756,1.07514,1.03619,-3.20105,1.07652,1.00827,-3.20695,1.0487,1.00827,-3.21346,1.09625,1.08418,-3.41662,1.12541,1.08418,-3.40979,1.12686,1.05491,-3.41597,1.0977,1.05491,-3.4228
0.452388,-1.79752,0.0143067,23.3588,872426419,1.0759,0.0298763,-3.20163,1.10368,0.0298764,-3.19496,1.10368,0.00130837,-3.19496,1.0759,0.00130835,-3.20163,1.12731,0.0312591,-3.41554,1.15643,0.0312592,-3.40854,1.15643,0.00130916,-3.40854,1.12731,0.00130914,-3.41554
0.491233,-1.79681,0.0410047,17.42,872426420,1.07586,0.0589946,-3.20147,1.10364,0.0589946,-3.19479,1.10368,0.0304272,-3.19497,1.07591,0.0304272,-3.20164,1.12727,0.0617596,-3.41536,1.15639,0.0617597,-3.40836,1.15643,0.0318103,-3.40855,1.12731,0.0318102,-3.41555
-0.133465,-1.55618,0.692091,-0.700164,872426449,1.08079,0.921887,-3.22279,1.10857,0.921854,-3.21611,1.10979,0.893792,-3.22132,1.08201,0.893825,-3.228,1.13132,0.964464,-3.43263,1.16044,0.964429,-3.42563,1.16172,0.935009,-3.43109,1.1326,0.935044,-3.4381
-0.0532166,-1.54351,0.707934,0.074643,872426450,1.07951,0.950458,-3.21731,1.10729,0.950424,-3.21063,1.10855,0.922396,-3.21601,1.08077,0.92243,-3.22269,1.12998,0.99439,-3.42689,1.1591,0.994355,-3.41989,1.16042,0.964971,-3.42553,1.1313,0.965006,-3.43254
0.0858413,-1.53078,0.723395,56.0308,872426451,1.07823,0.979032,-3.21184,1.10601,0.978998,-3.20516,1.10731,0.951005,-3.21072,1.07953,0.951039,-3.2174,1.12864,1.02432,-3.42115,1.15776,1.02428,-3.41415,1.15912,0.994935,-3.41997,1.13,0.994971,-3.42698
0.0951114,-1.518,0.738482,49.2914,872426452,1.07695,1.00761,-3.20638,1.10473,1.00758,-3.1997,1.10607,0.97962,-3.20543,1.0783,0.979654,-3.21211,1.12729,1.05425,-3.41541,1.15641,1.05421,-3.40841,1.15782,1.0249,-3.41441,1.1287,1.02494,-3.42141
-0.112623,-1.50519,0.7532,-2.076,872426453,1.07568,1.03619,-3.20093,1.10345,1.03616,-3.19425,1.10484,1.00824,-3.20015,1.07706,1.00828,-3.20683,1.12595,1.08418,-3.40967,1.15507,1.08415,-3.40267,1.15652,1.05488,-3.40885,1.1274,1.05491,-3.41585
1.43151,-1.55072,-0.662332,-2.20597,872426517,1.13298,-0.858204,-3.19253,1.1318,-0.886299,-3.18749,1.10406,-0.886355,-3.19434,1.10525,-0.85826,-3.19938,1.1863,-0.89806,-3.40222,1.18505,-0.927514,-3.39694,1.15598,-0.927573,-3.40412,1.15722,-0.898119,-3.4094
0.630957,-1.57202,0.551658,23.4548,872426827,1.16082,0.737337,-3.18116,1.18847,0.737247,-3.17396,1.18946,0.709004,-3.17814,1.16182,0.709094,-3.18533,1.21567,0.771742,-3.39142,1.24465,0.771648,-3.38388,1.2457,0.742037,-3.38825,1.21671,0.742132,-3.3958
0.387718,-1.54066,0.526823,-0.46573,872427083,1.229,0.737328,-3.20455,1.25655,0.737305,-3.19698,1.25767,0.709061,-3.20112,1.23012,0.709084,-3.20869,1.2866,0.77174,-3.41407,1.31548,0.771717,-3.40614,1.31665,0.742107,-3.41048,1.28777,0.74213,-3.41842
0.554739,1.50212,3.03212,34.0607,872431800,-1.46872,0.177224,3.18697,-1.49585,0.177201,3.17801,-1.49611,0.148647,3.17887,-1.46898,0.14867,3.18783,-1.53764,0.185513,3.39574,-1.56608,0.18549,3.38635,-1.56636,0.155554,3.38725,-1.53792,0.155578,3.39664
1.23706,1.56149,-2.89882,0.349319,872432295,-1.38557,-0.325448,3.21581,-1.385,-0.353947,3.21392,-1.35766,-0.353947,3.22219,-1.35823,-0.325448,3.22408,-1.45044,-0.34064,3.42548,-1.44985,-0.370519,3.4235,-1.42118,-0.370519,3.43218,-1.42178,-0.34064,3.43416
0.358105,1.48894,2.64284,12.2012,872432459,-1.31342,0.737337,3.182,-1.34082,0.737247,3.17392,-1.34195,0.709003,3.17806,-1.31455,0.709094,3.18614,-1.375,0.771742,3.39039,-1.40373,0.771648,3.38191,-1.40491,0.742037,3.38625,-1.37619,0.742132,3.39473
0.535949,1.62587,2.90229,7.63245,872432701,-1.25922,0.324899,3.20473,-1.28672,0.324876,3.19699,-1.28718,0.296365,3.19872,-1.25968,0.296387,3.20646,-1.31869,0.34009,3.416,-1.34752,0.340067,3.40788,-1.34801,0.310176,3.4097,-1.31918,0.310199,3.41781
1.39371,1.72886,-2.95112,6.79178,872433195,-1.16095,-0.206864,3.18407,-1.16066,-0.235405,3.18285,-1.13297,-0.235422,3.18987,-1.13326,-0.206881,3.1911,-1.21634,-0.216535,3.39677,-1.21603,-0.246456,3.39549,-1.187,-0.246474,3.40285,-1.18731,-0.216553,3.40413
0.343566,1.73312,-2.97573,11.567,872433196,-1.16115,-0.177756,3.18495,-1.1609,-0.206304,3.1839,-1.13321,-0.206321,3.19092,-1.13346,-0.177773,3.19197,-1.21655,-0.186046,3.3977,-1.21629,-0.215975,3.3966,-1.18726,-0.215993,3.40397,-1.18752,-0.186064,3.40506
0.950692,1.66163,-2.66686,1.98273,872433311,-1.13262,-0.560569,3.19085,-1.13183,-0.588933,3.18753,-1.1041,-0.588967,3.19439,-1.10488,-0.560602,3.1977,-1.18637,-0.586765,3.40257,-1.18555,-0.616502,3.3991,-1.15647,-0.616538,3.40628,-1.1573,-0.586801,3.40975
0.981212,2.10363,-3.04807,39.1007,872434736,-0.801286,-0.0595489,3.1895,-0.801225,-0.0881146,3.18914,-0.773072,-0.0881146,3.194,-0.773133,-0.0595488,3.19435,-0.840024,-0.0623142,3.40604,-0.83996,-0.0922618,3.40567,-0.810445,-0.0922618,3.41076,-0.810509,-0.0623141,3.41113
0.985685,2.13809,-2.72196,-7.77432,872435112,-0.710517,-0.296355,3.18773,-0.710281,-0.324867,3.18595,-0.682037,-0.324901,3.19024,-0.682272,-0.296389,3.19202,-0.744845,-0.310164,3.4046,-0.744598,-0.340055,3.40274,-0.714987,-0.340091,3.40723,-0.715234,-0.3102,3.40909
1.36943,2.15261,-2.75951,1.19938,872435113,-0.709469,-0.265094,3.17968,-0.709243,-0.293616,3.17809,-0.680999,-0.293633,3.18237,-0.681224,-0.265111,3.18397,-0.7438,-0.277526,3.39664,-0.743563,-0.307428,3.39496,-0.713952,-0.307446,3.39946,-0.714189,-0.277544,3.40113
0.894317,2.26603,3.07459,-5.07395,872435252,-0.652186,0.0589946,3.18663,-0.680457,0.0589946,3.18252,-0.680483,0.0304272,3.1827,-0.652212,0.0304272,3.18681,-0.683825,0.0617597,3.40433,-0.713464,0.0617596,3.40003,-0.713491,0.0318102,3.40021,-0.683852,0.0318103,3.40452
1.23434,1.89164,2.31544,5.34628,872435275,-0.652092,0.73733,3.18613,-0.680362,0.737285,3.18202,-0.680936,0.709041,3.18627,-0.652665,0.709086,3.19038,-0.68341,0.771741,3.40116,-0.713048,0.771694,3.39685,-0.713649,0.742084,3.40131,-0.684011,0.742131,3.40562
0.562501,2.20975,-2.68883,21.2801,872435368,-0.65282,-0.296375,3.1957,-0.652585,-0.324887,3.19392,-0.624289,-0.324898,3.19785,-0.624524,-0.296386,3.19963,-0.684414,-0.310187,3.41298,-0.684167,-0.340078,3.41112,-0.654502,-0.34009,3.41524,-0.654749,-0.310199,3.4171
0.779323,2.30626,3.02629,12.5468,872435381,-0.623293,0.0881146,3.19028,-0.651589,0.0881146,3.18635,-0.651639,0.0595489,3.1867,-0.623343,0.0595489,3.19064,-0.65356,0.0922618,3.40815,-0.683225,0.0922618,3.40403,-0.683277,0.0623141,3.4044,-0.653612,0.0623142,3.40853
1.42632,2.20975,2.68883,-0.226854,872435389,-0.624289,0.324898,3.19785,-0.652585,0.324887,3.19392,-0.65282,0.296375,3.1957,-0.624524,0.296386,3.19963,-0.654502,0.34009,3.41524,-0.684167,0.340078,3.41112,-0.684414,0.310187,3.41298,-0.654749,0.310199,3.4171
0.909532,2.19152,2.65253,0.359666,872435390,-0.624026,0.353948,3.19587,-0.652322,0.353937,3.19194,-0.652582,0.325437,3.19389,-0.624286,0.325448,3.19782,-0.654226,0.370519,3.41316,-0.683891,0.370507,3.40904,-0.684164,0.340629,3.41109,-0.654499,0.34064,3.41521
1.24852,2.40146,-3.014,50.8906,872435632,-0.589711,-0.0595489,3.17479,-0.589666,-0.0881146,3.17444,-0.561319,-0.0881146,3.17798,-0.561363,-0.0595489,3.17833,-0.618333,-0.0623142,3.39291,-0.618286,-0.0922618,3.39254,-0.588567,-0.0922618,3.39625,-0.588613,-0.0623142,3.39662
1.46207,2.39398,2.96457,14.5445,872435638,-0.561303,0.117237,3.17782,-0.589651,0.117237,3.17429,-0.589718,0.0886746,3.17482,-0.56137,0.0886745,3.17836,-0.588548,0.122767,3.39607,-0.618267,0.122767,3.39236,-0.618337,0.092822,3.39292,-0.588618,0.0928219,3.39663
0.899682,2.30564,2.68971,-3.67935,872435644,-0.561286,0.293634,3.17768,-0.589634,0.293612,3.17414,-0.589811,0.265089,3.17574,-0.561463,0.265112,3.17928,-0.588497,0.307446,3.39555,-0.618216,0.307422,3.39184,-0.618403,0.27752,3.39353,-0.588683,0.277544,3.39724
1.73549,1.94407,-2.19768,2.66738,872435737,-0.562928,-0.743103,3.20028,-0.562486,-0.771319,3.19584,-0.534116,-0.771404,3.1992,-0.534559,-0.743187,3.20365,-0.589964,-0.777505,3.41589,-0.589499,-0.807086,3.41123,-0.559757,-0.807175,3.41476,-0.560222,-0.777593,3.41942
1.26512,2.4333,2.90446,20.4592,872435767,-0.532297,0.146364,3.18053,-0.560667,0.146364,3.17717,-0.560752,0.117805,3.17788,-0.532382,0.117805,3.18124,-0.558165,0.153275,3.39889,-0.587907,0.153275,3.39537,-0.587996,0.123335,3.39612,-0.558254,0.123335,3.39964
0.853424,2.41997,2.85206,15.9425,872435768,-0.532719,0.177223,3.18479,-0.561088,0.177206,3.18143,-0.561177,0.148652,3.18233,-0.532808,0.148669,3.18569,-0.558587,0.185513,3.40311,-0.588329,0.185495,3.39959,-0.588422,0.15556,3.40053,-0.55868,0.155578,3.40405
2.36305,2.34716,2.66908,-3.63838,872435772,-0.532294,0.293633,3.18052,-0.560664,0.293616,3.17716,-0.560837,0.265094,3.17877,-0.532467,0.265111,3.18213,-0.558133,0.307446,3.39857,-0.587875,0.307428,3.39504,-0.588057,0.277526,3.39673,-0.558315,0.277544,3.40025
0.909876,2.3251,2.6254,20.9665,872435773,-0.533074,0.324901,3.18842,-0.561444,0.324867,3.18506,-0.561621,0.296355,3.18684,-0.533252,0.296389,3.1902,-0.558913,0.340091,3.40637,-0.588655,0.340055,3.40285,-0.588841,0.310164,3.40472,-0.559099,0.3102,3.40824
0.614039,2.51227,3.05542,28.1478,872435892,-0.503358,0.0589946,3.18384,-0.531748,0.0589946,3.18066,-0.531768,0.0304272,3.18084,-0.503378,0.0304272,3.18402,-0.527862,0.0617597,3.40246,-0.557626,0.0617597,3.39912,-0.557647,0.0318103,3.39931,-0.527883,0.0318103,3.40264
0.872903,2.50598,2.99989,10.3585,872435893,-0.503342,0.0881146,3.18368,-0.531732,0.0881146,3.1805,-0.531772,0.0595489,3.18085,-0.503382,0.0595488,3.18403,-0.527844,0.0922618,3.40227,-0.557607,0.0922618,3.39894,-0.557649,0.0623142,3.39931,-0.527886,0.0623141,3.40265
1.19562,2.03397,-2.18449,35.4203,872435995,-0.503496,-0.680156,3.19106,-0.503085,-0.708426,3.18697,-0.474676,-0.708449,3.18998,-0.475086,-0.680178,3.19407,-0.527808,-0.711834,3.40741,-0.527378,-0.741472,3.40312,-0.497594,-0.741495,3.40628,-0.498025,-0.711858,3.41057
5.0379,2.50325,-2.76731,-5.99112,872436012,-0.503163,-0.177766,3.1875,-0.503055,-0.206314,3.18643,-0.474645,-0.20632,3.18943,-0.474753,-0.177772,3.1905,-0.527656,-0.186058,3.40598,-0.527543,-0.215987,3.40485,-0.497759,-0.215993,3.408,-0.497872,-0.186064,3.40913
0.970743,2.55597,2.74605,9.95796,872436153,-0.445668,0.206319,3.1923,-0.474096,0.20632,3.18948,-0.474203,0.177772,3.19055,-0.445775,0.177772,3.19337,-0.467407,0.215992,3.41102,-0.49721,0.215992,3.40805,-0.497322,0.186064,3.40918,-0.467518,0.186064,3.41214
0.129985,2.26082,-2.26248,-29.492,872436257,-0.442304,-0.502537,3.18293,-0.442093,-0.530942,3.17989,-0.413644,-0.53101,3.18249,-0.413854,-0.502604,3.18553,-0.463649,-0.52598,3.40064,-0.463428,-0.555759,3.39745,-0.433603,-0.55583,3.40018,-0.433823,-0.526051,3.40336
0.740195,2.29424,-2.29118,-1.13588,872436258,-0.442479,-0.473543,3.18565,-0.442285,-0.501966,3.18279,-0.413836,-0.502034,3.18539,-0.41403,-0.47361,3.18825,-0.463834,-0.495611,3.4035,-0.463631,-0.52541,3.4005,-0.433805,-0.525481,3.40323,-0.434009,-0.495682,3.40623
5.30825,2.32792,-2.32187,-1.04373,872436259,-0.442655,-0.444552,3.18837,-0.442478,-0.472994,3.18569,-0.414028,-0.473061,3.18829,-0.414206,-0.44462,3.19097,-0.464019,-0.465245,3.40636,-0.463833,-0.495062,3.40355,-0.434007,-0.495133,3.40627,-0.434194,-0.465316,3.40909
1.4428,2.36177,-2.35703,2.39042,872436260,-0.441904,-0.412619,3.17665,-0.441721,-0.441076,3.17414,-0.413271,-0.441121,3.17674,-0.413455,-0.412664,3.17925,-0.463265,-0.431939,3.39476,-0.463073,-0.461773,3.39213,-0.433247,-0.46182,3.39486,-0.43344,-0.431986,3.39748
-0.473768,2.39559,-2.39241,-0.113005,872436261,-0.442019,-0.383543,3.17844,-0.441851,-0.412016,3.17611,-0.413402,-0.412061,3.17871,-0.413569,-0.383588,3.18104,-0.463388,-0.401486,3.39667,-0.463212,-0.431336,3.39423,-0.433386,-0.431383,3.39695,-0.433562,-0.401533,3.39939
1.28927,2.68839,-2.97059,82.2208,872436272,-0.441782,-0.0595489,3.17481,-0.441749,-0.0881146,3.17446,-0.4133,-0.0881146,3.17706,-0.413333,-0.0595489,3.17741,-0.463189,-0.0623142,3.39376,-0.463154,-0.0922618,3.39338,-0.433329,-0.0922618,3.39611,-0.433363,-0.0623142,3.39648
1.05752,2.65777,2.84195,53.5435,872436279,-0.41328,0.146364,3.17676,-0.44173,0.146364,3.17416,-0.441795,0.117805,3.17487,-0.413346,0.117805,3.17747,-0.433303,0.153275,3.39574,-0.463128,0.153275,3.39301,-0.463197,0.123335,3.39376,-0.433371,0.123335,3.39649
2.30133,2.55743,2.61212,1.53186,872436283,-0.413348,0.264526,3.17781,-0.441797,0.264504,3.17521,-0.441905,0.235972,3.17664,-0.413456,0.235994,3.17924,-0.433358,0.276958,3.39655,-0.463184,0.276935,3.39383,-0.463297,0.247022,3.39533,-0.433472,0.247046,3.39805
0.639275,1.54689,1.87549,8.32708,872436320,-0.415339,1.38057,3.2095,-0.443789,1.38037,3.2069,-0.44432,1.35293,3.21486,-0.415871,1.35313,3.21745,-0.434922,1.44325,3.41947,-0.464747,1.44304,3.41675,-0.465305,1.41427,3.42509,-0.435479,1.41448,3.42781
0.419304,2.28828,-2.22818,51.8704,872436385,-0.413248,-0.50255,3.185,-0.41304,-0.530956,3.18196,-0.384575,-0.531006,3.18438,-0.384783,-0.502601,3.18742,-0.433216,-0.525997,3.40284,-0.432998,-0.555777,3.39965,-0.403156,-0.55583,3.40219,-0.403374,-0.52605,3.40538
0.727392,2.32365,-2.25652,29.3267,872436386,-0.413424,-0.473556,3.18772,-0.413232,-0.50198,3.18486,-0.384766,-0.502031,3.18728,-0.384959,-0.473607,3.19014,-0.433402,-0.495628,3.4057,-0.4332,-0.525427,3.4027,-0.403358,-0.52548,3.40524,-0.40356,-0.495682,3.40824
1.25619,2.35945,-2.28693,-4.23852,872436387,-0.413601,-0.444566,3.19044,-0.413424,-0.473007,3.18776,-0.384959,-0.473058,3.19018,-0.385136,-0.444617,3.19287,-0.433589,-0.465262,3.40856,-0.433402,-0.495079,3.40575,-0.40356,-0.495133,3.40829,-0.403746,-0.465315,3.4111
-0.256073,2.39582,-2.32186,-1.15488,872436388,-0.412846,-0.412628,3.17871,-0.412667,-0.441085,3.17621,-0.384202,-0.441119,3.17863,-0.384381,-0.412661,3.18114,-0.43283,-0.43195,3.39696,-0.432643,-0.461784,3.39433,-0.402801,-0.46182,3.39687,-0.402988,-0.431986,3.3995
-0.259864,2.43211,-2.35725,0.401336,872436389,-0.412961,-0.383552,3.18051,-0.412797,-0.412025,3.17818,-0.384332,-0.412059,3.1806,-0.384496,-0.383586,3.18293,-0.432954,-0.401497,3.39886,-0.432782,-0.431348,3.39643,-0.40294,-0.431383,3.39897,-0.403112,-0.401533,3.4014
1.98614,2.60893,-2.58092,17.9754,872436394,-0.412848,-0.235976,3.17871,-0.412743,-0.264508,3.17728,-0.384278,-0.264525,3.1797,-0.384383,-0.235993,3.18113,-0.432864,-0.247028,3.39752,-0.432754,-0.27694,3.39602,-0.402912,-0.276958,3.39856,-0.403022,-0.247046,3.40006
2.86442,2.64076,-2.6351,6.04204,872436395,-0.412903,-0.206864,3.1796,-0.412814,-0.235405,3.17834,-0.384349,-0.235422,3.18077,-0.384438,-0.206881,3.18202,-0.432924,-0.216535,3.39848,-0.43283,-0.246456,3.39716,-0.402988,-0.246474,3.3997,-0.403081,-0.216553,3.40102
1.92772,2.75664,-2.95839,52.7097,872436400,-0.412726,-0.0595489,3.17688,-0.412696,-0.0881146,3.17652,-0.38423,-0.0881146,3.17894,-0.384261,-0.0595489,3.1793,-0.432756,-0.0623142,3.39595,-0.432724,-0.0922618,3.39558,-0.402882,-0.0922618,3.39812,-0.402914,-0.0623142,3.39849
1.58863,2.75664,2.95839,24.5872,872436405,-0.38423,0.0881146,3.17894,-0.412696,0.0881146,3.17652,-0.412726,0.0595489,3.17688,-0.384261,0.0595489,3.1793,-0.402882,0.0922618,3.39812,-0.432724,0.0922618,3.39558,-0.432756,0.0623142,3.39595,-0.402914,0.0623142,3.39849
2.00326,2.72166,2.82151,33.4307,872436407,-0.384211,0.146364,3.17865,-0.412676,0.146364,3.17622,-0.412737,0.117805,3.17694,-0.384271,0.117805,3.17936,-0.402856,0.153275,3.39775,-0.432698,0.153275,3.39521,-0.432762,0.123335,3.39596,-0.40292,0.123335,3.3985
0.378581,1.55286,1.85603,6.58125,872436448,-0.386271,1.38056,3.21141,-0.414736,1.38041,3.20899,-0.415267,1.35297,3.21694,-0.386803,1.35312,3.21936,-0.404476,1.44324,3.4215,-0.434318,1.44309,3.41897,-0.434875,1.41433,3.4273,-0.405033,1.41448,3.42984
-0.3138,2.24256,-2.14212,-0.61067,872436511,-0.383843,-0.560569,3.18167,-0.383609,-0.588933,3.17827,-0.355129,-0.588967,3.18052,-0.355363,-0.560602,3.18391,-0.402412,-0.586765,3.39931,-0.402167,-0.616502,3.39576,-0.37231,-0.616538,3.39811,-0.372555,-0.586801,3.40167
0.0374713,2.27855,-2.16615,-0.244806,872436512,-0.384019,-0.531564,3.18437,-0.383799,-0.559949,3.18115,-0.35532,-0.559983,3.1834,-0.35554,-0.531598,3.18661,-0.4026,-0.556388,3.40218,-0.40237,-0.586146,3.3988,-0.372512,-0.586182,3.40116,-0.372743,-0.556423,3.40453
0.236722,2.31527,-2.19197,25.5644,872436513,-0.384196,-0.502565,3.18708,-0.383991,-0.53097,3.18404,-0.355511,-0.531004,3.18628,-0.355717,-0.502599,3.18932,-0.402787,-0.526015,3.40504,-0.402572,-0.555794,3.40185,-0.372714,-0.555829,3.4042,-0.37293,-0.52605,3.40739
0.735875,2.35267,-2.21977,11.1348,872436514,-0.384374,-0.473571,3.18979,-0.384182,-0.501995,3.18693,-0.355703,-0.502028,3.18918,-0.355894,-0.473605,3.19204,-0.402975,-0.495646,3.4079,-0.402774,-0.525445,3.4049,-0.372916,-0.52548,3.40725,-0.373117,-0.495681,3.41025
0.141393,2.39069,-2.24974,61.0583,872436515,-0.384552,-0.44458,3.19252,-0.384375,-0.473022,3.18984,-0.355895,-0.473055,3.19208,-0.356073,-0.444614,3.19476,-0.403162,-0.46528,3.41076,-0.402976,-0.495097,3.40794,-0.373118,-0.495132,3.4103,-0.373304,-0.465315,3.41311
-0.149358,2.42973,-2.28422,-0.271689,872436516,-0.383792,-0.412637,3.18079,-0.383618,-0.441095,3.17829,-0.355138,-0.441117,3.18053,-0.355313,-0.41266,3.18303,-0.4024,-0.431962,3.39915,-0.402216,-0.461796,3.39653,-0.372359,-0.46182,3.39888,-0.372542,-0.431985,3.40151
-0.269558,2.46867,-2.31944,-0.086098,872436517,-0.383909,-0.383562,3.18258,-0.383748,-0.412034,3.18026,-0.355268,-0.412057,3.1825,-0.355429,-0.383584,3.18483,-0.402524,-0.401509,3.40106,-0.402356,-0.431359,3.39862,-0.372498,-0.431383,3.40098,-0.372666,-0.401533,3.40341
-0.138284,2.50784,-2.3575,0.594396,872436518,-0.384026,-0.354492,3.18438,-0.383879,-0.382979,3.18223,-0.355399,-0.383001,3.18448,-0.355546,-0.354514,3.18662,-0.402648,-0.371061,3.40297,-0.402494,-0.400926,3.40072,-0.372637,-0.40095,3.40307,-0.372791,-0.371085,3.40532
0.361693,2.547,-2.39866,-4.41649,872436519,-0.384143,-0.325427,3.18619,-0.384011,-0.353926,3.18422,-0.355531,-0.353949,3.18646,-0.355663,-0.325449,3.18843,-0.402772,-0.340617,3.40488,-0.402633,-0.370496,3.40281,-0.372776,-0.370519,3.40516,-0.372915,-0.340641,3.40723
-0.0724346,2.58588,-2.44315,0.362266,872436520,-0.384261,-0.296365,3.188,-0.384142,-0.324876,3.18621,-0.355663,-0.324899,3.18846,-0.355781,-0.296387,3.19025,-0.402896,-0.310176,3.40678,-0.402772,-0.340067,3.40491,-0.372915,-0.34009,3.40726,-0.373039,-0.3102,3.40914
1.11913,2.69765,2.60236,4.12626,872436538,-0.355285,0.235421,3.18266,-0.383764,0.23541,3.18042,-0.383852,0.206869,3.18167,-0.355372,0.20688,3.18392,-0.372546,0.246474,3.40171,-0.402403,0.246462,3.39936,-0.402495,0.216541,3.40067,-0.372637,0.216553,3.40302
-0.290934,2.26526,-2.10552,-0.835097,872436639,-0.354792,-0.560584,3.18375,-0.354563,-0.588948,3.18036,-0.32607,-0.588965,3.18242,-0.326299,-0.560601,3.18582,-0.371984,-0.586783,3.40151,-0.371744,-0.61652,3.39795,-0.341872,-0.616537,3.40012,-0.342113,-0.5868,3.40368
0.48386,2.30299,-2.12874,17.5798,872436640,-0.35497,-0.531579,3.18645,-0.354754,-0.559964,3.18324,-0.326261,-0.559981,3.1853,-0.326477,-0.531596,3.18852,-0.372173,-0.556405,3.40437,-0.371946,-0.586164,3.401,-0.342074,-0.586181,3.40317,-0.342301,-0.556423,3.40654
0.945577,2.50506,-2.27877,19.3724,872436645,-0.35486,-0.383572,3.18467,-0.354702,-0.412045,3.18234,-0.326209,-0.412056,3.18441,-0.326366,-0.383583,3.18673,-0.372097,-0.40152,3.40326,-0.371932,-0.431371,3.40082,-0.34206,-0.431382,3.40299,-0.342225,-0.401532,3.40542
0.278222,2.54731,-2.31662,-0.536468,872436646,-0.354978,-0.354502,3.18647,-0.354833,-0.382989,3.18432,-0.32634,-0.383,3.18638,-0.326484,-0.354513,3.18853,-0.372222,-0.371073,3.40517,-0.372071,-0.400937,3.40292,-0.342199,-0.400949,3.40508,-0.34235,-0.371084,3.40733
-0.384833,2.58982,-2.3578,0.392506,872436647,-0.355096,-0.325437,3.18827,-0.354965,-0.353937,3.1863,-0.326472,-0.353948,3.18837,-0.326603,-0.325448,3.19034,-0.372347,-0.340629,3.40707,-0.372209,-0.370507,3.40501,-0.342338,-0.370519,3.40717,-0.342475,-0.34064,3.40924
0.70769,2.63233,-2.40262,43.7855,872436648,-0.355215,-0.296375,3.19009,-0.355097,-0.324887,3.1883,-0.326604,-0.324898,3.19036,-0.326722,-0.296386,3.19215,-0.372472,-0.310187,3.40898,-0.372348,-0.340078,3.4071,-0.342476,-0.34009,3.40927,-0.3426,-0.310199,3.41115
0.462318,1.54894,-1.7916,15.5604,872436740,-0.327591,-1.38107,3.21514,-0.327048,-1.40846,3.20701,-0.298543,-1.40846,3.20892,-0.299086,-1.38107,3.21704,-0.343037,-1.44377,3.42545,-0.342468,-1.47248,3.41693,-0.312585,-1.47248,3.41893,-0.313154,-1.44377,3.42745
-0.194305,2.28709,-2.06727,67.1605,872436767,-0.325745,-0.5606,3.18585,-0.32552,-0.588965,3.18245,-0.297014,-0.588965,3.18434,-0.297239,-0.5606,3.18773,-0.341558,-0.5868,3.40371,-0.341322,-0.616537,3.40015,-0.311438,-0.616537,3.40213,-0.311673,-0.5868,3.40569
-0.209792,2.32657,-2.08951,0.784876,872436768,-0.325923,-0.531595,3.18855,-0.32571,-0.559981,3.18533,-0.297205,-0.559981,3.18722,-0.297418,-0.531595,3.19043,-0.341747,-0.556422,3.40657,-0.341524,-0.586181,3.4032,-0.311639,-0.586181,3.40518,-0.311863,-0.556422,3.40855
0.398177,2.541,-2.23507,9.21782,872436773,-0.325813,-0.383583,3.18676,-0.325659,-0.412055,3.18443,-0.297153,-0.412055,3.18632,-0.297307,-0.383583,3.18865,-0.341671,-0.401532,3.40546,-0.34151,-0.431382,3.40302,-0.311625,-0.431382,3.405,-0.311786,-0.401532,3.40743
0.0222267,2.58654,-2.27239,-0.43612,872436774,-0.325932,-0.354513,3.18856,-0.32579,-0.383,3.18641,-0.297284,-0.383,3.1883,-0.297426,-0.354513,3.19045,-0.341797,-0.371084,3.40736,-0.341648,-0.400949,3.40511,-0.311764,-0.400949,3.40709,-0.311913,-0.371084,3.40934
1.37551,2.63269,-2.31329,-1.40005,872436775,-0.326052,-0.325448,3.19037,-0.325921,-0.353947,3.1884,-0.297416,-0.353947,3.19028,-0.297546,-0.325448,3.19225,-0.341923,-0.34064,3.40927,-0.341787,-0.370519,3.40721,-0.311902,-0.370519,3.40918,-0.312039,-0.34064,3.41125
0.133935,2.67917,-2.35815,65.0671,872436776,-0.326172,-0.296386,3.19218,-0.326053,-0.324897,3.19039,-0.297548,-0.324897,3.19228,-0.297666,-0.296386,3.19407,-0.34205,-0.310199,3.41118,-0.341925,-0.34009,3.4093,-0.312041,-0.34009,3.41128,-0.312165,-0.310199,3.41315
1.47456,2.86077,-2.58916,-0.888785,872436780,-0.325817,-0.177772,3.18674,-0.325746,-0.206319,3.18567,-0.297241,-0.206319,3.18756,-0.297312,-0.177772,3.18863,-0.341707,-0.186064,3.40602,-0.341632,-0.215992,3.40489,-0.311747,-0.215992,3.40687,-0.311822,-0.186064,3.40799
1.87698,2.83204,2.30254,-7.30031,872437052,-0.236587,0.293633,3.17675,-0.265116,0.293616,3.17527,-0.265183,0.265094,3.17688,-0.236654,0.265111,3.17837,-0.247982,0.307446,3.39603,-0.277892,0.307428,3.39447,-0.277962,0.277526,3.39616,-0.248052,0.277544,3.39772
8.53887,2.81824,2.19137,-2.65044,872437181,-0.207733,0.324899,3.18562,-0.236272,0.324876,3.18432,-0.236331,0.296365,3.18611,-0.207793,0.296387,3.18741,-0.217753,0.34009,3.40487,-0.247672,0.340067,3.4035,-0.247734,0.310176,3.40538,-0.217815,0.310199,3.40675
2.77539,2.73204,-2.05256,0.639898,872437286,-0.207114,-0.354502,3.1836,-0.207041,-0.382989,3.18145,-0.178495,-0.383,3.18258,-0.178568,-0.354513,3.18473,-0.21713,-0.371073,3.40276,-0.217053,-0.400938,3.4005,-0.187126,-0.400949,3.40168,-0.187203,-0.371084,3.40393
0.840817,2.08975,-1.77655,54.0417,872437400,-0.178402,-0.771941,3.19733,-0.178248,-0.800129,3.19269,-0.149696,-0.800129,3.19364,-0.14985,-0.771941,3.19828,-0.187001,-0.807718,3.41424,-0.186839,-0.837269,3.40937,-0.156906,-0.837269,3.41037,-0.157068,-0.807718,3.41523
1.12715,2.638,-1.93673,11.5236,872437412,-0.177896,-0.412658,3.18114,-0.177813,-0.441116,3.17863,-0.149261,-0.441116,3.17958,-0.149344,-0.412658,3.18209,-0.186523,-0.431985,3.40013,-0.186436,-0.461819,3.3975,-0.156503,-0.461819,3.39849,-0.15659,-0.431985,3.40112
2.47729,2.75794,-1.75574,-4.37201,872437797,-0.0887108,-0.383562,3.17876,-0.0887039,-0.412034,3.17643,-0.0601382,-0.412057,3.17679,-0.060145,-0.383584,3.17912,-0.0928692,-0.401509,3.39799,-0.092862,-0.431359,3.39555,-0.0629143,-0.431383,3.39593,-0.0629216,-0.401533,3.39837
1.51318,2.92433,-1.70337,-7.12874,872437927,-0.0595854,-0.325437,3.18254,-0.0595842,-0.353937,3.18057,-0.0310168,-0.353948,3.18075,-0.0310179,-0.325448,3.18272,-0.0623613,-0.340629,3.402,-0.0623601,-0.370507,3.39993,-0.0324107,-0.370519,3.40012,-0.0324119,-0.34064,3.40219
0.509936,1.54844,-1.5595,16.9219,872438147,0.00178754,-1.43638,3.19113,0.0303555,-1.43638,3.19111,0.0303616,-1.40904,3.19942,0.00179357,-1.40904,3.19944,0.00194058,-1.50172,3.4012,0.0318906,-1.50172,3.40118,0.0318969,-1.47307,3.4099,0.00194691,-1.47307,3.40992
0.531991,1.74638,1.5313,11.5467,872438361,0.059522,1.13082,3.18773,0.0595156,1.15858,3.18098,0.0309482,1.15862,3.18117,0.0309546,1.13086,3.18792,0.0623826,1.18284,3.40148,0.0623758,1.21194,3.3944,0.0324265,1.21198,3.39459,0.0324332,1.18288,3.40168
6.86204,2.90978,1.35511,-2.74755,872438462,0.0887065,0.325427,3.18237,0.0887041,0.353926,3.1804,0.0601384,0.353949,3.18076,0.0601408,0.325449,3.18273,0.0928652,0.340617,3.40181,0.0928628,0.370496,3.39975,0.0629151,0.370519,3.40012,0.0629176,0.340641,3.40219
2.02641,1.74512,1.50593,-4.78823,872438489,0.0886452,1.13078,3.18756,0.0886355,1.15854,3.18081,0.0600699,1.15862,3.18117,0.0600797,1.13086,3.18792,0.0928884,1.1828,3.40129,0.0928782,1.2119,3.3942,0.0629307,1.21199,3.39458,0.0629409,1.18288,3.40167
0.45744,1.72029,1.5075,-13.1403,872438490,0.0886446,1.15922,3.18124,0.0886325,1.18694,3.17431,0.0600669,1.18702,3.17467,0.0600791,1.1593,3.1816,0.0928874,1.21258,3.39463,0.0928747,1.24164,3.38737,0.0629272,1.24172,3.38775,0.0629399,1.21266,3.39502
1.11924,1.62932,1.51354,1.56469,872438494,0.0886242,1.28318,3.18927,0.088613,1.31071,3.18165,0.0600474,1.3108,3.18201,0.0600587,1.28326,3.18963,0.0928943,1.34188,3.40125,0.0928825,1.37074,3.39326,0.0629351,1.37084,3.39364,0.0629469,1.34197,3.40164
1.10888,2.81322,1.29703,6.37777,872438591,0.117834,0.354482,3.18041,0.117827,0.382969,3.17826,0.0892639,0.383003,3.1788,0.0892709,0.354516,3.18095,0.123375,0.371049,3.39972,0.123368,0.400914,3.39746,0.093423,0.40095,3.39803,0.0934303,0.371085,3.40028
0.936033,2.79045,1.2254,0.451926,872438719,0.146963,0.354473,3.18026,0.146954,0.38296,3.17811,0.118395,0.383005,3.17883,0.118404,0.354518,3.18098,0.153886,0.371038,3.39953,0.153877,0.400903,3.39728,0.123936,0.40095,3.39803,0.123946,0.371085,3.40029
0.815614,1.67567,-1.34307,1.3319,872439306,0.266589,-1.22632,3.20516,0.295108,-1.22614,3.2035,0.295347,-1.19847,3.2106,0.266827,-1.19864,3.21226,0.27926,-1.28234,3.41753,0.30916,-1.28216,3.41579,0.30941,-1.25315,3.42324,0.279511,-1.25333,3.42497
1.2545,2.30628,-1.11745,55.9217,872439327,0.265689,-0.588973,3.1758,0.294208,-0.588905,3.17414,0.294339,-0.56054,3.17754,0.265819,-0.560608,3.1792,0.278438,-0.616538,3.39369,0.308337,-0.616468,3.39195,0.308474,-0.586731,3.39552,0.278575,-0.586802,3.39726
0.700283,2.88292,-0.668383,-5.04964,872439339,0.265773,-0.235423,3.17795,0.294293,-0.2354,3.17629,0.294343,-0.20686,3.17755,0.265824,-0.206882,3.17921,0.278556,-0.246474,3.39731,0.308455,-0.246451,3.39556,0.308508,-0.21653,3.39688,0.278609,-0.216553,3.39862
0.712885,2.83184,0.7293,-0.447582,872439355,0.294318,0.235972,3.17666,0.294257,0.264504,3.17522,0.265738,0.264526,3.17688,0.265799,0.235994,3.17832,0.30848,0.247022,3.39593,0.308417,0.276935,3.39442,0.278517,0.276958,3.39616,0.278581,0.247046,3.39767
1.7429,2.7801,0.78426,-4.40867,872439356,0.294294,0.265089,3.17578,0.294222,0.293612,3.17416,0.265703,0.293634,3.17582,0.265774,0.265112,3.17744,0.308453,0.27752,3.39497,0.308378,0.307422,3.39328,0.278479,0.307446,3.39502,0.278553,0.277544,3.39671
3.89062,2.8179,0.617428,8.6709,872439482,0.325758,0.20688,3.18585,0.325675,0.23542,3.1846,0.297169,0.23542,3.18648,0.297252,0.20688,3.18773,0.341644,0.216553,3.40507,0.341557,0.246474,3.40375,0.311672,0.246474,3.40573,0.311759,0.216553,3.40704
1.74204,2.72719,0.731338,41.1202,872439484,0.325641,0.265109,3.18408,0.325535,0.293632,3.18247,0.297029,0.293632,3.18436,0.297135,0.265109,3.18597,0.341518,0.277543,3.40316,0.341406,0.307446,3.40147,0.311521,0.307446,3.40345,0.311633,0.277543,3.40514
0.692968,2.67917,0.783441,24.7416,872439485,0.326172,0.296386,3.19218,0.326053,0.324897,3.19039,0.297548,0.324897,3.19228,0.297666,0.296386,3.19407,0.34205,0.310199,3.41118,0.341925,0.34009,3.4093,0.312041,0.34009,3.41128,0.312165,0.310199,3.41315
0.817218,2.00933,1.20508,2.49157,872439502,0.326434,0.800707,3.19661,0.326114,0.828865,3.19179,0.297609,0.828865,3.19368,0.297928,0.800707,3.1985,0.342173,0.837847,3.41288,0.341838,0.867367,3.40784,0.311953,0.867367,3.40982,0.312288,0.837847,3.41486
0.78182,1.97878,1.21683,8.0216,872439503,0.326134,0.829478,3.19209,0.325803,0.857605,3.1871,0.297297,0.857605,3.18899,0.297628,0.829478,3.19398,0.341857,0.86798,3.40812,0.34151,0.897468,3.40289,0.311625,0.897468,3.40488,0.311973,0.86798,3.41011
0.698939,1.94902,1.2279,0.207801,872439504,0.325834,0.858256,3.18757,0.325491,0.886351,3.18241,0.296986,0.886351,3.1843,0.297329,0.858256,3.18946,0.341541,0.898118,3.40336,0.341182,0.927572,3.39795,0.311298,0.927572,3.39993,0.311657,0.898118,3.40535
1.33398,2.92271,-0.130611,40.5738,872439601,0.326118,-0.0589946,3.18291,0.354611,-0.0589946,3.18084,0.354624,-0.0304272,3.18102,0.326131,-0.0304272,3.18309,0.342014,-0.0617597,3.40232,0.371885,-0.0617597,3.40015,0.371899,-0.0318103,3.40034,0.342027,-0.0318103,3.40251
3.95441,2.92271,0.130611,-8.08757,872439604,0.354624,0.0304272,3.18102,0.354611,0.0589946,3.18084,0.326118,0.0589946,3.18291,0.326131,0.0304272,3.18309,0.371899,0.0318103,3.40034,0.371885,0.0617597,3.40015,0.342014,0.0617597,3.40232,0.342027,0.0318103,3.40251
1.19025,1.99687,1.17435,-4.39089,872439630,0.355479,0.80068,3.19451,0.355158,0.828838,3.1897,0.326665,0.828866,3.19177,0.326986,0.800708,3.19658,0.372597,0.837818,3.41068,0.37226,0.867338,3.40563,0.342388,0.867368,3.4078,0.342725,0.837848,3.41285
2.37826,2.78942,0.343386,39.4724,872439735,0.383683,0.117805,3.17901,0.383626,0.146364,3.1783,0.355147,0.146364,3.18054,0.355203,0.117805,3.18126,0.402331,0.123335,3.39816,0.402272,0.153275,3.39741,0.372414,0.153275,3.39976,0.372474,0.123335,3.40051
1.11602,2.42973,0.857368,9.95856,872439745,0.383792,0.412637,3.18079,0.383618,0.441095,3.17829,0.355138,0.441117,3.18053,0.355313,0.41266,3.18303,0.4024,0.431962,3.39915,0.402216,0.461796,3.39653,0.372359,0.46182,3.39888,0.372542,0.431985,3.40151
1.81747,2.05781,-1.06709,6.92981,872439834,0.38418,-0.737333,3.17859,0.412645,-0.737266,3.17617,0.412942,-0.709022,3.18045,0.384477,-0.709089,3.18288,0.402688,-0.771741,3.3951,0.43253,-0.771671,3.39256,0.432842,-0.74206,3.39705,0.403,-0.742131,3.39959
0.757913,2.0888,-1.04941,-9.38753,872439835,0.384431,-0.708454,3.18238,0.412896,-0.708387,3.17996,0.413178,-0.680116,3.18406,0.384713,-0.680184,3.18648,0.402954,-0.741496,3.3991,0.432796,-0.741426,3.39656,0.433092,-0.711788,3.40086,0.40325,-0.711859,3.4034
0.568325,2.54009,-0.661481,-0.554486,872439848,0.384727,-0.324901,3.18656,0.413192,-0.324867,3.18414,0.41331,-0.296355,3.18593,0.384845,-0.296389,3.18835,0.403357,-0.340091,3.40525,0.433199,-0.340055,3.40271,0.433323,-0.310164,3.40458,0.403481,-0.3102,3.40712
1.18572,2.57546,-0.611422,7.98943,872439849,0.384208,-0.293633,3.17864,0.412673,-0.293616,3.17622,0.412793,-0.265094,3.17783,0.384328,-0.265111,3.18025,0.402836,-0.307446,3.39742,0.432678,-0.307428,3.39488,0.432804,-0.277526,3.39657,0.402961,-0.277544,3.39911
1.11386,2.75664,-0.183207,21.3974,872439856,0.38423,-0.0881146,3.17894,0.412696,-0.0881146,3.17652,0.412726,-0.0595489,3.17688,0.384261,-0.0595489,3.1793,0.402882,-0.0922618,3.39812,0.432724,-0.0922618,3.39558,0.432756,-0.0623142,3.39595,0.402914,-0.0623142,3.39849
2.01594,2.76719,0.111736,9.72154,872439860,0.412721,0.0304272,3.17686,0.412706,0.0589946,3.17668,0.384241,0.0589946,3.17911,0.384256,0.0304272,3.17929,0.432752,0.0318102,3.39595,0.432736,0.0617596,3.39576,0.402894,0.0617597,3.3983,0.40291,0.0318103,3.39849
1.0122,2.39582,0.819731,1.26627,872439873,0.412846,0.412628,3.17871,0.412667,0.441085,3.17621,0.384202,0.441119,3.17863,0.384381,0.412661,3.18114,0.43283,0.43195,3.39696,0.432643,0.461784,3.39433,0.402801,0.46182,3.39687,0.402988,0.431986,3.3995
2.90374,2.32792,-0.819725,3.98566,872439971,0.414028,-0.473061,3.18829,0.442478,-0.472993,3.18569,0.442655,-0.444552,3.18837,0.414206,-0.44462,3.19097,0.434007,-0.495133,3.40627,0.463833,-0.495062,3.40355,0.464019,-0.465245,3.40636,0.434193,-0.465316,3.40909
1.86991,2.36177,-0.784558,1.21093,872439972,0.413271,-0.441121,3.17675,0.441721,-0.441076,3.17414,0.441904,-0.412618,3.17665,0.413455,-0.412664,3.17925,0.433247,-0.46182,3.39486,0.463073,-0.461773,3.39213,0.463265,-0.431939,3.39476,0.43344,-0.431986,3.39748
0.536512,2.49514,-0.627716,-11.8652,872439976,0.413796,-0.324903,3.18467,0.442246,-0.324858,3.18207,0.442364,-0.296346,3.18386,0.413915,-0.296391,3.18646,0.433804,-0.340091,3.40324,0.463629,-0.340044,3.40051,0.463754,-0.310153,3.40239,0.433928,-0.3102,3.40511
2.25298,2.68839,-0.171003,12.8812,872439984,0.4133,-0.0881146,3.17706,0.441749,-0.0881146,3.17446,0.441782,-0.0595489,3.17481,0.413333,-0.0595489,3.17741,0.433329,-0.0922618,3.39611,0.463154,-0.0922618,3.39338,0.463189,-0.0623142,3.39376,0.433363,-0.0623142,3.39648
1.25345,1.92789,1.10129,-1.53551,872440015,0.442338,0.829379,3.18375,0.441994,0.857506,3.17876,0.413544,0.857619,3.18136,0.413889,0.829492,3.18635,0.463572,0.867865,3.39932,0.463211,0.897353,3.39409,0.433385,0.89747,3.39681,0.433747,0.867982,3.40204
1.10572,2.62251,-0.159277,58.7607,872440112,0.445384,-0.0881146,3.18941,0.473812,-0.0881146,3.18659,0.473847,-0.0595488,3.18694,0.445419,-0.0595489,3.18977,0.467136,-0.0922618,3.4083,0.496939,-0.0922618,3.40534,0.496976,-0.0623141,3.40571,0.467173,-0.0623142,3.40867
1.18351,2.63046,-0.0969722,10.0455,872440113,0.4454,-0.0589946,3.18957,0.473828,-0.0589946,3.18675,0.473846,-0.0304272,3.18693,0.445418,-0.0304272,3.18975,0.467154,-0.0617596,3.40848,0.496957,-0.0617597,3.40552,0.496976,-0.0318103,3.40571,0.467173,-0.0318102,3.40867
1.46884,2.20215,-0.697274,-18.6152,872440483,0.533426,-0.473058,3.19203,0.561795,-0.473007,3.18867,0.562062,-0.444566,3.19135,0.533692,-0.444617,3.19471,0.559216,-0.495132,3.4094,0.588958,-0.495079,3.40588,0.589237,-0.465262,3.40868,0.559495,-0.465315,3.41221
0.875284,1.91922,0.961897,14.6633,872440525,0.562481,0.771865,3.19576,0.562017,0.800052,3.19114,0.533648,0.800137,3.1945,0.534112,0.771949,3.19912,0.589495,0.807631,3.41115,0.589008,0.837183,3.4063,0.559266,0.837271,3.40983,0.559753,0.80772,3.41467
0.336282,1.87794,0.954925,-0.237746,872440654,0.591006,0.800608,3.18821,0.590519,0.828766,3.18342,0.562171,0.828878,3.18695,0.562658,0.80072,3.19175,0.619368,0.837732,3.4032,0.618858,0.867252,3.39817,0.589138,0.86737,3.40188,0.589649,0.83785,3.40691
1.00936,2.14155,-0.296306,50.1122,872441259,0.710162,-0.235423,3.18069,0.738379,-0.2354,3.17622,0.738552,-0.20686,3.17747,0.710335,-0.206882,3.18193,0.744503,-0.246474,3.39772,0.774085,-0.246451,3.39304,0.774267,-0.21653,3.39434,0.744685,-0.216553,3.39902
1.59444,1.88555,-0.655755,-4.92064,872441502,0.775484,-0.621837,3.20868,0.803636,-0.621815,3.20382,0.804223,-0.593472,3.20736,0.776071,-0.593494,3.21221,0.812584,-0.650779,3.42359,0.842098,-0.650755,3.4185,0.842713,-0.621041,3.42221,0.813199,-0.621065,3.4273
0.772506,1.92734,-0.467904,-13.9646,872441764,0.830482,-0.441119,3.1842,0.858571,-0.441085,3.17899,0.858996,-0.412628,3.18146,0.830906,-0.412661,3.18667,0.870433,-0.46182,3.39955,0.899881,-0.461784,3.39409,0.900326,-0.43195,3.39668,0.870878,-0.431986,3.40214
1.62322,1.96502,-0.112741,42.3169,872442031,0.895279,-0.117237,3.20323,0.923294,-0.117237,3.19763,0.9234,-0.0886745,3.19816,0.895385,-0.0886745,3.20376,0.938358,-0.122767,3.4189,0.967728,-0.122767,3.41304,0.967839,-0.092822,3.41359,0.938469,-0.092822,3.41946
0.617888,1.58701,-0.81344,15.3184,872442129,0.924829,-1.00761,3.20279,0.952806,-1.00758,3.19702,0.953963,-0.97962,3.20278,0.925986,-0.979654,3.20856,0.968366,-1.05425,3.41334,0.997697,-1.05421,3.40729,0.99891,-1.0249,3.41333,0.969579,-1.02494,3.41939
1.16956,1.93864,-0.0476349,45.6317,872442161,0.923898,-0.0589946,3.19784,0.951877,-0.0589946,3.19207,0.951913,-0.0304272,3.19225,0.923934,-0.0304272,3.19802,0.968342,-0.0617597,3.41329,0.997674,-0.0617597,3.40724,0.997712,-0.0318103,3.40743,0.96838,-0.0318103,3.41348
3.32651,1.83497,-0.390301,49.4403,872442277,0.952745,-0.412057,3.19363,0.980687,-0.412034,3.18768,0.98115,-0.383562,3.18997,0.953208,-0.383584,3.19591,0.998389,-0.431383,3.40798,1.02768,-0.431359,3.40174,1.02817,-0.401509,3.40414,0.998875,-0.401533,3.41037
0.558362,1.54258,-0.769814,1.76018,872442513,1.01052,-1.00762,3.18572,1.03839,-1.00749,3.17943,1.03956,-0.979534,3.18519,1.01169,-0.979668,3.19149,1.05812,-1.05425,3.3954,1.08733,-1.05411,3.3888,1.08855,-1.0248,3.39484,1.05934,-1.02494,3.40144
0.537836,1.55635,-0.754702,0.76529,872442514,1.01162,-0.979046,3.19122,1.03949,-0.978912,3.18493,1.04062,-0.950919,3.19052,1.01275,-0.951054,3.19682,1.05927,-1.02432,3.40118,1.08849,-1.02418,3.39458,1.08967,-0.994832,3.40044,1.06046,-0.994973,3.40704
0.504459,1.57011,-0.739183,9.11145,872442515,1.01273,-0.950472,3.19673,1.04059,-0.950338,3.19043,1.04168,-0.92231,3.19585,1.01381,-0.922445,3.20215,1.06043,-0.994392,3.40696,1.08964,-0.994251,3.40036,1.09079,-0.964867,3.40604,1.06157,-0.965009,3.41264
0.313322,1.53447,0.650229,-11.5323,872443088,1.16131,0.85818,3.18575,1.16012,0.886275,3.18071,1.13243,0.886359,3.18773,1.13362,0.858264,3.19277,1.21596,0.898031,3.39509,1.21471,0.927486,3.38981,1.18568,0.927574,3.39718,1.18693,0.89812,3.40246
0.580336,1.61287,-0.47604,47.3039,872443166,1.16429,-0.621847,3.19598,1.19194,-0.621757,3.18879,1.19275,-0.593414,3.19227,1.1651,-0.593504,3.19947,1.21932,-0.65078,3.40702,1.2483,-0.650686,3.39948,1.24916,-0.620972,3.40313,1.22017,-0.621066,3.41068
0.527702,1.62108,-0.454914,49.0378,872443167,1.16084,-0.588973,3.18118,1.18849,-0.588905,3.17398,1.18928,-0.56054,3.17729,1.16163,-0.560608,3.18449,1.21589,-0.616538,3.3924,1.24488,-0.616467,3.38485,1.24571,-0.586731,3.38832,1.21672,-0.586802,3.39586
0.563832,1.59686,-0.462417,38.2086,872443294,1.20482,-0.621836,3.22678,1.23241,-0.621836,3.21939,1.23334,-0.593493,3.22285,1.20574,-0.593493,3.23024,1.26128,-0.650778,3.43744,1.29021,-0.650778,3.42969,1.29118,-0.621064,3.43331,1.26226,-0.621064,3.44107
1.52472,1.57782,-0.453373,2.58767,872443422,1.23294,-0.621837,3.21925,1.26049,-0.621815,3.21168,1.26142,-0.593472,3.21514,1.23387,-0.593494,3.22271,1.29075,-0.650778,3.42955,1.31963,-0.650755,3.42161,1.3206,-0.621041,3.42524,1.29172,-0.621065,3.43317
