energy,eta,phi,time,detid,front_1_x,front_1_y,front_1_z,front_2_x,front_2_y,front_2_z,front_3_x,front_3_y,front_3_z,front_4_x,front_4_y,front_4_z,back_1_x,back_1_y,back_1_z,back_2_x,back_2_y,back_2_z,back_3_x,back_3_y,back_3_z,back_4_x,back_4_y,back_4_z
0.5839,-1.72406,-2.92673,-8.55139,872416810,-1.13273,-0.264525,-3.18884,-1.16042,-0.264508,-3.18181,-1.16075,-0.235976,-3.18321,-1.13306,-0.235993,-3.19023,-1.18674,-0.276958,-3.40174,-1.21577,-0.27694,-3.39438,-1.21612,-0.247028,-3.39584,-1.18709,-0.247046,-3.40321
0.344698,-1.50519,-2.38839,-1.12257,872417040,-1.07568,-1.03619,-3.20093,-1.10345,-1.03616,-3.19425,-1.10484,-1.00824,-3.20015,-1.07706,-1.00828,-3.20683,-1.12595,-1.08418,-3.40967,-1.15507,-1.08415,-3.40267,-1.15652,-1.05488,-3.40885,-1.1274,-1.05491,-3.41585
0.811241,-1.79339,3.04739,7.74932,872417078,-1.10369,0.0886745,-3.19501,-1.10357,0.117237,-3.19448,-1.07579,0.117237,-3.20116,-1.07592,0.0886745,-3.20168,-1.15644,0.092822,-3.40856,-1.1563,0.122767,-3.40801,-1.12718,0.122767,-3.415,-1.12732,0.092822,-3.41555
0.313547,-1.50358,-2.32781,-10.3433,872417294,-1.01322,-1.10186,-3.19932,-1.04109,-1.10171,-3.19302,-1.04235,-1.07387,-3.19931,-1.01449,-1.07402,-3.2056,-1.06066,-1.15253,-3.40809,-1.08987,-1.15237,-3.40149,-1.0912,-1.12318,-3.40807,-1.06198,-1.12334,-3.41467
1.39658,-1.83961,-2.98385,46.0694,872417325,-1.01035,-0.177224,-3.18456,-1.03821,-0.177201,-3.17826,-1.03839,-0.148647,-3.17914,-1.01052,-0.14867,-3.18544,-1.05882,-0.185513,-3.39899,-1.08803,-0.18549,-3.39239,-1.08822,-0.155554,-3.39331,-1.05901,-0.155578,-3.39992
0.859155,-1.84621,3.04134,48.0563,872417334,-1.03752,0.0886745,-3.17472,-1.0374,0.117237,-3.1742,-1.00954,0.117237,-3.18049,-1.00966,0.0886746,-3.18102,-1.08736,0.0928219,-3.38897,-1.08724,0.122767,-3.38841,-1.05802,0.122767,-3.39502,-1.05815,0.092822,-3.39557
0.538136,-1.69316,2.53283,5.37791,872417482,-1.01036,0.680116,-3.18761,-1.00955,0.708387,-3.18357,-0.981642,0.708454,-3.1897,-0.982458,0.680184,-3.19373,-1.05845,0.711788,-3.39994,-1.05759,0.741426,-3.39572,-1.02834,0.741496,-3.40213,-1.02919,0.711859,-3.40636
0.631609,-1.71299,2.51912,5.35271,872417610,-0.981831,0.680136,-3.19346,-0.981017,0.708406,-3.18943,-0.953076,0.708451,-3.19538,-0.953889,0.68018,-3.19941,-1.02857,0.711811,-3.4061,-1.02771,0.741449,-3.40187,-0.998421,0.741496,-3.40811,-0.999273,0.711858,-3.41234
0.865268,-1.93676,3.06303,-42.1946,872417717,-0.951917,0.0595488,-3.19226,-0.951845,0.0881146,-3.19191,-0.923866,0.0881146,-3.19768,-0.923939,0.0595489,-3.19803,-0.997714,0.0623141,-3.40743,-0.997638,0.0922618,-3.40706,-0.968306,0.0922618,-3.41311,-0.968382,0.0623142,-3.41348
0.611039,-1.73303,2.50486,15.8712,872417738,-0.953304,0.680156,-3.19933,-0.952494,0.708426,-3.1953,-0.924516,0.708449,-3.20107,-0.925326,0.680178,-3.20511,-0.998688,0.711834,-3.41226,-0.997839,0.741472,-3.40803,-0.968507,0.741495,-3.41409,-0.969356,0.711857,-3.41831
1.16009,-1.9192,2.53573,28.6084,872418373,-0.80216,0.531579,-3.19485,-0.801628,0.559964,-3.19167,-0.773476,0.559981,-3.19653,-0.774007,0.531596,-3.19971,-0.840691,0.556405,-3.41003,-0.840134,0.586163,-3.40669,-0.81062,0.586181,-3.41178,-0.811177,0.556423,-3.41512
0.509512,-1.9021,2.51101,53.5694,872418374,-0.801718,0.560584,-3.19218,-0.801156,0.588949,-3.18882,-0.773003,0.588965,-3.19368,-0.773565,0.560601,-3.19704,-0.840222,0.586783,-3.4072,-0.839633,0.61652,-3.40368,-0.810119,0.616537,-3.40877,-0.810708,0.5868,-3.41229
1.21156,-1.76059,-2.30383,3.55933,872418454,-0.745015,-0.857605,-3.20304,-0.773197,-0.857605,-3.19836,-0.774016,-0.829478,-3.20329,-0.745835,-0.829478,-3.20797,-0.780486,-0.897468,-3.41647,-0.81003,-0.897468,-3.41156,-0.81089,-0.86798,-3.41674,-0.781345,-0.86798,-3.42165
0.915964,-2.1663,-2.79614,-11.1567,872418730,-0.681138,-0.264525,-3.18342,-0.709383,-0.264508,-3.17914,-0.709581,-0.235976,-3.18056,-0.681337,-0.235993,-3.18484,-0.714103,-0.276958,-3.40059,-0.743714,-0.27694,-3.39609,-0.743922,-0.247028,-3.39758,-0.714311,-0.247046,-3.40208
0.886678,-2.15643,2.67065,2.2511,872418878,-0.68143,0.325427,-3.18991,-0.681168,0.353926,-3.18795,-0.652897,0.353949,-3.19206,-0.653159,0.325449,-3.19401,-0.714379,0.340617,-3.4069,-0.714105,0.370496,-3.40485,-0.684466,0.370519,-3.40916,-0.68474,0.340641,-3.41121
0.599546,-2.13858,2.63651,17.6133,872418879,-0.681194,0.354492,-3.18811,-0.680907,0.382979,-3.18598,-0.652636,0.383001,-3.19009,-0.652923,0.354514,-3.19222,-0.71413,0.371061,-3.405,-0.713829,0.400926,-3.40277,-0.68419,0.40095,-3.40707,-0.684491,0.371085,-3.40931
1.56434,-2.3104,-3.07157,42.7156,872418993,-0.623315,-0.0589946,-3.19044,-0.651611,-0.0589946,-3.18651,-0.651635,-0.0304272,-3.18669,-0.623339,-0.0304272,-3.19062,-0.653584,-0.0617597,-3.40834,-0.683249,-0.0617596,-3.40421,-0.683275,-0.0318102,-3.4044,-0.65361,-0.0318103,-3.40852
0.350871,-1.54391,-2.01034,51.4863,872419079,-0.595237,-1.31079,-3.20097,-0.623555,-1.31079,-3.1972,-0.624561,-1.28326,-3.20476,-0.596242,-1.28326,-3.20853,-0.623162,-1.37083,-3.41077,-0.65285,-1.37083,-3.40682,-0.653904,-1.34197,-3.41474,-0.624216,-1.34197,-3.41869
1.16976,-1.54827,-1.98904,50.3324,872419207,-0.561898,-1.31081,-3.1848,-0.590246,-1.31063,-3.18127,-0.591017,-1.2831,-3.18885,-0.562669,-1.28328,-3.19239,-0.588444,-1.37084,-3.39479,-0.618164,-1.37065,-3.39108,-0.618973,-1.34179,-3.39904,-0.589253,-1.34197,-3.40274
1.7954,-2.38422,-2.91599,4.50638,872419246,-0.561289,-0.146364,-3.17768,-0.589637,-0.146364,-3.17414,-0.589726,-0.117805,-3.17485,-0.561378,-0.117805,-3.17839,-0.588529,-0.153275,-3.39588,-0.618248,-0.153275,-3.39217,-0.618341,-0.123335,-3.39292,-0.588622,-0.123335,-3.39663
2.6508,-2.39398,-2.96457,-1.96564,872419247,-0.561303,-0.117237,-3.17782,-0.589651,-0.117237,-3.17429,-0.589718,-0.0886746,-3.17482,-0.56137,-0.0886745,-3.17836,-0.588548,-0.122767,-3.39607,-0.618267,-0.122767,-3.39236,-0.618337,-0.092822,-3.39292,-0.588618,-0.0928219,-3.39663
0.407721,-2.40146,-3.014,0.246262,872419248,-0.561319,-0.0881146,-3.17798,-0.589667,-0.0881146,-3.17444,-0.589711,-0.0595488,-3.17479,-0.561363,-0.0595489,-3.17833,-0.588567,-0.0922618,-3.39625,-0.618286,-0.0922618,-3.39254,-0.618333,-0.0623141,-3.39291,-0.588613,-0.0623142,-3.39662
0.0504717,-2.40654,-3.06406,0.145723,872419249,-0.561335,-0.0589946,-3.17814,-0.589683,-0.0589946,-3.1746,-0.589705,-0.0304272,-3.17478,-0.561357,-0.0304272,-3.17832,-0.588586,-0.0617597,-3.39643,-0.618305,-0.0617597,-3.39272,-0.618328,-0.0318102,-3.39291,-0.588609,-0.0318103,-3.39662
0.32711,-2.40916,-3.11451,-25.5206,872419250,-0.561352,-0.0298763,-3.17831,-0.589699,-0.0298764,-3.17477,-0.5897,-0.00130836,-3.17477,-0.561352,-0.00130835,-3.17831,-0.588604,-0.0312591,-3.39661,-0.618323,-0.0312592,-3.3929,-0.618323,-0.00130915,-3.3929,-0.588604,-0.00130914,-3.39661
1.23185,-2.37224,2.86589,5.49155,872419256,-0.590147,0.148647,-3.1793,-0.590058,0.177201,-3.17841,-0.56171,0.177224,-3.18195,-0.561799,0.14867,-3.18284,-0.618764,0.155554,-3.39733,-0.618671,0.18549,-3.39639,-0.588951,0.185513,-3.4001,-0.589044,0.155578,-3.40104
1.66098,-2.4333,-2.90446,8.76956,872419374,-0.532297,-0.146364,-3.18053,-0.560667,-0.146364,-3.17717,-0.560752,-0.117805,-3.17788,-0.532382,-0.117805,-3.18124,-0.558165,-0.153275,-3.39889,-0.587907,-0.153275,-3.39537,-0.587996,-0.123335,-3.39612,-0.558254,-0.123335,-3.39964
2.0542,-2.44409,-2.95539,-0.099565,872419375,-0.532312,-0.117237,-3.18067,-0.560681,-0.117237,-3.17731,-0.560745,-0.0886745,-3.17784,-0.532375,-0.0886745,-3.18121,-0.558184,-0.122767,-3.39908,-0.587926,-0.122767,-3.39556,-0.587993,-0.092822,-3.39612,-0.55825,-0.092822,-3.39964
1.07245,-2.45237,-3.00731,8.1194,872419376,-0.532327,-0.0881146,-3.18082,-0.560697,-0.0881146,-3.17746,-0.560739,-0.0595489,-3.17782,-0.532369,-0.0595488,-3.18118,-0.558203,-0.0922618,-3.39926,-0.587945,-0.0922618,-3.39574,-0.587989,-0.0623142,-3.39611,-0.558247,-0.0623141,-3.39964
4.61352,-2.45801,-3.05997,0.191432,872419377,-0.532343,-0.0589946,-3.18098,-0.560713,-0.0589946,-3.17762,-0.560734,-0.0304272,-3.1778,-0.532364,-0.0304272,-3.18116,-0.558221,-0.0617596,-3.39944,-0.587963,-0.0617597,-3.39592,-0.587986,-0.0318103,-3.39611,-0.558243,-0.0318102,-3.39963
0.298933,-2.46091,-3.11307,-71.0233,872419378,-0.53236,-0.0298763,-3.18116,-0.56073,-0.0298764,-3.17779,-0.56073,-0.00130837,-3.17779,-0.53236,-0.00130834,-3.18116,-0.55824,-0.0312591,-3.39963,-0.587982,-0.0312592,-3.3961,-0.587982,-0.00130916,-3.3961,-0.55824,-0.00130913,-3.39963
1.01287,-2.04531,2.2814,4.87678,872419400,-0.56214,0.622323,-3.1922,-0.561764,0.650642,-3.18847,-0.533395,0.65071,-3.19183,-0.53377,0.62239,-3.19557,-0.589237,0.651256,-3.40861,-0.588843,0.680946,-3.40469,-0.559101,0.681016,-3.40821,-0.559495,0.651327,-3.41213
0.685153,-2.48478,-2.89171,-12.3428,872419502,-0.503312,-0.146364,-3.18338,-0.531702,-0.146364,-3.1802,-0.531782,-0.117805,-3.18091,-0.503392,-0.117805,-3.18409,-0.527806,-0.153275,-3.40191,-0.55757,-0.153275,-3.39857,-0.557654,-0.123335,-3.39932,-0.52789,-0.123335,-3.40266
0.101907,-2.49677,-2.94523,0.506213,872419503,-0.503326,-0.117237,-3.18352,-0.531717,-0.117237,-3.18034,-0.531777,-0.0886745,-3.18088,-0.503386,-0.0886745,-3.18406,-0.527825,-0.122767,-3.40209,-0.557589,-0.122767,-3.39875,-0.557652,-0.092822,-3.39932,-0.527888,-0.092822,-3.40265
0.627762,-2.50598,-2.99989,-16.0745,872419504,-0.503342,-0.0881146,-3.18368,-0.531732,-0.0881146,-3.1805,-0.531772,-0.0595489,-3.18085,-0.503382,-0.0595488,-3.18403,-0.527844,-0.0922618,-3.40227,-0.557607,-0.0922618,-3.39894,-0.557649,-0.0623142,-3.39931,-0.527886,-0.0623141,-3.40265
0.585081,-2.51227,-3.05542,-18.9319,872419505,-0.503358,-0.0589946,-3.18384,-0.531748,-0.0589946,-3.18066,-0.531768,-0.0304272,-3.18084,-0.503378,-0.0304272,-3.18402,-0.527862,-0.0617597,-3.40246,-0.557626,-0.0617597,-3.39912,-0.557647,-0.0318103,-3.39931,-0.527883,-0.0318103,-3.40264
0.150279,-2.5155,-3.11148,-11.3379,872419506,-0.503375,-0.0298763,-3.18401,-0.531765,-0.0298764,-3.18083,-0.531765,-0.00130837,-3.18083,-0.503375,-0.00130834,-3.18401,-0.52788,-0.0312591,-3.40264,-0.557644,-0.0312592,-3.3993,-0.557644,-0.00130916,-3.3993,-0.52788,-0.00130913,-3.40264
1.37484,-2.49677,2.94523,13.5922,872419510,-0.531777,0.0886745,-3.18088,-0.531717,0.117237,-3.18034,-0.503326,0.117237,-3.18352,-0.503386,0.0886746,-3.18406,-0.557652,0.0928219,-3.39932,-0.557589,0.122767,-3.39875,-0.527825,0.122767,-3.40209,-0.527888,0.092822,-3.40265
1.34834,-2.23353,2.41744,34.7894,872419522,-0.533097,0.44458,-3.19438,-0.532831,0.473022,-3.19171,-0.504441,0.473055,-3.19489,-0.504707,0.444614,-3.19756,-0.5589,0.46528,-3.41188,-0.558621,0.495097,-3.40908,-0.528857,0.495132,-3.41242,-0.529136,0.465315,-3.41522
0.925125,-2.32376,-2.4585,-1.79549,872419621,-0.474518,-0.412056,-3.1882,-0.502927,-0.412045,-3.18519,-0.503161,-0.383572,-3.18751,-0.474751,-0.383583,-3.19052,-0.497575,-0.431382,-3.40613,-0.527359,-0.431371,-3.40298,-0.527604,-0.40152,-3.40542,-0.49782,-0.401532,-3.40857
0.381304,-2.53888,-2.87756,-18.9826,872419630,-0.474331,-0.146364,-3.18624,-0.502741,-0.146364,-3.18324,-0.502816,-0.117805,-3.18395,-0.474407,-0.117805,-3.18696,-0.497452,-0.153275,-3.40492,-0.527236,-0.153275,-3.40177,-0.527315,-0.123335,-3.40252,-0.497531,-0.123335,-3.40567
-0.724727,-2.55227,-2.93391,1.95241,872419631,-0.474346,-0.117237,-3.18639,-0.502755,-0.117237,-3.18338,-0.502812,-0.0886745,-3.18392,-0.474402,-0.0886745,-3.18692,-0.49747,-0.122767,-3.4051,-0.527254,-0.122767,-3.40195,-0.527313,-0.092822,-3.40252,-0.497529,-0.092822,-3.40566
2.88718,-2.56258,-2.99161,13.321,872419632,-0.474361,-0.0881146,-3.18654,-0.502771,-0.0881146,-3.18354,-0.502808,-0.0595488,-3.18389,-0.474399,-0.0595489,-3.1869,-0.497488,-0.0922618,-3.40529,-0.527272,-0.0922618,-3.40214,-0.527312,-0.0623141,-3.40251,-0.497528,-0.0623142,-3.40566
0.0799094,-2.56963,-3.05034,0.528513,872419633,-0.474377,-0.0589946,-3.1867,-0.502787,-0.0589946,-3.1837,-0.502806,-0.0304272,-3.18388,-0.474396,-0.0304272,-3.18688,-0.497507,-0.0617597,-3.40547,-0.527291,-0.0617597,-3.40232,-0.52731,-0.0318103,-3.40251,-0.497527,-0.0318102,-3.40566
0.0216106,-2.57326,-3.10969,0.37198,872419634,-0.474394,-0.0298764,-3.18687,-0.502804,-0.0298763,-3.18387,-0.502804,-0.00130834,-3.18387,-0.474394,-0.00130837,-3.18687,-0.497525,-0.0312592,-3.40565,-0.527309,-0.0312591,-3.4025,-0.527309,-0.00130913,-3.4025,-0.497525,-0.00130916,-3.40565
0.854896,-1.9976,-2.11821,19.4397,872419737,-0.447175,-0.771396,-3.20781,-0.475602,-0.771396,-3.20498,-0.476045,-0.743179,-3.20942,-0.447618,-0.743179,-3.21225,-0.468692,-0.807173,-3.42381,-0.498495,-0.807173,-3.42085,-0.498959,-0.777592,-3.42551,-0.469156,-0.777592,-3.42848
2.83687,-2.57708,-2.80118,-0.737647,872419757,-0.445776,-0.177221,-3.19338,-0.474204,-0.177221,-3.19056,-0.474293,-0.148667,-3.19145,-0.445865,-0.148667,-3.19428,-0.46752,-0.185513,-3.41215,-0.497323,-0.185513,-3.40919,-0.497416,-0.155578,-3.41013,-0.467613,-0.155578,-3.41309
0.204724,-2.59585,-2.86175,0.486943,872419758,-0.445354,-0.146364,-3.18911,-0.473782,-0.146364,-3.18629,-0.473853,-0.117805,-3.187,-0.445425,-0.117805,-3.18983,-0.4671,-0.153275,-3.40793,-0.496903,-0.153275,-3.40497,-0.496977,-0.123335,-3.40572,-0.467174,-0.123335,-3.40868
-0.0684162,-2.61089,-2.92122,2.45948,872419759,-0.445369,-0.117237,-3.18926,-0.473797,-0.117237,-3.18643,-0.47385,-0.0886746,-3.18697,-0.445422,-0.0886745,-3.18979,-0.467118,-0.122767,-3.40811,-0.496921,-0.122767,-3.40515,-0.496977,-0.092822,-3.40572,-0.467174,-0.0928219,-3.40868
-0.23123,-2.62251,-2.98232,2.01858,872419760,-0.445384,-0.0881146,-3.18941,-0.473812,-0.0881146,-3.18659,-0.473847,-0.0595488,-3.18694,-0.445419,-0.0595489,-3.18977,-0.467136,-0.0922618,-3.4083,-0.496939,-0.0922618,-3.40534,-0.496976,-0.0623141,-3.40571,-0.467173,-0.0623142,-3.40867
1.21625,-2.63046,-3.04462,0.424745,872419761,-0.4454,-0.0589946,-3.18957,-0.473828,-0.0589946,-3.18675,-0.473846,-0.0304272,-3.18693,-0.445418,-0.0304272,-3.18975,-0.467154,-0.0617596,-3.40848,-0.496957,-0.0617597,-3.40552,-0.496976,-0.0318103,-3.40571,-0.467173,-0.0318102,-3.40867
0.428865,-2.63456,-3.10768,0.767143,872419762,-0.445417,-0.0298763,-3.18974,-0.473845,-0.0298764,-3.18692,-0.473845,-0.00130837,-3.18692,-0.445417,-0.00130834,-3.18974,-0.467172,-0.0312591,-3.40866,-0.496976,-0.0312592,-3.4057,-0.496976,-0.00130916,-3.4057,-0.467172,-0.00130914,-3.40866
1.90756,-2.507,2.6431,-3.33198,872419771,-0.474026,0.235992,-3.18877,-0.473884,0.264524,-3.18734,-0.445456,0.264524,-3.19017,-0.445598,0.235992,-3.1916,-0.497133,0.247046,-3.40728,-0.496984,0.276958,-3.40578,-0.467181,0.276958,-3.40874,-0.46733,0.247046,-3.41024
1.24315,-2.47985,2.59546,27.1777,872419772,-0.473939,0.265109,-3.18789,-0.473779,0.293632,-3.18629,-0.445351,0.293632,-3.18911,-0.445511,0.265109,-3.19072,-0.497039,0.277543,-3.40633,-0.496871,0.307446,-3.40464,-0.467068,0.307446,-3.40761,-0.467235,0.277543,-3.40929
1.25545,-2.45069,2.54807,14.8613,872419773,-0.474737,0.296386,-3.19597,-0.474559,0.324897,-3.19419,-0.446131,0.324897,-3.19701,-0.446309,0.296386,-3.1988,-0.497835,0.310199,-3.41432,-0.497649,0.34009,-3.41245,-0.467846,0.34009,-3.41541,-0.468032,0.310199,-3.41729
2.21578,-2.4625,-2.47069,6.75719,872419879,-0.413664,-0.353953,-3.18268,-0.442113,-0.353908,-3.18008,-0.442248,-0.325408,-3.18204,-0.413799,-0.325453,-3.18465,-0.433665,-0.37052,-3.40114,-0.46349,-0.370472,-3.39842,-0.463632,-0.340594,-3.40048,-0.433806,-0.340641,-3.40321
1.77511,-2.49514,-2.51388,-0.15175,872419880,-0.413796,-0.324903,-3.18467,-0.442246,-0.324858,-3.18207,-0.442364,-0.296346,-3.18386,-0.413915,-0.296391,-3.18646,-0.433804,-0.340091,-3.40324,-0.463629,-0.340044,-3.40051,-0.463754,-0.310153,-3.40239,-0.433928,-0.3102,-3.40511
1.06801,-2.55743,-2.61212,60.4321,872419882,-0.413348,-0.264526,-3.17781,-0.441797,-0.264504,-3.17521,-0.441905,-0.235972,-3.17664,-0.413456,-0.235994,-3.17924,-0.433358,-0.276958,-3.39655,-0.463184,-0.276935,-3.39383,-0.463297,-0.247022,-3.39533,-0.433472,-0.247046,-3.39805
1.71772,-2.70233,3.10514,35.9384,872419891,-0.441771,0.00130836,-3.17479,-0.441771,0.0298764,-3.17479,-0.413322,0.0298764,-3.17739,-0.413322,0.00130836,-3.17739,-0.463179,0.00130914,-3.39375,-0.463179,0.0312591,-3.39375,-0.433354,0.0312591,-3.39648,-0.433354,0.00130915,-3.39648
1.91479,-2.69758,3.0374,-4.38327,872419892,-0.441776,0.0304272,-3.1748,-0.44176,0.0589946,-3.17462,-0.413311,0.0589946,-3.17722,-0.413327,0.0304272,-3.1774,-0.463184,0.0318102,-3.39375,-0.463167,0.0617597,-3.39356,-0.433341,0.0617597,-3.39629,-0.433358,0.0318103,-3.39648
0.920012,-2.65777,2.84195,-0.102448,872419895,-0.441795,0.117805,-3.17487,-0.44173,0.146364,-3.17416,-0.41328,0.146364,-3.17676,-0.413346,0.117805,-3.17747,-0.463197,0.123335,-3.39376,-0.463128,0.153275,-3.39301,-0.433303,0.153275,-3.39574,-0.433371,0.123335,-3.39649
4.05168,-2.57546,-2.53017,26.8656,872420009,-0.384208,-0.293633,-3.17864,-0.412673,-0.293616,-3.17622,-0.412793,-0.265094,-3.17783,-0.384328,-0.265111,-3.18025,-0.402836,-0.307446,-3.39742,-0.432678,-0.307428,-3.39488,-0.432804,-0.277526,-3.39657,-0.402961,-0.277544,-3.39911
1.30511,-2.69747,-2.75368,13.7502,872420013,-0.384491,-0.177223,-3.18292,-0.412956,-0.177206,-3.1805,-0.413016,-0.148652,-3.1814,-0.384551,-0.148669,-3.18382,-0.403139,-0.185513,-3.40198,-0.432981,-0.185495,-3.39944,-0.433043,-0.15556,-3.40038,-0.403201,-0.155578,-3.40292
1.22564,-2.74132,-2.88875,30.465,872420015,-0.38422,-0.117237,-3.17879,-0.412685,-0.117237,-3.17637,-0.412731,-0.0886745,-3.1769,-0.384266,-0.0886745,-3.17933,-0.402869,-0.122767,-3.39793,-0.432711,-0.122767,-3.39539,-0.432759,-0.092822,-3.39596,-0.402917,-0.092822,-3.3985
1.74935,-2.77265,-3.10248,75.0674,872420018,-0.384252,-0.0298764,-3.17928,-0.412718,-0.0298764,-3.17685,-0.412718,-0.00130836,-3.17685,-0.384252,-0.00130836,-3.17928,-0.402907,-0.0312592,-3.39848,-0.432749,-0.0312591,-3.39595,-0.432749,-0.00130914,-3.39595,-0.402907,-0.00130915,-3.39848
1.32945,-2.77265,3.10248,23.1122,872420019,-0.412718,0.00130834,-3.17685,-0.412718,0.0298763,-3.17685,-0.384252,0.0298764,-3.17928,-0.384252,0.00130838,-3.17928,-0.432749,0.00130913,-3.39594,-0.432749,0.0312591,-3.39594,-0.402907,0.0312592,-3.39848,-0.402907,0.00130916,-3.39848
0.926167,-2.50449,2.43619,-14.5035,872420030,-0.413193,0.325417,-3.18411,-0.41306,0.353917,-3.18214,-0.384595,0.353951,-3.18457,-0.384728,0.325451,-3.18653,-0.4332,0.340606,-3.40268,-0.43306,0.370484,-3.40061,-0.403218,0.370519,-3.40315,-0.403358,0.340641,-3.40522
1.17783,-2.58588,-2.44315,35.0205,872420136,-0.355663,-0.324899,-3.18846,-0.384142,-0.324876,-3.18621,-0.384261,-0.296365,-3.188,-0.355781,-0.296387,-3.19025,-0.372915,-0.34009,-3.40726,-0.402772,-0.340067,-3.40491,-0.402896,-0.310176,-3.40678,-0.373039,-0.3102,-3.40914
1.18235,-2.81202,2.86979,3.69514,872420150,-0.383678,0.0886745,-3.17898,-0.383636,0.117237,-3.17844,-0.355156,0.117237,-3.18069,-0.355199,0.0886746,-3.18122,-0.402329,0.092822,-3.39815,-0.402285,0.122767,-3.39759,-0.372427,0.122767,-3.39994,-0.372471,0.092822,-3.40051
1.64987,-2.73104,2.66243,90.4928,872420153,-0.383909,0.177761,-3.18257,-0.383836,0.206309,-3.18149,-0.355356,0.20632,-3.18374,-0.355429,0.177773,-3.18481,-0.402555,0.186052,-3.40162,-0.402479,0.215981,-3.4005,-0.372621,0.215993,-3.40285,-0.372698,0.186064,-3.40398
5.13974,-2.547,2.39866,3.84806,872420158,-0.384143,0.325427,-3.18619,-0.384011,0.353926,-3.18422,-0.355531,0.353949,-3.18646,-0.355663,0.325449,-3.18843,-0.402772,0.340617,-3.40488,-0.402633,0.370496,-3.40281,-0.372776,0.370519,-3.40516,-0.372915,0.340641,-3.40723
1.30855,-2.35267,2.21977,-0.39068,872420163,-0.384374,0.473571,-3.18979,-0.384182,0.501995,-3.18693,-0.355703,0.502028,-3.18918,-0.355894,0.473605,-3.19204,-0.402975,0.495646,-3.4079,-0.402774,0.525445,-3.4049,-0.372916,0.52548,-3.40725,-0.373117,0.495681,-3.41025
0.909808,-1.72493,1.89116,-8.1889,872420184,-0.384842,1.10236,-3.19768,-0.3844,1.13015,-3.19112,-0.355921,1.13023,-3.19336,-0.356363,1.10243,-3.19993,-0.4032,1.15303,-3.41098,-0.402737,1.18217,-3.4041,-0.37288,1.18226,-3.40645,-0.373343,1.15311,-3.41334
1.03506,-2.71689,-2.50771,-11.2896,872420266,-0.326155,-0.264524,-3.1835,-0.354648,-0.264518,-3.18144,-0.354746,-0.235986,-3.18287,-0.326253,-0.235992,-3.18493,-0.342032,-0.276958,-3.40258,-0.371904,-0.276952,-3.40042,-0.372006,-0.24704,-3.40192,-0.342135,-0.247046,-3.40408
2.00258,-2.88768,-2.84785,-24.6934,872420271,-0.326097,-0.117237,-3.18259,-0.35459,-0.117237,-3.18053,-0.354629,-0.0886745,-3.18106,-0.326136,-0.0886745,-3.18313,-0.341989,-0.122767,-3.40195,-0.371861,-0.122767,-3.39979,-0.371902,-0.092822,-3.40035,-0.34203,-0.092822,-3.40251
4.31625,-2.90835,-2.92798,9.33739,872420272,-0.326107,-0.0881146,-3.18274,-0.3546,-0.0881146,-3.18068,-0.354626,-0.0595489,-3.18104,-0.326133,-0.0595489,-3.1831,-0.342001,-0.0922618,-3.40213,-0.371873,-0.0922618,-3.39997,-0.3719,-0.0623142,-3.40035,-0.342029,-0.0623142,-3.40251
2.06658,-2.93018,3.09582,12.0866,872420275,-0.354622,0.00130836,-3.18101,-0.354622,0.0298764,-3.18101,-0.326129,0.0298764,-3.18308,-0.326129,0.00130836,-3.18308,-0.371898,0.00130914,-3.40034,-0.371898,0.0312591,-3.40034,-0.342026,0.0312592,-3.4025,-0.342026,0.00130915,-3.4025
2.0178,-2.92271,3.01098,82.622,872420276,-0.354624,0.0304272,-3.18102,-0.354611,0.0589946,-3.18084,-0.326118,0.0589946,-3.18291,-0.326131,0.0304272,-3.18309,-0.371899,0.0318103,-3.40034,-0.371885,0.0617597,-3.40015,-0.342014,0.0617597,-3.40232,-0.342027,0.0318103,-3.40251
3.53753,-2.90835,2.92798,1.86846,872420277,-0.354626,0.0595489,-3.18104,-0.3546,0.0881146,-3.18068,-0.326107,0.0881146,-3.18274,-0.326133,0.0595489,-3.1831,-0.3719,0.0623142,-3.40035,-0.371873,0.0922618,-3.39997,-0.342001,0.0922618,-3.40213,-0.342029,0.0623142,-3.40251
0.997499,-2.67566,2.45433,-11.9813,872420284,-0.354689,0.265104,-3.18199,-0.354578,0.293626,-3.18038,-0.326085,0.293632,-3.18245,-0.326196,0.26511,-3.18406,-0.371944,0.277538,-3.40096,-0.371828,0.30744,-3.39928,-0.341956,0.307446,-3.40144,-0.342073,0.277544,-3.40313
0.772811,-1.81266,-1.86651,32.9522,872420368,-0.296967,-1.03619,-3.18427,-0.325472,-1.03619,-3.18238,-0.325874,-1.00827,-3.18842,-0.297369,-1.00827,-3.19031,-0.311206,-1.08418,-3.39851,-0.34109,-1.08418,-3.39652,-0.341511,-1.05491,-3.40285,-0.311627,-1.05491,-3.40484
1.55738,-1.83879,-1.87485,46.6035,872420369,-0.297338,-1.00761,-3.18986,-0.325843,-1.00761,-3.18796,-0.326233,-0.979652,-3.19383,-0.297728,-0.979652,-3.19573,-0.311597,-1.05425,-3.40439,-0.341481,-1.05425,-3.4024,-0.34189,-1.02494,-3.40856,-0.312006,-1.02494,-3.41054
3.70819,-2.86077,-2.58916,26.7306,872420396,-0.297241,-0.206319,-3.18756,-0.325746,-0.20632,-3.18567,-0.325817,-0.177772,-3.18675,-0.297312,-0.177772,-3.18863,-0.311747,-0.215992,-3.40687,-0.341632,-0.215992,-3.40489,-0.341707,-0.186064,-3.40602,-0.311822,-0.186064,-3.408
3.9245,-2.86077,2.58916,23.9927,872420409,-0.325817,0.177772,-3.18674,-0.325746,0.206319,-3.18567,-0.297241,0.206319,-3.18756,-0.297312,0.177772,-3.18863,-0.341707,0.186064,-3.40602,-0.341632,0.215992,-3.40489,-0.311747,0.215992,-3.40687,-0.311822,0.186064,-3.40799
5.30697,-2.72719,2.41025,4.12959,872420412,-0.325641,0.265109,-3.18408,-0.325535,0.293632,-3.18247,-0.297029,0.293632,-3.18436,-0.297135,0.265109,-3.18597,-0.341518,0.277543,-3.40316,-0.341406,0.307446,-3.40147,-0.311521,0.307446,-3.40345,-0.311633,0.277543,-3.40514
1.27771,-2.22739,-1.98572,21.1065,872420509,-0.266055,-0.650714,-3.18717,-0.294575,-0.650624,-3.18551,-0.294704,-0.622304,-3.18927,-0.266184,-0.622394,-3.19093,-0.278808,-0.681017,-3.4047,-0.308707,-0.680923,-3.40296,-0.308843,-0.651233,-3.4069,-0.278944,-0.651327,-3.40864
0.844003,-2.26619,-2.00328,13.3897,872420510,-0.266182,-0.621847,-3.19099,-0.294701,-0.621757,-3.18933,-0.29482,-0.593414,-3.19291,-0.2663,-0.593504,-3.19457,-0.278941,-0.65078,-3.40871,-0.308841,-0.650686,-3.40697,-0.308965,-0.620972,-3.41072,-0.279066,-0.621066,-3.41246
2.78682,-2.43455,-2.09233,46.5216,872420514,-0.265976,-0.502034,-3.18447,-0.294496,-0.501966,-3.18281,-0.294595,-0.473543,-3.18568,-0.266075,-0.47361,-3.18734,-0.278744,-0.525481,-3.40285,-0.308643,-0.52541,-3.40111,-0.308747,-0.495611,-3.40411,-0.278848,-0.495682,-3.40585
1.07934,-2.52758,-2.15135,-12.3104,872420516,-0.265697,-0.441121,-3.17581,-0.294217,-0.441076,-3.17415,-0.294318,-0.412619,-3.17666,-0.265798,-0.412664,-3.17832,-0.278462,-0.46182,-3.39447,-0.308361,-0.461773,-3.39273,-0.308467,-0.431939,-3.39536,-0.278568,-0.431986,-3.3971
0.930139,-2.52758,2.15135,1.12203,872420545,-0.294318,0.412619,-3.17666,-0.294217,0.441076,-3.17415,-0.265697,0.441121,-3.17581,-0.265798,0.412664,-3.17832,-0.308467,0.431939,-3.39536,-0.308361,0.461773,-3.39273,-0.278462,0.46182,-3.39447,-0.278568,0.431986,-3.3971
1.46556,-2.20478,-1.9317,16.8629,872420636,-0.236813,-0.67958,-3.18429,-0.265342,-0.679512,-3.18281,-0.265479,-0.651217,-3.18675,-0.23695,-0.651284,-3.18823,-0.248178,-0.711255,-3.40171,-0.278088,-0.711184,-3.40016,-0.278232,-0.68152,-3.40428,-0.248322,-0.681591,-3.40583
1.36941,-2.83204,-2.30254,44.7362,872420649,-0.236587,-0.293633,-3.17675,-0.265116,-0.293616,-3.17527,-0.265183,-0.265094,-3.17688,-0.236654,-0.265111,-3.17837,-0.247982,-0.307446,-3.39603,-0.277892,-0.307428,-3.39447,-0.277962,-0.277526,-3.39616,-0.248052,-0.277544,-3.39772
1.64403,-2.88982,2.35752,-22.7339,872420667,-0.265209,0.235976,-3.17776,-0.265151,0.264508,-3.17633,-0.236622,0.264525,-3.17781,-0.236679,0.235993,-3.17925,-0.277991,0.247028,-3.39712,-0.27793,0.27694,-3.39561,-0.248021,0.276958,-3.39717,-0.248081,0.247046,-3.39867
3.85964,-2.66251,2.16847,-1.57999,872420671,-0.265319,0.354482,-3.18136,-0.265242,0.382969,-3.17921,-0.236712,0.383003,-3.18069,-0.23679,0.354516,-3.18285,-0.278097,0.371049,-3.40037,-0.278016,0.400914,-3.39812,-0.248106,0.40095,-3.39967,-0.248187,0.371085,-3.40192
1.09533,-1.70163,1.78149,48.8743,872420698,-0.26528,1.15919,-3.18204,-0.265034,1.1869,-3.17511,-0.236505,1.18702,-3.17659,-0.23675,1.15931,-3.18352,-0.277945,1.21254,-3.3951,-0.277687,1.2416,-3.38784,-0.247778,1.24172,-3.38939,-0.248035,1.21266,-3.39665
0.617897,-1.55469,1.74934,-5.27075,872420705,-0.266095,1.38094,-3.20794,-0.265817,1.40832,-3.1998,-0.237288,1.40847,-3.20128,-0.237566,1.38109,-3.20942,-0.278735,1.44362,-3.41845,-0.278443,1.47233,-3.40992,-0.248534,1.47248,-3.41147,-0.248825,1.44378,-3.42
3.97801,-2.81824,-2.19137,19.0663,872420776,-0.207733,-0.324899,-3.18562,-0.236272,-0.324876,-3.18432,-0.236331,-0.296365,-3.18611,-0.207793,-0.296387,-3.18741,-0.217753,-0.34009,-3.40487,-0.247672,-0.340067,-3.4035,-0.247734,-0.310176,-3.40538,-0.217815,-0.310199,-3.40675
1.24966,-2.88336,2.24178,12.9346,872420796,-0.236077,0.265099,-3.178,-0.236014,0.293621,-3.17639,-0.207476,0.293632,-3.17769,-0.207538,0.26511,-3.1793,-0.247475,0.277532,-3.39736,-0.24741,0.307434,-3.39566,-0.217491,0.307446,-3.39703,-0.217556,0.277544,-3.39872
2.12153,-2.64156,2.07951,41.5551,872420800,-0.236158,0.383562,-3.18068,-0.236074,0.412034,-3.17835,-0.207536,0.412057,-3.17965,-0.20762,0.383584,-3.18198,-0.247551,0.401509,-3.39965,-0.247463,0.431359,-3.39721,-0.217544,0.431383,-3.39858,-0.217632,0.401533,-3.40102
1.10747,-1.8643,-1.76252,-1.47853,872420881,-0.178497,-1.00761,-3.18413,-0.207043,-1.00758,-3.183,-0.207243,-0.97962,-3.18888,-0.178697,-0.979654,-3.19001,-0.187048,-1.05425,-3.39897,-0.216975,-1.05421,-3.39778,-0.217184,-1.0249,-3.40394,-0.187258,-1.02494,-3.40513
3.11836,-2.67154,2.02197,30.9649,872420928,-0.207056,0.383572,-3.1818,-0.206975,0.412045,-3.17947,-0.178429,0.412056,-3.1806,-0.17851,0.383583,-3.18293,-0.217068,0.40152,-3.40085,-0.216984,0.431371,-3.3984,-0.187057,0.431382,-3.39958,-0.187141,0.401532,-3.40202
2.07564,-2.763,-1.98859,44.2506,872421030,-0.149392,-0.383,-3.18353,-0.177944,-0.383,-3.18259,-0.178015,-0.354513,-3.18474,-0.149463,-0.354513,-3.18568,-0.156641,-0.400949,-3.40268,-0.186575,-0.400949,-3.40169,-0.186649,-0.371084,-3.40395,-0.156716,-0.371084,-3.40494
2.15049,-2.90196,-2.05612,5.16006,872421032,-0.149524,-0.324897,-3.18752,-0.178076,-0.324897,-3.18657,-0.178135,-0.296386,-3.18837,-0.149583,-0.296386,-3.18931,-0.15678,-0.34009,-3.40688,-0.186714,-0.34009,-3.40589,-0.186776,-0.310199,-3.40777,-0.156842,-0.310199,-3.40876
1.40411,-2.69887,1.96104,44.5444,872421056,-0.177956,0.383583,-3.18294,-0.177879,0.412055,-3.18061,-0.149326,0.412055,-3.18155,-0.149403,0.383583,-3.18388,-0.186586,0.401532,-3.40204,-0.186506,0.431382,-3.3996,-0.156572,0.431382,-3.40059,-0.156653,0.401532,-3.40303
1.16389,-1.99736,-1.68892,12.9215,872421269,-0.0892304,-0.886359,-3.17477,-0.117793,-0.886275,-3.17423,-0.117808,-0.85818,-3.17941,-0.0892451,-0.858264,-3.17995,-0.0934289,-0.927574,-3.39084,-0.123373,-0.927486,-3.39027,-0.123389,-0.898031,-3.3957,-0.0934444,-0.89812,-3.39626
1.63883,-2.67614,-1.80878,2.7021,872421284,-0.0892637,-0.441119,-3.17484,-0.117827,-0.441085,-3.1743,-0.11784,-0.412628,-3.17681,-0.0892774,-0.412661,-3.17735,-0.0934216,-0.46182,-3.39383,-0.123366,-0.461784,-3.39326,-0.123381,-0.43195,-3.3959,-0.093436,-0.431986,-3.39646
2.24633,-2.81322,1.84456,55.9986,872421311,-0.117834,0.354482,-3.18041,-0.117827,0.382969,-3.17826,-0.0892639,0.383003,-3.1788,-0.0892709,0.354516,-3.18095,-0.123375,0.371049,-3.39972,-0.123368,0.400914,-3.39746,-0.093423,0.40095,-3.39803,-0.0934303,0.371085,-3.40028
2.87971,-2.61206,1.79274,28.9503,872421314,-0.11782,0.444566,-3.18856,-0.11782,0.473007,-3.18588,-0.0892568,0.473058,-3.18641,-0.089257,0.444617,-3.1891,-0.123372,0.465262,-3.40752,-0.123371,0.495079,-3.4047,-0.0934266,0.495133,-3.40527,-0.0934269,0.465315,-3.40809
2.53975,-2.03065,1.69291,5.32839,872421327,-0.117806,0.829402,-3.18393,-0.117794,0.857529,-3.17893,-0.0892315,0.857613,-3.17947,-0.0892428,0.829486,-3.18447,-0.123387,0.867894,-3.40047,-0.123375,0.897381,-3.39523,-0.0934308,0.89747,-3.39579,-0.0934426,0.867982,-3.40103
0.556596,-1.58726,1.64634,-8.34485,872421344,-0.117734,1.35297,-3.21511,-0.117728,1.38041,-3.20714,-0.0891658,1.38056,-3.20768,-0.0891716,1.35312,-3.21565,-0.123418,1.41433,-3.42631,-0.123412,1.44309,-3.41796,-0.093468,1.44324,-3.41852,-0.093474,1.41448,-3.42687
0.982184,-1.96922,-1.65254,6.78152,872421396,-0.060095,-0.921891,-3.19716,-0.0886607,-0.921823,-3.1968,-0.0886624,-0.893761,-3.20215,-0.0600968,-0.893828,-3.20251,-0.0629332,-0.964465,-3.41299,-0.0928807,-0.964394,-3.41261,-0.0928825,-0.934975,-3.41822,-0.062935,-0.935045,-3.4186
3.10614,-2.90978,1.78648,-14.3359,872421438,-0.0887065,0.325427,-3.18237,-0.0887041,0.353926,-3.1804,-0.0601384,0.353949,-3.18076,-0.0601408,0.325449,-3.18273,-0.0928652,0.340617,-3.40181,-0.0928628,0.370496,-3.39975,-0.0629151,0.370519,-3.40012,-0.0629176,0.340641,-3.40219
8.7439,-2.83109,1.76995,11.4288,872421439,-0.0887086,0.354492,-3.18056,-0.088704,0.382979,-3.17841,-0.0601383,0.383001,-3.17877,-0.0601429,0.354514,-3.18092,-0.0928672,0.371061,-3.3999,-0.0928624,0.400926,-3.39765,-0.0629148,0.40095,-3.39802,-0.0629196,0.371085,-3.40028
1.13692,-1.6083,-1.6049,10.2036,872421510,-0.0309215,-1.33897,-3.17463,-0.0594888,-1.33892,-3.17444,-0.0594978,-1.31144,-3.18223,-0.0309305,-1.31148,-3.18242,-0.0324263,-1.40034,-3.38589,-0.0623756,-1.40029,-3.38569,-0.0623851,-1.37148,-3.39387,-0.0324358,-1.37153,-3.39407
4.1157,-2.92433,-1.70337,16.4621,872421543,-0.0310167,-0.353948,-3.18075,-0.0595842,-0.353937,-3.18057,-0.0595854,-0.325437,-3.18254,-0.031018,-0.325448,-3.18272,-0.0324107,-0.370519,-3.40012,-0.0623601,-0.370507,-3.39993,-0.0623613,-0.340629,-3.402,-0.0324119,-0.34064,-3.40219
5.70423,-2.92433,1.70337,5.30527,872421566,-0.0595854,0.325437,-3.18254,-0.0595842,0.353937,-3.18057,-0.0310168,0.353948,-3.18075,-0.0310179,0.325448,-3.18272,-0.0623613,0.340629,-3.402,-0.0623601,0.370507,-3.39993,-0.0324107,0.370519,-3.40012,-0.0324119,0.34064,-3.40219
4.67643,-2.84349,1.69304,4.18152,872421567,-0.0595864,0.354502,-3.18073,-0.059584,0.382989,-3.17857,-0.0310166,0.383,-3.17876,-0.031019,0.354513,-3.18091,-0.0623623,0.371073,-3.40009,-0.0623598,0.400938,-3.39783,-0.0324104,0.400949,-3.39802,-0.0324129,0.371084,-3.40028
1.50638,-2.69894,1.67652,27.4497,872421569,-0.0595884,0.412647,-3.17713,-0.0595838,0.441105,-3.17462,-0.0310163,0.441116,-3.1748,-0.031021,0.412659,-3.17731,-0.0623641,0.431973,-3.39627,-0.0623593,0.461808,-3.39363,-0.0324099,0.461819,-3.39382,-0.0324147,0.431985,-3.39646
1.49524,-1.54802,1.60255,3.17752,872421602,-0.059482,1.409,-3.19923,-0.0594736,1.43633,-3.19092,-0.0309063,1.43638,-3.19111,-0.0309147,1.40905,-3.19943,-0.0624001,1.47301,-3.4097,-0.0623914,1.50167,-3.40098,-0.0324421,1.50172,-3.40119,-0.0324509,1.47307,-3.4099
1.85127,-2.36045,-1.59739,28.5862,872421662,-0.0018808,-0.621836,-3.18999,-0.0304488,-0.621836,-3.18998,-0.0304494,-0.593493,-3.19356,-0.00188138,-0.593493,-3.19357,-0.00191568,-0.650778,-3.40808,-0.0318657,-0.650778,-3.40808,-0.0318663,-0.621064,-3.41183,-0.00191629,-0.621064,-3.41183
1.99458,-2.93198,-1.6184,11.5815,872421671,-0.00189793,-0.353947,-3.18074,-0.0304659,-0.353947,-3.18074,-0.030466,-0.325448,-3.18271,-0.00189799,-0.325448,-3.18271,-0.00190898,-0.370519,-3.40012,-0.031859,-0.370519,-3.40012,-0.031859,-0.34064,-3.40219,-0.00190904,-0.34064,-3.40219
1.52155,-2.93198,1.6184,10.5298,872421694,-0.030466,0.325448,-3.18271,-0.0304659,0.353947,-3.18074,-0.00189793,0.353947,-3.18074,-0.00189799,0.325448,-3.18271,-0.031859,0.34064,-3.40219,-0.031859,0.370519,-3.40012,-0.00190898,0.370519,-3.40012,-0.00190904,0.34064,-3.40219
1.37475,-2.07268,1.59062,41.6847,872421710,-0.0304356,0.800707,-3.18896,-0.0304345,0.828865,-3.18414,-0.00186646,0.828865,-3.18415,-0.00186762,0.800707,-3.18897,-0.0318695,0.837847,-3.4058,-0.0318683,0.867367,-3.40075,-0.00191833,0.867367,-3.40075,-0.00191954,0.837847,-3.40581
1.93531,-2.77421,-1.53014,39.9725,872421797,0.0304657,-0.383583,-3.1791,0.0304657,-0.412055,-3.17677,0.00189767,-0.412055,-3.17677,0.00189775,-0.383583,-3.1791,0.0318589,-0.401532,-3.39836,0.0318588,-0.431382,-3.39592,0.00190884,-0.431382,-3.39592,0.00190892,-0.401532,-3.39836
3.18628,-2.84998,-1.52694,52.4477,872421798,0.0304659,-0.354513,-3.1809,0.0304658,-0.383,-3.17875,0.00189778,-0.383,-3.17875,0.0018979,-0.354513,-3.1809,0.031859,-0.371084,-3.40027,0.0318589,-0.400949,-3.39802,0.00190888,-0.400949,-3.39802,0.001909,-0.371084,-3.40028
3.00361,-2.93198,1.5232,47.0738,872421822,0.00189793,0.353947,-3.18074,0.0304659,0.353947,-3.18074,0.030466,0.325448,-3.18271,0.00189799,0.325448,-3.18271,0.00190898,0.370519,-3.40012,0.031859,0.370519,-3.40012,0.031859,0.34064,-3.40219,0.00190904,0.34064,-3.40219
3.35672,-2.51683,1.53951,-7.06083,872421828,0.00188999,0.531001,-3.18056,0.030458,0.531001,-3.18056,0.0304583,0.502596,-3.1836,0.00189028,0.502596,-3.1836,0.00191129,0.555829,-3.39916,0.0318613,0.555829,-3.39916,0.0318616,0.526049,-3.40235,0.00191159,0.526049,-3.40235
4.82327,-2.76863,-1.45741,12.8414,872421925,0.0595874,-0.383572,-3.17892,0.0595839,-0.412045,-3.17659,0.0310165,-0.412056,-3.17677,0.03102,-0.383583,-3.1791,0.0623632,-0.40152,-3.39818,0.0623596,-0.431371,-3.39573,0.0324102,-0.431382,-3.39592,0.0324138,-0.401532,-3.39837
0.77815,-2.40771,1.49216,-52.0465,872421958,0.0310082,0.588965,-3.17479,0.0595756,0.588949,-3.17461,0.0595804,0.560584,-3.17801,0.031013,0.560601,-3.17819,0.0324119,0.616537,-3.39305,0.0623613,0.616519,-3.39286,0.0623664,0.586783,-3.39643,0.032417,0.5868,-3.39662
1.64841,-2.50716,1.42778,10.2677,872422084,0.0601305,0.531004,-3.18058,0.0886962,0.53097,-3.18022,0.088701,0.502565,-3.18326,0.0601353,0.502599,-3.18362,0.0629172,0.555829,-3.39916,0.0928648,0.555794,-3.39878,0.0928698,0.526015,-3.40198,0.0629222,0.52605,-3.40235
1.74869,-2.03065,-1.44868,11.7303,872422166,0.117806,-0.829402,-3.18393,0.117794,-0.857529,-3.17893,0.0892315,-0.857613,-3.17947,0.0892428,-0.829486,-3.18447,0.123387,-0.867894,-3.40047,0.123375,-0.897381,-3.39523,0.0934308,-0.89747,-3.39579,0.0934426,-0.867982,-3.40103
3.38064,-2.74248,1.31614,14.1928,872422208,0.0892638,0.412059,-3.17681,0.117827,0.412025,-3.17627,0.117837,0.383552,-3.17861,0.0892741,0.383586,-3.17914,0.0934224,0.431383,-3.39593,0.123367,0.431348,-3.39536,0.123378,0.401497,-3.39781,0.0934332,0.401533,-3.39837
3.65209,-2.67614,1.33281,3.18551,872422209,0.0892637,0.441119,-3.17484,0.117827,0.441085,-3.1743,0.11784,0.412628,-3.17681,0.0892774,0.412661,-3.17735,0.0934216,0.46182,-3.39383,0.123366,0.461784,-3.39326,0.123381,0.43195,-3.3959,0.093436,0.431986,-3.39646
1.84644,-2.49786,1.37306,28.024,872422212,0.0892561,0.531006,-3.1806,0.117819,0.530956,-3.18006,0.117826,0.50255,-3.18311,0.0892633,0.502601,-3.18365,0.0934254,0.55583,-3.39916,0.12337,0.555777,-3.3986,0.123377,0.525997,-3.40179,0.0934329,0.52605,-3.40235
0.86645,-1.84736,1.46989,20.7907,872422229,0.0892131,1.0362,-3.17473,0.117776,1.0361,-3.17419,0.117791,1.00818,-3.18025,0.0892286,1.00828,-3.18079,0.0934319,1.08418,-3.3894,0.123376,1.08408,-3.38883,0.123393,1.05481,-3.39518,0.0934482,1.05491,-3.39575
1.43832,-2.02606,-1.41481,0.513026,872422294,0.146936,-0.829379,-3.18378,0.146921,-0.857506,-3.17878,0.118362,-0.857619,-3.1795,0.118377,-0.829492,-3.1845,0.1539,-0.867865,-3.40028,0.153884,-0.897353,-3.39504,0.123944,-0.89747,-3.39579,0.123959,-0.867982,-3.40103
1.5327,-2.3852,-1.34393,5.33179,872422303,0.146964,-0.56054,-3.17754,0.146945,-0.588905,-3.17414,0.118386,-0.588973,-3.17486,0.118405,-0.560608,-3.17826,0.153896,-0.586731,-3.39587,0.153877,-0.616468,-3.3923,0.123936,-0.616538,-3.39306,0.123956,-0.586801,-3.39662
2.49082,-2.79045,-1.2254,41.2946,872422310,0.146963,-0.354473,-3.18026,0.146954,-0.38296,-3.17811,0.118395,-0.383005,-3.17883,0.118404,-0.354518,-3.18098,0.153886,-0.371038,-3.39953,0.153877,-0.400903,-3.39728,0.123936,-0.40095,-3.39803,0.123946,-0.371085,-3.40029
2.01828,-2.86251,1.19843,17.4028,872422334,0.118395,0.353953,-3.18082,0.146954,0.353908,-3.1801,0.146958,0.325408,-3.18207,0.1184,0.325453,-3.18279,0.123937,0.37052,-3.40013,0.153877,0.370472,-3.39938,0.153882,0.340594,-3.40144,0.123942,0.340641,-3.4022
2.30211,-2.72268,1.24886,-6.80216,872422336,0.118395,0.412061,-3.17685,0.146954,0.412016,-3.17613,0.146967,0.383543,-3.17846,0.118408,0.383588,-3.17918,0.123935,0.431383,-3.39593,0.153876,0.431336,-3.39518,0.15389,0.401486,-3.39762,0.12395,0.401533,-3.39837
2.88488,-2.65878,1.26944,-4.94013,872422337,0.118395,0.441121,-3.17487,0.146953,0.441076,-3.17416,0.146972,0.412619,-3.17666,0.118413,0.412664,-3.17738,0.123934,0.46182,-3.39383,0.153875,0.461773,-3.39308,0.153894,0.431939,-3.39571,0.123953,0.431986,-3.39646
0.783317,-1.64693,-1.44221,12.5943,872422408,0.178459,-1.25504,-3.20068,0.178209,-1.28262,-3.19323,0.149657,-1.28262,-3.19419,0.149907,-1.25504,-3.20164,0.186975,-1.31242,-3.4129,0.186712,-1.34133,-3.40509,0.156779,-1.34133,-3.4061,0.157041,-1.31242,-3.4139
-0.37795,-2.638,-1.20487,0.889633,872422436,0.177896,-0.412658,-3.18114,0.177813,-0.441116,-3.17863,0.149261,-0.441116,-3.17958,0.149344,-0.412658,-3.18209,0.186523,-0.431985,-3.40013,0.186436,-0.461819,-3.3975,0.156503,-0.461819,-3.39849,0.15659,-0.431985,-3.40112
0.0900071,-2.69887,-1.18055,83.1148,872422437,0.177956,-0.383583,-3.18294,0.177879,-0.412055,-3.18061,0.149326,-0.412055,-3.18155,0.149403,-0.383583,-3.18388,0.186586,-0.401532,-3.40204,0.186506,-0.431382,-3.3996,0.156572,-0.431382,-3.40059,0.156653,-0.401532,-3.40303
0.95811,-2.763,-1.153,41.5837,872422438,0.178015,-0.354513,-3.18474,0.177944,-0.383,-3.18259,0.149392,-0.383,-3.18353,0.149463,-0.354513,-3.18568,0.186649,-0.371084,-3.40395,0.186575,-0.400949,-3.40169,0.156641,-0.400949,-3.40268,0.156716,-0.371084,-3.40494
3.52382,-2.83062,-1.12157,-0.0731173,872422439,0.178075,-0.325448,-3.18655,0.17801,-0.353947,-3.18458,0.149458,-0.353947,-3.18552,0.149523,-0.325448,-3.18749,0.186713,-0.34064,-3.40586,0.186644,-0.370519,-3.40379,0.156711,-0.370519,-3.40478,0.156779,-0.34064,-3.40685
-0.524973,-2.90196,-1.08548,1.82013,872422440,0.178135,-0.296386,-3.18837,0.178076,-0.324897,-3.18657,0.149524,-0.324897,-3.18752,0.149583,-0.296386,-3.18931,0.186776,-0.310199,-3.40777,0.186714,-0.34009,-3.40589,0.15678,-0.34009,-3.40688,0.156842,-0.310199,-3.40876
4.86551,-2.90196,1.08548,13.9807,872422461,0.149524,0.324897,-3.18752,0.178076,0.324897,-3.18657,0.178135,0.296386,-3.18837,0.149583,0.296386,-3.18931,0.15678,0.34009,-3.40688,0.186714,0.34009,-3.40589,0.186776,0.310199,-3.40777,0.156842,0.310199,-3.40876
1.98027,-2.763,1.153,-4.74265,872422463,0.149392,0.383,-3.18353,0.177944,0.383,-3.18259,0.178015,0.354513,-3.18474,0.149463,0.354513,-3.18568,0.156641,0.400949,-3.40268,0.186575,0.400949,-3.40169,0.186649,0.371084,-3.40395,0.156716,0.371084,-3.40494
1.96614,-2.69887,1.18055,6.11044,872422464,0.149326,0.412055,-3.18155,0.177879,0.412055,-3.18061,0.177956,0.383583,-3.18294,0.149403,0.383583,-3.18388,0.156572,0.431382,-3.40059,0.186506,0.431382,-3.3996,0.186586,0.401532,-3.40204,0.156653,0.401532,-3.40303
0.698813,-1.92779,1.39728,20.7616,872422482,0.149769,0.950456,-3.19631,0.178321,0.950456,-3.19536,0.178505,0.922428,-3.20088,0.149953,0.922428,-3.20184,0.156957,0.994389,-3.41176,0.18689,0.994389,-3.41076,0.187084,0.965005,-3.41656,0.15715,0.965005,-3.41756
-0.722509,-2.61373,-1.14681,1.01235,872422564,0.206998,-0.412647,-3.18001,0.20691,-0.441105,-3.1775,0.178364,-0.441116,-3.17862,0.178452,-0.412659,-3.18113,0.217006,-0.431973,-3.39893,0.216914,-0.461808,-3.3963,0.186987,-0.461819,-3.39748,0.187079,-0.431985,-3.40011
0.174799,-2.67154,-1.11962,2.20686,872422565,0.207056,-0.383572,-3.1818,0.206975,-0.412045,-3.17947,0.178429,-0.412056,-3.1806,0.17851,-0.383583,-3.18293,0.217068,-0.40152,-3.40085,0.216984,-0.431371,-3.3984,0.187057,-0.431382,-3.39958,0.187141,-0.401532,-3.40202
-2.04949,-2.73204,-1.08903,0.492133,872422566,0.207114,-0.354502,-3.1836,0.207041,-0.382989,-3.18145,0.178495,-0.383,-3.18258,0.178568,-0.354513,-3.18473,0.21713,-0.371073,-3.40276,0.217053,-0.400938,-3.4005,0.187126,-0.400949,-3.40168,0.187203,-0.371084,-3.40393
0.086555,-2.79534,-1.05441,0.611953,872422567,0.207173,-0.325437,-3.18542,0.207107,-0.353937,-3.18344,0.178561,-0.353948,-3.18457,0.178627,-0.325448,-3.18654,0.217192,-0.340629,-3.40467,0.217123,-0.370507,-3.4026,0.187196,-0.370519,-3.40378,0.187265,-0.34064,-3.40584
0.576823,-2.86149,-1.01502,-41.1071,872422568,0.207232,-0.296375,-3.18723,0.207173,-0.324887,-3.18544,0.178627,-0.324898,-3.18656,0.178686,-0.296386,-3.18836,0.217254,-0.310187,-3.40658,0.217192,-0.340078,-3.4047,0.187265,-0.34009,-3.40587,0.187327,-0.310199,-3.40775
3.6519,-2.86149,1.01502,-10.0845,872422589,0.178627,0.324898,-3.18656,0.207173,0.324887,-3.18544,0.207232,0.296375,-3.18723,0.178686,0.296386,-3.18836,0.187265,0.34009,-3.40587,0.217192,0.340078,-3.4047,0.217254,0.310187,-3.40658,0.187327,0.310199,-3.40775
6.24265,-2.79534,1.05441,30.2863,872422590,0.178561,0.353948,-3.18457,0.207107,0.353937,-3.18344,0.207173,0.325437,-3.18542,0.178627,0.325448,-3.18654,0.187196,0.370519,-3.40378,0.217123,0.370507,-3.4026,0.217192,0.340629,-3.40467,0.187265,0.34064,-3.40584
1.29517,-2.31456,1.26299,-5.97723,872422599,0.178849,0.621837,-3.19381,0.207395,0.621815,-3.19268,0.207514,0.593472,-3.19626,0.178968,0.593494,-3.19739,0.187465,0.650778,-3.41173,0.217392,0.650755,-3.41055,0.217516,0.621041,-3.4143,0.187589,0.621065,-3.41548
0.609483,-1.83663,1.38448,11.3573,872422613,0.178311,1.03619,-3.17853,0.206856,1.03616,-3.17741,0.207063,1.00824,-3.18346,0.178517,1.00828,-3.18459,0.186852,1.08418,-3.39307,0.216778,1.08415,-3.39189,0.216995,1.05488,-3.39823,0.187068,1.05491,-3.39942
0.923486,-2.25849,-1.23499,19.8005,872422685,0.236494,-0.622342,-3.1915,0.236367,-0.650662,-3.18774,0.207829,-0.650707,-3.18904,0.207955,-0.622387,-3.1928,0.247872,-0.651279,-3.40929,0.247738,-0.680969,-3.40535,0.21782,-0.681016,-3.40672,0.217953,-0.651326,-3.41066
0.440715,-2.64156,-1.06208,-42.5395,872422693,0.236158,-0.383562,-3.18068,0.236074,-0.412034,-3.17835,0.207536,-0.412057,-3.17965,0.20762,-0.383584,-3.18198,0.247551,-0.401509,-3.39965,0.247463,-0.431359,-3.39721,0.217544,-0.431383,-3.39858,0.217632,-0.401533,-3.40102
-0.156858,-2.69833,-1.02906,0.438563,872422694,0.236215,-0.354492,-3.18248,0.23614,-0.382979,-3.18033,0.207601,-0.383001,-3.18163,0.207677,-0.354514,-3.18378,0.247612,-0.371061,-3.40156,0.247533,-0.400926,-3.39931,0.217614,-0.40095,-3.40067,0.217693,-0.371085,-3.40293
-0.281493,-2.75725,-0.991997,1.09638,872422695,0.236273,-0.325427,-3.18429,0.236205,-0.353926,-3.18232,0.207667,-0.353949,-3.18362,0.207735,-0.325449,-3.18559,0.247673,-0.340617,-3.40347,0.247603,-0.370496,-3.40141,0.217684,-0.370519,-3.40277,0.217754,-0.340641,-3.40484
0.22313,-2.81824,-0.950222,0.832593,872422696,0.236331,-0.296365,-3.18611,0.236272,-0.324876,-3.18432,0.207733,-0.324899,-3.18562,0.207793,-0.296387,-3.18741,0.247734,-0.310176,-3.40538,0.247672,-0.340067,-3.4035,0.217753,-0.34009,-3.40487,0.217815,-0.3102,-3.40675
-0.146748,-2.88336,-0.899812,-4.23539,872422697,0.236077,-0.265099,-3.178,0.236014,-0.293621,-3.17639,0.207476,-0.293632,-3.17769,0.207538,-0.26511,-3.1793,0.247475,-0.277532,-3.39736,0.24741,-0.307434,-3.39566,0.217491,-0.307446,-3.39703,0.217556,-0.277544,-3.39872
1.30956,-2.24358,-1.19482,19.1245,872422813,0.265597,-0.622323,-3.19038,0.265469,-0.650642,-3.18662,0.236939,-0.65071,-3.1881,0.237067,-0.62239,-3.19186,0.278355,-0.651256,-3.4081,0.278221,-0.680946,-3.40416,0.248311,-0.681016,-3.40571,0.248446,-0.651327,-3.40965
0.00628278,-2.55809,-1.03943,0.103283,872422820,0.265207,-0.412628,-3.17777,0.265111,-0.441085,-3.17526,0.236581,-0.441119,-3.17674,0.236678,-0.412661,-3.17925,0.277977,-0.43195,-3.39655,0.277875,-0.461784,-3.39392,0.247966,-0.46182,-3.39547,0.248067,-0.431986,-3.3981
1.09278,-2.66251,-0.973118,-4.80665,872422822,0.265319,-0.354482,-3.18136,0.265242,-0.382969,-3.17921,0.236712,-0.383003,-3.18069,0.23679,-0.354516,-3.18285,0.278097,-0.371049,-3.40037,0.278016,-0.400914,-3.39812,0.248106,-0.40095,-3.39967,0.248187,-0.371085,-3.40192
0.143883,-2.71712,-0.934276,65.4957,872422823,0.265376,-0.325417,-3.18317,0.265307,-0.353917,-3.1812,0.236778,-0.353951,-3.18268,0.236846,-0.325451,-3.18466,0.278157,-0.340606,-3.40228,0.278085,-0.370484,-3.40021,0.248176,-0.370519,-3.40177,0.248248,-0.340641,-3.40383
2.84558,-2.77313,-0.890902,29.907,872422824,0.265433,-0.296355,-3.18499,0.265373,-0.324867,-3.1832,0.236844,-0.324901,-3.18468,0.236903,-0.296389,-3.18647,0.278217,-0.310164,-3.40419,0.278155,-0.340055,-3.40231,0.248245,-0.340091,-3.40387,0.248307,-0.3102,-3.40574
0.850521,-2.83204,-0.839055,-32.168,872422825,0.265183,-0.265094,-3.17688,0.265116,-0.293616,-3.17527,0.236587,-0.293633,-3.17675,0.236654,-0.265111,-3.17836,0.277962,-0.277526,-3.39616,0.277892,-0.307428,-3.39447,0.247982,-0.307446,-3.39603,0.248052,-0.277544,-3.39772
1.29618,-2.88982,-0.784073,2.4665,872422826,0.265209,-0.235976,-3.17776,0.265151,-0.264508,-3.17633,0.236622,-0.264525,-3.17781,0.236679,-0.235993,-3.17925,0.277991,-0.247028,-3.39712,0.27793,-0.27694,-3.39561,0.248021,-0.276958,-3.39717,0.248081,-0.247046,-3.39867
2.06358,-2.88982,0.784072,-14.13,872422843,0.236622,0.264525,-3.17781,0.265151,0.264508,-3.17633,0.265209,0.235976,-3.17776,0.236679,0.235993,-3.17925,0.248021,0.276958,-3.39717,0.27793,0.27694,-3.39561,0.277991,0.247028,-3.39712,0.248081,0.247046,-3.39867
2.14046,-2.83204,0.839055,1.06039,872422844,0.236587,0.293633,-3.17675,0.265116,0.293616,-3.17527,0.265183,0.265094,-3.17688,0.236654,0.265111,-3.17837,0.247982,0.307446,-3.39603,0.277892,0.307428,-3.39447,0.277962,0.277526,-3.39616,0.248052,0.277544,-3.39772
5.98633,-2.71712,0.934276,-2.08287,872422846,0.236778,0.353951,-3.18268,0.265307,0.353917,-3.1812,0.265376,0.325417,-3.18317,0.236846,0.325451,-3.18466,0.248176,0.370519,-3.40177,0.278085,0.370484,-3.40021,0.278157,0.340606,-3.40228,0.248247,0.340641,-3.40383
-0.300279,-2.52758,-0.990246,0.503053,872422948,0.294318,-0.412619,-3.17666,0.294217,-0.441076,-3.17415,0.265697,-0.441121,-3.17581,0.265798,-0.412664,-3.17832,0.308467,-0.431939,-3.39536,0.308361,-0.461773,-3.39273,0.278462,-0.46182,-3.39447,0.278568,-0.431986,-3.3971
0.807843,-2.57576,-0.957366,34.951,872422949,0.294373,-0.383543,-3.17845,0.294282,-0.412016,-3.17613,0.265763,-0.412061,-3.17779,0.265853,-0.383588,-3.18012,0.308527,-0.401486,-3.39727,0.308432,-0.431336,-3.39483,0.278532,-0.431383,-3.39657,0.278627,-0.401533,-3.39901
0.698659,-2.62515,-0.921121,34.9189,872422950,0.294428,-0.354473,-3.18026,0.294348,-0.38296,-3.17811,0.265828,-0.383005,-3.17977,0.265908,-0.354518,-3.18192,0.308586,-0.371038,-3.39918,0.308502,-0.400903,-3.39692,0.278603,-0.40095,-3.39867,0.278687,-0.371085,-3.40092
-0.021897,-2.67562,-0.88108,0.964923,872422951,0.294483,-0.325408,-3.18207,0.294414,-0.353908,-3.1801,0.265894,-0.353953,-3.18176,0.265964,-0.325453,-3.18373,0.308645,-0.340594,-3.40109,0.308572,-0.370472,-3.39902,0.278672,-0.37052,-3.40076,0.278746,-0.340641,-3.40283
-0.0128654,-2.72692,-0.83676,0.639113,872422952,0.294539,-0.296346,-3.18389,0.29448,-0.324858,-3.18209,0.26596,-0.324903,-3.18375,0.266019,-0.296391,-3.18555,0.308704,-0.310153,-3.403,0.308641,-0.340044,-3.40112,0.278742,-0.340091,-3.40286,0.278804,-0.3102,-3.40474
0.129676,-2.7801,-0.78426,-42.341,872422953,0.294294,-0.265089,-3.17578,0.294222,-0.293612,-3.17416,0.265703,-0.293634,-3.17582,0.265774,-0.265112,-3.17744,0.308453,-0.27752,-3.39497,0.308378,-0.307422,-3.39328,0.278479,-0.307446,-3.39502,0.278553,-0.277544,-3.39671
-1.22275,-2.83184,-0.7293,-3.04459,872422954,0.294318,-0.235972,-3.17666,0.294257,-0.264504,-3.17522,0.265738,-0.264526,-3.17688,0.265799,-0.235994,-3.17832,0.30848,-0.247022,-3.39593,0.308417,-0.276935,-3.39442,0.278517,-0.276958,-3.39616,0.278581,-0.247046,-3.39767
-0.172343,-2.88292,-0.668383,-1.0196,872422955,0.294343,-0.20686,-3.17755,0.294293,-0.2354,-3.17629,0.265773,-0.235423,-3.17795,0.265824,-0.206882,-3.17921,0.308508,-0.21653,-3.39688,0.308455,-0.246451,-3.39556,0.278556,-0.246474,-3.39731,0.278609,-0.216553,-3.39862
1.41366,-2.7801,0.784261,34.325,872422972,0.265703,0.293634,-3.17582,0.294222,0.293612,-3.17416,0.294294,0.265089,-3.17578,0.265774,0.265112,-3.17744,0.278479,0.307446,-3.39502,0.308378,0.307422,-3.39328,0.308453,0.27752,-3.39497,0.278553,0.277544,-3.39671
-0.247575,-2.28709,-1.07432,0.401499,872423071,0.325745,-0.5606,-3.18585,0.32552,-0.588965,-3.18245,0.297014,-0.588965,-3.18434,0.297239,-0.5606,-3.18773,0.341558,-0.5868,-3.40371,0.341322,-0.616537,-3.40015,0.311438,-0.616537,-3.40213,0.311673,-0.5868,-3.40569
-0.761739,-2.32657,-1.05208,0.231016,872423072,0.325923,-0.531595,-3.18855,0.32571,-0.559981,-3.18533,0.297205,-0.559981,-3.18722,0.297418,-0.531595,-3.19043,0.341747,-0.556422,-3.40657,0.341524,-0.586181,-3.4032,0.311639,-0.586181,-3.40518,0.311863,-0.556422,-3.40855
0.0310723,-2.36714,-1.028,0.443093,872423073,0.326103,-0.502596,-3.19126,0.325902,-0.531001,-3.18822,0.297396,-0.531001,-3.19011,0.297597,-0.502596,-3.19314,0.341937,-0.526049,-3.40943,0.341726,-0.555829,-3.40625,0.311841,-0.555829,-3.40823,0.312052,-0.526049,-3.41141
1.053,-2.4088,-1.00187,-1.19527,872423074,0.326283,-0.473602,-3.19397,0.326093,-0.502026,-3.19111,0.297588,-0.502026,-3.193,0.297777,-0.473602,-3.19586,0.342126,-0.49568,-3.41229,0.341927,-0.525479,-3.40929,0.312043,-0.525479,-3.41127,0.312241,-0.49568,-3.41427
-0.325534,-2.45151,-0.973447,-0.086025,872423075,0.326463,-0.444612,-3.1967,0.326286,-0.473053,-3.19402,0.29778,-0.473053,-3.1959,0.297958,-0.444612,-3.19859,0.342315,-0.465314,-3.41515,0.342129,-0.495131,-3.41234,0.312245,-0.495131,-3.41432,0.312431,-0.465314,-3.41713
0.306503,-2.49626,-0.94063,64.1464,872423076,0.325694,-0.412658,-3.18497,0.325529,-0.441116,-3.18246,0.297023,-0.441116,-3.18435,0.297189,-0.412658,-3.18686,0.341545,-0.431985,-3.40355,0.341371,-0.461819,-3.40092,0.311487,-0.461819,-3.4029,0.31166,-0.431985,-3.40553
-0.150846,-2.58654,-0.869198,119.721,872423078,0.325932,-0.354513,-3.18856,0.32579,-0.383,-3.18641,0.297284,-0.383,-3.1883,0.297426,-0.354513,-3.19045,0.341797,-0.371084,-3.40736,0.341648,-0.400949,-3.40511,0.311764,-0.400949,-3.40709,0.311913,-0.371084,-3.40934
0.376726,-2.63269,-0.828299,0.471623,872423079,0.326052,-0.325448,-3.19037,0.325921,-0.353947,-3.1884,0.297416,-0.353947,-3.19028,0.297546,-0.325448,-3.19225,0.341923,-0.34064,-3.40927,0.341787,-0.370519,-3.40721,0.311902,-0.370519,-3.40918,0.312039,-0.34064,-3.41125
0.474465,-2.67917,-0.783441,-93.2626,872423080,0.326172,-0.296386,-3.19218,0.326053,-0.324897,-3.19039,0.297548,-0.324897,-3.19228,0.297666,-0.296386,-3.19407,0.34205,-0.310199,-3.41118,0.341925,-0.34009,-3.4093,0.312041,-0.34009,-3.41128,0.312165,-0.310199,-3.41315
0.630869,-2.72719,-0.731338,55.8269,872423081,0.325641,-0.265109,-3.18408,0.325535,-0.293632,-3.18247,0.297029,-0.293632,-3.18436,0.297135,-0.265109,-3.18597,0.341518,-0.277543,-3.40316,0.341406,-0.307446,-3.40147,0.311521,-0.307446,-3.40345,0.311633,-0.277543,-3.40514
0.157907,-2.77312,-0.676966,2.75672,872423082,0.325699,-0.235992,-3.18496,0.325605,-0.264524,-3.18353,0.297099,-0.264524,-3.18542,0.297194,-0.235992,-3.18685,0.341581,-0.247046,-3.40411,0.341481,-0.276958,-3.40261,0.311597,-0.276958,-3.40459,0.311696,-0.247046,-3.40609
2.61616,-2.8179,-0.617428,3.85387,872423083,0.325758,-0.20688,-3.18585,0.325675,-0.23542,-3.1846,0.297169,-0.23542,-3.18648,0.297252,-0.20688,-3.18773,0.341644,-0.216553,-3.40507,0.341557,-0.246474,-3.40375,0.311672,-0.246474,-3.40573,0.311759,-0.216553,-3.40704
0.843838,-2.86077,-0.552436,19.6802,872423084,0.325817,-0.177772,-3.18674,0.325746,-0.206319,-3.18567,0.297241,-0.206319,-3.18756,0.297312,-0.177772,-3.18863,0.341707,-0.186064,-3.40602,0.341632,-0.215992,-3.40489,0.311747,-0.215992,-3.40687,0.311822,-0.186064,-3.40799
2.37755,-2.9008,-0.481827,32.4602,872423085,0.325877,-0.148667,-3.18765,0.325818,-0.177221,-3.18675,0.297312,-0.177221,-3.18864,0.297371,-0.148667,-3.18953,0.34177,-0.155578,-3.40697,0.341707,-0.185513,-3.40603,0.311823,-0.185513,-3.40801,0.311885,-0.155577,-3.40895
2.90176,-2.86077,0.552436,32.9128,872423097,0.297241,0.206319,-3.18756,0.325746,0.20632,-3.18567,0.325817,0.177772,-3.18675,0.297312,0.177772,-3.18863,0.311747,0.215992,-3.40687,0.341632,0.215992,-3.40489,0.341707,0.186064,-3.40602,0.311822,0.186064,-3.408
1.11969,-2.58654,0.869198,0.433503,872423103,0.297284,0.383,-3.1883,0.32579,0.383,-3.18641,0.325932,0.354513,-3.18856,0.297426,0.354513,-3.19045,0.311764,0.400949,-3.40709,0.341648,0.400949,-3.40511,0.341797,0.371084,-3.40736,0.311913,0.371084,-3.40934
1.03132,-2.541,0.906522,1.14483,872423104,0.297153,0.412055,-3.18632,0.325659,0.412055,-3.18443,0.325813,0.383583,-3.18676,0.297307,0.383583,-3.18865,0.311625,0.431382,-3.405,0.34151,0.431382,-3.40302,0.341671,0.401532,-3.40546,0.311786,0.401532,-3.40743
1.37358,-2.4088,1.00187,15.3488,872423107,0.297588,0.502026,-3.193,0.326093,0.502026,-3.19111,0.326283,0.473602,-3.19397,0.297777,0.473602,-3.19586,0.312043,0.525479,-3.41127,0.341927,0.525479,-3.40929,0.342126,0.49568,-3.41229,0.312242,0.49568,-3.41427
1.46925,-2.05884,-1.14694,0.763052,872423193,0.356079,-0.743152,-3.20357,0.355783,-0.771369,-3.19911,0.32729,-0.771397,-3.20118,0.327586,-0.743181,-3.20564,0.373226,-0.777563,-3.42019,0.372916,-0.807144,-3.41552,0.343044,-0.807173,-3.41769,0.343355,-0.777592,-3.42236
0.540137,-2.09052,-1.13082,-10.5016,872423194,0.354839,-0.709061,-3.18462,0.354551,-0.737305,-3.18034,0.326057,-0.737328,-3.1824,0.326346,-0.709084,-3.18669,0.371983,-0.742107,-3.40145,0.371681,-0.771717,-3.39696,0.341809,-0.77174,-3.39913,0.342112,-0.74213,-3.40362
-0.412283,-2.26526,-1.03607,-0.585513,872423199,0.354792,-0.560584,-3.18375,0.354563,-0.588948,-3.18036,0.32607,-0.588965,-3.18242,0.326299,-0.560601,-3.18582,0.371984,-0.586783,-3.40151,0.371744,-0.61652,-3.39795,0.341872,-0.616537,-3.40012,0.342113,-0.5868,-3.40368
0.640195,-2.30299,-1.01285,-22.7193,872423200,0.35497,-0.531579,-3.18645,0.354754,-0.559964,-3.18324,0.326261,-0.559981,-3.1853,0.326477,-0.531596,-3.18852,0.372173,-0.556405,-3.40437,0.371946,-0.586164,-3.401,0.342074,-0.586181,-3.40317,0.342301,-0.556423,-3.40654
0.374331,-2.34162,-0.987804,0.508193,872423201,0.355149,-0.50258,-3.18916,0.354945,-0.530985,-3.18612,0.326452,-0.531002,-3.18819,0.326655,-0.502597,-3.19123,0.372361,-0.526032,-3.40723,0.372148,-0.555811,-3.40405,0.342276,-0.555829,-3.40621,0.34249,-0.52605,-3.4094
0.101073,-2.38113,-0.96073,0.420277,872423202,0.355327,-0.473586,-3.19188,0.355137,-0.50201,-3.18902,0.326644,-0.502027,-3.19108,0.326834,-0.473603,-3.19395,0.372549,-0.495663,-3.41009,0.37235,-0.525462,-3.4071,0.342478,-0.52548,-3.40926,0.342678,-0.495681,-3.41226
0.819641,-2.42145,-0.931419,-2.75178,872423203,0.355507,-0.444596,-3.19461,0.355329,-0.473037,-3.19192,0.326836,-0.473054,-3.19399,0.327014,-0.444613,-3.19667,0.372738,-0.465297,-3.41295,0.372552,-0.495114,-3.41014,0.34268,-0.495132,-3.41231,0.342866,-0.465315,-3.41512
1.0334,-2.46329,-0.897621,31.9846,872423204,0.354742,-0.412647,-3.18288,0.354572,-0.441105,-3.18037,0.326079,-0.441116,-3.18244,0.326249,-0.412659,-3.18494,0.371971,-0.431973,-3.40135,0.371793,-0.461808,-3.39873,0.341921,-0.461819,-3.40089,0.3421,-0.431985,-3.40352
7.60371,-2.50506,-0.862821,-0.398687,872423205,0.35486,-0.383572,-3.18467,0.354702,-0.412045,-3.18234,0.326209,-0.412056,-3.18441,0.326366,-0.383583,-3.18673,0.372097,-0.40152,-3.40326,0.371932,-0.431371,-3.40082,0.34206,-0.431382,-3.40299,0.342225,-0.401532,-3.40542
0.167999,-2.54731,-0.824977,0.118742,872423206,0.354978,-0.354502,-3.18647,0.354833,-0.382989,-3.18432,0.32634,-0.383,-3.18638,0.326484,-0.354513,-3.18853,0.372222,-0.371073,-3.40517,0.372071,-0.400937,-3.40292,0.342199,-0.400949,-3.40508,0.34235,-0.371084,-3.40733
24.8272,-2.58982,-0.783794,-0.00833821,872423207,0.355096,-0.325437,-3.18827,0.354965,-0.353937,-3.1863,0.326472,-0.353948,-3.18837,0.326603,-0.325448,-3.19034,0.372347,-0.340629,-3.40707,0.372209,-0.370507,-3.40501,0.342338,-0.370519,-3.40717,0.342475,-0.34064,-3.40924
6.63766,-2.63233,-0.738968,0.488547,872423208,0.355215,-0.296375,-3.19009,0.355097,-0.324887,-3.1883,0.326604,-0.324898,-3.19036,0.326722,-0.296386,-3.19215,0.372472,-0.310187,-3.40898,0.372348,-0.340078,-3.4071,0.342476,-0.34009,-3.40927,0.3426,-0.310199,-3.41115
0.814704,-2.67566,-0.687258,57.1007,872423209,0.354689,-0.265104,-3.18199,0.354578,-0.293626,-3.18038,0.326085,-0.293632,-3.18245,0.326196,-0.26511,-3.18406,0.371944,-0.277538,-3.40096,0.371828,-0.30744,-3.39928,0.341956,-0.307446,-3.40144,0.342073,-0.277544,-3.40313
0.245757,-2.71689,-0.633878,0.939123,872423210,0.354746,-0.235986,-3.18287,0.354648,-0.264518,-3.18144,0.326155,-0.264524,-3.1835,0.326253,-0.235992,-3.18493,0.372006,-0.24704,-3.40192,0.371903,-0.276952,-3.40042,0.342032,-0.276958,-3.40258,0.342135,-0.247046,-3.40408
-0.0174865,-2.75672,-0.575989,3.3913,872423211,0.354804,-0.206874,-3.18376,0.354719,-0.235415,-3.1825,0.326225,-0.23542,-3.18457,0.32631,-0.20688,-3.18582,0.372068,-0.216547,-3.40287,0.371979,-0.246468,-3.40156,0.342107,-0.246474,-3.40372,0.342197,-0.216553,-3.40503
0.9608,-2.79446,-0.513431,39.3168,872423212,0.354862,-0.177766,-3.18465,0.35479,-0.206314,-3.18358,0.326296,-0.20632,-3.18564,0.326369,-0.177772,-3.18672,0.37213,-0.186058,-3.40382,0.372055,-0.215987,-3.40269,0.342183,-0.215993,-3.40486,0.342259,-0.186064,-3.40599
1.69776,-2.82935,-0.446164,44.4704,872423213,0.354921,-0.148662,-3.18556,0.354861,-0.177216,-3.18466,0.326368,-0.177221,-3.18673,0.326427,-0.148667,-3.18762,0.372192,-0.155572,-3.40477,0.37213,-0.185507,-3.40383,0.342258,-0.185513,-3.406,0.34232,-0.155578,-3.40694
1.46507,-2.82935,0.446164,6.99927,872423224,0.326368,0.177221,-3.18673,0.354861,0.177216,-3.18466,0.354921,0.148662,-3.18556,0.326427,0.148667,-3.18762,0.342258,0.185513,-3.406,0.37213,0.185507,-3.40383,0.372192,0.155572,-3.40477,0.34232,0.155578,-3.40694
1.00106,-2.58982,0.783794,33.5629,872423230,0.326472,0.353948,-3.18837,0.354965,0.353937,-3.1863,0.355096,0.325437,-3.18827,0.326603,0.325448,-3.19034,0.342338,0.370519,-3.40717,0.372209,0.370507,-3.40501,0.372347,0.340629,-3.40707,0.342475,0.34064,-3.40924
-0.156598,-2.24256,-0.999468,-0.377804,872423327,0.383843,-0.560569,-3.18167,0.383609,-0.588933,-3.17827,0.355129,-0.588967,-3.18052,0.355363,-0.560602,-3.18391,0.402412,-0.586765,-3.39931,0.402167,-0.616502,-3.39576,0.37231,-0.616538,-3.39811,0.372555,-0.586801,-3.40167
0.661707,-2.27855,-0.975447,67.6277,872423328,0.384019,-0.531564,-3.18437,0.383799,-0.559949,-3.18115,0.35532,-0.559983,-3.1834,0.35554,-0.531598,-3.18661,0.4026,-0.556388,-3.40218,0.40237,-0.586146,-3.3988,0.372512,-0.586182,-3.40116,0.372743,-0.556423,-3.40453
1.85688,-2.31527,-0.949622,5.92246,872423329,0.384196,-0.502565,-3.18708,0.383991,-0.53097,-3.18404,0.355511,-0.531004,-3.18628,0.355717,-0.502599,-3.18932,0.402787,-0.526015,-3.40504,0.402572,-0.555794,-3.40185,0.372714,-0.555829,-3.4042,0.37293,-0.52605,-3.40739
1.4749,-2.35267,-0.921822,4.9592,872423330,0.384374,-0.473571,-3.18979,0.384182,-0.501995,-3.18693,0.355703,-0.502028,-3.18918,0.355894,-0.473605,-3.19204,0.402975,-0.495646,-3.4079,0.402774,-0.525445,-3.4049,0.372916,-0.52548,-3.40725,0.373117,-0.495681,-3.41025
0.690192,-2.39069,-0.891858,-28.2687,872423331,0.384552,-0.44458,-3.19252,0.384375,-0.473022,-3.18984,0.355895,-0.473055,-3.19208,0.356073,-0.444614,-3.19476,0.403162,-0.46528,-3.41076,0.402976,-0.495097,-3.40794,0.373118,-0.495132,-3.4103,0.373304,-0.465315,-3.41311
-0.0269918,-2.42973,-0.857368,0.083151,872423332,0.383792,-0.412637,-3.18079,0.383618,-0.441095,-3.17829,0.355138,-0.441117,-3.18053,0.355313,-0.41266,-3.18303,0.4024,-0.431962,-3.39915,0.402216,-0.461796,-3.39653,0.372359,-0.46182,-3.39888,0.372542,-0.431985,-3.40151
-0.00485033,-2.46867,-0.822156,0.18858,872423333,0.383909,-0.383562,-3.18258,0.383748,-0.412034,-3.18026,0.355268,-0.412057,-3.1825,0.355429,-0.383584,-3.18483,0.402524,-0.401509,-3.40106,0.402356,-0.431359,-3.39862,0.372498,-0.431383,-3.40098,0.372666,-0.401533,-3.40341
0.449286,-2.50784,-0.78409,49.8719,872423334,0.384026,-0.354492,-3.18438,0.383879,-0.382979,-3.18223,0.355399,-0.383001,-3.18448,0.355546,-0.354514,-3.18662,0.402648,-0.371061,-3.40297,0.402494,-0.400926,-3.40072,0.372637,-0.40095,-3.40307,0.372791,-0.371085,-3.40532
5.32484,-2.547,-0.742932,0.659713,872423335,0.384143,-0.325427,-3.18619,0.384011,-0.353926,-3.18422,0.355531,-0.353949,-3.18646,0.355663,-0.325449,-3.18843,0.402772,-0.340617,-3.40488,0.402633,-0.370496,-3.40281,0.372776,-0.370519,-3.40516,0.372915,-0.340641,-3.40723
1.30596,-2.58588,-0.698444,10.4583,872423336,0.384261,-0.296365,-3.188,0.384142,-0.324876,-3.18621,0.355663,-0.324899,-3.18846,0.355781,-0.296387,-3.19025,0.402896,-0.310176,-3.40678,0.402772,-0.340067,-3.40491,0.372915,-0.34009,-3.40726,0.373039,-0.3102,-3.40914
1.20043,-2.62501,-0.647447,45.9628,872423337,0.383739,-0.265099,-3.17991,0.383624,-0.293621,-3.1783,0.355144,-0.293632,-3.18054,0.35526,-0.26511,-3.18215,0.402373,-0.277532,-3.39877,0.402251,-0.307434,-3.39708,0.372394,-0.307446,-3.39943,0.372515,-0.277544,-3.40112
0.167321,-2.66211,-0.595305,1.17345,872423338,0.383795,-0.235981,-3.18079,0.383694,-0.264513,-3.17935,0.355214,-0.264525,-3.1816,0.355316,-0.235993,-3.18303,0.402434,-0.247034,-3.39972,0.402327,-0.276946,-3.39822,0.37247,-0.276958,-3.40057,0.372576,-0.247046,-3.40207
-0.520887,-2.69765,-0.539233,1.35358,872423339,0.383852,-0.206869,-3.18167,0.383764,-0.23541,-3.18042,0.355285,-0.235421,-3.18266,0.355372,-0.20688,-3.18392,0.402495,-0.216541,-3.40067,0.402403,-0.246462,-3.39936,0.372546,-0.246474,-3.40171,0.372637,-0.216553,-3.40302
0.105097,-2.73104,-0.479161,0.941823,872423340,0.383909,-0.177761,-3.18257,0.383836,-0.206309,-3.18149,0.355356,-0.20632,-3.18374,0.355429,-0.177773,-3.18481,0.402555,-0.186052,-3.40162,0.402479,-0.215981,-3.4005,0.372621,-0.215993,-3.40285,0.372698,-0.186064,-3.40398
1.15985,-2.76165,-0.415124,-19.9602,872423341,0.383966,-0.148657,-3.18347,0.383907,-0.177211,-3.18258,0.355427,-0.177222,-3.18482,0.355487,-0.148668,-3.18572,0.402616,-0.155566,-3.40258,0.402554,-0.185501,-3.40164,0.372697,-0.185513,-3.40399,0.372759,-0.155578,-3.40493
1.15703,-2.81202,0.271801,52.992,872423350,0.355156,0.117237,-3.18069,0.383636,0.117237,-3.17844,0.383678,0.0886745,-3.17898,0.355199,0.0886745,-3.18122,0.372427,0.122767,-3.39994,0.402285,0.122767,-3.39759,0.402329,0.092822,-3.39815,0.372471,0.092822,-3.40051
0.923955,-1.84639,1.20444,53.1926,872423379,0.355824,0.979035,-3.19162,0.384304,0.978968,-3.18937,0.384686,0.950975,-3.19506,0.356207,0.951042,-3.19731,0.37286,1.02432,-3.40624,0.402717,1.02425,-3.40388,0.403119,0.994901,-3.40985,0.373262,0.994971,-3.4122
0.613739,-1.82059,1.21442,25.8134,872423380,0.355452,1.00761,-3.18602,0.383932,1.00755,-3.18378,0.384328,0.97959,-3.18964,0.355849,0.979657,-3.19189,0.372469,1.05425,-3.40035,0.402326,1.05418,-3.398,0.402742,1.02487,-3.40415,0.372885,1.02494,-3.4065
0.769466,-1.91385,-1.14219,3.50672,872423445,0.412985,-0.85818,-3.18131,0.412629,-0.886275,-3.17614,0.384164,-0.886359,-3.17857,0.38452,-0.858264,-3.18373,0.432826,-0.898031,-3.39676,0.432452,-0.927486,-3.39135,0.40261,-0.927574,-3.39389,0.402984,-0.89812,-3.3993
0.54852,-2.05781,-1.06709,-38.6903,872423450,0.412942,-0.709022,-3.18045,0.412645,-0.737265,-3.17617,0.38418,-0.737333,-3.17859,0.384477,-0.709089,-3.18288,0.432842,-0.74206,-3.39705,0.43253,-0.771671,-3.39256,0.402688,-0.771741,-3.3951,0.403,-0.742131,-3.39959
0.0867086,-2.21914,-0.964508,0.406917,872423455,0.412896,-0.560554,-3.17959,0.412658,-0.588919,-3.1762,0.384193,-0.588969,-3.17862,0.384431,-0.560605,-3.18201,0.432843,-0.586748,-3.39712,0.432593,-0.616485,-3.39356,0.402751,-0.616538,-3.3961,0.403001,-0.586801,-3.39966
0.180409,-2.25342,-0.939839,62.8415,872423456,0.413072,-0.531549,-3.18229,0.412849,-0.559935,-3.17907,0.384383,-0.559985,-3.1815,0.384607,-0.5316,-3.18471,0.43303,-0.55637,-3.39998,0.432796,-0.586129,-3.39661,0.402954,-0.586182,-3.39914,0.403188,-0.556423,-3.40252
0.777434,-2.28828,-0.913414,15.0378,872423457,0.413248,-0.50255,-3.185,0.41304,-0.530956,-3.18196,0.384575,-0.531006,-3.18438,0.384783,-0.502601,-3.18742,0.433216,-0.525997,-3.40284,0.432998,-0.555777,-3.39965,0.403156,-0.55583,-3.40219,0.403374,-0.52605,-3.40538
0.178719,-2.32365,-0.885077,0.047817,872423458,0.413424,-0.473556,-3.18772,0.413232,-0.50198,-3.18486,0.384766,-0.502031,-3.18728,0.384959,-0.473607,-3.19014,0.433402,-0.495628,-3.4057,0.4332,-0.525427,-3.4027,0.403358,-0.52548,-3.40524,0.40356,-0.495682,-3.40824
0.174082,-2.35945,-0.854664,0.084349,872423459,0.413601,-0.444566,-3.19044,0.413424,-0.473007,-3.18776,0.384959,-0.473058,-3.19018,0.385136,-0.444617,-3.19287,0.433589,-0.465262,-3.40856,0.433402,-0.495079,-3.40575,0.40356,-0.495133,-3.40829,0.403746,-0.465315,-3.4111
0.0139267,-2.39582,-0.819731,-53.2884,872423460,0.412846,-0.412628,-3.17871,0.412667,-0.441085,-3.17621,0.384202,-0.441119,-3.17863,0.384381,-0.412661,-3.18114,0.43283,-0.43195,-3.39696,0.432643,-0.461784,-3.39433,0.402801,-0.46182,-3.39687,0.402988,-0.431986,-3.3995
0.243836,-2.43211,-0.784342,71.6558,872423461,0.412961,-0.383552,-3.18051,0.412797,-0.412025,-3.17818,0.384332,-0.412059,-3.1806,0.384496,-0.383586,-3.18293,0.432954,-0.401497,-3.39886,0.432782,-0.431348,-3.39643,0.40294,-0.431383,-3.39897,0.403112,-0.401533,-3.4014
0.195417,-2.46841,-0.746295,82.5826,872423462,0.413077,-0.354482,-3.1823,0.412928,-0.382969,-3.18016,0.384463,-0.383003,-3.18258,0.384612,-0.354516,-3.18473,0.433077,-0.371049,-3.40077,0.432921,-0.400914,-3.39852,0.403079,-0.40095,-3.40106,0.403235,-0.371085,-3.40331
0.578362,-2.50449,-0.705401,28.3078,872423463,0.413193,-0.325417,-3.18411,0.41306,-0.353917,-3.18214,0.384595,-0.353951,-3.18457,0.384728,-0.325451,-3.18653,0.4332,-0.340606,-3.40268,0.43306,-0.370484,-3.40061,0.403218,-0.370519,-3.40315,0.403358,-0.340641,-3.40522
0.501716,-2.54009,-0.661481,40.6663,872423464,0.41331,-0.296355,-3.18593,0.413192,-0.324867,-3.18414,0.384727,-0.324901,-3.18656,0.384845,-0.296389,-3.18835,0.433323,-0.310164,-3.40458,0.433199,-0.340055,-3.40271,0.403357,-0.340091,-3.40525,0.403481,-0.3102,-3.40712
0.241331,-2.57546,-0.611422,0.28026,872423465,0.412793,-0.265094,-3.17783,0.412673,-0.293616,-3.17622,0.384208,-0.293633,-3.17864,0.384328,-0.265111,-3.18025,0.432804,-0.277526,-3.39657,0.432678,-0.307428,-3.39488,0.402836,-0.307446,-3.39742,0.402961,-0.277544,-3.39911
2.68616,-2.60893,-0.56067,5.83481,872423466,0.412848,-0.235976,-3.17871,0.412743,-0.264508,-3.17728,0.384278,-0.264525,-3.1797,0.384383,-0.235993,-3.18113,0.432864,-0.247028,-3.39752,0.432754,-0.27694,-3.39602,0.402912,-0.276958,-3.39856,0.403022,-0.247046,-3.40006
0.233023,-2.64076,-0.506493,0.566513,872423467,0.412903,-0.206864,-3.1796,0.412814,-0.235405,-3.17834,0.384349,-0.235422,-3.18077,0.384438,-0.206881,-3.18202,0.432924,-0.216535,-3.39848,0.43283,-0.246456,-3.39716,0.402988,-0.246474,-3.3997,0.403081,-0.216553,-3.40102
0.148597,-2.67045,-0.448881,0.342292,872423468,0.412959,-0.177756,-3.18049,0.412885,-0.206304,-3.17942,0.38442,-0.206321,-3.18184,0.384494,-0.177773,-3.18292,0.432983,-0.186046,-3.39943,0.432905,-0.215975,-3.3983,0.403063,-0.215993,-3.40084,0.403141,-0.186064,-3.40197
3.14088,-2.69747,-0.387912,0.781612,872423469,0.413016,-0.148652,-3.1814,0.412956,-0.177206,-3.1805,0.384491,-0.177223,-3.18292,0.384551,-0.148669,-3.18382,0.433043,-0.15556,-3.40038,0.432981,-0.185495,-3.39944,0.403139,-0.185513,-3.40198,0.403201,-0.155578,-3.40292
1.5594,-2.77265,0.0391092,-11.0006,872423475,0.384252,0.0298764,-3.17928,0.412718,0.0298764,-3.17685,0.412718,0.00130836,-3.17685,0.384252,0.00130836,-3.17928,0.402907,0.0312592,-3.39848,0.432749,0.0312591,-3.39595,0.432749,0.00130914,-3.39595,0.402907,0.00130915,-3.39848
3.04356,-2.54009,0.661481,4.32462,872423485,0.384727,0.324901,-3.18656,0.413192,0.324867,-3.18414,0.41331,0.296355,-3.18593,0.384845,0.296389,-3.18835,0.403357,0.340091,-3.40525,0.433199,0.340055,-3.40271,0.433323,0.310164,-3.40458,0.403481,0.3102,-3.40712
1.33218,-2.39582,0.819731,43.2224,872423489,0.384202,0.441119,-3.17863,0.412667,0.441085,-3.17621,0.412846,0.412628,-3.17871,0.384381,0.412661,-3.18114,0.402801,0.46182,-3.39687,0.432643,0.461784,-3.39433,0.432831,0.43195,-3.39696,0.402988,0.431986,-3.3995
0.549087,-1.90093,-1.11497,12.8978,872423573,0.442043,-0.858157,-3.17923,0.441682,-0.886252,-3.17407,0.413233,-0.886364,-3.17667,0.413594,-0.858269,-3.18183,0.46326,-0.898003,-3.39456,0.462882,-0.927457,-3.38914,0.433056,-0.927575,-3.39187,0.433435,-0.89812,-3.39728
1.01933,-2.13189,-0.978439,26.5378,872423581,0.442706,-0.622304,-3.18923,0.442453,-0.650624,-3.18548,0.414004,-0.650714,-3.18808,0.414257,-0.622395,-3.19183,0.464022,-0.651233,-3.40628,0.463757,-0.680923,-3.40235,0.433931,-0.681017,-3.40508,0.434197,-0.651327,-3.40901
-0.0116222,-2.19515,-0.931158,-1.6565,872423583,0.441954,-0.56054,-3.17752,0.441712,-0.588905,-3.17413,0.413262,-0.588973,-3.17673,0.413505,-0.560608,-3.18012,0.463278,-0.586731,-3.39492,0.463023,-0.616468,-3.39136,0.433198,-0.616538,-3.39409,0.433452,-0.586802,-3.39764
0.0466602,-2.22777,-0.905986,-1.11571,872423584,0.442129,-0.531536,-3.18022,0.441902,-0.559921,-3.17701,0.413453,-0.559989,-3.17961,0.413679,-0.531603,-3.18282,0.463463,-0.556353,-3.39778,0.463226,-0.586112,-3.39441,0.4334,-0.586182,-3.39713,0.433638,-0.556424,-3.4005
0.0270116,-2.26082,-0.879115,-0.677645,872423585,0.442304,-0.502537,-3.18293,0.442093,-0.530942,-3.17989,0.413644,-0.53101,-3.18249,0.413854,-0.502604,-3.18553,0.463649,-0.52598,-3.40064,0.463428,-0.555759,-3.39745,0.433603,-0.55583,-3.40018,0.433823,-0.526051,-3.40336
0.100523,-2.29424,-0.850409,73.5291,872423586,0.442479,-0.473543,-3.18565,0.442285,-0.501966,-3.18279,0.413836,-0.502034,-3.18539,0.41403,-0.47361,-3.18825,0.463834,-0.495611,-3.4035,0.463631,-0.52541,-3.4005,0.433805,-0.525481,-3.40323,0.434009,-0.495682,-3.40623
-0.40201,-2.32792,-0.819725,0.064321,872423587,0.442655,-0.444552,-3.18837,0.442478,-0.472994,-3.18569,0.414028,-0.473061,-3.18829,0.414206,-0.44462,-3.19097,0.464019,-0.465245,-3.40636,0.463833,-0.495062,-3.40355,0.434007,-0.495133,-3.40627,0.434194,-0.465316,-3.40909
0.403479,-2.4625,-0.670904,44.0501,872423591,0.442248,-0.325408,-3.18204,0.442113,-0.353908,-3.18008,0.413664,-0.353953,-3.18268,0.413799,-0.325453,-3.18465,0.463632,-0.340594,-3.40048,0.46349,-0.370472,-3.39842,0.433665,-0.37052,-3.40114,0.433806,-0.340641,-3.40321
-0.604671,-2.49514,-0.627716,0.437483,872423592,0.442364,-0.296346,-3.18386,0.442245,-0.324858,-3.18207,0.413796,-0.324903,-3.18467,0.413915,-0.296391,-3.18646,0.463754,-0.310153,-3.40239,0.463629,-0.340044,-3.40051,0.433804,-0.340091,-3.40324,0.433928,-0.3102,-3.40511
-0.20773,-2.52715,-0.578747,0.164481,872423593,0.441852,-0.265089,-3.17576,0.441727,-0.293612,-3.17415,0.413278,-0.293634,-3.17676,0.413402,-0.265112,-3.17837,0.463238,-0.27752,-3.39437,0.463108,-0.307422,-3.39269,0.433282,-0.307446,-3.39541,0.433413,-0.277544,-3.3971
0.196538,-2.55743,-0.52947,0.497963,872423594,0.441905,-0.235972,-3.17664,0.441797,-0.264504,-3.17521,0.413348,-0.264526,-3.17781,0.413456,-0.235994,-3.17924,0.463297,-0.247022,-3.39533,0.463184,-0.276935,-3.39383,0.433358,-0.276958,-3.39655,0.433472,-0.247046,-3.39805
0.0150576,-2.58605,-0.477203,-0.00485903,872423595,0.441959,-0.20686,-3.17753,0.441867,-0.2354,-3.17628,0.413418,-0.235423,-3.17888,0.41351,-0.206882,-3.18013,0.463356,-0.21653,-3.39628,0.46326,-0.246451,-3.39496,0.433434,-0.246474,-3.39769,0.433531,-0.216553,-3.399
0.333142,-2.61257,-0.421976,22.9143,872423596,0.442014,-0.177752,-3.17843,0.441939,-0.2063,-3.17735,0.413489,-0.206322,-3.17995,0.413565,-0.177775,-3.18103,0.463415,-0.186041,-3.39723,0.463336,-0.215969,-3.3961,0.43351,-0.215993,-3.39883,0.43359,-0.186064,-3.39996
-0.559355,-2.63657,-0.363894,-41.6745,872423597,0.442069,-0.148647,-3.17933,0.44201,-0.177201,-3.17844,0.413561,-0.177224,-3.18104,0.41362,-0.14867,-3.18193,0.463474,-0.155554,-3.39818,0.463412,-0.18549,-3.39724,0.433586,-0.185513,-3.39997,0.433648,-0.155578,-3.40091
2.27473,-2.70233,-0.0364532,47.2266,872423602,0.441771,-0.00130836,-3.17479,0.441771,-0.0298764,-3.17479,0.413322,-0.0298764,-3.17739,0.413322,-0.00130836,-3.17739,0.463179,-0.00130914,-3.39375,0.463179,-0.0312591,-3.39375,0.433354,-0.0312591,-3.39648,0.433354,-0.00130915,-3.39648
1.89195,-2.69758,0.104197,22.7545,872423604,0.413311,0.0589946,-3.17722,0.44176,0.0589946,-3.17462,0.441776,0.0304272,-3.1748,0.413327,0.0304272,-3.1774,0.433341,0.0617596,-3.39629,0.463167,0.0617597,-3.39356,0.463184,0.0318103,-3.39375,0.433358,0.0318102,-3.39648
0.92909,-2.4625,0.670904,-5.50406,872423614,0.413664,0.353953,-3.18268,0.442113,0.353908,-3.18008,0.442248,0.325408,-3.18204,0.413799,0.325453,-3.18465,0.433665,0.37052,-3.40114,0.46349,0.370472,-3.39842,0.463632,0.340594,-3.40048,0.433806,0.340641,-3.40321
-0.173216,-2.42109,-0.635828,84.1903,872423719,0.474557,-0.325448,-3.19416,0.474362,-0.353947,-3.1922,0.445934,-0.353947,-3.19502,0.446129,-0.325448,-3.19699,0.497646,-0.34064,-3.41242,0.497441,-0.370519,-3.41036,0.467638,-0.370519,-3.41333,0.467843,-0.34064,-3.41538
0.238313,-2.45069,-0.593523,-0.101381,872423720,0.474737,-0.296386,-3.19597,0.474559,-0.324897,-3.19419,0.446131,-0.324897,-3.19701,0.446309,-0.296386,-3.1988,0.497835,-0.310199,-3.41432,0.497649,-0.34009,-3.41245,0.467846,-0.34009,-3.41541,0.468032,-0.310199,-3.41729
1.6894,-2.47985,-0.546132,3.85279,872423721,0.473939,-0.265109,-3.18789,0.473779,-0.293632,-3.18629,0.445351,-0.293632,-3.18911,0.445511,-0.265109,-3.19072,0.497039,-0.277543,-3.40633,0.496871,-0.307446,-3.40464,0.467068,-0.307446,-3.40761,0.467235,-0.277543,-3.40929
0.86237,-1.81645,1.12523,2.26939,872423763,0.446399,0.97903,-3.20018,0.474826,0.97903,-3.19735,0.475392,0.951038,-3.20302,0.446965,0.951038,-3.20586,0.46776,1.02432,-3.41441,0.497562,1.02432,-3.41144,0.498156,0.99497,-3.41739,0.468353,0.99497,-3.42036
0.50018,-1.79238,1.13694,-0.709191,872423764,0.445842,1.00761,-3.1946,0.474269,1.00761,-3.19177,0.474853,0.979652,-3.19762,0.446426,0.979652,-3.20045,0.467175,1.05425,-3.40854,0.496977,1.05425,-3.40557,0.497589,1.02494,-3.41171,0.467787,1.02494,-3.41468
1.06285,-2.11889,-0.891988,-10.8138,872423838,0.504572,-0.593472,-3.20191,0.504217,-0.621815,-3.19835,0.475808,-0.621837,-3.20135,0.476162,-0.593494,-3.20491,0.52894,-0.621041,-3.41881,0.528568,-0.650755,-3.41508,0.498784,-0.650778,-3.41823,0.499156,-0.621064,-3.42197
0.69396,-2.38049,-0.606934,-20.4063,872423847,0.503516,-0.325437,-3.19111,0.50332,-0.353937,-3.18915,0.474911,-0.353948,-3.19215,0.475107,-0.325448,-3.19411,0.52798,-0.340629,-3.40922,0.527774,-0.370507,-3.40716,0.497991,-0.370519,-3.41031,0.498196,-0.34064,-3.41237
-0.102293,-2.40772,-0.565563,-0.034129,872423848,0.503695,-0.296375,-3.19292,0.503518,-0.324887,-3.19113,0.475108,-0.324898,-3.19414,0.475286,-0.296386,-3.19592,0.528168,-0.310187,-3.41112,0.527982,-0.340078,-3.40925,0.498198,-0.34009,-3.4124,0.498384,-0.310199,-3.41427
1.42475,-2.52221,-0.321642,28.8616,872423853,0.503251,-0.148662,-3.1884,0.503162,-0.177216,-3.18751,0.474753,-0.177221,-3.19051,0.474841,-0.148667,-3.1914,0.527749,-0.155572,-3.40693,0.527656,-0.185507,-3.40599,0.497872,-0.185513,-3.40914,0.497965,-0.155578,-3.41008
1.79566,-2.56963,0.0912556,45.9049,872423860,0.474377,0.0589946,-3.1867,0.502787,0.0589946,-3.1837,0.502806,0.0304272,-3.18388,0.474396,0.0304272,-3.18688,0.497507,0.0617597,-3.40547,0.527291,0.0617597,-3.40232,0.52731,0.0318103,-3.40251,0.497527,0.0318102,-3.40566
0.588723,-1.79178,-1.07748,-13.8234,872423954,0.533315,-0.950975,-3.19692,0.532744,-0.978968,-3.19124,0.504354,-0.979035,-3.19443,0.504925,-0.951042,-3.2001,0.558827,-0.994901,-3.41098,0.558229,-1.02425,-3.40503,0.528466,-1.02432,-3.40837,0.529064,-0.994971,-3.41432
0.728121,-1.81512,-1.06439,-7.80063,872423955,0.533852,-0.922366,-3.20233,0.533301,-0.950394,-3.19683,0.504912,-0.950461,-3.20001,0.505462,-0.922433,-3.20552,0.559391,-0.964936,-3.41666,0.558814,-0.99432,-3.41089,0.529051,-0.994391,-3.41423,0.529628,-0.965007,-3.42
-0.0644229,-2.34074,-0.580256,-0.025297,872423975,0.532479,-0.325427,-3.18807,0.532281,-0.353926,-3.1861,0.503891,-0.353949,-3.18929,0.504088,-0.325449,-3.19125,0.558316,-0.340617,-3.40602,0.558109,-0.370496,-3.40396,0.528346,-0.370519,-3.4073,0.528553,-0.340641,-3.40936
-0.1015,-2.36585,-0.539864,0.386834,872423976,0.532656,-0.296365,-3.18988,0.532479,-0.324876,-3.18809,0.504089,-0.324899,-3.19128,0.504266,-0.296387,-3.19306,0.558503,-0.310176,-3.40792,0.558317,-0.340067,-3.40605,0.528554,-0.34009,-3.40939,0.52874,-0.3102,-3.41126
1.527,-2.4336,-0.403651,7.62027,872423979,0.532038,-0.206869,-3.18356,0.53191,-0.23541,-3.18231,0.503519,-0.235421,-3.1855,0.503648,-0.20688,-3.18675,0.5579,-0.216541,-3.40183,0.557765,-0.246462,-3.40052,0.528002,-0.246474,-3.40385,0.528136,-0.216553,-3.40516
5.55725,-2.45279,-0.355105,1.92568,872423980,0.532125,-0.177761,-3.18446,0.532016,-0.206309,-3.18339,0.503626,-0.20632,-3.18657,0.503735,-0.177773,-3.18764,0.557992,-0.186052,-3.40278,0.557878,-0.215981,-3.40165,0.528115,-0.215993,-3.40499,0.528229,-0.186064,-3.40611
0.823124,-2.28813,0.65508,15.5913,872424000,0.503498,0.412057,-3.18533,0.531888,0.412035,-3.18215,0.532125,0.383562,-3.18447,0.503735,0.383584,-3.18765,0.52793,0.431383,-3.40312,0.557693,0.431359,-3.39978,0.557942,0.401509,-3.40222,0.528179,0.401533,-3.40555
1.1048,-2.26098,0.689611,49.5184,872424001,0.503303,0.441117,-3.18337,0.531693,0.441095,-3.18019,0.53195,0.412637,-3.18268,0.50356,0.41266,-3.18587,0.527722,0.46182,-3.40103,0.557485,0.461796,-3.3977,0.557755,0.431962,-3.40031,0.527992,0.431985,-3.40365
0.713394,-1.57549,-1.16295,7.67645,872424072,0.56276,-1.25492,-3.19907,0.562012,-1.2825,-3.19166,0.533643,-1.28263,-3.19502,0.534391,-1.25505,-3.20243,0.589381,-1.31228,-3.40979,0.588597,-1.3412,-3.40202,0.558855,-1.34134,-3.40554,0.559639,-1.31242,-3.41332
1.27571,-2.40446,-0.337719,2.65028,872424108,0.561091,-0.177757,-3.18142,0.560981,-0.206304,-3.18035,0.532611,-0.206321,-3.18371,0.532721,-0.177773,-3.18478,0.588331,-0.186046,-3.39958,0.588216,-0.215975,-3.39845,0.558474,-0.215993,-3.40198,0.558589,-0.186064,-3.4031
1.14257,-2.20215,0.697274,37.7412,872424130,0.533426,0.473058,-3.19203,0.561795,0.473007,-3.18867,0.562062,0.444566,-3.19135,0.533692,0.444617,-3.19471,0.559216,0.495132,-3.4094,0.588958,0.495079,-3.40588,0.589237,0.465262,-3.40868,0.559495,0.465315,-3.41221
0.651121,-1.56689,-1.14386,14.6273,872424200,0.591731,-1.25488,-3.19604,0.590981,-1.28246,-3.18862,0.562633,-1.28264,-3.19216,0.563383,-1.25506,-3.19957,0.619723,-1.31224,-3.40658,0.618937,-1.34115,-3.39881,0.589217,-1.34134,-3.40251,0.590004,-1.31242,-3.41028
0.725878,-1.60499,1.1255,48.2678,872424283,0.564105,1.22632,-3.20689,0.592453,1.22614,-3.20335,0.59316,1.19847,-3.21042,0.564812,1.19864,-3.21396,0.590762,1.28234,-3.41796,0.620482,1.28216,-3.41426,0.621222,1.25315,-3.42167,0.591503,1.25333,-3.42537
0.799914,-2.04871,-0.756705,15.2917,872424351,0.623135,-0.5606,-3.1934,0.622688,-0.588965,-3.19003,0.594368,-0.588965,-3.19378,0.594815,-0.5606,-3.19715,0.65322,-0.5868,-3.40976,0.652752,-0.616537,-3.40622,0.623061,-0.616537,-3.41016,0.62353,-0.5868,-3.41369
0.667947,-2.07219,-0.730617,25.6975,872424352,0.623491,-0.531595,-3.19608,0.623067,-0.559981,-3.19289,0.594747,-0.559981,-3.19664,0.595171,-0.531595,-3.19984,0.653597,-0.556422,-3.4126,0.653153,-0.586181,-3.40925,0.623463,-0.586181,-3.41318,0.623907,-0.556422,-3.41654
-0.209105,-2.14154,0.644718,0.666303,872424386,0.595891,0.473053,-3.20527,0.624211,0.473053,-3.20152,0.624565,0.444612,-3.20418,0.596245,0.444612,-3.20794,0.624667,0.495131,-3.42227,0.654357,0.495131,-3.41833,0.654728,0.465314,-3.42112,0.625038,0.465314,-3.42506
-0.116804,-2.11869,0.674669,0.319426,872424387,0.595509,0.502026,-3.20239,0.623829,0.502026,-3.19863,0.624206,0.473602,-3.20147,0.595886,0.473602,-3.20523,0.624266,0.525479,-3.41924,0.653956,0.525479,-3.4153,0.654351,0.49568,-3.41828,0.624661,0.49568,-3.42222
-0.253007,-2.09555,0.703287,-0.011966,872424388,0.595127,0.531001,-3.19951,0.623447,0.531001,-3.19575,0.623848,0.502596,-3.19877,0.595528,0.502596,-3.20253,0.623864,0.555829,-3.41621,0.653554,0.555829,-3.41227,0.653974,0.526049,-3.41544,0.624284,0.526049,-3.41938
1.60271,-2.31252,0.0244543,46.3444,872424499,0.623337,0.0298764,-3.19061,0.651633,0.0298763,-3.18668,0.651633,0.00130834,-3.18668,0.623337,0.00130837,-3.19061,0.653608,0.0312592,-3.40852,0.683274,0.0312591,-3.4044,0.683274,0.00130913,-3.4044,0.653608,0.00130916,-3.40852
-0.126004,-2.04031,0.659031,-0.366658,872424644,0.652866,0.531004,-3.19188,0.681136,0.53097,-3.18777,0.681541,0.502565,-3.19079,0.653271,0.502599,-3.1949,0.684342,0.555829,-3.4082,0.71398,0.555794,-3.40389,0.714405,0.526015,-3.40706,0.684766,0.52605,-3.41136
-0.285291,-2.01933,0.685891,-0.882109,872424645,0.652485,0.559983,-3.18901,0.680756,0.559949,-3.1849,0.681187,0.531564,-3.1881,0.652916,0.531598,-3.19221,0.68394,0.586182,-3.40517,0.713578,0.586146,-3.40086,0.71403,0.556388,-3.40421,0.684391,0.556423,-3.40852
0.696164,-1.99814,0.711653,-10.1318,872424646,0.652106,0.588967,-3.18615,0.680377,0.588933,-3.18204,0.680833,0.560569,-3.18541,0.652562,0.560602,-3.18952,0.683538,0.616538,-3.40215,0.713177,0.616502,-3.39784,0.713655,0.586765,-3.40137,0.684016,0.586801,-3.40568
1.41888,-2.1901,-0.269361,2.99312,872424748,0.709809,-0.177756,-3.18233,0.709665,-0.206304,-3.18126,0.68142,-0.206321,-3.18555,0.681565,-0.177773,-3.18662,0.744167,-0.186046,-3.39948,0.744015,-0.215975,-3.39836,0.714404,-0.215993,-3.40285,0.714556,-0.186064,-3.40397
0.67113,-2.20822,0.187763,-11.5754,872424759,0.681002,0.146364,-3.18238,0.709247,0.146364,-3.17809,0.709354,0.117805,-3.1788,0.68111,0.117805,-3.18309,0.713995,0.153275,-3.39978,0.743606,0.153275,-3.39529,0.743719,0.123335,-3.39603,0.714108,0.123335,-3.40053
-1.13684,-2.01316,0.638636,0.135022,872424772,0.681742,0.531006,-3.18808,0.709986,0.530956,-3.18379,0.710394,0.50255,-3.18681,0.682149,0.502601,-3.19109,0.714586,0.55583,-3.40419,0.744197,0.555777,-3.3997,0.744624,0.525997,-3.40286,0.715013,0.526051,-3.40736
-0.255606,-1.99327,0.665209,0.058551,872424773,0.681362,0.559986,-3.18521,0.709606,0.559935,-3.18092,0.71004,0.531549,-3.18412,0.681796,0.5316,-3.1884,0.714184,0.586182,-3.40117,0.743795,0.586129,-3.39667,0.74425,0.55637,-3.40002,0.714639,0.556423,-3.40452
-0.218957,-1.97313,0.69075,-1.30738,872424774,0.680982,0.58897,-3.18235,0.709227,0.588919,-3.17806,0.709688,0.560554,-3.18143,0.681443,0.560605,-3.18572,0.713782,0.616538,-3.39814,0.743393,0.616485,-3.39365,0.743876,0.586748,-3.39718,0.714265,0.586801,-3.40167
1.02777,-2.17961,0.101618,12.9038,872424885,0.709924,0.0881146,-3.17888,0.738141,0.0881146,-3.17441,0.738197,0.0595488,-3.17477,0.70998,0.0595489,-3.17923,0.744294,0.0922618,-3.39614,0.773876,0.0922618,-3.39146,0.773935,0.0623141,-3.39183,0.744353,0.0623142,-3.39651
3.33341,-2.152,0.259109,-3.49,872424889,0.710303,0.206322,-3.18176,0.73852,0.2063,-3.17729,0.738666,0.177752,-3.17836,0.710449,0.177774,-3.18282,0.744654,0.215993,-3.39885,0.774236,0.215969,-3.39417,0.774389,0.186041,-3.39529,0.744807,0.186064,-3.39997
0.142412,-2.02306,0.563795,0.178687,872424898,0.711389,0.473061,-3.19004,0.739606,0.472994,-3.18558,0.739959,0.444552,-3.18824,0.711742,0.44462,-3.19271,0.745639,0.495133,-3.40624,0.775221,0.495062,-3.40156,0.775591,0.465245,-3.40436,0.746009,0.465316,-3.40903
-0.0860891,-1.98637,0.619299,0.178507,872424900,0.710625,0.53101,-3.18428,0.738842,0.530942,-3.17982,0.739251,0.502537,-3.18284,0.711034,0.502604,-3.1873,0.744835,0.55583,-3.40019,0.774417,0.555759,-3.39551,0.774846,0.52598,-3.39867,0.745264,0.526051,-3.40335
1.63813,-1.9675,0.645559,5.53053,872424901,0.710244,0.559989,-3.18141,0.738461,0.559921,-3.17695,0.738899,0.531536,-3.18014,0.710681,0.531603,-3.18461,0.744433,0.586182,-3.39716,0.774015,0.586112,-3.39248,0.774473,0.556353,-3.39583,0.744891,0.556424,-3.40051
2.59168,-1.94835,0.670849,1.10941,872424902,0.709865,0.588973,-3.17855,0.738082,0.588905,-3.17409,0.738547,0.56054,-3.17746,0.71033,0.560608,-3.18192,0.74403,0.616538,-3.39413,0.773613,0.616468,-3.38945,0.7741,0.586731,-3.39299,0.744518,0.586801,-3.39767
0.121628,-1.53469,-1.01971,20.9331,872424969,0.777185,-1.22683,-3.22267,0.77599,-1.25445,-3.21549,0.74781,-1.25446,-3.22018,0.749005,-1.22683,-3.22736,0.813496,-1.28287,-3.43229,0.812243,-1.31184,-3.42477,0.7827,-1.31184,-3.42969,0.783953,-1.28287,-3.43721
1.01102,-2.08373,0.352894,4.44308,872425020,0.744293,0.293632,-3.19846,0.772475,0.293632,-3.19378,0.77274,0.265109,-3.19537,0.744557,0.265109,-3.20005,0.780242,0.307446,-3.41507,0.809788,0.307446,-3.41016,0.810065,0.277543,-3.41183,0.780519,0.277543,-3.41674
0.381096,-1.99627,0.542872,64.4336,872425026,0.746175,0.473053,-3.20988,0.774357,0.473053,-3.2052,0.774798,0.444612,-3.20785,0.746616,0.444612,-3.21253,0.78203,0.495131,-3.42581,0.811575,0.495131,-3.42091,0.812037,0.465314,-3.42369,0.782491,0.465314,-3.42859
0.161865,-1.96208,0.597443,46.5016,872425028,0.745223,0.531001,-3.20414,0.773405,0.531001,-3.19946,0.773904,0.502596,-3.20247,0.745722,0.502596,-3.20715,0.78103,0.555829,-3.41979,0.810575,0.555829,-3.41488,0.811098,0.526049,-3.41803,0.781553,0.526049,-3.42294
0.10377,-1.94441,0.623357,0.3034,872425029,0.744749,0.559981,-3.20129,0.772931,0.559981,-3.19661,0.773459,0.531595,-3.19979,0.745277,0.531595,-3.20447,0.780529,0.586181,-3.41678,0.810075,0.586181,-3.41187,0.810629,0.556422,-3.4152,0.781083,0.556422,-3.42011
0.877707,-1.92645,0.648374,4.63651,872425030,0.744277,0.588965,-3.19844,0.772459,0.588965,-3.19376,0.773016,0.5606,-3.19712,0.744834,0.5606,-3.2018,0.780029,0.616537,-3.41376,0.809575,0.616537,-3.40886,0.810159,0.5868,-3.41238,0.780614,0.5868,-3.41728
1.37636,-1.87193,0.719199,-3.69895,872425033,0.745507,0.679574,-3.20592,0.773689,0.679573,-3.20124,0.774334,0.651278,-3.20512,0.746152,0.651278,-3.2098,0.781182,0.711254,-3.42069,0.810727,0.711253,-3.41578,0.811403,0.681589,-3.41985,0.781858,0.681589,-3.42476
-0.0159936,-1.52385,-1.00308,0.083568,872425097,0.805882,-1.22679,-3.21772,0.804685,-1.25441,-3.21054,0.776534,-1.25446,-3.21541,0.777731,-1.22683,-3.22259,0.843555,-1.28283,-3.42711,0.8423,-1.31179,-3.41958,0.812788,-1.31184,-3.42468,0.814042,-1.28287,-3.43221
1.37805,-1.99823,0.467714,-3.38661,872425152,0.773337,0.412056,-3.19564,0.801489,0.412045,-3.19078,0.801874,0.383572,-3.19308,0.773722,0.383583,-3.19794,0.810587,0.431382,-3.4116,0.840102,0.431371,-3.40651,0.840505,0.40152,-3.40892,0.810991,0.401532,-3.41401
0.274595,-1.9684,0.526616,-1.26572,872425154,0.774902,0.473054,-3.20511,0.803054,0.473037,-3.20026,0.803495,0.444596,-3.20291,0.775342,0.444613,-3.20777,0.81212,0.495132,-3.42082,0.841635,0.495114,-3.41573,0.842096,0.465297,-3.41851,0.812582,0.465315,-3.4236
-0.276444,-1.93599,0.580299,-0.372821,872425156,0.77395,0.531002,-3.19938,0.802102,0.530985,-3.19452,0.802603,0.50258,-3.19753,0.774451,0.502597,-3.20238,0.81112,0.555829,-3.4148,0.840634,0.555811,-3.40971,0.841159,0.526032,-3.41285,0.811645,0.52605,-3.41795
-0.155015,-1.9192,0.60586,0.210325,872425157,0.773476,0.559981,-3.19653,0.801628,0.559964,-3.19167,0.80216,0.531579,-3.19485,0.774007,0.531596,-3.19971,0.81062,0.586181,-3.41178,0.840134,0.586163,-3.40669,0.840691,0.556405,-3.41003,0.811177,0.556423,-3.41512
0.91665,-1.9021,0.630579,-11.5314,872425158,0.773004,0.588965,-3.19368,0.801156,0.588949,-3.18882,0.801718,0.560584,-3.19218,0.773565,0.560601,-3.19704,0.810119,0.616537,-3.40877,0.839633,0.616519,-3.40368,0.840222,0.586783,-3.4072,0.810708,0.5868,-3.41229
0.045873,-1.51288,-0.986793,0.191877,872425225,0.834581,-1.22675,-3.21278,0.833384,-1.25437,-3.2056,0.805263,-1.25446,-3.21064,0.806461,-1.22684,-3.21782,0.873615,-1.28278,-3.42192,0.872359,-1.31174,-3.41439,0.842878,-1.31184,-3.41967,0.844134,-1.28288,-3.4272
0.744218,-1.69271,-0.836269,20.7261,872425236,0.83436,-0.893761,-3.21124,0.833482,-0.921823,-3.20596,0.805361,-0.92189,-3.21099,0.806239,-0.893828,-3.21627,0.873894,-0.934975,-3.4237,0.872973,-0.964394,-3.41817,0.843492,-0.964465,-3.42344,0.844412,-0.935045,-3.42898
0.420832,-1.94106,0.51122,-0.249134,872425282,0.803633,0.473055,-3.20036,0.831755,0.473022,-3.19533,0.832195,0.44458,-3.19798,0.804074,0.444614,-3.20301,0.842214,0.495132,-3.41583,0.871695,0.495097,-3.41055,0.872157,0.46528,-3.41333,0.842675,0.465315,-3.41861
-0.0290752,-1.50181,-0.970846,-0.533781,872425353,0.863285,-1.22671,-3.20785,0.862086,-1.25433,-3.20067,0.833997,-1.25447,-3.20588,0.835196,-1.22684,-3.21306,0.903678,-1.28274,-3.41673,0.902421,-1.3117,-3.40921,0.872973,-1.31184,-3.41467,0.87423,-1.28288,-3.42219
3.03329,-2.03657,0.0184583,-1.43731,872425395,0.830595,0.0298763,-3.18483,0.858685,0.0298764,-3.17962,0.858685,0.00130838,-3.17962,0.830596,0.00130834,-3.18483,0.870697,0.0312591,-3.40115,0.900145,0.0312592,-3.39569,0.900145,0.00130916,-3.39569,0.870697,0.00130913,-3.40115
0.725791,-2.03537,0.0528862,19.4905,872425396,0.830567,0.0589946,-3.18466,0.858657,0.0589946,-3.17946,0.85869,0.0304272,-3.17963,0.8306,0.0304271,-3.18484,0.870667,0.0617596,-3.40096,0.900115,0.0617597,-3.39551,0.900149,0.0318103,-3.39569,0.870701,0.0318102,-3.40115
0.213016,-1.91425,0.496622,-1.7709,872425410,0.83237,0.473058,-3.19562,0.860459,0.473007,-3.19041,0.860899,0.444566,-3.19306,0.83281,0.444617,-3.19827,0.872311,0.495132,-3.41083,0.901759,0.495079,-3.40538,0.90222,0.465262,-3.40816,0.872772,0.465315,-3.41361
-0.154949,-1.49063,-0.955237,-0.909366,872425481,0.891994,-1.22667,-3.20293,0.890795,-1.2543,-3.19575,0.862738,-1.25448,-3.20113,0.863938,-1.22685,-3.20831,0.933745,-1.28269,-3.41154,0.932486,-1.31165,-3.40402,0.903073,-1.31184,-3.40966,0.904331,-1.28288,-3.41718
0.116453,-1.506,-0.943714,-0.70464,872425482,0.893178,-1.19847,-3.21006,0.892011,-1.22614,-3.20306,0.863954,-1.22632,-3.20843,0.865121,-1.19864,-3.21544,0.934985,-1.25315,-3.41902,0.933762,-1.28216,-3.41168,0.904348,-1.28234,-3.41731,0.905571,-1.25333,-3.42466
1.31159,-1.91279,0.427227,-0.521343,872425536,0.859548,0.412061,-3.18141,0.887604,0.412016,-3.17602,0.887999,0.383543,-3.17832,0.859943,0.383588,-3.1837,0.900879,0.431383,-3.39663,0.930293,0.431336,-3.39098,0.930707,0.401486,-3.39339,0.901293,0.401533,-3.39904
0.273493,-1.88795,0.482768,-17.662,872425538,0.861113,0.473061,-3.19088,0.889169,0.472993,-3.18549,0.889609,0.444552,-3.18815,0.861553,0.44462,-3.19353,0.902413,0.495133,-3.40584,0.931826,0.495062,-3.4002,0.932288,0.465245,-3.40298,0.902874,0.465316,-3.40862
0.221135,-1.86019,0.533756,-1.68798,872425540,0.860161,0.53101,-3.18514,0.888217,0.530942,-3.17976,0.888725,0.502537,-3.18276,0.860669,0.502604,-3.18815,0.901412,0.55583,-3.39982,0.930825,0.555759,-3.39417,0.931357,0.52598,-3.39732,0.901944,0.526051,-3.40296
-0.0194291,-1.84572,0.558205,82.8138,872425541,0.859687,0.559989,-3.18229,0.887743,0.559921,-3.17691,0.888284,0.531536,-3.18008,0.860228,0.531603,-3.18547,0.900911,0.586182,-3.3968,0.930324,0.586112,-3.39116,0.930892,0.556353,-3.39449,0.901478,0.556424,-3.40014
0.23397,-1.83091,0.581958,37.1808,872425542,0.859214,0.588973,-3.17944,0.88727,0.588905,-3.17406,0.887845,0.56054,-3.17741,0.859789,0.560608,-3.1828,0.90041,0.616538,-3.39379,0.929823,0.616468,-3.38815,0.930426,0.586731,-3.39166,0.901013,0.586801,-3.39731
-0.0872267,-1.55756,-0.872268,-2.15809,872425614,0.928248,-1.074,-3.22278,0.92699,-1.10184,-3.2165,0.898978,-1.10184,-3.2221,0.900236,-1.074,-3.22839,0.97169,-1.12334,-3.43273,0.970372,-1.15253,-3.42615,0.941004,-1.15253,-3.43203,0.942323,-1.12334,-3.43861
0.554569,-1.81079,0.563565,11.6823,872425670,0.895231,0.588965,-3.20307,0.923245,0.588965,-3.19747,0.923912,0.5606,-3.20081,0.895898,0.5606,-3.2064,0.938004,0.616537,-3.41711,0.967373,0.616537,-3.41124,0.968072,0.5868,-3.41473,0.938703,0.5868,-3.4206
0.0904231,-1.54408,-0.857074,40.21,872425742,0.956768,-1.07397,-3.2169,0.955509,-1.10181,-3.21062,0.927532,-1.10185,-3.2164,0.928791,-1.07401,-3.22268,1.00156,-1.1233,-3.42657,1.00024,-1.15249,-3.41998,0.970913,-1.15253,-3.42604,0.972233,-1.12334,-3.43263
1.46152,-1.93676,-0.0785589,48.7543,872425776,0.951917,-0.0595488,-3.19226,0.951845,-0.0881146,-3.19191,0.923866,-0.0881146,-3.19768,0.923939,-0.0595489,-3.19803,0.997714,-0.0623141,-3.40743,0.997638,-0.0922618,-3.40706,0.968306,-0.0922618,-3.41311,0.968382,-0.0623142,-3.41348
0.688621,-1.89085,0.319319,-6.58773,872425789,0.925354,0.324898,-3.20517,0.953333,0.324887,-3.1994,0.953684,0.296375,-3.20116,0.925705,0.296386,-3.20693,0.969709,0.34009,-3.42012,0.999041,0.340078,-3.41407,0.999409,0.310187,-3.41592,0.970077,0.310199,-3.42197
1.08526,-1.788,0.5497,5.0181,872425798,0.923787,0.588965,-3.19737,0.951765,0.588949,-3.1916,0.952436,0.560584,-3.19493,0.924458,0.560601,-3.20071,0.967914,0.616537,-3.41113,0.997246,0.616519,-3.40508,0.99795,0.586783,-3.40858,0.968618,0.5868,-3.41463
0.0661036,-1.53059,-0.842269,39.2123,872425870,0.985291,-1.07393,-3.21103,0.984031,-1.10177,-3.20474,0.95609,-1.10185,-3.2107,0.95735,-1.07401,-3.21698,1.03144,-1.12326,-3.4204,1.03012,-1.15245,-3.41382,1.00083,-1.15253,-3.42006,1.00215,-1.12334,-3.42664
1.96799,-1.90648,-0.0762478,47.132,872425904,0.980444,-0.0595489,-3.1864,0.980369,-0.0881146,-3.18605,0.952427,-0.0881146,-3.192,0.952502,-0.0595489,-3.19235,1.02759,-0.0623142,-3.40128,1.02751,-0.0922618,-3.40091,0.99822,-0.0922618,-3.40714,0.998299,-0.0623142,-3.40751
-0.079179,-1.51709,-0.827843,-1.49636,872425998,1.01382,-1.0739,-3.20516,1.01256,-1.10174,-3.19888,0.984654,-1.10186,-3.205,0.985915,-1.07401,-3.21128,1.06132,-1.12322,-3.41424,1.05999,-1.15241,-3.40765,1.03074,-1.15253,-3.41407,1.03206,-1.12334,-3.42066
0.0328745,-1.50358,-0.813786,-84.0347,872426126,1.04235,-1.07387,-3.19931,1.04109,-1.10171,-3.19302,1.01322,-1.10186,-3.19932,1.01449,-1.07402,-3.2056,1.0912,-1.12318,-3.40807,1.08988,-1.15237,-3.40149,1.06066,-1.15253,-3.40809,1.06198,-1.12334,-3.41467
-0.100326,-1.51735,-0.79996,-1.69422,872426127,1.04359,-1.04545,-3.20553,1.04237,-1.07333,-3.19942,1.0145,-1.07348,-3.20571,1.01573,-1.0456,-3.21182,1.0925,-1.09341,-3.41459,1.09122,-1.12264,-3.40819,1.062,-1.1228,-3.41479,1.06329,-1.09357,-3.42119
0.643604,-1.82358,0.239733,-3.04535,872426171,1.00971,0.264526,-3.18139,1.03758,0.264504,-3.17509,1.03787,0.235972,-3.1765,1.01001,0.235995,-3.18279,1.05815,0.276958,-3.39563,1.08736,0.276935,-3.38903,1.08767,0.247022,-3.3905,1.05846,0.247046,-3.39711
0.14579,-1.51964,-0.766357,-9.04227,872426256,1.07652,-1.00827,-3.20695,1.07514,-1.03619,-3.20105,1.04732,-1.03619,-3.20756,1.0487,-1.00827,-3.21346,1.12686,-1.05491,-3.41597,1.12541,-1.08418,-3.40979,1.09625,-1.08418,-3.41662,1.0977,-1.05491,-3.4228
0.689265,-1.82011,0.0966972,-3.53462,872426294,1.04743,0.117237,-3.20778,1.07525,0.117237,-3.20128,1.07538,0.0886745,-3.2018,1.04756,0.0886745,-3.2083,1.09748,0.122767,-3.42194,1.12665,0.122767,-3.41513,1.12677,0.092822,-3.41568,1.09761,0.092822,-3.42249
0.713125,-1.81726,0.123808,-9.87852,872426295,1.0474,0.146364,-3.20763,1.07522,0.146364,-3.20113,1.07538,0.117805,-3.20183,1.04757,0.117805,-3.20833,1.09744,0.153275,-3.42176,1.1266,0.153275,-3.41495,1.12677,0.123335,-3.41568,1.09761,0.123335,-3.42249
0.889344,-1.8139,0.152189,15.8639,872426296,1.04838,0.177221,-3.21181,1.07619,0.177221,-3.20531,1.0764,0.148667,-3.20618,1.04858,0.148667,-3.21269,1.09841,0.185513,-3.42589,1.12757,0.185513,-3.41908,1.12778,0.155578,-3.41999,1.09862,0.155577,-3.42681
0.196739,-1.50519,-0.7532,28.7367,872426384,1.10484,-1.00824,-3.20015,1.10345,-1.03616,-3.19425,1.07568,-1.03619,-3.20093,1.07706,-1.00828,-3.20683,1.15652,-1.05488,-3.40885,1.15507,-1.08415,-3.40267,1.12595,-1.08418,-3.40967,1.1274,-1.05491,-3.41585
-0.127801,-1.518,-0.738482,1.07038,872426385,1.10607,-0.97962,-3.20543,1.10473,-1.00758,-3.1997,1.07695,-1.00761,-3.20638,1.0783,-0.979654,-3.21211,1.15782,-1.0249,-3.41441,1.15641,-1.05421,-3.40841,1.12729,-1.05425,-3.41541,1.1287,-1.02494,-3.42141
0.0167318,-1.53078,-0.723395,0.696933,872426386,1.10731,-0.951005,-3.21072,1.10601,-0.978998,-3.20516,1.07823,-0.979032,-3.21184,1.07953,-0.951039,-3.2174,1.15912,-0.994935,-3.41997,1.15776,-1.02428,-3.41415,1.12864,-1.02432,-3.42115,1.13,-0.994971,-3.42698
0.07732,-1.54351,-0.707934,0.576283,872426387,1.10855,-0.922396,-3.21601,1.10729,-0.950424,-3.21063,1.07951,-0.950458,-3.21731,1.08077,-0.92243,-3.22269,1.16042,-0.964971,-3.42553,1.1591,-0.994355,-3.41989,1.12998,-0.99439,-3.42689,1.1313,-0.965006,-3.43254
-0.123539,-1.55618,-0.692091,1.36514,872426388,1.10979,-0.893792,-3.22132,1.10857,-0.921854,-3.21611,1.08079,-0.921887,-3.22279,1.08201,-0.893825,-3.228,1.16172,-0.935009,-3.43109,1.16044,-0.964429,-3.42563,1.13132,-0.964464,-3.43263,1.1326,-0.935044,-3.4381
0.588112,-1.79339,0.0941977,-0.64994,872426422,1.07579,0.117237,-3.20116,1.10357,0.117237,-3.19448,1.10369,0.0886745,-3.19501,1.07592,0.0886745,-3.20168,1.12718,0.122767,-3.415,1.1563,0.122767,-3.40801,1.15644,0.092822,-3.40856,1.12732,0.092822,-3.41555
0.682787,-1.76187,-0.144587,50.6359,872426541,1.13303,-0.148657,-3.19261,1.13283,-0.177211,-3.19173,1.10509,-0.177222,-3.19858,1.1053,-0.148668,-3.19946,1.1871,-0.155566,-3.40575,1.18689,-0.185501,-3.40484,1.15781,-0.185513,-3.41202,1.15803,-0.155578,-3.41293
0.459783,-1.64119,-0.46463,18.1006,872426655,1.16094,-0.560554,-3.18407,1.16016,-0.588919,-3.18076,1.13247,-0.588969,-3.18778,1.13325,-0.560605,-3.19109,1.21604,-0.586748,-3.39544,1.21521,-0.616485,-3.39197,1.18618,-0.616538,-3.39934,1.18701,-0.586801,-3.40281
0.860159,-1.62108,-0.454914,-11.2894,872426783,1.18928,-0.56054,-3.17729,1.18849,-0.588905,-3.17398,1.16084,-0.588973,-3.18118,1.16163,-0.560608,-3.18449,1.24571,-0.586731,-3.38832,1.24488,-0.616468,-3.38485,1.21589,-0.616538,-3.3924,1.21673,-0.586801,-3.39586
0.682216,-1.70022,0.209827,9.74584,872426811,1.1611,0.264526,-3.18224,1.18875,0.264504,-3.17504,1.18909,0.235972,-3.17644,1.16144,0.235994,-3.18363,1.21645,0.276958,-3.3948,1.24544,0.276935,-3.38726,1.24579,0.247022,-3.38872,1.21681,0.247046,-3.39626
-0.129956,-1.50723,-0.622543,-0.682222,872426901,1.22979,-0.858256,-3.20966,1.22845,-0.886351,-3.20466,1.20086,-0.886351,-3.21206,1.2022,-0.858256,-3.21706,1.28716,-0.898118,-3.41828,1.28575,-0.927572,-3.41304,1.25682,-0.927572,-3.42079,1.25823,-0.898118,-3.42604
-0.364075,-1.49132,-0.611746,-3.02862,872427029,1.25787,-0.858229,-3.20195,1.25653,-0.886324,-3.19696,1.22898,-0.886352,-3.20453,1.23033,-0.858257,-3.20952,1.31658,-0.898089,-3.4102,1.31517,-0.927543,-3.40496,1.28629,-0.927573,-3.4129,1.2877,-0.898118,-3.41814
-0.0533332,-1.50176,-0.595629,-0.28808,872427030,1.25904,-0.829451,-3.20632,1.25775,-0.857578,-3.20149,1.2302,-0.857607,-3.20906,1.2315,-0.829479,-3.21389,1.31781,-0.867951,-3.41481,1.31645,-0.897439,-3.40975,1.28757,-0.897468,-3.41768,1.28893,-0.867981,-3.42275
-0.0118505,-1.51208,-0.579187,-1.3949,872427031,1.26022,-0.80068,-3.2107,1.25897,-0.828838,-3.20604,1.23142,-0.828866,-3.21361,1.23267,-0.800708,-3.21827,1.31904,-0.837818,-3.41941,1.31773,-0.867338,-3.41453,1.28885,-0.867368,-3.42247,1.29016,-0.837848,-3.42735
-0.139045,-1.52225,-0.562418,-0.00304204,872427032,1.26139,-0.771914,-3.21508,1.26019,-0.800102,-3.2106,1.23264,-0.80013,-3.21817,1.23384,-0.771942,-3.22265,1.32028,-0.807689,-3.42402,1.31901,-0.83724,-3.41932,1.29014,-0.83727,-3.42725,1.2914,-0.807719,-3.43196
0.0455068,-1.53226,-0.545321,0.452083,872427033,1.26257,-0.743152,-3.21947,1.26141,-0.771369,-3.21516,1.23386,-0.771397,-3.22273,1.23502,-0.74318,-3.22704,1.32151,-0.777563,-3.42862,1.3203,-0.807144,-3.4241,1.29142,-0.807173,-3.43203,1.29263,-0.777592,-3.43656
0.262902,-1.53205,0.277162,-2.98152,872427712,1.38438,0.412056,-3.20997,1.41167,0.412045,-3.20153,1.41235,0.383572,-3.20376,1.38506,0.383583,-3.2122,1.44916,0.431382,-3.41933,1.47777,0.431371,-3.41048,1.47848,0.40152,-3.41282,1.44987,0.401532,-3.42167
0.438129,1.55703,2.80952,5.05006,872432450,-1.31644,0.473061,3.19322,-1.34384,0.472993,3.18513,-1.34454,0.444552,3.18773,-1.31714,0.44462,3.19581,-1.37842,0.495133,3.40315,-1.40715,0.495062,3.39468,-1.40788,0.465245,3.3974,-1.37915,0.465316,3.40587
0.447022,1.5504,2.79001,24.9514,872432451,-1.31569,0.502034,3.1904,-1.34309,0.501966,3.18232,-1.34383,0.473543,3.18509,-1.31643,0.47361,3.19317,-1.37763,0.525481,3.4002,-1.40636,0.52541,3.39173,-1.40714,0.495611,3.39463,-1.37842,0.495682,3.4031
0.505518,1.57666,2.80288,16.5085,872432578,-1.28829,0.473058,3.20072,-1.31574,0.473007,3.19281,-1.31644,0.444566,3.19541,-1.28899,0.444617,3.20332,-1.34895,0.495132,3.41104,-1.37773,0.495079,3.40275,-1.37846,0.465262,3.40547,-1.34968,0.465315,3.41377
0.910592,1.70638,2.55296,-0.272726,872433865,-0.982387,0.67958,3.19343,-1.01029,0.679512,3.1873,-1.01107,0.651217,3.19116,-0.983165,0.651284,3.19728,-1.02912,0.711255,3.40606,-1.05838,0.711184,3.39964,-1.05919,0.68152,3.40369,-1.02994,0.681591,3.41011
0.82804,1.84499,2.77739,-5.33464,872433983,-0.953133,0.383001,3.19557,-0.981075,0.382979,3.18962,-0.981501,0.354492,3.19173,-0.953559,0.354514,3.19768,-0.9988,0.40095,3.41004,-1.02809,0.400926,3.4038,-1.02854,0.371061,3.40601,-0.999247,0.371085,3.41225
1.13927,1.8142,-2.63856,26.6847,872434081,-0.953497,-0.50258,3.20025,-0.952898,-0.530985,3.19726,-0.924919,-0.531002,3.20304,-0.925518,-0.502597,3.20602,-0.999071,-0.526032,3.4142,-0.998443,-0.555811,3.41107,-0.969111,-0.555829,3.41712,-0.969739,-0.52605,3.42025
1.41507,1.58701,2.32815,-21.5789,872434132,-0.924829,1.00761,3.20279,-0.952806,1.00758,3.19702,-0.953963,0.97962,3.20278,-0.925986,0.979654,3.20856,-0.968366,1.05425,3.41334,-0.997697,1.05421,3.40729,-0.99891,1.0249,3.41333,-0.969579,1.02494,3.41939
1.40535,1.94377,-2.90314,1.89537,872434219,-0.923925,-0.20688,3.20081,-0.92368,-0.23542,3.19957,-0.895665,-0.23542,3.20517,-0.895911,-0.20688,3.2064,-0.968334,-0.216553,3.41607,-0.968076,-0.246474,3.41477,-0.938706,-0.246474,3.42064,-0.938964,-0.216553,3.42193
0.936374,1.63286,2.34353,-0.802794,872434258,-0.898476,0.950456,3.2195,-0.926489,0.950456,3.2139,-0.927573,0.922428,3.21932,-0.899561,0.922428,3.22492,-0.94077,0.994389,3.43089,-0.970138,0.994389,3.42501,-0.971275,0.965005,3.43069,-0.941907,0.965005,3.43657
0.813261,2.10377,-2.73688,6.84425,872434984,-0.739372,-0.296346,3.18376,-0.739136,-0.324858,3.18198,-0.710919,-0.324903,3.18645,-0.711155,-0.296391,3.18822,-0.775065,-0.310153,3.40041,-0.774818,-0.340044,3.39855,-0.745236,-0.340091,3.40323,-0.745483,-0.3102,3.40509
0.665835,2.17961,3.03997,23.7227,872434997,-0.709924,0.0881146,3.17888,-0.738141,0.0881146,3.17441,-0.738197,0.0595488,3.17477,-0.70998,0.0595489,3.17923,-0.744294,0.0922618,3.39614,-0.773876,0.0922618,3.39146,-0.773935,0.0623141,3.39183,-0.744353,0.0623142,3.39651
0.974232,2.1663,-2.79614,-5.30242,872435114,-0.709581,-0.235976,3.18056,-0.709383,-0.264508,3.17914,-0.681138,-0.264525,3.18342,-0.681337,-0.235993,3.18484,-0.743922,-0.247028,3.39758,-0.743714,-0.27694,3.39609,-0.714103,-0.276958,3.40059,-0.714311,-0.247046,3.40208
0.90233,2.22355,3.07737,-13.0009,872435124,-0.681063,0.0589946,3.18283,-0.709307,0.0589946,3.17855,-0.709334,0.0304272,3.17872,-0.68109,0.0304272,3.18301,-0.71407,0.0617597,3.40033,-0.74368,0.0617597,3.39583,-0.743709,0.0318103,3.39602,-0.714098,0.0318103,3.40051
0.551012,2.25743,2.80781,-8.67825,872435386,-0.62353,0.23542,3.19209,-0.651827,0.235415,3.18816,-0.651994,0.206874,3.18941,-0.623698,0.20688,3.19334,-0.653769,0.246474,3.40973,-0.683434,0.246468,3.40561,-0.683609,0.216547,3.40691,-0.653944,0.216553,3.41103
1.00646,2.24279,2.76759,6.66137,872435387,-0.62339,0.264524,3.19103,-0.651686,0.264518,3.1871,-0.651878,0.235986,3.18852,-0.623582,0.235992,3.19246,-0.653619,0.276958,3.4086,-0.683284,0.276952,3.40447,-0.683485,0.24704,3.40597,-0.65382,0.247046,3.41009
0.763498,2.00205,2.33512,20.7647,872435528,-0.595854,0.650703,3.20507,-0.624174,0.650704,3.20132,-0.624668,0.622384,3.20504,-0.596348,0.622384,3.2088,-0.624514,0.681015,3.42109,-0.654204,0.681015,3.41715,-0.654722,0.651325,3.42105,-0.625032,0.651325,3.42499
0.711548,1.72239,-2.08372,4.26225,872435600,-0.590184,-1.00816,3.18004,-0.589566,-1.03607,3.17402,-0.561217,-1.03621,3.17755,-0.561836,-1.00829,3.18358,-0.618383,-1.05477,3.39319,-0.617735,-1.08404,3.38688,-0.588015,-1.08418,3.39059,-0.588664,-1.05491,3.3969
0.534037,2.07174,2.35695,-31.4,872435654,-0.56127,0.588973,3.17765,-0.589618,0.588905,3.17411,-0.589972,0.56054,3.17749,-0.561624,0.560608,3.18103,-0.588369,0.616538,3.39423,-0.618088,0.616468,3.39052,-0.61846,0.586731,3.39407,-0.588741,0.586801,3.39778
2.30663,2.45801,3.05997,-0.901445,872435764,-0.532343,0.0589946,3.18098,-0.560713,0.0589946,3.17762,-0.560734,0.0304272,3.1778,-0.532364,0.0304272,3.18116,-0.558221,0.0617596,3.39944,-0.587963,0.0617597,3.39592,-0.587986,0.0318103,3.39611,-0.558243,0.0318102,3.39963
2.4199,2.45237,3.00731,-4.18837,872435765,-0.532327,0.0881146,3.18082,-0.560697,0.0881146,3.17746,-0.560739,0.0595489,3.17782,-0.532369,0.0595488,3.18118,-0.558203,0.0922618,3.39926,-0.587945,0.0922618,3.39574,-0.587989,0.0623142,3.39611,-0.558247,0.0623141,3.39964
0.868683,2.11889,-2.2496,50.8559,872435998,-0.504572,-0.593472,3.20191,-0.504217,-0.621815,3.19835,-0.475808,-0.621837,3.20135,-0.476162,-0.593494,3.20491,-0.52894,-0.621041,3.41881,-0.528568,-0.650755,3.41508,-0.498784,-0.650778,3.41823,-0.499156,-0.621064,3.42197
0.712724,2.56258,2.99161,-16.5854,872436021,-0.474361,0.0881146,3.18654,-0.502771,0.0881146,3.18354,-0.502808,0.0595488,3.18389,-0.474399,0.0595489,3.1869,-0.497488,0.0922618,3.40529,-0.527272,0.0922618,3.40214,-0.527312,0.0623141,3.40251,-0.497528,0.0623142,3.40566
2.17965,2.55227,2.93391,9.10735,872436022,-0.474346,0.117237,3.18639,-0.502755,0.117237,3.18338,-0.502812,0.0886745,3.18392,-0.474402,0.0886745,3.18692,-0.49747,0.122767,3.4051,-0.527254,0.122767,3.40195,-0.527313,0.092822,3.40252,-0.497529,0.092822,3.40566
1.38352,2.53888,2.87756,22.1474,872436023,-0.474331,0.146364,3.18624,-0.502741,0.146364,3.18324,-0.502816,0.117805,3.18395,-0.474407,0.117805,3.18696,-0.497452,0.153275,3.40492,-0.527236,0.153275,3.40177,-0.527315,0.123335,3.40252,-0.497531,0.123335,3.40567
0.397149,1.82825,2.05323,1.11651,872436050,-0.475932,0.950458,3.20289,-0.504341,0.950424,3.19988,-0.504891,0.922396,3.20538,-0.476482,0.92243,3.20839,-0.498696,0.99439,3.41726,-0.52848,0.994355,3.4141,-0.529056,0.964971,3.41987,-0.499273,0.965006,3.42302
0.867462,1.80431,2.04052,0.947204,872436051,-0.475375,0.979032,3.1973,-0.503784,0.978998,3.19429,-0.504352,0.951005,3.19997,-0.475943,0.951039,3.20298,-0.498111,1.02432,3.41139,-0.527895,1.02428,3.40823,-0.52849,0.994935,3.41418,-0.498707,0.994971,3.41734
0.828901,2.11229,-2.19744,19.6706,872436125,-0.475253,-0.622384,3.20134,-0.474881,-0.650703,3.1976,-0.446453,-0.650703,3.20043,-0.446825,-0.622384,3.20417,-0.498228,-0.651325,3.41822,-0.497838,-0.681015,3.4143,-0.468035,-0.681015,3.41726,-0.468426,-0.651325,3.42118
1.2422,2.59585,-2.86175,8.18608,872436142,-0.473853,-0.117805,3.187,-0.473782,-0.146364,3.18629,-0.445354,-0.146364,3.18911,-0.445425,-0.117805,3.18983,-0.496977,-0.123335,3.40572,-0.496903,-0.153275,3.40497,-0.4671,-0.153275,3.40793,-0.467174,-0.123335,3.40868
2.22066,2.63046,-3.04462,1.98396,872436145,-0.473846,-0.0304272,3.18693,-0.473828,-0.0589946,3.18675,-0.4454,-0.0589946,3.18957,-0.445418,-0.0304272,3.18975,-0.496976,-0.0318103,3.40571,-0.496957,-0.0617597,3.40552,-0.467154,-0.0617597,3.40848,-0.467173,-0.0318102,3.40867
8.95013,2.61089,2.92122,-2.05923,872436150,-0.445369,0.117237,3.18926,-0.473797,0.117237,3.18643,-0.47385,0.0886746,3.18697,-0.445422,0.0886745,3.18979,-0.467118,0.122767,3.40811,-0.496921,0.122767,3.40515,-0.496977,0.092822,3.40572,-0.467174,0.0928219,3.40868
1.09804,2.23434,2.29841,17.6402,872436164,-0.445908,0.531001,3.19484,-0.474336,0.531001,3.19202,-0.474637,0.502596,3.19505,-0.44621,0.502596,3.19788,-0.467545,0.555829,3.41237,-0.497348,0.555829,3.40941,-0.497664,0.526049,3.41258,-0.467862,0.526049,3.41555
0.924385,1.84099,2.02864,-9.75233,872436178,-0.446956,0.950456,3.20577,-0.475383,0.950456,3.20293,-0.475932,0.922428,3.20844,-0.447505,0.922428,3.21127,-0.468345,0.994389,3.42028,-0.498147,0.994389,3.41731,-0.498722,0.965005,3.42307,-0.46892,0.965005,3.42605
1.34889,2.49514,-2.51388,58.1674,872436264,-0.442364,-0.296346,3.18386,-0.442245,-0.324858,3.18207,-0.413796,-0.324903,3.18467,-0.413915,-0.296391,3.18646,-0.463754,-0.310153,3.40239,-0.463629,-0.340044,3.40051,-0.433804,-0.340091,3.40324,-0.433928,-0.3102,3.40511
1.59873,2.68839,2.97059,-0.284306,872436277,-0.4133,0.0881146,3.17706,-0.441749,0.0881146,3.17446,-0.441782,0.0595489,3.17481,-0.413333,0.0595489,3.17741,-0.433329,0.0922618,3.39611,-0.463154,0.0922618,3.39338,-0.463189,0.0623142,3.39376,-0.433363,0.0623142,3.39648
2.14509,2.76719,3.02986,2.56712,872436404,-0.384241,0.0589946,3.17911,-0.412706,0.0589946,3.17668,-0.412721,0.0304272,3.17686,-0.384256,0.0304272,3.17929,-0.402894,0.0617597,3.3983,-0.432736,0.0617597,3.39576,-0.432752,0.0318102,3.39595,-0.40291,0.0318103,3.39849
3.96843,2.75664,2.95839,-4.63398,872436405,-0.38423,0.0881146,3.17894,-0.412696,0.0881146,3.17652,-0.412726,0.0595489,3.17688,-0.384261,0.0595489,3.1793,-0.402882,0.0922618,3.39812,-0.432724,0.0922618,3.39558,-0.432756,0.0623142,3.39595,-0.402914,0.0623142,3.39849
1.0647,2.67045,2.69271,23.5582,872436409,-0.38442,0.206321,3.18184,-0.412885,0.206304,3.17942,-0.412959,0.177756,3.18049,-0.384494,0.177773,3.18292,-0.403063,0.215993,3.40084,-0.432905,0.215975,3.3983,-0.432983,0.186046,3.39943,-0.403141,0.186064,3.40197
2.1378,2.84832,3.09941,41.0909,872436531,-0.355188,0.0298764,3.18117,-0.383668,0.0298764,3.17893,-0.383668,0.00130836,3.17893,-0.355188,0.00130836,3.18117,-0.372464,0.0312591,3.40049,-0.402322,0.0312591,3.39814,-0.402322,0.00130914,3.39814,-0.372464,0.00130915,3.40049
1.2582,2.76165,2.72647,-20.1013,872436536,-0.355427,0.177222,3.18482,-0.383907,0.177211,3.18258,-0.383966,0.148657,3.18347,-0.355487,0.148668,3.18572,-0.372697,0.185513,3.40399,-0.402554,0.185501,3.40164,-0.402616,0.155566,3.40258,-0.372759,0.155578,3.40493
3.1347,2.73104,2.66243,5.17431,872436537,-0.355356,0.20632,3.18374,-0.383835,0.206309,3.18149,-0.383909,0.177761,3.18257,-0.355429,0.177773,3.18481,-0.372621,0.215993,3.40285,-0.402479,0.215981,3.4005,-0.402556,0.186052,3.40162,-0.372698,0.186064,3.40398
1.55837,2.69765,2.60236,37.6616,872436538,-0.355285,0.235421,3.18266,-0.383764,0.23541,3.18042,-0.383852,0.206869,3.18167,-0.355372,0.20688,3.18392,-0.372546,0.246474,3.40171,-0.402403,0.246462,3.39936,-0.402495,0.216541,3.40067,-0.372637,0.216553,3.40302
3.40824,2.71689,-2.50771,6.57965,872436650,-0.354746,-0.235986,3.18287,-0.354648,-0.264518,3.18144,-0.326155,-0.264524,3.1835,-0.326253,-0.235992,3.18493,-0.372006,-0.24704,3.40192,-0.371903,-0.276952,3.40042,-0.342032,-0.276958,3.40258,-0.342135,-0.247046,3.40408
2.97625,2.79446,-2.62816,-6.16038,872436652,-0.354862,-0.177766,3.18465,-0.35479,-0.206314,3.18358,-0.326296,-0.20632,3.18564,-0.326369,-0.177772,3.18672,-0.37213,-0.186058,3.40382,-0.372055,-0.215987,3.40269,-0.342183,-0.215993,3.40486,-0.342259,-0.186064,3.40599
2.6125,2.88768,2.84785,53.5911,872436662,-0.326097,0.117237,3.18259,-0.35459,0.117237,3.18053,-0.354629,0.0886745,3.18106,-0.326136,0.0886745,3.18313,-0.341989,0.122767,3.40195,-0.371861,0.122767,3.39979,-0.371902,0.092822,3.40035,-0.34203,0.092822,3.40251
1.52945,2.86147,2.77141,35.0705,872436663,-0.326087,0.146364,3.18245,-0.354581,0.146364,3.18038,-0.354632,0.117805,3.1811,-0.326139,0.117805,3.18316,-0.341977,0.153275,3.40177,-0.371849,0.153275,3.3996,-0.371903,0.123335,3.40035,-0.342031,0.123335,3.40252
5.39027,2.79446,2.62816,30.3903,872436665,-0.326296,0.20632,3.18564,-0.35479,0.206314,3.18358,-0.354862,0.177766,3.18465,-0.326369,0.177772,3.18672,-0.342183,0.215993,3.40486,-0.372055,0.215987,3.4027,-0.37213,0.186058,3.40382,-0.342259,0.186064,3.40599
1.50033,2.77312,-2.46463,59.1893,872436778,-0.325699,-0.235992,3.18496,-0.325605,-0.264524,3.18353,-0.297099,-0.264524,3.18542,-0.297194,-0.235992,3.18685,-0.341581,-0.247046,3.40411,-0.341481,-0.276958,3.40261,-0.311597,-0.276958,3.40459,-0.311696,-0.247046,3.40609
2.4377,2.9008,2.65977,25.3339,872436792,-0.297312,0.177221,3.18864,-0.325818,0.177221,3.18675,-0.325877,0.148667,3.18765,-0.297371,0.148667,3.18953,-0.311823,0.185513,3.40801,-0.341707,0.185513,3.40603,-0.34177,0.155578,3.40697,-0.311885,0.155577,3.40895
0.180273,1.55089,1.76948,-1.41182,872436961,-0.266403,1.40848,3.20033,-0.294923,1.40828,3.19868,-0.295202,1.3809,3.20682,-0.266682,1.3811,3.20847,-0.27903,1.47248,3.41044,-0.308929,1.47227,3.40871,-0.309222,1.44357,3.41724,-0.279323,1.44378,3.41897
1.41191,2.41328,2.02307,31.7095,872437060,-0.236764,0.531006,3.1825,-0.265293,0.530956,3.18102,-0.265401,0.50255,3.18406,-0.236871,0.502601,3.18554,-0.248145,0.55583,3.4008,-0.278055,0.555777,3.39925,-0.278168,0.525997,3.40244,-0.248258,0.52605,3.40399
1.86332,2.43456,1.9765,14.2632,872437188,-0.207653,0.531004,3.18344,-0.236192,0.53097,3.18214,-0.236297,0.502565,3.18518,-0.207759,0.502599,3.18648,-0.217654,0.555829,3.40181,-0.247572,0.555794,3.40044,-0.247683,0.526015,3.40363,-0.217764,0.52605,3.405
1.52812,2.86149,-2.12657,22.0205,872437288,-0.207232,-0.296375,3.18723,-0.207173,-0.324887,3.18544,-0.178627,-0.324898,3.18656,-0.178686,-0.296386,3.18836,-0.217254,-0.310187,3.40658,-0.217192,-0.340078,3.4047,-0.187265,-0.34009,3.40587,-0.187327,-0.310199,3.40775
1.18915,2.24199,-1.8122,17.4627,872437404,-0.178176,-0.651278,3.19013,-0.178045,-0.679574,3.18619,-0.149493,-0.679574,3.18714,-0.149623,-0.651278,3.19107,-0.186784,-0.681589,3.40786,-0.186648,-0.711254,3.40374,-0.156714,-0.711254,3.40473,-0.156851,-0.681589,3.40886
2.33474,2.83062,2.02002,48.3835,872437438,-0.149458,0.353947,3.18552,-0.17801,0.353947,3.18458,-0.178075,0.325448,3.18655,-0.149523,0.325448,3.18749,-0.156711,0.370519,3.40478,-0.186644,0.370519,3.40379,-0.186713,0.34064,3.40586,-0.156779,0.34064,3.40685
0.703382,1.60421,-1.67052,-10.8894,872437510,-0.146881,-1.31133,3.18174,-0.146858,-1.33881,3.17394,-0.1183,-1.33899,3.17465,-0.118322,-1.3115,3.18245,-0.153915,-1.37134,3.39328,-0.153891,-1.40016,3.38511,-0.123951,-1.40034,3.38585,-0.123974,-1.37153,3.39403
1.51304,2.43429,-1.80927,37.183,872437536,-0.146959,-0.531536,3.18025,-0.146946,-0.559921,3.17702,-0.118387,-0.559989,3.17774,-0.118401,-0.531603,3.18096,-0.153893,-0.556353,3.39874,-0.153878,-0.586112,3.39536,-0.123938,-0.586182,3.39611,-0.123952,-0.556424,3.39949
1.3871,2.39503,-1.74904,36.3759,872437663,-0.117832,-0.560554,3.17769,-0.117818,-0.588919,3.17428,-0.0892555,-0.588969,3.17482,-0.0892694,-0.560605,3.17823,-0.123383,-0.586748,3.39606,-0.123368,-0.616485,3.39249,-0.0934237,-0.616538,3.39305,-0.0934382,-0.586801,3.39662
2.17172,2.88891,1.86668,-10.0059,872437694,-0.0892641,0.353951,3.18079,-0.117827,0.353917,3.18025,-0.11783,0.325417,3.18222,-0.0892676,0.325451,3.18276,-0.0934235,0.37052,3.40013,-0.123368,0.370484,3.39956,-0.123372,0.340606,3.40163,-0.0934272,0.340641,3.40219
0.433515,2.61206,1.79274,-11.3994,872437698,-0.0892568,0.473058,3.18641,-0.11782,0.473007,3.18588,-0.11782,0.444566,3.18856,-0.089257,0.444617,3.1891,-0.0934266,0.495133,3.40527,-0.123371,0.495079,3.4047,-0.123372,0.465262,3.40752,-0.0934269,0.465315,3.40809
1.4289,2.5534,1.77995,14.9205,872437699,-0.0892565,0.502031,3.1835,-0.117819,0.50198,3.18297,-0.117823,0.473556,3.18583,-0.0892601,0.473607,3.18637,-0.0934261,0.52548,3.40222,-0.123371,0.525427,3.40165,-0.123375,0.495628,3.40466,-0.09343,0.495682,3.40522
1.36365,2.6238,1.73158,33.4786,872437826,-0.0601311,0.473055,3.18639,-0.0886968,0.473022,3.18603,-0.0886971,0.44458,3.18872,-0.0601313,0.444614,3.18908,-0.0629182,0.495132,3.40527,-0.0928658,0.495097,3.40489,-0.092866,0.46528,3.40771,-0.0629185,0.465315,3.40809
1.46375,2.92433,-1.70337,21.3048,872437927,-0.0595854,-0.325437,3.18254,-0.0595842,-0.353937,3.18057,-0.0310168,-0.353948,3.18075,-0.0310179,-0.325448,3.18272,-0.0623613,-0.340629,3.402,-0.0623601,-0.370507,3.39993,-0.0324107,-0.370519,3.40012,-0.0324119,-0.34064,3.40219
0.654536,1.52796,1.60194,5.81375,872437987,-0.0309003,1.4643,3.18284,-0.0594676,1.46425,3.18265,-0.0594771,1.43697,3.19113,-0.0309098,1.43702,3.19133,-0.0324357,1.53096,3.3925,-0.062385,1.53091,3.3923,-0.0623949,1.50231,3.40119,-0.0324456,1.50236,3.40139
0.758313,1.52836,1.58187,15.2041,872438115,-0.00178149,1.4643,3.18286,-0.0303495,1.4643,3.18283,-0.0303556,1.43702,3.19132,-0.00178762,1.43702,3.19134,-0.00193432,1.53096,3.39252,-0.0318843,1.53096,3.3925,-0.0318907,1.50236,3.40139,-0.00194075,1.50236,3.40141
0.751569,2.51683,-1.53951,2.49435,872438177,0.00188999,-0.531001,3.18056,0.030458,-0.531001,3.18056,0.0304583,-0.502596,3.1836,0.00189028,-0.502596,3.1836,0.00191129,-0.555829,3.39916,0.0318613,-0.555829,3.39916,0.0318616,-0.526049,3.40235,0.00191159,-0.526049,3.40235
0.195742,2.57466,-1.53765,18.4698,872438178,0.00189029,-0.502026,3.18346,0.0304583,-0.502026,3.18346,0.0304586,-0.473602,3.18633,0.00189057,-0.473602,3.18633,0.00191155,-0.525479,3.40221,0.0318616,-0.525479,3.40221,0.0318618,-0.49568,3.40521,0.00191185,-0.49568,3.40522
1.43843,2.63605,-1.53556,43.7118,872438179,0.00189058,-0.473053,3.18637,0.0304586,-0.473053,3.18637,0.0304588,-0.444612,3.18906,0.00189085,-0.444612,3.18906,0.00191183,-0.495131,3.40527,0.0318618,-0.495131,3.40526,0.0318621,-0.465314,3.40808,0.00191211,-0.465314,3.40808
-0.263379,2.22467,-1.50567,-0.0983731,872438299,0.0309977,-0.708449,3.17856,0.0595651,-0.708426,3.17838,0.0595692,-0.680156,3.18249,0.0310018,-0.680178,3.18267,0.0324152,-0.741495,3.39606,0.0623646,-0.741472,3.39587,0.0623688,-0.711834,3.40019,0.0324195,-0.711857,3.40038
0.0481845,2.26719,-1.50285,-42.3565,872438300,0.0309984,-0.679575,3.18236,0.0595658,-0.679552,3.18218,0.0595686,-0.651256,3.18612,0.0310012,-0.651279,3.1863,0.032416,-0.711254,3.40007,0.0623654,-0.71123,3.39988,0.0623684,-0.681566,3.404,0.032419,-0.68159,3.4042
0.137451,2.31159,-1.49978,0.04726,872438301,0.030999,-0.650704,3.18617,0.0595664,-0.650682,3.18599,0.0595682,-0.622362,3.18975,0.0310007,-0.622385,3.18993,0.0324167,-0.681015,3.40407,0.0623661,-0.680992,3.40388,0.062368,-0.651302,3.40782,0.0324186,-0.651326,3.40801
0.143643,2.35807,-1.49641,72.7596,872438302,0.0309996,-0.621837,3.18999,0.059567,-0.621815,3.18981,0.0595676,-0.593472,3.19339,0.0310002,-0.593494,3.19357,0.0324174,-0.650778,3.40808,0.0623668,-0.650755,3.40789,0.0623674,-0.621041,3.41164,0.0324181,-0.621065,3.41183
-0.129726,2.40771,-1.49216,0.239223,872438303,0.0310082,-0.588965,3.17479,0.0595756,-0.588949,3.17461,0.0595804,-0.560584,3.17801,0.031013,-0.560601,3.17819,0.0324119,-0.616537,3.39305,0.0623613,-0.616519,3.39286,0.0623664,-0.586783,3.39643,0.032417,-0.5868,3.39662
-0.16176,2.51353,-1.48338,-0.03567,872438305,0.0310088,-0.531002,3.18057,0.0595762,-0.530985,3.18038,0.0595787,-0.50258,3.18343,0.0310113,-0.502597,3.18361,0.0324129,-0.555829,3.39916,0.0623623,-0.555811,3.39897,0.0623649,-0.526032,3.40216,0.0324155,-0.52605,3.40235
0.469918,2.57095,-1.47821,-22.6251,872438306,0.0310091,-0.502027,3.18347,0.0595765,-0.50201,3.18329,0.0595779,-0.473586,3.18615,0.0310105,-0.473603,3.18633,0.0324132,-0.52548,3.40221,0.0623626,-0.525462,3.40202,0.0623641,-0.495663,3.40503,0.0324147,-0.495681,3.40522
0.882358,2.63185,-1.4724,28.8179,872438307,0.0310094,-0.473054,3.18638,0.0595768,-0.473037,3.1862,0.0595771,-0.444596,3.18888,0.0310097,-0.444613,3.18907,0.0324136,-0.495132,3.40527,0.062363,-0.495114,3.40508,0.0623633,-0.465297,3.40789,0.0324139,-0.465315,3.40808
1.07717,2.92433,-1.43822,3.04069,872438311,0.0310167,-0.353948,3.18075,0.0595842,-0.353937,3.18057,0.0595854,-0.325437,3.18254,0.031018,-0.325448,3.18272,0.0324107,-0.370519,3.40012,0.0623601,-0.370507,3.39993,0.0623613,-0.340629,3.402,0.0324119,-0.34064,3.40219
-0.0453289,2.22116,-1.46404,-0.050203,872438427,0.0601194,-0.708451,3.17857,0.0886851,-0.708406,3.17821,0.0886925,-0.680135,3.18233,0.0601268,-0.680181,3.18269,0.0629194,-0.741496,3.39606,0.0928669,-0.741449,3.39568,0.0928748,-0.711811,3.4,0.0629272,-0.711858,3.40038
0.904253,2.26336,-1.45944,-5.3622,872438428,0.06012,-0.679577,3.18238,0.0886857,-0.679532,3.18201,0.0886909,-0.651236,3.18595,0.0601252,-0.651281,3.18631,0.0629204,-0.711255,3.40007,0.0928679,-0.711207,3.39969,0.0928733,-0.681543,3.40382,0.0629258,-0.68159,3.4042
2.19772,2.3074,-1.45443,3.53771,872438429,0.0601207,-0.650707,3.18619,0.0886864,-0.650662,3.18582,0.0886892,-0.622342,3.18958,0.0601235,-0.622387,3.18994,0.0629212,-0.681016,3.40407,0.0928688,-0.680969,3.4037,0.0928718,-0.651279,3.40764,0.0629242,-0.651326,3.40801
0.409688,2.35347,-1.44896,-17.8802,872438430,0.0601213,-0.621839,3.19,0.088687,-0.621794,3.18964,0.0886876,-0.593452,3.19322,0.0601219,-0.593497,3.19358,0.062922,-0.650779,3.40808,0.0928696,-0.650732,3.4077,0.0928702,-0.621018,3.41145,0.0629226,-0.621065,3.41183
0.109228,2.40257,-1.44204,-46.4373,872438431,0.0601299,-0.588967,3.1748,0.0886956,-0.588933,3.17444,0.0887049,-0.560569,3.17784,0.0601392,-0.560602,3.1782,0.0629159,-0.616538,3.39305,0.0928635,-0.616502,3.39268,0.0928732,-0.586765,3.39624,0.0629256,-0.586801,3.39662
-0.69871,2.50716,-1.42778,-0.00311702,872438433,0.0601305,-0.531004,3.18058,0.0886962,-0.53097,3.18022,0.088701,-0.502565,3.18326,0.0601353,-0.502599,3.18362,0.0629172,-0.555829,3.39916,0.0928648,-0.555794,3.39878,0.0928698,-0.526015,3.40198,0.0629222,-0.52605,3.40235
1.03959,2.56381,-1.41941,-2.03514,872438434,0.0601308,-0.502028,3.18348,0.0886965,-0.501995,3.18312,0.088699,-0.473571,3.18599,0.0601333,-0.473605,3.18635,0.0629177,-0.52548,3.40221,0.0928653,-0.525445,3.40184,0.092868,-0.495646,3.40484,0.0629204,-0.495681,3.40522
0.407298,2.6238,-1.41001,36.6446,872438435,0.0601311,-0.473055,3.18639,0.0886968,-0.473022,3.18603,0.0886971,-0.44458,3.18872,0.0601313,-0.444614,3.18908,0.0629182,-0.495132,3.40527,0.0928658,-0.495097,3.40489,0.092866,-0.46528,3.40771,0.0629185,-0.465315,3.40809
1.03089,2.06509,-1.44442,53.6076,872438551,0.0892326,-0.828873,3.18418,0.117795,-0.828789,3.18364,0.117803,-0.800631,3.18846,0.0892406,-0.800715,3.189,0.0934325,-0.867369,3.40074,0.123377,-0.867281,3.40018,0.123385,-0.837761,3.40524,0.0934408,-0.837849,3.4058
-0.303134,2.21599,-1.42277,-0.145316,872438555,0.0892451,-0.708454,3.17859,0.117808,-0.708387,3.17806,0.117819,-0.680116,3.18217,0.0892559,-0.680184,3.18271,0.0934274,-0.741496,3.39606,0.123372,-0.741426,3.3955,0.123383,-0.711788,3.39981,0.0934388,-0.711859,3.40038
0.258918,2.25772,-1.41644,37.8569,872438556,0.0892457,-0.67958,3.1824,0.117809,-0.679512,3.18186,0.117816,-0.651217,3.18579,0.0892531,-0.651284,3.18633,0.0934286,-0.711255,3.40007,0.123373,-0.711184,3.3995,0.123381,-0.68152,3.40363,0.0934364,-0.681591,3.40419
5.2801,2.30125,-1.40956,0.0568276,872438557,0.0892464,-0.65071,3.18621,0.117809,-0.650642,3.18567,0.117813,-0.622323,3.18943,0.0892504,-0.62239,3.18996,0.0934296,-0.681016,3.40407,0.123374,-0.680946,3.40351,0.123378,-0.651256,3.40745,0.0934338,-0.651327,3.40801
-0.342817,2.34672,-1.40204,-0.065799,872438558,0.089247,-0.621843,3.19002,0.11781,-0.621775,3.18949,0.11781,-0.593432,3.19307,0.0892476,-0.5935,3.19361,0.0934305,-0.650779,3.40808,0.123375,-0.650709,3.40751,0.123376,-0.620995,3.41127,0.0934311,-0.621066,3.41183
-0.183361,2.39503,-1.39256,-0.444634,872438559,0.0892555,-0.588969,3.17482,0.117818,-0.588919,3.17428,0.117832,-0.560554,3.17769,0.0892694,-0.560605,3.17823,0.0934236,-0.616538,3.39305,0.123368,-0.616485,3.39249,0.123383,-0.586748,3.39606,0.0934382,-0.586801,3.39662
0.30775,2.44516,-1.38331,0.528113,872438560,0.0892558,-0.559986,3.17771,0.117819,-0.559935,3.17717,0.117829,-0.531549,3.18039,0.0892663,-0.5316,3.18093,0.0934246,-0.586182,3.39611,0.123369,-0.586129,3.39554,0.12338,-0.55637,3.39892,0.0934356,-0.556423,3.39949
-0.0603701,2.49786,-1.37306,0.412816,872438561,0.0892561,-0.531006,3.1806,0.117819,-0.530956,3.18006,0.117826,-0.50255,3.18311,0.0892633,-0.502601,3.18365,0.0934254,-0.55583,3.39916,0.12337,-0.555777,3.3986,0.123377,-0.525997,3.40179,0.0934329,-0.52605,3.40235
0.130439,2.5534,-1.36164,-15.162,872438562,0.0892565,-0.502031,3.1835,0.117819,-0.50198,3.18297,0.117823,-0.473556,3.18583,0.0892601,-0.473607,3.18637,0.0934261,-0.52548,3.40222,0.123371,-0.525427,3.40165,0.123375,-0.495628,3.40466,0.09343,-0.495682,3.40522
-0.612532,2.20921,-1.38199,0.286834,872438683,0.118376,-0.708458,3.17862,0.146935,-0.708368,3.17791,0.146949,-0.680098,3.18202,0.11839,-0.680188,3.18274,0.123941,-0.741497,3.39606,0.153881,-0.741403,3.39531,0.153896,-0.711765,3.39962,0.123955,-0.711859,3.40037
0.0142752,2.25035,-1.374,0.00740099,872438684,0.118377,-0.679584,3.18243,0.146935,-0.679494,3.18171,0.146945,-0.651199,3.18564,0.118386,-0.651289,3.18636,0.123942,-0.711256,3.40007,0.153882,-0.711161,3.39932,0.153892,-0.681497,3.40344,0.123952,-0.681591,3.40419
-0.311164,2.2932,-1.36532,0.087432,872438685,0.118377,-0.650714,3.18624,0.146936,-0.650624,3.18552,0.146941,-0.622304,3.18928,0.118382,-0.622395,3.18999,0.123943,-0.681017,3.40407,0.153883,-0.680923,3.40332,0.153889,-0.651233,3.40726,0.123948,-0.651327,3.40801
-0.155251,2.3379,-1.35585,-0.218565,872438686,0.118378,-0.621847,3.19005,0.146937,-0.621757,3.18934,0.146937,-0.593414,3.19292,0.118378,-0.593504,3.19363,0.123944,-0.65078,3.40808,0.153884,-0.650686,3.40733,0.153885,-0.620972,3.41108,0.123945,-0.621066,3.41183
0.668749,2.3852,-1.34393,-17.1719,872438687,0.118386,-0.588973,3.17486,0.146945,-0.588905,3.17414,0.146964,-0.56054,3.17754,0.118405,-0.560608,3.17826,0.123936,-0.616538,3.39306,0.153877,-0.616468,3.3923,0.153896,-0.586731,3.39587,0.123956,-0.586802,3.39662
0.711611,2.43429,-1.33233,38.8505,872438688,0.118387,-0.559989,3.17774,0.146946,-0.559921,3.17702,0.146959,-0.531536,3.18025,0.118401,-0.531603,3.18096,0.123938,-0.586182,3.39611,0.153878,-0.586112,3.39536,0.153893,-0.556353,3.39874,0.123952,-0.556424,3.39949
0.721889,2.48579,-1.31949,-8.66686,872438689,0.118387,-0.53101,3.18063,0.146946,-0.530942,3.17992,0.146955,-0.502537,3.18296,0.118396,-0.502604,3.18368,0.123939,-0.55583,3.39916,0.153879,-0.555759,3.39841,0.153889,-0.52598,3.4016,0.123948,-0.526051,3.40236
0.30383,2.53991,-1.30524,-0.742444,872438690,0.118387,-0.502034,3.18354,0.146946,-0.501966,3.18282,0.146951,-0.473543,3.18569,0.118392,-0.47361,3.1864,0.12394,-0.525481,3.40222,0.15388,-0.52541,3.40146,0.153885,-0.495611,3.40447,0.123945,-0.495682,3.40522
0.520138,2.59691,-1.28932,47.216,872438691,0.118388,-0.473061,3.18645,0.146947,-0.472994,3.18573,0.146947,-0.444552,3.18842,0.118388,-0.44462,3.18913,0.12394,-0.495133,3.40527,0.153881,-0.495062,3.40452,0.153881,-0.465245,3.40734,0.12394,-0.465316,3.40809
0.594269,1.66957,-1.43913,2.4476,872438793,0.149906,-1.25445,3.20158,0.178458,-1.25446,3.20062,0.178702,-1.22683,3.2079,0.15015,-1.22683,3.20886,0.15704,-1.31184,3.41385,0.186973,-1.31184,3.41285,0.187229,-1.28287,3.42047,0.157296,-1.28287,3.42148
1.04699,2.42154,-1.27944,20.1789,872438816,0.149348,-0.559981,3.18245,0.1779,-0.559981,3.1815,0.178007,-0.531595,3.18473,0.149455,-0.531595,3.18567,0.15658,-0.586181,3.40077,0.186513,-0.586181,3.39978,0.186625,-0.556422,3.40316,0.156692,-0.556422,3.40415
2.29847,2.69887,-1.18055,49.8941,872438821,0.149326,-0.412055,3.18155,0.177879,-0.412055,3.18061,0.177956,-0.383583,3.18294,0.149403,-0.383583,3.18388,0.156572,-0.431382,3.40059,0.186506,-0.431382,3.3996,0.186586,-0.401532,3.40204,0.156653,-0.401532,3.40303
3.32651,2.90196,-1.08548,25.9704,872438824,0.149524,-0.324897,3.18752,0.178076,-0.324897,3.18657,0.178135,-0.296386,3.18837,0.149583,-0.296386,3.18931,0.15678,-0.34009,3.40688,0.186714,-0.34009,3.40589,0.186776,-0.310199,3.40777,0.156842,-0.310199,3.40876
2.92564,2.90196,1.08548,2.43151,872438845,0.178135,0.296386,3.18837,0.178076,0.324897,3.18657,0.149524,0.324897,3.18752,0.149583,0.296386,3.18931,0.186776,0.310199,3.40777,0.186714,0.34009,3.40589,0.15678,0.34009,3.40688,0.156842,0.310199,3.40876
0.481822,1.71069,-1.40801,-3.22646,872438923,0.178289,-1.18701,3.1785,0.206834,-1.18697,3.17737,0.207071,-1.15926,3.18429,0.178525,-1.1593,3.18542,0.1868,-1.24172,3.39142,0.216727,-1.24168,3.39024,0.216974,-1.21262,3.3975,0.187048,-1.21266,3.39868
0.880297,1.73493,-1.40386,-7.30369,872438924,0.178506,-1.15862,3.18499,0.207052,-1.15858,3.18386,0.207281,-1.13082,3.19061,0.178736,-1.13086,3.19174,0.187029,-1.21198,3.39825,0.216955,-1.21194,3.39707,0.217196,-1.18284,3.40414,0.187269,-1.18288,3.40533
3.13271,2.50444,-1.19411,-0.557236,872438946,0.178643,-0.502027,3.18729,0.207189,-0.50201,3.18616,0.207285,-0.473586,3.18903,0.178739,-0.473603,3.19015,0.187267,-0.52548,3.40587,0.217194,-0.525462,3.40469,0.217295,-0.495663,3.40769,0.187368,-0.495681,3.40887
1.64228,2.67154,-1.11962,5.78384,872438949,0.178429,-0.412056,3.1806,0.206975,-0.412045,3.17947,0.207056,-0.383572,3.1818,0.17851,-0.383583,3.18293,0.187057,-0.431382,3.39958,0.216984,-0.431371,3.3984,0.217068,-0.40152,3.40085,0.187141,-0.401532,3.40202
3.00561,2.86149,1.01502,-4.18606,872438973,0.207232,0.296375,3.18723,0.207173,0.324887,3.18544,0.178627,0.324898,3.18656,0.178686,0.296386,3.18836,0.217254,0.310187,3.40658,0.217192,0.340078,3.4047,0.187265,0.34009,3.40587,0.187327,0.310199,3.40775
-0.149022,2.31456,1.26299,0.090976,872438983,0.207514,0.593472,3.19626,0.207395,0.621815,3.19268,0.178849,0.621837,3.19381,0.178968,0.593494,3.19739,0.217516,0.621041,3.4143,0.217391,0.650755,3.41055,0.187465,0.650778,3.41173,0.187589,0.621064,3.41548
-0.512092,2.27198,1.27632,-0.346991,872438984,0.207394,0.622362,3.19262,0.207268,0.650682,3.18887,0.178722,0.650704,3.18999,0.178848,0.622385,3.19375,0.21739,0.651302,3.41049,0.217259,0.680992,3.40655,0.187332,0.681015,3.40773,0.187464,0.651326,3.41167
-0.660616,2.231,1.28859,-1.19168,872438985,0.207275,0.651256,3.18899,0.207142,0.679552,3.18506,0.178596,0.679575,3.18618,0.178729,0.651279,3.19012,0.217265,0.681566,3.40667,0.217126,0.71123,3.40254,0.187199,0.711254,3.40372,0.187338,0.68159,3.40785
0.760625,1.81136,1.39012,26.6281,872438998,0.207914,1.04555,3.2096,0.207705,1.07343,3.20338,0.17916,1.07347,3.20451,0.179368,1.04559,3.21074,0.21786,1.09353,3.42408,0.217642,1.12276,3.41755,0.187715,1.1228,3.41874,0.187934,1.09357,3.42527
2.70255,2.48294,-1.14359,4.8912,872439074,0.207749,-0.502028,3.18634,0.236288,-0.501995,3.18504,0.236385,-0.473571,3.1879,0.207847,-0.473605,3.1892,0.217755,-0.52548,3.40486,0.247674,-0.525445,3.4035,0.247776,-0.495646,3.4065,0.217857,-0.495681,3.40787
5.58927,2.64156,-1.06208,-1.80583,872439077,0.207536,-0.412057,3.17965,0.236074,-0.412034,3.17835,0.236158,-0.383562,3.18068,0.20762,-0.383584,3.18198,0.217544,-0.431383,3.39858,0.247463,-0.431359,3.39721,0.247551,-0.401509,3.39965,0.217632,-0.401533,3.40102
1.27333,2.48294,1.14359,4.21326,872439107,0.236385,0.473571,3.1879,0.236288,0.501995,3.18504,0.207749,0.502028,3.18634,0.207847,0.473605,3.1892,0.247776,0.495646,3.4065,0.247674,0.525445,3.4035,0.217755,0.52548,3.40486,0.217857,0.495681,3.40787
-0.0993701,2.29989,1.22011,-0.013162,872439111,0.236612,0.593452,3.19513,0.236493,0.621794,3.19156,0.207955,0.621839,3.19286,0.208074,0.593497,3.19644,0.247996,0.621018,3.41311,0.247871,0.650732,3.40936,0.217953,0.650779,3.41072,0.218077,0.621065,3.41447
-0.00956285,2.25849,1.23499,-0.576834,872439112,0.236494,0.622342,3.1915,0.236367,0.650662,3.18774,0.207829,0.650707,3.18904,0.207955,0.622387,3.1928,0.247872,0.651279,3.40929,0.247738,0.680969,3.40535,0.21782,0.681016,3.40672,0.217953,0.651326,3.41066
-0.117785,2.21856,1.24873,-0.364369,872439113,0.236375,0.651236,3.18786,0.23624,0.679532,3.18393,0.207702,0.679577,3.18523,0.207837,0.651281,3.18917,0.247747,0.681543,3.40547,0.247605,0.711207,3.40135,0.217687,0.711255,3.40272,0.217828,0.68159,3.40684
0.349348,1.49626,-1.40273,3.05637,872439169,0.236451,-1.49224,3.17648,0.26498,-1.49209,3.175,0.265285,-1.46487,3.18365,0.236756,-1.46502,3.18513,0.247653,-1.56021,3.38543,0.277562,-1.56005,3.38387,0.277883,-1.53151,3.39294,0.247973,-1.53167,3.39449
4.51872,2.28372,1.17852,2.74036,872439239,0.265714,0.593432,3.19402,0.265595,0.621775,3.19044,0.237066,0.621843,3.19192,0.237184,0.5935,3.1955,0.278479,0.620995,3.41191,0.278354,0.650709,3.40816,0.248444,0.650779,3.40971,0.248569,0.621066,3.41347
4.30621,2.24358,1.19482,-5.46818,872439240,0.265597,0.622323,3.19038,0.265469,0.650642,3.18662,0.236939,0.65071,3.1881,0.237067,0.62239,3.19186,0.278355,0.651256,3.4081,0.278221,0.680946,3.40416,0.248311,0.681016,3.40571,0.248446,0.651327,3.40965
0.181132,2.20478,1.20989,-0.815623,872439241,0.265479,0.651217,3.18675,0.265342,0.679512,3.18281,0.236813,0.67958,3.18429,0.23695,0.651284,3.18823,0.278232,0.68152,3.40428,0.278088,0.711184,3.40016,0.248178,0.711255,3.40171,0.248322,0.681591,3.40583
2.86247,2.72692,0.83676,9.59452,872439357,0.294539,0.296346,3.18389,0.29448,0.324858,3.18209,0.26596,0.324903,3.18375,0.266019,0.296391,3.18555,0.308704,0.310153,3.403,0.308641,0.340044,3.40112,0.278742,0.340091,3.40286,0.278804,0.3102,3.40474
2.06596,2.57576,0.957366,40.7335,872439360,0.294373,0.383543,3.17845,0.294282,0.412016,3.17613,0.265763,0.412061,3.17779,0.265853,0.383588,3.18012,0.308527,0.401486,3.39727,0.308432,0.431336,3.39483,0.278532,0.431383,3.39657,0.278627,0.401533,3.39901
0.41488,2.26619,1.13831,72.1624,872439367,0.29482,0.593414,3.19291,0.294701,0.621757,3.18933,0.266182,0.621847,3.19099,0.2663,0.593504,3.19457,0.308965,0.620972,3.41072,0.308841,0.650686,3.40697,0.278941,0.65078,3.40871,0.279066,0.621066,3.41246
0.332791,2.22739,1.15587,47.3231,872439368,0.294704,0.622304,3.18927,0.294575,0.650624,3.18551,0.266055,0.650714,3.18717,0.266184,0.622394,3.19093,0.308843,0.651233,3.4069,0.308707,0.680923,3.40296,0.278808,0.681017,3.4047,0.278944,0.651327,3.40864
-0.0701951,2.18978,1.17215,-1.438,872439369,0.294588,0.651199,3.18564,0.294448,0.679494,3.1817,0.265929,0.679584,3.18336,0.266068,0.651289,3.1873,0.30872,0.681497,3.40309,0.308574,0.711161,3.39896,0.278675,0.711256,3.4007,0.278821,0.681591,3.40483
0.977983,2.58654,-0.869198,15.8791,872439462,0.297284,-0.383,3.1883,0.32579,-0.383,3.18641,0.325932,-0.354513,3.18856,0.297426,-0.354513,3.19045,0.311764,-0.400949,3.40709,0.341648,-0.400949,3.40511,0.341797,-0.371084,3.40736,0.311913,-0.371084,3.40934
1.9447,2.77312,-0.676966,48.9207,872439466,0.297099,-0.264524,3.18542,0.325605,-0.264524,3.18353,0.325699,-0.235992,3.18496,0.297194,-0.235992,3.18685,0.311597,-0.276958,3.40459,0.341481,-0.276958,3.40261,0.341581,-0.247046,3.40411,0.311696,-0.247046,3.40609
3.36,2.75672,-0.575989,-0.349634,872439595,0.326225,-0.23542,3.18457,0.354719,-0.235415,3.1825,0.354804,-0.206874,3.18376,0.32631,-0.20688,3.18582,0.342107,-0.246474,3.40372,0.371979,-0.246468,3.40156,0.372068,-0.216547,3.40287,0.342197,-0.216553,3.40503
2.78778,2.93018,-0.0457772,22.3192,872439602,0.326129,-0.0298764,3.18308,0.354622,-0.0298764,3.18101,0.354622,-0.00130836,3.18101,0.326129,-0.00130836,3.18308,0.342026,-0.0312592,3.4025,0.371898,-0.0312591,3.40034,0.371898,-0.00130914,3.40034,0.342026,-0.00130915,3.4025
2.55289,2.93018,0.0457772,43.6286,872439603,0.354622,0.00130836,3.18101,0.354622,0.0298764,3.18101,0.326129,0.0298764,3.18308,0.326129,0.00130836,3.18308,0.371898,0.00130914,3.40034,0.371898,0.0312591,3.40034,0.342026,0.0312592,3.4025,0.342026,0.00130915,3.4025
4.99711,2.82935,0.446164,4.04802,872439608,0.354921,0.148662,3.18556,0.354861,0.177216,3.18466,0.326368,0.177221,3.18673,0.326427,0.148667,3.18762,0.372192,0.155572,3.40477,0.37213,0.185507,3.40383,0.342258,0.185513,3.406,0.34232,0.155578,3.40694
0.921012,2.1926,1.07876,13.2828,872439624,0.355555,0.622362,3.19547,0.355305,0.650682,3.19172,0.326812,0.650704,3.19379,0.327062,0.622385,3.19754,0.372738,0.651302,3.41288,0.372476,0.680992,3.40895,0.342605,0.681015,3.41112,0.342866,0.651326,3.41505
1.38481,2.58588,-0.698444,32.9551,872439720,0.355663,-0.324899,3.18846,0.384142,-0.324876,3.18621,0.384261,-0.296365,3.188,0.355781,-0.296387,3.19025,0.372915,-0.34009,3.40726,0.402772,-0.340067,3.40491,0.402896,-0.310176,3.40678,0.373039,-0.3102,3.40914
1.7239,2.84832,-0.0421817,56.0988,872439730,0.355188,-0.0298764,3.18117,0.383668,-0.0298764,3.17893,0.383668,-0.00130836,3.17893,0.355188,-0.00130836,3.18117,0.372464,-0.0312591,3.40049,0.402322,-0.0312591,3.39814,0.402322,-0.00130914,3.39814,0.372464,-0.00130915,3.40049
0.459243,1.53903,1.3107,22.1728,872439777,0.38568,1.38098,3.21093,0.385135,1.40836,3.20281,0.356656,1.40846,3.20506,0.357201,1.38108,3.21318,0.403884,1.44367,3.42103,0.403312,1.47238,3.41251,0.373456,1.47248,3.41487,0.374027,1.44377,3.42339
0.889406,2.54009,-0.661481,52.1629,872439848,0.384727,-0.324901,3.18656,0.413192,-0.324867,3.18414,0.41331,-0.296355,3.18593,0.384845,-0.296389,3.18835,0.403357,-0.340091,3.40525,0.433199,-0.340055,3.40271,0.433323,-0.310164,3.40458,0.403481,-0.3102,3.40712
3.39287,2.42923,-0.711349,48.5081,872439974,0.413533,-0.383005,3.18069,0.441982,-0.38296,3.17809,0.442133,-0.354473,3.18024,0.413684,-0.354518,3.18284,0.433526,-0.40095,3.39905,0.463351,-0.400903,3.39632,0.46351,-0.371038,3.39857,0.433684,-0.371085,3.4013
1.18365,2.42109,-0.635828,39.1368,872440103,0.445934,-0.353947,3.19502,0.474362,-0.353947,3.1922,0.474557,-0.325448,3.19416,0.446129,-0.325448,3.19699,0.467638,-0.370519,3.41333,0.497441,-0.370519,3.41036,0.497646,-0.34064,3.41242,0.467843,-0.34064,3.41538
1.103,2.38049,-0.606934,39.9351,872440231,0.474911,-0.353948,3.19215,0.50332,-0.353937,3.18915,0.503516,-0.325437,3.19111,0.475107,-0.325448,3.19411,0.497991,-0.370519,3.41031,0.527774,-0.370507,3.40716,0.52798,-0.340629,3.40922,0.498196,-0.34064,3.41237
0.476595,1.61176,1.19395,4.9735,872440284,0.50555,1.22679,3.21236,0.504825,1.25441,3.20512,0.476416,1.25446,3.20813,0.477141,1.22683,3.21537,0.529459,1.28283,3.42376,0.528699,1.31179,3.41617,0.498916,1.31184,3.41933,0.499676,1.28287,3.42692
0.536825,1.59188,1.20208,4.98045,872440285,0.504832,1.255,3.20517,0.504089,1.28258,3.19776,0.47568,1.28262,3.20077,0.476423,1.25504,3.20819,0.528706,1.31237,3.41622,0.527927,1.34129,3.40844,0.498144,1.34133,3.4116,0.498923,1.31242,3.41938
0.830204,2.12341,0.784349,10.4324,872440517,0.561263,0.531549,3.18322,0.560934,0.559935,3.18001,0.532564,0.559985,3.18337,0.532893,0.5316,3.18658,0.588396,0.55637,3.40012,0.588051,0.586129,3.39676,0.558309,0.586182,3.40029,0.558654,0.556423,3.40365
0.835424,2.09707,0.810472,1.81017,872440518,0.560998,0.560554,3.18052,0.560648,0.588919,3.17714,0.532278,0.588969,3.1805,0.532629,0.560605,3.18388,0.588115,0.586748,3.39727,0.587748,0.616485,3.39372,0.558006,0.616538,3.39725,0.558373,0.586801,3.40079
0.101277,1.82473,1.02697,58.111,872440529,0.563355,0.893732,3.20471,0.562824,0.921794,3.19939,0.534454,0.921895,3.20275,0.534985,0.893833,3.20807,0.590293,0.93494,3.41914,0.589736,0.96436,3.41355,0.559994,0.964466,3.41708,0.560551,0.935046,3.42266
-0.110701,1.80164,1.04103,-1.30698,872440530,0.562818,0.922337,3.19929,0.562266,0.950365,3.19379,0.533896,0.950466,3.19715,0.534448,0.922438,3.20265,0.58973,0.964902,3.41345,0.589151,0.994286,3.40769,0.559409,0.994391,3.41121,0.559988,0.965008,3.41698
-0.0301389,1.7789,1.05448,0.203059,872440531,0.562281,0.950946,3.19388,0.561708,0.978939,3.1882,0.533339,0.97904,3.19156,0.533912,0.951047,3.19724,0.589166,0.994866,3.40777,0.588566,1.02421,3.40182,0.558824,1.02432,3.40534,0.559424,0.994972,3.41129
-0.0376424,1.75651,1.06734,-0.098088,872440532,0.561746,0.979561,3.18847,0.561152,1.00752,3.18262,0.532783,1.00762,3.18598,0.533376,0.979662,3.19183,0.588602,1.02483,3.40209,0.58798,1.05414,3.39595,0.558238,1.05425,3.39948,0.558861,1.02494,3.40561
-0.23077,1.73448,1.07966,-1.54186,872440533,0.561211,1.00818,3.18307,0.560596,1.0361,3.17705,0.532227,1.0362,3.18041,0.532841,1.00828,3.18644,0.588038,1.05481,3.3964,0.587394,1.08408,3.39009,0.557653,1.08418,3.39361,0.558297,1.05491,3.39992
0.998384,2.37224,-0.275704,10.4078,872440621,0.56171,-0.177224,3.18195,0.590058,-0.177201,3.17841,0.590147,-0.148647,3.1793,0.561799,-0.14867,3.18284,0.588951,-0.185513,3.4001,0.618671,-0.18549,3.39639,0.618764,-0.155554,3.39733,0.589044,-0.155578,3.40104
-0.122609,1.8103,1.00392,-1.03455,872440657,0.592324,0.893705,3.20168,0.591793,0.921767,3.19635,0.563445,0.921902,3.19989,0.563976,0.89384,3.20522,0.620634,0.934906,3.41593,0.620077,0.964325,3.41035,0.590358,0.964466,3.41405,0.590914,0.935047,3.41964
0.152722,1.78785,1.01829,-2.56654,872440658,0.591788,0.92231,3.19626,0.591235,0.950338,3.19076,0.562887,0.950472,3.19429,0.56344,0.922445,3.19979,0.620072,0.964867,3.41025,0.619492,0.994251,3.40448,0.589772,0.994392,3.40819,0.590352,0.965009,3.41395
-0.146977,1.76571,1.03205,-1.64535,872440659,0.591252,0.950919,3.19085,0.590677,0.978912,3.18517,0.562329,0.979046,3.18871,0.562904,0.951054,3.19438,0.619509,0.994832,3.40456,0.618906,1.02418,3.39861,0.589187,1.02432,3.40232,0.58979,0.994973,3.40827
-0.128355,1.74389,1.04524,-2.34416,872440660,0.590718,0.979534,3.18544,0.590121,1.00749,3.17959,0.561773,1.00762,3.18313,0.56237,0.979669,3.18898,0.618946,1.0248,3.39888,0.618321,1.05411,3.39275,0.588601,1.05425,3.39645,0.589227,1.02494,3.40259
0.123928,1.72239,1.05787,4.97296,872440661,0.590184,1.00816,3.18004,0.589566,1.03607,3.17402,0.561217,1.03621,3.17755,0.561836,1.00829,3.18358,0.618383,1.05477,3.39319,0.617735,1.08404,3.38688,0.588015,1.08418,3.39059,0.588664,1.05491,3.3969
0.275164,1.79876,0.977817,27.4236,872440785,0.626296,0.893824,3.21751,0.625591,0.921886,3.21221,0.597272,0.921886,3.21597,0.597977,0.893824,3.22127,0.656126,0.935044,3.43155,0.655387,0.964463,3.42599,0.625698,0.964463,3.42993,0.626437,0.935044,3.4355
0.637444,1.77713,0.992646,12.2665,872440786,0.625579,0.922428,3.21211,0.624851,0.950456,3.20663,0.596531,0.950456,3.21039,0.59726,0.922428,3.21587,0.655374,0.965005,3.42589,0.654611,0.994389,3.42014,0.624921,0.994389,3.42409,0.625685,0.965005,3.42983
2.24488,1.75577,1.00686,3.01096,872440787,0.624862,0.951038,3.20672,0.624111,0.97903,3.20106,0.595792,0.97903,3.20483,0.596543,0.951038,3.21048,0.654622,0.99497,3.42023,0.653834,1.02432,3.4143,0.624145,1.02432,3.41824,0.624933,0.99497,3.42417
0.141411,1.73468,1.0205,0.069593,872440788,0.624147,0.979652,3.20134,0.623373,1.00761,3.19551,0.595053,1.00761,3.19927,0.595828,0.979652,3.2051,0.65387,1.02494,3.41457,0.653058,1.05425,3.40846,0.623369,1.05425,3.4124,0.62418,1.02494,3.41851
0.0781747,1.71387,1.0336,-0.666427,872440789,0.623433,1.00827,3.19596,0.622635,1.03619,3.18995,0.594316,1.03619,3.19372,0.595113,1.00827,3.19972,0.653117,1.05491,3.4089,0.652281,1.08418,3.40261,0.622592,1.08418,3.40655,0.623428,1.05491,3.41285
1.03994,2.25743,-0.333781,52.5227,872440875,0.62353,-0.23542,3.19209,0.651827,-0.235415,3.18816,0.651994,-0.206874,3.18941,0.623698,-0.20688,3.19334,0.653769,-0.246474,3.40973,0.683434,-0.246468,3.40561,0.683609,-0.216547,3.40691,0.653944,-0.216553,3.41103
1.1082,2.31252,-0.0244543,34.6124,872440882,0.623337,-0.0298764,3.19061,0.651633,-0.0298763,3.18668,0.651633,-0.00130834,3.18668,0.623337,-0.00130837,3.19061,0.653608,-0.0312592,3.40852,0.683274,-0.0312591,3.4044,0.683274,-0.00130913,3.4044,0.653608,-0.00130916,3.40852
0.582392,1.84661,0.905792,-4.23078,872440910,0.653374,0.80068,3.20009,0.652737,0.828838,3.19531,0.624442,0.828866,3.19924,0.625079,0.800708,3.20402,0.68465,0.837818,3.41467,0.683982,0.867338,3.40966,0.654318,0.867368,3.41378,0.654986,0.837848,3.41879
0.166747,1.78357,0.956273,18.3055,872440913,0.655139,0.893792,3.21351,0.654434,0.921854,3.2082,0.626138,0.921887,3.21214,0.626843,0.893825,3.21745,0.686338,0.935009,3.42736,0.685599,0.964429,3.42179,0.655935,0.964464,3.42592,0.656674,0.935044,3.43148
0.267777,1.76256,0.971331,23.0673,872440914,0.654422,0.922396,3.20811,0.653693,0.950424,3.20263,0.625398,0.950458,3.20657,0.626127,0.92243,3.21205,0.685587,0.964971,3.42169,0.684822,0.994354,3.41595,0.655158,0.99439,3.42008,0.655923,0.965006,3.42582
0.0763103,1.74179,0.985786,-0.753001,872440915,0.653707,0.951006,3.20272,0.652954,0.978998,3.19706,0.624658,0.979032,3.201,0.625412,0.951039,3.20665,0.684836,0.994935,3.41603,0.684046,1.02428,3.4101,0.654382,1.02432,3.41423,0.655172,0.994971,3.42016
-0.127254,1.72126,0.99967,-1.22257,872440916,0.652993,0.97962,3.19733,0.652215,1.00758,3.1915,0.62392,1.00761,3.19544,0.624697,0.979654,3.20127,0.684084,1.0249,3.41037,0.683269,1.05421,3.40426,0.653605,1.05425,3.40839,0.65442,1.02494,3.4145
-0.0335657,1.70099,1.01301,83.4772,872440917,0.65228,1.00824,3.19196,0.651478,1.03616,3.18595,0.623182,1.03619,3.18989,0.623984,1.00828,3.19589,0.683333,1.05488,3.40471,0.682492,1.08415,3.39841,0.652828,1.08418,3.40254,0.653669,1.05491,3.40883
0.197057,1.76819,0.935361,0.103698,872441041,0.683984,0.893761,3.20952,0.683279,0.921823,3.20421,0.655009,0.921891,3.20832,0.655714,0.893829,3.21363,0.716551,0.934975,3.42316,0.715812,0.964394,3.4176,0.686174,0.964465,3.42191,0.686913,0.935045,3.42747
0.0992908,1.7478,0.950616,33.5387,872441042,0.683269,0.922366,3.20412,0.682538,0.950394,3.19864,0.654268,0.950461,3.20275,0.654998,0.922433,3.20823,0.715801,0.964936,3.4175,0.715036,0.99432,3.41175,0.685397,0.994391,3.41606,0.686163,0.965007,3.42181
0.140139,1.72761,0.965279,5.64233,872441043,0.682555,0.950975,3.19872,0.681799,0.978968,3.19307,0.653528,0.979035,3.19718,0.654284,0.951042,3.20284,0.715051,0.994901,3.41184,0.714259,1.02425,3.40591,0.684621,1.02432,3.41022,0.685413,0.994971,3.41615
0.125627,1.70764,0.979377,-0.389037,872441044,0.681842,0.97959,3.19334,0.681061,1.00755,3.18751,0.65279,1.00761,3.19162,0.653571,0.979657,3.19745,0.714301,1.02487,3.40617,0.713482,1.05418,3.40006,0.683844,1.05425,3.40437,0.684663,1.02494,3.41048
-0.290362,1.68789,0.992938,-1.41891,872441045,0.681129,1.00821,3.18796,0.680323,1.03613,3.18196,0.652052,1.0362,3.18607,0.652859,1.00828,3.19207,0.71355,1.05484,3.40051,0.712705,1.08411,3.39422,0.683067,1.08418,3.39853,0.683912,1.05491,3.40482
1.41947,2.22355,-0.0642254,43.9564,872441137,0.681063,-0.0589946,3.18283,0.709307,-0.0589946,3.17855,0.709334,-0.0304272,3.17872,0.68109,-0.0304272,3.18301,0.71407,-0.0617597,3.40033,0.74368,-0.0617597,3.39583,0.743709,-0.0318103,3.39602,0.714098,-0.0318103,3.40051
1.25222,2.22533,-0.0224246,50.1206,872441138,0.681085,-0.0298764,3.183,0.70933,-0.0298763,3.17872,0.70933,-0.00130835,3.17872,0.681085,-0.00130837,3.183,0.714094,-0.0312592,3.40051,0.743705,-0.0312591,3.39602,0.743705,-0.00130913,3.39602,0.714094,-0.00130916,3.40051
1.15709,1.77092,0.897732,-2.40586,872441168,0.709889,0.85818,3.18314,0.709194,0.886275,3.17801,0.68095,0.886359,3.1823,0.681645,0.858264,3.18743,0.743835,0.898031,3.39683,0.743107,0.927486,3.39145,0.713496,0.927574,3.39594,0.714224,0.89812,3.40132
0.118771,1.75265,0.915073,-27.466,872441169,0.712833,0.893732,3.20553,0.712128,0.921794,3.20023,0.683884,0.921895,3.20451,0.684589,0.893833,3.20982,0.746767,0.93494,3.41896,0.746028,0.96436,3.4134,0.716417,0.964465,3.41789,0.717156,0.935046,3.42346
0.0592262,1.73286,0.930495,-1.03602,872441170,0.712119,0.922337,3.20013,0.711388,0.950365,3.19465,0.683143,0.950466,3.19894,0.683875,0.922438,3.20442,0.746018,0.964902,3.4133,0.745252,0.994286,3.40756,0.715641,0.994391,3.41205,0.716407,0.965008,3.41779
1.96195,2.07332,0.470704,0.53977,872441279,0.738904,0.354473,3.18016,0.738612,0.38296,3.17803,0.710395,0.383005,3.18249,0.710687,0.354518,3.18462,0.774572,0.371038,3.39662,0.774266,0.400903,3.39438,0.744684,0.40095,3.39906,0.74499,0.371085,3.4013
0.424017,1.77397,0.860876,12.3275,872441295,0.739339,0.829379,3.18365,0.738668,0.857506,3.17869,0.710451,0.857619,3.18316,0.711122,0.829492,3.18811,0.774683,0.867865,3.39736,0.773979,0.897353,3.39216,0.744397,0.89747,3.39684,0.7451,0.867983,3.40203
0.683795,1.7545,0.877815,0.86552,872441296,0.738748,0.858157,3.17916,0.738049,0.886252,3.17404,0.709832,0.886364,3.1785,0.710531,0.858269,3.18363,0.774059,0.898003,3.39263,0.773326,0.927457,3.38725,0.743744,0.927575,3.39193,0.744477,0.89812,3.39731
-0.0596584,1.73699,0.895395,-0.012321,872441297,0.741688,0.893705,3.20155,0.740983,0.921767,3.19625,0.712766,0.921902,3.20071,0.713471,0.89384,3.20602,0.776987,0.934906,3.41476,0.776248,0.964325,3.4092,0.746665,0.964466,3.41388,0.747404,0.935047,3.41944
-0.0793352,1.71779,0.910955,-0.630187,872441298,0.740975,0.92231,3.19615,0.740242,0.950338,3.19067,0.712025,0.950473,3.19514,0.712758,0.922445,3.20061,0.776239,0.964867,3.4091,0.775471,0.994251,3.40336,0.745889,0.994392,3.40803,0.746657,0.965008,3.41378
0.426214,1.48991,1.07054,-7.56648,872441311,0.739016,1.31133,3.18163,0.73797,1.33881,3.1739,0.709752,1.33899,3.17836,0.710799,1.3115,3.18609,0.773778,1.37134,3.39042,0.772681,1.40016,3.38232,0.743098,1.40034,3.38699,0.744195,1.37153,3.39509
1.53876,2.09542,-0.318623,3.98791,872441386,0.744467,-0.264524,3.1995,0.772649,-0.264524,3.19483,0.772884,-0.235992,3.19624,0.744702,-0.235992,3.20092,0.780429,-0.276958,3.41619,0.809975,-0.276958,3.41129,0.810221,-0.247046,3.41277,0.780675,-0.247046,3.41768
3.46901,2.10607,-0.283579,0.113771,872441387,0.744641,-0.23542,3.20056,0.772824,-0.23542,3.19588,0.77303,-0.20688,3.19712,0.744847,-0.20688,3.2018,0.780616,-0.246474,3.41732,0.810161,-0.246474,3.41242,0.810377,-0.216553,3.41371,0.780831,-0.216553,3.41862
0.82978,2.12397,-0.211429,37.1281,872441389,0.744996,-0.177221,3.20269,0.773178,-0.177221,3.19801,0.773325,-0.148667,3.1989,0.745143,-0.148667,3.20358,0.78099,-0.185513,3.41957,0.810535,-0.185513,3.41467,0.810689,-0.155577,3.4156,0.781143,-0.155578,3.4205
4.31654,2.13094,0.172423,0.39591,872441399,0.772596,0.117805,3.19449,0.772478,0.146364,3.19378,0.744296,0.146364,3.19846,0.744413,0.117805,3.19917,0.809964,0.123335,3.41123,0.80984,0.153275,3.41049,0.780294,0.153275,3.41539,0.780418,0.123335,3.41613
1.07119,2.064,0.125526,22.3596,872441654,0.829995,0.0886746,3.18459,0.8299,0.117237,3.18406,0.801779,0.117237,3.18909,0.801874,0.0886745,3.18962,0.87009,0.092822,3.40087,0.869991,0.122767,3.40032,0.840508,0.122767,3.40559,0.840608,0.0928219,3.40615
0.780808,1.84854,0.072009,6.93545,872442549,1.03751,0.0595488,3.1747,1.03743,0.0881146,3.17435,1.00957,0.0881146,3.18064,1.00965,0.0595489,3.181,1.08736,0.0623142,3.38896,1.08727,0.0922618,3.38859,1.05806,0.0922618,3.3952,1.05814,0.0623142,3.39557
1.04842,1.71441,0.474605,1.0969,872442693,1.07659,0.531595,3.20706,1.07586,0.559981,3.20392,1.04804,0.559981,3.21043,1.04877,0.531595,3.21357,1.1277,0.556422,3.4196,1.12693,0.586181,3.41631,1.09776,0.586181,3.42313,1.09853,0.556422,3.42642
