energy,eta,phi,time,detid,front_1,front_2,front_3,front_4,back_1,back_2,back_3,back_4
0.166129,-0.0487925,1.63283,45.6043,838862440,-0.0910128,1.28974,-0.0748583,-0.0910236,1.29013,-0.0513136,-0.0692353,1.29014,-0.0513136,-0.069235,1.28976,-0.0748583,-0.0951785,1.51968,-0.0805421,-0.0951901,1.5201,-0.0550975,-0.0693876,1.52011,-0.0550975,-0.0693873,1.51969,-0.0805421
0.232444,-0.0673013,-2.69795,39.3167,838863064,-1.16307,-0.564784,-0.0988267,-1.16361,-0.565012,-0.075286,-1.17179,-0.544817,-0.075286,-1.17125,-0.544599,-0.0988267,-1.37464,-0.654795,-0.106402,-1.37522,-0.655041,-0.0809616,-1.3849,-0.631125,-0.0809616,-1.38432,-0.630889,-0.106402
0,-0.10383,-2.60765,0,838864093,-1.10616,-0.666659,-0.14541,-1.10696,-0.667088,-0.123253,-1.11722,-0.647831,-0.123253,-1.11639,-0.647437,-0.14541,-1.30885,-0.774598,-0.158875,-1.3098,-0.775104,-0.132711,-1.32193,-0.752324,-0.132711,-1.32096,-0.751859,-0.158875
0,-0.103736,-2.59048,0,838864094,-1.09572,-0.686251,-0.14541,-1.09651,-0.686715,-0.123253,-1.10676,-0.667458,-0.123253,-1.10596,-0.667029,-0.14541,-1.29654,-0.797707,-0.158875,-1.29747,-0.798254,-0.132711,-1.3096,-0.775474,-0.132711,-1.30865,-0.774968,-0.158875
0,-0.103824,-2.57313,0,838864095,-1.08255,-0.704475,-0.14541,-1.08334,-0.704932,-0.123253,-1.09426,-0.686044,-0.123253,-1.09346,-0.685622,-0.14541,-1.28135,-0.819427,-0.158875,-1.28228,-0.819966,-0.132711,-1.2952,-0.797623,-0.132711,-1.29425,-0.797125,-0.158875
0,-0.10373,-2.55596,0,838864096,-1.07144,-0.723691,-0.14541,-1.07221,-0.724182,-0.123253,-1.08313,-0.705294,-0.123253,-1.08234,-0.704838,-0.14541,-1.26825,-0.842092,-0.158875,-1.26916,-0.842672,-0.132711,-1.28208,-0.820329,-0.132711,-1.28114,-0.81979,-0.158875
0,-0.103819,-2.53862,0,838864097,-1.05765,-0.741444,-0.14541,-1.05842,-0.741927,-0.123253,-1.06999,-0.723433,-0.123253,-1.0692,-0.722983,-0.14541,-1.25231,-0.863269,-0.158875,-1.25322,-0.86384,-0.132711,-1.26691,-0.841962,-0.132711,-1.26598,-0.841431,-0.158875
0.00929654,-0.103726,-2.52145,-1.87835,838864098,-1.04587,-0.760259,-0.14541,-1.04662,-0.760777,-0.123253,-1.0582,-0.742282,-0.123253,-1.05742,-0.741799,-0.14541,-1.23842,-0.885462,-0.158875,-1.23931,-0.886073,-0.132711,-1.253,-0.864195,-0.132711,-1.25209,-0.863624,-0.158875
0,-0.121208,-2.60766,0,838864605,-1.10616,-0.666659,-0.168009,-1.1073,-0.667269,-0.145871,-1.11756,-0.648012,-0.145871,-1.11639,-0.647437,-0.168009,-1.30861,-0.774472,-0.185468,-1.30996,-0.775192,-0.159326,-1.32209,-0.752411,-0.159326,-1.32072,-0.751733,-0.185468
0,-0.121098,-2.59049,0,838864606,-1.09572,-0.686251,-0.168009,-1.09685,-0.686896,-0.145871,-1.1071,-0.667639,-0.145871,-1.10596,-0.667029,-0.168009,-1.2963,-0.79758,-0.185468,-1.29763,-0.798342,-0.159326,-1.30977,-0.775562,-0.159326,-1.30841,-0.774841,-0.185468
0,-0.121201,-2.57314,0,838864607,-1.08255,-0.704475,-0.168009,-1.08368,-0.705125,-0.145871,-1.0946,-0.686237,-0.145871,-1.09346,-0.685622,-0.168009,-1.28112,-0.819293,-0.185468,-1.28245,-0.820059,-0.159326,-1.29537,-0.797717,-0.159326,-1.29402,-0.796991,-0.185468
0,-0.121091,-2.55597,0,838864608,-1.07144,-0.723691,-0.168009,-1.07255,-0.724375,-0.145871,-1.08347,-0.705487,-0.145871,-1.08234,-0.704838,-0.168009,-1.26801,-0.841957,-0.185468,-1.26932,-0.842765,-0.159326,-1.28224,-0.820422,-0.159326,-1.28091,-0.819655,-0.185468
0,-0.121195,-2.53863,0,838864609,-1.05765,-0.741444,-0.168009,-1.05875,-0.742132,-0.145871,-1.07032,-0.723637,-0.145871,-1.0692,-0.722983,-0.168009,-1.25208,-0.863126,-0.185468,-1.25338,-0.863939,-0.159326,-1.26707,-0.842061,-0.159326,-1.26575,-0.841288,-0.185468
-0.0270788,-0.121087,-2.52146,-3.28886,838864610,-1.04587,-0.760259,-0.168009,-1.04695,-0.760981,-0.145871,-1.05852,-0.742487,-0.145871,-1.05742,-0.741799,-0.168009,-1.23819,-0.885319,-0.185468,-1.23947,-0.886171,-0.159326,-1.25316,-0.864294,-0.159326,-1.25186,-0.863481,-0.185468
0,-0.138567,-2.60766,0,838865117,-1.10616,-0.666659,-0.190634,-1.10764,-0.66745,-0.168522,-1.1179,-0.648193,-0.168522,-1.11639,-0.647437,-0.190634,-1.30831,-0.774313,-0.212083,-1.31006,-0.775246,-0.185971,-1.3222,-0.752466,-0.185971,-1.32042,-0.751574,-0.212083
0,-0.138442,-2.5905,0,838865118,-1.09572,-0.686251,-0.190634,-1.09719,-0.687077,-0.168522,-1.10744,-0.66782,-0.168522,-1.10596,-0.667029,-0.190634,-1.29601,-0.797421,-0.212083,-1.29774,-0.798396,-0.185971,-1.30987,-0.775616,-0.185971,-1.30811,-0.774682,-0.212083
0,-0.138559,-2.57315,0,838865119,-1.08255,-0.704475,-0.190634,-1.08401,-0.705317,-0.168522,-1.09493,-0.68643,-0.168522,-1.09346,-0.685622,-0.190634,-1.28083,-0.819123,-0.212083,-1.28255,-0.820117,-0.185971,-1.29547,-0.797775,-0.185971,-1.29372,-0.796821,-0.212083
0,-0.138434,-2.55598,0,838865120,-1.07144,-0.723691,-0.190634,-1.07288,-0.724567,-0.168522,-1.0838,-0.70568,-0.168522,-1.08234,-0.704838,-0.190634,-1.26772,-0.841788,-0.212083,-1.26942,-0.842823,-0.185971,-1.28234,-0.82048,-0.185971,-1.28062,-0.819486,-0.212083
0,-0.138552,-2.53863,0,838865121,-1.05765,-0.741444,-0.190634,-1.05907,-0.742336,-0.168522,-1.07065,-0.723842,-0.168522,-1.0692,-0.722983,-0.190634,-1.25179,-0.862946,-0.212083,-1.25348,-0.864,-0.185971,-1.26717,-0.842122,-0.185971,-1.26546,-0.841108,-0.212083
-0.0150622,-0.138429,-2.52147,-2.6859,838865122,-1.04587,-0.760259,-0.190634,-1.04728,-0.761186,-0.168522,-1.05885,-0.742691,-0.168522,-1.05742,-0.741799,-0.190634,-1.2379,-0.885139,-0.212083,-1.23956,-0.886233,-0.185971,-1.25326,-0.864355,-0.185971,-1.25157,-0.863301,-0.212083
0.158278,-0.138548,-0.409725,24.7596,838865243,1.18908,-0.504513,-0.190634,1.1906,-0.50525,-0.168522,1.18105,-0.524866,-0.168522,1.17955,-0.524094,-0.190634,1.39501,-0.604767,-0.212083,1.39679,-0.605637,-0.185971,1.3855,-0.628842,-0.185971,1.38373,-0.62793,-0.212083
0,-0.155908,-2.60767,0,838865629,-1.10616,-0.66666,-0.213293,-1.10798,-0.667631,-0.191213,-1.11823,-0.648374,-0.191214,-1.11639,-0.647437,-0.213293,-1.30795,-0.774121,-0.238724,-1.31011,-0.775268,-0.212651,-1.32224,-0.752488,-0.212651,-1.32006,-0.751382,-0.238724
0,-0.155767,-2.59051,0,838865630,-1.09572,-0.686251,-0.213293,-1.09753,-0.687258,-0.191213,-1.10778,-0.668001,-0.191213,-1.10596,-0.667029,-0.213293,-1.29565,-0.797229,-0.238724,-1.29778,-0.798418,-0.212651,-1.30991,-0.775638,-0.212651,-1.30775,-0.774491,-0.238724
0,-0.155899,-2.57315,0,838865631,-1.08255,-0.704475,-0.213293,-1.08434,-0.70551,-0.191214,-1.09526,-0.686623,-0.191213,-1.09346,-0.685622,-0.213293,-1.28047,-0.818919,-0.238724,-1.28259,-0.820141,-0.212651,-1.29551,-0.797798,-0.212651,-1.29337,-0.796617,-0.238724
0,-0.155759,-2.55599,0,838865632,-1.07144,-0.723691,-0.213293,-1.07321,-0.72476,-0.191213,-1.08413,-0.705872,-0.191214,-1.08234,-0.704838,-0.213293,-1.26737,-0.841584,-0.238724,-1.26946,-0.842846,-0.212651,-1.28238,-0.820503,-0.212651,-1.28026,-0.819281,-0.238724
0,-0.155891,-2.53864,0,838865633,-1.05765,-0.741444,-0.213293,-1.0594,-0.74254,-0.191213,-1.07097,-0.724046,-0.191213,-1.0692,-0.722983,-0.213293,-1.25145,-0.86273,-0.238724,-1.25352,-0.864025,-0.212651,-1.26721,-0.842147,-0.212651,-1.26511,-0.840892,-0.238724
0.045791,-0.155752,-2.52148,-2.78375,838865634,-1.04587,-0.760259,-0.213293,-1.0476,-0.76139,-0.191214,-1.05918,-0.742895,-0.191213,-1.05742,-0.741799,-0.213293,-1.23756,-0.884923,-0.238724,-1.2396,-0.886258,-0.212651,-1.25329,-0.86438,-0.212651,-1.25123,-0.863085,-0.238724
0.0226181,-0.155747,-2.41794,-2.3139,838865640,-0.961718,-0.8643,-0.213293,-0.963321,-0.865605,-0.191214,-0.976767,-0.848423,-0.191213,-0.975139,-0.847149,-0.213293,-1.13931,-1.00833,-0.238724,-1.14121,-1.00987,-0.212651,-1.15711,-0.989547,-0.212651,-1.15519,-0.988043,-0.238724
-0.0429128,-0.155885,-2.40059,-2.52981,838865641,-0.945583,-0.879958,-0.213293,-0.947166,-0.881288,-0.191213,-0.961203,-0.864586,-0.191214,-0.959595,-0.863286,-0.213293,-1.1206,-1.02705,-0.238724,-1.12247,-1.02862,-0.212651,-1.13908,-1.00887,-0.212651,-1.13718,-1.00733,-0.238724
-0.0429809,-0.15575,-2.38343,-1.89595,838865642,-0.931302,-0.89695,-0.213293,-0.932859,-0.89831,-0.191213,-0.946896,-0.881608,-0.191214,-0.945314,-0.880279,-0.213293,-1.10376,-1.0471,-0.238724,-1.1056,-1.0487,-0.212651,-1.1222,-1.02895,-0.212651,-1.12033,-1.02737,-0.238724
0.0774181,-0.155889,-2.36608,36.4003,838865643,-0.91463,-0.912035,-0.213293,-0.916165,-0.91342,-0.191214,-0.930777,-0.897218,-0.191213,-0.929216,-0.895863,-0.213293,-1.08441,-1.06515,-0.238724,-1.08622,-1.06679,-0.212651,-1.1035,-1.04762,-0.212651,-1.10166,-1.04602,-0.238724
0,-0.173231,-2.60768,0,838866141,-1.10616,-0.66666,-0.235992,-1.10832,-0.667812,-0.213952,-1.11857,-0.648554,-0.213952,-1.11639,-0.647437,-0.235992,-1.30753,-0.773896,-0.265397,-1.31008,-0.775257,-0.239371,-1.32222,-0.752477,-0.239371,-1.31964,-0.751158,-0.265397
0,-0.173074,-2.59052,0,838866142,-1.09572,-0.686251,-0.235992,-1.09787,-0.687438,-0.213952,-1.10812,-0.668181,-0.213952,-1.10596,-0.667029,-0.235992,-1.29522,-0.797005,-0.265397,-1.29776,-0.798407,-0.239371,-1.30989,-0.775627,-0.239371,-1.30733,-0.774266,-0.265397
0,-0.17322,-2.57316,0,838866143,-1.08255,-0.704475,-0.235992,-1.08468,-0.705702,-0.213952,-1.0956,-0.686815,-0.213952,-1.09346,-0.685622,-0.235992,-1.28006,-0.81868,-0.265397,-1.28257,-0.820129,-0.239371,-1.29549,-0.797786,-0.239371,-1.29296,-0.796378,-0.265397
0,-0.173065,-2.556,0,838866144,-1.07144,-0.723691,-0.235992,-1.07354,-0.724952,-0.213952,-1.08447,-0.706065,-0.213952,-1.08234,-0.704838,-0.235992,-1.26695,-0.841345,-0.265397,-1.26944,-0.842834,-0.239371,-1.28236,-0.820491,-0.239371,-1.27985,-0.819042,-0.265397
0,-0.173212,-2.53865,0,838866145,-1.05765,-0.741444,-0.235992,-1.05972,-0.742744,-0.213952,-1.0713,-0.724249,-0.213952,-1.0692,-0.722983,-0.235992,-1.25104,-0.862477,-0.265397,-1.2535,-0.864012,-0.239371,-1.26719,-0.842134,-0.239371,-1.26471,-0.840639,-0.265397
-0.0370102,-0.173058,-2.52149,-3.50456,838866146,-1.04587,-0.760259,-0.235992,-1.04793,-0.761593,-0.213952,-1.0595,-0.743099,-0.213952,-1.05742,-0.741799,-0.235992,-1.23715,-0.88467,-0.265397,-1.23958,-0.886245,-0.239371,-1.25327,-0.864367,-0.239371,-1.25082,-0.862832,-0.265397
-0.0146099,-0.173052,-2.41795,-3.6978,838866152,-0.961718,-0.8643,-0.235992,-0.963624,-0.865841,-0.213952,-0.977069,-0.848659,-0.213952,-0.975139,-0.847149,-0.235992,-1.13894,-1.00804,-0.265397,-1.14119,-1.00986,-0.239371,-1.15709,-0.989532,-0.239371,-1.15481,-0.987748,-0.265397
-0.0145286,-0.173205,-2.4006,-3.8796,838866153,-0.945583,-0.879958,-0.235992,-0.947459,-0.881535,-0.213952,-0.961497,-0.864833,-0.213952,-0.959595,-0.863286,-0.235992,-1.12024,-1.02675,-0.265397,-1.12245,-1.02861,-0.239371,-1.13906,-1.00885,-0.239371,-1.13681,-1.00703,-0.265397
0.230702,-0.173056,-2.38344,1.85242,838866154,-0.931302,-0.89695,-0.235992,-0.933153,-0.898558,-0.213952,-0.94719,-0.881855,-0.213952,-0.945314,-0.880279,-0.235992,-1.10339,-1.04679,-0.265397,-1.10558,-1.04869,-0.239371,-1.12218,-1.02893,-0.239371,-1.11997,-1.02707,-0.265397
-0.0238694,-0.173209,-2.36609,-3.97711,838866155,-0.91463,-0.912035,-0.235992,-0.91645,-0.913677,-0.213952,-0.931062,-0.897475,-0.213952,-0.929216,-0.895863,-0.235992,-1.08405,-1.06483,-0.265397,-1.0862,-1.06677,-0.239371,-1.10349,-1.04761,-0.239371,-1.10131,-1.0457,-0.265397
0.0645447,-0.19059,-2.60769,8.61418,838866653,-1.10616,-0.666659,-0.258872,-1.10867,-0.667999,-0.236756,-1.11894,-0.648712,-0.236756,-1.11639,-0.647437,-0.258872,-1.30705,-0.773643,-0.292181,-1.31002,-0.77522,-0.26615,-1.32214,-0.752456,-0.26615,-1.31914,-0.750956,-0.292181
-0.0144083,-0.190418,-2.59052,-2.04011,838866654,-1.09572,-0.686252,-0.258872,-1.0982,-0.687656,-0.236756,-1.10847,-0.668369,-0.236756,-1.10596,-0.66703,-0.258872,-1.29478,-0.796701,-0.292181,-1.2977,-0.798353,-0.26615,-1.30982,-0.77559,-0.26615,-1.30686,-0.774013,-0.292181
-0.01445,-0.190579,-2.57317,-2.38894,838866655,-1.08255,-0.704475,-0.258872,-1.08502,-0.705901,-0.236756,-1.09596,-0.686985,-0.236756,-1.09346,-0.685622,-0.258872,-1.27959,-0.81841,-0.292181,-1.2825,-0.820089,-0.26615,-1.29541,-0.797763,-0.26615,-1.29246,-0.796159,-0.292181
-0.115704,-0.190408,-2.556,-2.14343,838866656,-1.07144,-0.723691,-0.258872,-1.07387,-0.725181,-0.236756,-1.08481,-0.706265,-0.236756,-1.08234,-0.704838,-0.258872,-1.26652,-0.841025,-0.292181,-1.26938,-0.842779,-0.26615,-1.28229,-0.820452,-0.26615,-1.27938,-0.818773,-0.292181
-0.0169622,-0.19057,-2.53866,-2.30535,838866657,-1.05765,-0.741443,-0.258872,-1.06006,-0.742955,-0.236756,-1.07165,-0.724432,-0.236756,-1.0692,-0.722983,-0.258872,-1.25059,-0.862191,-0.292181,-1.25343,-0.86397,-0.26615,-1.26711,-0.842109,-0.26615,-1.26422,-0.840402,-0.292181
0.0358654,-0.1904,-2.52149,-1.03856,838866658,-1.04587,-0.76026,-0.258872,-1.04825,-0.761833,-0.236756,-1.05984,-0.743311,-0.236756,-1.05742,-0.741799,-0.258872,-1.23673,-0.884335,-0.292181,-1.23953,-0.886187,-0.26615,-1.25321,-0.864326,-0.26615,-1.25036,-0.862546,-0.292181
0.115496,-0.190564,-2.50415,7.03344,838866659,-1.03146,-0.777519,-0.258872,-1.03382,-0.779114,-0.236756,-1.04606,-0.761008,-0.236756,-1.04365,-0.759473,-0.258872,-1.22007,-0.904932,-0.292181,-1.22285,-0.906809,-0.26615,-1.23729,-0.885439,-0.26615,-1.23446,-0.883633,-0.292181
0.0497967,-0.190396,-2.48698,-1.98521,838866660,-1.01904,-0.795913,-0.258872,-1.02136,-0.797569,-0.236756,-1.03359,-0.779462,-0.236756,-1.03123,-0.777867,-0.258872,-1.20545,-0.926578,-0.292181,-1.20818,-0.928527,-0.26615,-1.22261,-0.907157,-0.26615,-1.21983,-0.905279,-0.292181
-0.0391619,-0.19056,-2.46963,-2.4674,838866661,-1.00404,-0.812659,-0.258872,-1.00634,-0.814335,-0.236756,-1.0192,-0.796667,-0.236756,-1.01685,-0.795049,-0.258872,-1.18808,-0.946581,-0.292181,-1.19079,-0.948554,-0.26615,-1.20596,-0.927701,-0.26615,-1.2032,-0.925797,-0.292181
0.121564,-0.190394,-2.45246,-8.36891,838866662,-0.990975,-0.830607,-0.258872,-0.993236,-0.832343,-0.236756,-1.00609,-0.814675,-0.236756,-1.00379,-0.812998,-0.258872,-1.17271,-0.967703,-0.292181,-1.17537,-0.969746,-0.26615,-1.19054,-0.948893,-0.26615,-1.18783,-0.94692,-0.292181
0.0141456,-0.190394,-2.41795,-2.03855,838866664,-0.961718,-0.8643,-0.258872,-0.963917,-0.866114,-0.236756,-0.977383,-0.848905,-0.236756,-0.975139,-0.847149,-0.258872,-1.13855,-1.00766,-0.292181,-1.14114,-1.00979,-0.26615,-1.15703,-0.989484,-0.26615,-1.15439,-0.987417,-0.292181
0.0409453,-0.190561,-2.40061,-1.37124,838866665,-0.945583,-0.879958,-0.258872,-0.947765,-0.881791,-0.236756,-0.961824,-0.865063,-0.236756,-0.959595,-0.863286,-0.258872,-1.11983,-1.0264,-0.292181,-1.12239,-1.02856,-0.26615,-1.13899,-1.00882,-0.26615,-1.13636,-1.00672,-0.292181
0.240413,-0.190398,-2.38344,0.654545,838866666,-0.931302,-0.89695,-0.258872,-0.933436,-0.89884,-0.236756,-0.947495,-0.882112,-0.236756,-0.945313,-0.880279,-0.258872,-1.10302,-1.0464,-0.292181,-1.10553,-1.04862,-0.26615,-1.12212,-1.02888,-0.26615,-1.11956,-1.02672,-0.292181
-0.061037,-0.190566,-2.3661,-2.52328,838866667,-0.91463,-0.912035,-0.258872,-0.916747,-0.913944,-0.236756,-0.931381,-0.897717,-0.236756,-0.929216,-0.895863,-0.258872,-1.08365,-1.06447,-0.292181,-1.08614,-1.06672,-0.26615,-1.10342,-1.04757,-0.26615,-1.10087,-1.04539,-0.292181
0.171602,-0.207784,2.64546,39.2957,838867106,-1.14217,0.605797,-0.281796,-1.14495,0.607444,-0.259733,-1.13338,0.625982,-0.259733,-1.13064,0.624273,-0.281796,-1.33684,0.722639,-0.319,-1.34011,0.724577,-0.293029,-1.32646,0.746457,-0.293029,-1.32323,0.744445,-0.319
-0.092296,-0.207764,-2.5215,-1.92047,838867170,-1.04587,-0.76026,-0.281796,-1.04857,-0.762034,-0.259733,-1.06016,-0.743511,-0.259733,-1.05742,-0.741799,-0.281796,-1.23622,-0.884015,-0.319,-1.23939,-0.886103,-0.293029,-1.25307,-0.864242,-0.293029,-1.24985,-0.862226,-0.319
0.0648218,-0.207942,-2.50415,-1.88191,838867171,-1.03146,-0.777519,-0.281796,-1.03414,-0.779326,-0.259733,-1.04637,-0.76122,-0.259733,-1.04365,-0.759473,-0.281796,-1.21957,-0.904593,-0.319,-1.22272,-0.90672,-0.293029,-1.23715,-0.88535,-0.293029,-1.23396,-0.883294,-0.319
0.671312,-0.207759,-2.48698,-3.43119,838867172,-1.01904,-0.795913,-0.281796,-1.02167,-0.79778,-0.259733,-1.0339,-0.779674,-0.259733,-1.03123,-0.777867,-0.281796,-1.20494,-0.92624,-0.319,-1.20805,-0.928439,-0.293029,-1.22248,-0.907068,-0.293029,-1.21933,-0.904941,-0.319
0.305327,-0.207938,-2.46964,2.65485,838867173,-1.00404,-0.812659,-0.281796,-1.00665,-0.814558,-0.259733,-1.0195,-0.796889,-0.259733,-1.01685,-0.795049,-0.281796,-1.18759,-0.946225,-0.319,-1.19066,-0.948461,-0.293029,-1.20583,-0.927607,-0.293029,-1.20271,-0.925442,-0.319
0.0585293,-0.207757,-2.45247,8.24549,838867174,-0.990975,-0.830607,-0.281796,-0.993542,-0.832566,-0.259733,-1.0064,-0.814897,-0.259733,-1.00379,-0.812998,-0.281796,-1.17222,-0.967348,-0.319,-1.17524,-0.969653,-0.293029,-1.19041,-0.9488,-0.293029,-1.18734,-0.946564,-0.319
-0.0166758,-0.207758,-2.41796,-3.08152,838867176,-0.961718,-0.8643,-0.281796,-0.964215,-0.866347,-0.259733,-0.977681,-0.849138,-0.259733,-0.975139,-0.847149,-0.281796,-1.13807,-1.00729,-0.319,-1.14101,-1.0097,-0.293029,-1.15691,-0.989386,-0.293029,-1.15391,-0.987045,-0.319
-0.0556166,-0.20794,-2.40062,-2.36403,838867177,-0.945583,-0.879958,-0.281796,-0.948055,-0.882035,-0.259733,-0.962113,-0.865307,-0.259733,-0.959595,-0.863286,-0.281796,-1.11936,-1.02601,-0.319,-1.12227,-1.02846,-0.293029,-1.13887,-1.00871,-0.293029,-1.1359,-1.00633,-0.319
0.205577,-0.207761,-2.38345,11.2354,838867178,-0.931302,-0.896951,-0.281796,-0.933726,-0.899083,-0.259733,-0.947785,-0.882356,-0.259733,-0.945313,-0.880279,-0.281796,-1.10256,-1.04601,-0.319,-1.10541,-1.04852,-0.293029,-1.122,-1.02878,-0.293029,-1.11909,-1.02633,-0.319
-0.0473749,-0.207945,-2.3661,-2.35265,838867179,-0.91463,-0.912035,-0.281796,-0.917028,-0.914197,-0.259733,-0.931662,-0.897971,-0.259733,-0.929216,-0.895863,-0.281796,-1.0832,-1.06407,-0.319,-1.08603,-1.06661,-0.293029,-1.1033,-1.04746,-0.293029,-1.10042,-1.04498,-0.319
0.0957551,-0.22511,-2.52151,20.8779,838867682,-1.04587,-0.76026,-0.304781,-1.04889,-0.762234,-0.282776,-1.06048,-0.743712,-0.282776,-1.05742,-0.741799,-0.304781,-1.23565,-0.883659,-0.345868,-1.2392,-0.885983,-0.319967,-1.25288,-0.864122,-0.319967,-1.24928,-0.86187,-0.345868
0.0545676,-0.225302,-2.50416,-3.41664,838867683,-1.03146,-0.777519,-0.304781,-1.03445,-0.779538,-0.282776,-1.04668,-0.761431,-0.282776,-1.04365,-0.759473,-0.304781,-1.21901,-0.904218,-0.345868,-1.22253,-0.906594,-0.319967,-1.23697,-0.885223,-0.319967,-1.2334,-0.882919,-0.345868
3.43701,-0.225104,-2.48699,-0.33565,838867684,-1.01904,-0.795913,-0.304781,-1.02198,-0.797992,-0.282776,-1.03422,-0.779885,-0.282776,-1.03123,-0.777867,-0.304781,-1.20439,-0.925865,-0.345868,-1.20786,-0.928312,-0.319967,-1.22229,-0.906942,-0.319967,-1.21878,-0.904566,-0.345868
0.414828,-0.225298,-2.46965,-2.5277,838867685,-1.00404,-0.812659,-0.304781,-1.00695,-0.81478,-0.282776,-1.01981,-0.797112,-0.282776,-1.01685,-0.795049,-0.304781,-1.18705,-0.94583,-0.345868,-1.19048,-0.948328,-0.319967,-1.20565,-0.927474,-0.319967,-1.20217,-0.925047,-0.345868
0.0776054,-0.225102,-2.45248,27.5275,838867686,-0.990975,-0.830607,-0.304781,-0.993847,-0.832788,-0.282776,-1.0067,-0.815119,-0.282776,-1.00379,-0.812998,-0.304781,-1.17167,-0.966953,-0.345868,-1.17506,-0.96952,-0.319967,-1.19023,-0.948667,-0.319967,-1.1868,-0.94617,-0.345868
-0.0587831,-0.225103,-2.41797,-2.54388,838867688,-0.961718,-0.8643,-0.304781,-0.964512,-0.86658,-0.282776,-0.977978,-0.849371,-0.282776,-0.975139,-0.847149,-0.304781,-1.13755,-1.00687,-0.345868,-1.14083,-1.00956,-0.319967,-1.15673,-0.989247,-0.319967,-1.15339,-0.986631,-0.345868
-0.0181604,-0.225299,-2.40062,-2.792,838867689,-0.945583,-0.879958,-0.304781,-0.948344,-0.882277,-0.282776,-0.962402,-0.86555,-0.282776,-0.959595,-0.863286,-0.304781,-1.11885,-1.02558,-0.345868,-1.1221,-1.02831,-0.319967,-1.13869,-1.00857,-0.319967,-1.13539,-1.0059,-0.345868
0.080826,-0.225107,-2.38346,32.5336,838867690,-0.931302,-0.896951,-0.304781,-0.934015,-0.899326,-0.282776,-0.948074,-0.882599,-0.282776,-0.945313,-0.880279,-0.304781,-1.10204,-1.04558,-0.345868,-1.10524,-1.04838,-0.319967,-1.12183,-1.02863,-0.319967,-1.11858,-1.0259,-0.345868
-0.0123377,-0.225305,-2.36611,-33.2672,838867691,-0.91463,-0.912035,-0.304781,-0.917308,-0.91445,-0.282776,-0.931942,-0.898223,-0.282776,-0.929216,-0.895863,-0.304781,-1.08271,-1.06362,-0.345868,-1.08586,-1.06646,-0.319967,-1.10313,-1.04731,-0.319967,-1.09992,-1.04453,-0.345868
-0.0390791,-0.242438,-2.52152,-2.31215,838868194,-1.04587,-0.76026,-0.327834,-1.04921,-0.762434,-0.305894,-1.0608,-0.743911,-0.305894,-1.05742,-0.741799,-0.327834,-1.23502,-0.883268,-0.372792,-1.23895,-0.885827,-0.346967,-1.25263,-0.863966,-0.346968,-1.24866,-0.861479,-0.372793
-0.0292189,-0.242644,-2.50417,-3.22359,838868195,-1.03146,-0.777519,-0.327834,-1.03476,-0.779748,-0.305894,-1.04699,-0.761642,-0.305894,-1.04365,-0.759473,-0.327834,-1.2184,-0.903805,-0.372792,-1.22229,-0.906429,-0.346967,-1.23672,-0.885059,-0.346968,-1.23279,-0.882506,-0.372793
-0.0195649,-0.242432,-2.487,-1.78727,838868196,-1.01904,-0.795913,-0.327834,-1.0223,-0.798203,-0.305894,-1.03453,-0.780096,-0.305894,-1.03123,-0.777867,-0.327834,-1.20378,-0.925452,-0.372793,-1.20761,-0.928147,-0.346968,-1.22205,-0.906777,-0.346967,-1.21817,-0.904153,-0.372792
0.0613387,-0.242639,-2.46965,-2.47731,838868197,-1.00404,-0.812659,-0.327834,-1.00726,-0.815002,-0.305894,-1.02011,-0.797333,-0.305894,-1.01685,-0.795049,-0.327834,-1.18645,-0.945397,-0.372792,-1.19024,-0.948155,-0.346967,-1.20541,-0.927301,-0.346968,-1.20157,-0.924613,-0.372793
-0.0181254,-0.242429,-2.45249,-1.73915,838868198,-0.990975,-0.830607,-0.327834,-0.994151,-0.833009,-0.305894,-1.00701,-0.815341,-0.305894,-1.00379,-0.812998,-0.327834,-1.17108,-0.966519,-0.372792,-1.17482,-0.969347,-0.346967,-1.18999,-0.948494,-0.346968,-1.1862,-0.945736,-0.372793
0.0739846,-0.242641,-2.40063,-2.88323,838868201,-0.945583,-0.879958,-0.327834,-0.948632,-0.88252,-0.305894,-0.962691,-0.865792,-0.305894,-0.959595,-0.863286,-0.327834,-1.11829,-1.02511,-0.372792,-1.12187,-1.02812,-0.346967,-1.13847,-1.00838,-0.346968,-1.13482,-1.00543,-0.372793
-0.0568861,-0.242434,-2.38347,-2.46052,838868202,-0.931302,-0.89695,-0.327834,-0.934303,-0.899568,-0.305894,-0.948362,-0.882841,-0.305894,-0.945313,-0.880279,-0.327834,-1.10148,-1.0451,-0.372792,-1.10501,-1.04819,-0.346967,-1.1216,-1.02844,-0.346968,-1.11802,-1.02543,-0.372792
0.146472,-0.259748,0.271002,7.98599,838868506,1.24282,0.356702,-0.350962,1.24707,0.357682,-0.329094,1.25163,0.336312,-0.329094,1.24736,0.335403,-0.350962,1.46185,0.40743,-0.399779,1.46685,0.408584,-0.374038,1.47223,0.383361,-0.374038,1.46721,0.382291,-0.399779
-0.00603438,-0.259748,-2.52152,-3.46542,838868706,-1.04587,-0.76026,-0.350962,-1.04953,-0.762633,-0.329094,-1.06112,-0.74411,-0.329094,-1.05742,-0.741799,-0.350962,-1.23434,-0.882842,-0.399779,-1.23864,-0.885635,-0.374038,-1.25233,-0.863774,-0.374038,-1.24798,-0.861053,-0.399779
0.00913799,-0.259968,-2.50417,-3.50199,838868707,-1.03146,-0.777519,-0.350962,-1.03507,-0.779958,-0.329094,-1.04731,-0.761852,-0.329094,-1.04365,-0.759473,-0.350962,-1.21774,-0.903356,-0.399779,-1.22199,-0.906227,-0.374038,-1.23642,-0.884856,-0.374038,-1.23212,-0.882057,-0.399779
-0.0356697,-0.259741,-2.48701,-3.72088,838868708,-1.01904,-0.795913,-0.350962,-1.02261,-0.798413,-0.329094,-1.03484,-0.780306,-0.329094,-1.03123,-0.777867,-0.350962,-1.20311,-0.925002,-0.399779,-1.20731,-0.927945,-0.374038,-1.22175,-0.906575,-0.374038,-1.2175,-0.903703,-0.399779
-0.0120942,-0.259963,-2.46966,-4.67791,838868709,-1.00404,-0.812659,-0.350962,-1.00756,-0.815222,-0.329094,-1.02042,-0.797554,-0.329094,-1.01685,-0.795049,-0.350962,-1.1858,-0.944924,-0.399779,-1.18995,-0.947942,-0.374038,-1.20512,-0.927089,-0.374038,-1.20092,-0.924141,-0.399779
0.00509181,-0.259739,-2.4525,-4.49829,838868710,-0.990975,-0.830607,-0.350962,-0.994455,-0.83323,-0.329094,-1.00731,-0.815562,-0.329094,-1.00379,-0.812998,-0.350962,-1.17043,-0.966047,-0.399779,-1.17453,-0.969134,-0.374038,-1.1897,-0.948281,-0.374038,-1.18555,-0.945263,-0.399779
0.166816,-0.259965,-2.40064,-12.417,838868713,-0.945583,-0.879958,-0.350962,-0.948919,-0.882761,-0.329094,-0.962978,-0.866033,-0.329094,-0.959595,-0.863286,-0.350962,-1.11767,-1.02459,-0.399779,-1.1216,-1.02789,-0.374038,-1.13819,-1.00815,-0.374038,-1.13421,-1.00491,-0.399779
0.0274798,-0.259744,-2.38347,-4.69542,838868714,-0.931302,-0.89695,-0.350962,-0.93459,-0.89981,-0.329094,-0.948649,-0.883082,-0.329094,-0.945313,-0.880279,-0.350962,-1.10086,-1.04459,-0.399779,-1.10473,-1.04795,-0.374038,-1.12133,-1.02821,-0.374038,-1.1174,-1.02491,-0.399779
0.237042,-0.346462,2.71443,52.4892,838871206,-1.18134,0.52562,-0.468606,-1.18688,0.52844,-0.447065,-1.17662,0.547769,-0.447065,-1.17113,0.544856,-0.468606,-1.37739,0.625343,-0.536045,-1.38388,0.628647,-0.510795,-1.37181,0.651385,-0.510795,-1.36538,0.647971,-0.536045
0.414568,-0.433681,2.6282,42.472,838873761,-1.13042,0.62463,-0.589926,-1.13721,0.628865,-0.568831,-1.12561,0.647458,-0.56883,-1.11889,0.643106,-0.589926,-1.31174,0.737774,-0.67498,-1.31966,0.742712,-0.650384,-1.30607,0.76449,-0.650384,-1.29824,0.759417,-0.67498
0.142929,-0.541438,0.236382,2.38137,838876696,1.25434,0.313595,-0.747269,1.26408,0.315512,-0.727072,1.26791,0.29388,-0.727072,1.25814,0.292151,-0.747269,1.45554,0.352728,-0.851731,1.46675,0.354936,-0.828468,1.47119,0.329863,-0.828468,1.45994,0.327871,-0.851731
0.102344,-0.541862,0.253723,10.8018,838876697,1.24745,0.334989,-0.747269,1.25715,0.337058,-0.727072,1.26174,0.315573,-0.727072,1.25199,0.31369,-0.747269,1.44788,0.377736,-0.851731,1.45906,0.380119,-0.828468,1.46437,0.355217,-0.828468,1.45315,0.353049,-0.851731
0.0286901,-0.541418,0.270897,-1.47011,838876698,1.24282,0.356705,-0.747269,1.25248,0.35896,-0.727072,1.25706,0.337475,-0.727072,1.24736,0.335406,-0.747269,1.44253,0.40284,-0.851731,1.45366,0.405438,-0.828468,1.45897,0.380536,-0.828468,1.44779,0.378153,-0.851731
0.0194656,-0.541846,0.288237,-2.33865,838876699,1.23519,0.377845,-0.747269,1.24481,0.380252,-0.727072,1.25014,0.358939,-0.727072,1.24047,0.356718,-0.747269,1.434,0.427566,-0.851731,1.44508,0.430338,-0.828468,1.45126,0.405636,-0.828468,1.44012,0.403077,-0.851731
0.0714574,-0.541406,0.305411,-0.62426,838876700,1.2298,0.399385,-0.747269,1.23938,0.401977,-0.727072,1.24471,0.380665,-0.727072,1.23508,0.378258,-0.747269,1.42777,0.452467,-0.851731,1.4388,0.455453,-0.828468,1.44498,0.430751,-0.828468,1.4339,0.427979,-0.851731
0.00143333,-0.558572,0.236375,-2.41943,838877208,1.25434,0.313595,-0.772956,1.26437,0.315564,-0.752908,1.2682,0.293932,-0.752908,1.25814,0.292151,-0.772956,1.45399,0.352454,-0.880443,1.46554,0.354722,-0.857352,1.46998,0.329649,-0.857352,1.45839,0.327598,-0.880443
0.0489008,-0.559007,0.253718,-21.3426,838877209,1.24745,0.334989,-0.772956,1.25745,0.337121,-0.752908,1.26203,0.315635,-0.752908,1.25199,0.31369,-0.772956,1.44635,0.377409,-0.880443,1.45786,0.379864,-0.857352,1.46317,0.354961,-0.857352,1.45161,0.352721,-0.880443
0.290645,-0.558552,0.27089,-10.8246,838877210,1.24282,0.356705,-0.772956,1.25277,0.359023,-0.752908,1.25736,0.337537,-0.752908,1.24736,0.335406,-0.772956,1.44099,0.402513,-0.880443,1.45246,0.405183,-0.857352,1.45777,0.38028,-0.857352,1.44626,0.377825,-0.880443
0.138668,-0.55899,0.288232,5.49368,838877211,1.23519,0.377845,-0.772956,1.2451,0.380324,-0.752908,1.25043,0.359011,-0.752908,1.24047,0.356718,-0.772956,1.43248,0.427185,-0.880443,1.44389,0.43004,-0.857352,1.45007,0.405338,-0.857352,1.4386,0.402696,-0.880443
0.0141594,-0.558539,0.305404,-2.65068,838877212,1.2298,0.399385,-0.772956,1.23967,0.402049,-0.752908,1.245,0.380737,-0.752908,1.23508,0.378258,-0.772956,1.42625,0.452086,-0.880443,1.43761,0.455155,-0.857352,1.44379,0.430453,-0.857352,1.43237,0.427598,-0.880443
0.00861497,-0.558544,0.408945,97.9043,838877218,1.18191,0.524337,-0.772956,1.19144,0.528019,-0.752908,1.19898,0.507381,-0.752908,1.18938,0.503878,-0.772956,1.37177,0.597299,-0.880443,1.38275,0.60154,-0.857352,1.39148,0.57762,-0.857352,1.38042,0.573586,-0.880443
0.0402394,-0.575687,0.236368,71.2574,838877720,1.25434,0.313595,-0.798841,1.26466,0.315616,-0.778947,1.26849,0.293983,-0.778947,1.25814,0.292151,-0.798841,1.4524,0.352173,-0.909329,1.46429,0.3545,-0.886414,1.46873,0.329427,-0.886414,1.4568,0.327316,-0.909329
0.0367522,-0.576133,0.253713,-3.89402,838877721,1.24745,0.334989,-0.798841,1.25773,0.337182,-0.778947,1.26232,0.315697,-0.778947,1.25199,0.31369,-0.798841,1.44477,0.377072,-0.909329,1.45661,0.379598,-0.886414,1.46192,0.354695,-0.886414,1.45003,0.352384,-0.909329
2.59555,-0.575667,0.270883,0.198728,838877722,1.24282,0.356705,-0.798841,1.25306,0.359084,-0.778947,1.25765,0.337599,-0.778947,1.24736,0.335406,-0.798841,1.43941,0.402176,-0.909329,1.45121,0.404917,-0.886415,1.45652,0.380014,-0.886415,1.44468,0.377488,-0.909329
0.323339,-0.576116,0.288227,-0.803979,838877723,1.23519,0.377845,-0.798841,1.24539,0.380396,-0.778947,1.25072,0.359083,-0.778947,1.24047,0.356718,-0.798841,1.43091,0.426793,-0.909329,1.44266,0.429731,-0.886414,1.44884,0.405029,-0.886414,1.43704,0.402305,-0.909329
0.037623,-0.575653,0.305397,-3.50043,838877724,1.2298,0.399385,-0.798841,1.23995,0.402121,-0.778947,1.24528,0.380809,-0.778947,1.23508,0.378258,-0.798841,1.42468,0.451695,-0.909329,1.43638,0.454846,-0.886415,1.44256,0.430144,-0.886414,1.43081,0.427206,-0.909329
0.189617,-0.575687,1.9817,51.8747,838877820,-0.526645,1.18083,-0.798841,-0.530427,1.19064,-0.778947,-0.509788,1.19817,-0.778947,-0.506186,1.18829,-0.798841,-0.59903,1.36918,-0.909329,-0.603386,1.38049,-0.886414,-0.579464,1.38921,-0.886414,-0.575315,1.37783,-0.909329
0.207543,-0.575659,-0.63826,39.7968,838878030,1.04504,-0.761397,-0.798841,1.05323,-0.768002,-0.778947,1.03912,-0.784843,-0.778947,1.03106,-0.778091,-0.798841,1.20192,-0.888302,-0.909329,1.21135,-0.89591,-0.886414,1.195,-0.915429,-0.886415,1.18571,-0.907652,-0.909329
0.0545158,-0.592784,0.236361,26.4244,838878232,1.25434,0.313595,-0.824932,1.26495,0.315667,-0.805196,1.26878,0.294035,-0.805196,1.25814,0.292151,-0.824932,1.45077,0.351883,-0.938397,1.46299,0.35427,-0.915665,1.46743,0.329197,-0.915665,1.45517,0.327027,-0.938397
0.058934,-0.59324,0.253708,-2.43715,838878233,1.24745,0.334989,-0.824932,1.25802,0.337244,-0.805196,1.2626,0.315758,-0.805196,1.25199,0.31369,-0.824932,1.44314,0.376726,-0.938397,1.45532,0.379322,-0.915665,1.46063,0.35442,-0.915665,1.44841,0.352038,-0.938397
0.082315,-0.592763,0.270876,-19.6905,838878234,1.24282,0.356705,-0.824932,1.25335,0.359146,-0.805196,1.25793,0.33766,-0.805196,1.24736,0.335406,-0.824932,1.43779,0.40183,-0.938397,1.44992,0.404641,-0.915665,1.45523,0.379739,-0.915665,1.44306,0.377142,-0.938397
-0.00650569,-0.593222,0.288222,-2.90917,838878235,1.23519,0.377845,-0.824932,1.24567,0.380467,-0.805196,1.251,0.359154,-0.805196,1.24047,0.356718,-0.824932,1.4293,0.426391,-0.938397,1.44138,0.429411,-0.915665,1.44756,0.404709,-0.915665,1.43543,0.401902,-0.938397
-0.0020613,-0.59275,0.30539,-3.01641,838878236,1.2298,0.399385,-0.824932,1.24024,0.402192,-0.805196,1.24557,0.38088,-0.805196,1.23508,0.378258,-0.824932,1.42307,0.451292,-0.938397,1.4351,0.454526,-0.915665,1.44127,0.429824,-0.915665,1.4292,0.426804,-0.938397
0.125231,-0.592784,1.98169,40.2711,838878332,-0.526645,1.18083,-0.824932,-0.530528,1.19092,-0.805196,-0.509889,1.19845,-0.805196,-0.506186,1.18829,-0.824932,-0.598461,1.36763,-0.938397,-0.602933,1.37924,-0.915665,-0.579012,1.38797,-0.915665,-0.574746,1.37627,-0.938397
0.40078,-0.592772,-1.30188,47.0825,838878504,0.354242,-1.24348,-0.824932,0.356684,-1.25401,-0.805196,0.335199,-1.25859,-0.805196,0.332944,-1.24802,-0.824932,0.399393,-1.43844,-0.938397,0.402206,-1.45057,-0.915665,0.377304,-1.45588,-0.915665,0.374706,-1.44371,-0.938397
0.0279908,-0.609865,0.236354,-4.23706,838878744,1.25434,0.313595,-0.851239,1.26524,0.315718,-0.831665,1.26907,0.294085,-0.831665,1.25814,0.292151,-0.851239,1.44909,0.351587,-0.967656,1.46164,0.354031,-0.945111,1.46608,0.328958,-0.945111,1.45349,0.32673,-0.967656
-0.13015,-0.610331,0.253703,-4.51898,838878745,1.24745,0.334989,-0.851239,1.25831,0.337304,-0.831665,1.26289,0.315819,-0.831665,1.25199,0.31369,-0.851239,1.44148,0.376371,-0.967656,1.45398,0.379037,-0.945111,1.45929,0.354134,-0.94511,1.44674,0.351683,-0.967656
-0.0433555,-0.609843,0.270869,-4.33426,838878746,1.24282,0.356705,-0.851239,1.25364,0.359206,-0.831665,1.25822,0.337721,-0.831665,1.24736,0.335406,-0.851239,1.43612,0.401475,-0.967656,1.44858,0.404356,-0.945111,1.45389,0.379453,-0.945111,1.44139,0.376787,-0.967656
-0.0175364,-0.610313,0.288217,-4.41429,838878747,1.23519,0.377845,-0.851239,1.24595,0.380538,-0.831665,1.25128,0.359225,-0.831665,1.24047,0.356718,-0.851239,1.42765,0.425977,-0.967656,1.44005,0.429079,-0.945111,1.44623,0.404377,-0.945111,1.43377,0.401489,-0.967656
0.0903505,-0.609829,0.305384,8.48076,838878748,1.2298,0.399385,-0.851239,1.24052,0.402263,-0.831665,1.24585,0.380951,-0.831665,1.23508,0.378258,-0.851239,1.42142,0.450879,-0.967656,1.43377,0.454194,-0.945111,1.43995,0.429492,-0.945111,1.42755,0.426391,-0.967656
-0.00929661,-0.644087,0.305375,-3.06846,838879772,1.2298,0.399386,-0.904837,1.24112,0.402441,-0.885485,1.24646,0.381104,-0.885484,1.23508,0.378259,-0.904837,1.41819,0.449915,-1.02681,1.43114,0.45341,-1.00467,1.43729,0.428829,-1.00467,1.42428,0.425574,-1.02681
-0.0275852,-0.644581,0.322715,-3.34871,838879773,1.22143,0.420245,-0.904837,1.2327,0.423485,-0.885485,1.23878,0.402348,-0.885484,1.22745,0.399315,-0.904837,1.40886,0.474139,-1.02681,1.42175,0.477846,-1.00467,1.42875,0.453495,-1.00467,1.41579,0.450025,-1.02681
-0.0279844,-0.64408,0.339888,-3.07262,838879774,1.21529,0.441586,-0.904837,1.2265,0.445034,-0.885485,1.23258,0.423897,-0.885485,1.22131,0.420656,-0.904837,1.40181,0.498664,-1.02681,1.41463,0.502608,-1.00467,1.42163,0.478257,-1.00467,1.40874,0.47455,-1.02681
-0.102927,-0.644579,0.357228,-2.9047,838879775,1.2062,0.46214,-0.904837,1.21735,0.465772,-0.885484,1.22417,0.444859,-0.885485,1.21295,0.441433,-0.904837,1.39163,0.522547,-1.02681,1.40439,0.526702,-1.00467,1.41224,0.50261,-1.00467,1.39941,0.49869,-1.02681
-0.0645881,-0.644082,0.374402,-2.06387,838879776,1.19933,0.483253,-0.904837,1.21041,0.487091,-0.885485,1.21722,0.466179,-0.885485,1.20607,0.462547,-0.904837,1.38373,0.546811,-1.02681,1.39641,0.551201,-1.00467,1.40426,0.527109,-1.00467,1.3915,0.522954,-1.02681
0.0209903,-0.661206,0.305368,-3.37261,838880284,1.2298,0.399386,-0.931978,1.24139,0.402507,-0.912793,1.24672,0.38117,-0.912793,1.23508,0.378259,-0.931978,1.4165,0.449493,-1.05669,1.42975,0.453062,-1.03475,1.4359,0.428482,-1.03475,1.42259,0.425152,-1.05669
0.0688445,-0.661711,0.32271,-3.02265,838880285,1.22143,0.420245,-0.931978,1.23296,0.423561,-0.912793,1.23904,0.402423,-0.912793,1.22745,0.399315,-0.931978,1.40718,0.473658,-1.05669,1.42037,0.47745,-1.03475,1.42738,0.453099,-1.03475,1.41412,0.449544,-1.05669
0.164823,-0.6612,0.339882,-27.9574,838880286,1.21529,0.441586,-0.931978,1.22677,0.445109,-0.912793,1.23284,0.423972,-0.912793,1.22131,0.420656,-0.931978,1.40013,0.498183,-1.05669,1.41325,0.502213,-1.03475,1.42026,0.477862,-1.03475,1.40707,0.474069,-1.05669
0.0694536,-0.661708,0.357224,-24.4807,838880287,1.2062,0.46214,-0.931978,1.21761,0.465856,-0.912793,1.22442,0.444944,-0.912793,1.21295,0.441433,-0.931978,1.38998,0.522007,-1.05669,1.40303,0.526259,-1.03475,1.41088,0.502167,-1.03475,1.39775,0.498151,-1.05669
-0.0480548,-0.661202,0.374396,-3.91331,838880288,1.19933,0.483253,-0.931978,1.21067,0.487175,-0.912793,1.21748,0.466263,-0.912793,1.20607,0.462547,-0.931978,1.38207,0.546271,-1.05669,1.39505,0.550757,-1.03475,1.4029,0.526666,-1.03475,1.38985,0.522414,-1.05669
0.068894,-0.678307,0.305362,-19.0447,838880796,1.2298,0.399386,-0.959363,1.24165,0.402572,-0.940349,1.24698,0.381235,-0.940349,1.23508,0.378259,-0.959363,1.41477,0.449061,-1.08679,1.42833,0.452705,-1.06504,1.43447,0.428124,-1.06504,1.42086,0.42472,-1.08679
0.461348,-0.678822,0.322706,1.6504,838880797,1.22143,0.420245,-0.959363,1.23322,0.423635,-0.940349,1.2393,0.402498,-0.940349,1.22745,0.399315,-0.959363,1.40547,0.473166,-1.08679,1.41896,0.477044,-1.06504,1.42596,0.452692,-1.06504,1.41241,0.449052,-1.08679
3.03875,-0.678301,0.339876,-0.0163743,838880798,1.21529,0.441586,-0.959363,1.22703,0.445184,-0.940349,1.2331,0.424046,-0.940349,1.22131,0.420656,-0.959363,1.39842,0.497691,-1.08679,1.41184,0.501806,-1.06504,1.41884,0.477455,-1.06504,1.40536,0.473577,-1.08679
0.271481,-0.678819,0.357219,0.408159,838880799,1.2062,0.46214,-0.959363,1.21787,0.46594,-0.940349,1.22468,0.445027,-0.940349,1.21295,0.441433,-0.959363,1.38829,0.521456,-1.08679,1.40163,0.525803,-1.06504,1.40948,0.501711,-1.06504,1.39606,0.497599,-1.08679
0.268363,-0.678303,0.37439,0.852584,838880800,1.19933,0.483253,-0.959363,1.21092,0.487259,-0.940349,1.21774,0.466347,-0.940349,1.20607,0.462547,-0.959363,1.38038,0.54572,-1.08679,1.39365,0.550301,-1.06504,1.4015,0.52621,-1.06504,1.38815,0.521863,-1.08679
0.0462961,-0.695392,0.305356,-2.0794,838881308,1.2298,0.399386,-0.987001,1.24191,0.402637,-0.968162,1.24724,0.3813,-0.968162,1.23508,0.378259,-0.987001,1.41301,0.44862,-1.11712,1.42686,0.452338,-1.09557,1.43301,0.427757,-1.09557,1.4191,0.424278,-1.11712
0.0699596,-0.695916,0.322702,-6.55827,838881309,1.22143,0.420245,-0.987001,1.23348,0.423709,-0.968162,1.23956,0.402571,-0.968162,1.22745,0.399315,-0.987001,1.40373,0.472663,-1.11712,1.41751,0.476626,-1.09557,1.42451,0.452274,-1.09557,1.41066,0.448549,-1.11712
-0.00803054,-0.695386,0.33987,-1.99296,838881310,1.21529,0.441586,-0.987001,1.22728,0.445258,-0.968162,1.23336,0.42412,-0.968162,1.22131,0.420656,-0.987001,1.39667,0.497188,-1.11712,1.41039,0.501388,-1.09557,1.41739,0.477037,-1.09557,1.40361,0.473074,-1.11712
-0.0324185,-0.695913,0.357215,-2.52881,838881311,1.2062,0.46214,-0.987001,1.21812,0.466022,-0.968162,1.22494,0.44511,-0.968162,1.21295,0.441433,-0.987001,1.38656,0.520893,-1.11712,1.40019,0.525334,-1.09557,1.40804,0.501242,-1.09557,1.39433,0.497036,-1.11712
-0.0141367,-0.695388,0.374383,-2.11722,838881312,1.19933,0.483253,-0.987001,1.21118,0.487342,-0.968162,1.21799,0.466429,-0.968162,1.20607,0.462547,-0.987001,1.37865,0.545156,-1.11712,1.39221,0.549833,-1.09557,1.40006,0.525741,-1.09557,1.38642,0.5213,-1.11712
0.169529,-0.695386,-1.05639,-38.5512,838881590,0.645911,-1.12015,-0.987001,0.651609,-1.13132,-0.968162,0.631848,-1.14097,-0.968162,0.626344,-1.12971,-0.987001,0.732164,-1.28912,-1.11712,0.738682,-1.30189,-1.09557,0.715917,-1.31302,-1.09557,0.709621,-1.30013,-1.11712
0.0223072,-0.712523,0.305353,-3.60974,838881820,1.2298,0.399387,-1.0151,1.24224,0.402746,-0.996316,1.24758,0.381386,-0.996316,1.23508,0.37826,-1.0151,1.41134,0.448039,-1.14775,1.42547,0.451852,-1.12642,1.43158,0.427402,-1.12642,1.41739,0.423852,-1.14775
-0.0436917,-0.713057,0.32269,-4.2073,838881821,1.22143,0.420244,-1.0151,1.23381,0.423805,-0.996316,1.2399,0.402645,-0.996316,1.22745,0.399314,-1.0151,1.40203,0.472175,-1.14775,1.41609,0.476219,-1.12642,1.42306,0.451997,-1.12642,1.40892,0.448215,-1.14775
0.0449976,-0.712517,0.339867,-3.85412,838881822,1.21529,0.441587,-1.0151,1.22761,0.445378,-0.996316,1.2337,0.424218,-0.996316,1.22131,0.420657,-1.0151,1.39502,0.496549,-1.14775,1.40901,0.500854,-1.12642,1.41598,0.476632,-1.12642,1.40191,0.472589,-1.14775
0.0405811,-0.713054,0.357204,-4.53538,838881823,1.2062,0.462139,-1.0151,1.21846,0.46613,-0.996316,1.22527,0.445195,-0.996316,1.21295,0.441432,-1.0151,1.38488,0.520346,-1.14775,1.39879,0.524878,-1.12642,1.4066,0.500914,-1.12642,1.3926,0.496641,-1.14775
0.0549159,-0.712519,0.374381,-3.39091,838881824,1.19933,0.483254,-1.0151,1.2115,0.487473,-0.996316,1.21832,0.466539,-0.996316,1.20607,0.462548,-1.0151,1.37703,0.54446,-1.14775,1.39085,0.549251,-1.12642,1.39866,0.525287,-1.12642,1.38475,0.520755,-1.14775
0.246019,-0.7297,0.968965,44.7277,838882370,0.722769,1.07212,-1.04345,0.730659,1.08263,-1.02484,0.748019,1.06908,-1.02484,0.739939,1.05873,-1.04345,0.834772,1.22081,-1.1786,0.843733,1.23274,-1.15747,0.863604,1.21723,-1.15747,0.854429,1.20547,-1.1786
0.220176,-0.764584,0.146186,36.5461,838883347,1.27606,0.19922,-1.10098,1.28961,0.200656,-1.08273,1.29193,0.178761,-1.08273,1.27836,0.177563,-1.10098,1.45748,0.218448,-1.24107,1.47287,0.220079,-1.22034,1.47553,0.195016,-1.22034,1.46011,0.193655,-1.24107
0.337619,-0.781064,-0.427316,48.3063,838884186,1.18134,-0.525616,-1.13017,1.19371,-0.531909,-1.11211,1.18338,-0.551356,-1.11211,1.17113,-0.544852,-1.13017,1.34229,-0.607483,-1.2727,1.35633,-0.614628,-1.25218,1.34452,-0.63689,-1.25218,1.3306,-0.629504,-1.2727
0.482529,-0.837765,0.861474,-51.2692,838885436,0.833474,0.988261,-1.22941,0.843505,0.999045,-1.21169,0.859373,0.983748,-1.21169,0.849153,0.973146,-1.22941,0.952764,1.11631,-1.3787,0.964072,1.12847,-1.35874,0.982116,1.11107,-1.35874,0.970595,1.09912,-1.3787
-0.0505472,-0.924107,-2.99545,100.295,838888135,-1.27606,-0.199217,-1.38705,-1.29181,-0.200887,-1.37024,-1.29414,-0.178951,-1.37024,-1.27836,-0.177561,-1.38705,-1.44066,-0.216663,-1.54677,-1.45829,-0.218531,-1.52795,-1.46092,-0.193754,-1.52795,-1.44326,-0.192198,-1.54677
0.139808,-0.941196,-2.22438,42.8777,838888691,-0.776329,-1.03224,-1.41968,-0.78663,-1.04453,-1.40306,-0.803538,-1.03036,-1.40306,-0.793021,-1.01825,-1.41968,-0.881413,-1.15764,-1.58135,-0.89294,-1.1714,-1.56275,-0.912038,-1.1554,-1.56275,-0.90027,-1.14184,-1.58135
-0.0592365,-0.957588,3.0633,-4.33809,838889146,-1.28987,0.0898727,-1.45268,-1.30599,0.0918429,-1.43625,-1.30293,0.113689,-1.43625,-1.28685,0.111441,-1.45268,-1.45038,0.109466,-1.6163,-1.46841,0.111671,-1.59791,-1.46496,0.136347,-1.59791,-1.44697,0.133831,-1.6163
-0.0438638,-0.958229,3.08064,-4.24846,838889147,-1.28993,0.0674049,-1.45268,-1.30607,0.0690903,-1.43625,-1.30378,0.0910298,-1.43625,-1.28766,0.089065,-1.45268,-1.45072,0.0841893,-1.6163,-1.46879,0.0860753,-1.59791,-1.46621,0.110857,-1.59791,-1.44817,0.108658,-1.6163
-0.0284918,-0.957569,3.09781,-4.79524,838889148,-1.29223,0.0453125,-1.45268,-1.30841,0.0467185,-1.43625,-1.30612,0.0686581,-1.43625,-1.28997,0.0669726,-1.45268,-1.45332,0.0592882,-1.6163,-1.47142,0.0608616,-1.59791,-1.46884,0.0856431,-1.59791,-1.45077,0.083757,-1.6163
-0.0200257,-0.958215,3.11515,-5.3254,838889149,-1.2915,0.0228564,-1.45268,-1.3077,0.0239769,-1.43625,-1.30618,0.045983,-1.43625,-1.29,0.0445822,-1.45268,-1.45279,0.0340146,-1.6163,-1.47091,0.0352685,-1.59791,-1.46919,0.0601252,-1.59791,-1.45109,0.0585577,-1.6163
-0.0189544,-0.95756,3.13233,-5.29918,838889150,-1.29303,0.000696941,-1.45268,-1.30925,0.00153718,-1.43625,-1.30773,0.0235433,-1.43625,-1.29153,0.0224228,-1.45268,-1.45452,0.00903787,-1.6163,-1.47266,0.00997812,-1.59791,-1.47094,0.0348348,-1.59791,-1.45282,0.033581,-1.6163
0.39014,-0.957617,-2.20721,48.9609,838889204,-0.759304,-1.04651,-1.45268,-0.769516,-1.05913,-1.43625,-0.786424,-1.04496,-1.43625,-0.775996,-1.03252,-1.45268,-0.860979,-1.17224,-1.6163,-0.872406,-1.18636,-1.59791,-0.891504,-1.17036,-1.59791,-0.879835,-1.15644,-1.6163
0.0524802,-0.975387,3.04611,53.9019,838889657,-1.28679,0.111872,-1.48631,-1.30317,0.114162,-1.46997,-1.30011,0.136026,-1.46997,-1.28378,0.13344,-1.48631,-1.44509,0.134008,-1.65172,-1.46328,0.136551,-1.63357,-1.45985,0.161083,-1.63357,-1.4417,0.15821,-1.65172
-0.00515414,-0.974715,3.06329,-5.14819,838889658,-1.28987,0.0898717,-1.48631,-1.30629,0.0918657,-1.46997,-1.30323,0.113729,-1.46997,-1.28685,0.11144,-1.48631,-1.44853,0.109373,-1.65172,-1.46677,0.111588,-1.63357,-1.46334,0.136119,-1.63357,-1.44515,0.133575,-1.65172
0.00163435,-0.975363,3.08063,-4.58917,838889659,-1.28993,0.067406,-1.48631,-1.30637,0.0691225,-1.46997,-1.30408,0.0910796,-1.46997,-1.28766,0.0890661,-1.48631,-1.4489,0.0839996,-1.65172,-1.46716,0.0859063,-1.63357,-1.46459,0.110542,-1.63357,-1.44636,0.108306,-1.65172
0.124789,-0.974696,3.09781,-17.4977,838889660,-1.29223,0.0453114,-1.48631,-1.30871,0.0467309,-1.46997,-1.30642,0.068688,-1.46997,-1.28997,0.0669715,-1.48631,-1.45148,0.0592591,-1.65172,-1.46978,0.0608359,-1.63357,-1.46721,0.0854718,-1.63357,-1.44894,0.0835652,-1.65172
0.0289278,-0.975349,3.11514,-4.22737,838889661,-1.2915,0.0228575,-1.48631,-1.308,0.0239986,-1.46997,-1.30647,0.0460224,-1.46997,-1.29,0.0445834,-1.48631,-1.45096,0.0338889,-1.65172,-1.46928,0.0351564,-1.63357,-1.46757,0.0598671,-1.63357,-1.44927,0.0582687,-1.65172
0.0272815,-0.974688,3.13232,-4.23838,838889662,-1.29304,0.000695836,-1.48631,-1.30955,0.00153909,-1.46997,-1.30803,0.0235628,-1.46997,-1.29153,0.0224217,-1.48631,-1.45267,0.00907323,-1.65172,-1.47102,0.0100099,-1.63357,-1.46931,0.0347207,-1.63357,-1.45099,0.0334531,-1.65172
0.00580875,-0.975346,-3.13353,-4.29885,838889663,-1.29152,-0.0217188,-1.48631,-1.30805,-0.0211545,-1.46997,-1.30729,0.000908999,-1.46997,-1.29078,4.63025e-05,-1.48631,-1.45126,-0.0162632,-1.65172,-1.46962,-0.0156364,-1.63357,-1.46877,0.00911896,-1.63357,-1.45043,0.00816067,-1.65172
-0.000490678,-0.97469,-3.11635,-4.11531,838889664,-1.29228,-0.0439205,-1.48631,-1.30882,-0.0436546,-1.46997,-1.30806,-0.0215911,-1.46997,-1.29154,-0.0221554,-1.48631,-1.45211,-0.0411237,-1.65172,-1.47048,-0.0408283,-1.63357,-1.46963,-0.016073,-1.63357,-1.45128,-0.0166998,-1.65172
-1.56388e-05,-0.975354,-3.09901,-3.65387,838889665,-1.28998,-0.0662687,-1.48631,-1.30652,-0.0662818,-1.46997,-1.30654,-0.0442054,-1.46997,-1.29,-0.0444909,-1.48631,-1.44982,-0.0663955,-1.65172,-1.46819,-0.0664101,-1.63357,-1.46821,-0.0416403,-1.63357,-1.44984,-0.0419574,-1.65172
-0.0909071,-0.974703,-3.08183,-3.50196,838889666,-1.28997,-0.0884833,-1.48631,-1.3065,-0.0887951,-1.46997,-1.30652,-0.0667187,-1.46997,-1.28998,-0.0667055,-1.48631,-1.4498,-0.0912704,-1.65172,-1.46817,-0.0916167,-1.63357,-1.46819,-0.0668469,-1.63357,-1.44982,-0.0668323,-1.65172
0.010102,-0.975373,-3.0645,-3.48141,838889667,-1.28689,-0.110738,-1.48631,-1.30342,-0.111328,-1.46997,-1.30421,-0.089266,-1.46997,-1.28767,-0.0889738,-1.48631,-1.44662,-0.116447,-1.65172,-1.46498,-0.117103,-1.63357,-1.46586,-0.0923488,-1.63357,-1.4475,-0.0920242,-1.65172
-0.0142789,-0.974728,-3.04732,-4.89906,838889668,-1.2861,-0.132938,-1.48631,-1.30261,-0.133827,-1.46997,-1.3034,-0.111765,-1.46997,-1.28688,-0.111174,-1.48631,-1.44574,-0.141306,-1.65172,-1.46408,-0.142293,-1.63357,-1.46496,-0.117539,-1.63357,-1.44661,-0.116883,-1.65172
0.0189202,-0.975402,-3.02998,-3.6034,838889669,-1.28225,-0.155072,-1.48631,-1.29874,-0.156239,-1.46997,-1.3003,-0.134218,-1.46997,-1.28379,-0.133348,-1.48631,-1.44168,-0.166356,-1.65172,-1.46001,-0.167653,-1.63357,-1.46175,-0.142945,-1.63357,-1.44341,-0.141979,-1.65172
0.19342,-0.974809,-2.28015,53.5256,838889712,-0.833472,-0.988262,-1.48631,-0.844733,-1.00037,-1.46997,-0.860626,-0.985051,-1.46997,-0.849151,-0.973148,-1.48631,-0.942487,-1.10518,-1.65172,-0.954995,-1.11863,-1.63357,-0.972828,-1.10144,-1.63357,-0.960081,-1.08822,-1.65172
0.175664,-0.974703,-0.638372,48.9037,838889806,1.04505,-0.761393,-1.48631,1.05791,-0.771782,-1.46997,1.04374,-0.788705,-1.46997,1.03106,-0.778087,-1.48631,1.16928,-0.861996,-1.65172,1.18357,-0.873536,-1.63357,1.16766,-0.892523,-1.63357,1.15358,-0.880729,-1.65172
0.0282278,-0.992545,3.04611,-3.88255,838890169,-1.28679,0.111872,-1.52031,-1.30335,0.114187,-1.50416,-1.30029,0.136051,-1.50416,-1.28378,0.13344,-1.52031,-1.44325,0.133751,-1.68749,-1.46164,0.136322,-1.66955,-1.45821,0.160853,-1.66955,-1.43986,0.157953,-1.68749
-0.0116473,-0.991866,3.06329,65.1293,838890170,-1.28987,0.0898717,-1.52031,-1.30647,0.0918908,-1.50416,-1.30341,0.113755,-1.50416,-1.28685,0.11144,-1.52031,-1.44669,0.109116,-1.68749,-1.46513,0.111358,-1.66955,-1.4617,0.13589,-1.66955,-1.44331,0.133318,-1.68749
0.0014893,-0.99252,3.08063,61.982,838890171,-1.28993,0.067406,-1.52031,-1.30655,0.0691414,-1.50416,-1.30426,0.0910985,-1.50416,-1.28766,0.0890661,-1.52031,-1.44705,0.0838068,-1.68749,-1.46552,0.0857346,-1.66955,-1.46295,0.110371,-1.66955,-1.44451,0.108113,-1.68749
0.158329,-0.991847,3.09781,14.6346,838890172,-1.29223,0.0453114,-1.52031,-1.30889,0.0467497,-1.50416,-1.3066,0.0687068,-1.50416,-1.28997,0.0669715,-1.52031,-1.44963,0.0590664,-1.68749,-1.46813,0.0606641,-1.66955,-1.46556,0.0853,-1.66955,-1.44709,0.0833724,-1.68749
0.00897459,-0.992506,3.11514,-3.00423,838890173,-1.2915,0.0228575,-1.52031,-1.30818,0.0240112,-1.50416,-1.30665,0.0460349,-1.50416,-1.29,0.0445834,-1.52031,-1.4491,0.0337607,-1.68749,-1.46763,0.0350422,-1.66955,-1.46592,0.0597529,-1.66955,-1.44742,0.0581406,-1.68749
-0.063592,-0.991839,3.13232,-4.62621,838890174,-1.29304,0.000695871,-1.52031,-1.30973,0.00155157,-1.50416,-1.30821,0.0235753,-1.50416,-1.29153,0.0224217,-1.52031,-1.45082,0.00894512,-1.68749,-1.46937,0.00989564,-1.66955,-1.46766,0.0346064,-1.66955,-1.44913,0.033325,-1.68749
0.025179,-0.992503,-3.13353,-2.42899,838890175,-1.29152,-0.0217188,-1.52031,-1.30823,-0.0211483,-1.50416,-1.30747,0.000915199,-1.50416,-1.29078,4.62914e-05,-1.52031,-1.44941,-0.0163266,-1.68749,-1.46796,-0.0156929,-1.66955,-1.46712,0.00906248,-1.66955,-1.44857,0.00809729,-1.68749
-0.136837,-0.991841,-3.11635,-2.53602,838890176,-1.29228,-0.0439206,-1.52031,-1.309,-0.0436484,-1.50416,-1.30824,-0.0215849,-1.50416,-1.29154,-0.0221554,-1.52031,-1.45026,-0.0411871,-1.68749,-1.46883,-0.0408848,-1.66955,-1.46798,-0.0161294,-1.66955,-1.44942,-0.0167632,-1.68749
-0.0407899,-0.992512,-3.09902,-2.52869,838890177,-1.28998,-0.0662687,-1.52031,-1.3067,-0.066282,-1.50416,-1.30672,-0.0442056,-1.50416,-1.29,-0.0444909,-1.52031,-1.44796,-0.066394,-1.68749,-1.46653,-0.0664088,-1.66955,-1.46655,-0.041639,-1.66955,-1.44798,-0.0419559,-1.68749
0.0370717,-0.991855,-3.08184,-3.23555,838890178,-1.28997,-0.0884833,-1.52031,-1.30668,-0.0887953,-1.50416,-1.3067,-0.0667189,-1.50416,-1.28998,-0.0667055,-1.52031,-1.44794,-0.0912689,-1.68749,-1.46651,-0.0916154,-1.66955,-1.46653,-0.0668456,-1.66955,-1.44796,-0.0668308,-1.68749
0.0927702,-0.992531,-3.0645,-2.51888,838890179,-1.28689,-0.110738,-1.52031,-1.3036,-0.111335,-1.50416,-1.30439,-0.0892725,-1.50416,-1.28767,-0.0889738,-1.52031,-1.44477,-0.11638,-1.68749,-1.46333,-0.117044,-1.66955,-1.46421,-0.0922897,-1.66955,-1.44564,-0.0919579,-1.68749
-0.0172023,-0.991879,-3.04732,-3.09592,838890180,-1.2861,-0.132938,-1.52031,-1.30279,-0.133834,-1.50416,-1.30358,-0.111771,-1.50416,-1.28688,-0.111174,-1.52031,-1.44388,-0.141239,-1.68749,-1.46243,-0.142234,-1.66955,-1.46331,-0.11748,-1.66955,-1.44475,-0.116817,-1.68749
0.0467911,-0.992561,-3.02999,-2.69785,838890181,-1.28225,-0.155072,-1.52031,-1.29892,-0.156252,-1.50416,-1.30048,-0.13423,-1.50416,-1.28379,-0.133348,-1.52031,-1.43983,-0.166225,-1.68749,-1.45835,-0.167536,-1.66955,-1.4601,-0.142828,-1.66955,-1.44156,-0.141848,-1.68749
0.181266,-1.00902,1.63251,55.1971,838890600,-0.091022,1.28974,-1.55471,-0.0913318,1.30664,-1.53874,-0.0692554,1.30665,-1.53874,-0.0692442,1.28976,-1.55471,-0.0937856,1.44584,-1.72364,-0.0941298,1.46461,-1.70591,-0.0693601,1.46463,-1.70591,-0.0693476,1.44586,-1.72364
0.0327375,-1.00968,3.04611,-4.08146,838890681,-1.28679,0.111872,-1.55471,-1.30353,0.114212,-1.53874,-1.30047,0.136076,-1.53874,-1.28378,0.13344,-1.55471,-1.44139,0.133491,-1.72364,-1.45998,0.13609,-1.70591,-1.45655,0.160621,-1.70591,-1.43801,0.157693,-1.72364
0.120303,-1.00899,3.06329,-5.46404,838890682,-1.28987,0.0898717,-1.55471,-1.30664,0.0919156,-1.53874,-1.30359,0.113779,-1.53874,-1.28685,0.11144,-1.55471,-1.44484,0.108856,-1.72364,-1.46347,0.111126,-1.70591,-1.46004,0.135657,-1.70591,-1.44145,0.133058,-1.72364
0.0068122,-1.00965,3.08062,-4.29946,838890683,-1.28993,0.067406,-1.55471,-1.30673,0.06916,-1.53874,-1.30444,0.0911171,-1.53874,-1.28766,0.0890661,-1.55471,-1.44518,0.0836121,-1.72364,-1.46385,0.0855604,-1.70591,-1.46128,0.110196,-1.70591,-1.44265,0.107918,-1.72364
-0.0270645,-1.00897,3.0978,-3.86254,838890684,-1.29223,0.0453114,-1.55471,-1.30907,0.0467683,-1.53874,-1.30677,0.0687254,-1.53874,-1.28997,0.0669716,-1.55471,-1.44777,0.0588716,-1.72364,-1.46647,0.0604899,-1.70591,-1.46389,0.0851259,-1.70591,-1.44523,0.0831777,-1.72364
0.141675,-1.00964,3.11514,54.2987,838890685,-1.2915,0.0228575,-1.55471,-1.30836,0.0240235,-1.53874,-1.30683,0.0460473,-1.53874,-1.29,0.0445834,-1.55471,-1.44723,0.0336313,-1.72364,-1.46595,0.0349264,-1.70591,-1.46424,0.0596372,-1.70591,-1.44554,0.0580111,-1.72364
0.0212412,-1.00897,3.13232,-3.66981,838890686,-1.29303,0.000695886,-1.55471,-1.30991,0.00156392,-1.53874,-1.30839,0.0235877,-1.53874,-1.29153,0.0224218,-1.55471,-1.44895,0.00881565,-1.72364,-1.46769,0.00977988,-1.70591,-1.46598,0.0344906,-1.70591,-1.44726,0.0331955,-1.72364
-0.0529698,-1.00964,-3.13353,-3.4643,838890687,-1.29152,-0.0217188,-1.55471,-1.30841,-0.0211422,-1.53874,-1.30765,0.000921301,-1.53874,-1.29078,4.63127e-05,-1.55471,-1.44753,-0.0163906,-1.72364,-1.46629,-0.0157502,-1.70591,-1.46544,0.00900521,-1.70591,-1.4467,0.00803326,-1.72364
0.303845,-1.00897,-3.11636,1.87892,838890688,-1.29228,-0.0439205,-1.55471,-1.30918,-0.0436423,-1.53874,-1.30842,-0.0215788,-1.53874,-1.29154,-0.0221554,-1.55471,-1.44838,-0.0412511,-1.72364,-1.46715,-0.0409421,-1.70591,-1.4663,-0.0161867,-1.70591,-1.44755,-0.0168272,-1.72364
0.0176896,-1.00964,-3.09902,-3.58732,838890689,-1.28998,-0.0662687,-1.55471,-1.30688,-0.0662821,-1.53874,-1.3069,-0.0442057,-1.53874,-1.29,-0.0444909,-1.55471,-1.44609,-0.0663925,-1.72364,-1.46485,-0.0664074,-1.70591,-1.46487,-0.0416376,-1.70591,-1.44611,-0.0419544,-1.72364
0.262061,-1.00898,-3.08184,-2.81297,838890690,-1.28997,-0.0884833,-1.55471,-1.30686,-0.0887954,-1.53874,-1.30688,-0.066719,-1.53874,-1.28998,-0.0667056,-1.55471,-1.44607,-0.0912675,-1.72364,-1.46483,-0.0916141,-1.70591,-1.46485,-0.0668443,-1.70591,-1.44609,-0.0668294,-1.72364
5.7256,-1.00966,-3.0645,0.523347,838890691,-1.28689,-0.110738,-1.55471,-1.30378,-0.111341,-1.53874,-1.30457,-0.0892789,-1.53874,-1.28767,-0.0889738,-1.55471,-1.44289,-0.116313,-1.72364,-1.46165,-0.116984,-1.70591,-1.46253,-0.0922298,-1.70591,-1.44377,-0.0918909,-1.72364
0.268649,-1.00901,-3.04733,13.794,838890692,-1.2861,-0.132938,-1.55471,-1.30297,-0.13384,-1.53874,-1.30376,-0.111778,-1.53874,-1.28688,-0.111174,-1.55471,-1.44201,-0.141172,-1.72364,-1.46075,-0.142174,-1.70591,-1.46163,-0.11742,-1.70591,-1.44288,-0.11675,-1.72364
0.0211438,-1.00969,-3.02999,-3.816,838890693,-1.28225,-0.155072,-1.55471,-1.2991,-0.156264,-1.53874,-1.30066,-0.134243,-1.53874,-1.28379,-0.133348,-1.55471,-1.43796,-0.166092,-1.72364,-1.45668,-0.167417,-1.70591,-1.45843,-0.142709,-1.70591,-1.43969,-0.141715,-1.72364
-0.00830826,-1.02615,2.92131,-3.09211,838891186,-1.26406,0.271476,-1.58952,-1.28056,0.275881,-1.57374,-1.27449,0.297107,-1.57374,-1.25808,0.292415,-1.58952,-1.41306,0.311298,-1.76019,-1.43139,0.316191,-1.74266,-1.42458,0.340007,-1.74266,-1.40635,0.334795,-1.76019
0.0590792,-1.02685,2.93865,-2.8082,838891187,-1.26724,0.249236,-1.58952,-1.28381,0.253352,-1.57374,-1.27849,0.274777,-1.57374,-1.26199,0.270372,-1.58952,-1.4169,0.286412,-1.76019,-1.4353,0.290984,-1.74266,-1.42933,0.315023,-1.74266,-1.41101,0.310129,-1.76019
0.039006,-1.0262,2.95583,-3.57116,838891188,-1.2726,0.227677,-1.58952,-1.28924,0.231503,-1.57374,-1.28391,0.252928,-1.57374,-1.26735,0.248812,-1.58952,-1.42289,0.26227,-1.76019,-1.44138,0.26652,-1.74266,-1.43541,0.29056,-1.74266,-1.417,0.285988,-1.76019
-0.0144007,-1.02687,2.97707,-2.76177,838891189,-1.27588,0.200341,-1.58952,-1.29258,0.20388,-1.57374,-1.28801,0.225477,-1.57374,-1.27137,0.221646,-1.58952,-1.42674,0.232306,-1.76019,-1.44529,0.236237,-1.74266,-1.44016,0.260469,-1.74266,-1.42167,0.256213,-1.76019
0.0769681,-1.02617,2.99425,-2.81853,838891190,-1.28049,0.178609,-1.58952,-1.29725,0.181856,-1.57374,-1.29267,0.203453,-1.57374,-1.27597,0.199914,-1.58952,-1.4319,0.207972,-1.76019,-1.45052,0.211578,-1.74266,-1.44538,0.23581,-1.74266,-1.42683,0.231879,-1.76019
0.001963,-1.02683,3.01159,-2.90543,838891191,-1.28211,0.156202,-1.58952,-1.29893,0.159155,-1.57374,-1.29511,0.180899,-1.57374,-1.27834,0.177651,-1.58952,-1.43399,0.182879,-1.76019,-1.45267,0.18616,-1.74266,-1.44838,0.210556,-1.74266,-1.42976,0.206948,-1.76019
-0.0406971,-1.02613,3.02877,-3.46748,838891192,-1.28595,0.134322,-1.58952,-1.30282,0.136982,-1.57374,-1.299,0.158725,-1.57374,-1.28219,0.155772,-1.58952,-1.43829,0.158379,-1.76019,-1.45703,0.161333,-1.74266,-1.45275,0.185729,-1.74266,-1.43407,0.182449,-1.76019
0.0897189,-1.02679,3.0461,51.2752,838891193,-1.28679,0.111872,-1.58952,-1.3037,0.114237,-1.57374,-1.30064,0.1361,-1.57374,-1.28378,0.13344,-1.58952,-1.43951,0.133228,-1.76019,-1.45829,0.135855,-1.74266,-1.45486,0.160386,-1.74266,-1.43613,0.157431,-1.76019
0.0385207,-1.0261,3.06328,-2.21585,838891194,-1.28987,0.0898716,-1.58952,-1.30682,0.0919403,-1.57374,-1.30376,0.113804,-1.57374,-1.28685,0.11144,-1.58952,-1.44296,0.108593,-1.76019,-1.46179,0.110891,-1.74266,-1.45836,0.135422,-1.74266,-1.43957,0.132796,-1.76019
0.0359005,-1.02677,3.08062,-2.40563,838891195,-1.28993,0.0674059,-1.58952,-1.30691,0.0691785,-1.57374,-1.30461,0.0911356,-1.57374,-1.28766,0.089066,-1.58952,-1.4433,0.0834151,-1.76019,-1.46216,0.0853842,-1.74266,-1.45959,0.11002,-1.74266,-1.44076,0.107721,-1.76019
0.0485311,-1.02608,3.0978,-2.53322,838891196,-1.29223,0.0453114,-1.58952,-1.30924,0.0467868,-1.57374,-1.30695,0.0687439,-1.57374,-1.28997,0.0669715,-1.58952,-1.44588,0.0586747,-1.76019,-1.46478,0.0603136,-1.74266,-1.4622,0.0849496,-1.74266,-1.44334,0.0829807,-1.76019
0.0201113,-1.02675,3.11513,-2.21253,838891197,-1.2915,0.0228575,-1.58952,-1.30853,0.0240358,-1.57374,-1.30701,0.0460596,-1.57374,-1.29,0.0445834,-1.58952,-1.44534,0.0335003,-1.76019,-1.46426,0.0348092,-1.74266,-1.46255,0.05952,-1.74266,-1.44365,0.0578802,-1.76019
0.00798516,-1.02607,3.13231,-3.67445,838891198,-1.29304,0.000695786,-1.58952,-1.31009,0.00157627,-1.57374,-1.30856,0.0236,-1.57374,-1.29153,0.0224217,-1.58952,-1.44706,0.00868469,-1.76019,-1.466,0.00966275,-1.74266,-1.46429,0.0343735,-1.74266,-1.44537,0.0330645,-1.76019
0.0493658,-1.02675,-3.13354,-1.72939,838891199,-1.29152,-0.0217189,-1.58952,-1.30858,-0.0211361,-1.57374,-1.30783,0.0009274,-1.57374,-1.29078,4.62579e-05,-1.58952,-1.44564,-0.0164554,-1.76019,-1.46459,-0.0158081,-1.74266,-1.46375,0.00894727,-1.74266,-1.4448,0.00796849,-1.76019
0.234626,-1.02607,-3.11636,-1.04364,838891200,-1.29228,-0.0439206,-1.58952,-1.30935,-0.0436362,-1.57374,-1.3086,-0.0215726,-1.57374,-1.29154,-0.0221555,-1.58952,-1.44649,-0.0413159,-1.76019,-1.46545,-0.0409999,-1.74266,-1.46461,-0.0162446,-1.74266,-1.44565,-0.0168921,-1.76019
0.0255523,-1.02676,-3.09902,-2.08538,838891201,-1.28998,-0.0662687,-1.58952,-1.30706,-0.0662822,-1.57374,-1.30707,-0.0442058,-1.57374,-1.29,-0.044491,-1.58952,-1.44419,-0.0663911,-1.76019,-1.46315,-0.066406,-1.74266,-1.46317,-0.0416363,-1.74266,-1.44421,-0.041953,-1.76019
0.284616,-1.02609,-3.08184,-4.45105,838891202,-1.28997,-0.0884834,-1.58952,-1.30704,-0.0887955,-1.57374,-1.30706,-0.0667191,-1.57374,-1.28998,-0.0667056,-1.58952,-1.44417,-0.091266,-1.76019,-1.46313,-0.0916127,-1.74266,-1.46315,-0.0668429,-1.74266,-1.44419,-0.0668279,-1.76019
0.841868,-1.02678,-3.06451,5.61663,838891203,-1.28689,-0.110738,-1.58952,-1.30395,-0.111347,-1.57374,-1.30474,-0.0892851,-1.57374,-1.28767,-0.0889739,-1.58952,-1.441,-0.116246,-1.76019,-1.45995,-0.116923,-1.74266,-1.46084,-0.092169,-1.74266,-1.44187,-0.0918233,-1.76019
0.263199,-1.02611,-3.04733,42.6404,838891204,-1.2861,-0.132938,-1.58952,-1.30315,-0.133846,-1.57374,-1.30394,-0.111784,-1.57374,-1.28688,-0.111174,-1.58952,-1.44011,-0.141105,-1.76019,-1.45905,-0.142114,-1.74266,-1.45994,-0.11736,-1.74266,-1.44098,-0.116682,-1.76019
0.128087,-1.02681,-3.02999,-15.7741,838891205,-1.28225,-0.155072,-1.58952,-1.29928,-0.156277,-1.57374,-1.30084,-0.134255,-1.57374,-1.28379,-0.133348,-1.58952,-1.43607,-0.165959,-1.76019,-1.45499,-0.167297,-1.74266,-1.45674,-0.142589,-1.74266,-1.4378,-0.141581,-1.76019
-0.0384836,-1.02685,-2.99547,-2.19156,838891207,-1.27606,-0.199216,-1.58952,-1.29304,-0.201016,-1.57374,-1.29536,-0.179062,-1.57374,-1.27836,-0.17756,-1.58952,-1.42941,-0.215469,-1.76019,-1.44827,-0.217467,-1.74266,-1.45088,-0.192836,-1.74266,-1.43198,-0.191167,-1.76019
0.0704892,-1.0262,-2.97829,-3.41358,838891208,-1.27372,-0.221307,-1.58952,-1.29066,-0.223403,-1.57374,-1.29299,-0.20145,-1.57374,-1.27601,-0.199651,-1.58952,-1.42679,-0.240205,-1.76019,-1.44561,-0.242534,-1.74266,-1.44822,-0.217902,-1.74266,-1.42936,-0.215903,-1.76019
0.0595999,-1.04324,2.9213,-2.65268,838891698,-1.26406,0.271476,-1.62476,-1.28073,0.275929,-1.60917,-1.27466,0.297155,-1.60917,-1.25808,0.292415,-1.62476,-1.41122,0.310772,-1.79714,-1.42973,0.315718,-1.77982,-1.42293,0.339534,-1.77982,-1.4045,0.334269,-1.79714
-0.0257595,-1.04394,2.93864,-2.31869,838891699,-1.26724,0.249236,-1.62476,-1.28398,0.253394,-1.60917,-1.27866,0.27482,-1.60917,-1.26199,0.270372,-1.62476,-1.41504,0.28595,-1.79714,-1.43363,0.290569,-1.77982,-1.42766,0.314608,-1.77982,-1.40915,0.309667,-1.79714
-0.0598368,-1.04328,2.95582,-1.59536,838891700,-1.2726,0.227677,-1.62476,-1.28941,0.231545,-1.60917,-1.28408,0.25297,-1.60917,-1.26735,0.248812,-1.62476,-1.42104,0.261809,-1.79714,-1.43971,0.266105,-1.77982,-1.43374,0.290145,-1.77982,-1.41515,0.285526,-1.79714
0.00393602,-1.04397,2.97707,-3.36373,838891701,-1.27588,0.200341,-1.62476,-1.29276,0.203916,-1.60917,-1.28818,0.225513,-1.60917,-1.27137,0.221646,-1.62476,-1.42487,0.231909,-1.79714,-1.44361,0.235881,-1.77982,-1.43847,0.260112,-1.77982,-1.4198,0.255817,-1.79714
0.0597341,-1.04326,2.99424,-3.67301,838891702,-1.28049,0.178609,-1.62476,-1.29742,0.181892,-1.60917,-1.29285,0.203489,-1.60917,-1.27597,0.199914,-1.62476,-1.43002,0.207575,-1.79714,-1.44883,0.211222,-1.77982,-1.4437,0.235453,-1.77982,-1.42496,0.231482,-1.79714
-0.0395167,-1.04392,3.01159,-2.86458,838891703,-1.28211,0.156202,-1.62476,-1.2991,0.159186,-1.60917,-1.29528,0.180929,-1.60917,-1.27834,0.177651,-1.62476,-1.43211,0.182548,-1.79714,-1.45098,0.185862,-1.77982,-1.44669,0.210258,-1.77982,-1.42788,0.206617,-1.79714
-0.00194344,-1.04322,3.02876,-2.78617,838891704,-1.28595,0.134322,-1.62476,-1.30299,0.137012,-1.60917,-1.29917,0.158755,-1.60917,-1.28219,0.155772,-1.62476,-1.43641,0.158048,-1.79714,-1.45534,0.161035,-1.77982,-1.45105,0.185432,-1.77982,-1.43218,0.182117,-1.79714
-0.0511249,-1.04388,3.0461,-3.16848,838891705,-1.28679,0.111872,-1.62476,-1.30387,0.114261,-1.60917,-1.30082,0.136125,-1.60917,-1.28378,0.13344,-1.62476,-1.43762,0.132963,-1.79714,-1.45659,0.135616,-1.77982,-1.45316,0.160148,-1.77982,-1.43423,0.157166,-1.79714
0.0122791,-1.04319,3.06328,-3.6411,838891706,-1.28987,0.0898716,-1.62476,-1.30699,0.0919645,-1.60917,-1.30394,0.113828,-1.60917,-1.28685,0.11144,-1.62476,-1.44106,0.108328,-1.79714,-1.46008,0.110653,-1.77982,-1.45665,0.135184,-1.77982,-1.43768,0.13253,-1.79714
0.129982,-1.04386,3.08062,-19.1849,838891707,-1.28993,0.0674059,-1.62476,-1.30708,0.0691966,-1.60917,-1.30479,0.0911537,-1.60917,-1.28766,0.089066,-1.62476,-1.44139,0.0832164,-1.79714,-1.46045,0.0852055,-1.77982,-1.45788,0.109841,-1.77982,-1.43886,0.107522,-1.79714
0.0542997,-1.04317,3.09779,-3.1144,838891708,-1.29223,0.0453114,-1.62476,-1.30942,0.0468049,-1.60917,-1.30712,0.0687621,-1.60917,-1.28997,0.0669715,-1.62476,-1.44398,0.0584759,-1.79714,-1.46306,0.060135,-1.77982,-1.46049,0.0847709,-1.77982,-1.44144,0.082782,-1.79714
0.0345721,-1.04384,3.11513,-2.72259,838891709,-1.2915,0.0228575,-1.62476,-1.30871,0.0240479,-1.60917,-1.30718,0.0460716,-1.60917,-1.29,0.0445834,-1.62476,-1.44343,0.0333682,-1.79714,-1.46254,0.0346905,-1.77982,-1.46083,0.0594012,-1.77982,-1.44174,0.057748,-1.79714
-0.0604946,-1.04316,3.13231,-2.82227,838891710,-1.29304,0.000695811,-1.62476,-1.31026,0.00158832,-1.60917,-1.30874,0.0236121,-1.60917,-1.29153,0.0224217,-1.62476,-1.44515,0.00855255,-1.79714,-1.46428,0.00954397,-1.77982,-1.46257,0.0342547,-1.77982,-1.44346,0.0329324,-1.79714
0.0464817,-1.04384,-3.13354,-2.37356,838891711,-1.29152,-0.0217189,-1.62476,-1.30876,-0.0211301,-1.60917,-1.30801,0.000933398,-1.60917,-1.29078,4.62335e-05,-1.62476,-1.44372,-0.0165208,-1.79714,-1.46287,-0.0158668,-1.77982,-1.46203,0.00888858,-1.77982,-1.44289,0.00790311,-1.79714
0.00238511,-1.04316,-3.11636,-1.26551,838891712,-1.29228,-0.0439206,-1.62476,-1.30953,-0.0436302,-1.60917,-1.30877,-0.0215667,-1.60917,-1.29154,-0.0221555,-1.62476,-1.44457,-0.0413812,-1.79714,-1.46373,-0.0410587,-1.77982,-1.46289,-0.0163033,-1.77982,-1.44374,-0.0169574,-1.79714
0.102459,-1.04385,-3.09903,39.4813,838891713,-1.28998,-0.0662688,-1.62476,-1.30723,-0.0662824,-1.60917,-1.30725,-0.044206,-1.60917,-1.29,-0.044491,-1.62476,-1.44228,-0.0663896,-1.79714,-1.46143,-0.0664047,-1.77982,-1.46145,-0.0416349,-1.77982,-1.44229,-0.0419515,-1.79714
-0.123209,-1.04317,-3.08185,-2.1578,838891714,-1.28997,-0.0884834,-1.62476,-1.30721,-0.0887956,-1.60917,-1.30723,-0.0667192,-1.60917,-1.28998,-0.0667056,-1.62476,-1.44226,-0.0912645,-1.79714,-1.46141,-0.0916113,-1.77982,-1.46143,-0.0668415,-1.77982,-1.44227,-0.0668264,-1.79714
-0.00678898,-1.04387,-3.06451,-2.13959,838891715,-1.28689,-0.110738,-1.62476,-1.30413,-0.111354,-1.60917,-1.30492,-0.0892915,-1.60917,-1.28767,-0.0889738,-1.62476,-1.43909,-0.116177,-1.79714,-1.45823,-0.116862,-1.77982,-1.45912,-0.0921076,-1.77982,-1.43996,-0.0917548,-1.79714
0.0335806,-1.0432,-3.04733,-3.04748,838891716,-1.2861,-0.132938,-1.62476,-1.30333,-0.133853,-1.60917,-1.30411,-0.11179,-1.60917,-1.28688,-0.111174,-1.62476,-1.4382,-0.141036,-1.79714,-1.45733,-0.142052,-1.77982,-1.45822,-0.117298,-1.77982,-1.43907,-0.116614,-1.79714
0.0313999,-1.0439,-3.02999,-3.11024,838891717,-1.28225,-0.155072,-1.62476,-1.29945,-0.156289,-1.60917,-1.30101,-0.134268,-1.60917,-1.28379,-0.133348,-1.62476,-1.43416,-0.165823,-1.79714,-1.45327,-0.167176,-1.77982,-1.45502,-0.142468,-1.77982,-1.43589,-0.141446,-1.79714
0.00926072,-1.04394,-2.99548,-2.37431,838891719,-1.27606,-0.199216,-1.62476,-1.29321,-0.201034,-1.60917,-1.29554,-0.179081,-1.60917,-1.27836,-0.17756,-1.62476,-1.4275,-0.215267,-1.79714,-1.44655,-0.217286,-1.77982,-1.44917,-0.192654,-1.77982,-1.43008,-0.190965,-1.79714
-0.0657927,-1.04328,-2.9783,-2.52017,838891720,-1.27372,-0.221307,-1.62476,-1.29084,-0.223422,-1.60917,-1.29317,-0.201468,-1.60917,-1.27601,-0.199651,-1.62476,-1.42488,-0.240003,-1.79714,-1.4439,-0.242352,-1.77982,-1.44651,-0.217721,-1.77982,-1.42746,-0.215701,-1.79714
0.159659,-1.04397,-2.95705,-4.43202,838891721,-1.26746,-0.248119,-1.62476,-1.28454,-0.25053,-1.60917,-1.28762,-0.22867,-1.60917,-1.2705,-0.226555,-1.62476,-1.41825,-0.269409,-1.79714,-1.43722,-0.272088,-1.77982,-1.44069,-0.247561,-1.77982,-1.42167,-0.245211,-1.79714
0.00604311,-1.06038,2.9213,-2.88347,838892210,-1.26406,0.271475,-1.66072,-1.28103,0.275996,-1.64521,-1.27496,0.297238,-1.64521,-1.25808,0.292414,-1.66072,-1.40944,0.310428,-1.83468,-1.42815,0.315414,-1.81758,-1.42138,0.339091,-1.81758,-1.40277,0.333771,-1.83468
0.0254322,-1.06109,2.93863,-2.76041,838892211,-1.26724,0.249237,-1.66072,-1.28428,0.253469,-1.64521,-1.27895,0.27491,-1.64521,-1.26199,0.270373,-1.66072,-1.41329,0.285515,-1.83468,-1.43207,0.290182,-1.81758,-1.42613,0.314081,-1.81758,-1.40743,0.309077,-1.83468
0.118035,-1.06042,2.95582,18.0327,838892212,-1.2726,0.227676,-1.66072,-1.28971,0.231602,-1.64521,-1.28438,0.253043,-1.64521,-1.26735,0.248811,-1.66072,-1.41924,0.261528,-1.83468,-1.43811,0.265857,-1.81758,-1.43218,0.289756,-1.81758,-1.41339,0.285089,-1.83468
0.0941287,-1.06111,2.97706,-5.07463,838892213,-1.27588,0.200342,-1.66072,-1.29305,0.203981,-1.64521,-1.28847,0.225594,-1.64521,-1.27137,0.221647,-1.66072,-1.4231,0.231536,-1.83468,-1.44203,0.235548,-1.81758,-1.43693,0.259638,-1.81758,-1.41807,0.255286,-1.83468
0.0784347,-1.0604,2.99424,-4.90548,838892214,-1.28049,0.178608,-1.66072,-1.29772,0.181938,-1.64521,-1.29315,0.203551,-1.64521,-1.27597,0.199913,-1.66072,-1.42822,0.207356,-1.83468,-1.44723,0.211028,-1.81758,-1.44212,0.235119,-1.81758,-1.42319,0.231106,-1.83468
0.079241,-1.06107,3.01158,-4.27328,838892215,-1.28211,0.156203,-1.66072,-1.2994,0.15924,-1.64521,-1.29558,0.180999,-1.64521,-1.27834,0.177652,-1.66072,-1.43033,0.182236,-1.83468,-1.44939,0.185585,-1.81758,-1.44513,0.209838,-1.81758,-1.42613,0.206148,-1.83468
0.104974,-1.06036,3.02876,-10.6304,838892216,-1.28595,0.134321,-1.66072,-1.3033,0.137047,-1.64521,-1.29947,0.158807,-1.64521,-1.28219,0.155771,-1.66072,-1.4346,0.157892,-1.83468,-1.45373,0.160898,-1.81758,-1.44947,0.185152,-1.81758,-1.4304,0.181804,-1.83468
0.181663,-1.06103,3.04609,8.16514,838892217,-1.28679,0.111873,-1.66072,-1.30418,0.114304,-1.64521,-1.30112,0.136184,-1.64521,-1.28378,0.133441,-1.66072,-1.43583,0.132714,-1.83468,-1.455,0.135395,-1.81758,-1.45159,0.159782,-1.81758,-1.43247,0.156758,-1.83468
1.83511,-1.06033,3.06327,-0.186876,838892218,-1.28987,0.0898705,-1.66072,-1.3073,0.0919894,-1.64521,-1.30424,0.113869,-1.64521,-1.28685,0.111438,-1.66072,-1.43925,0.108235,-1.83468,-1.45847,0.110572,-1.81758,-1.45506,0.13496,-1.81758,-1.43589,0.132279,-1.83468
0.347711,-1.061,3.08061,14.4299,838892219,-1.28993,0.067407,-1.66072,-1.30738,0.0692294,-1.64521,-1.30509,0.0912029,-1.64521,-1.28766,0.0890671,-1.66072,-1.4396,0.0830299,-1.83468,-1.45885,0.0850395,-1.81758,-1.45629,0.109532,-1.81758,-1.43708,0.107176,-1.83468
0.0607022,-1.06031,3.09779,-3.56672,838892220,-1.29223,0.0453103,-1.66072,-1.30972,0.0468192,-1.64521,-1.30743,0.0687927,-1.64521,-1.28997,0.0669704,-1.66072,-1.44216,0.0584468,-1.83468,-1.46145,0.0601107,-1.81758,-1.45889,0.0846028,-1.81758,-1.43964,0.0825933,-1.83468
-0.00408107,-1.06099,3.11512,-4.7393,838892221,-1.2915,0.0228586,-1.66072,-1.30901,0.02407,-1.64521,-1.30749,0.0461102,-1.64521,-1.29,0.0445845,-1.66072,-1.44163,0.0332446,-1.83468,-1.46094,0.0345805,-1.81758,-1.45924,0.0591469,-1.81758,-1.43995,0.0574644,-1.83468
0.00904131,-1.0603,3.1323,-3.69938,838892222,-1.29304,0.000694709,-1.66072,-1.31057,0.00159187,-1.64521,-1.30904,0.0236321,-1.64521,-1.29153,0.0224206,-1.66072,-1.44333,0.00858678,-1.83468,-1.46267,0.0095761,-1.81758,-1.46097,0.0341425,-1.81758,-1.44166,0.0328066,-1.83468
-0.0613602,-1.06038,-3.01282,-3.60893,838892230,-1.28068,-0.177232,-1.66072,-1.29817,-0.178785,-1.64521,-1.29973,-0.156748,-1.64521,-1.28222,-0.155508,-1.66072,-1.43061,-0.19035,-1.83468,-1.4499,-0.192063,-1.81758,-1.45163,-0.167499,-1.81758,-1.43233,-0.166133,-1.83468
0.00962062,-1.06109,-2.99549,-4.06006,838892231,-1.27606,-0.199215,-1.66072,-1.29352,-0.201065,-1.64521,-1.29584,-0.179095,-1.64521,-1.27836,-0.177559,-1.66072,-1.42571,-0.215076,-1.83468,-1.44495,-0.217115,-1.81758,-1.44755,-0.192627,-1.81758,-1.42827,-0.190933,-1.83468
0.126603,-1.06042,-2.9783,4.08139,838892232,-1.27372,-0.221308,-1.66072,-1.29114,-0.223472,-1.64521,-1.29347,-0.201502,-1.64521,-1.27601,-0.199652,-1.66072,-1.4231,-0.239655,-1.83468,-1.44231,-0.24204,-1.81758,-1.44491,-0.217552,-1.81758,-1.42566,-0.215512,-1.83468
0.18853,-1.07749,0.408803,50.6059,838892578,1.18191,0.524343,-1.6971,1.19844,0.53071,-1.68178,1.20601,0.509956,-1.68178,1.18937,0.503884,-1.6971,1.32071,0.577648,-1.87262,1.33894,0.584669,-1.85572,1.34738,0.561536,-1.85572,1.32903,0.554841,-1.87262
0.0255874,-1.07755,2.9213,-2.54644,838892722,-1.26406,0.271475,-1.6971,-1.28118,0.27604,-1.68178,-1.27511,0.297283,-1.68178,-1.25808,0.292414,-1.6971,-1.40769,0.309928,-1.87262,-1.42656,0.314962,-1.85572,-1.4198,0.338639,-1.85572,-1.40102,0.33327,-1.87262
0.0203384,-1.07827,2.93863,63.8462,838892723,-1.26724,0.249237,-1.6971,-1.28443,0.253508,-1.68178,-1.27911,0.274949,-1.68178,-1.26199,0.270373,-1.6971,-1.41152,0.285076,-1.87262,-1.43048,0.289785,-1.85572,-1.42454,0.313684,-1.85572,-1.40567,0.308638,-1.87262
0.0985343,-1.0776,2.95582,-2.85694,838892724,-1.2726,0.227676,-1.6971,-1.28986,0.23164,-1.68178,-1.28454,0.253082,-1.68178,-1.26735,0.248811,-1.6971,-1.41748,0.261089,-1.87262,-1.43652,0.26546,-1.85572,-1.43058,0.289359,-1.85572,-1.41162,0.28465,-1.87262
1.14764,-1.07829,2.97705,-1.20215,838892725,-1.27588,0.200342,-1.6971,-1.29321,0.204014,-1.68178,-1.28863,0.225627,-1.68178,-1.27137,0.221647,-1.6971,-1.42132,0.231158,-1.87262,-1.44042,0.235207,-1.85572,-1.43532,0.259298,-1.85572,-1.41628,0.254909,-1.87262
0.550698,-1.07757,2.99424,4.32621,838892726,-1.28049,0.178608,-1.6971,-1.29788,0.181971,-1.68178,-1.2933,0.203584,-1.68178,-1.27597,0.199913,-1.6971,-1.42644,0.206978,-1.87262,-1.44562,0.210687,-1.85572,-1.44052,0.234778,-1.85572,-1.42141,0.230729,-1.87262
0.823956,-1.07824,3.01157,0.0300624,838892727,-1.28211,0.156203,-1.6971,-1.29956,0.159267,-1.68178,-1.29574,0.181027,-1.68178,-1.27834,0.177652,-1.6971,-1.42853,0.181921,-1.87262,-1.44777,0.1853,-1.85572,-1.44351,0.209554,-1.85572,-1.42433,0.205833,-1.87262
0.197422,-1.07753,3.02875,-2.92327,838892728,-1.28595,0.134321,-1.6971,-1.30346,0.137075,-1.68178,-1.29963,0.158835,-1.68178,-1.28219,0.155771,-1.6971,-1.43281,0.157577,-1.87262,-1.45211,0.160614,-1.85572,-1.44785,0.184868,-1.85572,-1.42861,0.181489,-1.87262
0.490268,-1.07821,3.04609,0.0765827,838892729,-1.28679,0.111873,-1.6971,-1.30434,0.114326,-1.68178,-1.30128,0.136206,-1.68178,-1.28378,0.133441,-1.6971,-1.43402,0.132462,-1.87262,-1.45337,0.135167,-1.85572,-1.44996,0.159555,-1.85572,-1.43066,0.156505,-1.87262
0.0841214,-1.0775,3.06327,-3.42893,838892730,-1.28987,0.0898705,-1.6971,-1.30746,0.0920116,-1.68178,-1.3044,0.113892,-1.68178,-1.28685,0.111438,-1.6971,-1.43745,0.107983,-1.87262,-1.45684,0.110344,-1.85572,-1.45343,0.134732,-1.85572,-1.43408,0.132027,-1.87262
0.163768,-1.07818,3.08061,5.77228,838892731,-1.28993,0.067407,-1.6971,-1.30754,0.0692461,-1.68178,-1.30525,0.0912196,-1.68178,-1.28766,0.0890672,-1.6971,-1.43778,0.0828408,-1.87262,-1.45721,0.0848687,-1.85572,-1.45465,0.109361,-1.85572,-1.43526,0.106987,-1.87262
0.572502,-1.07748,3.09779,-0.111371,838892732,-1.29223,0.0453103,-1.6971,-1.30988,0.0468358,-1.68178,-1.30759,0.0688094,-1.68178,-1.28997,0.0669704,-1.6971,-1.44035,0.0582577,-1.87262,-1.45981,0.0599399,-1.85572,-1.45726,0.084432,-1.85572,-1.43783,0.0824042,-1.87262
0.0249414,-1.07817,3.11512,-3.61162,838892733,-1.2915,0.0228586,-1.6971,-1.30917,0.0240811,-1.68178,-1.30765,0.0461213,-1.68178,-1.29,0.0445845,-1.6971,-1.43981,0.0331189,-1.87262,-1.4593,0.034467,-1.85572,-1.4576,0.0590334,-1.85572,-1.43813,0.0573387,-1.87262
0.0541539,-1.07747,3.1323,-4.23503,838892734,-1.29304,0.000694758,-1.6971,-1.31073,0.00160291,-1.68178,-1.3092,0.0236431,-1.68178,-1.29153,0.0224206,-1.6971,-1.44152,0.0084611,-1.87262,-1.46103,0.00946254,-1.85572,-1.45933,0.034029,-1.85572,-1.43984,0.0326809,-1.87262
0.0324967,-1.07755,-3.01282,-2.95467,838892742,-1.28068,-0.177232,-1.6971,-1.29833,-0.178797,-1.68178,-1.29989,-0.156759,-1.68178,-1.28222,-0.155508,-1.6971,-1.4288,-0.190221,-1.87262,-1.44826,-0.191947,-1.85572,-1.44999,-0.167383,-1.85572,-1.43051,-0.166004,-1.87262
0.0752194,-1.07827,-2.99549,-2.881,838892743,-1.27606,-0.199215,-1.6971,-1.29368,-0.201082,-1.68178,-1.296,-0.179112,-1.68178,-1.27836,-0.177559,-1.6971,-1.42389,-0.214883,-1.87262,-1.44332,-0.216942,-1.85572,-1.44591,-0.192454,-1.85572,-1.42645,-0.190741,-1.87262
0.130763,-1.0776,-2.9783,-10.3588,838892744,-1.27372,-0.221308,-1.6971,-1.2913,-0.223489,-1.68178,-1.29363,-0.201519,-1.68178,-1.27601,-0.199652,-1.6971,-1.42129,-0.239463,-1.87262,-1.44068,-0.241867,-1.85572,-1.44327,-0.217379,-1.85572,-1.42385,-0.21532,-1.87262
0.0241719,-1.0947,2.92129,-2.76237,838893234,-1.26406,0.271475,-1.73393,-1.28133,0.276084,-1.71879,-1.27526,0.297326,-1.71879,-1.25808,0.292414,-1.73393,-1.40592,0.309422,-1.91098,-1.42497,0.314505,-1.89429,-1.4182,0.338182,-1.89429,-1.39925,0.332765,-1.91098
0.0842668,-1.09542,2.93863,-2.85338,838893235,-1.26724,0.249237,-1.73393,-1.28459,0.253546,-1.71879,-1.27926,0.274987,-1.71879,-1.26199,0.270373,-1.73393,-1.40973,0.284633,-1.91098,-1.42886,0.289384,-1.89429,-1.42292,0.313283,-1.89429,-1.40388,0.308195,-1.91098
0.0415676,-1.09474,2.95581,-50.2362,838893236,-1.2726,0.227676,-1.73393,-1.29002,0.231679,-1.71879,-1.28469,0.25312,-1.71879,-1.26735,0.248811,-1.73393,-1.41569,0.260645,-1.91098,-1.4349,0.265059,-1.89429,-1.42897,0.288958,-1.89429,-1.40984,0.284207,-1.91098
0.522627,-1.09545,2.97705,0.311189,838893237,-1.27588,0.200342,-1.73393,-1.29337,0.204047,-1.71879,-1.28879,0.22566,-1.71879,-1.27137,0.221647,-1.73393,-1.41952,0.230777,-1.91098,-1.4388,0.234863,-1.89429,-1.43369,0.258953,-1.89429,-1.41449,0.254528,-1.91098
0.164017,-1.09472,2.99423,-28.2045,838893238,-1.28049,0.178608,-1.73393,-1.29804,0.182004,-1.71879,-1.29346,0.203617,-1.71879,-1.27597,0.199913,-1.73393,-1.42464,0.206597,-1.91098,-1.44399,0.210343,-1.89429,-1.43889,0.234433,-1.89429,-1.41961,0.230348,-1.91098
0.0300637,-1.0954,3.01157,-4.07629,838893239,-1.28211,0.156203,-1.73393,-1.29971,0.159295,-1.71879,-1.29589,0.181055,-1.71879,-1.27834,0.177652,-1.73393,-1.42672,0.181603,-1.91098,-1.44613,0.185012,-1.89429,-1.44187,0.209266,-1.89429,-1.42252,0.205515,-1.91098
-0.00782767,-1.09468,3.02875,-5.00671,838893240,-1.28595,0.134321,-1.73393,-1.30361,0.137103,-1.71879,-1.29979,0.158862,-1.71879,-1.28219,0.155771,-1.73393,-1.431,0.157259,-1.91098,-1.45047,0.160326,-1.89429,-1.44621,0.18458,-1.89429,-1.4268,0.181171,-1.91098
-0.000934551,-1.09536,3.04609,-3.65681,838893241,-1.28679,0.111873,-1.73393,-1.30449,0.114348,-1.71879,-1.30143,0.136228,-1.71879,-1.28378,0.133441,-1.73393,-1.4322,0.132207,-1.91098,-1.45172,0.134937,-1.89429,-1.44831,0.159324,-1.89429,-1.42884,0.156251,-1.91098
0.0626383,-1.09464,3.06327,-5.01057,838893242,-1.28987,0.0898705,-1.73393,-1.30761,0.0920337,-1.71879,-1.30455,0.113914,-1.71879,-1.28685,0.111438,-1.73393,-1.43563,0.107729,-1.91098,-1.45519,0.110114,-1.89429,-1.45178,0.134502,-1.89429,-1.43226,0.131772,-1.91098
0.0370551,-1.09533,3.0806,-56.0346,838893243,-1.28993,0.0674071,-1.73393,-1.3077,0.0692625,-1.71879,-1.30541,0.091236,-1.71879,-1.28766,0.0890672,-1.73393,-1.43596,0.08265,-1.91098,-1.45556,0.0846961,-1.89429,-1.453,0.109188,-1.89429,-1.43344,0.106797,-1.91098
0.207681,-1.09462,3.09778,-7.25751,838893244,-1.29223,0.0453102,-1.73393,-1.31004,0.0468524,-1.71879,-1.30775,0.0688259,-1.71879,-1.28997,0.0669704,-1.73393,-1.43852,0.0580668,-1.91098,-1.45816,0.0597674,-1.89429,-1.4556,0.0842594,-1.89429,-1.436,0.0822133,-1.91098
0.0677221,-1.09462,3.1323,-3.90441,838893246,-1.29304,0.000694673,-1.73393,-1.31089,0.00161396,-1.71879,-1.30936,0.0236542,-1.71879,-1.29153,0.0224205,-1.73393,-1.43968,0.00833416,-1.91098,-1.45937,0.00934788,-1.89429,-1.45767,0.0339143,-1.89429,-1.43801,0.032554,-1.91098
-0.0156866,-1.09469,-3.01283,-3.77458,838893254,-1.28068,-0.177232,-1.73393,-1.29849,-0.178808,-1.71879,-1.30005,-0.15677,-1.71879,-1.28222,-0.155509,-1.73393,-1.42696,-0.190091,-1.91098,-1.4466,-0.191829,-1.89429,-1.44834,-0.167266,-1.89429,-1.42868,-0.165874,-1.91098
0.0896524,-1.09542,-2.99549,-32.0641,838893255,-1.27606,-0.199215,-1.73393,-1.29383,-0.201099,-1.71879,-1.29616,-0.179129,-1.71879,-1.27836,-0.177559,-1.73393,-1.42207,-0.21469,-1.91098,-1.44167,-0.216767,-1.89429,-1.44426,-0.192279,-1.89429,-1.42463,-0.190547,-1.91098
0.310769,-1.09474,-2.97831,4.10035,838893256,-1.27372,-0.221308,-1.73393,-1.29146,-0.223505,-1.71879,-1.29379,-0.201535,-1.71879,-1.27601,-0.199652,-1.73393,-1.41946,-0.239269,-1.91098,-1.43902,-0.241692,-1.89429,-1.44162,-0.217204,-1.89429,-1.42202,-0.215126,-1.91098
0.103895,-1.11177,1.31793,98.3234,838893654,0.312489,1.25467,-1.77121,0.317749,1.27192,-1.75626,0.338765,1.2651,-1.75626,0.333205,1.24795,-1.77121,0.354814,1.39335,-1.94979,0.360614,1.41236,-1.9333,0.384039,1.40477,-1.9333,0.377909,1.38586,-1.94979
-0.00627378,-1.11255,2.93863,-2.66139,838893747,-1.26724,0.249237,-1.77121,-1.28474,0.253584,-1.75626,-1.27941,0.275025,-1.75626,-1.26199,0.270373,-1.77121,-1.40794,0.284186,-1.94979,-1.42723,0.288979,-1.9333,-1.42129,0.312878,-1.9333,-1.40208,0.307748,-1.94979
0.0167629,-1.11187,2.95581,-1.51432,838893748,-1.2726,0.227676,-1.77121,-1.29017,0.231716,-1.75626,-1.28484,0.253158,-1.75626,-1.26735,0.248811,-1.77121,-1.41389,0.260199,-1.94979,-1.43327,0.264654,-1.9333,-1.42734,0.288553,-1.9333,-1.40804,0.28376,-1.94979
-0.0344684,-1.11258,2.97705,-2.69769,838893749,-1.27588,0.200342,-1.77121,-1.29352,0.204079,-1.75626,-1.28894,0.225692,-1.75626,-1.27137,0.221647,-1.77121,-1.4177,0.230393,-1.94979,-1.43715,0.234514,-1.9333,-1.43205,0.258604,-1.9333,-1.41267,0.254143,-1.94979
-0.0474808,-1.11184,2.99423,-3.50442,838893750,-1.28049,0.178608,-1.77121,-1.29819,0.182037,-1.75626,-1.29361,0.20365,-1.75626,-1.27597,0.199913,-1.77121,-1.42283,0.206213,-1.94979,-1.44235,0.209994,-1.9333,-1.43724,0.234085,-1.9333,-1.4178,0.229963,-1.94979
0.0598382,-1.11253,3.01157,-3.8227,838893751,-1.28211,0.156203,-1.77121,-1.29987,0.159322,-1.75626,-1.29605,0.181082,-1.75626,-1.27834,0.177652,-1.77121,-1.4249,0.181282,-1.94979,-1.44448,0.184722,-1.9333,-1.44022,0.208976,-1.9333,-1.4207,0.205194,-1.94979
0.101587,-1.11177,3.06326,-10.6581,838893754,-1.28987,0.0898706,-1.77121,-1.30777,0.0920553,-1.75626,-1.30471,0.113935,-1.75626,-1.28685,0.111439,-1.77121,-1.43379,0.107472,-1.94979,-1.45353,0.109881,-1.9333,-1.45012,0.134269,-1.9333,-1.43043,0.131516,-1.94979
0.0326384,-1.11246,3.0806,-2.13491,838893755,-1.28993,0.0674071,-1.77121,-1.30786,0.0692788,-1.75626,-1.30556,0.0912523,-1.75626,-1.28766,0.0890672,-1.77121,-1.43411,0.0824576,-1.94979,-1.45389,0.0845216,-1.9333,-1.45133,0.109014,-1.9333,-1.43159,0.106604,-1.94979
0.0187581,-1.11175,3.09778,-1.86768,838893756,-1.29223,0.0453102,-1.77121,-1.3102,0.0468687,-1.75626,-1.3079,0.0688422,-1.75626,-1.28997,0.0669704,-1.77121,-1.43668,0.0578744,-1.94979,-1.45649,0.0595929,-1.9333,-1.45393,0.084085,-1.9333,-1.43416,0.0820209,-1.94979
-0.0736948,-1.11245,3.11511,-3.43869,838893757,-1.2915,0.0228586,-1.77121,-1.30949,0.0241029,-1.75626,-1.30796,0.0461431,-1.75626,-1.29,0.0445845,-1.77121,-1.43613,0.0328641,-1.94979,-1.45596,0.0342362,-1.9333,-1.45426,0.0588027,-1.9333,-1.43445,0.0570839,-1.94979
-0.0382043,-1.11174,3.13229,-2.89583,838893758,-1.29304,0.000694747,-1.77121,-1.31104,0.00162471,-1.75626,-1.30952,0.0236649,-1.75626,-1.29153,0.0224206,-1.77121,-1.43783,0.00820629,-1.94979,-1.45769,0.00923178,-1.9333,-1.45599,0.0337982,-1.9333,-1.43616,0.0324261,-1.94979
0.0947707,-1.11182,-3.01283,-3.08324,838893766,-1.28068,-0.177232,-1.77121,-1.29864,-0.178819,-1.75626,-1.3002,-0.156781,-1.75626,-1.28222,-0.155508,-1.77121,-1.42511,-0.18996,-1.94979,-1.44492,-0.191711,-1.9333,-1.44666,-0.167147,-1.9333,-1.42683,-0.165743,-1.94979
0.0307132,-1.11255,-2.99549,-2.61782,838893767,-1.27606,-0.199215,-1.77121,-1.29399,-0.201115,-1.75626,-1.29632,-0.179146,-1.75626,-1.27836,-0.177559,-1.77121,-1.42022,-0.214494,-1.94979,-1.43999,-0.21659,-1.9333,-1.44259,-0.192102,-1.9333,-1.42278,-0.190352,-1.94979
-0.0897889,-1.11187,-2.97831,-3.06542,838893768,-1.27372,-0.221308,-1.77121,-1.29161,-0.223522,-1.75626,-1.29394,-0.201552,-1.75626,-1.27601,-0.199652,-1.77121,-1.41762,-0.239073,-1.94979,-1.43735,-0.241514,-1.9333,-1.43995,-0.217026,-1.9333,-1.42018,-0.214931,-1.94979
-0.0366634,-1.12892,-3.01283,-1.83966,838894278,-1.28068,-0.177232,-1.80898,-1.2988,-0.17883,-1.79421,-1.30036,-0.156792,-1.79421,-1.28222,-0.155508,-1.80898,-1.42325,-0.189829,-1.98905,-1.44323,-0.191591,-1.97277,-1.44496,-0.167027,-1.97277,-1.42496,-0.165611,-1.98905
-0.0500187,-1.12966,-2.9955,-2.93402,838894279,-1.27606,-0.199215,-1.80898,-1.29414,-0.201132,-1.79421,-1.29647,-0.179162,-1.79421,-1.27836,-0.177559,-1.80898,-1.41836,-0.214297,-1.98905,-1.43831,-0.216411,-1.97277,-1.4409,-0.191923,-1.97277,-1.42092,-0.190155,-1.98905
0.000938412,-1.12897,-2.97831,-1.89563,838894280,-1.27372,-0.221308,-1.80898,-1.29177,-0.223538,-1.79421,-1.2941,-0.201568,-1.79421,-1.27601,-0.199652,-1.80898,-1.41576,-0.238876,-1.98905,-1.43566,-0.241335,-1.97277,-1.43826,-0.216847,-1.97277,-1.41832,-0.214734,-1.98905
-0.0998656,-1.16839,3.09777,102.36,838895292,-1.29223,0.0453092,-1.89852,-1.31083,0.0469183,-1.88398,-1.30854,0.0689073,-1.88398,-1.28997,0.0669693,-1.89852,-1.43129,0.0574673,-2.08135,-1.45165,0.0592293,-2.06543,-1.44911,0.0835808,-2.06543,-1.42878,0.0814587,-2.08135
0.155765,-1.1691,-0.341044,49.5643,838895455,1.22106,-0.421319,-1.89852,1.23837,-0.428299,-1.88398,1.23011,-0.448804,-1.88398,1.21292,-0.441518,-1.89852,1.3505,-0.473502,-2.08135,1.36946,-0.481145,-2.06543,1.36031,-0.503853,-2.06543,1.34148,-0.495874,-2.08135
-0.125346,-1.18555,2.88676,-2.87412,838895792,-1.25401,0.314949,-1.93814,-1.272,0.320431,-1.92378,-1.26519,0.341463,-1.92378,-1.24729,0.335666,-1.93814,-1.3858,0.355188,-2.12232,-1.4055,0.361191,-2.1066,-1.39796,0.384483,-2.1066,-1.37836,0.378135,-2.12232
0.230002,-1.18551,-2.10371,51.9621,838895866,-0.647118,-1.11945,-1.93814,-0.65735,-1.13524,-1.92378,-0.675688,-1.12289,-1.92378,-0.665182,-1.10729,-1.93814,-0.722134,-1.23504,-2.12232,-0.733338,-1.25233,-2.1066,-0.753646,-1.23865,-2.1066,-0.742142,-1.22157,-2.12232
0.161492,-1.20343,-0.130044,38.3492,838896131,1.28211,-0.156204,-1.97827,1.30077,-0.159482,-1.9641,1.29695,-0.181257,-1.9641,1.27834,-0.177654,-1.97827,1.41604,-0.179728,-2.16379,1.43647,-0.183317,-2.14826,1.43224,-0.207431,-2.14826,1.41187,-0.203486,-2.16379
0.209148,-1.21973,-1.12555,4.72828,838896946,0.567106,-1.162,-2.01894,0.574574,-1.17956,-2.00495,0.554081,-1.18786,-2.00495,0.54692,-1.17017,-2.01894,0.619623,-1.28548,-2.20576,0.627801,-1.30471,-2.19045,0.605106,-1.3139,-2.19045,0.597264,-1.29453,-2.20576
0.145478,-1.23759,0.63711,25.935,838897199,1.03147,0.777509,-2.06045,1.04751,0.788344,-2.04655,1.05989,0.770013,-2.04655,1.04366,0.759464,-2.06045,1.14124,0.851663,-2.24849,1.15868,0.863448,-2.23337,1.17231,0.843274,-2.23337,1.15466,0.831799,-2.24849
0.295586,-1.23684,1.35243,-45.6357,838897240,0.269014,1.26473,-2.06045,0.274005,1.28344,-2.04655,0.295274,1.27735,-2.04655,0.289952,1.25874,-2.06045,0.303326,1.3927,-2.24849,0.308755,1.41304,-2.23337,0.332163,1.40635,-2.23337,0.326374,1.38611,-2.24849
0.704886,-1.23683,1.77052,44.3348,838897264,-0.267659,1.26502,-2.06045,-0.270708,1.28414,-2.04655,-0.248803,1.28723,-2.04655,-0.246095,1.26807,-2.06045,-0.288368,1.39588,-2.24849,-0.291684,1.41667,-2.23337,-0.267578,1.42008,-2.23337,-0.264632,1.39923,-2.24849
0.511317,-1.23758,1.78785,48.5649,838897265,-0.289262,1.25888,-2.06045,-0.292638,1.27794,-2.04655,-0.270856,1.2818,-2.04655,-0.267818,1.26268,-2.06045,-0.312369,1.38932,-2.24849,-0.316041,1.41005,-2.23337,-0.292068,1.41429,-2.23337,-0.288764,1.3935,-2.24849
0.155169,-1.25399,1.77052,49.176,838897776,-0.267658,1.26502,-2.10248,-0.270725,1.28426,-2.08876,-0.248821,1.28736,-2.08876,-0.246095,1.26807,-2.10248,-0.288129,1.39419,-2.29171,-0.291464,1.41512,-2.27678,-0.267358,1.41852,-2.27678,-0.264393,1.39754,-2.29171
0.133503,-1.33969,0.792339,14.9385,838900280,0.899755,0.928528,-2.32205,0.91454,0.942343,-2.30911,0.929365,0.925906,-2.30911,0.914341,0.912356,-2.32205,0.98922,1.01198,-2.51684,1.0052,1.02691,-2.50285,1.02141,1.00892,-2.50285,1.00518,0.994282,-2.51684
0.142838,-1.39176,-0.0610443,38.413,838901767,1.28992,-0.0674101,-2.46154,1.31036,-0.0695436,-2.44911,1.30807,-0.0915581,-2.44911,1.28766,-0.0890702,-2.46154,1.40668,-0.0795967,-2.65934,1.42876,-0.0819024,-2.64591,1.42625,-0.105985,-2.64591,1.4042,-0.103297,-2.65934
0.104087,-1.39174,0.671602,25.142,838901809,1.00404,0.812648,-2.46154,1.02066,0.82474,-2.44911,1.03368,0.806843,-2.44911,1.01686,0.795039,-2.46154,1.09896,0.881716,-2.65934,1.11692,0.894783,-2.64591,1.13116,0.875204,-2.64591,1.11298,0.862448,-2.65934
0.233227,-1.40889,-0.306574,44.3306,838902625,1.23485,-0.378933,-2.5098,1.25445,-0.386048,-2.49743,1.24689,-0.406864,-2.49743,1.22742,-0.399404,-2.5098,1.34374,-0.418468,-2.7085,1.36479,-0.426109,-2.69522,1.35657,-0.448751,-2.69522,1.33566,-0.440739,-2.7085
0.126149,-1.42529,0.723294,18.7773,838902836,0.961709,0.864311,-2.55868,0.977975,0.877506,-2.54647,0.991623,0.860065,-2.54647,0.97513,0.84716,-2.55868,1.05054,0.936258,-2.75827,1.06801,0.95043,-2.74516,1.08286,0.931459,-2.74516,1.06515,0.917599,-2.75827
0.305023,-1.42536,2.33056,38.2384,838902928,-0.898761,0.929489,-2.55868,-0.912515,0.945285,-2.54647,-0.895559,0.959532,-2.54647,-0.882088,0.943498,-2.55868,-0.973756,1.01577,-2.75827,-0.988527,1.03273,-2.74516,-0.970084,1.04823,-2.74516,-0.955616,1.03101,-2.75827
0.467867,-1.42612,-1.49183,47.5799,838903069,0.113272,-1.28667,-2.55868,0.114017,-1.3076,-2.54647,0.0918852,-1.30839,-2.54647,0.0915077,-1.28745,-2.55868,0.117339,-1.4009,-2.75827,0.11814,-1.42337,-2.74516,0.0940665,-1.42423,-2.74516,0.093661,-1.40174,-2.75827
0.250384,-1.42532,-1.47465,47.0284,838903070,0.135482,-1.28588,-2.55868,0.136595,-1.3068,-2.54647,0.114464,-1.30758,-2.54647,0.113718,-1.28666,-2.55868,0.141464,-1.40004,-2.75827,0.14266,-1.4225,-2.74516,0.118586,-1.42336,-2.74516,0.117786,-1.40088,-2.75827
0.307637,-1.4253,-1.44013,48.4429,838903072,0.179776,-1.28047,-2.55868,0.181619,-1.30133,-2.54647,0.159528,-1.30289,-2.54647,0.158052,-1.282,-2.55868,0.189741,-1.39435,-2.75827,0.19172,-1.41676,-2.74516,0.167692,-1.41845,-2.74516,0.166107,-1.39602,-2.75827
0.398713,-1.42608,-0.306575,49.7689,838903137,1.23485,-0.378933,-2.55868,1.25454,-0.38608,-2.54647,1.24698,-0.406896,-2.54647,1.22742,-0.399404,-2.55868,1.34229,-0.417941,-2.75827,1.36343,-0.425616,-2.74516,1.35521,-0.448259,-2.74516,1.3342,-0.440212,-2.75827
0.316713,-1.44246,0.757807,-0.76918,838903350,0.931293,0.896961,-2.60821,0.94716,0.910777,-2.59617,0.961408,0.893824,-2.59617,0.945305,0.880289,-2.60821,1.01637,0.970968,-2.80869,1.03341,0.985806,-2.79575,1.04891,0.967366,-2.79575,1.03162,0.95283,-2.80869
0.169708,-1.44327,1.30069,50.946,838903381,0.333627,1.24782,-2.60821,0.340113,1.26783,-2.59617,0.36118,1.261,-2.59617,0.354343,1.2411,-2.60821,0.368394,1.35507,-2.80869,0.37536,1.37656,-2.79575,0.398275,1.36913,-2.79575,0.390932,1.34776,-2.80869
0.156996,-1.45958,0.757805,-0.233068,838903862,0.931293,0.896961,-2.65843,0.947231,0.910837,-2.64655,0.961479,0.893884,-2.64655,0.945305,0.880289,-2.65843,1.01518,0.969965,-2.85978,1.0323,0.984867,-2.84702,1.04779,0.966426,-2.84702,1.03042,0.951827,-2.85978
0.116242,-1.47672,1.63242,23.6957,838904424,-0.091027,1.28974,-2.70935,-0.0914092,1.31096,-2.69763,-0.0692634,1.31098,-2.69763,-0.0692492,1.28976,-2.70935,-0.0930151,1.39936,-2.91156,-0.0934256,1.42215,-2.89897,-0.069337,1.42217,-2.89897,-0.0693218,1.39938,-2.91156
0.223574,-1.47667,2.8522,-9.19926,838904494,-1.24244,0.358043,-2.70935,-1.26251,0.364939,-2.69763,-1.25495,0.385755,-2.69763,-1.23501,0.378513,-2.70935,-1.34613,0.393653,-2.91156,-1.36769,0.401059,-2.89897,-1.35947,0.423702,-2.89897,-1.33805,0.415924,-2.91156
0.281043,0.173058,2.87033,-44.5458,838931631,-1.24274,0.356975,0.235992,-1.24513,0.357525,0.213952,-1.24969,0.336188,0.213952,-1.24729,0.335677,0.235992,-1.46503,0.408508,0.265397,-1.46785,0.409159,0.239371,-1.47324,0.383918,0.239371,-1.47041,0.383314,0.265397
0.288669,0.173069,-1.17647,42.9802,838931759,0.486599,-1.19782,0.235992,0.487635,-1.20004,0.213952,0.507255,-1.1905,0.213952,0.506183,-1.1883,0.235992,0.582811,-1.40473,0.265397,0.584034,-1.40735,0.239371,0.607243,-1.39606,0.239371,0.605977,-1.39346,0.265397
0.181962,0.277323,1.38774,46.0284,838934618,0.245946,1.26807,0.374308,0.246613,1.27278,0.352398,0.224946,1.27585,0.352398,0.224383,1.27113,0.374308,0.277332,1.48981,0.42688,0.278114,1.49533,0.4012,0.252625,1.49894,0.4012,0.251966,1.4934,0.42688
0.183461,0.294706,2.46946,38.1991,838935192,-1.00386,0.812879,0.397732,-1.008,0.815894,0.375905,-1.02088,0.798203,0.375905,-1.01667,0.795273,0.397732,-1.18417,0.944148,0.454045,-1.18902,0.947682,0.428462,-1.20417,0.926871,0.428462,-1.19925,0.923436,0.454045
0.259731,0.398962,-1.23216,47.0636,838938412,0.418577,-1.22181,0.540994,0.421309,-1.22859,0.51965,0.441635,-1.22039,0.51965,0.438776,-1.21366,0.540994,0.499461,-1.4225,0.619063,0.502648,-1.4304,0.594177,0.526457,-1.42081,0.594177,0.523122,-1.41296,0.619063
0.291619,0.472541,-0.374681,47.4309,838940509,1.19922,-0.483515,0.646196,1.20741,-0.486358,0.62537,1.21421,-0.465496,0.62537,1.20597,-0.46281,0.646196,1.39869,-0.552336,0.737862,1.40818,-0.555632,0.713722,1.4161,-0.531316,0.713722,1.40655,-0.528203,0.737862
0.163562,0.489857,1.93073,38.1389,838940793,-0.444941,1.21382,0.671209,-0.448437,1.2221,0.65052,-0.468492,1.2132,0.65052,-0.464846,1.20499,0.671209,-0.526656,1.40679,0.766148,-0.530708,1.41639,0.742167,-0.554084,1.40601,0.742167,-0.549857,1.39649,0.766148
0.271156,0.489786,-0.374673,47.8674,838941021,1.19922,-0.483515,0.671209,1.20771,-0.486458,0.65052,1.21452,-0.465596,0.65052,1.20597,-0.46281,0.671209,1.39731,-0.551886,0.766148,1.40715,-0.555298,0.742167,1.41508,-0.530982,0.742167,1.40517,-0.527753,0.766148
0.229078,0.507086,2.62887,50.5835,838941345,-1.12107,0.643839,0.696394,-1.12936,0.648078,0.675848,-1.139,0.628366,0.675848,-1.13064,0.624276,0.696394,-1.30636,0.738472,0.794583,-1.31597,0.743385,0.770768,-1.3272,0.72041,0.770768,-1.31751,0.715669,0.794583
0.228321,0.576189,2.60763,37.4267,838943392,-1.10601,0.6669,0.798841,-1.11529,0.671844,0.778947,-1.12562,0.652455,0.778947,-1.11625,0.64768,0.798841,-1.28407,0.761769,0.909329,-1.29475,0.767464,0.886414,-1.30673,0.744992,0.886414,-1.29594,0.739491,0.909329
0.209256,0.593222,0.0606237,21.9003,838943758,1.28994,0.0671167,0.824932,1.30069,0.0682364,0.805196,1.29841,0.090087,0.805196,1.28768,0.0887773,0.824932,1.48896,0.0878462,0.938397,1.50134,0.0891358,0.915665,1.4987,0.114462,0.915665,1.48634,0.112953,0.938397
0.407877,0.644622,3.02967,49.0952,838945464,-1.28221,0.155358,0.904837,-1.29391,0.156189,0.885485,-1.29547,0.13425,0.885484,-1.28376,0.133635,0.904837,-1.47675,0.169169,1.02681,-1.49013,0.170119,1.00467,-1.49192,0.144845,1.00467,-1.47852,0.144142,1.02681
0.165683,0.747395,-2.8699,84.4356,838948558,-1.24723,-0.335806,1.07207,-1.25997,-0.339929,1.05364,-1.25318,-0.360875,1.05364,-1.24052,-0.356525,1.07207,-1.42257,-0.392576,1.20971,-1.43703,-0.397257,1.18878,-1.42927,-0.421235,1.18877,-1.41489,-0.416295,1.20971
0.182964,0.746823,-1.35276,40.4332,838948645,0.268742,-1.26479,1.07207,0.272188,-1.27772,1.05364,0.293358,-1.27167,1.05364,0.289681,-1.25881,1.07207,0.316344,-1.44286,1.20971,0.320257,-1.45755,1.18877,0.344491,-1.45063,1.18877,0.340316,-1.43601,1.20971
0.210765,0.803293,1.78885,41.3513,838950001,-0.268741,1.26479,1.16882,-0.272409,1.27858,1.15074,-0.293601,1.27253,1.15074,-0.28968,1.25881,1.16882,-0.314968,1.43745,1.31362,-0.319103,1.453,1.29324,-0.343201,1.44612,1.29324,-0.338781,1.43065,1.31362
0.372576,0.85542,2.81872,48.2181,838951596,-1.22134,0.420512,1.26018,-1.23571,0.424646,1.24266,-1.2418,0.403466,1.24266,-1.22736,0.399583,1.26018,-1.38766,0.468376,1.41169,-1.40385,0.473037,1.39194,-1.41079,0.448952,1.39194,-1.39451,0.444575,1.41169
0.281848,0.855433,2.85324,41.5817,838951598,-1.2351,0.378113,1.26018,-1.24961,0.381744,1.24266,-1.25496,0.360363,1.24266,-1.24039,0.356987,1.26018,-1.40299,0.42014,1.41169,-1.41934,0.424232,1.39194,-1.42543,0.39992,1.39194,-1.40901,0.396114,1.41169
0.311093,0.889771,-0.951961,45.4034,838952764,0.740047,-1.05862,1.32289,0.749538,-1.07079,1.30571,0.766933,-1.05723,1.30571,0.757221,-1.04523,1.32289,0.844148,-1.19212,1.47862,0.854769,-1.20574,1.45939,0.874417,-1.19041,1.45939,0.863549,-1.17699,1.47862
0.479359,0.940492,-1.10718,48.6746,838954291,0.5681,-1.16151,1.41968,0.575862,-1.17555,1.40306,0.594976,-1.16454,1.40306,0.586971,-1.15064,1.41968,0.647315,-1.30469,1.58135,0.656,-1.3204,1.56275,0.67759,-1.30797,1.56275,0.668633,-1.29241,1.58135
0.706916,0.957588,-2.01632,-50.2634,838954751,-0.567359,-1.16187,1.45268,-0.573714,-1.17681,1.43625,-0.553269,-1.1851,1.43625,-0.547174,-1.17005,1.45268,-0.630676,-1.31066,1.6163,-0.637788,-1.32738,1.59791,-0.614694,-1.33673,1.59791,-0.607874,-1.31989,1.6163
0.261167,0.974688,-2.78348,52.1308,838955219,-1.21492,-0.442631,1.48631,-1.23015,-0.449068,1.46997,-1.22119,-0.469245,1.46997,-1.20608,-0.462534,1.48631,-1.36207,-0.505069,1.65172,-1.37899,-0.51222,1.63357,-1.36894,-0.534858,1.63357,-1.35215,-0.527404,1.65172
0.641073,1.07747,0.707204,-16.4633,838958131,0.990259,0.831461,1.6971,1.00323,0.843527,1.68178,0.9879,0.859434,1.68178,0.975146,0.847142,1.6971,1.09903,0.932828,1.87262,1.11334,0.946133,1.85572,1.09625,0.963863,1.85572,1.08218,0.950308,1.87262
0.219331,1.07817,2.46971,45.8628,838958232,-1.00386,0.812872,1.6971,-1.01818,0.823297,1.68178,-1.03119,0.805436,1.68178,-1.01668,0.795265,1.6971,-1.12405,0.900368,1.87262,-1.13984,0.911865,1.85572,-1.15433,0.891957,1.85572,-1.13834,0.880741,1.87262
0.103871,1.09464,2.1725,50.6247,838958727,-0.722529,1.07228,1.73393,-0.733271,1.08657,1.71879,-0.750693,1.07299,1.71879,-0.739703,1.05889,1.73393,-0.810847,1.1896,1.91098,-0.822693,1.20536,1.89429,-0.842111,1.19021,1.89429,-0.829992,1.17467,1.91098
0.110598,1.11244,3.13334,26.9015,838959294,-1.29152,0.0220019,1.77121,-1.30954,0.0213905,1.75626,-1.30879,-0.000689723,1.75626,-1.29078,0.000236642,1.77121,-1.4364,0.0170855,1.94979,-1.45627,0.0164113,1.9333,-1.45544,-0.00819974,1.9333,-1.43558,-0.00717821,1.94979
0.372759,1.11246,-0.637359,49.5285,838959438,1.0313,-0.777738,1.77121,1.04623,-0.787834,1.75626,1.05861,-0.769529,1.75626,1.04349,-0.759695,1.77121,1.15141,-0.858917,1.94979,1.16788,-0.87005,1.9333,1.18167,-0.849647,1.9333,1.165,-0.838802,1.94979
0.243864,1.18553,-2.5034,33.7365,838961379,-1.04522,-0.761161,1.93814,-1.05985,-0.772983,1.92378,-1.04566,-0.789933,1.92378,-1.03124,-0.777858,1.93814,-1.15236,-0.847819,2.12232,-1.16838,-0.860764,2.1066,-1.15266,-0.879535,2.1066,-1.13687,-0.866313,2.12232
0.303508,1.18559,-1.8743,38.656,838961415,-0.397199,-1.23036,1.93814,-0.402089,-1.24853,1.92378,-0.380643,-1.2539,1.92378,-0.376074,-1.23565,1.93814,-0.432947,-1.36344,2.12232,-0.438302,-1.38333,2.1066,-0.414551,-1.38928,2.1066,-0.409548,-1.3693,2.12232
0.314035,1.23757,2.7843,50.58,838962858,-1.2061,0.462398,2.06045,-1.22451,0.468397,2.04655,-1.23136,0.447365,2.04655,-1.21285,0.441693,2.06045,-1.33205,0.503457,2.24849,-1.35206,0.509982,2.23337,-1.35961,0.486835,2.23337,-1.33948,0.480666,2.24849
0.152316,1.27115,-1.66719,42.5798,838963987,-0.135763,-1.28585,2.14506,-0.136809,-1.30543,2.13152,-0.114701,-1.30622,2.13152,-0.114,-1.28663,2.14506,-0.142577,-1.41473,2.33546,-0.143714,-1.43603,2.32073,-0.119384,-1.4369,2.32073,-0.11862,-1.41559,2.33546
1.21995,1.30532,3.08168,49.7776,838964923,-1.28995,0.0887704,2.23194,-1.30979,0.0891344,2.21875,-1.30982,0.0670126,2.21875,-1.28997,0.0669926,2.23194,-1.41552,0.0910916,2.42464,-1.43711,0.0914875,2.4103,-1.43713,0.0671416,2.4103,-1.41555,0.0671198,2.42464
0.612505,1.30606,3.09886,48.7269,838964924,-1.28997,0.0665493,2.23194,-1.30982,0.0665695,2.21875,-1.30984,0.0444477,2.21875,-1.28999,0.0447715,2.23194,-1.41555,0.0666765,2.42464,-1.43713,0.0666985,2.4103,-1.43716,0.0423525,2.4103,-1.41557,0.0427048,2.42464
0.45887,1.35756,1.70261,-47.3487,838966380,-0.158464,1.28193,2.36792,-0.161975,1.30196,2.35515,-0.183777,1.29814,2.35515,-0.179914,1.27817,2.36792,-0.1793,1.4008,2.56372,-0.183095,1.42245,2.54992,-0.206945,1.41827,2.54992,-0.202771,1.39669,2.56372
0.00717688,1.39188,-2.62815,55.3477,838967516,-1.13055,-0.624391,2.46154,-1.14799,-0.635267,2.44911,-1.13628,-0.654048,2.44911,-1.11903,-0.64287,2.46154,-1.23015,-0.686511,2.65934,-1.249,-0.698263,2.64591,-1.23618,-0.718809,2.64591,-1.21754,-0.706729,2.65934
0.161106,1.39111,-2.60692,-2.6675,838967517,-1.11812,-0.648951,2.46154,-1.13537,-0.660128,2.44911,-1.12302,-0.678492,2.44911,-1.10597,-0.667018,2.46154,-1.21666,-0.712783,2.65934,-1.2353,-0.724863,2.64591,-1.22178,-0.744952,2.64591,-1.20335,-0.732553,2.65934
-0.36887,1.40825,-2.95598,-4.06181,838968009,-1.27265,-0.227392,2.5098,-1.29297,-0.232056,2.49743,-1.28763,-0.25355,2.49743,-1.2674,-0.248529,2.5098,-1.38554,-0.253436,2.7085,-1.40737,-0.258445,2.69522,-1.40157,-0.281824,2.69522,-1.37984,-0.276432,2.7085
0.152621,1.40903,-2.62814,-6.48913,838968028,-1.13055,-0.624392,2.5098,-1.14824,-0.635424,2.49743,-1.13652,-0.654215,2.49743,-1.11903,-0.642871,2.5098,-1.22885,-0.685697,2.7085,-1.24784,-0.697545,2.69522,-1.2351,-0.717984,2.69522,-1.21631,-0.705801,2.7085
0,1.40825,-2.60691,0,838968029,-1.11812,-0.64895,2.5098,-1.13563,-0.660283,2.49743,-1.12326,-0.678656,2.49743,-1.10597,-0.667018,2.5098,-1.2153,-0.712036,2.7085,-1.2341,-0.724207,2.69522,-1.22065,-0.744192,2.69522,-1.20208,-0.731693,2.7085
0,1.409,-2.58972,0,838968030,-1.10572,-0.667388,2.5098,-1.12301,-0.679027,2.49743,-1.11065,-0.6974,2.49743,-1.09356,-0.685456,2.5098,-1.20183,-0.732063,2.7085,-1.2204,-0.744563,2.69522,-1.20695,-0.764548,2.69522,-1.1886,-0.751721,2.7085
0,1.40819,-2.57239,0,838968031,-1.09513,-0.687194,2.5098,-1.11223,-0.699131,2.49743,-1.09923,-0.717062,2.49743,-1.08235,-0.704827,2.5098,-1.19005,-0.753636,2.7085,-1.20841,-0.766456,2.69522,-1.19427,-0.785959,2.69522,-1.17615,-0.772819,2.7085
0,1.40895,-2.55521,0,838968032,-1.08209,-0.705188,2.5098,-1.09897,-0.717424,2.49743,-1.08597,-0.735354,2.49743,-1.06931,-0.722821,2.5098,-1.17588,-0.773181,2.7085,-1.19401,-0.786321,2.69522,-1.17987,-0.805824,2.69522,-1.16198,-0.792364,2.7085
0,1.40815,-2.53788,0,838968033,-1.07082,-0.724613,2.5098,-1.08749,-0.73714,2.49743,-1.07387,-0.754605,2.49743,-1.05743,-0.741788,2.5098,-1.16336,-0.794328,2.7085,-1.18126,-0.807782,2.69522,-1.16645,-0.82678,2.69522,-1.14879,-0.813014,2.7085
-0.0088145,1.42543,-2.95598,-2.92916,838968521,-1.27265,-0.227392,2.55868,-1.29306,-0.232079,2.54647,-1.28773,-0.253573,2.54647,-1.2674,-0.248529,2.55868,-1.38404,-0.253063,2.75827,-1.40597,-0.258097,2.74516,-1.40017,-0.281476,2.74516,-1.37834,-0.276059,2.75827
0.0771949,1.42618,-2.93879,44.1837,838968522,-1.26729,-0.248963,2.55868,-1.28762,-0.254007,2.54647,-1.28229,-0.2755,2.54647,-1.26205,-0.270099,2.55868,-1.37823,-0.276493,2.75827,-1.40006,-0.28191,2.74516,-1.39426,-0.30529,2.74516,-1.37252,-0.299489,2.75827
-0.0321963,1.42538,-2.92146,-2.86361,838968523,-1.26412,-0.271193,2.55868,-1.28436,-0.27659,2.54647,-1.27828,-0.297885,2.54647,-1.25814,-0.292134,2.55868,-1.37456,-0.30074,2.75827,-1.39629,-0.306536,2.74516,-1.38968,-0.329698,2.74516,-1.36805,-0.323522,2.75827
-0.0225786,1.42613,-2.90427,-2.61871,838968524,-1.25802,-0.292564,2.55868,-1.27816,-0.298315,2.54647,-1.27208,-0.319609,2.54647,-1.25204,-0.313504,2.55868,-1.36793,-0.323952,2.75827,-1.38955,-0.330128,2.74516,-1.38294,-0.353291,2.74516,-1.36142,-0.346734,2.75827
-0.0603555,1.42621,-2.62814,-1.7705,838968540,-1.13055,-0.624392,2.55868,-1.14832,-0.635474,2.54647,-1.1366,-0.654265,2.54647,-1.11903,-0.642871,2.55868,-1.22754,-0.684879,2.75827,-1.24662,-0.696781,2.74516,-1.23387,-0.71722,2.74516,-1.215,-0.704983,2.75827
0,1.42543,-2.60691,0,838968541,-1.11812,-0.64895,2.55868,-1.1357,-0.660336,2.54647,-1.12334,-0.678709,2.54647,-1.10597,-0.667018,2.55868,-1.21402,-0.711173,2.75827,-1.2329,-0.723401,2.74516,-1.21945,-0.743386,2.74516,-1.20079,-0.73083,2.75827
0,1.42618,-2.58972,0,838968542,-1.10572,-0.667388,2.55868,-1.12309,-0.67908,2.54647,-1.11073,-0.697453,2.54647,-1.09356,-0.685456,2.55868,-1.20055,-0.7312,2.75827,-1.2192,-0.743757,2.74516,-1.20576,-0.763742,2.74516,-1.18732,-0.750857,2.75827
0,1.42538,-2.57239,0,838968543,-1.09513,-0.687194,2.55868,-1.11231,-0.699188,2.54647,-1.09931,-0.717118,2.54647,-1.08235,-0.704827,2.55868,-1.1888,-0.752728,2.75827,-1.20724,-0.765609,2.74516,-1.1931,-0.785112,2.74516,-1.17489,-0.771912,2.75827
0,1.42613,-2.5552,0,838968544,-1.08209,-0.705188,2.55868,-1.09905,-0.71748,2.54647,-1.08605,-0.73541,2.54647,-1.06931,-0.722821,2.55868,-1.17463,-0.772273,2.75827,-1.19284,-0.785474,2.74516,-1.1787,-0.804977,2.74516,-1.16073,-0.791457,2.75827
0,1.42533,-2.53787,0,838968545,-1.07082,-0.724613,2.55868,-1.08756,-0.737198,2.54647,-1.07395,-0.754663,2.54647,-1.05743,-0.741788,2.55868,-1.16214,-0.793378,2.75827,-1.18012,-0.806895,2.74516,-1.16531,-0.825892,2.74516,-1.14758,-0.812064,2.75827
0.207613,1.44247,1.8235,37.6528,838968947,-0.312209,1.25474,2.60821,-0.318341,1.27486,2.59617,-0.339409,1.26804,2.59617,-0.332927,1.24803,2.60821,-0.34513,1.36259,2.80869,-0.351716,1.3842,2.79575,-0.374632,1.37678,2.79575,-0.36767,1.35529,2.80869
0.343017,1.44258,-2.95598,-54.1461,838969033,-1.27265,-0.227392,2.60821,-1.29315,-0.232102,2.59617,-1.28782,-0.253595,2.59617,-1.2674,-0.248529,2.60821,-1.38254,-0.252689,2.80869,-1.40456,-0.257747,2.79575,-1.39876,-0.281127,2.79575,-1.37683,-0.275685,2.80869
0.000856168,1.44333,-2.93879,-3.55391,838969034,-1.26729,-0.248963,2.60821,-1.28771,-0.254029,2.59617,-1.28238,-0.275523,2.59617,-1.26205,-0.270099,2.60821,-1.37672,-0.276119,2.80869,-1.39865,-0.281561,2.79575,-1.39285,-0.30494,2.79575,-1.37102,-0.299115,2.80869
0.071762,1.44253,-2.92146,-2.98355,838969035,-1.26412,-0.271193,2.60821,-1.28445,-0.276616,2.59617,-1.27837,-0.29791,2.59617,-1.25814,-0.292134,2.60821,-1.37306,-0.300313,2.80869,-1.39489,-0.306137,2.79575,-1.38828,-0.3293,2.79575,-1.36656,-0.323096,2.80869
-0.102878,1.44329,-2.90427,-3.74327,838969036,-1.25802,-0.292564,2.60821,-1.27825,-0.29834,2.59617,-1.27217,-0.319635,2.59617,-1.25204,-0.313504,2.60821,-1.36643,-0.323525,2.80869,-1.38816,-0.329729,2.79575,-1.38154,-0.352892,2.79575,-1.35993,-0.346308,2.80869
0.0553955,1.44248,-2.88694,-3.67375,838969037,-1.25408,-0.31467,2.60821,-1.2742,-0.3208,2.59617,-1.26738,-0.341869,2.59617,-1.24737,-0.335389,2.60821,-1.36193,-0.347577,2.80869,-1.38355,-0.35416,2.79575,-1.37613,-0.377077,2.79575,-1.35463,-0.370118,2.80869
0.0293121,1.44325,-2.86975,-3.07772,838969038,-1.24723,-0.335814,2.60821,-1.26724,-0.342294,2.59617,-1.26042,-0.363363,2.59617,-1.24052,-0.356533,2.60821,-1.3545,-0.370543,2.80869,-1.37599,-0.377502,2.79575,-1.36857,-0.40042,2.79575,-1.3472,-0.393085,2.80869
-0.031902,1.44246,-2.85242,-3.24983,838969039,-1.24252,-0.357769,2.60821,-1.26242,-0.364598,2.59617,-1.25486,-0.385416,2.59617,-1.23509,-0.378241,2.60821,-1.34916,-0.394423,2.80869,-1.37053,-0.401757,2.79575,-1.36231,-0.424401,2.79575,-1.34107,-0.416696,2.80869
0.0247073,1.44323,-2.83524,-4.52508,838969040,-1.23494,-0.378662,2.60821,-1.25471,-0.385836,2.59617,-1.24716,-0.406654,2.59617,-1.22751,-0.399134,2.60821,-1.34092,-0.417116,2.80869,-1.36216,-0.424821,2.79575,-1.35394,-0.447465,2.79575,-1.33284,-0.439389,2.80869
0.023567,1.44244,-2.81791,-2.84152,838969041,-1.22946,-0.400439,2.60821,-1.24911,-0.407958,2.59617,-1.24083,-0.4285,2.59617,-1.22132,-0.420639,2.60821,-1.33475,-0.440795,2.80869,-1.35586,-0.44887,2.79575,-1.34685,-0.471214,2.79575,-1.3259,-0.462771,2.80869
1.97709,1.44322,-2.80072,0.243626,838969042,-1.22115,-0.421053,2.60821,-1.24066,-0.428914,2.59617,-1.23239,-0.449456,2.59617,-1.21301,-0.441254,2.60821,-1.32573,-0.463186,2.80869,-1.34669,-0.471628,2.79575,-1.33768,-0.493972,2.79575,-1.31688,-0.485163,2.80869
1.12639,1.44244,-2.78339,-1.21255,838969043,-1.21492,-0.442626,2.60821,-1.23429,-0.450827,2.59617,-1.2253,-0.471067,2.59617,-1.20608,-0.46253,2.60821,-1.31874,-0.486635,2.80869,-1.33955,-0.495443,2.79575,-1.32977,-0.517458,2.79575,-1.30912,-0.508289,2.80869
1.61995,1.44322,-2.76621,0.0760417,838969044,-1.2059,-0.462938,2.60821,-1.22512,-0.471476,2.59617,-1.21613,-0.491715,2.59617,-1.19706,-0.482842,2.60821,-1.30894,-0.508697,2.80869,-1.32959,-0.517866,2.79575,-1.31981,-0.539882,2.79575,-1.29932,-0.530351,2.80869
0.441852,1.44245,-2.74888,6.14168,838969045,-1.19891,-0.48428,2.60821,-1.21799,-0.493153,2.59617,-1.2083,-0.513066,2.59617,-1.18938,-0.503862,2.60821,-1.30113,-0.531887,2.80869,-1.32162,-0.541417,2.79575,-1.31108,-0.563077,2.79575,-1.29077,-0.553193,2.80869
0.650408,1.44324,-2.73169,-2.34626,838969046,-1.18919,-0.504264,2.60821,-1.2081,-0.513468,2.59617,-1.19841,-0.533382,2.59617,-1.17966,-0.523847,2.60821,-1.29057,-0.553594,2.80869,-1.31089,-0.563479,2.79575,-1.30035,-0.58514,2.79575,-1.2802,-0.5749,2.80869
0.0302997,1.44247,-2.71436,-4.32075,838969047,-1.18146,-0.525349,2.60821,-1.20022,-0.534883,2.59617,-1.18984,-0.554446,2.59617,-1.17126,-0.544587,2.60821,-1.28196,-0.576498,2.80869,-1.3021,-0.586737,2.79575,-1.29081,-0.608016,2.79575,-1.27085,-0.597428,2.80869
-0.0887629,1.44255,-2.64533,-3.71081,838969051,-1.14231,-0.605535,2.60821,-1.16036,-0.616354,2.59617,-1.14864,-0.635145,2.59617,-1.13079,-0.624013,2.60821,-1.23899,-0.663574,2.80869,-1.25837,-0.675194,2.79575,-1.24562,-0.695633,2.79575,-1.22645,-0.683678,2.80869
0.0361883,1.44337,-2.62814,-3.68626,838969052,-1.13055,-0.624392,2.60821,-1.1484,-0.635524,2.59617,-1.13668,-0.654315,2.59617,-1.11903,-0.642871,2.60821,-1.22622,-0.684057,2.80869,-1.24539,-0.696013,2.79575,-1.23264,-0.716452,2.79575,-1.21368,-0.704161,2.80869
0,1.44258,-2.60691,0,838969053,-1.11812,-0.64895,2.60821,-1.13578,-0.660388,2.59617,-1.12342,-0.678762,2.59617,-1.10597,-0.667018,2.60821,-1.21273,-0.710306,2.80869,-1.2317,-0.72259,2.79575,-1.21825,-0.742576,2.79575,-1.19951,-0.729963,2.80869
0,1.44333,-2.58972,0,838969054,-1.10572,-0.667388,2.60821,-1.12317,-0.679133,2.59617,-1.11081,-0.697506,2.59617,-1.09356,-0.685456,2.60821,-1.19926,-0.730334,2.80869,-1.218,-0.742946,2.79575,-1.20455,-0.762931,2.79575,-1.18603,-0.749991,2.80869
0,1.44253,-2.57239,0,838969055,-1.09513,-0.687194,2.60821,-1.11238,-0.699243,2.59617,-1.09938,-0.717173,2.59617,-1.08235,-0.704827,2.60821,-1.18754,-0.751817,2.80869,-1.20607,-0.764757,2.79575,-1.19193,-0.78426,2.79575,-1.17364,-0.771,2.80869
0,1.44329,-2.5552,0,838969056,-1.08209,-0.705188,2.60821,-1.09912,-0.717535,2.59617,-1.08612,-0.735465,2.59617,-1.06931,-0.722821,2.60821,-1.17338,-0.771362,2.80869,-1.19167,-0.784622,2.79575,-1.17753,-0.804125,2.79575,-1.15947,-0.790545,2.80869
0,1.44248,-2.53787,0,838969057,-1.07082,-0.724613,2.60821,-1.08764,-0.737256,2.59617,-1.07402,-0.754721,2.59617,-1.05743,-0.741788,2.60821,-1.16092,-0.792423,2.80869,-1.17898,-0.806002,2.79575,-1.16417,-0.825,2.79575,-1.14635,-0.811109,2.80869
0.314595,1.45959,2.87069,53.6219,838969519,-1.24274,0.356988,2.65843,-1.26333,0.36176,2.64655,-1.26795,0.340102,2.64655,-1.24729,0.33569,2.65843,-1.35108,0.382078,2.85978,-1.37319,0.387202,2.84702,-1.37822,0.363644,2.84702,-1.35602,0.358906,2.85978
0.345864,1.4597,-2.95597,-6.27807,838969545,-1.27265,-0.227392,2.65843,-1.29324,-0.232124,2.64655,-1.28791,-0.253618,2.64655,-1.2674,-0.248529,2.65843,-1.38102,-0.252314,2.85978,-1.40314,-0.257396,2.84702,-1.39734,-0.280775,2.84702,-1.37532,-0.27531,2.85978
0.44916,1.46046,-2.93878,2.86264,838969546,-1.26729,-0.248963,2.65843,-1.2878,-0.254052,2.64655,-1.28247,-0.275545,2.64655,-1.26205,-0.270099,2.65843,-1.37521,-0.275743,2.85978,-1.39723,-0.281209,2.84702,-1.39143,-0.304588,2.84702,-1.3695,-0.298739,2.85978
0.0437313,1.45965,-2.92145,-2.37776,838969547,-1.26412,-0.271193,2.65843,-1.28454,-0.276642,2.64655,-1.27846,-0.297936,2.64655,-1.25814,-0.292134,2.65843,-1.37156,-0.299885,2.85978,-1.39349,-0.305736,2.84702,-1.38688,-0.328899,2.84702,-1.36506,-0.322667,2.85978
0.0220839,1.46041,-2.90427,-2.67593,838969548,-1.25802,-0.292564,2.65843,-1.27834,-0.298366,2.64655,-1.27226,-0.31966,2.64655,-1.25204,-0.313504,2.65843,-1.36493,-0.323097,2.85978,-1.38675,-0.329329,2.84702,-1.38014,-0.352491,2.84702,-1.35843,-0.345879,2.85978
0.0951586,1.4596,-2.88694,37.8522,838969549,-1.25408,-0.31467,2.65843,-1.27429,-0.320828,2.64655,-1.26747,-0.341897,2.64655,-1.24737,-0.335389,2.65843,-1.36045,-0.347097,2.85978,-1.38216,-0.35371,2.84702,-1.37474,-0.376628,2.84702,-1.35315,-0.369638,2.85978
0.0401841,1.46037,-2.86975,-4.0059,838969550,-1.24723,-0.335814,2.65843,-1.26733,-0.342322,2.64655,-1.26051,-0.363391,2.64655,-1.24052,-0.356533,2.65843,-1.35301,-0.370063,2.85978,-1.3746,-0.377053,2.84702,-1.36718,-0.39997,2.84702,-1.34571,-0.392604,2.85978
0.101421,1.45958,-2.85242,-3.47635,838969551,-1.24252,-0.357769,2.65843,-1.2625,-0.36463,2.64655,-1.25495,-0.385448,2.64655,-1.23509,-0.378241,2.65843,-1.34769,-0.393891,2.85978,-1.36916,-0.401259,2.84702,-1.36094,-0.423903,2.84702,-1.33961,-0.416164,2.85978
0.0109319,1.46035,-2.83523,-2.94471,838969552,-1.23494,-0.378662,2.65843,-1.2548,-0.385868,2.64655,-1.24724,-0.406686,2.64655,-1.22751,-0.399134,2.65843,-1.33946,-0.416584,2.85978,-1.36079,-0.424323,2.84702,-1.35257,-0.446968,2.84702,-1.33138,-0.438857,2.85978
0.100778,1.45956,-2.8179,18.0169,838969553,-1.22946,-0.400439,2.65843,-1.24919,-0.407993,2.64655,-1.24092,-0.428535,2.64655,-1.22132,-0.420639,2.65843,-1.33331,-0.440212,2.85978,-1.3545,-0.448325,2.84702,-1.3455,-0.470668,2.84702,-1.32445,-0.462189,2.85978
0.35041,1.46034,-2.80072,1.76623,838969554,-1.22115,-0.421053,2.65843,-1.24075,-0.428949,2.64655,-1.23247,-0.449491,2.64655,-1.21301,-0.441254,2.65843,-1.32428,-0.462603,2.85978,-1.34533,-0.471083,2.84702,-1.33633,-0.493426,2.84702,-1.31543,-0.48458,2.85978
1.27853,1.45956,-2.78339,-0.437358,838969555,-1.21492,-0.442626,2.65843,-1.23438,-0.450865,2.64655,-1.22539,-0.471105,2.64655,-1.20608,-0.46253,2.65843,-1.31731,-0.486002,2.85978,-1.33821,-0.49485,2.84702,-1.32844,-0.516866,2.84702,-1.3077,-0.507656,2.85978
2.55827,1.46035,-2.76621,-0.061352,838969556,-1.2059,-0.462938,2.65843,-1.22521,-0.471513,2.64655,-1.21622,-0.491753,2.64655,-1.19706,-0.482842,2.65843,-1.30751,-0.508064,2.85978,-1.32825,-0.517274,2.84702,-1.31848,-0.539289,2.84702,-1.2979,-0.529719,2.85978
0.390546,1.45957,-2.74887,-5.26395,838969557,-1.19891,-0.48428,2.65843,-1.21807,-0.493193,2.64655,-1.20838,-0.513107,2.64655,-1.18938,-0.503862,2.65843,-1.29973,-0.531205,2.85978,-1.32031,-0.540778,2.84702,-1.30977,-0.562439,2.84702,-1.28936,-0.55251,2.85978
0.217433,1.46036,-2.73169,-9.96971,838969558,-1.18919,-0.504264,2.65843,-1.20819,-0.513509,2.64655,-1.1985,-0.533422,2.64655,-1.17966,-0.523847,2.65843,-1.28917,-0.552912,2.85978,-1.30957,-0.562841,2.84702,-1.29903,-0.584501,2.84702,-1.2788,-0.574217,2.85978
0.111649,1.45959,-2.71436,-1.72459,838969559,-1.18146,-0.525349,2.65843,-1.2003,-0.534926,2.64655,-1.18992,-0.554489,2.64655,-1.17126,-0.544587,2.65843,-1.28058,-0.575767,2.85978,-1.30081,-0.586053,2.84702,-1.28952,-0.607332,2.84702,-1.26947,-0.596697,2.85978
0.0221691,1.45967,-2.64532,-2.88326,838969563,-1.14231,-0.605535,2.65843,-1.16044,-0.616403,2.64655,-1.14872,-0.635194,2.64655,-1.13079,-0.624013,2.65843,-1.23767,-0.662749,2.85978,-1.25713,-0.674422,2.84702,-1.24438,-0.694861,2.84702,-1.22513,-0.682852,2.85978
0.00830977,1.46049,-2.62814,-1.60411,838969564,-1.13055,-0.624392,2.65843,-1.14848,-0.635573,2.64655,-1.13676,-0.654364,2.64655,-1.11903,-0.642871,2.65843,-1.22489,-0.683232,2.85978,-1.24415,-0.69524,2.84702,-1.2314,-0.715679,2.84702,-1.21236,-0.703336,2.85978
0.00766071,1.4597,-2.60691,-3.49332,838969565,-1.11812,-0.64895,2.65843,-1.13586,-0.66044,2.64655,-1.1235,-0.678813,2.64655,-1.10597,-0.667018,2.65843,-1.21144,-0.709435,2.85978,-1.23049,-0.721775,2.84702,-1.21704,-0.74176,2.84702,-1.19821,-0.729092,2.85978
-0.0161082,1.46046,-2.58972,-4.04394,838969566,-1.10572,-0.667388,2.65843,-1.12325,-0.679184,2.64655,-1.11088,-0.697558,2.64655,-1.09356,-0.685456,2.65843,-1.19796,-0.729463,2.85978,-1.21679,-0.742131,2.84702,-1.20334,-0.762116,2.84702,-1.18474,-0.74912,2.85978
-0.0219286,1.45965,-2.57239,-3.605,838969567,-1.09513,-0.687194,2.65843,-1.11246,-0.699297,2.64655,-1.09946,-0.717227,2.64655,-1.08235,-0.704827,2.65843,-1.18628,-0.750902,2.85978,-1.20488,-0.7639,2.84702,-1.19075,-0.783403,2.84702,-1.17237,-0.770085,2.85978
0.027871,1.46041,-2.5552,-3.3578,838969568,-1.08209,-0.705188,2.65843,-1.0992,-0.717589,2.64655,-1.0862,-0.735519,2.64655,-1.06931,-0.722821,2.65843,-1.17211,-0.770447,2.85978,-1.19048,-0.783765,2.84702,-1.17635,-0.803268,2.84702,-1.15821,-0.78963,2.85978
-0.00449132,1.4596,-2.53787,-61.9455,838969569,-1.07082,-0.724613,2.65843,-1.08771,-0.737313,2.64655,-1.0741,-0.754778,2.64655,-1.05743,-0.741788,2.65843,-1.15969,-0.791464,2.85978,-1.17783,-0.805105,2.84702,-1.16302,-0.824102,2.84702,-1.14512,-0.81015,2.85978
0.16958,1.4768,-0.163445,-34.9469,838969857,1.27367,-0.221592,2.70935,1.29473,-0.2242,2.69763,1.29707,-0.202178,2.69763,1.27597,-0.199936,2.70935,1.38248,-0.235075,2.91156,1.4051,-0.237875,2.89897,1.40764,-0.213921,2.89897,1.38498,-0.211514,2.91156
0.170088,1.4767,-0.0944076,-20.9617,838969861,1.28607,-0.133226,2.70935,1.30726,-0.134357,2.69763,1.30806,-0.112225,2.69763,1.28685,-0.111462,2.70935,1.39555,-0.13908,2.91156,1.41831,-0.140294,2.89897,1.41918,-0.116221,2.89897,1.3964,-0.115402,2.91156
0.0991617,1.47744,0.340874,0.162203,838969886,1.22115,0.421054,2.70935,1.24084,0.428983,2.69763,1.23256,0.449525,2.69763,1.21301,0.441254,2.70935,1.32283,0.462018,2.91156,1.34397,0.470534,2.89897,1.33497,0.492878,2.89897,1.31398,0.483995,2.91156
0.185964,1.47751,1.28453,4.62778,838969940,0.375643,1.23576,2.70935,0.380799,1.25634,2.69763,0.359316,1.26172,2.69763,0.354518,1.24105,2.70935,0.402276,1.3421,2.91156,0.407813,1.3642,2.89897,0.384446,1.37006,2.89897,0.379293,1.34785,2.91156
0.141586,1.47744,1.77165,11.8994,838969968,-0.246503,1.26796,2.70935,-0.251617,1.28856,2.69763,-0.27311,1.28322,2.69763,-0.267639,1.26272,2.70935,-0.272921,1.37436,2.91156,-0.278413,1.39647,2.89897,-0.301791,1.39067,2.89897,-0.295916,1.36865,2.91156
0.231412,1.4768,-2.95597,-9.72152,838970057,-1.27265,-0.227392,2.70935,-1.29333,-0.232146,2.69763,-1.288,-0.25364,2.69763,-1.2674,-0.248529,2.70935,-1.3795,-0.251937,2.91156,-1.40172,-0.257042,2.89897,-1.39592,-0.280422,2.89897,-1.3738,-0.274932,2.91156
0.0430852,1.47756,-2.93878,-3.32805,838970058,-1.26729,-0.248963,2.70935,-1.28789,-0.254074,2.69763,-1.28256,-0.275567,2.69763,-1.26205,-0.270099,2.70935,-1.37369,-0.275366,2.91156,-1.39581,-0.280855,2.89897,-1.39001,-0.304235,2.89897,-1.36798,-0.298362,2.91156
-0.0220432,1.47674,-2.92145,-3.30762,838970059,-1.26412,-0.271193,2.70935,-1.28463,-0.276667,2.69763,-1.27855,-0.297961,2.69763,-1.25814,-0.292134,2.70935,-1.37006,-0.299455,2.91156,-1.39208,-0.305333,2.89897,-1.38546,-0.328496,2.89897,-1.36355,-0.322237,2.91156
0.107634,1.47751,-2.90427,-1.9334,838970060,-1.25802,-0.292564,2.70935,-1.27843,-0.298391,2.69763,-1.27234,-0.319685,2.69763,-1.25204,-0.313504,2.70935,-1.36343,-0.322667,2.91156,-1.38534,-0.328925,2.89897,-1.37873,-0.352088,2.89897,-1.35692,-0.345449,2.91156
0.0691574,1.4767,-2.88693,-4.0105,838970061,-1.25408,-0.31467,2.70935,-1.27438,-0.320856,2.69763,-1.26756,-0.341925,2.69763,-1.24737,-0.335389,2.70935,-1.35896,-0.346614,2.91156,-1.38076,-0.353258,2.89897,-1.37334,-0.376175,2.89897,-1.35166,-0.369156,2.91156
0.255478,1.47747,-2.86975,-9.66814,838970062,-1.24723,-0.335814,2.70935,-1.26742,-0.342351,2.69763,-1.2606,-0.36342,2.69763,-1.24052,-0.356533,2.70935,-1.35152,-0.369581,2.91156,-1.3732,-0.376601,2.89897,-1.36578,-0.399518,2.89897,-1.34422,-0.392122,2.91156
2.33079,1.47667,-2.85242,-0.10325,838970063,-1.24252,-0.35777,2.70935,-1.26259,-0.364661,2.69763,-1.25504,-0.385479,2.69763,-1.23509,-0.378242,2.70935,-1.34622,-0.393357,2.91156,-1.36778,-0.400759,2.89897,-1.35956,-0.423403,2.89897,-1.33814,-0.41563,2.91156
0.798797,1.47745,-2.83523,1.83326,838970064,-1.23494,-0.378662,2.70935,-1.25488,-0.385899,2.69763,-1.24733,-0.406717,2.69763,-1.22751,-0.399134,2.70935,-1.33798,-0.41605,2.91156,-1.35941,-0.423823,2.89897,-1.35119,-0.446467,2.89897,-1.3299,-0.438323,2.91156
2.95835,1.47665,-2.8179,1.2741,838970065,-1.22946,-0.400439,2.70935,-1.24928,-0.408027,2.69763,-1.241,-0.428569,2.69763,-1.22132,-0.420639,2.70935,-1.33185,-0.439627,2.91156,-1.35314,-0.447776,2.89897,-1.34414,-0.47012,2.89897,-1.323,-0.461603,2.91156
3.52292,1.47744,-2.80072,-0.20611,838970066,-1.22115,-0.421054,2.70935,-1.24084,-0.428983,2.69763,-1.23256,-0.449525,2.69763,-1.21301,-0.441254,2.70935,-1.32283,-0.462018,2.91156,-1.34397,-0.470534,2.89897,-1.33497,-0.492878,2.89897,-1.31398,-0.483995,2.91156
7.24269,1.47665,-2.78339,0.394773,838970067,-1.21492,-0.442626,2.70935,-1.23446,-0.450902,2.69763,-1.22547,-0.471142,2.69763,-1.20608,-0.46253,2.70935,-1.31588,-0.485366,2.91156,-1.33687,-0.494254,2.89897,-1.32709,-0.51627,2.89897,-1.30627,-0.50702,2.91156
4.81504,1.47744,-2.7662,0.326032,838970068,-1.2059,-0.462938,2.70935,-1.22529,-0.471551,2.69763,-1.2163,-0.49179,2.69763,-1.19706,-0.482842,2.70935,-1.30608,-0.507429,2.91156,-1.32691,-0.516678,2.89897,-1.31714,-0.538694,2.89897,-1.29647,-0.529083,2.91156
4.60877,1.47666,-2.74887,0.625855,838970069,-1.19891,-0.48428,2.70935,-1.21815,-0.493233,2.69763,-1.20846,-0.513147,2.69763,-1.18938,-0.503862,2.70935,-1.29832,-0.53052,2.91156,-1.31899,-0.540136,2.89897,-1.30845,-0.561796,2.89897,-1.28796,-0.551825,2.91156
0.145442,1.47746,-2.73169,-13.479,838970070,-1.18919,-0.504264,2.70935,-1.20827,-0.513549,2.69763,-1.19858,-0.533462,2.69763,-1.17966,-0.523847,2.70935,-1.28776,-0.552227,2.91156,-1.30825,-0.562198,2.89897,-1.29771,-0.583859,2.89897,-1.27739,-0.573532,2.91156
0.0252814,1.47668,-2.71436,-3.97214,838970071,-1.18146,-0.525349,2.70935,-1.20038,-0.534969,2.69763,-1.19,-0.554532,2.69763,-1.17126,-0.544587,2.70935,-1.2792,-0.575033,2.91156,-1.29951,-0.585365,2.89897,-1.28822,-0.606644,2.89897,-1.26809,-0.595963,2.91156
0.18518,1.47749,-2.69717,9.00132,838970072,-1.17105,-0.544982,2.70935,-1.18979,-0.554927,2.69763,-1.17941,-0.57449,2.69763,-1.16084,-0.56422,2.70935,-1.26788,-0.596358,2.91156,-1.28801,-0.607039,2.89897,-1.27672,-0.628318,2.89897,-1.25678,-0.617288,2.91156
-0.0485055,1.47672,-2.67984,-1.99989,838970073,-1.16259,-0.565784,2.70935,-1.18116,-0.576059,2.69763,-1.1701,-0.595247,2.69763,-1.15172,-0.584653,2.70935,-1.25853,-0.618851,2.91156,-1.27847,-0.629886,2.89897,-1.26645,-0.650758,2.89897,-1.2467,-0.63938,2.91156
-0.0319375,1.47753,-2.66266,-2.1705,838970074,-1.15149,-0.585041,2.70935,-1.16988,-0.595635,2.69763,-1.15882,-0.614823,2.69763,-1.14062,-0.60391,2.70935,-1.24648,-0.639767,2.91156,-1.26622,-0.651145,2.89897,-1.2542,-0.672017,2.89897,-1.23465,-0.660297,2.91156
-0.0812847,1.47677,-2.64532,-3.36977,838970075,-1.14231,-0.605535,2.70935,-1.16051,-0.616452,2.69763,-1.14879,-0.635243,2.69763,-1.13079,-0.624013,2.70935,-1.23634,-0.66192,2.91156,-1.25589,-0.673645,2.89897,-1.24314,-0.694084,2.89897,-1.2238,-0.682024,2.91156
0.123553,1.47759,-2.62814,-3.65659,838970076,-1.13055,-0.624392,2.70935,-1.14856,-0.635622,2.69763,-1.13684,-0.654413,2.69763,-1.11903,-0.642871,2.70935,-1.22357,-0.682403,2.91156,-1.2429,-0.694463,2.89897,-1.23016,-0.714903,2.89897,-1.21103,-0.702507,2.91156
1.16475,1.4768,-2.60691,1.65802,838970077,-1.11812,-0.64895,2.70935,-1.13594,-0.660491,2.69763,-1.12357,-0.678865,2.69763,-1.10597,-0.667018,2.70935,-1.21014,-0.708561,2.91156,-1.22927,-0.720956,2.89897,-1.21582,-0.740941,2.89897,-1.19691,-0.728218,2.91156
-0.0168027,1.47756,-2.58972,-3.28327,838970078,-1.10572,-0.667388,2.70935,-1.12332,-0.679235,2.69763,-1.11096,-0.697609,2.69763,-1.09356,-0.685456,2.70935,-1.19666,-0.728589,2.91156,-1.21557,-0.741312,2.89897,-1.20212,-0.761297,2.89897,-1.18344,-0.748246,2.91156
-0.0558394,1.47674,-2.57239,-3.42997,838970079,-1.09513,-0.687194,2.70935,-1.11253,-0.699351,2.69763,-1.09953,-0.717281,2.69763,-1.08235,-0.704827,2.70935,-1.18501,-0.749983,2.91156,-1.2037,-0.763039,2.89897,-1.18956,-0.782542,2.89897,-1.17111,-0.769166,2.91156
-0.0346705,1.47751,-2.5552,-2.91956,838970080,-1.08209,-0.705188,2.70935,-1.09927,-0.717643,2.69763,-1.08627,-0.735573,2.69763,-1.06931,-0.722821,2.70935,-1.17084,-0.769528,2.91156,-1.1893,-0.782903,2.89897,-1.17516,-0.802407,2.89897,-1.15694,-0.788711,2.91156
0.0220879,1.4767,-2.53787,-57.9295,838970081,-1.07082,-0.724613,2.70935,-1.08778,-0.737369,2.69763,-1.07417,-0.754835,2.69763,-1.05743,-0.741788,2.70935,-1.15845,-0.790502,2.91156,-1.17667,-0.804202,2.89897,-1.16186,-0.8232,2.89897,-1.14389,-0.809187,2.91156
0.209478,1.47745,-2.48617,0.259758,838970084,-1.03095,-0.778199,2.70935,-1.04722,-0.791822,2.69763,-1.033,-0.808801,2.69763,-1.01697,-0.794896,2.70935,-1.115,-0.848577,2.91156,-1.13247,-0.863208,2.89897,-1.117,-0.881677,2.89897,-1.09979,-0.866742,2.91156
0.203579,1.47665,-2.46884,-1.48035,838970085,-1.01835,-0.796789,2.70935,-1.03438,-0.810698,2.69763,-1.01958,-0.827171,2.69763,-1.0038,-0.812987,2.70935,-1.10117,-0.868634,2.91156,-1.11839,-0.883573,2.89897,-1.10229,-0.90149,2.89897,-1.08533,-0.886258,2.91156
0.139344,1.47744,-0.357257,-5.94734,838970206,1.20611,-0.462396,2.70935,1.22628,-0.468973,2.69763,1.23314,-0.447918,2.69763,1.21286,-0.441691,2.70935,1.31033,-0.496374,2.91156,1.332,-0.503438,2.89897,1.33946,-0.480536,2.89897,1.31767,-0.473847,2.91156
