path,slot,moduleLabel,moduleType,VID,KEY,id,pt,eta,phi,mass
HLT_PFJet260_v8,7,hltL1sL1SingleJet128,HLTLevel1GTSeed,-84,200,0,132,1.566,-1.74533,0
HLT_PFJet320_v8,7,hltL1sL1SingleJet128,HLTLevel1GTSeed,-84,200,0,132,1.566,-1.74533,0
HLT_Jet370_NoJetID_v15,7,hltL1sL1SingleJet128,HLTLevel1GTSeed,-84,200,0,132,1.566,-1.74533,0
HLT_PFJet400_v8,7,hltL1sL1SingleJet128,HLTLevel1GTSeed,-84,200,0,132,1.566,-1.74533,0
HLT_MonoCentralPFJet80_PFMETnoMu105_NHEF0p95_v3,7,hltL1sL1ETM40,HLTLevel1GTSeed,-87,205,0,45.5,0,0.0436332,0
HLT_MonoCentralPFJet80_PFMETnoMu105_NHEF0p95_v3,21,hltCentralJet65L1FastJet,HLT1CaloJet,85,58,0,127.524,1.42204,-1.87009,14.1744
HLT_MonoCentralPFJet80_PFMETnoMu105_NHEF0p95_v3,21,hltCentralJet65L1FastJet,HLT1CaloJet,85,59,0,98.2244,-0.936585,1.9926,11.782
HLT_MonoCentralPFJet80_PFMETnoMu105_NHEF0p95_v3,21,hltCentralJet65L1FastJet,HLT1CaloJet,85,60,0,82.3896,0.349833,1.75677,14.2559
HLT_DiPFJetAve260_v9,7,hltL1sL1SingleJet128,HLTLevel1GTSeed,-84,200,0,132,1.566,-1.74533,0
HLT_DiPFJetAve320_v9,7,hltL1sL1SingleJet128,HLTLevel1GTSeed,-84,200,0,132,1.566,-1.74533,0
HLT_DiPFJetAve400_v9,7,hltL1sL1SingleJet128,HLTLevel1GTSeed,-84,200,0,132,1.566,-1.74533,0
HLT_FatDiPFJetMass750_DR1p1_Deta1p5_v9,7,hltL1sL1HTT150OrHTT175OrHTT200,HLTLevel1GTSeed,-89,208,-89,246,0,0,0
HLT_DiJet80_DiJet60_DiJet20_v5,7,hltL1sL1QuadJetC32ORL1QuadJetC36ORQuadJetC40,HLTLevel1GTSeed,-84,200,0,132,1.566,-1.74533,0
HLT_DiJet80_DiJet60_DiJet20_v5,7,hltL1sL1QuadJetC32ORL1QuadJetC36ORQuadJetC40,HLTLevel1GTSeed,-84,201,0,84,0.5215,1.74533,0
HLT_DiJet80_DiJet60_DiJet20_v5,7,hltL1sL1QuadJetC32ORL1QuadJetC36ORQuadJetC40,HLTLevel1GTSeed,-86,202,0,108,-0.8695,2.0944,0
HLT_DiJet80_DiJet60_DiJet20_v5,7,hltL1sL1QuadJetC32ORL1QuadJetC36ORQuadJetC40,HLTLevel1GTSeed,-86,203,0,48,-2.586,-0.349066,0
HLT_DiJet80_DiJet60_DiJet20_v5,7,hltL1sL1QuadJetC32ORL1QuadJetC36ORQuadJetC40,HLTLevel1GTSeed,-86,204,0,40,-0.174,-2.0944,0
HLT_DiJet80_DiJet60_DiJet20_v5,21,hltDiCenJet80L1FastJet,HLT1CaloJet,85,58,0,127.524,1.42204,-1.87009,14.1744
HLT_DiJet80_DiJet60_DiJet20_v5,21,hltDiCenJet80L1FastJet,HLT1CaloJet,85,59,0,98.2244,-0.936585,1.9926,11.782
HLT_DiJet80_DiJet60_DiJet20_v5,21,hltDiCenJet80L1FastJet,HLT1CaloJet,85,60,0,82.3896,0.349833,1.75677,14.2559
HLT_DiJet80_DiJet60_DiJet20_v5,22,hltQuadCenJet60L1FastJet,HLT1CaloJet,85,58,0,127.524,1.42204,-1.87009,14.1744
HLT_DiJet80_DiJet60_DiJet20_v5,22,hltQuadCenJet60L1FastJet,HLT1CaloJet,85,59,0,98.2244,-0.936585,1.9926,11.782
HLT_DiJet80_DiJet60_DiJet20_v5,22,hltQuadCenJet60L1FastJet,HLT1CaloJet,85,60,0,82.3896,0.349833,1.75677,14.2559
HLT_DiPFJet40_PFMETnoMu65_MJJ800VBF_AllJets_v8,7,hltL1sL1ETM40,HLTLevel1GTSeed,-87,205,0,45.5,0,0.0436332,0
HLT_DiPFJet40_PFMETnoMu65_MJJ800VBF_AllJets_v8,21,hltDiJet30L1FastJet,HLT1CaloJet,85,58,0,127.524,1.42204,-1.87009,14.1744
HLT_DiPFJet40_PFMETnoMu65_MJJ800VBF_AllJets_v8,21,hltDiJet30L1FastJet,HLT1CaloJet,85,59,0,98.2244,-0.936585,1.9926,11.782
HLT_DiPFJet40_PFMETnoMu65_MJJ800VBF_AllJets_v8,21,hltDiJet30L1FastJet,HLT1CaloJet,85,60,0,82.3896,0.349833,1.75677,14.2559
HLT_DiPFJet40_PFMETnoMu65_MJJ800VBF_AllJets_v8,21,hltDiJet30L1FastJet,HLT1CaloJet,85,61,0,55.4781,-2.50617,-0.359408,11.9051
HLT_DiPFJet40_PFMETnoMu65_MJJ800VBF_AllJets_v8,21,hltDiJet30L1FastJet,HLT1CaloJet,85,62,0,40.6828,-0.169835,-2.04394,4.42298
HLT_DiPFJet40_PFMETnoMu65_MJJ600VBF_LeadingJets_v8,7,hltL1sL1ETM40,HLTLevel1GTSeed,-87,205,0,45.5,0,0.0436332,0
HLT_DiPFJet40_PFMETnoMu65_MJJ600VBF_LeadingJets_v8,21,hltDiJet30L1FastJet,HLT1CaloJet,85,58,0,127.524,1.42204,-1.87009,14.1744
HLT_DiPFJet40_PFMETnoMu65_MJJ600VBF_LeadingJets_v8,21,hltDiJet30L1FastJet,HLT1CaloJet,85,59,0,98.2244,-0.936585,1.9926,11.782
HLT_DiPFJet40_PFMETnoMu65_MJJ600VBF_LeadingJets_v8,21,hltDiJet30L1FastJet,HLT1CaloJet,85,60,0,82.3896,0.349833,1.75677,14.2559
HLT_DiPFJet40_PFMETnoMu65_MJJ600VBF_LeadingJets_v8,21,hltDiJet30L1FastJet,HLT1CaloJet,85,61,0,55.4781,-2.50617,-0.359408,11.9051
HLT_DiPFJet40_PFMETnoMu65_MJJ600VBF_LeadingJets_v8,21,hltDiJet30L1FastJet,HLT1CaloJet,85,62,0,40.6828,-0.169835,-2.04394,4.42298
HLT_Jet80Eta1p7_Jet70Eta1p7_DiBTagIP3DFastPV_v7,7,hltL1sL1DoubleJetC56Eta1p74WdEta4,HLTLevel1GTSeed,-84,200,0,132,1.566,-1.74533,0
HLT_Jet80Eta1p7_Jet70Eta1p7_DiBTagIP3DFastPV_v7,7,hltL1sL1DoubleJetC56Eta1p74WdEta4,HLTLevel1GTSeed,-84,201,0,84,0.5215,1.74533,0
HLT_Jet80Eta1p7_Jet70Eta1p7_DiBTagIP3DFastPV_v7,7,hltL1sL1DoubleJetC56Eta1p74WdEta4,HLTLevel1GTSeed,-86,202,0,108,-0.8695,2.0944,0
HLT_Jet80Eta1p7_Jet70Eta1p7_DiBTagIP3DFastPV_v7,21,hltSingleBJet80Eta1p7L1FastJet,HLT1CaloJet,86,58,0,127.524,1.42204,-1.87009,14.1744
HLT_Jet80Eta1p7_Jet70Eta1p7_DiBTagIP3DFastPV_v7,21,hltSingleBJet80Eta1p7L1FastJet,HLT1CaloJet,86,59,0,98.2244,-0.936585,1.9926,11.782
HLT_Jet80Eta1p7_Jet70Eta1p7_DiBTagIP3DFastPV_v7,21,hltSingleBJet80Eta1p7L1FastJet,HLT1CaloJet,86,60,0,82.3896,0.349833,1.75677,14.2559
HLT_Jet80Eta1p7_Jet70Eta1p7_DiBTagIP3DFastPV_v7,22,hltDoubleBJet70Eta1p7L1FastJet,HLT1CaloJet,86,58,0,127.524,1.42204,-1.87009,14.1744
HLT_Jet80Eta1p7_Jet70Eta1p7_DiBTagIP3DFastPV_v7,22,hltDoubleBJet70Eta1p7L1FastJet,HLT1CaloJet,86,59,0,98.2244,-0.936585,1.9926,11.782
HLT_Jet80Eta1p7_Jet70Eta1p7_DiBTagIP3DFastPV_v7,22,hltDoubleBJet70Eta1p7L1FastJet,HLT1CaloJet,86,60,0,82.3896,0.349833,1.75677,14.2559
HLT_Jet80Eta1p7_Jet70Eta1p7_DiBTagIP3DFastPV_v7,38,hltBLifetimeL25FilterbbPhiL1FastJetFastPV,HLTCaloJetTag,86,134,0,127.524,1.42204,-1.87009,14.1744
HLT_Jet160Eta2p4_Jet120Eta2p4_DiBTagIP3DFastPVLoose_v7,7,hltL1sL1SingleJet128,HLTLevel1GTSeed,-84,200,0,132,1.566,-1.74533,0
HLT_QuadJet50_v5,7,hltL1sL1QuadJetC32ORL1QuadJetC36ORQuadJetC40ORL1HTT125ORL1HTT150ORL1HTT175ORL1DoubleJetC52ORL1DoubleJetC56ORL1DoubleJetC64,HLTLevel1GTSeed,-84,200,0,132,1.566,-1.74533,0
HLT_QuadJet50_v5,7,hltL1sL1QuadJetC32ORL1QuadJetC36ORQuadJetC40ORL1HTT125ORL1HTT150ORL1HTT175ORL1DoubleJetC52ORL1DoubleJetC56ORL1DoubleJetC64,HLTLevel1GTSeed,-84,201,0,84,0.5215,1.74533,0
HLT_QuadJet50_v5,7,hltL1sL1QuadJetC32ORL1QuadJetC36ORQuadJetC40ORL1HTT125ORL1HTT150ORL1HTT175ORL1DoubleJetC52ORL1DoubleJetC56ORL1DoubleJetC64,HLTLevel1GTSeed,-86,202,0,108,-0.8695,2.0944,0
HLT_QuadJet50_v5,7,hltL1sL1QuadJetC32ORL1QuadJetC36ORQuadJetC40ORL1HTT125ORL1HTT150ORL1HTT175ORL1DoubleJetC52ORL1DoubleJetC56ORL1DoubleJetC64,HLTLevel1GTSeed,-86,203,0,48,-2.586,-0.349066,0
HLT_QuadJet50_v5,7,hltL1sL1QuadJetC32ORL1QuadJetC36ORQuadJetC40ORL1HTT125ORL1HTT150ORL1HTT175ORL1DoubleJetC52ORL1DoubleJetC56ORL1DoubleJetC64,HLTLevel1GTSeed,-86,204,0,40,-0.174,-2.0944,0
HLT_QuadJet50_v5,7,hltL1sL1QuadJetC32ORL1QuadJetC36ORQuadJetC40ORL1HTT125ORL1HTT150ORL1HTT175ORL1DoubleJetC52ORL1DoubleJetC56ORL1DoubleJetC64,HLTLevel1GTSeed,-89,208,-89,246,0,0,0
HLT_QuadJet50_v5,21,hltQuadCenJet50L1FastJet,HLT1CaloJet,85,58,0,127.524,1.42204,-1.87009,14.1744
HLT_QuadJet50_v5,21,hltQuadCenJet50L1FastJet,HLT1CaloJet,85,59,0,98.2244,-0.936585,1.9926,11.782
HLT_QuadJet50_v5,21,hltQuadCenJet50L1FastJet,HLT1CaloJet,85,60,0,82.3896,0.349833,1.75677,14.2559
HLT_QuadJet50_v5,21,hltQuadCenJet50L1FastJet,HLT1CaloJet,85,61,0,55.4781,-2.50617,-0.359408,11.9051
HLT_QuadJet50_Jet20_v4,7,hltL1sL1QuadJetC32ORL1QuadJetC36ORQuadJetC40ORL1HTT125ORL1HTT150ORL1HTT175ORL1DoubleJetC52ORL1DoubleJetC56ORL1DoubleJetC64,HLTLevel1GTSeed,-84,200,0,132,1.566,-1.74533,0
HLT_QuadJet50_Jet20_v4,7,hltL1sL1QuadJetC32ORL1QuadJetC36ORQuadJetC40ORL1HTT125ORL1HTT150ORL1HTT175ORL1DoubleJetC52ORL1DoubleJetC56ORL1DoubleJetC64,HLTLevel1GTSeed,-84,201,0,84,0.5215,1.74533,0
HLT_QuadJet50_Jet20_v4,7,hltL1sL1QuadJetC32ORL1QuadJetC36ORQuadJetC40ORL1HTT125ORL1HTT150ORL1HTT175ORL1DoubleJetC52ORL1DoubleJetC56ORL1DoubleJetC64,HLTLevel1GTSeed,-86,202,0,108,-0.8695,2.0944,0
HLT_QuadJet50_Jet20_v4,7,hltL1sL1QuadJetC32ORL1QuadJetC36ORQuadJetC40ORL1HTT125ORL1HTT150ORL1HTT175ORL1DoubleJetC52ORL1DoubleJetC56ORL1DoubleJetC64,HLTLevel1GTSeed,-86,203,0,48,-2.586,-0.349066,0
HLT_QuadJet50_Jet20_v4,7,hltL1sL1QuadJetC32ORL1QuadJetC36ORQuadJetC40ORL1HTT125ORL1HTT150ORL1HTT175ORL1DoubleJetC52ORL1DoubleJetC56ORL1DoubleJetC64,HLTLevel1GTSeed,-86,204,0,40,-0.174,-2.0944,0
HLT_QuadJet50_Jet20_v4,7,hltL1sL1QuadJetC32ORL1QuadJetC36ORQuadJetC40ORL1HTT125ORL1HTT150ORL1HTT175ORL1DoubleJetC52ORL1DoubleJetC56ORL1DoubleJetC64,HLTLevel1GTSeed,-89,208,-89,246,0,0,0
HLT_QuadJet50_Jet20_v4,21,hltQuadCenJet50L1FastJet,HLT1CaloJet,85,58,0,127.524,1.42204,-1.87009,14.1744
HLT_QuadJet50_Jet20_v4,21,hltQuadCenJet50L1FastJet,HLT1CaloJet,85,59,0,98.2244,-0.936585,1.9926,11.782
HLT_QuadJet50_Jet20_v4,21,hltQuadCenJet50L1FastJet,HLT1CaloJet,85,60,0,82.3896,0.349833,1.75677,14.2559
HLT_QuadJet50_Jet20_v4,21,hltQuadCenJet50L1FastJet,HLT1CaloJet,85,61,0,55.4781,-2.50617,-0.359408,11.9051
HLT_QuadJet50_Jet20_v4,22,hltPentaCenJet20L1FastJet,HLT1CaloJet,85,58,0,127.524,1.42204,-1.87009,14.1744
HLT_QuadJet50_Jet20_v4,22,hltPentaCenJet20L1FastJet,HLT1CaloJet,85,59,0,98.2244,-0.936585,1.9926,11.782
HLT_QuadJet50_Jet20_v4,22,hltPentaCenJet20L1FastJet,HLT1CaloJet,85,60,0,82.3896,0.349833,1.75677,14.2559
HLT_QuadJet50_Jet20_v4,22,hltPentaCenJet20L1FastJet,HLT1CaloJet,85,61,0,55.4781,-2.50617,-0.359408,11.9051
HLT_QuadJet50_Jet20_v4,22,hltPentaCenJet20L1FastJet,HLT1CaloJet,85,62,0,40.6828,-0.169835,-2.04394,4.42298
HLT_QuadJet60_DiJet20_v5,7,hltL1sL1QuadJetC32ORL1QuadJetC36ORQuadJetC40,HLTLevel1GTSeed,-84,200,0,132,1.566,-1.74533,0
HLT_QuadJet60_DiJet20_v5,7,hltL1sL1QuadJetC32ORL1QuadJetC36ORQuadJetC40,HLTLevel1GTSeed,-84,201,0,84,0.5215,1.74533,0
HLT_QuadJet60_DiJet20_v5,7,hltL1sL1QuadJetC32ORL1QuadJetC36ORQuadJetC40,HLTLevel1GTSeed,-86,202,0,108,-0.8695,2.0944,0
HLT_QuadJet60_DiJet20_v5,7,hltL1sL1QuadJetC32ORL1QuadJetC36ORQuadJetC40,HLTLevel1GTSeed,-86,203,0,48,-2.586,-0.349066,0
HLT_QuadJet60_DiJet20_v5,7,hltL1sL1QuadJetC32ORL1QuadJetC36ORQuadJetC40,HLTLevel1GTSeed,-86,204,0,40,-0.174,-2.0944,0
HLT_QuadJet60_DiJet20_v5,21,hltQuadCenJet60L1FastJet,HLT1CaloJet,85,58,0,127.524,1.42204,-1.87009,14.1744
HLT_QuadJet60_DiJet20_v5,21,hltQuadCenJet60L1FastJet,HLT1CaloJet,85,59,0,98.2244,-0.936585,1.9926,11.782
HLT_QuadJet60_DiJet20_v5,21,hltQuadCenJet60L1FastJet,HLT1CaloJet,85,60,0,82.3896,0.349833,1.75677,14.2559
HLT_QuadJet70_v6,7,hltL1sL1HTT150OrHTT175OrHTT200,HLTLevel1GTSeed,-89,208,-89,246,0,0,0
HLT_QuadJet80_v6,7,hltL1sL1HTT150OrHTT175OrHTT200,HLTLevel1GTSeed,-89,208,-89,246,0,0,0
HLT_QuadJet80_v6,21,hltQuadJet80L1FastJet,HLT1CaloJet,85,58,0,127.524,1.42204,-1.87009,14.1744
HLT_QuadJet80_v6,21,hltQuadJet80L1FastJet,HLT1CaloJet,85,59,0,98.2244,-0.936585,1.9926,11.782
HLT_QuadJet80_v6,21,hltQuadJet80L1FastJet,HLT1CaloJet,85,60,0,82.3896,0.349833,1.75677,14.2559
HLT_QuadJet90_v6,7,hltL1sL1HTT150OrHTT175OrHTT200,HLTLevel1GTSeed,-89,208,-89,246,0,0,0
HLT_QuadJet90_v6,21,hltQuadJet90L1FastJet,HLT1CaloJet,85,58,0,127.524,1.42204,-1.87009,14.1744
HLT_QuadJet90_v6,21,hltQuadJet90L1FastJet,HLT1CaloJet,85,59,0,98.2244,-0.936585,1.9926,11.782
HLT_QuadJet75_55_35_20_BTagIP_VBF_v6,7,hltL1sL1TripleJet644424VBFORTripleJet644828VBFORTripleJet684832VBF,HLTLevel1GTSeed,-84,200,0,132,1.566,-1.74533,0
HLT_QuadJet75_55_35_20_BTagIP_VBF_v6,7,hltL1sL1TripleJet644424VBFORTripleJet644828VBFORTripleJet684832VBF,HLTLevel1GTSeed,-84,201,0,84,0.5215,1.74533,0
HLT_QuadJet75_55_35_20_BTagIP_VBF_v6,7,hltL1sL1TripleJet644424VBFORTripleJet644828VBFORTripleJet684832VBF,HLTLevel1GTSeed,-86,202,0,108,-0.8695,2.0944,0
HLT_QuadJet75_55_35_20_BTagIP_VBF_v6,7,hltL1sL1TripleJet644424VBFORTripleJet644828VBFORTripleJet684832VBF,HLTLevel1GTSeed,-86,203,0,48,-2.586,-0.349066,0
HLT_QuadJet75_55_35_20_BTagIP_VBF_v6,7,hltL1sL1TripleJet644424VBFORTripleJet644828VBFORTripleJet684832VBF,HLTLevel1GTSeed,-86,204,0,40,-0.174,-2.0944,0
HLT_QuadJet75_55_35_20_BTagIP_VBF_v6,21,hltL1FastJetSingle75HbbVBF,HLT1CaloJet,85,58,0,127.524,1.42204,-1.87009,14.1744
HLT_QuadJet75_55_35_20_BTagIP_VBF_v6,21,hltL1FastJetSingle75HbbVBF,HLT1CaloJet,85,59,0,98.2244,-0.936585,1.9926,11.782
HLT_QuadJet75_55_35_20_BTagIP_VBF_v6,21,hltL1FastJetSingle75HbbVBF,HLT1CaloJet,85,60,0,82.3896,0.349833,1.75677,14.2559
HLT_QuadJet75_55_35_20_BTagIP_VBF_v6,22,hltL1FastJetDouble55HbbVBF,HLT1CaloJet,85,58,0,127.524,1.42204,-1.87009,14.1744
HLT_QuadJet75_55_35_20_BTagIP_VBF_v6,22,hltL1FastJetDouble55HbbVBF,HLT1CaloJet,85,59,0,98.2244,-0.936585,1.9926,11.782
HLT_QuadJet75_55_35_20_BTagIP_VBF_v6,22,hltL1FastJetDouble55HbbVBF,HLT1CaloJet,85,60,0,82.3896,0.349833,1.75677,14.2559
HLT_QuadJet75_55_35_20_BTagIP_VBF_v6,22,hltL1FastJetDouble55HbbVBF,HLT1CaloJet,85,61,0,55.4781,-2.50617,-0.359408,11.9051
HLT_QuadJet75_55_35_20_BTagIP_VBF_v6,23,hltL1FastJetTriple35HbbVBF,HLT1CaloJet,85,58,0,127.524,1.42204,-1.87009,14.1744
HLT_QuadJet75_55_35_20_BTagIP_VBF_v6,23,hltL1FastJetTriple35HbbVBF,HLT1CaloJet,85,59,0,98.2244,-0.936585,1.9926,11.782
HLT_QuadJet75_55_35_20_BTagIP_VBF_v6,23,hltL1FastJetTriple35HbbVBF,HLT1CaloJet,85,60,0,82.3896,0.349833,1.75677,14.2559
HLT_QuadJet75_55_35_20_BTagIP_VBF_v6,23,hltL1FastJetTriple35HbbVBF,HLT1CaloJet,85,61,0,55.4781,-2.50617,-0.359408,11.9051
HLT_QuadJet75_55_35_20_BTagIP_VBF_v6,23,hltL1FastJetTriple35HbbVBF,HLT1CaloJet,85,62,0,40.6828,-0.169835,-2.04394,4.42298
HLT_QuadJet75_55_35_20_BTagIP_VBF_v6,24,hltL1FastJetQuad20HbbVBF,HLT1CaloJet,85,58,0,127.524,1.42204,-1.87009,14.1744
HLT_QuadJet75_55_35_20_BTagIP_VBF_v6,24,hltL1FastJetQuad20HbbVBF,HLT1CaloJet,85,59,0,98.2244,-0.936585,1.9926,11.782
HLT_QuadJet75_55_35_20_BTagIP_VBF_v6,24,hltL1FastJetQuad20HbbVBF,HLT1CaloJet,85,60,0,82.3896,0.349833,1.75677,14.2559
HLT_QuadJet75_55_35_20_BTagIP_VBF_v6,24,hltL1FastJetQuad20HbbVBF,HLT1CaloJet,85,61,0,55.4781,-2.50617,-0.359408,11.9051
HLT_QuadJet75_55_35_20_BTagIP_VBF_v6,24,hltL1FastJetQuad20HbbVBF,HLT1CaloJet,85,62,0,40.6828,-0.169835,-2.04394,4.42298
HLT_QuadJet75_55_35_20_BTagIP_VBF_v6,26,hltBJetHbbVBF,HLT1CaloJet,86,58,0,127.524,1.42204,-1.87009,14.1744
HLT_QuadJet75_55_35_20_BTagIP_VBF_v6,26,hltBJetHbbVBF,HLT1CaloJet,86,59,0,98.2244,-0.936585,1.9926,11.782
HLT_QuadJet75_55_35_20_BTagIP_VBF_v6,26,hltBJetHbbVBF,HLT1CaloJet,86,60,0,82.3896,0.349833,1.75677,14.2559
HLT_QuadJet75_55_35_20_BTagIP_VBF_v6,26,hltBJetHbbVBF,HLT1CaloJet,86,61,0,55.4781,-2.50617,-0.359408,11.9051
HLT_QuadJet75_55_35_20_BTagIP_VBF_v6,26,hltBJetHbbVBF,HLT1CaloJet,86,62,0,40.6828,-0.169835,-2.04394,4.42298
HLT_QuadJet75_55_35_20_BTagIP_VBF_v6,26,hltBJetHbbVBF,HLT1CaloJet,86,63,0,12.4713,-1.66856,-0.506974,2.28246
HLT_QuadJet75_55_35_20_BTagIP_VBF_v6,26,hltBJetHbbVBF,HLT1CaloJet,86,64,0,9.1171,-0.0845562,-0.144485,2.16361
HLT_QuadJet75_55_35_20_BTagIP_VBF_v6,26,hltBJetHbbVBF,HLT1CaloJet,86,65,0,7.69739,3.38649,-1.12387,2.41841
HLT_QuadJet75_55_35_20_BTagIP_VBF_v6,26,hltBJetHbbVBF,HLT1CaloJet,86,66,0,7.34989,3.87443,2.56794,2.53126
HLT_QuadJet75_55_35_20_BTagIP_VBF_v6,26,hltBJetHbbVBF,HLT1CaloJet,86,67,0,7.10973,3.46539,1.22097,1.97942
HLT_QuadJet75_55_35_20_BTagIP_VBF_v6,26,hltBJetHbbVBF,HLT1CaloJet,86,68,0,5.9643,0.92947,2.23298,1.22948
HLT_QuadJet75_55_35_20_BTagIP_VBF_v6,26,hltBJetHbbVBF,HLT1CaloJet,86,69,0,5.91762,4.95153,-1.00226,1.72914
HLT_QuadJet75_55_35_20_BTagIP_VBF_v6,26,hltBJetHbbVBF,HLT1CaloJet,86,70,0,5.088,4.00214,-1.80503,1.62577
HLT_QuadJet75_55_35_20_BTagIP_VBF_v6,26,hltBJetHbbVBF,HLT1CaloJet,86,71,0,4.88271,-2.03692,-2.96746,1.17633
HLT_QuadJet75_55_35_20_BTagIP_VBF_v6,26,hltBJetHbbVBF,HLT1CaloJet,86,72,0,4.2875,0.183306,-2.77775,1.02208
HLT_QuadJet75_55_35_20_BTagIP_VBF_v6,26,hltBJetHbbVBF,HLT1CaloJet,86,73,0,3.77672,5.02614,2.71221,0.955541
HLT_QuadJet75_55_35_20_BTagIP_VBF_v6,26,hltBJetHbbVBF,HLT1CaloJet,86,74,0,3.7408,2.23288,-2.68993,0.625971
HLT_QuadJet75_55_35_20_BTagIP_VBF_v6,26,hltBJetHbbVBF,HLT1CaloJet,86,75,0,2.75154,2.58222,-1.96962,0.778568
HLT_QuadJet75_55_35_20_BTagIP_VBF_v6,26,hltBJetHbbVBF,HLT1CaloJet,86,76,0,2.18473,4.09639,-1.06957,0.498754
HLT_QuadJet75_55_35_20_BTagIP_VBF_v6,26,hltBJetHbbVBF,HLT1CaloJet,86,77,0,2.05576,3.48802,0.507584,0.606116
HLT_QuadJet75_55_35_20_BTagIP_VBF_v6,26,hltBJetHbbVBF,HLT1CaloJet,86,78,0,1.73342,-4.55896,1.23433,0.507161
HLT_QuadJet75_55_35_20_BTagIP_VBF_v6,26,hltBJetHbbVBF,HLT1CaloJet,86,79,0,1.61506,4.32779,-0.417572,0.446264
HLT_QuadJet75_55_35_20_BTagIP_VBF_v6,26,hltBJetHbbVBF,HLT1CaloJet,86,80,0,1.53324,-0.162817,2.40065,0.390772
HLT_QuadJet75_55_35_20_BTagIP_VBF_v6,26,hltBJetHbbVBF,HLT1CaloJet,86,81,0,1.48223,-4.01126,-2.27511,0.340298
HLT_QuadJet75_55_35_20_BTagIP_VBF_v6,26,hltBJetHbbVBF,HLT1CaloJet,86,82,0,1.46917,-4.74104,-2.35064,0.440527
HLT_QuadJet75_55_35_20_BTagIP_VBF_v6,26,hltBJetHbbVBF,HLT1CaloJet,86,83,0,1.46254,-4.88366,-1.1151,0.357934
HLT_QuadJet75_55_35_20_BTagIP_VBF_v6,26,hltBJetHbbVBF,HLT1CaloJet,86,84,0,1.06116,4.98337,1.21081,0.24776
HLT_QuadJet75_55_35_20_BTagIP_VBF_v6,26,hltBJetHbbVBF,HLT1CaloJet,86,85,0,0.911919,-4.99672,-2.99204,0.186658
HLT_QuadJet75_55_35_20_BTagIP_VBF_v6,26,hltBJetHbbVBF,HLT1CaloJet,86,86,0,0.891696,4.11924,-2.76433,0.268971
HLT_QuadJet75_55_35_20_BTagIP_VBF_v6,26,hltBJetHbbVBF,HLT1CaloJet,86,87,0,0.741308,-3.25563,-1.94409,0.168759
HLT_QuadJet75_55_35_20_BTagIP_VBF_v6,26,hltBJetHbbVBF,HLT1CaloJet,86,88,0,0.631016,4.88437,-1.81762,0.167464
HLT_QuadJet75_55_35_20_BTagIP_VBF_v6,26,hltBJetHbbVBF,HLT1CaloJet,86,89,0,0.504982,4.99707,-2.66108,0.10162
HLT_QuadJet75_55_35_20_BTagIP_VBF_v6,26,hltBJetHbbVBF,HLT1CaloJet,86,90,0,0.00130642,2.77814,-3.07947,0.000393497
HLT_QuadJet75_55_35_20_BTagIP_VBF_v6,26,hltBJetHbbVBF,HLT1CaloJet,86,91,0,0.000990367,2.86433,-0.441823,0.000309609
HLT_QuadJet75_55_35_20_BTagIP_VBF_v6,26,hltBJetHbbVBF,HLT1CaloJet,86,92,0,0.000858612,-2.65507,-1.44006,0.000222855
HLT_QuadJet75_55_35_20_BTagIP_VBF_v6,26,hltBJetHbbVBF,HLT1CaloJet,86,93,0,0.000778652,-3.44038,-3.12284,0.000199622
HLT_QuadJet75_55_35_20_BTagIP_VBF_v6,26,hltBJetHbbVBF,HLT1CaloJet,86,94,0,0.000709952,-2.35194,1.01818,0.000157558
HLT_QuadJet75_55_35_20_BTagIP_VBF_v6,26,hltBJetHbbVBF,HLT1CaloJet,86,95,0,0.000654029,0.165435,-1.22022,0.000103164
HLT_QuadJet75_55_35_20_BTagIP_VBF_v6,26,hltBJetHbbVBF,HLT1CaloJet,86,96,0,0.000647048,0.843004,-0.921208,0.000149227
HLT_QuadJet75_55_35_20_BTagIP_VBF_v6,26,hltBJetHbbVBF,HLT1CaloJet,86,97,0,0.000634688,-0.780837,-2.80228,0.000132362
HLT_QuadJet75_55_35_20_BTagIP_VBF_v6,26,hltBJetHbbVBF,HLT1CaloJet,86,98,0,0.000628534,2.76207,1.06188,0.000151325
HLT_QuadJet75_55_35_20_BTagIP_VBF_v6,26,hltBJetHbbVBF,HLT1CaloJet,86,99,0,0.000618517,-3.22505,0.534855,0.000152467
HLT_QuadJet75_55_35_20_BTagIP_VBF_v6,26,hltBJetHbbVBF,HLT1CaloJet,86,100,0,0.000569635,-1.59985,-2.02845,0.000144311
HLT_QuadJet75_55_35_20_BTagIP_VBF_v6,26,hltBJetHbbVBF,HLT1CaloJet,86,101,0,0.000566454,-1.63691,0.574579,0.000116947
HLT_QuadJet75_55_35_20_BTagIP_VBF_v6,26,hltBJetHbbVBF,HLT1CaloJet,86,102,0,0.000522805,-3.27056,-0.281979,0.000136565
HLT_QuadJet75_55_35_20_BTagIP_VBF_v6,26,hltBJetHbbVBF,HLT1CaloJet,86,103,0,0.000515313,0.272122,0.511903,0.000111467
HLT_QuadJet75_55_35_20_BTagIP_VBF_v6,26,hltBJetHbbVBF,HLT1CaloJet,86,104,0,0.000504097,1.02109,-0.261865,0.000112705
HLT_QuadJet75_55_35_20_BTagIP_VBF_v6,26,hltBJetHbbVBF,HLT1CaloJet,86,105,0,0.0004957,-0.367085,-0.754409,0.000114744
HLT_QuadJet75_55_35_20_BTagIP_VBF_v6,26,hltBJetHbbVBF,HLT1CaloJet,86,106,0,0.000490228,1.0803,0.603794,8.34338e-05
HLT_QuadJet75_55_35_20_BTagIP_VBF_v6,26,hltBJetHbbVBF,HLT1CaloJet,86,107,0,0.0004582,-3.21045,1.4018,7.01155e-05
HLT_QuadJet75_55_35_20_BTagIP_VBF_v6,26,hltBJetHbbVBF,HLT1CaloJet,86,108,0,0.000434558,-0.383742,1.18548,0.000107228
HLT_QuadJet75_55_35_20_BTagIP_VBF_v6,26,hltBJetHbbVBF,HLT1CaloJet,86,109,0,0.000388769,-2.23829,2.7309,8.45845e-05
HLT_QuadJet75_55_35_20_BTagIP_VBF_v6,26,hltBJetHbbVBF,HLT1CaloJet,86,110,0,0.000387204,-3.40724,-1.05424,9.60551e-05
HLT_QuadJet75_55_35_20_BTagIP_VBF_v6,26,hltBJetHbbVBF,HLT1CaloJet,86,111,0,0.000358548,-2.10224,-1.42688,8.73358e-05
HLT_QuadJet75_55_35_20_BTagIP_VBF_v6,26,hltBJetHbbVBF,HLT1CaloJet,86,112,0,0.000357087,2.43971,2.49709,8.34581e-05
HLT_QuadJet75_55_35_20_BTagIP_VBF_v6,26,hltBJetHbbVBF,HLT1CaloJet,86,113,0,0.000344448,3.31003,-1.86576,8.47372e-05
HLT_QuadJet75_55_35_20_BTagIP_VBF_v6,26,hltBJetHbbVBF,HLT1CaloJet,86,114,0,0.000331032,-3.91974,0.834842,8.1768e-05
HLT_QuadJet75_55_35_20_BTagIP_VBF_v6,26,hltBJetHbbVBF,HLT1CaloJet,86,115,0,0.000261761,-4.0442,-1.33548,6.09614e-05
HLT_QuadJet75_55_35_20_BTagIP_VBF_v6,26,hltBJetHbbVBF,HLT1CaloJet,86,116,0,0.000253791,3.83371,-0.0488957,6.41414e-05
HLT_QuadJet75_55_35_20_BTagIP_VBF_v6,26,hltBJetHbbVBF,HLT1CaloJet,86,117,0,0.000228524,2.88552,0.266368,3.42944e-05
HLT_QuadJet75_55_35_20_BTagIP_VBF_v6,26,hltBJetHbbVBF,HLT1CaloJet,86,118,0,0.000228257,3.45691,3.11211,2.6027e-05
HLT_QuadJet75_55_35_20_BTagIP_VBF_v6,26,hltBJetHbbVBF,HLT1CaloJet,86,119,0,0.000221815,-3.71195,2.23115,4.53914e-05
HLT_QuadJet75_55_35_20_BTagIP_VBF_v6,26,hltBJetHbbVBF,HLT1CaloJet,86,120,0,0.000221034,3.01025,-2.50153,5.10418e-05
HLT_QuadJet75_55_35_20_BTagIP_VBF_v6,26,hltBJetHbbVBF,HLT1CaloJet,86,121,0,0.000153555,-4.28421,-3.0451,2.83673e-05
HLT_QuadJet75_55_38_20_BTagIP_VBF_v6,7,hltL1sL1TripleJet644424VBFORTripleJet644828VBFORTripleJet684832VBF,HLTLevel1GTSeed,-84,200,0,132,1.566,-1.74533,0
HLT_QuadJet75_55_38_20_BTagIP_VBF_v6,7,hltL1sL1TripleJet644424VBFORTripleJet644828VBFORTripleJet684832VBF,HLTLevel1GTSeed,-84,201,0,84,0.5215,1.74533,0
HLT_QuadJet75_55_38_20_BTagIP_VBF_v6,7,hltL1sL1TripleJet644424VBFORTripleJet644828VBFORTripleJet684832VBF,HLTLevel1GTSeed,-86,202,0,108,-0.8695,2.0944,0
HLT_QuadJet75_55_38_20_BTagIP_VBF_v6,7,hltL1sL1TripleJet644424VBFORTripleJet644828VBFORTripleJet684832VBF,HLTLevel1GTSeed,-86,203,0,48,-2.586,-0.349066,0
HLT_QuadJet75_55_38_20_BTagIP_VBF_v6,7,hltL1sL1TripleJet644424VBFORTripleJet644828VBFORTripleJet684832VBF,HLTLevel1GTSeed,-86,204,0,40,-0.174,-2.0944,0
HLT_QuadJet75_55_38_20_BTagIP_VBF_v6,21,hltL1FastJetSingle75HbbVBF,HLT1CaloJet,85,58,0,127.524,1.42204,-1.87009,14.1744
HLT_QuadJet75_55_38_20_BTagIP_VBF_v6,21,hltL1FastJetSingle75HbbVBF,HLT1CaloJet,85,59,0,98.2244,-0.936585,1.9926,11.782
HLT_QuadJet75_55_38_20_BTagIP_VBF_v6,21,hltL1FastJetSingle75HbbVBF,HLT1CaloJet,85,60,0,82.3896,0.349833,1.75677,14.2559
HLT_QuadJet75_55_38_20_BTagIP_VBF_v6,22,hltL1FastJetDouble55HbbVBF,HLT1CaloJet,85,58,0,127.524,1.42204,-1.87009,14.1744
HLT_QuadJet75_55_38_20_BTagIP_VBF_v6,22,hltL1FastJetDouble55HbbVBF,HLT1CaloJet,85,59,0,98.2244,-0.936585,1.9926,11.782
HLT_QuadJet75_55_38_20_BTagIP_VBF_v6,22,hltL1FastJetDouble55HbbVBF,HLT1CaloJet,85,60,0,82.3896,0.349833,1.75677,14.2559
HLT_QuadJet75_55_38_20_BTagIP_VBF_v6,22,hltL1FastJetDouble55HbbVBF,HLT1CaloJet,85,61,0,55.4781,-2.50617,-0.359408,11.9051
HLT_QuadJet75_55_38_20_BTagIP_VBF_v6,23,hltL1FastJetTriple38HbbVBF,HLT1CaloJet,85,58,0,127.524,1.42204,-1.87009,14.1744
HLT_QuadJet75_55_38_20_BTagIP_VBF_v6,23,hltL1FastJetTriple38HbbVBF,HLT1CaloJet,85,59,0,98.2244,-0.936585,1.9926,11.782
HLT_QuadJet75_55_38_20_BTagIP_VBF_v6,23,hltL1FastJetTriple38HbbVBF,HLT1CaloJet,85,60,0,82.3896,0.349833,1.75677,14.2559
HLT_QuadJet75_55_38_20_BTagIP_VBF_v6,23,hltL1FastJetTriple38HbbVBF,HLT1CaloJet,85,61,0,55.4781,-2.50617,-0.359408,11.9051
HLT_QuadJet75_55_38_20_BTagIP_VBF_v6,23,hltL1FastJetTriple38HbbVBF,HLT1CaloJet,85,62,0,40.6828,-0.169835,-2.04394,4.42298
HLT_QuadJet75_55_38_20_BTagIP_VBF_v6,24,hltL1FastJetQuad20HbbVBF,HLT1CaloJet,85,58,0,127.524,1.42204,-1.87009,14.1744
HLT_QuadJet75_55_38_20_BTagIP_VBF_v6,24,hltL1FastJetQuad20HbbVBF,HLT1CaloJet,85,59,0,98.2244,-0.936585,1.9926,11.782
HLT_QuadJet75_55_38_20_BTagIP_VBF_v6,24,hltL1FastJetQuad20HbbVBF,HLT1CaloJet,85,60,0,82.3896,0.349833,1.75677,14.2559
HLT_QuadJet75_55_38_20_BTagIP_VBF_v6,24,hltL1FastJetQuad20HbbVBF,HLT1CaloJet,85,61,0,55.4781,-2.50617,-0.359408,11.9051
HLT_QuadJet75_55_38_20_BTagIP_VBF_v6,24,hltL1FastJetQuad20HbbVBF,HLT1CaloJet,85,62,0,40.6828,-0.169835,-2.04394,4.42298
HLT_QuadJet75_55_38_20_BTagIP_VBF_v6,26,hltBJetHbbVBF,HLT1CaloJet,86,58,0,127.524,1.42204,-1.87009,14.1744
HLT_QuadJet75_55_38_20_BTagIP_VBF_v6,26,hltBJetHbbVBF,HLT1CaloJet,86,59,0,98.2244,-0.936585,1.9926,11.782
HLT_QuadJet75_55_38_20_BTagIP_VBF_v6,26,hltBJetHbbVBF,HLT1CaloJet,86,60,0,82.3896,0.349833,1.75677,14.2559
HLT_QuadJet75_55_38_20_BTagIP_VBF_v6,26,hltBJetHbbVBF,HLT1CaloJet,86,61,0,55.4781,-2.50617,-0.359408,11.9051
HLT_QuadJet75_55_38_20_BTagIP_VBF_v6,26,hltBJetHbbVBF,HLT1CaloJet,86,62,0,40.6828,-0.169835,-2.04394,4.42298
HLT_QuadJet75_55_38_20_BTagIP_VBF_v6,26,hltBJetHbbVBF,HLT1CaloJet,86,63,0,12.4713,-1.66856,-0.506974,2.28246
HLT_QuadJet75_55_38_20_BTagIP_VBF_v6,26,hltBJetHbbVBF,HLT1CaloJet,86,64,0,9.1171,-0.0845562,-0.144485,2.16361
HLT_QuadJet75_55_38_20_BTagIP_VBF_v6,26,hltBJetHbbVBF,HLT1CaloJet,86,65,0,7.69739,3.38649,-1.12387,2.41841
HLT_QuadJet75_55_38_20_BTagIP_VBF_v6,26,hltBJetHbbVBF,HLT1CaloJet,86,66,0,7.34989,3.87443,2.56794,2.53126
HLT_QuadJet75_55_38_20_BTagIP_VBF_v6,26,hltBJetHbbVBF,HLT1CaloJet,86,67,0,7.10973,3.46539,1.22097,1.97942
HLT_QuadJet75_55_38_20_BTagIP_VBF_v6,26,hltBJetHbbVBF,HLT1CaloJet,86,68,0,5.9643,0.92947,2.23298,1.22948
HLT_QuadJet75_55_38_20_BTagIP_VBF_v6,26,hltBJetHbbVBF,HLT1CaloJet,86,69,0,5.91762,4.95153,-1.00226,1.72914
HLT_QuadJet75_55_38_20_BTagIP_VBF_v6,26,hltBJetHbbVBF,HLT1CaloJet,86,70,0,5.088,4.00214,-1.80503,1.62577
HLT_QuadJet75_55_38_20_BTagIP_VBF_v6,26,hltBJetHbbVBF,HLT1CaloJet,86,71,0,4.88271,-2.03692,-2.96746,1.17633
HLT_QuadJet75_55_38_20_BTagIP_VBF_v6,26,hltBJetHbbVBF,HLT1CaloJet,86,72,0,4.2875,0.183306,-2.77775,1.02208
HLT_QuadJet75_55_38_20_BTagIP_VBF_v6,26,hltBJetHbbVBF,HLT1CaloJet,86,73,0,3.77672,5.02614,2.71221,0.955541
HLT_QuadJet75_55_38_20_BTagIP_VBF_v6,26,hltBJetHbbVBF,HLT1CaloJet,86,74,0,3.7408,2.23288,-2.68993,0.625971
HLT_QuadJet75_55_38_20_BTagIP_VBF_v6,26,hltBJetHbbVBF,HLT1CaloJet,86,75,0,2.75154,2.58222,-1.96962,0.778568
HLT_QuadJet75_55_38_20_BTagIP_VBF_v6,26,hltBJetHbbVBF,HLT1CaloJet,86,76,0,2.18473,4.09639,-1.06957,0.498754
HLT_QuadJet75_55_38_20_BTagIP_VBF_v6,26,hltBJetHbbVBF,HLT1CaloJet,86,77,0,2.05576,3.48802,0.507584,0.606116
HLT_QuadJet75_55_38_20_BTagIP_VBF_v6,26,hltBJetHbbVBF,HLT1CaloJet,86,78,0,1.73342,-4.55896,1.23433,0.507161
HLT_QuadJet75_55_38_20_BTagIP_VBF_v6,26,hltBJetHbbVBF,HLT1CaloJet,86,79,0,1.61506,4.32779,-0.417572,0.446264
HLT_QuadJet75_55_38_20_BTagIP_VBF_v6,26,hltBJetHbbVBF,HLT1CaloJet,86,80,0,1.53324,-0.162817,2.40065,0.390772
HLT_QuadJet75_55_38_20_BTagIP_VBF_v6,26,hltBJetHbbVBF,HLT1CaloJet,86,81,0,1.48223,-4.01126,-2.27511,0.340298
HLT_QuadJet75_55_38_20_BTagIP_VBF_v6,26,hltBJetHbbVBF,HLT1CaloJet,86,82,0,1.46917,-4.74104,-2.35064,0.440527
HLT_QuadJet75_55_38_20_BTagIP_VBF_v6,26,hltBJetHbbVBF,HLT1CaloJet,86,83,0,1.46254,-4.88366,-1.1151,0.357934
HLT_QuadJet75_55_38_20_BTagIP_VBF_v6,26,hltBJetHbbVBF,HLT1CaloJet,86,84,0,1.06116,4.98337,1.21081,0.24776
HLT_QuadJet75_55_38_20_BTagIP_VBF_v6,26,hltBJetHbbVBF,HLT1CaloJet,86,85,0,0.911919,-4.99672,-2.99204,0.186658
HLT_QuadJet75_55_38_20_BTagIP_VBF_v6,26,hltBJetHbbVBF,HLT1CaloJet,86,86,0,0.891696,4.11924,-2.76433,0.268971
HLT_QuadJet75_55_38_20_BTagIP_VBF_v6,26,hltBJetHbbVBF,HLT1CaloJet,86,87,0,0.741308,-3.25563,-1.94409,0.168759
HLT_QuadJet75_55_38_20_BTagIP_VBF_v6,26,hltBJetHbbVBF,HLT1CaloJet,86,88,0,0.631016,4.88437,-1.81762,0.167464
HLT_QuadJet75_55_38_20_BTagIP_VBF_v6,26,hltBJetHbbVBF,HLT1CaloJet,86,89,0,0.504982,4.99707,-2.66108,0.10162
HLT_QuadJet75_55_38_20_BTagIP_VBF_v6,26,hltBJetHbbVBF,HLT1CaloJet,86,90,0,0.00130642,2.77814,-3.07947,0.000393497
HLT_QuadJet75_55_38_20_BTagIP_VBF_v6,26,hltBJetHbbVBF,HLT1CaloJet,86,91,0,0.000990367,2.86433,-0.441823,0.000309609
HLT_QuadJet75_55_38_20_BTagIP_VBF_v6,26,hltBJetHbbVBF,HLT1CaloJet,86,92,0,0.000858612,-2.65507,-1.44006,0.000222855
HLT_QuadJet75_55_38_20_BTagIP_VBF_v6,26,hltBJetHbbVBF,HLT1CaloJet,86,93,0,0.000778652,-3.44038,-3.12284,0.000199622
HLT_QuadJet75_55_38_20_BTagIP_VBF_v6,26,hltBJetHbbVBF,HLT1CaloJet,86,94,0,0.000709952,-2.35194,1.01818,0.000157558
HLT_QuadJet75_55_38_20_BTagIP_VBF_v6,26,hltBJetHbbVBF,HLT1CaloJet,86,95,0,0.000654029,0.165435,-1.22022,0.000103164
HLT_QuadJet75_55_38_20_BTagIP_VBF_v6,26,hltBJetHbbVBF,HLT1CaloJet,86,96,0,0.000647048,0.843004,-0.921208,0.000149227
HLT_QuadJet75_55_38_20_BTagIP_VBF_v6,26,hltBJetHbbVBF,HLT1CaloJet,86,97,0,0.000634688,-0.780837,-2.80228,0.000132362
HLT_QuadJet75_55_38_20_BTagIP_VBF_v6,26,hltBJetHbbVBF,HLT1CaloJet,86,98,0,0.000628534,2.76207,1.06188,0.000151325
HLT_QuadJet75_55_38_20_BTagIP_VBF_v6,26,hltBJetHbbVBF,HLT1CaloJet,86,99,0,0.000618517,-3.22505,0.534855,0.000152467
HLT_QuadJet75_55_38_20_BTagIP_VBF_v6,26,hltBJetHbbVBF,HLT1CaloJet,86,100,0,0.000569635,-1.59985,-2.02845,0.000144311
HLT_QuadJet75_55_38_20_BTagIP_VBF_v6,26,hltBJetHbbVBF,HLT1CaloJet,86,101,0,0.000566454,-1.63691,0.574579,0.000116947
HLT_QuadJet75_55_38_20_BTagIP_VBF_v6,26,hltBJetHbbVBF,HLT1CaloJet,86,102,0,0.000522805,-3.27056,-0.281979,0.000136565
HLT_QuadJet75_55_38_20_BTagIP_VBF_v6,26,hltBJetHbbVBF,HLT1CaloJet,86,103,0,0.000515313,0.272122,0.511903,0.000111467
HLT_QuadJet75_55_38_20_BTagIP_VBF_v6,26,hltBJetHbbVBF,HLT1CaloJet,86,104,0,0.000504097,1.02109,-0.261865,0.000112705
HLT_QuadJet75_55_38_20_BTagIP_VBF_v6,26,hltBJetHbbVBF,HLT1CaloJet,86,105,0,0.0004957,-0.367085,-0.754409,0.000114744
HLT_QuadJet75_55_38_20_BTagIP_VBF_v6,26,hltBJetHbbVBF,HLT1CaloJet,86,106,0,0.000490228,1.0803,0.603794,8.34338e-05
HLT_QuadJet75_55_38_20_BTagIP_VBF_v6,26,hltBJetHbbVBF,HLT1CaloJet,86,107,0,0.0004582,-3.21045,1.4018,7.01155e-05
HLT_QuadJet75_55_38_20_BTagIP_VBF_v6,26,hltBJetHbbVBF,HLT1CaloJet,86,108,0,0.000434558,-0.383742,1.18548,0.000107228
HLT_QuadJet75_55_38_20_BTagIP_VBF_v6,26,hltBJetHbbVBF,HLT1CaloJet,86,109,0,0.000388769,-2.23829,2.7309,8.45845e-05
HLT_QuadJet75_55_38_20_BTagIP_VBF_v6,26,hltBJetHbbVBF,HLT1CaloJet,86,110,0,0.000387204,-3.40724,-1.05424,9.60551e-05
HLT_QuadJet75_55_38_20_BTagIP_VBF_v6,26,hltBJetHbbVBF,HLT1CaloJet,86,111,0,0.000358548,-2.10224,-1.42688,8.73358e-05
HLT_QuadJet75_55_38_20_BTagIP_VBF_v6,26,hltBJetHbbVBF,HLT1CaloJet,86,112,0,0.000357087,2.43971,2.49709,8.34581e-05
HLT_QuadJet75_55_38_20_BTagIP_VBF_v6,26,hltBJetHbbVBF,HLT1CaloJet,86,113,0,0.000344448,3.31003,-1.86576,8.47372e-05
HLT_QuadJet75_55_38_20_BTagIP_VBF_v6,26,hltBJetHbbVBF,HLT1CaloJet,86,114,0,0.000331032,-3.91974,0.834842,8.1768e-05
HLT_QuadJet75_55_38_20_BTagIP_VBF_v6,26,hltBJetHbbVBF,HLT1CaloJet,86,115,0,0.000261761,-4.0442,-1.33548,6.09614e-05
HLT_QuadJet75_55_38_20_BTagIP_VBF_v6,26,hltBJetHbbVBF,HLT1CaloJet,86,116,0,0.000253791,3.83371,-0.0488957,6.41414e-05
HLT_QuadJet75_55_38_20_BTagIP_VBF_v6,26,hltBJetHbbVBF,HLT1CaloJet,86,117,0,0.000228524,2.88552,0.266368,3.42944e-05
HLT_QuadJet75_55_38_20_BTagIP_VBF_v6,26,hltBJetHbbVBF,HLT1CaloJet,86,118,0,0.000228257,3.45691,3.11211,2.6027e-05
HLT_QuadJet75_55_38_20_BTagIP_VBF_v6,26,hltBJetHbbVBF,HLT1CaloJet,86,119,0,0.000221815,-3.71195,2.23115,4.53914e-05
HLT_QuadJet75_55_38_20_BTagIP_VBF_v6,26,hltBJetHbbVBF,HLT1CaloJet,86,120,0,0.000221034,3.01025,-2.50153,5.10418e-05
HLT_QuadJet75_55_38_20_BTagIP_VBF_v6,26,hltBJetHbbVBF,HLT1CaloJet,86,121,0,0.000153555,-4.28421,-3.0451,2.83673e-05
HLT_QuadPFJet78_61_44_31_BTagCSV_VBF_v4,7,hltL1sL1TripleJet644424VBFORTripleJet644828VBFORTripleJet684832VBF,HLTLevel1GTSeed,-84,200,0,132,1.566,-1.74533,0
HLT_QuadPFJet78_61_44_31_BTagCSV_VBF_v4,7,hltL1sL1TripleJet644424VBFORTripleJet644828VBFORTripleJet684832VBF,HLTLevel1GTSeed,-84,201,0,84,0.5215,1.74533,0
HLT_QuadPFJet78_61_44_31_BTagCSV_VBF_v4,7,hltL1sL1TripleJet644424VBFORTripleJet644828VBFORTripleJet684832VBF,HLTLevel1GTSeed,-86,202,0,108,-0.8695,2.0944,0
HLT_QuadPFJet78_61_44_31_BTagCSV_VBF_v4,7,hltL1sL1TripleJet644424VBFORTripleJet644828VBFORTripleJet684832VBF,HLTLevel1GTSeed,-86,203,0,48,-2.586,-0.349066,0
HLT_QuadPFJet78_61_44_31_BTagCSV_VBF_v4,7,hltL1sL1TripleJet644424VBFORTripleJet644828VBFORTripleJet684832VBF,HLTLevel1GTSeed,-86,204,0,40,-0.174,-2.0944,0
HLT_QuadPFJet78_61_44_31_BTagCSV_VBF_v4,21,hltL1FastJetSingle64HbbVBF,HLT1CaloJet,85,58,0,127.524,1.42204,-1.87009,14.1744
HLT_QuadPFJet78_61_44_31_BTagCSV_VBF_v4,21,hltL1FastJetSingle64HbbVBF,HLT1CaloJet,85,59,0,98.2244,-0.936585,1.9926,11.782
HLT_QuadPFJet78_61_44_31_BTagCSV_VBF_v4,21,hltL1FastJetSingle64HbbVBF,HLT1CaloJet,85,60,0,82.3896,0.349833,1.75677,14.2559
HLT_QuadPFJet78_61_44_31_BTagCSV_VBF_v4,22,hltL1FastJetDouble44HbbVBF,HLT1CaloJet,85,58,0,127.524,1.42204,-1.87009,14.1744
HLT_QuadPFJet78_61_44_31_BTagCSV_VBF_v4,22,hltL1FastJetDouble44HbbVBF,HLT1CaloJet,85,59,0,98.2244,-0.936585,1.9926,11.782
HLT_QuadPFJet78_61_44_31_BTagCSV_VBF_v4,22,hltL1FastJetDouble44HbbVBF,HLT1CaloJet,85,60,0,82.3896,0.349833,1.75677,14.2559
HLT_QuadPFJet78_61_44_31_BTagCSV_VBF_v4,22,hltL1FastJetDouble44HbbVBF,HLT1CaloJet,85,61,0,55.4781,-2.50617,-0.359408,11.9051
HLT_QuadPFJet78_61_44_31_BTagCSV_VBF_v4,23,hltL1FastJetTriple24HbbVBF,HLT1CaloJet,85,58,0,127.524,1.42204,-1.87009,14.1744
HLT_QuadPFJet78_61_44_31_BTagCSV_VBF_v4,23,hltL1FastJetTriple24HbbVBF,HLT1CaloJet,85,59,0,98.2244,-0.936585,1.9926,11.782
HLT_QuadPFJet78_61_44_31_BTagCSV_VBF_v4,23,hltL1FastJetTriple24HbbVBF,HLT1CaloJet,85,60,0,82.3896,0.349833,1.75677,14.2559
HLT_QuadPFJet78_61_44_31_BTagCSV_VBF_v4,23,hltL1FastJetTriple24HbbVBF,HLT1CaloJet,85,61,0,55.4781,-2.50617,-0.359408,11.9051
HLT_QuadPFJet78_61_44_31_BTagCSV_VBF_v4,23,hltL1FastJetTriple24HbbVBF,HLT1CaloJet,85,62,0,40.6828,-0.169835,-2.04394,4.42298
HLT_QuadPFJet78_61_44_31_BTagCSV_VBF_v4,24,hltL1FastJetQuad18HbbVBF,HLT1CaloJet,85,58,0,127.524,1.42204,-1.87009,14.1744
HLT_QuadPFJet78_61_44_31_BTagCSV_VBF_v4,24,hltL1FastJetQuad18HbbVBF,HLT1CaloJet,85,59,0,98.2244,-0.936585,1.9926,11.782
HLT_QuadPFJet78_61_44_31_BTagCSV_VBF_v4,24,hltL1FastJetQuad18HbbVBF,HLT1CaloJet,85,60,0,82.3896,0.349833,1.75677,14.2559
HLT_QuadPFJet78_61_44_31_BTagCSV_VBF_v4,24,hltL1FastJetQuad18HbbVBF,HLT1CaloJet,85,61,0,55.4781,-2.50617,-0.359408,11.9051
HLT_QuadPFJet78_61_44_31_BTagCSV_VBF_v4,24,hltL1FastJetQuad18HbbVBF,HLT1CaloJet,85,62,0,40.6828,-0.169835,-2.04394,4.42298
HLT_QuadPFJet78_61_44_31_BTagCSV_VBF_v4,26,hltBJetHbbVBF,HLT1CaloJet,86,58,0,127.524,1.42204,-1.87009,14.1744
HLT_QuadPFJet78_61_44_31_BTagCSV_VBF_v4,26,hltBJetHbbVBF,HLT1CaloJet,86,59,0,98.2244,-0.936585,1.9926,11.782
HLT_QuadPFJet78_61_44_31_BTagCSV_VBF_v4,26,hltBJetHbbVBF,HLT1CaloJet,86,60,0,82.3896,0.349833,1.75677,14.2559
HLT_QuadPFJet78_61_44_31_BTagCSV_VBF_v4,26,hltBJetHbbVBF,HLT1CaloJet,86,61,0,55.4781,-2.50617,-0.359408,11.9051
HLT_QuadPFJet78_61_44_31_BTagCSV_VBF_v4,26,hltBJetHbbVBF,HLT1CaloJet,86,62,0,40.6828,-0.169835,-2.04394,4.42298
HLT_QuadPFJet78_61_44_31_BTagCSV_VBF_v4,26,hltBJetHbbVBF,HLT1CaloJet,86,63,0,12.4713,-1.66856,-0.506974,2.28246
HLT_QuadPFJet78_61_44_31_BTagCSV_VBF_v4,26,hltBJetHbbVBF,HLT1CaloJet,86,64,0,9.1171,-0.0845562,-0.144485,2.16361
HLT_QuadPFJet78_61_44_31_BTagCSV_VBF_v4,26,hltBJetHbbVBF,HLT1CaloJet,86,65,0,7.69739,3.38649,-1.12387,2.41841
HLT_QuadPFJet78_61_44_31_BTagCSV_VBF_v4,26,hltBJetHbbVBF,HLT1CaloJet,86,66,0,7.34989,3.87443,2.56794,2.53126
HLT_QuadPFJet78_61_44_31_BTagCSV_VBF_v4,26,hltBJetHbbVBF,HLT1CaloJet,86,67,0,7.10973,3.46539,1.22097,1.97942
HLT_QuadPFJet78_61_44_31_BTagCSV_VBF_v4,26,hltBJetHbbVBF,HLT1CaloJet,86,68,0,5.9643,0.92947,2.23298,1.22948
HLT_QuadPFJet78_61_44_31_BTagCSV_VBF_v4,26,hltBJetHbbVBF,HLT1CaloJet,86,69,0,5.91762,4.95153,-1.00226,1.72914
HLT_QuadPFJet78_61_44_31_BTagCSV_VBF_v4,26,hltBJetHbbVBF,HLT1CaloJet,86,70,0,5.088,4.00214,-1.80503,1.62577
HLT_QuadPFJet78_61_44_31_BTagCSV_VBF_v4,26,hltBJetHbbVBF,HLT1CaloJet,86,71,0,4.88271,-2.03692,-2.96746,1.17633
HLT_QuadPFJet78_61_44_31_BTagCSV_VBF_v4,26,hltBJetHbbVBF,HLT1CaloJet,86,72,0,4.2875,0.183306,-2.77775,1.02208
HLT_QuadPFJet78_61_44_31_BTagCSV_VBF_v4,26,hltBJetHbbVBF,HLT1CaloJet,86,73,0,3.77672,5.02614,2.71221,0.955541
HLT_QuadPFJet78_61_44_31_BTagCSV_VBF_v4,26,hltBJetHbbVBF,HLT1CaloJet,86,74,0,3.7408,2.23288,-2.68993,0.625971
HLT_QuadPFJet78_61_44_31_BTagCSV_VBF_v4,26,hltBJetHbbVBF,HLT1CaloJet,86,75,0,2.75154,2.58222,-1.96962,0.778568
HLT_QuadPFJet78_61_44_31_BTagCSV_VBF_v4,26,hltBJetHbbVBF,HLT1CaloJet,86,76,0,2.18473,4.09639,-1.06957,0.498754
HLT_QuadPFJet78_61_44_31_BTagCSV_VBF_v4,26,hltBJetHbbVBF,HLT1CaloJet,86,77,0,2.05576,3.48802,0.507584,0.606116
HLT_QuadPFJet78_61_44_31_BTagCSV_VBF_v4,26,hltBJetHbbVBF,HLT1CaloJet,86,78,0,1.73342,-4.55896,1.23433,0.507161
HLT_QuadPFJet78_61_44_31_BTagCSV_VBF_v4,26,hltBJetHbbVBF,HLT1CaloJet,86,79,0,1.61506,4.32779,-0.417572,0.446264
HLT_QuadPFJet78_61_44_31_BTagCSV_VBF_v4,26,hltBJetHbbVBF,HLT1CaloJet,86,80,0,1.53324,-0.162817,2.40065,0.390772
HLT_QuadPFJet78_61_44_31_BTagCSV_VBF_v4,26,hltBJetHbbVBF,HLT1CaloJet,86,81,0,1.48223,-4.01126,-2.27511,0.340298
HLT_QuadPFJet78_61_44_31_BTagCSV_VBF_v4,26,hltBJetHbbVBF,HLT1CaloJet,86,82,0,1.46917,-4.74104,-2.35064,0.440527
HLT_QuadPFJet78_61_44_31_BTagCSV_VBF_v4,26,hltBJetHbbVBF,HLT1CaloJet,86,83,0,1.46254,-4.88366,-1.1151,0.357934
HLT_QuadPFJet78_61_44_31_BTagCSV_VBF_v4,26,hltBJetHbbVBF,HLT1CaloJet,86,84,0,1.06116,4.98337,1.21081,0.24776
HLT_QuadPFJet78_61_44_31_BTagCSV_VBF_v4,26,hltBJetHbbVBF,HLT1CaloJet,86,85,0,0.911919,-4.99672,-2.99204,0.186658
HLT_QuadPFJet78_61_44_31_BTagCSV_VBF_v4,26,hltBJetHbbVBF,HLT1CaloJet,86,86,0,0.891696,4.11924,-2.76433,0.268971
HLT_QuadPFJet78_61_44_31_BTagCSV_VBF_v4,26,hltBJetHbbVBF,HLT1CaloJet,86,87,0,0.741308,-3.25563,-1.94409,0.168759
HLT_QuadPFJet78_61_44_31_BTagCSV_VBF_v4,26,hltBJetHbbVBF,HLT1CaloJet,86,88,0,0.631016,4.88437,-1.81762,0.167464
HLT_QuadPFJet78_61_44_31_BTagCSV_VBF_v4,26,hltBJetHbbVBF,HLT1CaloJet,86,89,0,0.504982,4.99707,-2.66108,0.10162
HLT_QuadPFJet78_61_44_31_BTagCSV_VBF_v4,26,hltBJetHbbVBF,HLT1CaloJet,86,90,0,0.00130642,2.77814,-3.07947,0.000393497
HLT_QuadPFJet78_61_44_31_BTagCSV_VBF_v4,26,hltBJetHbbVBF,HLT1CaloJet,86,91,0,0.000990367,2.86433,-0.441823,0.000309609
HLT_QuadPFJet78_61_44_31_BTagCSV_VBF_v4,26,hltBJetHbbVBF,HLT1CaloJet,86,92,0,0.000858612,-2.65507,-1.44006,0.000222855
HLT_QuadPFJet78_61_44_31_BTagCSV_VBF_v4,26,hltBJetHbbVBF,HLT1CaloJet,86,93,0,0.000778652,-3.44038,-3.12284,0.000199622
HLT_QuadPFJet78_61_44_31_BTagCSV_VBF_v4,26,hltBJetHbbVBF,HLT1CaloJet,86,94,0,0.000709952,-2.35194,1.01818,0.000157558
HLT_QuadPFJet78_61_44_31_BTagCSV_VBF_v4,26,hltBJetHbbVBF,HLT1CaloJet,86,95,0,0.000654029,0.165435,-1.22022,0.000103164
HLT_QuadPFJet78_61_44_31_BTagCSV_VBF_v4,26,hltBJetHbbVBF,HLT1CaloJet,86,96,0,0.000647048,0.843004,-0.921208,0.000149227
HLT_QuadPFJet78_61_44_31_BTagCSV_VBF_v4,26,hltBJetHbbVBF,HLT1CaloJet,86,97,0,0.000634688,-0.780837,-2.80228,0.000132362
HLT_QuadPFJet78_61_44_31_BTagCSV_VBF_v4,26,hltBJetHbbVBF,HLT1CaloJet,86,98,0,0.000628534,2.76207,1.06188,0.000151325
HLT_QuadPFJet78_61_44_31_BTagCSV_VBF_v4,26,hltBJetHbbVBF,HLT1CaloJet,86,99,0,0.000618517,-3.22505,0.534855,0.000152467
HLT_QuadPFJet78_61_44_31_BTagCSV_VBF_v4,26,hltBJetHbbVBF,HLT1CaloJet,86,100,0,0.000569635,-1.59985,-2.02845,0.000144311
HLT_QuadPFJet78_61_44_31_BTagCSV_VBF_v4,26,hltBJetHbbVBF,HLT1CaloJet,86,101,0,0.000566454,-1.63691,0.574579,0.000116947
HLT_QuadPFJet78_61_44_31_BTagCSV_VBF_v4,26,hltBJetHbbVBF,HLT1CaloJet,86,102,0,0.000522805,-3.27056,-0.281979,0.000136565
HLT_QuadPFJet78_61_44_31_BTagCSV_VBF_v4,26,hltBJetHbbVBF,HLT1CaloJet,86,103,0,0.000515313,0.272122,0.511903,0.000111467
HLT_QuadPFJet78_61_44_31_BTagCSV_VBF_v4,26,hltBJetHbbVBF,HLT1CaloJet,86,104,0,0.000504097,1.02109,-0.261865,0.000112705
HLT_QuadPFJet78_61_44_31_BTagCSV_VBF_v4,26,hltBJetHbbVBF,HLT1CaloJet,86,105,0,0.0004957,-0.367085,-0.754409,0.000114744
HLT_QuadPFJet78_61_44_31_BTagCSV_VBF_v4,26,hltBJetHbbVBF,HLT1CaloJet,86,106,0,0.000490228,1.0803,0.603794,8.34338e-05
HLT_QuadPFJet78_61_44_31_BTagCSV_VBF_v4,26,hltBJetHbbVBF,HLT1CaloJet,86,107,0,0.0004582,-3.21045,1.4018,7.01155e-05
HLT_QuadPFJet78_61_44_31_BTagCSV_VBF_v4,26,hltBJetHbbVBF,HLT1CaloJet,86,108,0,0.000434558,-0.383742,1.18548,0.000107228
HLT_QuadPFJet78_61_44_31_BTagCSV_VBF_v4,26,hltBJetHbbVBF,HLT1CaloJet,86,109,0,0.000388769,-2.23829,2.7309,8.45845e-05
HLT_QuadPFJet78_61_44_31_BTagCSV_VBF_v4,26,hltBJetHbbVBF,HLT1CaloJet,86,110,0,0.000387204,-3.40724,-1.05424,9.60551e-05
HLT_QuadPFJet78_61_44_31_BTagCSV_VBF_v4,26,hltBJetHbbVBF,HLT1CaloJet,86,111,0,0.000358548,-2.10224,-1.42688,8.73358e-05
HLT_QuadPFJet78_61_44_31_BTagCSV_VBF_v4,26,hltBJetHbbVBF,HLT1CaloJet,86,112,0,0.000357087,2.43971,2.49709,8.34581e-05
HLT_QuadPFJet78_61_44_31_BTagCSV_VBF_v4,26,hltBJetHbbVBF,HLT1CaloJet,86,113,0,0.000344448,3.31003,-1.86576,8.47372e-05
HLT_QuadPFJet78_61_44_31_BTagCSV_VBF_v4,26,hltBJetHbbVBF,HLT1CaloJet,86,114,0,0.000331032,-3.91974,0.834842,8.1768e-05
HLT_QuadPFJet78_61_44_31_BTagCSV_VBF_v4,26,hltBJetHbbVBF,HLT1CaloJet,86,115,0,0.000261761,-4.0442,-1.33548,6.09614e-05
HLT_QuadPFJet78_61_44_31_BTagCSV_VBF_v4,26,hltBJetHbbVBF,HLT1CaloJet,86,116,0,0.000253791,3.83371,-0.0488957,6.41414e-05
HLT_QuadPFJet78_61_44_31_BTagCSV_VBF_v4,26,hltBJetHbbVBF,HLT1CaloJet,86,117,0,0.000228524,2.88552,0.266368,3.42944e-05
HLT_QuadPFJet78_61_44_31_BTagCSV_VBF_v4,26,hltBJetHbbVBF,HLT1CaloJet,86,118,0,0.000228257,3.45691,3.11211,2.6027e-05
HLT_QuadPFJet78_61_44_31_BTagCSV_VBF_v4,26,hltBJetHbbVBF,HLT1CaloJet,86,119,0,0.000221815,-3.71195,2.23115,4.53914e-05
HLT_QuadPFJet78_61_44_31_BTagCSV_VBF_v4,26,hltBJetHbbVBF,HLT1CaloJet,86,120,0,0.000221034,3.01025,-2.50153,5.10418e-05
HLT_QuadPFJet78_61_44_31_BTagCSV_VBF_v4,26,hltBJetHbbVBF,HLT1CaloJet,86,121,0,0.000153555,-4.28421,-3.0451,2.83673e-05
HLT_QuadPFJet78_61_44_31_BTagCSV_VBF_v4,50,hltCSV0p6L25FilterHbbVBF,HLTCaloJetTag,86,42,0,127.524,1.42204,-1.87009,14.1744
HLT_QuadPFJet78_61_44_31_BTagCSV_VBF_v4,64,hltCSV0p8L3FilterHbbVBF,HLTCaloJetTag,86,42,0,127.524,1.42204,-1.87009,14.1744
HLT_QuadPFJet78_61_44_31_BTagCSV_VBF_v4,64,hltCSV0p8L3FilterHbbVBF,HLTCaloJetTag,86,44,0,82.3896,0.349833,1.75677,14.2559
HLT_QuadPFJet82_65_48_35_BTagCSV_VBF_v4,7,hltL1sL1TripleJet644424VBFORTripleJet644828VBFORTripleJet684832VBF,HLTLevel1GTSeed,-84,200,0,132,1.566,-1.74533,0
HLT_QuadPFJet82_65_48_35_BTagCSV_VBF_v4,7,hltL1sL1TripleJet644424VBFORTripleJet644828VBFORTripleJet684832VBF,HLTLevel1GTSeed,-84,201,0,84,0.5215,1.74533,0
HLT_QuadPFJet82_65_48_35_BTagCSV_VBF_v4,7,hltL1sL1TripleJet644424VBFORTripleJet644828VBFORTripleJet684832VBF,HLTLevel1GTSeed,-86,202,0,108,-0.8695,2.0944,0
HLT_QuadPFJet82_65_48_35_BTagCSV_VBF_v4,7,hltL1sL1TripleJet644424VBFORTripleJet644828VBFORTripleJet684832VBF,HLTLevel1GTSeed,-86,203,0,48,-2.586,-0.349066,0
HLT_QuadPFJet82_65_48_35_BTagCSV_VBF_v4,7,hltL1sL1TripleJet644424VBFORTripleJet644828VBFORTripleJet684832VBF,HLTLevel1GTSeed,-86,204,0,40,-0.174,-2.0944,0
HLT_QuadPFJet82_65_48_35_BTagCSV_VBF_v4,21,hltL1FastJetSingle66HbbVBF,HLT1CaloJet,85,58,0,127.524,1.42204,-1.87009,14.1744
HLT_QuadPFJet82_65_48_35_BTagCSV_VBF_v4,21,hltL1FastJetSingle66HbbVBF,HLT1CaloJet,85,59,0,98.2244,-0.936585,1.9926,11.782
HLT_QuadPFJet82_65_48_35_BTagCSV_VBF_v4,21,hltL1FastJetSingle66HbbVBF,HLT1CaloJet,85,60,0,82.3896,0.349833,1.75677,14.2559
HLT_QuadPFJet82_65_48_35_BTagCSV_VBF_v4,22,hltL1FastJetDouble50HbbVBF,HLT1CaloJet,85,58,0,127.524,1.42204,-1.87009,14.1744
HLT_QuadPFJet82_65_48_35_BTagCSV_VBF_v4,22,hltL1FastJetDouble50HbbVBF,HLT1CaloJet,85,59,0,98.2244,-0.936585,1.9926,11.782
HLT_QuadPFJet82_65_48_35_BTagCSV_VBF_v4,22,hltL1FastJetDouble50HbbVBF,HLT1CaloJet,85,60,0,82.3896,0.349833,1.75677,14.2559
HLT_QuadPFJet82_65_48_35_BTagCSV_VBF_v4,22,hltL1FastJetDouble50HbbVBF,HLT1CaloJet,85,61,0,55.4781,-2.50617,-0.359408,11.9051
HLT_QuadPFJet82_65_48_35_BTagCSV_VBF_v4,23,hltL1FastJetTriple30HbbVBF,HLT1CaloJet,85,58,0,127.524,1.42204,-1.87009,14.1744
HLT_QuadPFJet82_65_48_35_BTagCSV_VBF_v4,23,hltL1FastJetTriple30HbbVBF,HLT1CaloJet,85,59,0,98.2244,-0.936585,1.9926,11.782
HLT_QuadPFJet82_65_48_35_BTagCSV_VBF_v4,23,hltL1FastJetTriple30HbbVBF,HLT1CaloJet,85,60,0,82.3896,0.349833,1.75677,14.2559
HLT_QuadPFJet82_65_48_35_BTagCSV_VBF_v4,23,hltL1FastJetTriple30HbbVBF,HLT1CaloJet,85,61,0,55.4781,-2.50617,-0.359408,11.9051
HLT_QuadPFJet82_65_48_35_BTagCSV_VBF_v4,23,hltL1FastJetTriple30HbbVBF,HLT1CaloJet,85,62,0,40.6828,-0.169835,-2.04394,4.42298
HLT_QuadPFJet82_65_48_35_BTagCSV_VBF_v4,24,hltL1FastJetQuad22HbbVBF,HLT1CaloJet,85,58,0,127.524,1.42204,-1.87009,14.1744
HLT_QuadPFJet82_65_48_35_BTagCSV_VBF_v4,24,hltL1FastJetQuad22HbbVBF,HLT1CaloJet,85,59,0,98.2244,-0.936585,1.9926,11.782
HLT_QuadPFJet82_65_48_35_BTagCSV_VBF_v4,24,hltL1FastJetQuad22HbbVBF,HLT1CaloJet,85,60,0,82.3896,0.349833,1.75677,14.2559
HLT_QuadPFJet82_65_48_35_BTagCSV_VBF_v4,24,hltL1FastJetQuad22HbbVBF,HLT1CaloJet,85,61,0,55.4781,-2.50617,-0.359408,11.9051
HLT_QuadPFJet82_65_48_35_BTagCSV_VBF_v4,24,hltL1FastJetQuad22HbbVBF,HLT1CaloJet,85,62,0,40.6828,-0.169835,-2.04394,4.42298
HLT_QuadPFJet82_65_48_35_BTagCSV_VBF_v4,26,hltBJetHbbVBF,HLT1CaloJet,86,58,0,127.524,1.42204,-1.87009,14.1744
HLT_QuadPFJet82_65_48_35_BTagCSV_VBF_v4,26,hltBJetHbbVBF,HLT1CaloJet,86,59,0,98.2244,-0.936585,1.9926,11.782
HLT_QuadPFJet82_65_48_35_BTagCSV_VBF_v4,26,hltBJetHbbVBF,HLT1CaloJet,86,60,0,82.3896,0.349833,1.75677,14.2559
HLT_QuadPFJet82_65_48_35_BTagCSV_VBF_v4,26,hltBJetHbbVBF,HLT1CaloJet,86,61,0,55.4781,-2.50617,-0.359408,11.9051
HLT_QuadPFJet82_65_48_35_BTagCSV_VBF_v4,26,hltBJetHbbVBF,HLT1CaloJet,86,62,0,40.6828,-0.169835,-2.04394,4.42298
HLT_QuadPFJet82_65_48_35_BTagCSV_VBF_v4,26,hltBJetHbbVBF,HLT1CaloJet,86,63,0,12.4713,-1.66856,-0.506974,2.28246
HLT_QuadPFJet82_65_48_35_BTagCSV_VBF_v4,26,hltBJetHbbVBF,HLT1CaloJet,86,64,0,9.1171,-0.0845562,-0.144485,2.16361
HLT_QuadPFJet82_65_48_35_BTagCSV_VBF_v4,26,hltBJetHbbVBF,HLT1CaloJet,86,65,0,7.69739,3.38649,-1.12387,2.41841
HLT_QuadPFJet82_65_48_35_BTagCSV_VBF_v4,26,hltBJetHbbVBF,HLT1CaloJet,86,66,0,7.34989,3.87443,2.56794,2.53126
HLT_QuadPFJet82_65_48_35_BTagCSV_VBF_v4,26,hltBJetHbbVBF,HLT1CaloJet,86,67,0,7.10973,3.46539,1.22097,1.97942
HLT_QuadPFJet82_65_48_35_BTagCSV_VBF_v4,26,hltBJetHbbVBF,HLT1CaloJet,86,68,0,5.9643,0.92947,2.23298,1.22948
HLT_QuadPFJet82_65_48_35_BTagCSV_VBF_v4,26,hltBJetHbbVBF,HLT1CaloJet,86,69,0,5.91762,4.95153,-1.00226,1.72914
HLT_QuadPFJet82_65_48_35_BTagCSV_VBF_v4,26,hltBJetHbbVBF,HLT1CaloJet,86,70,0,5.088,4.00214,-1.80503,1.62577
HLT_QuadPFJet82_65_48_35_BTagCSV_VBF_v4,26,hltBJetHbbVBF,HLT1CaloJet,86,71,0,4.88271,-2.03692,-2.96746,1.17633
HLT_QuadPFJet82_65_48_35_BTagCSV_VBF_v4,26,hltBJetHbbVBF,HLT1CaloJet,86,72,0,4.2875,0.183306,-2.77775,1.02208
HLT_QuadPFJet82_65_48_35_BTagCSV_VBF_v4,26,hltBJetHbbVBF,HLT1CaloJet,86,73,0,3.77672,5.02614,2.71221,0.955541
HLT_QuadPFJet82_65_48_35_BTagCSV_VBF_v4,26,hltBJetHbbVBF,HLT1CaloJet,86,74,0,3.7408,2.23288,-2.68993,0.625971
HLT_QuadPFJet82_65_48_35_BTagCSV_VBF_v4,26,hltBJetHbbVBF,HLT1CaloJet,86,75,0,2.75154,2.58222,-1.96962,0.778568
HLT_QuadPFJet82_65_48_35_BTagCSV_VBF_v4,26,hltBJetHbbVBF,HLT1CaloJet,86,76,0,2.18473,4.09639,-1.06957,0.498754
HLT_QuadPFJet82_65_48_35_BTagCSV_VBF_v4,26,hltBJetHbbVBF,HLT1CaloJet,86,77,0,2.05576,3.48802,0.507584,0.606116
HLT_QuadPFJet82_65_48_35_BTagCSV_VBF_v4,26,hltBJetHbbVBF,HLT1CaloJet,86,78,0,1.73342,-4.55896,1.23433,0.507161
HLT_QuadPFJet82_65_48_35_BTagCSV_VBF_v4,26,hltBJetHbbVBF,HLT1CaloJet,86,79,0,1.61506,4.32779,-0.417572,0.446264
HLT_QuadPFJet82_65_48_35_BTagCSV_VBF_v4,26,hltBJetHbbVBF,HLT1CaloJet,86,80,0,1.53324,-0.162817,2.40065,0.390772
HLT_QuadPFJet82_65_48_35_BTagCSV_VBF_v4,26,hltBJetHbbVBF,HLT1CaloJet,86,81,0,1.48223,-4.01126,-2.27511,0.340298
HLT_QuadPFJet82_65_48_35_BTagCSV_VBF_v4,26,hltBJetHbbVBF,HLT1CaloJet,86,82,0,1.46917,-4.74104,-2.35064,0.440527
HLT_QuadPFJet82_65_48_35_BTagCSV_VBF_v4,26,hltBJetHbbVBF,HLT1CaloJet,86,83,0,1.46254,-4.88366,-1.1151,0.357934
HLT_QuadPFJet82_65_48_35_BTagCSV_VBF_v4,26,hltBJetHbbVBF,HLT1CaloJet,86,84,0,1.06116,4.98337,1.21081,0.24776
HLT_QuadPFJet82_65_48_35_BTagCSV_VBF_v4,26,hltBJetHbbVBF,HLT1CaloJet,86,85,0,0.911919,-4.99672,-2.99204,0.186658
HLT_QuadPFJet82_65_48_35_BTagCSV_VBF_v4,26,hltBJetHbbVBF,HLT1CaloJet,86,86,0,0.891696,4.11924,-2.76433,0.268971
HLT_QuadPFJet82_65_48_35_BTagCSV_VBF_v4,26,hltBJetHbbVBF,HLT1CaloJet,86,87,0,0.741308,-3.25563,-1.94409,0.168759
HLT_QuadPFJet82_65_48_35_BTagCSV_VBF_v4,26,hltBJetHbbVBF,HLT1CaloJet,86,88,0,0.631016,4.88437,-1.81762,0.167464
HLT_QuadPFJet82_65_48_35_BTagCSV_VBF_v4,26,hltBJetHbbVBF,HLT1CaloJet,86,89,0,0.504982,4.99707,-2.66108,0.10162
HLT_QuadPFJet82_65_48_35_BTagCSV_VBF_v4,26,hltBJetHbbVBF,HLT1CaloJet,86,90,0,0.00130642,2.77814,-3.07947,0.000393497
HLT_QuadPFJet82_65_48_35_BTagCSV_VBF_v4,26,hltBJetHbbVBF,HLT1CaloJet,86,91,0,0.000990367,2.86433,-0.441823,0.000309609
HLT_QuadPFJet82_65_48_35_BTagCSV_VBF_v4,26,hltBJetHbbVBF,HLT1CaloJet,86,92,0,0.000858612,-2.65507,-1.44006,0.000222855
HLT_QuadPFJet82_65_48_35_BTagCSV_VBF_v4,26,hltBJetHbbVBF,HLT1CaloJet,86,93,0,0.000778652,-3.44038,-3.12284,0.000199622
HLT_QuadPFJet82_65_48_35_BTagCSV_VBF_v4,26,hltBJetHbbVBF,HLT1CaloJet,86,94,0,0.000709952,-2.35194,1.01818,0.000157558
HLT_QuadPFJet82_65_48_35_BTagCSV_VBF_v4,26,hltBJetHbbVBF,HLT1CaloJet,86,95,0,0.000654029,0.165435,-1.22022,0.000103164
HLT_QuadPFJet82_65_48_35_BTagCSV_VBF_v4,26,hltBJetHbbVBF,HLT1CaloJet,86,96,0,0.000647048,0.843004,-0.921208,0.000149227
HLT_QuadPFJet82_65_48_35_BTagCSV_VBF_v4,26,hltBJetHbbVBF,HLT1CaloJet,86,97,0,0.000634688,-0.780837,-2.80228,0.000132362
HLT_QuadPFJet82_65_48_35_BTagCSV_VBF_v4,26,hltBJetHbbVBF,HLT1CaloJet,86,98,0,0.000628534,2.76207,1.06188,0.000151325
HLT_QuadPFJet82_65_48_35_BTagCSV_VBF_v4,26,hltBJetHbbVBF,HLT1CaloJet,86,99,0,0.000618517,-3.22505,0.534855,0.000152467
HLT_QuadPFJet82_65_48_35_BTagCSV_VBF_v4,26,hltBJetHbbVBF,HLT1CaloJet,86,100,0,0.000569635,-1.59985,-2.02845,0.000144311
HLT_QuadPFJet82_65_48_35_BTagCSV_VBF_v4,26,hltBJetHbbVBF,HLT1CaloJet,86,101,0,0.000566454,-1.63691,0.574579,0.000116947
HLT_QuadPFJet82_65_48_35_BTagCSV_VBF_v4,26,hltBJetHbbVBF,HLT1CaloJet,86,102,0,0.000522805,-3.27056,-0.281979,0.000136565
HLT_QuadPFJet82_65_48_35_BTagCSV_VBF_v4,26,hltBJetHbbVBF,HLT1CaloJet,86,103,0,0.000515313,0.272122,0.511903,0.000111467
HLT_QuadPFJet82_65_48_35_BTagCSV_VBF_v4,26,hltBJetHbbVBF,HLT1CaloJet,86,104,0,0.000504097,1.02109,-0.261865,0.000112705
HLT_QuadPFJet82_65_48_35_BTagCSV_VBF_v4,26,hltBJetHbbVBF,HLT1CaloJet,86,105,0,0.0004957,-0.367085,-0.754409,0.000114744
HLT_QuadPFJet82_65_48_35_BTagCSV_VBF_v4,26,hltBJetHbbVBF,HLT1CaloJet,86,106,0,0.000490228,1.0803,0.603794,8.34338e-05
HLT_QuadPFJet82_65_48_35_BTagCSV_VBF_v4,26,hltBJetHbbVBF,HLT1CaloJet,86,107,0,0.0004582,-3.21045,1.4018,7.01155e-05
HLT_QuadPFJet82_65_48_35_BTagCSV_VBF_v4,26,hltBJetHbbVBF,HLT1CaloJet,86,108,0,0.000434558,-0.383742,1.18548,0.000107228
HLT_QuadPFJet82_65_48_35_BTagCSV_VBF_v4,26,hltBJetHbbVBF,HLT1CaloJet,86,109,0,0.000388769,-2.23829,2.7309,8.45845e-05
HLT_QuadPFJet82_65_48_35_BTagCSV_VBF_v4,26,hltBJetHbbVBF,HLT1CaloJet,86,110,0,0.000387204,-3.40724,-1.05424,9.60551e-05
HLT_QuadPFJet82_65_48_35_BTagCSV_VBF_v4,26,hltBJetHbbVBF,HLT1CaloJet,86,111,0,0.000358548,-2.10224,-1.42688,8.73358e-05
HLT_QuadPFJet82_65_48_35_BTagCSV_VBF_v4,26,hltBJetHbbVBF,HLT1CaloJet,86,112,0,0.000357087,2.43971,2.49709,8.34581e-05
HLT_QuadPFJet82_65_48_35_BTagCSV_VBF_v4,26,hltBJetHbbVBF,HLT1CaloJet,86,113,0,0.000344448,3.31003,-1.86576,8.47372e-05
HLT_QuadPFJet82_65_48_35_BTagCSV_VBF_v4,26,hltBJetHbbVBF,HLT1CaloJet,86,114,0,0.000331032,-3.91974,0.834842,8.1768e-05
HLT_QuadPFJet82_65_48_35_BTagCSV_VBF_v4,26,hltBJetHbbVBF,HLT1CaloJet,86,115,0,0.000261761,-4.0442,-1.33548,6.09614e-05
HLT_QuadPFJet82_65_48_35_BTagCSV_VBF_v4,26,hltBJetHbbVBF,HLT1CaloJet,86,116,0,0.000253791,3.83371,-0.0488957,6.41414e-05
HLT_QuadPFJet82_65_48_35_BTagCSV_VBF_v4,26,hltBJetHbbVBF,HLT1CaloJet,86,117,0,0.000228524,2.88552,0.266368,3.42944e-05
HLT_QuadPFJet82_65_48_35_BTagCSV_VBF_v4,26,hltBJetHbbVBF,HLT1CaloJet,86,118,0,0.000228257,3.45691,3.11211,2.6027e-05
HLT_QuadPFJet82_65_48_35_BTagCSV_VBF_v4,26,hltBJetHbbVBF,HLT1CaloJet,86,119,0,0.000221815,-3.71195,2.23115,4.53914e-05
HLT_QuadPFJet82_65_48_35_BTagCSV_VBF_v4,26,hltBJetHbbVBF,HLT1CaloJet,86,120,0,0.000221034,3.01025,-2.50153,5.10418e-05
HLT_QuadPFJet82_65_48_35_BTagCSV_VBF_v4,26,hltBJetHbbVBF,HLT1CaloJet,86,121,0,0.000153555,-4.28421,-3.0451,2.83673e-05
HLT_QuadPFJet82_65_48_35_BTagCSV_VBF_v4,50,hltCSV0p6L25FilterHbbVBF,HLTCaloJetTag,86,42,0,127.524,1.42204,-1.87009,14.1744
HLT_QuadPFJet82_65_48_35_BTagCSV_VBF_v4,64,hltCSV0p8L3FilterHbbVBF,HLTCaloJetTag,86,42,0,127.524,1.42204,-1.87009,14.1744
HLT_QuadPFJet82_65_48_35_BTagCSV_VBF_v4,64,hltCSV0p8L3FilterHbbVBF,HLTCaloJetTag,86,44,0,82.3896,0.349833,1.75677,14.2559
HLT_SixJet35_v6,7,hltL1sL1HTT150OrHTT175OrHTT200,HLTLevel1GTSeed,-89,208,-89,246,0,0,0
HLT_SixJet45_v6,7,hltL1sL1HTT150OrHTT175OrHTT200,HLTLevel1GTSeed,-89,208,-89,246,0,0,0
HLT_SixJet45_v6,21,hltExaJet45L1FastJet,HLT1CaloJet,85,58,0,127.524,1.42204,-1.87009,14.1744
HLT_SixJet45_v6,21,hltExaJet45L1FastJet,HLT1CaloJet,85,59,0,98.2244,-0.936585,1.9926,11.782
HLT_SixJet45_v6,21,hltExaJet45L1FastJet,HLT1CaloJet,85,60,0,82.3896,0.349833,1.75677,14.2559
HLT_SixJet45_v6,21,hltExaJet45L1FastJet,HLT1CaloJet,85,61,0,55.4781,-2.50617,-0.359408,11.9051
HLT_SixJet50_v6,7,hltL1sL1HTT150OrHTT175OrHTT200,HLTLevel1GTSeed,-89,208,-89,246,0,0,0
HLT_SixJet50_v6,21,hltExaJet50L1FastJet,HLT1CaloJet,85,58,0,127.524,1.42204,-1.87009,14.1744
HLT_SixJet50_v6,21,hltExaJet50L1FastJet,HLT1CaloJet,85,59,0,98.2244,-0.936585,1.9926,11.782
HLT_SixJet50_v6,21,hltExaJet50L1FastJet,HLT1CaloJet,85,60,0,82.3896,0.349833,1.75677,14.2559
HLT_SixJet50_v6,21,hltExaJet50L1FastJet,HLT1CaloJet,85,61,0,55.4781,-2.50617,-0.359408,11.9051
HLT_EightJet30_eta3p0_v5,7,hltL1sL1HTT150OrHTT175OrHTT200,HLTLevel1GTSeed,-89,208,-89,246,0,0,0
HLT_EightJet30_eta3p0_v5,21,hltEightJet30eta3p0L1FastJet,HLT1CaloJet,85,58,0,127.524,1.42204,-1.87009,14.1744
HLT_EightJet30_eta3p0_v5,21,hltEightJet30eta3p0L1FastJet,HLT1CaloJet,85,59,0,98.2244,-0.936585,1.9926,11.782
HLT_EightJet30_eta3p0_v5,21,hltEightJet30eta3p0L1FastJet,HLT1CaloJet,85,60,0,82.3896,0.349833,1.75677,14.2559
HLT_EightJet30_eta3p0_v5,21,hltEightJet30eta3p0L1FastJet,HLT1CaloJet,85,61,0,55.4781,-2.50617,-0.359408,11.9051
HLT_EightJet30_eta3p0_v5,21,hltEightJet30eta3p0L1FastJet,HLT1CaloJet,85,62,0,40.6828,-0.169835,-2.04394,4.42298
HLT_EightJet35_eta3p0_v5,7,hltL1sL1HTT150OrHTT175OrHTT200,HLTLevel1GTSeed,-89,208,-89,246,0,0,0
HLT_EightJet35_eta3p0_v5,21,hltEightJet35eta3p0L1FastJet,HLT1CaloJet,85,58,0,127.524,1.42204,-1.87009,14.1744
HLT_EightJet35_eta3p0_v5,21,hltEightJet35eta3p0L1FastJet,HLT1CaloJet,85,59,0,98.2244,-0.936585,1.9926,11.782
HLT_EightJet35_eta3p0_v5,21,hltEightJet35eta3p0L1FastJet,HLT1CaloJet,85,60,0,82.3896,0.349833,1.75677,14.2559
HLT_EightJet35_eta3p0_v5,21,hltEightJet35eta3p0L1FastJet,HLT1CaloJet,85,61,0,55.4781,-2.50617,-0.359408,11.9051
HLT_EightJet35_eta3p0_v5,21,hltEightJet35eta3p0L1FastJet,HLT1CaloJet,85,62,0,40.6828,-0.169835,-2.04394,4.42298
HLT_ExclDiJet80_HFAND_v4,7,hltL1sL1DoubleJetC56orL1DoubleJetC64,HLTLevel1GTSeed,-84,200,0,132,1.566,-1.74533,0
HLT_ExclDiJet80_HFAND_v4,7,hltL1sL1DoubleJetC56orL1DoubleJetC64,HLTLevel1GTSeed,-84,201,0,84,0.5215,1.74533,0
HLT_ExclDiJet80_HFAND_v4,7,hltL1sL1DoubleJetC56orL1DoubleJetC64,HLTLevel1GTSeed,-86,202,0,108,-0.8695,2.0944,0
HLT_HT200_AlphaT0p57_v8,7,hltL1sL1DoubleJetC64ORDoubleJetC56ORDoubleJetC52,HLTLevel1GTSeed,-84,200,0,132,1.566,-1.74533,0
HLT_HT200_AlphaT0p57_v8,7,hltL1sL1DoubleJetC64ORDoubleJetC56ORDoubleJetC52,HLTLevel1GTSeed,-84,201,0,84,0.5215,1.74533,0
HLT_HT200_AlphaT0p57_v8,7,hltL1sL1DoubleJetC64ORDoubleJetC56ORDoubleJetC52,HLTLevel1GTSeed,-86,202,0,108,-0.8695,2.0944,0
HLT_HT200_v6,7,hltL1sL1DoubleJetC64ORDoubleJetC56ORDoubleJetC52,HLTLevel1GTSeed,-84,200,0,132,1.566,-1.74533,0
HLT_HT200_v6,7,hltL1sL1DoubleJetC64ORDoubleJetC56ORDoubleJetC52,HLTLevel1GTSeed,-84,201,0,84,0.5215,1.74533,0
HLT_HT200_v6,7,hltL1sL1DoubleJetC64ORDoubleJetC56ORDoubleJetC52,HLTLevel1GTSeed,-86,202,0,108,-0.8695,2.0944,0
HLT_HT250_AlphaT0p55_v8,7,hltL1sL1HTT150OrHTT175OrHTT200OrDoubleJetC56OrSingleJet128,HLTLevel1GTSeed,-84,200,0,132,1.566,-1.74533,0
HLT_HT250_AlphaT0p55_v8,7,hltL1sL1HTT150OrHTT175OrHTT200OrDoubleJetC56OrSingleJet128,HLTLevel1GTSeed,-84,201,0,84,0.5215,1.74533,0
HLT_HT250_AlphaT0p55_v8,7,hltL1sL1HTT150OrHTT175OrHTT200OrDoubleJetC56OrSingleJet128,HLTLevel1GTSeed,-86,202,0,108,-0.8695,2.0944,0
HLT_HT250_AlphaT0p55_v8,7,hltL1sL1HTT150OrHTT175OrHTT200OrDoubleJetC56OrSingleJet128,HLTLevel1GTSeed,-89,208,-89,246,0,0,0
HLT_HT250_AlphaT0p57_v8,7,hltL1sL1HTT150OrHTT175OrHTT200OrDoubleJetC56OrSingleJet128,HLTLevel1GTSeed,-84,200,0,132,1.566,-1.74533,0
HLT_HT250_AlphaT0p57_v8,7,hltL1sL1HTT150OrHTT175OrHTT200OrDoubleJetC56OrSingleJet128,HLTLevel1GTSeed,-84,201,0,84,0.5215,1.74533,0
HLT_HT250_AlphaT0p57_v8,7,hltL1sL1HTT150OrHTT175OrHTT200OrDoubleJetC56OrSingleJet128,HLTLevel1GTSeed,-86,202,0,108,-0.8695,2.0944,0
HLT_HT250_AlphaT0p57_v8,7,hltL1sL1HTT150OrHTT175OrHTT200OrDoubleJetC56OrSingleJet128,HLTLevel1GTSeed,-89,208,-89,246,0,0,0
HLT_HT250_v7,7,hltL1sL1HTT150OrHTT175OrHTT200OrDoubleJetC56OrSingleJet128,HLTLevel1GTSeed,-84,200,0,132,1.566,-1.74533,0
HLT_HT250_v7,7,hltL1sL1HTT150OrHTT175OrHTT200OrDoubleJetC56OrSingleJet128,HLTLevel1GTSeed,-84,201,0,84,0.5215,1.74533,0
HLT_HT250_v7,7,hltL1sL1HTT150OrHTT175OrHTT200OrDoubleJetC56OrSingleJet128,HLTLevel1GTSeed,-86,202,0,108,-0.8695,2.0944,0
HLT_HT250_v7,7,hltL1sL1HTT150OrHTT175OrHTT200OrDoubleJetC56OrSingleJet128,HLTLevel1GTSeed,-89,208,-89,246,0,0,0
HLT_HT300_AlphaT0p53_v8,7,hltL1sL1HTT150OrHTT175OrHTT200OrDoubleJetC56OrSingleJet128,HLTLevel1GTSeed,-84,200,0,132,1.566,-1.74533,0
HLT_HT300_AlphaT0p53_v8,7,hltL1sL1HTT150OrHTT175OrHTT200OrDoubleJetC56OrSingleJet128,HLTLevel1GTSeed,-84,201,0,84,0.5215,1.74533,0
HLT_HT300_AlphaT0p53_v8,7,hltL1sL1HTT150OrHTT175OrHTT200OrDoubleJetC56OrSingleJet128,HLTLevel1GTSeed,-86,202,0,108,-0.8695,2.0944,0
HLT_HT300_AlphaT0p53_v8,7,hltL1sL1HTT150OrHTT175OrHTT200OrDoubleJetC56OrSingleJet128,HLTLevel1GTSeed,-89,208,-89,246,0,0,0
HLT_HT300_AlphaT0p54_v14,7,hltL1sL1HTT150OrHTT175OrHTT200OrDoubleJetC56OrSingleJet128,HLTLevel1GTSeed,-84,200,0,132,1.566,-1.74533,0
HLT_HT300_AlphaT0p54_v14,7,hltL1sL1HTT150OrHTT175OrHTT200OrDoubleJetC56OrSingleJet128,HLTLevel1GTSeed,-84,201,0,84,0.5215,1.74533,0
HLT_HT300_AlphaT0p54_v14,7,hltL1sL1HTT150OrHTT175OrHTT200OrDoubleJetC56OrSingleJet128,HLTLevel1GTSeed,-86,202,0,108,-0.8695,2.0944,0
HLT_HT300_AlphaT0p54_v14,7,hltL1sL1HTT150OrHTT175OrHTT200OrDoubleJetC56OrSingleJet128,HLTLevel1GTSeed,-89,208,-89,246,0,0,0
HLT_HT300_v7,7,hltL1sL1HTT150OrHTT175OrHTT200OrDoubleJetC56OrSingleJet128,HLTLevel1GTSeed,-84,200,0,132,1.566,-1.74533,0
HLT_HT300_v7,7,hltL1sL1HTT150OrHTT175OrHTT200OrDoubleJetC56OrSingleJet128,HLTLevel1GTSeed,-84,201,0,84,0.5215,1.74533,0
HLT_HT300_v7,7,hltL1sL1HTT150OrHTT175OrHTT200OrDoubleJetC56OrSingleJet128,HLTLevel1GTSeed,-86,202,0,108,-0.8695,2.0944,0
HLT_HT300_v7,7,hltL1sL1HTT150OrHTT175OrHTT200OrDoubleJetC56OrSingleJet128,HLTLevel1GTSeed,-89,208,-89,246,0,0,0
HLT_HT300_DoubleDisplacedPFJet60_v9,7,hltL1sL1HTT150OrHTT175OrHTT200,HLTLevel1GTSeed,-89,208,-89,246,0,0,0
HLT_HT300_DoubleDisplacedPFJet60_v9,50,hlt2DisplacedHT300L1FastJetL3Filter,HLTCaloJetTag,0,35,0,127.524,1.42204,-1.87009,14.1744
HLT_HT300_DoubleDisplacedPFJet60_ChgFraction10_v9,7,hltL1sL1HTT150OrHTT175OrHTT200,HLTLevel1GTSeed,-89,208,-89,246,0,0,0
HLT_HT300_DoubleDisplacedPFJet60_ChgFraction10_v9,50,hlt2DisplacedHT300L1FastJetL3Filter,HLTCaloJetTag,0,35,0,127.524,1.42204,-1.87009,14.1744
HLT_HT300_SingleDisplacedPFJet60_v9,7,hltL1sL1HTT150OrHTT175OrHTT200,HLTLevel1GTSeed,-89,208,-89,246,0,0,0
HLT_HT300_SingleDisplacedPFJet60_ChgFraction10_v9,7,hltL1sL1HTT150OrHTT175OrHTT200,HLTLevel1GTSeed,-89,208,-89,246,0,0,0
HLT_HT350_v7,7,hltL1sL1HTT150OrHTT175OrHTT200OrDoubleJetC56OrSingleJet128,HLTLevel1GTSeed,-84,200,0,132,1.566,-1.74533,0
HLT_HT350_v7,7,hltL1sL1HTT150OrHTT175OrHTT200OrDoubleJetC56OrSingleJet128,HLTLevel1GTSeed,-84,201,0,84,0.5215,1.74533,0
HLT_HT350_v7,7,hltL1sL1HTT150OrHTT175OrHTT200OrDoubleJetC56OrSingleJet128,HLTLevel1GTSeed,-86,202,0,108,-0.8695,2.0944,0
HLT_HT350_v7,7,hltL1sL1HTT150OrHTT175OrHTT200OrDoubleJetC56OrSingleJet128,HLTLevel1GTSeed,-89,208,-89,246,0,0,0
HLT_HT350_AlphaT0p52_v8,7,hltL1sL1HTT150OrHTT175OrHTT200OrDoubleJetC56OrSingleJet128,HLTLevel1GTSeed,-84,200,0,132,1.566,-1.74533,0
HLT_HT350_AlphaT0p52_v8,7,hltL1sL1HTT150OrHTT175OrHTT200OrDoubleJetC56OrSingleJet128,HLTLevel1GTSeed,-84,201,0,84,0.5215,1.74533,0
HLT_HT350_AlphaT0p52_v8,7,hltL1sL1HTT150OrHTT175OrHTT200OrDoubleJetC56OrSingleJet128,HLTLevel1GTSeed,-86,202,0,108,-0.8695,2.0944,0
HLT_HT350_AlphaT0p52_v8,7,hltL1sL1HTT150OrHTT175OrHTT200OrDoubleJetC56OrSingleJet128,HLTLevel1GTSeed,-89,208,-89,246,0,0,0
HLT_HT350_AlphaT0p53_v19,7,hltL1sL1HTT150OrHTT175OrHTT200OrDoubleJetC56OrSingleJet128,HLTLevel1GTSeed,-84,200,0,132,1.566,-1.74533,0
HLT_HT350_AlphaT0p53_v19,7,hltL1sL1HTT150OrHTT175OrHTT200OrDoubleJetC56OrSingleJet128,HLTLevel1GTSeed,-84,201,0,84,0.5215,1.74533,0
HLT_HT350_AlphaT0p53_v19,7,hltL1sL1HTT150OrHTT175OrHTT200OrDoubleJetC56OrSingleJet128,HLTLevel1GTSeed,-86,202,0,108,-0.8695,2.0944,0
HLT_HT350_AlphaT0p53_v19,7,hltL1sL1HTT150OrHTT175OrHTT200OrDoubleJetC56OrSingleJet128,HLTLevel1GTSeed,-89,208,-89,246,0,0,0
HLT_HT400_v7,7,hltL1sL1HTT150OrHTT175OrHTT200OrDoubleJetC56OrSingleJet128,HLTLevel1GTSeed,-84,200,0,132,1.566,-1.74533,0
HLT_HT400_v7,7,hltL1sL1HTT150OrHTT175OrHTT200OrDoubleJetC56OrSingleJet128,HLTLevel1GTSeed,-84,201,0,84,0.5215,1.74533,0
HLT_HT400_v7,7,hltL1sL1HTT150OrHTT175OrHTT200OrDoubleJetC56OrSingleJet128,HLTLevel1GTSeed,-86,202,0,108,-0.8695,2.0944,0
HLT_HT400_v7,7,hltL1sL1HTT150OrHTT175OrHTT200OrDoubleJetC56OrSingleJet128,HLTLevel1GTSeed,-89,208,-89,246,0,0,0
HLT_HT400_AlphaT0p51_v19,7,hltL1sL1HTT150OrHTT175OrHTT200OrDoubleJetC56OrSingleJet128,HLTLevel1GTSeed,-84,200,0,132,1.566,-1.74533,0
HLT_HT400_AlphaT0p51_v19,7,hltL1sL1HTT150OrHTT175OrHTT200OrDoubleJetC56OrSingleJet128,HLTLevel1GTSeed,-84,201,0,84,0.5215,1.74533,0
HLT_HT400_AlphaT0p51_v19,7,hltL1sL1HTT150OrHTT175OrHTT200OrDoubleJetC56OrSingleJet128,HLTLevel1GTSeed,-86,202,0,108,-0.8695,2.0944,0
HLT_HT400_AlphaT0p51_v19,7,hltL1sL1HTT150OrHTT175OrHTT200OrDoubleJetC56OrSingleJet128,HLTLevel1GTSeed,-89,208,-89,246,0,0,0
HLT_HT400_AlphaT0p52_v14,7,hltL1sL1HTT150OrHTT175OrHTT200OrDoubleJetC56OrSingleJet128,HLTLevel1GTSeed,-84,200,0,132,1.566,-1.74533,0
HLT_HT400_AlphaT0p52_v14,7,hltL1sL1HTT150OrHTT175OrHTT200OrDoubleJetC56OrSingleJet128,HLTLevel1GTSeed,-84,201,0,84,0.5215,1.74533,0
HLT_HT400_AlphaT0p52_v14,7,hltL1sL1HTT150OrHTT175OrHTT200OrDoubleJetC56OrSingleJet128,HLTLevel1GTSeed,-86,202,0,108,-0.8695,2.0944,0
HLT_HT400_AlphaT0p52_v14,7,hltL1sL1HTT150OrHTT175OrHTT200OrDoubleJetC56OrSingleJet128,HLTLevel1GTSeed,-89,208,-89,246,0,0,0
HLT_HT450_AlphaT0p51_v14,7,hltL1sL1HTT150OrHTT175OrHTT200OrDoubleJetC56OrSingleJet128,HLTLevel1GTSeed,-84,200,0,132,1.566,-1.74533,0
HLT_HT450_AlphaT0p51_v14,7,hltL1sL1HTT150OrHTT175OrHTT200OrDoubleJetC56OrSingleJet128,HLTLevel1GTSeed,-84,201,0,84,0.5215,1.74533,0
HLT_HT450_AlphaT0p51_v14,7,hltL1sL1HTT150OrHTT175OrHTT200OrDoubleJetC56OrSingleJet128,HLTLevel1GTSeed,-86,202,0,108,-0.8695,2.0944,0
HLT_HT450_AlphaT0p51_v14,7,hltL1sL1HTT150OrHTT175OrHTT200OrDoubleJetC56OrSingleJet128,HLTLevel1GTSeed,-89,208,-89,246,0,0,0
HLT_HT450_v7,7,hltL1sL1HTT150OrHTT175OrHTT200OrDoubleJetC56OrSingleJet128,HLTLevel1GTSeed,-84,200,0,132,1.566,-1.74533,0
HLT_HT450_v7,7,hltL1sL1HTT150OrHTT175OrHTT200OrDoubleJetC56OrSingleJet128,HLTLevel1GTSeed,-84,201,0,84,0.5215,1.74533,0
HLT_HT450_v7,7,hltL1sL1HTT150OrHTT175OrHTT200OrDoubleJetC56OrSingleJet128,HLTLevel1GTSeed,-86,202,0,108,-0.8695,2.0944,0
HLT_HT450_v7,7,hltL1sL1HTT150OrHTT175OrHTT200OrDoubleJetC56OrSingleJet128,HLTLevel1GTSeed,-89,208,-89,246,0,0,0
HLT_HT500_v7,7,hltL1sL1HTT150OrHTT175OrHTT200,HLTLevel1GTSeed,-89,208,-89,246,0,0,0
HLT_HT550_v7,7,hltL1sL1HTT150OrHTT175OrHTT200,HLTLevel1GTSeed,-89,208,-89,246,0,0,0
HLT_HT650_v7,7,hltL1sL1HTT150OrHTT175OrHTT200,HLTLevel1GTSeed,-89,208,-89,246,0,0,0
HLT_HT650_Track50_dEdx3p6_v10,7,hltL1sL1HTT150OrHTT175OrHTT200,HLTLevel1GTSeed,-89,208,-89,246,0,0,0
HLT_HT650_Track60_dEdx3p7_v10,7,hltL1sL1HTT150OrHTT175OrHTT200,HLTLevel1GTSeed,-89,208,-89,246,0,0,0
HLT_HT750_v7,7,hltL1sL1HTT150OrHTT175OrHTT200,HLTLevel1GTSeed,-89,208,-89,246,0,0,0
HLT_PFNoPUHT350_v3,7,hltL1sL1HTT150OrHTT175,HLTLevel1GTSeed,-89,208,-89,246,0,0,0
HLT_PFNoPUHT650_v3,7,hltL1sL1HTT150OrHTT175,HLTLevel1GTSeed,-89,208,-89,246,0,0,0
HLT_PFNoPUHT650_DiCentralPFNoPUJet80_CenPFNoPUJet40_v3,7,hltL1sL1HTT150OrHTT175,HLTLevel1GTSeed,-89,208,-89,246,0,0,0
HLT_PFNoPUHT700_v3,7,hltL1sL1HTT150OrHTT175,HLTLevel1GTSeed,-89,208,-89,246,0,0,0
HLT_PFNoPUHT750_v3,7,hltL1sL1HTT150OrHTT175,HLTLevel1GTSeed,-89,208,-89,246,0,0,0
HLT_PFMET150_v6,7,hltL1sL1ETM36ORETM40,HLTLevel1GTSeed,-87,205,0,45.5,0,0.0436332,0
HLT_PFMET180_v6,7,hltL1sL1ETM36ORETM40,HLTLevel1GTSeed,-87,205,0,45.5,0,0.0436332,0
HLT_DiCentralJetSumpT100_dPhi05_DiCentralPFJet60_25_PFMET100_HBHENoiseCleaned_v4,7,hltL1sL1ETM36OR40,HLTLevel1GTSeed,-87,205,0,45.5,0,0.0436332,0
HLT_DiCentralPFJet30_PFMET80_v5,7,hltL1sL1ETM36OR40,HLTLevel1GTSeed,-87,205,0,45.5,0,0.0436332,0
HLT_DiCentralPFNoPUJet50_PFMETORPFMETNoMu80_v3,7,hltL1sL1DoubleJetC36ETM30ORL1DoubleJetC44ETM44,HLTLevel1GTSeed,-84,200,0,132,1.566,-1.74533,0
HLT_DiCentralPFNoPUJet50_PFMETORPFMETNoMu80_v3,7,hltL1sL1DoubleJetC36ETM30ORL1DoubleJetC44ETM44,HLTLevel1GTSeed,-84,201,0,84,0.5215,1.74533,0
HLT_DiCentralPFNoPUJet50_PFMETORPFMETNoMu80_v3,7,hltL1sL1DoubleJetC36ETM30ORL1DoubleJetC44ETM44,HLTLevel1GTSeed,-86,202,0,108,-0.8695,2.0944,0
HLT_DiCentralPFNoPUJet50_PFMETORPFMETNoMu80_v3,7,hltL1sL1DoubleJetC36ETM30ORL1DoubleJetC44ETM44,HLTLevel1GTSeed,-86,203,0,48,-2.586,-0.349066,0
HLT_DiCentralPFNoPUJet50_PFMETORPFMETNoMu80_v3,7,hltL1sL1DoubleJetC36ETM30ORL1DoubleJetC44ETM44,HLTLevel1GTSeed,-86,204,0,40,-0.174,-2.0944,0
HLT_DiCentralPFNoPUJet50_PFMETORPFMETNoMu80_v3,7,hltL1sL1DoubleJetC36ETM30ORL1DoubleJetC44ETM44,HLTLevel1GTSeed,-87,205,0,45.5,0,0.0436332,0
HLT_DiCentralPFJet30_PFMET80_BTagCSV07_v4,7,hltL1sL1ETM36OR40,HLTLevel1GTSeed,-87,205,0,45.5,0,0.0436332,0
HLT_DiPFJet80_DiPFJet30_BTagCSVd07d05d03_v4,7,hltL1sL1DoubleJetC56orL1DoubleJetC64,HLTLevel1GTSeed,-84,200,0,132,1.566,-1.74533,0
HLT_DiPFJet80_DiPFJet30_BTagCSVd07d05d03_v4,7,hltL1sL1DoubleJetC56orL1DoubleJetC64,HLTLevel1GTSeed,-84,201,0,84,0.5215,1.74533,0
HLT_DiPFJet80_DiPFJet30_BTagCSVd07d05d03_v4,7,hltL1sL1DoubleJetC56orL1DoubleJetC64,HLTLevel1GTSeed,-86,202,0,108,-0.8695,2.0944,0
HLT_DiPFJet80_DiPFJet30_BTagCSVd07d05d03_v4,21,hltQuadJet25HbbZbb,HLT1CaloJet,85,58,0,127.524,1.42204,-1.87009,14.1744
HLT_DiPFJet80_DiPFJet30_BTagCSVd07d05d03_v4,21,hltQuadJet25HbbZbb,HLT1CaloJet,85,59,0,98.2244,-0.936585,1.9926,11.782
HLT_DiPFJet80_DiPFJet30_BTagCSVd07d05d03_v4,21,hltQuadJet25HbbZbb,HLT1CaloJet,85,60,0,82.3896,0.349833,1.75677,14.2559
HLT_DiPFJet80_DiPFJet30_BTagCSVd07d05d03_v4,21,hltQuadJet25HbbZbb,HLT1CaloJet,85,61,0,55.4781,-2.50617,-0.359408,11.9051
HLT_DiPFJet80_DiPFJet30_BTagCSVd07d05d03_v4,21,hltQuadJet25HbbZbb,HLT1CaloJet,85,62,0,40.6828,-0.169835,-2.04394,4.42298
HLT_DiPFJet80_DiPFJet30_BTagCSVd07d05d03_v4,22,hltDiJet75HbbZbb,HLT1CaloJet,85,58,0,127.524,1.42204,-1.87009,14.1744
HLT_DiPFJet80_DiPFJet30_BTagCSVd07d05d03_v4,22,hltDiJet75HbbZbb,HLT1CaloJet,85,59,0,98.2244,-0.936585,1.9926,11.782
HLT_DiPFJet80_DiPFJet30_BTagCSVd07d05d03_v4,22,hltDiJet75HbbZbb,HLT1CaloJet,85,60,0,82.3896,0.349833,1.75677,14.2559
HLT_DiPFJet80_DiPFJet30_BTagCSVd07d05d03_v4,49,hltSingleJetBLifetimeL3FilterHbbZbbCSV,HLTCaloJetTag,86,134,0,127.524,1.42204,-1.87009,14.1744
HLT_DiPFJet80_DiPFJet30_BTagCSVd07d05d03_v4,49,hltSingleJetBLifetimeL3FilterHbbZbbCSV,HLTCaloJetTag,86,136,0,82.3896,0.349833,1.75677,14.2559
HLT_DiPFJet80_DiPFJet30_BTagCSVd07d05d03_v4,50,hltDiJetBLifetimeL3FilterHbbZbbCSV,HLTCaloJetTag,86,134,0,127.524,1.42204,-1.87009,14.1744
HLT_DiPFJet80_DiPFJet30_BTagCSVd07d05d03_v4,50,hltDiJetBLifetimeL3FilterHbbZbbCSV,HLTCaloJetTag,86,135,0,98.2244,-0.936585,1.9926,11.782
HLT_DiPFJet80_DiPFJet30_BTagCSVd07d05d03_v4,50,hltDiJetBLifetimeL3FilterHbbZbbCSV,HLTCaloJetTag,86,136,0,82.3896,0.349833,1.75677,14.2559
HLT_DiPFJet80_DiPFJet30_BTagCSVd07d05d03_v4,51,hltTriJetBLifetimeL3FilterHbbZbbCSV,HLTCaloJetTag,86,134,0,127.524,1.42204,-1.87009,14.1744
HLT_DiPFJet80_DiPFJet30_BTagCSVd07d05d03_v4,51,hltTriJetBLifetimeL3FilterHbbZbbCSV,HLTCaloJetTag,86,135,0,98.2244,-0.936585,1.9926,11.782
HLT_DiPFJet80_DiPFJet30_BTagCSVd07d05d03_v4,51,hltTriJetBLifetimeL3FilterHbbZbbCSV,HLTCaloJetTag,86,136,0,82.3896,0.349833,1.75677,14.2559
HLT_DiPFJet80_DiPFJet30_BTagCSVd07d05d03_v4,175,hltDiPFJet80HbbZbb,HLT1PFJet,85,211,0,122.663,1.42761,-1.88157,15.0655
HLT_DiPFJet80_DiPFJet30_BTagCSVd07d05d03_v4,175,hltDiPFJet80HbbZbb,HLT1PFJet,85,212,0,85.5914,-0.913056,2.00159,11.55
HLT_DiPFJet80_DiPFJet30_BTagCSVd07d05d03_v4,176,hltQuadPFJet30HbbZbb,HLT1PFJet,85,211,0,122.663,1.42761,-1.88157,15.0655
HLT_DiPFJet80_DiPFJet30_BTagCSVd07d05d03_v4,176,hltQuadPFJet30HbbZbb,HLT1PFJet,85,212,0,85.5914,-0.913056,2.00159,11.55
HLT_DiPFJet80_DiPFJet30_BTagCSVd07d05d03_v4,176,hltQuadPFJet30HbbZbb,HLT1PFJet,85,213,0,67.2204,0.390179,1.75371,9.28543
HLT_DiPFJet80_DiPFJet30_BTagCSVd07d05d03_v4,176,hltQuadPFJet30HbbZbb,HLT1PFJet,85,214,0,55.0997,-2.51169,-0.351972,13.3182
HLT_DiPFJet80_DiPFJet30_BTagCSVd07d05d03_v4,176,hltQuadPFJet30HbbZbb,HLT1PFJet,85,215,0,46.3541,-0.143185,-2.07414,5.34498
HLT_DiPFJet80_DiPFJet30_BTagCSVd07d05d05_v4,7,hltL1sL1DoubleJetC56orL1DoubleJetC64,HLTLevel1GTSeed,-84,200,0,132,1.566,-1.74533,0
HLT_DiPFJet80_DiPFJet30_BTagCSVd07d05d05_v4,7,hltL1sL1DoubleJetC56orL1DoubleJetC64,HLTLevel1GTSeed,-84,201,0,84,0.5215,1.74533,0
HLT_DiPFJet80_DiPFJet30_BTagCSVd07d05d05_v4,7,hltL1sL1DoubleJetC56orL1DoubleJetC64,HLTLevel1GTSeed,-86,202,0,108,-0.8695,2.0944,0
HLT_DiPFJet80_DiPFJet30_BTagCSVd07d05d05_v4,21,hltQuadJet25HbbZbb,HLT1CaloJet,85,58,0,127.524,1.42204,-1.87009,14.1744
HLT_DiPFJet80_DiPFJet30_BTagCSVd07d05d05_v4,21,hltQuadJet25HbbZbb,HLT1CaloJet,85,59,0,98.2244,-0.936585,1.9926,11.782
HLT_DiPFJet80_DiPFJet30_BTagCSVd07d05d05_v4,21,hltQuadJet25HbbZbb,HLT1CaloJet,85,60,0,82.3896,0.349833,1.75677,14.2559
HLT_DiPFJet80_DiPFJet30_BTagCSVd07d05d05_v4,21,hltQuadJet25HbbZbb,HLT1CaloJet,85,61,0,55.4781,-2.50617,-0.359408,11.9051
HLT_DiPFJet80_DiPFJet30_BTagCSVd07d05d05_v4,21,hltQuadJet25HbbZbb,HLT1CaloJet,85,62,0,40.6828,-0.169835,-2.04394,4.42298
HLT_DiPFJet80_DiPFJet30_BTagCSVd07d05d05_v4,22,hltDiJet75HbbZbb,HLT1CaloJet,85,58,0,127.524,1.42204,-1.87009,14.1744
HLT_DiPFJet80_DiPFJet30_BTagCSVd07d05d05_v4,22,hltDiJet75HbbZbb,HLT1CaloJet,85,59,0,98.2244,-0.936585,1.9926,11.782
HLT_DiPFJet80_DiPFJet30_BTagCSVd07d05d05_v4,22,hltDiJet75HbbZbb,HLT1CaloJet,85,60,0,82.3896,0.349833,1.75677,14.2559
HLT_DiPFJet80_DiPFJet30_BTagCSVd07d05d05_v4,49,hltSingleJetBLifetimeL3FilterHbbZbbCSV,HLTCaloJetTag,86,134,0,127.524,1.42204,-1.87009,14.1744
HLT_DiPFJet80_DiPFJet30_BTagCSVd07d05d05_v4,49,hltSingleJetBLifetimeL3FilterHbbZbbCSV,HLTCaloJetTag,86,136,0,82.3896,0.349833,1.75677,14.2559
HLT_DiPFJet80_DiPFJet30_BTagCSVd07d05d05_v4,50,hltTriJetBLifetimeL3FilterHbbZbbCSV05,HLTCaloJetTag,86,134,0,127.524,1.42204,-1.87009,14.1744
HLT_DiPFJet80_DiPFJet30_BTagCSVd07d05d05_v4,50,hltTriJetBLifetimeL3FilterHbbZbbCSV05,HLTCaloJetTag,86,135,0,98.2244,-0.936585,1.9926,11.782
HLT_DiPFJet80_DiPFJet30_BTagCSVd07d05d05_v4,50,hltTriJetBLifetimeL3FilterHbbZbbCSV05,HLTCaloJetTag,86,136,0,82.3896,0.349833,1.75677,14.2559
HLT_DiPFJet80_DiPFJet30_BTagCSVd07d05d05_v4,174,hltDiPFJet80HbbZbb,HLT1PFJet,85,211,0,122.663,1.42761,-1.88157,15.0655
HLT_DiPFJet80_DiPFJet30_BTagCSVd07d05d05_v4,174,hltDiPFJet80HbbZbb,HLT1PFJet,85,212,0,85.5914,-0.913056,2.00159,11.55
HLT_DiPFJet80_DiPFJet30_BTagCSVd07d05d05_v4,175,hltQuadPFJet30HbbZbb,HLT1PFJet,85,211,0,122.663,1.42761,-1.88157,15.0655
HLT_DiPFJet80_DiPFJet30_BTagCSVd07d05d05_v4,175,hltQuadPFJet30HbbZbb,HLT1PFJet,85,212,0,85.5914,-0.913056,2.00159,11.55
HLT_DiPFJet80_DiPFJet30_BTagCSVd07d05d05_v4,175,hltQuadPFJet30HbbZbb,HLT1PFJet,85,213,0,67.2204,0.390179,1.75371,9.28543
HLT_DiPFJet80_DiPFJet30_BTagCSVd07d05d05_v4,175,hltQuadPFJet30HbbZbb,HLT1PFJet,85,214,0,55.0997,-2.51169,-0.351972,13.3182
HLT_DiPFJet80_DiPFJet30_BTagCSVd07d05d05_v4,175,hltQuadPFJet30HbbZbb,HLT1PFJet,85,215,0,46.3541,-0.143185,-2.07414,5.34498
HLT_DiPFJet80_DiPFJet30_BTagCSVd07d05_v4,7,hltL1sL1DoubleJetC56orL1DoubleJetC64,HLTLevel1GTSeed,-84,200,0,132,1.566,-1.74533,0
HLT_DiPFJet80_DiPFJet30_BTagCSVd07d05_v4,7,hltL1sL1DoubleJetC56orL1DoubleJetC64,HLTLevel1GTSeed,-84,201,0,84,0.5215,1.74533,0
HLT_DiPFJet80_DiPFJet30_BTagCSVd07d05_v4,7,hltL1sL1DoubleJetC56orL1DoubleJetC64,HLTLevel1GTSeed,-86,202,0,108,-0.8695,2.0944,0
HLT_DiPFJet80_DiPFJet30_BTagCSVd07d05_v4,21,hltQuadJet25HbbZbb,HLT1CaloJet,85,58,0,127.524,1.42204,-1.87009,14.1744
HLT_DiPFJet80_DiPFJet30_BTagCSVd07d05_v4,21,hltQuadJet25HbbZbb,HLT1CaloJet,85,59,0,98.2244,-0.936585,1.9926,11.782
HLT_DiPFJet80_DiPFJet30_BTagCSVd07d05_v4,21,hltQuadJet25HbbZbb,HLT1CaloJet,85,60,0,82.3896,0.349833,1.75677,14.2559
HLT_DiPFJet80_DiPFJet30_BTagCSVd07d05_v4,21,hltQuadJet25HbbZbb,HLT1CaloJet,85,61,0,55.4781,-2.50617,-0.359408,11.9051
HLT_DiPFJet80_DiPFJet30_BTagCSVd07d05_v4,21,hltQuadJet25HbbZbb,HLT1CaloJet,85,62,0,40.6828,-0.169835,-2.04394,4.42298
HLT_DiPFJet80_DiPFJet30_BTagCSVd07d05_v4,22,hltDiJet75HbbZbb,HLT1CaloJet,85,58,0,127.524,1.42204,-1.87009,14.1744
HLT_DiPFJet80_DiPFJet30_BTagCSVd07d05_v4,22,hltDiJet75HbbZbb,HLT1CaloJet,85,59,0,98.2244,-0.936585,1.9926,11.782
HLT_DiPFJet80_DiPFJet30_BTagCSVd07d05_v4,22,hltDiJet75HbbZbb,HLT1CaloJet,85,60,0,82.3896,0.349833,1.75677,14.2559
HLT_DiPFJet80_DiPFJet30_BTagCSVd07d05_v4,49,hltSingleJetBLifetimeL3FilterHbbZbbCSV,HLTCaloJetTag,86,134,0,127.524,1.42204,-1.87009,14.1744
HLT_DiPFJet80_DiPFJet30_BTagCSVd07d05_v4,49,hltSingleJetBLifetimeL3FilterHbbZbbCSV,HLTCaloJetTag,86,136,0,82.3896,0.349833,1.75677,14.2559
HLT_DiPFJet80_DiPFJet30_BTagCSVd07d05_v4,50,hltDiJetBLifetimeL3FilterHbbZbbCSV,HLTCaloJetTag,86,134,0,127.524,1.42204,-1.87009,14.1744
HLT_DiPFJet80_DiPFJet30_BTagCSVd07d05_v4,50,hltDiJetBLifetimeL3FilterHbbZbbCSV,HLTCaloJetTag,86,135,0,98.2244,-0.936585,1.9926,11.782
HLT_DiPFJet80_DiPFJet30_BTagCSVd07d05_v4,50,hltDiJetBLifetimeL3FilterHbbZbbCSV,HLTCaloJetTag,86,136,0,82.3896,0.349833,1.75677,14.2559
HLT_DiPFJet80_DiPFJet30_BTagCSVd07d05_v4,174,hltDiPFJet80HbbZbb,HLT1PFJet,85,211,0,122.663,1.42761,-1.88157,15.0655
HLT_DiPFJet80_DiPFJet30_BTagCSVd07d05_v4,174,hltDiPFJet80HbbZbb,HLT1PFJet,85,212,0,85.5914,-0.913056,2.00159,11.55
HLT_DiPFJet80_DiPFJet30_BTagCSVd07d05_v4,175,hltQuadPFJet30HbbZbb,HLT1PFJet,85,211,0,122.663,1.42761,-1.88157,15.0655
HLT_DiPFJet80_DiPFJet30_BTagCSVd07d05_v4,175,hltQuadPFJet30HbbZbb,HLT1PFJet,85,212,0,85.5914,-0.913056,2.00159,11.55
HLT_DiPFJet80_DiPFJet30_BTagCSVd07d05_v4,175,hltQuadPFJet30HbbZbb,HLT1PFJet,85,213,0,67.2204,0.390179,1.75371,9.28543
HLT_DiPFJet80_DiPFJet30_BTagCSVd07d05_v4,175,hltQuadPFJet30HbbZbb,HLT1PFJet,85,214,0,55.0997,-2.51169,-0.351972,13.3182
HLT_DiPFJet80_DiPFJet30_BTagCSVd07d05_v4,175,hltQuadPFJet30HbbZbb,HLT1PFJet,85,215,0,46.3541,-0.143185,-2.07414,5.34498
HLT_MET80_v5,7,hltL1sL1ETM36ORETM40,HLTLevel1GTSeed,-87,205,0,45.5,0,0.0436332,0
HLT_MET80_Track50_dEdx3p6_v6,7,hltL1sL1ETM36ORETM40,HLTLevel1GTSeed,-87,205,0,45.5,0,0.0436332,0
HLT_MET80_Track60_dEdx3p7_v6,7,hltL1sL1ETM36ORETM40,HLTLevel1GTSeed,-87,205,0,45.5,0,0.0436332,0
HLT_MET120_v12,7,hltL1sL1ETM36ORETM40,HLTLevel1GTSeed,-87,205,0,45.5,0,0.0436332,0
HLT_MET120_HBHENoiseCleaned_v5,7,hltL1sL1ETM36ORETM40,HLTLevel1GTSeed,-87,205,0,45.5,0,0.0436332,0
HLT_L2Mu70_2Cha_eta2p1_PFMET55_v1,7,hltL1sMu16Eta2p1,HLTLevel1GTSeed,-81,198,0,20,0.35,-2.87979,0.105658
HLT_L2Mu70_2Cha_eta2p1_PFMET60_v1,7,hltL1sMu16Eta2p1,HLTLevel1GTSeed,-81,198,0,20,0.35,-2.87979,0.105658
HLT_L2Mu20_eta2p1_NoVertex_v2,7,hltL1sMu16Eta2p1,HLTLevel1GTSeed,-81,198,0,20,0.35,-2.87979,0.105658
HLT_DoubleDisplacedMu4_DiPFJet40Neutral_v7,7,hltL1sL1DoubleMu0erOR3erHighQ,HLTLevel1GTSeed,-81,198,0,20,0.35,-2.87979,0.105658
HLT_DoubleDisplacedMu4_DiPFJet40Neutral_v7,7,hltL1sL1DoubleMu0erOR3erHighQ,HLTLevel1GTSeed,-81,199,0,12,0.05,-1.8326,0.105658
HLT_DoubleDisplacedMu4_DiPFJet40Neutral_v7,22,hltDoubleMu4L2PreFiltered,HLTMuonL2PreFilter,83,29,-13,26.4076,0.316291,-2.76432,3.37175e-07
HLT_DoubleDisplacedMu4_DiPFJet40Neutral_v7,22,hltDoubleMu4L2PreFiltered,HLTMuonL2PreFilter,83,30,13,13.0593,-0.125962,-2.02816,-1.19209e-07
HLT_Mu12_eta2p1_L1Mu10erJetC12WdEtaPhi1DiJetsC_v6,7,hltL1sL1Mu10erJetC20JetC12Corr1OrL1Mu10erJetC32OrMu10erJetC32JetC12Corr1OrMu12er,HLTLevel1GTSeed,-81,198,0,20,0.35,-2.87979,0.105658
HLT_Mu12_eta2p1_L1Mu10erJetC12WdEtaPhi1DiJetsC_v6,7,hltL1sL1Mu10erJetC20JetC12Corr1OrL1Mu10erJetC32OrMu10erJetC32JetC12Corr1OrMu12er,HLTLevel1GTSeed,-81,199,0,12,0.05,-1.8326,0.105658
HLT_Mu12_eta2p1_L1Mu10erJetC12WdEtaPhi1DiJetsC_v6,7,hltL1sL1Mu10erJetC20JetC12Corr1OrL1Mu10erJetC32OrMu10erJetC32JetC12Corr1OrMu12er,HLTLevel1GTSeed,-84,200,0,132,1.566,-1.74533,0
HLT_Mu12_eta2p1_L1Mu10erJetC12WdEtaPhi1DiJetsC_v6,7,hltL1sL1Mu10erJetC20JetC12Corr1OrL1Mu10erJetC32OrMu10erJetC32JetC12Corr1OrMu12er,HLTLevel1GTSeed,-84,201,0,84,0.5215,1.74533,0
HLT_Mu12_eta2p1_L1Mu10erJetC12WdEtaPhi1DiJetsC_v6,7,hltL1sL1Mu10erJetC20JetC12Corr1OrL1Mu10erJetC32OrMu10erJetC32JetC12Corr1OrMu12er,HLTLevel1GTSeed,-86,202,0,108,-0.8695,2.0944,0
HLT_Mu12_eta2p1_L1Mu10erJetC12WdEtaPhi1DiJetsC_v6,7,hltL1sL1Mu10erJetC20JetC12Corr1OrL1Mu10erJetC32OrMu10erJetC32JetC12Corr1OrMu12er,HLTLevel1GTSeed,-86,203,0,48,-2.586,-0.349066,0
HLT_Mu12_eta2p1_L1Mu10erJetC12WdEtaPhi1DiJetsC_v6,7,hltL1sL1Mu10erJetC20JetC12Corr1OrL1Mu10erJetC32OrMu10erJetC32JetC12Corr1OrMu12er,HLTLevel1GTSeed,-86,204,0,40,-0.174,-2.0944,0
HLT_Mu15_eta2p1_L1Mu10erJetC12WdEtaPhi1DiJetsC_v2,7,hltL1sL1Mu10erJetC20JetC12Corr1OrL1Mu10erJetC32OrMu10erJetC32JetC12Corr1OrMu12er,HLTLevel1GTSeed,-81,198,0,20,0.35,-2.87979,0.105658
HLT_Mu15_eta2p1_L1Mu10erJetC12WdEtaPhi1DiJetsC_v2,7,hltL1sL1Mu10erJetC20JetC12Corr1OrL1Mu10erJetC32OrMu10erJetC32JetC12Corr1OrMu12er,HLTLevel1GTSeed,-81,199,0,12,0.05,-1.8326,0.105658
HLT_Mu15_eta2p1_L1Mu10erJetC12WdEtaPhi1DiJetsC_v2,7,hltL1sL1Mu10erJetC20JetC12Corr1OrL1Mu10erJetC32OrMu10erJetC32JetC12Corr1OrMu12er,HLTLevel1GTSeed,-84,200,0,132,1.566,-1.74533,0
HLT_Mu15_eta2p1_L1Mu10erJetC12WdEtaPhi1DiJetsC_v2,7,hltL1sL1Mu10erJetC20JetC12Corr1OrL1Mu10erJetC32OrMu10erJetC32JetC12Corr1OrMu12er,HLTLevel1GTSeed,-84,201,0,84,0.5215,1.74533,0
HLT_Mu15_eta2p1_L1Mu10erJetC12WdEtaPhi1DiJetsC_v2,7,hltL1sL1Mu10erJetC20JetC12Corr1OrL1Mu10erJetC32OrMu10erJetC32JetC12Corr1OrMu12er,HLTLevel1GTSeed,-86,202,0,108,-0.8695,2.0944,0
HLT_Mu15_eta2p1_L1Mu10erJetC12WdEtaPhi1DiJetsC_v2,7,hltL1sL1Mu10erJetC20JetC12Corr1OrL1Mu10erJetC32OrMu10erJetC32JetC12Corr1OrMu12er,HLTLevel1GTSeed,-86,203,0,48,-2.586,-0.349066,0
HLT_Mu15_eta2p1_L1Mu10erJetC12WdEtaPhi1DiJetsC_v2,7,hltL1sL1Mu10erJetC20JetC12Corr1OrL1Mu10erJetC32OrMu10erJetC32JetC12Corr1OrMu12er,HLTLevel1GTSeed,-86,204,0,40,-0.174,-2.0944,0
HLT_Mu24_v16,7,hltL1sMu16,HLTLevel1GTSeed,-81,198,0,20,0.35,-2.87979,0.105658
HLT_Mu24_eta2p1_v5,7,hltL1sMu16Eta2p1,HLTLevel1GTSeed,-81,198,0,20,0.35,-2.87979,0.105658
HLT_Mu30_v16,7,hltL1sMu16,HLTLevel1GTSeed,-81,198,0,20,0.35,-2.87979,0.105658
HLT_Mu30_eta2p1_v5,7,hltL1sMu16Eta2p1,HLTLevel1GTSeed,-81,198,0,20,0.35,-2.87979,0.105658
HLT_Mu40_v14,7,hltL1sMu16,HLTLevel1GTSeed,-81,198,0,20,0.35,-2.87979,0.105658
HLT_Mu40_v14,22,hltL2fL1sMu16L1f0L2Filtered16Q,HLTMuonL2PreFilter,83,29,-13,26.4076,0.316291,-2.76432,3.37175e-07
HLT_Mu40_eta2p1_v11,7,hltL1sMu16Eta2p1,HLTLevel1GTSeed,-81,198,0,20,0.35,-2.87979,0.105658
HLT_Mu40_eta2p1_v11,22,hltL2fL1sMu16Eta2p1L1f0L2Filtered16Q,HLTMuonL2PreFilter,83,29,-13,26.4076,0.316291,-2.76432,3.37175e-07
HLT_Mu50_eta2p1_v8,7,hltL1sMu16Eta2p1,HLTLevel1GTSeed,-81,198,0,20,0.35,-2.87979,0.105658
HLT_Mu50_eta2p1_v8,22,hltL2fL1sMu16Eta2p1L1f0L2Filtered16Q,HLTMuonL2PreFilter,83,29,-13,26.4076,0.316291,-2.76432,3.37175e-07
HLT_RelIso1p0Mu20_v3,7,hltL1sL1SingleMu16er,HLTLevel1GTSeed,-81,198,0,20,0.35,-2.87979,0.105658
HLT_IsoMu15_eta2p1_L1ETM20_v7,7,hltL1sMu12Eta2p1ETM20,HLTLevel1GTSeed,-81,198,0,20,0.35,-2.87979,0.105658
HLT_IsoMu15_eta2p1_L1ETM20_v7,7,hltL1sMu12Eta2p1ETM20,HLTLevel1GTSeed,-81,199,0,12,0.05,-1.8326,0.105658
HLT_IsoMu15_eta2p1_L1ETM20_v7,7,hltL1sMu12Eta2p1ETM20,HLTLevel1GTSeed,-87,205,0,45.5,0,0.0436332,0
HLT_IsoMu15_eta2p1_L1ETM20_v7,22,hltL2fL1sMu12Eta2p1L1f0L2Filtered12Q,HLTMuonL2PreFilter,83,29,-13,26.4076,0.316291,-2.76432,3.37175e-07
HLT_IsoMu15_eta2p1_L1ETM20_v7,22,hltL2fL1sMu12Eta2p1L1f0L2Filtered12Q,HLTMuonL2PreFilter,83,30,13,13.0593,-0.125962,-2.02816,-1.19209e-07
HLT_IsoMu15_eta2p1_L1ETM20_v7,48,hltL3fL1sMu12Eta2p1L1f0L2f12QL3Filtered15Q,HLTMuonL3PreFilter,83,33,-13,22.7463,0.325539,-2.74961,0
HLT_IsoMu15_eta2p1_L1ETM20_v7,69,hltL3crIsoL1sMu12Eta2p1L1f0L2f12QL3f15QL3crIsoRhoFiltered0p15,HLTMuonIsoFilter,83,33,-13,22.7463,0.325539,-2.74961,0
HLT_IsoMu20_eta2p1_v7,7,hltL1sMu16Eta2p1,HLTLevel1GTSeed,-81,198,0,20,0.35,-2.87979,0.105658
HLT_IsoMu24_v17,7,hltL1sMu16,HLTLevel1GTSeed,-81,198,0,20,0.35,-2.87979,0.105658
HLT_IsoMu24_v17,22,hltL2fL1sMu16L1f0L2Filtered16Q,HLTMuonL2PreFilter,83,29,-13,26.4076,0.316291,-2.76432,3.37175e-07
HLT_IsoMu24_eta2p1_v15,7,hltL1sMu16Eta2p1,HLTLevel1GTSeed,-81,198,0,20,0.35,-2.87979,0.105658
HLT_IsoMu24_eta2p1_v15,22,hltL2fL1sMu16Eta2p1L1f0L2Filtered16Q,HLTMuonL2PreFilter,83,29,-13,26.4076,0.316291,-2.76432,3.37175e-07
HLT_IsoMu30_v11,7,hltL1sMu16,HLTLevel1GTSeed,-81,198,0,20,0.35,-2.87979,0.105658
HLT_IsoMu30_v11,22,hltL2fL1sMu16L1f0L2Filtered16Q,HLTMuonL2PreFilter,83,29,-13,26.4076,0.316291,-2.76432,3.37175e-07
HLT_IsoMu30_eta2p1_v15,7,hltL1sMu16Eta2p1,HLTLevel1GTSeed,-81,198,0,20,0.35,-2.87979,0.105658
HLT_IsoMu30_eta2p1_v15,22,hltL2fL1sMu16Eta2p1L1f0L2Filtered16Q,HLTMuonL2PreFilter,83,29,-13,26.4076,0.316291,-2.76432,3.37175e-07
HLT_IsoMu34_eta2p1_v13,7,hltL1sMu16Eta2p1,HLTLevel1GTSeed,-81,198,0,20,0.35,-2.87979,0.105658
HLT_IsoMu34_eta2p1_v13,22,hltL2fL1sMu16Eta2p1L1f0L2Filtered16Q,HLTMuonL2PreFilter,83,29,-13,26.4076,0.316291,-2.76432,3.37175e-07
HLT_IsoMu40_eta2p1_v10,7,hltL1sMu16Eta2p1,HLTLevel1GTSeed,-81,198,0,20,0.35,-2.87979,0.105658
HLT_IsoMu40_eta2p1_v10,22,hltL2fL1sMu16Eta2p1L1f0L2Filtered16Q,HLTMuonL2PreFilter,83,29,-13,26.4076,0.316291,-2.76432,3.37175e-07
HLT_Mu40_eta2p1_Track50_dEdx3p6_v5,7,hltL1sMu16Eta2p1,HLTLevel1GTSeed,-81,198,0,20,0.35,-2.87979,0.105658
HLT_Mu40_eta2p1_Track50_dEdx3p6_v5,22,hltL2fL1sMu16Eta2p1L1f0L2Filtered16Q,HLTMuonL2PreFilter,83,29,-13,26.4076,0.316291,-2.76432,3.37175e-07
HLT_Mu40_eta2p1_Track60_dEdx3p7_v5,7,hltL1sMu16Eta2p1,HLTLevel1GTSeed,-81,198,0,20,0.35,-2.87979,0.105658
HLT_Mu40_eta2p1_Track60_dEdx3p7_v5,22,hltL2fL1sMu16Eta2p1L1f0L2Filtered16Q,HLTMuonL2PreFilter,83,29,-13,26.4076,0.316291,-2.76432,3.37175e-07
HLT_L2DoubleMu23_NoVertex_v11,7,hltL1sL1DoubleMu103p5,HLTLevel1GTSeed,-81,198,0,20,0.35,-2.87979,0.105658
HLT_L2DoubleMu23_NoVertex_v11,7,hltL1sL1DoubleMu103p5,HLTLevel1GTSeed,-81,199,0,12,0.05,-1.8326,0.105658
HLT_L2DoubleMu23_NoVertex_2Cha_Angle2p5_v3,7,hltL1sL1DoubleMu103p5,HLTLevel1GTSeed,-81,198,0,20,0.35,-2.87979,0.105658
HLT_L2DoubleMu23_NoVertex_2Cha_Angle2p5_v3,7,hltL1sL1DoubleMu103p5,HLTLevel1GTSeed,-81,199,0,12,0.05,-1.8326,0.105658
HLT_L2DoubleMu38_NoVertex_2Cha_Angle2p5_v3,7,hltL1sL1DoubleMu103p5,HLTLevel1GTSeed,-81,198,0,20,0.35,-2.87979,0.105658
HLT_L2DoubleMu38_NoVertex_2Cha_Angle2p5_v3,7,hltL1sL1DoubleMu103p5,HLTLevel1GTSeed,-81,199,0,12,0.05,-1.8326,0.105658
HLT_DoubleMu11_Acoplanarity03_v5,7,hltL1sL1DoubleMu10Mu3p5,HLTLevel1GTSeed,-81,198,0,20,0.35,-2.87979,0.105658
HLT_DoubleMu11_Acoplanarity03_v5,7,hltL1sL1DoubleMu10Mu3p5,HLTLevel1GTSeed,-81,199,0,12,0.05,-1.8326,0.105658
HLT_DoubleMu4_Jpsi_Displaced_v12,7,hltL1sL1DoubleMu33HighQ,HLTLevel1GTSeed,-81,198,0,20,0.35,-2.87979,0.105658
HLT_DoubleMu4_Jpsi_Displaced_v12,7,hltL1sL1DoubleMu33HighQ,HLTLevel1GTSeed,-81,199,0,12,0.05,-1.8326,0.105658
HLT_DoubleMu4_Jpsi_Displaced_v12,9,hltDimuon33L1Filtered0,HLTMuonL1Filter,-81,198,0,20,0.35,-2.87979,0.105658
HLT_DoubleMu4_Jpsi_Displaced_v12,9,hltDimuon33L1Filtered0,HLTMuonL1Filter,-81,199,0,12,0.05,-1.8326,0.105658
HLT_DoubleMu4_Jpsi_Displaced_v12,22,hltDimuon33L2PreFiltered0,HLTMuonL2PreFilter,83,29,-13,26.4076,0.316291,-2.76432,3.37175e-07
HLT_DoubleMu4_Jpsi_Displaced_v12,22,hltDimuon33L2PreFiltered0,HLTMuonL2PreFilter,83,30,13,13.0593,-0.125962,-2.02816,-1.19209e-07
HLT_DoubleMu4_JpsiTk_Displaced_v6,7,hltL1sL1DoubleMu33HighQ,HLTLevel1GTSeed,-81,198,0,20,0.35,-2.87979,0.105658
HLT_DoubleMu4_JpsiTk_Displaced_v6,7,hltL1sL1DoubleMu33HighQ,HLTLevel1GTSeed,-81,199,0,12,0.05,-1.8326,0.105658
HLT_DoubleMu4_JpsiTk_Displaced_v6,9,hltDimuon33L1Filtered0,HLTMuonL1Filter,-81,198,0,20,0.35,-2.87979,0.105658
HLT_DoubleMu4_JpsiTk_Displaced_v6,9,hltDimuon33L1Filtered0,HLTMuonL1Filter,-81,199,0,12,0.05,-1.8326,0.105658
HLT_DoubleMu4_JpsiTk_Displaced_v6,22,hltDimuon33L2PreFiltered0,HLTMuonL2PreFilter,83,29,-13,26.4076,0.316291,-2.76432,3.37175e-07
HLT_DoubleMu4_JpsiTk_Displaced_v6,22,hltDimuon33L2PreFiltered0,HLTMuonL2PreFilter,83,30,13,13.0593,-0.125962,-2.02816,-1.19209e-07
HLT_DoubleMu3_4_Dimuon5_Bs_Central_v5,7,hltL1sL1DoubleMu0erHighQ,HLTLevel1GTSeed,-81,198,0,20,0.35,-2.87979,0.105658
HLT_DoubleMu3_4_Dimuon5_Bs_Central_v5,7,hltL1sL1DoubleMu0erHighQ,HLTLevel1GTSeed,-81,199,0,12,0.05,-1.8326,0.105658
HLT_DoubleMu3_4_Dimuon5_Bs_Central_v5,9,hltDimuonL1Filtered0,HLTMuonL1Filter,-81,198,0,20,0.35,-2.87979,0.105658
HLT_DoubleMu3_4_Dimuon5_Bs_Central_v5,9,hltDimuonL1Filtered0,HLTMuonL1Filter,-81,199,0,12,0.05,-1.8326,0.105658
HLT_DoubleMu3_4_Dimuon5_Bs_Central_v5,22,hltDimuonL2PreFiltered0,HLTMuonL2PreFilter,83,29,-13,26.4076,0.316291,-2.76432,3.37175e-07
HLT_DoubleMu3_4_Dimuon5_Bs_Central_v5,22,hltDimuonL2PreFiltered0,HLTMuonL2PreFilter,83,30,13,13.0593,-0.125962,-2.02816,-1.19209e-07
HLT_DoubleMu3p5_4_Dimuon5_Bs_Central_v5,7,hltL1sL1DoubleMu33HighQ,HLTLevel1GTSeed,-81,198,0,20,0.35,-2.87979,0.105658
HLT_DoubleMu3p5_4_Dimuon5_Bs_Central_v5,7,hltL1sL1DoubleMu33HighQ,HLTLevel1GTSeed,-81,199,0,12,0.05,-1.8326,0.105658
HLT_DoubleMu3p5_4_Dimuon5_Bs_Central_v5,9,hltDimuon33L1Filtered0,HLTMuonL1Filter,-81,198,0,20,0.35,-2.87979,0.105658
HLT_DoubleMu3p5_4_Dimuon5_Bs_Central_v5,9,hltDimuon33L1Filtered0,HLTMuonL1Filter,-81,199,0,12,0.05,-1.8326,0.105658
HLT_DoubleMu3p5_4_Dimuon5_Bs_Central_v5,22,hltDimuon33L2PreFiltered0,HLTMuonL2PreFilter,83,29,-13,26.4076,0.316291,-2.76432,3.37175e-07
HLT_DoubleMu3p5_4_Dimuon5_Bs_Central_v5,22,hltDimuon33L2PreFiltered0,HLTMuonL2PreFilter,83,30,13,13.0593,-0.125962,-2.02816,-1.19209e-07
HLT_DoubleMu4_Dimuon7_Bs_Forward_v5,7,hltL1sL1DoubleMu33HighQ,HLTLevel1GTSeed,-81,198,0,20,0.35,-2.87979,0.105658
HLT_DoubleMu4_Dimuon7_Bs_Forward_v5,7,hltL1sL1DoubleMu33HighQ,HLTLevel1GTSeed,-81,199,0,12,0.05,-1.8326,0.105658
HLT_DoubleMu4_Dimuon7_Bs_Forward_v5,9,hltDimuon33L1Filtered0,HLTMuonL1Filter,-81,198,0,20,0.35,-2.87979,0.105658
HLT_DoubleMu4_Dimuon7_Bs_Forward_v5,9,hltDimuon33L1Filtered0,HLTMuonL1Filter,-81,199,0,12,0.05,-1.8326,0.105658
HLT_DoubleMu4_Dimuon7_Bs_Forward_v5,22,hltDimuon33L2PreFiltered0,HLTMuonL2PreFilter,83,29,-13,26.4076,0.316291,-2.76432,3.37175e-07
HLT_DoubleMu4_Dimuon7_Bs_Forward_v5,22,hltDimuon33L2PreFiltered0,HLTMuonL2PreFilter,83,30,13,13.0593,-0.125962,-2.02816,-1.19209e-07
HLT_DoubleMu3p5_LowMass_Displaced_v6,7,hltL1sL1DoubleMu33HighQ,HLTLevel1GTSeed,-81,198,0,20,0.35,-2.87979,0.105658
HLT_DoubleMu3p5_LowMass_Displaced_v6,7,hltL1sL1DoubleMu33HighQ,HLTLevel1GTSeed,-81,199,0,12,0.05,-1.8326,0.105658
HLT_DoubleMu3p5_LowMass_Displaced_v6,9,hltDimuon33L1Filtered0,HLTMuonL1Filter,-81,198,0,20,0.35,-2.87979,0.105658
HLT_DoubleMu3p5_LowMass_Displaced_v6,9,hltDimuon33L1Filtered0,HLTMuonL1Filter,-81,199,0,12,0.05,-1.8326,0.105658
HLT_DoubleMu3p5_LowMass_Displaced_v6,22,hltDimuon33L2PreFiltered0,HLTMuonL2PreFilter,83,29,-13,26.4076,0.316291,-2.76432,3.37175e-07
HLT_DoubleMu3p5_LowMass_Displaced_v6,22,hltDimuon33L2PreFiltered0,HLTMuonL2PreFilter,83,30,13,13.0593,-0.125962,-2.02816,-1.19209e-07
HLT_DoubleMu3p5_LowMassNonResonant_Displaced_v6,7,hltL1sL1DoubleMu33HighQ,HLTLevel1GTSeed,-81,198,0,20,0.35,-2.87979,0.105658
HLT_DoubleMu3p5_LowMassNonResonant_Displaced_v6,7,hltL1sL1DoubleMu33HighQ,HLTLevel1GTSeed,-81,199,0,12,0.05,-1.8326,0.105658
HLT_DoubleMu3p5_LowMassNonResonant_Displaced_v6,9,hltDimuon33L1Filtered0,HLTMuonL1Filter,-81,198,0,20,0.35,-2.87979,0.105658
HLT_DoubleMu3p5_LowMassNonResonant_Displaced_v6,9,hltDimuon33L1Filtered0,HLTMuonL1Filter,-81,199,0,12,0.05,-1.8326,0.105658
HLT_DoubleMu3p5_LowMassNonResonant_Displaced_v6,22,hltDimuon33L2PreFiltered0,HLTMuonL2PreFilter,83,29,-13,26.4076,0.316291,-2.76432,3.37175e-07
HLT_DoubleMu3p5_LowMassNonResonant_Displaced_v6,22,hltDimuon33L2PreFiltered0,HLTMuonL2PreFilter,83,30,13,13.0593,-0.125962,-2.02816,-1.19209e-07
HLT_Dimuon0_Jpsi_v17,7,hltL1sL1DoubleMu0erHighQ,HLTLevel1GTSeed,-81,198,0,20,0.35,-2.87979,0.105658
HLT_Dimuon0_Jpsi_v17,7,hltL1sL1DoubleMu0erHighQ,HLTLevel1GTSeed,-81,199,0,12,0.05,-1.8326,0.105658
HLT_Dimuon0_Jpsi_NoVertexing_v14,7,hltL1sL1DoubleMu0erHighQ,HLTLevel1GTSeed,-81,198,0,20,0.35,-2.87979,0.105658
HLT_Dimuon0_Jpsi_NoVertexing_v14,7,hltL1sL1DoubleMu0erHighQ,HLTLevel1GTSeed,-81,199,0,12,0.05,-1.8326,0.105658
HLT_Dimuon0_Upsilon_v17,7,hltL1sL1DoubleMu0erHighQ,HLTLevel1GTSeed,-81,198,0,20,0.35,-2.87979,0.105658
HLT_Dimuon0_Upsilon_v17,7,hltL1sL1DoubleMu0erHighQ,HLTLevel1GTSeed,-81,199,0,12,0.05,-1.8326,0.105658
HLT_Dimuon0_PsiPrime_v6,7,hltL1sL1DoubleMu0erHighQ,HLTLevel1GTSeed,-81,198,0,20,0.35,-2.87979,0.105658
HLT_Dimuon0_PsiPrime_v6,7,hltL1sL1DoubleMu0erHighQ,HLTLevel1GTSeed,-81,199,0,12,0.05,-1.8326,0.105658
HLT_Dimuon5_Upsilon_v6,7,hltL1sL1DoubleMu0erHighQ,HLTLevel1GTSeed,-81,198,0,20,0.35,-2.87979,0.105658
HLT_Dimuon5_Upsilon_v6,7,hltL1sL1DoubleMu0erHighQ,HLTLevel1GTSeed,-81,199,0,12,0.05,-1.8326,0.105658
HLT_Dimuon5_Upsilon_v6,9,hltDimuonL1Filtered0,HLTMuonL1Filter,-81,198,0,20,0.35,-2.87979,0.105658
HLT_Dimuon5_Upsilon_v6,9,hltDimuonL1Filtered0,HLTMuonL1Filter,-81,199,0,12,0.05,-1.8326,0.105658
HLT_Dimuon5_Upsilon_v6,22,hltDimuonL2PreFiltered0,HLTMuonL2PreFilter,83,29,-13,26.4076,0.316291,-2.76432,3.37175e-07
HLT_Dimuon5_Upsilon_v6,22,hltDimuonL2PreFiltered0,HLTMuonL2PreFilter,83,30,13,13.0593,-0.125962,-2.02816,-1.19209e-07
HLT_Dimuon5_PsiPrime_v6,7,hltL1sL1DoubleMu0erHighQ,HLTLevel1GTSeed,-81,198,0,20,0.35,-2.87979,0.105658
HLT_Dimuon5_PsiPrime_v6,7,hltL1sL1DoubleMu0erHighQ,HLTLevel1GTSeed,-81,199,0,12,0.05,-1.8326,0.105658
HLT_Dimuon5_PsiPrime_v6,9,hltDimuonL1Filtered0,HLTMuonL1Filter,-81,198,0,20,0.35,-2.87979,0.105658
HLT_Dimuon5_PsiPrime_v6,9,hltDimuonL1Filtered0,HLTMuonL1Filter,-81,199,0,12,0.05,-1.8326,0.105658
HLT_Dimuon5_PsiPrime_v6,22,hltDimuonL2PreFiltered0,HLTMuonL2PreFilter,83,29,-13,26.4076,0.316291,-2.76432,3.37175e-07
HLT_Dimuon5_PsiPrime_v6,22,hltDimuonL2PreFiltered0,HLTMuonL2PreFilter,83,30,13,13.0593,-0.125962,-2.02816,-1.19209e-07
HLT_Dimuon7_Upsilon_v7,7,hltL1sL1DoubleMu0erHighQ,HLTLevel1GTSeed,-81,198,0,20,0.35,-2.87979,0.105658
HLT_Dimuon7_Upsilon_v7,7,hltL1sL1DoubleMu0erHighQ,HLTLevel1GTSeed,-81,199,0,12,0.05,-1.8326,0.105658
HLT_Dimuon7_Upsilon_v7,9,hltDimuonL1Filtered0,HLTMuonL1Filter,-81,198,0,20,0.35,-2.87979,0.105658
HLT_Dimuon7_Upsilon_v7,9,hltDimuonL1Filtered0,HLTMuonL1Filter,-81,199,0,12,0.05,-1.8326,0.105658
HLT_Dimuon7_Upsilon_v7,22,hltDimuonL2PreFiltered0,HLTMuonL2PreFilter,83,29,-13,26.4076,0.316291,-2.76432,3.37175e-07
HLT_Dimuon7_Upsilon_v7,22,hltDimuonL2PreFiltered0,HLTMuonL2PreFilter,83,30,13,13.0593,-0.125962,-2.02816,-1.19209e-07
HLT_Dimuon7_PsiPrime_v3,7,hltL1sL1DoubleMu30HighQ,HLTLevel1GTSeed,-81,198,0,20,0.35,-2.87979,0.105658
HLT_Dimuon7_PsiPrime_v3,7,hltL1sL1DoubleMu30HighQ,HLTLevel1GTSeed,-81,199,0,12,0.05,-1.8326,0.105658
HLT_Dimuon7_PsiPrime_v3,9,hltDimuon30L1Filtered0,HLTMuonL1Filter,-81,198,0,20,0.35,-2.87979,0.105658
HLT_Dimuon7_PsiPrime_v3,9,hltDimuon30L1Filtered0,HLTMuonL1Filter,-81,199,0,12,0.05,-1.8326,0.105658
HLT_Dimuon7_PsiPrime_v3,22,hltDimuon30L2PreFiltered0,HLTMuonL2PreFilter,83,29,-13,26.4076,0.316291,-2.76432,3.37175e-07
HLT_Dimuon7_PsiPrime_v3,22,hltDimuon30L2PreFiltered0,HLTMuonL2PreFilter,83,30,13,13.0593,-0.125962,-2.02816,-1.19209e-07
HLT_Dimuon8_Jpsi_v7,7,hltL1sL1DoubleMu0erHighQ,HLTLevel1GTSeed,-81,198,0,20,0.35,-2.87979,0.105658
HLT_Dimuon8_Jpsi_v7,7,hltL1sL1DoubleMu0erHighQ,HLTLevel1GTSeed,-81,199,0,12,0.05,-1.8326,0.105658
HLT_Dimuon8_Jpsi_v7,9,hltDimuonL1Filtered0,HLTMuonL1Filter,-81,198,0,20,0.35,-2.87979,0.105658
HLT_Dimuon8_Jpsi_v7,9,hltDimuonL1Filtered0,HLTMuonL1Filter,-81,199,0,12,0.05,-1.8326,0.105658
HLT_Dimuon8_Jpsi_v7,22,hltDimuonL2PreFiltered0,HLTMuonL2PreFilter,83,29,-13,26.4076,0.316291,-2.76432,3.37175e-07
HLT_Dimuon8_Jpsi_v7,22,hltDimuonL2PreFiltered0,HLTMuonL2PreFilter,83,30,13,13.0593,-0.125962,-2.02816,-1.19209e-07
HLT_Dimuon8_Upsilon_v6,7,hltL1sL1DoubleMu30HighQ,HLTLevel1GTSeed,-81,198,0,20,0.35,-2.87979,0.105658
HLT_Dimuon8_Upsilon_v6,7,hltL1sL1DoubleMu30HighQ,HLTLevel1GTSeed,-81,199,0,12,0.05,-1.8326,0.105658
HLT_Dimuon8_Upsilon_v6,9,hltDimuon30L1Filtered0,HLTMuonL1Filter,-81,198,0,20,0.35,-2.87979,0.105658
HLT_Dimuon8_Upsilon_v6,9,hltDimuon30L1Filtered0,HLTMuonL1Filter,-81,199,0,12,0.05,-1.8326,0.105658
HLT_Dimuon8_Upsilon_v6,22,hltDimuon30L2PreFiltered0,HLTMuonL2PreFilter,83,29,-13,26.4076,0.316291,-2.76432,3.37175e-07
HLT_Dimuon8_Upsilon_v6,22,hltDimuon30L2PreFiltered0,HLTMuonL2PreFilter,83,30,13,13.0593,-0.125962,-2.02816,-1.19209e-07
HLT_Dimuon10_Jpsi_v6,7,hltL1sL1DoubleMu30HighQ,HLTLevel1GTSeed,-81,198,0,20,0.35,-2.87979,0.105658
HLT_Dimuon10_Jpsi_v6,7,hltL1sL1DoubleMu30HighQ,HLTLevel1GTSeed,-81,199,0,12,0.05,-1.8326,0.105658
HLT_Dimuon10_Jpsi_v6,9,hltDimuon30L1Filtered0,HLTMuonL1Filter,-81,198,0,20,0.35,-2.87979,0.105658
HLT_Dimuon10_Jpsi_v6,9,hltDimuon30L1Filtered0,HLTMuonL1Filter,-81,199,0,12,0.05,-1.8326,0.105658
HLT_Dimuon10_Jpsi_v6,22,hltDimuon30L2PreFiltered0,HLTMuonL2PreFilter,83,29,-13,26.4076,0.316291,-2.76432,3.37175e-07
HLT_Dimuon10_Jpsi_v6,22,hltDimuon30L2PreFiltered0,HLTMuonL2PreFilter,83,30,13,13.0593,-0.125962,-2.02816,-1.19209e-07
HLT_Dimuon11_Upsilon_v6,7,hltL1sL1DoubleMu30HighQ,HLTLevel1GTSeed,-81,198,0,20,0.35,-2.87979,0.105658
HLT_Dimuon11_Upsilon_v6,7,hltL1sL1DoubleMu30HighQ,HLTLevel1GTSeed,-81,199,0,12,0.05,-1.8326,0.105658
HLT_Dimuon11_Upsilon_v6,9,hltDimuon30L1Filtered0,HLTMuonL1Filter,-81,198,0,20,0.35,-2.87979,0.105658
HLT_Dimuon11_Upsilon_v6,9,hltDimuon30L1Filtered0,HLTMuonL1Filter,-81,199,0,12,0.05,-1.8326,0.105658
HLT_Dimuon11_Upsilon_v6,22,hltDimuon30L2PreFiltered0,HLTMuonL2PreFilter,83,29,-13,26.4076,0.316291,-2.76432,3.37175e-07
HLT_Dimuon11_Upsilon_v6,22,hltDimuon30L2PreFiltered0,HLTMuonL2PreFilter,83,30,13,13.0593,-0.125962,-2.02816,-1.19209e-07
HLT_Dimuon3p5_SameSign_v6,7,hltL1sL1DoubleMu0erHighQ,HLTLevel1GTSeed,-81,198,0,20,0.35,-2.87979,0.105658
HLT_Dimuon3p5_SameSign_v6,7,hltL1sL1DoubleMu0erHighQ,HLTLevel1GTSeed,-81,199,0,12,0.05,-1.8326,0.105658
HLT_Tau2Mu_ItTrack_v7,7,hltL1sL1DoubleMu0or33HighQ,HLTLevel1GTSeed,-81,198,0,20,0.35,-2.87979,0.105658
HLT_Tau2Mu_ItTrack_v7,7,hltL1sL1DoubleMu0or33HighQ,HLTLevel1GTSeed,-81,199,0,12,0.05,-1.8326,0.105658
HLT_Tau2Mu_ItTrack_v7,9,hltDimuon0or33L1Filtered0,HLTMuonL1Filter,-81,198,0,20,0.35,-2.87979,0.105658
HLT_Tau2Mu_ItTrack_v7,9,hltDimuon0or33L1Filtered0,HLTMuonL1Filter,-81,199,0,12,0.05,-1.8326,0.105658
HLT_Tau2Mu_ItTrack_v7,22,hltDimuon0or33L2PreFiltered0,HLTMuonL2PreFilter,83,29,-13,26.4076,0.316291,-2.76432,3.37175e-07
HLT_Tau2Mu_ItTrack_v7,22,hltDimuon0or33L2PreFiltered0,HLTMuonL2PreFilter,83,30,13,13.0593,-0.125962,-2.02816,-1.19209e-07
HLT_Mu13_Mu8_v21,7,hltL1sL1DoubleMu10MuOpenORDoubleMu103p5,HLTLevel1GTSeed,-81,198,0,20,0.35,-2.87979,0.105658
HLT_Mu13_Mu8_v21,7,hltL1sL1DoubleMu10MuOpenORDoubleMu103p5,HLTLevel1GTSeed,-81,199,0,12,0.05,-1.8326,0.105658
HLT_Mu13_Mu8_v21,22,hltL2pfL1DoubleMu10MuOpenOR3p5L1f0L2PreFiltered0,HLTMuonL2PreFilter,83,29,-13,26.4076,0.316291,-2.76432,3.37175e-07
HLT_Mu13_Mu8_v21,22,hltL2pfL1DoubleMu10MuOpenOR3p5L1f0L2PreFiltered0,HLTMuonL2PreFilter,83,30,13,13.0593,-0.125962,-2.02816,-1.19209e-07
HLT_Mu13_Mu8_v21,23,hltL2fL1DoubleMu10MuOpenOR3p5L1f0L2Filtered10,HLTMuonL2PreFilter,83,29,-13,26.4076,0.316291,-2.76432,3.37175e-07
HLT_Mu13_Mu8_v21,23,hltL2fL1DoubleMu10MuOpenOR3p5L1f0L2Filtered10,HLTMuonL2PreFilter,83,30,13,13.0593,-0.125962,-2.02816,-1.19209e-07
HLT_Mu13_Mu8_v21,49,hltL3pfL1DoubleMu10MuOpenOR3p5L1f0L2pf0L3PreFiltered8,HLTMuonL3PreFilter,83,33,-13,22.7463,0.325539,-2.74961,0
HLT_Mu13_Mu8_v21,49,hltL3pfL1DoubleMu10MuOpenOR3p5L1f0L2pf0L3PreFiltered8,HLTMuonL3PreFilter,83,34,13,13.2011,-0.122044,-2.02961,0
HLT_Mu13_Mu8_v21,50,hltL3fL1DoubleMu10MuOpenOR3p5L1f0L2f10L3Filtered13,HLTMuonL3PreFilter,83,33,-13,22.7463,0.325539,-2.74961,0
HLT_Mu13_Mu8_v21,50,hltL3fL1DoubleMu10MuOpenOR3p5L1f0L2f10L3Filtered13,HLTMuonL3PreFilter,83,34,13,13.2011,-0.122044,-2.02961,0
HLT_Mu13_Mu8_v21,51,hltDiMuonGlb13Glb8DzFiltered0p2,HLT2MuonMuonDZ,83,33,-13,22.7463,0.325539,-2.74961,0
HLT_Mu13_Mu8_v21,51,hltDiMuonGlb13Glb8DzFiltered0p2,HLT2MuonMuonDZ,83,34,13,13.2011,-0.122044,-2.02961,0
HLT_Mu13_Mu8_v21,51,hltDiMuonGlb13Glb8DzFiltered0p2,HLT2MuonMuonDZ,83,34,13,13.2011,-0.122044,-2.02961,0
HLT_Mu13_Mu8_v21,51,hltDiMuonGlb13Glb8DzFiltered0p2,HLT2MuonMuonDZ,83,33,-13,22.7463,0.325539,-2.74961,0
HLT_Mu17_Mu8_v21,7,hltL1sL1DoubleMu10MuOpenORDoubleMu103p5,HLTLevel1GTSeed,-81,198,0,20,0.35,-2.87979,0.105658
HLT_Mu17_Mu8_v21,7,hltL1sL1DoubleMu10MuOpenORDoubleMu103p5,HLTLevel1GTSeed,-81,199,0,12,0.05,-1.8326,0.105658
HLT_Mu17_Mu8_v21,22,hltL2pfL1DoubleMu10MuOpenOR3p5L1f0L2PreFiltered0,HLTMuonL2PreFilter,83,29,-13,26.4076,0.316291,-2.76432,3.37175e-07
HLT_Mu17_Mu8_v21,22,hltL2pfL1DoubleMu10MuOpenOR3p5L1f0L2PreFiltered0,HLTMuonL2PreFilter,83,30,13,13.0593,-0.125962,-2.02816,-1.19209e-07
HLT_Mu17_Mu8_v21,23,hltL2fL1DoubleMu10MuOpenOR3p5L1f0L2Filtered10,HLTMuonL2PreFilter,83,29,-13,26.4076,0.316291,-2.76432,3.37175e-07
HLT_Mu17_Mu8_v21,23,hltL2fL1DoubleMu10MuOpenOR3p5L1f0L2Filtered10,HLTMuonL2PreFilter,83,30,13,13.0593,-0.125962,-2.02816,-1.19209e-07
HLT_Mu17_Mu8_v21,49,hltL3pfL1DoubleMu10MuOpenOR3p5L1f0L2pf0L3PreFiltered8,HLTMuonL3PreFilter,83,33,-13,22.7463,0.325539,-2.74961,0
HLT_Mu17_Mu8_v21,49,hltL3pfL1DoubleMu10MuOpenOR3p5L1f0L2pf0L3PreFiltered8,HLTMuonL3PreFilter,83,34,13,13.2011,-0.122044,-2.02961,0
HLT_Mu17_Mu8_v21,50,hltL3fL1DoubleMu10MuOpenOR3p5L1f0L2f10L3Filtered17,HLTMuonL3PreFilter,83,33,-13,22.7463,0.325539,-2.74961,0
HLT_Mu17_Mu8_v21,51,hltDiMuonGlb17Glb8DzFiltered0p2,HLT2MuonMuonDZ,83,34,13,13.2011,-0.122044,-2.02961,0
HLT_Mu17_Mu8_v21,51,hltDiMuonGlb17Glb8DzFiltered0p2,HLT2MuonMuonDZ,83,33,-13,22.7463,0.325539,-2.74961,0
HLT_Mu17_TkMu8_v13,7,hltL1sL1DoubleMu10MuOpenORDoubleMu103p5,HLTLevel1GTSeed,-81,198,0,20,0.35,-2.87979,0.105658
HLT_Mu17_TkMu8_v13,7,hltL1sL1DoubleMu10MuOpenORDoubleMu103p5,HLTLevel1GTSeed,-81,199,0,12,0.05,-1.8326,0.105658
HLT_Mu17_TkMu8_v13,22,hltL2fL1sDoubleMu10MuOpenOR3p5L1f0L2Filtered10,HLTMuonL2PreFilter,83,29,-13,26.4076,0.316291,-2.76432,3.37175e-07
HLT_Mu17_TkMu8_v13,22,hltL2fL1sDoubleMu10MuOpenOR3p5L1f0L2Filtered10,HLTMuonL2PreFilter,83,30,13,13.0593,-0.125962,-2.02816,-1.19209e-07
HLT_Mu17_TkMu8_v13,48,hltL3fL1sMu10MuOpenOR3p5L1f0L2f10L3Filtered17,HLTMuonL3PreFilter,83,33,-13,22.7463,0.325539,-2.74961,0
HLT_Mu17_TkMu8_v13,87,hltDiMuonGlbFiltered17TrkFiltered8,HLTDiMuonGlbTrkFilter,83,27,-13,22.7463,0.325539,-2.74961,0
HLT_Mu17_TkMu8_v13,87,hltDiMuonGlbFiltered17TrkFiltered8,HLTDiMuonGlbTrkFilter,83,28,13,13.2011,-0.122044,-2.02961,0
HLT_Mu17_TkMu8_v13,88,hltDiMuonGlb17Trk8DzFiltered0p2,HLT2MuonMuonDZ,83,27,-13,22.7463,0.325539,-2.74961,0
HLT_Mu17_TkMu8_v13,88,hltDiMuonGlb17Trk8DzFiltered0p2,HLT2MuonMuonDZ,83,28,13,13.2011,-0.122044,-2.02961,0
HLT_Mu22_TkMu8_v8,7,hltL1sMu16,HLTLevel1GTSeed,-81,198,0,20,0.35,-2.87979,0.105658
HLT_Mu22_TkMu8_v8,22,hltL2fL1sMu16L1f0L2Filtered16Q,HLTMuonL2PreFilter,83,29,-13,26.4076,0.316291,-2.76432,3.37175e-07
HLT_Mu22_TkMu8_v8,87,hltDiMuonGlbFiltered22TrkFiltered8,HLTDiMuonGlbTrkFilter,83,27,-13,22.7463,0.325539,-2.74961,0
HLT_Mu22_TkMu8_v8,87,hltDiMuonGlbFiltered22TrkFiltered8,HLTDiMuonGlbTrkFilter,83,28,13,13.2011,-0.122044,-2.02961,0
HLT_Mu22_TkMu8_v8,88,hltDiMuonGlb22Trk8DzFiltered0p2,HLT2MuonMuonDZ,83,27,-13,22.7463,0.325539,-2.74961,0
HLT_Mu22_TkMu8_v8,88,hltDiMuonGlb22Trk8DzFiltered0p2,HLT2MuonMuonDZ,83,28,13,13.2011,-0.122044,-2.02961,0
HLT_Mu22_TkMu22_v8,7,hltL1sMu16,HLTLevel1GTSeed,-81,198,0,20,0.35,-2.87979,0.105658
HLT_Mu22_TkMu22_v8,22,hltL2fL1sMu16L1f0L2Filtered16Q,HLTMuonL2PreFilter,83,29,-13,26.4076,0.316291,-2.76432,3.37175e-07
HLT_Mu5_L2Mu3_Jpsi_v7,7,hltL1sL1DoubleMu0erHighQ,HLTLevel1GTSeed,-81,198,0,20,0.35,-2.87979,0.105658
HLT_Mu5_L2Mu3_Jpsi_v7,7,hltL1sL1DoubleMu0erHighQ,HLTLevel1GTSeed,-81,199,0,12,0.05,-1.8326,0.105658
HLT_Photon22_R9Id90_HE10_Iso40_EBOnly_v5,7,hltL1sL1SingleEG22,HLTLevel1GTSeed,-82,194,0,63,-0.8695,2.0944,0
HLT_Photon22_R9Id90_HE10_Iso40_EBOnly_v5,7,hltL1sL1SingleEG22,HLTLevel1GTSeed,-82,195,0,26,0.5215,1.74533,0
HLT_Photon26_Photon18_v12,7,hltL1sL1DoubleEG137,HLTLevel1GTSeed,-83,190,0,19,-0.174,-2.0944,0
HLT_Photon26_Photon18_v12,7,hltL1sL1DoubleEG137,HLTLevel1GTSeed,-82,194,0,63,-0.8695,2.0944,0
HLT_Photon26_Photon18_v12,7,hltL1sL1DoubleEG137,HLTLevel1GTSeed,-82,195,0,26,0.5215,1.74533,0
HLT_Photon26_Photon18_v12,7,hltL1sL1DoubleEG137,HLTLevel1GTSeed,-82,196,0,13,-2.586,-0.349066,0
HLT_Photon26_R9Id85_Photon18_R9Id85_Mass60_v4,7,hltL1sL1DoubleEG137,HLTLevel1GTSeed,-83,190,0,19,-0.174,-2.0944,0
HLT_Photon26_R9Id85_Photon18_R9Id85_Mass60_v4,7,hltL1sL1DoubleEG137,HLTLevel1GTSeed,-82,194,0,63,-0.8695,2.0944,0
HLT_Photon26_R9Id85_Photon18_R9Id85_Mass60_v4,7,hltL1sL1DoubleEG137,HLTLevel1GTSeed,-82,195,0,26,0.5215,1.74533,0
HLT_Photon26_R9Id85_Photon18_R9Id85_Mass60_v4,7,hltL1sL1DoubleEG137,HLTLevel1GTSeed,-82,196,0,13,-2.586,-0.349066,0
HLT_Photon26_R9Id85_Photon18_R9Id85_Mass60_v4,29,hltEG26R9Id85LastFilter,HLTEgammaGenericFilter,81,1,0,26.2269,0.353829,1.77175,-3.15398e-07
HLT_Photon26_R9Id85_Photon18_R9Id85_Mass60_v4,48,hltEG18R9Id85DoubleLastFilterUnseeded,HLTEgammaGenericFilter,81,7,0,26.2269,0.353829,1.77175,-3.15398e-07
HLT_Photon26_R9Id85_Photon18_CaloId10_Iso50_Mass60_v6,7,hltL1sL1DoubleEG137,HLTLevel1GTSeed,-83,190,0,19,-0.174,-2.0944,0
HLT_Photon26_R9Id85_Photon18_CaloId10_Iso50_Mass60_v6,7,hltL1sL1DoubleEG137,HLTLevel1GTSeed,-82,194,0,63,-0.8695,2.0944,0
HLT_Photon26_R9Id85_Photon18_CaloId10_Iso50_Mass60_v6,7,hltL1sL1DoubleEG137,HLTLevel1GTSeed,-82,195,0,26,0.5215,1.74533,0
HLT_Photon26_R9Id85_Photon18_CaloId10_Iso50_Mass60_v6,7,hltL1sL1DoubleEG137,HLTLevel1GTSeed,-82,196,0,13,-2.586,-0.349066,0
HLT_Photon26_R9Id85_Photon18_CaloId10_Iso50_Mass60_v6,29,hltEG26R9Id85LastFilter,HLTEgammaGenericFilter,81,1,0,26.2269,0.353829,1.77175,-3.15398e-07
HLT_Photon26_R9Id85_Photon18_CaloId10_Iso50_Mass60_v6,48,hltEG18R9Id85LastFilterUnseeded,HLTEgammaGenericFilter,81,7,0,26.2269,0.353829,1.77175,-3.15398e-07
HLT_Photon26_R9Id85_Photon18_CaloId10_Iso50_Mass60_v6,66,hltEG18CaloId10Iso50TrackIsoLastFilterUnseeded,HLTEgammaGenericQuadraticFilter,81,8,0,22.4236,-0.1686,-2.04749,4.21468e-08
HLT_Photon26_CaloId10_Iso50_Photon18_R9Id85_Mass60_v6,7,hltL1sL1DoubleEG137,HLTLevel1GTSeed,-83,190,0,19,-0.174,-2.0944,0
HLT_Photon26_CaloId10_Iso50_Photon18_R9Id85_Mass60_v6,7,hltL1sL1DoubleEG137,HLTLevel1GTSeed,-82,194,0,63,-0.8695,2.0944,0
HLT_Photon26_CaloId10_Iso50_Photon18_R9Id85_Mass60_v6,7,hltL1sL1DoubleEG137,HLTLevel1GTSeed,-82,195,0,26,0.5215,1.74533,0
HLT_Photon26_CaloId10_Iso50_Photon18_R9Id85_Mass60_v6,7,hltL1sL1DoubleEG137,HLTLevel1GTSeed,-82,196,0,13,-2.586,-0.349066,0
HLT_Photon26_CaloId10_Iso50_Photon18_R9Id85_Mass60_v6,52,hltEG18R9Id85LastFilterUnseeded,HLTEgammaGenericFilter,81,7,0,26.2269,0.353829,1.77175,-3.15398e-07
HLT_Photon26_CaloId10_Iso50_Photon18_R9Id85_Mass60_v6,70,hltEG18CaloId10Iso50TrackIsoLastFilterUnseeded,HLTEgammaGenericQuadraticFilter,81,8,0,22.4236,-0.1686,-2.04749,4.21468e-08
HLT_Photon26_CaloId10_Iso50_Photon18_CaloId10_Iso50_Mass60_v6,7,hltL1sL1DoubleEG137,HLTLevel1GTSeed,-83,190,0,19,-0.174,-2.0944,0
HLT_Photon26_CaloId10_Iso50_Photon18_CaloId10_Iso50_Mass60_v6,7,hltL1sL1DoubleEG137,HLTLevel1GTSeed,-82,194,0,63,-0.8695,2.0944,0
HLT_Photon26_CaloId10_Iso50_Photon18_CaloId10_Iso50_Mass60_v6,7,hltL1sL1DoubleEG137,HLTLevel1GTSeed,-82,195,0,26,0.5215,1.74533,0
HLT_Photon26_CaloId10_Iso50_Photon18_CaloId10_Iso50_Mass60_v6,7,hltL1sL1DoubleEG137,HLTLevel1GTSeed,-82,196,0,13,-2.586,-0.349066,0
HLT_Photon26_CaloId10_Iso50_Photon18_CaloId10_Iso50_Mass60_v6,33,hltEG26CaloId10Iso50HcalIsoLastFilter,HLTEgammaGenericQuadraticFilter,81,0,0,58.4899,-0.915227,1.97159,6.7435e-07
HLT_Photon26_CaloId10_Iso50_Photon18_CaloId10_Iso50_Mass60_v6,68,hltEG18CaloId10Iso50TrackIsoDoubleLastFilterUnseeded,HLTEgammaGenericQuadraticFilter,81,8,0,22.4236,-0.1686,-2.04749,4.21468e-08
HLT_Photon26_R9Id85_OR_CaloId10_Iso50_Photon18_R9Id85_OR_CaloId10_Iso50_Mass60_v6,7,hltL1sL1DoubleEG137,HLTLevel1GTSeed,-83,190,0,19,-0.174,-2.0944,0
HLT_Photon26_R9Id85_OR_CaloId10_Iso50_Photon18_R9Id85_OR_CaloId10_Iso50_Mass60_v6,7,hltL1sL1DoubleEG137,HLTLevel1GTSeed,-82,194,0,63,-0.8695,2.0944,0
HLT_Photon26_R9Id85_OR_CaloId10_Iso50_Photon18_R9Id85_OR_CaloId10_Iso50_Mass60_v6,7,hltL1sL1DoubleEG137,HLTLevel1GTSeed,-82,195,0,26,0.5215,1.74533,0
HLT_Photon26_R9Id85_OR_CaloId10_Iso50_Photon18_R9Id85_OR_CaloId10_Iso50_Mass60_v6,7,hltL1sL1DoubleEG137,HLTLevel1GTSeed,-82,196,0,13,-2.586,-0.349066,0
HLT_Photon26_R9Id85_OR_CaloId10_Iso50_Photon18_R9Id85_OR_CaloId10_Iso50_Mass70_v2,7,hltL1sL1DoubleEG137,HLTLevel1GTSeed,-83,190,0,19,-0.174,-2.0944,0
HLT_Photon26_R9Id85_OR_CaloId10_Iso50_Photon18_R9Id85_OR_CaloId10_Iso50_Mass70_v2,7,hltL1sL1DoubleEG137,HLTLevel1GTSeed,-82,194,0,63,-0.8695,2.0944,0
HLT_Photon26_R9Id85_OR_CaloId10_Iso50_Photon18_R9Id85_OR_CaloId10_Iso50_Mass70_v2,7,hltL1sL1DoubleEG137,HLTLevel1GTSeed,-82,195,0,26,0.5215,1.74533,0
HLT_Photon26_R9Id85_OR_CaloId10_Iso50_Photon18_R9Id85_OR_CaloId10_Iso50_Mass70_v2,7,hltL1sL1DoubleEG137,HLTLevel1GTSeed,-82,196,0,13,-2.586,-0.349066,0
HLT_Photon26_R9Id85_OR_CaloId10_Iso50_Photon18_v5,7,hltL1sL1DoubleEG137,HLTLevel1GTSeed,-83,190,0,19,-0.174,-2.0944,0
HLT_Photon26_R9Id85_OR_CaloId10_Iso50_Photon18_v5,7,hltL1sL1DoubleEG137,HLTLevel1GTSeed,-82,194,0,63,-0.8695,2.0944,0
HLT_Photon26_R9Id85_OR_CaloId10_Iso50_Photon18_v5,7,hltL1sL1DoubleEG137,HLTLevel1GTSeed,-82,195,0,26,0.5215,1.74533,0
HLT_Photon26_R9Id85_OR_CaloId10_Iso50_Photon18_v5,7,hltL1sL1DoubleEG137,HLTLevel1GTSeed,-82,196,0,13,-2.586,-0.349066,0
HLT_Photon30_CaloIdVL_v14,7,hltL1sL1SingleEG20ORL1SingleEG22,HLTLevel1GTSeed,-82,194,0,63,-0.8695,2.0944,0
HLT_Photon30_CaloIdVL_v14,7,hltL1sL1SingleEG20ORL1SingleEG22,HLTLevel1GTSeed,-82,195,0,26,0.5215,1.74533,0
HLT_Photon36_R9Id90_HE10_Iso40_EBOnly_v5,7,hltL1sL1SingleEG22,HLTLevel1GTSeed,-82,194,0,63,-0.8695,2.0944,0
HLT_Photon36_R9Id90_HE10_Iso40_EBOnly_v5,7,hltL1sL1SingleEG22,HLTLevel1GTSeed,-82,195,0,26,0.5215,1.74533,0
HLT_Photon36_Photon22_v6,7,hltL1sL1SingleEG22,HLTLevel1GTSeed,-82,194,0,63,-0.8695,2.0944,0
HLT_Photon36_Photon22_v6,7,hltL1sL1SingleEG22,HLTLevel1GTSeed,-82,195,0,26,0.5215,1.74533,0
HLT_Photon36_R9Id85_Photon22_R9Id85_v4,7,hltL1sL1SingleEG22,HLTLevel1GTSeed,-82,194,0,63,-0.8695,2.0944,0
HLT_Photon36_R9Id85_Photon22_R9Id85_v4,7,hltL1sL1SingleEG22,HLTLevel1GTSeed,-82,195,0,26,0.5215,1.74533,0
HLT_Photon36_R9Id85_Photon22_CaloId10_Iso50_v6,7,hltL1sL1SingleEG22,HLTLevel1GTSeed,-82,194,0,63,-0.8695,2.0944,0
HLT_Photon36_R9Id85_Photon22_CaloId10_Iso50_v6,7,hltL1sL1SingleEG22,HLTLevel1GTSeed,-82,195,0,26,0.5215,1.74533,0
HLT_Photon36_CaloId10_Iso50_Photon22_R9Id85_v6,7,hltL1sL1SingleEG22,HLTLevel1GTSeed,-82,194,0,63,-0.8695,2.0944,0
HLT_Photon36_CaloId10_Iso50_Photon22_R9Id85_v6,7,hltL1sL1SingleEG22,HLTLevel1GTSeed,-82,195,0,26,0.5215,1.74533,0
HLT_Photon36_CaloId10_Iso50_Photon22_R9Id85_v6,52,hltEG22R9Id85LastFilterUnseeded,HLTEgammaGenericFilter,81,7,0,26.2269,0.353829,1.77175,-3.15398e-07
HLT_Photon36_CaloId10_Iso50_Photon22_R9Id85_v6,70,hltEG22CaloId10Iso50TrackIsoLastFilterUnseeded,HLTEgammaGenericQuadraticFilter,81,8,0,22.4236,-0.1686,-2.04749,4.21468e-08
HLT_Photon36_CaloId10_Iso50_Photon22_CaloId10_Iso50_v6,7,hltL1sL1SingleEG22,HLTLevel1GTSeed,-82,194,0,63,-0.8695,2.0944,0
HLT_Photon36_CaloId10_Iso50_Photon22_CaloId10_Iso50_v6,7,hltL1sL1SingleEG22,HLTLevel1GTSeed,-82,195,0,26,0.5215,1.74533,0
HLT_Photon36_CaloId10_Iso50_Photon22_CaloId10_Iso50_v6,33,hltEG36CaloId10Iso50HcalIsoLastFilter,HLTEgammaGenericQuadraticFilter,81,0,0,58.4899,-0.915227,1.97159,6.7435e-07
HLT_Photon36_CaloId10_Iso50_Photon22_CaloId10_Iso50_v6,68,hltEG22CaloId10Iso50TrackIsoDoubleLastFilterUnseeded,HLTEgammaGenericQuadraticFilter,81,8,0,22.4236,-0.1686,-2.04749,4.21468e-08
HLT_Photon36_R9Id85_OR_CaloId10_Iso50_Photon22_R9Id85_OR_CaloId10_Iso50_v6,7,hltL1sL1SingleEG22,HLTLevel1GTSeed,-82,194,0,63,-0.8695,2.0944,0
HLT_Photon36_R9Id85_OR_CaloId10_Iso50_Photon22_R9Id85_OR_CaloId10_Iso50_v6,7,hltL1sL1SingleEG22,HLTLevel1GTSeed,-82,195,0,26,0.5215,1.74533,0
HLT_Photon36_R9Id85_OR_CaloId10_Iso50_Photon22_v5,7,hltL1sL1SingleEG22,HLTLevel1GTSeed,-82,194,0,63,-0.8695,2.0944,0
HLT_Photon36_R9Id85_OR_CaloId10_Iso50_Photon22_v5,7,hltL1sL1SingleEG22,HLTLevel1GTSeed,-82,195,0,26,0.5215,1.74533,0
HLT_Photon50_CaloIdVL_v10,7,hltL1sL1SingleEG20ORL1SingleEG22,HLTLevel1GTSeed,-82,194,0,63,-0.8695,2.0944,0
HLT_Photon50_CaloIdVL_v10,7,hltL1sL1SingleEG20ORL1SingleEG22,HLTLevel1GTSeed,-82,195,0,26,0.5215,1.74533,0
HLT_Photon50_CaloIdVL_IsoL_v17,7,hltL1sL1SingleEG20ORL1SingleEG22,HLTLevel1GTSeed,-82,194,0,63,-0.8695,2.0944,0
HLT_Photon50_CaloIdVL_IsoL_v17,7,hltL1sL1SingleEG20ORL1SingleEG22,HLTLevel1GTSeed,-82,195,0,26,0.5215,1.74533,0
HLT_Photon50_R9Id90_HE10_Iso40_EBOnly_v5,7,hltL1sL1SingleEG22,HLTLevel1GTSeed,-82,194,0,63,-0.8695,2.0944,0
HLT_Photon50_R9Id90_HE10_Iso40_EBOnly_v5,7,hltL1sL1SingleEG22,HLTLevel1GTSeed,-82,195,0,26,0.5215,1.74533,0
HLT_Photon60_CaloIdL_MHT70_v11,7,hltL1sL1SingleEG24,HLTLevel1GTSeed,-82,194,0,63,-0.8695,2.0944,0
HLT_Photon60_CaloIdL_MHT70_v11,7,hltL1sL1SingleEG24,HLTLevel1GTSeed,-82,195,0,26,0.5215,1.74533,0
HLT_Photon60_CaloIdL_HT300_v4,7,hltL1sL1SingleEG24,HLTLevel1GTSeed,-82,194,0,63,-0.8695,2.0944,0
HLT_Photon60_CaloIdL_HT300_v4,7,hltL1sL1SingleEG24,HLTLevel1GTSeed,-82,195,0,26,0.5215,1.74533,0
HLT_Photon70_CaloIdXL_PFNoPUHT400_v3,7,hltL1sL1SingleEG24,HLTLevel1GTSeed,-82,194,0,63,-0.8695,2.0944,0
HLT_Photon70_CaloIdXL_PFNoPUHT400_v3,7,hltL1sL1SingleEG24,HLTLevel1GTSeed,-82,195,0,26,0.5215,1.74533,0
HLT_Photon70_CaloIdXL_PFNoPUHT500_v3,7,hltL1sL1SingleEG24,HLTLevel1GTSeed,-82,194,0,63,-0.8695,2.0944,0
HLT_Photon70_CaloIdXL_PFNoPUHT500_v3,7,hltL1sL1SingleEG24,HLTLevel1GTSeed,-82,195,0,26,0.5215,1.74533,0
HLT_Photon70_CaloIdXL_PFMET100_v6,7,hltL1sL1SingleEG24,HLTLevel1GTSeed,-82,194,0,63,-0.8695,2.0944,0
HLT_Photon70_CaloIdXL_PFMET100_v6,7,hltL1sL1SingleEG24,HLTLevel1GTSeed,-82,195,0,26,0.5215,1.74533,0
HLT_Photon75_CaloIdVL_v13,7,hltL1sL1SingleEG20ORL1SingleEG22,HLTLevel1GTSeed,-82,194,0,63,-0.8695,2.0944,0
HLT_Photon75_CaloIdVL_v13,7,hltL1sL1SingleEG20ORL1SingleEG22,HLTLevel1GTSeed,-82,195,0,26,0.5215,1.74533,0
HLT_Photon75_R9Id90_HE10_Iso40_EBOnly_v5,7,hltL1sL1SingleEG22,HLTLevel1GTSeed,-82,194,0,63,-0.8695,2.0944,0
HLT_Photon75_R9Id90_HE10_Iso40_EBOnly_v5,7,hltL1sL1SingleEG22,HLTLevel1GTSeed,-82,195,0,26,0.5215,1.74533,0
HLT_Photon90_CaloIdVL_v10,7,hltL1sL1SingleEG20ORL1SingleEG22,HLTLevel1GTSeed,-82,194,0,63,-0.8695,2.0944,0
HLT_Photon90_CaloIdVL_v10,7,hltL1sL1SingleEG20ORL1SingleEG22,HLTLevel1GTSeed,-82,195,0,26,0.5215,1.74533,0
HLT_Photon90_R9Id90_HE10_Iso40_EBOnly_v5,7,hltL1sL1SingleEG22,HLTLevel1GTSeed,-82,194,0,63,-0.8695,2.0944,0
HLT_Photon90_R9Id90_HE10_Iso40_EBOnly_v5,7,hltL1sL1SingleEG22,HLTLevel1GTSeed,-82,195,0,26,0.5215,1.74533,0
HLT_DisplacedPhoton65_CaloIdVL_IsoL_PFMET25_v3,7,hltL1sL1SingleEG20ORL1SingleEG22,HLTLevel1GTSeed,-82,194,0,63,-0.8695,2.0944,0
HLT_DisplacedPhoton65_CaloIdVL_IsoL_PFMET25_v3,7,hltL1sL1SingleEG20ORL1SingleEG22,HLTLevel1GTSeed,-82,195,0,26,0.5215,1.74533,0
HLT_DisplacedPhoton65EBOnly_CaloIdVL_IsoL_PFMET30_v3,7,hltL1sL1SingleEG20ORL1SingleEG22,HLTLevel1GTSeed,-82,194,0,63,-0.8695,2.0944,0
HLT_DisplacedPhoton65EBOnly_CaloIdVL_IsoL_PFMET30_v3,7,hltL1sL1SingleEG20ORL1SingleEG22,HLTLevel1GTSeed,-82,195,0,26,0.5215,1.74533,0
HLT_Photon135_v7,7,hltL1sL1SingleEG30,HLTLevel1GTSeed,-82,194,0,63,-0.8695,2.0944,0
HLT_Photon150_v4,7,hltL1sL1SingleEG30,HLTLevel1GTSeed,-82,194,0,63,-0.8695,2.0944,0
HLT_Photon160_v4,7,hltL1sL1SingleEG30,HLTLevel1GTSeed,-82,194,0,63,-0.8695,2.0944,0
HLT_Photon300_NoHE_v5,7,hltL1sL1SingleEG30,HLTLevel1GTSeed,-82,194,0,63,-0.8695,2.0944,0
HLT_DoublePhoton48_HEVT_v8,7,hltL1sL1SingleEG20orL1SingleEG22,HLTLevel1GTSeed,-82,194,0,63,-0.8695,2.0944,0
HLT_DoublePhoton48_HEVT_v8,7,hltL1sL1SingleEG20orL1SingleEG22,HLTLevel1GTSeed,-82,195,0,26,0.5215,1.74533,0
HLT_DoublePhoton48_HEVT_v8,27,hltEG48HEVTFilter,HLTEgammaGenericFilter,81,0,0,58.4899,-0.915227,1.97159,6.7435e-07
HLT_DoublePhoton53_HEVT_v2,7,hltL1sL1SingleEG20orL1SingleEG22,HLTLevel1GTSeed,-82,194,0,63,-0.8695,2.0944,0
HLT_DoublePhoton53_HEVT_v2,7,hltL1sL1SingleEG20orL1SingleEG22,HLTLevel1GTSeed,-82,195,0,26,0.5215,1.74533,0
HLT_DoublePhoton53_HEVT_v2,27,hltEG53HEVTFilter,HLTEgammaGenericFilter,81,0,0,58.4899,-0.915227,1.97159,6.7435e-07
HLT_DoublePhoton70_v6,7,hltL1sL1SingleEG30,HLTLevel1GTSeed,-82,194,0,63,-0.8695,2.0944,0
HLT_DoublePhoton80_v7,7,hltL1sL1SingleEG30,HLTLevel1GTSeed,-82,194,0,63,-0.8695,2.0944,0
HLT_L1ETM40_v2,7,hltL1sL1ETM40,HLTLevel1GTSeed,-87,205,0,45.5,0,0.0436332,0
HLT_Ele17_CaloIdT_CaloIsoVL_TrkIdVL_TrkIsoVL_Ele8_CaloIdT_CaloIsoVL_TrkIdVL_TrkIsoVL_v18,7,hltL1sL1DoubleEG137,HLTLevel1GTSeed,-83,190,0,19,-0.174,-2.0944,0
HLT_Ele17_CaloIdT_CaloIsoVL_TrkIdVL_TrkIsoVL_Ele8_CaloIdT_CaloIsoVL_TrkIdVL_TrkIsoVL_v18,7,hltL1sL1DoubleEG137,HLTLevel1GTSeed,-82,194,0,63,-0.8695,2.0944,0
HLT_Ele17_CaloIdT_CaloIsoVL_TrkIdVL_TrkIsoVL_Ele8_CaloIdT_CaloIsoVL_TrkIdVL_TrkIsoVL_v18,7,hltL1sL1DoubleEG137,HLTLevel1GTSeed,-82,195,0,26,0.5215,1.74533,0
HLT_Ele17_CaloIdT_CaloIsoVL_TrkIdVL_TrkIsoVL_Ele8_CaloIdT_CaloIsoVL_TrkIdVL_TrkIsoVL_v18,7,hltL1sL1DoubleEG137,HLTLevel1GTSeed,-82,196,0,13,-2.586,-0.349066,0
HLT_Ele17_CaloIdT_CaloIsoVL_TrkIdVL_TrkIsoVL_Ele8_CaloIdT_CaloIsoVL_TrkIdVL_TrkIsoVL_v18,53,hltEle17TightIdLooseIsoEle8TightIdLooseIsoTrackIsoFilter,HLTElectronGenericFilter,82,14,11,22.5407,-0.13392,-2.0703,-0.00203805
HLT_Ele17_CaloIdT_CaloIsoVL_TrkIdVL_TrkIsoVL_Ele8_CaloIdT_CaloIsoVL_TrkIdVL_TrkIsoVL_v18,53,hltEle17TightIdLooseIsoEle8TightIdLooseIsoTrackIsoFilter,HLTElectronGenericFilter,82,15,11,22.5748,-0.122044,-2.02961,-0.00779228
HLT_Ele17_CaloIdVT_CaloIsoVT_TrkIdT_TrkIsoVT_Ele8_Mass50_v6,7,hltL1sL1DoubleEG137,HLTLevel1GTSeed,-83,190,0,19,-0.174,-2.0944,0
HLT_Ele17_CaloIdVT_CaloIsoVT_TrkIdT_TrkIsoVT_Ele8_Mass50_v6,7,hltL1sL1DoubleEG137,HLTLevel1GTSeed,-82,194,0,63,-0.8695,2.0944,0
HLT_Ele17_CaloIdVT_CaloIsoVT_TrkIdT_TrkIsoVT_Ele8_Mass50_v6,7,hltL1sL1DoubleEG137,HLTLevel1GTSeed,-82,195,0,26,0.5215,1.74533,0
HLT_Ele17_CaloIdVT_CaloIsoVT_TrkIdT_TrkIsoVT_Ele8_Mass50_v6,7,hltL1sL1DoubleEG137,HLTLevel1GTSeed,-82,196,0,13,-2.586,-0.349066,0
HLT_Ele20_CaloIdVT_CaloIsoVT_TrkIdT_TrkIsoVT_SC4_Mass50_v6,7,hltL1sL1SingleIsoEG18er,HLTLevel1GTSeed,-83,190,0,19,-0.174,-2.0944,0
HLT_Ele27_CaloIdL_CaloIsoVL_TrkIdVL_TrkIsoVL_v11,7,hltL1sL1SingleEG20ORL1SingleEG22,HLTLevel1GTSeed,-82,194,0,63,-0.8695,2.0944,0
HLT_Ele27_CaloIdL_CaloIsoVL_TrkIdVL_TrkIsoVL_v11,7,hltL1sL1SingleEG20ORL1SingleEG22,HLTLevel1GTSeed,-82,195,0,26,0.5215,1.74533,0
HLT_Ele27_CaloIdT_CaloIsoVL_TrkIdVL_TrkIsoVL_Ele15_CaloIdT_CaloIsoVL_trackless_v7,7,hltL1sL1SingleEG20ORL1SingleEG22,HLTLevel1GTSeed,-82,194,0,63,-0.8695,2.0944,0
HLT_Ele27_CaloIdT_CaloIsoVL_TrkIdVL_TrkIsoVL_Ele15_CaloIdT_CaloIsoVL_trackless_v7,7,hltL1sL1SingleEG20ORL1SingleEG22,HLTLevel1GTSeed,-82,195,0,26,0.5215,1.74533,0
HLT_Ele27_CaloIdT_CaloIsoVL_TrkIdVL_TrkIsoVL_HFT15_v7,7,hltL1sL1SingleEG20ORL1SingleEG22,HLTLevel1GTSeed,-82,194,0,63,-0.8695,2.0944,0
HLT_Ele27_CaloIdT_CaloIsoVL_TrkIdVL_TrkIsoVL_HFT15_v7,7,hltL1sL1SingleEG20ORL1SingleEG22,HLTLevel1GTSeed,-82,195,0,26,0.5215,1.74533,0
HLT_Ele23_CaloIdT_CaloIsoVL_TrkIdVL_TrkIsoVL_HFT30_v7,7,hltL1sL1SingleEG20ORL1SingleEG22,HLTLevel1GTSeed,-82,194,0,63,-0.8695,2.0944,0
HLT_Ele23_CaloIdT_CaloIsoVL_TrkIdVL_TrkIsoVL_HFT30_v7,7,hltL1sL1SingleEG20ORL1SingleEG22,HLTLevel1GTSeed,-82,195,0,26,0.5215,1.74533,0
HLT_Ele25_CaloIdVT_CaloIsoVL_TrkIdVL_TrkIsoT_TriCentralPFNoPUJet30_v3,7,hltL1sL1SingleEG20orL1SingleEG22,HLTLevel1GTSeed,-82,194,0,63,-0.8695,2.0944,0
HLT_Ele25_CaloIdVT_CaloIsoVL_TrkIdVL_TrkIsoT_TriCentralPFNoPUJet30_v3,7,hltL1sL1SingleEG20orL1SingleEG22,HLTLevel1GTSeed,-82,195,0,26,0.5215,1.74533,0
HLT_Ele25_CaloIdVT_CaloIsoVL_TrkIdVL_TrkIsoT_TriCentralPFNoPUJet45_35_25_v1,7,hltL1sL1SingleEG20orL1SingleEG22,HLTLevel1GTSeed,-82,194,0,63,-0.8695,2.0944,0
HLT_Ele25_CaloIdVT_CaloIsoVL_TrkIdVL_TrkIsoT_TriCentralPFNoPUJet45_35_25_v1,7,hltL1sL1SingleEG20orL1SingleEG22,HLTLevel1GTSeed,-82,195,0,26,0.5215,1.74533,0
HLT_Ele25_CaloIdVT_CaloIsoVL_TrkIdVL_TrkIsoT_TriCentralPFNoPUJet50_40_30_v3,7,hltL1sL1SingleEG20orL1SingleEG22,HLTLevel1GTSeed,-82,194,0,63,-0.8695,2.0944,0
HLT_Ele25_CaloIdVT_CaloIsoVL_TrkIdVL_TrkIsoT_TriCentralPFNoPUJet50_40_30_v3,7,hltL1sL1SingleEG20orL1SingleEG22,HLTLevel1GTSeed,-82,195,0,26,0.5215,1.74533,0
HLT_Ele27_WP80_v11,7,hltL1sL1SingleEG20ORL1SingleEG22,HLTLevel1GTSeed,-82,194,0,63,-0.8695,2.0944,0
HLT_Ele27_WP80_v11,7,hltL1sL1SingleEG20ORL1SingleEG22,HLTLevel1GTSeed,-82,195,0,26,0.5215,1.74533,0
HLT_Ele27_WP80_PFMET_MT50_v6,7,hltL1sL1SingleEG20ORL1SingleEG22,HLTLevel1GTSeed,-82,194,0,63,-0.8695,2.0944,0
HLT_Ele27_WP80_PFMET_MT50_v6,7,hltL1sL1SingleEG20ORL1SingleEG22,HLTLevel1GTSeed,-82,195,0,26,0.5215,1.74533,0
HLT_Ele30_CaloIdVT_TrkIdT_v6,7,hltL1sL1SingleEG22,HLTLevel1GTSeed,-82,194,0,63,-0.8695,2.0944,0
HLT_Ele30_CaloIdVT_TrkIdT_v6,7,hltL1sL1SingleEG22,HLTLevel1GTSeed,-82,195,0,26,0.5215,1.74533,0
HLT_Ele32_CaloIdL_CaloIsoVL_TrkIdVL_TrkIsoVL_v11,7,hltL1sL1SingleEG20ORL1SingleEG22,HLTLevel1GTSeed,-82,194,0,63,-0.8695,2.0944,0
HLT_Ele32_CaloIdL_CaloIsoVL_TrkIdVL_TrkIsoVL_v11,7,hltL1sL1SingleEG20ORL1SingleEG22,HLTLevel1GTSeed,-82,195,0,26,0.5215,1.74533,0
HLT_Ele32_CaloIdT_CaloIsoT_TrkIdT_TrkIsoT_SC17_Mass50_v6,7,hltL1sL1SingleEG22,HLTLevel1GTSeed,-82,194,0,63,-0.8695,2.0944,0
HLT_Ele32_CaloIdT_CaloIsoT_TrkIdT_TrkIsoT_SC17_Mass50_v6,7,hltL1sL1SingleEG22,HLTLevel1GTSeed,-82,195,0,26,0.5215,1.74533,0
HLT_Ele80_CaloIdVT_GsfTrkIdT_v2,7,hltL1sL1SingleEG20ORL1SingleEG22,HLTLevel1GTSeed,-82,194,0,63,-0.8695,2.0944,0
HLT_Ele80_CaloIdVT_GsfTrkIdT_v2,7,hltL1sL1SingleEG20ORL1SingleEG22,HLTLevel1GTSeed,-82,195,0,26,0.5215,1.74533,0
HLT_Ele90_CaloIdVT_GsfTrkIdT_v2,7,hltL1sL1SingleEG20ORL1SingleEG22,HLTLevel1GTSeed,-82,194,0,63,-0.8695,2.0944,0
HLT_Ele90_CaloIdVT_GsfTrkIdT_v2,7,hltL1sL1SingleEG20ORL1SingleEG22,HLTLevel1GTSeed,-82,195,0,26,0.5215,1.74533,0
HLT_DoubleEle33_CaloIdL_v14,7,hltL1sL1SingleEG22,HLTLevel1GTSeed,-82,194,0,63,-0.8695,2.0944,0
HLT_DoubleEle33_CaloIdL_v14,7,hltL1sL1SingleEG22,HLTLevel1GTSeed,-82,195,0,26,0.5215,1.74533,0
HLT_DoubleEle33_CaloIdL_GsfTrkIdVL_v7,7,hltL1sL1SingleEG22,HLTLevel1GTSeed,-82,194,0,63,-0.8695,2.0944,0
HLT_DoubleEle33_CaloIdL_GsfTrkIdVL_v7,7,hltL1sL1SingleEG22,HLTLevel1GTSeed,-82,195,0,26,0.5215,1.74533,0
HLT_DoubleEle33_CaloIdL_GsfTrkIdVL_v7,37,hltEle33CaloIdLPixelMatchFilter,HLTElectronPixelMatchFilter,92,0,0,58.4899,-0.915227,1.97159,6.7435e-07
HLT_DoubleEle33_CaloIdT_v10,7,hltL1sL1SingleEG22,HLTLevel1GTSeed,-82,194,0,63,-0.8695,2.0944,0
HLT_DoubleEle33_CaloIdT_v10,7,hltL1sL1SingleEG22,HLTLevel1GTSeed,-82,195,0,26,0.5215,1.74533,0
HLT_Ele15_Ele8_Ele5_CaloIdL_TrkIdVL_v6,7,hltL1sL1EG12EG7EG5,HLTLevel1GTSeed,-83,190,0,19,-0.174,-2.0944,0
HLT_Ele15_Ele8_Ele5_CaloIdL_TrkIdVL_v6,7,hltL1sL1EG12EG7EG5,HLTLevel1GTSeed,-82,194,0,63,-0.8695,2.0944,0
HLT_Ele15_Ele8_Ele5_CaloIdL_TrkIdVL_v6,7,hltL1sL1EG12EG7EG5,HLTLevel1GTSeed,-82,195,0,26,0.5215,1.74533,0
HLT_Ele15_Ele8_Ele5_CaloIdL_TrkIdVL_v6,7,hltL1sL1EG12EG7EG5,HLTLevel1GTSeed,-82,196,0,13,-2.586,-0.349066,0
HLT_Ele15_Ele8_Ele5_CaloIdL_TrkIdVL_v6,7,hltL1sL1EG12EG7EG5,HLTLevel1GTSeed,-82,197,0,5,-2.586,0,0
HLT_LooseIsoPFTau35_Trk20_Prong1_MET70_v9,7,hltL1sL1ETM36or40,HLTLevel1GTSeed,-87,205,0,45.5,0,0.0436332,0
HLT_LooseIsoPFTau35_Trk20_Prong1_MET70_v9,34,hltFilterL2EtCutSingleIsoPFTau35Trk20,HLT1CaloJet,84,124,15,83.6212,1.41874,-1.86614,5.67888
HLT_LooseIsoPFTau35_Trk20_Prong1_MET70_v9,34,hltFilterL2EtCutSingleIsoPFTau35Trk20,HLT1CaloJet,84,125,15,59.6579,-0.920917,1.97373,2.83118
HLT_LooseIsoPFTau35_Trk20_Prong1_MET70_v9,34,hltFilterL2EtCutSingleIsoPFTau35Trk20,HLT1CaloJet,84,126,15,43.3833,0.364008,1.76397,4.25808
HLT_LooseIsoPFTau35_Trk20_Prong1_MET70_v9,34,hltFilterL2EtCutSingleIsoPFTau35Trk20,HLT1CaloJet,84,127,15,29.8093,-2.47579,-0.386007,2.65905
HLT_LooseIsoPFTau35_Trk20_Prong1_MET75_v9,7,hltL1sL1ETM36or40,HLTLevel1GTSeed,-87,205,0,45.5,0,0.0436332,0
HLT_LooseIsoPFTau35_Trk20_Prong1_MET75_v9,34,hltFilterL2EtCutSingleIsoPFTau35Trk20,HLT1CaloJet,84,124,15,83.6212,1.41874,-1.86614,5.67888
HLT_LooseIsoPFTau35_Trk20_Prong1_MET75_v9,34,hltFilterL2EtCutSingleIsoPFTau35Trk20,HLT1CaloJet,84,125,15,59.6579,-0.920917,1.97373,2.83118
HLT_LooseIsoPFTau35_Trk20_Prong1_MET75_v9,34,hltFilterL2EtCutSingleIsoPFTau35Trk20,HLT1CaloJet,84,126,15,43.3833,0.364008,1.76397,4.25808
HLT_LooseIsoPFTau35_Trk20_Prong1_MET75_v9,34,hltFilterL2EtCutSingleIsoPFTau35Trk20,HLT1CaloJet,84,127,15,29.8093,-2.47579,-0.386007,2.65905
HLT_IsoMu15_eta2p1_LooseIsoPFTau35_Trk20_Prong1_L1ETM20_v9,7,hltL1sMu12Eta2p1ETM20,HLTLevel1GTSeed,-81,198,0,20,0.35,-2.87979,0.105658
HLT_IsoMu15_eta2p1_LooseIsoPFTau35_Trk20_Prong1_L1ETM20_v9,7,hltL1sMu12Eta2p1ETM20,HLTLevel1GTSeed,-81,199,0,12,0.05,-1.8326,0.105658
HLT_IsoMu15_eta2p1_LooseIsoPFTau35_Trk20_Prong1_L1ETM20_v9,7,hltL1sMu12Eta2p1ETM20,HLTLevel1GTSeed,-87,205,0,45.5,0,0.0436332,0
HLT_IsoMu15_eta2p1_LooseIsoPFTau35_Trk20_Prong1_L1ETM20_v9,22,hltL2fL1sMu12Eta2p1L1f0L2Filtered12Q,HLTMuonL2PreFilter,83,29,-13,26.4076,0.316291,-2.76432,3.37175e-07
HLT_IsoMu15_eta2p1_LooseIsoPFTau35_Trk20_Prong1_L1ETM20_v9,22,hltL2fL1sMu12Eta2p1L1f0L2Filtered12Q,HLTMuonL2PreFilter,83,30,13,13.0593,-0.125962,-2.02816,-1.19209e-07
HLT_IsoMu15_eta2p1_LooseIsoPFTau35_Trk20_Prong1_L1ETM20_v9,48,hltL3fL1sMu12Eta2p1L1f0L2f12QL3Filtered15Q,HLTMuonL3PreFilter,83,33,-13,22.7463,0.325539,-2.74961,0
HLT_IsoMu15_eta2p1_LooseIsoPFTau35_Trk20_Prong1_L1ETM20_v9,69,hltL3crIsoL1sMu12Eta2p1L1f0L2f12QL3f15QL3crIsoRhoFiltered0p15,HLTMuonIsoFilter,83,33,-13,22.7463,0.325539,-2.74961,0
HLT_IsoMu15_eta2p1_LooseIsoPFTau35_Trk20_Prong1_L1ETM20_v9,95,hltFilterL2EtCutSingleIsoPFTau35Trk20,HLT1CaloJet,84,124,15,83.6212,1.41874,-1.86614,5.67888
HLT_IsoMu15_eta2p1_LooseIsoPFTau35_Trk20_Prong1_L1ETM20_v9,95,hltFilterL2EtCutSingleIsoPFTau35Trk20,HLT1CaloJet,84,125,15,59.6579,-0.920917,1.97373,2.83118
HLT_IsoMu15_eta2p1_LooseIsoPFTau35_Trk20_Prong1_L1ETM20_v9,95,hltFilterL2EtCutSingleIsoPFTau35Trk20,HLT1CaloJet,84,126,15,43.3833,0.364008,1.76397,4.25808
HLT_IsoMu15_eta2p1_LooseIsoPFTau35_Trk20_Prong1_L1ETM20_v9,95,hltFilterL2EtCutSingleIsoPFTau35Trk20,HLT1CaloJet,84,127,15,29.8093,-2.47579,-0.386007,2.65905
HLT_IsoMu15_eta2p1_LooseIsoPFTau35_Trk20_Prong1_L1ETM20_v9,226,hltPFTau35,HLT1PFTau,84,600,0,91.9976,1.41822,-1.89264,5.94311
HLT_IsoMu15_eta2p1_LooseIsoPFTau35_Trk20_Prong1_L1ETM20_v9,226,hltPFTau35,HLT1PFTau,84,601,0,68.6954,-0.893589,1.97882,2.56706
HLT_IsoMu15_eta2p1_LooseIsoPFTau35_Trk20_Prong1_L1ETM20_v9,226,hltPFTau35,HLT1PFTau,84,602,0,56.0345,0.398608,1.77792,4.31824
HLT_IsoMu15_eta2p1_LooseIsoPFTau35_Trk20_Prong1_L1ETM20_v9,226,hltPFTau35,HLT1PFTau,84,604,0,42.8864,-0.130869,-2.05872,1.61909
HLT_IsoMu15_eta2p1_LooseIsoPFTau35_Trk20_Prong1_L1ETM20_v9,227,hltPFTau35Track,HLT1PFTau,84,762,0,91.9976,1.41822,-1.89264,5.94311
HLT_IsoMu15_eta2p1_LooseIsoPFTau35_Trk20_Prong1_L1ETM20_v9,227,hltPFTau35Track,HLT1PFTau,84,763,0,68.6954,-0.893589,1.97882,2.56706
HLT_IsoMu15_eta2p1_LooseIsoPFTau35_Trk20_Prong1_L1ETM20_v9,227,hltPFTau35Track,HLT1PFTau,84,764,0,56.0345,0.398608,1.77792,4.31824
HLT_IsoMu15_eta2p1_LooseIsoPFTau35_Trk20_Prong1_L1ETM20_v9,227,hltPFTau35Track,HLT1PFTau,84,766,0,42.8864,-0.130869,-2.05872,1.61909
HLT_IsoMu15_eta2p1_LooseIsoPFTau35_Trk20_Prong1_L1ETM20_v9,230,hltPFTau35TrackPt20,HLT1PFTau,84,810,0,91.9976,1.41822,-1.89264,5.94311
HLT_IsoMu15_eta2p1_LooseIsoPFTau35_Trk20_Prong1_L1ETM20_v9,230,hltPFTau35TrackPt20,HLT1PFTau,84,811,0,42.8864,-0.130869,-2.05872,1.61909
HLT_IsoMu15_eta2p1_LooseIsoPFTau35_Trk20_Prong1_L1ETM20_v9,232,hltPFTau35TrackPt20LooseIso,HLT1PFTau,84,813,0,91.9976,1.41822,-1.89264,5.94311
HLT_IsoMu15_eta2p1_LooseIsoPFTau35_Trk20_Prong1_L1ETM20_v9,232,hltPFTau35TrackPt20LooseIso,HLT1PFTau,84,814,0,42.8864,-0.130869,-2.05872,1.61909
HLT_IsoMu15_eta2p1_LooseIsoPFTau35_Trk20_Prong1_L1ETM20_v9,234,hltPFTau35TrackPt20LooseIsoProng2,HLT1PFTau,84,816,0,42.8864,-0.130869,-2.05872,1.61909
HLT_DoubleMediumIsoPFTau30_Trk1_eta2p1_Jet30_v4,7,hltL1sDoubleTauJet44erorDoubleJetC64,HLTLevel1GTSeed,-84,200,0,132,1.566,-1.74533,0
HLT_DoubleMediumIsoPFTau30_Trk1_eta2p1_Jet30_v4,7,hltL1sDoubleTauJet44erorDoubleJetC64,HLTLevel1GTSeed,-84,201,0,84,0.5215,1.74533,0
HLT_DoubleMediumIsoPFTau30_Trk1_eta2p1_Jet30_v4,7,hltL1sDoubleTauJet44erorDoubleJetC64,HLTLevel1GTSeed,-86,202,0,108,-0.8695,2.0944,0
HLT_DoubleMediumIsoPFTau30_Trk1_eta2p1_Jet30_v4,34,hltDoubleL2Tau30eta2p1,HLT1CaloJet,84,124,15,83.6212,1.41874,-1.86614,5.67888
HLT_DoubleMediumIsoPFTau30_Trk1_eta2p1_Jet30_v4,34,hltDoubleL2Tau30eta2p1,HLT1CaloJet,84,125,15,59.6579,-0.920917,1.97373,2.83118
HLT_DoubleMediumIsoPFTau30_Trk1_eta2p1_Jet30_v4,34,hltDoubleL2Tau30eta2p1,HLT1CaloJet,84,126,15,43.3833,0.364008,1.76397,4.25808
HLT_DoubleMediumIsoPFTau30_Trk1_eta2p1_Jet30_v4,47,hltDoubleL2Jets30eta2p1,HLT1CaloJet,85,58,0,127.524,1.42204,-1.87009,14.1744
HLT_DoubleMediumIsoPFTau30_Trk1_eta2p1_Jet30_v4,47,hltDoubleL2Jets30eta2p1,HLT1CaloJet,85,59,0,98.2244,-0.936585,1.9926,11.782
HLT_DoubleMediumIsoPFTau30_Trk1_eta2p1_Jet30_v4,47,hltDoubleL2Jets30eta2p1,HLT1CaloJet,85,60,0,82.3896,0.349833,1.75677,14.2559
HLT_DoubleMediumIsoPFTau30_Trk1_eta2p1_Jet30_v4,47,hltDoubleL2Jets30eta2p1,HLT1CaloJet,85,62,0,40.6828,-0.169835,-2.04394,4.42298
HLT_DoubleMediumIsoPFTau30_Trk1_eta2p1_Jet30_v4,48,hltTripleL2Jets30eta3,HLT1CaloJet,85,58,0,127.524,1.42204,-1.87009,14.1744
HLT_DoubleMediumIsoPFTau30_Trk1_eta2p1_Jet30_v4,48,hltTripleL2Jets30eta3,HLT1CaloJet,85,59,0,98.2244,-0.936585,1.9926,11.782
HLT_DoubleMediumIsoPFTau30_Trk1_eta2p1_Jet30_v4,48,hltTripleL2Jets30eta3,HLT1CaloJet,85,60,0,82.3896,0.349833,1.75677,14.2559
HLT_DoubleMediumIsoPFTau30_Trk1_eta2p1_Jet30_v4,48,hltTripleL2Jets30eta3,HLT1CaloJet,85,61,0,55.4781,-2.50617,-0.359408,11.9051
HLT_DoubleMediumIsoPFTau30_Trk1_eta2p1_Jet30_v4,48,hltTripleL2Jets30eta3,HLT1CaloJet,85,62,0,40.6828,-0.169835,-2.04394,4.42298
HLT_DoubleMediumIsoPFTau30_Trk1_eta2p1_Jet30_v4,49,hltL2Tau25eta2p1,HLT1CaloJet,84,124,15,83.6212,1.41874,-1.86614,5.67888
HLT_DoubleMediumIsoPFTau30_Trk1_eta2p1_Jet30_v4,49,hltL2Tau25eta2p1,HLT1CaloJet,84,125,15,59.6579,-0.920917,1.97373,2.83118
HLT_DoubleMediumIsoPFTau30_Trk1_eta2p1_Jet30_v4,49,hltL2Tau25eta2p1,HLT1CaloJet,84,126,15,43.3833,0.364008,1.76397,4.25808
HLT_DoubleMediumIsoPFTau30_Trk1_eta2p1_Jet30_v4,57,hltL2DiTauIsoFilter,HLTCaloJetTag,84,132,15,59.6579,-0.920917,1.97373,2.83118
HLT_DoubleMediumIsoPFTau30_Trk1_eta2p1_Jet30_v4,57,hltL2DiTauIsoFilter,HLTCaloJetTag,84,133,15,43.3833,0.364008,1.76397,4.25808
HLT_DoubleMediumIsoPFTau30_Trk1_eta2p1_Jet30_v4,59,hltDoubleL2IsoTau30eta2p1,HLT1CaloJet,84,129,15,59.6579,-0.920917,1.97373,2.83118
HLT_DoubleMediumIsoPFTau30_Trk1_eta2p1_Jet30_v4,59,hltDoubleL2IsoTau30eta2p1,HLT1CaloJet,84,130,15,43.3833,0.364008,1.76397,4.25808
HLT_DoubleMediumIsoPFTau30_Trk1_eta2p1_Jet30_v4,188,hltDoublePFTau30,HLT1PFTau,84,473,0,90.3851,1.41862,-1.8925,5.26017
HLT_DoubleMediumIsoPFTau30_Trk1_eta2p1_Jet30_v4,188,hltDoublePFTau30,HLT1PFTau,84,474,0,68.181,-0.892251,1.97781,2.23425
HLT_DoubleMediumIsoPFTau30_Trk1_eta2p1_Jet30_v4,188,hltDoublePFTau30,HLT1PFTau,84,475,0,51.8071,0.396129,1.77781,3.17927
HLT_DoubleMediumIsoPFTau30_Trk1_eta2p1_Jet30_v4,188,hltDoublePFTau30,HLT1PFTau,84,477,0,42.8864,-0.130869,-2.05872,1.61909
HLT_DoubleMediumIsoPFTau30_Trk1_eta2p1_Jet30_v4,191,hltDoublePFTau30TrackPt1,HLT1PFTau,84,751,0,90.3851,1.41862,-1.8925,5.26017
HLT_DoubleMediumIsoPFTau30_Trk1_eta2p1_Jet30_v4,191,hltDoublePFTau30TrackPt1,HLT1PFTau,84,752,0,68.181,-0.892251,1.97781,2.23425
HLT_DoubleMediumIsoPFTau30_Trk1_eta2p1_Jet30_v4,191,hltDoublePFTau30TrackPt1,HLT1PFTau,84,753,0,51.8071,0.396129,1.77781,3.17927
HLT_DoubleMediumIsoPFTau30_Trk1_eta2p1_Jet30_v4,191,hltDoublePFTau30TrackPt1,HLT1PFTau,84,755,0,42.8864,-0.130869,-2.05872,1.61909
HLT_DoubleMediumIsoPFTau30_Trk1_eta2p1_Jet30_v4,193,hltDoublePFTau30TrackPt1MediumIsolation,HLT1PFTau,84,787,0,68.181,-0.892251,1.97781,2.23425
HLT_DoubleMediumIsoPFTau30_Trk1_eta2p1_Jet30_v4,193,hltDoublePFTau30TrackPt1MediumIsolation,HLT1PFTau,84,789,0,42.8864,-0.130869,-2.05872,1.61909
HLT_DoubleMediumIsoPFTau30_Trk1_eta2p1_Jet30_v4,195,hltDoublePFTau30TrackPt1MediumIsolationProng4,HLT1PFTau,84,802,0,68.181,-0.892251,1.97781,2.23425
HLT_DoubleMediumIsoPFTau30_Trk1_eta2p1_Jet30_v4,195,hltDoublePFTau30TrackPt1MediumIsolationProng4,HLT1PFTau,84,804,0,42.8864,-0.130869,-2.05872,1.61909
HLT_DoubleMediumIsoPFTau30_Trk1_eta2p1_Jet30_v4,197,hltDoublePFTau30TrackPt1MediumIsolationProng4L1HLTMatched,HLT1PFTau,84,472,0,68.181,-0.892251,1.97781,2.23425
HLT_DoubleMediumIsoPFTau30_Trk1_eta2p1_v3,7,hltL1sDoubleTauJet44erorDoubleJetC64,HLTLevel1GTSeed,-84,200,0,132,1.566,-1.74533,0
HLT_DoubleMediumIsoPFTau30_Trk1_eta2p1_v3,7,hltL1sDoubleTauJet44erorDoubleJetC64,HLTLevel1GTSeed,-84,201,0,84,0.5215,1.74533,0
HLT_DoubleMediumIsoPFTau30_Trk1_eta2p1_v3,7,hltL1sDoubleTauJet44erorDoubleJetC64,HLTLevel1GTSeed,-86,202,0,108,-0.8695,2.0944,0
HLT_DoubleMediumIsoPFTau35_Trk1_eta2p1_Prong1_v3,7,hltL1sDoubleTauJet44erorDoubleJetC64,HLTLevel1GTSeed,-84,200,0,132,1.566,-1.74533,0
HLT_DoubleMediumIsoPFTau35_Trk1_eta2p1_Prong1_v3,7,hltL1sDoubleTauJet44erorDoubleJetC64,HLTLevel1GTSeed,-84,201,0,84,0.5215,1.74533,0
HLT_DoubleMediumIsoPFTau35_Trk1_eta2p1_Prong1_v3,7,hltL1sDoubleTauJet44erorDoubleJetC64,HLTLevel1GTSeed,-86,202,0,108,-0.8695,2.0944,0
HLT_DoubleMediumIsoPFTau35_Trk1_eta2p1_Prong1_v3,34,hltDoubleL2Tau35eta2p1,HLT1CaloJet,84,124,15,83.6212,1.41874,-1.86614,5.67888
HLT_DoubleMediumIsoPFTau35_Trk1_eta2p1_Prong1_v3,34,hltDoubleL2Tau35eta2p1,HLT1CaloJet,84,125,15,59.6579,-0.920917,1.97373,2.83118
HLT_DoubleMediumIsoPFTau35_Trk1_eta2p1_Prong1_v3,34,hltDoubleL2Tau35eta2p1,HLT1CaloJet,84,126,15,43.3833,0.364008,1.76397,4.25808
HLT_DoubleMediumIsoPFTau35_Trk1_eta2p1_Prong1_v3,35,hltL2Tau25eta2p1,HLT1CaloJet,84,124,15,83.6212,1.41874,-1.86614,5.67888
HLT_DoubleMediumIsoPFTau35_Trk1_eta2p1_Prong1_v3,35,hltL2Tau25eta2p1,HLT1CaloJet,84,125,15,59.6579,-0.920917,1.97373,2.83118
HLT_DoubleMediumIsoPFTau35_Trk1_eta2p1_Prong1_v3,35,hltL2Tau25eta2p1,HLT1CaloJet,84,126,15,43.3833,0.364008,1.76397,4.25808
HLT_DoubleMediumIsoPFTau35_Trk1_eta2p1_Prong1_v3,43,hltL2DiTauIsoFilter,HLTCaloJetTag,84,132,15,59.6579,-0.920917,1.97373,2.83118
HLT_DoubleMediumIsoPFTau35_Trk1_eta2p1_Prong1_v3,43,hltL2DiTauIsoFilter,HLTCaloJetTag,84,133,15,43.3833,0.364008,1.76397,4.25808
HLT_DoubleMediumIsoPFTau35_Trk1_eta2p1_Prong1_v3,45,hltDoubleL2IsoTau35eta2p1,HLT1CaloJet,84,129,15,59.6579,-0.920917,1.97373,2.83118
HLT_DoubleMediumIsoPFTau35_Trk1_eta2p1_Prong1_v3,45,hltDoubleL2IsoTau35eta2p1,HLT1CaloJet,84,130,15,43.3833,0.364008,1.76397,4.25808
HLT_DoubleMediumIsoPFTau35_Trk1_eta2p1_Prong1_v3,174,hltDoublePFTau35,HLT1PFTau,84,473,0,90.3851,1.41862,-1.8925,5.26017
HLT_DoubleMediumIsoPFTau35_Trk1_eta2p1_Prong1_v3,174,hltDoublePFTau35,HLT1PFTau,84,474,0,68.181,-0.892251,1.97781,2.23425
HLT_DoubleMediumIsoPFTau35_Trk1_eta2p1_Prong1_v3,174,hltDoublePFTau35,HLT1PFTau,84,475,0,51.8071,0.396129,1.77781,3.17927
HLT_DoubleMediumIsoPFTau35_Trk1_eta2p1_Prong1_v3,174,hltDoublePFTau35,HLT1PFTau,84,477,0,42.8864,-0.130869,-2.05872,1.61909
HLT_DoubleMediumIsoPFTau35_Trk1_eta2p1_Prong1_v3,177,hltDoublePFTau35TrackPt1,HLT1PFTau,84,751,0,90.3851,1.41862,-1.8925,5.26017
HLT_DoubleMediumIsoPFTau35_Trk1_eta2p1_Prong1_v3,177,hltDoublePFTau35TrackPt1,HLT1PFTau,84,752,0,68.181,-0.892251,1.97781,2.23425
HLT_DoubleMediumIsoPFTau35_Trk1_eta2p1_Prong1_v3,177,hltDoublePFTau35TrackPt1,HLT1PFTau,84,753,0,51.8071,0.396129,1.77781,3.17927
HLT_DoubleMediumIsoPFTau35_Trk1_eta2p1_Prong1_v3,177,hltDoublePFTau35TrackPt1,HLT1PFTau,84,755,0,42.8864,-0.130869,-2.05872,1.61909
HLT_DoubleMediumIsoPFTau35_Trk1_eta2p1_Prong1_v3,179,hltDoublePFTau35TrackPt1MediumIsolation,HLT1PFTau,84,787,0,68.181,-0.892251,1.97781,2.23425
HLT_DoubleMediumIsoPFTau35_Trk1_eta2p1_Prong1_v3,179,hltDoublePFTau35TrackPt1MediumIsolation,HLT1PFTau,84,789,0,42.8864,-0.130869,-2.05872,1.61909
HLT_DoubleMediumIsoPFTau35_Trk1_eta2p1_Prong1_v3,181,hltDoublePFTau35TrackPt1MediumIsolationProng2,HLT1PFTau,84,796,0,42.8864,-0.130869,-2.05872,1.61909
HLT_DoubleMediumIsoPFTau35_Trk1_eta2p1_v3,7,hltL1sDoubleTauJet44erorDoubleJetC64,HLTLevel1GTSeed,-84,200,0,132,1.566,-1.74533,0
HLT_DoubleMediumIsoPFTau35_Trk1_eta2p1_v3,7,hltL1sDoubleTauJet44erorDoubleJetC64,HLTLevel1GTSeed,-84,201,0,84,0.5215,1.74533,0
HLT_DoubleMediumIsoPFTau35_Trk1_eta2p1_v3,7,hltL1sDoubleTauJet44erorDoubleJetC64,HLTLevel1GTSeed,-86,202,0,108,-0.8695,2.0944,0
HLT_DoubleMediumIsoPFTau35_Trk1_eta2p1_v3,34,hltDoubleL2Tau35eta2p1,HLT1CaloJet,84,124,15,83.6212,1.41874,-1.86614,5.67888
HLT_DoubleMediumIsoPFTau35_Trk1_eta2p1_v3,34,hltDoubleL2Tau35eta2p1,HLT1CaloJet,84,125,15,59.6579,-0.920917,1.97373,2.83118
HLT_DoubleMediumIsoPFTau35_Trk1_eta2p1_v3,34,hltDoubleL2Tau35eta2p1,HLT1CaloJet,84,126,15,43.3833,0.364008,1.76397,4.25808
HLT_DoubleMediumIsoPFTau35_Trk1_eta2p1_v3,35,hltL2Tau25eta2p1,HLT1CaloJet,84,124,15,83.6212,1.41874,-1.86614,5.67888
HLT_DoubleMediumIsoPFTau35_Trk1_eta2p1_v3,35,hltL2Tau25eta2p1,HLT1CaloJet,84,125,15,59.6579,-0.920917,1.97373,2.83118
HLT_DoubleMediumIsoPFTau35_Trk1_eta2p1_v3,35,hltL2Tau25eta2p1,HLT1CaloJet,84,126,15,43.3833,0.364008,1.76397,4.25808
HLT_DoubleMediumIsoPFTau35_Trk1_eta2p1_v3,43,hltL2DiTauIsoFilter,HLTCaloJetTag,84,132,15,59.6579,-0.920917,1.97373,2.83118
HLT_DoubleMediumIsoPFTau35_Trk1_eta2p1_v3,43,hltL2DiTauIsoFilter,HLTCaloJetTag,84,133,15,43.3833,0.364008,1.76397,4.25808
HLT_DoubleMediumIsoPFTau35_Trk1_eta2p1_v3,45,hltDoubleL2IsoTau35eta2p1,HLT1CaloJet,84,129,15,59.6579,-0.920917,1.97373,2.83118
HLT_DoubleMediumIsoPFTau35_Trk1_eta2p1_v3,45,hltDoubleL2IsoTau35eta2p1,HLT1CaloJet,84,130,15,43.3833,0.364008,1.76397,4.25808
HLT_DoubleMediumIsoPFTau35_Trk1_eta2p1_v3,174,hltDoublePFTau35,HLT1PFTau,84,473,0,90.3851,1.41862,-1.8925,5.26017
HLT_DoubleMediumIsoPFTau35_Trk1_eta2p1_v3,174,hltDoublePFTau35,HLT1PFTau,84,474,0,68.181,-0.892251,1.97781,2.23425
HLT_DoubleMediumIsoPFTau35_Trk1_eta2p1_v3,174,hltDoublePFTau35,HLT1PFTau,84,475,0,51.8071,0.396129,1.77781,3.17927
HLT_DoubleMediumIsoPFTau35_Trk1_eta2p1_v3,174,hltDoublePFTau35,HLT1PFTau,84,477,0,42.8864,-0.130869,-2.05872,1.61909
HLT_DoubleMediumIsoPFTau35_Trk1_eta2p1_v3,177,hltDoublePFTau35TrackPt1,HLT1PFTau,84,751,0,90.3851,1.41862,-1.8925,5.26017
HLT_DoubleMediumIsoPFTau35_Trk1_eta2p1_v3,177,hltDoublePFTau35TrackPt1,HLT1PFTau,84,752,0,68.181,-0.892251,1.97781,2.23425
HLT_DoubleMediumIsoPFTau35_Trk1_eta2p1_v3,177,hltDoublePFTau35TrackPt1,HLT1PFTau,84,753,0,51.8071,0.396129,1.77781,3.17927
HLT_DoubleMediumIsoPFTau35_Trk1_eta2p1_v3,177,hltDoublePFTau35TrackPt1,HLT1PFTau,84,755,0,42.8864,-0.130869,-2.05872,1.61909
HLT_DoubleMediumIsoPFTau35_Trk1_eta2p1_v3,179,hltDoublePFTau35TrackPt1MediumIsolation,HLT1PFTau,84,787,0,68.181,-0.892251,1.97781,2.23425
HLT_DoubleMediumIsoPFTau35_Trk1_eta2p1_v3,179,hltDoublePFTau35TrackPt1MediumIsolation,HLT1PFTau,84,789,0,42.8864,-0.130869,-2.05872,1.61909
HLT_DoubleMediumIsoPFTau35_Trk1_eta2p1_v3,181,hltDoublePFTau35TrackPt1MediumIsolationProng4,HLT1PFTau,84,802,0,68.181,-0.892251,1.97781,2.23425
HLT_DoubleMediumIsoPFTau35_Trk1_eta2p1_v3,181,hltDoublePFTau35TrackPt1MediumIsolationProng4,HLT1PFTau,84,804,0,42.8864,-0.130869,-2.05872,1.61909
HLT_DoubleMediumIsoPFTau35_Trk1_eta2p1_v3,183,hltDoublePFTau35TrackPt1MediumIsolationProng4L1HLTMatched,HLT1PFTau,84,472,0,68.181,-0.892251,1.97781,2.23425
HLT_IsoMu18_eta2p1_MediumIsoPFTau25_Trk1_eta2p1_v3,7,hltL1sMu16Eta2p1,HLTLevel1GTSeed,-81,198,0,20,0.35,-2.87979,0.105658
HLT_IsoMu18_eta2p1_MediumIsoPFTau25_Trk1_eta2p1_v3,22,hltL2fL1sMu16Eta2p1L1f0L2Filtered16Q,HLTMuonL2PreFilter,83,29,-13,26.4076,0.316291,-2.76432,3.37175e-07
HLT_IsoMu18_eta2p1_MediumIsoPFTau25_Trk1_eta2p1_v3,48,hltL3fL1sMu16Eta2p1L1f0L2f16QL3Filtered18Q,HLTMuonL3PreFilter,83,33,-13,22.7463,0.325539,-2.74961,0
HLT_IsoMu18_eta2p1_MediumIsoPFTau25_Trk1_eta2p1_v3,69,hltL3crIsoL1sMu16Eta2p1L1f0L2f16QL3f18QL3crIsoRhoFiltered0p15,HLTMuonIsoFilter,83,33,-13,22.7463,0.325539,-2.74961,0
HLT_IsoMu18_eta2p1_MediumIsoPFTau25_Trk1_eta2p1_v3,95,hltL2Tau25eta2p1,HLT1CaloJet,84,124,15,83.6212,1.41874,-1.86614,5.67888
HLT_IsoMu18_eta2p1_MediumIsoPFTau25_Trk1_eta2p1_v3,95,hltL2Tau25eta2p1,HLT1CaloJet,84,125,15,59.6579,-0.920917,1.97373,2.83118
HLT_IsoMu18_eta2p1_MediumIsoPFTau25_Trk1_eta2p1_v3,95,hltL2Tau25eta2p1,HLT1CaloJet,84,126,15,43.3833,0.364008,1.76397,4.25808
HLT_IsoMu18_eta2p1_MediumIsoPFTau25_Trk1_eta2p1_v3,103,hltL2TauIsoFilter,HLTCaloJetTag,84,132,15,59.6579,-0.920917,1.97373,2.83118
HLT_IsoMu18_eta2p1_MediumIsoPFTau25_Trk1_eta2p1_v3,103,hltL2TauIsoFilter,HLTCaloJetTag,84,133,15,43.3833,0.364008,1.76397,4.25808
HLT_IsoMu18_eta2p1_MediumIsoPFTau25_Trk1_eta2p1_v3,206,hltPFTau25TrackPt1MediumIsolationProng4IsoMuVertex,HLT1PFTau,84,468,0,68.181,-0.892251,1.97781,2.23425
HLT_IsoMu18_eta2p1_MediumIsoPFTau25_Trk1_eta2p1_v3,206,hltPFTau25TrackPt1MediumIsolationProng4IsoMuVertex,HLT1PFTau,84,469,0,42.8864,-0.130869,-2.05872,1.61909
HLT_IsoMu18_eta2p1_MediumIsoPFTau25_Trk1_eta2p1_v3,207,hltOverlapFilterIsoMu18PFTau25TrackPt1Prong4,HLT2MuonPFTau,83,33,-13,22.7463,0.325539,-2.74961,0
HLT_IsoMu18_eta2p1_MediumIsoPFTau25_Trk1_eta2p1_v3,207,hltOverlapFilterIsoMu18PFTau25TrackPt1Prong4,HLT2MuonPFTau,83,33,-13,22.7463,0.325539,-2.74961,0
HLT_IsoMu18_eta2p1_MediumIsoPFTau25_Trk1_eta2p1_v3,207,hltOverlapFilterIsoMu18PFTau25TrackPt1Prong4,HLT2MuonPFTau,84,468,0,68.181,-0.892251,1.97781,2.23425
HLT_IsoMu18_eta2p1_MediumIsoPFTau25_Trk1_eta2p1_v3,207,hltOverlapFilterIsoMu18PFTau25TrackPt1Prong4,HLT2MuonPFTau,84,469,0,42.8864,-0.130869,-2.05872,1.61909
HLT_BTagMu_Jet300_Mu5_v6,7,hltL1sL1SingleJet128,HLTLevel1GTSeed,-84,200,0,132,1.566,-1.74533,0
HLT_Mu8_Ele17_CaloIdT_CaloIsoVL_TrkIdVL_TrkIsoVL_v9,7,hltL1sL1Mu3p5EG12ORL1MuOpenEG12,HLTLevel1GTSeed,-83,190,0,19,-0.174,-2.0944,0
HLT_Mu8_Ele17_CaloIdT_CaloIsoVL_TrkIdVL_TrkIsoVL_v9,7,hltL1sL1Mu3p5EG12ORL1MuOpenEG12,HLTLevel1GTSeed,-82,194,0,63,-0.8695,2.0944,0
HLT_Mu8_Ele17_CaloIdT_CaloIsoVL_TrkIdVL_TrkIsoVL_v9,7,hltL1sL1Mu3p5EG12ORL1MuOpenEG12,HLTLevel1GTSeed,-82,195,0,26,0.5215,1.74533,0
HLT_Mu8_Ele17_CaloIdT_CaloIsoVL_TrkIdVL_TrkIsoVL_v9,7,hltL1sL1Mu3p5EG12ORL1MuOpenEG12,HLTLevel1GTSeed,-82,196,0,13,-2.586,-0.349066,0
HLT_Mu8_Ele17_CaloIdT_CaloIsoVL_TrkIdVL_TrkIsoVL_v9,7,hltL1sL1Mu3p5EG12ORL1MuOpenEG12,HLTLevel1GTSeed,-81,198,0,20,0.35,-2.87979,0.105658
HLT_Mu8_Ele17_CaloIdT_CaloIsoVL_TrkIdVL_TrkIsoVL_v9,7,hltL1sL1Mu3p5EG12ORL1MuOpenEG12,HLTLevel1GTSeed,-81,199,0,12,0.05,-1.8326,0.105658
HLT_Mu8_Ele17_CaloIdT_CaloIsoVL_TrkIdVL_TrkIsoVL_v9,22,hltL1sL1Mu3p5EG12ORL1MuOpenEG12L2Filtered5,HLTMuonL2PreFilter,83,29,-13,26.4076,0.316291,-2.76432,3.37175e-07
HLT_Mu8_Ele17_CaloIdT_CaloIsoVL_TrkIdVL_TrkIsoVL_v9,22,hltL1sL1Mu3p5EG12ORL1MuOpenEG12L2Filtered5,HLTMuonL2PreFilter,83,30,13,13.0593,-0.125962,-2.02816,-1.19209e-07
HLT_Mu8_Ele17_CaloIdT_CaloIsoVL_TrkIdVL_TrkIsoVL_v9,48,hltL1sL1Mu3p5EG12ORL1MuOpenEG12L3Filtered8,HLTMuonL3PreFilter,83,33,-13,22.7463,0.325539,-2.74961,0
HLT_Mu8_Ele17_CaloIdT_CaloIsoVL_TrkIdVL_TrkIsoVL_v9,48,hltL1sL1Mu3p5EG12ORL1MuOpenEG12L3Filtered8,HLTMuonL3PreFilter,83,34,13,13.2011,-0.122044,-2.02961,0
HLT_Mu8_Ele17_CaloIdT_CaloIsoVL_TrkIdVL_TrkIsoVL_v9,93,hltMu8Ele17CaloIdTCaloIsoVLTrkIdVLTrkIsoVLTrackIsoFilter,HLTElectronGenericFilter,82,14,11,22.5407,-0.13392,-2.0703,-0.00203805
HLT_IsoMu12_DoubleCentralJet65_v4,7,hltL1sL1DoubleJetC64ORDoubleJetC56ORDoubleJetC52,HLTLevel1GTSeed,-84,200,0,132,1.566,-1.74533,0
HLT_IsoMu12_DoubleCentralJet65_v4,7,hltL1sL1DoubleJetC64ORDoubleJetC56ORDoubleJetC52,HLTLevel1GTSeed,-84,201,0,84,0.5215,1.74533,0
HLT_IsoMu12_DoubleCentralJet65_v4,7,hltL1sL1DoubleJetC64ORDoubleJetC56ORDoubleJetC52,HLTLevel1GTSeed,-86,202,0,108,-0.8695,2.0944,0
HLT_Mu15_eta2p1_L1ETM20_v5,7,hltL1sMu12Eta2p1ETM20,HLTLevel1GTSeed,-81,198,0,20,0.35,-2.87979,0.105658
HLT_Mu15_eta2p1_L1ETM20_v5,7,hltL1sMu12Eta2p1ETM20,HLTLevel1GTSeed,-81,199,0,12,0.05,-1.8326,0.105658
HLT_Mu15_eta2p1_L1ETM20_v5,7,hltL1sMu12Eta2p1ETM20,HLTLevel1GTSeed,-87,205,0,45.5,0,0.0436332,0
HLT_Mu24_PFJet30_PFJet25_Deta3_CentralPFJet25_v3,7,hltL1sMu16,HLTLevel1GTSeed,-81,198,0,20,0.35,-2.87979,0.105658
HLT_Mu24_CentralPFJet30_CentralPFJet25_v3,7,hltL1sMu16,HLTLevel1GTSeed,-81,198,0,20,0.35,-2.87979,0.105658
HLT_IsoMu24_PFJet30_PFJet25_Deta3_CentralPFJet25_v3,7,hltL1sMu16,HLTLevel1GTSeed,-81,198,0,20,0.35,-2.87979,0.105658
HLT_IsoMu24_PFJet30_PFJet25_Deta3_CentralPFJet25_v3,22,hltL2fL1sMu16Eta2p4L1f0L2Filtered16Q,HLTMuonL2PreFilter,83,29,-13,26.4076,0.316291,-2.76432,3.37175e-07
HLT_IsoMu24_CentralPFJet30_CentralPFJet25_v3,7,hltL1sMu16,HLTLevel1GTSeed,-81,198,0,20,0.35,-2.87979,0.105658
HLT_IsoMu24_CentralPFJet30_CentralPFJet25_v3,22,hltL2fL1sMu16Eta2p4L1f0L2Filtered16Q,HLTMuonL2PreFilter,83,29,-13,26.4076,0.316291,-2.76432,3.37175e-07
HLT_IsoMu24_CentralPFJet30_CentralPFJet25_PFMET20_v3,7,hltL1sMu16,HLTLevel1GTSeed,-81,198,0,20,0.35,-2.87979,0.105658
HLT_IsoMu24_CentralPFJet30_CentralPFJet25_PFMET20_v3,22,hltL2fL1sMu16Eta2p4L1f0L2Filtered16Q,HLTMuonL2PreFilter,83,29,-13,26.4076,0.316291,-2.76432,3.37175e-07
HLT_Ele32_WP80_PFJet30_PFJet25_Deta3_v3,7,hltL1sL1SingleEG20ORL1SingleEG22,HLTLevel1GTSeed,-82,194,0,63,-0.8695,2.0944,0
HLT_Ele32_WP80_PFJet30_PFJet25_Deta3_v3,7,hltL1sL1SingleEG20ORL1SingleEG22,HLTLevel1GTSeed,-82,195,0,26,0.5215,1.74533,0
HLT_Ele32_WP80_PFJet30_PFJet25_Deta3_CentralPFJet30_v3,7,hltL1sL1SingleEG20ORL1SingleEG22,HLTLevel1GTSeed,-82,194,0,63,-0.8695,2.0944,0
HLT_Ele32_WP80_PFJet30_PFJet25_Deta3_CentralPFJet30_v3,7,hltL1sL1SingleEG20ORL1SingleEG22,HLTLevel1GTSeed,-82,195,0,26,0.5215,1.74533,0
HLT_Ele32_WP80_CentralPFJet35_CentralPFJet25_v3,7,hltL1sL1SingleEG20ORL1SingleEG22,HLTLevel1GTSeed,-82,194,0,63,-0.8695,2.0944,0
HLT_Ele32_WP80_CentralPFJet35_CentralPFJet25_v3,7,hltL1sL1SingleEG20ORL1SingleEG22,HLTLevel1GTSeed,-82,195,0,26,0.5215,1.74533,0
HLT_Ele32_WP80_CentralPFJet35_CentralPFJet25_PFMET20_v3,7,hltL1sL1SingleEG20ORL1SingleEG22,HLTLevel1GTSeed,-82,194,0,63,-0.8695,2.0944,0
HLT_Ele32_WP80_CentralPFJet35_CentralPFJet25_PFMET20_v3,7,hltL1sL1SingleEG20ORL1SingleEG22,HLTLevel1GTSeed,-82,195,0,26,0.5215,1.74533,0
HLT_IsoMu17_eta2p1_CentralPFNoPUJet30_BTagIPIter_v3,7,hltL1sMu14Eta2p1,HLTLevel1GTSeed,-81,198,0,20,0.35,-2.87979,0.105658
HLT_IsoMu17_eta2p1_CentralPFNoPUJet30_BTagIPIter_v3,22,hltL2fL1sMu14Eta2p1L1f0L2Filtered14Q,HLTMuonL2PreFilter,83,29,-13,26.4076,0.316291,-2.76432,3.37175e-07
HLT_IsoMu17_eta2p1_CentralPFNoPUJet30_BTagIPIter_v3,69,hltL3crIsoL1sMu14Eta2p1L1f0L2f16QL3f20L3crIsoRhoFiltered0p15,HLTMuonIsoFilter,83,33,-13,22.7463,0.325539,-2.74961,0
HLT_IsoMu17_eta2p1_CentralPFNoPUJet30_BTagIPIter_v3,198,hltIsoMu172p1CentralBPFNoPUJet30MuCleaned,HLTPFJetCollectionsFilter,86,338,0,121.586,1.42772,-1.87602,13.3215
HLT_IsoMu17_eta2p1_CentralPFNoPUJet30_BTagIPIter_v3,198,hltIsoMu172p1CentralBPFNoPUJet30MuCleaned,HLTPFJetCollectionsFilter,86,339,0,85.3505,-0.909193,1.99884,10.7156
HLT_IsoMu17_eta2p1_CentralPFNoPUJet30_BTagIPIter_v3,198,hltIsoMu172p1CentralBPFNoPUJet30MuCleaned,HLTPFJetCollectionsFilter,86,340,0,69.037,0.390179,1.75371,9.53636
HLT_IsoMu17_eta2p1_CentralPFNoPUJet30_BTagIPIter_v3,198,hltIsoMu172p1CentralBPFNoPUJet30MuCleaned,HLTPFJetCollectionsFilter,86,341,0,53.4694,-2.51809,-0.349413,12.9674
HLT_IsoMu17_eta2p1_CentralPFNoPUJet30_BTagIPIter_v3,198,hltIsoMu172p1CentralBPFNoPUJet30MuCleaned,HLTPFJetCollectionsFilter,86,342,0,47.3971,-0.143185,-2.07414,5.46525
HLT_IsoMu17_eta2p1_CentralPFNoPUJet30_BTagIPIter_v3,210,hltMu17BLifetimeL3PFNoPUFilterSingleTop,HLTPFJetTag,86,464,0,121.586,1.42772,-1.87602,13.3215
HLT_IsoMu17_eta2p1_CentralPFNoPUJet30_BTagIPIter_v3,210,hltMu17BLifetimeL3PFNoPUFilterSingleTop,HLTPFJetTag,86,466,0,69.037,0.390179,1.75371,9.53636
HLT_IsoMu17_eta2p1_CentralPFNoPUJet30_v3,7,hltL1sMu14Eta2p1,HLTLevel1GTSeed,-81,198,0,20,0.35,-2.87979,0.105658
HLT_IsoMu17_eta2p1_DiCentralPFNoPUJet30_v3,7,hltL1sMu14Eta2p1,HLTLevel1GTSeed,-81,198,0,20,0.35,-2.87979,0.105658
HLT_IsoMu17_eta2p1_TriCentralPFNoPUJet45_35_25_v1,7,hltL1sMu14Eta2p1,HLTLevel1GTSeed,-81,198,0,20,0.35,-2.87979,0.105658
HLT_IsoMu17_eta2p1_TriCentralPFNoPUJet45_35_25_v1,22,hltL2fL1sMu14Eta2p1L1f0L2Filtered14Q,HLTMuonL2PreFilter,83,29,-13,26.4076,0.316291,-2.76432,3.37175e-07
HLT_IsoMu17_eta2p1_TriCentralPFNoPUJet45_35_25_v1,69,hltL3crIsoL1sMu14Eta2p1L1f0L2f16QL3f20L3crIsoRhoFiltered0p15,HLTMuonIsoFilter,83,33,-13,22.7463,0.325539,-2.74961,0
HLT_IsoMu17_eta2p1_TriCentralPFNoPUJet45_35_25_v1,198,hltIsoMu172p1TriCentralPFNoPUJet25MuCleaned,HLTPFJetCollectionsFilter,0,338,0,121.586,1.42772,-1.87602,13.3215
HLT_IsoMu17_eta2p1_TriCentralPFNoPUJet45_35_25_v1,198,hltIsoMu172p1TriCentralPFNoPUJet25MuCleaned,HLTPFJetCollectionsFilter,0,339,0,85.3505,-0.909193,1.99884,10.7156
HLT_IsoMu17_eta2p1_TriCentralPFNoPUJet45_35_25_v1,198,hltIsoMu172p1TriCentralPFNoPUJet25MuCleaned,HLTPFJetCollectionsFilter,0,340,0,69.037,0.390179,1.75371,9.53636
HLT_IsoMu17_eta2p1_TriCentralPFNoPUJet45_35_25_v1,198,hltIsoMu172p1TriCentralPFNoPUJet25MuCleaned,HLTPFJetCollectionsFilter,0,341,0,53.4694,-2.51809,-0.349413,12.9674
HLT_IsoMu17_eta2p1_TriCentralPFNoPUJet45_35_25_v1,198,hltIsoMu172p1TriCentralPFNoPUJet25MuCleaned,HLTPFJetCollectionsFilter,0,342,0,47.3971,-0.143185,-2.07414,5.46525
HLT_IsoMu17_eta2p1_TriCentralPFNoPUJet45_35_25_v1,199,hltIsoMu172p1DiCentralPFNoPUJet35MuCleaned,HLTPFJetCollectionsFilter,0,338,0,121.586,1.42772,-1.87602,13.3215
HLT_IsoMu17_eta2p1_TriCentralPFNoPUJet45_35_25_v1,199,hltIsoMu172p1DiCentralPFNoPUJet35MuCleaned,HLTPFJetCollectionsFilter,0,339,0,85.3505,-0.909193,1.99884,10.7156
HLT_IsoMu17_eta2p1_TriCentralPFNoPUJet45_35_25_v1,199,hltIsoMu172p1DiCentralPFNoPUJet35MuCleaned,HLTPFJetCollectionsFilter,0,340,0,69.037,0.390179,1.75371,9.53636
HLT_IsoMu17_eta2p1_TriCentralPFNoPUJet45_35_25_v1,199,hltIsoMu172p1DiCentralPFNoPUJet35MuCleaned,HLTPFJetCollectionsFilter,0,341,0,53.4694,-2.51809,-0.349413,12.9674
HLT_IsoMu17_eta2p1_TriCentralPFNoPUJet45_35_25_v1,199,hltIsoMu172p1DiCentralPFNoPUJet35MuCleaned,HLTPFJetCollectionsFilter,0,342,0,47.3971,-0.143185,-2.07414,5.46525
HLT_IsoMu17_eta2p1_TriCentralPFNoPUJet45_35_25_v1,200,hltIsoMu172p1CentralPFNoPUJet45MuCleaned,HLTPFJetCollectionsFilter,0,338,0,121.586,1.42772,-1.87602,13.3215
HLT_IsoMu17_eta2p1_TriCentralPFNoPUJet45_35_25_v1,200,hltIsoMu172p1CentralPFNoPUJet45MuCleaned,HLTPFJetCollectionsFilter,0,339,0,85.3505,-0.909193,1.99884,10.7156
HLT_IsoMu17_eta2p1_TriCentralPFNoPUJet45_35_25_v1,200,hltIsoMu172p1CentralPFNoPUJet45MuCleaned,HLTPFJetCollectionsFilter,0,340,0,69.037,0.390179,1.75371,9.53636
HLT_IsoMu17_eta2p1_TriCentralPFNoPUJet45_35_25_v1,200,hltIsoMu172p1CentralPFNoPUJet45MuCleaned,HLTPFJetCollectionsFilter,0,341,0,53.4694,-2.51809,-0.349413,12.9674
HLT_IsoMu17_eta2p1_TriCentralPFNoPUJet45_35_25_v1,200,hltIsoMu172p1CentralPFNoPUJet45MuCleaned,HLTPFJetCollectionsFilter,0,342,0,47.3971,-0.143185,-2.07414,5.46525
HLT_IsoMu17_eta2p1_TriCentralPFNoPUJet30_v3,7,hltL1sMu14Eta2p1,HLTLevel1GTSeed,-81,198,0,20,0.35,-2.87979,0.105658
HLT_IsoMu17_eta2p1_TriCentralPFNoPUJet30_v3,22,hltL2fL1sMu14Eta2p1L1f0L2Filtered14Q,HLTMuonL2PreFilter,83,29,-13,26.4076,0.316291,-2.76432,3.37175e-07
HLT_IsoMu17_eta2p1_TriCentralPFNoPUJet30_v3,69,hltL3crIsoL1sMu14Eta2p1L1f0L2f16QL3f20L3crIsoRhoFiltered0p15,HLTMuonIsoFilter,83,33,-13,22.7463,0.325539,-2.74961,0
HLT_IsoMu17_eta2p1_TriCentralPFNoPUJet30_v3,198,hltIsoMu172p1TriCentralPFNoPUJet30MuCleaned,HLTPFJetCollectionsFilter,0,338,0,121.586,1.42772,-1.87602,13.3215
HLT_IsoMu17_eta2p1_TriCentralPFNoPUJet30_v3,198,hltIsoMu172p1TriCentralPFNoPUJet30MuCleaned,HLTPFJetCollectionsFilter,0,339,0,85.3505,-0.909193,1.99884,10.7156
HLT_IsoMu17_eta2p1_TriCentralPFNoPUJet30_v3,198,hltIsoMu172p1TriCentralPFNoPUJet30MuCleaned,HLTPFJetCollectionsFilter,0,340,0,69.037,0.390179,1.75371,9.53636
HLT_IsoMu17_eta2p1_TriCentralPFNoPUJet30_v3,198,hltIsoMu172p1TriCentralPFNoPUJet30MuCleaned,HLTPFJetCollectionsFilter,0,341,0,53.4694,-2.51809,-0.349413,12.9674
HLT_IsoMu17_eta2p1_TriCentralPFNoPUJet30_v3,198,hltIsoMu172p1TriCentralPFNoPUJet30MuCleaned,HLTPFJetCollectionsFilter,0,342,0,47.3971,-0.143185,-2.07414,5.46525
HLT_Mu17_eta2p1_CentralPFNoPUJet30_BTagIPIter_v3,7,hltL1sMu14Eta2p1,HLTLevel1GTSeed,-81,198,0,20,0.35,-2.87979,0.105658
HLT_Mu17_eta2p1_TriCentralPFNoPUJet45_35_25_v1,7,hltL1sMu14Eta2p1,HLTLevel1GTSeed,-81,198,0,20,0.35,-2.87979,0.105658
HLT_IsoMu20_WCandPt80_v3,7,hltL1sMu16,HLTLevel1GTSeed,-81,198,0,20,0.35,-2.87979,0.105658
HLT_IsoMu20_WCandPt80_v3,22,hltL2fL1sMu16L1f0L2Filtered16Q,HLTMuonL2PreFilter,83,29,-13,26.4076,0.316291,-2.76432,3.37175e-07
HLT_IsoMu20_WCandPt80_v3,48,hltL3fL1sMu16L1f0L2f16QL3Filtered20Q,HLTMuonL3PreFilter,83,33,-13,22.7463,0.325539,-2.74961,0
HLT_IsoMu20_WCandPt80_v3,69,hltL3crIsoL1sMu16L1f0L2f16QL3f20QL3crIsoRhoFiltered0p15,HLTMuonIsoFilter,83,33,-13,22.7463,0.325539,-2.74961,0
HLT_IsoMu20_WCandPt80_v3,194,hltPFMHT0,HLTMhtFilter,90,178,0,108.347,0,0.651684,0
HLT_IsoMu20_WCandPt80_v3,195,hlt2IsoMu20PFMHTPt80,HLT2MuonMET,83,33,-13,22.7463,0.325539,-2.74961,0
HLT_IsoMu20_WCandPt80_v3,195,hlt2IsoMu20PFMHTPt80,HLT2MuonMET,90,178,0,108.347,0,0.651684,0
HLT_Mu17_Ele8_CaloIdT_CaloIsoVL_TrkIdVL_TrkIsoVL_v9,7,hltL1sL1Mu12EG7,HLTLevel1GTSeed,-83,190,0,19,-0.174,-2.0944,0
HLT_Mu17_Ele8_CaloIdT_CaloIsoVL_TrkIdVL_TrkIsoVL_v9,7,hltL1sL1Mu12EG7,HLTLevel1GTSeed,-82,194,0,63,-0.8695,2.0944,0
HLT_Mu17_Ele8_CaloIdT_CaloIsoVL_TrkIdVL_TrkIsoVL_v9,7,hltL1sL1Mu12EG7,HLTLevel1GTSeed,-82,195,0,26,0.5215,1.74533,0
HLT_Mu17_Ele8_CaloIdT_CaloIsoVL_TrkIdVL_TrkIsoVL_v9,7,hltL1sL1Mu12EG7,HLTLevel1GTSeed,-82,196,0,13,-2.586,-0.349066,0
HLT_Mu17_Ele8_CaloIdT_CaloIsoVL_TrkIdVL_TrkIsoVL_v9,7,hltL1sL1Mu12EG7,HLTLevel1GTSeed,-81,198,0,20,0.35,-2.87979,0.105658
HLT_Mu17_Ele8_CaloIdT_CaloIsoVL_TrkIdVL_TrkIsoVL_v9,7,hltL1sL1Mu12EG7,HLTLevel1GTSeed,-81,199,0,12,0.05,-1.8326,0.105658
HLT_Mu17_Ele8_CaloIdT_CaloIsoVL_TrkIdVL_TrkIsoVL_v9,22,hltL1Mu12EG7L2MuFiltered0,HLTMuonL2PreFilter,83,29,-13,26.4076,0.316291,-2.76432,3.37175e-07
HLT_Mu17_Ele8_CaloIdT_CaloIsoVL_TrkIdVL_TrkIsoVL_v9,22,hltL1Mu12EG7L2MuFiltered0,HLTMuonL2PreFilter,83,30,13,13.0593,-0.125962,-2.02816,-1.19209e-07
HLT_Mu17_Ele8_CaloIdT_CaloIsoVL_TrkIdVL_TrkIsoVL_v9,48,hltL1Mu12EG7L3MuFiltered17,HLTMuonL3PreFilter,83,33,-13,22.7463,0.325539,-2.74961,0
HLT_Mu17_Ele8_CaloIdT_CaloIsoVL_TrkIdVL_TrkIsoVL_v9,93,hltMu17Ele8CaloIdTCaloIsoVLTrkIdVLTrkIsoVLTrackIsoFilter,HLTElectronGenericFilter,82,14,11,22.5407,-0.13392,-2.0703,-0.00203805
HLT_Mu17_Ele8_CaloIdT_CaloIsoVL_TrkIdVL_TrkIsoVL_v9,93,hltMu17Ele8CaloIdTCaloIsoVLTrkIdVLTrkIsoVLTrackIsoFilter,HLTElectronGenericFilter,82,15,11,22.5748,-0.122044,-2.02961,-0.00779228
HLT_Mu12_eta2p1_DiCentral_40_20_DiBTagIP3D1stTrack_v7,7,hltL1sL1Mu10erJetC20JetC12Corr1OrL1Mu10erJetC32OrMu10erJetC32JetC12Corr1OrMu12er,HLTLevel1GTSeed,-81,198,0,20,0.35,-2.87979,0.105658
HLT_Mu12_eta2p1_DiCentral_40_20_DiBTagIP3D1stTrack_v7,7,hltL1sL1Mu10erJetC20JetC12Corr1OrL1Mu10erJetC32OrMu10erJetC32JetC12Corr1OrMu12er,HLTLevel1GTSeed,-81,199,0,12,0.05,-1.8326,0.105658
HLT_Mu12_eta2p1_DiCentral_40_20_DiBTagIP3D1stTrack_v7,7,hltL1sL1Mu10erJetC20JetC12Corr1OrL1Mu10erJetC32OrMu10erJetC32JetC12Corr1OrMu12er,HLTLevel1GTSeed,-84,200,0,132,1.566,-1.74533,0
HLT_Mu12_eta2p1_DiCentral_40_20_DiBTagIP3D1stTrack_v7,7,hltL1sL1Mu10erJetC20JetC12Corr1OrL1Mu10erJetC32OrMu10erJetC32JetC12Corr1OrMu12er,HLTLevel1GTSeed,-84,201,0,84,0.5215,1.74533,0
HLT_Mu12_eta2p1_DiCentral_40_20_DiBTagIP3D1stTrack_v7,7,hltL1sL1Mu10erJetC20JetC12Corr1OrL1Mu10erJetC32OrMu10erJetC32JetC12Corr1OrMu12er,HLTLevel1GTSeed,-86,202,0,108,-0.8695,2.0944,0
HLT_Mu12_eta2p1_DiCentral_40_20_DiBTagIP3D1stTrack_v7,7,hltL1sL1Mu10erJetC20JetC12Corr1OrL1Mu10erJetC32OrMu10erJetC32JetC12Corr1OrMu12er,HLTLevel1GTSeed,-86,203,0,48,-2.586,-0.349066,0
HLT_Mu12_eta2p1_DiCentral_40_20_DiBTagIP3D1stTrack_v7,7,hltL1sL1Mu10erJetC20JetC12Corr1OrL1Mu10erJetC32OrMu10erJetC32JetC12Corr1OrMu12er,HLTLevel1GTSeed,-86,204,0,40,-0.174,-2.0944,0
HLT_Mu12_eta2p1_DiCentral_40_20_DiBTagIP3D1stTrack_v7,9,hltL1Mu10erJetC20JetC12Corr1OrL1Mu10erJetC32OrMu10erJetC32JetC12Corr1OrMu12erL1MuFiltered0Eta2p1,HLTMuonL1Filter,-81,198,0,20,0.35,-2.87979,0.105658
HLT_Mu12_eta2p1_DiCentral_40_20_DiBTagIP3D1stTrack_v7,9,hltL1Mu10erJetC20JetC12Corr1OrL1Mu10erJetC32OrMu10erJetC32JetC12Corr1OrMu12erL1MuFiltered0Eta2p1,HLTMuonL1Filter,-81,199,0,12,0.05,-1.8326,0.105658
HLT_Mu12_eta2p1_DiCentral_40_20_DiBTagIP3D1stTrack_v7,22,hltL2L1Mu10erJetC20JetC12Corr1OrL1Mu10erJetC32OrMu10erJetC32JetC12Corr1OrMu12erL2MuFiltered10Eta2p1,HLTMuonL2PreFilter,83,29,-13,26.4076,0.316291,-2.76432,3.37175e-07
HLT_Mu12_eta2p1_DiCentral_40_20_DiBTagIP3D1stTrack_v7,22,hltL2L1Mu10erJetC20JetC12Corr1OrL1Mu10erJetC32OrMu10erJetC32JetC12Corr1OrMu12erL2MuFiltered10Eta2p1,HLTMuonL2PreFilter,83,30,13,13.0593,-0.125962,-2.02816,-1.19209e-07
HLT_Mu12_eta2p1_DiCentral_40_20_DiBTagIP3D1stTrack_v7,35,hltDiBJet20CentralL1FastJet,HLT1CaloJet,86,58,0,127.524,1.42204,-1.87009,14.1744
HLT_Mu12_eta2p1_DiCentral_40_20_DiBTagIP3D1stTrack_v7,35,hltDiBJet20CentralL1FastJet,HLT1CaloJet,86,59,0,98.2244,-0.936585,1.9926,11.782
HLT_Mu12_eta2p1_DiCentral_40_20_DiBTagIP3D1stTrack_v7,35,hltDiBJet20CentralL1FastJet,HLT1CaloJet,86,60,0,82.3896,0.349833,1.75677,14.2559
HLT_Mu12_eta2p1_DiCentral_40_20_DiBTagIP3D1stTrack_v7,35,hltDiBJet20CentralL1FastJet,HLT1CaloJet,86,61,0,55.4781,-2.50617,-0.359408,11.9051
HLT_Mu12_eta2p1_DiCentral_40_20_DiBTagIP3D1stTrack_v7,35,hltDiBJet20CentralL1FastJet,HLT1CaloJet,86,62,0,40.6828,-0.169835,-2.04394,4.42298
HLT_Mu12_eta2p1_DiCentral_40_20_DiBTagIP3D1stTrack_v7,36,hltBJet40CentralL1FastJet,HLT1CaloJet,86,58,0,127.524,1.42204,-1.87009,14.1744
HLT_Mu12_eta2p1_DiCentral_40_20_DiBTagIP3D1stTrack_v7,36,hltBJet40CentralL1FastJet,HLT1CaloJet,86,59,0,98.2244,-0.936585,1.9926,11.782
HLT_Mu12_eta2p1_DiCentral_40_20_DiBTagIP3D1stTrack_v7,36,hltBJet40CentralL1FastJet,HLT1CaloJet,86,60,0,82.3896,0.349833,1.75677,14.2559
HLT_Mu12_eta2p1_DiCentral_40_20_DiBTagIP3D1stTrack_v7,36,hltBJet40CentralL1FastJet,HLT1CaloJet,86,61,0,55.4781,-2.50617,-0.359408,11.9051
HLT_Mu12_eta2p1_DiCentral_40_20_DiBTagIP3D1stTrack_v7,36,hltBJet40CentralL1FastJet,HLT1CaloJet,86,62,0,40.6828,-0.169835,-2.04394,4.42298
HLT_Mu12_eta2p1_DiCentral_40_20_DiBTagIP3D1stTrack_v7,47,hltDiBLifetime3D1stTrkL25FilterJet20HbbL1FastJet,HLTCaloJetTag,86,38,0,127.524,1.42204,-1.87009,14.1744
HLT_Mu12_eta2p1_DiCentral_40_20_DiBTagIP3D1stTrack_v7,47,hltDiBLifetime3D1stTrkL25FilterJet20HbbL1FastJet,HLTCaloJetTag,86,39,0,98.2244,-0.936585,1.9926,11.782
HLT_Mu12_eta2p1_DiCentral_40_20_DiBTagIP3D1stTrack_v7,73,hltL3L1Mu10erJetC20JetC12Corr1OrL1Mu10erJetC32OrMu10erJetC32JetC12Corr1OrMu12erL3Mufiltered12Eta2p1,HLTMuonL3PreFilter,83,33,-13,22.7463,0.325539,-2.74961,0
HLT_Mu12_eta2p1_DiCentral_40_20_DiBTagIP3D1stTrack_v7,73,hltL3L1Mu10erJetC20JetC12Corr1OrL1Mu10erJetC32OrMu10erJetC32JetC12Corr1OrMu12erL3Mufiltered12Eta2p1,HLTMuonL3PreFilter,83,34,13,13.2011,-0.122044,-2.02961,0
HLT_Mu12_eta2p1_DiCentral_40_20_DiBTagIP3D1stTrack_v7,87,hltDiBLifetime3D1stTrkL3FilterJet20HbbL1FastJet,HLTCaloJetTag,86,122,0,127.524,1.42204,-1.87009,14.1744
HLT_Mu12_eta2p1_DiCentral_40_20_DiBTagIP3D1stTrack_v7,87,hltDiBLifetime3D1stTrkL3FilterJet20HbbL1FastJet,HLTCaloJetTag,86,123,0,98.2244,-0.936585,1.9926,11.782
HLT_Mu12_eta2p1_DiCentral_40_20_BTagIP3D1stTrack_v7,7,hltL1sL1Mu10erJetC20JetC12Corr1OrL1Mu10erJetC32OrMu10erJetC32JetC12Corr1OrMu12er,HLTLevel1GTSeed,-81,198,0,20,0.35,-2.87979,0.105658
HLT_Mu12_eta2p1_DiCentral_40_20_BTagIP3D1stTrack_v7,7,hltL1sL1Mu10erJetC20JetC12Corr1OrL1Mu10erJetC32OrMu10erJetC32JetC12Corr1OrMu12er,HLTLevel1GTSeed,-81,199,0,12,0.05,-1.8326,0.105658
HLT_Mu12_eta2p1_DiCentral_40_20_BTagIP3D1stTrack_v7,7,hltL1sL1Mu10erJetC20JetC12Corr1OrL1Mu10erJetC32OrMu10erJetC32JetC12Corr1OrMu12er,HLTLevel1GTSeed,-84,200,0,132,1.566,-1.74533,0
HLT_Mu12_eta2p1_DiCentral_40_20_BTagIP3D1stTrack_v7,7,hltL1sL1Mu10erJetC20JetC12Corr1OrL1Mu10erJetC32OrMu10erJetC32JetC12Corr1OrMu12er,HLTLevel1GTSeed,-84,201,0,84,0.5215,1.74533,0
HLT_Mu12_eta2p1_DiCentral_40_20_BTagIP3D1stTrack_v7,7,hltL1sL1Mu10erJetC20JetC12Corr1OrL1Mu10erJetC32OrMu10erJetC32JetC12Corr1OrMu12er,HLTLevel1GTSeed,-86,202,0,108,-0.8695,2.0944,0
HLT_Mu12_eta2p1_DiCentral_40_20_BTagIP3D1stTrack_v7,7,hltL1sL1Mu10erJetC20JetC12Corr1OrL1Mu10erJetC32OrMu10erJetC32JetC12Corr1OrMu12er,HLTLevel1GTSeed,-86,203,0,48,-2.586,-0.349066,0
HLT_Mu12_eta2p1_DiCentral_40_20_BTagIP3D1stTrack_v7,7,hltL1sL1Mu10erJetC20JetC12Corr1OrL1Mu10erJetC32OrMu10erJetC32JetC12Corr1OrMu12er,HLTLevel1GTSeed,-86,204,0,40,-0.174,-2.0944,0
HLT_Mu12_eta2p1_DiCentral_40_20_v7,7,hltL1sL1Mu10erJetC20JetC12Corr1OrL1Mu10erJetC32OrMu10erJetC32JetC12Corr1OrMu12er,HLTLevel1GTSeed,-81,198,0,20,0.35,-2.87979,0.105658
HLT_Mu12_eta2p1_DiCentral_40_20_v7,7,hltL1sL1Mu10erJetC20JetC12Corr1OrL1Mu10erJetC32OrMu10erJetC32JetC12Corr1OrMu12er,HLTLevel1GTSeed,-81,199,0,12,0.05,-1.8326,0.105658
HLT_Mu12_eta2p1_DiCentral_40_20_v7,7,hltL1sL1Mu10erJetC20JetC12Corr1OrL1Mu10erJetC32OrMu10erJetC32JetC12Corr1OrMu12er,HLTLevel1GTSeed,-84,200,0,132,1.566,-1.74533,0
HLT_Mu12_eta2p1_DiCentral_40_20_v7,7,hltL1sL1Mu10erJetC20JetC12Corr1OrL1Mu10erJetC32OrMu10erJetC32JetC12Corr1OrMu12er,HLTLevel1GTSeed,-84,201,0,84,0.5215,1.74533,0
HLT_Mu12_eta2p1_DiCentral_40_20_v7,7,hltL1sL1Mu10erJetC20JetC12Corr1OrL1Mu10erJetC32OrMu10erJetC32JetC12Corr1OrMu12er,HLTLevel1GTSeed,-86,202,0,108,-0.8695,2.0944,0
HLT_Mu12_eta2p1_DiCentral_40_20_v7,7,hltL1sL1Mu10erJetC20JetC12Corr1OrL1Mu10erJetC32OrMu10erJetC32JetC12Corr1OrMu12er,HLTLevel1GTSeed,-86,203,0,48,-2.586,-0.349066,0
HLT_Mu12_eta2p1_DiCentral_40_20_v7,7,hltL1sL1Mu10erJetC20JetC12Corr1OrL1Mu10erJetC32OrMu10erJetC32JetC12Corr1OrMu12er,HLTLevel1GTSeed,-86,204,0,40,-0.174,-2.0944,0
HLT_Mu12_eta2p1_DiCentral_20_v7,7,hltL1sL1Mu10erJetC20JetC12Corr1OrL1Mu10erJetC32OrMu10erJetC32JetC12Corr1OrMu12er,HLTLevel1GTSeed,-81,198,0,20,0.35,-2.87979,0.105658
HLT_Mu12_eta2p1_DiCentral_20_v7,7,hltL1sL1Mu10erJetC20JetC12Corr1OrL1Mu10erJetC32OrMu10erJetC32JetC12Corr1OrMu12er,HLTLevel1GTSeed,-81,199,0,12,0.05,-1.8326,0.105658
HLT_Mu12_eta2p1_DiCentral_20_v7,7,hltL1sL1Mu10erJetC20JetC12Corr1OrL1Mu10erJetC32OrMu10erJetC32JetC12Corr1OrMu12er,HLTLevel1GTSeed,-84,200,0,132,1.566,-1.74533,0
HLT_Mu12_eta2p1_DiCentral_20_v7,7,hltL1sL1Mu10erJetC20JetC12Corr1OrL1Mu10erJetC32OrMu10erJetC32JetC12Corr1OrMu12er,HLTLevel1GTSeed,-84,201,0,84,0.5215,1.74533,0
HLT_Mu12_eta2p1_DiCentral_20_v7,7,hltL1sL1Mu10erJetC20JetC12Corr1OrL1Mu10erJetC32OrMu10erJetC32JetC12Corr1OrMu12er,HLTLevel1GTSeed,-86,202,0,108,-0.8695,2.0944,0
HLT_Mu12_eta2p1_DiCentral_20_v7,7,hltL1sL1Mu10erJetC20JetC12Corr1OrL1Mu10erJetC32OrMu10erJetC32JetC12Corr1OrMu12er,HLTLevel1GTSeed,-86,203,0,48,-2.586,-0.349066,0
HLT_Mu12_eta2p1_DiCentral_20_v7,7,hltL1sL1Mu10erJetC20JetC12Corr1OrL1Mu10erJetC32OrMu10erJetC32JetC12Corr1OrMu12er,HLTLevel1GTSeed,-86,204,0,40,-0.174,-2.0944,0
HLT_Mu15_eta2p1_TriCentral_40_20_20_DiBTagIP3D1stTrack_v7,7,hltL1sL1Mu10erJetC20JetC12Corr1OrL1Mu10erJetC32OrMu10erJetC32JetC12Corr1OrMu12er,HLTLevel1GTSeed,-81,198,0,20,0.35,-2.87979,0.105658
HLT_Mu15_eta2p1_TriCentral_40_20_20_DiBTagIP3D1stTrack_v7,7,hltL1sL1Mu10erJetC20JetC12Corr1OrL1Mu10erJetC32OrMu10erJetC32JetC12Corr1OrMu12er,HLTLevel1GTSeed,-81,199,0,12,0.05,-1.8326,0.105658
HLT_Mu15_eta2p1_TriCentral_40_20_20_DiBTagIP3D1stTrack_v7,7,hltL1sL1Mu10erJetC20JetC12Corr1OrL1Mu10erJetC32OrMu10erJetC32JetC12Corr1OrMu12er,HLTLevel1GTSeed,-84,200,0,132,1.566,-1.74533,0
HLT_Mu15_eta2p1_TriCentral_40_20_20_DiBTagIP3D1stTrack_v7,7,hltL1sL1Mu10erJetC20JetC12Corr1OrL1Mu10erJetC32OrMu10erJetC32JetC12Corr1OrMu12er,HLTLevel1GTSeed,-84,201,0,84,0.5215,1.74533,0
HLT_Mu15_eta2p1_TriCentral_40_20_20_DiBTagIP3D1stTrack_v7,7,hltL1sL1Mu10erJetC20JetC12Corr1OrL1Mu10erJetC32OrMu10erJetC32JetC12Corr1OrMu12er,HLTLevel1GTSeed,-86,202,0,108,-0.8695,2.0944,0
HLT_Mu15_eta2p1_TriCentral_40_20_20_DiBTagIP3D1stTrack_v7,7,hltL1sL1Mu10erJetC20JetC12Corr1OrL1Mu10erJetC32OrMu10erJetC32JetC12Corr1OrMu12er,HLTLevel1GTSeed,-86,203,0,48,-2.586,-0.349066,0
HLT_Mu15_eta2p1_TriCentral_40_20_20_DiBTagIP3D1stTrack_v7,7,hltL1sL1Mu10erJetC20JetC12Corr1OrL1Mu10erJetC32OrMu10erJetC32JetC12Corr1OrMu12er,HLTLevel1GTSeed,-86,204,0,40,-0.174,-2.0944,0
HLT_Mu15_eta2p1_TriCentral_40_20_20_DiBTagIP3D1stTrack_v7,9,hltL1Mu10erJetC20JetC12Corr1OrL1Mu10erJetC32OrMu10erJetC32JetC12Corr1OrMu12erL1MuFiltered0Eta2p1,HLTMuonL1Filter,-81,198,0,20,0.35,-2.87979,0.105658
HLT_Mu15_eta2p1_TriCentral_40_20_20_DiBTagIP3D1stTrack_v7,9,hltL1Mu10erJetC20JetC12Corr1OrL1Mu10erJetC32OrMu10erJetC32JetC12Corr1OrMu12erL1MuFiltered0Eta2p1,HLTMuonL1Filter,-81,199,0,12,0.05,-1.8326,0.105658
HLT_Mu15_eta2p1_TriCentral_40_20_20_DiBTagIP3D1stTrack_v7,22,hltL2L1Mu10erJetC20JetC12Corr1OrL1Mu10erJetC32OrMu10erJetC32JetC12Corr1OrMu12erL2MuFiltered10Eta2p1,HLTMuonL2PreFilter,83,29,-13,26.4076,0.316291,-2.76432,3.37175e-07
HLT_Mu15_eta2p1_TriCentral_40_20_20_DiBTagIP3D1stTrack_v7,22,hltL2L1Mu10erJetC20JetC12Corr1OrL1Mu10erJetC32OrMu10erJetC32JetC12Corr1OrMu12erL2MuFiltered10Eta2p1,HLTMuonL2PreFilter,83,30,13,13.0593,-0.125962,-2.02816,-1.19209e-07
HLT_Mu15_eta2p1_TriCentral_40_20_20_DiBTagIP3D1stTrack_v7,35,hltTriBJet20CentralL1FastJet,HLT1CaloJet,86,58,0,127.524,1.42204,-1.87009,14.1744
HLT_Mu15_eta2p1_TriCentral_40_20_20_DiBTagIP3D1stTrack_v7,35,hltTriBJet20CentralL1FastJet,HLT1CaloJet,86,59,0,98.2244,-0.936585,1.9926,11.782
HLT_Mu15_eta2p1_TriCentral_40_20_20_DiBTagIP3D1stTrack_v7,35,hltTriBJet20CentralL1FastJet,HLT1CaloJet,86,60,0,82.3896,0.349833,1.75677,14.2559
HLT_Mu15_eta2p1_TriCentral_40_20_20_DiBTagIP3D1stTrack_v7,35,hltTriBJet20CentralL1FastJet,HLT1CaloJet,86,61,0,55.4781,-2.50617,-0.359408,11.9051
HLT_Mu15_eta2p1_TriCentral_40_20_20_DiBTagIP3D1stTrack_v7,35,hltTriBJet20CentralL1FastJet,HLT1CaloJet,86,62,0,40.6828,-0.169835,-2.04394,4.42298
HLT_Mu15_eta2p1_TriCentral_40_20_20_DiBTagIP3D1stTrack_v7,36,hltBJet40CentralL1FastJet,HLT1CaloJet,86,58,0,127.524,1.42204,-1.87009,14.1744
HLT_Mu15_eta2p1_TriCentral_40_20_20_DiBTagIP3D1stTrack_v7,36,hltBJet40CentralL1FastJet,HLT1CaloJet,86,59,0,98.2244,-0.936585,1.9926,11.782
HLT_Mu15_eta2p1_TriCentral_40_20_20_DiBTagIP3D1stTrack_v7,36,hltBJet40CentralL1FastJet,HLT1CaloJet,86,60,0,82.3896,0.349833,1.75677,14.2559
HLT_Mu15_eta2p1_TriCentral_40_20_20_DiBTagIP3D1stTrack_v7,36,hltBJet40CentralL1FastJet,HLT1CaloJet,86,61,0,55.4781,-2.50617,-0.359408,11.9051
HLT_Mu15_eta2p1_TriCentral_40_20_20_DiBTagIP3D1stTrack_v7,36,hltBJet40CentralL1FastJet,HLT1CaloJet,86,62,0,40.6828,-0.169835,-2.04394,4.42298
HLT_Mu15_eta2p1_TriCentral_40_20_20_DiBTagIP3D1stTrack_v7,47,hltDiBLifetime3D1stTrkL25FilterJet20HbbL1FastJet,HLTCaloJetTag,86,38,0,127.524,1.42204,-1.87009,14.1744
HLT_Mu15_eta2p1_TriCentral_40_20_20_DiBTagIP3D1stTrack_v7,47,hltDiBLifetime3D1stTrkL25FilterJet20HbbL1FastJet,HLTCaloJetTag,86,39,0,98.2244,-0.936585,1.9926,11.782
HLT_Mu15_eta2p1_TriCentral_40_20_20_DiBTagIP3D1stTrack_v7,73,hltL1Mu10Eta2p1Jet20Jet12CentralCorrOrMu10erJetC32L3Mufiltered15Eta2p1,HLTMuonL3PreFilter,83,33,-13,22.7463,0.325539,-2.74961,0
HLT_Mu15_eta2p1_TriCentral_40_20_20_DiBTagIP3D1stTrack_v7,87,hltDiBLifetime3D1stTrkL3FilterJet20HbbL1FastJet,HLTCaloJetTag,86,122,0,127.524,1.42204,-1.87009,14.1744
HLT_Mu15_eta2p1_TriCentral_40_20_20_DiBTagIP3D1stTrack_v7,87,hltDiBLifetime3D1stTrkL3FilterJet20HbbL1FastJet,HLTCaloJetTag,86,123,0,98.2244,-0.936585,1.9926,11.782
HLT_Mu15_eta2p1_TriCentral_40_20_20_BTagIP3D1stTrack_v7,7,hltL1sL1Mu10erJetC20JetC12Corr1OrL1Mu10erJetC32OrMu10erJetC32JetC12Corr1OrMu12er,HLTLevel1GTSeed,-81,198,0,20,0.35,-2.87979,0.105658
HLT_Mu15_eta2p1_TriCentral_40_20_20_BTagIP3D1stTrack_v7,7,hltL1sL1Mu10erJetC20JetC12Corr1OrL1Mu10erJetC32OrMu10erJetC32JetC12Corr1OrMu12er,HLTLevel1GTSeed,-81,199,0,12,0.05,-1.8326,0.105658
HLT_Mu15_eta2p1_TriCentral_40_20_20_BTagIP3D1stTrack_v7,7,hltL1sL1Mu10erJetC20JetC12Corr1OrL1Mu10erJetC32OrMu10erJetC32JetC12Corr1OrMu12er,HLTLevel1GTSeed,-84,200,0,132,1.566,-1.74533,0
HLT_Mu15_eta2p1_TriCentral_40_20_20_BTagIP3D1stTrack_v7,7,hltL1sL1Mu10erJetC20JetC12Corr1OrL1Mu10erJetC32OrMu10erJetC32JetC12Corr1OrMu12er,HLTLevel1GTSeed,-84,201,0,84,0.5215,1.74533,0
HLT_Mu15_eta2p1_TriCentral_40_20_20_BTagIP3D1stTrack_v7,7,hltL1sL1Mu10erJetC20JetC12Corr1OrL1Mu10erJetC32OrMu10erJetC32JetC12Corr1OrMu12er,HLTLevel1GTSeed,-86,202,0,108,-0.8695,2.0944,0
HLT_Mu15_eta2p1_TriCentral_40_20_20_BTagIP3D1stTrack_v7,7,hltL1sL1Mu10erJetC20JetC12Corr1OrL1Mu10erJetC32OrMu10erJetC32JetC12Corr1OrMu12er,HLTLevel1GTSeed,-86,203,0,48,-2.586,-0.349066,0
HLT_Mu15_eta2p1_TriCentral_40_20_20_BTagIP3D1stTrack_v7,7,hltL1sL1Mu10erJetC20JetC12Corr1OrL1Mu10erJetC32OrMu10erJetC32JetC12Corr1OrMu12er,HLTLevel1GTSeed,-86,204,0,40,-0.174,-2.0944,0
HLT_Mu15_eta2p1_TriCentral_40_20_20_v7,7,hltL1sL1Mu10erJetC20JetC12Corr1OrL1Mu10erJetC32OrMu10erJetC32JetC12Corr1OrMu12er,HLTLevel1GTSeed,-81,198,0,20,0.35,-2.87979,0.105658
HLT_Mu15_eta2p1_TriCentral_40_20_20_v7,7,hltL1sL1Mu10erJetC20JetC12Corr1OrL1Mu10erJetC32OrMu10erJetC32JetC12Corr1OrMu12er,HLTLevel1GTSeed,-81,199,0,12,0.05,-1.8326,0.105658
HLT_Mu15_eta2p1_TriCentral_40_20_20_v7,7,hltL1sL1Mu10erJetC20JetC12Corr1OrL1Mu10erJetC32OrMu10erJetC32JetC12Corr1OrMu12er,HLTLevel1GTSeed,-84,200,0,132,1.566,-1.74533,0
HLT_Mu15_eta2p1_TriCentral_40_20_20_v7,7,hltL1sL1Mu10erJetC20JetC12Corr1OrL1Mu10erJetC32OrMu10erJetC32JetC12Corr1OrMu12er,HLTLevel1GTSeed,-84,201,0,84,0.5215,1.74533,0
HLT_Mu15_eta2p1_TriCentral_40_20_20_v7,7,hltL1sL1Mu10erJetC20JetC12Corr1OrL1Mu10erJetC32OrMu10erJetC32JetC12Corr1OrMu12er,HLTLevel1GTSeed,-86,202,0,108,-0.8695,2.0944,0
HLT_Mu15_eta2p1_TriCentral_40_20_20_v7,7,hltL1sL1Mu10erJetC20JetC12Corr1OrL1Mu10erJetC32OrMu10erJetC32JetC12Corr1OrMu12er,HLTLevel1GTSeed,-86,203,0,48,-2.586,-0.349066,0
HLT_Mu15_eta2p1_TriCentral_40_20_20_v7,7,hltL1sL1Mu10erJetC20JetC12Corr1OrL1Mu10erJetC32OrMu10erJetC32JetC12Corr1OrMu12er,HLTLevel1GTSeed,-86,204,0,40,-0.174,-2.0944,0
HLT_Mu30_Ele30_CaloIdL_v8,7,hltL1sL1Mu3p5EG12,HLTLevel1GTSeed,-83,190,0,19,-0.174,-2.0944,0
HLT_Mu30_Ele30_CaloIdL_v8,7,hltL1sL1Mu3p5EG12,HLTLevel1GTSeed,-82,194,0,63,-0.8695,2.0944,0
HLT_Mu30_Ele30_CaloIdL_v8,7,hltL1sL1Mu3p5EG12,HLTLevel1GTSeed,-82,195,0,26,0.5215,1.74533,0
HLT_Mu30_Ele30_CaloIdL_v8,7,hltL1sL1Mu3p5EG12,HLTLevel1GTSeed,-82,196,0,13,-2.586,-0.349066,0
HLT_Mu30_Ele30_CaloIdL_v8,7,hltL1sL1Mu3p5EG12,HLTLevel1GTSeed,-81,198,0,20,0.35,-2.87979,0.105658
HLT_Mu30_Ele30_CaloIdL_v8,7,hltL1sL1Mu3p5EG12,HLTLevel1GTSeed,-81,199,0,12,0.05,-1.8326,0.105658
HLT_Mu30_Ele30_CaloIdL_v8,22,hltL1Mu3p5EG12L2Filtered12,HLTMuonL2PreFilter,83,29,-13,26.4076,0.316291,-2.76432,3.37175e-07
HLT_Mu30_Ele30_CaloIdL_v8,22,hltL1Mu3p5EG12L2Filtered12,HLTMuonL2PreFilter,83,30,13,13.0593,-0.125962,-2.02816,-1.19209e-07
HLT_IsoMu17_eta2p1_DiCentralPFNoPUJet30_PFNoPUHT350_PFMHT40_v2,7,hltL1sL1HTT150OrHTT175,HLTLevel1GTSeed,-89,208,-89,246,0,0,0
HLT_IsoMu17_eta2p1_DiCentralPFNoPUJet30_PFNoPUHT350_PFMHT40_v2,8,hltL1sL1HTT150OrHTT175OrHTT200,HLTLevel1GTSeed,-89,208,-89,246,0,0,0
HLT_IsoMu17_eta2p1_DiCentralPFNoPUJet30_PFNoPUHT350_PFMHT40_v2,71,hltSingleMuOpenIsoCenJetL3crIsoRhoFiltered0p15,HLTMuonIsoFilter,83,33,-13,22.7463,0.325539,-2.74961,0
HLT_IsoMu17_eta2p1_DiCentralPFNoPUJet30_PFNoPUHT350_PFMHT40_v2,325,hltPFMHT40HT350,HLTHtMhtFilter,90,182,0,64.8571,0,0.525184,-4.76837e-07
HLT_IsoMu20_eta2p1_CentralPFJet80_v8,7,hltL1sMu16Eta2p1,HLTLevel1GTSeed,-81,198,0,20,0.35,-2.87979,0.105658
HLT_IsoMu20_eta2p1_CentralPFJet80_v8,22,hltL2fL1sMu16Eta2p1L1f0L2Filtered16Q,HLTMuonL2PreFilter,83,29,-13,26.4076,0.316291,-2.76432,3.37175e-07
HLT_IsoMu20_eta2p1_CentralPFJet80_v8,69,hltL3crIsoL1sMu16Eta2p1L1f0L2f16QL3f20QL3crIsoRhoFiltered0p15,HLTMuonIsoFilter,83,33,-13,22.7463,0.325539,-2.74961,0
HLT_IsoMu20_eta2p1_CentralPFJet80_v8,194,hltIsoMu20eta2p1CentralPFJet80MuCleaned,HLTPFJetCollectionsFilter,85,211,0,122.663,1.42761,-1.88157,15.0655
HLT_IsoMu20_eta2p1_CentralPFJet80_v8,194,hltIsoMu20eta2p1CentralPFJet80MuCleaned,HLTPFJetCollectionsFilter,85,212,0,85.5914,-0.913056,2.00159,11.55
HLT_DoubleRelIso1p0Mu5_Mass8_PFNoPUHT175_v3,7,hltL1sL1Mu0HTT100,HLTLevel1GTSeed,-81,198,0,20,0.35,-2.87979,0.105658
HLT_DoubleRelIso1p0Mu5_Mass8_PFNoPUHT175_v3,7,hltL1sL1Mu0HTT100,HLTLevel1GTSeed,-81,199,0,12,0.05,-1.8326,0.105658
HLT_DoubleRelIso1p0Mu5_Mass8_PFNoPUHT175_v3,7,hltL1sL1Mu0HTT100,HLTLevel1GTSeed,-89,208,-89,246,0,0,0
HLT_DoubleRelIso1p0Mu5_Mass8_PFNoPUHT175_v3,23,hltIgnoredL1SingleMuOpenL2DiMuFiltered0,HLTMuonL2PreFilter,83,29,-13,26.4076,0.316291,-2.76432,3.37175e-07
HLT_DoubleRelIso1p0Mu5_Mass8_PFNoPUHT175_v3,23,hltIgnoredL1SingleMuOpenL2DiMuFiltered0,HLTMuonL2PreFilter,83,30,13,13.0593,-0.125962,-2.02816,-1.19209e-07
HLT_DoubleRelIso1p0Mu5_Mass8_PFNoPUHT175_v3,49,hltIgnoredL1SingleMuOpenDiMu5Mass8L3Filtered5,HLTMuonDimuonL3Filter,83,33,-13,22.7463,0.325539,-2.74961,0
HLT_DoubleRelIso1p0Mu5_Mass8_PFNoPUHT175_v3,49,hltIgnoredL1SingleMuOpenDiMu5Mass8L3Filtered5,HLTMuonDimuonL3Filter,83,34,13,13.2011,-0.122044,-2.02961,0
HLT_DoubleRelIso1p0Mu5_Mass8_PFNoPUHT175_v3,70,hltL3doublereliso1p0mufilter5,HLTMuonIsoFilter,83,33,-13,22.7463,0.325539,-2.74961,0
HLT_DoubleRelIso1p0Mu5_Mass8_PFNoPUHT225_v3,7,hltL1sL1Mu4HTT125,HLTLevel1GTSeed,-81,198,0,20,0.35,-2.87979,0.105658
HLT_DoubleRelIso1p0Mu5_Mass8_PFNoPUHT225_v3,7,hltL1sL1Mu4HTT125,HLTLevel1GTSeed,-81,199,0,12,0.05,-1.8326,0.105658
HLT_DoubleRelIso1p0Mu5_Mass8_PFNoPUHT225_v3,7,hltL1sL1Mu4HTT125,HLTLevel1GTSeed,-89,208,-89,246,0,0,0
HLT_DoubleRelIso1p0Mu5_Mass8_PFNoPUHT225_v3,23,hltIgnoredL1SingleMuOpenL2DiMuFiltered0,HLTMuonL2PreFilter,83,29,-13,26.4076,0.316291,-2.76432,3.37175e-07
HLT_DoubleRelIso1p0Mu5_Mass8_PFNoPUHT225_v3,23,hltIgnoredL1SingleMuOpenL2DiMuFiltered0,HLTMuonL2PreFilter,83,30,13,13.0593,-0.125962,-2.02816,-1.19209e-07
HLT_DoubleRelIso1p0Mu5_Mass8_PFNoPUHT225_v3,49,hltIgnoredL1SingleMuOpenDiMu5Mass8L3Filtered5,HLTMuonDimuonL3Filter,83,33,-13,22.7463,0.325539,-2.74961,0
HLT_DoubleRelIso1p0Mu5_Mass8_PFNoPUHT225_v3,49,hltIgnoredL1SingleMuOpenDiMu5Mass8L3Filtered5,HLTMuonDimuonL3Filter,83,34,13,13.2011,-0.122044,-2.02961,0
HLT_DoubleRelIso1p0Mu5_Mass8_PFNoPUHT225_v3,70,hltL3doublereliso1p0mufilter5,HLTMuonIsoFilter,83,33,-13,22.7463,0.325539,-2.74961,0
HLT_DoubleMu8_Mass8_PFNoPUHT175_v3,7,hltL1sL1Mu0HTT100ORL1Mu4HTT125,HLTLevel1GTSeed,-81,198,0,20,0.35,-2.87979,0.105658
HLT_DoubleMu8_Mass8_PFNoPUHT175_v3,7,hltL1sL1Mu0HTT100ORL1Mu4HTT125,HLTLevel1GTSeed,-81,199,0,12,0.05,-1.8326,0.105658
HLT_DoubleMu8_Mass8_PFNoPUHT175_v3,7,hltL1sL1Mu0HTT100ORL1Mu4HTT125,HLTLevel1GTSeed,-89,208,-89,246,0,0,0
HLT_DoubleMu8_Mass8_PFNoPUHT175_v3,23,hltIgnoredL1SingleMuOpenL2DiMuFiltered0,HLTMuonL2PreFilter,83,29,-13,26.4076,0.316291,-2.76432,3.37175e-07
HLT_DoubleMu8_Mass8_PFNoPUHT175_v3,23,hltIgnoredL1SingleMuOpenL2DiMuFiltered0,HLTMuonL2PreFilter,83,30,13,13.0593,-0.125962,-2.02816,-1.19209e-07
HLT_DoubleMu8_Mass8_PFNoPUHT175_v3,49,hltIgnoredL1SingleMuOpenDiMu8Mass8L3Filtered,HLTMuonDimuonL3Filter,83,33,-13,22.7463,0.325539,-2.74961,0
HLT_DoubleMu8_Mass8_PFNoPUHT175_v3,49,hltIgnoredL1SingleMuOpenDiMu8Mass8L3Filtered,HLTMuonDimuonL3Filter,83,34,13,13.2011,-0.122044,-2.02961,0
HLT_DoubleMu8_Mass8_PFNoPUHT175_v3,192,hltPFHT175NoPU,HLTHtMhtFilter,90,154,0,109.755,0,0.542696,-6.7435e-07
HLT_DoubleMu8_Mass8_PFNoPUHT225_v3,7,hltL1sL1Mu0HTT100ORL1Mu4HTT125,HLTLevel1GTSeed,-81,198,0,20,0.35,-2.87979,0.105658
HLT_DoubleMu8_Mass8_PFNoPUHT225_v3,7,hltL1sL1Mu0HTT100ORL1Mu4HTT125,HLTLevel1GTSeed,-81,199,0,12,0.05,-1.8326,0.105658
HLT_DoubleMu8_Mass8_PFNoPUHT225_v3,7,hltL1sL1Mu0HTT100ORL1Mu4HTT125,HLTLevel1GTSeed,-89,208,-89,246,0,0,0
HLT_DoubleMu8_Mass8_PFNoPUHT225_v3,23,hltIgnoredL1SingleMuOpenL2DiMuFiltered0,HLTMuonL2PreFilter,83,29,-13,26.4076,0.316291,-2.76432,3.37175e-07
HLT_DoubleMu8_Mass8_PFNoPUHT225_v3,23,hltIgnoredL1SingleMuOpenL2DiMuFiltered0,HLTMuonL2PreFilter,83,30,13,13.0593,-0.125962,-2.02816,-1.19209e-07
HLT_DoubleMu8_Mass8_PFNoPUHT225_v3,49,hltIgnoredL1SingleMuOpenDiMu8Mass8L3Filtered,HLTMuonDimuonL3Filter,83,33,-13,22.7463,0.325539,-2.74961,0
HLT_DoubleMu8_Mass8_PFNoPUHT225_v3,49,hltIgnoredL1SingleMuOpenDiMu8Mass8L3Filtered,HLTMuonDimuonL3Filter,83,34,13,13.2011,-0.122044,-2.02961,0
HLT_DoubleMu8_Mass8_PFNoPUHT225_v3,192,hltPFHT225NoPU,HLTHtMhtFilter,90,158,0,109.755,0,0.542696,-6.7435e-07
HLT_RelIso1p0Mu5_Ele8_CaloIdT_TrkIdVL_Mass8_PFNoPUHT175_v3,7,hltL1sL1Mu0HTT100,HLTLevel1GTSeed,-81,198,0,20,0.35,-2.87979,0.105658
HLT_RelIso1p0Mu5_Ele8_CaloIdT_TrkIdVL_Mass8_PFNoPUHT175_v3,7,hltL1sL1Mu0HTT100,HLTLevel1GTSeed,-81,199,0,12,0.05,-1.8326,0.105658
HLT_RelIso1p0Mu5_Ele8_CaloIdT_TrkIdVL_Mass8_PFNoPUHT175_v3,7,hltL1sL1Mu0HTT100,HLTLevel1GTSeed,-89,208,-89,246,0,0,0
HLT_RelIso1p0Mu5_Ele8_CaloIdT_TrkIdVL_Mass8_PFNoPUHT175_v3,22,hltL1Mu0HTT100L2Filtered0,HLTMuonL2PreFilter,83,29,-13,26.4076,0.316291,-2.76432,3.37175e-07
HLT_RelIso1p0Mu5_Ele8_CaloIdT_TrkIdVL_Mass8_PFNoPUHT175_v3,22,hltL1Mu0HTT100L2Filtered0,HLTMuonL2PreFilter,83,30,13,13.0593,-0.125962,-2.02816,-1.19209e-07
HLT_RelIso1p0Mu5_Ele8_CaloIdT_TrkIdVL_Mass8_PFNoPUHT175_v3,48,hltL1Mu0HTT100L3Filtered5,HLTMuonL3PreFilter,83,33,-13,22.7463,0.325539,-2.74961,0
HLT_RelIso1p0Mu5_Ele8_CaloIdT_TrkIdVL_Mass8_PFNoPUHT175_v3,48,hltL1Mu0HTT100L3Filtered5,HLTMuonL3PreFilter,83,34,13,13.2011,-0.122044,-2.02961,0
HLT_RelIso1p0Mu5_Ele8_CaloIdT_TrkIdVL_Mass8_PFNoPUHT175_v3,90,hltSingleElectronEt8CaloIdTTrkIdVLNoCandDphiFilter,HLTElectronGenericFilter,82,21,11,22.5407,-0.13392,-2.0703,-0.00203805
HLT_RelIso1p0Mu5_Ele8_CaloIdT_TrkIdVL_Mass8_PFNoPUHT175_v3,111,hltL1Mu0HTT100L3RelIso1p0MuonIsoFilter,HLTMuonIsoFilter,83,33,-13,22.7463,0.325539,-2.74961,0
HLT_RelIso1p0Mu5_Ele8_CaloIdT_TrkIdVL_Mass8_PFNoPUHT175_v3,112,hltL1Mu0HTT100Mu5Ele8CaloIdTTrkIdVLMass8Filter,HLTElectronMuonInvMassFilter,82,21,11,22.5407,-0.13392,-2.0703,-0.00203805
HLT_RelIso1p0Mu5_Ele8_CaloIdT_TrkIdVL_Mass8_PFNoPUHT175_v3,112,hltL1Mu0HTT100Mu5Ele8CaloIdTTrkIdVLMass8Filter,HLTElectronMuonInvMassFilter,83,33,-13,22.7463,0.325539,-2.74961,0
HLT_RelIso1p0Mu5_Ele8_CaloIdT_TrkIdVL_Mass8_PFNoPUHT175_v3,241,hltPFHT175NoPU,HLTHtMhtFilter,90,154,0,109.755,0,0.542696,-6.7435e-07
HLT_RelIso1p0Mu5_Ele8_CaloIdT_TrkIdVL_Mass8_PFNoPUHT225_v3,7,hltL1sL1Mu4HTT125,HLTLevel1GTSeed,-81,198,0,20,0.35,-2.87979,0.105658
HLT_RelIso1p0Mu5_Ele8_CaloIdT_TrkIdVL_Mass8_PFNoPUHT225_v3,7,hltL1sL1Mu4HTT125,HLTLevel1GTSeed,-81,199,0,12,0.05,-1.8326,0.105658
HLT_RelIso1p0Mu5_Ele8_CaloIdT_TrkIdVL_Mass8_PFNoPUHT225_v3,7,hltL1sL1Mu4HTT125,HLTLevel1GTSeed,-89,208,-89,246,0,0,0
HLT_RelIso1p0Mu5_Ele8_CaloIdT_TrkIdVL_Mass8_PFNoPUHT225_v3,22,hltL1Mu4HTT125L2Filtered0,HLTMuonL2PreFilter,83,29,-13,26.4076,0.316291,-2.76432,3.37175e-07
HLT_RelIso1p0Mu5_Ele8_CaloIdT_TrkIdVL_Mass8_PFNoPUHT225_v3,22,hltL1Mu4HTT125L2Filtered0,HLTMuonL2PreFilter,83,30,13,13.0593,-0.125962,-2.02816,-1.19209e-07
HLT_RelIso1p0Mu5_Ele8_CaloIdT_TrkIdVL_Mass8_PFNoPUHT225_v3,48,hltL1Mu4HTT125L3Filtered5,HLTMuonL3PreFilter,83,33,-13,22.7463,0.325539,-2.74961,0
HLT_RelIso1p0Mu5_Ele8_CaloIdT_TrkIdVL_Mass8_PFNoPUHT225_v3,48,hltL1Mu4HTT125L3Filtered5,HLTMuonL3PreFilter,83,34,13,13.2011,-0.122044,-2.02961,0
HLT_RelIso1p0Mu5_Ele8_CaloIdT_TrkIdVL_Mass8_PFNoPUHT225_v3,90,hltSingleElectronEt8CaloIdTTrkIdVLNoCandDphiFilter,HLTElectronGenericFilter,82,21,11,22.5407,-0.13392,-2.0703,-0.00203805
HLT_RelIso1p0Mu5_Ele8_CaloIdT_TrkIdVL_Mass8_PFNoPUHT225_v3,111,hltL1Mu4HTT125L3RelIso1p0MuonIsoFilter,HLTMuonIsoFilter,83,33,-13,22.7463,0.325539,-2.74961,0
HLT_RelIso1p0Mu5_Ele8_CaloIdT_TrkIdVL_Mass8_PFNoPUHT225_v3,112,hltL1Mu4HTT125Mu5Ele8CaloIdTTrkIdVLMass8Filter,HLTElectronMuonInvMassFilter,82,21,11,22.5407,-0.13392,-2.0703,-0.00203805
HLT_RelIso1p0Mu5_Ele8_CaloIdT_TrkIdVL_Mass8_PFNoPUHT225_v3,112,hltL1Mu4HTT125Mu5Ele8CaloIdTTrkIdVLMass8Filter,HLTElectronMuonInvMassFilter,83,33,-13,22.7463,0.325539,-2.74961,0
HLT_RelIso1p0Mu5_Ele8_CaloIdT_TrkIdVL_Mass8_PFNoPUHT225_v3,241,hltPFHT225NoPU,HLTHtMhtFilter,90,158,0,109.755,0,0.542696,-6.7435e-07
HLT_Mu8_Ele8_CaloIdT_TrkIdVL_Mass8_PFNoPUHT175_v3,7,hltL1sL1Mu0HTT100ORL1Mu4HTT125,HLTLevel1GTSeed,-81,198,0,20,0.35,-2.87979,0.105658
HLT_Mu8_Ele8_CaloIdT_TrkIdVL_Mass8_PFNoPUHT175_v3,7,hltL1sL1Mu0HTT100ORL1Mu4HTT125,HLTLevel1GTSeed,-81,199,0,12,0.05,-1.8326,0.105658
HLT_Mu8_Ele8_CaloIdT_TrkIdVL_Mass8_PFNoPUHT175_v3,7,hltL1sL1Mu0HTT100ORL1Mu4HTT125,HLTLevel1GTSeed,-89,208,-89,246,0,0,0
HLT_Mu8_Ele8_CaloIdT_TrkIdVL_Mass8_PFNoPUHT175_v3,22,hltL1Mu0HTT100ORMu4HTT125L2Filtered0,HLTMuonL2PreFilter,83,29,-13,26.4076,0.316291,-2.76432,3.37175e-07
HLT_Mu8_Ele8_CaloIdT_TrkIdVL_Mass8_PFNoPUHT175_v3,22,hltL1Mu0HTT100ORMu4HTT125L2Filtered0,HLTMuonL2PreFilter,83,30,13,13.0593,-0.125962,-2.02816,-1.19209e-07
HLT_Mu8_Ele8_CaloIdT_TrkIdVL_Mass8_PFNoPUHT175_v3,48,hltL1Mu0HTT100ORMu4HTT125L3Filtered8,HLTMuonL3PreFilter,83,33,-13,22.7463,0.325539,-2.74961,0
HLT_Mu8_Ele8_CaloIdT_TrkIdVL_Mass8_PFNoPUHT175_v3,48,hltL1Mu0HTT100ORMu4HTT125L3Filtered8,HLTMuonL3PreFilter,83,34,13,13.2011,-0.122044,-2.02961,0
HLT_Mu8_Ele8_CaloIdT_TrkIdVL_Mass8_PFNoPUHT175_v3,90,hltSingleElectronEt8CaloIdTTrkIdVLNoCandDphiFilter,HLTElectronGenericFilter,82,21,11,22.5407,-0.13392,-2.0703,-0.00203805
HLT_Mu8_Ele8_CaloIdT_TrkIdVL_Mass8_PFNoPUHT175_v3,91,hltMu8Ele8CaloIdTTrkIdVLMass8Filter,HLTElectronMuonInvMassFilter,82,21,11,22.5407,-0.13392,-2.0703,-0.00203805
HLT_Mu8_Ele8_CaloIdT_TrkIdVL_Mass8_PFNoPUHT175_v3,91,hltMu8Ele8CaloIdTTrkIdVLMass8Filter,HLTElectronMuonInvMassFilter,83,33,-13,22.7463,0.325539,-2.74961,0
HLT_Mu8_Ele8_CaloIdT_TrkIdVL_Mass8_PFNoPUHT175_v3,220,hltPFHT175NoPU,HLTHtMhtFilter,90,154,0,109.755,0,0.542696,-6.7435e-07
HLT_Mu8_Ele8_CaloIdT_TrkIdVL_Mass8_PFNoPUHT225_v3,7,hltL1sL1Mu0HTT100ORL1Mu4HTT125,HLTLevel1GTSeed,-81,198,0,20,0.35,-2.87979,0.105658
HLT_Mu8_Ele8_CaloIdT_TrkIdVL_Mass8_PFNoPUHT225_v3,7,hltL1sL1Mu0HTT100ORL1Mu4HTT125,HLTLevel1GTSeed,-81,199,0,12,0.05,-1.8326,0.105658
HLT_Mu8_Ele8_CaloIdT_TrkIdVL_Mass8_PFNoPUHT225_v3,7,hltL1sL1Mu0HTT100ORL1Mu4HTT125,HLTLevel1GTSeed,-89,208,-89,246,0,0,0
HLT_Mu8_Ele8_CaloIdT_TrkIdVL_Mass8_PFNoPUHT225_v3,22,hltL1Mu0HTT100ORMu4HTT125L2Filtered0,HLTMuonL2PreFilter,83,29,-13,26.4076,0.316291,-2.76432,3.37175e-07
HLT_Mu8_Ele8_CaloIdT_TrkIdVL_Mass8_PFNoPUHT225_v3,22,hltL1Mu0HTT100ORMu4HTT125L2Filtered0,HLTMuonL2PreFilter,83,30,13,13.0593,-0.125962,-2.02816,-1.19209e-07
HLT_Mu8_Ele8_CaloIdT_TrkIdVL_Mass8_PFNoPUHT225_v3,48,hltL1Mu0HTT100ORMu4HTT125L3Filtered8,HLTMuonL3PreFilter,83,33,-13,22.7463,0.325539,-2.74961,0
HLT_Mu8_Ele8_CaloIdT_TrkIdVL_Mass8_PFNoPUHT225_v3,48,hltL1Mu0HTT100ORMu4HTT125L3Filtered8,HLTMuonL3PreFilter,83,34,13,13.2011,-0.122044,-2.02961,0
HLT_Mu8_Ele8_CaloIdT_TrkIdVL_Mass8_PFNoPUHT225_v3,90,hltSingleElectronEt8CaloIdTTrkIdVLNoCandDphiFilter,HLTElectronGenericFilter,82,21,11,22.5407,-0.13392,-2.0703,-0.00203805
HLT_Mu8_Ele8_CaloIdT_TrkIdVL_Mass8_PFNoPUHT225_v3,91,hltMu8Ele8CaloIdTTrkIdVLMass8Filter,HLTElectronMuonInvMassFilter,82,21,11,22.5407,-0.13392,-2.0703,-0.00203805
HLT_Mu8_Ele8_CaloIdT_TrkIdVL_Mass8_PFNoPUHT225_v3,91,hltMu8Ele8CaloIdTTrkIdVLMass8Filter,HLTElectronMuonInvMassFilter,83,33,-13,22.7463,0.325539,-2.74961,0
HLT_Mu8_Ele8_CaloIdT_TrkIdVL_Mass8_PFNoPUHT225_v3,220,hltPFHT225NoPU,HLTHtMhtFilter,90,158,0,109.755,0,0.542696,-6.7435e-07
HLT_PFNoPUHT350_Mu15_PFMET45_v3,7,hltL1sL1HTT150OrHTT175,HLTLevel1GTSeed,-89,208,-89,246,0,0,0
HLT_PFNoPUHT350_Mu15_PFMET45_v3,37,hltL1HTT150singleMuL2PreFiltered10,HLTMuonL2PreFilter,83,29,-13,26.4076,0.316291,-2.76432,3.37175e-07
HLT_PFNoPUHT350_Mu15_PFMET45_v3,37,hltL1HTT150singleMuL2PreFiltered10,HLTMuonL2PreFilter,83,30,13,13.0593,-0.125962,-2.02816,-1.19209e-07
HLT_PFNoPUHT350_Mu15_PFMET45_v3,63,hltL1HTT150singleMuL3PreFiltered15,HLTMuonL3PreFilter,83,33,-13,22.7463,0.325539,-2.74961,0
HLT_PFNoPUHT350_Mu15_PFMET45_v3,316,hltPFHT350PFMET45,HLTHtMhtFilter,90,162,0,108.347,0,0.651684,0
HLT_PFNoPUHT350_Mu15_PFMET50_v3,7,hltL1sL1HTT150OrHTT175,HLTLevel1GTSeed,-89,208,-89,246,0,0,0
HLT_PFNoPUHT350_Mu15_PFMET50_v3,37,hltL1HTT150singleMuL2PreFiltered10,HLTMuonL2PreFilter,83,29,-13,26.4076,0.316291,-2.76432,3.37175e-07
HLT_PFNoPUHT350_Mu15_PFMET50_v3,37,hltL1HTT150singleMuL2PreFiltered10,HLTMuonL2PreFilter,83,30,13,13.0593,-0.125962,-2.02816,-1.19209e-07
HLT_PFNoPUHT350_Mu15_PFMET50_v3,63,hltL1HTT150singleMuL3PreFiltered15,HLTMuonL3PreFilter,83,33,-13,22.7463,0.325539,-2.74961,0
HLT_PFNoPUHT350_Mu15_PFMET50_v3,316,hltPFHT350PFMET50,HLTHtMhtFilter,90,166,0,108.347,0,0.651684,0
HLT_PFNoPUHT400_Mu5_PFMET45_v3,7,hltL1sL1HTT150OrHTT175,HLTLevel1GTSeed,-89,208,-89,246,0,0,0
HLT_PFNoPUHT400_Mu5_PFMET45_v3,37,hltL1HTT150singleMuL2PreFiltered0,HLTMuonL2PreFilter,83,29,-13,26.4076,0.316291,-2.76432,3.37175e-07
HLT_PFNoPUHT400_Mu5_PFMET45_v3,37,hltL1HTT150singleMuL2PreFiltered0,HLTMuonL2PreFilter,83,30,13,13.0593,-0.125962,-2.02816,-1.19209e-07
HLT_PFNoPUHT400_Mu5_PFMET45_v3,63,hltL1HTT150singleMuL3PreFiltered5,HLTMuonL3PreFilter,83,33,-13,22.7463,0.325539,-2.74961,0
HLT_PFNoPUHT400_Mu5_PFMET45_v3,63,hltL1HTT150singleMuL3PreFiltered5,HLTMuonL3PreFilter,83,34,13,13.2011,-0.122044,-2.02961,0
HLT_PFNoPUHT400_Mu5_PFMET45_v3,316,hltPFHT400PFMET45,HLTHtMhtFilter,90,170,0,108.347,0,0.651684,0
HLT_PFNoPUHT400_Mu5_PFMET50_v3,7,hltL1sL1HTT150OrHTT175,HLTLevel1GTSeed,-89,208,-89,246,0,0,0
HLT_PFNoPUHT400_Mu5_PFMET50_v3,37,hltL1HTT150singleMuL2PreFiltered0,HLTMuonL2PreFilter,83,29,-13,26.4076,0.316291,-2.76432,3.37175e-07
HLT_PFNoPUHT400_Mu5_PFMET50_v3,37,hltL1HTT150singleMuL2PreFiltered0,HLTMuonL2PreFilter,83,30,13,13.0593,-0.125962,-2.02816,-1.19209e-07
HLT_PFNoPUHT400_Mu5_PFMET50_v3,63,hltL1HTT150singleMuL3PreFiltered5,HLTMuonL3PreFilter,83,33,-13,22.7463,0.325539,-2.74961,0
HLT_PFNoPUHT400_Mu5_PFMET50_v3,63,hltL1HTT150singleMuL3PreFiltered5,HLTMuonL3PreFilter,83,34,13,13.2011,-0.122044,-2.02961,0
HLT_PFNoPUHT400_Mu5_PFMET50_v3,316,hltPFHT400PFMET50,HLTHtMhtFilter,90,174,0,108.347,0,0.651684,0
HLT_Mu40_PFNoPUHT350_v3,7,hltL1sL1Mu0HTT100ORL1Mu4HTT125,HLTLevel1GTSeed,-81,198,0,20,0.35,-2.87979,0.105658
HLT_Mu40_PFNoPUHT350_v3,7,hltL1sL1Mu0HTT100ORL1Mu4HTT125,HLTLevel1GTSeed,-81,199,0,12,0.05,-1.8326,0.105658
HLT_Mu40_PFNoPUHT350_v3,7,hltL1sL1Mu0HTT100ORL1Mu4HTT125,HLTLevel1GTSeed,-89,208,-89,246,0,0,0
HLT_Mu40_PFNoPUHT350_v3,22,hltL1Mu0HTT100ORL1Mu4HTT125L2QualMuFiltered16,HLTMuonL2PreFilter,83,29,-13,26.4076,0.316291,-2.76432,3.37175e-07
HLT_Mu60_PFNoPUHT350_v3,7,hltL1sL1Mu0HTT100ORL1Mu4HTT125,HLTLevel1GTSeed,-81,198,0,20,0.35,-2.87979,0.105658
HLT_Mu60_PFNoPUHT350_v3,7,hltL1sL1Mu0HTT100ORL1Mu4HTT125,HLTLevel1GTSeed,-81,199,0,12,0.05,-1.8326,0.105658
HLT_Mu60_PFNoPUHT350_v3,7,hltL1sL1Mu0HTT100ORL1Mu4HTT125,HLTLevel1GTSeed,-89,208,-89,246,0,0,0
HLT_Mu60_PFNoPUHT350_v3,22,hltL1Mu0HTT100ORL1Mu4HTT125L2QualMuFiltered16,HLTMuonL2PreFilter,83,29,-13,26.4076,0.316291,-2.76432,3.37175e-07
HLT_DoubleMu8_Ele8_CaloIdT_TrkIdVL_v5,7,hltL1sL1DoubleMu5EG5,HLTLevel1GTSeed,-83,190,0,19,-0.174,-2.0944,0
HLT_DoubleMu8_Ele8_CaloIdT_TrkIdVL_v5,7,hltL1sL1DoubleMu5EG5,HLTLevel1GTSeed,-82,194,0,63,-0.8695,2.0944,0
HLT_DoubleMu8_Ele8_CaloIdT_TrkIdVL_v5,7,hltL1sL1DoubleMu5EG5,HLTLevel1GTSeed,-82,195,0,26,0.5215,1.74533,0
HLT_DoubleMu8_Ele8_CaloIdT_TrkIdVL_v5,7,hltL1sL1DoubleMu5EG5,HLTLevel1GTSeed,-82,196,0,13,-2.586,-0.349066,0
HLT_DoubleMu8_Ele8_CaloIdT_TrkIdVL_v5,7,hltL1sL1DoubleMu5EG5,HLTLevel1GTSeed,-82,197,0,5,-2.586,0,0
HLT_DoubleMu8_Ele8_CaloIdT_TrkIdVL_v5,7,hltL1sL1DoubleMu5EG5,HLTLevel1GTSeed,-81,198,0,20,0.35,-2.87979,0.105658
HLT_DoubleMu8_Ele8_CaloIdT_TrkIdVL_v5,7,hltL1sL1DoubleMu5EG5,HLTLevel1GTSeed,-81,199,0,12,0.05,-1.8326,0.105658
HLT_DoubleMu8_Ele8_CaloIdT_TrkIdVL_v5,22,hltL1DoubleMu5EG5L2DiMuFiltered5,HLTMuonL2PreFilter,83,29,-13,26.4076,0.316291,-2.76432,3.37175e-07
HLT_DoubleMu8_Ele8_CaloIdT_TrkIdVL_v5,22,hltL1DoubleMu5EG5L2DiMuFiltered5,HLTMuonL2PreFilter,83,30,13,13.0593,-0.125962,-2.02816,-1.19209e-07
HLT_DoubleMu8_Ele8_CaloIdT_TrkIdVL_v5,48,hltL1DoubleMu5EG5L3DiMuFiltered8,HLTMuonL3PreFilter,83,33,-13,22.7463,0.325539,-2.74961,0
HLT_DoubleMu8_Ele8_CaloIdT_TrkIdVL_v5,48,hltL1DoubleMu5EG5L3DiMuFiltered8,HLTMuonL3PreFilter,83,34,13,13.2011,-0.122044,-2.02961,0
HLT_DoubleMu8_Ele8_CaloIdT_TrkIdVL_v5,84,hltEle8CaloIdTTrkIdVLDphiFilterL1DoubleMu5EG5,HLTElectronGenericFilter,82,25,11,22.5407,-0.13392,-2.0703,-0.00203805
HLT_Ele25_CaloIdVT_CaloIsoT_TrkIdT_TrkIsoT_CentralPFNoPUJet30_v7,7,hltL1sL1SingleEG20orL1SingleEG22,HLTLevel1GTSeed,-82,194,0,63,-0.8695,2.0944,0
HLT_Ele25_CaloIdVT_CaloIsoT_TrkIdT_TrkIsoT_CentralPFNoPUJet30_v7,7,hltL1sL1SingleEG20orL1SingleEG22,HLTLevel1GTSeed,-82,195,0,26,0.5215,1.74533,0
HLT_Ele25_CaloIdVT_CaloIsoVL_TrkIdVL_TrkIsoT_DiCentralPFNoPUJet30_v1,7,hltL1sL1SingleEG20orL1SingleEG22,HLTLevel1GTSeed,-82,194,0,63,-0.8695,2.0944,0
HLT_Ele25_CaloIdVT_CaloIsoVL_TrkIdVL_TrkIsoT_DiCentralPFNoPUJet30_v1,7,hltL1sL1SingleEG20orL1SingleEG22,HLTLevel1GTSeed,-82,195,0,26,0.5215,1.74533,0
HLT_Ele25_CaloIdVT_CaloIsoT_TrkIdT_TrkIsoT_CentralPFNoPUJet30_BTagIPIter_v8,7,hltL1sL1SingleEG20orL1SingleEG22,HLTLevel1GTSeed,-82,194,0,63,-0.8695,2.0944,0
HLT_Ele25_CaloIdVT_CaloIsoT_TrkIdT_TrkIsoT_CentralPFNoPUJet30_BTagIPIter_v8,7,hltL1sL1SingleEG20orL1SingleEG22,HLTLevel1GTSeed,-82,195,0,26,0.5215,1.74533,0
HLT_Ele27_WP80_CentralPFJet80_v8,7,hltL1sL1SingleEG20ORL1SingleEG22,HLTLevel1GTSeed,-82,194,0,63,-0.8695,2.0944,0
HLT_Ele27_WP80_CentralPFJet80_v8,7,hltL1sL1SingleEG20ORL1SingleEG22,HLTLevel1GTSeed,-82,195,0,26,0.5215,1.74533,0
HLT_Ele27_WP80_WCandPt80_v8,7,hltL1sL1SingleEG20ORL1SingleEG22,HLTLevel1GTSeed,-82,194,0,63,-0.8695,2.0944,0
HLT_Ele27_WP80_WCandPt80_v8,7,hltL1sL1SingleEG20ORL1SingleEG22,HLTLevel1GTSeed,-82,195,0,26,0.5215,1.74533,0
HLT_Ele30_CaloIdVT_TrkIdT_PFNoPUJet100_PFNoPUJet25_v7,7,hltL1sL1SingleEG22,HLTLevel1GTSeed,-82,194,0,63,-0.8695,2.0944,0
HLT_Ele30_CaloIdVT_TrkIdT_PFNoPUJet100_PFNoPUJet25_v7,7,hltL1sL1SingleEG22,HLTLevel1GTSeed,-82,195,0,26,0.5215,1.74533,0
HLT_Ele30_CaloIdVT_TrkIdT_PFNoPUJet150_PFNoPUJet25_v7,7,hltL1sL1SingleEG22,HLTLevel1GTSeed,-82,194,0,63,-0.8695,2.0944,0
HLT_Ele30_CaloIdVT_TrkIdT_PFNoPUJet150_PFNoPUJet25_v7,7,hltL1sL1SingleEG22,HLTLevel1GTSeed,-82,195,0,26,0.5215,1.74533,0
HLT_DoubleEle8_CaloIdT_TrkIdVL_Mass8_PFNoPUHT175_v3,7,hltL1sL1DoubleEG6HTT100ORHTT125,HLTLevel1GTSeed,-83,190,0,19,-0.174,-2.0944,0
HLT_DoubleEle8_CaloIdT_TrkIdVL_Mass8_PFNoPUHT175_v3,7,hltL1sL1DoubleEG6HTT100ORHTT125,HLTLevel1GTSeed,-82,194,0,63,-0.8695,2.0944,0
HLT_DoubleEle8_CaloIdT_TrkIdVL_Mass8_PFNoPUHT175_v3,7,hltL1sL1DoubleEG6HTT100ORHTT125,HLTLevel1GTSeed,-82,195,0,26,0.5215,1.74533,0
HLT_DoubleEle8_CaloIdT_TrkIdVL_Mass8_PFNoPUHT175_v3,7,hltL1sL1DoubleEG6HTT100ORHTT125,HLTLevel1GTSeed,-82,196,0,13,-2.586,-0.349066,0
HLT_DoubleEle8_CaloIdT_TrkIdVL_Mass8_PFNoPUHT175_v3,7,hltL1sL1DoubleEG6HTT100ORHTT125,HLTLevel1GTSeed,-89,208,-89,246,0,0,0
HLT_DoubleEle8_CaloIdT_TrkIdVL_Mass8_PFNoPUHT225_v3,7,hltL1sL1DoubleEG6HTT100ORHTT125,HLTLevel1GTSeed,-83,190,0,19,-0.174,-2.0944,0
HLT_DoubleEle8_CaloIdT_TrkIdVL_Mass8_PFNoPUHT225_v3,7,hltL1sL1DoubleEG6HTT100ORHTT125,HLTLevel1GTSeed,-82,194,0,63,-0.8695,2.0944,0
HLT_DoubleEle8_CaloIdT_TrkIdVL_Mass8_PFNoPUHT225_v3,7,hltL1sL1DoubleEG6HTT100ORHTT125,HLTLevel1GTSeed,-82,195,0,26,0.5215,1.74533,0
HLT_DoubleEle8_CaloIdT_TrkIdVL_Mass8_PFNoPUHT225_v3,7,hltL1sL1DoubleEG6HTT100ORHTT125,HLTLevel1GTSeed,-82,196,0,13,-2.586,-0.349066,0
HLT_DoubleEle8_CaloIdT_TrkIdVL_Mass8_PFNoPUHT225_v3,7,hltL1sL1DoubleEG6HTT100ORHTT125,HLTLevel1GTSeed,-89,208,-89,246,0,0,0
HLT_DoubleEle10_CaloIdL_TrkIdVL_Ele10_CaloIdT_TrkIdVL_v12,7,hltL1sL1TripleEG7,HLTLevel1GTSeed,-83,190,0,19,-0.174,-2.0944,0
HLT_DoubleEle10_CaloIdL_TrkIdVL_Ele10_CaloIdT_TrkIdVL_v12,7,hltL1sL1TripleEG7,HLTLevel1GTSeed,-82,194,0,63,-0.8695,2.0944,0
HLT_DoubleEle10_CaloIdL_TrkIdVL_Ele10_CaloIdT_TrkIdVL_v12,7,hltL1sL1TripleEG7,HLTLevel1GTSeed,-82,195,0,26,0.5215,1.74533,0
HLT_DoubleEle10_CaloIdL_TrkIdVL_Ele10_CaloIdT_TrkIdVL_v12,7,hltL1sL1TripleEG7,HLTLevel1GTSeed,-82,196,0,13,-2.586,-0.349066,0
HLT_TripleEle10_CaloIdL_TrkIdVL_v18,7,hltL1sL1TripleEG7,HLTLevel1GTSeed,-83,190,0,19,-0.174,-2.0944,0
HLT_TripleEle10_CaloIdL_TrkIdVL_v18,7,hltL1sL1TripleEG7,HLTLevel1GTSeed,-82,194,0,63,-0.8695,2.0944,0
HLT_TripleEle10_CaloIdL_TrkIdVL_v18,7,hltL1sL1TripleEG7,HLTLevel1GTSeed,-82,195,0,26,0.5215,1.74533,0
HLT_TripleEle10_CaloIdL_TrkIdVL_v18,7,hltL1sL1TripleEG7,HLTLevel1GTSeed,-82,196,0,13,-2.586,-0.349066,0
HLT_RsqMR40_Rsq0p04_v6,7,hltL1sL1DoubleJetC64ORDoubleJetC56ORDoubleJetC52,HLTLevel1GTSeed,-84,200,0,132,1.566,-1.74533,0
HLT_RsqMR40_Rsq0p04_v6,7,hltL1sL1DoubleJetC64ORDoubleJetC56ORDoubleJetC52,HLTLevel1GTSeed,-84,201,0,84,0.5215,1.74533,0
HLT_RsqMR40_Rsq0p04_v6,7,hltL1sL1DoubleJetC64ORDoubleJetC56ORDoubleJetC52,HLTLevel1GTSeed,-86,202,0,108,-0.8695,2.0944,0
HLT_RsqMR45_Rsq0p09_v5,7,hltL1sL1DoubleJetC64ORDoubleJetC56ORDoubleJetC52,HLTLevel1GTSeed,-84,200,0,132,1.566,-1.74533,0
HLT_RsqMR45_Rsq0p09_v5,7,hltL1sL1DoubleJetC64ORDoubleJetC56ORDoubleJetC52,HLTLevel1GTSeed,-84,201,0,84,0.5215,1.74533,0
HLT_RsqMR45_Rsq0p09_v5,7,hltL1sL1DoubleJetC64ORDoubleJetC56ORDoubleJetC52,HLTLevel1GTSeed,-86,202,0,108,-0.8695,2.0944,0
HLT_RsqMR45_Rsq0p09_v5,21,hltDoubleCentralJet65L1FastJet,HLT1CaloJet,85,58,0,127.524,1.42204,-1.87009,14.1744
HLT_RsqMR45_Rsq0p09_v5,21,hltDoubleCentralJet65L1FastJet,HLT1CaloJet,85,59,0,98.2244,-0.936585,1.9926,11.782
HLT_RsqMR45_Rsq0p09_v5,21,hltDoubleCentralJet65L1FastJet,HLT1CaloJet,85,60,0,82.3896,0.349833,1.75677,14.2559
HLT_RsqMR55_Rsq0p09_MR150_v6,7,hltL1sL1DoubleJetC64ORDoubleJetC56ORDoubleJetC52,HLTLevel1GTSeed,-84,200,0,132,1.566,-1.74533,0
HLT_RsqMR55_Rsq0p09_MR150_v6,7,hltL1sL1DoubleJetC64ORDoubleJetC56ORDoubleJetC52,HLTLevel1GTSeed,-84,201,0,84,0.5215,1.74533,0
HLT_RsqMR55_Rsq0p09_MR150_v6,7,hltL1sL1DoubleJetC64ORDoubleJetC56ORDoubleJetC52,HLTLevel1GTSeed,-86,202,0,108,-0.8695,2.0944,0
HLT_RsqMR55_Rsq0p09_MR150_v6,21,hltDoubleCentralJet65L1FastJet,HLT1CaloJet,85,58,0,127.524,1.42204,-1.87009,14.1744
HLT_RsqMR55_Rsq0p09_MR150_v6,21,hltDoubleCentralJet65L1FastJet,HLT1CaloJet,85,59,0,98.2244,-0.936585,1.9926,11.782
HLT_RsqMR55_Rsq0p09_MR150_v6,21,hltDoubleCentralJet65L1FastJet,HLT1CaloJet,85,60,0,82.3896,0.349833,1.75677,14.2559
HLT_RsqMR60_Rsq0p09_MR150_v6,7,hltL1sL1DoubleJetC64ORDoubleJetC56ORDoubleJetC52,HLTLevel1GTSeed,-84,200,0,132,1.566,-1.74533,0
HLT_RsqMR60_Rsq0p09_MR150_v6,7,hltL1sL1DoubleJetC64ORDoubleJetC56ORDoubleJetC52,HLTLevel1GTSeed,-84,201,0,84,0.5215,1.74533,0
HLT_RsqMR60_Rsq0p09_MR150_v6,7,hltL1sL1DoubleJetC64ORDoubleJetC56ORDoubleJetC52,HLTLevel1GTSeed,-86,202,0,108,-0.8695,2.0944,0
HLT_RsqMR60_Rsq0p09_MR150_v6,21,hltDoubleCentralJet65L1FastJet,HLT1CaloJet,85,58,0,127.524,1.42204,-1.87009,14.1744
HLT_RsqMR60_Rsq0p09_MR150_v6,21,hltDoubleCentralJet65L1FastJet,HLT1CaloJet,85,59,0,98.2244,-0.936585,1.9926,11.782
HLT_RsqMR60_Rsq0p09_MR150_v6,21,hltDoubleCentralJet65L1FastJet,HLT1CaloJet,85,60,0,82.3896,0.349833,1.75677,14.2559
HLT_RsqMR65_Rsq0p09_MR150_v5,7,hltL1sL1DoubleJetC64ORDoubleJetC56ORDoubleJetC52,HLTLevel1GTSeed,-84,200,0,132,1.566,-1.74533,0
HLT_RsqMR65_Rsq0p09_MR150_v5,7,hltL1sL1DoubleJetC64ORDoubleJetC56ORDoubleJetC52,HLTLevel1GTSeed,-84,201,0,84,0.5215,1.74533,0
HLT_RsqMR65_Rsq0p09_MR150_v5,7,hltL1sL1DoubleJetC64ORDoubleJetC56ORDoubleJetC52,HLTLevel1GTSeed,-86,202,0,108,-0.8695,2.0944,0
HLT_RsqMR65_Rsq0p09_MR150_v5,21,hltDoubleCentralJet65L1FastJet,HLT1CaloJet,85,58,0,127.524,1.42204,-1.87009,14.1744
HLT_RsqMR65_Rsq0p09_MR150_v5,21,hltDoubleCentralJet65L1FastJet,HLT1CaloJet,85,59,0,98.2244,-0.936585,1.9926,11.782
HLT_RsqMR65_Rsq0p09_MR150_v5,21,hltDoubleCentralJet65L1FastJet,HLT1CaloJet,85,60,0,82.3896,0.349833,1.75677,14.2559
HLT_IsoMu12_RsqMR30_Rsq0p04_MR200_v4,7,hltL1sL1DoubleJetC64ORDoubleJetC56ORDoubleJetC52,HLTLevel1GTSeed,-84,200,0,132,1.566,-1.74533,0
HLT_IsoMu12_RsqMR30_Rsq0p04_MR200_v4,7,hltL1sL1DoubleJetC64ORDoubleJetC56ORDoubleJetC52,HLTLevel1GTSeed,-84,201,0,84,0.5215,1.74533,0
HLT_IsoMu12_RsqMR30_Rsq0p04_MR200_v4,7,hltL1sL1DoubleJetC64ORDoubleJetC56ORDoubleJetC52,HLTLevel1GTSeed,-86,202,0,108,-0.8695,2.0944,0
HLT_IsoMu12_RsqMR30_Rsq0p04_MR200_v4,23,hltSingleMuOpenCandidateL2Filtered3,HLTMuonL2PreFilter,83,29,-13,26.4076,0.316291,-2.76432,3.37175e-07
HLT_IsoMu12_RsqMR30_Rsq0p04_MR200_v4,23,hltSingleMuOpenCandidateL2Filtered3,HLTMuonL2PreFilter,83,30,13,13.0593,-0.125962,-2.02816,-1.19209e-07
HLT_IsoMu12_RsqMR30_Rsq0p04_MR200_v4,49,hltSingleMuOpenCandidateL3Filtered12,HLTMuonL3PreFilter,83,33,-13,22.7463,0.325539,-2.74961,0
HLT_IsoMu12_RsqMR30_Rsq0p04_MR200_v4,49,hltSingleMuOpenCandidateL3Filtered12,HLTMuonL3PreFilter,83,34,13,13.2011,-0.122044,-2.02961,0
HLT_IsoMu12_RsqMR30_Rsq0p04_MR200_v4,62,hltDoubleCentralJet65L1FastJet,HLT1CaloJet,85,58,0,127.524,1.42204,-1.87009,14.1744
HLT_IsoMu12_RsqMR30_Rsq0p04_MR200_v4,62,hltDoubleCentralJet65L1FastJet,HLT1CaloJet,85,59,0,98.2244,-0.936585,1.9926,11.782
HLT_IsoMu12_RsqMR30_Rsq0p04_MR200_v4,62,hltDoubleCentralJet65L1FastJet,HLT1CaloJet,85,60,0,82.3896,0.349833,1.75677,14.2559
HLT_IsoMu12_RsqMR40_Rsq0p04_MR200_v4,7,hltL1sL1DoubleJetC64ORDoubleJetC56ORDoubleJetC52,HLTLevel1GTSeed,-84,200,0,132,1.566,-1.74533,0
HLT_IsoMu12_RsqMR40_Rsq0p04_MR200_v4,7,hltL1sL1DoubleJetC64ORDoubleJetC56ORDoubleJetC52,HLTLevel1GTSeed,-84,201,0,84,0.5215,1.74533,0
HLT_IsoMu12_RsqMR40_Rsq0p04_MR200_v4,7,hltL1sL1DoubleJetC64ORDoubleJetC56ORDoubleJetC52,HLTLevel1GTSeed,-86,202,0,108,-0.8695,2.0944,0
HLT_IsoMu12_RsqMR40_Rsq0p04_MR200_v4,23,hltSingleMuOpenCandidateL2Filtered3,HLTMuonL2PreFilter,83,29,-13,26.4076,0.316291,-2.76432,3.37175e-07
HLT_IsoMu12_RsqMR40_Rsq0p04_MR200_v4,23,hltSingleMuOpenCandidateL2Filtered3,HLTMuonL2PreFilter,83,30,13,13.0593,-0.125962,-2.02816,-1.19209e-07
HLT_IsoMu12_RsqMR40_Rsq0p04_MR200_v4,49,hltSingleMuOpenCandidateL3Filtered12,HLTMuonL3PreFilter,83,33,-13,22.7463,0.325539,-2.74961,0
HLT_IsoMu12_RsqMR40_Rsq0p04_MR200_v4,49,hltSingleMuOpenCandidateL3Filtered12,HLTMuonL3PreFilter,83,34,13,13.2011,-0.122044,-2.02961,0
HLT_IsoMu12_RsqMR40_Rsq0p04_MR200_v4,62,hltDoubleCentralJet65L1FastJet,HLT1CaloJet,85,58,0,127.524,1.42204,-1.87009,14.1744
HLT_IsoMu12_RsqMR40_Rsq0p04_MR200_v4,62,hltDoubleCentralJet65L1FastJet,HLT1CaloJet,85,59,0,98.2244,-0.936585,1.9926,11.782
HLT_IsoMu12_RsqMR40_Rsq0p04_MR200_v4,62,hltDoubleCentralJet65L1FastJet,HLT1CaloJet,85,60,0,82.3896,0.349833,1.75677,14.2559
HLT_Ele12_CaloIdT_CaloIsoVL_TrkIdVL_TrkIsoVL_RsqMR30_Rsq0p04_MR200_v4,7,hltL1sL1DoubleJetC64ORDoubleJetC56ORDoubleJetC52,HLTLevel1GTSeed,-84,200,0,132,1.566,-1.74533,0
HLT_Ele12_CaloIdT_CaloIsoVL_TrkIdVL_TrkIsoVL_RsqMR30_Rsq0p04_MR200_v4,7,hltL1sL1DoubleJetC64ORDoubleJetC56ORDoubleJetC52,HLTLevel1GTSeed,-84,201,0,84,0.5215,1.74533,0
HLT_Ele12_CaloIdT_CaloIsoVL_TrkIdVL_TrkIsoVL_RsqMR30_Rsq0p04_MR200_v4,7,hltL1sL1DoubleJetC64ORDoubleJetC56ORDoubleJetC52,HLTLevel1GTSeed,-86,202,0,108,-0.8695,2.0944,0
HLT_Ele12_CaloIdT_CaloIsoVL_TrkIdVL_TrkIsoVL_RsqMR30_Rsq0p04_MR200_v4,21,hltDoubleCentralJet65L1FastJet,HLT1CaloJet,85,58,0,127.524,1.42204,-1.87009,14.1744
HLT_Ele12_CaloIdT_CaloIsoVL_TrkIdVL_TrkIsoVL_RsqMR30_Rsq0p04_MR200_v4,21,hltDoubleCentralJet65L1FastJet,HLT1CaloJet,85,59,0,98.2244,-0.936585,1.9926,11.782
HLT_Ele12_CaloIdT_CaloIsoVL_TrkIdVL_TrkIsoVL_RsqMR30_Rsq0p04_MR200_v4,21,hltDoubleCentralJet65L1FastJet,HLT1CaloJet,85,60,0,82.3896,0.349833,1.75677,14.2559
HLT_Ele12_CaloIdT_CaloIsoVL_TrkIdVL_TrkIsoVL_RsqMR40_Rsq0p04_MR200_v4,7,hltL1sL1DoubleJetC64ORDoubleJetC56ORDoubleJetC52,HLTLevel1GTSeed,-84,200,0,132,1.566,-1.74533,0
HLT_Ele12_CaloIdT_CaloIsoVL_TrkIdVL_TrkIsoVL_RsqMR40_Rsq0p04_MR200_v4,7,hltL1sL1DoubleJetC64ORDoubleJetC56ORDoubleJetC52,HLTLevel1GTSeed,-84,201,0,84,0.5215,1.74533,0
HLT_Ele12_CaloIdT_CaloIsoVL_TrkIdVL_TrkIsoVL_RsqMR40_Rsq0p04_MR200_v4,7,hltL1sL1DoubleJetC64ORDoubleJetC56ORDoubleJetC52,HLTLevel1GTSeed,-86,202,0,108,-0.8695,2.0944,0
HLT_Ele12_CaloIdT_CaloIsoVL_TrkIdVL_TrkIsoVL_RsqMR40_Rsq0p04_MR200_v4,21,hltDoubleCentralJet65L1FastJet,HLT1CaloJet,85,58,0,127.524,1.42204,-1.87009,14.1744
HLT_Ele12_CaloIdT_CaloIsoVL_TrkIdVL_TrkIsoVL_RsqMR40_Rsq0p04_MR200_v4,21,hltDoubleCentralJet65L1FastJet,HLT1CaloJet,85,59,0,98.2244,-0.936585,1.9926,11.782
HLT_Ele12_CaloIdT_CaloIsoVL_TrkIdVL_TrkIsoVL_RsqMR40_Rsq0p04_MR200_v4,21,hltDoubleCentralJet65L1FastJet,HLT1CaloJet,85,60,0,82.3896,0.349833,1.75677,14.2559
HLT_Ele12_CaloIdT_CaloIsoVL_TrkIdVL_TrkIsoVL_DoubleCentralJet65_v4,7,hltL1sL1DoubleJetC64ORDoubleJetC56ORDoubleJetC52,HLTLevel1GTSeed,-84,200,0,132,1.566,-1.74533,0
HLT_Ele12_CaloIdT_CaloIsoVL_TrkIdVL_TrkIsoVL_DoubleCentralJet65_v4,7,hltL1sL1DoubleJetC64ORDoubleJetC56ORDoubleJetC52,HLTLevel1GTSeed,-84,201,0,84,0.5215,1.74533,0
HLT_Ele12_CaloIdT_CaloIsoVL_TrkIdVL_TrkIsoVL_DoubleCentralJet65_v4,7,hltL1sL1DoubleJetC64ORDoubleJetC56ORDoubleJetC52,HLTLevel1GTSeed,-86,202,0,108,-0.8695,2.0944,0
HLT_Photon40_CaloIdL_RsqMR40_Rsq0p09_MR150_v6,7,hltL1sL1SingleEG24,HLTLevel1GTSeed,-82,194,0,63,-0.8695,2.0944,0
HLT_Photon40_CaloIdL_RsqMR40_Rsq0p09_MR150_v6,7,hltL1sL1SingleEG24,HLTLevel1GTSeed,-82,195,0,26,0.5215,1.74533,0
HLT_Photon40_CaloIdL_RsqMR45_Rsq0p09_MR150_v6,7,hltL1sL1SingleEG24,HLTLevel1GTSeed,-82,194,0,63,-0.8695,2.0944,0
HLT_Photon40_CaloIdL_RsqMR45_Rsq0p09_MR150_v6,7,hltL1sL1SingleEG24,HLTLevel1GTSeed,-82,195,0,26,0.5215,1.74533,0
HLT_Photon40_CaloIdL_RsqMR45_Rsq0p09_MR150_v6,29,hltEG40CaloIdLHEFilter,HLTEgammaGenericFilter,81,0,0,58.4899,-0.915227,1.97159,6.7435e-07
HLT_Photon40_CaloIdL_RsqMR45_Rsq0p09_MR150_v6,42,hltDoubleCentralJet40L1FastJet,HLT1CaloJet,85,58,0,127.524,1.42204,-1.87009,14.1744
HLT_Photon40_CaloIdL_RsqMR45_Rsq0p09_MR150_v6,42,hltDoubleCentralJet40L1FastJet,HLT1CaloJet,85,59,0,98.2244,-0.936585,1.9926,11.782
HLT_Photon40_CaloIdL_RsqMR45_Rsq0p09_MR150_v6,42,hltDoubleCentralJet40L1FastJet,HLT1CaloJet,85,60,0,82.3896,0.349833,1.75677,14.2559
HLT_Photon40_CaloIdL_RsqMR45_Rsq0p09_MR150_v6,42,hltDoubleCentralJet40L1FastJet,HLT1CaloJet,85,61,0,55.4781,-2.50617,-0.359408,11.9051
HLT_Photon40_CaloIdL_RsqMR45_Rsq0p09_MR150_v6,42,hltDoubleCentralJet40L1FastJet,HLT1CaloJet,85,62,0,40.6828,-0.169835,-2.04394,4.42298
HLT_Photon40_CaloIdL_RsqMR50_Rsq0p09_MR150_v6,7,hltL1sL1SingleEG24,HLTLevel1GTSeed,-82,194,0,63,-0.8695,2.0944,0
HLT_Photon40_CaloIdL_RsqMR50_Rsq0p09_MR150_v6,7,hltL1sL1SingleEG24,HLTLevel1GTSeed,-82,195,0,26,0.5215,1.74533,0
HLT_Photon40_CaloIdL_RsqMR50_Rsq0p09_MR150_v6,29,hltEG40CaloIdLHEFilter,HLTEgammaGenericFilter,81,0,0,58.4899,-0.915227,1.97159,6.7435e-07
HLT_Photon40_CaloIdL_RsqMR50_Rsq0p09_MR150_v6,42,hltDoubleCentralJet40L1FastJet,HLT1CaloJet,85,58,0,127.524,1.42204,-1.87009,14.1744
HLT_Photon40_CaloIdL_RsqMR50_Rsq0p09_MR150_v6,42,hltDoubleCentralJet40L1FastJet,HLT1CaloJet,85,59,0,98.2244,-0.936585,1.9926,11.782
HLT_Photon40_CaloIdL_RsqMR50_Rsq0p09_MR150_v6,42,hltDoubleCentralJet40L1FastJet,HLT1CaloJet,85,60,0,82.3896,0.349833,1.75677,14.2559
HLT_Photon40_CaloIdL_RsqMR50_Rsq0p09_MR150_v6,42,hltDoubleCentralJet40L1FastJet,HLT1CaloJet,85,61,0,55.4781,-2.50617,-0.359408,11.9051
HLT_Photon40_CaloIdL_RsqMR50_Rsq0p09_MR150_v6,42,hltDoubleCentralJet40L1FastJet,HLT1CaloJet,85,62,0,40.6828,-0.169835,-2.04394,4.42298
HLT_DoublePhoton40_CaloIdL_Rsq0p035_v6,7,hltL1sL1SingleEG24,HLTLevel1GTSeed,-82,194,0,63,-0.8695,2.0944,0
HLT_DoublePhoton40_CaloIdL_Rsq0p035_v6,7,hltL1sL1SingleEG24,HLTLevel1GTSeed,-82,195,0,26,0.5215,1.74533,0
HLT_DoublePhoton40_CaloIdL_Rsq0p035_v6,29,hltEG40CaloIdLHEFilter,HLTEgammaGenericFilter,81,0,0,58.4899,-0.915227,1.97159,6.7435e-07
HLT_DoublePhoton40_CaloIdL_Rsq0p06_v6,7,hltL1sL1SingleEG24,HLTLevel1GTSeed,-82,194,0,63,-0.8695,2.0944,0
HLT_DoublePhoton40_CaloIdL_Rsq0p06_v6,7,hltL1sL1SingleEG24,HLTLevel1GTSeed,-82,195,0,26,0.5215,1.74533,0
HLT_DoublePhoton40_CaloIdL_Rsq0p06_v6,29,hltEG40CaloIdLHEFilter,HLTEgammaGenericFilter,81,0,0,58.4899,-0.915227,1.97159,6.7435e-07
HLT_Mu22_Photon22_CaloIdL_v7,7,hltL1sL1Mu3p5EG12,HLTLevel1GTSeed,-83,190,0,19,-0.174,-2.0944,0
HLT_Mu22_Photon22_CaloIdL_v7,7,hltL1sL1Mu3p5EG12,HLTLevel1GTSeed,-82,194,0,63,-0.8695,2.0944,0
HLT_Mu22_Photon22_CaloIdL_v7,7,hltL1sL1Mu3p5EG12,HLTLevel1GTSeed,-82,195,0,26,0.5215,1.74533,0
HLT_Mu22_Photon22_CaloIdL_v7,7,hltL1sL1Mu3p5EG12,HLTLevel1GTSeed,-82,196,0,13,-2.586,-0.349066,0
HLT_Mu22_Photon22_CaloIdL_v7,7,hltL1sL1Mu3p5EG12,HLTLevel1GTSeed,-81,198,0,20,0.35,-2.87979,0.105658
HLT_Mu22_Photon22_CaloIdL_v7,7,hltL1sL1Mu3p5EG12,HLTLevel1GTSeed,-81,199,0,12,0.05,-1.8326,0.105658
HLT_Mu22_Photon22_CaloIdL_v7,22,hltL1Mu3p5EG12L2Filtered12,HLTMuonL2PreFilter,83,29,-13,26.4076,0.316291,-2.76432,3.37175e-07
HLT_Mu22_Photon22_CaloIdL_v7,22,hltL1Mu3p5EG12L2Filtered12,HLTMuonL2PreFilter,83,30,13,13.0593,-0.125962,-2.02816,-1.19209e-07
HLT_Mu22_Photon22_CaloIdL_v7,48,hltL1Mu3p5EG12L3Filtered22,HLTMuonL3PreFilter,83,33,-13,22.7463,0.325539,-2.74961,0
HLT_Mu22_Photon22_CaloIdL_v7,69,hltMu22Photon22CaloIdLHEFilter,HLTEgammaGenericFilter,81,0,0,58.4899,-0.915227,1.97159,6.7435e-07
HLT_Mu22_Photon22_CaloIdL_v7,69,hltMu22Photon22CaloIdLHEFilter,HLTEgammaGenericFilter,81,1,0,26.2269,0.353829,1.77175,-3.15398e-07
HLT_Mu22_Photon22_CaloIdL_v7,69,hltMu22Photon22CaloIdLHEFilter,HLTEgammaGenericFilter,81,2,0,22.4236,-0.1686,-2.04749,4.21468e-08
HLT_Mu8_DoubleEle8_CaloIdT_TrkIdVL_v7,7,hltL1sL1Mu5DoubleEG5ORMu5DoubleEG6,HLTLevel1GTSeed,-83,190,0,19,-0.174,-2.0944,0
HLT_Mu8_DoubleEle8_CaloIdT_TrkIdVL_v7,7,hltL1sL1Mu5DoubleEG5ORMu5DoubleEG6,HLTLevel1GTSeed,-82,194,0,63,-0.8695,2.0944,0
HLT_Mu8_DoubleEle8_CaloIdT_TrkIdVL_v7,7,hltL1sL1Mu5DoubleEG5ORMu5DoubleEG6,HLTLevel1GTSeed,-82,195,0,26,0.5215,1.74533,0
HLT_Mu8_DoubleEle8_CaloIdT_TrkIdVL_v7,7,hltL1sL1Mu5DoubleEG5ORMu5DoubleEG6,HLTLevel1GTSeed,-82,196,0,13,-2.586,-0.349066,0
HLT_Mu8_DoubleEle8_CaloIdT_TrkIdVL_v7,7,hltL1sL1Mu5DoubleEG5ORMu5DoubleEG6,HLTLevel1GTSeed,-81,198,0,20,0.35,-2.87979,0.105658
HLT_Mu8_DoubleEle8_CaloIdT_TrkIdVL_v7,7,hltL1sL1Mu5DoubleEG5ORMu5DoubleEG6,HLTLevel1GTSeed,-81,199,0,12,0.05,-1.8326,0.105658
HLT_Mu8_DoubleEle8_CaloIdT_TrkIdVL_v7,22,hltL2Mu5DoubleEG5L2Filtered5,HLTMuonL2PreFilter,83,29,-13,26.4076,0.316291,-2.76432,3.37175e-07
HLT_Mu8_DoubleEle8_CaloIdT_TrkIdVL_v7,22,hltL2Mu5DoubleEG5L2Filtered5,HLTMuonL2PreFilter,83,30,13,13.0593,-0.125962,-2.02816,-1.19209e-07
HLT_Mu8_DoubleEle8_CaloIdT_TrkIdVL_v7,48,hltMu5DoubleEG5L3Filtered8,HLTMuonL3PreFilter,83,33,-13,22.7463,0.325539,-2.74961,0
HLT_Mu8_DoubleEle8_CaloIdT_TrkIdVL_v7,48,hltMu5DoubleEG5L3Filtered8,HLTMuonL3PreFilter,83,34,13,13.2011,-0.122044,-2.02961,0
HLT_Mu8_Ele8_CaloIdT_TrkIdVL_Ele8_CaloIdL_TrkIdVL_v7,7,hltL1sL1Mu5DoubleEG5ORMu5DoubleEG6,HLTLevel1GTSeed,-83,190,0,19,-0.174,-2.0944,0
HLT_Mu8_Ele8_CaloIdT_TrkIdVL_Ele8_CaloIdL_TrkIdVL_v7,7,hltL1sL1Mu5DoubleEG5ORMu5DoubleEG6,HLTLevel1GTSeed,-82,194,0,63,-0.8695,2.0944,0
HLT_Mu8_Ele8_CaloIdT_TrkIdVL_Ele8_CaloIdL_TrkIdVL_v7,7,hltL1sL1Mu5DoubleEG5ORMu5DoubleEG6,HLTLevel1GTSeed,-82,195,0,26,0.5215,1.74533,0
HLT_Mu8_Ele8_CaloIdT_TrkIdVL_Ele8_CaloIdL_TrkIdVL_v7,7,hltL1sL1Mu5DoubleEG5ORMu5DoubleEG6,HLTLevel1GTSeed,-82,196,0,13,-2.586,-0.349066,0
HLT_Mu8_Ele8_CaloIdT_TrkIdVL_Ele8_CaloIdL_TrkIdVL_v7,7,hltL1sL1Mu5DoubleEG5ORMu5DoubleEG6,HLTLevel1GTSeed,-81,198,0,20,0.35,-2.87979,0.105658
HLT_Mu8_Ele8_CaloIdT_TrkIdVL_Ele8_CaloIdL_TrkIdVL_v7,7,hltL1sL1Mu5DoubleEG5ORMu5DoubleEG6,HLTLevel1GTSeed,-81,199,0,12,0.05,-1.8326,0.105658
HLT_Mu8_Ele8_CaloIdT_TrkIdVL_Ele8_CaloIdL_TrkIdVL_v7,22,hltL2Mu5DoubleEG5L2Filtered5,HLTMuonL2PreFilter,83,29,-13,26.4076,0.316291,-2.76432,3.37175e-07
HLT_Mu8_Ele8_CaloIdT_TrkIdVL_Ele8_CaloIdL_TrkIdVL_v7,22,hltL2Mu5DoubleEG5L2Filtered5,HLTMuonL2PreFilter,83,30,13,13.0593,-0.125962,-2.02816,-1.19209e-07
HLT_Mu8_Ele8_CaloIdT_TrkIdVL_Ele8_CaloIdL_TrkIdVL_v7,48,hltMu5DoubleEG5L3Filtered8,HLTMuonL3PreFilter,83,33,-13,22.7463,0.325539,-2.74961,0
HLT_Mu8_Ele8_CaloIdT_TrkIdVL_Ele8_CaloIdL_TrkIdVL_v7,48,hltMu5DoubleEG5L3Filtered8,HLTMuonL3PreFilter,83,34,13,13.2011,-0.122044,-2.02961,0
HLT_Mu8_Ele8_CaloIdT_TrkIdVL_Ele8_CaloIdL_TrkIdVL_v7,84,hltEle8CaloIdTTrkIdVLDphiFilterL1Mu5DoubleEG5,HLTElectronGenericFilter,82,25,11,22.5407,-0.13392,-2.0703,-0.00203805
HLT_Mu8_Ele8_CaloIdT_TrkIdVL_Ele8_CaloIdL_TrkIdVL_v7,112,hltDoubleEle8CaloIdLTrkIdVLDphiFilterUnseeded,HLTElectronGenericFilter,82,17,-11,59.4002,-0.89373,1.98867,0.030484
HLT_Mu8_Ele8_CaloIdT_TrkIdVL_Ele8_CaloIdL_TrkIdVL_v7,112,hltDoubleEle8CaloIdLTrkIdVLDphiFilterUnseeded,HLTElectronGenericFilter,82,21,11,22.5407,-0.13392,-2.0703,-0.00203805
HLT_DoubleMu14_Mass8_PFMET40_v7,7,hltL1sL1DoubleMu10MuOpenORDoubleMu103p5,HLTLevel1GTSeed,-81,198,0,20,0.35,-2.87979,0.105658
HLT_DoubleMu14_Mass8_PFMET40_v7,7,hltL1sL1DoubleMu10MuOpenORDoubleMu103p5,HLTLevel1GTSeed,-81,199,0,12,0.05,-1.8326,0.105658
HLT_DoubleMu14_Mass8_PFMET40_v7,22,hltL1DoubleMu10MuOpenORDoubleMu103p5L2DiMuFiltered0,HLTMuonL2PreFilter,83,29,-13,26.4076,0.316291,-2.76432,3.37175e-07
HLT_DoubleMu14_Mass8_PFMET40_v7,22,hltL1DoubleMu10MuOpenORDoubleMu103p5L2DiMuFiltered0,HLTMuonL2PreFilter,83,30,13,13.0593,-0.125962,-2.02816,-1.19209e-07
HLT_DoubleMu14_Mass8_PFMET50_v7,7,hltL1sL1DoubleMu10MuOpenORDoubleMu103p5,HLTLevel1GTSeed,-81,198,0,20,0.35,-2.87979,0.105658
HLT_DoubleMu14_Mass8_PFMET50_v7,7,hltL1sL1DoubleMu10MuOpenORDoubleMu103p5,HLTLevel1GTSeed,-81,199,0,12,0.05,-1.8326,0.105658
HLT_DoubleMu14_Mass8_PFMET50_v7,22,hltL1DoubleMu10MuOpenORDoubleMu103p5L2DiMuFiltered0,HLTMuonL2PreFilter,83,29,-13,26.4076,0.316291,-2.76432,3.37175e-07
HLT_DoubleMu14_Mass8_PFMET50_v7,22,hltL1DoubleMu10MuOpenORDoubleMu103p5L2DiMuFiltered0,HLTMuonL2PreFilter,83,30,13,13.0593,-0.125962,-2.02816,-1.19209e-07
HLT_DoubleEle14_CaloIdT_TrkIdVL_Mass8_PFMET40_v7,7,hltL1sL1DoubleEG137ORL1DoubleEG155,HLTLevel1GTSeed,-83,190,0,19,-0.174,-2.0944,0
HLT_DoubleEle14_CaloIdT_TrkIdVL_Mass8_PFMET40_v7,7,hltL1sL1DoubleEG137ORL1DoubleEG155,HLTLevel1GTSeed,-82,194,0,63,-0.8695,2.0944,0
HLT_DoubleEle14_CaloIdT_TrkIdVL_Mass8_PFMET40_v7,7,hltL1sL1DoubleEG137ORL1DoubleEG155,HLTLevel1GTSeed,-82,195,0,26,0.5215,1.74533,0
HLT_DoubleEle14_CaloIdT_TrkIdVL_Mass8_PFMET40_v7,7,hltL1sL1DoubleEG137ORL1DoubleEG155,HLTLevel1GTSeed,-82,196,0,13,-2.586,-0.349066,0
HLT_DoubleEle14_CaloIdT_TrkIdVL_Mass8_PFMET50_v7,7,hltL1sL1DoubleEG137ORL1DoubleEG155,HLTLevel1GTSeed,-83,190,0,19,-0.174,-2.0944,0
HLT_DoubleEle14_CaloIdT_TrkIdVL_Mass8_PFMET50_v7,7,hltL1sL1DoubleEG137ORL1DoubleEG155,HLTLevel1GTSeed,-82,194,0,63,-0.8695,2.0944,0
HLT_DoubleEle14_CaloIdT_TrkIdVL_Mass8_PFMET50_v7,7,hltL1sL1DoubleEG137ORL1DoubleEG155,HLTLevel1GTSeed,-82,195,0,26,0.5215,1.74533,0
HLT_DoubleEle14_CaloIdT_TrkIdVL_Mass8_PFMET50_v7,7,hltL1sL1DoubleEG137ORL1DoubleEG155,HLTLevel1GTSeed,-82,196,0,13,-2.586,-0.349066,0
HLT_Mu14_Ele14_CaloIdT_TrkIdVL_Mass8_PFMET40_v7,7,hltL1sL1Mu12EG7ORL1MuOpenEG12,HLTLevel1GTSeed,-83,190,0,19,-0.174,-2.0944,0
HLT_Mu14_Ele14_CaloIdT_TrkIdVL_Mass8_PFMET40_v7,7,hltL1sL1Mu12EG7ORL1MuOpenEG12,HLTLevel1GTSeed,-82,194,0,63,-0.8695,2.0944,0
HLT_Mu14_Ele14_CaloIdT_TrkIdVL_Mass8_PFMET40_v7,7,hltL1sL1Mu12EG7ORL1MuOpenEG12,HLTLevel1GTSeed,-82,195,0,26,0.5215,1.74533,0
HLT_Mu14_Ele14_CaloIdT_TrkIdVL_Mass8_PFMET40_v7,7,hltL1sL1Mu12EG7ORL1MuOpenEG12,HLTLevel1GTSeed,-82,196,0,13,-2.586,-0.349066,0
HLT_Mu14_Ele14_CaloIdT_TrkIdVL_Mass8_PFMET40_v7,7,hltL1sL1Mu12EG7ORL1MuOpenEG12,HLTLevel1GTSeed,-81,198,0,20,0.35,-2.87979,0.105658
HLT_Mu14_Ele14_CaloIdT_TrkIdVL_Mass8_PFMET40_v7,7,hltL1sL1Mu12EG7ORL1MuOpenEG12,HLTLevel1GTSeed,-81,199,0,12,0.05,-1.8326,0.105658
HLT_Mu14_Ele14_CaloIdT_TrkIdVL_Mass8_PFMET40_v7,22,hltL1Mu12EG7ORL1MuOpenEG12L2MuFiltered0,HLTMuonL2PreFilter,83,29,-13,26.4076,0.316291,-2.76432,3.37175e-07
HLT_Mu14_Ele14_CaloIdT_TrkIdVL_Mass8_PFMET40_v7,22,hltL1Mu12EG7ORL1MuOpenEG12L2MuFiltered0,HLTMuonL2PreFilter,83,30,13,13.0593,-0.125962,-2.02816,-1.19209e-07
HLT_Mu14_Ele14_CaloIdT_TrkIdVL_Mass8_PFMET40_v7,48,hltL1Mu12EG7ORL1MuOpenEG12L3MuFiltered14,HLTMuonL3PreFilter,83,33,-13,22.7463,0.325539,-2.74961,0
HLT_Mu14_Ele14_CaloIdT_TrkIdVL_Mass8_PFMET40_v7,84,hltEle14CaloIdTTrkIdVLDphiFilter,HLTElectronGenericFilter,82,25,11,22.5407,-0.13392,-2.0703,-0.00203805
HLT_Mu14_Ele14_CaloIdT_TrkIdVL_Mass8_PFMET40_v7,85,hltMu14Ele14CaloIdTTrkIdVLMass8Filter,HLTElectronMuonInvMassFilter,82,25,11,22.5407,-0.13392,-2.0703,-0.00203805
HLT_Mu14_Ele14_CaloIdT_TrkIdVL_Mass8_PFMET40_v7,85,hltMu14Ele14CaloIdTTrkIdVLMass8Filter,HLTElectronMuonInvMassFilter,83,33,-13,22.7463,0.325539,-2.74961,0
HLT_Mu14_Ele14_CaloIdT_TrkIdVL_Mass8_PFMET40_v7,210,hltPFMET40Filter,HLTMhtFilter,90,178,0,108.347,0,0.651684,0
HLT_Mu14_Ele14_CaloIdT_TrkIdVL_Mass8_PFMET50_v7,7,hltL1sL1Mu12EG7ORL1MuOpenEG12,HLTLevel1GTSeed,-83,190,0,19,-0.174,-2.0944,0
HLT_Mu14_Ele14_CaloIdT_TrkIdVL_Mass8_PFMET50_v7,7,hltL1sL1Mu12EG7ORL1MuOpenEG12,HLTLevel1GTSeed,-82,194,0,63,-0.8695,2.0944,0
HLT_Mu14_Ele14_CaloIdT_TrkIdVL_Mass8_PFMET50_v7,7,hltL1sL1Mu12EG7ORL1MuOpenEG12,HLTLevel1GTSeed,-82,195,0,26,0.5215,1.74533,0
HLT_Mu14_Ele14_CaloIdT_TrkIdVL_Mass8_PFMET50_v7,7,hltL1sL1Mu12EG7ORL1MuOpenEG12,HLTLevel1GTSeed,-82,196,0,13,-2.586,-0.349066,0
HLT_Mu14_Ele14_CaloIdT_TrkIdVL_Mass8_PFMET50_v7,7,hltL1sL1Mu12EG7ORL1MuOpenEG12,HLTLevel1GTSeed,-81,198,0,20,0.35,-2.87979,0.105658
HLT_Mu14_Ele14_CaloIdT_TrkIdVL_Mass8_PFMET50_v7,7,hltL1sL1Mu12EG7ORL1MuOpenEG12,HLTLevel1GTSeed,-81,199,0,12,0.05,-1.8326,0.105658
HLT_Mu14_Ele14_CaloIdT_TrkIdVL_Mass8_PFMET50_v7,22,hltL1Mu12EG7ORL1MuOpenEG12L2MuFiltered0,HLTMuonL2PreFilter,83,29,-13,26.4076,0.316291,-2.76432,3.37175e-07
HLT_Mu14_Ele14_CaloIdT_TrkIdVL_Mass8_PFMET50_v7,22,hltL1Mu12EG7ORL1MuOpenEG12L2MuFiltered0,HLTMuonL2PreFilter,83,30,13,13.0593,-0.125962,-2.02816,-1.19209e-07
HLT_Mu14_Ele14_CaloIdT_TrkIdVL_Mass8_PFMET50_v7,48,hltL1Mu12EG7ORL1MuOpenEG12L3MuFiltered14,HLTMuonL3PreFilter,83,33,-13,22.7463,0.325539,-2.74961,0
HLT_Mu14_Ele14_CaloIdT_TrkIdVL_Mass8_PFMET50_v7,84,hltEle14CaloIdTTrkIdVLDphiFilter,HLTElectronGenericFilter,82,25,11,22.5407,-0.13392,-2.0703,-0.00203805
HLT_Mu14_Ele14_CaloIdT_TrkIdVL_Mass8_PFMET50_v7,85,hltMu14Ele14CaloIdTTrkIdVLMass8Filter,HLTElectronMuonInvMassFilter,82,25,11,22.5407,-0.13392,-2.0703,-0.00203805
HLT_Mu14_Ele14_CaloIdT_TrkIdVL_Mass8_PFMET50_v7,85,hltMu14Ele14CaloIdTTrkIdVLMass8Filter,HLTElectronMuonInvMassFilter,83,33,-13,22.7463,0.325539,-2.74961,0
HLT_Mu14_Ele14_CaloIdT_TrkIdVL_Mass8_PFMET50_v7,210,hltPFMET50Filter,HLTMhtFilter,90,178,0,108.347,0,0.651684,0
HLT_PFNoPUHT350_PFMET100_v3,7,hltL1sL1HTT150OrHTT175,HLTLevel1GTSeed,-89,208,-89,246,0,0,0
HLT_PFNoPUHT400_PFMET100_v3,7,hltL1sL1HTT150OrHTT175,HLTLevel1GTSeed,-89,208,-89,246,0,0,0
HLT_CleanPFNoPUHT350_Ele5_CaloIdT_CaloIsoVL_TrkIdT_TrkIsoVL_PFMET45_v2,7,hltL1sL1HTT150OrHTT175,HLTLevel1GTSeed,-89,208,-89,246,0,0,0
HLT_CleanPFNoPUHT350_Ele5_CaloIdT_CaloIsoVL_TrkIdT_TrkIsoVL_PFMET45_v2,55,hltEle5CaloIdTTrkIdTCaloIsoVLTrkIsoVLFilterUnseeded,HLTElectronGenericFilter,82,21,11,22.5407,-0.13392,-2.0703,-0.00203805
HLT_CleanPFNoPUHT350_Ele5_CaloIdT_CaloIsoVL_TrkIdT_TrkIsoVL_PFMET45_v2,55,hltEle5CaloIdTTrkIdTCaloIsoVLTrkIsoVLFilterUnseeded,HLTElectronGenericFilter,82,21,11,22.5407,-0.13392,-2.0703,-0.00203805
HLT_CleanPFNoPUHT350_Ele5_CaloIdT_CaloIsoVL_TrkIdT_TrkIsoVL_PFMET45_v2,309,hltEle5CaloIdTCaloIsoVLTrkIdTTrkIsoVLCleanedPFHT350NoPUPFMET45,HLTHtMhtFilter,90,138,0,108.347,0,0.651684,0
HLT_CleanPFNoPUHT350_Ele5_CaloIdT_CaloIsoVL_TrkIdT_TrkIsoVL_PFMET50_v2,7,hltL1sL1HTT150OrHTT175,HLTLevel1GTSeed,-89,208,-89,246,0,0,0
HLT_CleanPFNoPUHT350_Ele5_CaloIdT_CaloIsoVL_TrkIdT_TrkIsoVL_PFMET50_v2,55,hltEle5CaloIdTTrkIdTCaloIsoVLTrkIsoVLFilterUnseeded,HLTElectronGenericFilter,82,21,11,22.5407,-0.13392,-2.0703,-0.00203805
HLT_CleanPFNoPUHT350_Ele5_CaloIdT_CaloIsoVL_TrkIdT_TrkIsoVL_PFMET50_v2,55,hltEle5CaloIdTTrkIdTCaloIsoVLTrkIsoVLFilterUnseeded,HLTElectronGenericFilter,82,21,11,22.5407,-0.13392,-2.0703,-0.00203805
HLT_CleanPFNoPUHT350_Ele5_CaloIdT_CaloIsoVL_TrkIdT_TrkIsoVL_PFMET50_v2,309,hltEle5CaloIdTCaloIsoVLTrkIdTTrkIsoVLCleanedPFHT350NoPUPFMET50,HLTHtMhtFilter,90,142,0,108.347,0,0.651684,0
HLT_CleanPFNoPUHT300_Ele15_CaloIdT_CaloIsoVL_TrkIdT_TrkIsoVL_PFMET45_v2,7,hltL1sL1HTT150OrHTT175,HLTLevel1GTSeed,-89,208,-89,246,0,0,0
HLT_CleanPFNoPUHT300_Ele15_CaloIdT_CaloIsoVL_TrkIdT_TrkIsoVL_PFMET45_v2,55,hltEle15CaloIdTTrkIdTCaloIsoVLTrkIsoVLFilterUnseeded,HLTElectronGenericFilter,82,21,11,22.5407,-0.13392,-2.0703,-0.00203805
HLT_CleanPFNoPUHT300_Ele15_CaloIdT_CaloIsoVL_TrkIdT_TrkIsoVL_PFMET45_v2,309,hltElectron15CaloIdTCaloIsoVLTrkIdTTrkIsoVLCleanedPFHT350NoPUPFMET45,HLTHtMhtFilter,90,146,0,108.347,0,0.651684,0
HLT_CleanPFNoPUHT300_Ele15_CaloIdT_CaloIsoVL_TrkIdT_TrkIsoVL_PFMET50_v2,7,hltL1sL1HTT150OrHTT175,HLTLevel1GTSeed,-89,208,-89,246,0,0,0
HLT_CleanPFNoPUHT300_Ele15_CaloIdT_CaloIsoVL_TrkIdT_TrkIsoVL_PFMET50_v2,55,hltEle15CaloIdTTrkIdTCaloIsoVLTrkIsoVLFilterUnseeded,HLTElectronGenericFilter,82,21,11,22.5407,-0.13392,-2.0703,-0.00203805
HLT_CleanPFNoPUHT300_Ele15_CaloIdT_CaloIsoVL_TrkIdT_TrkIsoVL_PFMET50_v2,309,hltElectron15CaloIdTCaloIsoVLTrkIdTTrkIsoVLCleanedPFHT350NoPUPFMET50,HLTHtMhtFilter,90,150,0,108.347,0,0.651684,0
HLT_CleanPFNoPUHT300_Ele40_CaloIdVT_TrkIdT_v2,7,hltL1sL1HTT150OrHTT175,HLTLevel1GTSeed,-89,208,-89,246,0,0,0
HLT_CleanPFNoPUHT300_Ele60_CaloIdVT_TrkIdT_v2,7,hltL1sL1HTT150OrHTT175,HLTLevel1GTSeed,-89,208,-89,246,0,0,0
HLT_DiJet35_MJJ650_AllJets_DEta3p5_VBF_v5,7,hltL1sL1HTT200OrHTT175OrHTT150OrETM40,HLTLevel1GTSeed,-87,205,0,45.5,0,0.0436332,0
HLT_DiJet35_MJJ650_AllJets_DEta3p5_VBF_v5,7,hltL1sL1HTT200OrHTT175OrHTT150OrETM40,HLTLevel1GTSeed,-89,208,-89,246,0,0,0
HLT_DiJet35_MJJ650_AllJets_DEta3p5_VBF_v5,21,hltDiCaloJet35NoEtaCut,HLT1CaloJet,85,58,0,127.524,1.42204,-1.87009,14.1744
HLT_DiJet35_MJJ650_AllJets_DEta3p5_VBF_v5,21,hltDiCaloJet35NoEtaCut,HLT1CaloJet,85,59,0,98.2244,-0.936585,1.9926,11.782
HLT_DiJet35_MJJ650_AllJets_DEta3p5_VBF_v5,21,hltDiCaloJet35NoEtaCut,HLT1CaloJet,85,60,0,82.3896,0.349833,1.75677,14.2559
HLT_DiJet35_MJJ650_AllJets_DEta3p5_VBF_v5,21,hltDiCaloJet35NoEtaCut,HLT1CaloJet,85,61,0,55.4781,-2.50617,-0.359408,11.9051
HLT_DiJet35_MJJ650_AllJets_DEta3p5_VBF_v5,21,hltDiCaloJet35NoEtaCut,HLT1CaloJet,85,62,0,40.6828,-0.169835,-2.04394,4.42298
HLT_DiJet35_MJJ700_AllJets_DEta3p5_VBF_v5,7,hltL1sL1HTT200OrL1HTT175OrETM40,HLTLevel1GTSeed,-87,205,0,45.5,0,0.0436332,0
HLT_DiJet35_MJJ700_AllJets_DEta3p5_VBF_v5,7,hltL1sL1HTT200OrL1HTT175OrETM40,HLTLevel1GTSeed,-89,208,-89,246,0,0,0
HLT_DiJet35_MJJ700_AllJets_DEta3p5_VBF_v5,21,hltDiCaloJet35NoEtaCut,HLT1CaloJet,85,58,0,127.524,1.42204,-1.87009,14.1744
HLT_DiJet35_MJJ700_AllJets_DEta3p5_VBF_v5,21,hltDiCaloJet35NoEtaCut,HLT1CaloJet,85,59,0,98.2244,-0.936585,1.9926,11.782
HLT_DiJet35_MJJ700_AllJets_DEta3p5_VBF_v5,21,hltDiCaloJet35NoEtaCut,HLT1CaloJet,85,60,0,82.3896,0.349833,1.75677,14.2559
HLT_DiJet35_MJJ700_AllJets_DEta3p5_VBF_v5,21,hltDiCaloJet35NoEtaCut,HLT1CaloJet,85,61,0,55.4781,-2.50617,-0.359408,11.9051
HLT_DiJet35_MJJ700_AllJets_DEta3p5_VBF_v5,21,hltDiCaloJet35NoEtaCut,HLT1CaloJet,85,62,0,40.6828,-0.169835,-2.04394,4.42298
HLT_DiJet35_MJJ750_AllJets_DEta3p5_VBF_v5,7,hltL1sL1HTT200OrL1HTT175OrETM40,HLTLevel1GTSeed,-87,205,0,45.5,0,0.0436332,0
HLT_DiJet35_MJJ750_AllJets_DEta3p5_VBF_v5,7,hltL1sL1HTT200OrL1HTT175OrETM40,HLTLevel1GTSeed,-89,208,-89,246,0,0,0
HLT_DiJet35_MJJ750_AllJets_DEta3p5_VBF_v5,21,hltDiCaloJet35NoEtaCut,HLT1CaloJet,85,58,0,127.524,1.42204,-1.87009,14.1744
HLT_DiJet35_MJJ750_AllJets_DEta3p5_VBF_v5,21,hltDiCaloJet35NoEtaCut,HLT1CaloJet,85,59,0,98.2244,-0.936585,1.9926,11.782
HLT_DiJet35_MJJ750_AllJets_DEta3p5_VBF_v5,21,hltDiCaloJet35NoEtaCut,HLT1CaloJet,85,60,0,82.3896,0.349833,1.75677,14.2559
HLT_DiJet35_MJJ750_AllJets_DEta3p5_VBF_v5,21,hltDiCaloJet35NoEtaCut,HLT1CaloJet,85,61,0,55.4781,-2.50617,-0.359408,11.9051
HLT_DiJet35_MJJ750_AllJets_DEta3p5_VBF_v5,21,hltDiCaloJet35NoEtaCut,HLT1CaloJet,85,62,0,40.6828,-0.169835,-2.04394,4.42298
HLT_Ele22_eta2p1_WP90Rho_LooseIsoPFTau20_v6,7,hltL1sL1SingleIsoEG18erORIsoEG20erOREG22,HLTLevel1GTSeed,-83,190,0,19,-0.174,-2.0944,0
HLT_Ele22_eta2p1_WP90Rho_LooseIsoPFTau20_v6,7,hltL1sL1SingleIsoEG18erORIsoEG20erOREG22,HLTLevel1GTSeed,-82,194,0,63,-0.8695,2.0944,0
HLT_Ele22_eta2p1_WP90Rho_LooseIsoPFTau20_v6,7,hltL1sL1SingleIsoEG18erORIsoEG20erOREG22,HLTLevel1GTSeed,-82,195,0,26,0.5215,1.74533,0
HLT_Ele22_eta2p1_WP90Rho_LooseIsoPFTau20_v6,24,hltEle22WP90RhoClusterShapeFilter,HLTEgammaGenericFilter,81,2,0,22.4236,-0.1686,-2.04749,4.21468e-08
HLT_Ele22_eta2p1_WP90Rho_LooseIsoPFTau20_v6,38,hltEle22WP90RhoEcalIsoFilter,HLTEgammaGenericFilter,81,2,0,22.4236,-0.1686,-2.04749,4.21468e-08
HLT_Ele22_eta2p1_WP90Rho_LooseIsoPFTau20_v6,44,hltEle22WP90RhoHEFilter,HLTEgammaGenericFilter,81,2,0,22.4236,-0.1686,-2.04749,4.21468e-08
HLT_Ele22_eta2p1_WP90NoIso_LooseIsoPFTau20_v6,7,hltL1sL1SingleIsoEG18erORIsoEG20erOREG22,HLTLevel1GTSeed,-83,190,0,19,-0.174,-2.0944,0
HLT_Ele22_eta2p1_WP90NoIso_LooseIsoPFTau20_v6,7,hltL1sL1SingleIsoEG18erORIsoEG20erOREG22,HLTLevel1GTSeed,-82,194,0,63,-0.8695,2.0944,0
HLT_Ele22_eta2p1_WP90NoIso_LooseIsoPFTau20_v6,7,hltL1sL1SingleIsoEG18erORIsoEG20erOREG22,HLTLevel1GTSeed,-82,195,0,26,0.5215,1.74533,0
HLT_IsoMu17_eta2p1_LooseIsoPFTau20_v6,7,hltL1sMu14erORMu16er,HLTLevel1GTSeed,-81,198,0,20,0.35,-2.87979,0.105658
HLT_IsoMu17_eta2p1_LooseIsoPFTau20_v6,22,hltL2fL1sMu14erORMu16erL1f0L2Filtered14Q,HLTMuonL2PreFilter,83,29,-13,26.4076,0.316291,-2.76432,3.37175e-07
HLT_IsoMu17_eta2p1_LooseIsoPFTau20_v6,48,hltL3fL1sMu14erORMu16erL1f0L2f14QL3Filtered17Q,HLTMuonL3PreFilter,83,33,-13,22.7463,0.325539,-2.74961,0
HLT_IsoMu17_eta2p1_LooseIsoPFTau20_v6,69,hltL3crIsoL1sMu14erORMu16erL1f0L2f14QL3f17QL3crIsoRhoFiltered0p15,HLTMuonIsoFilter,83,33,-13,22.7463,0.325539,-2.74961,0
HLT_IsoMu17_eta2p1_LooseIsoPFTau20_v6,167,hltIsoMuPFTau20TrackLooseIso,HLT1PFTau,84,727,0,91.7507,1.417,-1.89076,5.74056
HLT_IsoMu17_eta2p1_LooseIsoPFTau20_v6,167,hltIsoMuPFTau20TrackLooseIso,HLT1PFTau,84,728,0,68.8085,-0.892928,1.97769,2.69966
HLT_IsoMu17_eta2p1_LooseIsoPFTau20_v6,167,hltIsoMuPFTau20TrackLooseIso,HLT1PFTau,84,729,0,54.5153,0.394885,1.78342,3.59402
HLT_IsoMu17_eta2p1_LooseIsoPFTau20_v6,167,hltIsoMuPFTau20TrackLooseIso,HLT1PFTau,84,730,0,24.3989,-2.4232,-0.423974,2.4471
HLT_IsoMu17_eta2p1_LooseIsoPFTau20_v6,167,hltIsoMuPFTau20TrackLooseIso,HLT1PFTau,84,731,0,42.8864,-0.130869,-2.05872,1.61909
HLT_IsoMu17_eta2p1_LooseIsoPFTau20_v6,167,hltIsoMuPFTau20TrackLooseIso,HLT1PFTau,84,732,0,22.7463,0.325539,-2.74961,0.1057
HLT_IsoMu17_eta2p1_LooseIsoPFTau20_v6,168,hltOverlapFilterIsoMu17LooseIsoPFTau20,HLT2MuonPFTau,83,33,-13,22.7463,0.325539,-2.74961,0
HLT_IsoMu17_eta2p1_LooseIsoPFTau20_v6,168,hltOverlapFilterIsoMu17LooseIsoPFTau20,HLT2MuonPFTau,83,33,-13,22.7463,0.325539,-2.74961,0
HLT_IsoMu17_eta2p1_LooseIsoPFTau20_v6,168,hltOverlapFilterIsoMu17LooseIsoPFTau20,HLT2MuonPFTau,83,33,-13,22.7463,0.325539,-2.74961,0
HLT_IsoMu17_eta2p1_LooseIsoPFTau20_v6,168,hltOverlapFilterIsoMu17LooseIsoPFTau20,HLT2MuonPFTau,83,33,-13,22.7463,0.325539,-2.74961,0
HLT_IsoMu17_eta2p1_LooseIsoPFTau20_v6,168,hltOverlapFilterIsoMu17LooseIsoPFTau20,HLT2MuonPFTau,83,33,-13,22.7463,0.325539,-2.74961,0
HLT_IsoMu17_eta2p1_LooseIsoPFTau20_v6,168,hltOverlapFilterIsoMu17LooseIsoPFTau20,HLT2MuonPFTau,84,727,0,91.7507,1.417,-1.89076,5.74056
HLT_IsoMu17_eta2p1_LooseIsoPFTau20_v6,168,hltOverlapFilterIsoMu17LooseIsoPFTau20,HLT2MuonPFTau,84,728,0,68.8085,-0.892928,1.97769,2.69966
HLT_IsoMu17_eta2p1_LooseIsoPFTau20_v6,168,hltOverlapFilterIsoMu17LooseIsoPFTau20,HLT2MuonPFTau,84,729,0,54.5153,0.394885,1.78342,3.59402
HLT_IsoMu17_eta2p1_LooseIsoPFTau20_v6,168,hltOverlapFilterIsoMu17LooseIsoPFTau20,HLT2MuonPFTau,84,730,0,24.3989,-2.4232,-0.423974,2.4471
HLT_IsoMu17_eta2p1_LooseIsoPFTau20_v6,168,hltOverlapFilterIsoMu17LooseIsoPFTau20,HLT2MuonPFTau,84,731,0,42.8864,-0.130869,-2.05872,1.61909
HLT_Mu17_eta2p1_LooseIsoPFTau20_v6,7,hltL1sMu14erORMu16er,HLTLevel1GTSeed,-81,198,0,20,0.35,-2.87979,0.105658
DST_HT250_v4,7,hltL1sL1HTT150OrHTT175OrDoubleJetC56OrSingleJet128OrQuadJetC32OrQuadJetC36OrQuadJetC40,HLTLevel1GTSeed,-84,200,0,132,1.566,-1.74533,0
DST_HT250_v4,7,hltL1sL1HTT150OrHTT175OrDoubleJetC56OrSingleJet128OrQuadJetC32OrQuadJetC36OrQuadJetC40,HLTLevel1GTSeed,-84,201,0,84,0.5215,1.74533,0
DST_HT250_v4,7,hltL1sL1HTT150OrHTT175OrDoubleJetC56OrSingleJet128OrQuadJetC32OrQuadJetC36OrQuadJetC40,HLTLevel1GTSeed,-86,202,0,108,-0.8695,2.0944,0
DST_HT250_v4,7,hltL1sL1HTT150OrHTT175OrDoubleJetC56OrSingleJet128OrQuadJetC32OrQuadJetC36OrQuadJetC40,HLTLevel1GTSeed,-86,203,0,48,-2.586,-0.349066,0
DST_HT250_v4,7,hltL1sL1HTT150OrHTT175OrDoubleJetC56OrSingleJet128OrQuadJetC32OrQuadJetC36OrQuadJetC40,HLTLevel1GTSeed,-86,204,0,40,-0.174,-2.0944,0
DST_HT250_v4,7,hltL1sL1HTT150OrHTT175OrDoubleJetC56OrSingleJet128OrQuadJetC32OrQuadJetC36OrQuadJetC40,HLTLevel1GTSeed,-89,208,-89,246,0,0,0
DST_L1HTT_Or_L1MultiJet_v4,7,hltL1sL1HTT150OrHTT175OrDoubleJetC56OrSingleJet128OrQuadJetC32OrQuadJetC36OrQuadJetC40,HLTLevel1GTSeed,-84,200,0,132,1.566,-1.74533,0
DST_L1HTT_Or_L1MultiJet_v4,7,hltL1sL1HTT150OrHTT175OrDoubleJetC56OrSingleJet128OrQuadJetC32OrQuadJetC36OrQuadJetC40,HLTLevel1GTSeed,-84,201,0,84,0.5215,1.74533,0
DST_L1HTT_Or_L1MultiJet_v4,7,hltL1sL1HTT150OrHTT175OrDoubleJetC56OrSingleJet128OrQuadJetC32OrQuadJetC36OrQuadJetC40,HLTLevel1GTSeed,-86,202,0,108,-0.8695,2.0944,0
DST_L1HTT_Or_L1MultiJet_v4,7,hltL1sL1HTT150OrHTT175OrDoubleJetC56OrSingleJet128OrQuadJetC32OrQuadJetC36OrQuadJetC40,HLTLevel1GTSeed,-86,203,0,48,-2.586,-0.349066,0
DST_L1HTT_Or_L1MultiJet_v4,7,hltL1sL1HTT150OrHTT175OrDoubleJetC56OrSingleJet128OrQuadJetC32OrQuadJetC36OrQuadJetC40,HLTLevel1GTSeed,-86,204,0,40,-0.174,-2.0944,0
DST_L1HTT_Or_L1MultiJet_v4,7,hltL1sL1HTT150OrHTT175OrDoubleJetC56OrSingleJet128OrQuadJetC32OrQuadJetC36OrQuadJetC40,HLTLevel1GTSeed,-89,208,-89,246,0,0,0
DST_Mu5_HT250_v4,7,hltL1sL1HTT150OrHTT175OrDoubleJetC56OrSingleJet128OrQuadJetC32OrQuadJetC36OrQuadJetC40,HLTLevel1GTSeed,-84,200,0,132,1.566,-1.74533,0
DST_Mu5_HT250_v4,7,hltL1sL1HTT150OrHTT175OrDoubleJetC56OrSingleJet128OrQuadJetC32OrQuadJetC36OrQuadJetC40,HLTLevel1GTSeed,-84,201,0,84,0.5215,1.74533,0
DST_Mu5_HT250_v4,7,hltL1sL1HTT150OrHTT175OrDoubleJetC56OrSingleJet128OrQuadJetC32OrQuadJetC36OrQuadJetC40,HLTLevel1GTSeed,-86,202,0,108,-0.8695,2.0944,0
DST_Mu5_HT250_v4,7,hltL1sL1HTT150OrHTT175OrDoubleJetC56OrSingleJet128OrQuadJetC32OrQuadJetC36OrQuadJetC40,HLTLevel1GTSeed,-86,203,0,48,-2.586,-0.349066,0
DST_Mu5_HT250_v4,7,hltL1sL1HTT150OrHTT175OrDoubleJetC56OrSingleJet128OrQuadJetC32OrQuadJetC36OrQuadJetC40,HLTLevel1GTSeed,-86,204,0,40,-0.174,-2.0944,0
DST_Mu5_HT250_v4,7,hltL1sL1HTT150OrHTT175OrDoubleJetC56OrSingleJet128OrQuadJetC32OrQuadJetC36OrQuadJetC40,HLTLevel1GTSeed,-89,208,-89,246,0,0,0
DST_Mu5_HT250_v4,37,hltSingleMuOpenCandidateL2Filtered0,HLTMuonL2PreFilter,83,29,-13,26.4076,0.316291,-2.76432,3.37175e-07
DST_Mu5_HT250_v4,37,hltSingleMuOpenCandidateL2Filtered0,HLTMuonL2PreFilter,83,30,13,13.0593,-0.125962,-2.02816,-1.19209e-07
DST_Mu5_HT250_v4,63,hltSingleMuOpenCandidateL3Filtered5,HLTMuonL3PreFilter,83,33,-13,22.7463,0.325539,-2.74961,0
DST_Mu5_HT250_v4,63,hltSingleMuOpenCandidateL3Filtered5,HLTMuonL3PreFilter,83,34,13,13.2011,-0.122044,-2.02961,0
DST_Ele8_CaloIdL_CaloIsoVL_TrkIdVL_TrkIsoVL_HT250_v4,7,hltL1sL1HTT150OrHTT175OrDoubleJetC56OrSingleJet128OrQuadJetC32OrQuadJetC36OrQuadJetC40,HLTLevel1GTSeed,-84,200,0,132,1.566,-1.74533,0
DST_Ele8_CaloIdL_CaloIsoVL_TrkIdVL_TrkIsoVL_HT250_v4,7,hltL1sL1HTT150OrHTT175OrDoubleJetC56OrSingleJet128OrQuadJetC32OrQuadJetC36OrQuadJetC40,HLTLevel1GTSeed,-84,201,0,84,0.5215,1.74533,0
DST_Ele8_CaloIdL_CaloIsoVL_TrkIdVL_TrkIsoVL_HT250_v4,7,hltL1sL1HTT150OrHTT175OrDoubleJetC56OrSingleJet128OrQuadJetC32OrQuadJetC36OrQuadJetC40,HLTLevel1GTSeed,-86,202,0,108,-0.8695,2.0944,0
DST_Ele8_CaloIdL_CaloIsoVL_TrkIdVL_TrkIsoVL_HT250_v4,7,hltL1sL1HTT150OrHTT175OrDoubleJetC56OrSingleJet128OrQuadJetC32OrQuadJetC36OrQuadJetC40,HLTLevel1GTSeed,-86,203,0,48,-2.586,-0.349066,0
DST_Ele8_CaloIdL_CaloIsoVL_TrkIdVL_TrkIsoVL_HT250_v4,7,hltL1sL1HTT150OrHTT175OrDoubleJetC56OrSingleJet128OrQuadJetC32OrQuadJetC36OrQuadJetC40,HLTLevel1GTSeed,-86,204,0,40,-0.174,-2.0944,0
DST_Ele8_CaloIdL_CaloIsoVL_TrkIdVL_TrkIsoVL_HT250_v4,7,hltL1sL1HTT150OrHTT175OrDoubleJetC56OrSingleJet128OrQuadJetC32OrQuadJetC36OrQuadJetC40,HLTLevel1GTSeed,-89,208,-89,246,0,0,0
DST_Ele8_CaloIdL_CaloIsoVL_TrkIdVL_TrkIsoVL_HT250_v4,65,hltEle8CaloIdLTrkIdVLCaloIsoVLTrkIsoVLTrackIsolFilterUnseeded,HLTElectronGenericFilter,82,17,-11,59.4002,-0.89373,1.98867,0.030484
DST_Ele8_CaloIdL_CaloIsoVL_TrkIdVL_TrkIsoVL_HT250_v4,65,hltEle8CaloIdLTrkIdVLCaloIsoVLTrkIsoVLTrackIsolFilterUnseeded,HLTElectronGenericFilter,82,21,11,22.5407,-0.13392,-2.0703,-0.00203805
AlCa_EcalPi0EBonly_v6,7,hltL1sAlCaEcalPi0Eta,HLTLevel1GTSeed,-83,190,0,19,-0.174,-2.0944,0
AlCa_EcalPi0EBonly_v6,7,hltL1sAlCaEcalPi0Eta,HLTLevel1GTSeed,-82,194,0,63,-0.8695,2.0944,0
AlCa_EcalPi0EBonly_v6,7,hltL1sAlCaEcalPi0Eta,HLTLevel1GTSeed,-82,195,0,26,0.5215,1.74533,0
AlCa_EcalPi0EBonly_v6,7,hltL1sAlCaEcalPi0Eta,HLTLevel1GTSeed,-82,196,0,13,-2.586,-0.349066,0
AlCa_EcalPi0EBonly_v6,7,hltL1sAlCaEcalPi0Eta,HLTLevel1GTSeed,-82,197,0,5,-2.586,0,0
AlCa_EcalPi0EBonly_v6,7,hltL1sAlCaEcalPi0Eta,HLTLevel1GTSeed,-81,198,0,20,0.35,-2.87979,0.105658
AlCa_EcalPi0EBonly_v6,7,hltL1sAlCaEcalPi0Eta,HLTLevel1GTSeed,-81,199,0,12,0.05,-1.8326,0.105658
AlCa_EcalPi0EBonly_v6,7,hltL1sAlCaEcalPi0Eta,HLTLevel1GTSeed,-84,200,0,132,1.566,-1.74533,0
AlCa_EcalPi0EBonly_v6,7,hltL1sAlCaEcalPi0Eta,HLTLevel1GTSeed,-84,201,0,84,0.5215,1.74533,0
AlCa_EcalPi0EBonly_v6,7,hltL1sAlCaEcalPi0Eta,HLTLevel1GTSeed,-86,202,0,108,-0.8695,2.0944,0
AlCa_EcalPi0EBonly_v6,7,hltL1sAlCaEcalPi0Eta,HLTLevel1GTSeed,-86,203,0,48,-2.586,-0.349066,0
AlCa_EcalPi0EBonly_v6,7,hltL1sAlCaEcalPi0Eta,HLTLevel1GTSeed,-86,204,0,40,-0.174,-2.0944,0
AlCa_EcalPi0EBonly_v6,7,hltL1sAlCaEcalPi0Eta,HLTLevel1GTSeed,-89,208,-89,246,0,0,0
AlCa_EcalPi0EEonly_v6,7,hltL1sAlCaEcalPi0Eta,HLTLevel1GTSeed,-83,190,0,19,-0.174,-2.0944,0
AlCa_EcalPi0EEonly_v6,7,hltL1sAlCaEcalPi0Eta,HLTLevel1GTSeed,-82,194,0,63,-0.8695,2.0944,0
AlCa_EcalPi0EEonly_v6,7,hltL1sAlCaEcalPi0Eta,HLTLevel1GTSeed,-82,195,0,26,0.5215,1.74533,0
AlCa_EcalPi0EEonly_v6,7,hltL1sAlCaEcalPi0Eta,HLTLevel1GTSeed,-82,196,0,13,-2.586,-0.349066,0
AlCa_EcalPi0EEonly_v6,7,hltL1sAlCaEcalPi0Eta,HLTLevel1GTSeed,-82,197,0,5,-2.586,0,0
AlCa_EcalPi0EEonly_v6,7,hltL1sAlCaEcalPi0Eta,HLTLevel1GTSeed,-81,198,0,20,0.35,-2.87979,0.105658
AlCa_EcalPi0EEonly_v6,7,hltL1sAlCaEcalPi0Eta,HLTLevel1GTSeed,-81,199,0,12,0.05,-1.8326,0.105658
AlCa_EcalPi0EEonly_v6,7,hltL1sAlCaEcalPi0Eta,HLTLevel1GTSeed,-84,200,0,132,1.566,-1.74533,0
AlCa_EcalPi0EEonly_v6,7,hltL1sAlCaEcalPi0Eta,HLTLevel1GTSeed,-84,201,0,84,0.5215,1.74533,0
AlCa_EcalPi0EEonly_v6,7,hltL1sAlCaEcalPi0Eta,HLTLevel1GTSeed,-86,202,0,108,-0.8695,2.0944,0
AlCa_EcalPi0EEonly_v6,7,hltL1sAlCaEcalPi0Eta,HLTLevel1GTSeed,-86,203,0,48,-2.586,-0.349066,0
AlCa_EcalPi0EEonly_v6,7,hltL1sAlCaEcalPi0Eta,HLTLevel1GTSeed,-86,204,0,40,-0.174,-2.0944,0
AlCa_EcalPi0EEonly_v6,7,hltL1sAlCaEcalPi0Eta,HLTLevel1GTSeed,-89,208,-89,246,0,0,0
AlCa_EcalEtaEBonly_v6,7,hltL1sAlCaEcalPi0Eta,HLTLevel1GTSeed,-83,190,0,19,-0.174,-2.0944,0
AlCa_EcalEtaEBonly_v6,7,hltL1sAlCaEcalPi0Eta,HLTLevel1GTSeed,-82,194,0,63,-0.8695,2.0944,0
AlCa_EcalEtaEBonly_v6,7,hltL1sAlCaEcalPi0Eta,HLTLevel1GTSeed,-82,195,0,26,0.5215,1.74533,0
AlCa_EcalEtaEBonly_v6,7,hltL1sAlCaEcalPi0Eta,HLTLevel1GTSeed,-82,196,0,13,-2.586,-0.349066,0
AlCa_EcalEtaEBonly_v6,7,hltL1sAlCaEcalPi0Eta,HLTLevel1GTSeed,-82,197,0,5,-2.586,0,0
AlCa_EcalEtaEBonly_v6,7,hltL1sAlCaEcalPi0Eta,HLTLevel1GTSeed,-81,198,0,20,0.35,-2.87979,0.105658
AlCa_EcalEtaEBonly_v6,7,hltL1sAlCaEcalPi0Eta,HLTLevel1GTSeed,-81,199,0,12,0.05,-1.8326,0.105658
AlCa_EcalEtaEBonly_v6,7,hltL1sAlCaEcalPi0Eta,HLTLevel1GTSeed,-84,200,0,132,1.566,-1.74533,0
AlCa_EcalEtaEBonly_v6,7,hltL1sAlCaEcalPi0Eta,HLTLevel1GTSeed,-84,201,0,84,0.5215,1.74533,0
AlCa_EcalEtaEBonly_v6,7,hltL1sAlCaEcalPi0Eta,HLTLevel1GTSeed,-86,202,0,108,-0.8695,2.0944,0
AlCa_EcalEtaEBonly_v6,7,hltL1sAlCaEcalPi0Eta,HLTLevel1GTSeed,-86,203,0,48,-2.586,-0.349066,0
AlCa_EcalEtaEBonly_v6,7,hltL1sAlCaEcalPi0Eta,HLTLevel1GTSeed,-86,204,0,40,-0.174,-2.0944,0
AlCa_EcalEtaEBonly_v6,7,hltL1sAlCaEcalPi0Eta,HLTLevel1GTSeed,-89,208,-89,246,0,0,0
AlCa_EcalEtaEEonly_v6,7,hltL1sAlCaEcalPi0Eta,HLTLevel1GTSeed,-83,190,0,19,-0.174,-2.0944,0
AlCa_EcalEtaEEonly_v6,7,hltL1sAlCaEcalPi0Eta,HLTLevel1GTSeed,-82,194,0,63,-0.8695,2.0944,0
AlCa_EcalEtaEEonly_v6,7,hltL1sAlCaEcalPi0Eta,HLTLevel1GTSeed,-82,195,0,26,0.5215,1.74533,0
AlCa_EcalEtaEEonly_v6,7,hltL1sAlCaEcalPi0Eta,HLTLevel1GTSeed,-82,196,0,13,-2.586,-0.349066,0
AlCa_EcalEtaEEonly_v6,7,hltL1sAlCaEcalPi0Eta,HLTLevel1GTSeed,-82,197,0,5,-2.586,0,0
AlCa_EcalEtaEEonly_v6,7,hltL1sAlCaEcalPi0Eta,HLTLevel1GTSeed,-81,198,0,20,0.35,-2.87979,0.105658
AlCa_EcalEtaEEonly_v6,7,hltL1sAlCaEcalPi0Eta,HLTLevel1GTSeed,-81,199,0,12,0.05,-1.8326,0.105658
AlCa_EcalEtaEEonly_v6,7,hltL1sAlCaEcalPi0Eta,HLTLevel1GTSeed,-84,200,0,132,1.566,-1.74533,0
AlCa_EcalEtaEEonly_v6,7,hltL1sAlCaEcalPi0Eta,HLTLevel1GTSeed,-84,201,0,84,0.5215,1.74533,0
AlCa_EcalEtaEEonly_v6,7,hltL1sAlCaEcalPi0Eta,HLTLevel1GTSeed,-86,202,0,108,-0.8695,2.0944,0
AlCa_EcalEtaEEonly_v6,7,hltL1sAlCaEcalPi0Eta,HLTLevel1GTSeed,-86,203,0,48,-2.586,-0.349066,0
AlCa_EcalEtaEEonly_v6,7,hltL1sAlCaEcalPi0Eta,HLTLevel1GTSeed,-86,204,0,40,-0.174,-2.0944,0
AlCa_EcalEtaEEonly_v6,7,hltL1sAlCaEcalPi0Eta,HLTLevel1GTSeed,-89,208,-89,246,0,0,0
AlCa_RPCMuonNoTriggers_v9,7,hltL1sAlCaRPC,HLTLevel1GTSeed,-81,198,0,20,0.35,-2.87979,0.105658
AlCa_RPCMuonNoHits_v9,7,hltL1sAlCaRPC,HLTLevel1GTSeed,-81,198,0,20,0.35,-2.87979,0.105658
AlCa_RPCMuonNormalisation_v9,7,hltL1sAlCaRPC,HLTLevel1GTSeed,-81,198,0,20,0.35,-2.87979,0.105658
