energy,eta,phi,time,detid,front_1_x,front_1_y,front_1_z,front_2_x,front_2_y,front_2_z,front_3_x,front_3_y,front_3_z,front_4_x,front_4_y,front_4_z,back_1_x,back_1_y,back_1_z,back_2_x,back_2_y,back_2_z,back_3_x,back_3_y,back_3_z,back_4_x,back_4_y,back_4_z
0.168088,-0.0117308,0.861749,8.20919,838861372,0.833479,0.988256,-0.026932,0.833471,0.988263,-0.00338408,0.849157,0.973141,-0.003384,0.849158,0.973141,-0.0269319,0.990217,1.15663,-0.0288321,0.990208,1.15664,-0.00338409,1.00878,1.13873,-0.003384,1.00878,1.13873,-0.028832
0.190133,-0.0117392,1.0556,4.21504,838861383,0.626944,1.12935,-0.0269319,0.626944,1.12935,-0.00338404,0.64543,1.11782,-0.00338405,0.645421,1.11783,-0.0269319,0.748676,1.3245,-0.028832,0.748676,1.3245,-0.00338404,0.770568,1.31084,-0.00338405,0.770558,1.31085,-0.028832
0.151456,-0.030292,1.12462,-1.83995,838861899,0.547537,1.16985,-0.0508939,0.547627,1.17003,-0.0273468,0.566874,1.15981,-0.0273468,0.566774,1.15965,-0.0508939,0.655338,1.373,-0.054686,0.655436,1.37319,-0.0292388,0.678228,1.36109,-0.0292388,0.67812,1.36091,-0.054686
0.496954,-0.0302681,1.59832,-0.946073,838861926,-0.0464497,1.29205,-0.0508939,-0.0464536,1.29224,-0.0273468,-0.0246781,1.2915,-0.0273468,-0.0246847,1.2913,-0.0508939,-0.0425809,1.52203,-0.054686,-0.0425851,1.52224,-0.0292388,-0.0167977,1.52135,-0.0292388,-0.0168048,1.52114,-0.054686
0.197638,-0.0302645,-2.48693,49.6551,838862052,-1.01904,-0.795912,-0.0508939,-1.01919,-0.79603,-0.0273468,-1.03139,-0.777975,-0.0273468,-1.03123,-0.777866,-0.0508939,-1.20736,-0.927975,-0.054686,-1.20753,-0.928102,-0.0292389,-1.22197,-0.906721,-0.0292388,-1.2218,-0.906604,-0.0546859
0.153908,-0.0302642,-0.35802,38.8728,838862174,1.21481,-0.442906,-0.0508939,1.215,-0.442975,-0.0273468,1.20615,-0.462887,-0.0273468,1.20597,-0.462808,-0.0508939,1.42661,-0.532623,-0.054686,1.4268,-0.532698,-0.0292388,1.41633,-0.556277,-0.0292388,1.41613,-0.556192,-0.054686
0.188515,-0.0488318,1.40465,-0.199796,838862427,0.202873,1.27567,-0.0748583,0.202953,1.27605,-0.0513136,0.224268,1.27154,-0.0513136,0.224178,1.27116,-0.0748583,0.250507,1.50062,-0.0805421,0.250593,1.50103,-0.0550975,0.275836,1.49569,-0.0550975,0.275738,1.49528,-0.0805421
0.159942,-0.0487952,1.59832,9.90021,838862438,-0.0464497,1.29205,-0.0748583,-0.0464469,1.29244,-0.0513136,-0.0246714,1.29169,-0.0513136,-0.0246847,1.2913,-0.0748583,-0.0425822,1.52199,-0.0805421,-0.0425792,1.52241,-0.0550975,-0.0167918,1.52152,-0.0550975,-0.0168062,1.52111,-0.0805421
0.207358,-0.0487888,-2.10335,51.2986,838862586,-0.647128,-1.11945,-0.0748582,-0.647336,-1.11978,-0.0513135,-0.665408,-1.1076,-0.0513136,-0.665191,-1.10728,-0.0748583,-0.772237,-1.31241,-0.080542,-0.772462,-1.31277,-0.0550975,-0.793864,-1.29835,-0.0550976,-0.79363,-1.29801,-0.0805421
0.505147,-0.0673606,-0.0951477,-50.4435,838862853,1.2868,-0.111863,-0.0988267,1.28737,-0.111944,-0.075286,1.28435,-0.133522,-0.075286,1.28378,-0.133431,-0.0988267,1.51446,-0.1437,-0.106402,1.51508,-0.143787,-0.0809616,1.51151,-0.169341,-0.0809616,1.51089,-0.169243,-0.106402
0.195037,-0.0673028,-1.85783,37.7201,838863112,-0.355594,-1.24309,-0.0988267,-0.355782,-1.24364,-0.075286,-0.376262,-1.2362,-0.075286,-0.376063,-1.23565,-0.0988267,-0.430303,-1.46053,-0.106402,-0.430507,-1.46113,-0.0809616,-0.454759,-1.45232,-0.0809616,-0.454545,-1.45173,-0.106402
0.238674,-0.0857858,0.689164,8.31093,838863410,0.990975,0.830606,-0.122801,0.991595,0.831071,-0.0992657,1.00442,0.813453,-0.0992656,1.00379,0.812997,-0.122801,1.17444,0.96907,-0.132267,1.17511,0.969572,-0.106833,1.19029,0.948708,-0.106832,1.18961,0.948216,-0.132267
0.111924,-0.0857889,0.969206,-1.33379,838863426,0.722773,1.07212,-0.122801,0.723242,1.07274,-0.0992656,0.74042,1.05933,-0.0992656,0.739944,1.05872,-0.122801,0.860971,1.25578,-0.132267,0.861478,1.25645,-0.106832,0.881821,1.24058,-0.106833,0.881306,1.23992,-0.132267
0.178291,-0.0857923,1.63282,2.81972,838863464,-0.0910128,1.28974,-0.122801,-0.0910238,1.29052,-0.0992656,-0.0692355,1.29053,-0.0992656,-0.069235,1.28976,-0.122801,-0.0951784,1.51955,-0.132267,-0.0951903,1.52039,-0.106832,-0.0693878,1.52041,-0.106832,-0.0693872,1.51957,-0.132267
0.000426535,-0.103726,0.969208,-1.02421,838863938,0.722773,1.07212,-0.14541,0.723303,1.07286,-0.123253,0.740505,1.05944,-0.123253,0.739944,1.05872,-0.14541,0.860888,1.25563,-0.158875,0.861514,1.2565,-0.132711,0.881862,1.24063,-0.132711,0.8812,1.23978,-0.158875
0.370961,-0.103815,0.986551,-4.88683,838863939,0.703331,1.08341,-0.14541,0.703866,1.08415,-0.123253,0.721526,1.07134,-0.123253,0.720958,1.07062,-0.14541,0.838177,1.26929,-0.158875,0.838809,1.27016,-0.132711,0.8597,1.25501,-0.132711,0.85903,1.25416,-0.158875
1.12607,-0.103723,1.00372,2.29803,838863940,0.685364,1.09644,-0.14541,0.685867,1.09721,-0.123253,0.703527,1.08439,-0.123253,0.702992,1.08366,-0.14541,0.816985,1.28466,-0.158875,0.81758,1.28556,-0.132711,0.83847,1.27041,-0.132711,0.837838,1.26954,-0.158875
0.230508,-0.103814,1.02106,11.069,838863941,0.665539,1.10705,-0.14541,0.666048,1.10781,-0.123253,0.684145,1.09562,-0.123253,0.683602,1.09489,-0.14541,0.793811,1.29753,-0.158875,0.794412,1.29842,-0.132711,0.81582,1.284,-0.132711,0.815179,1.28314,-0.158875
0.00212485,-0.103722,1.03823,-2.83322,838863942,0.647128,1.11945,-0.14541,0.647604,1.12023,-0.123253,0.665701,1.10804,-0.123253,0.665191,1.10728,-0.14541,0.772095,1.31215,-0.158875,0.772658,1.31307,-0.132711,0.794065,1.29865,-0.132711,0.793464,1.29776,-0.158875
0.161598,-0.103722,1.07274,24.1844,838863944,0.608111,1.1411,-0.14541,0.60856,1.1419,-0.123253,0.627071,1.13035,-0.123253,0.626589,1.12958,-0.14541,0.726272,1.33805,-0.158875,0.726802,1.33899,-0.132711,0.7487,1.32533,-0.132711,0.74813,1.32442,-0.158875
0.283029,-0.10373,1.63283,2.96396,838863976,-0.091013,1.28974,-0.14541,-0.0910534,1.29065,-0.123253,-0.0692358,1.29067,-0.123253,-0.0692352,1.28976,-0.14541,-0.0951494,1.51938,-0.158875,-0.0951971,1.52046,-0.132711,-0.069388,1.52047,-0.132711,-0.0693873,1.5194,-0.158875
0.0741753,-0.121087,0.969199,39.2593,838864450,0.722773,1.07212,-0.168009,0.72354,1.07317,-0.145871,0.740742,1.05975,-0.145871,0.739944,1.05872,-0.168009,0.860723,1.25541,-0.185468,0.861628,1.25665,-0.159326,0.881977,1.24078,-0.159326,0.881034,1.23957,-0.185468
-0.0276969,-0.121191,0.986545,-2.66713,838864451,0.703331,1.08341,-0.168009,0.704092,1.08446,-0.145871,0.721752,1.07165,-0.145871,0.720958,1.07062,-0.168009,0.838019,1.26907,-0.185468,0.838919,1.27031,-0.159326,0.85981,1.25516,-0.159326,0.858872,1.25394,-0.185468
0.130391,-0.121083,1.00371,5.68245,838864452,0.685364,1.09644,-0.168009,0.686093,1.09752,-0.145871,0.703753,1.08471,-0.145871,0.702992,1.08366,-0.168009,0.816827,1.28445,-0.185468,0.817689,1.28571,-0.159326,0.83858,1.27056,-0.159326,0.83768,1.26932,-0.185468
0.164904,-0.121189,1.02106,-25.9665,838864453,0.665539,1.10705,-0.168009,0.666263,1.10813,-0.145871,0.68436,1.09594,-0.145871,0.683602,1.09489,-0.168009,0.793661,1.2973,-0.185468,0.794516,1.29857,-0.159326,0.815924,1.28416,-0.159326,0.815029,1.28291,-0.185468
0.0356796,-0.121082,1.03822,-2.81834,838864454,0.647128,1.11945,-0.168009,0.647819,1.12055,-0.145871,0.665916,1.10836,-0.145871,0.665191,1.10728,-0.168009,0.771945,1.31193,-0.185468,0.772762,1.31322,-0.159326,0.794169,1.29881,-0.159326,0.793313,1.29754,-0.185468
0.157316,-0.121082,1.38729,2.40719,838864474,0.225227,1.27327,-0.168009,0.225501,1.27454,-0.145871,0.246675,1.26927,-0.145871,0.246362,1.26802,-0.168009,0.276686,1.49683,-0.185468,0.27701,1.49833,-0.159326,0.302057,1.4921,-0.159326,0.301687,1.49061,-0.185468
-0.10824,-0.138429,0.96919,-2.43284,838864962,0.722773,1.07212,-0.190634,0.723777,1.07347,-0.168522,0.740979,1.06005,-0.168522,0.739944,1.05872,-0.190634,0.860514,1.25515,-0.212083,0.861699,1.25674,-0.185971,0.882048,1.24087,-0.185971,0.880826,1.2393,-0.212083
-0.0297761,-0.138548,0.986538,-2.87931,838864963,0.703331,1.08341,-0.190634,0.704319,1.08477,-0.168522,0.721979,1.07196,-0.168522,0.720958,1.07062,-0.190634,0.83782,1.2688,-0.212083,0.838987,1.27041,-0.185971,0.859878,1.25525,-0.185971,0.858673,1.25367,-0.212083
-0.0863168,-0.138425,1.0037,-2.87791,838864964,0.685364,1.09644,-0.190634,0.68632,1.09783,-0.168522,0.703979,1.08502,-0.168522,0.702992,1.08366,-0.190634,0.816628,1.28417,-0.212083,0.817757,1.28581,-0.185971,0.838648,1.27065,-0.185971,0.837481,1.26904,-0.212083
-0.00879266,-0.138545,1.02105,-3.5073,838864965,0.665539,1.10705,-0.190634,0.666478,1.10845,-0.168522,0.684575,1.09626,-0.168522,0.683602,1.09489,-0.190634,0.793471,1.29702,-0.212083,0.794581,1.29867,-0.185971,0.815989,1.28425,-0.185971,0.81484,1.28263,-0.212083
0.0478366,-0.138424,1.03822,38.4693,838864966,0.647128,1.11945,-0.190634,0.648034,1.12087,-0.168522,0.666131,1.10868,-0.168522,0.665191,1.10728,-0.190634,0.771756,1.31165,-0.212083,0.772827,1.31332,-0.185971,0.794234,1.2989,-0.185971,0.793124,1.29726,-0.212083
0.190834,-0.17322,2.66283,50.1702,838866083,-1.15137,0.585282,-0.235992,-1.15349,0.586506,-0.213952,-1.1426,0.605408,-0.213952,-1.14049,0.604149,-0.235992,-1.34903,0.699225,-0.265397,-1.35154,0.70067,-0.239371,-1.33865,0.72303,-0.239371,-1.33616,0.721544,-0.265397
0.658632,-0.190408,3.02905,48.5111,838866616,-1.28595,0.134331,-0.258872,-1.28877,0.134752,-0.236756,-1.28499,0.156273,-0.236756,-1.28219,0.15578,-0.258872,-1.51081,0.16984,-0.292181,-1.51413,0.170335,-0.26615,-1.50967,0.195736,-0.26615,-1.50636,0.195156,-0.292181
0.248966,-0.207784,1.59826,7.86716,838867046,-0.0464503,1.29205,-0.281796,-0.0464129,1.29528,-0.259733,-0.0245747,1.29453,-0.259733,-0.0246853,1.2913,-0.281796,-0.0425957,1.51906,-0.319,-0.0425517,1.52286,-0.293029,-0.0167771,1.52197,-0.293029,-0.0169072,1.51818,-0.319
0.605768,-0.225131,-0.845207,8.58616,838867778,0.866096,-0.959909,-0.304781,0.868375,-0.962704,-0.282776,0.851165,-0.976168,-0.282776,0.848944,-0.973328,-0.304781,1.00865,-1.13576,-0.345868,1.01133,-1.13905,-0.319967,0.991018,-1.15494,-0.319967,0.988403,-1.15159,-0.345868
0.149124,-0.277367,0.882929,11.633,838869053,0.811436,1.00478,-0.374308,0.814617,1.00832,-0.352398,0.830889,0.993687,-0.352398,0.827629,0.99022,-0.374308,0.961178,1.1713,-0.42688,0.964906,1.17545,-0.4012,0.984048,1.15823,-0.4012,0.980227,1.15417,-0.42688
0.440707,-0.277324,1.02099,-1.68685,838869061,0.665539,1.10705,-0.374308,0.668197,1.11099,-0.352398,0.686348,1.09877,-0.352398,0.683603,1.09488,-0.374308,0.79063,1.2928,-0.42688,0.793744,1.29743,-0.4012,0.815097,1.28305,-0.4012,0.811879,1.27849,-0.42688
0.138129,-0.381256,1.21069,19.9896,838872144,0.445209,1.21372,-0.51674,0.44791,1.22014,-0.49528,0.467938,1.21125,-0.49528,0.465111,1.20488,-0.51674,0.530137,1.41412,-0.591284,0.533287,1.4216,-0.566263,0.556746,1.41118,-0.566263,0.553451,1.40376,-0.591284
0.15206,-0.398929,-1.63354,39.5552,838872853,-0.0699373,-1.2897,-0.540994,-0.0706954,-1.29697,-0.51965,-0.0924919,-1.2947,-0.51965,-0.0915977,-1.28744,-0.540994,-0.092373,-1.50491,-0.619063,-0.0932568,-1.51339,-0.594177,-0.118789,-1.51073,-0.594177,-0.117746,-1.50226,-0.619063
0.227132,-0.416295,-1.63354,37.257,838873365,-0.0699373,-1.2897,-0.565387,-0.0707312,-1.29731,-0.544164,-0.0925278,-1.29504,-0.544164,-0.0915977,-1.28744,-0.565387,-0.0922386,-1.50362,-0.646959,-0.0931642,-1.5125,-0.622215,-0.118696,-1.50984,-0.622215,-0.117612,-1.50097,-0.646959
0.225553,-0.433681,0.882866,22.9484,838873661,0.811436,1.00478,-0.589926,0.816786,1.01073,-0.568831,0.833081,0.996077,-0.56883,0.82763,0.990219,-0.589926,0.954348,1.1637,-0.67498,0.960584,1.17064,-0.650384,0.979672,1.15347,-0.650384,0.973317,1.14665,-0.67498
0.138414,-0.455292,1.31813,-0.885743,838874198,0.312496,1.25467,-0.621349,0.31491,1.26265,-0.60039,0.335784,1.25588,-0.60039,0.333213,1.24795,-0.621349,0.374555,1.45781,-0.709718,0.377353,1.46706,-0.685425,0.401682,1.45917,-0.685425,0.398701,1.44998,-0.709718
0.347439,-0.455345,-1.93093,50.5162,838874372,-0.445208,-1.21372,-0.621349,-0.448442,-1.22141,-0.60039,-0.468496,-1.21251,-0.60039,-0.465111,-1.20488,-0.621349,-0.528125,-1.40928,-0.709719,-0.531874,-1.41819,-0.685425,-0.555247,-1.40781,-0.685425,-0.551323,-1.39897,-0.709718
0.453627,-0.472984,0.844412,49.0784,838874683,0.849461,0.972849,-0.646197,0.855475,0.979087,-0.62537,0.871272,0.963858,-0.62537,0.86514,0.957735,-0.646196,0.995884,1.12474,-0.737862,1.00285,1.13197,-0.713722,1.02127,1.11422,-0.713722,1.01416,1.10712,-0.737862
0.133087,-0.472929,1.02091,54.8728,838874693,0.665541,1.10705,-0.646196,0.670381,1.11424,-0.62537,0.688582,1.10198,-0.62537,0.683604,1.09488,-0.646196,0.783387,1.28204,-0.737862,0.788997,1.29037,-0.713722,0.81021,1.27609,-0.713722,0.804441,1.26786,-0.737862
0.307507,-0.490242,0.844407,45.0212,838875195,0.849461,0.972849,-0.671209,0.855699,0.97932,-0.65052,0.871497,0.964091,-0.65052,0.86514,0.957734,-0.671209,0.994876,1.12369,-0.766148,1.00211,1.13119,-0.742167,1.02052,1.11344,-0.742167,1.01315,1.10608,-0.766148
0.349182,-0.62746,0.951823,-51.8498,838879297,0.740278,1.05846,-0.877931,0.747322,1.06749,-0.858414,0.764662,1.05396,-0.858414,0.757448,1.04507,-0.877931,0.861287,1.21357,-0.997136,0.869344,1.2239,-0.974811,0.889322,1.20831,-0.974812,0.881069,1.19813,-0.997136
0.236206,-0.64461,0.951818,-38.2308,838879809,0.740278,1.05846,-0.904837,0.74749,1.06771,-0.885485,0.764831,1.05418,-0.885485,0.757448,1.04507,-0.904837,0.860239,1.21222,-1.02681,0.86849,1.2228,-1.00467,0.888467,1.20721,-1.00467,0.880022,1.19679,-1.02681
0.506266,-0.713117,1.61541,-50.8636,838881895,-0.0688108,1.28976,-1.0151,-0.0688192,1.30264,-0.996316,-0.0468018,1.30266,-0.996316,-0.047033,1.28977,-1.0151,-0.0689352,1.47768,-1.14775,-0.0689448,1.49231,-1.12642,-0.0437414,1.49232,-1.12642,-0.0440039,1.47769,-1.14775
-0.0358018,-0.74685,-2.34913,-3.47615,838883052,-0.89976,-0.928523,-1.07207,-0.909538,-0.937664,-1.05364,-0.924284,-0.921314,-1.05364,-0.914346,-0.912351,-1.07207,-1.03451,-1.0543,-1.20971,-1.04561,-1.06468,-1.18877,-1.06249,-1.04596,-1.18877,-1.05121,-1.03578,-1.20971
-0.047401,-0.74742,-2.33179,-3.11597,838883053,-0.88258,-0.943008,-1.07207,-0.892199,-0.952313,-1.05364,-0.907507,-0.936488,-1.05364,-0.897721,-0.927355,-1.07207,-1.01505,-1.07115,-1.20971,-1.02597,-1.08171,-1.18878,-1.04349,-1.0636,-1.18877,-1.03238,-1.05323,-1.20971
0.00555247,-0.74688,-2.31461,-3.36578,838883054,-0.867139,-0.95897,-1.07207,-0.876592,-0.968447,-1.05364,-0.8919,-0.952622,-1.05364,-0.882281,-0.943317,-1.07207,-0.997412,-1.08937,-1.20971,-1.00815,-1.10014,-1.18877,-1.02567,-1.08202,-1.18877,-1.01475,-1.07145,-1.20971
0.0618779,-0.747454,-2.29727,31.1675,838883055,-0.849463,-0.972847,-1.07207,-0.858751,-0.982482,-1.05364,-0.874603,-0.967201,-1.05364,-0.865142,-0.957732,-1.07207,-0.977372,-1.10553,-1.20971,-0.98792,-1.11647,-1.18878,-1.00607,-1.09898,-1.18878,-0.995321,-1.08823,-1.20971
0.091203,-0.746918,-2.28009,54.6381,838883056,-0.833475,-0.98826,-1.07207,-0.84259,-0.998061,-1.05364,-0.858442,-0.98278,-1.05364,-0.849153,-0.973145,-1.07207,-0.959113,-1.12313,-1.20971,-0.969465,-1.13426,-1.18878,-0.98761,-1.11677,-1.18877,-0.977063,-1.10583,-1.20971
0.247066,-0.764501,1.05532,50.004,838883399,0.626949,1.12935,-1.10098,0.634162,1.14092,-1.08273,0.652843,1.12926,-1.08273,0.645426,1.11783,-1.10098,0.723508,1.28414,-1.24107,0.7317,1.29727,-1.22034,0.753084,1.28394,-1.22034,0.744661,1.27095,-1.24107
0.224872,-0.763939,1.0725,51.3045,838883400,0.608107,1.14111,-1.10098,0.615116,1.1528,-1.08273,0.633797,1.14114,-1.08273,0.626584,1.12958,-1.10098,0.70199,1.29757,-1.24107,0.709951,1.31084,-1.22034,0.731335,1.2975,-1.22034,0.723143,1.28437,-1.24107
0.115003,-0.763971,-2.34913,16.0197,838883564,-0.89976,-0.928523,-1.10098,-0.90972,-0.937828,-1.08273,-0.924466,-0.921478,-1.08272,-0.914346,-0.912351,-1.10098,-1.03313,-1.05305,-1.24107,-1.04444,-1.06362,-1.22034,-1.06132,-1.0449,-1.22034,-1.04982,-1.03454,-1.24107
0.101527,-0.76455,-2.33179,-29.5238,838883565,-0.88258,-0.943008,-1.10098,-0.892375,-0.952484,-1.08273,-0.907683,-0.936659,-1.08273,-0.897721,-0.927355,-1.10098,-1.01371,-1.06985,-1.24107,-1.02483,-1.08061,-1.22034,-1.04236,-1.0625,-1.22034,-1.03104,-1.05193,-1.24107
0.105545,-0.764001,-2.31462,-36.3519,838883566,-0.867139,-0.95897,-1.10098,-0.876768,-0.968618,-1.08273,-0.892076,-0.952793,-1.08273,-0.882281,-0.943317,-1.10098,-0.996075,-1.08808,-1.24107,-1.00701,-1.09904,-1.22034,-1.02453,-1.08092,-1.22034,-1.01341,-1.07016,-1.24107
0.109878,-0.764584,-2.29728,1.72141,838883567,-0.849463,-0.972847,-1.10098,-0.858922,-0.982659,-1.08273,-0.874773,-0.967378,-1.08272,-0.865142,-0.957732,-1.10098,-0.976081,-1.10419,-1.24107,-0.986823,-1.11534,-1.22034,-1.00497,-1.09784,-1.22034,-0.994031,-1.08689,-1.24107
-0.0233724,-0.76404,-2.2801,-2.65108,838883568,-0.833475,-0.98826,-1.10098,-0.842761,-0.998238,-1.08273,-0.858612,-0.982957,-1.08273,-0.849153,-0.973145,-1.10098,-0.957823,-1.12179,-1.24107,-0.968368,-1.13313,-1.22034,-0.986513,-1.11563,-1.22034,-0.975772,-1.10449,-1.24107
0.0248696,-0.764515,-2.1553,-2.13322,838883575,-0.703335,-1.08341,-1.10098,-0.711338,-1.09444,-1.08273,-0.72916,-1.08151,-1.08273,-0.720963,-1.07062,-1.10098,-0.810465,-1.23108,-1.24107,-0.819553,-1.24361,-1.22034,-0.839953,-1.22881,-1.22034,-0.830645,-1.21644,-1.24107
0.0872568,-0.763943,-2.13812,-2.27616,838883576,-0.685359,-1.09645,-1.10098,-0.693168,-1.10762,-1.08273,-0.71099,-1.09469,-1.08273,-0.702987,-1.08366,-1.10098,-0.789936,-1.24597,-1.24107,-0.798804,-1.25866,-1.22034,-0.819205,-1.24386,-1.22034,-0.810117,-1.23133,-1.24107
-0.0853985,-0.764503,-2.12078,-2.48935,838883577,-0.665543,-1.10705,-1.10098,-0.673156,-1.11835,-1.08273,-0.691418,-1.10605,-1.08273,-0.683607,-1.09488,-1.10098,-0.76745,-1.25837,-1.24107,-0.776095,-1.27121,-1.22034,-0.797,-1.25713,-1.22034,-0.788129,-1.24445,-1.24107
0.0074013,-0.763936,-2.10361,-3.04001,838883578,-0.647123,-1.11945,-1.10098,-0.654537,-1.13089,-1.08273,-0.672799,-1.11859,-1.08273,-0.665187,-1.10729,-1.10098,-0.746414,-1.27254,-1.24107,-0.754833,-1.28553,-1.22034,-0.775738,-1.27145,-1.22034,-0.767093,-1.25861,-1.24107
-0.0566808,-0.764501,-2.08627,-1.93211,838883579,-0.626949,-1.12935,-1.10098,-0.634162,-1.14092,-1.08273,-0.652843,-1.12926,-1.08273,-0.645426,-1.11783,-1.10098,-0.723508,-1.28414,-1.24107,-0.7317,-1.29727,-1.22034,-0.753084,-1.28394,-1.22034,-0.744661,-1.27095,-1.24107
0.263124,-0.78168,2.31352,42.9911,838883983,-0.881752,0.943781,-1.13017,-0.890676,0.954401,-1.11211,-0.873819,0.968565,-1.11211,-0.865078,0.95779,-1.13017,-0.997897,1.08201,-1.2727,-1.00803,1.09407,-1.25218,-0.988734,1.11028,-1.25218,-0.978809,1.09805,-1.2727
0.245797,-0.781047,-2.4872,-10.6117,838884068,-1.01903,-0.795917,-1.13017,-1.0304,-0.803881,-1.11211,-1.04272,-0.785636,-1.11211,-1.03123,-0.777871,-1.13017,-1.16688,-0.899598,-1.2727,-1.17978,-0.908641,-1.25218,-1.19389,-0.887757,-1.25218,-1.18083,-0.878939,-1.2727
0.000183989,-0.781075,-2.34914,-2.60562,838884076,-0.89976,-0.928523,-1.13017,-0.909901,-0.937991,-1.11211,-0.924647,-0.921641,-1.11211,-0.914346,-0.912351,-1.13017,-1.03172,-1.05178,-1.2727,-1.04324,-1.06254,-1.25218,-1.06012,-1.04382,-1.25218,-1.04842,-1.03327,-1.2727
0.0144935,-0.781662,-2.3318,-1.98414,838884077,-0.88258,-0.943008,-1.13017,-0.89255,-0.952653,-1.11211,-0.907858,-0.936828,-1.11211,-0.897721,-0.927355,-1.13017,-1.01235,-1.06854,-1.2727,-1.02367,-1.07949,-1.25218,-1.04119,-1.06137,-1.25218,-1.02968,-1.05062,-1.2727
2.66914,-0.781105,-2.31462,1.00498,838884078,-0.867139,-0.95897,-1.13017,-0.876943,-0.968787,-1.11211,-0.892251,-0.952962,-1.11211,-0.882281,-0.943317,-1.13017,-0.994715,-1.08676,-1.2727,-1.00585,-1.09791,-1.25218,-1.02337,-1.0798,-1.25218,-1.01205,-1.06885,-1.2727
1.02523,-0.781698,-2.29728,0.0438991,838884079,-0.849463,-0.972847,-1.13017,-0.85909,-0.982834,-1.11211,-0.874942,-0.967553,-1.11211,-0.865142,-0.957732,-1.13017,-0.974768,-1.10283,-1.2727,-0.985701,-1.11417,-1.25218,-1.00385,-1.09668,-1.25218,-0.992717,-1.08553,-1.2727
-0.117171,-0.781628,-2.1553,-2.49792,838884087,-0.703335,-1.08341,-1.13017,-0.711481,-1.09464,-1.11211,-0.729303,-1.08171,-1.11211,-0.720963,-1.07062,-1.13017,-0.809353,-1.22955,-1.2727,-0.818604,-1.2423,-1.25218,-0.839004,-1.2275,-1.25218,-0.829534,-1.21491,-1.2727
0.00783753,-0.781047,-2.13813,-2.97791,838884088,-0.685359,-1.09645,-1.13017,-0.693311,-1.10782,-1.11211,-0.711133,-1.09489,-1.11211,-0.702987,-1.08366,-1.13017,-0.788825,-1.24444,-1.2727,-0.797855,-1.25735,-1.25218,-0.818256,-1.24255,-1.25218,-0.809005,-1.2298,-1.2727
0.0317416,-0.781616,-2.12079,-42.5625,838884089,-0.665543,-1.10705,-1.13017,-0.673292,-1.11855,-1.11211,-0.691554,-1.10625,-1.11211,-0.683607,-1.09488,-1.13017,-0.766393,-1.2568,-1.2727,-0.775192,-1.26987,-1.25218,-0.796097,-1.25579,-1.25218,-0.787072,-1.24288,-1.2727
0.00355152,-0.78104,-2.10362,-50.5856,838884090,-0.647123,-1.11945,-1.13017,-0.654673,-1.13109,-1.11211,-0.672935,-1.11879,-1.11211,-0.665187,-1.10729,-1.13017,-0.745357,-1.27097,-1.2727,-0.75393,-1.28419,-1.25218,-0.774835,-1.27011,-1.25218,-0.766036,-1.25704,-1.2727
0.0256172,-0.781613,-2.08627,-2.60366,838884091,-0.626949,-1.12935,-1.13017,-0.634291,-1.14112,-1.11211,-0.652972,-1.12947,-1.11211,-0.645426,-1.11783,-1.13017,-0.722507,-1.28254,-1.2727,-0.730844,-1.2959,-1.25218,-0.752228,-1.28256,-1.25218,-0.74366,-1.26934,-1.2727
0.130509,-0.781649,-0.793552,16.4699,838884165,0.913834,-0.912832,-1.13017,0.923123,-0.923134,-1.11211,0.906771,-0.937878,-1.11211,0.89766,-0.927415,-1.13017,1.03474,-1.04692,-1.2727,1.04528,-1.05862,-1.25218,1.02657,-1.0755,-1.25218,1.01622,-1.06362,-1.2727
0.230964,-0.80331,-2.52172,5.61928,838884578,-1.04587,-0.760265,-1.16882,-1.05783,-0.768058,-1.15074,-1.06952,-0.749375,-1.15074,-1.05742,-0.741804,-1.16882,-1.19578,-0.85761,-1.31362,-1.20926,-0.866395,-1.29324,-1.22256,-0.84515,-1.29324,-1.20892,-0.836615,-1.31362
0.47665,-0.803885,-2.50438,1.53993,838884579,-1.03147,-0.777514,-1.16882,-1.04329,-0.785503,-1.15074,-1.05563,-0.76724,-1.15074,-1.04366,-0.759468,-1.16882,-1.17956,-0.877558,-1.31362,-1.19289,-0.886564,-1.29324,-1.20692,-0.865796,-1.29324,-1.19342,-0.857035,-1.31362
1.26296,-0.803293,-2.4872,-0.375305,838884580,-1.01903,-0.795918,-1.16882,-1.03071,-0.804124,-1.15074,-1.04305,-0.785861,-1.15074,-1.03122,-0.777872,-1.16882,-1.16545,-0.898439,-1.31362,-1.17862,-0.90769,-1.29324,-1.19265,-0.886922,-1.29324,-1.17932,-0.877916,-1.31362
-0.0068817,-0.803872,-2.46986,-1.44374,838884581,-1.00404,-0.812653,-1.16882,-1.01558,-0.82105,-1.15074,-1.02855,-0.803229,-1.15074,-1.01685,-0.795044,-1.16882,-1.14855,-0.917809,-1.31362,-1.16156,-0.927275,-1.29324,-1.1763,-0.90701,-1.29324,-1.16312,-0.897783,-1.31362
0.0213362,-0.803285,-2.45269,-1.7706,838884582,-0.990971,-0.830612,-1.16882,-1.00236,-0.839221,-1.15074,-1.01532,-0.8214,-1.15074,-1.00378,-0.813003,-1.16882,-1.13372,-0.938185,-1.31362,-1.14656,-0.947889,-1.29324,-1.1613,-0.927624,-1.29324,-1.14829,-0.918159,-1.31362
0.062422,-0.803321,-2.34914,-1.46581,838884588,-0.89976,-0.928524,-1.16882,-0.910182,-0.938276,-1.15074,-0.924943,-0.921909,-1.15074,-0.914345,-0.912351,-1.16882,-1.03047,-1.05044,-1.31362,-1.04222,-1.06143,-1.29324,-1.05901,-1.04282,-1.29324,-1.04706,-1.03205,-1.31362
0.520182,-0.80392,-2.33181,1.23165,838884589,-0.88258,-0.943007,-1.16882,-0.892838,-0.95293,-1.15074,-0.908162,-0.937088,-1.15074,-0.897722,-0.927355,-1.16882,-1.01104,-1.06726,-1.31362,-1.0226,-1.07845,-1.29324,-1.04002,-1.06044,-1.29324,-1.02825,-1.04946,-1.31362
1.17403,-0.803352,-2.31463,0.641815,838884590,-0.867138,-0.958971,-1.16882,-0.877214,-0.969082,-1.15074,-0.892537,-0.953241,-1.15074,-0.88228,-0.943318,-1.16882,-0.993515,-1.08538,-1.31362,-1.00487,-1.09677,-1.29324,-1.0223,-1.07876,-1.29324,-1.01073,-1.06758,-1.31362
2.3118,-0.803956,-2.29729,0.267149,838884591,-0.849464,-0.972846,-1.16882,-0.859368,-0.983121,-1.15074,-0.875236,-0.967824,-1.15074,-0.865143,-0.957732,-1.16882,-0.973501,-1.10151,-1.31362,-0.984666,-1.1131,-1.29324,-1.00271,-1.0957,-1.29324,-0.991331,-1.08433,-1.31362
0.617405,-0.803393,-2.28011,0.382558,838884592,-0.833474,-0.988261,-1.16882,-0.84319,-0.998717,-1.15074,-0.859057,-0.983421,-1.15074,-0.849153,-0.973146,-1.16882,-0.955358,-1.119,-1.31362,-0.966311,-1.13079,-1.29324,-0.984354,-1.1134,-1.29324,-0.973189,-1.10181,-1.31362
0.408146,-0.803979,-2.25886,4.09186,838884593,-0.81144,-1.00478,-1.16882,-0.820983,-1.01539,-1.15074,-0.837371,-1.00065,-1.15074,-0.827634,-0.990216,-1.16882,-0.930942,-1.13767,-1.31362,-0.941699,-1.14963,-1.29324,-0.960335,-1.13287,-1.29324,-0.949358,-1.12111,-1.31362
1.08835,-0.803372,-2.24168,0.232657,838884594,-0.794925,-1.01963,-1.16882,-0.804273,-1.03042,-1.15074,-0.820661,-1.01568,-1.15074,-0.811119,-1.00507,-1.16882,-0.912205,-1.15452,-1.31362,-0.922742,-1.16668,-1.29324,-0.941378,-1.14992,-1.29324,-0.930621,-1.13796,-1.31362
0.070297,-0.803938,-2.22434,18.4771,838884595,-0.776329,-1.03224,-1.16882,-0.785495,-1.04318,-1.15074,-0.802388,-1.02902,-1.15074,-0.793021,-1.01825,-1.16882,-0.891116,-1.16922,-1.31362,-0.901449,-1.18155,-1.29324,-0.920659,-1.16546,-1.29324,-0.9101,-1.15332,-1.31362
0.0154775,-0.803336,-2.20717,-3.11884,838884596,-0.759305,-1.04651,-1.16882,-0.76827,-1.05761,-1.15074,-0.785163,-1.04346,-1.15074,-0.775997,-1.03252,-1.16882,-0.871802,-1.18541,-1.31362,-0.881908,-1.19793,-1.29324,-0.901118,-1.18183,-1.29324,-0.890785,-1.1695,-1.31362
0.0760066,-0.803906,-2.18983,-8.83717,838884597,-0.740279,-1.05846,-1.16882,-0.749058,-1.06971,-1.15074,-0.766435,-1.05616,-1.15074,-0.75745,-1.04507,-1.16882,-0.850213,-1.19937,-1.31362,-0.860108,-1.21205,-1.29324,-0.879869,-1.19664,-1.29324,-0.86974,-1.18414,-1.31362
0.00717869,-0.80331,-2.17265,-1.56687,838884598,-0.722768,-1.07212,-1.16882,-0.73134,-1.08354,-1.15074,-0.748717,-1.06998,-1.15074,-0.739938,-1.05873,-1.16882,-0.830345,-1.21487,-1.31362,-0.840007,-1.22774,-1.29324,-0.859768,-1.21232,-1.29324,-0.849872,-1.19964,-1.31362
-0.0132518,-0.803884,-2.15531,-1.92606,838884599,-0.703336,-1.08341,-1.16882,-0.711716,-1.09496,-1.15074,-0.729556,-1.08202,-1.15074,-0.720964,-1.07062,-1.16882,-0.808281,-1.22807,-1.31362,-0.817728,-1.24109,-1.29324,-0.838014,-1.22637,-1.29324,-0.828329,-1.21353,-1.31362
-0.0212126,-0.803293,-2.13813,-2.06808,838884600,-0.685358,-1.09645,-1.16882,-0.693526,-1.10815,-1.15074,-0.711366,-1.09521,-1.15074,-0.702986,-1.08366,-1.16882,-0.787884,-1.24287,-1.31362,-0.797091,-1.25606,-1.29324,-0.817378,-1.24134,-1.29324,-0.807931,-1.22832,-1.31362
1.17381,-0.803872,-2.1208,-1.31864,838884601,-0.665544,-1.10705,-1.16882,-0.673516,-1.11888,-1.15074,-0.691797,-1.10657,-1.15074,-0.683608,-1.09488,-1.16882,-0.765373,-1.25528,-1.31362,-0.774359,-1.26863,-1.29324,-0.795147,-1.25463,-1.29324,-0.785916,-1.24145,-1.31362
0.0435935,-0.803285,-2.10362,-1.8167,838884602,-0.647122,-1.11945,-1.16882,-0.654876,-1.13144,-1.15074,-0.673157,-1.11912,-1.15074,-0.665186,-1.10729,-1.16882,-0.744472,-1.26936,-1.31362,-0.753212,-1.28287,-1.29324,-0.774,-1.26887,-1.29324,-0.765014,-1.25553,-1.31362
0.0267045,-0.80387,-2.08629,-0.28523,838884603,-0.62695,-1.12935,-1.16882,-0.634503,-1.14146,-1.15074,-0.653203,-1.12979,-1.15074,-0.645427,-1.11782,-1.16882,-0.721541,-1.28099,-1.31362,-0.730055,-1.29464,-1.29324,-0.751319,-1.28137,-1.29324,-0.742554,-1.26788,-1.31362
0.240452,-0.821089,-0.0609213,-44.5027,838884871,1.28993,-0.0674038,-1.19895,1.30435,-0.0689091,-1.18106,1.30206,-0.0908301,-1.18106,1.28766,-0.0890639,-1.19895,1.46583,-0.0857654,-1.34602,1.48209,-0.0874623,-1.32584,1.47949,-0.112389,-1.32584,1.46326,-0.110399,-1.34602
-0.0063138,-0.820506,-2.52172,-2.1856,838885090,-1.04587,-0.760265,-1.19895,-1.05802,-0.76818,-1.18106,-1.06971,-0.749497,-1.18106,-1.05742,-0.741804,-1.19895,-1.19421,-0.856626,-1.34602,-1.20791,-0.865548,-1.32584,-1.2212,-0.844303,-1.32584,-1.20735,-0.835632,-1.34602
0.008881,-0.821089,-2.50438,-2.11248,838885091,-1.03147,-0.777514,-1.19895,-1.04348,-0.785631,-1.18106,-1.05582,-0.767367,-1.18106,-1.04366,-0.759468,-1.19895,-1.17802,-0.87652,-1.34602,-1.19157,-0.88567,-1.32584,-1.2056,-0.864902,-1.32584,-1.19189,-0.855997,-1.34602
0.0554955,-0.820489,-2.48721,-1.56385,838885092,-1.01903,-0.795918,-1.19895,-1.0309,-0.804252,-1.18106,-1.04324,-0.785989,-1.18106,-1.03122,-0.777872,-1.19895,-1.16392,-0.897401,-1.34602,-1.1773,-0.906796,-1.32584,-1.19133,-0.886028,-1.32584,-1.17778,-0.876878,-1.34602
0.0370888,-0.821077,-2.46987,-2.01185,838885093,-1.00404,-0.812653,-1.19895,-1.01576,-0.821185,-1.18106,-1.02873,-0.803364,-1.18106,-1.01685,-0.795044,-1.19895,-1.14705,-0.916718,-1.34602,-1.16026,-0.926335,-1.32584,-1.17501,-0.90607,-1.32584,-1.16162,-0.896692,-1.34602
0.096945,-0.820481,-2.45269,15.8918,838885094,-0.990971,-0.830612,-1.19895,-1.00254,-0.839356,-1.18106,-1.01551,-0.821535,-1.18106,-1.00378,-0.813003,-1.19895,-1.13222,-0.937094,-1.34602,-1.14526,-0.94695,-1.32584,-1.16001,-0.926685,-1.32584,-1.14679,-0.917067,-1.34602
0.113821,-0.820517,-2.34915,7.82946,838885100,-0.89976,-0.928524,-1.19895,-0.910352,-0.938429,-1.18106,-0.925113,-0.922063,-1.18106,-0.914345,-0.912351,-1.19895,-1.0291,-1.0492,-1.34602,-1.04104,-1.06036,-1.32584,-1.05782,-1.04175,-1.32584,-1.04568,-1.0308,-1.34602
0.187958,-0.821125,-2.33181,13.8604,838885101,-0.88258,-0.943008,-1.19895,-0.893002,-0.953089,-1.18106,-0.908326,-0.937247,-1.18106,-0.897722,-0.927355,-1.19895,-1.0097,-1.06598,-1.34602,-1.02145,-1.07734,-1.32584,-1.03888,-1.05933,-1.32584,-1.02692,-1.04817,-1.34602
0.354544,-0.820549,-2.31463,6.27566,838885102,-0.867138,-0.958971,-1.19895,-0.877378,-0.969241,-1.18106,-0.892702,-0.9534,-1.18106,-0.88228,-0.943318,-1.19895,-0.992182,-1.08409,-1.34602,-1.00372,-1.09566,-1.32584,-1.02115,-1.07765,-1.32584,-1.0094,-1.06629,-1.34602
0.620262,-0.821161,-2.29729,2.1505,838885103,-0.849464,-0.972846,-1.19895,-0.859527,-0.983285,-1.18106,-0.875395,-0.967989,-1.18106,-0.865143,-0.957732,-1.19895,-0.972213,-1.10018,-1.34602,-0.983557,-1.11195,-1.32584,-1.0016,-1.09455,-1.32584,-0.990044,-1.08299,-1.34602
0.80496,-0.82059,-2.28011,3.40221,838885104,-0.833474,-0.988261,-1.19895,-0.843348,-0.998882,-1.18106,-0.859216,-0.983585,-1.18106,-0.849153,-0.973146,-1.19895,-0.954071,-1.11767,-1.34602,-0.965203,-1.12964,-1.32584,-0.983246,-1.11225,-1.32584,-0.971902,-1.10048,-1.34602
0.526026,-0.821184,-2.25887,2.26583,838885105,-0.81144,-1.00478,-1.19895,-0.821136,-1.01556,-1.18106,-0.837524,-1.00082,-1.18106,-0.827634,-0.990216,-1.19895,-0.929702,-1.13629,-1.34602,-0.940631,-1.14844,-1.32584,-0.959267,-1.13168,-1.32584,-0.948118,-1.11973,-1.34602
2.4087,-0.82057,-2.24169,0.205211,838885106,-0.794925,-1.01963,-1.19895,-0.804426,-1.03059,-1.18106,-0.820814,-1.01585,-1.18106,-0.811119,-1.00507,-1.19895,-0.910965,-1.15314,-1.34602,-0.921674,-1.16549,-1.32584,-0.94031,-1.14873,-1.32584,-0.929381,-1.13658,-1.34602
0.573252,-0.821143,-2.22435,0.0140675,838885107,-0.776329,-1.03224,-1.19895,-0.785642,-1.04335,-1.18106,-0.802535,-1.0292,-1.18106,-0.793021,-1.01825,-1.19895,-0.889925,-1.1678,-1.34602,-0.900423,-1.18033,-1.32584,-0.919633,-1.16423,-1.32584,-0.908908,-1.1519,-1.34602
0.0777924,-0.820533,-2.20717,-12.3314,838885108,-0.759305,-1.04651,-1.19895,-0.768417,-1.05779,-1.18106,-0.78531,-1.04363,-1.18106,-0.775997,-1.03252,-1.19895,-0.870611,-1.18399,-1.34602,-0.880882,-1.19671,-1.32584,-0.900092,-1.18061,-1.32584,-0.889594,-1.16808,-1.34602
0.0186849,-0.821111,-2.18983,-2.1908,838885109,-0.740279,-1.05846,-1.19895,-0.749198,-1.06989,-1.18106,-0.766576,-1.05634,-1.18106,-0.75745,-1.04507,-1.19895,-0.849072,-1.19791,-1.34602,-0.859126,-1.21079,-1.32584,-0.878886,-1.19538,-1.32584,-0.868599,-1.18267,-1.34602
0.0331766,-0.820506,-2.17265,-42.3295,838885110,-0.722768,-1.07212,-1.19895,-0.73148,-1.08372,-1.18106,-0.748857,-1.07016,-1.18106,-0.739938,-1.05873,-1.19895,-0.829204,-1.21341,-1.34602,-0.839025,-1.22648,-1.32584,-0.858785,-1.21106,-1.32584,-0.848731,-1.19817,-1.34602
0.0477457,-0.821089,-2.15532,15.9738,838885111,-0.703336,-1.08341,-1.19895,-0.711851,-1.09514,-1.18106,-0.729691,-1.0822,-1.18106,-0.720964,-1.07062,-1.19895,-0.807192,-1.22657,-1.34602,-0.81679,-1.2398,-1.32584,-0.837077,-1.22508,-1.32584,-0.82724,-1.21202,-1.34602
-0.0138689,-0.820489,-2.13814,-1.84093,838885112,-0.685358,-1.09645,-1.19895,-0.693661,-1.10834,-1.18106,-0.711501,-1.0954,-1.18106,-0.702986,-1.08366,-1.19895,-0.786795,-1.24136,-1.34602,-0.796154,-1.25477,-1.32584,-0.81644,-1.24005,-1.32584,-0.806842,-1.22682,-1.34602
0.690856,-0.821077,-2.1208,-5.85494,838885113,-0.665544,-1.10705,-1.19895,-0.673644,-1.11907,-1.18106,-0.691925,-1.10676,-1.18106,-0.683608,-1.09488,-1.19895,-0.764337,-1.25375,-1.34602,-0.773467,-1.2673,-1.32584,-0.794255,-1.2533,-1.32584,-0.78488,-1.23991,-1.34602
0.21576,-0.820481,-2.10363,-0.132455,838885114,-0.647122,-1.11945,-1.19895,-0.655004,-1.13163,-1.18106,-0.673285,-1.11931,-1.18106,-0.665186,-1.10729,-1.19895,-0.743436,-1.26782,-1.34602,-0.75232,-1.28155,-1.32584,-0.773109,-1.26755,-1.32584,-0.763979,-1.25399,-1.34602
0.130615,-0.821074,-2.08629,-3.54019,838885115,-0.62695,-1.12935,-1.19895,-0.634624,-1.14165,-1.18106,-0.653324,-1.12999,-1.18106,-0.645427,-1.11782,-1.19895,-0.720559,-1.27941,-1.34602,-0.72921,-1.29328,-1.32584,-0.750474,-1.28002,-1.32584,-0.741572,-1.2663,-1.34602
-0.0796382,-0.83768,-2.52173,-2.24416,838885602,-1.04587,-0.760265,-1.22941,-1.05821,-0.7683,-1.21169,-1.0699,-0.749617,-1.21169,-1.05742,-0.741804,-1.22941,-1.19261,-0.855627,-1.3787,-1.20653,-0.864684,-1.35874,-1.21982,-0.843439,-1.35874,-1.20575,-0.834633,-1.3787
0.0772272,-0.838271,-2.50439,-2.86236,838885603,-1.03147,-0.777514,-1.22941,-1.04367,-0.785757,-1.21169,-1.05601,-0.767494,-1.21169,-1.04366,-0.759468,-1.22941,-1.17646,-0.875466,-1.3787,-1.19022,-0.884758,-1.35874,-1.20425,-0.863991,-1.35874,-1.19033,-0.854943,-1.3787
0.0238576,-0.837663,-2.48721,-3.002,838885604,-1.01903,-0.795918,-1.22941,-1.03109,-0.804379,-1.21169,-1.04343,-0.786116,-1.21169,-1.03122,-0.777872,-1.22941,-1.16236,-0.896347,-1.3787,-1.17595,-0.905884,-1.35874,-1.18998,-0.885117,-1.35874,-1.17622,-0.875824,-1.3787
0.0433485,-0.838258,-2.46987,-3.34389,838885605,-1.00404,-0.812653,-1.22941,-1.01595,-0.821318,-1.21169,-1.02891,-0.803497,-1.21169,-1.01685,-0.795044,-1.22941,-1.14553,-0.91561,-1.3787,-1.15895,-0.925377,-1.35874,-1.17369,-0.905112,-1.35874,-1.1601,-0.895584,-1.3787
-0.049047,-0.837655,-2.4527,-4.07875,838885606,-0.990971,-0.830612,-1.22941,-1.00272,-0.839489,-1.21169,-1.01569,-0.821668,-1.21169,-1.00378,-0.813003,-1.22941,-1.1307,-0.935985,-1.3787,-1.14395,-0.945992,-1.35874,-1.15869,-0.925727,-1.35874,-1.14527,-0.915959,-1.3787
0.0253683,-0.837692,-2.34915,-48.4953,838885612,-0.89976,-0.928524,-1.22941,-0.91052,-0.938581,-1.21169,-0.925281,-0.922214,-1.21169,-0.914345,-0.912352,-1.22941,-1.0277,-1.04794,-1.3787,-1.03983,-1.05927,-1.35874,-1.05661,-1.04066,-1.35874,-1.04429,-1.02954,-1.3787
-0.0375462,-0.838307,-2.33181,-2.67203,838885613,-0.88258,-0.943007,-1.22941,-0.893165,-0.953246,-1.21169,-0.908489,-0.937405,-1.21169,-0.897722,-0.927355,-1.22941,-1.00835,-1.06467,-1.3787,-1.02028,-1.07621,-1.35874,-1.03771,-1.05819,-1.35874,-1.02557,-1.04686,-1.3787
0.13917,-0.837724,-2.31464,34.1875,838885614,-0.867138,-0.958971,-1.22941,-0.877541,-0.969398,-1.21169,-0.892864,-0.953557,-1.21169,-0.88228,-0.943318,-1.22941,-0.990829,-1.08278,-1.3787,-1.00255,-1.09453,-1.35874,-1.01998,-1.07652,-1.35874,-1.00805,-1.06498,-1.3787
0.0435932,-0.838344,-2.2973,55.5472,838885615,-0.849464,-0.972846,-1.22941,-0.859684,-0.983448,-1.21169,-0.875552,-0.968152,-1.21169,-0.865143,-0.957732,-1.22941,-0.970906,-1.09882,-1.3787,-0.982427,-1.11077,-1.35874,-1.00047,-1.09338,-1.35874,-0.988737,-1.08163,-1.3787
0.18061,-0.837765,-2.28012,3.95175,838885616,-0.833474,-0.988261,-1.22941,-0.843505,-0.999045,-1.21169,-0.859373,-0.983748,-1.21169,-0.849153,-0.973146,-1.22941,-0.952764,-1.11631,-1.3787,-0.964072,-1.12847,-1.35874,-0.982116,-1.11107,-1.35874,-0.970595,-1.09912,-1.3787
0.147927,-0.838367,-2.25887,11.1485,838885617,-0.81144,-1.00478,-1.22941,-0.821287,-1.01573,-1.21169,-0.837675,-1.00099,-1.21169,-0.827634,-0.990216,-1.22941,-0.928443,-1.13489,-1.3787,-0.939543,-1.14723,-1.35874,-0.958179,-1.13047,-1.35874,-0.946859,-1.11833,-1.3787
2.96401,-0.837745,-2.24169,0.27011,838885618,-0.794925,-1.01963,-1.22941,-0.804577,-1.03075,-1.21169,-0.820966,-1.01602,-1.21169,-0.811119,-1.00507,-1.22941,-0.909706,-1.15174,-1.3787,-0.920585,-1.16428,-1.35874,-0.939221,-1.14752,-1.35874,-0.928121,-1.13518,-1.3787
0.587977,-0.838326,-2.22435,0.185227,838885619,-0.776329,-1.03224,-1.22941,-0.785787,-1.04353,-1.21169,-0.80268,-1.02937,-1.21169,-0.793021,-1.01825,-1.22941,-0.888716,-1.16636,-1.3787,-0.899378,-1.17908,-1.35874,-0.918587,-1.16299,-1.35874,-0.907699,-1.15045,-1.3787
0.0343634,-0.837707,-2.20718,-3.43993,838885620,-0.759305,-1.04651,-1.22941,-0.768562,-1.05796,-1.21169,-0.785456,-1.04381,-1.21169,-0.775997,-1.03252,-1.22941,-0.869401,-1.18254,-1.3787,-0.879837,-1.19546,-1.35874,-0.899046,-1.17936,-1.35874,-0.888384,-1.16664,-1.3787
-0.0512367,-0.838293,-2.18984,-3.44402,838885621,-0.740279,-1.05846,-1.22941,-0.749338,-1.07007,-1.21169,-0.766715,-1.05651,-1.21169,-0.75745,-1.04507,-1.22941,-0.847914,-1.19642,-1.3787,-0.858125,-1.20951,-1.35874,-0.877885,-1.19409,-1.35874,-0.867441,-1.18119,-1.3787
0.0105884,-0.83768,-2.17266,-2.56551,838885622,-0.722768,-1.07212,-1.22941,-0.73162,-1.0839,-1.21169,-0.748997,-1.07034,-1.21169,-0.739938,-1.05873,-1.22941,-0.828046,-1.21192,-1.3787,-0.838024,-1.22519,-1.35874,-0.857784,-1.20978,-1.35874,-0.847573,-1.19669,-1.3787
0.0526123,-0.838271,-2.15532,-2.41894,838885623,-0.703336,-1.08341,-1.22941,-0.711983,-1.09533,-1.21169,-0.729823,-1.08238,-1.21169,-0.720964,-1.07062,-1.22941,-0.806086,-1.22504,-1.3787,-0.815834,-1.23848,-1.35874,-0.836121,-1.22376,-1.35874,-0.826134,-1.2105,-1.3787
-0.0598398,-0.837663,-2.13815,-2.73933,838885624,-0.685358,-1.09645,-1.22941,-0.693793,-1.10852,-1.21169,-0.711633,-1.09558,-1.21169,-0.702986,-1.08366,-1.22941,-0.785689,-1.23984,-1.3787,-0.795198,-1.25345,-1.35874,-0.815484,-1.23873,-1.35874,-0.805736,-1.2253,-1.3787
-0.0306323,-0.838258,-2.12081,-2.62577,838885625,-0.665544,-1.10705,-1.22941,-0.67377,-1.11926,-1.21169,-0.692051,-1.10695,-1.21169,-0.683608,-1.09488,-1.22941,-0.763285,-1.25218,-1.3787,-0.772558,-1.26595,-1.35874,-0.793346,-1.25195,-1.35874,-0.783828,-1.23835,-1.3787
0.0306929,-0.837655,-2.10363,-3.44914,838885626,-0.647122,-1.11945,-1.22941,-0.65513,-1.13181,-1.21169,-0.673411,-1.1195,-1.21169,-0.665186,-1.10729,-1.22941,-0.742384,-1.26626,-1.3787,-0.751411,-1.28019,-1.35874,-0.772199,-1.2662,-1.35874,-0.762927,-1.25243,-1.3787
-0.135541,-0.838256,-2.08629,-2.32592,838885627,-0.62695,-1.12935,-1.22941,-0.634744,-1.14185,-1.21169,-0.653444,-1.13018,-1.21169,-0.645427,-1.11783,-1.22941,-0.719562,-1.27782,-1.3787,-0.728348,-1.2919,-1.35874,-0.749613,-1.27863,-1.35874,-0.740576,-1.26471,-1.3787
-0.0463884,-0.838263,-2.05178,-2.7579,838885629,-0.5876,-1.1503,-1.22941,-0.594953,-1.16305,-1.21169,-0.614049,-1.15205,-1.21169,-0.606469,-1.13942,-1.22941,-0.674971,-1.3019,-1.3787,-0.683259,-1.31629,-1.35874,-0.704974,-1.30377,-1.35874,-0.696429,-1.28954,-1.3787
-0.0594417,-0.83767,-2.0346,-3.00186,838885630,-0.568357,-1.16138,-1.22941,-0.575482,-1.17427,-1.21169,-0.594578,-1.16327,-1.21169,-0.587225,-1.15051,-1.22941,-0.653137,-1.31449,-1.3787,-0.66117,-1.32902,-1.35874,-0.682885,-1.3165,-1.35874,-0.674596,-1.30212,-1.3787
-0.0148282,-0.83828,-2.01726,-2.46032,838885631,-0.547543,-1.16985,-1.22941,-0.554446,-1.18286,-1.21169,-0.573914,-1.17253,-1.21169,-0.56678,-1.15964,-1.22941,-0.629565,-1.32442,-1.3787,-0.637346,-1.33908,-1.35874,-0.659485,-1.32733,-1.35874,-0.651442,-1.31281,-1.3787
0.0349629,-0.855433,-2.50439,-3.38546,838886115,-1.03147,-0.777514,-1.26018,-1.04385,-0.785883,-1.24266,-1.05619,-0.767619,-1.24266,-1.04366,-0.759468,-1.26018,-1.17488,-0.874396,-1.41169,-1.18884,-0.88383,-1.39194,-1.20287,-0.863062,-1.39194,-1.18874,-0.853873,-1.41169
-0.0140204,-0.854817,-2.48722,-2.00516,838886116,-1.01903,-0.795918,-1.26018,-1.03128,-0.804504,-1.24266,-1.04361,-0.786241,-1.24266,-1.03122,-0.777872,-1.26018,-1.16077,-0.895277,-1.41169,-1.17457,-0.904956,-1.39194,-1.1886,-0.884188,-1.39194,-1.17464,-0.874754,-1.41169
-0.0293082,-0.854846,-2.34916,-2.79026,838886124,-0.89976,-0.928524,-1.26018,-0.910686,-0.938731,-1.24266,-0.925447,-0.922364,-1.24266,-0.914345,-0.912351,-1.26018,-1.02628,-1.04666,-1.41169,-1.0386,-1.05816,-1.39194,-1.05538,-1.03955,-1.39194,-1.04287,-1.02826,-1.41169
-0.0148186,-0.85547,-2.33182,-3.22112,838886125,-0.88258,-0.943008,-1.26018,-0.893326,-0.953402,-1.24266,-0.90865,-0.93756,-1.24266,-0.897722,-0.927355,-1.26018,-1.00697,-1.06334,-1.41169,-1.01909,-1.07505,-1.39194,-1.03651,-1.05704,-1.39194,-1.02419,-1.04554,-1.41169
-0.0276069,-0.854879,-2.31464,-3.32444,838886126,-0.867138,-0.958971,-1.26018,-0.877701,-0.969554,-1.24266,-0.893025,-0.953712,-1.24266,-0.88228,-0.943318,-1.26018,-0.989455,-1.08145,-1.41169,-1.00136,-1.09338,-1.39194,-1.01879,-1.07536,-1.39194,-1.00667,-1.06365,-1.41169
-0.0127907,-0.855507,-2.2973,-2.83469,838886127,-0.849464,-0.972846,-1.26018,-0.85984,-0.983609,-1.24266,-0.875707,-0.968313,-1.24266,-0.865143,-0.957732,-1.26018,-0.96958,-1.09745,-1.41169,-0.981276,-1.10958,-1.39194,-0.99932,-1.09219,-1.39194,-0.987411,-1.08026,-1.41169
0.0838972,-0.854921,-2.28012,-25.5427,838886128,-0.833474,-0.988261,-1.26018,-0.843661,-0.999206,-1.24266,-0.859528,-0.983909,-1.24266,-0.849153,-0.973146,-1.26018,-0.951438,-1.11494,-1.41169,-0.962921,-1.12727,-1.39194,-0.980965,-1.10988,-1.39194,-0.969268,-1.09775,-1.41169
-0.0236521,-0.855531,-2.25887,-3.27887,838886129,-0.81144,-1.00478,-1.26018,-0.821437,-1.01589,-1.24266,-0.837825,-1.00116,-1.24266,-0.827634,-0.990216,-1.26018,-0.927165,-1.13347,-1.41169,-0.938433,-1.146,-1.39194,-0.957069,-1.12924,-1.39194,-0.945581,-1.11691,-1.41169
0.0754164,-0.8549,-2.2417,-20.8103,838886130,-0.794925,-1.01963,-1.26018,-0.804727,-1.03092,-1.24266,-0.821115,-1.01618,-1.24266,-0.811119,-1.00507,-1.26018,-0.908427,-1.15032,-1.41169,-0.919476,-1.16305,-1.39194,-0.938112,-1.14629,-1.39194,-0.926843,-1.13376,-1.41169
0.129465,-0.855488,-2.22436,-3.26272,838886131,-0.776329,-1.03224,-1.26018,-0.785931,-1.0437,-1.24266,-0.802824,-1.02954,-1.24266,-0.793021,-1.01825,-1.26018,-0.887488,-1.16489,-1.41169,-0.898312,-1.17781,-1.39194,-0.917522,-1.16171,-1.39194,-0.906471,-1.14899,-1.41169
-0.0256598,-0.854862,-2.20718,-3.12252,838886132,-0.759305,-1.04651,-1.26018,-0.768706,-1.05813,-1.24266,-0.785599,-1.04398,-1.24266,-0.775997,-1.03252,-1.26018,-0.868174,-1.18108,-1.41169,-0.878771,-1.19419,-1.39194,-0.897981,-1.17809,-1.39194,-0.887157,-1.16517,-1.41169
0.048166,-0.855456,-2.18984,-2.71645,838886133,-0.740279,-1.05846,-1.26018,-0.749475,-1.07025,-1.24266,-0.766852,-1.05669,-1.24266,-0.75745,-1.04507,-1.26018,-0.846738,-1.19492,-1.41169,-0.857104,-1.2082,-1.39194,-0.876864,-1.19279,-1.39194,-0.866265,-1.17968,-1.41169
0.41607,-0.854834,-2.17267,-1.62614,838886134,-0.722768,-1.07212,-1.26018,-0.731757,-1.08407,-1.24266,-0.749134,-1.07051,-1.24266,-0.739938,-1.05873,-1.26018,-0.82687,-1.21042,-1.41169,-0.837003,-1.22389,-1.39194,-0.856763,-1.20847,-1.39194,-0.846397,-1.19518,-1.41169
1.25382,-0.855433,-2.15532,0.665469,838886135,-0.703336,-1.08341,-1.26018,-0.712115,-1.09551,-1.24266,-0.729955,-1.08257,-1.24266,-0.720964,-1.07062,-1.26018,-0.804964,-1.2235,-1.41169,-0.81486,-1.23714,-1.39194,-0.835146,-1.22242,-1.39194,-0.825011,-1.20895,-1.41169
-0.0227528,-0.854817,-2.13815,-2.74634,838886136,-0.685358,-1.09645,-1.26018,-0.693925,-1.1087,-1.24266,-0.711765,-1.09576,-1.24266,-0.702986,-1.08366,-1.26018,-0.784567,-1.23829,-1.41169,-0.794223,-1.25211,-1.39194,-0.81451,-1.23739,-1.39194,-0.804614,-1.22375,-1.41169
0.00995533,-0.85542,-2.12081,89.8733,838886137,-0.665544,-1.10705,-1.26018,-0.673895,-1.11945,-1.24266,-0.692176,-1.10714,-1.24266,-0.683608,-1.09488,-1.26018,-0.762217,-1.2506,-1.41169,-0.771631,-1.26458,-1.39194,-0.792419,-1.25058,-1.39194,-0.78276,-1.23676,-1.41169
-0.0116523,-0.854809,-2.10364,-2.48785,838886138,-0.647122,-1.11945,-1.26018,-0.655255,-1.132,-1.24266,-0.673537,-1.11969,-1.24266,-0.665186,-1.10729,-1.26018,-0.741316,-1.26468,-1.41169,-0.750484,-1.27882,-1.39194,-0.771272,-1.26482,-1.39194,-0.761859,-1.25084,-1.41169
0.0856297,-0.855418,-2.0863,44.0047,838886139,-0.62695,-1.12935,-1.26018,-0.634863,-1.14204,-1.24266,-0.653563,-1.13037,-1.24266,-0.645427,-1.11782,-1.26018,-0.71855,-1.27619,-1.41169,-0.72747,-1.29049,-1.39194,-0.748734,-1.27723,-1.39194,-0.739564,-1.26309,-1.41169
-8.43316e-05,-0.855425,-2.05178,-2.27672,838886141,-0.5876,-1.1503,-1.26018,-0.595065,-1.16325,-1.24266,-0.614161,-1.15224,-1.24266,-0.606469,-1.13942,-1.26018,-0.674016,-1.30025,-1.41169,-0.682431,-1.31485,-1.39194,-0.704146,-1.30233,-1.39194,-0.695475,-1.28788,-1.41169
0.0130352,-0.854824,-2.03461,-2.59175,838886142,-0.568357,-1.16138,-1.26018,-0.575594,-1.17447,-1.24266,-0.59469,-1.16346,-1.24266,-0.587225,-1.15051,-1.26018,-0.652183,-1.31283,-1.41169,-0.660341,-1.32758,-1.39194,-0.682056,-1.31506,-1.39194,-0.673642,-1.30046,-1.41169
-0.0559996,-0.855442,-2.01727,-2.0618,838886143,-0.547543,-1.16985,-1.26018,-0.554551,-1.18306,-1.24266,-0.574019,-1.17273,-1.24266,-0.56678,-1.15964,-1.26018,-0.628669,-1.32273,-1.41169,-0.636569,-1.33762,-1.39194,-0.658707,-1.32587,-1.39194,-0.650546,-1.31112,-1.41169
0.00569697,-0.872577,-2.50439,-2.94089,838886627,-1.03147,-0.777514,-1.2913,-1.04404,-0.786007,-1.27397,-1.05638,-0.767743,-1.27397,-1.04366,-0.759468,-1.2913,-1.17327,-0.87331,-1.445,-1.18744,-0.882884,-1.42546,-1.20147,-0.862116,-1.42546,-1.18714,-0.852788,-1.445
-0.0125051,-0.871953,-2.48722,-3.19515,838886628,-1.01903,-0.795918,-1.2913,-1.03146,-0.804628,-1.27397,-1.0438,-0.786365,-1.27397,-1.03122,-0.777872,-1.2913,-1.15917,-0.894191,-1.445,-1.17317,-0.90401,-1.42546,-1.1872,-0.883242,-1.42546,-1.17303,-0.873669,-1.445
-0.0428907,-0.871983,-2.34916,-3.54726,838886636,-0.89976,-0.928524,-1.2913,-0.91085,-0.938879,-1.27397,-0.925611,-0.922512,-1.27397,-0.914345,-0.912351,-1.2913,-1.02484,-1.04536,-1.445,-1.03734,-1.05703,-1.42546,-1.05413,-1.03842,-1.42546,-1.04143,-1.02696,-1.445
-0.0309588,-0.872615,-2.33182,-3.99683,838886637,-0.88258,-0.943007,-1.2913,-0.893485,-0.953556,-1.27397,-0.908809,-0.937714,-1.27397,-0.897722,-0.927355,-1.2913,-1.00558,-1.06199,-1.445,-1.01787,-1.07388,-1.42546,-1.0353,-1.05587,-1.42546,-1.0228,-1.04419,-1.445
-0.0960286,-0.872016,-2.31465,-3.7328,838886638,-0.867138,-0.958971,-1.2913,-0.877861,-0.969708,-1.27397,-0.893184,-0.953867,-1.27397,-0.88228,-0.943318,-1.2913,-0.988061,-1.0801,-1.445,-1.00015,-1.0922,-1.42546,-1.01757,-1.07419,-1.42546,-1.00528,-1.0623,-1.445
-0.0605443,-0.872652,-2.2973,-4.00546,838886639,-0.849464,-0.972846,-1.2913,-0.859993,-0.983769,-1.27397,-0.875861,-0.968472,-1.27397,-0.865143,-0.957732,-1.2913,-0.968234,-1.09605,-1.445,-0.980103,-1.10836,-1.42546,-0.998147,-1.09097,-1.42546,-0.986065,-1.07886,-1.445
0.0339351,-0.872059,-2.28013,-4.36151,838886640,-0.833474,-0.988261,-1.2913,-0.843814,-0.999365,-1.27397,-0.859682,-0.984069,-1.27397,-0.849153,-0.973146,-1.2913,-0.950092,-1.11354,-1.445,-0.961748,-1.12606,-1.42546,-0.979792,-1.10866,-1.42546,-0.967922,-1.09635,-1.445
0.09756,-0.872676,-2.25888,-5.10238,838886641,-0.81144,-1.00478,-1.2913,-0.821585,-1.01606,-1.27397,-0.837973,-1.00132,-1.27397,-0.827634,-0.990216,-1.2913,-0.925868,-1.13203,-1.445,-0.937303,-1.14474,-1.42546,-0.955939,-1.12798,-1.42546,-0.944284,-1.11547,-1.445
-0.0400137,-0.872037,-2.2417,-3.49908,838886642,-0.794925,-1.01963,-1.2913,-0.804875,-1.03109,-1.27397,-0.821263,-1.01635,-1.27397,-0.811119,-1.00507,-1.2913,-0.907131,-1.14888,-1.445,-0.918346,-1.16179,-1.42546,-0.936982,-1.14503,-1.42546,-0.925546,-1.13231,-1.445
0.0149768,-0.872633,-2.22436,-3.92463,838886643,-0.776329,-1.03224,-1.2913,-0.786073,-1.04387,-1.27397,-0.802966,-1.02971,-1.27397,-0.793021,-1.01825,-1.2913,-0.886242,-1.16341,-1.445,-0.897227,-1.17652,-1.42546,-0.916437,-1.16042,-1.42546,-0.905225,-1.1475,-1.445
0.0701232,-0.871999,-2.20719,5.74442,838886644,-0.759305,-1.04651,-1.2913,-0.768849,-1.0583,-1.27397,-0.785742,-1.04415,-1.27397,-0.775997,-1.03252,-1.2913,-0.866928,-1.17959,-1.445,-0.877686,-1.19289,-1.42546,-0.896895,-1.17679,-1.42546,-0.885911,-1.16369,-1.445
0.0286571,-0.8726,-2.18984,-3.5537,838886645,-0.740279,-1.05846,-1.2913,-0.749612,-1.07042,-1.27397,-0.766989,-1.05687,-1.27397,-0.75745,-1.04507,-1.2913,-0.845545,-1.19339,-1.445,-0.856065,-1.20687,-1.42546,-0.875825,-1.19145,-1.42546,-0.865072,-1.17815,-1.445
0.0216004,-0.871971,-2.17267,-4.82124,838886646,-0.722768,-1.07212,-1.2913,-0.731894,-1.08425,-1.27397,-0.749271,-1.07069,-1.27397,-0.739938,-1.05873,-1.2913,-0.825677,-1.20889,-1.445,-0.835964,-1.22255,-1.42546,-0.855724,-1.20714,-1.42546,-0.845204,-1.19365,-1.445
0.0605875,-0.872577,-2.15533,37.7725,838886647,-0.703336,-1.08341,-1.2913,-0.712245,-1.09569,-1.27397,-0.730085,-1.08274,-1.27397,-0.720964,-1.07062,-1.2913,-0.803825,-1.22193,-1.445,-0.813868,-1.23577,-1.42546,-0.834154,-1.22105,-1.42546,-0.823872,-1.20738,-1.445
-0.0736975,-0.871953,-2.13816,-3.34689,838886648,-0.685358,-1.09645,-1.2913,-0.694055,-1.10888,-1.27397,-0.711895,-1.09594,-1.27397,-0.702986,-1.08366,-1.2913,-0.783428,-1.23672,-1.445,-0.793231,-1.25074,-1.42546,-0.813518,-1.23602,-1.42546,-0.803475,-1.22218,-1.445
0.00915511,-0.872564,-2.12081,-3.41552,838886649,-0.665544,-1.10705,-1.2913,-0.674019,-1.11963,-1.27397,-0.6923,-1.10732,-1.27397,-0.683608,-1.09488,-1.2913,-0.761134,-1.24899,-1.445,-0.770687,-1.26318,-1.42546,-0.791475,-1.24918,-1.42546,-0.781677,-1.23516,-1.445
0.0926937,-0.871946,-2.10364,-30.6988,838886650,-0.647122,-1.11945,-1.2913,-0.655379,-1.13218,-1.27397,-0.67366,-1.11987,-1.27397,-0.665186,-1.10729,-1.2913,-0.740233,-1.26307,-1.445,-0.74954,-1.27742,-1.42546,-0.770329,-1.26342,-1.42546,-0.760776,-1.24923,-1.445
-0.000371821,-0.872562,-2.0863,-3.94172,838886651,-0.62695,-1.12935,-1.2913,-0.63498,-1.14222,-1.27397,-0.65368,-1.13056,-1.27397,-0.645427,-1.11783,-1.2913,-0.717524,-1.27455,-1.445,-0.726576,-1.28906,-1.42546,-0.74784,-1.27579,-1.42546,-0.738538,-1.26144,-1.445
0.0142157,-0.872569,-2.05179,-3.34671,838886653,-0.5876,-1.1503,-1.2913,-0.595175,-1.16344,-1.27397,-0.614271,-1.15244,-1.27397,-0.606469,-1.13942,-1.2913,-0.673048,-1.29857,-1.445,-0.681587,-1.31338,-1.42546,-0.703302,-1.30087,-1.42546,-0.694506,-1.2862,-1.445
0.017276,-0.871961,-2.03461,-3.76697,838886654,-0.568357,-1.16138,-1.2913,-0.575705,-1.17466,-1.27397,-0.594801,-1.16366,-1.27397,-0.587225,-1.15051,-1.2913,-0.651215,-1.31115,-1.445,-0.659498,-1.32611,-1.42546,-0.681213,-1.3136,-1.42546,-0.672673,-1.29878,-1.445
0.029932,-0.872587,-2.01727,-4.55074,838886655,-0.547543,-1.16985,-1.2913,-0.554654,-1.18325,-1.27397,-0.574123,-1.17292,-1.27397,-0.56678,-1.15964,-1.2913,-0.62776,-1.32102,-1.445,-0.635777,-1.33612,-1.42546,-0.657915,-1.32438,-1.42546,-0.649637,-1.30941,-1.445
0.11869,-0.872016,-1.96558,-4.09562,838886658,-0.486856,-1.19772,-1.2913,-0.49326,-1.21147,-1.27397,-0.513077,-1.20183,-1.27397,-0.506438,-1.18819,-1.2913,-0.559057,-1.3529,-1.445,-0.566275,-1.36841,-1.42546,-0.588811,-1.35744,-1.42546,-0.581327,-1.34206,-1.445
0.421123,-0.889804,-0.129973,47.8796,838886915,1.28211,-0.156201,-1.32289,1.29731,-0.158871,-1.30571,1.2935,-0.180597,-1.30571,1.27834,-0.17765,-1.32289,1.44884,-0.185486,-1.47862,1.46585,-0.188474,-1.45939,1.46154,-0.213015,-1.45939,1.44459,-0.209717,-1.47862
0.0598744,-0.889732,1.75342,-0.34361,838887023,-0.24566,1.26813,-1.32289,-0.24782,1.28341,-1.30571,-0.225978,1.2865,-1.30571,-0.224097,1.27118,-1.32289,-0.269349,1.43575,-1.47862,-0.271766,1.45285,-1.45939,-0.247095,1.45634,-1.45939,-0.244989,1.43919,-1.47862
0.09766,-0.889111,1.7706,12.5408,838887024,-0.267654,1.26502,-1.32289,-0.270092,1.28026,-1.30571,-0.24825,1.28335,-1.30571,-0.246091,1.26807,-1.32289,-0.294139,1.43225,-1.47862,-0.296867,1.4493,-1.45939,-0.272196,1.45279,-1.45939,-0.269779,1.43569,-1.47862
0.0382207,-0.88974,1.78793,-1.46009,838887025,-0.289267,1.25888,-1.32289,-0.291959,1.27408,-1.30571,-0.270238,1.27792,-1.30571,-0.267823,1.26268,-1.32289,-0.318795,1.42557,-1.47862,-0.321807,1.44257,-1.45939,-0.297273,1.44692,-1.45939,-0.29457,1.42986,-1.47862
0.000447922,-0.889786,-2.33183,-1.4965,838887149,-0.882581,-0.943007,-1.32289,-0.893674,-0.953737,-1.30571,-0.909011,-0.937882,-1.30571,-0.897723,-0.927354,-1.32289,-1.00426,-1.0607,-1.47862,-1.01667,-1.07271,-1.45939,-1.03399,-1.0548,-1.45939,-1.02136,-1.04302,-1.47862
-0.0348558,-0.889179,-2.31465,-2.10786,838887150,-0.867138,-0.958972,-1.32289,-0.878035,-0.969904,-1.30571,-0.893372,-0.954049,-1.30571,-0.882279,-0.943319,-1.32289,-0.986848,-1.0787,-1.47862,-0.999043,-1.09093,-1.45939,-1.01637,-1.07302,-1.45939,-1.00395,-1.06102,-1.47862
0.120683,-0.889824,-2.29731,11.7575,838887151,-0.849465,-0.972845,-1.32289,-0.860176,-0.983956,-1.30571,-0.876057,-0.968647,-1.30571,-0.865143,-0.957731,-1.32289,-0.966954,-1.09472,-1.47862,-0.97894,-1.10715,-1.45939,-0.996878,-1.08986,-1.45939,-0.984666,-1.07765,-1.47862
0.0998784,-0.889223,-2.28013,-15.6831,838887152,-0.833473,-0.988261,-1.32289,-0.843982,-0.999567,-1.30571,-0.859863,-0.984258,-1.30571,-0.849152,-0.973147,-1.32289,-0.948929,-1.1121,-1.47862,-0.960689,-1.12475,-1.45939,-0.978627,-1.10746,-1.45939,-0.966641,-1.09502,-1.47862
0.0507539,-0.889848,-2.25889,-1.8886,838887153,-0.811441,-1.00478,-1.32289,-0.821761,-1.01625,-1.30571,-0.838163,-1.0015,-1.30571,-0.827634,-0.990215,-1.32289,-0.924635,-1.13065,-1.47862,-0.936183,-1.14349,-1.45939,-0.95471,-1.12683,-1.45939,-0.942928,-1.1142,-1.47862
0.0094305,-0.889201,-2.24171,-1.27941,838887154,-0.794925,-1.01963,-1.32289,-0.805035,-1.03129,-1.30571,-0.821438,-1.01654,-1.30571,-0.811118,-1.00507,-1.32289,-0.906019,-1.14739,-1.47862,-0.917333,-1.16045,-1.45939,-0.93586,-1.14378,-1.45939,-0.924312,-1.13094,-1.47862
-0.0373304,-0.889804,-2.22437,-1.06163,838887155,-0.77633,-1.03224,-1.32289,-0.786242,-1.04407,-1.30571,-0.803149,-1.0299,-1.30571,-0.793022,-1.01825,-1.32289,-0.885058,-1.16199,-1.47862,-0.89615,-1.17523,-1.45939,-0.915248,-1.15923,-1.45939,-0.903914,-1.14619,-1.47862
0.042131,-0.889162,-2.20719,-2.12368,838887156,-0.759304,-1.04651,-1.32289,-0.769002,-1.05852,-1.30571,-0.785909,-1.04435,-1.30571,-0.775996,-1.03252,-1.32289,-0.865868,-1.17807,-1.47862,-0.87672,-1.19151,-1.45939,-0.895817,-1.17551,-1.45939,-0.884725,-1.16227,-1.47862
0.139657,-0.889771,-2.18985,6.90694,838887157,-0.74028,-1.05846,-1.32289,-0.749773,-1.07063,-1.30571,-0.767165,-1.05706,-1.30571,-0.75745,-1.04506,-1.32289,-0.844411,-1.19193,-1.47862,-0.855034,-1.20555,-1.45939,-0.874679,-1.19022,-1.45939,-0.863808,-1.1768,-1.47862
0.0257302,-0.889134,-2.17267,-0.57954,838887158,-0.722767,-1.07212,-1.32289,-0.732039,-1.08446,-1.30571,-0.749431,-1.0709,-1.30571,-0.739937,-1.05873,-1.32289,-0.824671,-1.20733,-1.47862,-0.835046,-1.22114,-1.45939,-0.854691,-1.20581,-1.45939,-0.844068,-1.1922,-1.47862
0.0364105,-0.889748,-2.15534,-0.85721,838887159,-0.703337,-1.08341,-1.32289,-0.7124,-1.0959,-1.30571,-0.730255,-1.08295,-1.30571,-0.720965,-1.07062,-1.32289,-0.802743,-1.22043,-1.47862,-0.812884,-1.23441,-1.45939,-0.833052,-1.21978,-1.45939,-0.822656,-1.20599,-1.47862
0.0056959,-0.889116,-2.13816,-0.20335,838887160,-0.685357,-1.09645,-1.32289,-0.694193,-1.10911,-1.30571,-0.712048,-1.09615,-1.30571,-0.702985,-1.08366,-1.32289,-0.782477,-1.23513,-1.47862,-0.792364,-1.2493,-1.45939,-0.812532,-1.23467,-1.45939,-0.802391,-1.22069,-1.47862
-0.0640481,-0.889735,-2.12082,-1.75607,838887161,-0.665545,-1.10705,-1.32289,-0.674166,-1.11985,-1.30571,-0.692463,-1.10752,-1.30571,-0.683609,-1.09488,-1.32289,-0.760104,-1.24746,-1.47862,-0.769751,-1.26178,-1.45939,-0.790418,-1.24787,-1.45939,-0.78051,-1.23372,-1.47862
0.00935779,-0.88974,-2.05179,-1.80796,838887165,-0.587601,-1.15029,-1.32289,-0.595307,-1.16367,-1.30571,-0.614419,-1.15265,-1.30571,-0.60647,-1.13942,-1.32289,-0.672127,-1.29697,-1.47862,-0.680751,-1.31193,-1.45939,-0.702338,-1.29949,-1.45939,-0.693443,-1.28468,-1.47862
-0.0395767,-0.889123,-2.03461,-1.65976,838887166,-0.568356,-1.16139,-1.32289,-0.575818,-1.1749,-1.30571,-0.59493,-1.16388,-1.30571,-0.587224,-1.15051,-1.32289,-0.650435,-1.30947,-1.47862,-0.658786,-1.32459,-1.45939,-0.680374,-1.31215,-1.45939,-0.671751,-1.29718,-1.47862
0.00391596,-0.889757,-2.01728,-2.90453,838887167,-0.547544,-1.16985,-1.32289,-0.554778,-1.18348,-1.30571,-0.574263,-1.17314,-1.30571,-0.566781,-1.15964,-1.32289,-0.626896,-1.31939,-1.47862,-0.634991,-1.33464,-1.45939,-0.657,-1.32296,-1.45939,-0.648627,-1.30785,-1.47862
0.267664,-0.889146,-2.0001,0.807342,838887168,-0.527923,-1.18026,-1.32289,-0.534909,-1.19403,-1.30571,-0.554394,-1.18369,-1.30571,-0.54716,-1.17005,-1.32289,-0.60478,-1.33112,-1.47862,-0.612598,-1.34652,-1.45939,-0.634607,-1.33485,-1.45939,-0.626512,-1.31959,-1.47862
0.094801,-0.889786,-1.98276,17.7989,838887169,-0.506828,-1.188,-1.32289,-0.513582,-1.20187,-1.30571,-0.533416,-1.19222,-1.30571,-0.52641,-1.17847,-1.32289,-0.580909,-1.34021,-1.47862,-0.588466,-1.35574,-1.45939,-0.61087,-1.34484,-1.45939,-0.60303,-1.32945,-1.47862
-0.0364353,-0.889179,-1.96558,-1.92508,838887170,-0.486855,-1.19772,-1.32289,-0.493356,-1.21172,-1.30571,-0.513191,-1.20206,-1.30571,-0.506437,-1.18819,-1.32289,-0.558397,-1.35117,-1.47862,-0.565672,-1.36683,-1.45939,-0.588076,-1.35593,-1.45939,-0.580518,-1.3404,-1.47862
0.0714927,-0.889824,-1.94825,-44.4387,838887171,-0.465503,-1.20471,-1.32289,-0.471768,-1.21881,-1.30571,-0.491927,-1.20986,-1.30571,-0.485406,-1.19587,-1.32289,-0.534223,-1.35942,-1.47862,-0.541233,-1.3752,-1.45939,-0.564004,-1.36509,-1.45939,-0.556706,-1.34943,-1.47862
0.00721762,-0.889223,-1.93106,-2.67728,838887172,-0.445203,-1.21373,-1.32289,-0.451211,-1.22794,-1.30571,-0.471371,-1.21899,-1.30571,-0.465106,-1.20489,-1.32289,-0.511342,-1.36958,-1.47862,-0.518065,-1.38549,-1.45939,-0.540836,-1.37538,-1.45939,-0.533825,-1.3596,-1.47862
0.0300355,-0.906884,1.75341,-52.4975,838887535,-0.24566,1.26813,-1.3548,-0.247849,1.28361,-1.3378,-0.226007,1.2867,-1.3378,-0.224097,1.27118,-1.3548,-0.269088,1.4339,-1.51253,-0.271536,1.45123,-1.4935,-0.246865,1.45471,-1.4935,-0.244728,1.43734,-1.51253
-0.0112248,-0.906255,1.77059,-2.56179,838887536,-0.267654,1.26502,-1.3548,-0.270121,1.28046,-1.3378,-0.248279,1.28355,-1.3378,-0.246091,1.26807,-1.3548,-0.293878,1.4304,-1.51253,-0.296637,1.44768,-1.4935,-0.271966,1.45116,-1.4935,-0.269518,1.43384,-1.51253
-0.00360313,-0.906892,1.78793,-2.26941,838887537,-0.289267,1.25888,-1.3548,-0.291994,1.27428,-1.3378,-0.270274,1.27812,-1.3378,-0.267823,1.26268,-1.3548,-0.318469,1.42373,-1.51253,-0.321521,1.44096,-1.4935,-0.296987,1.44531,-1.4935,-0.294244,1.42802,-1.51253
0.32669,-0.906255,2.11966,45.8319,838887556,-0.684175,1.09719,-1.3548,-0.691775,1.11086,-1.3378,-0.672306,1.12123,-1.3378,-0.664955,1.10743,-1.3548,-0.765379,1.24362,-1.51253,-0.773883,1.25892,-1.4935,-0.751892,1.27063,-1.4935,-0.743666,1.25519,-1.51253
0.0429797,-0.906938,-2.33183,-2.61755,838887661,-0.882581,-0.943007,-1.3548,-0.89382,-0.953878,-1.3378,-0.909157,-0.938024,-1.3378,-0.897723,-0.927354,-1.3548,-1.00291,-1.05941,-1.51253,-1.01549,-1.07157,-1.4935,-1.03281,-1.05366,-1.4935,-1.02002,-1.04172,-1.51253
0.108195,-0.906325,-2.31465,40.5533,838887662,-0.867138,-0.958972,-1.3548,-0.878181,-0.970046,-1.3378,-0.893518,-0.954191,-1.3378,-0.882279,-0.943319,-1.3548,-0.985506,-1.0774,-1.51253,-0.997864,-1.08979,-1.4935,-1.01519,-1.07188,-1.4935,-1.00261,-1.05972,-1.51253
-0.0232772,-0.906977,-2.29732,-2.53284,838887663,-0.849465,-0.972845,-1.3548,-0.860317,-0.984103,-1.3378,-0.876198,-0.968794,-1.3378,-0.865143,-0.957731,-1.3548,-0.965658,-1.09338,-1.51253,-0.977802,-1.10597,-1.4935,-0.99574,-1.08868,-1.4935,-0.983369,-1.0763,-1.51253
0.0584485,-0.906369,-2.28013,-0.233589,838887664,-0.833473,-0.988261,-1.3548,-0.844123,-0.999714,-1.3378,-0.860004,-0.984405,-1.3378,-0.849152,-0.973147,-1.3548,-0.947633,-1.11075,-1.51253,-0.959551,-1.12357,-1.4935,-0.977489,-1.10628,-1.4935,-0.965345,-1.09368,-1.51253
0.0811326,-0.907001,-2.25889,19.807,838887665,-0.811441,-1.00478,-1.3548,-0.821897,-1.0164,-1.3378,-0.838299,-1.00165,-1.3378,-0.827634,-0.990215,-1.3548,-0.923386,-1.12926,-1.51253,-0.935086,-1.14227,-1.4935,-0.953613,-1.12561,-1.4935,-0.941679,-1.11281,-1.51253
0.661272,-0.906347,-2.24171,-0.193576,838887666,-0.794925,-1.01963,-1.3548,-0.805172,-1.03144,-1.3378,-0.821574,-1.0167,-1.3378,-0.811118,-1.00507,-1.3548,-0.90477,-1.146,-1.51253,-0.916236,-1.15923,-1.4935,-0.934763,-1.14257,-1.4935,-0.923063,-1.12955,-1.51253
0.165959,-0.906957,-2.22437,13.116,838887667,-0.776329,-1.03224,-1.3548,-0.786373,-1.04423,-1.3378,-0.80328,-1.03006,-1.3378,-0.793022,-1.01825,-1.3548,-0.883858,-1.16056,-1.51253,-0.895097,-1.17397,-1.4935,-0.914194,-1.15797,-1.4935,-0.902715,-1.14476,-1.51253
0.066569,-0.906308,-2.20719,-2.04773,838887668,-0.759304,-1.04651,-1.3548,-0.769132,-1.05867,-1.3378,-0.78604,-1.0445,-1.3378,-0.775996,-1.03252,-1.3548,-0.864669,-1.17664,-1.51253,-0.875667,-1.19025,-1.4935,-0.894764,-1.17425,-1.4935,-0.883525,-1.16084,-1.51253
1.5447,-0.906923,-2.18985,0.386156,838887669,-0.74028,-1.05846,-1.3548,-0.749899,-1.07079,-1.3378,-0.767291,-1.05722,-1.3378,-0.75745,-1.04506,-1.3548,-0.843262,-1.19046,-1.51253,-0.854025,-1.20425,-1.4935,-0.87367,-1.18893,-1.4935,-0.862659,-1.17533,-1.51253
0.0222769,-0.906279,-2.17268,-3.04377,838887670,-0.722767,-1.07212,-1.3548,-0.732164,-1.08463,-1.3378,-0.749556,-1.07106,-1.3378,-0.739937,-1.05873,-1.3548,-0.823522,-1.20586,-1.51253,-0.834038,-1.21985,-1.4935,-0.853682,-1.20452,-1.4935,-0.842919,-1.19073,-1.51253
-0.00643799,-0.9069,-2.15534,-2.38566,838887671,-0.703337,-1.08341,-1.3548,-0.712519,-1.09606,-1.3378,-0.730374,-1.08311,-1.3378,-0.720965,-1.07062,-1.3548,-0.801646,-1.21892,-1.51253,-0.811921,-1.23308,-1.4935,-0.832089,-1.21845,-1.4935,-0.821559,-1.20447,-1.51253
-0.0457385,-0.906261,-2.13816,-2.08025,838887672,-0.685358,-1.09645,-1.3548,-0.694312,-1.10927,-1.3378,-0.712167,-1.09632,-1.3378,-0.702985,-1.08366,-1.3548,-0.78138,-1.23362,-1.51253,-0.791401,-1.24797,-1.4935,-0.811569,-1.23334,-1.4935,-0.801294,-1.21917,-1.51253
0.0476057,-0.906887,-2.12083,-2.03131,838887673,-0.665545,-1.10705,-1.3548,-0.67428,-1.12002,-1.3378,-0.692576,-1.10769,-1.3378,-0.683609,-1.09488,-1.3548,-0.759061,-1.24591,-1.51253,-0.768835,-1.26042,-1.4935,-0.789502,-1.24651,-1.4935,-0.779467,-1.23217,-1.51253
-0.0494966,-0.906892,-2.0518,-1.85753,838887677,-0.587601,-1.15029,-1.3548,-0.595409,-1.16384,-1.3378,-0.614521,-1.15283,-1.3378,-0.60647,-1.13942,-1.3548,-0.671195,-1.29535,-1.51253,-0.679932,-1.31051,-1.4935,-0.70152,-1.29807,-1.4935,-0.69251,-1.28306,-1.51253
0.0564023,-0.906268,-2.03462,-17.6296,838887678,-0.568356,-1.16139,-1.3548,-0.57592,-1.17507,-1.3378,-0.595032,-1.16406,-1.3378,-0.587224,-1.15051,-1.3548,-0.649503,-1.30785,-1.51253,-0.657967,-1.32317,-1.4935,-0.679555,-1.31073,-1.4935,-0.670818,-1.29557,-1.51253
-0.0336917,-0.90691,-2.01728,-1.7514,838887679,-0.547544,-1.16985,-1.3548,-0.554873,-1.18366,-1.3378,-0.574359,-1.17332,-1.3378,-0.566781,-1.15964,-1.3548,-0.62602,-1.31774,-1.51253,-0.634222,-1.33319,-1.4935,-0.656232,-1.32151,-1.4935,-0.647752,-1.3062,-1.51253
0.0864564,-0.906292,-2.0001,-36.4539,838887680,-0.527923,-1.18026,-1.3548,-0.535004,-1.19421,-1.3378,-0.55449,-1.18387,-1.3378,-0.54716,-1.17005,-1.3548,-0.603905,-1.32947,-1.51253,-0.611829,-1.34508,-1.4935,-0.633839,-1.3334,-1.4935,-0.625636,-1.31794,-1.51253
0.0391517,-0.906938,-1.98277,-2.5445,838887681,-0.506828,-1.188,-1.3548,-0.513671,-1.20206,-1.3378,-0.533505,-1.1924,-1.3378,-0.52641,-1.17847,-1.3548,-0.580091,-1.33853,-1.51253,-0.587749,-1.35427,-1.4935,-0.610153,-1.34336,-1.4935,-0.602213,-1.32777,-1.51253
0.0612364,-0.906325,-1.96559,-36.5665,838887682,-0.486855,-1.19772,-1.3548,-0.493446,-1.2119,-1.3378,-0.51328,-1.20225,-1.3378,-0.506437,-1.18819,-1.3548,-0.55758,-1.34949,-1.51253,-0.564954,-1.36536,-1.4935,-0.587358,-1.35446,-1.4935,-0.579701,-1.33872,-1.51253
0.064633,-0.906977,-1.94825,18.4907,838887683,-0.465503,-1.20471,-1.3548,-0.471851,-1.219,-1.3378,-0.49201,-1.21005,-1.3378,-0.485406,-1.19587,-1.3548,-0.533464,-1.35771,-1.51253,-0.540568,-1.3737,-1.4935,-0.563338,-1.36359,-1.4935,-0.555948,-1.34773,-1.51253
0.0466294,-0.906369,-1.93107,-42.6494,838887684,-0.445203,-1.21373,-1.3548,-0.451294,-1.22813,-1.3378,-0.471454,-1.21918,-1.3378,-0.465106,-1.20489,-1.3548,-0.510584,-1.36788,-1.51253,-0.5174,-1.38399,-1.4935,-0.54017,-1.37388,-1.4935,-0.533067,-1.35789,-1.51253
0.223226,-0.924021,0.39166,37.3482,838887969,1.18952,0.503474,-1.38705,1.2044,0.508903,-1.37024,1.21196,0.488181,-1.37024,1.19699,0.483016,-1.38705,1.34502,0.560211,-1.54677,1.36167,0.566286,-1.52795,1.37021,0.542879,-1.52795,1.35345,0.537099,-1.54677
0.450506,-0.92339,0.408837,42.921,838887970,1.18191,0.524341,-1.38705,1.19669,0.530034,-1.37024,1.20425,0.509311,-1.37024,1.18937,0.503882,-1.38705,1.33644,0.58373,-1.54677,1.35298,0.590101,-1.52795,1.36152,0.566694,-1.52795,1.34487,0.560619,-1.54677
0.436684,-0.923375,1.73607,-3.81067,838888046,-0.223847,1.27351,-1.38705,-0.225793,1.28923,-1.37024,-0.203857,1.29155,-1.37024,-0.20219,1.2758,-1.38705,-0.244079,1.43782,-1.54677,-0.246258,1.45541,-1.52795,-0.22148,1.45804,-1.52795,-0.219614,1.44041,-1.54677
2.35525,-0.924013,1.75341,-0.279984,838888047,-0.24566,1.26813,-1.38705,-0.247877,1.28381,-1.37024,-0.226035,1.2869,-1.37024,-0.224097,1.27118,-1.38705,-0.268823,1.43203,-1.54677,-0.271303,1.44958,-1.52795,-0.246632,1.45306,-1.52795,-0.244463,1.43547,-1.54677
-0.00850509,-0.923377,1.77059,-2.44839,838888048,-0.267654,1.26502,-1.38705,-0.270149,1.28066,-1.37024,-0.248307,1.28375,-1.37024,-0.246091,1.26807,-1.38705,-0.293613,1.42852,-1.54677,-0.296404,1.44603,-1.52795,-0.271733,1.44951,-1.52795,-0.269253,1.43197,-1.54677
-1.05663e-05,-0.924021,1.78792,-2.93313,838888049,-0.289267,1.25888,-1.38705,-0.292029,1.27448,-1.37024,-0.270309,1.27832,-1.37024,-0.267823,1.26268,-1.38705,-0.318139,1.42187,-1.54677,-0.321231,1.43932,-1.52795,-0.296696,1.44367,-1.52795,-0.293914,1.42616,-1.54677
0.0906285,-0.924068,-2.33184,31.7438,838888173,-0.882581,-0.943007,-1.38705,-0.893965,-0.954019,-1.37024,-0.909302,-0.938164,-1.37024,-0.897723,-0.927354,-1.38705,-1.00155,-1.05809,-1.54677,-1.01429,-1.07041,-1.52795,-1.03162,-1.05251,-1.52795,-1.01866,-1.04041,-1.54677
0.270107,-0.923448,-2.31466,4.05442,838888174,-0.867138,-0.958972,-1.38705,-0.878326,-0.970186,-1.37024,-0.893663,-0.954331,-1.37024,-0.882279,-0.943319,-1.38705,-0.984146,-1.07609,-1.54677,-0.996667,-1.08863,-1.52795,-1.01399,-1.07073,-1.52795,-1.00125,-1.0584,-1.54677
0.626778,-0.924107,-2.29732,1.59064,838888175,-0.849465,-0.972845,-1.38705,-0.860457,-0.984248,-1.37024,-0.876338,-0.968939,-1.37024,-0.865143,-0.957731,-1.38705,-0.964345,-1.09201,-1.54677,-0.976646,-1.10477,-1.52795,-0.994584,-1.08748,-1.52795,-0.982057,-1.07494,-1.54677
0.0165581,-0.923492,-2.28014,-2.42862,838888176,-0.833473,-0.988261,-1.38705,-0.844263,-0.999859,-1.37024,-0.860144,-0.98455,-1.37024,-0.849152,-0.973147,-1.38705,-0.94632,-1.10939,-1.54677,-0.958394,-1.12237,-1.52795,-0.976333,-1.10508,-1.52795,-0.964032,-1.09232,-1.54677
-0.00601235,-0.924132,-2.25889,-2.55155,838888177,-0.811441,-1.00478,-1.38705,-0.822032,-1.01655,-1.37024,-0.838434,-1.0018,-1.37024,-0.827634,-0.990215,-1.38705,-0.922121,-1.12786,-1.54677,-0.933972,-1.14104,-1.52795,-0.952499,-1.12438,-1.52795,-0.940414,-1.11141,-1.54677
-0.00481248,-0.92347,-2.24172,-3.54892,838888178,-0.794925,-1.01963,-1.38705,-0.805306,-1.03159,-1.37024,-0.821708,-1.01684,-1.37024,-0.811118,-1.00507,-1.38705,-0.903505,-1.1446,-1.54677,-0.915122,-1.15799,-1.52795,-0.933649,-1.14133,-1.52795,-0.921798,-1.12815,-1.54677
-0.00556747,-0.924087,-2.22437,-3.04398,838888179,-0.776329,-1.03224,-1.38705,-0.786502,-1.04438,-1.37024,-0.80341,-1.03021,-1.37024,-0.793022,-1.01825,-1.38705,-0.882643,-1.15911,-1.54677,-0.894027,-1.1727,-1.52795,-0.913124,-1.15669,-1.52795,-0.9015,-1.14331,-1.54677
0.0118136,-0.923431,-2.2072,91.3913,838888180,-0.759304,-1.04651,-1.38705,-0.769262,-1.05883,-1.37024,-0.786169,-1.04466,-1.37024,-0.775996,-1.03252,-1.38705,-0.863454,-1.17519,-1.54677,-0.874596,-1.18898,-1.52795,-0.893694,-1.17297,-1.52795,-0.88231,-1.15939,-1.54677
0.0731365,-0.924053,-2.18986,3.95651,838888181,-0.74028,-1.05846,-1.38705,-0.750023,-1.07095,-1.37024,-0.767415,-1.05738,-1.37024,-0.75745,-1.04506,-1.38705,-0.842098,-1.18897,-1.54677,-0.853,-1.20294,-1.52795,-0.872645,-1.18761,-1.52795,-0.861495,-1.17383,-1.54677
0.112271,-0.923402,-2.17268,-11.5622,838888182,-0.722767,-1.07212,-1.38705,-0.732288,-1.08478,-1.37024,-0.74968,-1.07122,-1.37024,-0.739937,-1.05873,-1.38705,-0.822359,-1.20437,-1.54677,-0.833013,-1.21853,-1.52795,-0.852658,-1.20321,-1.52795,-0.841755,-1.18923,-1.54677
0.040949,-0.924029,-2.15534,-2.44741,838888183,-0.703337,-1.08341,-1.38705,-0.712637,-1.09623,-1.37024,-0.730493,-1.08327,-1.37024,-0.720965,-1.07062,-1.38705,-0.800535,-1.21739,-1.54677,-0.810942,-1.23173,-1.52795,-0.83111,-1.2171,-1.52795,-0.820449,-1.20294,-1.54677
0.0512093,-0.923383,-2.13817,-3.39616,838888184,-0.685358,-1.09645,-1.38705,-0.694431,-1.10943,-1.37024,-0.712286,-1.09648,-1.37024,-0.702985,-1.08366,-1.38705,-0.780269,-1.23209,-1.54677,-0.790423,-1.24662,-1.52795,-0.810591,-1.23199,-1.52795,-0.800183,-1.21764,-1.54677
0.0953539,-0.924016,-2.12083,-2.39186,838888185,-0.665545,-1.10705,-1.38705,-0.674392,-1.12018,-1.37024,-0.692689,-1.10786,-1.37024,-0.683609,-1.09488,-1.38705,-0.758004,-1.24434,-1.54677,-0.767905,-1.25904,-1.52795,-0.788571,-1.24512,-1.52795,-0.77841,-1.2306,-1.54677
0.00941453,-0.924068,-1.98277,-3.5778,838888193,-0.506828,-1.188,-1.38705,-0.513759,-1.20224,-1.37024,-0.533593,-1.19259,-1.37024,-0.52641,-1.17847,-1.38705,-0.579264,-1.33683,-1.54677,-0.58702,-1.35277,-1.52795,-0.609423,-1.34186,-1.52795,-0.601385,-1.32607,-1.54677
0.335478,-0.923448,-1.96559,-6.7106,838888194,-0.486855,-1.19772,-1.38705,-0.493534,-1.21208,-1.37024,-0.513368,-1.20243,-1.37024,-0.506437,-1.18819,-1.38705,-0.556752,-1.34779,-1.54677,-0.564225,-1.36386,-1.52795,-0.586629,-1.35296,-1.52795,-0.578873,-1.33702,-1.54677
0.0723776,-0.924107,-1.94825,9.98915,838888195,-0.465503,-1.20471,-1.38705,-0.471932,-1.21918,-1.37024,-0.492092,-1.21023,-1.37024,-0.485406,-1.19587,-1.38705,-0.532697,-1.35598,-1.54677,-0.539891,-1.37218,-1.52795,-0.562662,-1.36207,-1.52795,-0.55518,-1.346,-1.54677
0.00603239,-0.923492,-1.93107,-3.69647,838888196,-0.445203,-1.21373,-1.38705,-0.451376,-1.22832,-1.37024,-0.471535,-1.21936,-1.37024,-0.465106,-1.20489,-1.38705,-0.509816,-1.36615,-1.54677,-0.516723,-1.38247,-1.52795,-0.539494,-1.37236,-1.52795,-0.532299,-1.35616,-1.54677
0.26022,-0.940477,1.73607,-10.6898,838888558,-0.223847,1.27351,-1.41968,-0.225814,1.28943,-1.40306,-0.203878,1.29175,-1.40306,-0.20219,1.2758,-1.41968,-0.243878,1.43592,-1.58135,-0.246079,1.45373,-1.56275,-0.221302,1.45635,-1.56275,-0.219413,1.43851,-1.58135
0.238933,-0.941121,1.75341,-3.44796,838888559,-0.24566,1.26813,-1.41968,-0.247905,1.28401,-1.40306,-0.226063,1.2871,-1.40306,-0.224097,1.27118,-1.41968,-0.268555,1.43013,-1.58135,-0.271066,1.4479,-1.56275,-0.246395,1.45139,-1.56275,-0.244195,1.43357,-1.58135
0.175011,-0.940479,1.77058,38.0086,838888560,-0.267654,1.26502,-1.41968,-0.270177,1.28086,-1.40306,-0.248335,1.28395,-1.40306,-0.246091,1.26807,-1.41968,-0.293345,1.42663,-1.58135,-0.296167,1.44435,-1.56275,-0.271496,1.44784,-1.56275,-0.268985,1.43007,-1.58135
0.056551,-0.941129,1.78792,-2.17101,838888561,-0.289267,1.25888,-1.41968,-0.292064,1.27467,-1.40306,-0.270343,1.27852,-1.40306,-0.267823,1.26268,-1.41968,-0.317805,1.41998,-1.58135,-0.320935,1.43765,-1.56275,-0.296401,1.442,-1.56275,-0.29358,1.42427,-1.58135
0.102329,-0.941177,-2.33184,-0.77508,838888685,-0.882581,-0.943007,-1.41968,-0.894108,-0.954157,-1.40306,-0.909445,-0.938302,-1.40306,-0.897722,-0.927354,-1.41968,-1.00018,-1.05676,-1.58135,-1.01308,-1.06924,-1.56275,-1.0304,-1.05133,-1.56275,-1.01728,-1.03908,-1.58135
0.056116,-0.94055,-2.31466,-30.3584,838888686,-0.867138,-0.958972,-1.41968,-0.87847,-0.970324,-1.40306,-0.893806,-0.954469,-1.40306,-0.882279,-0.943319,-1.41968,-0.98277,-1.07475,-1.58135,-0.99545,-1.08746,-1.56275,-1.01277,-1.06955,-1.56275,-0.999874,-1.05707,-1.58135
-0.0166624,-0.941216,-2.29732,-2.22376,838888687,-0.849465,-0.972845,-1.41968,-0.860595,-0.984392,-1.40306,-0.876476,-0.969082,-1.40306,-0.865143,-0.957731,-1.41968,-0.963015,-1.09064,-1.58135,-0.975471,-1.10356,-1.56275,-0.993409,-1.08626,-1.56275,-0.980727,-1.07356,-1.58135
0.042122,-0.940595,-2.28014,-2.1491,838888688,-0.833473,-0.988261,-1.41968,-0.844401,-1,-1.40306,-0.860282,-0.984693,-1.40306,-0.849152,-0.973147,-1.41968,-0.944991,-1.10801,-1.58135,-0.95722,-1.12115,-1.56275,-0.975158,-1.10386,-1.56275,-0.962702,-1.09094,-1.58135
0.0143242,-0.941242,-2.2589,-3.36025,838888689,-0.811441,-1.00478,-1.41968,-0.822165,-1.0167,-1.40306,-0.838567,-1.00195,-1.40306,-0.827634,-0.990215,-1.41968,-0.920841,-1.12643,-1.58135,-0.932841,-1.13978,-1.56275,-0.951368,-1.12312,-1.56275,-0.939134,-1.10998,-1.58135
-0.0349023,-0.940573,-2.24172,-2.83434,838888690,-0.794925,-1.01963,-1.41968,-0.80544,-1.03174,-1.40306,-0.821842,-1.01699,-1.40306,-0.811118,-1.00507,-1.41968,-0.902224,-1.14317,-1.58135,-0.913991,-1.15673,-1.56275,-0.932518,-1.14007,-1.56275,-0.920517,-1.12672,-1.58135
0.0340333,-0.941196,-2.22438,-3.01448,838888691,-0.776329,-1.03224,-1.41968,-0.78663,-1.04453,-1.40306,-0.803538,-1.03036,-1.40306,-0.793021,-1.01825,-1.41968,-0.881413,-1.15764,-1.58135,-0.89294,-1.1714,-1.56275,-0.912038,-1.1554,-1.56275,-0.90027,-1.14184,-1.58135
0.00497571,-0.940533,-2.2072,-3.04489,838888692,-0.759304,-1.04651,-1.41968,-0.76939,-1.05898,-1.40306,-0.786297,-1.04481,-1.40306,-0.775996,-1.03252,-1.41968,-0.862224,-1.17372,-1.58135,-0.873509,-1.18768,-1.56275,-0.892607,-1.17168,-1.56275,-0.88108,-1.15792,-1.58135
-0.00460392,-0.941162,-2.18986,-3.00963,838888693,-0.74028,-1.05846,-1.41968,-0.750145,-1.07111,-1.40306,-0.767537,-1.05754,-1.40306,-0.75745,-1.04506,-1.41968,-0.84092,-1.18746,-1.58135,-0.851959,-1.20161,-1.56275,-0.871604,-1.18628,-1.56275,-0.860317,-1.17232,-1.58135
-0.0193096,-0.940503,-2.17269,-3.91358,838888694,-0.722767,-1.07212,-1.41968,-0.732411,-1.08494,-1.40306,-0.749803,-1.07137,-1.40306,-0.739937,-1.05873,-1.41968,-0.82118,-1.20286,-1.58135,-0.831972,-1.2172,-1.56275,-0.851617,-1.20187,-1.56275,-0.840577,-1.18772,-1.58135
0.638905,-0.941138,-2.15535,-0.138749,838888695,-0.703337,-1.08341,-1.41968,-0.712755,-1.09639,-1.40306,-0.73061,-1.08343,-1.40306,-0.720965,-1.07062,-1.41968,-0.79941,-1.21584,-1.58135,-0.809949,-1.23036,-1.56275,-0.830117,-1.21573,-1.56275,-0.819324,-1.20139,-1.58135
-0.0557134,-0.940485,-2.13817,-2.6547,838888696,-0.685357,-1.09645,-1.41968,-0.694548,-1.1096,-1.40306,-0.712403,-1.09664,-1.40306,-0.702985,-1.08366,-1.41968,-0.779145,-1.23054,-1.58135,-0.789429,-1.24525,-1.56275,-0.809597,-1.23062,-1.56275,-0.799058,-1.21609,-1.58135
0.0153126,-0.941124,-2.12083,-2.32907,838888697,-0.665545,-1.10705,-1.41968,-0.674504,-1.12035,-1.40306,-0.6928,-1.10803,-1.40306,-0.683609,-1.09488,-1.41968,-0.756935,-1.24275,-1.58135,-0.766959,-1.25764,-1.56275,-0.787626,-1.24372,-1.56275,-0.777341,-1.22901,-1.58135
0.0205928,-0.941177,-1.98277,-2.82641,838888705,-0.506828,-1.188,-1.41968,-0.513846,-1.20242,-1.40306,-0.533681,-1.19276,-1.40306,-0.52641,-1.17847,-1.41968,-0.578426,-1.33511,-1.58135,-0.586279,-1.35125,-1.56275,-0.608683,-1.34034,-1.56275,-0.600547,-1.32434,-1.58135
0.351135,-0.94055,-1.9656,-4.63556,838888706,-0.486855,-1.19772,-1.41968,-0.493621,-1.21226,-1.40306,-0.513455,-1.20261,-1.40306,-0.506437,-1.18819,-1.41968,-0.555914,-1.34607,-1.58135,-0.563485,-1.36234,-1.56275,-0.585888,-1.35144,-1.56275,-0.578035,-1.3353,-1.58135
0.775304,-0.941216,-1.94826,-3.15315,838888707,-0.465503,-1.20471,-1.41968,-0.472013,-1.21937,-1.40306,-0.492173,-1.21041,-1.40306,-0.485406,-1.19587,-1.41968,-0.531919,-1.35423,-1.58135,-0.539204,-1.37063,-1.56275,-0.561975,-1.36052,-1.56275,-0.554403,-1.34425,-1.58135
0.281291,-0.940595,-1.93108,-9.65684,838888708,-0.445203,-1.21373,-1.41968,-0.451457,-1.2285,-1.40306,-0.471616,-1.21954,-1.40306,-0.465106,-1.20489,-1.41968,-0.509038,-1.3644,-1.58135,-0.516036,-1.38093,-1.56275,-0.538807,-1.37081,-1.56275,-0.531522,-1.35441,-1.58135
0.157824,-0.95756,0.3398,50.2871,838888990,1.21529,0.441589,-1.45268,1.23082,0.446346,-1.43625,1.23691,0.425146,-1.43625,1.22131,0.420659,-1.45268,1.36989,0.488981,-1.6163,1.38726,0.494304,-1.59791,1.39415,0.470358,-1.59791,1.37669,0.465337,-1.6163
0.203896,-0.958212,0.35714,46.3205,838888991,1.2062,0.462137,-1.45268,1.22164,0.467165,-1.43625,1.22847,0.446191,-1.43625,1.21295,0.44143,-1.45268,1.35993,0.512214,-1.6163,1.3772,0.517841,-1.59791,1.38492,0.49415,-1.59791,1.36755,0.488822,-1.6163
0.0622646,-0.958212,1.7534,-11.7508,838889071,-0.24566,1.26813,-1.45268,-0.247932,1.2842,-1.43625,-0.22609,1.28729,-1.43625,-0.224097,1.27118,-1.45268,-0.268284,1.42821,-1.6163,-0.270826,1.4462,-1.59791,-0.246155,1.44969,-1.59791,-0.243924,1.43165,-1.6163
0.0604352,-0.957563,1.77058,58.0794,838889072,-0.267654,1.26502,-1.45268,-0.270204,1.28106,-1.43625,-0.248363,1.28414,-1.43625,-0.246091,1.26807,-1.45268,-0.293074,1.42471,-1.6163,-0.295927,1.44265,-1.59791,-0.271256,1.44614,-1.59791,-0.268714,1.42815,-1.6163
0.0104942,-0.95822,1.78792,54.8777,838889073,-0.289267,1.25888,-1.45268,-0.292098,1.27487,-1.43625,-0.270378,1.27871,-1.43625,-0.267823,1.26268,-1.45268,-0.317467,1.41807,-1.6163,-0.320636,1.43596,-1.59791,-0.296102,1.44031,-1.59791,-0.293242,1.42236,-1.6163
0.0980067,-0.958239,1.82243,-51.6819,838889075,-0.332523,1.24811,-1.45268,-0.335911,1.26399,-1.43625,-0.314339,1.26859,-1.43625,-0.311225,1.25266,-1.45268,-0.366266,1.40622,-1.6163,-0.370058,1.42399,-1.59791,-0.34569,1.42919,-1.59791,-0.342206,1.41136,-1.6163
0.418394,-0.958268,-2.33184,-5.97813,838889197,-0.882581,-0.943007,-1.45268,-0.89425,-0.954294,-1.43625,-0.909587,-0.938439,-1.43625,-0.897723,-0.927354,-1.45268,-0.998783,-1.05541,-1.6163,-1.01184,-1.06804,-1.59791,-1.02916,-1.05013,-1.59791,-1.01589,-1.03773,-1.6163
0.062724,-0.957635,-2.31467,45.9393,838889198,-0.867138,-0.958972,-1.45268,-0.878611,-0.970461,-1.43625,-0.893948,-0.954606,-1.43625,-0.882279,-0.943319,-1.45268,-0.981376,-1.07341,-1.6163,-0.994216,-1.08626,-1.59791,-1.01154,-1.06836,-1.59791,-0.998481,-1.05572,-1.6163
0.0250724,-0.958308,-2.29733,-3.40848,838889199,-0.849465,-0.972845,-1.45268,-0.860732,-0.984533,-1.43625,-0.876613,-0.969224,-1.43625,-0.865143,-0.957731,-1.45268,-0.96167,-1.08924,-1.6163,-0.974279,-1.10232,-1.59791,-0.992217,-1.08503,-1.59791,-0.979382,-1.07217,-1.6163
-0.0913209,-0.95768,-2.28015,-4.38027,838889200,-0.833473,-0.988261,-1.45268,-0.844538,-1.00014,-1.43625,-0.860419,-0.984835,-1.43625,-0.849152,-0.973147,-1.45268,-0.943645,-1.10662,-1.6163,-0.956027,-1.11991,-1.59791,-0.973966,-1.10262,-1.59791,-0.961357,-1.08954,-1.6163
0.0525619,-0.958333,-2.2589,-4.39981,838889201,-0.811441,-1.00478,-1.45268,-0.822297,-1.01685,-1.43625,-0.838699,-1.0021,-1.43625,-0.827634,-0.990215,-1.45268,-0.919544,-1.12499,-1.6163,-0.931692,-1.1385,-1.59791,-0.950219,-1.12184,-1.59791,-0.937838,-1.10854,-1.6163
-0.125791,-0.958253,-2.18986,-4.57656,838889205,-0.74028,-1.05846,-1.45268,-0.750266,-1.07126,-1.43625,-0.767658,-1.05769,-1.43625,-0.75745,-1.04506,-1.45268,-0.839728,-1.18593,-1.6163,-0.850903,-1.20025,-1.59791,-0.870547,-1.18493,-1.59791,-0.859125,-1.1708,-1.6163
-0.000180613,-0.957588,-2.17269,-4.67707,838889206,-0.722767,-1.07212,-1.45268,-0.732532,-1.0851,-1.43625,-0.749924,-1.07153,-1.43625,-0.739937,-1.05873,-1.45268,-0.819988,-1.20133,-1.6163,-0.830915,-1.21585,-1.59791,-0.85056,-1.20052,-1.59791,-0.839385,-1.1862,-1.6163
0.0191538,-0.958229,-2.15535,-3.48229,838889207,-0.703337,-1.08341,-1.45268,-0.71287,-1.09655,-1.43625,-0.730725,-1.08359,-1.43625,-0.720965,-1.07062,-1.45268,-0.798272,-1.21427,-1.6163,-0.80894,-1.22897,-1.59791,-0.829108,-1.21434,-1.59791,-0.818186,-1.19982,-1.6163
0.19423,-0.957569,-2.13818,12.9269,838889208,-0.685358,-1.09645,-1.45268,-0.694663,-1.10975,-1.43625,-0.712518,-1.0968,-1.43625,-0.702985,-1.08366,-1.45268,-0.778007,-1.22897,-1.6163,-0.78842,-1.24386,-1.59791,-0.808588,-1.22923,-1.59791,-0.79792,-1.21452,-1.6163
0.130513,-0.958215,-2.12084,22.7444,838889209,-0.665545,-1.10705,-1.45268,-0.674614,-1.12051,-1.43625,-0.69291,-1.10819,-1.43625,-0.683609,-1.09488,-1.45268,-0.755852,-1.24114,-1.6163,-0.766,-1.25621,-1.59791,-0.786666,-1.2423,-1.59791,-0.776258,-1.2274,-1.6163
0.0598245,-0.958268,-1.98278,-13.6949,838889217,-0.506828,-1.188,-1.45268,-0.513932,-1.20259,-1.43625,-0.533767,-1.19294,-1.43625,-0.52641,-1.17847,-1.45268,-0.577577,-1.33337,-1.6163,-0.585527,-1.3497,-1.59791,-0.607931,-1.3388,-1.59791,-0.599698,-1.3226,-1.6163
0.000348741,-0.957635,-1.9656,-4.38471,838889218,-0.486855,-1.19772,-1.45268,-0.493707,-1.21244,-1.43625,-0.513541,-1.20278,-1.43625,-0.506437,-1.18819,-1.45268,-0.555065,-1.34432,-1.6163,-0.562733,-1.3608,-1.59791,-0.585137,-1.34989,-1.59791,-0.577187,-1.33356,-1.6163
0.0422801,-0.958308,-1.94826,-4.35419,838889219,-0.465503,-1.20471,-1.45268,-0.472093,-1.21955,-1.43625,-0.492253,-1.21059,-1.43625,-0.485406,-1.19587,-1.45268,-0.531132,-1.35246,-1.6163,-0.538507,-1.36906,-1.59791,-0.561278,-1.35895,-1.59791,-0.553616,-1.34247,-1.6163
0.00742153,-0.95768,-1.93108,-4.49575,838889220,-0.445203,-1.21373,-1.45268,-0.451537,-1.22868,-1.43625,-0.471696,-1.21972,-1.43625,-0.465106,-1.20489,-1.45268,-0.508251,-1.36263,-1.6163,-0.515339,-1.37936,-1.59791,-0.53811,-1.36924,-1.59791,-0.530735,-1.35264,-1.6163
0.322394,-0.975349,-0.0264493,48.4202,838889481,1.2915,-0.0228575,-1.48631,1.308,-0.0239986,-1.46997,1.30647,-0.0460224,-1.46997,1.29,-0.0445834,-1.48631,1.45096,-0.0338889,-1.65172,1.46928,-0.0351564,-1.63357,1.46757,-0.0598671,-1.63357,1.44927,-0.0582687,-1.65172
0.270303,-0.97469,0.374311,50.4218,838889504,1.19932,0.483258,-1.48631,1.21495,0.488663,-1.46997,1.22179,0.467672,-1.46997,1.20607,0.462551,-1.48631,1.35047,0.535295,-1.65172,1.36783,0.541299,-1.63357,1.37551,0.517748,-1.63357,1.35804,0.512059,-1.65172
0.156324,-0.975363,-2.15536,6.44433,838889719,-0.703338,-1.0834,-1.48631,-0.713047,-1.09679,-1.46997,-0.730917,-1.08383,-1.46997,-0.720966,-1.07062,-1.48631,-0.797194,-1.21278,-1.65172,-0.807979,-1.22765,-1.63357,-0.828028,-1.2131,-1.63357,-0.816975,-1.19843,-1.65172
0.383597,-0.974696,-2.13818,0.317471,838889720,-0.685357,-1.09645,-1.48631,-0.694824,-1.11001,-1.46997,-0.712693,-1.09705,-1.46997,-0.702984,-1.08366,-1.48631,-0.777059,-1.22739,-1.65172,-0.787575,-1.24245,-1.63357,-0.807625,-1.2279,-1.63357,-0.79684,-1.21304,-1.65172
0.108738,-0.975349,-2.12084,14.6218,838889721,-0.665546,-1.10704,-1.48631,-0.674782,-1.12076,-1.46997,-0.693093,-1.10843,-1.46997,-0.68361,-1.09488,-1.48631,-0.754826,-1.23962,-1.65172,-0.765085,-1.25485,-1.63357,-0.785631,-1.24102,-1.63357,-0.775096,-1.22597,-1.65172
0.283423,-0.975403,-1.98279,-7.88585,838889729,-0.506829,-1.188,-1.48631,-0.514064,-1.20286,-1.46997,-0.533915,-1.1932,-1.46997,-0.526411,-1.17847,-1.48631,-0.576774,-1.33171,-1.65172,-0.584811,-1.34823,-1.63357,-0.607083,-1.33739,-1.63357,-0.598748,-1.32102,-1.65172
0.251719,-0.974763,-1.9656,1.206,838889730,-0.486854,-1.19772,-1.48631,-0.493821,-1.21272,-1.46997,-0.513672,-1.20305,-1.46997,-0.506436,-1.18819,-1.48631,-0.554407,-1.3426,-1.65172,-0.562146,-1.35926,-1.63357,-0.584419,-1.34842,-1.63357,-0.576381,-1.3319,-1.65172
0.243564,-0.991841,0.374307,39.8325,838890016,1.19932,0.483258,-1.52031,1.21513,0.488719,-1.50416,1.22196,0.467729,-1.50416,1.20607,0.462551,-1.52031,1.34871,0.53472,-1.68749,1.36626,0.540787,-1.66955,1.37393,0.517235,-1.66955,1.35628,0.511484,-1.68749
0.145322,-1.0432,-0.254806,-12.161,838891876,1.25401,-0.314951,-1.62476,1.27051,-0.319983,-1.60917,1.2637,-0.340985,-1.60917,1.24729,-0.335668,-1.62476,1.3997,-0.359362,-1.79714,1.41803,-0.364952,-1.77982,1.41039,-0.388515,-1.77982,1.39217,-0.38261,-1.79714
-0.0199052,-1.06033,-0.427384,-4.74876,838892378,1.18134,-0.525612,-1.66072,1.197,-0.533564,-1.64521,1.18664,-0.553078,-1.64521,1.17113,-0.544848,-1.66072,1.31543,-0.593961,-1.83468,1.33269,-0.602729,-1.81758,1.32115,-0.62448,-1.81758,1.30405,-0.615405,-1.83468
-0.024628,-1.061,-0.41005,-4.44147,838892379,1.18908,-0.504522,-1.66072,1.20486,-0.512206,-1.64521,1.19519,-0.53207,-1.64521,1.17955,-0.524103,-1.66072,1.32438,-0.570393,-1.83468,1.34178,-0.578866,-1.81758,1.331,-0.601007,-1.81758,1.31375,-0.592222,-1.83468
0.103986,-1.06031,-0.392869,-16.4712,838892380,1.1988,-0.484547,-1.66072,1.21472,-0.491947,-1.64521,1.20505,-0.511811,-1.64521,1.18927,-0.504128,-1.66072,1.3352,-0.54817,-1.83468,1.35275,-0.556331,-1.81758,1.34197,-0.578471,-1.81758,1.32457,-0.569999,-1.83468
0.194237,-1.06099,-0.375536,-26.9953,838892381,1.2058,-0.4632,-1.66072,1.22184,-0.470327,-1.64521,1.21287,-0.490517,-1.64521,1.19695,-0.483101,-1.66072,1.34332,-0.524305,-1.83468,1.361,-0.532165,-1.81758,1.351,-0.554668,-1.81758,1.33346,-0.546491,-1.83468
-0.0505521,-1.0603,-0.358354,-3.63993,838892382,1.21482,-0.442897,-1.66072,1.23099,-0.449737,-1.64521,1.22202,-0.469926,-1.64521,1.20597,-0.462799,-1.66072,1.35335,-0.501718,-1.83468,1.37118,-0.50926,-1.81758,1.36118,-0.531764,-1.81758,1.34349,-0.523904,-1.83468
-0.0247592,-1.06099,-0.341022,-3.85461,838892383,1.22106,-0.421318,-1.66072,1.23734,-0.427881,-1.64521,1.22908,-0.448372,-1.64521,1.21292,-0.441517,-1.66072,1.36063,-0.477584,-1.83468,1.37858,-0.484821,-1.81758,1.36938,-0.50766,-1.81758,1.35155,-0.5001,-1.83468
0.0259629,-1.0775,-0.427388,-45.2551,838892890,1.18134,-0.525612,-1.6971,1.19714,-0.533639,-1.68178,1.18678,-0.553153,-1.68178,1.17113,-0.544848,-1.6971,1.31383,-0.593107,-1.87262,1.33124,-0.601958,-1.85572,1.3197,-0.623709,-1.85572,1.30244,-0.61455,-1.87262
0.193253,-1.07818,-0.410053,3.79453,838892891,1.18908,-0.504522,-1.6971,1.205,-0.512276,-1.68178,1.19533,-0.53214,-1.68178,1.17955,-0.524103,-1.6971,1.32274,-0.569596,-1.87262,1.3403,-0.578146,-1.85572,1.32952,-0.600287,-1.85572,1.31211,-0.591424,-1.87262
0.296873,-1.07748,-0.392872,3.50503,838892892,1.1988,-0.484547,-1.6971,1.21487,-0.492017,-1.68178,1.2052,-0.511881,-1.68178,1.18927,-0.504128,-1.6971,1.33356,-0.547373,-1.87262,1.35128,-0.555611,-1.85572,1.3405,-0.577751,-1.85572,1.32293,-0.569201,-1.87262
0.293723,-1.07817,-0.375538,-10.0608,838892893,1.2058,-0.4632,-1.6971,1.22198,-0.470392,-1.68178,1.21301,-0.490582,-1.68178,1.19695,-0.483101,-1.6971,1.34165,-0.523565,-1.87262,1.3595,-0.531497,-1.85572,1.3495,-0.554001,-1.85572,1.33179,-0.545752,-1.87262
-0.0222939,-1.07747,-0.358358,-3.06806,838892894,1.21482,-0.442897,-1.6971,1.23113,-0.449802,-1.68178,1.22216,-0.469991,-1.68178,1.20597,-0.462799,-1.6971,1.35169,-0.500978,-1.87262,1.36968,-0.508592,-1.85572,1.35968,-0.531096,-1.85572,1.34183,-0.523164,-1.87262
-0.0760567,-1.07816,-0.341024,-1.99325,838892895,1.22106,-0.421318,-1.6971,1.23749,-0.427941,-1.68178,1.22923,-0.448432,-1.68178,1.21292,-0.441517,-1.6971,1.35894,-0.476903,-1.87262,1.37706,-0.484206,-1.85572,1.36785,-0.507045,-1.85572,1.34986,-0.499419,-1.87262
0.82514,-1.07755,-0.220296,1.47608,838892902,1.26406,-0.271475,-1.6971,1.28118,-0.27604,-1.68178,1.27511,-0.297283,-1.68178,1.25808,-0.292414,-1.6971,1.40769,-0.309928,-1.87262,1.42656,-0.314962,-1.85572,1.4198,-0.338639,-1.85572,1.40102,-0.33327,-1.87262
0.226351,-1.09462,-2.06918,46.1513,838893308,-0.608103,-1.14111,-1.73393,-0.617295,-1.15644,-1.71879,-0.636039,-1.14475,-1.71879,-0.62658,-1.12958,-1.73393,-0.683691,-1.267,-1.91098,-0.693827,-1.28391,-1.89429,-0.714721,-1.27088,-1.89429,-0.70429,-1.25416,-1.91098
0.134796,-1.09464,-0.427391,-2.04623,838893402,1.18134,-0.525612,-1.73393,1.19728,-0.533714,-1.71879,1.18692,-0.553228,-1.71879,1.17113,-0.544848,-1.73393,1.3122,-0.592245,-1.91098,1.32977,-0.601178,-1.89429,1.31823,-0.622929,-1.89429,1.30082,-0.613689,-1.91098
0.174253,-1.09533,-0.410056,3.67362,838893403,1.18908,-0.504522,-1.73393,1.20515,-0.512346,-1.71879,1.19548,-0.532209,-1.71879,1.17955,-0.524103,-1.73393,1.32109,-0.568791,-1.91098,1.33881,-0.577418,-1.89429,1.32803,-0.599559,-1.89429,1.31046,-0.59062,-1.91098
1.10151,-1.09462,-0.392876,0.535769,838893404,1.1988,-0.484547,-1.73393,1.21501,-0.492087,-1.71879,1.20534,-0.511951,-1.71879,1.18927,-0.504128,-1.73393,1.33191,-0.546568,-1.91098,1.34978,-0.554883,-1.89429,1.339,-0.577024,-1.89429,1.32128,-0.568397,-1.91098
5.7172,-1.09532,-0.375541,0.925366,838893405,1.2058,-0.4632,-1.73393,1.22213,-0.470457,-1.71879,1.21316,-0.490647,-1.71879,1.19695,-0.483101,-1.73393,1.33997,-0.522819,-1.91098,1.35798,-0.530822,-1.89429,1.34798,-0.553325,-1.89429,1.33011,-0.545005,-1.91098
0.196201,-1.09462,-0.358361,10.1487,838893406,1.21482,-0.442897,-1.73393,1.23128,-0.449866,-1.71879,1.22231,-0.470056,-1.71879,1.20598,-0.462798,-1.73393,1.35001,-0.500232,-1.91098,1.36816,-0.507917,-1.89429,1.35816,-0.530421,-1.89429,1.34015,-0.522418,-1.91098
0.0864415,-1.09532,-0.341027,-23.0492,838893407,1.22106,-0.421318,-1.73393,1.23764,-0.428001,-1.71879,1.22938,-0.448491,-1.71879,1.21292,-0.441517,-1.73393,1.35724,-0.476215,-1.91098,1.37552,-0.483584,-1.89429,1.36631,-0.506423,-1.89429,1.34816,-0.498732,-1.91098
0.0586185,-1.11177,-0.427395,-2.64539,838893914,1.18134,-0.525612,-1.77121,1.19742,-0.533787,-1.75626,1.18706,-0.553301,-1.75626,1.17113,-0.544848,-1.77121,1.31056,-0.591376,-1.94979,1.32829,-0.60039,-1.9333,1.31674,-0.622141,-1.9333,1.29918,-0.612819,-1.94979
0.0939186,-1.11246,-0.410058,-10.0089,838893915,1.18908,-0.504522,-1.77121,1.20529,-0.512414,-1.75626,1.19562,-0.532278,-1.75626,1.17955,-0.524103,-1.77121,1.31942,-0.56798,-1.94979,1.3373,-0.576683,-1.9333,1.32652,-0.598823,-1.9333,1.3088,-0.589808,-1.94979
0.429606,-1.11175,-0.39288,-6.06224,838893916,1.1988,-0.484547,-1.77121,1.21515,-0.492156,-1.75626,1.20548,-0.512019,-1.75626,1.18927,-0.504128,-1.77121,1.33024,-0.545757,-1.94979,1.34827,-0.554147,-1.9333,1.33749,-0.576288,-1.9333,1.31961,-0.567585,-1.94979
0.169365,-1.11245,-0.375544,-30.2409,838893917,1.2058,-0.4632,-1.77121,1.22227,-0.470521,-1.75626,1.2133,-0.49071,-1.75626,1.19695,-0.483101,-1.77121,1.33828,-0.522066,-1.94979,1.35645,-0.530139,-1.9333,1.34645,-0.552643,-1.9333,1.32842,-0.544252,-1.94979
0.0466894,-1.11174,-0.358365,-2.39568,838893918,1.21482,-0.442897,-1.77121,1.23142,-0.44993,-1.75626,1.22245,-0.470119,-1.75626,1.20597,-0.462799,-1.77121,1.34831,-0.499479,-1.94979,1.36662,-0.507235,-1.9333,1.35662,-0.529738,-1.9333,1.33846,-0.521665,-1.94979
0.0661076,-1.11244,-0.341029,-31.4656,838893919,1.22106,-0.421318,-1.77121,1.23778,-0.428059,-1.75626,1.22952,-0.44855,-1.75626,1.21292,-0.441517,-1.77121,1.35552,-0.475522,-1.94979,1.37396,-0.482956,-1.9333,1.36475,-0.505795,-1.9333,1.34644,-0.498039,-1.94979
0.166102,-1.12955,1.4043,55.7314,838894171,0.202883,1.27567,-1.80898,0.20665,1.29346,-1.79421,0.228263,1.28888,-1.79421,0.224188,1.27116,-1.80898,0.232528,1.41567,-1.98905,0.236682,1.43529,-1.97277,0.260773,1.43018,-1.97277,0.256279,1.41064,-1.98905
-0.0923698,-1.12887,-0.427399,-1.98726,838894426,1.18134,-0.525612,-1.80898,1.19755,-0.53386,-1.79421,1.18719,-0.553374,-1.79421,1.17113,-0.544848,-1.80898,1.30891,-0.590499,-1.98905,1.32679,-0.599594,-1.97277,1.31524,-0.621344,-1.97277,1.29753,-0.611943,-1.98905
-0.0357225,-1.12957,-0.410061,-1.73058,838894427,1.18908,-0.504522,-1.80898,1.20543,-0.512482,-1.79421,1.19576,-0.532346,-1.79421,1.17955,-0.524103,-1.80898,1.31774,-0.567162,-1.98905,1.33577,-0.575939,-1.97277,1.32499,-0.59808,-1.97277,1.30711,-0.58899,-1.98905
-0.000128301,-1.12885,-0.392883,-2.03069,838894428,1.1988,-0.484547,-1.80898,1.21529,-0.492223,-1.79421,1.20562,-0.512087,-1.79421,1.18927,-0.504128,-1.80898,1.32856,-0.544939,-1.98905,1.34674,-0.553404,-1.97277,1.33596,-0.575544,-1.97277,1.31793,-0.566767,-1.98905
-0.0211337,-1.12956,-0.375546,-1.69881,838894429,1.2058,-0.4632,-1.80898,1.22241,-0.470584,-1.79421,1.21344,-0.490773,-1.79421,1.19695,-0.483101,-1.80898,1.33657,-0.521307,-1.98905,1.35489,-0.52945,-1.97277,1.34489,-0.551953,-1.97277,1.32671,-0.543493,-1.98905
0.094261,-1.12884,-0.358369,1.59312,838894430,1.21482,-0.442897,-1.80898,1.23156,-0.449993,-1.79421,1.22259,-0.470182,-1.79421,1.20597,-0.462799,-1.80898,1.34661,-0.49872,-1.98905,1.36507,-0.506545,-1.97277,1.35507,-0.529048,-1.97277,1.33675,-0.520906,-1.98905
-0.0500128,-1.12955,-0.341032,-2.33676,838894431,1.22106,-0.421318,-1.80898,1.23793,-0.428117,-1.79421,1.22967,-0.448608,-1.79421,1.21292,-0.441517,-1.80898,1.35378,-0.474823,-1.98905,1.37238,-0.48232,-1.97277,1.36317,-0.50516,-1.97277,1.34471,-0.49734,-1.98905
-0.0123112,-1.15199,-0.444586,89.5565,838894937,1.17093,-0.545237,-1.8594,1.18729,-0.553922,-1.84468,1.17692,-0.57345,-1.84468,1.16072,-0.564472,-1.8594,1.29577,-0.611506,-2.04086,1.31368,-0.621016,-2.02474,1.30221,-0.642642,-2.02474,1.28446,-0.632812,-2.04086
0.0399371,-1.18551,-0.358379,53.6177,838895966,1.21482,-0.442896,-1.93814,1.23214,-0.450231,-1.92378,1.22316,-0.470435,-1.92378,1.20598,-0.462798,-1.93814,1.34168,-0.4967,-2.12232,1.36065,-0.504732,-2.1066,1.3507,-0.527107,-2.1066,1.33188,-0.518744,-2.12232
0.209917,-1.20263,-2.73281,53.5195,838896342,-1.18191,-0.524344,-1.97827,-1.19959,-0.531149,-1.9641,-1.20717,-0.51038,-1.9641,-1.18937,-0.503885,-1.97827,-1.30885,-0.573154,-2.16379,-1.32821,-0.580606,-2.14826,-1.3366,-0.557605,-2.14826,-1.31711,-0.550494,-2.16379
0.343579,-1.22044,-1.0737,-48.3882,838896949,0.625954,-1.1299,-2.01894,0.634332,-1.14705,-2.00495,0.614469,-1.15676,-2.00495,0.606387,-1.13946,-2.01894,0.684857,-1.25045,-2.20576,0.694032,-1.26922,-2.19045,0.672034,-1.27997,-2.19045,0.663185,-1.26104,-2.20576
0.400998,-1.21971,-0.3929,-49.6105,838896988,1.1988,-0.484546,-2.01894,1.21611,-0.492602,-2.00495,1.20643,-0.51248,-2.00495,1.18927,-0.504127,-2.01894,1.32046,-0.541167,-2.20576,1.33941,-0.549988,-2.19045,1.32869,-0.572002,-2.19045,1.3099,-0.562855,-2.20576
0.160687,-1.2541,-2.59085,51.277,838897886,-1.09572,-0.686262,-2.10248,-1.11275,-0.695722,-2.08876,-1.12315,-0.676196,-2.08876,-1.10595,-0.66704,-2.10248,-1.2101,-0.749661,-2.29171,-1.22863,-0.75995,-2.27678,-1.24007,-0.738461,-2.27678,-1.22137,-0.728502,-2.29171
0.43875,-1.32333,-2.57353,-50.3887,838899935,-1.08256,-0.704464,-2.27679,-1.09998,-0.714536,-2.26367,-1.11106,-0.695375,-2.26367,-1.09346,-0.685611,-2.27679,-1.18987,-0.766512,-2.47054,-1.20869,-0.777397,-2.45637,-1.22081,-0.756435,-2.45637,-1.2018,-0.745884,-2.47054
0.178037,-1.39177,2.17141,44.1656,838901895,-0.739345,1.05912,-2.46154,-0.750249,1.07653,-2.44911,-0.731488,1.08828,-2.44911,-0.720885,1.07067,-2.46154,-0.80163,1.15861,-2.65934,-0.813415,1.17744,-2.64591,-0.792891,1.19028,-2.64591,-0.781433,1.17126,-2.65934
0.218259,-1.40891,2.1714,49.1629,838902407,-0.739344,1.05912,-2.5098,-0.750405,1.07679,-2.49743,-0.731634,1.08854,-2.49743,-0.720885,1.07067,-2.5098,-0.800813,1.15731,-2.7085,-0.812693,1.17628,-2.69522,-0.792275,1.18907,-2.69522,-0.78073,1.16988,-2.7085
0.249861,-1.42532,3.06321,43.3041,838902970,-1.28987,0.0898666,-2.55868,-1.31066,0.0924023,-2.54647,-1.30759,0.114335,-2.54647,-1.28685,0.111435,-2.55868,-1.40333,0.103799,-2.75827,-1.42566,0.106522,-2.74516,-1.42233,0.130379,-2.74516,-1.40005,0.127264,-2.75827
0.194604,-1.46036,0.986141,51.6651,838903875,0.703342,1.0834,-2.65843,0.715749,1.1005,-2.64655,0.733675,1.0875,-2.64655,0.72097,1.07061,-2.65843,0.768632,1.1734,-2.85978,0.781957,1.19177,-2.84702,0.801455,1.17762,-2.84702,0.78781,1.15949,-2.85978
0.110057,-1.47666,1.00332,36.9532,838904388,0.685353,1.09645,-2.70935,0.697515,1.11385,-2.69763,0.715441,1.10084,-2.69763,0.70298,1.08366,-2.70935,0.748172,1.18631,-2.91156,0.761235,1.20499,-2.89897,0.780733,1.19084,-2.89897,0.767351,1.1724,-2.91156
0.143926,-1.47745,1.43875,8.32442,838904413,0.158747,1.28189,-2.70935,0.162415,1.30279,-2.69763,0.184227,1.29897,-2.69763,0.180196,1.27813,-2.70935,0.177696,1.38986,-2.91156,0.181636,1.41231,-2.89897,0.205362,1.40815,-2.89897,0.201033,1.38577,-2.91156
0.210037,-1.47751,-3.03007,-2.60344,838904517,-1.28225,-0.155066,-2.70935,-1.30342,-0.156565,-2.69763,-1.30498,-0.134474,-2.69763,-1.28379,-0.133343,-2.70935,-1.3916,-0.162806,-2.91156,-1.41433,-0.164415,-2.89897,-1.41603,-0.140386,-2.89897,-1.39327,-0.139171,-2.91156
0.822709,0.0117293,1.47402,3.07902,838926943,0.135751,1.28585,0.0269319,0.135762,1.28585,0.00338404,0.113987,1.28663,0.00338404,0.113987,1.28663,0.0269319,0.147998,1.51556,0.028832,0.148009,1.51556,0.00338404,0.122223,1.51648,0.00338404,0.122223,1.51648,0.028832
0.708363,0.0117404,1.5257,-3.28249,838926946,0.0691003,1.28974,0.0269319,0.0691003,1.28974,0.00338404,0.047312,1.28976,0.00338404,0.0473225,1.28976,0.0269319,0.0693032,1.51974,0.028832,0.0693032,1.51974,0.00338404,0.0435007,1.51976,0.00338404,0.0435121,1.51976,0.028832
0.274486,0.0117392,-2.45208,35.1397,838927078,-1.00351,-0.813309,0.0269319,-1.00351,-0.813309,0.00338404,-0.988946,-0.829515,0.00338404,-0.988953,-0.829507,0.0269319,-1.17458,-0.96704,0.028832,-1.17458,-0.96704,0.00338404,-1.15734,-0.986232,0.00338405,-1.15735,-0.986224,0.028832
0.10779,0.0302939,1.17663,-4.98625,838927438,0.506051,1.18833,0.0508939,0.506117,1.18851,0.0273468,0.485649,1.19598,0.0273468,0.485593,1.19579,0.0508939,0.584898,1.40436,0.054686,0.58497,1.40456,0.0292389,0.560731,1.41341,0.0292388,0.56067,1.41321,0.0546859
0.135755,0.0302653,1.47402,11.7421,838927455,0.135751,1.28585,0.0508939,0.135768,1.28604,0.0273468,0.113994,1.28682,0.0273468,0.113987,1.28663,0.0508939,0.147997,1.51554,0.054686,0.148016,1.51574,0.0292388,0.12223,1.51667,0.0292388,0.122222,1.51646,0.054686
0.135179,0.0302939,1.5257,-2.33064,838927458,0.0691003,1.28974,0.0508939,0.0691005,1.28994,0.0273468,0.0473122,1.28995,0.0273468,0.0473225,1.28976,0.0508939,0.0693032,1.51972,0.054686,0.0693034,1.51993,0.0292388,0.0435009,1.51995,0.0292388,0.043512,1.51974,0.054686
0.100783,0.0488345,1.14212,10.558,838927948,0.546779,1.17021,0.0748583,0.546924,1.17057,0.0513136,0.52673,1.17875,0.0513136,0.526594,1.17838,0.0748583,0.633108,1.38332,0.0805421,0.633266,1.38371,0.0550975,0.609351,1.3934,0.0550975,0.609204,1.39301,0.080542
0.152511,0.0488368,1.5257,-7.16563,838927970,0.0691003,1.28974,0.0748583,0.0691006,1.29013,0.0513136,0.0473124,1.29015,0.0513136,0.0473225,1.28976,0.0748583,0.0693032,1.51968,0.0805421,0.0693036,1.5201,0.0550975,0.043501,1.52012,0.0550975,0.043512,1.5197,0.0805421
0.140437,0.0487888,1.75407,29.3569,838927983,-0.224947,1.27332,0.0748583,-0.22503,1.2737,0.0513136,-0.246177,1.26845,0.0513136,-0.246083,1.26807,0.0748583,-0.276465,1.49745,0.0805421,-0.276555,1.49785,0.0550975,-0.301597,1.49164,0.0550975,-0.301496,1.49123,0.0805421
1.17226,0.0673001,0.775899,-11.3432,838928439,0.93052,0.89776,0.0988267,0.930917,0.898184,0.075286,0.914739,0.912778,0.075286,0.914349,0.912347,0.0988267,1.08748,1.06577,0.106402,1.08791,1.06623,0.0809616,1.06875,1.08351,0.0809616,1.06833,1.08304,0.106402
0.107452,0.0673657,1.2496,5.09877,838928466,0.418053,1.22199,0.0988267,0.418214,1.22254,0.075286,0.397276,1.22857,0.075286,0.397125,1.22801,0.0988267,0.481659,1.44289,0.106402,0.481832,1.4435,0.0809616,0.457037,1.45064,0.0809616,0.456874,1.45003,0.106402
0.0588658,0.0673594,1.31863,95.9859,838928470,0.332806,1.24804,0.0988267,0.332927,1.24861,0.075286,0.311619,1.25316,0.075286,0.311508,1.25259,0.0988267,0.380835,1.47285,0.106402,0.380966,1.47346,0.0809616,0.355733,1.47885,0.0809616,0.355613,1.47824,0.106402
0.0958118,0.0673577,1.35314,-4.86247,838928472,0.289551,1.25881,0.0988267,0.289653,1.25939,0.075286,0.2682,1.26319,0.075286,0.268108,1.26262,0.0988267,0.3297,1.48516,0.106402,0.329809,1.48578,0.0809616,0.304403,1.49029,0.0809616,0.304305,1.48967,0.106402
0.11184,0.0672979,1.37049,25.8361,838928473,0.267925,1.26496,0.0988267,0.268016,1.26554,0.075286,0.246443,1.26859,0.075286,0.246362,1.26802,0.0988267,0.304117,1.49201,0.106402,0.304216,1.49264,0.0809616,0.278668,1.49625,0.0809616,0.27858,1.49563,0.106402
0.288518,0.0857889,0.775903,6.50333,838928951,0.93052,0.89776,0.122801,0.931047,0.898328,0.0992657,0.914868,0.912922,0.0992656,0.914349,0.912347,0.122801,1.08743,1.06572,0.132267,1.088,1.06633,0.106833,1.06884,1.08361,0.106832,1.06828,1.08299,0.132267
0.152018,0.0858631,1.10762,-23.7,838928970,0.586849,1.15068,0.122801,0.587165,1.15139,0.0992656,0.567268,1.16027,0.0992656,0.566962,1.15955,0.122801,0.680518,1.36054,0.132267,0.68086,1.3613,0.106833,0.657298,1.37182,0.106832,0.656967,1.37105,0.132267
-0.0211592,0.0858659,1.14213,-4.74802,838928972,0.546779,1.17021,0.122801,0.54707,1.17093,0.0992656,0.526875,1.17911,0.0992656,0.526594,1.17838,0.122801,0.633062,1.38321,0.132267,0.633376,1.38398,0.106832,0.609461,1.39367,0.106832,0.609157,1.39289,0.132267
0.0154432,0.0857923,1.15948,-4.52788,838928973,0.526902,1.18072,0.122801,0.527177,1.18144,0.0992656,0.506709,1.18891,0.0992656,0.506444,1.18818,0.122801,0.609463,1.39523,0.132267,0.609761,1.39601,0.106832,0.585522,1.40485,0.106832,0.585235,1.40407,0.132267
0.115497,0.08587,1.17664,-2.59739,838928974,0.506051,1.18833,0.122801,0.506316,1.18905,0.0992656,0.485849,1.19653,0.0992656,0.485593,1.19579,0.122801,0.584842,1.40421,0.132267,0.585129,1.405,0.106832,0.56089,1.41384,0.106833,0.560614,1.41305,0.132267
0.0812374,0.085797,1.194,-3.88262,838928975,0.485819,1.19814,0.122801,0.486069,1.19887,0.0992656,0.465353,1.20562,0.0992656,0.465113,1.20488,0.122801,0.560838,1.4154,0.132267,0.561108,1.41619,0.106832,0.536575,1.42418,0.106833,0.536316,1.42339,0.132267
0.0285931,0.0858752,1.21116,-3.79934,838928976,0.464715,1.20501,0.122801,0.464955,1.20575,0.0992656,0.444239,1.2125,0.0992656,0.444009,1.21176,0.122801,0.535918,1.42352,0.132267,0.536177,1.42431,0.106833,0.511645,1.43231,0.106832,0.511396,1.43151,0.132267
-0.00302216,0.0857997,1.23244,-5.28475,838928977,0.439383,1.21585,0.122801,0.439607,1.21659,0.0992656,0.418669,1.22262,0.0992656,0.418455,1.22187,0.122801,0.506826,1.43558,0.132267,0.507068,1.43638,0.106832,0.482273,1.44352,0.106833,0.482041,1.44271,0.132267
0.0959894,0.0858724,1.24961,-4.61557,838928978,0.418053,1.22199,0.122801,0.418267,1.22273,0.0992656,0.39733,1.22876,0.0992656,0.397125,1.22801,0.122801,0.481639,1.44283,0.132267,0.481871,1.44363,0.106832,0.457076,1.45077,0.106832,0.456855,1.44996,0.132267
0.032367,0.0857944,1.26696,-5.08796,838928979,0.397188,1.23036,0.122801,0.397386,1.23111,0.0992656,0.376251,1.23641,0.0992656,0.376063,1.23565,0.122801,0.456915,1.45232,0.132267,0.45713,1.45313,0.106832,0.4321,1.45939,0.106832,0.431897,1.45858,0.132267
0.0742378,0.0857861,1.3705,-3.70749,838928985,0.267925,1.26496,0.122801,0.268044,1.26573,0.0992656,0.24647,1.26878,0.0992656,0.246362,1.26802,0.122801,0.304107,1.49195,0.132267,0.304235,1.49277,0.106832,0.278687,1.49639,0.106833,0.27857,1.49556,0.132267
0.0984957,0.0858612,1.38766,23.4443,838928986,0.245947,1.26807,0.122801,0.246056,1.26884,0.0992656,0.224483,1.27189,0.0992656,0.224385,1.27113,0.122801,0.278156,1.49562,0.132267,0.278273,1.49645,0.106833,0.252725,1.50006,0.106832,0.252619,1.49923,0.132267
0.193728,0.0857861,-2.46923,46.0574,838929125,-1.01834,-0.796799,0.122801,-1.01893,-0.797309,0.0992656,-1.00436,-0.813516,0.0992656,-1.00379,-0.812998,0.122801,-1.19196,-0.94742,0.132267,-1.19259,-0.947972,0.106832,-1.17535,-0.967164,0.106833,-1.17472,-0.966604,0.132267
0.102035,0.103819,1.14214,-25.2563,838929484,0.546778,1.17021,0.14541,0.547121,1.17105,0.123253,0.526899,1.17924,0.123253,0.526594,1.17838,0.14541,0.632997,1.38305,0.158875,0.633401,1.38405,0.132711,0.60948,1.39374,0.132711,0.609119,1.39272,0.158875
0.152315,0.10373,1.15948,-5.37769,838929485,0.526902,1.18072,0.14541,0.527252,1.18156,0.123253,0.506757,1.18904,0.123253,0.506444,1.18818,0.14541,0.609377,1.39507,0.158875,0.60979,1.39607,0.132711,0.585545,1.40492,0.132711,0.585176,1.40391,0.158875
0.244384,0.103824,1.17665,-10.1699,838929486,0.506051,1.18833,0.14541,0.506363,1.18918,0.123253,0.485868,1.19666,0.123253,0.485593,1.19579,0.14541,0.584783,1.40405,0.158875,0.585152,1.40506,0.132711,0.560907,1.41391,0.132711,0.560582,1.41288,0.158875
0.154571,0.103736,1.194,-10.2762,838929487,0.485819,1.19814,0.14541,0.486139,1.19899,0.123253,0.465395,1.20575,0.123253,0.465113,1.20488,0.14541,0.560757,1.41524,0.158875,0.561135,1.41625,0.132711,0.536596,1.42425,0.132711,0.536263,1.42322,0.158875
0.0254964,0.10383,1.21117,-2.30842,838929488,0.464715,1.20501,0.14541,0.464997,1.20588,0.123253,0.444253,1.21264,0.123253,0.444009,1.21176,0.14541,0.535864,1.42335,0.158875,0.536198,1.42438,0.132711,0.511659,1.43237,0.132711,0.51137,1.43133,0.158875
0.0167523,0.103739,1.23244,66.0711,838929489,0.439383,1.21584,0.14541,0.439673,1.21671,0.123253,0.418708,1.22275,0.123253,0.418455,1.22187,0.14541,0.50675,1.43542,0.158875,0.507093,1.43644,0.132711,0.482292,1.44358,0.132711,0.481994,1.44255,0.158875
-0.0346226,0.103827,1.24961,-2.04462,838929490,0.418053,1.22199,0.14541,0.418305,1.22286,0.123253,0.397339,1.2289,0.123253,0.397125,1.22801,0.14541,0.481591,1.44266,0.158875,0.481889,1.4437,0.132711,0.457088,1.45084,0.132711,0.456835,1.44979,0.158875
0.0715237,0.103733,1.26696,0.40561,838929491,0.397188,1.23036,0.14541,0.397448,1.23124,0.123253,0.376284,1.23654,0.123253,0.376063,1.23565,0.14541,0.456846,1.45216,0.158875,0.457153,1.45319,0.132711,0.432117,1.45946,0.132711,0.431855,1.45841,0.158875
-0.0926821,0.103724,1.33598,-3.37626,838929495,0.311407,1.25494,0.14541,0.311605,1.25583,0.123253,0.290123,1.25964,0.123253,0.289964,1.25874,0.14541,0.355436,1.48035,0.158875,0.35567,1.48141,0.132711,0.330257,1.48591,0.132711,0.330069,1.48485,0.158875
0.0265954,0.103814,1.35316,-3.00507,838929496,0.289551,1.25881,0.14541,0.289711,1.25971,0.123253,0.268228,1.26352,0.123253,0.268108,1.26262,0.14541,0.329657,1.48493,0.158875,0.329845,1.48599,0.132711,0.304433,1.49049,0.132711,0.304291,1.48942,0.158875
0.0405676,0.103722,1.3705,-3.39634,838929497,0.267925,1.26496,0.14541,0.268092,1.26586,0.123253,0.24649,1.26892,0.123253,0.246362,1.26802,0.14541,0.304054,1.49178,0.158875,0.304251,1.49284,0.132711,0.278697,1.49646,0.132711,0.278546,1.49539,0.158875
0.0411251,0.103813,1.38767,-3.45514,838929498,0.245947,1.26807,0.14541,0.246075,1.26898,0.123253,0.224473,1.27203,0.123253,0.224384,1.27113,0.14541,0.278131,1.49545,0.158875,0.278282,1.49651,0.132711,0.252728,1.50013,0.132711,0.252624,1.49906,0.158875
0.183993,0.103821,-1.15933,45.6626,838929712,0.506559,-1.18811,0.14541,0.506958,-1.18893,0.123253,0.526578,-1.17939,0.123253,0.526143,-1.17859,0.14541,0.607007,-1.39462,0.158875,0.607478,-1.39559,0.132711,0.630687,-1.3843,0.132711,0.630174,-1.38335,0.158875
0.0505143,0.121195,1.14214,-1.73416,838929996,0.546779,1.17021,0.168009,0.547266,1.17141,0.145871,0.527044,1.1796,0.145871,0.526594,1.17838,0.168009,0.632896,1.3828,0.185468,0.633471,1.38422,0.159326,0.60955,1.39391,0.159326,0.609018,1.39247,0.185468
0.869275,0.121091,1.15949,0.0772163,838929997,0.526902,1.18072,0.168009,0.527384,1.18192,0.145871,0.506889,1.1894,0.145871,0.506444,1.18818,0.168009,0.609285,1.39482,0.185468,0.609854,1.39624,0.159326,0.585609,1.40509,0.159326,0.585084,1.40365,0.185468
11.6697,0.121201,1.17666,0.0400641,838929998,0.506051,1.18833,0.168009,0.506495,1.18955,0.145871,0.486,1.19703,0.145871,0.485593,1.19579,0.168009,0.58469,1.4038,0.185468,0.585216,1.40524,0.159326,0.560971,1.41408,0.159326,0.56049,1.41263,0.185468
0.299899,0.121098,1.194,4.75515,838929999,0.485819,1.19814,0.168009,0.486259,1.19936,0.145871,0.465515,1.20612,0.145871,0.465113,1.20488,0.168009,0.560674,1.41499,0.185468,0.561193,1.41643,0.159326,0.536654,1.42442,0.159326,0.536179,1.42297,0.185468
0.0940235,0.121208,1.21117,-3.07355,838930000,0.464715,1.20501,0.168009,0.465117,1.20625,0.145871,0.444373,1.21301,0.145871,0.444009,1.21176,0.168009,0.535781,1.4231,0.185468,0.536256,1.42455,0.159326,0.511717,1.43255,0.159326,0.511287,1.43108,0.185468
0.566453,0.121102,1.23245,1.24401,838930001,0.439383,1.21584,0.168009,0.43978,1.21708,0.145871,0.418814,1.22312,0.145871,0.418455,1.22187,0.168009,0.506676,1.43516,0.185468,0.507145,1.43662,0.159326,0.482343,1.44376,0.159326,0.481919,1.44229,0.185468
0.321851,0.121204,1.24962,4.16237,838930002,0.418053,1.22199,0.168009,0.418412,1.22323,0.145871,0.397446,1.22927,0.145871,0.397125,1.22801,0.168009,0.481517,1.4424,0.185468,0.481941,1.44388,0.159326,0.457139,1.45102,0.159326,0.456761,1.44953,0.185468
0.0239241,0.121094,1.26697,-2.97827,838930003,0.397188,1.23036,0.168009,0.397542,1.23161,0.145871,0.376378,1.23691,0.145871,0.376063,1.23565,0.168009,0.45678,1.45189,0.185468,0.457198,1.45337,0.159326,0.432162,1.45964,0.159326,0.43179,1.45815,0.185468
0.0488582,0.121085,1.33599,-2.76024,838930007,0.311407,1.25494,0.168009,0.311673,1.25621,0.145871,0.29019,1.26002,0.145871,0.289964,1.25874,0.168009,0.355389,1.48009,0.185468,0.355702,1.48159,0.159326,0.33029,1.4861,0.159326,0.330022,1.48459,0.185468
-0.0247873,0.12119,1.35316,-3.48899,838930008,0.289551,1.25881,0.168009,0.289778,1.26009,0.145871,0.268296,1.2639,0.145871,0.268108,1.26262,0.168009,0.32961,1.48466,0.185468,0.329878,1.48617,0.159326,0.304465,1.49068,0.159326,0.304244,1.48916,0.185468
0.0351471,0.121083,1.37051,-3.23528,838930009,0.267925,1.26496,0.168009,0.268146,1.26624,0.145871,0.246544,1.2693,0.145871,0.246362,1.26802,0.168009,0.304016,1.49151,0.185468,0.304277,1.49302,0.159326,0.278723,1.49664,0.159326,0.278508,1.49512,0.185468
0.0152177,0.121188,1.38767,65.5295,838930010,0.245947,1.26807,0.168009,0.246129,1.26936,0.145871,0.224527,1.27242,0.145871,0.224384,1.27113,0.168009,0.278094,1.49518,0.185468,0.278308,1.4967,0.159326,0.252754,1.50032,0.159326,0.252586,1.49879,0.185468
0.185508,0.138552,1.14215,-0.255193,838930508,0.546778,1.17021,0.190634,0.54741,1.17177,0.168522,0.527189,1.17996,0.168522,0.526594,1.17838,0.190634,0.632769,1.38249,0.212083,0.633515,1.38433,0.185971,0.609594,1.39402,0.185971,0.608891,1.39216,0.212083
0.263917,0.138434,1.1595,-9.9188,838930509,0.526902,1.18072,0.190634,0.527516,1.18228,0.168522,0.507021,1.18976,0.168522,0.506444,1.18818,0.190634,0.609168,1.3945,0.212083,0.609894,1.39635,0.185971,0.585649,1.4052,0.185971,0.584968,1.40333,0.212083
0.441724,0.138559,1.17666,1.82351,838930510,0.506051,1.18833,0.190634,0.506627,1.18991,0.168522,0.486132,1.19739,0.168522,0.485593,1.19579,0.190634,0.584574,1.40348,0.212083,0.585255,1.40534,0.185971,0.561011,1.41419,0.185971,0.560374,1.41231,0.212083
0.290136,0.138442,1.19401,-5.14823,838930511,0.485819,1.19814,0.190634,0.486378,1.19972,0.168522,0.465634,1.20648,0.168522,0.465113,1.20488,0.190634,0.560569,1.41466,0.212083,0.561229,1.41654,0.185971,0.53669,1.42453,0.185971,0.536074,1.42265,0.212083
0.160425,0.138567,1.21118,-15.4617,838930512,0.464715,1.20501,0.190634,0.465236,1.20661,0.168522,0.444492,1.21337,0.168522,0.444009,1.21176,0.190634,0.535676,1.42277,0.212083,0.536292,1.42466,0.185971,0.511753,1.43266,0.185971,0.511182,1.43076,0.212083
2.59748,0.138446,1.23246,0.340203,838930513,0.439383,1.21584,0.190634,0.439887,1.21745,0.168522,0.418921,1.22349,0.168522,0.418455,1.22187,0.190634,0.506582,1.43483,0.212083,0.507177,1.43673,0.185971,0.482375,1.44387,0.185971,0.481826,1.44196,0.212083
1.19912,0.138563,1.24963,-0.0557592,838930514,0.418053,1.22199,0.190634,0.418518,1.2236,0.168522,0.397552,1.22964,0.168522,0.397125,1.22801,0.190634,0.481423,1.44208,0.212083,0.481973,1.44399,0.185971,0.457171,1.45113,0.185971,0.456667,1.44921,0.212083
0.0164605,0.138438,1.26697,-3.8312,838930515,0.397188,1.23036,0.190634,0.397635,1.23199,0.168522,0.376472,1.23729,0.168522,0.376063,1.23565,0.190634,0.456698,1.45157,0.212083,0.457226,1.45348,0.185971,0.43219,1.45975,0.185971,0.431708,1.45783,0.212083
0.0560218,0.138427,1.336,58.7769,838930519,0.311407,1.25494,0.190634,0.31174,1.25659,0.168522,0.290257,1.2604,0.168522,0.289964,1.25874,0.190634,0.355329,1.47975,0.212083,0.355723,1.4817,0.185971,0.33031,1.48621,0.185971,0.329963,1.48425,0.212083
0.000973437,0.138546,1.35317,-3.67224,838930520,0.289551,1.25881,0.190634,0.289845,1.26047,0.168522,0.268363,1.26428,0.168522,0.268108,1.26262,0.190634,0.329551,1.48433,0.212083,0.329898,1.48628,0.185971,0.304485,1.49079,0.185971,0.304185,1.48883,0.212083
0.17158,0.138424,1.37051,12.7819,838930521,0.267925,1.26496,0.190634,0.2682,1.26662,0.168522,0.246598,1.26968,0.168522,0.246362,1.26802,0.190634,0.303969,1.49118,0.212083,0.304294,1.49314,0.185971,0.278739,1.49675,0.185971,0.278461,1.49479,0.212083
-0.00499911,0.138545,1.38768,-2.84646,838930522,0.245947,1.26807,0.190634,0.246183,1.26974,0.168522,0.224581,1.2728,0.168522,0.224384,1.27113,0.190634,0.278046,1.49485,0.212083,0.278325,1.49681,0.185971,0.25277,1.50043,0.185971,0.252538,1.49846,0.212083
0.188311,0.155748,1.09048,6.50735,838931017,0.607118,1.14163,0.213293,0.607997,1.1435,0.191213,0.588074,1.1524,0.191214,0.587231,1.15051,0.213293,0.703942,1.34878,0.238724,0.704979,1.35099,0.212651,0.681411,1.36151,0.212651,0.680417,1.35928,0.238724
0.140088,0.155891,1.14216,31.8785,838931020,0.546778,1.17021,0.213293,0.547555,1.17212,0.191213,0.527333,1.18032,0.191213,0.526594,1.17838,0.213293,0.632615,1.38211,0.238724,0.633532,1.38437,0.212651,0.609611,1.39406,0.212651,0.608738,1.39178,0.238724
0.00312598,0.155759,1.15951,-1.87939,838931021,0.526902,1.18072,0.213293,0.527648,1.18265,0.191213,0.507153,1.19013,0.191214,0.506444,1.18818,0.213293,0.609029,1.39412,0.238724,0.609909,1.3964,0.212651,0.585665,1.40524,0.212651,0.584828,1.40295,0.238724
-0.0403561,0.155899,1.17667,-1.85967,838931022,0.506051,1.18833,0.213293,0.506759,1.19027,0.191214,0.486264,1.19775,0.191213,0.485593,1.19579,0.213293,0.584434,1.4031,0.238724,0.585271,1.40539,0.212651,0.561026,1.41424,0.212651,0.560234,1.41193,0.238724
-0.0528233,0.155767,1.19402,-2.78125,838931023,0.485819,1.19814,0.213293,0.486497,1.20009,0.191214,0.465753,1.20685,0.191213,0.465113,1.20488,0.213293,0.560442,1.41428,0.238724,0.561243,1.41658,0.212651,0.536704,1.42458,0.212651,0.535948,1.42226,0.238724
-0.0403034,0.155908,1.21119,-1.31387,838931024,0.464715,1.20501,0.213293,0.465355,1.20698,0.191213,0.444611,1.21374,0.191214,0.444009,1.21176,0.213293,0.53555,1.42239,0.238724,0.536306,1.42471,0.212651,0.511767,1.4327,0.212651,0.511055,1.43037,0.238724
0.105736,0.155772,1.23247,-2.88966,838931025,0.439383,1.21584,0.213293,0.439993,1.21782,0.191213,0.419027,1.22386,0.191214,0.418455,1.22187,0.213293,0.506469,1.43444,0.238724,0.50719,1.43677,0.212651,0.482388,1.44392,0.212651,0.481713,1.44157,0.238724
0.0670556,0.155903,1.24963,-3.0445,838931026,0.418053,1.22199,0.213293,0.418625,1.22397,0.191214,0.397659,1.23001,0.191213,0.397125,1.22801,0.213293,0.48131,1.44169,0.238724,0.481986,1.44403,0.212651,0.457184,1.45117,0.212651,0.456554,1.44881,0.238724
0.0685127,0.155762,1.26698,-3.27953,838931027,0.397188,1.23036,0.213293,0.397729,1.23236,0.191214,0.376565,1.23766,0.191213,0.376063,1.23565,0.213293,0.456599,1.45117,0.238724,0.457237,1.45353,0.212651,0.432202,1.4598,0.212651,0.431609,1.45743,0.238724
0.00197612,0.15575,1.33601,-3.76897,838931031,0.311407,1.25494,0.213293,0.311807,1.25697,0.191213,0.290325,1.26078,0.191213,0.289964,1.25874,0.213293,0.355258,1.47935,0.238724,0.355731,1.48175,0.212651,0.330318,1.48626,0.212651,0.329892,1.48385,0.238724
0.0507141,0.155885,1.35317,-3.48084,838931032,0.289551,1.25881,0.213293,0.289912,1.26085,0.191213,0.26843,1.26466,0.191213,0.268108,1.26262,0.213293,0.32948,1.48393,0.238724,0.329906,1.48633,0.212651,0.304493,1.49084,0.212651,0.304113,1.48842,0.238724
0.103901,0.155747,1.37052,-34.6832,838931033,0.267925,1.26496,0.213293,0.268254,1.267,0.191214,0.246652,1.27006,0.191213,0.246362,1.26802,0.213293,0.303912,1.49077,0.238724,0.3043,1.49318,0.212651,0.278746,1.4968,0.212651,0.278404,1.49438,0.238724
-0.00162143,0.155883,1.38769,-4.28877,838931034,0.245947,1.26807,0.213293,0.246237,1.27012,0.191214,0.224635,1.27318,0.191213,0.224384,1.27113,0.213293,0.277989,1.49444,0.238724,0.278331,1.49686,0.212651,0.252777,1.50048,0.212651,0.252481,1.49805,0.238724
0.187333,0.155762,-2.92181,54.0104,838931147,-1.26412,-0.271207,0.213293,-1.26612,-0.271736,0.191213,-1.26013,-0.292715,0.191213,-1.25814,-0.292147,0.213293,-1.48505,-0.330159,0.238724,-1.48741,-0.330784,0.212651,-1.48032,-0.355601,0.212651,-1.47798,-0.354931,0.238724
0.193436,0.155884,-2.41753,-44.3915,838931176,-0.974848,-0.84745,0.213293,-0.976336,-0.848885,0.191213,-0.961196,-0.864594,0.191214,-0.959735,-0.863131,0.213293,-1.13946,-1.00611,0.238724,-1.14122,-1.0078,0.212651,-1.12331,-1.02639,0.212651,-1.12158,-1.02466,0.238724
0.171865,0.173054,1.09049,6.91434,838931529,0.607118,1.14163,0.235992,0.608153,1.14385,0.213952,0.58823,1.15275,0.213952,0.587231,1.15051,0.235992,0.703747,1.34834,0.265397,0.70497,1.35097,0.239371,0.681402,1.36149,0.239371,0.680222,1.35884,0.265397
0.122226,0.173207,1.10765,9.67637,838931530,0.586849,1.15068,0.235992,0.587848,1.15292,0.213952,0.567925,1.16181,0.213952,0.566962,1.15955,0.235992,0.67984,1.35901,0.265397,0.681019,1.36166,0.239371,0.657451,1.37218,0.239371,0.656315,1.36952,0.265397
0.179648,0.173074,1.19403,34.6811,838931535,0.485819,1.19814,0.235992,0.486616,1.20045,0.213952,0.465872,1.20721,0.213952,0.465113,1.20488,0.235992,0.560294,1.41382,0.265397,0.561236,1.41656,0.239371,0.536697,1.42456,0.239371,0.5358,1.4218,0.265397
0.0376881,0.173231,1.21119,-2.99757,838931536,0.464715,1.20501,0.235992,0.465474,1.20734,0.213952,0.44473,1.2141,0.213952,0.444009,1.21176,0.235992,0.535402,1.42193,0.265397,0.536299,1.42469,0.239371,0.51176,1.43268,0.239371,0.510908,1.42992,0.265397
0.0514576,0.17308,1.23247,-4.85662,838931537,0.439383,1.21584,0.235992,0.440099,1.21819,0.213952,0.419133,1.22423,0.213952,0.418455,1.22187,0.235992,0.506337,1.43398,0.265397,0.507183,1.43675,0.239371,0.482381,1.44389,0.239371,0.481581,1.44111,0.265397
0.0264708,0.173225,1.24964,-4.55119,838931538,0.418053,1.22199,0.235992,0.418731,1.22434,0.213952,0.397765,1.23038,0.213952,0.397125,1.22801,0.235992,0.481178,1.44123,0.265397,0.481979,1.44401,0.239371,0.457178,1.45115,0.239371,0.456422,1.44836,0.265397
-0.0989298,0.173069,1.26699,-4.3498,838931539,0.397188,1.23036,0.235992,0.397822,1.23273,0.213952,0.376658,1.23803,0.213952,0.376063,1.23565,0.235992,0.456483,1.45071,0.265397,0.457232,1.4535,0.239371,0.432196,1.45977,0.239371,0.431493,1.45697,0.265397
0.138827,0.173061,1.30151,-1.29338,838931541,0.354512,1.2434,0.235992,0.355063,1.24579,0.213952,0.333727,1.25035,0.213952,0.333215,1.24795,0.235992,0.406075,1.46568,0.265397,0.406726,1.4685,0.239371,0.381486,1.47389,0.239371,0.380881,1.47106,0.265397
0.0817266,0.173056,1.33602,28.8752,838931543,0.311407,1.25494,0.235992,0.311874,1.25734,0.213952,0.290392,1.26115,0.213952,0.289964,1.25874,0.235992,0.355175,1.47888,0.265397,0.355727,1.48172,0.239371,0.330314,1.48623,0.239371,0.329809,1.48338,0.265397
-0.0343947,0.173205,1.35318,-5.64541,838931544,0.289551,1.25881,0.235992,0.289979,1.26123,0.213952,0.268497,1.26504,0.213952,0.268108,1.26262,0.235992,0.329396,1.48346,0.265397,0.329902,1.48631,0.239371,0.304489,1.49081,0.239371,0.30403,1.48796,0.265397
-0.0355226,0.173052,1.37053,-4.16469,838931545,0.267925,1.26496,0.235992,0.268308,1.26738,0.213952,0.246705,1.27044,0.213952,0.246362,1.26802,0.235992,0.303845,1.4903,0.265397,0.304297,1.49316,0.239371,0.278743,1.49678,0.239371,0.278337,1.49391,0.265397
0.0160892,0.173203,1.38769,-4.53028,838931546,0.245947,1.26807,0.235992,0.246291,1.2705,0.213952,0.224688,1.27356,0.213952,0.224384,1.27113,0.235992,0.277922,1.49397,0.265397,0.278328,1.49684,0.239371,0.252773,1.50045,0.239371,0.252414,1.49758,0.265397
0.869847,0.173207,-1.68488,49.5862,838931730,-0.157902,-1.282,0.235992,-0.158076,-1.28444,0.213952,-0.136312,-1.28598,0.213952,-0.136179,-1.28354,0.235992,-0.17403,-1.50958,0.265397,-0.174234,-1.51246,0.239371,-0.14849,-1.51429,0.239371,-0.148332,-1.5114,0.265397
0.136884,0.190564,1.10766,13.1434,838932042,0.586848,1.15068,0.258872,0.58801,1.15328,0.236756,0.568056,1.16219,0.236756,0.566962,1.15955,0.258872,0.67962,1.35852,0.292181,0.680987,1.36159,0.26615,0.657437,1.3721,0.26615,0.656148,1.369,0.292181
0.162742,0.225298,1.07316,3.00874,838933064,0.626212,1.12976,0.304781,0.627796,1.133,0.282776,0.608165,1.1426,0.282776,0.606647,1.13933,0.304781,0.725626,1.33309,0.345868,0.72749,1.33691,0.319967,0.704322,1.34823,0.319967,0.702535,1.34438,0.345868
0.129733,0.225138,1.23249,47.8981,838933073,0.439383,1.21584,0.304781,0.440451,1.21929,0.282776,0.419453,1.22534,0.282776,0.418456,1.22187,0.304781,0.50578,1.43226,0.345868,0.507037,1.43631,0.319967,0.482254,1.44345,0.319967,0.48108,1.43937,0.345868
0.131739,0.225124,1.26701,-1.51918,838933075,0.397189,1.23036,0.304781,0.398136,1.23384,0.282776,0.376939,1.23915,0.282776,0.376063,1.23565,0.304781,0.455986,1.44896,0.345868,0.457101,1.45306,0.319967,0.432084,1.45932,0.319967,0.431053,1.45521,0.345868
0.0872088,0.225114,1.30153,-3.72822,838933077,0.354512,1.2434,0.304781,0.355337,1.24691,0.282776,0.333969,1.25148,0.282776,0.333215,1.24795,0.304781,0.405639,1.46392,0.345868,0.40661,1.46805,0.319967,0.38139,1.47344,0.319967,0.380503,1.46929,0.345868
0.157574,0.242434,0.986982,11.8891,838933571,0.721841,1.07275,0.327834,0.723899,1.07616,0.305894,0.704986,1.0871,0.305894,0.702992,1.08366,0.327834,0.838236,1.26604,0.372793,0.840658,1.27005,0.346968,0.818336,1.28297,0.346967,0.815989,1.27892,0.372792
0.272757,0.242651,1.1422,-1.33681,838933580,0.546778,1.17021,0.327834,0.548273,1.1739,0.305894,0.528021,1.1821,0.305894,0.526594,1.17839,0.327834,0.631479,1.3793,0.372793,0.633238,1.38365,0.346968,0.609335,1.39333,0.346968,0.607655,1.38895,0.372792
0.108135,0.242647,1.66776,-3.23639,838933610,-0.11412,1.2866,0.327834,-0.11467,1.29054,0.305894,-0.136311,1.28752,0.305894,-0.135689,1.28359,0.327834,-0.145285,1.51003,0.372792,-0.145932,1.51467,0.346967,-0.171475,1.51111,0.346967,-0.170742,1.50648,0.372792
0.148877,0.25978,1.23251,15.1811,838934097,0.439383,1.21584,0.350962,0.440659,1.22001,0.329094,0.419661,1.22606,0.329094,0.418456,1.22187,0.350962,0.505353,1.43078,0.399779,0.506855,1.43568,0.374038,0.482072,1.44282,0.374038,0.480653,1.43789,0.399779
0.122153,0.259995,1.24968,-14.7567,838934098,0.418052,1.22199,0.350962,0.419258,1.22617,0.329094,0.39826,1.23222,0.329094,0.397125,1.22801,0.350962,0.48025,1.43801,0.399779,0.481669,1.44293,0.374038,0.456886,1.45007,0.374038,0.45555,1.44512,0.399779
0.154099,0.259764,1.26703,-3.94568,838934099,0.397189,1.23036,0.350962,0.398318,1.23457,0.329094,0.377122,1.23988,0.329094,0.376063,1.23565,0.350962,0.455612,1.44747,0.399779,0.456942,1.45242,0.374038,0.431925,1.45869,0.374038,0.430678,1.45371,0.399779
0.204447,0.277323,1.03868,-28.1136,838934598,0.664821,1.10748,0.374308,0.667058,1.11168,0.352398,0.647747,1.12197,0.352398,0.645602,1.11772,0.374308,0.770151,1.30511,0.42688,0.772774,1.31003,0.4012,0.750057,1.32214,0.4012,0.747543,1.31716,0.42688
0.159305,0.294475,1.50863,10.0475,838935137,0.0912977,1.28972,0.397732,0.0914079,1.29485,0.375905,0.0695245,1.29486,0.375905,0.0695199,1.28974,0.397732,0.0953353,1.51275,0.454045,0.0954644,1.51876,0.428462,0.069722,1.51878,0.428462,0.0697167,1.51277,0.454045
0.120757,0.294752,-0.185011,72.3981,838935400,1.2674,-0.248405,0.397732,1.27248,-0.249123,0.375905,1.27554,-0.227455,0.375905,1.27045,-0.226842,0.397732,1.48824,-0.279635,0.454045,1.49418,-0.280475,0.428462,1.49779,-0.254987,0.428462,1.49183,-0.254268,0.454045
0.11717,0.329421,0.758654,16.4661,838936118,0.945012,0.880571,0.444874,0.94908,0.884776,0.423231,0.933353,0.899992,0.423231,0.92936,0.895713,0.444874,1.0987,1.03942,0.508621,1.10346,1.04435,0.483254,1.08496,1.06225,0.483254,1.08028,1.05723,0.508621
0.144708,0.363822,0.776015,12.5328,838937143,0.930522,0.897758,0.492617,0.935053,0.902578,0.471046,0.918781,0.917256,0.471046,0.914351,0.912345,0.492617,1.07985,1.05772,0.563617,1.08513,1.06334,0.538467,1.06607,1.08054,0.538468,1.0609,1.07481,0.563617
0.133042,0.363854,1.54318,17.8447,838937187,0.0467359,1.29204,0.492617,0.0466475,1.29865,0.471046,0.0247455,1.29791,0.471046,0.0249707,1.2913,0.492617,0.0430177,1.51084,0.563617,0.0429146,1.51855,0.538468,0.0172594,1.51768,0.538468,0.017522,1.50997,0.563617
0.315488,0.398568,-2.81817,49.4926,838938321,-1.22945,-0.40045,0.540994,-1.23629,-0.403055,0.51965,-1.2281,-0.423382,0.51965,-1.22132,-0.42065,0.540994,-1.43155,-0.477847,0.619063,-1.43952,-0.480884,0.594177,-1.42992,-0.504694,0.594177,-1.42202,-0.501509,0.619063
0.187284,0.455299,0.952547,8.4741,838939713,0.758402,1.04716,0.621349,0.762969,1.05414,0.60039,0.744373,1.06579,0.60039,0.739946,1.05872,0.621349,0.874188,1.22524,0.709718,0.879481,1.23333,0.685425,0.857806,1.2469,0.685425,0.852675,1.23871,0.709718
0.190568,0.455651,-0.706581,50.6543,838939978,0.975212,-0.847031,0.621349,0.981779,-0.852172,0.60039,0.995305,-0.834894,0.60039,0.988637,-0.829883,0.621349,1.14244,-0.977948,0.709718,1.15005,-0.983907,0.685425,1.16581,-0.963769,0.685425,1.15809,-0.957961,0.709718
0.292492,0.507431,2.15499,-42.8578,838941318,-0.703094,1.08356,0.696394,-0.708559,1.0911,0.675848,-0.726323,1.07822,0.675848,-0.720725,1.07078,0.696394,-0.825207,1.25197,0.794583,-0.831542,1.2607,0.770768,-0.852246,1.24569,0.770768,-0.845757,1.23707,0.794583
0.195288,0.541915,1.90949,7.52512,838942328,-0.418578,1.2218,0.747269,-0.422287,1.23101,0.727072,-0.442663,1.22279,0.727072,-0.438777,1.21366,0.747269,-0.495187,1.41189,0.851731,-0.499458,1.42248,0.828468,-0.523074,1.41296,0.828468,-0.518599,1.40245,0.851731
0.334706,0.541406,2.4869,49.0778,838942361,-1.01886,0.79614,0.747269,-1.02697,0.801852,0.727072,-1.03927,0.783651,0.727072,-1.03106,0.778096,0.747269,-1.18671,0.913769,0.851731,-1.19606,0.920349,0.828468,-1.21032,0.899253,0.828468,-1.20085,0.892855,0.851731
0.180386,0.558981,1.0733,17.0946,838942792,0.626209,1.12976,0.772956,0.630697,1.13894,0.752908,0.610961,1.14859,0.752908,0.606645,1.13933,0.772956,0.715535,1.31246,0.880443,0.720705,1.32303,0.857352,0.69783,1.33422,0.857352,0.692858,1.32355,0.880443
0.105906,0.559045,1.59886,-2.62751,838942822,-0.0251064,1.29127,0.772956,-0.025808,1.30147,0.752908,-0.0477249,1.29996,0.752908,-0.0468328,1.28978,0.772956,-0.039071,1.49416,0.880443,-0.0398792,1.5059,0.857352,-0.0652818,1.50415,0.857352,-0.0642542,1.49243,0.880443
0.2087,0.558539,2.4869,49.7806,838942873,-1.01886,0.79614,0.772956,-1.02722,0.802019,0.752908,-1.03952,0.783818,0.752908,-1.03106,0.778096,0.772956,-1.18541,0.912889,0.880443,-1.19504,0.919662,0.857352,-1.2093,0.898566,0.857352,-1.19955,0.891975,0.880443
0.194486,0.626943,-2.46902,39.5204,838944997,-1.01835,-0.796796,0.877931,-1.02701,-0.804289,0.858414,-1.01231,-0.820648,0.858414,-1.00379,-0.812994,0.877931,-1.16689,-0.925822,0.997136,-1.1768,-0.934393,0.974811,-1.15986,-0.95324,0.974811,-1.15012,-0.944484,0.997136
0.184706,0.644622,2.33154,51.7204,838945424,-0.882371,0.943203,0.904837,-0.890798,0.951358,0.885485,-0.906093,0.935553,0.885485,-0.897516,0.927554,0.904837,-1.02251,1.07883,1.02681,-1.03215,1.08815,1.00467,-1.04977,1.06995,1.00467,-1.03996,1.0608,1.02681
0.252105,0.678879,-2.31378,41.3299,838946542,-0.88196,-0.943586,0.959363,-0.889854,-0.952977,0.940349,-0.873018,-0.967129,0.940349,-0.86529,-0.957599,0.959363,-1.00518,-1.09017,1.08679,-1.01421,-1.10092,1.06504,-0.994817,-1.11722,1.06504,-0.985977,-1.10632,1.08679
0.178235,0.764606,-2.97736,48.675,838949064,-1.27593,-0.200057,1.10098,-1.28926,-0.202879,1.08273,-1.2847,-0.224419,1.08273,-1.27142,-0.221363,1.10098,-1.45441,-0.237836,1.24107,-1.46955,-0.24104,1.22034,-1.46433,-0.265697,1.22034,-1.44925,-0.262226,1.24107
0.194537,0.803352,3.01254,24.099,838950071,-1.28064,0.17751,1.16882,-1.29486,0.178783,1.15074,-1.29642,0.156798,1.15074,-1.28218,0.155787,1.16882,-1.4587,0.193149,1.31362,-1.47473,0.194583,1.29324,-1.4765,0.169583,1.29324,-1.46046,0.168444,1.31362
0.227881,0.821184,1.56051,23.9676,838950500,0.0245437,1.29128,1.19895,0.02405,1.30577,1.18106,0.00202263,1.30502,1.18106,0.00277848,1.29054,1.19895,0.0185225,1.46805,1.34602,0.017966,1.48438,1.32584,-0.00708208,1.48353,1.32584,-0.00623005,1.4672,1.34602
0.439841,0.872569,2.40063,48.7979,838952084,-0.945394,0.880161,1.2913,-0.957006,0.889925,1.27397,-0.97119,0.873055,1.27397,-0.959409,0.863492,1.2913,-1.07638,0.990294,1.445,-1.08947,1.0013,1.42546,-1.1056,0.982118,1.42546,-1.09232,0.971338,1.445
0.194931,0.889824,0.900829,9.95929,838952510,0.810779,1.00531,1.32289,0.819864,1.01779,1.30571,0.802032,1.03077,1.30571,0.793174,1.01813,1.32289,0.910432,1.14216,1.47862,0.920598,1.15612,1.45939,0.900456,1.17079,1.45939,0.890544,1.15664,1.47862
0.350708,0.991866,-2.71444,46.3615,838955735,-1.18146,-0.525353,1.52031,-1.19637,-0.532924,1.50416,-1.18602,-0.552425,1.50416,-1.17125,-0.544591,1.52031,-1.32226,-0.597043,1.68749,-1.33882,-0.605452,1.66955,-1.32721,-0.627333,1.66955,-1.31081,-0.618631,1.68749
0.432723,1.00899,-2.71444,50.1331,838956247,-1.18146,-0.525353,1.55471,-1.19652,-0.533008,1.53874,-1.18618,-0.552509,1.53874,-1.17125,-0.544591,1.55471,-1.3206,-0.596163,1.72364,-1.33734,-0.604666,1.70591,-1.32573,-0.626547,1.70591,-1.30915,-0.617751,1.72364
0.305981,1.00909,-2.60698,51.0267,838956253,-1.11812,-0.648954,1.55471,-1.13231,-0.658138,1.53874,-1.11998,-0.676454,1.53874,-1.10596,-0.667022,1.55471,-1.24912,-0.733896,1.72364,-1.26487,-0.744099,1.70591,-1.25104,-0.764649,1.70591,-1.23547,-0.754171,1.72364
0.440338,1.02687,-2.62822,48.1156,838956764,-1.13055,-0.624388,1.58952,-1.14504,-0.633423,1.57374,-1.13336,-0.652154,1.57374,-1.11903,-0.642866,1.58952,-1.2614,-0.705992,1.76019,-1.27749,-0.716028,1.74266,-1.26438,-0.737045,1.74266,-1.24847,-0.726728,1.76019
0.156874,1.02683,-2.31368,38.0007,838956782,-0.881957,-0.943589,1.58952,-0.892942,-0.956657,1.57374,-0.876043,-0.970863,1.57374,-0.865287,-0.957602,1.58952,-0.981183,-1.06163,1.76019,-0.993385,-1.07615,1.74266,-0.974424,-1.09208,1.74266,-0.962476,-1.07735,1.76019
0.625481,1.02687,-2.27916,47.9695,838956784,-0.84882,-0.973405,1.58952,-0.859343,-0.986849,1.57374,-0.841958,-1.00046,1.57374,-0.831671,-0.986828,1.58952,-0.943863,-1.09484,1.76019,-0.955551,-1.10977,1.74266,-0.936045,-1.12504,1.74266,-0.924618,-1.1099,1.76019
0.163749,1.09533,2.50423,47.2455,838958746,-1.0313,0.777738,1.73393,-1.0461,0.787746,1.71879,-1.05848,0.769442,1.71879,-1.04349,0.759695,1.73393,-1.15294,0.859955,1.91098,-1.16927,0.870991,1.89429,-1.18306,0.850588,1.89429,-1.16654,0.83984,1.91098
0.5021,1.15208,2.6078,48.1573,838960288,-1.10601,0.666893,1.8594,-1.12236,0.675604,1.84468,-1.13276,0.656092,1.84468,-1.11625,0.647673,1.8594,-1.23075,0.733355,2.04086,-1.24865,0.742893,2.02474,-1.26017,0.721285,2.02474,-1.2421,0.712066,2.04086
0.106086,1.15196,-3.08081,9.7147,838960322,-1.28994,-0.0671244,1.8594,-1.30836,-0.0690434,1.84468,-1.30607,-0.091033,1.84468,-1.28768,-0.088785,1.8594,-1.43052,-0.081767,2.04086,-1.45069,-0.0838683,2.02474,-1.44816,-0.10822,2.02474,-1.42802,-0.105759,2.04086
0.240231,1.15196,-2.38268,40.6326,838960362,-0.945004,-0.880578,1.8594,-0.957885,-0.893891,1.84468,-0.941996,-0.909264,1.84468,-0.929353,-0.89572,1.8594,-1.04328,-0.982157,2.04086,-1.05739,-0.996735,2.02474,-1.03979,-1.01376,2.02474,-1.02595,-0.998929,2.04086
0.210378,1.16841,1.47438,-41.2856,838960735,0.135762,1.28585,1.89852,0.136761,1.30449,1.88398,0.114667,1.30529,1.88398,0.113999,1.28663,1.89852,0.143102,1.42524,2.08135,0.144196,1.44566,2.06543,0.119728,1.44653,2.06543,0.118996,1.42611,2.08135
0.236423,1.1863,0.586346,51.3148,838961196,1.08209,0.705186,1.93814,1.09732,0.716225,1.92378,1.08434,0.734125,1.92378,1.06931,0.722818,1.93814,1.19364,0.786051,2.12232,1.21032,0.798139,2.1066,1.19595,0.817962,2.1066,1.17949,0.805581,2.12232
0.183656,1.20263,2.73259,49.4836,838961831,-1.18179,0.524604,1.97827,-1.19948,0.531413,1.9641,-1.20706,0.510645,1.9641,-1.18926,0.504147,1.97827,-1.30872,0.573442,2.16379,-1.32808,0.580898,2.14826,-1.33648,0.557899,2.14826,-1.31699,0.550784,2.16379
0.126913,1.27113,-1.70171,51.0303,838963985,-0.180056,-1.28043,2.14506,-0.181784,-1.29996,2.13152,-0.159718,-1.30152,2.13152,-0.158332,-1.28197,2.14506,-0.191366,-1.40899,2.33546,-0.193246,-1.43024,2.32073,-0.168961,-1.43196,2.32073,-0.167454,-1.41069,2.33546
0.143433,1.30533,-1.66718,24.824,838965011,-0.135763,-1.28585,2.23194,-0.136818,-1.30567,2.21875,-0.11471,-1.30646,2.21875,-0.114,-1.28663,2.23194,-0.142453,-1.41127,2.42464,-0.143599,-1.43283,2.4103,-0.119269,-1.4337,2.4103,-0.118496,-1.41213,2.42464
0.215812,1.35764,2.92238,51.6215,838966450,-1.25815,0.291999,2.36792,-1.27818,0.295548,2.35515,-1.28204,0.273754,2.35515,-1.26195,0.270555,2.36792,-1.37699,0.313061,2.56372,-1.39863,0.316896,2.54992,-1.40285,0.293054,2.54992,-1.38114,0.289597,2.56372
0.173991,1.47747,0.62091,7.50402,838969902,1.05716,0.74214,2.70935,1.07389,0.755187,2.69763,1.06028,0.772653,2.69763,1.04377,0.759315,2.70935,1.14361,0.80954,2.91156,1.16158,0.823552,2.89897,1.14677,0.84255,2.89897,1.12904,0.828226,2.91156
0.153807,1.47744,1.07352,17.1615,838969928,0.6262,1.12977,2.70935,0.635521,1.14883,2.69763,0.615625,1.15856,2.69763,0.606635,1.13933,2.70935,0.674349,1.22825,2.91156,0.68436,1.24872,2.89897,0.662719,1.2593,2.89897,0.653064,1.23865,2.91156
0.502751,1.47749,1.49162,1.95353,838969952,0.113555,1.28665,2.70935,0.114315,1.30785,2.69763,0.092183,1.30865,2.69763,0.0917909,1.28743,2.70935,0.11748,1.3962,2.91156,0.118296,1.41897,2.89897,0.094223,1.41984,2.89897,0.0938019,1.39705,2.91156
0.108397,1.47759,1.90972,34.4892,838969976,-0.418588,1.2218,2.70935,-0.426521,1.24148,2.69763,-0.447061,1.2332,2.69763,-0.438787,1.21366,2.70935,-0.459566,1.32347,2.91156,-0.468085,1.34461,2.89897,-0.490427,1.33561,2.89897,-0.481542,1.31462,2.91156
0.140826,1.4767,2.34905,18.3936,838970001,-0.89955,0.928727,2.70935,-0.915059,0.943216,2.69763,-0.929894,0.926774,2.69763,-0.91414,0.912558,2.70935,-0.979655,1.00358,2.91156,-0.996311,1.01915,2.89897,-1.01245,1.00126,2.89897,-0.995528,0.985993,2.91156
