energy,eta,phi,time,detid,front_1_x,front_1_y,front_1_z,front_2_x,front_2_y,front_2_z,front_3_x,front_3_y,front_3_z,front_4_x,front_4_y,front_4_z,back_1_x,back_1_y,back_1_z,back_2_x,back_2_y,back_2_z,back_3_x,back_3_y,back_3_z,back_4_x,back_4_y,back_4_z
-0.060826,-0.0117404,-1.52592,-1.97752,838861595,0.0688166,-1.28976,-0.0269319,0.0688166,-1.28976,-0.00338404,0.0470283,-1.28977,-0.00338404,0.0470388,-1.28977,-0.0269319,0.0689689,-1.51976,-0.028832,0.0689689,-1.51976,-0.00338404,0.0431664,-1.51977,-0.00338404,0.0431777,-1.51977,-0.028832
0.119691,-0.0117298,-1.50875,27.7482,838861596,0.0910128,-1.28974,-0.0269319,0.0910233,-1.28974,-0.00338404,0.069235,-1.28976,-0.00338404,0.069235,-1.28976,-0.0269319,0.0951785,-1.51974,-0.028832,0.0951899,-1.51974,-0.00338404,0.0693873,-1.51976,-0.00338404,0.0693873,-1.51976,-0.028832
2.9409,-0.0117399,-1.4914,0.0770057,838861597,0.113286,-1.28667,-0.0269319,0.113286,-1.28667,-0.00338404,0.0915115,-1.28745,-0.00338404,0.091522,-1.28745,-0.0269319,0.121471,-1.51652,-0.028832,0.121471,-1.51652,-0.00338404,0.0956849,-1.51744,-0.00338405,0.0956962,-1.51744,-0.028832
0.396146,-0.0117293,-1.47424,-1.84193,838861598,0.135468,-1.28588,-0.0269319,0.135479,-1.28588,-0.00338404,0.113704,-1.28666,-0.00338404,0.113704,-1.28666,-0.0269319,0.147664,-1.51559,-0.028832,0.147675,-1.51559,-0.00338404,0.121889,-1.51651,-0.00338404,0.121889,-1.51651,-0.028832
0.0133795,-0.0117395,-1.45689,-1.58812,838861599,0.15762,-1.28203,-0.0269319,0.15762,-1.28203,-0.00338404,0.135886,-1.28357,-0.00338404,0.135897,-1.28357,-0.0269319,0.173828,-1.51146,-0.028832,0.173828,-1.51146,-0.00338404,0.14809,-1.51328,-0.00338404,0.148101,-1.51328,-0.028832
0.284576,-0.011729,-1.43972,-8.77699,838861600,0.179761,-1.28047,-0.0269319,0.179772,-1.28047,-0.00338404,0.158038,-1.282,-0.00338404,0.158038,-1.282,-0.0269319,0.199973,-1.50961,-0.028832,0.199984,-1.50961,-0.00338404,0.174246,-1.51143,-0.00338404,0.174246,-1.51143,-0.028832
0.0933762,-0.0117393,-1.42238,13.9502,838861601,0.201766,-1.27585,-0.0269319,0.201766,-1.27585,-0.00338404,0.180099,-1.27814,-0.00338405,0.180109,-1.27814,-0.0269319,0.225977,-1.50457,-0.028832,0.225977,-1.50457,-0.00338404,0.200318,-1.50729,-0.00338405,0.200329,-1.50729,-0.028832
0.0144021,-0.0117289,-1.40521,-0.28285,838861602,0.223839,-1.27351,-0.0269319,0.223849,-1.27351,-0.00338404,0.202182,-1.27581,-0.00338404,0.202182,-1.27581,-0.0269319,0.252041,-1.50181,-0.028832,0.252052,-1.50181,-0.00338404,0.226393,-1.50453,-0.00338404,0.226393,-1.50453,-0.028832
0.194001,-0.0117301,-1.26716,-4.854,838861610,0.396917,-1.23045,-0.026932,0.396927,-1.23045,-0.00338406,0.375791,-1.23574,-0.00338402,0.375791,-1.23574,-0.0269319,0.456641,-1.4526,-0.0288321,0.456652,-1.4526,-0.00338407,0.431622,-1.45886,-0.00338402,0.431622,-1.45886,-0.028832
0.201,-0.0117399,-1.14234,-8.9557,838861617,0.546521,-1.17033,-0.0269319,0.546521,-1.17033,-0.00338403,0.526325,-1.1785,-0.00338405,0.526335,-1.1785,-0.026932,0.632828,-1.38352,-0.028832,0.632828,-1.38352,-0.00338403,0.60891,-1.3932,-0.00338405,0.608921,-1.3932,-0.0288321
0.107024,-0.030292,-2.01698,-2.24985,838862079,-0.547537,-1.16985,-0.0508939,-0.547627,-1.17003,-0.0273468,-0.566874,-1.15981,-0.0273468,-0.566774,-1.15965,-0.0508939,-0.655338,-1.373,-0.054686,-0.655436,-1.37319,-0.0292388,-0.678228,-1.36109,-0.0292388,-0.67812,-1.36091,-0.054686
0.00699008,-0.0302939,-1.52592,-2.36919,838862107,0.0688166,-1.28976,-0.0508939,0.0688167,-1.28995,-0.0273468,0.0470284,-1.28997,-0.0273468,0.0470388,-1.28977,-0.0508939,0.0689689,-1.51973,-0.054686,0.068969,-1.51994,-0.0292388,0.0431665,-1.51996,-0.0292388,0.0431777,-1.51975,-0.054686
0.120918,-0.0302665,-1.50875,-0.617998,838862108,0.0910128,-1.28974,-0.0508939,0.0910234,-1.28994,-0.0273468,0.0692351,-1.28995,-0.0273468,0.069235,-1.28976,-0.0508939,0.0951785,-1.51972,-0.054686,0.09519,-1.51993,-0.0292388,0.0693875,-1.51994,-0.0292388,0.0693873,-1.51973,-0.054686
0.118292,-0.0302925,-1.4914,22.1168,838862109,0.113286,-1.28667,-0.0508939,0.113293,-1.28686,-0.0273468,0.0915184,-1.28764,-0.0273468,0.091522,-1.28745,-0.0508939,0.12147,-1.5165,-0.054686,0.121478,-1.51671,-0.0292388,0.0956915,-1.51763,-0.0292388,0.0956954,-1.51742,-0.054686
0.140363,-0.0302653,-1.47424,5.47856,838862110,0.135468,-1.28588,-0.0508939,0.135486,-1.28607,-0.0273468,0.113711,-1.28685,-0.0273468,0.113704,-1.28666,-0.0508939,0.147663,-1.51557,-0.054686,0.147682,-1.51578,-0.0292388,0.121896,-1.5167,-0.0292388,0.121888,-1.51649,-0.054686
0.259218,-0.0302915,-1.45689,-8.40931,838862111,0.15762,-1.28203,-0.0508939,0.157634,-1.28223,-0.0273468,0.1359,-1.28376,-0.0273468,0.135897,-1.28357,-0.0508939,0.173827,-1.51144,-0.054686,0.173841,-1.51165,-0.0292388,0.148103,-1.51346,-0.0292388,0.1481,-1.51326,-0.054686
1.92913,-0.0302645,-1.43973,0.5816,838862112,0.179762,-1.28047,-0.0508939,0.179786,-1.28066,-0.0273468,0.158051,-1.2822,-0.0273468,0.158038,-1.282,-0.0508939,0.199971,-1.50959,-0.054686,0.199997,-1.5098,-0.0292388,0.174259,-1.51162,-0.0292388,0.174244,-1.51141,-0.054686
0.924214,-0.030291,-1.42238,0.455425,838862113,0.201766,-1.27585,-0.0508939,0.201786,-1.27604,-0.0273468,0.180119,-1.27834,-0.0273468,0.180109,-1.27814,-0.0508939,0.225974,-1.50455,-0.054686,0.225996,-1.50476,-0.0292388,0.200337,-1.50747,-0.0292388,0.200326,-1.50726,-0.054686
0.207184,-0.0302642,-1.40522,-0.31662,838862114,0.223839,-1.27351,-0.0508939,0.22387,-1.2737,-0.0273468,0.202202,-1.276,-0.0273468,0.202182,-1.27581,-0.0508939,0.252038,-1.50179,-0.054686,0.252072,-1.502,-0.0292388,0.226413,-1.50471,-0.0292388,0.226391,-1.5045,-0.054686
0.23204,-0.0302948,-1.24982,-8.00753,838862123,0.417784,-1.22208,-0.0508939,0.417838,-1.22226,-0.0273468,0.396899,-1.22829,-0.0273468,0.396855,-1.2281,-0.0508939,0.481367,-1.44309,-0.054686,0.481425,-1.44329,-0.0292388,0.456628,-1.45043,-0.0292388,0.456581,-1.45022,-0.054686
0.0894018,-0.0488368,-1.52592,15.7433,838862619,0.0688166,-1.28976,-0.0748583,0.0688168,-1.29014,-0.0513136,0.0470285,-1.29016,-0.0513136,0.0470388,-1.28977,-0.0748583,0.0689688,-1.51969,-0.0805421,0.0689691,-1.52011,-0.0550975,0.0431666,-1.52013,-0.0550975,0.0431777,-1.51971,-0.0805421
0.0201628,-0.0487925,-1.50876,-3.12988,838862620,0.0910128,-1.28974,-0.0748583,0.0910236,-1.29013,-0.0513136,0.0692353,-1.29014,-0.0513136,0.069235,-1.28976,-0.0748583,0.0951785,-1.51968,-0.0805421,0.0951901,-1.5201,-0.0550975,0.0693876,-1.52011,-0.0550975,0.0693873,-1.51969,-0.0805421
-0.0171521,-0.0488345,-1.49141,-3.07554,838862621,0.113286,-1.28667,-0.0748583,0.1133,-1.28706,-0.0513136,0.0915253,-1.28783,-0.0513136,0.091522,-1.28745,-0.0748583,0.121469,-1.51646,-0.0805421,0.121484,-1.51688,-0.0550975,0.0956976,-1.5178,-0.0550975,0.095694,-1.51738,-0.0805421
0.0223907,-0.0487906,-1.47425,91.2628,838862622,0.135468,-1.28588,-0.0748583,0.135492,-1.28627,-0.0513136,0.113718,-1.28704,-0.0513136,0.113704,-1.28666,-0.0748583,0.147662,-1.51553,-0.0805421,0.147688,-1.51595,-0.0550975,0.121902,-1.51687,-0.0550975,0.121887,-1.51645,-0.0805421
0.0976803,-0.0488329,-1.4569,6.03146,838862623,0.15762,-1.28203,-0.0748583,0.157648,-1.28242,-0.0513136,0.135914,-1.28395,-0.0513136,0.135897,-1.28357,-0.0748583,0.173824,-1.5114,-0.0805421,0.173853,-1.51182,-0.0550975,0.148115,-1.51363,-0.0550975,0.148097,-1.51322,-0.0805421
0.39795,-0.0487893,-1.43973,-6.11244,838862624,0.179761,-1.28047,-0.0748583,0.179799,-1.28085,-0.0513136,0.158065,-1.28239,-0.0513136,0.158038,-1.282,-0.0748583,0.199968,-1.50955,-0.0805421,0.200009,-1.50997,-0.0550975,0.174271,-1.51179,-0.0550975,0.174241,-1.51137,-0.0805421
0.602563,-0.048832,-1.42238,-0.348835,838862625,0.201766,-1.27585,-0.0748583,0.201807,-1.27623,-0.0513136,0.180139,-1.27853,-0.0513136,0.180109,-1.27814,-0.0748583,0.22597,-1.50451,-0.0805421,0.226014,-1.50493,-0.0550975,0.200355,-1.50764,-0.0550975,0.200322,-1.50722,-0.0805421
0.161256,-0.0487888,-1.40522,4.9562,838862626,0.223839,-1.27351,-0.0748583,0.22389,-1.2739,-0.0513136,0.202223,-1.27619,-0.0513136,0.202182,-1.27581,-0.0748583,0.252034,-1.50175,-0.0805421,0.25209,-1.50217,-0.0550975,0.22643,-1.50488,-0.0550975,0.226386,-1.50447,-0.0805421
0.246084,-0.0673001,-1.82332,-9.40888,838863114,-0.312499,-1.25467,-0.0988267,-0.312668,-1.25522,-0.075286,-0.333394,-1.2485,-0.075286,-0.333215,-1.24795,-0.0988267,-0.379568,-1.47458,-0.106402,-0.379751,-1.47518,-0.0809616,-0.404296,-1.46723,-0.0809616,-0.404102,-1.46663,-0.106402
0.147632,-0.0673086,-1.58172,-12.2894,838863128,-0.0032432,-1.2928,-0.0988267,-0.00327276,-1.29338,-0.075286,-0.0250093,-1.29188,-0.075286,-0.0249693,-1.2913,-0.0988267,-0.0150753,-1.52241,-0.106402,-0.0151072,-1.52304,-0.0809616,-0.0408484,-1.52126,-0.0809616,-0.0408052,-1.52063,-0.106402
-0.058466,-0.0673001,-1.47425,-2.63613,838863134,0.135468,-1.28588,-0.0988267,0.135499,-1.28646,-0.075286,0.113725,-1.28724,-0.075286,0.113704,-1.28666,-0.0988267,0.14766,-1.51548,-0.106402,0.147694,-1.5161,-0.0809616,0.121907,-1.51702,-0.0809616,0.121885,-1.51639,-0.106402
-0.02286,-0.0673584,-1.4569,-2.32063,838863135,0.15762,-1.28203,-0.0988267,0.157661,-1.28261,-0.075286,0.135927,-1.28415,-0.075286,0.135897,-1.28357,-0.0988267,0.17382,-1.51134,-0.106402,0.173864,-1.51197,-0.0809616,0.148126,-1.51379,-0.0809616,0.148093,-1.51316,-0.106402
0.0600611,-0.0672984,-1.43974,14.5792,838863136,0.179761,-1.28047,-0.0988267,0.179813,-1.28105,-0.075286,0.158079,-1.28258,-0.075286,0.158038,-1.282,-0.0988267,0.199965,-1.5095,-0.106402,0.20002,-1.51012,-0.0809616,0.174282,-1.51194,-0.0809616,0.174238,-1.51131,-0.106402
0.0775579,-0.0673572,-1.42239,4.93476,838863137,0.201766,-1.27585,-0.0988267,0.201827,-1.27643,-0.075286,0.18016,-1.27872,-0.075286,0.180109,-1.27814,-0.0988267,0.225965,-1.50446,-0.106402,0.226031,-1.50508,-0.0809616,0.200371,-1.5078,-0.0809616,0.200317,-1.50717,-0.106402
0.0219368,-0.0672977,-1.40523,-1.81745,838863138,0.223839,-1.27351,-0.0988267,0.22391,-1.27409,-0.075286,0.202243,-1.27638,-0.075286,0.202182,-1.27581,-0.0988267,0.252029,-1.5017,-0.106402,0.252106,-1.50232,-0.0809616,0.226447,-1.50504,-0.0809616,0.226381,-1.50441,-0.106402
0.187374,-0.0857997,-1.93079,-15.6901,838863620,-0.44521,-1.21372,-0.122801,-0.445515,-1.21444,-0.0992656,-0.465428,-1.20559,-0.0992656,-0.465113,-1.20488,-0.122801,-0.534833,-1.42538,-0.132267,-0.535162,-1.42615,-0.106833,-0.558743,-1.41567,-0.106832,-0.558403,-1.41491,-0.132267
0.413137,-0.0858752,-1.90951,-6.6538,838863621,-0.418844,-1.22171,-0.122801,-0.419133,-1.22243,-0.0992656,-0.43934,-1.21428,-0.0992656,-0.439041,-1.21357,-0.122801,-0.504797,-1.43485,-0.132267,-0.505111,-1.43562,-0.106832,-0.52904,-1.42597,-0.106833,-0.528717,-1.4252,-0.132267
0.11451,-0.0858659,-1.49141,19.75,838863645,0.113286,-1.28667,-0.122801,0.113314,-1.28744,-0.0992656,0.091539,-1.28822,-0.0992656,0.091522,-1.28745,-0.122801,0.121464,-1.51634,-0.132267,0.121494,-1.51717,-0.106832,0.095708,-1.51809,-0.106832,0.0956896,-1.51726,-0.132267
0.109702,-0.0857867,-1.43974,14.4382,838863648,0.179761,-1.28047,-0.122801,0.179827,-1.28124,-0.0992656,0.158092,-1.28278,-0.0992656,0.158038,-1.282,-0.122801,0.19996,-1.50943,-0.132267,0.20003,-1.51026,-0.106832,0.174292,-1.51208,-0.106832,0.174233,-1.51124,-0.132267
0.209079,-0.103736,-1.89235,-14.4751,838864134,-0.398258,-1.23002,-0.14541,-0.398562,-1.23088,-0.123253,-0.418796,-1.22272,-0.123253,-0.418455,-1.22187,-0.14541,-0.480452,-1.44448,-0.158875,-0.480812,-1.4455,-0.132711,-0.504748,-1.43584,-0.132711,-0.504345,-1.43484,-0.158875
0.102997,-0.103819,-1.49142,0.624324,838864157,0.113286,-1.28667,-0.14541,0.113318,-1.28758,-0.123253,0.0915144,-1.28836,-0.123253,0.0915218,-1.28745,-0.14541,0.121458,-1.51617,-0.158875,0.121496,-1.51724,-0.132711,0.0957037,-1.51816,-0.132711,0.0957123,-1.51708,-0.158875
0.102598,-0.121188,-1.38789,-3.0246,838864675,0.245668,-1.26813,-0.168009,0.24585,-1.26941,-0.145871,0.224247,-1.27247,-0.145871,0.224105,-1.27118,-0.168009,0.277765,-1.49524,-0.185468,0.277979,-1.49676,-0.159326,0.252424,-1.50037,-0.159326,0.252256,-1.49885,-0.185468
-0.0107723,-0.138434,-1.50878,-2.308,838865180,0.091013,-1.28974,-0.190634,0.0910539,-1.29142,-0.168522,0.0692363,-1.29144,-0.168522,0.0692352,-1.28976,-0.190634,0.095149,-1.51877,-0.212083,0.0951973,-1.52076,-0.185971,0.0693882,-1.52078,-0.185971,0.0693869,-1.51879,-0.212083
-0.0252309,-0.138552,-1.49144,-2.74318,838865181,0.113286,-1.28667,-0.190634,0.113346,-1.28835,-0.168522,0.0915419,-1.28913,-0.168522,0.0915218,-1.28745,-0.190634,0.121436,-1.51556,-0.212083,0.121507,-1.51754,-0.185971,0.0957144,-1.51846,-0.185971,0.0956907,-1.51648,-0.212083
0.141465,-0.138429,-1.47427,-7.91779,838865182,0.135468,-1.28588,-0.190634,0.135568,-1.28756,-0.168522,0.113764,-1.28834,-0.168522,0.113704,-1.28666,-0.190634,0.147601,-1.51463,-0.212083,0.147718,-1.51661,-0.185971,0.121926,-1.51753,-0.185971,0.121855,-1.51554,-0.212083
0.154556,-0.138548,-1.45692,-10.0373,838865183,0.15762,-1.28203,-0.190634,0.157739,-1.28371,-0.168522,0.135975,-1.28525,-0.168522,0.135897,-1.28357,-0.190634,0.17376,-1.5105,-0.212083,0.1739,-1.51248,-0.185971,0.148155,-1.5143,-0.185971,0.148062,-1.51231,-0.212083
0.10097,-0.138425,-1.43976,-2.21194,838865184,0.179762,-1.28047,-0.190634,0.17992,-1.28214,-0.168522,0.158157,-1.28368,-0.168522,0.158038,-1.282,-0.190634,0.199876,-1.50865,-0.212083,0.200063,-1.51063,-0.185971,0.174318,-1.51245,-0.185971,0.174178,-1.51047,-0.212083
0.000392087,-0.138545,-1.42241,-2.87628,838865185,0.201766,-1.27585,-0.190634,0.201943,-1.27752,-0.168522,0.180246,-1.27982,-0.168522,0.180109,-1.27814,-0.190634,0.225875,-1.50361,-0.212083,0.226084,-1.50559,-0.185971,0.200418,-1.5083,-0.185971,0.200256,-1.50632,-0.212083
0.127069,-0.138424,-1.40525,26.1081,838865186,0.223839,-1.27351,-0.190634,0.224056,-1.27518,-0.168522,0.202359,-1.27748,-0.168522,0.202182,-1.27581,-0.190634,0.25191,-1.50085,-0.212083,0.252166,-1.50282,-0.185971,0.2265,-1.50554,-0.185971,0.226291,-1.50357,-0.212083
0.0994117,-0.138546,-1.35339,2.58576,838865189,0.289274,-1.25888,-0.190634,0.289568,-1.26053,-0.168522,0.268085,-1.26434,-0.168522,0.26783,-1.26268,-0.190634,0.329224,-1.4844,-0.212083,0.329571,-1.48636,-0.185971,0.304157,-1.49086,-0.185971,0.303857,-1.48889,-0.212083
0.068548,-0.155759,-1.50879,-1.42405,838865692,0.091013,-1.28974,-0.213293,0.0910542,-1.29181,-0.191213,0.0692366,-1.29182,-0.191213,0.0692352,-1.28976,-0.213293,0.0951487,-1.51836,-0.238724,0.0951973,-1.52081,-0.212651,0.0693882,-1.52082,-0.212651,0.0693866,-1.51838,-0.238724
0.0697484,-0.155891,-1.49144,-48.256,838865693,0.113286,-1.28667,-0.213293,0.113359,-1.28874,-0.191213,0.0915555,-1.28951,-0.191213,0.0915218,-1.28745,-0.213293,0.121422,-1.51515,-0.238724,0.121509,-1.51759,-0.212651,0.0957161,-1.51851,-0.212651,0.0956762,-1.51607,-0.238724
0.326643,-0.155752,-1.47428,-5.63608,838865694,0.135468,-1.28588,-0.213293,0.135582,-1.28794,-0.191213,0.113778,-1.28872,-0.191214,0.113704,-1.28666,-0.213293,0.147586,-1.51422,-0.238724,0.14772,-1.51666,-0.212651,0.121927,-1.51757,-0.212651,0.121841,-1.51514,-0.238724
0.875251,-0.155886,-1.45693,-1.52028,838865695,0.15762,-1.28203,-0.213293,0.157766,-1.28409,-0.191213,0.136003,-1.28563,-0.191213,0.135897,-1.28357,-0.213293,0.173731,-1.51009,-0.238724,0.173903,-1.51252,-0.212651,0.148158,-1.51434,-0.212651,0.148033,-1.5119,-0.238724
0.119327,-0.155748,-1.43977,-28.5982,838865696,0.179762,-1.28047,-0.213293,0.179947,-1.28253,-0.191213,0.158184,-1.28406,-0.191214,0.158038,-1.282,-0.213293,0.199847,-1.50824,-0.238724,0.200066,-1.51068,-0.212651,0.174321,-1.51249,-0.212651,0.174149,-1.51006,-0.238724
0.217971,-0.155884,-1.42242,-10.0481,838865697,0.201766,-1.27585,-0.213293,0.201983,-1.2779,-0.191213,0.180287,-1.2802,-0.191214,0.180109,-1.27814,-0.213293,0.225832,-1.5032,-0.238724,0.226089,-1.50563,-0.212651,0.200423,-1.50835,-0.212651,0.200213,-1.50592,-0.238724
0.149092,-0.155747,-1.40525,31.9825,838865698,0.223839,-1.27351,-0.213293,0.224096,-1.27556,-0.191213,0.2024,-1.27786,-0.191213,0.202182,-1.27581,-0.213293,0.251867,-1.50045,-0.238724,0.252171,-1.50287,-0.212651,0.226505,-1.50559,-0.212651,0.226248,-1.50316,-0.238724
0.171049,-0.173203,-1.73698,3.24281,838866191,-0.202873,-1.27567,-0.235992,-0.20338,-1.27807,-0.213952,-0.224725,-1.27355,-0.213952,-0.224178,-1.27116,-0.235992,-0.250136,-1.49887,-0.265397,-0.250736,-1.5017,-0.239371,-0.275985,-1.49636,-0.239371,-0.275339,-1.49354,-0.265397
0.114951,-0.17322,-1.52596,-4.87139,838866203,0.0688164,-1.28976,-0.235992,0.068818,-1.29221,-0.213952,0.0470004,-1.29222,-0.213952,0.0470386,-1.28977,-0.235992,0.0689675,-1.5179,-0.265397,0.0689694,-1.5208,-0.239371,0.0431603,-1.52082,-0.239371,0.0432054,-1.51792,-0.265397
0.0327414,-0.173065,-1.5088,-3.45136,838866204,0.091013,-1.28974,-0.235992,0.0910544,-1.29219,-0.213952,0.0692368,-1.29221,-0.213952,0.0692352,-1.28976,-0.235992,0.0951484,-1.51789,-0.265397,0.0951973,-1.52078,-0.239371,0.0693882,-1.5208,-0.239371,0.0693863,-1.5179,-0.265397
0.0912692,-0.173212,-1.49145,8.91735,838866205,0.113286,-1.28667,-0.235992,0.113373,-1.28912,-0.213952,0.0915692,-1.2899,-0.213952,0.0915218,-1.28745,-0.235992,0.121405,-1.51467,-0.265397,0.121508,-1.51757,-0.239371,0.0957152,-1.51848,-0.239371,0.0956592,-1.51559,-0.265397
0.264946,-0.173058,-1.47429,3.5519,838866206,0.135468,-1.28588,-0.235992,0.135595,-1.28833,-0.213952,0.113792,-1.2891,-0.213952,0.113704,-1.28666,-0.235992,0.147569,-1.51374,-0.265397,0.147719,-1.51663,-0.239371,0.121927,-1.51755,-0.239371,0.121824,-1.51466,-0.265397
1.33471,-0.173207,-1.45694,1.57978,838866207,0.15762,-1.28203,-0.235992,0.157793,-1.28448,-0.213952,0.13603,-1.28601,-0.213952,0.135897,-1.28357,-0.235992,0.173698,-1.50961,-0.265397,0.173902,-1.5125,-0.239371,0.148157,-1.51432,-0.239371,0.148,-1.51143,-0.265397
0.238999,-0.173054,-1.43978,4.37185,838866208,0.179762,-1.28047,-0.235992,0.179974,-1.28291,-0.213952,0.158211,-1.28445,-0.213952,0.158038,-1.282,-0.235992,0.199814,-1.50777,-0.265397,0.200064,-1.51065,-0.239371,0.174319,-1.51247,-0.239371,0.174115,-1.50958,-0.265397
0.119546,-0.173203,-1.42242,-3.41321,838866209,0.201766,-1.27585,-0.235992,0.202024,-1.27829,-0.213952,0.180327,-1.28058,-0.213952,0.180109,-1.27814,-0.235992,0.225782,-1.50273,-0.265397,0.226086,-1.50561,-0.239371,0.200421,-1.50832,-0.239371,0.200163,-1.50544,-0.265397
0.0604284,-0.173052,-1.40526,-3.45019,838866210,0.223839,-1.27351,-0.235992,0.224137,-1.27595,-0.213952,0.20244,-1.27824,-0.213952,0.202182,-1.27581,-0.235992,0.251817,-1.49997,-0.265397,0.252169,-1.50285,-0.239371,0.226503,-1.50556,-0.239371,0.226198,-1.50269,-0.265397
0.144474,-0.19057,-2.53866,-11.1654,838866657,-1.05765,-0.741443,-0.258872,-1.06006,-0.742955,-0.236756,-1.07165,-0.724432,-0.236756,-1.0692,-0.722983,-0.258872,-1.25059,-0.862191,-0.292181,-1.25343,-0.86397,-0.26615,-1.26711,-0.842109,-0.26615,-1.26422,-0.840402,-0.292181
0.00829411,-0.190408,-1.50881,-1.73483,838866716,0.0910134,-1.28974,-0.258872,0.0910885,-1.29259,-0.236756,0.0692375,-1.29261,-0.236756,0.0692356,-1.28976,-0.258872,0.0950899,-1.51735,-0.292181,0.0951783,-1.5207,-0.26615,0.0693886,-1.52072,-0.26615,0.0693863,-1.51737,-0.292181
0.0963125,-0.19057,-1.49146,-2.84508,838866717,0.113285,-1.28667,-0.258872,0.113387,-1.28952,-0.236756,0.0915496,-1.2903,-0.236756,0.0915214,-1.28745,-0.258872,0.121385,-1.51414,-0.292181,0.121505,-1.51749,-0.26615,0.0957314,-1.51841,-0.26615,0.0956981,-1.51505,-0.292181
0.221821,-0.1904,-1.47429,4.71854,838866718,0.135469,-1.28588,-0.258872,0.135643,-1.28873,-0.236756,0.113806,-1.2895,-0.236756,0.113705,-1.28666,-0.258872,0.147492,-1.51321,-0.292181,0.147698,-1.51656,-0.26615,0.121924,-1.51747,-0.26615,0.121805,-1.51412,-0.292181
0.44898,-0.190564,-1.45695,-2.55048,838866719,0.15762,-1.28203,-0.258872,0.157821,-1.28488,-0.236756,0.136024,-1.28642,-0.236756,0.135896,-1.28357,-0.258872,0.173659,-1.50908,-0.292181,0.173896,-1.51242,-0.26615,0.14817,-1.51424,-0.26615,0.14802,-1.51089,-0.292181
0.242703,-0.190396,-1.43978,-17.5051,838866720,0.179762,-1.28047,-0.258872,0.180036,-1.28331,-0.236756,0.158239,-1.28485,-0.236756,0.158038,-1.282,-0.258872,0.199718,-1.50724,-0.292181,0.20004,-1.51058,-0.26615,0.174314,-1.51239,-0.26615,0.174078,-1.50905,-0.292181
0.273783,-0.19056,-1.42244,8.21759,838866721,0.201765,-1.27585,-0.258872,0.202065,-1.27868,-0.236756,0.180336,-1.28098,-0.236756,0.180108,-1.27814,-0.258872,0.225725,-1.50219,-0.292181,0.226078,-1.50553,-0.26615,0.200431,-1.50824,-0.26615,0.200164,-1.5049,-0.292181
0.0887953,-0.190394,-1.40527,34.8953,838866722,0.223839,-1.27351,-0.258872,0.224212,-1.27634,-0.236756,0.202483,-1.27864,-0.236756,0.202183,-1.27581,-0.258872,0.251703,-1.49944,-0.292181,0.252142,-1.50277,-0.26615,0.226495,-1.50549,-0.26615,0.226142,-1.50215,-0.292181
0.0175467,-0.207773,-1.50881,-2.42227,838867228,0.0910134,-1.28974,-0.281796,0.0910887,-1.29297,-0.259733,0.0692377,-1.29298,-0.259733,0.0692356,-1.28976,-0.281796,0.0950895,-1.51675,-0.319,0.0951782,-1.52054,-0.293029,0.0693885,-1.52056,-0.293029,0.0693859,-1.51676,-0.319
0.0466918,-0.207949,-1.49147,-31.8877,838867229,0.113285,-1.28667,-0.281796,0.1134,-1.2899,-0.259733,0.0915631,-1.29067,-0.259733,0.0915213,-1.28745,-0.281796,0.121364,-1.51353,-0.319,0.121499,-1.51733,-0.293029,0.0957257,-1.51825,-0.293029,0.0956766,-1.51445,-0.319
0.0147132,-0.207764,-1.4743,-2.13156,838867230,0.135469,-1.28588,-0.281796,0.135657,-1.2891,-0.259733,0.11382,-1.28988,-0.259733,0.113705,-1.28666,-0.281796,0.147471,-1.5126,-0.319,0.147692,-1.5164,-0.293029,0.121919,-1.51731,-0.293029,0.121783,-1.51352,-0.319
0.0818482,-0.207942,-1.45696,-1.81496,838867231,0.15762,-1.28203,-0.281796,0.157847,-1.28525,-0.259733,0.136051,-1.28679,-0.259733,0.135896,-1.28357,-0.281796,0.173617,-1.50847,-0.319,0.173885,-1.51226,-0.293029,0.148159,-1.51408,-0.293029,0.147977,-1.51029,-0.319
0.184909,-0.207759,-1.43979,-8.52532,838867232,0.179762,-1.28047,-0.281796,0.180063,-1.28368,-0.259733,0.158266,-1.28522,-0.259733,0.158038,-1.282,-0.281796,0.199675,-1.50663,-0.319,0.200029,-1.51042,-0.293029,0.174303,-1.51223,-0.293029,0.174035,-1.50844,-0.319
0.0815625,-0.207938,-1.42244,-2.06939,838867233,0.201765,-1.27585,-0.281796,0.202105,-1.27906,-0.259733,0.180375,-1.28136,-0.259733,0.180108,-1.27814,-0.281796,0.225661,-1.50159,-0.319,0.226061,-1.50537,-0.293029,0.200415,-1.50809,-0.293029,0.2001,-1.5043,-0.319
-0.0512862,-0.207757,-1.40528,-1.62482,838867234,0.223839,-1.27351,-0.281796,0.224252,-1.27672,-0.259733,0.202522,-1.27902,-0.259733,0.202183,-1.27581,-0.281796,0.251639,-1.49884,-0.319,0.252125,-1.50261,-0.293029,0.226478,-1.50533,-0.293029,0.226078,-1.50155,-0.319
0.184462,-0.207937,-1.03887,15.5885,838867255,0.664578,-1.10763,-0.281796,0.666095,-1.11048,-0.259733,0.64681,-1.12075,-0.259733,0.645357,-1.11787,-0.281796,0.771304,-1.30798,-0.319,0.77309,-1.31133,-0.293029,0.750329,-1.32346,-0.293029,0.748618,-1.32006,-0.319
0.186207,-0.207778,-0.918156,-12.1566,838867262,0.79382,-1.02049,-0.281796,0.795688,-1.02313,-0.259733,0.777583,-1.03536,-0.259733,0.775776,-1.03269,-0.281796,0.924172,-1.20638,-0.319,0.92637,-1.20948,-0.293029,0.905002,-1.22392,-0.293029,0.902874,-1.22077,-0.319
0.104126,-0.242644,-1.45697,-22.8218,838868255,0.15762,-1.28203,-0.327834,0.1579,-1.286,-0.305894,0.136104,-1.28754,-0.305894,0.135896,-1.28357,-0.327834,0.173518,-1.50707,-0.372792,0.173848,-1.51174,-0.346967,0.148122,-1.51356,-0.346967,0.147878,-1.50888,-0.372792
0.170554,-0.24243,-1.02171,-2.74119,838868280,0.684169,-1.09719,-0.327834,0.686105,-1.10067,-0.305894,0.66682,-1.11094,-0.305894,0.664948,-1.10743,-0.327834,0.793698,-1.29446,-0.372792,0.795978,-1.29855,-0.346967,0.773216,-1.31068,-0.346968,0.771012,-1.30654,-0.372793
0.0984619,-0.259758,-1.50884,-4.3599,838868764,0.0910134,-1.28974,-0.350962,0.0910895,-1.2941,-0.329094,0.0692385,-1.29411,-0.329094,0.0692356,-1.28976,-0.350962,0.0950881,-1.51453,-0.399779,0.0951777,-1.51966,-0.374038,0.0693879,-1.51968,-0.374038,0.0693845,-1.51455,-0.399779
0.0971695,-0.259968,-1.45697,5.96374,838868767,0.15762,-1.28203,-0.350962,0.157927,-1.28638,-0.329094,0.13613,-1.28792,-0.329094,0.135896,-1.28357,-0.350962,0.173461,-1.50627,-0.399779,0.173822,-1.51138,-0.374038,0.148097,-1.5132,-0.374038,0.147821,-1.50808,-0.399779
0.168301,-0.259968,-1.10791,38.2712,838868787,0.586595,-1.15081,-0.350962,0.58837,-1.15479,-0.329094,0.568415,-1.16369,-0.329094,0.566707,-1.15968,-0.350962,0.678174,-1.3561,-0.399779,0.680264,-1.36079,-0.374038,0.656711,-1.37129,-0.374038,0.6547,-1.36657,-0.399778
0.359889,-0.294706,2.06818,19.9373,838869633,-0.625963,1.1299,-0.397732,-0.628212,1.1345,-0.375905,-0.608551,1.14411,-0.375905,-0.606396,1.13946,-0.397732,-0.723883,1.33029,-0.454045,-0.726519,1.33568,-0.428462,-0.70339,1.34698,-0.428462,-0.700865,1.34153,-0.454045
0.167153,-0.294475,-1.85792,-33.5175,838869768,-0.355593,-1.24309,-0.397732,-0.357242,-1.24794,-0.375905,-0.377811,-1.24047,-0.375905,-0.376062,-1.23566,-0.397732,-0.428126,-1.45403,-0.454045,-0.430059,-1.45972,-0.428462,-0.454255,-1.45093,-0.428462,-0.452205,-1.44529,-0.454045
0.119142,-0.329414,-1.73705,46.1969,838870799,-0.202874,-1.27567,-0.444874,-0.204086,-1.2814,-0.423231,-0.225494,-1.27686,-0.423231,-0.224179,-1.27116,-0.444874,-0.248661,-1.4919,-0.508621,-0.250082,-1.49861,-0.483254,-0.275266,-1.49328,-0.483254,-0.273724,-1.48659,-0.508621
0.139702,-0.329159,-1.50887,18.3735,838870812,0.091014,-1.28974,-0.444874,0.0911234,-1.29559,-0.423231,0.0692401,-1.29561,-0.423231,0.0692362,-1.28976,-0.444874,0.0950012,-1.51076,-0.508621,0.0951295,-1.51762,-0.483254,0.0693871,-1.51764,-0.483254,0.0693826,-1.51078,-0.508621
0.235871,-0.329134,-1.05626,-2.72345,838870838,0.645908,-1.12015,-0.444874,0.648571,-1.12536,-0.423231,0.62891,-1.13497,-0.423231,0.626341,-1.12971,-0.444874,0.746396,-1.31705,-0.508621,0.749518,-1.32316,-0.483254,0.726389,-1.33446,-0.483254,0.723378,-1.3283,-0.508621
0.120482,-0.346457,-1.33631,17.0444,838871334,0.311132,-1.25501,-0.468606,0.312319,-1.2611,-0.447065,0.290771,-1.26492,-0.447065,0.289688,-1.2588,-0.468606,0.353275,-1.47089,-0.536045,0.354667,-1.47804,-0.510795,0.329319,-1.48253,-0.510795,0.328049,-1.47536,-0.536045
0.140994,-0.346493,-1.19433,-0.9292,838871342,0.485556,-1.19824,-0.468606,0.48758,-1.20412,-0.447065,0.466772,-1.21089,-0.447065,0.464849,-1.20498,-0.468606,0.557302,-1.40617,-0.536045,0.559674,-1.41306,-0.510795,0.535197,-1.42103,-0.510795,0.532942,-1.4141,-0.536045
0.157032,-0.364128,-1.31897,-1.79342,838871847,0.332529,-1.24811,-0.492617,0.333909,-1.25458,-0.471046,0.312477,-1.25915,-0.471046,0.311231,-1.25266,-0.492617,0.378195,-1.46209,-0.563617,0.379805,-1.46963,-0.538468,0.3547,-1.47499,-0.538468,0.353247,-1.46742,-0.563617
0.139579,-0.381565,-1.59902,-20.8792,838872343,-0.0253886,-1.29127,-0.51674,-0.0258683,-1.29821,-0.49528,-0.0477309,-1.29671,-0.49528,-0.0471147,-1.28977,-0.51674,-0.0403796,-1.50837,-0.591284,-0.0409388,-1.51647,-0.566263,-0.0665479,-1.5147,-0.566263,-0.0658295,-1.50661,-0.591284
0.125867,-0.381217,-1.30181,3.28599,838872360,0.35424,-1.24348,-0.51674,0.355827,-1.25026,-0.49528,0.334395,-1.25483,-0.49528,0.332942,-1.24802,-0.51674,0.40331,-1.45552,-0.591284,0.405161,-1.46343,-0.566263,0.380056,-1.46879,-0.566263,0.378362,-1.46085,-0.591284
0.165428,-0.381234,-0.918227,-12.4285,838872382,0.793821,-1.02049,-0.51674,0.797833,-1.02618,-0.49528,0.779675,-1.03845,-0.49528,0.775777,-1.03268,-0.51674,0.918756,-1.19871,-0.591284,0.923434,-1.20535,-0.566263,0.902164,-1.21972,-0.566263,0.897619,-1.21299,-0.591284
0.434531,-0.455656,-2.74979,-50.3428,838874325,-1.18952,-0.503479,-0.621348,-1.19736,-0.506338,-0.60039,-1.20488,-0.485724,-0.60039,-1.19699,-0.483021,-0.621349,-1.38903,-0.576274,-0.709718,-1.39811,-0.579588,-0.685425,-1.40688,-0.555562,-0.685425,-1.39773,-0.552428,-0.709719
0.154966,-0.455706,-1.24998,-5.18507,838874411,0.417781,-1.22208,-0.621349,0.420087,-1.23009,-0.60039,0.398999,-1.23616,-0.60039,0.396853,-1.2281,-0.621348,0.476498,-1.42618,-0.709719,0.479171,-1.43547,-0.685425,0.454592,-1.44254,-0.685425,0.452104,-1.4332,-0.709718
0.19222,-0.507426,-1.7026,22.457,838875921,-0.158735,-1.2819,-0.696394,-0.160344,-1.29106,-0.675848,-0.181957,-1.28727,-0.675848,-0.180185,-1.27813,-0.696394,-0.194695,-1.48678,-0.794583,-0.19656,-1.49741,-0.770768,-0.22175,-1.49299,-0.770768,-0.219696,-1.48239,-0.794583
0.162309,-0.524647,-1.70261,3.1154,838876433,-0.158735,-1.2819,-0.721761,-0.1604,-1.29138,-0.701362,-0.182012,-1.28759,-0.701362,-0.180185,-1.27813,-0.721761,-0.194426,-1.48525,-0.823177,-0.196355,-1.49624,-0.799532,-0.221546,-1.49182,-0.799532,-0.219428,-1.48086,-0.823177
0.12144,-0.541845,-1.45709,24.9688,838876959,0.157617,-1.28203,-0.747269,0.158316,-1.29193,-0.727072,0.136402,-1.29348,-0.727072,0.135893,-1.28357,-0.747269,0.172059,-1.48646,-0.851731,0.172864,-1.49786,-0.828468,0.147464,-1.49965,-0.828468,0.146879,-1.48824,-0.851731
0.129515,-0.559031,-1.52613,8.32264,838877467,0.0688128,-1.28976,-0.772956,0.0688196,-1.29997,-0.752908,0.0468508,-1.29999,-0.752908,0.047035,-1.28977,-0.772956,0.0689475,-1.49312,-0.880443,0.0689553,-1.50489,-0.857352,0.0434926,-1.50491,-0.857352,0.0437048,-1.49314,-0.880443
0.140004,-0.558552,-1.47444,-0.632741,838877470,0.135472,-1.28588,-0.772956,0.136026,-1.29609,-0.752908,0.114071,-1.29687,-0.752908,0.113708,-1.28666,-0.772956,0.146172,-1.489,-0.880443,0.146811,-1.50075,-0.857352,0.121364,-1.50166,-0.857352,0.120945,-1.48989,-0.880443
0.329798,-0.576172,-1.25002,-4.78915,838877995,0.417781,-1.22208,-0.798841,0.420687,-1.23218,-0.778947,0.399575,-1.23826,-0.778947,0.396852,-1.2281,-0.798841,0.47356,-1.41597,-0.909329,0.476908,-1.42761,-0.886414,0.452438,-1.43465,-0.886414,0.449301,-1.42295,-0.909329
0.115038,-0.59328,-1.25002,-0.686974,838878507,0.417781,-1.22208,-0.824932,0.420769,-1.23247,-0.805196,0.399656,-1.23854,-0.805196,0.396852,-1.2281,-0.824932,0.473102,-1.41437,-0.938397,0.476543,-1.42634,-0.915665,0.452073,-1.43338,-0.915665,0.448843,-1.42135,-0.938397
0.177675,-0.609829,-1.09088,12.0786,838879028,0.60687,-1.14176,-0.851239,0.611566,-1.15182,-0.831665,0.591503,-1.16077,-0.831665,0.586981,-1.15064,-0.851239,0.690857,-1.32153,-0.967656,0.696265,-1.33312,-0.945111,0.673011,-1.34349,-0.945111,0.667803,-1.33182,-0.967656
0.0102342,-0.626947,-1.78901,-4.02629,838879500,-0.269021,-1.26473,-0.877931,-0.271962,-1.2758,-0.858414,-0.293108,-1.26975,-0.858414,-0.289959,-1.25874,-0.877931,-0.319925,-1.45478,-0.997136,-0.323289,-1.46745,-0.974811,-0.347651,-1.46048,-0.974811,-0.344049,-1.44789,-0.997136
-0.034891,-0.627432,-1.77168,-3.24577,838879501,-0.246773,-1.26791,-0.877931,-0.249535,-1.27903,-0.858414,-0.27088,-1.27372,-0.858414,-0.267908,-1.26266,-0.877931,-0.294223,-1.45883,-0.997136,-0.297383,-1.47154,-0.974811,-0.321973,-1.46543,-0.974811,-0.318573,-1.45278,-0.997136
0.00629364,-0.626941,-1.7545,-3.19608,838879502,-0.225223,-1.27327,-0.877931,-0.227775,-1.28443,-0.858414,-0.24912,-1.27913,-0.858414,-0.246358,-1.26802,-0.877931,-0.269458,-1.46498,-0.997136,-0.272378,-1.47776,-0.974811,-0.296968,-1.47165,-0.974811,-0.293808,-1.45893,-0.997136
0.19825,-0.62743,-1.73716,-28.5651,838879503,-0.202877,-1.27567,-0.877931,-0.205249,-1.28688,-0.858414,-0.226766,-1.28232,-0.858414,-0.224183,-1.27116,-0.877931,-0.243631,-1.46813,-0.997136,-0.246345,-1.48095,-0.974811,-0.271133,-1.4757,-0.974811,-0.268177,-1.46293,-0.997136
0.109197,-0.626943,-1.71999,-13.872,838879504,-0.181153,-1.28027,-0.877931,-0.183314,-1.29152,-0.858414,-0.204831,-1.28696,-0.858414,-0.202458,-1.27576,-0.877931,-0.218666,-1.47342,-0.997136,-0.221138,-1.48628,-0.974811,-0.245926,-1.48103,-0.974812,-0.243212,-1.46822,-0.997136
-0.0157941,-0.627436,-1.70265,-3.21227,838879505,-0.158737,-1.2819,-0.877931,-0.160717,-1.29317,-0.858414,-0.18238,-1.28937,-0.858414,-0.180187,-1.27813,-0.877931,-0.192744,-1.47566,-0.997136,-0.195009,-1.48856,-0.974811,-0.219965,-1.48418,-0.974811,-0.217457,-1.47132,-0.997136
0.10137,-0.626953,-1.68547,-3.31319,838879506,-0.136866,-1.28573,-0.877931,-0.138632,-1.29705,-0.858414,-0.160295,-1.29325,-0.858414,-0.158316,-1.28197,-0.877931,-0.16761,-1.48007,-0.997136,-0.169631,-1.49301,-0.974811,-0.194587,-1.48863,-0.974811,-0.192323,-1.47573,-0.997136
0.0538433,-0.644087,-1.78902,54.059,838880012,-0.269021,-1.26473,-0.904837,-0.272037,-1.27606,-0.885485,-0.293183,-1.27002,-0.885485,-0.289959,-1.25874,-0.904837,-0.319457,-1.45315,-1.02681,-0.322907,-1.46611,-1.00467,-0.347269,-1.45914,-1.00467,-0.343581,-1.44625,-1.02681
0.375009,-0.644581,-1.77168,2.36107,838880013,-0.246773,-1.26791,-0.904837,-0.249601,-1.27929,-0.885485,-0.270946,-1.27399,-0.885485,-0.267908,-1.26266,-0.904837,-0.293813,-1.45718,-1.02681,-0.297048,-1.47019,-1.00467,-0.321638,-1.46408,-1.00467,-0.318163,-1.45112,-1.02681
0.976885,-0.64408,-1.75451,-1.14741,838880014,-0.225223,-1.27327,-0.904837,-0.227841,-1.2847,-0.885485,-0.249186,-1.2794,-0.885485,-0.246358,-1.26802,-0.904837,-0.269048,-1.46333,-1.02681,-0.272043,-1.47641,-1.00467,-0.296633,-1.4703,-1.00467,-0.293397,-1.45728,-1.02681
1.49061,-0.644579,-1.73717,1.72693,838880015,-0.202877,-1.27567,-0.904837,-0.205306,-1.28714,-0.885485,-0.226823,-1.28259,-0.885485,-0.224183,-1.27116,-0.904837,-0.243278,-1.46646,-1.02681,-0.246057,-1.47959,-1.00467,-0.270845,-1.47434,-1.00467,-0.267825,-1.46127,-1.02681
0.157203,-0.644082,-1.71999,5.11907,838880016,-0.181153,-1.28027,-0.904837,-0.183371,-1.29179,-0.885485,-0.204888,-1.28723,-0.885485,-0.202458,-1.27576,-0.904837,-0.218313,-1.47175,-1.02681,-0.22085,-1.48492,-1.00467,-0.245638,-1.47968,-1.00467,-0.242859,-1.46655,-1.02681
0.0487562,-0.644585,-1.70265,-2.46907,838880017,-0.158737,-1.2819,-0.904837,-0.160764,-1.29344,-0.885485,-0.182427,-1.28964,-0.885485,-0.180187,-1.27813,-0.904837,-0.19245,-1.47398,-1.02681,-0.194769,-1.48719,-1.00467,-0.219725,-1.48281,-1.00467,-0.217163,-1.46964,-1.02681
0.0304098,-0.661206,-1.78903,-3.13173,838880524,-0.269021,-1.26473,-0.931978,-0.272112,-1.27633,-0.912793,-0.293258,-1.27028,-0.912793,-0.289959,-1.25874,-0.931978,-0.318978,-1.45147,-1.05669,-0.322514,-1.46474,-1.03475,-0.346875,-1.45777,-1.03475,-0.343102,-1.44457,-1.05669
0.324367,-0.661711,-1.77168,-4.6543,838880525,-0.246773,-1.26791,-0.931978,-0.249667,-1.27956,-0.912793,-0.271012,-1.27425,-0.912793,-0.267908,-1.26266,-0.931978,-0.293393,-1.45549,-1.05669,-0.296703,-1.46881,-1.03475,-0.321293,-1.46269,-1.03475,-0.317743,-1.44943,-1.05669
0.332383,-0.6612,-1.75451,3.47861,838880526,-0.225223,-1.27327,-0.931978,-0.227907,-1.28497,-0.912793,-0.249252,-1.27966,-0.912793,-0.246358,-1.26802,-0.931978,-0.268627,-1.46164,-1.05669,-0.271698,-1.47502,-1.03475,-0.296288,-1.46891,-1.03475,-0.292977,-1.45559,-1.05669
0.0339439,-0.661708,-1.73717,-3.45627,838880527,-0.202877,-1.27567,-0.931978,-0.205363,-1.28741,-0.912793,-0.22688,-1.28285,-0.912793,-0.224183,-1.27116,-0.931978,-0.242917,-1.46476,-1.05669,-0.24576,-1.47819,-1.03475,-0.270549,-1.47294,-1.03475,-0.267464,-1.45956,-1.05669
0.0558177,-0.661202,-1.72,3.58146,838880528,-0.181153,-1.28027,-0.931978,-0.183427,-1.29206,-0.912793,-0.204944,-1.2875,-0.912793,-0.202458,-1.27576,-0.931978,-0.217952,-1.47005,-1.05669,-0.220553,-1.48352,-1.03475,-0.245342,-1.47828,-1.03475,-0.242499,-1.46485,-1.05669
-0.00937434,-0.661715,-1.70266,-2.94065,838880529,-0.158737,-1.2819,-0.931978,-0.160811,-1.29371,-0.912793,-0.182474,-1.28991,-0.912793,-0.180187,-1.27813,-0.931978,-0.192149,-1.47227,-1.05669,-0.194521,-1.48578,-1.03475,-0.219478,-1.4814,-1.03475,-0.216862,-1.46793,-1.05669
0.0102342,-0.678307,-1.78903,-2.00627,838881036,-0.269021,-1.26473,-0.959363,-0.272186,-1.27658,-0.940349,-0.293332,-1.27054,-0.940349,-0.289959,-1.25874,-0.959363,-0.318488,-1.44976,-1.08679,-0.322109,-1.46332,-1.06504,-0.346471,-1.45635,-1.06504,-0.342612,-1.44286,-1.08679
0.00639243,-0.678822,-1.77169,-2.59424,838881037,-0.246773,-1.26791,-0.959363,-0.249732,-1.27982,-0.940349,-0.271077,-1.27451,-0.940349,-0.267908,-1.26266,-0.959363,-0.292963,-1.45376,-1.08679,-0.296348,-1.46738,-1.06504,-0.320938,-1.46127,-1.06504,-0.317313,-1.44771,-1.08679
0.0733852,-0.678301,-1.75452,-2.45445,838881038,-0.225223,-1.27327,-0.959363,-0.227972,-1.28523,-0.940349,-0.249317,-1.27992,-0.940349,-0.246358,-1.26802,-0.959363,-0.268198,-1.45991,-1.08679,-0.271343,-1.47359,-1.06504,-0.295933,-1.46748,-1.06504,-0.292548,-1.45386,-1.08679
0.0533089,-0.678819,-1.73718,-3.00488,838881039,-0.202877,-1.27567,-0.959363,-0.205419,-1.28767,-0.940349,-0.226935,-1.28312,-0.940349,-0.224183,-1.27116,-0.959363,-0.242548,-1.46302,-1.08679,-0.245456,-1.47675,-1.06504,-0.270244,-1.4715,-1.06504,-0.267095,-1.45782,-1.08679
0.0179062,-0.678303,-1.72001,-2.00241,838881040,-0.181153,-1.28027,-0.959363,-0.183483,-1.29232,-0.940349,-0.205,-1.28776,-0.940349,-0.202458,-1.27576,-0.959363,-0.217583,-1.4683,-1.08679,-0.220249,-1.48208,-1.06504,-0.245037,-1.47684,-1.06504,-0.24213,-1.46311,-1.08679
-0.0629338,-0.678826,-1.70266,-2.09944,838881041,-0.158737,-1.2819,-0.959363,-0.160858,-1.29398,-0.940349,-0.182521,-1.29018,-0.940349,-0.180187,-1.27813,-0.959363,-0.191841,-1.47051,-1.08679,-0.194267,-1.48433,-1.06504,-0.219224,-1.47995,-1.06504,-0.216554,-1.46617,-1.08679
0.123569,-0.678301,-1.40545,-1.67785,838881058,0.223844,-1.27351,-0.959363,0.22535,-1.28569,-0.940349,0.203478,-1.288,-0.940349,0.202187,-1.2758,-0.959363,0.247296,-1.4636,-1.08679,0.249019,-1.47753,-1.06504,0.223822,-1.4802,-1.06504,0.222345,-1.46624,-1.08679
0.603161,-0.729679,-1.02189,-1.26846,838882616,0.684173,-1.09719,-1.04345,0.69056,-1.10867,-1.02484,0.671128,-1.11902,-1.02484,0.664953,-1.10743,-1.04345,0.774464,-1.25998,-1.1786,0.781716,-1.27302,-1.15747,0.759472,-1.28486,-1.15747,0.752459,-1.2717,-1.1786
0.140754,-0.74742,-1.63366,21.3519,838883093,-0.0699413,-1.2897,-1.07207,-0.0713288,-1.30301,-1.05364,-0.0932276,-1.30073,-1.05364,-0.0916017,-1.28744,-1.07207,-0.0890508,-1.473,-1.20971,-0.0906265,-1.48812,-1.18877,-0.115694,-1.48551,-1.18877,-0.113848,-1.47042,-1.20971
0.15606,-0.781125,-1.54355,17.453,838884122,0.0464556,-1.29205,-1.13017,0.0462197,-1.30592,-1.11211,0.0242152,-1.30517,-1.11211,0.0246906,-1.2913,-1.13017,0.043421,-1.4726,-1.2727,0.0431531,-1.48835,-1.25218,0.0179646,-1.48749,-1.25218,0.0185044,-1.47174,-1.2727
0.178846,-0.803321,-2.00008,-41.2461,838884608,-0.527924,-1.18026,-1.16882,-0.534382,-1.19299,-1.15074,-0.55385,-1.18266,-1.15074,-0.547161,-1.17005,-1.16882,-0.609058,-1.33953,-1.31362,-0.616337,-1.35388,-1.29324,-0.638476,-1.34213,-1.29324,-0.630935,-1.32792,-1.31362
-0.0728616,-0.803393,-1.23291,-2.84685,838884652,0.439122,-1.21594,-1.16882,0.44332,-1.22958,-1.15074,0.422139,-1.23568,-1.15074,0.418193,-1.22196,-1.16882,0.491406,-1.38687,-1.31362,0.496138,-1.40224,-1.29324,0.472052,-1.40917,-1.29324,0.467604,-1.39371,-1.31362
0.0160897,-0.821125,-1.28461,-3.02109,838885161,0.375378,-1.23584,-1.19895,0.378898,-1.24991,-1.18106,0.357517,-1.25526,-1.18106,0.354252,-1.24113,-1.19895,0.418311,-1.40742,-1.34602,0.422278,-1.42327,-1.32584,0.397965,-1.42936,-1.32584,0.394285,-1.41343,-1.34602
-0.0131731,-0.820549,-1.26743,-2.61695,838885162,0.396924,-1.23045,-1.19895,0.400698,-1.24445,-1.18106,0.379317,-1.2498,-1.18106,0.375798,-1.23574,-1.19895,0.442756,-1.4013,-1.34602,0.447011,-1.41708,-1.32584,0.422698,-1.42317,-1.32584,0.41873,-1.40731,-1.34602
0.0138487,-0.821161,-1.2501,54.7381,838885163,0.417777,-1.22208,-1.19895,0.421786,-1.23602,-1.18106,0.400605,-1.24211,-1.18106,0.396849,-1.2281,-1.19895,0.466676,-1.39205,-1.34602,0.471195,-1.40776,-1.32584,0.44711,-1.41469,-1.32584,0.442875,-1.3989,-1.34602
0.0454866,-0.82059,-1.23292,54.8409,838885164,0.439122,-1.21594,-1.19895,0.443383,-1.2298,-1.18106,0.422202,-1.2359,-1.18106,0.418193,-1.22196,-1.19895,0.490893,-1.38508,-1.34602,0.495696,-1.40071,-1.32584,0.471611,-1.40764,-1.32584,0.467092,-1.39193,-1.34602
0.152284,-0.821184,-1.21167,-12.6641,838885165,0.464443,-1.20512,-1.19895,0.468933,-1.2189,-1.18106,0.447976,-1.22573,-1.18106,0.443736,-1.21186,-1.19895,0.519204,-1.37329,-1.34602,0.524265,-1.38883,-1.32584,0.500434,-1.39659,-1.32584,0.495654,-1.38096,-1.34602
0.127966,-0.838344,-1.59917,33.9363,838885655,-0.0253937,-1.29127,-1.22941,-0.0264081,-1.30596,-1.21169,-0.0483959,-1.30444,-1.21169,-0.0471197,-1.28977,-1.22941,-0.0374476,-1.46583,-1.3787,-0.0385911,-1.48239,-1.35874,-0.0635942,-1.48067,-1.35874,-0.0621556,-1.46413,-1.3787
0.0608308,-0.838307,-1.28462,30.8132,838885673,0.375378,-1.23584,-1.22941,0.378953,-1.25013,-1.21169,0.357572,-1.25548,-1.21169,0.354252,-1.24113,-1.22941,0.417854,-1.40559,-1.3787,0.421883,-1.42169,-1.35874,0.39757,-1.42778,-1.35874,0.393827,-1.4116,-1.3787
-0.0240579,-0.837724,-1.26744,-2.52098,838885674,0.396924,-1.23045,-1.22941,0.400753,-1.24467,-1.21169,0.379372,-1.25002,-1.21169,0.375798,-1.23574,-1.22941,0.442299,-1.39947,-1.3787,0.446616,-1.4155,-1.35874,0.422303,-1.42159,-1.35874,0.418273,-1.40548,-1.3787
0.00852827,-0.838344,-1.2501,-3.01262,838885675,0.417777,-1.22208,-1.22941,0.421849,-1.23623,-1.21169,0.400668,-1.24233,-1.21169,0.396848,-1.2281,-1.22941,0.466155,-1.39024,-1.3787,0.470745,-1.40619,-1.35874,0.446659,-1.41312,-1.35874,0.442354,-1.39709,-1.3787
-0.0160134,-0.837765,-1.23292,-2.58086,838885676,0.439122,-1.21594,-1.22941,0.443445,-1.23002,-1.21169,0.422264,-1.23611,-1.21169,0.418193,-1.22196,-1.22941,0.490373,-1.38327,-1.3787,0.495246,-1.39915,-1.35874,0.471161,-1.40607,-1.35874,0.466571,-1.39012,-1.3787
0.0996316,-0.838368,-1.21167,-19.2628,838885677,0.464443,-1.20512,-1.22941,0.469003,-1.21912,-1.21169,0.448046,-1.22594,-1.21169,0.443736,-1.21186,-1.22941,0.518621,-1.3715,-1.3787,0.523761,-1.38728,-1.35874,0.49993,-1.39504,-1.35874,0.495071,-1.37917,-1.3787
0.151753,-0.837657,-1.02192,21.6907,838885688,0.684174,-1.09719,-1.22941,0.691329,-1.11006,-1.21169,0.671877,-1.12042,-1.21169,0.664954,-1.10743,-1.22941,0.76908,-1.25022,-1.3787,0.777145,-1.26473,-1.35874,0.755025,-1.27651,-1.35874,0.747221,-1.26186,-1.3787
0.617984,-0.85542,1.36985,48.5989,838885977,0.246775,1.26791,-1.26018,0.250381,1.28242,-1.24266,0.27177,1.27711,-1.24266,0.26791,1.26266,-1.26018,0.28852,1.43587,-1.41169,0.292585,1.45223,-1.39194,0.316908,1.44618,-1.39194,0.312556,1.4299,-1.41169
0.190511,-0.854862,2.33067,-25.5198,838886032,-0.898755,0.929493,-1.26018,-0.908574,0.940771,-1.24266,-0.891699,0.954949,-1.24266,-0.882082,0.943503,-1.26018,-1.01238,1.06008,-1.41169,-1.02345,1.07279,-1.39194,-1.00426,1.08891,-1.39194,-0.993417,1.07601,-1.41169
0.128696,-0.854846,2.53776,2.96352,838886044,-1.07066,0.724854,-1.26018,-1.08261,0.733842,-1.24266,-1.06905,0.75122,-1.24266,-1.05727,0.742026,-1.26018,-1.20897,0.828938,-1.41169,-1.22244,0.839069,-1.39194,-1.20702,0.858831,-1.39194,-1.19373,0.848467,-1.41169
0.166643,-0.85547,2.5551,-10.4317,838886045,-1.08194,0.70542,-1.26018,-1.09404,0.714198,-1.24266,-1.0811,0.732039,-1.24266,-1.06915,0.72305,-1.26018,-1.22204,0.80703,-1.41169,-1.23568,0.816924,-1.39194,-1.22097,0.837213,-1.39194,-1.2075,0.827079,-1.41169
0.146945,-0.854817,-1.44002,-2.39857,838886176,0.179768,-1.28047,-1.26018,0.181084,-1.29536,-1.24266,0.159098,-1.29692,-1.24266,0.158045,-1.282,-1.26018,0.194946,-1.4529,-1.41169,0.196429,-1.46969,-1.39194,0.171428,-1.47145,-1.39194,0.170241,-1.45464,-1.41169
0.0368711,-0.85547,-1.28462,46.8917,838886185,0.375378,-1.23584,-1.26018,0.379007,-1.25034,-1.24266,0.357626,-1.25569,-1.24266,0.354252,-1.24113,-1.26018,0.41739,-1.40373,-1.41169,0.42148,-1.42008,-1.39194,0.397167,-1.42617,-1.39194,0.393363,-1.40975,-1.41169
-0.0076414,-0.854879,-1.26744,-2.73959,838886186,0.396924,-1.23045,-1.26018,0.400808,-1.24489,-1.24266,0.379427,-1.25024,-1.24266,0.375798,-1.23574,-1.26018,0.441835,-1.39762,-1.41169,0.446213,-1.41389,-1.39194,0.4219,-1.41998,-1.39194,0.417809,-1.40363,-1.41169
0.169995,-0.855507,-1.2501,-3.04508,838886187,0.417777,-1.22208,-1.26018,0.421911,-1.23645,-1.24266,0.40073,-1.24254,-1.24266,0.396848,-1.2281,-1.26018,0.465627,-1.3884,-1.41169,0.470286,-1.4046,-1.39194,0.446201,-1.41153,-1.39194,0.441826,-1.39525,-1.41169
0.067736,-0.854921,-1.23293,-10.3115,838886188,0.439122,-1.21594,-1.26018,0.443507,-1.23023,-1.24266,0.422326,-1.23633,-1.24266,0.418193,-1.22196,-1.26018,0.489844,-1.38144,-1.41169,0.494787,-1.39755,-1.39194,0.470702,-1.40448,-1.39194,0.466043,-1.38828,-1.41169
0.0223497,-0.855531,-1.21168,-3.13951,838886189,0.464443,-1.20512,-1.26018,0.469072,-1.21933,-1.24266,0.448115,-1.22616,-1.24266,0.443736,-1.21186,-1.26018,0.518029,-1.36968,-1.41169,0.523247,-1.38571,-1.39194,0.499416,-1.39347,-1.39194,0.49448,-1.37735,-1.41169
-0.00873844,-0.8549,-1.1945,-2.6721,838886190,0.485562,-1.19824,-1.26018,0.49044,-1.21237,-1.24266,0.469483,-1.2192,-1.24266,0.464854,-1.20498,-1.26018,0.54199,-1.36188,-1.41169,0.547489,-1.37781,-1.39194,0.523658,-1.38557,-1.39194,0.518441,-1.36955,-1.41169
0.370078,-0.855488,-1.17716,-8.55083,838886191,0.505783,-1.18844,-1.26018,0.510905,-1.20249,-1.24266,0.490199,-1.21004,-1.24266,0.485323,-1.1959,-1.26018,0.565084,-1.35103,-1.41169,0.570858,-1.36687,-1.39194,0.547313,-1.37545,-1.39194,0.541816,-1.35952,-1.41169
0.0732254,-0.854862,-1.15998,-2.36168,838886192,0.526648,-1.18083,-1.26018,0.532017,-1.19479,-1.24266,0.511311,-1.20234,-1.24266,0.506189,-1.18829,-1.26018,0.588758,-1.3424,-1.41169,0.59481,-1.35813,-1.39194,0.571264,-1.36672,-1.39194,0.56549,-1.35089,-1.41169
-0.0613936,-0.855455,-1.14264,-3.22033,838886193,0.546515,-1.17033,-1.26018,0.552125,-1.18419,-1.24266,0.531695,-1.19246,-1.24266,0.526328,-1.1785,-1.26018,0.611458,-1.33075,-1.41169,0.617782,-1.34638,-1.39194,0.594551,-1.35578,-1.39194,0.588501,-1.34005,-1.41169
0.117211,-0.854834,-1.12547,16.8177,838886194,0.567102,-1.162,-1.26018,0.572955,-1.17576,-1.24266,0.552525,-1.18403,-1.24266,0.546916,-1.17017,-1.26018,0.634816,-1.3213,-1.41169,0.641414,-1.33681,-1.39194,0.618183,-1.34621,-1.39194,0.611859,-1.33059,-1.41169
0.112982,-0.855433,-1.10813,-52.7139,838886195,0.586589,-1.15081,-1.26018,0.59268,-1.16446,-1.24266,0.572552,-1.17344,-1.24266,0.566701,-1.15968,-1.26018,0.657096,-1.30887,-1.41169,0.663962,-1.32426,-1.39194,0.641073,-1.33447,-1.39194,0.634478,-1.31896,-1.41169
0.10669,-0.872676,2.62804,20.8908,838886561,-1.13042,0.624635,-1.2913,-1.14329,0.632666,-1.27397,-1.13162,0.651365,-1.27397,-1.11889,0.643111,-1.2913,-1.2756,0.715228,-1.445,-1.29011,0.724281,-1.42546,-1.27684,0.745544,-1.42546,-1.26249,0.73624,-1.445
0.355965,-0.871971,-1.47454,52.1517,838886686,0.135475,-1.28588,-1.2913,0.136277,-1.30103,-1.27397,0.114251,-1.30182,-1.27397,0.113711,-1.28666,-1.2913,0.144552,-1.4568,-1.445,0.145457,-1.47388,-1.42546,0.12041,-1.47477,-1.42546,0.119801,-1.45768,-1.445
-0.0178775,-0.872615,-1.28462,-3.24676,838886697,0.375378,-1.23584,-1.2913,0.379061,-1.25056,-1.27397,0.35768,-1.25591,-1.27397,0.354252,-1.24113,-1.2913,0.416919,-1.40185,-1.445,0.42107,-1.41844,-1.42546,0.396757,-1.42453,-1.42546,0.392893,-1.40786,-1.445
-0.0840598,-0.872016,-1.26745,-2.82683,838886698,0.396924,-1.23045,-1.2913,0.400861,-1.2451,-1.27397,0.37948,-1.25045,-1.27397,0.375798,-1.23574,-1.2913,0.441364,-1.39574,-1.445,0.445803,-1.41225,-1.42546,0.42149,-1.41834,-1.42546,0.417338,-1.40175,-1.445
0.0759153,-0.872652,-1.25011,64.2732,838886699,0.417777,-1.22208,-1.2913,0.421972,-1.23666,-1.27397,0.400791,-1.24275,-1.27397,0.396849,-1.2281,-1.2913,0.465091,-1.38654,-1.445,0.469819,-1.40298,-1.42546,0.445733,-1.40991,-1.42546,0.441289,-1.39339,-1.445
0.0618588,-0.872059,-1.23293,-4.14421,838886700,0.439122,-1.21594,-1.2913,0.443569,-1.23045,-1.27397,0.422388,-1.23654,-1.27397,0.418193,-1.22196,-1.2913,0.489308,-1.37957,-1.445,0.49432,-1.39593,-1.42546,0.470235,-1.40286,-1.42546,0.465506,-1.38642,-1.445
0.0985412,-0.872676,-1.21168,22.0924,838886701,0.464443,-1.20512,-1.2913,0.469141,-1.21954,-1.27397,0.448183,-1.22637,-1.27397,0.443735,-1.21186,-1.2913,0.517429,-1.36784,-1.445,0.522724,-1.3841,-1.42546,0.498893,-1.39186,-1.42546,0.493879,-1.37551,-1.445
0.275734,-0.872037,-1.19451,-11.3293,838886702,0.485562,-1.19824,-1.2913,0.490509,-1.21258,-1.27397,0.469552,-1.21941,-1.27397,0.464854,-1.20498,-1.2913,0.54139,-1.36004,-1.445,0.546966,-1.37621,-1.42546,0.523135,-1.38397,-1.42546,0.51784,-1.3677,-1.445
0.250817,-0.872633,-1.17716,9.5951,838886703,0.505783,-1.18844,-1.2913,0.510981,-1.20269,-1.27397,0.490275,-1.21025,-1.27397,0.485323,-1.1959,-1.2913,0.564419,-1.34921,-1.445,0.570279,-1.36528,-1.42546,0.546734,-1.37387,-1.42546,0.541152,-1.3577,-1.445
0.319302,-0.871999,-1.15999,2.88967,838886704,0.526648,-1.18083,-1.2913,0.532093,-1.19499,-1.27397,0.511387,-1.20255,-1.27397,0.506189,-1.18829,-1.2913,0.588093,-1.34058,-1.445,0.594231,-1.35654,-1.42546,0.570686,-1.36513,-1.42546,0.564826,-1.34906,-1.445
0.0380417,-0.8726,-1.14265,-5.07055,838886705,0.546515,-1.17033,-1.2913,0.552208,-1.18439,-1.27397,0.531778,-1.19266,-1.27397,0.526328,-1.1785,-1.2913,0.610731,-1.32896,-1.445,0.617148,-1.34481,-1.42546,0.593917,-1.35421,-1.42546,0.587774,-1.33825,-1.445
0.0189404,-0.871971,-1.12547,-46.8901,838886706,0.567102,-1.162,-1.2913,0.573038,-1.17596,-1.27397,0.552609,-1.18423,-1.27397,0.546916,-1.17017,-1.2913,0.634088,-1.3195,-1.445,0.64078,-1.33524,-1.42546,0.617549,-1.34465,-1.42546,0.611131,-1.32879,-1.445
-0.00949303,-0.872577,-1.10813,88.9936,838886707,0.586589,-1.15081,-1.2913,0.59277,-1.16467,-1.27397,0.572642,-1.17364,-1.27397,0.566701,-1.15968,-1.2913,0.656306,-1.3071,-1.445,0.663273,-1.32271,-1.42546,0.640385,-1.33292,-1.42546,0.633688,-1.31719,-1.445
0.103646,-0.889162,2.33067,-2.52674,838887056,-0.898756,0.929493,-1.32289,-0.9089,0.941128,-1.30571,-0.892011,0.955318,-1.30571,-0.882083,0.943502,-1.32289,-1.00982,1.05728,-1.47862,-1.02117,1.0703,-1.45939,-1.00209,1.08633,-1.45939,-0.990983,1.07311,-1.47862
0.1512,-0.889108,2.78328,38.3989,838887082,-1.21482,0.442899,-1.32289,-1.22903,0.448909,-1.30571,-1.22008,0.469067,-1.30571,-1.20597,0.462801,-1.32289,-1.37066,0.509058,-1.47862,-1.38657,0.515784,-1.45939,-1.37646,0.538553,-1.45939,-1.36067,0.53154,-1.47862
0.0474491,-0.889786,-1.28463,-0.84814,838887209,0.375377,-1.23584,-1.32289,0.379123,-1.25081,-1.30571,0.357724,-1.25617,-1.30571,0.354251,-1.24113,-1.32289,0.41647,-1.40006,-1.47862,0.420662,-1.41682,-1.45939,0.396491,-1.42286,-1.45939,0.392604,-1.40604,-1.47862
-0.0268528,-0.889179,-1.26745,-0.98146,838887210,0.396925,-1.23045,-1.32289,0.400944,-1.24535,-1.30571,0.379545,-1.25071,-1.30571,0.375799,-1.23574,-1.32289,0.440757,-1.39399,-1.47862,0.445254,-1.41066,-1.45939,0.421084,-1.41671,-1.45939,0.416891,-1.39996,-1.47862
-0.0608342,-0.889824,-1.25012,-1.69087,838887211,0.417776,-1.22208,-1.32289,0.422043,-1.23691,-1.30571,0.400844,-1.24301,-1.30571,0.396847,-1.2281,-1.32289,0.46458,-1.38477,-1.47862,0.469354,-1.40136,-1.45939,0.445409,-1.40825,-1.45939,0.440937,-1.39157,-1.47862
0.00515331,-0.889223,-1.23293,-2.06631,838887212,0.439123,-1.21594,-1.32289,0.44366,-1.23069,-1.30571,0.422461,-1.23679,-1.30571,0.418194,-1.22196,-1.32289,0.48864,-1.37785,-1.47862,0.493717,-1.39436,-1.45939,0.469772,-1.40124,-1.45939,0.464997,-1.38465,-1.47862
0.141821,-0.889848,-1.21169,-4.83846,838887213,0.464442,-1.20512,-1.32289,0.469221,-1.21979,-1.30571,0.448246,-1.22662,-1.30571,0.443734,-1.21186,-1.32289,0.516856,-1.36608,-1.47862,0.522204,-1.38251,-1.45939,0.498512,-1.39022,-1.45939,0.493464,-1.3737,-1.47862
1.12486,-0.889201,-1.19451,0.667429,838887214,0.485563,-1.19824,-1.32289,0.490609,-1.21283,-1.30571,0.469634,-1.21966,-1.30571,0.464855,-1.20498,-1.32289,0.540663,-1.35833,-1.47862,0.546309,-1.37466,-1.45939,0.522617,-1.38237,-1.45939,0.51727,-1.36595,-1.47862
2.01538,-0.889804,-1.17717,-0.0146449,838887215,0.505782,-1.18844,-1.32289,0.51107,-1.20294,-1.30571,0.490346,-1.2105,-1.30571,0.485322,-1.1959,-1.32289,0.563786,-1.34748,-1.47862,0.569704,-1.3637,-1.45939,0.546296,-1.37224,-1.45939,0.540673,-1.35591,-1.47862
15.2167,-0.889162,-1.15999,-0.0232641,838887216,0.52665,-1.18083,-1.32289,0.532201,-1.19523,-1.30571,0.511478,-1.20279,-1.30571,0.50619,-1.18829,-1.32289,0.587307,-1.3389,-1.47862,0.59352,-1.35502,-1.45939,0.570112,-1.36355,-1.45939,0.564194,-1.34733,-1.47862
3.32916,-0.889771,-1.14265,-7.62978,838887217,0.546514,-1.17033,-1.32289,0.552305,-1.18464,-1.30571,0.531858,-1.19291,-1.30571,0.526327,-1.1785,-1.32289,0.610037,-1.32725,-1.47862,0.616518,-1.34325,-1.45939,0.593422,-1.3526,-1.45939,0.587233,-1.33648,-1.47862
0.268956,-0.889134,-1.12547,-31.3849,838887218,0.567103,-1.162,-1.32289,0.573155,-1.1762,-1.30571,0.552708,-1.18447,-1.30571,0.546917,-1.17017,-1.32289,0.633244,-1.31785,-1.47862,0.640016,-1.33374,-1.45939,0.61692,-1.34309,-1.45939,0.61044,-1.32708,-1.47862
0.0438393,-0.889748,-1.10814,-1.35057,838887219,0.586588,-1.15081,-1.32289,0.592876,-1.16491,-1.30571,0.572731,-1.17389,-1.30571,0.5667,-1.15968,-1.32289,0.655553,-1.30541,-1.47862,0.662589,-1.32118,-1.45939,0.639834,-1.33133,-1.45939,0.633086,-1.31543,-1.47862
0.210966,-0.906347,2.64521,-2.72396,838887586,-1.14218,0.605791,-1.3548,-1.15559,0.613831,-1.3378,-1.14391,0.632545,-1.3378,-1.13065,0.624267,-1.3548,-1.28571,0.692022,-1.51253,-1.30072,0.701019,-1.4935,-1.28753,0.722158,-1.4935,-1.27268,0.712894,-1.51253
0.130241,-0.906977,-1.25012,-1.9829,838887723,0.417776,-1.22208,-1.3548,0.4221,-1.23711,-1.3378,0.400901,-1.24321,-1.3378,0.396847,-1.2281,-1.3548,0.464063,-1.38297,-1.51253,0.468901,-1.39979,-1.4935,0.444956,-1.40668,-1.4935,0.44042,-1.38977,-1.51253
0.104601,-0.906369,-1.23294,-3.37351,838887724,0.439123,-1.21594,-1.3548,0.443716,-1.23089,-1.3378,0.422517,-1.23699,-1.3378,0.418194,-1.22196,-1.3548,0.488124,-1.37605,-1.51253,0.493264,-1.39278,-1.4935,0.469319,-1.39967,-1.4935,0.464481,-1.38285,-1.51253
0.038838,-0.907001,-1.21169,-3.13711,838887725,0.464442,-1.20512,-1.3548,0.469284,-1.21999,-1.3378,0.448309,-1.22682,-1.3378,0.443734,-1.21186,-1.3548,0.516278,-1.36431,-1.51253,0.521696,-1.38095,-1.4935,0.498004,-1.38866,-1.4935,0.492885,-1.37192,-1.51253
0.265115,-0.906347,-1.19451,-10.3357,838887726,0.485563,-1.19824,-1.3548,0.490672,-1.21302,-1.3378,0.469697,-1.21985,-1.3378,0.464855,-1.20498,-1.3548,0.540084,-1.35656,-1.51253,0.545801,-1.3731,-1.4935,0.522109,-1.38081,-1.4935,0.516691,-1.36417,-1.51253
1.21557,-0.906957,-1.17717,0.714528,838887727,0.505782,-1.18844,-1.3548,0.51114,-1.20313,-1.3378,0.490416,-1.21069,-1.3378,0.485322,-1.1959,-1.3548,0.563146,-1.34572,-1.51253,0.569142,-1.36216,-1.4935,0.545734,-1.3707,-1.4935,0.540033,-1.35415,-1.51253
4.90579,-0.906308,-1.16,-0.0535471,838887728,0.526649,-1.18083,-1.3548,0.532271,-1.19542,-1.3378,0.511548,-1.20298,-1.3378,0.50619,-1.18829,-1.3548,0.586667,-1.33715,-1.51253,0.592958,-1.35348,-1.4935,0.56955,-1.36201,-1.4935,0.563554,-1.34558,-1.51253
0.739355,-0.906924,-1.14266,0.45994,838887729,0.546514,-1.17033,-1.3548,0.552381,-1.18483,-1.3378,0.531935,-1.1931,-1.3378,0.526327,-1.1785,-1.3548,0.609336,-1.32552,-1.51253,0.615902,-1.34173,-1.4935,0.592807,-1.35108,-1.4935,0.586532,-1.33475,-1.51253
-0.017002,-0.906279,-1.12548,-2.75617,838887730,0.567103,-1.162,-1.3548,0.573231,-1.17639,-1.3378,0.552784,-1.18466,-1.3378,0.546917,-1.17017,-1.3548,0.632543,-1.31612,-1.51253,0.639401,-1.33222,-1.4935,0.616305,-1.34157,-1.4935,0.609739,-1.32535,-1.51253
0.0546407,-0.9069,-1.10814,61.6269,838887731,0.586588,-1.15081,-1.3548,0.592959,-1.16509,-1.3378,0.572814,-1.17408,-1.3378,0.5667,-1.15968,-1.3548,0.654792,-1.30371,-1.51253,0.661921,-1.31969,-1.4935,0.639166,-1.32984,-1.4935,0.632325,-1.31373,-1.51253
0.0960794,-0.906261,-1.09096,-14.5922,838887732,0.606874,-1.14176,-1.3548,0.613501,-1.15593,-1.3378,0.593356,-1.16491,-1.3378,0.586985,-1.15063,-1.3548,0.677657,-1.29351,-1.51253,0.685073,-1.30936,-1.4935,0.662318,-1.31951,-1.4935,0.655189,-1.30353,-1.51253
0.173668,-0.923375,2.78327,11.4635,838888106,-1.21482,0.442899,-1.38705,-1.22941,0.449074,-1.37024,-1.22045,0.469232,-1.37024,-1.20597,0.462801,-1.38705,-1.36723,0.507532,-1.54677,-1.38355,0.514441,-1.52795,-1.37344,0.537211,-1.52795,-1.35724,0.530014,-1.54677
0.0831806,-0.924107,-1.25012,-2.12436,838888235,0.417776,-1.22208,-1.38705,0.422155,-1.2373,-1.37024,0.400956,-1.2434,-1.37024,0.396847,-1.2281,-1.38705,0.46354,-1.38115,-1.54677,0.46844,-1.39819,-1.52795,0.444495,-1.40508,-1.52795,0.439897,-1.38796,-1.54677
0.0903703,-0.923492,-1.23294,-20.5136,838888236,0.439123,-1.21594,-1.38705,0.443772,-1.23108,-1.37024,0.422573,-1.23718,-1.37024,0.418194,-1.22196,-1.38705,0.487601,-1.37423,-1.54677,0.492803,-1.39118,-1.52795,0.468858,-1.39807,-1.52795,0.463958,-1.38103,-1.54677
-0.00181128,-0.924132,-1.2117,-2.95004,838888237,0.464442,-1.20512,-1.38705,0.469346,-1.22018,-1.37024,0.448371,-1.22701,-1.37024,0.443734,-1.21186,-1.38705,0.515692,-1.36251,-1.54677,0.52118,-1.37936,-1.52795,0.497488,-1.38708,-1.52795,0.4923,-1.37013,-1.54677
0.057272,-0.92347,-1.19452,-3.38685,838888238,0.485563,-1.19824,-1.38705,0.490734,-1.21321,-1.37024,0.469759,-1.22004,-1.37024,0.464855,-1.20498,-1.38705,0.539499,-1.35476,-1.54677,0.545285,-1.37151,-1.52795,0.521593,-1.37923,-1.52795,0.516106,-1.36237,-1.54677
0.149128,-0.924087,-1.17718,4.76459,838888239,0.505782,-1.18844,-1.38705,0.511209,-1.20332,-1.37024,0.490485,-1.21088,-1.37024,0.485322,-1.1959,-1.38705,0.562498,-1.34395,-1.54677,0.568571,-1.3606,-1.52795,0.545163,-1.36914,-1.52795,0.539385,-1.35238,-1.54677
0.324204,-0.923431,-1.16,1.44547,838888240,0.526649,-1.18083,-1.38705,0.53234,-1.19561,-1.37024,0.511617,-1.20317,-1.37024,0.50619,-1.18829,-1.38705,0.586019,-1.33537,-1.54677,0.592387,-1.35191,-1.52795,0.568979,-1.36045,-1.52795,0.562906,-1.3438,-1.54677
0.141915,-0.924053,-1.14266,9.07102,838888241,0.546514,-1.17033,-1.38705,0.552457,-1.18501,-1.37024,0.53201,-1.19329,-1.37024,0.526327,-1.1785,-1.38705,0.608626,-1.32376,-1.54677,0.615277,-1.34019,-1.52795,0.592182,-1.34954,-1.52795,0.585822,-1.33299,-1.54677
0.168451,-0.923402,-1.12548,4.99947,838888242,0.567103,-1.162,-1.38705,0.573307,-1.17657,-1.37024,0.55286,-1.18485,-1.37024,0.546917,-1.17017,-1.38705,0.631833,-1.31437,-1.54677,0.638775,-1.33068,-1.52795,0.61568,-1.34003,-1.52795,0.609029,-1.3236,-1.54677
-0.016844,-0.924029,-1.10815,-2.02644,838888243,0.586588,-1.15081,-1.38705,0.593041,-1.16528,-1.37024,0.572896,-1.17426,-1.37024,0.5667,-1.15968,-1.38705,0.654022,-1.30198,-1.54677,0.661242,-1.31816,-1.52795,0.638487,-1.32831,-1.52795,0.631554,-1.312,-1.54677
0.404528,-0.940573,-1.19452,49.7829,838888750,0.485563,-1.19824,-1.41968,0.490796,-1.2134,-1.40306,0.469821,-1.22023,-1.40306,0.464855,-1.20498,-1.41968,0.538906,-1.35294,-1.58135,0.544761,-1.3699,-1.56275,0.521069,-1.37762,-1.56275,0.515513,-1.36055,-1.58135
0.120458,-0.941196,-1.17718,1.52365,838888751,0.505782,-1.18844,-1.41968,0.511277,-1.20351,-1.40306,0.490553,-1.21107,-1.40306,0.485322,-1.1959,-1.41968,0.561842,-1.34215,-1.58135,0.567991,-1.35901,-1.56275,0.544583,-1.36755,-1.56275,0.538729,-1.35058,-1.58135
0.185534,-0.940533,-1.16,3.2665,838888752,0.52665,-1.18083,-1.41968,0.532409,-1.1958,-1.40306,0.511685,-1.20336,-1.40306,0.50619,-1.18829,-1.41968,0.585363,-1.33357,-1.58135,0.591807,-1.35032,-1.56275,0.568399,-1.35886,-1.56275,0.56225,-1.342,-1.58135
0.095509,-0.941162,-1.14266,-13.0024,838888753,0.546514,-1.17033,-1.41968,0.552532,-1.1852,-1.40306,0.532085,-1.19347,-1.40306,0.526327,-1.1785,-1.41968,0.607908,-1.32199,-1.58135,0.614642,-1.33862,-1.56275,0.591547,-1.34797,-1.56275,0.585104,-1.33122,-1.58135
0.0977694,-0.941124,-1.07363,-29.6775,838888757,0.625957,-1.1299,-1.41968,0.632998,-1.14431,-1.40306,0.613179,-1.154,-1.40306,0.60639,-1.13946,-1.41968,0.697788,-1.2769,-1.58135,0.705667,-1.29303,-1.56275,0.683281,-1.30396,-1.56275,0.675684,-1.2877,-1.58135
0.120972,-0.95822,2.48605,30.3957,838889113,-1.03078,0.778421,-1.45268,-1.04323,0.788846,-1.43625,-1.02906,0.805755,-1.43625,-1.0168,0.795114,-1.45268,-1.15471,0.882243,-1.6163,-1.16864,0.89391,-1.59791,-1.15264,0.913009,-1.59791,-1.13891,0.901102,-1.6163
0.191884,-0.958308,-1.25013,-4.66191,838889259,0.417776,-1.22208,-1.45268,0.422265,-1.23768,-1.43625,0.401066,-1.24378,-1.43625,0.396847,-1.2281,-1.45268,0.462475,-1.37745,-1.6163,0.467497,-1.39491,-1.59791,0.443553,-1.4018,-1.59791,0.438832,-1.38425,-1.6163
0.64612,-0.95768,-1.23295,0.518387,838889260,0.439123,-1.21594,-1.45268,0.443881,-1.23146,-1.43625,0.422683,-1.23756,-1.43625,0.418194,-1.22196,-1.45268,0.486535,-1.37053,-1.6163,0.49186,-1.3879,-1.59791,0.467915,-1.39479,-1.59791,0.462892,-1.37733,-1.6163
0.710851,-0.958333,-1.2117,-0.105169,838889261,0.464442,-1.20512,-1.45268,0.469469,-1.22055,-1.43625,0.448494,-1.22738,-1.43625,0.443734,-1.21186,-1.45268,0.514499,-1.35884,-1.6163,0.520124,-1.37612,-1.59791,0.496432,-1.38383,-1.59791,0.491106,-1.36646,-1.6163
0.334712,-0.957658,-1.19453,2.79071,838889262,0.485563,-1.19824,-1.45268,0.490857,-1.21359,-1.43625,0.469882,-1.22042,-1.43625,0.464855,-1.20498,-1.45268,0.538305,-1.35109,-1.6163,0.544229,-1.36827,-1.59791,0.520537,-1.37598,-1.59791,0.514913,-1.35871,-1.6163
0.23479,-0.957617,-1.16001,-12.3876,838889264,0.526649,-1.18083,-1.45268,0.532476,-1.19599,-1.43625,0.511753,-1.20354,-1.43625,0.50619,-1.18829,-1.45268,0.584698,-1.33175,-1.6163,0.591218,-1.34871,-1.59791,0.567811,-1.35725,-1.59791,0.561586,-1.34018,-1.6163
0.112151,-0.975349,2.76608,-2.36031,838889641,-1.2058,0.463199,-1.48631,-1.22091,0.469913,-1.46997,-1.21194,0.490087,-1.46997,-1.19695,0.4831,-1.48631,-1.35186,0.528101,-1.65172,-1.36865,0.535559,-1.63357,-1.35859,0.558195,-1.63357,-1.34194,0.550434,-1.65172
0.388356,-0.975469,2.97708,2.13005,838889653,-1.27588,0.200341,-1.48631,-1.29206,0.203768,-1.46997,-1.28748,0.225365,-1.46997,-1.27137,0.221646,-1.48631,-1.43225,0.233473,-1.65172,-1.45021,0.23728,-1.63357,-1.44508,0.261512,-1.63357,-1.42718,0.25738,-1.65172
0.252013,-0.975346,-1.3882,-37.9855,838889763,0.245659,-1.26813,-1.48631,0.247973,-1.2845,-1.46997,0.226114,-1.28759,-1.46997,0.224096,-1.27118,-1.48631,0.268025,-1.42639,-1.65172,0.270595,-1.44458,-1.63357,0.246069,-1.44804,-1.63357,0.243828,-1.42981,-1.65172
0.121898,-0.975373,-1.31917,-7.58565,838889767,0.332522,-1.24811,-1.48631,0.335973,-1.26428,-1.46997,0.314383,-1.26889,-1.46997,0.311224,-1.25266,-1.48631,0.365881,-1.40443,-1.65172,0.369715,-1.42239,-1.63357,0.345491,-1.42756,-1.63357,0.341981,-1.40953,-1.65172
0.129805,-0.975443,-1.25014,-12.0614,838889771,0.417775,-1.22208,-1.48631,0.422347,-1.23797,-1.46997,0.401131,-1.24407,-1.46997,0.396846,-1.2281,-1.48631,0.461966,-1.37568,-1.65172,0.467043,-1.39334,-1.63357,0.443239,-1.40018,-1.63357,0.43848,-1.38244,-1.65172
0.108793,-0.974809,-1.23295,3.8205,838889772,0.439124,-1.21594,-1.48631,0.443982,-1.23175,-1.46997,0.422766,-1.23785,-1.46997,0.418195,-1.22196,-1.48631,0.485871,-1.36881,-1.65172,0.491268,-1.38637,-1.63357,0.467463,-1.39321,-1.63357,0.462385,-1.37556,-1.65172
0.116088,-0.974786,-1.19453,29.0301,838889774,0.485564,-1.19824,-1.48631,0.490967,-1.21387,-1.46997,0.469976,-1.2207,-1.46997,0.464856,-1.20498,-1.48631,0.537582,-1.3494,-1.65172,0.543584,-1.36676,-1.63357,0.520031,-1.37443,-1.63357,0.514345,-1.35696,-1.65172
0.098986,-0.974688,-1.05647,-3.97369,838889782,0.645915,-1.12015,-1.48631,0.653443,-1.13487,-1.46997,0.633608,-1.14457,-1.46997,0.626348,-1.12971,-1.48631,0.718478,-1.26259,-1.65172,0.72684,-1.27894,-1.63357,0.704585,-1.28982,-1.63357,0.696521,-1.27332,-1.65172
0.202947,-0.992511,2.8351,27.067,838890157,-1.23485,0.378929,-1.52031,-1.25057,0.384633,-1.50416,-1.24303,0.405384,-1.50416,-1.22742,0.399399,-1.52031,-1.38335,0.432842,-1.68749,-1.4008,0.439179,-1.66955,-1.39235,0.462462,-1.66955,-1.37501,0.455813,-1.68749
0.19616,-0.991855,2.85228,12.2332,838890158,-1.24244,0.358048,-1.52031,-1.25825,0.363472,-1.50416,-1.25072,0.384223,-1.50416,-1.235,0.378518,-1.52031,-1.39184,0.409461,-1.68749,-1.4094,0.415486,-1.66955,-1.40095,0.438769,-1.66955,-1.3835,0.432432,-1.68749
0.183667,-0.991915,2.92132,2.84517,838890162,-1.26406,0.271476,-1.52031,-1.28022,0.275783,-1.50416,-1.27415,0.297009,-1.50416,-1.25808,0.292416,-1.52031,-1.41669,0.312334,-1.68749,-1.43463,0.317119,-1.66955,-1.42783,0.340935,-1.66955,-1.40997,0.335832,-1.68749
0.139556,-0.991938,-1.19453,-14.7854,838890286,0.485564,-1.19824,-1.52031,0.491024,-1.21404,-1.50416,0.470032,-1.22088,-1.50416,0.464856,-1.20498,-1.52031,0.537007,-1.34763,-1.68749,0.543071,-1.36518,-1.66955,0.519519,-1.37285,-1.66955,0.51377,-1.3552,-1.68749
0.372943,-0.991866,-1.1255,-1.26744,838890290,0.567104,-1.162,-1.52031,0.573653,-1.17738,-1.50416,0.55319,-1.18566,-1.50416,0.546918,-1.17017,-1.52031,0.62885,-1.30743,-1.68749,0.636125,-1.32452,-1.66955,0.613166,-1.33381,-1.66955,0.606198,-1.3166,-1.68749
0.157061,-1.00964,2.06794,3.81024,838890625,-0.625956,1.1299,-1.55471,-0.633373,1.14508,-1.53874,-0.613538,1.15477,-1.53874,-0.606389,1.13946,-1.55471,-0.69449,1.27015,-1.72364,-0.70273,1.28702,-1.70591,-0.680475,1.29789,-1.70591,-0.672533,1.28088,-1.72364
0.174426,-1.00904,-1.26748,-13.3505,838890794,0.396926,-1.23045,-1.55471,0.401317,-1.24677,-1.53874,0.379901,-1.25213,-1.53874,0.3758,-1.23574,-1.55471,0.437399,-1.38124,-1.72364,0.442277,-1.39936,-1.70591,0.418248,-1.40537,-1.70591,0.413692,-1.38717,-1.72364
0.097854,-1.02613,-1.50909,38.6491,838891292,0.0910221,-1.28974,-1.58952,0.0913319,-1.30681,-1.57374,0.0692555,-1.30683,-1.57374,0.0692443,-1.28976,-1.58952,0.0937845,-1.44395,-1.76019,0.0941286,-1.46291,-1.74266,0.0693588,-1.46293,-1.74266,0.0693464,-1.44396,-1.76019
0.283741,-1.0262,-1.23296,-4.4789,838891308,0.439124,-1.21594,-1.58952,0.444131,-1.23226,-1.57374,0.422915,-1.23837,-1.57374,0.418195,-1.22196,-1.58952,0.484315,-1.3634,-1.76019,0.489877,-1.38153,-1.74266,0.466072,-1.38838,-1.74266,0.460829,-1.37015,-1.76019
0.163658,-1.02687,-1.21172,-1.27885,838891309,0.464441,-1.20512,-1.58952,0.469727,-1.22135,-1.57374,0.448735,-1.22819,-1.57374,0.443733,-1.21186,-1.58952,0.512187,-1.35175,-1.76019,0.518058,-1.36978,-1.74266,0.494505,-1.37745,-1.74266,0.488949,-1.35931,-1.76019
0.132355,-1.0262,-0.883898,-7.08146,838891328,0.828517,-0.99242,-1.58952,0.838806,-1.00605,-1.57374,0.820957,-1.01904,-1.57374,0.81091,-1.00524,-1.58952,0.921417,-1.11553,-1.76019,0.932845,-1.13067,-1.74266,0.912818,-1.14524,-1.74266,0.901658,-1.12991,-1.76019
0.0344846,-1.04317,1.70153,-2.39044,838891628,-0.179771,1.28047,-1.62476,-0.181284,1.29765,-1.60917,-0.159262,1.29921,-1.60917,-0.158047,1.282,-1.62476,-0.193156,1.43219,-1.79714,-0.194837,1.45128,-1.77982,-0.170129,1.45303,-1.77982,-0.168779,1.43391,-1.79714
0.135895,-1.04317,-1.44006,27.0751,838891808,0.179771,-1.28047,-1.62476,0.181284,-1.29765,-1.60917,0.159262,-1.29921,-1.60917,0.158047,-1.282,-1.62476,0.193156,-1.43219,-1.79714,0.194837,-1.45128,-1.77982,0.170129,-1.45303,-1.77982,0.168779,-1.43391,-1.79714
0.109752,-1.0439,-1.28467,25.7496,838891817,0.375376,-1.23584,-1.62476,0.379563,-1.25257,-1.60917,0.358147,-1.25793,-1.60917,0.35425,-1.24113,-1.62476,0.412343,-1.38358,-1.79714,0.416994,-1.40216,-1.77982,0.392965,-1.40818,-1.77982,0.388636,-1.38951,-1.79714
0.036068,-1.04316,-1.05648,94.8324,838891830,0.645915,-1.12015,-1.62476,0.653755,-1.13551,-1.60917,0.63392,-1.14521,-1.60917,0.626348,-1.12971,-1.62476,0.715166,-1.25581,-1.79714,0.723876,-1.27288,-1.77982,0.701621,-1.28375,-1.77982,0.69321,-1.26654,-1.79714
0.108515,-1.06033,3.06327,-4.5315,838892218,-1.28987,0.0898705,-1.66072,-1.3073,0.0919894,-1.64521,-1.30424,0.113869,-1.64521,-1.28685,0.111438,-1.66072,-1.43925,0.108235,-1.83468,-1.45847,0.110572,-1.81758,-1.45506,0.13496,-1.81758,-1.43589,0.132279,-1.83468
0.153613,-1.06099,-1.38822,-14.9598,838892323,0.245658,-1.26813,-1.66072,0.248114,-1.28551,-1.64521,0.226239,-1.2886,-1.64521,0.224095,-1.27118,-1.66072,0.266716,-1.41713,-1.83468,0.269424,-1.4363,-1.81758,0.245041,-1.43974,-1.81758,0.242677,-1.42053,-1.83468
0.138678,-1.0775,2.36514,9.4506,838892690,-0.93033,0.897958,-1.6971,-0.942426,0.910902,-1.68178,-0.926018,0.925696,-1.68178,-0.914156,0.912541,-1.6971,-1.03174,1.00669,-1.87262,-1.04508,1.02097,-1.85572,-1.02679,1.03746,-1.85572,-1.01371,1.02295,-1.87262
0.166894,-1.07819,2.52053,2.8895,838892699,-1.057,0.74237,-1.6971,-1.07096,0.753263,-1.68178,-1.05738,0.770684,-1.68178,-1.0436,0.759542,-1.6971,-1.17422,0.833799,-1.87262,-1.18962,0.845812,-1.85572,-1.17448,0.865229,-1.85572,-1.15929,0.852943,-1.87262
0.120277,-1.07747,-1.72011,40.8591,838892816,-0.181148,-1.28027,-1.6971,-0.184509,-1.29767,-1.68178,-0.206123,-1.29309,-1.68178,-0.202453,-1.27576,-1.6971,-0.209499,-1.42623,-1.87262,-0.213206,-1.44541,-1.85572,-0.237297,-1.44031,-1.85572,-0.23325,-1.4212,-1.87262
0.14445,-1.0775,-0.776454,22.0829,838892870,0.93033,-0.897958,-1.6971,0.942426,-0.910902,-1.68178,0.926018,-0.925696,-1.68178,0.914156,-0.912541,-1.6971,1.03174,-1.00669,-1.87262,1.04508,-1.02097,-1.85572,1.02679,-1.03746,-1.85572,1.01371,-1.02295,-1.87262
0.145176,-1.09533,-1.10819,-16.1787,838893363,0.586586,-1.15081,-1.73393,0.593867,-1.16713,-1.71879,0.573691,-1.17613,-1.71879,0.566698,-1.15968,-1.73393,0.646401,-1.2849,-1.91098,0.65443,-1.3029,-1.89429,0.631941,-1.31293,-1.89429,0.624229,-1.29479,-1.91098
0.215617,-1.09472,-0.845492,-2.02633,838893378,0.866104,-0.959903,-1.73393,0.877364,-0.973786,-1.71879,0.859963,-0.987399,-1.71879,0.848951,-0.973322,-1.73393,0.95854,-1.074,-1.91098,0.970957,-1.08931,-1.89429,0.951562,-1.10449,-1.89429,0.939419,-1.08896,-1.91098
0.125483,-1.09462,-0.707427,3.82856,838893386,0.990076,-0.831679,-1.73393,1.00316,-0.843858,-1.71879,0.987825,-0.859762,-1.71879,0.974959,-0.847356,-1.73393,1.0975,-0.931794,-1.91098,1.11193,-0.945224,-1.89429,1.09484,-0.96295,-1.89429,1.08065,-0.94927,-1.91098
0.168601,-1.11245,2.48601,10.5845,838893721,-1.03078,0.778422,-1.77121,-1.0446,0.79,-1.75626,-1.03041,0.806936,-1.75626,-1.0168,0.795116,-1.77121,-1.14191,0.871519,-1.94979,-1.15715,0.884287,-1.9333,-1.14134,0.903163,-1.9333,-1.12632,0.89013,-1.94979
0.13548,-1.11245,-1.35371,-6.92823,838893861,0.289264,-1.25888,-1.77121,0.292409,-1.27663,-1.75626,0.270655,-1.28049,-1.75626,0.26782,-1.26268,-1.77121,0.314551,-1.40163,-1.94979,0.318019,-1.4212,-1.9333,0.293772,-1.4255,-1.9333,0.290646,-1.40586,-1.94979
0.153442,-1.12956,-1.70278,-17.305,838894353,-0.158743,-1.28189,-1.80898,-0.161886,-1.2998,-1.79421,-0.183646,-1.29599,-1.79421,-0.180193,-1.27813,-1.80898,-0.18348,-1.42284,-1.98905,-0.186946,-1.44259,-1.97277,-0.211201,-1.43833,-1.97277,-0.207392,-1.41864,-1.98905
0.113869,-1.12964,-0.828159,10.8925,838894403,0.881748,-0.943783,-1.80898,0.893446,-0.957705,-1.79421,0.876532,-0.971918,-1.79421,0.865075,-0.957793,-1.80898,0.973805,-1.05334,-1.98905,0.986704,-1.0687,-1.97277,0.96785,-1.08454,-1.97277,0.955217,-1.06896,-1.98905
0.13288,-1.16911,2.486,-1.12402,838895257,-1.03078,0.778423,-1.89852,-1.04509,0.790411,-1.88398,-1.03089,0.807358,-1.88398,-1.0168,0.795117,-1.89852,-1.13777,0.868049,-2.08135,-1.15343,0.881176,-2.06543,-1.13771,0.899944,-2.06543,-1.12228,0.88654,-2.08135
-0.0418939,-1.18625,0.740666,-2.71428,838895669,0.94559,0.879949,-1.93814,0.959988,0.89205,-1.92378,0.974213,0.875126,-1.92378,0.959602,0.863278,-1.93814,1.05106,0.968595,-2.12232,1.06683,0.981846,-2.1066,1.08258,0.963103,-2.1066,1.06658,0.950129,-2.12232
0.007549,-1.18553,0.757848,-2.81235,838895670,0.931295,0.896959,-1.93814,0.94548,0.909313,-1.92378,0.959705,0.892388,-1.92378,0.945306,0.880287,-1.93814,1.03526,0.987399,-2.12232,1.05079,1.00093,-2.1066,1.06655,0.982184,-2.1066,1.05078,0.968933,-2.12232
-0.0499882,-1.18627,0.775181,-2.26415,838895671,0.914638,0.912027,-1.93814,0.928604,0.924624,-1.92378,0.943411,0.908206,-1.92378,0.929223,0.895855,-1.93814,1.01695,1.0043,-2.12232,1.03224,1.0181,-2.1066,1.04864,0.999914,-2.1066,1.03311,0.98639,-2.12232
0.0465593,-1.18555,0.792364,46.493,838895672,0.899757,0.928527,-1.93814,0.913502,0.941369,-1.92378,0.928309,0.924951,-1.92378,0.914342,0.912355,-1.93814,1.0005,1.02254,-2.12232,1.01555,1.03661,-2.1066,1.03195,1.01842,-2.1066,1.01666,1.00463,-2.12232
0.0940205,-1.1863,0.809697,22.509,838895673,0.882584,0.943004,-1.93814,0.896102,0.956081,-1.92378,0.911473,0.94019,-1.92378,0.897725,0.927351,-1.93814,0.981612,1.0388,-2.12232,0.996415,1.05312,-2.1066,1.01344,1.03552,-2.1066,0.998383,1.02146,-2.12232
0.114326,-1.18627,-2.71548,49.453,838895831,-1.17141,-0.544201,-1.93814,-1.18884,-0.551261,-1.92378,-1.19714,-0.530769,-1.92378,-1.17958,-0.524015,-1.93814,-1.29911,-0.595918,-2.12232,-1.3182,-0.603649,-2.1066,-1.32739,-0.580955,-2.1066,-1.30817,-0.57356,-2.12232
-0.0815616,-1.20336,0.740664,-2.22891,838896181,0.94559,0.879949,-1.97827,0.960095,0.89214,-1.9641,0.974319,0.875215,-1.9641,0.959602,0.863278,-1.97827,1.04969,0.967437,-2.16379,1.06557,0.980786,-2.14826,1.08132,0.962042,-2.14826,1.06521,0.948971,-2.16379
0.06184,-1.20263,0.757845,-21.6746,838896182,0.931295,0.896959,-1.97827,0.945587,0.909402,-1.9641,0.959811,0.892477,-1.9641,0.945306,0.880287,-1.97827,1.03388,0.986241,-2.16379,1.04953,0.999866,-2.14826,1.06528,0.981123,-2.14826,1.0494,0.967775,-2.16379
0.12846,-1.20338,0.775179,-16.7258,838896183,0.914638,0.912027,-1.97827,0.928708,0.924717,-1.9641,0.943514,0.908299,-1.9641,0.929223,0.895855,-1.97827,1.01561,1.0031,-2.16379,1.03102,1.01699,-2.14826,1.04742,0.998811,-2.14826,1.03177,0.985184,-2.16379
-0.0136352,-1.20266,0.792361,-3.70719,838896184,0.899757,0.928527,-1.97827,0.913605,0.941462,-1.9641,0.928412,0.925044,-1.9641,0.914342,0.912355,-1.97827,0.999164,1.02134,-2.16379,1.01433,1.0355,-2.14826,1.03073,1.01732,-2.14826,1.01532,1.00342,-2.16379
0.0459803,-1.20341,0.809695,-63.9655,838896185,0.882583,0.943004,-1.97827,0.896202,0.956177,-1.9641,0.911573,0.940287,-1.9641,0.897725,0.927351,-1.97827,0.980318,1.03755,-2.16379,0.99523,1.05197,-2.14826,1.01225,1.03437,-2.14826,0.997089,1.02021,-2.16379
-0.026636,-1.22045,0.740662,-4.21211,838896693,0.94559,0.879949,-2.01894,0.9602,0.892228,-2.00495,0.974424,0.875303,-2.00495,0.959602,0.863278,-2.01894,1.0483,0.966271,-2.20576,1.0643,0.979716,-2.19045,1.08005,0.960972,-2.19045,1.06382,0.947805,-2.20576
2.02655,-1.21972,0.757842,-0.444784,838896694,0.931295,0.896959,-2.01894,0.945692,0.90949,-2.00495,0.959916,0.892566,-2.00495,0.945306,0.880287,-2.01894,1.03249,0.985074,-2.20576,1.04826,0.998797,-2.19045,1.06401,0.980053,-2.19045,1.04801,0.966608,-2.20576
2.08786,-1.22047,0.775177,0.535022,838896695,0.914638,0.912027,-2.01894,0.928809,0.924809,-2.00495,0.943616,0.908391,-2.00495,0.929223,0.895855,-2.01894,1.01427,1.00188,-2.20576,1.02979,1.01588,-2.19045,1.04618,0.997697,-2.19045,1.03042,0.98397,-2.20576
0.1551,-1.21975,0.792358,-15.3334,838896696,0.899757,0.928527,-2.01894,0.913707,0.941554,-2.00495,0.928514,0.925136,-2.00495,0.914342,0.912355,-2.01894,0.997817,1.02012,-2.20576,1.01309,1.03439,-2.19045,1.02949,1.01621,-2.19045,1.01397,1.00221,-2.20576
0.0500684,-1.2205,0.809693,-4.1169,838896697,0.882583,0.943004,-2.01894,0.8963,0.956273,-2.00495,0.911672,0.940382,-2.00495,0.897725,0.927351,-2.01894,0.979015,1.03628,-2.20576,0.994035,1.05081,-2.19045,1.01106,1.03322,-2.19045,0.995786,1.01895,-2.20576
0.140124,-1.22045,2.83506,-6.1921,838896813,-1.23485,0.378931,-2.01894,-1.25279,0.385444,-2.00495,-1.24525,0.406225,-2.00495,-1.22742,0.399401,-2.01894,-1.36096,0.424718,-2.20576,-1.38061,0.431849,-2.19045,-1.37225,0.454863,-2.19045,-1.35273,0.447391,-2.20576
0.0313739,-1.23758,0.740654,-1.23634,838897205,0.945591,0.879949,-2.06045,0.960408,0.892402,-2.04655,0.974641,0.875467,-2.04655,0.959603,0.863277,-2.06045,1.047,0.965178,-2.24849,1.06312,0.978723,-2.23337,1.07878,0.960085,-2.23337,1.06242,0.946827,-2.24849
0.0687029,-1.23685,0.757839,-2.25833,838897206,0.931294,0.89696,-2.06045,0.94589,0.909676,-2.04655,0.960123,0.892741,-2.04655,0.945306,0.880288,-2.06045,1.03129,0.983868,-2.24849,1.04717,0.9977,-2.23337,1.06283,0.979062,-2.23337,1.04671,0.965517,-2.24849
0.381221,-1.2376,0.775169,-2.58943,838897207,0.914638,0.912026,-2.06045,0.929012,0.924989,-2.04655,0.943827,0.908562,-2.04655,0.929224,0.895854,-2.06045,1.01301,1.00075,-2.24849,1.02864,1.01484,-2.23337,1.04495,0.996766,-2.23337,1.02906,0.982944,-2.24849
-0.0278413,-1.23688,0.792355,-1.44407,838897208,0.899756,0.928528,-2.06045,0.913899,0.941746,-2.04655,0.928715,0.925319,-2.04655,0.914342,0.912355,-2.06045,0.996657,1.01888,-2.24849,1.01204,1.03325,-2.23337,1.02835,1.01517,-2.23337,1.01271,1.00107,-2.24849
-0.018615,-1.23764,0.809685,-0.15448,838897209,0.882584,0.943004,-2.06045,0.896496,0.956461,-2.04655,0.911876,0.940561,-2.04655,0.897726,0.927351,-2.06045,0.977796,1.0351,-2.24849,0.992927,1.04974,-2.23337,1.00985,1.03224,-2.23337,0.994463,1.01787,-2.24849
0.163979,-1.23684,2.05056,4.84779,838897280,-0.606878,1.14176,-2.06045,-0.615077,1.1593,-2.04655,-0.594874,1.16831,-2.04655,-0.586989,1.15063,-2.06045,-0.662848,1.26184,-2.24849,-0.671766,1.28092,-2.23337,-0.649532,1.29083,-2.23337,-0.640955,1.27161,-2.24849
0.160226,-1.23692,2.5722,-2.39222,838897310,-1.09498,0.687437,-2.06045,-1.11085,0.698522,-2.04655,-1.09786,0.71643,-2.04655,-1.0822,0.705066,-2.06045,-1.2035,0.763433,-2.24849,-1.22077,0.77549,-2.23337,-1.20647,0.795198,-2.23337,-1.18943,0.782838,-2.24849
0.159457,-1.23683,3.13227,26.7796,838897342,-1.29304,0.000692676,-2.06045,-1.31237,0.00168532,-2.04655,-1.31084,0.0237544,-2.04655,-1.29153,0.0224185,-2.06045,-1.42534,0.0076465,-2.24849,-1.44637,0.00872618,-2.23337,-1.44469,0.0330141,-2.23337,-1.42368,0.0315611,-2.24849
0.204217,-1.23757,-3.13358,-12.642,838897343,-1.29152,-0.0217157,-2.06045,-1.31087,-0.021055,-2.04655,-1.31011,0.00105387,-2.04655,-1.29078,4.94226e-05,-2.06045,-1.42391,-0.0171942,-2.24849,-1.44495,-0.0164756,-2.23337,-1.44412,0.00785619,-2.23337,-1.42309,0.00676366,-2.24849
0.000161681,-1.25474,0.740652,-1.81746,838897717,0.945591,0.879949,-2.10248,0.960504,0.892482,-2.08876,0.974737,0.875547,-2.08876,0.959603,0.863277,-2.10248,1.04569,0.964079,-2.29171,1.06191,0.977712,-2.27678,1.07758,0.959074,-2.27678,1.06112,0.945728,-2.29171
-0.0306968,-1.25401,0.757836,-1.43862,838897718,0.931294,0.89696,-2.10248,0.945986,0.909756,-2.08876,0.960219,0.892821,-2.08876,0.945306,0.880288,-2.10248,1.02998,0.98277,-2.29171,1.04596,0.996689,-2.27678,1.06163,0.978051,-2.27678,1.04541,0.964419,-2.29171
0.0346503,-1.25476,0.775167,-0.0973799,838897719,0.914638,0.912026,-2.10248,0.929104,0.925073,-2.08876,0.94392,0.908645,-2.08876,0.929224,0.895854,-2.10248,1.01174,0.999602,-2.29171,1.02748,1.01379,-2.27678,1.04378,0.995714,-2.27678,1.0278,0.981801,-2.29171
0.0988454,-1.25403,0.792352,13.1553,838897720,0.899756,0.928528,-2.10248,0.913992,0.94183,-2.08876,0.928808,0.925402,-2.08876,0.914342,0.912355,-2.10248,0.995389,1.01773,-2.29171,1.01087,1.0322,-2.27678,1.02718,1.01412,-2.27678,1.01144,0.999931,-2.29171
0.00182358,-1.2548,0.809683,-2.03582,838897721,0.882584,0.943004,-2.10248,0.896586,0.956548,-2.08876,0.911966,0.940647,-2.08876,0.897726,0.927351,-2.10248,0.976569,1.03392,-2.29171,0.991798,1.04865,-2.27678,1.00872,1.03115,-2.27678,0.993236,1.01669,-2.29171
-0.0992454,-1.2541,2.64514,-1.19386,838897826,-1.14218,0.605787,-2.10248,-1.15889,0.615808,-2.08876,-1.14718,0.634576,-2.08876,-1.13065,0.624263,-2.10248,-1.25428,0.673148,-2.29171,-1.27245,0.684047,-2.27678,-1.25956,0.704702,-2.27678,-1.24159,0.693486,-2.29171
-0.0181873,-1.25482,2.66247,-2.23208,838897827,-1.15136,0.585292,-2.10248,-1.16824,0.595021,-2.08876,-1.15719,0.614187,-2.08876,-1.14049,0.60416,-2.10248,-1.26465,0.650598,-2.29171,-1.28301,0.66118,-2.27678,-1.27085,0.682272,-2.27678,-1.25268,0.671366,-2.29171
0.102826,-1.25405,2.67965,5.24779,838897828,-1.16246,0.566041,-2.10248,-1.17951,0.575472,-2.08876,-1.16846,0.594637,-2.08876,-1.15159,0.584908,-2.10248,-1.27684,0.629446,-2.29171,-1.29539,0.639704,-2.27678,-1.28323,0.660796,-2.27678,-1.26487,0.650214,-2.29171
0.0588152,-1.25478,2.69699,-1.55671,838897829,-1.17093,0.545238,-2.10248,-1.18813,0.554371,-2.08876,-1.17776,0.573911,-2.08876,-1.16072,0.564473,-2.10248,-1.28642,0.606547,-2.29171,-1.30514,0.616481,-2.27678,-1.29372,0.637985,-2.27678,-1.27518,0.62772,-2.29171
0.0812979,-1.25402,2.71417,-2.9179,838897830,-1.18135,0.525611,-2.10248,-1.19871,0.53444,-2.08876,-1.18834,0.55398,-2.08876,-1.17113,0.544846,-2.10248,-1.29787,0.584982,-2.29171,-1.31676,0.594586,-2.27678,-1.30535,0.61609,-2.27678,-1.28663,0.606155,-2.29171
-0.0327557,-1.25475,2.7315,-2.74987,838897831,-1.18908,0.504524,-2.10248,-1.20659,0.513051,-2.08876,-1.19691,0.532941,-2.08876,-1.17954,0.524105,-2.10248,-1.30665,0.561762,-2.29171,-1.3257,0.571037,-2.27678,-1.31504,0.592926,-2.27678,-1.29615,0.583315,-2.29171
0.0130982,-1.254,2.74869,61.1884,838897832,-1.1988,0.484545,-2.10248,-1.21647,0.492763,-2.08876,-1.20679,0.512653,-2.08876,-1.18927,0.504126,-2.10248,-1.31733,0.53981,-2.29171,-1.33655,0.548749,-2.27678,-1.32589,0.570638,-2.27678,-1.30684,0.561364,-2.29171
-0.0161833,-1.25474,2.76602,-2.2251,838897833,-1.2058,0.463202,-2.10248,-1.2236,0.471112,-2.08876,-1.21462,0.491328,-2.08876,-1.19695,0.483103,-2.10248,-1.32529,0.516298,-2.29171,-1.34465,0.524902,-2.27678,-1.33477,0.547151,-2.27678,-1.31556,0.538205,-2.29171
0.133799,-1.27125,2.60672,-32.7279,838898336,-1.11798,0.649197,-2.14506,-1.13443,0.65986,-2.13152,-1.12208,0.67821,-2.13152,-1.10582,0.667262,-2.14506,-1.22625,0.719444,-2.33546,-1.24415,0.731042,-2.32073,-1.23055,0.751237,-2.32073,-1.21286,0.739329,-2.33546
-0.00124022,-1.27123,2.64513,-1.66013,838898338,-1.14218,0.605787,-2.14506,-1.15899,0.615873,-2.13152,-1.14728,0.634641,-2.13152,-1.13065,0.624263,-2.14506,-1.25282,0.672239,-2.33546,-1.27111,0.683209,-2.32073,-1.25822,0.703864,-2.32073,-1.24013,0.692576,-2.33546
0.157347,-1.27195,2.66247,-7.86778,838898339,-1.15136,0.585292,-2.14506,-1.16835,0.595083,-2.13152,-1.1573,0.614248,-2.13152,-1.14049,0.60416,-2.14506,-1.26316,0.64974,-2.33546,-1.28163,0.660389,-2.32073,-1.26948,0.681481,-2.32073,-1.25119,0.670508,-2.33546
0.0424821,-1.27118,2.67965,-3.084,838898340,-1.16246,0.566041,-2.14506,-1.17962,0.575534,-2.13152,-1.16857,0.594699,-2.13152,-1.15159,0.584908,-2.14506,-1.27536,0.628588,-2.33546,-1.29402,0.638913,-2.32073,-1.28186,0.660005,-2.32073,-1.26338,0.649356,-2.33546
0.164802,-1.27191,2.69699,14.398,838898341,-1.17093,0.545238,-2.14506,-1.18824,0.554429,-2.13152,-1.17787,0.573969,-2.13152,-1.16072,0.564473,-2.14506,-1.28491,0.605741,-2.33546,-1.30374,0.615739,-2.32073,-1.29233,0.637243,-2.32073,-1.27367,0.626915,-2.33546
-0.0445525,-1.27115,2.71417,-1.59839,838898342,-1.18135,0.525611,-2.14506,-1.19882,0.534498,-2.13152,-1.18845,0.554038,-2.13152,-1.17113,0.544846,-2.14506,-1.29635,0.584176,-2.33546,-1.31536,0.593843,-2.32073,-1.30395,0.615347,-2.32073,-1.28511,0.60535,-2.33546
0.0884903,-1.27188,2.7315,-0.378737,838898343,-1.18908,0.504524,-2.14506,-1.2067,0.513105,-2.13152,-1.19702,0.532995,-2.13152,-1.17954,0.524105,-2.14506,-1.3051,0.56101,-2.33546,-1.32427,0.570344,-2.32073,-1.31362,0.592233,-2.32073,-1.29461,0.582563,-2.33546
0.0285285,-1.27113,2.74868,-2.90644,838898344,-1.1988,0.484545,-2.14506,-1.21658,0.492817,-2.13152,-1.2069,0.512707,-2.13152,-1.18927,0.504126,-2.14506,-1.31579,0.539058,-2.33546,-1.33512,0.548055,-2.32073,-1.32447,0.569945,-2.32073,-1.3053,0.560612,-2.33546
-0.103292,-1.27187,2.76602,-2.28661,838898345,-1.2058,0.463202,-2.14506,-1.22371,0.471162,-2.13152,-1.21473,0.491378,-2.13152,-1.19695,0.483103,-2.14506,-1.32372,0.515601,-2.33546,-1.34321,0.524259,-2.32073,-1.33332,0.546508,-2.32073,-1.31399,0.537507,-2.33546
0.157379,-1.27197,-0.90113,7.81455,838898495,0.810554,-1.00549,-2.14506,0.822091,-1.02134,-2.13152,0.804205,-1.03436,-2.13152,0.792947,-1.01831,-2.14506,0.886495,-1.10983,-2.33546,0.899043,-1.12707,-2.32073,0.879359,-1.14139,-2.32073,0.867113,-1.12393,-2.33546
0.550314,-1.28911,0.533552,-44.8303,838898729,1.10616,0.666649,-2.18821,1.12357,0.67592,-2.17484,1.13397,0.656395,-2.17484,1.1164,0.647427,-2.18821,1.21854,0.726491,-2.37977,1.23747,0.736575,-2.36523,1.24892,0.715087,-2.36523,1.2298,0.705332,-2.37977
0.228544,-1.28823,2.39962,-0.878273,838898836,-0.960784,0.865339,-2.18821,-0.974743,0.879279,-2.17484,-0.958841,0.894658,-2.17484,-0.945129,0.880478,-2.18821,-1.05087,0.955333,-2.37977,-1.06605,0.970496,-2.36523,-1.04855,0.98742,-2.36523,-1.03363,0.971997,-2.37977
-0.108147,-1.28904,2.55501,-2.94391,838898845,-1.08194,0.705425,-2.18821,-1.0979,0.717006,-2.17484,-1.08492,0.734914,-2.17484,-1.06915,0.723054,-2.18821,-1.185,0.780172,-2.37977,-1.20237,0.792768,-2.36523,-1.18807,0.812476,-2.36523,-1.17093,0.799577,-2.37977
0.00958486,-1.2883,2.57219,-2.6552,838898846,-1.09498,0.687437,-2.18821,-1.11115,0.698739,-2.17484,-1.09816,0.716647,-2.17484,-1.0822,0.705066,-2.18821,-1.19933,0.760407,-2.37977,-1.21692,0.772701,-2.36523,-1.20263,0.792409,-2.36523,-1.18526,0.779813,-2.37977
0.0454171,-1.28908,2.58953,-1.9681,838898847,-1.10557,0.66763,-2.18821,-1.12193,0.678646,-2.17484,-1.10958,0.696997,-2.17484,-1.09341,0.685695,-2.18821,-1.21118,0.738732,-2.37977,-1.22898,0.750714,-2.36523,-1.21538,0.770909,-2.36523,-1.19779,0.758617,-2.37977
0.114523,-1.28836,2.60671,21.8093,838898848,-1.11798,0.649197,-2.18821,-1.13454,0.659928,-2.17484,-1.12218,0.678279,-2.17484,-1.10582,0.667262,-2.18821,-1.22482,0.718479,-2.37977,-1.24282,0.73015,-2.36523,-1.22923,0.750346,-2.36523,-1.21143,0.738364,-2.37977
0.0484871,-1.28911,2.62795,-2.43144,838898849,-1.13042,0.624639,-2.18821,-1.14715,0.635082,-2.17484,-1.13544,0.653849,-2.17484,-1.11889,0.643115,-2.18821,-1.23843,0.692037,-2.37977,-1.25663,0.703395,-2.36523,-1.24374,0.72405,-2.36523,-1.22574,0.712374,-2.37977
0.0591108,-1.28833,2.64513,-2.56619,838898850,-1.14218,0.605787,-2.18821,-1.1591,0.615938,-2.17484,-1.14738,0.634706,-2.17484,-1.13065,0.624263,-2.18821,-1.25135,0.671324,-2.37977,-1.26975,0.682364,-2.36523,-1.25686,0.703019,-2.36523,-1.23866,0.691661,-2.37977
-0.0131139,-1.28906,2.66247,-3.14811,838898851,-1.15136,0.585292,-2.18821,-1.16845,0.595144,-2.17484,-1.15741,0.614309,-2.17484,-1.14049,0.60416,-2.18821,-1.26166,0.648877,-2.37977,-1.28025,0.659592,-2.36523,-1.26809,0.680684,-2.36523,-1.24969,0.669645,-2.37977
1.04285,-1.28828,2.67965,-1.95516,838898852,-1.16246,0.566041,-2.18821,-1.17972,0.575594,-2.17484,-1.16868,0.59476,-2.17484,-1.15159,0.584908,-2.18821,-1.27386,0.627725,-2.37977,-1.29263,0.638116,-2.36523,-1.28047,0.659208,-2.36523,-1.26189,0.648493,-2.37977
0.613463,-1.28902,2.69698,4.63514,838898853,-1.17093,0.545238,-2.18821,-1.18835,0.554486,-2.17484,-1.17798,0.574026,-2.17484,-1.16072,0.564473,-2.18821,-1.28338,0.604931,-2.37977,-1.30233,0.61499,-2.36523,-1.29092,0.636494,-2.36523,-1.27214,0.626104,-2.37977
0.0450917,-1.28825,2.71417,-2.8169,838898854,-1.18135,0.525611,-2.18821,-1.19893,0.534555,-2.17484,-1.18856,0.554095,-2.17484,-1.17113,0.544846,-2.18821,-1.29483,0.583366,-2.37977,-1.31395,0.593095,-2.36523,-1.30254,0.614599,-2.36523,-1.28359,0.604539,-2.37977
1.20471,-1.28899,2.7315,-2.2654,838898855,-1.18908,0.504524,-2.18821,-1.20681,0.513159,-2.17484,-1.19713,0.533049,-2.17484,-1.17954,0.524105,-2.18821,-1.30355,0.560253,-2.37977,-1.32284,0.569645,-2.36523,-1.31218,0.591535,-2.36523,-1.29305,0.581807,-2.37977
0.192067,-1.28823,2.74868,-32.1949,838898856,-1.1988,0.484545,-2.18821,-1.21669,0.49287,-2.17484,-1.20701,0.51276,-2.17484,-1.18927,0.504126,-2.18821,-1.31423,0.538302,-2.37977,-1.33369,0.547357,-2.36523,-1.32303,0.569247,-2.36523,-1.30374,0.559855,-2.37977
0.0187635,-1.28897,2.76601,-2.29688,838898857,-1.2058,0.463202,-2.18821,-1.22382,0.471211,-2.17484,-1.21484,0.491427,-2.17484,-1.19695,0.483103,-2.18821,-1.32214,0.514899,-2.37977,-1.34175,0.523611,-2.36523,-1.33186,0.54586,-2.36523,-1.31241,0.536805,-2.37977
0.241415,-1.28822,2.7832,-3.69927,838898858,-1.21482,0.442895,-2.18821,-1.23298,0.45059,-2.17484,-1.224,0.470806,-2.17484,-1.20598,0.462797,-2.18821,-1.33206,0.492587,-2.37977,-1.35181,0.500958,-2.36523,-1.34193,0.523206,-2.36523,-1.32232,0.514494,-2.37977
0.120955,-1.28908,-1.59926,30.0317,838898967,-0.0253991,-1.29127,-2.18821,-0.0267578,-1.31095,-2.17484,-0.0488271,-1.30942,-2.17484,-0.0471252,-1.28977,-2.18821,-0.0341694,-1.41828,-2.37977,-0.0356473,-1.43968,-2.36523,-0.0599354,-1.43801,-2.36523,-0.0580843,-1.41663,-2.37977
0.182595,-1.3062,-0.164581,3.81966,838899201,1.27588,-0.200344,-2.23194,1.2953,-0.204458,-2.21875,1.29071,-0.226099,-2.21875,1.27137,-0.221649,-2.23194,1.39873,-0.226375,-2.42464,1.41985,-0.230849,-2.4103,1.4148,-0.254666,-2.4103,1.39376,-0.249826,-2.42464
0.141082,-1.30541,-0.147399,-16.3671,838899202,1.28049,-0.178606,-2.23194,1.29997,-0.182383,-2.21875,1.29539,-0.204024,-2.21875,1.27597,-0.199911,-2.23194,1.40379,-0.20249,-2.42464,1.42499,-0.206599,-2.4103,1.41994,-0.230416,-2.4103,1.39882,-0.225941,-2.42464
0.165301,-1.30531,2.39961,5.69732,838899348,-0.960784,0.865339,-2.23194,-0.974827,0.879366,-2.21875,-0.958925,0.894744,-2.21875,-0.945129,0.880478,-2.23194,-1.04966,0.954083,-2.42464,-1.06493,0.96934,-2.4103,-1.04743,0.986264,-2.4103,-1.03243,0.970748,-2.42464
0.149627,-1.30612,2.55501,1.62143,838899357,-1.08194,0.705425,-2.23194,-1.098,0.717076,-2.21875,-1.08501,0.734984,-2.21875,-1.06915,0.723054,-2.23194,-1.18359,0.779151,-2.42464,-1.20107,0.791824,-2.4103,-1.18677,0.811532,-2.4103,-1.16952,0.798556,-2.42464
0.0576338,-1.30539,2.57219,-3.89527,838899358,-1.09498,0.687437,-2.23194,-1.11125,0.69881,-2.21875,-1.09826,0.716718,-2.21875,-1.0822,0.705066,-2.23194,-1.19793,0.759386,-2.42464,-1.21562,0.771757,-2.4103,-1.20133,0.791465,-2.4103,-1.18385,0.778792,-2.42464
0.276935,-1.30617,2.58952,1.91224,838899359,-1.10557,0.66763,-2.23194,-1.12203,0.678713,-2.21875,-1.10968,0.697064,-2.21875,-1.09341,0.685695,-2.23194,-1.20974,0.737761,-2.42464,-1.22765,0.749816,-2.4103,-1.21405,0.770011,-2.4103,-1.19635,0.757646,-2.42464
-0.0733254,-1.30544,2.60671,-4.32421,838899360,-1.11798,0.649197,-2.23194,-1.13464,0.659995,-2.21875,-1.12228,0.678346,-2.21875,-1.10582,0.667262,-2.23194,-1.22337,0.717508,-2.42464,-1.24149,0.729252,-2.4103,-1.22789,0.749448,-2.4103,-1.20999,0.737393,-2.42464
0.06043,-1.3062,2.62795,-3.14992,838899361,-1.13042,0.624639,-2.23194,-1.14725,0.635145,-2.21875,-1.13554,0.653913,-2.21875,-1.11889,0.643115,-2.23194,-1.23695,0.691117,-2.42464,-1.25527,0.702544,-2.4103,-1.24238,0.723199,-2.4103,-1.22426,0.711454,-2.42464
0.0757936,-1.30541,2.64513,-3.75368,838899362,-1.14218,0.605787,-2.23194,-1.1592,0.616001,-2.21875,-1.14749,0.634769,-2.21875,-1.13065,0.624263,-2.23194,-1.24988,0.670403,-2.42464,-1.26839,0.681513,-2.4103,-1.2555,0.702168,-2.4103,-1.23719,0.690741,-2.42464
0.0241232,-1.30614,2.66246,-3.76937,838899363,-1.15136,0.585292,-2.23194,-1.16856,0.595204,-2.21875,-1.15751,0.614369,-2.21875,-1.14049,0.60416,-2.23194,-1.26016,0.648008,-2.42464,-1.27886,0.658789,-2.4103,-1.2667,0.679881,-2.4103,-1.24819,0.668776,-2.42464
0.29755,-1.30537,2.67965,-10.4559,838899364,-1.16246,0.566041,-2.23194,-1.17983,0.575654,-2.21875,-1.16878,0.59482,-2.21875,-1.15159,0.584908,-2.23194,-1.27235,0.626856,-2.42464,-1.29124,0.637313,-2.4103,-1.27908,0.658405,-2.4103,-1.26038,0.647624,-2.42464
0.182386,-1.3061,2.69698,-1.60818,838899365,-1.17093,0.545238,-2.23194,-1.18846,0.554543,-2.21875,-1.17808,0.574082,-2.21875,-1.16072,0.564473,-2.23194,-1.28184,0.604116,-2.42464,-1.30091,0.614236,-2.4103,-1.2895,0.635741,-2.4103,-1.2706,0.625289,-2.42464
0.224916,-1.30533,2.71416,-4.32042,838899366,-1.18135,0.525611,-2.23194,-1.19904,0.534612,-2.21875,-1.18866,0.554151,-2.21875,-1.17113,0.544846,-2.23194,-1.29329,0.582551,-2.42464,-1.31253,0.592341,-2.4103,-1.30112,0.613845,-2.4103,-1.28205,0.603724,-2.42464
0.371159,-1.30607,2.7315,-7.58282,838899367,-1.18908,0.504524,-2.23194,-1.20692,0.513211,-2.21875,-1.19724,0.533101,-2.21875,-1.17954,0.524105,-2.23194,-1.30198,0.559492,-2.42464,-1.32139,0.568941,-2.4103,-1.31074,0.590831,-2.4103,-1.29149,0.581046,-2.42464
1.08662,-1.30531,2.74868,-7.70143,838899368,-1.1988,0.484545,-2.23194,-1.2168,0.492923,-2.21875,-1.20712,0.512813,-2.21875,-1.18927,0.504126,-2.23194,-1.31267,0.537541,-2.42464,-1.33224,0.546653,-2.4103,-1.32159,0.568543,-2.4103,-1.30218,0.559094,-2.42464
0.0296453,-1.30606,2.76601,-4.2874,838899369,-1.2058,0.463202,-2.23194,-1.22393,0.47126,-2.21875,-1.21495,0.491476,-2.21875,-1.19695,0.483103,-2.23194,-1.32055,0.514193,-2.42464,-1.34028,0.522958,-2.4103,-1.33039,0.545207,-2.4103,-1.31082,0.536099,-2.42464
6.83237,-1.30617,-2.99553,3.37983,838899399,-1.27606,-0.199213,-2.23194,-1.2958,-0.201305,-2.21875,-1.29813,-0.179306,-2.21875,-1.27836,-0.177557,-2.23194,-1.40094,-0.212448,-2.42464,-1.4224,-0.214723,-2.4103,-1.42497,-0.190513,-2.4103,-1.40346,-0.18861,-2.42464
0.288624,-1.30614,-1.87539,-49.0954,838899463,-0.376468,-1.23551,-2.23194,-0.383243,-1.25416,-2.21875,-0.404036,-1.24661,-2.21875,-0.396937,-1.22807,-2.23194,-0.419339,-1.35354,-2.42464,-0.426709,-1.37383,-2.4103,-0.449592,-1.36552,-2.4103,-0.441871,-1.34535,-2.42464
0.170163,-1.30535,-1.30205,10.6694,838899496,0.35425,-1.24348,-2.23194,0.358729,-1.26281,-2.21875,0.337094,-1.26743,-2.21875,0.332952,-1.24802,-2.23194,0.382606,-1.36583,-2.42464,0.387477,-1.38686,-2.4103,0.363667,-1.39194,-2.4103,0.359162,-1.37083,-2.42464
0.0442295,-1.32252,2.36509,-4.77786,838899858,-0.930333,0.897955,-2.27679,-0.944072,0.912661,-2.26367,-0.927633,0.927483,-2.26367,-0.914159,0.912539,-2.27679,-1.01486,0.988641,-2.47054,-1.02971,1.00453,-2.45637,-1.01173,1.02075,-2.45637,-0.997164,1.0046,-2.47054
1.9491,-1.32327,2.38242,1.04666,838899859,-0.944809,0.880787,-2.27679,-0.958798,0.895251,-2.26367,-0.942887,0.910638,-2.26367,-0.929155,0.895926,-2.27679,-1.03098,0.969891,-2.47054,-1.0461,0.985522,-2.45637,-1.02869,1.00235,-2.45637,-1.01385,0.986456,-2.47054
0.0287668,-1.3225,2.39961,-4.10135,838899860,-0.960784,0.865338,-2.27679,-0.975029,0.879555,-2.26367,-0.959118,0.894942,-2.26367,-0.945129,0.880477,-2.27679,-1.04843,0.953016,-2.47054,-1.06382,0.96838,-2.45637,-1.04642,0.985213,-2.45637,-1.0313,0.969581,-2.47054
0.0329434,-1.32325,2.41694,75.1493,838899861,-0.974653,0.847674,-2.27679,-0.989137,0.861642,-2.26367,-0.973774,0.877575,-2.26367,-0.959536,0.863351,-2.27679,-1.06388,0.933714,-2.47054,-1.07953,0.948808,-2.45637,-1.06273,0.966239,-2.45637,-1.04734,0.950867,-2.47054
0.188965,-1.32249,2.43412,6.5995,838899862,-0.990078,0.831677,-2.27679,-1.00481,0.845388,-2.26367,-0.989446,0.861321,-2.26367,-0.974961,0.847354,-2.27679,-1.08073,0.91624,-2.47054,-1.09665,0.931057,-2.45637,-1.07984,0.948488,-2.45637,-1.06419,0.933394,-2.47054
0.107476,-1.32249,2.46864,37.0354,838899864,-1.01818,0.797013,-2.27679,-1.03338,0.810201,-2.26367,-1.01858,0.826661,-2.26367,-1.00362,0.813209,-2.27679,-1.11173,0.878359,-2.47054,-1.12816,0.892611,-2.45637,-1.11197,0.910618,-2.45637,-1.0958,0.89608,-2.47054
0.162395,-1.32326,2.48597,-8.68626,838899865,-1.03078,0.778425,-2.27679,-1.0462,0.791347,-2.26367,-1.03199,0.808314,-2.26367,-1.01679,0.795118,-2.27679,-1.1258,0.858026,-2.47054,-1.14247,0.87199,-2.45637,-1.12692,0.890551,-2.45637,-1.1105,0.876292,-2.47054
0.490399,-1.32331,2.555,8.07738,838899869,-1.08194,0.705426,-2.27679,-1.09822,0.717239,-2.26367,-1.08523,0.735157,-2.26367,-1.06915,0.723055,-2.27679,-1.18228,0.778199,-2.47054,-1.19988,0.790966,-2.45637,-1.18567,0.810568,-2.45637,-1.16829,0.797489,-2.47054
0.695465,-1.32257,2.57219,-0.915053,838899870,-1.09498,0.687436,-2.27679,-1.11148,0.698961,-2.26367,-1.09849,0.716879,-2.26367,-1.0822,0.705065,-2.27679,-1.19653,0.758549,-2.47054,-1.21436,0.771004,-2.45637,-1.20014,0.790606,-2.45637,-1.18254,0.777839,-2.47054
10.8018,-1.32336,2.58952,0.0587978,838899871,-1.10557,0.667631,-2.27679,-1.12226,0.678868,-2.26367,-1.1099,0.697229,-2.26367,-1.09341,0.685696,-2.27679,-1.20839,0.736856,-2.47054,-1.22643,0.749,-2.45637,-1.21291,0.769086,-2.45637,-1.19509,0.756622,-2.47054
0.38482,-1.32263,2.60671,-9.63516,838899872,-1.11798,0.649196,-2.27679,-1.13487,0.660138,-2.26367,-1.12251,0.678499,-2.26367,-1.10582,0.667262,-2.27679,-1.22195,0.71672,-2.47054,-1.2402,0.728545,-2.45637,-1.22668,0.748631,-2.45637,-1.20864,0.736486,-2.47054
0.0716921,-1.32339,2.62794,-3.77635,838899873,-1.13041,0.62464,-2.27679,-1.14749,0.635292,-2.26367,-1.13577,0.654071,-2.26367,-1.11889,0.643116,-2.27679,-1.23558,0.690259,-2.47054,-1.25402,0.701771,-2.45637,-1.24121,0.722313,-2.45637,-1.22296,0.710475,-2.47054
-0.0637213,-1.3226,2.64512,-4.72175,838899874,-1.14218,0.605787,-2.27679,-1.15944,0.616137,-2.26367,-1.14772,0.634915,-2.26367,-1.13065,0.624263,-2.27679,-1.24843,0.669665,-2.47054,-1.26708,0.68085,-2.45637,-1.25426,0.701393,-2.45637,-1.23581,0.689881,-2.47054
0.0806547,-1.32333,2.66246,-8.23159,838899875,-1.15136,0.585293,-2.27679,-1.1688,0.595343,-2.26367,-1.15774,0.614519,-2.26367,-1.14049,0.60416,-2.27679,-1.25875,0.647199,-2.47054,-1.27759,0.658059,-2.45637,-1.2655,0.679037,-2.45637,-1.24685,0.667843,-2.47054
-0.0392954,-1.32255,2.67964,-2.78224,838899876,-1.16246,0.56604,-2.27679,-1.18007,0.575781,-2.26367,-1.16902,0.594957,-2.26367,-1.15159,0.584907,-2.27679,-1.27088,0.626169,-2.47054,-1.28991,0.636696,-2.45637,-1.27781,0.657674,-2.45637,-1.25897,0.646814,-2.47054
-0.0197483,-1.32329,2.69697,-3.06803,838899877,-1.17093,0.545238,-2.27679,-1.1887,0.554673,-2.26367,-1.17832,0.574223,-2.26367,-1.16072,0.564474,-2.27679,-1.28041,0.603356,-2.47054,-1.29962,0.613552,-2.45637,-1.28827,0.634939,-2.45637,-1.26924,0.624403,-2.47054
0.265872,-1.32252,2.71416,0.205261,838899878,-1.18135,0.52561,-2.27679,-1.19929,0.534729,-2.26367,-1.18891,0.55428,-2.26367,-1.17113,0.544845,-2.27679,-1.29179,0.581916,-2.47054,-1.31118,0.591771,-2.45637,-1.29983,0.613159,-2.45637,-1.28062,0.602963,-2.47054
0.64725,-1.3225,3.09774,2.46275,838899900,-1.29223,0.0453072,-2.27679,-1.31228,0.047042,-2.26367,-1.30998,0.0690565,-2.26367,-1.28997,0.0669673,-2.27679,-1.41573,0.0561359,-2.47054,-1.4374,0.0580106,-2.45637,-1.43488,0.0820936,-2.45637,-1.41326,0.0798359,-2.47054
0.12127,-1.32339,-1.21179,4.56191,838900013,0.464437,-1.20512,-2.27679,0.470667,-1.22425,-2.26367,0.449621,-1.23111,-2.26367,0.443729,-1.21186,-2.27679,0.502816,-1.32298,-2.47054,0.509549,-1.34366,-2.45637,0.486525,-1.35116,-2.45637,0.480158,-1.33036,-2.47054
0.149151,-1.32333,-0.828202,3.73275,838900035,0.881746,-0.943785,-2.27679,0.894691,-0.959191,-2.26367,0.877744,-0.97343,-2.26367,0.865073,-0.957795,-2.27679,0.961485,-1.03869,-2.47054,0.975474,-1.05534,-2.45637,0.956935,-1.07091,-2.45637,0.943242,-1.05402,-2.47054
0.80123,-1.33968,2.36509,-3.21757,838900370,-0.930333,0.897955,-2.32205,-0.944145,0.912742,-2.30911,-0.927707,0.927564,-2.30911,-0.914159,0.912539,-2.32205,-1.01377,0.987431,-2.51684,-1.0287,1.00341,-2.50285,-1.01071,1.01962,-2.50285,-0.996072,1.00339,-2.51684
0.748352,-1.34043,2.38242,1.37936,838900371,-0.944809,0.880787,-2.32205,-0.958874,0.89533,-2.30911,-0.942963,0.910717,-2.30911,-0.929155,0.895926,-2.32205,-1.02985,0.968719,-2.51684,-1.04504,0.984435,-2.50285,-1.02764,1.00127,-2.50285,-1.01272,0.985284,-2.51684
0.0475947,-1.33966,2.39961,-2.14662,838900372,-0.960784,0.865338,-2.32205,-0.975105,0.879634,-2.30911,-0.959194,0.895021,-2.30911,-0.945129,0.880477,-2.32205,-1.0473,0.951845,-2.51684,-1.06277,0.967293,-2.50285,-1.04536,0.984126,-2.50285,-1.03017,0.96841,-2.51684
0.057306,-1.34042,2.41694,-2.86989,838900373,-0.974652,0.847674,-2.32205,-0.989216,0.861717,-2.30911,-0.973852,0.877651,-2.30911,-0.959536,0.863351,-2.32205,-1.06271,0.932583,-2.51684,-1.07845,0.947759,-2.50285,-1.06164,0.965189,-2.50285,-1.04617,0.949736,-2.51684
0.144343,-1.33967,2.50315,-26.6596,838900378,-1.04505,0.76139,-2.32205,-1.06079,0.774109,-2.30911,-1.04657,0.791076,-2.30911,-1.03107,0.778083,-2.32205,-1.14014,0.838372,-2.51684,-1.15714,0.852117,-2.50285,-1.14159,0.870678,-2.50285,-1.12483,0.856638,-2.51684
0.0212766,-1.34048,2.555,-2.10795,838900381,-1.08194,0.705426,-2.32205,-1.09831,0.717304,-2.30911,-1.08532,0.735221,-2.30911,-1.06915,0.723055,-2.32205,-1.18096,0.777243,-2.51684,-1.19866,0.790079,-2.50285,-1.18444,0.80968,-2.50285,-1.16697,0.796532,-2.51684
0.268347,-1.33974,2.57219,15.2162,838900382,-1.09498,0.687436,-2.32205,-1.11157,0.699025,-2.30911,-1.09857,0.716943,-2.30911,-1.0822,0.705065,-2.32205,-1.19521,0.757593,-2.51684,-1.21314,0.770117,-2.50285,-1.19892,0.789718,-2.50285,-1.18122,0.776882,-2.51684
0.558964,-1.34052,2.58952,-4.80312,838900383,-1.10557,0.667631,-2.32205,-1.12235,0.67893,-2.30911,-1.10999,0.69729,-2.30911,-1.09341,0.685696,-2.32205,-1.20704,0.735946,-2.51684,-1.22518,0.748156,-2.50285,-1.21166,0.768242,-2.50285,-1.19373,0.755712,-2.51684
0.324899,-1.33979,2.6067,8.70632,838900384,-1.11798,0.649196,-2.32205,-1.13496,0.6602,-2.30911,-1.1226,0.67856,-2.30911,-1.10582,0.667262,-2.32205,-1.2206,0.71581,-2.51684,-1.23895,0.727701,-2.50285,-1.22543,0.747786,-2.50285,-1.20729,0.735576,-2.51684
-0.0657989,-1.34055,2.62794,-2.8366,838900385,-1.13041,0.62464,-2.32205,-1.14758,0.63535,-2.30911,-1.13586,0.654128,-2.30911,-1.11889,0.643116,-2.32205,-1.23419,0.689396,-2.51684,-1.25274,0.70097,-2.50285,-1.23992,0.721513,-2.50285,-1.22158,0.709612,-2.51684
-0.00814531,-1.33972,2.67964,-3.47261,838900388,-1.16246,0.56604,-2.32205,-1.18017,0.575836,-2.30911,-1.16911,0.595012,-2.30911,-1.15159,0.584908,-2.32205,-1.26946,0.625355,-2.51684,-1.2886,0.635941,-2.50285,-1.2765,0.656919,-2.50285,-1.25756,0.646,-2.51684
-0.0827471,-1.34046,2.69697,-3.32745,838900389,-1.17093,0.545239,-2.32205,-1.1888,0.554724,-2.30911,-1.17842,0.574275,-2.30911,-1.16072,0.564474,-2.32205,-1.27897,0.602592,-2.51684,-1.29828,0.612843,-2.50285,-1.28693,0.63423,-2.50285,-1.2678,0.623639,-2.51684
0.180298,-1.33974,2.92125,-30.526,838900402,-1.26406,0.271472,-2.32205,-1.28361,0.27669,-2.30911,-1.27753,0.297972,-2.30911,-1.25808,0.292411,-2.32205,-1.38224,0.303118,-2.51684,-1.40337,0.308756,-2.50285,-1.39672,0.332038,-2.50285,-1.37569,0.326029,-2.51684
0.149444,-1.33966,3.09774,-2.79953,838900412,-1.29223,0.0453072,-2.32205,-1.31239,0.0470533,-2.30911,-1.31009,0.0690678,-2.30911,-1.28997,0.0669673,-2.32205,-1.41411,0.0559668,-2.51684,-1.43589,0.0578537,-2.50285,-1.43338,0.0819367,-2.50285,-1.41163,0.0796668,-2.51684
0.215509,-1.35681,2.36509,-3.36116,838900882,-0.930333,0.897955,-2.36792,-0.944217,0.912822,-2.35515,-0.927779,0.927644,-2.35515,-0.914159,0.912539,-2.36792,-1.01267,0.986214,-2.56372,-1.02768,1.00228,-2.54992,-1.00969,1.01849,-2.54992,-0.994975,1.00217,-2.56372
0.130439,-1.35757,2.38242,-2.69067,838900883,-0.944809,0.880787,-2.36792,-0.958949,0.895407,-2.35515,-0.943038,0.910795,-2.35515,-0.929155,0.895926,-2.36792,-1.02871,0.967542,-2.56372,-1.04399,0.983342,-2.54992,-1.02658,1.00017,-2.54992,-1.01158,0.984107,-2.56372
0.118148,-1.35679,2.3996,-7.15645,838900884,-0.960784,0.865338,-2.36792,-0.97518,0.879711,-2.35515,-0.959269,0.895098,-2.35515,-0.945129,0.880477,-2.36792,-1.04616,0.950667,-2.56372,-1.06171,0.9662,-2.54992,-1.04431,0.983032,-2.54992,-1.02903,0.967232,-2.56372
-0.0323297,-1.35755,2.41694,-2.57708,838900885,-0.974652,0.847674,-2.36792,-0.989294,0.861792,-2.35515,-0.97393,0.877726,-2.35515,-0.959536,0.863351,-2.36792,-1.06153,0.931446,-2.56372,-1.07735,0.946703,-2.54992,-1.06054,0.964133,-2.54992,-1.04499,0.948599,-2.56372
0.0780388,-1.35756,2.48596,45.7472,838900889,-1.03078,0.778425,-2.36792,-1.04637,0.791486,-2.35515,-1.03216,0.808453,-2.35515,-1.01679,0.795118,-2.36792,-1.12329,0.855927,-2.56372,-1.14014,0.870042,-2.54992,-1.12459,0.888603,-2.54992,-1.10799,0.874193,-2.56372
0.0418053,-1.35761,2.555,-3.173,838900893,-1.08194,0.705426,-2.36792,-1.0984,0.717367,-2.35515,-1.08541,0.735285,-2.35515,-1.06915,0.723055,-2.36792,-1.17963,0.776281,-2.56372,-1.19743,0.789185,-2.54992,-1.18321,0.808787,-2.54992,-1.16564,0.795571,-2.56372
-0.00745209,-1.35687,2.57218,-2.53352,838900894,-1.09498,0.687436,-2.36792,-1.11166,0.699089,-2.35515,-1.09866,0.717007,-2.35515,-1.0822,0.705065,-2.36792,-1.19388,0.756631,-2.56372,-1.2119,0.769224,-2.54992,-1.19769,0.788825,-2.54992,-1.17989,0.775921,-2.56372
0.0825206,-1.35766,2.58951,48.9143,838900895,-1.10557,0.667631,-2.36792,-1.12244,0.67899,-2.35515,-1.11008,0.697351,-2.35515,-1.09341,0.685696,-2.36792,-1.20568,0.735031,-2.56372,-1.22392,0.747306,-2.54992,-1.21039,0.767392,-2.54992,-1.19238,0.754797,-2.56372
-0.0225036,-1.35692,2.6067,-1.33938,838900896,-1.11798,0.649196,-2.36792,-1.13505,0.66026,-2.35515,-1.12269,0.678621,-2.35515,-1.10582,0.667262,-2.36792,-1.21924,0.714895,-2.56372,-1.23769,0.726851,-2.54992,-1.22416,0.746937,-2.54992,-1.20593,0.734662,-2.56372
0.0954414,-1.35769,2.62793,1.30195,838900897,-1.13041,0.62464,-2.36792,-1.14767,0.635407,-2.35515,-1.13595,0.654186,-2.35515,-1.11889,0.643116,-2.36792,-1.2328,0.688529,-2.56372,-1.25145,0.700165,-2.54992,-1.23863,0.720708,-2.54992,-1.22019,0.708745,-2.56372
0.0685551,-1.35685,2.67964,-2.7034,838900900,-1.16246,0.56604,-2.36792,-1.18026,0.575889,-2.35515,-1.16921,0.595065,-2.35515,-1.15159,0.584908,-2.36792,-1.26804,0.624537,-2.56372,-1.28728,0.635181,-2.54992,-1.27519,0.656159,-2.54992,-1.25614,0.645182,-2.56372
-0.0898802,-1.35759,2.69697,-3.48612,838900901,-1.17093,0.545239,-2.36792,-1.18889,0.554775,-2.35515,-1.17851,0.574325,-2.35515,-1.16072,0.564474,-2.36792,-1.27752,0.601824,-2.56372,-1.29694,0.61213,-2.54992,-1.28559,0.633517,-2.54992,-1.26635,0.622871,-2.56372
0.16769,-1.35755,2.766,7.67404,838900905,-1.2058,0.463203,-2.36792,-1.22438,0.471461,-2.35515,-1.21539,0.491689,-2.35515,-1.19695,0.483104,-2.36792,-1.31608,0.512208,-2.56372,-1.33617,0.521134,-2.54992,-1.32634,0.543261,-2.54992,-1.30641,0.533984,-2.56372
0.151781,-1.35689,2.99418,21.845,838900918,-1.28049,0.178605,-2.36792,-1.30046,0.182472,-2.35515,-1.29587,0.204126,-2.35515,-1.27597,0.19991,-2.36792,-1.39898,0.201616,-2.56372,-1.42056,0.205795,-2.54992,-1.41554,0.229483,-2.54992,-1.39404,0.224927,-2.56372
0.203078,-1.37467,2.38242,17.1524,838901395,-0.944809,0.880787,-2.41441,-0.959023,0.895484,-2.40181,-0.943112,0.910871,-2.40181,-0.929155,0.895926,-2.41441,-1.02756,0.966358,-2.61122,-1.04292,0.982241,-2.5976,-1.02552,0.999073,-2.5976,-1.01043,0.982923,-2.61122
0.149731,-1.3739,2.50315,-27.7726,838901402,-1.04505,0.76139,-2.41441,-1.06095,0.774246,-2.40181,-1.04674,0.791213,-2.40181,-1.03107,0.778083,-2.41441,-1.13762,0.836262,-2.61122,-1.1548,0.850156,-2.5976,-1.13925,0.868717,-2.5976,-1.12232,0.854528,-2.61122
0.150765,-1.37466,2.766,9.13702,838901417,-1.2058,0.463203,-2.41441,-1.22448,0.471505,-2.40181,-1.21549,0.491732,-2.40181,-1.19695,0.483104,-2.41441,-1.31458,0.51154,-2.61122,-1.33477,0.520512,-2.5976,-1.32494,0.542639,-2.5976,-1.3049,0.533316,-2.61122
0.132865,-1.37389,-1.78919,76.3829,838901516,-0.269013,-1.26473,-2.41441,-0.274292,-1.28449,-2.40181,-0.295573,-1.2784,-2.40181,-0.289951,-1.25874,-2.41441,-0.299771,-1.37975,-2.61122,-0.305476,-1.4011,-2.5976,-0.328756,-1.39444,-2.5976,-0.322681,-1.3732,-2.61122
0.130412,-1.37469,-1.31925,24.1533,838901543,0.332518,-1.24811,-2.41441,0.336785,-1.26811,-2.40181,0.315139,-1.27273,-2.40181,0.31122,-1.25266,-2.41441,0.357363,-1.36453,-2.61122,0.361975,-1.38614,-2.5976,0.338294,-1.39119,-2.5976,0.334059,-1.36951,-2.61122
0.0746363,-1.39098,2.3996,96.0301,838901908,-0.960784,0.865338,-2.46154,-0.975327,0.879863,-2.44911,-0.959416,0.89525,-2.44911,-0.945129,0.880477,-2.46155,-1.04386,0.948294,-2.65934,-1.05958,0.96399,-2.64591,-1.04217,0.980823,-2.64591,-1.02673,0.964859,-2.65934
0.157382,-1.39183,2.66245,-35.3365,838901923,-1.15136,0.585293,-2.46154,-1.16917,0.595557,-2.44911,-1.15811,0.614733,-2.44911,-1.14049,0.604161,-2.46154,-1.25306,0.643918,-2.65934,-1.2723,0.65501,-2.64591,-1.26021,0.675988,-2.64591,-1.24116,0.664562,-2.65934
0.791327,-1.39175,2.83503,0.437456,838901933,-1.23485,0.378932,-2.46154,-1.25417,0.385946,-2.44911,-1.24662,0.406751,-2.44911,-1.22742,0.399403,-2.46154,-1.34519,0.418993,-2.65934,-1.36607,0.426572,-2.64591,-1.3578,0.449332,-2.64591,-1.33706,0.441391,-2.65934
0.0988688,-1.40889,2.48595,-9.46968,838902425,-1.03078,0.778425,-2.5098,-1.04676,0.791812,-2.49743,-1.03254,0.808788,-2.49743,-1.01679,0.795119,-2.5098,-1.11958,0.852819,-2.7085,-1.13674,0.867196,-2.69522,-1.12127,0.885661,-2.69522,-1.10437,0.870981,-2.7085
0.114362,-1.40815,2.53766,-3.92136,838902428,-1.07066,0.724848,-2.5098,-1.08733,0.737379,-2.49743,-1.07371,0.754841,-2.49743,-1.05727,0.74202,-2.5098,-1.16319,0.794584,-2.7085,-1.18108,0.808042,-2.69522,-1.16627,0.827036,-2.69522,-1.14862,0.813267,-2.7085
0.116412,-1.40819,2.57217,42.7307,838902430,-1.09498,0.687435,-2.5098,-1.11207,0.699376,-2.49743,-1.09907,0.717304,-2.49743,-1.0822,0.705065,-2.5098,-1.18989,0.753897,-2.7085,-1.20824,0.766722,-2.69522,-1.1941,0.786222,-2.69522,-1.17598,0.773077,-2.7085
0.146163,-1.40893,2.69696,-23.649,838902437,-1.17093,0.545239,-2.5098,-1.18934,0.555013,-2.49743,-1.17896,0.574574,-2.49743,-1.16071,0.564475,-2.5098,-1.27325,0.599555,-2.7085,-1.29302,0.610052,-2.69522,-1.28173,0.631329,-2.69522,-1.26214,0.620483,-2.7085
0.189609,-1.42616,2.31337,3.26993,838902927,-0.881746,0.943786,-2.55868,-0.895217,0.959819,-2.54647,-0.878262,0.974066,-2.54647,-0.865072,0.957795,-2.55868,-0.955274,1.0313,-2.75827,-0.969742,1.04852,-2.74516,-0.951299,1.06401,-2.74516,-0.937134,1.04654,-2.75827
0.127215,-1.42529,2.46862,-23.5873,838902936,-1.01818,0.797013,-2.55868,-1.034,0.81074,-2.54647,-1.01919,0.827209,-2.54647,-1.00362,0.813208,-2.55868,-1.10446,0.872004,-2.75827,-1.12145,0.886747,-2.74516,-1.10534,0.904661,-2.74516,-1.08862,0.889624,-2.75827
-0.0531262,-1.42533,2.53765,91.2169,838902940,-1.07066,0.724848,-2.55868,-1.0874,0.737437,-2.54647,-1.07378,0.7549,-2.54647,-1.05727,0.74202,-2.55868,-1.16197,0.793634,-2.75827,-1.17995,0.807154,-2.74516,-1.16513,0.826148,-2.74516,-1.1474,0.812316,-2.75827
0.126057,-1.44331,2.31337,-31.1583,838903439,-0.881745,0.943786,-2.60821,-0.895278,0.959891,-2.59617,-0.878322,0.974138,-2.59617,-0.865072,0.957795,-2.60821,-0.954275,1.03011,-2.80869,-0.968808,1.0474,-2.79575,-0.950366,1.0629,-2.79575,-0.936135,1.04535,-2.80869
0.096788,-1.44253,2.57217,-20.2645,838903454,-1.09498,0.687435,-2.60821,-1.11223,0.699487,-2.59617,-1.09923,0.717415,-2.59617,-1.0822,0.705065,-2.60821,-1.18738,0.752078,-2.80869,-1.2059,0.765022,-2.79575,-1.19176,0.784522,-2.79575,-1.17347,0.771258,-2.80869
0.122824,-1.44333,2.5895,11.4786,838903455,-1.10557,0.667632,-2.60821,-1.12302,0.67938,-2.59617,-1.11065,0.69775,-2.59617,-1.09341,0.685697,-2.60821,-1.1991,0.730597,-2.80869,-1.21784,0.743214,-2.79575,-1.20438,0.763196,-2.79575,-1.18586,0.750251,-2.80869
0.120502,-1.46035,-1.07374,-2.42891,838904117,0.625951,-1.1299,-2.65843,0.635228,-1.14889,-2.64655,0.61533,-1.15861,-2.64655,0.606385,-1.13947,-2.65843,0.674767,-1.2298,-2.85978,0.684729,-1.25019,-2.84702,0.663086,-1.26077,-2.84702,0.653479,-1.24021,-2.85978
0.140163,-1.47667,0.0596713,-10.2094,838904334,1.28997,0.0884883,-2.70935,1.31119,0.0888733,-2.69763,1.3112,0.0667276,-2.69763,1.28998,0.0667105,-2.70935,1.39959,0.0904908,-2.91156,1.42238,0.0909043,-2.89897,1.4224,0.0668158,-2.89897,1.39961,0.0667975,-2.91156
0.209646,-1.47665,0.339707,2.82898,838904350,1.21529,0.441595,-2.70935,1.23558,0.447813,-2.69763,1.2417,0.42653,-2.69763,1.22131,0.420665,-2.70935,1.32011,0.47373,-2.91156,1.34191,0.480408,-2.89897,1.34857,0.457257,-2.89897,1.32666,0.450959,-2.91156
0.251738,-1.47744,0.357037,-11.1199,838904351,1.20621,0.462131,-2.70935,1.22638,0.468704,-2.69763,1.23324,0.447647,-2.69763,1.21295,0.441424,-2.70935,1.31044,0.496085,-2.91156,1.33211,0.503145,-2.89897,1.33957,0.480241,-2.89897,1.31778,0.473557,-2.91156
0.192755,-1.47665,0.374222,-9.30763,838904352,1.19932,0.483262,-2.70935,1.21939,0.490185,-2.69763,1.22625,0.469129,-2.69763,1.20607,0.462556,-2.70935,1.30296,0.519039,-2.91156,1.32451,0.526474,-2.89897,1.33197,0.50357,-2.89897,1.3103,0.49651,-2.91156
0.976149,-1.47749,2.34789,-1.29668,838904465,-0.913827,0.912838,-2.70935,-0.928037,0.928597,-2.69763,-0.91159,0.943427,-2.69763,-0.897653,0.927421,-2.70935,-0.987234,0.994251,-2.91156,-1.0025,1.01118,-2.89897,-0.984605,1.02731,-2.89897,-0.969638,1.01012,-2.91156
0.0157338,-1.47744,2.45143,-2.49111,838904471,-1.00332,0.81354,-2.70935,-1.0191,0.827727,-2.69763,-1.0043,0.844196,-2.69763,-0.988761,0.829736,-2.70935,-1.08484,0.886829,-2.91156,-1.10179,0.902065,-2.89897,-1.08568,0.919979,-2.89897,-1.069,0.904448,-2.91156
-0.0136902,-1.47665,2.46862,-1.88949,838904472,-1.01818,0.797013,-2.70935,-1.03421,0.810926,-2.69763,-1.0194,0.827395,-2.69763,-1.00362,0.813208,-2.70935,-1.10098,0.868877,-2.91156,-1.11819,0.883819,-2.89897,-1.10209,0.901733,-2.89897,-1.08514,0.886496,-2.91156
0.0365027,-1.47745,2.48595,80.7902,838904473,-1.03078,0.778425,-2.70935,-1.04705,0.792052,-2.69763,-1.03282,0.809028,-2.69763,-1.01679,0.795119,-2.70935,-1.11481,0.848822,-2.91156,-1.13228,0.863457,-2.89897,-1.11681,0.881922,-2.89897,-1.09959,0.866984,-2.91156
0.056916,-1.47667,2.50313,-0.15171,838904474,-1.04505,0.761389,-2.70935,-1.06155,0.774734,-2.69763,-1.04733,0.79171,-2.69763,-1.03107,0.778083,-2.70935,-1.13031,0.830317,-2.91156,-1.14804,0.844649,-2.89897,-1.13257,0.863115,-2.89897,-1.1151,0.848479,-2.91156
0.0454013,-1.47747,2.52046,-1.15393,838904475,-1.05699,0.742373,-2.70935,-1.07373,0.755424,-2.69763,-1.06011,0.772886,-2.69763,-1.0436,0.759545,-2.70935,-1.14343,0.809791,-2.91156,-1.1614,0.823808,-2.89897,-1.14659,0.842802,-2.89897,-1.12886,0.828474,-2.91156
0.0251986,-1.4767,2.53765,-2.38348,838904476,-1.07066,0.724848,-2.70935,-1.08762,0.737609,-2.69763,-1.074,0.755071,-2.69763,-1.05727,0.74202,-2.70935,-1.15828,0.790756,-2.91156,-1.17649,0.804461,-2.89897,-1.16168,0.823455,-2.89897,-1.14371,0.809439,-2.91156
0.141521,-1.47751,2.55498,5.8249,838904477,-1.08194,0.705426,-2.70935,-1.09911,0.717885,-2.69763,-1.08611,0.735812,-2.69763,-1.06915,0.723056,-2.70935,-1.17067,0.769785,-2.91156,-1.18912,0.783165,-2.89897,-1.17498,0.802665,-2.89897,-1.15676,0.788965,-2.91156
-0.0779697,-1.47674,2.57217,-2.04968,838904478,-1.09498,0.687435,-2.70935,-1.11238,0.699596,-2.69763,-1.09938,0.717523,-2.69763,-1.0822,0.705065,-2.70935,-1.18485,0.750243,-2.91156,-1.20353,0.763303,-2.89897,-1.18939,0.782803,-2.89897,-1.17094,0.769423,-2.91156
0.0807291,-1.47756,2.5895,45.824,838904479,-1.10557,0.667632,-2.70935,-1.12317,0.679482,-2.69763,-1.11081,0.697853,-2.69763,-1.09341,0.685697,-2.70935,-1.1965,0.728852,-2.91156,-1.21541,0.741579,-2.89897,-1.20196,0.761561,-2.89897,-1.18327,0.748506,-2.91156
0.0386552,-1.4768,2.60669,-1.97026,838904480,-1.11798,0.649196,-2.70935,-1.13579,0.660741,-2.69763,-1.12342,0.679112,-2.69763,-1.10582,0.667261,-2.70935,-1.20999,0.708827,-2.91156,-1.22911,0.721227,-2.89897,-1.21566,0.741209,-2.89897,-1.19675,0.728481,-2.91156
0.0264089,-1.47759,2.62792,-2.8091,838904481,-1.13041,0.624641,-2.70935,-1.14842,0.635874,-2.69763,-1.13669,0.654663,-2.69763,-1.11889,0.643117,-2.70935,-1.22342,0.682672,-2.91156,-1.24275,0.694737,-2.89897,-1.23,0.715173,-2.89897,-1.21087,0.702773,-2.91156
-0.00037034,-1.47677,2.6451,-1.13882,838904482,-1.14218,0.605786,-2.70935,-1.16038,0.616707,-2.69763,-1.14865,0.635495,-2.69763,-1.13065,0.624262,-2.70935,-1.23619,0.662192,-2.91156,-1.25574,0.673921,-2.89897,-1.24299,0.694358,-2.89897,-1.22365,0.682293,-2.91156
-0.0311156,-1.47753,2.66244,-0.81233,838904483,-1.15136,0.585294,-2.70935,-1.16975,0.595892,-2.69763,-1.15869,0.615078,-2.69763,-1.14049,0.604161,-2.70935,-1.24633,0.640042,-2.91156,-1.26608,0.651424,-2.89897,-1.25405,0.672293,-2.89897,-1.2345,0.660569,-2.91156
-0.0437643,-1.47749,2.69695,-1.22287,838904485,-1.17093,0.545239,-2.70935,-1.18967,0.555189,-2.69763,-1.17929,0.574749,-2.69763,-1.16071,0.564475,-2.70935,-1.26775,0.596637,-2.91156,-1.28788,0.607322,-2.89897,-1.27659,0.628599,-2.89897,-1.25664,0.617564,-2.91156
0.269119,-1.47677,-2.59089,-3.48955,838904542,-1.09572,-0.686264,-2.70935,-1.11427,-0.696563,-2.69763,-1.12468,-0.677016,-2.69763,-1.10595,-0.667042,-2.70935,-1.19157,-0.73948,-2.91156,-1.2115,-0.750541,-2.89897,-1.22282,-0.729279,-2.89897,-1.20271,-0.718567,-2.91156
0.19125,-1.47665,-1.02204,-12.4119,838904632,0.684181,-1.09718,-2.70935,0.694482,-1.11574,-2.69763,0.674937,-1.12615,-2.69763,0.66496,-1.10742,-2.70935,0.73741,-1.19303,-2.91156,0.748473,-1.21296,-2.89897,0.727213,-1.22429,-2.89897,0.716498,-1.20417,-2.91156
0.0267038,0.0117301,-1.52558,-1.39431,838927131,0.0475746,-1.29201,0.0269319,0.0475641,-1.29201,0.00338404,0.0692355,-1.28976,0.00338404,0.0692355,-1.28976,0.0269319,0.0673805,-1.52119,0.028832,0.0673692,-1.52119,0.00338404,0.0930333,-1.51852,0.00338404,0.0930333,-1.51852,0.028832
0.0267687,0.0117401,-1.50842,59.6471,838927132,0.0696517,-1.28971,0.0269319,0.0696517,-1.28971,0.00338403,0.0913231,-1.28746,0.00338405,0.0913126,-1.28746,0.0269319,0.0934494,-1.51848,0.028832,0.0934495,-1.51848,0.00338403,0.119114,-1.51581,0.00338405,0.119102,-1.51581,0.028832
0.140541,0.0117295,-1.49107,1.58451,838927133,0.0921356,-1.28966,0.0269319,0.0921252,-1.28967,0.00338404,0.113705,-1.28666,0.00338404,0.113705,-1.28666,0.0269319,0.119934,-1.51801,0.028832,0.119923,-1.51801,0.00338404,0.145478,-1.51445,0.00338404,0.145478,-1.51445,0.028832
0.124487,0.0117397,-1.4739,34.9076,838927134,0.114119,-1.2866,0.0269319,0.114119,-1.2866,0.00338405,0.135698,-1.28359,0.00338403,0.135688,-1.28359,0.0269319,0.145892,-1.51439,0.028832,0.145892,-1.51439,0.00338405,0.171447,-1.51083,0.00338403,0.171436,-1.51083,0.028832
-0.0235079,0.0117291,-1.45656,-2.05195,838927135,0.136588,-1.28576,0.0269319,0.136577,-1.28576,0.00338404,0.158038,-1.282,0.00338404,0.158038,-1.282,0.0269319,0.172344,-1.513,0.028832,0.172333,-1.513,0.00338404,0.197748,-1.50855,0.00338404,0.197748,-1.50855,0.028832
0.0647911,0.0117394,-1.43939,-8.08637,838927136,0.15845,-1.28193,0.0269319,0.15845,-1.28193,0.00338403,0.179912,-1.27817,0.00338405,0.179901,-1.27817,0.026932,0.19816,-1.50848,0.028832,0.19816,-1.50848,0.00338403,0.223575,-1.50402,0.00338405,0.223564,-1.50402,0.0288321
-0.00543628,0.0117289,-1.42205,-1.91632,838927137,0.180876,-1.28031,0.0269319,0.180866,-1.28031,0.00338403,0.202182,-1.27581,0.00338405,0.202182,-1.27581,0.026932,0.224547,-1.50616,0.028832,0.224536,-1.50617,0.00338403,0.24978,-1.50083,0.00338405,0.24978,-1.50083,0.0288321
0.0182186,0.0117392,-1.40488,-1.53431,838927138,0.202592,-1.27572,0.0269319,0.202592,-1.27572,0.00338404,0.223908,-1.27121,0.00338404,0.223898,-1.27121,0.0269319,0.250189,-1.50074,0.028832,0.250189,-1.50074,0.00338405,0.275433,-1.4954,0.00338404,0.275422,-1.4954,0.028832
0.256881,0.0302958,-1.58138,-10.2631,838927640,-0.0245506,-1.29128,0.0508939,-0.024544,-1.29148,0.0273468,-0.00276832,-1.29074,0.0273468,-0.00278541,-1.29054,0.0508939,-0.0167213,-1.52113,0.054686,-0.0167142,-1.52134,0.0292388,0.00907343,-1.52046,0.0292388,0.00905496,-1.52025,0.054686
0.13804,0.0302691,-1.5601,15.0544,838927641,0.00295878,-1.2928,0.0508939,0.00296162,-1.29299,0.0273468,0.0246985,-1.2915,0.0273468,0.0246852,-1.2913,0.0508939,0.0147467,-1.52251,0.054686,0.0147498,-1.52272,0.0292388,0.0404914,-1.52095,0.0292388,0.0404771,-1.52074,0.054686
-0.0223276,0.0302948,-1.54293,101.413,838927642,0.0251026,-1.29127,0.0508939,0.0251159,-1.29147,0.0273468,0.0468528,-1.28997,0.0273468,0.046829,-1.28978,0.0508939,0.0408945,-1.52071,0.054686,0.0409089,-1.52092,0.0292388,0.0666505,-1.51914,0.0292388,0.0666248,-1.51894,0.054686
0.131632,0.0302672,-1.52558,13.4617,838927643,0.0475746,-1.29201,0.0508939,0.0475842,-1.2922,0.0273468,0.0692555,-1.28995,0.0273468,0.0692355,-1.28976,0.0508939,0.0673781,-1.52117,0.054686,0.0673885,-1.52138,0.0292388,0.0930525,-1.51871,0.0292388,0.0930308,-1.5185,0.054686
0.228122,0.0302932,-1.50841,13.2961,838927644,0.0696517,-1.28971,0.0508939,0.0696717,-1.28991,0.0273468,0.0913431,-1.28765,0.0273468,0.0913126,-1.28746,0.0508939,0.0934471,-1.51846,0.054686,0.0934687,-1.51866,0.0292388,0.119133,-1.51599,0.0292388,0.1191,-1.51579,0.054686
0.0145626,0.0302658,-1.49107,-2.88219,838927645,0.0921356,-1.28966,0.0508939,0.092152,-1.28986,0.0273468,0.113731,-1.28685,0.0273468,0.113705,-1.28666,0.0508939,0.11993,-1.51799,0.054686,0.119948,-1.5182,0.0292388,0.145503,-1.51463,0.0292388,0.145474,-1.51443,0.054686
0.00630327,0.030292,-1.4739,-1.61017,838927646,0.114119,-1.2866,0.0508939,0.114146,-1.28679,0.0273468,0.135725,-1.28378,0.0273468,0.135688,-1.28359,0.0508939,0.145889,-1.51437,0.054686,0.145918,-1.51458,0.0292388,0.171473,-1.51101,0.0292388,0.171433,-1.51081,0.054686
0.0845119,0.0302648,-1.45655,24.5915,838927647,0.136588,-1.28576,0.0508939,0.136611,-1.28596,0.0273468,0.158072,-1.28219,0.0273468,0.158038,-1.282,0.0508939,0.17234,-1.51298,0.054686,0.172365,-1.51319,0.0292388,0.19778,-1.50873,0.0292388,0.197744,-1.50853,0.054686
-0.00951392,0.0302912,-1.43939,-2.67325,838927648,0.15845,-1.28193,0.0508939,0.158484,-1.28212,0.0273468,0.179945,-1.27836,0.0273468,0.179901,-1.27817,0.0508939,0.198156,-1.50845,0.054686,0.198192,-1.50866,0.0292388,0.223607,-1.50421,0.0292388,0.22356,-1.504,0.054686
-0.048768,0.0302643,-1.42204,-1.8607,838927649,0.180876,-1.28031,0.0508939,0.180906,-1.2805,0.0273468,0.202223,-1.27599,0.0273468,0.202182,-1.27581,0.0508939,0.224542,-1.50614,0.054686,0.224575,-1.50635,0.0292388,0.249819,-1.50101,0.0292388,0.249775,-1.5008,0.054686
-0.102571,0.0302909,-1.40488,-1.36722,838927650,0.202592,-1.27572,0.0508939,0.202632,-1.27591,0.0273468,0.223949,-1.2714,0.0273468,0.223898,-1.27121,0.0508939,0.250185,-1.50072,0.054686,0.250228,-1.50092,0.0292388,0.275472,-1.49558,0.0292388,0.275418,-1.49538,0.054686
0.122806,0.0673086,-1.56009,-5.486,838928665,0.00295879,-1.2928,0.0988267,0.00298821,-1.29338,0.075286,0.0247251,-1.29188,0.075286,0.0246852,-1.2913,0.0988267,0.0147403,-1.52241,0.106402,0.0147721,-1.52304,0.0809616,0.0405138,-1.52127,0.0809616,0.0404706,-1.52064,0.106402
0.223297,0.0673572,-1.02129,2.22825,838928696,0.665295,-1.1072,0.0988267,0.665619,-1.10768,0.075286,0.683694,-1.09551,0.075286,0.683361,-1.09504,0.0988267,0.793661,-1.2979,0.106402,0.794011,-1.29842,0.0809616,0.815416,-1.28401,0.0809615,0.815056,-1.2835,0.106402
0.118054,0.0858752,-1.58137,19.5381,838929176,-0.0245506,-1.29128,0.122801,-0.0245242,-1.29206,0.0992656,-0.00274854,-1.29132,0.0992656,-0.00278541,-1.29054,0.122801,-0.0167269,-1.52096,0.132267,-0.0166984,-1.5218,0.106832,0.00908923,-1.52092,0.106832,0.00904939,-1.52008,0.132267
0.225691,0.0857944,-1.1765,3.92525,838929199,0.486599,-1.19782,0.122801,0.486928,-1.19852,0.0992656,0.506522,-1.18899,0.0992656,0.506183,-1.18829,0.122801,0.583513,-1.40624,0.132267,0.583869,-1.407,0.106832,0.607072,-1.39571,0.106833,0.606706,-1.39496,0.132267
0.230474,0.10373,-1.28398,1.83078,838929705,0.35532,-1.24317,0.14541,0.355594,-1.24404,0.123253,0.376102,-1.23659,0.123253,0.375791,-1.23574,0.14541,0.429926,-1.46039,0.158875,0.430249,-1.46142,0.132711,0.45451,-1.45261,0.132711,0.454142,-1.4516,0.158875
0.18045,0.121204,-1.54291,-4.80157,838930202,0.0251028,-1.29127,0.168009,0.0251919,-1.29257,0.145871,0.046958,-1.29107,0.145871,0.0468292,-1.28978,0.168009,0.0408532,-1.5201,0.185468,0.0409584,-1.52163,0.159326,0.0667065,-1.51986,0.159326,0.0665544,-1.51834,0.185468
0.12967,0.121193,-1.47388,-9.62331,838930206,0.114119,-1.2866,0.168009,0.114298,-1.28788,0.145871,0.135907,-1.28487,0.145871,0.135688,-1.28359,0.168009,0.145805,-1.51377,0.185468,0.146017,-1.51529,0.159326,0.171579,-1.51172,0.159326,0.171321,-1.51021,0.185468
0.0961315,0.173203,-1.71939,21.6391,838931728,-0.202046,-1.2758,0.235992,-0.202305,-1.27824,0.213952,-0.180609,-1.28054,0.213952,-0.18039,-1.2781,0.235992,-0.226112,-1.50268,0.265397,-0.226418,-1.50556,0.239371,-0.200752,-1.50828,0.239371,-0.200494,-1.5054,0.265397
0.109515,0.19059,-1.58132,15.4418,838932248,-0.02455,-1.29128,0.258872,-0.024453,-1.29413,0.236756,-0.00261464,-1.29339,0.236756,-0.00278481,-1.29054,0.258872,-0.0168013,-1.51876,0.292181,-0.0166871,-1.52211,0.26615,0.00908774,-1.52124,0.26615,0.00888743,-1.51789,0.292181
0.194832,0.207942,-0.986726,-0.992309,838932794,0.703093,-1.08356,0.281796,0.704988,-1.08618,0.259733,0.722677,-1.07335,0.259733,0.720723,-1.07078,0.281796,0.836351,-1.26734,0.319,0.838582,-1.27042,0.293029,0.85946,-1.25528,0.293029,0.85716,-1.25225,0.319
0.106633,0.25978,-1.21095,-11.1378,838934317,0.444943,-1.21382,0.350962,0.446644,-1.21783,0.329094,0.466615,-1.20897,0.329094,0.464848,-1.20499,0.350962,0.532563,-1.42087,0.399779,0.534565,-1.4256,0.374038,0.558136,-1.41513,0.374038,0.556056,-1.41044,0.399779
0.121631,0.312079,-1.12473,24.24,838935858,0.54728,-1.16997,0.421251,0.549852,-1.17482,0.399514,0.569184,-1.16457,0.399514,0.566519,-1.15977,0.421251,0.651327,-1.36615,0.48129,0.654341,-1.37183,0.455811,0.677082,-1.35977,0.455811,0.673959,-1.35415,0.48129
0.612327,0.381554,-0.219489,42.3414,838937958,1.25815,-0.29201,0.51674,1.26501,-0.293225,0.49528,1.26883,-0.271647,0.49528,1.26195,-0.270566,0.51674,1.47243,-0.329988,0.591284,1.48042,-0.331405,0.566263,1.4849,-0.306128,0.566263,1.47688,-0.304869,0.591284
0.134976,0.507438,2.71507,32.6706,838941350,-1.17129,0.544466,0.696394,-1.17991,0.547963,0.675848,-1.18816,0.527626,0.675848,-1.17947,0.524283,0.696394,-1.36408,0.622592,0.794583,-1.37408,0.626644,0.770768,-1.38368,0.602941,0.770768,-1.37361,0.599066,0.794583
0.11531,0.593211,-1.40467,84.5895,838944034,0.202595,-1.27572,0.824932,0.204832,-1.28629,0.805196,0.226325,-1.28174,0.805196,0.223902,-1.27121,0.824932,0.244004,-1.47148,0.938397,0.24658,-1.48366,0.915665,0.271492,-1.47839,0.915665,0.2687,-1.46626,0.938397
0.221074,0.746839,-0.620113,50.0902,838948687,1.0457,-0.760494,1.07207,1.05692,-0.7678,1.05364,1.0686,-0.749138,1.05364,1.05726,-0.742036,1.07207,1.20023,-0.860973,1.20971,1.21297,-0.869268,1.18878,1.22634,-0.847907,1.18877,1.21346,-0.839842,1.20971
0.425226,0.838326,1.87507,50.1604,838951030,-0.376191,1.23559,1.22941,-0.381216,1.24943,1.21169,-0.401933,1.24191,1.21169,-0.396662,1.22816,1.22941,-0.435893,1.40007,1.3787,-0.441557,1.41568,1.35874,-0.465116,1.40713,1.35874,-0.459174,1.39162,1.3787
0.22574,0.837745,1.89241,44.9245,838951031,-0.397981,1.23011,1.22941,-0.403243,1.24386,1.21169,-0.423685,1.23562,1.21169,-0.41818,1.22197,1.22941,-0.460619,1.39352,1.3787,-0.46655,1.40903,1.35874,-0.489796,1.39966,1.35874,-0.483591,1.38426,1.3787
0.116626,0.872577,2.85324,25.3849,838952110,-1.2351,0.378113,1.2913,-1.24982,0.381798,1.27397,-1.25517,0.360417,1.27397,-1.24039,0.356987,1.2913,-1.40111,0.419669,1.445,-1.4177,0.423822,1.42546,-1.42379,0.399509,1.42546,-1.40713,0.395643,1.445
0.0904976,0.889732,0.340759,14.2827,838952478,1.22115,0.421048,1.32289,1.23547,0.426815,1.30571,1.22723,0.447276,1.30571,1.21302,0.441248,1.32289,1.37818,0.484308,1.47862,1.39419,0.490762,1.45939,1.38488,0.513873,1.45939,1.36898,0.507128,1.47862
0.284073,0.889123,2.03439,45.4957,838952575,-0.5681,1.16151,1.32289,-0.57556,1.17502,1.30571,-0.594674,1.16401,1.30571,-0.586971,1.15064,1.32289,-0.650147,1.30961,1.47862,-0.658495,1.32473,1.45939,-0.680085,1.3123,1.45939,-0.671465,1.29733,1.47862
0.222436,0.975423,0.129775,47.4185,838955026,1.28215,0.15592,1.48631,1.29843,0.158777,1.46997,1.29462,0.180521,1.46997,1.27838,0.17737,1.48631,1.43958,0.183536,1.65172,1.45767,0.186709,1.63357,1.45339,0.211106,1.63357,1.43535,0.207607,1.65172
0.130637,1.09474,-1.55977,-2.37383,838958873,0.00294852,-1.2928,1.73393,0.00386141,-1.31065,1.71879,0.0259022,-1.30913,1.71879,0.0246749,-1.2913,1.73393,0.0105365,-1.43945,1.91098,0.0115432,-1.45913,1.89429,0.0361103,-1.45744,1.89429,0.0347569,-1.43778,1.91098
0.191611,1.16921,-0.844437,-40.5979,838960962,0.849253,-0.97303,1.89852,0.862206,-0.986472,1.88398,0.878126,-0.971132,1.88398,0.864935,-0.957919,1.89852,0.946094,-1.07353,2.08135,0.960277,-1.08825,2.06543,0.977908,-1.07126,2.06543,0.963464,-1.05679,2.08135
0.147566,1.272,0.164357,40.5754,838963732,1.27593,0.200063,2.14506,1.29511,0.204123,2.13152,1.29052,0.225765,2.13152,1.27142,0.221369,2.14506,1.40217,0.226785,2.33546,1.42303,0.2312,2.32073,1.41799,0.255019,2.32073,1.39721,0.250237,2.33546
0.194982,1.28833,-0.201889,56.6084,838964583,1.26429,-0.270396,2.18821,1.28378,-0.273499,2.17484,1.28687,-0.251595,2.17484,1.26734,-0.248833,2.18821,1.39005,-0.290395,2.37977,1.41124,-0.29377,2.36523,1.41465,-0.269664,2.36523,1.3934,-0.26666,2.37977
0.35279,1.35766,-2.9388,-51.8376,838966474,-1.26729,-0.248962,2.36792,-1.28704,-0.253861,2.35515,-1.2817,-0.275343,2.35515,-1.26205,-0.270098,2.36792,-1.38443,-0.278031,2.56372,-1.40576,-0.283325,2.54992,-1.39993,-0.306826,2.54992,-1.37869,-0.301158,2.56372
0.162342,1.39188,2.60784,27.2998,838967456,-1.10602,0.666891,2.46154,-1.12415,0.676555,2.44911,-1.13456,0.65702,2.44911,-1.11626,0.647671,2.46154,-1.20961,0.722089,2.65934,-1.22921,0.732532,2.64591,-1.2406,0.711162,2.64591,-1.22082,0.701059,2.65934
0.148777,1.39179,-0.253726,27.4076,838967652,1.24738,-0.335254,2.46154,1.26748,-0.339545,2.44911,1.2721,-0.317899,2.44911,1.25193,-0.313956,2.46154,1.36218,-0.359764,2.65934,1.3839,-0.364401,2.64591,1.38895,-0.340721,2.64591,1.36715,-0.336461,2.65934
0.141523,1.4597,-2.60691,-17.688,838969565,-1.11812,-0.64895,2.65843,-1.13586,-0.66044,2.64655,-1.1235,-0.678813,2.64655,-1.10597,-0.667018,2.65843,-1.21144,-0.709435,2.85978,-1.23049,-0.721775,2.84702,-1.21704,-0.74176,2.84702,-1.19821,-0.729092,2.85978
0.135115,1.47665,0.32369,30.8713,838969885,1.22946,0.400439,2.70935,1.24928,0.408027,2.69763,1.241,0.428569,2.69763,1.22132,0.420639,2.70935,1.33185,0.439627,2.91156,1.35314,0.447776,2.89897,1.34414,0.47012,2.89897,1.323,0.461603,2.91156
0.214511,1.47747,2.36624,-4.30624,838970002,-0.914439,0.912226,2.70935,-0.930194,0.926442,2.69763,-0.945029,0.91,2.69763,-0.929028,0.896057,2.70935,-0.995827,0.985662,2.91156,-1.01275,1.00093,2.89897,-1.02888,0.983044,2.89897,-1.0117,0.968071,2.91156
0.124619,1.47749,-1.64997,-21.9628,838970132,-0.113555,-1.28665,2.70935,-0.114315,-1.30785,2.69763,-0.092183,-1.30865,2.69763,-0.0917909,-1.28743,2.70935,-0.11748,-1.3962,2.91156,-0.118296,-1.41897,2.89897,-0.094223,-1.41984,2.89897,-0.0938019,-1.39705,2.91156
0.193853,1.47751,-1.508,-5.64177,838970140,0.0696659,-1.28971,2.70935,0.0718615,-1.31082,2.69763,0.0938884,-1.30853,2.69763,0.0913268,-1.28746,2.70935,0.0810083,-1.39874,2.91156,0.0833663,-1.42141,2.89897,0.107326,-1.41892,2.89897,0.104574,-1.39629,2.91156
0.216508,1.47665,-1.42164,12.2294,838970145,0.180862,-1.28031,2.70935,0.184893,-1.30115,2.69763,0.20656,-1.29657,2.69763,0.202169,-1.27581,2.70935,0.201674,-1.38796,2.91156,0.206003,-1.41034,2.89897,0.22957,-1.40535,2.89897,0.224854,-1.38306,2.91156
0.18204,1.47665,-0.688993,-1.21652,838970187,0.990784,-0.830836,2.70935,1.00772,-0.843623,2.69763,1.02076,-0.825719,2.69763,1.0036,-0.81323,2.70935,1.07828,-0.896904,2.91156,1.09647,-0.910637,2.89897,1.11065,-0.891162,2.89897,1.09223,-0.877749,2.91156
