energy,eta,phi,time,detid,front_1_x,front_1_y,front_1_z,front_2_x,front_2_y,front_2_z,front_3_x,front_3_y,front_3_z,front_4_x,front_4_y,front_4_z,back_1_x,back_1_y,back_1_z,back_2_x,back_2_y,back_2_z,back_3_x,back_3_y,back_3_z,back_4_x,back_4_y,back_4_z
0.000334342,-1.66422,-1.6346,-6.63503,905975003,-0.0751312,-1.22137,-3.04064,-0.0751312,-1.16051,-3.03659,-0.0770375,-1.16051,-3.03659,-0.0770375,-1.22137,-3.04064,-0.0751312,-1.22139,-3.04033,-0.0751312,-1.16053,-3.03628,-0.0770375,-1.16053,-3.03628,-0.0770375,-1.22139,-3.04033
0.000256148,-1.66466,-1.62662,1.98573,905975008,-0.0656,-1.22137,-3.04064,-0.0656,-1.16051,-3.03659,-0.0675063,-1.16051,-3.03659,-0.0675063,-1.22137,-3.04064,-0.0656,-1.22139,-3.04033,-0.0656,-1.16053,-3.03628,-0.0675063,-1.16053,-3.03628,-0.0675063,-1.22139,-3.04033
0.0010125,-1.66503,-1.61898,-5.93167,905975043,-0.0564812,-1.22137,-3.04064,-0.0564812,-1.16051,-3.03659,-0.0583875,-1.16051,-3.03659,-0.0583875,-1.22137,-3.04064,-0.0564812,-1.22139,-3.04033,-0.0564812,-1.16053,-3.03628,-0.0583875,-1.16053,-3.03628,-0.0583875,-1.22139,-3.04033
8.28049e-05,-1.6651,-1.61739,-18.1344,905975044,-0.054575,-1.22137,-3.04064,-0.054575,-1.16051,-3.03659,-0.0564813,-1.16051,-3.03659,-0.0564813,-1.22137,-3.04064,-0.054575,-1.22139,-3.04033,-0.054575,-1.16053,-3.03628,-0.0564813,-1.16053,-3.03628,-0.0564813,-1.22139,-3.04033
0.000208088,-1.66536,-1.611,-0.37121,905975048,-0.04695,-1.22137,-3.04064,-0.04695,-1.16051,-3.03659,-0.0488562,-1.16051,-3.03659,-0.0488562,-1.22137,-3.04064,-0.04695,-1.22139,-3.04033,-0.04695,-1.16053,-3.03628,-0.0488562,-1.16053,-3.03628,-0.0488562,-1.22139,-3.04033
0.000183017,-1.66548,-1.6078,-16.9605,905975050,-0.0431375,-1.22137,-3.04064,-0.0431375,-1.16051,-3.03659,-0.0450437,-1.16051,-3.03659,-0.0450437,-1.22137,-3.04064,-0.0431375,-1.22139,-3.04033,-0.0431375,-1.16053,-3.03628,-0.0450437,-1.16053,-3.03628,-0.0450437,-1.22139,-3.04033
9.11726e-05,-1.66588,-1.59341,-3.26945,905975059,-0.0259812,-1.22137,-3.04064,-0.0259812,-1.16051,-3.03659,-0.0278875,-1.16051,-3.03659,-0.0278875,-1.22137,-3.04064,-0.0259812,-1.22139,-3.04033,-0.0259812,-1.16053,-3.03628,-0.0278875,-1.16053,-3.03628,-0.0278875,-1.22139,-3.04033
0.000302389,-1.66591,-1.59181,-9.60818,905975060,-0.024075,-1.22137,-3.04064,-0.024075,-1.16051,-3.03659,-0.0259812,-1.16051,-3.03659,-0.0259812,-1.22137,-3.04064,-0.024075,-1.22139,-3.04033,-0.024075,-1.16053,-3.03628,-0.0259812,-1.16053,-3.03628,-0.0259812,-1.22139,-3.04033
0.000820563,-1.66594,-1.59021,-3.26945,905975061,-0.0221687,-1.22137,-3.04064,-0.0221687,-1.16051,-3.03659,-0.024075,-1.16051,-3.03659,-0.024075,-1.22137,-3.04064,-0.0221687,-1.22139,-3.04033,-0.0221687,-1.16053,-3.03628,-0.024075,-1.16053,-3.03628,-0.024075,-1.22139,-3.04033
0.00143409,-1.66597,-1.58861,-2.01332,905975062,-0.0202625,-1.22137,-3.04064,-0.0202625,-1.16051,-3.03659,-0.0221688,-1.16051,-3.03659,-0.0221688,-1.22137,-3.04064,-0.0202625,-1.22139,-3.04033,-0.0202625,-1.16053,-3.03628,-0.0221688,-1.16053,-3.03628,-0.0221688,-1.22139,-3.04033
0.000269345,-1.66601,-1.58541,-4.76564,905975064,-0.01645,-1.22137,-3.04064,-0.01645,-1.16051,-3.03659,-0.0183562,-1.16051,-3.03659,-0.0183562,-1.22137,-3.04064,-0.01645,-1.22139,-3.04033,-0.01645,-1.16053,-3.03628,-0.0183562,-1.16053,-3.03628,-0.0183562,-1.22139,-3.04033
0.000554342,-1.66605,-1.58221,-7.07194,905975066,-0.0126375,-1.22137,-3.04064,-0.0126375,-1.16051,-3.03659,-0.0145438,-1.16051,-3.03659,-0.0145438,-1.22137,-3.04064,-0.0126375,-1.22139,-3.04033,-0.0126375,-1.16053,-3.03628,-0.0145438,-1.16053,-3.03628,-0.0145438,-1.22139,-3.04033
0.000155911,-1.66608,-1.57901,1.46047,905975068,-0.008825,-1.22137,-3.04064,-0.008825,-1.16051,-3.03659,-0.0107313,-1.16051,-3.03659,-0.0107313,-1.22137,-3.04064,-0.008825,-1.22139,-3.04033,-0.008825,-1.16053,-3.03628,-0.0107313,-1.16053,-3.03628,-0.0107313,-1.22139,-3.04033
0.000631067,-1.66603,-1.55778,-3.13814,905975112,0.01645,-1.22137,-3.04064,0.01645,-1.16051,-3.03659,0.0145438,-1.16051,-3.03659,0.0145438,-1.22137,-3.04064,0.01645,-1.22139,-3.04033,0.01645,-1.16053,-3.03628,0.0145438,-1.16053,-3.03628,0.0145438,-1.22139,-3.04033
0.000204609,-1.66524,-1.5274,-1.38941,905975131,0.0526688,-1.22137,-3.04064,0.0526688,-1.16051,-3.03659,0.0507625,-1.16051,-3.03659,0.0507625,-1.22137,-3.04064,0.0526688,-1.22139,-3.04033,0.0526688,-1.16053,-3.03628,0.0507625,-1.16053,-3.03628,0.0507625,-1.22139,-3.04033
0.000137431,-1.66496,-1.52101,4.62261,905975135,0.0602938,-1.22137,-3.04064,0.0602938,-1.16051,-3.03659,0.0583875,-1.16051,-3.03659,0.0583875,-1.22137,-3.04064,0.0602938,-1.22139,-3.04033,0.0602938,-1.16053,-3.03628,0.0583875,-1.16053,-3.03628,0.0583875,-1.22139,-3.04033
9.08388e-05,-1.66488,-1.51941,-18.1344,905975136,0.0622,-1.22137,-3.04064,0.0622,-1.16051,-3.03659,0.0602938,-1.16051,-3.03659,0.0602938,-1.22137,-3.04064,0.0622,-1.22139,-3.04033,0.0622,-1.16053,-3.03628,0.0602938,-1.16053,-3.03628,0.0602938,-1.22139,-3.04033
0.00425417,-1.66466,-1.51497,-3.21395,905975169,0.0675063,-1.22137,-3.04064,0.0675063,-1.16051,-3.03659,0.0656,-1.16051,-3.03659,0.0656,-1.22137,-3.04064,0.0675063,-1.22139,-3.04033,0.0675063,-1.16053,-3.03628,0.0656,-1.16053,-3.03628,0.0656,-1.22139,-3.04033
0.00202894,-1.66458,-1.51338,-3.15338,905975170,0.0694125,-1.22137,-3.04064,0.0694125,-1.16051,-3.03659,0.0675063,-1.16051,-3.03659,0.0675063,-1.22137,-3.04064,0.0694125,-1.22139,-3.04033,0.0694125,-1.16053,-3.03628,0.0675063,-1.16053,-3.03628,0.0675063,-1.22139,-3.04033
0.000358864,-1.66449,-1.51178,-6.22728,905975171,0.0713188,-1.22137,-3.04064,0.0713188,-1.16051,-3.03659,0.0694125,-1.16051,-3.03659,0.0694125,-1.22137,-3.04064,0.0713188,-1.22139,-3.04033,0.0713188,-1.16053,-3.03628,0.0694125,-1.16053,-3.03628,0.0694125,-1.22139,-3.04033
0.000228739,-1.66431,-1.50859,-22.6471,905975173,0.0751312,-1.22137,-3.04064,0.0751312,-1.16051,-3.03659,0.073225,-1.16051,-3.03659,0.073225,-1.22137,-3.04064,0.0751312,-1.22139,-3.04033,0.0751312,-1.16053,-3.03628,0.073225,-1.16053,-3.03628,0.073225,-1.22139,-3.04033
0.000292727,-1.66412,-1.5054,-0.841013,905975175,0.0789438,-1.22137,-3.04064,0.0789438,-1.16051,-3.03659,0.0770375,-1.16051,-3.03659,0.0770375,-1.22137,-3.04064,0.0789438,-1.22139,-3.04033,0.0789438,-1.16053,-3.03628,0.0770375,-1.16053,-3.03628,0.0770375,-1.22139,-3.04033
0.000183194,-1.66361,-1.49744,-14.7059,905975180,0.088475,-1.22137,-3.04064,0.088475,-1.16051,-3.03659,0.0865688,-1.16051,-3.03659,0.0865688,-1.22137,-3.04064,0.088475,-1.22139,-3.04033,0.088475,-1.16053,-3.03628,0.0865688,-1.16053,-3.03628,0.0865688,-1.22139,-3.04033
0.000117076,-1.66327,-1.49266,-0.841013,905975183,0.0941937,-1.22137,-3.04064,0.0941937,-1.16051,-3.03659,0.0922875,-1.16051,-3.03659,0.0922875,-1.22137,-3.04064,0.0941937,-1.22139,-3.04033,0.0941937,-1.16053,-3.03628,0.0922875,-1.16053,-3.03628,0.0922875,-1.22139,-3.04033
0.000194385,-1.66315,-1.49107,-12.1515,905975184,0.0961,-1.22137,-3.04064,0.0961,-1.16051,-3.03659,0.0941938,-1.16051,-3.03659,0.0941938,-1.22137,-3.04064,0.0961,-1.22139,-3.04033,0.0961,-1.16053,-3.03628,0.0941938,-1.16053,-3.03628,0.0941938,-1.22139,-3.04033
0.000233412,-1.65566,-1.42119,-3.26945,905975259,0.180469,-1.22137,-3.04064,0.180469,-1.16051,-3.03659,0.178563,-1.16051,-3.03659,0.178563,-1.22137,-3.04064,0.180469,-1.22139,-3.04033,0.180469,-1.16053,-3.03628,0.178563,-1.16053,-3.03628,0.178563,-1.22139,-3.04033
0.000421209,-1.65522,-1.41806,1.74023,905975261,0.184281,-1.22137,-3.04064,0.184281,-1.16051,-3.03659,0.182375,-1.16051,-3.03659,0.182375,-1.22137,-3.04064,0.184281,-1.22139,-3.04033,0.184281,-1.16053,-3.03628,0.182375,-1.16053,-3.03628,0.182375,-1.22139,-3.04033
0.000242772,-1.65299,-1.40321,-4.28102,905975301,0.202431,-1.22137,-3.04064,0.202431,-1.16051,-3.03659,0.200525,-1.16051,-3.03659,0.200525,-1.22137,-3.04064,0.202431,-1.22139,-3.04033,0.202431,-1.16053,-3.03628,0.200525,-1.16053,-3.03628,0.200525,-1.22139,-3.04033
0.00021104,-1.65174,-1.39544,-1.86503,905975306,0.211962,-1.22137,-3.04064,0.211962,-1.16051,-3.03659,0.210056,-1.16051,-3.03659,0.210056,-1.22137,-3.04064,0.211962,-1.22139,-3.04033,0.211962,-1.16053,-3.03628,0.210056,-1.16053,-3.03628,0.210056,-1.22139,-3.04033
8.90276e-05,-1.64043,-1.33675,2.09753,905975375,0.284894,-1.22137,-3.04064,0.284894,-1.16051,-3.03659,0.282987,-1.16051,-3.03659,0.282987,-1.22137,-3.04064,0.284894,-1.22139,-3.04033,0.284894,-1.16053,-3.03628,0.282987,-1.16053,-3.03628,0.282987,-1.22139,-3.04033
0.000225107,-1.71015,-1.67487,-6.22728,905979077,-0.117069,-1.16037,-3.04064,-0.117069,-1.09951,-3.03659,-0.118975,-1.09951,-3.03659,-0.118975,-1.16037,-3.04064,-0.117069,-1.16039,-3.04033,-0.117069,-1.09953,-3.03628,-0.118975,-1.09953,-3.03628,-0.118975,-1.16039,-3.04033
0.000687603,-1.71047,-1.67153,-4.28102,905979079,-0.113256,-1.16037,-3.04064,-0.113256,-1.09951,-3.03659,-0.115162,-1.09951,-3.03659,-0.115162,-1.16037,-3.04064,-0.113256,-1.16039,-3.04033,-0.113256,-1.09953,-3.03628,-0.115162,-1.09953,-3.03628,-0.115162,-1.16039,-3.04033
0.000688948,-1.71063,-1.66986,-10.3795,905979080,-0.11135,-1.16037,-3.04064,-0.11135,-1.09951,-3.03659,-0.113256,-1.09951,-3.03659,-0.113256,-1.16037,-3.04064,-0.11135,-1.16039,-3.04033,-0.11135,-1.09953,-3.03628,-0.113256,-1.09953,-3.03628,-0.113256,-1.16039,-3.04033
0.000532227,-1.71078,-1.66819,-2.20242,905979081,-0.109444,-1.16037,-3.04064,-0.109444,-1.09951,-3.03659,-0.11135,-1.09951,-3.03659,-0.11135,-1.16037,-3.04064,-0.109444,-1.16039,-3.04033,-0.109444,-1.09953,-3.03628,-0.11135,-1.09953,-3.03628,-0.11135,-1.16039,-3.04033
8.91037e-05,-1.71108,-1.66484,-3.26945,905979083,-0.105631,-1.16037,-3.04064,-0.105631,-1.09951,-3.03659,-0.107537,-1.09951,-3.03659,-0.107537,-1.16037,-3.04064,-0.105631,-1.16039,-3.04033,-0.105631,-1.09953,-3.03628,-0.107537,-1.09953,-3.03628,-0.107537,-1.16039,-3.04033
0.000227531,-1.71179,-1.65648,-9.92562,905979088,-0.0961,-1.16037,-3.04064,-0.0961,-1.09951,-3.03659,-0.0980062,-1.09951,-3.03659,-0.0980062,-1.16037,-3.04064,-0.0961,-1.16039,-3.04033,-0.0961,-1.09953,-3.03628,-0.0980062,-1.09953,-3.03628,-0.0980062,-1.16039,-3.04033
0.000414272,-1.71386,-1.62495,-6.59681,905979137,-0.0602938,-1.16037,-3.04064,-0.0602938,-1.09951,-3.03659,-0.0622,-1.09951,-3.03659,-0.0622,-1.16037,-3.04064,-0.0602938,-1.16039,-3.04033,-0.0602938,-1.09953,-3.03628,-0.0622,-1.09953,-3.03628,-0.0622,-1.16039,-3.04033
0.000208351,-1.71394,-1.62326,-8.59308,905979138,-0.0583875,-1.16037,-3.04064,-0.0583875,-1.09951,-3.03659,-0.0602938,-1.09951,-3.03659,-0.0602938,-1.16037,-3.04064,-0.0583875,-1.16039,-3.04033,-0.0583875,-1.09953,-3.03628,-0.0602938,-1.09953,-3.03628,-0.0602938,-1.16039,-3.04033
0.00021496,-1.71439,-1.61316,-10.0386,905979144,-0.04695,-1.16037,-3.04064,-0.04695,-1.09951,-3.03659,-0.0488562,-1.09951,-3.03659,-0.0488562,-1.16037,-3.04064,-0.04695,-1.16039,-3.04033,-0.04695,-1.09953,-3.03628,-0.0488562,-1.09953,-3.03628,-0.0488562,-1.16039,-3.04033
0.000413262,-1.71489,-1.598,-18.1344,905979153,-0.0297937,-1.16037,-3.04064,-0.0297937,-1.09951,-3.03659,-0.0317,-1.09951,-3.03659,-0.0317,-1.16037,-3.04064,-0.0297937,-1.16039,-3.04033,-0.0297937,-1.09953,-3.03628,-0.0317,-1.09953,-3.03628,-0.0317,-1.16039,-3.04033
0.000204207,-1.71493,-1.59631,-11.8151,905979154,-0.0278875,-1.16037,-3.04064,-0.0278875,-1.09951,-3.03659,-0.0297938,-1.09951,-3.03659,-0.0297938,-1.16037,-3.04064,-0.0278875,-1.16039,-3.04033,-0.0278875,-1.09953,-3.03628,-0.0297938,-1.09953,-3.03628,-0.0297938,-1.16039,-3.04033
0.000934599,-1.71497,-1.59463,-5.48086,905979155,-0.0259812,-1.16037,-3.04064,-0.0259812,-1.09951,-3.03659,-0.0278875,-1.09951,-3.03659,-0.0278875,-1.16037,-3.04064,-0.0259812,-1.16039,-3.04033,-0.0259812,-1.09953,-3.03628,-0.0278875,-1.09953,-3.03628,-0.0278875,-1.16039,-3.04033
0.000267071,-1.715,-1.59294,-9.74543,905979156,-0.024075,-1.16037,-3.04064,-0.024075,-1.09951,-3.03659,-0.0259812,-1.09951,-3.03659,-0.0259812,-1.16037,-3.04064,-0.024075,-1.16039,-3.04033,-0.024075,-1.09953,-3.03628,-0.0259812,-1.09953,-3.03628,-0.0259812,-1.16039,-3.04033
0.000398716,-1.71504,-1.59126,-3.65564,905979157,-0.0221687,-1.16037,-3.04064,-0.0221687,-1.09951,-3.03659,-0.024075,-1.09951,-3.03659,-0.024075,-1.16037,-3.04064,-0.0221687,-1.16039,-3.04033,-0.0221687,-1.09953,-3.03628,-0.024075,-1.09953,-3.03628,-0.024075,-1.16039,-3.04033
0.000583816,-1.71507,-1.58957,-8.09477,905979158,-0.0202625,-1.16037,-3.04064,-0.0202625,-1.09951,-3.03659,-0.0221688,-1.09951,-3.03659,-0.0221688,-1.16037,-3.04064,-0.0202625,-1.16039,-3.04033,-0.0202625,-1.09953,-3.03628,-0.0221688,-1.09953,-3.03628,-0.0221688,-1.16039,-3.04033
0.00016948,-1.7151,-1.58788,-12.5665,905979159,-0.0183563,-1.16037,-3.04064,-0.0183563,-1.09951,-3.03659,-0.0202625,-1.09951,-3.03659,-0.0202625,-1.16037,-3.04064,-0.0183563,-1.16039,-3.04033,-0.0183563,-1.09953,-3.03628,-0.0202625,-1.09953,-3.03628,-0.0202625,-1.16039,-3.04033
0.000140668,-1.71514,-1.58451,-0.841013,905979161,-0.0145438,-1.16037,-3.04064,-0.0145438,-1.09951,-3.03659,-0.01645,-1.09951,-3.03659,-0.01645,-1.16037,-3.04064,-0.0145438,-1.16039,-3.04033,-0.0145438,-1.09953,-3.03628,-0.01645,-1.09953,-3.03628,-0.01645,-1.16039,-3.04033
0.000171228,-1.71516,-1.58282,-4.18804,905979162,-0.0126375,-1.16037,-3.04064,-0.0126375,-1.09951,-3.03659,-0.0145438,-1.09951,-3.03659,-0.0145438,-1.16037,-3.04064,-0.0126375,-1.16039,-3.04033,-0.0126375,-1.09953,-3.03628,-0.0145438,-1.09953,-3.03628,-0.0145438,-1.16039,-3.04033
0.00101486,-1.7152,-1.57945,-5.46788,905979164,-0.008825,-1.16037,-3.04064,-0.008825,-1.09951,-3.03659,-0.0107313,-1.09951,-3.03659,-0.0107313,-1.16037,-3.04064,-0.008825,-1.16039,-3.04033,-0.008825,-1.09953,-3.03628,-0.0107313,-1.09953,-3.03628,-0.0107313,-1.16039,-3.04033
0.000192312,-1.71523,-1.5672,-2.81754,905979202,0.0050125,-1.16037,-3.04064,0.0050125,-1.09951,-3.03659,0.00310625,-1.09951,-3.03659,0.00310625,-1.16037,-3.04064,0.0050125,-1.16039,-3.04033,0.0050125,-1.09953,-3.03628,0.00310625,-1.09953,-3.03628,0.00310625,-1.16039,-3.04033
0.000260873,-1.71522,-1.56552,-5.09334,905979203,0.00691875,-1.16037,-3.04064,0.00691875,-1.09951,-3.03659,0.0050125,-1.09951,-3.03659,0.0050125,-1.16037,-3.04064,0.00691875,-1.16039,-3.04033,0.00691875,-1.09953,-3.03628,0.0050125,-1.09953,-3.03628,0.0050125,-1.16039,-3.04033
0.000541235,-1.71521,-1.56383,-1.7357,905979204,0.008825,-1.16037,-3.04064,0.008825,-1.09951,-3.03659,0.00691875,-1.09951,-3.03659,0.00691875,-1.16037,-3.04064,0.008825,-1.16039,-3.04033,0.008825,-1.09953,-3.03628,0.00691875,-1.09953,-3.03628,0.00691875,-1.16039,-3.04033
0.000291697,-1.7152,-1.56214,-9.82899,905979205,0.0107313,-1.16037,-3.04064,0.0107313,-1.09951,-3.03659,0.008825,-1.09951,-3.03659,0.008825,-1.16037,-3.04064,0.0107313,-1.16039,-3.04033,0.0107313,-1.09953,-3.03628,0.008825,-1.09953,-3.03628,0.008825,-1.16039,-3.04033
0.000164319,-1.71518,-1.56046,-0.841013,905979206,0.0126375,-1.16037,-3.04064,0.0126375,-1.09951,-3.03659,0.0107313,-1.09951,-3.03659,0.0107313,-1.16037,-3.04064,0.0126375,-1.16039,-3.04033,0.0126375,-1.09953,-3.03628,0.0107313,-1.09953,-3.03628,0.0107313,-1.16039,-3.04033
0.000152534,-1.71514,-1.55708,-21.8618,905979208,0.01645,-1.16037,-3.04064,0.01645,-1.09951,-3.03659,0.0145438,-1.09951,-3.03659,0.0145438,-1.16037,-3.04064,0.01645,-1.16039,-3.04033,0.01645,-1.09953,-3.03628,0.0145438,-1.09953,-3.03628,0.0145438,-1.16039,-3.04033
0.000347676,-1.71512,-1.5554,-11.9199,905979209,0.0183562,-1.16037,-3.04064,0.0183562,-1.09951,-3.03659,0.01645,-1.09951,-3.03659,0.01645,-1.16037,-3.04064,0.0183562,-1.16039,-3.04033,0.0183562,-1.09953,-3.03628,0.01645,-1.09953,-3.03628,0.01645,-1.16039,-3.04033
0.000542812,-1.71504,-1.55034,-9.92562,905979212,0.024075,-1.16037,-3.04064,0.024075,-1.09951,-3.03659,0.0221687,-1.09951,-3.03659,0.0221687,-1.16037,-3.04064,0.024075,-1.16039,-3.04033,0.024075,-1.09953,-3.03628,0.0221687,-1.09953,-3.03628,0.0221687,-1.16039,-3.04033
0.000192306,-1.715,-1.54865,-2.81754,905979213,0.0259812,-1.16037,-3.04064,0.0259812,-1.09951,-3.03659,0.024075,-1.09951,-3.03659,0.024075,-1.16037,-3.04064,0.0259812,-1.16039,-3.04033,0.0259812,-1.09953,-3.03628,0.024075,-1.09953,-3.03628,0.024075,-1.16039,-3.04033
0.000118872,-1.71484,-1.54191,-1.86503,905979217,0.0336063,-1.16037,-3.04064,0.0336063,-1.09951,-3.03659,0.0317,-1.09951,-3.03659,0.0317,-1.16037,-3.04064,0.0336063,-1.16039,-3.04033,0.0336063,-1.09953,-3.03628,0.0317,-1.09953,-3.03628,0.0317,-1.16039,-3.04033
0.000148895,-1.71458,-1.53348,1.90731,905979222,0.0431375,-1.16037,-3.04064,0.0431375,-1.09951,-3.03659,0.0412313,-1.09951,-3.03659,0.0412313,-1.16037,-3.04064,0.0431375,-1.16039,-3.04033,0.0431375,-1.09953,-3.03628,0.0412313,-1.09953,-3.03628,0.0412313,-1.16039,-3.04033
0.000144815,-1.71446,-1.53011,-18.1344,905979224,0.04695,-1.16037,-3.04064,0.04695,-1.09951,-3.03659,0.0450437,-1.09951,-3.03659,0.0450437,-1.16037,-3.04064,0.04695,-1.16039,-3.04033,0.04695,-1.09953,-3.03628,0.0450437,-1.09953,-3.03628,0.0450437,-1.16039,-3.04033
0.000544774,-1.71394,-1.51833,-6.80613,905979231,0.0602938,-1.16037,-3.04064,0.0602938,-1.09951,-3.03659,0.0583875,-1.09951,-3.03659,0.0583875,-1.16037,-3.04064,0.0602938,-1.16039,-3.04033,0.0602938,-1.09953,-3.03628,0.0583875,-1.09953,-3.03628,0.0583875,-1.16039,-3.04033
0.000169957,-1.71386,-1.51665,-10.7809,905979232,0.0622,-1.16037,-3.04064,0.0622,-1.09951,-3.03659,0.0602938,-1.09951,-3.03659,0.0602938,-1.16037,-3.04064,0.0622,-1.16039,-3.04033,0.0622,-1.09953,-3.03628,0.0602938,-1.09953,-3.03628,0.0602938,-1.16039,-3.04033
0.000180276,-1.71352,-1.51028,-7.07194,905979266,0.0694125,-1.16037,-3.04064,0.0694125,-1.09951,-3.03659,0.0675063,-1.09951,-3.03659,0.0675063,-1.16037,-3.04064,0.0694125,-1.16039,-3.04033,0.0694125,-1.09953,-3.03628,0.0675063,-1.09953,-3.03628,0.0675063,-1.16039,-3.04033
7.8424e-05,-1.71332,-1.50692,-5.31766,905979268,0.073225,-1.16037,-3.04064,0.073225,-1.09951,-3.03659,0.0713188,-1.09951,-3.03659,0.0713188,-1.16037,-3.04064,0.073225,-1.16039,-3.04033,0.073225,-1.09953,-3.03628,0.0713188,-1.09953,-3.03628,0.0713188,-1.16039,-3.04033
8.07942e-05,-1.71322,-1.50524,-18.1344,905979269,0.0751312,-1.16037,-3.04064,0.0751312,-1.09951,-3.03659,0.073225,-1.09951,-3.03659,0.073225,-1.16037,-3.04064,0.0751312,-1.16039,-3.04033,0.0751312,-1.09953,-3.03628,0.073225,-1.09953,-3.03628,0.073225,-1.16039,-3.04033
0.000162627,-1.71311,-1.50356,1.80456,905979270,0.0770375,-1.16037,-3.04064,0.0770375,-1.09951,-3.03659,0.0751312,-1.09951,-3.03659,0.0751312,-1.16037,-3.04064,0.0770375,-1.16039,-3.04033,0.0770375,-1.09953,-3.03628,0.0751312,-1.09953,-3.03628,0.0751312,-1.16039,-3.04033
0.000725113,-1.71278,-1.49853,-6.38085,905979273,0.0827562,-1.16037,-3.04064,0.0827562,-1.09951,-3.03659,0.08085,-1.09951,-3.03659,0.08085,-1.16037,-3.04064,0.0827562,-1.16039,-3.04033,0.0827562,-1.09953,-3.03628,0.08085,-1.09953,-3.03628,0.08085,-1.16039,-3.04033
0.000340476,-1.71205,-1.48847,-0.558533,905979279,0.0941937,-1.16037,-3.04064,0.0941937,-1.09951,-3.03659,0.0922875,-1.09951,-3.03659,0.0922875,-1.16037,-3.04064,0.0941937,-1.16039,-3.04033,0.0941937,-1.09953,-3.03628,0.0922875,-1.09953,-3.03628,0.0922875,-1.16039,-3.04033
0.000396125,-1.71192,-1.48679,-4.24166,905979280,0.0961,-1.16037,-3.04064,0.0961,-1.09951,-3.03659,0.0941938,-1.09951,-3.03659,0.0941938,-1.16037,-3.04064,0.0961,-1.16039,-3.04033,0.0961,-1.09953,-3.03628,0.0941938,-1.09953,-3.03628,0.0941938,-1.16039,-3.04033
0.000540031,-1.71165,-1.48344,-3.68798,905979282,0.0999125,-1.16037,-3.04064,0.0999125,-1.09951,-3.03659,0.0980063,-1.09951,-3.03659,0.0980063,-1.16037,-3.04064,0.0999125,-1.16039,-3.04033,0.0999125,-1.09953,-3.03628,0.0980063,-1.09953,-3.03628,0.0980063,-1.16039,-3.04033
0.000194798,-1.71031,-1.46839,-3.65564,905979291,0.117069,-1.16037,-3.04064,0.117069,-1.09951,-3.03659,0.115163,-1.09951,-3.03659,0.115163,-1.16037,-3.04064,0.117069,-1.16039,-3.04033,0.117069,-1.09953,-3.03628,0.115163,-1.09953,-3.03628,0.115163,-1.16039,-3.04033
0.000153823,-1.7061,-1.43139,-13.0912,905979344,0.1595,-1.16037,-3.04064,0.1595,-1.09951,-3.03659,0.157594,-1.09951,-3.03659,0.157594,-1.16037,-3.04064,0.1595,-1.16039,-3.04033,0.1595,-1.09953,-3.03628,0.157594,-1.09953,-3.03628,0.157594,-1.16039,-3.04033
0.000128568,-1.70139,-1.39925,-2.64931,905979394,0.196712,-1.16037,-3.04064,0.196712,-1.09951,-3.03659,0.194806,-1.09951,-3.03659,0.194806,-1.16037,-3.04064,0.196712,-1.16039,-3.04033,0.196712,-1.09953,-3.03628,0.194806,-1.09953,-3.03628,0.194806,-1.16039,-3.04033
0.000488375,-1.70085,-1.39598,-1.99895,905979396,0.200525,-1.16037,-3.04064,0.200525,-1.09951,-3.03659,0.198619,-1.09951,-3.03659,0.198619,-1.16037,-3.04064,0.200525,-1.16039,-3.04033,0.200525,-1.09953,-3.03628,0.198619,-1.09953,-3.03628,0.198619,-1.16039,-3.04033
0.000157,-1.69918,-1.38618,-10.7809,905979402,0.211962,-1.16037,-3.04064,0.211962,-1.09951,-3.03659,0.210056,-1.09951,-3.03659,0.210056,-1.16037,-3.04064,0.211962,-1.16039,-3.04033,0.211962,-1.09953,-3.03628,0.210056,-1.09953,-3.03628,0.210056,-1.16039,-3.04033
9.80777e-05,-1.68354,-1.31195,-23.8519,905979479,0.300144,-1.16037,-3.04064,0.300144,-1.09951,-3.03659,0.298237,-1.09951,-3.03659,0.298237,-1.16037,-3.04064,0.300144,-1.16039,-3.04033,0.300144,-1.09953,-3.03628,0.298237,-1.09953,-3.03628,0.298237,-1.16039,-3.04033
0.000464455,-1.68315,-1.31038,-4.39494,905979480,0.30205,-1.16037,-3.04064,0.30205,-1.09951,-3.03659,0.300144,-1.09951,-3.03659,0.300144,-1.16037,-3.04064,0.30205,-1.16039,-3.04033,0.30205,-1.09953,-3.03628,0.300144,-1.09953,-3.03628,0.300144,-1.16039,-3.04033
0.00135779,-1.68276,-1.3088,-4.836,905979481,0.303956,-1.16037,-3.04064,0.303956,-1.09951,-3.03659,0.30205,-1.09951,-3.03659,0.30205,-1.16037,-3.04064,0.303956,-1.16039,-3.04033,0.303956,-1.09953,-3.03628,0.30205,-1.09953,-3.03628,0.30205,-1.16039,-3.04033
0.00036143,-1.76095,-1.6878,-13.6225,905983169,-0.124694,-1.09937,-3.04064,-0.124694,-1.03851,-3.03659,-0.1266,-1.03851,-3.03659,-0.1266,-1.09937,-3.04064,-0.124694,-1.09939,-3.04033,-0.124694,-1.03853,-3.03628,-0.1266,-1.03853,-3.03628,-0.1266,-1.09939,-3.04033
0.000183526,-1.76427,-1.65249,-2.03808,905983189,-0.0865688,-1.09937,-3.04064,-0.0865688,-1.03851,-3.03659,-0.088475,-1.03851,-3.03659,-0.088475,-1.09937,-3.04064,-0.0865688,-1.09939,-3.04033,-0.0865688,-1.03853,-3.03628,-0.088475,-1.03853,-3.03628,-0.088475,-1.09939,-3.04033
0.000314511,-1.7672,-1.59242,1.84926,905983253,-0.0221687,-1.09937,-3.04064,-0.0221687,-1.03851,-3.03659,-0.024075,-1.03851,-3.03659,-0.024075,-1.09937,-3.04064,-0.0221687,-1.09939,-3.04033,-0.0221687,-1.03853,-3.03628,-0.024075,-1.03853,-3.03628,-0.024075,-1.09939,-3.04033
0.000756853,-1.76729,-1.58708,-6.28079,905983256,-0.01645,-1.09937,-3.04064,-0.01645,-1.03851,-3.03659,-0.0183562,-1.03851,-3.03659,-0.0183562,-1.09937,-3.04064,-0.01645,-1.09939,-3.04033,-0.01645,-1.03853,-3.03628,-0.0183562,-1.03853,-3.03628,-0.0183562,-1.09939,-3.04033
0.000614496,-1.76732,-1.58529,-3.13814,905983257,-0.0145438,-1.09937,-3.04064,-0.0145438,-1.03851,-3.03659,-0.01645,-1.03851,-3.03659,-0.01645,-1.09937,-3.04064,-0.0145438,-1.09939,-3.04033,-0.0145438,-1.03853,-3.03628,-0.01645,-1.03853,-3.03628,-0.01645,-1.09939,-3.04033
0.000208191,-1.76742,-1.57281,1.46047,905983264,-0.0012,-1.09937,-3.04064,-0.0012,-1.03851,-3.03659,-0.00310625,-1.03851,-3.03659,-0.00310625,-1.09937,-3.04064,-0.0012,-1.09939,-3.04033,-0.0012,-1.03853,-3.03628,-0.00310625,-1.03853,-3.03628,-0.00310625,-1.09939,-3.04033
0.000793014,-1.76729,-1.55452,-10.6244,905983305,0.0183562,-1.09937,-3.04064,0.0183562,-1.03851,-3.03659,0.01645,-1.03851,-3.03659,0.01645,-1.09937,-3.04064,0.0183562,-1.09939,-3.04033,0.0183562,-1.03853,-3.03628,0.01645,-1.03853,-3.03628,0.01645,-1.09939,-3.04033
0.000927988,-1.76726,-1.55273,-3.95259,905983306,0.0202625,-1.09937,-3.04064,0.0202625,-1.03851,-3.03659,0.0183563,-1.03851,-3.03659,0.0183563,-1.09937,-3.04064,0.0202625,-1.09939,-3.04033,0.0202625,-1.03853,-3.03628,0.0183563,-1.03853,-3.03628,0.0183563,-1.09939,-3.04033
0.000166183,-1.76384,-1.48379,-16.6309,905983375,0.0941937,-1.09937,-3.04064,0.0941937,-1.03851,-3.03659,0.0922875,-1.03851,-3.03659,0.0922875,-1.09937,-3.04064,0.0941937,-1.09939,-3.04033,0.0941937,-1.03853,-3.03628,0.0922875,-1.03853,-3.03628,0.0922875,-1.09939,-3.04033
0.000106983,-1.76355,-1.48025,-3.26945,905983377,0.0980062,-1.09937,-3.04064,0.0980062,-1.03851,-3.03659,0.0961,-1.03851,-3.03659,0.0961,-1.09937,-3.04064,0.0980062,-1.09939,-3.04033,0.0980062,-1.03853,-3.03628,0.0961,-1.03853,-3.03628,0.0961,-1.09939,-3.04033
0.000145759,-1.76339,-1.47848,-18.1344,905983378,0.0999125,-1.09937,-3.04064,0.0999125,-1.03851,-3.03659,0.0980063,-1.03851,-3.03659,0.0980063,-1.09937,-3.04064,0.0999125,-1.09939,-3.04033,0.0999125,-1.03853,-3.03628,0.0980063,-1.03853,-3.03628,0.0980063,-1.09939,-3.04033
9.20726e-05,-1.75431,-1.40441,-13.0912,905983451,0.180469,-1.09937,-3.04064,0.180469,-1.03851,-3.03659,0.178563,-1.03851,-3.03659,0.178563,-1.09937,-3.04064,0.180469,-1.09939,-3.04033,0.180469,-1.03853,-3.03628,0.178563,-1.03853,-3.03628,0.178563,-1.09939,-3.04033
0.000321653,-1.75403,-1.40268,2.09753,905983452,0.182375,-1.09937,-3.04064,0.182375,-1.03851,-3.03659,0.180469,-1.03851,-3.03659,0.180469,-1.09937,-3.04064,0.182375,-1.09939,-3.04033,0.182375,-1.03853,-3.03628,0.180469,-1.03853,-3.03628,0.180469,-1.09939,-3.04033
0.000124861,-1.74609,-1.3588,-14.7059,905983508,0.231025,-1.09937,-3.04064,0.231025,-1.03851,-3.03659,0.229119,-1.03851,-3.03659,0.229119,-1.09937,-3.04064,0.231025,-1.09939,-3.04033,0.231025,-1.03853,-3.03628,0.229119,-1.03853,-3.03628,0.229119,-1.09939,-3.04033
0.000193252,-1.72837,-1.28471,5.76276,905983583,0.315394,-1.09937,-3.04064,0.315394,-1.03851,-3.03659,0.313488,-1.03851,-3.03659,0.313488,-1.09937,-3.04064,0.315394,-1.09939,-3.04033,0.315394,-1.03853,-3.03628,0.313488,-1.03853,-3.03628,0.313488,-1.09939,-3.04033
0.000274964,-1.72791,-1.28307,-8.59308,905983584,0.3173,-1.09937,-3.04064,0.3173,-1.03851,-3.03659,0.315394,-1.03851,-3.03659,0.315394,-1.09937,-3.04064,0.3173,-1.09939,-3.04033,0.3173,-1.03853,-3.03628,0.315394,-1.03853,-3.03628,0.315394,-1.09939,-3.04033
0.000175956,-1.82281,-1.54975,-0.841013,905987403,0.0221688,-1.03837,-3.04064,0.0221688,-0.977507,-3.03659,0.0202625,-0.977507,-3.03659,0.0202625,-1.03837,-3.04064,0.0221688,-1.03839,-3.04033,0.0221688,-0.977528,-3.03628,0.0202625,-0.977528,-3.03628,0.0202625,-1.03839,-3.04033
0.000120822,-1.81811,-1.46919,5.76276,905987476,0.103725,-1.03837,-3.04064,0.103725,-0.977507,-3.03659,0.101819,-0.977507,-3.03659,0.101819,-1.03837,-3.04064,0.103725,-1.03839,-3.04033,0.103725,-0.977528,-3.03628,0.101819,-0.977528,-3.03628,0.101819,-1.03839,-3.04033
0.000391551,-1.81592,-1.44864,-4.89046,905987487,0.124694,-1.03837,-3.04064,0.124694,-0.977507,-3.03659,0.122788,-0.977507,-3.03659,0.122788,-1.03837,-3.04064,0.124694,-1.03839,-3.04033,0.124694,-0.977528,-3.03628,0.122788,-0.977528,-3.03628,0.122788,-1.03839,-3.04033
0.000228308,-1.81571,-1.44678,-1.86503,905987488,0.1266,-1.03837,-3.04064,0.1266,-0.977507,-3.03659,0.124694,-0.977507,-3.03659,0.124694,-1.03837,-3.04064,0.1266,-1.03839,-3.04033,0.1266,-0.977528,-3.03628,0.124694,-0.977528,-3.03628,0.124694,-1.03839,-3.04033
0.000229595,-1.78156,-1.27704,-1.86503,905987674,0.305863,-1.03837,-3.04064,0.305863,-0.977507,-3.03659,0.303956,-0.977507,-3.03659,0.303956,-1.03837,-3.04064,0.305863,-1.03839,-3.04033,0.305863,-0.977528,-3.03628,0.303956,-0.977528,-3.03628,0.303956,-1.03839,-3.04033
0.000245823,-1.87533,-1.44878,-19.1195,905991579,0.117069,-0.977373,-3.04064,0.117069,-0.916507,-3.03659,0.115163,-0.916507,-3.03659,0.115163,-0.977373,-3.04064,0.117069,-0.977393,-3.04033,0.117069,-0.916528,-3.03628,0.115163,-0.916528,-3.03628,0.115163,-0.977393,-3.04033
0.000409572,-1.84037,-1.27579,2.35002,905991761,0.288706,-0.977373,-3.04064,0.288706,-0.916507,-3.03659,0.2868,-0.916507,-3.03659,0.2868,-0.977373,-3.04064,0.288706,-0.977393,-3.04033,0.288706,-0.916528,-3.03628,0.2868,-0.916528,-3.03628,0.2868,-0.977393,-3.04033
0.000142131,-1.93599,-1.71644,-2.28153,905995424,-0.129,-0.916373,-3.04064,-0.129,-0.855507,-3.03659,-0.130906,-0.855507,-3.03659,-0.130906,-0.916373,-3.04064,-0.129,-0.916394,-3.04033,-0.129,-0.855528,-3.03628,-0.130906,-0.855528,-3.03628,-0.130906,-0.916394,-3.04033
0.000162558,-1.93721,-1.70746,-8.59308,905995459,-0.120881,-0.916373,-3.04064,-0.120881,-0.855507,-3.03659,-0.122787,-0.855507,-3.03659,-0.122787,-0.916373,-3.04064,-0.120881,-0.916394,-3.04033,-0.120881,-0.855528,-3.03628,-0.122787,-0.855528,-3.03628,-0.122787,-0.916394,-3.04033
0.000473254,-1.93749,-1.70535,-3.26945,905995460,-0.118975,-0.916373,-3.04064,-0.118975,-0.855507,-3.03659,-0.120881,-0.855507,-3.03659,-0.120881,-0.916373,-3.04064,-0.118975,-0.916394,-3.04033,-0.118975,-0.855528,-3.03628,-0.120881,-0.855528,-3.03628,-0.120881,-0.916394,-3.04033
0.000210149,-1.94616,-1.57968,-0.299372,905995549,-0.00691875,-0.916373,-3.04064,-0.00691875,-0.855507,-3.03659,-0.008825,-0.855507,-3.03659,-0.008825,-0.916373,-3.04064,-0.00691875,-0.916394,-3.04033,-0.00691875,-0.855528,-3.03628,-0.008825,-0.855528,-3.03628,-0.008825,-0.916394,-3.04033
0.000805285,-1.94618,-1.57753,4.05397,905995550,-0.0050125,-0.916373,-3.04064,-0.0050125,-0.855507,-3.03659,-0.00691875,-0.855507,-3.03659,-0.00691875,-0.916373,-3.04064,-0.0050125,-0.916394,-3.04033,-0.0050125,-0.855528,-3.03628,-0.00691875,-0.855528,-3.03628,-0.00691875,-0.916394,-3.04033
0.000607738,-1.94619,-1.57538,5.23172,905995551,-0.00310625,-0.916373,-3.04064,-0.00310625,-0.855507,-3.03659,-0.0050125,-0.855507,-3.03659,-0.0050125,-0.916373,-3.04064,-0.00310625,-0.916394,-3.04033,-0.00310625,-0.855528,-3.03628,-0.0050125,-0.855528,-3.03628,-0.0050125,-0.916394,-3.04033
0.000345482,-1.9462,-1.57323,-8.59308,905995552,-0.0012,-0.916373,-3.04064,-0.0012,-0.855507,-3.03659,-0.00310625,-0.855507,-3.03659,-0.00310625,-0.916373,-3.04064,-0.0012,-0.916394,-3.04033,-0.0012,-0.855528,-3.03628,-0.00310625,-0.855528,-3.03628,-0.00310625,-0.916394,-3.04033
0.000182692,-1.9462,-1.56837,-4.18804,905995585,0.00310625,-0.916373,-3.04064,0.00310625,-0.855507,-3.03659,0.0012,-0.855507,-3.03659,0.0012,-0.916373,-3.04064,0.00310625,-0.916394,-3.04033,0.00310625,-0.855528,-3.03628,0.0012,-0.855528,-3.03628,0.0012,-0.916394,-3.04033
0.000111182,-1.93829,-1.44259,4.36624,905995674,0.115162,-0.916373,-3.04064,0.115162,-0.855507,-3.03659,0.113256,-0.855507,-3.03659,0.113256,-0.916373,-3.04064,0.115162,-0.916394,-3.04033,0.115162,-0.855528,-3.03628,0.113256,-0.855528,-3.03628,0.113256,-0.916394,-3.04033
0.00069536,-1.99526,-1.77179,-4.18804,905999500,-0.167125,-0.855373,-3.04064,-0.167125,-0.794507,-3.03659,-0.169031,-0.794507,-3.03659,-0.169031,-0.855373,-3.04064,-0.167125,-0.855394,-3.04033,-0.167125,-0.794528,-3.03628,-0.169031,-0.794528,-3.03628,-0.169031,-0.855394,-3.04033
0.000523717,-2.00993,-1.67192,-2.28153,905999575,-0.0827563,-0.855373,-3.04064,-0.0827563,-0.794507,-3.03659,-0.0846625,-0.794507,-3.03659,-0.0846625,-0.855373,-3.04064,-0.0827563,-0.855394,-3.04033,-0.0827563,-0.794528,-3.03628,-0.0846625,-0.794528,-3.03628,-0.0846625,-0.855394,-3.04033
0.000475721,-2.01015,-1.66963,-4.28102,905999576,-0.08085,-0.855373,-3.04064,-0.08085,-0.794507,-3.03659,-0.0827562,-0.794507,-3.03659,-0.0827562,-0.855373,-3.04064,-0.08085,-0.855394,-3.04033,-0.08085,-0.794528,-3.03628,-0.0827562,-0.794528,-3.03628,-0.0827562,-0.855394,-3.04033
0.000131995,-2.01058,-1.66506,-1.63538,905999578,-0.0770375,-0.855373,-3.04064,-0.0770375,-0.794507,-3.03659,-0.0789438,-0.794507,-3.03659,-0.0789438,-0.855373,-3.04064,-0.0770375,-0.855394,-3.04033,-0.0770375,-0.794528,-3.03628,-0.0789438,-0.794528,-3.03628,-0.0789438,-0.855394,-3.04033
0.000141716,-2.01337,-1.6265,-8.59308,905999625,-0.0450437,-0.855373,-3.04064,-0.0450437,-0.794507,-3.03659,-0.04695,-0.794507,-3.03659,-0.04695,-0.855373,-3.04064,-0.0450437,-0.855394,-3.04033,-0.0450437,-0.794528,-3.03628,-0.04695,-0.794528,-3.03628,-0.04695,-0.855394,-3.04033
0.000101235,-2.01465,-1.59189,-8.59308,905999640,-0.01645,-0.855373,-3.04064,-0.01645,-0.794507,-3.03659,-0.0183562,-0.794507,-3.03659,-0.0183562,-0.855373,-3.04064,-0.01645,-0.855394,-3.04033,-0.01645,-0.794528,-3.03628,-0.0183562,-0.794528,-3.03628,-0.0183562,-0.855394,-3.04033
0.000734964,-2.00305,-1.41455,1.02679,905999809,0.130906,-0.855373,-3.04064,0.130906,-0.794507,-3.03659,0.129,-0.794507,-3.03659,0.129,-0.855373,-3.04064,0.130906,-0.855394,-3.04033,0.130906,-0.794528,-3.03628,0.129,-0.794528,-3.03628,0.129,-0.855394,-3.04033
0.000415332,-2.0027,-1.4123,-0.337842,905999810,0.132812,-0.855373,-3.04064,0.132812,-0.794507,-3.03659,0.130906,-0.794507,-3.03659,0.130906,-0.855373,-3.04064,0.132812,-0.855394,-3.04033,0.132812,-0.794528,-3.03628,0.130906,-0.794528,-3.03628,0.130906,-0.855394,-3.04033
0.000658562,-2.00235,-1.41005,0.673093,905999811,0.134719,-0.855373,-3.04064,0.134719,-0.794507,-3.03659,0.132812,-0.794507,-3.03659,0.132812,-0.855373,-3.04064,0.134719,-0.855394,-3.04033,0.134719,-0.794528,-3.03628,0.132812,-0.794528,-3.03628,0.132812,-0.855394,-3.04033
0.00113191,-2.002,-1.40779,-4.08574,905999812,0.136625,-0.855373,-3.04064,0.136625,-0.794507,-3.03659,0.134719,-0.794507,-3.03659,0.134719,-0.855373,-3.04064,0.136625,-0.855394,-3.04033,0.136625,-0.794528,-3.03628,0.134719,-0.794528,-3.03628,0.134719,-0.855394,-3.04033
0.000139293,-2.00091,-1.40105,-1.63538,905999815,0.142344,-0.855373,-3.04064,0.142344,-0.794507,-3.03659,0.140438,-0.794507,-3.03659,0.140438,-0.855373,-3.04064,0.142344,-0.855394,-3.04033,0.142344,-0.794528,-3.03628,0.140438,-0.794528,-3.03628,0.140438,-0.855394,-3.04033
0.000225292,-1.9653,-2.06655,-10.3339,906003345,-0.412194,-0.794373,-3.04064,-0.412194,-0.733507,-3.03659,-0.4141,-0.733507,-3.03659,-0.4141,-0.794373,-3.04064,-0.412194,-0.794393,-3.04033,-0.412194,-0.733528,-3.03628,-0.4141,-0.733528,-3.03628,-0.4141,-0.794393,-3.04033
0.00152766,-2.05042,-1.85184,4.20248,906003538,-0.219587,-0.794373,-3.04064,-0.219587,-0.733507,-3.03659,-0.221494,-0.733507,-3.03659,-0.221494,-0.794373,-3.04064,-0.219587,-0.794393,-3.04033,-0.219587,-0.733528,-3.03628,-0.221494,-0.733528,-3.03628,-0.221494,-0.794393,-3.04033
0.00038169,-2.05721,-1.82632,1.46047,906003549,-0.198619,-0.794373,-3.04064,-0.198619,-0.733507,-3.03659,-0.200525,-0.733507,-3.03659,-0.200525,-0.794373,-3.04064,-0.198619,-0.794393,-3.04033,-0.198619,-0.733528,-3.03628,-0.200525,-0.733528,-3.03628,-0.200525,-0.794393,-3.04033
0.000245375,-2.0578,-1.82399,-0.841013,906003550,-0.196713,-0.794373,-3.04064,-0.196713,-0.733507,-3.03659,-0.198619,-0.733507,-3.03659,-0.198619,-0.794373,-3.04064,-0.196713,-0.794393,-3.04033,-0.196713,-0.733528,-3.03628,-0.198619,-0.733528,-3.03628,-0.198619,-0.794393,-3.04033
0.000364691,-2.05838,-1.82165,3.5014,906003551,-0.194806,-0.794373,-3.04064,-0.194806,-0.733507,-3.03659,-0.196712,-0.733507,-3.03659,-0.196712,-0.794373,-3.04064,-0.194806,-0.794393,-3.04033,-0.194806,-0.733528,-3.03628,-0.196712,-0.733528,-3.03628,-0.196712,-0.794393,-3.04033
0.000259037,-2.05896,-1.8193,2.39639,906003552,-0.1929,-0.794373,-3.04064,-0.1929,-0.733507,-3.03659,-0.194806,-0.733507,-3.03659,-0.194806,-0.794373,-3.04064,-0.1929,-0.794393,-3.04033,-0.1929,-0.733528,-3.03628,-0.194806,-0.733528,-3.03628,-0.194806,-0.794393,-3.04033
0.000354354,-2.06207,-1.80632,-2.28153,906003588,-0.182375,-0.794373,-3.04064,-0.182375,-0.733507,-3.03659,-0.184281,-0.733507,-3.03659,-0.184281,-0.794373,-3.04064,-0.182375,-0.794393,-3.04033,-0.182375,-0.733528,-3.03628,-0.184281,-0.733528,-3.03628,-0.184281,-0.794393,-3.04033
0.000477272,-2.06261,-1.80396,4.68835,906003589,-0.180469,-0.794373,-3.04064,-0.180469,-0.733507,-3.03659,-0.182375,-0.733507,-3.03659,-0.182375,-0.794373,-3.04064,-0.180469,-0.794393,-3.04033,-0.180469,-0.733528,-3.03628,-0.182375,-0.733528,-3.03628,-0.182375,-0.794393,-3.04033
0.000111519,-2.08392,-1.675,-3.9895,906003673,-0.0789437,-0.794373,-3.04064,-0.0789437,-0.733507,-3.03659,-0.08085,-0.733507,-3.03659,-0.08085,-0.794373,-3.04064,-0.0789437,-0.794393,-3.04033,-0.0789437,-0.733528,-3.03628,-0.08085,-0.733528,-3.03628,-0.08085,-0.794393,-3.04033
0.000180513,-2.08441,-1.67006,-2.03808,906003675,-0.0751312,-0.794373,-3.04064,-0.0751312,-0.733507,-3.03659,-0.0770375,-0.733507,-3.03659,-0.0770375,-0.794373,-3.04064,-0.0751312,-0.794393,-3.04033,-0.0751312,-0.733528,-3.03628,-0.0770375,-0.733528,-3.03628,-0.0770375,-0.794393,-3.04033
0.00018661,-2.0851,-1.66264,3.22372,906003678,-0.0694125,-0.794373,-3.04064,-0.0694125,-0.733507,-3.03659,-0.0713188,-0.733507,-3.03659,-0.0713188,-0.794373,-3.04064,-0.0694125,-0.794393,-3.04033,-0.0694125,-0.733528,-3.03628,-0.0713188,-0.733528,-3.03628,-0.0713188,-0.794393,-3.04033
0.000278473,-2.08531,-1.66017,-1.21549,906003679,-0.0675063,-0.794373,-3.04064,-0.0675063,-0.733507,-3.03659,-0.0694125,-0.733507,-3.03659,-0.0694125,-0.794373,-3.04064,-0.0675063,-0.794393,-3.04033,-0.0675063,-0.733528,-3.03628,-0.0694125,-0.733528,-3.03628,-0.0694125,-0.794393,-3.04033
0.00028124,-2.08859,-1.60604,-1.63538,906003731,-0.0259812,-0.794373,-3.04064,-0.0259812,-0.733507,-3.03659,-0.0278875,-0.733507,-3.03659,-0.0278875,-0.794373,-3.04064,-0.0259812,-0.794393,-3.04033,-0.0259812,-0.733528,-3.03628,-0.0278875,-0.733528,-3.03628,-0.0278875,-0.794393,-3.04033
0.0003117,-2.08882,-1.59856,-1.55528,906003734,-0.0202625,-0.794373,-3.04064,-0.0202625,-0.733507,-3.03659,-0.0221688,-0.733507,-3.03659,-0.0221688,-0.794373,-3.04064,-0.0202625,-0.794393,-3.04033,-0.0202625,-0.733528,-3.03628,-0.0221688,-0.733528,-3.03628,-0.0221688,-0.794393,-3.04033
0.000106971,-2.11582,-1.90173,4.36624,906007623,-0.240556,-0.733373,-3.04064,-0.240556,-0.672507,-3.03659,-0.242463,-0.672507,-3.03659,-0.242463,-0.733373,-3.04064,-0.240556,-0.733393,-3.04033,-0.240556,-0.672528,-3.03628,-0.242463,-0.672528,-3.03628,-0.242463,-0.733393,-3.04033
8.29222e-05,-2.11822,-1.89443,-5.31766,906007626,-0.234838,-0.733373,-3.04064,-0.234838,-0.672507,-3.03659,-0.236744,-0.672507,-3.03659,-0.236744,-0.733373,-3.04064,-0.234838,-0.733393,-3.04033,-0.234838,-0.672528,-3.03628,-0.236744,-0.672528,-3.03628,-0.236744,-0.733393,-3.04033
8.29336e-05,-2.12058,-1.8871,-5.31766,906007629,-0.229119,-0.733373,-3.04064,-0.229119,-0.672507,-3.03659,-0.231025,-0.672507,-3.03659,-0.231025,-0.733373,-3.04064,-0.229119,-0.733393,-3.04033,-0.229119,-0.672528,-3.03628,-0.231025,-0.672528,-3.03628,-0.231025,-0.733393,-3.04033
0.000216593,-2.12738,-1.8649,2.76307,906007638,-0.211963,-0.733373,-3.04064,-0.211963,-0.672507,-3.03659,-0.213869,-0.672507,-3.03659,-0.213869,-0.733373,-3.04064,-0.211963,-0.733393,-3.04033,-0.211963,-0.672528,-3.03628,-0.213869,-0.672528,-3.03628,-0.213869,-0.733393,-3.04033
0.000203119,-2.14815,-1.78228,-5.84584,906007701,-0.149969,-0.733373,-3.04064,-0.149969,-0.672507,-3.03659,-0.151875,-0.672507,-3.03659,-0.151875,-0.733373,-3.04064,-0.149969,-0.733393,-3.04033,-0.149969,-0.672528,-3.03628,-0.151875,-0.672528,-3.03628,-0.151875,-0.733393,-3.04033
0.000182765,-2.15902,-1.72127,-5.31766,906007755,-0.105631,-0.733373,-3.04064,-0.105631,-0.672507,-3.03659,-0.107537,-0.672507,-3.03659,-0.107537,-0.733373,-3.04064,-0.105631,-0.733393,-3.04033,-0.105631,-0.672528,-3.03628,-0.107537,-0.672528,-3.03628,-0.107537,-0.733393,-3.04033
0.000223614,-2.16549,-1.66788,4.28305,906007775,-0.0675063,-0.733373,-3.04064,-0.0675063,-0.672507,-3.03659,-0.0694125,-0.672507,-3.03659,-0.0694125,-0.733373,-3.04064,-0.0675063,-0.733393,-3.04033,-0.0675063,-0.672528,-3.03628,-0.0694125,-0.672528,-3.03628,-0.0694125,-0.733393,-3.04033
0.000194828,-2.21363,-1.87221,-19.3415,906011741,-0.198619,-0.672373,-3.04064,-0.198619,-0.611507,-3.03659,-0.200525,-0.611507,-3.03659,-0.200525,-0.672373,-3.04064,-0.198619,-0.672393,-3.04033,-0.198619,-0.611528,-3.03628,-0.200525,-0.611528,-3.03628,-0.200525,-0.672393,-3.04033
0.000222086,-2.23735,-1.77907,-15.3089,906011805,-0.134719,-0.672373,-3.04064,-0.134719,-0.611507,-3.03659,-0.136625,-0.611507,-3.03659,-0.136625,-0.672373,-3.04064,-0.134719,-0.672393,-3.04033,-0.134719,-0.611528,-3.03628,-0.136625,-0.611528,-3.03628,-0.136625,-0.672393,-3.04033
9.54367e-05,-2.23794,-1.77623,-12.1515,906011806,-0.132812,-0.672373,-3.04064,-0.132812,-0.611507,-3.03659,-0.134719,-0.611507,-3.03659,-0.134719,-0.672373,-3.04064,-0.132812,-0.672393,-3.04033,-0.132812,-0.611528,-3.03628,-0.134719,-0.611528,-3.03628,-0.134719,-0.672393,-3.04033
0.000197623,-2.23908,-1.77053,-14.0525,906011808,-0.129,-0.672373,-3.04064,-0.129,-0.611507,-3.03659,-0.130906,-0.611507,-3.03659,-0.130906,-0.672373,-3.04064,-0.129,-0.672393,-3.04033,-0.129,-0.611528,-3.03628,-0.130906,-0.611528,-3.03628,-0.130906,-0.672393,-3.04033
0.000100868,-2.24034,-1.76408,-3.26945,906011841,-0.124694,-0.672373,-3.04064,-0.124694,-0.611507,-3.03659,-0.1266,-0.611507,-3.03659,-0.1266,-0.672373,-3.04064,-0.124694,-0.672393,-3.04033,-0.124694,-0.611528,-3.03628,-0.1266,-0.611528,-3.03628,-0.1266,-0.672393,-3.04033
9.89542e-05,-2.24495,-1.73822,-23.8519,906011850,-0.107538,-0.672373,-3.04064,-0.107538,-0.611507,-3.03659,-0.109444,-0.611507,-3.03659,-0.109444,-0.672373,-3.04064,-0.107538,-0.672393,-3.04033,-0.107538,-0.611528,-3.03628,-0.109444,-0.611528,-3.03628,-0.109444,-0.672393,-3.04033
0.000132306,-2.30286,-1.89875,-21.8618,906015838,-0.196713,-0.611373,-3.04064,-0.196713,-0.550507,-3.03659,-0.198619,-0.550507,-3.03659,-0.198619,-0.611373,-3.04064,-0.196713,-0.611394,-3.04033,-0.196713,-0.550528,-3.03628,-0.198619,-0.550528,-3.03628,-0.198619,-0.611394,-3.04033
0.000507814,-2.30384,-1.89581,-6.92287,906015839,-0.194806,-0.611373,-3.04064,-0.194806,-0.550507,-3.03659,-0.196712,-0.550507,-3.03659,-0.196712,-0.611373,-3.04064,-0.194806,-0.611394,-3.04033,-0.194806,-0.550528,-3.03628,-0.196712,-0.550528,-3.03628,-0.196712,-0.611394,-3.04033
0.00012708,-2.30722,-1.8854,-14.7059,906015873,-0.188094,-0.611373,-3.04064,-0.188094,-0.550507,-3.03659,-0.19,-0.550507,-3.03659,-0.19,-0.611373,-3.04064,-0.188094,-0.611394,-3.04033,-0.188094,-0.550528,-3.03628,-0.19,-0.550528,-3.03628,-0.19,-0.611394,-3.04033
0.00024442,-2.31002,-1.87647,-8.59308,906015876,-0.182375,-0.611373,-3.04064,-0.182375,-0.550507,-3.03659,-0.184281,-0.550507,-3.03659,-0.184281,-0.611373,-3.04064,-0.182375,-0.611394,-3.04033,-0.182375,-0.550528,-3.03628,-0.184281,-0.550528,-3.03628,-0.184281,-0.611394,-3.04033
0.000188029,-2.31186,-1.87049,-8.59308,906015878,-0.178563,-0.611373,-3.04064,-0.178563,-0.550507,-3.03659,-0.180469,-0.550507,-3.03659,-0.180469,-0.611373,-3.04064,-0.178563,-0.611394,-3.04033,-0.178563,-0.550528,-3.03628,-0.180469,-0.550528,-3.03628,-0.180469,-0.611394,-3.04033
0.000126372,-2.31276,-1.86749,1.46047,906015879,-0.176656,-0.611373,-3.04064,-0.176656,-0.550507,-3.03659,-0.178562,-0.550507,-3.03659,-0.178562,-0.611373,-3.04064,-0.176656,-0.611394,-3.04033,-0.176656,-0.550528,-3.03628,-0.178562,-0.550528,-3.03628,-0.178562,-0.611394,-3.04033
0.000427331,-2.31886,-1.84636,-4.69259,906015886,-0.163313,-0.611373,-3.04064,-0.163313,-0.550507,-3.03659,-0.165219,-0.550507,-3.03659,-0.165219,-0.611373,-3.04064,-0.163313,-0.611394,-3.04033,-0.163313,-0.550528,-3.03628,-0.165219,-0.550528,-3.03628,-0.165219,-0.611394,-3.04033
0.000437854,-2.3197,-1.84332,-13.7756,906015887,-0.161406,-0.611373,-3.04064,-0.161406,-0.550507,-3.03659,-0.163312,-0.550507,-3.03659,-0.163312,-0.611373,-3.04064,-0.161406,-0.611394,-3.04033,-0.161406,-0.550528,-3.03628,-0.163312,-0.550528,-3.03628,-0.163312,-0.611394,-3.04033
0.000514259,-2.32053,-1.84027,-4.79611,906015888,-0.1595,-0.611373,-3.04064,-0.1595,-0.550507,-3.03659,-0.161406,-0.550507,-3.03659,-0.161406,-0.611373,-3.04064,-0.1595,-0.611394,-3.04033,-0.1595,-0.550528,-3.03628,-0.161406,-0.550528,-3.03628,-0.161406,-0.611394,-3.04033
0.000726439,-2.32135,-1.83722,-8.15832,906015889,-0.157594,-0.611373,-3.04064,-0.157594,-0.550507,-3.03659,-0.1595,-0.550507,-3.03659,-0.1595,-0.611373,-3.04064,-0.157594,-0.611394,-3.04033,-0.157594,-0.550528,-3.03628,-0.1595,-0.550528,-3.03628,-0.1595,-0.611394,-3.04033
0.000802858,-2.32216,-1.83416,-3.89882,906015890,-0.155688,-0.611373,-3.04064,-0.155688,-0.550507,-3.03659,-0.157594,-0.550507,-3.03659,-0.157594,-0.611373,-3.04064,-0.155688,-0.611394,-3.04033,-0.155688,-0.550528,-3.03628,-0.157594,-0.550528,-3.03628,-0.157594,-0.611394,-3.04033
0.000413119,-2.32376,-1.82803,-3.46982,906015892,-0.151875,-0.611373,-3.04064,-0.151875,-0.550507,-3.03659,-0.153781,-0.550507,-3.03659,-0.153781,-0.611373,-3.04064,-0.151875,-0.611394,-3.04033,-0.151875,-0.550528,-3.03628,-0.153781,-0.550528,-3.03628,-0.153781,-0.611394,-3.04033
0.000710344,-2.32455,-1.82496,-9.52493,906015893,-0.149969,-0.611373,-3.04064,-0.149969,-0.550507,-3.03659,-0.151875,-0.550507,-3.03659,-0.151875,-0.611373,-3.04064,-0.149969,-0.611394,-3.04033,-0.149969,-0.550528,-3.03628,-0.151875,-0.550528,-3.03628,-0.151875,-0.611394,-3.04033
0.000496278,-2.32533,-1.82189,-9.25396,906015894,-0.148063,-0.611373,-3.04064,-0.148063,-0.550507,-3.03659,-0.149969,-0.550507,-3.03659,-0.149969,-0.611373,-3.04064,-0.148063,-0.611394,-3.04033,-0.148063,-0.550528,-3.03628,-0.149969,-0.550528,-3.03628,-0.149969,-0.611394,-3.04033
0.00228061,-2.3261,-1.81881,-4.80001,906015895,-0.146156,-0.611373,-3.04064,-0.146156,-0.550507,-3.03659,-0.148062,-0.550507,-3.03659,-0.148062,-0.611373,-3.04064,-0.146156,-0.611394,-3.04033,-0.146156,-0.550528,-3.03628,-0.148062,-0.550528,-3.03628,-0.148062,-0.611394,-3.04033
0.000632941,-2.32686,-1.81572,-0.504931,906015896,-0.14425,-0.611373,-3.04064,-0.14425,-0.550507,-3.03659,-0.146156,-0.550507,-3.03659,-0.146156,-0.611373,-3.04064,-0.14425,-0.611394,-3.04033,-0.14425,-0.550528,-3.03628,-0.146156,-0.550528,-3.03628,-0.146156,-0.611394,-3.04033
0.000948286,-2.32761,-1.81263,-3.09747,906015897,-0.142344,-0.611373,-3.04064,-0.142344,-0.550507,-3.03659,-0.14425,-0.550507,-3.03659,-0.14425,-0.611373,-3.04064,-0.142344,-0.611394,-3.04033,-0.142344,-0.550528,-3.03628,-0.14425,-0.550528,-3.03628,-0.14425,-0.611394,-3.04033
0.000689422,-2.32836,-1.80953,-0.998734,906015898,-0.140438,-0.611373,-3.04064,-0.140438,-0.550507,-3.03659,-0.142344,-0.550507,-3.03659,-0.142344,-0.611373,-3.04064,-0.140438,-0.611394,-3.04033,-0.140438,-0.550528,-3.03628,-0.142344,-0.550528,-3.03628,-0.142344,-0.611394,-3.04033
0.000467758,-2.32909,-1.80643,-6.67182,906015899,-0.138531,-0.611373,-3.04064,-0.138531,-0.550507,-3.03659,-0.140437,-0.550507,-3.03659,-0.140437,-0.611373,-3.04064,-0.138531,-0.611394,-3.04033,-0.138531,-0.550528,-3.03628,-0.140437,-0.550528,-3.03628,-0.140437,-0.611394,-3.04033
0.000324391,-2.32982,-1.80333,-6.74141,906015900,-0.136625,-0.611373,-3.04064,-0.136625,-0.550507,-3.03659,-0.138531,-0.550507,-3.03659,-0.138531,-0.611373,-3.04064,-0.136625,-0.611394,-3.04033,-0.136625,-0.550528,-3.03628,-0.138531,-0.550528,-3.03628,-0.138531,-0.611394,-3.04033
0.000472317,-2.33125,-1.79711,-5.55158,906015902,-0.132812,-0.611373,-3.04064,-0.132812,-0.550507,-3.03659,-0.134719,-0.550507,-3.03659,-0.134719,-0.611373,-3.04064,-0.132812,-0.611394,-3.04033,-0.132812,-0.550528,-3.03628,-0.134719,-0.550528,-3.03628,-0.134719,-0.611394,-3.04033
0.000364681,-2.33195,-1.79399,-9.50014,906015903,-0.130906,-0.611373,-3.04064,-0.130906,-0.550507,-3.03659,-0.132812,-0.550507,-3.03659,-0.132812,-0.611373,-3.04064,-0.130906,-0.611394,-3.04033,-0.130906,-0.550528,-3.03628,-0.132812,-0.550528,-3.03628,-0.132812,-0.611394,-3.04033
0.000147178,-2.33264,-1.79086,4.71846,906015904,-0.129,-0.611373,-3.04064,-0.129,-0.550507,-3.03659,-0.130906,-0.550507,-3.03659,-0.130906,-0.611373,-3.04064,-0.129,-0.611394,-3.04033,-0.129,-0.550528,-3.03628,-0.130906,-0.550528,-3.03628,-0.130906,-0.611394,-3.04033
0.000548265,-2.33416,-1.78379,-3.11356,906015937,-0.124694,-0.611373,-3.04064,-0.124694,-0.550507,-3.03659,-0.1266,-0.550507,-3.03659,-0.1266,-0.611373,-3.04064,-0.124694,-0.611394,-3.04033,-0.124694,-0.550528,-3.03628,-0.1266,-0.550528,-3.03628,-0.1266,-0.611394,-3.04033
0.00123803,-2.33482,-1.78066,-5.88553,906015938,-0.122788,-0.611373,-3.04064,-0.122788,-0.550507,-3.03659,-0.124694,-0.550507,-3.03659,-0.124694,-0.611373,-3.04064,-0.122788,-0.611394,-3.04033,-0.122788,-0.550528,-3.03628,-0.124694,-0.550528,-3.03628,-0.124694,-0.611394,-3.04033
0.000758362,-2.33548,-1.77752,-6.92287,906015939,-0.120881,-0.611373,-3.04064,-0.120881,-0.550507,-3.03659,-0.122787,-0.550507,-3.03659,-0.122787,-0.611373,-3.04064,-0.120881,-0.611394,-3.04033,-0.120881,-0.550528,-3.03628,-0.122787,-0.550528,-3.03628,-0.122787,-0.611394,-3.04033
0.00204338,-2.33612,-1.77437,-6.45997,906015940,-0.118975,-0.611373,-3.04064,-0.118975,-0.550507,-3.03659,-0.120881,-0.550507,-3.03659,-0.120881,-0.611373,-3.04064,-0.118975,-0.611394,-3.04033,-0.118975,-0.550528,-3.03628,-0.120881,-0.550528,-3.03628,-0.120881,-0.611394,-3.04033
0.00676271,-2.33675,-1.77122,-3.43593,906015941,-0.117069,-0.611373,-3.04064,-0.117069,-0.550507,-3.03659,-0.118975,-0.550507,-3.03659,-0.118975,-0.611373,-3.04064,-0.117069,-0.611394,-3.04033,-0.117069,-0.550528,-3.03628,-0.118975,-0.550528,-3.03628,-0.118975,-0.611394,-3.04033
0.00263166,-2.33737,-1.76807,-3.70191,906015942,-0.115163,-0.611373,-3.04064,-0.115163,-0.550507,-3.03659,-0.117069,-0.550507,-3.03659,-0.117069,-0.611373,-3.04064,-0.115163,-0.611394,-3.04033,-0.115163,-0.550528,-3.03628,-0.117069,-0.550528,-3.03628,-0.117069,-0.611394,-3.04033
0.000763168,-2.33799,-1.76491,-6.17124,906015943,-0.113256,-0.611373,-3.04064,-0.113256,-0.550507,-3.03659,-0.115162,-0.550507,-3.03659,-0.115162,-0.611373,-3.04064,-0.113256,-0.611394,-3.04033,-0.113256,-0.550528,-3.03628,-0.115162,-0.550528,-3.03628,-0.115162,-0.611394,-3.04033
0.00031338,-2.33859,-1.76175,-15.179,906015944,-0.11135,-0.611373,-3.04064,-0.11135,-0.550507,-3.03659,-0.113256,-0.550507,-3.03659,-0.113256,-0.611373,-3.04064,-0.11135,-0.611394,-3.04033,-0.11135,-0.550528,-3.03628,-0.113256,-0.550528,-3.03628,-0.113256,-0.611394,-3.04033
0.00568508,-2.33919,-1.75859,-4.05026,906015945,-0.109444,-0.611373,-3.04064,-0.109444,-0.550507,-3.03659,-0.11135,-0.550507,-3.03659,-0.11135,-0.611373,-3.04064,-0.109444,-0.611394,-3.04033,-0.109444,-0.550528,-3.03628,-0.11135,-0.550528,-3.03628,-0.11135,-0.611394,-3.04033
0.000373744,-2.34035,-1.75224,-2.81754,906015947,-0.105631,-0.611373,-3.04064,-0.105631,-0.550507,-3.03659,-0.107537,-0.550507,-3.03659,-0.107537,-0.611373,-3.04064,-0.105631,-0.611394,-3.04033,-0.105631,-0.550528,-3.03628,-0.107537,-0.550528,-3.03628,-0.107537,-0.611394,-3.04033
9.3824e-05,-2.34092,-1.74907,-18.1344,906015948,-0.103725,-0.611373,-3.04064,-0.103725,-0.550507,-3.03659,-0.105631,-0.550507,-3.03659,-0.105631,-0.611373,-3.04064,-0.103725,-0.611394,-3.04033,-0.103725,-0.550528,-3.03628,-0.105631,-0.550528,-3.03628,-0.105631,-0.611394,-3.04033
0.000443138,-2.34148,-1.74589,-5.84584,906015949,-0.101819,-0.611373,-3.04064,-0.101819,-0.550507,-3.03659,-0.103725,-0.550507,-3.03659,-0.103725,-0.611373,-3.04064,-0.101819,-0.611394,-3.04033,-0.101819,-0.550528,-3.03628,-0.103725,-0.550528,-3.03628,-0.103725,-0.611394,-3.04033
0.000265754,-2.34412,-1.72994,-4.28102,906015954,-0.0922875,-0.611373,-3.04064,-0.0922875,-0.550507,-3.03659,-0.0941937,-0.550507,-3.03659,-0.0941937,-0.611373,-3.04064,-0.0922875,-0.611394,-3.04033,-0.0922875,-0.550528,-3.03628,-0.0941937,-0.550528,-3.03628,-0.0941937,-0.611394,-3.04033
0.000121043,-2.34511,-1.72353,-20.3322,906015956,-0.088475,-0.611373,-3.04064,-0.088475,-0.550507,-3.03659,-0.0903813,-0.550507,-3.03659,-0.0903813,-0.611373,-3.04064,-0.088475,-0.611394,-3.04033,-0.088475,-0.550528,-3.03628,-0.0903813,-0.550528,-3.03628,-0.0903813,-0.611394,-3.04033
0.000645103,-2.34606,-1.71711,-5.76997,906015958,-0.0846625,-0.611373,-3.04064,-0.0846625,-0.550507,-3.03659,-0.0865687,-0.550507,-3.03659,-0.0865687,-0.611373,-3.04064,-0.0846625,-0.611394,-3.04033,-0.0846625,-0.550528,-3.03628,-0.0865687,-0.550528,-3.03628,-0.0865687,-0.611394,-3.04033
0.000517365,-2.3474,-1.70747,-7.34943,906015961,-0.0789437,-0.611373,-3.04064,-0.0789437,-0.550507,-3.03659,-0.08085,-0.550507,-3.03659,-0.08085,-0.611373,-3.04064,-0.0789437,-0.611394,-3.04033,-0.0789437,-0.550528,-3.03628,-0.08085,-0.550528,-3.03628,-0.08085,-0.611394,-3.04033
0.00111603,-2.34783,-1.70425,-1.68256,906015962,-0.0770375,-0.611373,-3.04064,-0.0770375,-0.550507,-3.03659,-0.0789438,-0.550507,-3.03659,-0.0789438,-0.611373,-3.04064,-0.0770375,-0.611394,-3.04033,-0.0770375,-0.550528,-3.03628,-0.0789438,-0.550528,-3.03628,-0.0789438,-0.611394,-3.04033
0.000598231,-2.34825,-1.70102,-5.12725,906015963,-0.0751312,-0.611373,-3.04064,-0.0751312,-0.550507,-3.03659,-0.0770375,-0.550507,-3.03659,-0.0770375,-0.611373,-3.04064,-0.0751312,-0.611394,-3.04033,-0.0751312,-0.550528,-3.03628,-0.0770375,-0.550528,-3.03628,-0.0770375,-0.611394,-3.04033
9.52725e-05,-2.35118,-1.67583,-3.26945,906016001,-0.0602938,-0.611373,-3.04064,-0.0602938,-0.550507,-3.03659,-0.0622,-0.550507,-3.03659,-0.0622,-0.611373,-3.04064,-0.0602938,-0.611394,-3.04033,-0.0602938,-0.550528,-3.03628,-0.0622,-0.550528,-3.03628,-0.0622,-0.611394,-3.04033
0.000197465,-2.35301,-1.65632,-4.53777,906016007,-0.0488562,-0.611373,-3.04064,-0.0488562,-0.550507,-3.03659,-0.0507625,-0.550507,-3.03659,-0.0507625,-0.611373,-3.04064,-0.0488562,-0.611394,-3.04033,-0.0488562,-0.550528,-3.03628,-0.0507625,-0.550528,-3.03628,-0.0507625,-0.611394,-3.04033
0.000507684,-2.35328,-1.65307,-1.25976,906016008,-0.04695,-0.611373,-3.04064,-0.04695,-0.550507,-3.03659,-0.0488562,-0.550507,-3.03659,-0.0488562,-0.611373,-3.04064,-0.04695,-0.611394,-3.04033,-0.04695,-0.550528,-3.03628,-0.0488562,-0.550528,-3.03628,-0.0488562,-0.611394,-3.04033
0.000242594,-2.35641,-1.59091,-1.7357,906016027,-0.0107313,-0.611373,-3.04064,-0.0107313,-0.550507,-3.03659,-0.0126375,-0.550507,-3.03659,-0.0126375,-0.611373,-3.04064,-0.0107313,-0.611394,-3.04033,-0.0107313,-0.550528,-3.03628,-0.0126375,-0.550528,-3.03628,-0.0126375,-0.611394,-3.04033
0.000392844,-2.35658,-1.57778,4.62261,906016031,-0.00310625,-0.611373,-3.04064,-0.00310625,-0.550507,-3.03659,-0.0050125,-0.550507,-3.03659,-0.0050125,-0.611373,-3.04064,-0.00310625,-0.611394,-3.04033,-0.00310625,-0.550528,-3.03628,-0.0050125,-0.550528,-3.03628,-0.0050125,-0.611394,-3.04033
0.000157951,-2.35651,-1.55725,4.71846,906016068,0.008825,-0.611373,-3.04064,0.008825,-0.550507,-3.03659,0.00691875,-0.550507,-3.03659,0.00691875,-0.611373,-3.04064,0.008825,-0.611394,-3.04033,0.008825,-0.550528,-3.03628,0.00691875,-0.550528,-3.03628,0.00691875,-0.611394,-3.04033
0.000189428,-2.35626,-1.54413,-10.532,906016072,0.01645,-0.611373,-3.04064,0.01645,-0.550507,-3.03659,0.0145438,-0.550507,-3.03659,0.0145438,-0.611373,-3.04064,0.01645,-0.611394,-3.04033,0.01645,-0.550528,-3.03628,0.0145438,-0.550528,-3.03628,0.0145438,-0.611394,-3.04033
0.000507148,-2.33919,-1.38301,-12.4759,906016152,0.11135,-0.611373,-3.04064,0.11135,-0.550507,-3.03659,0.109444,-0.550507,-3.03659,0.109444,-0.611373,-3.04064,0.11135,-0.611394,-3.04033,0.11135,-0.550528,-3.03628,0.109444,-0.550528,-3.03628,0.109444,-0.611394,-3.04033
0.000252146,-2.33859,-1.37984,-10.0386,906016153,0.113256,-0.611373,-3.04064,0.113256,-0.550507,-3.03659,0.11135,-0.550507,-3.03659,0.11135,-0.611373,-3.04064,0.113256,-0.611394,-3.04033,0.113256,-0.550528,-3.03628,0.11135,-0.550528,-3.03628,0.11135,-0.611394,-3.04033
0.000206514,-2.33799,-1.37668,-14.7059,906016154,0.115162,-0.611373,-3.04064,0.115162,-0.550507,-3.03659,0.113256,-0.550507,-3.03659,0.113256,-0.611373,-3.04064,0.115162,-0.611394,-3.04033,0.115162,-0.550528,-3.03628,0.113256,-0.550528,-3.03628,0.113256,-0.611394,-3.04033
0.000139912,-2.31186,-1.2711,-21.8618,906016219,0.180469,-0.611373,-3.04064,0.180469,-0.550507,-3.03659,0.178563,-0.550507,-3.03659,0.178563,-0.611373,-3.04064,0.180469,-0.611394,-3.04033,0.180469,-0.550528,-3.03628,0.178563,-0.550528,-3.03628,0.178563,-0.611394,-3.04033
0.0001615,-2.29787,-1.22821,-0.841013,906016264,0.20815,-0.611373,-3.04064,0.20815,-0.550507,-3.03659,0.206244,-0.550507,-3.03659,0.206244,-0.611373,-3.04064,0.20815,-0.611394,-3.04033,0.20815,-0.550528,-3.03628,0.206244,-0.550528,-3.03628,0.206244,-0.611394,-3.04033
0.000127976,-2.40919,-1.90651,-6.22728,906019973,-0.180469,-0.550373,-3.04064,-0.180469,-0.489507,-3.03659,-0.182375,-0.489507,-3.03659,-0.182375,-0.550373,-3.04064,-0.180469,-0.550394,-3.04033,-0.180469,-0.489528,-3.03628,-0.182375,-0.489528,-3.03628,-0.182375,-0.550394,-3.04033
0.000794132,-2.41031,-1.90324,-17.226,906019974,-0.178563,-0.550373,-3.04064,-0.178563,-0.489507,-3.03659,-0.180469,-0.489507,-3.03659,-0.180469,-0.550373,-3.04064,-0.178563,-0.550394,-3.04033,-0.178563,-0.489528,-3.03628,-0.180469,-0.489528,-3.03628,-0.180469,-0.550394,-3.04033
0.000328658,-2.41142,-1.89996,-8.59308,906019975,-0.176656,-0.550373,-3.04064,-0.176656,-0.489507,-3.03659,-0.178562,-0.489507,-3.03659,-0.178562,-0.550373,-3.04064,-0.176656,-0.550394,-3.04033,-0.176656,-0.489528,-3.03628,-0.178562,-0.489528,-3.03628,-0.178562,-0.550394,-3.04033
0.00082524,-2.41468,-1.89008,-3.89882,906019978,-0.170937,-0.550373,-3.04064,-0.170937,-0.489507,-3.03659,-0.172844,-0.489507,-3.03659,-0.172844,-0.550373,-3.04064,-0.170937,-0.550394,-3.04033,-0.170937,-0.489528,-3.03628,-0.172844,-0.489528,-3.03628,-0.172844,-0.550394,-3.04033
0.00205928,-2.41575,-1.88677,-5.07406,906019979,-0.169031,-0.550373,-3.04064,-0.169031,-0.489507,-3.03659,-0.170937,-0.489507,-3.03659,-0.170937,-0.550373,-3.04064,-0.169031,-0.550394,-3.04033,-0.169031,-0.489528,-3.03628,-0.170937,-0.489528,-3.03628,-0.170937,-0.550394,-3.04033
0.000520133,-2.41682,-1.88345,-12.1515,906019980,-0.167125,-0.550373,-3.04064,-0.167125,-0.489507,-3.03659,-0.169031,-0.489507,-3.03659,-0.169031,-0.550373,-3.04064,-0.167125,-0.550394,-3.04033,-0.167125,-0.489528,-3.03628,-0.169031,-0.489528,-3.03628,-0.169031,-0.550394,-3.04033
0.000262687,-2.42688,-1.84991,-0.426223,906019990,-0.148063,-0.550373,-3.04064,-0.148063,-0.489507,-3.03659,-0.149969,-0.489507,-3.03659,-0.149969,-0.550373,-3.04064,-0.148063,-0.550394,-3.04033,-0.148063,-0.489528,-3.03628,-0.149969,-0.489528,-3.03628,-0.149969,-0.550394,-3.04033
0.000125357,-2.4297,-1.83972,-0.841013,906019993,-0.142344,-0.550373,-3.04064,-0.142344,-0.489507,-3.03659,-0.14425,-0.489507,-3.03659,-0.14425,-0.550373,-3.04064,-0.142344,-0.550394,-3.04033,-0.142344,-0.489528,-3.03628,-0.14425,-0.489528,-3.03628,-0.14425,-0.550394,-3.04033
0.000154037,-2.44101,-1.794,-4.96924,906020037,-0.117069,-0.550373,-3.04064,-0.117069,-0.489507,-3.03659,-0.118975,-0.489507,-3.03659,-0.118975,-0.550373,-3.04064,-0.117069,-0.550394,-3.04033,-0.117069,-0.489528,-3.03628,-0.118975,-0.489528,-3.03628,-0.118975,-0.550394,-3.04033
0.000163021,-2.44178,-1.79051,-0.201598,906020038,-0.115163,-0.550373,-3.04064,-0.115163,-0.489507,-3.03659,-0.117069,-0.489507,-3.03659,-0.117069,-0.550373,-3.04064,-0.115163,-0.550394,-3.04033,-0.115163,-0.489528,-3.03628,-0.117069,-0.489528,-3.03628,-0.117069,-0.550394,-3.04033
0.00011408,-2.46494,-1.61158,2.93417,906020118,-0.0202625,-0.550373,-3.04064,-0.0202625,-0.489507,-3.03659,-0.0221688,-0.489507,-3.03659,-0.0221688,-0.550373,-3.04064,-0.0202625,-0.550394,-3.04033,-0.0202625,-0.489528,-3.03628,-0.0221688,-0.489528,-3.03628,-0.0221688,-0.550394,-3.04033
0.000249371,-2.46508,-1.60792,-5.31766,906020119,-0.0183563,-0.550373,-3.04064,-0.0183563,-0.489507,-3.03659,-0.0202625,-0.489507,-3.03659,-0.0202625,-0.550373,-3.04064,-0.0183563,-0.550394,-3.04033,-0.0183563,-0.489528,-3.03628,-0.0202625,-0.489528,-3.03628,-0.0202625,-0.550394,-3.04033
0.000148256,-2.46532,-1.60059,-4.96924,906020121,-0.0145438,-0.550373,-3.04064,-0.0145438,-0.489507,-3.03659,-0.01645,-0.489507,-3.03659,-0.01645,-0.550373,-3.04064,-0.0145438,-0.550394,-3.04033,-0.0145438,-0.489528,-3.03628,-0.01645,-0.489528,-3.03628,-0.01645,-0.550394,-3.04033
0.000320638,-2.4657,-1.58227,-0.841013,906020126,-0.0050125,-0.550373,-3.04064,-0.0050125,-0.489507,-3.03659,-0.00691875,-0.489507,-3.03659,-0.00691875,-0.550373,-3.04064,-0.0050125,-0.550394,-3.04033,-0.0050125,-0.489528,-3.03628,-0.00691875,-0.489528,-3.03628,-0.00691875,-0.550394,-3.04033
0.000676158,-2.46573,-1.5786,-5.01157,906020127,-0.00310625,-0.550373,-3.04064,-0.00310625,-0.489507,-3.03659,-0.0050125,-0.489507,-3.03659,-0.0050125,-0.550373,-3.04064,-0.00310625,-0.550394,-3.04033,-0.00310625,-0.489528,-3.03628,-0.0050125,-0.489528,-3.03628,-0.0050125,-0.550394,-3.04033
0.000605294,-2.46575,-1.57494,-0.504931,906020128,-0.0012,-0.550373,-3.04064,-0.0012,-0.489507,-3.03659,-0.00310625,-0.489507,-3.03659,-0.00310625,-0.550373,-3.04064,-0.0012,-0.550394,-3.04033,-0.0012,-0.489528,-3.03628,-0.00310625,-0.489528,-3.03628,-0.00310625,-0.550394,-3.04033
0.000657478,-2.46551,-1.54833,-5.91774,906020166,0.0126375,-0.550373,-3.04064,0.0126375,-0.489507,-3.03659,0.0107313,-0.489507,-3.03659,0.0107313,-0.550373,-3.04064,0.0126375,-0.550394,-3.04033,0.0126375,-0.489528,-3.03628,0.0107313,-0.489528,-3.03628,0.0107313,-0.550394,-3.04033
0.000333653,-2.46494,-1.53002,-7.65684,906020171,0.0221688,-0.550373,-3.04064,0.0221688,-0.489507,-3.03659,0.0202625,-0.489507,-3.03659,0.0202625,-0.550373,-3.04064,0.0221688,-0.550394,-3.04033,0.0221688,-0.489528,-3.03628,0.0202625,-0.489528,-3.03628,0.0202625,-0.550394,-3.04033
0.000123081,-2.45199,-1.40403,-3.9895,906020236,0.088475,-0.550373,-3.04064,0.088475,-0.489507,-3.03659,0.0865688,-0.489507,-3.03659,0.0865688,-0.550373,-3.04064,0.088475,-0.550394,-3.04033,0.088475,-0.489528,-3.03628,0.0865688,-0.489528,-3.03628,0.0865688,-0.550394,-3.04033
0.000295015,-2.44404,-1.36158,-1.63538,906020248,0.11135,-0.550373,-3.04064,0.11135,-0.489507,-3.03659,0.109444,-0.489507,-3.03659,0.109444,-0.550373,-3.04064,0.11135,-0.550394,-3.04033,0.11135,-0.489528,-3.03628,0.109444,-0.489528,-3.03628,0.109444,-0.550394,-3.04033
0.000538352,-2.4433,-1.35808,-1.48986,906020249,0.113256,-0.550373,-3.04064,0.113256,-0.489507,-3.03659,0.11135,-0.489507,-3.03659,0.11135,-0.550373,-3.04064,0.113256,-0.550394,-3.04033,0.113256,-0.489528,-3.03628,0.11135,-0.489528,-3.03628,0.11135,-0.550394,-3.04033
0.000938651,-2.44255,-1.35458,-0.721097,906020250,0.115162,-0.550373,-3.04064,0.115162,-0.489507,-3.03659,0.113256,-0.489507,-3.03659,0.113256,-0.550373,-3.04064,0.115162,-0.550394,-3.04033,0.115162,-0.489528,-3.03628,0.113256,-0.489528,-3.03628,0.113256,-0.550394,-3.04033
0.000435002,-2.44178,-1.35108,-1.1042,906020251,0.117069,-0.550373,-3.04064,0.117069,-0.489507,-3.03659,0.115163,-0.489507,-3.03659,0.115163,-0.550373,-3.04064,0.117069,-0.550394,-3.04033,0.117069,-0.489528,-3.03628,0.115163,-0.489528,-3.03628,0.115163,-0.550394,-3.04033
0.000182188,-2.44023,-1.34411,-5.31766,906020253,0.120881,-0.550373,-3.04064,0.120881,-0.489507,-3.03659,0.118975,-0.489507,-3.03659,0.118975,-0.550373,-3.04064,0.120881,-0.550394,-3.04033,0.120881,-0.489528,-3.03628,0.118975,-0.489528,-3.03628,0.118975,-0.550394,-3.04033
0.000386066,-2.43943,-1.34063,-2.40909,906020254,0.122787,-0.550373,-3.04064,0.122787,-0.489507,-3.03659,0.120881,-0.489507,-3.03659,0.120881,-0.550373,-3.04064,0.122787,-0.550394,-3.04033,0.122787,-0.489528,-3.03628,0.120881,-0.489528,-3.03628,0.120881,-0.550394,-3.04033
0.000324926,-2.43862,-1.33716,-4.96924,906020255,0.124694,-0.550373,-3.04064,0.124694,-0.489507,-3.03659,0.122788,-0.489507,-3.03659,0.122788,-0.550373,-3.04064,0.124694,-0.550394,-3.04033,0.124694,-0.489528,-3.03628,0.122788,-0.489528,-3.03628,0.122788,-0.550394,-3.04033
0.000322773,-2.43506,-1.32243,-3.86153,906020290,0.132812,-0.550373,-3.04064,0.132812,-0.489507,-3.03659,0.130906,-0.489507,-3.03659,0.130906,-0.550373,-3.04064,0.132812,-0.550394,-3.04033,0.132812,-0.489528,-3.03628,0.130906,-0.489528,-3.03628,0.130906,-0.550394,-3.04033
0.00024095,-2.4005,-1.21071,-1.7357,906020354,0.196712,-0.550373,-3.04064,0.196712,-0.489507,-3.03659,0.194806,-0.489507,-3.03659,0.194806,-0.550373,-3.04064,0.196712,-0.550394,-3.04033,0.196712,-0.489528,-3.03628,0.194806,-0.489528,-3.03628,0.194806,-0.550394,-3.04033
0.000189885,-2.38303,-1.16654,-16.9605,906020368,0.2234,-0.550373,-3.04064,0.2234,-0.489507,-3.03659,0.221494,-0.489507,-3.03659,0.221494,-0.550373,-3.04064,0.2234,-0.550394,-3.04033,0.2234,-0.489528,-3.03628,0.221494,-0.489528,-3.03628,0.221494,-0.550394,-3.04033
0.000597458,-2.38172,-1.16344,-6.22728,906020369,0.225306,-0.550373,-3.04064,0.225306,-0.489507,-3.03659,0.2234,-0.489507,-3.03659,0.2234,-0.550373,-3.04064,0.225306,-0.550394,-3.04033,0.225306,-0.489528,-3.03628,0.2234,-0.489528,-3.03628,0.2234,-0.550394,-3.04033
0.000238972,-2.38041,-1.16036,-6.22728,906020370,0.227213,-0.550373,-3.04064,0.227213,-0.489507,-3.03659,0.225306,-0.489507,-3.03659,0.225306,-0.550373,-3.04064,0.227213,-0.550394,-3.04033,0.227213,-0.489528,-3.03628,0.225306,-0.489528,-3.03628,0.225306,-0.550394,-3.04033
0.000153763,-2.37909,-1.15728,-19.6927,906020371,0.229119,-0.550373,-3.04064,0.229119,-0.489507,-3.03659,0.227213,-0.489507,-3.03659,0.227213,-0.550373,-3.04064,0.229119,-0.550394,-3.04033,0.229119,-0.489528,-3.03628,0.227213,-0.489528,-3.03628,0.227213,-0.550394,-3.04033
8.29932e-05,-2.48638,-2.01875,-0.841013,906024018,-0.219587,-0.489373,-3.04064,-0.219587,-0.428507,-3.03659,-0.221494,-0.428507,-3.03659,-0.221494,-0.489373,-3.04064,-0.219587,-0.489394,-3.04033,-0.219587,-0.428528,-3.03628,-0.221494,-0.428528,-3.03628,-0.221494,-0.489394,-3.04033
0.000293733,-2.48798,-2.01537,-1.17968,906024019,-0.217681,-0.489373,-3.04064,-0.217681,-0.428507,-3.03659,-0.219587,-0.428507,-3.03659,-0.219587,-0.489373,-3.04064,-0.217681,-0.489394,-3.04033,-0.217681,-0.428528,-3.03628,-0.219587,-0.428528,-3.03628,-0.219587,-0.489394,-3.04033
0.000157072,-2.5875,-1.51632,-8.59308,906024269,0.0259812,-0.489373,-3.04064,0.0259812,-0.428507,-3.03659,0.024075,-0.428507,-3.03659,0.024075,-0.489373,-3.04064,0.0259812,-0.489394,-3.04033,0.0259812,-0.428528,-3.03628,0.024075,-0.428528,-3.03628,0.024075,-0.489394,-3.04033
0.000146605,-2.55325,-1.30357,-13.7756,906024352,0.1266,-0.489373,-3.04064,0.1266,-0.428507,-3.03659,0.124694,-0.428507,-3.03659,0.124694,-0.489373,-3.04064,0.1266,-0.489394,-3.04033,0.1266,-0.428528,-3.03628,0.124694,-0.428528,-3.03628,0.124694,-0.489394,-3.04033
0.000292674,-2.55085,-1.29487,-7.54129,906024385,0.130906,-0.489373,-3.04064,0.130906,-0.428507,-3.03659,0.129,-0.428507,-3.03659,0.129,-0.489373,-3.04064,0.130906,-0.489394,-3.04033,0.130906,-0.428528,-3.03628,0.129,-0.428528,-3.03628,0.129,-0.489394,-3.04033
0.000418588,-2.54977,-1.29103,-4.07674,906024386,0.132812,-0.489373,-3.04064,0.132812,-0.428507,-3.03659,0.130906,-0.428507,-3.03659,0.130906,-0.489373,-3.04064,0.132812,-0.489394,-3.04033,0.132812,-0.428528,-3.03628,0.130906,-0.428528,-3.03628,0.130906,-0.489394,-3.04033
0.000457198,-2.54868,-1.28719,0.895899,906024387,0.134719,-0.489373,-3.04064,0.134719,-0.428507,-3.03659,0.132812,-0.428507,-3.03659,0.132812,-0.489373,-3.04064,0.134719,-0.489394,-3.04033,0.134719,-0.428528,-3.03628,0.132812,-0.428528,-3.03628,0.132812,-0.489394,-3.04033
0.000283808,-2.49582,-1.14329,-16.6309,906024457,0.210056,-0.489373,-3.04064,0.210056,-0.428507,-3.03659,0.20815,-0.428507,-3.03659,0.20815,-0.489373,-3.04064,0.210056,-0.489394,-3.04033,0.210056,-0.428528,-3.03628,0.20815,-0.428528,-3.03628,0.20815,-0.489394,-3.04033
0.000128653,-2.49427,-1.13985,-11.1031,906024458,0.211962,-0.489373,-3.04064,0.211962,-0.428507,-3.03659,0.210056,-0.428507,-3.03659,0.210056,-0.489373,-3.04064,0.211962,-0.489394,-3.04033,0.211962,-0.428528,-3.03628,0.210056,-0.428528,-3.03628,0.210056,-0.489394,-3.04033
0.000130388,-2.48956,-1.12961,-1.63538,906024461,0.217681,-0.489373,-3.04064,0.217681,-0.428507,-3.03659,0.215775,-0.428507,-3.03659,0.215775,-0.489373,-3.04064,0.217681,-0.489394,-3.04033,0.217681,-0.428528,-3.03628,0.215775,-0.428528,-3.03628,0.215775,-0.489394,-3.04033
0.000146054,-2.48638,-1.12284,-10.7809,906024463,0.221494,-0.489373,-3.04064,0.221494,-0.428507,-3.03659,0.219587,-0.428507,-3.03659,0.219587,-0.489373,-3.04064,0.221494,-0.489394,-3.04033,0.221494,-0.428528,-3.03628,0.219587,-0.428528,-3.03628,0.219587,-0.489394,-3.04033
0.000600936,-2.48478,-1.11947,-6.74141,906024464,0.2234,-0.489373,-3.04064,0.2234,-0.428507,-3.03659,0.221494,-0.428507,-3.03659,0.221494,-0.489373,-3.04064,0.2234,-0.489394,-3.04033,0.2234,-0.428528,-3.03628,0.221494,-0.428528,-3.03628,0.221494,-0.489394,-3.04033
0.000748701,-2.48317,-1.11612,-5.73045,906024465,0.225306,-0.489373,-3.04064,0.225306,-0.428507,-3.03659,0.2234,-0.428507,-3.03659,0.2234,-0.489373,-3.04064,0.225306,-0.489394,-3.04033,0.225306,-0.428528,-3.03628,0.2234,-0.428528,-3.03628,0.2234,-0.489394,-3.04033
0.000311247,-2.48155,-1.11277,-5.98596,906024466,0.227213,-0.489373,-3.04064,0.227213,-0.428507,-3.03659,0.225306,-0.428507,-3.03659,0.225306,-0.489373,-3.04064,0.227213,-0.489394,-3.04033,0.227213,-0.428528,-3.03628,0.225306,-0.428528,-3.03628,0.225306,-0.489394,-3.04033
8.71135e-05,-2.47332,-1.0962,-8.59308,906024471,0.236744,-0.489373,-3.04064,0.236744,-0.428507,-3.03659,0.234838,-0.428507,-3.03659,0.234838,-0.489373,-3.04064,0.236744,-0.489394,-3.04033,0.236744,-0.428528,-3.03628,0.234838,-0.428528,-3.03628,0.234838,-0.489394,-3.04033
0.000379224,-2.61908,-2.03564,-2.03808,906028125,-0.198619,-0.428373,-3.04064,-0.198619,-0.367507,-3.03659,-0.200525,-0.367507,-3.03659,-0.200525,-0.428373,-3.04064,-0.198619,-0.428394,-3.04033,-0.198619,-0.367528,-3.03628,-0.200525,-0.367528,-3.03628,-0.200525,-0.428394,-3.04033
9.54558e-05,-2.6294,-2.01429,-23.8519,906028161,-0.188094,-0.428373,-3.04064,-0.188094,-0.367507,-3.03659,-0.19,-0.367507,-3.03659,-0.19,-0.428373,-3.04064,-0.188094,-0.428394,-3.04033,-0.188094,-0.367528,-3.03628,-0.19,-0.367528,-3.03628,-0.19,-0.428394,-3.04033
9.28719e-05,-2.63486,-2.0025,-8.59308,906028164,-0.182375,-0.428373,-3.04064,-0.182375,-0.367507,-3.03659,-0.184281,-0.367507,-3.03659,-0.184281,-0.428373,-3.04064,-0.182375,-0.428394,-3.04033,-0.182375,-0.367528,-3.03628,-0.184281,-0.367528,-3.03628,-0.184281,-0.428394,-3.04033
0.000104409,-2.64371,-1.98256,-5.84584,906028169,-0.172844,-0.428373,-3.04064,-0.172844,-0.367507,-3.03659,-0.17475,-0.367507,-3.03659,-0.17475,-0.428373,-3.04064,-0.172844,-0.428394,-3.04033,-0.172844,-0.367528,-3.03628,-0.17475,-0.367528,-3.03628,-0.17475,-0.428394,-3.04033
0.000495387,-2.65556,-1.95406,-13.8907,906028176,-0.1595,-0.428373,-3.04064,-0.1595,-0.367507,-3.03659,-0.161406,-0.367507,-3.03659,-0.161406,-0.428373,-3.04064,-0.1595,-0.428394,-3.04033,-0.1595,-0.367528,-3.03628,-0.161406,-0.367528,-3.03628,-0.161406,-0.428394,-3.04033
0.000467893,-2.6572,-1.94993,-18.6476,906028177,-0.157594,-0.428373,-3.04064,-0.157594,-0.367507,-3.03659,-0.1595,-0.367507,-3.03659,-0.1595,-0.428373,-3.04064,-0.157594,-0.428394,-3.04033,-0.157594,-0.367528,-3.03628,-0.1595,-0.367528,-3.03628,-0.1595,-0.428394,-3.04033
0.000353813,-2.62097,-1.10978,-6.33192,906028547,0.198619,-0.428373,-3.04064,0.198619,-0.367507,-3.03659,0.196713,-0.367507,-3.03659,0.196713,-0.428373,-3.04064,0.198619,-0.428394,-3.04033,0.198619,-0.367528,-3.03628,0.196713,-0.367528,-3.03628,0.196713,-0.428394,-3.04033
0.000304559,-2.60945,-1.087,-2.56146,906028553,0.210056,-0.428373,-3.04064,0.210056,-0.367507,-3.03659,0.20815,-0.367507,-3.03659,0.20815,-0.428373,-3.04064,0.210056,-0.428394,-3.04033,0.210056,-0.367528,-3.03628,0.20815,-0.367528,-3.03628,0.20815,-0.428394,-3.04033
8.71418e-05,-2.60355,-1.0758,-23.8519,906028556,0.215775,-0.428373,-3.04064,0.215775,-0.367507,-3.03659,0.213869,-0.367507,-3.03659,0.213869,-0.428373,-3.04064,0.215775,-0.428394,-3.04033,0.215775,-0.367528,-3.03628,0.213869,-0.367528,-3.03628,0.213869,-0.428394,-3.04033
0.000126147,-2.59757,-1.06474,5.76276,906028559,0.221494,-0.428373,-3.04064,0.221494,-0.367507,-3.03659,0.219587,-0.367507,-3.03659,0.219587,-0.428373,-3.04064,0.221494,-0.428394,-3.04033,0.221494,-0.367528,-3.03628,0.219587,-0.367528,-3.03628,0.219587,-0.428394,-3.04033
0.000281606,-2.57496,-1.02533,-7.60242,906028570,0.242463,-0.428373,-3.04064,0.242463,-0.367507,-3.03659,0.240556,-0.367507,-3.03659,0.240556,-0.428373,-3.04064,0.242463,-0.428394,-3.04033,0.242463,-0.367528,-3.03628,0.240556,-0.367528,-3.03628,0.240556,-0.428394,-3.04033
0.000570128,-2.55737,-0.996924,2.99726,906028609,0.258206,-0.428373,-3.04064,0.258206,-0.367507,-3.03659,0.2563,-0.367507,-3.03659,0.2563,-0.428373,-3.04064,0.258206,-0.428394,-3.04033,0.258206,-0.367528,-3.03628,0.2563,-0.367528,-3.03628,0.2563,-0.428394,-3.04033
0.000131722,-2.52751,-0.761349,1.90731,906032786,0.354513,-0.367373,-3.04064,0.354513,-0.306507,-3.03659,0.352606,-0.306507,-3.03659,0.352606,-0.367373,-3.04064,0.354513,-0.367394,-3.04033,0.354513,-0.306528,-3.03628,0.352606,-0.306528,-3.03628,0.352606,-0.367394,-3.04033
0.000291189,-2.17707,-2.73511,-7.54129,906035871,-0.640106,-0.306373,-3.04064,-0.640106,-0.245507,-3.03659,-0.642012,-0.245507,-3.03659,-0.642012,-0.306373,-3.04064,-0.640106,-0.306394,-3.04033,-0.640106,-0.245528,-3.03628,-0.642012,-0.245528,-3.03628,-0.642012,-0.306394,-3.04033
0.000128369,-2.20244,-2.72374,-4.53777,906035912,-0.62055,-0.306373,-3.04064,-0.62055,-0.245507,-3.03659,-0.622456,-0.245507,-3.03659,-0.622456,-0.306373,-3.04064,-0.62055,-0.306394,-3.04033,-0.62055,-0.245528,-3.03628,-0.622456,-0.245528,-3.03628,-0.622456,-0.306394,-3.04033
0.000140625,-2.23246,-2.80956,-14.7059,906040007,-0.622456,-0.245373,-3.04064,-0.622456,-0.184507,-3.03659,-0.624363,-0.184507,-3.03659,-0.624363,-0.245373,-3.04064,-0.622456,-0.245394,-3.04033,-0.622456,-0.184528,-3.03628,-0.624363,-0.184528,-3.03628,-0.624363,-0.245394,-3.04033
0.000780271,-2.23513,-2.80861,-0.3911,906040008,-0.62055,-0.245373,-3.04064,-0.62055,-0.184507,-3.03659,-0.622456,-0.184507,-3.03659,-0.622456,-0.245373,-3.04064,-0.62055,-0.245394,-3.04033,-0.62055,-0.184528,-3.03628,-0.622456,-0.184528,-3.03628,-0.622456,-0.245394,-3.04033
9.67053e-05,-2.1637,-2.92226,2.09753,906044037,-0.689669,-0.184373,-3.04064,-0.689669,-0.123507,-3.03659,-0.691575,-0.123507,-3.03659,-0.691575,-0.184373,-3.04064,-0.689669,-0.184394,-3.04033,-0.689669,-0.123528,-3.03628,-0.691575,-0.123528,-3.03628,-0.691575,-0.184394,-3.04033
0.000457998,-2.21907,-3.0021,-0.841013,906048148,-0.661075,-0.123373,-3.04064,-0.661075,-0.0625071,-3.03659,-0.662981,-0.0625071,-3.03659,-0.662981,-0.123373,-3.04064,-0.661075,-0.123394,-3.04033,-0.661075,-0.0625276,-3.03628,-0.662981,-0.0625276,-3.03628,-0.662981,-0.123394,-3.04033
0.00045353,-2.22184,-3.0017,-1.58013,906048149,-0.659169,-0.123373,-3.04064,-0.659169,-0.0625071,-3.03659,-0.661075,-0.0625071,-3.03659,-0.661075,-0.123373,-3.04064,-0.659169,-0.123394,-3.04033,-0.659169,-0.0625276,-3.03628,-0.661075,-0.0625276,-3.03628,-0.661075,-0.123394,-3.04033
0.000123879,-2.19168,-3.09511,0.895899,906052231,-0.685856,-0.062373,-3.04064,-0.685856,-0.00150708,-3.03659,-0.687763,-0.00150708,-3.03659,-0.687763,-0.062373,-3.04064,-0.685856,-0.0623935,-3.04033,-0.685856,-0.00152762,-3.03628,-0.687763,-0.00152762,-3.03628,-0.687763,-0.0623935,-3.04033
0.000228644,-2.22747,-3.09337,-5.84584,906052244,-0.661075,-0.062373,-3.04064,-0.661075,-0.00150708,-3.03659,-0.662981,-0.00150708,-3.03659,-0.662981,-0.062373,-3.04064,-0.661075,-0.0623935,-3.04033,-0.661075,-0.00152762,-3.03628,-0.662981,-0.00152762,-3.03628,-0.662981,-0.0623935,-3.04033
0.000311811,-1.69972,-1.70325,-4.33494,906241180,-0.123507,-1.15643,-3.08119,-0.123507,-1.15452,-3.08119,-0.184373,-1.15452,-3.08524,-0.184373,-1.15643,-3.08524,-0.123528,-1.15643,-3.08088,-0.123528,-1.15452,-3.08088,-0.184394,-1.15452,-3.08493,-0.184394,-1.15643,-3.08493
7.99117e-05,-1.70428,-1.7039,-13.0912,906241183,-0.123507,-1.15071,-3.08119,-0.123507,-1.14881,-3.08119,-0.184373,-1.14881,-3.08524,-0.184373,-1.15071,-3.08524,-0.123528,-1.15071,-3.08088,-0.123528,-1.14881,-3.08088,-0.184394,-1.14881,-3.08493,-0.184394,-1.15071,-3.08493
9.62626e-05,-1.67776,-1.64876,-16.0442,906241226,-0.0625071,-1.19074,-3.08119,-0.0625071,-1.18884,-3.08119,-0.123373,-1.18884,-3.08524,-0.123373,-1.19074,-3.08524,-0.0625276,-1.19074,-3.08088,-0.0625276,-1.18884,-3.08088,-0.123394,-1.18884,-3.08493,-0.123394,-1.19074,-3.08493
0.000189576,-1.67925,-1.64889,-0.841013,906241227,-0.0625071,-1.18884,-3.08119,-0.0625071,-1.18693,-3.08119,-0.123373,-1.18693,-3.08524,-0.123373,-1.18884,-3.08524,-0.0625276,-1.18884,-3.08088,-0.0625276,-1.18693,-3.08088,-0.123394,-1.18693,-3.08493,-0.123394,-1.18884,-3.08493
0.000327931,-1.69275,-1.65003,-2.40909,906241236,-0.0625071,-1.17168,-3.08119,-0.0625071,-1.16978,-3.08119,-0.123373,-1.16978,-3.08524,-0.123373,-1.17168,-3.08524,-0.0625276,-1.17168,-3.08088,-0.0625276,-1.16978,-3.08088,-0.123394,-1.16978,-3.08493,-0.123394,-1.17168,-3.08493
0.000459666,-1.69426,-1.65015,-2.64931,906241237,-0.0625071,-1.16978,-3.08119,-0.0625071,-1.16787,-3.08119,-0.123373,-1.16787,-3.08524,-0.123373,-1.16978,-3.08524,-0.0625276,-1.16978,-3.08088,-0.0625276,-1.16787,-3.08088,-0.123394,-1.16787,-3.08493,-0.123394,-1.16978,-3.08493
0.000291561,-1.69578,-1.65028,3.22372,906241238,-0.0625071,-1.16787,-3.08119,-0.0625071,-1.16596,-3.08119,-0.123373,-1.16596,-3.08524,-0.123373,-1.16787,-3.08524,-0.0625276,-1.16787,-3.08088,-0.0625276,-1.16596,-3.08088,-0.123394,-1.16596,-3.08493,-0.123394,-1.16787,-3.08493
0.00022693,-1.6973,-1.65041,3.86938,906241239,-0.0625071,-1.16596,-3.08119,-0.0625071,-1.16406,-3.08119,-0.123373,-1.16406,-3.08524,-0.123373,-1.16596,-3.08524,-0.0625276,-1.16596,-3.08088,-0.0625276,-1.16406,-3.08088,-0.123394,-1.16406,-3.08493,-0.123394,-1.16596,-3.08493
0.000431766,-1.69882,-1.65054,-9.97982,906241240,-0.0625071,-1.16406,-3.08119,-0.0625071,-1.16215,-3.08119,-0.123373,-1.16215,-3.08524,-0.123373,-1.16406,-3.08524,-0.0625276,-1.16406,-3.08088,-0.0625276,-1.16215,-3.08088,-0.123394,-1.16215,-3.08493,-0.123394,-1.16406,-3.08493
0.000276945,-1.70034,-1.65067,-13.4091,906241241,-0.0625071,-1.16215,-3.08119,-0.0625071,-1.16024,-3.08119,-0.123373,-1.16024,-3.08524,-0.123373,-1.16215,-3.08524,-0.0625276,-1.16215,-3.08088,-0.0625276,-1.16024,-3.08088,-0.123394,-1.16024,-3.08493,-0.123394,-1.16215,-3.08493
0.000400092,-1.70187,-1.6508,-6.59681,906241242,-0.0625071,-1.16024,-3.08119,-0.0625071,-1.15834,-3.08119,-0.123373,-1.15834,-3.08524,-0.123373,-1.16024,-3.08524,-0.0625276,-1.16024,-3.08088,-0.0625276,-1.15834,-3.08088,-0.123394,-1.15834,-3.08493,-0.123394,-1.16024,-3.08493
0.000172436,-1.70493,-1.65107,-23.8519,906241244,-0.0625071,-1.15643,-3.08119,-0.0625071,-1.15452,-3.08119,-0.123373,-1.15452,-3.08524,-0.123373,-1.15643,-3.08524,-0.0625276,-1.15643,-3.08088,-0.0625276,-1.15452,-3.08088,-0.123394,-1.15452,-3.08493,-0.123394,-1.15643,-3.08493
0.000791778,-1.71109,-1.6516,-3.26945,906241248,-0.0625071,-1.14881,-3.08119,-0.0625071,-1.1469,-3.08119,-0.123373,-1.1469,-3.08524,-0.123373,-1.14881,-3.08524,-0.0625276,-1.14881,-3.08088,-0.0625276,-1.1469,-3.08088,-0.123394,-1.1469,-3.08493,-0.123394,-1.14881,-3.08493
0.000405823,-1.6758,-1.59752,-5.31766,906241287,-0.00150708,-1.19646,-3.08119,-0.00150708,-1.19456,-3.08119,-0.062373,-1.19456,-3.08524,-0.062373,-1.19646,-3.08524,-0.00152762,-1.19646,-3.08088,-0.00152762,-1.19456,-3.08088,-0.0623935,-1.19456,-3.08493,-0.0623935,-1.19646,-3.08493
0.000286561,-1.68027,-1.59764,1.6641,906241290,-0.00150708,-1.19074,-3.08119,-0.00150708,-1.18884,-3.08119,-0.062373,-1.18884,-3.08524,-0.062373,-1.19074,-3.08524,-0.00152762,-1.19074,-3.08088,-0.00152762,-1.18884,-3.08088,-0.0623935,-1.18884,-3.08493,-0.0623935,-1.19074,-3.08493
0.000346262,-1.68626,-1.59782,0.00108832,906241294,-0.00150708,-1.18312,-3.08119,-0.00150708,-1.18121,-3.08119,-0.062373,-1.18121,-3.08524,-0.062373,-1.18312,-3.08524,-0.00152762,-1.18312,-3.08088,-0.00152762,-1.18121,-3.08088,-0.0623935,-1.18121,-3.08493,-0.0623935,-1.18312,-3.08493
0.000994962,-1.68777,-1.59786,-4.23229,906241295,-0.00150708,-1.18121,-3.08119,-0.00150708,-1.17931,-3.08119,-0.062373,-1.17931,-3.08524,-0.062373,-1.18121,-3.08524,-0.00152762,-1.18121,-3.08088,-0.00152762,-1.17931,-3.08088,-0.0623935,-1.17931,-3.08493,-0.0623935,-1.18121,-3.08493
0.00158975,-1.68928,-1.5979,-3.07767,906241296,-0.00150708,-1.17931,-3.08119,-0.00150708,-1.1774,-3.08119,-0.062373,-1.1774,-3.08524,-0.062373,-1.17931,-3.08524,-0.00152762,-1.17931,-3.08088,-0.00152762,-1.1774,-3.08088,-0.0623935,-1.1774,-3.08493,-0.0623935,-1.17931,-3.08493
0.000935873,-1.69079,-1.59795,-3.77219,906241297,-0.00150708,-1.1774,-3.08119,-0.00150708,-1.17549,-3.08119,-0.062373,-1.17549,-3.08524,-0.062373,-1.1774,-3.08524,-0.00152762,-1.1774,-3.08088,-0.00152762,-1.17549,-3.08088,-0.0623935,-1.17549,-3.08493,-0.0623935,-1.1774,-3.08493
0.000540924,-1.6923,-1.59799,-5.60493,906241298,-0.00150708,-1.17549,-3.08119,-0.00150708,-1.17359,-3.08119,-0.062373,-1.17359,-3.08524,-0.062373,-1.17549,-3.08524,-0.00152762,-1.17549,-3.08088,-0.00152762,-1.17359,-3.08088,-0.0623935,-1.17359,-3.08493,-0.0623935,-1.17549,-3.08493
0.000283554,-1.69382,-1.59804,-4.11072,906241299,-0.00150708,-1.17359,-3.08119,-0.00150708,-1.17168,-3.08119,-0.062373,-1.17168,-3.08524,-0.062373,-1.17359,-3.08524,-0.00152762,-1.17359,-3.08088,-0.00152762,-1.17168,-3.08088,-0.0623935,-1.17168,-3.08493,-0.0623935,-1.17359,-3.08493
0.000154305,-1.69534,-1.59808,-13.0912,906241300,-0.00150708,-1.17168,-3.08119,-0.00150708,-1.16978,-3.08119,-0.062373,-1.16978,-3.08524,-0.062373,-1.17168,-3.08524,-0.00152762,-1.17168,-3.08088,-0.00152762,-1.16978,-3.08088,-0.0623935,-1.16978,-3.08493,-0.0623935,-1.17168,-3.08493
0.000295408,-1.69991,-1.59821,-10.7809,906241303,-0.00150708,-1.16596,-3.08119,-0.00150708,-1.16406,-3.08119,-0.062373,-1.16406,-3.08524,-0.062373,-1.16596,-3.08524,-0.00152762,-1.16596,-3.08088,-0.00152762,-1.16406,-3.08088,-0.0623935,-1.16406,-3.08493,-0.0623935,-1.16596,-3.08493
0.00011008,-1.70605,-1.59839,-3.9895,906241307,-0.00150708,-1.15834,-3.08119,-0.00150708,-1.15643,-3.08119,-0.062373,-1.15643,-3.08524,-0.062373,-1.15834,-3.08524,-0.00152762,-1.15834,-3.08088,-0.00152762,-1.15643,-3.08088,-0.0623935,-1.15643,-3.08493,-0.0623935,-1.15834,-3.08493
0.00014539,-1.7076,-1.59844,-4.96924,906241308,-0.00150708,-1.15643,-3.08119,-0.00150708,-1.15452,-3.08119,-0.062373,-1.15452,-3.08524,-0.062373,-1.15643,-3.08524,-0.00152762,-1.15643,-3.08088,-0.00152762,-1.15452,-3.08088,-0.0623935,-1.15452,-3.08493,-0.0623935,-1.15643,-3.08493
0.000288375,-1.70914,-1.59849,-2.74663,906241309,-0.00150708,-1.15452,-3.08119,-0.00150708,-1.15262,-3.08119,-0.062373,-1.15262,-3.08524,-0.062373,-1.15452,-3.08524,-0.00152762,-1.15452,-3.08088,-0.00152762,-1.15262,-3.08088,-0.0623935,-1.15262,-3.08493,-0.0623935,-1.15452,-3.08493
0.000367517,-1.71069,-1.59853,-1.69956,906241310,-0.00150708,-1.15262,-3.08119,-0.00150708,-1.15071,-3.08119,-0.062373,-1.15071,-3.08524,-0.062373,-1.15262,-3.08524,-0.00152762,-1.15262,-3.08088,-0.00152762,-1.15071,-3.08088,-0.0623935,-1.15071,-3.08493,-0.0623935,-1.15262,-3.08493
0.000156512,-1.67283,-1.54416,4.79943,906241349,0.062373,-1.20028,-3.08524,0.062373,-1.19837,-3.08524,0.00150708,-1.19837,-3.08119,0.00150708,-1.20028,-3.08119,0.0623935,-1.20028,-3.08493,0.0623935,-1.19837,-3.08493,0.00152762,-1.19837,-3.08088,0.00152762,-1.20028,-3.08088
0.000193797,-1.68027,-1.54395,3.22372,906241354,0.062373,-1.19074,-3.08524,0.062373,-1.18884,-3.08524,0.00150708,-1.18884,-3.08119,0.00150708,-1.19074,-3.08119,0.0623935,-1.19074,-3.08493,0.0623935,-1.18884,-3.08493,0.00152762,-1.18884,-3.08088,0.00152762,-1.19074,-3.08088
0.000222047,-1.68176,-1.54391,-0.37121,906241355,0.062373,-1.18884,-3.08524,0.062373,-1.18693,-3.08524,0.00150708,-1.18693,-3.08119,0.00150708,-1.18884,-3.08119,0.0623935,-1.18884,-3.08493,0.0623935,-1.18693,-3.08493,0.00152762,-1.18693,-3.08088,0.00152762,-1.18884,-3.08088
0.000226554,-1.68326,-1.54386,0.895899,906241356,0.062373,-1.18693,-3.08524,0.062373,-1.18502,-3.08524,0.00150708,-1.18502,-3.08119,0.00150708,-1.18693,-3.08119,0.0623935,-1.18693,-3.08493,0.0623935,-1.18502,-3.08493,0.00152762,-1.18502,-3.08088,0.00152762,-1.18693,-3.08088
0.000794558,-1.68476,-1.54382,-2.5755,906241357,0.062373,-1.18503,-3.08524,0.062373,-1.18312,-3.08524,0.00150708,-1.18312,-3.08119,0.00150708,-1.18503,-3.08119,0.0623935,-1.18503,-3.08493,0.0623935,-1.18312,-3.08493,0.00152762,-1.18312,-3.08088,0.00152762,-1.18503,-3.08088
0.000676937,-1.68626,-1.54378,-3.88335,906241358,0.062373,-1.18312,-3.08524,0.062373,-1.18121,-3.08524,0.00150708,-1.18121,-3.08119,0.00150708,-1.18312,-3.08119,0.0623935,-1.18312,-3.08493,0.0623935,-1.18121,-3.08493,0.00152762,-1.18121,-3.08088,0.00152762,-1.18312,-3.08088
0.000707179,-1.68777,-1.54373,-3.73692,906241359,0.062373,-1.18121,-3.08524,0.062373,-1.17931,-3.08524,0.00150708,-1.17931,-3.08119,0.00150708,-1.18121,-3.08119,0.0623935,-1.18121,-3.08493,0.0623935,-1.17931,-3.08493,0.00152762,-1.17931,-3.08088,0.00152762,-1.18121,-3.08088
0.000495116,-1.68928,-1.54369,0.944561,906241360,0.062373,-1.17931,-3.08524,0.062373,-1.1774,-3.08524,0.00150708,-1.1774,-3.08119,0.00150708,-1.17931,-3.08119,0.0623935,-1.17931,-3.08493,0.0623935,-1.1774,-3.08493,0.00152762,-1.1774,-3.08088,0.00152762,-1.17931,-3.08088
0.000115991,-1.69079,-1.54364,-3.9895,906241361,0.062373,-1.1774,-3.08524,0.062373,-1.17549,-3.08524,0.00150708,-1.17549,-3.08119,0.00150708,-1.1774,-3.08119,0.0623935,-1.1774,-3.08493,0.0623935,-1.17549,-3.08493,0.00152762,-1.17549,-3.08088,0.00152762,-1.1774,-3.08088
0.000705578,-1.69382,-1.54356,2.06101,906241363,0.062373,-1.17359,-3.08524,0.062373,-1.17168,-3.08524,0.00150708,-1.17168,-3.08119,0.00150708,-1.17359,-3.08119,0.0623935,-1.17359,-3.08493,0.0623935,-1.17168,-3.08493,0.00152762,-1.17168,-3.08088,0.00152762,-1.17359,-3.08088
0.000758098,-1.69534,-1.54351,-9.45431,906241364,0.062373,-1.17168,-3.08524,0.062373,-1.16978,-3.08524,0.00150708,-1.16978,-3.08119,0.00150708,-1.17168,-3.08119,0.0623935,-1.17168,-3.08493,0.0623935,-1.16978,-3.08493,0.00152762,-1.16978,-3.08088,0.00152762,-1.17168,-3.08088
0.000901248,-1.69686,-1.54347,4.0118,906241365,0.062373,-1.16978,-3.08524,0.062373,-1.16787,-3.08524,0.00150708,-1.16787,-3.08119,0.00150708,-1.16978,-3.08119,0.0623935,-1.16978,-3.08493,0.0623935,-1.16787,-3.08493,0.00152762,-1.16787,-3.08088,0.00152762,-1.16978,-3.08088
0.000150848,-1.70451,-1.54324,-0.841013,906241370,0.062373,-1.16024,-3.08524,0.062373,-1.15834,-3.08524,0.00150708,-1.15834,-3.08119,0.00150708,-1.16024,-3.08119,0.0623935,-1.16024,-3.08493,0.0623935,-1.15834,-3.08493,0.00152762,-1.15834,-3.08088,0.00152762,-1.16024,-3.08088
0.000162429,-1.70605,-1.5432,-0.201598,906241371,0.062373,-1.15834,-3.08524,0.062373,-1.15643,-3.08524,0.00150708,-1.15643,-3.08119,0.00150708,-1.15834,-3.08119,0.0623935,-1.15834,-3.08493,0.0623935,-1.15643,-3.08493,0.00152762,-1.15643,-3.08088,0.00152762,-1.15834,-3.08088
0.000138874,-1.6748,-1.49308,-8.59308,906241416,0.123373,-1.19456,-3.08524,0.123373,-1.19265,-3.08524,0.0625071,-1.19265,-3.08119,0.0625071,-1.19456,-3.08119,0.123394,-1.19456,-3.08493,0.123394,-1.19265,-3.08493,0.0625276,-1.19265,-3.08088,0.0625276,-1.19456,-3.08088
0.00053588,-1.67776,-1.49283,-8.59308,906241418,0.123373,-1.19074,-3.08524,0.123373,-1.18884,-3.08524,0.0625071,-1.18884,-3.08119,0.0625071,-1.19074,-3.08119,0.123394,-1.19074,-3.08493,0.123394,-1.18884,-3.08493,0.0625276,-1.18884,-3.08088,0.0625276,-1.19074,-3.08088
0.000408564,-1.67925,-1.49271,-2.64931,906241419,0.123373,-1.18884,-3.08524,0.123373,-1.18693,-3.08524,0.0625071,-1.18693,-3.08119,0.0625071,-1.18884,-3.08119,0.123394,-1.18884,-3.08493,0.123394,-1.18693,-3.08493,0.0625276,-1.18693,-3.08088,0.0625276,-1.18884,-3.08088
0.00118624,-1.68074,-1.49258,-2.4913,906241420,0.123373,-1.18693,-3.08524,0.123373,-1.18502,-3.08524,0.0625071,-1.18502,-3.08119,0.0625071,-1.18693,-3.08119,0.123394,-1.18693,-3.08493,0.123394,-1.18502,-3.08493,0.0625276,-1.18502,-3.08088,0.0625276,-1.18693,-3.08088
0.00289929,-1.68223,-1.49246,-1.57166,906241421,0.123373,-1.18503,-3.08524,0.123373,-1.18312,-3.08524,0.0625071,-1.18312,-3.08119,0.0625071,-1.18503,-3.08119,0.123394,-1.18503,-3.08493,0.123394,-1.18312,-3.08493,0.0625276,-1.18312,-3.08088,0.0625276,-1.18503,-3.08088
0.00509867,-1.68373,-1.49233,0.345244,906241422,0.123373,-1.18312,-3.08524,0.123373,-1.18121,-3.08524,0.0625071,-1.18121,-3.08119,0.0625071,-1.18312,-3.08119,0.123394,-1.18312,-3.08493,0.123394,-1.18121,-3.08493,0.0625276,-1.18121,-3.08088,0.0625276,-1.18312,-3.08088
0.000939011,-1.68522,-1.4922,-2.12487,906241423,0.123373,-1.18121,-3.08524,0.123373,-1.17931,-3.08524,0.0625071,-1.17931,-3.08119,0.0625071,-1.18121,-3.08119,0.123394,-1.18121,-3.08493,0.123394,-1.17931,-3.08493,0.0625276,-1.17931,-3.08088,0.0625276,-1.18121,-3.08088
0.00086405,-1.68672,-1.49208,-7.10514,906241424,0.123373,-1.17931,-3.08524,0.123373,-1.1774,-3.08524,0.0625071,-1.1774,-3.08119,0.0625071,-1.17931,-3.08119,0.123394,-1.17931,-3.08493,0.123394,-1.1774,-3.08493,0.0625276,-1.1774,-3.08088,0.0625276,-1.17931,-3.08088
0.000679787,-1.68823,-1.49195,-4.33494,906241425,0.123373,-1.1774,-3.08524,0.123373,-1.17549,-3.08524,0.0625071,-1.17549,-3.08119,0.0625071,-1.1774,-3.08119,0.123394,-1.1774,-3.08493,0.123394,-1.17549,-3.08493,0.0625276,-1.17549,-3.08088,0.0625276,-1.1774,-3.08088
0.000438587,-1.68973,-1.49182,-1.1042,906241426,0.123373,-1.17549,-3.08524,0.123373,-1.17359,-3.08524,0.0625071,-1.17359,-3.08119,0.0625071,-1.17549,-3.08119,0.123394,-1.17549,-3.08493,0.123394,-1.17359,-3.08493,0.0625276,-1.17359,-3.08088,0.0625276,-1.17549,-3.08088
0.000604528,-1.69124,-1.4917,-0.469702,906241427,0.123373,-1.17359,-3.08524,0.123373,-1.17168,-3.08524,0.0625071,-1.17168,-3.08119,0.0625071,-1.17359,-3.08119,0.123394,-1.17359,-3.08493,0.123394,-1.17168,-3.08493,0.0625276,-1.17168,-3.08088,0.0625276,-1.17359,-3.08088
0.000543767,-1.69275,-1.49157,-4.79611,906241428,0.123373,-1.17168,-3.08524,0.123373,-1.16978,-3.08524,0.0625071,-1.16978,-3.08119,0.0625071,-1.17168,-3.08119,0.123394,-1.17168,-3.08493,0.123394,-1.16978,-3.08493,0.0625276,-1.16978,-3.08088,0.0625276,-1.17168,-3.08088
0.000264712,-1.6973,-1.49118,3.08677,906241431,0.123373,-1.16596,-3.08524,0.123373,-1.16406,-3.08524,0.0625071,-1.16406,-3.08119,0.0625071,-1.16596,-3.08119,0.123394,-1.16596,-3.08493,0.123394,-1.16406,-3.08493,0.0625276,-1.16406,-3.08088,0.0625276,-1.16596,-3.08088
8.72169e-05,-1.70187,-1.49079,-13.0912,906241434,0.123373,-1.16024,-3.08524,0.123373,-1.15834,-3.08524,0.0625071,-1.15834,-3.08119,0.0625071,-1.16024,-3.08119,0.123394,-1.16024,-3.08493,0.123394,-1.15834,-3.08493,0.0625276,-1.15834,-3.08088,0.0625276,-1.16024,-3.08088
0.00021502,-1.66701,-1.44293,-10.0386,906241478,0.184373,-1.19837,-3.08524,0.184373,-1.19646,-3.08524,0.123507,-1.19646,-3.08119,0.123507,-1.19837,-3.08119,0.184394,-1.19837,-3.08493,0.184394,-1.19646,-3.08493,0.123528,-1.19646,-3.08088,0.123528,-1.19837,-3.08088
9.10333e-05,-1.66847,-1.44273,-3.26945,906241479,0.184373,-1.19646,-3.08524,0.184373,-1.19456,-3.08524,0.123507,-1.19456,-3.08119,0.123507,-1.19646,-3.08119,0.184394,-1.19646,-3.08493,0.184394,-1.19456,-3.08493,0.123528,-1.19456,-3.08088,0.123528,-1.19646,-3.08088
0.000123402,-1.67139,-1.44232,-0.0607465,906241481,0.184373,-1.19265,-3.08524,0.184373,-1.19074,-3.08524,0.123507,-1.19074,-3.08119,0.123507,-1.19265,-3.08119,0.184394,-1.19265,-3.08493,0.184394,-1.19074,-3.08493,0.123528,-1.19074,-3.08088,0.123528,-1.19265,-3.08088
0.000164798,-1.67286,-1.44212,-2.81754,906241482,0.184373,-1.19074,-3.08524,0.184373,-1.18884,-3.08524,0.123507,-1.18884,-3.08119,0.123507,-1.19074,-3.08119,0.184394,-1.19074,-3.08493,0.184394,-1.18884,-3.08493,0.123528,-1.18884,-3.08088,0.123528,-1.19074,-3.08088
8.03276e-05,-1.67433,-1.44191,-5.31766,906241483,0.184373,-1.18884,-3.08524,0.184373,-1.18693,-3.08524,0.123507,-1.18693,-3.08119,0.123507,-1.18884,-3.08119,0.184394,-1.18884,-3.08493,0.184394,-1.18693,-3.08493,0.123528,-1.18693,-3.08088,0.123528,-1.18884,-3.08088
0.000278414,-1.68024,-1.44109,-8.59308,906241487,0.184373,-1.18121,-3.08524,0.184373,-1.17931,-3.08524,0.123507,-1.17931,-3.08119,0.123507,-1.18121,-3.08119,0.184394,-1.18121,-3.08493,0.184394,-1.17931,-3.08493,0.123528,-1.17931,-3.08088,0.123528,-1.18121,-3.08088
0.000194949,-1.68172,-1.44088,1.46047,906241488,0.184373,-1.17931,-3.08524,0.184373,-1.1774,-3.08524,0.123507,-1.1774,-3.08119,0.123507,-1.17931,-3.08119,0.184394,-1.17931,-3.08493,0.184394,-1.1774,-3.08493,0.123528,-1.1774,-3.08088,0.123528,-1.17931,-3.08088
0.000132651,-1.6832,-1.44068,-6.51569,906241489,0.184373,-1.1774,-3.08524,0.184373,-1.17549,-3.08524,0.123507,-1.17549,-3.08119,0.123507,-1.1774,-3.08119,0.184394,-1.1774,-3.08493,0.184394,-1.17549,-3.08493,0.123528,-1.17549,-3.08088,0.123528,-1.1774,-3.08088
0.000245867,-1.69518,-1.43899,-3.58296,906241497,0.184373,-1.16215,-3.08524,0.184373,-1.16024,-3.08524,0.123507,-1.16024,-3.08119,0.123507,-1.16215,-3.08119,0.184394,-1.16215,-3.08493,0.184394,-1.16024,-3.08493,0.123528,-1.16024,-3.08088,0.123528,-1.16215,-3.08088
0.000327943,-1.65416,-1.39428,-10.7809,906241538,0.245373,-1.20599,-3.08524,0.245373,-1.20409,-3.08524,0.184507,-1.20409,-3.08119,0.184507,-1.20599,-3.08119,0.245394,-1.20599,-3.08493,0.245394,-1.20409,-3.08493,0.184528,-1.20409,-3.08088,0.184528,-1.20599,-3.08088
0.000359028,-1.65701,-1.39373,-3.26945,906241540,0.245373,-1.20218,-3.08524,0.245373,-1.20027,-3.08524,0.184507,-1.20027,-3.08119,0.184507,-1.20218,-3.08119,0.245394,-1.20218,-3.08493,0.245394,-1.20027,-3.08493,0.184528,-1.20027,-3.08088,0.184528,-1.20218,-3.08088
0.000281552,-1.65844,-1.39345,-9.82899,906241541,0.245373,-1.20028,-3.08524,0.245373,-1.19837,-3.08524,0.184507,-1.19837,-3.08119,0.184507,-1.20028,-3.08119,0.245394,-1.20028,-3.08493,0.245394,-1.19837,-3.08493,0.184528,-1.19837,-3.08088,0.184528,-1.20028,-3.08088
0.00011947,-1.65988,-1.39318,0.895899,906241542,0.245373,-1.19837,-3.08524,0.245373,-1.19646,-3.08524,0.184507,-1.19646,-3.08119,0.184507,-1.19837,-3.08119,0.245394,-1.19837,-3.08493,0.245394,-1.19646,-3.08493,0.184528,-1.19646,-3.08088,0.184528,-1.19837,-3.08088
0.000185699,-1.66131,-1.3929,-2.81754,906241543,0.245373,-1.19646,-3.08524,0.245373,-1.19456,-3.08524,0.184507,-1.19456,-3.08119,0.184507,-1.19646,-3.08119,0.245394,-1.19646,-3.08493,0.245394,-1.19456,-3.08493,0.184528,-1.19456,-3.08088,0.184528,-1.19646,-3.08088
0.000112309,-1.67727,-1.38979,2.56988,906241554,0.245373,-1.17549,-3.08524,0.245373,-1.17359,-3.08524,0.184507,-1.17359,-3.08119,0.184507,-1.17549,-3.08119,0.245394,-1.17549,-3.08493,0.245394,-1.17359,-3.08493,0.184528,-1.17359,-3.08088,0.184528,-1.17549,-3.08088
0.000250555,-1.67874,-1.3895,-11.5367,906241555,0.245373,-1.17359,-3.08524,0.245373,-1.17168,-3.08524,0.184507,-1.17168,-3.08119,0.184507,-1.17359,-3.08119,0.245394,-1.17359,-3.08493,0.245394,-1.17168,-3.08493,0.184528,-1.17168,-3.08088,0.184528,-1.17359,-3.08088
0.000748305,-1.6802,-1.38921,-6.51569,906241556,0.245373,-1.17168,-3.08524,0.245373,-1.16978,-3.08524,0.184507,-1.16978,-3.08119,0.184507,-1.17168,-3.08119,0.245394,-1.17168,-3.08493,0.245394,-1.16978,-3.08493,0.184528,-1.16978,-3.08088,0.184528,-1.17168,-3.08088
0.000130127,-1.6861,-1.38805,-6.22728,906241560,0.245373,-1.16406,-3.08524,0.245373,-1.16215,-3.08524,0.184507,-1.16215,-3.08119,0.184507,-1.16406,-3.08119,0.245394,-1.16406,-3.08493,0.245394,-1.16215,-3.08493,0.184528,-1.16215,-3.08088,0.184528,-1.16406,-3.08088
9.26179e-05,-1.67268,-1.28616,-8.59308,906241694,0.367373,-1.15262,-3.08524,0.367373,-1.15071,-3.08524,0.306507,-1.15071,-3.08119,0.306507,-1.15262,-3.08119,0.367394,-1.15262,-3.08493,0.367394,-1.15071,-3.08493,0.306528,-1.15071,-3.08088,0.306528,-1.15262,-3.08088
0.000200124,-1.71542,-1.7055,-2.03808,906245253,-0.123507,-1.13688,-3.08119,-0.123507,-1.13497,-3.08119,-0.184373,-1.13497,-3.08524,-0.184373,-1.13688,-3.08524,-0.123528,-1.13688,-3.08088,-0.123528,-1.13497,-3.08088,-0.184394,-1.13497,-3.08493,-0.184394,-1.13688,-3.08493
0.00058071,-1.72787,-1.70732,0.626049,906245261,-0.123507,-1.12162,-3.08119,-0.123507,-1.11972,-3.08119,-0.184373,-1.11972,-3.08524,-0.184373,-1.12162,-3.08524,-0.123528,-1.12162,-3.08088,-0.123528,-1.11972,-3.08088,-0.184394,-1.11972,-3.08493,-0.184394,-1.12162,-3.08493
0.000110305,-1.72832,-1.59906,-1.86503,906245384,-0.00150708,-1.13116,-3.08119,-0.00150708,-1.12925,-3.08119,-0.062373,-1.12925,-3.08524,-0.062373,-1.13116,-3.08524,-0.00152762,-1.13116,-3.08088,-0.00152762,-1.12925,-3.08088,-0.0623935,-1.12925,-3.08493,-0.0623935,-1.13116,-3.08493
0.000242109,-1.7299,-1.59911,-5.09334,906245385,-0.00150708,-1.12925,-3.08119,-0.00150708,-1.12734,-3.08119,-0.062373,-1.12734,-3.08524,-0.062373,-1.12925,-3.08524,-0.00152762,-1.12925,-3.08088,-0.00152762,-1.12734,-3.08088,-0.0623935,-1.12734,-3.08493,-0.0623935,-1.12925,-3.08493
0.000239527,-1.73149,-1.59915,-2.28153,906245386,-0.00150708,-1.12734,-3.08119,-0.00150708,-1.12544,-3.08119,-0.062373,-1.12544,-3.08524,-0.062373,-1.12734,-3.08524,-0.00152762,-1.12734,-3.08088,-0.00152762,-1.12544,-3.08088,-0.0623935,-1.12544,-3.08493,-0.0623935,-1.12734,-3.08493
0.000200014,-1.73308,-1.5992,-7.07194,906245387,-0.00150708,-1.12544,-3.08119,-0.00150708,-1.12353,-3.08119,-0.062373,-1.12353,-3.08524,-0.062373,-1.12544,-3.08524,-0.00152762,-1.12544,-3.08088,-0.00152762,-1.12353,-3.08088,-0.0623935,-1.12353,-3.08493,-0.0623935,-1.12544,-3.08493
0.000180515,-1.73627,-1.5993,1.80456,906245389,-0.00150708,-1.12162,-3.08119,-0.00150708,-1.11972,-3.08119,-0.062373,-1.11972,-3.08524,-0.062373,-1.12162,-3.08524,-0.00152762,-1.12162,-3.08088,-0.00152762,-1.11972,-3.08088,-0.0623935,-1.11972,-3.08493,-0.0623935,-1.12162,-3.08493
0.000209187,-1.73786,-1.59935,-2.50748,906245390,-0.00150708,-1.11972,-3.08119,-0.00150708,-1.11781,-3.08119,-0.062373,-1.11781,-3.08524,-0.062373,-1.11972,-3.08524,-0.00152762,-1.11972,-3.08088,-0.00152762,-1.11781,-3.08088,-0.0623935,-1.11781,-3.08493,-0.0623935,-1.11972,-3.08493
0.000119514,-1.73947,-1.5994,2.93417,906245391,-0.00150708,-1.11781,-3.08119,-0.00150708,-1.11591,-3.08119,-0.062373,-1.11591,-3.08524,-0.062373,-1.11781,-3.08524,-0.00152762,-1.11781,-3.08088,-0.00152762,-1.11591,-3.08088,-0.0623935,-1.11591,-3.08493,-0.0623935,-1.11781,-3.08493
0.000171904,-1.75729,-1.59994,-1.48986,906245402,-0.00150708,-1.09684,-3.08119,-0.00150708,-1.09494,-3.08119,-0.062373,-1.09494,-3.08524,-0.062373,-1.09684,-3.08524,-0.00152762,-1.09684,-3.08088,-0.00152762,-1.09494,-3.08088,-0.0623935,-1.09494,-3.08493,-0.0623935,-1.09684,-3.08493
0.000162893,-1.76057,-1.60004,-6.74141,906245404,-0.00150708,-1.09303,-3.08119,-0.00150708,-1.09112,-3.08119,-0.062373,-1.09112,-3.08524,-0.062373,-1.09303,-3.08524,-0.00152762,-1.09303,-3.08088,-0.00152762,-1.09112,-3.08088,-0.0623935,-1.09112,-3.08493,-0.0623935,-1.09303,-3.08493
0.000629683,-1.72044,-1.54277,-11.5367,906245443,0.062373,-1.14069,-3.08524,0.062373,-1.13878,-3.08524,0.00150708,-1.13878,-3.08119,0.00150708,-1.14069,-3.08119,0.0623935,-1.14069,-3.08493,0.0623935,-1.13878,-3.08493,0.00152762,-1.13878,-3.08088,0.00152762,-1.14069,-3.08088
0.000152525,-1.72674,-1.54258,0.553819,906245447,0.062373,-1.13306,-3.08524,0.062373,-1.13116,-3.08524,0.00150708,-1.13116,-3.08119,0.00150708,-1.13306,-3.08119,0.0623935,-1.13306,-3.08493,0.0623935,-1.13116,-3.08493,0.00152762,-1.13116,-3.08088,0.00152762,-1.13306,-3.08088
0.000364535,-1.73149,-1.54244,-0.534054,906245450,0.062373,-1.12734,-3.08524,0.062373,-1.12544,-3.08524,0.00150708,-1.12544,-3.08119,0.00150708,-1.12734,-3.08119,0.0623935,-1.12734,-3.08493,0.0623935,-1.12544,-3.08493,0.00152762,-1.12544,-3.08088,0.00152762,-1.12734,-3.08088
0.000533051,-1.73308,-1.54239,-4.28102,906245451,0.062373,-1.12544,-3.08524,0.062373,-1.12353,-3.08524,0.00150708,-1.12353,-3.08119,0.00150708,-1.12544,-3.08119,0.0623935,-1.12544,-3.08493,0.0623935,-1.12353,-3.08493,0.00152762,-1.12353,-3.08088,0.00152762,-1.12544,-3.08088
0.000590496,-1.73467,-1.54234,-6.97571,906245452,0.062373,-1.12353,-3.08524,0.062373,-1.12162,-3.08524,0.00150708,-1.12162,-3.08119,0.00150708,-1.12353,-3.08119,0.0623935,-1.12353,-3.08493,0.0623935,-1.12162,-3.08493,0.00152762,-1.12162,-3.08088,0.00152762,-1.12353,-3.08088
0.000113194,-1.73947,-1.5422,2.56988,906245455,0.062373,-1.11781,-3.08524,0.062373,-1.11591,-3.08524,0.00150708,-1.11591,-3.08119,0.00150708,-1.11781,-3.08119,0.0623935,-1.11781,-3.08493,0.0623935,-1.11591,-3.08493,0.00152762,-1.11591,-3.08088,0.00152762,-1.11781,-3.08088
0.000579469,-1.74107,-1.54215,-12.5665,906245456,0.062373,-1.11591,-3.08524,0.062373,-1.114,-3.08524,0.00150708,-1.114,-3.08119,0.00150708,-1.11591,-3.08119,0.0623935,-1.11591,-3.08493,0.0623935,-1.114,-3.08493,0.00152762,-1.114,-3.08088,0.00152762,-1.11591,-3.08088
0.000154972,-1.75077,-1.54185,4.71846,906245462,0.062373,-1.10447,-3.08524,0.062373,-1.10256,-3.08524,0.00150708,-1.10256,-3.08119,0.00150708,-1.10447,-3.08119,0.0623935,-1.10447,-3.08493,0.0623935,-1.10256,-3.08493,0.00152762,-1.10256,-3.08088,0.00152762,-1.10447,-3.08088
0.00029491,-1.76387,-1.54145,-5.51494,906245470,0.062373,-1.08922,-3.08524,0.062373,-1.08731,-3.08524,0.00150708,-1.08731,-3.08119,0.00150708,-1.08922,-3.08119,0.0623935,-1.08922,-3.08493,0.0623935,-1.08731,-3.08493,0.00152762,-1.08731,-3.08088,0.00152762,-1.08922,-3.08088
0.000374365,-1.76552,-1.54139,-6.11248,906245471,0.062373,-1.08731,-3.08524,0.062373,-1.08541,-3.08524,0.00150708,-1.08541,-3.08119,0.00150708,-1.08731,-3.08119,0.0623935,-1.08731,-3.08493,0.0623935,-1.08541,-3.08493,0.00152762,-1.08541,-3.08088,0.00152762,-1.08731,-3.08088
0.00030179,-1.76717,-1.54134,-0.469702,906245472,0.062373,-1.08541,-3.08524,0.062373,-1.0835,-3.08524,0.00150708,-1.0835,-3.08119,0.00150708,-1.08541,-3.08119,0.0623935,-1.08541,-3.08493,0.0623935,-1.0835,-3.08493,0.00152762,-1.0835,-3.08088,0.00152762,-1.08541,-3.08088
9.45272e-05,-1.72082,-1.48915,-5.31766,906245509,0.123373,-1.13688,-3.08524,0.123373,-1.13497,-3.08524,0.0625071,-1.13497,-3.08119,0.0625071,-1.13688,-3.08119,0.123394,-1.13688,-3.08493,0.123394,-1.13497,-3.08493,0.0625276,-1.13497,-3.08088,0.0625276,-1.13688,-3.08088
0.000148164,-1.72239,-1.48901,-4.53777,906245510,0.123373,-1.13497,-3.08524,0.123373,-1.13306,-3.08524,0.0625071,-1.13306,-3.08119,0.0625071,-1.13497,-3.08119,0.123394,-1.13497,-3.08493,0.123394,-1.13306,-3.08493,0.0625276,-1.13306,-3.08088,0.0625276,-1.13497,-3.08088
0.000240092,-1.73026,-1.48832,-1.86503,906245515,0.123373,-1.12544,-3.08524,0.123373,-1.12353,-3.08524,0.0625071,-1.12353,-3.08119,0.0625071,-1.12544,-3.08119,0.123394,-1.12544,-3.08493,0.123394,-1.12353,-3.08493,0.0625276,-1.12353,-3.08088,0.0625276,-1.12544,-3.08088
0.000151384,-1.7414,-1.48734,-11.1031,906245522,0.123373,-1.11209,-3.08524,0.123373,-1.11019,-3.08524,0.0625071,-1.11019,-3.08119,0.0625071,-1.11209,-3.08119,0.123394,-1.11209,-3.08493,0.123394,-1.11019,-3.08493,0.0625276,-1.11019,-3.08088,0.0625276,-1.11209,-3.08088
0.000114617,-1.75107,-1.48647,5.76276,906245528,0.123373,-1.10066,-3.08524,0.123373,-1.09875,-3.08524,0.0625071,-1.09875,-3.08119,0.0625071,-1.10066,-3.08119,0.123394,-1.10066,-3.08493,0.123394,-1.09875,-3.08493,0.0625276,-1.09875,-3.08088,0.0625276,-1.10066,-3.08088
0.00023683,-1.74209,-1.43218,-5.31766,906245590,0.184373,-1.10447,-3.08524,0.184373,-1.10256,-3.08524,0.123507,-1.10256,-3.08119,0.123507,-1.10447,-3.08119,0.184394,-1.10447,-3.08493,0.184394,-1.10256,-3.08493,0.123528,-1.10256,-3.08088,0.123528,-1.10447,-3.08088
0.000248387,-1.75171,-1.43075,-14.2024,906245596,0.184373,-1.09303,-3.08524,0.184373,-1.09112,-3.08524,0.123507,-1.09112,-3.08119,0.123507,-1.09303,-3.08119,0.184394,-1.09303,-3.08493,0.184394,-1.09112,-3.08493,0.123528,-1.09112,-3.08088,0.123528,-1.09303,-3.08088
0.000423328,-1.73678,-1.37777,-1.94482,906245656,0.245373,-1.10066,-3.08524,0.245373,-1.09875,-3.08524,0.184507,-1.09875,-3.08119,0.184507,-1.10066,-3.08119,0.245394,-1.10066,-3.08493,0.245394,-1.09875,-3.08493,0.184528,-1.09875,-3.08088,0.184528,-1.10066,-3.08088
0.000339515,-1.74625,-1.37579,-5.15225,906245662,0.245373,-1.08922,-3.08524,0.245373,-1.08731,-3.08524,0.184507,-1.08731,-3.08119,0.184507,-1.08922,-3.08119,0.245394,-1.08922,-3.08493,0.245394,-1.08731,-3.08493,0.184528,-1.08731,-3.08088,0.184528,-1.08922,-3.08088
0.000703253,-1.74783,-1.37546,-4.53777,906245663,0.245373,-1.08731,-3.08524,0.245373,-1.08541,-3.08524,0.184507,-1.08541,-3.08119,0.184507,-1.08731,-3.08119,0.245394,-1.08731,-3.08493,0.245394,-1.08541,-3.08493,0.184528,-1.08541,-3.08088,0.184528,-1.08731,-3.08088
0.00033594,-1.69119,-1.33401,4.83539,906245697,0.306373,-1.1445,-3.08524,0.306373,-1.14259,-3.08524,0.245507,-1.14259,-3.08119,0.245507,-1.1445,-3.08119,0.306394,-1.1445,-3.08493,0.306394,-1.14259,-3.08493,0.245528,-1.14259,-3.08088,0.245528,-1.1445,-3.08088
0.00015117,-1.70604,-1.33015,-3.26945,906245707,0.306373,-1.12544,-3.08524,0.306373,-1.12353,-3.08524,0.245507,-1.12353,-3.08119,0.245507,-1.12544,-3.08119,0.306394,-1.12544,-3.08493,0.306394,-1.12353,-3.08493,0.245528,-1.12353,-3.08088,0.245528,-1.12544,-3.08088
0.000254837,-1.71204,-1.32857,-6.22728,906245711,0.306373,-1.11781,-3.08524,0.306373,-1.11591,-3.08524,0.245507,-1.11591,-3.08119,0.245507,-1.11781,-3.08119,0.306394,-1.11781,-3.08493,0.306394,-1.11591,-3.08493,0.245528,-1.11591,-3.08088,0.245528,-1.11781,-3.08088
0.000196419,-1.71506,-1.32777,2.09753,906245713,0.306373,-1.114,-3.08524,0.306373,-1.11209,-3.08524,0.245507,-1.11209,-3.08119,0.245507,-1.114,-3.08119,0.306394,-1.114,-3.08493,0.306394,-1.11209,-3.08493,0.245528,-1.11209,-3.08088,0.245528,-1.114,-3.08088
0.000103609,-1.71658,-1.32737,-12.1515,906245714,0.306373,-1.11209,-3.08524,0.306373,-1.11019,-3.08524,0.245507,-1.11019,-3.08119,0.245507,-1.11209,-3.08119,0.306394,-1.11209,-3.08493,0.306394,-1.11019,-3.08493,0.245528,-1.11019,-3.08088,0.245528,-1.11209,-3.08088
0.000373668,-1.72571,-1.32494,-9.50014,906245720,0.306373,-1.10066,-3.08524,0.306373,-1.09875,-3.08524,0.245507,-1.09875,-3.08119,0.245507,-1.10066,-3.08119,0.306394,-1.10066,-3.08493,0.306394,-1.09875,-3.08493,0.245528,-1.09875,-3.08088,0.245528,-1.10066,-3.08088
0.000633711,-1.72724,-1.32453,-7.11589,906245721,0.306373,-1.09875,-3.08524,0.306373,-1.09684,-3.08524,0.245507,-1.09684,-3.08119,0.245507,-1.09875,-3.08119,0.306394,-1.09875,-3.08493,0.306394,-1.09684,-3.08493,0.245528,-1.09684,-3.08088,0.245528,-1.09875,-3.08088
0.000101097,-1.73032,-1.32371,-3.26945,906245723,0.306373,-1.09494,-3.08524,0.306373,-1.09303,-3.08524,0.245507,-1.09303,-3.08119,0.245507,-1.09494,-3.08119,0.306394,-1.09494,-3.08493,0.306394,-1.09303,-3.08493,0.245528,-1.09303,-3.08088,0.245528,-1.09494,-3.08088
0.00043665,-1.73494,-1.32246,-7.85857,906245726,0.306373,-1.08922,-3.08524,0.306373,-1.08731,-3.08524,0.245507,-1.08731,-3.08119,0.245507,-1.08922,-3.08119,0.306394,-1.08922,-3.08493,0.306394,-1.08731,-3.08493,0.245528,-1.08731,-3.08088,0.245528,-1.08922,-3.08088
0.000350183,-1.69027,-1.28059,0.324334,906245769,0.367373,-1.12925,-3.08524,0.367373,-1.12734,-3.08524,0.306507,-1.12734,-3.08119,0.306507,-1.12925,-3.08119,0.367394,-1.12925,-3.08493,0.367394,-1.12734,-3.08493,0.306528,-1.12734,-3.08088,0.306528,-1.12925,-3.08088
9.37431e-05,-1.69172,-1.28013,-8.59308,906245770,0.367373,-1.12734,-3.08524,0.367373,-1.12544,-3.08524,0.306507,-1.12544,-3.08119,0.306507,-1.12734,-3.08119,0.367394,-1.12734,-3.08493,0.367394,-1.12544,-3.08493,0.306528,-1.12544,-3.08088,0.306528,-1.12734,-3.08088
0.000281285,-1.69317,-1.27966,-8.59308,906245771,0.367373,-1.12544,-3.08524,0.367373,-1.12353,-3.08524,0.306507,-1.12353,-3.08119,0.306507,-1.12544,-3.08119,0.367394,-1.12544,-3.08493,0.367394,-1.12353,-3.08493,0.306528,-1.12353,-3.08088,0.306528,-1.12544,-3.08088
0.000283226,-1.69463,-1.2792,-3.86153,906245772,0.367373,-1.12353,-3.08524,0.367373,-1.12162,-3.08524,0.306507,-1.12162,-3.08119,0.306507,-1.12353,-3.08119,0.367394,-1.12353,-3.08493,0.367394,-1.12162,-3.08493,0.306528,-1.12162,-3.08088,0.306528,-1.12353,-3.08088
0.000121571,-1.69608,-1.27873,-0.841013,906245773,0.367373,-1.12162,-3.08524,0.367373,-1.11972,-3.08524,0.306507,-1.11972,-3.08119,0.306507,-1.12162,-3.08119,0.367394,-1.12162,-3.08493,0.367394,-1.11972,-3.08493,0.306528,-1.11972,-3.08088,0.306528,-1.12162,-3.08088
0.000253997,-1.76719,-1.71318,-9.92562,906249348,-0.123507,-1.07488,-3.08119,-0.123507,-1.07298,-3.08119,-0.184373,-1.07298,-3.08524,-0.184373,-1.07488,-3.08524,-0.123528,-1.07488,-3.08088,-0.123528,-1.07298,-3.08088,-0.184394,-1.07298,-3.08493,-0.184394,-1.07488,-3.08493
0.000138585,-1.77136,-1.54121,-0.841013,906249537,0.062373,-1.0806,-3.08524,0.062373,-1.07869,-3.08524,0.00150708,-1.07869,-3.08119,0.00150708,-1.0806,-3.08119,0.0623935,-1.0806,-3.08493,0.0623935,-1.07869,-3.08493,0.00152762,-1.07869,-3.08088,0.00152762,-1.0806,-3.08088
0.000219254,-1.81054,-1.53996,-11.5367,906249560,0.062373,-1.03676,-3.08524,0.062373,-1.03485,-3.08524,0.00150708,-1.03485,-3.08119,0.00150708,-1.03676,-3.08119,0.0623935,-1.03676,-3.08493,0.0623935,-1.03485,-3.08493,0.00152762,-1.03485,-3.08088,0.00152762,-1.03676,-3.08088
0.000766189,-1.81228,-1.5399,-5.51494,906249561,0.062373,-1.03485,-3.08524,0.062373,-1.03294,-3.08524,0.00150708,-1.03294,-3.08119,0.00150708,-1.03485,-3.08119,0.0623935,-1.03485,-3.08493,0.0623935,-1.03294,-3.08493,0.00152762,-1.03294,-3.08088,0.00152762,-1.03485,-3.08088
9.94204e-05,-1.80719,-1.4813,-12.1515,906249624,0.123373,-1.03676,-3.08524,0.123373,-1.03485,-3.08524,0.0625071,-1.03485,-3.08119,0.0625071,-1.03676,-3.08119,0.123394,-1.03676,-3.08493,0.123394,-1.03485,-3.08493,0.0625276,-1.03485,-3.08088,0.0625276,-1.03676,-3.08088
0.000213638,-1.79047,-1.42484,-1.86503,906249682,0.184373,-1.04819,-3.08524,0.184373,-1.04629,-3.08524,0.123507,-1.04629,-3.08119,0.123507,-1.04819,-3.08119,0.184394,-1.04819,-3.08493,0.184394,-1.04629,-3.08493,0.123528,-1.04629,-3.08088,0.123528,-1.04819,-3.08088
0.000218057,-1.79215,-1.42457,-0.37121,906249683,0.184373,-1.04629,-3.08524,0.184373,-1.04438,-3.08524,0.123507,-1.04438,-3.08119,0.123507,-1.04629,-3.08119,0.184394,-1.04629,-3.08493,0.184394,-1.04438,-3.08493,0.123528,-1.04438,-3.08088,0.123528,-1.04629,-3.08088
0.000572596,-1.79384,-1.42431,-0.659728,906249684,0.184373,-1.04438,-3.08524,0.184373,-1.04247,-3.08524,0.123507,-1.04247,-3.08119,0.123507,-1.04438,-3.08119,0.184394,-1.04438,-3.08493,0.184394,-1.04247,-3.08493,0.123528,-1.04247,-3.08088,0.123528,-1.04438,-3.08088
0.000126892,-1.75407,-1.25951,-11.1031,906249874,0.367373,-1.04819,-3.08524,0.367373,-1.04629,-3.08524,0.306507,-1.04629,-3.08119,0.306507,-1.04819,-3.08119,0.367394,-1.04819,-3.08493,0.367394,-1.04629,-3.08493,0.306528,-1.04629,-3.08088,0.306528,-1.04819,-3.08088
0.000172354,-1.74446,-1.2046,4.86875,906249943,0.428373,-1.03866,-3.08524,0.428373,-1.03676,-3.08524,0.367507,-1.03676,-3.08119,0.367507,-1.03866,-3.08119,0.428394,-1.03866,-3.08493,0.428394,-1.03676,-3.08493,0.367528,-1.03676,-3.08088,0.367528,-1.03866,-3.08088
6.41067e-05,-1.8286,-1.60223,-8.59308,906253569,-0.00150708,-1.0172,-3.08119,-0.00150708,-1.01529,-3.08119,-0.062373,-1.01529,-3.08524,-0.062373,-1.0172,-3.08524,-0.00152762,-1.0172,-3.08088,-0.00152762,-1.01529,-3.08088,-0.0623935,-1.01529,-3.08493,-0.0623935,-1.0172,-3.08493
0.000297793,-1.82512,-1.47959,-8.59308,906253697,0.123373,-1.0172,-3.08524,0.123373,-1.01529,-3.08524,0.0625071,-1.01529,-3.08119,0.0625071,-1.0172,-3.08119,0.123394,-1.0172,-3.08493,0.123394,-1.01529,-3.08493,0.0625276,-1.01529,-3.08088,0.0625276,-1.0172,-3.08088
0.00020943,-1.82723,-1.35809,-1.86503,906253836,0.245373,-0.996231,-3.08524,0.245373,-0.994325,-3.08524,0.184507,-0.994325,-3.08119,0.184507,-0.996231,-3.08119,0.245394,-0.996231,-3.08493,0.245394,-0.994325,-3.08493,0.184528,-0.994325,-3.08088,0.184528,-0.996231,-3.08088
0.000503174,-1.93907,-1.67361,-2.54081,906257628,-0.0625071,-0.901831,-3.08119,-0.0625071,-0.899925,-3.08119,-0.123373,-0.899925,-3.08524,-0.123373,-0.901831,-3.08524,-0.0625276,-0.901831,-3.08088,-0.0625276,-0.899925,-3.08088,-0.123394,-0.899925,-3.08493,-0.123394,-0.901831,-3.08493
0.000464786,-1.92746,-1.60566,-8.59308,906257684,-0.00150708,-0.917081,-3.08119,-0.00150708,-0.915175,-3.08119,-0.062373,-0.915175,-3.08524,-0.062373,-0.917081,-3.08524,-0.00152762,-0.917081,-3.08088,-0.00152762,-0.915175,-3.08088,-0.0623935,-0.915175,-3.08493,-0.0623935,-0.917081,-3.08493
0.00024367,-1.92946,-1.60573,-0.469702,906257685,-0.00150708,-0.915175,-3.08119,-0.00150708,-0.913269,-3.08119,-0.062373,-0.913269,-3.08524,-0.062373,-0.915175,-3.08524,-0.00152762,-0.915175,-3.08088,-0.00152762,-0.913269,-3.08088,-0.0623935,-0.913269,-3.08493,-0.0623935,-0.915175,-3.08493
0.000547701,-1.93146,-1.6058,-1.71366,906257686,-0.00150708,-0.913269,-3.08119,-0.00150708,-0.911362,-3.08119,-0.062373,-0.911362,-3.08524,-0.062373,-0.913269,-3.08524,-0.00152762,-0.913269,-3.08088,-0.00152762,-0.911362,-3.08088,-0.0623935,-0.911362,-3.08493,-0.0623935,-0.913269,-3.08493
0.000142729,-1.93547,-1.60595,-22.988,906257688,-0.00150708,-0.909456,-3.08119,-0.00150708,-0.90755,-3.08119,-0.062373,-0.90755,-3.08524,-0.062373,-0.909456,-3.08524,-0.00152762,-0.909456,-3.08088,-0.00152762,-0.90755,-3.08088,-0.0623935,-0.90755,-3.08493,-0.0623935,-0.909456,-3.08493
0.000207019,-1.94354,-1.60625,-17.1715,906257692,-0.00150708,-0.901831,-3.08119,-0.00150708,-0.899925,-3.08119,-0.062373,-0.899925,-3.08524,-0.062373,-0.901831,-3.08524,-0.00152762,-0.901831,-3.08088,-0.00152762,-0.899925,-3.08088,-0.0623935,-0.899925,-3.08493,-0.0623935,-0.901831,-3.08493
0.000121291,-1.95129,-1.81356,4.50739,906261580,-0.184507,-0.868931,-3.08119,-0.184507,-0.867025,-3.08119,-0.245373,-0.867025,-3.08524,-0.245373,-0.868931,-3.08524,-0.184528,-0.868931,-3.08088,-0.184528,-0.867025,-3.08088,-0.245394,-0.867025,-3.08493,-0.245394,-0.868931,-3.08493
0.000260155,-1.94276,-1.74228,-0.841013,906261633,-0.123507,-0.8899,-3.08119,-0.123507,-0.887994,-3.08119,-0.184373,-0.887994,-3.08524,-0.184373,-0.8899,-3.08524,-0.123528,-0.8899,-3.08088,-0.123528,-0.887994,-3.08088,-0.184394,-0.887994,-3.08493,-0.184394,-0.8899,-3.08493
0.000426413,-1.94476,-1.74264,-7.07194,906261634,-0.123507,-0.887994,-3.08119,-0.123507,-0.886087,-3.08119,-0.184373,-0.886087,-3.08524,-0.184373,-0.887994,-3.08524,-0.123528,-0.887994,-3.08088,-0.123528,-0.886087,-3.08088,-0.184394,-0.886087,-3.08493,-0.184394,-0.887994,-3.08493
0.000742138,-1.94677,-1.743,-5.31766,906261635,-0.123507,-0.886087,-3.08119,-0.123507,-0.884181,-3.08119,-0.184373,-0.884181,-3.08524,-0.184373,-0.886087,-3.08524,-0.123528,-0.886087,-3.08088,-0.123528,-0.884181,-3.08088,-0.184394,-0.884181,-3.08493,-0.184394,-0.886087,-3.08493
0.000128123,-1.94878,-1.74337,-11.5367,906261636,-0.123507,-0.884181,-3.08119,-0.123507,-0.882275,-3.08119,-0.184373,-0.882275,-3.08524,-0.184373,-0.884181,-3.08524,-0.123528,-0.884181,-3.08088,-0.123528,-0.882275,-3.08088,-0.184394,-0.882275,-3.08493,-0.184394,-0.884181,-3.08493
0.000195244,-1.95079,-1.74373,-0.841013,906261637,-0.123507,-0.882275,-3.08119,-0.123507,-0.880369,-3.08119,-0.184373,-0.880369,-3.08524,-0.184373,-0.882275,-3.08524,-0.123528,-0.882275,-3.08088,-0.123528,-0.880369,-3.08088,-0.184394,-0.880369,-3.08493,-0.184394,-0.882275,-3.08493
0.000100751,-1.99201,-1.75139,-8.59308,906261657,-0.123507,-0.84415,-3.08119,-0.123507,-0.842244,-3.08119,-0.184373,-0.842244,-3.08524,-0.184373,-0.84415,-3.08524,-0.123528,-0.84415,-3.08088,-0.123528,-0.842244,-3.08088,-0.184394,-0.842244,-3.08493,-0.184394,-0.84415,-3.08493
0.000236284,-1.99836,-1.75259,-1.86503,906261660,-0.123507,-0.838431,-3.08119,-0.123507,-0.836525,-3.08119,-0.184373,-0.836525,-3.08524,-0.184373,-0.838431,-3.08524,-0.123528,-0.838431,-3.08088,-0.123528,-0.836525,-3.08088,-0.184394,-0.836525,-3.08493,-0.184394,-0.838431,-3.08493
0.000337134,-2.00048,-1.753,-3.5333,906261661,-0.123507,-0.836525,-3.08119,-0.123507,-0.834619,-3.08119,-0.184373,-0.834619,-3.08524,-0.184373,-0.836525,-3.08524,-0.123528,-0.836525,-3.08088,-0.123528,-0.834619,-3.08088,-0.184394,-0.834619,-3.08493,-0.184394,-0.836525,-3.08493
0.000417917,-2.00475,-1.75382,-4.37014,906261663,-0.123507,-0.832712,-3.08119,-0.123507,-0.830806,-3.08119,-0.184373,-0.830806,-3.08524,-0.184373,-0.832712,-3.08524,-0.123528,-0.832712,-3.08088,-0.123528,-0.830806,-3.08088,-0.184394,-0.830806,-3.08493,-0.184394,-0.832712,-3.08493
0.000184568,-1.95377,-1.6752,-22.988,906261698,-0.0625071,-0.887994,-3.08119,-0.0625071,-0.886087,-3.08119,-0.123373,-0.886087,-3.08524,-0.123373,-0.887994,-3.08524,-0.0625276,-0.887994,-3.08088,-0.0625276,-0.886087,-3.08088,-0.123394,-0.886087,-3.08493,-0.123394,-0.887994,-3.08493
0.000386229,-1.95581,-1.67543,-7.70559,906261699,-0.0625071,-0.886087,-3.08119,-0.0625071,-0.884181,-3.08119,-0.123373,-0.884181,-3.08524,-0.123373,-0.886087,-3.08524,-0.0625276,-0.886087,-3.08088,-0.0625276,-0.884181,-3.08088,-0.123394,-0.884181,-3.08493,-0.123394,-0.886087,-3.08493
0.000272101,-2.01283,-1.68183,2.2029,906261726,-0.0625071,-0.834619,-3.08119,-0.0625071,-0.832712,-3.08119,-0.123373,-0.832712,-3.08524,-0.123373,-0.834619,-3.08524,-0.0625276,-0.834619,-3.08088,-0.0625276,-0.832712,-3.08088,-0.123394,-0.832712,-3.08493,-0.123394,-0.834619,-3.08493
0.000173148,-1.98349,-1.60775,-1.48986,906261774,-0.00150708,-0.865119,-3.08119,-0.00150708,-0.863213,-3.08119,-0.062373,-0.863213,-3.08524,-0.062373,-0.865119,-3.08524,-0.00152762,-0.865119,-3.08088,-0.00152762,-0.863213,-3.08088,-0.0623935,-0.863213,-3.08493,-0.0623935,-0.865119,-3.08493
0.000339143,-1.95839,-1.53479,-16.9605,906261826,0.062373,-0.887994,-3.08524,0.062373,-0.886087,-3.08524,0.00150708,-0.886087,-3.08119,0.00150708,-0.887994,-3.08119,0.0623935,-0.887994,-3.08493,0.0623935,-0.886087,-3.08493,0.00152762,-0.886087,-3.08088,0.00152762,-0.887994,-3.08088
0.000326744,-1.97715,-1.53408,-7.00089,906261835,0.062373,-0.870837,-3.08524,0.062373,-0.868931,-3.08524,0.00150708,-0.868931,-3.08119,0.00150708,-0.870837,-3.08119,0.0623935,-0.870837,-3.08493,0.0623935,-0.868931,-3.08493,0.00152762,-0.868931,-3.08088,0.00152762,-0.870837,-3.08088
9.07712e-05,-1.98349,-1.53384,-5.84584,906261838,0.062373,-0.865119,-3.08524,0.062373,-0.863213,-3.08524,0.00150708,-0.863213,-3.08119,0.00150708,-0.865119,-3.08119,0.0623935,-0.865119,-3.08493,0.0623935,-0.863213,-3.08493,0.00152762,-0.863213,-3.08088,0.00152762,-0.865119,-3.08088
0.000138894,-1.95581,-1.46617,0.553819,906261891,0.123373,-0.886087,-3.08524,0.123373,-0.884181,-3.08524,0.0625071,-0.884181,-3.08119,0.0625071,-0.886087,-3.08119,0.123394,-0.886087,-3.08493,0.123394,-0.884181,-3.08493,0.0625276,-0.884181,-3.08088,0.0625276,-0.886087,-3.08088
0.000123518,-1.9661,-1.46504,-2.64931,906261896,0.123373,-0.876556,-3.08524,0.123373,-0.87465,-3.08524,0.0625071,-0.87465,-3.08119,0.0625071,-0.876556,-3.08119,0.123394,-0.876556,-3.08493,0.123394,-0.87465,-3.08493,0.0625276,-0.87465,-3.08088,0.0625276,-0.876556,-3.08088
0.000100785,-1.94476,-1.39895,-12.1515,906261954,0.184373,-0.887994,-3.08524,0.184373,-0.886087,-3.08524,0.123507,-0.886087,-3.08119,0.123507,-0.887994,-3.08119,0.184394,-0.887994,-3.08493,0.184394,-0.886087,-3.08493,0.123528,-0.886087,-3.08088,0.123528,-0.887994,-3.08088
0.00076297,-1.94677,-1.39859,-6.28079,906261955,0.184373,-0.886087,-3.08524,0.184373,-0.884181,-3.08524,0.123507,-0.884181,-3.08119,0.123507,-0.886087,-3.08119,0.184394,-0.886087,-3.08493,0.184394,-0.884181,-3.08493,0.123528,-0.884181,-3.08088,0.123528,-0.886087,-3.08088
0.000394269,-1.94878,-1.39823,-16.9605,906261956,0.184373,-0.884181,-3.08524,0.184373,-0.882275,-3.08524,0.123507,-0.882275,-3.08119,0.123507,-0.884181,-3.08119,0.184394,-0.884181,-3.08493,0.184394,-0.882275,-3.08493,0.123528,-0.882275,-3.08088,0.123528,-0.884181,-3.08088
0.000292765,-1.95079,-1.39786,-7.54129,906261957,0.184373,-0.882275,-3.08524,0.184373,-0.880369,-3.08524,0.123507,-0.880369,-3.08119,0.123507,-0.882275,-3.08119,0.184394,-0.882275,-3.08493,0.184394,-0.880369,-3.08493,0.123528,-0.880369,-3.08088,0.123528,-0.882275,-3.08088
0.000481741,-1.95281,-1.39749,-23.8519,906261958,0.184373,-0.880369,-3.08524,0.184373,-0.878462,-3.08524,0.123507,-0.878462,-3.08119,0.123507,-0.880369,-3.08119,0.184394,-0.880369,-3.08493,0.184394,-0.878462,-3.08493,0.123528,-0.878462,-3.08088,0.123528,-0.880369,-3.08088
0.000534713,-1.95483,-1.39712,-11.1991,906261959,0.184373,-0.878463,-3.08524,0.184373,-0.876556,-3.08524,0.123507,-0.876556,-3.08119,0.123507,-0.878463,-3.08119,0.184394,-0.878463,-3.08493,0.184394,-0.876556,-3.08493,0.123528,-0.876556,-3.08088,0.123528,-0.878463,-3.08088
0.000790203,-1.95686,-1.39675,-9.8596,906261960,0.184373,-0.876556,-3.08524,0.184373,-0.87465,-3.08524,0.123507,-0.87465,-3.08119,0.123507,-0.876556,-3.08119,0.184394,-0.876556,-3.08493,0.184394,-0.87465,-3.08493,0.123528,-0.87465,-3.08088,0.123528,-0.876556,-3.08088
0.000239349,-1.96093,-1.39601,-11.5367,906261962,0.184373,-0.872744,-3.08524,0.184373,-0.870837,-3.08524,0.123507,-0.870837,-3.08119,0.123507,-0.872744,-3.08119,0.184394,-0.872744,-3.08493,0.184394,-0.870837,-3.08493,0.123528,-0.870837,-3.08088,0.123528,-0.872744,-3.08088
0.00010806,-1.96297,-1.39563,-16.0442,906261963,0.184373,-0.870837,-3.08524,0.184373,-0.868931,-3.08524,0.123507,-0.868931,-3.08119,0.123507,-0.870837,-3.08119,0.184394,-0.870837,-3.08493,0.184394,-0.868931,-3.08493,0.123528,-0.868931,-3.08088,0.123528,-0.870837,-3.08088
0.000339805,-1.97117,-1.39412,-4.53777,906261967,0.184373,-0.863213,-3.08524,0.184373,-0.861306,-3.08524,0.123507,-0.861306,-3.08119,0.123507,-0.863213,-3.08119,0.184394,-0.863213,-3.08493,0.184394,-0.861306,-3.08493,0.123528,-0.861306,-3.08088,0.123528,-0.863213,-3.08088
0.000199405,-1.97324,-1.39373,-7.07194,906261968,0.184373,-0.861306,-3.08524,0.184373,-0.8594,-3.08524,0.123507,-0.8594,-3.08119,0.123507,-0.861306,-3.08119,0.184394,-0.861306,-3.08493,0.184394,-0.8594,-3.08493,0.123528,-0.8594,-3.08088,0.123528,-0.861306,-3.08088
0.00021146,-1.97587,-2.04492,-2.03808,906265499,-0.367507,-0.776438,-3.08119,-0.367507,-0.774531,-3.08119,-0.428373,-0.774531,-3.08524,-0.428373,-0.776438,-3.08524,-0.367528,-0.776438,-3.08088,-0.367528,-0.774531,-3.08088,-0.428394,-0.774531,-3.08493,-0.428394,-0.776438,-3.08493
0.000225614,-1.98775,-1.89708,-19.3415,906265606,-0.245507,-0.816469,-3.08119,-0.245507,-0.814562,-3.08119,-0.306373,-0.814562,-3.08524,-0.306373,-0.816469,-3.08524,-0.245528,-0.816469,-3.08088,-0.245528,-0.814562,-3.08088,-0.306394,-0.814562,-3.08493,-0.306394,-0.816469,-3.08493
0.000160937,-2.01436,-1.90656,-13.7756,906265619,-0.245507,-0.791688,-3.08119,-0.245507,-0.789781,-3.08119,-0.306373,-0.789781,-3.08524,-0.306373,-0.791688,-3.08524,-0.245528,-0.791688,-3.08088,-0.245528,-0.789781,-3.08088,-0.306394,-0.789781,-3.08493,-0.306394,-0.791688,-3.08493
0.000446446,-2.01852,-1.90807,-12.1515,906265621,-0.245507,-0.787875,-3.08119,-0.245507,-0.785969,-3.08119,-0.306373,-0.785969,-3.08524,-0.306373,-0.787875,-3.08524,-0.245528,-0.787875,-3.08088,-0.245528,-0.785969,-3.08088,-0.306394,-0.785969,-3.08493,-0.306394,-0.787875,-3.08493
0.000210254,-2.02679,-1.8338,0.553819,906265679,-0.184507,-0.799313,-3.08119,-0.184507,-0.797406,-3.08119,-0.245373,-0.797406,-3.08524,-0.245373,-0.799313,-3.08524,-0.184528,-0.799313,-3.08088,-0.184528,-0.797406,-3.08088,-0.245394,-0.797406,-3.08493,-0.245394,-0.799313,-3.08493
0.00011969,-2.05294,-1.84119,4.50739,906265691,-0.184507,-0.776438,-3.08119,-0.184507,-0.774531,-3.08119,-0.245373,-0.774531,-3.08524,-0.245373,-0.776438,-3.08524,-0.184528,-0.776438,-3.08088,-0.184528,-0.774531,-3.08088,-0.245394,-0.774531,-3.08493,-0.245394,-0.776438,-3.08493
0.000211552,-2.07006,-1.76677,2.35002,906265755,-0.123507,-0.776438,-3.08119,-0.123507,-0.774531,-3.08119,-0.184373,-0.774531,-3.08524,-0.184373,-0.776438,-3.08524,-0.123528,-0.776438,-3.08088,-0.123528,-0.774531,-3.08088,-0.184394,-0.774531,-3.08493,-0.184394,-0.776438,-3.08493
0.000425707,-2.06327,-1.68781,-8.59308,906265811,-0.0625071,-0.791688,-3.08119,-0.0625071,-0.789781,-3.08119,-0.123373,-0.789781,-3.08524,-0.123373,-0.791688,-3.08524,-0.0625276,-0.791688,-3.08088,-0.0625276,-0.789781,-3.08088,-0.123394,-0.789781,-3.08493,-0.123394,-0.791688,-3.08493
0.000543149,-2.06558,-1.68809,-5.02349,906265812,-0.0625071,-0.789781,-3.08119,-0.0625071,-0.787875,-3.08119,-0.123373,-0.787875,-3.08524,-0.123373,-0.789781,-3.08524,-0.0625276,-0.789781,-3.08088,-0.0625276,-0.787875,-3.08088,-0.123394,-0.787875,-3.08493,-0.123394,-0.789781,-3.08493
0.000111103,-2.0702,-1.68865,-8.59308,906265814,-0.0625071,-0.785969,-3.08119,-0.0625071,-0.784062,-3.08119,-0.123373,-0.784062,-3.08524,-0.123373,-0.785969,-3.08524,-0.0625276,-0.785969,-3.08088,-0.0625276,-0.784062,-3.08088,-0.123394,-0.784062,-3.08493,-0.123394,-0.785969,-3.08493
0.000229296,-2.05525,-1.61061,0.895899,906265869,-0.00150708,-0.803125,-3.08119,-0.00150708,-0.801219,-3.08119,-0.062373,-0.801219,-3.08524,-0.062373,-0.803125,-3.08524,-0.00152762,-0.803125,-3.08088,-0.00152762,-0.801219,-3.08088,-0.0623935,-0.801219,-3.08493,-0.0623935,-0.803125,-3.08493
0.000135314,-2.07586,-1.84784,1.46047,906269764,-0.184507,-0.756881,-3.08119,-0.184507,-0.754975,-3.08119,-0.245373,-0.754975,-3.08524,-0.245373,-0.756881,-3.08524,-0.184528,-0.756881,-3.08088,-0.184528,-0.754975,-3.08088,-0.245394,-0.754975,-3.08493,-0.245394,-0.756881,-3.08493
0.000206838,-2.12927,-1.86396,-5.60493,906269787,-0.184507,-0.713037,-3.08119,-0.184507,-0.711131,-3.08119,-0.245373,-0.711131,-3.08524,-0.245373,-0.713037,-3.08524,-0.184528,-0.713037,-3.08088,-0.184528,-0.711131,-3.08088,-0.245394,-0.711131,-3.08493,-0.245394,-0.713037,-3.08493
0.0014351,-2.14068,-1.69757,-5.64797,906269906,-0.0625071,-0.730194,-3.08119,-0.0625071,-0.728288,-3.08119,-0.123373,-0.728288,-3.08524,-0.123373,-0.730194,-3.08524,-0.0625276,-0.730194,-3.08088,-0.0625276,-0.728288,-3.08088,-0.123394,-0.728288,-3.08493,-0.123394,-0.730194,-3.08493
0.000430694,-2.21782,-1.79945,-11.1031,906273940,-0.123507,-0.662481,-3.08119,-0.123507,-0.660575,-3.08119,-0.184373,-0.660575,-3.08524,-0.184373,-0.662481,-3.08524,-0.123528,-0.662481,-3.08088,-0.123528,-0.660575,-3.08088,-0.184394,-0.660575,-3.08493,-0.184394,-0.662481,-3.08493
0.000286404,-2.22049,-1.80008,-2.97649,906273941,-0.123507,-0.660575,-3.08119,-0.123507,-0.658669,-3.08119,-0.184373,-0.658669,-3.08524,-0.184373,-0.660575,-3.08524,-0.123528,-0.660575,-3.08088,-0.123528,-0.658669,-3.08088,-0.184394,-0.658669,-3.08493,-0.184394,-0.660575,-3.08493
0.000316009,-2.22317,-1.80073,-6.63503,906273942,-0.123507,-0.658669,-3.08119,-0.123507,-0.656762,-3.08119,-0.184373,-0.656762,-3.08524,-0.184373,-0.658669,-3.08524,-0.123528,-0.658669,-3.08088,-0.123528,-0.656762,-3.08088,-0.184394,-0.656762,-3.08493,-0.184394,-0.658669,-3.08493
0.000250492,-2.24488,-1.80599,-5.09334,906273950,-0.123507,-0.643419,-3.08119,-0.123507,-0.641512,-3.08119,-0.184373,-0.641512,-3.08524,-0.184373,-0.643419,-3.08524,-0.123528,-0.643419,-3.08088,-0.123528,-0.641512,-3.08088,-0.184394,-0.641512,-3.08493,-0.184394,-0.643419,-3.08493
0.000142999,-2.24763,-1.80666,1.90731,906273951,-0.123507,-0.641513,-3.08119,-0.123507,-0.639606,-3.08119,-0.184373,-0.639606,-3.08524,-0.184373,-0.641513,-3.08524,-0.123528,-0.641513,-3.08088,-0.123528,-0.639606,-3.08088,-0.184394,-0.639606,-3.08493,-0.184394,-0.641513,-3.08493
9.46919e-05,-2.25039,-1.80734,-0.841013,906273952,-0.123507,-0.639606,-3.08119,-0.123507,-0.6377,-3.08119,-0.184373,-0.6377,-3.08524,-0.184373,-0.639606,-3.08524,-0.123528,-0.639606,-3.08088,-0.123528,-0.6377,-3.08088,-0.184394,-0.6377,-3.08493,-0.184394,-0.639606,-3.08493
9.52541e-05,-2.23957,-1.71119,-18.1344,906274006,-0.0625071,-0.658669,-3.08119,-0.0625071,-0.656762,-3.08119,-0.123373,-0.656762,-3.08524,-0.123373,-0.658669,-3.08524,-0.0625276,-0.658669,-3.08088,-0.0625276,-0.656762,-3.08088,-0.123394,-0.656762,-3.08493,-0.123394,-0.658669,-3.08493
0.000795933,-2.30227,-1.92304,-10.1726,906277979,-0.184507,-0.585738,-3.08119,-0.184507,-0.583831,-3.08119,-0.245373,-0.583831,-3.08524,-0.245373,-0.585738,-3.08524,-0.184528,-0.585738,-3.08088,-0.184528,-0.583831,-3.08088,-0.245394,-0.583831,-3.08493,-0.245394,-0.585738,-3.08493
0.000871574,-2.30509,-1.9241,-9.05637,906277980,-0.184507,-0.583831,-3.08119,-0.184507,-0.581925,-3.08119,-0.245373,-0.581925,-3.08524,-0.245373,-0.583831,-3.08524,-0.184528,-0.583831,-3.08088,-0.184528,-0.581925,-3.08088,-0.245394,-0.581925,-3.08493,-0.245394,-0.583831,-3.08493
0.000174664,-2.26221,-1.81027,-2.28153,906278019,-0.123507,-0.631488,-3.08119,-0.123507,-0.629581,-3.08119,-0.184373,-0.629581,-3.08524,-0.184373,-0.631488,-3.08524,-0.123528,-0.631488,-3.08088,-0.123528,-0.629581,-3.08088,-0.184394,-0.629581,-3.08493,-0.184394,-0.631488,-3.08493
0.00018831,-2.27062,-1.81238,-15.5373,906278022,-0.123507,-0.625769,-3.08119,-0.123507,-0.623862,-3.08119,-0.184373,-0.623862,-3.08524,-0.184373,-0.625769,-3.08524,-0.123528,-0.625769,-3.08088,-0.123528,-0.623862,-3.08088,-0.184394,-0.623862,-3.08493,-0.184394,-0.625769,-3.08493
0.000100164,-2.27626,-1.8138,-0.841013,906278024,-0.123507,-0.621956,-3.08119,-0.123507,-0.62005,-3.08119,-0.184373,-0.62005,-3.08524,-0.184373,-0.621956,-3.08524,-0.123528,-0.621956,-3.08088,-0.123528,-0.62005,-3.08088,-0.184394,-0.62005,-3.08493,-0.184394,-0.621956,-3.08493
0.000303479,-2.2848,-1.81597,-2.97649,906278027,-0.123507,-0.616238,-3.08119,-0.123507,-0.614331,-3.08119,-0.184373,-0.614331,-3.08524,-0.184373,-0.616238,-3.08524,-0.123528,-0.616238,-3.08088,-0.123528,-0.614331,-3.08088,-0.184394,-0.614331,-3.08493,-0.184394,-0.616238,-3.08493
0.000115083,-2.29052,-1.81744,5.76276,906278029,-0.123507,-0.612425,-3.08119,-0.123507,-0.610519,-3.08119,-0.184373,-0.610519,-3.08524,-0.184373,-0.612425,-3.08524,-0.123528,-0.612425,-3.08088,-0.123528,-0.610519,-3.08088,-0.184394,-0.610519,-3.08493,-0.184394,-0.612425,-3.08493
0.000317183,-2.2934,-1.81818,-9.74543,906278030,-0.123507,-0.610519,-3.08119,-0.123507,-0.608612,-3.08119,-0.184373,-0.608612,-3.08524,-0.184373,-0.610519,-3.08524,-0.123528,-0.610519,-3.08088,-0.123528,-0.608612,-3.08088,-0.184394,-0.608612,-3.08493,-0.184394,-0.610519,-3.08493
0.00140236,-2.29918,-1.81967,-2.76636,906278032,-0.123507,-0.606706,-3.08119,-0.123507,-0.6048,-3.08119,-0.184373,-0.6048,-3.08524,-0.184373,-0.606706,-3.08524,-0.123528,-0.606706,-3.08088,-0.123528,-0.6048,-3.08088,-0.184394,-0.6048,-3.08493,-0.184394,-0.606706,-3.08493
0.0024836,-2.30208,-1.82043,-2.98279,906278033,-0.123507,-0.6048,-3.08119,-0.123507,-0.602894,-3.08119,-0.184373,-0.602894,-3.08524,-0.184373,-0.6048,-3.08524,-0.123528,-0.6048,-3.08088,-0.123528,-0.602894,-3.08088,-0.184394,-0.602894,-3.08493,-0.184394,-0.6048,-3.08493
0.00419446,-2.30499,-1.82119,-2.3797,906278034,-0.123507,-0.602894,-3.08119,-0.123507,-0.600987,-3.08119,-0.184373,-0.600987,-3.08524,-0.184373,-0.602894,-3.08524,-0.123528,-0.602894,-3.08088,-0.123528,-0.600987,-3.08088,-0.184394,-0.600987,-3.08493,-0.184394,-0.602894,-3.08493
0.00522013,-2.30791,-1.82195,-2.76254,906278035,-0.123507,-0.600988,-3.08119,-0.123507,-0.599081,-3.08119,-0.184373,-0.599081,-3.08524,-0.184373,-0.600988,-3.08524,-0.123528,-0.600988,-3.08088,-0.123528,-0.599081,-3.08088,-0.184394,-0.599081,-3.08493,-0.184394,-0.600988,-3.08493
0.00209559,-2.31083,-1.82272,-5.99376,906278036,-0.123507,-0.599081,-3.08119,-0.123507,-0.597175,-3.08119,-0.184373,-0.597175,-3.08524,-0.184373,-0.599081,-3.08524,-0.123528,-0.599081,-3.08088,-0.123528,-0.597175,-3.08088,-0.184394,-0.597175,-3.08493,-0.184394,-0.599081,-3.08493
0.000527991,-2.31377,-1.82349,-3.61552,906278037,-0.123507,-0.597175,-3.08119,-0.123507,-0.595269,-3.08119,-0.184373,-0.595269,-3.08524,-0.184373,-0.597175,-3.08524,-0.123528,-0.597175,-3.08088,-0.123528,-0.595269,-3.08088,-0.184394,-0.595269,-3.08493,-0.184394,-0.597175,-3.08493
0.00146688,-2.31671,-1.82426,-5.77596,906278038,-0.123507,-0.595269,-3.08119,-0.123507,-0.593363,-3.08119,-0.184373,-0.593363,-3.08524,-0.184373,-0.595269,-3.08524,-0.123528,-0.595269,-3.08088,-0.123528,-0.593363,-3.08088,-0.184394,-0.593363,-3.08493,-0.184394,-0.595269,-3.08493
0.00143856,-2.31966,-1.82504,-5.52813,906278039,-0.123507,-0.593363,-3.08119,-0.123507,-0.591456,-3.08119,-0.184373,-0.591456,-3.08524,-0.184373,-0.593363,-3.08524,-0.123528,-0.593363,-3.08088,-0.123528,-0.591456,-3.08088,-0.184394,-0.591456,-3.08493,-0.184394,-0.593363,-3.08493
0.00069831,-2.32262,-1.82583,-3.9322,906278040,-0.123507,-0.591456,-3.08119,-0.123507,-0.58955,-3.08119,-0.184373,-0.58955,-3.08524,-0.184373,-0.591456,-3.08524,-0.123528,-0.591456,-3.08088,-0.123528,-0.58955,-3.08088,-0.184394,-0.58955,-3.08493,-0.184394,-0.591456,-3.08493
0.00040803,-2.32559,-1.82662,-10.4276,906278041,-0.123507,-0.58955,-3.08119,-0.123507,-0.587644,-3.08119,-0.184373,-0.587644,-3.08524,-0.184373,-0.58955,-3.08524,-0.123528,-0.58955,-3.08088,-0.123528,-0.587644,-3.08088,-0.184394,-0.587644,-3.08493,-0.184394,-0.58955,-3.08493
0.000665012,-2.32857,-1.82742,-4.11072,906278042,-0.123507,-0.587644,-3.08119,-0.123507,-0.585737,-3.08119,-0.184373,-0.585737,-3.08524,-0.184373,-0.587644,-3.08524,-0.123528,-0.587644,-3.08088,-0.123528,-0.585737,-3.08088,-0.184394,-0.585737,-3.08493,-0.184394,-0.587644,-3.08493
0.000332619,-2.33756,-1.82983,-4.11072,906278045,-0.123507,-0.581925,-3.08119,-0.123507,-0.580019,-3.08119,-0.184373,-0.580019,-3.08524,-0.184373,-0.581925,-3.08524,-0.123528,-0.581925,-3.08088,-0.123528,-0.580019,-3.08088,-0.184394,-0.580019,-3.08493,-0.184394,-0.581925,-3.08493
0.000230159,-2.34057,-1.83065,-14.0525,906278046,-0.123507,-0.580019,-3.08119,-0.123507,-0.578112,-3.08119,-0.184373,-0.578112,-3.08524,-0.184373,-0.580019,-3.08524,-0.123528,-0.580019,-3.08088,-0.123528,-0.578112,-3.08088,-0.184394,-0.578112,-3.08493,-0.184394,-0.580019,-3.08493
0.000523687,-2.34663,-1.83229,-4.53777,906278048,-0.123507,-0.576206,-3.08119,-0.123507,-0.5743,-3.08119,-0.184373,-0.5743,-3.08524,-0.184373,-0.576206,-3.08524,-0.123528,-0.576206,-3.08088,-0.123528,-0.5743,-3.08088,-0.184394,-0.5743,-3.08493,-0.184394,-0.576206,-3.08493
0.000113155,-2.30349,-1.72073,-20.3322,906278091,-0.0625071,-0.616238,-3.08119,-0.0625071,-0.614331,-3.08119,-0.123373,-0.614331,-3.08524,-0.123373,-0.616238,-3.08524,-0.0625276,-0.616238,-3.08088,-0.0625276,-0.614331,-3.08088,-0.123394,-0.614331,-3.08493,-0.123394,-0.616238,-3.08493
0.000186197,-2.30945,-1.72165,-2.03808,906278093,-0.0625071,-0.612425,-3.08119,-0.0625071,-0.610519,-3.08119,-0.123373,-0.610519,-3.08524,-0.123373,-0.612425,-3.08524,-0.0625276,-0.612425,-3.08088,-0.0625276,-0.610519,-3.08088,-0.123394,-0.610519,-3.08493,-0.123394,-0.612425,-3.08493
0.000195821,-2.31544,-1.72258,-7.07194,906278095,-0.0625071,-0.608613,-3.08119,-0.0625071,-0.606706,-3.08119,-0.123373,-0.606706,-3.08524,-0.123373,-0.608613,-3.08524,-0.0625276,-0.608613,-3.08088,-0.0625276,-0.606706,-3.08088,-0.123394,-0.606706,-3.08493,-0.123394,-0.608613,-3.08493
0.000344503,-2.31845,-1.72305,0.324334,906278096,-0.0625071,-0.606706,-3.08119,-0.0625071,-0.6048,-3.08119,-0.123373,-0.6048,-3.08524,-0.123373,-0.606706,-3.08524,-0.0625276,-0.606706,-3.08088,-0.0625276,-0.6048,-3.08088,-0.123394,-0.6048,-3.08493,-0.123394,-0.606706,-3.08493
8.77851e-05,-2.32147,-1.72353,-18.1344,906278097,-0.0625071,-0.6048,-3.08119,-0.0625071,-0.602894,-3.08119,-0.123373,-0.602894,-3.08524,-0.123373,-0.6048,-3.08524,-0.0625276,-0.6048,-3.08088,-0.0625276,-0.602894,-3.08088,-0.123394,-0.602894,-3.08493,-0.123394,-0.6048,-3.08493
0.000200321,-2.3245,-1.724,-4.53777,906278098,-0.0625071,-0.602894,-3.08119,-0.0625071,-0.600987,-3.08119,-0.123373,-0.600987,-3.08524,-0.123373,-0.602894,-3.08524,-0.0625276,-0.602894,-3.08088,-0.0625276,-0.600987,-3.08088,-0.123394,-0.600987,-3.08493,-0.123394,-0.602894,-3.08493
0.000513949,-2.32754,-1.72448,-6.86647,906278099,-0.0625071,-0.600988,-3.08119,-0.0625071,-0.599081,-3.08119,-0.123373,-0.599081,-3.08524,-0.123373,-0.600988,-3.08524,-0.0625276,-0.600988,-3.08088,-0.0625276,-0.599081,-3.08088,-0.123394,-0.599081,-3.08493,-0.123394,-0.600988,-3.08493
0.000454229,-2.33059,-1.72497,-7.91685,906278100,-0.0625071,-0.599081,-3.08119,-0.0625071,-0.597175,-3.08119,-0.123373,-0.597175,-3.08524,-0.123373,-0.599081,-3.08524,-0.0625276,-0.599081,-3.08088,-0.0625276,-0.597175,-3.08088,-0.123394,-0.597175,-3.08493,-0.123394,-0.599081,-3.08493
0.00108494,-2.33365,-1.72545,-11.8151,906278101,-0.0625071,-0.597175,-3.08119,-0.0625071,-0.595269,-3.08119,-0.123373,-0.595269,-3.08524,-0.123373,-0.597175,-3.08524,-0.0625276,-0.597175,-3.08088,-0.0625276,-0.595269,-3.08088,-0.123394,-0.595269,-3.08493,-0.123394,-0.597175,-3.08493
0.00161805,-2.33672,-1.72594,-6.10385,906278102,-0.0625071,-0.595269,-3.08119,-0.0625071,-0.593363,-3.08119,-0.123373,-0.593363,-3.08524,-0.123373,-0.595269,-3.08524,-0.0625276,-0.595269,-3.08088,-0.0625276,-0.593363,-3.08088,-0.123394,-0.593363,-3.08493,-0.123394,-0.595269,-3.08493
0.0015008,-2.33979,-1.72643,-11.8592,906278103,-0.0625071,-0.593363,-3.08119,-0.0625071,-0.591456,-3.08119,-0.123373,-0.591456,-3.08524,-0.123373,-0.593363,-3.08524,-0.0625276,-0.593363,-3.08088,-0.0625276,-0.591456,-3.08088,-0.123394,-0.591456,-3.08493,-0.123394,-0.593363,-3.08493
0.00522597,-2.34288,-1.72692,-4.63695,906278104,-0.0625071,-0.591456,-3.08119,-0.0625071,-0.58955,-3.08119,-0.123373,-0.58955,-3.08524,-0.123373,-0.591456,-3.08524,-0.0625276,-0.591456,-3.08088,-0.0625276,-0.58955,-3.08088,-0.123394,-0.58955,-3.08493,-0.123394,-0.591456,-3.08493
0.00648516,-2.34598,-1.72742,-5.747,906278105,-0.0625071,-0.58955,-3.08119,-0.0625071,-0.587644,-3.08119,-0.123373,-0.587644,-3.08524,-0.123373,-0.58955,-3.08524,-0.0625276,-0.58955,-3.08088,-0.0625276,-0.587644,-3.08088,-0.123394,-0.587644,-3.08493,-0.123394,-0.58955,-3.08493
0.00188057,-2.34909,-1.72792,-8.09958,906278106,-0.0625071,-0.587644,-3.08119,-0.0625071,-0.585737,-3.08119,-0.123373,-0.585737,-3.08524,-0.123373,-0.587644,-3.08524,-0.0625276,-0.587644,-3.08088,-0.0625276,-0.585737,-3.08088,-0.123394,-0.585737,-3.08493,-0.123394,-0.587644,-3.08493
0.00144465,-2.3522,-1.72843,-8.1638,906278107,-0.0625071,-0.585738,-3.08119,-0.0625071,-0.583831,-3.08119,-0.123373,-0.583831,-3.08524,-0.123373,-0.585738,-3.08524,-0.0625276,-0.585738,-3.08088,-0.0625276,-0.583831,-3.08088,-0.123394,-0.583831,-3.08493,-0.123394,-0.585738,-3.08493
0.000413276,-2.35533,-1.72893,-9.37526,906278108,-0.0625071,-0.583831,-3.08119,-0.0625071,-0.581925,-3.08119,-0.123373,-0.581925,-3.08524,-0.123373,-0.583831,-3.08524,-0.0625276,-0.583831,-3.08088,-0.0625276,-0.581925,-3.08088,-0.123394,-0.581925,-3.08493,-0.123394,-0.583831,-3.08493
0.00104754,-2.35847,-1.72944,-6.89514,906278109,-0.0625071,-0.581925,-3.08119,-0.0625071,-0.580019,-3.08119,-0.123373,-0.580019,-3.08524,-0.123373,-0.581925,-3.08524,-0.0625276,-0.581925,-3.08088,-0.0625276,-0.580019,-3.08088,-0.123394,-0.580019,-3.08493,-0.123394,-0.581925,-3.08493
0.000598798,-2.36162,-1.72996,-14.2542,906278110,-0.0625071,-0.580019,-3.08119,-0.0625071,-0.578112,-3.08119,-0.123373,-0.578112,-3.08524,-0.123373,-0.580019,-3.08524,-0.0625276,-0.580019,-3.08088,-0.0625276,-0.578112,-3.08088,-0.123394,-0.578112,-3.08493,-0.123394,-0.580019,-3.08493
0.000314758,-2.36477,-1.73047,-19.6927,906278111,-0.0625071,-0.578113,-3.08119,-0.0625071,-0.576206,-3.08119,-0.123373,-0.576206,-3.08524,-0.123373,-0.578113,-3.08524,-0.0625276,-0.578113,-3.08088,-0.0625276,-0.576206,-3.08088,-0.123394,-0.576206,-3.08493,-0.123394,-0.578113,-3.08493
0.000620398,-2.36794,-1.73099,-4.64231,906278112,-0.0625071,-0.576206,-3.08119,-0.0625071,-0.5743,-3.08119,-0.123373,-0.5743,-3.08524,-0.123373,-0.576206,-3.08524,-0.0625276,-0.576206,-3.08088,-0.0625276,-0.5743,-3.08088,-0.123394,-0.5743,-3.08493,-0.123394,-0.576206,-3.08493
0.000198854,-2.29226,-1.62158,-12.5665,906278148,-0.00150708,-0.629581,-3.08119,-0.00150708,-0.627675,-3.08119,-0.062373,-0.627675,-3.08524,-0.062373,-0.629581,-3.08524,-0.00152762,-0.629581,-3.08088,-0.00152762,-0.627675,-3.08088,-0.0623935,-0.627675,-3.08493,-0.0623935,-0.629581,-3.08493
0.000366387,-2.32237,-1.62316,-2.56146,906278158,-0.00150708,-0.610519,-3.08119,-0.00150708,-0.608612,-3.08119,-0.062373,-0.608612,-3.08524,-0.062373,-0.610519,-3.08524,-0.00152762,-0.610519,-3.08088,-0.00152762,-0.608612,-3.08088,-0.0623935,-0.608612,-3.08493,-0.0623935,-0.610519,-3.08493
0.000464682,-2.37909,-1.51531,-3.09747,906278240,0.062373,-0.576206,-3.08524,0.062373,-0.5743,-3.08524,0.00150708,-0.5743,-3.08119,0.00150708,-0.576206,-3.08119,0.0623935,-0.576206,-3.08493,0.0623935,-0.5743,-3.08493,0.00152762,-0.5743,-3.08088,0.00152762,-0.576206,-3.08088
0.000196673,-2.29365,-2.02532,-18.1344,906281988,-0.245507,-0.565681,-3.08119,-0.245507,-0.563775,-3.08119,-0.306373,-0.563775,-3.08524,-0.306373,-0.565681,-3.08524,-0.245528,-0.565681,-3.08088,-0.245528,-0.563775,-3.08088,-0.306394,-0.563775,-3.08493,-0.306394,-0.565681,-3.08493
0.000200848,-2.29633,-2.02665,-0.841013,906281989,-0.245507,-0.563775,-3.08119,-0.245507,-0.561869,-3.08119,-0.306373,-0.561869,-3.08524,-0.306373,-0.563775,-3.08524,-0.245528,-0.563775,-3.08088,-0.245528,-0.561869,-3.08088,-0.306394,-0.561869,-3.08493,-0.306394,-0.563775,-3.08493
0.000227308,-2.299,-2.02799,-8.59308,906281990,-0.245507,-0.561869,-3.08119,-0.245507,-0.559963,-3.08119,-0.306373,-0.559963,-3.08524,-0.306373,-0.561869,-3.08524,-0.245528,-0.561869,-3.08088,-0.245528,-0.559963,-3.08088,-0.306394,-0.559963,-3.08493,-0.306394,-0.561869,-3.08493
9.05755e-05,-2.31792,-2.0376,-13.0912,906281997,-0.245507,-0.548525,-3.08119,-0.245507,-0.546619,-3.08119,-0.306373,-0.546619,-3.08524,-0.306373,-0.548525,-3.08524,-0.245528,-0.548525,-3.08088,-0.245528,-0.546619,-3.08088,-0.306394,-0.546619,-3.08493,-0.306394,-0.548525,-3.08493
0.000159829,-2.32653,-1.93226,-4.96924,906282050,-0.184507,-0.569494,-3.08119,-0.184507,-0.567587,-3.08119,-0.245373,-0.567587,-3.08524,-0.245373,-0.569494,-3.08524,-0.184528,-0.569494,-3.08088,-0.184528,-0.567587,-3.08088,-0.245394,-0.567587,-3.08493,-0.245394,-0.569494,-3.08493
0.000541754,-2.3352,-1.93562,-1.25976,906282053,-0.184507,-0.563775,-3.08119,-0.184507,-0.561869,-3.08119,-0.245373,-0.561869,-3.08524,-0.245373,-0.563775,-3.08524,-0.184528,-0.563775,-3.08088,-0.184528,-0.561869,-3.08088,-0.245394,-0.561869,-3.08493,-0.245394,-0.563775,-3.08493
0.000409495,-2.34101,-1.93789,-5.04473,906282055,-0.184507,-0.559963,-3.08119,-0.184507,-0.558056,-3.08119,-0.245373,-0.558056,-3.08524,-0.245373,-0.559963,-3.08524,-0.184528,-0.559963,-3.08088,-0.184528,-0.558056,-3.08088,-0.245394,-0.558056,-3.08493,-0.245394,-0.559963,-3.08493
0.000194296,-2.37357,-1.95088,-8.59308,906282066,-0.184507,-0.538994,-3.08119,-0.184507,-0.537087,-3.08119,-0.245373,-0.537087,-3.08524,-0.245373,-0.538994,-3.08524,-0.184528,-0.538994,-3.08088,-0.184528,-0.537087,-3.08088,-0.245394,-0.537087,-3.08493,-0.245394,-0.538994,-3.08493
0.000378086,-2.40092,-1.96217,-0.841013,906282075,-0.184507,-0.521838,-3.08119,-0.184507,-0.519931,-3.08119,-0.245373,-0.519931,-3.08524,-0.245373,-0.521838,-3.08524,-0.184528,-0.521838,-3.08088,-0.184528,-0.519931,-3.08088,-0.245394,-0.519931,-3.08493,-0.245394,-0.521838,-3.08493
8.52544e-05,-2.35431,-1.83439,-13.0912,906282113,-0.123507,-0.5714,-3.08119,-0.123507,-0.569494,-3.08119,-0.184373,-0.569494,-3.08524,-0.184373,-0.5714,-3.08524,-0.123528,-0.5714,-3.08088,-0.123528,-0.569494,-3.08088,-0.184394,-0.569494,-3.08493,-0.184394,-0.5714,-3.08493
0.000320896,-2.36353,-1.83694,-4.96924,906282116,-0.123507,-0.565681,-3.08119,-0.123507,-0.563775,-3.08119,-0.184373,-0.563775,-3.08524,-0.184373,-0.565681,-3.08524,-0.123528,-0.565681,-3.08088,-0.123528,-0.563775,-3.08088,-0.184394,-0.563775,-3.08493,-0.184394,-0.565681,-3.08493
0.0003424,-2.36972,-1.83866,-1.86503,906282118,-0.123507,-0.561869,-3.08119,-0.123507,-0.559963,-3.08119,-0.184373,-0.559963,-3.08524,-0.184373,-0.561869,-3.08524,-0.123528,-0.561869,-3.08088,-0.123528,-0.559963,-3.08088,-0.184394,-0.559963,-3.08493,-0.184394,-0.561869,-3.08493
0.000318281,-2.37283,-1.83953,-2.74663,906282119,-0.123507,-0.559963,-3.08119,-0.123507,-0.558056,-3.08119,-0.184373,-0.558056,-3.08524,-0.184373,-0.559963,-3.08524,-0.123528,-0.559963,-3.08088,-0.123528,-0.558056,-3.08088,-0.184394,-0.558056,-3.08493,-0.184394,-0.559963,-3.08493
0.000349912,-2.37908,-1.84129,-2.56146,906282121,-0.123507,-0.55615,-3.08119,-0.123507,-0.554244,-3.08119,-0.184373,-0.554244,-3.08524,-0.184373,-0.55615,-3.08524,-0.123528,-0.55615,-3.08088,-0.123528,-0.554244,-3.08088,-0.184394,-0.554244,-3.08493,-0.184394,-0.55615,-3.08493
0.000192882,-2.38222,-1.84218,-20.8995,906282122,-0.123507,-0.554244,-3.08119,-0.123507,-0.552337,-3.08119,-0.184373,-0.552337,-3.08524,-0.184373,-0.554244,-3.08524,-0.123528,-0.554244,-3.08088,-0.123528,-0.552337,-3.08088,-0.184394,-0.552337,-3.08493,-0.184394,-0.554244,-3.08493
0.000526559,-2.38537,-1.84307,0.553819,906282123,-0.123507,-0.552338,-3.08119,-0.123507,-0.550431,-3.08119,-0.184373,-0.550431,-3.08524,-0.184373,-0.552338,-3.08524,-0.123528,-0.552338,-3.08088,-0.123528,-0.550431,-3.08088,-0.184394,-0.550431,-3.08493,-0.184394,-0.552338,-3.08493
0.00108709,-2.38853,-1.84397,-3.74811,906282124,-0.123507,-0.550431,-3.08119,-0.123507,-0.548525,-3.08119,-0.184373,-0.548525,-3.08524,-0.184373,-0.550431,-3.08524,-0.123528,-0.550431,-3.08088,-0.123528,-0.548525,-3.08088,-0.184394,-0.548525,-3.08493,-0.184394,-0.550431,-3.08493
0.000670508,-2.3917,-1.84487,-1.17968,906282125,-0.123507,-0.548525,-3.08119,-0.123507,-0.546619,-3.08119,-0.184373,-0.546619,-3.08524,-0.184373,-0.548525,-3.08524,-0.123528,-0.548525,-3.08088,-0.123528,-0.546619,-3.08088,-0.184394,-0.546619,-3.08493,-0.184394,-0.548525,-3.08493
0.000339972,-2.39487,-1.84578,-0.201598,906282126,-0.123507,-0.546619,-3.08119,-0.123507,-0.544712,-3.08119,-0.184373,-0.544712,-3.08524,-0.184373,-0.546619,-3.08524,-0.123528,-0.546619,-3.08088,-0.123528,-0.544712,-3.08088,-0.184394,-0.544712,-3.08493,-0.184394,-0.546619,-3.08493
0.000453055,-2.39806,-1.8467,-7.19658,906282127,-0.123507,-0.544713,-3.08119,-0.123507,-0.542806,-3.08119,-0.184373,-0.542806,-3.08524,-0.184373,-0.544713,-3.08524,-0.123528,-0.544713,-3.08088,-0.123528,-0.542806,-3.08088,-0.184394,-0.542806,-3.08493,-0.184394,-0.544713,-3.08493
0.00085632,-2.40126,-1.84762,-3.46982,906282128,-0.123507,-0.542806,-3.08119,-0.123507,-0.5409,-3.08119,-0.184373,-0.5409,-3.08524,-0.184373,-0.542806,-3.08524,-0.123528,-0.542806,-3.08088,-0.123528,-0.5409,-3.08088,-0.184394,-0.5409,-3.08493,-0.184394,-0.542806,-3.08493
0.000494871,-2.40447,-1.84855,-9.28061,906282129,-0.123507,-0.5409,-3.08119,-0.123507,-0.538994,-3.08119,-0.184373,-0.538994,-3.08524,-0.184373,-0.5409,-3.08524,-0.123528,-0.5409,-3.08088,-0.123528,-0.538994,-3.08088,-0.184394,-0.538994,-3.08493,-0.184394,-0.5409,-3.08493
0.000757036,-2.40768,-1.84948,-4.44803,906282130,-0.123507,-0.538994,-3.08119,-0.123507,-0.537087,-3.08119,-0.184373,-0.537087,-3.08524,-0.184373,-0.538994,-3.08524,-0.123528,-0.538994,-3.08088,-0.123528,-0.537087,-3.08088,-0.184394,-0.537087,-3.08493,-0.184394,-0.538994,-3.08493
8.54197e-05,-2.41091,-1.85042,-13.0912,906282131,-0.123507,-0.537088,-3.08119,-0.123507,-0.535181,-3.08119,-0.184373,-0.535181,-3.08524,-0.184373,-0.537088,-3.08524,-0.123528,-0.537088,-3.08088,-0.123528,-0.535181,-3.08088,-0.184394,-0.535181,-3.08493,-0.184394,-0.537088,-3.08493
0.000507332,-2.4272,-1.85522,-8.59308,906282136,-0.123507,-0.527556,-3.08119,-0.123507,-0.52565,-3.08119,-0.184373,-0.52565,-3.08524,-0.184373,-0.527556,-3.08524,-0.123528,-0.527556,-3.08088,-0.123528,-0.52565,-3.08088,-0.184394,-0.52565,-3.08493,-0.184394,-0.527556,-3.08493
0.000598802,-2.43379,-1.85718,-2.4446,906282138,-0.123507,-0.523744,-3.08119,-0.123507,-0.521838,-3.08119,-0.184373,-0.521838,-3.08524,-0.184373,-0.523744,-3.08524,-0.123528,-0.523744,-3.08088,-0.123528,-0.521838,-3.08088,-0.184394,-0.521838,-3.08493,-0.184394,-0.523744,-3.08493
0.00021198,-2.43709,-1.85817,-4.53777,906282139,-0.123507,-0.521838,-3.08119,-0.123507,-0.519931,-3.08119,-0.184373,-0.519931,-3.08524,-0.184373,-0.521838,-3.08524,-0.123528,-0.521838,-3.08088,-0.123528,-0.519931,-3.08088,-0.184394,-0.519931,-3.08493,-0.184394,-0.521838,-3.08493
0.000274815,-2.37598,-1.73232,-6.22728,906282177,-0.0625071,-0.5714,-3.08119,-0.0625071,-0.569494,-3.08119,-0.123373,-0.569494,-3.08524,-0.123373,-0.5714,-3.08524,-0.0625276,-0.5714,-3.08088,-0.0625276,-0.569494,-3.08088,-0.123394,-0.569494,-3.08493,-0.123394,-0.5714,-3.08493
0.000108814,-2.38886,-1.73447,-3.26945,906282181,-0.0625071,-0.563775,-3.08119,-0.0625071,-0.561869,-3.08119,-0.123373,-0.561869,-3.08524,-0.123373,-0.563775,-3.08524,-0.0625276,-0.563775,-3.08088,-0.0625276,-0.561869,-3.08088,-0.123394,-0.561869,-3.08493,-0.123394,-0.563775,-3.08493
0.000231344,-2.39211,-1.73502,-14.0525,906282182,-0.0625071,-0.561869,-3.08119,-0.0625071,-0.559963,-3.08119,-0.123373,-0.559963,-3.08524,-0.123373,-0.561869,-3.08524,-0.0625276,-0.561869,-3.08088,-0.0625276,-0.559963,-3.08088,-0.123394,-0.559963,-3.08493,-0.123394,-0.561869,-3.08493
0.000202767,-2.3906,-1.62693,-1.38941,906282242,-0.00150708,-0.569494,-3.08119,-0.00150708,-0.567587,-3.08119,-0.062373,-0.567587,-3.08524,-0.062373,-0.569494,-3.08524,-0.00152762,-0.569494,-3.08088,-0.00152762,-0.567587,-3.08088,-0.0623935,-0.567587,-3.08493,-0.0623935,-0.569494,-3.08493
0.000111008,-2.43776,-1.62969,-1.86503,906282256,-0.00150708,-0.542806,-3.08119,-0.00150708,-0.5409,-3.08119,-0.062373,-0.5409,-3.08524,-0.062373,-0.542806,-3.08524,-0.00152762,-0.542806,-3.08088,-0.00152762,-0.5409,-3.08088,-0.0623935,-0.5409,-3.08493,-0.0623935,-0.542806,-3.08493
0.000128154,-2.46578,-1.63139,-14.7059,906282264,-0.00150708,-0.527556,-3.08119,-0.00150708,-0.52565,-3.08119,-0.062373,-0.52565,-3.08524,-0.062373,-0.527556,-3.08524,-0.00152762,-0.527556,-3.08088,-0.00152762,-0.52565,-3.08088,-0.0623935,-0.52565,-3.08493,-0.0623935,-0.527556,-3.08493
0.000440639,-2.46934,-1.63161,-7.19658,906282265,-0.00150708,-0.52565,-3.08119,-0.00150708,-0.523744,-3.08119,-0.062373,-0.523744,-3.08524,-0.062373,-0.52565,-3.08524,-0.00152762,-0.52565,-3.08088,-0.00152762,-0.523744,-3.08088,-0.0623935,-0.523744,-3.08493,-0.0623935,-0.52565,-3.08493
9.74792e-05,-2.48011,-1.63228,-23.8519,906282268,-0.00150708,-0.519931,-3.08119,-0.00150708,-0.518025,-3.08119,-0.062373,-0.518025,-3.08524,-0.062373,-0.519931,-3.08524,-0.00152762,-0.519931,-3.08088,-0.00152762,-0.518025,-3.08088,-0.0623935,-0.518025,-3.08493,-0.0623935,-0.519931,-3.08493
0.000109227,-2.40051,-1.51409,-16.0442,906282309,0.062373,-0.563775,-3.08524,0.062373,-0.561869,-3.08524,0.00150708,-0.561869,-3.08119,0.00150708,-0.563775,-3.08119,0.0623935,-0.563775,-3.08493,0.0623935,-0.561869,-3.08493,0.00152762,-0.561869,-3.08088,0.00152762,-0.563775,-3.08088
0.0001304,-2.47651,-1.50953,-2.64931,906282331,0.062373,-0.521838,-3.08524,0.062373,-0.519931,-3.08524,0.00150708,-0.519931,-3.08119,0.00150708,-0.521838,-3.08119,0.0623935,-0.521838,-3.08493,0.0623935,-0.519931,-3.08493,0.00152762,-0.519931,-3.08088,0.00152762,-0.521838,-3.08088
0.000220918,-2.48372,-1.50908,-7.19658,906282333,0.062373,-0.518025,-3.08524,0.062373,-0.516119,-3.08524,0.00150708,-0.516119,-3.08119,0.00150708,-0.518025,-3.08119,0.0623935,-0.518025,-3.08493,0.0623935,-0.516119,-3.08493,0.00152762,-0.516119,-3.08088,0.00152762,-0.518025,-3.08088
0.000146256,-2.38562,-1.40767,-4.96924,906282372,0.123373,-0.565681,-3.08524,0.123373,-0.563775,-3.08524,0.0625071,-0.563775,-3.08119,0.0625071,-0.565681,-3.08119,0.123394,-0.565681,-3.08493,0.123394,-0.563775,-3.08493,0.0625276,-0.563775,-3.08088,0.0625276,-0.565681,-3.08088
0.000792748,-2.38886,-1.40712,-11.5367,906282373,0.123373,-0.563775,-3.08524,0.123373,-0.561869,-3.08524,0.0625071,-0.561869,-3.08119,0.0625071,-0.563775,-3.08119,0.123394,-0.563775,-3.08493,0.123394,-0.561869,-3.08493,0.0625276,-0.561869,-3.08088,0.0625276,-0.563775,-3.08088
0.000771907,-2.39211,-1.40658,-7.10514,906282374,0.123373,-0.561869,-3.08524,0.123373,-0.559963,-3.08524,0.0625071,-0.559963,-3.08119,0.0625071,-0.561869,-3.08119,0.123394,-0.561869,-3.08493,0.123394,-0.559963,-3.08493,0.0625276,-0.559963,-3.08088,0.0625276,-0.561869,-3.08088
0.00075106,-2.39536,-1.40603,-3.58296,906282375,0.123373,-0.559963,-3.08524,0.123373,-0.558056,-3.08524,0.0625071,-0.558056,-3.08119,0.0625071,-0.559963,-3.08119,0.123394,-0.559963,-3.08493,0.123394,-0.558056,-3.08493,0.0625276,-0.558056,-3.08088,0.0625276,-0.559963,-3.08088
0.00190038,-2.39863,-1.40547,-5.59239,906282376,0.123373,-0.558056,-3.08524,0.123373,-0.55615,-3.08524,0.0625071,-0.55615,-3.08119,0.0625071,-0.558056,-3.08119,0.123394,-0.558056,-3.08493,0.123394,-0.55615,-3.08493,0.0625276,-0.55615,-3.08088,0.0625276,-0.558056,-3.08088
0.000839624,-2.40191,-1.40492,-10.931,906282377,0.123373,-0.55615,-3.08524,0.123373,-0.554244,-3.08524,0.0625071,-0.554244,-3.08119,0.0625071,-0.55615,-3.08119,0.123394,-0.55615,-3.08493,0.123394,-0.554244,-3.08493,0.0625276,-0.554244,-3.08088,0.0625276,-0.55615,-3.08088
0.000654665,-2.4052,-1.40436,-7.26891,906282378,0.123373,-0.554244,-3.08524,0.123373,-0.552337,-3.08524,0.0625071,-0.552337,-3.08119,0.0625071,-0.554244,-3.08119,0.123394,-0.554244,-3.08493,0.123394,-0.552337,-3.08493,0.0625276,-0.552337,-3.08088,0.0625276,-0.554244,-3.08088
0.000661483,-2.40851,-1.40379,-7.70559,906282379,0.123373,-0.552338,-3.08524,0.123373,-0.550431,-3.08524,0.0625071,-0.550431,-3.08119,0.0625071,-0.552338,-3.08119,0.123394,-0.552338,-3.08493,0.123394,-0.550431,-3.08493,0.0625276,-0.550431,-3.08088,0.0625276,-0.552338,-3.08088
0.000525491,-2.41182,-1.40322,-4.18804,906282380,0.123373,-0.550431,-3.08524,0.123373,-0.548525,-3.08524,0.0625071,-0.548525,-3.08119,0.0625071,-0.550431,-3.08119,0.123394,-0.550431,-3.08493,0.123394,-0.548525,-3.08493,0.0625276,-0.548525,-3.08088,0.0625276,-0.550431,-3.08088
0.000240194,-2.41514,-1.40265,-14.7059,906282381,0.123373,-0.548525,-3.08524,0.123373,-0.546619,-3.08524,0.0625071,-0.546619,-3.08119,0.0625071,-0.548525,-3.08119,0.123394,-0.548525,-3.08493,0.123394,-0.546619,-3.08493,0.0625276,-0.546619,-3.08088,0.0625276,-0.548525,-3.08088
0.000297097,-2.41848,-1.40207,-3.5333,906282382,0.123373,-0.546619,-3.08524,0.123373,-0.544712,-3.08524,0.0625071,-0.544712,-3.08119,0.0625071,-0.546619,-3.08119,0.123394,-0.546619,-3.08493,0.123394,-0.544712,-3.08493,0.0625276,-0.544712,-3.08088,0.0625276,-0.546619,-3.08088
0.000217511,-2.42183,-1.40149,-6.0508,906282383,0.123373,-0.544713,-3.08524,0.123373,-0.542806,-3.08524,0.0625071,-0.542806,-3.08119,0.0625071,-0.544713,-3.08119,0.123394,-0.544713,-3.08493,0.123394,-0.542806,-3.08493,0.0625276,-0.542806,-3.08088,0.0625276,-0.544713,-3.08088
8.88275e-05,-2.35431,-1.3072,2.09753,906282433,0.184373,-0.5714,-3.08524,0.184373,-0.569494,-3.08524,0.123507,-0.569494,-3.08119,0.123507,-0.5714,-3.08119,0.184394,-0.5714,-3.08493,0.184394,-0.569494,-3.08493,0.123528,-0.569494,-3.08088,0.123528,-0.5714,-3.08088
0.000143601,-2.37283,-1.30206,-4.96924,906282439,0.184373,-0.559963,-3.08524,0.184373,-0.558056,-3.08524,0.123507,-0.558056,-3.08119,0.123507,-0.559963,-3.08119,0.184394,-0.559963,-3.08493,0.184394,-0.558056,-3.08493,0.123528,-0.558056,-3.08088,0.123528,-0.559963,-3.08088
0.000118884,-2.37595,-1.30118,5.76276,906282440,0.184373,-0.558056,-3.08524,0.184373,-0.55615,-3.08524,0.123507,-0.55615,-3.08119,0.123507,-0.558056,-3.08119,0.184394,-0.558056,-3.08493,0.184394,-0.55615,-3.08493,0.123528,-0.55615,-3.08088,0.123528,-0.558056,-3.08088
0.000169436,-2.37908,-1.3003,-0.841013,906282441,0.184373,-0.55615,-3.08524,0.184373,-0.554244,-3.08524,0.123507,-0.554244,-3.08119,0.123507,-0.55615,-3.08119,0.184394,-0.55615,-3.08493,0.184394,-0.554244,-3.08493,0.123528,-0.554244,-3.08088,0.123528,-0.55615,-3.08088
0.000470045,-2.38537,-1.29852,-4.28102,906282443,0.184373,-0.552338,-3.08524,0.184373,-0.550431,-3.08524,0.123507,-0.550431,-3.08119,0.123507,-0.552338,-3.08119,0.184394,-0.552338,-3.08493,0.184394,-0.550431,-3.08493,0.123528,-0.550431,-3.08088,0.123528,-0.552338,-3.08088
0.000261543,-2.38853,-1.29762,-8.59308,906282444,0.184373,-0.550431,-3.08524,0.184373,-0.548525,-3.08524,0.123507,-0.548525,-3.08119,0.123507,-0.550431,-3.08119,0.184394,-0.550431,-3.08493,0.184394,-0.548525,-3.08493,0.123528,-0.548525,-3.08088,0.123528,-0.550431,-3.08088
0.000269266,-2.3917,-1.29672,0.553819,906282445,0.184373,-0.548525,-3.08524,0.184373,-0.546619,-3.08524,0.123507,-0.546619,-3.08119,0.123507,-0.548525,-3.08119,0.184394,-0.548525,-3.08493,0.184394,-0.546619,-3.08493,0.123528,-0.546619,-3.08088,0.123528,-0.548525,-3.08088
0.000206331,-2.38564,-1.18577,2.35002,906282518,0.245373,-0.531369,-3.08524,0.245373,-0.529462,-3.08524,0.184507,-0.529462,-3.08119,0.184507,-0.531369,-3.08119,0.245394,-0.531369,-3.08493,0.245394,-0.529462,-3.08493,0.184528,-0.529462,-3.08088,0.184528,-0.531369,-3.08088
0.000313589,-2.39478,-1.18199,0.159702,906282521,0.245373,-0.52565,-3.08524,0.245373,-0.523744,-3.08524,0.184507,-0.523744,-3.08119,0.184507,-0.52565,-3.08119,0.245394,-0.52565,-3.08493,0.245394,-0.523744,-3.08493,0.184528,-0.523744,-3.08088,0.184528,-0.52565,-3.08088
0.000397915,-2.39785,-1.18071,-6.33192,906282522,0.245373,-0.523744,-3.08524,0.245373,-0.521838,-3.08524,0.184507,-0.521838,-3.08119,0.184507,-0.523744,-3.08119,0.245394,-0.523744,-3.08493,0.245394,-0.521838,-3.08493,0.184528,-0.521838,-3.08088,0.184528,-0.523744,-3.08088
0.000262553,-2.34823,-1.08812,-6.22728,906282584,0.306373,-0.527556,-3.08524,0.306373,-0.52565,-3.08524,0.245507,-0.52565,-3.08119,0.245507,-0.527556,-3.08119,0.306394,-0.527556,-3.08493,0.306394,-0.52565,-3.08493,0.245528,-0.52565,-3.08088,0.245528,-0.527556,-3.08088
0.000227583,-2.56841,-1.24107,3.86938,906286559,0.184373,-0.450813,-3.08524,0.184373,-0.448906,-3.08524,0.123507,-0.448906,-3.08119,0.123507,-0.450813,-3.08119,0.184394,-0.450813,-3.08493,0.184394,-0.448906,-3.08493,0.123528,-0.448906,-3.08088,0.123528,-0.450813,-3.08088
0.000208537,-2.48795,-1.14099,-4.53777,906286613,0.245373,-0.469875,-3.08524,0.245373,-0.467969,-3.08524,0.184507,-0.467969,-3.08119,0.184507,-0.469875,-3.08119,0.245394,-0.469875,-3.08493,0.245394,-0.467969,-3.08493,0.184528,-0.467969,-3.08088,0.184528,-0.469875,-3.08088
0.000234302,-2.49127,-1.13944,0.895899,906286614,0.245373,-0.467969,-3.08524,0.245373,-0.466062,-3.08524,0.184507,-0.466062,-3.08119,0.184507,-0.467969,-3.08119,0.245394,-0.467969,-3.08493,0.245394,-0.466062,-3.08493,0.184528,-0.466062,-3.08088,0.184528,-0.467969,-3.08088
0.000150207,-2.4946,-1.13788,4.71846,906286615,0.245373,-0.466063,-3.08524,0.245373,-0.464156,-3.08524,0.184507,-0.464156,-3.08119,0.184507,-0.466063,-3.08119,0.245394,-0.466063,-3.08493,0.245394,-0.464156,-3.08493,0.184528,-0.464156,-3.08088,0.184528,-0.466063,-3.08088
0.000927385,-2.50128,-1.13474,-10.8787,906286617,0.245373,-0.46225,-3.08524,0.245373,-0.460344,-3.08524,0.184507,-0.460344,-3.08119,0.184507,-0.46225,-3.08119,0.245394,-0.46225,-3.08493,0.245394,-0.460344,-3.08493,0.184528,-0.460344,-3.08088,0.184528,-0.46225,-3.08088
0.000383492,-2.508,-1.13156,-3.05272,906286619,0.245373,-0.458437,-3.08524,0.245373,-0.456531,-3.08524,0.184507,-0.456531,-3.08119,0.184507,-0.458437,-3.08119,0.245394,-0.458437,-3.08493,0.245394,-0.456531,-3.08493,0.184528,-0.456531,-3.08088,0.184528,-0.458437,-3.08088
0.000263627,-2.51137,-1.12995,-2.64931,906286620,0.245373,-0.456531,-3.08524,0.245373,-0.454625,-3.08524,0.184507,-0.454625,-3.08119,0.184507,-0.456531,-3.08119,0.245394,-0.456531,-3.08493,0.245394,-0.454625,-3.08493,0.184528,-0.454625,-3.08088,0.184528,-0.456531,-3.08088
0.00228483,-2.51475,-1.12833,-3.30621,906286621,0.245373,-0.454625,-3.08524,0.245373,-0.452719,-3.08524,0.184507,-0.452719,-3.08119,0.184507,-0.454625,-3.08119,0.245394,-0.454625,-3.08493,0.245394,-0.452719,-3.08493,0.184528,-0.452719,-3.08088,0.184528,-0.454625,-3.08088
0.00107273,-2.51814,-1.1267,-5.58091,906286622,0.245373,-0.452719,-3.08524,0.245373,-0.450812,-3.08524,0.184507,-0.450812,-3.08119,0.184507,-0.452719,-3.08119,0.245394,-0.452719,-3.08493,0.245394,-0.450812,-3.08493,0.184528,-0.450812,-3.08088,0.184528,-0.452719,-3.08088
0.000350559,-2.52155,-1.12505,-6.83682,906286623,0.245373,-0.450813,-3.08524,0.245373,-0.448906,-3.08524,0.184507,-0.448906,-3.08119,0.184507,-0.450813,-3.08119,0.245394,-0.450813,-3.08493,0.245394,-0.448906,-3.08493,0.184528,-0.448906,-3.08088,0.184528,-0.450813,-3.08088
0.000347905,-2.52496,-1.1234,-4.53777,906286624,0.245373,-0.448906,-3.08524,0.245373,-0.447,-3.08524,0.184507,-0.447,-3.08119,0.184507,-0.448906,-3.08119,0.245394,-0.448906,-3.08493,0.245394,-0.447,-3.08493,0.184528,-0.447,-3.08088,0.184528,-0.448906,-3.08088
0.000114187,-2.59344,-2.05293,4.50739,906290258,-0.184507,-0.411694,-3.08119,-0.184507,-0.409787,-3.08119,-0.245373,-0.409787,-3.08524,-0.245373,-0.411694,-3.08524,-0.184528,-0.411694,-3.08088,-0.184528,-0.409787,-3.08088,-0.245394,-0.409787,-3.08493,-0.245394,-0.411694,-3.08493
0.000290657,-2.63216,-1.9234,-4.76564,906290318,-0.123507,-0.419319,-3.08119,-0.123507,-0.417412,-3.08119,-0.184373,-0.417412,-3.08524,-0.184373,-0.419319,-3.08524,-0.123528,-0.419319,-3.08088,-0.123528,-0.417412,-3.08088,-0.184394,-0.417412,-3.08493,-0.184394,-0.419319,-3.08493
0.000177442,-2.58169,-1.23644,-3.26945,906290625,0.184373,-0.4441,-3.08524,0.184373,-0.442194,-3.08524,0.123507,-0.442194,-3.08119,0.123507,-0.4441,-3.08119,0.184394,-0.4441,-3.08493,0.184394,-0.442194,-3.08493,0.123528,-0.442194,-3.08088,0.123528,-0.4441,-3.08088
0.00062248,-2.58931,-1.23375,-9.55112,906290627,0.184373,-0.440288,-3.08524,0.184373,-0.438381,-3.08524,0.123507,-0.438381,-3.08119,0.123507,-0.440288,-3.08119,0.184394,-0.440288,-3.08493,0.184394,-0.438381,-3.08493,0.123528,-0.438381,-3.08088,0.123528,-0.440288,-3.08088
0.000231323,-2.59313,-1.23239,-21.1599,906290628,0.184373,-0.438381,-3.08524,0.184373,-0.436475,-3.08524,0.123507,-0.436475,-3.08119,0.123507,-0.438381,-3.08119,0.184394,-0.438381,-3.08493,0.184394,-0.436475,-3.08493,0.123528,-0.436475,-3.08088,0.123528,-0.438381,-3.08088
0.000243983,-2.60065,-0.927785,-20.3322,906294855,0.306373,-0.369263,-3.08524,0.306373,-0.367356,-3.08524,0.245507,-0.367356,-3.08119,0.245507,-0.369263,-3.08119,0.306394,-0.369263,-3.08493,0.306394,-0.367356,-3.08493,0.245528,-0.367356,-3.08088,0.245528,-0.369263,-3.08088
0.000148652,-2.60722,-0.922785,-1.63538,906294857,0.306373,-0.36545,-3.08524,0.306373,-0.363544,-3.08524,0.245507,-0.363544,-3.08119,0.245507,-0.36545,-3.08119,0.306394,-0.36545,-3.08493,0.306394,-0.363544,-3.08493,0.245528,-0.363544,-3.08088,0.245528,-0.36545,-3.08088
0.000226208,-2.62041,-0.912582,-10.1726,906294861,0.306373,-0.357825,-3.08524,0.306373,-0.355919,-3.08524,0.245507,-0.355919,-3.08119,0.245507,-0.357825,-3.08119,0.306394,-0.357825,-3.08493,0.306394,-0.355919,-3.08493,0.245528,-0.355919,-3.08088,0.245528,-0.357825,-3.08088
0.00010218,-2.62703,-0.907378,-23.8519,906294863,0.306373,-0.354013,-3.08524,0.306373,-0.352106,-3.08524,0.245507,-0.352106,-3.08119,0.245507,-0.354013,-3.08119,0.306394,-0.354013,-3.08493,0.306394,-0.352106,-3.08493,0.245528,-0.352106,-3.08088,0.245528,-0.354013,-3.08088
0.000673019,-2.42701,-0.759482,-5.84584,906294978,0.428373,-0.378794,-3.08524,0.428373,-0.376887,-3.08524,0.367507,-0.376887,-3.08119,0.367507,-0.378794,-3.08119,0.428394,-0.378794,-3.08493,0.428394,-0.376887,-3.08493,0.367528,-0.376887,-3.08088,0.367528,-0.378794,-3.08088
0.000327846,-2.44113,-0.744149,-22.4647,906294984,0.428373,-0.367356,-3.08524,0.428373,-0.36545,-3.08524,0.367507,-0.36545,-3.08119,0.367507,-0.367356,-3.08119,0.428394,-0.367356,-3.08493,0.428394,-0.36545,-3.08493,0.367528,-0.36545,-3.08088,0.367528,-0.367356,-3.08088
0.000109453,-2.44818,-0.736315,0.159702,906294987,0.428373,-0.361637,-3.08524,0.428373,-0.359731,-3.08524,0.367507,-0.359731,-3.08119,0.367507,-0.361637,-3.08119,0.428394,-0.361637,-3.08493,0.428394,-0.359731,-3.08493,0.367528,-0.359731,-3.08088,0.367528,-0.361637,-3.08088
9.22968e-05,-2.45756,-0.725695,-5.31766,906294991,0.428373,-0.354013,-3.08524,0.428373,-0.352106,-3.08524,0.367507,-0.352106,-3.08119,0.367507,-0.354013,-3.08119,0.428394,-0.354013,-3.08493,0.428394,-0.352106,-3.08493,0.367528,-0.352106,-3.08088,0.367528,-0.354013,-3.08088
0.000109946,2.37022,2.86955,4.1893,906588939,-0.550931,0.123528,3.03628,-0.550931,0.184394,3.04033,-0.552838,0.184394,3.04033,-0.552838,0.123528,3.03628,-0.550931,0.123507,3.03659,-0.550931,0.184373,3.04064,-0.552838,0.184373,3.04064,-0.552838,0.123507,3.03659
0.000114884,2.3495,2.76546,-12.1515,906593039,-0.543306,0.184528,3.03628,-0.543306,0.245394,3.04033,-0.545213,0.245394,3.04033,-0.545213,0.184528,3.03628,-0.543306,0.184507,3.03659,-0.543306,0.245373,3.04064,-0.545213,0.245373,3.04064,-0.545213,0.184507,3.03659
0.000293517,2.36209,2.6436,-15.179,906597185,-0.506594,0.245528,3.03628,-0.506594,0.306394,3.04033,-0.5085,0.306394,3.04033,-0.5085,0.245528,3.03628,-0.506594,0.245507,3.03659,-0.506594,0.306373,3.04064,-0.5085,0.306373,3.04064,-0.5085,0.245507,3.03659
0.000392269,2.37353,2.63723,-7.07194,906597189,-0.498969,0.245528,3.03628,-0.498969,0.306394,3.04033,-0.500875,0.306394,3.04033,-0.500875,0.245528,3.03628,-0.498969,0.245507,3.03659,-0.498969,0.306373,3.04064,-0.500875,0.306373,3.04064,-0.500875,0.245507,3.03659
0.000102787,2.33056,2.54138,-16.0442,906601289,-0.491344,0.306528,3.03628,-0.491344,0.367394,3.04033,-0.49325,0.367394,3.04033,-0.49325,0.306528,3.03628,-0.491344,0.306507,3.03659,-0.491344,0.367373,3.04064,-0.49325,0.367373,3.04064,-0.49325,0.306507,3.03659
0.000303405,2.33315,2.53957,-8.59308,906601290,-0.489437,0.306528,3.03628,-0.489437,0.367394,3.04033,-0.491344,0.367394,3.04033,-0.491344,0.306528,3.03628,-0.489437,0.306507,3.03659,-0.489437,0.367373,3.04064,-0.491344,0.367373,3.04064,-0.491344,0.306507,3.03659
0.000606869,2.33575,2.53775,-8.59308,906601291,-0.487531,0.306528,3.03628,-0.487531,0.367394,3.04033,-0.489438,0.367394,3.04033,-0.489438,0.306528,3.03628,-0.487531,0.306507,3.03659,-0.487531,0.367373,3.04064,-0.489438,0.367373,3.04064,-0.489438,0.306507,3.03659
0.000140313,2.33834,2.53592,-3.26945,906601292,-0.485625,0.306528,3.03628,-0.485625,0.367394,3.04033,-0.487531,0.367394,3.04033,-0.487531,0.306528,3.03628,-0.485625,0.306507,3.03659,-0.485625,0.367373,3.04064,-0.487531,0.367373,3.04064,-0.487531,0.306507,3.03659
0.000253949,2.42823,2.81988,4.28305,906851096,-0.489528,0.172344,3.08088,-0.489528,0.17425,3.08088,-0.550394,0.17425,3.08493,-0.550394,0.172344,3.08493,-0.489507,0.172344,3.08119,-0.489507,0.17425,3.08119,-0.550373,0.17425,3.08524,-0.550373,0.172344,3.08524
0.000245982,2.31543,2.80853,-1.7357,906855109,-0.550528,0.200025,3.08088,-0.550528,0.201931,3.08088,-0.611394,0.201931,3.08493,-0.611394,0.200025,3.08493,-0.550507,0.200025,3.08119,-0.550507,0.201931,3.08119,-0.611373,0.201931,3.08524,-0.611373,0.200025,3.08524
0.000821969,2.31444,2.80561,-5.51494,906855110,-0.550528,0.201931,3.08088,-0.550528,0.203837,3.08088,-0.611394,0.203837,3.08493,-0.611394,0.201931,3.08493,-0.550507,0.201931,3.08119,-0.550507,0.203837,3.08119,-0.611373,0.203837,3.08524,-0.611373,0.201931,3.08524
0.000138633,2.31242,2.79977,-21.8618,906855112,-0.550528,0.205744,3.08088,-0.550528,0.20765,3.08088,-0.611394,0.20765,3.08493,-0.611394,0.205744,3.08493,-0.550507,0.205744,3.08119,-0.550507,0.20765,3.08119,-0.611373,0.20765,3.08524,-0.611373,0.205744,3.08524
0.000204575,2.30299,2.7738,-2.50748,906855121,-0.550528,0.2229,3.08088,-0.550528,0.224806,3.08088,-0.611394,0.224806,3.08493,-0.611394,0.2229,3.08493,-0.550507,0.2229,3.08119,-0.550507,0.224806,3.08119,-0.611373,0.224806,3.08524,-0.611373,0.2229,3.08524
0.00027243,2.25723,2.66929,1.90731,906859222,-0.550528,0.295831,3.08088,-0.550528,0.297738,3.08088,-0.611394,0.297738,3.08493,-0.611394,0.295831,3.08493,-0.550507,0.295831,3.08119,-0.550507,0.297738,3.08119,-0.611373,0.297738,3.08524,-0.611373,0.295831,3.08524
0.00623514,2.24058,2.63726,1.05705,906863297,-0.550528,0.3197,3.08088,-0.550528,0.321606,3.08088,-0.611394,0.321606,3.08493,-0.611394,0.3197,3.08493,-0.550507,0.3197,3.08119,-0.550507,0.321606,3.08119,-0.611373,0.321606,3.08524,-0.611373,0.3197,3.08524
0.000553523,2.23374,2.62477,-3.61552,906863302,-0.550528,0.329231,3.08088,-0.550528,0.331138,3.08088,-0.611394,0.331138,3.08493,-0.611394,0.329231,3.08493,-0.550507,0.329231,3.08119,-0.550507,0.331138,3.08119,-0.611373,0.331138,3.08524,-0.611373,0.329231,3.08524
0.000244336,2.21551,2.59312,4.28305,906863315,-0.550528,0.354012,3.08088,-0.550528,0.355919,3.08088,-0.611394,0.355919,3.08493,-0.611394,0.354012,3.08493,-0.550507,0.354012,3.08119,-0.550507,0.355919,3.08119,-0.611373,0.355919,3.08524,-0.611373,0.354012,3.08524
0.000197295,2.32161,2.58898,-6.92287,906863361,-0.489528,0.3197,3.08088,-0.489528,0.321606,3.08088,-0.550394,0.321606,3.08493,-0.550394,0.3197,3.08493,-0.489507,0.3197,3.08119,-0.489507,0.321606,3.08119,-0.550373,0.321606,3.08524,-0.550373,0.3197,3.08524
0.000115254,2.32,2.58633,-5.84584,906863362,-0.489528,0.321606,3.08088,-0.489528,0.323512,3.08088,-0.550394,0.323512,3.08493,-0.550394,0.321606,3.08493,-0.489507,0.321606,3.08119,-0.489507,0.323512,3.08119,-0.550373,0.323512,3.08524,-0.550373,0.321606,3.08524
0.000366222,2.31677,2.58106,-5.98596,906863364,-0.489528,0.325419,3.08088,-0.489528,0.327325,3.08088,-0.550394,0.327325,3.08493,-0.550394,0.325419,3.08493,-0.489507,0.325419,3.08119,-0.489507,0.327325,3.08119,-0.550373,0.327325,3.08524,-0.550373,0.325419,3.08524
0.000776269,2.31515,2.57843,-7.30234,906863365,-0.489528,0.327325,3.08088,-0.489528,0.329231,3.08088,-0.550394,0.329231,3.08493,-0.550394,0.327325,3.08493,-0.489507,0.327325,3.08119,-0.489507,0.329231,3.08119,-0.550373,0.329231,3.08524,-0.550373,0.327325,3.08524
0.000475672,2.31352,2.57581,-2.71777,906863366,-0.489528,0.329231,3.08088,-0.489528,0.331138,3.08088,-0.550394,0.331138,3.08493,-0.550394,0.329231,3.08493,-0.489507,0.329231,3.08119,-0.489507,0.331138,3.08119,-0.550373,0.331138,3.08524,-0.550373,0.329231,3.08524
0.000426852,2.31189,2.5732,-1.69956,906863367,-0.489528,0.331137,3.08088,-0.489528,0.333044,3.08088,-0.550394,0.333044,3.08493,-0.550394,0.331137,3.08493,-0.489507,0.331137,3.08119,-0.489507,0.333044,3.08119,-0.550373,0.333044,3.08524,-0.550373,0.331137,3.08524
