energy,eta,phi,time,detid,front_1_x,front_1_y,front_1_z,front_2_x,front_2_y,front_2_z,front_3_x,front_3_y,front_3_z,front_4_x,front_4_y,front_4_z,back_1_x,back_1_y,back_1_z,back_2_x,back_2_y,back_2_z,back_3_x,back_3_y,back_3_z,back_4_x,back_4_y,back_4_z
0.279867,-0.0487914,2.18897,-42.5898,838862472,-0.75817,1.04733,-0.0748583,-0.758384,1.04765,-0.0513136,-0.739916,1.05921,-0.0513136,-0.739711,1.05889,-0.0748583,-0.88358,1.2401,-0.080542,-0.883811,1.24045,-0.0550975,-0.861941,1.25414,-0.0550975,-0.861719,1.25378,-0.0805421
0.285312,-0.103815,0.986551,3.31291,838863939,0.703331,1.08341,-0.14541,0.703866,1.08415,-0.123253,0.721526,1.07134,-0.123253,0.720958,1.07062,-0.14541,0.838177,1.26929,-0.158875,0.838809,1.27016,-0.132711,0.8597,1.25501,-0.132711,0.85903,1.25416,-0.158875
0.134491,-0.138424,0.689149,6.80258,838864946,0.990975,0.830607,-0.190634,0.992312,0.831629,-0.168522,1.00515,0.813987,-0.168522,1.00379,0.812998,-0.190634,1.17382,0.968588,-0.212083,1.1754,0.969795,-0.185971,1.19059,0.948926,-0.185971,1.18898,0.947757,-0.212083
0.113616,-0.155747,1.03821,-13.7782,838865478,0.647128,1.11945,-0.213293,0.648249,1.12118,-0.191213,0.666346,1.109,-0.191214,0.665191,1.10728,-0.213293,0.771528,1.31131,-0.238724,0.772852,1.31336,-0.212651,0.79426,1.29894,-0.212651,0.792896,1.29692,-0.238724
0.115657,-0.225131,1.24919,6.93888,838867538,0.398258,1.23002,-0.304781,0.399538,1.23339,-0.282776,0.419804,1.22521,-0.282776,0.418455,1.22187,-0.304781,0.47927,1.44139,-0.345868,0.480777,1.44536,-0.319967,0.504695,1.43571,-0.319967,0.503108,1.43178,-0.345868
0.133903,-0.433616,2.76625,20.8477,838873769,-1.2058,0.463192,-0.589926,-1.21311,0.46644,-0.568831,-1.20421,0.486467,-0.56883,-1.19696,0.483094,-0.589926,-1.40112,0.549979,-0.67498,-1.40964,0.553766,-0.650384,-1.39922,0.577225,-0.650384,-1.39076,0.573291,-0.67498
0.159372,-0.524652,-2.85335,54.8889,838876367,-1.23519,-0.377846,-0.721761,-1.24453,-0.380182,-0.701362,-1.24985,-0.358894,-0.701362,-1.24047,-0.356719,-0.721761,-1.43548,-0.427937,-0.823177,-1.44631,-0.430645,-0.799532,-1.45251,-0.405834,-0.799532,-1.44164,-0.403312,-0.823177
0.158167,-0.83828,0.0771309,54.4367,838885391,1.28689,0.11074,-1.22941,1.30161,0.111266,-1.21169,1.3024,0.0892399,-1.21169,1.28767,0.0889761,-1.22941,1.46176,0.11699,-1.3787,1.47835,0.117583,-1.35874,1.47925,0.0925363,-1.35874,1.46265,0.0922389,-1.3787
0.63814,-0.958253,-2.18986,-50.4176,838889205,-0.74028,-1.05846,-1.45268,-0.750266,-1.07126,-1.43625,-0.767658,-1.05769,-1.43625,-0.75745,-1.04506,-1.45268,-0.839728,-1.18593,-1.6163,-0.850903,-1.20025,-1.59791,-0.870547,-1.18493,-1.59791,-0.859125,-1.1708,-1.6163
0.298466,-1.0604,0.201713,47.6726,838892054,1.26435,0.270116,-1.66072,1.28169,0.272882,-1.64521,1.28478,0.251006,-1.64521,1.2674,0.248552,-1.66072,1.41301,0.29363,-1.83468,1.43213,0.29668,-1.81758,1.43557,0.272296,-1.81758,1.4164,0.26959,-1.83468
0.251642,-1.06107,0.219049,33.1573,838892055,1.25821,0.291725,-1.66072,1.2755,0.294784,-1.64521,1.27935,0.27303,-1.64521,1.26201,0.27028,-1.66072,1.4064,0.317954,-1.83468,1.42545,0.321328,-1.81758,1.42975,0.29708,-1.81758,1.41063,0.294048,-1.83468
0.255225,-1.07757,0.20171,46.8665,838892566,1.26435,0.270116,-1.6971,1.28185,0.272905,-1.68178,1.28494,0.251029,-1.68178,1.2674,0.248552,-1.6971,1.41121,0.293375,-1.87262,1.4305,0.29645,-1.85572,1.43394,0.272067,-1.85572,1.4146,0.269336,-1.87262
0.143783,-1.15136,-1.23299,24.524,838894892,0.439126,-1.21594,-1.8594,0.444566,-1.23365,-1.84468,0.423319,-1.23976,-1.84468,0.418197,-1.22196,-1.8594,0.480455,-1.35112,-2.04086,0.486412,-1.37051,-2.02474,0.462882,-1.37728,-2.02474,0.457274,-1.35779,-2.04086
0.302003,-1.33965,1.03786,-45.4397,838900294,0.647117,1.11946,-2.32205,0.658122,1.13644,-2.30911,0.676481,1.12407,-2.30911,0.66518,1.10729,-2.32205,0.713744,1.22206,-2.51684,0.725637,1.24041,-2.50285,0.745721,1.22689,-2.50285,0.733508,1.20875,-2.51684
0.132207,-1.4261,1.82234,25.5253,838902899,-0.332517,1.24811,-2.55868,-0.336888,1.26859,-2.54647,-0.31523,1.27322,-2.54647,-0.311219,1.25266,-2.55868,-0.356373,1.3599,-2.75827,-0.361067,1.38189,-2.74516,-0.337509,1.38692,-2.74516,-0.333201,1.36484,-2.75827
0.277675,-1.45959,1.31788,-47.5438,838903894,0.312485,1.25467,-2.65843,0.31865,1.27488,-2.64655,0.339717,1.26805,-2.64655,0.333202,1.24795,-2.65843,0.344949,1.36103,-2.85978,0.35157,1.38274,-2.84702,0.374485,1.37531,-2.84702,0.367488,1.35372,-2.85978
0.235003,-1.46041,-1.63381,49.7978,838904085,-0.0699496,-1.2897,-2.65843,-0.0721404,-1.31071,-2.64655,-0.0941669,-1.30842,-2.64655,-0.09161,-1.28744,-2.65843,-0.0814783,-1.40028,-2.85978,-0.0838313,-1.42285,-2.84702,-0.10779,-1.42036,-2.84702,-0.105044,-1.39783,-2.85978
0.148176,-1.47668,0.270676,13.6024,838904346,1.24282,0.356715,-2.70935,1.2635,0.361501,-2.69763,1.26811,0.339842,-2.69763,1.24736,0.335416,-2.70935,1.34963,0.381454,-2.91156,1.37184,0.386594,-2.89897,1.37686,0.363035,-2.89897,1.35457,0.358281,-2.91156
0.0947897,-1.47745,0.740618,-26.8832,838904373,0.945592,0.879947,-2.70935,0.961837,0.8936,-2.69763,0.976086,0.876647,-2.69763,0.959604,0.863275,-2.70935,1.02951,0.950477,-2.91156,1.04696,0.96514,-2.89897,1.06246,0.946699,-2.89897,1.04476,0.932339,-2.91156
0.19243,-1.47677,-1.19462,-0.82099,838904622,0.485569,-1.19824,-2.70935,0.492489,-1.2183,-2.69763,0.471432,-1.22516,-2.69763,0.464861,-1.20498,-2.70935,0.521331,-1.30188,-2.91156,0.528764,-1.32343,-2.89897,0.505859,-1.33089,-2.89897,0.498802,-1.30922,-2.91156
0.417533,0.0302958,1.56021,40.4915,838927460,0.0245506,1.29128,0.0508939,0.024544,1.29148,0.0273468,0.00276832,1.29074,0.0273468,0.00278541,1.29054,0.0508939,0.0167213,1.52113,0.054686,0.0167142,1.52134,0.0292388,-0.00907343,1.52046,0.0292388,-0.00905496,1.52025,0.054686
0.220686,0.067362,1.28412,0.0848436,838928468,0.375657,1.23576,0.0988267,0.375798,1.23632,0.075286,0.354663,1.24161,0.075286,0.354532,1.24105,0.0988267,0.431508,1.45875,0.106402,0.431661,1.45936,0.0809616,0.406631,1.46563,0.0809616,0.40649,1.46502,0.106402
0.146973,0.0857997,1.23244,-26.511,838928977,0.439383,1.21585,0.122801,0.439607,1.21659,0.0992656,0.418669,1.22262,0.0992656,0.418455,1.22187,0.122801,0.506826,1.43558,0.132267,0.507068,1.43638,0.106832,0.482273,1.44352,0.106833,0.482041,1.44271,0.132267
0.182702,0.0858678,1.28412,-4.68151,838928980,0.375657,1.23576,0.122801,0.375845,1.23651,0.0992656,0.35471,1.2418,0.0992656,0.354532,1.24105,0.122801,0.431491,1.45868,0.132267,0.431695,1.4595,0.106832,0.406665,1.46576,0.106833,0.406473,1.46495,0.132267
0.320233,0.103817,1.31864,3.23529,838929494,0.332805,1.24804,0.14541,0.332996,1.24893,0.123253,0.31166,1.25349,0.123253,0.311508,1.25259,0.14541,0.380784,1.47261,0.158875,0.381009,1.47366,0.132711,0.355769,1.47906,0.132711,0.35559,1.47799,0.158875
0.331476,0.103724,1.33598,2.40053,838929495,0.311407,1.25494,0.14541,0.311605,1.25583,0.123253,0.290123,1.25964,0.123253,0.289964,1.25874,0.14541,0.355436,1.48035,0.158875,0.35567,1.48141,0.132711,0.330257,1.48591,0.132711,0.330069,1.48485,0.158875
0.150526,0.121193,1.31865,-17.5619,838930006,0.332805,1.24804,0.168009,0.333076,1.24931,0.145871,0.31174,1.25386,0.145871,0.311508,1.25259,0.168009,0.380728,1.47235,0.185468,0.381048,1.47385,0.159326,0.355808,1.47924,0.159326,0.355534,1.47773,0.185468
0.176003,0.155891,1.14216,3.30806,838931020,0.546778,1.17021,0.213293,0.547555,1.17212,0.191213,0.527333,1.18032,0.191213,0.526594,1.17838,0.213293,0.632615,1.38211,0.238724,0.633532,1.38437,0.212651,0.609611,1.39406,0.212651,0.608738,1.39178,0.238724
0.133773,0.155767,1.19402,-2.0058,838931023,0.485819,1.19814,0.213293,0.486497,1.20009,0.191214,0.465753,1.20685,0.191213,0.465113,1.20488,0.213293,0.560442,1.41428,0.238724,0.561243,1.41658,0.212651,0.536704,1.42458,0.212651,0.535948,1.42226,0.238724
0.138006,0.173065,0.810451,1.63043,838931513,0.898955,0.9293,0.235992,0.900562,0.931151,0.213952,0.883861,0.945189,0.213952,0.882284,0.943313,0.235992,1.04881,1.10138,0.265397,1.05071,1.10356,0.239371,1.03095,1.12017,0.239371,1.02909,1.11796,0.265397
0.18904,0.173225,0.900573,44.4094,838931518,0.810785,1.00531,0.235992,0.812228,1.00729,0.213952,0.794591,1.02013,0.213952,0.79318,1.01813,0.235992,0.945088,1.18974,0.265397,0.946792,1.19208,0.239371,0.925929,1.20727,0.239371,0.924263,1.2049,0.265397
0.150399,0.173052,1.40504,-1.91266,838931547,0.224119,1.27346,0.235992,0.224417,1.2759,0.213952,0.202721,1.2782,0.213952,0.202463,1.27576,0.235992,0.252147,1.49992,0.265397,0.252499,1.50279,0.239371,0.226834,1.50551,0.239371,0.226529,1.50264,0.265397
0.146949,0.190584,0.900586,5.62618,838932030,0.810785,1.00531,0.258872,0.812462,1.00761,0.236756,0.794799,1.02048,0.236756,0.79318,1.01813,0.258872,0.944771,1.1893,0.292181,0.946746,1.19201,0.26615,0.925898,1.2072,0.26615,0.923993,1.20443,0.292181
0.228398,0.190413,0.917928,11.2846,838932031,0.794044,1.02032,0.258872,0.795701,1.02264,0.236756,0.777599,1.03488,0.236756,0.776003,1.03251,0.258872,0.924775,1.20668,0.292181,0.926725,1.20941,0.26615,0.90536,1.22385,0.26615,0.903481,1.22108,0.292181
0.184083,0.207964,0.900592,19.4313,838932542,0.810785,1.00531,0.281796,0.812685,1.00792,0.259733,0.795021,1.02078,0.259733,0.79318,1.01813,0.281796,0.944416,1.18881,0.319,0.946652,1.19189,0.293029,0.925805,1.20707,0.293029,0.923638,1.20395,0.319
0.184345,0.225102,0.706932,-6.84932,838933043,0.990252,0.831468,0.304781,0.992899,0.833918,0.282776,0.977735,0.849651,0.282776,0.975139,0.847149,0.304781,1.15594,0.985711,0.345868,1.15905,0.988594,0.319967,1.14116,1.00716,0.319967,1.1381,1.00422,0.345868
0.138702,0.225124,1.26701,-30.4446,838933075,0.397189,1.23036,0.304781,0.398136,1.23384,0.282776,0.376939,1.23915,0.282776,0.376063,1.23565,0.304781,0.455986,1.44896,0.345868,0.457101,1.45306,0.319967,0.432084,1.45932,0.319967,0.431053,1.45521,0.345868
0.133988,0.225131,1.54312,-2.82557,838933091,0.0467346,1.29204,0.304781,0.046685,1.29564,0.282776,0.0248466,1.2949,0.282776,0.0249694,1.2913,0.304781,0.0429528,1.51838,0.345868,0.0428944,1.52262,0.319967,0.0171196,1.52174,0.319967,0.0172641,1.5175,0.345868
0.17513,0.225124,1.61608,-11.9516,838933095,-0.047574,1.29201,0.304781,-0.0478743,1.2956,0.282776,-0.069608,1.29334,0.282776,-0.0692349,1.28976,0.304781,-0.0670878,1.51754,0.345868,-0.0674413,1.52177,0.319967,-0.0930926,1.5191,0.319967,-0.0926535,1.51488,0.345868
0.0981751,0.242644,1.10768,26.5775,838933578,0.586848,1.15068,0.327834,0.588471,1.15431,0.305894,0.568518,1.16322,0.305894,0.566962,1.15955,0.327834,0.6788,1.35669,0.372792,0.68071,1.36097,0.346968,0.65716,1.37148,0.346967,0.655328,1.36716,0.372792
0.110882,0.242677,1.21123,54.0465,838933584,0.464714,1.20501,0.327834,0.465948,1.2088,0.305894,0.445172,1.21557,0.305894,0.444008,1.21176,0.327834,0.534611,1.41951,0.372793,0.536064,1.42397,0.346968,0.511543,1.43196,0.346967,0.510173,1.42747,0.372792
0.153578,0.242453,1.61608,-13.659,838933607,-0.047574,1.29201,0.327834,-0.0479132,1.29598,0.305894,-0.0696469,1.29372,0.305894,-0.0692349,1.28976,0.327834,-0.0670116,1.5168,0.372792,-0.0674108,1.52147,0.346968,-0.0930622,1.51881,0.346968,-0.0925772,1.51414,0.372793
0.11486,0.259963,1.07318,-4.01038,838934088,0.626212,1.12976,0.350962,0.628126,1.13368,0.329094,0.608496,1.14327,0.329094,0.606648,1.13933,0.350962,0.72495,1.33171,0.399779,0.727202,1.33632,0.374038,0.704034,1.34765,0.374038,0.701858,1.343,0.399779
0.117728,0.259772,1.19407,16.12,838934095,0.485819,1.19814,0.350962,0.487239,1.20226,0.329094,0.466463,1.20903,0.329094,0.465113,1.20488,0.350962,0.5592,1.41065,0.399779,0.560871,1.4155,0.374038,0.536351,1.42349,0.374038,0.534762,1.41862,0.399779
0.121539,0.260004,1.21123,25.133,838934096,0.464714,1.20501,0.350962,0.466064,1.20916,0.329094,0.445289,1.21593,0.329094,0.444008,1.21176,0.350962,0.534363,1.41875,0.399779,0.535952,1.42362,0.374038,0.511431,1.43161,0.374038,0.509924,1.42671,0.399779
0.109919,0.25974,1.37057,-19.9089,838934105,0.267925,1.26496,0.350962,0.268608,1.26927,0.329094,0.246973,1.27233,0.329094,0.246362,1.26802,0.350962,0.303317,1.48699,0.399779,0.304121,1.49205,0.374038,0.278586,1.49567,0.374038,0.277867,1.49059,0.399779
0.345405,0.259976,1.49127,3.04899,838934112,0.113568,1.28665,0.350962,0.113724,1.291,0.329094,0.0918875,1.29178,0.329094,0.0918046,1.28743,0.350962,0.121618,1.5113,0.399779,0.121801,1.51642,0.374038,0.0960282,1.51734,0.374038,0.0959306,1.51222,0.399779
0.967838,0.259758,1.50862,-1.08884,838934113,0.0912971,1.28972,0.350962,0.0913742,1.29408,0.329094,0.0695232,1.2941,0.329094,0.0695193,1.28974,0.350962,0.0954213,1.51451,0.399779,0.095512,1.51964,0.374038,0.0697222,1.51966,0.374038,0.0697177,1.51454,0.399779
0.260466,0.259988,1.52578,-2.68755,838934114,0.0690997,1.28974,0.350962,0.0691036,1.2941,0.329094,0.0472526,1.29412,0.329094,0.0473219,1.28976,0.350962,0.069298,1.51454,0.399779,0.0693026,1.51967,0.374038,0.0435128,1.51969,0.374038,0.0435944,1.51456,0.399779
0.141629,0.259739,-3.13277,47.3622,838934207,-1.29303,-0.000419955,0.350962,-1.29739,-0.000646681,0.329094,-1.29588,-0.0224459,0.329094,-1.29154,-0.0221462,0.350962,-1.51757,-0.0119689,0.399779,-1.52269,-0.0122357,0.374038,-1.52091,-0.0379644,0.374038,-1.5158,-0.0376115,0.399779
0.12486,0.27712,1.19407,-18.7941,838934607,0.48582,1.19814,0.374308,0.487394,1.20263,0.352398,0.466588,1.20941,0.352398,0.465114,1.20488,0.374308,0.558857,1.40987,0.42688,0.560702,1.41513,0.4012,0.536226,1.42311,0.4012,0.534499,1.41781,0.42688
0.0990555,0.277367,1.21125,0.913271,838934608,0.464714,1.20501,0.374308,0.466188,1.20954,0.352398,0.445381,1.21632,0.352398,0.444008,1.21176,0.374308,0.534099,1.41794,0.42688,0.535826,1.42324,0.4012,0.511351,1.43121,0.4012,0.509741,1.42587,0.42688
0.183618,0.277351,1.5258,3.25663,838934626,0.0690991,1.28974,0.374308,0.0691034,1.2945,0.352398,0.04722,1.29452,0.352398,0.0473213,1.28976,0.374308,0.0692967,1.51369,0.42688,0.0693017,1.51926,0.4012,0.0435593,1.51928,0.4012,0.0436781,1.51371,0.42688
0.383253,0.294468,0.952487,-2.90666,838935105,0.758401,1.04716,0.397732,0.76121,1.05145,0.375905,0.742664,1.06306,0.375905,0.739944,1.05872,0.397732,0.880042,1.23414,0.454045,0.883334,1.23917,0.428462,0.861518,1.25283,0.428462,0.85833,1.24774,0.454045
0.119845,0.29449,1.19408,-13.1212,838935119,0.48582,1.19814,0.397732,0.487508,1.20297,0.375905,0.466701,1.20975,0.375905,0.465114,1.20488,0.397732,0.558574,1.409,0.454045,0.560553,1.41467,0.428462,0.536077,1.42265,0.428462,0.534216,1.41694,0.454045
0.0995804,0.294499,1.23252,-14.8125,838935121,0.439384,1.21584,0.397732,0.440903,1.22074,0.375905,0.419874,1.22679,0.375905,0.418456,1.22187,0.397732,0.504785,1.42911,0.454045,0.506565,1.43484,0.428462,0.481828,1.44197,0.428462,0.480166,1.4362,0.454045
0.214418,0.294453,1.40509,5.41219,838935131,0.22412,1.27346,0.397732,0.224766,1.27855,0.375905,0.203004,1.28086,0.375905,0.202464,1.27576,0.397732,0.251466,1.49485,0.454045,0.252222,1.50081,0.428462,0.226624,1.50352,0.428462,0.22599,1.49755,0.454045
0.152206,0.294706,1.42226,8.59977,838935132,0.202045,1.27581,0.397732,0.202586,1.2809,0.375905,0.180824,1.28321,0.375905,0.180389,1.2781,0.397732,0.225572,1.49759,0.454045,0.226205,1.50357,0.428462,0.200606,1.50628,0.428462,0.200096,1.5003,0.454045
-0.0317377,0.312099,1.17674,-1.59282,838935630,0.50605,1.18833,0.421251,0.507931,1.19348,0.399514,0.487374,1.20099,0.399514,0.485592,1.19579,0.421251,0.582182,1.39693,0.48129,0.584388,1.40297,0.455811,0.560205,1.4118,0.455811,0.558116,1.40571,0.48129
0.000492704,0.311842,1.19409,-4.59963,838935631,0.48582,1.19813,0.421251,0.487621,1.20332,0.399514,0.466814,1.2101,0.399514,0.465114,1.20488,0.421251,0.558273,1.40808,0.48129,0.560383,1.41415,0.455811,0.535908,1.42213,0.455811,0.533915,1.41601,0.48129
-0.16052,0.312118,1.21126,-4.46253,838935632,0.464714,1.20501,0.421251,0.466414,1.21023,0.399514,0.445607,1.21701,0.399514,0.444008,1.21176,0.421251,0.533515,1.41614,0.48129,0.535507,1.42226,0.455811,0.511032,1.43024,0.455811,0.509157,1.42408,0.48129
0.0463524,0.311851,1.23253,-2.89046,838935633,0.439384,1.21584,0.421251,0.441004,1.22109,0.399514,0.419975,1.22714,0.399514,0.418456,1.22187,0.421251,0.504515,1.42817,0.48129,0.506414,1.43432,0.455811,0.481677,1.44144,0.455811,0.479897,1.43526,0.48129
0.0798469,0.312108,1.2497,26.2601,838935634,0.418052,1.22199,0.421251,0.41957,1.22726,0.399514,0.398541,1.23332,0.399514,0.397124,1.22801,0.421251,0.479493,1.43538,0.48129,0.481272,1.44156,0.455811,0.456535,1.44868,0.455811,0.454874,1.44246,0.48129
0.0423101,0.311833,1.26705,-2.82664,838935635,0.397189,1.23036,0.421251,0.398625,1.23566,0.399514,0.377397,1.24098,0.399514,0.376064,1.23565,0.421251,0.454865,1.44484,0.48129,0.456548,1.45105,0.455811,0.431577,1.4573,0.455811,0.430014,1.45106,0.48129
0.0773139,0.312091,1.28422,46.0926,838935636,0.375656,1.23576,0.421251,0.376989,1.24108,0.399514,0.355761,1.2464,0.399514,0.35453,1.24105,0.421251,0.429606,1.45116,0.48129,0.431169,1.4574,0.455811,0.406198,1.46366,0.455811,0.404755,1.45739,0.48129
-0.00904339,0.311819,1.30156,-3.24569,838935637,0.354513,1.2434,0.421251,0.355763,1.24874,0.399514,0.334362,1.25332,0.399514,0.333216,1.24795,0.421251,0.404663,1.45976,0.48129,0.406128,1.46602,0.455811,0.380954,1.4714,0.455811,0.37961,1.46511,0.48129
-0.0157861,0.312079,1.31873,-3.99971,838935638,0.332804,1.24804,0.421251,0.333951,1.2534,0.399514,0.31255,1.25798,0.399514,0.311507,1.25259,0.421251,0.379199,1.4652,0.48129,0.380543,1.47149,0.455811,0.355368,1.47686,0.455811,0.354146,1.47055,0.48129
0.0317899,0.311809,1.33608,-3.95525,838935639,0.311408,1.25494,0.421251,0.31247,1.26032,0.399514,0.290923,1.26414,0.399514,0.289965,1.25874,0.421251,0.353971,1.47291,0.48129,0.355216,1.47922,0.455811,0.32987,1.48372,0.455811,0.328746,1.47739,0.48129
0.0166234,0.312072,1.35324,-4.0485,838935640,0.28955,1.25881,0.421251,0.290509,1.26422,0.399514,0.268962,1.26804,0.399514,0.268107,1.26262,0.421251,0.328332,1.47746,0.48129,0.329455,1.48379,0.455811,0.304109,1.48829,0.455811,0.303107,1.48193,0.48129
0.0618993,0.311803,1.37059,26.9411,838935641,0.267926,1.26496,0.421251,0.268799,1.27038,0.399514,0.247132,1.27345,0.399514,0.246363,1.26802,0.421251,0.30285,1.48429,0.48129,0.303874,1.49064,0.455811,0.278386,1.49425,0.455811,0.277485,1.48788,0.48129
0.151918,0.312068,1.38776,17.4103,838935642,0.245946,1.26807,0.421251,0.246715,1.27351,0.399514,0.225048,1.27657,0.399514,0.224383,1.27113,0.421251,0.277068,1.48794,0.48129,0.277969,1.49431,0.455811,0.252481,1.49792,0.455811,0.251702,1.49153,0.48129
0.118581,0.311802,1.4051,-15.4618,838935643,0.22412,1.27346,0.421251,0.224804,1.27891,0.399514,0.203043,1.28122,0.399514,0.202464,1.27576,0.421251,0.251363,1.49388,0.48129,0.252165,1.50026,0.455811,0.226566,1.50298,0.455811,0.225888,1.49658,0.48129
0.0366969,0.312069,1.42227,-3.10566,838935644,0.202045,1.27581,0.421251,0.202624,1.28126,0.399514,0.180863,1.28357,0.399514,0.180389,1.2781,0.421251,0.225469,1.49663,0.48129,0.226148,1.50302,0.455811,0.200549,1.50574,0.455811,0.199993,1.49933,0.48129
0.100788,0.329421,1.10772,-7.62641,838936138,0.586848,1.15068,0.444874,0.589233,1.15602,0.423231,0.569249,1.16494,0.423231,0.566961,1.15956,0.444874,0.676935,1.35251,0.508621,0.67973,1.35877,0.483254,0.656223,1.36926,0.483254,0.653541,1.36295,0.508621
0.0104626,0.329446,1.17675,-2.87752,838936142,0.50605,1.18833,0.444874,0.508056,1.19382,0.423231,0.487499,1.20133,0.423231,0.485592,1.19579,0.444874,0.581827,1.39595,0.508621,0.584178,1.4024,0.483254,0.559996,1.41122,0.483254,0.557761,1.40474,0.508621
0.0519474,0.329176,1.1941,-3.52481,838936143,0.48582,1.19814,0.444874,0.487733,1.20367,0.423231,0.466927,1.21045,0.423231,0.465114,1.20488,0.444874,0.557952,1.40709,0.508621,0.560194,1.41357,0.483254,0.535718,1.42155,0.483254,0.533594,1.41503,0.508621
0.469639,0.329466,1.21127,1.29393,838936144,0.464714,1.20501,0.444874,0.466527,1.21058,0.423231,0.44572,1.21736,0.423231,0.444008,1.21176,0.444874,0.533194,1.41516,0.508621,0.535318,1.42168,0.483254,0.510843,1.42966,0.483254,0.508836,1.4231,0.508621
0.63223,0.329186,1.23254,0.17457,838936145,0.439384,1.21584,0.444874,0.441104,1.22144,0.423231,0.420075,1.22749,0.423231,0.418456,1.22187,0.444874,0.504229,1.42718,0.508621,0.506245,1.43373,0.483254,0.481508,1.44085,0.483254,0.47961,1.43426,0.508621
0.14614,0.329455,1.24971,6.68244,838936146,0.418052,1.22199,0.444874,0.419671,1.22761,0.423231,0.398642,1.23366,0.423231,0.397124,1.22801,0.444874,0.479206,1.43438,0.508621,0.481103,1.44097,0.483254,0.456366,1.44809,0.483254,0.454587,1.44147,0.508621
0.0132602,0.329166,1.26705,-2.77173,838936147,0.397189,1.23036,0.444874,0.398713,1.23601,0.423231,0.377485,1.24133,0.423231,0.376064,1.23565,0.444874,0.454614,1.44383,0.508621,0.4564,1.45045,0.483254,0.431429,1.45671,0.483254,0.429763,1.45006,0.508621
0.0435946,0.329438,1.28422,-3.23219,838936148,0.375656,1.23576,0.444874,0.377077,1.24143,0.423231,0.355849,1.24675,0.423231,0.35453,1.24105,0.444874,0.429354,1.45016,0.508621,0.431021,1.45681,0.483254,0.40605,1.46306,0.483254,0.404503,1.45638,0.508621
0.0944522,0.329152,1.30157,-20.1525,838936149,0.354513,1.2434,0.444874,0.355839,1.2491,0.423231,0.334438,1.25367,0.423231,0.333216,1.24795,0.444874,0.404447,1.45874,0.508621,0.406001,1.46542,0.483254,0.380827,1.4708,0.483254,0.379394,1.4641,0.508621
0.110194,0.329425,1.31874,5.39295,838936150,0.332804,1.24804,0.444874,0.334027,1.25376,0.423231,0.312626,1.25833,0.423231,0.311507,1.25259,0.444874,0.378982,1.46418,0.508621,0.380415,1.47089,0.483254,0.355241,1.47627,0.483254,0.353929,1.46954,0.508621
0.298496,0.329141,1.33608,11.9907,838936151,0.311408,1.25494,0.444874,0.312534,1.26068,0.423231,0.290986,1.2645,0.423231,0.289965,1.25874,0.444874,0.35379,1.47189,0.508621,0.35511,1.47862,0.483254,0.329763,1.48312,0.483254,0.328565,1.47637,0.508621
0.0923409,0.329417,1.35325,23.2343,838936152,0.28955,1.25881,0.444874,0.290572,1.26458,0.423231,0.269025,1.2684,0.423231,0.268107,1.26262,0.444874,0.328151,1.47644,0.508621,0.329349,1.48319,0.483254,0.304002,1.48769,0.483254,0.302926,1.48091,0.508621
-0.0398395,0.329135,1.3706,-3.30072,838936153,0.267926,1.26496,0.444874,0.26885,1.27074,0.423231,0.247183,1.27381,0.423231,0.246363,1.26802,0.444874,0.302705,1.48327,0.508621,0.303789,1.49004,0.483254,0.2783,1.49365,0.483254,0.277339,1.48686,0.508621
0.00653693,0.329414,1.38776,-2.9415,838936154,0.245946,1.26807,0.444874,0.246766,1.27387,0.423231,0.225099,1.27693,0.423231,0.224383,1.27113,0.444874,0.276923,1.48692,0.508621,0.277884,1.49371,0.483254,0.252395,1.49731,0.483254,0.251557,1.49051,0.508621
0.00764247,0.329134,1.40511,-3.72882,838936155,0.22412,1.27346,0.444874,0.224842,1.27927,0.423231,0.203081,1.28158,0.423231,0.202464,1.27576,0.444874,0.251254,1.49285,0.508621,0.2521,1.49965,0.483254,0.226502,1.50237,0.483254,0.225778,1.49555,0.508621
0.0382516,0.329415,1.42227,-3.11469,838936156,0.202045,1.2758,0.444874,0.202663,1.28162,0.423231,0.180901,1.28393,0.423231,0.180389,1.2781,0.444874,0.22536,1.49559,0.508621,0.226083,1.50241,0.483254,0.200484,1.50513,0.483254,0.199884,1.4983,0.508621
0.144898,0.346462,1.12508,11.3359,838936651,0.567352,1.16187,0.468607,0.569782,1.16759,0.447065,0.5495,1.17581,0.447065,0.547168,1.17005,0.468606,0.653483,1.36427,0.536045,0.656331,1.37097,0.510795,0.632472,1.38064,0.510795,0.629738,1.37389,0.536045
0.030912,0.346777,1.17675,-2.32779,838936654,0.50605,1.18833,0.468606,0.50818,1.19416,0.447065,0.487622,1.20167,0.447065,0.485592,1.19579,0.468606,0.581451,1.39492,0.536045,0.583947,1.40176,0.510795,0.559765,1.41059,0.510795,0.557385,1.40371,0.536045
0.202417,0.346493,1.19411,2.71965,838936655,0.48582,1.19814,0.468606,0.487845,1.20401,0.447065,0.467039,1.21079,0.447065,0.465114,1.20488,0.468607,0.557611,1.40605,0.536045,0.559985,1.41293,0.510795,0.535509,1.42091,0.510795,0.533253,1.41399,0.536045
1.76869,0.346797,1.21127,0.958878,838936656,0.464714,1.20501,0.468606,0.466639,1.21092,0.447065,0.445832,1.2177,0.447065,0.444008,1.21176,0.468606,0.532853,1.41412,0.536045,0.535109,1.42104,0.510795,0.510634,1.42901,0.510795,0.508495,1.42205,0.536045
7.45649,0.346503,1.23255,0.504976,838936657,0.439384,1.21584,0.468606,0.441204,1.22179,0.447065,0.420175,1.22784,0.447065,0.418456,1.22187,0.468606,0.503925,1.42612,0.536045,0.506059,1.43308,0.510795,0.481321,1.44021,0.510795,0.479307,1.43321,0.536045
0.423053,0.346786,1.24971,3.10904,838936658,0.418052,1.22199,0.468606,0.419771,1.22796,0.447065,0.398742,1.23401,0.447065,0.397124,1.22801,0.468607,0.478902,1.43333,0.536045,0.480917,1.44032,0.510795,0.456179,1.44745,0.510795,0.454284,1.44041,0.536045
0.288529,0.346483,1.26706,1.81631,838936659,0.397189,1.23036,0.468607,0.398801,1.23636,0.447065,0.377573,1.24168,0.447065,0.376064,1.23565,0.468606,0.454347,1.44277,0.536045,0.456236,1.4498,0.510795,0.431265,1.45605,0.510795,0.429496,1.44899,0.536045
0.134487,0.346768,1.28423,8.92983,838936660,0.375656,1.23576,0.468606,0.377165,1.24178,0.447065,0.355937,1.2471,0.447065,0.35453,1.24105,0.468606,0.429088,1.44909,0.536045,0.430857,1.45616,0.510795,0.405886,1.46241,0.510795,0.404237,1.45532,0.536045
0.0754383,0.346467,1.30158,-4.74178,838936661,0.354513,1.2434,0.468607,0.355914,1.24945,0.447065,0.334514,1.25402,0.447065,0.333216,1.24795,0.468606,0.404218,1.45767,0.536045,0.40586,1.46476,0.510795,0.380686,1.47014,0.510795,0.379164,1.46302,0.536045
0.5803,0.346755,1.31874,3.75635,838936662,0.332804,1.24804,0.468607,0.334102,1.25411,0.447065,0.312702,1.25868,0.447065,0.311507,1.25259,0.468606,0.378753,1.46311,0.536045,0.380274,1.47023,0.510795,0.3551,1.47561,0.510795,0.3537,1.46846,0.536045
0.464567,0.346457,1.33609,-11.3897,838936663,0.311408,1.25494,0.468606,0.312597,1.26104,0.447065,0.29105,1.26486,0.447065,0.289965,1.25874,0.468607,0.353598,1.47081,0.536045,0.354992,1.47796,0.510795,0.329645,1.48246,0.510795,0.328374,1.47529,0.536045
0.160469,0.346746,1.35325,-3.51111,838936664,0.28955,1.25881,0.468606,0.290635,1.26493,0.447065,0.269088,1.26875,0.447065,0.268107,1.26262,0.468606,0.327959,1.47536,0.536045,0.329231,1.48253,0.510795,0.303884,1.48702,0.510795,0.302734,1.47983,0.536045
0.0315135,0.346451,1.3706,-2.52877,838936665,0.267926,1.26496,0.468607,0.268901,1.2711,0.447065,0.247234,1.27417,0.447065,0.246363,1.26801,0.468606,0.302551,1.48218,0.536045,0.303694,1.48937,0.510795,0.278206,1.49298,0.510795,0.277185,1.48577,0.536045
0.0378365,0.346743,1.38777,-3.72057,838936666,0.245946,1.26807,0.468606,0.246817,1.27423,0.447065,0.225149,1.27729,0.447065,0.224383,1.27113,0.468607,0.276769,1.48583,0.536045,0.277789,1.49304,0.510795,0.252301,1.49665,0.510795,0.251403,1.48942,0.536045
0.110051,0.346449,1.40512,-37.5608,838936667,0.22412,1.27346,0.468606,0.22488,1.27963,0.447065,0.203119,1.28194,0.447065,0.202464,1.27576,0.468606,0.251138,1.49176,0.536045,0.252029,1.49898,0.510795,0.22643,1.5017,0.510795,0.225662,1.49446,0.536045
0.0896766,0.346744,1.42228,-26.4154,838936668,0.202045,1.2758,0.468607,0.202701,1.28198,0.447065,0.180939,1.28429,0.447065,0.180389,1.2781,0.468606,0.225244,1.4945,0.536045,0.226012,1.50174,0.510795,0.200413,1.50446,0.510795,0.199768,1.49721,0.536045
-0.087498,0.346453,1.43963,-3.54566,838936669,0.180044,1.28043,0.468606,0.180589,1.28662,0.447065,0.15876,1.28817,0.447065,0.158321,1.28197,0.468606,0.199422,1.49953,0.536045,0.20006,1.50679,0.510795,0.174382,1.50861,0.510795,0.173867,1.50134,0.536045
0.147754,0.346503,1.58161,32.8578,838936677,-0.00295761,1.2928,0.468606,-0.00327885,1.299,0.447065,-0.0251106,1.2975,0.447065,-0.024684,1.2913,0.468606,-0.0142276,1.51247,0.536045,-0.0146041,1.51974,0.510795,-0.0402857,1.51797,0.510795,-0.0397857,1.51071,0.536045
0.211119,0.346457,1.68516,-3.00793,838936683,-0.136586,1.28576,0.468607,-0.137555,1.2919,0.447065,-0.15911,1.28812,0.447065,-0.158037,1.282,0.468606,-0.170773,1.50305,0.536045,-0.171909,1.51024,0.510795,-0.197264,1.5058,0.510795,-0.196007,1.49863,0.536045
0.0413945,0.364151,1.17677,-3.96725,838937166,0.506049,1.18833,0.492617,0.508316,1.19454,0.471046,0.48773,1.20205,0.471046,0.485591,1.19579,0.492617,0.581064,1.39387,0.563617,0.583708,1.40111,0.538468,0.559593,1.40991,0.538468,0.5571,1.40261,0.563617
1.21379,0.363854,1.19411,-9.97807,838937167,0.485821,1.19813,0.492617,0.488,1.20438,0.471046,0.467164,1.21117,0.471046,0.465115,1.20488,0.492617,0.55716,1.40501,0.563617,0.559701,1.41229,0.538468,0.535294,1.42025,0.538468,0.532905,1.41291,0.563617
3.93173,0.364173,1.21128,0.247369,838937168,0.464713,1.20501,0.492617,0.466762,1.2113,0.471046,0.445926,1.21809,0.471046,0.444007,1.21176,0.492617,0.532504,1.41305,0.563617,0.534893,1.42038,0.538467,0.510486,1.42833,0.538468,0.508249,1.42095,0.563617
0.9149,0.363865,1.23255,1.31637,838937169,0.439385,1.21584,0.492617,0.441346,1.22216,0.471046,0.420287,1.22823,0.471046,0.418457,1.22187,0.492617,0.50351,1.42507,0.563617,0.505797,1.43243,0.538467,0.481129,1.43954,0.538467,0.478996,1.43213,0.563617
0.639247,0.364161,1.24972,-1.50583,838937170,0.418051,1.22199,0.492617,0.419881,1.22834,0.471046,0.398822,1.23441,0.471046,0.397124,1.22801,0.492617,0.47859,1.43224,0.563617,0.480723,1.43965,0.538468,0.456055,1.44676,0.538468,0.454075,1.4393,0.563617
5.44077,0.363844,1.26707,0.4279,838937171,0.39719,1.23036,0.492617,0.398929,1.23675,0.471046,0.377671,1.24207,0.471046,0.376065,1.23565,0.492617,0.453969,1.4417,0.563617,0.455997,1.44914,0.538468,0.431096,1.45538,0.538468,0.429223,1.4479,0.563617
0.520931,0.364142,1.28424,-0.568458,838937172,0.375655,1.23576,0.492617,0.377262,1.24217,0.471046,0.356004,1.2475,0.471046,0.35453,1.24105,0.492617,0.428813,1.448,0.563617,0.430687,1.45548,0.538468,0.405786,1.46172,0.538468,0.404067,1.4542,0.563617
1.11433,0.363828,1.30158,-2.73898,838937173,0.354514,1.2434,0.492617,0.356029,1.24984,0.471046,0.334598,1.25442,0.471046,0.333217,1.24795,0.492617,0.403877,1.45659,0.563617,0.405644,1.4641,0.538468,0.380541,1.46946,0.538468,0.37893,1.46192,0.563617
2.02991,0.364128,1.31875,0.269205,838937174,0.332804,1.24804,0.492617,0.334185,1.25451,0.471046,0.312754,1.25908,0.471046,0.311506,1.25259,0.492617,0.378517,1.46201,0.563617,0.380128,1.46955,0.538468,0.355024,1.47491,0.538468,0.353569,1.46734,0.563617
0.432402,0.363816,1.33609,-4.21758,838937175,0.311408,1.25494,0.492617,0.312698,1.26143,0.471046,0.29112,1.26525,0.471046,0.289965,1.25874,0.492617,0.353296,1.46972,0.563617,0.3548,1.47729,0.538468,0.329524,1.48177,0.538468,0.328178,1.47418,0.563617
0.165864,0.364119,1.35327,-12.54,838937176,0.28955,1.25881,0.492617,0.290705,1.26533,0.471046,0.269127,1.26915,0.471046,0.268106,1.26262,0.492617,0.327762,1.47425,0.563617,0.329109,1.48184,0.538468,0.303833,1.48633,0.538468,0.302644,1.47871,0.563617
0.124448,0.36381,1.37061,0.516801,838937177,0.267926,1.26496,0.492617,0.268989,1.27149,0.471046,0.24729,1.27456,0.471046,0.246364,1.26801,0.492617,0.302287,1.48108,0.563617,0.303526,1.48869,0.538467,0.278109,1.49229,0.538467,0.277028,1.48465,0.563617
0.0535902,0.364116,1.38778,-4.49195,838937178,0.245946,1.26807,0.492617,0.246872,1.27462,0.471046,0.225174,1.27769,0.471046,0.224383,1.27113,0.492617,0.27661,1.48471,0.563617,0.277691,1.49235,0.538468,0.252274,1.49595,0.538468,0.251352,1.48829,0.563617
-0.00370678,0.363809,1.40512,-3.58172,838937179,0.224121,1.27346,0.492617,0.224955,1.28003,0.471046,0.203162,1.28234,0.471046,0.202465,1.27576,0.492617,0.250913,1.49065,0.563617,0.251885,1.4983,0.538468,0.226358,1.50101,0.538468,0.225544,1.49334,0.563617
-0.013974,0.364117,1.42229,-3.85391,838937180,0.202045,1.27581,0.492617,0.202742,1.28238,0.471046,0.18095,1.28469,0.471046,0.180388,1.2781,0.492617,0.225124,1.49338,0.563617,0.225938,1.50105,0.538468,0.200411,1.50376,0.538468,0.199756,1.49607,0.563617
-0.035983,0.363813,1.43963,-4.13387,838937181,0.180045,1.28043,0.492617,0.180649,1.28702,0.471046,0.158789,1.28857,0.471046,0.158322,1.28197,0.492617,0.199235,1.49842,0.563617,0.199939,1.5061,0.538467,0.174333,1.50791,0.538468,0.173788,1.50022,0.563617
0.14688,0.364123,1.45681,18.5126,838937182,0.157901,1.282,0.492617,0.158368,1.2886,0.471046,0.136508,1.29014,0.471046,0.136177,1.28354,0.492617,0.173367,1.50025,0.563617,0.173912,1.50794,0.538468,0.148306,1.50976,0.538468,0.147921,1.50205,0.563617
0.10778,0.364161,1.59879,3.76519,838937190,-0.0251045,1.29127,0.492617,-0.0255587,1.29787,0.471046,-0.0474217,1.29637,0.471046,-0.0468309,1.28978,0.492617,-0.0401289,1.50956,0.563617,-0.0406584,1.51725,0.538467,-0.0662679,1.51549,0.538467,-0.0655791,1.5078,0.563617
0.114625,0.381197,1.05606,20.9639,838937671,0.646155,1.12001,0.51674,0.649336,1.12621,0.49528,0.629649,1.13583,0.49528,0.62659,1.12958,0.51674,0.745093,1.31387,0.591284,0.748802,1.3211,0.566263,0.725741,1.33237,0.566263,0.722175,1.32508,0.591284
0.11416,0.381537,1.14226,-6.54864,838937676,0.546777,1.17021,0.51674,0.549391,1.17666,0.49528,0.52908,1.18489,0.49528,0.526592,1.17839,0.51674,0.628481,1.37191,0.591284,0.631529,1.37943,0.566263,0.607737,1.38907,0.566263,0.604837,1.38148,0.591284
0.0522347,0.381554,1.17677,-32.6931,838937678,0.506049,1.18833,0.51674,0.508436,1.19487,0.49528,0.48785,1.20238,0.49528,0.485591,1.19579,0.51674,0.580659,1.39276,0.591284,0.583442,1.40038,0.566263,0.559328,1.40918,0.566263,0.556694,1.4015,0.591284
0.459222,0.381245,1.19412,-9.66029,838937679,0.485821,1.19813,0.51674,0.488108,1.20471,0.49528,0.467272,1.2115,0.49528,0.465115,1.20488,0.51674,0.556794,1.40389,0.591284,0.559461,1.41156,0.566263,0.535054,1.41951,0.566263,0.532539,1.41179,0.591284
0.772658,0.381577,1.21129,-0.192488,838937680,0.464713,1.20501,0.51674,0.46687,1.21163,0.49528,0.446034,1.21842,0.49528,0.444007,1.21176,0.51674,0.532138,1.41192,0.591284,0.534653,1.41964,0.566263,0.510246,1.42759,0.566263,0.507882,1.41983,0.591284
0.258275,0.381256,1.23256,-5.84116,838937681,0.439385,1.21584,0.51674,0.441443,1.2225,0.49528,0.420384,1.22856,0.49528,0.418457,1.22187,0.51674,0.503183,1.42393,0.591284,0.505583,1.43169,0.566263,0.480915,1.43879,0.566263,0.478669,1.43099,0.591284
0.456404,0.381565,1.24973,-9.63112,838937682,0.418051,1.22199,0.51674,0.419978,1.22868,0.49528,0.398919,1.23474,0.49528,0.397124,1.22801,0.51674,0.478263,1.43111,0.591284,0.480509,1.43891,0.566263,0.455841,1.44601,0.566263,0.453748,1.43817,0.591284
2.64641,0.381234,1.26707,0.503133,838937683,0.39719,1.23036,0.51674,0.399014,1.23708,0.49528,0.377756,1.24241,0.49528,0.376065,1.23565,0.51674,0.453682,1.44055,0.591284,0.455809,1.44839,0.566263,0.430908,1.45463,0.566263,0.428936,1.44675,0.591284
1.0532,0.381545,1.28425,0.295375,838937684,0.375655,1.23576,0.51674,0.377347,1.24251,0.49528,0.356089,1.24784,0.49528,0.35453,1.24105,0.51674,0.428526,1.44685,0.591284,0.430499,1.45473,0.566263,0.405598,1.46097,0.566263,0.40378,1.45305,0.591284
1.79237,0.381217,1.30159,0.463786,838937685,0.354514,1.2434,0.51674,0.356102,1.25018,0.49528,0.334671,1.25476,0.49528,0.333217,1.24795,0.51674,0.40363,1.45543,0.591284,0.405483,1.46334,0.566263,0.380379,1.4687,0.566264,0.378683,1.46076,0.591284
1.3192,0.38153,1.31876,-1.12087,838937686,0.332804,1.24804,0.51674,0.334258,1.25485,0.49528,0.312827,1.25943,0.49528,0.311506,1.25259,0.51674,0.37827,1.46085,0.591284,0.379966,1.46879,0.566263,0.354863,1.47415,0.566263,0.353322,1.46618,0.591284
0.288289,0.381205,1.3361,9.41647,838937687,0.311408,1.25494,0.51674,0.312759,1.26177,0.49528,0.291181,1.2656,0.49528,0.289965,1.25874,0.51674,0.35309,1.46856,0.591284,0.354665,1.47652,0.566263,0.329389,1.48101,0.566263,0.327971,1.47301,0.591284
0.463349,0.381521,1.35327,3.43358,838937688,0.28955,1.25881,0.51674,0.290766,1.26567,0.49528,0.269188,1.2695,0.49528,0.268106,1.26262,0.51674,0.327556,1.47309,0.591284,0.328973,1.48108,0.566263,0.303698,1.48556,0.566263,0.302437,1.47754,0.591284
0.0184275,0.381198,1.37062,-2.78663,838937689,0.267926,1.26496,0.51674,0.269038,1.27184,0.49528,0.247339,1.27491,0.49528,0.246364,1.26801,0.51674,0.302121,1.47991,0.591284,0.303417,1.48792,0.566263,0.278001,1.49152,0.566263,0.276863,1.48348,0.591284
0.0322984,0.381517,1.38779,-3.12985,838937690,0.245946,1.26807,0.51674,0.246921,1.27497,0.49528,0.225223,1.27804,0.49528,0.224383,1.27113,0.51674,0.276445,1.48354,0.591284,0.277582,1.49158,0.566263,0.252166,1.49518,0.566263,0.251186,1.48712,0.591284
0.154128,0.381197,1.40513,-28.7936,838937691,0.224121,1.27346,0.51674,0.224991,1.28037,0.49528,0.203199,1.28268,0.49528,0.202465,1.27576,0.51674,0.250788,1.48947,0.591284,0.251803,1.49753,0.566263,0.226276,1.50024,0.566263,0.22542,1.49216,0.591284
0.0762224,0.381519,1.4223,-35.9061,838937692,0.202045,1.27581,0.51674,0.202779,1.28273,0.49528,0.180987,1.28504,0.49528,0.180388,1.2781,0.51674,0.225,1.49221,0.591284,0.225856,1.50028,0.566263,0.200329,1.50299,0.566263,0.199632,1.4949,0.591284
-0.00563052,0.381201,1.43964,-3.90568,838937693,0.180045,1.28043,0.51674,0.180674,1.28736,0.49528,0.158814,1.28891,0.49528,0.158322,1.28197,0.51674,0.199152,1.49724,0.591284,0.199885,1.50532,0.566263,0.174279,1.50714,0.566263,0.173705,1.49904,0.591284
0.134781,0.398617,1.19413,-2.29642,838938191,0.485821,1.19813,0.540994,0.488216,1.20504,0.51965,0.46738,1.21183,0.51965,0.465114,1.20488,0.540994,0.55641,1.40271,0.619063,0.559203,1.41076,0.594177,0.534796,1.41872,0.594177,0.532155,1.41061,0.619063
0.102148,0.398962,1.2113,-3.0602,838938192,0.464713,1.20501,0.540994,0.466978,1.21196,0.51965,0.446142,1.21875,0.51965,0.444007,1.21176,0.540994,0.531754,1.41074,0.619063,0.534394,1.41885,0.594177,0.509988,1.4268,0.594177,0.507498,1.41865,0.619063
0.188494,0.398629,1.23256,5.51719,838938193,0.439385,1.21584,0.540994,0.441539,1.22283,0.51965,0.42048,1.2289,0.51965,0.418457,1.22187,0.540994,0.50284,1.42274,0.619063,0.505352,1.43089,0.594177,0.480684,1.43799,0.594177,0.478326,1.4298,0.619063
0.145024,0.39895,1.24974,20.0393,838938194,0.418051,1.22199,0.540994,0.420074,1.22901,0.51965,0.399015,1.23508,0.51965,0.397124,1.22801,0.540994,0.47792,1.42992,0.619063,0.480278,1.43811,0.594177,0.45561,1.44521,0.594177,0.453405,1.43698,0.619063
-0.00652679,0.398605,1.26708,-3.07785,838938195,0.39719,1.23036,0.540994,0.399099,1.23742,0.51965,0.377841,1.24275,0.51965,0.376065,1.23565,0.540994,0.453381,1.43935,0.619063,0.455607,1.44758,0.594177,0.430706,1.45382,0.594177,0.428635,1.44555,0.619063
0.397528,0.398929,1.28425,4.22027,838938196,0.375655,1.23576,0.540994,0.377431,1.24285,0.51965,0.356173,1.24817,0.51965,0.35453,1.24105,0.540994,0.428225,1.44565,0.619063,0.430296,1.45392,0.594177,0.405395,1.46016,0.594177,0.403479,1.45185,0.619063
0.00343651,0.398588,1.3016,-4.07108,838938197,0.354514,1.2434,0.540994,0.356175,1.25052,0.51965,0.334744,1.2551,0.51965,0.333217,1.24795,0.540994,0.403372,1.45422,0.619063,0.405308,1.46252,0.594177,0.380205,1.46789,0.594177,0.378424,1.45955,0.619063
0.470725,0.398914,1.31877,3.26027,838938198,0.332804,1.24804,0.540994,0.334331,1.25519,0.51965,0.3129,1.25977,0.51965,0.311506,1.25259,0.540994,0.378011,1.45964,0.619063,0.379792,1.46798,0.594177,0.354688,1.47334,0.594177,0.353064,1.46497,0.619063
0.460437,0.398575,1.33611,-0.086659,838938199,0.311408,1.25494,0.540994,0.31282,1.26211,0.51965,0.291242,1.26594,0.51965,0.289965,1.25874,0.540994,0.352873,1.46734,0.619063,0.354519,1.4757,0.594177,0.329243,1.48019,0.594177,0.327755,1.47179,0.619063
0.0173157,0.398904,1.35328,-70.4779,838938200,0.28955,1.25881,0.540994,0.290826,1.26601,0.51965,0.269248,1.26984,0.51965,0.268106,1.26262,0.540994,0.327339,1.47187,0.619063,0.328828,1.48026,0.594177,0.303552,1.48474,0.594177,0.302221,1.47632,0.619063
-0.0856748,0.398569,1.37062,-3.22255,838938201,0.267926,1.26496,0.540994,0.269087,1.27218,0.51965,0.247388,1.27525,0.51965,0.246364,1.26801,0.540994,0.301948,1.47868,0.619063,0.3033,1.4871,0.594177,0.277884,1.4907,0.594177,0.276689,1.48226,0.619063
0.0636868,0.3989,1.38779,53.5297,838938202,0.245945,1.26807,0.540994,0.24697,1.27531,0.51965,0.225272,1.27838,0.51965,0.224383,1.27113,0.540994,0.276271,1.48232,0.619063,0.277466,1.49076,0.594177,0.252049,1.49435,0.594177,0.251012,1.48589,0.619063
0.0153095,0.398567,1.40514,-3.17387,838938203,0.224121,1.27346,0.540994,0.225028,1.28072,0.51965,0.203236,1.28303,0.51965,0.202465,1.27576,0.540994,0.250657,1.48824,0.619063,0.251715,1.4967,0.594177,0.226188,1.49941,0.594177,0.225289,1.49093,0.619063
0.0984677,0.398902,1.4223,1.56297,838938204,0.202045,1.27581,0.540994,0.202816,1.28307,0.51965,0.181023,1.28539,0.51965,0.180388,1.2781,0.540994,0.224869,1.49098,0.619063,0.225768,1.49945,0.594177,0.200241,1.50216,0.594177,0.199501,1.49367,0.619063
0.103521,0.398571,1.43965,-36.6476,838938205,0.180045,1.28043,0.540994,0.180698,1.28771,0.51965,0.158839,1.28926,0.51965,0.158322,1.28197,0.540994,0.199064,1.496,0.619063,0.199826,1.50449,0.594177,0.17422,1.50631,0.594177,0.173617,1.4978,0.619063
0.173407,0.398921,1.49133,-2.8241,838938208,0.113567,1.28665,0.540994,0.113829,1.29395,0.51965,0.0919282,1.29474,0.51965,0.0918033,1.28743,0.540994,0.121315,1.50288,0.619063,0.12162,1.5114,0.594177,0.0959666,1.51232,0.594177,0.0958209,1.5038,0.619063
0.252257,0.398629,-1.2109,-0.353002,838938413,0.444942,-1.21382,0.540994,0.447783,-1.22056,0.51965,0.467813,-1.21167,0.51965,0.464846,-1.20499,0.540994,0.529323,-1.4131,0.619063,0.532635,-1.42096,0.594177,0.556098,-1.41054,0.594177,0.552639,-1.40275,0.619063
0.146841,0.416274,1.10776,17.7084,838938698,0.586847,1.15068,0.565387,0.589968,1.15767,0.544164,0.569956,1.1666,0.544164,0.56696,1.15956,0.565387,0.674512,1.34708,0.646959,0.678151,1.35524,0.622215,0.65471,1.3657,0.622215,0.651217,1.35748,0.646959
0.111619,0.416306,1.17679,-15.736,838938702,0.506049,1.18833,0.565387,0.508674,1.19552,0.544164,0.488087,1.20303,0.544164,0.485591,1.19579,0.565387,0.579789,1.39037,0.646959,0.58285,1.39876,0.622215,0.558736,1.40756,0.622215,0.555825,1.39912,0.646959
0.119017,0.415971,1.19414,-26.5347,838938703,0.485821,1.19813,0.565387,0.488323,1.20537,0.544164,0.467487,1.21216,0.544164,0.465114,1.20488,0.565387,0.556009,1.40148,0.646959,0.558926,1.40991,0.622215,0.534519,1.41787,0.622215,0.531753,1.40938,0.646959
-0.108988,0.415921,1.37063,-2.99086,838938713,0.267926,1.26496,0.565387,0.269135,1.27252,0.544164,0.247437,1.2756,0.544164,0.246364,1.26801,0.565387,0.301766,1.4774,0.646959,0.303175,1.48621,0.622215,0.277758,1.48981,0.622215,0.276507,1.48097,0.646959
0.00817958,0.416266,1.3878,-2.52246,838938714,0.245945,1.26807,0.565387,0.247019,1.27565,0.544164,0.22532,1.27873,0.544164,0.224383,1.27113,0.565387,0.276089,1.48103,0.646959,0.27734,1.48987,0.622215,0.251924,1.49347,0.622215,0.250831,1.48461,0.646959
-0.0531329,0.41592,1.40514,-2.36435,838938715,0.224121,1.27346,0.565387,0.225065,1.28106,0.544164,0.203272,1.28337,0.544164,0.202465,1.27576,0.565387,0.25052,1.48695,0.646959,0.251621,1.49581,0.622215,0.226094,1.49852,0.622215,0.225152,1.48964,0.646959
-0.0218963,0.416267,1.42231,-3.42146,838938716,0.202045,1.27581,0.565387,0.202852,1.28342,0.544164,0.18106,1.28573,0.544164,0.180388,1.2781,0.565387,0.224732,1.48969,0.646959,0.225674,1.49856,0.622215,0.200147,1.50127,0.622215,0.199364,1.49238,0.646959
-0.0116803,0.415924,1.43966,-3.09257,838938717,0.180045,1.28043,0.565387,0.180723,1.28806,0.544164,0.158863,1.28961,0.544164,0.158322,1.28197,0.565387,0.198972,1.49471,0.646959,0.199763,1.5036,0.622215,0.174157,1.50542,0.622215,0.173526,1.49651,0.646959
0.195743,0.415971,1.5432,-10.7148,838938723,0.0467359,1.29204,0.565387,0.046612,1.2997,0.544164,0.02471,1.29895,0.544164,0.0249707,1.2913,0.565387,0.0431442,1.50712,0.646959,0.0429998,1.51605,0.622215,0.0173446,1.51518,0.622215,0.0176485,1.50625,0.646959
0.0999162,0.416317,1.59881,16.2266,838938726,-0.0251045,1.29127,0.565387,-0.0256303,1.29891,0.544164,-0.0474932,1.29741,0.544164,-0.0468309,1.28978,0.565387,-0.0398736,1.50585,0.646959,-0.0404866,1.51475,0.622215,-0.0660961,1.51299,0.622215,-0.0653239,1.5041,0.646959
0.742331,0.415959,1.61615,1.68446,838938727,-0.0475727,1.29201,0.565387,-0.0482287,1.29964,0.544164,-0.0700258,1.29737,0.544164,-0.0692336,1.28976,0.565387,-0.0661142,1.50632,0.646959,-0.0668791,1.51522,0.622215,-0.0924114,1.51256,0.622215,-0.0914878,1.50368,0.646959
0.58151,0.41628,-2.52095,48.3144,838938850,-1.05717,-0.74213,0.565387,-1.0632,-0.746838,0.544164,-1.04973,-0.764121,0.544164,-1.04378,-0.759305,0.565387,-1.22679,-0.874371,0.646959,-1.23383,-0.87986,0.622215,-1.21805,-0.900105,0.622215,-1.2111,-0.89449,0.646959
0.100292,0.415924,-1.35287,20.734,838938917,0.268745,-1.26479,0.565387,0.270717,-1.27219,0.544164,0.291789,-1.26617,0.544164,0.289685,-1.25881,0.565387,0.324248,-1.47262,0.646959,0.326547,-1.48125,0.622215,0.351229,-1.47419,0.622215,0.348776,-1.46561,0.646959
0.16989,0.433656,1.17679,-3.4225,838939214,0.506049,1.18833,0.589926,0.508792,1.19584,0.568831,0.488205,1.20336,0.56883,0.485591,1.19579,0.589926,0.579326,1.3891,0.67498,0.582523,1.39786,0.650384,0.558409,1.40667,0.650384,0.555361,1.39785,0.67498
-0.356384,0.433681,1.21131,-2.641,838939216,0.464713,1.20501,0.589926,0.467192,1.21262,0.56883,0.446355,1.21941,0.56883,0.444007,1.21176,0.589926,0.530933,1.40822,0.67498,0.533823,1.41709,0.650384,0.509416,1.42505,0.650384,0.506678,1.41613,0.67498
0.150346,0.433618,1.35329,-26.2889,838939224,0.28955,1.25881,0.589926,0.290947,1.26669,0.56883,0.269369,1.27052,0.56883,0.268106,1.26262,0.589926,0.326876,1.46926,0.67498,0.328505,1.47844,0.650384,0.30323,1.48293,0.650384,0.301758,1.47371,0.67498
0.190184,0.433656,1.52586,4.71967,838939234,0.0690984,1.28974,0.589926,0.0691055,1.29774,0.568831,0.0471908,1.29776,0.56883,0.0473206,1.28976,0.589926,0.069287,1.50347,0.67498,0.0692952,1.5128,0.650384,0.0436251,1.51282,0.650384,0.0437765,1.50349,0.67498
0.117671,0.433667,1.59881,45.0083,838939238,-0.0251046,1.29127,0.589926,-0.0256538,1.29925,0.568831,-0.0475168,1.29775,0.56883,-0.046831,1.28978,0.589926,-0.0397807,1.5045,0.67498,-0.0404211,1.5138,0.650384,-0.0660307,1.51204,0.650384,-0.065231,1.50275,0.67498
0.328839,0.455706,0.551626,47.8559,838939690,1.10572,0.667379,0.621349,1.11264,0.672035,0.60039,1.10039,0.69024,0.60039,1.09356,0.685447,0.621349,1.28192,0.785946,0.709718,1.28994,0.791343,0.685425,1.27566,0.812561,0.685425,1.26775,0.807005,0.709718
0.104993,0.455666,1.31879,-12.97,838939734,0.332803,1.24804,0.621348,0.334545,1.25619,0.60039,0.313086,1.26078,0.60039,0.311506,1.25259,0.621349,0.377174,1.45573,0.709718,0.379194,1.46518,0.685425,0.354183,1.47052,0.685425,0.352351,1.46103,0.709719
0.45648,0.47254,1.0561,3.33049,838940231,0.646156,1.12001,0.646197,0.65011,1.12772,0.62537,0.630397,1.13736,0.62537,0.626591,1.12958,0.646196,0.742062,1.30796,0.737862,0.746646,1.3169,0.713722,0.72367,1.32813,0.713722,0.719258,1.31911,0.737862
0.160921,0.472929,1.07327,5.06517,838940232,0.62621,1.12976,0.646197,0.630016,1.13755,0.62537,0.610303,1.14718,0.62537,0.606646,1.13933,0.646196,0.718877,1.3193,0.737862,0.723289,1.32832,0.713722,0.700313,1.33955,0.713722,0.696073,1.33044,0.737862
0.14096,0.472573,1.15964,-2.32671,838940237,0.526904,1.18072,0.646197,0.53003,1.1888,0.62537,0.509417,1.19632,0.62537,0.506446,1.18818,0.646196,0.602624,1.37767,0.737862,0.606248,1.38704,0.713722,0.582222,1.39581,0.713722,0.578779,1.38637,0.737862
0.11442,0.489784,1.0561,-10.45,838940743,0.646156,1.12001,0.671209,0.650252,1.12801,0.65052,0.630539,1.13765,0.65052,0.626591,1.12958,0.671209,0.741424,1.30665,0.766148,0.746173,1.31593,0.742167,0.723196,1.32716,0.742167,0.71862,1.3178,0.766148
0.175909,0.490185,1.42234,10.5451,838940764,0.202044,1.27581,0.671209,0.202992,1.28474,0.65052,0.181171,1.28706,0.65052,0.180387,1.2781,0.671209,0.224145,1.48416,0.766148,0.225244,1.49452,0.742167,0.199811,1.49722,0.742167,0.198903,1.48684,0.766148
0.125024,0.507421,0.689699,-3.75439,838941234,1.00351,0.813311,0.696394,1.01043,0.819533,0.675848,0.995765,0.835855,0.675848,0.988951,0.82951,0.696394,1.15823,0.95235,0.794583,1.16626,0.959562,0.770768,1.14916,0.978585,0.770768,1.14127,0.971231,0.794583
0.119627,0.507447,1.1423,21.7539,838941260,0.546776,1.17021,0.696394,0.550271,1.17884,0.675848,0.529933,1.18708,0.675848,0.526591,1.17839,0.696394,0.624876,1.36301,0.794583,0.628928,1.37301,0.770768,0.605223,1.38261,0.770768,0.60135,1.37254,0.794583
0.401741,0.507015,-2.7491,49.998,838941397,-1.19891,-0.48429,0.696394,-1.20735,-0.488214,0.675848,-1.19775,-0.507946,0.675848,-1.18938,-0.503873,0.696394,-1.38754,-0.572062,0.794583,-1.39732,-0.576611,0.770768,-1.38613,-0.599608,0.770768,-1.37643,-0.594887,0.794583
0.220864,0.524219,0.707052,-3.56734,838941747,0.990254,0.831467,0.721761,0.9973,0.838029,0.701362,0.982073,0.853828,0.701362,0.97514,0.847147,0.721761,1.14141,0.97215,0.823177,1.14958,0.979757,0.799532,1.13183,0.998171,0.799532,1.1238,0.990427,0.823176
0.113386,0.524282,1.19418,-17.5166,838941775,0.485821,1.19813,0.721761,0.488962,1.20724,0.701362,0.468098,1.21404,0.701362,0.465115,1.20488,0.721761,0.553219,1.39332,0.823177,0.556859,1.40387,0.799532,0.532542,1.4118,0.799532,0.529085,1.40119,0.823177
0.122042,0.524219,1.40518,2.51316,838941787,0.224122,1.27346,0.721761,0.225302,1.28302,0.701362,0.203481,1.28533,0.701362,0.202465,1.27576,0.721761,0.249486,1.4784,0.823177,0.250854,1.48947,0.799532,0.225421,1.49217,0.799532,0.224244,1.48107,0.823176
0.145767,0.524643,1.42235,19.5536,838941788,0.202044,1.27581,0.721761,0.203059,1.28538,0.701362,0.181239,1.28769,0.701362,0.180387,1.2781,0.721761,0.223823,1.48112,0.823177,0.225,1.49222,0.799532,0.199567,1.49491,0.799532,0.19858,1.4838,0.823177
0.159044,0.524224,-2.05096,-3.62002,838941949,-0.60712,-1.14163,0.721761,-0.611195,-1.15035,0.701362,-0.591158,-1.1593,0.701362,-0.587234,-1.15051,0.721761,-0.694566,-1.3287,0.823177,-0.69929,-1.33881,0.799532,-0.675935,-1.34923,0.799532,-0.671387,-1.33904,0.823177
0.40053,0.5414,0.707053,12.2557,838942259,0.990254,0.831466,0.747269,0.997529,0.838213,0.727072,0.982283,0.85403,0.727072,0.975141,0.847146,0.747269,1.14022,0.971191,0.851731,1.14859,0.978962,0.828468,1.13092,0.997295,0.828468,1.1227,0.989366,0.851731
0.170509,0.541862,1.49139,-3.51088,838942304,0.113565,1.28665,0.747269,0.113921,1.29656,0.727072,0.0919658,1.29735,0.727072,0.0918015,1.28743,0.747269,0.120904,1.49145,0.851731,0.121313,1.50287,0.828468,0.0958663,1.50378,0.828468,0.0956771,1.49236,0.851731
0.135689,0.541411,-1.80543,-18.981,838942475,-0.31141,-1.25494,0.747269,-0.313331,-1.26467,0.727072,-0.2917,-1.26851,0.727072,-0.289967,-1.25874,0.747269,-0.350613,-1.45612,0.851731,-0.352825,-1.46733,0.828468,-0.327754,-1.47178,0.828468,-0.325759,-1.46053,0.851731
0.11314,0.54145,-1.5254,-6.89185,838942491,0.0475709,-1.29201,0.747269,0.0484073,-1.3019,0.727072,0.0702582,-1.29962,0.727072,0.0692318,-1.28976,0.747269,0.0653292,-1.49621,0.851731,0.0662926,-1.50759,0.828468,0.0916186,-1.50496,0.828468,0.0904364,-1.49359,0.851731
0.113174,0.558534,0.70706,10.6842,838942771,0.990254,0.831466,0.772956,0.997744,0.83842,0.752908,0.982498,0.854237,0.752908,0.975141,0.847146,0.772956,1.13908,0.970102,0.880443,1.14771,0.978111,0.857352,1.13004,0.996444,0.857352,1.12157,0.988277,0.880443
0.126797,0.558985,1.35334,27.8493,838942808,0.289548,1.25881,0.772956,0.291332,1.26888,0.752908,0.269701,1.27271,0.752908,0.268105,1.26262,0.772956,0.325065,1.45906,0.880443,0.32712,1.47064,0.857352,0.302049,1.47509,0.857352,0.30021,1.46347,0.880443
0.143249,0.59324,0.79327,9.88802,838943800,0.914036,0.912629,0.824932,0.921275,0.920654,0.805196,0.904962,0.935369,0.805196,0.897865,0.927216,0.824932,1.04806,1.06121,0.938397,1.0564,1.07045,0.915665,1.03749,1.0875,0.915665,1.02932,1.07811,0.938397
0.13875,0.592755,-1.45635,16.1096,838944031,0.136584,-1.28576,0.824932,0.138262,-1.29644,0.805196,0.159901,-1.29265,0.805196,0.158035,-1.282,0.824932,0.167717,-1.48345,0.938397,0.16965,-1.49575,0.915665,0.19473,-1.49135,0.915665,0.192581,-1.47909,0.938397
0.103186,0.59324,-1.30113,36.2287,838944040,0.333342,-1.24789,0.824932,0.336673,-1.25817,0.805196,0.357572,-1.2514,0.805196,0.35406,-1.24118,0.824932,0.395002,-1.43825,0.938397,0.398838,-1.45009,0.915665,0.423061,-1.44225,0.915665,0.419016,-1.43047,0.938397
0.113169,0.592755,-1.10728,12.815,838944051,0.568104,-1.16151,0.824932,0.573333,-1.17097,0.805196,0.592369,-1.16,0.805196,0.586975,-1.15064,0.824932,0.664973,-1.33662,0.938397,0.670995,-1.34752,0.915665,0.693059,-1.33481,0.915665,0.686846,-1.32403,0.938397
0.217861,0.610303,0.724247,-10.7121,838944308,0.974846,0.847453,0.851239,0.982837,0.855155,0.831665,0.967591,0.870973,0.831665,0.959733,0.863133,0.851239,1.11769,0.985129,0.967656,1.12689,0.994001,0.94511,1.10922,1.01233,0.945111,1.10017,1.0033,0.967656
0.122266,0.609852,-1.83992,17.2021,838944521,-0.354516,-1.2434,0.851239,-0.357021,-1.25421,0.831665,-0.335537,-1.2588,0.831665,-0.333218,-1.24795,0.851239,-0.399353,-1.43669,0.967656,-0.402239,-1.44914,0.945111,-0.377339,-1.45446,0.945111,-0.374668,-1.44196,0.967656
0.26853,0.61039,-1.58115,5.06609,838944536,-0.0245469,-1.29128,0.851239,-0.024169,-1.30238,0.831665,-0.00221293,-1.30163,0.831665,-0.0027817,-1.29054,0.851239,-0.0177929,-1.48956,0.967656,-0.0173577,-1.50233,0.945111,0.00809029,-1.50147,0.945111,0.00743518,-1.4887,0.967656
0.192927,0.627521,-1.58114,-3.24298,838945048,-0.0245458,-1.29128,0.877931,-0.024156,-1.30273,0.858414,-0.00217474,-1.30198,0.858414,-0.00278062,-1.29054,0.877931,-0.0178485,-1.48789,0.997136,-0.0174026,-1.50099,0.974811,0.00792071,-1.50012,0.974811,0.00722763,-1.48704,0.997136
0.54883,0.627031,-1.55989,1.31743,838945049,0.00295406,-1.2928,0.877931,0.00352466,-1.30424,0.858414,0.0254667,-1.30273,0.858414,0.0246805,-1.2913,0.877931,0.0131575,-1.48929,0.997136,0.0138103,-1.50237,0.974811,0.0390885,-1.50063,0.974811,0.038189,-1.48756,0.997136
0.411473,0.627502,-1.54271,-0.36824,838945050,0.0251074,-1.29127,0.877931,0.0258937,-1.3027,0.858414,0.0478358,-1.30119,0.858414,0.0468338,-1.28978,0.877931,0.038616,-1.48753,0.997136,0.0395154,-1.5006,0.974811,0.0647936,-1.49886,0.974811,0.0636474,-1.48581,0.997136
0.432395,0.644172,-1.55988,0.794172,838945561,0.00295405,-1.2928,0.904837,0.00354351,-1.30451,0.885485,0.0254856,-1.303,0.885485,0.0246804,-1.2913,0.904837,0.0130406,-1.48759,1.02681,0.0137149,-1.50099,1.00467,0.0389931,-1.49925,1.00467,0.0380721,-1.48586,1.02681
0.906332,0.644653,-1.5427,-0.294577,838945562,0.0251074,-1.29127,0.904837,0.0259125,-1.30297,0.885485,0.0478546,-1.30146,0.885484,0.0468338,-1.28978,0.904837,0.038499,-1.48584,1.02681,0.03942,-1.49922,1.00467,0.0646982,-1.49748,1.00467,0.0635305,-1.48411,1.02681
0.120785,0.644622,-1.50819,19.5127,838945564,0.0696564,-1.28971,0.904837,0.0708697,-1.30138,0.885485,0.0927457,-1.2991,0.885485,0.0913173,-1.28746,0.904837,0.0898351,-1.48369,1.02681,0.091223,-1.49703,1.00467,0.116425,-1.49441,1.00467,0.114791,-1.48109,1.02681
0.125538,0.661721,-2.03375,19.8137,838946046,-0.586845,-1.15068,0.931978,-0.591735,-1.16164,0.912793,-0.571651,-1.1706,0.912793,-0.566958,-1.15956,0.931978,-0.665624,-1.32718,1.05669,-0.671218,-1.33971,1.03475,-0.64808,-1.35004,1.03475,-0.642712,-1.3374,1.05669
0.118278,0.6612,-1.3873,-22.2171,838946083,0.224943,-1.27332,0.931978,0.227624,-1.28502,0.912793,0.24897,-1.27971,0.912793,0.246079,-1.26807,0.931978,0.268306,-1.4617,1.05669,0.271373,-1.47508,1.03475,0.295965,-1.46897,1.03475,0.292657,-1.45565,1.05669
0.101535,0.661767,-1.26658,4.55033,838946090,0.376189,-1.23559,0.931978,0.380283,-1.24687,0.912793,0.400957,-1.23937,0.912793,0.39666,-1.22816,0.931978,0.442134,-1.41727,1.05669,0.446817,-1.43018,1.03475,0.470635,-1.42153,1.03475,0.46572,-1.40871,1.05669
0.126487,0.69592,1.35338,16.3724,838946904,0.289547,1.25882,0.987001,0.291736,1.27116,0.968162,0.27008,1.275,0.968162,0.268104,1.26262,0.987001,0.322674,1.44558,1.11712,0.325178,1.4597,1.09557,0.300229,1.46412,1.09557,0.297969,1.44996,1.11712
0.138315,0.712597,-1.94736,13.4281,838947587,-0.485824,-1.19813,1.0151,-0.490044,-1.21031,0.996316,-0.46911,-1.21713,0.996316,-0.465118,-1.20488,1.0151,-0.547046,-1.37583,1.14775,-0.551838,-1.38966,1.12642,-0.527875,-1.39746,1.12642,-0.523341,-1.38355,1.14775
0.116364,0.712578,-1.87441,-23.1684,838947591,-0.397194,-1.23036,1.0151,-0.400556,-1.2428,0.996316,-0.379199,-1.24815,0.996316,-0.376068,-1.23565,1.0151,-0.445909,-1.41188,1.14775,-0.449727,-1.42601,1.12642,-0.425279,-1.43214,1.12642,-0.421724,-1.41794,1.14775
0.185365,0.71255,-1.83989,7.84556,838947593,-0.354518,-1.2434,1.0151,-0.357444,-1.25595,0.996316,-0.335912,-1.26055,0.996316,-0.33322,-1.24795,1.0151,-0.396863,-1.42651,1.14775,-0.400186,-1.44076,1.12642,-0.375539,-1.44603,1.12642,-0.372482,-1.43172,1.14775
-0.212455,0.712597,-1.59829,-2.78315,838947607,-0.0467398,-1.29204,1.0151,-0.0465406,-1.30492,0.996316,-0.024536,-1.30417,0.996316,-0.0249747,-1.2913,1.0151,-0.043494,-1.47996,1.14775,-0.0432678,-1.49459,1.12642,-0.018079,-1.49373,1.12642,-0.0185772,-1.47911,1.14775
0.173043,0.713088,-1.30108,42.2169,838947624,0.333344,-1.24789,1.0151,0.337315,-1.26015,0.996316,0.358261,-1.25337,0.996316,0.354062,-1.24118,1.0151,0.391252,-1.42667,1.14775,0.395761,-1.44059,1.12642,0.419738,-1.43282,1.12642,0.41497,-1.41898,1.14775
0.104765,0.730226,-1.3701,12.1989,838948132,0.246495,-1.26797,1.04345,0.24966,-1.28071,1.02484,0.271029,-1.27541,1.02484,0.267631,-1.26272,1.04345,0.291349,-1.44861,1.1786,0.294944,-1.46308,1.15747,0.319405,-1.45701,1.15747,0.315546,-1.4426,1.1786
0.148615,0.730304,-1.19361,0.292786,838948142,0.465236,-1.20481,1.04345,0.470565,-1.21682,1.02484,0.490689,-1.20788,1.02484,0.485141,-1.19598,1.04345,0.540754,-1.37493,1.1786,0.546806,-1.38856,1.15747,0.569842,-1.37834,1.15747,0.563541,-1.36481,1.1786
0.170903,0.74742,-0.111893,41.9343,838948356,1.28222,-0.155357,1.07207,1.29556,-0.156305,1.05364,1.29712,-0.134343,1.05364,1.28376,-0.133634,1.07207,1.46605,-0.168409,1.20971,1.48121,-0.169485,1.18878,1.483,-0.144345,1.18878,1.46782,-0.14354,1.20971
0.137633,0.76455,1.28437,-6.66574,838948948,0.375651,1.23576,1.10098,0.378962,1.24898,1.08273,0.357605,1.25433,1.08273,0.354526,1.24105,1.10098,0.419976,1.41273,1.24107,0.423736,1.42774,1.22034,0.399288,1.43387,1.22034,0.395791,1.41879,1.24107
0.0586983,0.763936,-1.73633,-2.57252,838949135,-0.224125,-1.27346,1.10098,-0.225801,-1.28699,1.08273,-0.203906,-1.28931,1.08273,-0.202468,-1.27576,1.10098,-0.246505,-1.45455,1.24107,-0.248408,-1.46991,1.22034,-0.223345,-1.47257,1.22034,-0.221713,-1.45718,1.24107
0.0317185,0.764504,-1.71916,-1.48156,838949136,-0.202041,-1.27581,1.10098,-0.203478,-1.28936,1.08273,-0.181584,-1.29168,1.08272,-0.180384,-1.2781,1.10098,-0.221285,-1.45723,1.24107,-0.222918,-1.47262,1.22034,-0.197855,-1.47528,1.22034,-0.196493,-1.45986,1.24107
0.0460814,0.763943,-1.70182,-1.09204,838949137,-0.180049,-1.28043,1.10098,-0.181251,-1.29401,1.08273,-0.159289,-1.29556,1.08272,-0.158326,-1.28197,1.10098,-0.196091,-1.46219,1.24107,-0.197457,-1.47761,1.22034,-0.172316,-1.47939,1.22034,-0.171222,-1.46395,1.24107
0.0592762,0.764515,-1.68465,3.38749,838949138,-0.157897,-1.282,1.10098,-0.15886,-1.29559,1.08273,-0.136898,-1.29715,1.08273,-0.136173,-1.28354,1.10098,-0.170793,-1.46398,1.24107,-0.171887,-1.47942,1.22034,-0.146747,-1.4812,1.22034,-0.145924,-1.46574,1.24107
0.0185283,0.76396,-1.6673,-2.21567,838949139,-0.135757,-1.28585,1.10098,-0.136484,-1.29946,1.08273,-0.114481,-1.30025,1.08273,-0.113993,-1.28663,1.10098,-0.145441,-1.46806,1.24107,-0.146267,-1.48352,1.22034,-0.12108,-1.48442,1.22034,-0.120526,-1.46895,1.24107
-0.0123533,0.764536,-1.65013,-4.03381,838949140,-0.113563,-1.28665,1.10098,-0.114051,-1.30027,1.08273,-0.092048,-1.30105,1.08272,-0.0917993,-1.28743,1.10098,-0.120096,-1.46897,1.24107,-0.12065,-1.48443,1.22034,-0.0954629,-1.48534,1.22034,-0.0951805,-1.46986,1.24107
-0.00441239,0.763986,-1.63279,-3.80295,838949141,-0.0913024,-1.28972,1.10098,-0.091554,-1.30335,1.08273,-0.0695366,-1.30337,1.08273,-0.0695246,-1.28974,1.10098,-0.0946168,-1.47216,1.24107,-0.0949026,-1.48764,1.22034,-0.0696992,-1.48766,1.22034,-0.0696855,-1.47218,1.24107
-0.116018,0.764567,-1.61562,-3.19091,838949142,-0.0690945,-1.28974,1.10098,-0.0691065,-1.30337,1.08273,-0.0470891,-1.30339,1.08273,-0.0473167,-1.28976,1.10098,-0.0692554,-1.47218,1.24107,-0.0692691,-1.48766,1.22034,-0.0440657,-1.48768,1.22034,-0.0443241,-1.4722,1.24107
0.00382015,0.76402,-1.59827,-2.25382,838949143,-0.0467398,-1.29204,1.10098,-0.0465153,-1.30567,1.08273,-0.0245106,-1.30492,1.08273,-0.0249746,-1.2913,1.10098,-0.0436806,-1.47448,1.24107,-0.0434256,-1.48996,1.22034,-0.0182368,-1.4891,1.22034,-0.0187637,-1.47363,1.24107
-0.0200818,0.764606,-1.5811,-3.32267,838949144,-0.0245447,-1.29128,1.10098,-0.0240808,-1.3049,1.08273,-0.00207612,-1.30415,1.08273,-0.00277956,-1.29054,1.10098,-0.0183338,-1.47362,1.24107,-0.0178069,-1.48908,1.22034,0.00738187,-1.48823,1.22034,0.00658305,-1.47277,1.24107
0.0531386,0.76404,-1.55985,-3.19857,838949145,0.00295293,-1.2928,1.10098,0.00364978,-1.30641,1.08273,0.0256152,-1.3049,1.08273,0.0246793,-1.2913,1.10098,0.0123345,-1.47502,1.24107,0.0131258,-1.49048,1.22034,0.0382697,-1.48875,1.22034,0.0372069,-1.47331,1.24107
0.0201995,0.764584,-1.54267,-2.02237,838949146,0.0251085,-1.29127,1.10098,0.0260443,-1.30487,1.08273,0.0480098,-1.30336,1.08273,0.0468349,-1.28978,1.10098,0.0376361,-1.47328,1.24107,0.0386989,-1.48872,1.22034,0.0638428,-1.48699,1.22034,0.0625085,-1.47157,1.24107
0.174951,0.781698,-1.89173,-8.85804,838949638,-0.418047,-1.22199,1.13017,-0.421886,-1.23532,1.11211,-0.400728,-1.24141,1.11211,-0.39712,-1.22801,1.13017,-0.468002,-1.39549,1.2727,-0.472361,-1.41062,1.25218,-0.448141,-1.4176,1.25218,-0.444044,-1.40238,1.2727
0.0305387,0.78104,-1.73633,-1.64317,838949647,-0.224125,-1.27346,1.13017,-0.225826,-1.28723,1.11211,-0.203932,-1.28955,1.11211,-0.202468,-1.27576,1.13017,-0.246305,-1.45267,1.2727,-0.248238,-1.46831,1.25218,-0.223175,-1.47096,1.25218,-0.221513,-1.4553,1.2727
0.0353958,0.781616,-1.71916,-1.26899,838949648,-0.202041,-1.27581,1.13017,-0.203504,-1.2896,1.11211,-0.181609,-1.29192,1.11211,-0.180384,-1.2781,1.13017,-0.221086,-1.45534,1.2727,-0.222747,-1.47101,1.25218,-0.197684,-1.47367,1.25218,-0.196293,-1.45797,1.2727
0.0716065,0.781628,-1.68464,41.8791,838949650,-0.157897,-1.282,1.13017,-0.158877,-1.29584,1.11211,-0.136915,-1.29739,1.11211,-0.136173,-1.28354,1.13017,-0.170659,-1.46209,1.2727,-0.171773,-1.47781,1.25218,-0.146632,-1.47959,1.25218,-0.14579,-1.46386,1.2727
0.0139832,0.781064,-1.6673,-2.60409,838949651,-0.135757,-1.28585,1.13017,-0.136493,-1.29971,1.11211,-0.11449,-1.30049,1.11211,-0.113993,-1.28663,1.13017,-0.145373,-1.46617,1.2727,-0.146209,-1.4819,1.25218,-0.121022,-1.4828,1.25218,-0.120458,-1.46706,1.2727
0.166483,0.781649,-1.65013,-4.53002,838949652,-0.113563,-1.28665,1.13017,-0.11406,-1.30051,1.11211,-0.0920566,-1.3013,1.11211,-0.0917993,-1.28743,1.13017,-0.120028,-1.46708,1.2727,-0.120592,-1.48282,1.25218,-0.095405,-1.48372,1.25218,-0.0951128,-1.46797,1.2727
0.535111,0.78109,-1.63278,-0.408326,838949653,-0.0913024,-1.28972,1.13017,-0.0915543,-1.30359,1.11211,-0.0695369,-1.30361,1.11211,-0.0695246,-1.28974,1.13017,-0.0946152,-1.47027,1.2727,-0.0949012,-1.48602,1.25218,-0.0696978,-1.48604,1.25218,-0.0696839,-1.47029,1.2727
0.106584,0.78168,-1.61561,-3.59179,838949654,-0.0690945,-1.28974,1.13017,-0.0691067,-1.30361,1.11211,-0.0470893,-1.30363,1.11211,-0.0473167,-1.28976,1.13017,-0.0692537,-1.47029,1.2727,-0.0692677,-1.48604,1.25218,-0.0440643,-1.48606,1.25218,-0.0443225,-1.47031,1.2727
0.0339417,0.781125,-1.59827,-3.23575,838949655,-0.0467398,-1.29204,1.13017,-0.046507,-1.30591,1.11211,-0.0245023,-1.30516,1.11211,-0.0249747,-1.2913,1.13017,-0.043745,-1.47259,1.2727,-0.0434806,-1.48834,1.25218,-0.0182918,-1.48748,1.25218,-0.0188282,-1.47174,1.2727
-0.0357557,0.78172,-1.58109,-3.67124,838949656,-0.0245448,-1.29128,1.13017,-0.0240725,-1.30515,1.11211,-0.00206782,-1.3044,1.11211,-0.00277959,-1.29054,1.13017,-0.0183982,-1.47173,1.2727,-0.0178619,-1.48747,1.25218,0.00732687,-1.48661,1.25218,0.0065186,-1.47088,1.2727
0.0251674,0.781145,-1.55984,-2.4997,838949657,0.00295294,-1.2928,1.13017,0.00366648,-1.30665,1.11211,0.0256319,-1.30514,1.11211,0.0246793,-1.2913,1.13017,0.0122045,-1.47314,1.2727,0.0130148,-1.48887,1.25218,0.0381587,-1.48714,1.25218,0.037077,-1.47142,1.2727
0.0351714,0.781698,-1.54267,-1.94851,838949658,0.0251085,-1.29127,1.13017,0.026061,-1.30511,1.11211,0.0480265,-1.3036,1.11211,0.0468349,-1.28978,1.13017,0.0375061,-1.47139,1.2727,0.0385879,-1.48711,1.25218,0.0637318,-1.48538,1.25218,0.0623786,-1.46968,1.2727
0.611859,0.803906,0.793344,-50.1248,838949944,0.914034,0.912632,1.16882,0.923593,0.923229,1.15074,0.907227,0.937991,1.15074,0.897863,0.927218,1.16882,1.03374,1.04534,1.31362,1.04452,1.05728,1.29324,1.02591,1.07407,1.29324,1.01535,1.06193,1.31362
0.184007,0.803288,3.11608,47.8949,838950077,-1.29227,0.0442027,1.16882,-1.30654,0.0439808,1.15074,-1.30579,0.0219533,1.15074,-1.29153,0.0224374,1.16882,-1.47099,0.0411291,1.31362,-1.48708,0.040879,1.29324,-1.48623,0.0158308,1.29324,-1.47015,0.0163765,1.31362
0.120595,0.803979,-1.93015,3.69683,838950148,-0.464708,-1.20501,1.16882,-0.46913,-1.21858,1.15074,-0.448174,-1.22541,1.15074,-0.444002,-1.21176,1.16882,-0.520081,-1.37494,1.31362,-0.525065,-1.39024,1.29324,-0.501236,-1.398,1.29324,-0.496533,-1.38261,1.31362
0.243381,0.803393,-1.9089,4.65818,838950149,-0.439389,-1.21584,1.16882,-0.44359,-1.22948,1.15074,-0.422411,-1.23558,1.15074,-0.418462,-1.22187,1.16882,-0.491711,-1.38676,1.31362,-0.496446,-1.40214,1.29324,-0.472362,-1.40907,1.29324,-0.467911,-1.39361,1.31362
0.0648805,0.803956,-1.89172,-2.06378,838950150,-0.418046,-1.22199,1.16882,-0.421995,-1.2357,1.15074,-0.400815,-1.2418,1.15074,-0.397119,-1.22801,1.16882,-0.467496,-1.39373,1.31362,-0.471947,-1.40919,1.29324,-0.447863,-1.41612,1.29324,-0.443696,-1.40058,1.31362
0.0536065,0.803352,-1.87438,-3.05152,838950151,-0.397195,-1.23036,1.16882,-0.400916,-1.24414,1.15074,-0.379537,-1.2495,1.15074,-0.376069,-1.23565,1.16882,-0.443515,-1.403,1.31362,-0.44771,-1.41853,1.29324,-0.423399,-1.42462,1.29324,-0.41949,-1.40902,1.31362
0.0397246,0.80392,-1.8572,-2.82558,838950152,-0.37565,-1.23576,1.16882,-0.379117,-1.2496,1.15074,-0.357738,-1.25496,1.15074,-0.354525,-1.24105,1.16882,-0.419071,-1.40912,1.31362,-0.422979,-1.42473,1.29324,-0.398668,-1.43082,1.29324,-0.395046,-1.41514,1.31362
-0.0715067,0.803321,-1.83987,-2.21114,838950153,-0.354519,-1.2434,1.16882,-0.357757,-1.2573,1.15074,-0.336203,-1.2619,1.15074,-0.333222,-1.24795,1.16882,-0.394781,-1.41755,1.31362,-0.398432,-1.43322,1.29324,-0.373922,-1.43846,1.29324,-0.370561,-1.42272,1.31362
0.00868429,0.803285,-1.73632,-2.72536,838950159,-0.224126,-1.27346,1.16882,-0.225892,-1.28763,1.15074,-0.203975,-1.28995,1.15074,-0.20247,-1.27576,1.16882,-0.24595,-1.45087,1.31362,-0.247941,-1.46684,1.29324,-0.223019,-1.46948,1.29324,-0.221322,-1.45348,1.31362
-0.0806621,0.803872,-1.71915,-2.28552,838950160,-0.20204,-1.27581,1.16882,-0.203545,-1.29,1.15074,-0.181628,-1.29232,1.15074,-0.180383,-1.2781,1.16882,-0.220892,-1.45353,1.31362,-0.222589,-1.46953,1.29324,-0.197666,-1.47217,1.29324,-0.196263,-1.45614,1.31362
-0.0472692,0.803293,-1.70181,-0.99606,838950161,-0.18005,-1.28043,1.16882,-0.181321,-1.29465,1.15074,-0.159336,-1.2962,1.15074,-0.158327,-1.28197,1.16882,-0.195665,-1.45849,1.31362,-0.197097,-1.47452,1.29324,-0.172098,-1.47629,1.29324,-0.17096,-1.46024,1.31362
0.124414,0.803885,-1.68463,-0.855344,838950162,-0.157895,-1.282,1.16882,-0.158904,-1.29623,1.15074,-0.136919,-1.29779,1.15074,-0.136172,-1.28354,1.16882,-0.170529,-1.46027,1.31362,-0.171666,-1.47632,1.29324,-0.146666,-1.47809,1.29324,-0.145824,-1.46202,1.31362
0.240293,0.80331,-1.66729,-2.89538,838950163,-0.135758,-1.28585,1.16882,-0.136531,-1.3001,1.15074,-0.114505,-1.30089,1.15074,-0.113994,-1.28663,1.16882,-0.145145,-1.46435,1.31362,-0.146016,-1.48041,1.29324,-0.12097,-1.48131,1.29324,-0.120394,-1.46523,1.31362
3.04777,0.803906,-1.65012,1.19755,838950164,-0.113562,-1.28665,1.16882,-0.114073,-1.30091,1.15074,-0.0920471,-1.3017,1.15074,-0.0917982,-1.28743,1.16882,-0.119961,-1.46525,1.31362,-0.120538,-1.48133,1.29324,-0.0954911,-1.48222,1.29324,-0.0952105,-1.46614,1.31362
5.12382,0.803336,-1.63278,0.789218,838950165,-0.0913035,-1.28972,1.16882,-0.0915784,-1.30399,1.15074,-0.0695383,-1.30401,1.15074,-0.0695257,-1.28974,1.16882,-0.0944503,-1.46844,1.31362,-0.0947602,-1.48453,1.29324,-0.0696976,-1.48455,1.29324,-0.0696834,-1.46846,1.31362
1.88762,0.803938,-1.6156,0.538438,838950166,-0.0690933,-1.28974,1.16882,-0.0691059,-1.30401,1.15074,-0.0470658,-1.30403,1.15074,-0.0473156,-1.28976,1.16882,-0.069251,-1.46846,1.31362,-0.0692652,-1.48455,1.29324,-0.0442027,-1.48457,1.29324,-0.0444841,-1.46848,1.31362
3.29479,0.803372,-1.59826,-12.1492,838950167,-0.0467409,-1.29204,1.16882,-0.0465172,-1.30631,1.15074,-0.0244899,-1.30556,1.15074,-0.0249758,-1.2913,1.16882,-0.043644,-1.47076,1.31362,-0.0433918,-1.48684,1.29324,-0.0183437,-1.48599,1.29324,-0.0188915,-1.46991,1.31362
0.0567882,0.803979,-1.58108,-0.17566,838950168,-0.0245436,-1.29128,1.16882,-0.0240578,-1.30555,1.15074,-0.00203046,-1.3048,1.15074,-0.00277843,-1.29054,1.16882,-0.0184593,-1.4699,1.31362,-0.0179117,-1.48598,1.29324,0.00713638,-1.48512,1.29324,0.00629324,-1.46906,1.31362
0.0123067,0.803393,-1.55984,-3.05524,838950169,0.00295184,-1.2928,1.16882,0.00367013,-1.30705,1.15074,0.0256582,-1.30554,1.15074,0.0246782,-1.2913,1.16882,0.012242,-1.4713,1.31362,0.0130517,-1.48737,1.29324,0.0380551,-1.48565,1.29324,0.0369504,-1.4696,1.31362
-0.00984158,0.803956,-1.54265,-2.13546,838950170,0.0251096,-1.29127,1.16882,0.0260896,-1.30551,1.15074,0.0480776,-1.304,1.15074,0.046836,-1.28978,1.16882,0.0373818,-1.46957,1.31362,0.0384864,-1.48562,1.29324,0.0634899,-1.4839,1.29324,0.0620902,-1.46787,1.31362
-0.0128914,0.803285,-1.38726,-2.68571,838950179,0.224941,-1.27332,1.16882,0.228125,-1.28723,1.15074,0.249516,-1.28192,1.15074,0.246076,-1.26807,1.16882,0.265109,-1.44749,1.31362,0.268699,-1.46318,1.29324,0.293023,-1.45714,1.29324,0.289146,-1.44152,1.31362
-0.0341032,0.803872,-1.37008,-2.69357,838950180,0.246496,-1.26797,1.16882,0.249935,-1.28182,1.15074,0.271326,-1.27651,1.15074,0.267632,-1.26272,1.16882,0.289566,-1.44142,1.31362,0.293442,-1.45703,1.29324,0.317766,-1.45099,1.29324,0.313603,-1.43545,1.31362
-0.00360257,0.803293,-1.35274,-1.70962,838950181,0.268741,-1.26479,1.16882,0.272409,-1.27858,1.15074,0.293601,-1.27253,1.15074,0.28968,-1.25881,1.16882,0.314968,-1.43745,1.31362,0.319103,-1.453,1.29324,0.343201,-1.44612,1.29324,0.338781,-1.43065,1.31362
-0.0082692,0.803884,-1.33557,-2.10694,838950182,0.290096,-1.25869,1.16882,0.294017,-1.27241,1.15074,0.315209,-1.26635,1.15074,0.311036,-1.2527,1.16882,0.339197,-1.43053,1.31362,0.343617,-1.446,1.29324,0.367715,-1.43911,1.29324,0.363011,-1.42373,1.31362
0.100764,0.803938,-1.26653,-10.0435,838950186,0.376191,-1.23559,1.16882,0.38106,-1.24901,1.15074,0.401778,-1.24149,1.15074,0.396662,-1.22816,1.16882,0.437169,-1.40359,1.31362,0.442657,-1.41871,1.29324,0.466216,-1.41016,1.29324,0.460449,-1.39514,1.31362
0.279,0.803372,-1.2492,-8.97423,838950187,0.397981,-1.23011,1.16882,0.403073,-1.24344,1.15074,0.423515,-1.2352,1.15074,0.41818,-1.22197,1.16882,0.462016,-1.39699,1.31362,0.467756,-1.41202,1.29324,0.491001,-1.40265,1.29324,0.484988,-1.38773,1.31362
1.00105,0.803299,-1.10722,0.595373,838950195,0.568101,-1.16151,1.16882,0.574997,-1.17401,1.15074,0.594095,-1.16301,1.15074,0.586972,-1.15064,1.16882,0.654714,-1.31787,1.31362,0.662487,-1.33196,1.29324,0.684205,-1.31945,1.29324,0.676175,-1.30551,1.31362
0.17818,0.803877,-1.09004,37.1912,838950196,0.587347,-1.15042,1.16882,0.59447,-1.16279,1.15074,0.613569,-1.15179,1.15074,0.606218,-1.13955,1.16882,0.67655,-1.30529,1.31362,0.684579,-1.31923,1.29324,0.706297,-1.30672,1.29324,0.698011,-1.29293,1.31362
0.456948,0.821184,-1.93014,-0.429716,838950660,-0.464708,-1.20501,1.19895,-0.469201,-1.2188,1.18106,-0.448245,-1.22563,1.18106,-0.444002,-1.21176,1.19895,-0.519506,-1.37318,1.34602,-0.524571,-1.38872,1.32584,-0.500741,-1.39648,1.32584,-0.495958,-1.38085,1.34602
0.585084,0.82059,-1.9089,-4.60915,838950661,-0.439389,-1.21584,1.19895,-0.443653,-1.2297,1.18106,-0.422474,-1.2358,1.18106,-0.418462,-1.22187,1.19895,-0.491198,-1.38498,1.34602,-0.496004,-1.4006,1.32584,-0.47192,-1.40754,1.32584,-0.467398,-1.39183,1.34602
-0.0401387,0.821161,-1.89172,-2.45085,838950662,-0.418046,-1.22199,1.19895,-0.422058,-1.23592,1.18106,-0.400879,-1.24202,1.18106,-0.397119,-1.22801,1.19895,-0.466982,-1.39195,1.34602,-0.471505,-1.40766,1.32584,-0.447421,-1.41459,1.32584,-0.443182,-1.3988,1.34602
-0.0250961,0.820549,-1.87438,-3.31961,838950663,-0.397195,-1.23036,1.19895,-0.400972,-1.24436,1.18106,-0.379592,-1.24972,1.18106,-0.376069,-1.23565,1.19895,-0.443065,-1.4012,1.34602,-0.447322,-1.41698,1.32584,-0.423011,-1.42307,1.32584,-0.41904,-1.40722,1.34602
-0.0333411,0.821125,-1.8572,-3.45603,838950664,-0.37565,-1.23576,1.19895,-0.379173,-1.24982,1.18106,-0.357793,-1.25518,1.18106,-0.354525,-1.24105,1.19895,-0.41862,-1.40732,1.34602,-0.422591,-1.42318,1.32584,-0.39828,-1.42927,1.32584,-0.394595,-1.41334,1.34602
0.0701491,0.820517,-1.83986,23.7511,838950665,-0.354519,-1.2434,1.19895,-0.357805,-1.25752,1.18106,-0.336251,-1.26213,1.18106,-0.333222,-1.24795,1.19895,-0.394394,-1.41574,1.34602,-0.398098,-1.43166,1.32584,-0.373589,-1.43689,1.32584,-0.370174,-1.42091,1.34602
0.0260342,0.820481,-1.73632,-2.60793,838950671,-0.224126,-1.27346,1.19895,-0.225916,-1.28785,1.18106,-0.203999,-1.29018,1.18106,-0.20247,-1.27576,1.19895,-0.245755,-1.44903,1.34602,-0.247773,-1.46525,1.32584,-0.22285,-1.46789,1.32584,-0.221126,-1.45164,1.34602
0.172427,0.821077,-1.71914,-27.9805,838950672,-0.20204,-1.27581,1.19895,-0.203569,-1.29022,1.18106,-0.181652,-1.29255,1.18106,-0.180383,-1.2781,1.19895,-0.220696,-1.45168,1.34602,-0.22242,-1.46794,1.32584,-0.197497,-1.47058,1.32584,-0.196067,-1.4543,1.34602
1.13659,0.820489,-1.7018,0.719159,838950673,-0.18005,-1.28043,1.19895,-0.181337,-1.29487,1.18106,-0.159352,-1.29643,1.18106,-0.158327,-1.28197,1.19895,-0.195534,-1.45664,1.34602,-0.196984,-1.47292,1.32584,-0.171985,-1.47469,1.32584,-0.170829,-1.45839,1.34602
0.0314181,0.821089,-1.68463,-4.07705,838950674,-0.157896,-1.282,1.19895,-0.15892,-1.29646,1.18106,-0.136935,-1.29802,1.18106,-0.136172,-1.28354,1.19895,-0.170398,-1.45842,1.34602,-0.171553,-1.47472,1.32584,-0.146553,-1.4765,1.32584,-0.145693,-1.46017,1.34602
0.175635,0.820506,-1.66729,14.7622,838950675,-0.135758,-1.28585,1.19895,-0.136539,-1.30033,1.18106,-0.114513,-1.30112,1.18106,-0.113994,-1.28663,1.19895,-0.145078,-1.46249,1.34602,-0.145959,-1.47882,1.32584,-0.120913,-1.47972,1.32584,-0.120327,-1.46338,1.34602
2.09731,0.821111,-1.65011,1.34822,838950676,-0.113562,-1.28665,1.19895,-0.114081,-1.30114,1.18106,-0.0920552,-1.30193,1.18106,-0.0917983,-1.28743,1.19895,-0.119895,-1.4634,1.34602,-0.12048,-1.47973,1.32584,-0.0954338,-1.48063,1.32584,-0.0951442,-1.46428,1.34602
0.48824,0.820533,-1.63277,0.69461,838950677,-0.0913035,-1.28972,1.19895,-0.0915786,-1.30422,1.18106,-0.0695385,-1.30424,1.18106,-0.0695257,-1.28974,1.19895,-0.0944487,-1.46658,1.34602,-0.0947587,-1.48293,1.32584,-0.0696962,-1.48295,1.32584,-0.0696818,-1.46661,1.34602
0.86116,0.821143,-1.6156,0.744427,838950678,-0.0690934,-1.28974,1.19895,-0.0691061,-1.30424,1.18106,-0.047066,-1.30426,1.18106,-0.0473156,-1.28976,1.19895,-0.0692494,-1.46661,1.34602,-0.0692638,-1.48295,1.32584,-0.0442012,-1.48297,1.32584,-0.0444825,-1.46663,1.34602
0.970635,0.82057,-1.59826,0.508017,838950679,-0.0467409,-1.29204,1.19895,-0.0465094,-1.30654,1.18106,-0.0244821,-1.30579,1.18106,-0.0249758,-1.2913,1.19895,-0.0437072,-1.4689,1.34602,-0.0434462,-1.48525,1.32584,-0.0183981,-1.4844,1.32584,-0.0189546,-1.46806,1.34602
3.07983,0.821184,-1.58108,-0.120382,838950680,-0.0245437,-1.29128,1.19895,-0.02405,-1.30577,1.18106,-0.00202263,-1.30502,1.18106,-0.00277848,-1.29054,1.19895,-0.0185225,-1.46805,1.34602,-0.017966,-1.48438,1.32584,0.00708208,-1.48353,1.32584,0.00623005,-1.4672,1.34602
0.529484,0.82059,-1.55983,1.79818,838950681,0.00295186,-1.2928,1.19895,0.0036858,-1.30728,1.18106,0.0256739,-1.30577,1.18106,0.0246783,-1.2913,1.19895,0.0121146,-1.46945,1.34602,0.012942,-1.48578,1.32584,0.0379454,-1.48406,1.32584,0.0368231,-1.46775,1.34602
0.139286,0.821161,-1.54265,-11.6221,838950682,0.0251096,-1.29127,1.19895,0.0261053,-1.30574,1.18106,0.0480934,-1.30423,1.18106,0.046836,-1.28978,1.19895,0.0372544,-1.46772,1.34602,0.0383768,-1.48403,1.32584,0.0633802,-1.48231,1.32584,0.0619628,-1.46602,1.34602
-0.0249126,0.820481,-1.38725,-2.06964,838950691,0.22494,-1.27332,1.19895,0.22818,-1.28745,1.18106,0.249571,-1.28214,1.18106,0.246076,-1.26807,1.19895,0.264662,-1.44569,1.34602,0.268314,-1.46163,1.32584,0.292638,-1.45559,1.32584,0.288699,-1.43972,1.34602
0.0635385,0.821077,-1.37008,-1.7718,838950692,0.246496,-1.26797,1.19895,0.24999,-1.28204,1.18106,0.271381,-1.27673,1.18106,0.267632,-1.26272,1.19895,0.289119,-1.43962,1.34602,0.293058,-1.45548,1.32584,0.317382,-1.44944,1.32584,0.313156,-1.43365,1.34602
0.0999177,0.820489,-1.35274,-22.7492,838950693,0.268741,-1.26479,1.19895,0.272472,-1.2788,1.18106,0.293664,-1.27275,1.18106,0.28968,-1.25881,1.19895,0.314458,-1.43567,1.34602,0.318664,-1.45147,1.32584,0.342763,-1.44458,1.32584,0.338272,-1.42887,1.34602
0.0267605,0.821089,-1.33556,-2.88679,838950694,0.290096,-1.25869,1.19895,0.29408,-1.27263,1.18106,0.315272,-1.26657,1.18106,0.311036,-1.2527,1.19895,0.338688,-1.42875,1.34602,0.343178,-1.44446,1.32584,0.367276,-1.43758,1.32584,0.362501,-1.42194,1.34602
0.228466,0.820496,-1.10722,4.29632,838950707,0.568101,-1.16151,1.19895,0.575111,-1.17421,1.18106,0.59421,-1.1632,1.18106,0.586972,-1.15064,1.19895,0.653788,-1.31626,1.34602,0.66169,-1.33057,1.32584,0.683408,-1.31806,1.32584,0.675249,-1.3039,1.34602
0.144916,0.838293,1.14242,22.814,838950988,0.546772,1.17021,1.22941,0.552301,1.18386,1.21169,0.531873,1.19213,1.21169,0.526588,1.17839,1.22941,0.612469,1.33239,1.3787,0.618701,1.34778,1.35874,0.595472,1.35719,1.35874,0.589514,1.34169,1.3787
0.122837,0.837724,1.26722,-4.0603,838950995,0.397195,1.23036,1.22941,0.401027,1.24458,1.21169,0.379647,1.24994,1.21169,0.376069,1.23565,1.22941,0.442607,1.39937,1.3787,0.446927,1.41541,1.35874,0.422615,1.42149,1.35874,0.418582,1.40539,1.3787
0.246733,0.838326,-1.96466,3.87983,838951170,-0.506044,-1.18833,1.22941,-0.511093,-1.20216,1.21169,-0.490389,-1.20972,1.21169,-0.485586,-1.1958,1.22941,-0.566036,-1.35271,1.3787,-0.571728,-1.3683,1.35874,-0.548184,-1.37689,1.35874,-0.542771,-1.3612,1.3787
0.205707,0.837745,-1.94732,-2.6993,838951171,-0.485825,-1.19813,1.22941,-0.490638,-1.21205,1.21169,-0.469682,-1.21888,1.21169,-0.465119,-1.20488,1.22941,-0.542882,-1.36358,1.3787,-0.548307,-1.37927,1.35874,-0.524477,-1.38703,1.35874,-0.519334,-1.37125,1.3787
0.193005,0.838368,-1.93014,8.7495,838951172,-0.464708,-1.20501,1.22941,-0.469271,-1.21902,1.21169,-0.448315,-1.22584,1.21169,-0.444002,-1.21176,1.22941,-0.518923,-1.37139,1.3787,-0.524066,-1.38717,1.35874,-0.500237,-1.39493,1.35874,-0.495375,-1.37906,1.3787
-0.0442264,0.837765,-1.90889,-3.31514,838951173,-0.439389,-1.21584,1.22941,-0.443716,-1.22992,1.21169,-0.422536,-1.23602,1.21169,-0.418462,-1.22187,1.22941,-0.490677,-1.38317,1.3787,-0.495554,-1.39904,1.35874,-0.47147,-1.40597,1.35874,-0.466877,-1.39002,1.3787
0.000190516,0.838344,-1.89171,-3.46474,838951174,-0.418046,-1.22199,1.22941,-0.422121,-1.23614,1.21169,-0.400941,-1.24224,1.21169,-0.397119,-1.22801,1.22941,-0.466461,-1.39014,1.3787,-0.471054,-1.40609,1.35874,-0.44697,-1.41303,1.35874,-0.442661,-1.39699,1.3787
-0.012458,0.837724,-1.87437,-4.27797,838951175,-0.397195,-1.23036,1.22941,-0.401027,-1.24458,1.21169,-0.379647,-1.24994,1.21169,-0.376069,-1.23565,1.22941,-0.442607,-1.39937,1.3787,-0.446927,-1.41541,1.35874,-0.422615,-1.42149,1.35874,-0.418582,-1.40539,1.3787
0.14209,0.838307,-1.8572,21.7314,838951176,-0.37565,-1.23576,1.22941,-0.379228,-1.25004,1.21169,-0.357848,-1.2554,1.21169,-0.354525,-1.24105,1.22941,-0.418163,-1.4055,1.3787,-0.422196,-1.4216,1.35874,-0.397884,-1.42769,1.35874,-0.394138,-1.41151,1.3787
1.42051,0.837692,-1.83986,0.74009,838951177,-0.354519,-1.2434,1.22941,-0.357852,-1.25774,1.21169,-0.336298,-1.26235,1.21169,-0.333222,-1.24795,1.22941,-0.394,-1.41389,1.3787,-0.397758,-1.43007,1.35874,-0.373248,-1.4353,1.35874,-0.36978,-1.41907,1.3787
0.476595,0.83828,-1.82268,0.574347,838951178,-0.332799,-1.24804,1.22941,-0.335875,-1.26244,1.21169,-0.314322,-1.26704,1.21169,-0.311502,-1.25259,1.22941,-0.369357,-1.41916,1.3787,-0.372826,-1.43539,1.35874,-0.348316,-1.44063,1.35874,-0.345137,-1.42433,1.3787
0.0246359,0.837655,-1.73631,-3.82748,838951183,-0.224126,-1.27346,1.22941,-0.22594,-1.28808,1.21169,-0.204023,-1.2904,1.21169,-0.20247,-1.27576,1.22941,-0.245556,-1.44715,1.3787,-0.247601,-1.46363,1.35874,-0.222678,-1.46627,1.35874,-0.220927,-1.44977,1.3787
0.193086,0.838258,-1.71914,-8.01588,838951184,-0.20204,-1.27581,1.22941,-0.203593,-1.29045,1.21169,-0.181676,-1.29277,1.21169,-0.180383,-1.2781,1.22941,-0.220497,-1.44981,1.3787,-0.222248,-1.46632,1.35874,-0.197326,-1.46896,1.35874,-0.195869,-1.45242,1.3787
0.196614,0.837663,-1.7018,3.2733,838951185,-0.18005,-1.28043,1.22941,-0.181353,-1.2951,1.21169,-0.159368,-1.29666,1.21169,-0.158327,-1.28197,1.22941,-0.195401,-1.45476,1.3787,-0.196869,-1.4713,1.35874,-0.17187,-1.47307,1.35874,-0.170696,-1.45651,1.3787
0.0782889,0.838271,-1.68462,13.181,838951186,-0.157896,-1.282,1.22941,-0.158937,-1.29669,1.21169,-0.136952,-1.29825,1.21169,-0.136172,-1.28354,1.22941,-0.170265,-1.45654,1.3787,-0.171438,-1.4731,1.35874,-0.146438,-1.47487,1.35874,-0.14556,-1.45829,1.3787
0.149277,0.83768,-1.66728,4.06926,838951187,-0.135758,-1.28585,1.22941,-0.136547,-1.30056,1.21169,-0.114521,-1.30135,1.21169,-0.113994,-1.28663,1.22941,-0.145011,-1.46061,1.3787,-0.145901,-1.47719,1.35874,-0.120854,-1.47809,1.35874,-0.12026,-1.4615,1.3787
0.118604,0.838293,-1.65011,4.79648,838951188,-0.113562,-1.28665,1.22941,-0.114089,-1.30136,1.21169,-0.0920634,-1.30215,1.21169,-0.0917982,-1.28743,1.22941,-0.119828,-1.46152,1.3787,-0.120422,-1.4781,1.35874,-0.0953756,-1.479,1.35874,-0.0950767,-1.4624,1.3787
0.387334,0.837707,-1.63277,-1.7378,838951189,-0.0913035,-1.28972,1.22941,-0.0915788,-1.30445,1.21169,-0.0695388,-1.30447,1.21169,-0.0695257,-1.28974,1.22941,-0.094447,-1.4647,1.3787,-0.0947574,-1.4813,1.35874,-0.0696948,-1.48132,1.35874,-0.0696801,-1.46472,1.3787
1.8777,0.838326,-1.61559,0.175999,838951190,-0.0690933,-1.28974,1.22941,-0.0691064,-1.30447,1.21169,-0.0470663,-1.30449,1.21169,-0.0473155,-1.28976,1.22941,-0.0692477,-1.46472,1.3787,-0.0692624,-1.48132,1.35874,-0.0441998,-1.48135,1.35874,-0.0444808,-1.46475,1.3787
0.836637,0.837745,-1.59825,-0.622947,838951191,-0.0467409,-1.29204,1.22941,-0.0465017,-1.30677,1.21169,-0.0244744,-1.30602,1.21169,-0.0249757,-1.2913,1.22941,-0.0437712,-1.46702,1.3787,-0.0435016,-1.48362,1.35874,-0.0184536,-1.48277,1.35874,-0.0190187,-1.46618,1.3787
0.917516,0.838368,-1.58107,0.683758,838951192,-0.0245436,-1.29128,1.22941,-0.0240423,-1.306,1.21169,-0.002015,-1.30525,1.21169,-0.0027784,-1.29054,1.22941,-0.0185865,-1.46616,1.3787,-0.0180215,-1.48275,1.35874,0.00702657,-1.4819,1.35874,0.00616602,-1.46532,1.3787
0.352086,0.837766,-1.55983,5.17879,838951193,0.00295187,-1.2928,1.22941,0.00370133,-1.30751,1.21169,0.0256894,-1.30599,1.21169,0.0246783,-1.2913,1.22941,0.0119853,-1.46757,1.3787,0.0128302,-1.48415,1.35874,0.0378336,-1.48243,1.35874,0.0366938,-1.46587,1.3787
0.0364502,0.838344,-1.54265,-3.44648,838951194,0.0251096,-1.29127,1.22941,0.0261208,-1.30597,1.21169,0.0481089,-1.30445,1.21169,0.046836,-1.28978,1.22941,0.0371251,-1.46584,1.3787,0.038265,-1.4824,1.35874,0.0632684,-1.48068,1.35874,0.0618335,-1.46414,1.3787
0.301445,0.837655,-1.38725,-2.56552,838951203,0.224941,-1.27332,1.22941,0.228235,-1.28767,1.21169,0.249625,-1.28236,1.21169,0.246077,-1.26807,1.22941,0.264208,-1.44386,1.3787,0.267922,-1.46005,1.35874,0.292246,-1.45401,1.35874,0.288245,-1.4379,1.3787
1.40258,0.838258,-1.37007,-0.268031,838951204,0.246496,-1.26797,1.22941,0.250045,-1.28226,1.21169,0.271435,-1.27695,1.21169,0.267632,-1.26272,1.22941,0.288665,-1.43779,1.3787,0.292665,-1.4539,1.35874,0.316989,-1.44786,1.35874,0.312702,-1.43182,1.3787
-0.00693234,0.837663,-1.35273,-2.96171,838951205,0.268741,-1.26479,1.22941,0.272534,-1.27902,1.21169,0.293726,-1.27297,1.21169,0.28968,-1.25881,1.22941,0.313941,-1.43386,1.3787,0.318217,-1.4499,1.35874,0.342315,-1.44302,1.35874,0.337755,-1.42705,1.3787
0.0268727,0.838271,-1.33556,-3.8181,838951206,0.290096,-1.25869,1.22941,0.294142,-1.27285,1.21169,0.315334,-1.26679,1.21169,0.311036,-1.2527,1.22941,0.33817,-1.42694,1.3787,0.342731,-1.4429,1.35874,0.366829,-1.43601,1.35874,0.361984,-1.42013,1.3787
0.192548,0.837765,-1.21076,6.01166,838951213,0.444937,-1.21382,1.22941,0.450672,-1.22739,1.21169,0.470817,-1.21845,1.21169,0.464842,-1.20499,1.22941,0.513202,-1.37497,1.3787,0.519667,-1.39026,1.35874,0.542574,-1.38009,1.35874,0.535839,-1.36492,1.3787
0.157955,0.838344,-1.19358,-6.62311,838951214,0.465237,-1.20481,1.22941,0.471212,-1.21827,1.21169,0.491356,-1.20933,1.21169,0.485142,-1.19598,1.22941,0.536234,-1.36474,1.3787,0.542969,-1.37992,1.35874,0.565876,-1.36975,1.35874,0.55887,-1.35469,1.3787
0.121553,0.854879,1.26722,-96.694,838951507,0.397195,1.23036,1.26018,0.401081,1.2448,1.24266,0.379702,1.25016,1.24266,0.376069,1.23565,1.26018,0.442143,1.39752,1.41169,0.446524,1.4138,1.39194,0.422212,1.41989,1.39194,0.418118,1.40354,1.41169
0.0105112,0.854921,-1.90889,-2.78419,838951685,-0.439389,-1.21584,1.26018,-0.443778,-1.23014,1.24266,-0.422598,-1.23624,1.24266,-0.418462,-1.22187,1.26018,-0.490148,-1.38133,1.41169,-0.495095,-1.39744,1.39194,-0.471011,-1.40438,1.39194,-0.466348,-1.38818,1.41169
0.0204394,0.855507,-1.89171,-3.21175,838951686,-0.418046,-1.22199,1.26018,-0.422183,-1.23635,1.24266,-0.401003,-1.24245,1.24266,-0.397119,-1.22801,1.26018,-0.465932,-1.3883,1.41169,-0.470595,-1.4045,1.39194,-0.446511,-1.41143,1.39194,-0.442132,-1.39515,1.41169
0.141263,0.854879,-1.87437,-23.5358,838951687,-0.397195,-1.23036,1.26018,-0.401081,-1.2448,1.24266,-0.379702,-1.25016,1.24266,-0.376069,-1.23565,1.26018,-0.442143,-1.39752,1.41169,-0.446524,-1.4138,1.39194,-0.422212,-1.41989,1.39194,-0.418118,-1.40354,1.41169
0.128845,0.85547,-1.85719,11.0002,838951688,-0.37565,-1.23576,1.26018,-0.379282,-1.25026,1.24266,-0.357903,-1.25562,1.24266,-0.354525,-1.24105,1.26018,-0.417698,-1.40364,1.41169,-0.421793,-1.41999,1.39194,-0.397481,-1.42608,1.39194,-0.393674,-1.40966,1.41169
0.0563805,0.854846,-1.83985,21.176,838951689,-0.354519,-1.2434,1.26018,-0.357899,-1.25796,1.24266,-0.336345,-1.26257,1.24266,-0.333222,-1.24795,1.26018,-0.393601,-1.41202,1.41169,-0.397411,-1.42844,1.39194,-0.372902,-1.43368,1.39194,-0.369381,-1.4172,1.41169
-0.0117905,0.854809,-1.73631,-3.3166,838951695,-0.224126,-1.27346,1.26018,-0.225964,-1.2883,1.24266,-0.204047,-1.29063,1.24266,-0.20247,-1.27576,1.26018,-0.245354,-1.44525,1.41169,-0.247426,-1.46198,1.39194,-0.222503,-1.46462,1.39194,-0.220726,-1.44786,1.41169
0.0221231,0.85542,-1.71913,-2.49784,838951696,-0.20204,-1.27581,1.26018,-0.203617,-1.29067,1.24266,-0.181699,-1.293,1.24266,-0.180383,-1.2781,1.26018,-0.220296,-1.44791,1.41169,-0.222073,-1.46467,1.39194,-0.197151,-1.46731,1.39194,-0.195667,-1.45052,1.41169
0.0020618,0.854817,-1.70179,-1.88436,838951697,-0.18005,-1.28043,1.26018,-0.181369,-1.29532,1.24266,-0.159384,-1.29688,1.24266,-0.158327,-1.28197,1.26018,-0.195266,-1.45285,1.41169,-0.196752,-1.46964,1.39194,-0.171752,-1.47142,1.39194,-0.170561,-1.4546,1.41169
0.00129091,0.855433,-1.68462,-2.36269,838951698,-0.157896,-1.282,1.26018,-0.158952,-1.29691,1.24266,-0.136967,-1.29847,1.24266,-0.136172,-1.28354,1.26018,-0.17013,-1.45464,1.41169,-0.171321,-1.47145,1.39194,-0.146321,-1.47322,1.39194,-0.145425,-1.45639,1.41169
0.111778,0.854834,-1.66728,5.05439,838951699,-0.135758,-1.28585,1.26018,-0.136555,-1.30078,1.24266,-0.114529,-1.30157,1.24266,-0.113994,-1.28663,1.26018,-0.144942,-1.4587,1.41169,-0.145841,-1.47553,1.39194,-0.120795,-1.47643,1.39194,-0.120191,-1.45959,1.41169
0.149778,0.855455,-1.65011,12.6658,838951700,-0.113562,-1.28665,1.26018,-0.114097,-1.30159,1.24266,-0.0920714,-1.30238,1.24266,-0.0917983,-1.28743,1.26018,-0.119759,-1.4596,1.41169,-0.120363,-1.47645,1.39194,-0.0953161,-1.47734,1.39194,-0.0950083,-1.46049,1.41169
0.143403,0.854862,-1.63276,8.98255,838951701,-0.0913035,-1.28972,1.26018,-0.091579,-1.30467,1.24266,-0.0695389,-1.30469,1.24266,-0.0695257,-1.28974,1.26018,-0.0944453,-1.46279,1.41169,-0.0947558,-1.47964,1.39194,-0.0696933,-1.47966,1.39194,-0.0696784,-1.46281,1.41169
0.288584,0.855488,-1.61559,5.90917,838951702,-0.0690934,-1.28974,1.26018,-0.0691065,-1.30469,1.24266,-0.0470664,-1.30471,1.24266,-0.0473156,-1.28976,1.26018,-0.0692461,-1.46281,1.41169,-0.0692609,-1.47966,1.39194,-0.0441983,-1.47969,1.39194,-0.0444792,-1.46283,1.41169
0.166954,0.8549,-1.59825,-10.5395,838951703,-0.0467409,-1.29204,1.26018,-0.0464941,-1.30699,1.24266,-0.0244668,-1.30624,1.24266,-0.0249758,-1.2913,1.26018,-0.0438363,-1.46511,1.41169,-0.0435581,-1.48196,1.39194,-0.01851,-1.48111,1.39194,-0.0190838,-1.46427,1.41169
0.272093,0.855531,-1.58107,-2.93374,838951704,-0.0245436,-1.29128,1.26018,-0.0240346,-1.30622,1.24266,-0.00200732,-1.30547,1.24266,-0.00277847,-1.29054,1.26018,-0.0186517,-1.46425,1.41169,-0.0180779,-1.4811,1.39194,0.00697015,-1.48024,1.39194,0.00610087,-1.46341,1.41169
0.24371,0.854921,-1.55982,-0.0371583,838951705,0.00295185,-1.2928,1.26018,0.00371673,-1.30773,1.24266,0.0257048,-1.30622,1.24266,0.0246782,-1.2913,1.26018,0.0118541,-1.46567,1.41169,0.0127163,-1.4825,1.39194,0.0377197,-1.48078,1.39194,0.0365625,-1.46396,1.41169
-0.0275395,0.855507,-1.54264,-3.14952,838951706,0.0251096,-1.29127,1.26018,0.0261362,-1.30619,1.24266,0.0481242,-1.30467,1.24266,0.046836,-1.28978,1.26018,0.0369939,-1.46394,1.41169,0.0381511,-1.48075,1.39194,0.0631545,-1.47903,1.39194,0.0617023,-1.46223,1.41169
0.0794819,0.854809,-1.38724,-3.02404,838951715,0.224941,-1.27332,1.26018,0.228289,-1.28789,1.24266,0.249679,-1.28258,1.24266,0.246076,-1.26807,1.26018,0.263748,-1.44201,1.41169,0.267522,-1.45844,1.39194,0.291846,-1.4524,1.39194,0.287785,-1.43604,1.41169
0.0426829,0.85542,-1.37007,-2.78042,838951716,0.246496,-1.26797,1.26018,0.250099,-1.28248,1.24266,0.271489,-1.27716,1.24266,0.267632,-1.26272,1.26018,0.288204,-1.43594,1.41169,0.292265,-1.45229,1.39194,0.316589,-1.44625,1.39194,0.312241,-1.42997,1.41169
0.0926011,0.854817,-1.35273,-2.94801,838951717,0.268741,-1.26479,1.26018,0.272596,-1.27924,1.24266,0.293788,-1.27318,1.24266,0.28968,-1.25881,1.26018,0.313416,-1.43202,1.41169,0.317761,-1.44831,1.39194,0.341859,-1.44142,1.39194,0.337229,-1.42522,1.41169
0.11339,0.855433,-1.33555,-9.66602,838951718,0.290096,-1.25869,1.26018,0.294203,-1.27306,1.24266,0.315395,-1.26701,1.24266,0.311036,-1.2527,1.26018,0.337645,-1.4251,1.41169,0.342275,-1.4413,1.39194,0.366373,-1.43442,1.39194,0.361459,-1.41829,1.41169
0.139129,0.85547,-1.15906,9.31473,838951728,0.506565,-1.18811,1.26018,0.513105,-1.20155,1.24266,0.532925,-1.19191,1.24266,0.526149,-1.17858,1.26018,0.582269,-1.34374,1.41169,0.58964,-1.3589,1.39194,0.612178,-1.34794,1.39194,0.60454,-1.33291,1.41169
0.108701,0.872564,0.375264,17.7071,838951968,1.2059,0.462931,1.2913,1.21977,0.469089,1.27397,1.21082,0.489232,1.27397,1.19706,0.482835,1.2913,1.3623,0.532386,1.445,1.37793,0.539327,1.42546,1.36776,0.562233,1.42546,1.35225,0.555022,1.445
0.146076,0.872562,1.38795,24.7896,838952026,0.245941,1.26807,1.2913,0.248067,1.2831,1.27397,0.226244,1.28619,1.27397,0.224378,1.27113,1.2913,0.269925,1.43752,1.445,0.272321,1.45445,1.42546,0.247506,1.45796,1.42546,0.245402,1.44099,1.445
0.0824428,0.872652,-1.89171,-9.97636,838952198,-0.418046,-1.22199,1.2913,-0.422244,-1.23657,1.27397,-0.401064,-1.24267,1.27397,-0.397119,-1.22801,1.2913,-0.465396,-1.38644,1.445,-0.470128,-1.40287,1.42546,-0.446044,-1.40981,1.42546,-0.441596,-1.39329,1.445
0.0190748,0.872016,-1.87436,-5.39028,838952199,-0.397195,-1.23036,1.2913,-0.401135,-1.24502,1.27397,-0.379755,-1.25037,1.27397,-0.376069,-1.23565,1.2913,-0.441671,-1.39564,1.445,-0.446113,-1.41216,1.42546,-0.421802,-1.41825,1.42546,-0.417647,-1.40166,1.445
0.0231242,0.872615,-1.85719,-4.17128,838952200,-0.37565,-1.23576,1.2913,-0.379336,-1.25048,1.27397,-0.357956,-1.25583,1.27397,-0.354525,-1.24105,1.2913,-0.417227,-1.40176,1.445,-0.421382,-1.41835,1.42546,-0.397071,-1.42444,1.42546,-0.393202,-1.40778,1.445
0.0451361,0.871983,-1.83985,-3.68125,838952201,-0.354519,-1.2434,1.2913,-0.357945,-1.25818,1.27397,-0.336391,-1.26279,1.27397,-0.333222,-1.24795,1.2913,-0.393196,-1.41013,1.445,-0.397058,-1.42679,1.42546,-0.372549,-1.43203,1.42546,-0.368976,-1.4153,1.445
0.024937,0.872577,-1.68462,-3.21922,838952210,-0.157895,-1.282,1.2913,-0.158968,-1.29713,1.27397,-0.136983,-1.29869,1.27397,-0.136172,-1.28354,1.2913,-0.169993,-1.4527,1.445,-0.171201,-1.46976,1.42546,-0.146202,-1.47153,1.42546,-0.145288,-1.45445,1.445
0.175423,0.871971,-1.66727,-3.51741,838952211,-0.135758,-1.28585,1.2913,-0.136563,-1.301,1.27397,-0.114537,-1.30179,1.27397,-0.113994,-1.28663,1.2913,-0.144873,-1.45676,1.445,-0.145781,-1.47385,1.42546,-0.120734,-1.47474,1.42546,-0.120122,-1.45765,1.445
0.95545,0.8726,-1.6501,1.5341,838952212,-0.113562,-1.28665,1.2913,-0.114105,-1.30181,1.27397,-0.0920793,-1.3026,1.27397,-0.0917983,-1.28743,1.2913,-0.11969,-1.45767,1.445,-0.120302,-1.47476,1.42546,-0.0952556,-1.47566,1.42546,-0.0949389,-1.45855,1.445
1.10981,0.871999,-1.63276,-0.756545,838952213,-0.0913035,-1.28972,1.2913,-0.0915792,-1.30489,1.27397,-0.0695391,-1.30491,1.27397,-0.0695258,-1.28974,1.2913,-0.0944436,-1.46085,1.445,-0.0947543,-1.47795,1.42546,-0.0696918,-1.47797,1.42546,-0.0696767,-1.46087,1.445
2.45475,0.872633,-1.61559,0.656452,838952214,-0.0690934,-1.28974,1.2913,-0.0691067,-1.30491,1.27397,-0.0470666,-1.30493,1.27397,-0.0473156,-1.28976,1.2913,-0.0692444,-1.46087,1.445,-0.0692594,-1.47797,1.42546,-0.0441968,-1.478,1.42546,-0.0444775,-1.46089,1.445
5.54436,0.872037,-1.59824,0.867016,838952215,-0.046741,-1.29204,1.2913,-0.0464865,-1.30721,1.27397,-0.0244592,-1.30646,1.27397,-0.0249758,-1.2913,1.2913,-0.0439024,-1.46317,1.445,-0.0436156,-1.48027,1.42546,-0.0185675,-1.47942,1.42546,-0.0191499,-1.46233,1.445
0.121643,0.872676,-1.58107,9.01592,838952216,-0.0245436,-1.29128,1.2913,-0.0240271,-1.30645,1.27397,-0.00199978,-1.3057,1.27397,-0.00277846,-1.29054,1.2913,-0.0187177,-1.46231,1.445,-0.0181354,-1.47941,1.42546,0.00691262,-1.47855,1.42546,0.00603486,-1.46147,1.445
0.0286613,0.872059,-1.55982,-4.92946,838952217,0.00295184,-1.2928,1.2913,0.00373194,-1.30795,1.27397,0.02572,-1.30644,1.27397,0.0246782,-1.2913,1.2913,0.0117209,-1.46373,1.445,0.0126003,-1.48081,1.42546,0.0376037,-1.47909,1.42546,0.0364293,-1.46203,1.445
0.0987793,0.872615,-1.50812,30.2365,838952220,0.0696586,-1.28971,1.2913,0.0712284,-1.3048,1.27397,0.0931502,-1.30252,1.27397,0.0913195,-1.28746,1.2913,0.0873653,-1.45992,1.445,0.0891348,-1.47694,1.42546,0.114063,-1.47434,1.42546,0.111999,-1.45736,1.445
0.00945371,0.871946,-1.38724,-54.6599,838952227,0.22494,-1.27332,1.2913,0.228342,-1.28811,1.27397,0.249733,-1.2828,1.27397,0.246076,-1.26807,1.2913,0.26328,-1.44013,1.445,0.267115,-1.4568,1.42546,0.291439,-1.45076,1.42546,0.287317,-1.43416,1.445
0.103427,0.872564,-1.37007,24.3014,838952228,0.246496,-1.26797,1.2913,0.250152,-1.28269,1.27397,0.271543,-1.27738,1.27397,0.267632,-1.26272,1.2913,0.287737,-1.43405,1.445,0.291858,-1.45065,1.42546,0.316182,-1.44461,1.42546,0.311774,-1.42809,1.445
0.253148,0.871953,-1.35272,2.89718,838952229,0.268741,-1.26479,1.2913,0.272657,-1.27945,1.27397,0.293849,-1.27339,1.27397,0.28968,-1.25881,1.2913,0.312883,-1.43016,1.445,0.317297,-1.44668,1.42546,0.341395,-1.4398,1.42546,0.336697,-1.42335,1.445
-0.0343515,0.872577,-1.33555,-4.11869,838952230,0.290096,-1.25869,1.2913,0.294264,-1.27328,1.27397,0.315456,-1.26722,1.27397,0.311036,-1.2527,1.2913,0.337112,-1.42323,1.445,0.341811,-1.43968,1.42546,0.365909,-1.43279,1.42546,0.360926,-1.41643,1.445
0.0211795,0.889748,-1.68461,82.6164,838952722,-0.157894,-1.282,1.32289,-0.158985,-1.29739,1.30571,-0.136982,-1.29895,1.30571,-0.136171,-1.28354,1.32289,-0.169861,-1.45086,1.47862,-0.171082,-1.46809,1.45939,-0.146228,-1.46985,1.45939,-0.145321,-1.4526,1.47862
0.0168348,0.889134,-1.66727,-3.05705,838952723,-0.135759,-1.28585,1.32289,-0.136592,-1.30126,1.30571,-0.114548,-1.30205,1.30571,-0.113995,-1.28663,1.32289,-0.144643,-1.45493,1.47862,-0.145575,-1.47217,1.45939,-0.120675,-1.47307,1.45939,-0.120057,-1.45581,1.47862
0.00847589,0.889771,-1.65009,-2.87575,838952724,-0.113561,-1.28665,1.32289,-0.114114,-1.30207,1.30571,-0.092069,-1.30286,1.30571,-0.0917971,-1.28743,1.32289,-0.119623,-1.45582,1.47862,-0.120241,-1.47308,1.45939,-0.0953408,-1.47397,1.45939,-0.0950366,-1.4567,1.47862
0.221412,0.889162,-1.63276,-11.4225,838952725,-0.0913046,-1.28972,1.32289,-0.0915992,-1.30516,1.30571,-0.0695405,-1.30517,1.30571,-0.0695268,-1.28974,1.32289,-0.094278,-1.459,1.47862,-0.0946076,-1.47627,1.45939,-0.0696915,-1.4763,1.45939,-0.0696762,-1.45903,1.47862
0.432971,0.889804,-1.61558,-5.73486,838952726,-0.0690922,-1.28974,1.32289,-0.0691058,-1.30518,1.30571,-0.0470472,-1.30519,1.30571,-0.0473144,-1.28976,1.32289,-0.0692416,-1.45903,1.47862,-0.0692568,-1.4763,1.45939,-0.0443407,-1.47632,1.45939,-0.0446398,-1.45905,1.47862
0.313736,0.889201,-1.59824,-2.98905,838952727,-0.0467421,-1.29204,1.32289,-0.0464974,-1.30747,1.30571,-0.0244514,-1.30672,1.30571,-0.0249769,-1.2913,1.32289,-0.0438013,-1.46132,1.47862,-0.0435275,-1.47859,1.45939,-0.0186258,-1.47775,1.45939,-0.0192138,-1.46048,1.47862
0.167554,0.889848,-1.58106,-5.1291,838952728,-0.0245425,-1.29128,1.32289,-0.0240171,-1.30671,1.30571,-0.00197119,-1.30596,1.30571,-0.00277731,-1.29054,1.32289,-0.0187794,-1.46047,1.47862,-0.0181914,-1.47773,1.45939,0.00671025,-1.47688,1.45939,0.00580818,-1.45963,1.47862
-0.0360459,0.889223,-1.55981,-2.42395,838952729,0.00295073,-1.2928,1.32289,0.00373023,-1.30821,1.30571,0.0257369,-1.3067,1.30571,0.0246771,-1.2913,1.32289,0.0117578,-1.46188,1.47862,0.01263,-1.47913,1.45939,0.0374874,-1.47742,1.45939,0.0363015,-1.46019,1.47862
0.158393,0.889804,-1.26651,-32.7065,838952746,0.376192,-1.23559,1.32289,0.381458,-1.2501,1.30571,0.402193,-1.24257,1.30571,0.396663,-1.22816,1.32289,0.433951,-1.39472,1.47862,0.439843,-1.41095,1.45939,0.463264,-1.40245,1.45939,0.457076,-1.38632,1.47862
0.589866,0.889201,-1.24917,-2.02138,838952747,0.39798,-1.23011,1.32289,0.403489,-1.24453,1.30571,0.423948,-1.23628,1.30571,0.418179,-1.22197,1.32289,0.458642,-1.38817,1.47862,0.464806,-1.40431,1.45939,0.487916,-1.395,1.45939,0.48146,-1.37898,1.47862
0.179808,0.889824,-1.19357,5.74354,838952750,0.465238,-1.20481,1.32289,0.4715,-1.21892,1.30571,0.491661,-1.20997,1.30571,0.485143,-1.19598,1.32289,0.533924,-1.35954,1.47862,0.540931,-1.37532,1.45939,0.563704,-1.36521,1.45939,0.556409,-1.34955,1.47862
0.295419,0.889179,-1.17623,0.826126,838952751,0.486592,-1.19782,1.32289,0.49309,-1.21183,1.30571,0.512926,-1.20218,1.30571,0.506176,-1.1883,1.32289,0.5581,-1.35129,1.47862,0.565371,-1.36696,1.45939,0.587777,-1.35606,1.45939,0.580223,-1.34053,1.47862
-0.0256748,0.9069,-1.6846,-3.91696,838953234,-0.157894,-1.282,1.3548,-0.159,-1.2976,1.3378,-0.136996,-1.29916,1.3378,-0.136171,-1.28354,1.3548,-0.169729,-1.449,1.51253,-0.170966,-1.46645,1.4935,-0.146112,-1.46821,1.4935,-0.145189,-1.45074,1.51253
0.0129992,0.906279,-1.66727,61.0844,838953235,-0.135759,-1.28585,1.3548,-0.1366,-1.30147,1.3378,-0.114555,-1.30226,1.3378,-0.113995,-1.28663,1.3548,-0.144576,-1.45306,1.51253,-0.145517,-1.47053,1.4935,-0.120617,-1.47143,1.4935,-0.11999,-1.45394,1.51253
0.023698,0.906924,-1.65009,69.1384,838953236,-0.113561,-1.28665,1.3548,-0.114121,-1.30227,1.3378,-0.0920764,-1.30306,1.3378,-0.091797,-1.28743,1.3548,-0.119556,-1.45396,1.51253,-0.120182,-1.47144,1.4935,-0.0952822,-1.47233,1.4935,-0.0949696,-1.45484,1.51253
0.10222,0.906308,-1.63275,-34.6247,838953237,-0.0913046,-1.28972,1.3548,-0.0915993,-1.30536,1.3378,-0.0695406,-1.30538,1.3378,-0.0695268,-1.28974,1.3548,-0.0942763,-1.45714,1.51253,-0.0946061,-1.47464,1.4935,-0.06969,-1.47466,1.4935,-0.0696745,-1.45716,1.51253
0.0223366,0.906957,-1.61557,-2.72003,838953238,-0.0690922,-1.28974,1.3548,-0.069106,-1.30538,1.3378,-0.0470473,-1.3054,1.3378,-0.0473144,-1.28976,1.3548,-0.0692399,-1.45716,1.51253,-0.0692554,-1.47466,1.4935,-0.0443393,-1.47468,1.4935,-0.0446381,-1.45718,1.51253
0.0728626,0.906347,-1.59823,-2.13493,838953239,-0.046742,-1.29204,1.3548,-0.0464905,-1.30768,1.3378,-0.0244446,-1.30693,1.3378,-0.0249768,-1.2913,1.3548,-0.0438648,-1.45946,1.51253,-0.0435834,-1.47695,1.4935,-0.0186817,-1.47611,1.4935,-0.0192773,-1.45862,1.51253
-0.00113365,0.907001,-1.58105,-3.76213,838953240,-0.0245425,-1.29128,1.3548,-0.0240102,-1.30691,1.3378,-0.00196428,-1.30616,1.3378,-0.00277728,-1.29054,1.3548,-0.0188429,-1.4586,1.51253,-0.0182473,-1.47609,1.4935,0.00665439,-1.47524,1.4935,0.00574462,-1.45777,1.51253
0.112647,0.906369,-1.55981,9.48309,838953241,0.00295074,-1.2928,1.3548,0.0037442,-1.30842,1.3378,0.0257508,-1.3069,1.3378,0.0246771,-1.2913,1.3548,0.0116295,-1.46001,1.51253,0.0125174,-1.47749,1.4935,0.0373747,-1.47578,1.4935,0.0361733,-1.45833,1.51253
0.177753,0.906347,-1.24917,-25.3598,838953259,0.39798,-1.23011,1.3548,0.403565,-1.24471,1.3378,0.424025,-1.23647,1.3378,0.418179,-1.22197,1.3548,0.457944,-1.38644,1.51253,0.464193,-1.40279,1.4935,0.487303,-1.39348,1.4935,0.480762,-1.37725,1.51253
0.146261,0.906977,-1.19356,18.9382,838953262,0.465238,-1.20481,1.3548,0.471582,-1.2191,1.3378,0.491744,-1.21015,1.3378,0.485143,-1.19598,1.3548,0.533166,-1.35783,1.51253,0.540265,-1.37382,1.4935,0.563038,-1.36371,1.4935,0.555652,-1.34785,1.51253
0.311581,0.906325,-1.17623,-8.15379,838953263,0.486592,-1.19782,1.3548,0.493179,-1.21201,1.3378,0.513015,-1.20236,1.3378,0.506176,-1.1883,1.3548,0.557283,-1.34961,1.51253,0.564654,-1.36548,1.4935,0.58706,-1.35459,1.4935,0.579406,-1.33885,1.51253
0.122962,0.924107,1.2499,3.27335,838953554,0.418045,1.22199,1.38705,0.422428,1.23721,1.37024,0.40123,1.24331,1.37024,0.397118,1.22801,1.38705,0.463844,1.38105,1.54677,0.468748,1.39808,1.52795,0.444804,1.40498,1.52795,0.440203,1.38786,1.54677
0.142113,0.923431,-1.63275,12.3609,838953749,-0.0913046,-1.28972,1.38705,-0.0915995,-1.30556,1.37024,-0.0695408,-1.30558,1.37024,-0.0695269,-1.28974,1.38705,-0.0942747,-1.45525,1.54677,-0.0946046,-1.47297,1.52795,-0.0696885,-1.47299,1.52795,-0.0696729,-1.45527,1.54677
0.775986,0.940533,-1.63274,-2.13985,838954261,-0.0913047,-1.28972,1.41968,-0.0915997,-1.30576,1.40306,-0.069541,-1.30578,1.40306,-0.0695269,-1.28974,1.41968,-0.094273,-1.45333,1.58135,-0.0946031,-1.47128,1.56275,-0.069687,-1.4713,1.56275,-0.0696712,-1.45335,1.58135
0.101586,0.941196,-1.61557,-38.8005,838954262,-0.0690923,-1.28974,1.41968,-0.0691063,-1.30578,1.40306,-0.0470476,-1.3058,1.40306,-0.0473145,-1.28976,1.41968,-0.0692366,-1.45335,1.58135,-0.0692524,-1.4713,1.56275,-0.0443362,-1.47132,1.56275,-0.0446348,-1.45337,1.58135
0.212198,0.941177,-1.15904,-8.32886,838954288,0.506566,-1.18811,1.41968,0.513582,-1.20253,1.40306,0.533418,-1.19288,1.40306,0.52615,-1.17858,1.41968,0.578132,-1.33524,1.58135,0.585982,-1.35138,1.56275,0.608388,-1.34048,1.56275,0.600255,-1.32448,1.58135
0.187422,0.958333,-2.27918,47.2471,838954736,-0.848821,-0.973405,1.45268,-0.858827,-0.986189,1.43625,-0.841456,-0.999785,1.43625,-0.831672,-0.986827,1.45268,-0.948466,-1.10072,1.6163,-0.959663,-1.11502,1.59791,-0.940042,-1.13038,1.59791,-0.929092,-1.11588,1.6163
0.125366,0.958333,-1.93011,11.9241,838954756,-0.464707,-1.20502,1.45268,-0.469737,-1.22045,1.43625,-0.448764,-1.22729,1.43625,-0.444001,-1.21176,1.45268,-0.514798,-1.35873,1.6163,-0.520427,-1.376,1.59791,-0.496737,-1.38372,1.59791,-0.491407,-1.36635,1.6163
0.0997402,0.957588,-1.66725,20.4945,838954771,-0.135759,-1.28585,1.45268,-0.136621,-1.30206,1.43625,-0.114577,-1.30285,1.43625,-0.113995,-1.28663,1.45268,-0.14437,-1.44732,1.6163,-0.145335,-1.46546,1.59791,-0.120435,-1.46635,1.59791,-0.119784,-1.4482,1.6163
0.145925,0.958229,-1.33553,14.3225,838954790,0.290097,-1.25869,1.45268,0.294557,-1.2743,1.43625,0.315767,-1.26824,1.43625,0.311037,-1.2527,1.45268,0.334515,-1.41414,1.6163,0.339506,-1.43161,1.59791,0.363463,-1.42476,1.59791,0.35817,-1.40738,1.6163
0.75349,0.957635,-1.17621,0.919679,838954799,0.486592,-1.19782,1.45268,0.49344,-1.21255,1.43625,0.513277,-1.2029,1.43625,0.506176,-1.1883,1.45268,0.55477,-1.34445,1.6163,0.562434,-1.36092,1.59791,0.58484,-1.35002,1.59791,0.576893,-1.33368,1.6163
0.394843,0.958268,-1.15904,3.76554,838954800,0.506566,-1.18811,1.45268,0.513668,-1.20271,1.43625,0.533504,-1.19306,1.43625,0.52615,-1.17858,1.45268,0.577284,-1.33349,1.6163,0.58523,-1.34983,1.59791,0.607637,-1.33893,1.59791,0.599407,-1.32273,1.6163
0.187026,0.957563,-0.374534,39.6068,838954845,1.19922,-0.48352,1.45268,1.21457,-0.48882,1.43625,1.2214,-0.467847,1.43625,1.20597,-0.462815,1.45268,1.35205,-0.536316,1.6163,1.36923,-0.542246,1.59791,1.37695,-0.518557,1.59791,1.35968,-0.512926,1.6163
0.102821,0.975349,-1.37003,12.4166,838955300,0.246498,-1.26797,1.48631,0.250483,-1.28401,1.46997,0.271909,-1.27869,1.46997,0.267634,-1.26272,1.48631,0.285017,-1.42309,1.65172,0.289443,-1.44092,1.63357,0.313483,-1.43495,1.63357,0.308735,-1.4172,1.65172
0.121999,0.975363,-1.33552,-8.78187,838955302,0.290098,-1.25869,1.48631,0.294641,-1.27459,1.46997,0.315868,-1.26852,1.46997,0.311038,-1.2527,1.48631,0.334011,-1.41237,1.65172,0.339057,-1.43003,1.63357,0.362873,-1.42323,1.63357,0.357509,-1.40566,1.65172
0.697856,0.974715,-1.31818,4.48136,838955303,0.312214,-1.25474,1.48631,0.317025,-1.27056,1.46997,0.338027,-1.26376,1.46997,0.332932,-1.24803,1.48631,0.358936,-1.40761,1.65172,0.364281,-1.42519,1.63357,0.387845,-1.41755,1.63357,0.382185,-1.40008,1.65172
0.272944,0.975387,-1.301,-2.94403,838955304,0.333347,-1.24789,1.48631,0.338443,-1.26362,1.46997,0.359445,-1.25682,1.46997,0.354066,-1.24118,1.48631,0.382601,-1.39995,1.65172,0.38826,-1.41742,1.63357,0.411825,-1.40979,1.63357,0.40585,-1.39242,1.65172
0.457553,0.974763,-1.17621,2.69236,838955311,0.486591,-1.19782,1.48631,0.493554,-1.21282,1.46997,0.513407,-1.20317,1.46997,0.506175,-1.1883,1.48631,0.554112,-1.34272,1.65172,0.561847,-1.35938,1.63357,0.584122,-1.34855,1.63357,0.576088,-1.33203,1.65172
0.396189,0.975402,-1.15903,-5.16691,838955312,0.506567,-1.18811,1.48631,0.5138,-1.20298,1.46997,0.533652,-1.19332,1.46997,0.526151,-1.17858,1.48631,0.576481,-1.33184,1.65172,0.584515,-1.34836,1.63357,0.606789,-1.33752,1.63357,0.598457,-1.32115,1.65172
0.121854,0.991915,-1.17621,8.07841,838955823,0.486591,-1.19782,1.52031,0.493634,-1.21299,1.50416,0.513486,-1.20333,1.50416,0.506175,-1.1883,1.52031,0.5533,-1.34105,1.68749,0.561123,-1.35789,1.66955,0.583398,-1.34706,1.66955,0.575276,-1.33036,1.68749
0.207675,0.992561,-1.15902,8.08247,838955824,0.506567,-1.18811,1.52031,0.513879,-1.20314,1.50416,0.533732,-1.19348,1.50416,0.526151,-1.17858,1.52031,0.575669,-1.33017,1.68749,0.583791,-1.34687,1.66955,0.606065,-1.33603,1.66955,0.597645,-1.31948,1.68749
0.232945,1.0261,2.52155,-34.4806,838956699,-1.0457,0.760497,1.58952,-1.06001,0.76981,1.57374,-1.07173,0.751099,1.57374,-1.05726,0.742039,1.58952,-1.17499,0.844587,1.76019,-1.19088,0.854932,1.74266,-1.20403,0.833938,1.74266,-1.18796,0.823874,1.76019
0.103531,1.07819,-1.47355,11.3329,838958366,0.114129,-1.2866,1.6971,0.116576,-1.30414,1.68178,0.138457,-1.30109,1.68178,0.135698,-1.28359,1.6971,0.134666,-1.43383,1.87262,0.137364,-1.45318,1.85572,0.161753,-1.44978,1.85572,0.158711,-1.43048,1.87262
-0.0315016,1.07749,-1.45622,-3.51141,838958367,0.136577,-1.28576,1.6971,0.139325,-1.30327,1.68178,0.161086,-1.29945,1.68178,0.158028,-1.28201,1.6971,0.159782,-1.43263,1.87262,0.162812,-1.45193,1.85572,0.187067,-1.44767,1.85572,0.183695,-1.42843,1.87262
0.0652043,1.07817,-1.43904,-30.1759,838958368,0.158461,-1.28193,1.6971,0.161519,-1.29938,1.68178,0.18328,-1.29556,1.68178,0.179911,-1.27817,1.6971,0.184127,-1.42836,1.87262,0.1875,-1.4476,1.85572,0.211755,-1.44335,1.85572,0.20804,-1.42417,1.87262
0.18648,1.07747,-1.42171,-8.15245,838958369,0.180866,-1.28031,1.6971,0.184223,-1.29771,1.68178,0.205838,-1.29314,1.68178,0.202172,-1.27581,1.6971,0.209185,-1.42628,1.87262,0.212888,-1.44546,1.85572,0.23698,-1.44036,1.85572,0.232937,-1.42125,1.87262
0.0958297,1.07816,-1.40452,-32.5249,838958370,0.202602,-1.27572,1.6971,0.206268,-1.29305,1.68178,0.227882,-1.28847,1.68178,0.223908,-1.27121,1.6971,0.233367,-1.42116,1.87262,0.237409,-1.44027,1.85572,0.261501,-1.43517,1.85572,0.257119,-1.41614,1.87262
0.00836501,1.07747,-1.38719,-3.63435,838958371,0.224937,-1.27332,1.6971,0.2289,-1.29059,1.68178,0.250342,-1.28526,1.68178,0.246073,-1.26807,1.6971,0.258337,-1.4182,1.87262,0.262707,-1.43724,1.85572,0.286606,-1.43131,1.85572,0.281899,-1.41235,1.87262
-0.025555,1.0775,-1.31816,-3.06292,838958375,0.312213,-1.25474,1.6971,0.317371,-1.27169,1.68178,0.338389,-1.26488,1.68178,0.332931,-1.24803,1.6971,0.355645,-1.39694,1.87262,0.361334,-1.41562,1.85572,0.384761,-1.40804,1.85572,0.378742,-1.38945,1.87262
0.00829593,1.07821,-1.30098,-2.88445,838958376,0.333349,-1.24789,1.6971,0.338807,-1.26474,1.68178,0.359825,-1.25793,1.68178,0.354067,-1.24118,1.6971,0.379159,-1.38932,1.87262,0.385178,-1.4079,1.85572,0.408605,-1.40031,1.85572,0.402255,-1.38184,1.87262
0.0392263,1.07753,-1.28365,-1.27041,838958377,0.355311,-1.24317,1.6971,0.361058,-1.25993,1.68178,0.381825,-1.25239,1.68178,0.375782,-1.23574,1.6971,0.403683,-1.38377,1.87262,0.410021,-1.40225,1.85572,0.433168,-1.39384,1.85572,0.426504,-1.37548,1.87262
-0.0361554,1.07824,-1.26646,-1.76103,838958378,0.376194,-1.23559,1.6971,0.382238,-1.25224,1.68178,0.403005,-1.2447,1.68178,0.396665,-1.22816,1.6971,0.426917,-1.37533,1.87262,0.433581,-1.39369,1.85572,0.456728,-1.38529,1.85572,0.449737,-1.36705,1.87262
-0.0617486,1.07757,-1.24913,-1.72125,838958379,0.397978,-1.23011,1.6971,0.404307,-1.24665,1.68178,0.424799,-1.2384,1.68178,0.418177,-1.22197,1.6971,0.451231,-1.36893,1.87262,0.458211,-1.38717,1.85572,0.481051,-1.37797,1.85572,0.473749,-1.35985,1.87262
0.154665,1.09463,-1.45622,11.911,838958879,0.136577,-1.28576,1.73393,0.139353,-1.30342,1.71879,0.161114,-1.29961,1.71879,0.158028,-1.28201,1.73393,0.159464,-1.43082,1.91098,0.162525,-1.45029,1.89429,0.18678,-1.44604,1.89429,0.183377,-1.42662,1.91098
0.293081,1.09532,-1.43904,8.66382,838958880,0.158461,-1.28193,1.73393,0.161546,-1.29953,1.71879,0.183307,-1.29572,1.71879,0.179911,-1.27817,1.73393,0.18381,-1.42655,1.91098,0.187213,-1.44596,1.89429,0.211468,-1.44171,1.89429,0.207723,-1.42236,1.91098
1.07285,1.09462,-1.4217,-0.0959148,838958881,0.180866,-1.28031,1.73393,0.184256,-1.29786,1.71879,0.205871,-1.29329,1.71879,0.202172,-1.27581,1.73393,0.208805,-1.42448,1.91098,0.212544,-1.44383,1.89429,0.236636,-1.43873,1.89429,0.232557,-1.41945,1.91098
0.47058,1.09532,-1.40452,-3.42024,838958882,0.202602,-1.27572,1.73393,0.206301,-1.2932,1.71879,0.227915,-1.28863,1.71879,0.223908,-1.27121,1.73393,0.232987,-1.41936,1.91098,0.237065,-1.43864,1.89429,0.261157,-1.43355,1.89429,0.256739,-1.41434,1.91098
0.0246516,1.09462,-1.38719,-3.35727,838958883,0.224937,-1.27332,1.73393,0.228939,-1.29074,1.71879,0.25038,-1.28542,1.71879,0.246073,-1.26807,1.73393,0.257894,-1.41642,1.91098,0.262306,-1.43563,1.89429,0.286206,-1.4297,1.89429,0.281456,-1.41057,1.91098
-0.0524065,1.09464,-1.31816,-4.02218,838958887,0.312213,-1.25474,1.73393,0.31742,-1.27184,1.71879,0.338438,-1.26503,1.71879,0.332931,-1.24803,1.73393,0.355079,-1.39519,1.91098,0.360821,-1.41404,1.89429,0.384248,-1.40645,1.89429,0.378175,-1.38771,1.91098
-0.00599814,1.09536,-1.30098,-1.90332,838958888,0.333349,-1.24789,1.73393,0.338856,-1.26489,1.71879,0.359874,-1.25809,1.71879,0.354067,-1.24118,1.73393,0.378593,-1.38757,1.91098,0.384666,-1.40632,1.89429,0.408093,-1.39873,1.89429,0.401689,-1.38009,1.91098
0.0464062,1.09468,-1.28364,36.7181,838958889,0.355311,-1.24317,1.73393,0.361112,-1.26008,1.71879,0.38188,-1.25254,1.71879,0.375782,-1.23574,1.73393,0.403056,-1.38204,1.91098,0.409453,-1.40068,1.89429,0.432601,-1.39228,1.89429,0.425877,-1.37375,1.91098
-0.022132,1.0954,-1.26646,-1.75608,838958890,0.376194,-1.23559,1.73393,0.382292,-1.25239,1.71879,0.403059,-1.24485,1.71879,0.396665,-1.22816,1.73393,0.426289,-1.37361,1.91098,0.433014,-1.39213,1.89429,0.456161,-1.38373,1.89429,0.44911,-1.36532,1.91098
-0.0238061,1.09472,-1.24912,-3.01605,838958891,0.397978,-1.23011,1.73393,0.404367,-1.2468,1.71879,0.424858,-1.23854,1.71879,0.418177,-1.22197,1.73393,0.450544,-1.36722,1.91098,0.457589,-1.38563,1.89429,0.480429,-1.37643,1.89429,0.473062,-1.35815,1.91098
-0.164433,1.11187,-1.55977,-2.80726,838959385,0.00294849,-1.2928,1.77121,0.00387221,-1.31081,1.75626,0.025913,-1.30929,1.75626,0.0246749,-1.2913,1.77121,0.0104092,-1.4376,1.94979,0.0114278,-1.45746,1.9333,0.0359949,-1.45577,1.9333,0.0346296,-1.43593,1.94979
0.200174,1.1125,-1.50807,12.1296,838959388,0.069662,-1.28971,1.77121,0.0715274,-1.30764,1.75626,0.0935017,-1.30536,1.75626,0.0913229,-1.28746,1.77121,0.0846619,-1.4339,1.94979,0.0867189,-1.45368,1.9333,0.111212,-1.45113,1.9333,0.108809,-1.43139,1.94979
0.0349698,1.11176,-1.45621,-2.73323,838959391,0.136577,-1.28576,1.77121,0.13938,-1.30358,1.75626,0.161141,-1.29976,1.75626,0.158028,-1.28201,1.77121,0.159144,-1.42899,1.94979,0.162234,-1.44863,1.9333,0.18649,-1.44438,1.9333,0.183057,-1.4248,1.94979
0.425872,1.11245,-1.43903,10.2422,838959392,0.158461,-1.28193,1.77121,0.161573,-1.29969,1.75626,0.183334,-1.29587,1.75626,0.179911,-1.27817,1.77121,0.18349,-1.42472,1.94979,0.186922,-1.44431,1.9333,0.211178,-1.44005,1.9333,0.207403,-1.42053,1.94979
1.48407,1.11174,-1.4217,2.05062,838959393,0.180866,-1.28031,1.77121,0.184289,-1.29802,1.75626,0.205903,-1.29345,1.75626,0.202172,-1.27581,1.77121,0.208421,-1.42266,1.94979,0.212196,-1.44219,1.9333,0.236288,-1.43709,1.9333,0.232174,-1.41764,1.94979
0.0871867,1.11244,-1.40452,45.0351,838959394,0.202602,-1.27572,1.77121,0.206333,-1.29336,1.75626,0.227948,-1.28878,1.75626,0.223908,-1.27121,1.77121,0.232603,-1.41755,1.94979,0.236717,-1.437,1.9333,0.260809,-1.4319,1.9333,0.256355,-1.41252,1.94979
0.0346462,1.11174,-1.38718,-2.60319,838959395,0.224937,-1.27332,1.77121,0.228976,-1.29089,1.75626,0.250418,-1.28557,1.75626,0.246073,-1.26807,1.77121,0.257447,-1.41462,1.94979,0.261901,-1.434,1.9333,0.285801,-1.42806,1.9333,0.28101,-1.40877,1.94979
-0.0206761,1.11177,-1.31815,-2.9621,838959399,0.312213,-1.25474,1.77121,0.317469,-1.27199,1.75626,0.338487,-1.26518,1.75626,0.332931,-1.24803,1.77121,0.354508,-1.39342,1.94979,0.360303,-1.41244,1.9333,0.38373,-1.40486,1.9333,0.377604,-1.38594,1.94979
0.18916,1.11249,-1.30098,1.8891,838959400,0.333349,-1.24789,1.77121,0.338904,-1.26504,1.75626,0.359922,-1.25823,1.75626,0.354067,-1.24118,1.77121,0.378022,-1.38581,1.94979,0.384148,-1.40472,1.9333,0.407575,-1.39713,1.9333,0.401118,-1.37833,1.94979
2.0879,1.1118,-1.28364,0.726226,838959401,0.355311,-1.24317,1.77121,0.361166,-1.26023,1.75626,0.381933,-1.25269,1.75626,0.375782,-1.23574,1.77121,0.402423,-1.3803,1.94979,0.40888,-1.3991,1.9333,0.432028,-1.3907,1.9333,0.425244,-1.37201,1.94979
0.0156416,1.11253,-1.26646,-2.36018,838959402,0.376194,-1.23559,1.77121,0.382346,-1.25254,1.75626,0.403113,-1.245,1.75626,0.396665,-1.22816,1.77121,0.425657,-1.37186,1.94979,0.43244,-1.39055,1.9333,0.455588,-1.38215,1.9333,0.448478,-1.36358,1.94979
0.0047005,1.11184,-1.24912,-1.84197,838959403,0.397978,-1.23011,1.77121,0.404425,-1.24695,1.75626,0.424917,-1.23869,1.75626,0.418177,-1.22197,1.77121,0.449851,-1.3655,1.94979,0.456961,-1.38407,1.9333,0.479801,-1.37487,1.9333,0.472369,-1.35643,1.94979
0.749522,1.12969,-1.581,-0.0278091,838959896,-0.0245403,-1.29128,1.80898,-0.0239212,-1.30946,1.79421,-0.00184112,-1.3087,1.79421,-0.00277514,-1.29054,1.80898,-0.0196686,-1.4343,1.98905,-0.0189859,-1.45434,1.97277,0.00562498,-1.4535,1.97277,0.00459502,-1.43347,1.98905
0.86126,1.12897,-1.55976,0.323319,838959897,0.00294848,-1.2928,1.80898,0.00388285,-1.31096,1.79421,0.0259236,-1.30944,1.79421,0.0246749,-1.2913,1.80898,0.0102808,-1.43573,1.98905,0.0113112,-1.45576,1.97277,0.0358782,-1.45407,1.97277,0.0345012,-1.43407,1.98905
0.0318323,1.12886,-1.45621,67.6658,838959903,0.136577,-1.28576,1.80898,0.139407,-1.30373,1.79421,0.161168,-1.29992,1.79421,0.158028,-1.28201,1.80898,0.158821,-1.42715,1.98905,0.161941,-1.44696,1.97277,0.186197,-1.44271,1.97277,0.182735,-1.42296,1.98905
0.0333806,1.12956,-1.43903,-2.09626,838959904,0.158461,-1.28193,1.80898,0.1616,-1.29984,1.79421,0.183361,-1.29603,1.79421,0.179911,-1.27817,1.80898,0.183167,-1.42288,1.98905,0.186629,-1.44263,1.97277,0.210884,-1.43838,1.97277,0.20708,-1.41869,1.98905
0.0603544,1.12885,-1.4217,-2.41537,838959905,0.180866,-1.28031,1.80898,0.184321,-1.29817,1.79421,0.205936,-1.2936,1.79421,0.202172,-1.27581,1.80898,0.208034,-1.42083,1.98905,0.211844,-1.44052,1.97277,0.235936,-1.43543,1.97277,0.231787,-1.41581,1.98905
0.206109,1.12955,-1.40452,8.44225,838959906,0.202602,-1.27572,1.80898,0.206365,-1.29351,1.79421,0.22798,-1.28893,1.79421,0.223908,-1.27121,1.80898,0.232216,-1.41572,1.98905,0.236366,-1.43534,1.97277,0.260458,-1.43024,1.97277,0.255968,-1.4107,1.98905
0.0390266,1.12884,-1.38718,-2.33311,838959907,0.224937,-1.27332,1.80898,0.229014,-1.29104,1.79421,0.250455,-1.28572,1.79421,0.246073,-1.26807,1.80898,0.256997,-1.41281,1.98905,0.261492,-1.43235,1.97277,0.285391,-1.42642,1.97277,0.280559,-1.40696,1.98905
0.0444637,1.12887,-1.31815,40.8281,838959911,0.312213,-1.25474,1.80898,0.317517,-1.27213,1.79421,0.338534,-1.26533,1.79421,0.332931,-1.24803,1.80898,0.353932,-1.39164,1.98905,0.35978,-1.41083,1.97277,0.383207,-1.40324,1.97277,0.377028,-1.38416,1.98905
0.130889,1.1296,-1.30097,11.5924,838959912,0.333349,-1.24789,1.80898,0.338952,-1.26519,1.79421,0.35997,-1.25838,1.79421,0.354067,-1.24118,1.80898,0.377445,-1.38403,1.98905,0.383624,-1.4031,1.97277,0.407051,-1.39552,1.97277,0.400542,-1.37655,1.98905
0.101609,1.1289,-1.28363,10.9964,838959913,0.355311,-1.24317,1.80898,0.361219,-1.26037,1.79421,0.381986,-1.25283,1.79421,0.375782,-1.23574,1.80898,0.401785,-1.37854,1.98905,0.4083,-1.39751,1.97277,0.431448,-1.3891,1.97277,0.424606,-1.37025,1.98905
0.0270431,1.12964,-1.26646,-1.57044,838959914,0.376194,-1.23559,1.80898,0.382399,-1.25268,1.79421,0.403166,-1.24515,1.79421,0.396665,-1.22816,1.80898,0.425019,-1.37011,1.98905,0.431861,-1.38895,1.97277,0.455008,-1.38055,1.97277,0.44784,-1.36182,1.98905
0.0148578,1.12895,-1.24912,-2.41785,838959915,0.397978,-1.23011,1.80898,0.404483,-1.24709,1.79421,0.424975,-1.23883,1.79421,0.418177,-1.22197,1.80898,0.449152,-1.36377,1.98905,0.456326,-1.3825,1.97277,0.479166,-1.37329,1.97277,0.47167,-1.35469,1.98905
0.128699,1.15199,-3.04629,-12.3085,838960324,-1.28682,-0.111591,1.8594,-1.30516,-0.114153,1.84468,-1.30211,-0.136049,1.84468,-1.28381,-0.13316,1.8594,-1.4268,-0.131135,2.04086,-1.44689,-0.133939,2.02474,-1.4435,-0.158188,2.02474,-1.42346,-0.155025,2.04086
0.138477,1.15133,-1.59818,-49.9908,838960407,-0.0467453,-1.29204,1.8594,-0.0464452,-1.31056,1.84468,-0.0243495,-1.30981,1.84468,-0.0249801,-1.2913,1.8594,-0.0442761,-1.43338,2.04086,-0.0439475,-1.45366,2.02474,-0.0194778,-1.45283,2.02474,-0.0201684,-1.43256,2.04086
0.174252,1.15208,-1.58099,5.51126,838960408,-0.0245392,-1.29128,1.8594,-0.0239086,-1.3098,1.84468,-0.00181293,-1.30904,1.84468,-0.00277402,-1.29054,1.8594,-0.0197275,-1.43254,2.04086,-0.019037,-1.45281,2.02474,0.00543267,-1.45198,2.02474,0.00438027,-1.43172,2.04086
0.061975,1.15124,-1.45621,-1.76634,838960415,0.136576,-1.28577,1.8594,0.139449,-1.30407,1.84468,0.161225,-1.30025,1.84468,0.158027,-1.28201,1.8594,0.15867,-1.42539,2.04086,0.161815,-1.44543,2.02474,0.185932,-1.4412,2.02474,0.182429,-1.42122,2.04086
-0.0586597,1.15195,-1.43902,-1.7337,838960416,0.158462,-1.28193,1.8594,0.16166,-1.30018,1.84468,0.183436,-1.29636,1.84468,0.179912,-1.27817,1.8594,0.182864,-1.42115,2.04086,0.186366,-1.44113,2.02474,0.210482,-1.4369,2.02474,0.206623,-1.41698,2.04086
0.023654,1.15123,-1.42169,-1.18508,838960417,0.180865,-1.28031,1.8594,0.184375,-1.29851,1.84468,0.206005,-1.29393,1.84468,0.202171,-1.27581,1.8594,0.207822,-1.41908,2.04086,0.211665,-1.439,2.02474,0.235619,-1.43393,2.02474,0.231421,-1.41409,2.04086
0.0961184,1.15194,-1.40451,36.9412,838960418,0.202603,-1.27572,1.8594,0.206437,-1.29384,1.84468,0.228066,-1.28926,1.84468,0.223909,-1.27121,1.8594,0.231853,-1.414,2.04086,0.23605,-1.43384,2.02474,0.260004,-1.42877,2.02474,0.255452,-1.409,2.04086
0.00984033,1.15123,-1.38718,-2.89913,838960419,0.224936,-1.27332,1.8594,0.22908,-1.29138,1.84468,0.250536,-1.28605,1.84468,0.246072,-1.26807,1.8594,0.256723,-1.41106,2.04086,0.26126,-1.43083,2.02474,0.285022,-1.42493,2.02474,0.280134,-1.40525,2.04086
-0.0687193,1.15126,-1.31815,-1.67428,838960423,0.312212,-1.25474,1.8594,0.317606,-1.27246,1.84468,0.338638,-1.26565,1.84468,0.33293,-1.24803,1.8594,0.353536,-1.38992,2.04086,0.359442,-1.40933,2.02474,0.382735,-1.40179,2.02474,0.376484,-1.38249,2.04086
0.09851,1.16851,-1.55976,-12.7111,838960921,0.00294744,-1.2928,1.89852,0.00389939,-1.31145,1.88398,0.0259557,-1.30993,1.88398,0.0246738,-1.2913,1.89852,0.0101927,-1.4322,2.08135,0.0112351,-1.45261,2.06543,0.0356611,-1.45093,2.06543,0.0342574,-1.43054,2.08135
0.125432,1.18634,-1.1935,16.7417,838961454,0.465241,-1.20481,1.93814,0.472872,-1.222,1.92378,0.493079,-1.21303,1.92378,0.485146,-1.19597,1.93814,0.521143,-1.33074,2.12232,0.529499,-1.34956,2.1066,0.551877,-1.33963,2.1066,0.54319,-1.32095,2.12232
0.105968,1.20266,-1.49071,16.4767,838961949,0.0921244,-1.28967,1.97827,0.0944142,-1.30848,1.9641,0.116311,-1.30542,1.9641,0.113693,-1.28666,1.97827,0.108588,-1.42466,2.16379,0.111095,-1.44526,2.14826,0.135344,-1.44188,2.14826,0.132478,-1.42133,2.16379
0.129882,1.20337,-1.33547,21.0972,838961958,0.2901,-1.25869,1.97827,0.295306,-1.2769,1.9641,0.316563,-1.27083,1.9641,0.31104,-1.2527,1.97827,0.327459,-1.38943,2.16379,0.333159,-1.40938,2.14826,0.3567,-1.40265,2.14826,0.350652,-1.38281,2.16379
0.111734,1.20273,-1.2491,28.2129,838961963,0.397977,-1.23011,1.97827,0.404753,-1.2478,1.9641,0.425259,-1.23954,1.9641,0.418176,-1.22197,1.97827,0.446634,-1.3571,2.16379,0.454053,-1.37648,2.14826,0.476762,-1.36733,2.14826,0.469007,-1.34809,2.16379
0.138406,1.25412,-1.21067,22.9084,838963501,0.444932,-1.21383,2.10248,0.452522,-1.23177,2.08876,0.472741,-1.22279,2.08876,0.464837,-1.20499,2.10248,0.495982,-1.33423,2.29171,0.504236,-1.35375,2.27678,0.526488,-1.34387,2.27678,0.517892,-1.3245,2.29171
0.178256,1.25474,-0.671843,46.2264,838963532,1.00386,-0.81287,2.10248,1.01961,-0.824335,2.08876,1.03263,-0.806451,2.08876,1.01668,-0.795264,2.10248,1.10958,-0.889831,2.29171,1.12671,-0.902302,2.27678,1.14104,-0.882619,2.27678,1.12369,-0.870451,2.29171
0.132438,1.272,-1.23191,18.708,838964012,0.418586,-1.2218,2.14506,0.425914,-1.23998,2.13152,0.446433,-1.23171,2.13152,0.438785,-1.21366,2.14506,0.466824,-1.34149,2.33546,0.474795,-1.36127,2.32073,0.497376,-1.35217,2.32073,0.489058,-1.33253,2.33546
0.154571,1.30606,-1.40448,-3.51208,838965026,0.202604,-1.27572,2.23194,0.206711,-1.29513,2.21875,0.228354,-1.29055,2.21875,0.22391,-1.27121,2.23194,0.228591,-1.39857,2.42464,0.233059,-1.41969,2.4103,0.256877,-1.41465,2.4103,0.252044,-1.39361,2.42464
0.182885,1.30609,-0.426315,15.3813,838965082,1.17129,-0.544457,2.23194,1.18968,-0.551911,2.21875,1.19799,-0.531408,2.21875,1.17947,-0.524274,2.23194,1.28767,-0.59162,2.42464,1.30768,-0.599727,2.4103,1.31682,-0.577163,2.4103,1.29668,-0.569403,2.42464
0.302209,1.32249,1.40538,50.5308,838965339,0.224132,1.27346,2.27679,0.226609,1.29343,2.26367,0.204598,1.29577,2.26367,0.202476,1.27576,2.27679,0.239247,1.39651,2.47054,0.241924,1.41809,2.45637,0.217845,1.42065,2.45637,0.215551,1.39902,2.47054
0.153163,1.3225,-1.7017,-10.3729,838965521,-0.180056,-1.28043,2.27679,-0.181834,-1.30047,2.26367,-0.159756,-1.30204,2.26367,-0.158333,-1.28197,2.27679,-0.190865,-1.40393,2.47054,-0.192786,-1.42559,2.45637,-0.168633,-1.4273,2.45637,-0.167095,-1.40561,2.47054
0.155993,1.33974,1.96545,22.3708,838965883,-0.486587,1.19783,2.32205,-0.495116,1.21618,2.30911,-0.51502,1.20649,2.30911,-0.506171,1.1883,2.32205,-0.538249,1.30873,2.51684,-0.547466,1.32855,2.50285,-0.569241,1.31796,2.50285,-0.559677,1.2983,2.51684
0.313405,1.34048,1.98264,48.6799,838965884,-0.506571,1.18811,2.32205,-0.515421,1.2063,2.30911,-0.535325,1.19662,2.30911,-0.526155,1.17858,2.32205,-0.560078,1.29811,2.51684,-0.569641,1.31777,2.50285,-0.591416,1.30718,2.50285,-0.581506,1.28768,2.51684
0.121373,1.33974,-1.87427,-16.0573,838966023,-0.397201,-1.23036,2.32205,-0.402462,-1.2499,2.30911,-0.380991,-1.25528,2.30911,-0.376076,-1.23565,2.32205,-0.42891,-1.34852,2.51684,-0.434595,-1.36964,2.50285,-0.411107,-1.37552,2.50285,-0.405795,-1.35431,2.51684
0.437198,1.34041,-1.40447,0.837423,838966050,0.202605,-1.27572,2.32205,0.206792,-1.29551,2.30911,0.228447,-1.29093,2.30911,0.223911,-1.27121,2.32205,0.22792,-1.39539,2.51684,0.232444,-1.41678,2.50285,0.256134,-1.41177,2.50285,0.251233,-1.39046,2.51684
0.161662,1.39177,-0.0772354,42.0161,838967302,1.28687,-0.111017,2.46155,1.30741,-0.111755,2.44911,1.3082,-0.0896355,2.44911,1.28765,-0.0892529,2.46154,1.40418,-0.115235,2.65934,1.42637,-0.116033,2.64591,1.42724,-0.0918353,2.64591,1.40503,-0.0914218,2.65934
0.580129,1.4261,-2.52069,3.46504,838968546,-1.05716,-0.74214,2.55868,-1.07367,-0.755016,2.54647,-1.06006,-0.772481,2.54647,-1.04377,-0.759315,2.55868,-1.1473,-0.812416,2.75827,-1.16504,-0.826245,2.74516,-1.15023,-0.845242,2.74516,-1.13273,-0.831102,2.75827
0.126325,1.44331,-1.61546,4.52202,838969110,-0.069086,-1.28974,2.60821,-0.0691046,-1.31078,2.59617,-0.0469588,-1.3108,2.59617,-0.0473083,-1.28976,2.60821,-0.0691855,-1.40249,2.80869,-0.0692054,-1.42508,2.79575,-0.0451169,-1.4251,2.79575,-0.0454922,-1.40251,2.80869
0.223637,1.46043,0.828002,39.0544,838969402,0.881953,0.943592,2.65843,0.895549,0.959765,2.64655,0.878596,0.974016,2.64655,0.865283,0.957605,2.65843,0.953498,1.0287,2.85978,0.968099,1.04607,2.84702,0.94966,1.06157,2.84702,0.935361,1.04395,2.85978
0.183344,1.45967,2.93973,51.512,838969523,-1.26429,0.270398,2.65843,-1.28516,0.273721,2.64655,-1.28826,0.251793,2.64655,-1.26734,0.248835,2.65843,-1.37412,0.287863,2.85978,-1.39653,0.291432,2.84702,-1.3999,0.267581,2.84702,-1.37743,0.264404,2.85978
0.146663,1.47745,-2.48617,2.6937,838970084,-1.03095,-0.778199,2.70935,-1.04722,-0.791822,2.69763,-1.033,-0.808801,2.69763,-1.01697,-0.794896,2.70935,-1.115,-0.848577,2.91156,-1.13247,-0.863208,2.89897,-1.117,-0.881677,2.89897,-1.09979,-0.866742,2.91156
0.177749,1.4768,-1.90877,-24.6603,838970117,-0.439396,-1.21584,2.70935,-0.445621,-1.23613,2.69763,-0.42434,-1.24226,2.69763,-0.418469,-1.22187,2.70935,-0.471568,-1.32065,2.91156,-0.478253,-1.34244,2.89897,-0.455105,-1.34911,2.89897,-0.448799,-1.32721,2.91156
0.120839,1.47665,-1.77071,1.09756,838970125,-0.267939,-1.26496,2.70935,-0.271277,-1.28592,2.69763,-0.24935,-1.28902,2.69763,-0.246376,-1.26801,2.70935,-0.285199,-1.37323,2.91156,-0.288784,-1.39574,2.89897,-0.264933,-1.39912,2.89897,-0.261739,-1.37655,2.91156
0.138102,1.47744,-1.75352,7.06217,838970126,-0.245933,-1.26808,2.70935,-0.248907,-1.28909,2.69763,-0.22698,-1.29219,2.69763,-0.22437,-1.27113,2.70935,-0.261297,-1.37661,2.91156,-0.264491,-1.39918,2.89897,-0.24064,-1.40256,2.89897,-0.237837,-1.37994,2.91156
