energy,eta,phi,time,detid,front_1_x,front_1_y,front_1_z,front_2_x,front_2_y,front_2_z,front_3_x,front_3_y,front_3_z,front_4_x,front_4_y,front_4_z,back_1_x,back_1_y,back_1_z,back_2_x,back_2_y,back_2_z,back_3_x,back_3_y,back_3_z,back_4_x,back_4_y,back_4_z
0.079954,-0.0117401,1.15913,-2.32838,838861389,0.506821,1.188,-0.0269319,0.506821,1.188,-0.00338404,0.526412,1.17847,-0.00338404,0.526402,1.17847,-0.0269319,0.607471,1.39481,-0.028832,0.607471,1.39481,-0.00338404,0.630672,1.38352,-0.00338404,0.630662,1.38352,-0.028832
0.0411792,-0.0117301,1.1763,-42.3693,838861390,0.486862,1.19771,-0.026932,0.486853,1.19772,-0.00338406,0.506444,1.18818,-0.00338402,0.506444,1.18818,-0.0269319,0.583904,1.40628,-0.0288321,0.583894,1.40628,-0.00338406,0.607095,1.39499,-0.00338402,0.607095,1.39499,-0.028832
0.173284,-0.0117408,1.19365,-11.3718,838861391,0.465496,1.20471,-0.0269319,0.465496,1.20471,-0.00338404,0.485408,1.19587,-0.00338404,0.485398,1.19587,-0.0269319,0.558862,1.41491,-0.028832,0.558862,1.41491,-0.00338404,0.582443,1.40444,-0.00338404,0.582432,1.40444,-0.028832
0.0254616,-0.0117308,1.21082,-2.79067,838861392,0.44521,1.21372,-0.0269319,0.445201,1.21373,-0.00338404,0.465113,1.20488,-0.00338404,0.465113,1.20488,-0.0269319,0.534909,1.42555,-0.028832,0.534898,1.42555,-0.00338405,0.558479,1.41508,-0.00338404,0.558479,1.41508,-0.028832
0.0430024,-0.0117392,2.80092,-2.187,838861483,-1.22107,0.421309,-0.0269319,-1.22107,0.421309,-0.00338405,-1.21292,0.441517,-0.00338404,-1.21292,0.441507,-0.0269319,-1.43438,0.507305,-0.028832,-1.43438,0.507305,-0.00338405,-1.42474,0.531236,-0.00338404,-1.42474,0.531225,-0.028832
0.103948,-0.0117289,2.81809,-24.3975,838861484,-1.22936,0.400723,-0.0269319,-1.22937,0.400713,-0.00338404,-1.22122,0.420921,-0.00338404,-1.22122,0.420921,-0.0269319,-1.44418,0.482996,-0.028832,-1.44419,0.482986,-0.00338404,-1.43454,0.506917,-0.00338404,-1.43454,0.506917,-0.028832
1.39096,-0.0117394,2.83544,-0.859238,838861485,-1.23486,0.37892,-0.0269319,-1.23486,0.37892,-0.00338404,-1.22742,0.3994,-0.00338404,-1.22743,0.39939,-0.0269319,-1.45105,0.457413,-0.028832,-1.45105,0.457413,-0.00338404,-1.44224,0.481666,-0.00338404,-1.44225,0.481656,-0.028832
0.119768,-0.0117291,2.8526,-2.49881,838861486,-1.24243,0.358056,-0.026932,-1.24244,0.358046,-0.00338406,-1.235,0.378527,-0.00338403,-1.235,0.378527,-0.0269319,-1.45999,0.432777,-0.0288321,-1.46,0.432766,-0.00338406,-1.45119,0.45702,-0.00338402,-1.45119,0.45702,-0.028832
0.013434,-0.0117397,2.86995,-3.28839,838861487,-1.24716,0.336075,-0.0269319,-1.24716,0.336075,-0.00338404,-1.24045,0.356802,-0.00338404,-1.24045,0.356792,-0.0269319,-1.46596,0.40697,-0.028832,-1.46596,0.40697,-0.00338404,-1.45801,0.431516,-0.00338404,-1.45801,0.431505,-0.028832
0.367566,-0.0302681,0.202059,48.4001,838861846,1.26435,0.270106,-0.0508939,1.26454,0.270143,-0.0273468,1.26759,0.248569,-0.0273468,1.2674,0.248542,-0.0508939,1.49151,0.306231,-0.054686,1.49172,0.306272,-0.0292388,1.49532,0.280723,-0.0292388,1.49512,0.280693,-0.054686
0.188101,-0.0302653,0.271088,7.5201,838861850,1.24282,0.356701,-0.0508939,1.24301,0.356752,-0.0273468,1.24755,0.335443,-0.0273468,1.24736,0.335402,-0.0508939,1.4669,0.408596,-0.054686,1.4671,0.40865,-0.0292388,1.47249,0.383415,-0.0292388,1.47228,0.383372,-0.054686
-0.0061756,-0.0302932,1.15913,-60.786,838861901,0.50682,1.188,-0.0508939,0.506905,1.18817,-0.0273468,0.526497,1.17864,-0.0273468,0.526402,1.17847,-0.0508939,0.607461,1.39479,-0.054686,0.607552,1.39498,-0.0292388,0.630753,1.38368,-0.0292388,0.630651,1.3835,-0.054686
-0.0218691,-0.0302672,1.17629,-3.46079,838861902,0.486862,1.19771,-0.0508939,0.486938,1.19789,-0.0273468,0.506529,1.18836,-0.0273468,0.506444,1.18818,-0.0508939,0.583894,1.40626,-0.0546859,0.583975,1.40645,-0.0292388,0.607176,1.39516,-0.0292389,0.607085,1.39497,-0.054686
1.38894,-0.0302948,1.19364,-0.0435834,838861903,0.465496,1.20471,-0.0508939,0.465574,1.20489,-0.0273468,0.485487,1.19605,-0.0273468,0.485398,1.19587,-0.0508939,0.558852,1.41489,-0.054686,0.558937,1.41508,-0.0292388,0.582518,1.40461,-0.0292388,0.582423,1.40442,-0.054686
0.0994483,-0.0302691,1.21081,17.4324,838861904,0.44521,1.21372,-0.0508939,0.445279,1.2139,-0.0273468,0.465192,1.20506,-0.0273468,0.465113,1.20488,-0.0508939,0.534899,1.42553,-0.054686,0.534974,1.42572,-0.0292388,0.558555,1.41525,-0.0292388,0.55847,1.41506,-0.054686
0.173935,-0.0302681,1.24926,37.8623,838861906,0.398258,1.23002,-0.0508939,0.398321,1.2302,-0.0273468,0.418528,1.22205,-0.0273468,0.418456,1.22187,-0.0508939,0.480551,1.4448,-0.054686,0.480619,1.445,-0.0292388,0.504549,1.43535,-0.0292388,0.504471,1.43516,-0.054686
0.487916,-0.0302912,1.43917,-50.6412,838861917,0.158733,1.2819,-0.0508939,0.158766,1.28209,-0.0273468,0.180226,1.27832,-0.0273468,0.180182,1.27813,-0.0508939,0.198488,1.50841,-0.054686,0.198524,1.50862,-0.0292388,0.223938,1.50416,-0.0292388,0.223891,1.50395,-0.054686
-0.024421,-0.0302909,2.80092,-3.63009,838861995,-1.22107,0.421309,-0.0508939,-1.22124,0.421381,-0.0273468,-1.2131,0.441589,-0.0273468,-1.21292,0.441507,-0.0508939,-1.43436,0.507296,-0.054686,-1.43456,0.507374,-0.0292388,-1.42491,0.531305,-0.0292388,-1.42472,0.531217,-0.054686
-0.0261816,-0.0302643,2.81808,-3.05634,838861996,-1.22936,0.400723,-0.0508939,-1.22955,0.400785,-0.0273468,-1.2214,0.420993,-0.0273468,-1.22122,0.420921,-0.0508939,-1.44416,0.482987,-0.054686,-1.44436,0.483055,-0.0292388,-1.43471,0.506986,-0.0292388,-1.43452,0.506908,-0.054686
0.0753545,-0.0302912,2.83543,-3.46882,838861997,-1.23486,0.37892,-0.0508939,-1.23504,0.378986,-0.0273468,-1.2276,0.399466,-0.0273468,-1.22743,0.39939,-0.0508939,-1.45103,0.457405,-0.054686,-1.45122,0.457477,-0.0292388,-1.44242,0.48173,-0.0292388,-1.44223,0.481648,-0.054686
-0.0906574,-0.0302648,2.8526,-1.69201,838861998,-1.24243,0.358056,-0.0508939,-1.24262,0.358112,-0.0273468,-1.23518,0.378593,-0.0273468,-1.235,0.378527,-0.0508939,-1.45997,0.432769,-0.054686,-1.46017,0.43283,-0.0292388,-1.45137,0.457083,-0.0292388,-1.45117,0.457012,-0.054686
-0.0257959,-0.030292,2.86994,-2.76131,838861999,-1.24716,0.336075,-0.0508939,-1.24735,0.336135,-0.0273468,-1.24063,0.356862,-0.0273468,-1.24045,0.356792,-0.0508939,-1.46594,0.406962,-0.054686,-1.46614,0.407027,-0.0292388,-1.45819,0.431573,-0.0292388,-1.45799,0.431498,-0.054686
0.067648,-0.0488355,1.15913,-47.2068,838862413,0.506821,1.188,-0.0748583,0.50699,1.18835,-0.0513136,0.526581,1.17881,-0.0513136,0.526402,1.17847,-0.0748583,0.607444,1.39475,-0.0805421,0.607627,1.39513,-0.0550975,0.630828,1.38384,-0.0550975,0.630634,1.38347,-0.0805421
0.0310971,-0.0487937,1.17629,-4.23256,838862414,0.486862,1.19771,-0.0748583,0.487023,1.19807,-0.0513136,0.506614,1.18853,-0.0513136,0.506444,1.18818,-0.0748583,0.583877,1.40622,-0.0805421,0.58405,1.4066,-0.0550975,0.607251,1.39531,-0.0550975,0.607067,1.39494,-0.0805421
0.0454211,-0.0488382,1.19364,-3.46043,838862415,0.465496,1.20471,-0.0748583,0.465653,1.20507,-0.0513136,0.485565,1.19622,-0.0513136,0.485398,1.19587,-0.0748583,0.558836,1.41485,-0.0805421,0.559006,1.41524,-0.0550975,0.582587,1.40476,-0.0550975,0.582407,1.40438,-0.0805421
0.0680765,-0.0487967,1.21081,-41.638,838862416,0.44521,1.21372,-0.0748583,0.445358,1.21408,-0.0513136,0.46527,1.20524,-0.0513136,0.465113,1.20488,-0.0748583,0.534883,1.42549,-0.0805421,0.535043,1.42588,-0.0550975,0.558624,1.41541,-0.0550975,0.558454,1.41502,-0.0805421
-0.026109,-0.0488318,2.80092,-3.36202,838862507,-1.22107,0.421309,-0.0748583,-1.22142,0.421454,-0.0513136,-1.21328,0.441662,-0.0513136,-1.21292,0.441507,-0.0748583,-1.43433,0.507281,-0.080542,-1.43471,0.507438,-0.0550975,-1.42507,0.531369,-0.0550975,-1.42468,0.531202,-0.0805421
0.0175568,-0.048789,2.81808,-3.24815,838862508,-1.22936,0.400723,-0.0748583,-1.22973,0.400858,-0.0513136,-1.22158,0.421066,-0.0513136,-1.22122,0.420921,-0.0748583,-1.44413,0.482973,-0.0805421,-1.44452,0.483119,-0.0550975,-1.43487,0.50705,-0.0550975,-1.43448,0.506893,-0.0805421
-0.0423285,-0.0488323,2.83543,-4.02731,838862509,-1.23486,0.37892,-0.0748583,-1.23522,0.379052,-0.0513136,-1.22779,0.399532,-0.0513136,-1.22743,0.39939,-0.0748583,-1.45099,0.457392,-0.080542,-1.45138,0.457535,-0.0550975,-1.44258,0.481788,-0.0550975,-1.44219,0.481635,-0.0805421
0.0130496,-0.0487899,2.85259,-4.66318,838862510,-1.24243,0.358056,-0.0748583,-1.2428,0.358179,-0.0513136,-1.23536,0.378659,-0.0513136,-1.235,0.378527,-0.0748583,-1.45994,0.432756,-0.0805421,-1.46033,0.432888,-0.0550975,-1.45153,0.457141,-0.0550975,-1.45113,0.456998,-0.0805421
-0.0849574,-0.0488336,2.86994,-4.211,838862511,-1.24716,0.336075,-0.0748583,-1.24753,0.336194,-0.0513136,-1.24081,0.356922,-0.0513136,-1.24045,0.356792,-0.0748583,-1.4659,0.40695,-0.0805421,-1.4663,0.40708,-0.0550975,-1.45835,0.431626,-0.0550975,-1.45795,0.431486,-0.0805421
0.150189,-0.067362,1.15912,-3.32396,838862925,0.506821,1.188,-0.0988267,0.507075,1.18852,-0.075286,0.526666,1.17899,-0.0752859,0.526402,1.17847,-0.0988267,0.60742,1.3947,-0.106402,0.607695,1.39527,-0.0809616,0.630895,1.38398,-0.0809615,0.630611,1.38342,-0.106402
0.203987,-0.0673045,1.17629,6.11403,838862926,0.486862,1.19771,-0.0988267,0.487107,1.19824,-0.075286,0.506699,1.18871,-0.075286,0.506444,1.18818,-0.0988267,0.583853,1.40617,-0.106402,0.584118,1.40674,-0.0809616,0.607318,1.39545,-0.0809616,0.607044,1.39489,-0.106402
-0.0352297,-0.0673657,1.19364,-2.65652,838862927,0.465496,1.20471,-0.0988267,0.465731,1.20524,-0.075286,0.485644,1.1964,-0.075286,0.485398,1.19587,-0.0988267,0.558814,1.4148,-0.106402,0.559069,1.41538,-0.0809616,0.58265,1.4049,-0.0809616,0.582385,1.40433,-0.106402
-0.0863123,-0.0673086,1.2108,-2.38115,838862928,0.44521,1.21372,-0.0988267,0.445437,1.21426,-0.075286,0.465349,1.20541,-0.075286,0.465113,1.20488,-0.0988267,0.534861,1.42544,-0.106402,0.535106,1.42602,-0.0809616,0.558687,1.41555,-0.0809616,0.558432,1.41497,-0.106402
0.16628,-0.0673594,1.47368,-6.33964,838862943,0.114402,1.28657,-0.0988267,0.114483,1.28715,-0.075286,0.136061,1.28413,-0.075286,0.13597,1.28356,-0.0988267,0.146209,1.51424,-0.106402,0.146296,1.51487,-0.0809616,0.17185,1.5113,-0.0809616,0.171752,1.51068,-0.106402
0.544894,-0.067362,-1.28434,46.7297,838863145,0.375385,-1.23584,-0.0988267,0.375526,-1.2364,-0.075286,0.354389,-1.24169,-0.075286,0.354258,-1.24113,-0.0988267,0.431187,-1.45885,-0.106402,0.43134,-1.45946,-0.0809616,0.406309,-1.46572,-0.0809616,0.406167,-1.46511,-0.106402
0.131416,-0.0857944,2.22348,-12.9612,838863498,-0.793819,1.02049,-0.122801,-0.794262,1.02113,-0.0992656,-0.776209,1.03333,-0.0992657,-0.775775,1.03269,-0.122801,-0.925816,1.20866,-0.132267,-0.926294,1.20935,-0.106832,-0.904915,1.22379,-0.106833,-0.904446,1.2231,-0.132267
0.262779,-0.0858724,2.24083,-7.78247,838863499,-0.810564,1.00549,-0.122801,-0.81102,1.00611,-0.0992657,-0.793404,1.01894,-0.0992656,-0.792957,1.0183,-0.122801,-0.945807,1.19129,-0.132267,-0.9463,1.19197,-0.106833,-0.925438,1.20715,-0.106832,-0.924955,1.20647,-0.132267
0.215755,-0.103817,0.426466,-8.07668,838863907,1.17141,0.544211,-0.14541,1.17225,0.544553,-0.123253,1.18044,0.524331,-0.123253,1.17958,0.524026,-0.14541,1.38425,0.63041,-0.158875,1.38525,0.630814,-0.132711,1.39494,0.606893,-0.132711,1.39392,0.606532,-0.158875
0.00209701,-0.10383,1.93021,-1.34391,838863993,-0.46445,1.20511,-0.14541,-0.464732,1.20598,-0.123253,-0.443986,1.21274,-0.123253,-0.443742,1.21186,-0.14541,-0.535551,1.42347,-0.158875,-0.535885,1.42449,-0.132711,-0.511344,1.43249,-0.132711,-0.511055,1.43145,-0.158875
0.0471959,-0.103736,1.94738,-1.94133,838863994,-0.485555,1.19824,-0.14541,-0.485876,1.1991,-0.123253,-0.46513,1.20585,-0.123253,-0.464848,1.20499,-0.14541,-0.560446,1.41536,-0.158875,-0.560824,1.41637,-0.132711,-0.536283,1.42436,-0.132711,-0.53595,1.42334,-0.158875
1.44405,-0.103824,1.96472,-0.696863,838863995,-0.505789,1.18844,-0.14541,-0.506102,1.1893,-0.123253,-0.485605,1.19677,-0.123253,-0.48533,1.1959,-0.14541,-0.584474,1.40418,-0.158875,-0.584843,1.40519,-0.132711,-0.560596,1.41403,-0.132711,-0.560271,1.41301,-0.158875
0.00756447,-0.10373,1.98189,-2.22591,838863996,-0.526642,1.18083,-0.14541,-0.526992,1.18168,-0.123253,-0.506495,1.18915,-0.123253,-0.506183,1.1883,-0.14541,-0.60907,1.39521,-0.158875,-0.609483,1.3962,-0.132711,-0.585236,1.40505,-0.132711,-0.584867,1.40403,-0.158875
-0.0172352,-0.103819,1.99924,-2.5209,838863997,-0.546521,1.17033,-0.14541,-0.546863,1.17117,-0.123253,-0.52664,1.17936,-0.123253,-0.526335,1.1785,-0.14541,-0.632692,1.38319,-0.158875,-0.633097,1.38419,-0.132711,-0.609173,1.39387,-0.132711,-0.608813,1.39286,-0.158875
0.0971624,-0.103728,2.18897,30.3465,838864008,-0.75817,1.04733,-0.14541,-0.758688,1.04808,-0.123253,-0.740195,1.05966,-0.123253,-0.739711,1.05889,-0.14541,-0.883397,1.23986,-0.158875,-0.884009,1.24075,-0.132711,-0.862132,1.25445,-0.132711,-0.861561,1.25353,-0.158875
0.300526,-0.103821,2.20631,6.35338,838864009,-0.775428,1.03292,-0.14541,-0.775939,1.03368,-0.123253,-0.757861,1.04589,-0.123253,-0.757384,1.04511,-0.14541,-0.904002,1.22319,-0.158875,-0.904605,1.22408,-0.132711,-0.883221,1.23853,-0.132711,-0.882657,1.23762,-0.158875
0.0526108,-0.103733,2.22348,-2.22257,838864010,-0.79382,1.02049,-0.14541,-0.794363,1.02123,-0.123253,-0.776286,1.03344,-0.123253,-0.775775,1.03269,-0.14541,-0.925695,1.20853,-0.158875,-0.926337,1.2094,-0.132711,-0.904952,1.22385,-0.132711,-0.904349,1.22296,-0.158875
0.515671,-0.103827,2.24082,0.823954,838864011,-0.810564,1.00549,-0.14541,-0.811101,1.00622,-0.123253,-0.793461,1.01906,-0.123253,-0.792957,1.0183,-0.14541,-0.945705,1.19115,-0.158875,-0.946339,1.19202,-0.132711,-0.925472,1.20721,-0.132711,-0.924876,1.20631,-0.158875
0.210029,-0.103739,2.258,13.1245,838864012,-0.82851,0.992425,-0.14541,-0.829079,0.993139,-0.123253,-0.811439,1.00598,-0.123253,-0.810903,1.00524,-0.14541,-0.966873,1.17575,-0.158875,-0.967544,1.17659,-0.132711,-0.946677,1.19178,-0.132711,-0.946044,1.19091,-0.158875
0.0288332,-0.10383,-1.90952,-2.52285,838864133,-0.418844,-1.22171,-0.14541,-0.419185,-1.22256,-0.123253,-0.439419,-1.2144,-0.123253,-0.439041,-1.21357,-0.14541,-0.504733,-1.43469,-0.158875,-0.505136,-1.43569,-0.132711,-0.529072,-1.42603,-0.132711,-0.528626,-1.42505,-0.158875
1.2078,-0.103736,-1.89235,-3.90472,838864134,-0.398258,-1.23002,-0.14541,-0.398562,-1.23088,-0.123253,-0.418796,-1.22272,-0.123253,-0.418455,-1.22187,-0.14541,-0.480452,-1.44448,-0.158875,-0.480812,-1.4455,-0.132711,-0.504748,-1.43584,-0.132711,-0.504345,-1.43484,-0.158875
0.00264418,-0.103824,-1.875,-1.72727,838864135,-0.376457,-1.23551,-0.14541,-0.376768,-1.23637,-0.123253,-0.397275,-1.22892,-0.123253,-0.396926,-1.22808,-0.14541,-0.454855,-1.45136,-0.158875,-0.455223,-1.45237,-0.132711,-0.479481,-1.44356,-0.132711,-0.47907,-1.44256,-0.158875
0.0452728,-0.10373,-1.85783,-1.05803,838864136,-0.355594,-1.24309,-0.14541,-0.355868,-1.24396,-0.123253,-0.376374,-1.23651,-0.123253,-0.376063,-1.23565,-0.14541,-0.430247,-1.46029,-0.158875,-0.430571,-1.46132,-0.132711,-0.454829,-1.45251,-0.132711,-0.454462,-1.4515,-0.158875
0.185995,-0.121094,0.478144,5.40513,838864422,1.14283,0.604553,-0.168009,1.144,0.605118,-0.145871,1.15289,0.585194,-0.145871,1.15171,0.584665,-0.168009,1.35067,0.701662,-0.185468,1.35205,0.70233,-0.159326,1.36257,0.678761,-0.159326,1.36117,0.678136,-0.185468
0.540758,-0.121195,0.602966,-0.162394,838864429,1.05765,0.741444,-0.168009,1.05875,0.742132,-0.145871,1.07032,0.723637,-0.145871,1.0692,0.722983,-0.168009,1.25208,0.863126,-0.185468,1.25338,0.863939,-0.159326,1.26707,0.842061,-0.159326,1.26575,0.841288,-0.185468
0.0483962,-0.121208,1.9302,80.6293,838864505,-0.46445,1.20511,-0.168009,-0.464851,1.20635,-0.145871,-0.444106,1.2131,-0.145871,-0.443742,1.21186,-0.168009,-0.535468,1.42321,-0.185468,-0.535942,1.42467,-0.159326,-0.511402,1.43266,-0.159326,-0.510972,1.43119,-0.185468
0.127475,-0.121098,1.94737,-2.94341,838864506,-0.485555,1.19824,-0.168009,-0.485995,1.19946,-0.145871,-0.46525,1.20622,-0.145871,-0.464848,1.20499,-0.168009,-0.560362,1.41511,-0.185468,-0.560881,1.41655,-0.159326,-0.536341,1.42454,-0.159326,-0.535866,1.42309,-0.185468
0.0448489,-0.121201,1.96472,55.1733,838864507,-0.505789,1.18844,-0.168009,-0.506234,1.18966,-0.145871,-0.485737,1.19713,-0.145871,-0.48533,1.1959,-0.168009,-0.584382,1.40393,-0.185468,-0.584906,1.40536,-0.159326,-0.56066,1.41421,-0.159326,-0.560179,1.41275,-0.185468
-0.0130482,-0.121091,1.98188,-2.81577,838864508,-0.526642,1.18083,-0.168009,-0.527124,1.18204,-0.145871,-0.506627,1.18951,-0.145871,-0.506183,1.1883,-0.168009,-0.608978,1.39495,-0.185468,-0.609547,1.39638,-0.159326,-0.5853,1.40522,-0.159326,-0.584775,1.40378,-0.185468
0.0323773,-0.121195,1.99923,-2.72938,838864509,-0.546521,1.17033,-0.168009,-0.547008,1.17153,-0.145871,-0.526785,1.17972,-0.145871,-0.526335,1.1785,-0.168009,-0.632592,1.38294,-0.185468,-0.633166,1.38436,-0.159326,-0.609243,1.39404,-0.159326,-0.608712,1.39261,-0.185468
0.0172656,-0.121089,2.18896,-2.3929,838864520,-0.75817,1.04733,-0.168009,-0.758892,1.04841,-0.145871,-0.740399,1.05999,-0.145871,-0.739711,1.05889,-0.168009,-0.883255,1.23963,-0.185468,-0.884107,1.24091,-0.159326,-0.862231,1.2546,-0.159326,-0.861418,1.2533,-0.185468
0.101108,-0.121198,2.2063,-12.7318,838864521,-0.775428,1.03292,-0.168009,-0.776154,1.03399,-0.145871,-0.758077,1.04621,-0.145871,-0.757384,1.04511,-0.168009,-0.903852,1.22297,-0.185468,-0.90471,1.22424,-0.159326,-0.883325,1.23869,-0.159326,-0.882506,1.23739,-0.185468
-0.0170064,-0.121094,2.22347,-1.10502,838864522,-0.79382,1.02049,-0.168009,-0.794579,1.02154,-0.145871,-0.776502,1.03376,-0.145871,-0.775775,1.03269,-0.168009,-0.925544,1.20831,-0.185468,-0.926441,1.20955,-0.159326,-0.905057,1.224,-0.159326,-0.904199,1.22273,-0.185468
0.052965,-0.121204,2.24082,-1.6926,838864523,-0.810564,1.00549,-0.168009,-0.811327,1.00654,-0.145871,-0.793688,1.01938,-0.145871,-0.792957,1.0183,-0.168009,-0.945547,1.19094,-0.185468,-0.946448,1.19217,-0.159326,-0.925582,1.20736,-0.159326,-0.924718,1.2061,-0.185468
0.0588911,-0.121102,2.25799,-1.74127,838864524,-0.82851,0.992425,-0.168009,-0.829306,0.99345,-0.145871,-0.811666,1.00629,-0.145871,-0.810903,1.00524,-0.168009,-0.966714,1.17553,-0.185468,-0.967654,1.17674,-0.159326,-0.946787,1.19193,-0.159326,-0.945885,1.19069,-0.185468
0.0894518,-0.121208,-1.90952,-3.82499,838864645,-0.418844,-1.22171,-0.168009,-0.419329,-1.22292,-0.145871,-0.439563,-1.21476,-0.145871,-0.439041,-1.21357,-0.168009,-0.504633,-1.43444,-0.185468,-0.505206,-1.43586,-0.159326,-0.529141,-1.42621,-0.159326,-0.528525,-1.4248,-0.185468
0.167592,-0.121098,-1.89236,-27.1189,838864646,-0.398258,-1.23002,-0.168009,-0.398706,-1.23123,-0.145871,-0.418941,-1.22307,-0.145871,-0.418455,-1.22187,-0.168009,-0.480352,-1.44423,-0.185468,-0.480881,-1.44567,-0.159326,-0.504817,-1.43602,-0.159326,-0.504244,-1.43459,-0.185468
0.0648701,-0.121201,-1.87501,-2.46156,838864647,-0.376457,-1.23551,-0.168009,-0.3769,-1.23673,-0.145871,-0.397406,-1.22928,-0.145871,-0.396926,-1.22808,-0.168009,-0.454764,-1.4511,-0.185468,-0.455287,-1.45254,-0.159326,-0.479545,-1.44373,-0.159326,-0.478978,-1.44231,-0.185468
0.0628909,-0.121091,-1.85784,-2.32625,838864648,-0.355594,-1.24309,-0.168009,-0.355999,-1.24432,-0.145871,-0.376506,-1.23687,-0.145871,-0.376063,-1.23565,-0.168009,-0.430156,-1.46004,-0.185468,-0.430634,-1.4615,-0.159326,-0.454893,-1.45269,-0.159326,-0.45437,-1.45125,-0.185468
0.319691,-0.138563,0.495482,3.22205,838864935,1.13096,0.623649,-0.190634,1.13248,0.624387,-0.168522,1.14206,0.604786,-0.168522,1.14053,0.604083,-0.190634,1.33673,0.724229,-0.212083,1.33852,0.725102,-0.185971,1.34985,0.701915,-0.185971,1.34804,0.701084,-0.212083
-0.0522467,-0.138567,1.93019,-3.31366,838865017,-0.46445,1.20511,-0.190634,-0.46497,1.20671,-0.168522,-0.444225,1.21347,-0.168522,-0.443742,1.21186,-0.190634,-0.535363,1.42289,-0.212083,-0.535978,1.42478,-0.185971,-0.511437,1.43277,-0.185971,-0.510867,1.43087,-0.212083
0.0146088,-0.138442,1.94736,-3.29512,838865018,-0.485555,1.19824,-0.190634,-0.486114,1.19983,-0.168522,-0.465369,1.20658,-0.168522,-0.464848,1.20499,-0.190634,-0.560258,1.41479,-0.212083,-0.560917,1.41666,-0.185971,-0.536376,1.42465,-0.185971,-0.535761,1.42276,-0.212083
-0.0678371,-0.138559,1.96471,-3.17743,838865019,-0.505789,1.18844,-0.190634,-0.506366,1.19002,-0.168522,-0.485869,1.19749,-0.168522,-0.48533,1.1959,-0.190634,-0.584266,1.40361,-0.212083,-0.584946,1.40547,-0.185971,-0.560699,1.41432,-0.185971,-0.560063,1.41243,-0.212083
0.058588,-0.138434,1.98187,-3.36469,838865020,-0.526642,1.18083,-0.190634,-0.527256,1.1824,-0.168522,-0.506759,1.18988,-0.168522,-0.506183,1.1883,-0.190634,-0.608862,1.39464,-0.212083,-0.609586,1.39649,-0.185971,-0.58534,1.40533,-0.185971,-0.584659,1.40346,-0.212083
-0.0541641,-0.138552,1.99922,-3.55213,838865021,-0.546521,1.17033,-0.190634,-0.547152,1.17189,-0.168522,-0.526929,1.18008,-0.168522,-0.526335,1.1785,-0.190634,-0.632464,1.38263,-0.212083,-0.63321,1.38447,-0.185971,-0.609287,1.39415,-0.185971,-0.608585,1.39229,-0.212083
0.0523216,-0.138431,2.18895,-58.7275,838865032,-0.75817,1.04733,-0.190634,-0.759096,1.04874,-0.168522,-0.740603,1.06031,-0.168522,-0.739711,1.05889,-0.190634,-0.883075,1.23935,-0.212083,-0.884169,1.24101,-0.185971,-0.862293,1.2547,-0.185971,-0.861239,1.25302,-0.212083
-0.048347,-0.138555,2.2063,-2.60458,838865033,-0.775428,1.03292,-0.190634,-0.77637,1.03431,-0.168522,-0.758293,1.04653,-0.168522,-0.757384,1.04511,-0.190634,-0.903662,1.22269,-0.212083,-0.904775,1.22433,-0.185971,-0.88339,1.23878,-0.185971,-0.882317,1.23711,-0.212083
0.041865,-0.138438,2.22346,-3.92007,838865034,-0.79382,1.02049,-0.190634,-0.794794,1.02186,-0.168522,-0.776717,1.03408,-0.168522,-0.775775,1.03269,-0.190634,-0.925355,1.20803,-0.212083,-0.926506,1.20965,-0.185971,-0.905122,1.2241,-0.185971,-0.904009,1.22245,-0.212083
-0.000470436,-0.138563,2.24081,-3.19416,838865035,-0.810564,1.00549,-0.190634,-0.811554,1.00685,-0.168522,-0.793914,1.01969,-0.168522,-0.792956,1.0183,-0.190634,-0.945348,1.19066,-0.212083,-0.946517,1.19227,-0.185971,-0.92565,1.20746,-0.185971,-0.924519,1.20582,-0.212083
0.0351008,-0.138446,2.25798,-40.0899,838865036,-0.82851,0.992425,-0.190634,-0.829532,0.993762,-0.168522,-0.811893,1.0066,-0.168522,-0.810903,1.00524,-0.190634,-0.966515,1.17525,-0.212083,-0.967722,1.17683,-0.185971,-0.946855,1.19202,-0.185971,-0.945686,1.19042,-0.212083
0.0256745,-0.138567,-1.90953,-2.41307,838865157,-0.418844,-1.22171,-0.190634,-0.419473,-1.22327,-0.168522,-0.439707,-1.21511,-0.168522,-0.439041,-1.21357,-0.190634,-0.504506,-1.43412,-0.212083,-0.505249,-1.43597,-0.185971,-0.529185,-1.42631,-0.185971,-0.528398,-1.42449,-0.212083
0.0164187,-0.138442,-1.89237,-2.68944,838865158,-0.398258,-1.23002,-0.190634,-0.398851,-1.23159,-0.168522,-0.419085,-1.22343,-0.168522,-0.418455,-1.22187,-0.190634,-0.480225,-1.44392,-0.212083,-0.480925,-1.44578,-0.185971,-0.504861,-1.43612,-0.185971,-0.504118,-1.43428,-0.212083
-0.00718724,-0.138559,-1.87502,-2.90931,838865159,-0.376457,-1.23551,-0.190634,-0.377031,-1.23709,-0.168522,-0.397538,-1.22964,-0.168522,-0.396926,-1.22808,-0.190634,-0.454648,-1.45078,-0.212083,-0.455326,-1.45265,-0.185971,-0.479585,-1.44384,-0.185971,-0.478862,-1.44199,-0.212083
-0.0357854,-0.138434,-1.85785,-3.17121,838865160,-0.355594,-1.24309,-0.190634,-0.356131,-1.24468,-0.168522,-0.376637,-1.23724,-0.168522,-0.376063,-1.23565,-0.190634,-0.43004,-1.45972,-0.212083,-0.430674,-1.46161,-0.185971,-0.454933,-1.45279,-0.185971,-0.454254,-1.45093,-0.212083
0.165458,-0.155748,-0.0435036,23.8675,838865416,1.29223,-0.0453203,-0.213293,1.29429,-0.0454953,-0.191213,1.29203,-0.067195,-0.191213,1.28997,-0.0669804,-0.213293,1.52003,-0.0650929,-0.238724,1.52247,-0.0652995,-0.212651,1.51979,-0.0909692,-0.212651,1.51736,-0.0907158,-0.238724
0.194513,-0.155903,0.495476,17.4064,838865447,1.13096,0.623649,-0.213293,1.13282,0.624556,-0.191213,1.1424,0.604955,-0.191214,1.14053,0.604083,-0.213293,1.33636,0.72405,-0.238724,1.33856,0.725122,-0.212651,1.34989,0.701935,-0.212651,1.34768,0.700905,-0.238724
0.0369745,-0.155755,2.18894,-3.08642,838865544,-0.75817,1.04733,-0.213293,-0.7593,1.04906,-0.191214,-0.740807,1.06064,-0.191213,-0.739711,1.05889,-0.213293,-0.882859,1.239,-0.238724,-0.884193,1.24105,-0.212651,-0.862317,1.25474,-0.212651,-0.861022,1.25267,-0.238724
0.0931551,-0.155895,2.20629,38.125,838865545,-0.775428,1.03292,-0.213293,-0.776585,1.03463,-0.191213,-0.758508,1.04685,-0.191214,-0.757384,1.04511,-0.213293,-0.903434,1.22235,-0.238724,-0.9048,1.22437,-0.212651,-0.883416,1.23882,-0.212651,-0.882088,1.23677,-0.238724
0.0360338,-0.155762,2.22346,-2.94401,838865546,-0.79382,1.02049,-0.213293,-0.79501,1.02218,-0.191214,-0.776932,1.0344,-0.191213,-0.775775,1.03269,-0.213293,-0.925126,1.20769,-0.238724,-0.926532,1.20969,-0.212651,-0.905147,1.22414,-0.212651,-0.903781,1.22212,-0.238724
0.271671,-0.173205,2.13726,8.66017,838866053,-0.702391,1.08402,-0.235992,-0.703618,1.08614,-0.213952,-0.684732,1.09707,-0.213952,-0.683539,1.09492,-0.235992,-0.816621,1.28151,-0.265397,-0.81807,1.28402,-0.239371,-0.795729,1.29694,-0.239371,-0.794321,1.29441,-0.265397
1.02922,-0.173061,2.18893,49.4395,838866056,-0.75817,1.04733,-0.235992,-0.759504,1.04939,-0.213952,-0.741011,1.06096,-0.213952,-0.739711,1.05889,-0.235992,-0.882605,1.2386,-0.265397,-0.884181,1.24103,-0.239371,-0.862305,1.25472,-0.239371,-0.860769,1.25227,-0.265397
0.291089,-0.173216,2.20628,41.7487,838866057,-0.775428,1.03292,-0.235992,-0.7768,1.03495,-0.213952,-0.758723,1.04717,-0.213952,-0.757384,1.04511,-0.235992,-0.903167,1.22195,-0.265397,-0.904787,1.22435,-0.239371,-0.883403,1.2388,-0.239371,-0.881821,1.23638,-0.265397
0.0757787,-0.173069,2.22345,-4.00345,838866058,-0.79382,1.02049,-0.235992,-0.795225,1.0225,-0.213952,-0.777147,1.03472,-0.213952,-0.775775,1.03269,-0.235992,-0.924859,1.2073,-0.265397,-0.926519,1.20967,-0.239371,-0.905134,1.22412,-0.239371,-0.903514,1.22172,-0.265397
0.130138,-0.190559,1.05554,77.3929,838866503,0.626945,1.12935,-0.258872,0.628453,1.13177,-0.236756,0.646992,1.12021,-0.236756,0.645422,1.11783,-0.258872,0.747411,1.32247,-0.292181,0.749186,1.32532,-0.26615,0.771068,1.31167,-0.26615,0.76922,1.30887,-0.292181
0.0210109,-0.190404,1.83986,-1.13816,838866548,-0.354239,1.24348,-0.258872,-0.354905,1.24625,-0.236756,-0.333535,1.25081,-0.236756,-0.332941,1.24802,-0.258872,-0.405583,1.46526,-0.292181,-0.406368,1.46852,-0.26615,-0.381146,1.4739,-0.26615,-0.380446,1.47062,-0.292181
0.168535,-0.190574,1.85721,-10.8572,838866549,-0.375384,1.23584,-0.258872,-0.376076,1.2386,-0.236756,-0.354879,1.24391,-0.236756,-0.354258,1.24113,-0.258872,-0.430635,1.45664,-0.292181,-0.431449,1.4599,-0.26615,-0.406431,1.46616,-0.26615,-0.4057,1.46288,-0.292181
-0.0203807,-0.190413,1.87438,-0.71826,838866550,-0.396918,1.23045,-0.258872,-0.397681,1.2332,-0.236756,-0.376483,1.2385,-0.236756,-0.375791,1.23574,-0.258872,-0.455977,1.4503,-0.292181,-0.456875,1.45353,-0.26615,-0.431856,1.45979,-0.26615,-0.431042,1.45654,-0.292181
-0.0638424,-0.190584,1.89172,-1.21641,838866551,-0.417784,1.22208,-0.258872,-0.418571,1.22482,-0.236756,-0.397572,1.23086,-0.236756,-0.396855,1.2281,-0.258872,-0.480712,1.44082,-0.292181,-0.481639,1.44404,-0.26615,-0.456855,1.45117,-0.26615,-0.45601,1.44792,-0.292181
0.549371,-0.190561,2.13725,-9.97976,838866565,-0.70239,1.08402,-0.258872,-0.703817,1.08649,-0.236756,-0.684902,1.09743,-0.236756,-0.683539,1.09492,-0.258872,-0.816351,1.28105,-0.292181,-0.818031,1.28395,-0.26615,-0.795706,1.29686,-0.26615,-0.794101,1.29392,-0.292181
0.167486,-0.190559,-2.43512,42.7833,838866663,-0.975397,-0.846819,-0.258872,-0.977641,-0.848575,-0.236756,-0.991107,-0.831366,-0.236756,-0.988818,-0.829668,-0.258872,-1.15465,-0.987086,-0.292181,-1.15729,-0.989154,-0.26615,-1.17318,-0.968843,-0.26615,-1.17049,-0.966844,-0.292181
0.247406,-0.207953,1.50813,50.3142,838867041,0.069936,1.2897,-0.281796,0.0702707,1.29291,-0.259733,0.092004,1.29064,-0.259733,0.0915964,1.28744,-0.281796,0.0934736,1.51548,-0.319,0.0938676,1.51926,-0.293029,0.119518,1.51659,-0.293029,0.119039,1.51281,-0.319
0.501444,-0.207778,1.5253,46.5526,838867042,0.0478582,1.292,-0.281796,0.0481201,1.29522,-0.259733,0.0698533,1.29295,-0.259733,0.0695186,1.28974,-0.281796,0.0674912,1.51819,-0.319,0.0677995,1.52198,-0.293029,0.0934502,1.5193,-0.293029,0.0930563,1.51552,-0.319
0.0900842,-0.207768,1.83986,10.4209,838867060,-0.354239,1.24348,-0.281796,-0.354984,1.24662,-0.259733,-0.333614,1.25118,-0.259733,-0.332941,1.24802,-0.281796,-0.405457,1.46466,-0.319,-0.406335,1.46836,-0.293029,-0.381113,1.47375,-0.293029,-0.38032,1.47003,-0.319
0.202675,-0.207953,1.8572,1.76199,838867061,-0.375384,1.23584,-0.281796,-0.376168,1.23897,-0.259733,-0.35497,1.24427,-0.259733,-0.354258,1.24113,-0.281796,-0.430488,1.45606,-0.319,-0.43141,1.45974,-0.293029,-0.406392,1.466,-0.293029,-0.405553,1.46229,-0.319
-0.0134743,-0.207778,1.87437,-1.55403,838867062,-0.396918,1.23045,-0.281796,-0.397772,1.23356,-0.259733,-0.376575,1.23887,-0.259733,-0.375791,1.23574,-0.281796,-0.45583,1.44971,-0.319,-0.456836,1.45338,-0.293029,-0.431818,1.45964,-0.293029,-0.430895,1.45595,-0.319
-0.102545,-0.207964,1.89171,-1.97254,838867063,-0.417784,1.22208,-0.281796,-0.418676,1.22518,-0.259733,-0.397677,1.23122,-0.259733,-0.396855,1.2281,-0.281796,-0.480545,1.44024,-0.319,-0.481595,1.44389,-0.293029,-0.456811,1.45102,-0.293029,-0.455843,1.44734,-0.319
0.448953,-0.225114,1.83985,-3.37904,838867572,-0.354239,1.24348,-0.304781,-0.355063,1.24699,-0.282776,-0.333693,1.25155,-0.282776,-0.332941,1.24802,-0.304781,-0.405317,1.46401,-0.345868,-0.406287,1.46814,-0.319967,-0.381066,1.47352,-0.319967,-0.38018,1.46937,-0.345868
1.09933,-0.225314,1.85719,0.362931,838867573,-0.375384,1.23584,-0.304781,-0.37626,1.23934,-0.282776,-0.355062,1.24464,-0.282776,-0.354258,1.24113,-0.304781,-0.430325,1.4554,-0.345868,-0.431356,1.45952,-0.319967,-0.406337,1.46578,-0.319967,-0.405391,1.46164,-0.345868
-0.0397205,-0.225124,1.87436,-1.66728,838867574,-0.396918,1.23045,-0.304781,-0.397864,1.23393,-0.282776,-0.376667,1.23924,-0.282776,-0.375791,1.23574,-0.304781,-0.455667,1.44906,-0.345868,-0.456781,1.45316,-0.319967,-0.431763,1.45942,-0.319967,-0.430732,1.4553,-0.345868
-0.207167,-0.225326,1.89171,-2.14521,838867575,-0.417784,1.22208,-0.304781,-0.41878,1.22554,-0.282776,-0.397781,1.23158,-0.282776,-0.396855,1.2281,-0.304781,-0.480359,1.43959,-0.345868,-0.481533,1.44367,-0.319967,-0.456748,1.4508,-0.319967,-0.455658,1.4467,-0.345868
0.230425,-0.225305,-2.71518,39.9043,838867671,-1.17141,-0.544211,-0.304781,-1.17475,-0.545564,-0.282776,-1.18295,-0.525311,-0.282776,-1.17958,-0.524025,-0.304781,-1.38119,-0.629169,-0.345868,-1.38512,-0.630762,-0.319967,-1.3948,-0.606858,-0.319967,-1.39084,-0.605345,-0.345868
0.0977276,-0.242442,1.83984,-20.2591,838868084,-0.354239,1.24348,-0.327834,-0.355142,1.24736,-0.305894,-0.333772,1.25192,-0.305894,-0.332941,1.24802,-0.327834,-0.405163,1.46329,-0.372793,-0.406226,1.46785,-0.346968,-0.381004,1.47324,-0.346967,-0.380026,1.46865,-0.372792
0.258173,-0.242657,1.85719,-13.5087,838868085,-0.375384,1.23584,-0.327834,-0.376351,1.2397,-0.305894,-0.355153,1.24501,-0.305894,-0.354258,1.24113,-0.327834,-0.430146,1.45469,-0.372792,-0.431284,1.45924,-0.346967,-0.406266,1.4655,-0.346968,-0.405212,1.46093,-0.372793
0.0955048,-0.242453,1.87435,48.6973,838868086,-0.396918,1.23045,-0.327834,-0.397955,1.2343,-0.305894,-0.376758,1.2396,-0.305894,-0.375791,1.23574,-0.327834,-0.455488,1.44835,-0.372792,-0.45671,1.45287,-0.346967,-0.431691,1.45913,-0.346968,-0.430554,1.45459,-0.372793
0.150296,-0.242669,1.8917,-10.3121,838868087,-0.417784,1.22208,-0.327834,-0.418885,1.22591,-0.305894,-0.397885,1.23195,-0.305894,-0.396855,1.2281,-0.327834,-0.480156,1.43888,-0.372792,-0.481452,1.44339,-0.346967,-0.456667,1.45052,-0.346968,-0.455454,1.44599,-0.372793
0.0412406,-0.259752,1.83983,-2.93754,838868596,-0.354239,1.24348,-0.350962,-0.35522,1.24772,-0.329094,-0.33385,1.25228,-0.329094,-0.332941,1.24802,-0.350962,-0.404996,1.4625,-0.399779,-0.406151,1.4675,-0.374038,-0.380929,1.47288,-0.374038,-0.379858,1.46787,-0.399779
0.0492083,-0.259982,1.85718,-2.76207,838868597,-0.375384,1.23584,-0.350962,-0.376442,1.24007,-0.329094,-0.355245,1.24537,-0.329094,-0.354258,1.24113,-0.350962,-0.429951,1.45391,-0.399779,-0.431196,1.45889,-0.374038,-0.406178,1.46515,-0.374038,-0.405017,1.46015,-0.399779
0.0567341,-0.259764,1.87434,-2.28136,838868598,-0.396918,1.23045,-0.350962,-0.398047,1.23466,-0.329094,-0.376849,1.23996,-0.329094,-0.375791,1.23574,-0.350962,-0.455293,1.44757,-0.399779,-0.456622,1.45252,-0.374038,-0.431604,1.45878,-0.374038,-0.430358,1.45381,-0.399779
-0.0558654,-0.259995,1.8917,-1.68777,838868599,-0.417784,1.22208,-0.350962,-0.418988,1.22627,-0.329094,-0.397989,1.23231,-0.329094,-0.396855,1.2281,-0.350962,-0.479934,1.43811,-0.399779,-0.481352,1.44304,-0.374038,-0.456567,1.45017,-0.374038,-0.455232,1.44522,-0.399779
0.150201,-0.277358,0.49542,43.3516,838869031,1.13097,0.623648,-0.374308,1.13524,0.625737,-0.352398,1.14485,0.606076,-0.352398,1.14053,0.604082,-0.374308,1.33216,0.721994,-0.42688,1.33717,0.724442,-0.4012,1.34847,0.701315,-0.4012,1.34341,0.698978,-0.42688
0.227917,-0.277091,0.758116,47.875,838869046,0.931301,0.896951,-0.374308,0.934875,0.900092,-0.352398,0.948955,0.88334,-0.352398,0.945313,0.880279,-0.374308,1.10027,1.04398,-0.42688,1.10446,1.04766,-0.4012,1.12102,1.02795,-0.4012,1.11675,1.02436,-0.42688
0.403341,-0.277338,1.99916,1.49141,838869117,-0.54652,1.17033,-0.374308,-0.548305,1.17474,-0.352398,-0.528021,1.18295,-0.352398,-0.526334,1.1785,-0.374308,-0.630554,1.37791,-0.42688,-0.632646,1.38308,-0.4012,-0.608785,1.39274,-0.4012,-0.606808,1.38752,-0.42688
0.782238,-0.29472,1.99915,-51.3716,838869629,-0.54652,1.17033,-0.397732,-0.548443,1.17508,-0.375905,-0.528158,1.18329,-0.375905,-0.526334,1.1785,-0.397732,-0.630212,1.37706,-0.454045,-0.632465,1.38263,-0.428462,-0.608604,1.39229,-0.428462,-0.606466,1.38668,-0.454045
0.755646,-0.311851,1.90884,-35.3964,838870136,-0.439116,1.21594,-0.421251,-0.440735,1.22119,-0.399514,-0.419705,1.22724,-0.399514,-0.418187,1.22196,-0.421251,-0.504201,1.42828,-0.48129,-0.506099,1.43443,-0.455811,-0.48136,1.44155,-0.455811,-0.479581,1.43537,-0.48129
0.276306,-0.311802,2.08534,6.57779,838870146,-0.645908,1.12015,-0.421251,-0.648412,1.12504,-0.399514,-0.62875,1.13464,-0.399514,-0.626341,1.12971,-0.421251,-0.746851,1.31798,-0.48129,-0.749786,1.3237,-0.455811,-0.726657,1.33501,-0.455811,-0.723833,1.32923,-0.48129
0.20766,-0.311833,-1.9654,-32.9701,838870274,-0.486861,-1.19771,-0.421251,-0.489168,-1.20269,-0.399514,-0.508845,-1.19312,-0.399514,-0.506443,-1.18818,-0.421251,-0.580583,-1.39906,-0.48129,-0.583287,-1.4049,-0.455811,-0.606434,-1.39364,-0.455811,-0.603619,-1.38785,-0.48129
0.290153,-0.346449,2.08532,-4.56451,838871170,-0.645908,1.12015,-0.468606,-0.64873,1.12569,-0.447065,-0.629069,1.1353,-0.447065,-0.626341,1.12971,-0.468606,-0.745914,1.31606,-0.536045,-0.749222,1.32255,-0.510795,-0.726093,1.33385,-0.510795,-0.722896,1.32731,-0.536045
0.683704,-0.346743,2.10267,-1.3437,838871171,-0.664577,1.10763,-0.468606,-0.667498,1.11311,-0.447065,-0.648184,1.1234,-0.447065,-0.645356,1.11787,-0.468607,-0.767974,1.30173,-0.536045,-0.771398,1.30816,-0.510795,-0.748678,1.32026,-0.510795,-0.745364,1.31378,-0.536045
0.226741,-0.346786,-2.29713,36.942,838871279,-0.84946,-0.97285,-0.468606,-0.853771,-0.977323,-0.447065,-0.869526,-0.962135,-0.447065,-0.865138,-0.957736,-0.468607,-1.00209,-1.13118,-0.536045,-1.00715,-1.13643,-0.510795,-1.02568,-1.11856,-0.510795,-1.02054,-1.1134,-0.536045
0.200787,-0.346451,-1.37082,4.45793,838871332,0.267647,-1.26502,-0.468606,0.268621,-1.27116,-0.447065,0.246953,-1.27422,-0.447065,0.246084,-1.26807,-0.468606,0.302225,-1.48225,-0.536045,0.303367,-1.48944,-0.510795,0.277877,-1.49304,-0.510795,0.276859,-1.48583,-0.536045
0.627978,-0.346746,-1.35347,2.59809,838871333,0.289273,-1.25888,-0.468607,0.290357,-1.265,-0.447065,0.268809,-1.26881,-0.447065,0.267829,-1.26268,-0.468606,0.327635,-1.47543,-0.536045,0.328905,-1.4826,-0.510795,0.303557,-1.48709,-0.510795,0.302409,-1.4799,-0.536045
0.164817,-0.364161,1.54258,27.5162,838871651,0.0253886,1.29127,-0.492617,0.0258442,1.29787,-0.471046,0.0477069,1.29636,-0.471046,0.0471147,1.28977,-0.492617,0.040461,1.50955,-0.563617,0.0409922,1.51724,-0.538468,0.0666013,1.51547,-0.538468,0.0659109,1.50779,-0.563617
0.175045,-0.36381,-1.37083,8.44853,838871844,0.267648,-1.26502,-0.492617,0.268709,-1.27155,-0.471046,0.24701,-1.27462,-0.471046,0.246085,-1.26807,-0.492617,0.301961,-1.48115,-0.563617,0.303198,-1.48876,-0.538468,0.277781,-1.49235,-0.538468,0.276702,-1.48472,-0.563617
0.179476,-0.381197,1.73624,38.2016,838872174,-0.223841,1.27351,-0.51674,-0.22471,1.28042,-0.49528,-0.202917,1.28273,-0.49528,-0.202184,1.27581,-0.51674,-0.25046,1.48953,-0.591284,-0.251474,1.49758,-0.566263,-0.225946,1.50029,-0.566263,-0.225091,1.49221,-0.591284
0.213773,-0.398568,0.723552,40.2417,838872628,0.961717,0.864301,-0.540994,0.96739,0.868914,-0.51965,0.980895,0.851656,-0.51965,0.975138,0.84715,-0.540994,1.12982,1.00059,-0.619063,1.13644,1.00597,-0.594177,1.15226,0.985749,-0.594177,1.14554,0.980496,-0.619063
0.139915,-0.433614,-1.73709,5.4089,838873871,-0.202874,-1.27567,-0.589926,-0.204532,-1.2835,-0.568831,-0.225971,-1.27896,-0.56883,-0.22418,-1.27116,-0.589926,-0.247151,-1.48477,-0.67498,-0.249083,-1.49389,-0.650384,-0.274196,-1.48857,-0.650384,-0.272108,-1.47948,-0.67498
0.147343,-0.455309,1.63268,48.1809,838874216,-0.0910156,1.28974,-0.621349,-0.0911864,1.29808,-0.60039,-0.0692433,1.2981,-0.60039,-0.0692378,1.28976,-0.621349,-0.0947621,1.50212,-0.709718,-0.0949601,1.51178,-0.685425,-0.0693848,1.5118,-0.685425,-0.0693784,1.50213,-0.709718
0.190447,-0.455674,1.65002,44.2606,838874217,-0.113283,1.28667,-0.621348,-0.11358,1.29501,-0.60039,-0.0916508,1.29579,-0.60039,-0.0915192,1.28745,-0.621349,-0.120841,1.49891,-0.709718,-0.121185,1.50857,-0.685425,-0.095626,1.50948,-0.685425,-0.0954735,1.49982,-0.709719
1.14443,-0.455651,-1.7371,-1.29568,838874383,-0.202875,-1.27567,-0.621349,-0.204603,-1.28383,-0.60039,-0.22607,-1.27929,-0.60039,-0.224181,-1.27116,-0.621349,-0.246871,-1.48344,-0.709718,-0.248874,-1.4929,-0.685425,-0.273894,-1.4876,-0.685425,-0.271704,-1.47818,-0.709718
0.280662,-0.455278,-1.71993,-5.66043,838874384,-0.181155,-1.28027,-0.621348,-0.182721,-1.28847,-0.60039,-0.204188,-1.28392,-0.60039,-0.20246,-1.27576,-0.621349,-0.221624,-1.48879,-0.709718,-0.223439,-1.49829,-0.685425,-0.248459,-1.49299,-0.685425,-0.246457,-1.48353,-0.709719
-0.0872779,-0.455656,-1.70259,-1.67768,838874385,-0.158735,-1.2819,-0.621349,-0.160177,-1.29011,-0.60039,-0.18179,-1.28632,-0.60039,-0.180185,-1.27813,-0.621349,-0.195448,-1.49107,-0.709718,-0.197119,-1.5006,-0.685425,-0.222309,-1.49617,-0.685425,-0.22045,-1.48669,-0.709718
0.363441,-0.455345,-1.58187,-0.574863,838874392,-0.00324042,-1.2928,-0.621348,-0.00365005,-1.30113,-0.60039,-0.025541,-1.29962,-0.60039,-0.0249665,-1.2913,-0.621349,-0.014273,-1.50492,-0.709718,-0.0147478,-1.51457,-0.685425,-0.0402624,-1.51281,-0.685425,-0.0395964,-1.50317,-0.709719
0.144144,-0.455332,-1.54343,11.2157,838874394,0.0464525,-1.29205,-0.621349,0.0463319,-1.30039,-0.60039,0.0244017,-1.29964,-0.60039,0.0246875,-1.2913,-0.621349,0.0427795,-1.50442,-0.709718,0.0426397,-1.51409,-0.685425,0.0170794,-1.51322,-0.685425,0.0174107,-1.50355,-0.709718
0.00716992,-0.472927,-1.73711,-2.27348,838874895,-0.202875,-1.27567,-0.646197,-0.20467,-1.28415,-0.62537,-0.226137,-1.2796,-0.62537,-0.224181,-1.27116,-0.646196,-0.246581,-1.48207,-0.737862,-0.248662,-1.4919,-0.713722,-0.273682,-1.4866,-0.713722,-0.271414,-1.47681,-0.737862
0.18382,-0.472541,-1.71993,0.0859887,838874896,-0.181155,-1.28027,-0.646197,-0.182788,-1.28878,-0.62537,-0.204255,-1.28424,-0.62537,-0.20246,-1.27576,-0.646196,-0.221333,-1.48742,-0.737862,-0.223226,-1.49728,-0.713722,-0.248247,-1.49199,-0.713722,-0.246166,-1.48216,-0.737862
-0.0798433,-0.472932,-1.70259,-1.98757,838874897,-0.158735,-1.2819,-0.646197,-0.160233,-1.29043,-0.62537,-0.181846,-1.28664,-0.62537,-0.180185,-1.27813,-0.646196,-0.195206,-1.48969,-0.737862,-0.196942,-1.49959,-0.713722,-0.222132,-1.49517,-0.713722,-0.220207,-1.48531,-0.737862
0.181568,-0.472584,-1.61639,10.2301,838874902,-0.0478561,-1.292,-0.646196,-0.0485901,-1.30064,-0.62537,-0.0704149,-1.29836,-0.62537,-0.0695165,-1.28974,-0.646197,-0.066145,-1.50221,-0.737862,-0.0669959,-1.51222,-0.713722,-0.0924333,-1.50957,-0.713722,-0.0913919,-1.49958,-0.737862
0.251765,-0.472984,-1.59905,-14.6067,838874903,-0.0253895,-1.29127,-0.646197,-0.0259864,-1.29991,-0.62537,-0.0478773,-1.2984,-0.62537,-0.0471156,-1.28977,-0.646196,-0.0399229,-1.50174,-0.737862,-0.0406147,-1.51176,-0.713722,-0.0661293,-1.51,-0.713722,-0.0652463,-1.49999,-0.737862
-0.0620481,-0.490183,-1.73711,-2.22252,838875407,-0.202875,-1.27567,-0.671209,-0.204737,-1.28447,-0.65052,-0.226204,-1.27992,-0.65052,-0.224181,-1.27116,-0.671209,-0.24628,-1.48065,-0.766148,-0.248438,-1.49084,-0.742167,-0.273459,-1.48554,-0.742167,-0.271113,-1.47539,-0.766148
-0.0244935,-0.489786,-1.71994,-2.05918,838875408,-0.181155,-1.28027,-0.671209,-0.182855,-1.2891,-0.65052,-0.204322,-1.28455,-0.65052,-0.20246,-1.27576,-0.671209,-0.221032,-1.486,-0.766148,-0.223003,-1.49623,-0.742167,-0.248024,-1.49093,-0.742167,-0.245865,-1.48074,-0.766148
-0.000973545,-0.490188,-1.7026,-2.52776,838875409,-0.158735,-1.2819,-0.671209,-0.160289,-1.29075,-0.65052,-0.181902,-1.28696,-0.65052,-0.180185,-1.27813,-0.671209,-0.194955,-1.48826,-0.766148,-0.196756,-1.49852,-0.742167,-0.221946,-1.4941,-0.742167,-0.219956,-1.48388,-0.766148
0.215029,-0.507431,1.68452,50.412,838875755,-0.157618,1.28203,-0.696394,-0.158274,1.29132,-0.675848,-0.136385,1.29287,-0.675848,-0.135894,1.28357,-0.696394,-0.172277,1.48953,-0.794583,-0.173037,1.5003,-0.770768,-0.147525,1.5021,-0.770768,-0.146956,1.49132,-0.794583
0.196055,-0.507015,1.70168,36.7146,838875756,-0.179764,1.28047,-0.696394,-0.180585,1.28974,-0.675848,-0.158697,1.29129,-0.675848,-0.158041,1.282,-0.696394,-0.19802,1.48772,-0.794583,-0.198972,1.49847,-0.770768,-0.17346,1.50027,-0.770768,-0.1727,1.4895,-0.794583
0.30197,-0.524229,0.758018,42.0169,838876214,0.9313,0.896952,-0.721761,0.938564,0.903273,-0.701362,0.952682,0.886475,-0.701362,0.945312,0.880281,-0.721761,1.08704,1.03255,-0.823177,1.09546,1.03988,-0.799532,1.11191,1.0203,-0.799532,1.10337,1.01312,-0.823177
0.220418,-0.524221,-2.76715,-29.3782,838876372,-1.19933,-0.483251,-0.721761,-1.20843,-0.486391,-0.701362,-1.21523,-0.465527,-0.701362,-1.20607,-0.462545,-0.721761,-1.39452,-0.550632,-0.823177,-1.40507,-0.554271,-0.799532,-1.41299,-0.529953,-0.799532,-1.40238,-0.526497,-0.823176
0,-0.52472,-2.25876,0,838876401,-0.811437,-1.00478,-0.721761,-0.817875,-1.01194,-0.701362,-0.834191,-0.997267,-0.701362,-0.82763,-0.990219,-0.721761,-0.949492,-1.1583,-0.823177,-0.956954,-1.1666,-0.799532,-0.975971,-1.1495,-0.799532,-0.968366,-1.14133,-0.823177
0,-0.524668,-2.18973,0,838876405,-0.740276,-1.05846,-0.721761,-0.746198,-1.06605,-0.701362,-0.763499,-1.05256,-0.701362,-0.757446,-1.04507,-0.721761,-0.867276,-1.22125,-0.823176,-0.874141,-1.23005,-0.799532,-0.894305,-1.21431,-0.799532,-0.88729,-1.20563,-0.823177
0.269641,-0.541438,0.585448,43.9926,838876716,1.07144,0.723694,-0.747269,1.07993,0.728825,-0.727072,1.09093,0.709806,-0.727072,1.08234,0.704841,-0.747269,1.24712,0.82928,-0.851731,1.2569,0.835189,-0.828468,1.26965,0.813147,-0.828468,1.25976,0.807427,-0.851731
0.21233,-0.541411,0.758017,44.2043,838876726,0.9313,0.896953,-0.747269,0.938771,0.903481,-0.727072,0.952905,0.886664,-0.727072,0.945311,0.880281,-0.747269,1.08596,1.03146,-0.851731,1.09456,1.03898,-0.828468,1.11094,1.01949,-0.828468,1.1022,1.01214,-0.851731
0.232887,-0.610321,-3.06439,37.4423,838878915,-1.28689,-0.110743,-0.851239,-1.29798,-0.11114,-0.831665,-1.29877,-0.0891848,-0.831665,-1.28767,-0.0889793,-0.851239,-1.48516,-0.117829,-0.967656,-1.49793,-0.118286,-0.945111,-1.49884,-0.0928395,-0.945111,-1.48606,-0.0926028,-0.967656
0.654425,-0.610342,-2.68081,-49.5672,838878937,-1.15188,-0.58428,-0.851239,-1.16202,-0.588803,-0.831665,-1.17097,-0.568741,-0.831665,-1.16076,-0.564392,-0.851239,-1.33305,-0.665126,-0.967656,-1.34472,-0.670335,-0.945111,-1.3551,-0.647083,-0.94511,-1.34334,-0.642074,-0.967656
0.30734,-0.644172,-1.931,47.1245,838880004,-0.445206,-1.21373,-0.904837,-0.449768,-1.22453,-0.885485,-0.469869,-1.2156,-0.885484,-0.465109,-1.20488,-0.904837,-0.521346,-1.3933,-1.02681,-0.526565,-1.40566,-1.00467,-0.549721,-1.39537,-1.00467,-0.544276,-1.38311,-1.02681
0.565729,-0.678333,-0.603779,49.9856,838881104,1.07066,-0.724856,-0.959363,1.08046,-0.73223,-0.940349,1.06694,-0.749573,-0.940349,1.05726,-0.742028,-0.959363,1.2237,-0.840019,-1.08679,1.23491,-0.848454,-1.06504,1.21933,-0.868434,-1.06504,1.20826,-0.859803,-1.08679
0.864764,-0.695991,-1.94819,-2.08823,838881539,-0.4655,-1.20471,-0.987001,-0.470588,-1.21617,-0.968162,-0.490689,-1.20724,-0.968162,-0.485403,-1.19587,-0.987001,-0.542499,-1.37806,-1.11712,-0.54832,-1.39116,-1.09557,-0.571476,-1.38088,-1.09557,-0.565429,-1.36787,-1.11712
0.171248,-0.71253,1.45609,3.59273,838881886,0.136865,1.28573,-1.0151,0.138856,1.29847,-0.996316,0.160542,1.29466,-0.996316,0.158315,1.28197,-1.0151,0.166244,1.47137,-1.14775,0.168505,1.48583,-1.12642,0.193329,1.48147,-1.12642,0.1908,1.46706,-1.14775
-0.0241477,-0.713101,1.50794,-4.04847,838881889,0.0699412,1.2897,-1.0151,0.0712772,1.30251,-0.996316,0.0931759,1.30023,-0.996316,0.0916016,1.28744,-1.0151,0.0894261,1.4766,-1.14775,0.0909432,1.49116,-1.12642,0.116011,1.48854,-1.12642,0.114223,1.47402,-1.14775
-0.0641323,-0.712578,1.52512,-4.08625,838881890,0.047853,1.292,-1.0151,0.0489507,1.30484,-0.996316,0.0708494,1.30256,-0.996316,0.0695134,1.28974,-1.0151,0.0642014,1.47923,-1.14775,0.0654479,1.49381,-1.12642,0.0905154,1.4912,-1.12642,0.0889983,1.47665,-1.14775
-0.0100563,-0.713134,1.54246,-4.04022,838881891,0.0253925,1.29127,-1.0151,0.0262802,1.30412,-0.996316,0.0482453,1.30261,-0.996316,0.0471186,1.28977,-1.0151,0.0383377,1.47874,-1.14775,0.0393457,1.49334,-1.12642,0.0644892,1.4916,-1.12642,0.0632098,1.47702,-1.14775
0.000991243,-0.712616,1.55964,-3.09928,838881892,0.00323735,1.2928,-1.0151,0.00388594,1.30567,-0.996316,0.025851,1.30415,-0.996316,0.0249634,1.2913,-1.0151,0.0130365,1.48049,-1.14775,0.013773,1.4951,-1.12642,0.0389165,1.49337,-1.12642,0.0379086,1.47877,-1.14775
0.189288,-0.712578,-1.61647,48.8871,838882070,-0.047853,-1.292,-1.0151,-0.0489507,-1.30484,-0.996316,-0.0708494,-1.30256,-0.996316,-0.0695134,-1.28974,-1.0151,-0.0642014,-1.47923,-1.14775,-0.0654479,-1.49381,-1.12642,-0.0905154,-1.4912,-1.12642,-0.0889983,-1.47665,-1.14775
0.294326,-0.730226,1.02082,48.7516,838882373,0.665543,1.10705,-1.04345,0.67288,1.11794,-1.02484,0.691143,1.10564,-1.02484,0.683607,1.09488,-1.04345,0.769509,1.26143,-1.1786,0.777841,1.2738,-1.15747,0.798746,1.25972,-1.15747,0.790189,1.2475,-1.1786
0.0230342,-0.72971,1.4906,-2.73533,838882400,0.0924135,1.28964,-1.04345,0.0939937,1.30269,-1.02484,0.115799,1.29964,-1.02484,0.113982,1.28663,-1.04345,0.115043,1.47442,-1.1786,0.116837,1.48923,-1.15747,0.141798,1.48574,-1.15747,0.139735,1.47097,-1.1786
0.0276126,-0.730271,1.50794,-3.1514,838882401,0.0699412,1.2897,-1.04345,0.0713032,1.30276,-1.02484,0.0932019,1.30048,-1.02484,0.0916017,1.28744,-1.04345,0.0892402,1.47482,-1.1786,0.0907868,1.48966,-1.15747,0.115854,1.48704,-1.15747,0.114037,1.47223,-1.1786
0.0243281,-0.729739,1.52512,-2.85107,838882402,0.047853,1.292,-1.04345,0.0489766,1.30509,-1.02484,0.0708753,1.30281,-1.02484,0.0695134,1.28974,-1.04345,0.0640154,1.47745,-1.1786,0.0652914,1.49231,-1.15747,0.0903589,1.4897,-1.15747,0.0888124,1.47486,-1.1786
0.0372689,-0.730304,1.54246,80.2982,838882403,0.0253925,1.29127,-1.04345,0.0262974,1.30437,-1.02484,0.0482625,1.30286,-1.02484,0.0471186,1.28977,-1.04345,0.0382141,1.47695,-1.1786,0.0392417,1.49183,-1.15747,0.0643853,1.4901,-1.15747,0.0630862,1.47523,-1.1786
0.163874,-0.729777,1.55964,-0.0829883,838882404,0.00323734,1.2928,-1.04345,0.0039032,1.30592,-1.02484,0.0258683,1.3044,-1.02484,0.0249634,1.2913,-1.04345,0.0129129,1.4787,-1.1786,0.0136691,1.4936,-1.15747,0.0388126,1.49186,-1.15747,0.037785,1.47698,-1.1786
0.272739,-0.729679,2.81784,37.8119,838882476,-1.22937,0.400717,-1.04345,-1.24164,0.405406,-1.02484,-1.23341,0.425827,-1.02484,-1.22122,0.420915,-1.04345,-1.40317,0.467384,-1.1786,-1.41711,0.472709,-1.15747,-1.40768,0.496084,-1.15747,-1.39385,0.490507,-1.1786
0.751372,-0.73023,2.83517,49.46,838882477,-1.23486,0.378925,-1.04345,-1.2472,0.383408,-1.02484,-1.23969,0.404104,-1.02484,-1.22742,0.399396,-1.04345,-1.40981,0.442445,-1.1786,-1.42383,0.447536,-1.15747,-1.41523,0.471226,-1.15747,-1.4013,0.46588,-1.1786
-0.0155293,-0.74685,1.4906,89.8948,838882912,0.0924136,1.28964,-1.07207,0.0940279,1.30293,-1.05364,0.115834,1.29989,-1.05364,0.113982,1.28663,-1.07207,0.11479,1.47261,-1.20971,0.116624,1.4877,-1.18877,0.141585,1.48421,-1.18877,0.139482,1.46916,-1.20971
0.00610496,-0.74742,1.50794,-2.98469,838882913,0.0699413,1.2897,-1.07207,0.0713288,1.30301,-1.05364,0.0932276,1.30073,-1.05364,0.0916017,1.28744,-1.07207,0.0890508,1.473,-1.20971,0.0906265,1.48812,-1.18877,0.115694,1.48551,-1.18877,0.113848,1.47042,-1.20971
0.0678187,-0.74688,1.52511,-1.04696,838882914,0.047853,1.292,-1.07207,0.0490023,1.30534,-1.05364,0.070901,1.30305,-1.05364,0.0695135,1.28974,-1.07207,0.063826,1.47563,-1.20971,0.0651312,1.49078,-1.18877,0.0901987,1.48816,-1.18877,0.088623,1.47305,-1.20971
0.00417412,-0.747454,1.54245,-2.60206,838882915,0.0253926,1.29127,-1.07207,0.0263144,1.30462,-1.05364,0.0482795,1.3031,-1.05364,0.0471186,1.28977,-1.07207,0.0380884,1.47513,-1.20971,0.0391352,1.49029,-1.18877,0.0642787,1.48855,-1.18877,0.0629604,1.47341,-1.20971
1.39416,-0.746918,1.55963,0.982598,838882916,0.0032374,1.2928,-1.07207,0.00392022,1.30617,-1.05364,0.0258853,1.30465,-1.05364,0.0249635,1.2913,-1.07207,0.0127872,1.47688,-1.20971,0.0135626,1.49206,-1.18878,0.0387061,1.49032,-1.18877,0.0376593,1.47516,-1.20971
0.103177,-0.763971,1.49059,-9.02525,838883424,0.0924136,1.28964,-1.10098,0.0940619,1.30318,-1.08273,0.115868,1.30013,-1.08273,0.113982,1.28663,-1.10098,0.114533,1.47077,-1.24107,0.116405,1.48613,-1.22034,0.141366,1.48264,-1.22034,0.139224,1.46732,-1.24107
0.78253,-0.76455,1.50793,0.952798,838883425,0.0699413,1.2897,-1.10098,0.0713543,1.30325,-1.08273,0.0932531,1.30097,-1.08273,0.0916017,1.28744,-1.10098,0.0888579,1.47115,-1.24107,0.0904626,1.48655,-1.22034,0.11553,1.48393,-1.22034,0.113655,1.46857,-1.24107
0.056455,-0.764001,1.52511,-2.78368,838883426,0.047853,1.292,-1.10098,0.0490278,1.30558,-1.08273,0.0709265,1.3033,-1.08273,0.0695134,1.28974,-1.10098,0.0636332,1.47378,-1.24107,0.0649673,1.4892,-1.22034,0.0900348,1.48659,-1.22034,0.0884301,1.4712,-1.24107
-0.0201114,-0.764584,1.54245,-3.40185,838883427,0.0253925,1.29127,-1.10098,0.0263314,1.30486,-1.08273,0.0482965,1.30335,-1.08273,0.0471186,1.28977,-1.10098,0.0379602,1.47327,-1.24107,0.0390264,1.48871,-1.22034,0.0641699,1.48698,-1.22034,0.0628323,1.47156,-1.24107
-0.0363239,-0.76404,1.55963,-2.75499,838883428,0.00323735,1.2928,-1.10098,0.00393719,1.30641,-1.08273,0.0259023,1.30489,-1.08273,0.0249634,1.2913,-1.10098,0.012659,1.47502,-1.24107,0.0134537,1.49048,-1.22034,0.0385973,1.48874,-1.22034,0.0375311,1.4733,-1.24107
0.191569,-0.763971,-2.00007,38.6085,838883584,-0.527925,-1.18026,-1.10098,-0.534102,-1.19241,-1.08273,-0.55355,-1.18209,-1.08273,-0.547162,-1.17005,-1.10098,-0.610657,-1.34289,-1.24107,-0.617672,-1.35669,-1.22034,-0.639934,-1.34488,-1.22034,-0.63268,-1.33121,-1.24107
0.566607,-0.78172,-0.164455,-51.6504,838883841,1.27588,-0.200338,-1.13017,1.28945,-0.203213,-1.11211,1.28489,-0.224752,-1.11211,1.27137,-0.221643,-1.13017,1.45251,-0.237763,-1.2727,1.46792,-0.241029,-1.25218,1.4627,-0.265685,-1.25218,1.44734,-0.262153,-1.2727
0.423611,-0.781649,-0.0954204,-51.4555,838883845,1.28679,-0.111869,-1.13017,1.30053,-0.11379,-1.11211,1.29748,-0.135595,-1.11211,1.28378,-0.133437,-1.13017,1.4656,-0.136873,-1.2727,1.4812,-0.139055,-1.25218,1.47771,-0.164015,-1.25218,1.46215,-0.161564,-1.2727
0.759511,-0.781637,1.47341,2.22837,838883935,0.114408,1.28657,-1.13017,0.116327,1.30031,-1.11211,0.138133,1.29726,-1.11211,0.135976,1.28356,-1.13017,0.139389,1.46538,-1.2727,0.141568,1.48098,-1.25218,0.166529,1.4775,-1.25218,0.16408,1.46193,-1.2727
-0.0226444,-0.781075,1.49059,-2.59309,838883936,0.0924135,1.28964,-1.13017,0.0940956,1.30342,-1.11211,0.115901,1.30037,-1.11211,0.113982,1.28663,-1.13017,0.114271,1.46889,-1.2727,0.116181,1.48453,-1.25218,0.141142,1.48104,-1.25218,0.138963,1.46544,-1.2727
0.040223,-0.781662,1.50793,-2.13284,838883937,0.0699413,1.2897,-1.13017,0.0713796,1.30349,-1.11211,0.0932783,1.30121,-1.11211,0.0916017,1.28744,-1.13017,0.0886617,1.46927,-1.2727,0.090295,1.48494,-1.25218,0.115363,1.48233,-1.25218,0.113459,1.46669,-1.2727
0.0501298,-0.781105,1.5251,-1.56046,838883938,0.047853,1.292,-1.13017,0.049053,1.30582,-1.11211,0.0709517,1.30354,-1.11211,0.0695135,1.28974,-1.13017,0.063437,1.4719,-1.2727,0.0647997,1.4876,-1.25218,0.0898672,1.48498,-1.25218,0.0882339,1.46932,-1.2727
-0.00756754,-0.781698,1.54245,-2.64989,838883939,0.0253926,1.29127,-1.13017,0.0263481,1.30511,-1.11211,0.0483132,1.30359,-1.11211,0.0471186,1.28977,-1.13017,0.0378299,1.47139,-1.2727,0.038915,1.4871,-1.25218,0.0640585,1.48537,-1.25218,0.0627019,1.46967,-1.2727
0.0117218,-0.781145,1.55962,-1.24526,838883940,0.00323736,1.2928,-1.13017,0.00395394,1.30665,-1.11211,0.025919,1.30514,-1.11211,0.0249634,1.2913,-1.13017,0.0125286,1.47313,-1.2727,0.0133424,1.48887,-1.25218,0.0384859,1.48713,-1.25218,0.0374007,1.47142,-1.2727
0.306539,-0.803979,-0.164467,-45.2899,838884353,1.27588,-0.200339,-1.16882,1.28984,-0.203297,-1.15074,1.28528,-0.224859,-1.15074,1.27137,-0.221644,-1.16882,1.45072,-0.237386,-1.31362,1.46646,-0.24072,-1.29324,1.46126,-0.265238,-1.29324,1.44559,-0.261614,-1.31362
0.593523,-0.803288,-3.1163,47.0548,838884544,-1.29228,-0.0439183,-1.16882,-1.30655,-0.0436933,-1.15074,-1.3058,-0.0216661,-1.15074,-1.29154,-0.0221532,-1.16882,-1.471,-0.0408055,-1.31362,-1.48709,-0.0405519,-1.29324,-1.48623,-0.0155039,-1.29324,-1.47015,-0.016053,-1.31362
0.15451,-0.80387,-0.690022,44.7927,838884683,1.00333,-0.813535,-1.16882,1.01394,-0.823076,-1.15074,0.999203,-0.839466,-1.15074,0.988765,-0.82973,-1.16882,1.13623,-0.93302,-1.31362,1.14819,-0.943775,-1.29324,1.13144,-0.962413,-1.29324,1.11967,-0.951438,-1.31362
0.226054,-0.821074,-0.690025,34.6508,838885195,1.00333,-0.813535,-1.19895,1.01411,-0.823229,-1.18106,0.999373,-0.839619,-1.18106,0.988765,-0.82973,-1.19895,1.13485,-0.93178,-1.34602,1.14701,-0.942707,-1.32584,1.13025,-0.961345,-1.32584,1.11829,-0.950198,-1.34602
0.401774,-0.871999,1.28347,30.251,838886484,0.355587,1.24309,-1.2913,0.36052,1.25744,-1.27397,0.381236,1.24992,-1.27397,0.376057,1.23566,-1.2913,0.411201,1.40496,-1.445,0.416762,1.42114,-1.42546,0.440319,1.41258,-1.42546,0.43448,1.39651,-1.445
0.289811,-0.871983,-2.69823,48.7258,838886616,-1.16307,-0.564791,-1.2913,-1.17703,-0.570729,-1.27397,-1.18531,-0.5503,-1.27397,-1.17125,-0.544605,-1.2913,-1.32057,-0.631798,-1.445,-1.33631,-0.638492,-1.42546,-1.34571,-0.615262,-1.42546,-1.32986,-0.608842,-1.445
0.370511,-0.889116,2.74876,-48.3213,838887080,-1.1988,0.484549,-1.32289,-1.2128,0.491052,-1.30571,-1.20315,0.510885,-1.30571,-1.18927,0.50413,-1.32289,-1.35224,0.556111,-1.47862,-1.36791,0.563388,-1.45939,-1.357,0.58579,-1.45939,-1.34148,0.578231,-1.47862
0.197427,-0.889108,3.13234,50.8169,838887102,-1.29304,0.000696903,-1.32289,-1.30845,0.00148191,-1.30571,-1.30693,0.023488,-1.30571,-1.29153,0.0224228,-1.32289,-1.46211,0.00956326,-1.47862,-1.47936,0.0104417,-1.45939,-1.47764,0.0352984,-1.45939,-1.46041,0.0341064,-1.47862
0.528625,-0.923414,0.443353,-49.0482,838887972,1.16307,0.564792,-1.38705,1.17765,0.570997,-1.37024,1.18593,0.550552,-1.37024,1.17125,0.544607,-1.38705,1.31543,0.629542,-1.54677,1.33174,0.636486,-1.52795,1.3411,0.613392,-1.52795,1.32467,0.606739,-1.54677
0.315751,-0.940479,1.77058,-48.3788,838888560,-0.267654,1.26502,-1.41968,-0.270177,1.28086,-1.40306,-0.248335,1.28395,-1.40306,-0.246091,1.26807,-1.41968,-0.293345,1.42663,-1.58135,-0.296167,1.44435,-1.56275,-0.271496,1.44784,-1.56275,-0.268985,1.43007,-1.58135
0.464697,-0.941148,2.86963,47.3482,838888623,-1.24716,0.336083,-1.41968,-1.26242,0.341026,-1.40306,-1.25562,0.362011,-1.40306,-1.24045,0.3568,-1.41968,-1.4028,0.386514,-1.58135,-1.41988,0.392046,-1.56275,-1.4122,0.415748,-1.56275,-1.39522,0.409918,-1.58135
0.104515,-0.940516,-2.00011,-39.9913,838888704,-0.527923,-1.18026,-1.41968,-0.535192,-1.19456,-1.40306,-0.554678,-1.18422,-1.40306,-0.54716,-1.17005,-1.41968,-0.60212,-1.32611,-1.58135,-0.610255,-1.34211,-1.56275,-0.632264,-1.33043,-1.56275,-0.623852,-1.31458,-1.58135
0.247564,-0.958268,2.90415,46.987,838889137,-1.25796,0.292834,-1.45268,-1.27357,0.297296,-1.43625,-1.26751,0.318505,-1.43625,-1.25197,0.313774,-1.45268,-1.41341,0.337266,-1.6163,-1.43087,0.342259,-1.59791,-1.42403,0.366215,-1.59791,-1.40664,0.36092,-1.6163
0.136194,-0.9576,-2.00012,-45.7553,838889216,-0.527923,-1.18026,-1.45268,-0.535285,-1.19474,-1.43625,-0.55477,-1.1844,-1.43625,-0.54716,-1.17005,-1.45268,-0.601212,-1.3244,-1.6163,-0.60945,-1.34059,-1.59791,-0.631459,-1.32891,-1.59791,-0.622943,-1.31287,-1.6163
0.778099,-0.957635,-0.220271,-51.1821,838889318,1.26406,-0.271477,-1.45268,1.27975,-0.275669,-1.43625,1.27369,-0.296878,-1.43625,1.25808,-0.292417,-1.45268,1.42029,-0.313194,-1.6163,1.43784,-0.317884,-1.59791,1.43099,-0.341841,-1.59791,1.41352,-0.336848,-1.6163
0.316095,-0.974763,-0.220273,-49.8526,838889830,1.26406,-0.271476,-1.48631,1.28004,-0.275733,-1.46997,1.27398,-0.29696,-1.46997,1.25808,-0.292416,-1.48631,1.41847,-0.312845,-1.65172,1.43622,-0.317573,-1.63357,1.42942,-0.341389,-1.63357,1.41176,-0.336342,-1.65172
0.765672,-0.991897,0.934379,47.6328,838890048,0.759303,1.04651,-1.52031,0.769811,1.05951,-1.50416,0.786732,1.04533,-1.50416,0.775995,1.03252,-1.52031,0.85873,1.1693,-1.68749,0.870402,1.18375,-1.66955,0.889387,1.16784,-1.66955,0.877461,1.15361,-1.68749
0.330096,-0.991855,1.10695,48.7154,838890058,0.568355,1.16139,-1.52031,0.576442,1.17602,-1.50416,0.59557,1.16499,-1.50416,0.587224,1.15051,-1.52031,0.64493,1.29959,-1.68749,0.653914,1.31584,-1.66955,0.675375,1.30348,-1.66955,0.666104,1.28739,-1.68749
0.374257,-1.00897,0.723369,21.196,838890548,0.961712,0.864307,-1.55471,0.974834,0.874954,-1.53874,0.988439,0.857568,-1.53874,0.975133,0.847156,-1.55471,1.08301,0.962602,-1.72364,1.09758,0.974428,-1.70591,1.11285,0.954921,-1.70591,1.09807,0.943356,-1.72364
0.542294,-1.00902,0.934374,35.3084,838890560,0.759304,1.04651,-1.55471,0.769926,1.05965,-1.53874,0.786847,1.04547,-1.53874,0.775995,1.03252,-1.55471,0.857525,1.16786,-1.72364,0.869325,1.18246,-1.70591,0.88831,1.16655,-1.70591,0.876256,1.15217,-1.72364
0.107412,-1.0432,-0.254806,-31.3402,838891876,1.25401,-0.314951,-1.62476,1.27051,-0.319983,-1.60917,1.2637,-0.340985,-1.60917,1.24729,-0.335668,-1.62476,1.3997,-0.359362,-1.79714,1.41803,-0.364952,-1.77982,1.41039,-0.388515,-1.77982,1.39217,-0.38261,-1.79714
0.243635,-1.06099,-2.43542,39.5379,838892263,-0.975403,-0.846811,-1.66072,-0.989227,-0.857628,-1.64521,-1.00284,-0.840229,-1.64521,-0.988824,-0.82966,-1.66072,-1.09392,-0.939549,-1.83468,-1.10916,-0.951477,-1.81758,-1.12433,-0.932084,-1.81758,-1.10888,-0.920429,-1.83468
0.237871,-1.06038,-2.31469,50.1761,838892270,-0.867136,-0.958973,-1.66072,-0.879533,-0.971404,-1.64521,-0.894894,-0.955524,-1.64521,-0.882278,-0.943321,-1.66072,-0.973559,-1.0654,-1.83468,-0.987229,-1.0791,-1.81758,-1.00435,-1.0614,-1.81758,-0.990438,-1.04795,-1.83468
0.105767,-1.06099,-0.306507,40.2029,838892385,1.23485,-0.37893,-1.66072,1.25135,-0.38492,-1.64521,1.24381,-0.405686,-1.64521,1.22742,-0.3994,-1.66072,1.3763,-0.430286,-1.83468,1.3945,-0.436892,-1.81758,1.38609,-0.460038,-1.81758,1.36802,-0.453106,-1.83468
0.0950705,-1.06042,-0.185773,-14.4042,838892392,1.2726,-0.227676,-1.66072,1.28971,-0.231602,-1.64521,1.28438,-0.253043,-1.64521,1.26735,-0.248811,-1.66072,1.41924,-0.261528,-1.83468,1.43811,-0.265857,-1.81758,1.43218,-0.289756,-1.81758,1.41339,-0.285089,-1.83468
0.303075,-1.0776,-2.28017,-49.8762,838892784,-0.833471,-0.988263,-1.6971,-0.845538,-1.00123,-1.68178,-0.861444,-0.985901,-1.68178,-0.84915,-0.973148,-1.6971,-0.934848,-1.09703,-1.87262,-0.948154,-1.11133,-1.85572,-0.965883,-1.09424,-1.85572,-0.952326,-1.08018,-1.87262
0.189502,-1.07748,-2.1382,42.744,838892792,-0.685356,-1.09645,-1.6971,-0.695502,-1.11097,-1.68178,-0.713385,-1.098,-1.68178,-0.702983,-1.08366,-1.6971,-0.770628,-1.21825,-1.87262,-0.781816,-1.23427,-1.85572,-0.801749,-1.21981,-1.85572,-0.790279,-1.20399,-1.87262
0.237135,-1.07827,-1.59923,-38.5395,838892823,-0.025397,-1.29127,-1.6971,-0.0266172,-1.30894,-1.68178,-0.0486576,-1.30742,-1.68178,-0.0471231,-1.28977,-1.6971,-0.0356379,-1.43958,-1.87262,-0.0369834,-1.45906,-1.85572,-0.0615501,-1.45737,-1.85572,-0.0598579,-1.4379,-1.87262
0.598949,-1.07822,-0.586545,-51.7062,838892881,1.08194,-0.705423,-1.6971,1.09628,-0.715823,-1.68178,1.08331,-0.733707,-1.68178,1.06915,-0.723053,-1.6971,1.20228,-0.792703,-1.87262,1.21809,-0.804171,-1.85572,1.20364,-0.824105,-1.85572,1.18803,-0.812356,-1.87262
0.146313,-1.07757,-0.496422,14.6389,838892886,1.14218,-0.605789,-1.6971,1.15737,-0.614899,-1.68178,1.14568,-0.633642,-1.68178,1.13065,-0.624265,-1.6971,1.26962,-0.682367,-1.87262,1.28638,-0.692413,-1.85572,1.27334,-0.713304,-1.85572,1.25677,-0.702964,-1.87262
0.0977171,-1.07755,-0.220296,-15.3749,838892902,1.26406,-0.271475,-1.6971,1.28118,-0.27604,-1.68178,1.27511,-0.297283,-1.68178,1.25808,-0.292414,-1.6971,1.40769,-0.309928,-1.87262,1.42656,-0.314962,-1.85572,1.4198,-0.338639,-1.85572,1.40102,-0.33327,-1.87262
0.152362,-1.09462,-0.323847,17.9179,838893408,1.22937,-0.400713,-1.73393,1.24606,-0.407103,-1.71879,1.2378,-0.427594,-1.71879,1.22123,-0.420911,-1.73393,1.36648,-0.453291,-1.91098,1.38489,-0.460338,-1.89429,1.37568,-0.483177,-1.89429,1.3574,-0.475808,-1.91098
0.297363,-1.09463,-0.289332,-3.73959,838893410,1.24244,-0.358047,-1.73393,1.25934,-0.36385,-1.71879,1.2518,-0.384616,-1.71879,1.235,-0.378517,-1.73393,1.3813,-0.405804,-1.91098,1.39994,-0.412203,-1.89429,1.39154,-0.43535,-1.89429,1.37301,-0.428624,-1.91098
0.208383,-1.09534,-0.271998,-2.5112,838893411,1.24716,-0.336085,-1.73393,1.26416,-0.341594,-1.71879,1.25735,-0.362611,-1.71879,1.24045,-0.356802,-1.73393,1.38683,-0.381342,-1.91098,1.40558,-0.387416,-1.89429,1.39799,-0.410843,-1.89429,1.37935,-0.404437,-1.91098
0.421387,-1.1118,-0.112846,-12.8218,838893572,1.28595,-0.134321,-1.77121,1.30377,-0.13713,-1.75626,1.29994,-0.15889,-1.75626,1.28219,-0.155771,-1.77121,1.42917,-0.156938,-1.94979,1.44881,-0.160035,-1.9333,1.44455,-0.184289,-1.9333,1.42497,-0.18085,-1.94979
0.134389,-1.11249,-0.0955079,-11.7938,838893573,1.28679,-0.111873,-1.77121,1.30465,-0.11437,-1.75626,1.30159,-0.13625,-1.75626,1.28378,-0.133441,-1.77121,1.43037,-0.13195,-1.94979,1.45006,-0.134704,-1.9333,1.44665,-0.159092,-1.9333,1.427,-0.155994,-1.94979
0.136619,-1.11253,0.568107,33.2738,838893611,1.08256,0.704467,-1.77121,1.09817,0.713491,-1.75626,1.10923,0.694366,-1.75626,1.09346,0.685614,-1.77121,1.20806,0.777035,-1.94979,1.22527,0.786987,-1.9333,1.2376,0.765669,-1.9333,1.22021,0.756018,-1.94979
0.125581,-1.1118,-2.55631,85.3867,838893792,-1.07144,-0.723699,-1.77121,-1.08689,-0.732997,-1.75626,-1.09795,-0.713871,-1.75626,-1.08234,-0.704846,-1.77121,-1.19569,-0.798432,-1.94979,-1.21272,-0.808685,-1.9333,-1.22505,-0.787367,-1.9333,-1.20784,-0.777415,-1.94979
0.213126,-1.1125,-0.935616,39.9117,838893885,0.77542,-1.03293,-1.77121,0.785514,-1.04786,-1.75626,0.767209,-1.06023,-1.75626,0.757375,-1.04512,-1.77121,0.856588,-1.15304,-1.94979,0.867719,-1.16952,-1.9333,0.847316,-1.1833,-1.9333,0.836472,-1.16664,-1.94979
0.130947,-1.11176,-0.638401,2.77362,838893902,1.04505,-0.761392,-1.77121,1.05907,-0.772728,-1.75626,1.04488,-0.789664,-1.75626,1.03106,-0.778086,-1.77121,1.15778,-0.852573,-1.94979,1.17325,-0.865074,-1.9333,1.15743,-0.88395,-1.9333,1.14219,-0.871183,-1.94979
-0.168118,-1.11174,-0.358365,-2.19721,838893918,1.21482,-0.442897,-1.77121,1.23142,-0.44993,-1.75626,1.22245,-0.470119,-1.75626,1.20597,-0.462799,-1.77121,1.34831,-0.499479,-1.94979,1.36662,-0.507235,-1.9333,1.35662,-0.529738,-1.9333,1.33846,-0.521665,-1.94979
0.415482,-1.11174,-0.323851,0.844118,838893920,1.22937,-0.400713,-1.77121,1.24621,-0.407162,-1.75626,1.23795,-0.427652,-1.75626,1.22123,-0.420911,-1.77121,1.36476,-0.452598,-1.94979,1.38333,-0.459709,-1.9333,1.37412,-0.482548,-1.9333,1.35568,-0.475115,-1.94979
0.659628,-1.11245,-0.306515,1.44659,838893921,1.23485,-0.37893,-1.77121,1.2518,-0.385082,-1.75626,1.24426,-0.405849,-1.75626,1.22742,-0.3994,-1.77121,1.37112,-0.428404,-1.94979,1.38981,-0.435189,-1.9333,1.3814,-0.458336,-1.9333,1.36284,-0.451224,-1.94979
1.53657,-1.11176,-0.289336,0.834583,838893922,1.24244,-0.358047,-1.77121,1.25949,-0.363903,-1.75626,1.25195,-0.38467,-1.75626,1.235,-0.378517,-1.77121,1.37956,-0.405172,-1.94979,1.39836,-0.41163,-1.9333,1.38996,-0.434777,-1.9333,1.37127,-0.427992,-1.94979
0.115979,-1.11247,-0.272,-12.6353,838893923,1.24716,-0.336085,-1.77121,1.26431,-0.341642,-1.75626,1.2575,-0.362659,-1.75626,1.24045,-0.356802,-1.77121,1.38507,-0.38077,-1.94979,1.40398,-0.386898,-1.9333,1.39639,-0.410324,-1.9333,1.37759,-0.403866,-1.94979
0.184355,-1.12956,-0.0264804,-5.58472,838894089,1.2915,-0.0228586,-1.80898,1.30964,-0.0241136,-1.79421,1.30812,-0.0461538,-1.79421,1.29,-0.0445844,-1.80898,1.43426,-0.032735,-1.98905,1.45427,-0.034119,-1.97277,1.45257,-0.0586854,-1.97277,1.43259,-0.0569548,-1.98905
0.303577,-1.12885,-0.323854,36.9891,838894432,1.22937,-0.400713,-1.80898,1.24635,-0.40722,-1.79421,1.23809,-0.42771,-1.79421,1.22123,-0.420911,-1.80898,1.36302,-0.451899,-1.98905,1.38175,-0.459074,-1.97277,1.37255,-0.481913,-1.97277,1.35395,-0.474416,-1.98905
0.344873,-1.12956,-0.306518,-7.72733,838894433,1.23485,-0.37893,-1.80898,1.25195,-0.385135,-1.79421,1.24441,-0.405902,-1.79421,1.22742,-0.3994,-1.80898,1.36936,-0.427766,-1.98905,1.38821,-0.43461,-1.97277,1.37981,-0.457756,-1.97277,1.36108,-0.450586,-1.98905
0.247489,-1.12886,-0.289339,-0.22769,838894434,1.24244,-0.358047,-1.80898,1.25964,-0.363956,-1.79421,1.2521,-0.384723,-1.79421,1.235,-0.378517,-1.80898,1.3778,-0.404533,-1.98905,1.39677,-0.41105,-1.97277,1.38836,-0.434197,-1.97277,1.36951,-0.427354,-1.98905
0.151363,-1.12958,-0.272003,-26.3056,838894435,1.24716,-0.336085,-1.80898,1.26446,-0.34169,-1.79421,1.25765,-0.362707,-1.79421,1.24045,-0.356802,-1.80898,1.38329,-0.380194,-1.98905,1.40237,-0.386375,-1.97277,1.39478,-0.409801,-1.97277,1.37581,-0.40329,-1.98905
0.369439,-1.15136,1.55954,31.1317,838894692,0.00323192,1.2928,-1.8594,0.00417802,1.3113,-1.84468,0.026234,1.30978,-1.84468,0.024958,1.2913,-1.8594,0.01063,1.43396,-2.04086,0.011666,1.45422,-2.02474,0.0360917,1.45254,-2.02474,0.0346944,1.4323,-2.04086
0.178084,-1.15195,-0.375556,-34.8178,838894941,1.2058,-0.463201,-1.8594,1.22272,-0.470723,-1.84468,1.21375,-0.490927,-1.84468,1.19695,-0.483102,-1.8594,1.33496,-0.520593,-2.04086,1.3535,-0.52883,-2.02474,1.34355,-0.551204,-2.02474,1.32516,-0.542637,-2.04086
0.189698,-1.15195,-0.306527,-30.0869,838894945,1.23485,-0.378931,-1.8594,1.25227,-0.385253,-1.84468,1.24472,-0.406034,-1.84468,1.22742,-0.399401,-1.8594,1.36771,-0.427166,-2.04086,1.38677,-0.434089,-2.02474,1.37842,-0.457103,-2.02474,1.35948,-0.44984,-2.04086
0.119084,-1.15124,-0.289343,-3.47237,838894946,1.24244,-0.358046,-1.8594,1.25996,-0.364057,-1.84468,1.25242,-0.384838,-1.84468,1.235,-0.378516,-1.8594,1.37609,-0.404078,-2.04086,1.39528,-0.41066,-2.02474,1.38692,-0.433674,-2.02474,1.36786,-0.426752,-2.04086
0.0961345,-1.15131,-0.22031,7.63422,838894950,1.26406,-0.271474,-1.8594,1.28197,-0.276247,-1.84468,1.27589,-0.297504,-1.84468,1.25808,-0.292413,-1.8594,1.4006,-0.308064,-2.04086,1.42021,-0.313291,-2.02474,1.41348,-0.336832,-2.02474,1.39398,-0.331257,-2.04086
0.299148,-1.16851,1.21047,51.5225,838895184,0.4452,1.21373,-1.89852,0.452476,1.23092,-1.88398,0.472681,1.22195,-1.88398,0.465103,1.20489,-1.89852,0.499713,1.34223,-2.08135,0.50768,1.36106,-2.06543,0.530056,1.35112,-2.06543,0.521758,1.33244,-2.08135
0.287371,-1.16838,2.81773,-42.9768,838895276,-1.22937,0.400712,-1.89852,-1.24681,0.407385,-1.88398,-1.23854,0.42789,-1.88398,-1.22123,0.42091,-1.89852,-1.35969,0.450721,-2.08135,-1.37878,0.458028,-2.06543,-1.36963,0.480736,-2.06543,-1.35067,0.473093,-2.08135
0.175413,-1.16913,-0.62108,14.8255,838895439,1.057,-0.74237,-1.89852,1.07172,-0.753851,-1.88398,1.05812,-0.771284,-1.88398,1.0436,-0.759543,-1.89852,1.16705,-0.828205,-2.08135,1.18316,-0.840777,-2.06543,1.16811,-0.860083,-2.06543,1.15221,-0.847226,-2.08135
0.355526,-1.16843,-0.603896,-1.18042,838895440,1.07066,-0.72485,-1.89852,1.08558,-0.73607,-1.88398,1.07199,-0.753503,-1.88398,1.05727,-0.742023,-1.89852,1.18215,-0.808837,-2.08135,1.19849,-0.821123,-2.06543,1.18344,-0.840429,-2.06543,1.16732,-0.827857,-2.08135
0.213912,-1.16851,-0.53486,7.56772,838895444,1.11798,-0.649198,-1.89852,1.13365,-0.659349,-1.88398,1.1213,-0.677688,-1.88398,1.10582,-0.667263,-1.89852,1.23506,-0.725197,-2.08135,1.25222,-0.736312,-2.06543,1.23855,-0.756622,-2.06543,1.22159,-0.745206,-2.08135
0.130943,-1.16924,-0.513624,6.09114,838895445,1.13042,-0.624639,-1.89852,1.14625,-0.634521,-1.88398,1.13455,-0.653277,-1.88398,1.11889,-0.643114,-1.89852,1.24882,-0.698522,-2.08135,1.26616,-0.709343,-2.06543,1.2532,-0.730114,-2.06543,1.23605,-0.718986,-2.08135
0.165461,-1.16911,-0.375558,-9.87965,838895453,1.2058,-0.463201,-1.89852,1.22286,-0.470781,-1.88398,1.21388,-0.490985,-1.88398,1.19695,-0.483102,-1.89852,1.33334,-0.519873,-2.08135,1.35202,-0.528173,-2.06543,1.34208,-0.550547,-2.06543,1.32354,-0.541916,-2.08135
0.528251,-1.1691,-0.341044,-5.82955,838895455,1.22106,-0.421319,-1.89852,1.23837,-0.428299,-1.88398,1.23011,-0.448804,-1.88398,1.21292,-0.441518,-1.89852,1.3505,-0.473502,-2.08135,1.36946,-0.481145,-2.06543,1.36031,-0.503853,-2.06543,1.34148,-0.495874,-2.08135
0.209978,-1.16838,-0.323861,8.53271,838895456,1.22937,-0.400712,-1.89852,1.24681,-0.407385,-1.88398,1.23854,-0.42789,-1.88398,1.22123,-0.42091,-1.89852,1.35969,-0.450721,-2.08135,1.37878,-0.458028,-2.06543,1.36963,-0.480736,-2.06543,1.35067,-0.473093,-2.08135
0.142769,-1.16911,-0.306529,-13.8348,838895457,1.23485,-0.378931,-1.89852,1.2524,-0.385301,-1.88398,1.24486,-0.406082,-1.88398,1.22742,-0.399401,-1.89852,1.36604,-0.426561,-2.08135,1.38525,-0.433537,-2.06543,1.3769,-0.456551,-2.06543,1.35781,-0.449234,-2.08135
0.150901,-1.18555,0.0942324,14.9759,838895632,1.2861,0.13294,-1.93814,1.30488,0.133943,-1.92378,1.30567,0.111848,-1.92378,1.28688,0.111176,-1.93814,1.42371,0.140204,-2.12232,1.44427,0.141301,-2.1066,1.44515,0.116833,-2.1066,1.42457,0.116098,-2.12232
0.055248,-1.18554,0.619788,81.6434,838895662,1.04587,0.760269,-1.93814,1.06163,0.770527,-1.92378,1.07336,0.751786,-1.92378,1.05742,0.741808,-1.93814,1.16141,0.835347,-2.12232,1.17868,0.84658,-2.1066,1.19167,0.825826,-2.1066,1.17421,0.8149,-2.12232
-0.0242387,-1.18626,0.637123,-2.50361,838895663,1.03147,0.77751,-1.93814,1.04705,0.788039,-1.92378,1.05943,0.769719,-1.92378,1.04366,0.759464,-1.93814,1.14564,0.854637,-2.12232,1.1627,0.866165,-2.1066,1.17641,0.845877,-2.1066,1.15914,0.834648,-2.12232
0.00914156,-1.18552,0.654304,95.0149,838895664,1.01903,0.795922,-1.93814,1.03443,0.806724,-1.92378,1.04681,0.788404,-1.92378,1.03122,0.777876,-1.93814,1.13189,0.87499,-2.12232,1.14875,0.886819,-2.1066,1.16246,0.866531,-2.1066,1.14539,0.855002,-2.12232
0.00578886,-1.18624,0.671637,-3.04706,838895665,1.00404,0.81265,-1.93814,1.01925,0.823716,-1.92378,1.03226,0.80584,-1.92378,1.01686,0.795041,-1.93814,1.11545,0.893716,-2.12232,1.1321,0.905834,-2.1066,1.14651,0.886037,-2.1066,1.12964,0.874212,-2.12232
0.000201479,-1.18551,0.688818,-2.76655,838895666,0.990968,0.830616,-1.93814,1.00598,0.841949,-1.92378,1.01899,0.824073,-1.92378,1.00378,0.813007,-1.93814,1.10099,0.913577,-2.12232,1.11743,0.925988,-2.1066,1.13184,0.906191,-2.1066,1.11519,0.894073,-2.12232
0.129301,-1.18637,2.62797,46.8066,838895777,-1.13042,0.624639,-1.93814,-1.14637,0.634595,-1.92378,-1.13467,0.653352,-1.92378,-1.11889,0.643114,-1.93814,-1.2473,0.697576,-2.12232,-1.26478,0.708478,-2.1066,-1.25182,0.72925,-2.1066,-1.23454,0.71804,-2.12232
0.178598,-1.18559,-2.31471,46.7308,838895854,-0.867135,-0.958974,-1.93814,-0.880424,-0.972289,-1.92378,-0.895795,-0.956398,-1.92378,-0.882277,-0.943321,-1.93814,-0.964534,-1.05645,-2.12232,-0.979085,-1.07103,-2.1066,-0.996108,-1.05343,-2.1066,-0.981305,-1.03911,-2.12232
0.427065,-1.18627,-0.621082,5.36069,838895951,1.057,-0.74237,-1.93814,1.07183,-0.753938,-1.92378,1.05823,-0.77137,-1.92378,1.0436,-0.759543,-1.93814,1.16564,-0.827106,-2.12232,1.18188,-0.839772,-2.1066,1.16682,-0.859078,-2.1066,1.1508,-0.846127,-2.12232
0.10147,-1.18555,-0.603899,-13.5619,838895952,1.07066,-0.72485,-1.93814,1.0857,-0.736157,-1.92378,1.0721,-0.75359,-1.92378,1.05727,-0.742023,-1.93814,1.18074,-0.807738,-2.12232,1.19721,-0.820119,-2.1066,1.18215,-0.839425,-2.1066,1.16591,-0.826758,-2.12232
0.128039,-1.18634,-0.552048,2.2863,838895955,1.10557,-0.667629,-1.93814,1.12117,-0.678133,-1.92378,1.10883,-0.696472,-1.92378,1.09341,-0.685695,-1.93814,1.21986,-0.744574,-2.12232,1.23695,-0.756076,-2.1066,1.22327,-0.776386,-2.1066,1.20639,-0.764584,-2.12232
0.167549,-1.18625,-0.306531,16.0839,838895969,1.23485,-0.378931,-1.93814,1.25253,-0.385349,-1.92378,1.24499,-0.40613,-1.92378,1.22742,-0.399401,-1.93814,1.36436,-0.425951,-2.12232,1.38372,-0.432979,-2.1066,1.37536,-0.455993,-2.1066,1.35613,-0.448624,-2.12232
0.333086,-1.18553,-0.289349,-13.7425,838895970,1.24244,-0.358046,-1.93814,1.26023,-0.364153,-1.92378,1.25268,-0.384935,-1.92378,1.235,-0.378516,-1.93814,1.37274,-0.402863,-2.12232,1.39222,-0.409551,-2.1066,1.38387,-0.432565,-2.1066,1.36451,-0.425536,-2.12232
0.3226,-1.20273,0.55075,48.3769,838896170,1.09572,0.686261,-1.97827,1.11229,0.695459,-1.9641,1.12268,0.675945,-1.9641,1.10595,0.667039,-1.97827,1.21464,0.752244,-2.16379,1.23278,0.762316,-2.14826,1.24429,0.740705,-2.14826,1.22597,0.730953,-2.16379
-0.000715631,-1.20337,0.63712,-3.00241,838896175,1.03147,0.77751,-1.97827,1.04717,0.788117,-1.9641,1.05955,0.769797,-1.9641,1.04366,0.759464,-1.97827,1.14415,0.853629,-2.16379,1.16134,0.865243,-2.14826,1.17504,0.844954,-2.14826,1.15765,0.833641,-2.16379
0.166657,-1.20263,0.6543,11.3729,838896176,1.01903,0.795922,-1.97827,1.03455,0.806802,-1.9641,1.04692,0.788482,-1.9641,1.03122,0.777876,-1.97827,1.1304,0.873983,-2.16379,1.14738,0.885896,-2.14826,1.16109,0.865608,-2.14826,1.1439,0.853994,-2.16379
0.457459,-1.20335,0.671635,0.469345,838896177,1.00404,0.81265,-1.97827,1.01936,0.823798,-1.9641,1.03237,0.805921,-1.9641,1.01686,0.795041,-1.97827,1.11399,0.892657,-2.16379,1.13077,0.904864,-2.14826,1.14517,0.885067,-2.14826,1.12818,0.873153,-2.16379
0.400675,-1.20262,0.688815,1.86364,838896178,0.990968,0.830616,-1.97827,1.00609,0.842031,-1.9641,1.0191,0.824155,-1.9641,1.00378,0.813007,-1.97827,1.09954,0.912518,-2.16379,1.1161,0.925018,-2.14826,1.13051,0.905221,-2.14826,1.11373,0.893014,-2.16379
1.33509,-1.20339,-1.84086,32.2894,838896393,-0.333624,-1.24782,-1.97827,-0.339467,-1.26584,-1.9641,-0.360498,-1.25902,-1.9641,-0.354341,-1.2411,-1.97827,-0.375555,-1.37717,-2.16379,-0.381952,-1.39691,-2.14826,-0.405243,-1.38936,-2.14826,-0.398501,-1.36973,-2.16379
0.139289,-1.20336,-0.6556,-1.99734,838896461,1.03078,-0.778423,-1.97827,1.0453,-0.79059,-1.9641,1.03111,-0.807538,-1.9641,1.0168,-0.795117,-1.97827,1.13502,-0.865746,-2.16379,1.15092,-0.879069,-2.14826,1.1352,-0.897837,-2.14826,1.11953,-0.884236,-2.16379
0.1377,-1.20339,-0.444593,-29.8472,838896473,1.17093,-0.545237,-1.97827,1.18766,-0.55412,-1.9641,1.1773,-0.573648,-1.9641,1.16072,-0.564472,-1.97827,1.29103,-0.608992,-2.16379,1.30936,-0.618719,-2.14826,1.29788,-0.640345,-2.14826,1.27972,-0.630298,-2.16379
0.11472,-1.20265,-0.427413,-50.6191,838896474,1.18134,-0.525611,-1.97827,1.19823,-0.534203,-1.9641,1.18787,-0.553731,-1.9641,1.17113,-0.544847,-1.97827,1.30255,-0.587296,-2.16379,1.32104,-0.596704,-2.14826,1.30956,-0.61833,-2.14826,1.29124,-0.608602,-2.16379
0.13233,-1.20337,-0.410077,-4.47379,838896475,1.18908,-0.504523,-1.97827,1.20611,-0.512817,-1.9641,1.19644,-0.532695,-1.9641,1.17955,-0.524104,-1.97827,1.31134,-0.564045,-2.16379,1.32999,-0.573126,-2.14826,1.31927,-0.59514,-2.14826,1.30078,-0.585733,-2.16379
0.105102,-1.20336,-0.306534,15.7917,838896481,1.23485,-0.378931,-1.97827,1.25266,-0.385397,-1.9641,1.24512,-0.406178,-1.9641,1.22742,-0.399401,-1.97827,1.36267,-0.425336,-2.16379,1.38217,-0.432417,-2.14826,1.37381,-0.455431,-2.14826,1.35444,-0.44801,-2.16379
0.207425,-1.21973,-0.07835,-0.924735,838896646,1.28987,-0.0898695,-2.01894,1.30882,-0.0921849,-2.00495,1.30575,-0.11408,-2.00495,1.28685,-0.111437,-2.01894,1.42307,-0.106129,-2.20576,1.44381,-0.108664,-2.19045,1.44042,-0.132912,-2.19045,1.41973,-0.130018,-2.20576
0.108974,-1.22047,0.0770451,39.1604,838896655,1.28689,0.110736,-2.01894,1.30596,0.111417,-2.00495,1.30675,0.0893228,-2.00495,1.28767,0.0889717,-2.01894,1.42097,0.115528,-2.20576,1.44186,0.116274,-2.19045,1.44273,0.0918059,-2.19045,1.42183,0.0914215,-2.20576
0.438806,-1.21977,0.236199,-52.7182,838896664,1.25434,0.313603,-2.01894,1.27308,0.317255,-2.00495,1.27693,0.295485,-2.00495,1.25814,0.292158,-2.01894,1.38604,0.339296,-2.20576,1.40656,0.343295,-2.19045,1.41083,0.319186,-2.19045,1.39025,0.315543,-2.20576
-0.028057,-1.22046,0.637118,-4.03712,838896687,1.03147,0.77751,-2.01894,1.04728,0.788193,-2.00495,1.05966,0.769873,-2.00495,1.04366,0.759464,-2.01894,1.14264,0.852614,-2.20576,1.15996,0.864312,-2.19045,1.17367,0.844024,-2.19045,1.15615,0.832626,-2.20576
0.220407,-1.21971,0.654297,7.68237,838896688,1.01903,0.795922,-2.01894,1.03466,0.806879,-2.00495,1.04704,0.788559,-2.00495,1.03122,0.777876,-2.01894,1.12889,0.872968,-2.20576,1.14601,0.884966,-2.19045,1.15971,0.864677,-2.19045,1.1424,0.852979,-2.20576
2.06116,-1.22044,0.671633,1.79994,838896689,1.00404,0.81265,-2.01894,1.01947,0.823879,-2.00495,1.03248,0.806002,-2.00495,1.01686,0.795041,-2.01894,1.11253,0.891591,-2.20576,1.12942,0.903886,-2.19045,1.14383,0.884089,-2.19045,1.12672,0.872086,-2.20576
0.127964,-1.2197,0.688812,-26.417,838896690,0.990968,0.830616,-2.01894,1.0062,0.842112,-2.00495,1.01921,0.824235,-2.00495,1.00378,0.813007,-2.01894,1.09807,0.911452,-2.20576,1.11476,0.92404,-2.19045,1.12916,0.904243,-2.19045,1.11227,0.891947,-2.20576
0.180834,-1.22045,2.83506,37.1314,838896813,-1.23485,0.378931,-2.01894,-1.25279,0.385444,-2.00495,-1.24525,0.406225,-2.00495,-1.22742,0.399401,-2.01894,-1.36096,0.424718,-2.20576,-1.38061,0.431849,-2.19045,-1.37225,0.454863,-2.19045,-1.35273,0.447391,-2.20576
0.141899,-1.23757,0.671625,-3.57916,838897201,1.00404,0.812649,-2.06045,1.01969,0.824037,-2.04655,1.03271,0.80615,-2.04655,1.01686,0.79504,-2.06045,1.11115,0.890591,-2.24849,1.12818,0.902978,-2.23337,1.1425,0.883292,-2.23337,1.12526,0.871208,-2.24849
0.153487,-1.23757,0.706139,54.8654,838897203,0.975404,0.846809,-2.06045,0.990648,0.858737,-2.04655,1.00428,0.841316,-2.04655,0.988825,0.829659,-2.06045,1.07973,0.928445,-2.24849,1.09631,0.941419,-2.23337,1.11131,0.922245,-2.23337,1.0945,0.909566,-2.24849
0.173746,-1.25487,1.92982,-42.1903,838897785,-0.464438,1.20512,-2.10248,-0.47047,1.22364,-2.08876,-0.449435,1.23049,-2.08876,-0.44373,1.21186,-2.10248,-0.504924,1.32945,-2.29171,-0.511485,1.3496,-2.27678,-0.488335,1.35714,-2.27678,-0.482131,1.33688,-2.29171
0.15963,-1.27116,-0.254848,-13.4764,838898532,1.25401,-0.314948,-2.14506,1.27276,-0.320663,-2.13152,1.26594,-0.341708,-2.13152,1.24729,-0.335665,-2.14506,1.37744,-0.352637,-2.33546,1.39784,-0.358853,-2.32073,1.39034,-0.382014,-2.32073,1.37005,-0.375441,-2.33546
0.202555,-1.27193,-0.237516,-10.2595,838898533,1.25796,-0.292839,-2.14506,1.27681,-0.298226,-2.13152,1.27073,-0.319496,-2.13152,1.25197,-0.313778,-2.14506,1.38203,-0.328303,-2.33546,1.40253,-0.334163,-2.32073,1.39584,-0.357571,-2.32073,1.37544,-0.351351,-2.33546
0.207002,-1.3053,-1.75466,75.4122,838899470,-0.225215,-1.27327,-2.23194,-0.229668,-1.29261,-2.21875,-0.251137,-1.28728,-2.21875,-0.24635,-1.26802,-2.23194,-0.253375,-1.39567,-2.42464,-0.258219,-1.41671,-2.4103,-0.281846,-1.41083,-2.4103,-0.27664,-1.38989,-2.42464
0.219235,-1.3053,-0.3584,-13.3662,838899550,1.21482,-0.442895,-2.23194,1.23309,-0.450639,-2.21875,1.22411,-0.470855,-2.21875,1.20598,-0.462797,-2.23194,1.33047,-0.491881,-2.42464,1.35035,-0.500305,-2.4103,1.34046,-0.522553,-2.4103,1.32073,-0.513788,-2.42464
0.114913,-1.30606,-0.341066,14.4837,838899551,1.22106,-0.42132,-2.23194,1.23947,-0.428741,-2.21875,1.2312,-0.449258,-2.21875,1.21292,-0.441519,-2.23194,1.33753,-0.468273,-2.42464,1.35755,-0.476343,-2.4103,1.34845,-0.498924,-2.4103,1.32857,-0.490506,-2.42464
0.246969,-1.32252,-0.0783677,-6.30843,838899718,1.28987,-0.0898675,-2.27679,1.30985,-0.0923014,-2.26367,1.30678,-0.114222,-2.26367,1.28685,-0.111435,-2.27679,1.41291,-0.105003,-2.47054,1.4345,-0.107633,-2.45637,1.43115,-0.131614,-2.45637,1.40961,-0.128602,-2.47054
0.131209,-1.3225,-0.043852,11.0189,838899720,1.29223,-0.0453072,-2.27679,1.31228,-0.047042,-2.26367,1.30998,-0.0690565,-2.26367,1.28997,-0.0669673,-2.27679,1.41573,-0.0561359,-2.47054,1.4374,-0.0580106,-2.45637,1.43488,-0.0820936,-2.45637,1.41326,-0.0798359,-2.47054
0.221426,-1.3226,0.201663,-5.45936,838899734,1.26435,0.270119,-2.27679,1.28423,0.273285,-2.26367,1.28732,0.251368,-2.26367,1.2674,0.248555,-2.27679,1.3868,0.289479,-2.47054,1.40828,0.292901,-2.45637,1.41167,0.268925,-2.45637,1.39013,0.265884,-2.47054
0.328264,-1.32333,0.218996,1.65751,838899735,1.25822,0.291722,-2.27679,1.27803,0.295229,-2.26367,1.28189,0.273434,-2.26367,1.26201,0.270278,-2.27679,1.38027,0.313327,-2.47054,1.40168,0.317117,-2.45637,1.4059,0.293274,-2.45637,1.38443,0.289863,-2.47054
0.143935,-1.32255,0.236181,18.4072,838899736,1.25434,0.313605,-2.27679,1.27409,0.317463,-2.26367,1.27795,0.295667,-2.26367,1.25814,0.29216,-2.27679,1.37604,0.33723,-2.47054,1.39739,0.341399,-2.45637,1.40161,0.317556,-2.45637,1.38019,0.313766,-2.47054
0.719513,-1.32325,0.706124,48.7133,838899763,0.975405,0.846809,-2.27679,0.991252,0.859209,-2.26367,1.00489,0.841778,-2.26367,0.988826,0.829658,-2.27679,1.07302,0.923197,-2.47054,1.09015,0.936598,-2.45637,1.10507,0.917529,-2.45637,1.08771,0.904431,-2.47054
0.122436,-1.32249,0.72331,43.4779,838899764,0.96171,0.86431,-2.27679,0.977337,0.876991,-2.26367,0.990978,0.85956,-2.26367,0.975131,0.847159,-2.27679,1.05806,0.942314,-2.47054,1.07495,0.956018,-2.45637,1.08987,0.936949,-2.45637,1.07275,0.923548,-2.47054
-0.0519617,-1.32339,1.92981,-3.63925,838899833,-0.464437,1.20512,-2.27679,-0.470667,1.22425,-2.26367,-0.449621,1.23111,-2.26367,-0.443729,1.21186,-2.27679,-0.502816,1.32298,-2.47054,-0.509549,1.34366,-2.45637,-0.486525,1.35116,-2.45637,-0.480158,1.33036,-2.47054
-0.0747351,-1.3226,1.94699,-3.40626,838899834,-0.485568,1.19824,-2.27679,-0.492137,1.21726,-2.26367,-0.471091,1.22411,-2.26367,-0.46486,1.20498,-2.27679,-0.525897,1.31547,-2.47054,-0.532996,1.33602,-2.45637,-0.509972,1.34352,-2.45637,-0.503239,1.32284,-2.47054
0.0865583,-1.32333,1.96432,-3.23234,838899835,-0.505777,1.18844,-2.27679,-0.512671,1.20735,-2.26367,-0.491877,1.21493,-2.26367,-0.485317,1.19591,-2.27679,-0.548249,1.30489,-2.47054,-0.5557,1.32532,-2.45637,-0.532952,1.33362,-2.45637,-0.525862,1.31306,-2.47054
0.110244,-1.32255,1.98151,-23.393,838899836,-0.526655,1.18083,-2.27679,-0.533884,1.19961,-2.26367,-0.51309,1.20719,-2.26367,-0.506195,1.18829,-2.27679,-0.571053,1.29658,-2.47054,-0.578866,1.31687,-2.45637,-0.556118,1.32517,-2.45637,-0.548667,1.30474,-2.47054
0.000540144,-1.32329,1.99884,-2.44735,838899837,-0.546509,1.17033,-2.27679,-0.55406,1.18899,-2.26367,-0.533543,1.19729,-2.26367,-0.526322,1.17851,-2.27679,-0.593022,1.28523,-2.47054,-0.601182,1.30539,-2.45637,-0.578737,1.31447,-2.45637,-0.570935,1.29417,-2.47054
-0.033266,-1.32252,2.01603,-4.28243,838899838,-0.567108,1.16199,-2.27679,-0.574989,1.18051,-2.26367,-0.554472,1.18882,-2.26367,-0.546921,1.17017,-2.27679,-0.615522,1.27612,-2.47054,-0.624039,1.29613,-2.45637,-0.601594,1.30522,-2.45637,-0.593435,1.28506,-2.47054
0.0870627,-1.32327,2.03336,55.9292,838899839,-0.586584,1.15081,-2.27679,-0.594781,1.16919,-2.26367,-0.574567,1.17821,-2.26367,-0.566695,1.15968,-2.27679,-0.637081,1.26401,-2.47054,-0.64594,1.28387,-2.45637,-0.623827,1.29374,-2.45637,-0.61532,1.27372,-2.47054
-0.0720613,-1.3225,2.05054,-3.37957,838899840,-0.606879,1.14176,-2.27679,-0.615402,1.15999,-2.26367,-0.595188,1.16901,-2.26367,-0.58699,1.15063,-2.27679,-0.65925,1.25413,-2.47054,-0.66846,1.27383,-2.45637,-0.646347,1.28369,-2.45637,-0.637488,1.26383,-2.47054
0.0937309,-1.32325,2.06787,-2.25433,838899841,-0.625952,1.1299,-2.27679,-0.634786,1.14798,-2.26367,-0.6149,1.1577,-2.26367,-0.606385,1.13947,-2.27679,-0.680373,1.24127,-2.47054,-0.68992,1.26081,-2.45637,-0.668164,1.27144,-2.45637,-0.658963,1.25174,-2.47054
0.247661,-1.32327,-0.759169,10.2337,838900039,0.944809,-0.880787,-2.27679,0.958798,-0.895251,-2.26367,0.942887,-0.910638,-2.26367,0.929155,-0.895926,-2.27679,1.03098,-0.969891,-2.47054,1.0461,-0.985522,-2.45637,1.02869,-1.00235,-2.45637,1.01385,-0.986456,-2.47054
0.166292,-1.3225,-0.741984,1.76345,838900040,0.960784,-0.865338,-2.27679,0.975029,-0.879555,-2.26367,0.959118,-0.894942,-2.26367,0.945129,-0.880477,-2.27679,1.04843,-0.953016,-2.47054,1.06382,-0.96838,-2.45637,1.04642,-0.985213,-2.45637,1.0313,-0.969581,-2.47054
0.153957,-1.32257,-0.569405,9.36843,838900050,1.09498,-0.687436,-2.27679,1.11148,-0.698961,-2.26367,1.09849,-0.716879,-2.26367,1.0822,-0.705065,-2.27679,1.19653,-0.758549,-2.47054,1.21436,-0.771004,-2.45637,1.20014,-0.790606,-2.45637,1.18254,-0.777839,-2.47054
0.104761,-1.32255,-0.46195,4.69783,838900056,1.16246,-0.56604,-2.27679,1.18007,-0.575781,-2.26367,1.16902,-0.594957,-2.26367,1.15159,-0.584907,-2.27679,1.27088,-0.626169,-2.47054,1.28991,-0.636696,-2.45637,1.27781,-0.657674,-2.45637,1.25897,-0.646814,-2.47054
0.325285,-1.3405,-0.130072,50.9685,838900227,1.28211,-0.156206,-2.32205,1.30204,-0.159706,-2.30911,1.29821,-0.181506,-2.30911,1.27834,-0.177655,-2.32205,1.40259,-0.177368,-2.51684,1.42412,-0.18115,-2.50285,1.41994,-0.204999,-2.50285,1.39847,-0.200837,-2.51684
-0.100412,-1.34055,1.9298,-1.19417,838900345,-0.464437,1.20512,-2.32205,-0.470701,1.22436,-2.30911,-0.449655,1.23121,-2.30911,-0.443729,1.21186,-2.32205,-0.502312,1.32143,-2.51684,-0.509081,1.34222,-2.50285,-0.486057,1.34972,-2.50285,-0.479654,1.32881,-2.51684
0.0866798,-1.33976,1.94699,26.7496,838900346,-0.485568,1.19824,-2.32205,-0.492171,1.21737,-2.30911,-0.471124,1.22422,-2.30911,-0.46486,1.20498,-2.32205,-0.525393,1.31392,-2.51684,-0.532528,1.33459,-2.50285,-0.509504,1.34208,-2.50285,-0.502735,1.32129,-2.51684
0.126985,-1.3405,1.96432,32.8127,838900347,-0.505777,1.18844,-2.32205,-0.512709,1.20745,-2.30911,-0.491915,1.21503,-2.30911,-0.485317,1.19591,-2.32205,-0.54769,1.30336,-2.51684,-0.555182,1.3239,-2.50285,-0.532434,1.3322,-2.50285,-0.525304,1.31153,-2.51684
0.00912434,-1.33972,1.98151,-2.84719,838900348,-0.526654,1.18083,-2.32205,-0.533921,1.19971,-2.30911,-0.513127,1.2073,-2.30911,-0.506195,1.18829,-2.32205,-0.570495,1.29505,-2.51684,-0.578348,1.31545,-2.50285,-0.5556,1.32375,-2.50285,-0.548109,1.30321,-2.51684
0.212744,-1.34046,1.99884,5.04599,838900349,-0.546509,1.17033,-2.32205,-0.554101,1.18909,-2.30911,-0.533584,1.19739,-2.30911,-0.526322,1.17851,-2.32205,-0.592411,1.28372,-2.51684,-0.600615,1.30399,-2.50285,-0.57817,1.31307,-2.50285,-0.570323,1.29266,-2.51684
-0.0300714,-1.33968,2.01602,-3.29738,838900350,-0.567108,1.16199,-2.32205,-0.57503,1.18061,-2.30911,-0.554513,1.18892,-2.30911,-0.546921,1.17017,-2.32205,-0.614911,1.27461,-2.51684,-0.623472,1.29473,-2.50285,-0.601027,1.30382,-2.50285,-0.592823,1.28355,-2.51684
0.0496853,-1.34043,2.03336,-1.63321,838900351,-0.586584,1.15081,-2.32205,-0.594826,1.16929,-2.30911,-0.574612,1.17831,-2.30911,-0.566695,1.15968,-2.32205,-0.636417,1.26253,-2.51684,-0.645324,1.28249,-2.50285,-0.623211,1.29236,-2.50285,-0.614656,1.27223,-2.51684
0.0264949,-1.33966,2.05054,-2.97247,838900352,-0.606879,1.14176,-2.32205,-0.615446,1.16009,-2.30911,-0.595232,1.16911,-2.30911,-0.58699,1.15063,-2.32205,-0.658586,1.25264,-2.51684,-0.667844,1.27245,-2.50285,-0.645731,1.28231,-2.50285,-0.636824,1.26235,-2.51684
0.0956872,-1.34042,2.06787,1.43505,838900353,-0.625952,1.1299,-2.32205,-0.634834,1.14808,-2.30911,-0.614948,1.1578,-2.30911,-0.606385,1.13947,-2.32205,-0.679657,1.23981,-2.51684,-0.689256,1.25945,-2.50285,-0.667501,1.27008,-2.50285,-0.658248,1.25027,-2.51684
0.29202,-1.34055,-0.862723,40.7058,838900545,0.848603,-0.973594,-2.32205,0.861069,-0.989529,-2.30911,0.843636,-1.00317,-2.30911,0.83145,-0.987013,-2.32205,0.923975,-1.06994,-2.51684,0.937446,-1.08716,-2.50285,0.918375,-1.10208,-2.50285,0.905207,-1.08462,-2.51684
0.138212,-1.33965,-0.707471,14.2172,838900554,0.990078,-0.831677,-2.32205,1.00489,-0.845464,-2.30911,0.989525,-0.861397,-2.30911,0.974962,-0.847354,-2.32205,1.07956,-0.915109,-2.51684,1.09556,-0.930008,-2.50285,1.07876,-0.947439,-2.50285,1.06302,-0.932263,-2.51684
1.28543,-1.33972,-0.461953,-5.78997,838900568,1.16246,-0.56604,-2.32205,1.18017,-0.575836,-2.30911,1.16911,-0.595012,-2.30911,1.15159,-0.584908,-2.32205,1.26946,-0.625355,-2.51684,1.2886,-0.635941,-2.50285,1.2765,-0.656919,-2.50285,1.25756,-0.646,-2.51684
0.587541,-1.34046,-0.444621,-10.8642,838900569,1.17093,-0.545239,-2.32205,1.1888,-0.554724,-2.30911,1.17842,-0.574275,-2.30911,1.16072,-0.564474,-2.32205,1.27897,-0.602592,-2.51684,1.29828,-0.612843,-2.50285,1.28693,-0.63423,-2.50285,1.2678,-0.623639,-2.51684
0.117163,-1.34043,-0.410105,27.1557,838900571,1.18908,-0.504525,-2.32205,1.20727,-0.513381,-2.30911,1.19758,-0.533282,-2.30911,1.17954,-0.524106,-2.32205,1.29906,-0.55807,-2.51684,1.31872,-0.56764,-2.50285,1.30812,-0.589411,-2.50285,1.28863,-0.579495,-2.51684
0.386096,-1.35769,0.184473,-49.1728,838900757,1.26746,0.248115,-2.36792,1.2876,0.250958,-2.35515,1.29069,0.229041,-2.35515,1.2705,0.226551,-2.36792,1.38696,0.264987,-2.56372,1.40872,0.26806,-2.54992,1.41211,0.244084,-2.54992,1.39029,0.241392,-2.56372
0.282059,-1.35764,0.218992,-0.941694,838900759,1.25822,0.291722,-2.36792,1.27824,0.295267,-2.35515,1.2821,0.273472,-2.35515,1.26201,0.270277,-2.36792,1.37705,0.312758,-2.56372,1.3987,0.316589,-2.54992,1.40292,0.292746,-2.54992,1.38121,0.289294,-2.56372
-0.0165874,-1.35769,1.9298,-3.34972,838900857,-0.464437,1.20512,-2.36792,-0.470735,1.22446,-2.35515,-0.449688,1.23131,-2.35515,-0.443729,1.21186,-2.36792,-0.501804,1.31987,-2.56372,-0.50861,1.34077,-2.54992,-0.485586,1.34827,-2.54992,-0.479146,1.32725,-2.56372
0.0454302,-1.35689,1.94699,-3.41885,838900858,-0.485568,1.19824,-2.36792,-0.492204,1.21747,-2.35515,-0.471158,1.22432,-2.35515,-0.46486,1.20498,-2.36792,-0.524885,1.31236,-2.56372,-0.532057,1.33314,-2.54992,-0.509033,1.34064,-2.54992,-0.502228,1.31974,-2.56372
5.22826,-1.35764,1.96432,-9.21129,838900859,-0.505777,1.18844,-2.36792,-0.512746,1.20755,-2.35515,-0.491952,1.21514,-2.35515,-0.485317,1.19591,-2.36792,-0.547129,1.30182,-2.56372,-0.55466,1.32247,-2.54992,-0.531912,1.33077,-2.54992,-0.524743,1.30999,-2.56372
-0.060184,-1.35685,1.98151,-1.28235,838900860,-0.526654,1.18083,-2.36792,-0.533958,1.19981,-2.35515,-0.513164,1.2074,-2.35515,-0.506195,1.18829,-2.36792,-0.569934,1.29351,-2.56372,-0.577827,1.31402,-2.54992,-0.555079,1.32232,-2.54992,-0.547547,1.30167,-2.56372
0.59416,-1.35759,1.99884,-0.550006,838900861,-0.546509,1.17033,-2.36792,-0.554141,1.18919,-2.35515,-0.533624,1.19749,-2.35515,-0.526322,1.17851,-2.36792,-0.591796,1.2822,-2.56372,-0.600044,1.30258,-2.54992,-0.577599,1.31166,-2.54992,-0.569708,1.29114,-2.56372
0.0163059,-1.35681,2.01602,-3.76323,838900862,-0.567108,1.16199,-2.36792,-0.57507,1.18071,-2.35515,-0.554554,1.18902,-2.35515,-0.546921,1.17017,-2.36792,-0.614296,1.27309,-2.56372,-0.622901,1.29332,-2.54992,-0.600456,1.30241,-2.54992,-0.592208,1.28203,-2.56372
0.143796,-1.35757,2.03335,-26.3046,838900863,-0.586584,1.15081,-2.36792,-0.59487,1.16939,-2.35515,-0.574656,1.1784,-2.35515,-0.566695,1.15968,-2.36792,-0.63575,1.26103,-2.56372,-0.644704,1.2811,-2.54992,-0.622591,1.29097,-2.54992,-0.613988,1.27074,-2.56372
0.0159394,-1.35679,2.05054,-2.87568,838900864,-0.606879,1.14176,-2.36792,-0.61549,1.16019,-2.35515,-0.595276,1.16921,-2.35515,-0.58699,1.15063,-2.36792,-0.657918,1.25114,-2.56372,-0.667224,1.27106,-2.54992,-0.645111,1.28092,-2.54992,-0.636157,1.26085,-2.56372
-0.00950087,-1.35755,2.06787,-2.24444,838900865,-0.625952,1.1299,-2.36792,-0.634882,1.14818,-2.35515,-0.614995,1.1579,-2.35515,-0.606385,1.13947,-2.36792,-0.678938,1.23834,-2.56372,-0.688588,1.25809,-2.54992,-0.666833,1.26872,-2.54992,-0.657529,1.2488,-2.56372
0.132883,-1.35685,-0.811021,36.5019,838901060,0.89876,-0.92949,-2.36792,0.912117,-0.944832,-2.35515,0.895171,-0.959071,-2.35515,0.882087,-0.943499,-2.36792,0.977968,-1.02057,-2.56372,0.992402,-1.03715,-2.54992,0.973864,-1.05273,-2.54992,0.959724,-1.0359,-2.56372
0.390901,-1.35685,-0.461955,-7.11104,838901080,1.16246,-0.56604,-2.36792,1.18026,-0.575889,-2.35515,1.16921,-0.595065,-2.35515,1.15159,-0.584908,-2.36792,1.26804,-0.624537,-2.56372,1.28728,-0.635181,-2.54992,1.27519,-0.656159,-2.54992,1.25614,-0.645182,-2.56372
0.105902,-1.35757,-0.410107,-16.6656,838901083,1.18908,-0.504525,-2.36792,1.20736,-0.513428,-2.35515,1.19768,-0.533329,-2.35515,1.17954,-0.524106,-2.36792,1.29759,-0.557353,-2.56372,1.31735,-0.566974,-2.54992,1.30675,-0.588745,-2.54992,1.28716,-0.578778,-2.56372
0.0258556,-1.3748,1.9298,-1.60229,838901369,-0.464437,1.20512,-2.41441,-0.470768,1.22456,-2.40181,-0.449721,1.23141,-2.40181,-0.443729,1.21186,-2.41441,-0.501294,1.31831,-2.61122,-0.508136,1.33932,-2.5976,-0.485112,1.34682,-2.5976,-0.478637,1.32569,-2.61122
0.0453219,-1.374,1.94698,-54.4923,838901370,-0.485568,1.19824,-2.41441,-0.492237,1.21757,-2.40181,-0.471191,1.22442,-2.40181,-0.46486,1.20498,-2.41441,-0.524376,1.31079,-2.61122,-0.531583,1.33168,-2.5976,-0.508559,1.33918,-2.5976,-0.501718,1.31817,-2.61122
-0.0236738,-1.37474,1.96432,-1.9007,838901371,-0.505777,1.18844,-2.41441,-0.512782,1.20765,-2.40181,-0.491988,1.21524,-2.40181,-0.485317,1.19591,-2.41441,-0.546565,1.30028,-2.61122,-0.554136,1.32103,-2.5976,-0.531387,1.32933,-2.5976,-0.524179,1.30844,-2.61122
0.0361261,-1.37395,1.9815,-1.58583,838901372,-0.526654,1.18083,-2.41441,-0.533995,1.19991,-2.40181,-0.5132,1.2075,-2.40181,-0.506195,1.18829,-2.41441,-0.569369,1.29196,-2.61122,-0.577302,1.31259,-2.5976,-0.554554,1.32088,-2.5976,-0.546983,1.30012,-2.61122
-0.0142259,-1.3747,1.99884,-3.05947,838901373,-0.546509,1.17033,-2.41441,-0.554181,1.18929,-2.40181,-0.533664,1.19759,-2.40181,-0.526322,1.17851,-2.41441,-0.591178,1.28067,-2.61122,-0.599469,1.30116,-2.5976,-0.577024,1.31024,-2.5976,-0.56909,1.28962,-2.61122
0.0927614,-1.37392,2.01602,-11.3787,838901374,-0.567108,1.16199,-2.41441,-0.57511,1.18081,-2.40181,-0.554594,1.18912,-2.40181,-0.546922,1.17017,-2.41441,-0.613678,1.27157,-2.61122,-0.622326,1.2919,-2.5976,-0.599882,1.30099,-2.5976,-0.591591,1.28051,-2.61122
0.26302,-1.37467,2.03335,-26.4177,838901375,-0.586584,1.15081,-2.41441,-0.594913,1.16948,-2.40181,-0.574699,1.1785,-2.40181,-0.566695,1.15968,-2.41441,-0.635079,1.25953,-2.61122,-0.64408,1.2797,-2.5976,-0.621967,1.28957,-2.5976,-0.613317,1.26923,-2.61122
0.370405,-1.37389,2.05054,-4.35516,838901376,-0.606879,1.14176,-2.41441,-0.615534,1.16029,-2.40181,-0.595319,1.1693,-2.40181,-0.58699,1.15063,-2.41441,-0.657247,1.24964,-2.61122,-0.6666,1.26966,-2.5976,-0.644487,1.27952,-2.5976,-0.635486,1.25935,-2.61122
0.0285261,-1.37466,2.06787,-2.83963,838901377,-0.625952,1.1299,-2.41441,-0.634928,1.14827,-2.40181,-0.615042,1.15799,-2.40181,-0.606385,1.13947,-2.41441,-0.678215,1.23686,-2.61122,-0.687915,1.25671,-2.5976,-0.66616,1.26734,-2.5976,-0.656806,1.24732,-2.61122
0.25151,-1.37388,2.78318,-45.3908,838901418,-1.21482,0.442894,-2.41441,-1.23365,0.450871,-2.40181,-1.22466,0.471098,-2.40181,-1.20598,0.462796,-2.41441,-1.32444,0.489357,-2.61122,-1.34478,0.497977,-2.5976,-1.33495,0.520105,-2.5976,-1.31476,0.511133,-2.61122
0.434946,-1.37469,-0.97018,-44.8603,838901563,0.739344,-1.05912,-2.41441,0.750193,-1.07645,-2.40181,0.731432,-1.08819,-2.40181,0.720885,-1.07067,-2.41441,0.802509,-1.16001,-2.61122,0.814233,-1.17874,-2.5976,0.793709,-1.19159,-2.5976,0.782311,-1.17266,-2.61122
0.199213,-1.37388,-0.707476,18.687,838901578,0.990078,-0.831677,-2.41441,1.00504,-0.845612,-2.40181,0.989679,-0.861546,-2.40181,0.974962,-0.847354,-2.41441,1.07719,-0.912829,-2.61122,1.09337,-0.927889,-2.5976,1.07656,-0.945319,-2.5976,1.06065,-0.929983,-2.61122
0.714397,-1.39188,-0.164596,-11.1875,838901761,1.27588,-0.200345,-2.46154,1.29599,-0.204605,-2.44911,1.2914,-0.226258,-2.44911,1.27137,-0.22165,-2.46154,1.39072,-0.224678,-2.65934,1.41244,-0.229281,-2.64591,1.40742,-0.252969,-2.64591,1.38578,-0.247989,-2.65934
0.139798,-1.39179,-0.0955602,3.59412,838901765,1.28679,-0.111876,-2.46154,1.30715,-0.114722,-2.44911,1.30408,-0.136643,-2.44911,1.28378,-0.133444,-2.46154,1.40305,-0.128133,-2.65934,1.42504,-0.131209,-2.64591,1.42169,-0.155189,-2.64591,1.39975,-0.151732,-2.65934
0.245718,-1.39181,0.111532,-6.32678,838901777,1.28225,0.155067,-2.46154,1.30275,0.156518,-2.44911,1.30431,0.134439,-2.44911,1.28379,0.133344,-2.46154,1.39934,0.163355,-2.65934,1.42149,0.164923,-2.64591,1.4232,0.140769,-2.64591,1.40102,0.139586,-2.65934
0.178477,-1.39097,1.38692,38.4016,838901850,0.225214,1.27327,-2.46154,0.229826,1.2933,-2.44911,0.251306,1.28796,-2.44911,0.246349,1.26802,-2.46154,0.251538,1.38768,-2.65934,0.256521,1.40933,-2.64591,0.28002,1.40349,-2.64591,0.274663,1.38194,-2.65934
0.253613,-1.39174,1.40425,50.4046,838901851,0.202886,1.27567,-2.46154,0.207143,1.29578,-2.44911,0.228797,1.29119,-2.44911,0.224191,1.27116,-2.46154,0.227203,1.39051,-2.65934,0.231804,1.41224,-2.64591,0.255492,1.40722,-2.64591,0.250515,1.38557,-2.65934
-0.0599122,-1.39188,1.9298,-2.80764,838901881,-0.464437,1.20512,-2.46154,-0.4708,1.22466,-2.44911,-0.449754,1.23151,-2.44911,-0.443729,1.21186,-2.46154,-0.500782,1.31674,-2.65934,-0.507658,1.33785,-2.64591,-0.484634,1.34535,-2.64591,-0.478124,1.32411,-2.65934
-0.0711787,-1.39108,1.94698,-2.29804,838901882,-0.485568,1.19824,-2.46154,-0.49227,1.21767,-2.44911,-0.471223,1.22452,-2.44911,-0.46486,1.20498,-2.46154,-0.523863,1.30922,-2.65934,-0.531105,1.33022,-2.64591,-0.508081,1.33771,-2.64591,-0.501205,1.3166,-2.65934
0.0359146,-1.39183,1.96432,-1.75672,838901883,-0.505777,1.18844,-2.46154,-0.512818,1.20775,-2.44911,-0.492024,1.21533,-2.44911,-0.485317,1.19591,-2.46154,-0.545998,1.29872,-2.65934,-0.553607,1.31959,-2.64591,-0.530859,1.32788,-2.64591,-0.523611,1.30689,-2.65934
0.0941505,-1.39103,1.9815,-10.1047,838901884,-0.526654,1.18083,-2.46154,-0.534031,1.20001,-2.44911,-0.513237,1.2076,-2.44911,-0.506195,1.18829,-2.46154,-0.568802,1.2904,-2.65934,-0.576774,1.31114,-2.64591,-0.554026,1.31943,-2.64591,-0.546416,1.29857,-2.65934
0.331285,-1.39179,1.99883,5.54145,838901885,-0.546509,1.17033,-2.46154,-0.55422,1.18938,-2.44911,-0.533704,1.19769,-2.44911,-0.526322,1.17851,-2.46154,-0.590557,1.27914,-2.65934,-0.59889,1.29973,-2.64591,-0.576446,1.30881,-2.64591,-0.568469,1.28808,-2.65934
0.303632,-1.391,2.01602,3.17947,838901886,-0.567108,1.16199,-2.46154,-0.57515,1.18091,-2.44911,-0.554633,1.18922,-2.44911,-0.546921,1.17017,-2.46154,-0.613057,1.27003,-2.65934,-0.621747,1.29047,-2.64591,-0.599303,1.29956,-2.64591,-0.590969,1.27897,-2.65934
0.405638,-1.39176,2.03335,-2.27644,838901887,-0.586584,1.15081,-2.46155,-0.594956,1.16958,-2.44911,-0.574742,1.1786,-2.44911,-0.566695,1.15968,-2.46154,-0.634405,1.25801,-2.65934,-0.643452,1.2783,-2.64591,-0.621339,1.28816,-2.64591,-0.612643,1.26772,-2.65934
0.0246674,-1.39098,2.05053,-2.80113,838901888,-0.606879,1.14176,-2.46154,-0.615576,1.16038,-2.44911,-0.595362,1.1694,-2.44911,-0.58699,1.15063,-2.46154,-0.656573,1.24813,-2.65934,-0.665972,1.26825,-2.64591,-0.643859,1.27812,-2.64591,-0.634811,1.25783,-2.65934
0.0459562,-1.39174,2.06787,-0.91616,838901889,-0.625952,1.1299,-2.46154,-0.634975,1.14837,-2.44911,-0.615088,1.15809,-2.44911,-0.606385,1.13947,-2.46154,-0.677488,1.23537,-2.65934,-0.687239,1.25532,-2.64591,-0.665483,1.26596,-2.64591,-0.656079,1.24583,-2.65934
0.225679,-1.39179,-0.793692,8.74491,838902085,0.913828,-0.912837,-2.46154,0.92759,-0.9281,-2.44911,0.911151,-0.942922,-2.44911,0.897654,-0.92742,-2.46154,0.992434,-1.00002,-2.65934,1.00731,-1.01651,-2.64591,0.989322,-1.03273,-2.64591,0.974737,-1.01597,-2.65934
0.161671,-1.39176,-0.759176,19.3429,838902087,0.944809,-0.880787,-2.46154,0.959096,-0.89556,-2.44911,0.943185,-0.910947,-2.44911,0.929155,-0.895926,-2.46154,1.02641,-0.965168,-2.65934,1.04185,-0.981133,-2.64591,1.02444,-0.997965,-2.64591,1.00928,-0.981733,-2.65934
0.190829,-1.39111,-0.534895,-7.79272,838902100,1.11798,-0.649196,-2.46154,1.13523,-0.660378,-2.44911,1.12287,-0.678739,-2.44911,1.10582,-0.667262,-2.46154,1.2165,-0.713051,-2.65934,1.23514,-0.725134,-2.64591,1.22162,-0.74522,-2.64591,1.20319,-0.732818,-2.65934
0.104637,-1.40903,-0.164604,-4.81769,838902273,1.27588,-0.200346,-2.5098,1.29628,-0.204667,-2.49743,1.29168,-0.226332,-2.49743,1.27137,-0.221651,-2.5098,1.38921,-0.22436,-2.7085,1.41111,-0.229,-2.69522,1.40612,-0.252566,-2.69522,1.3843,-0.247538,-2.7085
0.186869,-1.40812,0.0596798,-18.395,838902286,1.28997,0.0884884,-2.5098,1.31081,0.088873,-2.49743,1.31083,0.0667272,-2.49743,1.28998,0.0667106,-2.5098,1.40581,0.0904958,-2.7085,1.4282,0.0909088,-2.69522,1.42822,0.0668203,-2.69522,1.40583,0.0668025,-2.7085
0.168718,-1.409,0.146042,-7.65259,838902291,1.27606,0.199211,-2.5098,1.29679,0.201408,-2.49743,1.29913,0.179386,-2.49743,1.27836,0.177555,-2.5098,1.39126,0.211421,-2.7085,1.41353,0.21378,-2.69522,1.41606,0.189826,-2.69522,1.39376,0.187859,-2.7085
0.247417,-1.40893,1.99883,-12.7353,838902397,-0.546508,1.17033,-2.5098,-0.55433,1.18966,-2.49743,-0.533803,1.19797,-2.49743,-0.526322,1.17851,-2.5098,-0.589978,1.27771,-2.7085,-0.59838,1.29847,-2.69522,-0.576051,1.30751,-2.69522,-0.568016,1.2866,-2.7085
-0.0012013,-1.40814,2.01601,-3.84308,838902398,-0.567109,1.16199,-2.5098,-0.575272,1.18118,-2.49743,-0.554745,1.18949,-2.49743,-0.546922,1.17017,-2.5098,-0.612355,1.26866,-2.7085,-0.621122,1.28926,-2.69522,-0.598794,1.2983,-2.69522,-0.590393,1.27755,-2.7085
0.0061956,-1.4089,2.03334,-3.15233,838902399,-0.586583,1.15081,-2.5098,-0.595075,1.16985,-2.49743,-0.574851,1.17887,-2.49743,-0.566694,1.15969,-2.5098,-0.633777,1.25661,-2.7085,-0.642898,1.27706,-2.69522,-0.620899,1.28687,-2.69522,-0.612139,1.26626,-2.7085
-0.0176174,-1.40812,2.05053,-2.98046,838902400,-0.60688,1.14176,-2.5098,-0.615708,1.16065,-2.49743,-0.595484,1.16967,-2.49743,-0.586991,1.15063,-2.5098,-0.655823,1.24677,-2.7085,-0.665305,1.26706,-2.69522,-0.643306,1.27687,-2.69522,-0.634185,1.25643,-2.7085
0.105172,-1.40889,2.06786,3.94429,838902401,-0.625951,1.1299,-2.5098,-0.635104,1.14863,-2.49743,-0.615206,1.15836,-2.49743,-0.606385,1.13947,-2.5098,-0.676812,1.23399,-2.7085,-0.686641,1.2541,-2.69522,-0.664998,1.26468,-2.69522,-0.655524,1.24439,-2.7085
0.150797,-1.42621,-0.164606,3.39367,838902785,1.27588,-0.200346,-2.55868,1.29637,-0.204687,-2.54647,1.29178,-0.226352,-2.54647,1.27137,-0.221651,-2.55868,1.3877,-0.224039,-2.75827,1.4097,-0.228701,-2.74516,1.40471,-0.252267,-2.74516,1.38279,-0.247218,-2.75827
0.0593668,-1.42612,1.99883,52.3593,838902909,-0.546508,1.17033,-2.55868,-0.554366,1.18975,-2.54647,-0.533839,1.19806,-2.54647,-0.526322,1.17851,-2.55868,-0.589398,1.27628,-2.75827,-0.597838,1.29713,-2.74516,-0.57551,1.30617,-2.74516,-0.567436,1.28517,-2.75827
0.0263609,-1.42532,2.01601,84.5557,838902910,-0.567109,1.16199,-2.55868,-0.575308,1.18127,-2.54647,-0.554781,1.18958,-2.54647,-0.546922,1.17017,-2.55868,-0.611775,1.26722,-2.75827,-0.620581,1.28792,-2.74516,-0.598252,1.29696,-2.74516,-0.589813,1.27611,-2.75827
-0.0798428,-1.42609,2.03334,-2.25496,838902911,-0.586583,1.15081,-2.55868,-0.595114,1.16994,-2.54647,-0.574889,1.17896,-2.54647,-0.566694,1.15969,-2.55868,-0.633147,1.2552,-2.75827,-0.64231,1.27574,-2.74516,-0.620311,1.28555,-2.74516,-0.611509,1.26485,-2.75827
-0.0749567,-1.4253,2.05053,-2.41697,838902912,-0.60688,1.14176,-2.55868,-0.615747,1.16073,-2.54647,-0.595522,1.16976,-2.54647,-0.586991,1.15063,-2.55868,-0.655193,1.24536,-2.75827,-0.664717,1.26574,-2.74516,-0.642718,1.27556,-2.74516,-0.633555,1.25502,-2.75827
-0.103801,-1.42607,2.06786,-2.13618,838902913,-0.625951,1.1299,-2.55868,-0.635145,1.14872,-2.54647,-0.615248,1.15844,-2.54647,-0.606385,1.13947,-2.55868,-0.676133,1.2326,-2.75827,-0.686007,1.25281,-2.74516,-0.664365,1.26338,-2.74516,-0.654845,1.243,-2.75827
0.314162,-1.4253,-0.742,-34.7682,838903112,0.960785,-0.865338,-2.55868,0.975607,-0.880135,-2.54647,0.959688,-0.895531,-2.54647,0.94513,-0.880477,-2.55868,1.04162,-0.946169,-2.75827,1.05754,-0.962062,-2.74516,1.04022,-0.978808,-2.74516,1.02459,-0.96264,-2.75827
0.257912,-1.42616,-0.479153,10.9545,838903127,1.15136,-0.585294,-2.55868,1.16951,-0.595753,-2.54647,1.15845,-0.614939,-2.54647,1.14049,-0.604161,-2.55868,1.25039,-0.642378,-2.75827,1.26987,-0.653611,-2.74516,1.25784,-0.67448,-2.74516,1.23855,-0.662905,-2.75827
0.334668,-1.42538,-0.220354,-5.15129,838903142,1.26406,-0.271471,-2.55868,1.2843,-0.276873,-2.54647,1.27821,-0.298166,-2.54647,1.25808,-0.292411,-2.55868,1.37449,-0.301042,-2.75827,1.39622,-0.306843,-2.74516,1.3896,-0.330004,-2.74516,1.36798,-0.323823,-2.75827
0.127425,-1.42618,-0.203025,19.8106,838903143,1.26724,-0.249241,-2.55868,1.28756,-0.25429,-2.54647,1.28222,-0.275782,-2.54647,1.26199,-0.270377,-2.55868,1.37817,-0.276796,-2.75827,1.4,-0.282218,-2.74516,1.39419,-0.305596,-2.74516,1.37246,-0.299791,-2.75827
1.54622,-1.44337,-0.164608,-0.0570306,838903297,1.27588,-0.200346,-2.60821,1.29646,-0.204706,-2.59617,1.29187,-0.226371,-2.59617,1.27137,-0.221651,-2.60821,1.38618,-0.223717,-2.80869,1.40828,-0.2284,-2.79575,1.40329,-0.251966,-2.79575,1.38127,-0.246896,-2.80869
0.275687,-1.44255,-0.147421,-2.72628,838903298,1.28049,-0.178604,-2.60821,1.30114,-0.182604,-2.59617,1.29655,-0.204269,-2.59617,1.27597,-0.199909,-2.60821,1.39118,-0.200101,-2.80869,1.41337,-0.204398,-2.79575,1.40837,-0.227963,-2.79575,1.38627,-0.22328,-2.80869
0.214822,-1.44324,1.68427,34.005,838903403,-0.157606,1.28203,-2.60821,-0.159089,1.30302,-2.59617,-0.136998,1.30458,-2.59617,-0.135882,1.28357,-2.60821,-0.165551,1.3945,-2.80869,-0.167143,1.41704,-2.79575,-0.143115,1.41873,-2.79575,-0.141917,1.39617,-2.80869
0.759142,-1.44245,1.70146,8.90517,838903404,-0.179776,1.28047,-2.60821,-0.181625,1.30143,-2.59617,-0.159535,1.30299,-2.59617,-0.158052,1.282,-2.60821,-0.189632,1.3928,-2.80869,-0.191618,1.41531,-2.79575,-0.167589,1.417,-2.79575,-0.165997,1.39447,-2.80869
-0.411887,-1.44245,2.05052,-3.12017,838903424,-0.60688,1.14176,-2.60821,-0.615785,1.16082,-2.59617,-0.595561,1.16984,-2.59617,-0.586991,1.15063,-2.60821,-0.654561,1.24395,-2.80869,-0.664125,1.26442,-2.79575,-0.642127,1.27423,-2.79575,-0.632923,1.2536,-2.80869
0.529287,-1.44258,-0.534903,-6.94812,838903636,1.11798,-0.649196,-2.60821,1.13564,-0.660638,-2.59617,1.12327,-0.679009,-2.59617,1.10582,-0.667261,-2.60821,1.21258,-0.710572,-2.80869,1.23154,-0.722861,-2.79575,1.21809,-0.742844,-2.79575,1.19935,-0.730227,-2.80869
0.126325,-1.44333,-0.203027,5.47422,838903655,1.26724,-0.249241,-2.60821,1.28765,-0.254313,-2.59617,1.28232,-0.275805,-2.59617,1.26199,-0.270377,-2.60821,1.37666,-0.276422,-2.80869,1.39859,-0.281868,-2.79575,1.39278,-0.305246,-2.79575,1.37095,-0.299416,-2.80869
0.172953,-1.44258,-0.185837,7.69962,838903656,1.2726,-0.227672,-2.60821,1.2931,-0.232386,-2.59617,1.28776,-0.253879,-2.59617,1.26735,-0.248807,-2.60821,1.38248,-0.252994,-2.80869,1.4045,-0.258056,-2.79575,1.39869,-0.281434,-2.79575,1.37677,-0.275988,-2.80869
0.324391,-1.46037,0.0770032,10.5307,838903823,1.28689,0.110733,-2.65843,1.30801,0.111487,-2.64655,1.3088,0.0893557,-2.64655,1.28767,0.0889687,-2.65843,1.39801,0.114704,-2.85978,1.42069,0.115515,-2.84702,1.42155,0.0914415,-2.84702,1.39886,0.0910259,-2.85978
0.454033,-1.4596,0.0941897,3.90346,838903824,1.2861,0.132943,-2.65843,1.3072,0.134066,-2.64655,1.30799,0.111934,-2.64655,1.28688,0.111179,-2.65843,1.39715,0.138829,-2.85978,1.41981,0.140034,-2.84702,1.42067,0.115961,-2.84702,1.39799,0.115151,-2.85978
0.115433,-1.46041,0.11152,5.62347,838903825,1.28225,0.155067,-2.65843,1.30333,0.156558,-2.64655,1.30489,0.134468,-2.64655,1.28379,0.133343,-2.65843,1.39316,0.162916,-2.85978,1.41579,0.164518,-2.84702,1.4175,0.14049,-2.84702,1.39483,0.139282,-2.85978
0.190564,-1.46039,-1.8409,48.9152,838904073,-0.333627,-1.24782,-2.65843,-0.340142,-1.26792,-2.64655,-0.361209,-1.26109,-2.64655,-0.354343,-1.2411,-2.65843,-0.367913,-1.35359,-2.85978,-0.37491,-1.37517,-2.84702,-0.397825,-1.36774,-2.84702,-0.390451,-1.34628,-2.85978
0.212641,-1.4597,-0.534905,10.8496,838904148,1.11798,-0.649196,-2.65843,1.13571,-0.66069,-2.64655,1.12335,-0.679061,-2.64655,1.10582,-0.667261,-2.65843,1.21128,-0.709701,-2.85978,1.23033,-0.722046,-2.84702,1.21688,-0.742028,-2.84702,1.19805,-0.729356,-2.85978
0.185897,-1.47677,-0.147426,49.4737,838904322,1.28049,-0.178604,-2.70935,1.30132,-0.182643,-2.69763,1.29673,-0.204307,-2.69763,1.27597,-0.199909,-2.70935,1.38813,-0.199453,-2.91156,1.4105,-0.203791,-2.89897,1.40551,-0.227356,-2.89897,1.38321,-0.222632,-2.91156
0.1214,-1.47744,0.00797151,39.5463,838904331,1.29152,0.0217137,-2.70935,1.31273,0.0209896,-2.69763,1.31197,-0.00114334,-2.69763,1.29078,-5.13933e-05,-2.70935,1.40108,0.017972,-2.91156,1.42386,0.0171943,-2.89897,1.42303,-0.0068802,-2.89897,1.40027,-0.00570748,-2.91156
0.52533,-1.47672,0.93429,-5.00493,838904384,0.7593,1.04651,-2.70935,0.772647,1.06301,-2.69763,0.789621,1.04879,-2.69763,0.775992,1.03252,-2.70935,0.828239,1.13176,-2.91156,0.842574,1.14948,-2.89897,0.861037,1.13401,-2.89897,0.846399,1.11654,-2.91156
0.0504803,-1.47759,1.23165,-2.89862,838904401,0.418857,1.22171,-2.70935,0.426794,1.24139,-2.69763,0.447332,1.23311,-2.69763,0.439054,1.21356,-2.70935,0.459857,1.32337,-2.91156,0.468381,1.34451,-2.89897,0.490721,1.3355,-2.89897,0.481831,1.31451,-2.91156
0.101705,-1.47749,1.30069,17.4348,838904405,0.333627,1.24782,-2.70935,0.34017,1.268,-2.69763,0.361237,1.26117,-2.69763,0.354343,1.2411,-2.70935,0.36743,1.3521,-2.91156,0.374457,1.37378,-2.89897,0.397372,1.36635,-2.89897,0.389969,1.34479,-2.91156
0.104991,-1.47745,1.43875,-2.66657,838904413,0.158747,1.28189,-2.70935,0.162415,1.30279,-2.69763,0.184227,1.29897,-2.69763,0.180196,1.27813,-2.70935,0.177696,1.38986,-2.91156,0.181636,1.41231,-2.89897,0.205362,1.40815,-2.89897,0.201033,1.38577,-2.91156
0.0698655,-1.47668,1.66694,36.9623,838904426,-0.135482,1.28588,-2.70935,-0.136605,1.30707,-2.69763,-0.114474,1.30786,-2.69763,-0.113718,1.28666,-2.70935,-0.141298,1.39536,-2.91156,-0.142504,1.41813,-2.89897,-0.118431,1.41898,-2.89897,-0.11762,1.39621,-2.91156
-0.0597919,-1.47746,1.68427,-1.83365,838904427,-0.157606,1.28203,-2.70935,-0.159102,1.3032,-2.69763,-0.137011,1.30476,-2.69763,-0.135882,1.28357,-2.70935,-0.165331,1.39138,-2.91156,-0.166937,1.41412,-2.89897,-0.142909,1.41581,-2.89897,-0.141697,1.39305,-2.91156
0.00939727,-1.47666,1.70145,-0.97248,838904428,-0.179776,1.28047,-2.70935,-0.181638,1.30161,-2.69763,-0.159548,1.30317,-2.69763,-0.158052,1.282,-2.70935,-0.189411,1.38968,-2.91156,-0.191412,1.41239,-2.89897,-0.167383,1.41408,-2.89897,-0.165777,1.39135,-2.91156
-0.0827749,-1.47744,1.71879,-1.68077,838904429,-0.201752,1.27585,-2.70935,-0.203985,1.29695,-2.69763,-0.181963,1.29928,-2.69763,-0.180095,1.27814,-2.70935,-0.213291,1.38486,-2.91156,-0.21569,1.40753,-2.89897,-0.191735,1.41006,-2.89897,-0.189729,1.38736,-2.91156
-0.0412311,-1.47665,1.73597,-1.19867,838904430,-0.223853,1.27351,-2.70935,-0.226453,1.29458,-2.69763,-0.20443,1.29691,-2.69763,-0.202196,1.2758,-2.70935,-0.237297,1.38232,-2.91156,-0.240089,1.40494,-2.89897,-0.216135,1.40748,-2.89897,-0.213735,1.38482,-2.91156
0,-1.4767,1.83952,0,838904436,-0.354252,1.24347,-2.70935,-0.359041,1.26415,-2.69763,-0.337383,1.26877,-2.69763,-0.332954,1.24802,-2.70935,-0.379005,1.35028,-2.91156,-0.384148,1.37249,-2.89897,-0.36059,1.37752,-2.89897,-0.355833,1.35523,-2.91156
-0.0938357,-1.47751,1.85685,-1.55596,838904437,-0.375371,1.23584,-2.70935,-0.380522,1.25643,-2.69763,-0.359039,1.2618,-2.69763,-0.354245,1.24113,-2.70935,-0.401981,1.34219,-2.91156,-0.407513,1.36429,-2.89897,-0.384145,1.37014,-2.89897,-0.378996,1.34794,-2.91156
-0.214081,-1.47674,1.87403,-0.92961,838904438,-0.396931,1.23045,-2.70935,-0.402439,1.25094,-2.69763,-0.380956,1.25632,-2.69763,-0.375805,1.23573,-2.70935,-0.425399,1.33633,-2.91156,-0.431315,1.35834,-2.89897,-0.407947,1.36419,-2.89897,-0.402414,1.34208,-2.91156
-0.0687549,-1.47756,1.89137,-1.60398,838904439,-0.41777,1.22208,-2.70935,-0.423637,1.24248,-2.69763,-0.402355,1.2486,-2.69763,-0.396841,1.2281,-2.70935,-0.448078,1.32743,-2.91156,-0.454379,1.34933,-2.89897,-0.431229,1.35599,-2.89897,-0.425308,1.33398,-2.91156
0.0456529,-1.4768,1.90855,-40.5093,838904440,-0.439129,1.21594,-2.70935,-0.44535,1.23623,-2.69763,-0.424067,1.24235,-2.69763,-0.4182,1.22196,-2.70935,-0.471277,1.32076,-2.91156,-0.477958,1.34255,-2.89897,-0.454809,1.34921,-2.89897,-0.448507,1.32731,-2.91156
-0.0442727,-1.47759,1.92978,-2.64475,838904441,-0.464436,1.20512,-2.70935,-0.471006,1.2253,-2.69763,-0.449949,1.23215,-2.69763,-0.443728,1.21186,-2.70935,-0.498377,1.30935,-2.91156,-0.505434,1.33102,-2.89897,-0.482529,1.33848,-2.89897,-0.475848,1.31669,-2.91156
0.218884,-1.47677,1.94697,-47.9861,838904442,-0.485569,1.19824,-2.70935,-0.492489,1.2183,-2.69763,-0.471432,1.22516,-2.69763,-0.464861,1.20498,-2.70935,-0.521331,1.30188,-2.91156,-0.528764,1.32343,-2.89897,-0.505859,1.33089,-2.89897,-0.498802,1.30922,-2.91156
-0.069464,-1.47753,1.9643,-0.99351,838904443,-0.505776,1.18844,-2.70935,-0.513047,1.20838,-2.69763,-0.492242,1.21597,-2.69763,-0.485316,1.19591,-2.70935,-0.543337,1.29143,-2.91156,-0.551146,1.31284,-2.89897,-0.528515,1.32109,-2.89897,-0.521078,1.29955,-2.91156
0.0104604,-1.47672,1.98149,91.2549,838904444,-0.526655,1.18083,-2.70935,-0.534272,1.20064,-2.69763,-0.513467,1.20823,-2.69763,-0.506196,1.18829,-2.70935,-0.566016,1.28316,-2.91156,-0.574196,1.30443,-2.89897,-0.551566,1.31269,-2.89897,-0.543757,1.29128,-2.91156
0.0637691,-1.47749,1.99882,-0.83826,838904445,-0.546508,1.17033,-2.70935,-0.554471,1.19,-2.69763,-0.533943,1.19831,-2.69763,-0.526322,1.17851,-2.70935,-0.587643,1.27194,-2.91156,-0.596195,1.29307,-2.89897,-0.573866,1.30211,-2.89897,-0.565681,1.28084,-2.91156
0.0648289,-1.47668,2.016,30.0398,838904446,-0.567109,1.16199,-2.70935,-0.575413,1.18153,-2.69763,-0.554885,1.18984,-2.69763,-0.546922,1.17017,-2.70935,-0.610019,1.26289,-2.91156,-0.618937,1.28386,-2.89897,-0.596609,1.2929,-2.89897,-0.588057,1.27178,-2.91156
0.00862838,-1.47746,2.03334,-2.12066,838904447,-0.586583,1.15081,-2.70935,-0.595228,1.17019,-2.69763,-0.575003,1.17921,-2.69763,-0.566694,1.15969,-2.70935,-0.631241,1.25093,-2.91156,-0.640526,1.27174,-2.89897,-0.618527,1.28155,-2.89897,-0.609603,1.26058,-2.91156
0.0363792,-1.47666,2.05052,-1.28171,838904448,-0.60688,1.14176,-2.70935,-0.615861,1.16099,-2.69763,-0.595636,1.17001,-2.69763,-0.586991,1.15063,-2.70935,-0.653287,1.24109,-2.91156,-0.662933,1.26174,-2.89897,-0.640934,1.27156,-2.89897,-0.631649,1.25074,-2.91156
0.0483591,-1.47744,2.06785,-1.83795,838904449,-0.625951,1.1299,-2.70935,-0.635268,1.14897,-2.69763,-0.61537,1.15869,-2.69763,-0.606385,1.13947,-2.70935,-0.674079,1.2284,-2.91156,-0.684085,1.24887,-2.89897,-0.662442,1.25945,-2.89897,-0.652791,1.2388,-2.91156
0.160741,-1.47665,2.08504,9.71421,838904450,-0.645919,1.12015,-2.70935,-0.655567,1.13905,-2.69763,-0.635669,1.14877,-2.69763,-0.626353,1.12971,-2.70935,-0.695768,1.2178,-2.91156,-0.706129,1.2381,-2.89897,-0.684486,1.24868,-2.89897,-0.674481,1.2282,-2.91156
0.148962,-1.4768,2.25762,21.7369,838904460,-0.828521,0.992417,-2.70935,-0.841307,1.00936,-2.69763,-0.823402,1.02239,-2.69763,-0.810914,1.00523,-2.70935,-0.894581,1.07992,-2.91156,-0.908312,1.09811,-2.89897,-0.888837,1.11229,-2.89897,-0.875425,1.09386,-2.91156
0.170003,-1.47668,2.36507,8.00769,838904466,-0.930333,0.897955,-2.70935,-0.944817,0.913468,-2.69763,-0.928369,0.928298,-2.69763,-0.914159,0.912538,-2.70935,-1.00516,0.978086,-2.91156,-1.02072,0.994747,-2.89897,-1.00283,1.01088,-2.89897,-0.987566,0.993952,-2.91156
0.237164,-1.47759,2.97698,-13.9938,838904501,-1.27588,0.200346,-2.70935,-1.29664,0.204745,-2.69763,-1.29205,0.22641,-2.69763,-1.27137,0.221651,-2.70935,-1.38312,0.223069,-2.91156,-1.40542,0.227793,-2.89897,-1.40042,0.251359,-2.89897,-1.37821,0.246248,-2.91156
0.185332,-1.47668,-2.87092,-3.65991,838904526,-1.24282,-0.356715,-2.70935,-1.2635,-0.361501,-2.69763,-1.26811,-0.339842,-2.69763,-1.24736,-0.335416,-2.70935,-1.34963,-0.381454,-2.91156,-1.37184,-0.386594,-2.89897,-1.37686,-0.363035,-2.89897,-1.35457,-0.358281,-2.91156
0.225882,-1.47746,-2.85359,-11.8891,838904527,-1.23519,-0.377835,-2.70935,-1.25577,-0.382983,-2.69763,-1.26115,-0.361499,-2.69763,-1.24047,-0.356707,-2.70935,-1.34153,-0.40443,-2.91156,-1.36364,-0.40996,-2.89897,-1.36949,-0.386591,-2.89897,-1.34728,-0.381445,-2.91156
0.203696,-1.47677,-2.24182,-25.5708,838904562,-0.79492,-1.01963,-2.70935,-0.808835,-1.03566,-2.69763,-0.825302,-1.02085,-2.69763,-0.811113,-1.00507,-2.70935,-0.866795,-1.10243,-2.91156,-0.88174,-1.11964,-2.89897,-0.899651,-1.10353,-2.89897,-0.884412,-1.08658,-2.91156
0.239707,-1.47744,-2.08642,-34.0828,838904571,-0.626956,-1.12935,-2.70935,-0.638187,-1.14735,-2.69763,-0.656977,-1.13563,-2.69763,-0.645434,-1.11782,-2.70935,-0.684975,-1.22236,-2.91156,-0.697037,-1.24169,-2.89897,-0.717475,-1.22894,-2.89897,-0.705078,-1.20982,-2.91156
0.153364,-1.47674,-1.96569,-21.1897,838904578,-0.48685,-1.19772,-2.70935,-0.495805,-1.21696,-2.69763,-0.515718,-1.20727,-2.69763,-0.506431,-1.18819,-2.70935,-0.533099,-1.29713,-2.91156,-0.542717,-1.31779,-2.89897,-0.564376,-1.30725,-2.89897,-0.554403,-1.28676,-2.91156
0.58771,-1.47749,-0.793706,-3.92023,838904645,0.913827,-0.912838,-2.70935,0.928037,-0.928597,-2.69763,0.91159,-0.943427,-2.69763,0.897653,-0.927421,-2.70935,0.987234,-0.994251,-2.91156,1.0025,-1.01118,-2.89897,0.984605,-1.02731,-2.89897,0.969638,-1.01012,-2.91156
0.3195,-1.47668,-0.776522,0.147131,838904646,0.930333,-0.897955,-2.70935,0.944817,-0.913468,-2.69763,0.928369,-0.928298,-2.69763,0.914159,-0.912538,-2.70935,1.00516,-0.978086,-2.91156,1.02072,-0.994747,-2.89897,1.00283,-1.01088,-2.89897,0.987566,-0.993952,-2.91156
0.120512,-1.47759,-0.513677,27.0831,838904661,1.13041,-0.624641,-2.70935,1.14842,-0.635874,-2.69763,1.13669,-0.654663,-2.69763,1.11889,-0.643117,-2.70935,1.22342,-0.682672,-2.91156,1.24275,-0.694737,-2.89897,1.23,-0.715173,-2.89897,1.21087,-0.702773,-2.91156
0.178215,-1.4767,-0.254878,21.2034,838904676,1.25401,-0.314946,-2.70935,1.27431,-0.321137,-2.69763,1.26748,-0.342204,-2.69763,1.24729,-0.335663,-2.70935,1.35888,-0.346913,-2.91156,1.38068,-0.353562,-2.89897,1.37326,-0.376478,-2.89897,1.35158,-0.369453,-2.91156
0.125836,0.0117289,0.357795,-3.26342,838926879,1.21491,0.442639,0.0269319,1.21492,0.442629,0.00338403,1.20607,0.462543,0.00338405,1.20607,0.462543,0.026932,1.42675,0.532319,0.028832,1.42675,0.532308,0.00338403,1.41628,0.55589,0.00338405,1.41628,0.55589,0.0288321
0.197009,0.0117394,0.655003,-50.5205,838926896,1.03096,0.778188,0.0269319,1.03096,0.778188,0.00338401,1.01697,0.794893,0.00338408,1.01698,0.794884,0.026932,1.2073,0.92585,0.028832,1.2073,0.92585,0.003384,1.19073,0.945633,0.00338408,1.19074,0.945624,0.0288321
0.137663,0.011729,2.83577,1.93971,838927021,-1.22971,0.399652,0.0269319,-1.22971,0.399662,0.00338403,-1.235,0.378526,0.00338405,-1.235,0.378526,0.0269319,-1.45185,0.459396,0.028832,-1.45185,0.459407,0.00338403,-1.45812,0.434377,0.00338405,-1.45812,0.434377,0.0288321
-0.248313,0.0302948,0.551466,-1.76493,838927402,1.10572,0.667377,0.0508939,1.10589,0.667485,0.0273468,1.09372,0.685561,0.0273468,1.09357,0.685444,0.0508939,1.29652,0.79577,0.054686,1.2967,0.795887,0.0292388,1.28229,0.817294,0.0292388,1.28213,0.817167,0.054686
0.205231,0.0302642,-1.38753,-43.1887,838927651,0.224947,-1.27332,0.0508939,0.224984,-1.27351,0.0273468,0.24613,-1.26826,0.0273468,0.246083,-1.26807,0.0508939,0.276474,-1.49748,0.054686,0.276514,-1.49769,0.0292388,0.301556,-1.49147,0.0292388,0.301505,-1.49127,0.054686
0.281046,0.0302642,-1.03846,31.8699,838927671,0.646882,-1.11959,0.0508939,0.646981,-1.11976,0.0273468,0.665056,-1.10759,0.0273468,0.664948,-1.10743,0.0508939,0.77197,-1.31261,0.0546859,0.772078,-1.31279,0.0292388,0.793483,-1.29839,0.0292389,0.793366,-1.29821,0.054686
0.129951,0.0488336,0.620497,28.4538,838927918,1.05717,0.742129,0.0748583,1.05747,0.742367,0.0513136,1.04408,0.75955,0.0513136,1.04378,0.759304,0.0748583,1.23851,0.883504,0.0805421,1.23884,0.883762,0.0550975,1.22297,0.904111,0.0550975,1.22265,0.903844,0.080542
0.250969,0.0487914,0.952399,11.7917,838927937,0.7584,1.04716,0.0748582,0.758615,1.04749,0.0513135,0.740149,1.05905,0.0513136,0.739943,1.05872,0.0748583,0.883852,1.2399,0.080542,0.884084,1.24025,0.0550974,0.862217,1.25395,0.0550976,0.861994,1.25359,0.0805421
0.28888,0.0488323,-2.13752,47.2184,838928120,-0.702629,-1.08387,0.0748583,-0.702823,-1.0842,0.0513136,-0.683965,-1.09511,0.0513136,-0.68378,-1.09477,0.0748583,-0.8178,-1.28288,0.0805421,-0.818009,-1.28324,0.0550975,-0.795677,-1.29617,0.0550975,-0.795477,-1.2958,0.080542
0.110563,0.0673001,0.426833,-18.7071,838928419,1.18145,0.525362,0.0988267,1.18197,0.525625,0.075286,1.17176,0.544872,0.075286,1.17125,0.544599,0.0988267,1.38641,0.629555,0.106402,1.38697,0.62984,0.0809616,1.37488,0.652633,0.0809616,1.37432,0.652339,0.106402
0.180334,0.0673013,0.952403,10.8384,838928449,0.7584,1.04716,0.0988267,0.758717,1.04765,0.0752859,0.740252,1.05922,0.075286,0.739943,1.05872,0.0988267,0.883823,1.23986,0.106402,0.884166,1.24038,0.0809615,0.862299,1.25408,0.0809616,0.861966,1.25355,0.106402
0.132254,0.0857904,0.603342,0.179083,838928941,1.07081,0.724624,0.122801,1.07143,0.725092,0.0992656,1.05804,0.742275,0.0992656,1.05742,0.741799,0.122801,1.25452,0.862757,0.132267,1.25519,0.863263,0.106832,1.23933,0.883612,0.106833,1.23867,0.883098,0.132267
0.171241,0.0858643,0.620503,-29.1499,838928942,1.05717,0.742129,0.122801,1.05778,0.742605,0.0992656,1.04438,0.759789,0.0992657,1.04378,0.759304,0.122801,1.23841,0.883428,0.132267,1.23907,0.883942,0.106832,1.2232,0.904292,0.106833,1.22255,0.903768,0.132267
0,0.103722,-1.38752,0,838929699,0.224947,-1.27332,0.14541,0.225128,-1.27421,0.123253,0.246303,-1.26895,0.123253,0.246083,-1.26807,0.14541,0.276421,-1.49715,0.158875,0.276635,-1.49821,0.132711,0.301683,-1.49199,0.132711,0.301424,-1.49094,0.158875
0.129206,0.121204,0.202423,-10.5268,838929942,1.2673,0.248949,0.168009,1.26856,0.249261,0.145871,1.2633,0.270437,0.145871,1.26205,0.270086,0.168009,1.48992,0.304196,0.185468,1.4914,0.304565,0.159326,1.48519,0.329614,0.159326,1.48371,0.329199,0.185468
0.128163,0.121085,0.288795,49.2921,838929947,1.24251,0.357783,0.168009,1.24374,0.358188,0.145871,1.2363,0.378697,0.145871,1.23508,0.378255,0.168009,1.45949,0.432268,0.185468,1.46094,0.432747,0.159326,1.45214,0.457008,0.159326,1.4507,0.456486,0.185468
0.122775,0.121201,0.478526,-21.0338,838929958,1.1515,0.585028,0.168009,1.15262,0.585676,0.145871,1.14173,0.60458,0.145871,1.14063,0.603898,0.168009,1.35024,0.699539,0.185468,1.35157,0.700304,0.159326,1.33868,0.722666,0.159326,1.33738,0.721861,0.185468
0.0503975,0.138446,0.534326,-4.12675,838930473,1.11812,0.648961,0.190634,1.11953,0.649868,0.168522,1.10735,0.667969,0.168522,1.10596,0.667029,0.190634,1.31036,0.773522,0.212083,1.31203,0.774592,0.185971,1.29762,0.796005,0.185971,1.29598,0.794895,0.212083
-0.00676294,0.138563,0.551495,-3.80936,838930474,1.10572,0.667377,0.190634,1.10712,0.668316,0.168522,1.09494,0.686417,0.168522,1.09357,0.685445,0.190634,1.29574,0.795243,0.212083,1.29739,0.796352,0.185971,1.28298,0.817765,0.185971,1.28136,0.816616,0.212083
-0.0167473,0.138438,0.568842,-3.43193,838930475,1.09513,0.687206,0.190634,1.09651,0.688161,0.168522,1.08371,0.705825,0.168522,1.08234,0.704838,0.190634,1.2829,0.818404,0.212083,1.28454,0.819532,0.185971,1.26939,0.840429,0.185971,1.26778,0.839263,0.212083
0.0100354,0.138555,0.58601,-57.1604,838930476,1.0821,0.705177,0.190634,1.08346,0.706164,0.168522,1.07066,0.723829,0.168522,1.06932,0.722809,0.190634,1.26753,0.839602,0.212083,1.26914,0.840768,0.185971,1.25399,0.861664,0.185971,1.25241,0.86046,0.212083
-0.063837,0.138431,0.603357,-3.76454,838930477,1.07081,0.724624,0.190634,1.07217,0.725627,0.168522,1.05875,0.742833,0.168522,1.05742,0.741799,0.190634,1.25389,0.8623,0.212083,1.25549,0.863485,0.185971,1.23962,0.883839,0.185971,1.23805,0.882618,0.212083
0.0178461,0.155772,0.534335,-3.03623,838930985,1.11812,0.648961,0.213293,1.11985,0.650082,0.191213,1.10767,0.668183,0.191213,1.10596,0.667029,0.213293,1.31002,0.773294,0.238724,1.31207,0.774618,0.212651,1.29766,0.79603,0.212651,1.29564,0.794668,0.238724
-0.0825885,0.155903,0.551501,-3.37323,838930986,1.10572,0.667377,0.213293,1.10744,0.668531,0.191213,1.09526,0.686632,0.191214,1.09357,0.685445,0.213293,1.2954,0.795015,0.238724,1.29743,0.796378,0.212651,1.28302,0.81779,0.212651,1.28102,0.816389,0.238724
-0.014333,0.155762,0.568851,-3.21341,838930987,1.09513,0.687206,0.213293,1.09682,0.688387,0.191213,1.08402,0.706051,0.191214,1.08234,0.704838,0.213293,1.28257,0.818165,0.238724,1.28457,0.81956,0.212651,1.26943,0.840456,0.212651,1.26745,0.839023,0.238724
0.0359437,0.155895,0.586016,-2.44789,838930988,1.0821,0.705177,0.213293,1.08377,0.70639,0.191213,1.07097,0.724055,0.191213,1.06932,0.722809,0.213293,1.2672,0.839362,0.238724,1.26918,0.840795,0.212651,1.25403,0.861691,0.212651,1.25208,0.86022,0.238724
-0.0099533,0.155755,0.603366,-4.24933,838930989,1.07081,0.724624,0.213293,1.07247,0.725863,0.191213,1.05905,0.74307,0.191213,1.05742,0.741799,0.213293,1.25357,0.86205,0.238724,1.25552,0.863513,0.212651,1.23965,0.883868,0.212651,1.23773,0.882367,0.238724
0.208322,0.155884,2.46939,23.0225,838931096,-1.00386,0.81288,0.213293,-1.00553,0.814096,0.191214,-1.01837,0.796458,0.191213,-1.01667,0.795273,0.213293,-1.18869,0.94744,0.238724,-1.19066,0.948876,0.212651,-1.20585,0.928011,0.212651,-1.20385,0.926612,0.238724
0.164437,0.155747,-0.374806,38.6583,838931293,1.19922,-0.483513,0.213293,1.20117,-0.484191,0.191213,1.20794,-0.463448,0.191213,1.20597,-0.462808,0.213293,1.41535,-0.558165,0.238724,1.41766,-0.558966,0.212651,1.42566,-0.534428,0.212651,1.42334,-0.533671,0.238724
-0.107676,0.17308,0.534343,-5.25698,838931497,1.11812,0.648961,0.235992,1.12017,0.650297,0.213952,1.10799,0.668398,0.213952,1.10596,0.667029,0.235992,1.30962,0.773028,0.265397,1.31205,0.774605,0.239371,1.29764,0.796017,0.239371,1.29524,0.794401,0.265397
0.0336361,0.173225,0.551507,-4.72706,838931498,1.10572,0.667377,0.235992,1.10776,0.668745,0.213952,1.09558,0.686846,0.213952,1.09357,0.685445,0.235992,1.29501,0.794749,0.265397,1.29741,0.796365,0.239371,1.283,0.817777,0.239371,1.28062,0.816122,0.265397
2.41058,0.173069,0.56886,-1.07338,838931499,1.09513,0.687206,0.235992,1.09713,0.688612,0.213952,1.08433,0.706276,0.213952,1.08234,0.704838,0.235992,1.28218,0.817885,0.265397,1.28455,0.819545,0.239371,1.26941,0.840442,0.239371,1.26706,0.838743,0.265397
0.120961,0.173216,0.586022,20.3499,838931500,1.0821,0.705177,0.235992,1.08408,0.706616,0.213952,1.07128,0.72428,0.213952,1.06932,0.722809,0.235992,1.26682,0.839082,0.265397,1.26916,0.840781,0.239371,1.25401,0.861677,0.239371,1.2517,0.85994,0.265397
0.0238336,0.173061,0.603374,-4.48118,838931501,1.07081,0.724624,0.235992,1.07277,0.726099,0.213952,1.05936,0.743306,0.213952,1.05742,0.741799,0.235992,1.25319,0.861756,0.265397,1.2555,0.863499,0.239371,1.23964,0.883853,0.239371,1.23735,0.882074,0.265397
0.277281,0.173225,1.24964,30.2296,838931538,0.418053,1.22199,0.235992,0.418731,1.22434,0.213952,0.397765,1.23038,0.213952,0.397125,1.22801,0.235992,0.481178,1.44123,0.265397,0.481979,1.44401,0.239371,0.457178,1.45115,0.239371,0.456422,1.44836,0.265397
-0.130591,0.190424,0.534345,-3.18041,838932009,1.11812,0.648961,0.258872,1.12052,0.650491,0.236756,1.10832,0.66862,0.236756,1.10596,0.667029,0.258872,1.30914,0.772775,0.292181,1.31198,0.774577,0.26615,1.29758,0.795973,0.26615,1.29479,0.7941,0.292181
0.109713,0.190584,0.55152,-18.0722,838932010,1.10572,0.667377,0.258872,1.10809,0.668968,0.236756,1.09589,0.687097,0.236756,1.09357,0.685445,0.258872,1.29456,0.794449,0.292181,1.29734,0.796321,0.26615,1.28294,0.817718,0.26615,1.28021,0.815774,0.292181
0.642027,0.190413,0.568862,-6.13285,838932011,1.09513,0.687205,0.258872,1.09748,0.688819,0.236756,1.08465,0.70651,0.236756,1.08234,0.704838,0.258872,1.28171,0.817616,0.292181,1.28448,0.819515,0.26615,1.26934,0.840396,0.26615,1.26663,0.838427,0.292181
-0.00579864,0.190574,0.586036,-2.30724,838932012,1.0821,0.705177,0.258872,1.08441,0.70685,0.236756,1.07158,0.724541,0.236756,1.06932,0.72281,0.258872,1.26638,0.838767,0.292181,1.2691,0.840735,0.26615,1.25396,0.861616,0.26615,1.25129,0.859577,0.292181
-0.0428498,0.190404,0.603377,-1.96484,838932013,1.07081,0.724623,0.258872,1.07311,0.726318,0.236756,1.05967,0.74355,0.236756,1.05742,0.741798,0.258872,1.25273,0.861471,0.292181,1.25543,0.863466,0.26615,1.23957,0.883805,0.26615,1.23693,0.881742,0.292181
0.117658,0.190398,0.63789,-0.420223,838932015,1.04521,0.761169,0.258872,1.04744,0.762943,0.236756,1.03341,0.779696,0.236756,1.03123,0.777866,0.258872,1.22224,0.904287,0.292181,1.22486,0.906375,0.26615,1.20831,0.926148,0.26615,1.20574,0.923994,0.292181
0.227444,0.190574,0.935101,-12.8115,838932032,0.775655,1.03275,0.258872,0.777251,1.03511,0.236756,0.759149,1.04735,0.236756,0.757613,1.04495,0.258872,0.903134,1.22131,0.292181,0.905012,1.22409,0.26615,0.883647,1.23853,0.26615,0.88184,1.23571,0.292181
-0.0652437,0.20779,0.534354,-1.83368,838932521,1.11812,0.648961,0.281796,1.12084,0.650703,0.259733,1.10864,0.668831,0.259733,1.10596,0.667029,0.281796,1.30864,0.772438,0.319,1.31184,0.774488,0.293029,1.29745,0.795885,0.293029,1.29429,0.793763,0.319
0.0945424,0.207964,0.551526,17.5799,838932522,1.10572,0.667377,0.281796,1.1084,0.669179,0.259733,1.0962,0.687308,0.259733,1.09357,0.685445,0.281796,1.29406,0.794111,0.319,1.29721,0.796233,0.293029,1.28281,0.817629,0.293029,1.27971,0.815436,0.319
-0.0412563,0.207778,0.56887,-2.45187,838932523,1.09513,0.687205,0.281796,1.09778,0.689041,0.259733,1.08496,0.706732,0.259733,1.08234,0.704838,0.281796,1.28122,0.817262,0.319,1.28435,0.819422,0.293029,1.26921,0.840302,0.293029,1.26614,0.838072,0.319
0.10939,0.207953,0.586042,-17.2399,838932524,1.0821,0.705177,0.281796,1.08471,0.707072,0.259733,1.07189,0.724763,0.259733,1.06932,0.72281,0.281796,1.26589,0.838412,0.319,1.26897,0.840642,0.293029,1.25383,0.861523,0.293029,1.25081,0.859223,0.319
0.0100998,0.207768,0.603385,-2.45252,838932525,1.07081,0.724623,0.281796,1.07341,0.72655,0.259733,1.05997,0.743783,0.259733,1.05742,0.741798,0.281796,1.25226,0.8611,0.319,1.25531,0.863368,0.293029,1.23945,0.883707,0.293029,1.23645,0.881371,0.319
0.107659,0.207761,0.637899,13.6021,838932527,1.04521,0.761169,0.281796,1.04773,0.763186,0.259733,1.0337,0.779939,0.259733,1.03123,0.777866,0.281796,1.22177,0.903899,0.319,1.22474,0.906273,0.293029,1.20819,0.926046,0.293029,1.20527,0.923606,0.319
0.11326,0.207764,1.12501,27.0952,838932555,0.567352,1.16187,0.281796,0.568631,1.16484,0.259733,0.548379,1.17304,0.259733,0.547167,1.17005,0.281796,0.656219,1.3708,0.319,0.657726,1.37429,0.293029,0.633823,1.38397,0.293029,0.632396,1.38045,0.319
0.139621,0.225138,0.534362,-5.87661,838933033,1.11812,0.648961,0.304781,1.12115,0.650913,0.282776,1.10895,0.669042,0.282776,1.10596,0.667029,0.304781,1.30809,0.772064,0.345868,1.31166,0.774362,0.319967,1.29726,0.795758,0.319967,1.29374,0.793389,0.345868
0.215265,0.225326,-2.59006,38.4748,838933214,-1.10572,-0.667377,0.304781,-1.10872,-0.66939,0.282776,-1.09652,-0.687519,0.282776,-1.09357,-0.685445,0.304781,-1.2935,-0.793737,0.345868,-1.29702,-0.796106,0.319967,-1.28263,-0.817503,0.319967,-1.27915,-0.815062,0.345868
0.149002,0.242647,0.620567,5.08834,838933550,1.05717,0.742129,0.327834,1.06031,0.744578,0.305894,1.04687,0.76181,0.305894,1.04378,0.759304,0.327834,1.23508,0.880836,0.372793,1.23878,0.883718,0.346968,1.22292,0.904057,0.346967,1.21928,0.901107,0.372792
0.443807,0.242641,0.65508,-0.85704,838933552,1.03096,0.778188,0.327834,1.03401,0.780745,0.305894,1.01998,0.797498,0.305894,1.01698,0.794885,0.327834,1.20392,0.923024,0.372793,1.20752,0.926033,0.346968,1.19096,0.945806,0.346968,1.18742,0.942731,0.372793
0.0997703,0.24243,0.672429,25.7701,838933553,1.01835,0.796799,0.327834,1.02136,0.799406,0.305894,1.00675,0.815659,0.305894,1.00379,0.812997,0.327834,1.18877,0.944668,0.372792,1.19231,0.947736,0.346967,1.17508,0.966919,0.346967,1.17159,0.963786,0.372792
0.324399,0.259744,0.637924,-0.449258,838934063,1.04521,0.761169,0.350962,1.0486,0.763911,0.329094,1.03457,0.780664,0.329094,1.03123,0.777866,0.350962,1.22008,0.90248,0.399779,1.22407,0.905707,0.374038,1.20751,0.92548,0.374038,1.20358,0.922187,0.399779
0.186088,0.25978,0.883445,1.91771,838934077,0.828729,0.992243,0.350962,0.831353,0.995722,0.329094,0.813689,1.00858,0.329094,0.811124,1.00506,0.350962,0.964231,1.17165,0.399779,0.96732,1.17575,0.374038,0.946473,1.19093,0.374038,0.943453,1.18678,0.399779
0.201867,0.277091,0.637927,-3.39436,838934575,1.04521,0.761169,0.374308,1.04893,0.764142,0.352398,1.03488,0.78092,0.352398,1.03123,0.777866,0.374308,1.21937,0.901999,0.42688,1.22373,0.905484,0.4012,1.2072,0.92522,0.4012,1.20293,0.921641,0.42688
0.225791,0.294752,0.164055,9.99269,838935060,1.27593,0.200053,0.397732,1.28094,0.201113,0.375905,1.27641,0.222522,0.375905,1.27142,0.221358,0.397732,1.49413,0.246237,0.454045,1.5,0.24748,0.428462,1.49467,0.272665,0.428462,1.48882,0.2713,0.454045
0.102567,0.294715,0.620592,-2.41617,838935086,1.05717,0.74213,0.397732,1.06121,0.74528,0.375905,1.04775,0.762538,0.375905,1.04378,0.759305,0.397732,1.23306,0.87926,0.454045,1.2378,0.882952,0.428462,1.22197,0.903254,0.428462,1.21731,0.899464,0.454045
0.211286,0.294463,0.775987,9.49453,838935095,0.930521,0.897759,0.397732,0.934031,0.901492,0.375905,0.917782,0.91615,0.375905,0.91435,0.912346,0.397732,1.08276,1.0608,0.454045,1.08688,1.06517,0.428462,1.06776,1.08241,0.428462,1.06374,1.07796,0.454045
0.130026,0.312108,0.551569,-3.34304,838935594,1.10572,0.667378,0.421251,1.11028,0.670441,0.399514,1.09806,0.688597,0.399514,1.09357,0.685445,0.421251,1.28995,0.79135,0.48129,1.29529,0.794941,0.455811,1.28092,0.816299,0.455811,1.27565,0.812605,0.48129
0.163808,0.311803,0.672457,-3.54833,838935601,1.01835,0.796798,0.421251,1.0225,0.800388,0.399514,1.00787,0.816665,0.399514,1.00379,0.812997,0.421251,1.18608,0.942365,0.48129,1.19095,0.946572,0.455811,1.17374,0.96572,0.455811,1.16896,0.96142,0.48129
0.104218,0.312068,0.689623,7.25175,838935602,1.00351,0.81331,0.421251,1.00759,0.816978,0.399514,0.992963,0.833255,0.399514,0.988952,0.829508,0.421251,1.16868,0.961733,0.48129,1.17346,0.966033,0.455811,1.15625,0.98518,0.455811,1.15155,0.980789,0.48129
0.129656,0.329455,0.551574,28.9325,838936106,1.10572,0.667378,0.444874,1.11058,0.670644,0.423231,1.09836,0.6888,0.423231,1.09357,0.685445,0.444874,1.2891,0.790772,0.508621,1.29479,0.7946,0.483254,1.28041,0.815958,0.483254,1.27479,0.812026,0.508621
0.456598,0.329136,0.672465,-3.79475,838936113,1.01835,0.796798,0.444874,1.02277,0.800631,0.423231,1.00814,0.816908,0.423231,1.00379,0.812997,0.444874,1.18531,0.941673,0.508621,1.19049,0.946164,0.483254,1.17329,0.965312,0.483254,1.16819,0.960728,0.508621
0.166854,0.329166,-0.827341,50.8677,838936387,0.866931,-0.959158,0.444874,0.871062,-0.963302,0.423231,0.886281,-0.947577,0.423231,0.882076,-0.943508,0.444874,1.02309,-1.11562,0.508621,1.02793,-1.12048,0.483254,1.04583,-1.10198,0.483254,1.0409,-1.09721,0.508621
0.102217,0.346449,0.706986,-19.1188,838936627,0.990253,0.831468,0.468607,0.994799,0.835703,0.447065,0.979613,0.851459,0.447065,0.97514,0.847148,0.468606,1.15127,0.981323,0.536045,1.15659,0.986287,0.510795,1.13873,1.00482,0.510795,1.13349,0.999769,0.536045
0.251983,0.346761,-3.04655,47.7099,838936772,-1.28682,-0.111581,0.468607,-1.29297,-0.11244,0.447065,-1.28995,-0.134113,0.447065,-1.28381,-0.13315,0.468606,-1.50463,-0.141991,0.536045,-1.51184,-0.142998,0.510795,-1.50828,-0.168493,0.510795,-1.50109,-0.167363,0.536045
0.217782,0.364123,0.409608,-5.18468,838937122,1.18919,0.504253,0.492617,1.19514,0.507147,0.471046,1.18555,0.526853,0.471046,1.17966,0.523836,0.492617,1.38594,0.599984,0.563617,1.39287,0.603358,0.538468,1.38164,0.626441,0.538468,1.37478,0.622924,0.563617
0.119689,0.363816,0.637963,-21.6638,838937135,1.04521,0.761168,0.492617,1.05037,0.765309,0.471046,1.0363,0.782111,0.471046,1.03123,0.777865,0.492617,1.21536,0.898778,0.563617,1.22137,0.903606,0.538467,1.20489,0.923287,0.538468,1.19898,0.918337,0.563617
0.0975606,0.364119,0.655136,24.4394,838937136,1.03096,0.778189,0.492617,1.03603,0.782435,0.471046,1.02196,0.799237,0.471046,1.01698,0.794886,0.492617,1.19871,0.91866,0.563617,1.20462,0.923611,0.538468,1.18814,0.943292,0.538468,1.18233,0.938219,0.563617
0.0776767,0.36381,0.672476,-4.23095,838937137,1.01835,0.796798,0.492617,1.02336,0.801117,0.471046,1.00871,0.817417,0.471046,1.00379,0.812996,0.492617,1.18358,0.940266,0.563617,1.18943,0.945301,0.538468,1.17227,0.964395,0.538468,1.16653,0.959241,0.563617
-0.0143478,0.364116,0.689649,-4.87052,838937138,1.00351,0.81331,0.492617,1.00843,0.817731,0.471046,0.993779,0.834031,0.471046,0.988951,0.829509,0.492617,1.16625,0.959555,0.563617,1.17199,0.964709,0.538468,1.15483,0.983802,0.538468,1.1492,0.97853,0.563617
-0.049806,0.363809,0.706989,-2.06491,838937139,0.990253,0.831468,0.492617,0.99511,0.835959,0.471046,0.979902,0.851737,0.471046,0.97514,0.847148,0.492617,1.15038,0.980619,0.563617,1.15604,0.985855,0.538467,1.13823,1.00434,0.538468,1.13268,0.998987,0.563617
0.130212,0.381525,0.409614,12.2548,838937634,1.18919,0.504253,0.51674,1.19545,0.5073,0.49528,1.18587,0.527005,0.49528,1.17966,0.523836,0.51674,1.38488,0.599467,0.591284,1.39218,0.603019,0.566263,1.38094,0.626102,0.566263,1.37371,0.622406,0.591284
0.0955641,0.381234,0.568941,17.3029,838937643,1.09513,0.687204,0.51674,1.10085,0.69118,0.49528,1.08798,0.708923,0.49528,1.08235,0.704837,0.51674,1.27351,0.811907,0.591284,1.28018,0.816542,0.566263,1.26511,0.837326,0.566263,1.25854,0.832561,0.591284
0.135726,0.38153,0.620629,-27.594,838937646,1.05717,0.74213,0.51674,1.06266,0.746411,0.49528,1.04918,0.763695,0.49528,1.04378,0.759305,0.51674,1.22879,0.87593,0.591284,1.23519,0.880922,0.566263,1.21941,0.901167,0.566263,1.2131,0.896049,0.591284
-0.000656258,0.381205,0.637971,-2.79528,838937647,1.04521,0.761168,0.51674,1.05064,0.765534,0.49528,1.03657,0.782336,0.49528,1.03123,0.777865,0.51674,1.21445,0.898019,0.591284,1.22078,0.903109,0.566263,1.2043,0.92279,0.566263,1.19808,0.917578,0.591284
0.00878842,0.381521,0.655142,-2.53576,838937648,1.03096,0.778189,0.51674,1.0363,0.782659,0.49528,1.02223,0.799461,0.49528,1.01698,0.794886,0.51674,1.1978,0.917902,0.591284,1.20403,0.923114,0.566263,1.18755,0.942795,0.566263,1.18143,0.93746,0.591284
0.0715309,0.381199,0.672484,9.98302,838937649,1.01835,0.796798,0.51674,1.02362,0.80135,0.49528,1.00897,0.81765,0.49528,1.00379,0.812996,0.51674,1.18271,0.939476,0.591284,1.18885,0.944783,0.566263,1.17169,0.963877,0.566263,1.16565,0.958451,0.591284
-0.0647959,0.381517,0.689654,-2.16372,838937650,1.00351,0.81331,0.51674,1.00869,0.817964,0.49528,0.994039,0.834265,0.49528,0.988951,0.829509,0.51674,1.16537,0.958765,0.591284,1.17141,0.964191,0.566263,1.15425,0.983285,0.566263,1.14832,0.97774,0.591284
0.0490218,0.381197,0.706997,-2.30609,838937651,0.990253,0.831467,0.51674,0.995361,0.836201,0.49528,0.980153,0.85198,0.49528,0.97514,0.847148,0.51674,1.14953,0.979799,0.591284,1.15549,0.985318,0.566263,1.13767,1.0038,0.566263,1.13183,0.998167,0.591284
0.499132,0.381225,-1.28386,-50.1553,838937897,0.355319,-1.24317,0.51674,0.357566,-1.24976,0.49528,0.378165,-1.24228,0.49528,0.37579,-1.23574,0.51674,0.426059,-1.449,0.591284,0.428679,-1.45669,0.566263,0.452808,-1.44793,0.566263,0.450038,-1.4403,0.591284
0.138528,0.398596,0.112414,-3.61107,838938129,1.28598,0.134046,0.540994,1.29321,0.135175,0.51965,1.28942,0.15676,0.51965,1.28222,0.155497,0.540994,1.49975,0.167756,0.619063,1.50817,0.169071,0.594177,1.50374,0.194355,0.594177,1.49534,0.192882,0.619063
0.249397,0.398929,0.237054,-0.531846,838938136,1.25802,0.292552,0.540994,1.26505,0.294559,0.51965,1.25904,0.315631,0.51965,1.25204,0.313492,0.540994,1.46608,0.351972,0.619063,1.47428,0.354313,0.594177,1.46723,0.378996,0.594177,1.45908,0.376502,0.619063
0.220028,0.39895,0.551604,-15.5488,838938154,1.10572,0.667378,0.540994,1.11179,0.67146,0.51965,1.09955,0.689641,0.51965,1.09357,0.685446,0.540994,1.28524,0.788179,0.619063,1.29231,0.792938,0.594177,1.27798,0.814235,0.594177,1.271,0.809344,0.619063
0.0959284,0.398605,0.568949,-19.3566,838938155,1.09513,0.687204,0.540994,1.10113,0.691384,0.51965,1.08826,0.709127,0.51965,1.08235,0.704837,0.540994,1.27251,0.811179,0.619063,1.2795,0.816053,0.594177,1.26444,0.836836,0.594177,1.25753,0.831834,0.619063
0.0160467,0.398575,0.637979,-2.86919,838938159,1.04521,0.761168,0.540994,1.0509,0.765757,0.51965,1.03683,0.782559,0.51965,1.03123,0.777865,0.540994,1.2135,0.897224,0.619063,1.22014,0.902573,0.594177,1.20366,0.922254,0.594177,1.19713,0.916782,0.619063
0.931056,0.398904,0.655147,-0.929182,838938160,1.03096,0.778189,0.540994,1.03656,0.782883,0.51965,1.02249,0.799684,0.51965,1.01698,0.794886,0.540994,1.19685,0.917106,0.619063,1.20339,0.922578,0.594177,1.18691,0.942259,0.594177,1.18048,0.936665,0.619063
1.79599,0.398569,0.672492,-0.964215,838938161,1.01835,0.796798,0.540994,1.02388,0.801582,0.51965,1.00923,0.817883,0.51965,1.00379,0.812996,0.540994,1.18178,0.938648,0.619063,1.18823,0.944226,0.594177,1.17107,0.96332,0.594177,1.16473,0.957623,0.619063
0.103503,0.3989,0.68966,16.8757,838938162,1.00351,0.81331,0.540994,1.00895,0.818197,0.51965,0.994298,0.834497,0.51965,0.988951,0.829509,0.540994,1.16445,0.957937,0.619063,1.17079,0.963634,0.594177,1.15363,0.982727,0.594177,1.1474,0.976912,0.619063
-0.100426,0.398567,0.707005,-3.00129,838938163,0.990253,0.831467,0.540994,0.995612,0.836442,0.51965,0.980404,0.852221,0.51965,0.97514,0.847148,0.540994,1.14864,0.978939,0.619063,1.15488,0.984739,0.594177,1.13707,1.00322,0.594177,1.13093,0.997307,0.619063
0.233944,0.398914,1.66783,18.5549,838938218,-0.114121,1.2866,0.540994,-0.115131,1.29384,0.51965,-0.136835,1.29081,0.51965,-0.13569,1.28359,0.540994,-0.144012,1.5009,0.619063,-0.14519,1.50934,0.594177,-0.170614,1.5058,0.594177,-0.169278,1.49738,0.619063
0.130863,0.416287,0.0950731,18.0532,838938640,1.28682,0.111582,0.565387,1.2944,0.112641,0.544164,1.29137,0.134345,0.544164,1.28381,0.13315,0.565387,1.49983,0.141322,0.646959,1.50868,0.142556,0.622215,1.50513,0.16798,0.622215,1.49631,0.166587,0.646959
0.112285,0.415959,0.219891,15.5575,838938647,1.26412,0.271205,0.565387,1.27152,0.273176,0.544164,1.2655,0.294248,0.544164,1.25814,0.292146,0.565387,1.47196,0.32668,0.646959,1.48059,0.328978,0.622215,1.47354,0.353661,0.622215,1.46495,0.35121,0.646959
0.167496,0.415941,0.254407,-9.03587,838938649,1.25407,0.314682,0.565387,1.2614,0.31691,0.544164,1.25465,0.337759,0.544164,1.24736,0.335401,0.565387,1.45985,0.377382,0.646959,1.46839,0.37998,0.622215,1.46048,0.404402,0.622215,1.45199,0.401652,0.646959
0.113164,0.415928,0.637986,-12.8214,838938671,1.04521,0.761168,0.565387,1.05117,0.765979,0.544164,1.0371,0.782781,0.544164,1.03123,0.777865,0.565387,1.21251,0.896391,0.646959,1.21946,0.902,0.622215,1.20298,0.921681,0.622215,1.19613,0.91595,0.646959
0.217032,0.41627,0.655153,-10.455,838938672,1.03096,0.778189,0.565387,1.03683,0.783104,0.544164,1.02276,0.799906,0.544164,1.01698,0.794886,0.565387,1.19586,0.916274,0.646959,1.2027,0.922005,0.622215,1.18622,0.941686,0.622215,1.17948,0.935833,0.646959
0.221261,0.415921,0.6725,4.68197,838938673,1.01835,0.796798,0.565387,1.02413,0.801814,0.544164,1.00948,0.818114,0.544164,1.00379,0.812996,0.565387,1.18082,0.937781,0.646959,1.18757,0.943629,0.622215,1.17041,0.962723,0.622215,1.16377,0.956756,0.646959
-0.00884037,0.416266,0.689666,-2.38109,838938674,1.00351,0.81331,0.565387,1.0092,0.818428,0.544164,0.994555,0.834728,0.544164,0.988951,0.829509,0.565387,1.16349,0.95707,0.646959,1.17013,0.963037,0.622215,1.15297,0.98213,0.622215,1.14644,0.976045,0.646959
-0.00671044,0.41592,0.707013,-1.97417,838938675,0.990253,0.831468,0.565387,0.99586,0.836682,0.544164,0.980652,0.852461,0.544164,0.97514,0.847148,0.565387,1.1477,0.978039,0.646959,1.15424,0.984119,0.622215,1.13643,1.0026,0.622215,1.13,0.996407,0.646959
0.230414,0.41592,2.80141,37.4902,838938795,-1.2152,0.441851,0.565387,-1.22252,0.4441,0.544164,-1.22858,0.42304,0.544164,-1.22122,0.420922,0.565387,-1.42086,0.504921,0.646959,-1.42939,0.507543,0.622215,-1.43649,0.482874,0.622215,-1.42791,0.480405,0.646959
0.267832,0.416317,-2.93905,-26.7054,838938826,-1.2673,-0.248951,0.565387,-1.27473,-0.250795,0.544164,-1.26945,-0.272064,0.544164,-1.26205,-0.270087,0.565387,-1.47605,-0.300756,0.646959,-1.48471,-0.302906,0.622215,-1.47853,-0.32782,0.622215,-1.4699,-0.325515,0.646959
0.941802,0.433255,0.357955,0.868048,838939167,1.21491,0.442637,0.589926,1.22228,0.445759,0.568831,1.21338,0.465788,0.56883,1.20607,0.462541,0.589926,1.41176,0.525969,0.67498,1.42035,0.529609,0.650384,1.40993,0.55307,0.650384,1.40141,0.549284,0.67498
0.286138,0.433636,0.444145,-0.317221,838939172,1.17105,0.544971,0.589926,1.17812,0.54872,0.568831,1.16785,0.568079,0.56883,1.16084,0.564209,0.589926,1.35985,0.645139,0.67498,1.36809,0.64951,0.650384,1.35606,0.672186,0.650384,1.3479,0.667674,0.67498
0.0404988,0.433264,0.637994,-1.60972,838939183,1.04521,0.761168,0.589926,1.05143,0.766199,0.56883,1.03736,0.783001,0.56883,1.03123,0.777865,0.589926,1.21147,0.895522,0.67498,1.21873,0.901388,0.650384,1.20225,0.921069,0.650384,1.19509,0.915081,0.67498
0.0748961,0.433618,0.655159,-11.1145,838939184,1.03096,0.778189,0.589926,1.03709,0.783325,0.568831,1.02302,0.800127,0.56883,1.01698,0.794886,0.589926,1.19482,0.915405,0.67498,1.20197,0.921393,0.650384,1.18549,0.941074,0.650384,1.17844,0.934964,0.67498
0.0669174,0.433257,0.672508,-20.1106,838939185,1.01835,0.796798,0.589926,1.02439,0.802043,0.568831,1.00974,0.818343,0.56883,1.00379,0.812996,0.589926,1.17981,0.936877,0.67498,1.18686,0.942992,0.650384,1.1697,0.962086,0.650384,1.16276,0.955852,0.67498
-0.0207833,0.433614,0.689671,-2.61844,838939186,1.00351,0.81331,0.589926,1.00946,0.818657,0.568831,0.99481,0.834958,0.56883,0.988951,0.829509,0.589926,1.16248,0.956166,0.67498,1.16942,0.9624,0.650384,1.15226,0.981494,0.650384,1.14543,0.975141,0.67498
0.0510641,0.433255,0.707021,90.7027,838939187,0.990253,0.831467,0.589926,0.996108,0.836921,0.56883,0.9809,0.852699,0.56883,0.97514,0.847148,0.589926,1.14673,0.9771,0.67498,1.15356,0.983458,0.650384,1.13574,1.00194,0.650384,1.12903,0.995468,0.67498
-0.00552341,0.455666,0.271591,-2.51982,838939674,1.24723,0.335803,0.621349,1.25517,0.338372,0.60039,1.24841,0.359248,0.60039,1.24053,0.356522,0.621349,1.44928,0.401221,0.709718,1.45848,0.404199,0.685425,1.4506,0.428531,0.685425,1.44146,0.425371,0.709718
-0.103869,0.455285,0.28893,-2.19194,838939675,1.24251,0.35778,0.621349,1.25041,0.360469,0.60039,1.24292,0.381097,0.60039,1.23508,0.378252,0.621349,1.44338,0.426825,0.709718,1.45254,0.429942,0.685425,1.44381,0.453984,0.685425,1.43473,0.450687,0.709718
-0.0133175,0.455656,0.306104,-2.05724,838939676,1.23494,0.378651,0.621349,1.24278,0.381495,0.60039,1.2353,0.402123,0.60039,1.22751,0.399123,0.621349,1.43458,0.451086,0.709718,1.44367,0.454382,0.685425,1.43495,0.478424,0.685425,1.42592,0.474947,0.709718
-0.0131811,0.455278,0.323443,-1.67875,838939677,1.22945,0.400449,0.621348,1.23725,0.403413,0.60039,1.22905,0.423766,0.60039,1.22132,0.42065,0.621349,1.42779,0.476468,0.709718,1.43683,0.479903,0.685425,1.42727,0.503625,0.685425,1.41831,0.500013,0.709718
-0.0131634,0.455651,0.340617,103.098,838939678,1.22116,0.421043,0.621349,1.22889,0.424159,0.60039,1.22069,0.444513,0.60039,1.21302,0.441243,0.621349,1.41815,0.500406,0.709718,1.42711,0.504018,0.685425,1.41756,0.527741,0.685425,1.40866,0.523951,0.709718
0.34611,0.455276,0.357956,12.0601,838939679,1.21491,0.442637,0.621349,1.2226,0.44587,0.60039,1.2137,0.465925,0.60039,1.20607,0.46254,0.621349,1.41047,0.525536,0.709718,1.41939,0.529284,0.685425,1.40901,0.552658,0.685425,1.40017,0.548735,0.709718
0.170601,0.455319,-1.87449,38.0978,838939911,-0.397191,-1.23036,0.621349,-0.399377,-1.23841,0.60039,-0.378092,-1.24374,0.60039,-0.376065,-1.23565,0.621349,-0.452287,-1.4355,0.709719,-0.454821,-1.44483,0.685425,-0.430012,-1.45104,0.685425,-0.427663,-1.44167,0.709719
0.164855,0.455683,-1.85732,54.6639,838939912,-0.375654,-1.23576,0.621349,-0.37768,-1.24385,0.60039,-0.356395,-1.24918,0.60039,-0.354529,-1.24105,0.621349,-0.427252,-1.44177,0.709718,-0.429601,-1.45115,0.685425,-0.404792,-1.45736,0.685425,-0.402629,-1.44794,0.709718
0.0617511,0.472943,0.271596,-1.58798,838940186,1.24723,0.335803,0.646196,1.25548,0.338472,0.62537,1.24872,0.359349,0.62537,1.24053,0.356522,0.646197,1.44795,0.400789,0.737862,1.45751,0.403883,0.713722,1.44963,0.428215,0.713722,1.44013,0.424939,0.737862
0.0598781,0.472549,0.288937,-2.18656,838940187,1.24251,0.35778,0.646197,1.25071,0.36058,0.62537,1.24323,0.381208,0.62537,1.23508,0.378252,0.646196,1.44207,0.426347,0.737862,1.45157,0.429593,0.713722,1.44285,0.453635,0.713722,1.43341,0.450209,0.737862
0.0448228,0.472932,0.30611,79.9869,838940188,1.23494,0.378651,0.646197,1.24309,0.381606,0.62537,1.2356,0.402234,0.62537,1.22751,0.399123,0.646196,1.43326,0.450608,0.737862,1.44271,0.454033,0.713722,1.43398,0.478075,0.713722,1.42461,0.474469,0.737862
-0.0658032,0.472541,0.323451,101.142,838940189,1.22945,0.400449,0.646196,1.23755,0.403534,0.62537,1.22935,0.423888,0.62537,1.22132,0.42065,0.646196,1.42649,0.475944,0.737862,1.43588,0.47952,0.713722,1.42632,0.503242,0.713722,1.41701,0.499489,0.737862
0.0552898,0.472927,0.340622,100.018,838940190,1.22116,0.421043,0.646197,1.22919,0.424281,0.62537,1.22099,0.444634,0.62537,1.21302,0.441243,0.646196,1.41685,0.499882,0.737862,1.42616,0.503635,0.713722,1.41661,0.527358,0.713722,1.40736,0.523427,0.737862
-0.0316733,0.472611,0.534456,100.429,838940201,1.11812,0.648959,0.646196,1.1254,0.65366,0.62537,1.11315,0.671865,0.62537,1.10596,0.667027,0.646197,1.29517,0.763752,0.737862,1.30361,0.7692,0.713722,1.28933,0.790419,0.713722,1.28099,0.784812,0.737862
0.196898,0.472943,1.31879,11.4993,838940246,0.332803,1.24804,0.646196,0.334613,1.25651,0.62537,0.313154,1.2611,0.62537,0.311506,1.25259,0.646197,0.376881,1.45436,0.737862,0.37898,1.46418,0.713722,0.353969,1.46952,0.713722,0.352058,1.45966,0.737862
0.346947,0.4902,0.271601,3.212,838940698,1.24723,0.335803,0.671209,1.25579,0.338572,0.65052,1.24903,0.359448,0.65052,1.24053,0.356522,0.671209,1.44657,0.400342,0.766148,1.45648,0.403551,0.742167,1.4486,0.427883,0.742167,1.43875,0.424492,0.766148
1.21201,0.489794,0.288945,-2.62752,838940699,1.24251,0.35778,0.671209,1.25102,0.36069,0.65052,1.24353,0.381318,0.65052,1.23508,0.378252,0.671209,1.4407,0.425852,0.766148,1.45056,0.429225,0.742167,1.44184,0.453267,0.742167,1.43204,0.449714,0.766148
0.0724336,0.490188,0.306115,-29.8623,838940700,1.23494,0.378651,0.671209,1.24339,0.381716,0.65052,1.23591,0.402344,0.65052,1.22751,0.399123,0.671209,1.4319,0.450112,0.766148,1.44169,0.453665,0.742167,1.43297,0.477707,0.742167,1.42324,0.473974,0.766148
0.0447653,0.489786,0.323458,-2.28937,838940701,1.22945,0.400449,0.671209,1.23785,0.403655,0.65052,1.22965,0.424008,0.65052,1.22132,0.42065,0.671209,1.42514,0.475401,0.766148,1.43488,0.479117,0.742167,1.42532,0.502839,0.742167,1.41566,0.498946,0.766148
0.187879,0.490242,0.551636,40.3145,838940714,1.10572,0.667379,0.671209,1.11318,0.672397,0.65052,1.10093,0.690602,0.65052,1.09357,0.685447,0.671209,1.27955,0.784352,0.766148,1.2882,0.790169,0.742167,1.27392,0.811387,0.742167,1.26538,0.805412,0.766148
0.157796,0.489808,0.603496,-8.92888,838940717,1.07082,0.724622,0.671209,1.07801,0.730017,0.65052,1.06451,0.747323,0.65052,1.05743,0.741797,0.671209,1.23827,0.850601,0.766148,1.24661,0.856855,0.742167,1.23088,0.877025,0.742167,1.22267,0.87062,0.766148
0.112649,0.490257,1.21133,16.2039,838940752,0.464712,1.20501,0.671209,0.467497,1.21356,0.65052,0.446634,1.22036,0.65052,0.444006,1.21176,0.671209,0.529629,1.40423,0.766148,0.532857,1.41413,0.742167,0.50854,1.42205,0.742167,0.505494,1.41209,0.766148
0.00114895,0.507438,0.271606,-1.85212,838941210,1.24723,0.335803,0.696394,1.25609,0.338671,0.675848,1.24933,0.359547,0.675848,1.24053,0.356522,0.696394,1.44514,0.399879,0.794583,1.4554,0.403203,0.770768,1.44753,0.427534,0.770768,1.43732,0.424028,0.794583
0.0720788,0.50702,0.288952,-2.65696,838941211,1.24251,0.35778,0.696394,1.25132,0.3608,0.675848,1.24384,0.381427,0.675848,1.23508,0.378252,0.696394,1.43929,0.425339,0.794583,1.4495,0.428839,0.770768,1.44077,0.452881,0.770768,1.43063,0.449201,0.794583
0.0352393,0.507426,0.30612,-33.6534,838941212,1.23494,0.378651,0.696394,1.24369,0.381826,0.675848,1.23621,0.402453,0.675848,1.22751,0.399123,0.696394,1.43049,0.449599,0.794583,1.44063,0.45328,0.770768,1.43191,0.477321,0.770768,1.42183,0.473461,0.794583
0.0265786,0.507012,0.323466,-2.94834,838941213,1.22945,0.400449,0.696394,1.23815,0.403775,0.675848,1.22995,0.424128,0.675848,1.22132,0.42065,0.696394,1.42375,0.47484,0.794583,1.43383,0.478694,0.770768,1.42427,0.502417,0.770768,1.41426,0.498384,0.794583
0.178595,0.507035,0.603504,-13.1172,838941229,1.07082,0.724622,0.696394,1.07826,0.730215,0.675848,1.06477,0.74752,0.675848,1.05743,0.741797,0.696394,1.23709,0.849677,0.794583,1.24571,0.85616,0.770768,1.22999,0.87633,0.770768,1.22148,0.869695,0.794583
0.434219,0.507027,-2.71459,32.3083,838941399,-1.18146,-0.525359,0.696394,-1.18976,-0.529576,0.675848,-1.17947,-0.54896,0.675848,-1.17125,-0.544597,0.696394,-1.3669,-0.619666,0.794583,-1.37653,-0.624553,0.770768,-1.36454,-0.647146,0.770768,-1.35501,-0.642089,0.794583
0.0301745,0.524659,0.271612,-4.19133,838941722,1.24723,0.335803,0.721761,1.25639,0.338769,0.701362,1.24963,0.359645,0.701362,1.24053,0.356522,0.721761,1.44366,0.3994,0.823177,1.45428,0.402838,0.799532,1.4464,0.42717,0.799532,1.43584,0.42355,0.823177
-0.00612422,0.524229,0.288959,-3.81555,838941723,1.24251,0.35778,0.721761,1.25162,0.360909,0.701362,1.24414,0.381536,0.701362,1.23508,0.378252,0.721761,1.43783,0.424809,0.823177,1.44838,0.428435,0.799532,1.43966,0.452477,0.799532,1.42917,0.448671,0.823177
-0.0528466,0.524647,0.306125,-3.78325,838941724,1.23494,0.378651,0.721761,1.24399,0.381935,0.701362,1.23651,0.402562,0.701362,1.22751,0.399123,0.721761,1.42902,0.449069,0.823177,1.43952,0.452876,0.799532,1.43079,0.476917,0.799532,1.42037,0.472931,0.823176
0.108966,0.524221,0.323473,23.2516,838941725,1.22945,0.400449,0.721761,1.23845,0.403894,0.701362,1.23025,0.424247,0.701362,1.22132,0.42065,0.721761,1.42231,0.474259,0.823177,1.43273,0.478252,0.799532,1.42317,0.501974,0.799532,1.41282,0.497804,0.823177
0.134488,0.541862,1.14232,-11.8972,838942284,0.546775,1.17021,0.747269,0.5505,1.1794,0.727072,0.530138,1.18765,0.727072,0.526591,1.17839,0.747269,0.623719,1.36015,0.851731,0.628008,1.37074,0.828468,0.604408,1.3803,0.828468,0.600323,1.36963,0.851731
0.0578269,0.541915,1.21135,75.1136,838942288,0.464711,1.20501,0.747269,0.467785,1.21445,0.727072,0.446897,1.22125,0.727072,0.444005,1.21176,0.747269,0.528207,1.39987,0.851731,0.531747,1.41073,0.828468,0.507538,1.41862,0.828468,0.504207,1.40769,0.851731
0.1547,0.541427,2.34884,41.0444,838942353,-0.899557,0.928719,0.747269,-0.906794,0.935506,0.727072,-0.921511,0.919196,0.727072,-0.914146,0.91255,0.747269,-1.04939,1.06858,0.851731,-1.05773,1.0764,0.828468,-1.07479,1.05749,0.828468,-1.0663,1.04984,0.851731
0.519009,0.541837,-1.71923,-50.3263,838942480,-0.202043,-1.27581,0.747269,-0.203089,-1.28567,0.727072,-0.181243,-1.28799,0.727072,-0.180387,-1.2781,0.747269,-0.22366,-1.4796,0.851731,-0.224866,-1.49096,0.828468,-0.199545,-1.49365,0.828468,-0.198559,-1.48226,0.851731
0.186345,0.558572,0.112471,29.3893,838942737,1.28598,0.134045,0.772956,1.29608,0.135622,0.752908,1.29228,0.15726,0.752908,1.28222,0.155495,0.772956,1.48689,0.16577,0.880443,1.49852,0.167586,0.857352,1.49412,0.192666,0.857352,1.48253,0.190633,0.880443
0.124094,0.558997,-2.86997,69.717,838942926,-1.24723,-0.335804,0.772956,-1.25695,-0.338952,0.752908,-1.25019,-0.359852,0.752908,-1.24053,-0.356523,0.772956,-1.44071,-0.398447,0.880443,-1.45191,-0.402072,0.857352,-1.44407,-0.426297,0.857352,-1.43294,-0.422462,0.880443
0.130496,0.576157,0.478715,-7.11621,838943270,1.1515,0.585032,0.798841,1.16061,0.59028,0.778947,1.14964,0.609316,0.778947,1.14063,0.603901,0.798841,1.32631,0.685754,0.909329,1.3368,0.691799,0.886414,1.32409,0.713862,0.886414,1.31371,0.707626,0.909329
0.102113,0.576189,1.21136,-2.08506,838943312,0.464711,1.20501,0.798841,0.467969,1.21501,0.778947,0.447081,1.22182,0.778947,0.444005,1.21176,0.798841,0.527221,1.39684,0.909329,0.530973,1.40835,0.886414,0.506763,1.41624,0.886414,0.50322,1.40466,0.909329
0.235653,0.593298,0.513237,-8.55373,838943784,1.13056,0.624383,0.824932,1.13973,0.630103,0.805196,1.1281,0.648743,0.805196,1.11903,0.642862,0.824932,1.30034,0.730271,0.938397,1.3109,0.736859,0.915665,1.29742,0.758464,0.915665,1.28698,0.75169,0.938397
0.214222,0.593265,1.17685,-10.3229,838943822,0.506047,1.18833,0.824932,0.509753,1.19848,0.805196,0.489115,1.20601,0.805196,0.485589,1.19579,0.824932,0.574649,1.37629,0.938397,0.578917,1.38799,0.915665,0.554997,1.39672,0.915665,0.550936,1.38495,0.938397
0.279918,0.593217,-2.13731,-37.9659,838943992,-0.702626,-1.08387,0.824932,-0.708039,-1.09322,0.805196,-0.689025,-1.10423,0.805196,-0.683777,-1.09478,0.824932,-0.802848,-1.25705,0.938397,-0.809083,-1.26783,0.915665,-0.787045,-1.28058,0.915665,-0.781,-1.2697,0.938397
0.134474,0.610342,0.237126,10.6745,838944280,1.25802,0.292554,0.851239,1.2687,0.295601,0.831665,1.26266,0.316726,0.831665,1.25204,0.313494,0.851239,1.44879,0.347034,0.967656,1.46108,0.350545,0.945111,1.45409,0.375028,0.945111,1.44186,0.371306,0.967656
0.216712,0.609823,0.70708,-5.68068,838944307,0.990254,0.831466,0.851239,0.998378,0.839031,0.831665,0.983132,0.854848,0.831665,0.975141,0.847146,0.851239,1.1355,0.966648,0.967656,1.14486,0.975361,0.945111,1.12719,0.993694,0.945111,1.11798,0.984823,0.967656
0.123648,0.609865,1.15969,11.4583,838944333,0.526905,1.18072,0.851239,0.53089,1.19108,0.831665,0.510252,1.19861,0.831665,0.506447,1.18818,0.851239,0.598178,1.36589,0.967656,0.602767,1.37783,0.945111,0.578848,1.38656,0.94511,0.574465,1.37455,0.967656
0.746827,0.610356,1.17686,-2.10936,838944334,0.506047,1.18833,0.851239,0.509852,1.19875,0.831665,0.489215,1.20629,0.831665,0.485589,1.19579,0.851239,0.574065,1.37469,0.967656,0.578448,1.3867,0.945111,0.554529,1.39543,0.94511,0.550352,1.38335,0.967656
0.190925,0.609894,1.19421,14.2703,838944335,0.485822,1.19813,0.851239,0.489443,1.20863,0.831665,0.468555,1.21543,0.831665,0.465116,1.20488,0.851239,0.550584,1.38569,0.967656,0.554754,1.39777,0.945111,0.530545,1.40566,0.945111,0.526584,1.39351,0.967656
0.584011,0.610372,1.24981,-9.89406,838944338,0.418049,1.22199,0.851239,0.42112,1.23265,0.831665,0.400009,1.23873,0.831665,0.397122,1.22801,0.851239,0.472941,1.41263,0.967656,0.476478,1.42492,0.945111,0.45201,1.43196,0.94511,0.448684,1.41962,0.967656
0.257757,0.626984,1.15969,-7.28185,838944845,0.526906,1.18072,0.877931,0.531035,1.1914,0.858414,0.510374,1.19894,0.858414,0.506448,1.18818,0.877931,0.597465,1.36438,0.997136,0.602189,1.3766,0.974811,0.578386,1.38529,0.974812,0.573895,1.37298,0.997137
0.206459,0.627486,1.17687,-16.9124,838944846,0.506046,1.18833,0.877931,0.509972,1.19909,0.858414,0.489311,1.20663,0.858414,0.485588,1.1958,0.877931,0.573493,1.37313,0.997136,0.577984,1.38544,0.974811,0.554182,1.39412,0.974811,0.549923,1.38173,0.997136
0.334972,0.626941,-0.689181,42.7763,838945099,0.990789,-0.830828,0.877931,0.99992,-0.837743,0.858414,1.01286,-0.819962,0.858414,1.00361,-0.813222,0.877931,1.14788,-0.949291,0.997136,1.15833,-0.957201,0.974811,1.17324,-0.936717,0.974811,1.16265,-0.929007,0.997136
0.179533,0.644585,0.655236,27.8405,838945328,1.03096,0.778191,0.904837,1.03995,0.785719,0.885485,1.02583,0.802582,0.885485,1.01697,0.794888,0.904837,1.18048,0.903397,1.02681,1.19076,0.912009,1.00467,1.1745,0.931435,1.00467,1.16437,0.922634,1.02681
0.181568,0.644082,0.672576,17.6276,838945329,1.01835,0.796796,0.904837,1.02721,0.804473,0.885485,1.01251,0.820832,0.885485,1.00379,0.812994,0.904837,1.16562,0.924684,1.02681,1.17576,0.933465,1.00467,1.15883,0.952311,1.00467,1.14885,0.943346,1.02681
0.472024,0.644581,0.724263,4.45964,838945332,0.974845,0.847454,0.904837,0.983288,0.855591,0.885485,0.968025,0.871427,0.885485,0.959732,0.863134,0.904837,1.11526,0.982792,1.02681,1.12492,0.992101,1.00467,1.10734,1.01034,1.00467,1.09785,1.00086,1.02681
0.109688,0.644138,0.918097,1.2397,838945343,0.794048,1.02031,0.904837,0.800794,1.02991,0.885485,0.782574,1.04223,0.885485,0.776006,1.03251,0.904837,0.906019,1.18002,1.02681,0.913737,1.191,1.00467,0.892746,1.20519,1.00467,0.885233,1.19408,1.02681
0.219375,0.644622,-1.50819,49.2575,838945564,0.0696564,-1.28971,0.904837,0.0708697,-1.30138,0.885485,0.0927457,-1.2991,0.885485,0.0913173,-1.28746,0.904837,0.0898351,-1.48369,1.02681,0.091223,-1.49703,1.00467,0.116425,-1.49441,1.00467,0.114791,-1.48109,1.02681
0.177505,0.661784,1.24983,53.558,838945874,0.418048,1.22199,0.931978,0.421368,1.23352,0.912793,0.400233,1.2396,0.912793,0.397121,1.22801,0.931978,0.471526,1.40772,1.05669,0.475324,1.42091,1.03475,0.450975,1.42792,1.03475,0.447415,1.41466,1.05669
0.147581,0.661752,1.28434,11.8627,838945876,0.375652,1.23576,0.931978,0.378567,1.2474,0.912793,0.357232,1.25274,0.912793,0.354527,1.24105,0.931978,0.422611,1.42325,1.05669,0.425945,1.43656,1.03475,0.401366,1.44272,1.03475,0.398272,1.42934,1.05669
0.114168,0.678301,0.707102,-5.09757,838946355,0.990255,0.831465,0.959363,0.999238,0.839823,0.940349,0.983975,0.855659,0.940349,0.975142,0.847146,0.959363,1.13044,0.961974,1.08679,1.14071,0.971535,1.06504,1.12313,0.989778,1.06504,1.11302,0.98004,1.08679
0.00426457,0.678852,0.7933,89.5562,838946360,0.914035,0.91263,0.959363,0.922252,0.921739,0.940349,0.905921,0.936471,0.940349,0.897864,0.927217,0.959363,1.0423,1.05483,1.08679,1.0517,1.06525,1.06504,1.03289,1.08222,1.06504,1.02367,1.07163,1.08679
0.131794,0.678896,0.900765,7.55156,838946366,0.810781,1.00531,0.959363,0.818003,1.01523,0.940349,0.800224,1.02818,0.940349,0.793177,1.01813,0.959363,0.923511,1.16012,1.08679,0.931772,1.17146,1.06504,0.911289,1.18637,1.06504,0.903228,1.17489,1.08679
0.154334,0.678852,1.14237,1.43742,838946380,0.546774,1.17021,0.959363,0.55138,1.18158,0.940349,0.530995,1.18984,0.940349,0.52659,1.17839,0.959363,0.618673,1.3477,1.08679,0.623941,1.36071,1.06504,0.600457,1.37022,1.06504,0.595417,1.35712,1.08679
0.403475,0.678864,1.28435,-0.226468,838946388,0.375652,1.23576,0.959363,0.378633,1.24766,0.940349,0.357298,1.253,0.940349,0.354527,1.24105,0.959363,0.422178,1.42152,1.08679,0.425588,1.43513,1.06504,0.401009,1.44129,1.06504,0.397839,1.42762,1.08679
0.134449,0.695464,0.147037,49.9192,838946835,1.28053,0.178332,0.987001,1.29283,0.180716,0.968162,1.28828,0.202233,0.968162,1.27602,0.199637,0.987001,1.46678,0.214368,1.11712,1.48086,0.217096,1.09557,1.47561,0.241885,1.09557,1.46159,0.238915,1.11712
0.182816,0.695959,1.28435,12.1447,838946900,0.375652,1.23576,0.987001,0.378698,1.24792,0.968162,0.357363,1.25326,0.968162,0.354527,1.24105,0.987001,0.421736,1.41976,1.11712,0.42522,1.43366,1.09557,0.400641,1.43982,1.09557,0.397397,1.42585,1.11712
0.134644,0.712578,0.569051,35.5527,838947371,1.09513,0.687201,1.0151,1.1057,0.69457,0.996316,1.09278,0.712396,0.996316,1.08235,0.704833,1.0151,1.24913,0.794942,1.14775,1.26113,0.803309,1.12642,1.24634,0.823715,1.12642,1.2345,0.815127,1.14775
0.232483,0.713088,2.18958,52.0618,838947464,-0.740045,1.05862,1.0151,-0.747969,1.06879,0.996316,-0.765331,1.05525,0.996316,-0.757219,1.04523,1.0151,-0.855606,1.20681,1.14775,-0.864603,1.21835,1.12642,-0.884478,1.20285,1.12642,-0.875266,1.19148,1.14775
0.0939218,0.712597,-0.202026,56.3823,838947687,1.26429,-0.27039,1.0151,1.27702,-0.272431,0.996316,1.2801,-0.250631,0.996316,1.26734,-0.248827,1.0151,1.44992,-0.299825,1.14775,1.46437,-0.302143,1.12642,1.4679,-0.277188,1.12642,1.45341,-0.275139,1.14775
0.347535,0.729739,0.569057,-5.22093,838947883,1.09513,0.687201,1.04345,1.1059,0.694716,1.02484,1.09298,0.712543,1.02484,1.08235,0.704833,1.04345,1.24768,0.793889,1.1786,1.25991,0.802424,1.15747,1.24512,0.822829,1.15747,1.23304,0.814075,1.1786
0.114191,0.729758,0.845178,-1.61671,838947899,0.866311,0.959716,1.04345,0.874596,0.969911,1.02484,0.857257,0.983482,1.02484,0.849162,0.973138,1.04345,0.983511,1.10434,1.1786,0.992918,1.11592,1.15747,0.973071,1.13146,1.15747,0.963878,1.11971,1.1786
-0.105242,0.746816,0.707122,-2.35233,838948403,0.990256,0.831465,1.07207,1.00006,0.840579,1.05364,0.984779,0.856432,1.05364,0.975143,0.847145,1.07207,1.12514,0.957092,1.20971,1.13627,0.967442,1.18878,1.11878,0.985589,1.18877,1.10784,0.975042,1.20971
-0.00689509,0.747386,0.758809,-4.17859,838948406,0.945009,0.880574,1.07207,0.954314,0.890192,1.05364,0.938491,0.905501,1.05364,0.929357,0.895717,1.07207,1.07316,1.01303,1.20971,1.08372,1.02395,1.18878,1.06561,1.04147,1.18877,1.05524,1.03036,1.20971
-0.0018523,0.746839,0.776151,-3.68529,838948407,0.930525,0.897756,1.07207,0.939667,0.907533,1.05364,0.923318,0.92228,1.05364,0.914354,0.912343,1.07207,1.05631,1.03249,1.20971,1.06669,1.04359,1.18878,1.04798,1.06048,1.18877,1.0378,1.04919,1.20971
-0.0447964,0.747407,0.793324,-2.26921,838948408,0.914034,0.912631,1.07207,0.922998,0.922568,1.05364,0.90665,0.937316,1.05364,0.897864,0.927218,1.07207,1.03748,1.04948,1.20971,1.04766,1.06076,1.18877,1.02894,1.07765,1.18877,1.01897,1.06618,1.20971
-0.127382,0.746864,0.810666,-2.35239,838948409,0.898959,0.929296,1.07207,0.907754,0.939387,1.05364,0.8909,0.953554,1.05364,0.882289,0.94331,1.07207,1.01996,1.06834,1.20971,1.02995,1.0798,1.18877,1.01066,1.09602,1.18877,1.00088,1.08439,1.20971
0.0106934,0.747436,0.82784,54.0265,838948410,0.881959,0.943587,1.07207,0.890571,0.953831,1.05364,0.873717,0.967998,1.05364,0.865289,0.9576,1.07207,1.00055,1.08466,1.20971,1.01033,1.0963,1.18877,0.991036,1.11251,1.18877,0.981465,1.10071,1.20971
0.219183,0.746899,0.845184,3.2088,838948411,0.866311,0.959716,1.07207,0.874749,0.970107,1.05364,0.85741,0.983677,1.05364,0.849162,0.973138,1.07207,0.982385,1.1029,1.20971,0.991966,1.1147,1.18877,0.972119,1.13024,1.18877,0.962752,1.11827,1.20971
-0.0952558,0.747475,0.862358,-2.73305,838948412,0.848823,0.973403,1.07207,0.857072,0.983942,1.05364,0.839733,0.997512,1.05364,0.831673,0.986826,1.07207,0.962413,1.11854,1.20971,0.97178,1.1305,1.18877,0.951933,1.14604,1.18877,0.94278,1.1339,1.20971
-0.035924,0.746918,0.88361,-2.58052,838948413,0.828733,0.992239,1.07207,0.836805,1.00292,1.05364,0.819007,1.01588,1.05364,0.811128,1.00506,1.07207,0.939773,1.13937,1.20971,0.94894,1.15149,1.18878,0.928566,1.16633,1.18877,0.919619,1.15404,1.20971
-0.0236746,0.747454,0.900788,-2.34764,838948414,0.810781,1.00531,1.07207,0.818659,1.01613,1.05364,0.80086,1.02909,1.05364,0.793176,1.01813,1.07207,0.919272,1.1543,1.20971,0.928218,1.16658,1.18877,0.907844,1.18142,1.18877,0.899118,1.16897,1.20971
0.0308918,0.74685,0.952645,-3.2978,838948417,0.758405,1.04716,1.07207,0.765712,1.05838,1.05364,0.747052,1.07006,1.05364,0.739948,1.05872,1.07207,0.858904,1.20168,1.20971,0.867201,1.21442,1.18878,0.845842,1.22779,1.18877,0.837774,1.21491,1.20971
-0.0715755,0.747395,0.96982,-2.31312,838948418,0.739584,1.05895,1.07207,0.746688,1.07029,1.05364,0.728028,1.08198,1.05364,0.721127,1.07051,1.07207,0.83741,1.21514,1.20971,0.845477,1.22802,1.18878,0.824117,1.2414,1.18877,0.816281,1.22837,1.20971
0.0461089,0.74683,0.98716,-45.6401,838948419,0.721845,1.07275,1.07207,0.728756,1.08421,1.05364,0.7097,1.09524,1.05364,0.702996,1.08365,1.07207,0.816886,1.23068,1.20971,0.824734,1.2437,1.18878,0.80292,1.25632,1.18877,0.795308,1.24317,1.20971
0.083582,0.747379,1.00433,-29.6146,838948420,0.702624,1.08387,1.07207,0.709327,1.09545,1.05364,0.690271,1.10648,1.05364,0.683775,1.09478,1.07207,0.794935,1.24338,1.20971,0.802548,1.25654,1.18878,0.780734,1.26916,1.18877,0.773357,1.25587,1.20971
0.0897397,0.746818,1.02167,39.7846,838948421,0.684415,1.09704,1.07207,0.690921,1.10874,1.05364,0.671491,1.11909,1.05364,0.665196,1.10728,1.07207,0.773881,1.2582,1.20971,0.78127,1.27148,1.18877,0.759028,1.28333,1.18877,0.75188,1.26992,1.20971
0.134324,0.747372,1.03885,14.9803,838948422,0.664817,1.10748,1.07207,0.671111,1.11929,1.05364,0.651681,1.12965,1.05364,0.645598,1.11773,1.07207,0.7515,1.27012,1.20971,0.758649,1.28354,1.18877,0.736407,1.29539,1.18877,0.729499,1.28185,1.20971
-0.0435906,0.747374,1.07336,-4.12113,838948424,0.626207,1.12976,1.07207,0.632086,1.14179,1.05364,0.612306,1.15146,1.05364,0.606643,1.13933,1.07207,0.707158,1.29533,1.20971,0.713833,1.30899,1.18878,0.691191,1.32006,1.18877,0.68476,1.30628,1.20971
0.0235223,0.746823,1.0907,-3.594,838948425,0.607123,1.14163,1.07207,0.612797,1.15375,1.05364,0.592691,1.16273,1.05364,0.587236,1.15051,1.07207,0.685121,1.30864,1.20971,0.691564,1.32241,1.18878,0.668549,1.33268,1.18878,0.662355,1.3188,1.20971
0.014971,0.763936,0.707128,-3.48015,838948915,0.990256,0.831465,1.10098,1.00023,0.84075,1.08273,0.984956,0.856603,1.08273,0.975143,0.847145,1.10098,1.1238,0.955801,1.24107,1.13513,0.966345,1.22034,1.11764,0.984492,1.22034,1.1065,0.973752,1.24107
-0.0776294,0.764503,0.724299,-2.76561,838948916,0.974844,0.847454,1.10098,0.984657,0.856912,1.08273,0.969378,0.872765,1.08273,0.959731,0.863135,1.10098,1.1062,0.974061,1.24107,1.11735,0.984802,1.22034,1.09985,1.00295,1.22034,1.0889,0.992012,1.24107
0.0385364,0.763943,0.741642,-2.41958,838948917,0.960969,0.865132,1.10098,0.970618,0.87476,1.08273,0.954794,0.89007,1.08273,0.945318,0.880275,1.10098,1.09009,0.994056,1.24107,1.10105,1.00499,1.22034,1.08293,1.02251,1.22034,1.07217,1.01139,1.24107
-0.124414,0.764515,0.758813,-2.31751,838948918,0.945009,0.880574,1.10098,0.954485,0.890368,1.08273,0.938661,0.905678,1.08272,0.929357,0.895717,1.10098,1.07186,1.01169,1.24107,1.08263,1.02281,1.22034,1.06451,1.04034,1.22034,1.05395,1.02903,1.24107
-0.0728173,0.76396,0.776156,-2.14362,838948919,0.930525,0.897756,1.10098,0.939831,0.907715,1.08273,0.923482,0.922463,1.08273,0.914354,0.912343,1.10098,1.05506,1.03111,1.24107,1.06563,1.04242,1.22034,1.04692,1.0593,1.22034,1.03655,1.04781,1.24107
0.114324,0.764536,0.793328,10.1414,838948920,0.914034,0.912631,1.10098,0.923163,0.922751,1.08273,0.906814,0.937498,1.08273,0.897864,0.927218,1.10098,1.03623,1.0481,1.24107,1.0466,1.05959,1.22034,1.02789,1.07647,1.22034,1.01772,1.0648,1.24107
0.0727998,0.763986,0.810672,-0.240091,838948921,0.898959,0.929297,1.10098,0.907912,0.939575,1.08273,0.891058,0.953742,1.08273,0.882289,0.94331,1.10098,1.01877,1.06692,1.24107,1.02893,1.07859,1.22034,1.00964,1.09481,1.22034,0.999682,1.08296,1.24107
0.134599,0.764567,0.827844,-4.27616,838948922,0.88196,0.943587,1.10098,0.890729,0.954019,1.08273,0.873875,0.968186,1.08273,0.865289,0.9576,1.10098,0.999352,1.08324,1.24107,1.00931,1.09509,1.22034,0.990019,1.1113,1.22034,0.980268,1.09928,1.24107
0.0417376,0.76402,0.845189,-2.08527,838948923,0.866311,0.959716,1.10098,0.8749,0.9703,1.08273,0.857562,0.98387,1.08273,0.849162,0.973138,1.10098,0.981239,1.10144,1.24107,0.990992,1.11346,1.22034,0.971144,1.12899,1.22034,0.961606,1.11681,1.24107
0.0895865,0.764606,0.862362,-1.47953,838948924,0.848823,0.973403,1.10098,0.857223,0.984136,1.08273,0.839885,0.997706,1.08273,0.831673,0.986826,1.10098,0.961267,1.11707,1.24107,0.970806,1.12926,1.22034,0.950958,1.14479,1.22034,0.941634,1.13244,1.24107
-0.000603164,0.76404,0.883616,-2.73908,838948925,0.828733,0.992239,1.10098,0.836949,1.00312,1.08273,0.819151,1.01608,1.08273,0.811128,1.00506,1.10098,0.938678,1.13786,1.24107,0.948009,1.15021,1.22034,0.927635,1.16505,1.22034,0.918524,1.15254,1.24107
-0.184719,0.764584,0.900792,-2.67744,838948926,0.810781,1.00531,1.10098,0.818803,1.01633,1.08273,0.801005,1.02929,1.08273,0.793176,1.01813,1.10098,0.918177,1.15279,1.24107,0.927287,1.1653,1.22034,0.906914,1.18014,1.22034,0.898023,1.16747,1.24107
-0.218528,0.76455,0.935309,-2.17477,838948928,0.775651,1.03275,1.10098,0.783284,1.04404,1.08273,0.765044,1.05637,1.08273,0.757609,1.04495,1.10098,0.877831,1.18389,1.24107,0.886499,1.19671,1.22034,0.865619,1.21083,1.22034,0.857176,1.19786,1.24107
0.203157,0.763971,0.95265,17.43,838948929,0.758405,1.04716,1.10098,0.765842,1.05858,1.08273,0.747183,1.07027,1.08272,0.739948,1.05872,1.10098,0.857916,1.2001,1.24107,0.866362,1.21308,1.22034,0.845002,1.22645,1.22034,0.836787,1.21334,1.24107
0.29194,0.764524,0.969824,5.86111,838948930,0.739584,1.05895,1.10098,0.746818,1.0705,1.08272,0.728158,1.08219,1.08273,0.721127,1.07051,1.10098,0.836423,1.21357,1.24107,0.844638,1.22668,1.22034,0.823278,1.24006,1.22034,0.815294,1.2268,1.24107
0.236405,0.76395,0.987165,7.99211,838948931,0.721846,1.07275,1.10098,0.728879,1.08442,1.08273,0.709823,1.09545,1.08273,0.702996,1.08365,1.10098,0.815955,1.22907,1.24107,0.823942,1.24233,1.22034,0.802128,1.25495,1.22034,0.794376,1.24156,1.24107
0.0325204,0.764508,1.00434,-2.95683,838948932,0.702624,1.08387,1.10098,0.70945,1.09566,1.08273,0.690394,1.10669,1.08273,0.683775,1.09478,1.10098,0.794004,1.24177,1.24107,0.801756,1.25517,1.22034,0.779942,1.26779,1.22034,0.772425,1.25426,1.24107
0.111544,0.763939,1.02168,21.5215,838948933,0.684415,1.09704,1.10098,0.691036,1.10895,1.08273,0.671606,1.11931,1.08273,0.665196,1.10728,1.10098,0.773007,1.25655,1.24107,0.780526,1.27008,1.22034,0.758285,1.28194,1.22034,0.751005,1.26828,1.24107
0.0166358,0.764501,1.03885,67.7103,838948934,0.664817,1.10748,1.10098,0.671227,1.11951,1.08273,0.651797,1.12987,1.08273,0.645598,1.11773,1.10098,0.750626,1.26848,1.24107,0.757905,1.28214,1.22034,0.735663,1.294,1.22034,0.728624,1.28021,1.24107
-0.0915395,0.764503,1.07337,-3.0105,838948936,0.626207,1.12976,1.10098,0.632194,1.14201,1.08273,0.612414,1.15168,1.08273,0.606643,1.13933,1.10098,0.706341,1.29366,1.24107,0.713139,1.30757,1.22034,0.690497,1.31864,1.22034,0.683943,1.30461,1.24107
0.0660644,0.763943,1.09071,-2.87273,838948937,0.607123,1.14163,1.10098,0.612897,1.15398,1.08273,0.592791,1.16295,1.08273,0.587236,1.15051,1.10098,0.684363,1.30694,1.24107,0.69092,1.32096,1.22034,0.667905,1.33124,1.22034,0.661597,1.3171,1.24107
0.215447,0.76455,1.28437,11.2149,838948948,0.375651,1.23576,1.10098,0.378962,1.24898,1.08273,0.357605,1.25433,1.08273,0.354526,1.24105,1.10098,0.419976,1.41273,1.24107,0.423736,1.42774,1.22034,0.399288,1.43387,1.22034,0.395791,1.41879,1.24107
0.0462253,0.78104,0.707133,-2.10747,838949427,0.990256,0.831465,1.13017,1.00041,0.840919,1.11211,0.985131,0.856771,1.11211,0.975143,0.847145,1.13017,1.12244,0.954487,1.2727,1.13397,0.965224,1.25218,1.11648,0.98337,1.25218,1.10514,0.972438,1.2727
-0.107111,0.781616,0.724303,-2.55713,838949428,0.974844,0.847454,1.13017,0.984832,0.857081,1.11211,0.969553,0.872934,1.11211,0.959731,0.863135,1.13017,1.10484,0.972748,1.2727,1.11618,0.98368,1.25218,1.09869,1.00183,1.25218,1.08754,0.990699,1.2727
-0.00786076,0.781047,0.741647,-1.80879,838949429,0.960969,0.865132,1.13017,0.970787,0.874935,1.11211,0.954963,0.890244,1.11211,0.945318,0.880275,1.13017,1.08878,0.992696,1.2727,1.09992,1.00383,1.25218,1.08181,1.02135,1.25218,1.07086,1.01003,1.2727
0.09832,0.781628,0.758817,-9.13274,838949430,0.945009,0.880574,1.13017,0.954654,0.890543,1.11211,0.938831,0.905853,1.11211,0.929357,0.895717,1.13017,1.07055,1.01033,1.2727,1.0815,1.02165,1.25218,1.06339,1.03918,1.25218,1.05263,1.02767,1.2727
0.518514,0.781064,0.776162,-11.6536,838949431,0.930525,0.897756,1.13017,0.939994,0.907896,1.11211,0.923645,0.922643,1.11211,0.914354,0.912343,1.13017,1.0538,1.02971,1.2727,1.06455,1.04122,1.25218,1.04584,1.0581,1.25218,1.03528,1.04641,1.2727
0.93387,0.781649,0.793332,0.920084,838949432,0.914034,0.912631,1.13017,0.923326,0.922931,1.11211,0.906977,0.937679,1.11211,0.897864,0.927218,1.13017,1.03497,1.04669,1.2727,1.04552,1.05839,1.25218,1.0268,1.07527,1.25218,1.01645,1.06339,1.2727
0.0967614,0.78109,0.810678,-1.39849,838949433,0.898959,0.929297,1.13017,0.908069,0.939761,1.11211,0.891215,0.953928,1.11211,0.882289,0.94331,1.13017,1.01755,1.06547,1.2727,1.02789,1.07736,1.25218,1.0086,1.09357,1.25218,0.998464,1.08151,1.2727
1.42247,0.78168,0.827848,1.62423,838949434,0.881959,0.943587,1.13017,0.890886,0.954205,1.11211,0.874032,0.968373,1.11211,0.865289,0.9576,1.13017,0.998135,1.08179,1.2727,1.00827,1.09385,1.25218,0.988979,1.11007,1.25218,0.97905,1.09783,1.2727
0.65977,0.781125,0.845195,-3.21434,838949435,0.866311,0.959716,1.13017,0.87505,0.970492,1.11211,0.857712,0.984062,1.11211,0.849162,0.973138,1.13017,0.980072,1.09995,1.2727,0.989995,1.11219,1.25218,0.970148,1.12772,1.25218,0.960439,1.11532,1.2727
7.12709,0.78172,0.862366,-0.712795,838949436,0.848823,0.973403,1.13017,0.857373,0.984327,1.11211,0.840035,0.997897,1.11211,0.831673,0.986826,1.13017,0.9601,1.11558,1.2727,0.969809,1.12799,1.25218,0.949962,1.14352,1.25218,0.940467,1.13095,1.2727
0.522486,0.781145,0.883621,-16.4621,838949437,0.828733,0.992239,1.13017,0.837093,1.00331,1.11211,0.819294,1.01627,1.11211,0.811128,1.00506,1.13017,0.937564,1.13633,1.2727,0.947057,1.14891,1.25218,0.926684,1.16374,1.25218,0.91741,1.15101,1.2727
0.12963,0.781698,0.900795,-2.85649,838949438,0.810781,1.00531,1.13017,0.818947,1.01653,1.11211,0.801148,1.02949,1.11211,0.793176,1.01813,1.13017,0.917063,1.15126,1.2727,0.926336,1.164,1.25218,0.905962,1.17883,1.25218,0.896909,1.16594,1.2727
0.127767,0.781105,0.918139,-27.1464,838949439,0.794049,1.02031,1.13017,0.802016,1.03167,1.11211,0.783776,1.044,1.11211,0.776007,1.03251,1.13017,0.897781,1.16812,1.2727,0.906829,1.18102,1.25218,0.88595,1.19513,1.25218,0.877127,1.18208,1.2727
0.186834,0.781662,0.935312,-8.83794,838949440,0.775651,1.03275,1.13017,0.78342,1.04424,1.11211,0.76518,1.05658,1.11211,0.757609,1.04495,1.13017,0.87677,1.18232,1.2727,0.885593,1.19537,1.25218,0.864714,1.20949,1.25218,0.856116,1.19629,1.2727
0.165816,0.781075,0.952656,-19.2973,838949441,0.758405,1.04716,1.13017,0.765971,1.05879,1.11211,0.747312,1.07048,1.11211,0.739948,1.05872,1.13017,0.856912,1.1985,1.2727,0.865504,1.21171,1.25218,0.844144,1.22508,1.25218,0.835783,1.21173,1.2727
0.248914,0.781637,0.969828,-7.19436,838949442,0.739584,1.05895,1.13017,0.746947,1.0707,1.11211,0.728287,1.08239,1.11211,0.721127,1.07051,1.13017,0.835418,1.21196,1.2727,0.84378,1.22531,1.25218,0.82242,1.23869,1.25218,0.814289,1.22519,1.2727
0.0476953,0.781054,0.987171,-2.93287,838949443,0.721845,1.07275,1.13017,0.729001,1.08463,1.11211,0.709945,1.09566,1.11211,0.702996,1.08365,1.13017,0.815007,1.22743,1.2727,0.823132,1.24093,1.25218,0.801319,1.25355,1.25218,0.793428,1.23992,1.2727
-0.00941944,0.78162,1.00434,-2.50562,838949444,0.702624,1.08387,1.13017,0.709572,1.09588,1.11211,0.690516,1.1069,1.11211,0.683775,1.09478,1.13017,0.793056,1.24014,1.2727,0.800946,1.25377,1.25218,0.779132,1.26639,1.25218,0.771477,1.25262,1.2727
0.0172437,0.781042,1.02169,-2.30841,838949445,0.684415,1.09704,1.13017,0.691151,1.10917,1.11211,0.671721,1.11952,1.11211,0.665196,1.10728,1.13017,0.772116,1.25488,1.2727,0.779766,1.26866,1.25218,0.757524,1.28051,1.25218,0.750115,1.26661,1.2727
0.128649,0.781613,1.03886,53.8546,838949446,0.664817,1.10748,1.13017,0.671341,1.11973,1.11211,0.651911,1.13008,1.11211,0.645598,1.11773,1.13017,0.749735,1.26681,1.2727,0.757145,1.28071,1.25218,0.734903,1.29257,1.25218,0.727734,1.27854,1.2727
0.0350711,0.78104,1.0562,-2.26577,838949447,0.646158,1.12001,1.13017,0.652467,1.13237,1.11211,0.632687,1.14204,1.11211,0.626594,1.12957,1.13017,0.728294,1.28082,1.2727,0.735457,1.29485,1.25218,0.712815,1.30592,1.25218,0.705896,1.29177,1.2727
0.149634,0.781616,1.07337,-12.1427,838949448,0.626207,1.12976,1.13017,0.6323,1.14223,1.11211,0.612521,1.1519,1.11211,0.606643,1.13933,1.13017,0.70551,1.29196,1.2727,0.712429,1.30611,1.25218,0.689787,1.31718,1.25218,0.683112,1.30291,1.2727
0.043431,0.781047,1.09071,-12.2544,838949449,0.607123,1.14163,1.13017,0.612996,1.1542,1.11211,0.59289,1.16317,1.11211,0.587236,1.15051,1.13017,0.683592,1.30521,1.2727,0.690261,1.31949,1.25218,0.667246,1.32976,1.25218,0.660826,1.31537,1.2727
0.0274081,0.781628,1.10788,-2.17591,838949450,0.586844,1.15068,1.13017,0.592498,1.16335,1.11211,0.572392,1.17232,1.11211,0.566957,1.15956,1.13017,0.660433,1.31555,1.2727,0.666853,1.32993,1.25218,0.643839,1.34021,1.25218,0.637666,1.32571,1.2727
0.410447,0.78162,1.35341,-0.26936,838949464,0.289546,1.25882,1.13017,0.291968,1.27247,1.11211,0.270289,1.27632,1.11211,0.268103,1.26262,1.13017,0.321077,1.43659,1.2727,0.323829,1.4521,1.25218,0.299013,1.4565,1.25218,0.296529,1.44094,1.2727
0.196804,0.781075,-2.88707,23.9347,838949581,-1.25407,-0.314678,1.13017,-1.26734,-0.318723,1.11211,-1.26056,-0.33967,1.11211,-1.24737,-0.335397,1.13017,-1.42681,-0.367291,1.2727,-1.44188,-0.371885,1.25218,-1.43412,-0.395863,1.25218,-1.41913,-0.391011,1.2727
0.319581,0.803956,0.551741,4.19117,838949930,1.10572,0.667382,1.16882,1.11756,0.67535,1.15074,1.10526,0.693635,1.15074,1.09356,0.68545,1.16882,1.254,0.767159,1.31362,1.26734,0.77614,1.29324,1.25335,0.796934,1.29324,1.24017,0.787707,1.31362
-0.0714378,0.803299,0.638109,-2.24247,838949935,1.04521,0.761165,1.16882,1.05632,0.770126,1.15074,1.04217,0.787024,1.15074,1.03123,0.777861,1.16882,1.18416,0.873613,1.31362,1.19668,0.883714,1.29324,1.18059,0.90293,1.29324,1.16826,0.892601,1.31362
0.0573491,0.803877,0.655288,-37.1233,838949936,1.03095,0.778193,1.16882,1.0419,0.787355,1.15074,1.02775,0.804253,1.15074,1.01697,0.79489,1.16882,1.16798,0.892933,1.31362,1.18031,0.903261,1.29324,1.16422,0.922476,1.29324,1.15208,0.911921,1.31362
0.555716,0.803288,0.672623,-0.37342,838949937,1.01835,0.796794,1.16882,1.02914,0.806138,1.15074,1.01441,0.822532,1.15074,1.00379,0.812993,1.16882,1.15328,0.914026,1.31362,1.16544,0.924559,1.29324,1.14869,0.943201,1.29324,1.13673,0.932448,1.31362
0.535343,0.80387,0.689802,-1.67501,838949938,1.0035,0.813314,1.16882,1.01412,0.822853,1.15074,0.999388,0.839247,1.15074,0.988948,0.829513,1.16882,1.13644,0.93277,1.31362,1.1484,0.943522,1.29324,1.13165,0.962164,1.29324,1.11988,0.951191,1.31362
0.622181,0.803285,0.707137,2.59511,838949939,0.990257,0.831464,1.16882,1.00071,0.841179,1.15074,0.985419,0.857048,1.15074,0.975144,0.847144,1.16882,1.12101,0.953337,1.31362,1.1328,0.964288,1.29324,1.11541,0.982333,1.29324,1.10382,0.971169,1.31362
-0.0617405,0.803872,0.724315,-1.03478,838949940,0.974843,0.847455,1.16882,0.985119,0.857359,1.15074,0.969824,0.873228,1.15074,0.95973,0.863135,1.16882,1.10352,0.97148,1.31362,1.11511,0.982645,1.29324,1.09771,1.00069,1.29324,1.08634,0.989313,1.31362
0.0757297,0.803293,0.741651,-1.00408,838949941,0.96097,0.865131,1.16882,0.971082,0.875205,1.15074,0.955242,0.890531,1.15074,0.945319,0.880274,1.16882,1.08739,0.991497,1.31362,1.09879,1.00285,1.29324,1.08077,1.02028,1.29324,1.06959,1.00872,1.31362
0.0761509,0.803884,0.758829,-1.81578,838949942,0.945008,0.880575,1.16882,0.954931,0.890831,1.15074,0.939091,0.906156,1.15074,0.929356,0.895717,1.16882,1.06928,1.00902,1.31362,1.08046,1.02058,1.29324,1.06245,1.03801,1.29324,1.05148,1.02624,1.31362
0.166999,0.80331,0.776166,-4.03471,838949943,0.930525,0.897755,1.16882,0.940279,0.908176,1.15074,0.923914,0.922939,1.15074,0.914355,0.912342,1.16882,1.05245,1.02846,1.31362,1.06345,1.04021,1.29324,1.04484,1.05699,1.29324,1.03406,1.04505,1.31362
0.167119,0.803906,0.793344,11.3868,838949944,0.914034,0.912632,1.16882,0.923593,0.923229,1.15074,0.907227,0.937991,1.15074,0.897863,0.927218,1.16882,1.03374,1.04534,1.31362,1.04452,1.05728,1.29324,1.02591,1.07407,1.29324,1.01535,1.06193,1.31362
-0.00227663,0.803336,0.810682,-3.05673,838949945,0.89896,0.929296,1.16882,0.908344,0.940051,1.15074,0.891473,0.954233,1.15074,0.88229,0.943309,1.16882,1.01625,1.06418,1.31362,1.02683,1.0763,1.29324,1.00764,1.09243,1.29324,0.997289,1.08011,1.31362
0.0997679,0.803938,0.82786,-2.524,838949946,0.881959,0.943587,1.16882,0.891142,0.954512,1.15074,0.87427,0.968694,1.15074,0.865288,0.9576,1.16882,0.996958,1.08039,1.31362,1.00731,1.09271,1.29324,0.988125,1.10883,1.29324,0.977999,1.09633,1.31362
0.2251,0.803372,0.845199,-0.688156,838949947,0.866312,0.959715,1.16882,0.875315,0.970792,1.15074,0.857959,0.984376,1.15074,0.849163,0.973137,1.16882,0.978817,1.09861,1.31362,0.988965,1.1111,1.29324,0.969229,1.12654,1.29324,0.959314,1.11388,1.31362
0.764964,0.803979,0.862378,-0.721262,838949948,0.848822,0.973404,1.16882,0.857618,0.984642,1.15074,0.840262,0.998226,1.15074,0.831673,0.986826,1.16882,0.958973,1.11414,1.31362,0.968889,1.12681,1.29324,0.949152,1.14226,1.29324,0.93947,1.12941,1.31362
0.321448,0.803393,0.883625,4.67419,838949949,0.828734,0.992239,1.16882,0.837347,1.00362,1.15074,0.81953,1.0166,1.15074,0.811129,1.00506,1.16882,0.936357,1.13495,1.31362,0.946066,1.14778,1.29324,0.925806,1.16254,1.29324,0.916336,1.14953,1.31362
0.0902859,0.803956,0.900807,-3.29054,838949950,0.81078,1.00531,1.16882,0.819181,1.01685,1.15074,0.801364,1.02982,1.15074,0.793175,1.01813,1.16882,0.915986,1.14979,1.31362,0.925456,1.16279,1.29324,0.905196,1.17754,1.29324,0.895965,1.16436,1.31362
0.0953033,0.80392,0.935324,-2.02268,838949952,0.77565,1.03275,1.16882,0.783643,1.04458,1.15074,0.765384,1.05692,1.15074,0.757608,1.04495,1.16882,0.875746,1.18081,1.31362,0.884756,1.19414,1.29324,0.863993,1.20818,1.29324,0.855228,1.19468,1.31362
0.332358,0.803321,0.95266,-7.606,838949953,0.758406,1.04716,1.16882,0.766204,1.05912,1.15074,0.747525,1.07081,1.15074,0.739949,1.05872,1.16882,0.855803,1.19704,1.31362,0.864593,1.21051,1.29324,0.843353,1.22382,1.29324,0.834814,1.21018,1.31362
1.27592,0.803894,0.969839,-3.1425,838949954,0.739583,1.05895,1.16882,0.747158,1.07104,1.15074,0.728479,1.08274,1.15074,0.721126,1.07051,1.16882,0.834447,1.21041,1.31362,0.842986,1.22405,1.29324,0.821746,1.23735,1.29324,0.813457,1.22356,1.31362
0.749374,0.803299,0.987175,-2.29932,838949955,0.721847,1.07274,1.16882,0.729222,1.08497,1.15074,0.710146,1.09601,1.15074,0.702997,1.08365,1.16882,0.81395,1.22593,1.31362,0.822264,1.23971,1.29324,0.800572,1.25226,1.29324,0.792514,1.23834,1.31362
0.32214,0.803877,1.00435,2.89353,838949956,0.702623,1.08387,1.16882,0.709771,1.09622,1.15074,0.690695,1.10726,1.15074,0.683774,1.09478,1.16882,0.79214,1.23855,1.31362,0.800197,1.25248,1.29324,0.778505,1.26503,1.29324,0.770703,1.25096,1.31362
0.0890015,0.803288,1.02169,-0.57544,838949957,0.684416,1.09704,1.16882,0.69136,1.10951,1.15074,0.67191,1.11987,1.15074,0.665197,1.10728,1.16882,0.771113,1.25335,1.31362,0.77894,1.26741,1.29324,0.756823,1.27919,1.29324,0.749257,1.265,1.31362
0.0848818,0.80387,1.03887,32.9314,838949958,0.664816,1.10748,1.16882,0.671528,1.12008,1.15074,0.652078,1.13044,1.15074,0.645597,1.11773,1.16882,0.748875,1.2652,1.31362,0.756442,1.2794,1.29324,0.734324,1.29119,1.29324,0.727019,1.27685,1.31362
-0.0202712,0.803285,1.0562,-3.26593,838949959,0.646159,1.12001,1.16882,0.652663,1.13271,1.15074,0.632863,1.14239,1.15074,0.626595,1.12957,1.16882,0.727344,1.27925,1.31362,0.734676,1.29357,1.29324,0.712161,1.30458,1.29324,0.705094,1.29013,1.31362
0.0429511,0.803872,1.07338,-2.06896,838949960,0.626206,1.12976,1.16882,0.632475,1.14258,1.15074,0.612675,1.15227,1.15074,0.606642,1.13933,1.16882,0.704706,1.29032,1.31362,0.711772,1.30477,1.29324,0.689257,1.31578,1.29324,0.682456,1.3012,1.31362
0.0137482,0.803293,1.09072,-2.27912,838949961,0.607124,1.14163,1.16882,0.613181,1.15455,1.15074,0.593054,1.16354,1.15074,0.587237,1.1505,1.16882,0.682698,1.30361,1.31362,0.689525,1.31818,1.29324,0.666639,1.3284,1.29324,0.660082,1.3137,1.31362
-0.212836,0.803884,1.1079,-1.48986,838949962,0.586843,1.15068,1.16882,0.592659,1.16371,1.15074,0.572533,1.1727,1.15074,0.566956,1.15956,1.16882,0.659687,1.31388,1.31362,0.666244,1.32857,1.29324,0.643358,1.33879,1.29324,0.637071,1.32398,1.31362
0.137386,0.80331,1.12523,-4.97175,838949963,0.567358,1.16187,1.16882,0.572959,1.175,1.15074,0.552531,1.18328,1.15074,0.547173,1.17005,1.16882,0.637228,1.32639,1.31362,0.643542,1.34119,1.29324,0.620313,1.3506,1.29324,0.614273,1.33569,1.31362
0.270385,0.803299,1.33624,-2.85188,838949975,0.311413,1.25494,1.16882,0.314164,1.26894,1.15074,0.292463,1.27279,1.15074,0.28997,1.25874,1.16882,0.345569,1.43039,1.31362,0.34867,1.44618,1.29324,0.323993,1.45055,1.29324,0.321183,1.43471,1.31362
0.140251,0.803285,1.75433,41.383,838949999,-0.224941,1.27332,1.16882,-0.228125,1.28723,1.15074,-0.249516,1.28192,1.15074,-0.246076,1.26807,1.16882,-0.265109,1.44749,1.31362,-0.268699,1.46318,1.29324,-0.293023,1.45714,1.29324,-0.289146,1.44152,1.31362
0.492125,0.803393,2.97802,48.7685,838950069,-1.27367,0.221585,1.16882,-1.28783,0.223353,1.15074,-1.29016,0.201436,1.15074,-1.27597,0.199929,1.16882,-1.45107,0.243433,1.31362,-1.46704,0.245426,1.29324,-1.46969,0.220504,1.29324,-1.45369,0.218804,1.31362
0.157148,0.821081,0.655292,20.7529,838950448,1.03095,0.778193,1.19895,1.04207,0.787502,1.18106,1.02792,0.8044,1.18106,1.01697,0.79489,1.19895,1.16656,0.891742,1.34602,1.17909,0.902236,1.32584,1.163,0.921451,1.32584,1.15066,0.910731,1.34602
0.0942814,0.820484,0.672628,4.1641,838950449,1.01835,0.796794,1.19895,1.02931,0.806291,1.18106,1.01458,0.822684,1.18106,1.00379,0.812993,1.19895,1.1519,0.912787,1.34602,1.16426,0.923492,1.32584,1.1475,0.942133,1.32584,1.13535,0.931208,1.34602
0.143164,0.821074,0.689805,-3.62973,838950450,1.0035,0.813314,1.19895,1.01429,0.823006,1.18106,0.999558,0.839399,1.18106,0.988948,0.829513,1.19895,1.13506,0.93153,1.34602,1.14721,0.942455,1.32584,1.13046,0.961097,1.32584,1.1185,0.949952,1.34602
0.374437,0.820481,0.707142,-6.89275,838950451,0.990257,0.831464,1.19895,1.00088,0.841337,1.18106,0.985583,0.857206,1.18106,0.975144,0.847144,1.19895,1.11967,0.95205,1.34602,1.13165,0.96318,1.32584,1.11426,0.981225,1.32584,1.10249,0.969882,1.34602
-0.07692,0.821077,0.724319,-1.27088,838950452,0.974843,0.847455,1.19895,0.985283,0.857518,1.18106,0.969988,0.873387,1.18106,0.95973,0.863135,1.19895,1.10219,0.970193,1.34602,1.11396,0.981536,1.32584,1.09656,0.999582,1.32584,1.085,0.988026,1.34602
-0.00220594,0.820489,0.741657,-2.19836,838950453,0.96097,0.865131,1.19895,0.971241,0.87537,1.18106,0.955401,0.890695,1.18106,0.945318,0.880274,1.19895,1.0861,0.990164,1.34602,1.09768,1.00171,1.32584,1.07966,1.01913,1.32584,1.0683,1.00738,1.34602
0.0246961,0.821089,0.758833,-2.58799,838950454,0.945008,0.880575,1.19895,0.95509,0.890996,1.18106,0.93925,0.906321,1.18106,0.929356,0.895717,1.19895,1.06799,1.00769,1.34602,1.07935,1.01943,1.32584,1.06134,1.03686,1.32584,1.05019,1.02491,1.34602
0.0128692,0.820506,0.776171,62.2773,838950455,0.930526,0.897755,1.19895,0.940432,0.908346,1.18106,0.924067,0.923109,1.18106,0.914355,0.912342,1.19895,1.05121,1.02708,1.34602,1.06238,1.03902,1.32584,1.04377,1.05581,1.32584,1.03282,1.04367,1.34602
-0.0382307,0.821111,0.793348,-1.86894,838950456,0.914034,0.912632,1.19895,0.923746,0.923398,1.18106,0.90738,0.938161,1.18106,0.897863,0.927218,1.19895,1.0325,1.04396,1.34602,1.04345,1.0561,1.32584,1.02484,1.07288,1.32584,1.01411,1.06055,1.34602
0.0202066,0.820533,0.810687,-2.22195,838950457,0.89896,0.929296,1.19895,0.908491,0.940226,1.18106,0.89162,0.954408,1.18106,0.88229,0.943309,1.19895,1.01505,1.06276,1.34602,1.0258,1.07508,1.32584,1.00661,1.09121,1.32584,0.996096,1.07869,1.34602
-0.0306938,0.821143,0.827864,-3.43615,838950458,0.881959,0.943587,1.19895,0.891289,0.954687,1.18106,0.874418,0.968869,1.18106,0.865288,0.9576,1.19895,0.995765,1.07897,1.34602,1.00628,1.09148,1.32584,0.987097,1.10761,1.32584,0.976806,1.09491,1.34602
-0.105778,0.82057,0.845205,-3.00758,838950459,0.866312,0.959715,1.19895,0.875456,0.970972,1.18106,0.858099,0.984556,1.18106,0.849163,0.973137,1.19895,0.977674,1.09715,1.34602,0.987981,1.10984,1.32584,0.968245,1.12529,1.32584,0.958171,1.11242,1.34602
0.10184,0.821184,0.862382,10.6926,838950460,0.848822,0.973404,1.19895,0.857759,0.984822,1.18106,0.840403,0.998406,1.18106,0.831673,0.986826,1.19895,0.95783,1.11268,1.34602,0.967904,1.12555,1.32584,0.948168,1.141,1.32584,0.938327,1.12795,1.34602
0.0878612,0.82059,0.88363,-12.4047,838950461,0.828734,0.992239,1.19895,0.837481,1.00381,1.18106,0.819665,1.01678,1.18106,0.811129,1.00506,1.19895,0.935265,1.13345,1.34602,0.945126,1.14649,1.32584,0.924866,1.16124,1.32584,0.915244,1.14803,1.34602
-0.0286525,0.821161,0.90081,-3.59302,838950462,0.81078,1.00531,1.19895,0.819315,1.01703,1.18106,0.801499,1.03001,1.18106,0.793175,1.01813,1.19895,0.914894,1.14829,1.34602,0.924516,1.1615,1.32584,0.904256,1.17625,1.32584,0.894873,1.16287,1.34602
0.111331,0.820549,0.918148,-2.06543,838950463,0.79405,1.02031,1.19895,0.802388,1.03218,1.18106,0.784129,1.04452,1.18106,0.776008,1.03251,1.19895,0.895584,1.16516,1.34602,0.904983,1.17854,1.32584,0.88422,1.19257,1.32584,0.875066,1.17903,1.34602
0.0332198,0.821125,0.935328,-3.34285,838950464,0.77565,1.03275,1.19895,0.783771,1.04477,1.18106,0.765512,1.05711,1.18106,0.757608,1.04495,1.19895,0.874707,1.17927,1.34602,0.883862,1.19282,1.32584,0.863099,1.20685,1.32584,0.85419,1.19315,1.34602
0.0715353,0.820517,0.952665,-2.13714,838950465,0.758406,1.04716,1.19895,0.766325,1.05931,1.18106,0.747646,1.07101,1.18106,0.739949,1.05872,1.19895,0.854819,1.19547,1.34602,0.863746,1.20916,1.32584,0.842505,1.22246,1.32584,0.833829,1.20861,1.34602
0.1871,0.821098,0.969843,3.72673,838950466,0.739583,1.05895,1.19895,0.74728,1.07124,1.18106,0.728601,1.08294,1.18106,0.721126,1.07051,1.19895,0.833463,1.20884,1.34602,0.842139,1.22269,1.32584,0.820898,1.236,1.32584,0.812473,1.22199,1.34602
0.546388,0.820496,0.98718,0.742993,838950467,0.721847,1.07274,1.19895,0.729336,1.08516,1.18106,0.71026,1.0962,1.18106,0.702997,1.08365,1.19895,0.813021,1.22433,1.34602,0.821464,1.23833,1.32584,0.799772,1.25088,1.32584,0.791585,1.23673,1.34602
0.00748377,0.821081,1.00436,-1.11183,838950468,0.702623,1.08387,1.19895,0.709886,1.09642,1.18106,0.69081,1.10746,1.18106,0.683774,1.09478,1.19895,0.791211,1.23695,1.34602,0.799398,1.2511,1.32584,0.777705,1.26365,1.32584,0.769774,1.24935,1.34602
0.0626525,0.820484,1.02169,-2.21013,838950469,0.684416,1.09704,1.19895,0.691467,1.10971,1.18106,0.672017,1.12008,1.18106,0.665197,1.10728,1.19895,0.770241,1.25171,1.34602,0.778189,1.266,1.32584,0.756072,1.27779,1.32584,0.748384,1.26336,1.34602
0.212617,0.821074,1.03887,-55.4018,838950470,0.664816,1.10748,1.19895,0.671636,1.12028,1.18106,0.652186,1.13065,1.18106,0.645597,1.11773,1.19895,0.748003,1.26356,1.34602,0.75569,1.27799,1.32584,0.733573,1.28978,1.32584,0.726146,1.27521,1.34602
0.0190425,0.820481,1.05621,-2.10543,838950471,0.646159,1.12001,1.19895,0.652764,1.13292,1.18106,0.632964,1.1426,1.18106,0.626595,1.12957,1.19895,0.72653,1.27759,1.34602,0.733975,1.29214,1.32584,0.711459,1.30315,1.32584,0.70428,1.28846,1.34602
0.369116,0.821077,1.07338,4.75754,838950472,0.626206,1.12976,1.19895,0.632575,1.14279,1.18106,0.612775,1.15247,1.18106,0.606642,1.13933,1.19895,0.703892,1.28865,1.34602,0.711071,1.30334,1.32584,0.688555,1.31435,1.32584,0.681642,1.29953,1.34602
0.112712,0.820489,1.09072,47.8171,838950473,0.607124,1.14163,1.19895,0.613274,1.15476,1.18106,0.593147,1.16375,1.18106,0.587237,1.1505,1.19895,0.681942,1.30192,1.34602,0.688874,1.31672,1.32584,0.665988,1.32694,1.32584,0.659326,1.31201,1.34602
-0.00465927,0.821089,1.1079,-3.18829,838950474,0.586843,1.15068,1.19895,0.592753,1.16392,1.18106,0.572626,1.17291,1.18106,0.566956,1.15956,1.19895,0.658931,1.31219,1.34602,0.665593,1.32711,1.32584,0.642707,1.33733,1.32584,0.636315,1.32228,1.34602
0.102728,0.820506,1.12524,45.4663,838950475,0.567358,1.16187,1.19895,0.573045,1.17521,1.18106,0.552617,1.18349,1.18106,0.547173,1.17005,1.19895,0.636532,1.32468,1.34602,0.642942,1.33971,1.32584,0.619713,1.34912,1.32584,0.613577,1.33397,1.34602
0.144003,0.820489,1.43979,17.8176,838950493,0.18005,1.28043,1.19895,0.181337,1.29487,1.18106,0.159352,1.29643,1.18106,0.158327,1.28197,1.19895,0.195534,1.45664,1.34602,0.196984,1.47292,1.32584,0.171985,1.47469,1.32584,0.170829,1.45839,1.34602
0.29511,0.821125,-1.15907,36.119,838950704,0.506565,-1.18811,1.19895,0.512908,-1.20115,1.18106,0.532728,-1.19151,1.18106,0.526149,-1.17858,1.19895,0.583928,-1.34716,1.34602,0.591078,-1.36185,1.32584,0.613616,-1.35089,1.32584,0.6062,-1.33632,1.34602
0.201542,0.820533,-0.23651,39.2451,838950757,1.25427,-0.313874,1.19895,1.26851,-0.316663,1.18106,1.27235,-0.294961,1.18106,1.25807,-0.292431,1.19895,1.4279,-0.347683,1.34602,1.44395,-0.350827,1.32584,1.44832,-0.326149,1.32584,1.43222,-0.323297,1.34602
0.132127,0.83768,0.427111,-12.8497,838950947,1.18146,0.525355,1.22941,1.19459,0.532025,1.21169,1.18426,0.551495,1.21169,1.17125,0.544593,1.22941,1.33743,0.604723,1.3787,1.35224,0.612242,1.35874,1.34049,0.634382,1.35874,1.32583,0.626602,1.3787
0.165458,0.83767,0.638119,-4.45206,838950959,1.04521,0.761165,1.22941,1.05667,0.770418,1.21169,1.04252,0.787316,1.21169,1.03123,0.777861,1.22941,1.18129,0.871213,1.3787,1.19421,0.881644,1.35874,1.17812,0.900859,1.35874,1.16539,0.890201,1.3787
0.0445776,0.837657,0.672634,-2.82248,838950961,1.01835,0.796794,1.22941,1.02948,0.806442,1.21169,1.01475,0.822836,1.21169,1.00379,0.812993,1.22941,1.1505,0.911528,1.3787,1.16304,0.922403,1.35874,1.14629,0.941045,1.35874,1.13395,0.92995,1.3787
0.0147078,0.838256,0.689809,-3.21137,838950962,1.0035,0.813314,1.22941,1.01446,0.823157,1.21169,0.999726,0.839551,1.21169,0.988948,0.829513,1.22941,1.13366,0.930271,1.3787,1.146,0.941367,1.35874,1.12925,0.960008,1.35874,1.1171,0.948693,1.3787
-0.0333387,0.837655,0.707148,-3.83237,838950963,0.990257,0.831464,1.22941,1.00104,0.841495,1.21169,0.985746,0.857364,1.21169,0.975144,0.847144,1.22941,1.11832,0.950743,1.3787,1.13048,0.96205,1.35874,1.11308,0.980095,1.35874,1.10113,0.968575,1.3787
0.0091254,0.838258,0.724323,-2.40967,838950964,0.974843,0.847455,1.22941,0.985446,0.857675,1.21169,0.970151,0.873544,1.21169,0.95973,0.863135,1.22941,1.10083,0.968887,1.3787,1.11278,0.980406,1.35874,1.09539,0.998452,1.35874,1.08364,0.986719,1.3787
-0.0731033,0.837663,0.741662,-3.70654,838950965,0.96097,0.865131,1.22941,0.971398,0.875532,1.21169,0.955558,0.890857,1.21169,0.945318,0.880274,1.22941,1.08479,0.98881,1.3787,1.09654,1.00053,1.35874,1.07853,1.01796,1.35874,1.06699,1.00603,1.3787
0.0982951,0.837745,0.84521,94.7848,838950971,0.866312,0.959715,1.22941,0.875595,0.97115,1.21169,0.858239,0.984734,1.21169,0.849163,0.973137,1.22941,0.976514,1.09567,1.3787,0.986978,1.10856,1.35874,0.967241,1.124,1.35874,0.95701,1.11093,1.3787
0.293836,0.838367,0.862386,1.00373,838950972,0.848822,0.973404,1.22941,0.857898,0.985001,1.21169,0.840542,0.998585,1.21169,0.831673,0.986826,1.22941,0.95667,1.1112,1.3787,0.966901,1.12427,1.35874,0.947164,1.13972,1.35874,0.937166,1.12646,1.3787
0.176223,0.838307,0.935331,5.98949,838950976,0.77565,1.03275,1.22941,0.783898,1.04495,1.21169,0.765639,1.0573,1.21169,0.757608,1.04495,1.22941,0.873653,1.17771,1.3787,0.88295,1.19147,1.35874,0.862187,1.2055,1.35874,0.853135,1.19159,1.3787
-0.00992228,0.837692,0.95267,-2.60536,838950977,0.758406,1.04716,1.22941,0.766445,1.0595,1.21169,0.747766,1.0712,1.21169,0.739949,1.05872,1.22941,0.853819,1.19387,1.3787,0.862881,1.20778,1.35874,0.841641,1.22108,1.35874,0.83283,1.20702,1.3787
-0.0727909,0.83828,0.969847,-3.20626,838950978,0.739583,1.05895,1.22941,0.7474,1.07143,1.21169,0.728721,1.08313,1.21169,0.721126,1.07051,1.22941,0.832463,1.20725,1.3787,0.841274,1.22131,1.35874,0.820034,1.23462,1.35874,0.811473,1.22039,1.3787
0.0967005,0.83767,0.987185,-3.27228,838950979,0.721846,1.07274,1.22941,0.729449,1.08536,1.21169,0.710373,1.0964,1.21169,0.702997,1.08365,1.22941,0.812078,1.2227,1.3787,0.820648,1.23692,1.35874,0.798956,1.24947,1.35874,0.790642,1.2351,1.3787
-0.00445094,0.838263,1.00436,-2.71712,838950980,0.702623,1.08387,1.22941,0.709999,1.09662,1.21169,0.690923,1.10765,1.21169,0.683774,1.09478,1.22941,0.790267,1.23532,1.3787,0.798582,1.24969,1.35874,0.77689,1.26224,1.35874,0.768831,1.24772,1.3787
0.0642795,0.837657,1.0217,44.6108,838950981,0.684416,1.09704,1.22941,0.691574,1.10991,1.21169,0.672123,1.12028,1.21169,0.665197,1.10728,1.22941,0.769355,1.25005,1.3787,0.777423,1.26456,1.35874,0.755306,1.27635,1.35874,0.747498,1.2617,1.3787
-0.00456903,0.838256,1.03887,-2.56664,838950982,0.664816,1.10748,1.22941,0.671742,1.12048,1.21169,0.652292,1.13085,1.21169,0.645597,1.11773,1.22941,0.747117,1.2619,1.3787,0.754925,1.27655,1.35874,0.732807,1.28834,1.35874,0.725261,1.27355,1.3787
0.111313,0.837655,1.05621,11.8838,838950983,0.646159,1.12001,1.22941,0.652863,1.13312,1.21169,0.633063,1.1428,1.21169,0.626595,1.12957,1.22941,0.725703,1.27589,1.3787,0.73326,1.29068,1.35874,0.710744,1.30169,1.35874,0.703453,1.28677,1.3787
0.0415712,0.838258,1.07339,-3.06901,838950984,0.626206,1.12976,1.22941,0.632675,1.14299,1.21169,0.612874,1.15267,1.21169,0.606642,1.13933,1.22941,0.703064,1.28696,1.3787,0.710356,1.30188,1.35874,0.68784,1.31288,1.35874,0.680814,1.29784,1.3787
-0.0457975,0.837663,1.09073,-2.96531,838950985,0.607124,1.14163,1.22941,0.613366,1.15497,1.21169,0.59324,1.16395,1.21169,0.587237,1.1505,1.22941,0.681174,1.3002,1.3787,0.68821,1.31524,1.35874,0.665324,1.32545,1.35874,0.658558,1.31029,1.3787
0.00696332,0.838271,1.1079,-2.84763,838950986,0.586843,1.15068,1.22941,0.592845,1.16413,1.21169,0.572719,1.17311,1.21169,0.566956,1.15956,1.22941,0.658163,1.31047,1.3787,0.664929,1.32563,1.35874,0.642043,1.33584,1.35874,0.635547,1.32056,1.3787
0.122784,0.855442,0.620784,4.42268,838951470,1.05716,0.742134,1.26018,1.06895,0.751326,1.24266,1.0554,0.768708,1.24266,1.04377,0.759309,1.26018,1.19365,0.848545,1.41169,1.20695,0.858907,1.39194,1.19154,0.878672,1.39194,1.17843,0.868078,1.41169
0.191823,0.854824,0.638124,9.01616,838951471,1.04521,0.761164,1.26018,1.05684,0.770562,1.24266,1.04269,0.78746,1.24266,1.03123,0.777861,1.26018,1.17983,0.869986,1.41169,1.19294,0.880579,1.39194,1.17685,0.899794,1.39194,1.16392,0.888974,1.41169
0.0251729,0.855425,0.655299,-2.99708,838951472,1.03095,0.778193,1.26018,1.04242,0.787791,1.24266,1.02827,0.804689,1.24266,1.01697,0.79489,1.26018,1.16365,0.889306,1.41169,1.17657,0.900125,1.39194,1.16048,0.919341,1.39194,1.14775,0.908294,1.41169
-0.0258017,0.854811,0.672639,-2.72497,838951473,1.01835,0.796794,1.26018,1.02964,0.806592,1.24266,1.01491,0.822985,1.24266,1.00379,0.812993,1.26018,1.14908,0.91025,1.41169,1.16181,0.921295,1.39194,1.14506,0.939936,1.39194,1.13252,0.928672,1.41169
0.0128717,0.855418,0.689813,53.4795,838951474,1.0035,0.813314,1.26018,1.01462,0.823307,1.24266,0.999893,0.8397,1.24266,0.988948,0.829513,1.26018,1.13223,0.928994,1.41169,1.14477,0.940258,1.39194,1.12802,0.9589,1.39194,1.11568,0.947415,1.41169
0.114851,0.855433,0.75884,47.3989,838951478,0.945008,0.880575,1.26018,0.955403,0.891319,1.24266,0.939563,0.906644,1.24266,0.929356,0.895717,1.26018,1.06535,1.00496,1.41169,1.07707,1.01707,1.39194,1.05905,1.0345,1.39194,1.04755,1.02218,1.41169
0.0361314,0.855425,1.00436,-2.80996,838951492,0.702623,1.08387,1.26018,0.710111,1.09681,1.24266,0.691035,1.10785,1.24266,0.683774,1.09478,1.26018,0.78931,1.23366,1.41169,0.797751,1.24825,1.39194,0.776059,1.2608,1.39194,0.767874,1.24607,1.41169
0.13263,0.854811,1.0217,41.47,838951493,0.684416,1.09704,1.26018,0.691679,1.11011,1.24266,0.672229,1.12047,1.24266,0.665197,1.10728,1.26018,0.768456,1.24836,1.41169,0.776643,1.2631,1.39194,0.754526,1.27488,1.39194,0.746599,1.26001,1.41169
0.00868557,0.855418,1.03888,-4.13966,838951494,0.664816,1.10748,1.26018,0.671847,1.12068,1.24266,0.652397,1.13104,1.24266,0.645597,1.11773,1.26018,0.746218,1.26022,1.41169,0.754144,1.27509,1.39194,0.732027,1.28688,1.39194,0.724361,1.27186,1.41169
-0.126708,0.854809,1.05622,-3.03055,838951495,0.646159,1.12001,1.26018,0.652962,1.13332,1.24266,0.633161,1.143,1.24266,0.626595,1.12957,1.26018,0.724863,1.27418,1.41169,0.732531,1.28919,1.39194,0.710015,1.30019,1.39194,0.702613,1.28506,1.41169
0.00609046,0.85542,1.07339,-2.73125,838951496,0.626206,1.12976,1.26018,0.632773,1.14319,1.24266,0.612973,1.15288,1.24266,0.606642,1.13933,1.26018,0.702225,1.28524,1.41169,0.709627,1.30038,1.39194,0.687111,1.31139,1.39194,0.679975,1.29612,1.41169
0.00952363,0.854817,1.09073,-3.15531,838951497,0.607124,1.14163,1.26018,0.613457,1.15517,1.24266,0.593331,1.16416,1.24266,0.587237,1.1505,1.26018,0.680395,1.29845,1.41169,0.687534,1.31372,1.39194,0.664648,1.32394,1.39194,0.657779,1.30855,1.41169
-0.023805,0.855433,1.10791,-3.04923,838951498,0.586843,1.15068,1.26018,0.592936,1.16433,1.24266,0.57281,1.17332,1.24266,0.566956,1.15956,1.26018,0.657384,1.30872,1.41169,0.664253,1.32411,1.39194,0.641367,1.33433,1.39194,0.634768,1.31882,1.41169
0.3939,0.871971,0.427121,-6.70956,838951971,1.18146,0.525355,1.2913,1.19498,0.532234,1.27397,1.18465,0.551704,1.27397,1.17125,0.544593,1.2913,1.33403,0.602919,1.445,1.34928,0.610673,1.42546,1.33753,0.632812,1.42546,1.32242,0.624797,1.445
0.155105,0.8726,0.444293,7.11196,838951972,1.17105,0.544975,1.2913,1.18445,0.552086,1.27397,1.17412,0.571555,1.27397,1.16084,0.564213,1.2913,1.32222,0.625179,1.445,1.33733,0.633194,1.42546,1.32558,0.655334,1.42546,1.31061,0.647057,1.445
0.167205,0.872587,0.620788,4.65788,838951982,1.05716,0.742134,1.2913,1.06913,0.751463,1.27397,1.05558,0.768844,1.27397,1.04377,0.759309,1.2913,1.19212,0.847353,1.445,1.20561,0.857868,1.42546,1.1902,0.877633,1.42546,1.1769,0.866885,1.445
0.85443,0.871961,0.638129,-0.517748,838951983,1.04521,0.761164,1.2913,1.05701,0.770704,1.27397,1.04286,0.787602,1.27397,1.03123,0.777861,1.2913,1.17834,0.868741,1.445,1.19164,0.879494,1.42546,1.17555,0.898709,1.42546,1.16244,0.887729,1.445
0.0354553,0.872569,0.655302,-44.061,838951984,1.03096,0.778193,1.2913,1.04259,0.787933,1.27397,1.02844,0.804831,1.27397,1.01697,0.79489,1.2913,1.16216,0.888061,1.445,1.17527,0.899041,1.42546,1.15918,0.918256,1.42546,1.14626,0.907049,1.445
0.0906959,0.871948,0.672644,-30.1917,838951985,1.01835,0.796794,1.2913,1.02981,0.80674,1.27397,1.01508,0.823133,1.27397,1.00379,0.812992,1.2913,1.14764,0.908954,1.445,1.16055,0.920165,1.42546,1.1438,0.938807,1.42546,1.13108,0.927376,1.445
-0.085076,0.872562,0.689816,-3.9238,838951986,1.0035,0.813314,1.2913,1.01479,0.823455,1.27397,1.00006,0.839848,1.27397,0.988948,0.829513,1.2913,1.13079,0.927697,1.445,1.14351,0.939128,1.42546,1.12676,0.95777,1.42546,1.11424,0.946119,1.445
-0.188797,0.8726,0.793359,-4.4368,838951992,0.914034,0.912632,1.2913,0.924196,0.923897,1.27397,0.90783,0.93866,1.27397,0.897863,0.927218,1.2913,1.02866,1.0397,1.445,1.04011,1.0524,1.42546,1.0215,1.06919,1.42546,1.01027,1.05629,1.445
0.124905,0.871961,0.987195,-35.4655,838952003,0.721847,1.07275,1.2913,0.729673,1.08575,1.27397,0.710596,1.09678,1.27397,0.702997,1.08365,1.2913,0.810149,1.21936,1.445,0.818971,1.23402,1.42546,0.797279,1.24657,1.42546,0.788713,1.23177,1.445
0.225784,0.872577,1.10791,-15.9986,838952010,0.586843,1.15068,1.2913,0.593026,1.16454,1.27397,0.5729,1.17352,1.27397,0.566956,1.15956,1.2913,0.656594,1.30695,1.445,0.663564,1.32257,1.42546,0.640678,1.33278,1.42546,0.633977,1.31705,1.445
0.802302,0.871971,1.12525,-0.316133,838952011,0.567358,1.16187,1.2913,0.573297,1.17584,1.27397,0.552869,1.18411,1.27397,0.547173,1.17005,1.2913,0.634379,1.31936,1.445,0.641074,1.3351,1.42546,0.617845,1.34451,1.42546,0.611424,1.32866,1.445
0.0958636,0.889848,0.513337,23.6441,838952488,1.13056,0.624387,1.32289,1.14365,0.632554,1.30571,1.13198,0.651271,1.30571,1.11903,0.642866,1.32289,1.27419,0.713972,1.47862,1.28885,0.723111,1.45939,1.27566,0.744252,1.45939,1.26117,0.734846,1.47862
0.990366,0.889179,0.569099,-2.3252,838952491,1.09513,0.687199,1.32289,1.10779,0.69603,1.30571,1.09484,0.71389,1.30571,1.08235,0.704831,1.32289,1.23385,0.78427,1.47862,1.24802,0.794152,1.45939,1.23339,0.814325,1.45939,1.21941,0.804189,1.47862
0.300772,0.889786,0.586281,-9.34719,838952492,1.08209,0.705183,1.32289,1.09459,0.714242,1.30571,1.08164,0.732101,1.30571,1.06931,0.722816,1.32289,1.21915,0.804541,1.47862,1.23314,0.814677,1.45939,1.21851,0.83485,1.45939,1.20472,0.824459,1.47862
-0.00909717,0.889757,0.620797,-2.48871,838952494,1.05716,0.742135,1.32289,1.06933,0.751624,1.30571,1.05577,0.769021,1.30571,1.04377,0.75931,1.32289,1.19067,0.846219,1.47862,1.20429,0.856837,1.45939,1.18897,0.876488,1.45939,1.17554,0.865621,1.47862
0.0790391,0.889123,0.638131,-1.53044,838952495,1.04521,0.761164,1.32289,1.05723,0.770857,1.30571,1.04307,0.787769,1.30571,1.03123,0.777861,1.32289,1.17682,0.867681,1.47862,1.19026,0.878528,1.45939,1.17426,0.897631,1.45939,1.16102,0.886544,1.47862
1.52426,0.88974,0.655311,0.625585,838952496,1.03095,0.778194,1.32289,1.04279,0.788102,1.30571,1.02863,0.805014,1.30571,1.01697,0.794891,1.32289,1.16074,0.886877,1.47862,1.17399,0.897964,1.45939,1.15799,0.917068,1.45939,1.14495,0.905739,1.47862
0.0858005,0.889111,0.672645,-36.5025,838952497,1.01835,0.796793,1.32289,1.03002,0.8069,1.30571,1.01527,0.823307,1.30571,1.00379,0.812992,1.32289,1.14615,0.907842,1.47862,1.15921,0.919152,1.45939,1.14255,0.937685,1.45939,1.12971,0.926141,1.47862
-0.0155924,0.889732,0.689825,-1.9618,838952498,1.0035,0.813315,1.32289,1.01498,0.823631,1.30571,1.00024,0.840038,1.30571,0.988947,0.829513,1.32289,1.12942,0.926465,1.47862,1.14226,0.938008,1.45939,1.12561,0.956541,1.45939,1.11297,0.944764,1.47862
-0.234694,0.889223,0.883646,-2.74058,838952509,0.828735,0.992238,1.32289,0.838047,1.00455,1.30571,0.820215,1.01753,1.30571,0.81113,1.00506,1.32289,0.93067,1.12742,1.47862,0.941091,1.1412,1.45939,0.920949,1.15586,1.45939,0.910783,1.1419,1.47862
0.100563,0.889123,0.987197,-2.00235,838952515,0.721847,1.07274,1.32289,0.729821,1.08596,1.30571,0.710729,1.09701,1.30571,0.702998,1.08365,1.32289,0.809083,1.21785,1.47862,0.818005,1.23264,1.45939,0.79644,1.24512,1.45939,0.787789,1.23017,1.47862
0.183268,0.889771,1.14243,15.3839,838952524,0.546771,1.17021,1.32289,0.552566,1.18452,1.30571,0.532121,1.1928,1.30571,0.526587,1.17839,1.32289,0.610329,1.32711,1.47862,0.616813,1.34312,1.45939,0.59372,1.35247,1.45939,0.587527,1.33635,1.47862
0.124971,0.889786,1.28441,32.6243,838952532,0.375649,1.23576,1.32289,0.379399,1.25073,1.30571,0.358001,1.25609,1.30571,0.354524,1.24105,1.32289,0.416778,1.39997,1.47862,0.420974,1.41672,1.45939,0.396804,1.42278,1.45939,0.392913,1.40595,1.47862
0.356123,0.889146,1.30175,6.94564,838952533,0.35452,1.2434,1.32289,0.358019,1.25843,1.30571,0.336447,1.26304,1.30571,0.333223,1.24795,1.32289,0.39265,1.40836,1.47862,0.396566,1.42518,1.45939,0.372199,1.43039,1.45939,0.368591,1.4135,1.47862
0.176867,0.889146,1.65081,46.9636,838952553,-0.0921276,1.28967,1.32289,-0.0939814,1.30499,1.30571,-0.115829,1.30194,1.30571,-0.113697,1.28666,1.32289,-0.112716,1.45772,1.47862,-0.114791,1.47487,1.45939,-0.139468,1.47142,1.45939,-0.137082,1.45432,1.47862
0.143634,0.889771,2.88776,12.7226,838952624,-1.24738,0.335259,1.32289,-1.26247,0.338482,1.30571,-1.26708,0.316909,1.30571,-1.25193,0.313962,1.32289,-1.41293,0.370606,1.47862,-1.42982,0.374212,1.45939,-1.43503,0.349845,1.45939,-1.41807,0.346547,1.47862
0.195128,0.906347,0.496161,2.49034,838952999,1.14231,0.60554,1.3548,1.15573,0.613576,1.3378,1.14405,0.632293,1.3378,1.13079,0.624018,1.3548,1.28586,0.69174,1.51253,1.30087,0.700733,1.4935,1.28769,0.721874,1.4935,1.27284,0.712614,1.51253
0.105296,0.90691,0.6208,-1.74056,838953006,1.05716,0.742135,1.3548,1.06949,0.75175,1.3378,1.05593,0.769146,1.3378,1.04377,0.75931,1.3548,1.1892,0.84507,1.51253,1.203,0.855829,1.4935,1.18768,0.875479,1.4935,1.17407,0.864473,1.51253
0.144578,0.906268,0.638135,-6.12016,838953007,1.04521,0.761164,1.3548,1.05738,0.770987,1.3378,1.04322,0.7879,1.3378,1.03123,0.777861,1.3548,1.17539,0.866482,1.51253,1.189,0.877475,1.4935,1.17301,0.896578,1.4935,1.15959,0.885344,1.51253
0.248957,0.906892,0.655314,-7.11482,838953008,1.03095,0.778194,1.3548,1.04294,0.788233,1.3378,1.02878,0.805145,1.3378,1.01697,0.794891,1.3548,1.15931,0.885678,1.51253,1.17273,0.896912,1.4935,1.15673,0.916015,1.4935,1.14352,0.90454,1.51253
0.0241176,0.906255,0.67265,-41.9277,838953009,1.01835,0.796793,1.3548,1.03017,0.807036,1.3378,1.01542,0.823443,1.3378,1.00379,0.812992,1.3548,1.14476,0.906594,1.51253,1.15799,0.918056,1.4935,1.14133,0.936589,1.4935,1.12832,0.924893,1.51253
0.0792961,0.906884,0.689828,24.1922,838953010,1.0035,0.813315,1.3548,1.01513,0.823767,1.3378,1.00039,0.840174,1.3378,0.988947,0.829513,1.3548,1.12803,0.925216,1.51253,1.14104,0.936912,1.4935,1.12439,0.955445,1.4935,1.11159,0.943515,1.51253
0.165642,0.906957,0.827888,-11.0576,838953018,0.881958,0.943588,1.3548,0.89202,0.955558,1.3378,0.875134,0.969752,1.3378,0.865287,0.957601,1.3548,0.989685,1.07174,1.51253,1.00094,1.08514,1.4935,0.981871,1.10117,1.4935,0.970853,1.08757,1.51253
0.10901,0.906253,1.05623,-26.8756,838953031,0.64616,1.12001,1.3548,0.653281,1.13393,1.3378,0.633464,1.14362,1.3378,0.626596,1.12957,1.3548,0.722233,1.26917,1.51253,0.730201,1.28475,1.4935,0.707817,1.2957,1.4935,0.700131,1.27998,1.51253
0.148621,0.906347,1.19429,-12.5102,838953039,0.485827,1.19813,1.3548,0.490938,1.21291,1.3378,0.469965,1.21975,1.3378,0.46512,1.20488,1.3548,0.540383,1.35644,1.51253,0.546103,1.37298,1.4935,0.522413,1.3807,1.4935,0.516992,1.36406,1.51253
0.185936,0.906884,1.38796,-11.719,838953050,0.245939,1.26808,1.3548,0.248131,1.28356,1.3378,0.22629,1.28665,1.3378,0.224377,1.27113,1.3548,0.269403,1.43384,1.51253,0.271855,1.45117,1.4935,0.247185,1.45466,1.4935,0.245044,1.43729,1.51253
0.182804,0.906255,-2.11988,40.7864,838953209,-0.684417,-1.09704,1.3548,-0.692019,-1.1107,1.3378,-0.672553,-1.12108,1.3378,-0.665198,-1.10728,1.3548,-0.765652,-1.24345,1.51253,-0.77416,-1.25875,1.4935,-0.752172,-1.27047,1.4935,-0.743942,-1.25502,1.51253
0.243887,0.923492,-0.163543,24.2075,838953473,1.27367,-0.221586,1.38705,1.28939,-0.223538,1.37024,1.29172,-0.201603,1.37024,1.27597,-0.19993,1.38705,1.43797,-0.241876,1.54677,1.45556,-0.244061,1.52795,1.4582,-0.219284,1.52795,1.44057,-0.217412,1.54677
0.0172453,0.924039,0.620803,-3.16718,838953518,1.05716,0.742135,1.38705,1.06965,0.751873,1.37024,1.05609,0.76927,1.37024,1.04377,0.75931,1.38705,1.1877,0.843907,1.54677,1.20168,0.854805,1.52795,1.18636,0.874455,1.52795,1.17258,0.86331,1.54677
0.133261,0.92339,0.63814,4.40309,838953519,1.04521,0.761164,1.38705,1.05754,0.771117,1.37024,1.04338,0.788029,1.37024,1.03123,0.777861,1.38705,1.17394,0.865268,1.54677,1.18773,0.876406,1.52795,1.17173,0.895509,1.52795,1.15814,0.88413,1.54677
0.0376034,0.924021,0.655318,-2.60308,838953520,1.03095,0.778194,1.38705,1.0431,0.788362,1.37024,1.02894,0.805275,1.37024,1.01697,0.794891,1.38705,1.15786,0.884463,1.54677,1.17145,0.895842,1.52795,1.15545,0.914945,1.52795,1.14207,0.903325,1.54677
-0.074005,0.923377,0.672655,-2.50139,838953521,1.01835,0.796793,1.38705,1.03032,0.807171,1.37024,1.01557,0.823578,1.37024,1.00379,0.812992,1.38705,1.14336,0.90533,1.54677,1.15675,0.916942,1.52795,1.1401,0.935475,1.52795,1.12691,0.923629,1.54677
0.0925551,0.924013,0.689832,41.4687,838953522,1.0035,0.813315,1.38705,1.01528,0.823902,1.37024,1.00054,0.840309,1.37024,0.988947,0.829513,1.38705,1.12662,0.923952,1.54677,1.13981,0.935798,1.52795,1.12315,0.954331,1.52795,1.11018,0.942251,1.54677
0.103555,0.923492,0.883655,-3.87777,838953533,0.828735,0.992238,1.38705,0.838285,1.00488,1.37024,0.820454,1.01786,1.37024,0.81113,1.00506,1.38705,0.928457,1.12438,1.54677,0.939145,1.13852,1.52795,0.919003,1.15319,1.52795,0.90857,1.13886,1.54677
0.11604,0.923375,1.05623,-7.72346,838953543,0.646161,1.12001,1.38705,0.65337,1.13411,1.37024,0.633553,1.1438,1.37024,0.626596,1.12957,1.38705,0.721402,1.26747,1.54677,0.729469,1.28326,1.52795,0.707085,1.2942,1.52795,0.699301,1.27828,1.54677
0.140213,0.923414,1.30176,9.69803,838953557,0.35452,1.2434,1.38705,0.358104,1.25883,1.37024,0.336532,1.26344,1.37024,0.333223,1.24795,1.38705,0.391865,1.40468,1.54677,0.395875,1.42195,1.52795,0.371509,1.42715,1.52795,0.367806,1.40982,1.54677
0.135712,0.924021,-2.13721,44.085,838953720,-0.702622,-1.08387,1.38705,-0.710555,-1.09758,1.37024,-0.691463,-1.10863,1.37024,-0.683773,-1.09478,1.38705,-0.78553,-1.22714,1.54677,-0.794408,-1.24248,1.52795,-0.772842,-1.25496,1.52795,-0.764237,-1.23946,1.54677
0.563584,0.941242,0.513347,-2.94757,838954024,1.13056,0.624387,1.41968,1.14416,0.632874,1.40306,1.13249,0.651591,1.40306,1.11903,0.642865,1.41968,1.26938,0.710969,1.58135,1.28461,0.720466,1.56275,1.27142,0.741607,1.56275,1.25636,0.731843,1.58135
0.105439,0.940492,0.638145,-7.06625,838954031,1.04521,0.761164,1.41968,1.05769,0.771245,1.40306,1.04353,0.788157,1.40306,1.03123,0.77786,1.41968,1.17247,0.864038,1.58135,1.18643,0.875319,1.56275,1.17043,0.894422,1.56275,1.15667,0.8829,1.58135
0.0966125,0.940595,0.883659,-27.1599,838954045,0.828735,0.992238,1.41968,0.838403,1.00504,1.40306,0.820571,1.01802,1.40306,0.81113,1.00506,1.41968,0.92733,1.12283,1.58135,0.938149,1.13716,1.56275,0.918007,1.15182,1.56275,0.907442,1.13732,1.58135
0.118126,0.94055,0.918178,-3.16654,838954047,0.794051,1.02031,1.41968,0.803265,1.03344,1.40306,0.784991,1.0458,1.40306,0.776009,1.03251,1.41968,0.888025,1.15427,1.58135,0.898336,1.16896,1.56275,0.877695,1.18292,1.56275,0.867643,1.16805,1.58135
0.214016,0.941124,1.07341,-28.7721,838954056,0.626205,1.12976,1.41968,0.63325,1.14417,1.40306,0.613433,1.15386,1.40306,0.606641,1.13933,1.41968,0.698069,1.27675,1.58135,0.705952,1.29287,1.56275,0.683568,1.30381,1.56275,0.675967,1.28755,1.58135
0.154126,0.95768,-0.163534,48.0664,838954497,1.27367,-0.221586,1.45268,1.28979,-0.22358,1.43625,1.29211,-0.201645,1.43625,1.27597,-0.19993,1.45268,1.43414,-0.241469,1.6163,1.45217,-0.243701,1.59791,1.4548,-0.218924,1.59791,1.43674,-0.217005,1.6163
0.264466,0.958308,-0.146356,48.4073,838954498,1.27602,-0.199498,1.45268,1.29216,-0.201213,1.43625,1.29449,-0.179277,1.43625,1.27832,-0.177842,1.45268,1.43678,-0.216573,1.6163,1.45485,-0.218492,1.59791,1.45748,-0.193715,1.59791,1.43938,-0.192109,1.6163
0.144754,0.958253,0.444315,-13.0097,838954532,1.17105,0.544976,1.45268,1.18539,0.552585,1.43625,1.17505,0.572071,1.43625,1.16084,0.564214,1.45268,1.31387,0.620747,1.6163,1.32991,0.629261,1.59791,1.31824,0.651272,1.59791,1.30234,0.64248,1.6163
0.0737444,0.958239,0.620809,-12.9564,838954542,1.05716,0.742135,1.45268,1.06997,0.752117,1.43625,1.0564,0.769514,1.43625,1.04377,0.75931,1.45268,1.18466,0.841538,1.6163,1.19899,0.852708,1.59791,1.18367,0.872358,1.59791,1.16954,0.86094,1.6163
-0.00298699,0.957576,0.638149,-3.81172,838954543,1.04521,0.761164,1.45268,1.05784,0.771371,1.43625,1.04368,0.788283,1.43625,1.03123,0.777861,1.45268,1.17098,0.862794,1.6163,1.18511,0.874216,1.59791,1.16912,0.893319,1.59791,1.15519,0.881656,1.6163
-0.00728191,0.95822,0.655324,-4.25989,838954544,1.03095,0.778194,1.45268,1.0434,0.788617,1.43625,1.02924,0.805529,1.43625,1.01697,0.794891,1.45268,1.15491,0.881989,1.6163,1.16884,0.893653,1.59791,1.15284,0.912756,1.59791,1.13911,0.900851,1.6163
0.00028687,0.957563,0.672664,-3.3858,838954545,1.01835,0.796793,1.45268,1.03061,0.807436,1.43625,1.01587,0.823843,1.43625,1.00379,0.812992,1.45268,1.14049,0.902754,1.6163,1.15421,0.914663,1.59791,1.13756,0.933196,1.59791,1.12405,0.921053,1.6163
0.713502,0.958212,0.689838,-1.61109,838954546,1.0035,0.813315,1.45268,1.01558,0.824166,1.43625,1.00083,0.840574,1.43625,0.988947,0.829513,1.45268,1.12376,0.921376,1.6163,1.13727,0.933519,1.59791,1.12061,0.952052,1.59791,1.10731,0.939675,1.6163
0.738494,0.95756,0.707178,0.903189,838954547,0.990257,0.831463,1.45268,1.00214,0.842527,1.43625,0.986833,0.85841,1.43625,0.975144,0.847143,1.45268,1.10862,0.941625,1.6163,1.12192,0.954006,1.59791,1.10463,0.971946,1.59791,1.09155,0.959338,1.6163
0.19602,0.958215,0.724352,-31.2753,838954548,0.974843,0.847456,1.45268,0.986532,0.858722,1.43625,0.971224,0.874605,1.43625,0.959729,0.863136,1.45268,1.09125,0.959651,1.6163,1.10433,0.972259,1.59791,1.08704,0.990198,1.59791,1.07417,0.977365,1.6163
0.197432,0.958215,1.07342,-7.01869,838954568,0.626205,1.12976,1.45268,0.633336,1.14435,1.43625,0.613519,1.15404,1.43625,0.606641,1.13933,1.45268,0.697217,1.27501,1.6163,0.705197,1.29133,1.59791,0.682813,1.30227,1.59791,0.675116,1.28581,1.6163
0.388341,0.957569,1.09076,5.64847,838954569,0.607125,1.14163,1.45268,0.613999,1.15634,1.43625,0.593855,1.16533,1.43625,0.587238,1.1505,1.45268,0.6756,1.28811,1.6163,0.683292,1.30457,1.59791,0.660539,1.31473,1.59791,0.653134,1.29814,1.6163
0.195677,0.957635,2.66351,43.0426,838954659,-1.1427,0.604812,1.45268,-1.15741,0.611687,1.43625,-1.1664,0.591545,1.43625,-1.15158,0.584926,1.45268,-1.28917,0.673306,1.6163,-1.30563,0.680999,1.59791,-1.31579,0.658248,1.59791,-1.2992,0.650841,1.6163
0.290743,0.958253,2.88778,2.49996,838954672,-1.24738,0.335259,1.45268,-1.26326,0.338649,1.43625,-1.26786,0.317077,1.43625,-1.25193,0.313962,1.45268,-1.40549,0.369017,1.6163,-1.42325,0.37281,1.59791,-1.42846,0.348443,1.59791,-1.41062,0.344957,1.6163
0.133586,0.957617,-0.236474,-5.17199,838954853,1.25427,-0.313875,1.45268,1.27021,-0.316985,1.43625,1.27406,-0.295265,1.43625,1.25807,-0.292432,1.45268,1.41297,-0.344871,1.6163,1.43081,-0.348351,1.59791,1.43515,-0.323817,1.59791,1.41727,-0.320646,1.6163
0.175403,0.975349,0.375295,1.73025,838955040,1.2059,0.462933,1.48631,1.22101,0.469644,1.46997,1.21205,0.48982,1.46997,1.19706,0.482837,1.48631,1.35198,0.527804,1.65172,1.36876,0.535258,1.63357,1.35871,0.557896,1.63357,1.34206,0.550138,1.65172
0.324735,0.974688,0.707181,-9.82375,838955059,0.990258,0.831462,1.48631,1.00237,0.842721,1.46997,0.98705,0.858617,1.46997,0.975145,0.847142,1.48631,1.10719,0.940466,1.65172,1.12064,0.952973,1.63357,1.10345,0.970808,1.63357,1.09023,0.958062,1.65172
0.238842,0.975349,0.724361,-35.4476,838955060,0.974842,0.847457,1.48631,0.986747,0.858931,1.46997,0.971426,0.874826,1.46997,0.959729,0.863137,1.48631,1.08992,0.958376,1.65172,1.10315,0.971122,1.63357,1.08596,0.988957,1.63357,1.07296,0.975972,1.65172
0.556984,0.975349,1.42249,-48.6279,838955100,0.202037,1.27581,1.48631,0.203782,1.29225,1.46997,0.181828,1.29458,1.46997,0.180381,1.2781,1.48631,0.218897,1.43475,1.65172,0.220835,1.45301,1.63357,0.196203,1.45563,1.63357,0.194596,1.43733,1.65172
0.114083,0.974688,-0.340017,49.8529,838955359,1.2152,-0.441857,1.48631,1.231,-0.446717,1.46997,1.23711,-0.425502,1.46997,1.22122,-0.420929,1.48631,1.36806,-0.488618,1.65172,1.38562,-0.494016,1.63357,1.39247,-0.470213,1.63357,1.37482,-0.465133,1.65172
0.134677,0.992581,0.478844,17.2643,838955558,1.15149,0.585036,1.52031,1.16598,0.593381,1.50416,1.15496,0.61251,1.50416,1.14062,0.603906,1.52031,1.28838,0.663904,1.68749,1.30447,0.673174,1.66955,1.2921,0.694636,1.66955,1.27618,0.685079,1.68749
0.150856,0.991879,0.60364,-0.627688,838955565,1.07082,0.724617,1.52031,1.08419,0.734659,1.50416,1.07061,0.752069,1.50416,1.05743,0.741792,1.52031,1.19704,0.81965,1.68749,1.21189,0.830805,1.66955,1.19666,0.850339,1.66955,1.18202,0.838923,1.68749
0.252127,0.991841,-0.374527,52.0936,838955869,1.19922,-0.483521,1.52031,1.21502,-0.488987,1.50416,1.22186,-0.467997,1.50416,1.20597,-0.462816,1.52031,1.34859,-0.535017,1.68749,1.36614,-0.541087,1.66955,1.37382,-0.517537,1.66955,1.35617,-0.511782,1.68749
0.22531,0.992503,-0.357347,51.395,838955870,1.2061,-0.462401,1.52031,1.222,-0.467582,1.50416,1.22884,-0.446593,1.50416,1.21285,-0.441696,1.52031,1.3563,-0.511367,1.68749,1.37395,-0.517122,1.66955,1.38163,-0.493572,1.66955,1.36388,-0.488132,1.68749
-0.00921125,1.00897,-0.0254572,-3.30815,838956041,1.29227,-0.0442049,1.55471,1.30917,-0.0439303,1.53874,1.30842,-0.0218666,1.53874,1.29153,-0.0224396,1.55471,1.44837,-0.0415698,1.72364,1.46714,-0.0412648,1.70591,1.4663,-0.0165093,1.70591,1.44754,-0.0171457,1.72364
-0.100546,1.00964,-0.00827879,-3.49802,838956042,1.29152,-0.0220029,1.55471,1.3084,-0.0214301,1.53874,1.30765,0.000633627,1.53874,1.29078,-0.000237668,1.55471,1.44753,-0.0167091,1.72364,1.46628,-0.0160727,1.70591,1.46545,0.00868282,1.70591,1.4467,0.00771498,1.72364
-0.0573725,1.00897,0.00905717,-2.59152,838956043,1.29304,0.000411374,1.55471,1.30991,0.00127579,1.53874,1.30839,0.0232999,1.53874,1.29154,0.0221376,1.55471,1.44895,0.00849683,1.72364,1.4677,0.00945704,1.70591,1.46599,0.0341681,1.70591,1.44727,0.032877,1.72364
0.105375,1.00964,0.0262352,-1.93635,838956044,1.29151,0.0225734,1.55471,1.30836,0.0237357,1.53874,1.30684,0.0457598,1.53874,1.29001,0.0442996,1.55471,1.44724,0.0333129,1.72364,1.46596,0.0346039,1.70591,1.46426,0.059315,1.70591,1.44556,0.0576931,1.72364
-0.0178162,1.00897,0.0435717,-2.83261,838956045,1.29224,0.0450271,1.55471,1.30908,0.0464804,1.53874,1.30679,0.068438,1.53874,1.28999,0.0666877,1.55471,1.44778,0.058553,1.72364,1.46648,0.0601674,1.70591,1.46391,0.0848039,1.70591,1.44525,0.0828596,1.72364
-0.0640974,1.00976,0.513366,89.8606,838956072,1.13055,0.624388,1.55471,1.14489,0.633329,1.53874,1.13321,0.652061,1.53874,1.11903,0.642866,1.55471,1.26301,0.706996,1.72364,1.27893,0.716927,1.70591,1.26582,0.737944,1.70591,1.25007,0.727732,1.72364
0.131284,1.00976,0.862432,39.0324,838956092,0.84882,0.973405,1.55471,0.859234,0.98671,1.53874,0.841849,1.00032,1.53874,0.831671,0.986828,1.55471,0.945031,1.09633,1.72364,0.956598,1.11111,1.70591,0.937093,1.12638,1.70591,0.925787,1.11139,1.72364
0.182046,1.00969,-2.20622,37.8927,838956276,-0.775648,-1.03275,1.55471,-0.78511,-1.04675,1.53874,-0.766822,-1.05912,1.53874,-0.757606,-1.04495,1.55471,-0.863076,-1.16208,1.72364,-0.873588,-1.17762,1.70591,-0.853067,-1.1915,1.70591,-0.842831,-1.17576,1.72364
0.147001,1.00964,-0.357345,50.2308,838956382,1.2061,-0.462401,1.55471,1.22217,-0.467638,1.53874,1.22901,-0.446648,1.53874,1.21285,-0.441696,1.55471,1.35452,-0.510785,1.72364,1.37236,-0.516602,1.70591,1.38004,-0.493052,1.70591,1.36209,-0.487551,1.72364
-0.0934501,1.02607,-0.0254532,-2.38151,838956553,1.29227,-0.0442049,1.58952,1.30934,-0.0439243,1.57374,1.30859,-0.0218606,1.57374,1.29153,-0.0224396,1.58952,1.44648,-0.0416341,1.76019,1.46544,-0.0413224,1.74266,1.4646,-0.0165668,1.74266,1.44565,-0.0172101,1.76019
-0.0496906,1.02675,-0.00827592,-1.50512,838956554,1.29152,-0.022003,1.58952,1.30858,-0.021424,1.57374,1.30783,0.000639739,1.57374,1.29078,-0.000237776,1.58952,1.44563,-0.0167735,1.76019,1.46459,-0.0161302,1.74266,1.46375,0.00862532,1.74266,1.44481,0.00765057,1.76019
0.0262705,1.02607,0.00906125,-2.63473,838956555,1.29304,0.000411322,1.58952,1.31009,0.00128805,1.57374,1.30857,0.0233121,1.57374,1.29154,0.0221375,1.58952,1.44706,0.00836634,1.76019,1.466,0.00934022,1.74266,1.4643,0.0340513,1.74266,1.44538,0.0327465,1.76019
0.0232705,1.02675,0.0262381,-2.41839,838956556,1.29151,0.0225733,1.58952,1.30854,0.023748,1.57374,1.30702,0.0457721,1.57374,1.29001,0.0442995,1.58952,1.44535,0.0331823,1.76019,1.46427,0.0344871,1.74266,1.46256,0.0591982,1.74266,1.44367,0.0575625,1.76019
-0.0396393,1.02608,0.0435758,-2.48286,838956557,1.29224,0.045027,1.58952,1.30925,0.0464988,1.57374,1.30697,0.0684564,1.57374,1.28999,0.0666876,1.58952,1.44589,0.0583565,1.76019,1.46479,0.0599915,1.74266,1.46222,0.084628,1.74266,1.44336,0.0826631,1.76019
0.519604,1.02617,0.496191,-0.83778,838956583,1.14231,0.605539,1.58952,1.15695,0.61432,1.57374,1.14527,0.633052,1.57374,1.13079,0.624017,1.58952,1.27456,0.684886,1.76019,1.29083,0.69464,1.74266,1.27772,0.715658,1.74266,1.26163,0.705622,1.76019
0.97139,1.02687,0.513369,-0.820868,838956584,1.13055,0.624388,1.58952,1.14504,0.633423,1.57374,1.13336,0.652154,1.57374,1.11903,0.642866,1.58952,1.2614,0.705992,1.76019,1.27749,0.716028,1.74266,1.26438,0.737045,1.74266,1.24847,0.726728,1.76019
0.0971894,1.0262,0.534612,-9.72489,838956585,1.11812,0.648954,1.58952,1.13245,0.658237,1.57374,1.12013,0.676553,1.57374,1.10596,0.667022,1.58952,1.24754,0.732838,1.76019,1.26346,0.74315,1.74266,1.24963,0.7637,1.74266,1.2339,0.753113,1.76019
0.354297,1.02685,0.551793,-6.68379,838956586,1.10572,0.667384,1.58952,1.11988,0.676916,1.57374,1.10756,0.695231,1.57374,1.09356,0.685452,1.58952,1.23366,0.753475,1.76019,1.24939,0.764063,1.74266,1.23556,0.784613,1.74266,1.22001,0.77375,1.76019
0.136465,1.02617,0.845257,29.7912,838956603,0.866314,0.959713,1.58952,0.877071,0.972974,1.57374,0.859687,0.98658,1.57374,0.849164,0.973136,1.58952,0.963452,1.07951,1.76019,0.975401,1.09424,1.74266,0.955895,1.1095,1.74266,0.944207,1.09457,1.76019
0.167528,1.02681,3.02977,56.2598,838956728,-1.28222,0.155354,1.58952,-1.29924,0.156563,1.57374,-1.30081,0.134542,1.57374,-1.28376,0.133631,1.58952,-1.43603,0.166274,1.76019,-1.45495,0.167617,1.74266,-1.4567,0.14291,1.74266,-1.43776,0.141898,1.76019
0.102687,1.04328,-0.163515,-2.12309,838957057,1.27367,-0.221587,1.62476,1.29079,-0.223706,1.60917,1.29312,-0.201753,1.60917,1.27597,-0.199931,1.62476,1.42483,-0.240317,1.79714,1.44384,-0.24267,1.77982,1.44646,-0.218039,1.77982,1.42741,-0.216015,1.79714
0.216412,1.04394,-0.146335,5.04961,838957058,1.27602,-0.199497,1.62476,1.29317,-0.201318,1.60917,1.2955,-0.179366,1.60917,1.27832,-0.177841,1.62476,1.42746,-0.215581,1.79714,1.44651,-0.217604,1.77982,1.44912,-0.192973,1.77982,1.43004,-0.19128,1.79714
0.413726,1.04324,-0.128997,-6.19829,838957059,1.28064,-0.177513,1.62476,1.29783,-0.179032,1.60917,1.29939,-0.157011,1.60917,1.28218,-0.155789,1.62476,1.43236,-0.190951,1.79714,1.45145,-0.192639,1.77982,1.4532,-0.167931,1.77982,1.43409,-0.166575,1.79714
2.64004,1.0439,-0.111818,-1.77904,838957060,1.28222,-0.155354,1.62476,1.29942,-0.156575,1.60917,1.30098,-0.134554,1.60917,1.28376,-0.133631,1.62476,1.43412,-0.166139,1.79714,1.45323,-0.167496,1.77982,1.45499,-0.142788,1.77982,1.43585,-0.141762,1.79714
0.247568,1.0432,-0.0944797,-1.65429,838957061,1.28607,-0.133221,1.62476,1.3033,-0.134139,1.60917,1.30409,-0.112077,1.60917,1.28685,-0.111457,1.62476,1.43817,-0.141353,1.79714,1.4573,-0.142373,1.77982,1.45819,-0.117619,1.77982,1.43904,-0.116931,1.79714
0.125801,1.04387,-0.0773021,-1.80582,838957062,1.28687,-0.111021,1.62476,1.3041,-0.111641,1.60917,1.3049,-0.0895785,1.60917,1.28765,-0.0892571,1.62476,1.43906,-0.116494,1.79714,1.45821,-0.117182,1.77982,1.4591,-0.0924286,1.77982,1.43994,-0.0920716,1.79714
-0.0004211,1.04317,-0.059964,-2.81481,838957063,1.28995,-0.0887672,1.62476,1.30719,-0.0890831,1.60917,1.30722,-0.0670068,1.60917,1.28997,-0.0669894,1.62476,1.44224,-0.0915818,1.79714,1.46139,-0.0919328,1.77982,1.46142,-0.067163,1.77982,1.44226,-0.0671437,1.79714
-0.0192669,1.04385,-0.0427873,-2.11754,838957064,1.28997,-0.0665525,1.62476,1.30722,-0.06657,1.60917,1.30724,-0.0444936,1.60917,1.28999,-0.0447747,1.62476,1.44226,-0.0667068,1.79714,1.46142,-0.0667262,1.77982,1.46144,-0.0419564,1.77982,1.44229,-0.0422687,1.79714
-0.0162471,1.04316,-0.0254492,-2.54111,838957065,1.29227,-0.0442049,1.62476,1.30952,-0.0439184,1.60917,1.30877,-0.0218547,1.60917,1.29153,-0.0224396,1.62476,1.44456,-0.041699,1.79714,1.46372,-0.0413807,1.77982,1.46288,-0.0166252,1.77982,1.44373,-0.017275,1.79714
0.0380945,1.04384,-0.00827308,-2.1748,838957066,1.29152,-0.022003,1.62476,1.30875,-0.0214181,1.60917,1.30801,0.000645594,1.60917,1.29078,-0.000237691,1.62476,1.44372,-0.0168383,1.79714,1.46287,-0.0161887,1.77982,1.46203,0.00856688,1.77982,1.44289,0.00758572,1.79714
0.13538,1.04316,0.00906527,10.1853,838957067,1.29304,0.000411348,1.62476,1.31026,0.00130006,1.60917,1.30874,0.0233242,1.60917,1.29154,0.0221375,1.62476,1.44515,0.00823463,1.79714,1.46428,0.00922182,1.77982,1.46258,0.0339329,1.77982,1.44347,0.0326148,1.79714
-0.0380761,1.04384,0.026241,-2.16797,838957068,1.29151,0.0225733,1.62476,1.30871,0.02376,1.60917,1.30719,0.0457841,1.60917,1.29001,0.0442995,1.62476,1.44344,0.0330506,1.79714,1.46255,0.0343687,1.77982,1.46085,0.0590798,1.77982,1.44176,0.0574308,1.79714
0.134227,1.04317,0.0435798,23.276,838957069,1.29224,0.045027,1.62476,1.30943,0.0465169,1.60917,1.30714,0.0684745,1.60917,1.28999,0.0666876,1.62476,1.44399,0.0581582,1.79714,1.46308,0.0598132,1.77982,1.46051,0.0844497,1.77982,1.44146,0.0824648,1.79714
0.245652,1.04326,0.496195,2.63872,838957095,1.14231,0.605539,1.62476,1.1571,0.614413,1.60917,1.14542,0.633144,1.60917,1.13079,0.624017,1.62476,1.27294,0.683873,1.79714,1.28937,0.69373,1.77982,1.27626,0.714747,1.77982,1.26,0.704608,1.79714
0.115945,1.04397,0.513372,-18.227,838957096,1.13055,0.624388,1.62476,1.14519,0.633515,1.60917,1.13351,0.652247,1.60917,1.11903,0.642866,1.62476,1.25977,0.704979,1.79714,1.27603,0.715118,1.77982,1.26292,0.736135,1.77982,1.24684,0.725715,1.79714
0.174047,1.04394,0.551796,4.47278,838957098,1.10572,0.667384,1.62476,1.12003,0.677013,1.60917,1.1077,0.695329,1.60917,1.09356,0.685452,1.62476,1.23207,0.752406,1.79714,1.24796,0.763102,1.77982,1.23413,0.783652,1.77982,1.21842,0.772681,1.79714
0.157233,1.04316,-1.77078,-33.08,838957325,-0.267934,-1.26496,1.62476,-0.270647,-1.282,1.60917,-0.248788,-1.28509,1.60917,-0.246371,-1.26801,1.62476,-0.291911,-1.41538,1.79714,-0.294925,-1.4343,1.77982,-0.270399,-1.43777,1.77982,-0.267714,-1.4188,1.79714
0.224883,1.04316,-0.723581,39.6406,838957385,0.961522,-0.864518,1.62476,0.974919,-0.875385,1.60917,0.988528,-0.858002,1.60917,0.974947,-0.84737,1.62476,1.0798,-0.960491,1.79714,1.09468,-0.972562,1.77982,1.10995,-0.953058,1.77982,1.09486,-0.941248,1.79714
-0.00143229,1.04319,-0.270971,-2.88539,838957411,1.24274,-0.356983,1.62476,1.25955,-0.360877,1.60917,1.26416,-0.339287,1.60917,1.24729,-0.335686,1.62476,1.39112,-0.391383,1.79714,1.40979,-0.395708,1.77982,1.41496,-0.371484,1.77982,1.39622,-0.367484,1.79714
0.0831062,1.04388,-0.253795,-9.19515,838957412,1.24738,-0.335258,1.62476,1.26425,-0.33886,1.60917,1.26886,-0.31727,1.60917,1.25193,-0.313961,1.62476,1.39631,-0.367057,1.79714,1.41505,-0.371057,1.77982,1.42022,-0.346833,1.77982,1.40142,-0.343157,1.79714
-0.0294257,1.04322,-0.236454,-2.68053,838957413,1.25427,-0.313877,1.62476,1.2712,-0.31718,1.60917,1.27506,-0.295443,1.60917,1.25807,-0.292433,1.62476,1.40376,-0.343073,1.79714,1.42257,-0.346743,1.77982,1.42689,-0.322354,1.77982,1.40803,-0.31901,1.79714
-0.0669285,1.04392,-0.219278,-2.72355,838957414,1.25815,-0.292003,1.62476,1.27513,-0.295013,1.60917,1.27899,-0.273275,1.60917,1.26195,-0.270559,1.62476,1.4081,-0.31858,1.79714,1.42697,-0.321924,1.77982,1.43129,-0.297534,1.77982,1.41237,-0.294517,1.79714
0.0981264,1.04397,-0.18476,13.4452,838957416,1.2674,-0.248397,1.62476,1.28448,-0.250812,1.60917,1.28757,-0.228954,1.60917,1.27045,-0.226834,1.62476,1.41819,-0.269721,1.79714,1.43716,-0.272404,1.77982,1.44063,-0.247878,1.77982,1.42162,-0.245524,1.79714
0.0731381,1.06042,-0.163513,-10.2164,838957569,1.27367,-0.221589,1.66072,1.29109,-0.223756,1.64521,1.29343,-0.201786,1.64521,1.27597,-0.199933,1.66072,1.42305,-0.239968,1.83468,1.44226,-0.242357,1.81758,1.44486,-0.21787,1.81758,1.42561,-0.215826,1.83468
0.269687,1.06109,-0.146327,-2.70843,838957570,1.27602,-0.199496,1.66072,1.29347,-0.20135,1.64521,1.2958,-0.17938,1.64521,1.27832,-0.17784,1.66072,1.42566,-0.215389,1.83468,1.44491,-0.217433,1.81758,1.44751,-0.192946,1.81758,1.42822,-0.191247,1.83468
0.0298109,1.06038,-0.128994,-71.5231,838957571,1.28064,-0.177514,1.66072,1.29813,-0.179071,1.64521,1.29969,-0.157034,1.64521,1.28218,-0.155791,1.66072,1.43057,-0.190664,1.83468,1.44985,-0.192382,1.81758,1.4516,-0.167818,1.81758,1.43229,-0.166448,1.83468
0.0252859,1.06105,-0.111809,-3.92401,838957572,1.28222,-0.155353,1.66072,1.29972,-0.156596,1.64521,1.30129,-0.134558,1.64521,1.28376,-0.13363,1.66072,1.43232,-0.16601,1.83468,1.45163,-0.167381,1.81758,1.45337,-0.142817,1.81758,1.43404,-0.141793,1.83468
0.195993,1.06034,-0.0944768,-3.9246,838957573,1.28607,-0.133222,1.66072,1.3036,-0.134168,1.64521,1.30439,-0.112089,1.64521,1.28685,-0.111459,1.66072,1.43637,-0.141129,1.83468,1.4557,-0.142171,1.81758,1.45658,-0.117562,1.81758,1.43724,-0.116867,1.83468
0.958074,1.06101,-0.0772932,-4.45561,838957574,1.28687,-0.11102,1.66072,1.30441,-0.111651,1.64521,1.3052,-0.089572,1.64521,1.28765,-0.089256,1.66072,1.43726,-0.116428,1.83468,1.4566,-0.117124,1.81758,1.45748,-0.0925143,1.81758,1.43813,-0.0921658,1.83468
0.135237,1.06031,-0.0599611,-33.2489,838957575,1.28995,-0.0887682,1.66072,1.3075,-0.0891011,1.64521,1.30752,-0.0670082,1.64521,1.28997,-0.0669905,1.66072,1.44043,-0.0914206,1.83468,1.45978,-0.0917877,1.81758,1.45981,-0.0671625,1.81758,1.44045,-0.0671429,1.83468
0.0655423,1.06099,-0.0427784,-3.11765,838957576,1.28997,-0.0665514,1.66072,1.30752,-0.0665692,1.64521,1.30755,-0.0444763,1.64521,1.28999,-0.0447736,1.66072,1.44045,-0.0667039,1.83468,1.45981,-0.0667235,1.81758,1.45983,-0.0420983,1.81758,1.44048,-0.0424262,1.83468
0.0114017,1.0603,-0.0254462,-3.25517,838957577,1.29227,-0.044206,1.66072,1.30982,-0.0439256,1.64521,1.30907,-0.0218454,1.64521,1.29153,-0.0224407,1.66072,1.44275,-0.0416011,1.83468,1.46211,-0.0412918,1.81758,1.46127,-0.0166808,1.81758,1.44193,-0.0173374,1.83468
-0.0596774,1.06099,-0.00826412,-2.94067,838957578,1.29152,-0.0220019,1.66072,1.30906,-0.0214066,1.64521,1.30831,0.000673597,1.64521,1.29078,-0.000236673,1.66072,1.44191,-0.0168986,1.83468,1.46126,-0.0162421,1.81758,1.46042,0.00836893,1.81758,1.44109,0.00736516,1.83468
0.0307767,1.0603,0.00906828,-2.15413,838957579,1.29304,0.000410295,1.66072,1.31057,0.00130348,1.64521,1.30905,0.023344,1.64521,1.29154,0.0221365,1.66072,1.44333,0.0082693,1.83468,1.46267,0.00925425,1.81758,1.46097,0.0338211,1.81758,1.44166,0.0324895,1.83468
0.000119814,1.06099,0.02625,-3.86979,838957580,1.29151,0.0225745,1.66072,1.30902,0.023782,1.64521,1.3075,0.0458226,1.64521,1.29001,0.0443007,1.66072,1.44163,0.0329275,1.83468,1.46094,0.0342591,1.81758,1.45925,0.0588259,1.81758,1.43996,0.0571476,1.83468
0.102169,1.06031,0.0435829,-3.49057,838957581,1.29224,0.045026,1.66072,1.30973,0.0465311,1.64521,1.30744,0.0685051,1.64521,1.28999,0.0666866,1.66072,1.44217,0.0581295,1.83468,1.46146,0.0597892,1.81758,1.45891,0.0842818,1.81758,1.43966,0.0822766,1.83468
0.339515,1.0604,0.496198,-1.54291,838957607,1.14231,0.605538,1.66072,1.15737,0.614559,1.64521,1.14568,0.633305,1.64521,1.13079,0.624016,1.66072,1.27132,0.683052,1.83468,1.28793,0.693,1.81758,1.2749,0.713894,1.81758,1.25847,0.703651,1.83468
0.148146,1.0604,1.19433,5.80592,838957647,0.485829,1.19813,1.66072,0.491567,1.21472,1.64521,0.470561,1.22157,1.64521,0.465123,1.20488,1.66072,0.53483,1.34044,1.83468,0.541158,1.35873,1.81758,0.517744,1.36636,1.81758,0.511747,1.34796,1.83468
0.112647,1.06109,1.24994,-3.259,838957650,0.418043,1.22199,1.66072,0.4229,1.23886,1.64521,0.401669,1.24497,1.64521,0.397116,1.22801,1.66072,0.45968,1.3666,1.83468,0.465036,1.3852,1.81758,0.441372,1.39201,1.81758,0.43635,1.37332,1.83468
0.194256,1.06101,1.31897,10.5075,838957654,0.332795,1.24804,1.66072,0.336463,1.26521,1.64521,0.314857,1.26982,1.64521,0.311498,1.25259,1.66072,0.364236,1.3952,1.83468,0.36828,1.41413,1.81758,0.344198,1.41928,1.81758,0.340494,1.40027,1.83468
0.269189,1.06038,-2.57245,35.6225,838957791,-1.09513,-0.687197,1.66072,-1.10953,-0.697245,1.64521,-1.09656,-0.715132,1.64521,-1.08235,-0.70483,1.66072,-1.21844,-0.773496,1.83468,-1.23431,-0.784575,1.81758,-1.21986,-0.804513,1.81758,-1.20419,-0.793152,1.83468
-0.00181283,1.06101,-1.82262,-2.90848,838957834,-0.332795,-1.24804,1.66072,-0.336463,-1.26521,1.64521,-0.314857,-1.26982,1.64521,-0.311498,-1.25259,1.66072,-0.364236,-1.3952,1.83468,-0.36828,-1.41413,1.81758,-0.344198,-1.41928,1.81758,-0.340494,-1.40027,1.83468
0.0371571,1.06031,-1.80529,-4.79758,838957835,-0.311417,-1.25494,1.66072,-0.314792,-1.27216,1.64521,-0.293039,-1.27602,1.64521,-0.289974,-1.25874,1.66072,-0.34016,-1.40267,1.83468,-0.343882,-1.42167,1.81758,-0.319635,-1.42597,1.81758,-0.316255,-1.40691,1.83468
0.333473,1.06099,-1.78811,-2.23696,838957836,-0.289541,-1.25882,1.66072,-0.292607,-1.2761,1.64521,-0.270853,-1.27996,1.64521,-0.268098,-1.26262,1.66072,-0.315823,-1.40699,1.83468,-0.319203,-1.42605,1.81758,-0.294956,-1.43035,1.81758,-0.291918,-1.41123,1.83468
0.1763,1.0603,-1.77078,4.80029,838957837,-0.267935,-1.26496,1.66072,-0.270707,-1.2823,1.64521,-0.248832,-1.28539,1.64521,-0.246372,-1.26801,1.66072,-0.2915,-1.41361,1.83468,-0.294557,-1.43273,1.81758,-0.270175,-1.43618,1.81758,-0.267462,-1.41701,1.83468
-0.00175182,1.06099,-1.75359,-4.88526,838957838,-0.245937,-1.26808,1.66072,-0.248397,-1.28545,1.64521,-0.226522,-1.28855,1.64521,-0.224374,-1.27113,1.66072,-0.267028,-1.41707,1.83468,-0.26974,-1.43624,1.81758,-0.245358,-1.43969,1.81758,-0.24299,-1.42048,1.83468
0.0804353,1.06036,-1.63271,4.67321,838957845,-0.0913068,-1.28972,1.66072,-0.0916374,-1.30727,1.64521,-0.0695445,-1.30729,1.64521,-0.069529,-1.28974,1.66072,-0.0939395,-1.4402,1.83468,-0.0943041,-1.45956,1.81758,-0.0696789,-1.45958,1.81758,-0.0696618,-1.44023,1.83468
0.14563,1.06107,-1.61553,41.9111,838957846,-0.06909,-1.28974,1.66072,-0.0691055,-1.30729,1.64521,-0.0470126,-1.30731,1.64521,-0.0473122,-1.28976,1.66072,-0.0692228,-1.44023,1.83468,-0.0692399,-1.45958,1.81758,-0.0446147,-1.4596,1.81758,-0.0449451,-1.44025,1.83468
0.452094,1.0604,-1.5982,-1.0173,838957847,-0.0467442,-1.29204,1.66072,-0.0464616,-1.30959,1.64521,-0.0243815,-1.30884,1.64521,-0.0249791,-1.2913,1.66072,-0.0441196,-1.44252,1.83468,-0.043808,-1.46188,1.81758,-0.0191971,-1.46104,1.81758,-0.019856,-1.44169,1.83468
0.046606,1.06111,-1.58101,-4.26286,838957848,-0.0245403,-1.29128,1.66072,-0.0239427,-1.30883,1.64521,-0.00186265,-1.30807,1.64521,-0.00277511,-1.29054,1.66072,-0.0194172,-1.44168,1.83468,-0.0187583,-1.46102,1.81758,0.00585259,-1.46019,1.81758,0.0048464,-1.44085,1.83468
0.136188,1.06038,-1.52526,46.0799,838957851,0.0475643,-1.29201,1.66072,0.0490671,-1.3095,1.64521,0.0710414,-1.30722,1.64521,0.0692253,-1.28976,1.66072,0.0606482,-1.44195,1.83468,0.0623054,-1.46123,1.81758,0.0867983,-1.45869,1.81758,0.0847956,-1.43943,1.83468
-0.00838098,1.061,-0.288301,-2.967,838957922,1.2351,-0.37811,1.66072,1.25213,-0.382373,1.64521,1.2575,-0.360941,1.64521,1.24039,-0.356984,1.66072,1.38108,-0.414652,1.83468,1.39986,-0.419352,1.81758,1.40584,-0.395464,1.81758,1.38698,-0.391101,1.83468
0.0433724,1.06033,-0.270968,-4.60939,838957923,1.24274,-0.356984,1.66072,1.25984,-0.360958,1.64521,1.26445,-0.339352,1.64521,1.24729,-0.335687,1.66072,1.38939,-0.39085,1.83468,1.40824,-0.395232,1.81758,1.41338,-0.371149,1.81758,1.39445,-0.367108,1.83468
-0.00048606,1.06103,-0.253786,-4.33224,838957924,1.24738,-0.335257,1.66072,1.26455,-0.338922,1.64521,1.26916,-0.317316,1.64521,1.25193,-0.313959,1.66072,1.39455,-0.366678,1.83468,1.41348,-0.37072,1.81758,1.41862,-0.346637,1.81758,1.39962,-0.342936,1.83468
0.252253,1.06036,-0.236451,5.79966,838957925,1.25427,-0.313878,1.66072,1.2715,-0.317251,1.64521,1.27536,-0.295497,1.64521,1.25807,-0.292434,1.66072,1.40201,-0.342601,1.83468,1.42101,-0.346321,1.81758,1.42531,-0.322074,1.81758,1.40625,-0.318696,1.83468
0.717844,1.06107,-0.219269,-1.96592,838957926,1.25815,-0.292002,1.66072,1.27543,-0.295065,1.64521,1.27929,-0.273311,1.64521,1.26195,-0.270558,1.66072,1.40633,-0.318264,1.83468,1.42538,-0.321642,1.81758,1.42968,-0.297394,1.81758,1.41056,-0.294359,1.83468
-0.0457398,1.06111,-0.184751,-4.93956,838957928,1.2674,-0.248396,1.66072,1.28478,-0.250854,1.64521,1.28788,-0.228979,1.64521,1.27045,-0.226833,1.66072,1.41641,-0.269467,1.83468,1.43557,-0.272178,1.81758,1.43902,-0.247795,1.81758,1.4198,-0.245429,1.83468
0.999973,1.0776,-0.163509,2.03171,838958081,1.27367,-0.221588,1.6971,1.29125,-0.223773,1.68178,1.29358,-0.201803,1.68178,1.27597,-0.199932,1.6971,1.42124,-0.239775,1.87262,1.44062,-0.242184,1.85572,1.44323,-0.217696,1.85572,1.4238,-0.215633,1.87262
4.11237,1.07827,-0.146324,-0.553838,838958082,1.27602,-0.199496,1.6971,1.29363,-0.201367,1.68178,1.29596,-0.179397,1.68178,1.27832,-0.17784,1.6971,1.42385,-0.215197,1.87262,1.44327,-0.21726,1.85572,1.44587,-0.192772,1.85572,1.42641,-0.191055,1.87262
8.16951,1.07755,-0.12899,-0.146443,838958083,1.28064,-0.177514,1.6971,1.29829,-0.179082,1.68178,1.29985,-0.157045,1.68178,1.28218,-0.155791,1.6971,1.42875,-0.190535,1.87262,1.44821,-0.192265,1.85572,1.44996,-0.167702,1.85572,1.43047,-0.166319,1.87262
3.45023,1.07822,-0.111807,-0.17284,838958084,1.28222,-0.155353,1.6971,1.29988,-0.156607,1.68178,1.30145,-0.13457,1.68178,1.28376,-0.133629,1.6971,1.4305,-0.165881,1.87262,1.44999,-0.167264,1.85572,1.45173,-0.142701,1.85572,1.43222,-0.141664,1.87262
0.734611,1.07751,-0.0944732,0.43629,838958085,1.28607,-0.133222,1.6971,1.30376,-0.134174,1.68178,1.30455,-0.112095,1.68178,1.28685,-0.111458,1.6971,1.43455,-0.141063,1.87262,1.45405,-0.142112,1.85572,1.45494,-0.117503,1.85572,1.43542,-0.116801,1.87262
1.51966,1.07819,-0.0772907,-2.58834,838958086,1.28687,-0.11102,1.6971,1.30457,-0.111656,1.68178,1.30536,-0.0895777,1.68178,1.28765,-0.089256,1.6971,1.43543,-0.116362,1.87262,1.45495,-0.117064,1.85572,1.45584,-0.0924551,1.85572,1.43631,-0.0921004,1.87262
0.118409,1.07749,-0.0599574,-2.1127,838958087,1.28995,-0.0887682,1.6971,1.30766,-0.0891013,1.68178,1.30768,-0.0670084,1.68178,1.28997,-0.0669904,1.6971,1.43861,-0.0914188,1.87262,1.45814,-0.091786,1.85572,1.45816,-0.0671609,1.85572,1.43863,-0.0671411,1.87262
0.138533,1.07817,-0.0427758,-8.93614,838958088,1.28997,-0.0665514,1.6971,1.30768,-0.0665694,1.68178,1.30771,-0.0444765,1.68178,1.28999,-0.0447736,1.6971,1.43863,-0.066702,1.87262,1.45817,-0.0667218,1.85572,1.45819,-0.0420967,1.85572,1.43866,-0.0424244,1.87262
0.12449,1.07747,-0.0254426,-2.31388,838958089,1.29227,-0.0442059,1.6971,1.30998,-0.0439202,1.68178,1.30924,-0.02184,1.68178,1.29153,-0.0224407,1.6971,1.44093,-0.0416628,1.87262,1.46047,-0.0413477,1.85572,1.45963,-0.0167367,1.85572,1.44011,-0.0173991,1.87262
-0.00457639,1.07816,-0.00826151,-2.26094,838958090,1.29152,-0.0220019,1.6971,1.30922,-0.0214012,1.68178,1.30847,0.000678999,1.68178,1.29078,-0.000236623,1.6971,1.44009,-0.0169603,1.87262,1.45962,-0.0162979,1.85572,1.45878,0.0083131,1.85572,1.43927,0.00730343,1.87262
0.130685,1.07747,0.00907197,5.64972,838958091,1.29304,0.000410294,1.6971,1.31073,0.00131454,1.68178,1.30921,0.0233551,1.68178,1.29154,0.0221365,1.6971,1.44152,0.00814398,1.87262,1.46103,0.00914111,1.85572,1.45933,0.0337079,1.85572,1.43985,0.0323642,1.87262
-0.0224922,1.07817,0.0262527,-2.9534,838958092,1.29151,0.0225745,1.6971,1.30918,0.0237931,1.68178,1.30766,0.0458336,1.68178,1.29001,0.0443007,1.6971,1.43982,0.0328021,1.87262,1.4593,0.0341459,1.85572,1.45761,0.0587127,1.85572,1.43815,0.0570223,1.87262
-0.0356341,1.07748,0.0435866,-2.40055,838958093,1.29224,0.045026,1.6971,1.30989,0.0465477,1.68178,1.3076,0.0685217,1.68178,1.28999,0.0666866,1.6971,1.44036,0.0579408,1.87262,1.45983,0.0596188,1.85572,1.45728,0.0841115,1.85572,1.43785,0.0820879,1.87262
0.218975,1.0775,1.1253,0.166206,838958155,0.567361,1.16187,1.6971,0.574303,1.17817,1.68178,0.553827,1.18647,1.68178,0.547176,1.17005,1.6971,0.625493,1.29872,1.87262,0.633148,1.31669,1.85572,0.610325,1.32594,1.85572,0.602991,1.30783,1.87262
0.161701,1.07749,1.33631,6.70935,838958167,0.311417,1.25494,1.6971,0.314821,1.27232,1.68178,0.293067,1.27618,1.68178,0.289974,1.25874,1.6971,0.339841,1.40088,1.87262,0.343595,1.42005,1.85572,0.319348,1.42435,1.85572,0.315937,1.40512,1.87262
-0.0296292,1.07819,-1.82262,-2.43764,838958346,-0.332795,-1.24804,1.6971,-0.336496,-1.26536,1.68178,-0.314891,-1.26998,1.68178,-0.311498,-1.25259,1.6971,-0.363855,-1.39342,1.87262,-0.367936,-1.41252,1.85572,-0.343854,-1.41767,1.85572,-0.340113,-1.39849,1.87262
0.207868,1.07749,-1.80529,1.08164,838958347,-0.311417,-1.25494,1.6971,-0.314821,-1.27232,1.68178,-0.293067,-1.27618,1.68178,-0.289974,-1.25874,1.6971,-0.339841,-1.40088,1.87262,-0.343595,-1.42005,1.85572,-0.319348,-1.42435,1.85572,-0.315937,-1.40512,1.87262
1.95189,1.07817,-1.78811,-0.921709,838958348,-0.289541,-1.25882,1.6971,-0.292635,-1.27626,1.68178,-0.270882,-1.28012,1.68178,-0.268098,-1.26262,1.6971,-0.315505,-1.40519,1.87262,-0.318916,-1.42443,1.85572,-0.294669,-1.42873,1.85572,-0.2916,-1.40943,1.87262
0.0381862,1.07747,-1.77077,-3.28549,838958349,-0.267935,-1.26496,1.6971,-0.270729,-1.28246,1.68178,-0.248854,-1.28555,1.68178,-0.246372,-1.26801,1.6971,-0.291245,-1.41181,1.87262,-0.294327,-1.4311,1.85572,-0.269945,-1.43455,1.85572,-0.267207,-1.41521,1.87262
0.0401467,1.07816,-1.75359,-1.65841,838958350,-0.245937,-1.26808,1.6971,-0.24842,-1.28561,1.68178,-0.226545,-1.28871,1.68178,-0.224374,-1.27113,1.6971,-0.266772,-1.41527,1.87262,-0.26951,-1.43461,1.85572,-0.245128,-1.43806,1.85572,-0.242734,-1.41867,1.87262
0.0384999,1.07821,-1.65005,-2.41699,838958356,-0.113559,-1.28665,1.6971,-0.114193,-1.30435,1.68178,-0.0921143,-1.30514,1.68178,-0.0917949,-1.28743,1.6971,-0.118882,-1.43521,1.87262,-0.119581,-1.45473,1.85572,-0.094972,-1.45562,1.85572,-0.0946198,-1.43608,1.87262
0.0264773,1.07753,-1.63271,-3.40883,838958357,-0.0913068,-1.28972,1.6971,-0.0916376,-1.30744,1.68178,-0.0695447,-1.30745,1.68178,-0.069529,-1.28974,1.6971,-0.0939379,-1.43838,1.87262,-0.0943026,-1.45792,1.85572,-0.0696775,-1.45794,1.85572,-0.0696602,-1.4384,1.87262
0.0436185,1.07824,-1.61553,52.9984,838958358,-0.06909,-1.28974,1.6971,-0.0691057,-1.30746,1.68178,-0.0470128,-1.30747,1.68178,-0.0473122,-1.28976,1.6971,-0.0692212,-1.4384,1.87262,-0.0692384,-1.45794,1.85572,-0.0446133,-1.45796,1.85572,-0.0449435,-1.43843,1.87262
0.0924308,1.07757,-1.59819,-2.56086,838958359,-0.0467442,-1.29204,1.6971,-0.0464561,-1.30975,1.68178,-0.0243761,-1.309,1.68178,-0.0249791,-1.2913,1.6971,-0.0441816,-1.4407,1.87262,-0.043864,-1.46023,1.85572,-0.0192531,-1.4594,1.85572,-0.019918,-1.43987,1.87262
-0.0548317,1.07829,-1.58101,-1.8217,838958360,-0.0245403,-1.29128,1.6971,-0.0239373,-1.30899,1.68178,-0.00185717,-1.30823,1.68178,-0.00277511,-1.29054,1.6971,-0.0194793,-1.43986,1.87262,-0.0188143,-1.45938,1.85572,0.0057966,-1.45854,1.85572,0.00478438,-1.43903,1.87262
0.0660422,1.07747,-0.339994,53.1852,838958431,1.2152,-0.441859,1.6971,1.23213,-0.44706,1.68178,1.23824,-0.425829,1.68178,1.22122,-0.42093,1.6971,1.35737,-0.485375,1.87262,1.37604,-0.491111,1.85572,1.38285,-0.467446,1.85572,1.36408,-0.462044,1.87262
-0.0253934,1.07818,-0.288299,-2.48519,838958434,1.2351,-0.37811,1.6971,1.25229,-0.382412,1.68178,1.25765,-0.36098,1.68178,1.24039,-0.356984,1.6971,1.37932,-0.41421,1.87262,1.39827,-0.418953,1.85572,1.40425,-0.395065,1.85572,1.38521,-0.390659,1.87262
0.0495714,1.0775,-0.270964,-2.11486,838958435,1.24274,-0.356984,1.6971,1.26,-0.360991,1.68178,1.26461,-0.339385,1.68178,1.24729,-0.335687,1.6971,1.3876,-0.39047,1.87262,1.40663,-0.394888,1.85572,1.41178,-0.370806,1.85572,1.39267,-0.366727,1.87262
0.577313,1.07821,-0.253783,-3.3097,838958436,1.24738,-0.335257,1.6971,1.2647,-0.338956,1.68178,1.26932,-0.31735,1.68178,1.25193,-0.313959,1.6971,1.39277,-0.366298,1.87262,1.41187,-0.370376,1.85572,1.41701,-0.346294,1.85572,1.39783,-0.342555,1.87262
0.85564,1.07753,-0.236448,-0.231104,838958437,1.25427,-0.313878,1.6971,1.27166,-0.317279,1.68178,1.27552,-0.295525,1.68178,1.25807,-0.292434,1.6971,1.40022,-0.342283,1.87262,1.41939,-0.346034,1.85572,1.42369,-0.321787,1.85572,1.40445,-0.318378,1.87262
0.199817,1.07824,-0.219267,-10.358,838958438,1.25815,-0.292002,1.6971,1.27559,-0.295093,1.68178,1.27945,-0.273339,1.68178,1.26195,-0.270558,1.6971,1.40453,-0.317946,1.87262,1.42376,-0.321355,1.85572,1.42806,-0.297107,1.85572,1.40877,-0.294041,1.87262
-0.193062,1.07757,-0.20193,-3.56433,838958439,1.26429,-0.270394,1.6971,1.28179,-0.273187,1.68178,1.28488,-0.251311,1.68178,1.26734,-0.248831,1.6971,1.41114,-0.293685,1.87262,1.43043,-0.296765,1.85572,1.43388,-0.272382,1.85572,1.41454,-0.269647,1.87262
0.160612,1.07829,-0.184748,-11.8866,838958440,1.2674,-0.248396,1.6971,1.28494,-0.250877,1.68178,1.28804,-0.229001,1.68178,1.27045,-0.226833,1.6971,1.4146,-0.269212,1.87262,1.43394,-0.271947,1.85572,1.43739,-0.247565,1.85572,1.418,-0.245174,1.87262
0.632682,1.09474,-0.163506,-3.15049,838958593,1.27367,-0.221589,1.73393,1.29141,-0.223789,1.71879,1.29374,-0.20182,1.71879,1.27597,-0.199932,1.73393,1.41941,-0.239581,1.91098,1.43897,-0.242008,1.89429,1.44157,-0.217521,1.89429,1.42197,-0.215439,1.91098
1.00487,1.09542,-0.146322,-0.213271,838958594,1.27602,-0.199496,1.73393,1.29379,-0.201383,1.71879,1.29612,-0.179414,1.71879,1.27832,-0.17784,1.73393,1.42202,-0.215003,1.91098,1.44162,-0.217084,1.89429,1.44422,-0.192597,1.89429,1.42458,-0.190861,1.91098
1.47092,1.09469,-0.128987,0.170963,838958595,1.28064,-0.177514,1.73393,1.29845,-0.179094,1.71879,1.30001,-0.157056,1.71879,1.28218,-0.155791,1.73393,1.42692,-0.190405,1.91098,1.44655,-0.192148,1.89429,1.4483,-0.167584,1.89429,1.42864,-0.166189,1.91098
1.14026,1.09538,-0.111804,-0.308844,838958596,1.28222,-0.155353,1.73393,1.30004,-0.156618,1.71879,1.30161,-0.134581,1.71879,1.28376,-0.13363,1.73393,1.42867,-0.165751,1.91098,1.44833,-0.167146,1.89429,1.45007,-0.142583,1.89429,1.43039,-0.141534,1.91098
0.968694,1.09466,-0.0944696,-0.568295,838958597,1.28607,-0.133222,1.73393,1.30392,-0.134179,1.71879,1.30471,-0.112101,1.71879,1.28685,-0.111459,1.73393,1.43271,-0.140997,1.91098,1.45239,-0.142053,1.89429,1.45328,-0.117443,1.89429,1.43358,-0.116735,1.91098
0.698358,1.09534,-0.0772881,0.354325,838958598,1.28687,-0.11102,1.73393,1.30473,-0.111662,1.71879,1.30552,-0.0895834,1.71879,1.28765,-0.089256,1.73393,1.4336,-0.116296,1.91098,1.45329,-0.117005,1.89429,1.45418,-0.0923953,1.89429,1.43447,-0.0920343,1.91098
0.163229,1.09463,-0.0599538,-33.3697,838958599,1.28995,-0.0887683,1.73393,1.30782,-0.0891014,1.71879,1.30784,-0.0670085,1.71879,1.28997,-0.0669905,1.73393,1.43677,-0.0914169,1.91098,1.45648,-0.0917843,1.89429,1.4565,-0.0671592,1.89429,1.43679,-0.0671392,1.91098
0.2823,1.09532,-0.0427732,2.28665,838958600,1.28997,-0.0665514,1.73393,1.30784,-0.0665695,1.71879,1.30786,-0.0444766,1.71879,1.28999,-0.0447737,1.73393,1.43679,-0.0667002,1.91098,1.4565,-0.0667201,1.89429,1.45653,-0.042095,1.89429,1.43682,-0.0424225,1.91098
-0.0645739,1.09462,-0.0254389,-2.88918,838958601,1.29227,-0.044206,1.73393,1.31014,-0.0439147,1.71879,1.30939,-0.0218345,1.71879,1.29153,-0.0224407,1.73393,1.4391,-0.0417252,1.91098,1.4588,-0.041404,1.89429,1.45797,-0.016793,1.89429,1.43827,-0.0174615,1.91098
-0.140844,1.09532,-0.00825893,-3.06426,838958602,1.29152,-0.0220019,1.73393,1.30938,-0.0213958,1.71879,1.30863,0.000684421,1.71879,1.29078,-0.000236663,1.73393,1.43826,-0.0170227,1.91098,1.45795,-0.0163542,1.89429,1.45712,0.00825675,1.89429,1.43743,0.00724106,1.91098
0.0649061,1.09462,0.00907561,59.7967,838958603,1.29304,0.000410261,1.73393,1.31089,0.0013255,1.71879,1.30937,0.0233661,1.71879,1.29154,0.0221365,1.73393,1.43968,0.00801749,1.91098,1.45937,0.00902675,1.89429,1.45767,0.0335936,1.89429,1.43801,0.0322377,1.91098
0.149009,1.09533,0.758901,-16.6836,838958646,0.945005,0.880577,1.73393,0.957433,0.893421,1.71879,0.941555,0.908783,1.71879,0.929354,0.89572,1.73393,1.0471,0.986098,1.91098,1.0608,1.00026,1.89429,1.0431,1.01738,1.89429,1.02965,1.00298,1.91098
0.165349,1.09462,1.02176,-8.22182,838958661,0.684419,1.09704,1.73393,0.693103,1.11266,1.71879,0.673606,1.12305,1.71879,0.6652,1.10728,1.73393,0.755683,1.22543,1.91098,0.765259,1.24266,1.89429,0.743527,1.25424,1.89429,0.734258,1.23685,1.91098
0.234166,1.09462,-2.81797,42.2392,838958801,-1.22946,-0.400442,1.73393,-1.24615,-0.406829,1.71879,-1.2379,-0.427321,1.71879,-1.22132,-0.420643,1.73393,-1.36658,-0.452991,1.91098,-1.38499,-0.460033,1.89429,-1.37579,-0.482874,1.89429,-1.35751,-0.475509,1.91098
0.0709796,1.09534,-1.82262,53.4053,838958858,-0.332795,-1.24804,1.73393,-0.336529,-1.26552,1.71879,-0.314924,-1.27013,1.71879,-0.311498,-1.25259,1.73393,-0.363471,-1.39162,1.91098,-0.367589,-1.4109,1.89429,-0.343507,-1.41604,1.89429,-0.339729,-1.3967,1.91098
-0.00919585,1.09463,-1.80528,-3.47805,838958859,-0.311417,-1.25494,1.73393,-0.314848,-1.27248,1.71879,-0.293095,-1.27634,1.71879,-0.289974,-1.25874,1.73393,-0.33952,-1.39907,1.91098,-0.343304,-1.41841,1.89429,-0.319058,-1.42271,1.89429,-0.315616,-1.40331,1.91098
0.0294512,1.09532,-1.7881,-3.0955,838958860,-0.289541,-1.25882,1.73393,-0.292663,-1.27641,1.71879,-0.270909,-1.28027,1.71879,-0.268098,-1.26262,1.73393,-0.315184,-1.40338,1.91098,-0.318625,-1.42279,1.89429,-0.294379,-1.42709,1.89429,-0.291279,-1.40762,1.91098
-0.0904231,1.09462,-1.77077,-3.43255,838958861,-0.267935,-1.26496,1.73393,-0.270752,-1.28261,1.71879,-0.248877,-1.28571,1.71879,-0.246372,-1.26801,1.73393,-0.290987,-1.40999,1.91098,-0.294094,-1.42945,1.89429,-0.269711,-1.4329,1.89429,-0.266949,-1.41339,1.91098
0.0218989,1.09532,-1.75359,-3.16733,838958862,-0.245937,-1.26808,1.73393,-0.248442,-1.28577,1.71879,-0.226567,-1.28887,1.71879,-0.224374,-1.27113,1.73393,-0.266515,-1.41345,1.91098,-0.269277,-1.43296,1.89429,-0.244895,-1.43642,1.89429,-0.242477,-1.41685,1.91098
0.0857919,1.09536,-1.65004,10.6054,838958868,-0.113559,-1.28665,1.73393,-0.114199,-1.30451,1.71879,-0.0921199,-1.3053,1.71879,-0.0917949,-1.28743,1.73393,-0.118816,-1.43338,1.91098,-0.119522,-1.45307,1.89429,-0.0949124,-1.45395,1.89429,-0.0945541,-1.43425,1.91098
0.0204446,1.09468,-1.63271,57.4522,838958869,-0.0913068,-1.28972,1.73393,-0.0916377,-1.30759,1.71879,-0.0695448,-1.30761,1.71879,-0.069529,-1.28974,1.73393,-0.0939363,-1.43654,1.91098,-0.0943011,-1.45625,1.89429,-0.069676,-1.45627,1.89429,-0.0696586,-1.43657,1.91098
0.161468,1.0954,-1.61553,35.1964,838958870,-0.0690901,-1.28974,1.73393,-0.0691057,-1.30761,1.71879,-0.0470128,-1.30763,1.71879,-0.0473123,-1.28976,1.73393,-0.0692196,-1.43657,1.91098,-0.0692369,-1.45627,1.89429,-0.0446117,-1.4563,1.89429,-0.0449419,-1.43659,1.91098
-0.00926092,1.09472,-1.59819,-2.58875,838958871,-0.0467443,-1.29204,1.73393,-0.0464507,-1.30991,1.71879,-0.0243706,-1.30916,1.71879,-0.0249791,-1.2913,1.73393,-0.0442443,-1.43886,1.91098,-0.0439205,-1.45857,1.89429,-0.0193096,-1.45773,1.89429,-0.0199806,-1.43804,1.91098
0.093731,1.09545,-1.58101,-2.19565,838958872,-0.0245403,-1.29128,1.73393,-0.0239318,-1.30914,1.71879,-0.00185173,-1.30839,1.71879,-0.00277515,-1.29054,1.73393,-0.0195419,-1.43802,1.91098,-0.0188709,-1.45772,1.89429,0.00574004,-1.45688,1.89429,0.00472176,-1.4372,1.91098
0.338549,1.09533,-0.288296,-9.81327,838958946,1.2351,-0.37811,1.73393,1.25244,-0.38245,1.71879,1.25781,-0.361018,1.71879,1.24039,-0.356984,1.73393,1.37753,-0.413763,1.91098,1.39665,-0.418549,1.89429,1.40263,-0.394661,1.89429,1.38343,-0.390212,1.91098
0.0995505,1.09464,-0.27096,-27.271,838958947,1.24274,-0.356984,1.73393,1.26015,-0.361024,1.71879,1.26477,-0.339418,1.71879,1.24729,-0.335687,1.73393,1.38581,-0.390086,1.91098,1.40501,-0.394541,1.89429,1.41015,-0.370459,1.89429,1.39088,-0.366344,1.91098
1.3338,1.09536,-0.253781,-1.69111,838958948,1.24738,-0.335257,1.73393,1.26486,-0.338989,1.71879,1.26947,-0.317383,1.71879,1.25193,-0.313959,1.73393,1.39097,-0.365914,1.91098,1.41024,-0.370029,1.89429,1.41538,-0.345947,1.89429,1.39604,-0.342172,1.91098
0.351668,1.09468,-0.236444,-3.12844,838958949,1.25427,-0.313878,1.73393,1.27182,-0.317307,1.71879,1.27567,-0.295553,1.71879,1.25807,-0.292434,1.73393,1.39841,-0.341963,1.91098,1.41775,-0.345744,1.89429,1.42205,-0.321497,1.89429,1.40264,-0.318057,1.91098
0.0862713,1.0954,-0.219264,-40.3669,838958950,1.25815,-0.292002,1.73393,1.27575,-0.295121,1.71879,1.2796,-0.273367,1.71879,1.26195,-0.270558,1.73393,1.40272,-0.317625,1.91098,1.42213,-0.321064,1.89429,1.42642,-0.296817,1.89429,1.40696,-0.29372,1.91098
0.0984066,1.09545,-0.184745,25.7945,838958952,1.2674,-0.248396,1.73393,1.2851,-0.250899,1.71879,1.28819,-0.229024,1.71879,1.27045,-0.226833,1.73393,1.41278,-0.268955,1.91098,1.4323,-0.271714,1.89429,1.43574,-0.247332,1.89429,1.41618,-0.244916,1.91098
0.0997031,1.11187,-0.163502,-37.4478,838959105,1.27367,-0.221588,1.77121,1.29157,-0.223806,1.75626,1.2939,-0.201837,1.75626,1.27597,-0.199932,1.77121,1.41757,-0.239385,1.94979,1.4373,-0.241831,1.9333,1.4399,-0.217343,1.9333,1.42013,-0.215243,1.94979
0.127324,1.11255,-0.146319,-14.5703,838959106,1.27602,-0.199496,1.77121,1.29395,-0.2014,1.75626,1.29628,-0.179431,1.75626,1.27832,-0.17784,1.77121,1.42018,-0.214807,1.94979,1.43995,-0.216907,1.9333,1.44255,-0.192419,1.9333,1.42274,-0.190665,1.94979
1.29176,1.11182,-0.128983,-1.58275,838959107,1.28064,-0.177514,1.77121,1.2986,-0.179105,1.75626,1.30017,-0.157067,1.75626,1.28218,-0.15579,1.77121,1.42507,-0.190274,1.94979,1.44488,-0.192029,1.9333,1.44662,-0.167465,1.9333,1.42679,-0.166057,1.94979
0.980807,1.1125,-0.111802,-1.63118,838959108,1.28222,-0.155353,1.77121,1.3002,-0.156629,1.75626,1.30176,-0.134592,1.75626,1.28376,-0.133629,1.77121,1.42682,-0.165619,1.94979,1.44665,-0.167027,1.9333,1.4484,-0.142464,1.9333,1.42854,-0.141403,1.94979
2.54761,1.11178,-0.0944661,-0.513853,838959109,1.28607,-0.133222,1.77121,1.30408,-0.134185,1.75626,1.30487,-0.112106,1.75626,1.28685,-0.111458,1.77121,1.43086,-0.14093,1.94979,1.45071,-0.141992,1.9333,1.4516,-0.117383,1.9333,1.43173,-0.116668,1.94979
0.992499,1.11247,-0.0772857,-3.51674,838959110,1.28687,-0.11102,1.77121,1.30489,-0.111668,1.75626,1.30568,-0.0895891,1.75626,1.28765,-0.089256,1.77121,1.43175,-0.11623,1.94979,1.45161,-0.116944,1.9333,1.4525,-0.092335,1.9333,1.43262,-0.0919676,1.94979
0.145979,1.11176,-0.0599503,-30.5351,838959111,1.28995,-0.0887682,1.77121,1.30798,-0.0891016,1.75626,1.308,-0.0670087,1.75626,1.28997,-0.0669904,1.77121,1.43492,-0.091415,1.94979,1.4548,-0.0917827,1.9333,1.45482,-0.0671575,1.9333,1.43494,-0.0671373,1.94979
0.066021,1.11245,-0.0427707,-1.68998,838959112,1.28997,-0.0665514,1.77121,1.308,-0.0665697,1.75626,1.30802,-0.0444768,1.75626,1.28999,-0.0447736,1.77121,1.43494,-0.0666983,1.94979,1.45482,-0.0667185,1.9333,1.45485,-0.0420933,1.9333,1.43497,-0.0424206,1.94979
0.149967,1.11174,-0.0254354,11.2663,838959113,1.29227,-0.044206,1.77121,1.3103,-0.0439094,1.75626,1.30955,-0.0218292,1.75626,1.29153,-0.0224407,1.77121,1.43724,-0.041788,1.94979,1.45712,-0.041461,1.9333,1.45629,-0.01685,1.9333,1.43642,-0.0175243,1.94979
0.0999141,1.11244,-0.00825639,-1.93376,838959114,1.29152,-0.0220019,1.77121,1.30954,-0.0213905,1.75626,1.30879,0.000689723,1.75626,1.29078,-0.000236642,1.77121,1.4364,-0.0170855,1.94979,1.45627,-0.0164113,1.9333,1.45544,0.00819974,1.9333,1.43558,0.00717821,1.94979
-0.0561225,1.11174,0.00907921,-2.39841,838959115,1.29304,0.000410285,1.77121,1.31104,0.00133627,1.75626,1.30952,0.0233768,1.75626,1.29154,0.0221365,1.77121,1.43783,0.00788998,1.94979,1.45769,0.00891109,1.9333,1.456,0.0334779,1.9333,1.43616,0.0321102,1.94979
-0.0799468,1.11245,0.0262578,-1.6985,838959116,1.29151,0.0225745,1.77121,1.30949,0.0238148,1.75626,1.30797,0.0458554,1.75626,1.29001,0.0443007,1.77121,1.43613,0.0325481,1.94979,1.45597,0.0339159,1.9333,1.45427,0.0584827,1.9333,1.43446,0.0567683,1.94979
0.17058,1.11176,0.987247,-25.4726,838959171,0.721849,1.07274,1.77121,0.731152,1.08819,1.75626,0.712031,1.09926,1.75626,0.703,1.08365,1.77121,0.796625,1.19697,1.94979,0.806884,1.214,1.9333,0.785571,1.22633,1.9333,0.775613,1.20913,1.94979
0.28246,1.11182,1.26728,1.21037,838959187,0.397198,1.23036,1.77121,0.401884,1.24777,1.75626,0.380453,1.25314,1.75626,0.376073,1.23565,1.77121,0.434844,1.37038,1.94979,0.440012,1.38958,1.9333,0.416124,1.39556,1.9333,0.411294,1.37628,1.94979
0.319078,1.11247,1.31898,5.84598,838959190,0.332795,1.24804,1.77121,0.336562,1.26567,1.75626,0.314957,1.27029,1.75626,0.311498,1.25259,1.77121,0.363084,1.38981,1.94979,0.367238,1.40925,1.9333,0.343156,1.4144,1.9333,0.339342,1.39488,1.94979
0.0135766,1.11247,-1.82261,-3.52565,838959370,-0.332795,-1.24804,1.77121,-0.336562,-1.26567,1.75626,-0.314957,-1.27029,1.75626,-0.311498,-1.25259,1.77121,-0.363084,-1.38981,1.94979,-0.367238,-1.40925,1.9333,-0.343156,-1.4144,1.9333,-0.339342,-1.39488,1.94979
0.0499566,1.11176,-1.80528,-27.2242,838959371,-0.311417,-1.25494,1.77121,-0.314876,-1.27263,1.75626,-0.293122,-1.27649,1.75626,-0.289974,-1.25874,1.77121,-0.339197,-1.39724,1.94979,-0.343011,-1.41676,1.9333,-0.318764,-1.42106,1.9333,-0.315292,-1.40148,1.94979
0.0138034,1.11245,-1.7881,-3.16247,838959372,-0.289541,-1.25882,1.77121,-0.29269,-1.27657,1.75626,-0.270937,-1.28043,1.75626,-0.268098,-1.26262,1.77121,-0.31486,-1.40156,1.94979,-0.318332,-1.42113,1.9333,-0.294085,-1.42543,1.9333,-0.290955,-1.4058,1.94979
0.0691448,1.11174,-1.77076,-1.96359,838959373,-0.267935,-1.26496,1.77121,-0.270774,-1.28277,1.75626,-0.248899,-1.28587,1.75626,-0.246372,-1.26801,1.77121,-0.290728,-1.40815,1.94979,-0.293858,-1.42779,1.9333,-0.269476,-1.43124,1.9333,-0.26669,-1.41155,1.94979
-0.00856003,1.11244,-1.75359,-2.00706,838959374,-0.245937,-1.26808,1.77121,-0.248464,-1.28593,1.75626,-0.226589,-1.28902,1.75626,-0.224374,-1.27113,1.77121,-0.266255,-1.41161,1.94979,-0.269041,-1.4313,1.9333,-0.244659,-1.43475,1.9333,-0.242217,-1.41502,1.94979
0.094827,1.11249,-1.65004,18.1751,838959380,-0.113559,-1.28665,1.77121,-0.114204,-1.30466,1.75626,-0.0921255,-1.30545,1.75626,-0.0917949,-1.28743,1.77121,-0.11875,-1.43152,1.94979,-0.119462,-1.45139,1.9333,-0.0948522,-1.45227,1.9333,-0.0944877,-1.43239,1.94979
1.19872,1.1118,-1.6327,14.2206,838959381,-0.0913068,-1.28972,1.77121,-0.0916379,-1.30775,1.75626,-0.069545,-1.30777,1.75626,-0.069529,-1.28974,1.77121,-0.0939346,-1.43469,1.94979,-0.0942997,-1.45457,1.9333,-0.0696745,-1.45459,1.9333,-0.0696569,-1.43471,1.94979
0.618143,1.11253,-1.61552,0.345939,838959382,-0.06909,-1.28974,1.77121,-0.0691059,-1.30777,1.75626,-0.047013,-1.30779,1.75626,-0.0473123,-1.28976,1.77121,-0.0692179,-1.43471,1.94979,-0.0692354,-1.45459,1.9333,-0.0446103,-1.45462,1.9333,-0.0449403,-1.43473,1.94979
0.0223365,1.11184,-1.59819,-2.48627,838959383,-0.0467443,-1.29204,1.77121,-0.0464454,-1.31007,1.75626,-0.0243653,-1.30932,1.75626,-0.0249791,-1.2913,1.77121,-0.0443073,-1.43701,1.94979,-0.0439778,-1.45689,1.9333,-0.0193669,-1.45605,1.9333,-0.0200437,-1.43618,1.94979
0.0740555,1.11258,-1.58101,27.2771,838959384,-0.0245403,-1.29128,1.77121,-0.0239266,-1.3093,1.75626,-0.00184646,-1.30855,1.75626,-0.00277507,-1.29054,1.77121,-0.0196049,-1.43617,1.94979,-0.0189282,-1.45604,1.9333,0.00568274,-1.4552,1.9333,0.00465874,-1.43534,1.94979
-0.131535,1.11245,-0.322808,-2.21843,838959456,1.22134,-0.420508,1.77121,1.23867,-0.425494,1.75626,1.24478,-0.404263,1.75626,1.22736,-0.39958,1.77121,1.36066,-0.460601,1.94979,1.37976,-0.4661,1.9333,1.38657,-0.442435,1.9333,1.36737,-0.437271,1.94979
-0.0244807,1.11246,-0.288293,-1.66545,838959458,1.2351,-0.37811,1.77121,1.25259,-0.382488,1.75626,1.25796,-0.361057,1.75626,1.24039,-0.356984,1.77121,1.37574,-0.413313,1.94979,1.39502,-0.418141,1.9333,1.401,-0.394253,1.9333,1.38163,-0.389762,1.94979
0.000589832,1.11177,-0.270957,-2.10732,838959459,1.24274,-0.356984,1.77121,1.26031,-0.361057,1.75626,1.26492,-0.339451,1.75626,1.24729,-0.335687,1.77121,1.38399,-0.389699,1.94979,1.40336,-0.39419,1.9333,1.40851,-0.370108,1.9333,1.38906,-0.365957,1.94979
0.179337,1.11249,-0.253778,-1.35964,838959460,1.24738,-0.335257,1.77121,1.26501,-0.339022,1.75626,1.26962,-0.317416,1.75626,1.25193,-0.313959,1.77121,1.38915,-0.365527,1.94979,1.4086,-0.369678,1.9333,1.41374,-0.345596,1.9333,1.39422,-0.341785,1.94979
0.298101,1.1118,-0.23644,7.35215,838959461,1.25427,-0.313878,1.77121,1.27197,-0.317334,1.75626,1.27583,-0.29558,1.75626,1.25807,-0.292434,1.77121,1.39658,-0.341639,1.94979,1.4161,-0.345451,1.9333,1.4204,-0.321203,1.9333,1.40082,-0.317734,1.94979
-0.00617079,1.11253,-0.219261,-3.48963,838959462,1.25815,-0.292002,1.77121,1.2759,-0.295148,1.75626,1.27976,-0.273394,1.75626,1.26195,-0.270558,1.77121,1.4009,-0.317301,1.94979,1.42047,-0.320771,1.9333,1.42477,-0.296524,1.9333,1.40513,-0.293396,1.94979
-0.0299499,1.11184,-0.201922,-3.26147,838959463,1.26429,-0.270394,1.77121,1.2821,-0.273231,1.75626,1.28519,-0.251356,1.75626,1.26734,-0.248831,1.77121,1.40749,-0.293168,1.94979,1.42712,-0.296296,1.9333,1.43057,-0.271914,1.9333,1.41088,-0.26913,1.94979
0.141506,1.11258,-0.184743,3.12905,838959464,1.2674,-0.248396,1.77121,1.28526,-0.250921,1.75626,1.28835,-0.229046,1.75626,1.27045,-0.226833,1.77121,1.41095,-0.268695,1.94979,1.43063,-0.271479,1.9333,1.43408,-0.247097,1.9333,1.41435,-0.244657,1.94979
0.0646437,1.12897,-0.163499,-1.4585,838959617,1.27367,-0.221589,1.80898,1.29172,-0.223822,1.79421,1.29405,-0.201853,1.79421,1.27597,-0.199933,1.80898,1.41571,-0.239188,1.98905,1.43561,-0.241651,1.97277,1.43821,-0.217164,1.97277,1.41827,-0.215046,1.98905
0.385425,1.12966,-0.146317,5.40485,838959618,1.27602,-0.199496,1.80898,1.2941,-0.201416,1.79421,1.29643,-0.179447,1.79421,1.27832,-0.17784,1.80898,1.41832,-0.214609,1.98905,1.43826,-0.216727,1.97277,1.44086,-0.19224,1.97277,1.42088,-0.190467,1.98905
0.460088,1.12892,-0.12898,0.519311,838959619,1.28064,-0.177514,1.80898,1.29876,-0.179116,1.79421,1.30032,-0.157078,1.79421,1.28218,-0.155791,1.80898,1.42321,-0.190142,1.98905,1.44318,-0.191908,1.97277,1.44493,-0.167345,1.97277,1.42493,-0.165925,1.98905
0.37472,1.12961,-0.111799,10.8888,838959620,1.28222,-0.155353,1.80898,1.30035,-0.15664,1.79421,1.30192,-0.134603,1.79421,1.28376,-0.13363,1.80898,1.42496,-0.165487,1.98905,1.44496,-0.166907,1.97277,1.4467,-0.142344,1.97277,1.42668,-0.14127,1.98905
0.308935,1.12889,-0.0944626,2.85631,838959621,1.28607,-0.133222,1.80898,1.30423,-0.134191,1.79421,1.30502,-0.112112,1.79421,1.28685,-0.111459,1.80898,1.42899,-0.140863,1.98905,1.44902,-0.141931,1.97277,1.4499,-0.117322,1.97277,1.42986,-0.116601,1.98905
0.232032,1.12958,-0.0772832,-7.68391,838959622,1.28687,-0.11102,1.80898,1.30504,-0.111673,1.79421,1.30583,-0.0895946,1.79421,1.28765,-0.089256,1.80898,1.42988,-0.116163,1.98905,1.44992,-0.116883,1.97277,1.4508,-0.0922739,1.97277,1.43075,-0.0919005,1.98905
0.183817,1.12886,-0.0599468,8.49258,838959623,1.28995,-0.0887683,1.80898,1.30813,-0.0891017,1.79421,1.30815,-0.0670088,1.79421,1.28997,-0.0669905,1.80898,1.43305,-0.0914132,1.98905,1.4531,-0.0917809,1.97277,1.45312,-0.0671557,1.97277,1.43307,-0.0671355,1.98905
0.333007,1.12956,-0.0427682,-8.88362,838959624,1.28997,-0.0665515,1.80898,1.30815,-0.0665698,1.79421,1.30818,-0.0444769,1.79421,1.28999,-0.0447737,1.80898,1.43307,-0.0666964,1.98905,1.45312,-0.0667167,1.97277,1.45315,-0.0420915,1.97277,1.4331,-0.0424188,1.98905
0.286015,1.12885,-0.0254318,2.84018,838959625,1.29227,-0.044206,1.80898,1.31045,-0.0439042,1.79421,1.30971,-0.021824,1.79421,1.29153,-0.0224407,1.80898,1.43537,-0.0418515,1.98905,1.45543,-0.0415186,1.97277,1.45459,-0.0169076,1.97277,1.43455,-0.0175877,1.98905
0.218138,1.12955,-0.00825388,0.893096,838959626,1.29152,-0.022002,1.80898,1.30969,-0.0213851,1.79421,1.30894,0.000695044,1.79421,1.29078,-0.000236712,1.80898,1.43454,-0.017149,1.98905,1.45458,-0.0164688,1.97277,1.45374,0.0081422,1.97277,1.43371,0.00711474,1.98905
0.273548,1.12884,0.00908277,3.91253,838959627,1.29304,0.000410278,1.80898,1.3112,0.00134693,1.79421,1.30968,0.0233875,1.79421,1.29154,0.0221365,1.80898,1.43597,0.00776135,1.98905,1.456,0.00879422,1.97277,1.4543,0.033361,1.97277,1.4343,0.0319815,1.98905
0.164739,1.12956,0.0262604,-33.583,838959628,1.29151,0.0225745,1.80898,1.30965,0.0238255,1.79421,1.30813,0.045866,1.79421,1.29001,0.0443007,1.80898,1.43427,0.0324195,1.98905,1.45427,0.033799,1.97277,1.45258,0.0583659,1.97277,1.4326,0.0566397,1.98905
-0.324065,1.12969,0.164326,-2.64624,838959636,1.27593,0.200061,1.80898,1.29372,0.203827,1.79421,1.28914,0.225441,1.79421,1.27142,0.221367,1.80898,1.41593,0.229694,1.98905,1.43554,0.233846,1.97277,1.43044,0.257938,1.97277,1.4109,0.253445,1.98905
0.255981,1.12956,0.655364,2.91163,838959664,1.03095,0.778195,1.80898,1.04489,0.78987,1.79421,1.03071,0.806808,1.79421,1.01697,0.794892,1.80898,1.14067,0.870068,1.98905,1.15604,0.882941,1.97277,1.14023,0.901821,1.97277,1.12508,0.888681,1.98905
0.165424,1.12955,3.13334,-15.2921,838959806,-1.29152,0.022002,1.80898,-1.30969,0.0213851,1.79421,-1.30894,-0.000695044,1.79421,-1.29078,0.000236712,1.80898,-1.43454,0.017149,1.98905,-1.45458,0.0164688,1.97277,-1.45374,-0.0081422,1.97277,-1.43371,-0.00711474,1.98905
0.116292,1.12956,-2.4172,85.5249,838959848,-0.974841,-0.847458,1.80898,-0.987934,-0.860077,1.79421,-0.972602,-0.875984,1.79421,-0.959728,-0.863138,1.80898,-1.07787,-0.946765,1.98905,-1.09231,-0.96068,1.97277,-1.07522,-0.978411,1.97277,-1.06103,-0.964245,1.98905
0.028517,1.1296,-1.65004,-2.35307,838959892,-0.113559,-1.28665,1.80898,-0.11421,-1.30482,1.79421,-0.0921311,-1.30561,1.79421,-0.0917949,-1.28743,1.80898,-0.118683,-1.42966,1.98905,-0.119401,-1.44969,1.97277,-0.0947914,-1.45058,1.97277,-0.0944207,-1.43052,1.98905
0.248157,1.1289,-1.6327,5.17979,838959893,-0.0913068,-1.28972,1.80898,-0.091638,-1.30791,1.79421,-0.0695451,-1.30793,1.79421,-0.0695291,-1.28974,1.80898,-0.093933,-1.43282,1.98905,-0.0942981,-1.45287,1.97277,-0.069673,-1.45289,1.97277,-0.0696553,-1.43284,1.98905
0.0539223,1.12964,-1.61552,-1.94124,838959894,-0.06909,-1.28974,1.80898,-0.069106,-1.30793,1.79421,-0.0470132,-1.30795,1.79421,-0.0473122,-1.28976,1.80898,-0.0692163,-1.43284,1.98905,-0.0692339,-1.45289,1.97277,-0.0446088,-1.45292,1.97277,-0.0449386,-1.43286,1.98905
0.0345821,1.12895,-1.59818,54.6982,838959895,-0.0467443,-1.29204,1.80898,-0.0464401,-1.31022,1.79421,-0.02436,-1.30947,1.79421,-0.0249791,-1.2913,1.80898,-0.044371,-1.43514,1.98905,-0.0440356,-1.45519,1.97277,-0.0194247,-1.45436,1.97277,-0.0201074,-1.43432,1.98905
-0.0151553,1.12957,-0.288291,-3.13585,838959970,1.2351,-0.37811,1.80898,1.25274,-0.382526,1.79421,1.25811,-0.361094,1.79421,1.24039,-0.356984,1.80898,1.37392,-0.412859,1.98905,1.39337,-0.417728,1.97277,1.39935,-0.39384,1.97277,1.37982,-0.389308,1.98905
0.103722,1.12887,-0.270953,44.841,838959971,1.24274,-0.356984,1.80898,1.26046,-0.361089,1.79421,1.26507,-0.339483,1.79421,1.24729,-0.335687,1.80898,1.38217,-0.389309,1.98905,1.4017,-0.393835,1.97277,1.40684,-0.369753,1.97277,1.38723,-0.365566,1.98905
0.564395,1.1296,-0.253775,2.8998,838959972,1.24738,-0.335257,1.80898,1.26516,-0.339054,1.79421,1.26978,-0.317448,1.79421,1.25193,-0.313959,1.80898,1.38733,-0.365137,1.98905,1.40694,-0.369324,1.97277,1.41208,-0.345241,1.97277,1.3924,-0.341394,1.98905
0.22063,1.1289,-0.236437,9.36285,838959973,1.25427,-0.313878,1.80898,1.27212,-0.317361,1.79421,1.27598,-0.295607,1.79421,1.25807,-0.292434,1.80898,1.39474,-0.341313,1.98905,1.41443,-0.345154,1.97277,1.41872,-0.320907,1.97277,1.39898,-0.317408,1.98905
0.193191,1.12964,-0.219259,-2.67766,838959974,1.25815,-0.292002,1.80898,1.27606,-0.295175,1.79421,1.27991,-0.273421,1.79421,1.26195,-0.270558,1.80898,1.39906,-0.316975,1.98905,1.4188,-0.320475,1.97277,1.4231,-0.296227,1.97277,1.40329,-0.29307,1.98905
0.204038,1.12895,-0.201918,-2.73694,838959975,1.26429,-0.270394,1.80898,1.28225,-0.273253,1.79421,1.28535,-0.251377,1.79421,1.26734,-0.248831,1.80898,1.40563,-0.292907,1.98905,1.42544,-0.296058,1.97277,1.42889,-0.271676,1.97277,1.40903,-0.268868,1.98905
0.101684,1.12969,-0.18474,-14.6461,838959976,1.2674,-0.248396,1.80898,1.28541,-0.250943,1.79421,1.2885,-0.229067,1.79421,1.27045,-0.226833,1.80898,1.4091,-0.268433,1.98905,1.42895,-0.271241,1.97277,1.4324,-0.246859,1.97277,1.41249,-0.244395,1.98905
0.129424,1.15136,-0.163495,8.29917,838960129,1.27367,-0.221589,1.8594,1.29206,-0.223875,1.84468,1.29439,-0.20189,1.84468,1.27597,-0.199933,1.8594,1.41397,-0.238848,2.04086,1.4341,-0.24135,2.02474,1.43669,-0.217003,2.02474,1.41652,-0.214861,2.04086
0.256409,1.15205,-0.146308,12.3887,838960130,1.27602,-0.199495,1.8594,1.29444,-0.201451,1.84468,1.29677,-0.179466,1.84468,1.27832,-0.177839,1.8594,1.41657,-0.214422,2.04086,1.43674,-0.216565,2.02474,1.43932,-0.192218,2.02474,1.41911,-0.190435,2.04086
0.240785,1.15131,-0.128976,-0.69441,838960131,1.28064,-0.177515,1.8594,1.2991,-0.179157,1.84468,1.30066,-0.157104,1.84468,1.28218,-0.155792,1.8594,1.42146,-0.189862,2.04086,1.44167,-0.19166,2.02474,1.4434,-0.167238,2.02474,1.42317,-0.165801,2.04086
0.126946,1.152,-0.11179,4.58991,838960132,1.28222,-0.155351,1.8594,1.30069,-0.156663,1.84468,1.30226,-0.134611,1.84468,1.28376,-0.133628,1.8594,1.4232,-0.165361,2.04086,1.44343,-0.166798,2.02474,1.44517,-0.142375,2.02474,1.42491,-0.1413,2.04086
0.391629,1.15127,-0.0944588,-6.59448,838960133,1.28607,-0.133223,1.8594,1.30457,-0.13422,1.84468,1.30537,-0.112125,1.84468,1.28685,-0.11146,1.8594,1.42723,-0.140645,2.04086,1.44749,-0.141736,2.02474,1.44837,-0.117268,2.02474,1.4281,-0.116539,2.04086
5.94225,1.15197,-0.077274,-0.643519,838960134,1.28687,-0.111019,1.8594,1.30538,-0.111684,1.84468,1.30618,-0.0895902,1.84468,1.28765,-0.0892549,1.8594,1.42812,-0.116098,2.04086,1.44839,-0.116827,2.02474,1.44927,-0.0923592,2.02474,1.42898,-0.091992,2.04086
13.0676,1.15124,-0.0599429,-0.311421,838960135,1.28995,-0.0887692,1.8594,1.30847,-0.0891188,1.84468,1.30849,-0.0670103,1.84468,1.28997,-0.0669915,1.8594,1.43128,-0.0912564,2.04086,1.45157,-0.0916391,2.02474,1.45159,-0.0671553,2.02474,1.43131,-0.0671347,2.04086
2.61604,1.15195,-0.0427589,-3.96502,838960136,1.28997,-0.0665503,1.8594,1.30849,-0.0665692,1.84468,1.30852,-0.0444607,1.84468,1.28999,-0.0447725,1.8594,1.43131,-0.0666935,2.04086,1.45159,-0.0667142,2.02474,1.45162,-0.0422304,2.02474,1.43133,-0.0425718,2.04086
8.03129,1.15123,-0.0254279,-0.0812573,838960137,1.29227,-0.044207,1.8594,1.3108,-0.0439093,1.84468,1.31005,-0.0218135,1.84468,1.29153,-0.0224417,1.8594,1.43361,-0.0417563,2.04086,1.45389,-0.0414303,2.02474,1.45306,-0.0169606,2.02474,1.43279,-0.0176485,2.04086
5.89424,1.15194,-0.00824454,-2.2053,838960138,1.29152,-0.0220008,1.8594,1.31003,-0.0213726,1.84468,1.30928,0.000723138,1.84468,1.29078,-0.000235532,1.8594,1.43277,-0.0172076,2.04086,1.45305,-0.0165197,2.02474,1.45222,0.00795002,2.02474,1.43196,0.00690028,2.04086
3.02481,1.15123,0.00908678,-3.67532,838960139,1.29304,0.000409257,1.8594,1.31154,0.00135371,1.84468,1.31002,0.0234098,1.84468,1.29154,0.0221355,1.8594,1.4342,0.00779477,2.04086,1.45446,0.00882895,2.02474,1.45278,0.0332548,2.02474,1.43254,0.0318593,2.04086
0.247075,1.15126,0.427183,-15.8024,838960163,1.18146,0.525352,1.8594,1.19798,0.533741,1.84468,1.18762,0.553271,1.84468,1.17125,0.54459,1.8594,1.30741,0.589522,2.04086,1.3255,0.598709,2.02474,1.31403,0.620338,2.02474,1.29611,0.610831,2.04086
0.861569,1.15131,-2.22337,48.058,838960371,-0.794053,-1.02031,1.8594,-0.804703,-1.03547,1.84468,-0.786387,-1.04785,1.84468,-0.776012,-1.03251,1.8594,-0.875156,-1.13609,2.04086,-0.886817,-1.15269,2.02474,-0.866533,-1.1664,2.02474,-0.855172,-1.1496,2.04086
0.277741,1.15194,-1.40451,46.5844,838960418,0.202603,-1.27572,1.8594,0.206437,-1.29384,1.84468,0.228066,-1.28926,1.84468,0.223909,-1.27121,1.8594,0.231853,-1.414,2.04086,0.23605,-1.43384,2.02474,0.260004,-1.42877,2.02474,0.255452,-1.409,2.04086
0.16083,1.15123,-1.38718,46.3037,838960419,0.224936,-1.27332,1.8594,0.22908,-1.29138,1.84468,0.250536,-1.28605,1.84468,0.246072,-1.26807,1.8594,0.256723,-1.41106,2.04086,0.26126,-1.43083,2.02474,0.285022,-1.42493,2.02474,0.280134,-1.40525,2.04086
0.0564358,1.15196,-0.288281,-2.19709,838960482,1.2351,-0.378109,1.8594,1.25308,-0.382608,1.84468,1.25844,-0.361161,1.84468,1.24039,-0.356983,1.8594,1.37221,-0.41243,2.04086,1.39189,-0.417356,2.02474,1.39784,-0.393605,2.02474,1.37807,-0.389031,2.04086
0.0170829,1.15126,-0.270949,-1.07339,838960483,1.24274,-0.356985,1.8594,1.26079,-0.361177,1.84468,1.2654,-0.339556,1.84468,1.24729,-0.335688,1.8594,1.38048,-0.388789,2.04086,1.40024,-0.393379,2.02474,1.40535,-0.369435,2.02474,1.38551,-0.365199,2.04086
0.0322325,1.15199,-0.253766,-2.87944,838960484,1.24738,-0.335256,1.8594,1.2655,-0.339124,1.84468,1.27011,-0.317503,1.84468,1.25193,-0.313958,1.8594,1.3856,-0.364768,2.04086,1.40544,-0.369003,2.02474,1.41055,-0.345059,2.02474,1.39064,-0.341178,2.04086
0.087508,1.15129,-0.236432,44.67,838960485,1.25427,-0.313879,1.8594,1.27246,-0.317437,1.84468,1.27631,-0.295668,1.84468,1.25807,-0.292435,1.8594,1.39303,-0.340853,2.04086,1.41294,-0.344749,2.02474,1.41722,-0.320641,2.02474,1.39724,-0.317101,2.04086
0.122607,1.15203,-0.219249,-2.06421,838960486,1.25815,-0.292001,1.8594,1.27639,-0.295234,1.84468,1.28025,-0.273464,1.84468,1.26195,-0.270557,1.8594,1.39732,-0.316667,2.04086,1.41729,-0.320207,2.02474,1.42157,-0.296099,2.02474,1.40153,-0.292915,2.04086
0.0318058,1.15133,-0.201914,-2.18064,838960487,1.26429,-0.270395,1.8594,1.28259,-0.273317,1.84468,1.28568,-0.251426,1.84468,1.26734,-0.248832,1.8594,1.40391,-0.292507,2.04086,1.42395,-0.295706,2.02474,1.42737,-0.271463,2.02474,1.40729,-0.268623,2.04086
0.2393,1.15208,-0.18473,6.34112,838960488,1.2674,-0.248395,1.8594,1.28575,-0.250989,1.84468,1.28884,-0.229098,1.84468,1.27045,-0.226832,1.8594,1.40735,-0.268186,2.04086,1.42744,-0.271026,2.02474,1.43086,-0.246783,2.02474,1.41073,-0.244302,2.04086
0.176448,1.16851,-0.163492,-36.7589,838960641,1.27367,-0.221589,1.89852,1.2922,-0.22389,1.88398,1.29453,-0.201905,1.88398,1.27597,-0.199933,1.89852,1.41221,-0.23866,2.08135,1.4325,-0.241179,2.06543,1.43508,-0.216833,2.06543,1.41476,-0.214674,2.08135
0.0840461,1.16921,-0.146306,-4.41365,838960642,1.27602,-0.199495,1.89852,1.29458,-0.201466,1.88398,1.29691,-0.179481,1.88398,1.27832,-0.177839,1.89852,1.4148,-0.214235,2.08135,1.43513,-0.216394,2.06543,1.43771,-0.192047,2.06543,1.41735,-0.190248,2.08135
0.358797,1.16846,-0.128973,-11.819,838960643,1.28064,-0.177515,1.89852,1.29924,-0.179167,1.88398,1.3008,-0.157114,1.88398,1.28218,-0.155792,1.89852,1.41969,-0.189737,2.08135,1.44005,-0.191545,2.06543,1.44179,-0.167123,2.06543,1.4214,-0.165676,2.08135
0.211295,1.16917,-0.111788,3.08514,838960644,1.28222,-0.155352,1.89852,1.30084,-0.156674,1.88398,1.3024,-0.134621,1.88398,1.28376,-0.133628,1.89852,1.42143,-0.165236,2.08135,1.44182,-0.166683,2.06543,1.44355,-0.142261,2.06543,1.42314,-0.141174,2.08135
0.496196,1.16843,-0.0944555,-4.18861,838960645,1.28607,-0.133223,1.89852,1.30471,-0.134225,1.88398,1.30551,-0.11213,1.88398,1.28685,-0.11146,1.89852,1.42546,-0.140581,2.08135,1.44588,-0.141678,2.06543,1.44676,-0.11721,2.06543,1.42633,-0.116475,2.08135
1.92879,1.16913,-0.0772717,0.089579,838960646,1.28687,-0.111019,1.89852,1.30552,-0.11169,1.88398,1.30632,-0.0895953,1.88398,1.28765,-0.0892549,1.89852,1.42634,-0.116034,2.08135,1.44677,-0.116769,2.06543,1.44765,-0.092301,2.06543,1.42721,-0.0919283,2.08135
5.90272,1.1684,-0.0599397,-0.580289,838960647,1.28995,-0.0887693,1.89852,1.30861,-0.0891189,1.88398,1.30864,-0.0670104,1.88398,1.28997,-0.0669915,1.89852,1.42951,-0.0912546,2.08135,1.44995,-0.0916374,2.06543,1.44998,-0.0671536,2.06543,1.42954,-0.0671329,2.08135
1.17229,1.16911,-0.0427567,-2.3432,838960648,1.28997,-0.0665504,1.89852,1.30864,-0.0665693,1.88398,1.30866,-0.0444608,1.88398,1.28999,-0.0447726,1.89852,1.42954,-0.0666918,2.08135,1.44998,-0.0667125,2.06543,1.45,-0.0422287,2.06543,1.42956,-0.0425701,2.08135
2.88558,1.16838,-0.0254246,-1.1157,838960649,1.29227,-0.0442071,1.89852,1.31094,-0.0439044,1.88398,1.31019,-0.0218086,1.88398,1.29153,-0.0224418,1.89852,1.43184,-0.0418165,2.08135,1.45228,-0.0414851,2.06543,1.45145,-0.0170154,2.06543,1.43102,-0.0177087,2.08135
1.17715,1.1691,-0.00824223,0.201094,838960650,1.29152,-0.0220008,1.89852,1.31017,-0.0213678,1.88398,1.30942,0.000728,1.88398,1.29078,-0.000235563,1.89852,1.431,-0.0172677,2.08135,1.45143,-0.0165746,2.06543,1.4506,0.00789518,2.06543,1.43018,0.00684008,2.08135
0.188621,1.16838,0.00909005,-15.1806,838960651,1.29304,0.000409183,1.89852,1.31168,0.0013636,1.88398,1.31016,0.0234197,1.88398,1.29154,0.0221354,1.89852,1.43243,0.00767265,2.08135,1.45285,0.00871774,2.06543,1.45116,0.0331435,2.06543,1.43077,0.0317372,2.08135
0.0729691,1.16911,0.0262721,-2.41153,838960652,1.29151,0.0225755,1.89852,1.31013,0.0238599,1.88398,1.30861,0.045916,1.88398,1.29001,0.0443017,1.89852,1.43074,0.0321773,2.08135,1.45113,0.0335837,2.06543,1.44945,0.0580095,2.06543,1.42908,0.0562418,2.08135
-0.0392918,1.16912,-0.288279,-2.46203,838960994,1.2351,-0.378109,1.89852,1.25321,-0.382642,1.88398,1.25858,-0.361195,1.88398,1.24039,-0.356983,1.89852,1.37049,-0.412,2.08135,1.39032,-0.416963,2.06543,1.39627,-0.393212,2.06543,1.37635,-0.3886,2.08135
-0.0408217,1.16841,-0.270946,-3.18823,838960995,1.24274,-0.356985,1.89852,1.26093,-0.361207,1.88398,1.26554,-0.339585,1.88398,1.24729,-0.335688,1.89852,1.37874,-0.388419,2.08135,1.39865,-0.393041,2.06543,1.40377,-0.369097,2.06543,1.38378,-0.364829,2.08135
0.960969,1.16915,-0.253764,0.502523,838960996,1.24738,-0.335256,1.89852,1.26564,-0.339154,1.88398,1.27025,-0.317533,1.88398,1.25193,-0.313958,1.89852,1.38387,-0.364398,2.08135,1.40386,-0.368666,2.06543,1.40897,-0.344721,2.06543,1.38891,-0.340807,2.08135
0.0692319,1.16844,-0.236429,-2.57832,838960997,1.25427,-0.313879,1.89852,1.2726,-0.317462,1.88398,1.27645,-0.295693,1.88398,1.25807,-0.292435,1.89852,1.39129,-0.340543,2.08135,1.41135,-0.344467,2.06543,1.41562,-0.320359,2.06543,1.3955,-0.316792,2.08135
-0.00160865,1.16919,-0.219247,-2.49171,838960998,1.25815,-0.292001,1.89852,1.27653,-0.295258,1.88398,1.28039,-0.273489,1.88398,1.26195,-0.270557,1.89852,1.39557,-0.316357,2.08135,1.4157,-0.319924,2.06543,1.41997,-0.295816,2.06543,1.39978,-0.292606,2.08135
0.0852569,1.16849,-0.201911,-2.94777,838960999,1.26429,-0.270395,1.89852,1.28273,-0.273337,1.88398,1.28583,-0.251446,1.88398,1.26734,-0.248832,1.89852,1.40216,-0.292258,2.08135,1.42234,-0.295479,2.06543,1.42577,-0.271236,2.06543,1.40553,-0.268374,2.08135
-0.0517262,1.16924,-0.184728,-2.95273,838961000,1.2674,-0.248395,1.89852,1.28589,-0.251009,1.88398,1.28898,-0.229118,1.88398,1.27045,-0.226832,1.89852,1.40559,-0.267937,2.08135,1.42583,-0.2708,2.06543,1.42926,-0.246557,2.06543,1.40897,-0.244053,2.08135
0.0620353,1.18564,-0.163489,-3.27245,838961153,1.27367,-0.22159,1.93814,1.29234,-0.223905,1.92378,1.29467,-0.20192,1.92378,1.27597,-0.199934,1.93814,1.41043,-0.238472,2.12232,1.43087,-0.241007,2.1066,1.43346,-0.21666,2.1066,1.41298,-0.214485,2.12232
0.417104,1.18634,-0.146303,-8.04083,838961154,1.27602,-0.199495,1.93814,1.29472,-0.201481,1.92378,1.29705,-0.179496,1.92378,1.27832,-0.177839,1.93814,1.41302,-0.214046,2.12232,1.4335,-0.216221,2.1066,1.43609,-0.191874,2.1066,1.41557,-0.190059,2.12232
1.24821,1.18559,-0.12897,0.552371,838961155,1.28064,-0.177515,1.93814,1.29938,-0.179177,1.92378,1.30095,-0.157124,1.92378,1.28218,-0.155792,1.93814,1.41791,-0.18961,2.12232,1.43843,-0.19143,2.1066,1.44016,-0.167008,2.1066,1.41962,-0.165549,2.12232
0.239275,1.1863,-0.111786,-3.90661,838961156,1.28222,-0.155352,1.93814,1.30098,-0.156684,1.92378,1.30254,-0.134631,1.92378,1.28376,-0.133628,1.93814,1.41965,-0.165109,2.12232,1.44019,-0.166567,2.1066,1.44193,-0.142145,2.1066,1.42136,-0.141048,2.12232
0.499793,1.18555,-0.0944524,4.28209,838961157,1.28607,-0.133223,1.93814,1.30485,-0.13423,1.92378,1.30565,-0.112136,1.92378,1.28685,-0.11146,1.93814,1.42368,-0.140517,2.12232,1.44424,-0.141619,2.1066,1.44512,-0.117151,2.1066,1.42454,-0.116411,2.12232
1.22254,1.18627,-0.0772695,-0.660123,838961158,1.28687,-0.111019,1.93814,1.30566,-0.111695,1.92378,1.30646,-0.0896004,1.92378,1.28765,-0.0892549,1.93814,1.42456,-0.11597,2.12232,1.44514,-0.11671,2.1066,1.44602,-0.0922424,2.1066,1.42542,-0.091864,2.12232
12.0176,1.18553,-0.0599365,-0.452689,838961159,1.28995,-0.0887693,1.93814,1.30876,-0.0891191,1.92378,1.30878,-0.0670106,1.92378,1.28997,-0.0669915,1.93814,1.42772,-0.0912528,2.12232,1.44832,-0.0916358,2.1066,1.44834,-0.067152,2.1066,1.42775,-0.0671311,2.12232
0.753006,1.18625,-0.0427544,1.19007,838961160,1.28997,-0.0665503,1.93814,1.30878,-0.0665695,1.92378,1.3088,-0.044461,1.92378,1.28999,-0.0447725,1.93814,1.42775,-0.0666899,2.12232,1.44834,-0.0667109,2.1066,1.44837,-0.0422271,2.1066,1.42777,-0.0425682,2.12232
0.373355,1.18551,-0.0254214,-7.46263,838961161,1.29227,-0.044207,1.93814,1.31108,-0.0438997,1.92378,1.31033,-0.0218039,1.92378,1.29153,-0.0224417,1.93814,1.43005,-0.041877,2.12232,1.45064,-0.0415406,2.1066,1.44981,-0.0170709,2.1066,1.42923,-0.0177692,2.12232
0.112798,1.18624,-0.00823995,-2.90085,838961162,1.29152,-0.0220008,1.93814,1.31031,-0.0213631,1.92378,1.30956,0.000732732,1.92378,1.29078,-0.000235522,1.93814,1.42922,-0.0173283,2.12232,1.4498,-0.01663,2.1066,1.44897,0.00783976,2.1066,1.4284,0.00677952,2.12232
-0.0261104,1.18551,0.00909328,-3.2303,838961163,1.29304,0.00040923,1.93814,1.31182,0.00137323,1.92378,1.3103,0.0234293,1.92378,1.29154,0.0221354,1.93814,1.43065,0.00754975,2.12232,1.45122,0.00860534,2.1066,1.44954,0.0330311,2.1066,1.42899,0.0316143,2.12232
0.053174,1.18624,0.0262744,-3.25769,838961164,1.29151,0.0225755,1.93814,1.31027,0.0238695,1.92378,1.30875,0.0459256,1.92378,1.29001,0.0443017,1.93814,1.42896,0.0320544,2.12232,1.4495,0.0334713,2.1066,1.44782,0.0578971,2.1066,1.4273,0.0561189,2.12232
1.30146,1.18634,0.551828,0.239101,838961194,1.10572,0.667386,1.93814,1.12132,0.677886,1.92378,1.10898,0.696229,1.92378,1.09356,0.685454,1.93814,1.22003,0.744306,2.12232,1.23711,0.755804,2.1066,1.22344,0.776117,2.1066,1.20656,0.764319,2.12232
0.406934,1.18626,1.10799,7.37834,838961226,0.586839,1.15068,1.93814,0.594504,1.16786,1.92378,0.574316,1.17687,1.92378,0.566952,1.15956,1.93814,0.642996,1.2765,2.12232,0.65139,1.2953,2.1066,0.629032,1.30528,2.1066,0.620969,1.28633,2.12232
-0.020076,1.18626,-0.288277,-2.74787,838961506,1.2351,-0.378109,1.93814,1.25335,-0.382676,1.92378,1.25872,-0.36123,1.92378,1.24039,-0.356983,1.93814,1.36876,-0.411566,2.12232,1.38874,-0.416567,2.1066,1.39468,-0.392816,2.1066,1.37462,-0.388166,2.12232
-0.0176629,1.18554,-0.270942,-2.2623,838961507,1.24274,-0.356985,1.93814,1.26106,-0.361236,1.92378,1.26568,-0.339615,1.92378,1.24729,-0.335688,1.93814,1.37699,-0.388046,2.12232,1.39706,-0.3927,2.1066,1.40217,-0.368756,2.1066,1.38203,-0.364456,2.12232
0.104016,1.18628,-0.253761,6.60689,838961508,1.24738,-0.335256,1.93814,1.26577,-0.339183,1.92378,1.27039,-0.317562,1.92378,1.25193,-0.313958,1.93814,1.38212,-0.364024,2.12232,1.40226,-0.368325,2.1066,1.40737,-0.34438,2.1066,1.38716,-0.340434,2.12232
0.014353,1.18557,-0.236426,-3.36,838961509,1.25427,-0.313879,1.93814,1.27273,-0.317487,1.92378,1.27659,-0.295717,1.92378,1.25807,-0.292435,1.93814,1.38953,-0.340231,2.12232,1.40974,-0.344182,2.1066,1.41402,-0.320074,2.1066,1.39374,-0.31648,2.12232
-0.077275,1.18632,-0.219244,-3.39958,838961510,1.25815,-0.292001,1.93814,1.27667,-0.295283,1.92378,1.28053,-0.273514,1.92378,1.26195,-0.270557,1.93814,1.39381,-0.316045,2.12232,1.41409,-0.319639,2.1066,1.41837,-0.295531,2.1066,1.39802,-0.292294,2.12232
0.147556,1.18562,-0.201908,1.51746,838961511,1.26429,-0.270395,1.93814,1.28287,-0.273356,1.92378,1.28597,-0.251466,1.92378,1.26734,-0.248832,1.93814,1.40039,-0.292008,2.12232,1.42073,-0.29525,2.1066,1.42416,-0.271008,2.1066,1.40376,-0.268124,2.12232
0.302089,1.18637,-0.184725,-13.1301,838961512,1.2674,-0.248395,1.93814,1.28603,-0.251029,1.92378,1.28912,-0.229138,1.92378,1.27045,-0.226832,1.93814,1.40383,-0.267687,2.12232,1.42422,-0.270571,2.1066,1.42765,-0.246328,2.1066,1.4072,-0.243803,2.12232
-0.0651744,1.20275,-0.163486,-2.8846,838961665,1.27367,-0.22159,1.97827,1.29248,-0.223919,1.9641,1.29481,-0.201935,1.9641,1.27597,-0.199934,1.97827,1.40864,-0.238282,2.16379,1.42923,-0.240833,2.14826,1.43182,-0.216486,2.14826,1.41119,-0.214295,2.16379
-0.286639,1.20346,-0.146301,-2.24727,838961666,1.27602,-0.199495,1.97827,1.29486,-0.201496,1.9641,1.29719,-0.179511,1.9641,1.27832,-0.177839,1.97827,1.41123,-0.213856,2.16379,1.43187,-0.216047,2.14826,1.43445,-0.1917,2.14826,1.41378,-0.189869,2.16379
0.70345,1.20338,-0.0772673,23.1322,838961670,1.28687,-0.111019,1.97827,1.3058,-0.1117,1.9641,1.3066,-0.0896054,1.9641,1.28765,-0.0892549,1.97827,1.42276,-0.115905,2.16379,1.44349,-0.116651,2.14826,1.44437,-0.0921831,2.14826,1.42363,-0.0917994,2.16379
0.234008,1.20339,0.793439,-1.51277,838961720,0.91403,0.912635,1.97827,0.926721,0.926703,1.9641,0.910305,0.941512,1.9641,0.897859,0.927221,1.97827,1.00511,1.0136,2.16379,1.01901,1.02901,2.14826,1.00083,1.04541,2.14826,0.987198,1.02976,2.16379
0.150203,1.20262,1.02178,5.21072,838961733,0.68442,1.09704,1.97827,0.693623,1.1136,1.9641,0.674113,1.124,1.9641,0.665201,1.10728,1.97827,0.750444,1.21593,2.16379,0.760522,1.23407,2.14826,0.738916,1.24559,2.14826,0.729157,1.22728,2.16379
0.265869,1.20273,1.19436,0.658651,838961743,0.48583,1.19813,1.97827,0.492014,1.21604,1.9641,0.470994,1.22289,1.9641,0.465123,1.20488,1.97827,0.530188,1.32669,2.16379,0.536961,1.34631,2.14826,0.513682,1.35389,2.14826,0.507254,1.33417,2.16379
0.237119,1.20348,1.21154,4.83253,838961744,0.464704,1.20502,1.97827,0.470574,1.22303,1.9641,0.449554,1.22988,1.9641,0.443998,1.21176,1.97827,0.506834,1.3343,2.16379,0.513262,1.35403,2.14826,0.489983,1.36161,2.14826,0.4839,1.34178,2.16379
0.217891,1.20262,2.06898,14.3747,838961793,-0.607851,1.14124,1.97827,-0.617595,1.1575,1.9641,-0.636355,1.1458,1.9641,-0.626331,1.12972,1.97827,-0.677805,1.25787,2.16379,-0.688475,1.27567,2.14826,-0.709251,1.26271,2.14826,-0.698274,1.24511,2.16379
-0.027054,1.20337,-0.288274,-3.26377,838962018,1.2351,-0.378109,1.97827,1.25348,-0.38271,1.9641,1.25885,-0.361263,1.9641,1.24039,-0.356983,1.97827,1.36701,-0.411129,2.16379,1.38714,-0.416166,2.14826,1.39308,-0.392415,2.14826,1.37287,-0.387729,2.16379
-0.215621,1.20265,-0.270939,-4.39958,838962019,1.24274,-0.356985,1.97827,1.2612,-0.361265,1.9641,1.26582,-0.339644,1.9641,1.24729,-0.335688,1.97827,1.37523,-0.38767,2.16379,1.39545,-0.392356,2.14826,1.40056,-0.368412,2.14826,1.38027,-0.36408,2.16379
0.0613417,1.20339,-0.253759,-35.4094,838962020,1.24738,-0.335256,1.97827,1.26591,-0.339212,1.9641,1.27053,-0.317591,1.9641,1.25193,-0.313958,1.97827,1.38036,-0.363648,2.16379,1.40065,-0.36798,2.14826,1.40576,-0.344036,2.14826,1.3854,-0.340058,2.16379
-0.10105,1.20268,-0.236422,-2.92648,838962021,1.25427,-0.313879,1.97827,1.27287,-0.317511,1.9641,1.27673,-0.295742,1.9641,1.25807,-0.292435,1.97827,1.38776,-0.339917,2.16379,1.40812,-0.343894,2.14826,1.41239,-0.319786,2.14826,1.39197,-0.316166,2.16379
0.00193596,1.20343,-0.219242,-3.00919,838962022,1.25815,-0.292001,1.97827,1.27681,-0.295307,1.9641,1.28067,-0.273538,1.9641,1.26195,-0.270557,1.97827,1.39204,-0.315731,2.16379,1.41247,-0.319352,2.14826,1.41674,-0.295244,2.14826,1.39625,-0.29198,2.16379
0.121282,1.20273,-0.201904,-29.4364,838962023,1.26429,-0.270395,1.97827,1.28301,-0.273376,1.9641,1.2861,-0.251485,1.9641,1.26734,-0.248832,1.97827,1.3986,-0.291756,2.16379,1.4191,-0.29502,2.14826,1.42252,-0.270777,2.14826,1.40198,-0.267872,2.16379
0.190688,1.20348,-0.184723,-35.3411,838962024,1.2674,-0.248395,1.97827,1.28616,-0.251048,1.9641,1.28926,-0.229158,1.9641,1.27045,-0.226832,1.97827,1.40204,-0.267435,2.16379,1.42259,-0.27034,2.14826,1.42601,-0.246097,2.14826,1.40542,-0.243551,2.16379
0.207573,1.21984,-0.163483,-0.541613,838962177,1.27367,-0.221589,2.01894,1.29261,-0.223934,2.00495,1.29495,-0.201949,2.00495,1.27597,-0.199933,2.01894,1.40684,-0.23809,2.20576,1.42758,-0.240657,2.19045,1.43017,-0.21631,2.19045,1.40939,-0.214103,2.20576
0.0629518,1.22055,-0.146299,-3.78952,838962178,1.27602,-0.199495,2.01894,1.29499,-0.20151,2.00495,1.29733,-0.179526,2.00495,1.27832,-0.177839,2.01894,1.40943,-0.213665,2.20576,1.43021,-0.215872,2.19045,1.4328,-0.191525,2.19045,1.41198,-0.189678,2.20576
1.33283,1.2197,0.00909961,-11.2726,838962187,1.29304,0.000409247,2.01894,1.3121,0.0013922,2.00495,1.31058,0.0234483,2.00495,1.29154,0.0221354,2.01894,1.42704,0.00730118,2.20576,1.44792,0.00837753,2.19045,1.44623,0.0328033,2.19045,1.42538,0.0313657,2.20576
0.157229,1.21977,0.461712,-12.6002,838962213,1.16259,0.565786,2.01894,1.17929,0.575027,2.00495,1.16825,0.594183,2.00495,1.15171,0.584656,2.01894,1.28001,0.630735,2.20576,1.29829,0.640854,2.19045,1.28607,0.662068,2.19045,1.26796,0.651636,2.20576
0.0987556,1.22055,0.551833,1.04858,838962218,1.10572,0.667386,2.01894,1.12155,0.67804,2.00495,1.10921,0.696383,2.00495,1.09356,0.685454,2.01894,1.21703,0.742289,2.20576,1.23437,0.753955,2.19045,1.2207,0.774268,2.19045,1.20356,0.762301,2.20576
0.199152,1.21984,0.883715,0.304564,838962237,0.828737,0.992236,2.01894,0.840239,1.00747,2.00495,0.822367,1.02048,2.00495,0.811133,1.00506,2.01894,0.909611,1.09931,2.20576,0.922205,1.11599,2.19045,0.902413,1.1304,2.19045,0.890111,1.11351,2.20576
0.506579,1.22048,2.1897,48.4586,838962312,-0.74005,1.05862,2.01894,-0.751785,1.07367,2.00495,-0.76922,1.06008,2.00495,-0.757223,1.04523,2.01894,-0.822554,1.16442,2.20576,-0.835405,1.1809,2.19045,-0.854712,1.16584,2.19045,-0.841576,1.14959,2.20576
0.148819,1.22044,-1.4045,53.4797,838962466,0.202603,-1.27572,2.01894,0.206552,-1.29439,2.00495,0.228182,-1.28981,2.00495,0.223909,-1.27121,2.01894,0.230368,-1.40698,2.20576,0.234692,-1.42742,2.19045,0.258646,-1.42235,2.19045,0.253967,-1.40199,2.20576
0.157826,1.22057,-0.882852,75.8124,838962496,0.811222,-1.00495,2.01894,0.82398,-1.01915,2.00495,0.840423,-1.00437,2.00495,0.827419,-0.990395,2.01894,0.900911,-1.10473,2.20576,0.914881,-1.12028,2.19045,0.93309,-1.10391,2.19045,0.918851,-1.08861,2.20576
-0.0420223,1.21971,-0.305451,97.8056,838962529,1.22971,-0.399663,2.01894,1.24814,-0.404618,2.00495,1.25351,-0.383171,2.00495,1.235,-0.378537,2.01894,1.35929,-0.434516,2.20576,1.37947,-0.439942,2.19045,1.38542,-0.416191,2.19045,1.36515,-0.411116,2.20576
0.0894437,1.22052,-0.21924,-27.9854,838962534,1.25815,-0.292001,2.01894,1.27694,-0.295331,2.00495,1.2808,-0.273562,2.00495,1.26195,-0.270557,2.01894,1.39026,-0.315415,2.20576,1.41083,-0.319062,2.19045,1.41511,-0.294954,2.19045,1.39447,-0.291663,2.20576
-0.0899597,1.21981,-0.201901,-4.21458,838962535,1.26429,-0.270395,2.01894,1.28314,-0.273395,2.00495,1.28624,-0.251504,2.00495,1.26734,-0.248832,2.01894,1.39681,-0.291502,2.20576,1.41745,-0.294787,2.19045,1.42088,-0.270544,2.19045,1.40019,-0.267618,2.20576
0.0623439,1.22057,-0.184721,-8.36381,838962536,1.2674,-0.248395,2.01894,1.2863,-0.251068,2.00495,1.2894,-0.229177,2.00495,1.27045,-0.226832,2.01894,1.40025,-0.267181,2.20576,1.42094,-0.270107,2.19045,1.42437,-0.245865,2.19045,1.40363,-0.243297,2.20576
0.225465,1.23686,1.12533,8.19318,838962763,0.567363,1.16187,2.06045,0.574948,1.17968,2.04655,0.554445,1.18799,2.04655,0.547178,1.17005,2.06045,0.619131,1.28382,2.24849,0.627382,1.3032,2.23337,0.604817,1.31234,2.23337,0.596913,1.29282,2.24849
0.169021,1.23771,-0.533779,-1.00022,838963028,1.10601,-0.666892,2.06045,1.1231,-0.675993,2.04655,1.1335,-0.65647,2.04655,1.11626,-0.647672,2.06045,1.22292,-0.729182,2.24849,1.2415,-0.739082,2.23337,1.25295,-0.717595,2.23337,1.2342,-0.708026,2.24849
0.324657,1.25401,-0.0599246,-42.1883,838963207,1.28995,-0.0887703,2.10248,1.30943,-0.0891341,2.08876,1.30945,-0.0670123,2.08876,1.28997,-0.0669925,2.10248,1.42071,-0.0910968,2.29171,1.44189,-0.0914925,2.27678,1.44192,-0.0671465,2.27678,1.42073,-0.067125,2.29171
0.234943,1.25474,0.72442,-6.22577,838963252,0.97484,0.847459,2.10248,0.988866,0.860978,2.08876,0.973514,0.876906,2.08876,0.959727,0.863139,2.10248,1.06899,0.938203,2.29171,1.08424,0.952907,2.27678,1.06735,0.970436,2.27678,1.05235,0.955463,2.29171
0.592934,1.25487,-0.533777,5.17627,838963540,1.10601,-0.666892,2.10248,1.12321,-0.676052,2.08876,1.13361,-0.656529,2.08876,1.11626,-0.647672,2.10248,1.22142,-0.728379,2.29171,1.24012,-0.738343,2.27678,1.25156,-0.716856,2.27678,1.23269,-0.707223,2.29171
0.195455,1.27186,0.689908,10.1227,838963762,1.0035,0.813318,2.14506,1.01808,0.826421,2.13152,1.0033,0.842876,2.13152,0.988944,0.829517,2.14506,1.09948,0.89957,2.33546,1.11534,0.913822,2.32073,1.09907,0.931931,2.32073,1.08346,0.917401,2.33546
0.112926,1.27125,0.883723,-3.96019,838963773,0.828738,0.992235,2.14506,0.840556,1.00788,2.13152,0.822674,1.0209,2.13152,0.811134,1.00506,2.14506,0.906475,1.09526,2.33546,0.91933,1.11228,2.32073,0.899649,1.12661,2.32073,0.887097,1.10937,2.33546
0.218093,1.27115,2.5216,41.9422,838963867,-1.0457,0.7605,2.14506,-1.06213,0.771195,2.13152,-1.07387,0.752445,2.13152,-1.05725,0.742042,2.14506,-1.15391,0.830841,2.33546,-1.17178,0.842474,2.32073,-1.1847,0.821839,2.32073,-1.16663,0.810523,2.33546
0.138028,1.28897,0.68991,12.787,838964274,1.0035,0.813318,2.18821,1.01817,0.826503,2.17484,1.00339,0.842957,2.17484,0.988944,0.829517,2.18821,1.0982,0.898415,2.37977,1.11416,0.912756,2.36523,1.09788,0.930864,2.36523,1.08218,0.916245,2.37977
0.275312,1.28899,-3.08079,-47.9132,838964418,-1.28994,-0.0671253,2.18821,-1.30956,-0.0691689,2.17484,-1.30727,-0.0911717,2.17484,-1.28768,-0.088786,2.18821,-1.41657,-0.080315,2.37977,-1.43791,-0.0825377,2.36523,-1.43539,-0.106753,2.36523,-1.41409,-0.104158,2.37977
0.212646,1.28822,-2.1198,36.4247,838964473,-0.684421,-1.09704,2.18821,-0.694002,-1.11428,2.17484,-0.67448,-1.12469,2.17484,-0.665202,-1.10728,2.18821,-0.746238,-1.20836,2.37977,-0.75666,-1.22711,2.36523,-0.735175,-1.23857,2.36523,-0.725083,-1.21963,2.37977
0.174608,1.30612,-2.90429,39.4713,838964940,-1.25802,-0.292562,2.23194,-1.2771,-0.298012,2.21875,-1.27103,-0.319283,2.21875,-1.25204,-0.313502,2.23194,-1.37877,-0.327047,2.42464,-1.39953,-0.332974,2.4103,-1.39284,-0.356384,2.4103,-1.37219,-0.350097,2.42464
0.170728,1.32327,0.0608172,52.7781,838965262,1.28994,0.0671263,2.27679,1.30995,0.0692109,2.26367,1.30766,0.0912259,2.26367,1.28768,0.088787,2.27679,1.41323,0.0799679,2.47054,1.43486,0.0822206,2.45637,1.43235,0.106304,2.45637,1.41076,0.103668,2.47054
0.101757,1.32328,-0.426308,5.03603,838965594,1.17129,-0.544457,2.27679,1.18994,-0.552014,2.26367,1.19825,-0.5315,2.26367,1.17947,-0.524273,2.27679,1.28617,-0.59101,2.47054,1.30632,-0.599177,2.45637,1.31542,-0.576736,2.45637,1.29512,-0.568926,2.47054
0.117255,1.34042,1.0735,2.38469,838965832,0.626201,1.12977,2.32205,0.635087,1.14794,2.30911,0.615202,1.15766,2.30911,0.606636,1.13933,2.32205,0.67993,1.23966,2.51684,0.689533,1.2593,2.50285,0.66778,1.26994,2.50285,0.658523,1.25013,2.51684
0.423962,1.33966,1.09083,2.96392,838965833,0.60713,1.14163,2.32205,0.615701,1.15996,2.30911,0.595489,1.16898,2.30911,0.587243,1.1505,2.32205,0.658861,1.25249,2.51684,0.668124,1.2723,2.50285,0.646013,1.28217,2.50285,0.637102,1.2622,2.51684
0.269869,1.34042,-2.41716,81.6838,838965992,-0.974839,-0.84746,2.32205,-0.989406,-0.8615,2.30911,-0.974045,-0.877436,2.30911,-0.959726,-0.86314,2.32205,-1.06291,-0.932349,2.51684,-1.07866,-0.947522,2.50285,-1.06185,-0.964956,2.50285,-1.04638,-0.949506,2.51684
0.274134,1.35755,1.03899,-1.16015,838966342,0.66481,1.10749,2.36792,0.674376,1.12544,2.35515,0.654843,1.13585,2.35515,0.645591,1.11773,2.36792,0.721574,1.21399,2.56372,0.731912,1.23339,2.54992,0.710544,1.24478,2.54992,0.700546,1.2252,2.56372
0.14073,1.35757,2.15522,-7.8315,838966406,-0.703103,1.08356,2.36792,-0.715043,1.10002,2.35515,-0.732962,1.08703,2.35515,-0.720733,1.07077,2.36792,-0.77395,1.18126,2.56372,-0.786852,1.19906,2.54992,-0.806455,1.18484,2.54992,-0.79324,1.16727,2.56372
0.387301,1.35681,-1.31811,-50.2257,838966567,0.31221,-1.25474,2.36792,0.318139,-1.2742,2.35515,0.339196,-1.26738,2.35515,0.332928,-1.24803,2.36792,0.347449,-1.37018,2.56372,0.353856,-1.39121,2.54992,0.376891,-1.38375,2.54992,0.370118,-1.36284,2.56372
0.602036,1.35756,-1.08992,32.685,838966580,0.587352,-1.15042,2.36792,0.597504,-1.16805,2.35515,0.616684,-1.157,2.35515,0.606224,-1.13955,2.36792,0.64759,-1.255,2.56372,0.658561,-1.27405,2.54992,0.679543,-1.26196,2.54992,0.668238,-1.24311,2.56372
0.127468,1.37389,2.069,-12.9865,838966913,-0.607849,1.14124,2.41441,-0.618364,1.15878,2.40181,-0.637147,1.14707,2.40181,-0.626329,1.12972,2.41441,-0.669091,1.24334,2.61122,-0.680454,1.2623,2.5976,-0.701001,1.24948,2.5976,-0.689311,1.23074,2.61122
0.334228,1.37467,2.15522,-8.11839,838966918,-0.703103,1.08356,2.41441,-0.715105,1.10011,2.40181,-0.733024,1.08712,2.40181,-0.720733,1.07077,2.41441,-0.772983,1.17993,2.61122,-0.785953,1.19782,2.5976,-0.805556,1.1836,2.5976,-0.792274,1.16594,2.61122
0.31637,1.37392,2.17255,4.78833,838966919,-0.722527,1.07229,2.41441,-0.734819,1.08863,2.40181,-0.752273,1.07502,2.40181,-0.7397,1.05889,2.41441,-0.794113,1.16742,2.61122,-0.807396,1.18508,2.5976,-0.826491,1.17019,2.5976,-0.812903,1.15277,2.61122
0.187649,1.39111,-0.163457,5.26488,838967297,1.27367,-0.221592,2.46154,1.29407,-0.224116,2.44911,1.29641,-0.202106,2.44911,1.27597,-0.199936,2.46154,1.39018,-0.236029,2.65934,1.41223,-0.238757,2.64591,1.41478,-0.214679,2.64591,1.3927,-0.212333,2.65934
0.145415,1.40825,-0.163453,-46.043,838967809,1.27367,-0.221592,2.5098,1.29436,-0.22416,2.49743,1.2967,-0.202138,2.49743,1.27597,-0.199936,2.5098,1.38867,-0.235732,2.7085,1.41089,-0.23849,2.69522,1.41343,-0.214536,2.69522,1.39117,-0.212171,2.7085
0.316145,1.40825,-1.90878,48.6412,838968069,-0.439396,-1.21584,2.5098,-0.445518,-1.23577,2.49743,-0.424237,-1.2419,2.49743,-0.418469,-1.22187,2.5098,-0.47329,-1.32663,2.7085,-0.479864,-1.34804,2.69522,-0.456716,-1.3547,2.69522,-0.450522,-1.33319,2.7085
0.105674,1.42532,2.17256,6.45769,838968455,-0.722526,1.07229,2.55868,-0.735114,1.08903,2.54647,-0.752578,1.07541,2.54647,-0.7397,1.05889,2.55868,-0.791304,1.1636,2.75827,-0.804823,1.18158,2.74516,-0.823818,1.16676,2.74516,-0.809988,1.14903,2.75827
0.111109,1.42621,2.25878,19.585,838968460,-0.811225,1.00495,2.55868,-0.825224,1.02053,2.54647,-0.841694,1.00572,2.54647,-0.827421,0.990393,2.55868,-0.887633,1.08996,2.75827,-0.902668,1.10669,2.74516,-0.920583,1.09058,2.74516,-0.905254,1.07412,2.75827
0.158027,1.42618,2.2972,15.3417,838968462,-0.849255,0.973028,2.55868,-0.863786,0.988108,2.54647,-0.879733,0.972741,2.54647,-0.864937,0.957917,2.55868,-0.928564,1.05533,2.75827,-0.94417,1.07153,2.74516,-0.961516,1.05482,2.74516,-0.945626,1.03889,2.75827
0.227239,1.42607,2.43526,52.2016,838968470,-0.975219,0.847022,2.55868,-0.991709,0.859932,2.54647,-1.00536,0.842494,2.54647,-0.988644,0.829874,2.55868,-1.06522,0.917481,2.75827,-1.08293,0.931345,2.74516,-1.09778,0.912378,2.74516,-1.07982,0.898825,2.75827
0.60849,1.44258,-0.163449,-50.177,838968833,1.27367,-0.221592,2.60821,1.29455,-0.22418,2.59617,1.29689,-0.202158,2.59617,1.27597,-0.199936,2.60821,1.38558,-0.235405,2.80869,1.40801,-0.238184,2.79575,1.41055,-0.21423,2.79575,1.38809,-0.211844,2.80869
0.240854,1.44251,2.20708,-1.72185,838968969,-0.759069,1.04668,2.60821,-0.772295,1.06304,2.59617,-0.789272,1.04882,2.59617,-0.775764,1.03269,2.60821,-0.829997,1.13434,2.80869,-0.844201,1.15191,2.79575,-0.862667,1.13645,2.79575,-0.84816,1.11913,2.80869
0.236482,1.45958,1.33637,-31.9298,838969431,0.311421,1.25494,2.65843,0.315473,1.27567,2.64655,0.293668,1.27954,2.64655,0.289978,1.25874,2.65843,0.332725,1.36408,2.85978,0.337077,1.38635,2.84702,0.313359,1.39056,2.84702,0.309396,1.36822,2.85978
0.219742,1.46039,1.84068,-6.10894,838969460,-0.333352,1.24789,2.65843,-0.339863,1.26799,2.64655,-0.360931,1.26117,2.64655,-0.35407,1.24118,2.65843,-0.367615,1.35367,2.85978,-0.374608,1.37525,2.84702,-0.397524,1.36783,2.84702,-0.390155,1.34637,2.85978
0.484238,1.45963,1.85801,0.175551,838969461,-0.355307,1.24317,2.65843,-0.36217,1.26316,2.64655,-0.382987,1.2556,2.64655,-0.375778,1.23574,2.65843,-0.391442,1.34834,2.85978,-0.398813,1.36981,2.84702,-0.421456,1.36159,2.84702,-0.413714,1.34026,2.85978
0.153807,1.46041,2.33172,6.23133,838969488,-0.882378,0.943196,2.65843,-0.897561,0.95789,2.64655,-0.912962,0.941976,2.64655,-0.897523,0.927547,2.65843,-0.962277,1.02052,2.85978,-0.978583,1.0363,2.84702,-0.995335,1.01899,2.84702,-0.978754,1.00349,2.85978
0.108702,1.46035,2.46978,48.808,838969496,-1.00386,0.812868,2.65843,-1.02095,0.825304,2.64655,-1.03398,0.8074,2.64655,-1.01668,0.795262,2.65843,-1.09375,0.878309,2.85978,-1.1121,0.891665,2.84702,-1.12628,0.87219,2.84702,-1.1077,0.859154,2.85978
0.339689,1.45959,-0.969029,50.8198,838969659,0.722526,-1.07229,2.65843,0.735229,-1.08917,2.64655,0.752693,-1.07556,2.64655,0.7397,-1.05889,2.65843,0.78939,-1.16114,2.85978,0.803032,-1.17928,2.84702,0.822028,-1.16447,2.84702,0.808074,-1.14657,2.85978
0.912167,1.47665,-0.0253759,30.1612,838969865,1.29227,-0.0442099,2.70935,1.31349,-0.0438581,2.69763,1.31274,-0.0217251,2.69763,1.29153,-0.0224446,2.70935,1.40189,-0.0424067,2.91156,1.42468,-0.0420289,2.89897,1.42387,-0.0179543,2.89897,1.40109,-0.018727,2.91156
1.40986,1.47744,0.0263232,-2.23448,838969868,1.29151,0.0225785,2.70935,1.31268,0.0240383,2.69763,1.31115,0.0461316,2.69763,1.29001,0.0443047,2.70935,1.40087,0.0301202,2.91156,1.4236,0.031688,2.89897,1.42195,0.0557194,2.89897,1.39924,0.0537574,2.91156
0.139508,1.47753,0.129872,22.2737,838969874,1.28214,0.155925,2.70935,1.30305,0.159591,2.69763,1.29922,0.181404,2.69763,1.27838,0.177375,2.70935,1.39012,0.174865,2.91156,1.41256,0.178803,2.89897,1.4084,0.202529,2.89897,1.38602,0.198202,2.91156
0.138385,1.47747,0.271844,-4.75578,838969882,1.24723,0.335814,2.70935,1.26742,0.342351,2.69763,1.2606,0.36342,2.69763,1.24052,0.356533,2.70935,1.35152,0.369581,2.91156,1.3732,0.376601,2.89897,1.36578,0.399518,2.89897,1.34422,0.392122,2.91156
0.172548,1.47756,1.25001,32.4748,838969938,0.418039,1.22199,2.70935,0.423911,1.24238,2.69763,0.40263,1.24851,2.69763,0.397112,1.22802,2.70935,0.44837,1.32733,2.91156,0.454676,1.34923,2.89897,0.431528,1.3559,2.89897,0.425602,1.33389,2.91156
0.183045,1.47744,1.77165,-12.8583,838969968,-0.246503,1.26796,2.70935,-0.251617,1.28856,2.69763,-0.27311,1.28322,2.69763,-0.267639,1.26272,2.70935,-0.272921,1.37436,2.91156,-0.278413,1.39647,2.89897,-0.301791,1.39067,2.89897,-0.295916,1.36865,2.91156
0.139982,1.47749,1.84068,34.086,838969972,-0.333352,1.24789,2.70935,-0.339891,1.26808,2.69763,-0.36096,1.26125,2.69763,-0.35407,1.24118,2.70935,-0.367132,1.35218,2.91156,-0.374155,1.37386,2.89897,-0.397071,1.36643,2.89897,-0.389673,1.34488,2.91156
0.350431,1.47672,1.85802,-8.1979,838969973,-0.355307,1.24317,2.70935,-0.362201,1.26325,2.69763,-0.383018,1.25569,2.69763,-0.375778,1.23574,2.70935,-0.390908,1.34687,2.91156,-0.398312,1.36843,2.89897,-0.420955,1.36021,2.89897,-0.41318,1.33879,2.91156
0.150905,1.47749,2.18975,13.7675,838969992,-0.740052,1.05862,2.70935,-0.753101,1.07535,2.69763,-0.770565,1.06173,2.69763,-0.757225,1.04523,2.70935,-0.807463,1.14506,2.91156,-0.821478,1.16304,2.89897,-0.840473,1.14822,2.89897,-0.826147,1.13049,2.91156
0.122725,1.47668,2.52163,-49.4562,838970011,-1.0457,0.760501,2.70935,-1.06349,0.772075,2.69763,-1.07524,0.753305,2.69763,-1.05725,0.742043,2.70935,-1.13759,0.8203,2.91156,-1.1567,0.832729,2.89897,-1.16948,0.812313,2.89897,-1.15016,0.800218,2.91156
0.13901,1.47744,-3.11527,11.9406,838970048,-1.29151,-0.0225785,2.70935,-1.31268,-0.0240383,2.69763,-1.31115,-0.0461316,2.69763,-1.29001,-0.0443047,2.70935,-1.40087,-0.0301202,2.91156,-1.4236,-0.031688,2.89897,-1.42195,-0.0557194,2.89897,-1.39924,-0.0537574,2.91156
0.144792,1.47665,-2.8179,24.6244,838970065,-1.22946,-0.400439,2.70935,-1.24928,-0.408027,2.69763,-1.241,-0.428569,2.69763,-1.22132,-0.420639,2.70935,-1.33185,-0.439627,2.91156,-1.35314,-0.447776,2.89897,-1.34414,-0.47012,2.89897,-1.323,-0.461603,2.91156
0.114438,1.47677,-2.64532,-3.22794,838970075,-1.14231,-0.605535,2.70935,-1.16051,-0.616452,2.69763,-1.14879,-0.635243,2.69763,-1.13079,-0.624013,2.70935,-1.23634,-0.66192,2.91156,-1.25589,-0.673645,2.89897,-1.24314,-0.694084,2.89897,-1.2238,-0.682024,2.91156
0.402105,1.47672,-2.33077,-0.288993,838970093,-0.898966,-0.929291,2.70935,-0.912902,-0.945298,2.69763,-0.89595,-0.959548,2.69763,-0.882295,-0.943304,2.70935,-0.970969,-1.01197,2.91156,-0.985936,-1.02916,2.89897,-0.967497,-1.04466,2.89897,-0.952832,-1.02722,2.91156
0.253941,1.4767,-2.1888,-10.144,838970101,-0.758412,-1.04716,2.70935,-0.769988,-1.06494,2.69763,-0.751219,-1.0767,2.69763,-0.739956,-1.05872,2.70935,-0.818223,-1.13904,2.91156,-0.830654,-1.15815,2.89897,-0.81024,-1.17093,2.89897,-0.798143,-1.15162,2.91156
0.327611,1.47667,-0.758023,6.03427,838970183,0.931096,-0.897166,2.70935,0.9471,-0.911104,2.69763,0.961353,-0.894154,2.69763,0.945111,-0.880497,2.70935,1.01377,-0.96918,2.91156,1.03096,-0.984149,2.89897,1.04646,-0.965712,2.89897,1.02901,-0.951045,2.91156
0.229429,1.47746,-0.637293,27.2761,838970190,1.0313,-0.777735,2.70935,1.04888,-0.789617,2.69763,1.06128,-0.771269,2.69763,1.04349,-0.759691,2.70935,1.12212,-0.839119,2.91156,1.141,-0.851881,2.89897,1.15449,-0.831923,2.89897,1.13539,-0.819489,2.91156
0.165725,1.47668,-0.619961,-5.97341,838970191,1.0457,-0.760501,2.70935,1.06349,-0.772075,2.69763,1.07524,-0.753305,2.69763,1.05725,-0.742043,2.70935,1.13759,-0.8203,2.91156,1.1567,-0.832729,2.89897,1.16948,-0.812313,2.89897,1.15016,-0.800218,2.91156
