energy,eta,phi,time,detid,front_1_x,front_1_y,front_1_z,front_2_x,front_2_y,front_2_z,front_3_x,front_3_y,front_3_z,front_4_x,front_4_y,front_4_z,back_1_x,back_1_y,back_1_z,back_2_x,back_2_y,back_2_z,back_3_x,back_3_y,back_3_z,back_4_x,back_4_y,back_4_z
0.195552,-0.0117308,0.861749,-24.5584,838861372,0.833479,0.988256,-0.026932,0.833471,0.988263,-0.00338408,0.849157,0.973141,-0.003384,0.849158,0.973141,-0.0269319,0.990217,1.15663,-0.0288321,0.990208,1.15664,-0.00338409,1.00878,1.13873,-0.003384,1.00878,1.13873,-0.028832
0.134959,-0.0673679,1.23209,-2.71523,838862929,0.418844,1.22171,-0.0988267,0.419061,1.22225,-0.075286,0.439268,1.2141,-0.075286,0.439041,1.21357,-0.0988267,0.504824,1.43491,-0.106402,0.505059,1.43549,-0.0809616,0.528988,1.42584,-0.0809616,0.528743,1.42527,-0.106402
0.124971,-0.0673638,1.2666,-11.1908,838862931,0.376456,1.23551,-0.0988267,0.376655,1.23606,-0.075286,0.397134,1.22862,-0.075286,0.396926,1.22808,-0.0988267,0.454938,1.45158,-0.106402,0.455152,1.45217,-0.0809616,0.479405,1.44336,-0.0809616,0.47918,1.44278,-0.106402
0.164244,-0.0858643,0.77554,20.6073,838863415,0.91463,0.912036,-0.122801,0.915205,0.912554,-0.0992656,0.929798,0.896374,-0.0992657,0.929216,0.895863,-0.122801,1.08529,1.06595,-0.132267,1.08591,1.06651,-0.106832,1.10319,1.04735,-0.106833,1.10256,1.0468,-0.132267
0.147732,-0.103733,0.478153,9.62367,838863910,1.14283,0.604553,-0.14541,1.14365,0.604961,-0.123253,1.15254,0.585037,-0.123253,1.15171,0.584666,-0.14541,1.35092,0.701772,-0.158875,1.35188,0.702254,-0.132711,1.3624,0.678685,-0.132711,1.36142,0.678246,-0.158875
0.134792,-0.103827,0.495495,-31.4588,838863911,1.13096,0.623649,-0.14541,1.13178,0.624049,-0.123253,1.14137,0.604448,-0.123253,1.14053,0.604083,-0.14541,1.33728,0.724496,-0.158875,1.33824,0.724969,-0.132711,1.34958,0.701782,-0.132711,1.34859,0.701351,-0.158875
-0.030189,-0.103739,-2.62892,-2.97643,838864092,-1.12122,-0.64359,-0.14541,-1.12202,-0.644026,-0.123253,-1.1316,-0.624425,-0.123253,-1.13078,-0.624025,-0.14541,-1.32578,-0.748018,-0.158875,-1.32673,-0.748533,-0.132711,-1.33806,-0.725345,-0.132711,-1.33709,-0.724873,-0.158875
0.0733949,-0.121102,-2.62893,4.48693,838864604,-1.12122,-0.64359,-0.168009,-1.12237,-0.644196,-0.145871,-1.13195,-0.624595,-0.145871,-1.13078,-0.624025,-0.168009,-1.32554,-0.747899,-0.185468,-1.32689,-0.748614,-0.159326,-1.33823,-0.725427,-0.159326,-1.33685,-0.724754,-0.185468
0.065863,-0.138446,-2.62894,-4.27167,838865116,-1.12122,-0.64359,-0.190634,-1.12271,-0.644365,-0.168522,-1.13229,-0.624764,-0.168522,-1.13078,-0.624025,-0.190634,-1.32523,-0.747751,-0.212083,-1.327,-0.748665,-0.185971,-1.33833,-0.725478,-0.185971,-1.33655,-0.724606,-0.212083
0.0225609,-0.155772,-2.62895,-3.22685,838865628,-1.12122,-0.64359,-0.213293,-1.12306,-0.644534,-0.191214,-1.13264,-0.624933,-0.191213,-1.13078,-0.624025,-0.213293,-1.32487,-0.747571,-0.238724,-1.32704,-0.748686,-0.212651,-1.33837,-0.725498,-0.212651,-1.33618,-0.724426,-0.238724
0.292198,-0.173205,2.48632,-48.8998,838866073,-1.03079,0.778415,-0.235992,-1.03267,0.779988,-0.213952,-1.01866,0.796713,-0.213952,-1.0168,0.795108,-0.235992,-1.20568,0.924927,-0.265397,-1.20789,0.926785,-0.239371,-1.19132,0.946569,-0.239371,-1.18913,0.944675,-0.265397
-0.170791,-0.173216,-2.68064,-5.08198,838866137,-1.15188,-0.584283,-0.235992,-1.15412,-0.585282,-0.213952,-1.16301,-0.565358,-0.213952,-1.16075,-0.564396,-0.235992,-1.36022,-0.677255,-0.265397,-1.36287,-0.678435,-0.239371,-1.37338,-0.654866,-0.239371,-1.37072,-0.653729,-0.265397
-0.0505469,-0.17308,-2.62896,-5.09549,838866140,-1.12122,-0.64359,-0.235992,-1.1234,-0.644702,-0.213952,-1.13298,-0.625101,-0.213952,-1.13078,-0.624025,-0.235992,-1.32444,-0.747362,-0.265397,-1.32702,-0.748675,-0.239371,-1.33835,-0.725488,-0.239371,-1.33575,-0.724217,-0.265397
0.219402,-0.190584,1.19359,0.775883,838866511,0.465496,1.20471,-0.258872,0.466653,1.20732,-0.236756,0.486623,1.19845,-0.236756,0.485399,1.19587,-0.258872,0.557892,1.41272,-0.292181,0.559254,1.41579,-0.26615,0.582823,1.40532,-0.26615,0.581382,1.40229,-0.292181
0.206203,-0.207761,0.758145,-27.1041,838866998,0.931302,0.896951,-0.281796,0.933726,0.899083,-0.259733,0.947785,0.882356,-0.259733,0.945313,0.880279,-0.281796,1.10256,1.04601,-0.319,1.10541,1.04852,-0.293029,1.122,1.02878,-0.293029,1.11909,1.02633,-0.319
0.197967,-0.242641,0.740963,16.8759,838868021,0.945583,0.879958,-0.327834,0.948632,0.88252,-0.305894,0.962691,0.865792,-0.305894,0.959595,0.863286,-0.327834,1.11829,1.02511,-0.372792,1.12187,1.02812,-0.346967,1.13847,1.00838,-0.346968,1.13482,1.00543,-0.372793
0.118129,-0.259764,0.478082,18.7017,838868518,1.14283,0.604553,-0.350962,1.14678,0.606396,-0.329094,1.15569,0.586441,-0.329094,1.15171,0.584666,-0.350962,1.34652,0.699744,-0.399779,1.35116,0.701913,-0.374038,1.36167,0.678362,-0.374038,1.35699,0.676272,-0.399779
0.14029,-0.25978,1.21073,-7.46922,838868560,0.44521,1.21372,-0.350962,0.446912,1.21774,-0.329094,0.466881,1.20887,-0.329094,0.465113,1.20488,-0.350962,0.532875,1.42076,-0.399779,0.534878,1.42548,-0.374038,0.558448,1.41501,-0.374038,0.556366,1.41032,-0.399779
0.101798,-0.277338,0.602894,-3.6037,838869037,1.05765,0.741443,-0.374308,1.06168,0.743966,-0.352398,1.07329,0.725416,-0.352398,1.0692,0.722982,-0.374308,1.24748,0.860246,-0.42688,1.25221,0.863204,-0.4012,1.26586,0.841382,-0.4012,1.26107,0.838529,-0.42688
0.11853,-0.277086,1.07267,22.7593,838869064,0.608111,1.1411,-0.374308,0.610539,1.1452,-0.352398,0.629106,1.13361,-0.352398,0.626588,1.12958,-0.374308,0.723378,1.33314,-0.42688,0.726224,1.33794,-0.4012,0.748066,1.32431,-0.4012,0.745115,1.31958,-0.42688
0.112126,-0.294727,0.809965,-2.359,838869561,0.882576,0.943012,-0.397732,0.886259,0.946573,-0.375905,0.901473,0.930845,-0.375905,0.897718,0.927359,-0.397732,1.04288,1.09808,-0.454045,1.0472,1.10225,-0.428462,1.0651,1.08375,-0.428462,1.06069,1.07967,-0.454045
0.128824,-0.294459,1.10717,13.0888,838869578,0.568362,1.16138,-0.397732,0.570828,1.16587,-0.375905,0.589788,1.15495,-0.375905,0.58723,1.15051,-0.397732,0.676397,1.35654,-0.454045,0.679288,1.3618,-0.428462,0.701592,1.34895,-0.428462,0.698594,1.34375,-0.454045
0.125149,-0.29449,1.24916,6.68632,838869586,0.398257,1.23002,-0.397732,0.400075,1.23481,-0.375905,0.420371,1.22662,-0.375905,0.418454,1.22187,-0.397732,0.478113,1.4383,-0.454045,0.480244,1.44391,-0.428462,0.504118,1.43429,-0.428462,0.501873,1.42872,-0.454045
0.119966,-0.311806,1.00363,-37.992,838870084,0.685363,1.09645,-0.421251,0.6885,1.10095,-0.399514,0.706213,1.0881,-0.399514,0.702991,1.08366,-0.421251,0.812649,1.27844,-0.48129,0.816326,1.28372,-0.455811,0.837163,1.26861,-0.455811,0.833385,1.2634,-0.48129
0.108528,-0.329166,0.82712,21.2115,838870586,0.867142,0.958967,-0.444874,0.871274,0.963111,-0.423231,0.886489,0.947382,-0.423231,0.882284,0.943314,-0.444874,1.02333,1.1154,-0.508621,1.02818,1.12025,-0.483254,1.04607,1.10175,-0.483254,1.04114,1.09698,-0.508621
0.105965,-0.346786,0.844463,19.1938,838871099,0.84946,0.97285,-0.468606,0.853771,0.977323,-0.447065,0.869526,0.962135,-0.447065,0.865138,0.957736,-0.468607,1.00209,1.13118,-0.536045,1.00715,1.13643,-0.510795,1.02568,1.11856,-0.510795,1.02054,1.1134,-0.536045
-0.0136312,-0.364151,0.917407,-3.63072,838871615,0.776325,1.03224,-0.492617,0.780573,1.03731,-0.471046,0.79737,1.02324,-0.471046,0.793017,1.01826,-0.492617,0.916855,1.19995,-0.563617,0.921808,1.20586,-0.538468,0.941483,1.18937,-0.538468,0.936408,1.18356,-0.563617
0.0276995,-0.363836,0.93458,-3.0013,838871616,0.759309,1.0465,-0.492617,0.763452,1.05166,-0.471046,0.780249,1.03758,-0.471046,0.776001,1.03252,-0.492617,0.896978,1.2166,-0.563617,0.901808,1.22262,-0.538468,0.921484,1.20613,-0.538468,0.916531,1.20022,-0.563617
0.0139819,-0.364135,0.951922,-3.15649,838871617,0.740275,1.05846,-0.492617,0.744343,1.06368,-0.471046,0.761622,1.0502,-0.471046,0.757446,1.04507,-0.492617,0.874863,1.23097,-0.563617,0.879606,1.23705,-0.538467,0.899845,1.22126,-0.538468,0.894976,1.21528,-0.563617
0.0556043,-0.363822,0.969094,-3.52501,838871618,0.722772,1.07212,-0.492617,0.726732,1.07742,-0.471046,0.744011,1.06394,-0.471046,0.739942,1.05872,-0.492617,0.854416,1.24692,-0.563617,0.859034,1.2531,-0.538467,0.879273,1.23731,-0.538468,0.87453,1.23123,-0.563617
0.000662007,-0.364123,0.986436,-3.3785,838871619,0.703332,1.08341,-0.492617,0.707216,1.08876,-0.471046,0.724954,1.07589,-0.471046,0.72096,1.07062,-0.492617,0.831812,1.26051,-0.563617,0.83634,1.26675,-0.538467,0.857119,1.25168,-0.538468,0.852461,1.24553,-0.563617
0.147292,-0.381565,0.844445,-8.44522,838872123,0.84946,0.97285,-0.51674,0.854293,0.977863,-0.49528,0.87007,0.962653,-0.49528,0.865139,0.957735,-0.51674,1.00049,1.12952,-0.591284,1.00613,1.13537,-0.566263,1.02461,1.11755,-0.566263,1.01886,1.11182,-0.591284
0.208529,-0.381554,0.917401,-4.69042,838872127,0.776325,1.03224,-0.51674,0.780797,1.03758,-0.49528,0.797594,1.02351,-0.49528,0.793017,1.01826,-0.51674,0.916096,1.19904,-0.591284,0.92131,1.20526,-0.566263,0.940985,1.18878,-0.566263,0.935649,1.18266,-0.591284
0.140451,-0.381225,0.934572,8.15091,838872128,0.759309,1.0465,-0.51674,0.763676,1.05193,-0.49528,0.780473,1.03785,-0.49528,0.776001,1.03252,-0.51674,0.896219,1.2157,-0.591284,0.901311,1.22202,-0.566263,0.920986,1.20554,-0.566263,0.915772,1.19931,-0.591284
0.168598,-0.381537,0.951916,-8.17551,838872129,0.740275,1.05846,-0.51674,0.744558,1.06395,-0.49528,0.761837,1.05047,-0.49528,0.757446,1.04507,-0.51674,0.874136,1.23004,-0.591284,0.879129,1.23644,-0.566263,0.899369,1.22065,-0.566263,0.894249,1.21435,-0.591284
0.0403631,-0.381211,0.969086,-1.89348,838872130,0.722772,1.07212,-0.51674,0.726947,1.07769,-0.49528,0.744225,1.06421,-0.49528,0.739942,1.05872,-0.51674,0.853689,1.24599,-0.591284,0.858557,1.25249,-0.566263,0.878796,1.2367,-0.566263,0.873803,1.2303,-0.591284
-0.025523,-0.381525,0.98643,-1.84551,838872131,0.703332,1.08341,-0.51674,0.707421,1.08905,-0.49528,0.725159,1.07618,-0.49528,0.72096,1.07062,-0.51674,0.831118,1.25956,-0.591284,0.835885,1.26613,-0.566263,0.856664,1.25105,-0.566263,0.851767,1.24458,-0.591284
0.0994785,-0.381205,1.10714,-24.4822,838872138,0.568361,1.16138,-0.51674,0.571719,1.16748,-0.49528,0.590707,1.15654,-0.49528,0.58723,1.15051,-0.51674,0.673786,1.35179,-0.591284,0.677701,1.35891,-0.566263,0.699942,1.34609,-0.566263,0.695889,1.33906,-0.591284
0.200398,-0.398939,0.917395,9.33341,838872639,0.776325,1.03224,-0.540994,0.78102,1.03785,-0.51965,0.797817,1.02377,-0.51965,0.793017,1.01826,-0.540994,0.9153,1.19809,-0.619063,0.920775,1.20462,-0.594177,0.94045,1.18814,-0.594177,0.934853,1.18171,-0.619063
2.87801,-0.398596,0.934563,0.13209,838872640,0.759309,1.0465,-0.540994,0.7639,1.05219,-0.51965,0.780697,1.03812,-0.51965,0.776001,1.03252,-0.540994,0.895423,1.21475,-0.619063,0.900775,1.22138,-0.594177,0.920451,1.2049,-0.594177,0.914976,1.19836,-0.619063
3.46982,-0.398921,0.95191,0.0900459,838872641,0.740275,1.05846,-0.540994,0.744772,1.06423,-0.51965,0.76205,1.05075,-0.51965,0.757446,1.04507,-0.540994,0.873373,1.22906,-0.619063,0.878616,1.23578,-0.594177,0.898856,1.21999,-0.594177,0.893487,1.21337,-0.619063
0.0943149,-0.398581,0.969078,18.3036,838872642,0.722772,1.07212,-0.540994,0.727161,1.07797,-0.51965,0.744439,1.06449,-0.51965,0.739942,1.05872,-0.540994,0.852927,1.24502,-0.619063,0.858044,1.25183,-0.594177,0.878283,1.23604,-0.594177,0.87304,1.22932,-0.619063
0.0673525,-0.398909,0.986424,-2.47561,838872643,0.703332,1.08341,-0.540994,0.707625,1.08933,-0.51965,0.725363,1.07646,-0.51965,0.72096,1.07062,-0.540994,0.830391,1.25855,-0.619063,0.835396,1.26545,-0.594177,0.856174,1.25038,-0.594177,0.85104,1.24357,-0.619063
0.164124,-0.415928,0.758057,30.2389,838873142,0.931301,0.896952,-0.565387,0.937074,0.901982,-0.544164,0.951174,0.885206,-0.544164,0.945313,0.88028,-0.565387,1.09355,1.03819,-0.646959,1.10028,1.04406,-0.622215,1.1168,1.02441,-0.622215,1.10996,1.01866,-0.646959
0.0375326,-0.415941,0.792571,-3.36232,838873144,0.899763,0.92852,-0.565387,0.905357,0.933749,-0.544164,0.920034,0.917475,-0.544164,0.914349,0.912348,-0.565387,1.05698,1.07534,-0.646959,1.0635,1.08144,-0.622215,1.0807,1.06237,-0.622215,1.07407,1.0564,-0.646959
0.0166729,-0.416295,0.809918,-2.31244,838873145,0.882577,0.943011,-0.565387,0.88808,0.948334,-0.544164,0.903316,0.932583,-0.544164,0.897718,0.927358,-0.565387,1.03717,1.09255,-0.646959,1.04358,1.09876,-0.622215,1.06143,1.08031,-0.622215,1.0549,1.07421,-0.646959
0.1545,-0.415959,0.827086,-22.7819,838873146,0.867142,0.958967,-0.565387,0.87255,0.964389,-0.544164,0.887786,0.948638,-0.544164,0.882283,0.943315,-0.565387,1.01914,1.11119,-0.646959,1.02544,1.11751,-0.622215,1.04329,1.09906,-0.622215,1.03687,1.09285,-0.646959
0.154051,-0.416317,0.844434,36.0551,838873147,0.84946,0.97285,-0.565387,0.854774,0.978362,-0.544164,0.870551,0.963152,-0.544164,0.865139,0.957735,-0.565387,0.998733,1.1277,-0.646959,1.00493,1.13412,-0.622215,1.02341,1.11631,-0.622215,1.0171,1.10999,-0.646959
0.135407,-0.415983,0.861604,52.9099,838873148,0.833477,0.988257,-0.565387,0.838692,0.993864,-0.544164,0.85447,0.978655,-0.544164,0.849156,0.973143,-0.565387,0.980063,1.14569,-0.646959,0.986144,1.15223,-0.622215,1.00462,1.13442,-0.622215,0.998429,1.12799,-0.646959
0.0634925,-0.41633,0.882872,-1.65045,838873149,0.811436,1.00478,-0.565387,0.816556,1.01047,-0.544164,0.832851,0.995821,-0.544164,0.82763,0.990219,-0.565387,0.955252,1.16471,-0.646959,0.961221,1.17135,-0.622215,0.980309,1.15418,-0.622215,0.974221,1.14765,-0.646959
0.0884844,-0.415971,0.900039,-1.41384,838873150,0.794929,1.01963,-0.565387,0.799947,1.02541,-0.544164,0.816242,1.01076,-0.544164,0.811123,1.00506,-0.565387,0.93597,1.18205,-0.646959,0.94182,1.18879,-0.622215,0.960907,1.17163,-0.622215,0.954938,1.16499,-0.646959
0.071608,-0.416306,0.917389,-20.5336,838873151,0.776325,1.03224,-0.565387,0.781242,1.03811,-0.544164,0.798039,1.02404,-0.544164,0.793017,1.01826,-0.565387,0.914467,1.1971,-0.646959,0.920201,1.20394,-0.622215,0.939876,1.18745,-0.622215,0.93402,1.18071,-0.646959
2.1444,-0.41595,0.934555,0.379281,838873152,0.759309,1.0465,-0.565387,0.764122,1.05246,-0.544164,0.780919,1.03838,-0.544164,0.776001,1.03252,-0.565387,0.894591,1.21375,-0.646959,0.900202,1.2207,-0.622215,0.919877,1.20421,-0.622215,0.914144,1.19737,-0.646959
2.24713,-0.416287,0.951904,-2.32612,838873153,0.740275,1.05846,-0.565387,0.744985,1.0645,-0.544164,0.762263,1.05102,-0.544164,0.757446,1.04507,-0.565387,0.872576,1.22804,-0.646959,0.878067,1.23508,-0.622215,0.898306,1.21929,-0.622215,0.892689,1.21235,-0.646959
0.0416413,-0.415934,0.96907,-1.15794,838873154,0.722772,1.07212,-0.565387,0.727374,1.07824,-0.544164,0.744652,1.06476,-0.544164,0.739942,1.05872,-0.565387,0.85213,1.24399,-0.646959,0.857495,1.25113,-0.622215,0.877734,1.23534,-0.622215,0.872243,1.2283,-0.646959
-0.106052,-0.416274,0.986418,-1.542,838873155,0.703332,1.08341,-0.565387,0.707828,1.08961,-0.544164,0.725566,1.07674,-0.544164,0.72096,1.07062,-0.565387,0.829629,1.2575,-0.646959,0.834871,1.26473,-0.622215,0.855649,1.24966,-0.622215,0.850278,1.24252,-0.646959
-0.0402818,-0.415924,1.00358,-1.4593,838873156,0.685362,1.09645,-0.565387,0.689747,1.10272,-0.544164,0.707486,1.08985,-0.544164,0.70299,1.08366,-0.565387,0.808638,1.27273,-0.646959,0.813751,1.28005,-0.622215,0.834529,1.26498,-0.622215,0.829287,1.25775,-0.646959
0.0353533,-0.416267,1.02093,-2.09611,838873157,0.66554,1.10705,-0.565387,0.669817,1.1134,-0.544164,0.687994,1.10116,-0.544164,0.683604,1.09488,-0.565387,0.78568,1.28545,-0.646959,0.790666,1.29285,-0.622215,0.811958,1.27851,-0.622215,0.80684,1.2712,-0.646959
-0.0230299,-0.41592,1.0381,-2.11148,838873158,0.647126,1.11945,-0.565387,0.651289,1.12588,-0.544164,0.669466,1.11364,-0.544164,0.66519,1.10728,-0.565387,0.76417,1.29993,-0.646959,0.769024,1.30743,-0.622215,0.790316,1.29309,-0.622215,0.78533,1.28568,-0.646959
0.180987,-0.416266,1.05544,-2.4577,838873159,0.626946,1.12935,-0.565387,0.630998,1.13585,-0.544164,0.649591,1.12425,-0.544164,0.645423,1.11783,-0.565387,0.740781,1.31184,-0.646959,0.745506,1.31941,-0.622215,0.767286,1.30583,-0.622215,0.762426,1.29834,-0.646959
0.120738,-0.415921,1.07261,-10.9283,838873160,0.60811,1.1411,-0.565387,0.612046,1.14767,-0.544164,0.63064,1.13607,-0.544164,0.626587,1.12958,-0.565387,0.718779,1.32557,-0.646959,0.723368,1.33322,-0.622215,0.745148,1.31964,-0.622215,0.740423,1.31206,-0.646959
0.00715454,-0.41627,1.08996,-3.0425,838873161,0.587596,1.1503,-0.565387,0.591418,1.15693,-0.544164,0.610406,1.14599,-0.544164,0.606464,1.13942,-0.565387,0.694989,1.33665,-0.646959,0.699446,1.34438,-0.622215,0.721687,1.33157,-0.622215,0.717091,1.32391,-0.646959
0.167002,-0.416267,1.37,12.758,838873177,0.24677,1.26791,-0.565387,0.248617,1.27534,-0.544164,0.269885,1.27006,-0.544164,0.267905,1.26266,-0.565387,0.298648,1.47664,-0.646959,0.300802,1.48531,-0.622215,0.325714,1.47912,-0.622215,0.323406,1.47049,-0.646959
-0.0465146,-0.433277,0.792563,-1.61397,838873656,0.899763,0.92852,-0.589926,0.905612,0.933979,-0.568831,0.920289,0.917706,-0.56883,0.914349,0.912348,-0.589926,1.05598,1.07443,-0.67498,1.0628,1.0808,-0.650384,1.07999,1.06174,-0.650384,1.07306,1.05549,-0.67498
0.421568,-0.433645,0.809913,-3.69161,838873657,0.882577,0.943011,-0.589926,0.888327,0.948573,-0.56883,0.903563,0.932822,-0.56883,0.897718,0.927358,-0.589926,1.03619,1.09161,-0.67498,1.0429,1.09809,-0.650384,1.06075,1.07964,-0.650384,1.05393,1.07327,-0.67498
0.494102,-0.433296,0.827079,2.32806,838873658,0.867142,0.958967,-0.589926,0.872797,0.964628,-0.568831,0.888033,0.948877,-0.56883,0.882283,0.943315,-0.589926,1.01816,1.11025,-0.67498,1.02476,1.11685,-0.650384,1.04261,1.0984,-0.650384,1.0359,1.09191,-0.67498
-0.050042,-0.433667,0.844429,-2.18517,838873659,0.84946,0.97285,-0.589926,0.855012,0.978609,-0.568831,0.87079,0.9634,-0.56883,0.865139,0.957735,-0.589926,0.997794,1.12672,-0.67498,1.00427,1.13344,-0.650384,1.02275,1.11562,-0.650384,1.01616,1.10902,-0.67498
0.0531752,-0.433681,0.882866,-2.40154,838873661,0.811436,1.00478,-0.589926,0.816786,1.01073,-0.568831,0.833081,0.996077,-0.56883,0.82763,0.990219,-0.589926,0.954348,1.1637,-0.67498,0.960584,1.17064,-0.650384,0.979672,1.15347,-0.650384,0.973317,1.14665,-0.67498
0.133709,-0.433309,0.900031,-1.80671,838873662,0.794929,1.01963,-0.589926,0.800177,1.02567,-0.56883,0.816472,1.01101,-0.56883,0.811123,1.00506,-0.589926,0.935065,1.18104,-0.67498,0.941183,1.18809,-0.650384,0.96027,1.17092,-0.650384,0.954034,1.16399,-0.67498
0.0743158,-0.433656,0.917383,17.691,838873663,0.776325,1.03224,-0.589926,0.781463,1.03838,-0.568831,0.79826,1.0243,-0.56883,0.793017,1.01826,-0.589926,0.913598,1.19606,-0.67498,0.919589,1.20321,-0.650384,0.939264,1.18672,-0.650384,0.933151,1.17968,-0.67498
0.313273,-0.433286,0.934547,1.93233,838873664,0.759309,1.0465,-0.589926,0.764342,1.05272,-0.568831,0.781139,1.03865,-0.56883,0.776001,1.03252,-0.589926,0.893722,1.21272,-0.67498,0.89959,1.21997,-0.650384,0.919265,1.20348,-0.650384,0.913275,1.19633,-0.67498
0.119729,-0.433636,0.951899,0.774782,838873665,0.740275,1.05846,-0.589926,0.745196,1.06477,-0.56883,0.762474,1.05129,-0.568831,0.757446,1.04507,-0.589926,0.871744,1.22698,-0.67498,0.877481,1.23433,-0.650384,0.89772,1.21854,-0.650384,0.891857,1.21128,-0.67498
0.0306136,-0.43327,0.969062,-2.32178,838873666,0.722772,1.07212,-0.589926,0.727585,1.07851,-0.568831,0.744863,1.06503,-0.56883,0.739942,1.05872,-0.589926,0.851297,1.24293,-0.67498,0.856909,1.25038,-0.650384,0.877148,1.23459,-0.650384,0.871411,1.22724,-0.67498
0.0330365,-0.433623,0.986412,-1.97708,838873667,0.703332,1.08341,-0.589926,0.70803,1.08988,-0.568831,0.725768,1.07702,-0.56883,0.72096,1.07062,-0.589926,0.828835,1.25641,-0.67498,0.834312,1.26396,-0.650384,0.85509,1.24889,-0.650384,0.849484,1.24143,-0.67498
0.199605,-0.43326,1.00358,2.33613,838873668,0.685363,1.09645,-0.589926,0.689949,1.103,-0.56883,0.707688,1.09013,-0.568831,0.70299,1.08366,-0.589926,0.807844,1.27164,-0.67498,0.813192,1.27928,-0.650384,0.83397,1.26421,-0.650384,0.828493,1.25666,-0.67498
0.175452,-0.433616,1.02093,-10.7616,838873669,0.66554,1.10705,-0.589926,0.670009,1.11368,-0.568831,0.688186,1.10144,-0.56883,0.683604,1.09488,-0.589926,0.784924,1.28433,-0.67498,0.790134,1.29206,-0.650384,0.811426,1.27772,-0.650384,0.806084,1.27008,-0.67498
0.190853,-0.433255,1.03809,-8.90268,838873670,0.647126,1.11945,-0.589926,0.651481,1.12616,-0.56883,0.669658,1.11392,-0.56883,0.66519,1.10728,-0.589926,0.763414,1.29881,-0.67498,0.768492,1.30664,-0.650384,0.789784,1.2923,-0.650384,0.784574,1.28456,-0.67498
0.0900053,-0.433614,1.05544,30.5076,838873671,0.626946,1.12935,-0.589926,0.63118,1.13614,-0.568831,0.649773,1.12454,-0.56883,0.645423,1.11783,-0.589926,0.740065,1.31069,-0.67498,0.745002,1.31861,-0.650384,0.766782,1.30502,-0.650384,0.76171,1.29719,-0.67498
0.162079,-0.433257,1.0726,8.6275,838873672,0.60811,1.1411,-0.589926,0.612228,1.14796,-0.568831,0.630821,1.13637,-0.56883,0.626587,1.12958,-0.589926,0.718063,1.32442,-0.67498,0.722864,1.33242,-0.650384,0.744644,1.31883,-0.650384,0.739707,1.31092,-0.67498
0.0379103,-0.433618,1.08995,-2.91305,838873673,0.587596,1.1503,-0.589926,0.59159,1.15723,-0.56883,0.610577,1.14629,-0.56883,0.606464,1.13942,-0.589926,0.694313,1.33548,-0.67498,0.69897,1.34356,-0.650384,0.721211,1.33074,-0.650384,0.716416,1.32274,-0.67498
0.0418917,-0.455299,0.792562,0.0496299,838874168,0.899762,0.928521,-0.621349,0.905845,0.934229,-0.60039,0.920541,0.917934,-0.60039,0.914348,0.912348,-0.621349,1.05506,1.07343,-0.709719,1.06211,1.08005,-0.685425,1.07924,1.06106,-0.685425,1.07206,1.05458,-0.709719
0.878813,-0.455683,0.809901,1.61118,838874169,0.882578,0.94301,-0.621348,0.888572,0.948809,-0.60039,0.903828,0.933037,-0.60039,0.897719,0.927358,-0.621349,1.03522,1.09067,-0.709718,1.04217,1.09739,-0.685425,1.05995,1.07901,-0.685425,1.05287,1.07242,-0.709718
0.151118,-0.455319,0.827077,-11.3097,838874170,0.867141,0.958968,-0.621348,0.873021,0.964885,-0.60039,0.888277,0.949113,-0.60039,0.882283,0.943315,-0.621349,1.01728,1.10922,-0.709718,1.02409,1.11608,-0.685425,1.04188,1.09769,-0.685425,1.03493,1.09097,-0.709719
0.168226,-0.455706,0.844417,-5.69279,838874171,0.849461,0.972849,-0.621349,0.855249,0.978853,-0.60039,0.871047,0.963624,-0.60039,0.86514,0.957734,-0.621348,0.996856,1.12575,-0.709718,1.00357,1.13271,-0.685425,1.02198,1.11496,-0.685425,1.01513,1.10813,-0.709718
0.0488255,-0.455345,0.861595,-2.47635,838874172,0.833477,0.988258,-0.621349,0.839146,0.994377,-0.60039,0.854944,0.979147,-0.60039,0.849156,0.973143,-0.621349,0.978276,1.14366,-0.709718,0.984847,1.15075,-0.685425,1.00326,1.133,-0.685425,0.996551,1.12604,-0.709718
-0.0403315,-0.455721,0.882854,-0.80371,838874173,0.811437,1.00478,-0.621349,0.817014,1.01098,-0.60039,0.83333,0.99631,-0.60039,0.82763,0.990219,-0.621349,0.953444,1.1627,-0.709718,0.959908,1.16989,-0.685425,0.978925,1.15278,-0.685425,0.972319,1.14572,-0.709718
0.0571237,-0.455332,0.900029,-1.36477,838874174,0.794929,1.01963,-0.621348,0.800382,1.02594,-0.60039,0.816698,1.01127,-0.60039,0.811122,1.00506,-0.621349,0.934254,1.17995,-0.709718,0.940575,1.18727,-0.685425,0.959593,1.17017,-0.685425,0.953129,1.16298,-0.709719
0.167107,-0.455695,0.917372,-1.63431,838874175,0.776325,1.03224,-0.621349,0.781682,1.03864,-0.60039,0.798501,1.02454,-0.60039,0.793017,1.01826,-0.621348,0.91273,1.19502,-0.709719,0.918939,1.20243,-0.685425,0.938542,1.18601,-0.685425,0.932186,1.17872,-0.709718
0.0822592,-0.455309,0.934545,35.5765,838874176,0.759308,1.0465,-0.621349,0.764538,1.053,-0.60039,0.781357,1.03891,-0.60039,0.776,1.03252,-0.621349,0.89295,1.2116,-0.709718,0.899011,1.21913,-0.685425,0.918614,1.20271,-0.685425,0.912405,1.1953,-0.709718
0.0693508,-0.455674,0.951887,5.47743,838874177,0.740276,1.05846,-0.621348,0.745406,1.06504,-0.60039,0.762707,1.05154,-0.60039,0.757446,1.04507,-0.621349,0.870912,1.22591,-0.709718,0.876859,1.23353,-0.685425,0.897023,1.2178,-0.685425,0.890926,1.21029,-0.709718
0.0164066,-0.455292,0.96906,-0.92348,838874178,0.722771,1.07212,-0.621349,0.727771,1.0788,-0.60039,0.745072,1.0653,-0.60039,0.739942,1.05872,-0.621349,0.850565,1.24178,-0.709718,0.85636,1.24952,-0.685425,0.876524,1.23379,-0.685425,0.870578,1.22617,-0.709718
0.240895,-0.45566,0.986401,5.5598,838874179,0.703333,1.08341,-0.621348,0.70823,1.09016,-0.60039,0.725992,1.07727,-0.60039,0.72096,1.07062,-0.621349,0.828041,1.25531,-0.709718,0.833718,1.26314,-0.685425,0.854419,1.24812,-0.685425,0.848588,1.24041,-0.709719
1.13437,-0.455281,1.00357,-0.843145,838874180,0.685362,1.09645,-0.621349,0.690125,1.10329,-0.60039,0.707887,1.09041,-0.60039,0.70299,1.08366,-0.621348,0.807152,1.27047,-0.709719,0.812673,1.27841,-0.685425,0.833375,1.26339,-0.685425,0.827698,1.25556,-0.709718
0.162311,-0.455653,1.02091,-28.9587,838874181,0.665541,1.10705,-0.621349,0.670199,1.11397,-0.60039,0.6884,1.10171,-0.60039,0.683604,1.09488,-0.621349,0.78417,1.2832,-0.709718,0.789569,1.29122,-0.685425,0.810783,1.27694,-0.685425,0.805224,1.26903,-0.709718
5.27538,-0.455276,1.03809,0.0757154,838874182,0.647125,1.11945,-0.621349,0.651647,1.12646,-0.60039,0.669847,1.1142,-0.60039,0.665189,1.10729,-0.621349,0.762763,1.29762,-0.709718,0.768004,1.30574,-0.685425,0.789218,1.29146,-0.685425,0.783818,1.28344,-0.709718
1.56857,-0.455651,1.05543,0.494709,838874183,0.626946,1.12935,-0.621348,0.63136,1.13643,-0.60039,0.649978,1.12482,-0.60039,0.645424,1.11783,-0.621349,0.73935,1.30954,-0.709718,0.744467,1.31775,-0.685425,0.766166,1.30421,-0.685425,0.760887,1.29611,-0.709719
0.517701,-0.455278,1.0726,17.1395,838874184,0.608109,1.1411,-0.621349,0.612383,1.14827,-0.60039,0.631001,1.13665,-0.60039,0.626587,1.12958,-0.621349,0.717454,1.3232,-0.709718,0.722407,1.33151,-0.685425,0.744107,1.31797,-0.685425,0.738991,1.30977,-0.709718
0.143005,-0.455656,1.08994,3.03086,838874185,0.587596,1.1503,-0.621349,0.591761,1.15752,-0.60039,0.610773,1.14657,-0.60039,0.606465,1.13942,-0.621349,0.693639,1.3343,-0.709718,0.698465,1.34268,-0.685425,0.720624,1.32991,-0.685425,0.715632,1.32163,-0.709718
0.0398003,-0.472564,0.792554,-2.70959,838874680,0.899762,0.92852,-0.646196,0.906086,0.934446,-0.62537,0.920783,0.918152,-0.62537,0.914348,0.912348,-0.646196,1.05402,1.0725,-0.737862,1.06135,1.07937,-0.713722,1.07848,1.06037,-0.713722,1.07102,1.05365,-0.737862
0.0293953,-0.47296,0.809896,-2.47835,838874681,0.882578,0.94301,-0.646196,0.888806,0.949035,-0.62537,0.904062,0.933263,-0.62537,0.897719,0.927358,-0.646196,1.03422,1.08969,-0.737862,1.04143,1.09668,-0.713722,1.05922,1.07829,-0.713722,1.05186,1.07145,-0.737862
0.0110933,-0.472584,0.82707,-2.28445,838874682,0.867141,0.958968,-0.646196,0.873254,0.965111,-0.62537,0.888511,0.94934,-0.62537,0.882283,0.943315,-0.646197,1.01627,1.10824,-0.737862,1.02336,1.11536,-0.713722,1.04114,1.09698,-0.713722,1.03392,1.09,-0.737862
0.0222872,-0.472984,0.844412,-2.26425,838874683,0.849461,0.972849,-0.646197,0.855475,0.979087,-0.62537,0.871272,0.963858,-0.62537,0.86514,0.957735,-0.646196,0.995884,1.12474,-0.737862,1.00285,1.13197,-0.713722,1.02127,1.11422,-0.713722,1.01416,1.10712,-0.737862
-0.0602833,-0.472611,0.861588,-1.44515,838874684,0.833477,0.988258,-0.646197,0.839371,0.994611,-0.62537,0.855169,0.979382,-0.62537,0.849156,0.973143,-0.646196,0.977304,1.14265,-0.737862,0.984136,1.15001,-0.713722,1.00255,1.13226,-0.713722,0.995579,1.12503,-0.737862
0.0704321,-0.472999,0.882849,6.95446,838874685,0.811437,1.00478,-0.646197,0.817231,1.01122,-0.62537,0.833547,0.996551,-0.62537,0.82763,0.990219,-0.646196,0.952507,1.16166,-0.737862,0.959223,1.16912,-0.713722,0.97824,1.15202,-0.713722,0.971382,1.14468,-0.737862
0.0325374,-0.472597,0.900021,38.242,838874686,0.794929,1.01963,-0.646197,0.8006,1.02618,-0.62537,0.816916,1.01151,-0.62537,0.811122,1.00506,-0.646196,0.933317,1.17891,-0.737862,0.93989,1.18651,-0.713722,0.958908,1.16941,-0.713722,0.952192,1.16194,-0.737862
0.0223352,-0.472972,0.917366,-1.57403,838874687,0.776325,1.03224,-0.646197,0.781891,1.03889,-0.62537,0.798709,1.02479,-0.62537,0.793018,1.01826,-0.646196,0.91183,1.19395,-0.737862,0.918281,1.20165,-0.713722,0.937884,1.18522,-0.713722,0.931286,1.17765,-0.737862
0.0289128,-0.472573,0.934537,-1.44702,838874688,0.759308,1.0465,-0.646197,0.764747,1.05325,-0.62537,0.781566,1.03916,-0.62537,0.776,1.03252,-0.646196,0.892049,1.21053,-0.737862,0.898354,1.21835,-0.713722,0.917956,1.20192,-0.713722,0.911505,1.19422,-0.737862
0.017378,-0.472951,0.951881,-1.73345,838874689,0.740276,1.05846,-0.646197,0.745606,1.0653,-0.62537,0.762907,1.0518,-0.62537,0.757446,1.04507,-0.646196,0.870051,1.2248,-0.737862,0.876228,1.23272,-0.713722,0.896393,1.21699,-0.713722,0.890064,1.20919,-0.737862
0.0310999,-0.472556,0.969052,-2.50572,838874690,0.722771,1.07212,-0.646197,0.727971,1.07905,-0.62537,0.745272,1.06556,-0.62537,0.739942,1.05872,-0.646196,0.849703,1.24068,-0.737862,0.85573,1.24872,-0.713722,0.875894,1.23298,-0.713722,0.869716,1.22506,-0.737862
0.0788177,-0.472937,0.986395,-2.33687,838874691,0.703333,1.08341,-0.646196,0.708421,1.09042,-0.62537,0.726182,1.07754,-0.62537,0.72096,1.07062,-0.646196,0.827219,1.25418,-0.737862,0.833116,1.26231,-0.713722,0.853818,1.24729,-0.713722,0.847765,1.23927,-0.737862
-0.013155,-0.472545,1.00357,-2.21764,838874692,0.685362,1.09645,-0.646197,0.690316,1.10356,-0.62537,0.708078,1.09067,-0.62537,0.70299,1.08366,-0.646196,0.806329,1.26933,-0.737862,0.812071,1.27758,-0.713722,0.832773,1.26256,-0.713722,0.826875,1.25443,-0.737862
0.0586648,-0.472929,1.02091,27.0038,838874693,0.665541,1.10705,-0.646196,0.670381,1.11424,-0.62537,0.688582,1.10198,-0.62537,0.683604,1.09488,-0.646196,0.783387,1.28204,-0.737862,0.788997,1.29037,-0.713722,0.81021,1.27609,-0.713722,0.804441,1.26786,-0.737862
0.18664,-0.47254,1.03808,14.6943,838874694,0.647126,1.11945,-0.646197,0.651828,1.12673,-0.62537,0.670029,1.11447,-0.62537,0.665189,1.10729,-0.646196,0.761981,1.29646,-0.737862,0.767432,1.3049,-0.713722,0.788645,1.29061,-0.713722,0.783035,1.28228,-0.737862
0.0232693,-0.472927,1.05542,-2.80697,838874695,0.626946,1.12935,-0.646196,0.631532,1.13671,-0.62537,0.65015,1.12509,-0.62537,0.645424,1.11783,-0.646196,0.738609,1.30836,-0.737862,0.743924,1.31688,-0.713722,0.765624,1.30334,-0.713722,0.760146,1.29492,-0.737862
0.0724089,-0.472541,1.07259,-1.80941,838874696,0.608109,1.1411,-0.646197,0.612555,1.14854,-0.62537,0.631173,1.13693,-0.62537,0.626587,1.12958,-0.646196,0.716712,1.32202,-0.737862,0.721865,1.33064,-0.713722,0.743565,1.3171,-0.713722,0.738249,1.30858,-0.737862
-0.0353404,-0.472932,1.08993,-1.51869,838874697,0.587596,1.1503,-0.646197,0.591923,1.1578,-0.62537,0.610935,1.14685,-0.62537,0.606465,1.13942,-0.646196,0.692939,1.33309,-0.737862,0.697954,1.34179,-0.713722,0.720113,1.32902,-0.713722,0.714932,1.32042,-0.737862
0.00866397,-0.489808,0.792547,-3.20423,838875192,0.899762,0.928521,-0.671209,0.906326,0.934663,-0.65052,0.921023,0.918368,-0.65052,0.914348,0.912348,-0.671209,1.05294,1.07152,-0.766148,1.06055,1.07864,-0.742167,1.07767,1.05965,-0.742167,1.06994,1.05267,-0.766148
-0.0421196,-0.490218,0.809891,-3.48826,838875193,0.882578,0.94301,-0.671209,0.889038,0.949259,-0.65052,0.904294,0.933488,-0.65052,0.897719,0.927357,-0.671209,1.03317,1.08868,-0.766148,1.04066,1.09593,-0.742167,1.05844,1.07755,-0.742167,1.05082,1.07044,-0.766148
-0.0361991,-0.48983,0.827063,-2.72617,838875194,0.867141,0.958968,-0.671209,0.873487,0.965336,-0.65052,0.888743,0.949564,-0.65052,0.882283,0.943315,-0.671209,1.01523,1.10723,-0.766148,1.02258,1.11461,-0.742167,1.04037,1.09623,-0.742167,1.03288,1.08899,-0.766148
-0.00782753,-0.490242,0.844407,-3.15445,838875195,0.849461,0.972849,-0.671209,0.855699,0.97932,-0.65052,0.871497,0.964091,-0.65052,0.86514,0.957734,-0.671209,0.994876,1.12369,-0.766148,1.00211,1.13119,-0.742167,1.02052,1.11344,-0.742167,1.01315,1.10608,-0.766148
-0.113027,-0.489857,0.86158,-4.19667,838875196,0.833477,0.988258,-0.671209,0.839596,0.994843,-0.65052,0.855394,0.979614,-0.65052,0.849156,0.973143,-0.671209,0.976296,1.1416,-0.766148,0.983388,1.14924,-0.742167,1.0018,1.13149,-0.742167,0.99457,1.12399,-0.766148
1.82208,-0.490257,0.882843,-11.1889,838875197,0.811437,1.00478,-0.671209,0.817447,1.01146,-0.65052,0.833763,0.996792,-0.65052,0.82763,0.990219,-0.671209,0.951536,1.16058,-0.766148,0.958502,1.16832,-0.742167,0.977519,1.15122,-0.742167,0.97041,1.1436,-0.766148
-0.0290901,-0.489843,0.900013,-3.02273,838875198,0.794929,1.01963,-0.671209,0.800816,1.02642,-0.65052,0.817132,1.01175,-0.65052,0.811122,1.00506,-0.671209,0.932346,1.17783,-0.766148,0.93917,1.18571,-0.742167,0.958187,1.16861,-0.742167,0.95122,1.16086,-0.766148
0.0642033,-0.49023,0.91736,30.5312,838875199,0.776325,1.03224,-0.671209,0.782098,1.03913,-0.65052,0.798917,1.02504,-0.65052,0.793017,1.01826,-0.671209,0.910897,1.19284,-0.766148,0.917589,1.20082,-0.742167,0.937191,1.18439,-0.742167,0.930353,1.17653,-0.766148
0.00913785,-0.489819,0.93453,-3.001,838875200,0.759308,1.0465,-0.671209,0.764955,1.0535,-0.65052,0.781773,1.03941,-0.65052,0.776,1.03252,-0.671209,0.891116,1.20941,-0.766148,0.897661,1.21752,-0.742167,0.917264,1.20109,-0.742167,0.910572,1.19311,-0.766148
-0.0463248,-0.490208,0.951876,-2.77371,838875201,0.740276,1.05846,-0.671209,0.745805,1.06555,-0.65052,0.763105,1.05205,-0.65052,0.757446,1.04507,-0.671209,0.869157,1.22366,-0.766148,0.875565,1.23187,-0.742167,0.89573,1.21614,-0.742167,0.88917,1.20804,-0.766148
-0.00773741,-0.489801,0.969045,-2.37351,838875202,0.722771,1.07212,-0.671209,0.72817,1.07931,-0.65052,0.74547,1.06581,-0.65052,0.739942,1.05872,-0.671209,0.848809,1.23953,-0.766148,0.855067,1.24787,-0.742167,0.875231,1.23213,-0.742167,0.868823,1.22392,-0.766148
-0.0348627,-0.490193,0.98639,-2.27297,838875203,0.703333,1.08341,-0.671209,0.708611,1.09068,-0.65052,0.726372,1.0778,-0.65052,0.72096,1.07062,-0.671209,0.826366,1.253,-0.766148,0.832483,1.26144,-0.742167,0.853185,1.24642,-0.742167,0.846912,1.2381,-0.766148
0.00330742,-0.489789,1.00356,-3.04227,838875204,0.685362,1.09645,-0.671209,0.690506,1.10382,-0.65052,0.708267,1.09093,-0.65052,0.70299,1.08366,-0.671209,0.805476,1.26816,-0.766148,0.811438,1.2767,-0.742167,0.83214,1.26169,-0.742167,0.826022,1.25325,-0.766148
-0.0394306,-0.490185,1.0209,-2.95498,838875205,0.665541,1.10705,-0.671209,0.670561,1.1145,-0.65052,0.688762,1.10225,-0.65052,0.683604,1.09488,-0.671209,0.782575,1.28084,-0.766148,0.788395,1.28948,-0.742167,0.809608,1.27519,-0.742167,0.80363,1.26666,-0.766148
0.0627241,-0.489784,1.03807,-47.6619,838875206,0.647125,1.11945,-0.671209,0.652009,1.127,-0.65052,0.67021,1.11474,-0.65052,0.665189,1.10729,-0.671209,0.761169,1.29525,-0.766148,0.76683,1.304,-0.742167,0.788043,1.28971,-0.742167,0.782224,1.28107,-0.766148
-0.00130747,-0.490183,1.05542,-1.86266,838875207,0.626946,1.12935,-0.671209,0.631704,1.13698,-0.65052,0.650321,1.12537,-0.65052,0.645424,1.11783,-0.671209,0.73784,1.30712,-0.766148,0.743354,1.31596,-0.742167,0.765053,1.30243,-0.742167,0.759377,1.29369,-0.766148
0.0549328,-0.489786,1.07259,18.7769,838875208,0.608109,1.1411,-0.671209,0.612726,1.14882,-0.65052,0.631344,1.1372,-0.65052,0.626587,1.12958,-0.671209,0.715943,1.32078,-0.766148,0.721295,1.32972,-0.742167,0.742994,1.31619,-0.742167,0.73748,1.30735,-0.766148
0.0584396,-0.490188,1.08993,-1.97731,838875209,0.587596,1.1503,-0.671209,0.592084,1.15808,-0.65052,0.611096,1.14713,-0.65052,0.606465,1.13942,-0.671209,0.692214,1.33183,-0.766148,0.697416,1.34086,-0.742167,0.719575,1.32809,-0.742167,0.714207,1.31916,-0.766148
0.144198,-0.490218,1.15896,-12.1707,838875213,0.506823,1.188,-0.671209,0.510756,1.19608,-0.65052,0.530487,1.18648,-0.65052,0.526405,1.17847,-0.671209,0.598512,1.37639,-0.766148,0.603071,1.38576,-0.742167,0.626068,1.37457,-0.742167,0.621336,1.36529,-0.766148
0.0952266,-0.507457,0.809886,-33.5528,838875705,0.882578,0.94301,-0.696394,0.889268,0.949483,-0.675848,0.904525,0.933711,-0.675848,0.897719,0.927358,-0.696394,1.03209,1.08764,-0.794583,1.03985,1.09514,-0.770768,1.05763,1.07676,-0.770768,1.04974,1.06939,-0.794583
-0.00474489,-0.507482,0.844402,-2.72365,838875707,0.849461,0.972849,-0.696394,0.855922,0.979551,-0.675848,0.871719,0.964322,-0.675848,0.86514,0.957734,-0.696394,0.993832,1.12261,-0.794583,1.00132,1.13038,-0.770768,1.01973,1.11263,-0.770768,1.01211,1.10499,-0.794583
-0.0251651,-0.507086,0.861573,-2.1632,838875708,0.833477,0.988258,-0.696394,0.839819,0.995075,-0.675848,0.855616,0.979845,-0.675848,0.849156,0.973143,-0.696394,0.975252,1.14052,-0.794583,0.982603,1.14842,-0.770768,1.00102,1.13067,-0.770768,0.993527,1.12291,-0.794583
0.0558717,-0.507498,0.882838,-6.87832,838875709,0.811437,1.00478,-0.696394,0.817662,1.0117,-0.675848,0.833978,0.99703,-0.675848,0.82763,0.990219,-0.696394,0.95053,1.15946,-0.794583,0.957746,1.16748,-0.770768,0.976763,1.15038,-0.770768,0.969405,1.14248,-0.794583
0.101531,-0.507071,0.900006,-3.00744,838875710,0.794929,1.01963,-0.696394,0.80103,1.02666,-0.675848,0.817346,1.01199,-0.675848,0.811122,1.00506,-0.696394,0.931341,1.17671,-0.794583,0.938413,1.18487,-0.770768,0.95743,1.16776,-0.770768,0.950215,1.15974,-0.794583
-0.0891952,-0.507469,0.917355,-2.86354,838875711,0.776325,1.03224,-0.696394,0.782304,1.03938,-0.675848,0.799123,1.02529,-0.675848,0.793017,1.01826,-0.696394,0.909932,1.19168,-0.794583,0.916862,1.19995,-0.770768,0.936465,1.18353,-0.770768,0.929388,1.17538,-0.794583
0.116501,-0.507457,1.15895,-34.2389,838875725,0.506823,1.188,-0.696394,0.510897,1.19637,-0.675848,0.530627,1.18677,-0.675848,0.526405,1.17847,-0.696394,0.597854,1.37504,-0.794583,0.602576,1.38474,-0.770768,0.625573,1.37355,-0.770768,0.620678,1.36393,-0.794583
0.100859,-0.524245,0.792533,27.6798,838876216,0.899762,0.92852,-0.721761,0.906801,0.935091,-0.701362,0.921498,0.918797,-0.701362,0.914348,0.912348,-0.721761,1.05067,1.06948,-0.823177,1.05883,1.07709,-0.799532,1.07596,1.0581,-0.799532,1.06767,1.05063,-0.823177
0.0683857,-0.524704,0.844397,-4.73287,838876219,0.849461,0.972849,-0.721761,0.856143,0.979781,-0.701362,0.871941,0.964551,-0.701362,0.86514,0.957734,-0.721761,0.992754,1.12149,-0.823177,1.0005,1.12953,-0.799532,1.01891,1.11178,-0.799532,1.01103,1.10388,-0.823177
-0.0634651,-0.524297,0.861566,-4.58254,838876220,0.833477,0.988258,-0.721761,0.84004,0.995304,-0.701362,0.855838,0.980075,-0.701362,0.849156,0.973143,-0.721761,0.974174,1.1394,-0.823177,0.981781,1.14757,-0.799532,1.00019,1.12982,-0.799532,0.992449,1.12179,-0.823177
-0.100206,-0.52472,0.882832,-3.24606,838876221,0.811437,1.00478,-0.721761,0.817875,1.01194,-0.701362,0.834191,0.997267,-0.701362,0.82763,0.990219,-0.721761,0.949492,1.1583,-0.823177,0.956954,1.1666,-0.799532,0.975971,1.1495,-0.799532,0.968366,1.14133,-0.823177
0.0400282,-0.524282,0.899998,-2.54621,838876222,0.794929,1.01963,-0.721761,0.801243,1.0269,-0.701362,0.81756,1.01222,-0.701362,0.811122,1.00506,-0.721761,0.930302,1.17556,-0.823177,0.937621,1.18398,-0.799532,0.956638,1.16688,-0.799532,0.949176,1.15859,-0.823177
-0.0372418,-0.524691,0.91735,-3.81529,838876223,0.776325,1.03224,-0.721761,0.782509,1.03962,-0.701362,0.799328,1.02553,-0.701362,0.793017,1.01826,-0.721761,0.908934,1.19049,-0.823177,0.916101,1.19905,-0.799532,0.935704,1.18262,-0.799532,0.92839,1.17419,-0.823177
0.101404,-0.524652,0.986379,-1.26906,838876227,0.703333,1.08341,-0.721761,0.708986,1.0912,-0.701362,0.726748,1.07832,-0.701362,0.72096,1.07062,-0.721761,0.82457,1.25053,-0.823177,0.831124,1.25956,-0.799532,0.851825,1.24454,-0.799532,0.845117,1.23562,-0.823177
0.141753,-0.524647,1.08992,12.7658,838876233,0.587596,1.1503,-0.721761,0.592404,1.15864,-0.701362,0.611416,1.14768,-0.701362,0.606465,1.13942,-0.721761,0.690687,1.32918,-0.823177,0.696259,1.33885,-0.799532,0.718418,1.32608,-0.799532,0.71268,1.31651,-0.823177
0.147446,-0.524229,1.10708,6.8462,838876234,0.56836,1.16138,-0.721761,0.573024,1.16981,-0.701362,0.592036,1.15885,-0.701362,0.587229,1.15051,-0.721761,0.668327,1.34207,-0.823177,0.673733,1.35183,-0.799532,0.695892,1.33906,-0.799532,0.69032,1.32939,-0.823177
0.187132,-0.524659,1.12443,1.7432,838876235,0.547539,1.16985,-0.721761,0.552052,1.17836,-0.701362,0.571435,1.16807,-0.701362,0.566776,1.15965,-0.721761,0.644319,1.35223,-0.823176,0.64955,1.36209,-0.799532,0.672142,1.3501,-0.799532,0.666741,1.34033,-0.823176
0.230247,-0.524224,1.70168,21.9547,838876268,-0.179764,1.28047,-0.721761,-0.180608,1.29006,-0.701362,-0.158719,1.29161,-0.701362,-0.158041,1.282,-0.721761,-0.197911,1.48617,-0.823177,-0.198888,1.49728,-0.799532,-0.173376,1.49909,-0.799532,-0.17259,1.48795,-0.823177
0.13474,-0.541465,0.899997,-1.60169,838876734,0.794928,1.01963,-0.747269,0.801419,1.02713,-0.727072,0.817754,1.01244,-0.727072,0.811121,1.00506,-0.747269,0.929384,1.17433,-0.851731,0.936861,1.18297,-0.828468,0.955794,1.16595,-0.828468,0.948154,1.15745,-0.851731
0.10879,-0.541885,0.917339,0.2911,838876735,0.776326,1.03224,-0.747269,0.782698,1.03985,-0.727072,0.799536,1.02574,-0.727072,0.793018,1.01826,-0.747269,0.907953,1.18932,-0.851731,0.915292,1.19808,-0.828468,0.934808,1.18172,-0.828468,0.927301,1.17311,-0.851731
0.0988033,-0.54184,1.08991,13.135,838876745,0.587597,1.1503,-0.747269,0.59255,1.15889,-0.727072,0.611585,1.14792,-0.727072,0.606466,1.13942,-0.747269,0.689925,1.32786,-0.851731,0.69563,1.33776,-0.828468,0.717692,1.32504,-0.828468,0.711796,1.31525,-0.851731
0.138345,-0.558572,0.934507,-8.30299,838877248,0.759308,1.0465,-0.772956,0.765724,1.05446,-0.752908,0.782562,1.04035,-0.752908,0.776,1.03252,-0.772956,0.887271,1.2046,-0.880443,0.894661,1.21377,-0.857352,0.914178,1.19741,-0.857352,0.906618,1.18839,-0.880443
0.114304,-0.558561,1.14159,40.6426,838877260,0.527927,1.18026,-0.772956,0.532548,1.18938,-0.752908,0.551953,1.17908,-0.752908,0.547164,1.17005,-0.772956,0.620194,1.36153,-0.880443,0.625516,1.37203,-0.857352,0.648008,1.36009,-0.857352,0.642492,1.34969,-0.880443
0.0988551,-0.575667,0.969015,-3.6204,838877762,0.722771,1.07212,-0.798841,0.729087,1.08053,-0.778947,0.746408,1.06701,-0.778947,0.739941,1.05873,-0.798841,0.84414,1.23332,-0.909329,0.851416,1.243,-0.886414,0.871492,1.22734,-0.886414,0.864043,1.21779,-0.909329
0.180789,-0.576116,1.33542,6.00849,838877783,0.29037,1.25863,-0.798841,0.293261,1.26873,-0.778947,0.314383,1.26269,-0.778947,0.311308,1.25264,-0.798841,0.345842,1.4526,-0.909329,0.349171,1.46424,-0.886414,0.373653,1.45724,-0.886414,0.370112,1.44566,-0.909329
0,-0.59324,0.95184,0,838878273,0.740277,1.05846,-0.824932,0.746925,1.06698,-0.805196,0.764245,1.05347,-0.805196,0.757447,1.04507,-0.824932,0.863358,1.21622,-0.938397,0.871015,1.22604,-0.915665,0.891091,1.21038,-0.915665,0.88326,1.2007,-0.938397
0.171876,-0.592744,1.03804,-49.5798,838878278,0.647125,1.11945,-0.824932,0.653003,1.12852,-0.805196,0.671225,1.11625,-0.805196,0.665188,1.10729,-0.824932,0.756019,1.28735,-0.938397,0.762789,1.2978,-0.915665,0.78391,1.28358,-0.915665,0.776956,1.27325,-0.938397
0.109033,-0.609829,1.00352,19.5431,838878788,0.685361,1.09645,-0.851239,0.691724,1.10554,-0.831665,0.709506,1.09264,-0.831665,0.702989,1.08366,-0.851239,0.799053,1.25907,-0.967656,0.806381,1.26954,-0.945111,0.826992,1.25459,-0.945111,0.819485,1.24424,-0.967656
0.139756,-0.627486,0.917307,12.2827,838879295,0.776327,1.03224,-0.877931,0.783682,1.04102,-0.858414,0.80054,1.02689,-0.858414,0.793019,1.01826,-0.877931,0.902679,1.18303,-0.997136,0.911093,1.19307,-0.974811,0.930514,1.17679,-0.974811,0.921911,1.16691,-0.997136
0.122898,-0.626941,1.03803,-39.1401,838879302,0.647124,1.11945,-0.877931,0.653341,1.12907,-0.858414,0.671584,1.11678,-0.858414,0.665188,1.10729,-0.877931,0.754262,1.28448,-0.997136,0.761374,1.29548,-0.974812,0.782391,1.28133,-0.974811,0.775074,1.27046,-0.997136
0.169885,-0.62745,1.47346,1.80032,838879327,0.114407,1.28657,-0.877931,0.115991,1.29791,-0.858414,0.137774,1.29487,-0.858414,0.135975,1.28356,-0.877931,0.141626,1.4814,-0.997136,0.143438,1.49438,-0.974811,0.168533,1.49087,-0.974811,0.166475,1.47793,-0.997136
0.273687,-0.644155,0.550894,-4.69931,838879786,1.09572,0.686255,-0.904837,1.10597,0.691958,-0.885485,1.11631,0.672545,-0.885485,1.10596,0.667033,-0.904837,1.2663,0.780846,-1.02681,1.27802,0.787369,-1.00467,1.28993,0.765005,-1.00467,1.27809,0.7587,-1.02681
-0.0591801,-0.644622,-3.02989,-3.3889,838879941,-1.28225,-0.155076,-0.904837,-1.29395,-0.155904,-0.885485,-1.2955,-0.133965,-0.885485,-1.28379,-0.133353,-0.904837,-1.47678,-0.168845,-1.02681,-1.49016,-0.169792,-1.00467,-1.49195,-0.144517,-1.00467,-1.47856,-0.143816,-1.02681
0.040267,-0.644138,-3.01271,79.3927,838879942,-1.28068,-0.177226,-0.904837,-1.29236,-0.17827,-0.885485,-1.29392,-0.156331,-0.885484,-1.28222,-0.155503,-0.904837,-1.47498,-0.1943,-1.02681,-1.48835,-0.195493,-1.00467,-1.49013,-0.170218,-1.00467,-1.47675,-0.169271,-1.02681
0.00166433,-0.644653,-2.99537,-2.50635,838879943,-1.27606,-0.199221,-0.904837,-1.28772,-0.200457,-0.885485,-1.29004,-0.178585,-0.885485,-1.27836,-0.177564,-0.904837,-1.47,-0.219775,-1.02681,-1.48333,-0.221189,-1.00467,-1.486,-0.195992,-1.00467,-1.47264,-0.194824,-1.02681
-0.107106,-0.644172,-2.97819,-3.30146,838879944,-1.27372,-0.221303,-0.904837,-1.28536,-0.222754,-0.885485,-1.28768,-0.200882,-0.885485,-1.27602,-0.199646,-0.904837,-1.46731,-0.245152,-1.02681,-1.48062,-0.246811,-1.00467,-1.48329,-0.221614,-1.00467,-1.46995,-0.220201,-1.02681
0.358229,-0.661721,2.73166,47.4411,838880423,-1.18908,0.504517,-0.931978,-1.19987,0.509769,-0.912793,-1.19024,0.529544,-0.912793,-1.17955,0.524098,-0.931978,-1.36286,0.589122,-1.05669,-1.3752,0.595129,-1.03475,-1.36411,0.617911,-1.03475,-1.35188,0.611681,-1.05669
-0.148561,-0.661752,-3.02989,-4.00924,838880453,-1.28225,-0.155076,-0.931978,-1.29422,-0.155923,-0.912793,-1.29577,-0.133984,-0.912793,-1.28379,-0.133353,-0.931978,-1.47505,-0.168722,-1.05669,-1.48874,-0.169691,-1.03475,-1.49053,-0.144416,-1.03475,-1.47682,-0.143693,-1.05669
-0.0240051,-0.661258,-3.01272,-3.65572,838880454,-1.28068,-0.177226,-0.931978,-1.29263,-0.178289,-0.912793,-1.29419,-0.15635,-0.912793,-1.28222,-0.155503,-0.931978,-1.47325,-0.194177,-1.05669,-1.48692,-0.195392,-1.03475,-1.48871,-0.170117,-1.03475,-1.47502,-0.169148,-1.05669
-0.166944,-0.661784,-2.99538,-2.42499,838880455,-1.27606,-0.199221,-0.931978,-1.28799,-0.200485,-0.912793,-1.29031,-0.178614,-0.912793,-1.27836,-0.177564,-0.931978,-1.46826,-0.219591,-1.05669,-1.48191,-0.221038,-1.03475,-1.48458,-0.195841,-1.03475,-1.47091,-0.19464,-1.05669
-0.0118295,-0.661293,-2.9782,-2.43365,838880456,-1.27372,-0.221303,-0.931978,-1.28563,-0.222782,-0.912793,-1.28795,-0.200911,-0.912793,-1.27602,-0.199646,-0.931978,-1.46557,-0.244968,-1.05669,-1.4792,-0.24666,-1.03475,-1.48187,-0.221464,-1.03475,-1.46822,-0.220017,-1.05669
-0.0561149,-0.678864,-3.0299,-3.08536,838880965,-1.28225,-0.155076,-0.959363,-1.29449,-0.155942,-0.940349,-1.29604,-0.134003,-0.940349,-1.28379,-0.133353,-0.959363,-1.47327,-0.168596,-1.08679,-1.48727,-0.169587,-1.06504,-1.48906,-0.144312,-1.06504,-1.47504,-0.143568,-1.08679
0.0487454,-0.67836,-3.01272,-21.1147,838880966,-1.28068,-0.177226,-0.959363,-1.2929,-0.178308,-0.940349,-1.29446,-0.156369,-0.940349,-1.28222,-0.155503,-0.959363,-1.47147,-0.194051,-1.08679,-1.48545,-0.195288,-1.06504,-1.48724,-0.170013,-1.06504,-1.47324,-0.169023,-1.08679
1.39159,-0.678896,-2.99538,-16.5497,838880967,-1.27606,-0.199221,-0.959363,-1.28826,-0.200514,-0.940349,-1.29058,-0.178642,-0.940349,-1.27836,-0.177564,-0.959363,-1.46649,-0.219404,-1.08679,-1.48045,-0.220883,-1.06504,-1.48312,-0.195686,-1.06504,-1.46914,-0.194453,-1.08679
0.190628,-0.678396,-2.97821,16.3032,838880968,-1.27372,-0.221303,-0.959363,-1.2859,-0.222811,-0.940349,-1.28821,-0.200939,-0.940349,-1.27602,-0.199646,-0.959363,-1.4638,-0.24478,-1.08679,-1.47773,-0.246505,-1.06504,-1.4804,-0.221308,-1.06504,-1.46645,-0.21983,-1.08679
0.169864,-0.678916,-2.95695,19.0029,838880969,-1.26746,-0.248123,-0.959363,-1.27961,-0.249838,-0.940349,-1.28268,-0.22806,-0.940349,-1.2705,-0.226559,-0.959363,-1.45708,-0.274895,-1.08679,-1.47097,-0.276857,-1.06504,-1.47451,-0.251768,-1.06504,-1.46058,-0.250051,-1.08679
0.184906,-0.678378,-1.19445,44.3767,838881070,0.48556,-1.19824,-0.959363,0.489564,-1.20984,-0.940349,0.468651,-1.21665,-0.940349,0.464852,-1.20498,-0.959363,0.548002,-1.3793,-1.08679,0.552582,-1.39257,-1.06504,0.52849,-1.40042,-1.06504,0.524145,-1.38707,-1.08679
0.175754,-0.695446,0.477929,-3.0262,838881318,1.14283,0.604557,-0.987001,1.15419,0.609863,-0.968162,1.16315,0.589778,-0.968162,1.15171,0.58467,-0.987001,1.3147,0.684879,-1.11712,1.32769,0.690948,-1.09557,1.33802,0.66781,-1.09557,1.32492,0.661966,-1.11712
0.12797,-0.69592,1.08986,5.23518,838881353,0.587598,1.1503,-0.987001,0.593857,1.16116,-0.968162,0.612913,1.15017,-0.968162,0.606467,1.13942,-0.987001,0.682308,1.31464,-1.11712,0.689468,1.32706,-1.09557,0.711421,1.31441,-1.09557,0.704047,1.30211,-1.11712
0.103087,-0.695418,1.49061,4.87546,838881376,0.0924146,1.28964,-0.987001,0.0939349,1.30209,-0.968162,0.115717,1.29905,-0.968162,0.113983,1.28663,-0.987001,0.115378,1.47796,-1.11712,0.117117,1.49219,-1.09557,0.142211,1.48869,-1.09557,0.140228,1.47449,-1.11712
-0.125079,-0.695959,-3.0299,-2.85063,838881477,-1.28225,-0.155076,-0.987001,-1.29475,-0.155961,-0.968162,-1.29631,-0.134022,-0.968162,-1.28379,-0.133353,-0.987001,-1.47146,-0.168467,-1.11712,-1.48576,-0.16948,-1.09557,-1.48755,-0.144205,-1.09557,-1.47323,-0.143439,-1.11712
-0.0219384,-0.695446,-3.01273,-3.18306,838881478,-1.28068,-0.177226,-0.987001,-1.29317,-0.178327,-0.968162,-1.29472,-0.156388,-0.968162,-1.28222,-0.155503,-0.987001,-1.46965,-0.193923,-1.11712,-1.48394,-0.195182,-1.09557,-1.48573,-0.169907,-1.09557,-1.47143,-0.168894,-1.11712
0.0555255,-0.695991,-2.99538,-1.75374,838881479,-1.27606,-0.199221,-0.987001,-1.28853,-0.200542,-0.968162,-1.29084,-0.17867,-0.968162,-1.27836,-0.177564,-0.987001,-1.46468,-0.219212,-1.11712,-1.47894,-0.220723,-1.09557,-1.48161,-0.195527,-1.09557,-1.46733,-0.194261,-1.11712
0.0473956,-0.695483,-2.97821,13.3096,838881480,-1.27372,-0.221303,-0.987001,-1.28616,-0.222839,-0.968162,-1.28848,-0.200967,-0.968162,-1.27602,-0.199646,-0.987001,-1.46199,-0.244589,-1.11712,-1.47623,-0.246346,-1.09557,-1.4789,-0.221149,-1.09557,-1.46464,-0.219638,-1.11712
0.213423,-0.713101,0.809812,10.074,838881849,0.88258,0.943008,-1.0151,0.891841,0.951966,-0.996316,0.907148,0.936141,-0.996316,0.897721,0.927355,-1.0151,1.01765,1.07366,-1.14775,1.02816,1.08384,-1.12642,1.04569,1.06572,-1.12642,1.03498,1.05574,-1.14775
0.166833,-0.712578,0.826992,-7.37864,838881850,0.867139,0.95897,-1.0151,0.876234,0.968101,-0.996316,0.891541,0.952275,-0.996316,0.882281,0.943317,-1.0151,1.00001,1.09189,-1.14775,1.01034,1.10226,-1.12642,1.02786,1.08414,-1.12642,1.01735,1.07397,-1.14775
0.175209,-0.746864,0.585377,-7.45166,838882860,1.07144,0.723696,-1.07207,1.08291,0.730602,-1.05364,1.09393,0.711542,-1.05364,1.08234,0.704843,-1.07207,1.22941,0.818681,-1.20971,1.24243,0.826524,-1.18877,1.25504,0.804706,-1.18877,1.24189,0.797098,-1.20971
0.107216,-0.747395,0.775289,29.0654,838882871,0.914634,0.912031,-1.07207,0.924572,0.920994,-1.05364,0.939318,0.904644,-1.05364,0.929219,0.895859,-1.07207,1.05149,1.03546,-1.20971,1.06278,1.04564,-1.18877,1.07966,1.02693,-1.18877,1.06819,1.01695,-1.20971
0.242946,-0.74685,0.792464,11.2688,838882872,0.89976,0.928523,-1.07207,0.909538,0.937664,-1.05364,0.924284,0.921314,-1.05364,0.914346,0.912351,-1.07207,1.03451,1.0543,-1.20971,1.04561,1.06468,-1.18877,1.06249,1.04596,-1.18877,1.05121,1.03578,-1.20971
0.733944,-0.746918,0.861499,1.80507,838882876,0.833475,0.98826,-1.07207,0.84259,0.998061,-1.05364,0.858442,0.98278,-1.05364,0.849153,0.973145,-1.07207,0.959113,1.12313,-1.20971,0.969465,1.13426,-1.18878,0.98761,1.11677,-1.18877,0.977063,1.10583,-1.20971
0.13802,-0.747475,0.882751,-2.62575,838882877,0.811439,1.00478,-1.07207,0.820388,1.01473,-1.05364,0.83676,1.00001,-1.05364,0.827633,0.990217,-1.07207,0.934672,1.14182,-1.20971,0.944835,1.15312,-1.18877,0.963575,1.13627,-1.18877,0.953211,1.12515,-1.20971
0.111356,-0.781145,0.512422,6.89684,838883880,1.12121,0.643595,-1.13017,1.13357,0.649903,-1.11211,1.14324,0.630122,-1.11211,1.13078,0.62403,-1.13017,1.28203,0.725716,-1.2727,1.29607,0.732879,-1.25218,1.30714,0.710236,-1.25218,1.29298,0.703318,-1.2727
0.171881,-0.781125,1.24898,3.76283,838883922,0.398253,1.23002,-1.13017,0.403219,1.24297,-1.11211,0.423638,1.23474,-1.11211,0.41845,1.22187,-1.13017,0.462856,1.39864,-1.2727,0.468495,1.41335,-1.25218,0.491869,1.40393,-1.25218,0.485978,1.38932,-1.2727
0.145292,-0.820533,0.585356,-10.9457,838884908,1.07144,0.723697,-1.19895,1.08386,0.731182,-1.18106,1.09489,0.712102,-1.18106,1.08234,0.704844,-1.19895,1.22305,0.814818,-1.34602,1.23706,0.823256,-1.32584,1.2496,0.801559,-1.32584,1.23545,0.793378,-1.34602
0.193831,-0.872652,0.844288,-6.07351,838886459,0.849464,0.972846,-1.2913,0.859993,0.983769,-1.27397,0.875861,0.968472,-1.27397,0.865143,0.957732,-1.2913,0.968234,1.09605,-1.445,0.980103,1.10836,-1.42546,0.998147,1.09097,-1.42546,0.986065,1.07886,-1.445
0.233331,-0.871999,1.28347,-26.5594,838886484,0.355587,1.24309,-1.2913,0.36052,1.25744,-1.27397,0.381236,1.24992,-1.27397,0.376057,1.23566,-1.2913,0.411201,1.40496,-1.445,0.416762,1.42114,-1.42546,0.440319,1.41258,-1.42546,0.43448,1.39651,-1.445
0.276571,-0.871946,2.08515,4.91351,838886530,-0.645913,1.12015,-1.2913,-0.65281,1.13367,-1.27397,-0.633007,1.14334,-1.27397,-0.626346,1.12971,-1.2913,-0.723731,1.27259,-1.445,-0.731505,1.28783,-1.42546,-0.708987,1.29883,-1.42546,-0.701479,1.28347,-1.445
0.117108,-0.889116,0.65437,27.0569,838886960,1.01903,0.795919,-1.32289,1.03166,0.804791,-1.30571,1.04401,0.786512,-1.30571,1.03122,0.777873,-1.32289,1.15773,0.893022,-1.47862,1.17186,0.902951,-1.45939,1.18581,0.882304,-1.45939,1.1715,0.872636,-1.47862
0.187131,-0.88974,0.740732,-29.8419,838886965,0.945588,0.879952,-1.32289,0.957403,0.889882,-1.30571,0.971595,0.872995,-1.30571,0.9596,0.86328,-1.32289,1.07518,0.988869,-1.47862,1.0884,0.999981,-1.45939,1.10443,0.980907,-1.45939,1.09101,0.970036,-1.47862
0.17288,-0.889804,1.26629,7.32473,838886995,0.376464,1.23551,-1.32289,0.381733,1.25002,-1.30571,0.402466,1.24248,-1.30571,0.396933,1.22807,-1.32289,0.434258,1.39462,-1.47862,0.440154,1.41086,-1.45939,0.463573,1.40235,-1.45939,0.457381,1.38622,-1.47862
-0.00636564,-0.9069,-0.0609445,-2.58152,838887431,1.28993,-0.0674049,-1.3548,1.30548,-0.0690282,-1.3378,1.30319,-0.0909678,-1.3378,1.28766,-0.089065,-1.3548,1.45644,-0.0847858,-1.51253,1.47384,-0.0866023,-1.4935,1.47126,-0.111384,-1.4935,1.45388,-0.109255,-1.51253
0.0726977,-0.906261,-0.0437668,5.89694,838887432,1.29223,-0.0453125,-1.3548,1.30781,-0.0466565,-1.3378,1.30552,-0.068596,-1.3378,1.28997,-0.0669726,-1.3548,1.45904,-0.0598846,-1.51253,1.47647,-0.0613886,-1.4935,1.47389,-0.0861701,-1.4935,1.45648,-0.0843535,-1.51253
-0.0918946,-0.906887,-0.0264303,-2.39537,838887433,1.2915,-0.0228564,-1.3548,1.3071,-0.0239356,-1.3378,1.30558,-0.0459417,-1.3378,1.29,-0.0445823,-1.3548,1.45852,-0.0344111,-1.51253,1.47598,-0.0356188,-1.4935,1.47426,-0.0604755,-1.4935,1.45682,-0.0589542,-1.51253
-0.0222622,-0.906253,-0.00925251,-1.37077,838887434,1.29304,-0.000696916,-1.3548,1.30865,-0.00149596,-1.3378,1.30713,-0.0235021,-1.3378,1.29153,-0.0224228,-1.3548,1.46025,-0.00943436,-1.51253,1.47773,-0.0103285,-1.4935,1.47601,-0.0351852,-1.4935,1.45855,-0.0339775,-1.51253
0.11671,-0.906255,0.723393,27.3796,838887476,0.961713,0.864306,-1.3548,0.973855,0.874164,-1.3378,0.987449,0.856792,-1.3378,0.975134,0.847155,-1.3548,1.09182,0.969703,-1.51253,1.10541,0.980734,-1.4935,1.12076,0.961112,-1.4935,1.10698,0.950329,-1.51253
0.187485,-0.907001,1.23177,0.768799,838887505,0.418851,1.22171,-1.3548,0.4247,1.23621,-1.3378,0.445157,1.22796,-1.3378,0.439048,1.21357,-1.3548,0.481468,1.37698,-1.51253,0.488013,1.39321,-1.4935,0.51112,1.38389,-1.4935,0.504284,1.36778,-1.51253
0.122326,-0.906938,1.85696,33.0489,838887541,-0.375377,1.23584,-1.3548,-0.379173,1.25101,-1.3378,-0.357774,1.25636,-1.3378,-0.354251,1.24113,-1.3548,-0.416016,1.39825,-1.51253,-0.420264,1.41523,-1.4935,-0.396093,1.42127,-1.4935,-0.39215,1.40422,-1.51253
0.294608,-0.906892,-2.40086,50.4348,838887657,-0.945588,-0.879952,-1.3548,-0.957559,-0.890013,-1.3378,-0.971751,-0.873126,-1.3378,-0.9596,-0.86328,-1.3548,-1.07375,-0.987667,-1.51253,-1.08715,-0.998926,-1.4935,-1.10318,-0.979852,-1.4935,-1.08958,-0.968834,-1.51253
-0.0355902,-0.924029,-0.0609479,-3.08594,838887943,1.28993,-0.0674049,-1.38705,1.30568,-0.0690492,-1.37024,1.30339,-0.0909887,-1.37024,1.28766,-0.089065,-1.38705,1.45456,-0.0845894,-1.54677,1.47218,-0.0864294,-1.52795,1.4696,-0.111211,-1.52795,1.452,-0.109058,-1.54677
-0.0234758,-0.923383,-0.0437715,-2.67548,838887944,1.29223,-0.0453125,-1.38705,1.30801,-0.0466774,-1.37024,1.30572,-0.0686169,-1.37024,1.28997,-0.0669726,-1.38705,1.45716,-0.0596882,-1.54677,1.47482,-0.0612156,-1.52795,1.47223,-0.0859971,-1.52795,1.4546,-0.0841571,-1.54677
0.214227,-0.924016,-0.0264336,12.3704,838887945,1.2915,-0.0228563,-1.38705,1.3073,-0.0239496,-1.37024,1.30578,-0.0459557,-1.37024,1.29,-0.0445822,-1.38705,1.45663,-0.0342805,-1.54677,1.47431,-0.0355039,-1.52795,1.47259,-0.0603606,-1.52795,1.45494,-0.0588236,-1.54677
0.134287,-0.923375,-0.00925715,-1.12432,838887946,1.29304,-0.000696913,-1.38705,1.30886,-0.00150987,-1.37024,1.30733,-0.023516,-1.37024,1.29153,-0.0224228,-1.38705,1.45836,-0.0093038,-1.54677,1.47606,-0.0102135,-1.52795,1.47434,-0.0350702,-1.52795,1.45666,-0.0338469,-1.54677
-0.0487553,-0.941138,-0.0609512,-2.49035,838888455,1.28993,-0.0674048,-1.41968,1.30588,-0.0690699,-1.40306,1.30359,-0.0910094,-1.40306,1.28766,-0.089065,-1.41968,1.45265,-0.0843905,-1.58135,1.4705,-0.0862537,-1.56275,1.46791,-0.111035,-1.56275,1.4501,-0.108859,-1.58135
0.289059,-0.940485,-0.0437761,1.78739,838888456,1.29223,-0.0453124,-1.41968,1.30821,-0.0466981,-1.40306,1.30592,-0.0686376,-1.40306,1.28997,-0.0669725,-1.41968,1.45525,-0.0594893,-1.58135,1.47313,-0.06104,-1.56275,1.47055,-0.0858215,-1.56275,1.4527,-0.0839582,-1.58135
2.10444,-0.941124,-0.0264369,0.720729,838888457,1.2915,-0.0228563,-1.41968,1.3075,-0.0239633,-1.40306,1.30598,-0.0459694,-1.40306,1.29,-0.0445822,-1.41968,1.45472,-0.0341483,-1.58135,1.47263,-0.0353871,-1.56275,1.47091,-0.0602438,-1.56275,1.45302,-0.0586914,-1.58135
-0.0131785,-0.940477,-0.00926173,-1.80345,838888458,1.29304,-0.000696859,-1.41968,1.30905,-0.00152368,-1.40306,1.30753,-0.0235298,-1.40306,1.29153,-0.0224227,-1.41968,1.45645,-0.00917156,-1.58135,1.47438,-0.0100968,-1.56275,1.47266,-0.0349535,-1.56275,1.45475,-0.0337147,-1.58135
0.0912627,-0.958229,-0.0609544,14.522,838888967,1.28993,-0.0674049,-1.45268,1.30607,-0.0690903,-1.43625,1.30378,-0.0910298,-1.43625,1.28766,-0.089065,-1.45268,1.45072,-0.0841893,-1.6163,1.46879,-0.0860753,-1.59791,1.46621,-0.110857,-1.59791,1.44817,-0.108658,-1.6163
-0.0850403,-0.957569,-0.0437807,-3.11882,838888968,1.29223,-0.0453125,-1.45268,1.30841,-0.0467185,-1.43625,1.30612,-0.0686581,-1.43625,1.28997,-0.0669726,-1.45268,1.45332,-0.0592882,-1.6163,1.47142,-0.0608616,-1.59791,1.46884,-0.0856431,-1.59791,1.45077,-0.083757,-1.6163
-0.0858776,-0.958215,-0.0264401,-3.81595,838888969,1.2915,-0.0228564,-1.45268,1.3077,-0.0239769,-1.43625,1.30618,-0.045983,-1.43625,1.29,-0.0445822,-1.45268,1.45279,-0.0340146,-1.6163,1.47091,-0.0352685,-1.59791,1.46919,-0.0601252,-1.59791,1.45109,-0.0585577,-1.6163
-0.0480534,-0.95756,-0.00926625,-4.16217,838888970,1.29303,-0.000696941,-1.45268,1.30925,-0.00153718,-1.43625,1.30773,-0.0235433,-1.43625,1.29153,-0.0224228,-1.45268,1.45452,-0.00903787,-1.6163,1.47266,-0.00997812,-1.59791,1.47094,-0.0348348,-1.59791,1.45282,-0.033581,-1.6163
0.495154,-0.991915,0.82692,3.03087,838890042,0.867137,0.958973,-1.52031,0.878944,0.970809,-1.50416,0.894293,0.954942,-1.50416,0.882278,0.94332,-1.52031,0.978834,1.07072,-1.68749,0.991949,1.08387,-1.66955,1.00917,1.06607,-1.66955,0.995825,1.05316,-1.68749
0.156821,-1.00904,0.826916,-1.3607,838890554,0.867137,0.958973,-1.55471,0.879072,0.970934,-1.53874,0.894422,0.955067,-1.53874,0.882278,0.94332,-1.55471,0.977485,1.06942,-1.72364,0.990744,1.0827,-1.70591,1.00797,1.0649,-1.70591,0.994477,1.05185,-1.72364
0.247514,-1.04394,1.19331,4.31702,838891599,0.465504,1.20471,-1.62476,0.472505,1.22047,-1.60917,0.492681,1.21151,-1.60917,0.485407,1.19587,-1.62476,0.527325,1.34389,-1.79714,0.535102,1.3614,-1.77982,0.557739,1.35134,-1.77982,0.549659,1.33397,-1.79714
0.222092,-1.11246,3.0806,28.2257,838893755,-1.28993,0.0674071,-1.77121,-1.30786,0.0692788,-1.75626,-1.30556,0.0912523,-1.75626,-1.28766,0.0890672,-1.77121,-1.43411,0.0824576,-1.94979,-1.45389,0.0845216,-1.9333,-1.45133,0.109014,-1.9333,-1.43159,0.106604,-1.94979
0.222315,-1.12885,2.39964,-41.2394,838894228,-0.960782,0.86534,-1.80898,-0.97365,0.878193,-1.79421,-0.957768,0.893551,-1.79421,-0.945127,0.88048,-1.80898,-1.06206,0.966469,-1.98905,-1.07625,0.980642,-1.97277,-1.05855,0.997761,-1.97277,-1.04461,0.983347,-1.98905
0.193944,-1.12892,-0.569372,42.7513,838894418,1.09498,-0.687438,-1.80898,1.10989,-0.697859,-1.79421,1.09692,-0.715744,-1.79421,1.0822,-0.705068,-1.80898,1.21229,-0.769429,-1.98905,1.22873,-0.780921,-1.97277,1.21427,-0.800855,-1.97277,1.19804,-0.789083,-1.98905
0.260318,-1.18624,-0.341046,47.9498,838895967,1.22106,-0.421319,-1.93814,1.2385,-0.428352,-1.92378,1.23024,-0.448857,-1.92378,1.21292,-0.441518,-1.93814,1.34885,-0.472834,-2.12232,1.36795,-0.480534,-2.1066,1.35879,-0.503242,-2.1066,1.33983,-0.495206,-2.12232
0.312262,-1.20262,3.13228,43.1593,838896318,-1.29304,0.000693681,-1.97827,-1.31196,0.00167144,-1.9641,-1.31043,0.0237272,-1.9641,-1.29153,0.0224196,-1.97827,-1.42885,0.00774023,-2.16379,-1.44957,0.00881088,-2.14826,-1.44788,0.0332363,-2.14826,-1.42719,0.0318044,-2.16379
0.708384,-1.21973,-0.776482,39.1186,838896966,0.930331,-0.897957,-2.01894,0.943356,-0.911909,-2.00495,0.926937,-0.926714,-2.00495,0.914157,-0.91254,-2.01894,1.02191,-0.996029,-2.20576,1.03618,-1.01131,-2.19045,1.01799,-1.0277,-2.19045,1.004,-1.01218,-2.20576
0.224631,-1.23762,-2.539,37.1032,838897377,-1.05765,-0.741433,-2.06045,-1.07406,-0.751701,-2.04655,-1.0858,-0.732949,-2.04655,-1.06921,-0.722973,-2.06045,-1.16994,-0.811708,-2.24849,-1.18779,-0.822876,-2.23337,-1.20071,-0.802239,-2.23337,-1.18266,-0.791387,-2.24849
0.350951,-1.28897,-0.0265127,49.5743,838898697,1.2915,-0.0228607,-2.18821,1.31118,-0.0242221,-2.17484,1.30965,-0.0462911,-2.17484,1.29,-0.0445866,-2.18821,1.41851,-0.0316476,-2.37977,1.43992,-0.0331284,-2.36523,1.43824,-0.0574163,-2.36523,1.41686,-0.0555623,-2.37977
0.123531,-1.28824,1.1069,13.6439,838898762,0.568352,1.16139,-2.18821,0.577903,1.17865,-2.17484,0.59707,1.1676,-2.17484,0.587221,1.15051,-2.18821,0.630021,1.27279,-2.37977,0.64041,1.29157,-2.36523,0.661504,1.27941,-2.36523,0.650791,1.26082,-2.37977
0.324092,-1.28902,-1.49181,-29.6438,838898973,0.113274,-1.28667,-2.18821,0.113976,-1.30638,-2.17484,0.0918678,-1.30717,-2.17484,0.0915096,-1.28745,-2.18821,0.117804,-1.41391,-2.37977,0.118568,-1.43535,-2.36523,0.0942374,-1.43621,-2.36523,0.0938478,-1.41476,-2.37977
0.904441,-1.30617,-2.99553,-2.14645,838899399,-1.27606,-0.199213,-2.23194,-1.2958,-0.201305,-2.21875,-1.29813,-0.179306,-2.21875,-1.27836,-0.177557,-2.23194,-1.40094,-0.212448,-2.42464,-1.4224,-0.214723,-2.4103,-1.42497,-0.190513,-2.4103,-1.40346,-0.18861,-2.42464
0.157389,-1.30609,-2.7155,0.328217,838899415,-1.17141,-0.5442,-2.23194,-1.1898,-0.551649,-2.21875,-1.19811,-0.531145,-2.21875,-1.17958,-0.524014,-2.23194,-1.2878,-0.591337,-2.42464,-1.30781,-0.599439,-2.4103,-1.31695,-0.576874,-2.4103,-1.2968,-0.569118,-2.42464
0.117493,-1.30544,-0.185817,-2.92934,838899560,1.2726,-0.227674,-2.23194,1.29194,-0.232124,-2.21875,1.28661,-0.253594,-2.21875,1.26735,-0.248809,-2.23194,1.395,-0.255818,-2.42464,1.41604,-0.260659,-2.4103,1.41017,-0.284287,-2.4103,1.38922,-0.279083,-2.42464
22.2231,-1.32328,1.12422,41.928,838899787,0.547548,1.16985,-2.27679,0.556981,1.18762,-2.26367,0.576532,1.17725,-2.26367,0.566785,1.15964,-2.27679,0.605652,1.27934,-2.47054,0.615845,1.29855,-2.45637,0.637234,1.2872,-2.45637,0.6267,1.26817,-2.47054
0.182868,-1.32253,-0.254857,51.3865,838900068,1.25401,-0.314947,-2.27679,1.27326,-0.32081,-2.26367,1.26644,-0.341867,-2.26367,1.24729,-0.335664,-2.27679,1.37256,-0.351203,-2.47054,1.39336,-0.35754,-2.45637,1.3859,-0.380574,-2.45637,1.36521,-0.373872,-2.47054
0.163194,-1.34052,0.495121,42.1992,838900263,1.13097,0.623637,-2.32205,1.14915,0.632521,-2.30911,1.15887,0.612636,-2.30911,1.14053,0.604071,-2.32205,1.24087,0.677356,-2.51684,1.26051,0.686958,-2.50285,1.27114,0.665204,-2.50285,1.25133,0.655948,-2.51684
0.195116,-1.44324,-2.15545,43.0564,838903543,-0.703342,-1.0834,-2.60821,-0.715695,-1.10043,-2.59617,-0.73362,-1.08743,-2.59617,-0.72097,-1.07061,-2.60821,-0.769548,-1.17466,-2.80869,-0.782814,-1.19295,-2.79575,-0.802312,-1.17881,-2.79575,-0.788726,-1.16075,-2.80869
0.121028,-1.47672,-2.90543,6.13034,838904524,-1.25434,-0.313605,-2.70935,-1.27517,-0.317667,-2.69763,-1.27903,-0.29586,-2.69763,-1.25814,-0.292161,-2.70935,-1.36195,-0.334599,-2.91156,-1.38432,-0.33896,-2.89897,-1.38852,-0.315241,-2.89897,-1.36608,-0.311268,-2.91156
0.112754,-1.47677,-2.24182,22.154,838904562,-0.79492,-1.01963,-2.70935,-0.808835,-1.03566,-2.69763,-0.825302,-1.02085,-2.69763,-0.811113,-1.00507,-2.70935,-0.866795,-1.10243,-2.91156,-0.88174,-1.11964,-2.89897,-0.899651,-1.10353,-2.89897,-0.884412,-1.08658,-2.91156
0.121955,0.0117404,1.17663,14.6054,838926926,0.506051,1.18833,0.026932,0.506051,1.18833,0.00338405,0.485583,1.1958,0.00338403,0.485593,1.19579,0.0269319,0.584906,1.40439,0.0288321,0.584906,1.40439,0.00338406,0.560667,1.41323,0.00338403,0.560678,1.41323,0.028832
0.374308,0.0117304,1.19398,-11.0951,838926927,0.485819,1.19814,0.0269319,0.485829,1.19813,0.00338403,0.465113,1.20488,0.00338405,0.465113,1.20488,0.026932,0.560896,1.41557,0.028832,0.560907,1.41557,0.00338403,0.536374,1.42356,0.00338405,0.536374,1.42356,0.0288321
0.11022,0.0302665,1.15947,-2.46691,838927437,0.526902,1.18072,0.0508939,0.526978,1.1809,0.0273468,0.50651,1.18837,0.0273468,0.506444,1.18818,0.0508939,0.609519,1.39538,0.054686,0.609602,1.39557,0.0292388,0.585363,1.40442,0.0292388,0.585291,1.40422,0.054686
0.176413,0.0673065,1.19399,11.0079,838928463,0.485819,1.19814,0.0988267,0.486009,1.19868,0.075286,0.465293,1.20544,0.075286,0.465113,1.20488,0.0988267,0.56086,1.41546,0.106402,0.561065,1.41606,0.0809616,0.536532,1.42405,0.0809616,0.536338,1.42345,0.106402
0.159637,0.0673679,-2.97764,26.1835,838928584,-1.27593,-0.200051,0.0988267,-1.2765,-0.200172,0.075286,-1.27199,-0.221488,0.075286,-1.27142,-0.221357,0.0988267,-1.50083,-0.247654,0.106402,-1.50144,-0.247784,0.0809616,-1.4961,-0.273028,0.0809616,-1.49549,-0.272886,0.106402
0.365812,0.103819,-0.952258,39.0164,838929724,0.740041,-1.05863,0.14541,0.740602,-1.05935,0.123253,0.757806,-1.04593,0.123253,0.757214,-1.04524,0.14541,0.881257,-1.23972,0.158875,0.881919,-1.24057,0.132711,0.902272,-1.22469,0.132711,0.901573,-1.22387,0.158875
0.172865,0.381256,2.27975,39.5316,838937741,-0.83326,0.98844,0.51674,-0.837993,0.993549,0.49528,-0.853773,0.978343,0.49528,-0.848942,0.973329,0.51674,-0.981571,1.14774,0.591284,-0.987089,1.15369,0.566263,-1.00557,1.13588,0.566263,-0.999941,1.13003,0.591284
0.160036,0.490218,-0.810111,49.0882,838940996,0.88237,-0.943205,0.671209,0.888829,-0.949455,0.65052,0.904089,-0.933687,0.65052,0.897515,-0.927555,0.671209,1.03293,-1.08891,0.766148,1.04042,-1.09616,0.742167,1.0582,-1.07778,0.742167,1.05058,-1.07067,0.766148
0.280593,0.507086,-0.163661,40.4795,838941185,1.27367,-0.221581,0.696394,1.28291,-0.222729,0.675848,1.28523,-0.200908,0.675848,1.27597,-0.199925,0.696394,1.48015,-0.247136,0.794583,1.49086,-0.248467,0.770768,1.49356,-0.223034,0.770768,1.48283,-0.221895,0.794583
0.439441,0.524297,-0.163654,48.8646,838941697,1.27367,-0.221581,0.721761,1.28323,-0.222762,0.701362,1.28555,-0.200942,0.701362,1.27597,-0.199925,0.721761,1.4786,-0.246972,0.823176,1.48968,-0.248341,0.799532,1.49238,-0.222909,0.799532,1.48128,-0.221731,0.823176
0.406645,0.644155,0.496084,-49.6655,838945319,1.14231,0.605543,0.904837,1.15237,0.611564,0.885485,1.14073,0.630226,0.885485,1.13078,0.624021,0.904837,1.30954,0.705936,1.02681,1.32105,0.712824,1.00467,1.30764,0.734324,1.00467,1.29626,0.727225,1.02681
0.244207,0.678346,-0.934684,50.1842,838946621,0.759077,-1.04667,0.959363,0.766788,-1.05622,0.940349,0.783649,-1.04209,0.940349,0.775772,-1.03269,0.959363,0.879501,-1.1956,1.08679,0.888322,-1.20652,1.06504,0.907747,-1.19025,1.06504,0.898736,-1.17949,1.08679
0.383832,0.730304,-2.24081,4.31368,838948082,-0.810781,-1.00531,1.04345,-0.818513,-1.01593,1.02484,-0.800714,-1.02889,1.02484,-0.793176,-1.01813,1.04345,-0.920347,-1.15577,1.1786,-0.929128,-1.16783,1.15747,-0.908754,-1.18267,1.15747,-0.900193,-1.17045,1.1786
0.215139,0.781105,-2.22345,-26.2696,838949619,-0.794049,-1.02031,1.13017,-0.802016,-1.03167,1.11211,-0.783776,-1.044,1.11211,-0.776007,-1.03251,1.13017,-0.897781,-1.16812,1.2727,-0.906829,-1.18102,1.25218,-0.88595,-1.19513,1.25218,-0.877127,-1.18208,1.2727
0.117983,0.78168,-1.26655,31.4414,838949674,0.37619,-1.23559,1.13017,0.380923,-1.24863,1.11211,0.401619,-1.24112,1.11211,0.396661,-1.22816,1.13017,0.437791,-1.40531,1.2727,0.443166,-1.42011,1.25218,0.466857,-1.41151,1.25218,0.461226,-1.3968,1.2727
0.133171,0.872587,-2.5208,-16.8167,838952162,-1.05716,-0.742134,1.2913,-1.06913,-0.751463,1.27397,-1.05558,-0.768844,1.27397,-1.04377,-0.759309,1.2913,-1.19212,-0.847353,1.445,-1.20561,-0.857868,1.42546,-1.1902,-0.877633,1.42546,-1.1769,-0.866885,1.445
0.0188442,0.889223,1.23271,-2.42187,838952529,0.43939,1.21584,1.32289,0.443931,1.2306,1.30571,0.422733,1.2367,1.30571,0.418463,1.22187,1.32289,0.488943,1.37774,1.47862,0.494024,1.39425,1.45939,0.47008,1.40114,1.45939,0.465302,1.38454,1.47862
-0.00761923,0.889824,1.2499,-2.12783,838952530,0.418045,1.22199,1.32289,0.422315,1.23682,1.30571,0.401118,1.24292,1.30571,0.397118,1.22801,1.32289,0.464884,1.38466,1.47862,0.469663,1.40126,1.45939,0.445719,1.40815,1.45939,0.441243,1.39147,1.47862
-0.0338135,0.889179,1.26723,-2.02646,838952531,0.397196,1.23036,1.32289,0.401218,1.24526,1.30571,0.37982,1.25062,1.30571,0.376071,1.23565,1.32289,0.441064,1.39389,1.47862,0.445565,1.41057,1.45939,0.421395,1.41662,1.45939,0.417199,1.39987,1.47862
0.0269827,0.889786,1.28441,-2.11456,838952532,0.375649,1.23576,1.32289,0.379399,1.25073,1.30571,0.358001,1.25609,1.30571,0.354524,1.24105,1.32289,0.416778,1.39997,1.47862,0.420974,1.41672,1.45939,0.396804,1.42278,1.45939,0.392913,1.40595,1.47862
0.121063,0.889146,1.30175,24.2119,838952533,0.35452,1.2434,1.32289,0.358019,1.25843,1.30571,0.336447,1.26304,1.30571,0.333223,1.24795,1.32289,0.39265,1.40836,1.47862,0.396566,1.42518,1.45939,0.372199,1.43039,1.45939,0.368591,1.4135,1.47862
0.057313,0.889146,1.65081,-0.37449,838952553,-0.0921276,1.28967,1.32289,-0.0939814,1.30499,1.30571,-0.115829,1.30194,1.30571,-0.113697,1.28666,1.32289,-0.112716,1.45772,1.47862,-0.114791,1.47487,1.45939,-0.139468,1.47142,1.45939,-0.137082,1.45432,1.47862
0.0531216,0.906369,1.23272,-1.7974,838953041,0.43939,1.21584,1.3548,0.443987,1.23079,1.3378,0.422789,1.23689,1.3378,0.418463,1.22187,1.3548,0.488426,1.37594,1.51253,0.49357,1.39267,1.4935,0.469627,1.39956,1.4935,0.464785,1.38275,1.51253
0.227961,0.906977,1.2499,-8.16916,838953042,0.418045,1.22199,1.3548,0.422372,1.23702,1.3378,0.401174,1.24312,1.3378,0.397118,1.22801,1.3548,0.464367,1.38287,1.51253,0.469209,1.39969,1.4935,0.445266,1.40658,1.4935,0.440726,1.38968,1.51253
2.06136,0.906325,1.26724,-0.416566,838953043,0.397196,1.23036,1.3548,0.401267,1.24546,1.3378,0.37987,1.25082,1.3378,0.376071,1.23565,1.3548,0.44061,1.39208,1.51253,0.445166,1.40897,1.4935,0.420997,1.41503,1.4935,0.416745,1.39805,1.51253
0.0739143,0.906938,1.28442,-3.22534,838953044,0.375649,1.23576,1.3548,0.379448,1.25093,1.3378,0.35805,1.25629,1.3378,0.354524,1.24105,1.3548,0.416324,1.39816,1.51253,0.420575,1.41513,1.4935,0.396406,1.42119,1.4935,0.392459,1.40414,1.51253
0.0081267,0.906292,1.30175,-2.81916,838953045,0.35452,1.2434,1.3548,0.358062,1.25863,1.3378,0.33649,1.26324,1.3378,0.333223,1.24795,1.3548,0.39226,1.40653,1.51253,0.396223,1.42358,1.4935,0.371857,1.42878,1.4935,0.368201,1.41167,1.51253
0.256626,0.9069,1.45699,44.021,838953054,0.157894,1.282,1.3548,0.159,1.2976,1.3378,0.136996,1.29916,1.3378,0.136171,1.28354,1.3548,0.169729,1.449,1.51253,0.170966,1.46645,1.4935,0.146112,1.46821,1.4935,0.145189,1.45074,1.51253
0.0148765,0.906291,1.65082,-2.55826,838953065,-0.0921276,1.28967,1.3548,-0.0940095,1.30519,1.3378,-0.115857,1.30214,1.3378,-0.113697,1.28666,1.3548,-0.112458,1.45587,1.51253,-0.114564,1.47324,1.4935,-0.139242,1.4698,1.4935,-0.136824,1.45247,1.51253
0.0048521,0.923492,1.23272,-3.36691,838953553,0.43939,1.21584,1.38705,0.444043,1.23099,1.37024,0.422845,1.23709,1.37024,0.418463,1.22187,1.38705,0.487903,1.37413,1.54677,0.493109,1.39107,1.52795,0.469166,1.39796,1.52795,0.464262,1.38093,1.54677
0.0411853,0.924107,1.2499,-3.11954,838953554,0.418045,1.22199,1.38705,0.422428,1.23721,1.37024,0.40123,1.24331,1.37024,0.397118,1.22801,1.38705,0.463844,1.38105,1.54677,0.468748,1.39808,1.52795,0.444804,1.40498,1.52795,0.440203,1.38786,1.54677
0.0837021,0.923448,1.26724,-3.58036,838953555,0.397196,1.23036,1.38705,0.401316,1.24566,1.37024,0.379919,1.25102,1.37024,0.376071,1.23565,1.38705,0.440151,1.39024,1.54677,0.444762,1.40736,1.52795,0.420592,1.41341,1.52795,0.416286,1.39622,1.54677
0.0412146,0.924068,1.28442,-2.14396,838953556,0.375649,1.23576,1.38705,0.379497,1.25112,1.37024,0.358099,1.25648,1.37024,0.354524,1.24105,1.38705,0.415864,1.39632,1.54677,0.42017,1.41352,1.52795,0.396001,1.41957,1.52795,0.392,1.4023,1.54677
-0.0569238,0.923414,1.30176,-2.68156,838953557,0.35452,1.2434,1.38705,0.358104,1.25883,1.37024,0.336532,1.26344,1.37024,0.333223,1.24795,1.38705,0.391865,1.40468,1.54677,0.395875,1.42195,1.52795,0.371509,1.42715,1.52795,0.367806,1.40982,1.54677
-0.330087,0.923492,1.58179,-2.06147,838953573,-0.0029507,1.2928,1.38705,-0.00375809,1.30862,1.37024,-0.0257647,1.3071,1.37024,-0.0246771,1.2913,1.38705,-0.0114996,1.45813,1.54677,-0.0124031,1.47583,1.52795,-0.0372604,1.47412,1.52795,-0.0360433,1.45644,1.54677
-0.332059,0.924107,1.59897,-3.52803,838953574,-0.0251107,1.29127,1.38705,-0.0261983,1.30707,1.37024,-0.048205,1.30556,1.37024,-0.0468371,1.28978,1.38705,-0.0364769,1.45641,1.54677,-0.037694,1.47409,1.52795,-0.0625513,1.47238,1.52795,-0.0610206,1.45472,1.54677
-0.0425419,0.923414,1.65082,-1.25811,838953577,-0.0921276,1.28967,1.38705,-0.0940374,1.30539,1.37024,-0.115885,1.30234,1.37024,-0.113697,1.28666,1.38705,-0.112197,1.45399,1.54677,-0.114334,1.47159,1.52795,-0.139011,1.46815,1.52795,-0.136563,1.4506,1.54677
0.287524,0.924068,1.98255,49.3218,838953596,-0.506566,1.18811,1.38705,-0.513494,1.20235,1.37024,-0.533331,1.1927,1.37024,-0.52615,1.17858,1.38705,-0.57897,1.33696,1.54677,-0.586722,1.3529,1.52795,-0.609128,1.342,1.52795,-0.601093,1.3262,1.54677
-0.0301268,0.923375,-2.43442,-3.10996,838953703,-0.990257,-0.831463,1.38705,-1.00186,-0.842252,1.37024,-0.986548,-0.858135,1.37024,-0.975144,-0.847143,1.38705,-1.1114,-0.944299,1.54677,-1.12438,-0.956372,1.52795,-1.10709,-0.974312,1.52795,-1.09432,-0.962013,1.54677
0.0787286,0.924016,-2.41725,46.7513,838953704,-0.974843,-0.847456,1.38705,-0.986246,-0.858448,1.37024,-0.970938,-0.87433,1.37024,-0.95973,-0.863136,1.38705,-1.09402,-0.962326,1.54677,-1.10678,-0.974625,1.52795,-1.08949,-0.992565,1.52795,-1.07695,-0.980039,1.54677
-0.0168624,0.923383,-2.39991,-3.4127,838953705,-0.960971,-0.86513,1.38705,-0.972186,-0.876318,1.37024,-0.956332,-0.891656,1.37024,-0.945319,-0.880273,1.38705,-1.0781,-0.982129,1.54677,-1.09065,-0.994648,1.52795,-1.07274,-1.01197,1.52795,-1.06041,-0.999235,1.54677
0.0372739,0.924029,-2.38273,47.7028,838953706,-0.945007,-0.880575,1.38705,-0.95602,-0.891958,1.37024,-0.940167,-0.907296,1.37024,-0.929355,-0.895718,1.38705,-1.0601,-0.999537,1.54677,-1.07243,-1.01227,1.52795,-1.05452,-1.0296,1.52795,-1.04242,-1.01664,1.54677
0.0632216,0.923402,-2.36539,-2.1513,838953707,-0.930526,-0.897754,1.38705,-0.941344,-0.909327,1.37024,-0.924964,-0.924102,1.37024,-0.914355,-0.912341,1.38705,-1.04349,-1.01877,1.54677,-1.0556,-1.03172,1.52795,-1.0371,-1.04841,1.52795,-1.02523,-1.03525,1.54677
-0.00837309,0.940595,1.23273,-2.98649,838954065,0.439391,1.21584,1.41968,0.444098,1.23118,1.40306,0.4229,1.23728,1.40306,0.418463,1.22187,1.41968,0.487373,1.37228,1.58135,0.492641,1.38944,1.56275,0.468697,1.39634,1.56275,0.463732,1.37909,1.58135
0.0732723,0.941216,1.2499,-22.5007,838954066,0.418045,1.22199,1.41968,0.422483,1.2374,1.40306,0.401285,1.2435,1.40306,0.397118,1.22801,1.41968,0.463314,1.37921,1.58135,0.46828,1.39646,1.56275,0.444336,1.40335,1.56275,0.439673,1.38602,1.58135
-0.121076,0.94055,1.26724,-2.61294,838954067,0.397196,1.23036,1.41968,0.401365,1.24585,1.40306,0.379967,1.25121,1.40306,0.376071,1.23565,1.41968,0.439685,1.38838,1.58135,0.44435,1.40572,1.56275,0.420181,1.41177,1.56275,0.415821,1.39436,1.58135
0.0894233,0.941177,1.28442,-7.90557,838954068,0.375649,1.23576,1.41968,0.379545,1.25132,1.40306,0.358148,1.25667,1.40306,0.354524,1.24105,1.41968,0.415399,1.39447,1.58135,0.419759,1.41188,1.56275,0.39559,1.41793,1.56275,0.391534,1.40044,1.58135
0.0340646,0.940516,1.30176,-3.1921,838954069,0.35452,1.2434,1.41968,0.358145,1.25902,1.40306,0.336573,1.26363,1.40306,0.333223,1.24795,1.41968,0.391464,1.40281,1.58135,0.395521,1.42029,1.56275,0.371155,1.4255,1.56275,0.367406,1.40795,1.58135
-0.0771012,0.940516,1.65083,-2.72009,838954089,-0.0921276,1.28967,1.41968,-0.0940649,1.30559,1.40306,-0.115912,1.30254,1.40306,-0.113697,1.28666,1.41968,-0.111932,1.4521,1.58135,-0.1141,1.46992,1.56275,-0.138778,1.46647,1.56275,-0.136298,1.4487,1.58135
0.0260336,0.940477,-2.43442,-2.36423,838954215,-0.990257,-0.831463,1.41968,-1.002,-0.84239,1.40306,-0.986692,-0.858273,1.40306,-0.975144,-0.847143,1.41968,-1.11002,-0.94297,1.58135,-1.12316,-0.955198,1.56275,-1.10587,-0.973138,1.56275,-1.09294,-0.960683,1.58135
-0.0464421,0.941124,-2.41724,-3.24611,838954216,-0.974843,-0.847456,1.41968,-0.98639,-0.858586,1.40306,-0.971082,-0.874468,1.40306,-0.95973,-0.863136,1.41968,-1.09264,-0.960996,1.58135,-1.10557,-0.973451,1.56275,-1.08827,-0.99139,1.56275,-1.07557,-0.97871,1.58135
-0.0084597,0.940485,-2.3999,-2.96367,838954217,-0.960971,-0.86513,1.41968,-0.972324,-0.876461,1.40306,-0.956471,-0.891799,1.40306,-0.945319,-0.880273,1.41968,-1.07676,-0.980752,1.58135,-1.08947,-0.993431,1.56275,-1.07156,-1.01076,1.56275,-1.05908,-0.997858,1.58135
0.110377,0.941138,-2.38273,32.205,838954218,-0.945007,-0.880575,1.41968,-0.956159,-0.892102,1.40306,-0.940305,-0.90744,1.40306,-0.929355,-0.895718,1.41968,-1.05877,-0.998161,1.58135,-1.07125,-1.01106,1.56275,-1.05334,-1.02838,1.56275,-1.04109,-1.01527,1.58135
-0.19758,0.940503,-2.36539,-3.91286,838954219,-0.930526,-0.897754,1.41968,-0.941477,-0.909475,1.40306,-0.925098,-0.92425,1.40306,-0.914355,-0.912341,1.41968,-1.04221,-1.01735,1.58135,-1.05446,-1.03047,1.56275,-1.03596,-1.04715,1.56275,-1.02394,-1.03383,1.58135
0.11519,0.958239,0.620809,14.191,838954542,1.05716,0.742135,1.45268,1.06997,0.752117,1.43625,1.0564,0.769514,1.43625,1.04377,0.75931,1.45268,1.18466,0.841538,1.6163,1.19899,0.852708,1.59791,1.18367,0.872358,1.59791,1.16954,0.86094,1.6163
0.142687,0.957576,0.638149,1.11989,838954543,1.04521,0.761164,1.45268,1.05784,0.771371,1.43625,1.04368,0.788283,1.43625,1.03123,0.777861,1.45268,1.17098,0.862794,1.6163,1.18511,0.874216,1.59791,1.16912,0.893319,1.59791,1.15519,0.881656,1.6163
0.0611574,0.9576,1.65083,-2.79436,838954601,-0.0921276,1.28967,1.45268,-0.0940921,1.30578,1.43625,-0.115939,1.30274,1.43625,-0.113697,1.28666,1.45268,-0.111665,1.45018,1.6163,-0.113863,1.46821,1.59791,-0.13854,1.46477,1.59791,-0.136031,1.44678,1.6163
0.188277,0.95756,1.75438,-4.27897,838954607,-0.224939,1.27332,1.45268,-0.228579,1.28914,1.43625,-0.249988,1.28383,1.43625,-0.246075,1.26807,1.45268,-0.26116,1.43091,1.6163,-0.265233,1.44861,1.59791,-0.289415,1.44261,1.59791,-0.285037,1.42498,1.6163
0.0719904,0.95756,-2.43441,-4.07824,838954727,-0.990257,-0.831463,1.45268,-1.00214,-0.842527,1.43625,-0.986833,-0.85841,1.43625,-0.975144,-0.847143,1.45268,-1.10862,-0.941625,1.6163,-1.12192,-0.954006,1.59791,-1.10463,-0.971946,1.59791,-1.09155,-0.959338,1.6163
0.0356149,0.958215,-2.41724,-4.19317,838954728,-0.974843,-0.847456,1.45268,-0.986532,-0.858722,1.43625,-0.971224,-0.874605,1.43625,-0.959729,-0.863136,1.45268,-1.09125,-0.959651,1.6163,-1.10433,-0.972259,1.59791,-1.08704,-0.990198,1.59791,-1.07417,-0.977365,1.6163
1.91553,0.957569,-2.3999,0.490364,838954729,-0.960971,-0.86513,1.45268,-0.972461,-0.876603,1.43625,-0.956608,-0.891941,1.43625,-0.945319,-0.880273,1.45268,-1.07542,-0.979359,1.6163,-1.08827,-0.992197,1.59791,-1.07037,-1.00952,1.59791,-1.05773,-0.996465,1.6163
0.0547756,0.958229,-2.38273,-3.64882,838954730,-0.945007,-0.880575,1.45268,-0.956295,-0.892243,1.43625,-0.940442,-0.907581,1.43625,-0.929355,-0.895718,1.45268,-1.05742,-0.996768,1.6163,-1.07005,-1.00982,1.59791,-1.05215,-1.02715,1.59791,-1.03974,-1.01387,1.6163
0.00688515,0.957588,-2.36539,-4.08806,838954731,-0.930526,-0.897754,1.45268,-0.941609,-0.909621,1.43625,-0.925229,-0.924396,1.43625,-0.914355,-0.912341,1.45268,-1.04091,-1.01591,1.6163,-1.05331,-1.02919,1.59791,-1.03481,-1.04588,1.59791,-1.02264,-1.03239,1.6163
0.285518,0.974688,1.75438,12.8958,838955119,-0.224938,1.27332,1.48631,-0.228633,1.28944,1.46997,-0.250059,1.28412,1.46997,-0.246074,1.26807,1.48631,-0.260875,1.42908,1.65172,-0.264979,1.44699,1.63357,-0.289019,1.44102,1.63357,-0.284593,1.4232,1.65172
0.194402,0.975443,2.29711,39.3987,838955150,-0.849251,0.973031,1.48631,-0.860724,0.984938,1.46997,-0.876621,0.96962,1.46997,-0.864934,0.95792,1.48631,-0.960156,1.08813,1.65172,-0.9729,1.10135,1.63357,-0.990737,1.08417,1.63357,-0.977754,1.07117,1.65172
0.135288,0.974688,-2.43441,-26.9096,838955239,-0.990258,-0.831462,1.48631,-1.00237,-0.842721,1.46997,-0.98705,-0.858617,1.46997,-0.975145,-0.847142,1.48631,-1.10719,-0.940466,1.65172,-1.12064,-0.952973,1.63357,-1.10345,-0.970808,1.63357,-1.09023,-0.958062,1.65172
0.21792,0.974696,-2.3999,-3.78232,838955241,-0.960971,-0.86513,1.48631,-0.972683,-0.876805,1.46997,-0.956817,-0.892155,1.46997,-0.94532,-0.880272,1.48631,-1.07402,-0.978151,1.65172,-1.08703,-0.99112,1.63357,-1.06923,-1.00834,1.63357,-1.05646,-0.995144,1.65172
0.198953,0.975349,-2.06817,54.5786,838955260,-0.626204,-1.12976,1.48631,-0.633467,-1.14462,1.46997,-0.613634,-1.15432,1.46997,-0.60664,-1.13933,1.48631,-0.696409,-1.27336,1.65172,-0.704476,-1.28986,1.63357,-0.682224,-1.30074,1.63357,-0.674455,-1.28409,1.65172
0.167217,0.991915,-2.57247,-11.4289,838955743,-1.09513,-0.687198,1.52031,-1.10884,-0.696768,1.50416,-1.09588,-0.714641,1.50416,-1.08235,-0.704831,1.52031,-1.2246,-0.777765,1.68749,-1.23983,-0.788395,1.66955,-1.22529,-0.808449,1.66955,-1.21026,-0.797551,1.68749
0.0913765,0.991841,-2.46892,16.0105,838955749,-1.01835,-0.796792,1.52031,-1.03098,-0.807743,1.50416,-1.01623,-0.824164,1.50416,-1.00379,-0.812991,1.52031,-1.13763,-0.900406,1.68749,-1.15167,-0.91257,1.66955,-1.13511,-0.930993,1.66955,-1.1213,-0.918583,1.68749
0.149325,0.991839,-2.43441,12.4154,838955751,-0.990258,-0.831462,1.52031,-1.0025,-0.842847,1.50416,-0.98718,-0.858743,1.50416,-0.975145,-0.847142,1.52031,-1.10585,-0.939178,1.68749,-1.11945,-0.951825,1.66955,-1.10226,-0.969659,1.66955,-1.08889,-0.956774,1.68749
0.393915,1.00976,-0.882898,-10.9038,838956352,0.811221,-1.00495,1.55471,0.822515,-1.01752,1.53874,0.838934,-1.00276,1.53874,0.827417,-0.990397,1.55471,0.915574,-1.12105,1.72364,0.92812,-1.13501,1.70591,0.946541,-1.11845,1.70591,0.933749,-1.10471,1.72364
1.99756,1.00909,-0.861655,-0.119702,838956353,0.833255,-0.988445,1.55471,0.844763,-1.00082,1.53874,0.86066,-0.985501,1.53874,0.848937,-0.973335,1.55471,0.939653,-1.1027,1.72364,0.952437,-1.11644,1.70591,0.970273,-1.09926,1.70591,0.957251,-1.08574,1.72364
0.0941831,1.00968,-0.602867,18.0137,838956368,1.05749,-0.741669,1.55471,1.07181,-0.750635,1.53874,1.08352,-0.731924,1.53874,1.06905,-0.723211,1.55471,1.18979,-0.82451,1.72364,1.2057,-0.83447,1.70591,1.21885,-0.813476,1.70591,1.20276,-0.803797,1.72364
-0.0172119,1.00902,-0.585529,-3.77262,838956369,1.07128,-0.723934,1.55471,1.08575,-0.732653,1.53874,1.09681,-0.713544,1.53874,1.08218,-0.705084,1.55471,1.20507,-0.804407,1.72364,1.22114,-0.814092,1.70591,1.23355,-0.792652,1.70591,1.2173,-0.783254,1.72364
0.0730165,1.00971,-0.56835,41.1833,838956370,1.0824,-0.704706,1.55471,1.09703,-0.713166,1.53874,1.10808,-0.694057,1.53874,1.09331,-0.685855,1.55471,1.21752,-0.782875,1.72364,1.23377,-0.792273,1.70591,1.24617,-0.770833,1.70591,1.22976,-0.761722,1.72364
0.205048,1.02615,-2.92153,35.9955,838956747,-1.26412,-0.271198,1.58952,-1.28062,-0.275599,1.57374,-1.27456,-0.296827,1.57374,-1.25814,-0.292139,1.58952,-1.41313,-0.310987,1.76019,-1.43146,-0.315876,1.74266,-1.42465,-0.339693,1.74266,-1.40642,-0.334486,1.76019
0.15583,1.02615,-2.2234,4.69925,838956787,-0.794052,-1.02031,1.58952,-0.803861,-1.03429,1.57374,-0.785572,-1.04665,1.57374,-0.77601,-1.03251,1.58952,-0.882622,-1.14657,1.76019,-0.893518,-1.1621,1.74266,-0.872998,-1.17597,1.74266,-0.862377,-1.16026,1.76019
0.146776,1.02675,-2.10267,0.446347,838956794,-0.664814,-1.10749,1.58952,-0.672843,-1.12255,1.57374,-0.653361,-1.13293,1.57374,-0.645595,-1.11773,1.58952,-0.737343,-1.24357,1.76019,-0.746263,-1.2603,1.74266,-0.724404,-1.27195,1.74266,-0.715777,-1.25506,1.76019
0.175708,1.0262,-0.861651,12.7298,838956865,0.833255,-0.988446,1.58952,0.844886,-1.00095,1.57374,0.860783,-0.985628,1.57374,0.848937,-0.973334,1.58952,0.938338,-1.10133,1.76019,0.951258,-1.11522,1.74266,0.969094,-1.09803,1.74266,0.955936,-1.08438,1.76019
0.133769,1.02679,-0.602864,8.3345,838956880,1.05749,-0.741669,1.58952,1.07196,-0.750729,1.57374,1.08367,-0.732017,1.57374,1.06905,-0.723211,1.58952,1.18819,-0.823504,1.76019,1.20426,-0.833568,1.74266,1.21741,-0.812574,1.74266,1.20116,-0.802791,1.76019
0.0802016,1.02613,-0.585524,27.0684,838956881,1.07128,-0.723934,1.58952,1.08591,-0.732742,1.57374,1.09696,-0.713633,1.57374,1.08218,-0.705084,1.58952,1.20342,-0.803458,1.76019,1.21967,-0.813241,1.74266,1.23208,-0.791801,1.74266,1.21566,-0.782304,1.76019
0.182613,1.02683,-0.568347,45.615,838956882,1.0824,-0.704706,1.58952,1.09718,-0.713255,1.57374,1.10824,-0.694146,1.57374,1.09331,-0.685855,1.58952,1.21588,-0.781926,1.76019,1.2323,-0.791423,1.74266,1.2447,-0.769982,1.74266,1.22812,-0.760773,1.76019
0.206669,1.02617,-0.551007,47.2288,838956883,1.09557,-0.6865,1.58952,1.11049,-0.694792,1.57374,1.12087,-0.675308,1.57374,1.10581,-0.667281,1.58952,1.23041,-0.76136,1.76019,1.24699,-0.77057,1.74266,1.25864,-0.748709,1.74266,1.2419,-0.739792,1.76019
0.141301,1.04384,3.13332,-21.1302,838957246,-1.29152,0.022003,1.62476,-1.30875,0.0214181,1.60917,-1.30801,-0.000645594,1.60917,-1.29078,0.000237691,1.62476,-1.44372,0.0168383,1.79714,-1.46287,0.0161887,1.77982,-1.46203,-0.00856688,1.77982,-1.44289,-0.00758572,1.79714
0.148597,1.04397,-2.27916,19.2237,838957296,-0.84882,-0.973405,1.62476,-0.859451,-0.986987,1.60917,-0.842066,-1.00059,1.60917,-0.831671,-0.986828,1.62476,-0.942683,-1.09333,1.79714,-0.954491,-1.10842,1.77982,-0.934985,-1.12369,1.77982,-0.923438,-1.10839,1.79714
2.73096,1.04388,-0.602861,0.96977,838957392,1.05749,-0.741669,1.62476,1.07211,-0.750822,1.60917,1.08382,-0.73211,1.60917,1.06905,-0.723211,1.62476,1.18656,-0.822488,1.79714,1.2028,-0.832655,1.77982,1.21595,-0.811661,1.77982,1.19953,-0.801775,1.79714
0.114308,1.04322,-0.58552,-19.5798,838957393,1.07128,-0.723934,1.62476,1.08606,-0.73283,1.60917,1.09711,-0.713721,1.60917,1.08218,-0.705084,1.62476,1.20177,-0.802499,1.79714,1.21818,-0.81238,1.77982,1.23059,-0.790939,1.77982,1.21401,-0.781345,1.79714
-0.101734,1.04392,-0.568344,-2.74977,838957394,1.0824,-0.704706,1.62476,1.09733,-0.713342,1.60917,1.10839,-0.694233,1.60917,1.09331,-0.685855,1.62476,1.21422,-0.780967,1.79714,1.23081,-0.790561,1.77982,1.24321,-0.769121,1.77982,1.22646,-0.759814,1.79714
0.185299,1.06107,-2.66273,-4.1704,838957786,-1.15149,-0.585037,1.66072,-1.1667,-0.5938,1.64521,-1.15567,-0.612943,1.64521,-1.14062,-0.603907,1.66072,-1.28188,-0.660164,1.83468,-1.29865,-0.669827,1.81758,-1.28636,-0.691164,1.81758,-1.26976,-0.6812,1.83468
0.14037,1.06042,-1.55978,35.5687,838957849,0.0029485,-1.2928,1.66072,0.00383948,-1.31033,1.64521,0.0258802,-1.30881,1.64521,0.0246749,-1.2913,1.66072,0.0107878,-1.4431,1.83468,0.0117703,-1.46243,1.81758,0.0363374,-1.46074,1.81758,0.0350082,-1.44143,1.83468
0.095384,1.06111,-0.882882,-14.6203,838957888,0.811222,-1.00495,1.66072,0.822955,-1.01801,1.64521,0.839386,-1.00324,1.64521,0.827418,-0.990396,1.66072,0.911819,-1.11687,1.83468,0.924759,-1.13127,1.81758,0.943073,-1.11481,1.81758,0.929875,-1.10064,1.83468
0.183867,1.06103,-0.602852,7.88234,838957904,1.05749,-0.741668,1.66072,1.07237,-0.750983,1.64521,1.08409,-0.732258,1.64521,1.06905,-0.72321,1.66072,1.18503,-0.821528,1.83468,1.20144,-0.8318,1.81758,1.21451,-0.810928,1.81758,1.19792,-0.800951,1.83468
0.326789,1.07819,3.0643,16.4574,838958266,-1.28687,0.11102,1.6971,-1.30457,0.111656,1.68178,-1.30536,0.0895777,1.68178,-1.28765,0.089256,1.6971,-1.43543,0.116362,1.87262,-1.45495,0.117064,1.85572,-1.45584,0.0924551,1.85572,-1.43631,0.0921004,1.87262
0.150822,1.0954,2.57326,50.3287,838958750,-1.0824,0.704705,1.73393,-1.09787,0.713654,1.71879,-1.10894,0.694531,1.71879,-1.09331,0.685854,1.73393,-1.20949,0.778229,1.91098,-1.22655,0.788098,1.89429,-1.23888,0.766783,1.89429,-1.22165,0.757215,1.91098
0.145841,1.09463,-2.50341,-3.71186,838958819,-1.04522,-0.761162,1.73393,-1.05912,-0.772395,1.71879,-1.04494,-0.789333,1.71879,-1.03123,-0.777859,1.73393,-1.15939,-0.853508,1.91098,-1.17472,-0.865895,1.89429,-1.15891,-0.884775,1.89429,-1.1438,-0.872122,1.91098
1.13666,1.09532,-2.48623,-0.689553,838958820,-1.03095,-0.778195,1.73393,-1.04466,-0.78967,1.71879,-1.03047,-0.806608,1.71879,-1.01697,-0.794892,1.73393,-1.14352,-0.872458,1.91098,-1.15863,-0.885111,1.89429,-1.14282,-0.903991,1.89429,-1.12794,-0.891072,1.91098
0.288572,1.11245,-2.48623,-7.371,838959332,-1.03095,-0.778195,1.77121,-1.04478,-0.78977,1.75626,-1.03059,-0.806709,1.75626,-1.01697,-0.794892,1.77121,-1.1421,-0.871268,1.94979,-1.15734,-0.884032,1.9333,-1.14153,-0.902912,1.9333,-1.12651,-0.889882,1.94979
0.194436,1.12892,-2.92151,-26.0918,838959819,-1.26412,-0.271197,1.80898,-1.28169,-0.275888,1.79421,-1.27563,-0.297131,1.79421,-1.25814,-0.292138,1.80898,-1.40241,-0.308091,1.98905,-1.42179,-0.313263,1.97277,-1.41502,-0.336942,1.97277,-1.39574,-0.331435,1.98905
-0.00890027,1.15123,-2.46889,-1.75658,838960357,-1.01835,-0.796791,1.8594,-1.03235,-0.808927,1.84468,-1.01758,-0.825371,1.84468,-1.0038,-0.812989,1.8594,-1.12505,-0.889518,2.04086,-1.14038,-0.902807,2.02474,-1.12401,-0.921018,2.02474,-1.10893,-0.90746,2.04086
0.0297267,1.15194,-2.45171,-1.45901,838960358,-1.0035,-0.813317,1.8594,-1.01728,-0.825699,1.84468,-1.0025,-0.842144,1.84468,-0.988945,-0.829516,1.8594,-1.10863,-0.907788,2.04086,-1.12372,-0.921346,2.02474,-1.10735,-0.939558,2.02474,-1.09251,-0.92573,2.04086
0.0634221,1.15123,-2.43437,40.1779,838960359,-0.990259,-0.831461,1.8594,-1.00383,-0.844078,1.84468,-0.988484,-0.859996,1.84468,-0.975146,-0.847141,1.8594,-1.09365,-0.927858,2.04086,-1.10851,-0.941674,2.02474,-1.09152,-0.959303,2.02474,-1.07691,-0.945226,2.04086
-0.00147999,1.15195,-2.41719,-2.55421,838960360,-0.97484,-0.847458,1.8594,-0.988178,-0.860314,1.84468,-0.972836,-0.876232,1.84468,-0.959727,-0.863139,1.8594,-1.07661,-0.945543,2.04086,-1.09121,-0.95962,2.02474,-1.07422,-0.977249,2.02474,-1.05987,-0.962911,2.04086
0.0476145,1.15123,-2.39986,-2.19117,838960361,-0.960973,-0.865128,1.8594,-0.974092,-0.878212,1.84468,-0.958203,-0.893584,1.84468,-0.945322,-0.880271,1.8594,-1.06094,-0.965078,2.04086,-1.0753,-0.979404,2.02474,-1.0577,-0.996428,2.02474,-1.0436,-0.98185,2.04086
0.0590889,1.15196,-2.38268,-1.32468,838960362,-0.945004,-0.880578,1.8594,-0.957885,-0.893891,1.84468,-0.941996,-0.909264,1.84468,-0.929353,-0.89572,1.8594,-1.04328,-0.982157,2.04086,-1.05739,-0.996735,2.02474,-1.03979,-1.01376,2.02474,-1.02595,-0.998929,2.04086
0.10855,1.15126,-2.36534,37.814,838960363,-0.930529,-0.897752,1.8594,-0.943182,-0.911286,1.84468,-0.926766,-0.926094,1.84468,-0.914358,-0.912339,1.8594,-1.02694,-1.00113,2.04086,-1.04079,-1.01595,2.02474,-1.02261,-1.03235,2.02474,-1.00903,-1.01729,2.04086
0.0512239,1.15199,-2.34816,-1.81732,838960364,-0.91403,-0.912635,1.8594,-0.926438,-0.92639,1.84468,-0.910022,-0.941198,1.84468,-0.897859,-0.927221,1.8594,-1.0087,-1.01758,2.04086,-1.02229,-1.03265,2.02474,-1.00411,-1.04905,2.02474,-0.990789,-1.03374,2.04086
-0.0874298,1.15129,-2.33083,-2.3582,838960365,-0.898963,-0.929293,1.8594,-0.911137,-0.94326,1.84468,-0.894213,-0.957486,1.84468,-0.882293,-0.943306,1.8594,-0.991704,-1.03598,2.04086,-1.00503,-1.05127,2.02474,-0.986292,-1.06703,2.02474,-0.97324,-1.0515,2.04086
0.00932315,1.15203,-2.31364,-72.9383,838960366,-0.881955,-0.94359,1.8594,-0.893875,-0.95777,1.84468,-0.876952,-0.971996,1.84468,-0.865285,-0.957603,1.8594,-0.972902,-1.05178,2.04086,-0.985954,-1.06731,2.02474,-0.967213,-1.08306,2.02474,-0.954437,-1.0673,2.04086
-0.0754965,1.15133,-2.29631,-0.0353999,838960367,-0.866316,-0.959712,1.8594,-0.877994,-0.974096,1.84468,-0.860584,-0.987723,1.84468,-0.849166,-0.973135,1.8594,-0.955274,-1.06957,2.04086,-0.968062,-1.08532,2.02474,-0.948781,-1.10041,2.02474,-0.936279,-1.08444,2.04086
-0.0344047,1.16838,-2.46889,-2.53698,838960869,-1.01835,-0.796791,1.89852,-1.03246,-0.809022,1.88398,-1.01768,-0.825466,1.88398,-1.0038,-0.812989,1.89852,-1.12373,-0.888333,2.08135,-1.13917,-0.901726,2.06543,-1.12281,-0.919937,2.06543,-1.10761,-0.906274,2.08135
0.0868388,1.1691,-2.4517,-25.1925,838960870,-1.0035,-0.813317,1.89852,-1.01739,-0.825794,1.88398,-1.00261,-0.842239,1.88398,-0.988945,-0.829516,1.89852,-1.10731,-0.906602,2.08135,-1.12251,-0.920265,2.06543,-1.10615,-0.938476,2.06543,-1.09119,-0.924544,2.08135
0.0978055,1.16838,-2.43437,-11.8293,838960871,-0.99026,-0.831461,1.89852,-1.00393,-0.844177,1.88398,-0.988587,-0.860095,1.88398,-0.975147,-0.847141,1.89852,-1.09237,-0.926627,2.08135,-1.10734,-0.940551,2.06543,-1.09035,-0.95818,2.06543,-1.07563,-0.943995,2.08135
2.13125,1.16911,-2.41719,0.563853,838960872,-0.97484,-0.847458,1.89852,-0.988281,-0.860413,1.88398,-0.972938,-0.876331,1.88398,-0.959727,-0.863139,1.89852,-1.07533,-0.944312,2.08135,-1.09005,-0.958498,2.06543,-1.07305,-0.976126,2.06543,-1.05859,-0.96168,2.08135
0.141103,1.16839,-2.39986,8.95061,838960873,-0.960973,-0.865128,1.89852,-0.974191,-0.878314,1.88398,-0.958302,-0.893687,1.88398,-0.945322,-0.880271,1.89852,-1.0597,-0.963803,2.08135,-1.07418,-0.978242,2.06543,-1.05658,-0.995266,2.06543,-1.04237,-0.980575,2.08135
-0.00244637,1.16912,-2.38267,52.8006,838960874,-0.945005,-0.880578,1.89852,-0.957985,-0.893994,1.88398,-0.942095,-0.909366,1.88398,-0.929353,-0.89572,1.89852,-1.04205,-0.980882,2.08135,-1.05626,-0.995573,2.06543,-1.03867,-1.0126,2.06543,-1.02471,-0.997654,2.08135
-0.0424568,1.16841,-2.36534,-2.40022,838960875,-0.930529,-0.897752,1.89852,-0.943278,-0.911392,1.88398,-0.926861,-0.9262,1.88398,-0.914358,-0.912339,1.89852,-1.02575,-0.999815,2.08135,-1.03971,-1.01475,2.06543,-1.02153,-1.03115,2.06543,-1.00784,-1.01597,2.08135
-0.0109063,1.16915,-2.34816,-1.79445,838960876,-0.91403,-0.912635,1.89852,-0.926534,-0.926496,1.88398,-0.910117,-0.941304,1.88398,-0.897859,-0.927221,1.89852,-1.00751,-1.01627,2.08135,-1.0212,-1.03144,2.06543,-1.00302,-1.04784,2.06543,-0.989601,-1.03242,2.08135
0.677505,1.16844,-2.33082,-0.424335,838960877,-0.898963,-0.929293,1.89852,-0.911228,-0.94337,1.88398,-0.894305,-0.957596,1.88398,-0.882293,-0.943306,1.89852,-0.990563,-1.03462,2.08135,-1.00399,-1.05003,2.06543,-0.985251,-1.06579,2.06543,-0.972098,-1.05014,2.08135
0.178428,1.16919,-2.31364,-3.74242,838960878,-0.881955,-0.94359,1.89852,-0.893967,-0.957879,1.88398,-0.877043,-0.972105,1.88398,-0.865285,-0.957603,1.89852,-0.971761,-1.05042,2.08135,-0.984913,-1.06607,2.06543,-0.966172,-1.08183,2.06543,-0.953296,-1.06595,2.08135
-0.0365479,1.16849,-2.29631,-2.39762,838960879,-0.866316,-0.959712,1.89852,-0.878082,-0.974209,1.88398,-0.860672,-0.987835,1.88398,-0.849166,-0.973135,1.89852,-0.954181,-1.06817,2.08135,-0.967064,-1.08405,2.06543,-0.947784,-1.09914,2.06543,-0.935185,-1.08304,2.08135
0.110855,1.16924,-2.27912,-1.65284,838960880,-0.848819,-0.973407,1.89852,-0.860324,-0.988107,1.88398,-0.842914,-1.00173,1.88398,-0.831669,-0.986829,1.89852,-0.934838,-1.08331,2.08135,-0.947436,-1.09941,2.06543,-0.928156,-1.1145,2.06543,-0.915843,-1.09818,2.08135
0.218208,1.18626,1.10799,37.0257,838961226,0.586839,1.15068,1.93814,0.594504,1.16786,1.92378,0.574316,1.17687,1.92378,0.566952,1.15956,1.93814,0.642996,1.2765,2.12232,0.65139,1.2953,2.1066,0.629032,1.30528,2.1066,0.620969,1.28633,2.12232
0.110012,1.1863,-2.90431,-16.2057,838961356,-1.25802,-0.292561,1.93814,-1.27611,-0.297726,1.92378,-1.27004,-0.318984,1.92378,-1.25204,-0.313501,1.93814,-1.3905,-0.330397,2.12232,-1.41031,-0.336052,2.1066,-1.40358,-0.359595,2.1066,-1.38388,-0.353591,2.12232
0.14197,1.18551,-2.46888,-0.666863,838961381,-1.01835,-0.796791,1.93814,-1.03256,-0.809116,1.92378,-1.01779,-0.82556,1.92378,-1.0038,-0.812989,1.93814,-1.1224,-0.887138,2.12232,-1.13796,-0.900634,2.1066,-1.12159,-0.918845,2.1066,-1.10628,-0.90508,2.12232
0.0601752,1.18624,-2.4517,-2.42448,838961382,-1.0035,-0.813317,1.93814,-1.01749,-0.825889,1.92378,-1.00271,-0.842333,1.92378,-0.988945,-0.829516,1.93814,-1.10598,-0.905408,2.12232,-1.1213,-0.919174,2.1066,-1.10494,-0.937385,2.1066,-1.08986,-0.92335,2.12232
0.00902202,1.18551,-2.43437,-3.41928,838961383,-0.99026,-0.831461,1.93814,-1.00403,-0.844275,1.92378,-0.988689,-0.860193,1.92378,-0.975147,-0.847141,1.93814,-1.09109,-0.925387,2.12232,-1.10617,-0.939418,2.1066,-1.08918,-0.957047,2.1066,-1.07435,-0.942755,2.12232
-0.0462469,1.18624,-2.41719,-2.70771,838961384,-0.97484,-0.847458,1.93814,-0.988382,-0.860511,1.92378,-0.97304,-0.876429,1.92378,-0.959727,-0.863139,1.93814,-1.07404,-0.943072,2.12232,-1.08887,-0.957364,2.1066,-1.07188,-0.974993,2.1066,-1.0573,-0.96044,2.12232
0.0168548,1.18552,-2.39985,-3.18214,838961385,-0.960973,-0.865128,1.93814,-0.974289,-0.878415,1.92378,-0.958399,-0.893788,1.92378,-0.945322,-0.880271,1.93814,-1.05846,-0.962518,2.12232,-1.07304,-0.977068,2.1066,-1.05544,-0.994092,2.1066,-1.04112,-0.979291,2.12232
0.00774899,1.18626,-2.38267,62.2129,838961386,-0.945005,-0.880578,1.93814,-0.958082,-0.894095,1.92378,-0.942193,-0.909467,1.92378,-0.929353,-0.89572,1.93814,-1.04081,-0.979598,2.12232,-1.05513,-0.994399,2.1066,-1.03753,-1.01142,2.1066,-1.02347,-0.99637,2.12232
-0.00660402,1.18554,-2.36534,-3.43945,838961387,-0.930529,-0.897752,1.93814,-0.943372,-0.911496,1.92378,-0.926956,-0.926305,1.92378,-0.914358,-0.912339,1.93814,-1.02455,-0.998488,2.12232,-1.03862,-1.01354,2.1066,-1.02044,-1.02994,2.1066,-1.00664,-1.01464,2.12232
-0.0215588,1.18628,-2.34816,-3.34822,838961388,-0.91403,-0.912635,1.93814,-0.926628,-0.9266,1.92378,-0.910212,-0.941409,1.92378,-0.897859,-0.927221,1.93814,-1.00632,-1.01494,2.12232,-1.02011,-1.03023,2.1066,-1.00193,-1.04663,2.1066,-0.988404,-1.0311,2.12232
0.0971142,1.18557,-2.33082,-21.6677,838961389,-0.898963,-0.929293,1.93814,-0.911319,-0.943477,1.92378,-0.894395,-0.957703,1.92378,-0.882293,-0.943306,1.93814,-0.989413,-1.03325,2.12232,-1.00294,-1.04878,2.1066,-0.9842,-1.06454,2.1066,-0.970948,-1.04877,2.12232
0.184668,1.18632,-2.31364,-10.9899,838961390,-0.881955,-0.94359,1.93814,-0.894058,-0.957987,1.92378,-0.877134,-0.972213,1.92378,-0.865285,-0.957603,1.93814,-0.970611,-1.04906,2.12232,-0.983863,-1.06482,2.1066,-0.965121,-1.08058,2.1066,-0.952146,-1.06458,2.12232
-0.0660095,1.18562,-2.2963,-2.46844,838961391,-0.866316,-0.959712,1.93814,-0.878168,-0.974319,1.92378,-0.860758,-0.987946,1.92378,-0.849166,-0.973135,1.93814,-0.953079,-1.06677,2.12232,-0.966058,-1.08276,2.1066,-0.946777,-1.09785,2.1066,-0.934084,-1.08163,2.12232
0.135717,1.20273,-2.99443,8.57911,838961863,-1.28053,-0.178325,1.97827,-1.29913,-0.181925,1.9641,-1.29455,-0.203554,1.9641,-1.27602,-0.199631,1.97827,-1.41404,-0.20419,2.16379,-1.43442,-0.208131,2.14826,-1.42935,-0.232085,2.14826,-1.40905,-0.227788,2.16379
0.00438005,1.20262,-2.46888,-3.04097,838961893,-1.01835,-0.796791,1.97827,-1.03267,-0.809209,1.9641,-1.01789,-0.825653,1.9641,-1.0038,-0.812989,1.97827,-1.12106,-0.885935,2.16379,-1.13673,-0.899533,2.14826,-1.12037,-0.917744,2.14826,-1.10494,-0.903877,2.16379
-0.0419615,1.20335,-2.4517,-2.54823,838961894,-1.0035,-0.813317,1.97827,-1.01759,-0.825982,1.9641,-1.00282,-0.842426,1.9641,-0.988945,-0.829516,1.97827,-1.10464,-0.904205,2.16379,-1.12007,-0.918072,2.14826,-1.10371,-0.936283,2.14826,-1.08852,-0.922147,2.16379
0.0510086,1.20262,-2.43436,-2.45174,838961895,-0.990259,-0.831461,1.97827,-1.00413,-0.844371,1.9641,-0.988788,-0.860289,1.9641,-0.975146,-0.847141,1.97827,-1.08979,-0.924137,2.16379,-1.10498,-0.938274,2.14826,-1.08799,-0.955903,2.14826,-1.07305,-0.941505,2.16379
-0.0581517,1.20335,-2.41718,-1.96928,838961896,-0.97484,-0.847458,1.97827,-0.988482,-0.860607,1.9641,-0.97314,-0.876525,1.9641,-0.959727,-0.863139,1.97827,-1.07275,-0.941823,2.16379,-1.08768,-0.956221,2.14826,-1.07069,-0.973849,2.14826,-1.05601,-0.959191,2.16379
-0.0274794,1.20263,-2.39985,-3.505,838961897,-0.960973,-0.865128,1.97827,-0.974385,-0.878515,1.9641,-0.958496,-0.893888,1.9641,-0.945322,-0.880271,1.97827,-1.05721,-0.961224,2.16379,-1.07189,-0.975883,2.14826,-1.0543,-0.992908,2.14826,-1.03987,-0.977997,2.16379
-0.0467778,1.20337,-2.38267,-2.34841,838961898,-0.945005,-0.880578,1.97827,-0.958179,-0.894195,1.9641,-0.94229,-0.909567,1.9641,-0.929353,-0.89572,1.97827,-1.03955,-0.978304,2.16379,-1.05398,-0.993214,2.14826,-1.03638,-1.01024,2.14826,-1.02222,-0.995076,2.16379
0.00118867,1.20265,-2.36533,-3.21935,838961899,-0.930529,-0.897752,1.97827,-0.943465,-0.911599,1.9641,-0.927049,-0.926408,1.9641,-0.914358,-0.912339,1.97827,-1.02335,-0.997151,2.16379,-1.03751,-1.01231,2.14826,-1.01933,-1.02871,2.14826,-1.00544,-1.01331,2.16379
-0.0183731,1.20339,-2.34815,-2.39205,838961900,-0.91403,-0.912635,1.97827,-0.926721,-0.926703,1.9641,-0.910305,-0.941512,1.9641,-0.897859,-0.927221,1.97827,-1.00511,-1.0136,2.16379,-1.01901,-1.02901,2.14826,-1.00083,-1.04541,2.14826,-0.987198,-1.02976,2.16379
-0.0310407,1.20268,-2.33082,-2.92431,838961901,-0.898963,-0.929293,1.97827,-0.911408,-0.943584,1.9641,-0.894485,-0.95781,1.9641,-0.882293,-0.943306,1.97827,-0.988254,-1.03187,2.16379,-1.00188,-1.04752,2.14826,-0.98314,-1.06328,2.14826,-0.96979,-1.04739,2.16379
-1.5994e-05,1.20343,-2.31364,-2.50653,838961902,-0.881955,-0.94359,1.97827,-0.894147,-0.958093,1.9641,-0.877223,-0.97232,1.9641,-0.865285,-0.957603,1.97827,-0.969452,-1.04768,2.16379,-0.982802,-1.06356,2.14826,-0.96406,-1.07931,2.14826,-0.950988,-1.0632,2.16379
-0.0174713,1.20273,-2.2963,-3.05262,838961903,-0.866316,-0.959712,1.97827,-0.878254,-0.974429,1.9641,-0.860844,-0.988055,1.9641,-0.849166,-0.973135,1.97827,-0.95197,-1.06535,2.16379,-0.965042,-1.08146,2.14826,-0.945761,-1.09655,2.14826,-0.932974,-1.08022,2.16379
0.117648,1.2027,-2.22336,-37.1675,838961907,-0.794053,-1.02031,1.97827,-0.804939,-1.03582,1.9641,-0.786623,-1.0482,1.9641,-0.776012,-1.03251,1.97827,-0.872153,-1.13165,2.16379,-0.884073,-1.14863,2.14826,-0.86379,-1.16235,2.14826,-0.85217,-1.14516,2.16379
0.395218,1.20266,-2.18884,-0.014228,838961909,-0.75841,-1.04716,1.97827,-0.768747,-1.06304,1.9641,-0.75001,-1.07477,1.9641,-0.739953,-1.05872,1.97827,-0.832573,-1.16115,2.16379,-0.843893,-1.17855,2.14826,-0.823143,-1.19154,2.14826,-0.81213,-1.17396,2.16379
0.167366,1.20338,-2.17166,-1.70981,838961910,-0.739579,-1.05895,1.97827,-0.749636,-1.07501,1.9641,-0.730899,-1.08674,1.9641,-0.721123,-1.07051,1.97827,-0.811756,-1.17419,2.16379,-0.822769,-1.19178,2.14826,-0.802019,-1.20477,2.14826,-0.791313,-1.187,2.16379
0.268746,1.20263,-2.05078,-2.83017,838961917,-0.607128,-1.14163,1.97827,-0.615153,-1.15879,1.9641,-0.594964,-1.1678,1.9641,-0.587241,-1.1505,1.97827,-0.664692,-1.26484,2.16379,-0.673479,-1.28364,2.14826,-0.651121,-1.29362,2.14826,-0.642665,-1.27467,2.16379
0.127494,1.2205,-2.90431,-3.2365,838962380,-1.25802,-0.292561,2.01894,-1.27637,-0.297802,2.00495,-1.2703,-0.31906,2.00495,-1.25204,-0.313501,2.01894,-1.38703,-0.329404,2.20576,-1.40712,-0.335143,2.19045,-1.4004,-0.358685,2.19045,-1.3804,-0.352599,2.20576
0.147537,1.21973,-2.36533,-3.09715,838962411,-0.930529,-0.897752,2.01894,-0.943557,-0.911701,2.00495,-0.927141,-0.92651,2.00495,-0.914358,-0.912339,2.01894,-1.02213,-0.995805,2.20576,-1.0364,-1.01108,2.19045,-1.01822,-1.02748,2.19045,-1.00422,-1.01196,2.20576
0.0710732,1.22057,-2.27912,-2.6336,838962416,-0.848819,-0.973406,2.01894,-0.860581,-0.988435,2.00495,-0.843171,-1.00206,2.00495,-0.831669,-0.986829,2.01894,-0.931509,-1.07906,2.20576,-0.944389,-1.09552,2.19045,-0.925109,-1.11061,2.19045,-0.912514,-1.09393,2.20576
0.00794796,1.21984,-2.25788,-4.15859,838962417,-0.828737,-0.992236,2.01894,-0.840239,-1.00747,2.00495,-0.822367,-1.02048,2.00495,-0.811133,-1.00506,2.01894,-0.909611,-1.09931,2.20576,-0.922205,-1.11599,2.19045,-0.902413,-1.1304,2.19045,-0.890111,-1.11351,2.20576
-0.00718704,1.22055,-2.24069,-3.87587,838962418,-0.810776,-1.00532,2.01894,-0.82201,-1.02074,2.00495,-0.804138,-1.03376,2.00495,-0.793171,-1.01814,2.01894,-0.889755,-1.11377,2.20576,-0.902056,-1.13066,2.19045,-0.882264,-1.14508,2.19045,-0.870255,-1.12797,2.20576
0.0561627,1.21979,-2.22336,-3.6549,838962419,-0.794053,-1.02031,2.01894,-0.805016,-1.03594,2.00495,-0.7867,-1.04832,2.00495,-0.776012,-1.03251,2.01894,-0.871138,-1.13015,2.20576,-0.883142,-1.14726,2.19045,-0.862858,-1.16097,2.19045,-0.851154,-1.14366,2.20576
-0.101976,1.2205,-2.20618,-4.16738,838962420,-0.775646,-1.03276,2.01894,-0.786335,-1.04857,2.00495,-0.768019,-1.06095,2.00495,-0.757604,-1.04495,2.01894,-0.850789,-1.1439,2.20576,-0.862493,-1.16122,2.19045,-0.842209,-1.17493,2.19045,-0.830805,-1.15741,2.20576
0.223669,1.21975,-2.18884,-2.03793,838962421,-0.75841,-1.04716,2.01894,-0.76882,-1.06316,2.00495,-0.750083,-1.07489,2.00495,-0.739953,-1.05872,2.01894,-0.831611,-1.15962,2.20576,-0.84301,-1.17714,2.19045,-0.82226,-1.19013,2.19045,-0.811168,-1.17242,2.20576
0.123515,1.21977,-1.98175,25.4508,838962433,-0.526912,-1.18071,2.01894,-0.533766,-1.19853,2.00495,-0.512997,-1.20611,2.00495,-0.506455,-1.18818,2.01894,-0.575113,-1.30594,2.20576,-0.582617,-1.32545,2.19045,-0.559617,-1.33384,2.19045,-0.552453,-1.31421,2.20576
0.127548,1.23768,-2.93882,38.4109,838962890,-1.26729,-0.248961,2.06045,-1.28608,-0.253623,2.04655,-1.28075,-0.275093,2.04655,-1.26205,-0.270097,2.06045,-1.39586,-0.280867,2.24849,-1.4163,-0.285938,2.23337,-1.41043,-0.309567,2.23337,-1.39009,-0.304133,2.24849
0.105877,1.23685,-2.85245,-2.50928,838962895,-1.24252,-0.357771,2.06045,-1.26083,-0.364049,2.04655,-1.25328,-0.384845,2.04655,-1.23509,-0.378243,2.06045,-1.36779,-0.400889,2.24849,-1.38771,-0.407718,2.23337,-1.3794,-0.430604,2.23337,-1.35961,-0.423424,2.24849
0.00301279,1.23685,-2.50339,-1.83522,838962915,-1.04522,-0.76116,2.06045,-1.06028,-0.773323,2.04655,-1.04608,-0.790284,2.04655,-1.03124,-0.777857,2.06045,-1.14819,-0.844524,2.24849,-1.16457,-0.857753,2.23337,-1.14894,-0.876419,2.23337,-1.1328,-0.862903,2.24849
-0.0238913,1.23758,-2.4862,-2.97554,838962916,-1.03095,-0.778197,2.06045,-1.04579,-0.790623,2.04655,-1.03159,-0.807584,2.04655,-1.01697,-0.794894,2.06045,-1.13251,-0.863243,2.24849,-1.14866,-0.876759,2.23337,-1.13302,-0.895425,2.23337,-1.11712,-0.881622,2.24849
0.018388,1.23683,-2.46887,-2.00266,838962917,-1.01835,-0.79679,2.06045,-1.03298,-0.809471,2.04655,-1.01819,-0.825926,2.04655,-1.0038,-0.812989,2.06045,-1.11835,-0.883699,2.24849,-1.13426,-0.897492,2.23337,-1.11799,-0.915601,2.23337,-1.10233,-0.90153,2.24849
-0.0401566,1.23757,-2.45169,-2.05233,838962918,-1.0035,-0.813318,2.06045,-1.0179,-0.826255,2.04655,-1.00311,-0.84271,2.04655,-0.988944,-0.829517,2.06045,-1.10203,-0.901859,2.24849,-1.11769,-0.915931,2.23337,-1.10142,-0.934039,2.23337,-1.08601,-0.91969,2.24849
-0.0975274,1.23683,-2.43436,-2.29185,838962919,-0.99026,-0.83146,2.06045,-1.00443,-0.844644,2.04655,-0.989083,-0.860572,2.04655,-0.975147,-0.84714,2.06045,-1.08716,-0.921809,2.24849,-1.10258,-0.936149,2.23337,-1.08568,-0.953678,2.23337,-1.07053,-0.939068,2.24849
0.016035,1.23771,-2.27911,-2.12242,838962928,-0.848818,-0.973407,2.06045,-0.860747,-0.988649,2.04655,-0.843327,-1.00228,2.04655,-0.831668,-0.98683,2.06045,-0.930463,-1.07772,2.24849,-0.943438,-1.0943,2.23337,-0.924266,-1.10931,2.23337,-0.911585,-1.0925,2.24849
0.00732422,1.23697,-2.25787,-2.86528,838962929,-0.828738,-0.992235,2.06045,-0.84041,-1.00768,2.04655,-0.822527,-1.0207,2.04655,-0.811133,-1.00506,2.06045,-0.908491,-1.09803,2.24849,-0.921187,-1.11483,2.23337,-0.901506,-1.12916,2.23337,-0.889113,-1.11214,2.24849
0.0477136,1.23768,-2.24069,-3.03569,838962930,-0.810775,-1.00532,2.06045,-0.822169,-1.02096,2.04655,-0.804286,-1.03399,2.04655,-0.793171,-1.01814,2.06045,-0.888755,-1.1124,2.24849,-0.901148,-1.12942,2.23337,-0.881467,-1.14375,2.23337,-0.869377,-1.12651,2.24849
-0.135004,1.23692,-2.22336,-1.39877,838962931,-0.794054,-1.02031,2.06045,-0.805179,-1.03615,2.04655,-0.786853,-1.04854,2.04655,-0.776012,-1.03251,2.06045,-0.870064,-1.12882,2.24849,-0.882165,-1.14605,2.23337,-0.861995,-1.15969,2.23337,-0.850204,-1.14225,2.24849
0.0909895,1.23764,-2.20617,-20.8457,838962932,-0.775645,-1.03276,2.06045,-0.786486,-1.04879,2.04655,-0.768159,-1.06118,2.04655,-0.757604,-1.04495,2.06045,-0.849837,-1.1425,2.24849,-0.861628,-1.15994,2.23337,-0.841459,-1.17357,2.23337,-0.829978,-1.15592,2.24849
-0.0387575,1.23688,-2.18884,-2.86966,838962933,-0.758411,-1.04716,2.06045,-0.768976,-1.06338,2.04655,-0.750228,-1.07512,2.04655,-0.739954,-1.05872,2.06045,-0.830584,-1.15826,2.24849,-0.842076,-1.1759,2.23337,-0.821443,-1.18882,2.23337,-0.810268,-1.17098,2.24849
0.152914,1.23757,-2.10262,9.43753,838962938,-0.664811,-1.10749,2.06045,-0.673914,-1.12457,2.04655,-0.654392,-1.13497,2.04655,-0.645592,-1.11773,2.06045,-0.727116,-1.22439,2.24849,-0.737018,-1.24297,2.23337,-0.715533,-1.25442,2.23337,-0.705961,-1.23566,2.24849
0.157329,1.25401,3.08167,26.2203,838963387,-1.28995,0.0887703,2.10248,-1.30943,0.0891341,2.08876,-1.30945,0.0670123,2.08876,-1.28997,0.0669925,2.10248,-1.42071,0.0910968,2.29171,-1.44189,0.0914925,2.27678,-1.44192,0.0671465,2.27678,-1.42073,0.067125,2.29171
0.103832,1.25478,-2.69721,-39.1199,838963416,-1.17105,-0.54498,2.10248,-1.18825,-0.55411,2.08876,-1.17789,-0.573652,2.08876,-1.16084,-0.564218,2.10248,-1.28656,-0.606264,2.29171,-1.30527,-0.616194,2.27678,-1.29386,-0.637701,2.27678,-1.27532,-0.62744,2.29171
0.0240191,1.25405,-2.67987,-2.21531,838963417,-1.16259,-0.565785,2.10248,-1.17964,-0.575212,2.08876,-1.16859,-0.59438,2.08876,-1.15171,-0.584655,2.10248,-1.27698,-0.629165,2.29171,-1.29553,-0.639419,2.27678,-1.28337,-0.660514,2.27678,-1.26501,-0.649936,2.29171
0.101589,1.25482,-2.66269,-26.2331,838963418,-1.15149,-0.585039,2.10248,-1.16837,-0.594764,2.08876,-1.15733,-0.613932,2.08876,-1.14062,-0.603909,2.10248,-1.26479,-0.65032,2.29171,-1.28315,-0.660898,2.27678,-1.271,-0.681992,2.27678,-1.25283,-0.67109,2.29171
-0.04144,1.25487,-2.62817,-2.22896,838963420,-1.13055,-0.624391,2.10248,-1.14708,-0.6347,2.08876,-1.13538,-0.65347,2.08876,-1.11903,-0.642869,2.10248,-1.2415,-0.693588,2.29171,-1.25948,-0.704801,2.27678,-1.2466,-0.725459,2.27678,-1.22882,-0.713928,2.29171
-0.024228,1.25412,-2.60694,-71.7122,838963421,-1.11812,-0.648951,2.10248,-1.13448,-0.659541,2.08876,-1.12213,-0.677895,2.08876,-1.10597,-0.667019,2.10248,-1.22783,-0.720133,2.29171,-1.24562,-0.731652,2.27678,-1.23203,-0.751851,2.27678,-1.21445,-0.740021,2.29171
-0.0976975,1.25484,-2.58975,-2.39501,838963422,-1.10572,-0.667387,2.10248,-1.12188,-0.678263,2.08876,-1.10953,-0.696616,2.08876,-1.09356,-0.685455,2.10248,-1.2142,-0.740389,2.29171,-1.23178,-0.752218,2.27678,-1.21819,-0.772417,2.27678,-1.20082,-0.760277,2.29171
0.0736025,1.25407,-2.57242,-42.9815,838963423,-1.09513,-0.687196,2.10248,-1.11111,-0.698351,2.08876,-1.09812,-0.716261,2.08876,-1.08235,-0.704828,2.10248,-1.20229,-0.762166,2.29171,-1.21967,-0.774299,2.27678,-1.20538,-0.794011,2.27678,-1.18822,-0.781575,2.29171
0.208912,1.2548,-2.55523,4.19705,838963424,-1.08209,-0.705187,2.10248,-1.09786,-0.71662,2.08876,-1.08488,-0.734531,2.08876,-1.06931,-0.722819,2.10248,-1.18796,-0.781933,2.29171,-1.20512,-0.794369,2.27678,-1.19083,-0.814081,2.27678,-1.17389,-0.801342,2.29171
0.0349142,1.25403,-2.5379,-2.17978,838963425,-1.07082,-0.724614,2.10248,-1.0864,-0.73632,2.08876,-1.07279,-0.753766,2.08876,-1.05743,-0.741789,2.10248,-1.1753,-0.803281,2.29171,-1.19224,-0.816013,2.27678,-1.17727,-0.835214,2.27678,-1.16056,-0.822186,2.29171
0.0561217,1.25476,-2.52072,-69.8464,838963426,-1.05716,-0.742139,2.10248,-1.07252,-0.754116,2.08876,-1.05892,-0.771562,2.08876,-1.04377,-0.759314,2.10248,-1.16028,-0.822536,2.29171,-1.17699,-0.835563,2.27678,-1.16203,-0.854764,2.27678,-1.14554,-0.841441,2.29171
0.117319,1.25401,-2.50339,-1.53146,838963427,-1.04522,-0.76116,2.10248,-1.06037,-0.773403,2.08876,-1.04617,-0.790364,2.08876,-1.03124,-0.777857,2.10248,-1.14688,-0.843428,2.29171,-1.16337,-0.856745,2.27678,-1.14773,-0.87541,2.27678,-1.13149,-0.861807,2.29171
0.0260358,1.25474,-2.4862,-3.05526,838963428,-1.03095,-0.778197,2.10248,-1.04589,-0.790704,2.08876,-1.03168,-0.807664,2.08876,-1.01697,-0.794894,2.10248,-1.13121,-0.862147,2.29171,-1.14745,-0.87575,2.27678,-1.13182,-0.894416,2.27678,-1.11582,-0.880526,2.29171
0.0834273,1.25399,-2.46887,9.54422,838963429,-1.01835,-0.79679,2.10248,-1.03307,-0.809555,2.08876,-1.01829,-0.826009,2.08876,-1.0038,-0.812989,2.10248,-1.11708,-0.882558,2.29171,-1.13309,-0.896442,2.27678,-1.11682,-0.914551,2.27678,-1.10106,-0.900389,2.29171
0.0886296,1.25473,-2.45169,58.254,838963430,-1.0035,-0.813318,2.10248,-1.01799,-0.826339,2.08876,-1.0032,-0.842793,2.08876,-0.988944,-0.829517,2.10248,-1.10076,-0.900718,2.29171,-1.11652,-0.914881,2.27678,-1.10025,-0.932989,2.27678,-1.08474,-0.918549,2.29171
0.0180503,1.25399,-2.43436,-1.37634,838963431,-0.99026,-0.83146,2.10248,-1.00452,-0.844731,2.08876,-0.989173,-0.860659,2.08876,-0.975147,-0.84714,2.10248,-1.08593,-0.920624,2.29171,-1.10145,-0.935059,2.27678,-1.08455,-0.952588,2.27678,-1.0693,-0.937884,2.29171
0.264289,1.25474,-2.41717,9.42805,838963432,-0.97484,-0.847459,2.10248,-0.988866,-0.860978,2.08876,-0.973514,-0.876906,2.08876,-0.959727,-0.863139,2.10248,-1.06899,-0.938203,2.29171,-1.08424,-0.952907,2.27678,-1.06735,-0.970436,2.27678,-1.05235,-0.955463,2.29171
0.286303,1.254,-2.39984,-2.38609,838963433,-0.960974,-0.865127,2.10248,-0.974766,-0.878888,2.08876,-0.958868,-0.89427,2.08876,-0.945322,-0.88027,2.10248,-1.05347,-0.957578,2.29171,-1.06847,-0.972546,2.27678,-1.05098,-0.989475,2.27678,-1.03624,-0.974247,2.29171
0.0245009,1.25475,-2.38266,-2.11752,838963434,-0.945004,-0.880578,2.10248,-0.958549,-0.894579,2.08876,-0.94265,-0.909961,2.08876,-0.929352,-0.895721,2.10248,-1.03593,-0.974555,2.29171,-1.05066,-0.989783,2.27678,-1.03316,-1.00671,2.27678,-1.0187,-0.991223,2.29171
-0.0347896,1.25402,-2.36533,-0.94242,838963435,-0.930529,-0.897751,2.10248,-0.943833,-0.911986,2.08876,-0.927407,-0.926803,2.08876,-0.914359,-0.912338,2.10248,-1.01974,-0.993377,2.29171,-1.03421,-1.00886,2.27678,-1.01614,-1.02517,2.27678,-1.00194,-1.00943,2.29171
0.0183846,1.25478,-2.34814,-1.57669,838963436,-0.91403,-0.912635,2.10248,-0.927078,-0.9271,2.08876,-0.910651,-0.941917,2.08876,-0.897859,-0.927222,2.10248,-1.00161,-1.00973,2.29171,-1.01581,-1.02546,2.27678,-0.997728,-1.04177,2.27678,-0.983814,-1.02579,2.29171
-0.0627347,1.25405,-2.33081,-2.17138,838963437,-0.898964,-0.929292,2.10248,-0.911762,-0.943983,2.08876,-0.894829,-0.958217,2.08876,-0.882294,-0.943306,2.10248,-0.984783,-1.02797,2.29171,-0.998704,-1.04395,2.27678,-0.980068,-1.05962,2.27678,-0.966434,-1.0434,2.29171
0.185299,1.25482,-2.31362,16.5693,838963438,-0.881954,-0.943591,2.10248,-0.894489,-0.958502,2.08876,-0.877556,-0.972737,2.08876,-0.865284,-0.957604,2.10248,-0.966094,-1.04369,2.29171,-0.979728,-1.0599,2.27678,-0.961092,-1.07557,2.27678,-0.947744,-1.05911,2.29171
0.0163382,1.2541,-2.29629,-2.8404,838963439,-0.866317,-0.959712,2.10248,-0.878594,-0.97484,2.08876,-0.861173,-0.988474,2.08876,-0.849167,-0.973134,2.10248,-0.948637,-1.06133,2.29171,-0.961991,-1.07779,2.27678,-0.942819,-1.09279,2.27678,-0.92976,-1.07611,2.29171
0.18879,1.25487,-2.27911,4.71916,838963440,-0.848818,-0.973407,2.10248,-0.860824,-0.988747,2.08876,-0.843404,-1.00238,2.08876,-0.831668,-0.98683,2.10248,-0.92941,-1.07638,2.29171,-0.94247,-1.09306,2.27678,-0.923298,-1.10807,2.27678,-0.910533,-1.09115,2.29171
0.0842009,1.25412,-2.25787,-2.57732,838963441,-0.828738,-0.992236,2.10248,-0.840484,-1.00778,2.08876,-0.822601,-1.0208,2.08876,-0.811134,-1.00506,2.10248,-0.907487,-1.09665,2.29171,-0.920262,-1.11356,2.27678,-0.900581,-1.12789,2.27678,-0.888108,-1.11076,2.29171
0.118889,1.25484,-2.24068,-33.0916,838963442,-0.810775,-1.00532,2.10248,-0.822243,-1.02106,2.08876,-0.80436,-1.03409,2.08876,-0.793171,-1.01814,2.10248,-0.88775,-1.11102,2.29171,-0.900223,-1.12815,2.27678,-0.880542,-1.14248,2.27678,-0.868372,-1.12513,2.29171
0.0647136,1.25407,-2.22335,-3.05881,838963443,-0.794054,-1.02031,2.10248,-0.805249,-1.03626,2.08876,-0.786923,-1.04865,2.08876,-0.776012,-1.03251,2.10248,-0.869108,-1.12741,2.29171,-0.881285,-1.14475,2.27678,-0.861116,-1.15839,2.27678,-0.849248,-1.14084,2.29171
0.0720207,1.2548,-2.20617,-3.02437,838963444,-0.775645,-1.03276,2.10248,-0.786556,-1.04889,2.08876,-0.768229,-1.06128,2.08876,-0.757604,-1.04495,2.10248,-0.848881,-1.14108,2.29171,-0.860748,-1.15864,2.27678,-0.840579,-1.17227,2.27678,-0.829022,-1.15451,2.29171
-0.0247112,1.25403,-2.18884,-3.01868,838963445,-0.758411,-1.04716,2.10248,-0.769042,-1.06348,2.08876,-0.750294,-1.07523,2.08876,-0.739954,-1.05872,2.10248,-0.829678,-1.15681,2.29171,-0.841242,-1.17457,2.27678,-0.820609,-1.18749,2.27678,-0.809362,-1.16954,2.29171
0.133644,1.25474,-2.13714,36.4865,838963448,-0.702618,-1.08387,2.10248,-0.712376,-1.10073,2.08876,-0.693229,-1.11181,2.08876,-0.683769,-1.09478,2.10248,-0.768113,-1.19705,2.29171,-0.778726,-1.21539,2.27678,-0.757655,-1.22758,2.27678,-0.747366,-1.20906,2.29171
0.380624,1.27116,-2.88696,-0.954716,838963917,-1.25408,-0.314672,2.14506,-1.27283,-0.320383,2.13152,-1.26602,-0.341429,2.13152,-1.24737,-0.335391,2.14506,-1.37752,-0.352333,2.33546,-1.39792,-0.358546,2.32073,-1.39042,-0.381708,2.32073,-1.37014,-0.37514,2.33546
0.0516854,1.27191,-2.69721,-3.84841,838963928,-1.17105,-0.54498,2.14506,-1.18836,-0.554168,2.13152,-1.178,-0.57371,2.13152,-1.16084,-0.564218,2.14506,-1.28504,-0.605459,2.33546,-1.30388,-0.615452,2.32073,-1.29247,-0.636958,2.32073,-1.2738,-0.626635,2.33546
0.0771356,1.27118,-2.67987,9.04322,838963929,-1.16259,-0.565785,2.14506,-1.17974,-0.575274,2.13152,-1.1687,-0.594442,2.13152,-1.15171,-0.584655,2.14506,-1.27549,-0.628307,2.33546,-1.29416,-0.638628,2.32073,-1.282,-0.659723,2.32073,-1.26353,-0.649078,2.33546
0.0757802,1.27195,-2.66269,-40.7607,838963930,-1.15149,-0.585039,2.14506,-1.16848,-0.594826,2.13152,-1.15744,-0.613994,2.13152,-1.14062,-0.603909,2.14506,-1.2633,-0.649462,2.33546,-1.28178,-0.660107,2.32073,-1.26963,-0.681202,2.32073,-1.25134,-0.670233,2.33546
0.0296035,1.27123,-2.64535,-2.15047,838963931,-1.14231,-0.605536,2.14506,-1.15913,-0.615618,2.13152,-1.14742,-0.634389,2.13152,-1.13079,-0.624015,2.14506,-1.25297,-0.671963,2.33546,-1.27126,-0.68293,2.32073,-1.25837,-0.703587,2.32073,-1.24028,-0.692303,2.33546
-0.00663384,1.272,-2.62817,-2.78771,838963932,-1.13055,-0.624391,2.14506,-1.14719,-0.634765,2.13152,-1.13548,-0.653535,2.13152,-1.11903,-0.642869,2.14506,-1.24005,-0.692679,2.33546,-1.25814,-0.703963,2.32073,-1.24525,-0.724621,2.32073,-1.22736,-0.713019,2.33546
-0.15974,1.27125,-2.60694,-2.95328,838963933,-1.11812,-0.648951,2.14506,-1.13458,-0.65961,2.13152,-1.12223,-0.677964,2.13152,-1.10597,-0.667019,2.14506,-1.22641,-0.719174,2.33546,-1.24431,-0.730768,2.32073,-1.23072,-0.750966,2.32073,-1.21303,-0.739062,2.33546
0.231649,1.27197,-2.58975,-0.975081,838963934,-1.10572,-0.667387,2.14506,-1.12198,-0.678331,2.13152,-1.10963,-0.696685,2.13152,-1.09356,-0.685455,2.14506,-1.21278,-0.73943,2.33546,-1.23047,-0.751334,2.32073,-1.21688,-0.771533,2.32073,-1.1994,-0.759318,2.33546
0.0670814,1.2712,-2.57242,-3.1986,838963935,-1.09513,-0.687196,2.14506,-1.11121,-0.698423,2.13152,-1.09822,-0.716334,2.13152,-1.08235,-0.704828,2.14506,-1.2009,-0.761158,2.33546,-1.21838,-0.77337,2.32073,-1.20409,-0.793081,2.32073,-1.18683,-0.780566,2.33546
0.688621,1.27193,-2.55523,1.48969,838963936,-1.08209,-0.705187,2.14506,-1.09796,-0.716693,2.13152,-1.08498,-0.734603,2.13152,-1.06931,-0.722819,2.14506,-1.18657,-0.780925,2.33546,-1.20383,-0.79344,2.32073,-1.18954,-0.813152,2.32073,-1.1725,-0.800334,2.33546
-0.0343738,1.27116,-2.5379,-2.67717,838963937,-1.07082,-0.724614,2.14506,-1.08649,-0.736396,2.13152,-1.07289,-0.753842,2.13152,-1.05743,-0.741789,2.14506,-1.17394,-0.802225,2.33546,-1.19099,-0.81504,2.32073,-1.17602,-0.83424,2.32073,-1.1592,-0.82113,2.33546
0.0538271,1.27189,-2.52071,-3.14403,838963938,-1.05716,-0.742139,2.14506,-1.07262,-0.754192,2.13152,-1.05902,-0.771638,2.13152,-1.04377,-0.759314,2.14506,-1.15893,-0.82148,2.33546,-1.17575,-0.83459,2.32073,-1.16078,-0.85379,2.32073,-1.14419,-0.840385,2.33546
-0.0714849,1.27113,-2.50338,-3.88738,838963939,-1.04522,-0.76116,2.14506,-1.06047,-0.773482,2.13152,-1.04627,-0.790443,2.13152,-1.03124,-0.777857,2.14506,-1.14556,-0.842325,2.33546,-1.16215,-0.855728,2.32073,-1.14652,-0.874394,2.32073,-1.13017,-0.860704,2.33546
0.208515,1.27187,-2.4862,-11.251,838963940,-1.03095,-0.778197,2.14506,-1.04598,-0.790783,2.13152,-1.03178,-0.807744,2.13152,-1.01697,-0.794894,2.14506,-1.12989,-0.861044,2.33546,-1.14624,-0.874734,2.32073,-1.13061,-0.8934,2.32073,-1.1145,-0.879423,2.33546
0.89227,1.27112,-2.46887,1.15122,838963941,-1.01835,-0.79679,2.14506,-1.03316,-0.809637,2.13152,-1.01838,-0.826092,2.13152,-1.0038,-0.812989,2.14506,-1.1158,-0.88141,2.33546,-1.13191,-0.895384,2.32073,-1.11564,-0.913493,2.32073,-1.09978,-0.899241,2.33546
0.286015,1.27186,-2.45168,4.7212,838963942,-1.0035,-0.813318,2.14506,-1.01808,-0.826421,2.13152,-1.0033,-0.842876,2.13152,-0.988944,-0.829517,2.14506,-1.09948,-0.89957,2.33546,-1.11534,-0.913822,2.32073,-1.09907,-0.931931,2.32073,-1.08346,-0.917401,2.33546
0.601435,1.27112,-2.43435,0.728366,838963943,-0.99026,-0.83146,2.14506,-1.00461,-0.844817,2.13152,-0.989262,-0.860744,2.13152,-0.975147,-0.84714,2.14506,-1.08469,-0.919432,2.33546,-1.10031,-0.93396,2.32073,-1.08341,-0.951489,2.32073,-1.06806,-0.936692,2.33546
0.511004,1.27187,-2.41717,-0.551123,838963944,-0.97484,-0.847459,2.14506,-0.988954,-0.861063,2.13152,-0.973603,-0.876991,2.13152,-0.959727,-0.863139,2.14506,-1.06775,-0.937011,2.33546,-1.0831,-0.951808,2.32073,-1.06621,-0.969337,2.32073,-1.05112,-0.954271,2.33546
0.609371,1.27113,-2.39984,-1.1484,838963945,-0.960974,-0.865127,2.14506,-0.974852,-0.878977,2.13152,-0.958953,-0.894359,2.13152,-0.945322,-0.88027,2.14506,-1.05228,-0.956344,2.33546,-1.06737,-0.971408,2.32073,-1.04988,-0.988337,2.32073,-1.03505,-0.973012,2.33546
0.212156,1.27188,-2.38266,-1.56095,838963946,-0.945004,-0.880578,2.14506,-0.958635,-0.894667,2.13152,-0.942736,-0.910049,2.13152,-0.929352,-0.895721,2.14506,-1.03473,-0.97332,2.33546,-1.04956,-0.988645,2.32073,-1.03206,-1.00557,2.32073,-1.0175,-0.989989,2.33546
0.315182,1.27115,-2.36532,-1.38174,838963947,-0.930529,-0.897751,2.14506,-0.943916,-0.912077,2.13152,-0.927489,-0.926895,2.13152,-0.914359,-0.912338,2.14506,-1.01859,-0.992101,2.33546,-1.03315,-1.00768,2.32073,-1.01507,-1.02399,2.32073,-1.00079,-1.00816,2.33546
0.432433,1.27191,-2.34814,-11.2248,838963948,-0.91403,-0.912635,2.14506,-0.92716,-0.927192,2.13152,-0.910734,-0.942009,2.13152,-0.897859,-0.927222,2.14506,-1.00046,-1.00845,2.33546,-1.01475,-1.02429,2.32073,-0.996668,-1.04059,2.32073,-0.982663,-1.02451,2.33546
0.137369,1.27118,-2.33081,-4.48967,838963949,-0.898964,-0.929292,2.14506,-0.911842,-0.944077,2.13152,-0.894908,-0.958312,2.13152,-0.882294,-0.943306,2.14506,-0.983678,-1.02666,2.33546,-0.997685,-1.04274,2.32073,-0.979049,-1.05841,2.32073,-0.965328,-1.04209,2.33546
0.139017,1.27195,-2.31362,-14.1506,838963950,-0.881954,-0.943591,2.14506,-0.894569,-0.958597,2.13152,-0.877635,-0.972831,2.13152,-0.865284,-0.957604,2.14506,-0.964989,-1.04237,2.33546,-0.978709,-1.05869,2.32073,-0.960073,-1.07436,2.32073,-0.946639,-1.0578,2.33546
-0.0479789,1.27123,-2.29629,-88.1363,838963951,-0.866317,-0.959712,2.14506,-0.87867,-0.974937,2.13152,-0.861249,-0.988572,2.13152,-0.849167,-0.973134,2.14506,-0.947578,-1.05998,2.33546,-0.961015,-1.07654,2.32073,-0.941843,-1.09154,2.32073,-0.928701,-1.07475,2.33546
-0.0151853,1.272,-2.2791,-2.83801,838963952,-0.848818,-0.973407,2.14506,-0.8609,-0.988845,2.13152,-0.84348,-1.00248,2.13152,-0.831668,-0.98683,2.14506,-0.928352,-1.07503,2.33546,-0.941494,-1.09182,2.32073,-0.922322,-1.10682,2.32073,-0.909474,-1.0898,2.33546
-0.0597559,1.27125,-2.25787,-4.03988,838963953,-0.828738,-0.992235,2.14506,-0.840556,-1.00788,2.13152,-0.822674,-1.0209,2.13152,-0.811134,-1.00506,2.14506,-0.906475,-1.09526,2.33546,-0.91933,-1.11228,2.32073,-0.899649,-1.12661,2.32073,-0.887097,-1.10937,2.33546
0.0818525,1.27197,-2.24068,-30.3154,838963954,-0.810775,-1.00532,2.14506,-0.822315,-1.02116,2.13152,-0.804433,-1.03419,2.13152,-0.793171,-1.01814,2.14506,-0.886739,-1.10963,2.33546,-0.899291,-1.12687,2.32073,-0.87961,-1.1412,2.32073,-0.867361,-1.12374,2.33546
-0.0824423,1.2712,-2.22335,-3.83822,838963955,-0.794054,-1.02031,2.14506,-0.805319,-1.03636,2.13152,-0.786992,-1.04875,2.13152,-0.776012,-1.03251,2.14506,-0.868146,-1.12599,2.33546,-0.880398,-1.14344,2.32073,-0.860229,-1.15708,2.32073,-0.848286,-1.13941,2.33546
0.0411377,1.27193,-2.20616,-3.622,838963956,-0.775645,-1.03276,2.14506,-0.786625,-1.049,2.13152,-0.768298,-1.06139,2.13152,-0.757604,-1.04495,2.14506,-0.847919,-1.13966,2.33546,-0.859862,-1.15733,2.32073,-0.839692,-1.17096,2.32073,-0.82806,-1.15309,2.33546
0.69468,1.27116,-2.18883,-1.02923,838963957,-0.758411,-1.04716,2.14506,-0.769108,-1.06359,2.13152,-0.75036,-1.07533,2.13152,-0.739954,-1.05872,2.14506,-0.828766,-1.15536,2.33546,-0.840401,-1.17323,2.32073,-0.819768,-1.18615,2.32073,-0.80845,-1.16808,2.33546
0.533291,1.27189,-2.17165,-0.475153,838963958,-0.739578,-1.05895,2.14506,-0.749984,-1.07557,2.13152,-0.731236,-1.08731,2.13152,-0.721122,-1.07051,2.14506,-0.808075,-1.16832,2.33546,-0.819393,-1.18639,2.32073,-0.798759,-1.19931,2.32073,-0.787758,-1.18104,2.33546
-0.00242912,1.28902,-2.6972,-3.04845,838964440,-1.17105,-0.54498,2.18821,-1.18847,-0.554225,2.17484,-1.1781,-0.573767,2.17484,-1.16084,-0.564218,2.18821,-1.28351,-0.604649,2.37977,-1.30247,-0.614704,2.36523,-1.29106,-0.636211,2.36523,-1.27228,-0.625825,2.37977
0.0664561,1.28828,-2.67987,-2.48202,838964441,-1.16259,-0.565785,2.18821,-1.17985,-0.575335,2.17484,-1.16881,-0.594503,2.17484,-1.15171,-0.584655,2.18821,-1.274,-0.627444,2.37977,-1.29277,-0.637831,2.36523,-1.28062,-0.658926,2.36523,-1.26203,-0.648215,2.37977
0.0798275,1.28906,-2.66269,-2.9178,838964442,-1.15149,-0.585039,2.18821,-1.16858,-0.594887,2.17484,-1.15754,-0.614055,2.17484,-1.14062,-0.603909,2.18821,-1.26181,-0.648599,2.37977,-1.2804,-0.65931,2.36523,-1.26824,-0.680405,2.36523,-1.24984,-0.66937,2.37977
-0.0737096,1.28833,-2.64535,-3.84814,838964443,-1.14231,-0.605536,2.18821,-1.15923,-0.615683,2.17484,-1.14752,-0.634453,2.17484,-1.13079,-0.624015,2.18821,-1.2515,-0.671049,2.37977,-1.2699,-0.682085,2.36523,-1.25702,-0.702743,2.36523,-1.23881,-0.691389,2.37977
0.157703,1.28911,-2.62817,11.1041,838964444,-1.13055,-0.624391,2.18821,-1.14729,-0.634829,2.17484,-1.13558,-0.6536,2.17484,-1.11903,-0.642869,2.18821,-1.23858,-0.691765,2.37977,-1.25678,-0.703119,2.36523,-1.2439,-0.723776,2.36523,-1.22589,-0.712105,2.37977
0.670428,1.28836,-2.60693,4.57862,838964445,-1.11812,-0.648951,2.18821,-1.13468,-0.659678,2.17484,-1.12233,-0.678032,2.17484,-1.10597,-0.667019,2.18821,-1.22497,-0.718209,2.37977,-1.24298,-0.729877,2.36523,-1.22939,-0.750076,2.36523,-1.21159,-0.738097,2.37977
0.974705,1.28908,-2.58975,-3.2425,838964446,-1.10572,-0.667387,2.18821,-1.12208,-0.678399,2.17484,-1.10973,-0.696753,2.17484,-1.09356,-0.685455,2.18821,-1.21134,-0.738465,2.37977,-1.22914,-0.750443,2.36523,-1.21555,-0.770642,2.36523,-1.19796,-0.758353,2.37977
0.31153,1.2883,-2.57241,-3.74811,838964447,-1.09513,-0.687196,2.18821,-1.11131,-0.698495,2.17484,-1.09832,-0.716405,2.17484,-1.08235,-0.704828,2.18821,-1.1995,-0.760143,2.37977,-1.21709,-0.772433,2.36523,-1.2028,-0.792144,2.36523,-1.18543,-0.779552,2.37977
1.39343,1.28904,-2.55523,0.835499,838964448,-1.08209,-0.705187,2.18821,-1.09806,-0.716764,2.17484,-1.08508,-0.734675,2.17484,-1.06931,-0.722819,2.18821,-1.18517,-0.779911,2.37977,-1.20254,-0.792503,2.36523,-1.18825,-0.812215,2.36523,-1.1711,-0.799319,2.37977
0.39524,1.28826,-2.5379,1.82823,838964449,-1.07082,-0.724614,2.18821,-1.08659,-0.736471,2.17484,-1.07299,-0.753917,2.17484,-1.05743,-0.741789,2.18821,-1.17258,-0.801162,2.37977,-1.18973,-0.814059,2.36523,-1.17476,-0.833259,2.36523,-1.15784,-0.820068,2.37977
-0.0179503,1.289,-2.52071,-2.48557,838964450,-1.05716,-0.742139,2.18821,-1.07272,-0.754267,2.17484,-1.05911,-0.771713,2.17484,-1.04377,-0.759314,2.18821,-1.15757,-0.820417,2.37977,-1.17449,-0.833609,2.36523,-1.15952,-0.852809,2.36523,-1.14283,-0.839322,2.37977
0.985392,1.28824,-2.50338,-0.318277,838964451,-1.04522,-0.76116,2.18821,-1.06056,-0.773561,2.17484,-1.04636,-0.790521,2.17484,-1.03124,-0.777857,2.18821,-1.14424,-0.841216,2.37977,-1.16093,-0.854703,2.36523,-1.1453,-0.873369,2.36523,-1.12885,-0.859595,2.37977
0.466169,1.28898,-2.4862,-1.63823,838964452,-1.03095,-0.778197,2.18821,-1.04607,-0.790861,2.17484,-1.03187,-0.807822,2.17484,-1.01697,-0.794894,2.18821,-1.12856,-0.859935,2.37977,-1.14501,-0.873709,2.36523,-1.12938,-0.892375,2.36523,-1.11317,-0.878314,2.37977
0.387889,1.28822,-2.46886,1.915,838964453,-1.01835,-0.79679,2.18821,-1.03325,-0.809719,2.17484,-1.01847,-0.826173,2.17484,-1.0038,-0.812989,2.18821,-1.11452,-0.880255,2.37977,-1.13073,-0.894317,2.36523,-1.11445,-0.912426,2.36523,-1.09849,-0.898085,2.37977
0.441659,1.28897,-2.45168,1.53121,838964454,-1.0035,-0.813318,2.18821,-1.01817,-0.826503,2.17484,-1.00339,-0.842957,2.17484,-0.988944,-0.829517,2.18821,-1.0982,-0.898415,2.37977,-1.11416,-0.912756,2.36523,-1.09788,-0.930864,2.36523,-1.08218,-0.916245,2.37977
10.4128,1.28822,-2.43435,0.551644,838964455,-0.99026,-0.83146,2.18821,-1.0047,-0.844901,2.17484,-0.98935,-0.860829,2.17484,-0.975147,-0.84714,2.18821,-1.08345,-0.918232,2.37977,-1.09916,-0.932852,2.36523,-1.08226,-0.950381,2.36523,-1.06681,-0.935492,2.37977
2.26186,1.28897,-2.41717,0.829212,838964456,-0.97484,-0.847459,2.18821,-0.989042,-0.861148,2.17484,-0.97369,-0.877076,2.17484,-0.959727,-0.863139,2.18821,-1.06651,-0.935811,2.37977,-1.08196,-0.950701,2.36523,-1.06506,-0.96823,2.36523,-1.04987,-0.953071,2.37977
10.2247,1.28823,-2.39984,0.703013,838964457,-0.960974,-0.865127,2.18821,-0.974937,-0.879065,2.17484,-0.959038,-0.894447,2.17484,-0.945322,-0.88027,2.18821,-1.05108,-0.955102,2.37977,-1.06626,-0.970261,2.36523,-1.04877,-0.98719,2.36523,-1.03385,-0.97177,2.37977
0.710117,1.28899,-2.38265,-0.553513,838964458,-0.945004,-0.880578,2.18821,-0.95872,-0.894755,2.17484,-0.942821,-0.910137,2.17484,-0.929352,-0.895721,2.18821,-1.03353,-0.972078,2.37977,-1.04845,-0.987498,2.36523,-1.03095,-1.00443,2.36523,-1.0163,-0.988746,2.37977
0.0773816,1.28825,-2.36532,52.0345,838964459,-0.930529,-0.897751,2.18821,-0.943997,-0.912168,2.17484,-0.927571,-0.926985,2.17484,-0.914359,-0.912338,2.18821,-1.01743,-0.990818,2.37977,-1.03208,-1.0065,2.36523,-1.01401,-1.02281,2.36523,-0.999635,-1.00687,2.37977
2.77792,1.28902,-2.34814,0.3017,838964460,-0.91403,-0.912635,2.18821,-0.927242,-0.927282,2.17484,-0.910816,-0.942099,2.17484,-0.897859,-0.927222,2.18821,-0.999306,-1.00717,2.37977,-1.01368,-1.0231,2.36523,-0.995599,-1.03941,2.36523,-0.981506,-1.02323,2.37977
2.99555,1.28828,-2.3308,0.665031,838964461,-0.898964,-0.929292,2.18821,-0.91192,-0.94417,2.17484,-0.894986,-0.958405,2.17484,-0.882294,-0.943306,2.18821,-0.982566,-1.02534,2.37977,-0.996658,-1.04152,2.36523,-0.978022,-1.05719,2.36523,-0.964216,-1.04076,2.37977
0.165688,1.28906,-2.31362,10.0729,838964462,-0.881954,-0.943591,2.18821,-0.894647,-0.95869,2.17484,-0.877713,-0.972925,2.17484,-0.865284,-0.957604,2.18821,-0.963877,-1.04105,2.37977,-0.977682,-1.05747,2.36523,-0.959046,-1.07314,2.36523,-0.945527,-1.05647,2.37977
0.0948384,1.28833,-2.29628,-3.46906,838964463,-0.866317,-0.959712,2.18821,-0.878745,-0.975033,2.17484,-0.861324,-0.988667,2.17484,-0.849167,-0.973134,2.18821,-0.946513,-1.05862,2.37977,-0.960031,-1.07528,2.36523,-0.940859,-1.09029,2.36523,-0.927636,-1.07339,2.37977
0.0170183,1.28911,-2.2791,-3.14276,838964464,-0.848818,-0.973407,2.18821,-0.860975,-0.988941,2.17484,-0.843555,-1.00258,2.17484,-0.831668,-0.98683,2.18821,-0.927287,-1.07367,2.37977,-0.94051,-1.09056,2.36523,-0.921338,-1.10557,2.36523,-0.908409,-1.08844,2.37977
-0.0276026,1.28836,-2.25787,-2.16483,838964465,-0.828738,-0.992236,2.18821,-0.840628,-1.00798,2.17484,-0.822745,-1.021,2.17484,-0.811134,-1.00506,2.18821,-0.905458,-1.09386,2.37977,-0.91839,-1.11099,2.36523,-0.89871,-1.12532,2.36523,-0.88608,-1.10797,2.37977
0.0914157,1.28908,-2.24068,-2.40066,838964466,-0.810775,-1.00532,2.18821,-0.822387,-1.02126,2.17484,-0.804504,-1.03428,2.17484,-0.793171,-1.01814,2.18821,-0.885722,-1.10823,2.37977,-0.898351,-1.12558,2.36523,-0.878671,-1.13991,2.36523,-0.866343,-1.12235,2.37977
0.0391442,1.2883,-2.22335,-44.8512,838964467,-0.794054,-1.02031,2.18821,-0.805387,-1.03646,2.17484,-0.78706,-1.04885,2.17484,-0.776012,-1.03251,2.18821,-0.867178,-1.12455,2.37977,-0.879504,-1.14212,2.36523,-0.859335,-1.15575,2.36523,-0.847318,-1.13798,2.37977
-0.031029,1.28904,-2.20616,-3.55195,838964468,-0.775645,-1.03276,2.18821,-0.786693,-1.0491,2.17484,-0.768367,-1.06149,2.17484,-0.757604,-1.04495,2.18821,-0.846951,-1.13823,2.37977,-0.858968,-1.156,2.36523,-0.838799,-1.16964,2.36523,-0.827092,-1.15165,2.37977
0.143757,1.28826,-2.18883,5.58481,838964469,-0.758411,-1.04716,2.18821,-0.769172,-1.06369,2.17484,-0.750424,-1.07543,2.17484,-0.739954,-1.05872,2.18821,-0.827849,-1.15389,2.37977,-0.839554,-1.17188,2.36523,-0.818921,-1.1848,2.36523,-0.807533,-1.16662,2.37977
0.148126,1.289,-2.17165,5.97018,838964470,-0.739578,-1.05895,2.18821,-0.750049,-1.07567,2.17484,-0.7313,-1.08741,2.17484,-0.721122,-1.07051,2.18821,-0.807157,-1.16685,2.37977,-0.818545,-1.18503,2.36523,-0.797912,-1.19796,2.36523,-0.786841,-1.17957,2.37977
0.229911,1.28822,-2.1198,-2.68011,838964473,-0.684421,-1.09704,2.18821,-0.694002,-1.11428,2.17484,-0.67448,-1.12469,2.17484,-0.665202,-1.10728,2.18821,-0.746238,-1.20836,2.37977,-0.75666,-1.22711,2.36523,-0.735175,-1.23857,2.36523,-0.725083,-1.21963,2.37977
0.2079,1.28822,-2.08528,-24.0598,838964475,-0.646164,-1.12001,2.18821,-0.655137,-1.13758,2.17484,-0.635264,-1.14729,2.17484,-0.6266,-1.12957,2.18821,-0.704056,-1.23342,2.37977,-0.713816,-1.25253,2.36523,-0.691945,-1.26322,2.36523,-0.682521,-1.24395,2.37977
0.213119,1.30606,-2.83526,-1.28025,838964944,-1.23494,-0.37866,2.23194,-1.25359,-0.385429,2.21875,-1.24605,-0.406224,2.21875,-1.22751,-0.399132,2.23194,-1.35298,-0.42149,2.42464,-1.37327,-0.428852,2.4103,-1.36497,-0.451738,2.4103,-1.34481,-0.444024,2.42464
-0.0427265,1.3061,-2.6972,-5.13396,838964952,-1.17105,-0.54498,2.23194,-1.18858,-0.554281,2.21875,-1.17821,-0.573823,2.21875,-1.16084,-0.564218,2.23194,-1.28198,-0.603834,2.42464,-1.30105,-0.61395,2.4103,-1.28964,-0.635457,2.4103,-1.27074,-0.62501,2.42464
0.0432213,1.30537,-2.67987,-4.72591,838964953,-1.16259,-0.565785,2.23194,-1.17995,-0.575395,2.21875,-1.16891,-0.594563,2.21875,-1.15171,-0.584655,2.23194,-1.27249,-0.626576,2.42464,-1.29138,-0.637029,2.4103,-1.27923,-0.658123,2.4103,-1.26052,-0.647347,2.42464
0.0533342,1.30614,-2.66268,-4.37181,838964954,-1.15149,-0.585039,2.23194,-1.16869,-0.594947,2.21875,-1.15764,-0.614114,2.21875,-1.14062,-0.603909,2.23194,-1.2603,-0.647731,2.42464,-1.279,-0.658507,2.4103,-1.26685,-0.679602,2.4103,-1.24833,-0.668502,2.42464
0.103137,1.30541,-2.64535,-4.04661,838964955,-1.14231,-0.605536,2.23194,-1.15933,-0.615746,2.21875,-1.14763,-0.634517,2.21875,-1.13079,-0.624015,2.23194,-1.25002,-0.670128,2.42464,-1.26854,-0.681234,2.4103,-1.25565,-0.701892,2.4103,-1.23734,-0.690469,2.42464
0.0641393,1.3062,-2.62817,-54.4143,838964956,-1.13055,-0.624391,2.23194,-1.14739,-0.634893,2.21875,-1.13569,-0.653663,2.21875,-1.11903,-0.642869,2.23194,-1.2371,-0.690845,2.42464,-1.25542,-0.702268,2.4103,-1.24254,-0.722925,2.4103,-1.22442,-0.711185,2.42464
0.464934,1.30544,-2.60693,-10.0231,838964957,-1.11812,-0.648951,2.23194,-1.13478,-0.659745,2.21875,-1.12243,-0.678099,2.21875,-1.10597,-0.667019,2.23194,-1.22353,-0.717239,2.42464,-1.24165,-0.728979,2.4103,-1.22806,-0.749178,2.4103,-1.21015,-0.737127,2.42464
0.255405,1.30617,-2.58974,9.56875,838964958,-1.10572,-0.667387,2.23194,-1.12218,-0.678466,2.21875,-1.10983,-0.69682,2.21875,-1.09356,-0.685455,2.23194,-1.2099,-0.737494,2.42464,-1.22781,-0.749545,2.4103,-1.21422,-0.769744,2.4103,-1.19652,-0.757383,2.42464
0.535439,1.30539,-2.57241,0.364838,838964959,-1.09513,-0.687196,2.23194,-1.1114,-0.698565,2.21875,-1.09842,-0.716476,2.21875,-1.08235,-0.704828,2.23194,-1.19809,-0.759123,2.42464,-1.21579,-0.771489,2.4103,-1.2015,-0.791201,2.4103,-1.18402,-0.778531,2.42464
1.02116,1.30612,-2.55523,1.97576,838964960,-1.08209,-0.705187,2.23194,-1.09816,-0.716835,2.21875,-1.08518,-0.734745,2.21875,-1.06931,-0.722819,2.23194,-1.18376,-0.77889,2.42464,-1.20124,-0.79156,2.4103,-1.18695,-0.811271,2.4103,-1.16969,-0.798299,2.42464
0.214638,1.30535,-2.53789,4.35341,838964961,-1.07082,-0.724614,2.23194,-1.08668,-0.736545,2.21875,-1.07308,-0.753991,2.21875,-1.05743,-0.741789,2.23194,-1.17121,-0.800093,2.42464,-1.18846,-0.81307,2.4103,-1.17349,-0.83227,2.4103,-1.15647,-0.818999,2.42464
0.0592518,1.30609,-2.52071,-4.63192,838964962,-1.05716,-0.742139,2.23194,-1.07281,-0.754341,2.21875,-1.05921,-0.771787,2.21875,-1.04377,-0.759314,2.23194,-1.15619,-0.819348,2.42464,-1.17322,-0.83262,2.4103,-1.15825,-0.85182,2.4103,-1.14146,-0.838253,2.42464
0.146809,1.30532,-2.50338,-28.7355,838964963,-1.04522,-0.76116,2.23194,-1.06065,-0.773638,2.21875,-1.04645,-0.790598,2.21875,-1.03124,-0.777857,2.23194,-1.1429,-0.840099,2.42464,-1.15969,-0.853671,2.4103,-1.14406,-0.872337,2.4103,-1.12751,-0.858479,2.42464
0.151019,1.30606,-2.4862,9.11103,838964964,-1.03095,-0.778197,2.23194,-1.04617,-0.790938,2.21875,-1.03196,-0.807899,2.21875,-1.01697,-0.794894,2.23194,-1.12723,-0.858818,2.42464,-1.14378,-0.872677,2.4103,-1.12815,-0.891343,2.4103,-1.11184,-0.877197,2.42464
0.139705,1.3053,-2.46886,11.6032,838964965,-1.01835,-0.79679,2.23194,-1.03334,-0.809799,2.21875,-1.01856,-0.826253,2.21875,-1.0038,-0.812989,2.23194,-1.11322,-0.879093,2.42464,-1.12953,-0.893243,2.4103,-1.11326,-0.911351,2.4103,-1.0972,-0.896923,2.42464
0.0249452,1.30606,-2.45168,-4.41648,838964966,-1.0035,-0.813318,2.23194,-1.01826,-0.826583,2.21875,-1.00348,-0.843037,2.21875,-0.988944,-0.829517,2.23194,-1.0969,-0.897253,2.42464,-1.11296,-0.911681,2.4103,-1.09669,-0.929789,2.4103,-1.08088,-0.915083,2.42464
0.19909,1.3053,-2.43435,2.87909,838964967,-0.99026,-0.83146,2.23194,-1.00479,-0.844985,2.21875,-0.989436,-0.860912,2.21875,-0.975147,-0.84714,2.23194,-1.0822,-0.917026,2.42464,-1.098,-0.931736,2.4103,-1.0811,-0.949266,2.4103,-1.06556,-0.934286,2.42464
0.440537,1.30606,-2.41717,1.76953,838964968,-0.97484,-0.847459,2.23194,-0.989129,-0.861231,2.21875,-0.973777,-0.877159,2.21875,-0.959727,-0.863139,2.23194,-1.06526,-0.934605,2.42464,-1.0808,-0.949585,2.4103,-1.0639,-0.967114,2.4103,-1.04862,-0.951865,2.42464
0.364595,1.30531,-2.39983,-11.035,838964969,-0.960974,-0.865127,2.23194,-0.97502,-0.879151,2.21875,-0.959122,-0.894533,2.21875,-0.945322,-0.88027,2.23194,-1.04987,-0.953852,2.42464,-1.06515,-0.969105,2.4103,-1.04765,-0.986034,2.4103,-1.03264,-0.97052,2.42464
0.334258,1.30607,-2.38265,6.02926,838964970,-0.945004,-0.880578,2.23194,-0.958803,-0.894841,2.21875,-0.942904,-0.910223,2.21875,-0.929352,-0.895721,2.23194,-1.03232,-0.970829,2.42464,-1.04733,-0.986342,2.4103,-1.02983,-1.00327,2.4103,-1.01509,-0.987497,2.42464
0.0975106,1.30533,-2.36532,-2.909,838964971,-0.930529,-0.897751,2.23194,-0.944078,-0.912257,2.21875,-0.927651,-0.927075,2.21875,-0.914359,-0.912338,2.23194,-1.01627,-0.989527,2.42464,-1.03101,-1.0053,2.4103,-1.01293,-1.02161,2.4103,-0.99847,-1.00558,2.42464
0.283042,1.3061,-2.34814,-0.586868,838964972,-0.91403,-0.912635,2.23194,-0.927322,-0.927371,2.21875,-0.910896,-0.942189,2.21875,-0.897859,-0.927222,2.23194,-0.998141,-1.00588,2.42464,-1.0126,-1.02191,2.4103,-0.994522,-1.03822,2.4103,-0.980341,-1.02194,2.42464
0.350042,1.30537,-2.3308,6.86322,838964973,-0.898964,-0.929292,2.23194,-0.911997,-0.944262,2.21875,-0.895064,-0.958497,2.21875,-0.882294,-0.943306,2.23194,-0.981447,-1.02401,2.42464,-0.995623,-1.04029,2.4103,-0.976987,-1.05595,2.4103,-0.963097,-1.03943,2.42464
0.0683991,1.30614,-2.31362,21.3392,838964974,-0.881955,-0.943591,2.23194,-0.894725,-0.958782,2.21875,-0.877791,-0.973017,2.21875,-0.865284,-0.957604,2.23194,-0.962758,-1.03972,2.42464,-0.976648,-1.05624,2.4103,-0.958011,-1.07191,2.4103,-0.944408,-1.05514,2.42464
0.0393319,1.30541,-2.29628,-3.4305,838964975,-0.866317,-0.959712,2.23194,-0.878819,-0.975128,2.21875,-0.861399,-0.988762,2.21875,-0.849167,-0.973134,2.23194,-0.945441,-1.05725,2.42464,-0.95904,-1.07402,2.4103,-0.939868,-1.08902,2.4103,-0.926564,-1.07202,2.42464
0.10815,1.30617,-2.24068,-25.8762,838964978,-0.810775,-1.00532,2.23194,-0.822458,-1.02136,2.21875,-0.804575,-1.03438,2.21875,-0.793171,-1.01814,2.23194,-0.884698,-1.10683,2.42464,-0.897405,-1.12428,2.4103,-0.877724,-1.13861,2.4103,-0.86532,-1.12094,2.42464
0.0654706,1.30539,-2.22335,30.1785,838964979,-0.794054,-1.02031,2.23194,-0.805454,-1.03656,2.21875,-0.787128,-1.04895,2.21875,-0.776012,-1.03251,2.23194,-0.866204,-1.12311,2.42464,-0.878604,-1.14079,2.4103,-0.858434,-1.15442,2.4103,-0.846345,-1.13654,2.42464
0.0485933,1.30612,-2.20616,-4.53819,838964980,-0.775645,-1.03276,2.23194,-0.78676,-1.0492,2.21875,-0.768434,-1.06159,2.21875,-0.757604,-1.04495,2.23194,-0.845977,-1.13679,2.42464,-0.858067,-1.15467,2.4103,-0.837898,-1.16831,2.4103,-0.826118,-1.15021,2.42464
0.0386485,1.30535,-2.18883,-4.10983,838964981,-0.758411,-1.04716,2.23194,-0.769236,-1.06379,2.21875,-0.750488,-1.07554,2.21875,-0.739954,-1.05872,2.23194,-0.826926,-1.15242,2.42464,-0.838701,-1.17051,2.4103,-0.818068,-1.18344,2.4103,-0.80661,-1.16514,2.42464
0.126337,1.32333,-3.01174,-3.47227,838965446,-1.28214,-0.155924,2.27679,-1.30196,-0.159401,2.26367,-1.29814,-0.181202,2.26367,-1.27838,-0.177374,2.27679,-1.40423,-0.177341,2.47054,-1.42565,-0.181098,2.45637,-1.42147,-0.204948,2.45637,-1.40012,-0.200811,2.47054
0.12812,1.32331,-2.90429,-4.42608,838965452,-1.25802,-0.292563,2.27679,-1.27737,-0.298089,2.26367,-1.27129,-0.319372,2.26367,-1.25204,-0.313503,2.27679,-1.37721,-0.326602,2.47054,-1.39812,-0.332574,2.45637,-1.39147,-0.355857,2.45637,-1.37067,-0.349515,2.47054
0.00773906,1.32329,-2.69719,-3.44577,838965464,-1.17105,-0.544981,2.27679,-1.18882,-0.554412,2.26367,-1.17845,-0.573964,2.26367,-1.16084,-0.564219,2.27679,-1.28054,-0.603074,2.47054,-1.29975,-0.613266,2.45637,-1.2884,-0.634656,2.45637,-1.26938,-0.624124,2.47054
0.0648171,1.32255,-2.67986,-31.7325,838965465,-1.16259,-0.565784,2.27679,-1.1802,-0.575521,2.26367,-1.16915,-0.5947,2.26367,-1.15171,-0.584654,2.27679,-1.27101,-0.62589,2.47054,-1.29005,-0.636412,2.45637,-1.27796,-0.657393,2.45637,-1.25912,-0.646537,2.47054
0.130512,1.32333,-2.66268,17.4032,838965466,-1.15149,-0.58504,2.27679,-1.16893,-0.595086,2.26367,-1.15788,-0.614264,2.26367,-1.14062,-0.60391,2.27679,-1.25889,-0.646922,2.47054,-1.27774,-0.657778,2.45637,-1.26565,-0.678759,2.45637,-1.247,-0.667569,2.47054
0.00200822,1.3226,-2.64534,-4.46183,838965467,-1.14231,-0.605535,2.27679,-1.15957,-0.615881,2.26367,-1.14786,-0.634662,2.26367,-1.13079,-0.624014,2.27679,-1.24857,-0.669391,2.47054,-1.26723,-0.680572,2.45637,-1.25441,-0.701117,2.45637,-1.23596,-0.68961,2.47054
0.00970353,1.32339,-2.62816,-3.12419,838965468,-1.13055,-0.624391,2.27679,-1.14763,-0.63504,2.26367,-1.13591,-0.653821,2.26367,-1.11903,-0.64287,2.27679,-1.23573,-0.689987,2.47054,-1.25418,-0.701495,2.45637,-1.24136,-0.72204,2.45637,-1.22312,-0.710206,2.47054
-0.0496125,1.32263,-2.60693,-3.8335,838965469,-1.11812,-0.648951,2.27679,-1.13502,-0.659889,2.26367,-1.12266,-0.678252,2.26367,-1.10597,-0.667018,2.27679,-1.22211,-0.716451,2.47054,-1.24036,-0.728272,2.45637,-1.22685,-0.748361,2.45637,-1.2088,-0.736221,2.47054
0.0284216,1.32336,-2.58974,-3.97813,838965470,-1.10572,-0.667388,2.27679,-1.12241,-0.678622,2.26367,-1.11005,-0.696985,2.26367,-1.09356,-0.685456,2.27679,-1.20856,-0.73659,2.47054,-1.2266,-0.74873,2.45637,-1.21308,-0.768819,2.45637,-1.19525,-0.756359,2.47054
0.0226311,1.32257,-2.57241,-4.41691,838965471,-1.09513,-0.687195,2.27679,-1.11163,-0.698717,2.26367,-1.09864,-0.716637,2.26367,-1.08235,-0.704827,2.27679,-1.1967,-0.758286,2.47054,-1.21453,-0.770737,2.45637,-1.20032,-0.790342,2.45637,-1.18271,-0.777579,2.47054
0.111026,1.32331,-2.55522,14.6014,838965472,-1.08209,-0.705188,2.27679,-1.09838,-0.716998,2.26367,-1.08539,-0.734918,2.26367,-1.06931,-0.72282,2.27679,-1.18245,-0.777939,2.47054,-1.20006,-0.790702,2.45637,-1.18584,-0.810307,2.45637,-1.16846,-0.797232,2.47054
0.035579,1.32253,-2.53789,-4.44653,838965473,-1.07082,-0.724613,2.27679,-1.08691,-0.736704,2.26367,-1.0733,-0.75416,2.26367,-1.05743,-0.741788,2.27679,-1.16984,-0.799208,2.47054,-1.18723,-0.812274,2.45637,-1.17234,-0.831371,2.45637,-1.15519,-0.818001,2.47054
-0.0171124,1.32328,-2.5207,-4.11699,838965474,-1.05716,-0.742139,2.27679,-1.07303,-0.754511,2.26367,-1.05942,-0.771967,2.26367,-1.04377,-0.759314,2.27679,-1.15492,-0.818352,2.47054,-1.17206,-0.831722,2.45637,-1.15718,-0.850818,2.45637,-1.14026,-0.837144,2.47054
-0.017182,1.3225,-2.50337,-3.4731,838965475,-1.04522,-0.76116,2.27679,-1.06087,-0.773805,2.26367,-1.04666,-0.790775,2.26367,-1.03124,-0.777857,2.27679,-1.14157,-0.839167,2.47054,-1.15849,-0.852833,2.45637,-1.14294,-0.871397,2.45637,-1.12627,-0.857437,2.47054
0.0492498,1.32326,-2.48619,42.356,838965476,-1.03095,-0.778198,2.27679,-1.04638,-0.791116,2.26367,-1.03217,-0.808087,2.26367,-1.01697,-0.794895,2.27679,-1.12599,-0.857778,2.47054,-1.14266,-0.871739,2.45637,-1.12711,-0.890303,2.45637,-1.11069,-0.876047,2.47054
-0.00126566,1.32249,-2.46886,-3.88846,838965477,-1.01835,-0.796789,2.27679,-1.03356,-0.809974,2.26367,-1.01876,-0.826437,2.26367,-1.0038,-0.812988,2.27679,-1.11192,-0.878115,2.47054,-1.12835,-0.892363,2.45637,-1.11217,-0.910373,2.45637,-1.096,-0.895839,2.47054
0.0261701,1.32325,-2.45167,-5.36638,838965478,-1.0035,-0.813319,2.27679,-1.01847,-0.826769,2.26367,-1.00367,-0.843232,2.26367,-0.988944,-0.829517,2.27679,-1.0957,-0.89617,2.47054,-1.11187,-0.910704,2.45637,-1.09569,-0.928714,2.45637,-1.07977,-0.913894,2.47054
0.0574964,1.32249,-2.43434,-3.28319,838965479,-0.990261,-0.831459,2.27679,-1.005,-0.845167,2.26367,-0.989636,-0.861103,2.26367,-0.975148,-0.847139,2.27679,-1.08093,-0.916003,2.47054,-1.09686,-0.930816,2.45637,-1.08005,-0.94825,2.45637,-1.0644,-0.93316,2.47054
0.455079,1.32325,-2.41716,-0.0419289,838965480,-0.974839,-0.84746,2.27679,-0.989327,-0.861424,2.26367,-0.973967,-0.877361,2.26367,-0.959726,-0.86314,2.27679,-1.06409,-0.93348,2.47054,-1.07974,-0.948571,2.45637,-1.06294,-0.966005,2.45637,-1.04755,-0.950637,2.47054
0.0545889,1.3225,-2.39983,-47.3939,838965481,-0.960975,-0.865127,2.27679,-0.975222,-0.87934,2.26367,-0.959315,-0.894731,2.26367,-0.945323,-0.880269,2.27679,-1.04864,-0.952785,2.47054,-1.06403,-0.968146,2.45637,-1.04663,-0.984982,2.45637,-1.03151,-0.969354,2.47054
-0.130626,1.32327,-2.38264,-5.48418,838965482,-0.945003,-0.880579,2.27679,-0.958995,-0.895041,2.26367,-0.943087,-0.910431,2.26367,-0.929352,-0.895722,2.27679,-1.03119,-0.969664,2.47054,-1.04631,-0.985292,2.45637,-1.02891,-1.00213,2.45637,-1.01407,-0.986233,2.47054
0.018942,1.32252,-2.36531,83.045,838965483,-0.93053,-0.897751,2.27679,-0.944273,-0.912454,2.26367,-0.927837,-0.927279,2.26367,-0.914359,-0.912338,2.27679,-1.01508,-0.988418,2.47054,-1.02993,-1.00431,2.45637,-1.01195,-1.02052,2.45637,-0.997385,-1.00438,2.47054
0.116247,1.32329,-2.34813,-11.502,838965484,-0.914029,-0.912636,2.27679,-0.927507,-0.927577,2.26367,-0.911071,-0.942403,2.26367,-0.897858,-0.927223,2.27679,-0.997054,-1.00468,2.47054,-1.01162,-1.02082,2.45637,-0.99364,-1.03704,2.45637,-0.97936,-1.02064,2.47054
0.280527,1.32255,-2.3308,5.48718,838965485,-0.898965,-0.929292,2.27679,-0.912185,-0.944465,2.26367,-0.895242,-0.958708,2.26367,-0.882294,-0.943305,2.27679,-0.980295,-1.02286,2.47054,-0.994582,-1.03925,2.45637,-0.976047,-1.05483,2.45637,-0.962055,-1.03819,2.47054
0.0270335,1.32333,-2.31361,-2.99943,838965486,-0.881954,-0.943591,2.27679,-0.894902,-0.958994,2.26367,-0.877958,-0.973237,2.26367,-0.865283,-0.957605,2.27679,-0.961714,-1.03848,2.47054,-0.975706,-1.05512,2.45637,-0.957171,-1.0707,2.45637,-0.943474,-1.05381,2.47054
-0.03226,1.3226,-2.29628,-3.69291,838965487,-0.866317,-0.959711,2.27679,-0.879,-0.975337,2.26367,-0.86157,-0.988979,2.26367,-0.849168,-0.973133,2.27679,-0.94433,-1.05606,2.47054,-0.958036,-1.07295,2.45637,-0.938968,-1.08787,2.45637,-0.925565,-1.07075,2.47054
0.010605,1.32336,-2.24067,-3.73724,838965490,-0.810775,-1.00532,2.27679,-0.82262,-1.02158,2.26367,-0.804727,-1.03461,2.26367,-0.79317,-1.01814,2.27679,-0.883743,-1.10552,2.47054,-0.896543,-1.1231,2.45637,-0.876969,-1.13735,2.45637,-0.86448,-1.11955,2.47054
0.115991,1.32257,-2.22334,21.6207,838965491,-0.794055,-1.02031,2.27679,-0.80562,-1.03678,2.26367,-0.787283,-1.04918,2.26367,-0.776013,-1.03251,2.27679,-0.865178,-1.12185,2.47054,-0.877676,-1.13965,2.45637,-0.857616,-1.15321,2.45637,-0.845437,-1.1352,2.47054
0.0146479,1.32253,-2.18882,86.754,838965493,-0.758411,-1.04716,2.27679,-0.769394,-1.06402,2.26367,-0.750636,-1.07577,2.26367,-0.739955,-1.05872,2.27679,-0.825945,-1.15112,2.47054,-0.837813,-1.16934,2.45637,-0.817292,-1.1822,2.45637,-0.80575,-1.16377,2.47054
0.613412,1.33974,-2.92147,1.47074,838965963,-1.26412,-0.271194,2.32205,-1.28368,-0.276407,2.30911,-1.2776,-0.297691,2.30911,-1.25814,-0.292135,2.32205,-1.38231,-0.302814,2.51684,-1.40344,-0.308448,2.50285,-1.39679,-0.331731,2.50285,-1.37577,-0.325727,2.51684
0.152048,1.34041,-2.80074,-1.52723,838965970,-1.22115,-0.421053,2.32205,-1.23992,-0.428613,2.30911,-1.23165,-0.449143,2.30911,-1.21301,-0.441253,2.32205,-1.33462,-0.466764,2.51684,-1.3549,-0.474935,2.50285,-1.34585,-0.497394,2.50285,-1.32571,-0.488867,2.51684
0.0465178,1.34046,-2.69719,-3.19411,838965976,-1.17105,-0.544981,2.32205,-1.18892,-0.554463,2.30911,-1.17854,-0.574015,2.30911,-1.16084,-0.564219,2.32205,-1.2791,-0.602311,2.51684,-1.29842,-0.612557,2.50285,-1.28707,-0.633947,2.50285,-1.26794,-0.62336,2.51684
-0.0739092,1.33972,-2.67986,-3.79703,838965977,-1.16259,-0.565784,2.32205,-1.18029,-0.575576,2.30911,-1.16924,-0.594754,2.30911,-1.15171,-0.584654,2.32205,-1.2696,-0.625076,2.51684,-1.28874,-0.635658,2.50285,-1.27665,-0.656638,2.50285,-1.25771,-0.645723,2.51684
0.013739,1.3405,-2.66267,-1.96149,838965978,-1.15149,-0.58504,2.32205,-1.16902,-0.59514,2.30911,-1.15797,-0.614319,2.30911,-1.14062,-0.60391,2.32205,-1.25748,-0.646109,2.51684,-1.27643,-0.657024,2.50285,-1.26434,-0.678004,2.50285,-1.24559,-0.666756,2.51684
0.170829,1.33976,-2.64534,-18.0213,838965979,-1.14231,-0.605535,2.32205,-1.15967,-0.615939,2.30911,-1.14795,-0.63472,2.30911,-1.13079,-0.624014,2.32205,-1.24719,-0.668528,2.51684,-1.26595,-0.679772,2.50285,-1.25313,-0.700317,2.50285,-1.23458,-0.688747,2.51684
-0.0872787,1.34055,-2.62816,-1.89394,838965980,-1.13055,-0.624391,2.32205,-1.14772,-0.635098,2.30911,-1.13601,-0.653879,2.30911,-1.11903,-0.64287,2.32205,-1.23435,-0.689125,2.51684,-1.2529,-0.700695,2.50285,-1.24008,-0.72124,2.50285,-1.22174,-0.709344,2.51684
0.0414515,1.33979,-2.60692,-27.617,838965981,-1.11812,-0.648951,2.32205,-1.13511,-0.65995,2.30911,-1.12275,-0.678313,2.30911,-1.10597,-0.667018,2.32205,-1.22076,-0.715541,2.51684,-1.23911,-0.727428,2.50285,-1.22559,-0.747517,2.50285,-1.20745,-0.735311,2.51684
0.134107,1.34052,-2.58974,-6.06919,838965982,-1.10572,-0.667388,2.32205,-1.1225,-0.678683,2.30911,-1.11015,-0.697046,2.30911,-1.09356,-0.685456,2.32205,-1.2072,-0.73568,2.51684,-1.22534,-0.747886,2.50285,-1.21182,-0.767975,2.50285,-1.1939,-0.75545,2.51684
-0.152006,1.33974,-2.57241,-2.78055,838965983,-1.09513,-0.687195,2.32205,-1.11172,-0.698781,2.30911,-1.09873,-0.716702,2.30911,-1.08235,-0.704827,2.32205,-1.19538,-0.75733,2.51684,-1.2133,-0.76985,2.50285,-1.19909,-0.789454,2.50285,-1.18139,-0.776622,2.51684
0.138851,1.34048,-2.55522,23.8838,838965984,-1.08209,-0.705188,2.32205,-1.09847,-0.717062,2.30911,-1.08548,-0.734983,2.30911,-1.06931,-0.72282,2.32205,-1.18113,-0.776983,2.51684,-1.19883,-0.789815,2.50285,-1.18462,-0.80942,2.50285,-1.16714,-0.796276,2.51684
0.131232,1.33969,-2.53789,2.10049,838965985,-1.07082,-0.724613,2.32205,-1.087,-0.736771,2.30911,-1.07339,-0.754227,2.30911,-1.05743,-0.741788,2.32205,-1.16855,-0.798206,2.51684,-1.18603,-0.811345,2.50285,-1.17115,-0.830441,2.50285,-1.1539,-0.816999,2.51684
0.109921,1.34042,-2.41716,30.4179,838965992,-0.974839,-0.84746,2.32205,-0.989406,-0.8615,2.30911,-0.974045,-0.877436,2.30911,-0.959726,-0.86314,2.32205,-1.06291,-0.932349,2.51684,-1.07866,-0.947522,2.50285,-1.06185,-0.964956,2.50285,-1.04638,-0.949506,2.51684
0.10452,1.33968,-2.36531,-1.02292,838965995,-0.93053,-0.897751,2.32205,-0.944346,-0.912535,2.30911,-0.92791,-0.92736,2.30911,-0.914359,-0.912338,2.32205,-1.01399,-0.987208,2.51684,-1.02892,-1.00318,2.50285,-1.01094,-1.0194,2.50285,-0.996293,-1.00317,2.51684
0.163137,1.3405,-2.31361,9.4708,838965998,-0.881954,-0.943591,2.32205,-0.894972,-0.959078,2.30911,-0.878029,-0.97332,2.30911,-0.865283,-0.957605,2.32205,-0.960665,-1.03723,2.51684,-0.974734,-1.05396,2.50285,-0.956198,-1.06954,2.50285,-0.942425,-1.05256,2.51684
0.751465,1.3568,-2.85244,-0.0100298,838966479,-1.24252,-0.35777,2.36792,-1.26176,-0.364372,2.35515,-1.25421,-0.385179,2.35515,-1.23509,-0.378242,2.36792,-1.35667,-0.397005,2.56372,-1.37746,-0.404139,2.54992,-1.3692,-0.426901,2.54992,-1.34854,-0.419405,2.56372
0.365698,1.35678,-2.81792,-16.1295,838966481,-1.22946,-0.40044,2.36792,-1.24846,-0.40771,2.35515,-1.24019,-0.42824,2.35515,-1.22132,-0.42064,2.36792,-1.34217,-0.443637,2.56372,-1.3627,-0.451493,2.54992,-1.35365,-0.473953,2.54992,-1.33326,-0.465739,2.56372
0.446673,1.35755,-2.80074,-5.49877,838966482,-1.22115,-0.421053,2.36792,-1.24002,-0.428653,2.35515,-1.23175,-0.449184,2.35515,-1.21301,-0.441253,2.36792,-1.3331,-0.466152,2.56372,-1.35348,-0.474366,2.54992,-1.34444,-0.496826,2.54992,-1.32419,-0.488255,2.56372
0.0430895,1.35759,-2.69719,-2.75574,838966488,-1.17105,-0.544981,2.36792,-1.18901,-0.554513,2.35515,-1.17864,-0.574066,2.35515,-1.16084,-0.564219,2.36792,-1.27766,-0.601543,2.56372,-1.29707,-0.611844,2.54992,-1.28573,-0.633234,2.54992,-1.26649,-0.622593,2.56372
0.176967,1.35685,-2.67986,5.97806,838966489,-1.16259,-0.565784,2.36792,-1.18039,-0.57563,2.35515,-1.16934,-0.594808,2.35515,-1.15172,-0.584654,2.36792,-1.26818,-0.624258,2.56372,-1.28742,-0.634898,2.54992,-1.27533,-0.655878,2.54992,-1.25629,-0.644905,2.56372
0.234587,1.35764,-2.66267,-1.74682,838966490,-1.15149,-0.58504,2.36792,-1.16912,-0.595194,2.35515,-1.15807,-0.614372,2.35515,-1.14062,-0.60391,2.36792,-1.25606,-0.645291,2.56372,-1.27511,-0.656264,2.54992,-1.26302,-0.677245,2.54992,-1.24417,-0.665938,2.56372
-0.103662,1.35689,-2.64534,-3.39717,838966491,-1.14231,-0.605535,2.36792,-1.15976,-0.615996,2.35515,-1.14805,-0.634777,2.35515,-1.13079,-0.624014,2.36792,-1.2458,-0.667662,2.56372,-1.26465,-0.678966,2.54992,-1.25184,-0.699512,2.54992,-1.23319,-0.68788,2.56372
0.00299104,1.35769,-2.62815,-3.40723,838966492,-1.13055,-0.624391,2.36792,-1.14781,-0.635155,2.35515,-1.1361,-0.653936,2.35515,-1.11903,-0.64287,2.36792,-1.23296,-0.688258,2.56372,-1.25161,-0.69989,2.54992,-1.23879,-0.720435,2.54992,-1.22035,-0.708477,2.56372
0.360182,1.35766,-2.58973,0.0465461,838966494,-1.10572,-0.667388,2.36792,-1.12259,-0.678743,2.35515,-1.11023,-0.697106,2.35515,-1.09356,-0.685456,2.36792,-1.20584,-0.734765,2.56372,-1.22408,-0.747037,2.54992,-1.21056,-0.767126,2.54992,-1.19254,-0.754535,2.56372
0.20656,1.35683,-2.53789,-12.899,838966497,-1.07082,-0.724613,2.36792,-1.08708,-0.736838,2.35515,-1.07347,-0.754294,2.35515,-1.05743,-0.741788,2.36792,-1.16726,-0.797199,2.56372,-1.18483,-0.810409,2.54992,-1.16995,-0.829506,2.54992,-1.15261,-0.815992,2.56372
0.133297,1.35757,-2.38264,-0.826102,838966506,-0.945003,-0.880579,2.36792,-0.959146,-0.895197,2.35515,-0.943238,-0.910587,2.35515,-0.929352,-0.895722,2.36792,-1.02892,-0.967315,2.56372,-1.0442,-0.983112,2.54992,-1.0268,-0.999949,2.54992,-1.01179,-0.983884,2.56372
0.11415,1.37469,-2.86976,22.8608,838966990,-1.24723,-0.335813,2.41441,-1.26668,-0.342111,2.40181,-1.25986,-0.363169,2.40181,-1.24052,-0.356532,2.41441,-1.36048,-0.372481,2.61122,-1.3815,-0.379287,2.5976,-1.37404,-0.402323,2.5976,-1.35314,-0.395151,2.61122
0.14609,1.3748,-2.27909,11.2791,838967024,-0.848817,-0.973408,2.41441,-0.861419,-0.989508,2.40181,-0.843988,-1.00315,2.40181,-0.831668,-0.98683,2.41441,-0.922186,-1.06715,2.61122,-0.935804,-1.08455,2.5976,-0.916736,-1.09947,2.5976,-0.903421,-1.08184,2.61122
0.162487,1.39188,-2.97722,5.7672,838967496,-1.27593,-0.200064,2.46154,-1.29603,-0.20432,2.44911,-1.29145,-0.225974,2.44911,-1.27142,-0.22137,2.46154,-1.39077,-0.224372,2.65934,-1.41249,-0.228971,2.64591,-1.40748,-0.25266,2.64591,-1.38583,-0.247684,2.65934
-0.0598244,1.39188,-2.62815,-2.76091,838967516,-1.13055,-0.624391,2.46154,-1.14799,-0.635267,2.44911,-1.13628,-0.654048,2.44911,-1.11903,-0.64287,2.46154,-1.23015,-0.686511,2.65934,-1.249,-0.698263,2.64591,-1.23618,-0.718809,2.64591,-1.21754,-0.706729,2.65934
0.0167399,1.39111,-2.60692,-1.84994,838967517,-1.11812,-0.648951,2.46154,-1.13537,-0.660128,2.44911,-1.12302,-0.678492,2.44911,-1.10597,-0.667018,2.46154,-1.21666,-0.712783,2.65934,-1.2353,-0.724863,2.64591,-1.22178,-0.744952,2.64591,-1.20335,-0.732553,2.65934
-0.0137529,1.39185,-2.58973,-1.92347,838967518,-1.10572,-0.667388,2.46154,-1.12277,-0.678861,2.44911,-1.11041,-0.697224,2.44911,-1.09356,-0.685456,2.46154,-1.20311,-0.732922,2.65934,-1.22153,-0.745321,2.64591,-1.20801,-0.76541,2.64591,-1.1898,-0.752692,2.65934
-0.0984012,1.39105,-2.5724,-2.10158,838967519,-1.09513,-0.687195,2.46154,-1.11198,-0.698968,2.44911,-1.09899,-0.716889,2.44911,-1.08235,-0.704827,2.46154,-1.19138,-0.75443,2.65934,-1.20958,-0.767153,2.64591,-1.19537,-0.786758,2.64591,-1.17739,-0.773723,2.65934
-0.0467894,1.39181,-2.55521,-2.76473,838967520,-1.08209,-0.705188,2.46154,-1.09873,-0.717249,2.44911,-1.08574,-0.73517,2.44911,-1.06931,-0.72282,2.46154,-1.17713,-0.774083,2.65934,-1.19511,-0.787118,2.64591,-1.1809,-0.806723,2.64591,-1.16315,-0.793376,2.65934
0.0151094,1.39101,-2.53788,-2.36239,838967521,-1.07082,-0.724613,2.46154,-1.08725,-0.736968,2.44911,-1.07364,-0.754424,2.44911,-1.05743,-0.741788,2.46154,-1.16466,-0.795169,2.65934,-1.18241,-0.80852,2.64591,-1.16752,-0.827616,2.64591,-1.15001,-0.813961,2.65934
-0.0773546,1.39177,-2.5207,-1.53202,838967522,-1.05716,-0.742139,2.46155,-1.07337,-0.754775,2.44911,-1.05976,-0.772231,2.44911,-1.04377,-0.759314,2.46154,-1.14973,-0.814313,2.65934,-1.16725,-0.827967,2.64591,-1.15236,-0.847063,2.64591,-1.13508,-0.833105,2.65934
0.167411,1.39188,-2.27908,3.23413,838967536,-0.848817,-0.973408,2.46154,-0.861483,-0.989591,2.44911,-0.844053,-1.00323,2.44911,-0.831668,-0.98683,2.46154,-0.921166,-1.06585,2.65934,-0.934853,-1.08334,2.64591,-0.915785,-1.09826,2.64591,-0.902401,-1.08053,2.65934
0.157666,1.40815,-2.88694,4.56802,838968013,-1.25408,-0.31467,2.5098,-1.27402,-0.320741,2.49743,-1.2672,-0.34181,2.49743,-1.24737,-0.335389,2.5098,-1.36488,-0.348531,2.7085,-1.3863,-0.355052,2.69522,-1.37888,-0.377969,2.69522,-1.35758,-0.371073,2.7085
1.33765,1.40888,-2.80072,-9.05472,838968018,-1.22115,-0.421054,2.5098,-1.24049,-0.428844,2.49743,-1.23221,-0.449385,2.49743,-1.21301,-0.441254,2.5098,-1.32861,-0.464344,2.7085,-1.34937,-0.47271,2.69522,-1.34037,-0.495054,2.69522,-1.31975,-0.486321,2.7085
0.197466,1.40893,-2.34811,18.4891,838968044,-0.914028,-0.912636,2.5098,-0.927991,-0.928116,2.49743,-0.911547,-0.942949,2.49743,-0.897857,-0.927223,2.5098,-0.991622,-0.998656,2.7085,-1.00662,-1.01528,2.69522,-0.988731,-1.03141,2.69522,-0.974029,-1.01453,2.7085
0.127543,1.40822,-1.9472,18.6634,838968067,-0.485832,-1.19813,2.5098,-0.492641,-1.21784,2.49743,-0.471585,-1.2247,2.49743,-0.465126,-1.20488,2.5098,-0.523546,-1.30768,2.7085,-0.530859,-1.32885,2.69522,-0.507955,-1.33631,2.69522,-0.501019,-1.31502,2.7085
0.124441,1.42609,-2.38263,-1.52105,838968554,-0.945002,-0.88058,2.55868,-0.959564,-0.89563,2.54647,-0.943648,-0.911029,2.54647,-0.929351,-0.895722,2.55868,-1.02448,-0.962726,2.75827,-1.04012,-0.978889,2.74516,-1.0228,-0.995639,2.74516,-1.00745,-0.9792,2.75827
0.238972,1.42612,-1.99905,1.87794,838968576,-0.546765,-1.17021,2.55868,-0.554628,-1.18962,2.54647,-0.534102,-1.19794,2.54647,-0.526581,-1.17839,2.55868,-0.589679,-1.27615,2.75827,-0.598123,-1.297,2.74516,-0.575797,-1.30604,2.74516,-0.567719,-1.28505,2.75827
0.324435,1.44253,2.6636,-45.7591,838968995,-1.1427,0.604817,2.60821,-1.16175,0.61373,2.59617,-1.17078,0.593508,2.59617,-1.15157,0.584932,2.60821,-1.24486,0.652534,2.80869,-1.26533,0.662106,2.79575,-1.27515,0.640111,2.79575,-1.25452,0.6309,2.80869
0.145711,1.46034,-2.80072,5.16181,838969554,-1.22115,-0.421053,2.65843,-1.24075,-0.428949,2.64655,-1.23247,-0.449491,2.64655,-1.21301,-0.441254,2.65843,-1.32428,-0.462603,2.85978,-1.34533,-0.471083,2.84702,-1.33633,-0.493426,2.84702,-1.31543,-0.48458,2.85978
0.0986909,1.47751,0.237328,-21.6596,838969880,1.25802,0.292564,2.70935,1.27843,0.298391,2.69763,1.27234,0.319685,2.69763,1.25204,0.313504,2.70935,1.36343,0.322667,2.91156,1.38534,0.328925,2.89897,1.37873,0.352088,2.89897,1.35692,0.345449,2.91156
0.0800749,1.47747,0.271844,0.159537,838969882,1.24723,0.335814,2.70935,1.26742,0.342351,2.69763,1.2606,0.36342,2.69763,1.24052,0.356533,2.70935,1.35152,0.369581,2.91156,1.3732,0.376601,2.89897,1.36578,0.399518,2.89897,1.34422,0.392122,2.91156
0.153337,1.47665,-3.13245,19.5939,838970047,-1.29304,-0.000406351,2.70935,-1.31423,-0.00149904,2.69763,-1.31271,-0.0235924,2.69763,-1.29154,-0.0221326,2.70935,-1.40253,-0.0060371,2.91156,-1.42529,-0.00721063,2.89897,-1.42363,-0.0312421,2.89897,-1.4009,-0.0296743,2.91156
0.170875,1.47744,-2.80072,16.5765,838970066,-1.22115,-0.421054,2.70935,-1.24084,-0.428983,2.69763,-1.23256,-0.449525,2.69763,-1.21301,-0.441254,2.70935,-1.32283,-0.462018,2.91156,-1.34397,-0.470534,2.89897,-1.33497,-0.492878,2.89897,-1.31398,-0.483995,2.91156
0.696505,1.47749,-2.69717,-2.12188,838970072,-1.17105,-0.544982,2.70935,-1.18979,-0.554927,2.69763,-1.17941,-0.57449,2.69763,-1.16084,-0.56422,2.70935,-1.26788,-0.596358,2.91156,-1.28801,-0.607039,2.89897,-1.27672,-0.628318,2.89897,-1.25678,-0.617288,2.91156
0.215143,1.47672,-2.67984,-10.6552,838970073,-1.16259,-0.565784,2.70935,-1.18116,-0.576059,2.69763,-1.1701,-0.595247,2.69763,-1.15172,-0.584653,2.70935,-1.25853,-0.618851,2.91156,-1.27847,-0.629886,2.89897,-1.26645,-0.650758,2.89897,-1.2467,-0.63938,2.91156
0.120984,1.47747,-1.82255,-15.488,838970122,-0.332792,-1.24804,2.70935,-0.337225,-1.26879,2.69763,-0.315568,-1.27342,2.69763,-0.311494,-1.25259,2.70935,-0.355695,-1.35524,2.91156,-0.360456,-1.37753,2.89897,-0.336899,-1.38256,2.89897,-0.332524,-1.36019,2.91156
0.136562,1.47749,-0.951843,16.4654,838970172,0.740052,-1.05862,2.70935,0.753101,-1.07535,2.69763,0.770565,-1.06173,2.69763,0.757225,-1.04523,2.70935,0.807463,-1.14506,2.91156,0.821478,-1.16304,2.89897,0.840473,-1.14822,2.89897,0.826147,-1.13049,2.91156
0.184883,1.47751,-0.80987,-4.48923,838970180,0.882378,-0.943196,2.70935,0.897627,-0.957953,2.69763,0.913028,-0.94204,2.69763,0.897523,-0.927547,2.70935,0.961152,-1.01943,2.91156,0.977529,-1.03528,2.89897,0.99428,-1.01797,2.89897,0.977629,-1.0024,2.91156
0.216365,1.47751,-0.460804,5.60786,838970200,1.15176,-0.584524,2.70935,1.17113,-0.593175,2.69763,1.18016,-0.572954,2.69763,1.16064,-0.564638,2.70935,1.25185,-0.629217,2.91156,1.27266,-0.638509,2.89897,1.28248,-0.616514,2.89897,1.26151,-0.607583,2.91156
0.0951116,1.47747,-0.426288,-2.87158,838970202,1.17129,-0.544456,2.70935,1.19096,-0.552425,2.69763,1.19928,-0.531901,2.69763,1.17947,-0.524272,2.70935,1.27289,-0.585626,2.91156,1.29401,-0.594185,2.89897,1.30306,-0.57186,2.89897,1.28179,-0.563667,2.91156
