o EBRecHits_V2
v -0.9303230047225952 0.8979640007019043 -0.05089389905333519
v -0.9304599761962891 0.8981009721755981 -0.02734679915010929
v -0.914277970790863 0.9126920104026794 -0.02734679915010929
v -0.914277970790863 0.9126920104026794 -0.02734679915010929
v -0.9141489863395691 0.9125480055809021 -0.05089389905333519
v -0.9303230047225952 0.8979640007019043 -0.05089389905333519
v -1.114559531211853 1.0952612161636353 -0.05534422770142555
v -1.1147154569625854 1.0954183340072632 -0.029567396268248558
v -1.0950634479522705 1.1131932735443115 -0.02956770546734333
v -1.0950634479522705 1.1131932735443115 -0.02956770546734333
v -1.0949124097824097 1.1130321025848389 -0.055344995111227036
v -1.114559531211853 1.0952612161636353 -0.05534422770142555
v -1.114559531211853 1.0952612161636353 -0.05534422770142555
v -1.1147154569625854 1.0954183340072632 -0.029567396268248558
v -0.9304599761962891 0.8981009721755981 -0.02734679915010929
v -0.9304599761962891 0.8981009721755981 -0.02734679915010929
v -0.9303230047225952 0.8979640007019043 -0.05089389905333519
v -1.114559531211853 1.0952612161636353 -0.05534422770142555
v -1.0949124097824097 1.1130321025848389 -0.055344995111227036
v -1.0950634479522705 1.1131932735443115 -0.02956770546734333
v -0.914277970790863 0.9126920104026794 -0.02734679915010929
v -0.914277970790863 0.9126920104026794 -0.02734679915010929
v -0.9141489863395691 0.9125480055809021 -0.05089389905333519
v -1.0949124097824097 1.1130321025848389 -0.055344995111227036
v -0.9303230047225952 0.8979640007019043 -0.05089389905333519
v -0.9141489863395691 0.9125480055809021 -0.05089389905333519
v -1.0949124097824097 1.1130321025848389 -0.055344995111227036
v -1.0949124097824097 1.1130321025848389 -0.055344995111227036
v -1.114559531211853 1.0952612161636353 -0.05534422770142555
v -0.9303230047225952 0.8979640007019043 -0.05089389905333519
v -0.9304599761962891 0.8981009721755981 -0.02734679915010929
v -1.1147154569625854 1.0954183340072632 -0.029567396268248558
v -1.0950634479522705 1.1131932735443115 -0.02956770546734333
v -1.0950634479522705 1.1131932735443115 -0.02956770546734333
v -0.914277970790863 0.9126920104026794 -0.02734679915010929
v -0.9304599761962891 0.8981009721755981 -0.02734679915010929
v 1.2058000564575195 -0.4631899893283844 -0.07485830038785934
v 1.2061500549316406 -0.46334800124168396 -0.051313601434230804
v 1.197309970855713 -0.483258992433548 -0.051313601434230804
v 1.197309970855713 -0.483258992433548 -0.051313601434230804
v 1.1969599723815918 -0.4830920100212097 -0.07485830038785934
v 1.2058000564575195 -0.4631899893283844 -0.07485830038785934
v 1.2704497575759888 -0.4919164180755615 -0.07660701125860214
v 1.270810842514038 -0.492078959941864 -0.05247781053185463
v 1.2614591121673584 -0.5131151676177979 -0.05247768014669418
v 1.2614591121673584 -0.5131151676177979 -0.05247768014669418
v 1.2610986232757568 -0.5129421353340149 -0.07660671323537827
v 1.2704497575759888 -0.4919164180755615 -0.07660701125860214
v 1.2704497575759888 -0.4919164180755615 -0.07660701125860214
v 1.270810842514038 -0.492078959941864 -0.05247781053185463
v 1.2061500549316406 -0.46334800124168396 -0.051313601434230804
v 1.2061500549316406 -0.46334800124168396 -0.051313601434230804
v 1.2058000564575195 -0.4631899893283844 -0.07485830038785934
v 1.2704497575759888 -0.4919164180755615 -0.07660701125860214
v 1.2610986232757568 -0.5129421353340149 -0.07660671323537827
v 1.2614591121673584 -0.5131151676177979 -0.05247768014669418
v 1.197309970855713 -0.483258992433548 -0.051313601434230804
v 1.197309970855713 -0.483258992433548 -0.051313601434230804
v 1.1969599723815918 -0.4830920100212097 -0.07485830038785934
v 1.2610986232757568 -0.5129421353340149 -0.07660671323537827
v 1.2058000564575195 -0.4631899893283844 -0.07485830038785934
v 1.1969599723815918 -0.4830920100212097 -0.07485830038785934
v 1.2610986232757568 -0.5129421353340149 -0.07660671323537827
v 1.2610986232757568 -0.5129421353340149 -0.07660671323537827
v 1.2704497575759888 -0.4919164180755615 -0.07660701125860214
v 1.2058000564575195 -0.4631899893283844 -0.07485830038785934
v 1.2061500549316406 -0.46334800124168396 -0.051313601434230804
v 1.270810842514038 -0.492078959941864 -0.05247781053185463
v 1.2614591121673584 -0.5131151676177979 -0.05247768014669418
v 1.2614591121673584 -0.5131151676177979 -0.05247768014669418
v 1.197309970855713 -0.483258992433548 -0.051313601434230804
v 1.2061500549316406 -0.46334800124168396 -0.051313601434230804
v -1.094980001449585 0.6874470114707947 -0.09882669895887375
v -1.0954500436782837 0.6877790093421936 -0.07528600096702576
v -1.0826599597930908 0.7054169774055481 -0.07528600096702576
v -1.0826599597930908 0.7054169774055481 -0.07528600096702576
v -1.0821900367736816 0.7050759792327881 -0.09882669895887375
v -1.094980001449585 0.6874470114707947 -0.09882669895887375
v -1.1315090656280518 0.7129799127578735 -0.10029517114162445
v -1.1319884061813354 0.7133170962333679 -0.07638620585203171
v -1.1187468767166138 0.7315891981124878 -0.07638638466596603
v -1.1187468767166138 0.7315891981124878 -0.07638638466596603
v -1.1182681322097778 0.7312422394752502 -0.10029535740613937
v -1.1315090656280518 0.7129799127578735 -0.10029517114162445
v -1.1315090656280518 0.7129799127578735 -0.10029517114162445
v -1.1319884061813354 0.7133170962333679 -0.07638620585203171
v -1.0954500436782837 0.6877790093421936 -0.07528600096702576
v -1.0954500436782837 0.6877790093421936 -0.07528600096702576
v -1.094980001449585 0.6874470114707947 -0.09882669895887375
v -1.1315090656280518 0.7129799127578735 -0.10029517114162445
v -1.1182681322097778 0.7312422394752502 -0.10029535740613937
v -1.1187468767166138 0.7315891981124878 -0.07638638466596603
v -1.0826599597930908 0.7054169774055481 -0.07528600096702576
v -1.0826599597930908 0.7054169774055481 -0.07528600096702576
v -1.0821900367736816 0.7050759792327881 -0.09882669895887375
v -1.1182681322097778 0.7312422394752502 -0.10029535740613937
v -1.094980001449585 0.6874470114707947 -0.09882669895887375
v -1.0821900367736816 0.7050759792327881 -0.09882669895887375
v -1.1182681322097778 0.7312422394752502 -0.10029535740613937
v -1.1182681322097778 0.7312422394752502 -0.10029535740613937
v -1.1315090656280518 0.7129799127578735 -0.10029517114162445
v -1.094980001449585 0.6874470114707947 -0.09882669895887375
v -1.0954500436782837 0.6877790093421936 -0.07528600096702576
v -1.1319884061813354 0.7133170962333679 -0.07638620585203171
v -1.1187468767166138 0.7315891981124878 -0.07638638466596603
v -1.1187468767166138 0.7315891981124878 -0.07638638466596603
v -1.0826599597930908 0.7054169774055481 -0.07528600096702576
v -1.0954500436782837 0.6877790093421936 -0.07528600096702576
v 0.9138380289077759 -0.9128280282020569 -0.19063399732112885
v 0.9149640202522278 -0.9140779972076416 -0.16852200031280518
v 0.898760974407196 -0.9286879897117615 -0.16852200031280518
v 0.898760974407196 -0.9286879897117615 -0.16852200031280518
v 0.8976640105247498 -0.9274110198020935 -0.19063399732112885
v 0.9138380289077759 -0.9128280282020569 -0.19063399732112885
v 0.9663124680519104 -0.9710264205932617 -0.19797253608703613
v 0.9675172567367554 -0.97236168384552 -0.1744929999113083
v 0.9502903819084167 -0.9878789186477661 -0.1744920015335083
v 0.9502903819084167 -0.9878789186477661 -0.1744920015335083
v 0.9491171836853027 -0.9865144491195679 -0.19797159731388092
v 0.9663124680519104 -0.9710264205932617 -0.19797253608703613
v 0.9663124680519104 -0.9710264205932617 -0.19797253608703613
v 0.9675172567367554 -0.97236168384552 -0.1744929999113083
v 0.9149640202522278 -0.9140779972076416 -0.16852200031280518
v 0.9149640202522278 -0.9140779972076416 -0.16852200031280518
v 0.9138380289077759 -0.9128280282020569 -0.19063399732112885
v 0.9663124680519104 -0.9710264205932617 -0.19797253608703613
v 0.9491171836853027 -0.9865144491195679 -0.19797159731388092
v 0.9502903819084167 -0.9878789186477661 -0.1744920015335083
v 0.898760974407196 -0.9286879897117615 -0.16852200031280518
v 0.898760974407196 -0.9286879897117615 -0.16852200031280518
v 0.8976640105247498 -0.9274110198020935 -0.19063399732112885
v 0.9491171836853027 -0.9865144491195679 -0.19797159731388092
v 0.9138380289077759 -0.9128280282020569 -0.19063399732112885
v 0.8976640105247498 -0.9274110198020935 -0.19063399732112885
v 0.9491171836853027 -0.9865144491195679 -0.19797159731388092
v 0.9491171836853027 -0.9865144491195679 -0.19797159731388092
v 0.9663124680519104 -0.9710264205932617 -0.19797253608703613
v 0.9138380289077759 -0.9128280282020569 -0.19063399732112885
v 0.9149640202522278 -0.9140779972076416 -0.16852200031280518
v 0.9675172567367554 -0.97236168384552 -0.1744929999113083
v 0.9502903819084167 -0.9878789186477661 -0.1744920015335083
v 0.9502903819084167 -0.9878789186477661 -0.1744920015335083
v 0.898760974407196 -0.9286879897117615 -0.16852200031280518
v 0.9149640202522278 -0.9140779972076416 -0.16852200031280518
v -0.5279300212860107 -1.1802599430084229 -0.21329300105571747
v -0.5288630127906799 -1.1821000576019287 -0.191212996840477
v -0.5481359958648682 -1.1718800067901611 -0.19121399521827698
v -0.5481359958648682 -1.1718800067901611 -0.19121399521827698
v -0.5471670031547546 -1.170050024986267 -0.21329300105571747
v -0.5279300212860107 -1.1802599430084229 -0.21329300105571747
v -0.5456181168556213 -1.2150429487228394 -0.2176329344511032
v -0.5465821623802185 -1.2169454097747803 -0.19487197697162628
v -0.5664602518081665 -1.2064110040664673 -0.19487348198890686
v -0.5664602518081665 -1.2064110040664673 -0.19487348198890686
v -0.5654585361480713 -1.2045193910598755 -0.21763363480567932
v -0.5456181168556213 -1.2150429487228394 -0.2176329344511032
v -0.5456181168556213 -1.2150429487228394 -0.2176329344511032
v -0.5465821623802185 -1.2169454097747803 -0.19487197697162628
v -0.5288630127906799 -1.1821000576019287 -0.191212996840477
v -0.5288630127906799 -1.1821000576019287 -0.191212996840477
v -0.5279300212860107 -1.1802599430084229 -0.21329300105571747
v -0.5456181168556213 -1.2150429487228394 -0.2176329344511032
v -0.5654585361480713 -1.2045193910598755 -0.21763363480567932
v -0.5664602518081665 -1.2064110040664673 -0.19487348198890686
v -0.5481359958648682 -1.1718800067901611 -0.19121399521827698
v -0.5481359958648682 -1.1718800067901611 -0.19121399521827698
v -0.5471670031547546 -1.170050024986267 -0.21329300105571747
v -0.5654585361480713 -1.2045193910598755 -0.21763363480567932
v -0.5279300212860107 -1.1802599430084229 -0.21329300105571747
v -0.5471670031547546 -1.170050024986267 -0.21329300105571747
v -0.5654585361480713 -1.2045193910598755 -0.21763363480567932
v -0.5654585361480713 -1.2045193910598755 -0.21763363480567932
v -0.5456181168556213 -1.2150429487228394 -0.2176329344511032
v -0.5279300212860107 -1.1802599430084229 -0.21329300105571747
v -0.5288630127906799 -1.1821000576019287 -0.191212996840477
v -0.5465821623802185 -1.2169454097747803 -0.19487197697162628
v -0.5664602518081665 -1.2064110040664673 -0.19487348198890686
v -0.5664602518081665 -1.2064110040664673 -0.19487348198890686
v -0.5481359958648682 -1.1718800067901611 -0.19121399521827698
v -0.5288630127906799 -1.1821000576019287 -0.191212996840477
v -1.0706599950790405 0.7248579859733582 -0.3743079900741577
v -1.074470043182373 0.7277010083198547 -0.35239800810813904
v -1.0610100030899048 0.7449560165405273 -0.35239800810813904
v -1.0610100030899048 0.7449560165405273 -0.35239800810813904
v -1.0572600364685059 0.7420309782028198 -0.3743079900741577
v -1.0706599950790405 0.7248579859733582 -0.3743079900741577
v -1.128422498703003 0.768339991569519 -0.3912784457206726
v -1.1324529647827148 0.7713464498519897 -0.36815348267555237
v -1.1182352304458618 0.7895895838737488 -0.36815550923347473
v -1.1182352304458618 0.7895895838737488 -0.36815550923347473
v -1.1142683029174805 0.7864963412284851 -0.3912807106971741
v -1.128422498703003 0.768339991569519 -0.3912784457206726
v -1.128422498703003 0.768339991569519 -0.3912784457206726
v -1.1324529647827148 0.7713464498519897 -0.36815348267555237
v -1.074470043182373 0.7277010083198547 -0.35239800810813904
v -1.074470043182373 0.7277010083198547 -0.35239800810813904
v -1.0706599950790405 0.7248579859733582 -0.3743079900741577
v -1.128422498703003 0.768339991569519 -0.3912784457206726
v -1.1142683029174805 0.7864963412284851 -0.3912807106971741
v -1.1182352304458618 0.7895895838737488 -0.36815550923347473
v -1.0610100030899048 0.7449560165405273 -0.35239800810813904
v -1.0610100030899048 0.7449560165405273 -0.35239800810813904
v -1.0572600364685059 0.7420309782028198 -0.3743079900741577
v -1.1142683029174805 0.7864963412284851 -0.3912807106971741
v -1.0706599950790405 0.7248579859733582 -0.3743079900741577
v -1.0572600364685059 0.7420309782028198 -0.3743079900741577
v -1.1142683029174805 0.7864963412284851 -0.3912807106971741
v -1.1142683029174805 0.7864963412284851 -0.3912807106971741
v -1.128422498703003 0.768339991569519 -0.3912784457206726
v -1.0706599950790405 0.7248579859733582 -0.3743079900741577
v -1.074470043182373 0.7277010083198547 -0.35239800810813904
v -1.1324529647827148 0.7713464498519897 -0.36815348267555237
v -1.1182352304458618 0.7895895838737488 -0.36815550923347473
v -1.1182352304458618 0.7895895838737488 -0.36815550923347473
v -1.0610100030899048 0.7449560165405273 -0.35239800810813904
v -1.074470043182373 0.7277010083198547 -0.35239800810813904
v -1.0819400548934937 0.7054160237312317 -0.3743079900741577
v -1.0857900381088257 0.7082089781761169 -0.35239800810813904
v -1.072950005531311 0.725924015045166 -0.35239800810813904
v -1.072950005531311 0.725924015045166 -0.35239800810813904
v -1.069159984588623 0.7230449914932251 -0.3743079900741577
v -1.0819400548934937 0.7054160237312317 -0.3743079900741577
v -1.3965893983840942 0.9336110353469849 -0.4655526876449585
v -1.4016326665878296 0.9372717142105103 -0.4371122121810913
v -1.3848129510879517 0.9603800773620605 -0.4371015429496765
v -1.3848129510879517 0.9603800773620605 -0.4371015429496765
v -1.3798490762710571 0.9566076397895813 -0.4655415713787079
v -1.3965893983840942 0.9336110353469849 -0.4655526876449585
v -1.3965893983840942 0.9336110353469849 -0.4655526876449585
v -1.4016326665878296 0.9372717142105103 -0.4371122121810913
v -1.0857900381088257 0.7082089781761169 -0.35239800810813904
v -1.0857900381088257 0.7082089781761169 -0.35239800810813904
v -1.0819400548934937 0.7054160237312317 -0.3743079900741577
v -1.3965893983840942 0.9336110353469849 -0.4655526876449585
v -1.3798490762710571 0.9566076397895813 -0.4655415713787079
v -1.3848129510879517 0.9603800773620605 -0.4371015429496765
v -1.072950005531311 0.725924015045166 -0.35239800810813904
v -1.072950005531311 0.725924015045166 -0.35239800810813904
v -1.069159984588623 0.7230449914932251 -0.3743079900741577
v -1.3798490762710571 0.9566076397895813 -0.4655415713787079
v -1.0819400548934937 0.7054160237312317 -0.3743079900741577
v -1.069159984588623 0.7230449914932251 -0.3743079900741577
v -1.3798490762710571 0.9566076397895813 -0.4655415713787079
v -1.3798490762710571 0.9566076397895813 -0.4655415713787079
v -1.3965893983840942 0.9336110353469849 -0.4655526876449585
v -1.0819400548934937 0.7054160237312317 -0.3743079900741577
v -1.0857900381088257 0.7082089781761169 -0.35239800810813904
v -1.4016326665878296 0.9372717142105103 -0.4371122121810913
v -1.3848129510879517 0.9603800773620605 -0.4371015429496765
v -1.3848129510879517 0.9603800773620605 -0.4371015429496765
v -1.072950005531311 0.725924015045166 -0.35239800810813904
v -1.0857900381088257 0.7082089781761169 -0.35239800810813904
v 1.1624599695205688 -0.5660510063171387 -0.3743079900741577
v 1.1666300296783447 -0.5683349967002869 -0.35239800810813904
v 1.1556999683380127 -0.5872939825057983 -0.35239800810813904
v 1.1556999683380127 -0.5872939825057983 -0.35239800810813904
v 1.1515799760818481 -0.5849180221557617 -0.3743079900741577
v 1.1624599695205688 -0.5660510063171387 -0.3743079900741577
v 1.2318063974380493 -0.6044585704803467 -0.3929150402545929
v 1.2362405061721802 -0.6068868041038513 -0.3696730136871338
v 1.2246387004852295 -0.6270337104797363 -0.3696749806404114
v 1.2246387004852295 -0.6270337104797363 -0.3696749806404114
v 1.2202577590942383 -0.6245077252388 -0.39291706681251526
v 1.2318063974380493 -0.6044585704803467 -0.3929150402545929
v 1.2318063974380493 -0.6044585704803467 -0.3929150402545929
v 1.2362405061721802 -0.6068868041038513 -0.3696730136871338
v 1.1666300296783447 -0.5683349967002869 -0.35239800810813904
v 1.1666300296783447 -0.5683349967002869 -0.35239800810813904
v 1.1624599695205688 -0.5660510063171387 -0.3743079900741577
v 1.2318063974380493 -0.6044585704803467 -0.3929150402545929
v 1.2202577590942383 -0.6245077252388 -0.39291706681251526
v 1.2246387004852295 -0.6270337104797363 -0.3696749806404114
v 1.1556999683380127 -0.5872939825057983 -0.35239800810813904
v 1.1556999683380127 -0.5872939825057983 -0.35239800810813904
v 1.1515799760818481 -0.5849180221557617 -0.3743079900741577
v 1.2202577590942383 -0.6245077252388 -0.39291706681251526
v 1.1624599695205688 -0.5660510063171387 -0.3743079900741577
v 1.1515799760818481 -0.5849180221557617 -0.3743079900741577
v 1.2202577590942383 -0.6245077252388 -0.39291706681251526
v 1.2202577590942383 -0.6245077252388 -0.39291706681251526
v 1.2318063974380493 -0.6044585704803467 -0.3929150402545929
v 1.1624599695205688 -0.5660510063171387 -0.3743079900741577
v 1.1666300296783447 -0.5683349967002869 -0.35239800810813904
v 1.2362405061721802 -0.6068868041038513 -0.3696730136871338
v 1.2246387004852295 -0.6270337104797363 -0.3696749806404114
v 1.2246387004852295 -0.6270337104797363 -0.3696749806404114
v 1.1556999683380127 -0.5872939825057983 -0.35239800810813904
v 1.1666300296783447 -0.5683349967002869 -0.35239800810813904
v 0.2252259999513626 1.2732700109481812 -0.49261701107025146
v 0.22668799757957458 1.2797199487686157 -0.47104600071907043
v 0.24795599281787872 1.2744300365447998 -0.47104600071907043
v 0.24795599281787872 1.2744300365447998 -0.47104600071907043
v 0.24636000394821167 1.2680200338363647 -0.49261701107025146
v 0.2252259999513626 1.2732700109481812 -0.49261701107025146
v 0.2607603967189789 1.4274317026138306 -0.543946385383606
v 0.26240274310112 1.4346755743026733 -0.5197950601577759
v 0.28630974888801575 1.428751826286316 -0.5198004245758057
v 0.28630974888801575 1.428751826286316 -0.5198004245758057
v 0.28452014923095703 1.421549916267395 -0.5439551472663879
v 0.2607603967189789 1.4274317026138306 -0.543946385383606
v 0.2607603967189789 1.4274317026138306 -0.543946385383606
v 0.26240274310112 1.4346755743026733 -0.5197950601577759
v 0.22668799757957458 1.2797199487686157 -0.47104600071907043
v 0.22668799757957458 1.2797199487686157 -0.47104600071907043
v 0.2252259999513626 1.2732700109481812 -0.49261701107025146
v 0.2607603967189789 1.4274317026138306 -0.543946385383606
v 0.28452014923095703 1.421549916267395 -0.5439551472663879
v 0.28630974888801575 1.428751826286316 -0.5198004245758057
v 0.24795599281787872 1.2744300365447998 -0.47104600071907043
v 0.24795599281787872 1.2744300365447998 -0.47104600071907043
v 0.24636000394821167 1.2680200338363647 -0.49261701107025146
v 0.28452014923095703 1.421549916267395 -0.5439551472663879
v 0.2252259999513626 1.2732700109481812 -0.49261701107025146
v 0.24636000394821167 1.2680200338363647 -0.49261701107025146
v 0.28452014923095703 1.421549916267395 -0.5439551472663879
v 0.28452014923095703 1.421549916267395 -0.5439551472663879
v 0.2607603967189789 1.4274317026138306 -0.543946385383606
v 0.2252259999513626 1.2732700109481812 -0.49261701107025146
v 0.22668799757957458 1.2797199487686157 -0.47104600071907043
v 0.26240274310112 1.4346755743026733 -0.5197950601577759
v 0.28630974888801575 1.428751826286316 -0.5198004245758057
v 0.28630974888801575 1.428751826286316 -0.5198004245758057
v 0.24795599281787872 1.2744300365447998 -0.47104600071907043
v 0.22668799757957458 1.2797199487686157 -0.47104600071907043
v 1.0450400114059448 -0.7613980174064636 -0.5653870105743408
v 1.0509999990463257 -0.7662100195884705 -0.5441640019416809
v 1.036929965019226 -0.7830089926719666 -0.5441640019416809
v 1.036929965019226 -0.7830089926719666 -0.5441640019416809
v 1.031059980392456 -0.7780920267105103 -0.5653870105743408
v 1.0450400114059448 -0.7613980174064636 -0.5653870105743408
v 1.0757217407226562 -0.7862082123756409 -0.5803494453430176
v 1.0818672180175781 -0.7911697626113892 -0.5584824085235596
v 1.0673580169677734 -0.8085009455680847 -0.558484673500061
v 1.0673580169677734 -0.8085009455680847 -0.558484673500061
v 1.0613057613372803 -0.8034306168556213 -0.5803515315055847
v 1.0757217407226562 -0.7862082123756409 -0.5803494453430176
v 1.0757217407226562 -0.7862082123756409 -0.5803494453430176
v 1.0818672180175781 -0.7911697626113892 -0.5584824085235596
v 1.0509999990463257 -0.7662100195884705 -0.5441640019416809
v 1.0509999990463257 -0.7662100195884705 -0.5441640019416809
v 1.0450400114059448 -0.7613980174064636 -0.5653870105743408
v 1.0757217407226562 -0.7862082123756409 -0.5803494453430176
v 1.0613057613372803 -0.8034306168556213 -0.5803515315055847
v 1.0673580169677734 -0.8085009455680847 -0.558484673500061
v 1.036929965019226 -0.7830089926719666 -0.5441640019416809
v 1.036929965019226 -0.7830089926719666 -0.5441640019416809
v 1.031059980392456 -0.7780920267105103 -0.5653870105743408
v 1.0613057613372803 -0.8034306168556213 -0.5803515315055847
v 1.0450400114059448 -0.7613980174064636 -0.5653870105743408
v 1.031059980392456 -0.7780920267105103 -0.5653870105743408
v 1.0613057613372803 -0.8034306168556213 -0.5803515315055847
v 1.0613057613372803 -0.8034306168556213 -0.5803515315055847
v 1.0757217407226562 -0.7862082123756409 -0.5803494453430176
v 1.0450400114059448 -0.7613980174064636 -0.5653870105743408
v 1.0509999990463257 -0.7662100195884705 -0.5441640019416809
v 1.0818672180175781 -0.7911697626113892 -0.5584824085235596
v 1.0673580169677734 -0.8085009455680847 -0.558484673500061
v 1.0673580169677734 -0.8085009455680847 -0.558484673500061
v 1.036929965019226 -0.7830089926719666 -0.5441640019416809
v 1.0509999990463257 -0.7662100195884705 -0.5441640019416809
v 0.1811549961566925 1.280269980430603 -0.6461970210075378
v 0.18278799951076508 1.2887799739837646 -0.6253700256347656
v 0.20425499975681305 1.2842400074005127 -0.6253700256347656
v 0.20425499975681305 1.2842400074005127 -0.6253700256347656
v 0.20246000587940216 1.2757600545883179 -0.6461960077285767
v 0.1811549961566925 1.280269980430603 -0.6461970210075378
v 0.2242775559425354 1.5026016235351562 -0.7445799112319946
v 0.22619548439979553 1.512590765953064 -0.7202099561691284
v 0.25148287415504456 1.5072712898254395 -0.7202208042144775
v 0.25148287415504456 1.5072712898254395 -0.7202208042144775
v 0.2493753433227539 1.4973160028457642 -0.7445930242538452
v 0.2242775559425354 1.5026016235351562 -0.7445799112319946
v 0.2242775559425354 1.5026016235351562 -0.7445799112319946
v 0.22619548439979553 1.512590765953064 -0.7202099561691284
v 0.18278799951076508 1.2887799739837646 -0.6253700256347656
v 0.18278799951076508 1.2887799739837646 -0.6253700256347656
v 0.1811549961566925 1.280269980430603 -0.6461970210075378
v 0.2242775559425354 1.5026016235351562 -0.7445799112319946
v 0.2493753433227539 1.4973160028457642 -0.7445930242538452
v 0.25148287415504456 1.5072712898254395 -0.7202208042144775
v 0.20425499975681305 1.2842400074005127 -0.6253700256347656
v 0.20425499975681305 1.2842400074005127 -0.6253700256347656
v 0.20246000587940216 1.2757600545883179 -0.6461960077285767
v 0.2493753433227539 1.4973160028457642 -0.7445930242538452
v 0.1811549961566925 1.280269980430603 -0.6461970210075378
v 0.20246000587940216 1.2757600545883179 -0.6461960077285767
v 0.2493753433227539 1.4973160028457642 -0.7445930242538452
v 0.2493753433227539 1.4973160028457642 -0.7445930242538452
v 0.2242775559425354 1.5026016235351562 -0.7445799112319946
v 0.1811549961566925 1.280269980430603 -0.6461970210075378
v 0.18278799951076508 1.2887799739837646 -0.6253700256347656
v 0.22619548439979553 1.512590765953064 -0.7202099561691284
v 0.25148287415504456 1.5072712898254395 -0.7202208042144775
v 0.25148287415504456 1.5072712898254395 -0.7202208042144775
v 0.20425499975681305 1.2842400074005127 -0.6253700256347656
v 0.18278799951076508 1.2887799739837646 -0.6253700256347656
v 0.13686800003051758 1.285730004310608 -0.6461970210075378
v 0.1382029950618744 1.2942999601364136 -0.6253700256347656
v 0.15981599688529968 1.2905000448226929 -0.6253700256347656
v 0.15981599688529968 1.2905000448226929 -0.6253700256347656
v 0.15831799805164337 1.2819700241088867 -0.6461960077285767
v 0.13686800003051758 1.285730004310608 -0.6461970210075378
v 0.14256727695465088 1.3218156099319458 -0.6620669960975647
v 0.14393995702266693 1.3306254148483276 -0.6406689882278442
v 0.16617293655872345 1.326721429824829 -0.6406704187393188
v 0.16617293655872345 1.326721429824829 -0.6406704187393188
v 0.16463300585746765 1.3179517984390259 -0.6620685458183289
v 0.14256727695465088 1.3218156099319458 -0.6620669960975647
v 0.14256727695465088 1.3218156099319458 -0.6620669960975647
v 0.14393995702266693 1.3306254148483276 -0.6406689882278442
v 0.1382029950618744 1.2942999601364136 -0.6253700256347656
v 0.1382029950618744 1.2942999601364136 -0.6253700256347656
v 0.13686800003051758 1.285730004310608 -0.6461970210075378
v 0.14256727695465088 1.3218156099319458 -0.6620669960975647
v 0.16463300585746765 1.3179517984390259 -0.6620685458183289
v 0.16617293655872345 1.326721429824829 -0.6406704187393188
v 0.15981599688529968 1.2905000448226929 -0.6253700256347656
v 0.15981599688529968 1.2905000448226929 -0.6253700256347656
v 0.15831799805164337 1.2819700241088867 -0.6461960077285767
v 0.16463300585746765 1.3179517984390259 -0.6620685458183289
v 0.13686800003051758 1.285730004310608 -0.6461970210075378
v 0.15831799805164337 1.2819700241088867 -0.6461960077285767
v 0.16463300585746765 1.3179517984390259 -0.6620685458183289
v 0.16463300585746765 1.3179517984390259 -0.6620685458183289
v 0.14256727695465088 1.3218156099319458 -0.6620669960975647
v 0.13686800003051758 1.285730004310608 -0.6461970210075378
v 0.1382029950618744 1.2942999601364136 -0.6253700256347656
v 0.14393995702266693 1.3306254148483276 -0.6406689882278442
v 0.16617293655872345 1.326721429824829 -0.6406704187393188
v 0.16617293655872345 1.326721429824829 -0.6406704187393188
v 0.15981599688529968 1.2905000448226929 -0.6253700256347656
v 0.1382029950618744 1.2942999601364136 -0.6253700256347656
v 0.3325279951095581 -1.248110055923462 -0.6712089776992798
v 0.33440399169921875 -1.2568999528884888 -0.6505200266838074
v 0.3129439949989319 -1.2614799737930298 -0.6505200266838074
v 0.3129439949989319 -1.2614799737930298 -0.6505200266838074
v 0.31123000383377075 -1.2526600360870361 -0.6712089776992798
v 0.3325279951095581 -1.248110055923462 -0.6712089776992798
v 0.3727059066295624 -1.436375617980957 -0.7584363222122192
v 0.37486132979393005 -1.4464739561080933 -0.7347325086593628
v 0.350132554769516 -1.4517271518707275 -0.7347213625907898
v 0.350132554769516 -1.4517271518707275 -0.7347213625907898
v 0.3481641411781311 -1.4415934085845947 -0.7584264874458313
v 0.3727059066295624 -1.436375617980957 -0.7584363222122192
v 0.3727059066295624 -1.436375617980957 -0.7584363222122192
v 0.37486132979393005 -1.4464739561080933 -0.7347325086593628
v 0.33440399169921875 -1.2568999528884888 -0.6505200266838074
v 0.33440399169921875 -1.2568999528884888 -0.6505200266838074
v 0.3325279951095581 -1.248110055923462 -0.6712089776992798
v 0.3727059066295624 -1.436375617980957 -0.7584363222122192
v 0.3481641411781311 -1.4415934085845947 -0.7584264874458313
v 0.350132554769516 -1.4517271518707275 -0.7347213625907898
v 0.3129439949989319 -1.2614799737930298 -0.6505200266838074
v 0.3129439949989319 -1.2614799737930298 -0.6505200266838074
v 0.31123000383377075 -1.2526600360870361 -0.6712089776992798
v 0.3481641411781311 -1.4415934085845947 -0.7584264874458313
v 0.3325279951095581 -1.248110055923462 -0.6712089776992798
v 0.31123000383377075 -1.2526600360870361 -0.6712089776992798
v 0.3481641411781311 -1.4415934085845947 -0.7584264874458313
v 0.3481641411781311 -1.4415934085845947 -0.7584264874458313
v 0.3727059066295624 -1.436375617980957 -0.7584363222122192
v 0.3325279951095581 -1.248110055923462 -0.6712089776992798
v 0.33440399169921875 -1.2568999528884888 -0.6505200266838074
v 0.37486132979393005 -1.4464739561080933 -0.7347325086593628
v 0.350132554769516 -1.4517271518707275 -0.7347213625907898
v 0.350132554769516 -1.4517271518707275 -0.7347213625907898
v 0.3129439949989319 -1.2614799737930298 -0.6505200266838074
v 0.33440399169921875 -1.2568999528884888 -0.6505200266838074
v -0.4644460082054138 1.2051199674606323 -0.7472689747810364
v -0.46751800179481506 1.2145500183105469 -0.72707200050354
v -0.44662800431251526 1.2213499546051025 -0.72707200050354
v -0.44662800431251526 1.2213499546051025 -0.72707200050354
v -0.44373899698257446 1.211859941482544 -0.7472689747810364
v -0.4644460082054138 1.2051199674606323 -0.7472689747810364
v -0.4742591381072998 1.235255479812622 -0.763424277305603
v -0.47740399837493896 1.244910717010498 -0.7427543997764587
v -0.4559991955757141 1.2518744468688965 -0.7427526712417603
v -0.4559991955757141 1.2518744468688965 -0.7427526712417603
v -0.4530412554740906 1.24215829372406 -0.7634220123291016
v -0.4742591381072998 1.235255479812622 -0.763424277305603
v -0.4742591381072998 1.235255479812622 -0.763424277305603
v -0.47740399837493896 1.244910717010498 -0.7427543997764587
v -0.46751800179481506 1.2145500183105469 -0.72707200050354
v -0.46751800179481506 1.2145500183105469 -0.72707200050354
v -0.4644460082054138 1.2051199674606323 -0.7472689747810364
v -0.4742591381072998 1.235255479812622 -0.763424277305603
v -0.4530412554740906 1.24215829372406 -0.7634220123291016
v -0.4559991955757141 1.2518744468688965 -0.7427526712417603
v -0.44662800431251526 1.2213499546051025 -0.72707200050354
v -0.44662800431251526 1.2213499546051025 -0.72707200050354
v -0.44373899698257446 1.211859941482544 -0.7472689747810364
v -0.4530412554740906 1.24215829372406 -0.7634220123291016
v -0.4644460082054138 1.2051199674606323 -0.7472689747810364
v -0.44373899698257446 1.211859941482544 -0.7472689747810364
v -0.4530412554740906 1.24215829372406 -0.7634220123291016
v -0.4530412554740906 1.24215829372406 -0.7634220123291016
v -0.4742591381072998 1.235255479812622 -0.763424277305603
v -0.4644460082054138 1.2051199674606323 -0.7472689747810364
v -0.46751800179481506 1.2145500183105469 -0.72707200050354
v -0.47740399837493896 1.244910717010498 -0.7427543997764587
v -0.4559991955757141 1.2518744468688965 -0.7427526712417603
v -0.4559991955757141 1.2518744468688965 -0.7427526712417603
v -0.44662800431251526 1.2213499546051025 -0.72707200050354
v -0.46751800179481506 1.2145500183105469 -0.72707200050354
v 0.5683590173721313 1.1613800525665283 -0.8249319791793823
v 0.5735899806022644 1.1708400249481201 -0.8051959872245789
v 0.5926250219345093 1.1598700284957886 -0.8051959872245789
v 0.5926250219345093 1.1598700284957886 -0.8051959872245789
v 0.587228000164032 1.1505099534988403 -0.8249319791793823
v 0.5683590173721313 1.1613800525665283 -0.8249319791793823
v 0.58316570520401 1.188133716583252 -0.8422684669494629
v 0.5885199308395386 1.1978157758712769 -0.8220768570899963
v 0.6080189347267151 1.1865825653076172 -0.8220785856246948
v 0.6080189347267151 1.1865825653076172 -0.8220785856246948
v 0.6024954915046692 1.1770018339157104 -0.8422710299491882
v 0.58316570520401 1.188133716583252 -0.8422684669494629
v 0.58316570520401 1.188133716583252 -0.8422684669494629
v 0.5885199308395386 1.1978157758712769 -0.8220768570899963
v 0.5735899806022644 1.1708400249481201 -0.8051959872245789
v 0.5735899806022644 1.1708400249481201 -0.8051959872245789
v 0.5683590173721313 1.1613800525665283 -0.8249319791793823
v 0.58316570520401 1.188133716583252 -0.8422684669494629
v 0.6024954915046692 1.1770018339157104 -0.8422710299491882
v 0.6080189347267151 1.1865825653076172 -0.8220785856246948
v 0.5926250219345093 1.1598700284957886 -0.8051959872245789
v 0.5926250219345093 1.1598700284957886 -0.8051959872245789
v 0.587228000164032 1.1505099534988403 -0.8249319791793823
v 0.6024954915046692 1.1770018339157104 -0.8422710299491882
v 0.5683590173721313 1.1613800525665283 -0.8249319791793823
v 0.587228000164032 1.1505099534988403 -0.8249319791793823
v 0.6024954915046692 1.1770018339157104 -0.8422710299491882
v 0.6024954915046692 1.1770018339157104 -0.8422710299491882
v 0.58316570520401 1.188133716583252 -0.8422684669494629
v 0.5683590173721313 1.1613800525665283 -0.8249319791793823
v 0.5735899806022644 1.1708400249481201 -0.8051959872245789
v 0.5885199308395386 1.1978157758712769 -0.8220768570899963
v 0.6080189347267151 1.1865825653076172 -0.8220785856246948
v 0.6080189347267151 1.1865825653076172 -0.8220785856246948
v 0.5926250219345093 1.1598700284957886 -0.8051959872245789
v 0.5735899806022644 1.1708400249481201 -0.8051959872245789
v -1.2868900299072266 -0.1107420027256012 -0.8779309988021851
v -1.2983399629592896 -0.11115100234746933 -0.8584139943122864
v -1.2991199493408203 -0.08917120099067688 -0.8584139943122864
v -1.2991199493408203 -0.08917120099067688 -0.8584139943122864
v -1.2876700162887573 -0.08897829800844193 -0.8779309988021851
v -1.2868900299072266 -0.1107420027256012 -0.8779309988021851
v -1.324297308921814 -0.11207903921604156 -0.9006122946739197
v -1.3360639810562134 -0.1124994307756424 -0.8805639147758484
v -1.3368632793426514 -0.08988349884748459 -0.8805606961250305
v -1.3368632793426514 -0.08988349884748459 -0.8805606961250305
v -1.3250960111618042 -0.08968525379896164 -0.9006097912788391
v -1.324297308921814 -0.11207903921604156 -0.9006122946739197
v -1.324297308921814 -0.11207903921604156 -0.9006122946739197
v -1.3360639810562134 -0.1124994307756424 -0.8805639147758484
v -1.2983399629592896 -0.11115100234746933 -0.8584139943122864
v -1.2983399629592896 -0.11115100234746933 -0.8584139943122864
v -1.2868900299072266 -0.1107420027256012 -0.8779309988021851
v -1.324297308921814 -0.11207903921604156 -0.9006122946739197
v -1.3250960111618042 -0.08968525379896164 -0.9006097912788391
v -1.3368632793426514 -0.08988349884748459 -0.8805606961250305
v -1.2991199493408203 -0.08917120099067688 -0.8584139943122864
v -1.2991199493408203 -0.08917120099067688 -0.8584139943122864
v -1.2876700162887573 -0.08897829800844193 -0.8779309988021851
v -1.3250960111618042 -0.08968525379896164 -0.9006097912788391
v -1.2868900299072266 -0.1107420027256012 -0.8779309988021851
v -1.2876700162887573 -0.08897829800844193 -0.8779309988021851
v -1.3250960111618042 -0.08968525379896164 -0.9006097912788391
v -1.3250960111618042 -0.08968525379896164 -0.9006097912788391
v -1.324297308921814 -0.11207903921604156 -0.9006122946739197
v -1.2868900299072266 -0.1107420027256012 -0.8779309988021851
v -1.2983399629592896 -0.11115100234746933 -0.8584139943122864
v -1.3360639810562134 -0.1124994307756424 -0.8805639147758484
v -1.3368632793426514 -0.08988349884748459 -0.8805606961250305
v -1.3368632793426514 -0.08988349884748459 -0.8805606961250305
v -1.2991199493408203 -0.08917120099067688 -0.8584139943122864
v -1.2983399629592896 -0.11115100234746933 -0.8584139943122864
v -1.170930027961731 0.5452309846878052 -0.9319779872894287
v -1.1815299987792969 0.5508559942245483 -0.912792980670929
v -1.1712199449539185 0.5702829957008362 -0.912792980670929
v -1.1712199449539185 0.5702829957008362 -0.912792980670929
v -1.1607199907302856 0.5644670128822327 -0.9319779872894287
v -1.170930027961731 0.5452309846878052 -0.9319779872894287
v -1.220940113067627 0.5717774629592896 -0.9685106873512268
v -1.2319905757904053 0.5776425004005432 -0.9485223293304443
v -1.2212157249450684 0.5979319214820862 -0.9485188126564026
v -1.2212157249450684 0.5979319214820862 -0.9485188126564026
v -1.2102690935134888 0.5918684005737305 -0.968507707118988
v -1.220940113067627 0.5717774629592896 -0.9685106873512268
v -1.220940113067627 0.5717774629592896 -0.9685106873512268
v -1.2319905757904053 0.5776425004005432 -0.9485223293304443
v -1.1815299987792969 0.5508559942245483 -0.912792980670929
v -1.1815299987792969 0.5508559942245483 -0.912792980670929
v -1.170930027961731 0.5452309846878052 -0.9319779872894287
v -1.220940113067627 0.5717774629592896 -0.9685106873512268
v -1.2102690935134888 0.5918684005737305 -0.968507707118988
v -1.2212157249450684 0.5979319214820862 -0.9485188126564026
v -1.1712199449539185 0.5702829957008362 -0.912792980670929
v -1.1712199449539185 0.5702829957008362 -0.912792980670929
v -1.1607199907302856 0.5644670128822327 -0.9319779872894287
v -1.2102690935134888 0.5918684005737305 -0.968507707118988
v -1.170930027961731 0.5452309846878052 -0.9319779872894287
v -1.1607199907302856 0.5644670128822327 -0.9319779872894287
v -1.2102690935134888 0.5918684005737305 -0.968507707118988
v -1.2102690935134888 0.5918684005737305 -0.968507707118988
v -1.220940113067627 0.5717774629592896 -0.9685106873512268
v -1.170930027961731 0.5452309846878052 -0.9319779872894287
v -1.1815299987792969 0.5508559942245483 -0.912792980670929
v -1.2319905757904053 0.5776425004005432 -0.9485223293304443
v -1.2212157249450684 0.5979319214820862 -0.9485188126564026
v -1.2212157249450684 0.5979319214820862 -0.9485188126564026
v -1.1712199449539185 0.5702829957008362 -0.912792980670929
v -1.1815299987792969 0.5508559942245483 -0.912792980670929
v 1.2806799411773682 0.17722700536251068 -1.0151000022888184
v 1.2935199737548828 0.1783760040998459 -0.9963160157203674
v 1.2950700521469116 0.1564140021800995 -0.9963160157203674
v 1.2950700521469116 0.1564140021800995 -0.9963160157203674
v 1.2822200059890747 0.1555040031671524 -1.0151000022888184
v 1.2806799411773682 0.17722700536251068 -1.0151000022888184
v 1.3081499338150024 0.17963507771492004 -1.034562110900879
v 1.3212476968765259 0.1808071732521057 -1.0154062509536743
v 1.3228331804275513 0.1583789438009262 -1.0154083967208862
v 1.3228331804275513 0.1583789438009262 -1.0154083967208862
v 1.309725046157837 0.15745070576667786 -1.0345641374588013
v 1.3081499338150024 0.17963507771492004 -1.034562110900879
v 1.3081499338150024 0.17963507771492004 -1.034562110900879
v 1.3212476968765259 0.1808071732521057 -1.0154062509536743
v 1.2935199737548828 0.1783760040998459 -0.9963160157203674
v 1.2935199737548828 0.1783760040998459 -0.9963160157203674
v 1.2806799411773682 0.17722700536251068 -1.0151000022888184
v 1.3081499338150024 0.17963507771492004 -1.034562110900879
v 1.309725046157837 0.15745070576667786 -1.0345641374588013
v 1.3228331804275513 0.1583789438009262 -1.0154083967208862
v 1.2950700521469116 0.1564140021800995 -0.9963160157203674
v 1.2950700521469116 0.1564140021800995 -0.9963160157203674
v 1.2822200059890747 0.1555040031671524 -1.0151000022888184
v 1.309725046157837 0.15745070576667786 -1.0345641374588013
v 1.2806799411773682 0.17722700536251068 -1.0151000022888184
v 1.2822200059890747 0.1555040031671524 -1.0151000022888184
v 1.309725046157837 0.15745070576667786 -1.0345641374588013
v 1.309725046157837 0.15745070576667786 -1.0345641374588013
v 1.3081499338150024 0.17963507771492004 -1.034562110900879
v 1.2806799411773682 0.17722700536251068 -1.0151000022888184
v 1.2935199737548828 0.1783760040998459 -0.9963160157203674
v 1.3212476968765259 0.1808071732521057 -1.0154062509536743
v 1.3228331804275513 0.1583789438009262 -1.0154083967208862
v 1.3228331804275513 0.1583789438009262 -1.0154083967208862
v 1.2950700521469116 0.1564140021800995 -0.9963160157203674
v 1.2935199737548828 0.1783760040998459 -0.9963160157203674
v -1.2868900299072266 -0.11074099689722061 -1.0151000022888184
v -1.2997699975967407 -0.11120100319385529 -0.9963160157203674
v -1.3005599975585938 -0.08919789642095566 -0.9963160157203674
v -1.3005599975585938 -0.08919789642095566 -0.9963160157203674
v -1.2876700162887573 -0.08897720277309418 -1.0151000022888184
v -1.2868900299072266 -0.11074099689722061 -1.0151000022888184
v -1.314650297164917 -0.11173316091299057 -1.0347081422805786
v -1.32779061794281 -0.11220257729291916 -1.015549898147583
v -1.3285945653915405 -0.08972866833209991 -1.0155483484268188
v -1.3285945653915405 -0.08972866833209991 -1.0155483484268188
v -1.3154442310333252 -0.08950347453355789 -1.034706473350525
v -1.314650297164917 -0.11173316091299057 -1.0347081422805786
v -1.314650297164917 -0.11173316091299057 -1.0347081422805786
v -1.32779061794281 -0.11220257729291916 -1.015549898147583
v -1.2997699975967407 -0.11120100319385529 -0.9963160157203674
v -1.2997699975967407 -0.11120100319385529 -0.9963160157203674
v -1.2868900299072266 -0.11074099689722061 -1.0151000022888184
v -1.314650297164917 -0.11173316091299057 -1.0347081422805786
v -1.3154442310333252 -0.08950347453355789 -1.034706473350525
v -1.3285945653915405 -0.08972866833209991 -1.0155483484268188
v -1.3005599975585938 -0.08919789642095566 -0.9963160157203674
v -1.3005599975585938 -0.08919789642095566 -0.9963160157203674
v -1.2876700162887573 -0.08897720277309418 -1.0151000022888184
v -1.3154442310333252 -0.08950347453355789 -1.034706473350525
v -1.2868900299072266 -0.11074099689722061 -1.0151000022888184
v -1.2876700162887573 -0.08897720277309418 -1.0151000022888184
v -1.3154442310333252 -0.08950347453355789 -1.034706473350525
v -1.3154442310333252 -0.08950347453355789 -1.034706473350525
v -1.314650297164917 -0.11173316091299057 -1.0347081422805786
v -1.2868900299072266 -0.11074099689722061 -1.0151000022888184
v -1.2997699975967407 -0.11120100319385529 -0.9963160157203674
v -1.32779061794281 -0.11220257729291916 -1.015549898147583
v -1.3285945653915405 -0.08972866833209991 -1.0155483484268188
v -1.3285945653915405 -0.08972866833209991 -1.0155483484268188
v -1.3005599975585938 -0.08919789642095566 -0.9963160157203674
v -1.2997699975967407 -0.11120100319385529 -0.9963160157203674
v 1.28997004032135 0.08848109841346741 -1.1688200235366821
v 1.3042399883270264 0.088754802942276 -1.1507400274276733
v 1.304260015487671 0.06671469658613205 -1.1507400274276733
v 1.304260015487671 0.06671469658613205 -1.1507400274276733
v 1.2899800539016724 0.06670329719781876 -1.1688200235366821
v 1.28997004032135 0.08848109841346741 -1.1688200235366821
v 1.3481149673461914 0.08949973434209824 -1.215932011604309
v 1.362980842590332 0.08978485316038132 -1.1971067190170288
v 1.3630064725875854 0.06676129996776581 -1.1971110105514526
v 1.3630064725875854 0.06676129996776581 -1.1971110105514526
v 1.3481316566467285 0.0667494386434555 -1.2159347534179688
v 1.3481149673461914 0.08949973434209824 -1.215932011604309
v 1.3481149673461914 0.08949973434209824 -1.215932011604309
v 1.362980842590332 0.08978485316038132 -1.1971067190170288
v 1.3042399883270264 0.088754802942276 -1.1507400274276733
v 1.3042399883270264 0.088754802942276 -1.1507400274276733
v 1.28997004032135 0.08848109841346741 -1.1688200235366821
v 1.3481149673461914 0.08949973434209824 -1.215932011604309
v 1.3481316566467285 0.0667494386434555 -1.2159347534179688
v 1.3630064725875854 0.06676129996776581 -1.1971110105514526
v 1.304260015487671 0.06671469658613205 -1.1507400274276733
v 1.304260015487671 0.06671469658613205 -1.1507400274276733
v 1.2899800539016724 0.06670329719781876 -1.1688200235366821
v 1.3481316566467285 0.0667494386434555 -1.2159347534179688
v 1.28997004032135 0.08848109841346741 -1.1688200235366821
v 1.2899800539016724 0.06670329719781876 -1.1688200235366821
v 1.3481316566467285 0.0667494386434555 -1.2159347534179688
v 1.3481316566467285 0.0667494386434555 -1.2159347534179688
v 1.3481149673461914 0.08949973434209824 -1.215932011604309
v 1.28997004032135 0.08848109841346741 -1.1688200235366821
v 1.3042399883270264 0.088754802942276 -1.1507400274276733
v 1.362980842590332 0.08978485316038132 -1.1971067190170288
v 1.3630064725875854 0.06676129996776581 -1.1971110105514526
v 1.3630064725875854 0.06676129996776581 -1.1971110105514526
v 1.304260015487671 0.06671469658613205 -1.1507400274276733
v 1.3042399883270264 0.088754802942276 -1.1507400274276733
v 1.2868900299072266 0.11073999851942062 -1.1688200235366821
v 1.3011499643325806 0.11124999821186066 -1.1507400274276733
v 1.3019399642944336 0.0892236977815628 -1.1507400274276733
v 1.3019399642944336 0.0892236977815628 -1.1507400274276733
v 1.2876700162887573 0.08897600322961807 -1.1688200235366821
v 1.2868900299072266 0.11073999851942062 -1.1688200235366821
v 1.5371869802474976 0.11968628317117691 -1.371737003326416
v 1.5540130138397217 0.12028653174638748 -1.350446105003357
v 1.554928183555603 0.09402743726968765 -1.3504343032836914
v 1.554928183555603 0.09402743726968765 -1.3504343032836914
v 1.5380916595458984 0.09373528510332108 -1.3717244863510132
v 1.5371869802474976 0.11968628317117691 -1.371737003326416
v 1.5371869802474976 0.11968628317117691 -1.371737003326416
v 1.5540130138397217 0.12028653174638748 -1.350446105003357
v 1.3011499643325806 0.11124999821186066 -1.1507400274276733
v 1.3011499643325806 0.11124999821186066 -1.1507400274276733
v 1.2868900299072266 0.11073999851942062 -1.1688200235366821
v 1.5371869802474976 0.11968628317117691 -1.371737003326416
v 1.5380916595458984 0.09373528510332108 -1.3717244863510132
v 1.554928183555603 0.09402743726968765 -1.3504343032836914
v 1.3019399642944336 0.0892236977815628 -1.1507400274276733
v 1.3019399642944336 0.0892236977815628 -1.1507400274276733
v 1.2876700162887573 0.08897600322961807 -1.1688200235366821
v 1.5380916595458984 0.09373528510332108 -1.3717244863510132
v 1.2868900299072266 0.11073999851942062 -1.1688200235366821
v 1.2876700162887573 0.08897600322961807 -1.1688200235366821
v 1.5380916595458984 0.09373528510332108 -1.3717244863510132
v 1.5380916595458984 0.09373528510332108 -1.3717244863510132
v 1.5371869802474976 0.11968628317117691 -1.371737003326416
v 1.2868900299072266 0.11073999851942062 -1.1688200235366821
v 1.3011499643325806 0.11124999821186066 -1.1507400274276733
v 1.5540130138397217 0.12028653174638748 -1.350446105003357
v 1.554928183555603 0.09402743726968765 -1.3504343032836914
v 1.554928183555603 0.09402743726968765 -1.3504343032836914
v 1.3019399642944336 0.0892236977815628 -1.1507400274276733
v 1.3011499643325806 0.11124999821186066 -1.1507400274276733
v 1.28997004032135 0.08848120272159576 -1.1989500522613525
v 1.3044699430465698 0.08875489979982376 -1.1810599565505981
v 1.304479956626892 0.0667148008942604 -1.1810599565505981
v 1.304479956626892 0.0667148008942604 -1.1810599565505981
v 1.2899800539016724 0.06670340150594711 -1.1989500522613525
v 1.28997004032135 0.08848120272159576 -1.1989500522613525
v 1.3223381042480469 0.0890539288520813 -1.2258660793304443
v 1.337179183959961 0.08933407068252563 -1.207560420036316
v 1.3371930122375488 0.0667407363653183 -1.2075620889663696
v 1.3371930122375488 0.0667407363653183 -1.2075620889663696
v 1.3223519325256348 0.06672907620668411 -1.225867748260498
v 1.3223381042480469 0.0890539288520813 -1.2258660793304443
v 1.3223381042480469 0.0890539288520813 -1.2258660793304443
v 1.337179183959961 0.08933407068252563 -1.207560420036316
v 1.3044699430465698 0.08875489979982376 -1.1810599565505981
v 1.3044699430465698 0.08875489979982376 -1.1810599565505981
v 1.28997004032135 0.08848120272159576 -1.1989500522613525
v 1.3223381042480469 0.0890539288520813 -1.2258660793304443
v 1.3223519325256348 0.06672907620668411 -1.225867748260498
v 1.3371930122375488 0.0667407363653183 -1.2075620889663696
v 1.304479956626892 0.0667148008942604 -1.1810599565505981
v 1.304479956626892 0.0667148008942604 -1.1810599565505981
v 1.2899800539016724 0.06670340150594711 -1.1989500522613525
v 1.3223519325256348 0.06672907620668411 -1.225867748260498
v 1.28997004032135 0.08848120272159576 -1.1989500522613525
v 1.2899800539016724 0.06670340150594711 -1.1989500522613525
v 1.3223519325256348 0.06672907620668411 -1.225867748260498
v 1.3223519325256348 0.06672907620668411 -1.225867748260498
v 1.3223381042480469 0.0890539288520813 -1.2258660793304443
v 1.28997004032135 0.08848120272159576 -1.1989500522613525
v 1.3044699430465698 0.08875489979982376 -1.1810599565505981
v 1.337179183959961 0.08933407068252563 -1.207560420036316
v 1.3371930122375488 0.0667407363653183 -1.2075620889663696
v 1.3371930122375488 0.0667407363653183 -1.2075620889663696
v 1.304479956626892 0.0667148008942604 -1.1810599565505981
v 1.3044699430465698 0.08875489979982376 -1.1810599565505981
v 1.2868900299072266 0.11073999851942062 -1.1989500522613525
v 1.3013800382614136 0.11125800013542175 -1.1810599565505981
v 1.3021700382232666 0.08923179656267166 -1.1810599565505981
v 1.3021700382232666 0.08923179656267166 -1.1810599565505981
v 1.2876700162887573 0.08897610008716583 -1.1989500522613525
v 1.2868900299072266 0.11073999851942062 -1.1989500522613525
v 1.362450122833252 0.11344049870967865 -1.261821985244751
v 1.3777382373809814 0.11398697644472122 -1.242958903312683
v 1.3785663843154907 0.09066939353942871 -1.242955207824707
v 1.3785663843154907 0.09066939353942871 -1.242955207824707
v 1.3632699251174927 0.09039957076311111 -1.2618160247802734
v 1.362450122833252 0.11344049870967865 -1.261821985244751
v 1.362450122833252 0.11344049870967865 -1.261821985244751
v 1.3777382373809814 0.11398697644472122 -1.242958903312683
v 1.3013800382614136 0.11125800013542175 -1.1810599565505981
v 1.3013800382614136 0.11125800013542175 -1.1810599565505981
v 1.2868900299072266 0.11073999851942062 -1.1989500522613525
v 1.362450122833252 0.11344049870967865 -1.261821985244751
v 1.3632699251174927 0.09039957076311111 -1.2618160247802734
v 1.3785663843154907 0.09066939353942871 -1.242955207824707
v 1.3021700382232666 0.08923179656267166 -1.1810599565505981
v 1.3021700382232666 0.08923179656267166 -1.1810599565505981
v 1.2876700162887573 0.08897610008716583 -1.1989500522613525
v 1.3632699251174927 0.09039957076311111 -1.2618160247802734
v 1.2868900299072266 0.11073999851942062 -1.1989500522613525
v 1.2876700162887573 0.08897610008716583 -1.1989500522613525
v 1.3632699251174927 0.09039957076311111 -1.2618160247802734
v 1.3632699251174927 0.09039957076311111 -1.2618160247802734
v 1.362450122833252 0.11344049870967865 -1.261821985244751
v 1.2868900299072266 0.11073999851942062 -1.1989500522613525
v 1.3013800382614136 0.11125800013542175 -1.1810599565505981
v 1.3777382373809814 0.11398697644472122 -1.242958903312683
v 1.3785663843154907 0.09066939353942871 -1.242955207824707
v 1.3785663843154907 0.09066939353942871 -1.242955207824707
v 1.3021700382232666 0.08923179656267166 -1.1810599565505981
v 1.3013800382614136 0.11125800013542175 -1.1810599565505981
v -1.1179800033569336 0.6492019891738892 -1.1989500522613525
v -1.1301499605178833 0.6570820212364197 -1.1810599565505981
v -1.117840051651001 0.6753649711608887 -1.1810599565505981
v -1.117840051651001 0.6753649711608887 -1.1810599565505981
v -1.1058199405670166 0.6672670245170593 -1.1989500522613525
v -1.1179800033569336 0.6492019891738892 -1.1989500522613525
v -1.1415250301361084 0.6644819974899292 -1.2222871780395508
v -1.153943657875061 0.6725228428840637 -1.2040363550186157
v -1.1413685083389282 0.6912047266960144 -1.2040377855300903
v -1.1413685083389282 0.6912047266960144 -1.2040377855300903
v -1.129102110862732 0.682941734790802 -1.2222892045974731
v -1.1415250301361084 0.6644819974899292 -1.2222871780395508
v -1.1415250301361084 0.6644819974899292 -1.2222871780395508
v -1.153943657875061 0.6725228428840637 -1.2040363550186157
v -1.1301499605178833 0.6570820212364197 -1.1810599565505981
v -1.1301499605178833 0.6570820212364197 -1.1810599565505981
v -1.1179800033569336 0.6492019891738892 -1.1989500522613525
v -1.1415250301361084 0.6644819974899292 -1.2222871780395508
v -1.129102110862732 0.682941734790802 -1.2222892045974731
v -1.1413685083389282 0.6912047266960144 -1.2040377855300903
v -1.117840051651001 0.6753649711608887 -1.1810599565505981
v -1.117840051651001 0.6753649711608887 -1.1810599565505981
v -1.1058199405670166 0.6672670245170593 -1.1989500522613525
v -1.129102110862732 0.682941734790802 -1.2222892045974731
v -1.1179800033569336 0.6492019891738892 -1.1989500522613525
v -1.1058199405670166 0.6672670245170593 -1.1989500522613525
v -1.129102110862732 0.682941734790802 -1.2222892045974731
v -1.129102110862732 0.682941734790802 -1.2222892045974731
v -1.1415250301361084 0.6644819974899292 -1.2222871780395508
v -1.1179800033569336 0.6492019891738892 -1.1989500522613525
v -1.1301499605178833 0.6570820212364197 -1.1810599565505981
v -1.153943657875061 0.6725228428840637 -1.2040363550186157
v -1.1413685083389282 0.6912047266960144 -1.2040377855300903
v -1.1413685083389282 0.6912047266960144 -1.2040377855300903
v -1.117840051651001 0.6753649711608887 -1.1810599565505981
v -1.1301499605178833 0.6570820212364197 -1.1810599565505981
v 1.2760599851608276 0.1992180049419403 -1.2913000583648682
v 1.2911499738693237 0.2008180022239685 -1.2739700078964233
v 1.293470025062561 0.17890000343322754 -1.2739700078964233
v 1.293470025062561 0.17890000343322754 -1.2739700078964233
v 1.2783600091934204 0.17756199836730957 -1.2913000583648682
v 1.2760599851608276 0.1992180049419403 -1.2913000583648682
v 1.3253902196884155 0.20444640517234802 -1.3358532190322876
v 1.3410402536392212 0.20610563457012177 -1.3178881406784058
v 1.3434497117996216 0.18331590294837952 -1.3178826570510864
v 1.3434497117996216 0.18331590294837952 -1.3178826570510864
v 1.3277767896652222 0.18192832171916962 -1.3358501195907593
v 1.3253902196884155 0.20444640517234802 -1.3358532190322876
v 1.3253902196884155 0.20444640517234802 -1.3358532190322876
v 1.3410402536392212 0.20610563457012177 -1.3178881406784058
v 1.2911499738693237 0.2008180022239685 -1.2739700078964233
v 1.2911499738693237 0.2008180022239685 -1.2739700078964233
v 1.2760599851608276 0.1992180049419403 -1.2913000583648682
v 1.3253902196884155 0.20444640517234802 -1.3358532190322876
v 1.3277767896652222 0.18192832171916962 -1.3358501195907593
v 1.3434497117996216 0.18331590294837952 -1.3178826570510864
v 1.293470025062561 0.17890000343322754 -1.2739700078964233
v 1.293470025062561 0.17890000343322754 -1.2739700078964233
v 1.2783600091934204 0.17756199836730957 -1.2913000583648682
v 1.3277767896652222 0.18192832171916962 -1.3358501195907593
v 1.2760599851608276 0.1992180049419403 -1.2913000583648682
v 1.2783600091934204 0.17756199836730957 -1.2913000583648682
v 1.3277767896652222 0.18192832171916962 -1.3358501195907593
v 1.3277767896652222 0.18192832171916962 -1.3358501195907593
v 1.3253902196884155 0.20444640517234802 -1.3358532190322876
v 1.2760599851608276 0.1992180049419403 -1.2913000583648682
v 1.2911499738693237 0.2008180022239685 -1.2739700078964233
v 1.3410402536392212 0.20610563457012177 -1.3178881406784058
v 1.3434497117996216 0.18331590294837952 -1.3178826570510864
v 1.3434497117996216 0.18331590294837952 -1.3178826570510864
v 1.293470025062561 0.17890000343322754 -1.2739700078964233
v 1.2911499738693237 0.2008180022239685 -1.2739700078964233
v -1.2821099758148193 0.15620200335979462 -1.554710030555725
v -1.2987500429153442 0.15912500023841858 -1.5387400388717651
v -1.2949299812316895 0.180867999792099 -1.5387400388717651
v -1.2949299812316895 0.180867999792099 -1.5387400388717651
v -1.2783399820327759 0.17765100300312042 -1.554710030555725
v -1.2821099758148193 0.15620200335979462 -1.554710030555725
v -1.3067275285720825 0.1605258733034134 -1.5817580223083496
v -1.3236632347106934 0.16350078582763672 -1.565507411956787
v -1.3197674751281738 0.18566833436489105 -1.5655051469802856
v -1.3197674751281738 0.18566833436489105 -1.5655051469802856
v -1.302882194519043 0.18239405751228333 -1.5817562341690063
v -1.3067275285720825 0.1605258733034134 -1.5817580223083496
v -1.3067275285720825 0.1605258733034134 -1.5817580223083496
v -1.3236632347106934 0.16350078582763672 -1.565507411956787
v -1.2987500429153442 0.15912500023841858 -1.5387400388717651
v -1.2987500429153442 0.15912500023841858 -1.5387400388717651
v -1.2821099758148193 0.15620200335979462 -1.554710030555725
v -1.3067275285720825 0.1605258733034134 -1.5817580223083496
v -1.302882194519043 0.18239405751228333 -1.5817562341690063
v -1.3197674751281738 0.18566833436489105 -1.5655051469802856
v -1.2949299812316895 0.180867999792099 -1.5387400388717651
v -1.2949299812316895 0.180867999792099 -1.5387400388717651
v -1.2783399820327759 0.17765100300312042 -1.554710030555725
v -1.302882194519043 0.18239405751228333 -1.5817562341690063
v -1.2821099758148193 0.15620200335979462 -1.554710030555725
v -1.2783399820327759 0.17765100300312042 -1.554710030555725
v -1.302882194519043 0.18239405751228333 -1.5817562341690063
v -1.302882194519043 0.18239405751228333 -1.5817562341690063
v -1.3067275285720825 0.1605258733034134 -1.5817580223083496
v -1.2821099758148193 0.15620200335979462 -1.554710030555725
v -1.2987500429153442 0.15912500023841858 -1.5387400388717651
v -1.3236632347106934 0.16350078582763672 -1.565507411956787
v -1.3197674751281738 0.18566833436489105 -1.5655051469802856
v -1.3197674751281738 0.18566833436489105 -1.5655051469802856
v -1.2949299812316895 0.180867999792099 -1.5387400388717651
v -1.2987500429153442 0.15912500023841858 -1.5387400388717651
v -1.2930400371551514 0.0006926649948582053 -2.1450600624084473
v -1.3126200437545776 0.0017024800181388855 -2.1315200328826904
v -1.3110899925231934 0.02377150021493435 -2.1315200328826904
v -1.3110899925231934 0.02377150021493435 -2.1315200328826904
v -1.2915300130844116 0.02241850085556507 -2.1450600624084473
v -1.2930400371551514 0.0006926649948582053 -2.1450600624084473
v -1.334381341934204 0.002847445895895362 -2.2061352729797363
v -1.354514718055725 0.003885751124471426 -2.192216157913208
v -1.352938175201416 0.026666678488254547 -2.19221830368042
v -1.352938175201416 0.026666678488254547 -2.19221830368042
v -1.3328272104263306 0.0252754595130682 -2.206136465072632
v -1.334381341934204 0.002847445895895362 -2.2061352729797363
v -1.334381341934204 0.002847445895895362 -2.2061352729797363
v -1.354514718055725 0.003885751124471426 -2.192216157913208
v -1.3126200437545776 0.0017024800181388855 -2.1315200328826904
v -1.3126200437545776 0.0017024800181388855 -2.1315200328826904
v -1.2930400371551514 0.0006926649948582053 -2.1450600624084473
v -1.334381341934204 0.002847445895895362 -2.2061352729797363
v -1.3328272104263306 0.0252754595130682 -2.206136465072632
v -1.352938175201416 0.026666678488254547 -2.19221830368042
v -1.3110899925231934 0.02377150021493435 -2.1315200328826904
v -1.3110899925231934 0.02377150021493435 -2.1315200328826904
v -1.2915300130844116 0.02241850085556507 -2.1450600624084473
v -1.3328272104263306 0.0252754595130682 -2.206136465072632
v -1.2930400371551514 0.0006926649948582053 -2.1450600624084473
v -1.2915300130844116 0.02241850085556507 -2.1450600624084473
v -1.3328272104263306 0.0252754595130682 -2.206136465072632
v -1.3328272104263306 0.0252754595130682 -2.206136465072632
v -1.334381341934204 0.002847445895895362 -2.2061352729797363
v -1.2930400371551514 0.0006926649948582053 -2.1450600624084473
v -1.3126200437545776 0.0017024800181388855 -2.1315200328826904
v -1.354514718055725 0.003885751124471426 -2.192216157913208
v -1.352938175201416 0.026666678488254547 -2.19221830368042
v -1.352938175201416 0.026666678488254547 -2.19221830368042
v -1.3110899925231934 0.02377150021493435 -2.1315200328826904
v -1.3126200437545776 0.0017024800181388855 -2.1315200328826904
v -0.29037898778915405 -1.258620023727417 -2.367919921875
v -0.29597100615501404 -1.2781800031661987 -2.355149984359741
v -0.3172520101070404 -1.272089958190918 -2.355149984359741
v -0.3172520101070404 -1.272089958190918 -2.355149984359741
v -0.3113180100917816 -1.2526299953460693 -2.367919921875
v -0.29037898778915405 -1.258620023727417 -2.367919921875
v -0.29776492714881897 -1.2844483852386475 -2.411501407623291
v -0.30345767736434937 -1.3043591976165771 -2.3985044956207275
v -0.3251835107803345 -1.2981411218643188 -2.3985023498535156
v -0.3251835107803345 -1.2981411218643188 -2.3985023498535156
v -0.31914225220680237 -1.2783324718475342 -2.411499500274658
v -0.29776492714881897 -1.2844483852386475 -2.411501407623291
v -0.29776492714881897 -1.2844483852386475 -2.411501407623291
v -0.30345767736434937 -1.3043591976165771 -2.3985044956207275
v -0.29597100615501404 -1.2781800031661987 -2.355149984359741
v -0.29597100615501404 -1.2781800031661987 -2.355149984359741
v -0.29037898778915405 -1.258620023727417 -2.367919921875
v -0.29776492714881897 -1.2844483852386475 -2.411501407623291
v -0.31914225220680237 -1.2783324718475342 -2.411499500274658
v -0.3251835107803345 -1.2981411218643188 -2.3985023498535156
v -0.3172520101070404 -1.272089958190918 -2.355149984359741
v -0.3172520101070404 -1.272089958190918 -2.355149984359741
v -0.3113180100917816 -1.2526299953460693 -2.367919921875
v -0.31914225220680237 -1.2783324718475342 -2.411499500274658
v -0.29037898778915405 -1.258620023727417 -2.367919921875
v -0.3113180100917816 -1.2526299953460693 -2.367919921875
v -0.31914225220680237 -1.2783324718475342 -2.411499500274658
v -0.31914225220680237 -1.2783324718475342 -2.411499500274658
v -0.29776492714881897 -1.2844483852386475 -2.411501407623291
v -0.29037898778915405 -1.258620023727417 -2.367919921875
v -0.29597100615501404 -1.2781800031661987 -2.355149984359741
v -0.30345767736434937 -1.3043591976165771 -2.3985044956207275
v -0.3251835107803345 -1.2981411218643188 -2.3985023498535156
v -0.3251835107803345 -1.2981411218643188 -2.3985023498535156
v -0.3172520101070404 -1.272089958190918 -2.355149984359741
v -0.29597100615501404 -1.2781800031661987 -2.355149984359741
v 0.35558098554611206 1.243090033531189 -2.41441011428833
v 0.3622260093688965 1.26242995262146 -2.4018099308013916
v 0.3830310106277466 1.2548799514770508 -2.4018099308013916
v 0.3830310106277466 1.2548799514770508 -2.4018099308013916
v 0.37605100870132446 1.2356599569320679 -2.41441011428833
v 0.35558098554611206 1.243090033531189 -2.41441011428833
v 0.3659343719482422 1.2732017040252686 -2.467046022415161
v 0.3727234899997711 1.2929604053497314 -2.4541757106781006
v 0.39405179023742676 1.285219669342041 -2.454179048538208
v 0.39405179023742676 1.285219669342041 -2.454179048538208
v 0.38692042231559753 1.2655856609344482 -2.467048168182373
v 0.3659343719482422 1.2732017040252686 -2.467046022415161
v 0.3659343719482422 1.2732017040252686 -2.467046022415161
v 0.3727234899997711 1.2929604053497314 -2.4541757106781006
v 0.3622260093688965 1.26242995262146 -2.4018099308013916
v 0.3622260093688965 1.26242995262146 -2.4018099308013916
v 0.35558098554611206 1.243090033531189 -2.41441011428833
v 0.3659343719482422 1.2732017040252686 -2.467046022415161
v 0.38692042231559753 1.2655856609344482 -2.467048168182373
v 0.39405179023742676 1.285219669342041 -2.454179048538208
v 0.3830310106277466 1.2548799514770508 -2.4018099308013916
v 0.3830310106277466 1.2548799514770508 -2.4018099308013916
v 0.37605100870132446 1.2356599569320679 -2.41441011428833
v 0.38692042231559753 1.2655856609344482 -2.467048168182373
v 0.35558098554611206 1.243090033531189 -2.41441011428833
v 0.37605100870132446 1.2356599569320679 -2.41441011428833
v 0.38692042231559753 1.2655856609344482 -2.467048168182373
v 0.38692042231559753 1.2655856609344482 -2.467048168182373
v 0.3659343719482422 1.2732017040252686 -2.467046022415161
v 0.35558098554611206 1.243090033531189 -2.41441011428833
v 0.3622260093688965 1.26242995262146 -2.4018099308013916
v 0.3727234899997711 1.2929604053497314 -2.4541757106781006
v 0.39405179023742676 1.285219669342041 -2.454179048538208
v 0.39405179023742676 1.285219669342041 -2.454179048538208
v 0.3830310106277466 1.2548799514770508 -2.4018099308013916
v 0.3622260093688965 1.26242995262146 -2.4018099308013916
v 0.6853520274162292 1.0964499711990356 -2.5097999572753906
v 0.6972960233688354 1.1135400533676147 -2.4974300861358643
v 0.7152209877967834 1.100540041923523 -2.4974300861358643
v 0.7152209877967834 1.100540041923523 -2.4974300861358643
v 0.7029799818992615 1.0836600065231323 -2.5097999572753906
v 0.6853520274162292 1.0964499711990356 -2.5097999572753906
v 0.6947833895683289 1.1099143028259277 -2.5379912853240967
v 0.7068527936935425 1.1271833181381226 -2.5254926681518555
v 0.725001335144043 1.1140220165252686 -2.525493621826172
v 0.725001335144043 1.1140220165252686 -2.525493621826172
v 0.7126317024230957 1.0969645977020264 -2.537992477416992
v 0.6947833895683289 1.1099143028259277 -2.5379912853240967
v 0.6947833895683289 1.1099143028259277 -2.5379912853240967
v 0.7068527936935425 1.1271833181381226 -2.5254926681518555
v 0.6972960233688354 1.1135400533676147 -2.4974300861358643
v 0.6972960233688354 1.1135400533676147 -2.4974300861358643
v 0.6853520274162292 1.0964499711990356 -2.5097999572753906
v 0.6947833895683289 1.1099143028259277 -2.5379912853240967
v 0.7126317024230957 1.0969645977020264 -2.537992477416992
v 0.725001335144043 1.1140220165252686 -2.525493621826172
v 0.7152209877967834 1.100540041923523 -2.4974300861358643
v 0.7152209877967834 1.100540041923523 -2.4974300861358643
v 0.7029799818992615 1.0836600065231323 -2.5097999572753906
v 0.7126317024230957 1.0969645977020264 -2.537992477416992
v 0.6853520274162292 1.0964499711990356 -2.5097999572753906
v 0.7029799818992615 1.0836600065231323 -2.5097999572753906
v 0.7126317024230957 1.0969645977020264 -2.537992477416992
v 0.7126317024230957 1.0969645977020264 -2.537992477416992
v 0.6947833895683289 1.1099143028259277 -2.5379912853240967
v 0.6853520274162292 1.0964499711990356 -2.5097999572753906
v 0.6972960233688354 1.1135400533676147 -2.4974300861358643
v 0.7068527936935425 1.1271833181381226 -2.5254926681518555
v 0.725001335144043 1.1140220165252686 -2.525493621826172
v 0.725001335144043 1.1140220165252686 -2.525493621826172
v 0.7152209877967834 1.100540041923523 -2.4974300861358643
v 0.6972960233688354 1.1135400533676147 -2.4974300861358643
v 0.41885700821876526 1.221709966659546 -2.5097999572753906
v 0.42665401101112366 1.2410399913787842 -2.4974300861358643
v 0.4471920132637024 1.232759952545166 -2.4974300861358643
v 0.4471920132637024 1.232759952545166 -2.4974300861358643
v 0.439054012298584 1.2135599851608276 -2.5097999572753906
v 0.41885700821876526 1.221709966659546 -2.5097999572753906
v 0.430751234292984 1.251204013824463 -2.5643463134765625
v 0.43870675563812256 1.270926833152771 -2.551727056503296
v 0.459739089012146 1.2624455690383911 -2.5517256259918213
v 0.459739089012146 1.2624455690383911 -2.5517256259918213
v 0.4514356851577759 1.2428555488586426 -2.564344882965088
v 0.430751234292984 1.251204013824463 -2.5643463134765625
v 0.430751234292984 1.251204013824463 -2.5643463134765625
v 0.43870675563812256 1.270926833152771 -2.551727056503296
v 0.42665401101112366 1.2410399913787842 -2.4974300861358643
v 0.42665401101112366 1.2410399913787842 -2.4974300861358643
v 0.41885700821876526 1.221709966659546 -2.5097999572753906
v 0.430751234292984 1.251204013824463 -2.5643463134765625
v 0.4514356851577759 1.2428555488586426 -2.564344882965088
v 0.459739089012146 1.2624455690383911 -2.5517256259918213
v 0.4471920132637024 1.232759952545166 -2.4974300861358643
v 0.4471920132637024 1.232759952545166 -2.4974300861358643
v 0.439054012298584 1.2135599851608276 -2.5097999572753906
v 0.4514356851577759 1.2428555488586426 -2.564344882965088
v 0.41885700821876526 1.221709966659546 -2.5097999572753906
v 0.439054012298584 1.2135599851608276 -2.5097999572753906
v 0.4514356851577759 1.2428555488586426 -2.564344882965088
v 0.4514356851577759 1.2428555488586426 -2.564344882965088
v 0.430751234292984 1.251204013824463 -2.5643463134765625
v 0.41885700821876526 1.221709966659546 -2.5097999572753906
v 0.42665401101112366 1.2410399913787842 -2.4974300861358643
v 0.43870675563812256 1.270926833152771 -2.551727056503296
v 0.459739089012146 1.2624455690383911 -2.5517256259918213
v 0.459739089012146 1.2624455690383911 -2.5517256259918213
v 0.4471920132637024 1.232759952545166 -2.4974300861358643
v 0.42665401101112366 1.2410399913787842 -2.4974300861358643
v 0.5683500170707703 1.161389946937561 -2.5586800575256348
v 0.5784879922866821 1.1797200441360474 -2.5464699268341064
v 0.5976759791374207 1.168660044670105 -2.5464699268341064
v 0.5976759791374207 1.168660044670105 -2.5464699268341064
v 0.5872189998626709 1.1505099534988403 -2.5586800575256348
v 0.5683500170707703 1.161389946937561 -2.5586800575256348
v 0.6610825061798096 1.3287241458892822 -2.892695665359497
v 0.6724782586097717 1.3493181467056274 -2.878988742828369
v 0.6944847702980042 1.3366410732269287 -2.8790011405944824
v 0.6944847702980042 1.3366410732269287 -2.8790011405944824
v 0.6827300786972046 1.316258192062378 -2.8927035331726074
v 0.6610825061798096 1.3287241458892822 -2.892695665359497
v 0.6610825061798096 1.3287241458892822 -2.892695665359497
v 0.6724782586097717 1.3493181467056274 -2.878988742828369
v 0.5784879922866821 1.1797200441360474 -2.5464699268341064
v 0.5784879922866821 1.1797200441360474 -2.5464699268341064
v 0.5683500170707703 1.161389946937561 -2.5586800575256348
v 0.6610825061798096 1.3287241458892822 -2.892695665359497
v 0.6827300786972046 1.316258192062378 -2.8927035331726074
v 0.6944847702980042 1.3366410732269287 -2.8790011405944824
v 0.5976759791374207 1.168660044670105 -2.5464699268341064
v 0.5976759791374207 1.168660044670105 -2.5464699268341064
v 0.5872189998626709 1.1505099534988403 -2.5586800575256348
v 0.6827300786972046 1.316258192062378 -2.8927035331726074
v 0.5683500170707703 1.161389946937561 -2.5586800575256348
v 0.5872189998626709 1.1505099534988403 -2.5586800575256348
v 0.6827300786972046 1.316258192062378 -2.8927035331726074
v 0.6827300786972046 1.316258192062378 -2.8927035331726074
v 0.6610825061798096 1.3287241458892822 -2.892695665359497
v 0.5683500170707703 1.161389946937561 -2.5586800575256348
v 0.5784879922866821 1.1797200441360474 -2.5464699268341064
v 0.6724782586097717 1.3493181467056274 -2.878988742828369
v 0.6944847702980042 1.3366410732269287 -2.8790011405944824
v 0.6944847702980042 1.3366410732269287 -2.8790011405944824
v 0.5976759791374207 1.168660044670105 -2.5464699268341064
v 0.5784879922866821 1.1797200441360474 -2.5464699268341064
v 1.0314699411392212 0.777508020401001 -2.709350109100342
v 1.049049973487854 0.7893869876861572 -2.697629928588867
v 1.0614500045776367 0.7710360288619995 -2.697629928588867
v 1.0614500045776367 0.7710360288619995 -2.697629928588867
v 1.043660044670105 0.7594619989395142 -2.709350109100342
v 1.0314699411392212 0.777508020401001 -2.709350109100342
v 1.044735312461853 0.7864689230918884 -2.7388784885406494
v 1.0625057220458984 0.7984766960144043 -2.7270326614379883
v 1.0750643014907837 0.7798901796340942 -2.7270314693450928
v 1.0750643014907837 0.7798901796340942 -2.7270314693450928
v 1.0570811033248901 0.7681909203529358 -2.738877534866333
v 1.044735312461853 0.7864689230918884 -2.7388784885406494
v 1.044735312461853 0.7864689230918884 -2.7388784885406494
v 1.0625057220458984 0.7984766960144043 -2.7270326614379883
v 1.049049973487854 0.7893869876861572 -2.697629928588867
v 1.049049973487854 0.7893869876861572 -2.697629928588867
v 1.0314699411392212 0.777508020401001 -2.709350109100342
v 1.044735312461853 0.7864689230918884 -2.7388784885406494
v 1.0570811033248901 0.7681909203529358 -2.738877534866333
v 1.0750643014907837 0.7798901796340942 -2.7270314693450928
v 1.0614500045776367 0.7710360288619995 -2.697629928588867
v 1.0614500045776367 0.7710360288619995 -2.697629928588867
v 1.043660044670105 0.7594619989395142 -2.709350109100342
v 1.0570811033248901 0.7681909203529358 -2.738877534866333
v 1.0314699411392212 0.777508020401001 -2.709350109100342
v 1.043660044670105 0.7594619989395142 -2.709350109100342
v 1.0570811033248901 0.7681909203529358 -2.738877534866333
v 1.0570811033248901 0.7681909203529358 -2.738877534866333
v 1.044735312461853 0.7864689230918884 -2.7388784885406494
v 1.0314699411392212 0.777508020401001 -2.709350109100342
v 1.049049973487854 0.7893869876861572 -2.697629928588867
v 1.0625057220458984 0.7984766960144043 -2.7270326614379883
v 1.0750643014907837 0.7798901796340942 -2.7270314693450928
v 1.0750643014907837 0.7798901796340942 -2.7270314693450928
v 1.0614500045776367 0.7710360288619995 -2.697629928588867
v 1.049049973487854 0.7893869876861572 -2.697629928588867
v -0.24565400183200836 1.2681299448013306 -2.709350109100342
v -0.24862399697303772 1.289139986038208 -2.697629928588867
v -0.22669599950313568 1.292240023612976 -2.697629928588867
v -0.22669599950313568 1.292240023612976 -2.697629928588867
v -0.22409099340438843 1.2711800336837769 -2.709350109100342
v -0.24565400183200836 1.2681299448013306 -2.709350109100342
v -0.24805182218551636 1.2850960493087769 -2.740957736968994
v -0.25105613470077515 1.3063504695892334 -2.729102849960327
v -0.2288273125886917 1.3094921112060547 -2.7291016578674316
v -0.2288273125886917 1.3094921112060547 -2.7291016578674316
v -0.22619222104549408 1.2881876230239868 -2.7409565448760986
v -0.24805182218551636 1.2850960493087769 -2.740957736968994
v -0.24805182218551636 1.2850960493087769 -2.740957736968994
v -0.25105613470077515 1.3063504695892334 -2.729102849960327
v -0.24862399697303772 1.289139986038208 -2.697629928588867
v -0.24862399697303772 1.289139986038208 -2.697629928588867
v -0.24565400183200836 1.2681299448013306 -2.709350109100342
v -0.24805182218551636 1.2850960493087769 -2.740957736968994
v -0.22619222104549408 1.2881876230239868 -2.7409565448760986
v -0.2288273125886917 1.3094921112060547 -2.7291016578674316
v -0.22669599950313568 1.292240023612976 -2.697629928588867
v -0.22669599950313568 1.292240023612976 -2.697629928588867
v -0.22409099340438843 1.2711800336837769 -2.709350109100342
v -0.22619222104549408 1.2881876230239868 -2.7409565448760986
v -0.24565400183200836 1.2681299448013306 -2.709350109100342
v -0.22409099340438843 1.2711800336837769 -2.709350109100342
v -0.22619222104549408 1.2881876230239868 -2.7409565448760986
v -0.22619222104549408 1.2881876230239868 -2.7409565448760986
v -0.24805182218551636 1.2850960493087769 -2.740957736968994
v -0.24565400183200836 1.2681299448013306 -2.709350109100342
v -0.24862399697303772 1.289139986038208 -2.697629928588867
v -0.25105613470077515 1.3063504695892334 -2.729102849960327
v -0.2288273125886917 1.3094921112060547 -2.7291016578674316
v -0.2288273125886917 1.3094921112060547 -2.7291016578674316
v -0.22669599950313568 1.292240023612976 -2.697629928588867
v -0.24862399697303772 1.289139986038208 -2.697629928588867
v 1.1210800409317017 -0.6438369750976562 0.12280099838972092
v 1.1217700242996216 -0.6441860198974609 0.09926559776067734
v 1.1313400268554688 -0.6246140003204346 0.0992657020688057
v 1.1313400268554688 -0.6246140003204346 0.0992657020688057
v 1.1306400299072266 -0.6242730021476746 0.12280099838972092
v 1.1210800409317017 -0.6438369750976562 0.12280099838972092
v 1.1514946222305298 -0.6593762636184692 0.12420760840177536
v 1.1521936655044556 -0.6597304344177246 0.1003899946808815
v 1.1620306968688965 -0.6396243572235107 0.10039037466049194
v 1.1620306968688965 -0.6396243572235107 0.10039037466049194
v 1.1613214015960693 -0.6392784118652344 0.12420777976512909
v 1.1514946222305298 -0.6593762636184692 0.12420760840177536
v 1.1514946222305298 -0.6593762636184692 0.12420760840177536
v 1.1521936655044556 -0.6597304344177246 0.1003899946808815
v 1.1217700242996216 -0.6441860198974609 0.09926559776067734
v 1.1217700242996216 -0.6441860198974609 0.09926559776067734
v 1.1210800409317017 -0.6438369750976562 0.12280099838972092
v 1.1514946222305298 -0.6593762636184692 0.12420760840177536
v 1.1613214015960693 -0.6392784118652344 0.12420777976512909
v 1.1620306968688965 -0.6396243572235107 0.10039037466049194
v 1.1313400268554688 -0.6246140003204346 0.0992657020688057
v 1.1313400268554688 -0.6246140003204346 0.0992657020688057
v 1.1306400299072266 -0.6242730021476746 0.12280099838972092
v 1.1613214015960693 -0.6392784118652344 0.12420777976512909
v 1.1210800409317017 -0.6438369750976562 0.12280099838972092
v 1.1306400299072266 -0.6242730021476746 0.12280099838972092
v 1.1613214015960693 -0.6392784118652344 0.12420777976512909
v 1.1613214015960693 -0.6392784118652344 0.12420777976512909
v 1.1514946222305298 -0.6593762636184692 0.12420760840177536
v 1.1210800409317017 -0.6438369750976562 0.12280099838972092
v 1.1217700242996216 -0.6441860198974609 0.09926559776067734
v 1.1521936655044556 -0.6597304344177246 0.1003899946808815
v 1.1620306968688965 -0.6396243572235107 0.10039037466049194
v 1.1620306968688965 -0.6396243572235107 0.10039037466049194
v 1.1313400268554688 -0.6246140003204346 0.0992657020688057
v 1.1217700242996216 -0.6441860198974609 0.09926559776067734
v 1.1308300495147705 -0.6238980293273926 0.12280099838972092
v 1.1315200328826904 -0.6242380142211914 0.09926559776067734
v 1.1411000490188599 -0.6046649813652039 0.09926559776067734
v 1.1411000490188599 -0.6046649813652039 0.09926559776067734
v 1.1404000520706177 -0.6043339967727661 0.12280099838972092
v 1.1308300495147705 -0.6238980293273926 0.12280099838972092
v 1.6214096546173096 -0.8638362288475037 0.14529579877853394
v 1.622251033782959 -0.8642470836639404 0.11724893003702164
v 1.6359453201293945 -0.8360728025436401 0.11724407970905304
v 1.6359453201293945 -0.8360728025436401 0.11724407970905304
v 1.63509202003479 -0.8356750011444092 0.14529262483119965
v 1.6214096546173096 -0.8638362288475037 0.14529579877853394
v 1.6214096546173096 -0.8638362288475037 0.14529579877853394
v 1.622251033782959 -0.8642470836639404 0.11724893003702164
v 1.1315200328826904 -0.6242380142211914 0.09926559776067734
v 1.1315200328826904 -0.6242380142211914 0.09926559776067734
v 1.1308300495147705 -0.6238980293273926 0.12280099838972092
v 1.6214096546173096 -0.8638362288475037 0.14529579877853394
v 1.63509202003479 -0.8356750011444092 0.14529262483119965
v 1.6359453201293945 -0.8360728025436401 0.11724407970905304
v 1.1411000490188599 -0.6046649813652039 0.09926559776067734
v 1.1411000490188599 -0.6046649813652039 0.09926559776067734
v 1.1404000520706177 -0.6043339967727661 0.12280099838972092
v 1.63509202003479 -0.8356750011444092 0.14529262483119965
v 1.1308300495147705 -0.6238980293273926 0.12280099838972092
v 1.1404000520706177 -0.6043339967727661 0.12280099838972092
v 1.63509202003479 -0.8356750011444092 0.14529262483119965
v 1.63509202003479 -0.8356750011444092 0.14529262483119965
v 1.6214096546173096 -0.8638362288475037 0.14529579877853394
v 1.1308300495147705 -0.6238980293273926 0.12280099838972092
v 1.1315200328826904 -0.6242380142211914 0.09926559776067734
v 1.622251033782959 -0.8642470836639404 0.11724893003702164
v 1.6359453201293945 -0.8360728025436401 0.11724407970905304
v 1.6359453201293945 -0.8360728025436401 0.11724407970905304
v 1.1411000490188599 -0.6046649813652039 0.09926559776067734
v 1.1315200328826904 -0.6242380142211914 0.09926559776067734
v 1.142699956893921 -0.6048039793968201 0.12280099838972092
v 1.143399953842163 -0.6051300168037415 0.09926559776067734
v 1.1522899866104126 -0.5852349996566772 0.09926559776067734
v 1.1522899866104126 -0.5852349996566772 0.09926559776067734
v 1.1515799760818481 -0.5849189758300781 0.12280099838972092
v 1.142699956893921 -0.6048039793968201 0.12280099838972092
v 1.2568297386169434 -0.6581727266311646 0.1279897689819336
v 1.2575651407241821 -0.658514142036438 0.10341319441795349
v 1.267369270324707 -0.6366187930107117 0.10341448336839676
v 1.267369270324707 -0.6366187930107117 0.10341448336839676
v 1.266623616218567 -0.6362878680229187 0.12799067795276642
v 1.2568297386169434 -0.6581727266311646 0.1279897689819336
v 1.2568297386169434 -0.6581727266311646 0.1279897689819336
v 1.2575651407241821 -0.658514142036438 0.10341319441795349
v 1.143399953842163 -0.6051300168037415 0.09926559776067734
v 1.143399953842163 -0.6051300168037415 0.09926559776067734
v 1.142699956893921 -0.6048039793968201 0.12280099838972092
v 1.2568297386169434 -0.6581727266311646 0.1279897689819336
v 1.266623616218567 -0.6362878680229187 0.12799067795276642
v 1.267369270324707 -0.6366187930107117 0.10341448336839676
v 1.1522899866104126 -0.5852349996566772 0.09926559776067734
v 1.1522899866104126 -0.5852349996566772 0.09926559776067734
v 1.1515799760818481 -0.5849189758300781 0.12280099838972092
v 1.266623616218567 -0.6362878680229187 0.12799067795276642
v 1.142699956893921 -0.6048039793968201 0.12280099838972092
v 1.1515799760818481 -0.5849189758300781 0.12280099838972092
v 1.266623616218567 -0.6362878680229187 0.12799067795276642
v 1.266623616218567 -0.6362878680229187 0.12799067795276642
v 1.2568297386169434 -0.6581727266311646 0.1279897689819336
v 1.142699956893921 -0.6048039793968201 0.12280099838972092
v 1.143399953842163 -0.6051300168037415 0.09926559776067734
v 1.2575651407241821 -0.658514142036438 0.10341319441795349
v 1.267369270324707 -0.6366187930107117 0.10341448336839676
v 1.267369270324707 -0.6366187930107117 0.10341448336839676
v 1.1522899866104126 -0.5852349996566772 0.09926559776067734
v 1.143399953842163 -0.6051300168037415 0.09926559776067734
v 0.776095986366272 -1.032420039176941 0.14541000127792358
v 0.7766820192337036 -1.033120036125183 0.1232530027627945
v 0.7934070229530334 -1.0191099643707275 0.1232530027627945
v 0.7934070229530334 -1.0191099643707275 0.1232530027627945
v 0.7927910089492798 -1.0184299945831299 0.14541000127792358
v 0.776095986366272 -1.032420039176941 0.14541000127792358
v 0.8005397319793701 -1.0616023540496826 0.1476421058177948
v 0.8011467456817627 -1.0623279809951782 0.12482108175754547
v 0.8183758854866028 -1.047888159751892 0.12482088059186935
v 0.8183758854866028 -1.047888159751892 0.12482088059186935
v 0.8177366852760315 -1.0471844673156738 0.14764170348644257
v 0.8005397319793701 -1.0616023540496826 0.1476421058177948
v 0.8005397319793701 -1.0616023540496826 0.1476421058177948
v 0.8011467456817627 -1.0623279809951782 0.12482108175754547
v 0.7766820192337036 -1.033120036125183 0.1232530027627945
v 0.7766820192337036 -1.033120036125183 0.1232530027627945
v 0.776095986366272 -1.032420039176941 0.14541000127792358
v 0.8005397319793701 -1.0616023540496826 0.1476421058177948
v 0.8177366852760315 -1.0471844673156738 0.14764170348644257
v 0.8183758854866028 -1.047888159751892 0.12482088059186935
v 0.7934070229530334 -1.0191099643707275 0.1232530027627945
v 0.7934070229530334 -1.0191099643707275 0.1232530027627945
v 0.7927910089492798 -1.0184299945831299 0.14541000127792358
v 0.8177366852760315 -1.0471844673156738 0.14764170348644257
v 0.776095986366272 -1.032420039176941 0.14541000127792358
v 0.7927910089492798 -1.0184299945831299 0.14541000127792358
v 0.8177366852760315 -1.0471844673156738 0.14764170348644257
v 0.8177366852760315 -1.0471844673156738 0.14764170348644257
v 0.8005397319793701 -1.0616023540496826 0.1476421058177948
v 0.776095986366272 -1.032420039176941 0.14541000127792358
v 0.7766820192337036 -1.033120036125183 0.1232530027627945
v 0.8011467456817627 -1.0623279809951782 0.12482108175754547
v 0.8183758854866028 -1.047888159751892 0.12482088059186935
v 0.8183758854866028 -1.047888159751892 0.12482088059186935
v 0.7934070229530334 -1.0191099643707275 0.1232530027627945
v 0.7766820192337036 -1.033120036125183 0.1232530027627945
v 1.0823999643325806 -0.704712986946106 0.14541000127792358
v 1.0831899642944336 -0.7051699757575989 0.1232530027627945
v 1.0941100120544434 -0.6862850189208984 0.1232530027627945
v 1.0941100120544434 -0.6862850189208984 0.1232530027627945
v 1.0932999849319458 -0.6858630180358887 0.14541000127792358
v 1.0823999643325806 -0.704712986946106 0.14541000127792358
v 1.1461728811264038 -0.7416080832481384 0.14973008632659912
v 1.147018313407898 -0.7420973777770996 0.12628798186779022
v 1.1585708856582642 -0.7220968008041382 0.12628740072250366
v 1.1585708856582642 -0.7220968008041382 0.12628740072250366
v 1.1577037572860718 -0.7216454744338989 0.14972935616970062
v 1.1461728811264038 -0.7416080832481384 0.14973008632659912
v 1.1461728811264038 -0.7416080832481384 0.14973008632659912
v 1.147018313407898 -0.7420973777770996 0.12628798186779022
v 1.0831899642944336 -0.7051699757575989 0.1232530027627945
v 1.0831899642944336 -0.7051699757575989 0.1232530027627945
v 1.0823999643325806 -0.704712986946106 0.14541000127792358
v 1.1461728811264038 -0.7416080832481384 0.14973008632659912
v 1.1577037572860718 -0.7216454744338989 0.14972935616970062
v 1.1585708856582642 -0.7220968008041382 0.12628740072250366
v 1.0941100120544434 -0.6862850189208984 0.1232530027627945
v 1.0941100120544434 -0.6862850189208984 0.1232530027627945
v 1.0932999849319458 -0.6858630180358887 0.14541000127792358
v 1.1577037572860718 -0.7216454744338989 0.14972935616970062
v 1.0823999643325806 -0.704712986946106 0.14541000127792358
v 1.0932999849319458 -0.6858630180358887 0.14541000127792358
v 1.1577037572860718 -0.7216454744338989 0.14972935616970062
v 1.1577037572860718 -0.7216454744338989 0.14972935616970062
v 1.1461728811264038 -0.7416080832481384 0.14973008632659912
v 1.0823999643325806 -0.704712986946106 0.14541000127792358
v 1.0831899642944336 -0.7051699757575989 0.1232530027627945
v 1.147018313407898 -0.7420973777770996 0.12628798186779022
v 1.1585708856582642 -0.7220968008041382 0.12628740072250366
v 1.1585708856582642 -0.7220968008041382 0.12628740072250366
v 1.0941100120544434 -0.6862850189208984 0.1232530027627945
v 1.0831899642944336 -0.7051699757575989 0.1232530027627945
v 1.0955699682235718 -0.6864920258522034 0.14541000127792358
v 1.0963599681854248 -0.686955988407135 0.1232530027627945
v 1.106619954109192 -0.667701005935669 0.1232530027627945
v 1.106619954109192 -0.667701005935669 0.1232530027627945
v 1.1058100461959839 -0.6672719717025757 0.14541000127792358
v 1.0955699682235718 -0.6864920258522034 0.14541000127792358
v 1.2162436246871948 -0.7534995079040527 0.1535019874572754
v 1.2171355485916138 -0.754027247428894 0.12893803417682648
v 1.228542685508728 -0.7326636910438538 0.12893883883953094
v 1.228542685508728 -0.7326636910438538 0.12893883883953094
v 1.2276272773742676 -0.7321770787239075 0.15350329875946045
v 1.2162436246871948 -0.7534995079040527 0.1535019874572754
v 1.2162436246871948 -0.7534995079040527 0.1535019874572754
v 1.2171355485916138 -0.754027247428894 0.12893803417682648
v 1.0963599681854248 -0.686955988407135 0.1232530027627945
v 1.0963599681854248 -0.686955988407135 0.1232530027627945
v 1.0955699682235718 -0.6864920258522034 0.14541000127792358
v 1.2162436246871948 -0.7534995079040527 0.1535019874572754
v 1.2276272773742676 -0.7321770787239075 0.15350329875946045
v 1.228542685508728 -0.7326636910438538 0.12893883883953094
v 1.106619954109192 -0.667701005935669 0.1232530027627945
v 1.106619954109192 -0.667701005935669 0.1232530027627945
v 1.1058100461959839 -0.6672719717025757 0.14541000127792358
v 1.2276272773742676 -0.7321770787239075 0.15350329875946045
v 1.0955699682235718 -0.6864920258522034 0.14541000127792358
v 1.1058100461959839 -0.6672719717025757 0.14541000127792358
v 1.2276272773742676 -0.7321770787239075 0.15350329875946045
v 1.2276272773742676 -0.7321770787239075 0.15350329875946045
v 1.2162436246871948 -0.7534995079040527 0.1535019874572754
v 1.0955699682235718 -0.6864920258522034 0.14541000127792358
v 1.0963599681854248 -0.686955988407135 0.1232530027627945
v 1.2171355485916138 -0.754027247428894 0.12893803417682648
v 1.228542685508728 -0.7326636910438538 0.12893883883953094
v 1.228542685508728 -0.7326636910438538 0.12893883883953094
v 1.106619954109192 -0.667701005935669 0.1232530027627945
v 1.0963599681854248 -0.686955988407135 0.1232530027627945
v 1.1060099601745605 -0.666903018951416 0.14541000127792358
v 1.1068099737167358 -0.6673319935798645 0.1232530027627945
v 1.117069959640503 -0.6480770111083984 0.1232530027627945
v 1.117069959640503 -0.6480770111083984 0.1232530027627945
v 1.1162500381469727 -0.6476830244064331 0.14541000127792358
v 1.1060099601745605 -0.666903018951416 0.14541000127792358
v 1.1484425067901611 -0.6895111203193665 0.14822913706302643
v 1.1492797136306763 -0.6899593472480774 0.1252334713935852
v 1.1599258184432983 -0.669964075088501 0.1252332180738449
v 1.1599258184432983 -0.669964075088501 0.1252332180738449
v 1.1590681076049805 -0.6695519685745239 0.1482287496328354
v 1.1484425067901611 -0.6895111203193665 0.14822913706302643
v 1.1484425067901611 -0.6895111203193665 0.14822913706302643
v 1.1492797136306763 -0.6899593472480774 0.1252334713935852
v 1.1068099737167358 -0.6673319935798645 0.1232530027627945
v 1.1068099737167358 -0.6673319935798645 0.1232530027627945
v 1.1060099601745605 -0.666903018951416 0.14541000127792358
v 1.1484425067901611 -0.6895111203193665 0.14822913706302643
v 1.1590681076049805 -0.6695519685745239 0.1482287496328354
v 1.1599258184432983 -0.669964075088501 0.1252332180738449
v 1.117069959640503 -0.6480770111083984 0.1232530027627945
v 1.117069959640503 -0.6480770111083984 0.1232530027627945
v 1.1162500381469727 -0.6476830244064331 0.14541000127792358
v 1.1590681076049805 -0.6695519685745239 0.1482287496328354
v 1.1060099601745605 -0.666903018951416 0.14541000127792358
v 1.1162500381469727 -0.6476830244064331 0.14541000127792358
v 1.1590681076049805 -0.6695519685745239 0.1482287496328354
v 1.1590681076049805 -0.6695519685745239 0.1482287496328354
v 1.1484425067901611 -0.6895111203193665 0.14822913706302643
v 1.1060099601745605 -0.666903018951416 0.14541000127792358
v 1.1068099737167358 -0.6673319935798645 0.1232530027627945
v 1.1492797136306763 -0.6899593472480774 0.1252334713935852
v 1.1599258184432983 -0.669964075088501 0.1252332180738449
v 1.1599258184432983 -0.669964075088501 0.1252332180738449
v 1.117069959640503 -0.6480770111083984 0.1232530027627945
v 1.1068099737167358 -0.6673319935798645 0.1232530027627945
v 1.1210800409317017 -0.6438369750976562 0.14541000127792358
v 1.121880054473877 -0.6442729830741882 0.1232530027627945
v 1.1314599514007568 -0.6246740221977234 0.1232530027627945
v 1.1314599514007568 -0.6246740221977234 0.1232530027627945
v 1.1306400299072266 -0.6242740154266357 0.14541000127792358
v 1.1210800409317017 -0.6438369750976562 0.14541000127792358
v 1.1563796997070312 -0.6618677377700806 0.1477339118719101
v 1.1572102308273315 -0.6623197197914124 0.12488556653261185
v 1.1670984029769897 -0.6421040892601013 0.12488576769828796
v 1.1670984029769897 -0.6421040892601013 0.12488576769828796
v 1.1662474870681763 -0.6416890025138855 0.14773418009281158
v 1.1563796997070312 -0.6618677377700806 0.1477339118719101
v 1.1563796997070312 -0.6618677377700806 0.1477339118719101
v 1.1572102308273315 -0.6623197197914124 0.12488556653261185
v 1.121880054473877 -0.6442729830741882 0.1232530027627945
v 1.121880054473877 -0.6442729830741882 0.1232530027627945
v 1.1210800409317017 -0.6438369750976562 0.14541000127792358
v 1.1563796997070312 -0.6618677377700806 0.1477339118719101
v 1.1662474870681763 -0.6416890025138855 0.14773418009281158
v 1.1670984029769897 -0.6421040892601013 0.12488576769828796
v 1.1314599514007568 -0.6246740221977234 0.1232530027627945
v 1.1314599514007568 -0.6246740221977234 0.1232530027627945
v 1.1306400299072266 -0.6242740154266357 0.14541000127792358
v 1.1662474870681763 -0.6416890025138855 0.14773418009281158
v 1.1210800409317017 -0.6438369750976562 0.14541000127792358
v 1.1306400299072266 -0.6242740154266357 0.14541000127792358
v 1.1662474870681763 -0.6416890025138855 0.14773418009281158
v 1.1662474870681763 -0.6416890025138855 0.14773418009281158
v 1.1563796997070312 -0.6618677377700806 0.1477339118719101
v 1.1210800409317017 -0.6438369750976562 0.14541000127792358
v 1.121880054473877 -0.6442729830741882 0.1232530027627945
v 1.1572102308273315 -0.6623197197914124 0.12488556653261185
v 1.1670984029769897 -0.6421040892601013 0.12488576769828796
v 1.1670984029769897 -0.6421040892601013 0.12488576769828796
v 1.1314599514007568 -0.6246740221977234 0.1232530027627945
v 1.121880054473877 -0.6442729830741882 0.1232530027627945
v 1.1308300495147705 -0.6238970160484314 0.14541000127792358
v 1.1316499710083008 -0.6242979764938354 0.1232530027627945
v 1.1412299871444702 -0.6046990156173706 0.1232530027627945
v 1.1412299871444702 -0.6046990156173706 0.1232530027627945
v 1.1404000520706177 -0.6043339967727661 0.14541000127792358
v 1.1308300495147705 -0.6238970160484314 0.14541000127792358
v 1.2113932371139526 -0.6632991433143616 0.15066854655742645
v 1.212282657623291 -0.6637358665466309 0.1269473433494568
v 1.2225359678268433 -0.6427295207977295 0.12694670259952545
v 1.2225359678268433 -0.6427295207977295 0.12694670259952545
v 1.2216346263885498 -0.6423327922821045 0.15066775679588318
v 1.2113932371139526 -0.6632991433143616 0.15066854655742645
v 1.2113932371139526 -0.6632991433143616 0.15066854655742645
v 1.212282657623291 -0.6637358665466309 0.1269473433494568
v 1.1316499710083008 -0.6242979764938354 0.1232530027627945
v 1.1316499710083008 -0.6242979764938354 0.1232530027627945
v 1.1308300495147705 -0.6238970160484314 0.14541000127792358
v 1.2113932371139526 -0.6632991433143616 0.15066854655742645
v 1.2216346263885498 -0.6423327922821045 0.15066775679588318
v 1.2225359678268433 -0.6427295207977295 0.12694670259952545
v 1.1412299871444702 -0.6046990156173706 0.1232530027627945
v 1.1412299871444702 -0.6046990156173706 0.1232530027627945
v 1.1404000520706177 -0.6043339967727661 0.14541000127792358
v 1.2216346263885498 -0.6423327922821045 0.15066775679588318
v 1.1308300495147705 -0.6238970160484314 0.14541000127792358
v 1.1404000520706177 -0.6043339967727661 0.14541000127792358
v 1.2216346263885498 -0.6423327922821045 0.15066775679588318
v 1.2216346263885498 -0.6423327922821045 0.15066775679588318
v 1.2113932371139526 -0.6632991433143616 0.15066854655742645
v 1.1308300495147705 -0.6238970160484314 0.14541000127792358
v 1.1316499710083008 -0.6242979764938354 0.1232530027627945
v 1.212282657623291 -0.6637358665466309 0.1269473433494568
v 1.2225359678268433 -0.6427295207977295 0.12694670259952545
v 1.2225359678268433 -0.6427295207977295 0.12694670259952545
v 1.1412299871444702 -0.6046990156173706 0.1232530027627945
v 1.1316499710083008 -0.6242979764938354 0.1232530027627945
v 1.142699956893921 -0.6048039793968201 0.14541000127792358
v 1.1435199975967407 -0.6052129864692688 0.1232530027627945
v 1.1524100303649902 -0.5852910280227661 0.1232530027627945
v 1.1524100303649902 -0.5852910280227661 0.1232530027627945
v 1.1515799760818481 -0.5849189758300781 0.14541000127792358
v 1.142699956893921 -0.6048039793968201 0.14541000127792358
v 1.1875473260879517 -0.6257694363594055 0.14831237494945526
v 1.1884061098098755 -0.6261972188949585 0.12529195845127106
v 1.1976537704467773 -0.6054924130439758 0.12529224157333374
v 1.1976537704467773 -0.6054924130439758 0.12529224157333374
v 1.1967843770980835 -0.6051028966903687 0.1483127474784851
v 1.1875473260879517 -0.6257694363594055 0.14831237494945526
v 1.1875473260879517 -0.6257694363594055 0.14831237494945526
v 1.1884061098098755 -0.6261972188949585 0.12529195845127106
v 1.1435199975967407 -0.6052129864692688 0.1232530027627945
v 1.1435199975967407 -0.6052129864692688 0.1232530027627945
v 1.142699956893921 -0.6048039793968201 0.14541000127792358
v 1.1875473260879517 -0.6257694363594055 0.14831237494945526
v 1.1967843770980835 -0.6051028966903687 0.1483127474784851
v 1.1976537704467773 -0.6054924130439758 0.12529224157333374
v 1.1524100303649902 -0.5852910280227661 0.1232530027627945
v 1.1524100303649902 -0.5852910280227661 0.1232530027627945
v 1.1515799760818481 -0.5849189758300781 0.14541000127792358
v 1.1967843770980835 -0.6051028966903687 0.1483127474784851
v 1.142699956893921 -0.6048039793968201 0.14541000127792358
v 1.1515799760818481 -0.5849189758300781 0.14541000127792358
v 1.1967843770980835 -0.6051028966903687 0.1483127474784851
v 1.1967843770980835 -0.6051028966903687 0.1483127474784851
v 1.1875473260879517 -0.6257694363594055 0.14831237494945526
v 1.142699956893921 -0.6048039793968201 0.14541000127792358
v 1.1435199975967407 -0.6052129864692688 0.1232530027627945
v 1.1884061098098755 -0.6261972188949585 0.12529195845127106
v 1.1976537704467773 -0.6054924130439758 0.12529224157333374
v 1.1976537704467773 -0.6054924130439758 0.12529224157333374
v 1.1524100303649902 -0.5852910280227661 0.1232530027627945
v 1.1435199975967407 -0.6052129864692688 0.1232530027627945
v 1.1894099712371826 -0.5037429928779602 0.14541000127792358
v 1.190269947052002 -0.5040559768676758 0.1232530027627945
v 1.1977499723434448 -0.48356199264526367 0.1232530027627945
v 1.1977499723434448 -0.48356199264526367 0.1232530027627945
v 1.1968799829483032 -0.4832859933376312 0.14541000127792358
v 1.1894099712371826 -0.5037429928779602 0.14541000127792358
v 1.232613205909729 -0.5195173621177673 0.14810682833194733
v 1.2335107326507568 -0.5198444724082947 0.12514761090278625
v 1.2412586212158203 -0.4985963702201843 0.1251472383737564
v 1.2412586212158203 -0.4985963702201843 0.1251472383737564
v 1.2403504848480225 -0.4983084201812744 0.1481063812971115
v 1.232613205909729 -0.5195173621177673 0.14810682833194733
v 1.232613205909729 -0.5195173621177673 0.14810682833194733
v 1.2335107326507568 -0.5198444724082947 0.12514761090278625
v 1.190269947052002 -0.5040559768676758 0.1232530027627945
v 1.190269947052002 -0.5040559768676758 0.1232530027627945
v 1.1894099712371826 -0.5037429928779602 0.14541000127792358
v 1.232613205909729 -0.5195173621177673 0.14810682833194733
v 1.2403504848480225 -0.4983084201812744 0.1481063812971115
v 1.2412586212158203 -0.4985963702201843 0.1251472383737564
v 1.1977499723434448 -0.48356199264526367 0.1232530027627945
v 1.1977499723434448 -0.48356199264526367 0.1232530027627945
v 1.1968799829483032 -0.4832859933376312 0.14541000127792358
v 1.2403504848480225 -0.4983084201812744 0.1481063812971115
v 1.1894099712371826 -0.5037429928779602 0.14541000127792358
v 1.1968799829483032 -0.4832859933376312 0.14541000127792358
v 1.2403504848480225 -0.4983084201812744 0.1481063812971115
v 1.2403504848480225 -0.4983084201812744 0.1481063812971115
v 1.232613205909729 -0.5195173621177673 0.14810682833194733
v 1.1894099712371826 -0.5037429928779602 0.14541000127792358
v 1.190269947052002 -0.5040559768676758 0.1232530027627945
v 1.2335107326507568 -0.5198444724082947 0.12514761090278625
v 1.2412586212158203 -0.4985963702201843 0.1251472383737564
v 1.2412586212158203 -0.4985963702201843 0.1251472383737564
v 1.1977499723434448 -0.48356199264526367 0.1232530027627945
v 1.190269947052002 -0.5040559768676758 0.1232530027627945
v 1.0823999643325806 -0.704712986946106 0.16800899803638458
v 1.0835200548171997 -0.7053629755973816 0.14587099850177765
v 1.0944499969482422 -0.6864780187606812 0.14587099850177765
v 1.0944499969482422 -0.6864780187606812 0.14587099850177765
v 1.0932999849319458 -0.6858630180358887 0.16800899803638458
v 1.0823999643325806 -0.704712986946106 0.16800899803638458
v 1.1653461456298828 -0.7526997327804565 0.17530302703380585
v 1.1665644645690918 -0.7534046769142151 0.15149295330047607
v 1.1783161163330078 -0.7330706119537354 0.15149229764938354
v 1.1783161163330078 -0.7330706119537354 0.15149229764938354
v 1.1770676374435425 -0.7324009537696838 0.17530180513858795
v 1.1653461456298828 -0.7526997327804565 0.17530302703380585
v 1.1653461456298828 -0.7526997327804565 0.17530302703380585
v 1.1665644645690918 -0.7534046769142151 0.15149295330047607
v 1.0835200548171997 -0.7053629755973816 0.14587099850177765
v 1.0835200548171997 -0.7053629755973816 0.14587099850177765
v 1.0823999643325806 -0.704712986946106 0.16800899803638458
v 1.1653461456298828 -0.7526997327804565 0.17530302703380585
v 1.1770676374435425 -0.7324009537696838 0.17530180513858795
v 1.1783161163330078 -0.7330706119537354 0.15149229764938354
v 1.0944499969482422 -0.6864780187606812 0.14587099850177765
v 1.0944499969482422 -0.6864780187606812 0.14587099850177765
v 1.0932999849319458 -0.6858630180358887 0.16800899803638458
v 1.1770676374435425 -0.7324009537696838 0.17530180513858795
v 1.0823999643325806 -0.704712986946106 0.16800899803638458
v 1.0932999849319458 -0.6858630180358887 0.16800899803638458
v 1.1770676374435425 -0.7324009537696838 0.17530180513858795
v 1.1770676374435425 -0.7324009537696838 0.17530180513858795
v 1.1653461456298828 -0.7526997327804565 0.17530302703380585
v 1.0823999643325806 -0.704712986946106 0.16800899803638458
v 1.0835200548171997 -0.7053629755973816 0.14587099850177765
v 1.1665644645690918 -0.7534046769142151 0.15149295330047607
v 1.1783161163330078 -0.7330706119537354 0.15149229764938354
v 1.1783161163330078 -0.7330706119537354 0.15149229764938354
v 1.0944499969482422 -0.6864780187606812 0.14587099850177765
v 1.0835200548171997 -0.7053629755973816 0.14587099850177765
v 1.0955699682235718 -0.6864920258522034 0.16800899803638458
v 1.0966999530792236 -0.6871370077133179 0.14587099850177765
v 1.1069600582122803 -0.6678820252418518 0.14587099850177765
v 1.1069600582122803 -0.6678820252418518 0.14587099850177765
v 1.1058100461959839 -0.6672719717025757 0.16800899803638458
v 1.0955699682235718 -0.6864920258522034 0.16800899803638458
v 1.4748629331588745 -0.8971171975135803 0.20102693140506744
v 1.4764337539672852 -0.8980182409286499 0.1713208705186844
v 1.490298867225647 -0.8721358180046082 0.17132540047168732
v 1.490298867225647 -0.8721358180046082 0.17132540047168732
v 1.4887017011642456 -0.8712810277938843 0.20103229582309723
v 1.4748629331588745 -0.8971171975135803 0.20102693140506744
v 1.4748629331588745 -0.8971171975135803 0.20102693140506744
v 1.4764337539672852 -0.8980182409286499 0.1713208705186844
v 1.0966999530792236 -0.6871370077133179 0.14587099850177765
v 1.0966999530792236 -0.6871370077133179 0.14587099850177765
v 1.0955699682235718 -0.6864920258522034 0.16800899803638458
v 1.4748629331588745 -0.8971171975135803 0.20102693140506744
v 1.4887017011642456 -0.8712810277938843 0.20103229582309723
v 1.490298867225647 -0.8721358180046082 0.17132540047168732
v 1.1069600582122803 -0.6678820252418518 0.14587099850177765
v 1.1069600582122803 -0.6678820252418518 0.14587099850177765
v 1.1058100461959839 -0.6672719717025757 0.16800899803638458
v 1.4887017011642456 -0.8712810277938843 0.20103229582309723
v 1.0955699682235718 -0.6864920258522034 0.16800899803638458
v 1.1058100461959839 -0.6672719717025757 0.16800899803638458
v 1.4887017011642456 -0.8712810277938843 0.20103229582309723
v 1.4887017011642456 -0.8712810277938843 0.20103229582309723
v 1.4748629331588745 -0.8971171975135803 0.20102693140506744
v 1.0955699682235718 -0.6864920258522034 0.16800899803638458
v 1.0966999530792236 -0.6871370077133179 0.14587099850177765
v 1.4764337539672852 -0.8980182409286499 0.1713208705186844
v 1.490298867225647 -0.8721358180046082 0.17132540047168732
v 1.490298867225647 -0.8721358180046082 0.17132540047168732
v 1.1069600582122803 -0.6678820252418518 0.14587099850177765
v 1.0966999530792236 -0.6871370077133179 0.14587099850177765
v 1.1210800409317017 -0.6438369750976562 0.16800899803638458
v 1.1222200393676758 -0.6444429755210876 0.14587099850177765
v 1.131809949874878 -0.6248440146446228 0.14587099850177765
v 1.131809949874878 -0.6248440146446228 0.14587099850177765
v 1.1306400299072266 -0.6242740154266357 0.16800899803638458
v 1.1210800409317017 -0.6438369750976562 0.16800899803638458
v 1.22751784324646 -0.6982068419456482 0.1771053820848465
v 1.2287837266921997 -0.698875367641449 0.15288197994232178
v 1.2393031120300293 -0.6774169206619263 0.1528831273317337
v 1.2393031120300293 -0.6774169206619263 0.1528831273317337
v 1.2380071878433228 -0.6767846941947937 0.17710642516613007
v 1.22751784324646 -0.6982068419456482 0.1771053820848465
v 1.22751784324646 -0.6982068419456482 0.1771053820848465
v 1.2287837266921997 -0.698875367641449 0.15288197994232178
v 1.1222200393676758 -0.6444429755210876 0.14587099850177765
v 1.1222200393676758 -0.6444429755210876 0.14587099850177765
v 1.1210800409317017 -0.6438369750976562 0.16800899803638458
v 1.22751784324646 -0.6982068419456482 0.1771053820848465
v 1.2380071878433228 -0.6767846941947937 0.17710642516613007
v 1.2393031120300293 -0.6774169206619263 0.1528831273317337
v 1.131809949874878 -0.6248440146446228 0.14587099850177765
v 1.131809949874878 -0.6248440146446228 0.14587099850177765
v 1.1306400299072266 -0.6242740154266357 0.16800899803638458
v 1.2380071878433228 -0.6767846941947937 0.17710642516613007
v 1.1210800409317017 -0.6438369750976562 0.16800899803638458
v 1.1306400299072266 -0.6242740154266357 0.16800899803638458
v 1.2380071878433228 -0.6767846941947937 0.17710642516613007
v 1.2380071878433228 -0.6767846941947937 0.17710642516613007
v 1.22751784324646 -0.6982068419456482 0.1771053820848465
v 1.1210800409317017 -0.6438369750976562 0.16800899803638458
v 1.1222200393676758 -0.6444429755210876 0.14587099850177765
v 1.2287837266921997 -0.698875367641449 0.15288197994232178
v 1.2393031120300293 -0.6774169206619263 0.1528831273317337
v 1.2393031120300293 -0.6774169206619263 0.1528831273317337
v 1.131809949874878 -0.6248440146446228 0.14587099850177765
v 1.1222200393676758 -0.6444429755210876 0.14587099850177765
v 1.142699956893921 -0.6048039793968201 0.16800899803638458
v 1.1438699960708618 -0.6053699851036072 0.14587099850177765
v 1.1527600288391113 -0.5854480266571045 0.14587099850177765
v 1.1527600288391113 -0.5854480266571045 0.14587099850177765
v 1.1515799760818481 -0.5849189758300781 0.16800899803638458
v 1.142699956893921 -0.6048039793968201 0.16800899803638458
v 1.2161974906921387 -0.6391640901565552 0.17418353259563446
v 1.2174533605575562 -0.6397712826728821 0.15063023567199707
v 1.2269303798675537 -0.6185646653175354 0.1506309062242508
v 1.2269303798675537 -0.6185646653175354 0.1506309062242508
v 1.2256629467010498 -0.6179977655410767 0.17418457567691803
v 1.2161974906921387 -0.6391640901565552 0.17418353259563446
v 1.2161974906921387 -0.6391640901565552 0.17418353259563446
v 1.2174533605575562 -0.6397712826728821 0.15063023567199707
v 1.1438699960708618 -0.6053699851036072 0.14587099850177765
v 1.1438699960708618 -0.6053699851036072 0.14587099850177765
v 1.142699956893921 -0.6048039793968201 0.16800899803638458
v 1.2161974906921387 -0.6391640901565552 0.17418353259563446
v 1.2256629467010498 -0.6179977655410767 0.17418457567691803
v 1.2269303798675537 -0.6185646653175354 0.1506309062242508
v 1.1527600288391113 -0.5854480266571045 0.14587099850177765
v 1.1527600288391113 -0.5854480266571045 0.14587099850177765
v 1.1515799760818481 -0.5849189758300781 0.16800899803638458
v 1.2256629467010498 -0.6179977655410767 0.17418457567691803
v 1.142699956893921 -0.6048039793968201 0.16800899803638458
v 1.1515799760818481 -0.5849189758300781 0.16800899803638458
v 1.2256629467010498 -0.6179977655410767 0.17418457567691803
v 1.2256629467010498 -0.6179977655410767 0.17418457567691803
v 1.2161974906921387 -0.6391640901565552 0.17418353259563446
v 1.142699956893921 -0.6048039793968201 0.16800899803638458
v 1.1438699960708618 -0.6053699851036072 0.14587099850177765
v 1.2174533605575562 -0.6397712826728821 0.15063023567199707
v 1.2269303798675537 -0.6185646653175354 0.1506309062242508
v 1.2269303798675537 -0.6185646653175354 0.1506309062242508
v 1.1527600288391113 -0.5854480266571045 0.14587099850177765
v 1.1438699960708618 -0.6053699851036072 0.14587099850177765
v 1.1517499685287476 -0.5845360159873962 0.16800899803638458
v 1.152940034866333 -0.5850650072097778 0.14587099850177765
v 1.161829948425293 -0.5651429891586304 0.14587099850177765
v 1.161829948425293 -0.5651429891586304 0.14587099850177765
v 1.1606299877166748 -0.5646510124206543 0.16800899803638458
v 1.1517499685287476 -0.5845360159873962 0.16800899803638458
v 1.4901832342147827 -0.7356497049331665 0.19622091948986053
v 1.491769552230835 -0.7363592982292175 0.16761653125286102
v 1.5032391548156738 -0.7105230689048767 0.16761304438114166
v 1.5032391548156738 -0.7105230689048767 0.16761304438114166
v 1.501638412475586 -0.7098610997200012 0.19621606171131134
v 1.4901832342147827 -0.7356497049331665 0.19622091948986053
v 1.4901832342147827 -0.7356497049331665 0.19622091948986053
v 1.491769552230835 -0.7363592982292175 0.16761653125286102
v 1.152940034866333 -0.5850650072097778 0.14587099850177765
v 1.152940034866333 -0.5850650072097778 0.14587099850177765
v 1.1517499685287476 -0.5845360159873962 0.16800899803638458
v 1.4901832342147827 -0.7356497049331665 0.19622091948986053
v 1.501638412475586 -0.7098610997200012 0.19621606171131134
v 1.5032391548156738 -0.7105230689048767 0.16761304438114166
v 1.161829948425293 -0.5651429891586304 0.14587099850177765
v 1.161829948425293 -0.5651429891586304 0.14587099850177765
v 1.1606299877166748 -0.5646510124206543 0.16800899803638458
v 1.501638412475586 -0.7098610997200012 0.19621606171131134
v 1.1517499685287476 -0.5845360159873962 0.16800899803638458
v 1.1606299877166748 -0.5646510124206543 0.16800899803638458
v 1.501638412475586 -0.7098610997200012 0.19621606171131134
v 1.501638412475586 -0.7098610997200012 0.19621606171131134
v 1.4901832342147827 -0.7356497049331665 0.19622091948986053
v 1.1517499685287476 -0.5845360159873962 0.16800899803638458
v 1.152940034866333 -0.5850650072097778 0.14587099850177765
v 1.491769552230835 -0.7363592982292175 0.16761653125286102
v 1.5032391548156738 -0.7105230689048767 0.16761304438114166
v 1.5032391548156738 -0.7105230689048767 0.16761304438114166
v 1.161829948425293 -0.5651429891586304 0.14587099850177765
v 1.152940034866333 -0.5850650072097778 0.14587099850177765
v 1.1818000078201294 -0.5245929956436157 0.16800899803638458
v 1.1829999685287476 -0.5250759720802307 0.14587099850177765
v 1.1904799938201904 -0.5045819878578186 0.14587099850177765
v 1.1904799938201904 -0.5045819878578186 0.14587099850177765
v 1.18927001953125 -0.5041369795799255 0.16800899803638458
v 1.1818000078201294 -0.5245929956436157 0.16800899803638458
v 1.3179478645324707 -0.5770012140274048 0.17911182343959808
v 1.3193073272705078 -0.5775470733642578 0.15442876517772675
v 1.327678918838501 -0.5546753406524658 0.15443003177642822
v 1.327678918838501 -0.5546753406524658 0.15443003177642822
v 1.326307773590088 -0.5541717410087585 0.17911334335803986
v 1.3179478645324707 -0.5770012140274048 0.17911182343959808
v 1.3179478645324707 -0.5770012140274048 0.17911182343959808
v 1.3193073272705078 -0.5775470733642578 0.15442876517772675
v 1.1829999685287476 -0.5250759720802307 0.14587099850177765
v 1.1829999685287476 -0.5250759720802307 0.14587099850177765
v 1.1818000078201294 -0.5245929956436157 0.16800899803638458
v 1.3179478645324707 -0.5770012140274048 0.17911182343959808
v 1.326307773590088 -0.5541717410087585 0.17911334335803986
v 1.327678918838501 -0.5546753406524658 0.15443003177642822
v 1.1904799938201904 -0.5045819878578186 0.14587099850177765
v 1.1904799938201904 -0.5045819878578186 0.14587099850177765
v 1.18927001953125 -0.5041369795799255 0.16800899803638458
v 1.326307773590088 -0.5541717410087585 0.17911334335803986
v 1.1818000078201294 -0.5245929956436157 0.16800899803638458
v 1.18927001953125 -0.5041369795799255 0.16800899803638458
v 1.326307773590088 -0.5541717410087585 0.17911334335803986
v 1.326307773590088 -0.5541717410087585 0.17911334335803986
v 1.3179478645324707 -0.5770012140274048 0.17911182343959808
v 1.1818000078201294 -0.5245929956436157 0.16800899803638458
v 1.1829999685287476 -0.5250759720802307 0.14587099850177765
v 1.3193073272705078 -0.5775470733642578 0.15442876517772675
v 1.327678918838501 -0.5546753406524658 0.15443003177642822
v 1.327678918838501 -0.5546753406524658 0.15443003177642822
v 1.1904799938201904 -0.5045819878578186 0.14587099850177765
v 1.1829999685287476 -0.5250759720802307 0.14587099850177765
v 1.1210800409317017 -0.6438369750976562 0.19063399732112885
v 1.1225700378417969 -0.6446120142936707 0.16852200031280518
v 1.1321500539779663 -0.625012993812561 0.16852200031280518
v 1.1321500539779663 -0.625012993812561 0.16852200031280518
v 1.1306400299072266 -0.6242740154266357 0.19063399732112885
v 1.1210800409317017 -0.6438369750976562 0.19063399732112885
v 1.2190335988998413 -0.6938750147819519 0.2009335607290268
v 1.2206681966781616 -0.6947249174118042 0.17690208554267883
v 1.2311058044433594 -0.673410177230835 0.1769031286239624
v 1.2311058044433594 -0.673410177230835 0.1769031286239624
v 1.2294498682022095 -0.6725988984107971 0.20093472301959991
v 1.2190335988998413 -0.6938750147819519 0.2009335607290268
v 1.2190335988998413 -0.6938750147819519 0.2009335607290268
v 1.2206681966781616 -0.6947249174118042 0.17690208554267883
v 1.1225700378417969 -0.6446120142936707 0.16852200031280518
v 1.1225700378417969 -0.6446120142936707 0.16852200031280518
v 1.1210800409317017 -0.6438369750976562 0.19063399732112885
v 1.2190335988998413 -0.6938750147819519 0.2009335607290268
v 1.2294498682022095 -0.6725988984107971 0.20093472301959991
v 1.2311058044433594 -0.673410177230835 0.1769031286239624
v 1.1321500539779663 -0.625012993812561 0.16852200031280518
v 1.1321500539779663 -0.625012993812561 0.16852200031280518
v 1.1306400299072266 -0.6242740154266357 0.19063399732112885
v 1.2294498682022095 -0.6725988984107971 0.20093472301959991
v 1.1210800409317017 -0.6438369750976562 0.19063399732112885
v 1.1306400299072266 -0.6242740154266357 0.19063399732112885
v 1.2294498682022095 -0.6725988984107971 0.20093472301959991
v 1.2294498682022095 -0.6725988984107971 0.20093472301959991
v 1.2190335988998413 -0.6938750147819519 0.2009335607290268
v 1.1210800409317017 -0.6438369750976562 0.19063399732112885
v 1.1225700378417969 -0.6446120142936707 0.16852200031280518
v 1.2206681966781616 -0.6947249174118042 0.17690208554267883
v 1.2311058044433594 -0.673410177230835 0.1769031286239624
v 1.2311058044433594 -0.673410177230835 0.1769031286239624
v 1.1321500539779663 -0.625012993812561 0.16852200031280518
v 1.1225700378417969 -0.6446120142936707 0.16852200031280518
v 1.2868200540542603 0.1115809977054596 0.25887200236320496
v 1.289639949798584 0.11197499930858612 0.23675599694252014
v 1.286620020866394 0.13361600041389465 0.23675599694252014
v 1.286620020866394 0.13361600041389465 0.23675599694252014
v 1.283810019493103 0.13314899802207947 0.25887200236320496
v 1.2868200540542603 0.1115809977054596 0.25887200236320496
v 1.3242238759994507 0.1168031319975853 0.2643989324569702
v 1.327132225036621 0.11720950901508331 0.2416340410709381
v 1.3240164518356323 0.13949692249298096 0.24163323640823364
v 1.3240164518356323 0.13949692249298096 0.24163323640823364
v 1.3211183547973633 0.13901551067829132 0.26439806818962097
v 1.3242238759994507 0.1168031319975853 0.2643989324569702
v 1.3242238759994507 0.1168031319975853 0.2643989324569702
v 1.327132225036621 0.11720950901508331 0.2416340410709381
v 1.289639949798584 0.11197499930858612 0.23675599694252014
v 1.289639949798584 0.11197499930858612 0.23675599694252014
v 1.2868200540542603 0.1115809977054596 0.25887200236320496
v 1.3242238759994507 0.1168031319975853 0.2643989324569702
v 1.3211183547973633 0.13901551067829132 0.26439806818962097
v 1.3240164518356323 0.13949692249298096 0.24163323640823364
v 1.286620020866394 0.13361600041389465 0.23675599694252014
v 1.286620020866394 0.13361600041389465 0.23675599694252014
v 1.283810019493103 0.13314899802207947 0.25887200236320496
v 1.3211183547973633 0.13901551067829132 0.26439806818962097
v 1.2868200540542603 0.1115809977054596 0.25887200236320496
v 1.283810019493103 0.13314899802207947 0.25887200236320496
v 1.3211183547973633 0.13901551067829132 0.26439806818962097
v 1.3211183547973633 0.13901551067829132 0.26439806818962097
v 1.3242238759994507 0.1168031319975853 0.2643989324569702
v 1.2868200540542603 0.1115809977054596 0.25887200236320496
v 1.289639949798584 0.11197499930858612 0.23675599694252014
v 1.327132225036621 0.11720950901508331 0.2416340410709381
v 1.3240164518356323 0.13949692249298096 0.24163323640823364
v 1.3240164518356323 0.13949692249298096 0.24163323640823364
v 1.286620020866394 0.13361600041389465 0.23675599694252014
v 1.289639949798584 0.11197499930858612 0.23675599694252014
v -0.9748479723930359 -0.8474509716033936 0.25887200236320496
v -0.9768990278244019 -0.8494279980659485 0.23675599694252014
v -0.9617360234260559 -0.8651610016822815 0.23675599694252014
v -0.9617360234260559 -0.8651610016822815 0.23675599694252014
v -0.9597349762916565 -0.8631309866905212 0.25887200236320496
v -0.9748479723930359 -0.8474509716033936 0.25887200236320496
v -1.002395749092102 -0.8740015029907227 0.2644710838794708
v -1.0045113563537598 -0.876041829586029 0.2416977435350418
v -0.9888852834701538 -0.892247200012207 0.24169690907001495
v -0.9888852834701538 -0.892247200012207 0.24169690907001495
v -0.9868203997612 -0.890153169631958 0.26447024941444397
v -1.002395749092102 -0.8740015029907227 0.2644710838794708
v -1.002395749092102 -0.8740015029907227 0.2644710838794708
v -1.0045113563537598 -0.876041829586029 0.2416977435350418
v -0.9768990278244019 -0.8494279980659485 0.23675599694252014
v -0.9768990278244019 -0.8494279980659485 0.23675599694252014
v -0.9748479723930359 -0.8474509716033936 0.25887200236320496
v -1.002395749092102 -0.8740015029907227 0.2644710838794708
v -0.9868203997612 -0.890153169631958 0.26447024941444397
v -0.9888852834701538 -0.892247200012207 0.24169690907001495
v -0.9617360234260559 -0.8651610016822815 0.23675599694252014
v -0.9617360234260559 -0.8651610016822815 0.23675599694252014
v -0.9597349762916565 -0.8631309866905212 0.25887200236320496
v -0.9868203997612 -0.890153169631958 0.26447024941444397
v -0.9748479723930359 -0.8474509716033936 0.25887200236320496
v -0.9597349762916565 -0.8631309866905212 0.25887200236320496
v -0.9868203997612 -0.890153169631958 0.26447024941444397
v -0.9868203997612 -0.890153169631958 0.26447024941444397
v -1.002395749092102 -0.8740015029907227 0.2644710838794708
v -0.9748479723930359 -0.8474509716033936 0.25887200236320496
v -0.9768990278244019 -0.8494279980659485 0.23675599694252014
v -1.0045113563537598 -0.876041829586029 0.2416977435350418
v -0.9888852834701538 -0.892247200012207 0.24169690907001495
v -0.9888852834701538 -0.892247200012207 0.24169690907001495
v -0.9617360234260559 -0.8651610016822815 0.23675599694252014
v -0.9768990278244019 -0.8494279980659485 0.23675599694252014
v 1.162950038909912 -0.5650410056114197 0.28179600834846497
v 1.165910005569458 -0.5663210153579712 0.2597329914569855
v 1.1741199493408203 -0.5460699796676636 0.2597329914569855
v 1.1741199493408203 -0.5460699796676636 0.2597329914569855
v 1.1711299419403076 -0.5448570251464844 0.28179600834846497
v 1.162950038909912 -0.5650410056114197 0.28179600834846497
v 1.2848045825958252 -0.6168923377990723 0.3034966289997101
v 1.2880892753601074 -0.61831134557724 0.2791565954685211
v 1.297180414199829 -0.5959376692771912 0.27915942668914795
v 1.297180414199829 -0.5959376692771912 0.27915942668914795
v 1.2938629388809204 -0.5945924520492554 0.303499311208725
v 1.2848045825958252 -0.6168923377990723 0.3034966289997101
v 1.2848045825958252 -0.6168923377990723 0.3034966289997101
v 1.2880892753601074 -0.61831134557724 0.2791565954685211
v 1.165910005569458 -0.5663210153579712 0.2597329914569855
v 1.165910005569458 -0.5663210153579712 0.2597329914569855
v 1.162950038909912 -0.5650410056114197 0.28179600834846497
v 1.2848045825958252 -0.6168923377990723 0.3034966289997101
v 1.2938629388809204 -0.5945924520492554 0.303499311208725
v 1.297180414199829 -0.5959376692771912 0.27915942668914795
v 1.1741199493408203 -0.5460699796676636 0.2597329914569855
v 1.1741199493408203 -0.5460699796676636 0.2597329914569855
v 1.1711299419403076 -0.5448570251464844 0.28179600834846497
v 1.2938629388809204 -0.5945924520492554 0.303499311208725
v 1.162950038909912 -0.5650410056114197 0.28179600834846497
v 1.1711299419403076 -0.5448570251464844 0.28179600834846497
v 1.2938629388809204 -0.5945924520492554 0.303499311208725
v 1.2938629388809204 -0.5945924520492554 0.303499311208725
v 1.2848045825958252 -0.6168923377990723 0.3034966289997101
v 1.162950038909912 -0.5650410056114197 0.28179600834846497
v 1.165910005569458 -0.5663210153579712 0.2597329914569855
v 1.2880892753601074 -0.61831134557724 0.2791565954685211
v 1.297180414199829 -0.5959376692771912 0.27915942668914795
v 1.297180414199829 -0.5959376692771912 0.27915942668914795
v 1.1741199493408203 -0.5460699796676636 0.2597329914569855
v 1.165910005569458 -0.5663210153579712 0.2597329914569855
v 1.1308300495147705 -0.6238970160484314 0.3047809898853302
v 1.1340700387954712 -0.6254810094833374 0.28277599811553955
v 1.1436699628829956 -0.6058520078659058 0.28277599811553955
v 1.1436699628829956 -0.6058520078659058 0.28277599811553955
v 1.1404000520706177 -0.6043339967727661 0.3047809898853302
v 1.1308300495147705 -0.6238970160484314 0.3047809898853302
v 1.2599599361419678 -0.6870526671409607 0.3308756351470947
v 1.2635828256607056 -0.6888247132301331 0.3064000606536865
v 1.27426278591156 -0.6669394969940186 0.30639663338661194
v 1.27426278591156 -0.6669394969940186 0.30639663338661194
v 1.2706058025360107 -0.6652419567108154 0.3308723270893097
v 1.2599599361419678 -0.6870526671409607 0.3308756351470947
v 1.2599599361419678 -0.6870526671409607 0.3308756351470947
v 1.2635828256607056 -0.6888247132301331 0.3064000606536865
v 1.1340700387954712 -0.6254810094833374 0.28277599811553955
v 1.1340700387954712 -0.6254810094833374 0.28277599811553955
v 1.1308300495147705 -0.6238970160484314 0.3047809898853302
v 1.2599599361419678 -0.6870526671409607 0.3308756351470947
v 1.2706058025360107 -0.6652419567108154 0.3308723270893097
v 1.27426278591156 -0.6669394969940186 0.30639663338661194
v 1.1436699628829956 -0.6058520078659058 0.28277599811553955
v 1.1436699628829956 -0.6058520078659058 0.28277599811553955
v 1.1404000520706177 -0.6043339967727661 0.3047809898853302
v 1.2706058025360107 -0.6652419567108154 0.3308723270893097
v 1.1308300495147705 -0.6238970160484314 0.3047809898853302
v 1.1404000520706177 -0.6043339967727661 0.3047809898853302
v 1.2706058025360107 -0.6652419567108154 0.3308723270893097
v 1.2706058025360107 -0.6652419567108154 0.3308723270893097
v 1.2599599361419678 -0.6870526671409607 0.3308756351470947
v 1.1308300495147705 -0.6238970160484314 0.3047809898853302
v 1.1340700387954712 -0.6254810094833374 0.28277599811553955
v 1.2635828256607056 -0.6888247132301331 0.3064000606536865
v 1.27426278591156 -0.6669394969940186 0.30639663338661194
v 1.27426278591156 -0.6669394969940186 0.30639663338661194
v 1.1436699628829956 -0.6058520078659058 0.28277599811553955
v 1.1340700387954712 -0.6254810094833374 0.28277599811553955
v 1.162950038909912 -0.5650410056114197 0.3047809898853302
v 1.166260004043579 -0.5664629936218262 0.28277599811553955
v 1.1744699478149414 -0.5462110042572021 0.28277599811553955
v 1.1744699478149414 -0.5462110042572021 0.28277599811553955
v 1.1711299419403076 -0.5448570251464844 0.3047809898853302
v 1.162950038909912 -0.5650410056114197 0.3047809898853302
v 1.3240214586257935 -0.633588969707489 0.3365537226200104
v 1.32780921459198 -0.6352149844169617 0.31153976917266846
v 1.3371870517730713 -0.6121494770050049 0.31154388189315796
v 1.3371870517730713 -0.6121494770050049 0.31154388189315796
v 1.333364486694336 -0.6106023788452148 0.33655887842178345
v 1.3240214586257935 -0.633588969707489 0.3365537226200104
v 1.3240214586257935 -0.633588969707489 0.3365537226200104
v 1.32780921459198 -0.6352149844169617 0.31153976917266846
v 1.166260004043579 -0.5664629936218262 0.28277599811553955
v 1.166260004043579 -0.5664629936218262 0.28277599811553955
v 1.162950038909912 -0.5650410056114197 0.3047809898853302
v 1.3240214586257935 -0.633588969707489 0.3365537226200104
v 1.333364486694336 -0.6106023788452148 0.33655887842178345
v 1.3371870517730713 -0.6121494770050049 0.31154388189315796
v 1.1744699478149414 -0.5462110042572021 0.28277599811553955
v 1.1744699478149414 -0.5462110042572021 0.28277599811553955
v 1.1711299419403076 -0.5448570251464844 0.3047809898853302
v 1.333364486694336 -0.6106023788452148 0.33655887842178345
v 1.162950038909912 -0.5650410056114197 0.3047809898853302
v 1.1711299419403076 -0.5448570251464844 0.3047809898853302
v 1.333364486694336 -0.6106023788452148 0.33655887842178345
v 1.333364486694336 -0.6106023788452148 0.33655887842178345
v 1.3240214586257935 -0.633588969707489 0.3365537226200104
v 1.162950038909912 -0.5650410056114197 0.3047809898853302
v 1.166260004043579 -0.5664629936218262 0.28277599811553955
v 1.32780921459198 -0.6352149844169617 0.31153976917266846
v 1.3371870517730713 -0.6121494770050049 0.31154388189315796
v 1.3371870517730713 -0.6121494770050049 0.31154388189315796
v 1.1744699478149414 -0.5462110042572021 0.28277599811553955
v 1.166260004043579 -0.5664629936218262 0.28277599811553955
v 0.7225369811058044 -1.0722800493240356 0.32783401012420654
v 0.7249280214309692 -1.0754599571228027 0.30589398741722107
v 0.7421590089797974 -1.0620299577713013 0.30589398741722107
v 0.7421590089797974 -1.0620299577713013 0.30589398741722107
v 0.7397099733352661 -1.0588899850845337 0.32783401012420654
v 0.7225369811058044 -1.0722800493240356 0.32783401012420654
v 0.7418085932731628 -1.0978991985321045 0.3342219591140747
v 0.744262158870697 -1.101163387298584 0.3117307126522064
v 0.7619379758834839 -1.0873925685882568 0.31173157691955566
v 0.7619379758834839 -1.0873925685882568 0.31173157691955566
v 0.759424090385437 -1.0841701030731201 0.334222674369812
v 0.7418085932731628 -1.0978991985321045 0.3342219591140747
v 0.7418085932731628 -1.0978991985321045 0.3342219591140747
v 0.744262158870697 -1.101163387298584 0.3117307126522064
v 0.7249280214309692 -1.0754599571228027 0.30589398741722107
v 0.7249280214309692 -1.0754599571228027 0.30589398741722107
v 0.7225369811058044 -1.0722800493240356 0.32783401012420654
v 0.7418085932731628 -1.0978991985321045 0.3342219591140747
v 0.759424090385437 -1.0841701030731201 0.334222674369812
v 0.7619379758834839 -1.0873925685882568 0.31173157691955566
v 0.7421590089797974 -1.0620299577713013 0.30589398741722107
v 0.7421590089797974 -1.0620299577713013 0.30589398741722107
v 0.7397099733352661 -1.0588899850845337 0.32783401012420654
v 0.759424090385437 -1.0841701030731201 0.334222674369812
v 0.7225369811058044 -1.0722800493240356 0.32783401012420654
v 0.7397099733352661 -1.0588899850845337 0.32783401012420654
v 0.759424090385437 -1.0841701030731201 0.334222674369812
v 0.759424090385437 -1.0841701030731201 0.334222674369812
v 0.7418085932731628 -1.0978991985321045 0.3342219591140747
v 0.7225369811058044 -1.0722800493240356 0.32783401012420654
v 0.7249280214309692 -1.0754599571228027 0.30589398741722107
v 0.744262158870697 -1.101163387298584 0.3117307126522064
v 0.7619379758834839 -1.0873925685882568 0.31173157691955566
v 0.7619379758834839 -1.0873925685882568 0.31173157691955566
v 0.7421590089797974 -1.0620299577713013 0.30589398741722107
v 0.7249280214309692 -1.0754599571228027 0.30589398741722107
v 1.1308300495147705 -0.6238970160484314 0.32783401012420654
v 1.1344000101089478 -0.6256470084190369 0.30589398741722107
v 1.1440099477767944 -0.606016993522644 0.30589398741722107
v 1.1440099477767944 -0.606016993522644 0.30589398741722107
v 1.1404000520706177 -0.6043339967727661 0.32783401012420654
v 1.1308300495147705 -0.6238970160484314 0.32783401012420654
v 1.1646238565444946 -0.640424907207489 0.3353308141231537
v 1.1683048009872437 -0.6422284841537476 0.3127438426017761
v 1.1781978607177734 -0.622006893157959 0.31274324655532837
v 1.1781978607177734 -0.622006893157959 0.31274324655532837
v 1.1744763851165771 -0.6202717423439026 0.3353298604488373
v 1.1646238565444946 -0.640424907207489 0.3353308141231537
v 1.1646238565444946 -0.640424907207489 0.3353308141231537
v 1.1683048009872437 -0.6422284841537476 0.3127438426017761
v 1.1344000101089478 -0.6256470084190369 0.30589398741722107
v 1.1344000101089478 -0.6256470084190369 0.30589398741722107
v 1.1308300495147705 -0.6238970160484314 0.32783401012420654
v 1.1646238565444946 -0.640424907207489 0.3353308141231537
v 1.1744763851165771 -0.6202717423439026 0.3353298604488373
v 1.1781978607177734 -0.622006893157959 0.31274324655532837
v 1.1440099477767944 -0.606016993522644 0.30589398741722107
v 1.1440099477767944 -0.606016993522644 0.30589398741722107
v 1.1404000520706177 -0.6043339967727661 0.32783401012420654
v 1.1744763851165771 -0.6202717423439026 0.3353298604488373
v 1.1308300495147705 -0.6238970160484314 0.32783401012420654
v 1.1404000520706177 -0.6043339967727661 0.32783401012420654
v 1.1744763851165771 -0.6202717423439026 0.3353298604488373
v 1.1744763851165771 -0.6202717423439026 0.3353298604488373
v 1.1646238565444946 -0.640424907207489 0.3353308141231537
v 1.1308300495147705 -0.6238970160484314 0.32783401012420654
v 1.1344000101089478 -0.6256470084190369 0.30589398741722107
v 1.1683048009872437 -0.6422284841537476 0.3127438426017761
v 1.1781978607177734 -0.622006893157959 0.31274324655532837
v 1.1781978607177734 -0.622006893157959 0.31274324655532837
v 1.1440099477767944 -0.606016993522644 0.30589398741722107
v 1.1344000101089478 -0.6256470084190369 0.30589398741722107
v 1.162950038909912 -0.5650410056114197 0.3743079900741577
v 1.1673200130462646 -0.5669260025024414 0.35239800810813904
v 1.1755399703979492 -0.5466439723968506 0.35239800810813904
v 1.1755399703979492 -0.5466439723968506 0.35239800810813904
v 1.1711299419403076 -0.5448579788208008 0.3743079900741577
v 1.162950038909912 -0.5650410056114197 0.3743079900741577
v 1.2116923332214355 -0.5857731103897095 0.3867405951023102
v 1.2162468433380127 -0.5877377986907959 0.3639407157897949
v 1.2248165607452393 -0.566612720489502 0.36394232511520386
v 1.2248165607452393 -0.566612720489502 0.36394232511520386
v 1.2202202081680298 -0.564751148223877 0.3867424428462982
v 1.2116923332214355 -0.5857731103897095 0.3867405951023102
v 1.2116923332214355 -0.5857731103897095 0.3867405951023102
v 1.2162468433380127 -0.5877377986907959 0.3639407157897949
v 1.1673200130462646 -0.5669260025024414 0.35239800810813904
v 1.1673200130462646 -0.5669260025024414 0.35239800810813904
v 1.162950038909912 -0.5650410056114197 0.3743079900741577
v 1.2116923332214355 -0.5857731103897095 0.3867405951023102
v 1.2202202081680298 -0.564751148223877 0.3867424428462982
v 1.2248165607452393 -0.566612720489502 0.36394232511520386
v 1.1755399703979492 -0.5466439723968506 0.35239800810813904
v 1.1755399703979492 -0.5466439723968506 0.35239800810813904
v 1.1711299419403076 -0.5448579788208008 0.3743079900741577
v 1.2202202081680298 -0.564751148223877 0.3867424428462982
v 1.162950038909912 -0.5650410056114197 0.3743079900741577
v 1.1711299419403076 -0.5448579788208008 0.3743079900741577
v 1.2202202081680298 -0.564751148223877 0.3867424428462982
v 1.2202202081680298 -0.564751148223877 0.3867424428462982
v 1.2116923332214355 -0.5857731103897095 0.3867405951023102
v 1.162950038909912 -0.5650410056114197 0.3743079900741577
v 1.1673200130462646 -0.5669260025024414 0.35239800810813904
v 1.2162468433380127 -0.5877377986907959 0.3639407157897949
v 1.2248165607452393 -0.566612720489502 0.36394232511520386
v 1.2248165607452393 -0.566612720489502 0.36394232511520386
v 1.1755399703979492 -0.5466439723968506 0.35239800810813904
v 1.1673200130462646 -0.5669260025024414 0.35239800810813904
v 1.247230052947998 0.33580198884010315 0.3977319896221161
v 1.2521100044250488 0.33737999200820923 0.37590500712394714
v 1.2453700304031372 0.35819900035858154 0.37590500712394714
v 1.2453700304031372 0.35819900035858154 0.37590500712394714
v 1.240530014038086 0.35652101039886475 0.3977319896221161
v 1.247230052947998 0.33580198884010315 0.3977319896221161
v 1.2955353260040283 0.3514416217803955 0.4105517268180847
v 1.3006130456924438 0.35308367013931274 0.38787126541137695
v 1.293595552444458 0.3747364580631256 0.38786962628364563
v 1.293595552444458 0.3747364580631256 0.38786962628364563
v 1.2885589599609375 0.3729906380176544 0.4105502665042877
v 1.2955353260040283 0.3514416217803955 0.4105517268180847
v 1.2955353260040283 0.3514416217803955 0.4105517268180847
v 1.3006130456924438 0.35308367013931274 0.38787126541137695
v 1.2521100044250488 0.33737999200820923 0.37590500712394714
v 1.2521100044250488 0.33737999200820923 0.37590500712394714
v 1.247230052947998 0.33580198884010315 0.3977319896221161
v 1.2955353260040283 0.3514416217803955 0.4105517268180847
v 1.2885589599609375 0.3729906380176544 0.4105502665042877
v 1.293595552444458 0.3747364580631256 0.38786962628364563
v 1.2453700304031372 0.35819900035858154 0.37590500712394714
v 1.2453700304031372 0.35819900035858154 0.37590500712394714
v 1.240530014038086 0.35652101039886475 0.3977319896221161
v 1.2885589599609375 0.3729906380176544 0.4105502665042877
v 1.247230052947998 0.33580198884010315 0.3977319896221161
v 1.240530014038086 0.35652101039886475 0.3977319896221161
v 1.2885589599609375 0.3729906380176544 0.4105502665042877
v 1.2885589599609375 0.3729906380176544 0.4105502665042877
v 1.2955353260040283 0.3514416217803955 0.4105517268180847
v 1.247230052947998 0.33580198884010315 0.3977319896221161
v 1.2521100044250488 0.33737999200820923 0.37590500712394714
v 1.3006130456924438 0.35308367013931274 0.38787126541137695
v 1.293595552444458 0.3747364580631256 0.38786962628364563
v 1.293595552444458 0.3747364580631256 0.38786962628364563
v 1.2453700304031372 0.35819900035858154 0.37590500712394714
v 1.2521100044250488 0.33737999200820923 0.37590500712394714
v 1.057479977607727 -0.7416750192642212 0.3977319896221161
v 1.0618300437927246 -0.7443940043449402 0.37590500712394714
v 1.0734399557113647 -0.7258470058441162 0.37590500712394714
v 1.0734399557113647 -0.7258470058441162 0.37590500712394714
v 1.0690399408340454 -0.7232170104980469 0.3977319896221161
v 1.057479977607727 -0.7416750192642212 0.3977319896221161
v 1.0860061645507812 -0.7595358490943909 0.4062296450138092
v 1.09047269821167 -0.7623283863067627 0.38383719325065613
v 1.10238778591156 -0.7432851195335388 0.383836030960083
v 1.10238778591156 -0.7432851195335388 0.383836030960083
v 1.0978693962097168 -0.740584671497345 0.4062287211418152
v 1.0860061645507812 -0.7595358490943909 0.4062296450138092
v 1.0860061645507812 -0.7595358490943909 0.4062296450138092
v 1.09047269821167 -0.7623283863067627 0.38383719325065613
v 1.0618300437927246 -0.7443940043449402 0.37590500712394714
v 1.0618300437927246 -0.7443940043449402 0.37590500712394714
v 1.057479977607727 -0.7416750192642212 0.3977319896221161
v 1.0860061645507812 -0.7595358490943909 0.4062296450138092
v 1.0978693962097168 -0.740584671497345 0.4062287211418152
v 1.10238778591156 -0.7432851195335388 0.383836030960083
v 1.0734399557113647 -0.7258470058441162 0.37590500712394714
v 1.0734399557113647 -0.7258470058441162 0.37590500712394714
v 1.0690399408340454 -0.7232170104980469 0.3977319896221161
v 1.0978693962097168 -0.740584671497345 0.4062287211418152
v 1.057479977607727 -0.7416750192642212 0.3977319896221161
v 1.0690399408340454 -0.7232170104980469 0.3977319896221161
v 1.0978693962097168 -0.740584671497345 0.4062287211418152
v 1.0978693962097168 -0.740584671497345 0.4062287211418152
v 1.0860061645507812 -0.7595358490943909 0.4062296450138092
v 1.057479977607727 -0.7416750192642212 0.3977319896221161
v 1.0618300437927246 -0.7443940043449402 0.37590500712394714
v 1.09047269821167 -0.7623283863067627 0.38383719325065613
v 1.10238778591156 -0.7432851195335388 0.383836030960083
v 1.10238778591156 -0.7432851195335388 0.383836030960083
v 1.0734399557113647 -0.7258470058441162 0.37590500712394714
v 1.0618300437927246 -0.7443940043449402 0.37590500712394714
v 1.2898900508880615 0.08959580212831497 0.42125099897384644
v 1.2953399419784546 0.09025000035762787 0.39951398968696594
v 1.2923099994659424 0.11192300170660019 0.39951398968696594
v 1.2923099994659424 0.11192300170660019 0.39951398968696594
v 1.2868800163269043 0.11116400361061096 0.42125099897384644
v 1.2898900508880615 0.08959580212831497 0.42125099897384644
v 1.3342550992965698 0.09500935673713684 0.433333158493042
v 1.3398998975753784 0.09568720310926437 0.4108451008796692
v 1.3367688655853271 0.11813024431467056 0.4108465015888214
v 1.3367688655853271 0.11813024431467056 0.4108465015888214
v 1.3311442136764526 0.11734411865472794 0.4333353042602539
v 1.3342550992965698 0.09500935673713684 0.433333158493042
v 1.3342550992965698 0.09500935673713684 0.433333158493042
v 1.3398998975753784 0.09568720310926437 0.4108451008796692
v 1.2953399419784546 0.09025000035762787 0.39951398968696594
v 1.2953399419784546 0.09025000035762787 0.39951398968696594
v 1.2898900508880615 0.08959580212831497 0.42125099897384644
v 1.3342550992965698 0.09500935673713684 0.433333158493042
v 1.3311442136764526 0.11734411865472794 0.4333353042602539
v 1.3367688655853271 0.11813024431467056 0.4108465015888214
v 1.2923099994659424 0.11192300170660019 0.39951398968696594
v 1.2923099994659424 0.11192300170660019 0.39951398968696594
v 1.2868800163269043 0.11116400361061096 0.42125099897384644
v 1.3311442136764526 0.11734411865472794 0.4333353042602539
v 1.2898900508880615 0.08959580212831497 0.42125099897384644
v 1.2868800163269043 0.11116400361061096 0.42125099897384644
v 1.3311442136764526 0.11734411865472794 0.4333353042602539
v 1.3311442136764526 0.11734411865472794 0.4333353042602539
v 1.3342550992965698 0.09500935673713684 0.433333158493042
v 1.2898900508880615 0.08959580212831497 0.42125099897384644
v 1.2953399419784546 0.09025000035762787 0.39951398968696594
v 1.3398998975753784 0.09568720310926437 0.4108451008796692
v 1.3367688655853271 0.11813024431467056 0.4108465015888214
v 1.3367688655853271 0.11813024431467056 0.4108465015888214
v 1.2923099994659424 0.11192300170660019 0.39951398968696594
v 1.2953399419784546 0.09025000035762787 0.39951398968696594
v 1.2759300470352173 0.20005199313163757 0.42125099897384644
v 1.2812999486923218 0.20118899643421173 0.39951398968696594
v 1.276769995689392 0.22259800136089325 0.39951398968696594
v 1.276769995689392 0.22259800136089325 0.39951398968696594
v 1.2714200019836426 0.22135800123214722 0.42125099897384644
v 1.2759300470352173 0.20005199313163757 0.42125099897384644
v 1.4265480041503906 0.23193317651748657 0.4628775715827942
v 1.432580590248108 0.23320914804935455 0.438550740480423
v 1.427475094795227 0.2572316825389862 0.4385453462600708
v 1.427475094795227 0.2572316825389862 0.4385453462600708
v 1.4214659929275513 0.25583910942077637 0.46287083625793457
v 1.4265480041503906 0.23193317651748657 0.4628775715827942
v 1.4265480041503906 0.23193317651748657 0.4628775715827942
v 1.432580590248108 0.23320914804935455 0.438550740480423
v 1.2812999486923218 0.20118899643421173 0.39951398968696594
v 1.2812999486923218 0.20118899643421173 0.39951398968696594
v 1.2759300470352173 0.20005199313163757 0.42125099897384644
v 1.4265480041503906 0.23193317651748657 0.4628775715827942
v 1.4214659929275513 0.25583910942077637 0.46287083625793457
v 1.427475094795227 0.2572316825389862 0.4385453462600708
v 1.276769995689392 0.22259800136089325 0.39951398968696594
v 1.276769995689392 0.22259800136089325 0.39951398968696594
v 1.2714200019836426 0.22135800123214722 0.42125099897384644
v 1.4214659929275513 0.25583910942077637 0.46287083625793457
v 1.2759300470352173 0.20005199313163757 0.42125099897384644
v 1.2714200019836426 0.22135800123214722 0.42125099897384644
v 1.4214659929275513 0.25583910942077637 0.46287083625793457
v 1.4214659929275513 0.25583910942077637 0.46287083625793457
v 1.4265480041503906 0.23193317651748657 0.4628775715827942
v 1.2759300470352173 0.20005199313163757 0.42125099897384644
v 1.2812999486923218 0.20118899643421173 0.39951398968696594
v 1.432580590248108 0.23320914804935455 0.438550740480423
v 1.427475094795227 0.2572316825389862 0.4385453462600708
v 1.427475094795227 0.2572316825389862 0.4385453462600708
v 1.276769995689392 0.22259800136089325 0.39951398968696594
v 1.2812999486923218 0.20118899643421173 0.39951398968696594
v 1.0712800025939941 -0.7239270210266113 0.42125099897384644
v 1.0759799480438232 -0.7267670035362244 0.39951398968696594
v 1.086940050125122 -0.7078250050544739 0.39951398968696594
v 1.086940050125122 -0.7078250050544739 0.39951398968696594
v 1.0821900367736816 -0.7050769925117493 0.42125099897384644
v 1.0712800025939941 -0.7239270210266113 0.42125099897384644
v 1.1057389974594116 -0.744665801525116 0.4321232736110687
v 1.1105904579162598 -0.7475969791412354 0.4097100496292114
v 1.1219052076339722 -0.728053092956543 0.4097115695476532
v 1.1219052076339722 -0.728053092956543 0.4097115695476532
v 1.117002010345459 -0.7252167463302612 0.43212494254112244
v 1.1057389974594116 -0.744665801525116 0.4321232736110687
v 1.1057389974594116 -0.744665801525116 0.4321232736110687
v 1.1105904579162598 -0.7475969791412354 0.4097100496292114
v 1.0759799480438232 -0.7267670035362244 0.39951398968696594
v 1.0759799480438232 -0.7267670035362244 0.39951398968696594
v 1.0712800025939941 -0.7239270210266113 0.42125099897384644
v 1.1057389974594116 -0.744665801525116 0.4321232736110687
v 1.117002010345459 -0.7252167463302612 0.43212494254112244
v 1.1219052076339722 -0.728053092956543 0.4097115695476532
v 1.086940050125122 -0.7078250050544739 0.39951398968696594
v 1.086940050125122 -0.7078250050544739 0.39951398968696594
v 1.0821900367736816 -0.7050769925117493 0.42125099897384644
v 1.117002010345459 -0.7252167463302612 0.43212494254112244
v 1.0712800025939941 -0.7239270210266113 0.42125099897384644
v 1.0821900367736816 -0.7050769925117493 0.42125099897384644
v 1.117002010345459 -0.7252167463302612 0.43212494254112244
v 1.117002010345459 -0.7252167463302612 0.43212494254112244
v 1.1057389974594116 -0.744665801525116 0.4321232736110687
v 1.0712800025939941 -0.7239270210266113 0.42125099897384644
v 1.0759799480438232 -0.7267670035362244 0.39951398968696594
v 1.1105904579162598 -0.7475969791412354 0.4097100496292114
v 1.1219052076339722 -0.728053092956543 0.4097115695476532
v 1.1219052076339722 -0.728053092956543 0.4097115695476532
v 1.086940050125122 -0.7078250050544739 0.39951398968696594
v 1.0759799480438232 -0.7267670035362244 0.39951398968696594
v -1.2211600542068481 -0.42104101181030273 0.44487398862838745
v -1.226580023765564 -0.423227995634079 0.42323100566864014
v -1.2184100151062012 -0.4435259997844696 0.42323100566864014
v -1.2184100151062012 -0.4435259997844696 0.42323100566864014
v -1.2130199670791626 -0.44124099612236023 0.44487398862838745
v -1.2211600542068481 -0.42104101181030273 0.44487398862838745
v -1.2652174234390259 -0.4387909770011902 0.45857346057891846
v -1.2708446979522705 -0.4410606622695923 0.43613168597221375
v -1.2623580694198608 -0.4621260464191437 0.43613025546073914
v -1.2623580694198608 -0.4621260464191437 0.43613025546073914
v -1.2567626237869263 -0.45975422859191895 0.45857182145118713
v -1.2652174234390259 -0.4387909770011902 0.45857346057891846
v -1.2652174234390259 -0.4387909770011902 0.45857346057891846
v -1.2708446979522705 -0.4410606622695923 0.43613168597221375
v -1.226580023765564 -0.423227995634079 0.42323100566864014
v -1.226580023765564 -0.423227995634079 0.42323100566864014
v -1.2211600542068481 -0.42104101181030273 0.44487398862838745
v -1.2652174234390259 -0.4387909770011902 0.45857346057891846
v -1.2567626237869263 -0.45975422859191895 0.45857182145118713
v -1.2623580694198608 -0.4621260464191437 0.43613025546073914
v -1.2184100151062012 -0.4435259997844696 0.42323100566864014
v -1.2184100151062012 -0.4435259997844696 0.42323100566864014
v -1.2130199670791626 -0.44124099612236023 0.44487398862838745
v -1.2567626237869263 -0.45975422859191895 0.45857182145118713
v -1.2211600542068481 -0.42104101181030273 0.44487398862838745
v -1.2130199670791626 -0.44124099612236023 0.44487398862838745
v -1.2567626237869263 -0.45975422859191895 0.45857182145118713
v -1.2567626237869263 -0.45975422859191895 0.45857182145118713
v -1.2652174234390259 -0.4387909770011902 0.45857346057891846
v -1.2211600542068481 -0.42104101181030273 0.44487398862838745
v -1.226580023765564 -0.423227995634079 0.42323100566864014
v -1.2708446979522705 -0.4410606622695923 0.43613168597221375
v -1.2623580694198608 -0.4621260464191437 0.43613025546073914
v -1.2623580694198608 -0.4621260464191437 0.43613025546073914
v -1.2184100151062012 -0.4435259997844696 0.42323100566864014
v -1.226580023765564 -0.423227995634079 0.42323100566864014
v -1.1894099712371826 0.503741979598999 0.49261701107025146
v -1.1956199407577515 0.5060099959373474 0.47104600071907043
v -1.2031400203704834 0.4854240119457245 0.47104600071907043
v -1.2031400203704834 0.4854240119457245 0.47104600071907043
v -1.1968799829483032 0.48328500986099243 0.49261701107025146
v -1.1894099712371826 0.503741979598999 0.49261701107025146
v -1.2301076650619507 0.51860111951828 0.5066758990287781
v -1.2365269660949707 0.5209457278251648 0.48439821600914
v -1.244296669960022 0.4996592402458191 0.4843963086605072
v -1.244296669960022 0.4996592402458191 0.4843963086605072
v -1.2378257513046265 0.49744799733161926 0.50667405128479
v -1.2301076650619507 0.51860111951828 0.5066758990287781
v -1.2301076650619507 0.51860111951828 0.5066758990287781
v -1.2365269660949707 0.5209457278251648 0.48439821600914
v -1.1956199407577515 0.5060099959373474 0.47104600071907043
v -1.1956199407577515 0.5060099959373474 0.47104600071907043
v -1.1894099712371826 0.503741979598999 0.49261701107025146
v -1.2301076650619507 0.51860111951828 0.5066758990287781
v -1.2378257513046265 0.49744799733161926 0.50667405128479
v -1.244296669960022 0.4996592402458191 0.4843963086605072
v -1.2031400203704834 0.4854240119457245 0.47104600071907043
v -1.2031400203704834 0.4854240119457245 0.47104600071907043
v -1.1968799829483032 0.48328500986099243 0.49261701107025146
v -1.2378257513046265 0.49744799733161926 0.50667405128479
v -1.1894099712371826 0.503741979598999 0.49261701107025146
v -1.1968799829483032 0.48328500986099243 0.49261701107025146
v -1.2378257513046265 0.49744799733161926 0.50667405128479
v -1.2378257513046265 0.49744799733161926 0.50667405128479
v -1.2301076650619507 0.51860111951828 0.5066758990287781
v -1.1894099712371826 0.503741979598999 0.49261701107025146
v -1.1956199407577515 0.5060099959373474 0.47104600071907043
v -1.2365269660949707 0.5209457278251648 0.48439821600914
v -1.244296669960022 0.4996592402458191 0.4843963086605072
v -1.244296669960022 0.4996592402458191 0.4843963086605072
v -1.2031400203704834 0.4854240119457245 0.47104600071907043
v -1.1956199407577515 0.5060099959373474 0.47104600071907043
v -1.1992199420928955 0.4835149943828583 0.49261701107025146
v -1.2054699659347534 0.4856950044631958 0.47104600071907043
v -1.2122600078582764 0.4648590087890625 0.47104600071907043
v -1.2122600078582764 0.4648590087890625 0.47104600071907043
v -1.205970048904419 0.4628089964389801 0.49261701107025146
v -1.1992199420928955 0.4835149943828583 0.49261701107025146
v -1.2359262704849243 0.49617794156074524 0.5052149891853333
v -1.242364764213562 0.49842414259910583 0.4830109775066376
v -1.2493661642074585 0.47695639729499817 0.48301276564598083
v -1.2493661642074585 0.47695639729499817 0.48301276564598083
v -1.2428861856460571 0.4748443067073822 0.5052170157432556
v -1.2359262704849243 0.49617794156074524 0.5052149891853333
v -1.2359262704849243 0.49617794156074524 0.5052149891853333
v -1.242364764213562 0.49842414259910583 0.4830109775066376
v -1.2054699659347534 0.4856950044631958 0.47104600071907043
v -1.2054699659347534 0.4856950044631958 0.47104600071907043
v -1.1992199420928955 0.4835149943828583 0.49261701107025146
v -1.2359262704849243 0.49617794156074524 0.5052149891853333
v -1.2428861856460571 0.4748443067073822 0.5052170157432556
v -1.2493661642074585 0.47695639729499817 0.48301276564598083
v -1.2122600078582764 0.4648590087890625 0.47104600071907043
v -1.2122600078582764 0.4648590087890625 0.47104600071907043
v -1.205970048904419 0.4628089964389801 0.49261701107025146
v -1.2428861856460571 0.4748443067073822 0.5052170157432556
v -1.1992199420928955 0.4835149943828583 0.49261701107025146
v -1.205970048904419 0.4628089964389801 0.49261701107025146
v -1.2428861856460571 0.4748443067073822 0.5052170157432556
v -1.2428861856460571 0.4748443067073822 0.5052170157432556
v -1.2359262704849243 0.49617794156074524 0.5052149891853333
v -1.1992199420928955 0.4835149943828583 0.49261701107025146
v -1.2054699659347534 0.4856950044631958 0.47104600071907043
v -1.242364764213562 0.49842414259910583 0.4830109775066376
v -1.2493661642074585 0.47695639729499817 0.48301276564598083
v -1.2493661642074585 0.47695639729499817 0.48301276564598083
v -1.2122600078582764 0.4648590087890625 0.47104600071907043
v -1.2054699659347534 0.4856950044631958 0.47104600071907043
v -1.1181199550628662 -0.6489599943161011 0.49261701107025146
v -1.1236799955368042 -0.6525390148162842 0.47104600071907043
v -1.111449956893921 -0.6707199811935425 0.47104600071907043
v -1.111449956893921 -0.6707199811935425 0.47104600071907043
v -1.1059600114822388 -0.66702800989151 0.49261701107025146
v -1.1181199550628662 -0.6489599943161011 0.49261701107025146
v -1.1436587572097778 -0.6655198335647583 0.5024925470352173
v -1.1493504047393799 -0.6691836714744568 0.4804251194000244
v -1.1368318796157837 -0.6878005862236023 0.4804265797138214
v -1.1368318796157837 -0.6878005862236023 0.4804265797138214
v -1.1312124729156494 -0.684020459651947 0.5024937391281128
v -1.1436587572097778 -0.6655198335647583 0.5024925470352173
v -1.1436587572097778 -0.6655198335647583 0.5024925470352173
v -1.1493504047393799 -0.6691836714744568 0.4804251194000244
v -1.1236799955368042 -0.6525390148162842 0.47104600071907043
v -1.1236799955368042 -0.6525390148162842 0.47104600071907043
v -1.1181199550628662 -0.6489599943161011 0.49261701107025146
v -1.1436587572097778 -0.6655198335647583 0.5024925470352173
v -1.1312124729156494 -0.684020459651947 0.5024937391281128
v -1.1368318796157837 -0.6878005862236023 0.4804265797138214
v -1.111449956893921 -0.6707199811935425 0.47104600071907043
v -1.111449956893921 -0.6707199811935425 0.47104600071907043
v -1.1059600114822388 -0.66702800989151 0.49261701107025146
v -1.1312124729156494 -0.684020459651947 0.5024937391281128
v -1.1181199550628662 -0.6489599943161011 0.49261701107025146
v -1.1059600114822388 -0.66702800989151 0.49261701107025146
v -1.1312124729156494 -0.684020459651947 0.5024937391281128
v -1.1312124729156494 -0.684020459651947 0.5024937391281128
v -1.1436587572097778 -0.6655198335647583 0.5024925470352173
v -1.1181199550628662 -0.6489599943161011 0.49261701107025146
v -1.1236799955368042 -0.6525390148162842 0.47104600071907043
v -1.1493504047393799 -0.6691836714744568 0.4804251194000244
v -1.1368318796157837 -0.6878005862236023 0.4804265797138214
v -1.1368318796157837 -0.6878005862236023 0.4804265797138214
v -1.111449956893921 -0.6707199811935425 0.47104600071907043
v -1.1236799955368042 -0.6525390148162842 0.47104600071907043
v 0.09213370084762573 -1.2896599769592285 0.5167400240898132
v 0.09296000003814697 -1.2965799570083618 0.495279997587204
v 0.11466500163078308 -1.2935500144958496 0.495279997587204
v 0.11466500163078308 -1.2935500144958496 0.495279997587204
v 0.11370299756526947 -1.2866599559783936 0.5167400240898132
v 0.09213370084762573 -1.2896599769592285 0.5167400240898132
v 0.09761711955070496 -1.3345937728881836 0.532243549823761
v 0.0984729453921318 -1.341758131980896 0.5100453495979309
v 0.12095215171575546 -1.338626503944397 0.5100467801094055
v 0.12095215171575546 -1.338626503944397 0.5100467801094055
v 0.11995618790388107 -1.331492304801941 0.5322458744049072
v 0.09761711955070496 -1.3345937728881836 0.532243549823761
v 0.09761711955070496 -1.3345937728881836 0.532243549823761
v 0.0984729453921318 -1.341758131980896 0.5100453495979309
v 0.09296000003814697 -1.2965799570083618 0.495279997587204
v 0.09296000003814697 -1.2965799570083618 0.495279997587204
v 0.09213370084762573 -1.2896599769592285 0.5167400240898132
v 0.09761711955070496 -1.3345937728881836 0.532243549823761
v 0.11995618790388107 -1.331492304801941 0.5322458744049072
v 0.12095215171575546 -1.338626503944397 0.5100467801094055
v 0.11466500163078308 -1.2935500144958496 0.495279997587204
v 0.11466500163078308 -1.2935500144958496 0.495279997587204
v 0.11370299756526947 -1.2866599559783936 0.5167400240898132
v 0.11995618790388107 -1.331492304801941 0.5322458744049072
v 0.09213370084762573 -1.2896599769592285 0.5167400240898132
v 0.11370299756526947 -1.2866599559783936 0.5167400240898132
v 0.11995618790388107 -1.331492304801941 0.5322458744049072
v 0.11995618790388107 -1.331492304801941 0.5322458744049072
v 0.09761711955070496 -1.3345937728881836 0.532243549823761
v 0.09213370084762573 -1.2896599769592285 0.5167400240898132
v 0.09296000003814697 -1.2965799570083618 0.495279997587204
v 0.0984729453921318 -1.341758131980896 0.5100453495979309
v 0.12095215171575546 -1.338626503944397 0.5100467801094055
v 0.12095215171575546 -1.338626503944397 0.5100467801094055
v 0.11466500163078308 -1.2935500144958496 0.495279997587204
v 0.09296000003814697 -1.2965799570083618 0.495279997587204
v -0.9453909993171692 0.8801649808883667 0.5409939885139465
v -0.9509860277175903 0.8848689794540405 0.5196499824523926
v -0.9650899767875671 0.8680959939956665 0.5196499824523926
v -0.9650899767875671 0.8680959939956665 0.5196499824523926
v -0.9594060182571411 0.8634960055351257 0.5409939885139465
v -0.9453909993171692 0.8801649808883667 0.5409939885139465
v -0.9698981046676636 0.9007721543312073 0.5525467991828918
v -0.9756345152854919 0.9055936336517334 0.5306800007820129
v -0.9900923371315002 0.888393223285675 0.5306783318519592
v -0.9900923371315002 0.888393223285675 0.5306783318519592
v -0.9842656254768372 0.8836773633956909 0.5525452494621277
v -0.9698981046676636 0.9007721543312073 0.5525467991828918
v -0.9698981046676636 0.9007721543312073 0.5525467991828918
v -0.9756345152854919 0.9055936336517334 0.5306800007820129
v -0.9509860277175903 0.8848689794540405 0.5196499824523926
v -0.9509860277175903 0.8848689794540405 0.5196499824523926
v -0.9453909993171692 0.8801649808883667 0.5409939885139465
v -0.9698981046676636 0.9007721543312073 0.5525467991828918
v -0.9842656254768372 0.8836773633956909 0.5525452494621277
v -0.9900923371315002 0.888393223285675 0.5306783318519592
v -0.9650899767875671 0.8680959939956665 0.5196499824523926
v -0.9650899767875671 0.8680959939956665 0.5196499824523926
v -0.9594060182571411 0.8634960055351257 0.5409939885139465
v -0.9842656254768372 0.8836773633956909 0.5525452494621277
v -0.9453909993171692 0.8801649808883667 0.5409939885139465
v -0.9594060182571411 0.8634960055351257 0.5409939885139465
v -0.9842656254768372 0.8836773633956909 0.5525452494621277
v -0.9842656254768372 0.8836773633956909 0.5525452494621277
v -0.9698981046676636 0.9007721543312073 0.5525467991828918
v -0.9453909993171692 0.8801649808883667 0.5409939885139465
v -0.9509860277175903 0.8848689794540405 0.5196499824523926
v -0.9756345152854919 0.9055936336517334 0.5306800007820129
v -0.9900923371315002 0.888393223285675 0.5306783318519592
v -0.9900923371315002 0.888393223285675 0.5306783318519592
v -0.9650899767875671 0.8680959939956665 0.5196499824523926
v -0.9509860277175903 0.8848689794540405 0.5196499824523926
v 0.09213370084762573 -1.2896599769592285 0.5409939885139465
v 0.09300799667835236 -1.2969199419021606 0.5196499824523926
v 0.11471299827098846 -1.2939000129699707 0.5196499824523926
v 0.11471299827098846 -1.2939000129699707 0.5196499824523926
v 0.11370299756526947 -1.2866599559783936 0.5409939885139465
v 0.09213370084762573 -1.2896599769592285 0.5409939885139465
v 0.13942334055900574 -1.677483320236206 0.6819351315498352
v 0.14056406915187836 -1.6869703531265259 0.6542113423347473
v 0.16899359226226807 -1.6830631494522095 0.6542354822158813
v 0.16899359226226807 -1.6830631494522095 0.6542354822158813
v 0.1676744967699051 -1.6736023426055908 0.6819561719894409
v 0.13942334055900574 -1.677483320236206 0.6819351315498352
v 0.13942334055900574 -1.677483320236206 0.6819351315498352
v 0.14056406915187836 -1.6869703531265259 0.6542113423347473
v 0.09300799667835236 -1.2969199419021606 0.5196499824523926
v 0.09300799667835236 -1.2969199419021606 0.5196499824523926
v 0.09213370084762573 -1.2896599769592285 0.5409939885139465
v 0.13942334055900574 -1.677483320236206 0.6819351315498352
v 0.1676744967699051 -1.6736023426055908 0.6819561719894409
v 0.16899359226226807 -1.6830631494522095 0.6542354822158813
v 0.11471299827098846 -1.2939000129699707 0.5196499824523926
v 0.11471299827098846 -1.2939000129699707 0.5196499824523926
v 0.11370299756526947 -1.2866599559783936 0.5409939885139465
v 0.1676744967699051 -1.6736023426055908 0.6819561719894409
v 0.09213370084762573 -1.2896599769592285 0.5409939885139465
v 0.11370299756526947 -1.2866599559783936 0.5409939885139465
v 0.1676744967699051 -1.6736023426055908 0.6819561719894409
v 0.1676744967699051 -1.6736023426055908 0.6819561719894409
v 0.13942334055900574 -1.677483320236206 0.6819351315498352
v 0.09213370084762573 -1.2896599769592285 0.5409939885139465
v 0.09300799667835236 -1.2969199419021606 0.5196499824523926
v 0.14056406915187836 -1.6869703531265259 0.6542113423347473
v 0.16899359226226807 -1.6830631494522095 0.6542354822158813
v 0.16899359226226807 -1.6830631494522095 0.6542354822158813
v 0.11471299827098846 -1.2939000129699707 0.5196499824523926
v 0.09300799667835236 -1.2969199419021606 0.5196499824523926
v -0.13575300574302673 -1.2858500480651855 0.5653870105743408
v -0.13616399466991425 -1.2934999465942383 0.5441640019416809
v -0.11426299810409546 -1.2942800521850586 0.5441640019416809
v -0.11426299810409546 -1.2942800521850586 0.5441640019416809
v -0.11398900300264359 -1.2866300344467163 0.5653870105743408
v -0.13575300574302673 -1.2858500480651855 0.5653870105743408
v -0.13830305635929108 -1.333766222000122 0.5835826992988586
v -0.1387295424938202 -1.341705560684204 0.5615764856338501
v -0.11599154770374298 -1.3425219058990479 0.5615791082382202
v -0.11599154770374298 -1.3425219058990479 0.5615791082382202
v -0.11570728570222855 -1.3345822095870972 0.5835853815078735
v -0.13830305635929108 -1.333766222000122 0.5835826992988586
v -0.13830305635929108 -1.333766222000122 0.5835826992988586
v -0.1387295424938202 -1.341705560684204 0.5615764856338501
v -0.13616399466991425 -1.2934999465942383 0.5441640019416809
v -0.13616399466991425 -1.2934999465942383 0.5441640019416809
v -0.13575300574302673 -1.2858500480651855 0.5653870105743408
v -0.13830305635929108 -1.333766222000122 0.5835826992988586
v -0.11570728570222855 -1.3345822095870972 0.5835853815078735
v -0.11599154770374298 -1.3425219058990479 0.5615791082382202
v -0.11426299810409546 -1.2942800521850586 0.5441640019416809
v -0.11426299810409546 -1.2942800521850586 0.5441640019416809
v -0.11398900300264359 -1.2866300344467163 0.5653870105743408
v -0.11570728570222855 -1.3345822095870972 0.5835853815078735
v -0.13575300574302673 -1.2858500480651855 0.5653870105743408
v -0.11398900300264359 -1.2866300344467163 0.5653870105743408
v -0.11570728570222855 -1.3345822095870972 0.5835853815078735
v -0.11570728570222855 -1.3345822095870972 0.5835853815078735
v -0.13830305635929108 -1.333766222000122 0.5835826992988586
v -0.13575300574302673 -1.2858500480651855 0.5653870105743408
v -0.13616399466991425 -1.2934999465942383 0.5441640019416809
v -0.1387295424938202 -1.341705560684204 0.5615764856338501
v -0.11599154770374298 -1.3425219058990479 0.5615791082382202
v -0.11599154770374298 -1.3425219058990479 0.5615791082382202
v -0.11426299810409546 -1.2942800521850586 0.5441640019416809
v -0.13616399466991425 -1.2934999465942383 0.5441640019416809
v 0.15845200419425964 -1.2819299697875977 0.5653870105743408
v 0.15977400541305542 -1.2894699573516846 0.5441640019416809
v 0.18136000633239746 -1.2856899499893188 0.5441640019416809
v 0.18136000633239746 -1.2856899499893188 0.5441640019416809
v 0.17990300059318542 -1.2781699895858765 0.5653870105743408
v 0.15845200419425964 -1.2819299697875977 0.5653870105743408
v 0.1869216114282608 -1.4443495273590088 0.6279259920120239
v 0.18841543793678284 -1.45287024974823 0.6040117740631104
v 0.21283376216888428 -1.4485712051391602 0.6040041446685791
v 0.21283376216888428 -1.4485712051391602 0.6040041446685791
v 0.2111869752407074 -1.4400745630264282 0.6279166340827942
v 0.1869216114282608 -1.4443495273590088 0.6279259920120239
v 0.1869216114282608 -1.4443495273590088 0.6279259920120239
v 0.18841543793678284 -1.45287024974823 0.6040117740631104
v 0.15977400541305542 -1.2894699573516846 0.5441640019416809
v 0.15977400541305542 -1.2894699573516846 0.5441640019416809
v 0.15845200419425964 -1.2819299697875977 0.5653870105743408
v 0.1869216114282608 -1.4443495273590088 0.6279259920120239
v 0.2111869752407074 -1.4400745630264282 0.6279166340827942
v 0.21283376216888428 -1.4485712051391602 0.6040041446685791
v 0.18136000633239746 -1.2856899499893188 0.5441640019416809
v 0.18136000633239746 -1.2856899499893188 0.5441640019416809
v 0.17990300059318542 -1.2781699895858765 0.5653870105743408
v 0.2111869752407074 -1.4400745630264282 0.6279166340827942
v 0.15845200419425964 -1.2819299697875977 0.5653870105743408
v 0.17990300059318542 -1.2781699895858765 0.5653870105743408
v 0.2111869752407074 -1.4400745630264282 0.6279166340827942
v 0.2111869752407074 -1.4400745630264282 0.6279166340827942
v 0.1869216114282608 -1.4443495273590088 0.6279259920120239
v 0.15845200419425964 -1.2819299697875977 0.5653870105743408
v 0.15977400541305542 -1.2894699573516846 0.5441640019416809
v 0.18841543793678284 -1.45287024974823 0.6040117740631104
v 0.21283376216888428 -1.4485712051391602 0.6040041446685791
v 0.21283376216888428 -1.4485712051391602 0.6040041446685791
v 0.18136000633239746 -1.2856899499893188 0.5441640019416809
v 0.15977400541305542 -1.2894699573516846 0.5441640019416809
v -0.5467759966850281 -1.1702100038528442 0.6213489770889282
v -0.5499070286750793 -1.177940011024475 0.6003900170326233
v -0.5295689702033997 -1.1861799955368042 0.6003900170326233
v -0.5295689702033997 -1.1861799955368042 0.6003900170326233
v -0.5265910029411316 -1.1783900260925293 0.6213489770889282
v -0.5467759966850281 -1.1702100038528442 0.6213489770889282
v -0.5584887266159058 -1.1991245746612549 0.6343300342559814
v -0.5616944432258606 -1.2070387601852417 0.6128826141357422
v -0.5408605337142944 -1.21547532081604 0.6128812432289124
v -0.5408605337142944 -1.21547532081604 0.6128812432289124
v -0.5378117561340332 -1.2074997425079346 0.6343286037445068
v -0.5584887266159058 -1.1991245746612549 0.6343300342559814
v -0.5584887266159058 -1.1991245746612549 0.6343300342559814
v -0.5616944432258606 -1.2070387601852417 0.6128826141357422
v -0.5499070286750793 -1.177940011024475 0.6003900170326233
v -0.5499070286750793 -1.177940011024475 0.6003900170326233
v -0.5467759966850281 -1.1702100038528442 0.6213489770889282
v -0.5584887266159058 -1.1991245746612549 0.6343300342559814
v -0.5378117561340332 -1.2074997425079346 0.6343286037445068
v -0.5408605337142944 -1.21547532081604 0.6128812432289124
v -0.5295689702033997 -1.1861799955368042 0.6003900170326233
v -0.5295689702033997 -1.1861799955368042 0.6003900170326233
v -0.5265910029411316 -1.1783900260925293 0.6213489770889282
v -0.5378117561340332 -1.2074997425079346 0.6343286037445068
v -0.5467759966850281 -1.1702100038528442 0.6213489770889282
v -0.5265910029411316 -1.1783900260925293 0.6213489770889282
v -0.5378117561340332 -1.2074997425079346 0.6343286037445068
v -0.5378117561340332 -1.2074997425079346 0.6343286037445068
v -0.5584887266159058 -1.1991245746612549 0.6343300342559814
v -0.5467759966850281 -1.1702100038528442 0.6213489770889282
v -0.5499070286750793 -1.177940011024475 0.6003900170326233
v -0.5616944432258606 -1.2070387601852417 0.6128826141357422
v -0.5408605337142944 -1.21547532081604 0.6128812432289124
v -0.5408605337142944 -1.21547532081604 0.6128812432289124
v -0.5295689702033997 -1.1861799955368042 0.6003900170326233
v -0.5499070286750793 -1.177940011024475 0.6003900170326233
v 0.9752119779586792 -0.8470309972763062 0.6712089776992798
v 0.9822900295257568 -0.8525720238685608 0.6505200266838074
v 0.9958159923553467 -0.8352940082550049 0.6505200266838074
v 0.9958159923553467 -0.8352940082550049 0.6505200266838074
v 0.9886369705200195 -0.8298839926719666 0.6712089776992798
v 0.9752119779586792 -0.8470309972763062 0.6712089776992798
v 1.0015443563461304 -0.8676460981369019 0.6863623857498169
v 1.0088051557540894 -0.8733305931091309 0.6651499271392822
v 1.0226855278015137 -0.8555931448936462 0.6651479005813599
v 1.0226855278015137 -0.8555931448936462 0.6651479005813599
v 1.015321135520935 -0.8500432372093201 0.6863604187965393
v 1.0015443563461304 -0.8676460981369019 0.6863623857498169
v 1.0015443563461304 -0.8676460981369019 0.6863623857498169
v 1.0088051557540894 -0.8733305931091309 0.6651499271392822
v 0.9822900295257568 -0.8525720238685608 0.6505200266838074
v 0.9822900295257568 -0.8525720238685608 0.6505200266838074
v 0.9752119779586792 -0.8470309972763062 0.6712089776992798
v 1.0015443563461304 -0.8676460981369019 0.6863623857498169
v 1.015321135520935 -0.8500432372093201 0.6863604187965393
v 1.0226855278015137 -0.8555931448936462 0.6651479005813599
v 0.9958159923553467 -0.8352940082550049 0.6505200266838074
v 0.9958159923553467 -0.8352940082550049 0.6505200266838074
v 0.9886369705200195 -0.8298839926719666 0.6712089776992798
v 1.015321135520935 -0.8500432372093201 0.6863604187965393
v 0.9752119779586792 -0.8470309972763062 0.6712089776992798
v 0.9886369705200195 -0.8298839926719666 0.6712089776992798
v 1.015321135520935 -0.8500432372093201 0.6863604187965393
v 1.015321135520935 -0.8500432372093201 0.6863604187965393
v 1.0015443563461304 -0.8676460981369019 0.6863623857498169
v 0.9752119779586792 -0.8470309972763062 0.6712089776992798
v 0.9822900295257568 -0.8525720238685608 0.6505200266838074
v 1.0088051557540894 -0.8733305931091309 0.6651499271392822
v 1.0226855278015137 -0.8555931448936462 0.6651479005813599
v 1.0226855278015137 -0.8555931448936462 0.6651479005813599
v 0.9958159923553467 -0.8352940082550049 0.6505200266838074
v 0.9822900295257568 -0.8525720238685608 0.6505200266838074
v 0.13658499717712402 -1.2857600450515747 0.6963940262794495
v 0.13802899420261383 -1.2949600219726562 0.6758480072021484
v 0.1596429944038391 -1.2911700010299683 0.6758480072021484
v 0.1596429944038391 -1.2911700010299683 0.6758480072021484
v 0.1580359935760498 -1.281999945640564 0.6963940262794495
v 0.13658499717712402 -1.2857600450515747 0.6963940262794495
v 0.16042853891849518 -1.4371774196624756 0.7687350511550903
v 0.1620451807975769 -1.447473406791687 0.7457898855209351
v 0.1862974911928177 -1.4432413578033447 0.7457966804504395
v 0.1862974911928177 -1.4432413578033447 0.7457966804504395
v 0.18449874222278595 -1.4329777956008911 0.7687432169914246
v 0.16042853891849518 -1.4371774196624756 0.7687350511550903
v 0.16042853891849518 -1.4371774196624756 0.7687350511550903
v 0.1620451807975769 -1.447473406791687 0.7457898855209351
v 0.13802899420261383 -1.2949600219726562 0.6758480072021484
v 0.13802899420261383 -1.2949600219726562 0.6758480072021484
v 0.13658499717712402 -1.2857600450515747 0.6963940262794495
v 0.16042853891849518 -1.4371774196624756 0.7687350511550903
v 0.18449874222278595 -1.4329777956008911 0.7687432169914246
v 0.1862974911928177 -1.4432413578033447 0.7457966804504395
v 0.1596429944038391 -1.2911700010299683 0.6758480072021484
v 0.1596429944038391 -1.2911700010299683 0.6758480072021484
v 0.1580359935760498 -1.281999945640564 0.6963940262794495
v 0.18449874222278595 -1.4329777956008911 0.7687432169914246
v 0.13658499717712402 -1.2857600450515747 0.6963940262794495
v 0.1580359935760498 -1.281999945640564 0.6963940262794495
v 0.18449874222278595 -1.4329777956008911 0.7687432169914246
v 0.18449874222278595 -1.4329777956008911 0.7687432169914246
v 0.16042853891849518 -1.4371774196624756 0.7687350511550903
v 0.13658499717712402 -1.2857600450515747 0.6963940262794495
v 0.13802899420261383 -1.2949600219726562 0.6758480072021484
v 0.1620451807975769 -1.447473406791687 0.7457898855209351
v 0.1862974911928177 -1.4432413578033447 0.7457966804504395
v 0.1862974911928177 -1.4432413578033447 0.7457966804504395
v 0.1596429944038391 -1.2911700010299683 0.6758480072021484
v 0.13802899420261383 -1.2949600219726562 0.6758480072021484
v 0.15845300257205963 -1.2819299697875977 0.6963940262794495
v 0.16006000339984894 -1.291100025177002 0.6758480072021484
v 0.18167400360107422 -1.287310004234314 0.6758480072021484
v 0.18167400360107422 -1.287310004234314 0.6758480072021484
v 0.1799039989709854 -1.2781699895858765 0.6963940262794495
v 0.15845300257205963 -1.2819299697875977 0.6963940262794495
v 0.16414830088615417 -1.3144224882125854 0.7119645476341248
v 0.16579678654670715 -1.3238275051116943 0.6909024715423584
v 0.1879771500825882 -1.3199342489242554 0.6909002065658569
v 0.1879771500825882 -1.3199342489242554 0.6909002065658569
v 0.1861618161201477 -1.3105595111846924 0.7119630575180054
v 0.16414830088615417 -1.3144224882125854 0.7119645476341248
v 0.16414830088615417 -1.3144224882125854 0.7119645476341248
v 0.16579678654670715 -1.3238275051116943 0.6909024715423584
v 0.16006000339984894 -1.291100025177002 0.6758480072021484
v 0.16006000339984894 -1.291100025177002 0.6758480072021484
v 0.15845300257205963 -1.2819299697875977 0.6963940262794495
v 0.16414830088615417 -1.3144224882125854 0.7119645476341248
v 0.1861618161201477 -1.3105595111846924 0.7119630575180054
v 0.1879771500825882 -1.3199342489242554 0.6909002065658569
v 0.18167400360107422 -1.287310004234314 0.6758480072021484
v 0.18167400360107422 -1.287310004234314 0.6758480072021484
v 0.1799039989709854 -1.2781699895858765 0.6963940262794495
v 0.1861618161201477 -1.3105595111846924 0.7119630575180054
v 0.15845300257205963 -1.2819299697875977 0.6963940262794495
v 0.1799039989709854 -1.2781699895858765 0.6963940262794495
v 0.1861618161201477 -1.3105595111846924 0.7119630575180054
v 0.1861618161201477 -1.3105595111846924 0.7119630575180054
v 0.16414830088615417 -1.3144224882125854 0.7119645476341248
v 0.15845300257205963 -1.2819299697875977 0.6963940262794495
v 0.16006000339984894 -1.291100025177002 0.6758480072021484
v 0.16579678654670715 -1.3238275051116943 0.6909024715423584
v 0.1879771500825882 -1.3199342489242554 0.6909002065658569
v 0.1879771500825882 -1.3199342489242554 0.6909002065658569
v 0.18167400360107422 -1.287310004234314 0.6758480072021484
v 0.16006000339984894 -1.291100025177002 0.6758480072021484
v 0.06965450197458267 -1.2897100448608398 0.7217609882354736
v 0.0706505998969078 -1.2992899417877197 0.7013620138168335
v 0.09247589856386185 -1.2970199584960938 0.7013620138168335
v 0.09247589856386185 -1.2970199584960938 0.7013620138168335
v 0.09131540358066559 -1.2874599695205688 0.7217609882354736
v 0.06965450197458267 -1.2897100448608398 0.7217609882354736
v 0.07275602966547012 -1.3195252418518066 0.7364851236343384
v 0.07377558946609497 -1.3293299674987793 0.715616762638092
v 0.09612510353326797 -1.3270015716552734 0.7156152129173279
v 0.09612510353326797 -1.3270015716552734 0.7156152129173279
v 0.09493736177682877 -1.317217230796814 0.7364836931228638
v 0.07275602966547012 -1.3195252418518066 0.7364851236343384
v 0.07275602966547012 -1.3195252418518066 0.7364851236343384
v 0.07377558946609497 -1.3293299674987793 0.715616762638092
v 0.0706505998969078 -1.2992899417877197 0.7013620138168335
v 0.0706505998969078 -1.2992899417877197 0.7013620138168335
v 0.06965450197458267 -1.2897100448608398 0.7217609882354736
v 0.07275602966547012 -1.3195252418518066 0.7364851236343384
v 0.09493736177682877 -1.317217230796814 0.7364836931228638
v 0.09612510353326797 -1.3270015716552734 0.7156152129173279
v 0.09247589856386185 -1.2970199584960938 0.7013620138168335
v 0.09247589856386185 -1.2970199584960938 0.7013620138168335
v 0.09131540358066559 -1.2874599695205688 0.7217609882354736
v 0.09493736177682877 -1.317217230796814 0.7364836931228638
v 0.06965450197458267 -1.2897100448608398 0.7217609882354736
v 0.09131540358066559 -1.2874599695205688 0.7217609882354736
v 0.09493736177682877 -1.317217230796814 0.7364836931228638
v 0.09493736177682877 -1.317217230796814 0.7364836931228638
v 0.07275602966547012 -1.3195252418518066 0.7364851236343384
v 0.06965450197458267 -1.2897100448608398 0.7217609882354736
v 0.0706505998969078 -1.2992899417877197 0.7013620138168335
v 0.07377558946609497 -1.3293299674987793 0.715616762638092
v 0.09612510353326797 -1.3270015716552734 0.7156152129173279
v 0.09612510353326797 -1.3270015716552734 0.7156152129173279
v 0.09247589856386185 -1.2970199584960938 0.7013620138168335
v 0.0706505998969078 -1.2992899417877197 0.7013620138168335
v 0.11412200331687927 -1.2865999937057495 0.7217609882354736
v 0.11545199900865555 -1.2961299419403076 0.7013620138168335
v 0.1371850073337555 -1.2930999994277954 0.7013620138168335
v 0.1371850073337555 -1.2930999994277954 0.7013620138168335
v 0.13569100201129913 -1.2835899591445923 0.7217609882354736
v 0.11412200331687927 -1.2865999937057495 0.7217609882354736
v 0.11977197974920273 -1.3271058797836304 0.7418506741523743
v 0.12114419043064117 -1.3369418382644653 0.7208101153373718
v 0.14358918368816376 -1.333807110786438 0.7208083271980286
v 0.14358918368816376 -1.333807110786438 0.7208083271980286
v 0.14204739034175873 -1.3239924907684326 0.741847574710846
v 0.11977197974920273 -1.3271058797836304 0.7418506741523743
v 0.11977197974920273 -1.3271058797836304 0.7418506741523743
v 0.12114419043064117 -1.3369418382644653 0.7208101153373718
v 0.11545199900865555 -1.2961299419403076 0.7013620138168335
v 0.11545199900865555 -1.2961299419403076 0.7013620138168335
v 0.11412200331687927 -1.2865999937057495 0.7217609882354736
v 0.11977197974920273 -1.3271058797836304 0.7418506741523743
v 0.14204739034175873 -1.3239924907684326 0.741847574710846
v 0.14358918368816376 -1.333807110786438 0.7208083271980286
v 0.1371850073337555 -1.2930999994277954 0.7013620138168335
v 0.1371850073337555 -1.2930999994277954 0.7013620138168335
v 0.13569100201129913 -1.2835899591445923 0.7217609882354736
v 0.14204739034175873 -1.3239924907684326 0.741847574710846
v 0.11412200331687927 -1.2865999937057495 0.7217609882354736
v 0.13569100201129913 -1.2835899591445923 0.7217609882354736
v 0.14204739034175873 -1.3239924907684326 0.741847574710846
v 0.14204739034175873 -1.3239924907684326 0.741847574710846
v 0.11977197974920273 -1.3271058797836304 0.7418506741523743
v 0.11412200331687927 -1.2865999937057495 0.7217609882354736
v 0.11545199900865555 -1.2961299419403076 0.7013620138168335
v 0.12114419043064117 -1.3369418382644653 0.7208101153373718
v 0.14358918368816376 -1.333807110786438 0.7208083271980286
v 0.14358918368816376 -1.333807110786438 0.7208083271980286
v 0.1371850073337555 -1.2930999994277954 0.7013620138168335
v 0.11545199900865555 -1.2961299419403076 0.7013620138168335
v 0.13658499717712402 -1.2857600450515747 0.7217609882354736
v 0.13808399438858032 -1.2952799797058105 0.7013620138168335
v 0.1596979945898056 -1.2914899587631226 0.7013620138168335
v 0.1596979945898056 -1.2914899587631226 0.7013620138168335
v 0.1580359935760498 -1.281999945640564 0.7217609882354736
v 0.13658499717712402 -1.2857600450515747 0.7217609882354736
v 0.14777247607707977 -1.356867790222168 0.7571130394935608
v 0.14935629069805145 -1.3669236898422241 0.7355871200561523
v 0.1722193956375122 -1.3629237413406372 0.7355917692184448
v 0.1722193956375122 -1.3629237413406372 0.7355917692184448
v 0.17046305537223816 -1.3528996706008911 0.7571170330047607
v 0.14777247607707977 -1.356867790222168 0.7571130394935608
v 0.14777247607707977 -1.356867790222168 0.7571130394935608
v 0.14935629069805145 -1.3669236898422241 0.7355871200561523
v 0.13808399438858032 -1.2952799797058105 0.7013620138168335
v 0.13808399438858032 -1.2952799797058105 0.7013620138168335
v 0.13658499717712402 -1.2857600450515747 0.7217609882354736
v 0.14777247607707977 -1.356867790222168 0.7571130394935608
v 0.17046305537223816 -1.3528996706008911 0.7571170330047607
v 0.1722193956375122 -1.3629237413406372 0.7355917692184448
v 0.1596979945898056 -1.2914899587631226 0.7013620138168335
v 0.1596979945898056 -1.2914899587631226 0.7013620138168335
v 0.1580359935760498 -1.281999945640564 0.7217609882354736
v 0.17046305537223816 -1.3528996706008911 0.7571170330047607
v 0.13658499717712402 -1.2857600450515747 0.7217609882354736
v 0.1580359935760498 -1.281999945640564 0.7217609882354736
v 0.17046305537223816 -1.3528996706008911 0.7571170330047607
v 0.17046305537223816 -1.3528996706008911 0.7571170330047607
v 0.14777247607707977 -1.356867790222168 0.7571130394935608
v 0.13658499717712402 -1.2857600450515747 0.7217609882354736
v 0.13808399438858032 -1.2952799797058105 0.7013620138168335
v 0.14935629069805145 -1.3669236898422241 0.7355871200561523
v 0.1722193956375122 -1.3629237413406372 0.7355917692184448
v 0.1722193956375122 -1.3629237413406372 0.7355917692184448
v 0.1596979945898056 -1.2914899587631226 0.7013620138168335
v 0.13808399438858032 -1.2952799797058105 0.7013620138168335
v 0.0696554034948349 -1.2897100448608398 0.7472689747810364
v 0.07068180292844772 -1.2995799779891968 0.72707200050354
v 0.0925327017903328 -1.2973099946975708 0.72707200050354
v 0.0925327017903328 -1.2973099946975708 0.72707200050354
v 0.09131629765033722 -1.2874599695205688 0.7472689747810364
v 0.0696554034948349 -1.2897100448608398 0.7472689747810364
v 0.07317347824573517 -1.3235293626785278 0.764600396156311
v 0.07422622293233871 -1.3336513042449951 0.7438970804214478
v 0.09665323048830032 -1.33131742477417 0.7438950538635254
v 0.09665323048830032 -1.33131742477417 0.7438950538635254
v 0.0954056829214096 -1.3212159872055054 0.764598548412323
v 0.07317347824573517 -1.3235293626785278 0.764600396156311
v 0.07317347824573517 -1.3235293626785278 0.764600396156311
v 0.07422622293233871 -1.3336513042449951 0.7438970804214478
v 0.07068180292844772 -1.2995799779891968 0.72707200050354
v 0.07068180292844772 -1.2995799779891968 0.72707200050354
v 0.0696554034948349 -1.2897100448608398 0.7472689747810364
v 0.07317347824573517 -1.3235293626785278 0.764600396156311
v 0.0954056829214096 -1.3212159872055054 0.764598548412323
v 0.09665323048830032 -1.33131742477417 0.7438950538635254
v 0.0925327017903328 -1.2973099946975708 0.72707200050354
v 0.0925327017903328 -1.2973099946975708 0.72707200050354
v 0.09131629765033722 -1.2874599695205688 0.7472689747810364
v 0.0954056829214096 -1.3212159872055054 0.764598548412323
v 0.0696554034948349 -1.2897100448608398 0.7472689747810364
v 0.09131629765033722 -1.2874599695205688 0.7472689747810364
v 0.0954056829214096 -1.3212159872055054 0.764598548412323
v 0.0954056829214096 -1.3212159872055054 0.764598548412323
v 0.07317347824573517 -1.3235293626785278 0.764600396156311
v 0.0696554034948349 -1.2897100448608398 0.7472689747810364
v 0.07068180292844772 -1.2995799779891968 0.72707200050354
v 0.07422622293233871 -1.3336513042449951 0.7438970804214478
v 0.09665323048830032 -1.33131742477417 0.7438950538635254
v 0.09665323048830032 -1.33131742477417 0.7438950538635254
v 0.0925327017903328 -1.2973099946975708 0.72707200050354
v 0.07068180292844772 -1.2995799779891968 0.72707200050354
v 0.11412300169467926 -1.2865999937057495 0.7472689747810364
v 0.11549299955368042 -1.2964199781417847 0.72707200050354
v 0.13725100457668304 -1.2933900356292725 0.72707200050354
v 0.13725100457668304 -1.2933900356292725 0.72707200050354
v 0.13569200038909912 -1.2835899591445923 0.7472689747810364
v 0.11412300169467926 -1.2865999937057495 0.7472689747810364
v 0.18898148834705353 -1.8232828378677368 1.023482084274292
v 0.1909073144197464 -1.8371108770370483 0.9951988458633423
v 0.22181002795696259 -1.8327380418777466 0.9951754212379456
v 0.22181002795696259 -1.8327380418777466 0.9951754212379456
v 0.21961350739002228 -1.8189458847045898 1.0234522819519043
v 0.18898148834705353 -1.8232828378677368 1.023482084274292
v 0.18898148834705353 -1.8232828378677368 1.023482084274292
v 0.1909073144197464 -1.8371108770370483 0.9951988458633423
v 0.11549299955368042 -1.2964199781417847 0.72707200050354
v 0.11549299955368042 -1.2964199781417847 0.72707200050354
v 0.11412300169467926 -1.2865999937057495 0.7472689747810364
v 0.18898148834705353 -1.8232828378677368 1.023482084274292
v 0.21961350739002228 -1.8189458847045898 1.0234522819519043
v 0.22181002795696259 -1.8327380418777466 0.9951754212379456
v 0.13725100457668304 -1.2933900356292725 0.72707200050354
v 0.13725100457668304 -1.2933900356292725 0.72707200050354
v 0.13569200038909912 -1.2835899591445923 0.7472689747810364
v 0.21961350739002228 -1.8189458847045898 1.0234522819519043
v 0.11412300169467926 -1.2865999937057495 0.7472689747810364
v 0.13569200038909912 -1.2835899591445923 0.7472689747810364
v 0.21961350739002228 -1.8189458847045898 1.0234522819519043
v 0.21961350739002228 -1.8189458847045898 1.0234522819519043
v 0.18898148834705353 -1.8232828378677368 1.023482084274292
v 0.11412300169467926 -1.2865999937057495 0.7472689747810364
v 0.11549299955368042 -1.2964199781417847 0.72707200050354
v 0.1909073144197464 -1.8371108770370483 0.9951988458633423
v 0.22181002795696259 -1.8327380418777466 0.9951754212379456
v 0.22181002795696259 -1.8327380418777466 0.9951754212379456
v 0.13725100457668304 -1.2933900356292725 0.72707200050354
v 0.11549299955368042 -1.2964199781417847 0.72707200050354
v 0.13658399879932404 -1.2857600450515747 0.7472689747810364
v 0.1381080001592636 -1.2955700159072876 0.72707200050354
v 0.15974700450897217 -1.2917699813842773 0.72707200050354
v 0.15974700450897217 -1.2917699813842773 0.72707200050354
v 0.15803499519824982 -1.281999945640564 0.7472689747810364
v 0.13658399879932404 -1.2857600450515747 0.7472689747810364
v 0.2755518853664398 -2.1658174991607666 1.201346755027771
v 0.2780996859073639 -2.182185411453247 1.1678842306137085
v 0.3147124648094177 -2.175877094268799 1.167912483215332
v 0.3147124648094177 -2.175877094268799 1.167912483215332
v 0.3118528425693512 -2.159555435180664 1.2014015913009644
v 0.2755518853664398 -2.1658174991607666 1.201346755027771
v 0.2755518853664398 -2.1658174991607666 1.201346755027771
v 0.2780996859073639 -2.182185411453247 1.1678842306137085
v 0.1381080001592636 -1.2955700159072876 0.72707200050354
v 0.1381080001592636 -1.2955700159072876 0.72707200050354
v 0.13658399879932404 -1.2857600450515747 0.7472689747810364
v 0.2755518853664398 -2.1658174991607666 1.201346755027771
v 0.3118528425693512 -2.159555435180664 1.2014015913009644
v 0.3147124648094177 -2.175877094268799 1.167912483215332
v 0.15974700450897217 -1.2917699813842773 0.72707200050354
v 0.15974700450897217 -1.2917699813842773 0.72707200050354
v 0.15803499519824982 -1.281999945640564 0.7472689747810364
v 0.3118528425693512 -2.159555435180664 1.2014015913009644
v 0.13658399879932404 -1.2857600450515747 0.7472689747810364
v 0.15803499519824982 -1.281999945640564 0.7472689747810364
v 0.3118528425693512 -2.159555435180664 1.2014015913009644
v 0.3118528425693512 -2.159555435180664 1.2014015913009644
v 0.2755518853664398 -2.1658174991607666 1.201346755027771
v 0.13658399879932404 -1.2857600450515747 0.7472689747810364
v 0.1381080001592636 -1.2955700159072876 0.72707200050354
v 0.2780996859073639 -2.182185411453247 1.1678842306137085
v 0.3147124648094177 -2.175877094268799 1.167912483215332
v 0.3147124648094177 -2.175877094268799 1.167912483215332
v 0.15974700450897217 -1.2917699813842773 0.72707200050354
v 0.1381080001592636 -1.2955700159072876 0.72707200050354
v -0.024546900764107704 -1.2912800312042236 0.7729560136795044
v -0.024198999628424644 -1.3014999628067017 0.7529079914093018
v -0.0022429199889302254 -1.3007500171661377 0.7529079914093018
v -0.0022429199889302254 -1.3007500171661377 0.7529079914093018
v -0.0027816900983452797 -1.2905399799346924 0.7729560136795044
v -0.024546900764107704 -1.2912800312042236 0.7729560136795044
v -0.023320885375142097 -1.3272720575332642 0.7919901013374329
v -0.022963451221585274 -1.3377702236175537 0.7714059948921204
v -0.00038920241058804095 -1.336995244026184 0.7714031934738159
v -0.00038920241058804095 -1.336995244026184 0.7714031934738159
v -0.0009426487958990037 -1.3265069723129272 0.7919880747795105
v -0.023320885375142097 -1.3272720575332642 0.7919901013374329
v -0.023320885375142097 -1.3272720575332642 0.7919901013374329
v -0.022963451221585274 -1.3377702236175537 0.7714059948921204
v -0.024198999628424644 -1.3014999628067017 0.7529079914093018
v -0.024198999628424644 -1.3014999628067017 0.7529079914093018
v -0.024546900764107704 -1.2912800312042236 0.7729560136795044
v -0.023320885375142097 -1.3272720575332642 0.7919901013374329
v -0.0009426487958990037 -1.3265069723129272 0.7919880747795105
v -0.00038920241058804095 -1.336995244026184 0.7714031934738159
v -0.0022429199889302254 -1.3007500171661377 0.7529079914093018
v -0.0022429199889302254 -1.3007500171661377 0.7529079914093018
v -0.0027816900983452797 -1.2905399799346924 0.7729560136795044
v -0.0009426487958990037 -1.3265069723129272 0.7919880747795105
v -0.024546900764107704 -1.2912800312042236 0.7729560136795044
v -0.0027816900983452797 -1.2905399799346924 0.7729560136795044
v -0.0009426487958990037 -1.3265069723129272 0.7919880747795105
v -0.0009426487958990037 -1.3265069723129272 0.7919880747795105
v -0.023320885375142097 -1.3272720575332642 0.7919901013374329
v -0.024546900764107704 -1.2912800312042236 0.7729560136795044
v -0.024198999628424644 -1.3014999628067017 0.7529079914093018
v -0.022963451221585274 -1.3377702236175537 0.7714059948921204
v -0.00038920241058804095 -1.336995244026184 0.7714031934738159
v -0.00038920241058804095 -1.336995244026184 0.7714031934738159
v -0.0022429199889302254 -1.3007500171661377 0.7529079914093018
v -0.024198999628424644 -1.3014999628067017 0.7529079914093018
v 0.11412300169467926 -1.2865999937057495 0.7729560136795044
v 0.11553400009870529 -1.296720027923584 0.7529079914093018
v 0.13729199767112732 -1.29367995262146 0.7529079914093018
v 0.13729199767112732 -1.29367995262146 0.7529079914093018
v 0.13569200038909912 -1.2835899591445923 0.7729560136795044
v 0.11412300169467926 -1.2865999937057495 0.7729560136795044
v 0.12016987800598145 -1.3299509286880493 0.7960911989212036
v 0.12162773311138153 -1.3404065370559692 0.7753903865814209
v 0.1441296637058258 -1.337257742881775 0.7753875851631165
v 0.1441296637058258 -1.337257742881775 0.7753875851631165
v 0.14247636497020721 -1.3268334865570068 0.7960878014564514
v 0.12016987800598145 -1.3299509286880493 0.7960911989212036
v 0.12016987800598145 -1.3299509286880493 0.7960911989212036
v 0.12162773311138153 -1.3404065370559692 0.7753903865814209
v 0.11553400009870529 -1.296720027923584 0.7529079914093018
v 0.11553400009870529 -1.296720027923584 0.7529079914093018
v 0.11412300169467926 -1.2865999937057495 0.7729560136795044
v 0.12016987800598145 -1.3299509286880493 0.7960911989212036
v 0.14247636497020721 -1.3268334865570068 0.7960878014564514
v 0.1441296637058258 -1.337257742881775 0.7753875851631165
v 0.13729199767112732 -1.29367995262146 0.7529079914093018
v 0.13729199767112732 -1.29367995262146 0.7529079914093018
v 0.13569200038909912 -1.2835899591445923 0.7729560136795044
v 0.14247636497020721 -1.3268334865570068 0.7960878014564514
v 0.11412300169467926 -1.2865999937057495 0.7729560136795044
v 0.13569200038909912 -1.2835899591445923 0.7729560136795044
v 0.14247636497020721 -1.3268334865570068 0.7960878014564514
v 0.14247636497020721 -1.3268334865570068 0.7960878014564514
v 0.12016987800598145 -1.3299509286880493 0.7960911989212036
v 0.11412300169467926 -1.2865999937057495 0.7729560136795044
v 0.11553400009870529 -1.296720027923584 0.7529079914093018
v 0.12162773311138153 -1.3404065370559692 0.7753903865814209
v 0.1441296637058258 -1.337257742881775 0.7753875851631165
v 0.1441296637058258 -1.337257742881775 0.7753875851631165
v 0.13729199767112732 -1.29367995262146 0.7529079914093018
v 0.11553400009870529 -1.296720027923584 0.7529079914093018
v 0.13658399879932404 -1.2857600450515747 0.7729560136795044
v 0.13816000521183014 -1.2958600521087646 0.7529079914093018
v 0.1597989946603775 -1.2920700311660767 0.7529079914093018
v 0.1597989946603775 -1.2920700311660767 0.7529079914093018
v 0.15803499519824982 -1.281999945640564 0.7729560136795044
v 0.13658399879932404 -1.2857600450515747 0.7729560136795044
v 0.14701400697231293 -1.351871371269226 0.808323860168457
v 0.1486702263355255 -1.3624826669692993 0.7872786521911621
v 0.17144323885440826 -1.3585013151168823 0.7872835397720337
v 0.17144323885440826 -1.3585013151168823 0.7872835397720337
v 0.16958943009376526 -1.3479218482971191 0.8083281517028809
v 0.14701400697231293 -1.351871371269226 0.808323860168457
v 0.14701400697231293 -1.351871371269226 0.808323860168457
v 0.1486702263355255 -1.3624826669692993 0.7872786521911621
v 0.13816000521183014 -1.2958600521087646 0.7529079914093018
v 0.13816000521183014 -1.2958600521087646 0.7529079914093018
v 0.13658399879932404 -1.2857600450515747 0.7729560136795044
v 0.14701400697231293 -1.351871371269226 0.808323860168457
v 0.16958943009376526 -1.3479218482971191 0.8083281517028809
v 0.17144323885440826 -1.3585013151168823 0.7872835397720337
v 0.1597989946603775 -1.2920700311660767 0.7529079914093018
v 0.1597989946603775 -1.2920700311660767 0.7529079914093018
v 0.15803499519824982 -1.281999945640564 0.7729560136795044
v 0.16958943009376526 -1.3479218482971191 0.8083281517028809
v 0.13658399879932404 -1.2857600450515747 0.7729560136795044
v 0.15803499519824982 -1.281999945640564 0.7729560136795044
v 0.16958943009376526 -1.3479218482971191 0.8083281517028809
v 0.16958943009376526 -1.3479218482971191 0.8083281517028809
v 0.14701400697231293 -1.351871371269226 0.808323860168457
v 0.13658399879932404 -1.2857600450515747 0.7729560136795044
v 0.13816000521183014 -1.2958600521087646 0.7529079914093018
v 0.1486702263355255 -1.3624826669692993 0.7872786521911621
v 0.17144323885440826 -1.3585013151168823 0.7872835397720337
v 0.17144323885440826 -1.3585013151168823 0.7872835397720337
v 0.1597989946603775 -1.2920700311660767 0.7529079914093018
v 0.13816000521183014 -1.2958600521087646 0.7529079914093018
v 0.8819609880447388 0.9435849785804749 0.7988409996032715
v 0.888725996017456 0.9516329765319824 0.7789469957351685
v 0.8719099760055542 0.9657689929008484 0.7789469957351685
v 0.8719099760055542 0.9657689929008484 0.7789469957351685
v 0.8652909994125366 0.9575979709625244 0.7988409996032715
v 0.8819609880447388 0.9435849785804749 0.7988409996032715
v 0.9086827635765076 0.9753736853599548 0.8215836882591248
v 0.9156618118286133 0.9836768507957458 0.8010705709457397
v 0.8982918858528137 0.9982725977897644 0.8010674715042114
v 0.8982918858528137 0.9982725977897644 0.8010674715042114
v 0.8914642333984375 0.9898415803909302 0.8215811848640442
v 0.9086827635765076 0.9753736853599548 0.8215836882591248
v 0.9086827635765076 0.9753736853599548 0.8215836882591248
v 0.9156618118286133 0.9836768507957458 0.8010705709457397
v 0.888725996017456 0.9516329765319824 0.7789469957351685
v 0.888725996017456 0.9516329765319824 0.7789469957351685
v 0.8819609880447388 0.9435849785804749 0.7988409996032715
v 0.9086827635765076 0.9753736853599548 0.8215836882591248
v 0.8914642333984375 0.9898415803909302 0.8215811848640442
v 0.8982918858528137 0.9982725977897644 0.8010674715042114
v 0.8719099760055542 0.9657689929008484 0.7789469957351685
v 0.8719099760055542 0.9657689929008484 0.7789469957351685
v 0.8652909994125366 0.9575979709625244 0.7988409996032715
v 0.8914642333984375 0.9898415803909302 0.8215811848640442
v 0.8819609880447388 0.9435849785804749 0.7988409996032715
v 0.8652909994125366 0.9575979709625244 0.7988409996032715
v 0.8914642333984375 0.9898415803909302 0.8215811848640442
v 0.8914642333984375 0.9898415803909302 0.8215811848640442
v 0.9086827635765076 0.9753736853599548 0.8215836882591248
v 0.8819609880447388 0.9435849785804749 0.7988409996032715
v 0.888725996017456 0.9516329765319824 0.7789469957351685
v 0.9156618118286133 0.9836768507957458 0.8010705709457397
v 0.8982918858528137 0.9982725977897644 0.8010674715042114
v 0.8982918858528137 0.9982725977897644 0.8010674715042114
v 0.8719099760055542 0.9657689929008484 0.7789469957351685
v 0.888725996017456 0.9516329765319824 0.7789469957351685
v 0.7218440175056458 1.0727499723434448 0.8249319791793823
v 0.7274219989776611 1.0820000171661377 0.8051959872245789
v 0.708407998085022 1.0930099487304688 0.8051959872245789
v 0.708407998085022 1.0930099487304688 0.8051959872245789
v 0.7029950022697449 1.08364999294281 0.8249319791793823
v 0.7218440175056458 1.0727499723434448 0.8249319791793823
v 0.7579478621482849 1.132718563079834 0.8646189570426941
v 0.763825535774231 1.1424673795700073 0.843838632106781
v 0.7437589764595032 1.1540950536727905 0.8438443541526794
v 0.7437589764595032 1.1540950536727905 0.8438443541526794
v 0.7380533814430237 1.1442331075668335 0.8646228909492493
v 0.7579478621482849 1.132718563079834 0.8646189570426941
v 0.7579478621482849 1.132718563079834 0.8646189570426941
v 0.763825535774231 1.1424673795700073 0.843838632106781
v 0.7274219989776611 1.0820000171661377 0.8051959872245789
v 0.7274219989776611 1.0820000171661377 0.8051959872245789
v 0.7218440175056458 1.0727499723434448 0.8249319791793823
v 0.7579478621482849 1.132718563079834 0.8646189570426941
v 0.7380533814430237 1.1442331075668335 0.8646228909492493
v 0.7437589764595032 1.1540950536727905 0.8438443541526794
v 0.708407998085022 1.0930099487304688 0.8051959872245789
v 0.708407998085022 1.0930099487304688 0.8051959872245789
v 0.7029950022697449 1.08364999294281 0.8249319791793823
v 0.7380533814430237 1.1442331075668335 0.8646228909492493
v 0.7218440175056458 1.0727499723434448 0.8249319791793823
v 0.7029950022697449 1.08364999294281 0.8249319791793823
v 0.7380533814430237 1.1442331075668335 0.8646228909492493
v 0.7380533814430237 1.1442331075668335 0.8646228909492493
v 0.7579478621482849 1.132718563079834 0.8646189570426941
v 0.7218440175056458 1.0727499723434448 0.8249319791793823
v 0.7274219989776611 1.0820000171661377 0.8051959872245789
v 0.763825535774231 1.1424673795700073 0.843838632106781
v 0.7437589764595032 1.1540950536727905 0.8438443541526794
v 0.7437589764595032 1.1540950536727905 0.8438443541526794
v 0.708407998085022 1.0930099487304688 0.8051959872245789
v 0.7274219989776611 1.0820000171661377 0.8051959872245789
v 0.7026259899139404 1.0838700532913208 0.8249319791793823
v 0.7080389857292175 1.0932199954986572 0.8051959872245789
v 0.6890249848365784 1.1042300462722778 0.8051959872245789
v 0.6890249848365784 1.1042300462722778 0.8051959872245789
v 0.6837769746780396 1.0947799682617188 0.8249319791793823
v 0.7026259899139404 1.0838700532913208 0.8249319791793823
v 0.7699993252754211 1.2002887725830078 0.9012078642845154
v 0.7759701609611511 1.2106090784072876 0.8794634938240051
v 0.7549177408218384 1.2227790355682373 0.879457414150238
v 0.7549177408218384 1.2227790355682373 0.879457414150238
v 0.7491259574890137 1.2123533487319946 0.9011980891227722
v 0.7699993252754211 1.2002887725830078 0.9012078642845154
v 0.7699993252754211 1.2002887725830078 0.9012078642845154
v 0.7759701609611511 1.2106090784072876 0.8794634938240051
v 0.7080389857292175 1.0932199954986572 0.8051959872245789
v 0.7080389857292175 1.0932199954986572 0.8051959872245789
v 0.7026259899139404 1.0838700532913208 0.8249319791793823
v 0.7699993252754211 1.2002887725830078 0.9012078642845154
v 0.7491259574890137 1.2123533487319946 0.9011980891227722
v 0.7549177408218384 1.2227790355682373 0.879457414150238
v 0.6890249848365784 1.1042300462722778 0.8051959872245789
v 0.6890249848365784 1.1042300462722778 0.8051959872245789
v 0.6837769746780396 1.0947799682617188 0.8249319791793823
v 0.7491259574890137 1.2123533487319946 0.9011980891227722
v 0.7026259899139404 1.0838700532913208 0.8249319791793823
v 0.6837769746780396 1.0947799682617188 0.8249319791793823
v 0.7491259574890137 1.2123533487319946 0.9011980891227722
v 0.7491259574890137 1.2123533487319946 0.9011980891227722
v 0.7699993252754211 1.2002887725830078 0.9012078642845154
v 0.7026259899139404 1.0838700532913208 0.8249319791793823
v 0.7080389857292175 1.0932199954986572 0.8051959872245789
v 0.7759701609611511 1.2106090784072876 0.8794634938240051
v 0.7549177408218384 1.2227790355682373 0.879457414150238
v 0.7549177408218384 1.2227790355682373 0.879457414150238
v 0.6890249848365784 1.1042300462722778 0.8051959872245789
v 0.7080389857292175 1.0932199954986572 0.8051959872245789
v 0.9752129912376404 -0.8470309972763062 0.8249319791793823
v 0.983722984790802 -0.8536930084228516 0.8051959872245789
v 0.9972649812698364 -0.8363950252532959 0.8051959872245789
v 0.9972649812698364 -0.8363950252532959 0.8051959872245789
v 0.9886369705200195 -0.8298829793930054 0.8249319791793823
v 0.9752129912376404 -0.8470309972763062 0.8249319791793823
v 1.0549038648605347 -0.9094177484512329 0.8823215365409851
v 1.0640755891799927 -0.916598379611969 0.8610766530036926
v 1.0786962509155273 -0.89790278673172 0.8610711693763733
v 1.0786962509155273 -0.89790278673172 0.8610711693763733
v 1.0693989992141724 -0.8908829092979431 0.882314920425415
v 1.0549038648605347 -0.9094177484512329 0.8823215365409851
v 1.0549038648605347 -0.9094177484512329 0.8823215365409851
v 1.0640755891799927 -0.916598379611969 0.8610766530036926
v 0.983722984790802 -0.8536930084228516 0.8051959872245789
v 0.983722984790802 -0.8536930084228516 0.8051959872245789
v 0.9752129912376404 -0.8470309972763062 0.8249319791793823
v 1.0549038648605347 -0.9094177484512329 0.8823215365409851
v 1.0693989992141724 -0.8908829092979431 0.882314920425415
v 1.0786962509155273 -0.89790278673172 0.8610711693763733
v 0.9972649812698364 -0.8363950252532959 0.8051959872245789
v 0.9972649812698364 -0.8363950252532959 0.8051959872245789
v 0.9886369705200195 -0.8298829793930054 0.8249319791793823
v 1.0693989992141724 -0.8908829092979431 0.882314920425415
v 0.9752129912376404 -0.8470309972763062 0.8249319791793823
v 0.9886369705200195 -0.8298829793930054 0.8249319791793823
v 1.0693989992141724 -0.8908829092979431 0.882314920425415
v 1.0693989992141724 -0.8908829092979431 0.882314920425415
v 1.0549038648605347 -0.9094177484512329 0.8823215365409851
v 0.9752129912376404 -0.8470309972763062 0.8249319791793823
v 0.983722984790802 -0.8536930084228516 0.8051959872245789
v 1.0640755891799927 -0.916598379611969 0.8610766530036926
v 1.0786962509155273 -0.89790278673172 0.8610711693763733
v 1.0786962509155273 -0.89790278673172 0.8610711693763733
v 0.9972649812698364 -0.8363950252532959 0.8051959872245789
v 0.983722984790802 -0.8536930084228516 0.8051959872245789
v 1.1712900400161743 -0.5444650053977966 0.851239025592804
v 1.181570053100586 -0.5486339926719666 0.8316649794578552
v 1.1898200511932373 -0.5282729864120483 0.8316649794578552
v 1.1898200511932373 -0.5282729864120483 0.8316649794578552
v 1.1794699430465698 -0.5242819786071777 0.851239025592804
v 1.1712900400161743 -0.5444650053977966 0.851239025592804
v 1.199888825416565 -0.5560547709465027 0.8693472743034363
v 1.2104153633117676 -0.5603229999542236 0.8493125438690186
v 1.2188664674758911 -0.5394567251205444 0.849310040473938
v 1.2188664674758911 -0.5394567251205444 0.849310040473938
v 1.2082679271697998 -0.535370945930481 0.8693453073501587
v 1.199888825416565 -0.5560547709465027 0.8693472743034363
v 1.199888825416565 -0.5560547709465027 0.8693472743034363
v 1.2104153633117676 -0.5603229999542236 0.8493125438690186
v 1.181570053100586 -0.5486339926719666 0.8316649794578552
v 1.181570053100586 -0.5486339926719666 0.8316649794578552
v 1.1712900400161743 -0.5444650053977966 0.851239025592804
v 1.199888825416565 -0.5560547709465027 0.8693472743034363
v 1.2082679271697998 -0.535370945930481 0.8693453073501587
v 1.2188664674758911 -0.5394567251205444 0.849310040473938
v 1.1898200511932373 -0.5282729864120483 0.8316649794578552
v 1.1898200511932373 -0.5282729864120483 0.8316649794578552
v 1.1794699430465698 -0.5242819786071777 0.851239025592804
v 1.2082679271697998 -0.535370945930481 0.8693453073501587
v 1.1712900400161743 -0.5444650053977966 0.851239025592804
v 1.1794699430465698 -0.5242819786071777 0.851239025592804
v 1.2082679271697998 -0.535370945930481 0.8693453073501587
v 1.2082679271697998 -0.535370945930481 0.8693453073501587
v 1.199888825416565 -0.5560547709465027 0.8693472743034363
v 1.1712900400161743 -0.5444650053977966 0.851239025592804
v 1.181570053100586 -0.5486339926719666 0.8316649794578552
v 1.2104153633117676 -0.5603229999542236 0.8493125438690186
v 1.2188664674758911 -0.5394567251205444 0.849310040473938
v 1.2188664674758911 -0.5394567251205444 0.849310040473938
v 1.1898200511932373 -0.5282729864120483 0.8316649794578552
v 1.181570053100586 -0.5486339926719666 0.8316649794578552
v 0.8332579731941223 -0.9884420037269592 0.8779309988021851
v 0.841048002243042 -0.9968389868736267 0.8584139943122864
v 0.8568860292434692 -0.98157799243927 0.8584139943122864
v 0.8568860292434692 -0.98157799243927 0.8584139943122864
v 0.8489400148391724 -0.9733309745788574 0.8779309988021851
v 0.8332579731941223 -0.9884420037269592 0.8779309988021851
v 0.8553140163421631 -1.012116551399231 0.8975348472595215
v 0.8632902503013611 -1.0207151174545288 0.8775576949119568
v 0.8795266151428223 -1.0050750970840454 0.8775596022605896
v 0.8795266151428223 -1.0050750970840454 0.8775596022605896
v 0.8713907599449158 -0.9966299533843994 0.8975368738174438
v 0.8553140163421631 -1.012116551399231 0.8975348472595215
v 0.8553140163421631 -1.012116551399231 0.8975348472595215
v 0.8632902503013611 -1.0207151174545288 0.8775576949119568
v 0.841048002243042 -0.9968389868736267 0.8584139943122864
v 0.841048002243042 -0.9968389868736267 0.8584139943122864
v 0.8332579731941223 -0.9884420037269592 0.8779309988021851
v 0.8553140163421631 -1.012116551399231 0.8975348472595215
v 0.8713907599449158 -0.9966299533843994 0.8975368738174438
v 0.8795266151428223 -1.0050750970840454 0.8775596022605896
v 0.8568860292434692 -0.98157799243927 0.8584139943122864
v 0.8568860292434692 -0.98157799243927 0.8584139943122864
v 0.8489400148391724 -0.9733309745788574 0.8779309988021851
v 0.8713907599449158 -0.9966299533843994 0.8975368738174438
v 0.8332579731941223 -0.9884420037269592 0.8779309988021851
v 0.8489400148391724 -0.9733309745788574 0.8779309988021851
v 0.8713907599449158 -0.9966299533843994 0.8975368738174438
v 0.8713907599449158 -0.9966299533843994 0.8975368738174438
v 0.8553140163421631 -1.012116551399231 0.8975348472595215
v 0.8332579731941223 -0.9884420037269592 0.8779309988021851
v 0.841048002243042 -0.9968389868736267 0.8584139943122864
v 0.8632902503013611 -1.0207151174545288 0.8775576949119568
v 0.8795266151428223 -1.0050750970840454 0.8775596022605896
v 0.8795266151428223 -1.0050750970840454 0.8775596022605896
v 0.8568860292434692 -0.98157799243927 0.8584139943122864
v 0.841048002243042 -0.9968389868736267 0.8584139943122864
v 1.0188599824905396 -0.7961400151252747 0.9870010018348694
v 1.0291199684143066 -0.8033390045166016 0.9681620001792908
v 1.0414400100708008 -0.7851160168647766 0.9681620001792908
v 1.0414400100708008 -0.7851160168647766 0.9681620001792908
v 1.0310499668121338 -0.7780969738960266 0.9870010018348694
v 1.0188599824905396 -0.7961400151252747 0.9870010018348694
v 1.0410594940185547 -0.8117153644561768 1.005600929260254
v 1.0515329837799072 -0.8190638422966003 0.9863760471343994
v 1.0641229152679443 -0.8004465699195862 0.9863781332969666
v 1.0641229152679443 -0.8004465699195862 0.9863781332969666
v 1.0535173416137695 -0.7932813763618469 1.0056025981903076
v 1.0410594940185547 -0.8117153644561768 1.005600929260254
v 1.0410594940185547 -0.8117153644561768 1.005600929260254
v 1.0515329837799072 -0.8190638422966003 0.9863760471343994
v 1.0291199684143066 -0.8033390045166016 0.9681620001792908
v 1.0291199684143066 -0.8033390045166016 0.9681620001792908
v 1.0188599824905396 -0.7961400151252747 0.9870010018348694
v 1.0410594940185547 -0.8117153644561768 1.005600929260254
v 1.0535173416137695 -0.7932813763618469 1.0056025981903076
v 1.0641229152679443 -0.8004465699195862 0.9863781332969666
v 1.0414400100708008 -0.7851160168647766 0.9681620001792908
v 1.0414400100708008 -0.7851160168647766 0.9681620001792908
v 1.0310499668121338 -0.7780969738960266 0.9870010018348694
v 1.0535173416137695 -0.7932813763618469 1.0056025981903076
v 1.0188599824905396 -0.7961400151252747 0.9870010018348694
v 1.0310499668121338 -0.7780969738960266 0.9870010018348694
v 1.0535173416137695 -0.7932813763618469 1.0056025981903076
v 1.0535173416137695 -0.7932813763618469 1.0056025981903076
v 1.0410594940185547 -0.8117153644561768 1.005600929260254
v 1.0188599824905396 -0.7961400151252747 0.9870010018348694
v 1.0291199684143066 -0.8033390045166016 0.9681620001792908
v 1.0515329837799072 -0.8190638422966003 0.9863760471343994
v 1.0641229152679443 -0.8004465699195862 0.9863781332969666
v 1.0641229152679443 -0.8004465699195862 0.9863781332969666
v 1.0414400100708008 -0.7851160168647766 0.9681620001792908
v 1.0291199684143066 -0.8033390045166016 0.9681620001792908
v -1.1625800132751465 -0.5657910108566284 1.1009800434112549
v -1.1745100021362305 -0.5723869800567627 1.0827300548553467
v -1.1635199785232544 -0.5914649963378906 1.0827300548553467
v -1.1635199785232544 -0.5914649963378906 1.0827300548553467
v -1.151710033416748 -0.5846610069274902 1.1009800434112549
v -1.1625800132751465 -0.5657910108566284 1.1009800434112549
v -1.1909611225128174 -0.5814957022666931 1.1258823871612549
v -1.2031809091567993 -0.588252604007721 1.1071945428848267
v -1.1919108629226685 -0.607822835445404 1.1071969270706177
v -1.1919108629226685 -0.607822835445404 1.1071969270706177
v -1.1798133850097656 -0.6008531451225281 1.1258851289749146
v -1.1909611225128174 -0.5814957022666931 1.1258823871612549
v -1.1909611225128174 -0.5814957022666931 1.1258823871612549
v -1.2031809091567993 -0.588252604007721 1.1071945428848267
v -1.1745100021362305 -0.5723869800567627 1.0827300548553467
v -1.1745100021362305 -0.5723869800567627 1.0827300548553467
v -1.1625800132751465 -0.5657910108566284 1.1009800434112549
v -1.1909611225128174 -0.5814957022666931 1.1258823871612549
v -1.1798133850097656 -0.6008531451225281 1.1258851289749146
v -1.1919108629226685 -0.607822835445404 1.1071969270706177
v -1.1635199785232544 -0.5914649963378906 1.0827300548553467
v -1.1635199785232544 -0.5914649963378906 1.0827300548553467
v -1.151710033416748 -0.5846610069274902 1.1009800434112549
v -1.1798133850097656 -0.6008531451225281 1.1258851289749146
v -1.1625800132751465 -0.5657910108566284 1.1009800434112549
v -1.151710033416748 -0.5846610069274902 1.1009800434112549
v -1.1798133850097656 -0.6008531451225281 1.1258851289749146
v -1.1798133850097656 -0.6008531451225281 1.1258851289749146
v -1.1909611225128174 -0.5814957022666931 1.1258823871612549
v -1.1625800132751465 -0.5657910108566284 1.1009800434112549
v -1.1745100021362305 -0.5723869800567627 1.0827300548553467
v -1.2031809091567993 -0.588252604007721 1.1071945428848267
v -1.1919108629226685 -0.607822835445404 1.1071969270706177
v -1.1919108629226685 -0.607822835445404 1.1071969270706177
v -1.1635199785232544 -0.5914649963378906 1.0827300548553467
v -1.1745100021362305 -0.5723869800567627 1.0827300548553467
v -1.2427400350570679 0.3569810092449188 1.1688200235366821
v -1.2566399574279785 0.36021798849105835 1.1507400274276733
v -1.2612500190734863 0.3386630117893219 1.1507400274276733
v -1.2612500190734863 0.3386630117893219 1.1507400274276733
v -1.247290015220642 0.3356829881668091 1.1688200235366821
v -1.2427400350570679 0.3569810092449188 1.1688200235366821
v -1.2785168886184692 0.36524730920791626 1.1985656023025513
v -1.2927831411361694 0.36856937408447266 1.1800153255462646
v -1.2975250482559204 0.34640824794769287 1.1800189018249512
v -1.2975250482559204 0.34640824794769287 1.1800189018249512
v -1.2831977605819702 0.3433496057987213 1.1985684633255005
v -1.2785168886184692 0.36524730920791626 1.1985656023025513
v -1.2785168886184692 0.36524730920791626 1.1985656023025513
v -1.2927831411361694 0.36856937408447266 1.1800153255462646
v -1.2566399574279785 0.36021798849105835 1.1507400274276733
v -1.2566399574279785 0.36021798849105835 1.1507400274276733
v -1.2427400350570679 0.3569810092449188 1.1688200235366821
v -1.2785168886184692 0.36524730920791626 1.1985656023025513
v -1.2831977605819702 0.3433496057987213 1.1985684633255005
v -1.2975250482559204 0.34640824794769287 1.1800189018249512
v -1.2612500190734863 0.3386630117893219 1.1507400274276733
v -1.2612500190734863 0.3386630117893219 1.1507400274276733
v -1.247290015220642 0.3356829881668091 1.1688200235366821
v -1.2831977605819702 0.3433496057987213 1.1985684633255005
v -1.2427400350570679 0.3569810092449188 1.1688200235366821
v -1.247290015220642 0.3356829881668091 1.1688200235366821
v -1.2831977605819702 0.3433496057987213 1.1985684633255005
v -1.2831977605819702 0.3433496057987213 1.1985684633255005
v -1.2785168886184692 0.36524730920791626 1.1985656023025513
v -1.2427400350570679 0.3569810092449188 1.1688200235366821
v -1.2566399574279785 0.36021798849105835 1.1507400274276733
v -1.2927831411361694 0.36856937408447266 1.1800153255462646
v -1.2975250482559204 0.34640824794769287 1.1800189018249512
v -1.2975250482559204 0.34640824794769287 1.1800189018249512
v -1.2612500190734863 0.3386630117893219 1.1507400274276733
v -1.2566399574279785 0.36021798849105835 1.1507400274276733
v 1.0955699682235718 -0.6864989995956421 1.3547999858856201
v 1.1092400550842285 -0.694100022315979 1.3378000259399414
v 1.1196099519729614 -0.6746320128440857 1.3378000259399414
v 1.1196099519729614 -0.6746320128440857 1.3378000259399414
v 1.1058100461959839 -0.6672800183296204 1.3547999858856201
v 1.0955699682235718 -0.6864989995956421 1.3547999858856201
v 1.217072606086731 -0.7538946866989136 1.4856878519058228
v 1.2321052551269531 -0.7622513771057129 1.4670138359069824
v 1.2435979843139648 -0.7406969666481018 1.4670250415802002
v 1.2435979843139648 -0.7406969666481018 1.4670250415802002
v 1.2284249067306519 -0.7326115369796753 1.4856971502304077
v 1.217072606086731 -0.7538946866989136 1.4856878519058228
v 1.217072606086731 -0.7538946866989136 1.4856878519058228
v 1.2321052551269531 -0.7622513771057129 1.4670138359069824
v 1.1092400550842285 -0.694100022315979 1.3378000259399414
v 1.1092400550842285 -0.694100022315979 1.3378000259399414
v 1.0955699682235718 -0.6864989995956421 1.3547999858856201
v 1.217072606086731 -0.7538946866989136 1.4856878519058228
v 1.2284249067306519 -0.7326115369796753 1.4856971502304077
v 1.2435979843139648 -0.7406969666481018 1.4670250415802002
v 1.1196099519729614 -0.6746320128440857 1.3378000259399414
v 1.1196099519729614 -0.6746320128440857 1.3378000259399414
v 1.1058100461959839 -0.6672800183296204 1.3547999858856201
v 1.2284249067306519 -0.7326115369796753 1.4856971502304077
v 1.0955699682235718 -0.6864989995956421 1.3547999858856201
v 1.1058100461959839 -0.6672800183296204 1.3547999858856201
v 1.2284249067306519 -0.7326115369796753 1.4856971502304077
v 1.2284249067306519 -0.7326115369796753 1.4856971502304077
v 1.217072606086731 -0.7538946866989136 1.4856878519058228
v 1.0955699682235718 -0.6864989995956421 1.3547999858856201
v 1.1092400550842285 -0.694100022315979 1.3378000259399414
v 1.2321052551269531 -0.7622513771057129 1.4670138359069824
v 1.2435979843139648 -0.7406969666481018 1.4670250415802002
v 1.2435979843139648 -0.7406969666481018 1.4670250415802002
v 1.1196099519729614 -0.6746320128440857 1.3378000259399414
v 1.1092400550842285 -0.694100022315979 1.3378000259399414
v -1.285979986190796 -0.1340389996767044 1.554710030555725
v -1.3026800155639648 -0.1366640031337738 1.5387400388717651
v -1.29885995388031 -0.1584089994430542 1.5387400388717651
v -1.29885995388031 -0.1584089994430542 1.5387400388717651
v -1.2822200059890747 -0.1554899960756302 1.554710030555725
v -1.285979986190796 -0.1340389996767044 1.554710030555725
v -1.4291387796401978 -0.15664346516132355 1.7115237712860107
v -1.4475555419921875 -0.15953996777534485 1.6939293146133423
v -1.4433162212371826 -0.183748260140419 1.6939375400543213
v -1.4433162212371826 -0.183748260140419 1.6939375400543213
v -1.4249564409255981 -0.18052898347377777 1.7115390300750732
v -1.4291387796401978 -0.15664346516132355 1.7115237712860107
v -1.4291387796401978 -0.15664346516132355 1.7115237712860107
v -1.4475555419921875 -0.15953996777534485 1.6939293146133423
v -1.3026800155639648 -0.1366640031337738 1.5387400388717651
v -1.3026800155639648 -0.1366640031337738 1.5387400388717651
v -1.285979986190796 -0.1340389996767044 1.554710030555725
v -1.4291387796401978 -0.15664346516132355 1.7115237712860107
v -1.4249564409255981 -0.18052898347377777 1.7115390300750732
v -1.4433162212371826 -0.183748260140419 1.6939375400543213
v -1.29885995388031 -0.1584089994430542 1.5387400388717651
v -1.29885995388031 -0.1584089994430542 1.5387400388717651
v -1.2822200059890747 -0.1554899960756302 1.554710030555725
v -1.4249564409255981 -0.18052898347377777 1.7115390300750732
v -1.285979986190796 -0.1340389996767044 1.554710030555725
v -1.2822200059890747 -0.1554899960756302 1.554710030555725
v -1.4249564409255981 -0.18052898347377777 1.7115390300750732
v -1.4249564409255981 -0.18052898347377777 1.7115390300750732
v -1.4291387796401978 -0.15664346516132355 1.7115237712860107
v -1.285979986190796 -0.1340389996767044 1.554710030555725
v -1.3026800155639648 -0.1366640031337738 1.5387400388717651
v -1.4475555419921875 -0.15953996777534485 1.6939293146133423
v -1.4433162212371826 -0.183748260140419 1.6939375400543213
v -1.4433162212371826 -0.183748260140419 1.6939375400543213
v -1.29885995388031 -0.1584089994430542 1.5387400388717651
v -1.3026800155639648 -0.1366640031337738 1.5387400388717651
v -1.2805299758911133 -0.17832699418067932 1.58951997756958
v -1.2972899675369263 -0.18156999349594116 1.573740005493164
v -1.2927199602127075 -0.20316800475120544 1.573740005493164
v -1.2927199602127075 -0.20316800475120544 1.573740005493164
v -1.2760200500488281 -0.19963300228118896 1.58951997756958
v -1.2805299758911133 -0.17832699418067932 1.58951997756958
v -1.301709771156311 -0.18242977559566498 1.6133939027786255
v -1.3187311887741089 -0.18572324514389038 1.5973705053329468
v -1.314084529876709 -0.20769019424915314 1.59737229347229
v -1.314084529876709 -0.20769019424915314 1.59737229347229
v -1.2971241474151611 -0.20410004258155823 1.6133954524993896
v -1.301709771156311 -0.18242977559566498 1.6133939027786255
v -1.301709771156311 -0.18242977559566498 1.6133939027786255
v -1.3187311887741089 -0.18572324514389038 1.5973705053329468
v -1.2972899675369263 -0.18156999349594116 1.573740005493164
v -1.2972899675369263 -0.18156999349594116 1.573740005493164
v -1.2805299758911133 -0.17832699418067932 1.58951997756958
v -1.301709771156311 -0.18242977559566498 1.6133939027786255
v -1.2971241474151611 -0.20410004258155823 1.6133954524993896
v -1.314084529876709 -0.20769019424915314 1.59737229347229
v -1.2927199602127075 -0.20316800475120544 1.573740005493164
v -1.2927199602127075 -0.20316800475120544 1.573740005493164
v -1.2760200500488281 -0.19963300228118896 1.58951997756958
v -1.2971241474151611 -0.20410004258155823 1.6133954524993896
v -1.2805299758911133 -0.17832699418067932 1.58951997756958
v -1.2760200500488281 -0.19963300228118896 1.58951997756958
v -1.2971241474151611 -0.20410004258155823 1.6133954524993896
v -1.2971241474151611 -0.20410004258155823 1.6133954524993896
v -1.301709771156311 -0.18242977559566498 1.6133939027786255
v -1.2805299758911133 -0.17832699418067932 1.58951997756958
v -1.2972899675369263 -0.18156999349594116 1.573740005493164
v -1.3187311887741089 -0.18572324514389038 1.5973705053329468
v -1.314084529876709 -0.20769019424915314 1.59737229347229
v -1.314084529876709 -0.20769019424915314 1.59737229347229
v -1.2927199602127075 -0.20316800475120544 1.573740005493164
v -1.2972899675369263 -0.18156999349594116 1.573740005493164
v 1.171049952507019 0.5449780225753784 1.8089799880981445
v 1.1871099472045898 0.5534999966621399 1.7942099571228027
v 1.176759958267212 0.5730170011520386 1.7942099571228027
v 1.176759958267212 0.5730170011520386 1.7942099571228027
v 1.1608400344848633 0.5642160177230835 1.8089799880981445
v 1.171049952507019 0.5449780225753784 1.8089799880981445
v 1.229274034500122 0.5758688449859619 1.891919732093811
v 1.2460960149765015 0.584795355796814 1.8764568567276
v 1.2351948022842407 0.6053406000137329 1.8764525651931763
v 1.2351948022842407 0.6053406000137329 1.8764525651931763
v 1.2185215950012207 0.5961218476295471 1.8919146060943604
v 1.229274034500122 0.5758688449859619 1.891919732093811
v 1.229274034500122 0.5758688449859619 1.891919732093811
v 1.2460960149765015 0.584795355796814 1.8764568567276
v 1.1871099472045898 0.5534999966621399 1.7942099571228027
v 1.1871099472045898 0.5534999966621399 1.7942099571228027
v 1.171049952507019 0.5449780225753784 1.8089799880981445
v 1.229274034500122 0.5758688449859619 1.891919732093811
v 1.2185215950012207 0.5961218476295471 1.8919146060943604
v 1.2351948022842407 0.6053406000137329 1.8764525651931763
v 1.176759958267212 0.5730170011520386 1.7942099571228027
v 1.176759958267212 0.5730170011520386 1.7942099571228027
v 1.1608400344848633 0.5642160177230835 1.8089799880981445
v 1.2185215950012207 0.5961218476295471 1.8919146060943604
v 1.171049952507019 0.5449780225753784 1.8089799880981445
v 1.1608400344848633 0.5642160177230835 1.8089799880981445
v 1.2185215950012207 0.5961218476295471 1.8919146060943604
v 1.2185215950012207 0.5961218476295471 1.8919146060943604
v 1.229274034500122 0.5758688449859619 1.891919732093811
v 1.171049952507019 0.5449780225753784 1.8089799880981445
v 1.1871099472045898 0.5534999966621399 1.7942099571228027
v 1.2460960149765015 0.584795355796814 1.8764568567276
v 1.2351948022842407 0.6053406000137329 1.8764525651931763
v 1.2351948022842407 0.6053406000137329 1.8764525651931763
v 1.176759958267212 0.5730170011520386 1.7942099571228027
v 1.1871099472045898 0.5534999966621399 1.7942099571228027
v -0.3122110068798065 1.2547399997711182 2.2319400310516357
v -0.317999005317688 1.2737200260162354 2.21875
v -0.3390440046787262 1.2669099569320679 2.21875
v -0.3390440046787262 1.2669099569320679 2.21875
v -0.33292898535728455 1.2480299472808838 2.2319400310516357
v -0.3122110068798065 1.2547399997711182 2.2319400310516357
v -0.34586405754089355 1.365179419517517 2.409080743789673
v -0.3521191477775574 1.385694980621338 2.394834280014038
v -0.3751113712787628 1.378257155418396 2.3948442935943604
v -0.3751113712787628 1.378257155418396 2.3948442935943604
v -0.3685024678707123 1.3578503131866455 2.409090280532837
v -0.34586405754089355 1.365179419517517 2.409080743789673
v -0.34586405754089355 1.365179419517517 2.409080743789673
v -0.3521191477775574 1.385694980621338 2.394834280014038
v -0.317999005317688 1.2737200260162354 2.21875
v -0.317999005317688 1.2737200260162354 2.21875
v -0.3122110068798065 1.2547399997711182 2.2319400310516357
v -0.34586405754089355 1.365179419517517 2.409080743789673
v -0.3685024678707123 1.3578503131866455 2.409090280532837
v -0.3751113712787628 1.378257155418396 2.3948442935943604
v -0.3390440046787262 1.2669099569320679 2.21875
v -0.3390440046787262 1.2669099569320679 2.21875
v -0.33292898535728455 1.2480299472808838 2.2319400310516357
v -0.3685024678707123 1.3578503131866455 2.409090280532837
v -0.3122110068798065 1.2547399997711182 2.2319400310516357
v -0.33292898535728455 1.2480299472808838 2.2319400310516357
v -0.3685024678707123 1.3578503131866455 2.409090280532837
v -0.3685024678707123 1.3578503131866455 2.409090280532837
v -0.34586405754089355 1.365179419517517 2.409080743789673
v -0.3122110068798065 1.2547399997711182 2.2319400310516357
v -0.317999005317688 1.2737200260162354 2.21875
v -0.3521191477775574 1.385694980621338 2.394834280014038
v -0.3751113712787628 1.378257155418396 2.3948442935943604
v -0.3751113712787628 1.378257155418396 2.3948442935943604
v -0.3390440046787262 1.2669099569320679 2.21875
v -0.317999005317688 1.2737200260162354 2.21875
v -0.722527027130127 1.0722899436950684 2.322050094604492
v -0.7346869707107544 1.0884599685668945 2.309109926223755
v -0.7521420121192932 1.0748499631881714 2.309109926223755
v -0.7521420121192932 1.0748499631881714 2.309109926223755
v -0.7397000193595886 1.0588899850845337 2.322050094604492
v -0.722527027130127 1.0722899436950684 2.322050094604492
v -0.7356431484222412 1.08970308303833 2.3567605018615723
v -0.7479785680770874 1.1061073541641235 2.343634843826294
v -0.7657262682914734 1.092270016670227 2.3436365127563477
v -0.7657262682914734 1.092270016670227 2.3436365127563477
v -0.753104567527771 1.0760806798934937 2.3567612171173096
v -0.7356431484222412 1.08970308303833 2.3567605018615723
v -0.7356431484222412 1.08970308303833 2.3567605018615723
v -0.7479785680770874 1.1061073541641235 2.343634843826294
v -0.7346869707107544 1.0884599685668945 2.309109926223755
v -0.7346869707107544 1.0884599685668945 2.309109926223755
v -0.722527027130127 1.0722899436950684 2.322050094604492
v -0.7356431484222412 1.08970308303833 2.3567605018615723
v -0.753104567527771 1.0760806798934937 2.3567612171173096
v -0.7657262682914734 1.092270016670227 2.3436365127563477
v -0.7521420121192932 1.0748499631881714 2.309109926223755
v -0.7521420121192932 1.0748499631881714 2.309109926223755
v -0.7397000193595886 1.0588899850845337 2.322050094604492
v -0.753104567527771 1.0760806798934937 2.3567612171173096
v -0.722527027130127 1.0722899436950684 2.322050094604492
v -0.7397000193595886 1.0588899850845337 2.322050094604492
v -0.753104567527771 1.0760806798934937 2.3567612171173096
v -0.753104567527771 1.0760806798934937 2.3567612171173096
v -0.7356431484222412 1.08970308303833 2.3567605018615723
v -0.722527027130127 1.0722899436950684 2.322050094604492
v -0.7346869707107544 1.0884599685668945 2.309109926223755
v -0.7479785680770874 1.1061073541641235 2.343634843826294
v -0.7657262682914734 1.092270016670227 2.3436365127563477
v -0.7657262682914734 1.092270016670227 2.3436365127563477
v -0.7521420121192932 1.0748499631881714 2.309109926223755
v -0.7346869707107544 1.0884599685668945 2.309109926223755
v -1.273669958114624 0.2215919941663742 2.5586800575256348
v -1.2944600582122803 0.2241699993610382 2.5464699268341064
v -1.2967900037765503 0.20214800536632538 2.5464699268341064
v -1.2967900037765503 0.20214800536632538 2.5464699268341064
v -1.2759699821472168 0.19993600249290466 2.5586800575256348
v -1.273669958114624 0.2215919941663742 2.5586800575256348
v -1.2932990789413452 0.22401008009910583 2.593209981918335
v -1.314354419708252 0.22662104666233063 2.580845355987549
v -1.3167226314544678 0.2042647898197174 2.580845594406128
v -1.3167226314544678 0.2042647898197174 2.580845594406128
v -1.2956345081329346 0.20202459394931793 2.5932114124298096
v -1.2932990789413452 0.22401008009910583 2.593209981918335
v -1.2932990789413452 0.22401008009910583 2.593209981918335
v -1.314354419708252 0.22662104666233063 2.580845355987549
v -1.2944600582122803 0.2241699993610382 2.5464699268341064
v -1.2944600582122803 0.2241699993610382 2.5464699268341064
v -1.273669958114624 0.2215919941663742 2.5586800575256348
v -1.2932990789413452 0.22401008009910583 2.593209981918335
v -1.2956345081329346 0.20202459394931793 2.5932114124298096
v -1.3167226314544678 0.2042647898197174 2.580845594406128
v -1.2967900037765503 0.20214800536632538 2.5464699268341064
v -1.2967900037765503 0.20214800536632538 2.5464699268341064
v -1.2759699821472168 0.19993600249290466 2.5586800575256348
v -1.2956345081329346 0.20202459394931793 2.5932114124298096
v -1.273669958114624 0.2215919941663742 2.5586800575256348
v -1.2759699821472168 0.19993600249290466 2.5586800575256348
v -1.2956345081329346 0.20202459394931793 2.5932114124298096
v -1.2956345081329346 0.20202459394931793 2.5932114124298096
v -1.2932990789413452 0.22401008009910583 2.593209981918335
v -1.273669958114624 0.2215919941663742 2.5586800575256348
v -1.2944600582122803 0.2241699993610382 2.5464699268341064
v -1.314354419708252 0.22662104666233063 2.580845355987549
v -1.3167226314544678 0.2042647898197174 2.580845594406128
v -1.3167226314544678 0.2042647898197174 2.580845594406128
v -1.2967900037765503 0.20214800536632538 2.5464699268341064
v -1.2944600582122803 0.2241699993610382 2.5464699268341064
v -1.1517599821090698 0.5845239758491516 2.709350109100342
v -1.1711299419403076 0.5931749939918518 2.697629928588867
v -1.1801600456237793 0.572953999042511 2.697629928588867
v -1.1801600456237793 0.572953999042511 2.697629928588867
v -1.160640001296997 0.5646380186080933 2.709350109100342
v -1.1517599821090698 0.5845239758491516 2.709350109100342
v -1.165532112121582 0.5906736254692078 2.737173557281494
v -1.1851006746292114 0.5994129776954651 2.725334644317627
v -1.1942389011383057 0.5789477229118347 2.7253336906433105
v -1.1942389011383057 0.5789477229118347 2.7253336906433105
v -1.1745189428329468 0.5705469250679016 2.7371726036071777
v -1.165532112121582 0.5906736254692078 2.737173557281494
v -1.165532112121582 0.5906736254692078 2.737173557281494
v -1.1851006746292114 0.5994129776954651 2.725334644317627
v -1.1711299419403076 0.5931749939918518 2.697629928588867
v -1.1711299419403076 0.5931749939918518 2.697629928588867
v -1.1517599821090698 0.5845239758491516 2.709350109100342
v -1.165532112121582 0.5906736254692078 2.737173557281494
v -1.1745189428329468 0.5705469250679016 2.7371726036071777
v -1.1942389011383057 0.5789477229118347 2.7253336906433105
v -1.1801600456237793 0.572953999042511 2.697629928588867
v -1.1801600456237793 0.572953999042511 2.697629928588867
v -1.160640001296997 0.5646380186080933 2.709350109100342
v -1.1745189428329468 0.5705469250679016 2.7371726036071777
v -1.1517599821090698 0.5845239758491516 2.709350109100342
v -1.160640001296997 0.5646380186080933 2.709350109100342
v -1.1745189428329468 0.5705469250679016 2.7371726036071777
v -1.1745189428329468 0.5705469250679016 2.7371726036071777
v -1.165532112121582 0.5906736254692078 2.737173557281494
v -1.1517599821090698 0.5845239758491516 2.709350109100342
v -1.1711299419403076 0.5931749939918518 2.697629928588867
v -1.1851006746292114 0.5994129776954651 2.725334644317627
v -1.1942389011383057 0.5789477229118347 2.7253336906433105
v -1.1942389011383057 0.5789477229118347 2.7253336906433105
v -1.1801600456237793 0.572953999042511 2.697629928588867
v -1.1711299419403076 0.5931749939918518 2.697629928588867
v 0.002944610081613064 -1.292799949645996 2.709350109100342
v 0.004034500103443861 -1.3139899969100952 2.697629928588867
v 0.026127999648451805 -1.3124699592590332 2.697629928588867
v 0.026127999648451805 -1.3124699592590332 2.697629928588867
v 0.024670999497175217 -1.2913000583648682 2.709350109100342
v 0.002944610081613064 -1.292799949645996 2.709350109100342
v 0.004442613106220961 -1.3220030069351196 2.7632832527160645
v 0.005554030183702707 -1.343614935874939 2.7513320446014404
v 0.028164582327008247 -1.3420590162277222 2.7513346672058105
v 0.028164582327008247 -1.3420590162277222 2.7513346672058105
v 0.026678718626499176 -1.3204712867736816 2.7632837295532227
v 0.004442613106220961 -1.3220030069351196 2.7632832527160645
v 0.004442613106220961 -1.3220030069351196 2.7632832527160645
v 0.005554030183702707 -1.343614935874939 2.7513320446014404
v 0.004034500103443861 -1.3139899969100952 2.697629928588867
v 0.004034500103443861 -1.3139899969100952 2.697629928588867
v 0.002944610081613064 -1.292799949645996 2.709350109100342
v 0.004442613106220961 -1.3220030069351196 2.7632832527160645
v 0.026678718626499176 -1.3204712867736816 2.7632837295532227
v 0.028164582327008247 -1.3420590162277222 2.7513346672058105
v 0.026127999648451805 -1.3124699592590332 2.697629928588867
v 0.026127999648451805 -1.3124699592590332 2.697629928588867
v 0.024670999497175217 -1.2913000583648682 2.709350109100342
v 0.026678718626499176 -1.3204712867736816 2.7632837295532227
v 0.002944610081613064 -1.292799949645996 2.709350109100342
v 0.024670999497175217 -1.2913000583648682 2.709350109100342
v 0.026678718626499176 -1.3204712867736816 2.7632837295532227
v 0.026678718626499176 -1.3204712867736816 2.7632837295532227
v 0.004442613106220961 -1.3220030069351196 2.7632832527160645
v 0.002944610081613064 -1.292799949645996 2.709350109100342
v 0.004034500103443861 -1.3139899969100952 2.697629928588867
v 0.005554030183702707 -1.343614935874939 2.7513320446014404
v 0.028164582327008247 -1.3420590162277222 2.7513346672058105
v 0.028164582327008247 -1.3420590162277222 2.7513346672058105
v 0.026127999648451805 -1.3124699592590332 2.697629928588867
v 0.004034500103443861 -1.3139899969100952 2.697629928588867
f 1 2 3
f 4 5 6
f 7 8 9
f 10 11 12
f 13 14 15
f 16 17 18
f 19 20 21
f 22 23 24
f 25 26 27
f 28 29 30
f 31 32 33
f 34 35 36
f 37 38 39
f 40 41 42
f 43 44 45
f 46 47 48
f 49 50 51
f 52 53 54
f 55 56 57
f 58 59 60
f 61 62 63
f 64 65 66
f 67 68 69
f 70 71 72
f 73 74 75
f 76 77 78
f 79 80 81
f 82 83 84
f 85 86 87
f 88 89 90
f 91 92 93
f 94 95 96
f 97 98 99
f 100 101 102
f 103 104 105
f 106 107 108
f 109 110 111
f 112 113 114
f 115 116 117
f 118 119 120
f 121 122 123
f 124 125 126
f 127 128 129
f 130 131 132
f 133 134 135
f 136 137 138
f 139 140 141
f 142 143 144
f 145 146 147
f 148 149 150
f 151 152 153
f 154 155 156
f 157 158 159
f 160 161 162
f 163 164 165
f 166 167 168
f 169 170 171
f 172 173 174
f 175 176 177
f 178 179 180
f 181 182 183
f 184 185 186
f 187 188 189
f 190 191 192
f 193 194 195
f 196 197 198
f 199 200 201
f 202 203 204
f 205 206 207
f 208 209 210
f 211 212 213
f 214 215 216
f 217 218 219
f 220 221 222
f 223 224 225
f 226 227 228
f 229 230 231
f 232 233 234
f 235 236 237
f 238 239 240
f 241 242 243
f 244 245 246
f 247 248 249
f 250 251 252
f 253 254 255
f 256 257 258
f 259 260 261
f 262 263 264
f 265 266 267
f 268 269 270
f 271 272 273
f 274 275 276
f 277 278 279
f 280 281 282
f 283 284 285
f 286 287 288
f 289 290 291
f 292 293 294
f 295 296 297
f 298 299 300
f 301 302 303
f 304 305 306
f 307 308 309
f 310 311 312
f 313 314 315
f 316 317 318
f 319 320 321
f 322 323 324
f 325 326 327
f 328 329 330
f 331 332 333
f 334 335 336
f 337 338 339
f 340 341 342
f 343 344 345
f 346 347 348
f 349 350 351
f 352 353 354
f 355 356 357
f 358 359 360
f 361 362 363
f 364 365 366
f 367 368 369
f 370 371 372
f 373 374 375
f 376 377 378
f 379 380 381
f 382 383 384
f 385 386 387
f 388 389 390
f 391 392 393
f 394 395 396
f 397 398 399
f 400 401 402
f 403 404 405
f 406 407 408
f 409 410 411
f 412 413 414
f 415 416 417
f 418 419 420
f 421 422 423
f 424 425 426
f 427 428 429
f 430 431 432
f 433 434 435
f 436 437 438
f 439 440 441
f 442 443 444
f 445 446 447
f 448 449 450
f 451 452 453
f 454 455 456
f 457 458 459
f 460 461 462
f 463 464 465
f 466 467 468
f 469 470 471
f 472 473 474
f 475 476 477
f 478 479 480
f 481 482 483
f 484 485 486
f 487 488 489
f 490 491 492
f 493 494 495
f 496 497 498
f 499 500 501
f 502 503 504
f 505 506 507
f 508 509 510
f 511 512 513
f 514 515 516
f 517 518 519
f 520 521 522
f 523 524 525
f 526 527 528
f 529 530 531
f 532 533 534
f 535 536 537
f 538 539 540
f 541 542 543
f 544 545 546
f 547 548 549
f 550 551 552
f 553 554 555
f 556 557 558
f 559 560 561
f 562 563 564
f 565 566 567
f 568 569 570
f 571 572 573
f 574 575 576
f 577 578 579
f 580 581 582
f 583 584 585
f 586 587 588
f 589 590 591
f 592 593 594
f 595 596 597
f 598 599 600
f 601 602 603
f 604 605 606
f 607 608 609
f 610 611 612
f 613 614 615
f 616 617 618
f 619 620 621
f 622 623 624
f 625 626 627
f 628 629 630
f 631 632 633
f 634 635 636
f 637 638 639
f 640 641 642
f 643 644 645
f 646 647 648
f 649 650 651
f 652 653 654
f 655 656 657
f 658 659 660
f 661 662 663
f 664 665 666
f 667 668 669
f 670 671 672
f 673 674 675
f 676 677 678
f 679 680 681
f 682 683 684
f 685 686 687
f 688 689 690
f 691 692 693
f 694 695 696
f 697 698 699
f 700 701 702
f 703 704 705
f 706 707 708
f 709 710 711
f 712 713 714
f 715 716 717
f 718 719 720
f 721 722 723
f 724 725 726
f 727 728 729
f 730 731 732
f 733 734 735
f 736 737 738
f 739 740 741
f 742 743 744
f 745 746 747
f 748 749 750
f 751 752 753
f 754 755 756
f 757 758 759
f 760 761 762
f 763 764 765
f 766 767 768
f 769 770 771
f 772 773 774
f 775 776 777
f 778 779 780
f 781 782 783
f 784 785 786
f 787 788 789
f 790 791 792
f 793 794 795
f 796 797 798
f 799 800 801
f 802 803 804
f 805 806 807
f 808 809 810
f 811 812 813
f 814 815 816
f 817 818 819
f 820 821 822
f 823 824 825
f 826 827 828
f 829 830 831
f 832 833 834
f 835 836 837
f 838 839 840
f 841 842 843
f 844 845 846
f 847 848 849
f 850 851 852
f 853 854 855
f 856 857 858
f 859 860 861
f 862 863 864
f 865 866 867
f 868 869 870
f 871 872 873
f 874 875 876
f 877 878 879
f 880 881 882
f 883 884 885
f 886 887 888
f 889 890 891
f 892 893 894
f 895 896 897
f 898 899 900
f 901 902 903
f 904 905 906
f 907 908 909
f 910 911 912
f 913 914 915
f 916 917 918
f 919 920 921
f 922 923 924
f 925 926 927
f 928 929 930
f 931 932 933
f 934 935 936
f 937 938 939
f 940 941 942
f 943 944 945
f 946 947 948
f 949 950 951
f 952 953 954
f 955 956 957
f 958 959 960
f 961 962 963
f 964 965 966
f 967 968 969
f 970 971 972
f 973 974 975
f 976 977 978
f 979 980 981
f 982 983 984
f 985 986 987
f 988 989 990
f 991 992 993
f 994 995 996
f 997 998 999
f 1000 1001 1002
f 1003 1004 1005
f 1006 1007 1008
f 1009 1010 1011
f 1012 1013 1014
f 1015 1016 1017
f 1018 1019 1020
f 1021 1022 1023
f 1024 1025 1026
f 1027 1028 1029
f 1030 1031 1032
f 1033 1034 1035
f 1036 1037 1038
f 1039 1040 1041
f 1042 1043 1044
f 1045 1046 1047
f 1048 1049 1050
f 1051 1052 1053
f 1054 1055 1056
f 1057 1058 1059
f 1060 1061 1062
f 1063 1064 1065
f 1066 1067 1068
f 1069 1070 1071
f 1072 1073 1074
f 1075 1076 1077
f 1078 1079 1080
f 1081 1082 1083
f 1084 1085 1086
f 1087 1088 1089
f 1090 1091 1092
f 1093 1094 1095
f 1096 1097 1098
f 1099 1100 1101
f 1102 1103 1104
f 1105 1106 1107
f 1108 1109 1110
f 1111 1112 1113
f 1114 1115 1116
f 1117 1118 1119
f 1120 1121 1122
f 1123 1124 1125
f 1126 1127 1128
f 1129 1130 1131
f 1132 1133 1134
f 1135 1136 1137
f 1138 1139 1140
f 1141 1142 1143
f 1144 1145 1146
f 1147 1148 1149
f 1150 1151 1152
f 1153 1154 1155
f 1156 1157 1158
f 1159 1160 1161
f 1162 1163 1164
f 1165 1166 1167
f 1168 1169 1170
f 1171 1172 1173
f 1174 1175 1176
f 1177 1178 1179
f 1180 1181 1182
f 1183 1184 1185
f 1186 1187 1188
f 1189 1190 1191
f 1192 1193 1194
f 1195 1196 1197
f 1198 1199 1200
f 1201 1202 1203
f 1204 1205 1206
f 1207 1208 1209
f 1210 1211 1212
f 1213 1214 1215
f 1216 1217 1218
f 1219 1220 1221
f 1222 1223 1224
f 1225 1226 1227
f 1228 1229 1230
f 1231 1232 1233
f 1234 1235 1236
f 1237 1238 1239
f 1240 1241 1242
f 1243 1244 1245
f 1246 1247 1248
f 1249 1250 1251
f 1252 1253 1254
f 1255 1256 1257
f 1258 1259 1260
f 1261 1262 1263
f 1264 1265 1266
f 1267 1268 1269
f 1270 1271 1272
f 1273 1274 1275
f 1276 1277 1278
f 1279 1280 1281
f 1282 1283 1284
f 1285 1286 1287
f 1288 1289 1290
f 1291 1292 1293
f 1294 1295 1296
f 1297 1298 1299
f 1300 1301 1302
f 1303 1304 1305
f 1306 1307 1308
f 1309 1310 1311
f 1312 1313 1314
f 1315 1316 1317
f 1318 1319 1320
f 1321 1322 1323
f 1324 1325 1326
f 1327 1328 1329
f 1330 1331 1332
f 1333 1334 1335
f 1336 1337 1338
f 1339 1340 1341
f 1342 1343 1344
f 1345 1346 1347
f 1348 1349 1350
f 1351 1352 1353
f 1354 1355 1356
f 1357 1358 1359
f 1360 1361 1362
f 1363 1364 1365
f 1366 1367 1368
f 1369 1370 1371
f 1372 1373 1374
f 1375 1376 1377
f 1378 1379 1380
f 1381 1382 1383
f 1384 1385 1386
f 1387 1388 1389
f 1390 1391 1392
f 1393 1394 1395
f 1396 1397 1398
f 1399 1400 1401
f 1402 1403 1404
f 1405 1406 1407
f 1408 1409 1410
f 1411 1412 1413
f 1414 1415 1416
f 1417 1418 1419
f 1420 1421 1422
f 1423 1424 1425
f 1426 1427 1428
f 1429 1430 1431
f 1432 1433 1434
f 1435 1436 1437
f 1438 1439 1440
f 1441 1442 1443
f 1444 1445 1446
f 1447 1448 1449
f 1450 1451 1452
f 1453 1454 1455
f 1456 1457 1458
f 1459 1460 1461
f 1462 1463 1464
f 1465 1466 1467
f 1468 1469 1470
f 1471 1472 1473
f 1474 1475 1476
f 1477 1478 1479
f 1480 1481 1482
f 1483 1484 1485
f 1486 1487 1488
f 1489 1490 1491
f 1492 1493 1494
f 1495 1496 1497
f 1498 1499 1500
f 1501 1502 1503
f 1504 1505 1506
f 1507 1508 1509
f 1510 1511 1512
f 1513 1514 1515
f 1516 1517 1518
f 1519 1520 1521
f 1522 1523 1524
f 1525 1526 1527
f 1528 1529 1530
f 1531 1532 1533
f 1534 1535 1536
f 1537 1538 1539
f 1540 1541 1542
f 1543 1544 1545
f 1546 1547 1548
f 1549 1550 1551
f 1552 1553 1554
f 1555 1556 1557
f 1558 1559 1560
f 1561 1562 1563
f 1564 1565 1566
f 1567 1568 1569
f 1570 1571 1572
f 1573 1574 1575
f 1576 1577 1578
f 1579 1580 1581
f 1582 1583 1584
f 1585 1586 1587
f 1588 1589 1590
f 1591 1592 1593
f 1594 1595 1596
f 1597 1598 1599
f 1600 1601 1602
f 1603 1604 1605
f 1606 1607 1608
f 1609 1610 1611
f 1612 1613 1614
f 1615 1616 1617
f 1618 1619 1620
f 1621 1622 1623
f 1624 1625 1626
f 1627 1628 1629
f 1630 1631 1632
f 1633 1634 1635
f 1636 1637 1638
f 1639 1640 1641
f 1642 1643 1644
f 1645 1646 1647
f 1648 1649 1650
f 1651 1652 1653
f 1654 1655 1656
f 1657 1658 1659
f 1660 1661 1662
f 1663 1664 1665
f 1666 1667 1668
f 1669 1670 1671
f 1672 1673 1674
f 1675 1676 1677
f 1678 1679 1680
f 1681 1682 1683
f 1684 1685 1686
f 1687 1688 1689
f 1690 1691 1692
f 1693 1694 1695
f 1696 1697 1698
f 1699 1700 1701
f 1702 1703 1704
f 1705 1706 1707
f 1708 1709 1710
f 1711 1712 1713
f 1714 1715 1716
f 1717 1718 1719
f 1720 1721 1722
f 1723 1724 1725
f 1726 1727 1728
f 1729 1730 1731
f 1732 1733 1734
f 1735 1736 1737
f 1738 1739 1740
f 1741 1742 1743
f 1744 1745 1746
f 1747 1748 1749
f 1750 1751 1752
f 1753 1754 1755
f 1756 1757 1758
f 1759 1760 1761
f 1762 1763 1764
f 1765 1766 1767
f 1768 1769 1770
f 1771 1772 1773
f 1774 1775 1776
f 1777 1778 1779
f 1780 1781 1782
f 1783 1784 1785
f 1786 1787 1788
f 1789 1790 1791
f 1792 1793 1794
f 1795 1796 1797
f 1798 1799 1800
f 1801 1802 1803
f 1804 1805 1806
f 1807 1808 1809
f 1810 1811 1812
f 1813 1814 1815
f 1816 1817 1818
f 1819 1820 1821
f 1822 1823 1824
f 1825 1826 1827
f 1828 1829 1830
f 1831 1832 1833
f 1834 1835 1836
f 1837 1838 1839
f 1840 1841 1842
f 1843 1844 1845
f 1846 1847 1848
f 1849 1850 1851
f 1852 1853 1854
f 1855 1856 1857
f 1858 1859 1860
f 1861 1862 1863
f 1864 1865 1866
f 1867 1868 1869
f 1870 1871 1872
f 1873 1874 1875
f 1876 1877 1878
f 1879 1880 1881
f 1882 1883 1884
f 1885 1886 1887
f 1888 1889 1890
f 1891 1892 1893
f 1894 1895 1896
f 1897 1898 1899
f 1900 1901 1902
f 1903 1904 1905
f 1906 1907 1908
f 1909 1910 1911
f 1912 1913 1914
f 1915 1916 1917
f 1918 1919 1920
f 1921 1922 1923
f 1924 1925 1926
f 1927 1928 1929
f 1930 1931 1932
f 1933 1934 1935
f 1936 1937 1938
f 1939 1940 1941
f 1942 1943 1944
f 1945 1946 1947
f 1948 1949 1950
f 1951 1952 1953
f 1954 1955 1956
f 1957 1958 1959
f 1960 1961 1962
f 1963 1964 1965
f 1966 1967 1968
f 1969 1970 1971
f 1972 1973 1974
f 1975 1976 1977
f 1978 1979 1980
f 1981 1982 1983
f 1984 1985 1986
f 1987 1988 1989
f 1990 1991 1992
f 1993 1994 1995
f 1996 1997 1998
f 1999 2000 2001
f 2002 2003 2004
f 2005 2006 2007
f 2008 2009 2010
f 2011 2012 2013
f 2014 2015 2016
f 2017 2018 2019
f 2020 2021 2022
f 2023 2024 2025
f 2026 2027 2028
f 2029 2030 2031
f 2032 2033 2034
f 2035 2036 2037
f 2038 2039 2040
f 2041 2042 2043
f 2044 2045 2046
f 2047 2048 2049
f 2050 2051 2052
f 2053 2054 2055
f 2056 2057 2058
f 2059 2060 2061
f 2062 2063 2064
f 2065 2066 2067
f 2068 2069 2070
f 2071 2072 2073
f 2074 2075 2076
f 2077 2078 2079
f 2080 2081 2082
f 2083 2084 2085
f 2086 2087 2088
f 2089 2090 2091
f 2092 2093 2094
f 2095 2096 2097
f 2098 2099 2100
f 2101 2102 2103
f 2104 2105 2106
f 2107 2108 2109
f 2110 2111 2112
f 2113 2114 2115
f 2116 2117 2118
f 2119 2120 2121
f 2122 2123 2124
f 2125 2126 2127
f 2128 2129 2130
f 2131 2132 2133
f 2134 2135 2136
f 2137 2138 2139
f 2140 2141 2142
f 2143 2144 2145
f 2146 2147 2148
f 2149 2150 2151
f 2152 2153 2154
f 2155 2156 2157
f 2158 2159 2160
f 2161 2162 2163
f 2164 2165 2166
f 2167 2168 2169
f 2170 2171 2172
f 2173 2174 2175
f 2176 2177 2178
f 2179 2180 2181
f 2182 2183 2184
f 2185 2186 2187
f 2188 2189 2190
f 2191 2192 2193
f 2194 2195 2196
f 2197 2198 2199
f 2200 2201 2202
f 2203 2204 2205
f 2206 2207 2208
f 2209 2210 2211
f 2212 2213 2214
f 2215 2216 2217
f 2218 2219 2220
f 2221 2222 2223
f 2224 2225 2226
f 2227 2228 2229
f 2230 2231 2232
f 2233 2234 2235
f 2236 2237 2238
f 2239 2240 2241
f 2242 2243 2244
f 2245 2246 2247
f 2248 2249 2250
f 2251 2252 2253
f 2254 2255 2256
f 2257 2258 2259
f 2260 2261 2262
f 2263 2264 2265
f 2266 2267 2268
f 2269 2270 2271
f 2272 2273 2274
f 2275 2276 2277
f 2278 2279 2280
f 2281 2282 2283
f 2284 2285 2286
f 2287 2288 2289
f 2290 2291 2292
f 2293 2294 2295
f 2296 2297 2298
f 2299 2300 2301
f 2302 2303 2304
f 2305 2306 2307
f 2308 2309 2310
f 2311 2312 2313
f 2314 2315 2316
f 2317 2318 2319
f 2320 2321 2322
f 2323 2324 2325
f 2326 2327 2328
f 2329 2330 2331
f 2332 2333 2334
f 2335 2336 2337
f 2338 2339 2340
f 2341 2342 2343
f 2344 2345 2346
f 2347 2348 2349
f 2350 2351 2352
f 2353 2354 2355
f 2356 2357 2358
f 2359 2360 2361
f 2362 2363 2364
f 2365 2366 2367
f 2368 2369 2370
f 2371 2372 2373
f 2374 2375 2376
f 2377 2378 2379
f 2380 2381 2382
f 2383 2384 2385
f 2386 2387 2388
f 2389 2390 2391
f 2392 2393 2394
f 2395 2396 2397
f 2398 2399 2400
f 2401 2402 2403
f 2404 2405 2406
f 2407 2408 2409
f 2410 2411 2412
f 2413 2414 2415
f 2416 2417 2418
f 2419 2420 2421
f 2422 2423 2424
f 2425 2426 2427
f 2428 2429 2430
f 2431 2432 2433
f 2434 2435 2436
f 2437 2438 2439
f 2440 2441 2442
f 2443 2444 2445
f 2446 2447 2448
f 2449 2450 2451
f 2452 2453 2454
f 2455 2456 2457
f 2458 2459 2460
f 2461 2462 2463
f 2464 2465 2466
f 2467 2468 2469
f 2470 2471 2472
f 2473 2474 2475
f 2476 2477 2478
f 2479 2480 2481
f 2482 2483 2484
f 2485 2486 2487
f 2488 2489 2490
f 2491 2492 2493
f 2494 2495 2496
f 2497 2498 2499
f 2500 2501 2502
f 2503 2504 2505
f 2506 2507 2508
f 2509 2510 2511
f 2512 2513 2514
f 2515 2516 2517
f 2518 2519 2520
f 2521 2522 2523
f 2524 2525 2526
f 2527 2528 2529
f 2530 2531 2532
f 2533 2534 2535
f 2536 2537 2538
f 2539 2540 2541
f 2542 2543 2544
f 2545 2546 2547
f 2548 2549 2550
f 2551 2552 2553
f 2554 2555 2556
f 2557 2558 2559
f 2560 2561 2562
f 2563 2564 2565
f 2566 2567 2568
f 2569 2570 2571
f 2572 2573 2574
f 2575 2576 2577
f 2578 2579 2580
f 2581 2582 2583
f 2584 2585 2586
f 2587 2588 2589
f 2590 2591 2592
f 2593 2594 2595
f 2596 2597 2598
f 2599 2600 2601
f 2602 2603 2604
f 2605 2606 2607
f 2608 2609 2610
f 2611 2612 2613
f 2614 2615 2616
f 2617 2618 2619
f 2620 2621 2622
f 2623 2624 2625
f 2626 2627 2628
f 2629 2630 2631
f 2632 2633 2634
f 2635 2636 2637
f 2638 2639 2640
f 2641 2642 2643
f 2644 2645 2646
f 2647 2648 2649
f 2650 2651 2652
f 2653 2654 2655
f 2656 2657 2658
f 2659 2660 2661
f 2662 2663 2664
f 2665 2666 2667
f 2668 2669 2670
f 2671 2672 2673
f 2674 2675 2676
f 2677 2678 2679
f 2680 2681 2682
f 2683 2684 2685
f 2686 2687 2688
f 2689 2690 2691
f 2692 2693 2694
f 2695 2696 2697
f 2698 2699 2700
f 2701 2702 2703
f 2704 2705 2706
f 2707 2708 2709
f 2710 2711 2712
f 2713 2714 2715
f 2716 2717 2718
f 2719 2720 2721
f 2722 2723 2724
f 2725 2726 2727
f 2728 2729 2730
f 2731 2732 2733
f 2734 2735 2736
f 2737 2738 2739
f 2740 2741 2742
f 2743 2744 2745
f 2746 2747 2748
f 2749 2750 2751
f 2752 2753 2754
f 2755 2756 2757
f 2758 2759 2760
f 2761 2762 2763
f 2764 2765 2766
f 2767 2768 2769
f 2770 2771 2772
f 2773 2774 2775
f 2776 2777 2778
f 2779 2780 2781
f 2782 2783 2784
f 2785 2786 2787
f 2788 2789 2790
f 2791 2792 2793
f 2794 2795 2796
f 2797 2798 2799
f 2800 2801 2802
f 2803 2804 2805
f 2806 2807 2808
f 2809 2810 2811
f 2812 2813 2814
f 2815 2816 2817
f 2818 2819 2820
f 2821 2822 2823
f 2824 2825 2826
f 2827 2828 2829
f 2830 2831 2832
f 2833 2834 2835
f 2836 2837 2838
f 2839 2840 2841
f 2842 2843 2844
f 2845 2846 2847
f 2848 2849 2850
f 2851 2852 2853
f 2854 2855 2856
f 2857 2858 2859
f 2860 2861 2862
f 2863 2864 2865
f 2866 2867 2868
f 2869 2870 2871
f 2872 2873 2874
f 2875 2876 2877
f 2878 2879 2880
f 2881 2882 2883
f 2884 2885 2886
f 2887 2888 2889
f 2890 2891 2892
f 2893 2894 2895
f 2896 2897 2898
f 2899 2900 2901
f 2902 2903 2904
f 2905 2906 2907
f 2908 2909 2910
f 2911 2912 2913
f 2914 2915 2916
f 2917 2918 2919
f 2920 2921 2922
f 2923 2924 2925
f 2926 2927 2928
f 2929 2930 2931
f 2932 2933 2934
f 2935 2936 2937
f 2938 2939 2940
f 2941 2942 2943
f 2944 2945 2946
f 2947 2948 2949
f 2950 2951 2952
f 2953 2954 2955
f 2956 2957 2958
f 2959 2960 2961
f 2962 2963 2964
f 2965 2966 2967
f 2968 2969 2970
f 2971 2972 2973
f 2974 2975 2976
f 2977 2978 2979
f 2980 2981 2982
f 2983 2984 2985
f 2986 2987 2988
f 2989 2990 2991
f 2992 2993 2994
f 2995 2996 2997
f 2998 2999 3000
f 3001 3002 3003
f 3004 3005 3006
f 3007 3008 3009
f 3010 3011 3012
f 3013 3014 3015
f 3016 3017 3018
f 3019 3020 3021
f 3022 3023 3024
f 3025 3026 3027
f 3028 3029 3030
f 3031 3032 3033
f 3034 3035 3036
f 3037 3038 3039
f 3040 3041 3042
f 3043 3044 3045
f 3046 3047 3048
f 3049 3050 3051
f 3052 3053 3054
f 3055 3056 3057
f 3058 3059 3060
f 3061 3062 3063
f 3064 3065 3066
f 3067 3068 3069
f 3070 3071 3072
f 3073 3074 3075
f 3076 3077 3078
f 3079 3080 3081
f 3082 3083 3084
f 3085 3086 3087
f 3088 3089 3090
f 3091 3092 3093
f 3094 3095 3096
f 3097 3098 3099
f 3100 3101 3102
f 3103 3104 3105
f 3106 3107 3108
f 3109 3110 3111
f 3112 3113 3114
f 3115 3116 3117
f 3118 3119 3120
f 3121 3122 3123
f 3124 3125 3126
f 3127 3128 3129
f 3130 3131 3132
f 3133 3134 3135
f 3136 3137 3138
f 3139 3140 3141
f 3142 3143 3144
f 3145 3146 3147
f 3148 3149 3150
f 3151 3152 3153
f 3154 3155 3156
f 3157 3158 3159
f 3160 3161 3162
f 3163 3164 3165
f 3166 3167 3168
f 3169 3170 3171
f 3172 3173 3174
f 3175 3176 3177
f 3178 3179 3180
f 3181 3182 3183
f 3184 3185 3186
f 3187 3188 3189
f 3190 3191 3192
f 3193 3194 3195
f 3196 3197 3198
f 3199 3200 3201
f 3202 3203 3204
f 3205 3206 3207
f 3208 3209 3210
f 3211 3212 3213
f 3214 3215 3216
f 3217 3218 3219
f 3220 3221 3222
f 3223 3224 3225
f 3226 3227 3228
f 3229 3230 3231
f 3232 3233 3234
f 3235 3236 3237
f 3238 3239 3240
f 3241 3242 3243
f 3244 3245 3246
f 3247 3248 3249
f 3250 3251 3252
f 3253 3254 3255
f 3256 3257 3258
f 3259 3260 3261
f 3262 3263 3264
f 3265 3266 3267
f 3268 3269 3270
f 3271 3272 3273
f 3274 3275 3276
f 3277 3278 3279
f 3280 3281 3282
f 3283 3284 3285
f 3286 3287 3288
f 3289 3290 3291
f 3292 3293 3294
f 3295 3296 3297
f 3298 3299 3300
f 3301 3302 3303
f 3304 3305 3306
f 3307 3308 3309
f 3310 3311 3312
f 3313 3314 3315
f 3316 3317 3318
f 3319 3320 3321
f 3322 3323 3324
f 3325 3326 3327
f 3328 3329 3330
f 3331 3332 3333
f 3334 3335 3336
f 3337 3338 3339
f 3340 3341 3342
f 3343 3344 3345
f 3346 3347 3348
f 3349 3350 3351
f 3352 3353 3354
f 3355 3356 3357
f 3358 3359 3360
f 3361 3362 3363
f 3364 3365 3366
f 3367 3368 3369
f 3370 3371 3372
f 3373 3374 3375
f 3376 3377 3378
f 3379 3380 3381
f 3382 3383 3384
f 3385 3386 3387
f 3388 3389 3390
f 3391 3392 3393
f 3394 3395 3396
f 3397 3398 3399
f 3400 3401 3402
f 3403 3404 3405
f 3406 3407 3408
f 3409 3410 3411
f 3412 3413 3414
f 3415 3416 3417
f 3418 3419 3420
f 3421 3422 3423
f 3424 3425 3426
f 3427 3428 3429
f 3430 3431 3432
f 3433 3434 3435
f 3436 3437 3438
f 3439 3440 3441
f 3442 3443 3444
f 3445 3446 3447
f 3448 3449 3450
f 3451 3452 3453
f 3454 3455 3456
f 3457 3458 3459
f 3460 3461 3462
f 3463 3464 3465
f 3466 3467 3468
f 3469 3470 3471
f 3472 3473 3474
f 3475 3476 3477
f 3478 3479 3480
f 3481 3482 3483
f 3484 3485 3486
f 3487 3488 3489
f 3490 3491 3492
f 3493 3494 3495
f 3496 3497 3498
f 3499 3500 3501
f 3502 3503 3504
f 3505 3506 3507
f 3508 3509 3510
f 3511 3512 3513
f 3514 3515 3516
f 3517 3518 3519
f 3520 3521 3522
f 3523 3524 3525
f 3526 3527 3528
f 3529 3530 3531
f 3532 3533 3534
f 3535 3536 3537
f 3538 3539 3540
f 3541 3542 3543
f 3544 3545 3546
f 3547 3548 3549
f 3550 3551 3552
f 3553 3554 3555
f 3556 3557 3558
f 3559 3560 3561
f 3562 3563 3564
f 3565 3566 3567
f 3568 3569 3570
f 3571 3572 3573
f 3574 3575 3576
f 3577 3578 3579
f 3580 3581 3582
f 3583 3584 3585
f 3586 3587 3588
f 3589 3590 3591
f 3592 3593 3594
f 3595 3596 3597
f 3598 3599 3600
f 3601 3602 3603
f 3604 3605 3606
f 3607 3608 3609
f 3610 3611 3612
f 3613 3614 3615
f 3616 3617 3618
f 3619 3620 3621
f 3622 3623 3624
f 3625 3626 3627
f 3628 3629 3630
f 3631 3632 3633
f 3634 3635 3636
f 3637 3638 3639
f 3640 3641 3642
f 3643 3644 3645
f 3646 3647 3648
f 3649 3650 3651
f 3652 3653 3654
f 3655 3656 3657
f 3658 3659 3660
f 3661 3662 3663
f 3664 3665 3666
f 3667 3668 3669
f 3670 3671 3672
f 3673 3674 3675
f 3676 3677 3678
f 3679 3680 3681
f 3682 3683 3684
f 3685 3686 3687
f 3688 3689 3690
f 3691 3692 3693
f 3694 3695 3696
f 3697 3698 3699
f 3700 3701 3702
f 3703 3704 3705
f 3706 3707 3708
f 3709 3710 3711
f 3712 3713 3714
f 3715 3716 3717
f 3718 3719 3720
f 3721 3722 3723
f 3724 3725 3726
f 3727 3728 3729
f 3730 3731 3732
f 3733 3734 3735
f 3736 3737 3738
f 3739 3740 3741
f 3742 3743 3744
f 3745 3746 3747
f 3748 3749 3750
f 3751 3752 3753
f 3754 3755 3756
f 3757 3758 3759
f 3760 3761 3762
f 3763 3764 3765
f 3766 3767 3768
f 3769 3770 3771
f 3772 3773 3774
f 3775 3776 3777
f 3778 3779 3780
