o EERecHits_V2
v -1.286329984664917 -0.38300299644470215 -3.1933600902557373
v -1.3137799501419067 -0.3829689919948578 -3.1854500770568848
v -1.3143399953842163 -0.3544819951057434 -3.187530040740967
v -1.3143399953842163 -0.3544819951057434 -3.187530040740967
v -1.2868900299072266 -0.35451599955558777 -3.1954400539398193
v -1.286329984664917 -0.38300299644470215 -3.1933600902557373
v -1.3031302690505981 -0.3879670202732086 -3.2516353130340576
v -1.3309475183486938 -0.38793230056762695 -3.2436182498931885
v -1.3315168619155884 -0.3590644598007202 -3.2457268238067627
v -1.3315168619155884 -0.3590644598007202 -3.2457268238067627
v -1.3036988973617554 -0.3590989410877228 -3.253744125366211
v -1.3031302690505981 -0.3879670202732086 -3.2516353130340576
v -1.3031302690505981 -0.3879670202732086 -3.2516353130340576
v -1.3309475183486938 -0.38793230056762695 -3.2436182498931885
v -1.3137799501419067 -0.3829689919948578 -3.1854500770568848
v -1.3137799501419067 -0.3829689919948578 -3.1854500770568848
v -1.286329984664917 -0.38300299644470215 -3.1933600902557373
v -1.3031302690505981 -0.3879670202732086 -3.2516353130340576
v -1.3036988973617554 -0.3590989410877228 -3.253744125366211
v -1.3315168619155884 -0.3590644598007202 -3.2457268238067627
v -1.3143399953842163 -0.3544819951057434 -3.187530040740967
v -1.3143399953842163 -0.3544819951057434 -3.187530040740967
v -1.2868900299072266 -0.35451599955558777 -3.1954400539398193
v -1.3036988973617554 -0.3590989410877228 -3.253744125366211
v -1.286329984664917 -0.38300299644470215 -3.1933600902557373
v -1.2868900299072266 -0.35451599955558777 -3.1954400539398193
v -1.3036988973617554 -0.3590989410877228 -3.253744125366211
v -1.3036988973617554 -0.3590989410877228 -3.253744125366211
v -1.3031302690505981 -0.3879670202732086 -3.2516353130340576
v -1.286329984664917 -0.38300299644470215 -3.1933600902557373
v -1.3137799501419067 -0.3829689919948578 -3.1854500770568848
v -1.3309475183486938 -0.38793230056762695 -3.2436182498931885
v -1.3315168619155884 -0.3590644598007202 -3.2457268238067627
v -1.3315168619155884 -0.3590644598007202 -3.2457268238067627
v -1.3143399953842163 -0.3544819951057434 -3.187530040740967
v -1.3137799501419067 -0.3829689919948578 -3.1854500770568848
v -1.2868399620056152 -0.35395100712776184 -3.1952900886535645
v -1.3142900466918945 -0.3539170026779175 -3.1873700618743896
v -1.314810037612915 -0.32541701197624207 -3.1892800331115723
v -1.314810037612915 -0.32541701197624207 -3.1892800331115723
v -1.2873599529266357 -0.32545098662376404 -3.197190046310425
v -1.2868399620056152 -0.35395100712776184 -3.1952900886535645
v -1.3021924495697021 -0.3581359088420868 -3.2485334873199463
v -1.3299754858016968 -0.35810157656669617 -3.240516424179077
v -1.3305010795593262 -0.3292536437511444 -3.2424509525299072
v -1.3305010795593262 -0.3292536437511444 -3.2424509525299072
v -1.3027173280715942 -0.3292878270149231 -3.250458240509033
v -1.3021924495697021 -0.3581359088420868 -3.2485334873199463
v -1.3021924495697021 -0.3581359088420868 -3.2485334873199463
v -1.3299754858016968 -0.35810157656669617 -3.240516424179077
v -1.3142900466918945 -0.3539170026779175 -3.1873700618743896
v -1.3142900466918945 -0.3539170026779175 -3.1873700618743896
v -1.2868399620056152 -0.35395100712776184 -3.1952900886535645
v -1.3021924495697021 -0.3581359088420868 -3.2485334873199463
v -1.3027173280715942 -0.3292878270149231 -3.250458240509033
v -1.3305010795593262 -0.3292536437511444 -3.2424509525299072
v -1.314810037612915 -0.32541701197624207 -3.1892800331115723
v -1.314810037612915 -0.32541701197624207 -3.1892800331115723
v -1.2873599529266357 -0.32545098662376404 -3.197190046310425
v -1.3027173280715942 -0.3292878270149231 -3.250458240509033
v -1.2868399620056152 -0.35395100712776184 -3.1952900886535645
v -1.2873599529266357 -0.32545098662376404 -3.197190046310425
v -1.3027173280715942 -0.3292878270149231 -3.250458240509033
v -1.3027173280715942 -0.3292878270149231 -3.250458240509033
v -1.3021924495697021 -0.3581359088420868 -3.2485334873199463
v -1.2868399620056152 -0.35395100712776184 -3.1952900886535645
v -1.3142900466918945 -0.3539170026779175 -3.1873700618743896
v -1.3299754858016968 -0.35810157656669617 -3.240516424179077
v -1.3305010795593262 -0.3292536437511444 -3.2424509525299072
v -1.3305010795593262 -0.3292536437511444 -3.2424509525299072
v -1.314810037612915 -0.32541701197624207 -3.1892800331115723
v -1.3142900466918945 -0.3539170026779175 -3.1873700618743896
v -1.1886500120162964 0.0013083999510854483 -3.1746299266815186
v -1.1886500120162964 0.029876399785280228 -3.1746299266815186
v -1.1610100269317627 0.02987629920244217 -3.1818299293518066
v -1.1610100269317627 0.02987629920244217 -3.1818299293518066
v -1.1610100269317627 0.001308309962041676 -3.1818299293518066
v -1.1886500120162964 0.0013083999510854483 -3.1746299266815186
v -1.2002372741699219 0.0013085613027215004 -3.2180135250091553
v -1.2002370357513428 0.03015863709151745 -3.218012571334839
v -1.1723237037658691 0.03015854023396969 -3.2252845764160156
v -1.1723237037658691 0.03015854023396969 -3.2252845764160156
v -1.1723239421844482 0.0013084711972624063 -3.225285530090332
v -1.2002372741699219 0.0013085613027215004 -3.2180135250091553
v -1.2002372741699219 0.0013085613027215004 -3.2180135250091553
v -1.2002370357513428 0.03015863709151745 -3.218012571334839
v -1.1886500120162964 0.029876399785280228 -3.1746299266815186
v -1.1886500120162964 0.029876399785280228 -3.1746299266815186
v -1.1886500120162964 0.0013083999510854483 -3.1746299266815186
v -1.2002372741699219 0.0013085613027215004 -3.2180135250091553
v -1.1723239421844482 0.0013084711972624063 -3.225285530090332
v -1.1723237037658691 0.03015854023396969 -3.2252845764160156
v -1.1610100269317627 0.02987629920244217 -3.1818299293518066
v -1.1610100269317627 0.02987629920244217 -3.1818299293518066
v -1.1610100269317627 0.001308309962041676 -3.1818299293518066
v -1.1723239421844482 0.0013084711972624063 -3.225285530090332
v -1.1886500120162964 0.0013083999510854483 -3.1746299266815186
v -1.1610100269317627 0.001308309962041676 -3.1818299293518066
v -1.1723239421844482 0.0013084711972624063 -3.225285530090332
v -1.1723239421844482 0.0013084711972624063 -3.225285530090332
v -1.2002372741699219 0.0013085613027215004 -3.2180135250091553
v -1.1886500120162964 0.0013083999510854483 -3.1746299266815186
v -1.1886500120162964 0.029876399785280228 -3.1746299266815186
v -1.2002370357513428 0.03015863709151745 -3.218012571334839
v -1.1723237037658691 0.03015854023396969 -3.2252845764160156
v -1.1723237037658691 0.03015854023396969 -3.2252845764160156
v -1.1610100269317627 0.02987629920244217 -3.1818299293518066
v -1.1886500120162964 0.029876399785280228 -3.1746299266815186
v -0.8962739706039429 -1.0076099634170532 -3.2084999084472656
v -0.9242870211601257 -1.0076099634170532 -3.202889919281006
v -0.9254410266876221 -0.9796519875526428 -3.2086598873138428
v -0.9254410266876221 -0.9796519875526428 -3.2086598873138428
v -0.8974279761314392 -0.9796519875526428 -3.2142601013183594
v -0.8962739706039429 -1.0076099634170532 -3.2084999084472656
v -0.9053568243980408 -1.0176525115966797 -3.2538938522338867
v -0.9336609840393066 -1.0176517963409424 -3.2482247352600098
v -0.9348273873329163 -0.9894033074378967 -3.2540555000305176
v -0.9348273873329163 -0.9894033074378967 -3.2540555000305176
v -0.9065224528312683 -0.9894031286239624 -3.2597148418426514
v -0.9053568243980408 -1.0176525115966797 -3.2538938522338867
v -0.9053568243980408 -1.0176525115966797 -3.2538938522338867
v -0.9336609840393066 -1.0176517963409424 -3.2482247352600098
v -0.9242870211601257 -1.0076099634170532 -3.202889919281006
v -0.9242870211601257 -1.0076099634170532 -3.202889919281006
v -0.8962739706039429 -1.0076099634170532 -3.2084999084472656
v -0.9053568243980408 -1.0176525115966797 -3.2538938522338867
v -0.9065224528312683 -0.9894031286239624 -3.2597148418426514
v -0.9348273873329163 -0.9894033074378967 -3.2540555000305176
v -0.9254410266876221 -0.9796519875526428 -3.2086598873138428
v -0.9254410266876221 -0.9796519875526428 -3.2086598873138428
v -0.8974279761314392 -0.9796519875526428 -3.2142601013183594
v -0.9065224528312683 -0.9894031286239624 -3.2597148418426514
v -0.8962739706039429 -1.0076099634170532 -3.2084999084472656
v -0.8974279761314392 -0.9796519875526428 -3.2142601013183594
v -0.9065224528312683 -0.9894031286239624 -3.2597148418426514
v -0.9065224528312683 -0.9894031286239624 -3.2597148418426514
v -0.9053568243980408 -1.0176525115966797 -3.2538938522338867
v -0.8962739706039429 -1.0076099634170532 -3.2084999084472656
v -0.9242870211601257 -1.0076099634170532 -3.202889919281006
v -0.9336609840393066 -1.0176517963409424 -3.2482247352600098
v -0.9348273873329163 -0.9894033074378967 -3.2540555000305176
v -0.9348273873329163 -0.9894033074378967 -3.2540555000305176
v -0.9254410266876221 -0.9796519875526428 -3.2086598873138428
v -0.9242870211601257 -1.0076099634170532 -3.202889919281006
v -0.8592320084571838 -0.29363399744033813 -3.1794700622558594
v -0.887287974357605 -0.293612003326416 -3.1740899085998535
v -0.8875700235366821 -0.2650890052318573 -3.175679922103882
v -0.8875700235366821 -0.2650890052318573 -3.175679922103882
v -0.8595139980316162 -0.2651120126247406 -3.1810600757598877
v -0.8592320084571838 -0.29363399744033813 -3.1794700622558594
v -0.8683608174324036 -0.29668018221855164 -3.2270262241363525
v -0.8967159390449524 -0.2966576814651489 -3.221587896347046
v -0.8970010280609131 -0.2678305506706238 -3.223195791244507
v -0.8970010280609131 -0.2678305506706238 -3.223195791244507
v -0.8686457276344299 -0.26785385608673096 -3.2286341190338135
v -0.8683608174324036 -0.29668018221855164 -3.2270262241363525
v -0.8683608174324036 -0.29668018221855164 -3.2270262241363525
v -0.8967159390449524 -0.2966576814651489 -3.221587896347046
v -0.887287974357605 -0.293612003326416 -3.1740899085998535
v -0.887287974357605 -0.293612003326416 -3.1740899085998535
v -0.8592320084571838 -0.29363399744033813 -3.1794700622558594
v -0.8683608174324036 -0.29668018221855164 -3.2270262241363525
v -0.8686457276344299 -0.26785385608673096 -3.2286341190338135
v -0.8970010280609131 -0.2678305506706238 -3.223195791244507
v -0.8875700235366821 -0.2650890052318573 -3.175679922103882
v -0.8875700235366821 -0.2650890052318573 -3.175679922103882
v -0.8595139980316162 -0.2651120126247406 -3.1810600757598877
v -0.8686457276344299 -0.26785385608673096 -3.2286341190338135
v -0.8592320084571838 -0.29363399744033813 -3.1794700622558594
v -0.8595139980316162 -0.2651120126247406 -3.1810600757598877
v -0.8686457276344299 -0.26785385608673096 -3.2286341190338135
v -0.8686457276344299 -0.26785385608673096 -3.2286341190338135
v -0.8683608174324036 -0.29668018221855164 -3.2270262241363525
v -0.8592320084571838 -0.29363399744033813 -3.1794700622558594
v -0.887287974357605 -0.293612003326416 -3.1740899085998535
v -0.8967159390449524 -0.2966576814651489 -3.221587896347046
v -0.8970010280609131 -0.2678305506706238 -3.223195791244507
v -0.8970010280609131 -0.2678305506706238 -3.223195791244507
v -0.8875700235366821 -0.2650890052318573 -3.175679922103882
v -0.887287974357605 -0.293612003326416 -3.1740899085998535
v -0.8034949898719788 0.44459599256515503 -3.2029099464416504
v -0.8030539751052856 0.4730370044708252 -3.2002599239349365
v -0.7749019861221313 0.4730539917945862 -3.2051100730895996
v -0.7749019861221313 0.4730539917945862 -3.2051100730895996
v -0.7753419876098633 0.4446130096912384 -3.2077701091766357
v -0.8034949898719788 0.44459599256515503 -3.2029099464416504
v -0.8230864405632019 0.45510250329971313 -3.3123350143432617
v -0.8226349949836731 0.4842417240142822 -3.309617519378662
v -0.7937912344932556 0.4842592179775238 -3.314589023590088
v -0.7937912344932556 0.4842592179775238 -3.314589023590088
v -0.7942434549331665 0.4551204442977905 -3.3173160552978516
v -0.8230864405632019 0.45510250329971313 -3.3123350143432617
v -0.8230864405632019 0.45510250329971313 -3.3123350143432617
v -0.8226349949836731 0.4842417240142822 -3.309617519378662
v -0.8030539751052856 0.4730370044708252 -3.2002599239349365
v -0.8030539751052856 0.4730370044708252 -3.2002599239349365
v -0.8034949898719788 0.44459599256515503 -3.2029099464416504
v -0.8230864405632019 0.45510250329971313 -3.3123350143432617
v -0.7942434549331665 0.4551204442977905 -3.3173160552978516
v -0.7937912344932556 0.4842592179775238 -3.314589023590088
v -0.7749019861221313 0.4730539917945862 -3.2051100730895996
v -0.7749019861221313 0.4730539917945862 -3.2051100730895996
v -0.7753419876098633 0.4446130096912384 -3.2077701091766357
v -0.7942434549331665 0.4551204442977905 -3.3173160552978516
v -0.8034949898719788 0.44459599256515503 -3.2029099464416504
v -0.7753419876098633 0.4446130096912384 -3.2077701091766357
v -0.7942434549331665 0.4551204442977905 -3.3173160552978516
v -0.7942434549331665 0.4551204442977905 -3.3173160552978516
v -0.8230864405632019 0.45510250329971313 -3.3123350143432617
v -0.8034949898719788 0.44459599256515503 -3.2029099464416504
v -0.8030539751052856 0.4730370044708252 -3.2002599239349365
v -0.8226349949836731 0.4842417240142822 -3.309617519378662
v -0.7937912344932556 0.4842592179775238 -3.314589023590088
v -0.7937912344932556 0.4842592179775238 -3.314589023590088
v -0.7749019861221313 0.4730539917945862 -3.2051100730895996
v -0.8030539751052856 0.4730370044708252 -3.2002599239349365
v -0.7109190225601196 -0.3249030113220215 -3.1864399909973145
v -0.7391359806060791 -0.32485800981521606 -3.1819798946380615
v -0.7393720149993896 -0.2963460087776184 -3.183759927749634
v -0.7393720149993896 -0.2963460087776184 -3.183759927749634
v -0.7111549973487854 -0.29639101028442383 -3.1882200241088867
v -0.7109190225601196 -0.3249030113220215 -3.1864399909973145
v -0.7187528014183044 -0.3283700942993164 -3.2359261512756348
v -0.747281014919281 -0.32832446694374084 -3.2314159870147705
v -0.7475199103355408 -0.2994978427886963 -3.2332165241241455
v -0.7475199103355408 -0.2994978427886963 -3.2332165241241455
v -0.7189913392066956 -0.2995432913303375 -3.2377266883850098
v -0.7187528014183044 -0.3283700942993164 -3.2359261512756348
v -0.7187528014183044 -0.3283700942993164 -3.2359261512756348
v -0.747281014919281 -0.32832446694374084 -3.2314159870147705
v -0.7391359806060791 -0.32485800981521606 -3.1819798946380615
v -0.7391359806060791 -0.32485800981521606 -3.1819798946380615
v -0.7109190225601196 -0.3249030113220215 -3.1864399909973145
v -0.7187528014183044 -0.3283700942993164 -3.2359261512756348
v -0.7189913392066956 -0.2995432913303375 -3.2377266883850098
v -0.7475199103355408 -0.2994978427886963 -3.2332165241241455
v -0.7393720149993896 -0.2963460087776184 -3.183759927749634
v -0.7393720149993896 -0.2963460087776184 -3.183759927749634
v -0.7111549973487854 -0.29639101028442383 -3.1882200241088867
v -0.7189913392066956 -0.2995432913303375 -3.2377266883850098
v -0.7109190225601196 -0.3249030113220215 -3.1864399909973145
v -0.7111549973487854 -0.29639101028442383 -3.1882200241088867
v -0.7189913392066956 -0.2995432913303375 -3.2377266883850098
v -0.7189913392066956 -0.2995432913303375 -3.2377266883850098
v -0.7187528014183044 -0.3283700942993164 -3.2359261512756348
v -0.7109190225601196 -0.3249030113220215 -3.1864399909973145
v -0.7391359806060791 -0.32485800981521606 -3.1819798946380615
v -0.747281014919281 -0.32832446694374084 -3.2314159870147705
v -0.7475199103355408 -0.2994978427886963 -3.2332165241241455
v -0.7475199103355408 -0.2994978427886963 -3.2332165241241455
v -0.7393720149993896 -0.2963460087776184 -3.183759927749634
v -0.7391359806060791 -0.32485800981521606 -3.1819798946380615
v -0.7385470271110535 0.5605400204658508 -3.177459955215454
v -0.7380819916725159 0.5889049768447876 -3.1740899085998535
v -0.7098649740219116 0.5889729857444763 -3.1785500049591064
v -0.7098649740219116 0.5889729857444763 -3.1785500049591064
v -0.7103300094604492 0.5606080293655396 -3.181920051574707
v -0.7385470271110535 0.5605400204658508 -3.177459955215454
v -0.7488493919372559 0.5681295394897461 -3.239915609359741
v -0.7483781576156616 0.5968921780586243 -3.236496925354004
v -0.7197653651237488 0.5969607830047607 -3.241020917892456
v -0.7197653651237488 0.5969607830047607 -3.241020917892456
v -0.7202368974685669 0.5681981444358826 -3.2444393634796143
v -0.7488493919372559 0.5681295394897461 -3.239915609359741
v -0.7488493919372559 0.5681295394897461 -3.239915609359741
v -0.7483781576156616 0.5968921780586243 -3.236496925354004
v -0.7380819916725159 0.5889049768447876 -3.1740899085998535
v -0.7380819916725159 0.5889049768447876 -3.1740899085998535
v -0.7385470271110535 0.5605400204658508 -3.177459955215454
v -0.7488493919372559 0.5681295394897461 -3.239915609359741
v -0.7202368974685669 0.5681981444358826 -3.2444393634796143
v -0.7197653651237488 0.5969607830047607 -3.241020917892456
v -0.7098649740219116 0.5889729857444763 -3.1785500049591064
v -0.7098649740219116 0.5889729857444763 -3.1785500049591064
v -0.7103300094604492 0.5606080293655396 -3.181920051574707
v -0.7202368974685669 0.5681981444358826 -3.2444393634796143
v -0.7385470271110535 0.5605400204658508 -3.177459955215454
v -0.7103300094604492 0.5606080293655396 -3.181920051574707
v -0.7202368974685669 0.5681981444358826 -3.2444393634796143
v -0.7202368974685669 0.5681981444358826 -3.2444393634796143
v -0.7488493919372559 0.5681295394897461 -3.239915609359741
v -0.7385470271110535 0.5605400204658508 -3.177459955215454
v -0.7380819916725159 0.5889049768447876 -3.1740899085998535
v -0.7483781576156616 0.5968921780586243 -3.236496925354004
v -0.7197653651237488 0.5969607830047607 -3.241020917892456
v -0.7197653651237488 0.5969607830047607 -3.241020917892456
v -0.7098649740219116 0.5889729857444763 -3.1785500049591064
v -0.7380819916725159 0.5889049768447876 -3.1740899085998535
v -0.7400659918785095 0.6223040223121643 -3.1891000270843506
v -0.73956698179245 0.6506239771842957 -3.1853699684143066
v -0.7113500237464905 0.6507139801979065 -3.189840078353882
v -0.7113500237464905 0.6507139801979065 -3.189840078353882
v -0.7118489742279053 0.6223940253257751 -3.1935598850250244
v -0.7400659918785095 0.6223040223121643 -3.1891000270843506
v -0.7462581396102905 0.6273466944694519 -3.2266087532043457
v -0.7457548379898071 0.6559054255485535 -3.222846508026123
v -0.7173001766204834 0.6559963226318359 -3.2273547649383545
v -0.7173001766204834 0.6559963226318359 -3.2273547649383545
v -0.7178031802177429 0.6274374127388 -3.231106996536255
v -0.7462581396102905 0.6273466944694519 -3.2266087532043457
v -0.7462581396102905 0.6273466944694519 -3.2266087532043457
v -0.7457548379898071 0.6559054255485535 -3.222846508026123
v -0.73956698179245 0.6506239771842957 -3.1853699684143066
v -0.73956698179245 0.6506239771842957 -3.1853699684143066
v -0.7400659918785095 0.6223040223121643 -3.1891000270843506
v -0.7462581396102905 0.6273466944694519 -3.2266087532043457
v -0.7178031802177429 0.6274374127388 -3.231106996536255
v -0.7173001766204834 0.6559963226318359 -3.2273547649383545
v -0.7113500237464905 0.6507139801979065 -3.189840078353882
v -0.7113500237464905 0.6507139801979065 -3.189840078353882
v -0.7118489742279053 0.6223940253257751 -3.1935598850250244
v -0.7178031802177429 0.6274374127388 -3.231106996536255
v -0.7400659918785095 0.6223040223121643 -3.1891000270843506
v -0.7118489742279053 0.6223940253257751 -3.1935598850250244
v -0.7178031802177429 0.6274374127388 -3.231106996536255
v -0.7178031802177429 0.6274374127388 -3.231106996536255
v -0.7462581396102905 0.6273466944694519 -3.2266087532043457
v -0.7400659918785095 0.6223040223121643 -3.1891000270843506
v -0.73956698179245 0.6506239771842957 -3.1853699684143066
v -0.7457548379898071 0.6559054255485535 -3.222846508026123
v -0.7173001766204834 0.6559963226318359 -3.2273547649383545
v -0.7173001766204834 0.6559963226318359 -3.2273547649383545
v -0.7113500237464905 0.6507139801979065 -3.189840078353882
v -0.73956698179245 0.6506239771842957 -3.1853699684143066
v -0.7395930290222168 0.6511989831924438 -3.185499906539917
v -0.7390660047531128 0.6794940233230591 -3.1816000938415527
v -0.7108489871025085 0.6795840263366699 -3.1860599517822266
v -0.7108489871025085 0.6795840263366699 -3.1860599517822266
v -0.7113760113716125 0.6512889862060547 -3.18996000289917
v -0.7395930290222168 0.6511989831924438 -3.185499906539917
v -0.7484480738639832 0.6587569117546082 -3.2391300201416016
v -0.747914731502533 0.687393307685852 -3.2351818084716797
v -0.7193572521209717 0.6874845623970032 -3.239696741104126
v -0.7193572521209717 0.6874845623970032 -3.239696741104126
v -0.7198905944824219 0.6588479280471802 -3.243644952774048
v -0.7484480738639832 0.6587569117546082 -3.2391300201416016
v -0.7484480738639832 0.6587569117546082 -3.2391300201416016
v -0.747914731502533 0.687393307685852 -3.2351818084716797
v -0.7390660047531128 0.6794940233230591 -3.1816000938415527
v -0.7390660047531128 0.6794940233230591 -3.1816000938415527
v -0.7395930290222168 0.6511989831924438 -3.185499906539917
v -0.7484480738639832 0.6587569117546082 -3.2391300201416016
v -0.7198905944824219 0.6588479280471802 -3.243644952774048
v -0.7193572521209717 0.6874845623970032 -3.239696741104126
v -0.7108489871025085 0.6795840263366699 -3.1860599517822266
v -0.7108489871025085 0.6795840263366699 -3.1860599517822266
v -0.7113760113716125 0.6512889862060547 -3.18996000289917
v -0.7198905944824219 0.6588479280471802 -3.243644952774048
v -0.7395930290222168 0.6511989831924438 -3.185499906539917
v -0.7113760113716125 0.6512889862060547 -3.18996000289917
v -0.7198905944824219 0.6588479280471802 -3.243644952774048
v -0.7198905944824219 0.6588479280471802 -3.243644952774048
v -0.7484480738639832 0.6587569117546082 -3.2391300201416016
v -0.7395930290222168 0.6511989831924438 -3.185499906539917
v -0.7390660047531128 0.6794940233230591 -3.1816000938415527
v -0.747914731502533 0.687393307685852 -3.2351818084716797
v -0.7193572521209717 0.6874845623970032 -3.239696741104126
v -0.7193572521209717 0.6874845623970032 -3.239696741104126
v -0.7108489871025085 0.6795840263366699 -3.1860599517822266
v -0.7390660047531128 0.6794940233230591 -3.1816000938415527
v -0.710394024848938 0.5025500059127808 -3.18681001663208
v -0.7099859714508057 0.530955970287323 -3.1837899684906006
v -0.6817420125007629 0.5310059785842896 -3.188080072402954
v -0.6817420125007629 0.5310059785842896 -3.188080072402954
v -0.6821489930152893 0.5026010274887085 -3.1910901069641113
v -0.710394024848938 0.5025500059127808 -3.18681001663208
v -0.7196782827377319 0.5089095830917358 -3.2454097270965576
v -0.7192646861076355 0.5376879572868347 -3.242349147796631
v -0.6906504034996033 0.537739098072052 -3.2466964721679688
v -0.6906504034996033 0.537739098072052 -3.2466964721679688
v -0.6910624504089355 0.5089609026908875 -3.2497472763061523
v -0.7196782827377319 0.5089095830917358 -3.2454097270965576
v -0.7196782827377319 0.5089095830917358 -3.2454097270965576
v -0.7192646861076355 0.5376879572868347 -3.242349147796631
v -0.7099859714508057 0.530955970287323 -3.1837899684906006
v -0.7099859714508057 0.530955970287323 -3.1837899684906006
v -0.710394024848938 0.5025500059127808 -3.18681001663208
v -0.7196782827377319 0.5089095830917358 -3.2454097270965576
v -0.6910624504089355 0.5089609026908875 -3.2497472763061523
v -0.6906504034996033 0.537739098072052 -3.2466964721679688
v -0.6817420125007629 0.5310059785842896 -3.188080072402954
v -0.6817420125007629 0.5310059785842896 -3.188080072402954
v -0.6821489930152893 0.5026010274887085 -3.1910901069641113
v -0.6910624504089355 0.5089609026908875 -3.2497472763061523
v -0.710394024848938 0.5025500059127808 -3.18681001663208
v -0.6821489930152893 0.5026010274887085 -3.1910901069641113
v -0.6910624504089355 0.5089609026908875 -3.2497472763061523
v -0.6910624504089355 0.5089609026908875 -3.2497472763061523
v -0.7196782827377319 0.5089095830917358 -3.2454097270965576
v -0.710394024848938 0.5025500059127808 -3.18681001663208
v -0.7099859714508057 0.530955970287323 -3.1837899684906006
v -0.7192646861076355 0.5376879572868347 -3.242349147796631
v -0.6906504034996033 0.537739098072052 -3.2466964721679688
v -0.6906504034996033 0.537739098072052 -3.2466964721679688
v -0.6817420125007629 0.5310059785842896 -3.188080072402954
v -0.7099859714508057 0.530955970287323 -3.1837899684906006
v -0.7100399732589722 0.5315489768981934 -3.184119939804077
v -0.7096059918403625 0.5599349737167358 -3.180919885635376
v -0.681361973285675 0.5599849820137024 -3.1852099895477295
v -0.681361973285675 0.5599849820137024 -3.1852099895477295
v -0.6817960143089294 0.5315999984741211 -3.1884000301361084
v -0.7100399732589722 0.5315489768981934 -3.184119939804077
v -0.7198701500892639 0.5386812090873718 -3.2461581230163574
v -0.7194297313690186 0.5674614310264587 -3.242912530899048
v -0.690792977809906 0.5675123929977417 -3.2472634315490723
v -0.690792977809906 0.5675123929977417 -3.2472634315490723
v -0.6912329792976379 0.5387325286865234 -3.2504992485046387
v -0.7198701500892639 0.5386812090873718 -3.2461581230163574
v -0.7198701500892639 0.5386812090873718 -3.2461581230163574
v -0.7194297313690186 0.5674614310264587 -3.242912530899048
v -0.7096059918403625 0.5599349737167358 -3.180919885635376
v -0.7096059918403625 0.5599349737167358 -3.180919885635376
v -0.7100399732589722 0.5315489768981934 -3.184119939804077
v -0.7198701500892639 0.5386812090873718 -3.2461581230163574
v -0.6912329792976379 0.5387325286865234 -3.2504992485046387
v -0.690792977809906 0.5675123929977417 -3.2472634315490723
v -0.681361973285675 0.5599849820137024 -3.1852099895477295
v -0.681361973285675 0.5599849820137024 -3.1852099895477295
v -0.6817960143089294 0.5315999984741211 -3.1884000301361084
v -0.6912329792976379 0.5387325286865234 -3.2504992485046387
v -0.7100399732589722 0.5315489768981934 -3.184119939804077
v -0.6817960143089294 0.5315999984741211 -3.1884000301361084
v -0.6912329792976379 0.5387325286865234 -3.2504992485046387
v -0.6912329792976379 0.5387325286865234 -3.2504992485046387
v -0.7198701500892639 0.5386812090873718 -3.2461581230163574
v -0.7100399732589722 0.5315489768981934 -3.184119939804077
v -0.7096059918403625 0.5599349737167358 -3.180919885635376
v -0.7194297313690186 0.5674614310264587 -3.242912530899048
v -0.690792977809906 0.5675123929977417 -3.2472634315490723
v -0.690792977809906 0.5675123929977417 -3.2472634315490723
v -0.681361973285675 0.5599849820137024 -3.1852099895477295
v -0.7096059918403625 0.5599349737167358 -3.180919885635376
v -0.6522079706192017 -0.029876399785280228 -3.186800003051758
v -0.6804800033569336 -0.029876399785280228 -3.182689905166626
v -0.6804800033569336 -0.0013083700323477387 -3.182689905166626
v -0.6804800033569336 -0.0013083700323477387 -3.182689905166626
v -0.6522079706192017 -0.0013083500089123845 -3.186800003051758
v -0.6522079706192017 -0.029876399785280228 -3.186800003051758
v -0.6642909646034241 -0.03040442056953907 -3.269942283630371
v -0.6930848360061646 -0.030404452234506607 -3.2657546997070312
v -0.6930850744247437 -0.001308667822740972 -3.265756368637085
v -0.6930850744247437 -0.001308667822740972 -3.265756368637085
v -0.6642912030220032 -0.001308651641011238 -3.2699437141418457
v -0.6642909646034241 -0.03040442056953907 -3.269942283630371
v -0.6642909646034241 -0.03040442056953907 -3.269942283630371
v -0.6930848360061646 -0.030404452234506607 -3.2657546997070312
v -0.6804800033569336 -0.029876399785280228 -3.182689905166626
v -0.6804800033569336 -0.029876399785280228 -3.182689905166626
v -0.6522079706192017 -0.029876399785280228 -3.186800003051758
v -0.6642909646034241 -0.03040442056953907 -3.269942283630371
v -0.6642912030220032 -0.001308651641011238 -3.2699437141418457
v -0.6930850744247437 -0.001308667822740972 -3.265756368637085
v -0.6804800033569336 -0.0013083700323477387 -3.182689905166626
v -0.6804800033569336 -0.0013083700323477387 -3.182689905166626
v -0.6522079706192017 -0.0013083500089123845 -3.186800003051758
v -0.6642912030220032 -0.001308651641011238 -3.2699437141418457
v -0.6522079706192017 -0.029876399785280228 -3.186800003051758
v -0.6522079706192017 -0.0013083500089123845 -3.186800003051758
v -0.6642912030220032 -0.001308651641011238 -3.2699437141418457
v -0.6642912030220032 -0.001308651641011238 -3.2699437141418457
v -0.6642909646034241 -0.03040442056953907 -3.269942283630371
v -0.6522079706192017 -0.029876399785280228 -3.186800003051758
v -0.6804800033569336 -0.029876399785280228 -3.182689905166626
v -0.6930848360061646 -0.030404452234506607 -3.2657546997070312
v -0.6930850744247437 -0.001308667822740972 -3.265756368637085
v -0.6930850744247437 -0.001308667822740972 -3.265756368637085
v -0.6804800033569336 -0.0013083700323477387 -3.182689905166626
v -0.6804800033569336 -0.029876399785280228 -3.182689905166626
v -0.6516330242156982 0.0013083199737593532 -3.1866800785064697
v -0.6516330242156982 0.02987629920244217 -3.1866800785064697
v -0.6233369708061218 0.029876399785280228 -3.190609931945801
v -0.6233369708061218 0.029876399785280228 -3.190609931945801
v -0.6233369708061218 0.001308390055783093 -3.190609931945801
v -0.6516330242156982 0.0013083199737593532 -3.1866800785064697
v -0.6610668301582336 0.001308555481955409 -3.251593589782715
v -0.6610666513442993 0.03028857707977295 -3.2515923976898193
v -0.6323623657226562 0.030288685113191605 -3.255580425262451
v -0.6323623657226562 0.030288685113191605 -3.255580425262451
v -0.6323625445365906 0.0013086255639791489 -3.2555816173553467
v -0.6610668301582336 0.001308555481955409 -3.251593589782715
v -0.6610668301582336 0.001308555481955409 -3.251593589782715
v -0.6610666513442993 0.03028857707977295 -3.2515923976898193
v -0.6516330242156982 0.02987629920244217 -3.1866800785064697
v -0.6516330242156982 0.02987629920244217 -3.1866800785064697
v -0.6516330242156982 0.0013083199737593532 -3.1866800785064697
v -0.6610668301582336 0.001308555481955409 -3.251593589782715
v -0.6323625445365906 0.0013086255639791489 -3.2555816173553467
v -0.6323623657226562 0.030288685113191605 -3.255580425262451
v -0.6233369708061218 0.029876399785280228 -3.190609931945801
v -0.6233369708061218 0.029876399785280228 -3.190609931945801
v -0.6233369708061218 0.001308390055783093 -3.190609931945801
v -0.6323625445365906 0.0013086255639791489 -3.2555816173553467
v -0.6516330242156982 0.0013083199737593532 -3.1866800785064697
v -0.6233369708061218 0.001308390055783093 -3.190609931945801
v -0.6323625445365906 0.0013086255639791489 -3.2555816173553467
v -0.6323625445365906 0.0013086255639791489 -3.2555816173553467
v -0.6610668301582336 0.001308555481955409 -3.251593589782715
v -0.6516330242156982 0.0013083199737593532 -3.1866800785064697
v -0.6516330242156982 0.02987629920244217 -3.1866800785064697
v -0.6610666513442993 0.03028857707977295 -3.2515923976898193
v -0.6323623657226562 0.030288685113191605 -3.255580425262451
v -0.6323623657226562 0.030288685113191605 -3.255580425262451
v -0.6233369708061218 0.029876399785280228 -3.190609931945801
v -0.6516330242156982 0.02987629920244217 -3.1866800785064697
v -0.6521099805831909 0.3835720121860504 -3.190310001373291
v -0.6517999768257141 0.4120450019836426 -3.187999963760376
v -0.6235039830207825 0.41205599904060364 -3.191930055618286
v -0.6235039830207825 0.41205599904060364 -3.191930055618286
v -0.6238139867782593 0.3835830092430115 -3.194240093231201
v -0.6521099805831909 0.3835720121860504 -3.190310001373291
v -0.6587508320808411 0.38734930753707886 -3.2359774112701416
v -0.6584374904632568 0.4161122143268585 -3.233643054962158
v -0.6298534870147705 0.41612330079078674 -3.2376139163970947
v -0.6298534870147705 0.41612330079078674 -3.2376139163970947
v -0.6301668286323547 0.3873606026172638 -3.239948272705078
v -0.6587508320808411 0.38734930753707886 -3.2359774112701416
v -0.6587508320808411 0.38734930753707886 -3.2359774112701416
v -0.6584374904632568 0.4161122143268585 -3.233643054962158
v -0.6517999768257141 0.4120450019836426 -3.187999963760376
v -0.6517999768257141 0.4120450019836426 -3.187999963760376
v -0.6521099805831909 0.3835720121860504 -3.190310001373291
v -0.6587508320808411 0.38734930753707886 -3.2359774112701416
v -0.6301668286323547 0.3873606026172638 -3.239948272705078
v -0.6298534870147705 0.41612330079078674 -3.2376139163970947
v -0.6235039830207825 0.41205599904060364 -3.191930055618286
v -0.6235039830207825 0.41205599904060364 -3.191930055618286
v -0.6238139867782593 0.3835830092430115 -3.194240093231201
v -0.6301668286323547 0.3873606026172638 -3.239948272705078
v -0.6521099805831909 0.3835720121860504 -3.190310001373291
v -0.6238139867782593 0.3835830092430115 -3.194240093231201
v -0.6301668286323547 0.3873606026172638 -3.239948272705078
v -0.6301668286323547 0.3873606026172638 -3.239948272705078
v -0.6587508320808411 0.38734930753707886 -3.2359774112701416
v -0.6521099805831909 0.3835720121860504 -3.190310001373291
v -0.6517999768257141 0.4120450019836426 -3.187999963760376
v -0.6584374904632568 0.4161122143268585 -3.233643054962158
v -0.6298534870147705 0.41612330079078674 -3.2376139163970947
v -0.6298534870147705 0.41612330079078674 -3.2376139163970947
v -0.6235039830207825 0.41205599904060364 -3.191930055618286
v -0.6517999768257141 0.4120450019836426 -3.187999963760376
v -0.6539899706840515 0.5934720039367676 -3.2046499252319336
v -0.6535189747810364 0.621815025806427 -3.2011001110076904
v -0.6252229809761047 0.6218370199203491 -3.2050399780273438
v -0.6252229809761047 0.6218370199203491 -3.2050399780273438
v -0.6256939768791199 0.5934939980506897 -3.208590030670166
v -0.6539899706840515 0.5934720039367676 -3.2046499252319336
v -0.6742225289344788 0.6112100481987 -3.3436191082000732
v -0.6737368106842041 0.6404346227645874 -3.3399558067321777
v -0.6445603966712952 0.6404576897621155 -3.3440210819244385
v -0.6445603966712952 0.6404576897621155 -3.3440210819244385
v -0.6450467109680176 0.611233651638031 -3.347684144973755
v -0.6742225289344788 0.6112100481987 -3.3436191082000732
v -0.6742225289344788 0.6112100481987 -3.3436191082000732
v -0.6737368106842041 0.6404346227645874 -3.3399558067321777
v -0.6535189747810364 0.621815025806427 -3.2011001110076904
v -0.6535189747810364 0.621815025806427 -3.2011001110076904
v -0.6539899706840515 0.5934720039367676 -3.2046499252319336
v -0.6742225289344788 0.6112100481987 -3.3436191082000732
v -0.6450467109680176 0.611233651638031 -3.347684144973755
v -0.6445603966712952 0.6404576897621155 -3.3440210819244385
v -0.6252229809761047 0.6218370199203491 -3.2050399780273438
v -0.6252229809761047 0.6218370199203491 -3.2050399780273438
v -0.6256939768791199 0.5934939980506897 -3.208590030670166
v -0.6450467109680176 0.611233651638031 -3.347684144973755
v -0.6539899706840515 0.5934720039367676 -3.2046499252319336
v -0.6256939768791199 0.5934939980506897 -3.208590030670166
v -0.6450467109680176 0.611233651638031 -3.347684144973755
v -0.6450467109680176 0.611233651638031 -3.347684144973755
v -0.6742225289344788 0.6112100481987 -3.3436191082000732
v -0.6539899706840515 0.5934720039367676 -3.2046499252319336
v -0.6535189747810364 0.621815025806427 -3.2011001110076904
v -0.6737368106842041 0.6404346227645874 -3.3399558067321777
v -0.6445603966712952 0.6404576897621155 -3.3440210819244385
v -0.6445603966712952 0.6404576897621155 -3.3440210819244385
v -0.6252229809761047 0.6218370199203491 -3.2050399780273438
v -0.6535189747810364 0.621815025806427 -3.2011001110076904
v -0.6251469850540161 0.5934929847717285 -3.2086501121520996
v -0.624675989151001 0.6218360066413879 -3.2051000595092773
v -0.5963559746742249 0.6218360066413879 -3.208859920501709
v -0.5963559746742249 0.6218360066413879 -3.208859920501709
v -0.59682697057724 0.5934929847717285 -3.2124099731445312
v -0.6251469850540161 0.5934929847717285 -3.2086501121520996
v -0.6397802829742432 0.6069070100784302 -3.3138322830200195
v -0.6392976641654968 0.6359167098999023 -3.3101966381073
v -0.6103120446205139 0.635917067527771 -3.31404709815979
v -0.6103120446205139 0.635917067527771 -3.31404709815979
v -0.6107941269874573 0.6069074273109436 -3.3176827430725098
v -0.6397802829742432 0.6069070100784302 -3.3138322830200195
v -0.6397802829742432 0.6069070100784302 -3.3138322830200195
v -0.6392976641654968 0.6359167098999023 -3.3101966381073
v -0.624675989151001 0.6218360066413879 -3.2051000595092773
v -0.624675989151001 0.6218360066413879 -3.2051000595092773
v -0.6251469850540161 0.5934929847717285 -3.2086501121520996
v -0.6397802829742432 0.6069070100784302 -3.3138322830200195
v -0.6107941269874573 0.6069074273109436 -3.3176827430725098
v -0.6103120446205139 0.635917067527771 -3.31404709815979
v -0.5963559746742249 0.6218360066413879 -3.208859920501709
v -0.5963559746742249 0.6218360066413879 -3.208859920501709
v -0.59682697057724 0.5934929847717285 -3.2124099731445312
v -0.6107941269874573 0.6069074273109436 -3.3176827430725098
v -0.6251469850540161 0.5934929847717285 -3.2086501121520996
v -0.59682697057724 0.5934929847717285 -3.2124099731445312
v -0.6107941269874573 0.6069074273109436 -3.3176827430725098
v -0.6107941269874573 0.6069074273109436 -3.3176827430725098
v -0.6397802829742432 0.6069070100784302 -3.3138322830200195
v -0.6251469850540161 0.5934929847717285 -3.2086501121520996
v -0.624675989151001 0.6218360066413879 -3.2051000595092773
v -0.6392976641654968 0.6359167098999023 -3.3101966381073
v -0.6103120446205139 0.635917067527771 -3.31404709815979
v -0.6103120446205139 0.635917067527771 -3.31404709815979
v -0.5963559746742249 0.6218360066413879 -3.208859920501709
v -0.624675989151001 0.6218360066413879 -3.2051000595092773
v -0.6246680021286011 0.6223840117454529 -3.2050399780273438
v -0.6241739988327026 0.6507030129432678 -3.201319932937622
v -0.5958539843559265 0.6507030129432678 -3.2050700187683105
v -0.5958539843559265 0.6507030129432678 -3.2050700187683105
v -0.596347987651825 0.6223840117454529 -3.2088000774383545
v -0.6246680021286011 0.6223840117454529 -3.2050399780273438
v -0.6303329467773438 0.6278391480445862 -3.245756149291992
v -0.6298342943191528 0.6564164757728577 -3.2420012950897217
v -0.6012559533119202 0.6564163565635681 -3.245786428451538
v -0.6012559533119202 0.6564163565635681 -3.245786428451538
v -0.6017548441886902 0.6278393268585205 -3.249551296234131
v -0.6303329467773438 0.6278391480445862 -3.245756149291992
v -0.6303329467773438 0.6278391480445862 -3.245756149291992
v -0.6298342943191528 0.6564164757728577 -3.2420012950897217
v -0.6241739988327026 0.6507030129432678 -3.201319932937622
v -0.6241739988327026 0.6507030129432678 -3.201319932937622
v -0.6246680021286011 0.6223840117454529 -3.2050399780273438
v -0.6303329467773438 0.6278391480445862 -3.245756149291992
v -0.6017548441886902 0.6278393268585205 -3.249551296234131
v -0.6012559533119202 0.6564163565635681 -3.245786428451538
v -0.5958539843559265 0.6507030129432678 -3.2050700187683105
v -0.5958539843559265 0.6507030129432678 -3.2050700187683105
v -0.596347987651825 0.6223840117454529 -3.2088000774383545
v -0.6017548441886902 0.6278393268585205 -3.249551296234131
v -0.6246680021286011 0.6223840117454529 -3.2050399780273438
v -0.596347987651825 0.6223840117454529 -3.2088000774383545
v -0.6017548441886902 0.6278393268585205 -3.249551296234131
v -0.6017548441886902 0.6278393268585205 -3.249551296234131
v -0.6303329467773438 0.6278391480445862 -3.245756149291992
v -0.6246680021286011 0.6223840117454529 -3.2050399780273438
v -0.6241739988327026 0.6507030129432678 -3.201319932937622
v -0.6298342943191528 0.6564164757728577 -3.2420012950897217
v -0.6012559533119202 0.6564163565635681 -3.245786428451538
v -0.6012559533119202 0.6564163565635681 -3.245786428451538
v -0.5958539843559265 0.6507030129432678 -3.2050700187683105
v -0.6241739988327026 0.6507030129432678 -3.201319932937622
v -0.5897259712219238 0.11780499666929245 -3.1748499870300293
v -0.5896369814872742 0.1463640034198761 -3.174139976501465
v -0.5612890124320984 0.1463640034198761 -3.177680015563965
v -0.5612890124320984 0.1463640034198761 -3.177680015563965
v -0.561378002166748 0.11780499666929245 -3.1783900260925293
v -0.5897259712219238 0.11780499666929245 -3.1748499870300293
v -0.6053926944732666 0.1208326667547226 -3.294243097305298
v -0.605301558971405 0.15014778077602386 -3.2935116291046143
v -0.5762032866477966 0.15014787018299103 -3.297147750854492
v -0.5762032866477966 0.15014787018299103 -3.297147750854492
v -0.5762944221496582 0.12083274126052856 -3.2978789806365967
v -0.6053926944732666 0.1208326667547226 -3.294243097305298
v -0.6053926944732666 0.1208326667547226 -3.294243097305298
v -0.605301558971405 0.15014778077602386 -3.2935116291046143
v -0.5896369814872742 0.1463640034198761 -3.174139976501465
v -0.5896369814872742 0.1463640034198761 -3.174139976501465
v -0.5897259712219238 0.11780499666929245 -3.1748499870300293
v -0.6053926944732666 0.1208326667547226 -3.294243097305298
v -0.5762944221496582 0.12083274126052856 -3.2978789806365967
v -0.5762032866477966 0.15014787018299103 -3.297147750854492
v -0.5612890124320984 0.1463640034198761 -3.177680015563965
v -0.5612890124320984 0.1463640034198761 -3.177680015563965
v -0.561378002166748 0.11780499666929245 -3.1783900260925293
v -0.5762944221496582 0.12083274126052856 -3.2978789806365967
v -0.5897259712219238 0.11780499666929245 -3.1748499870300293
v -0.561378002166748 0.11780499666929245 -3.1783900260925293
v -0.5762944221496582 0.12083274126052856 -3.2978789806365967
v -0.5762944221496582 0.12083274126052856 -3.2978789806365967
v -0.6053926944732666 0.1208326667547226 -3.294243097305298
v -0.5897259712219238 0.11780499666929245 -3.1748499870300293
v -0.5896369814872742 0.1463640034198761 -3.174139976501465
v -0.605301558971405 0.15014778077602386 -3.2935116291046143
v -0.5762032866477966 0.15014787018299103 -3.297147750854492
v -0.5762032866477966 0.15014787018299103 -3.297147750854492
v -0.5612890124320984 0.1463640034198761 -3.177680015563965
v -0.5896369814872742 0.1463640034198761 -3.174139976501465
v -0.5904009938240051 0.6800979971885681 -3.181950092315674
v -0.5899800062179565 0.7083680033683777 -3.1778600215911865
v -0.561631977558136 0.7084580063819885 -3.1814000606536865
v -0.561631977558136 0.7084580063819885 -3.1814000606536865
v -0.5620530247688293 0.680188000202179 -3.1854898929595947
v -0.5904009938240051 0.6800979971885681 -3.181950092315674
v -0.5947790145874023 0.6849744915962219 -3.215189218521118
v -0.5943548679351807 0.713455080986023 -3.2110679149627686
v -0.5657957196235657 0.7135457992553711 -3.214635133743286
v -0.5657957196235657 0.7135457992553711 -3.214635133743286
v -0.5662199854850769 0.6850652098655701 -3.2187561988830566
v -0.5947790145874023 0.6849744915962219 -3.215189218521118
v -0.5947790145874023 0.6849744915962219 -3.215189218521118
v -0.5943548679351807 0.713455080986023 -3.2110679149627686
v -0.5899800062179565 0.7083680033683777 -3.1778600215911865
v -0.5899800062179565 0.7083680033683777 -3.1778600215911865
v -0.5904009938240051 0.6800979971885681 -3.181950092315674
v -0.5947790145874023 0.6849744915962219 -3.215189218521118
v -0.5662199854850769 0.6850652098655701 -3.2187561988830566
v -0.5657957196235657 0.7135457992553711 -3.214635133743286
v -0.561631977558136 0.7084580063819885 -3.1814000606536865
v -0.561631977558136 0.7084580063819885 -3.1814000606536865
v -0.5620530247688293 0.680188000202179 -3.1854898929595947
v -0.5662199854850769 0.6850652098655701 -3.2187561988830566
v -0.5904009938240051 0.6800979971885681 -3.181950092315674
v -0.5620530247688293 0.680188000202179 -3.1854898929595947
v -0.5662199854850769 0.6850652098655701 -3.2187561988830566
v -0.5662199854850769 0.6850652098655701 -3.2187561988830566
v -0.5947790145874023 0.6849744915962219 -3.215189218521118
v -0.5904009938240051 0.6800979971885681 -3.181950092315674
v -0.5899800062179565 0.7083680033683777 -3.1778600215911865
v -0.5943548679351807 0.713455080986023 -3.2110679149627686
v -0.5657957196235657 0.7135457992553711 -3.214635133743286
v -0.5657957196235657 0.7135457992553711 -3.214635133743286
v -0.561631977558136 0.7084580063819885 -3.1814000606536865
v -0.5899800062179565 0.7083680033683777 -3.1778600215911865
v -0.5900470018386841 0.7090039849281311 -3.1783599853515625
v -0.5896040201187134 0.7372469902038574 -3.1740899085998535
v -0.5612559914588928 0.7373369932174683 -3.1776299476623535
v -0.5612559914588928 0.7373369932174683 -3.1776299476623535
v -0.5616989731788635 0.7090939879417419 -3.1818900108337402
v -0.5900470018386841 0.7090039849281311 -3.1783599853515625
v -0.595847487449646 0.7157483100891113 -3.2223870754241943
v -0.5953996777534485 0.7442702651023865 -3.218074083328247
v -0.566771924495697 0.7443612813949585 -3.2216498851776123
v -0.566771924495697 0.7443612813949585 -3.2216498851776123
v -0.5672192573547363 0.7158392071723938 -3.2259531021118164
v -0.595847487449646 0.7157483100891113 -3.2223870754241943
v -0.595847487449646 0.7157483100891113 -3.2223870754241943
v -0.5953996777534485 0.7442702651023865 -3.218074083328247
v -0.5896040201187134 0.7372469902038574 -3.1740899085998535
v -0.5896040201187134 0.7372469902038574 -3.1740899085998535
v -0.5900470018386841 0.7090039849281311 -3.1783599853515625
v -0.595847487449646 0.7157483100891113 -3.2223870754241943
v -0.5672192573547363 0.7158392071723938 -3.2259531021118164
v -0.566771924495697 0.7443612813949585 -3.2216498851776123
v -0.5612559914588928 0.7373369932174683 -3.1776299476623535
v -0.5612559914588928 0.7373369932174683 -3.1776299476623535
v -0.5616989731788635 0.7090939879417419 -3.1818900108337402
v -0.5672192573547363 0.7158392071723938 -3.2259531021118164
v -0.5900470018386841 0.7090039849281311 -3.1783599853515625
v -0.5616989731788635 0.7090939879417419 -3.1818900108337402
v -0.5672192573547363 0.7158392071723938 -3.2259531021118164
v -0.5672192573547363 0.7158392071723938 -3.2259531021118164
v -0.595847487449646 0.7157483100891113 -3.2223870754241943
v -0.5900470018386841 0.7090039849281311 -3.1783599853515625
v -0.5896040201187134 0.7372469902038574 -3.1740899085998535
v -0.5953996777534485 0.7442702651023865 -3.218074083328247
v -0.566771924495697 0.7443612813949585 -3.2216498851776123
v -0.566771924495697 0.7443612813949585 -3.2216498851776123
v -0.5612559914588928 0.7373369932174683 -3.1776299476623535
v -0.5896040201187134 0.7372469902038574 -3.1740899085998535
v -0.5912520289421082 0.950918972492218 -3.190850019454956
v -0.59067702293396 0.9789119958877563 -3.1851699352264404
v -0.5623289942741394 0.9790459871292114 -3.1887099742889404
v -0.5623289942741394 0.9790459871292114 -3.1887099742889404
v -0.5629040002822876 0.9510539770126343 -3.194380044937134
v -0.5912520289421082 0.950918972492218 -3.190850019454956
v -0.5957452058792114 0.9579017162322998 -3.224832534790039
v -0.5951655507087708 0.9861098527908325 -3.2191081047058105
v -0.5665996670722961 0.9862449765205383 -3.2226760387420654
v -0.5665996670722961 0.9862449765205383 -3.2226760387420654
v -0.5671791434288025 0.9580374956130981 -3.2283904552459717
v -0.5957452058792114 0.9579017162322998 -3.224832534790039
v -0.5957452058792114 0.9579017162322998 -3.224832534790039
v -0.5951655507087708 0.9861098527908325 -3.2191081047058105
v -0.59067702293396 0.9789119958877563 -3.1851699352264404
v -0.59067702293396 0.9789119958877563 -3.1851699352264404
v -0.5912520289421082 0.950918972492218 -3.190850019454956
v -0.5957452058792114 0.9579017162322998 -3.224832534790039
v -0.5671791434288025 0.9580374956130981 -3.2283904552459717
v -0.5665996670722961 0.9862449765205383 -3.2226760387420654
v -0.5623289942741394 0.9790459871292114 -3.1887099742889404
v -0.5623289942741394 0.9790459871292114 -3.1887099742889404
v -0.5629040002822876 0.9510539770126343 -3.194380044937134
v -0.5671791434288025 0.9580374956130981 -3.2283904552459717
v -0.5912520289421082 0.950918972492218 -3.190850019454956
v -0.5629040002822876 0.9510539770126343 -3.194380044937134
v -0.5671791434288025 0.9580374956130981 -3.2283904552459717
v -0.5671791434288025 0.9580374956130981 -3.2283904552459717
v -0.5957452058792114 0.9579017162322998 -3.224832534790039
v -0.5912520289421082 0.950918972492218 -3.190850019454956
v -0.59067702293396 0.9789119958877563 -3.1851699352264404
v -0.5951655507087708 0.9861098527908325 -3.2191081047058105
v -0.5665996670722961 0.9862449765205383 -3.2226760387420654
v -0.5665996670722961 0.9862449765205383 -3.2226760387420654
v -0.5623289942741394 0.9790459871292114 -3.1887099742889404
v -0.59067702293396 0.9789119958877563 -3.1851699352264404
v -0.5617949962615967 0.4735560119152069 -3.1886301040649414
v -0.561506986618042 0.5019800066947937 -3.1857800483703613
v -0.5331379771232605 0.5020310282707214 -3.1891400814056396
v -0.5331379771232605 0.5020310282707214 -3.1891400814056396
v -0.533424973487854 0.47360700368881226 -3.1919898986816406
v -0.5617949962615967 0.4735560119152069 -3.1886301040649414
v -0.5676005482673645 0.47827383875846863 -3.235053777694702
v -0.5673097372055054 0.506991446018219 -3.232173442840576
v -0.5386474132537842 0.5070430636405945 -3.2355692386627197
v -0.5386474132537842 0.5070430636405945 -3.2355692386627197
v -0.5389374494552612 0.47832542657852173 -3.2384495735168457
v -0.5676005482673645 0.47827383875846863 -3.235053777694702
v -0.5676005482673645 0.47827383875846863 -3.235053777694702
v -0.5673097372055054 0.506991446018219 -3.232173442840576
v -0.561506986618042 0.5019800066947937 -3.1857800483703613
v -0.561506986618042 0.5019800066947937 -3.1857800483703613
v -0.5617949962615967 0.4735560119152069 -3.1886301040649414
v -0.5676005482673645 0.47827383875846863 -3.235053777694702
v -0.5389374494552612 0.47832542657852173 -3.2384495735168457
v -0.5386474132537842 0.5070430636405945 -3.2355692386627197
v -0.5331379771232605 0.5020310282707214 -3.1891400814056396
v -0.5331379771232605 0.5020310282707214 -3.1891400814056396
v -0.533424973487854 0.47360700368881226 -3.1919898986816406
v -0.5389374494552612 0.47832542657852173 -3.2384495735168457
v -0.5617949962615967 0.4735560119152069 -3.1886301040649414
v -0.533424973487854 0.47360700368881226 -3.1919898986816406
v -0.5389374494552612 0.47832542657852173 -3.2384495735168457
v -0.5389374494552612 0.47832542657852173 -3.2384495735168457
v -0.5676005482673645 0.47827383875846863 -3.235053777694702
v -0.5617949962615967 0.4735560119152069 -3.1886301040649414
v -0.561506986618042 0.5019800066947937 -3.1857800483703613
v -0.5673097372055054 0.506991446018219 -3.232173442840576
v -0.5386474132537842 0.5070430636405945 -3.2355692386627197
v -0.5386474132537842 0.5070430636405945 -3.2355692386627197
v -0.5331379771232605 0.5020310282707214 -3.1891400814056396
v -0.561506986618042 0.5019800066947937 -3.1857800483703613
v -0.5615280270576477 0.5025500059127808 -3.185920000076294
v -0.5612199902534485 0.530955970287323 -3.182889938354492
v -0.532850980758667 0.5310059785842896 -3.1862499713897705
v -0.532850980758667 0.5310059785842896 -3.1862499713897705
v -0.5331590175628662 0.5026010274887085 -3.1892800331115723
v -0.5615280270576477 0.5025500059127808 -3.185920000076294
v -0.5692870616912842 0.509251058101654 -3.2479546070098877
v -0.5689744353294373 0.5380496978759766 -3.2448816299438477
v -0.5402129292488098 0.5381004214286804 -3.2482893466949463
v -0.5402129292488098 0.5381004214286804 -3.2482893466949463
v -0.5405258536338806 0.509303092956543 -3.2513623237609863
v -0.5692870616912842 0.509251058101654 -3.2479546070098877
v -0.5692870616912842 0.509251058101654 -3.2479546070098877
v -0.5689744353294373 0.5380496978759766 -3.2448816299438477
v -0.5612199902534485 0.530955970287323 -3.182889938354492
v -0.5612199902534485 0.530955970287323 -3.182889938354492
v -0.5615280270576477 0.5025500059127808 -3.185920000076294
v -0.5692870616912842 0.509251058101654 -3.2479546070098877
v -0.5405258536338806 0.509303092956543 -3.2513623237609863
v -0.5402129292488098 0.5381004214286804 -3.2482893466949463
v -0.532850980758667 0.5310059785842896 -3.1862499713897705
v -0.532850980758667 0.5310059785842896 -3.1862499713897705
v -0.5331590175628662 0.5026010274887085 -3.1892800331115723
v -0.5405258536338806 0.509303092956543 -3.2513623237609863
v -0.5615280270576477 0.5025500059127808 -3.185920000076294
v -0.5331590175628662 0.5026010274887085 -3.1892800331115723
v -0.5405258536338806 0.509303092956543 -3.2513623237609863
v -0.5405258536338806 0.509303092956543 -3.2513623237609863
v -0.5692870616912842 0.509251058101654 -3.2479546070098877
v -0.5615280270576477 0.5025500059127808 -3.185920000076294
v -0.5612199902534485 0.530955970287323 -3.182889938354492
v -0.5689744353294373 0.5380496978759766 -3.2448816299438477
v -0.5402129292488098 0.5381004214286804 -3.2482893466949463
v -0.5402129292488098 0.5381004214286804 -3.2482893466949463
v -0.532850980758667 0.5310059785842896 -3.1862499713897705
v -0.5612199902534485 0.530955970287323 -3.182889938354492
v -0.5612630248069763 0.5315489768981934 -3.1832199096679688
v -0.5609340071678162 0.5599349737167358 -3.1800100803375244
v -0.5325639843940735 0.5599849820137024 -3.1833701133728027
v -0.5325639843940735 0.5599849820137024 -3.1833701133728027
v -0.5328930020332336 0.5315999984741211 -3.186579942703247
v -0.5612630248069763 0.5315489768981934 -3.1832199096679688
v -0.587418794631958 0.5554760694503784 -3.392308473587036
v -0.5870732665061951 0.5851845741271973 -3.3889448642730713
v -0.5573803782463074 0.5852370858192444 -3.392465829849243
v -0.5573803782463074 0.5852370858192444 -3.392465829849243
v -0.5577259063720703 0.5555287003517151 -3.395829439163208
v -0.587418794631958 0.5554760694503784 -3.392308473587036
v -0.587418794631958 0.5554760694503784 -3.392308473587036
v -0.5870732665061951 0.5851845741271973 -3.3889448642730713
v -0.5609340071678162 0.5599349737167358 -3.1800100803375244
v -0.5609340071678162 0.5599349737167358 -3.1800100803375244
v -0.5612630248069763 0.5315489768981934 -3.1832199096679688
v -0.587418794631958 0.5554760694503784 -3.392308473587036
v -0.5577259063720703 0.5555287003517151 -3.395829439163208
v -0.5573803782463074 0.5852370858192444 -3.392465829849243
v -0.5325639843940735 0.5599849820137024 -3.1833701133728027
v -0.5325639843940735 0.5599849820137024 -3.1833701133728027
v -0.5328930020332336 0.5315999984741211 -3.186579942703247
v -0.5577259063720703 0.5555287003517151 -3.395829439163208
v -0.5612630248069763 0.5315489768981934 -3.1832199096679688
v -0.5328930020332336 0.5315999984741211 -3.186579942703247
v -0.5577259063720703 0.5555287003517151 -3.395829439163208
v -0.5577259063720703 0.5555287003517151 -3.395829439163208
v -0.587418794631958 0.5554760694503784 -3.392308473587036
v -0.5612630248069763 0.5315489768981934 -3.1832199096679688
v -0.5609340071678162 0.5599349737167358 -3.1800100803375244
v -0.5870732665061951 0.5851845741271973 -3.3889448642730713
v -0.5573803782463074 0.5852370858192444 -3.392465829849243
v -0.5573803782463074 0.5852370858192444 -3.392465829849243
v -0.5325639843940735 0.5599849820137024 -3.1833701133728027
v -0.5609340071678162 0.5599349737167358 -3.1800100803375244
v -0.5617830157279968 0.651216983795166 -3.1885900497436523
v -0.5613870024681091 0.6795120239257812 -3.1846699714660645
v -0.5330169796943665 0.6795799732208252 -3.1880300045013428
v -0.5330169796943665 0.6795799732208252 -3.1880300045013428
v -0.5334140062332153 0.6512839794158936 -3.1919500827789307
v -0.5617830157279968 0.651216983795166 -3.1885900497436523
v -0.5669267177581787 0.656973123550415 -3.229661226272583
v -0.5665268301963806 0.685528039932251 -3.2257044315338135
v -0.5378961563110352 0.6855965256690979 -3.2290961742401123
v -0.5378961563110352 0.6855965256690979 -3.2290961742401123
v -0.5382970571517944 0.6570410132408142 -3.233052968978882
v -0.5669267177581787 0.656973123550415 -3.229661226272583
v -0.5669267177581787 0.656973123550415 -3.229661226272583
v -0.5665268301963806 0.685528039932251 -3.2257044315338135
v -0.5613870024681091 0.6795120239257812 -3.1846699714660645
v -0.5613870024681091 0.6795120239257812 -3.1846699714660645
v -0.5617830157279968 0.651216983795166 -3.1885900497436523
v -0.5669267177581787 0.656973123550415 -3.229661226272583
v -0.5382970571517944 0.6570410132408142 -3.233052968978882
v -0.5378961563110352 0.6855965256690979 -3.2290961742401123
v -0.5330169796943665 0.6795799732208252 -3.1880300045013428
v -0.5330169796943665 0.6795799732208252 -3.1880300045013428
v -0.5334140062332153 0.6512839794158936 -3.1919500827789307
v -0.5382970571517944 0.6570410132408142 -3.233052968978882
v -0.5617830157279968 0.651216983795166 -3.1885900497436523
v -0.5334140062332153 0.6512839794158936 -3.1919500827789307
v -0.5382970571517944 0.6570410132408142 -3.233052968978882
v -0.5382970571517944 0.6570410132408142 -3.233052968978882
v -0.5669267177581787 0.656973123550415 -3.229661226272583
v -0.5617830157279968 0.651216983795166 -3.1885900497436523
v -0.5613870024681091 0.6795120239257812 -3.1846699714660645
v -0.5665268301963806 0.685528039932251 -3.2257044315338135
v -0.5378961563110352 0.6855965256690979 -3.2290961742401123
v -0.5378961563110352 0.6855965256690979 -3.2290961742401123
v -0.5330169796943665 0.6795799732208252 -3.1880300045013428
v -0.5613870024681091 0.6795120239257812 -3.1846699714660645
v -0.5610730051994324 0.7090219855308533 -3.181380033493042
v -0.560634970664978 0.7372649908065796 -3.1771199703216553
v -0.5322650074958801 0.7373329997062683 -3.1804800033569336
v -0.5322650074958801 0.7373329997062683 -3.1804800033569336
v -0.5327029824256897 0.7090889811515808 -3.1847400665283203
v -0.5610730051994324 0.7090219855308533 -3.181380033493042
v -0.5681872367858887 0.7177149653434753 -3.2381691932678223
v -0.5677440166473389 0.7463182806968689 -3.233853578567505
v -0.5390132069587708 0.7463870644569397 -3.237257480621338
v -0.5390132069587708 0.7463870644569397 -3.237257480621338
v -0.5394564270973206 0.7177832722663879 -3.2415730953216553
v -0.5681872367858887 0.7177149653434753 -3.2381691932678223
v -0.5681872367858887 0.7177149653434753 -3.2381691932678223
v -0.5677440166473389 0.7463182806968689 -3.233853578567505
v -0.560634970664978 0.7372649908065796 -3.1771199703216553
v -0.560634970664978 0.7372649908065796 -3.1771199703216553
v -0.5610730051994324 0.7090219855308533 -3.181380033493042
v -0.5681872367858887 0.7177149653434753 -3.2381691932678223
v -0.5394564270973206 0.7177832722663879 -3.2415730953216553
v -0.5390132069587708 0.7463870644569397 -3.237257480621338
v -0.5322650074958801 0.7373329997062683 -3.1804800033569336
v -0.5322650074958801 0.7373329997062683 -3.1804800033569336
v -0.5327029824256897 0.7090889811515808 -3.1847400665283203
v -0.5394564270973206 0.7177832722663879 -3.2415730953216553
v -0.5610730051994324 0.7090219855308533 -3.181380033493042
v -0.5327029824256897 0.7090889811515808 -3.1847400665283203
v -0.5394564270973206 0.7177832722663879 -3.2415730953216553
v -0.5394564270973206 0.7177832722663879 -3.2415730953216553
v -0.5681872367858887 0.7177149653434753 -3.2381691932678223
v -0.5610730051994324 0.7090219855308533 -3.181380033493042
v -0.560634970664978 0.7372649908065796 -3.1771199703216553
v -0.5677440166473389 0.7463182806968689 -3.233853578567505
v -0.5390132069587708 0.7463870644569397 -3.237257480621338
v -0.5390132069587708 0.7463870644569397 -3.237257480621338
v -0.5322650074958801 0.7373329997062683 -3.1804800033569336
v -0.560634970664978 0.7372649908065796 -3.1771199703216553
v -0.5629280209541321 0.74310302734375 -3.200279951095581
v -0.5624859929084778 0.7713189721107483 -3.1958398818969727
v -0.5341160297393799 0.7714040279388428 -3.199199914932251
v -0.5341160297393799 0.7714040279388428 -3.199199914932251
v -0.5345590114593506 0.7431870102882385 -3.2036499977111816
v -0.5629280209541321 0.74310302734375 -3.200279951095581
v -0.5720757246017456 0.7547430396080017 -3.2732324600219727
v -0.5716260075569153 0.7834209203720093 -3.2687182426452637
v -0.5427916646003723 0.7835071086883545 -3.272134780883789
v -0.5427916646003723 0.7835071086883545 -3.272134780883789
v -0.5432424545288086 0.7548287510871887 -3.2766590118408203
v -0.5720757246017456 0.7547430396080017 -3.2732324600219727
v -0.5720757246017456 0.7547430396080017 -3.2732324600219727
v -0.5716260075569153 0.7834209203720093 -3.2687182426452637
v -0.5624859929084778 0.7713189721107483 -3.1958398818969727
v -0.5624859929084778 0.7713189721107483 -3.1958398818969727
v -0.5629280209541321 0.74310302734375 -3.200279951095581
v -0.5720757246017456 0.7547430396080017 -3.2732324600219727
v -0.5432424545288086 0.7548287510871887 -3.2766590118408203
v -0.5427916646003723 0.7835071086883545 -3.272134780883789
v -0.5341160297393799 0.7714040279388428 -3.199199914932251
v -0.5341160297393799 0.7714040279388428 -3.199199914932251
v -0.5345590114593506 0.7431870102882385 -3.2036499977111816
v -0.5432424545288086 0.7548287510871887 -3.2766590118408203
v -0.5629280209541321 0.74310302734375 -3.200279951095581
v -0.5345590114593506 0.7431870102882385 -3.2036499977111816
v -0.5432424545288086 0.7548287510871887 -3.2766590118408203
v -0.5432424545288086 0.7548287510871887 -3.2766590118408203
v -0.5720757246017456 0.7547430396080017 -3.2732324600219727
v -0.5629280209541321 0.74310302734375 -3.200279951095581
v -0.5624859929084778 0.7713189721107483 -3.1958398818969727
v -0.5716260075569153 0.7834209203720093 -3.2687182426452637
v -0.5427916646003723 0.7835071086883545 -3.272134780883789
v -0.5427916646003723 0.7835071086883545 -3.272134780883789
v -0.5341160297393799 0.7714040279388428 -3.199199914932251
v -0.5624859929084778 0.7713189721107483 -3.1958398818969727
v -0.5612729787826538 1.159190058708191 -3.1839001178741455
v -0.5605720281600952 1.186900019645691 -3.1770100593566895
v -0.5322020053863525 1.187019944190979 -3.1803700923919678
v -0.5322020053863525 1.187019944190979 -3.1803700923919678
v -0.5329040288925171 1.159309983253479 -3.1872599124908447
v -0.5612729787826538 1.159190058708191 -3.1839001178741455
v -0.5661107897758484 1.1688580513000488 -3.2222747802734375
v -0.5654032826423645 1.1968122720718384 -3.2153234481811523
v -0.536784827709198 1.1969325542449951 -3.2187137603759766
v -0.536784827709198 1.1969325542449951 -3.2187137603759766
v -0.5374929904937744 1.168977975845337 -3.22566556930542
v -0.5661107897758484 1.1688580513000488 -3.2222747802734375
v -0.5661107897758484 1.1688580513000488 -3.2222747802734375
v -0.5654032826423645 1.1968122720718384 -3.2153234481811523
v -0.5605720281600952 1.186900019645691 -3.1770100593566895
v -0.5605720281600952 1.186900019645691 -3.1770100593566895
v -0.5612729787826538 1.159190058708191 -3.1839001178741455
v -0.5661107897758484 1.1688580513000488 -3.2222747802734375
v -0.5374929904937744 1.168977975845337 -3.22566556930542
v -0.536784827709198 1.1969325542449951 -3.2187137603759766
v -0.5322020053863525 1.187019944190979 -3.1803700923919678
v -0.5322020053863525 1.187019944190979 -3.1803700923919678
v -0.5329040288925171 1.159309983253479 -3.1872599124908447
v -0.5374929904937744 1.168977975845337 -3.22566556930542
v -0.5612729787826538 1.159190058708191 -3.1839001178741455
v -0.5329040288925171 1.159309983253479 -3.1872599124908447
v -0.5374929904937744 1.168977975845337 -3.22566556930542
v -0.5374929904937744 1.168977975845337 -3.22566556930542
v -0.5661107897758484 1.1688580513000488 -3.2222747802734375
v -0.5612729787826538 1.159190058708191 -3.1839001178741455
v -0.5605720281600952 1.186900019645691 -3.1770100593566895
v -0.5654032826423645 1.1968122720718384 -3.2153234481811523
v -0.536784827709198 1.1969325542449951 -3.2187137603759766
v -0.536784827709198 1.1969325542449951 -3.2187137603759766
v -0.5322020053863525 1.187019944190979 -3.1803700923919678
v -0.5605720281600952 1.186900019645691 -3.1770100593566895
v -0.5325610041618347 0.5025650262832642 -3.1889500617980957
v -0.5322549939155579 0.5309699773788452 -3.185920000076294
v -0.5038650035858154 0.531004011631012 -3.189110040664673
v -0.5038650035858154 0.531004011631012 -3.189110040664673
v -0.5041710138320923 0.5025990009307861 -3.1921401023864746
v -0.5325610041618347 0.5025650262832642 -3.1889500617980957
v -0.5367713570594788 0.5063953995704651 -3.224433183670044
v -0.5364629030227661 0.5350248217582703 -3.2213785648345947
v -0.5078487396240234 0.5350593328475952 -3.2245943546295166
v -0.5078487396240234 0.5350593328475952 -3.2245943546295166
v -0.5081570744514465 0.5064297318458557 -3.227648973464966
v -0.5367713570594788 0.5063953995704651 -3.224433183670044
v -0.5367713570594788 0.5063953995704651 -3.224433183670044
v -0.5364629030227661 0.5350248217582703 -3.2213785648345947
v -0.5322549939155579 0.5309699773788452 -3.185920000076294
v -0.5322549939155579 0.5309699773788452 -3.185920000076294
v -0.5325610041618347 0.5025650262832642 -3.1889500617980957
v -0.5367713570594788 0.5063953995704651 -3.224433183670044
v -0.5081570744514465 0.5064297318458557 -3.227648973464966
v -0.5078487396240234 0.5350593328475952 -3.2245943546295166
v -0.5038650035858154 0.531004011631012 -3.189110040664673
v -0.5038650035858154 0.531004011631012 -3.189110040664673
v -0.5041710138320923 0.5025990009307861 -3.1921401023864746
v -0.5081570744514465 0.5064297318458557 -3.227648973464966
v -0.5325610041618347 0.5025650262832642 -3.1889500617980957
v -0.5041710138320923 0.5025990009307861 -3.1921401023864746
v -0.5081570744514465 0.5064297318458557 -3.227648973464966
v -0.5081570744514465 0.5064297318458557 -3.227648973464966
v -0.5367713570594788 0.5063953995704651 -3.224433183670044
v -0.5325610041618347 0.5025650262832642 -3.1889500617980957
v -0.5322549939155579 0.5309699773788452 -3.185920000076294
v -0.5364629030227661 0.5350248217582703 -3.2213785648345947
v -0.5078487396240234 0.5350593328475952 -3.2245943546295166
v -0.5078487396240234 0.5350593328475952 -3.2245943546295166
v -0.5038650035858154 0.531004011631012 -3.189110040664673
v -0.5322549939155579 0.5309699773788452 -3.185920000076294
v -0.5322949886322021 0.5315639972686768 -3.1862499713897705
v -0.5319690108299255 0.5599489808082581 -3.183039903640747
v -0.5035790205001831 0.5599830150604248 -3.186229944229126
v -0.5035790205001831 0.5599830150604248 -3.186229944229126
v -0.5039049983024597 0.5315979719161987 -3.189429998397827
v -0.5322949886322021 0.5315639972686768 -3.1862499713897705
v -0.5500522255897522 0.5486752986907959 -3.335890293121338
v -0.5497152209281921 0.5780074596405029 -3.3325703144073486
v -0.520379364490509 0.578043520450592 -3.335869312286377
v -0.520379364490509 0.578043520450592 -3.335869312286377
v -0.5207163691520691 0.5487112998962402 -3.339179277420044
v -0.5500522255897522 0.5486752986907959 -3.335890293121338
v -0.5500522255897522 0.5486752986907959 -3.335890293121338
v -0.5497152209281921 0.5780074596405029 -3.3325703144073486
v -0.5319690108299255 0.5599489808082581 -3.183039903640747
v -0.5319690108299255 0.5599489808082581 -3.183039903640747
v -0.5322949886322021 0.5315639972686768 -3.1862499713897705
v -0.5500522255897522 0.5486752986907959 -3.335890293121338
v -0.5207163691520691 0.5487112998962402 -3.339179277420044
v -0.520379364490509 0.578043520450592 -3.335869312286377
v -0.5035790205001831 0.5599830150604248 -3.186229944229126
v -0.5035790205001831 0.5599830150604248 -3.186229944229126
v -0.5039049983024597 0.5315979719161987 -3.189429998397827
v -0.5207163691520691 0.5487112998962402 -3.339179277420044
v -0.5322949886322021 0.5315639972686768 -3.1862499713897705
v -0.5039049983024597 0.5315979719161987 -3.189429998397827
v -0.5207163691520691 0.5487112998962402 -3.339179277420044
v -0.5207163691520691 0.5487112998962402 -3.339179277420044
v -0.5500522255897522 0.5486752986907959 -3.335890293121338
v -0.5322949886322021 0.5315639972686768 -3.1862499713897705
v -0.5319690108299255 0.5599489808082581 -3.183039903640747
v -0.5497152209281921 0.5780074596405029 -3.3325703144073486
v -0.520379364490509 0.578043520450592 -3.335869312286377
v -0.520379364490509 0.578043520450592 -3.335869312286377
v -0.5035790205001831 0.5599830150604248 -3.186229944229126
v -0.5319690108299255 0.5599489808082581 -3.183039903640747
v -0.5320289731025696 0.5605689883232117 -3.1835598945617676
v -0.5316830277442932 0.588932991027832 -3.1801700592041016
v -0.503292977809906 0.5889670252799988 -3.1833600997924805
v -0.503292977809906 0.5889670252799988 -3.1833600997924805
v -0.5036389827728271 0.5606020092964172 -3.186739921569824
v -0.5320289731025696 0.5605689883232117 -3.1835598945617676
v -0.5432841181755066 0.5720217227935791 -3.2783918380737305
v -0.5429302453994751 0.600985050201416 -3.274928569793701
v -0.5139404535293579 0.601020872592926 -3.2781875133514404
v -0.5139404535293579 0.601020872592926 -3.2781875133514404
v -0.5142937898635864 0.572055995464325 -3.2816410064697266
v -0.5432841181755066 0.5720217227935791 -3.2783918380737305
v -0.5432841181755066 0.5720217227935791 -3.2783918380737305
v -0.5429302453994751 0.600985050201416 -3.274928569793701
v -0.5316830277442932 0.588932991027832 -3.1801700592041016
v -0.5316830277442932 0.588932991027832 -3.1801700592041016
v -0.5320289731025696 0.5605689883232117 -3.1835598945617676
v -0.5432841181755066 0.5720217227935791 -3.2783918380737305
v -0.5142937898635864 0.572055995464325 -3.2816410064697266
v -0.5139404535293579 0.601020872592926 -3.2781875133514404
v -0.503292977809906 0.5889670252799988 -3.1833600997924805
v -0.503292977809906 0.5889670252799988 -3.1833600997924805
v -0.5036389827728271 0.5606020092964172 -3.186739921569824
v -0.5142937898635864 0.572055995464325 -3.2816410064697266
v -0.5320289731025696 0.5605689883232117 -3.1835598945617676
v -0.5036389827728271 0.5606020092964172 -3.186739921569824
v -0.5142937898635864 0.572055995464325 -3.2816410064697266
v -0.5142937898635864 0.572055995464325 -3.2816410064697266
v -0.5432841181755066 0.5720217227935791 -3.2783918380737305
v -0.5320289731025696 0.5605689883232117 -3.1835598945617676
v -0.5316830277442932 0.588932991027832 -3.1801700592041016
v -0.5429302453994751 0.600985050201416 -3.274928569793701
v -0.5139404535293579 0.601020872592926 -3.2781875133514404
v -0.5139404535293579 0.601020872592926 -3.2781875133514404
v -0.503292977809906 0.5889670252799988 -3.1833600997924805
v -0.5316830277442932 0.588932991027832 -3.1801700592041016
v -0.533532977104187 0.593451976776123 -3.198859930038452
v -0.5331779718399048 0.6217939853668213 -3.1953001022338867
v -0.5047879815101624 0.6218389868736267 -3.1984899044036865
v -0.5047879815101624 0.6218389868736267 -3.1984899044036865
v -0.5051429867744446 0.5934969782829285 -3.202049970626831
v -0.533532977104187 0.593451976776123 -3.198859930038452
v -0.5377506017684937 0.5979686379432678 -3.2343742847442627
v -0.5373928546905518 0.6265352964401245 -3.2307851314544678
v -0.5087780952453613 0.6265810132026672 -3.2340011596679688
v -0.5087780952453613 0.6265810132026672 -3.2340011596679688
v -0.5091358423233032 0.5980141758918762 -3.2375900745391846
v -0.5377506017684937 0.5979686379432678 -3.2343742847442627
v -0.5377506017684937 0.5979686379432678 -3.2343742847442627
v -0.5373928546905518 0.6265352964401245 -3.2307851314544678
v -0.5331779718399048 0.6217939853668213 -3.1953001022338867
v -0.5331779718399048 0.6217939853668213 -3.1953001022338867
v -0.533532977104187 0.593451976776123 -3.198859930038452
v -0.5377506017684937 0.5979686379432678 -3.2343742847442627
v -0.5091358423233032 0.5980141758918762 -3.2375900745391846
v -0.5087780952453613 0.6265810132026672 -3.2340011596679688
v -0.5047879815101624 0.6218389868736267 -3.1984899044036865
v -0.5047879815101624 0.6218389868736267 -3.1984899044036865
v -0.5051429867744446 0.5934969782829285 -3.202049970626831
v -0.5091358423233032 0.5980141758918762 -3.2375900745391846
v -0.533532977104187 0.593451976776123 -3.198859930038452
v -0.5051429867744446 0.5934969782829285 -3.202049970626831
v -0.5091358423233032 0.5980141758918762 -3.2375900745391846
v -0.5091358423233032 0.5980141758918762 -3.2375900745391846
v -0.5377506017684937 0.5979686379432678 -3.2343742847442627
v -0.533532977104187 0.593451976776123 -3.198859930038452
v -0.5331779718399048 0.6217939853668213 -3.1953001022338867
v -0.5373928546905518 0.6265352964401245 -3.2307851314544678
v -0.5087780952453613 0.6265810132026672 -3.2340011596679688
v -0.5087780952453613 0.6265810132026672 -3.2340011596679688
v -0.5047879815101624 0.6218389868736267 -3.1984899044036865
v -0.5331779718399048 0.6217939853668213 -3.1953001022338867
v -0.5331739783287048 0.6223419904708862 -3.195240020751953
v -0.532800018787384 0.6506620049476624 -3.191499948501587
v -0.5044100284576416 0.6507070064544678 -3.194689989089966
v -0.5044100284576416 0.6507070064544678 -3.194689989089966
v -0.5047839879989624 0.6223869919776917 -3.1984200477600098
v -0.5331739783287048 0.6223419904708862 -3.195240020751953
v -0.5703189969062805 0.6641265153884888 -3.5079634189605713
v -0.569918155670166 0.6944237351417542 -3.5039560794830322
v -0.539545476436615 0.6944733262062073 -3.5073745250701904
v -0.539545476436615 0.6944733262062073 -3.5073745250701904
v -0.5399461984634399 0.6641741394996643 -3.5113720893859863
v -0.5703189969062805 0.6641265153884888 -3.5079634189605713
v -0.5703189969062805 0.6641265153884888 -3.5079634189605713
v -0.569918155670166 0.6944237351417542 -3.5039560794830322
v -0.532800018787384 0.6506620049476624 -3.191499948501587
v -0.532800018787384 0.6506620049476624 -3.191499948501587
v -0.5331739783287048 0.6223419904708862 -3.195240020751953
v -0.5703189969062805 0.6641265153884888 -3.5079634189605713
v -0.5399461984634399 0.6641741394996643 -3.5113720893859863
v -0.539545476436615 0.6944733262062073 -3.5073745250701904
v -0.5044100284576416 0.6507070064544678 -3.194689989089966
v -0.5044100284576416 0.6507070064544678 -3.194689989089966
v -0.5047839879989624 0.6223869919776917 -3.1984200477600098
v -0.5399461984634399 0.6641741394996643 -3.5113720893859863
v -0.5331739783287048 0.6223419904708862 -3.195240020751953
v -0.5047839879989624 0.6223869919776917 -3.1984200477600098
v -0.5399461984634399 0.6641741394996643 -3.5113720893859863
v -0.5399461984634399 0.6641741394996643 -3.5113720893859863
v -0.5703189969062805 0.6641265153884888 -3.5079634189605713
v -0.5331739783287048 0.6223419904708862 -3.195240020751953
v -0.532800018787384 0.6506620049476624 -3.191499948501587
v -0.569918155670166 0.6944237351417542 -3.5039560794830322
v -0.539545476436615 0.6944733262062073 -3.5073745250701904
v -0.539545476436615 0.6944733262062073 -3.5073745250701904
v -0.5044100284576416 0.6507070064544678 -3.194689989089966
v -0.532800018787384 0.6506620049476624 -3.191499948501587
v -0.532817006111145 0.6512359976768494 -3.1916298866271973
v -0.5324220061302185 0.679531991481781 -3.1877100467681885
v -0.5040320158004761 0.6795769929885864 -3.190890073776245
v -0.5040320158004761 0.6795769929885864 -3.190890073776245
v -0.5044270157814026 0.6512809991836548 -3.194809913635254
v -0.532817006111145 0.6512359976768494 -3.1916298866271973
v -0.6496584415435791 0.7889956831932068 -4.175179958343506
v -0.6491743922233582 0.8235009908676147 -4.170380592346191
v -0.6145479083061218 0.8235649466514587 -4.174278736114502
v -0.6145479083061218 0.8235649466514587 -4.174278736114502
v -0.6150267124176025 0.7890488505363464 -4.179080009460449
v -0.6496584415435791 0.7889956831932068 -4.175179958343506
v -0.6496584415435791 0.7889956831932068 -4.175179958343506
v -0.6491743922233582 0.8235009908676147 -4.170380592346191
v -0.5324220061302185 0.679531991481781 -3.1877100467681885
v -0.5324220061302185 0.679531991481781 -3.1877100467681885
v -0.532817006111145 0.6512359976768494 -3.1916298866271973
v -0.6496584415435791 0.7889956831932068 -4.175179958343506
v -0.6150267124176025 0.7890488505363464 -4.179080009460449
v -0.6145479083061218 0.8235649466514587 -4.174278736114502
v -0.5040320158004761 0.6795769929885864 -3.190890073776245
v -0.5040320158004761 0.6795769929885864 -3.190890073776245
v -0.5044270157814026 0.6512809991836548 -3.194809913635254
v -0.6150267124176025 0.7890488505363464 -4.179080009460449
v -0.532817006111145 0.6512359976768494 -3.1916298866271973
v -0.5044270157814026 0.6512809991836548 -3.194809913635254
v -0.6150267124176025 0.7890488505363464 -4.179080009460449
v -0.6150267124176025 0.7890488505363464 -4.179080009460449
v -0.6496584415435791 0.7889956831932068 -4.175179958343506
v -0.532817006111145 0.6512359976768494 -3.1916298866271973
v -0.5324220061302185 0.679531991481781 -3.1877100467681885
v -0.6491743922233582 0.8235009908676147 -4.170380592346191
v -0.6145479083061218 0.8235649466514587 -4.174278736114502
v -0.6145479083061218 0.8235649466514587 -4.174278736114502
v -0.5040320158004761 0.6795769929885864 -3.190890073776245
v -0.5324220061302185 0.679531991481781 -3.1877100467681885
v -0.5324599742889404 0.6801350116729736 -3.1880199909210205
v -0.5320460200309753 0.7084059715270996 -3.183929920196533
v -0.5036560297012329 0.708450973033905 -3.18710994720459
v -0.5036560297012329 0.708450973033905 -3.18710994720459
v -0.504069983959198 0.680180013179779 -3.191200017929077
v -0.5324599742889404 0.6801350116729736 -3.1880199909210205
v -0.5382483005523682 0.6872731447219849 -3.2367382049560547
v -0.5378297567367554 0.7158521413803101 -3.232602596282959
v -0.5091302990913391 0.7158975005149841 -3.235818386077881
v -0.5091302990913391 0.7158975005149841 -3.235818386077881
v -0.5095488429069519 0.6873185634613037 -3.2399539947509766
v -0.5382483005523682 0.6872731447219849 -3.2367382049560547
v -0.5382483005523682 0.6872731447219849 -3.2367382049560547
v -0.5378297567367554 0.7158521413803101 -3.232602596282959
v -0.5320460200309753 0.7084059715270996 -3.183929920196533
v -0.5320460200309753 0.7084059715270996 -3.183929920196533
v -0.5324599742889404 0.6801350116729736 -3.1880199909210205
v -0.5382483005523682 0.6872731447219849 -3.2367382049560547
v -0.5095488429069519 0.6873185634613037 -3.2399539947509766
v -0.5091302990913391 0.7158975005149841 -3.235818386077881
v -0.5036560297012329 0.708450973033905 -3.18710994720459
v -0.5036560297012329 0.708450973033905 -3.18710994720459
v -0.504069983959198 0.680180013179779 -3.191200017929077
v -0.5095488429069519 0.6873185634613037 -3.2399539947509766
v -0.5324599742889404 0.6801350116729736 -3.1880199909210205
v -0.504069983959198 0.680180013179779 -3.191200017929077
v -0.5095488429069519 0.6873185634613037 -3.2399539947509766
v -0.5095488429069519 0.6873185634613037 -3.2399539947509766
v -0.5382483005523682 0.6872731447219849 -3.2367382049560547
v -0.5324599742889404 0.6801350116729736 -3.1880199909210205
v -0.5320460200309753 0.7084059715270996 -3.183929920196533
v -0.5378297567367554 0.7158521413803101 -3.232602596282959
v -0.5091302990913391 0.7158975005149841 -3.235818386077881
v -0.5091302990913391 0.7158975005149841 -3.235818386077881
v -0.5036560297012329 0.708450973033905 -3.18710994720459
v -0.5320460200309753 0.7084059715270996 -3.183929920196533
v -0.5321040153503418 0.7090409994125366 -3.184420108795166
v -0.5316699743270874 0.7372850179672241 -3.180150032043457
v -0.503279983997345 0.7373300194740295 -3.183340072631836
v -0.503279983997345 0.7373300194740295 -3.183340072631836
v -0.5037140250205994 0.709086000919342 -3.1875998973846436
v -0.5321040153503418 0.7090409994125366 -3.184420108795166
v -0.5374470949172974 0.7159197926521301 -3.229384422302246
v -0.5370087027549744 0.744448184967041 -3.2250704765319824
v -0.5083328485488892 0.744493842124939 -3.2282934188842773
v -0.5083328485488892 0.744493842124939 -3.2282934188842773
v -0.5087710022926331 0.715965211391449 -3.2325973510742188
v -0.5374470949172974 0.7159197926521301 -3.229384422302246
v -0.5374470949172974 0.7159197926521301 -3.229384422302246
v -0.5370087027549744 0.744448184967041 -3.2250704765319824
v -0.5316699743270874 0.7372850179672241 -3.180150032043457
v -0.5316699743270874 0.7372850179672241 -3.180150032043457
v -0.5321040153503418 0.7090409994125366 -3.184420108795166
v -0.5374470949172974 0.7159197926521301 -3.229384422302246
v -0.5087710022926331 0.715965211391449 -3.2325973510742188
v -0.5083328485488892 0.744493842124939 -3.2282934188842773
v -0.503279983997345 0.7373300194740295 -3.183340072631836
v -0.503279983997345 0.7373300194740295 -3.183340072631836
v -0.5037140250205994 0.709086000919342 -3.1875998973846436
v -0.5087710022926331 0.715965211391449 -3.2325973510742188
v -0.5321040153503418 0.7090409994125366 -3.184420108795166
v -0.5037140250205994 0.709086000919342 -3.1875998973846436
v -0.5087710022926331 0.715965211391449 -3.2325973510742188
v -0.5087710022926331 0.715965211391449 -3.2325973510742188
v -0.5374470949172974 0.7159197926521301 -3.229384422302246
v -0.5321040153503418 0.7090409994125366 -3.184420108795166
v -0.5316699743270874 0.7372850179672241 -3.180150032043457
v -0.5370087027549744 0.744448184967041 -3.2250704765319824
v -0.5083328485488892 0.744493842124939 -3.2282934188842773
v -0.5083328485488892 0.744493842124939 -3.2282934188842773
v -0.503279983997345 0.7373300194740295 -3.183340072631836
v -0.5316699743270874 0.7372850179672241 -3.180150032043457
v -0.4748849868774414 -0.5310019850730896 -3.191970109939575
v -0.5032939910888672 -0.5309849977493286 -3.1889700889587402
v -0.5035979747772217 -0.5025799870491028 -3.191999912261963
v -0.5035979747772217 -0.5025799870491028 -3.191999912261963
v -0.4751890003681183 -0.5025969743728638 -3.194999933242798
v -0.4748849868774414 -0.5310019850730896 -3.191970109939575
v -0.48508134484291077 -0.5420020818710327 -3.2882885932922363
v -0.5140995979309082 -0.5419851541519165 -3.285222291946411
v -0.5144103169441223 -0.5129713416099548 -3.2883191108703613
v -0.5144103169441223 -0.5129713416099548 -3.2883191108703613
v -0.4853920340538025 -0.512988805770874 -3.2913854122161865
v -0.48508134484291077 -0.5420020818710327 -3.2882885932922363
v -0.48508134484291077 -0.5420020818710327 -3.2882885932922363
v -0.5140995979309082 -0.5419851541519165 -3.285222291946411
v -0.5032939910888672 -0.5309849977493286 -3.1889700889587402
v -0.5032939910888672 -0.5309849977493286 -3.1889700889587402
v -0.4748849868774414 -0.5310019850730896 -3.191970109939575
v -0.48508134484291077 -0.5420020818710327 -3.2882885932922363
v -0.4853920340538025 -0.512988805770874 -3.2913854122161865
v -0.5144103169441223 -0.5129713416099548 -3.2883191108703613
v -0.5035979747772217 -0.5025799870491028 -3.191999912261963
v -0.5035979747772217 -0.5025799870491028 -3.191999912261963
v -0.4751890003681183 -0.5025969743728638 -3.194999933242798
v -0.4853920340538025 -0.512988805770874 -3.2913854122161865
v -0.4748849868774414 -0.5310019850730896 -3.191970109939575
v -0.4751890003681183 -0.5025969743728638 -3.194999933242798
v -0.4853920340538025 -0.512988805770874 -3.2913854122161865
v -0.4853920340538025 -0.512988805770874 -3.2913854122161865
v -0.48508134484291077 -0.5420020818710327 -3.2882885932922363
v -0.4748849868774414 -0.5310019850730896 -3.191970109939575
v -0.5032939910888672 -0.5309849977493286 -3.1889700889587402
v -0.5140995979309082 -0.5419851541519165 -3.285222291946411
v -0.5144103169441223 -0.5129713416099548 -3.2883191108703613
v -0.5144103169441223 -0.5129713416099548 -3.2883191108703613
v -0.5035979747772217 -0.5025799870491028 -3.191999912261963
v -0.5032939910888672 -0.5309849977493286 -3.1889700889587402
v -0.5041360259056091 0.44459599256515503 -3.1974198818206787
v -0.5038700103759766 0.4730370044708252 -3.1947500705718994
v -0.4754599928855896 0.4730539917945862 -3.1977500915527344
v -0.4754599928855896 0.4730539917945862 -3.1977500915527344
v -0.47572600841522217 0.4446130096912384 -3.200429916381836
v -0.5041360259056091 0.44459599256515503 -3.1974198818206787
v -0.5085140466690063 0.4483059346675873 -3.2364296913146973
v -0.5082458257675171 0.4769936501979828 -3.2337357997894287
v -0.479589581489563 0.4770108163356781 -3.236762523651123
v -0.479589581489563 0.4770108163356781 -3.236762523651123
v -0.4798579812049866 0.4483232796192169 -3.239466667175293
v -0.5085140466690063 0.4483059346675873 -3.2364296913146973
v -0.5085140466690063 0.4483059346675873 -3.2364296913146973
v -0.5082458257675171 0.4769936501979828 -3.2337357997894287
v -0.5038700103759766 0.4730370044708252 -3.1947500705718994
v -0.5038700103759766 0.4730370044708252 -3.1947500705718994
v -0.5041360259056091 0.44459599256515503 -3.1974198818206787
v -0.5085140466690063 0.4483059346675873 -3.2364296913146973
v -0.4798579812049866 0.4483232796192169 -3.239466667175293
v -0.479589581489563 0.4770108163356781 -3.236762523651123
v -0.4754599928855896 0.4730539917945862 -3.1977500915527344
v -0.4754599928855896 0.4730539917945862 -3.1977500915527344
v -0.47572600841522217 0.4446130096912384 -3.200429916381836
v -0.4798579812049866 0.4483232796192169 -3.239466667175293
v -0.5041360259056091 0.44459599256515503 -3.1974198818206787
v -0.47572600841522217 0.4446130096912384 -3.200429916381836
v -0.4798579812049866 0.4483232796192169 -3.239466667175293
v -0.4798579812049866 0.4483232796192169 -3.239466667175293
v -0.5085140466690063 0.4483059346675873 -3.2364296913146973
v -0.5041360259056091 0.44459599256515503 -3.1974198818206787
v -0.5038700103759766 0.4730370044708252 -3.1947500705718994
v -0.5082458257675171 0.4769936501979828 -3.2337357997894287
v -0.479589581489563 0.4770108163356781 -3.236762523651123
v -0.479589581489563 0.4770108163356781 -3.236762523651123
v -0.4754599928855896 0.4730539917945862 -3.1977500915527344
v -0.5038700103759766 0.4730370044708252 -3.1947500705718994
v -0.503063976764679 0.5605840086936951 -3.1865999698638916
v -0.5027220249176025 0.5889480113983154 -3.1832199096679688
v -0.47431299090385437 0.5889649987220764 -3.1862199306488037
v -0.47431299090385437 0.5889649987220764 -3.1862199306488037
v -0.4746539890766144 0.560600996017456 -3.189610004425049
v -0.503063976764679 0.5605840086936951 -3.1865999698638916
v -0.5076833963394165 0.5655500888824463 -3.227748155593872
v -0.5073385834693909 0.5941743850708008 -3.2243361473083496
v -0.4786689579486847 0.5941913723945618 -3.2273645401000977
v -0.4786689579486847 0.5941913723945618 -3.2273645401000977
v -0.4790133237838745 0.5655673146247864 -3.2307863235473633
v -0.5076833963394165 0.5655500888824463 -3.227748155593872
v -0.5076833963394165 0.5655500888824463 -3.227748155593872
v -0.5073385834693909 0.5941743850708008 -3.2243361473083496
v -0.5027220249176025 0.5889480113983154 -3.1832199096679688
v -0.5027220249176025 0.5889480113983154 -3.1832199096679688
v -0.503063976764679 0.5605840086936951 -3.1865999698638916
v -0.5076833963394165 0.5655500888824463 -3.227748155593872
v -0.4790133237838745 0.5655673146247864 -3.2307863235473633
v -0.4786689579486847 0.5941913723945618 -3.2273645401000977
v -0.47431299090385437 0.5889649987220764 -3.1862199306488037
v -0.47431299090385437 0.5889649987220764 -3.1862199306488037
v -0.4746539890766144 0.560600996017456 -3.189610004425049
v -0.4790133237838745 0.5655673146247864 -3.2307863235473633
v -0.503063976764679 0.5605840086936951 -3.1865999698638916
v -0.4746539890766144 0.560600996017456 -3.189610004425049
v -0.4790133237838745 0.5655673146247864 -3.2307863235473633
v -0.4790133237838745 0.5655673146247864 -3.2307863235473633
v -0.5076833963394165 0.5655500888824463 -3.227748155593872
v -0.503063976764679 0.5605840086936951 -3.1865999698638916
v -0.5027220249176025 0.5889480113983154 -3.1832199096679688
v -0.5073385834693909 0.5941743850708008 -3.2243361473083496
v -0.4786689579486847 0.5941913723945618 -3.2273645401000977
v -0.4786689579486847 0.5941913723945618 -3.2273645401000977
v -0.47431299090385437 0.5889649987220764 -3.1862199306488037
v -0.5027220249176025 0.5889480113983154 -3.1832199096679688
v -0.5045719742774963 0.5934720039367676 -3.2019100189208984
v -0.5042170286178589 0.621815025806427 -3.198349952697754
v -0.4758079946041107 0.6218370199203491 -3.201349973678589
v -0.4758079946041107 0.6218370199203491 -3.201349973678589
v -0.47616198658943176 0.5934939980506897 -3.2049100399017334
v -0.5045719742774963 0.5934720039367676 -3.2019100189208984
v -0.5135682225227356 0.6036499738693237 -3.2819855213165283
v -0.5132066607475281 0.6324988007545471 -3.278360366821289
v -0.48429006338119507 0.6325211524963379 -3.2814157009124756
v -0.48429006338119507 0.6325211524963379 -3.2814157009124756
v -0.484650582075119 0.6036718487739563 -3.285040855407715
v -0.5135682225227356 0.6036499738693237 -3.2819855213165283
v -0.5135682225227356 0.6036499738693237 -3.2819855213165283
v -0.5132066607475281 0.6324988007545471 -3.278360366821289
v -0.5042170286178589 0.621815025806427 -3.198349952697754
v -0.5042170286178589 0.621815025806427 -3.198349952697754
v -0.5045719742774963 0.5934720039367676 -3.2019100189208984
v -0.5135682225227356 0.6036499738693237 -3.2819855213165283
v -0.484650582075119 0.6036718487739563 -3.285040855407715
v -0.48429006338119507 0.6325211524963379 -3.2814157009124756
v -0.4758079946041107 0.6218370199203491 -3.201349973678589
v -0.4758079946041107 0.6218370199203491 -3.201349973678589
v -0.47616198658943176 0.5934939980506897 -3.2049100399017334
v -0.484650582075119 0.6036718487739563 -3.285040855407715
v -0.5045719742774963 0.5934720039367676 -3.2019100189208984
v -0.47616198658943176 0.5934939980506897 -3.2049100399017334
v -0.484650582075119 0.6036718487739563 -3.285040855407715
v -0.484650582075119 0.6036718487739563 -3.285040855407715
v -0.5135682225227356 0.6036499738693237 -3.2819855213165283
v -0.5045719742774963 0.5934720039367676 -3.2019100189208984
v -0.5042170286178589 0.621815025806427 -3.198349952697754
v -0.5132066607475281 0.6324988007545471 -3.278360366821289
v -0.48429006338119507 0.6325211524963379 -3.2814157009124756
v -0.48429006338119507 0.6325211524963379 -3.2814157009124756
v -0.4758079946041107 0.6218370199203491 -3.201349973678589
v -0.5042170286178589 0.621815025806427 -3.198349952697754
v -0.5042120218276978 0.6223620176315308 -3.1982901096343994
v -0.5038390159606934 0.6506819725036621 -3.194550037384033
v -0.4754300117492676 0.650704026222229 -3.197550058364868
v -0.4754300117492676 0.650704026222229 -3.197550058364868
v -0.4758029878139496 0.6223850250244141 -3.2012898921966553
v -0.5042120218276978 0.6223620176315308 -3.1982901096343994
v -0.5945693254470825 0.7297473549842834 -4.002455711364746
v -0.5941237211227417 0.763148307800293 -3.9980292320251465
v -0.5606125593185425 0.7631688714027405 -4.001586437225342
v -0.5606125593185425 0.7631688714027405 -4.001586437225342
v -0.5610544085502625 0.729769229888916 -4.0060133934021
v -0.5945693254470825 0.7297473549842834 -4.002455711364746
v -0.5945693254470825 0.7297473549842834 -4.002455711364746
v -0.5941237211227417 0.763148307800293 -3.9980292320251465
v -0.5038390159606934 0.6506819725036621 -3.194550037384033
v -0.5038390159606934 0.6506819725036621 -3.194550037384033
v -0.5042120218276978 0.6223620176315308 -3.1982901096343994
v -0.5945693254470825 0.7297473549842834 -4.002455711364746
v -0.5610544085502625 0.729769229888916 -4.0060133934021
v -0.5606125593185425 0.7631688714027405 -4.001586437225342
v -0.4754300117492676 0.650704026222229 -3.197550058364868
v -0.4754300117492676 0.650704026222229 -3.197550058364868
v -0.4758029878139496 0.6223850250244141 -3.2012898921966553
v -0.5610544085502625 0.729769229888916 -4.0060133934021
v -0.5042120218276978 0.6223620176315308 -3.1982901096343994
v -0.4758029878139496 0.6223850250244141 -3.2012898921966553
v -0.5610544085502625 0.729769229888916 -4.0060133934021
v -0.5610544085502625 0.729769229888916 -4.0060133934021
v -0.5945693254470825 0.7297473549842834 -4.002455711364746
v -0.5042120218276978 0.6223620176315308 -3.1982901096343994
v -0.5038390159606934 0.6506819725036621 -3.194550037384033
v -0.5941237211227417 0.763148307800293 -3.9980292320251465
v -0.5606125593185425 0.7631688714027405 -4.001586437225342
v -0.5606125593185425 0.7631688714027405 -4.001586437225342
v -0.4754300117492676 0.650704026222229 -3.197550058364868
v -0.5038390159606934 0.6506819725036621 -3.194550037384033
v -0.503853976726532 0.6512560248374939 -3.1946699619293213
v -0.503462016582489 0.6795520186424255 -3.1907498836517334
v -0.47505199909210205 0.6795750260353088 -3.1937599182128906
v -0.47505199909210205 0.6795750260353088 -3.1937599182128906
v -0.4754439890384674 0.6512789726257324 -3.1976799964904785
v -0.503853976726532 0.6512560248374939 -3.1946699619293213
v -0.550277590751648 0.7090875506401062 -3.6078286170959473
v -0.5498464703559875 0.7399899363517761 -3.6035397052764893
v -0.5188188552856445 0.7400174736976624 -3.606834888458252
v -0.5188188552856445 0.7400174736976624 -3.606834888458252
v -0.519247829914093 0.7091123461723328 -3.611124277114868
v -0.550277590751648 0.7090875506401062 -3.6078286170959473
v -0.550277590751648 0.7090875506401062 -3.6078286170959473
v -0.5498464703559875 0.7399899363517761 -3.6035397052764893
v -0.503462016582489 0.6795520186424255 -3.1907498836517334
v -0.503462016582489 0.6795520186424255 -3.1907498836517334
v -0.503853976726532 0.6512560248374939 -3.1946699619293213
v -0.550277590751648 0.7090875506401062 -3.6078286170959473
v -0.519247829914093 0.7091123461723328 -3.611124277114868
v -0.5188188552856445 0.7400174736976624 -3.606834888458252
v -0.47505199909210205 0.6795750260353088 -3.1937599182128906
v -0.47505199909210205 0.6795750260353088 -3.1937599182128906
v -0.4754439890384674 0.6512789726257324 -3.1976799964904785
v -0.519247829914093 0.7091123461723328 -3.611124277114868
v -0.503853976726532 0.6512560248374939 -3.1946699619293213
v -0.4754439890384674 0.6512789726257324 -3.1976799964904785
v -0.519247829914093 0.7091123461723328 -3.611124277114868
v -0.519247829914093 0.7091123461723328 -3.611124277114868
v -0.550277590751648 0.7090875506401062 -3.6078286170959473
v -0.503853976726532 0.6512560248374939 -3.1946699619293213
v -0.503462016582489 0.6795520186424255 -3.1907498836517334
v -0.5498464703559875 0.7399899363517761 -3.6035397052764893
v -0.5188188552856445 0.7400174736976624 -3.606834888458252
v -0.5188188552856445 0.7400174736976624 -3.606834888458252
v -0.47505199909210205 0.6795750260353088 -3.1937599182128906
v -0.503462016582489 0.6795520186424255 -3.1907498836517334
v -0.503495991230011 0.6801559925079346 -3.1910600662231445
v -0.5030850172042847 0.7084259986877441 -3.1869699954986572
v -0.4746760129928589 0.7084490060806274 -3.1899800300598145
v -0.4746760129928589 0.7084490060806274 -3.1899800300598145
v -0.4750860035419464 0.6801779866218567 -3.1940701007843018
v -0.503495991230011 0.6801559925079346 -3.1910600662231445
v -0.511134922504425 0.6901093125343323 -3.259037733078003
v -0.5107178688049316 0.7188090085983276 -3.2548842430114746
v -0.48187682032585144 0.7188320159912109 -3.257941246032715
v -0.48187682032585144 0.7188320159912109 -3.257941246032715
v -0.4822934865951538 0.6901319026947021 -3.262094736099243
v -0.511134922504425 0.6901093125343323 -3.259037733078003
v -0.511134922504425 0.6901093125343323 -3.259037733078003
v -0.5107178688049316 0.7188090085983276 -3.2548842430114746
v -0.5030850172042847 0.7084259986877441 -3.1869699954986572
v -0.5030850172042847 0.7084259986877441 -3.1869699954986572
v -0.503495991230011 0.6801559925079346 -3.1910600662231445
v -0.511134922504425 0.6901093125343323 -3.259037733078003
v -0.4822934865951538 0.6901319026947021 -3.262094736099243
v -0.48187682032585144 0.7188320159912109 -3.257941246032715
v -0.4746760129928589 0.7084490060806274 -3.1899800300598145
v -0.4746760129928589 0.7084490060806274 -3.1899800300598145
v -0.4750860035419464 0.6801779866218567 -3.1940701007843018
v -0.4822934865951538 0.6901319026947021 -3.262094736099243
v -0.503495991230011 0.6801559925079346 -3.1910600662231445
v -0.4750860035419464 0.6801779866218567 -3.1940701007843018
v -0.4822934865951538 0.6901319026947021 -3.262094736099243
v -0.4822934865951538 0.6901319026947021 -3.262094736099243
v -0.511134922504425 0.6901093125343323 -3.259037733078003
v -0.503495991230011 0.6801559925079346 -3.1910600662231445
v -0.5030850172042847 0.7084259986877441 -3.1869699954986572
v -0.5107178688049316 0.7188090085983276 -3.2548842430114746
v -0.48187682032585144 0.7188320159912109 -3.257941246032715
v -0.48187682032585144 0.7188320159912109 -3.257941246032715
v -0.4746760129928589 0.7084490060806274 -3.1899800300598145
v -0.5030850172042847 0.7084259986877441 -3.1869699954986572
v -0.5041049718856812 0.8006799817085266 -3.1973299980163574
v -0.5036249756813049 0.8288379907608032 -3.1925299167633057
v -0.47521600127220154 0.8288660049438477 -3.195539951324463
v -0.47521600127220154 0.8288660049438477 -3.195539951324463
v -0.47569599747657776 0.800707995891571 -3.2003400325775146
v -0.5041049718856812 0.8006799817085266 -3.1973299980163574
v -0.515231192111969 0.8177236318588257 -3.2962241172790527
v -0.5147403478622437 0.8465061783790588 -3.291315793991089
v -0.485700786113739 0.846535861492157 -3.2943942546844482
v -0.485700786113739 0.846535861492157 -3.2943942546844482
v -0.48619210720062256 0.817753255367279 -3.299302577972412
v -0.515231192111969 0.8177236318588257 -3.2962241172790527
v -0.515231192111969 0.8177236318588257 -3.2962241172790527
v -0.5147403478622437 0.8465061783790588 -3.291315793991089
v -0.5036249756813049 0.8288379907608032 -3.1925299167633057
v -0.5036249756813049 0.8288379907608032 -3.1925299167633057
v -0.5041049718856812 0.8006799817085266 -3.1973299980163574
v -0.515231192111969 0.8177236318588257 -3.2962241172790527
v -0.48619210720062256 0.817753255367279 -3.299302577972412
v -0.485700786113739 0.846535861492157 -3.2943942546844482
v -0.47521600127220154 0.8288660049438477 -3.195539951324463
v -0.47521600127220154 0.8288660049438477 -3.195539951324463
v -0.47569599747657776 0.800707995891571 -3.2003400325775146
v -0.48619210720062256 0.817753255367279 -3.299302577972412
v -0.5041049718856812 0.8006799817085266 -3.1973299980163574
v -0.47569599747657776 0.800707995891571 -3.2003400325775146
v -0.48619210720062256 0.817753255367279 -3.299302577972412
v -0.48619210720062256 0.817753255367279 -3.299302577972412
v -0.515231192111969 0.8177236318588257 -3.2962241172790527
v -0.5041049718856812 0.8006799817085266 -3.1973299980163574
v -0.5036249756813049 0.8288379907608032 -3.1925299167633057
v -0.5147403478622437 0.8465061783790588 -3.291315793991089
v -0.485700786113739 0.846535861492157 -3.2943942546844482
v -0.485700786113739 0.846535861492157 -3.2943942546844482
v -0.47521600127220154 0.8288660049438477 -3.195539951324463
v -0.5036249756813049 0.8288379907608032 -3.1925299167633057
v -0.5036569833755493 0.8294510245323181 -3.1928200721740723
v -0.5031579732894897 0.8575779795646667 -3.187849998474121
v -0.47474899888038635 0.8576070070266724 -3.190850019454956
v -0.47474899888038635 0.8576070070266724 -3.190850019454956
v -0.4752480089664459 0.8294789791107178 -3.1958301067352295
v -0.5036569833755493 0.8294510245323181 -3.1928200721740723
v -0.5076417922973633 0.8357849717140198 -3.2282326221466064
v -0.5071386098861694 0.8641357421875 -3.223222255706787
v -0.478503555059433 0.8641647100448608 -3.2262470722198486
v -0.478503555059433 0.8641647100448608 -3.2262470722198486
v -0.4790065884590149 0.8358132839202881 -3.231267213821411
v -0.5076417922973633 0.8357849717140198 -3.2282326221466064
v -0.5076417922973633 0.8357849717140198 -3.2282326221466064
v -0.5071386098861694 0.8641357421875 -3.223222255706787
v -0.5031579732894897 0.8575779795646667 -3.187849998474121
v -0.5031579732894897 0.8575779795646667 -3.187849998474121
v -0.5036569833755493 0.8294510245323181 -3.1928200721740723
v -0.5076417922973633 0.8357849717140198 -3.2282326221466064
v -0.4790065884590149 0.8358132839202881 -3.231267213821411
v -0.478503555059433 0.8641647100448608 -3.2262470722198486
v -0.47474899888038635 0.8576070070266724 -3.190850019454956
v -0.47474899888038635 0.8576070070266724 -3.190850019454956
v -0.4752480089664459 0.8294789791107178 -3.1958301067352295
v -0.4790065884590149 0.8358132839202881 -3.231267213821411
v -0.5036569833755493 0.8294510245323181 -3.1928200721740723
v -0.4752480089664459 0.8294789791107178 -3.1958301067352295
v -0.4790065884590149 0.8358132839202881 -3.231267213821411
v -0.4790065884590149 0.8358132839202881 -3.231267213821411
v -0.5076417922973633 0.8357849717140198 -3.2282326221466064
v -0.5036569833755493 0.8294510245323181 -3.1928200721740723
v -0.5031579732894897 0.8575779795646667 -3.187849998474121
v -0.5071386098861694 0.8641357421875 -3.223222255706787
v -0.478503555059433 0.8641647100448608 -3.2262470722198486
v -0.478503555059433 0.8641647100448608 -3.2262470722198486
v -0.47474899888038635 0.8576070070266724 -3.190850019454956
v -0.5031579732894897 0.8575779795646667 -3.187849998474121
v -0.47436898946762085 0.53159499168396 -3.192349910736084
v -0.47404998540878296 0.5599809885025024 -3.1891400814056396
v -0.4456219971179962 0.5599809885025024 -3.191970109939575
v -0.4456219971179962 0.5599809885025024 -3.191970109939575
v -0.4459410011768341 0.53159499168396 -3.1951699256896973
v -0.47436898946762085 0.53159499168396 -3.192349910736084
v -0.48190581798553467 0.5397262573242188 -3.263545513153076
v -0.4815812408924103 0.5685615539550781 -3.2602834701538086
v -0.4527032971382141 0.5685619711875916 -3.2631595134735107
v -0.4527032971382141 0.5685619711875916 -3.2631595134735107
v -0.4530271887779236 0.5397258996963501 -3.266411781311035
v -0.48190581798553467 0.5397262573242188 -3.263545513153076
v -0.48190581798553467 0.5397262573242188 -3.263545513153076
v -0.4815812408924103 0.5685615539550781 -3.2602834701538086
v -0.47404998540878296 0.5599809885025024 -3.1891400814056396
v -0.47404998540878296 0.5599809885025024 -3.1891400814056396
v -0.47436898946762085 0.53159499168396 -3.192349910736084
v -0.48190581798553467 0.5397262573242188 -3.263545513153076
v -0.4530271887779236 0.5397258996963501 -3.266411781311035
v -0.4527032971382141 0.5685619711875916 -3.2631595134735107
v -0.4456219971179962 0.5599809885025024 -3.191970109939575
v -0.4456219971179962 0.5599809885025024 -3.191970109939575
v -0.4459410011768341 0.53159499168396 -3.1951699256896973
v -0.4530271887779236 0.5397258996963501 -3.266411781311035
v -0.47436898946762085 0.53159499168396 -3.192349910736084
v -0.4459410011768341 0.53159499168396 -3.1951699256896973
v -0.4530271887779236 0.5397258996963501 -3.266411781311035
v -0.4530271887779236 0.5397258996963501 -3.266411781311035
v -0.48190581798553467 0.5397262573242188 -3.263545513153076
v -0.47436898946762085 0.53159499168396 -3.192349910736084
v -0.47404998540878296 0.5599809885025024 -3.1891400814056396
v -0.4815812408924103 0.5685615539550781 -3.2602834701538086
v -0.4527032971382141 0.5685619711875916 -3.2631595134735107
v -0.4527032971382141 0.5685619711875916 -3.2631595134735107
v -0.4456219971179962 0.5599809885025024 -3.191970109939575
v -0.47404998540878296 0.5599809885025024 -3.1891400814056396
v -0.4741010069847107 0.5605999827384949 -3.189650058746338
v -0.47376400232315063 0.5889649987220764 -3.186269998550415
v -0.4453360140323639 0.5889649987220764 -3.1890900135040283
v -0.4453360140323639 0.5889649987220764 -3.1890900135040283
v -0.44567298889160156 0.5605999827384949 -3.1924800872802734
v -0.4741010069847107 0.5605999827384949 -3.189650058746338
v -0.4796483516693115 0.5669202208518982 -3.2420525550842285
v -0.47930753231048584 0.5956162810325623 -3.2386319637298584
v -0.45054787397384644 0.5956162810325623 -3.241486072540283
v -0.45054787397384644 0.5956162810325623 -3.241486072540283
v -0.45088890194892883 0.5669205784797668 -3.2449166774749756
v -0.4796483516693115 0.5669202208518982 -3.2420525550842285
v -0.4796483516693115 0.5669202208518982 -3.2420525550842285
v -0.47930753231048584 0.5956162810325623 -3.2386319637298584
v -0.47376400232315063 0.5889649987220764 -3.186269998550415
v -0.47376400232315063 0.5889649987220764 -3.186269998550415
v -0.4741010069847107 0.5605999827384949 -3.189650058746338
v -0.4796483516693115 0.5669202208518982 -3.2420525550842285
v -0.45088890194892883 0.5669205784797668 -3.2449166774749756
v -0.45054787397384644 0.5956162810325623 -3.241486072540283
v -0.4453360140323639 0.5889649987220764 -3.1890900135040283
v -0.4453360140323639 0.5889649987220764 -3.1890900135040283
v -0.44567298889160156 0.5605999827384949 -3.1924800872802734
v -0.45088890194892883 0.5669205784797668 -3.2449166774749756
v -0.4741010069847107 0.5605999827384949 -3.189650058746338
v -0.44567298889160156 0.5605999827384949 -3.1924800872802734
v -0.45088890194892883 0.5669205784797668 -3.2449166774749756
v -0.45088890194892883 0.5669205784797668 -3.2449166774749756
v -0.4796483516693115 0.5669202208518982 -3.2420525550842285
v -0.4741010069847107 0.5605999827384949 -3.189650058746338
v -0.47376400232315063 0.5889649987220764 -3.186269998550415
v -0.47930753231048584 0.5956162810325623 -3.2386319637298584
v -0.45054787397384644 0.5956162810325623 -3.241486072540283
v -0.45054787397384644 0.5956162810325623 -3.241486072540283
v -0.4453360140323639 0.5889649987220764 -3.1890900135040283
v -0.47376400232315063 0.5889649987220764 -3.186269998550415
v -0.475612998008728 0.5934929847717285 -3.2049601078033447
v -0.475259006023407 0.6218360066413879 -3.2014000415802
v -0.44683098793029785 0.6218360066413879 -3.2042300701141357
v -0.44683098793029785 0.6218360066413879 -3.2042300701141357
v -0.4471859931945801 0.5934929847717285 -3.207789897918701
v -0.475612998008728 0.5934929847717285 -3.2049601078033447
v -0.4966661036014557 0.6187368035316467 -3.403698444366455
v -0.4962959587574005 0.6483354568481445 -3.3999764919281006
v -0.4666091203689575 0.6483356356620789 -3.402935743331909
v -0.4666091203689575 0.6483356356620789 -3.402935743331909
v -0.4669802784919739 0.618738055229187 -3.4066574573516846
v -0.4966661036014557 0.6187368035316467 -3.403698444366455
v -0.4966661036014557 0.6187368035316467 -3.403698444366455
v -0.4962959587574005 0.6483354568481445 -3.3999764919281006
v -0.475259006023407 0.6218360066413879 -3.2014000415802
v -0.475259006023407 0.6218360066413879 -3.2014000415802
v -0.475612998008728 0.5934929847717285 -3.2049601078033447
v -0.4966661036014557 0.6187368035316467 -3.403698444366455
v -0.4669802784919739 0.618738055229187 -3.4066574573516846
v -0.4666091203689575 0.6483356356620789 -3.402935743331909
v -0.44683098793029785 0.6218360066413879 -3.2042300701141357
v -0.44683098793029785 0.6218360066413879 -3.2042300701141357
v -0.4471859931945801 0.5934929847717285 -3.207789897918701
v -0.4669802784919739 0.618738055229187 -3.4066574573516846
v -0.475612998008728 0.5934929847717285 -3.2049601078033447
v -0.4471859931945801 0.5934929847717285 -3.207789897918701
v -0.4669802784919739 0.618738055229187 -3.4066574573516846
v -0.4669802784919739 0.618738055229187 -3.4066574573516846
v -0.4966661036014557 0.6187368035316467 -3.403698444366455
v -0.475612998008728 0.5934929847717285 -3.2049601078033447
v -0.475259006023407 0.6218360066413879 -3.2014000415802
v -0.4962959587574005 0.6483354568481445 -3.3999764919281006
v -0.4666091203689575 0.6483356356620789 -3.402935743331909
v -0.4666091203689575 0.6483356356620789 -3.402935743331909
v -0.44683098793029785 0.6218360066413879 -3.2042300701141357
v -0.475259006023407 0.6218360066413879 -3.2014000415802
v -0.47525298595428467 0.6223840117454529 -3.2013399600982666
v -0.47488099336624146 0.6507030129432678 -3.1975998878479004
v -0.4464530050754547 0.6507030129432678 -3.200429916381836
v -0.4464530050754547 0.6507030129432678 -3.200429916381836
v -0.4468249976634979 0.6223840117454529 -3.204169988632202
v -0.47525298595428467 0.6223840117454529 -3.2013399600982666
v -0.483824759721756 0.633181631565094 -3.2822558879852295
v -0.4834458529949188 0.6620118618011475 -3.278446912765503
v -0.4545052647590637 0.6620123982429504 -3.281329393386841
v -0.4545052647590637 0.6620123982429504 -3.281329393386841
v -0.45488452911376953 0.633182168006897 -3.2851386070251465
v -0.483824759721756 0.633181631565094 -3.2822558879852295
v -0.483824759721756 0.633181631565094 -3.2822558879852295
v -0.4834458529949188 0.6620118618011475 -3.278446912765503
v -0.47488099336624146 0.6507030129432678 -3.1975998878479004
v -0.47488099336624146 0.6507030129432678 -3.1975998878479004
v -0.47525298595428467 0.6223840117454529 -3.2013399600982666
v -0.483824759721756 0.633181631565094 -3.2822558879852295
v -0.45488452911376953 0.633182168006897 -3.2851386070251465
v -0.4545052647590637 0.6620123982429504 -3.281329393386841
v -0.4464530050754547 0.6507030129432678 -3.200429916381836
v -0.4464530050754547 0.6507030129432678 -3.200429916381836
v -0.4468249976634979 0.6223840117454529 -3.204169988632202
v -0.45488452911376953 0.633182168006897 -3.2851386070251465
v -0.47525298595428467 0.6223840117454529 -3.2013399600982666
v -0.4468249976634979 0.6223840117454529 -3.204169988632202
v -0.45488452911376953 0.633182168006897 -3.2851386070251465
v -0.45488452911376953 0.633182168006897 -3.2851386070251465
v -0.483824759721756 0.633181631565094 -3.2822558879852295
v -0.47525298595428467 0.6223840117454529 -3.2013399600982666
v -0.47488099336624146 0.6507030129432678 -3.1975998878479004
v -0.4834458529949188 0.6620118618011475 -3.278446912765503
v -0.4545052647590637 0.6620123982429504 -3.281329393386841
v -0.4545052647590637 0.6620123982429504 -3.281329393386841
v -0.4464530050754547 0.6507030129432678 -3.200429916381836
v -0.47488099336624146 0.6507030129432678 -3.1975998878479004
v -0.4748930037021637 0.651278018951416 -3.1977200508117676
v -0.4745030105113983 0.6795740127563477 -3.193809986114502
v -0.44607600569725037 0.6795729994773865 -3.1966400146484375
v -0.44607600569725037 0.6795729994773865 -3.1966400146484375
v -0.44646599888801575 0.651278018951416 -3.200550079345703
v -0.4748930037021637 0.651278018951416 -3.1977200508117676
v -0.4866102933883667 0.6667487621307373 -3.308324098587036
v -0.4862109124660492 0.695743978023529 -3.3043148517608643
v -0.4570821523666382 0.6957435607910156 -3.3072168827056885
v -0.4570821523666382 0.6957435607910156 -3.3072168827056885
v -0.4574815332889557 0.6667495965957642 -3.3112258911132812
v -0.4866102933883667 0.6667487621307373 -3.308324098587036
v -0.4866102933883667 0.6667487621307373 -3.308324098587036
v -0.4862109124660492 0.695743978023529 -3.3043148517608643
v -0.4745030105113983 0.6795740127563477 -3.193809986114502
v -0.4745030105113983 0.6795740127563477 -3.193809986114502
v -0.4748930037021637 0.651278018951416 -3.1977200508117676
v -0.4866102933883667 0.6667487621307373 -3.308324098587036
v -0.4574815332889557 0.6667495965957642 -3.3112258911132812
v -0.4570821523666382 0.6957435607910156 -3.3072168827056885
v -0.44607600569725037 0.6795729994773865 -3.1966400146484375
v -0.44607600569725037 0.6795729994773865 -3.1966400146484375
v -0.44646599888801575 0.651278018951416 -3.200550079345703
v -0.4574815332889557 0.6667495965957642 -3.3112258911132812
v -0.4748930037021637 0.651278018951416 -3.1977200508117676
v -0.44646599888801575 0.651278018951416 -3.200550079345703
v -0.4574815332889557 0.6667495965957642 -3.3112258911132812
v -0.4574815332889557 0.6667495965957642 -3.3112258911132812
v -0.4866102933883667 0.6667487621307373 -3.308324098587036
v -0.4748930037021637 0.651278018951416 -3.1977200508117676
v -0.4745030105113983 0.6795740127563477 -3.193809986114502
v -0.4862109124660492 0.695743978023529 -3.3043148517608643
v -0.4570821523666382 0.6957435607910156 -3.3072168827056885
v -0.4570821523666382 0.6957435607910156 -3.3072168827056885
v -0.44607600569725037 0.6795729994773865 -3.1966400146484375
v -0.4745030105113983 0.6795740127563477 -3.193809986114502
v -0.47559499740600586 0.7719410061836243 -3.204900026321411
v -0.4751339852809906 0.8001289963722229 -3.200279951095581
v -0.44670701026916504 0.8001289963722229 -3.2031099796295166
v -0.44670701026916504 0.8001289963722229 -3.2031099796295166
v -0.4471670091152191 0.7719410061836243 -3.2077300548553467
v -0.47559499740600586 0.7719410061836243 -3.204900026321411
v -0.4877068102359772 0.7908709049224854 -3.319113254547119
v -0.4872342646121979 0.8197793960571289 -3.3143727779388428
v -0.4580793082714081 0.8197795152664185 -3.317277669906616
v -0.4580793082714081 0.8197795152664185 -3.317277669906616
v -0.45855188369750977 0.7908710241317749 -3.3220181465148926
v -0.4877068102359772 0.7908709049224854 -3.319113254547119
v -0.4877068102359772 0.7908709049224854 -3.319113254547119
v -0.4872342646121979 0.8197793960571289 -3.3143727779388428
v -0.4751339852809906 0.8001289963722229 -3.200279951095581
v -0.4751339852809906 0.8001289963722229 -3.200279951095581
v -0.47559499740600586 0.7719410061836243 -3.204900026321411
v -0.4877068102359772 0.7908709049224854 -3.319113254547119
v -0.45855188369750977 0.7908710241317749 -3.3220181465148926
v -0.4580793082714081 0.8197795152664185 -3.317277669906616
v -0.44670701026916504 0.8001289963722229 -3.2031099796295166
v -0.44670701026916504 0.8001289963722229 -3.2031099796295166
v -0.4471670091152191 0.7719410061836243 -3.2077300548553467
v -0.45855188369750977 0.7908710241317749 -3.3220181465148926
v -0.47559499740600586 0.7719410061836243 -3.204900026321411
v -0.4471670091152191 0.7719410061836243 -3.2077300548553467
v -0.45855188369750977 0.7908710241317749 -3.3220181465148926
v -0.45855188369750977 0.7908710241317749 -3.3220181465148926
v -0.4877068102359772 0.7908709049224854 -3.319113254547119
v -0.47559499740600586 0.7719410061836243 -3.204900026321411
v -0.4751339852809906 0.8001289963722229 -3.200279951095581
v -0.4872342646121979 0.8197793960571289 -3.3143727779388428
v -0.4580793082714081 0.8197795152664185 -3.317277669906616
v -0.4580793082714081 0.8197795152664185 -3.317277669906616
v -0.44670701026916504 0.8001289963722229 -3.2031099796295166
v -0.4751339852809906 0.8001289963722229 -3.200279951095581
v -0.47514501214027405 0.8007069826126099 -3.2003800868988037
v -0.4746670126914978 0.8288649916648865 -3.195580005645752
v -0.44623899459838867 0.8288649916648865 -3.1984200477600098
v -0.44623899459838867 0.8288649916648865 -3.1984200477600098
v -0.4467169940471649 0.8007069826126099 -3.2032101154327393
v -0.47514501214027405 0.8007069826126099 -3.2003800868988037
v -0.551770031452179 0.925148606300354 -3.922905206680298
v -0.551212728023529 0.9578663110733032 -3.91731333732605
v -0.5181814432144165 0.9578728675842285 -3.920625686645508
v -0.5181814432144165 0.9578728675842285 -3.920625686645508
v -0.518735408782959 0.9251493811607361 -3.926208734512329
v -0.551770031452179 0.925148606300354 -3.922905206680298
v -0.551770031452179 0.925148606300354 -3.922905206680298
v -0.551212728023529 0.9578663110733032 -3.91731333732605
v -0.4746670126914978 0.8288649916648865 -3.195580005645752
v -0.4746670126914978 0.8288649916648865 -3.195580005645752
v -0.47514501214027405 0.8007069826126099 -3.2003800868988037
v -0.551770031452179 0.925148606300354 -3.922905206680298
v -0.518735408782959 0.9251493811607361 -3.926208734512329
v -0.5181814432144165 0.9578728675842285 -3.920625686645508
v -0.44623899459838867 0.8288649916648865 -3.1984200477600098
v -0.44623899459838867 0.8288649916648865 -3.1984200477600098
v -0.4467169940471649 0.8007069826126099 -3.2032101154327393
v -0.518735408782959 0.9251493811607361 -3.926208734512329
v -0.47514501214027405 0.8007069826126099 -3.2003800868988037
v -0.4467169940471649 0.8007069826126099 -3.2032101154327393
v -0.518735408782959 0.9251493811607361 -3.926208734512329
v -0.518735408782959 0.9251493811607361 -3.926208734512329
v -0.551770031452179 0.925148606300354 -3.922905206680298
v -0.47514501214027405 0.8007069826126099 -3.2003800868988037
v -0.4746670126914978 0.8288649916648865 -3.195580005645752
v -0.551212728023529 0.9578663110733032 -3.91731333732605
v -0.5181814432144165 0.9578728675842285 -3.920625686645508
v -0.5181814432144165 0.9578728675842285 -3.920625686645508
v -0.44623899459838867 0.8288649916648865 -3.1984200477600098
v -0.4746670126914978 0.8288649916648865 -3.195580005645752
v -0.47469601035118103 0.8294780254364014 -3.1958799362182617
v -0.4742000102996826 0.85760498046875 -3.1909000873565674
v -0.44577300548553467 0.85760498046875 -3.193730115890503
v -0.44577300548553467 0.85760498046875 -3.193730115890503
v -0.4462679922580719 0.8294780254364014 -3.1987099647521973
v -0.47469601035118103 0.8294780254364014 -3.1958799362182617
v -0.4875926077365875 0.8512133955955505 -3.317479133605957
v -0.4870833158493042 0.8801081776618958 -3.3123607635498047
v -0.4578796327114105 0.8801083564758301 -3.3152706623077393
v -0.4578796327114105 0.8801083564758301 -3.3152706623077393
v -0.4583895802497864 0.8512145280838013 -3.3203885555267334
v -0.4875926077365875 0.8512133955955505 -3.317479133605957
v -0.4875926077365875 0.8512133955955505 -3.317479133605957
v -0.4870833158493042 0.8801081776618958 -3.3123607635498047
v -0.4742000102996826 0.85760498046875 -3.1909000873565674
v -0.4742000102996826 0.85760498046875 -3.1909000873565674
v -0.47469601035118103 0.8294780254364014 -3.1958799362182617
v -0.4875926077365875 0.8512133955955505 -3.317479133605957
v -0.4583895802497864 0.8512145280838013 -3.3203885555267334
v -0.4578796327114105 0.8801083564758301 -3.3152706623077393
v -0.44577300548553467 0.85760498046875 -3.193730115890503
v -0.44577300548553467 0.85760498046875 -3.193730115890503
v -0.4462679922580719 0.8294780254364014 -3.1987099647521973
v -0.4583895802497864 0.8512145280838013 -3.3203885555267334
v -0.47469601035118103 0.8294780254364014 -3.1958799362182617
v -0.4462679922580719 0.8294780254364014 -3.1987099647521973
v -0.4583895802497864 0.8512145280838013 -3.3203885555267334
v -0.4583895802497864 0.8512145280838013 -3.3203885555267334
v -0.4875926077365875 0.8512133955955505 -3.317479133605957
v -0.47469601035118103 0.8294780254364014 -3.1958799362182617
v -0.4742000102996826 0.85760498046875 -3.1909000873565674
v -0.4870833158493042 0.8801081776618958 -3.3123607635498047
v -0.4578796327114105 0.8801083564758301 -3.3152706623077393
v -0.4578796327114105 0.8801083564758301 -3.3152706623077393
v -0.44577300548553467 0.85760498046875 -3.193730115890503
v -0.4742000102996826 0.85760498046875 -3.1909000873565674
v -0.4134890139102936 -0.20632199943065643 -3.179949998855591
v -0.44193899631500244 -0.20630000531673431 -3.1773500442504883
v -0.44201400876045227 -0.17775200307369232 -3.1784300804138184
v -0.44201400876045227 -0.17775200307369232 -3.1784300804138184
v -0.4135650098323822 -0.17777499556541443 -3.181030035018921
v -0.4134890139102936 -0.20632199943065643 -3.179949998855591
v -0.4303053021430969 -0.21444499492645264 -3.3637945652008057
v -0.459911048412323 -0.21442130208015442 -3.3610851764678955
v -0.45998990535736084 -0.1847143918275833 -3.3622124195098877
v -0.45998990535736084 -0.1847143918275833 -3.3622124195098877
v -0.43038514256477356 -0.1847373992204666 -3.364921808242798
v -0.4303053021430969 -0.21444499492645264 -3.3637945652008057
v -0.4303053021430969 -0.21444499492645264 -3.3637945652008057
v -0.459911048412323 -0.21442130208015442 -3.3610851764678955
v -0.44193899631500244 -0.20630000531673431 -3.1773500442504883
v -0.44193899631500244 -0.20630000531673431 -3.1773500442504883
v -0.4134890139102936 -0.20632199943065643 -3.179949998855591
v -0.4303053021430969 -0.21444499492645264 -3.3637945652008057
v -0.43038514256477356 -0.1847373992204666 -3.364921808242798
v -0.45998990535736084 -0.1847143918275833 -3.3622124195098877
v -0.44201400876045227 -0.17775200307369232 -3.1784300804138184
v -0.44201400876045227 -0.17775200307369232 -3.1784300804138184
v -0.4135650098323822 -0.17777499556541443 -3.181030035018921
v -0.43038514256477356 -0.1847373992204666 -3.364921808242798
v -0.4134890139102936 -0.20632199943065643 -3.179949998855591
v -0.4135650098323822 -0.17777499556541443 -3.181030035018921
v -0.43038514256477356 -0.1847373992204666 -3.364921808242798
v -0.43038514256477356 -0.1847373992204666 -3.364921808242798
v -0.4303053021430969 -0.21444499492645264 -3.3637945652008057
v -0.4134890139102936 -0.20632199943065643 -3.179949998855591
v -0.44193899631500244 -0.20630000531673431 -3.1773500442504883
v -0.459911048412323 -0.21442130208015442 -3.3610851764678955
v -0.45998990535736084 -0.1847143918275833 -3.3622124195098877
v -0.45998990535736084 -0.1847143918275833 -3.3622124195098877
v -0.44201400876045227 -0.17775200307369232 -3.1784300804138184
v -0.44193899631500244 -0.20630000531673431 -3.1773500442504883
v -0.442018985748291 0.3835430145263672 -3.1784400939941406
v -0.4418509900569916 0.41201600432395935 -3.176110029220581
v -0.4134019911289215 0.41206100583076477 -3.1787099838256836
v -0.4134019911289215 0.41206100583076477 -3.1787099838256836
v -0.41356900334358215 0.3835879862308502 -3.181040048599243
v -0.442018985748291 0.3835430145263672 -3.1784400939941406
v -0.44728803634643555 0.3879672884941101 -3.2322497367858887
v -0.4471178948879242 0.41677966713905334 -3.229891061782837
v -0.4183295965194702 0.41682538390159607 -3.232523202896118
v -0.4183295965194702 0.41682538390159607 -3.232523202896118
v -0.4184989631175995 0.38801297545433044 -3.23488187789917
v -0.44728803634643555 0.3879672884941101 -3.2322497367858887
v -0.44728803634643555 0.3879672884941101 -3.2322497367858887
v -0.4471178948879242 0.41677966713905334 -3.229891061782837
v -0.4418509900569916 0.41201600432395935 -3.176110029220581
v -0.4418509900569916 0.41201600432395935 -3.176110029220581
v -0.442018985748291 0.3835430145263672 -3.1784400939941406
v -0.44728803634643555 0.3879672884941101 -3.2322497367858887
v -0.4184989631175995 0.38801297545433044 -3.23488187789917
v -0.4183295965194702 0.41682538390159607 -3.232523202896118
v -0.4134019911289215 0.41206100583076477 -3.1787099838256836
v -0.4134019911289215 0.41206100583076477 -3.1787099838256836
v -0.41356900334358215 0.3835879862308502 -3.181040048599243
v -0.4184989631175995 0.38801297545433044 -3.23488187789917
v -0.442018985748291 0.3835430145263672 -3.1784400939941406
v -0.41356900334358215 0.3835879862308502 -3.181040048599243
v -0.4184989631175995 0.38801297545433044 -3.23488187789917
v -0.4184989631175995 0.38801297545433044 -3.23488187789917
v -0.44728803634643555 0.3879672884941101 -3.2322497367858887
v -0.442018985748291 0.3835430145263672 -3.1784400939941406
v -0.4418509900569916 0.41201600432395935 -3.176110029220581
v -0.4471178948879242 0.41677966713905334 -3.229891061782837
v -0.4183295965194702 0.41682538390159607 -3.232523202896118
v -0.4183295965194702 0.41682538390159607 -3.232523202896118
v -0.4134019911289215 0.41206100583076477 -3.1787099838256836
v -0.4418509900569916 0.41201600432395935 -3.176110029220581
v -0.442128986120224 0.5315359830856323 -3.180219888687134
v -0.4419020116329193 0.5599210262298584 -3.1770100593566895
v -0.41345301270484924 0.5599889755249023 -3.179610013961792
v -0.41345301270484924 0.5599889755249023 -3.179610013961792
v -0.41367900371551514 0.5316029787063599 -3.1828200817108154
v -0.442128986120224 0.5315359830856323 -3.180219888687134
v -0.47907912731170654 0.574518620967865 -3.557030200958252
v -0.47883477807044983 0.6052833199501038 -3.5535428524017334
v -0.4480024576187134 0.6053569316864014 -3.556368350982666
v -0.4480024576187134 0.6053569316864014 -3.556368350982666
v -0.4482491910457611 0.5745944976806641 -3.5598549842834473
v -0.47907912731170654 0.574518620967865 -3.557030200958252
v -0.47907912731170654 0.574518620967865 -3.557030200958252
v -0.47883477807044983 0.6052833199501038 -3.5535428524017334
v -0.4419020116329193 0.5599210262298584 -3.1770100593566895
v -0.4419020116329193 0.5599210262298584 -3.1770100593566895
v -0.442128986120224 0.5315359830856323 -3.180219888687134
v -0.47907912731170654 0.574518620967865 -3.557030200958252
v -0.4482491910457611 0.5745944976806641 -3.5598549842834473
v -0.4480024576187134 0.6053569316864014 -3.556368350982666
v -0.41345301270484924 0.5599889755249023 -3.179610013961792
v -0.41345301270484924 0.5599889755249023 -3.179610013961792
v -0.41367900371551514 0.5316029787063599 -3.1828200817108154
v -0.4482491910457611 0.5745944976806641 -3.5598549842834473
v -0.442128986120224 0.5315359830856323 -3.180219888687134
v -0.41367900371551514 0.5316029787063599 -3.1828200817108154
v -0.4482491910457611 0.5745944976806641 -3.5598549842834473
v -0.4482491910457611 0.5745944976806641 -3.5598549842834473
v -0.47907912731170654 0.574518620967865 -3.557030200958252
v -0.442128986120224 0.5315359830856323 -3.180219888687134
v -0.4419020116329193 0.5599210262298584 -3.1770100593566895
v -0.47883477807044983 0.6052833199501038 -3.5535428524017334
v -0.4480024576187134 0.6053569316864014 -3.556368350982666
v -0.4480024576187134 0.6053569316864014 -3.556368350982666
v -0.41345301270484924 0.5599889755249023 -3.179610013961792
v -0.4419020116329193 0.5599210262298584 -3.1770100593566895
v -0.44195398688316345 0.5605400204658508 -3.1775200366973877
v -0.44171199202537537 0.5889049768447876 -3.1741299629211426
v -0.4132620096206665 0.5889729857444763 -3.176729917526245
v -0.4132620096206665 0.5889729857444763 -3.176729917526245
v -0.4135049879550934 0.5606080293655396 -3.1801199913024902
v -0.44195398688316345 0.5605400204658508 -3.1775200366973877
v -0.4470600187778473 0.5668114423751831 -3.229576349258423
v -0.44681495428085327 0.5955049991607666 -3.2261459827423096
v -0.41803571581840515 0.5955734848976135 -3.2287771701812744
v -0.41803571581840515 0.5955734848976135 -3.2287771701812744
v -0.41828152537345886 0.566880464553833 -3.2322075366973877
v -0.4470600187778473 0.5668114423751831 -3.229576349258423
v -0.4470600187778473 0.5668114423751831 -3.229576349258423
v -0.44681495428085327 0.5955049991607666 -3.2261459827423096
v -0.44171199202537537 0.5889049768447876 -3.1741299629211426
v -0.44171199202537537 0.5889049768447876 -3.1741299629211426
v -0.44195398688316345 0.5605400204658508 -3.1775200366973877
v -0.4470600187778473 0.5668114423751831 -3.229576349258423
v -0.41828152537345886 0.566880464553833 -3.2322075366973877
v -0.41803571581840515 0.5955734848976135 -3.2287771701812744
v -0.4132620096206665 0.5889729857444763 -3.176729917526245
v -0.4132620096206665 0.5889729857444763 -3.176729917526245
v -0.4135049879550934 0.5606080293655396 -3.1801199913024902
v -0.41828152537345886 0.566880464553833 -3.2322075366973877
v -0.44195398688316345 0.5605400204658508 -3.1775200366973877
v -0.4135049879550934 0.5606080293655396 -3.1801199913024902
v -0.41828152537345886 0.566880464553833 -3.2322075366973877
v -0.41828152537345886 0.566880464553833 -3.2322075366973877
v -0.4470600187778473 0.5668114423751831 -3.229576349258423
v -0.44195398688316345 0.5605400204658508 -3.1775200366973877
v -0.44171199202537537 0.5889049768447876 -3.1741299629211426
v -0.44681495428085327 0.5955049991607666 -3.2261459827423096
v -0.41803571581840515 0.5955734848976135 -3.2287771701812744
v -0.41803571581840515 0.5955734848976135 -3.2287771701812744
v -0.4132620096206665 0.5889729857444763 -3.176729917526245
v -0.44171199202537537 0.5889049768447876 -3.1741299629211426
v -0.4429430067539215 0.5934140086174011 -3.1928699016571045
v -0.44270598888397217 0.6217569708824158 -3.1892900466918945
v -0.4142569899559021 0.6218469738960266 -3.191890001296997
v -0.4142569899559021 0.6218469738960266 -3.191890001296997
v -0.41449299454689026 0.593504011631012 -3.195470094680786
v -0.4429430067539215 0.5934140086174011 -3.1928699016571045
v -0.4482687711715698 0.6002957820892334 -3.2471141815185547
v -0.4480286240577698 0.6289805769920349 -3.243489980697632
v -0.4192360043525696 0.6290719509124756 -3.2461225986480713
v -0.4192360043525696 0.6290719509124756 -3.2461225986480713
v -0.4194754362106323 0.6003867983818054 -3.249746799468994
v -0.4482687711715698 0.6002957820892334 -3.2471141815185547
v -0.4482687711715698 0.6002957820892334 -3.2471141815185547
v -0.4480286240577698 0.6289805769920349 -3.243489980697632
v -0.44270598888397217 0.6217569708824158 -3.1892900466918945
v -0.44270598888397217 0.6217569708824158 -3.1892900466918945
v -0.4429430067539215 0.5934140086174011 -3.1928699016571045
v -0.4482687711715698 0.6002957820892334 -3.2471141815185547
v -0.4194754362106323 0.6003867983818054 -3.249746799468994
v -0.4192360043525696 0.6290719509124756 -3.2461225986480713
v -0.4142569899559021 0.6218469738960266 -3.191890001296997
v -0.4142569899559021 0.6218469738960266 -3.191890001296997
v -0.41449299454689026 0.593504011631012 -3.195470094680786
v -0.4194754362106323 0.6003867983818054 -3.249746799468994
v -0.4429430067539215 0.5934140086174011 -3.1928699016571045
v -0.41449299454689026 0.593504011631012 -3.195470094680786
v -0.4194754362106323 0.6003867983818054 -3.249746799468994
v -0.4194754362106323 0.6003867983818054 -3.249746799468994
v -0.4482687711715698 0.6002957820892334 -3.2471141815185547
v -0.4429430067539215 0.5934140086174011 -3.1928699016571045
v -0.44270598888397217 0.6217569708824158 -3.1892900466918945
v -0.4480286240577698 0.6289805769920349 -3.243489980697632
v -0.4192360043525696 0.6290719509124756 -3.2461225986480713
v -0.4192360043525696 0.6290719509124756 -3.2461225986480713
v -0.4142569899559021 0.6218469738960266 -3.191890001296997
v -0.44270598888397217 0.6217569708824158 -3.1892900466918945
v -0.3842200040817261 -0.11723700165748596 -3.1787900924682617
v -0.41268500685691833 -0.11723700165748596 -3.1763699054718018
v -0.41273099184036255 -0.08867450058460236 -3.1768999099731445
v -0.41273099184036255 -0.08867450058460236 -3.1768999099731445
v -0.3842659890651703 -0.08867450058460236 -3.1793301105499268
v -0.3842200040817261 -0.11723700165748596 -3.1787900924682617
v -0.391450971364975 -0.11938120424747467 -3.2637596130371094
v -0.4204498529434204 -0.11938118934631348 -3.2612924575805664
v -0.42049628496170044 -0.09028257429599762 -3.261834144592285
v -0.42049628496170044 -0.09028257429599762 -3.261834144592285
v -0.39149776101112366 -0.09028265625238419 -3.2643113136291504
v -0.391450971364975 -0.11938120424747467 -3.2637596130371094
v -0.391450971364975 -0.11938120424747467 -3.2637596130371094
v -0.4204498529434204 -0.11938118934631348 -3.2612924575805664
v -0.41268500685691833 -0.11723700165748596 -3.1763699054718018
v -0.41268500685691833 -0.11723700165748596 -3.1763699054718018
v -0.3842200040817261 -0.11723700165748596 -3.1787900924682617
v -0.391450971364975 -0.11938120424747467 -3.2637596130371094
v -0.39149776101112366 -0.09028265625238419 -3.2643113136291504
v -0.42049628496170044 -0.09028257429599762 -3.261834144592285
v -0.41273099184036255 -0.08867450058460236 -3.1768999099731445
v -0.41273099184036255 -0.08867450058460236 -3.1768999099731445
v -0.3842659890651703 -0.08867450058460236 -3.1793301105499268
v -0.39149776101112366 -0.09028265625238419 -3.2643113136291504
v -0.3842200040817261 -0.11723700165748596 -3.1787900924682617
v -0.3842659890651703 -0.08867450058460236 -3.1793301105499268
v -0.39149776101112366 -0.09028265625238419 -3.2643113136291504
v -0.39149776101112366 -0.09028265625238419 -3.2643113136291504
v -0.391450971364975 -0.11938120424747467 -3.2637596130371094
v -0.3842200040817261 -0.11723700165748596 -3.1787900924682617
v -0.41268500685691833 -0.11723700165748596 -3.1763699054718018
v -0.4204498529434204 -0.11938118934631348 -3.2612924575805664
v -0.42049628496170044 -0.09028257429599762 -3.261834144592285
v -0.42049628496170044 -0.09028257429599762 -3.261834144592285
v -0.41273099184036255 -0.08867450058460236 -3.1768999099731445
v -0.41268500685691833 -0.11723700165748596 -3.1763699054718018
v -0.3838520050048828 0.2068690061569214 -3.1816699504852295
v -0.38376399874687195 0.23541000485420227 -3.180419921875
v -0.35528498888015747 0.23542100191116333 -3.1826601028442383
v -0.35528498888015747 0.23542100191116333 -3.1826601028442383
v -0.35537201166152954 0.20688000321388245 -3.183919906616211
v -0.3838520050048828 0.2068690061569214 -3.1816699504852295
v -0.3939948081970215 0.2121310979127884 -3.3008179664611816
v -0.3939043879508972 0.24142275750637054 -3.299532651901245
v -0.3646758198738098 0.24143438041210175 -3.3018338680267334
v -0.3646758198738098 0.24143438041210175 -3.3018338680267334
v -0.36476564407348633 0.2121429443359375 -3.303129196166992
v -0.3939948081970215 0.2121310979127884 -3.3008179664611816
v -0.3939948081970215 0.2121310979127884 -3.3008179664611816
v -0.3939043879508972 0.24142275750637054 -3.299532651901245
v -0.38376399874687195 0.23541000485420227 -3.180419921875
v -0.38376399874687195 0.23541000485420227 -3.180419921875
v -0.3838520050048828 0.2068690061569214 -3.1816699504852295
v -0.3939948081970215 0.2121310979127884 -3.3008179664611816
v -0.36476564407348633 0.2121429443359375 -3.303129196166992
v -0.3646758198738098 0.24143438041210175 -3.3018338680267334
v -0.35528498888015747 0.23542100191116333 -3.1826601028442383
v -0.35528498888015747 0.23542100191116333 -3.1826601028442383
v -0.35537201166152954 0.20688000321388245 -3.183919906616211
v -0.36476564407348633 0.2121429443359375 -3.303129196166992
v -0.3838520050048828 0.2068690061569214 -3.1816699504852295
v -0.35537201166152954 0.20688000321388245 -3.183919906616211
v -0.36476564407348633 0.2121429443359375 -3.303129196166992
v -0.36476564407348633 0.2121429443359375 -3.303129196166992
v -0.3939948081970215 0.2121310979127884 -3.3008179664611816
v -0.3838520050048828 0.2068690061569214 -3.1816699504852295
v -0.38376399874687195 0.23541000485420227 -3.180419921875
v -0.3939043879508972 0.24142275750637054 -3.299532651901245
v -0.3646758198738098 0.24143438041210175 -3.3018338680267334
v -0.3646758198738098 0.24143438041210175 -3.3018338680267334
v -0.35528498888015747 0.23542100191116333 -3.1826601028442383
v -0.38376399874687195 0.23541000485420227 -3.180419921875
v -0.32629600167274475 -0.20632000267505646 -3.1856400966644287
v -0.35479000210762024 -0.20631399750709534 -3.183579921722412
v -0.3548620045185089 -0.17776599526405334 -3.18464994430542
v -0.3548620045185089 -0.17776599526405334 -3.18464994430542
v -0.3263689875602722 -0.17777200043201447 -3.1867198944091797
v -0.32629600167274475 -0.20632000267505646 -3.1856400966644287
v -0.33577853441238403 -0.2120935469865799 -3.3164865970611572
v -0.3650948107242584 -0.21208743751049042 -3.314364194869995
v -0.36516889929771423 -0.1827153116464615 -3.3154678344726562
v -0.36516889929771423 -0.1827153116464615 -3.3154678344726562
v -0.33585357666015625 -0.18272140622138977 -3.3176000118255615
v -0.33577853441238403 -0.2120935469865799 -3.3164865970611572
v -0.33577853441238403 -0.2120935469865799 -3.3164865970611572
v -0.3650948107242584 -0.21208743751049042 -3.314364194869995
v -0.35479000210762024 -0.20631399750709534 -3.183579921722412
v -0.35479000210762024 -0.20631399750709534 -3.183579921722412
v -0.32629600167274475 -0.20632000267505646 -3.1856400966644287
v -0.33577853441238403 -0.2120935469865799 -3.3164865970611572
v -0.33585357666015625 -0.18272140622138977 -3.3176000118255615
v -0.36516889929771423 -0.1827153116464615 -3.3154678344726562
v -0.3548620045185089 -0.17776599526405334 -3.18464994430542
v -0.3548620045185089 -0.17776599526405334 -3.18464994430542
v -0.3263689875602722 -0.17777200043201447 -3.1867198944091797
v -0.33585357666015625 -0.18272140622138977 -3.3176000118255615
v -0.32629600167274475 -0.20632000267505646 -3.1856400966644287
v -0.3263689875602722 -0.17777200043201447 -3.1867198944091797
v -0.33585357666015625 -0.18272140622138977 -3.3176000118255615
v -0.33585357666015625 -0.18272140622138977 -3.3176000118255615
v -0.33577853441238403 -0.2120935469865799 -3.3164865970611572
v -0.32629600167274475 -0.20632000267505646 -3.1856400966644287
v -0.35479000210762024 -0.20631399750709534 -3.183579921722412
v -0.3650948107242584 -0.21208743751049042 -3.314364194869995
v -0.36516889929771423 -0.1827153116464615 -3.3154678344726562
v -0.36516889929771423 -0.1827153116464615 -3.3154678344726562
v -0.3548620045185089 -0.17776599526405334 -3.18464994430542
v -0.35479000210762024 -0.20631399750709534 -3.183579921722412
v -0.3263680040836334 -0.17722100019454956 -3.186729907989502
v -0.35486099123954773 -0.17721599340438843 -3.184659957885742
v -0.35492101311683655 -0.1486620008945465 -3.1855599880218506
v -0.35492101311683655 -0.1486620008945465 -3.1855599880218506
v -0.32642701268196106 -0.14866699278354645 -3.187619924545288
v -0.3263680040836334 -0.17722100019454956 -3.186729907989502
v -0.3363945186138153 -0.1824532151222229 -3.3250882625579834
v -0.36575746536254883 -0.18244747817516327 -3.3229525089263916
v -0.3658190965652466 -0.15302224457263947 -3.323882579803467
v -0.3658190965652466 -0.15302224457263947 -3.323882579803467
v -0.3364553153514862 -0.1530277580022812 -3.3260085582733154
v -0.3363945186138153 -0.1824532151222229 -3.3250882625579834
v -0.3363945186138153 -0.1824532151222229 -3.3250882625579834
v -0.36575746536254883 -0.18244747817516327 -3.3229525089263916
v -0.35486099123954773 -0.17721599340438843 -3.184659957885742
v -0.35486099123954773 -0.17721599340438843 -3.184659957885742
v -0.3263680040836334 -0.17722100019454956 -3.186729907989502
v -0.3363945186138153 -0.1824532151222229 -3.3250882625579834
v -0.3364553153514862 -0.1530277580022812 -3.3260085582733154
v -0.3658190965652466 -0.15302224457263947 -3.323882579803467
v -0.35492101311683655 -0.1486620008945465 -3.1855599880218506
v -0.35492101311683655 -0.1486620008945465 -3.1855599880218506
v -0.32642701268196106 -0.14866699278354645 -3.187619924545288
v -0.3364553153514862 -0.1530277580022812 -3.3260085582733154
v -0.3263680040836334 -0.17722100019454956 -3.186729907989502
v -0.32642701268196106 -0.14866699278354645 -3.187619924545288
v -0.3364553153514862 -0.1530277580022812 -3.3260085582733154
v -0.3364553153514862 -0.1530277580022812 -3.3260085582733154
v -0.3363945186138153 -0.1824532151222229 -3.3250882625579834
v -0.3263680040836334 -0.17722100019454956 -3.186729907989502
v -0.35486099123954773 -0.17721599340438843 -3.184659957885742
v -0.36575746536254883 -0.18244747817516327 -3.3229525089263916
v -0.3658190965652466 -0.15302224457263947 -3.323882579803467
v -0.3658190965652466 -0.15302224457263947 -3.323882579803467
v -0.35492101311683655 -0.1486620008945465 -3.1855599880218506
v -0.35486099123954773 -0.17721599340438843 -3.184659957885742
v -0.35462599992752075 0.05954889953136444 -3.181040048599243
v -0.3546000123023987 0.08811459690332413 -3.1806800365448
v -0.326106995344162 0.08811459690332413 -3.1827399730682373
v -0.326106995344162 0.08811459690332413 -3.1827399730682373
v -0.32613301277160645 0.05954889953136444 -3.1830999851226807
v -0.35462599992752075 0.05954889953136444 -3.181040048599243
v -0.42906609177589417 0.07146560400724411 -4.126128196716309
v -0.4290351867675781 0.10598628968000412 -4.125674724578857
v -0.39460092782974243 0.10598663240671158 -4.128183841705322
v -0.39460092782974243 0.10598663240671158 -4.128183841705322
v -0.3946360647678375 0.07146582752466202 -4.128637313842773
v -0.42906609177589417 0.07146560400724411 -4.126128196716309
v -0.42906609177589417 0.07146560400724411 -4.126128196716309
v -0.4290351867675781 0.10598628968000412 -4.125674724578857
v -0.3546000123023987 0.08811459690332413 -3.1806800365448
v -0.3546000123023987 0.08811459690332413 -3.1806800365448
v -0.35462599992752075 0.05954889953136444 -3.181040048599243
v -0.42906609177589417 0.07146560400724411 -4.126128196716309
v -0.3946360647678375 0.07146582752466202 -4.128637313842773
v -0.39460092782974243 0.10598663240671158 -4.128183841705322
v -0.326106995344162 0.08811459690332413 -3.1827399730682373
v -0.326106995344162 0.08811459690332413 -3.1827399730682373
v -0.32613301277160645 0.05954889953136444 -3.1830999851226807
v -0.3946360647678375 0.07146582752466202 -4.128637313842773
v -0.35462599992752075 0.05954889953136444 -3.181040048599243
v -0.32613301277160645 0.05954889953136444 -3.1830999851226807
v -0.3946360647678375 0.07146582752466202 -4.128637313842773
v -0.3946360647678375 0.07146582752466202 -4.128637313842773
v -0.42906609177589417 0.07146560400724411 -4.126128196716309
v -0.35462599992752075 0.05954889953136444 -3.181040048599243
v -0.3546000123023987 0.08811459690332413 -3.1806800365448
v -0.4290351867675781 0.10598628968000412 -4.125674724578857
v -0.39460092782974243 0.10598663240671158 -4.128183841705322
v -0.39460092782974243 0.10598663240671158 -4.128183841705322
v -0.326106995344162 0.08811459690332413 -3.1827399730682373
v -0.3546000123023987 0.08811459690332413 -3.1806800365448
v -0.35468900203704834 0.2651039958000183 -3.181989908218384
v -0.3545779883861542 0.29362601041793823 -3.18038010597229
v -0.32608500123023987 0.29363200068473816 -3.18245005607605
v -0.32608500123023987 0.29363200068473816 -3.18245005607605
v -0.32619601488113403 0.26510998606681824 -3.1840600967407227
v -0.35468900203704834 0.2651039958000183 -3.181989908218384
v -0.36117279529571533 0.26977622509002686 -3.264270782470703
v -0.3610595464706421 0.2988165020942688 -3.262629747390747
v -0.33204877376556396 0.298822820186615 -3.2647390365600586
v -0.33204877376556396 0.298822820186615 -3.2647390365600586
v -0.332162082195282 0.26978233456611633 -3.2663798332214355
v -0.36117279529571533 0.26977622509002686 -3.264270782470703
v -0.36117279529571533 0.26977622509002686 -3.264270782470703
v -0.3610595464706421 0.2988165020942688 -3.262629747390747
v -0.3545779883861542 0.29362601041793823 -3.18038010597229
v -0.3545779883861542 0.29362601041793823 -3.18038010597229
v -0.35468900203704834 0.2651039958000183 -3.181989908218384
v -0.36117279529571533 0.26977622509002686 -3.264270782470703
v -0.332162082195282 0.26978233456611633 -3.2663798332214355
v -0.33204877376556396 0.298822820186615 -3.2647390365600586
v -0.32608500123023987 0.29363200068473816 -3.18245005607605
v -0.32608500123023987 0.29363200068473816 -3.18245005607605
v -0.32619601488113403 0.26510998606681824 -3.1840600967407227
v -0.332162082195282 0.26978233456611633 -3.2663798332214355
v -0.35468900203704834 0.2651039958000183 -3.181989908218384
v -0.32619601488113403 0.26510998606681824 -3.1840600967407227
v -0.332162082195282 0.26978233456611633 -3.2663798332214355
v -0.332162082195282 0.26978233456611633 -3.2663798332214355
v -0.36117279529571533 0.26977622509002686 -3.264270782470703
v -0.35468900203704834 0.2651039958000183 -3.181989908218384
v -0.3545779883861542 0.29362601041793823 -3.18038010597229
v -0.3610595464706421 0.2988165020942688 -3.262629747390747
v -0.33204877376556396 0.298822820186615 -3.2647390365600586
v -0.33204877376556396 0.298822820186615 -3.2647390365600586
v -0.32608500123023987 0.29363200068473816 -3.18245005607605
v -0.3545779883861542 0.29362601041793823 -3.18038010597229
v -0.35531601309776306 0.6512560248374939 -3.1918399333953857
v -0.35505300760269165 0.6795520186424255 -3.187920093536377
v -0.32655999064445496 0.6795750260353088 -3.1899800300598145
v -0.32655999064445496 0.6795750260353088 -3.1899800300598145
v -0.3268220126628876 0.6512789726257324 -3.1939098834991455
v -0.35531601309776306 0.6512560248374939 -3.1918399333953857
v -0.35799235105514526 0.6559805274009705 -3.2257003784179688
v -0.35772743821144104 0.6844896674156189 -3.221750020980835
v -0.329019695520401 0.6845129132270813 -3.2238264083862305
v -0.329019695520401 0.6845129132270813 -3.2238264083862305
v -0.329283744096756 0.6560037732124329 -3.2277865409851074
v -0.35799235105514526 0.6559805274009705 -3.2257003784179688
v -0.35799235105514526 0.6559805274009705 -3.2257003784179688
v -0.35772743821144104 0.6844896674156189 -3.221750020980835
v -0.35505300760269165 0.6795520186424255 -3.187920093536377
v -0.35505300760269165 0.6795520186424255 -3.187920093536377
v -0.35531601309776306 0.6512560248374939 -3.1918399333953857
v -0.35799235105514526 0.6559805274009705 -3.2257003784179688
v -0.329283744096756 0.6560037732124329 -3.2277865409851074
v -0.329019695520401 0.6845129132270813 -3.2238264083862305
v -0.32655999064445496 0.6795750260353088 -3.1899800300598145
v -0.32655999064445496 0.6795750260353088 -3.1899800300598145
v -0.3268220126628876 0.6512789726257324 -3.1939098834991455
v -0.329283744096756 0.6560037732124329 -3.2277865409851074
v -0.35531601309776306 0.6512560248374939 -3.1918399333953857
v -0.3268220126628876 0.6512789726257324 -3.1939098834991455
v -0.329283744096756 0.6560037732124329 -3.2277865409851074
v -0.329283744096756 0.6560037732124329 -3.2277865409851074
v -0.35799235105514526 0.6559805274009705 -3.2257003784179688
v -0.35531601309776306 0.6512560248374939 -3.1918399333953857
v -0.35505300760269165 0.6795520186424255 -3.187920093536377
v -0.35772743821144104 0.6844896674156189 -3.221750020980835
v -0.329019695520401 0.6845129132270813 -3.2238264083862305
v -0.329019695520401 0.6845129132270813 -3.2238264083862305
v -0.32655999064445496 0.6795750260353088 -3.1899800300598145
v -0.35505300760269165 0.6795520186424255 -3.187920093536377
v -0.35547900199890137 0.8006799817085266 -3.194509983062744
v -0.3551580011844635 0.8288379907608032 -3.18969988822937
v -0.3266650140285492 0.8288660049438477 -3.191770076751709
v -0.3266650140285492 0.8288660049438477 -3.191770076751709
v -0.32698601484298706 0.800707995891571 -3.196579933166504
v -0.35547900199890137 0.8006799817085266 -3.194509983062744
v -0.3581945598125458 0.8065714836120605 -3.2288029193878174
v -0.35787105560302734 0.8349456191062927 -3.2239551544189453
v -0.32915934920310974 0.8349741101264954 -3.226041793823242
v -0.32915934920310974 0.8349741101264954 -3.226041793823242
v -0.3294828534126282 0.8065999150276184 -3.230889320373535
v -0.3581945598125458 0.8065714836120605 -3.2288029193878174
v -0.3581945598125458 0.8065714836120605 -3.2288029193878174
v -0.35787105560302734 0.8349456191062927 -3.2239551544189453
v -0.3551580011844635 0.8288379907608032 -3.18969988822937
v -0.3551580011844635 0.8288379907608032 -3.18969988822937
v -0.35547900199890137 0.8006799817085266 -3.194509983062744
v -0.3581945598125458 0.8065714836120605 -3.2288029193878174
v -0.3294828534126282 0.8065999150276184 -3.230889320373535
v -0.32915934920310974 0.8349741101264954 -3.226041793823242
v -0.3266650140285492 0.8288660049438477 -3.191770076751709
v -0.3266650140285492 0.8288660049438477 -3.191770076751709
v -0.32698601484298706 0.800707995891571 -3.196579933166504
v -0.3294828534126282 0.8065999150276184 -3.230889320373535
v -0.35547900199890137 0.8006799817085266 -3.194509983062744
v -0.32698601484298706 0.800707995891571 -3.196579933166504
v -0.3294828534126282 0.8065999150276184 -3.230889320373535
v -0.3294828534126282 0.8065999150276184 -3.230889320373535
v -0.3581945598125458 0.8065714836120605 -3.2288029193878174
v -0.35547900199890137 0.8006799817085266 -3.194509983062744
v -0.3551580011844635 0.8288379907608032 -3.18969988822937
v -0.35787105560302734 0.8349456191062927 -3.2239551544189453
v -0.32915934920310974 0.8349741101264954 -3.226041793823242
v -0.32915934920310974 0.8349741101264954 -3.226041793823242
v -0.3266650140285492 0.8288660049438477 -3.191770076751709
v -0.3551580011844635 0.8288379907608032 -3.18969988822937
v -0.3551799952983856 0.8294510245323181 -3.1899900436401367
v -0.3548460006713867 0.8575779795646667 -3.184999942779541
v -0.3263530135154724 0.8576070070266724 -3.187069892883301
v -0.3263530135154724 0.8576070070266724 -3.187069892883301
v -0.3266870081424713 0.8294789791107178 -3.1920599937438965
v -0.3551799952983856 0.8294510245323181 -3.1899900436401367
v -0.3619285523891449 0.8446432948112488 -3.2751970291137695
v -0.36158767342567444 0.8733069896697998 -3.2701103687286377
v -0.3325510323047638 0.8733363151550293 -3.272221565246582
v -0.3325510323047638 0.8733363151550293 -3.272221565246582
v -0.33289188146591187 0.8446723818778992 -3.277308225631714
v -0.3619285523891449 0.8446432948112488 -3.2751970291137695
v -0.3619285523891449 0.8446432948112488 -3.2751970291137695
v -0.36158767342567444 0.8733069896697998 -3.2701103687286377
v -0.3548460006713867 0.8575779795646667 -3.184999942779541
v -0.3548460006713867 0.8575779795646667 -3.184999942779541
v -0.3551799952983856 0.8294510245323181 -3.1899900436401367
v -0.3619285523891449 0.8446432948112488 -3.2751970291137695
v -0.33289188146591187 0.8446723818778992 -3.277308225631714
v -0.3325510323047638 0.8733363151550293 -3.272221565246582
v -0.3263530135154724 0.8576070070266724 -3.187069892883301
v -0.3263530135154724 0.8576070070266724 -3.187069892883301
v -0.3266870081424713 0.8294789791107178 -3.1920599937438965
v -0.33289188146591187 0.8446723818778992 -3.277308225631714
v -0.3551799952983856 0.8294510245323181 -3.1899900436401367
v -0.3266870081424713 0.8294789791107178 -3.1920599937438965
v -0.33289188146591187 0.8446723818778992 -3.277308225631714
v -0.33289188146591187 0.8446723818778992 -3.277308225631714
v -0.3619285523891449 0.8446432948112488 -3.2751970291137695
v -0.3551799952983856 0.8294510245323181 -3.1899900436401367
v -0.3548460006713867 0.8575779795646667 -3.184999942779541
v -0.36158767342567444 0.8733069896697998 -3.2701103687286377
v -0.3325510323047638 0.8733363151550293 -3.272221565246582
v -0.3325510323047638 0.8733363151550293 -3.272221565246582
v -0.3263530135154724 0.8576070070266724 -3.187069892883301
v -0.3548460006713867 0.8575779795646667 -3.184999942779541
v -0.3549570143222809 1.1592600345611572 -3.187150001525879
v -0.3544920086860657 1.1869699954986572 -3.1802399158477783
v -0.325998991727829 1.1870100498199463 -3.182310104370117
v -0.325998991727829 1.1870100498199463 -3.182310104370117
v -0.3264639973640442 1.1592999696731567 -3.189229965209961
v -0.3549570143222809 1.1592600345611572 -3.187150001525879
v -0.36505916714668274 1.1910886764526367 -3.3140652179718018
v -0.3645803928375244 1.2196037769317627 -3.3069517612457275
v -0.3352656364440918 1.219644546508789 -3.309084415435791
v -0.3352656364440918 1.219644546508789 -3.309084415435791
v -0.33574482798576355 1.1911308765411377 -3.3162074089050293
v -0.36505916714668274 1.1910886764526367 -3.3140652179718018
v -0.36505916714668274 1.1910886764526367 -3.3140652179718018
v -0.3645803928375244 1.2196037769317627 -3.3069517612457275
v -0.3544920086860657 1.1869699954986572 -3.1802399158477783
v -0.3544920086860657 1.1869699954986572 -3.1802399158477783
v -0.3549570143222809 1.1592600345611572 -3.187150001525879
v -0.36505916714668274 1.1910886764526367 -3.3140652179718018
v -0.33574482798576355 1.1911308765411377 -3.3162074089050293
v -0.3352656364440918 1.219644546508789 -3.309084415435791
v -0.325998991727829 1.1870100498199463 -3.182310104370117
v -0.325998991727829 1.1870100498199463 -3.182310104370117
v -0.3264639973640442 1.1592999696731567 -3.189229965209961
v -0.33574482798576355 1.1911308765411377 -3.3162074089050293
v -0.3549570143222809 1.1592600345611572 -3.187150001525879
v -0.3264639973640442 1.1592999696731567 -3.189229965209961
v -0.33574482798576355 1.1911308765411377 -3.3162074089050293
v -0.33574482798576355 1.1911308765411377 -3.3162074089050293
v -0.36505916714668274 1.1910886764526367 -3.3140652179718018
v -0.3549570143222809 1.1592600345611572 -3.187150001525879
v -0.3544920086860657 1.1869699954986572 -3.1802399158477783
v -0.3645803928375244 1.2196037769317627 -3.3069517612457275
v -0.3352656364440918 1.219644546508789 -3.309084415435791
v -0.3352656364440918 1.219644546508789 -3.309084415435791
v -0.325998991727829 1.1870100498199463 -3.182310104370117
v -0.3544920086860657 1.1869699954986572 -3.1802399158477783
v -0.32587701082229614 0.14866699278354645 -3.187649965286255
v -0.3258180022239685 0.17722100019454956 -3.1867499351501465
v -0.2973119914531708 0.17722100019454956 -3.1886401176452637
v -0.2973119914531708 0.17722100019454956 -3.1886401176452637
v -0.2973710000514984 0.14866699278354645 -3.1895298957824707
v -0.32587701082229614 0.14866699278354645 -3.187649965286255
v -0.335954487323761 0.15304915606975555 -3.3267173767089844
v -0.33589261770248413 0.1824786514043808 -3.325787305831909
v -0.30651310086250305 0.18247877061367035 -3.327737808227539
v -0.30651310086250305 0.18247877061367035 -3.327737808227539
v -0.30657392740249634 0.15304844081401825 -3.328658103942871
v -0.335954487323761 0.15304915606975555 -3.3267173767089844
v -0.335954487323761 0.15304915606975555 -3.3267173767089844
v -0.33589261770248413 0.1824786514043808 -3.325787305831909
v -0.3258180022239685 0.17722100019454956 -3.1867499351501465
v -0.3258180022239685 0.17722100019454956 -3.1867499351501465
v -0.32587701082229614 0.14866699278354645 -3.187649965286255
v -0.335954487323761 0.15304915606975555 -3.3267173767089844
v -0.30657392740249634 0.15304844081401825 -3.328658103942871
v -0.30651310086250305 0.18247877061367035 -3.327737808227539
v -0.2973119914531708 0.17722100019454956 -3.1886401176452637
v -0.2973119914531708 0.17722100019454956 -3.1886401176452637
v -0.2973710000514984 0.14866699278354645 -3.1895298957824707
v -0.30657392740249634 0.15304844081401825 -3.328658103942871
v -0.32587701082229614 0.14866699278354645 -3.187649965286255
v -0.2973710000514984 0.14866699278354645 -3.1895298957824707
v -0.30657392740249634 0.15304844081401825 -3.328658103942871
v -0.30657392740249634 0.15304844081401825 -3.328658103942871
v -0.335954487323761 0.15304915606975555 -3.3267173767089844
v -0.32587701082229614 0.14866699278354645 -3.187649965286255
v -0.3258180022239685 0.17722100019454956 -3.1867499351501465
v -0.33589261770248413 0.1824786514043808 -3.325787305831909
v -0.30651310086250305 0.18247877061367035 -3.327737808227539
v -0.30651310086250305 0.18247877061367035 -3.327737808227539
v -0.2973119914531708 0.17722100019454956 -3.1886401176452637
v -0.3258180022239685 0.17722100019454956 -3.1867499351501465
v -0.32592299580574036 0.53159499168396 -3.1885499954223633
v -0.3257099986076355 0.5599809885025024 -3.1853299140930176
v -0.29720500111579895 0.5599809885025024 -3.1872200965881348
v -0.29720500111579895 0.5599809885025024 -3.1872200965881348
v -0.2974179983139038 0.53159499168396 -3.190429925918579
v -0.32592299580574036 0.53159499168396 -3.1885499954223633
v -0.32881301641464233 0.5361292958259583 -3.2283682823181152
v -0.3285980820655823 0.5647658109664917 -3.225119113922119
v -0.29984110593795776 0.5647659301757812 -3.2270264625549316
v -0.29984110593795776 0.5647659301757812 -3.2270264625549316
v -0.300056129693985 0.5361291766166687 -3.2302656173706055
v -0.32881301641464233 0.5361292958259583 -3.2283682823181152
v -0.32881301641464233 0.5361292958259583 -3.2283682823181152
v -0.3285980820655823 0.5647658109664917 -3.225119113922119
v -0.3257099986076355 0.5599809885025024 -3.1853299140930176
v -0.3257099986076355 0.5599809885025024 -3.1853299140930176
v -0.32592299580574036 0.53159499168396 -3.1885499954223633
v -0.32881301641464233 0.5361292958259583 -3.2283682823181152
v -0.300056129693985 0.5361291766166687 -3.2302656173706055
v -0.29984110593795776 0.5647659301757812 -3.2270264625549316
v -0.29720500111579895 0.5599809885025024 -3.1872200965881348
v -0.29720500111579895 0.5599809885025024 -3.1872200965881348
v -0.2974179983139038 0.53159499168396 -3.190429925918579
v -0.300056129693985 0.5361291766166687 -3.2302656173706055
v -0.32592299580574036 0.53159499168396 -3.1885499954223633
v -0.2974179983139038 0.53159499168396 -3.190429925918579
v -0.300056129693985 0.5361291766166687 -3.2302656173706055
v -0.300056129693985 0.5361291766166687 -3.2302656173706055
v -0.32881301641464233 0.5361292958259583 -3.2283682823181152
v -0.32592299580574036 0.53159499168396 -3.1885499954223633
v -0.3257099986076355 0.5599809885025024 -3.1853299140930176
v -0.3285980820655823 0.5647658109664917 -3.225119113922119
v -0.29984110593795776 0.5647659301757812 -3.2270264625549316
v -0.29984110593795776 0.5647659301757812 -3.2270264625549316
v -0.29720500111579895 0.5599809885025024 -3.1872200965881348
v -0.3257099986076355 0.5599809885025024 -3.1853299140930176
v -0.3267509937286377 0.5934929847717285 -3.201200008392334
v -0.32651400566101074 0.6218360066413879 -3.197619915008545
v -0.2980090081691742 0.6218360066413879 -3.199510097503662
v -0.2980090081691742 0.6218360066413879 -3.199510097503662
v -0.29824599623680115 0.5934929847717285 -3.203089952468872
v -0.3267509937286377 0.5934929847717285 -3.201200008392334
v -0.3296562433242798 0.5985575318336487 -3.241187572479248
v -0.32941702008247375 0.6271519660949707 -3.2375752925872803
v -0.30065861344337463 0.6271520853042603 -3.239482879638672
v -0.30065861344337463 0.6271520853042603 -3.239482879638672
v -0.300898015499115 0.5985576510429382 -3.2430951595306396
v -0.3296562433242798 0.5985575318336487 -3.241187572479248
v -0.3296562433242798 0.5985575318336487 -3.241187572479248
v -0.32941702008247375 0.6271519660949707 -3.2375752925872803
v -0.32651400566101074 0.6218360066413879 -3.197619915008545
v -0.32651400566101074 0.6218360066413879 -3.197619915008545
v -0.3267509937286377 0.5934929847717285 -3.201200008392334
v -0.3296562433242798 0.5985575318336487 -3.241187572479248
v -0.300898015499115 0.5985576510429382 -3.2430951595306396
v -0.30065861344337463 0.6271520853042603 -3.239482879638672
v -0.2980090081691742 0.6218360066413879 -3.199510097503662
v -0.2980090081691742 0.6218360066413879 -3.199510097503662
v -0.29824599623680115 0.5934929847717285 -3.203089952468872
v -0.300898015499115 0.5985576510429382 -3.2430951595306396
v -0.3267509937286377 0.5934929847717285 -3.201200008392334
v -0.29824599623680115 0.5934929847717285 -3.203089952468872
v -0.300898015499115 0.5985576510429382 -3.2430951595306396
v -0.300898015499115 0.5985576510429382 -3.2430951595306396
v -0.3296562433242798 0.5985575318336487 -3.241187572479248
v -0.3267509937286377 0.5934929847717285 -3.201200008392334
v -0.32651400566101074 0.6218360066413879 -3.197619915008545
v -0.32941702008247375 0.6271519660949707 -3.2375752925872803
v -0.30065861344337463 0.6271520853042603 -3.239482879638672
v -0.30065861344337463 0.6271520853042603 -3.239482879638672
v -0.2980090081691742 0.6218360066413879 -3.199510097503662
v -0.32651400566101074 0.6218360066413879 -3.197619915008545
v -0.26564300060272217 -1.0362099409103394 -3.1756999492645264
v -0.29416200518608093 -1.0360699892044067 -3.1740400791168213
v -0.2943820059299469 -1.0081599950790405 -3.1800899505615234
v -0.2943820059299469 -1.0081599950790405 -3.1800899505615234
v -0.26586300134658813 -1.0082900524139404 -3.1817500591278076
v -0.26564300060272217 -1.0362099409103394 -3.1756999492645264
v -0.2689002454280853 -1.0485296249389648 -3.2307441234588623
v -0.297773540019989 -1.0483893156051636 -3.229062080383301
v -0.2979963719844818 -1.0201300382614136 -3.2351889610290527
v -0.2979963719844818 -1.0201300382614136 -3.2351889610290527
v -0.26912277936935425 -1.0202627182006836 -3.236870288848877
v -0.2689002454280853 -1.0485296249389648 -3.2307441234588623
v -0.2689002454280853 -1.0485296249389648 -3.2307441234588623
v -0.297773540019989 -1.0483893156051636 -3.229062080383301
v -0.29416200518608093 -1.0360699892044067 -3.1740400791168213
v -0.29416200518608093 -1.0360699892044067 -3.1740400791168213
v -0.26564300060272217 -1.0362099409103394 -3.1756999492645264
v -0.2689002454280853 -1.0485296249389648 -3.2307441234588623
v -0.26912277936935425 -1.0202627182006836 -3.236870288848877
v -0.2979963719844818 -1.0201300382614136 -3.2351889610290527
v -0.2943820059299469 -1.0081599950790405 -3.1800899505615234
v -0.2943820059299469 -1.0081599950790405 -3.1800899505615234
v -0.26586300134658813 -1.0082900524139404 -3.1817500591278076
v -0.26912277936935425 -1.0202627182006836 -3.236870288848877
v -0.26564300060272217 -1.0362099409103394 -3.1756999492645264
v -0.26586300134658813 -1.0082900524139404 -3.1817500591278076
v -0.26912277936935425 -1.0202627182006836 -3.236870288848877
v -0.26912277936935425 -1.0202627182006836 -3.236870288848877
v -0.2689002454280853 -1.0485296249389648 -3.2307441234588623
v -0.26564300060272217 -1.0362099409103394 -3.1756999492645264
v -0.29416200518608093 -1.0360699892044067 -3.1740400791168213
v -0.297773540019989 -1.0483893156051636 -3.229062080383301
v -0.2979963719844818 -1.0201300382614136 -3.2351889610290527
v -0.2979963719844818 -1.0201300382614136 -3.2351889610290527
v -0.2943820059299469 -1.0081599950790405 -3.1800899505615234
v -0.29416200518608093 -1.0360699892044067 -3.1740400791168213
v -0.29431799054145813 0.4126189947128296 -3.1766600608825684
v -0.29421699047088623 0.44107601046562195 -3.174149990081787
v -0.26569700241088867 0.44112101197242737 -3.1758100986480713
v -0.26569700241088867 0.44112101197242737 -3.1758100986480713
v -0.26579800248146057 0.412663996219635 -3.1783199310302734
v -0.29431799054145813 0.4126189947128296 -3.1766600608825684
v -0.3031962811946869 0.4247420132160187 -3.3138909339904785
v -0.3030919134616852 0.45406273007392883 -3.3113019466400146
v -0.2737067937850952 0.454109251499176 -3.3130152225494385
v -0.2737067937850952 0.454109251499176 -3.3130152225494385
v -0.2738111615180969 0.4247885048389435 -3.3156039714813232
v -0.3031962811946869 0.4247420132160187 -3.3138909339904785
v -0.3031962811946869 0.4247420132160187 -3.3138909339904785
v -0.3030919134616852 0.45406273007392883 -3.3113019466400146
v -0.29421699047088623 0.44107601046562195 -3.174149990081787
v -0.29421699047088623 0.44107601046562195 -3.174149990081787
v -0.29431799054145813 0.4126189947128296 -3.1766600608825684
v -0.3031962811946869 0.4247420132160187 -3.3138909339904785
v -0.2738111615180969 0.4247885048389435 -3.3156039714813232
v -0.2737067937850952 0.454109251499176 -3.3130152225494385
v -0.26569700241088867 0.44112101197242737 -3.1758100986480713
v -0.26569700241088867 0.44112101197242737 -3.1758100986480713
v -0.26579800248146057 0.412663996219635 -3.1783199310302734
v -0.2738111615180969 0.4247885048389435 -3.3156039714813232
v -0.29431799054145813 0.4126189947128296 -3.1766600608825684
v -0.26579800248146057 0.412663996219635 -3.1783199310302734
v -0.2738111615180969 0.4247885048389435 -3.3156039714813232
v -0.2738111615180969 0.4247885048389435 -3.3156039714813232
v -0.3031962811946869 0.4247420132160187 -3.3138909339904785
v -0.29431799054145813 0.4126189947128296 -3.1766600608825684
v -0.29421699047088623 0.44107601046562195 -3.174149990081787
v -0.3030919134616852 0.45406273007392883 -3.3113019466400146
v -0.2737067937850952 0.454109251499176 -3.3130152225494385
v -0.2737067937850952 0.454109251499176 -3.3130152225494385
v -0.26569700241088867 0.44112101197242737 -3.1758100986480713
v -0.29421699047088623 0.44107601046562195 -3.174149990081787
v -0.29482001066207886 0.5934140086174011 -3.1929099559783936
v -0.2947010099887848 0.6217569708824158 -3.1893301010131836
v -0.266182005405426 0.6218469738960266 -3.1909899711608887
v -0.266182005405426 0.6218469738960266 -3.1909899711608887
v -0.2662999927997589 0.593504011631012 -3.1945700645446777
v -0.29482001066207886 0.5934140086174011 -3.1929099559783936
v -0.30166909098625183 0.6067577600479126 -3.298375129699707
v -0.30154743790626526 0.6357641220092773 -3.2947092056274414
v -0.2723599076271057 0.6358563899993896 -3.296410083770752
v -0.2723599076271057 0.6358563899993896 -3.296410083770752
v -0.2724815011024475 0.6068499684333801 -3.3000760078430176
v -0.30166909098625183 0.6067577600479126 -3.298375129699707
v -0.30166909098625183 0.6067577600479126 -3.298375129699707
v -0.30154743790626526 0.6357641220092773 -3.2947092056274414
v -0.2947010099887848 0.6217569708824158 -3.1893301010131836
v -0.2947010099887848 0.6217569708824158 -3.1893301010131836
v -0.29482001066207886 0.5934140086174011 -3.1929099559783936
v -0.30166909098625183 0.6067577600479126 -3.298375129699707
v -0.2724815011024475 0.6068499684333801 -3.3000760078430176
v -0.2723599076271057 0.6358563899993896 -3.296410083770752
v -0.266182005405426 0.6218469738960266 -3.1909899711608887
v -0.266182005405426 0.6218469738960266 -3.1909899711608887
v -0.2662999927997589 0.593504011631012 -3.1945700645446777
v -0.2724815011024475 0.6068499684333801 -3.3000760078430176
v -0.29482001066207886 0.5934140086174011 -3.1929099559783936
v -0.2662999927997589 0.593504011631012 -3.1945700645446777
v -0.2724815011024475 0.6068499684333801 -3.3000760078430176
v -0.2724815011024475 0.6068499684333801 -3.3000760078430176
v -0.30166909098625183 0.6067577600479126 -3.298375129699707
v -0.29482001066207886 0.5934140086174011 -3.1929099559783936
v -0.2947010099887848 0.6217569708824158 -3.1893301010131836
v -0.30154743790626526 0.6357641220092773 -3.2947092056274414
v -0.2723599076271057 0.6358563899993896 -3.296410083770752
v -0.2723599076271057 0.6358563899993896 -3.296410083770752
v -0.266182005405426 0.6218469738960266 -3.1909899711608887
v -0.2947010099887848 0.6217569708824158 -3.1893301010131836
v -0.20736899971961975 -1.3389699459075928 -3.177489995956421
v -0.23590700328350067 -1.338879942893982 -3.17618989944458
v -0.23617799580097198 -1.311400055885315 -3.1839799880981445
v -0.23617799580097198 -1.311400055885315 -3.1839799880981445
v -0.20764000713825226 -1.3114900588989258 -3.1852900981903076
v -0.20736899971961975 -1.3389699459075928 -3.177489995956421
v -0.20899002254009247 -1.3490594625473022 -3.2121875286102295
v -0.23775498569011688 -1.3489699363708496 -3.210875988006592
v -0.2380281537771225 -1.3212698698043823 -3.218729019165039
v -0.2380281537771225 -1.3212698698043823 -3.218729019165039
v -0.2092631459236145 -1.321361780166626 -3.2200498580932617
v -0.20899002254009247 -1.3490594625473022 -3.2121875286102295
v -0.20899002254009247 -1.3490594625473022 -3.2121875286102295
v -0.23775498569011688 -1.3489699363708496 -3.210875988006592
v -0.23590700328350067 -1.338879942893982 -3.17618989944458
v -0.23590700328350067 -1.338879942893982 -3.17618989944458
v -0.20736899971961975 -1.3389699459075928 -3.177489995956421
v -0.20899002254009247 -1.3490594625473022 -3.2121875286102295
v -0.2092631459236145 -1.321361780166626 -3.2200498580932617
v -0.2380281537771225 -1.3212698698043823 -3.218729019165039
v -0.23617799580097198 -1.311400055885315 -3.1839799880981445
v -0.23617799580097198 -1.311400055885315 -3.1839799880981445
v -0.20764000713825226 -1.3114900588989258 -3.1852900981903076
v -0.2092631459236145 -1.321361780166626 -3.2200498580932617
v -0.20736899971961975 -1.3389699459075928 -3.177489995956421
v -0.20764000713825226 -1.3114900588989258 -3.1852900981903076
v -0.2092631459236145 -1.321361780166626 -3.2200498580932617
v -0.2092631459236145 -1.321361780166626 -3.2200498580932617
v -0.20899002254009247 -1.3490594625473022 -3.2121875286102295
v -0.20736899971961975 -1.3389699459075928 -3.177489995956421
v -0.23590700328350067 -1.338879942893982 -3.17618989944458
v -0.23775498569011688 -1.3489699363708496 -3.210875988006592
v -0.2380281537771225 -1.3212698698043823 -3.218729019165039
v -0.2380281537771225 -1.3212698698043823 -3.218729019165039
v -0.23617799580097198 -1.311400055885315 -3.1839799880981445
v -0.23590700328350067 -1.338879942893982 -3.17618989944458
v -0.20766699314117432 -0.35394901037216187 -3.183619976043701
v -0.23620599508285522 -0.35392600297927856 -3.1823201179504395
v -0.23627300560474396 -0.32542699575424194 -3.1842899322509766
v -0.23627300560474396 -0.32542699575424194 -3.1842899322509766
v -0.20773500204086304 -0.32544898986816406 -3.1855900287628174
v -0.20766699314117432 -0.35394901037216187 -3.183619976043701
v -0.21358628571033478 -0.36374062299728394 -3.3131210803985596
v -0.2429405301809311 -0.36371728777885437 -3.311781167984009
v -0.24300961196422577 -0.33440324664115906 -3.313810110092163
v -0.24300961196422577 -0.33440324664115906 -3.313810110092163
v -0.21365545690059662 -0.33442631363868713 -3.315150022506714
v -0.21358628571033478 -0.36374062299728394 -3.3131210803985596
v -0.21358628571033478 -0.36374062299728394 -3.3131210803985596
v -0.2429405301809311 -0.36371728777885437 -3.311781167984009
v -0.23620599508285522 -0.35392600297927856 -3.1823201179504395
v -0.23620599508285522 -0.35392600297927856 -3.1823201179504395
v -0.20766699314117432 -0.35394901037216187 -3.183619976043701
v -0.21358628571033478 -0.36374062299728394 -3.3131210803985596
v -0.21365545690059662 -0.33442631363868713 -3.315150022506714
v -0.24300961196422577 -0.33440324664115906 -3.313810110092163
v -0.23627300560474396 -0.32542699575424194 -3.1842899322509766
v -0.23627300560474396 -0.32542699575424194 -3.1842899322509766
v -0.20773500204086304 -0.32544898986816406 -3.1855900287628174
v -0.21365545690059662 -0.33442631363868713 -3.315150022506714
v -0.20766699314117432 -0.35394901037216187 -3.183619976043701
v -0.20773500204086304 -0.32544898986816406 -3.1855900287628174
v -0.21365545690059662 -0.33442631363868713 -3.315150022506714
v -0.21365545690059662 -0.33442631363868713 -3.315150022506714
v -0.21358628571033478 -0.36374062299728394 -3.3131210803985596
v -0.20766699314117432 -0.35394901037216187 -3.183619976043701
v -0.23620599508285522 -0.35392600297927856 -3.1823201179504395
v -0.2429405301809311 -0.36371728777885437 -3.311781167984009
v -0.24300961196422577 -0.33440324664115906 -3.313810110092163
v -0.24300961196422577 -0.33440324664115906 -3.313810110092163
v -0.23627300560474396 -0.32542699575424194 -3.1842899322509766
v -0.23620599508285522 -0.35392600297927856 -3.1823201179504395
v -0.23638500273227692 0.4735710024833679 -3.1879000663757324
v -0.23628799617290497 0.5019950270652771 -3.18503999710083
v -0.20774899423122406 0.5020279884338379 -3.186340093612671
v -0.20774899423122406 0.5020279884338379 -3.186340093612671
v -0.207846999168396 0.4736050069332123 -3.189199924468994
v -0.23638500273227692 0.4735710024833679 -3.1879000663757324
v -0.2412416934967041 0.48298293352127075 -3.2811026573181152
v -0.24114249646663666 0.5119930505752563 -3.278181791305542
v -0.21201525628566742 0.5120272636413574 -3.279510498046875
v -0.21201525628566742 0.5120272636413574 -3.279510498046875
v -0.2121148407459259 0.4830172657966614 -3.2824316024780273
v -0.2412416934967041 0.48298293352127075 -3.2811026573181152
v -0.2412416934967041 0.48298293352127075 -3.2811026573181152
v -0.24114249646663666 0.5119930505752563 -3.278181791305542
v -0.23628799617290497 0.5019950270652771 -3.18503999710083
v -0.23628799617290497 0.5019950270652771 -3.18503999710083
v -0.23638500273227692 0.4735710024833679 -3.1879000663757324
v -0.2412416934967041 0.48298293352127075 -3.2811026573181152
v -0.2121148407459259 0.4830172657966614 -3.2824316024780273
v -0.21201525628566742 0.5120272636413574 -3.279510498046875
v -0.20774899423122406 0.5020279884338379 -3.186340093612671
v -0.20774899423122406 0.5020279884338379 -3.186340093612671
v -0.207846999168396 0.4736050069332123 -3.189199924468994
v -0.2121148407459259 0.4830172657966614 -3.2824316024780273
v -0.23638500273227692 0.4735710024833679 -3.1879000663757324
v -0.207846999168396 0.4736050069332123 -3.189199924468994
v -0.2121148407459259 0.4830172657966614 -3.2824316024780273
v -0.2121148407459259 0.4830172657966614 -3.2824316024780273
v -0.2412416934967041 0.48298293352127075 -3.2811026573181152
v -0.23638500273227692 0.4735710024833679 -3.1879000663757324
v -0.23628799617290497 0.5019950270652771 -3.18503999710083
v -0.24114249646663666 0.5119930505752563 -3.278181791305542
v -0.21201525628566742 0.5120272636413574 -3.279510498046875
v -0.21201525628566742 0.5120272636413574 -3.279510498046875
v -0.20774899423122406 0.5020279884338379 -3.186340093612671
v -0.23628799617290497 0.5019950270652771 -3.18503999710083
v -0.23625700175762177 0.6801350116729736 -3.1842401027679443
v -0.2361139953136444 0.7084059715270996 -3.1801300048828125
v -0.20757600665092468 0.708450973033905 -3.1814301013946533
v -0.20757600665092468 0.708450973033905 -3.1814301013946533
v -0.20771899819374084 0.6801810264587402 -3.1855499744415283
v -0.23625700175762177 0.6801350116729736 -3.1842401027679443
v -0.24048465490341187 0.691918134689331 -3.265117883682251
v -0.240338996052742 0.7206974625587463 -3.260932207107544
v -0.21128740906715393 0.7207435965538025 -3.2622573375701904
v -0.21128740906715393 0.7207435965538025 -3.2622573375701904
v -0.21143360435962677 0.6919654011726379 -3.2664527893066406
v -0.24048465490341187 0.691918134689331 -3.265117883682251
v -0.24048465490341187 0.691918134689331 -3.265117883682251
v -0.240338996052742 0.7206974625587463 -3.260932207107544
v -0.2361139953136444 0.7084059715270996 -3.1801300048828125
v -0.2361139953136444 0.7084059715270996 -3.1801300048828125
v -0.23625700175762177 0.6801350116729736 -3.1842401027679443
v -0.24048465490341187 0.691918134689331 -3.265117883682251
v -0.21143360435962677 0.6919654011726379 -3.2664527893066406
v -0.21128740906715393 0.7207435965538025 -3.2622573375701904
v -0.20757600665092468 0.708450973033905 -3.1814301013946533
v -0.20757600665092468 0.708450973033905 -3.1814301013946533
v -0.20771899819374084 0.6801810264587402 -3.1855499744415283
v -0.21143360435962677 0.6919654011726379 -3.2664527893066406
v -0.23625700175762177 0.6801350116729736 -3.1842401027679443
v -0.20771899819374084 0.6801810264587402 -3.1855499744415283
v -0.21143360435962677 0.6919654011726379 -3.2664527893066406
v -0.21143360435962677 0.6919654011726379 -3.2664527893066406
v -0.24048465490341187 0.691918134689331 -3.265117883682251
v -0.23625700175762177 0.6801350116729736 -3.1842401027679443
v -0.2361139953136444 0.7084059715270996 -3.1801300048828125
v -0.240338996052742 0.7206974625587463 -3.260932207107544
v -0.21128740906715393 0.7207435965538025 -3.2622573375701904
v -0.21128740906715393 0.7207435965538025 -3.2622573375701904
v -0.20757600665092468 0.708450973033905 -3.1814301013946533
v -0.2361139953136444 0.7084059715270996 -3.1801300048828125
v -0.17826299369335175 -1.3389699459075928 -3.178450107574463
v -0.20680899918079376 -1.338919997215271 -3.1773200035095215
v -0.20707499980926514 -1.3114399909973145 -3.185110092163086
v -0.20707499980926514 -1.3114399909973145 -3.185110092163086
v -0.1785299926996231 -1.3114800453186035 -3.1862499713897705
v -0.17826299369335175 -1.3389699459075928 -3.178450107574463
v -0.18178339302539825 -1.364450216293335 -3.2661006450653076
v -0.2109023630619049 -1.3644001483917236 -3.2649457454681396
v -0.21117378771305084 -1.336368203163147 -3.2728941440582275
v -0.21117378771305084 -1.336368203163147 -3.2728941440582275
v -0.18205566704273224 -1.3364142179489136 -3.274057388305664
v -0.18178339302539825 -1.364450216293335 -3.2661006450653076
v -0.18178339302539825 -1.364450216293335 -3.2661006450653076
v -0.2109023630619049 -1.3644001483917236 -3.2649457454681396
v -0.20680899918079376 -1.338919997215271 -3.1773200035095215
v -0.20680899918079376 -1.338919997215271 -3.1773200035095215
v -0.17826299369335175 -1.3389699459075928 -3.178450107574463
v -0.18178339302539825 -1.364450216293335 -3.2661006450653076
v -0.18205566704273224 -1.3364142179489136 -3.274057388305664
v -0.21117378771305084 -1.336368203163147 -3.2728941440582275
v -0.20707499980926514 -1.3114399909973145 -3.185110092163086
v -0.20707499980926514 -1.3114399909973145 -3.185110092163086
v -0.1785299926996231 -1.3114800453186035 -3.1862499713897705
v -0.18205566704273224 -1.3364142179489136 -3.274057388305664
v -0.17826299369335175 -1.3389699459075928 -3.178450107574463
v -0.1785299926996231 -1.3114800453186035 -3.1862499713897705
v -0.18205566704273224 -1.3364142179489136 -3.274057388305664
v -0.18205566704273224 -1.3364142179489136 -3.274057388305664
v -0.18178339302539825 -1.364450216293335 -3.2661006450653076
v -0.17826299369335175 -1.3389699459075928 -3.178450107574463
v -0.20680899918079376 -1.338919997215271 -3.1773200035095215
v -0.2109023630619049 -1.3644001483917236 -3.2649457454681396
v -0.21117378771305084 -1.336368203163147 -3.2728941440582275
v -0.21117378771305084 -1.336368203163147 -3.2728941440582275
v -0.20707499980926514 -1.3114399909973145 -3.185110092163086
v -0.20680899918079376 -1.338919997215271 -3.1773200035095215
v -0.20711399614810944 0.35450199246406555 -3.1835999488830566
v -0.20704099535942078 0.38298898935317993 -3.1814498901367188
v -0.17849500477313995 0.382999986410141 -3.18257999420166
v -0.17849500477313995 0.382999986410141 -3.18257999420166
v -0.1785680055618286 0.3545129895210266 -3.184730052947998
v -0.20711399614810944 0.35450199246406555 -3.1835999488830566
v -0.21323661506175995 0.3646315634250641 -3.317568778991699
v -0.21316121518611908 0.39396101236343384 -3.31535267829895
v -0.18377123773097992 0.3939724266529083 -3.316518545150757
v -0.18377123773097992 0.3939724266529083 -3.316518545150757
v -0.1838468760251999 0.3646434247493744 -3.318734645843506
v -0.21323661506175995 0.3646315634250641 -3.317568778991699
v -0.21323661506175995 0.3646315634250641 -3.317568778991699
v -0.21316121518611908 0.39396101236343384 -3.31535267829895
v -0.20704099535942078 0.38298898935317993 -3.1814498901367188
v -0.20704099535942078 0.38298898935317993 -3.1814498901367188
v -0.20711399614810944 0.35450199246406555 -3.1835999488830566
v -0.21323661506175995 0.3646315634250641 -3.317568778991699
v -0.1838468760251999 0.3646434247493744 -3.318734645843506
v -0.18377123773097992 0.3939724266529083 -3.316518545150757
v -0.17849500477313995 0.382999986410141 -3.18257999420166
v -0.17849500477313995 0.382999986410141 -3.18257999420166
v -0.1785680055618286 0.3545129895210266 -3.184730052947998
v -0.1838468760251999 0.3646434247493744 -3.318734645843506
v -0.20711399614810944 0.35450199246406555 -3.1835999488830566
v -0.1785680055618286 0.3545129895210266 -3.184730052947998
v -0.1838468760251999 0.3646434247493744 -3.318734645843506
v -0.1838468760251999 0.3646434247493744 -3.318734645843506
v -0.21323661506175995 0.3646315634250641 -3.317568778991699
v -0.20711399614810944 0.35450199246406555 -3.1835999488830566
v -0.20704099535942078 0.38298898935317993 -3.1814498901367188
v -0.21316121518611908 0.39396101236343384 -3.31535267829895
v -0.18377123773097992 0.3939724266529083 -3.316518545150757
v -0.18377123773097992 0.3939724266529083 -3.316518545150757
v -0.17849500477313995 0.382999986410141 -3.18257999420166
v -0.20704099535942078 0.38298898935317993 -3.1814498901367188
v -0.20737400650978088 0.44459599256515503 -3.1917600631713867
v -0.20728500187397003 0.4730370044708252 -3.189069986343384
v -0.17873899638652802 0.4730539917945862 -3.190200090408325
v -0.17873899638652802 0.4730539917945862 -3.190200090408325
v -0.17882800102233887 0.4446130096912384 -3.1928799152374268
v -0.20737400650978088 0.44459599256515503 -3.1917600631713867
v -0.20999442040920258 0.4500129520893097 -3.2490146160125732
v -0.20990432798862457 0.47881388664245605 -3.2462894916534424
v -0.18099704384803772 0.47883138060569763 -3.2474348545074463
v -0.18099704384803772 0.47883138060569763 -3.2474348545074463
v -0.18108730018138885 0.4500301778316498 -3.250149965286255
v -0.20999442040920258 0.4500129520893097 -3.2490146160125732
v -0.20999442040920258 0.4500129520893097 -3.2490146160125732
v -0.20990432798862457 0.47881388664245605 -3.2462894916534424
v -0.20728500187397003 0.4730370044708252 -3.189069986343384
v -0.20728500187397003 0.4730370044708252 -3.189069986343384
v -0.20737400650978088 0.44459599256515503 -3.1917600631713867
v -0.20999442040920258 0.4500129520893097 -3.2490146160125732
v -0.18108730018138885 0.4500301778316498 -3.250149965286255
v -0.18099704384803772 0.47883138060569763 -3.2474348545074463
v -0.17873899638652802 0.4730539917945862 -3.190200090408325
v -0.17873899638652802 0.4730539917945862 -3.190200090408325
v -0.17882800102233887 0.4446130096912384 -3.1928799152374268
v -0.18108730018138885 0.4500301778316498 -3.250149965286255
v -0.20737400650978088 0.44459599256515503 -3.1917600631713867
v -0.17882800102233887 0.4446130096912384 -3.1928799152374268
v -0.18108730018138885 0.4500301778316498 -3.250149965286255
v -0.18108730018138885 0.4500301778316498 -3.250149965286255
v -0.20999442040920258 0.4500129520893097 -3.2490146160125732
v -0.20737400650978088 0.44459599256515503 -3.1917600631713867
v -0.20728500187397003 0.4730370044708252 -3.189069986343384
v -0.20990432798862457 0.47881388664245605 -3.2462894916534424
v -0.18099704384803772 0.47883138060569763 -3.2474348545074463
v -0.18099704384803772 0.47883138060569763 -3.2474348545074463
v -0.17873899638652802 0.4730539917945862 -3.190200090408325
v -0.20728500187397003 0.4730370044708252 -3.189069986343384
v -0.2071550041437149 0.6801559925079346 -3.1853699684143066
v -0.2070160061120987 0.7084259986877441 -3.181260108947754
v -0.17847000062465668 0.7084490060806274 -3.182379961013794
v -0.17847000062465668 0.7084490060806274 -3.182379961013794
v -0.17860999703407288 0.6801779866218567 -3.186490058898926
v -0.2071550041437149 0.6801559925079346 -3.1853699684143066
v -0.20951929688453674 0.6876575946807861 -3.2368710041046143
v -0.20937860012054443 0.7162514328956604 -3.232712984085083
v -0.18050555884838104 0.7162743806838989 -3.23384690284729
v -0.18050555884838104 0.7162743806838989 -3.23384690284729
v -0.18064725399017334 0.6876798272132874 -3.2380049228668213
v -0.20951929688453674 0.6876575946807861 -3.2368710041046143
v -0.20951929688453674 0.6876575946807861 -3.2368710041046143
v -0.20937860012054443 0.7162514328956604 -3.232712984085083
v -0.2070160061120987 0.7084259986877441 -3.181260108947754
v -0.2070160061120987 0.7084259986877441 -3.181260108947754
v -0.2071550041437149 0.6801559925079346 -3.1853699684143066
v -0.20951929688453674 0.6876575946807861 -3.2368710041046143
v -0.18064725399017334 0.6876798272132874 -3.2380049228668213
v -0.18050555884838104 0.7162743806838989 -3.23384690284729
v -0.17847000062465668 0.7084490060806274 -3.182379961013794
v -0.17847000062465668 0.7084490060806274 -3.182379961013794
v -0.17860999703407288 0.6801779866218567 -3.186490058898926
v -0.18064725399017334 0.6876798272132874 -3.2380049228668213
v -0.2071550041437149 0.6801559925079346 -3.1853699684143066
v -0.17860999703407288 0.6801779866218567 -3.186490058898926
v -0.18064725399017334 0.6876798272132874 -3.2380049228668213
v -0.18064725399017334 0.6876798272132874 -3.2380049228668213
v -0.20951929688453674 0.6876575946807861 -3.2368710041046143
v -0.2071550041437149 0.6801559925079346 -3.1853699684143066
v -0.2070160061120987 0.7084259986877441 -3.181260108947754
v -0.20937860012054443 0.7162514328956604 -3.232712984085083
v -0.18050555884838104 0.7162743806838989 -3.23384690284729
v -0.18050555884838104 0.7162743806838989 -3.23384690284729
v -0.17847000062465668 0.7084490060806274 -3.182379961013794
v -0.2070160061120987 0.7084259986877441 -3.181260108947754
v -0.17789599299430847 0.4126580059528351 -3.1811399459838867
v -0.17781299352645874 0.44111600518226624 -3.1786301136016846
v -0.1492609977722168 0.44111600518226624 -3.179579973220825
v -0.1492609977722168 0.44111600518226624 -3.179579973220825
v -0.14934399724006653 0.4126580059528351 -3.1820900440216064
v -0.17789599299430847 0.4126580059528351 -3.1811399459838867
v -0.18099695444107056 0.419605016708374 -3.259855270385742
v -0.18091243505477905 0.44855743646621704 -3.2573001384735107
v -0.1518641710281372 0.4485577642917633 -3.258268117904663
v -0.1518641710281372 0.4485577642917633 -3.258268117904663
v -0.15194867551326752 0.4196053445339203 -3.2608232498168945
v -0.18099695444107056 0.419605016708374 -3.259855270385742
v -0.18099695444107056 0.419605016708374 -3.259855270385742
v -0.18091243505477905 0.44855743646621704 -3.2573001384735107
v -0.17781299352645874 0.44111600518226624 -3.1786301136016846
v -0.17781299352645874 0.44111600518226624 -3.1786301136016846
v -0.17789599299430847 0.4126580059528351 -3.1811399459838867
v -0.18099695444107056 0.419605016708374 -3.259855270385742
v -0.15194867551326752 0.4196053445339203 -3.2608232498168945
v -0.1518641710281372 0.4485577642917633 -3.258268117904663
v -0.1492609977722168 0.44111600518226624 -3.179579973220825
v -0.1492609977722168 0.44111600518226624 -3.179579973220825
v -0.14934399724006653 0.4126580059528351 -3.1820900440216064
v -0.15194867551326752 0.4196053445339203 -3.2608232498168945
v -0.17789599299430847 0.4126580059528351 -3.1811399459838867
v -0.14934399724006653 0.4126580059528351 -3.1820900440216064
v -0.15194867551326752 0.4196053445339203 -3.2608232498168945
v -0.15194867551326752 0.4196053445339203 -3.2608232498168945
v -0.18099695444107056 0.419605016708374 -3.259855270385742
v -0.17789599299430847 0.4126580059528351 -3.1811399459838867
v -0.17781299352645874 0.44111600518226624 -3.1786301136016846
v -0.18091243505477905 0.44855743646621704 -3.2573001384735107
v -0.1518641710281372 0.4485577642917633 -3.258268117904663
v -0.1518641710281372 0.4485577642917633 -3.258268117904663
v -0.1492609977722168 0.44111600518226624 -3.179579973220825
v -0.17781299352645874 0.44111600518226624 -3.1786301136016846
v -0.14697200059890747 0.4126189947128296 -3.1766700744628906
v -0.14695300161838531 0.44107601046562195 -3.1741600036621094
v -0.11839500069618225 0.44112101197242737 -3.174870014190674
v -0.11839500069618225 0.44112101197242737 -3.174870014190674
v -0.11841300129890442 0.412663996219635 -3.177380084991455
v -0.14697200059890747 0.4126189947128296 -3.1766700744628906
v -0.14985354244709015 0.42066165804862976 -3.2678534984588623
v -0.14983445405960083 0.44969165325164795 -3.2652909755706787
v -0.12070073932409286 0.44973745942115784 -3.266017436981201
v -0.12070073932409286 0.44973745942115784 -3.266017436981201
v -0.12071921676397324 0.42070746421813965 -3.2685797214508057
v -0.14985354244709015 0.42066165804862976 -3.2678534984588623
v -0.14985354244709015 0.42066165804862976 -3.2678534984588623
v -0.14983445405960083 0.44969165325164795 -3.2652909755706787
v -0.14695300161838531 0.44107601046562195 -3.1741600036621094
v -0.14695300161838531 0.44107601046562195 -3.1741600036621094
v -0.14697200059890747 0.4126189947128296 -3.1766700744628906
v -0.14985354244709015 0.42066165804862976 -3.2678534984588623
v -0.12071921676397324 0.42070746421813965 -3.2685797214508057
v -0.12070073932409286 0.44973745942115784 -3.266017436981201
v -0.11839500069618225 0.44112101197242737 -3.174870014190674
v -0.11839500069618225 0.44112101197242737 -3.174870014190674
v -0.11841300129890442 0.412663996219635 -3.177380084991455
v -0.12071921676397324 0.42070746421813965 -3.2685797214508057
v -0.14697200059890747 0.4126189947128296 -3.1766700744628906
v -0.11841300129890442 0.412663996219635 -3.177380084991455
v -0.12071921676397324 0.42070746421813965 -3.2685797214508057
v -0.12071921676397324 0.42070746421813965 -3.2685797214508057
v -0.14985354244709015 0.42066165804862976 -3.2678534984588623
v -0.14697200059890747 0.4126189947128296 -3.1766700744628906
v -0.14695300161838531 0.44107601046562195 -3.1741600036621094
v -0.14983445405960083 0.44969165325164795 -3.2652909755706787
v -0.12070073932409286 0.44973745942115784 -3.266017436981201
v -0.12070073932409286 0.44973745942115784 -3.266017436981201
v -0.11839500069618225 0.44112101197242737 -3.174870014190674
v -0.14695300161838531 0.44107601046562195 -3.1741600036621094
v -0.11783400177955627 0.3544819951057434 -3.1804099082946777
v -0.11782699823379517 0.3829689919948578 -3.178260087966919
v -0.0892639011144638 0.38300299644470215 -3.178800106048584
v -0.0892639011144638 0.38300299644470215 -3.178800106048584
v -0.08927089720964432 0.35451599955558777 -3.1809499263763428
v -0.11783400177955627 0.3544819951057434 -3.1804099082946777
v -0.12237677723169327 0.36806443333625793 -3.36021089553833
v -0.12236981093883514 0.3976812958717346 -3.3579719066619873
v -0.09267376363277435 0.3977169394493103 -3.358536958694458
v -0.09267376363277435 0.3977169394493103 -3.358536958694458
v -0.09268113970756531 0.36810070276260376 -3.3607757091522217
v -0.12237677723169327 0.36806443333625793 -3.36021089553833
v -0.12237677723169327 0.36806443333625793 -3.36021089553833
v -0.12236981093883514 0.3976812958717346 -3.3579719066619873
v -0.11782699823379517 0.3829689919948578 -3.178260087966919
v -0.11782699823379517 0.3829689919948578 -3.178260087966919
v -0.11783400177955627 0.3544819951057434 -3.1804099082946777
v -0.12237677723169327 0.36806443333625793 -3.36021089553833
v -0.09268113970756531 0.36810070276260376 -3.3607757091522217
v -0.09267376363277435 0.3977169394493103 -3.358536958694458
v -0.0892639011144638 0.38300299644470215 -3.178800106048584
v -0.0892639011144638 0.38300299644470215 -3.178800106048584
v -0.08927089720964432 0.35451599955558777 -3.1809499263763428
v -0.09268113970756531 0.36810070276260376 -3.3607757091522217
v -0.11783400177955627 0.3544819951057434 -3.1804099082946777
v -0.08927089720964432 0.35451599955558777 -3.1809499263763428
v -0.09268113970756531 0.36810070276260376 -3.3607757091522217
v -0.09268113970756531 0.36810070276260376 -3.3607757091522217
v -0.12237677723169327 0.36806443333625793 -3.36021089553833
v -0.11783400177955627 0.3544819951057434 -3.1804099082946777
v -0.11782699823379517 0.3829689919948578 -3.178260087966919
v -0.12236981093883514 0.3976812958717346 -3.3579719066619873
v -0.09267376363277435 0.3977169394493103 -3.358536958694458
v -0.09267376363277435 0.3977169394493103 -3.358536958694458
v -0.0892639011144638 0.38300299644470215 -3.178800106048584
v -0.11782699823379517 0.3829689919948578 -3.178260087966919
v -0.11783699691295624 0.38355201482772827 -3.17861008644104
v -0.11782699823379517 0.41202500462532043 -3.176270008087158
v -0.08926379680633545 0.4120590090751648 -3.1768100261688232
v -0.08926379680633545 0.4120590090751648 -3.1768100261688232
v -0.089274100959301 0.38358598947525024 -3.179140090942383
v -0.11783699691295624 0.38355201482772827 -3.17861008644104
v -0.12289774417877197 0.39994165301322937 -3.3788113594055176
v -0.12288666516542435 0.4296726584434509 -3.3763644695281982
v -0.09306184947490692 0.4297075867652893 -3.376932144165039
v -0.09306184947490692 0.4297075867652893 -3.376932144165039
v -0.09307272732257843 0.39997750520706177 -3.379369020462036
v -0.12289774417877197 0.39994165301322937 -3.3788113594055176
v -0.12289774417877197 0.39994165301322937 -3.3788113594055176
v -0.12288666516542435 0.4296726584434509 -3.3763644695281982
v -0.11782699823379517 0.41202500462532043 -3.176270008087158
v -0.11782699823379517 0.41202500462532043 -3.176270008087158
v -0.11783699691295624 0.38355201482772827 -3.17861008644104
v -0.12289774417877197 0.39994165301322937 -3.3788113594055176
v -0.09307272732257843 0.39997750520706177 -3.379369020462036
v -0.09306184947490692 0.4297075867652893 -3.376932144165039
v -0.08926379680633545 0.4120590090751648 -3.1768100261688232
v -0.08926379680633545 0.4120590090751648 -3.1768100261688232
v -0.089274100959301 0.38358598947525024 -3.179140090942383
v -0.09307272732257843 0.39997750520706177 -3.379369020462036
v -0.11783699691295624 0.38355201482772827 -3.17861008644104
v -0.089274100959301 0.38358598947525024 -3.179140090942383
v -0.09307272732257843 0.39997750520706177 -3.379369020462036
v -0.09307272732257843 0.39997750520706177 -3.379369020462036
v -0.12289774417877197 0.39994165301322937 -3.3788113594055176
v -0.11783699691295624 0.38355201482772827 -3.17861008644104
v -0.11782699823379517 0.41202500462532043 -3.176270008087158
v -0.12288666516542435 0.4296726584434509 -3.3763644695281982
v -0.09306184947490692 0.4297075867652893 -3.376932144165039
v -0.09306184947490692 0.4297075867652893 -3.376932144165039
v -0.08926379680633545 0.4120590090751648 -3.1768100261688232
v -0.11782699823379517 0.41202500462532043 -3.176270008087158
v -0.1178399994969368 0.4126279950141907 -3.1768100261688232
v -0.11782699823379517 0.44108501076698303 -3.174299955368042
v -0.08926369994878769 0.441118985414505 -3.174839973449707
v -0.08926369994878769 0.441118985414505 -3.174839973449707
v -0.08927740156650543 0.41266098618507385 -3.1773500442504883
v -0.1178399994969368 0.4126279950141907 -3.1768100261688232
v -0.12192755192518234 0.42688170075416565 -3.338430881500244
v -0.12191315740346909 0.4563547968864441 -3.3358283042907715
v -0.09233101457357407 0.45639029145240784 -3.336390495300293
v -0.09233101457357407 0.45639029145240784 -3.336390495300293
v -0.09234531223773956 0.42691758275032043 -3.3389933109283447
v -0.12192755192518234 0.42688170075416565 -3.338430881500244
v -0.12192755192518234 0.42688170075416565 -3.338430881500244
v -0.12191315740346909 0.4563547968864441 -3.3358283042907715
v -0.11782699823379517 0.44108501076698303 -3.174299955368042
v -0.11782699823379517 0.44108501076698303 -3.174299955368042
v -0.1178399994969368 0.4126279950141907 -3.1768100261688232
v -0.12192755192518234 0.42688170075416565 -3.338430881500244
v -0.09234531223773956 0.42691758275032043 -3.3389933109283447
v -0.09233101457357407 0.45639029145240784 -3.336390495300293
v -0.08926369994878769 0.441118985414505 -3.174839973449707
v -0.08926369994878769 0.441118985414505 -3.174839973449707
v -0.08927740156650543 0.41266098618507385 -3.1773500442504883
v -0.09234531223773956 0.42691758275032043 -3.3389933109283447
v -0.1178399994969368 0.4126279950141907 -3.1768100261688232
v -0.08927740156650543 0.41266098618507385 -3.1773500442504883
v -0.09234531223773956 0.42691758275032043 -3.3389933109283447
v -0.09234531223773956 0.42691758275032043 -3.3389933109283447
v -0.12192755192518234 0.42688170075416565 -3.338430881500244
v -0.1178399994969368 0.4126279950141907 -3.1768100261688232
v -0.11782699823379517 0.44108501076698303 -3.174299955368042
v -0.12191315740346909 0.4563547968864441 -3.3358283042907715
v -0.09233101457357407 0.45639029145240784 -3.336390495300293
v -0.09233101457357407 0.45639029145240784 -3.336390495300293
v -0.08926369994878769 0.441118985414505 -3.174839973449707
v -0.11782699823379517 0.44108501076698303 -3.174299955368042
v -0.11781000345945358 0.5934320092201233 -3.1930699348449707
v -0.11781000345945358 0.6217749714851379 -3.1894900798797607
v -0.08924700319766998 0.6218429803848267 -3.190030097961426
v -0.08924700319766998 0.6218429803848267 -3.190030097961426
v -0.08924750238656998 0.593500018119812 -3.1936099529266357
v -0.11781000345945358 0.5934320092201233 -3.1930699348449707
v -0.12041359394788742 0.606325089931488 -3.2951369285583496
v -0.1204131543636322 0.6353095173835754 -3.291473865509033
v -0.09120393544435501 0.6353784799575806 -3.2920281887054443
v -0.09120393544435501 0.6353784799575806 -3.2920281887054443
v -0.09120454639196396 0.6063950657844543 -3.2956910133361816
v -0.12041359394788742 0.606325089931488 -3.2951369285583496
v -0.12041359394788742 0.606325089931488 -3.2951369285583496
v -0.1204131543636322 0.6353095173835754 -3.291473865509033
v -0.11781000345945358 0.6217749714851379 -3.1894900798797607
v -0.11781000345945358 0.6217749714851379 -3.1894900798797607
v -0.11781000345945358 0.5934320092201233 -3.1930699348449707
v -0.12041359394788742 0.606325089931488 -3.2951369285583496
v -0.09120454639196396 0.6063950657844543 -3.2956910133361816
v -0.09120393544435501 0.6353784799575806 -3.2920281887054443
v -0.08924700319766998 0.6218429803848267 -3.190030097961426
v -0.08924700319766998 0.6218429803848267 -3.190030097961426
v -0.08924750238656998 0.593500018119812 -3.1936099529266357
v -0.09120454639196396 0.6063950657844543 -3.2956910133361816
v -0.11781000345945358 0.5934320092201233 -3.1930699348449707
v -0.08924750238656998 0.593500018119812 -3.1936099529266357
v -0.09120454639196396 0.6063950657844543 -3.2956910133361816
v -0.09120454639196396 0.6063950657844543 -3.2956910133361816
v -0.12041359394788742 0.606325089931488 -3.2951369285583496
v -0.11781000345945358 0.5934320092201233 -3.1930699348449707
v -0.11781000345945358 0.6217749714851379 -3.1894900798797607
v -0.1204131543636322 0.6353095173835754 -3.291473865509033
v -0.09120393544435501 0.6353784799575806 -3.2920281887054443
v -0.09120393544435501 0.6353784799575806 -3.2920281887054443
v -0.08924700319766998 0.6218429803848267 -3.190030097961426
v -0.11781000345945358 0.6217749714851379 -3.1894900798797607
v -0.11779899895191193 0.74310302734375 -3.197540044784546
v -0.11779800057411194 0.7713199853897095 -3.193079948425293
v -0.08923490345478058 0.7714040279388428 -3.1936099529266357
v -0.08923490345478058 0.7714040279388428 -3.1936099529266357
v -0.08923599869012833 0.7431870102882385 -3.198080062866211
v -0.11779899895191193 0.74310302734375 -3.197540044784546
v -0.11867430806159973 0.7484975457191467 -3.2316036224365234
v -0.11867330968379974 0.7769286036491394 -3.22710919380188
v -0.08989357948303223 0.7770132422447205 -3.2276439666748047
v -0.08989357948303223 0.7770132422447205 -3.2276439666748047
v -0.08989469707012177 0.7485823631286621 -3.2321484088897705
v -0.11867430806159973 0.7484975457191467 -3.2316036224365234
v -0.11867430806159973 0.7484975457191467 -3.2316036224365234
v -0.11867330968379974 0.7769286036491394 -3.22710919380188
v -0.11779800057411194 0.7713199853897095 -3.193079948425293
v -0.11779800057411194 0.7713199853897095 -3.193079948425293
v -0.11779899895191193 0.74310302734375 -3.197540044784546
v -0.11867430806159973 0.7484975457191467 -3.2316036224365234
v -0.08989469707012177 0.7485823631286621 -3.2321484088897705
v -0.08989357948303223 0.7770132422447205 -3.2276439666748047
v -0.08923490345478058 0.7714040279388428 -3.1936099529266357
v -0.08923490345478058 0.7714040279388428 -3.1936099529266357
v -0.08923599869012833 0.7431870102882385 -3.198080062866211
v -0.08989469707012177 0.7485823631286621 -3.2321484088897705
v -0.11779899895191193 0.74310302734375 -3.197540044784546
v -0.08923599869012833 0.7431870102882385 -3.198080062866211
v -0.08989469707012177 0.7485823631286621 -3.2321484088897705
v -0.08989469707012177 0.7485823631286621 -3.2321484088897705
v -0.11867430806159973 0.7484975457191467 -3.2316036224365234
v -0.11779899895191193 0.74310302734375 -3.197540044784546
v -0.11779800057411194 0.7713199853897095 -3.193079948425293
v -0.11867330968379974 0.7769286036491394 -3.22710919380188
v -0.08989357948303223 0.7770132422447205 -3.2276439666748047
v -0.08989357948303223 0.7770132422447205 -3.2276439666748047
v -0.08923490345478058 0.7714040279388428 -3.1936099529266357
v -0.11779800057411194 0.7713199853897095 -3.193079948425293
v -0.11780299991369247 0.8006309866905212 -3.188460111618042
v -0.11779599636793137 0.8287889957427979 -3.1836400032043457
v -0.08923269808292389 0.8288729786872864 -3.1841800212860107
v -0.08923269808292389 0.8288729786872864 -3.1841800212860107
v -0.08924049884080887 0.8007150292396545 -3.188999891281128
v -0.11780299991369247 0.8006309866905212 -3.188460111618042
v -0.12246484309434891 0.831640362739563 -3.3695051670074463
v -0.12245705723762512 0.860936164855957 -3.3644864559173584
v -0.09274038672447205 0.8610250353813171 -3.365051746368408
v -0.09274038672447205 0.8610250353813171 -3.365051746368408
v -0.09274856746196747 0.8317291140556335 -3.370070219039917
v -0.12246484309434891 0.831640362739563 -3.3695051670074463
v -0.12246484309434891 0.831640362739563 -3.3695051670074463
v -0.12245705723762512 0.860936164855957 -3.3644864559173584
v -0.11779599636793137 0.8287889957427979 -3.1836400032043457
v -0.11779599636793137 0.8287889957427979 -3.1836400032043457
v -0.11780299991369247 0.8006309866905212 -3.188460111618042
v -0.12246484309434891 0.831640362739563 -3.3695051670074463
v -0.09274856746196747 0.8317291140556335 -3.370070219039917
v -0.09274038672447205 0.8610250353813171 -3.365051746368408
v -0.08923269808292389 0.8288729786872864 -3.1841800212860107
v -0.08923269808292389 0.8288729786872864 -3.1841800212860107
v -0.08924049884080887 0.8007150292396545 -3.188999891281128
v -0.09274856746196747 0.8317291140556335 -3.370070219039917
v -0.11780299991369247 0.8006309866905212 -3.188460111618042
v -0.08924049884080887 0.8007150292396545 -3.188999891281128
v -0.09274856746196747 0.8317291140556335 -3.370070219039917
v -0.09274856746196747 0.8317291140556335 -3.370070219039917
v -0.12246484309434891 0.831640362739563 -3.3695051670074463
v -0.11780299991369247 0.8006309866905212 -3.188460111618042
v -0.11779599636793137 0.8287889957427979 -3.1836400032043457
v -0.12245705723762512 0.860936164855957 -3.3644864559173584
v -0.09274038672447205 0.8610250353813171 -3.365051746368408
v -0.09274038672447205 0.8610250353813171 -3.365051746368408
v -0.08923269808292389 0.8288729786872864 -3.1841800212860107
v -0.11779599636793137 0.8287889957427979 -3.1836400032043457
v -0.06013830006122589 -0.3830009996891022 -3.178770065307617
v -0.08870399743318558 -0.38297900557518005 -3.178410053253174
v -0.08870860189199448 -0.3544920086860657 -3.1805601119995117
v -0.08870860189199448 -0.3544920086860657 -3.1805601119995117
v -0.06014290079474449 -0.3545140027999878 -3.180919885635376
v -0.06013830006122589 -0.3830009996891022 -3.178770065307617
v -0.06847704201936722 -0.4369077682495117 -3.837249994277954
v -0.10119238495826721 -0.43687689304351807 -3.836825132369995
v -0.10119806230068207 -0.40425342321395874 -3.8393006324768066
v -0.10119806230068207 -0.40425342321395874 -3.8393006324768066
v -0.06848219037055969 -0.4042818248271942 -3.8397257328033447
v -0.06847704201936722 -0.4369077682495117 -3.837249994277954
v -0.06847704201936722 -0.4369077682495117 -3.837249994277954
v -0.10119238495826721 -0.43687689304351807 -3.836825132369995
v -0.08870399743318558 -0.38297900557518005 -3.178410053253174
v -0.08870399743318558 -0.38297900557518005 -3.178410053253174
v -0.06013830006122589 -0.3830009996891022 -3.178770065307617
v -0.06847704201936722 -0.4369077682495117 -3.837249994277954
v -0.06848219037055969 -0.4042818248271942 -3.8397257328033447
v -0.10119806230068207 -0.40425342321395874 -3.8393006324768066
v -0.08870860189199448 -0.3544920086860657 -3.1805601119995117
v -0.08870860189199448 -0.3544920086860657 -3.1805601119995117
v -0.06014290079474449 -0.3545140027999878 -3.180919885635376
v -0.06848219037055969 -0.4042818248271942 -3.8397257328033447
v -0.06013830006122589 -0.3830009996891022 -3.178770065307617
v -0.06014290079474449 -0.3545140027999878 -3.180919885635376
v -0.06848219037055969 -0.4042818248271942 -3.8397257328033447
v -0.06848219037055969 -0.4042818248271942 -3.8397257328033447
v -0.06847704201936722 -0.4369077682495117 -3.837249994277954
v -0.06013830006122589 -0.3830009996891022 -3.178770065307617
v -0.08870399743318558 -0.38297900557518005 -3.178410053253174
v -0.10119238495826721 -0.43687689304351807 -3.836825132369995
v -0.10119806230068207 -0.40425342321395874 -3.8393006324768066
v -0.10119806230068207 -0.40425342321395874 -3.8393006324768066
v -0.08870860189199448 -0.3544920086860657 -3.1805601119995117
v -0.08870399743318558 -0.38297900557518005 -3.178410053253174
v -0.08870860189199448 0.3544920086860657 -3.1805601119995117
v -0.08870399743318558 0.38297900557518005 -3.178410053253174
v -0.06013830006122589 0.3830009996891022 -3.178770065307617
v -0.06013830006122589 0.3830009996891022 -3.178770065307617
v -0.06014290079474449 0.3545140027999878 -3.180919885635376
v -0.08870860189199448 0.3544920086860657 -3.1805601119995117
v -0.09199712425470352 0.3675943613052368 -3.354008913040161
v -0.09199223667383194 0.3971705138683319 -3.351773262023926
v -0.06233392283320427 0.39719486236572266 -3.3521502017974854
v -0.06233392283320427 0.39719486236572266 -3.3521502017974854
v -0.06233866512775421 0.36761805415153503 -3.3543860912323
v -0.09199712425470352 0.3675943613052368 -3.354008913040161
v -0.09199712425470352 0.3675943613052368 -3.354008913040161
v -0.09199223667383194 0.3971705138683319 -3.351773262023926
v -0.08870399743318558 0.38297900557518005 -3.178410053253174
v -0.08870399743318558 0.38297900557518005 -3.178410053253174
v -0.08870860189199448 0.3544920086860657 -3.1805601119995117
v -0.09199712425470352 0.3675943613052368 -3.354008913040161
v -0.06233866512775421 0.36761805415153503 -3.3543860912323
v -0.06233392283320427 0.39719486236572266 -3.3521502017974854
v -0.06013830006122589 0.3830009996891022 -3.178770065307617
v -0.06013830006122589 0.3830009996891022 -3.178770065307617
v -0.06014290079474449 0.3545140027999878 -3.180919885635376
v -0.06233866512775421 0.36761805415153503 -3.3543860912323
v -0.08870860189199448 0.3544920086860657 -3.1805601119995117
v -0.06014290079474449 0.3545140027999878 -3.180919885635376
v -0.06233866512775421 0.36761805415153503 -3.3543860912323
v -0.06233866512775421 0.36761805415153503 -3.3543860912323
v -0.09199712425470352 0.3675943613052368 -3.354008913040161
v -0.08870860189199448 0.3544920086860657 -3.1805601119995117
v -0.08870399743318558 0.38297900557518005 -3.178410053253174
v -0.09199223667383194 0.3971705138683319 -3.351773262023926
v -0.06233392283320427 0.39719486236572266 -3.3521502017974854
v -0.06233392283320427 0.39719486236572266 -3.3521502017974854
v -0.06013830006122589 0.3830009996891022 -3.178770065307617
v -0.08870399743318558 0.38297900557518005 -3.178410053253174
v -0.08867830038070679 0.8006550073623657 -3.188620090484619
v -0.08867260068655014 0.8288130164146423 -3.183799982070923
v -0.060107000172138214 0.8288689851760864 -3.184159994125366
v -0.060107000172138214 0.8288689851760864 -3.184159994125366
v -0.0601125992834568 0.8007109761238098 -3.1889801025390625
v -0.08867830038070679 0.8006550073623657 -3.188620090484619
v -0.08997323364019394 0.812105655670166 -3.2554757595062256
v -0.08996748179197311 0.8406838178634644 -3.250582456588745
v -0.060975730419158936 0.8407407999038696 -3.2509491443634033
v -0.060975730419158936 0.8407407999038696 -3.2509491443634033
v -0.06098148599267006 0.812163233757019 -3.255842447280884
v -0.08997323364019394 0.812105655670166 -3.2554757595062256
v -0.08997323364019394 0.812105655670166 -3.2554757595062256
v -0.08996748179197311 0.8406838178634644 -3.250582456588745
v -0.08867260068655014 0.8288130164146423 -3.183799982070923
v -0.08867260068655014 0.8288130164146423 -3.183799982070923
v -0.08867830038070679 0.8006550073623657 -3.188620090484619
v -0.08997323364019394 0.812105655670166 -3.2554757595062256
v -0.06098148599267006 0.812163233757019 -3.255842447280884
v -0.060975730419158936 0.8407407999038696 -3.2509491443634033
v -0.060107000172138214 0.8288689851760864 -3.184159994125366
v -0.060107000172138214 0.8288689851760864 -3.184159994125366
v -0.0601125992834568 0.8007109761238098 -3.1889801025390625
v -0.06098148599267006 0.812163233757019 -3.255842447280884
v -0.08867830038070679 0.8006550073623657 -3.188620090484619
v -0.0601125992834568 0.8007109761238098 -3.1889801025390625
v -0.06098148599267006 0.812163233757019 -3.255842447280884
v -0.06098148599267006 0.812163233757019 -3.255842447280884
v -0.08997323364019394 0.812105655670166 -3.2554757595062256
v -0.08867830038070679 0.8006550073623657 -3.188620090484619
v -0.08867260068655014 0.8288130164146423 -3.183799982070923
v -0.08996748179197311 0.8406838178634644 -3.250582456588745
v -0.060975730419158936 0.8407407999038696 -3.2509491443634033
v -0.060975730419158936 0.8407407999038696 -3.2509491443634033
v -0.060107000172138214 0.8288689851760864 -3.184159994125366
v -0.08867260068655014 0.8288130164146423 -3.183799982070923
v -0.08867940306663513 0.8294259905815125 -3.1840898990631104
v -0.0886714980006218 0.8575530052185059 -3.1790900230407715
v -0.06010580062866211 0.85760897397995 -3.179450035095215
v -0.06010580062866211 0.85760897397995 -3.179450035095215
v -0.06011379882693291 0.8294820189476013 -3.1844499111175537
v -0.08867940306663513 0.8294259905815125 -3.1840898990631104
v -0.08944859355688095 0.8364775776863098 -3.2237606048583984
v -0.08944059908390045 0.8648536801338196 -3.2187154293060303
v -0.060621801763772964 0.8649106025695801 -3.2190794944763184
v -0.060621801763772964 0.8649106025695801 -3.2190794944763184
v -0.060629867017269135 0.8365341424942017 -3.2241244316101074
v -0.08944859355688095 0.8364775776863098 -3.2237606048583984
v -0.08944859355688095 0.8364775776863098 -3.2237606048583984
v -0.08944059908390045 0.8648536801338196 -3.2187154293060303
v -0.0886714980006218 0.8575530052185059 -3.1790900230407715
v -0.0886714980006218 0.8575530052185059 -3.1790900230407715
v -0.08867940306663513 0.8294259905815125 -3.1840898990631104
v -0.08944859355688095 0.8364775776863098 -3.2237606048583984
v -0.060629867017269135 0.8365341424942017 -3.2241244316101074
v -0.060621801763772964 0.8649106025695801 -3.2190794944763184
v -0.06010580062866211 0.85760897397995 -3.179450035095215
v -0.06010580062866211 0.85760897397995 -3.179450035095215
v -0.06011379882693291 0.8294820189476013 -3.1844499111175537
v -0.060629867017269135 0.8365341424942017 -3.2241244316101074
v -0.08867940306663513 0.8294259905815125 -3.1840898990631104
v -0.06011379882693291 0.8294820189476013 -3.1844499111175537
v -0.060629867017269135 0.8365341424942017 -3.2241244316101074
v -0.060629867017269135 0.8365341424942017 -3.2241244316101074
v -0.08944859355688095 0.8364775776863098 -3.2237606048583984
v -0.08867940306663513 0.8294259905815125 -3.1840898990631104
v -0.0886714980006218 0.8575530052185059 -3.1790900230407715
v -0.08944059908390045 0.8648536801338196 -3.2187154293060303
v -0.060621801763772964 0.8649106025695801 -3.2190794944763184
v -0.060621801763772964 0.8649106025695801 -3.2190794944763184
v -0.06010580062866211 0.85760897397995 -3.179450035095215
v -0.0886714980006218 0.8575530052185059 -3.1790900230407715
v -0.031016599386930466 -0.382999986410141 -3.178760051727295
v -0.05958399921655655 -0.38298898935317993 -3.178570032119751
v -0.05958639830350876 -0.35450199246406555 -3.180730104446411
v -0.05958639830350876 -0.35450199246406555 -3.180730104446411
v -0.031019000336527824 -0.3545129895210266 -3.180910110473633
v -0.031016599386930466 -0.382999986410141 -3.178760051727295
v -0.03209543600678444 -0.3968929648399353 -3.3484725952148438
v -0.06173241138458252 -0.3968811333179474 -3.3482725620269775
v -0.06173497065901756 -0.36732807755470276 -3.3505165576934814
v -0.06173497065901756 -0.36732807755470276 -3.3505165576934814
v -0.03209790587425232 -0.36733928322792053 -3.3507065773010254
v -0.03209543600678444 -0.3968929648399353 -3.3484725952148438
v -0.03209543600678444 -0.3968929648399353 -3.3484725952148438
v -0.06173241138458252 -0.3968811333179474 -3.3482725620269775
v -0.05958399921655655 -0.38298898935317993 -3.178570032119751
v -0.05958399921655655 -0.38298898935317993 -3.178570032119751
v -0.031016599386930466 -0.382999986410141 -3.178760051727295
v -0.03209543600678444 -0.3968929648399353 -3.3484725952148438
v -0.03209790587425232 -0.36733928322792053 -3.3507065773010254
v -0.06173497065901756 -0.36732807755470276 -3.3505165576934814
v -0.05958639830350876 -0.35450199246406555 -3.180730104446411
v -0.05958639830350876 -0.35450199246406555 -3.180730104446411
v -0.031019000336527824 -0.3545129895210266 -3.180910110473633
v -0.03209790587425232 -0.36733928322792053 -3.3507065773010254
v -0.031016599386930466 -0.382999986410141 -3.178760051727295
v -0.031019000336527824 -0.3545129895210266 -3.180910110473633
v -0.03209790587425232 -0.36733928322792053 -3.3507065773010254
v -0.03209790587425232 -0.36733928322792053 -3.3507065773010254
v -0.03209543600678444 -0.3968929648399353 -3.3484725952148438
v -0.031016599386930466 -0.382999986410141 -3.178760051727295
v -0.05958399921655655 -0.38298898935317993 -3.178570032119751
v -0.06173241138458252 -0.3968811333179474 -3.3482725620269775
v -0.06173497065901756 -0.36732807755470276 -3.3505165576934814
v -0.06173497065901756 -0.36732807755470276 -3.3505165576934814
v -0.05958639830350876 -0.35450199246406555 -3.180730104446411
v -0.05958399921655655 -0.38298898935317993 -3.178570032119751
v -0.05958639830350876 0.35450199246406555 -3.180730104446411
v -0.05958399921655655 0.38298898935317993 -3.178570032119751
v -0.031016599386930466 0.382999986410141 -3.178760051727295
v -0.031016599386930466 0.382999986410141 -3.178760051727295
v -0.031019000336527824 0.3545129895210266 -3.180910110473633
v -0.05958639830350876 0.35450199246406555 -3.180730104446411
v -0.061335910111665726 0.3649458587169647 -3.318981409072876
v -0.06133338063955307 0.3943009078502655 -3.3167531490325928
v -0.03189506009221077 0.3943125903606415 -3.3169515132904053
v -0.03189506009221077 0.3943125903606415 -3.3169515132904053
v -0.031897518783807755 0.3649570047855377 -3.319169759750366
v -0.061335910111665726 0.3649458587169647 -3.318981409072876
v -0.061335910111665726 0.3649458587169647 -3.318981409072876
v -0.06133338063955307 0.3943009078502655 -3.3167531490325928
v -0.05958399921655655 0.38298898935317993 -3.178570032119751
v -0.05958399921655655 0.38298898935317993 -3.178570032119751
v -0.05958639830350876 0.35450199246406555 -3.180730104446411
v -0.061335910111665726 0.3649458587169647 -3.318981409072876
v -0.031897518783807755 0.3649570047855377 -3.319169759750366
v -0.03189506009221077 0.3943125903606415 -3.3169515132904053
v -0.031016599386930466 0.382999986410141 -3.178760051727295
v -0.031016599386930466 0.382999986410141 -3.178760051727295
v -0.031019000336527824 0.3545129895210266 -3.180910110473633
v -0.031897518783807755 0.3649570047855377 -3.319169759750366
v -0.05958639830350876 0.35450199246406555 -3.180730104446411
v -0.031019000336527824 0.3545129895210266 -3.180910110473633
v -0.031897518783807755 0.3649570047855377 -3.319169759750366
v -0.031897518783807755 0.3649570047855377 -3.319169759750366
v -0.061335910111665726 0.3649458587169647 -3.318981409072876
v -0.05958639830350876 0.35450199246406555 -3.180730104446411
v -0.05958399921655655 0.38298898935317993 -3.178570032119751
v -0.06133338063955307 0.3943009078502655 -3.3167531490325928
v -0.03189506009221077 0.3943125903606415 -3.3169515132904053
v -0.03189506009221077 0.3943125903606415 -3.3169515132904053
v -0.031016599386930466 0.382999986410141 -3.178760051727295
v -0.05958399921655655 0.38298898935317993 -3.178570032119751
v -0.030465999618172646 0.32544800639152527 -3.1827099323272705
v -0.030465900897979736 0.3539470136165619 -3.1807401180267334
v -0.0018979300512000918 0.3539470136165619 -3.1807401180267334
v -0.0018979300512000918 0.3539470136165619 -3.1807401180267334
v -0.0018979900050908327 0.32544800639152527 -3.1827099323272705
v -0.030465999618172646 0.32544800639152527 -3.1827099323272705
v -0.031123414635658264 0.33261772990226746 -3.2862915992736816
v -0.031123362481594086 0.3617680072784424 -3.2842745780944824
v -0.001903145108371973 0.3617681860923767 -3.2842767238616943
v -0.001903145108371973 0.3617681860923767 -3.2842767238616943
v -0.001903205062262714 0.3326178789138794 -3.2862937450408936
v -0.031123414635658264 0.33261772990226746 -3.2862915992736816
v -0.031123414635658264 0.33261772990226746 -3.2862915992736816
v -0.031123362481594086 0.3617680072784424 -3.2842745780944824
v -0.030465900897979736 0.3539470136165619 -3.1807401180267334
v -0.030465900897979736 0.3539470136165619 -3.1807401180267334
v -0.030465999618172646 0.32544800639152527 -3.1827099323272705
v -0.031123414635658264 0.33261772990226746 -3.2862915992736816
v -0.001903205062262714 0.3326178789138794 -3.2862937450408936
v -0.001903145108371973 0.3617681860923767 -3.2842767238616943
v -0.0018979300512000918 0.3539470136165619 -3.1807401180267334
v -0.0018979300512000918 0.3539470136165619 -3.1807401180267334
v -0.0018979900050908327 0.32544800639152527 -3.1827099323272705
v -0.001903205062262714 0.3326178789138794 -3.2862937450408936
v -0.030465999618172646 0.32544800639152527 -3.1827099323272705
v -0.0018979900050908327 0.32544800639152527 -3.1827099323272705
v -0.001903205062262714 0.3326178789138794 -3.2862937450408936
v -0.001903205062262714 0.3326178789138794 -3.2862937450408936
v -0.031123414635658264 0.33261772990226746 -3.2862915992736816
v -0.030465999618172646 0.32544800639152527 -3.1827099323272705
v -0.030465900897979736 0.3539470136165619 -3.1807401180267334
v -0.031123362481594086 0.3617680072784424 -3.2842745780944824
v -0.001903145108371973 0.3617681860923767 -3.2842767238616943
v -0.001903145108371973 0.3617681860923767 -3.2842767238616943
v -0.0018979300512000918 0.3539470136165619 -3.1807401180267334
v -0.030465900897979736 0.3539470136165619 -3.1807401180267334
v 0.0595770999789238 -0.44459599256515503 -3.18887996673584
v 0.05957679823040962 -0.4730370044708252 -3.186199903488159
v 0.031009400263428688 -0.4730539917945862 -3.186379909515381
v 0.031009400263428688 -0.4730539917945862 -3.186379909515381
v 0.031009700149297714 -0.4446130096912384 -3.189069986343384
v 0.0595770999789238 -0.44459599256515503 -3.18887996673584
v 0.060715436935424805 -0.45305365324020386 -3.2783591747283936
v 0.06071511283516884 -0.4820566475391388 -3.2756242752075195
v 0.03158310055732727 -0.48207417130470276 -3.2758095264434814
v 0.03158310055732727 -0.48207417130470276 -3.2758095264434814
v 0.03158343583345413 -0.45307156443595886 -3.2785544395446777
v 0.060715436935424805 -0.45305365324020386 -3.2783591747283936
v 0.060715436935424805 -0.45305365324020386 -3.2783591747283936
v 0.06071511283516884 -0.4820566475391388 -3.2756242752075195
v 0.05957679823040962 -0.4730370044708252 -3.186199903488159
v 0.05957679823040962 -0.4730370044708252 -3.186199903488159
v 0.0595770999789238 -0.44459599256515503 -3.18887996673584
v 0.060715436935424805 -0.45305365324020386 -3.2783591747283936
v 0.03158343583345413 -0.45307156443595886 -3.2785544395446777
v 0.03158310055732727 -0.48207417130470276 -3.2758095264434814
v 0.031009400263428688 -0.4730539917945862 -3.186379909515381
v 0.031009400263428688 -0.4730539917945862 -3.186379909515381
v 0.031009700149297714 -0.4446130096912384 -3.189069986343384
v 0.03158343583345413 -0.45307156443595886 -3.2785544395446777
v 0.0595770999789238 -0.44459599256515503 -3.18887996673584
v 0.031009700149297714 -0.4446130096912384 -3.189069986343384
v 0.03158343583345413 -0.45307156443595886 -3.2785544395446777
v 0.03158343583345413 -0.45307156443595886 -3.2785544395446777
v 0.060715436935424805 -0.45305365324020386 -3.2783591747283936
v 0.0595770999789238 -0.44459599256515503 -3.18887996673584
v 0.05957679823040962 -0.4730370044708252 -3.186199903488159
v 0.06071511283516884 -0.4820566475391388 -3.2756242752075195
v 0.03158310055732727 -0.48207417130470276 -3.2758095264434814
v 0.03158310055732727 -0.48207417130470276 -3.2758095264434814
v 0.031009400263428688 -0.4730539917945862 -3.186379909515381
v 0.05957679823040962 -0.4730370044708252 -3.186199903488159
v 0.05958539992570877 -0.3254370093345642 -3.182539939880371
v 0.059584200382232666 -0.3539370000362396 -3.180569887161255
v 0.031016800552606583 -0.3539479970932007 -3.1807498931884766
v 0.031016800552606583 -0.3539479970932007 -3.1807498931884766
v 0.03101789951324463 -0.32544800639152527 -3.1827199459075928
v 0.05958539992570877 -0.3254370093345642 -3.182539939880371
v 0.0609959214925766 -0.3331565260887146 -3.2940545082092285
v 0.060994721949100494 -0.3623567521572113 -3.2920336723327637
v 0.031725093722343445 -0.3623683750629425 -3.2922203540802
v 0.031725093722343445 -0.3623683750629425 -3.2922203540802
v 0.03172624483704567 -0.3331676423549652 -3.294241189956665
v 0.0609959214925766 -0.3331565260887146 -3.2940545082092285
v 0.0609959214925766 -0.3331565260887146 -3.2940545082092285
v 0.060994721949100494 -0.3623567521572113 -3.2920336723327637
v 0.059584200382232666 -0.3539370000362396 -3.180569887161255
v 0.059584200382232666 -0.3539370000362396 -3.180569887161255
v 0.05958539992570877 -0.3254370093345642 -3.182539939880371
v 0.0609959214925766 -0.3331565260887146 -3.2940545082092285
v 0.03172624483704567 -0.3331676423549652 -3.294241189956665
v 0.031725093722343445 -0.3623683750629425 -3.2922203540802
v 0.031016800552606583 -0.3539479970932007 -3.1807498931884766
v 0.031016800552606583 -0.3539479970932007 -3.1807498931884766
v 0.03101789951324463 -0.32544800639152527 -3.1827199459075928
v 0.03172624483704567 -0.3331676423549652 -3.294241189956665
v 0.05958539992570877 -0.3254370093345642 -3.182539939880371
v 0.03101789951324463 -0.32544800639152527 -3.1827199459075928
v 0.03172624483704567 -0.3331676423549652 -3.294241189956665
v 0.03172624483704567 -0.3331676423549652 -3.294241189956665
v 0.0609959214925766 -0.3331565260887146 -3.2940545082092285
v 0.05958539992570877 -0.3254370093345642 -3.182539939880371
v 0.059584200382232666 -0.3539370000362396 -3.180569887161255
v 0.060994721949100494 -0.3623567521572113 -3.2920336723327637
v 0.031725093722343445 -0.3623683750629425 -3.2922203540802
v 0.031725093722343445 -0.3623683750629425 -3.2922203540802
v 0.031016800552606583 -0.3539479970932007 -3.1807498931884766
v 0.059584200382232666 -0.3539370000362396 -3.180569887161255
v 0.031009400263428688 0.4730539917945862 -3.186379909515381
v 0.05957679823040962 0.4730370044708252 -3.186199903488159
v 0.0595770999789238 0.44459599256515503 -3.18887996673584
v 0.0595770999789238 0.44459599256515503 -3.18887996673584
v 0.031009700149297714 0.4446130096912384 -3.189069986343384
v 0.031009400263428688 0.4730539917945862 -3.186379909515381
v 0.03218277543783188 0.4915027916431427 -3.369288682937622
v 0.061904970556497574 0.49148470163345337 -3.3690977096557617
v 0.06190531700849533 0.4618942439556122 -3.371890068054199
v 0.06190531700849533 0.4618942439556122 -3.371890068054199
v 0.03218315169215202 0.4619131088256836 -3.3720908164978027
v 0.03218277543783188 0.4915027916431427 -3.369288682937622
v 0.03218277543783188 0.4915027916431427 -3.369288682937622
v 0.061904970556497574 0.49148470163345337 -3.3690977096557617
v 0.05957679823040962 0.4730370044708252 -3.186199903488159
v 0.05957679823040962 0.4730370044708252 -3.186199903488159
v 0.031009400263428688 0.4730539917945862 -3.186379909515381
v 0.03218277543783188 0.4915027916431427 -3.369288682937622
v 0.03218315169215202 0.4619131088256836 -3.3720908164978027
v 0.06190531700849533 0.4618942439556122 -3.371890068054199
v 0.0595770999789238 0.44459599256515503 -3.18887996673584
v 0.0595770999789238 0.44459599256515503 -3.18887996673584
v 0.031009700149297714 0.4446130096912384 -3.189069986343384
v 0.03218315169215202 0.4619131088256836 -3.3720908164978027
v 0.031009400263428688 0.4730539917945862 -3.186379909515381
v 0.031009700149297714 0.4446130096912384 -3.189069986343384
v 0.03218315169215202 0.4619131088256836 -3.3720908164978027
v 0.03218315169215202 0.4619131088256836 -3.3720908164978027
v 0.03218277543783188 0.4915027916431427 -3.369288682937622
v 0.031009400263428688 0.4730539917945862 -3.186379909515381
v 0.05957679823040962 0.4730370044708252 -3.186199903488159
v 0.061904970556497574 0.49148470163345337 -3.3690977096557617
v 0.06190531700849533 0.4618942439556122 -3.371890068054199
v 0.06190531700849533 0.4618942439556122 -3.371890068054199
v 0.0595770999789238 0.44459599256515503 -3.18887996673584
v 0.05957679823040962 0.4730370044708252 -3.186199903488159
v 0.030998999252915382 0.650704026222229 -3.1861701011657715
v 0.059566400945186615 0.6506819725036621 -3.18599009513855
v 0.05956820026040077 0.6223620176315308 -3.1897499561309814
v 0.05956820026040077 0.6223620176315308 -3.1897499561309814
v 0.03100069984793663 0.6223850250244141 -3.189929962158203
v 0.030998999252915382 0.650704026222229 -3.1861701011657715
v 0.03202660381793976 0.6726745963096619 -3.3441123962402344
v 0.06159570440649986 0.6726515293121338 -3.3439228534698486
v 0.06159763038158417 0.6433390974998474 -3.347817897796631
v 0.06159763038158417 0.6433390974998474 -3.347817897796631
v 0.032028477638959885 0.6433631777763367 -3.3480074405670166
v 0.03202660381793976 0.6726745963096619 -3.3441123962402344
v 0.03202660381793976 0.6726745963096619 -3.3441123962402344
v 0.06159570440649986 0.6726515293121338 -3.3439228534698486
v 0.059566400945186615 0.6506819725036621 -3.18599009513855
v 0.059566400945186615 0.6506819725036621 -3.18599009513855
v 0.030998999252915382 0.650704026222229 -3.1861701011657715
v 0.03202660381793976 0.6726745963096619 -3.3441123962402344
v 0.032028477638959885 0.6433631777763367 -3.3480074405670166
v 0.06159763038158417 0.6433390974998474 -3.347817897796631
v 0.05956820026040077 0.6223620176315308 -3.1897499561309814
v 0.05956820026040077 0.6223620176315308 -3.1897499561309814
v 0.03100069984793663 0.6223850250244141 -3.189929962158203
v 0.032028477638959885 0.6433631777763367 -3.3480074405670166
v 0.030998999252915382 0.650704026222229 -3.1861701011657715
v 0.03100069984793663 0.6223850250244141 -3.189929962158203
v 0.032028477638959885 0.6433631777763367 -3.3480074405670166
v 0.032028477638959885 0.6433631777763367 -3.3480074405670166
v 0.03202660381793976 0.6726745963096619 -3.3441123962402344
v 0.030998999252915382 0.650704026222229 -3.1861701011657715
v 0.059566400945186615 0.6506819725036621 -3.18599009513855
v 0.06159570440649986 0.6726515293121338 -3.3439228534698486
v 0.06159763038158417 0.6433390974998474 -3.347817897796631
v 0.06159763038158417 0.6433390974998474 -3.347817897796631
v 0.05956820026040077 0.6223620176315308 -3.1897499561309814
v 0.059566400945186615 0.6506819725036621 -3.18599009513855
v 0.08870100229978561 -0.5025650262832642 -3.183259963989258
v 0.0886961966753006 -0.5309699773788452 -3.180219888687134
v 0.06013049930334091 -0.531004011631012 -3.180579900741577
v 0.06013049930334091 -0.531004011631012 -3.180579900741577
v 0.06013530120253563 -0.5025990009307861 -3.183619976043701
v 0.08870100229978561 -0.5025650262832642 -3.183259963989258
v 0.0896543636918068 -0.5079277753829956 -3.233279228210449
v 0.08964955806732178 -0.5366472601890564 -3.2302045822143555
v 0.060767821967601776 -0.5366815328598022 -3.23056960105896
v 0.060767821967601776 -0.5366815328598022 -3.23056960105896
v 0.060772672295570374 -0.5079622864723206 -3.2336442470550537
v 0.0896543636918068 -0.5079277753829956 -3.233279228210449
v 0.0896543636918068 -0.5079277753829956 -3.233279228210449
v 0.08964955806732178 -0.5366472601890564 -3.2302045822143555
v 0.0886961966753006 -0.5309699773788452 -3.180219888687134
v 0.0886961966753006 -0.5309699773788452 -3.180219888687134
v 0.08870100229978561 -0.5025650262832642 -3.183259963989258
v 0.0896543636918068 -0.5079277753829956 -3.233279228210449
v 0.060772672295570374 -0.5079622864723206 -3.2336442470550537
v 0.060767821967601776 -0.5366815328598022 -3.23056960105896
v 0.06013049930334091 -0.531004011631012 -3.180579900741577
v 0.06013049930334091 -0.531004011631012 -3.180579900741577
v 0.06013530120253563 -0.5025990009307861 -3.183619976043701
v 0.060772672295570374 -0.5079622864723206 -3.2336442470550537
v 0.08870100229978561 -0.5025650262832642 -3.183259963989258
v 0.06013530120253563 -0.5025990009307861 -3.183619976043701
v 0.060772672295570374 -0.5079622864723206 -3.2336442470550537
v 0.060772672295570374 -0.5079622864723206 -3.2336442470550537
v 0.0896543636918068 -0.5079277753829956 -3.233279228210449
v 0.08870100229978561 -0.5025650262832642 -3.183259963989258
v 0.0886961966753006 -0.5309699773788452 -3.180219888687134
v 0.08964955806732178 -0.5366472601890564 -3.2302045822143555
v 0.060767821967601776 -0.5366815328598022 -3.23056960105896
v 0.060767821967601776 -0.5366815328598022 -3.23056960105896
v 0.06013049930334091 -0.531004011631012 -3.180579900741577
v 0.0886961966753006 -0.5309699773788452 -3.180219888687134
v 0.08924700319766998 0.6218429803848267 -3.1900200843811035
v 0.11781000345945358 0.6217749714851379 -3.1894900798797607
v 0.11781000345945358 0.5934320092201233 -3.1930699348449707
v 0.11781000345945358 0.5934320092201233 -3.1930699348449707
v 0.08924759924411774 0.593500018119812 -3.1936099529266357
v 0.08924700319766998 0.6218429803848267 -3.1900200843811035
v 0.09064601361751556 0.6315195560455322 -3.262941837310791
v 0.11967107653617859 0.6314513087272644 -3.262401580810547
v 0.11967139691114426 0.6026496887207031 -3.2660410404205322
v 0.11967139691114426 0.6026496887207031 -3.2660410404205322
v 0.09064672142267227 0.6027191281318665 -3.2665910720825195
v 0.09064601361751556 0.6315195560455322 -3.262941837310791
v 0.09064601361751556 0.6315195560455322 -3.262941837310791
v 0.11967107653617859 0.6314513087272644 -3.262401580810547
v 0.11781000345945358 0.6217749714851379 -3.1894900798797607
v 0.11781000345945358 0.6217749714851379 -3.1894900798797607
v 0.08924700319766998 0.6218429803848267 -3.1900200843811035
v 0.09064601361751556 0.6315195560455322 -3.262941837310791
v 0.09064672142267227 0.6027191281318665 -3.2665910720825195
v 0.11967139691114426 0.6026496887207031 -3.2660410404205322
v 0.11781000345945358 0.5934320092201233 -3.1930699348449707
v 0.11781000345945358 0.5934320092201233 -3.1930699348449707
v 0.08924759924411774 0.593500018119812 -3.1936099529266357
v 0.09064672142267227 0.6027191281318665 -3.2665910720825195
v 0.08924700319766998 0.6218429803848267 -3.1900200843811035
v 0.08924759924411774 0.593500018119812 -3.1936099529266357
v 0.09064672142267227 0.6027191281318665 -3.2665910720825195
v 0.09064672142267227 0.6027191281318665 -3.2665910720825195
v 0.09064601361751556 0.6315195560455322 -3.262941837310791
v 0.08924700319766998 0.6218429803848267 -3.1900200843811035
v 0.11781000345945358 0.6217749714851379 -3.1894900798797607
v 0.11967107653617859 0.6314513087272644 -3.262401580810547
v 0.11967139691114426 0.6026496887207031 -3.2660410404205322
v 0.11967139691114426 0.6026496887207031 -3.2660410404205322
v 0.11781000345945358 0.5934320092201233 -3.1930699348449707
v 0.11781000345945358 0.6217749714851379 -3.1894900798797607
v 0.14691700041294098 -0.950918972492218 -3.1909499168395996
v 0.1469070017337799 -0.9789119958877563 -3.1852500438690186
v 0.11834800243377686 -0.9790459871292114 -3.185960054397583
v 0.11834800243377686 -0.9790459871292114 -3.185960054397583
v 0.11835899949073792 -0.9510539770126343 -3.1916699409484863
v 0.14691700041294098 -0.950918972492218 -3.1909499168395996
v 0.14846830070018768 -0.9606716632843018 -3.2388038635253906
v 0.1484580785036087 -0.9889655709266663 -3.233041524887085
v 0.11959214508533478 -0.9891008734703064 -3.233760356903076
v 0.11959214508533478 -0.9891008734703064 -3.233760356903076
v 0.11960342526435852 -0.9608083963394165 -3.239532470703125
v 0.14846830070018768 -0.9606716632843018 -3.2388038635253906
v 0.14846830070018768 -0.9606716632843018 -3.2388038635253906
v 0.1484580785036087 -0.9889655709266663 -3.233041524887085
v 0.1469070017337799 -0.9789119958877563 -3.1852500438690186
v 0.1469070017337799 -0.9789119958877563 -3.1852500438690186
v 0.14691700041294098 -0.950918972492218 -3.1909499168395996
v 0.14846830070018768 -0.9606716632843018 -3.2388038635253906
v 0.11960342526435852 -0.9608083963394165 -3.239532470703125
v 0.11959214508533478 -0.9891008734703064 -3.233760356903076
v 0.11834800243377686 -0.9790459871292114 -3.185960054397583
v 0.11834800243377686 -0.9790459871292114 -3.185960054397583
v 0.11835899949073792 -0.9510539770126343 -3.1916699409484863
v 0.11960342526435852 -0.9608083963394165 -3.239532470703125
v 0.14691700041294098 -0.950918972492218 -3.1909499168395996
v 0.11835899949073792 -0.9510539770126343 -3.1916699409484863
v 0.11960342526435852 -0.9608083963394165 -3.239532470703125
v 0.11960342526435852 -0.9608083963394165 -3.239532470703125
v 0.14846830070018768 -0.9606716632843018 -3.2388038635253906
v 0.14691700041294098 -0.950918972492218 -3.1909499168395996
v 0.1469070017337799 -0.9789119958877563 -3.1852500438690186
v 0.1484580785036087 -0.9889655709266663 -3.233041524887085
v 0.11959214508533478 -0.9891008734703064 -3.233760356903076
v 0.11959214508533478 -0.9891008734703064 -3.233760356903076
v 0.11834800243377686 -0.9790459871292114 -3.185960054397583
v 0.1469070017337799 -0.9789119958877563 -3.1852500438690186
v 0.11833500117063522 1.0734800100326538 -3.200730085372925
v 0.14689399302005768 1.073330044746399 -3.2000200748443604
v 0.14689700305461884 1.04544997215271 -3.206249952316284
v 0.14689700305461884 1.04544997215271 -3.206249952316284
v 0.11833799630403519 1.0456000566482544 -3.2069599628448486
v 0.11833500117063522 1.0734800100326538 -3.200730085372925
v 0.1197163388133049 1.085585117340088 -3.2533352375030518
v 0.14861422777175903 1.0854321718215942 -3.2526159286499023
v 0.14861726760864258 1.0572211742401123 -3.258920907974243
v 0.14861726760864258 1.0572211742401123 -3.258920907974243
v 0.11971906572580338 1.0573735237121582 -3.2596404552459717
v 0.1197163388133049 1.085585117340088 -3.2533352375030518
v 0.1197163388133049 1.085585117340088 -3.2533352375030518
v 0.14861422777175903 1.0854321718215942 -3.2526159286499023
v 0.14689399302005768 1.073330044746399 -3.2000200748443604
v 0.14689399302005768 1.073330044746399 -3.2000200748443604
v 0.11833500117063522 1.0734800100326538 -3.200730085372925
v 0.1197163388133049 1.085585117340088 -3.2533352375030518
v 0.11971906572580338 1.0573735237121582 -3.2596404552459717
v 0.14861726760864258 1.0572211742401123 -3.258920907974243
v 0.14689700305461884 1.04544997215271 -3.206249952316284
v 0.14689700305461884 1.04544997215271 -3.206249952316284
v 0.11833799630403519 1.0456000566482544 -3.2069599628448486
v 0.11971906572580338 1.0573735237121582 -3.2596404552459717
v 0.11833500117063522 1.0734800100326538 -3.200730085372925
v 0.11833799630403519 1.0456000566482544 -3.2069599628448486
v 0.11971906572580338 1.0573735237121582 -3.2596404552459717
v 0.11971906572580338 1.0573735237121582 -3.2596404552459717
v 0.1197163388133049 1.085585117340088 -3.2533352375030518
v 0.11833500117063522 1.0734800100326538 -3.200730085372925
v 0.14689399302005768 1.073330044746399 -3.2000200748443604
v 0.14861422777175903 1.0854321718215942 -3.2526159286499023
v 0.14861726760864258 1.0572211742401123 -3.258920907974243
v 0.14861726760864258 1.0572211742401123 -3.258920907974243
v 0.14689700305461884 1.04544997215271 -3.206249952316284
v 0.14689399302005768 1.073330044746399 -3.2000200748443604
v 0.1781349927186966 -0.2963860034942627 -3.1883699893951416
v 0.17807599902153015 -0.32489699125289917 -3.186569929122925
v 0.1495240032672882 -0.32489699125289917 -3.1875200271606445
v 0.1495240032672882 -0.32489699125289917 -3.1875200271606445
v 0.14958299696445465 -0.2963860034942627 -3.189310073852539
v 0.1781349927186966 -0.2963860034942627 -3.1883699893951416
v 0.1822417676448822 -0.30295082926750183 -3.2926430702209473
v 0.18218113481998444 -0.33211731910705566 -3.290799856185913
v 0.1529725044965744 -0.33211764693260193 -3.291773557662964
v 0.1529725044965744 -0.33211764693260193 -3.291773557662964
v 0.15303294360637665 -0.30295082926750183 -3.293606758117676
v 0.1822417676448822 -0.30295082926750183 -3.2926430702209473
v 0.1822417676448822 -0.30295082926750183 -3.2926430702209473
v 0.18218113481998444 -0.33211731910705566 -3.290799856185913
v 0.17807599902153015 -0.32489699125289917 -3.186569929122925
v 0.17807599902153015 -0.32489699125289917 -3.186569929122925
v 0.1781349927186966 -0.2963860034942627 -3.1883699893951416
v 0.1822417676448822 -0.30295082926750183 -3.2926430702209473
v 0.15303294360637665 -0.30295082926750183 -3.293606758117676
v 0.1529725044965744 -0.33211764693260193 -3.291773557662964
v 0.1495240032672882 -0.32489699125289917 -3.1875200271606445
v 0.1495240032672882 -0.32489699125289917 -3.1875200271606445
v 0.14958299696445465 -0.2963860034942627 -3.189310073852539
v 0.15303294360637665 -0.30295082926750183 -3.293606758117676
v 0.1781349927186966 -0.2963860034942627 -3.1883699893951416
v 0.14958299696445465 -0.2963860034942627 -3.189310073852539
v 0.15303294360637665 -0.30295082926750183 -3.293606758117676
v 0.15303294360637665 -0.30295082926750183 -3.293606758117676
v 0.1822417676448822 -0.30295082926750183 -3.2926430702209473
v 0.1781349927186966 -0.2963860034942627 -3.1883699893951416
v 0.17807599902153015 -0.32489699125289917 -3.186569929122925
v 0.18218113481998444 -0.33211731910705566 -3.290799856185913
v 0.1529725044965744 -0.33211764693260193 -3.291773557662964
v 0.1529725044965744 -0.33211764693260193 -3.291773557662964
v 0.1495240032672882 -0.32489699125289917 -3.1875200271606445
v 0.17807599902153015 -0.32489699125289917 -3.186569929122925
v 0.15005700290203094 1.0734599828720093 -3.205470085144043
v 0.1786089986562729 1.0734599828720093 -3.2045199871063232
v 0.1788170039653778 1.0455800294876099 -3.210750102996826
v 0.1788170039653778 1.0455800294876099 -3.210750102996826
v 0.15026499330997467 1.0455800294876099 -3.211699962615967
v 0.15005700290203094 1.0734599828720093 -3.205470085144043
v 0.15126822888851166 1.0817915201187134 -3.2416529655456543
v 0.18005341291427612 1.0817914009094238 -3.240694522857666
v 0.18026331067085266 1.0536837577819824 -3.246976137161255
v 0.18026331067085266 1.0536837577819824 -3.246976137161255
v 0.151478111743927 1.0536837577819824 -3.247934579849243
v 0.15126822888851166 1.0817915201187134 -3.2416529655456543
v 0.15126822888851166 1.0817915201187134 -3.2416529655456543
v 0.18005341291427612 1.0817914009094238 -3.240694522857666
v 0.1786089986562729 1.0734599828720093 -3.2045199871063232
v 0.1786089986562729 1.0734599828720093 -3.2045199871063232
v 0.15005700290203094 1.0734599828720093 -3.205470085144043
v 0.15126822888851166 1.0817915201187134 -3.2416529655456543
v 0.151478111743927 1.0536837577819824 -3.247934579849243
v 0.18026331067085266 1.0536837577819824 -3.246976137161255
v 0.1788170039653778 1.0455800294876099 -3.210750102996826
v 0.1788170039653778 1.0455800294876099 -3.210750102996826
v 0.15026499330997467 1.0455800294876099 -3.211699962615967
v 0.151478111743927 1.0536837577819824 -3.247934579849243
v 0.15005700290203094 1.0734599828720093 -3.205470085144043
v 0.15026499330997467 1.0455800294876099 -3.211699962615967
v 0.151478111743927 1.0536837577819824 -3.247934579849243
v 0.151478111743927 1.0536837577819824 -3.247934579849243
v 0.15126822888851166 1.0817915201187134 -3.2416529655456543
v 0.15005700290203094 1.0734599828720093 -3.205470085144043
v 0.1786089986562729 1.0734599828720093 -3.2045199871063232
v 0.18005341291427612 1.0817914009094238 -3.240694522857666
v 0.18026331067085266 1.0536837577819824 -3.246976137161255
v 0.18026331067085266 1.0536837577819824 -3.246976137161255
v 0.1788170039653778 1.0455800294876099 -3.210750102996826
v 0.1786089986562729 1.0734599828720093 -3.2045199871063232
v 0.17849500477313995 0.382999986410141 -3.18257999420166
v 0.20704099535942078 0.38298898935317993 -3.1814498901367188
v 0.20711399614810944 0.35450199246406555 -3.183609962463379
v 0.20711399614810944 0.35450199246406555 -3.183609962463379
v 0.1785680055618286 0.3545129895210266 -3.184730052947998
v 0.17849500477313995 0.382999986410141 -3.18257999420166
v 0.18257038295269012 0.3914751708507538 -3.28603458404541
v 0.2117682844400406 0.3914638161659241 -3.284876823425293
v 0.211843341588974 0.3623264729976654 -3.28708815574646
v 0.211843341588974 0.3623264729976654 -3.28708815574646
v 0.18264542520046234 0.36233779788017273 -3.288235664367676
v 0.18257038295269012 0.3914751708507538 -3.28603458404541
v 0.18257038295269012 0.3914751708507538 -3.28603458404541
v 0.2117682844400406 0.3914638161659241 -3.284876823425293
v 0.20704099535942078 0.38298898935317993 -3.1814498901367188
v 0.20704099535942078 0.38298898935317993 -3.1814498901367188
v 0.17849500477313995 0.382999986410141 -3.18257999420166
v 0.18257038295269012 0.3914751708507538 -3.28603458404541
v 0.18264542520046234 0.36233779788017273 -3.288235664367676
v 0.211843341588974 0.3623264729976654 -3.28708815574646
v 0.20711399614810944 0.35450199246406555 -3.183609962463379
v 0.20711399614810944 0.35450199246406555 -3.183609962463379
v 0.1785680055618286 0.3545129895210266 -3.184730052947998
v 0.18264542520046234 0.36233779788017273 -3.288235664367676
v 0.17849500477313995 0.382999986410141 -3.18257999420166
v 0.1785680055618286 0.3545129895210266 -3.184730052947998
v 0.18264542520046234 0.36233779788017273 -3.288235664367676
v 0.18264542520046234 0.36233779788017273 -3.288235664367676
v 0.18257038295269012 0.3914751708507538 -3.28603458404541
v 0.17849500477313995 0.382999986410141 -3.18257999420166
v 0.20704099535942078 0.38298898935317993 -3.1814498901367188
v 0.2117682844400406 0.3914638161659241 -3.284876823425293
v 0.211843341588974 0.3623264729976654 -3.28708815574646
v 0.211843341588974 0.3623264729976654 -3.28708815574646
v 0.20711399614810944 0.35450199246406555 -3.183609962463379
v 0.20704099535942078 0.38298898935317993 -3.1814498901367188
v 0.20747600495815277 0.29363200068473816 -3.177690029144287
v 0.2360139936208725 0.2936210036277771 -3.1763899326324463
v 0.23607699573040009 0.2650989890098572 -3.177999973297119
v 0.23607699573040009 0.2650989890098572 -3.177999973297119
v 0.20753799378871918 0.26510998606681824 -3.17930006980896
v 0.20747600495815277 0.29363200068473816 -3.177690029144287
v 0.2173820436000824 0.30729570984840393 -3.394643783569336
v 0.24728615581989288 0.3072839081287384 -3.393277168273926
v 0.2473507523536682 0.27739647030830383 -3.3949687480926514
v 0.2473507523536682 0.27739647030830383 -3.3949687480926514
v 0.21744713187217712 0.2774088680744171 -3.3963353633880615
v 0.2173820436000824 0.30729570984840393 -3.394643783569336
v 0.2173820436000824 0.30729570984840393 -3.394643783569336
v 0.24728615581989288 0.3072839081287384 -3.393277168273926
v 0.2360139936208725 0.2936210036277771 -3.1763899326324463
v 0.2360139936208725 0.2936210036277771 -3.1763899326324463
v 0.20747600495815277 0.29363200068473816 -3.177690029144287
v 0.2173820436000824 0.30729570984840393 -3.394643783569336
v 0.21744713187217712 0.2774088680744171 -3.3963353633880615
v 0.2473507523536682 0.27739647030830383 -3.3949687480926514
v 0.23607699573040009 0.2650989890098572 -3.177999973297119
v 0.23607699573040009 0.2650989890098572 -3.177999973297119
v 0.20753799378871918 0.26510998606681824 -3.17930006980896
v 0.21744713187217712 0.2774088680744171 -3.3963353633880615
v 0.20747600495815277 0.29363200068473816 -3.177690029144287
v 0.20753799378871918 0.26510998606681824 -3.17930006980896
v 0.21744713187217712 0.2774088680744171 -3.3963353633880615
v 0.21744713187217712 0.2774088680744171 -3.3963353633880615
v 0.2173820436000824 0.30729570984840393 -3.394643783569336
v 0.20747600495815277 0.29363200068473816 -3.177690029144287
v 0.2360139936208725 0.2936210036277771 -3.1763899326324463
v 0.24728615581989288 0.3072839081287384 -3.393277168273926
v 0.2473507523536682 0.27739647030830383 -3.3949687480926514
v 0.2473507523536682 0.27739647030830383 -3.3949687480926514
v 0.23607699573040009 0.2650989890098572 -3.177999973297119
v 0.2360139936208725 0.2936210036277771 -3.1763899326324463
v 0.26543301343917847 -0.2963550090789795 -3.1849899291992188
v 0.26537299156188965 -0.32486701011657715 -3.183199882507324
v 0.236844003200531 -0.3249010145664215 -3.1846799850463867
v 0.236844003200531 -0.3249010145664215 -3.1846799850463867
v 0.23690299689769745 -0.29638901352882385 -3.1864700317382812
v 0.26543301343917847 -0.2963550090789795 -3.1849899291992188
v 0.27154338359832764 -0.3029553294181824 -3.289761543273926
v 0.2714824080467224 -0.3321264088153839 -3.2879278659820557
v 0.24229323863983154 -0.33216121792793274 -3.2894442081451416
v 0.24229323863983154 -0.33216121792793274 -3.2894442081451416
v 0.24235394597053528 -0.3029904365539551 -3.2912776470184326
v 0.27154338359832764 -0.3029553294181824 -3.289761543273926
v 0.27154338359832764 -0.3029553294181824 -3.289761543273926
v 0.2714824080467224 -0.3321264088153839 -3.2879278659820557
v 0.26537299156188965 -0.32486701011657715 -3.183199882507324
v 0.26537299156188965 -0.32486701011657715 -3.183199882507324
v 0.26543301343917847 -0.2963550090789795 -3.1849899291992188
v 0.27154338359832764 -0.3029553294181824 -3.289761543273926
v 0.24235394597053528 -0.3029904365539551 -3.2912776470184326
v 0.24229323863983154 -0.33216121792793274 -3.2894442081451416
v 0.236844003200531 -0.3249010145664215 -3.1846799850463867
v 0.236844003200531 -0.3249010145664215 -3.1846799850463867
v 0.23690299689769745 -0.29638901352882385 -3.1864700317382812
v 0.24235394597053528 -0.3029904365539551 -3.2912776470184326
v 0.26543301343917847 -0.2963550090789795 -3.1849899291992188
v 0.23690299689769745 -0.29638901352882385 -3.1864700317382812
v 0.24235394597053528 -0.3029904365539551 -3.2912776470184326
v 0.24235394597053528 -0.3029904365539551 -3.2912776470184326
v 0.27154338359832764 -0.3029553294181824 -3.289761543273926
v 0.26543301343917847 -0.2963550090789795 -3.1849899291992188
v 0.26537299156188965 -0.32486701011657715 -3.183199882507324
v 0.2714824080467224 -0.3321264088153839 -3.2879278659820557
v 0.24229323863983154 -0.33216121792793274 -3.2894442081451416
v 0.24229323863983154 -0.33216121792793274 -3.2894442081451416
v 0.236844003200531 -0.3249010145664215 -3.1846799850463867
v 0.26537299156188965 -0.32486701011657715 -3.183199882507324
v 0.2651830017566681 -0.26509401202201843 -3.1768798828125
v 0.26511600613594055 -0.29361599683761597 -3.1752700805664062
v 0.23658700287342072 -0.29363301396369934 -3.1767499446868896
v 0.23658700287342072 -0.29363301396369934 -3.1767499446868896
v 0.23665399849414825 -0.2651109993457794 -3.1783599853515625
v 0.2651830017566681 -0.26509401202201843 -3.1768798828125
v 0.2832205593585968 -0.28264176845550537 -3.486393928527832
v 0.2831491529941559 -0.31311145424842834 -3.4846675395965576
v 0.2526705861091614 -0.3131295144557953 -3.486255168914795
v 0.2526705861091614 -0.3131295144557953 -3.486255168914795
v 0.2527419924736023 -0.2826598882675171 -3.4879813194274902
v 0.2832205593585968 -0.28264176845550537 -3.486393928527832
v 0.2832205593585968 -0.28264176845550537 -3.486393928527832
v 0.2831491529941559 -0.31311145424842834 -3.4846675395965576
v 0.26511600613594055 -0.29361599683761597 -3.1752700805664062
v 0.26511600613594055 -0.29361599683761597 -3.1752700805664062
v 0.2651830017566681 -0.26509401202201843 -3.1768798828125
v 0.2832205593585968 -0.28264176845550537 -3.486393928527832
v 0.2527419924736023 -0.2826598882675171 -3.4879813194274902
v 0.2526705861091614 -0.3131295144557953 -3.486255168914795
v 0.23658700287342072 -0.29363301396369934 -3.1767499446868896
v 0.23658700287342072 -0.29363301396369934 -3.1767499446868896
v 0.23665399849414825 -0.2651109993457794 -3.1783599853515625
v 0.2527419924736023 -0.2826598882675171 -3.4879813194274902
v 0.2651830017566681 -0.26509401202201843 -3.1768798828125
v 0.23665399849414825 -0.2651109993457794 -3.1783599853515625
v 0.2527419924736023 -0.2826598882675171 -3.4879813194274902
v 0.2527419924736023 -0.2826598882675171 -3.4879813194274902
v 0.2832205593585968 -0.28264176845550537 -3.486393928527832
v 0.2651830017566681 -0.26509401202201843 -3.1768798828125
v 0.26511600613594055 -0.29361599683761597 -3.1752700805664062
v 0.2831491529941559 -0.31311145424842834 -3.4846675395965576
v 0.2526705861091614 -0.3131295144557953 -3.486255168914795
v 0.2526705861091614 -0.3131295144557953 -3.486255168914795
v 0.23658700287342072 -0.29363301396369934 -3.1767499446868896
v 0.26511600613594055 -0.29361599683761597 -3.1752700805664062
v 0.26520898938179016 -0.23597599565982819 -3.177759885787964
v 0.2651509940624237 -0.2645080089569092 -3.176330089569092
v 0.23662200570106506 -0.26452499628067017 -3.177809953689575
v 0.23662200570106506 -0.26452499628067017 -3.177809953689575
v 0.23667900264263153 -0.23599299788475037 -3.1792500019073486
v 0.26520898938179016 -0.23597599565982819 -3.177759885787964
v 0.2744441330432892 -0.24396120011806488 -3.336250066757202
v 0.2743842303752899 -0.2734905183315277 -3.3347668647766113
v 0.2448579967021942 -0.27350807189941406 -3.336301803588867
v 0.2448579967021942 -0.27350807189941406 -3.336301803588867
v 0.24491767585277557 -0.24397949874401093 -3.3377950191497803
v 0.2744441330432892 -0.24396120011806488 -3.336250066757202
v 0.2744441330432892 -0.24396120011806488 -3.336250066757202
v 0.2743842303752899 -0.2734905183315277 -3.3347668647766113
v 0.2651509940624237 -0.2645080089569092 -3.176330089569092
v 0.2651509940624237 -0.2645080089569092 -3.176330089569092
v 0.26520898938179016 -0.23597599565982819 -3.177759885787964
v 0.2744441330432892 -0.24396120011806488 -3.336250066757202
v 0.24491767585277557 -0.24397949874401093 -3.3377950191497803
v 0.2448579967021942 -0.27350807189941406 -3.336301803588867
v 0.23662200570106506 -0.26452499628067017 -3.177809953689575
v 0.23662200570106506 -0.26452499628067017 -3.177809953689575
v 0.23667900264263153 -0.23599299788475037 -3.1792500019073486
v 0.24491767585277557 -0.24397949874401093 -3.3377950191497803
v 0.26520898938179016 -0.23597599565982819 -3.177759885787964
v 0.23667900264263153 -0.23599299788475037 -3.1792500019073486
v 0.24491767585277557 -0.24397949874401093 -3.3377950191497803
v 0.24491767585277557 -0.24397949874401093 -3.3377950191497803
v 0.2744441330432892 -0.24396120011806488 -3.336250066757202
v 0.26520898938179016 -0.23597599565982819 -3.177759885787964
v 0.2651509940624237 -0.2645080089569092 -3.176330089569092
v 0.2743842303752899 -0.2734905183315277 -3.3347668647766113
v 0.2448579967021942 -0.27350807189941406 -3.336301803588867
v 0.2448579967021942 -0.27350807189941406 -3.336301803588867
v 0.23662200570106506 -0.26452499628067017 -3.177809953689575
v 0.2651509940624237 -0.2645080089569092 -3.176330089569092
v 0.236844003200531 0.3249010145664215 -3.1846799850463867
v 0.26537299156188965 0.32486701011657715 -3.183199882507324
v 0.26543301343917847 0.2963550090789795 -3.1849899291992188
v 0.26543301343917847 0.2963550090789795 -3.1849899291992188
v 0.23690299689769745 0.29638901352882385 -3.1864800453186035
v 0.236844003200531 0.3249010145664215 -3.1846799850463867
v 0.24554389715194702 0.3364922106266022 -3.3519396781921387
v 0.2751268744468689 0.33645689487457275 -3.3504016399383545
v 0.2751884460449219 0.30689263343811035 -3.3522613048553467
v 0.2751884460449219 0.30689263343811035 -3.3522613048553467
v 0.24560600519180298 0.30692893266677856 -3.353809118270874
v 0.24554389715194702 0.3364922106266022 -3.3519396781921387
v 0.24554389715194702 0.3364922106266022 -3.3519396781921387
v 0.2751268744468689 0.33645689487457275 -3.3504016399383545
v 0.26537299156188965 0.32486701011657715 -3.183199882507324
v 0.26537299156188965 0.32486701011657715 -3.183199882507324
v 0.236844003200531 0.3249010145664215 -3.1846799850463867
v 0.24554389715194702 0.3364922106266022 -3.3519396781921387
v 0.24560600519180298 0.30692893266677856 -3.353809118270874
v 0.2751884460449219 0.30689263343811035 -3.3522613048553467
v 0.26543301343917847 0.2963550090789795 -3.1849899291992188
v 0.26543301343917847 0.2963550090789795 -3.1849899291992188
v 0.23690299689769745 0.29638901352882385 -3.1864800453186035
v 0.24560600519180298 0.30692893266677856 -3.353809118270874
v 0.236844003200531 0.3249010145664215 -3.1846799850463867
v 0.23690299689769745 0.29638901352882385 -3.1864800453186035
v 0.24560600519180298 0.30692893266677856 -3.353809118270874
v 0.24560600519180298 0.30692893266677856 -3.353809118270874
v 0.24554389715194702 0.3364922106266022 -3.3519396781921387
v 0.236844003200531 0.3249010145664215 -3.1846799850463867
v 0.26537299156188965 0.32486701011657715 -3.183199882507324
v 0.2751268744468689 0.33645689487457275 -3.3504016399383545
v 0.2751884460449219 0.30689263343811035 -3.3522613048553467
v 0.2751884460449219 0.30689263343811035 -3.3522613048553467
v 0.26543301343917847 0.2963550090789795 -3.1849899291992188
v 0.26537299156188965 0.32486701011657715 -3.183199882507324
v 0.265828013420105 0.3830049932003021 -3.179769992828369
v 0.29434800148010254 0.3829599916934967 -3.178109884262085
v 0.2944279909133911 0.3544729948043823 -3.180259943008423
v 0.2944279909133911 0.3544729948043823 -3.180259943008423
v 0.26590800285339355 0.35451799631118774 -3.181920051574707
v 0.265828013420105 0.3830049932003021 -3.179769992828369
v 0.2719919681549072 0.391663521528244 -3.2853899002075195
v 0.3011775016784668 0.3916177451610565 -3.283689022064209
v 0.3012593984603882 0.3624657988548279 -3.28589129447937
v 0.3012593984603882 0.3624657988548279 -3.28589129447937
v 0.2720741331577301 0.36251193284988403 -3.2875921726226807
v 0.2719919681549072 0.391663521528244 -3.2853899002075195
v 0.2719919681549072 0.391663521528244 -3.2853899002075195
v 0.3011775016784668 0.3916177451610565 -3.283689022064209
v 0.29434800148010254 0.3829599916934967 -3.178109884262085
v 0.29434800148010254 0.3829599916934967 -3.178109884262085
v 0.265828013420105 0.3830049932003021 -3.179769992828369
v 0.2719919681549072 0.391663521528244 -3.2853899002075195
v 0.2720741331577301 0.36251193284988403 -3.2875921726226807
v 0.3012593984603882 0.3624657988548279 -3.28589129447937
v 0.2944279909133911 0.3544729948043823 -3.180259943008423
v 0.2944279909133911 0.3544729948043823 -3.180259943008423
v 0.26590800285339355 0.35451799631118774 -3.181920051574707
v 0.2720741331577301 0.36251193284988403 -3.2875921726226807
v 0.265828013420105 0.3830049932003021 -3.179769992828369
v 0.26590800285339355 0.35451799631118774 -3.181920051574707
v 0.2720741331577301 0.36251193284988403 -3.2875921726226807
v 0.2720741331577301 0.36251193284988403 -3.2875921726226807
v 0.2719919681549072 0.391663521528244 -3.2853899002075195
v 0.265828013420105 0.3830049932003021 -3.179769992828369
v 0.29434800148010254 0.3829599916934967 -3.178109884262085
v 0.3011775016784668 0.3916177451610565 -3.283689022064209
v 0.3012593984603882 0.3624657988548279 -3.28589129447937
v 0.3012593984603882 0.3624657988548279 -3.28589129447937
v 0.2944279909133911 0.3544729948043823 -3.180259943008423
v 0.29434800148010254 0.3829599916934967 -3.178109884262085
v 0.3260520100593567 -0.32544800639152527 -3.1903700828552246
v 0.3259209990501404 -0.3539470136165619 -3.1884000301361084
v 0.29741600155830383 -0.3539470136165619 -3.190279960632324
v 0.29741600155830383 -0.3539470136165619 -3.190279960632324
v 0.29754599928855896 -0.32544800639152527 -3.1922500133514404
v 0.3260520100593567 -0.32544800639152527 -3.1903700828552246
v 0.335269033908844 -0.334270715713501 -3.317495584487915
v 0.33513471484184265 -0.3635707199573517 -3.315467596054077
v 0.3058285415172577 -0.3635709583759308 -3.3174033164978027
v 0.3058285415172577 -0.3635709583759308 -3.3174033164978027
v 0.30596259236335754 -0.33427053689956665 -3.3194310665130615
v 0.335269033908844 -0.334270715713501 -3.317495584487915
v 0.335269033908844 -0.334270715713501 -3.317495584487915
v 0.33513471484184265 -0.3635707199573517 -3.315467596054077
v 0.3259209990501404 -0.3539470136165619 -3.1884000301361084
v 0.3259209990501404 -0.3539470136165619 -3.1884000301361084
v 0.3260520100593567 -0.32544800639152527 -3.1903700828552246
v 0.335269033908844 -0.334270715713501 -3.317495584487915
v 0.30596259236335754 -0.33427053689956665 -3.3194310665130615
v 0.3058285415172577 -0.3635709583759308 -3.3174033164978027
v 0.29741600155830383 -0.3539470136165619 -3.190279960632324
v 0.29741600155830383 -0.3539470136165619 -3.190279960632324
v 0.29754599928855896 -0.32544800639152527 -3.1922500133514404
v 0.30596259236335754 -0.33427053689956665 -3.3194310665130615
v 0.3260520100593567 -0.32544800639152527 -3.1903700828552246
v 0.29754599928855896 -0.32544800639152527 -3.1922500133514404
v 0.30596259236335754 -0.33427053689956665 -3.3194310665130615
v 0.30596259236335754 -0.33427053689956665 -3.3194310665130615
v 0.335269033908844 -0.334270715713501 -3.317495584487915
v 0.3260520100593567 -0.32544800639152527 -3.1903700828552246
v 0.3259209990501404 -0.3539470136165619 -3.1884000301361084
v 0.33513471484184265 -0.3635707199573517 -3.315467596054077
v 0.3058285415172577 -0.3635709583759308 -3.3174033164978027
v 0.3058285415172577 -0.3635709583759308 -3.3174033164978027
v 0.29741600155830383 -0.3539470136165619 -3.190279960632324
v 0.3259209990501404 -0.3539470136165619 -3.1884000301361084
v 0.3546240031719208 -0.030427200719714165 -3.1810200214385986
v 0.35461100935935974 -0.0589945986866951 -3.180840015411377
v 0.32611799240112305 -0.0589945986866951 -3.1829099655151367
v 0.32611799240112305 -0.0589945986866951 -3.1829099655151367
v 0.3261309862136841 -0.030427200719714165 -3.1830899715423584
v 0.3546240031719208 -0.030427200719714165 -3.1810200214385986
v 0.36469128727912903 -0.031233225017786026 -3.3088324069976807
v 0.3646775782108307 -0.060605987906455994 -3.308645009994507
v 0.33538171648979187 -0.06060601770877838 -3.3107755184173584
v 0.33538171648979187 -0.06060601770877838 -3.3107755184173584
v 0.33539485931396484 -0.03123323991894722 -3.3109631538391113
v 0.36469128727912903 -0.031233225017786026 -3.3088324069976807
v 0.36469128727912903 -0.031233225017786026 -3.3088324069976807
v 0.3646775782108307 -0.060605987906455994 -3.308645009994507
v 0.35461100935935974 -0.0589945986866951 -3.180840015411377
v 0.35461100935935974 -0.0589945986866951 -3.180840015411377
v 0.3546240031719208 -0.030427200719714165 -3.1810200214385986
v 0.36469128727912903 -0.031233225017786026 -3.3088324069976807
v 0.33539485931396484 -0.03123323991894722 -3.3109631538391113
v 0.33538171648979187 -0.06060601770877838 -3.3107755184173584
v 0.32611799240112305 -0.0589945986866951 -3.1829099655151367
v 0.32611799240112305 -0.0589945986866951 -3.1829099655151367
v 0.3261309862136841 -0.030427200719714165 -3.1830899715423584
v 0.33539485931396484 -0.03123323991894722 -3.3109631538391113
v 0.3546240031719208 -0.030427200719714165 -3.1810200214385986
v 0.3261309862136841 -0.030427200719714165 -3.1830899715423584
v 0.33539485931396484 -0.03123323991894722 -3.3109631538391113
v 0.33539485931396484 -0.03123323991894722 -3.3109631538391113
v 0.36469128727912903 -0.031233225017786026 -3.3088324069976807
v 0.3546240031719208 -0.030427200719714165 -3.1810200214385986
v 0.35461100935935974 -0.0589945986866951 -3.180840015411377
v 0.3646775782108307 -0.060605987906455994 -3.308645009994507
v 0.33538171648979187 -0.06060601770877838 -3.3107755184173584
v 0.33538171648979187 -0.06060601770877838 -3.3107755184173584
v 0.32611799240112305 -0.0589945986866951 -3.1829099655151367
v 0.35461100935935974 -0.0589945986866951 -3.180840015411377
v 0.3261289894580841 0.029876399785280228 -3.183079957962036
v 0.3546220064163208 0.029876399785280228 -3.1810100078582764
v 0.3546220064163208 0.0013083600206300616 -3.1810100078582764
v 0.3546220064163208 0.0013083600206300616 -3.1810100078582764
v 0.3261289894580841 0.0013083600206300616 -3.183079957962036
v 0.3261289894580841 0.029876399785280228 -3.183079957962036
v 0.3426080644130707 0.0313098318874836 -3.410534143447876
v 0.37252941727638245 0.03130963444709778 -3.408356189727783
v 0.3725297749042511 0.0013091685250401497 -3.408360719680786
v 0.3725297749042511 0.0013091685250401497 -3.408360719680786
v 0.34260839223861694 0.0013091788860037923 -3.410538673400879
v 0.3426080644130707 0.0313098318874836 -3.410534143447876
v 0.3426080644130707 0.0313098318874836 -3.410534143447876
v 0.37252941727638245 0.03130963444709778 -3.408356189727783
v 0.3546220064163208 0.029876399785280228 -3.1810100078582764
v 0.3546220064163208 0.029876399785280228 -3.1810100078582764
v 0.3261289894580841 0.029876399785280228 -3.183079957962036
v 0.3426080644130707 0.0313098318874836 -3.410534143447876
v 0.34260839223861694 0.0013091788860037923 -3.410538673400879
v 0.3725297749042511 0.0013091685250401497 -3.408360719680786
v 0.3546220064163208 0.0013083600206300616 -3.1810100078582764
v 0.3546220064163208 0.0013083600206300616 -3.1810100078582764
v 0.3261289894580841 0.0013083600206300616 -3.183079957962036
v 0.34260839223861694 0.0013091788860037923 -3.410538673400879
v 0.3261289894580841 0.029876399785280228 -3.183079957962036
v 0.3261289894580841 0.0013083600206300616 -3.183079957962036
v 0.34260839223861694 0.0013091788860037923 -3.410538673400879
v 0.34260839223861694 0.0013091788860037923 -3.410538673400879
v 0.3426080644130707 0.0313098318874836 -3.410534143447876
v 0.3261289894580841 0.029876399785280228 -3.183079957962036
v 0.3546220064163208 0.029876399785280228 -3.1810100078582764
v 0.37252941727638245 0.03130963444709778 -3.408356189727783
v 0.3725297749042511 0.0013091685250401497 -3.408360719680786
v 0.3725297749042511 0.0013091685250401497 -3.408360719680786
v 0.3546220064163208 0.0013083600206300616 -3.1810100078582764
v 0.3546220064163208 0.029876399785280228 -3.1810100078582764
v 0.3551880121231079 0.029876399785280228 -3.1811699867248535
v 0.3836680054664612 0.029876399785280228 -3.1789300441741943
v 0.3836680054664612 0.0013083600206300616 -3.1789300441741943
v 0.3836680054664612 0.0013083600206300616 -3.1789300441741943
v 0.3551880121231079 0.0013083600206300616 -3.1811699867248535
v 0.3551880121231079 0.029876399785280228 -3.1811699867248535
v 0.3604103624820709 0.030294375494122505 -3.2474682331085205
v 0.38930684328079224 0.030294369906187057 -3.2451939582824707
v 0.3893069326877594 0.0013085957616567612 -3.2451953887939453
v 0.3893069326877594 0.0013085957616567612 -3.2451953887939453
v 0.3604104518890381 0.0013085987884551287 -3.247469425201416
v 0.3604103624820709 0.030294375494122505 -3.2474682331085205
v 0.3604103624820709 0.030294375494122505 -3.2474682331085205
v 0.38930684328079224 0.030294369906187057 -3.2451939582824707
v 0.3836680054664612 0.029876399785280228 -3.1789300441741943
v 0.3836680054664612 0.029876399785280228 -3.1789300441741943
v 0.3551880121231079 0.029876399785280228 -3.1811699867248535
v 0.3604103624820709 0.030294375494122505 -3.2474682331085205
v 0.3604104518890381 0.0013085987884551287 -3.247469425201416
v 0.3893069326877594 0.0013085957616567612 -3.2451953887939453
v 0.3836680054664612 0.0013083600206300616 -3.1789300441741943
v 0.3836680054664612 0.0013083600206300616 -3.1789300441741943
v 0.3551880121231079 0.0013083600206300616 -3.1811699867248535
v 0.3604104518890381 0.0013085987884551287 -3.247469425201416
v 0.3551880121231079 0.029876399785280228 -3.1811699867248535
v 0.3551880121231079 0.0013083600206300616 -3.1811699867248535
v 0.3604104518890381 0.0013085987884551287 -3.247469425201416
v 0.3604104518890381 0.0013085987884551287 -3.247469425201416
v 0.3604103624820709 0.030294375494122505 -3.2474682331085205
v 0.3551880121231079 0.029876399785280228 -3.1811699867248535
v 0.3836680054664612 0.029876399785280228 -3.1789300441741943
v 0.38930684328079224 0.030294369906187057 -3.2451939582824707
v 0.3893069326877594 0.0013085957616567612 -3.2451953887939453
v 0.3893069326877594 0.0013085957616567612 -3.2451953887939453
v 0.3836680054664612 0.0013083600206300616 -3.1789300441741943
v 0.3836680054664612 0.029876399785280228 -3.1789300441741943
v 0.35517698526382446 0.0589945986866951 -3.180999994277954
v 0.3836570084095001 0.0589945986866951 -3.178760051727295
v 0.38367098569869995 0.030427200719714165 -3.1789400577545166
v 0.38367098569869995 0.030427200719714165 -3.1789400577545166
v 0.3551909923553467 0.030427200719714165 -3.181180000305176
v 0.35517698526382446 0.0589945986866951 -3.180999994277954
v 0.36494123935699463 0.06055750325322151 -3.304959297180176
v 0.3941994309425354 0.06055748090147972 -3.3026556968688965
v 0.39421412348747253 0.031208962202072144 -3.302842855453491
v 0.39421412348747253 0.031208962202072144 -3.302842855453491
v 0.36495596170425415 0.031208915635943413 -3.3051466941833496
v 0.36494123935699463 0.06055750325322151 -3.304959297180176
v 0.36494123935699463 0.06055750325322151 -3.304959297180176
v 0.3941994309425354 0.06055748090147972 -3.3026556968688965
v 0.3836570084095001 0.0589945986866951 -3.178760051727295
v 0.3836570084095001 0.0589945986866951 -3.178760051727295
v 0.35517698526382446 0.0589945986866951 -3.180999994277954
v 0.36494123935699463 0.06055750325322151 -3.304959297180176
v 0.36495596170425415 0.031208915635943413 -3.3051466941833496
v 0.39421412348747253 0.031208962202072144 -3.302842855453491
v 0.38367098569869995 0.030427200719714165 -3.1789400577545166
v 0.38367098569869995 0.030427200719714165 -3.1789400577545166
v 0.3551909923553467 0.030427200719714165 -3.181180000305176
v 0.36495596170425415 0.031208915635943413 -3.3051466941833496
v 0.35517698526382446 0.0589945986866951 -3.180999994277954
v 0.3551909923553467 0.030427200719714165 -3.181180000305176
v 0.36495596170425415 0.031208915635943413 -3.3051466941833496
v 0.36495596170425415 0.031208915635943413 -3.3051466941833496
v 0.36494123935699463 0.06055750325322151 -3.304959297180176
v 0.35517698526382446 0.0589945986866951 -3.180999994277954
v 0.3836570084095001 0.0589945986866951 -3.178760051727295
v 0.3941994309425354 0.06055748090147972 -3.3026556968688965
v 0.39421412348747253 0.031208962202072144 -3.302842855453491
v 0.39421412348747253 0.031208962202072144 -3.302842855453491
v 0.38367098569869995 0.030427200719714165 -3.1789400577545166
v 0.3836570084095001 0.0589945986866951 -3.178760051727295
v 0.41273701190948486 -0.11780499666929245 -3.1769399642944336
v 0.41267600655555725 -0.1463640034198761 -3.176219940185547
v 0.384211003780365 -0.1463640034198761 -3.17864990234375
v 0.384211003780365 -0.1463640034198761 -3.17864990234375
v 0.3842709958553314 -0.11780499666929245 -3.1793599128723145
v 0.41273701190948486 -0.11780499666929245 -3.1769399642944336
v 0.42477312684059143 -0.12112883478403091 -3.3085832595825195
v 0.42470985651016235 -0.15051773190498352 -3.307839870452881
v 0.39541780948638916 -0.15051794052124023 -3.310342788696289
v 0.39541780948638916 -0.15051794052124023 -3.310342788696289
v 0.3954801559448242 -0.1211288571357727 -3.3110761642456055
v 0.42477312684059143 -0.12112883478403091 -3.3085832595825195
v 0.42477312684059143 -0.12112883478403091 -3.3085832595825195
v 0.42470985651016235 -0.15051773190498352 -3.307839870452881
v 0.41267600655555725 -0.1463640034198761 -3.176219940185547
v 0.41267600655555725 -0.1463640034198761 -3.176219940185547
v 0.41273701190948486 -0.11780499666929245 -3.1769399642944336
v 0.42477312684059143 -0.12112883478403091 -3.3085832595825195
v 0.3954801559448242 -0.1211288571357727 -3.3110761642456055
v 0.39541780948638916 -0.15051794052124023 -3.310342788696289
v 0.384211003780365 -0.1463640034198761 -3.17864990234375
v 0.384211003780365 -0.1463640034198761 -3.17864990234375
v 0.3842709958553314 -0.11780499666929245 -3.1793599128723145
v 0.3954801559448242 -0.1211288571357727 -3.3110761642456055
v 0.41273701190948486 -0.11780499666929245 -3.1769399642944336
v 0.3842709958553314 -0.11780499666929245 -3.1793599128723145
v 0.3954801559448242 -0.1211288571357727 -3.3110761642456055
v 0.3954801559448242 -0.1211288571357727 -3.3110761642456055
v 0.42477312684059143 -0.12112883478403091 -3.3085832595825195
v 0.41273701190948486 -0.11780499666929245 -3.1769399642944336
v 0.41267600655555725 -0.1463640034198761 -3.176219940185547
v 0.42470985651016235 -0.15051773190498352 -3.307839870452881
v 0.39541780948638916 -0.15051794052124023 -3.310342788696289
v 0.39541780948638916 -0.15051794052124023 -3.310342788696289
v 0.384211003780365 -0.1463640034198761 -3.17864990234375
v 0.41267600655555725 -0.1463640034198761 -3.176219940185547
v 0.44243699312210083 -0.9795339703559875 -3.1854898929595947
v 0.4420340061187744 -1.0074900388717651 -3.1796200275421143
v 0.41358500719070435 -1.0076199769973755 -3.182219982147217
v 0.41358500719070435 -1.0076199769973755 -3.182219982147217
v 0.41398799419403076 -0.9796689748764038 -3.188080072402954
v 0.44243699312210083 -0.9795339703559875 -3.1854898929595947
v 0.44636449217796326 -0.9879326224327087 -3.2252418994903564
v 0.44595763087272644 -1.0161395072937012 -3.219318389892578
v 0.417253315448761 -1.016271710395813 -3.22194242477417
v 0.417253315448761 -1.016271710395813 -3.22194242477417
v 0.41766002774238586 -0.9880685806274414 -3.227856159210205
v 0.44636449217796326 -0.9879326224327087 -3.2252418994903564
v 0.44636449217796326 -0.9879326224327087 -3.2252418994903564
v 0.44595763087272644 -1.0161395072937012 -3.219318389892578
v 0.4420340061187744 -1.0074900388717651 -3.1796200275421143
v 0.4420340061187744 -1.0074900388717651 -3.1796200275421143
v 0.44243699312210083 -0.9795339703559875 -3.1854898929595947
v 0.44636449217796326 -0.9879326224327087 -3.2252418994903564
v 0.41766002774238586 -0.9880685806274414 -3.227856159210205
v 0.417253315448761 -1.016271710395813 -3.22194242477417
v 0.41358500719070435 -1.0076199769973755 -3.182219982147217
v 0.41358500719070435 -1.0076199769973755 -3.182219982147217
v 0.41398799419403076 -0.9796689748764038 -3.188080072402954
v 0.41766002774238586 -0.9880685806274414 -3.227856159210205
v 0.44243699312210083 -0.9795339703559875 -3.1854898929595947
v 0.41398799419403076 -0.9796689748764038 -3.188080072402954
v 0.41766002774238586 -0.9880685806274414 -3.227856159210205
v 0.41766002774238586 -0.9880685806274414 -3.227856159210205
v 0.44636449217796326 -0.9879326224327087 -3.2252418994903564
v 0.44243699312210083 -0.9795339703559875 -3.1854898929595947
v 0.4420340061187744 -1.0074900388717651 -3.1796200275421143
v 0.44595763087272644 -1.0161395072937012 -3.219318389892578
v 0.417253315448761 -1.016271710395813 -3.22194242477417
v 0.417253315448761 -1.016271710395813 -3.22194242477417
v 0.41358500719070435 -1.0076199769973755 -3.182219982147217
v 0.4420340061187744 -1.0074900388717651 -3.1796200275421143
v 0.44206899404525757 -0.1486469954252243 -3.1793301105499268
v 0.44200998544692993 -0.17720100283622742 -3.1784400939941406
v 0.41356098651885986 -0.17722399532794952 -3.181040048599243
v 0.41356098651885986 -0.17722399532794952 -3.181040048599243
v 0.4136199951171875 -0.1486700028181076 -3.1819300651550293
v 0.44206899404525757 -0.1486469954252243 -3.1793301105499268
v 0.4516424536705017 -0.15173617005348206 -3.2772114276885986
v 0.4515822231769562 -0.18090832233428955 -3.2762999534606934
v 0.4225173592567444 -0.18093132972717285 -3.278958320617676
v 0.4225173592567444 -0.18093132972717285 -3.278958320617676
v 0.4225775897502899 -0.15175962448120117 -3.279869556427002
v 0.4516424536705017 -0.15173617005348206 -3.2772114276885986
v 0.4516424536705017 -0.15173617005348206 -3.2772114276885986
v 0.4515822231769562 -0.18090832233428955 -3.2762999534606934
v 0.44200998544692993 -0.17720100283622742 -3.1784400939941406
v 0.44200998544692993 -0.17720100283622742 -3.1784400939941406
v 0.44206899404525757 -0.1486469954252243 -3.1793301105499268
v 0.4516424536705017 -0.15173617005348206 -3.2772114276885986
v 0.4225775897502899 -0.15175962448120117 -3.279869556427002
v 0.4225173592567444 -0.18093132972717285 -3.278958320617676
v 0.41356098651885986 -0.17722399532794952 -3.181040048599243
v 0.41356098651885986 -0.17722399532794952 -3.181040048599243
v 0.4136199951171875 -0.1486700028181076 -3.1819300651550293
v 0.4225775897502899 -0.15175962448120117 -3.279869556427002
v 0.44206899404525757 -0.1486469954252243 -3.1793301105499268
v 0.4136199951171875 -0.1486700028181076 -3.1819300651550293
v 0.4225775897502899 -0.15175962448120117 -3.279869556427002
v 0.4225775897502899 -0.15175962448120117 -3.279869556427002
v 0.4516424536705017 -0.15173617005348206 -3.2772114276885986
v 0.44206899404525757 -0.1486469954252243 -3.1793301105499268
v 0.44200998544692993 -0.17720100283622742 -3.1784400939941406
v 0.4515822231769562 -0.18090832233428955 -3.2762999534606934
v 0.4225173592567444 -0.18093132972717285 -3.278958320617676
v 0.4225173592567444 -0.18093132972717285 -3.278958320617676
v 0.41356098651885986 -0.17722399532794952 -3.181040048599243
v 0.44200998544692993 -0.17720100283622742 -3.1784400939941406
v 0.41356098651885986 0.17722399532794952 -3.181040048599243
v 0.44200998544692993 0.17720100283622742 -3.1784400939941406
v 0.44206899404525757 0.1486469954252243 -3.1793301105499268
v 0.44206899404525757 0.1486469954252243 -3.1793301105499268
v 0.4136199951171875 0.1486700028181076 -3.1819300651550293
v 0.41356098651885986 0.17722399532794952 -3.181040048599243
v 0.41930148005485535 0.17960016429424286 -3.2437996864318848
v 0.44814521074295044 0.17957717180252075 -3.2411623001098633
v 0.44820499420166016 0.15062697231769562 -3.242065906524658
v 0.44820499420166016 0.15062697231769562 -3.242065906524658
v 0.41936126351356506 0.1506502628326416 -3.2447032928466797
v 0.41930148005485535 0.17960016429424286 -3.2437996864318848
v 0.41930148005485535 0.17960016429424286 -3.2437996864318848
v 0.44814521074295044 0.17957717180252075 -3.2411623001098633
v 0.44200998544692993 0.17720100283622742 -3.1784400939941406
v 0.44200998544692993 0.17720100283622742 -3.1784400939941406
v 0.41356098651885986 0.17722399532794952 -3.181040048599243
v 0.41930148005485535 0.17960016429424286 -3.2437996864318848
v 0.41936126351356506 0.1506502628326416 -3.2447032928466797
v 0.44820499420166016 0.15062697231769562 -3.242065906524658
v 0.44206899404525757 0.1486469954252243 -3.1793301105499268
v 0.44206899404525757 0.1486469954252243 -3.1793301105499268
v 0.4136199951171875 0.1486700028181076 -3.1819300651550293
v 0.41936126351356506 0.1506502628326416 -3.2447032928466797
v 0.41356098651885986 0.17722399532794952 -3.181040048599243
v 0.4136199951171875 0.1486700028181076 -3.1819300651550293
v 0.41936126351356506 0.1506502628326416 -3.2447032928466797
v 0.41936126351356506 0.1506502628326416 -3.2447032928466797
v 0.41930148005485535 0.17960016429424286 -3.2437996864318848
v 0.41356098651885986 0.17722399532794952 -3.181040048599243
v 0.44200998544692993 0.17720100283622742 -3.1784400939941406
v 0.44814521074295044 0.17957717180252075 -3.2411623001098633
v 0.44820499420166016 0.15062697231769562 -3.242065906524658
v 0.44820499420166016 0.15062697231769562 -3.242065906524658
v 0.44206899404525757 0.1486469954252243 -3.1793301105499268
v 0.44200998544692993 0.17720100283622742 -3.1784400939941406
v 0.47453901171684265 0.23542000353336334 -3.1883599758148193
v 0.502947986125946 0.2354149967432022 -3.1853599548339844
v 0.5030750036239624 0.20687399804592133 -3.1865999698638916
v 0.5030750036239624 0.20687399804592133 -3.1865999698638916
v 0.47466498613357544 0.20688000321388245 -3.189610004425049
v 0.47453901171684265 0.23542000353336334 -3.1883599758148193
v 0.4826658368110657 0.23930774629116058 -3.2652108669281006
v 0.5115584135055542 0.239302396774292 -3.2621583938598633
v 0.5116873383522034 0.21027596294879913 -3.263421058654785
v 0.5116873383522034 0.21027596294879913 -3.263421058654785
v 0.48279446363449097 0.2102821171283722 -3.266483783721924
v 0.4826658368110657 0.23930774629116058 -3.2652108669281006
v 0.4826658368110657 0.23930774629116058 -3.2652108669281006
v 0.5115584135055542 0.239302396774292 -3.2621583938598633
v 0.502947986125946 0.2354149967432022 -3.1853599548339844
v 0.502947986125946 0.2354149967432022 -3.1853599548339844
v 0.47453901171684265 0.23542000353336334 -3.1883599758148193
v 0.4826658368110657 0.23930774629116058 -3.2652108669281006
v 0.48279446363449097 0.2102821171283722 -3.266483783721924
v 0.5116873383522034 0.21027596294879913 -3.263421058654785
v 0.5030750036239624 0.20687399804592133 -3.1865999698638916
v 0.5030750036239624 0.20687399804592133 -3.1865999698638916
v 0.47466498613357544 0.20688000321388245 -3.189610004425049
v 0.48279446363449097 0.2102821171283722 -3.266483783721924
v 0.47453901171684265 0.23542000353336334 -3.1883599758148193
v 0.47466498613357544 0.20688000321388245 -3.189610004425049
v 0.48279446363449097 0.2102821171283722 -3.266483783721924
v 0.48279446363449097 0.2102821171283722 -3.266483783721924
v 0.4826658368110657 0.23930774629116058 -3.2652108669281006
v 0.47453901171684265 0.23542000353336334 -3.1883599758148193
v 0.502947986125946 0.2354149967432022 -3.1853599548339844
v 0.5115584135055542 0.239302396774292 -3.2621583938598633
v 0.5116873383522034 0.21027596294879913 -3.263421058654785
v 0.5116873383522034 0.21027596294879913 -3.263421058654785
v 0.5030750036239624 0.20687399804592133 -3.1865999698638916
v 0.502947986125946 0.2354149967432022 -3.1853599548339844
v 0.47432199120521545 0.44111600518226624 -3.186229944229126
v 0.50273197889328 0.4411050081253052 -3.183229923248291
v 0.5029850006103516 0.412647008895874 -3.18572998046875
v 0.5029850006103516 0.412647008895874 -3.18572998046875
v 0.474575012922287 0.4126589894294739 -3.188730001449585
v 0.47432199120521545 0.44111600518226624 -3.186229944229126
v 0.48135584592819214 0.44743502140045166 -3.252713680267334
v 0.5101852416992188 0.4474240243434906 -3.2496678829193115
v 0.5104424357414246 0.4185461401939392 -3.2522060871124268
v 0.5104424357414246 0.4185461401939392 -3.2522060871124268
v 0.48161301016807556 0.41855812072753906 -3.25525164604187
v 0.48135584592819214 0.44743502140045166 -3.252713680267334
v 0.48135584592819214 0.44743502140045166 -3.252713680267334
v 0.5101852416992188 0.4474240243434906 -3.2496678829193115
v 0.50273197889328 0.4411050081253052 -3.183229923248291
v 0.50273197889328 0.4411050081253052 -3.183229923248291
v 0.47432199120521545 0.44111600518226624 -3.186229944229126
v 0.48135584592819214 0.44743502140045166 -3.252713680267334
v 0.48161301016807556 0.41855812072753906 -3.25525164604187
v 0.5104424357414246 0.4185461401939392 -3.2522060871124268
v 0.5029850006103516 0.412647008895874 -3.18572998046875
v 0.5029850006103516 0.412647008895874 -3.18572998046875
v 0.474575012922287 0.4126589894294739 -3.188730001449585
v 0.48161301016807556 0.41855812072753906 -3.25525164604187
v 0.47432199120521545 0.44111600518226624 -3.186229944229126
v 0.474575012922287 0.4126589894294739 -3.188730001449585
v 0.48161301016807556 0.41855812072753906 -3.25525164604187
v 0.48161301016807556 0.41855812072753906 -3.25525164604187
v 0.48135584592819214 0.44743502140045166 -3.252713680267334
v 0.47432199120521545 0.44111600518226624 -3.186229944229126
v 0.50273197889328 0.4411050081253052 -3.183229923248291
v 0.5101852416992188 0.4474240243434906 -3.2496678829193115
v 0.5104424357414246 0.4185461401939392 -3.2522060871124268
v 0.5104424357414246 0.4185461401939392 -3.2522060871124268
v 0.5029850006103516 0.412647008895874 -3.18572998046875
v 0.50273197889328 0.4411050081253052 -3.183229923248291
v 0.5035790205001831 0.5599830150604248 -3.186229944229126
v 0.5319690108299255 0.5599489808082581 -3.183039903640747
v 0.5322949886322021 0.5315639972686768 -3.1862499713897705
v 0.5322949886322021 0.5315639972686768 -3.1862499713897705
v 0.5039049983024597 0.5315979719161987 -3.189429998397827
v 0.5035790205001831 0.5599830150604248 -3.186229944229126
v 0.5286940932273865 0.5869818925857544 -3.4099273681640625
v 0.5584980249404907 0.5869448184967041 -3.4065744876861572
v 0.5588404536247253 0.5571448802947998 -3.4099490642547607
v 0.5588404536247253 0.5571448802947998 -3.4099490642547607
v 0.5290365219116211 0.5571808815002441 -3.4132919311523438
v 0.5286940932273865 0.5869818925857544 -3.4099273681640625
v 0.5286940932273865 0.5869818925857544 -3.4099273681640625
v 0.5584980249404907 0.5869448184967041 -3.4065744876861572
v 0.5319690108299255 0.5599489808082581 -3.183039903640747
v 0.5319690108299255 0.5599489808082581 -3.183039903640747
v 0.5035790205001831 0.5599830150604248 -3.186229944229126
v 0.5286940932273865 0.5869818925857544 -3.4099273681640625
v 0.5290365219116211 0.5571808815002441 -3.4132919311523438
v 0.5588404536247253 0.5571448802947998 -3.4099490642547607
v 0.5322949886322021 0.5315639972686768 -3.1862499713897705
v 0.5322949886322021 0.5315639972686768 -3.1862499713897705
v 0.5039049983024597 0.5315979719161987 -3.189429998397827
v 0.5290365219116211 0.5571808815002441 -3.4132919311523438
v 0.5035790205001831 0.5599830150604248 -3.186229944229126
v 0.5039049983024597 0.5315979719161987 -3.189429998397827
v 0.5290365219116211 0.5571808815002441 -3.4132919311523438
v 0.5290365219116211 0.5571808815002441 -3.4132919311523438
v 0.5286940932273865 0.5869818925857544 -3.4099273681640625
v 0.5035790205001831 0.5599830150604248 -3.186229944229126
v 0.5319690108299255 0.5599489808082581 -3.183039903640747
v 0.5584980249404907 0.5869448184967041 -3.4065744876861572
v 0.5588404536247253 0.5571448802947998 -3.4099490642547607
v 0.5588404536247253 0.5571448802947998 -3.4099490642547607
v 0.5322949886322021 0.5315639972686768 -3.1862499713897705
v 0.5319690108299255 0.5599489808082581 -3.183039903640747
v 0.5323119759559631 0.11723700165748596 -3.1806700229644775
v 0.5606809854507446 0.11723700165748596 -3.177309989929199
v 0.5607450008392334 0.08867450058460236 -3.177839994430542
v 0.5607450008392334 0.08867450058460236 -3.177839994430542
v 0.5323749780654907 0.08867450058460236 -3.1812100410461426
v 0.5323119759559631 0.11723700165748596 -3.1806700229644775
v 0.5539118051528931 0.12185383588075638 -3.3630142211914062
v 0.5834263563156128 0.12185369431972504 -3.3595149517059326
v 0.5834928750991821 0.09213702380657196 -3.36007022857666
v 0.5834928750991821 0.09213702380657196 -3.36007022857666
v 0.5539782643318176 0.09213728457689285 -3.363579273223877
v 0.5539118051528931 0.12185383588075638 -3.3630142211914062
v 0.5539118051528931 0.12185383588075638 -3.3630142211914062
v 0.5834263563156128 0.12185369431972504 -3.3595149517059326
v 0.5606809854507446 0.11723700165748596 -3.177309989929199
v 0.5606809854507446 0.11723700165748596 -3.177309989929199
v 0.5323119759559631 0.11723700165748596 -3.1806700229644775
v 0.5539118051528931 0.12185383588075638 -3.3630142211914062
v 0.5539782643318176 0.09213728457689285 -3.363579273223877
v 0.5834928750991821 0.09213702380657196 -3.36007022857666
v 0.5607450008392334 0.08867450058460236 -3.177839994430542
v 0.5607450008392334 0.08867450058460236 -3.177839994430542
v 0.5323749780654907 0.08867450058460236 -3.1812100410461426
v 0.5539782643318176 0.09213728457689285 -3.363579273223877
v 0.5323119759559631 0.11723700165748596 -3.1806700229644775
v 0.5323749780654907 0.08867450058460236 -3.1812100410461426
v 0.5539782643318176 0.09213728457689285 -3.363579273223877
v 0.5539782643318176 0.09213728457689285 -3.363579273223877
v 0.5539118051528931 0.12185383588075638 -3.3630142211914062
v 0.5323119759559631 0.11723700165748596 -3.1806700229644775
v 0.5606809854507446 0.11723700165748596 -3.177309989929199
v 0.5834263563156128 0.12185369431972504 -3.3595149517059326
v 0.5834928750991821 0.09213702380657196 -3.36007022857666
v 0.5834928750991821 0.09213702380657196 -3.36007022857666
v 0.5607450008392334 0.08867450058460236 -3.177839994430542
v 0.5606809854507446 0.11723700165748596 -3.177309989929199
v 0.5900670289993286 -0.3835430145263672 -3.178410053253174
v 0.5898230075836182 -0.41201600432395935 -3.1760900020599365
v 0.5614749789237976 -0.41206100583076477 -3.1796300411224365
v 0.5614749789237976 -0.41206100583076477 -3.1796300411224365
v 0.5617190003395081 -0.3835879862308502 -3.181950092315674
v 0.5900670289993286 -0.3835430145263672 -3.178410053253174
v 0.5978053212165833 -0.3884044885635376 -3.2373125553131104
v 0.5975578427314758 -0.4172504246234894 -3.2349610328674316
v 0.5688382983207703 -0.41729608178138733 -3.238548517227173
v 0.5688382983207703 -0.41729608178138733 -3.238548517227173
v 0.5690857768058777 -0.38845014572143555 -3.2409000396728516
v 0.5978053212165833 -0.3884044885635376 -3.2373125553131104
v 0.5978053212165833 -0.3884044885635376 -3.2373125553131104
v 0.5975578427314758 -0.4172504246234894 -3.2349610328674316
v 0.5898230075836182 -0.41201600432395935 -3.1760900020599365
v 0.5898230075836182 -0.41201600432395935 -3.1760900020599365
v 0.5900670289993286 -0.3835430145263672 -3.178410053253174
v 0.5978053212165833 -0.3884044885635376 -3.2373125553131104
v 0.5690857768058777 -0.38845014572143555 -3.2409000396728516
v 0.5688382983207703 -0.41729608178138733 -3.238548517227173
v 0.5614749789237976 -0.41206100583076477 -3.1796300411224365
v 0.5614749789237976 -0.41206100583076477 -3.1796300411224365
v 0.5617190003395081 -0.3835879862308502 -3.181950092315674
v 0.5690857768058777 -0.38845014572143555 -3.2409000396728516
v 0.5900670289993286 -0.3835430145263672 -3.178410053253174
v 0.5617190003395081 -0.3835879862308502 -3.181950092315674
v 0.5690857768058777 -0.38845014572143555 -3.2409000396728516
v 0.5690857768058777 -0.38845014572143555 -3.2409000396728516
v 0.5978053212165833 -0.3884044885635376 -3.2373125553131104
v 0.5900670289993286 -0.3835430145263672 -3.178410053253174
v 0.5898230075836182 -0.41201600432395935 -3.1760900020599365
v 0.5975578427314758 -0.4172504246234894 -3.2349610328674316
v 0.5688382983207703 -0.41729608178138733 -3.238548517227173
v 0.5688382983207703 -0.41729608178138733 -3.238548517227173
v 0.5614749789237976 -0.41206100583076477 -3.1796300411224365
v 0.5898230075836182 -0.41201600432395935 -3.1760900020599365
v 0.6522290110588074 -0.1486620008945465 -3.191190004348755
v 0.6521109938621521 -0.17721599340438843 -3.1902999877929688
v 0.6238139867782593 -0.17722100019454956 -3.194240093231201
v 0.6238139867782593 -0.17722100019454956 -3.194240093231201
v 0.6239320039749146 -0.14866699278354645 -3.195120096206665
v 0.6522290110588074 -0.1486620008945465 -3.191190004348755
v 0.6623939871788025 -0.150882750749588 -3.2611258029937744
v 0.6622737050056458 -0.17988048493862152 -3.260220766067505
v 0.6335377097129822 -0.17988598346710205 -3.264223098754883
v 0.6335377097129822 -0.17988598346710205 -3.264223098754883
v 0.6336575150489807 -0.1508881151676178 -3.265118360519409
v 0.6623939871788025 -0.150882750749588 -3.2611258029937744
v 0.6623939871788025 -0.150882750749588 -3.2611258029937744
v 0.6622737050056458 -0.17988048493862152 -3.260220766067505
v 0.6521109938621521 -0.17721599340438843 -3.1902999877929688
v 0.6521109938621521 -0.17721599340438843 -3.1902999877929688
v 0.6522290110588074 -0.1486620008945465 -3.191190004348755
v 0.6623939871788025 -0.150882750749588 -3.2611258029937744
v 0.6336575150489807 -0.1508881151676178 -3.265118360519409
v 0.6335377097129822 -0.17988598346710205 -3.264223098754883
v 0.6238139867782593 -0.17722100019454956 -3.194240093231201
v 0.6238139867782593 -0.17722100019454956 -3.194240093231201
v 0.6239320039749146 -0.14866699278354645 -3.195120096206665
v 0.6336575150489807 -0.1508881151676178 -3.265118360519409
v 0.6522290110588074 -0.1486620008945465 -3.191190004348755
v 0.6239320039749146 -0.14866699278354645 -3.195120096206665
v 0.6336575150489807 -0.1508881151676178 -3.265118360519409
v 0.6336575150489807 -0.1508881151676178 -3.265118360519409
v 0.6623939871788025 -0.150882750749588 -3.2611258029937744
v 0.6522290110588074 -0.1486620008945465 -3.191190004348755
v 0.6521109938621521 -0.17721599340438843 -3.1902999877929688
v 0.6622737050056458 -0.17988048493862152 -3.260220766067505
v 0.6335377097129822 -0.17988598346710205 -3.264223098754883
v 0.6335377097129822 -0.17988598346710205 -3.264223098754883
v 0.6238139867782593 -0.17722100019454956 -3.194240093231201
v 0.6521109938621521 -0.17721599340438843 -3.1902999877929688
v 0.6524019837379456 0.23542100191116333 -3.1882801055908203
v 0.6806730031967163 0.23541000485420227 -3.1841700077056885
v 0.6808419823646545 0.2068690061569214 -3.185420036315918
v 0.6808419823646545 0.2068690061569214 -3.185420036315918
v 0.6525710225105286 0.20688000321388245 -3.1895298957824707
v 0.6524019837379456 0.23542100191116333 -3.1882801055908203
v 0.6685545444488525 0.24106955528259277 -3.29940128326416
v 0.6975236535072327 0.24105770885944366 -3.295187473297119
v 0.6976983547210693 0.2118118405342102 -3.2964704036712646
v 0.6976983547210693 0.2118118405342102 -3.2964704036712646
v 0.6687284708023071 0.21182341873645782 -3.3006842136383057
v 0.6685545444488525 0.24106955528259277 -3.29940128326416
v 0.6685545444488525 0.24106955528259277 -3.29940128326416
v 0.6975236535072327 0.24105770885944366 -3.295187473297119
v 0.6806730031967163 0.23541000485420227 -3.1841700077056885
v 0.6806730031967163 0.23541000485420227 -3.1841700077056885
v 0.6524019837379456 0.23542100191116333 -3.1882801055908203
v 0.6685545444488525 0.24106955528259277 -3.29940128326416
v 0.6687284708023071 0.21182341873645782 -3.3006842136383057
v 0.6976983547210693 0.2118118405342102 -3.2964704036712646
v 0.6808419823646545 0.2068690061569214 -3.185420036315918
v 0.6808419823646545 0.2068690061569214 -3.185420036315918
v 0.6525710225105286 0.20688000321388245 -3.1895298957824707
v 0.6687284708023071 0.21182341873645782 -3.3006842136383057
v 0.6524019837379456 0.23542100191116333 -3.1882801055908203
v 0.6525710225105286 0.20688000321388245 -3.1895298957824707
v 0.6687284708023071 0.21182341873645782 -3.3006842136383057
v 0.6687284708023071 0.21182341873645782 -3.3006842136383057
v 0.6685545444488525 0.24106955528259277 -3.29940128326416
v 0.6524019837379456 0.23542100191116333 -3.1882801055908203
v 0.6806730031967163 0.23541000485420227 -3.1841700077056885
v 0.6975236535072327 0.24105770885944366 -3.295187473297119
v 0.6976983547210693 0.2118118405342102 -3.2964704036712646
v 0.6976983547210693 0.2118118405342102 -3.2964704036712646
v 0.6808419823646545 0.2068690061569214 -3.185420036315918
v 0.6806730031967163 0.23541000485420227 -3.1841700077056885
v 0.6810020208358765 0.1463640034198761 -3.182379961013794
v 0.7092469930648804 0.1463640034198761 -3.1780900955200195
v 0.7093539834022522 0.11780499666929245 -3.178800106048584
v 0.7093539834022522 0.11780499666929245 -3.178800106048584
v 0.6811100244522095 0.11780499666929245 -3.1830899715423584
v 0.6810020208358765 0.1463640034198761 -3.182379961013794
v 0.6945362091064453 0.1491989940404892 -3.2715604305267334
v 0.7233408093452454 0.14919884502887726 -3.267183780670166
v 0.723450779914856 0.12007345259189606 -3.267909526824951
v 0.723450779914856 0.12007345259189606 -3.267909526824951
v 0.6946461796760559 0.12007346749305725 -3.2722864151000977
v 0.6945362091064453 0.1491989940404892 -3.2715604305267334
v 0.6945362091064453 0.1491989940404892 -3.2715604305267334
v 0.7233408093452454 0.14919884502887726 -3.267183780670166
v 0.7092469930648804 0.1463640034198761 -3.1780900955200195
v 0.7092469930648804 0.1463640034198761 -3.1780900955200195
v 0.6810020208358765 0.1463640034198761 -3.182379961013794
v 0.6945362091064453 0.1491989940404892 -3.2715604305267334
v 0.6946461796760559 0.12007346749305725 -3.2722864151000977
v 0.723450779914856 0.12007345259189606 -3.267909526824951
v 0.7093539834022522 0.11780499666929245 -3.178800106048584
v 0.7093539834022522 0.11780499666929245 -3.178800106048584
v 0.6811100244522095 0.11780499666929245 -3.1830899715423584
v 0.6946461796760559 0.12007346749305725 -3.2722864151000977
v 0.6810020208358765 0.1463640034198761 -3.182379961013794
v 0.6811100244522095 0.11780499666929245 -3.1830899715423584
v 0.6946461796760559 0.12007346749305725 -3.2722864151000977
v 0.6946461796760559 0.12007346749305725 -3.2722864151000977
v 0.6945362091064453 0.1491989940404892 -3.2715604305267334
v 0.6810020208358765 0.1463640034198761 -3.182379961013794
v 0.7092469930648804 0.1463640034198761 -3.1780900955200195
v 0.7233408093452454 0.14919884502887726 -3.267183780670166
v 0.723450779914856 0.12007345259189606 -3.267909526824951
v 0.723450779914856 0.12007345259189606 -3.267909526824951
v 0.7093539834022522 0.11780499666929245 -3.178800106048584
v 0.7092469930648804 0.1463640034198761 -3.1780900955200195
v 0.7395930290222168 -0.6511989831924438 -3.185499906539917
v 0.7390660047531128 -0.6794940233230591 -3.1816000938415527
v 0.7108489871025085 -0.6795840263366699 -3.1860599517822266
v 0.7108489871025085 -0.6795840263366699 -3.1860599517822266
v 0.7113760113716125 -0.6512889862060547 -3.18996000289917
v 0.7395930290222168 -0.6511989831924438 -3.185499906539917
v 0.7451488375663757 -0.6559409499168396 -3.2191481590270996
v 0.7446178197860718 -0.6844501495361328 -3.2152180671691895
v 0.7161871790885925 -0.6845409274101257 -3.219712495803833
v 0.7161871790885925 -0.6845409274101257 -3.219712495803833
v 0.7167181968688965 -0.656031608581543 -3.2236428260803223
v 0.7451488375663757 -0.6559409499168396 -3.2191481590270996
v 0.7451488375663757 -0.6559409499168396 -3.2191481590270996
v 0.7446178197860718 -0.6844501495361328 -3.2152180671691895
v 0.7390660047531128 -0.6794940233230591 -3.1816000938415527
v 0.7390660047531128 -0.6794940233230591 -3.1816000938415527
v 0.7395930290222168 -0.6511989831924438 -3.185499906539917
v 0.7451488375663757 -0.6559409499168396 -3.2191481590270996
v 0.7167181968688965 -0.656031608581543 -3.2236428260803223
v 0.7161871790885925 -0.6845409274101257 -3.219712495803833
v 0.7108489871025085 -0.6795840263366699 -3.1860599517822266
v 0.7108489871025085 -0.6795840263366699 -3.1860599517822266
v 0.7113760113716125 -0.6512889862060547 -3.18996000289917
v 0.7167181968688965 -0.656031608581543 -3.2236428260803223
v 0.7395930290222168 -0.6511989831924438 -3.185499906539917
v 0.7113760113716125 -0.6512889862060547 -3.18996000289917
v 0.7167181968688965 -0.656031608581543 -3.2236428260803223
v 0.7167181968688965 -0.656031608581543 -3.2236428260803223
v 0.7451488375663757 -0.6559409499168396 -3.2191481590270996
v 0.7395930290222168 -0.6511989831924438 -3.185499906539917
v 0.7390660047531128 -0.6794940233230591 -3.1816000938415527
v 0.7446178197860718 -0.6844501495361328 -3.2152180671691895
v 0.7161871790885925 -0.6845409274101257 -3.219712495803833
v 0.7161871790885925 -0.6845409274101257 -3.219712495803833
v 0.7108489871025085 -0.6795840263366699 -3.1860599517822266
v 0.7390660047531128 -0.6794940233230591 -3.1816000938415527
v 0.7098820209503174 0.29363399744033813 -3.1785800457000732
v 0.7380989789962769 0.293612003326416 -3.1741199493408203
v 0.7383289933204651 0.2650899887084961 -3.1757099628448486
v 0.7383289933204651 0.2650899887084961 -3.1757099628448486
v 0.7101119756698608 0.2651120126247406 -3.180180072784424
v 0.7098820209503174 0.29363399744033813 -3.1785800457000732
v 0.7170295715332031 0.29651060700416565 -3.2237470149993896
v 0.7455308437347412 0.2964881658554077 -3.219241142272949
v 0.7457630634307861 0.2676786780357361 -3.220848321914673
v 0.7457630634307861 0.2676786780357361 -3.220848321914673
v 0.7172620892524719 0.2677012085914612 -3.2253642082214355
v 0.7170295715332031 0.29651060700416565 -3.2237470149993896
v 0.7170295715332031 0.29651060700416565 -3.2237470149993896
v 0.7455308437347412 0.2964881658554077 -3.219241142272949
v 0.7380989789962769 0.293612003326416 -3.1741199493408203
v 0.7380989789962769 0.293612003326416 -3.1741199493408203
v 0.7098820209503174 0.29363399744033813 -3.1785800457000732
v 0.7170295715332031 0.29651060700416565 -3.2237470149993896
v 0.7172620892524719 0.2677012085914612 -3.2253642082214355
v 0.7457630634307861 0.2676786780357361 -3.220848321914673
v 0.7383289933204651 0.2650899887084961 -3.1757099628448486
v 0.7383289933204651 0.2650899887084961 -3.1757099628448486
v 0.7101119756698608 0.2651120126247406 -3.180180072784424
v 0.7172620892524719 0.2677012085914612 -3.2253642082214355
v 0.7098820209503174 0.29363399744033813 -3.1785800457000732
v 0.7101119756698608 0.2651120126247406 -3.180180072784424
v 0.7172620892524719 0.2677012085914612 -3.2253642082214355
v 0.7172620892524719 0.2677012085914612 -3.2253642082214355
v 0.7170295715332031 0.29651060700416565 -3.2237470149993896
v 0.7098820209503174 0.29363399744033813 -3.1785800457000732
v 0.7380989789962769 0.293612003326416 -3.1741199493408203
v 0.7455308437347412 0.2964881658554077 -3.219241142272949
v 0.7457630634307861 0.2676786780357361 -3.220848321914673
v 0.7457630634307861 0.2676786780357361 -3.220848321914673
v 0.7383289933204651 0.2650899887084961 -3.1757099628448486
v 0.7380989789962769 0.293612003326416 -3.1741199493408203
v 0.7743340134620667 -0.651278018951416 -3.205120086669922
v 0.7736889719963074 -0.6795740127563477 -3.201240062713623
v 0.745507001876831 -0.6795740127563477 -3.2059199810028076
v 0.745507001876831 -0.6795740127563477 -3.2059199810028076
v 0.7461519837379456 -0.651278018951416 -3.2098000049591064
v 0.7743340134620667 -0.651278018951416 -3.205120086669922
v 0.7899073958396912 -0.6640121936798096 -3.2953319549560547
v 0.7892491817474365 -0.6928831934928894 -3.2913713455200195
v 0.7604946494102478 -0.6928832530975342 -3.2961483001708984
v 0.7604946494102478 -0.6928832530975342 -3.2961483001708984
v 0.7611528038978577 -0.6640122532844543 -3.3001089096069336
v 0.7899073958396912 -0.6640121936798096 -3.2953319549560547
v 0.7899073958396912 -0.6640121936798096 -3.2953319549560547
v 0.7892491817474365 -0.6928831934928894 -3.2913713455200195
v 0.7736889719963074 -0.6795740127563477 -3.201240062713623
v 0.7736889719963074 -0.6795740127563477 -3.201240062713623
v 0.7743340134620667 -0.651278018951416 -3.205120086669922
v 0.7899073958396912 -0.6640121936798096 -3.2953319549560547
v 0.7611528038978577 -0.6640122532844543 -3.3001089096069336
v 0.7604946494102478 -0.6928832530975342 -3.2961483001708984
v 0.745507001876831 -0.6795740127563477 -3.2059199810028076
v 0.745507001876831 -0.6795740127563477 -3.2059199810028076
v 0.7461519837379456 -0.651278018951416 -3.2098000049591064
v 0.7611528038978577 -0.6640122532844543 -3.3001089096069336
v 0.7743340134620667 -0.651278018951416 -3.205120086669922
v 0.7461519837379456 -0.651278018951416 -3.2098000049591064
v 0.7611528038978577 -0.6640122532844543 -3.3001089096069336
v 0.7611528038978577 -0.6640122532844543 -3.3001089096069336
v 0.7899073958396912 -0.6640121936798096 -3.2953319549560547
v 0.7743340134620667 -0.651278018951416 -3.205120086669922
v 0.7736889719963074 -0.6795740127563477 -3.201240062713623
v 0.7892491817474365 -0.6928831934928894 -3.2913713455200195
v 0.7604946494102478 -0.6928832530975342 -3.2961483001708984
v 0.7604946494102478 -0.6928832530975342 -3.2961483001708984
v 0.745507001876831 -0.6795740127563477 -3.2059199810028076
v 0.7736889719963074 -0.6795740127563477 -3.201240062713623
v 0.7449340224266052 0.382999986410141 -3.202349901199341
v 0.7731170058250427 0.382999986410141 -3.1976799964904785
v 0.7734689712524414 0.3545129895210266 -3.1998000144958496
v 0.7734689712524414 0.3545129895210266 -3.1998000144958496
v 0.7452870011329651 0.3545129895210266 -3.204479932785034
v 0.7449340224266052 0.382999986410141 -3.202349901199341
v 0.762424647808075 0.39174312353134155 -3.3077166080474854
v 0.7912710309028625 0.39174309372901917 -3.302934408187866
v 0.7916315793991089 0.36258476972579956 -3.3051064014434814
v 0.7916315793991089 0.36258476972579956 -3.3051064014434814
v 0.7627859711647034 0.3625851571559906 -3.309898853302002
v 0.762424647808075 0.39174312353134155 -3.3077166080474854
v 0.762424647808075 0.39174312353134155 -3.3077166080474854
v 0.7912710309028625 0.39174309372901917 -3.302934408187866
v 0.7731170058250427 0.382999986410141 -3.1976799964904785
v 0.7731170058250427 0.382999986410141 -3.1976799964904785
v 0.7449340224266052 0.382999986410141 -3.202349901199341
v 0.762424647808075 0.39174312353134155 -3.3077166080474854
v 0.7627859711647034 0.3625851571559906 -3.309898853302002
v 0.7916315793991089 0.36258476972579956 -3.3051064014434814
v 0.7734689712524414 0.3545129895210266 -3.1998000144958496
v 0.7734689712524414 0.3545129895210266 -3.1998000144958496
v 0.7452870011329651 0.3545129895210266 -3.204479932785034
v 0.7627859711647034 0.3625851571559906 -3.309898853302002
v 0.7449340224266052 0.382999986410141 -3.202349901199341
v 0.7452870011329651 0.3545129895210266 -3.204479932785034
v 0.7627859711647034 0.3625851571559906 -3.309898853302002
v 0.7627859711647034 0.3625851571559906 -3.309898853302002
v 0.762424647808075 0.39174312353134155 -3.3077166080474854
v 0.7449340224266052 0.382999986410141 -3.202349901199341
v 0.7731170058250427 0.382999986410141 -3.1976799964904785
v 0.7912710309028625 0.39174309372901917 -3.302934408187866
v 0.7916315793991089 0.36258476972579956 -3.3051064014434814
v 0.7916315793991089 0.36258476972579956 -3.3051064014434814
v 0.7734689712524414 0.3545129895210266 -3.1998000144958496
v 0.7731170058250427 0.382999986410141 -3.1976799964904785
v 0.7738670110702515 1.0076099634170532 -3.199130058288574
v 0.8020190000534058 1.007580041885376 -3.194269895553589
v 0.8029869794845581 0.9796199798583984 -3.2000699043273926
v 0.8029869794845581 0.9796199798583984 -3.2000699043273926
v 0.7748349905014038 0.9796540141105652 -3.204930067062378
v 0.7738670110702515 1.0076099634170532 -3.199130058288574
v 0.779852569103241 1.0152310132980347 -3.233748197555542
v 0.8082269430160522 1.0151991844177246 -3.2288496494293213
v 0.8092027306556702 0.9870187044143677 -3.2346959114074707
v 0.8092027306556702 0.9870187044143677 -3.2346959114074707
v 0.7808281183242798 0.9870536923408508 -3.2395949363708496
v 0.779852569103241 1.0152310132980347 -3.233748197555542
v 0.779852569103241 1.0152310132980347 -3.233748197555542
v 0.8082269430160522 1.0151991844177246 -3.2288496494293213
v 0.8020190000534058 1.007580041885376 -3.194269895553589
v 0.8020190000534058 1.007580041885376 -3.194269895553589
v 0.7738670110702515 1.0076099634170532 -3.199130058288574
v 0.779852569103241 1.0152310132980347 -3.233748197555542
v 0.7808281183242798 0.9870536923408508 -3.2395949363708496
v 0.8092027306556702 0.9870187044143677 -3.2346959114074707
v 0.8029869794845581 0.9796199798583984 -3.2000699043273926
v 0.8029869794845581 0.9796199798583984 -3.2000699043273926
v 0.7748349905014038 0.9796540141105652 -3.204930067062378
v 0.7808281183242798 0.9870536923408508 -3.2395949363708496
v 0.7738670110702515 1.0076099634170532 -3.199130058288574
v 0.7748349905014038 0.9796540141105652 -3.204930067062378
v 0.7808281183242798 0.9870536923408508 -3.2395949363708496
v 0.7808281183242798 0.9870536923408508 -3.2395949363708496
v 0.779852569103241 1.0152310132980347 -3.233748197555542
v 0.7738670110702515 1.0076099634170532 -3.199130058288574
v 0.8020190000534058 1.007580041885376 -3.194269895553589
v 0.8082269430160522 1.0151991844177246 -3.2288496494293213
v 0.8092027306556702 0.9870187044143677 -3.2346959114074707
v 0.8092027306556702 0.9870187044143677 -3.2346959114074707
v 0.8029869794845581 0.9796199798583984 -3.2000699043273926
v 0.8020190000534058 1.007580041885376 -3.194269895553589
v 0.8329010009765625 -0.7718889713287354 -3.202359914779663
v 0.8321380019187927 -0.8000770211219788 -3.197779893875122
v 0.8040170073509216 -0.8001329898834229 -3.202810049057007
v 0.8040170073509216 -0.8001329898834229 -3.202810049057007
v 0.8047800064086914 -0.7719449996948242 -3.207390069961548
v 0.8329010009765625 -0.7718889713287354 -3.202359914779663
v 0.8448081612586975 -0.7826250195503235 -3.2664144039154053
v 0.844033420085907 -0.8112221360206604 -3.2617666721343994
v 0.8155046701431274 -0.8112794160842896 -3.2668707370758057
v 0.8155046701431274 -0.8112794160842896 -3.2668707370758057
v 0.8162785768508911 -0.7826818823814392 -3.2715187072753906
v 0.8448081612586975 -0.7826250195503235 -3.2664144039154053
v 0.8448081612586975 -0.7826250195503235 -3.2664144039154053
v 0.844033420085907 -0.8112221360206604 -3.2617666721343994
v 0.8321380019187927 -0.8000770211219788 -3.197779893875122
v 0.8321380019187927 -0.8000770211219788 -3.197779893875122
v 0.8329010009765625 -0.7718889713287354 -3.202359914779663
v 0.8448081612586975 -0.7826250195503235 -3.2664144039154053
v 0.8162785768508911 -0.7826818823814392 -3.2715187072753906
v 0.8155046701431274 -0.8112794160842896 -3.2668707370758057
v 0.8040170073509216 -0.8001329898834229 -3.202810049057007
v 0.8040170073509216 -0.8001329898834229 -3.202810049057007
v 0.8047800064086914 -0.7719449996948242 -3.207390069961548
v 0.8162785768508911 -0.7826818823814392 -3.2715187072753906
v 0.8329010009765625 -0.7718889713287354 -3.202359914779663
v 0.8047800064086914 -0.7719449996948242 -3.207390069961548
v 0.8162785768508911 -0.7826818823814392 -3.2715187072753906
v 0.8162785768508911 -0.7826818823814392 -3.2715187072753906
v 0.8448081612586975 -0.7826250195503235 -3.2664144039154053
v 0.8329010009765625 -0.7718889713287354 -3.202359914779663
v 0.8321380019187927 -0.8000770211219788 -3.197779893875122
v 0.844033420085907 -0.8112221360206604 -3.2617666721343994
v 0.8155046701431274 -0.8112794160842896 -3.2668707370758057
v 0.8155046701431274 -0.8112794160842896 -3.2668707370758057
v 0.8040170073509216 -0.8001329898834229 -3.202810049057007
v 0.8321380019187927 -0.8000770211219788 -3.197779893875122
v 0.8623480200767517 -0.74310302734375 -3.2019200325012207
v 0.8616160154342651 -0.7713189721107483 -3.197510004043579
v 0.8335270285606384 -0.7714040279388428 -3.2027199268341064
v 0.8335270285606384 -0.7714040279388428 -3.2027199268341064
v 0.8342589735984802 -0.7431870102882385 -3.207129955291748
v 0.8623480200767517 -0.74310302734375 -3.2019200325012207
v 0.8734939098358154 -0.7524397373199463 -3.259831666946411
v 0.872751772403717 -0.7810258865356445 -3.2553627490997314
v 0.8442942500114441 -0.7811122536659241 -3.2606422901153564
v 0.8442942500114441 -0.7811122536659241 -3.2606422901153564
v 0.8450363874435425 -0.7525253891944885 -3.265111207962036
v 0.8734939098358154 -0.7524397373199463 -3.259831666946411
v 0.8734939098358154 -0.7524397373199463 -3.259831666946411
v 0.872751772403717 -0.7810258865356445 -3.2553627490997314
v 0.8616160154342651 -0.7713189721107483 -3.197510004043579
v 0.8616160154342651 -0.7713189721107483 -3.197510004043579
v 0.8623480200767517 -0.74310302734375 -3.2019200325012207
v 0.8734939098358154 -0.7524397373199463 -3.259831666946411
v 0.8450363874435425 -0.7525253891944885 -3.265111207962036
v 0.8442942500114441 -0.7811122536659241 -3.2606422901153564
v 0.8335270285606384 -0.7714040279388428 -3.2027199268341064
v 0.8335270285606384 -0.7714040279388428 -3.2027199268341064
v 0.8342589735984802 -0.7431870102882385 -3.207129955291748
v 0.8450363874435425 -0.7525253891944885 -3.265111207962036
v 0.8623480200767517 -0.74310302734375 -3.2019200325012207
v 0.8342589735984802 -0.7431870102882385 -3.207129955291748
v 0.8450363874435425 -0.7525253891944885 -3.265111207962036
v 0.8450363874435425 -0.7525253891944885 -3.265111207962036
v 0.8734939098358154 -0.7524397373199463 -3.259831666946411
v 0.8623480200767517 -0.74310302734375 -3.2019200325012207
v 0.8616160154342651 -0.7713189721107483 -3.197510004043579
v 0.872751772403717 -0.7810258865356445 -3.2553627490997314
v 0.8442942500114441 -0.7811122536659241 -3.2606422901153564
v 0.8442942500114441 -0.7811122536659241 -3.2606422901153564
v 0.8335270285606384 -0.7714040279388428 -3.2027199268341064
v 0.8616160154342651 -0.7713189721107483 -3.197510004043579
v 0.9251130223274231 -0.8294780254364014 -3.206939935684204
v 0.9241330027580261 -0.85760498046875 -3.202039957046509
v 0.8961189985275269 -0.85760498046875 -3.2076399326324463
v 0.8961189985275269 -0.85760498046875 -3.2076399326324463
v 0.8970999717712402 -0.8294780254364014 -3.2125399112701416
v 0.9251130223274231 -0.8294780254364014 -3.206939935684204
v 0.9337795972824097 -0.8370907306671143 -3.248883008956909
v 0.9327900409698486 -0.8654868006706238 -3.2439353466033936
v 0.9045085310935974 -0.8654869794845581 -3.249589681625366
v 0.9045085310935974 -0.8654869794845581 -3.249589681625366
v 0.905498743057251 -0.8370909690856934 -3.254537582397461
v 0.9337795972824097 -0.8370907306671143 -3.248883008956909
v 0.9337795972824097 -0.8370907306671143 -3.248883008956909
v 0.9327900409698486 -0.8654868006706238 -3.2439353466033936
v 0.9241330027580261 -0.85760498046875 -3.202039957046509
v 0.9241330027580261 -0.85760498046875 -3.202039957046509
v 0.9251130223274231 -0.8294780254364014 -3.206939935684204
v 0.9337795972824097 -0.8370907306671143 -3.248883008956909
v 0.905498743057251 -0.8370909690856934 -3.254537582397461
v 0.9045085310935974 -0.8654869794845581 -3.249589681625366
v 0.8961189985275269 -0.85760498046875 -3.2076399326324463
v 0.8961189985275269 -0.85760498046875 -3.2076399326324463
v 0.8970999717712402 -0.8294780254364014 -3.2125399112701416
v 0.905498743057251 -0.8370909690856934 -3.254537582397461
v 0.9251130223274231 -0.8294780254364014 -3.206939935684204
v 0.8970999717712402 -0.8294780254364014 -3.2125399112701416
v 0.905498743057251 -0.8370909690856934 -3.254537582397461
v 0.905498743057251 -0.8370909690856934 -3.254537582397461
v 0.9337795972824097 -0.8370907306671143 -3.248883008956909
v 0.9251130223274231 -0.8294780254364014 -3.206939935684204
v 0.9241330027580261 -0.85760498046875 -3.202039957046509
v 0.9327900409698486 -0.8654868006706238 -3.2439353466033936
v 0.9045085310935974 -0.8654869794845581 -3.249589681625366
v 0.9045085310935974 -0.8654869794845581 -3.249589681625366
v 0.8961189985275269 -0.85760498046875 -3.2076399326324463
v 0.9241330027580261 -0.85760498046875 -3.202039957046509
v 0.980800986289978 -0.41263699531555176 -3.188199996948242
v 0.9803000092506409 -0.4410949945449829 -3.1857500076293945
v 0.9523580074310303 -0.44111698865890503 -3.191689968109131
v 0.9523580074310303 -0.44111698865890503 -3.191689968109131
v 0.9528589844703674 -0.41266000270843506 -3.194149971008301
v 0.980800986289978 -0.41263699531555176 -3.188199996948242
v 0.9890709519386292 -0.4160374104976654 -3.2258658409118652
v 0.9885650873184204 -0.44473767280578613 -3.2233943939208984
v 0.9603850841522217 -0.44475987553596497 -3.2293858528137207
v 0.9603850841522217 -0.44475987553596497 -3.2293858528137207
v 0.9608904719352722 -0.4160604774951935 -3.231867551803589
v 0.9890709519386292 -0.4160374104976654 -3.2258658409118652
v 0.9890709519386292 -0.4160374104976654 -3.2258658409118652
v 0.9885650873184204 -0.44473767280578613 -3.2233943939208984
v 0.9803000092506409 -0.4410949945449829 -3.1857500076293945
v 0.9803000092506409 -0.4410949945449829 -3.1857500076293945
v 0.980800986289978 -0.41263699531555176 -3.188199996948242
v 0.9890709519386292 -0.4160374104976654 -3.2258658409118652
v 0.9608904719352722 -0.4160604774951935 -3.231867551803589
v 0.9603850841522217 -0.44475987553596497 -3.2293858528137207
v 0.9523580074310303 -0.44111698865890503 -3.191689968109131
v 0.9523580074310303 -0.44111698865890503 -3.191689968109131
v 0.9528589844703674 -0.41266000270843506 -3.194149971008301
v 0.9608904719352722 -0.4160604774951935 -3.231867551803589
v 0.980800986289978 -0.41263699531555176 -3.188199996948242
v 0.9528589844703674 -0.41266000270843506 -3.194149971008301
v 0.9608904719352722 -0.4160604774951935 -3.231867551803589
v 0.9608904719352722 -0.4160604774951935 -3.231867551803589
v 0.9890709519386292 -0.4160374104976654 -3.2258658409118652
v 0.980800986289978 -0.41263699531555176 -3.188199996948242
v 0.9803000092506409 -0.4410949945449829 -3.1857500076293945
v 0.9885650873184204 -0.44473767280578613 -3.2233943939208984
v 0.9603850841522217 -0.44475987553596497 -3.2293858528137207
v 0.9603850841522217 -0.44475987553596497 -3.2293858528137207
v 0.9523580074310303 -0.44111698865890503 -3.191689968109131
v 0.9803000092506409 -0.4410949945449829 -3.1857500076293945
v 0.9811499714851379 -0.38356199860572815 -3.18996000289917
v 0.9806870222091675 -0.4120340049266815 -3.1876800060272217
v 0.9527450203895569 -0.4120570123195648 -3.1936299800872803
v 0.9527450203895569 -0.4120570123195648 -3.1936299800872803
v 0.9532080292701721 -0.38358399271965027 -3.1959099769592285
v 0.9811499714851379 -0.38356199860572815 -3.18996000289917
v 0.9928567409515381 -0.38803035020828247 -3.2432851791381836
v 0.9923873543739319 -0.41684556007385254 -3.2409768104553223
v 0.9641095399856567 -0.41686883568763733 -3.246999502182007
v 0.9641095399856567 -0.41686883568763733 -3.246999502182007
v 0.9645785093307495 -0.3880530893802643 -3.249307870864868
v 0.9928567409515381 -0.38803035020828247 -3.2432851791381836
v 0.9928567409515381 -0.38803035020828247 -3.2432851791381836
v 0.9923873543739319 -0.41684556007385254 -3.2409768104553223
v 0.9806870222091675 -0.4120340049266815 -3.1876800060272217
v 0.9806870222091675 -0.4120340049266815 -3.1876800060272217
v 0.9811499714851379 -0.38356199860572815 -3.18996000289917
v 0.9928567409515381 -0.38803035020828247 -3.2432851791381836
v 0.9645785093307495 -0.3880530893802643 -3.249307870864868
v 0.9641095399856567 -0.41686883568763733 -3.246999502182007
v 0.9527450203895569 -0.4120570123195648 -3.1936299800872803
v 0.9527450203895569 -0.4120570123195648 -3.1936299800872803
v 0.9532080292701721 -0.38358399271965027 -3.1959099769592285
v 0.9645785093307495 -0.3880530893802643 -3.249307870864868
v 0.9811499714851379 -0.38356199860572815 -3.18996000289917
v 0.9532080292701721 -0.38358399271965027 -3.1959099769592285
v 0.9645785093307495 -0.3880530893802643 -3.249307870864868
v 0.9645785093307495 -0.3880530893802643 -3.249307870864868
v 0.9928567409515381 -0.38803035020828247 -3.2432851791381836
v 0.9811499714851379 -0.38356199860572815 -3.18996000289917
v 0.9806870222091675 -0.4120340049266815 -3.1876800060272217
v 0.9923873543739319 -0.41684556007385254 -3.2409768104553223
v 0.9641095399856567 -0.41686883568763733 -3.246999502182007
v 0.9641095399856567 -0.41686883568763733 -3.246999502182007
v 0.9527450203895569 -0.4120570123195648 -3.1936299800872803
v 0.9806870222091675 -0.4120340049266815 -3.1876800060272217
v 1.0105500221252441 -0.5025500059127808 -3.1885299682617188
v 1.009950041770935 -0.530955970287323 -3.185539960861206
v 0.9820460081100464 -0.5310059785842896 -3.191659927368164
v 0.9820460081100464 -0.5310059785842896 -3.191659927368164
v 0.982649028301239 -0.5026010274887085 -3.1946499347686768
v 1.0105500221252441 -0.5025500059127808 -3.1885299682617188
v 1.0210410356521606 -0.5076449513435364 -3.2348899841308594
v 1.0204341411590576 -0.5363492965698242 -3.231867790222168
v 0.992235541343689 -0.5364000201225281 -3.238053560256958
v 0.992235541343689 -0.5364000201225281 -3.238053560256958
v 0.9928469061851501 -0.5076963901519775 -3.241075277328491
v 1.0210410356521606 -0.5076449513435364 -3.2348899841308594
v 1.0210410356521606 -0.5076449513435364 -3.2348899841308594
v 1.0204341411590576 -0.5363492965698242 -3.231867790222168
v 1.009950041770935 -0.530955970287323 -3.185539960861206
v 1.009950041770935 -0.530955970287323 -3.185539960861206
v 1.0105500221252441 -0.5025500059127808 -3.1885299682617188
v 1.0210410356521606 -0.5076449513435364 -3.2348899841308594
v 0.9928469061851501 -0.5076963901519775 -3.241075277328491
v 0.992235541343689 -0.5364000201225281 -3.238053560256958
v 0.9820460081100464 -0.5310059785842896 -3.191659927368164
v 0.9820460081100464 -0.5310059785842896 -3.191659927368164
v 0.982649028301239 -0.5026010274887085 -3.1946499347686768
v 0.9928469061851501 -0.5076963901519775 -3.241075277328491
v 1.0105500221252441 -0.5025500059127808 -3.1885299682617188
v 0.982649028301239 -0.5026010274887085 -3.1946499347686768
v 0.9928469061851501 -0.5076963901519775 -3.241075277328491
v 0.9928469061851501 -0.5076963901519775 -3.241075277328491
v 1.0210410356521606 -0.5076449513435364 -3.2348899841308594
v 1.0105500221252441 -0.5025500059127808 -3.1885299682617188
v 1.009950041770935 -0.530955970287323 -3.185539960861206
v 1.0204341411590576 -0.5363492965698242 -3.231867790222168
v 0.992235541343689 -0.5364000201225281 -3.238053560256958
v 0.992235541343689 -0.5364000201225281 -3.238053560256958
v 0.9820460081100464 -0.5310059785842896 -3.191659927368164
v 1.009950041770935 -0.530955970287323 -3.185539960861206
v 1.0100300312042236 -0.3544819951057434 -3.185879945755005
v 1.009600043296814 -0.3829689919948578 -3.183769941329956
v 0.9817000031471252 -0.38300299644470215 -3.189889907836914
v 0.9817000031471252 -0.38300299644470215 -3.189889907836914
v 0.9821280241012573 -0.35451599955558777 -3.191999912261963
v 1.0100300312042236 -0.3544819951057434 -3.185879945755005
v 1.0351992845535278 -0.363099068403244 -3.297173023223877
v 1.0347580909729004 -0.392302542924881 -3.2950077056884766
v 1.006156086921692 -0.3923375904560089 -3.301284074783325
v 1.006156086921692 -0.3923375904560089 -3.301284074783325
v 1.0065962076187134 -0.36313411593437195 -3.3034491539001465
v 1.0351992845535278 -0.363099068403244 -3.297173023223877
v 1.0351992845535278 -0.363099068403244 -3.297173023223877
v 1.0347580909729004 -0.392302542924881 -3.2950077056884766
v 1.009600043296814 -0.3829689919948578 -3.183769941329956
v 1.009600043296814 -0.3829689919948578 -3.183769941329956
v 1.0100300312042236 -0.3544819951057434 -3.185879945755005
v 1.0351992845535278 -0.363099068403244 -3.297173023223877
v 1.0065962076187134 -0.36313411593437195 -3.3034491539001465
v 1.006156086921692 -0.3923375904560089 -3.301284074783325
v 0.9817000031471252 -0.38300299644470215 -3.189889907836914
v 0.9817000031471252 -0.38300299644470215 -3.189889907836914
v 0.9821280241012573 -0.35451599955558777 -3.191999912261963
v 1.0065962076187134 -0.36313411593437195 -3.3034491539001465
v 1.0100300312042236 -0.3544819951057434 -3.185879945755005
v 0.9821280241012573 -0.35451599955558777 -3.191999912261963
v 1.0065962076187134 -0.36313411593437195 -3.3034491539001465
v 1.0065962076187134 -0.36313411593437195 -3.3034491539001465
v 1.0351992845535278 -0.363099068403244 -3.297173023223877
v 1.0100300312042236 -0.3544819951057434 -3.185879945755005
v 1.009600043296814 -0.3829689919948578 -3.183769941329956
v 1.0347580909729004 -0.392302542924881 -3.2950077056884766
v 1.006156086921692 -0.3923375904560089 -3.301284074783325
v 1.006156086921692 -0.3923375904560089 -3.301284074783325
v 0.9817000031471252 -0.38300299644470215 -3.189889907836914
v 1.009600043296814 -0.3829689919948578 -3.183769941329956
v 1.0385700464248657 -0.3544729948043823 -3.180030107498169
v 1.038140058517456 -0.3829599916934967 -3.17792010307312
v 1.0102699995040894 -0.3830049932003021 -3.1842200756073
v 1.0102699995040894 -0.3830049932003021 -3.1842200756073
v 1.010699987411499 -0.35451799631118774 -3.1863300800323486
v 1.0385700464248657 -0.3544729948043823 -3.180030107498169
v 1.065909504890442 -0.3635779023170471 -3.297473192214966
v 1.0654624700546265 -0.39282214641571045 -3.2953059673309326
v 1.036856770515442 -0.3928685486316681 -3.301774740219116
v 1.036856770515442 -0.3928685486316681 -3.301774740219116
v 1.037298560142517 -0.3636243939399719 -3.303943157196045
v 1.065909504890442 -0.3635779023170471 -3.297473192214966
v 1.065909504890442 -0.3635779023170471 -3.297473192214966
v 1.0654624700546265 -0.39282214641571045 -3.2953059673309326
v 1.038140058517456 -0.3829599916934967 -3.17792010307312
v 1.038140058517456 -0.3829599916934967 -3.17792010307312
v 1.0385700464248657 -0.3544729948043823 -3.180030107498169
v 1.065909504890442 -0.3635779023170471 -3.297473192214966
v 1.037298560142517 -0.3636243939399719 -3.303943157196045
v 1.036856770515442 -0.3928685486316681 -3.301774740219116
v 1.0102699995040894 -0.3830049932003021 -3.1842200756073
v 1.0102699995040894 -0.3830049932003021 -3.1842200756073
v 1.010699987411499 -0.35451799631118774 -3.1863300800323486
v 1.037298560142517 -0.3636243939399719 -3.303943157196045
v 1.0385700464248657 -0.3544729948043823 -3.180030107498169
v 1.010699987411499 -0.35451799631118774 -3.1863300800323486
v 1.037298560142517 -0.3636243939399719 -3.303943157196045
v 1.037298560142517 -0.3636243939399719 -3.303943157196045
v 1.065909504890442 -0.3635779023170471 -3.297473192214966
v 1.0385700464248657 -0.3544729948043823 -3.180030107498169
v 1.038140058517456 -0.3829599916934967 -3.17792010307312
v 1.0654624700546265 -0.39282214641571045 -3.2953059673309326
v 1.036856770515442 -0.3928685486316681 -3.301774740219116
v 1.036856770515442 -0.3928685486316681 -3.301774740219116
v 1.0102699995040894 -0.3830049932003021 -3.1842200756073
v 1.038140058517456 -0.3829599916934967 -3.17792010307312
v 1.039270043373108 -0.2963460087776184 -3.1835899353027344
v 1.0389200448989868 -0.32485800981521606 -3.1818299293518066
v 1.0110499858856201 -0.3249030113220215 -3.1881299018859863
v 1.0110499858856201 -0.3249030113220215 -3.1881299018859863
v 1.0114099979400635 -0.29639101028442383 -3.189889907836914
v 1.039270043373108 -0.2963460087776184 -3.1835899353027344
v 1.0479605197906494 -0.2987564206123352 -3.2209255695343018
v 1.0476070642471313 -0.32750916481018066 -3.2191500663757324
v 1.019501805305481 -0.3275546431541443 -3.225503921508789
v 1.019501805305481 -0.3275546431541443 -3.225503921508789
v 1.0198636054992676 -0.29880189895629883 -3.2272799015045166
v 1.0479605197906494 -0.2987564206123352 -3.2209255695343018
v 1.0479605197906494 -0.2987564206123352 -3.2209255695343018
v 1.0476070642471313 -0.32750916481018066 -3.2191500663757324
v 1.0389200448989868 -0.32485800981521606 -3.1818299293518066
v 1.0389200448989868 -0.32485800981521606 -3.1818299293518066
v 1.039270043373108 -0.2963460087776184 -3.1835899353027344
v 1.0479605197906494 -0.2987564206123352 -3.2209255695343018
v 1.0198636054992676 -0.29880189895629883 -3.2272799015045166
v 1.019501805305481 -0.3275546431541443 -3.225503921508789
v 1.0110499858856201 -0.3249030113220215 -3.1881299018859863
v 1.0110499858856201 -0.3249030113220215 -3.1881299018859863
v 1.0114099979400635 -0.29639101028442383 -3.189889907836914
v 1.0198636054992676 -0.29880189895629883 -3.2272799015045166
v 1.039270043373108 -0.2963460087776184 -3.1835899353027344
v 1.0114099979400635 -0.29639101028442383 -3.189889907836914
v 1.0198636054992676 -0.29880189895629883 -3.2272799015045166
v 1.0198636054992676 -0.29880189895629883 -3.2272799015045166
v 1.0479605197906494 -0.2987564206123352 -3.2209255695343018
v 1.039270043373108 -0.2963460087776184 -3.1835899353027344
v 1.0389200448989868 -0.32485800981521606 -3.1818299293518066
v 1.0476070642471313 -0.32750916481018066 -3.2191500663757324
v 1.019501805305481 -0.3275546431541443 -3.225503921508789
v 1.019501805305481 -0.3275546431541443 -3.225503921508789
v 1.0110499858856201 -0.3249030113220215 -3.1881299018859863
v 1.0389200448989868 -0.32485800981521606 -3.1818299293518066
v 1.0765999555587769 -0.3545129895210266 -3.2070701122283936
v 1.0761100053787231 -0.382999986410141 -3.20497989654541
v 1.0482900142669678 -0.382999986410141 -3.211479902267456
v 1.0482900142669678 -0.382999986410141 -3.211479902267456
v 1.0487799644470215 -0.3545129895210266 -3.2135798931121826
v 1.0765999555587769 -0.3545129895210266 -3.2070701122283936
v 1.0922811031341553 -0.35958030819892883 -3.27229905128479
v 1.0917823314666748 -0.3884888291358948 -3.270176887512207
v 1.0635523796081543 -0.38848876953125 -3.2767741680145264
v 1.0635523796081543 -0.38848876953125 -3.2767741680145264
v 1.0640496015548706 -0.35958075523376465 -3.2789065837860107
v 1.0922811031341553 -0.35958030819892883 -3.27229905128479
v 1.0922811031341553 -0.35958030819892883 -3.27229905128479
v 1.0917823314666748 -0.3884888291358948 -3.270176887512207
v 1.0761100053787231 -0.382999986410141 -3.20497989654541
v 1.0761100053787231 -0.382999986410141 -3.20497989654541
v 1.0765999555587769 -0.3545129895210266 -3.2070701122283936
v 1.0922811031341553 -0.35958030819892883 -3.27229905128479
v 1.0640496015548706 -0.35958075523376465 -3.2789065837860107
v 1.0635523796081543 -0.38848876953125 -3.2767741680145264
v 1.0482900142669678 -0.382999986410141 -3.211479902267456
v 1.0482900142669678 -0.382999986410141 -3.211479902267456
v 1.0487799644470215 -0.3545129895210266 -3.2135798931121826
v 1.0640496015548706 -0.35958075523376465 -3.2789065837860107
v 1.0765999555587769 -0.3545129895210266 -3.2070701122283936
v 1.0487799644470215 -0.3545129895210266 -3.2135798931121826
v 1.0640496015548706 -0.35958075523376465 -3.2789065837860107
v 1.0640496015548706 -0.35958075523376465 -3.2789065837860107
v 1.0922811031341553 -0.35958030819892883 -3.27229905128479
v 1.0765999555587769 -0.3545129895210266 -3.2070701122283936
v 1.0761100053787231 -0.382999986410141 -3.20497989654541
v 1.0917823314666748 -0.3884888291358948 -3.270176887512207
v 1.0635523796081543 -0.38848876953125 -3.2767741680145264
v 1.0635523796081543 -0.38848876953125 -3.2767741680145264
v 1.0482900142669678 -0.382999986410141 -3.211479902267456
v 1.0761100053787231 -0.382999986410141 -3.20497989654541
v 1.162660002708435 0.3249030113220215 -3.188930034637451
v 1.190310001373291 0.32485800981521606 -3.1817400455474854
v 1.1907099485397339 0.2963460087776184 -3.1834800243377686
v 1.1907099485397339 0.2963460087776184 -3.1834800243377686
v 1.1630699634552002 0.29639101028442383 -3.1906800270080566
v 1.162660002708435 0.3249030113220215 -3.188930034637451
v 1.177287220954895 0.3289188742637634 -3.245090961456299
v 1.205291986465454 0.3288734555244446 -3.237807273864746
v 1.2056971788406372 0.29999682307243347 -3.2395708560943604
v 1.2056971788406372 0.29999682307243347 -3.2395708560943604
v 1.1777030229568481 0.30004239082336426 -3.2468643188476562
v 1.177287220954895 0.3289188742637634 -3.245090961456299
v 1.177287220954895 0.3289188742637634 -3.245090961456299
v 1.205291986465454 0.3288734555244446 -3.237807273864746
v 1.190310001373291 0.32485800981521606 -3.1817400455474854
v 1.190310001373291 0.32485800981521606 -3.1817400455474854
v 1.162660002708435 0.3249030113220215 -3.188930034637451
v 1.177287220954895 0.3289188742637634 -3.245090961456299
v 1.1777030229568481 0.30004239082336426 -3.2468643188476562
v 1.2056971788406372 0.29999682307243347 -3.2395708560943604
v 1.1907099485397339 0.2963460087776184 -3.1834800243377686
v 1.1907099485397339 0.2963460087776184 -3.1834800243377686
v 1.1630699634552002 0.29639101028442383 -3.1906800270080566
v 1.1777030229568481 0.30004239082336426 -3.2468643188476562
v 1.162660002708435 0.3249030113220215 -3.188930034637451
v 1.1630699634552002 0.29639101028442383 -3.1906800270080566
v 1.1777030229568481 0.30004239082336426 -3.2468643188476562
v 1.1777030229568481 0.30004239082336426 -3.2468643188476562
v 1.177287220954895 0.3289188742637634 -3.245090961456299
v 1.162660002708435 0.3249030113220215 -3.188930034637451
v 1.190310001373291 0.32485800981521606 -3.1817400455474854
v 1.205291986465454 0.3288734555244446 -3.237807273864746
v 1.2056971788406372 0.29999682307243347 -3.2395708560943604
v 1.2056971788406372 0.29999682307243347 -3.2395708560943604
v 1.1907099485397339 0.2963460087776184 -3.1834800243377686
v 1.190310001373291 0.32485800981521606 -3.1817400455474854
v 1.43913996219635 -0.08867450058460236 -3.1917099952697754
v 1.438979983329773 -0.11723700165748596 -3.191200017929077
v 1.4117399454116821 -0.11723700165748596 -3.199810028076172
v 1.4117399454116821 -0.11723700165748596 -3.199810028076172
v 1.411910057067871 -0.08867450058460236 -3.2003300189971924
v 1.43913996219635 -0.08867450058460236 -3.1917099952697754
v 1.4530625343322754 -0.08952818810939789 -3.234792709350586
v 1.4529005289077759 -0.1183752566576004 -3.23427677154541
v 1.4253908395767212 -0.1183752492070198 -3.2429730892181396
v 1.4253908395767212 -0.1183752492070198 -3.2429730892181396
v 1.425561547279358 -0.08952823281288147 -3.243499279022217
v 1.4530625343322754 -0.08952818810939789 -3.234792709350586
v 1.4530625343322754 -0.08952818810939789 -3.234792709350586
v 1.4529005289077759 -0.1183752566576004 -3.23427677154541
v 1.438979983329773 -0.11723700165748596 -3.191200017929077
v 1.438979983329773 -0.11723700165748596 -3.191200017929077
v 1.43913996219635 -0.08867450058460236 -3.1917099952697754
v 1.4530625343322754 -0.08952818810939789 -3.234792709350586
v 1.425561547279358 -0.08952823281288147 -3.243499279022217
v 1.4253908395767212 -0.1183752492070198 -3.2429730892181396
v 1.4117399454116821 -0.11723700165748596 -3.199810028076172
v 1.4117399454116821 -0.11723700165748596 -3.199810028076172
v 1.411910057067871 -0.08867450058460236 -3.2003300189971924
v 1.425561547279358 -0.08952823281288147 -3.243499279022217
v 1.43913996219635 -0.08867450058460236 -3.1917099952697754
v 1.411910057067871 -0.08867450058460236 -3.2003300189971924
v 1.425561547279358 -0.08952823281288147 -3.243499279022217
v 1.425561547279358 -0.08952823281288147 -3.243499279022217
v 1.4530625343322754 -0.08952818810939789 -3.234792709350586
v 1.43913996219635 -0.08867450058460236 -3.1917099952697754
v 1.438979983329773 -0.11723700165748596 -3.191200017929077
v 1.4529005289077759 -0.1183752566576004 -3.23427677154541
v 1.4253908395767212 -0.1183752492070198 -3.2429730892181396
v 1.4253908395767212 -0.1183752492070198 -3.2429730892181396
v 1.4117399454116821 -0.11723700165748596 -3.199810028076172
v 1.438979983329773 -0.11723700165748596 -3.191200017929077
v -1.3847899436950684 -0.14866699278354645 3.213200092315674
v -1.384529948234558 -0.17722100019454956 3.2123401165008545
v -1.3571900129318237 -0.17722100019454956 3.2206199169158936
v -1.3571900129318237 -0.17722100019454956 3.2206199169158936
v -1.357450008392334 -0.14866699278354645 3.2214701175689697
v -1.3847899436950684 -0.14866699278354645 3.213200092315674
v -1.4128203392028809 -0.15164729952812195 3.3038079738616943
v -1.4125511646270752 -0.1807972937822342 3.302929162979126
v -1.3846435546875 -0.1807975172996521 3.31138277053833
v -1.3846435546875 -0.1807975172996521 3.31138277053833
v -1.3849074840545654 -0.15164782106876373 3.31225323677063
v -1.4128203392028809 -0.15164729952812195 3.3038079738616943
v -1.4128203392028809 -0.15164729952812195 3.3038079738616943
v -1.4125511646270752 -0.1807972937822342 3.302929162979126
v -1.384529948234558 -0.17722100019454956 3.2123401165008545
v -1.384529948234558 -0.17722100019454956 3.2123401165008545
v -1.3847899436950684 -0.14866699278354645 3.213200092315674
v -1.4128203392028809 -0.15164729952812195 3.3038079738616943
v -1.3849074840545654 -0.15164782106876373 3.31225323677063
v -1.3846435546875 -0.1807975172996521 3.31138277053833
v -1.3571900129318237 -0.17722100019454956 3.2206199169158936
v -1.3571900129318237 -0.17722100019454956 3.2206199169158936
v -1.357450008392334 -0.14866699278354645 3.2214701175689697
v -1.3849074840545654 -0.15164782106876373 3.31225323677063
v -1.3847899436950684 -0.14866699278354645 3.213200092315674
v -1.357450008392334 -0.14866699278354645 3.2214701175689697
v -1.3849074840545654 -0.15164782106876373 3.31225323677063
v -1.3849074840545654 -0.15164782106876373 3.31225323677063
v -1.4128203392028809 -0.15164729952812195 3.3038079738616943
v -1.3847899436950684 -0.14866699278354645 3.213200092315674
v -1.384529948234558 -0.17722100019454956 3.2123401165008545
v -1.4125511646270752 -0.1807972937822342 3.302929162979126
v -1.3846435546875 -0.1807975172996521 3.31138277053833
v -1.3846435546875 -0.1807975172996521 3.31138277053833
v -1.3571900129318237 -0.17722100019454956 3.2206199169158936
v -1.384529948234558 -0.17722100019454956 3.2123401165008545
v -1.3834999799728394 -0.11780499666929245 3.208930015563965
v -1.3832900524139404 -0.1463640034198761 3.208240032196045
v -1.3559499979019165 -0.1463640034198761 3.216510057449341
v -1.3559499979019165 -0.1463640034198761 3.216510057449341
v -1.3561500310897827 -0.11780499666929245 3.2172000408172607
v -1.3834999799728394 -0.11780499666929245 3.208930015563965
v -1.3967455625534058 -0.11893206089735031 3.2517521381378174
v -1.3965330123901367 -0.14777247607707977 3.2510547637939453
v -1.3689242601394653 -0.14777249097824097 3.259406805038452
v -1.3689242601394653 -0.14777249097824097 3.259406805038452
v -1.3691285848617554 -0.11893206834793091 3.260103940963745
v -1.3967455625534058 -0.11893206089735031 3.2517521381378174
v -1.3967455625534058 -0.11893206089735031 3.2517521381378174
v -1.3965330123901367 -0.14777247607707977 3.2510547637939453
v -1.3832900524139404 -0.1463640034198761 3.208240032196045
v -1.3832900524139404 -0.1463640034198761 3.208240032196045
v -1.3834999799728394 -0.11780499666929245 3.208930015563965
v -1.3967455625534058 -0.11893206089735031 3.2517521381378174
v -1.3691285848617554 -0.11893206834793091 3.260103940963745
v -1.3689242601394653 -0.14777249097824097 3.259406805038452
v -1.3559499979019165 -0.1463640034198761 3.216510057449341
v -1.3559499979019165 -0.1463640034198761 3.216510057449341
v -1.3561500310897827 -0.11780499666929245 3.2172000408172607
v -1.3691285848617554 -0.11893206834793091 3.260103940963745
v -1.3834999799728394 -0.11780499666929245 3.208930015563965
v -1.3561500310897827 -0.11780499666929245 3.2172000408172607
v -1.3691285848617554 -0.11893206834793091 3.260103940963745
v -1.3691285848617554 -0.11893206834793091 3.260103940963745
v -1.3967455625534058 -0.11893206089735031 3.2517521381378174
v -1.3834999799728394 -0.11780499666929245 3.208930015563965
v -1.3832900524139404 -0.1463640034198761 3.208240032196045
v -1.3965330123901367 -0.14777247607707977 3.2510547637939453
v -1.3689242601394653 -0.14777249097824097 3.259406805038452
v -1.3689242601394653 -0.14777249097824097 3.259406805038452
v -1.3559499979019165 -0.1463640034198761 3.216510057449341
v -1.3832900524139404 -0.1463640034198761 3.208240032196045
v -1.3422000408172607 -0.1486469954252243 3.1789700984954834
v -1.3419699668884277 -0.17720100283622742 3.178109884262085
v -1.3145699501037598 -0.17722399532794952 3.186189889907837
v -1.3145699501037598 -0.17722399532794952 3.186189889907837
v -1.3148000240325928 -0.1486700028181076 3.1870601177215576
v -1.3422000408172607 -0.1486469954252243 3.1789700984954834
v -1.3573750257492065 -0.15029631555080414 3.2292375564575195
v -1.3571422100067139 -0.17918026447296143 3.2283666133880615
v -1.3294272422790527 -0.17920330166816711 3.2365405559539795
v -1.3294272422790527 -0.17920330166816711 3.2365405559539795
v -1.329660177230835 -0.15031959116458893 3.2374215126037598
v -1.3573750257492065 -0.15029631555080414 3.2292375564575195
v -1.3573750257492065 -0.15029631555080414 3.2292375564575195
v -1.3571422100067139 -0.17918026447296143 3.2283666133880615
v -1.3419699668884277 -0.17720100283622742 3.178109884262085
v -1.3419699668884277 -0.17720100283622742 3.178109884262085
v -1.3422000408172607 -0.1486469954252243 3.1789700984954834
v -1.3573750257492065 -0.15029631555080414 3.2292375564575195
v -1.329660177230835 -0.15031959116458893 3.2374215126037598
v -1.3294272422790527 -0.17920330166816711 3.2365405559539795
v -1.3145699501037598 -0.17722399532794952 3.186189889907837
v -1.3145699501037598 -0.17722399532794952 3.186189889907837
v -1.3148000240325928 -0.1486700028181076 3.1870601177215576
v -1.329660177230835 -0.15031959116458893 3.2374215126037598
v -1.3422000408172607 -0.1486469954252243 3.1789700984954834
v -1.3148000240325928 -0.1486700028181076 3.1870601177215576
v -1.329660177230835 -0.15031959116458893 3.2374215126037598
v -1.329660177230835 -0.15031959116458893 3.2374215126037598
v -1.3573750257492065 -0.15029631555080414 3.2292375564575195
v -1.3422000408172607 -0.1486469954252243 3.1789700984954834
v -1.3419699668884277 -0.17720100283622742 3.178109884262085
v -1.3571422100067139 -0.17918026447296143 3.2283666133880615
v -1.3294272422790527 -0.17920330166816711 3.2365405559539795
v -1.3294272422790527 -0.17920330166816711 3.2365405559539795
v -1.3145699501037598 -0.17722399532794952 3.186189889907837
v -1.3419699668884277 -0.17720100283622742 3.178109884262085
v -1.0377000570297241 -0.2650890052318573 3.1756300926208496
v -1.037369966506958 -0.293612003326416 3.1740500926971436
v -1.0095100402832031 -0.29363399744033813 3.1803500652313232
v -1.0095100402832031 -0.29363399744033813 3.1803500652313232
v -1.0098400115966797 -0.2651120126247406 3.1819300651550293
v -1.0377000570297241 -0.2650890052318573 3.1756300926208496
v -1.0511256456375122 -0.26844096183776855 3.2333178520202637
v -1.0507903099060059 -0.29733580350875854 3.2317163944244385
v -1.022564172744751 -0.29735854268074036 3.238100290298462
v -1.022564172744751 -0.29735854268074036 3.238100290298462
v -1.0228996276855469 -0.26846441626548767 3.239701986312866
v -1.0511256456375122 -0.26844096183776855 3.2333178520202637
v -1.0511256456375122 -0.26844096183776855 3.2333178520202637
v -1.0507903099060059 -0.29733580350875854 3.2317163944244385
v -1.037369966506958 -0.293612003326416 3.1740500926971436
v -1.037369966506958 -0.293612003326416 3.1740500926971436
v -1.0377000570297241 -0.2650890052318573 3.1756300926208496
v -1.0511256456375122 -0.26844096183776855 3.2333178520202637
v -1.0228996276855469 -0.26846441626548767 3.239701986312866
v -1.022564172744751 -0.29735854268074036 3.238100290298462
v -1.0095100402832031 -0.29363399744033813 3.1803500652313232
v -1.0095100402832031 -0.29363399744033813 3.1803500652313232
v -1.0098400115966797 -0.2651120126247406 3.1819300651550293
v -1.0228996276855469 -0.26846441626548767 3.239701986312866
v -1.0377000570297241 -0.2650890052318573 3.1756300926208496
v -1.0098400115966797 -0.2651120126247406 3.1819300651550293
v -1.0228996276855469 -0.26846441626548767 3.239701986312866
v -1.0228996276855469 -0.26846441626548767 3.239701986312866
v -1.0511256456375122 -0.26844096183776855 3.2333178520202637
v -1.0377000570297241 -0.2650890052318573 3.1756300926208496
v -1.037369966506958 -0.293612003326416 3.1740500926971436
v -1.0507903099060059 -0.29733580350875854 3.2317163944244385
v -1.022564172744751 -0.29735854268074036 3.238100290298462
v -1.022564172744751 -0.29735854268074036 3.238100290298462
v -1.0095100402832031 -0.29363399744033813 3.1803500652313232
v -1.037369966506958 -0.293612003326416 3.1740500926971436
v -1.0378700494766235 -0.23597200214862823 3.176500082015991
v -1.0375800132751465 -0.26450398564338684 3.1750900745391846
v -1.0097099542617798 -0.26452600955963135 3.1813900470733643
v -1.0097099542617798 -0.26452600955963135 3.1813900470733643
v -1.010010004043579 -0.23599399626255035 3.1827900409698486
v -1.0378700494766235 -0.23597200214862823 3.176500082015991
v -1.0455750226974487 -0.23768164217472076 3.2096097469329834
v -1.0452815294265747 -0.266427218914032 3.208189010620117
v -1.0172044038772583 -0.2664494216442108 3.214536428451538
v -1.0172044038772583 -0.2664494216442108 3.214536428451538
v -1.0175057649612427 -0.23770387470722198 3.2159478664398193
v -1.0455750226974487 -0.23768164217472076 3.2096097469329834
v -1.0455750226974487 -0.23768164217472076 3.2096097469329834
v -1.0452815294265747 -0.266427218914032 3.208189010620117
v -1.0375800132751465 -0.26450398564338684 3.1750900745391846
v -1.0375800132751465 -0.26450398564338684 3.1750900745391846
v -1.0378700494766235 -0.23597200214862823 3.176500082015991
v -1.0455750226974487 -0.23768164217472076 3.2096097469329834
v -1.0175057649612427 -0.23770387470722198 3.2159478664398193
v -1.0172044038772583 -0.2664494216442108 3.214536428451538
v -1.0097099542617798 -0.26452600955963135 3.1813900470733643
v -1.0097099542617798 -0.26452600955963135 3.1813900470733643
v -1.010010004043579 -0.23599399626255035 3.1827900409698486
v -1.0175057649612427 -0.23770387470722198 3.2159478664398193
v -1.0378700494766235 -0.23597200214862823 3.176500082015991
v -1.010010004043579 -0.23599399626255035 3.1827900409698486
v -1.0175057649612427 -0.23770387470722198 3.2159478664398193
v -1.0175057649612427 -0.23770387470722198 3.2159478664398193
v -1.0455750226974487 -0.23768164217472076 3.2096097469329834
v -1.0378700494766235 -0.23597200214862823 3.176500082015991
v -1.0375800132751465 -0.26450398564338684 3.1750900745391846
v -1.0452815294265747 -0.266427218914032 3.208189010620117
v -1.0172044038772583 -0.2664494216442108 3.214536428451538
v -1.0172044038772583 -0.2664494216442108 3.214536428451538
v -1.0097099542617798 -0.26452600955963135 3.1813900470733643
v -1.0375800132751465 -0.26450398564338684 3.1750900745391846
v -1.0150599479675293 -1.0454800128936768 3.2113800048828125
v -1.0138399600982666 -1.0733599662780762 3.2052700519561768
v -0.9859340190887451 -1.0734800100326538 3.2113900184631348
v -0.9859340190887451 -1.0734800100326538 3.2113900184631348
v -0.9871569871902466 -1.0456000566482544 3.2174999713897705
v -1.0150599479675293 -1.0454800128936768 3.2113800048828125
v -1.023350477218628 -1.0538419485092163 3.2478785514831543
v -1.0221199989318848 -1.0819573402404785 3.241716146469116
v -0.9939781427383423 -1.0820773839950562 3.2478890419006348
v -0.9939781427383423 -1.0820773839950562 3.2478890419006348
v -0.995211124420166 -1.0539621114730835 3.254051446914673
v -1.023350477218628 -1.0538419485092163 3.2478785514831543
v -1.023350477218628 -1.0538419485092163 3.2478785514831543
v -1.0221199989318848 -1.0819573402404785 3.241716146469116
v -1.0138399600982666 -1.0733599662780762 3.2052700519561768
v -1.0138399600982666 -1.0733599662780762 3.2052700519561768
v -1.0150599479675293 -1.0454800128936768 3.2113800048828125
v -1.023350477218628 -1.0538419485092163 3.2478785514831543
v -0.995211124420166 -1.0539621114730835 3.254051446914673
v -0.9939781427383423 -1.0820773839950562 3.2478890419006348
v -0.9859340190887451 -1.0734800100326538 3.2113900184631348
v -0.9859340190887451 -1.0734800100326538 3.2113900184631348
v -0.9871569871902466 -1.0456000566482544 3.2174999713897705
v -0.995211124420166 -1.0539621114730835 3.254051446914673
v -1.0150599479675293 -1.0454800128936768 3.2113800048828125
v -0.9871569871902466 -1.0456000566482544 3.2174999713897705
v -0.995211124420166 -1.0539621114730835 3.254051446914673
v -0.995211124420166 -1.0539621114730835 3.254051446914673
v -1.023350477218628 -1.0538419485092163 3.2478785514831543
v -1.0150599479675293 -1.0454800128936768 3.2113800048828125
v -1.0138399600982666 -1.0733599662780762 3.2052700519561768
v -1.0221199989318848 -1.0819573402404785 3.241716146469116
v -0.9939781427383423 -1.0820773839950562 3.2478890419006348
v -0.9939781427383423 -1.0820773839950562 3.2478890419006348
v -0.9859340190887451 -1.0734800100326538 3.2113900184631348
v -1.0138399600982666 -1.0733599662780762 3.2052700519561768
v -0.772970974445343 0.886352002620697 3.1936399936676025
v -0.8011230230331421 0.8863239884376526 3.1887800693511963
v -0.8019760251045227 0.8582289814949036 3.19389009475708
v -0.8019760251045227 0.8582289814949036 3.19389009475708
v -0.7738239765167236 0.858256995677948 3.198740005493164
v -0.772970974445343 0.886352002620697 3.1936399936676025
v -0.7798497080802917 0.8940587639808655 3.2334535121917725
v -0.8082558512687683 0.8940300345420837 3.228549003601074
v -0.8091170787811279 0.8656813502311707 3.233705759048462
v -0.8091170787811279 0.8656813502311707 3.233705759048462
v -0.7807103991508484 0.8657095432281494 3.238600492477417
v -0.7798497080802917 0.8940587639808655 3.2334535121917725
v -0.7798497080802917 0.8940587639808655 3.2334535121917725
v -0.8082558512687683 0.8940300345420837 3.228549003601074
v -0.8011230230331421 0.8863239884376526 3.1887800693511963
v -0.8011230230331421 0.8863239884376526 3.1887800693511963
v -0.772970974445343 0.886352002620697 3.1936399936676025
v -0.7798497080802917 0.8940587639808655 3.2334535121917725
v -0.7807103991508484 0.8657095432281494 3.238600492477417
v -0.8091170787811279 0.8656813502311707 3.233705759048462
v -0.8019760251045227 0.8582289814949036 3.19389009475708
v -0.8019760251045227 0.8582289814949036 3.19389009475708
v -0.7738239765167236 0.858256995677948 3.198740005493164
v -0.7807103991508484 0.8657095432281494 3.238600492477417
v -0.772970974445343 0.886352002620697 3.1936399936676025
v -0.7738239765167236 0.858256995677948 3.198740005493164
v -0.7807103991508484 0.8657095432281494 3.238600492477417
v -0.7807103991508484 0.8657095432281494 3.238600492477417
v -0.7798497080802917 0.8940587639808655 3.2334535121917725
v -0.772970974445343 0.886352002620697 3.1936399936676025
v -0.8011230230331421 0.8863239884376526 3.1887800693511963
v -0.8082558512687683 0.8940300345420837 3.228549003601074
v -0.8091170787811279 0.8656813502311707 3.233705759048462
v -0.8091170787811279 0.8656813502311707 3.233705759048462
v -0.8019760251045227 0.8582289814949036 3.19389009475708
v -0.8011230230331421 0.8863239884376526 3.1887800693511963
v -0.7397599816322327 -1.1307200193405151 3.1870899200439453
v -0.7388560175895691 -1.1584800481796265 3.180389881134033
v -0.7106389999389648 -1.1586300134658813 3.184849977493286
v -0.7106389999389648 -1.1586300134658813 3.184849977493286
v -0.7115430235862732 -1.1308799982070923 3.1915500164031982
v -0.7397599816322327 -1.1307200193405151 3.1870899200439453
v -0.7495439052581787 -1.1452503204345703 3.246015787124634
v -0.7486273050308228 -1.173384189605713 3.239224433898926
v -0.7200287580490112 -1.173539638519287 3.2437450885772705
v -0.7200287580490112 -1.173539638519287 3.2437450885772705
v -0.7209451794624329 -1.1454130411148071 3.250537157058716
v -0.7495439052581787 -1.1452503204345703 3.246015787124634
v -0.7495439052581787 -1.1452503204345703 3.246015787124634
v -0.7486273050308228 -1.173384189605713 3.239224433898926
v -0.7388560175895691 -1.1584800481796265 3.180389881134033
v -0.7388560175895691 -1.1584800481796265 3.180389881134033
v -0.7397599816322327 -1.1307200193405151 3.1870899200439453
v -0.7495439052581787 -1.1452503204345703 3.246015787124634
v -0.7209451794624329 -1.1454130411148071 3.250537157058716
v -0.7200287580490112 -1.173539638519287 3.2437450885772705
v -0.7106389999389648 -1.1586300134658813 3.184849977493286
v -0.7106389999389648 -1.1586300134658813 3.184849977493286
v -0.7115430235862732 -1.1308799982070923 3.1915500164031982
v -0.7209451794624329 -1.1454130411148071 3.250537157058716
v -0.7397599816322327 -1.1307200193405151 3.1870899200439453
v -0.7115430235862732 -1.1308799982070923 3.1915500164031982
v -0.7209451794624329 -1.1454130411148071 3.250537157058716
v -0.7209451794624329 -1.1454130411148071 3.250537157058716
v -0.7495439052581787 -1.1452503204345703 3.246015787124634
v -0.7397599816322327 -1.1307200193405151 3.1870899200439453
v -0.7388560175895691 -1.1584800481796265 3.180389881134033
v -0.7486273050308228 -1.173384189605713 3.239224433898926
v -0.7200287580490112 -1.173539638519287 3.2437450885772705
v -0.7200287580490112 -1.173539638519287 3.2437450885772705
v -0.7106389999389648 -1.1586300134658813 3.184849977493286
v -0.7388560175895691 -1.1584800481796265 3.180389881134033
v -0.6815119981765747 0.38300299644470215 3.1862800121307373
v -0.7097569704055786 0.3829689919948578 3.181999921798706
v -0.7100459933280945 0.3544819951057434 3.1841299533843994
v -0.7100459933280945 0.3544819951057434 3.1841299533843994
v -0.681801974773407 0.35451599955558777 3.188420057296753
v -0.6815119981765747 0.38300299644470215 3.1862800121307373
v -0.6891140937805176 0.3871471881866455 3.236339569091797
v -0.7176744937896729 0.38711270689964294 3.232010841369629
v -0.7179672122001648 0.3583076298236847 3.2341654300689697
v -0.7179672122001648 0.3583076298236847 3.2341654300689697
v -0.6894079446792603 0.3583422899246216 3.238504409790039
v -0.6891140937805176 0.3871471881866455 3.236339569091797
v -0.6891140937805176 0.3871471881866455 3.236339569091797
v -0.7176744937896729 0.38711270689964294 3.232010841369629
v -0.7097569704055786 0.3829689919948578 3.181999921798706
v -0.7097569704055786 0.3829689919948578 3.181999921798706
v -0.6815119981765747 0.38300299644470215 3.1862800121307373
v -0.6891140937805176 0.3871471881866455 3.236339569091797
v -0.6894079446792603 0.3583422899246216 3.238504409790039
v -0.7179672122001648 0.3583076298236847 3.2341654300689697
v -0.7100459933280945 0.3544819951057434 3.1841299533843994
v -0.7100459933280945 0.3544819951057434 3.1841299533843994
v -0.681801974773407 0.35451599955558777 3.188420057296753
v -0.6894079446792603 0.3583422899246216 3.238504409790039
v -0.6815119981765747 0.38300299644470215 3.1862800121307373
v -0.681801974773407 0.35451599955558777 3.188420057296753
v -0.6894079446792603 0.3583422899246216 3.238504409790039
v -0.6894079446792603 0.3583422899246216 3.238504409790039
v -0.6891140937805176 0.3871471881866455 3.236339569091797
v -0.6815119981765747 0.38300299644470215 3.1862800121307373
v -0.7097569704055786 0.3829689919948578 3.181999921798706
v -0.7176744937896729 0.38711270689964294 3.232010841369629
v -0.7179672122001648 0.3583076298236847 3.2341654300689697
v -0.7179672122001648 0.3583076298236847 3.2341654300689697
v -0.7100459933280945 0.3544819951057434 3.1841299533843994
v -0.7097569704055786 0.3829689919948578 3.181999921798706
v -0.6812520027160645 0.4120590090751648 3.1843199729919434
v -0.709496021270752 0.41202500462532043 3.180030107498169
v -0.7098129987716675 0.38355201482772827 3.182339906692505
v -0.7098129987716675 0.38355201482772827 3.182339906692505
v -0.6815680265426636 0.38358598947525024 3.1866300106048584
v -0.6812520027160645 0.4120590090751648 3.1843199729919434
v -0.6904200315475464 0.4174429178237915 3.24468731880188
v -0.7190443873405457 0.41740837693214417 3.2403383255004883
v -0.7193658351898193 0.38855159282684326 3.242680549621582
v -0.7193658351898193 0.38855159282684326 3.242680549621582
v -0.6907407641410828 0.3885864019393921 3.2470295429229736
v -0.6904200315475464 0.4174429178237915 3.24468731880188
v -0.6904200315475464 0.4174429178237915 3.24468731880188
v -0.7190443873405457 0.41740837693214417 3.2403383255004883
v -0.709496021270752 0.41202500462532043 3.180030107498169
v -0.709496021270752 0.41202500462532043 3.180030107498169
v -0.6812520027160645 0.4120590090751648 3.1843199729919434
v -0.6904200315475464 0.4174429178237915 3.24468731880188
v -0.6907407641410828 0.3885864019393921 3.2470295429229736
v -0.7193658351898193 0.38855159282684326 3.242680549621582
v -0.7098129987716675 0.38355201482772827 3.182339906692505
v -0.7098129987716675 0.38355201482772827 3.182339906692505
v -0.6815680265426636 0.38358598947525024 3.1866300106048584
v -0.6907407641410828 0.3885864019393921 3.2470295429229736
v -0.6812520027160645 0.4120590090751648 3.1843199729919434
v -0.6815680265426636 0.38358598947525024 3.1866300106048584
v -0.6907407641410828 0.3885864019393921 3.2470295429229736
v -0.6907407641410828 0.3885864019393921 3.2470295429229736
v -0.6904200315475464 0.4174429178237915 3.24468731880188
v -0.6812520027160645 0.4120590090751648 3.1843199729919434
v -0.709496021270752 0.41202500462532043 3.180030107498169
v -0.7190443873405457 0.41740837693214417 3.2403383255004883
v -0.7193658351898193 0.38855159282684326 3.242680549621582
v -0.7193658351898193 0.38855159282684326 3.242680549621582
v -0.7098129987716675 0.38355201482772827 3.182339906692505
v -0.709496021270752 0.41202500462532043 3.180030107498169
v -0.6522290110588074 -0.1486620008945465 3.191190004348755
v -0.6521109938621521 -0.17721599340438843 3.1902999877929688
v -0.6238139867782593 -0.17722100019454956 3.194240093231201
v -0.6238139867782593 -0.17722100019454956 3.194240093231201
v -0.6239320039749146 -0.14866699278354645 3.195120096206665
v -0.6522290110588074 -0.1486620008945465 3.191190004348755
v -0.663994550704956 -0.15123242139816284 3.2721378803253174
v -0.6638739109039307 -0.1803000420331955 3.271230459213257
v -0.6350688338279724 -0.180305615067482 3.275242567062378
v -0.6350688338279724 -0.180305615067482 3.275242567062378
v -0.6351889371871948 -0.1512378454208374 3.2761402130126953
v -0.663994550704956 -0.15123242139816284 3.2721378803253174
v -0.663994550704956 -0.15123242139816284 3.2721378803253174
v -0.6638739109039307 -0.1803000420331955 3.271230459213257
v -0.6521109938621521 -0.17721599340438843 3.1902999877929688
v -0.6521109938621521 -0.17721599340438843 3.1902999877929688
v -0.6522290110588074 -0.1486620008945465 3.191190004348755
v -0.663994550704956 -0.15123242139816284 3.2721378803253174
v -0.6351889371871948 -0.1512378454208374 3.2761402130126953
v -0.6350688338279724 -0.180305615067482 3.275242567062378
v -0.6238139867782593 -0.17722100019454956 3.194240093231201
v -0.6238139867782593 -0.17722100019454956 3.194240093231201
v -0.6239320039749146 -0.14866699278354645 3.195120096206665
v -0.6351889371871948 -0.1512378454208374 3.2761402130126953
v -0.6522290110588074 -0.1486620008945465 3.191190004348755
v -0.6239320039749146 -0.14866699278354645 3.195120096206665
v -0.6351889371871948 -0.1512378454208374 3.2761402130126953
v -0.6351889371871948 -0.1512378454208374 3.2761402130126953
v -0.663994550704956 -0.15123242139816284 3.2721378803253174
v -0.6522290110588074 -0.1486620008945465 3.191190004348755
v -0.6521109938621521 -0.17721599340438843 3.1902999877929688
v -0.6638739109039307 -0.1803000420331955 3.271230459213257
v -0.6350688338279724 -0.180305615067482 3.275242567062378
v -0.6350688338279724 -0.180305615067482 3.275242567062378
v -0.6238139867782593 -0.17722100019454956 3.194240093231201
v -0.6521109938621521 -0.17721599340438843 3.1902999877929688
v -0.5948039889335632 0.20631900429725647 3.1969799995422363
v -0.6231250166893005 0.20632000267505646 3.1932199001312256
v -0.6232659816741943 0.17777200043201447 3.1942899227142334
v -0.6232659816741943 0.17777200043201447 3.1942899227142334
v -0.594946026802063 0.17777200043201447 3.198040008544922
v -0.5948039889335632 0.20631900429725647 3.1969799995422363
v -0.6035181283950806 0.20923800766468048 3.2627291679382324
v -0.6322519183158875 0.20923848450183868 3.258913278579712
v -0.6323952674865723 0.1802741438150406 3.259999990463257
v -0.6323952674865723 0.1802741438150406 3.259999990463257
v -0.603661835193634 0.18027421832084656 3.263806104660034
v -0.6035181283950806 0.20923800766468048 3.2627291679382324
v -0.6035181283950806 0.20923800766468048 3.2627291679382324
v -0.6322519183158875 0.20923848450183868 3.258913278579712
v -0.6231250166893005 0.20632000267505646 3.1932199001312256
v -0.6231250166893005 0.20632000267505646 3.1932199001312256
v -0.5948039889335632 0.20631900429725647 3.1969799995422363
v -0.6035181283950806 0.20923800766468048 3.2627291679382324
v -0.603661835193634 0.18027421832084656 3.263806104660034
v -0.6323952674865723 0.1802741438150406 3.259999990463257
v -0.6232659816741943 0.17777200043201447 3.1942899227142334
v -0.6232659816741943 0.17777200043201447 3.1942899227142334
v -0.594946026802063 0.17777200043201447 3.198040008544922
v -0.603661835193634 0.18027421832084656 3.263806104660034
v -0.5948039889335632 0.20631900429725647 3.1969799995422363
v -0.594946026802063 0.17777200043201447 3.198040008544922
v -0.603661835193634 0.18027421832084656 3.263806104660034
v -0.603661835193634 0.18027421832084656 3.263806104660034
v -0.6035181283950806 0.20923800766468048 3.2627291679382324
v -0.5948039889335632 0.20631900429725647 3.1969799995422363
v -0.6231250166893005 0.20632000267505646 3.1932199001312256
v -0.6322519183158875 0.20923848450183868 3.258913278579712
v -0.6323952674865723 0.1802741438150406 3.259999990463257
v -0.6323952674865723 0.1802741438150406 3.259999990463257
v -0.6232659816741943 0.17777200043201447 3.1942899227142334
v -0.6231250166893005 0.20632000267505646 3.1932199001312256
v -0.5946630239486694 0.23542000353336334 3.1959099769592285
v -0.6229829788208008 0.23542000353336334 3.19215989112854
v -0.6231480240821838 0.20688000321388245 3.1933999061584473
v -0.6231480240821838 0.20688000321388245 3.1933999061584473
v -0.5948280096054077 0.20688000321388245 3.1971499919891357
v -0.5946630239486694 0.23542000353336334 3.1959099769592285
v -0.6063244342803955 0.2398853302001953 3.2838997840881348
v -0.6351978778839111 0.23988521099090576 3.2800745964050293
v -0.6353663802146912 0.21078744530677795 3.2813405990600586
v -0.6353663802146912 0.21078744530677795 3.2813405990600586
v -0.6064923405647278 0.21078737080097198 3.285166025161743
v -0.6063244342803955 0.2398853302001953 3.2838997840881348
v -0.6063244342803955 0.2398853302001953 3.2838997840881348
v -0.6351978778839111 0.23988521099090576 3.2800745964050293
v -0.6229829788208008 0.23542000353336334 3.19215989112854
v -0.6229829788208008 0.23542000353336334 3.19215989112854
v -0.5946630239486694 0.23542000353336334 3.1959099769592285
v -0.6063244342803955 0.2398853302001953 3.2838997840881348
v -0.6064923405647278 0.21078737080097198 3.285166025161743
v -0.6353663802146912 0.21078744530677795 3.2813405990600586
v -0.6231480240821838 0.20688000321388245 3.1933999061584473
v -0.6231480240821838 0.20688000321388245 3.1933999061584473
v -0.5948280096054077 0.20688000321388245 3.1971499919891357
v -0.6064923405647278 0.21078737080097198 3.285166025161743
v -0.5946630239486694 0.23542000353336334 3.1959099769592285
v -0.5948280096054077 0.20688000321388245 3.1971499919891357
v -0.6064923405647278 0.21078737080097198 3.285166025161743
v -0.6064923405647278 0.21078737080097198 3.285166025161743
v -0.6063244342803955 0.2398853302001953 3.2838997840881348
v -0.5946630239486694 0.23542000353336334 3.1959099769592285
v -0.6229829788208008 0.23542000353336334 3.19215989112854
v -0.6351978778839111 0.23988521099090576 3.2800745964050293
v -0.6353663802146912 0.21078744530677795 3.2813405990600586
v -0.6353663802146912 0.21078744530677795 3.2813405990600586
v -0.6231480240821838 0.20688000321388245 3.1933999061584473
v -0.6229829788208008 0.23542000353336334 3.19215989112854
v -0.5323989987373352 0.26452499628067017 3.181580066680908
v -0.5607690215110779 0.2645080089569092 3.17822003364563
v -0.5609210133552551 0.23597599565982819 3.179640054702759
v -0.5609210133552551 0.23597599565982819 3.179640054702759
v -0.5325509905815125 0.23599299788475037 3.1830101013183594
v -0.5323989987373352 0.26452499628067017 3.181580066680908
v -0.5466417670249939 0.271375834941864 3.3017685413360596
v -0.5757673382759094 0.27135807275772095 3.298316717147827
v -0.5759232640266418 0.24206550419330597 3.299777030944824
v -0.5759232640266418 0.24206550419330597 3.299777030944824
v -0.5467984080314636 0.24208351969718933 3.303238868713379
v -0.5466417670249939 0.271375834941864 3.3017685413360596
v -0.5466417670249939 0.271375834941864 3.3017685413360596
v -0.5757673382759094 0.27135807275772095 3.298316717147827
v -0.5607690215110779 0.2645080089569092 3.17822003364563
v -0.5607690215110779 0.2645080089569092 3.17822003364563
v -0.5323989987373352 0.26452499628067017 3.181580066680908
v -0.5466417670249939 0.271375834941864 3.3017685413360596
v -0.5467984080314636 0.24208351969718933 3.303238868713379
v -0.5759232640266418 0.24206550419330597 3.299777030944824
v -0.5609210133552551 0.23597599565982819 3.179640054702759
v -0.5609210133552551 0.23597599565982819 3.179640054702759
v -0.5325509905815125 0.23599299788475037 3.1830101013183594
v -0.5467984080314636 0.24208351969718933 3.303238868713379
v -0.5323989987373352 0.26452499628067017 3.181580066680908
v -0.5325509905815125 0.23599299788475037 3.1830101013183594
v -0.5467984080314636 0.24208351969718933 3.303238868713379
v -0.5467984080314636 0.24208351969718933 3.303238868713379
v -0.5466417670249939 0.271375834941864 3.3017685413360596
v -0.5323989987373352 0.26452499628067017 3.181580066680908
v -0.5607690215110779 0.2645080089569092 3.17822003364563
v -0.5757673382759094 0.27135807275772095 3.298316717147827
v -0.5759232640266418 0.24206550419330597 3.299777030944824
v -0.5759232640266418 0.24206550419330597 3.299777030944824
v -0.5609210133552551 0.23597599565982819 3.179640054702759
v -0.5607690215110779 0.2645080089569092 3.17822003364563
v -0.5062680244445801 -1.198580026626587 3.219559907913208
v -0.5055609941482544 -1.2262500524520874 3.2124900817871094
v -0.4771530032157898 -1.2263000011444092 3.2155001163482666
v -0.4771530032157898 -1.2263000011444092 3.2155001163482666
v -0.4778589904308319 -1.1986299753189087 3.2225699424743652
v -0.5062680244445801 -1.198580026626587 3.219559907913208
v -0.5105120539665222 -1.208275556564331 3.2570908069610596
v -0.5097988843917847 -1.2361828088760376 3.2499594688415527
v -0.4811471998691559 -1.2362327575683594 3.2529962062835693
v -0.4811471998691559 -1.2362327575683594 3.2529962062835693
v -0.4818595349788666 -1.2083256244659424 3.260127544403076
v -0.5105120539665222 -1.208275556564331 3.2570908069610596
v -0.5105120539665222 -1.208275556564331 3.2570908069610596
v -0.5097988843917847 -1.2361828088760376 3.2499594688415527
v -0.5055609941482544 -1.2262500524520874 3.2124900817871094
v -0.5055609941482544 -1.2262500524520874 3.2124900817871094
v -0.5062680244445801 -1.198580026626587 3.219559907913208
v -0.5105120539665222 -1.208275556564331 3.2570908069610596
v -0.4818595349788666 -1.2083256244659424 3.260127544403076
v -0.4811471998691559 -1.2362327575683594 3.2529962062835693
v -0.4771530032157898 -1.2263000011444092 3.2155001163482666
v -0.4771530032157898 -1.2263000011444092 3.2155001163482666
v -0.4778589904308319 -1.1986299753189087 3.2225699424743652
v -0.4818595349788666 -1.2083256244659424 3.260127544403076
v -0.5062680244445801 -1.198580026626587 3.219559907913208
v -0.4778589904308319 -1.1986299753189087 3.2225699424743652
v -0.4818595349788666 -1.2083256244659424 3.260127544403076
v -0.4818595349788666 -1.2083256244659424 3.260127544403076
v -0.5105120539665222 -1.208275556564331 3.2570908069610596
v -0.5062680244445801 -1.198580026626587 3.219559907913208
v -0.5055609941482544 -1.2262500524520874 3.2124900817871094
v -0.5097988843917847 -1.2361828088760376 3.2499594688415527
v -0.4811471998691559 -1.2362327575683594 3.2529962062835693
v -0.4811471998691559 -1.2362327575683594 3.2529962062835693
v -0.4771530032157898 -1.2263000011444092 3.2155001163482666
v -0.5055609941482544 -1.2262500524520874 3.2124900817871094
v -0.5032510161399841 -0.1486620008945465 3.1884000301361084
v -0.5031620264053345 -0.17721599340438843 3.1875100135803223
v -0.4747529923915863 -0.17722100019454956 3.1905100345611572
v -0.4747529923915863 -0.17722100019454956 3.1905100345611572
v -0.47484099864959717 -0.14866699278354645 3.1914000511169434
v -0.5032510161399841 -0.1486620008945465 3.1884000301361084
v -0.5248283743858337 -0.15474820137023926 3.3808772563934326
v -0.5247361063957214 -0.18451863527297974 3.3799452781677246
v -0.4951159954071045 -0.1845245063304901 3.3830771446228027
v -0.4951159954071045 -0.1845245063304901 3.3830771446228027
v -0.49520814418792725 -0.15475407242774963 3.3840088844299316
v -0.5248283743858337 -0.15474820137023926 3.3808772563934326
v -0.5248283743858337 -0.15474820137023926 3.3808772563934326
v -0.5247361063957214 -0.18451863527297974 3.3799452781677246
v -0.5031620264053345 -0.17721599340438843 3.1875100135803223
v -0.5031620264053345 -0.17721599340438843 3.1875100135803223
v -0.5032510161399841 -0.1486620008945465 3.1884000301361084
v -0.5248283743858337 -0.15474820137023926 3.3808772563934326
v -0.49520814418792725 -0.15475407242774963 3.3840088844299316
v -0.4951159954071045 -0.1845245063304901 3.3830771446228027
v -0.4747529923915863 -0.17722100019454956 3.1905100345611572
v -0.4747529923915863 -0.17722100019454956 3.1905100345611572
v -0.47484099864959717 -0.14866699278354645 3.1914000511169434
v -0.49520814418792725 -0.15475407242774963 3.3840088844299316
v -0.5032510161399841 -0.1486620008945465 3.1884000301361084
v -0.47484099864959717 -0.14866699278354645 3.1914000511169434
v -0.49520814418792725 -0.15475407242774963 3.3840088844299316
v -0.49520814418792725 -0.15475407242774963 3.3840088844299316
v -0.5248283743858337 -0.15474820137023926 3.3808772563934326
v -0.5032510161399841 -0.1486620008945465 3.1884000301361084
v -0.5031620264053345 -0.17721599340438843 3.1875100135803223
v -0.5247361063957214 -0.18451863527297974 3.3799452781677246
v -0.4951159954071045 -0.1845245063304901 3.3830771446228027
v -0.4951159954071045 -0.1845245063304901 3.3830771446228027
v -0.4747529923915863 -0.17722100019454956 3.1905100345611572
v -0.5031620264053345 -0.17721599340438843 3.1875100135803223
v -0.4746370017528534 -0.5025960206985474 3.195050001144409
v -0.47433599829673767 -0.5310009717941284 3.1920199394226074
v -0.4459080100059509 -0.5310009717941284 3.1948399543762207
v -0.4459080100059509 -0.5310009717941284 3.1948399543762207
v -0.44620999693870544 -0.5025960206985474 3.1978800296783447
v -0.4746370017528534 -0.5025960206985474 3.195050001144409
v -0.48297637701034546 -0.5110896229743958 3.273829936981201
v -0.48266953229904175 -0.5399921536445618 3.270745277404785
v -0.4537436366081238 -0.5399922132492065 3.273616313934326
v -0.4537436366081238 -0.5399922132492065 3.273616313934326
v -0.45405107736587524 -0.5110896825790405 3.2767109870910645
v -0.48297637701034546 -0.5110896229743958 3.273829936981201
v -0.48297637701034546 -0.5110896229743958 3.273829936981201
v -0.48266953229904175 -0.5399921536445618 3.270745277404785
v -0.47433599829673767 -0.5310009717941284 3.1920199394226074
v -0.47433599829673767 -0.5310009717941284 3.1920199394226074
v -0.4746370017528534 -0.5025960206985474 3.195050001144409
v -0.48297637701034546 -0.5110896229743958 3.273829936981201
v -0.45405107736587524 -0.5110896825790405 3.2767109870910645
v -0.4537436366081238 -0.5399922132492065 3.273616313934326
v -0.4459080100059509 -0.5310009717941284 3.1948399543762207
v -0.4459080100059509 -0.5310009717941284 3.1948399543762207
v -0.44620999693870544 -0.5025960206985474 3.1978800296783447
v -0.45405107736587524 -0.5110896825790405 3.2767109870910645
v -0.4746370017528534 -0.5025960206985474 3.195050001144409
v -0.44620999693870544 -0.5025960206985474 3.1978800296783447
v -0.45405107736587524 -0.5110896825790405 3.2767109870910645
v -0.45405107736587524 -0.5110896825790405 3.2767109870910645
v -0.48297637701034546 -0.5110896229743958 3.273829936981201
v -0.4746370017528534 -0.5025960206985474 3.195050001144409
v -0.47433599829673767 -0.5310009717941284 3.1920199394226074
v -0.48266953229904175 -0.5399921536445618 3.270745277404785
v -0.4537436366081238 -0.5399922132492065 3.273616313934326
v -0.4537436366081238 -0.5399922132492065 3.273616313934326
v -0.4459080100059509 -0.5310009717941284 3.1948399543762207
v -0.47433599829673767 -0.5310009717941284 3.1920199394226074
v -0.41357800364494324 -0.8006309866905212 3.190340042114258
v -0.41325199604034424 -0.8287889957427979 3.185529947280884
v -0.384786993265152 -0.8288729786872864 3.1879498958587646
v -0.384786993265152 -0.8288729786872864 3.1879498958587646
v -0.385113000869751 -0.8007150292396545 3.1927599906921387
v -0.41357800364494324 -0.8006309866905212 3.190340042114258
v -0.41835418343544006 -0.8095546364784241 3.2422380447387695
v -0.41802462935447693 -0.8380401134490967 3.2373709678649902
v -0.3892287313938141 -0.8381251096725464 3.2398202419281006
v -0.3892287313938141 -0.8381251096725464 3.2398202419281006
v -0.3895582854747772 -0.8096396923065186 3.24468731880188
v -0.41835418343544006 -0.8095546364784241 3.2422380447387695
v -0.41835418343544006 -0.8095546364784241 3.2422380447387695
v -0.41802462935447693 -0.8380401134490967 3.2373709678649902
v -0.41325199604034424 -0.8287889957427979 3.185529947280884
v -0.41325199604034424 -0.8287889957427979 3.185529947280884
v -0.41357800364494324 -0.8006309866905212 3.190340042114258
v -0.41835418343544006 -0.8095546364784241 3.2422380447387695
v -0.3895582854747772 -0.8096396923065186 3.24468731880188
v -0.3892287313938141 -0.8381251096725464 3.2398202419281006
v -0.384786993265152 -0.8288729786872864 3.1879498958587646
v -0.384786993265152 -0.8288729786872864 3.1879498958587646
v -0.385113000869751 -0.8007150292396545 3.1927599906921387
v -0.3895582854747772 -0.8096396923065186 3.24468731880188
v -0.41357800364494324 -0.8006309866905212 3.190340042114258
v -0.385113000869751 -0.8007150292396545 3.1927599906921387
v -0.3895582854747772 -0.8096396923065186 3.24468731880188
v -0.3895582854747772 -0.8096396923065186 3.24468731880188
v -0.41835418343544006 -0.8095546364784241 3.2422380447387695
v -0.41357800364494324 -0.8006309866905212 3.190340042114258
v -0.41325199604034424 -0.8287889957427979 3.185529947280884
v -0.41802462935447693 -0.8380401134490967 3.2373709678649902
v -0.3892287313938141 -0.8381251096725464 3.2398202419281006
v -0.3892287313938141 -0.8381251096725464 3.2398202419281006
v -0.384786993265152 -0.8288729786872864 3.1879498958587646
v -0.41325199604034424 -0.8287889957427979 3.185529947280884
v -0.38373899459838867 -0.2650989890098572 3.1799099445343018
v -0.38362398743629456 -0.2936210036277771 3.178299903869629
v -0.3551439940929413 -0.29363200068473816 3.180540084838867
v -0.3551439940929413 -0.29363200068473816 3.180540084838867
v -0.3552600145339966 -0.26510998606681824 3.182149887084961
v -0.38373899459838867 -0.2650989890098572 3.1799099445343018
v -0.39272618293762207 -0.2710954248905182 3.285466194152832
v -0.392607718706131 -0.30028295516967773 3.2838165760040283
v -0.36346369981765747 -0.30029451847076416 3.2861111164093018
v -0.36346369981765747 -0.30029451847076416 3.2861111164093018
v -0.36358219385147095 -0.2711069881916046 3.2877607345581055
v -0.39272618293762207 -0.2710954248905182 3.285466194152832
v -0.39272618293762207 -0.2710954248905182 3.285466194152832
v -0.392607718706131 -0.30028295516967773 3.2838165760040283
v -0.38362398743629456 -0.2936210036277771 3.178299903869629
v -0.38362398743629456 -0.2936210036277771 3.178299903869629
v -0.38373899459838867 -0.2650989890098572 3.1799099445343018
v -0.39272618293762207 -0.2710954248905182 3.285466194152832
v -0.36358219385147095 -0.2711069881916046 3.2877607345581055
v -0.36346369981765747 -0.30029451847076416 3.2861111164093018
v -0.3551439940929413 -0.29363200068473816 3.180540084838867
v -0.3551439940929413 -0.29363200068473816 3.180540084838867
v -0.3552600145339966 -0.26510998606681824 3.182149887084961
v -0.36358219385147095 -0.2711069881916046 3.2877607345581055
v -0.38373899459838867 -0.2650989890098572 3.1799099445343018
v -0.3552600145339966 -0.26510998606681824 3.182149887084961
v -0.36358219385147095 -0.2711069881916046 3.2877607345581055
v -0.36358219385147095 -0.2711069881916046 3.2877607345581055
v -0.39272618293762207 -0.2710954248905182 3.285466194152832
v -0.38373899459838867 -0.2650989890098572 3.1799099445343018
v -0.38362398743629456 -0.2936210036277771 3.178299903869629
v -0.392607718706131 -0.30028295516967773 3.2838165760040283
v -0.36346369981765747 -0.30029451847076416 3.2861111164093018
v -0.36346369981765747 -0.30029451847076416 3.2861111164093018
v -0.3551439940929413 -0.29363200068473816 3.180540084838867
v -0.38362398743629456 -0.2936210036277771 3.178299903869629
v -0.38379499316215515 -0.23598100244998932 3.1807899475097656
v -0.38369399309158325 -0.2645129859447479 3.179349899291992
v -0.35521399974823 -0.26452499628067017 3.1816000938415527
v -0.35521399974823 -0.26452499628067017 3.1816000938415527
v -0.35531601309776306 -0.23599299788475037 3.183029890060425
v -0.38379499316215515 -0.23598100244998932 3.1807899475097656
v -0.4019036591053009 -0.24671950936317444 3.393490791320801
v -0.40179571509361267 -0.2765915095806122 3.391979455947876
v -0.3719789683818817 -0.27660420536994934 3.394339084625244
v -0.3719789683818817 -0.27660420536994934 3.394339084625244
v -0.3720851242542267 -0.24673165380954742 3.395840644836426
v -0.4019036591053009 -0.24671950936317444 3.393490791320801
v -0.4019036591053009 -0.24671950936317444 3.393490791320801
v -0.40179571509361267 -0.2765915095806122 3.391979455947876
v -0.38369399309158325 -0.2645129859447479 3.179349899291992
v -0.38369399309158325 -0.2645129859447479 3.179349899291992
v -0.38379499316215515 -0.23598100244998932 3.1807899475097656
v -0.4019036591053009 -0.24671950936317444 3.393490791320801
v -0.3720851242542267 -0.24673165380954742 3.395840644836426
v -0.3719789683818817 -0.27660420536994934 3.394339084625244
v -0.35521399974823 -0.26452499628067017 3.1816000938415527
v -0.35521399974823 -0.26452499628067017 3.1816000938415527
v -0.35531601309776306 -0.23599299788475037 3.183029890060425
v -0.3720851242542267 -0.24673165380954742 3.395840644836426
v -0.38379499316215515 -0.23598100244998932 3.1807899475097656
v -0.35531601309776306 -0.23599299788475037 3.183029890060425
v -0.3720851242542267 -0.24673165380954742 3.395840644836426
v -0.3720851242542267 -0.24673165380954742 3.395840644836426
v -0.4019036591053009 -0.24671950936317444 3.393490791320801
v -0.38379499316215515 -0.23598100244998932 3.1807899475097656
v -0.38369399309158325 -0.2645129859447479 3.179349899291992
v -0.40179571509361267 -0.2765915095806122 3.391979455947876
v -0.3719789683818817 -0.27660420536994934 3.394339084625244
v -0.3719789683818817 -0.27660420536994934 3.394339084625244
v -0.35521399974823 -0.26452499628067017 3.1816000938415527
v -0.38369399309158325 -0.2645129859447479 3.179349899291992
v -0.3838520050048828 -0.2068690061569214 3.1816699504852295
v -0.38376399874687195 -0.23541000485420227 3.180419921875
v -0.35528498888015747 -0.23542100191116333 3.1826601028442383
v -0.35528498888015747 -0.23542100191116333 3.1826601028442383
v -0.35537201166152954 -0.20688000321388245 3.183919906616211
v -0.3838520050048828 -0.2068690061569214 3.1816699504852295
v -0.3922664523124695 -0.2112344205379486 3.280514717102051
v -0.39217644929885864 -0.24039816856384277 3.279235363006592
v -0.3630756139755249 -0.24040967226028442 3.2815263271331787
v -0.3630756139755249 -0.24040967226028442 3.2815263271331787
v -0.3631649315357208 -0.21124611794948578 3.28281569480896
v -0.3922664523124695 -0.2112344205379486 3.280514717102051
v -0.3922664523124695 -0.2112344205379486 3.280514717102051
v -0.39217644929885864 -0.24039816856384277 3.279235363006592
v -0.38376399874687195 -0.23541000485420227 3.180419921875
v -0.38376399874687195 -0.23541000485420227 3.180419921875
v -0.3838520050048828 -0.2068690061569214 3.1816699504852295
v -0.3922664523124695 -0.2112344205379486 3.280514717102051
v -0.3631649315357208 -0.21124611794948578 3.28281569480896
v -0.3630756139755249 -0.24040967226028442 3.2815263271331787
v -0.35528498888015747 -0.23542100191116333 3.1826601028442383
v -0.35528498888015747 -0.23542100191116333 3.1826601028442383
v -0.35537201166152954 -0.20688000321388245 3.183919906616211
v -0.3631649315357208 -0.21124611794948578 3.28281569480896
v -0.3838520050048828 -0.2068690061569214 3.1816699504852295
v -0.35537201166152954 -0.20688000321388245 3.183919906616211
v -0.3631649315357208 -0.21124611794948578 3.28281569480896
v -0.3631649315357208 -0.21124611794948578 3.28281569480896
v -0.3922664523124695 -0.2112344205379486 3.280514717102051
v -0.3838520050048828 -0.2068690061569214 3.1816699504852295
v -0.38376399874687195 -0.23541000485420227 3.180419921875
v -0.39217644929885864 -0.24039816856384277 3.279235363006592
v -0.3630756139755249 -0.24040967226028442 3.2815263271331787
v -0.3630756139755249 -0.24040967226028442 3.2815263271331787
v -0.35528498888015747 -0.23542100191116333 3.1826601028442383
v -0.38376399874687195 -0.23541000485420227 3.180419921875
v -0.35513800382614136 0.44111698865890503 3.180530071258545
v -0.38361799716949463 0.4410949945449829 3.1782898902893066
v -0.3837920129299164 0.41263699531555176 3.1807899475097656
v -0.3837920129299164 0.41263699531555176 3.1807899475097656
v -0.3553130030632019 0.41266000270843506 3.183029890060425
v -0.35513800382614136 0.44111698865890503 3.180530071258545
v -0.3674567639827728 0.4559265673160553 3.3367233276367188
v -0.39692163467407227 0.45590296387672424 3.334402561187744
v -0.39710310101509094 0.42646098136901855 3.3369922637939453
v -0.39710310101509094 0.42646098136901855 3.3369922637939453
v -0.3676372468471527 0.4264835715293884 3.339313268661499
v -0.3674567639827728 0.4559265673160553 3.3367233276367188
v -0.3674567639827728 0.4559265673160553 3.3367233276367188
v -0.39692163467407227 0.45590296387672424 3.334402561187744
v -0.38361799716949463 0.4410949945449829 3.1782898902893066
v -0.38361799716949463 0.4410949945449829 3.1782898902893066
v -0.35513800382614136 0.44111698865890503 3.180530071258545
v -0.3674567639827728 0.4559265673160553 3.3367233276367188
v -0.3676372468471527 0.4264835715293884 3.339313268661499
v -0.39710310101509094 0.42646098136901855 3.3369922637939453
v -0.3837920129299164 0.41263699531555176 3.1807899475097656
v -0.3837920129299164 0.41263699531555176 3.1807899475097656
v -0.3553130030632019 0.41266000270843506 3.183029890060425
v -0.3676372468471527 0.4264835715293884 3.339313268661499
v -0.35513800382614136 0.44111698865890503 3.180530071258545
v -0.3553130030632019 0.41266000270843506 3.183029890060425
v -0.3676372468471527 0.4264835715293884 3.339313268661499
v -0.3676372468471527 0.4264835715293884 3.339313268661499
v -0.3674567639827728 0.4559265673160553 3.3367233276367188
v -0.35513800382614136 0.44111698865890503 3.180530071258545
v -0.38361799716949463 0.4410949945449829 3.1782898902893066
v -0.39692163467407227 0.45590296387672424 3.334402561187744
v -0.39710310101509094 0.42646098136901855 3.3369922637939453
v -0.39710310101509094 0.42646098136901855 3.3369922637939453
v -0.3837920129299164 0.41263699531555176 3.1807899475097656
v -0.38361799716949463 0.4410949945449829 3.1782898902893066
v -0.3558950126171112 0.47305500507354736 3.192080020904541
v -0.3843750059604645 0.4730220139026642 3.189840078353882
v -0.384552001953125 0.44457998871803284 3.1925199031829834
v -0.384552001953125 0.44457998871803284 3.1925199031829834
v -0.3560729920864105 0.4446139931678772 3.1947600841522217
v -0.3558950126171112 0.47305500507354736 3.192080020904541
v -0.36206507682800293 0.4809640049934387 3.270256519317627
v -0.3910389542579651 0.48093053698539734 3.2679760456085205
v -0.39121901988983154 0.45199576020240784 3.2707042694091797
v -0.39121901988983154 0.45199576020240784 3.2707042694091797
v -0.3622460663318634 0.452030211687088 3.272984743118286
v -0.36206507682800293 0.4809640049934387 3.270256519317627
v -0.36206507682800293 0.4809640049934387 3.270256519317627
v -0.3910389542579651 0.48093053698539734 3.2679760456085205
v -0.3843750059604645 0.4730220139026642 3.189840078353882
v -0.3843750059604645 0.4730220139026642 3.189840078353882
v -0.3558950126171112 0.47305500507354736 3.192080020904541
v -0.36206507682800293 0.4809640049934387 3.270256519317627
v -0.3622460663318634 0.452030211687088 3.272984743118286
v -0.39121901988983154 0.45199576020240784 3.2707042694091797
v -0.384552001953125 0.44457998871803284 3.1925199031829834
v -0.384552001953125 0.44457998871803284 3.1925199031829834
v -0.3560729920864105 0.4446139931678772 3.1947600841522217
v -0.3622460663318634 0.452030211687088 3.272984743118286
v -0.3558950126171112 0.47305500507354736 3.192080020904541
v -0.3560729920864105 0.4446139931678772 3.1947600841522217
v -0.3622460663318634 0.452030211687088 3.272984743118286
v -0.3622460663318634 0.452030211687088 3.272984743118286
v -0.36206507682800293 0.4809640049934387 3.270256519317627
v -0.3558950126171112 0.47305500507354736 3.192080020904541
v -0.3843750059604645 0.4730220139026642 3.189840078353882
v -0.3910389542579651 0.48093053698539734 3.2679760456085205
v -0.39121901988983154 0.45199576020240784 3.2707042694091797
v -0.39121901988983154 0.45199576020240784 3.2707042694091797
v -0.384552001953125 0.44457998871803284 3.1925199031829834
v -0.3843750059604645 0.4730220139026642 3.189840078353882
v -0.35468900203704834 -0.2651039958000183 3.181989908218384
v -0.3545779883861542 -0.29362601041793823 3.18038010597229
v -0.32608500123023987 -0.29363200068473816 3.18245005607605
v -0.32608500123023987 -0.29363200068473816 3.18245005607605
v -0.32619601488113403 -0.26510998606681824 3.1840600967407227
v -0.35468900203704834 -0.2651039958000183 3.181989908218384
v -0.3688436448574066 -0.2753038704395294 3.3616156578063965
v -0.36872774362564087 -0.3049572706222534 3.359938144683838
v -0.33910441398620605 -0.30496400594711304 3.362093687057495
v -0.33910441398620605 -0.30496400594711304 3.362093687057495
v -0.33922046422958374 -0.27531006932258606 3.3637709617614746
v -0.3688436448574066 -0.2753038704395294 3.3616156578063965
v -0.3688436448574066 -0.2753038704395294 3.3616156578063965
v -0.36872774362564087 -0.3049572706222534 3.359938144683838
v -0.3545779883861542 -0.29362601041793823 3.18038010597229
v -0.3545779883861542 -0.29362601041793823 3.18038010597229
v -0.35468900203704834 -0.2651039958000183 3.181989908218384
v -0.3688436448574066 -0.2753038704395294 3.3616156578063965
v -0.33922046422958374 -0.27531006932258606 3.3637709617614746
v -0.33910441398620605 -0.30496400594711304 3.362093687057495
v -0.32608500123023987 -0.29363200068473816 3.18245005607605
v -0.32608500123023987 -0.29363200068473816 3.18245005607605
v -0.32619601488113403 -0.26510998606681824 3.1840600967407227
v -0.33922046422958374 -0.27531006932258606 3.3637709617614746
v -0.35468900203704834 -0.2651039958000183 3.181989908218384
v -0.32619601488113403 -0.26510998606681824 3.1840600967407227
v -0.33922046422958374 -0.27531006932258606 3.3637709617614746
v -0.33922046422958374 -0.27531006932258606 3.3637709617614746
v -0.3688436448574066 -0.2753038704395294 3.3616156578063965
v -0.35468900203704834 -0.2651039958000183 3.181989908218384
v -0.3545779883861542 -0.29362601041793823 3.18038010597229
v -0.36872774362564087 -0.3049572706222534 3.359938144683838
v -0.33910441398620605 -0.30496400594711304 3.362093687057495
v -0.33910441398620605 -0.30496400594711304 3.362093687057495
v -0.32608500123023987 -0.29363200068473816 3.18245005607605
v -0.3545779883861542 -0.29362601041793823 3.18038010597229
v -0.35492101311683655 -0.1486620008945465 3.1855599880218506
v -0.35486099123954773 -0.17721599340438843 3.184659957885742
v -0.3263680040836334 -0.17722100019454956 3.186729907989502
v -0.3263680040836334 -0.17722100019454956 3.186729907989502
v -0.32642701268196106 -0.14866699278354645 3.187619924545288
v -0.35492101311683655 -0.1486620008945465 3.1855599880218506
v -0.3657824397087097 -0.15300758183002472 3.3234176635742188
v -0.36572080850601196 -0.18242989480495453 3.3224875926971436
v -0.3363608121871948 -0.18243561685085297 3.3246231079101562
v -0.3363608121871948 -0.18243561685085297 3.3246231079101562
v -0.33642157912254333 -0.15301309525966644 3.325543165206909
v -0.3657824397087097 -0.15300758183002472 3.3234176635742188
v -0.3657824397087097 -0.15300758183002472 3.3234176635742188
v -0.36572080850601196 -0.18242989480495453 3.3224875926971436
v -0.35486099123954773 -0.17721599340438843 3.184659957885742
v -0.35486099123954773 -0.17721599340438843 3.184659957885742
v -0.35492101311683655 -0.1486620008945465 3.1855599880218506
v -0.3657824397087097 -0.15300758183002472 3.3234176635742188
v -0.33642157912254333 -0.15301309525966644 3.325543165206909
v -0.3363608121871948 -0.18243561685085297 3.3246231079101562
v -0.3263680040836334 -0.17722100019454956 3.186729907989502
v -0.3263680040836334 -0.17722100019454956 3.186729907989502
v -0.32642701268196106 -0.14866699278354645 3.187619924545288
v -0.33642157912254333 -0.15301309525966644 3.325543165206909
v -0.35492101311683655 -0.1486620008945465 3.1855599880218506
v -0.32642701268196106 -0.14866699278354645 3.187619924545288
v -0.33642157912254333 -0.15301309525966644 3.325543165206909
v -0.33642157912254333 -0.15301309525966644 3.325543165206909
v -0.3657824397087097 -0.15300758183002472 3.3234176635742188
v -0.35492101311683655 -0.1486620008945465 3.1855599880218506
v -0.35486099123954773 -0.17721599340438843 3.184659957885742
v -0.36572080850601196 -0.18242989480495453 3.3224875926971436
v -0.3363608121871948 -0.18243561685085297 3.3246231079101562
v -0.3363608121871948 -0.18243561685085297 3.3246231079101562
v -0.3263680040836334 -0.17722100019454956 3.186729907989502
v -0.35486099123954773 -0.17721599340438843 3.184659957885742
v -0.32607901096343994 0.44111600518226624 3.1824400424957275
v -0.35457199811935425 0.4411050081253052 3.1803700923919678
v -0.35474199056625366 0.412647008895874 3.18287992477417
v -0.35474199056625366 0.412647008895874 3.18287992477417
v -0.32624900341033936 0.4126589894294739 3.1849400997161865
v -0.32607901096343994 0.44111600518226624 3.1824400424957275
v -0.32996565103530884 0.44619524478912354 3.2360341548919678
v -0.3587966859340668 0.4461838901042938 3.233938455581665
v -0.35896918177604675 0.4173884093761444 3.2364792823791504
v -0.35896918177604675 0.4173884093761444 3.2364792823791504
v -0.3301377594470978 0.4174003005027771 3.238564968109131
v -0.32996565103530884 0.44619524478912354 3.2360341548919678
v -0.32996565103530884 0.44619524478912354 3.2360341548919678
v -0.3587966859340668 0.4461838901042938 3.233938455581665
v -0.35457199811935425 0.4411050081253052 3.1803700923919678
v -0.35457199811935425 0.4411050081253052 3.1803700923919678
v -0.32607901096343994 0.44111600518226624 3.1824400424957275
v -0.32996565103530884 0.44619524478912354 3.2360341548919678
v -0.3301377594470978 0.4174003005027771 3.238564968109131
v -0.35896918177604675 0.4173884093761444 3.2364792823791504
v -0.35474199056625366 0.412647008895874 3.18287992477417
v -0.35474199056625366 0.412647008895874 3.18287992477417
v -0.32624900341033936 0.4126589894294739 3.1849400997161865
v -0.3301377594470978 0.4174003005027771 3.238564968109131
v -0.32607901096343994 0.44111600518226624 3.1824400424957275
v -0.32624900341033936 0.4126589894294739 3.1849400997161865
v -0.3301377594470978 0.4174003005027771 3.238564968109131
v -0.3301377594470978 0.4174003005027771 3.238564968109131
v -0.32996565103530884 0.44619524478912354 3.2360341548919678
v -0.32607901096343994 0.44111600518226624 3.1824400424957275
v -0.35457199811935425 0.4411050081253052 3.1803700923919678
v -0.3587966859340668 0.4461838901042938 3.233938455581665
v -0.35896918177604675 0.4173884093761444 3.2364792823791504
v -0.35896918177604675 0.4173884093761444 3.2364792823791504
v -0.35474199056625366 0.412647008895874 3.18287992477417
v -0.35457199811935425 0.4411050081253052 3.1803700923919678
v -0.32794201374053955 1.2263000011444092 3.211780071258545
v -0.3564339876174927 1.2262500524520874 3.209709882736206
v -0.3569070100784302 1.198580026626587 3.2167999744415283
v -0.3569070100784302 1.198580026626587 3.2167999744415283
v -0.32841500639915466 1.1986299753189087 3.218869924545288
v -0.32794201374053955 1.2263000011444092 3.211780071258545
v -0.3316349983215332 1.2396175861358643 3.2622034549713135
v -0.36045461893081665 1.2395672798156738 3.260108470916748
v -0.36093297600746155 1.2115793228149414 3.2672810554504395
v -0.36093297600746155 1.2115793228149414 3.2672810554504395
v -0.3321135938167572 1.2116296291351318 3.269375801086426
v -0.3316349983215332 1.2396175861358643 3.2622034549713135
v -0.3316349983215332 1.2396175861358643 3.2622034549713135
v -0.36045461893081665 1.2395672798156738 3.260108470916748
v -0.3564339876174927 1.2262500524520874 3.209709882736206
v -0.3564339876174927 1.2262500524520874 3.209709882736206
v -0.32794201374053955 1.2263000011444092 3.211780071258545
v -0.3316349983215332 1.2396175861358643 3.2622034549713135
v -0.3321135938167572 1.2116296291351318 3.269375801086426
v -0.36093297600746155 1.2115793228149414 3.2672810554504395
v -0.3569070100784302 1.198580026626587 3.2167999744415283
v -0.3569070100784302 1.198580026626587 3.2167999744415283
v -0.32841500639915466 1.1986299753189087 3.218869924545288
v -0.3321135938167572 1.2116296291351318 3.269375801086426
v -0.32794201374053955 1.2263000011444092 3.211780071258545
v -0.32841500639915466 1.1986299753189087 3.218869924545288
v -0.3321135938167572 1.2116296291351318 3.269375801086426
v -0.3321135938167572 1.2116296291351318 3.269375801086426
v -0.3316349983215332 1.2396175861358643 3.2622034549713135
v -0.32794201374053955 1.2263000011444092 3.211780071258545
v -0.3564339876174927 1.2262500524520874 3.209709882736206
v -0.36045461893081665 1.2395672798156738 3.260108470916748
v -0.36093297600746155 1.2115793228149414 3.2672810554504395
v -0.36093297600746155 1.2115793228149414 3.2672810554504395
v -0.3569070100784302 1.198580026626587 3.2167999744415283
v -0.3564339876174927 1.2262500524520874 3.209709882736206
v -0.32617199420928955 -0.2963860034942627 3.1921799182891846
v -0.3260529935359955 -0.32489699125289917 3.190390110015869
v -0.29754799604415894 -0.32489699125289917 3.1922800540924072
v -0.29754799604415894 -0.32489699125289917 3.1922800540924072
v -0.2976660132408142 -0.2963860034942627 3.1940701007843018
v -0.32617199420928955 -0.2963860034942627 3.1921799182891846
v -0.3303103744983673 -0.29998618364334106 3.2492592334747314
v -0.3301897943019867 -0.32885682582855225 3.247445583343506
v -0.3013254702091217 -0.3288569450378418 3.2493605613708496
v -0.3013254702091217 -0.3288569450378418 3.2493605613708496
v -0.30144524574279785 -0.29998642206192017 3.251174211502075
v -0.3303103744983673 -0.29998618364334106 3.2492592334747314
v -0.3303103744983673 -0.29998618364334106 3.2492592334747314
v -0.3301897943019867 -0.32885682582855225 3.247445583343506
v -0.3260529935359955 -0.32489699125289917 3.190390110015869
v -0.3260529935359955 -0.32489699125289917 3.190390110015869
v -0.32617199420928955 -0.2963860034942627 3.1921799182891846
v -0.3303103744983673 -0.29998618364334106 3.2492592334747314
v -0.30144524574279785 -0.29998642206192017 3.251174211502075
v -0.3013254702091217 -0.3288569450378418 3.2493605613708496
v -0.29754799604415894 -0.32489699125289917 3.1922800540924072
v -0.29754799604415894 -0.32489699125289917 3.1922800540924072
v -0.2976660132408142 -0.2963860034942627 3.1940701007843018
v -0.30144524574279785 -0.29998642206192017 3.251174211502075
v -0.32617199420928955 -0.2963860034942627 3.1921799182891846
v -0.2976660132408142 -0.2963860034942627 3.1940701007843018
v -0.30144524574279785 -0.29998642206192017 3.251174211502075
v -0.30144524574279785 -0.29998642206192017 3.251174211502075
v -0.3303103744983673 -0.29998618364334106 3.2492592334747314
v -0.32617199420928955 -0.2963860034942627 3.1921799182891846
v -0.3260529935359955 -0.32489699125289917 3.190390110015869
v -0.3301897943019867 -0.32885682582855225 3.247445583343506
v -0.3013254702091217 -0.3288569450378418 3.2493605613708496
v -0.3013254702091217 -0.3288569450378418 3.2493605613708496
v -0.29754799604415894 -0.32489699125289917 3.1922800540924072
v -0.3260529935359955 -0.32489699125289917 3.190390110015869
v -0.325641006231308 -0.26510900259017944 3.184079885482788
v -0.32553499937057495 -0.29363200068473816 3.1824700832366943
v -0.2970289885997772 -0.29363200068473816 3.1843600273132324
v -0.2970289885997772 -0.29363200068473816 3.1843600273132324
v -0.29713499546051025 -0.26510900259017944 3.1859700679779053
v -0.325641006231308 -0.26510900259017944 3.184079885482788
v -0.33532312512397766 -0.2726915180683136 3.3176796436309814
v -0.33521339297294617 -0.3020559847354889 3.3160195350646973
v -0.30586665868759155 -0.3020561933517456 3.3179678916931152
v -0.30586665868759155 -0.3020561933517456 3.3179678916931152
v -0.30597642064094543 -0.2726917266845703 3.3196280002593994
v -0.33532312512397766 -0.2726915180683136 3.3176796436309814
v -0.33532312512397766 -0.2726915180683136 3.3176796436309814
v -0.33521339297294617 -0.3020559847354889 3.3160195350646973
v -0.32553499937057495 -0.29363200068473816 3.1824700832366943
v -0.32553499937057495 -0.29363200068473816 3.1824700832366943
v -0.325641006231308 -0.26510900259017944 3.184079885482788
v -0.33532312512397766 -0.2726915180683136 3.3176796436309814
v -0.30597642064094543 -0.2726917266845703 3.3196280002593994
v -0.30586665868759155 -0.3020561933517456 3.3179678916931152
v -0.2970289885997772 -0.29363200068473816 3.1843600273132324
v -0.2970289885997772 -0.29363200068473816 3.1843600273132324
v -0.29713499546051025 -0.26510900259017944 3.1859700679779053
v -0.30597642064094543 -0.2726917266845703 3.3196280002593994
v -0.325641006231308 -0.26510900259017944 3.184079885482788
v -0.29713499546051025 -0.26510900259017944 3.1859700679779053
v -0.30597642064094543 -0.2726917266845703 3.3196280002593994
v -0.30597642064094543 -0.2726917266845703 3.3196280002593994
v -0.33532312512397766 -0.2726915180683136 3.3176796436309814
v -0.325641006231308 -0.26510900259017944 3.184079885482788
v -0.32553499937057495 -0.29363200068473816 3.1824700832366943
v -0.33521339297294617 -0.3020559847354889 3.3160195350646973
v -0.30586665868759155 -0.3020561933517456 3.3179678916931152
v -0.30586665868759155 -0.3020561933517456 3.3179678916931152
v -0.2970289885997772 -0.29363200068473816 3.1843600273132324
v -0.32553499937057495 -0.29363200068473816 3.1824700832366943
v -0.32569900155067444 -0.23599199950695038 3.184959888458252
v -0.32560500502586365 -0.26452401280403137 3.18353009223938
v -0.2970989942550659 -0.26452401280403137 3.185420036315918
v -0.2970989942550659 -0.26452401280403137 3.185420036315918
v -0.2971940040588379 -0.23599199950695038 3.186850070953369
v -0.32569900155067444 -0.23599199950695038 3.184959888458252
v -0.3345622718334198 -0.24216090142726898 3.3072609901428223
v -0.33446478843688965 -0.27146291732788086 3.3057899475097656
v -0.30518996715545654 -0.2714630961418152 3.3077332973480225
v -0.30518996715545654 -0.2714630961418152 3.3077332973480225
v -0.30528733134269714 -0.24216106534004211 3.309204339981079
v -0.3345622718334198 -0.24216090142726898 3.3072609901428223
v -0.3345622718334198 -0.24216090142726898 3.3072609901428223
v -0.33446478843688965 -0.27146291732788086 3.3057899475097656
v -0.32560500502586365 -0.26452401280403137 3.18353009223938
v -0.32560500502586365 -0.26452401280403137 3.18353009223938
v -0.32569900155067444 -0.23599199950695038 3.184959888458252
v -0.3345622718334198 -0.24216090142726898 3.3072609901428223
v -0.30528733134269714 -0.24216106534004211 3.309204339981079
v -0.30518996715545654 -0.2714630961418152 3.3077332973480225
v -0.2970989942550659 -0.26452401280403137 3.185420036315918
v -0.2970989942550659 -0.26452401280403137 3.185420036315918
v -0.2971940040588379 -0.23599199950695038 3.186850070953369
v -0.30528733134269714 -0.24216106534004211 3.309204339981079
v -0.32569900155067444 -0.23599199950695038 3.184959888458252
v -0.2971940040588379 -0.23599199950695038 3.186850070953369
v -0.30528733134269714 -0.24216106534004211 3.309204339981079
v -0.30528733134269714 -0.24216106534004211 3.309204339981079
v -0.3345622718334198 -0.24216090142726898 3.3072609901428223
v -0.32569900155067444 -0.23599199950695038 3.184959888458252
v -0.32560500502586365 -0.26452401280403137 3.18353009223938
v -0.33446478843688965 -0.27146291732788086 3.3057899475097656
v -0.30518996715545654 -0.2714630961418152 3.3077332973480225
v -0.30518996715545654 -0.2714630961418152 3.3077332973480225
v -0.2970989942550659 -0.26452401280403137 3.185420036315918
v -0.32560500502586365 -0.26452401280403137 3.18353009223938
v -0.3258169889450073 -0.17777200043201447 3.186739921569824
v -0.32574599981307983 -0.20631900429725647 3.1856698989868164
v -0.2972410023212433 -0.20631900429725647 3.1875600814819336
v -0.2972410023212433 -0.20631900429725647 3.1875600814819336
v -0.2973119914531708 -0.17777200043201447 3.1886301040649414
v -0.3258169889450073 -0.17777200043201447 3.186739921569824
v -0.34160712361335754 -0.1860118806362152 3.40464186668396
v -0.3415324091911316 -0.21593137085437775 3.4035158157348633
v -0.3116564452648163 -0.21593160927295685 3.405500888824463
v -0.3116564452648163 -0.21593160927295685 3.405500888824463
v -0.31173181533813477 -0.18601246178150177 3.4066267013549805
v -0.34160712361335754 -0.1860118806362152 3.40464186668396
v -0.34160712361335754 -0.1860118806362152 3.40464186668396
v -0.3415324091911316 -0.21593137085437775 3.4035158157348633
v -0.32574599981307983 -0.20631900429725647 3.1856698989868164
v -0.32574599981307983 -0.20631900429725647 3.1856698989868164
v -0.3258169889450073 -0.17777200043201447 3.186739921569824
v -0.34160712361335754 -0.1860118806362152 3.40464186668396
v -0.31173181533813477 -0.18601246178150177 3.4066267013549805
v -0.3116564452648163 -0.21593160927295685 3.405500888824463
v -0.2972410023212433 -0.20631900429725647 3.1875600814819336
v -0.2972410023212433 -0.20631900429725647 3.1875600814819336
v -0.2973119914531708 -0.17777200043201447 3.1886301040649414
v -0.31173181533813477 -0.18601246178150177 3.4066267013549805
v -0.3258169889450073 -0.17777200043201447 3.186739921569824
v -0.2973119914531708 -0.17777200043201447 3.1886301040649414
v -0.31173181533813477 -0.18601246178150177 3.4066267013549805
v -0.31173181533813477 -0.18601246178150177 3.4066267013549805
v -0.34160712361335754 -0.1860118806362152 3.40464186668396
v -0.3258169889450073 -0.17777200043201447 3.186739921569824
v -0.32574599981307983 -0.20631900429725647 3.1856698989868164
v -0.3415324091911316 -0.21593137085437775 3.4035158157348633
v -0.3116564452648163 -0.21593160927295685 3.405500888824463
v -0.3116564452648163 -0.21593160927295685 3.405500888824463
v -0.2972410023212433 -0.20631900429725647 3.1875600814819336
v -0.32574599981307983 -0.20631900429725647 3.1856698989868164
v -0.2945390045642853 -0.2963460087776184 3.1838901042938232
v -0.29447999596595764 -0.32485800981521606 3.1820900440216064
v -0.2659600079059601 -0.3249030113220215 3.1837499141693115
v -0.2659600079059601 -0.3249030113220215 3.1837499141693115
v -0.26601898670196533 -0.29639101028442383 3.1855499744415283
v -0.2945390045642853 -0.2963460087776184 3.1838901042938232
v -0.30197399854660034 -0.30359306931495667 3.2988975048065186
v -0.3019125163555145 -0.33282849192619324 3.2970497608184814
v -0.27266886830329895 -0.33287471532821655 3.2987542152404785
v -0.27266886830329895 -0.33287471532821655 3.2987542152404785
v -0.2727297842502594 -0.30363929271698 3.3006019592285156
v -0.30197399854660034 -0.30359306931495667 3.2988975048065186
v -0.30197399854660034 -0.30359306931495667 3.2988975048065186
v -0.3019125163555145 -0.33282849192619324 3.2970497608184814
v -0.29447999596595764 -0.32485800981521606 3.1820900440216064
v -0.29447999596595764 -0.32485800981521606 3.1820900440216064
v -0.2945390045642853 -0.2963460087776184 3.1838901042938232
v -0.30197399854660034 -0.30359306931495667 3.2988975048065186
v -0.2727297842502594 -0.30363929271698 3.3006019592285156
v -0.27266886830329895 -0.33287471532821655 3.2987542152404785
v -0.2659600079059601 -0.3249030113220215 3.1837499141693115
v -0.2659600079059601 -0.3249030113220215 3.1837499141693115
v -0.26601898670196533 -0.29639101028442383 3.1855499744415283
v -0.2727297842502594 -0.30363929271698 3.3006019592285156
v -0.2945390045642853 -0.2963460087776184 3.1838901042938232
v -0.26601898670196533 -0.29639101028442383 3.1855499744415283
v -0.2727297842502594 -0.30363929271698 3.3006019592285156
v -0.2727297842502594 -0.30363929271698 3.3006019592285156
v -0.30197399854660034 -0.30359306931495667 3.2988975048065186
v -0.2945390045642853 -0.2963460087776184 3.1838901042938232
v -0.29447999596595764 -0.32485800981521606 3.1820900440216064
v -0.3019125163555145 -0.33282849192619324 3.2970497608184814
v -0.27266886830329895 -0.33287471532821655 3.2987542152404785
v -0.27266886830329895 -0.33287471532821655 3.2987542152404785
v -0.2659600079059601 -0.3249030113220215 3.1837499141693115
v -0.29447999596595764 -0.32485800981521606 3.1820900440216064
v -0.29429399967193604 -0.2650890052318573 3.1757800579071045
v -0.29422199726104736 -0.293612003326416 3.1741600036621094
v -0.2657029926776886 -0.29363399744033813 3.1758201122283936
v -0.2657029926776886 -0.29363399744033813 3.1758201122283936
v -0.2657740116119385 -0.2651120126247406 3.1774399280548096
v -0.29429399967193604 -0.2650890052318573 3.1757800579071045
v -0.29962167143821716 -0.2697664797306061 3.25825572013855
v -0.2995482385158539 -0.2988080680370331 3.2566046714782715
v -0.27051010727882385 -0.29883092641830444 3.258296489715576
v -0.27051010727882385 -0.29883092641830444 3.258296489715576
v -0.27058252692222595 -0.2697899341583252 3.2599475383758545
v -0.29962167143821716 -0.2697664797306061 3.25825572013855
v -0.29962167143821716 -0.2697664797306061 3.25825572013855
v -0.2995482385158539 -0.2988080680370331 3.2566046714782715
v -0.29422199726104736 -0.293612003326416 3.1741600036621094
v -0.29422199726104736 -0.293612003326416 3.1741600036621094
v -0.29429399967193604 -0.2650890052318573 3.1757800579071045
v -0.29962167143821716 -0.2697664797306061 3.25825572013855
v -0.27058252692222595 -0.2697899341583252 3.2599475383758545
v -0.27051010727882385 -0.29883092641830444 3.258296489715576
v -0.2657029926776886 -0.29363399744033813 3.1758201122283936
v -0.2657029926776886 -0.29363399744033813 3.1758201122283936
v -0.2657740116119385 -0.2651120126247406 3.1774399280548096
v -0.27058252692222595 -0.2697899341583252 3.2599475383758545
v -0.29429399967193604 -0.2650890052318573 3.1757800579071045
v -0.2657740116119385 -0.2651120126247406 3.1774399280548096
v -0.27058252692222595 -0.2697899341583252 3.2599475383758545
v -0.27058252692222595 -0.2697899341583252 3.2599475383758545
v -0.29962167143821716 -0.2697664797306061 3.25825572013855
v -0.29429399967193604 -0.2650890052318573 3.1757800579071045
v -0.29422199726104736 -0.293612003326416 3.1741600036621094
v -0.2995482385158539 -0.2988080680370331 3.2566046714782715
v -0.27051010727882385 -0.29883092641830444 3.258296489715576
v -0.27051010727882385 -0.29883092641830444 3.258296489715576
v -0.2657029926776886 -0.29363399744033813 3.1758201122283936
v -0.29422199726104736 -0.293612003326416 3.1741600036621094
v -0.2659600079059601 0.3249030113220215 3.1837499141693115
v -0.29447999596595764 0.32485800981521606 3.1820900440216064
v -0.2945390045642853 0.2963460087776184 3.1838901042938232
v -0.2945390045642853 0.2963460087776184 3.1838901042938232
v -0.26601898670196533 0.29639101028442383 3.1855499744415283
v -0.2659600079059601 0.3249030113220215 3.1837499141693115
v -0.27092140913009644 0.33079832792282104 3.268799066543579
v -0.29997655749320984 0.330752432346344 3.267106294631958
v -0.3000373840332031 0.30170542001724243 3.2689414024353027
v -0.3000373840332031 0.30170542001724243 3.2689414024353027
v -0.2709818184375763 0.3017513155937195 3.270634412765503
v -0.27092140913009644 0.33079832792282104 3.268799066543579
v -0.27092140913009644 0.33079832792282104 3.268799066543579
v -0.29997655749320984 0.330752432346344 3.267106294631958
v -0.29447999596595764 0.32485800981521606 3.1820900440216064
v -0.29447999596595764 0.32485800981521606 3.1820900440216064
v -0.2659600079059601 0.3249030113220215 3.1837499141693115
v -0.27092140913009644 0.33079832792282104 3.268799066543579
v -0.2709818184375763 0.3017513155937195 3.270634412765503
v -0.3000373840332031 0.30170542001724243 3.2689414024353027
v -0.2945390045642853 0.2963460087776184 3.1838901042938232
v -0.2945390045642853 0.2963460087776184 3.1838901042938232
v -0.26601898670196533 0.29639101028442383 3.1855499744415283
v -0.2709818184375763 0.3017513155937195 3.270634412765503
v -0.2659600079059601 0.3249030113220215 3.1837499141693115
v -0.26601898670196533 0.29639101028442383 3.1855499744415283
v -0.2709818184375763 0.3017513155937195 3.270634412765503
v -0.2709818184375763 0.3017513155937195 3.270634412765503
v -0.27092140913009644 0.33079832792282104 3.268799066543579
v -0.2659600079059601 0.3249030113220215 3.1837499141693115
v -0.29447999596595764 0.32485800981521606 3.1820900440216064
v -0.29997655749320984 0.330752432346344 3.267106294631958
v -0.3000373840332031 0.30170542001724243 3.2689414024353027
v -0.3000373840332031 0.30170542001724243 3.2689414024353027
v -0.2945390045642853 0.2963460087776184 3.1838901042938232
v -0.29447999596595764 0.32485800981521606 3.1820900440216064
v -0.26589399576187134 0.3539530038833618 3.18176007270813
v -0.2944140136241913 0.3539080023765564 3.1800999641418457
v -0.2944830060005188 0.325408011674881 3.182070016860962
v -0.2944830060005188 0.325408011674881 3.182070016860962
v -0.26596400141716003 0.3254530131816864 3.183729887008667
v -0.26589399576187134 0.3539530038833618 3.18176007270813
v -0.2728264331817627 0.36294108629226685 3.3005740642547607
v -0.302094966173172 0.3628942668437958 3.298868179321289
v -0.3021661341190338 0.333646684885025 3.3008921146392822
v -0.3021661341190338 0.333646684885025 3.3008921146392822
v -0.2728986144065857 0.3336929380893707 3.302598237991333
v -0.2728264331817627 0.36294108629226685 3.3005740642547607
v -0.2728264331817627 0.36294108629226685 3.3005740642547607
v -0.302094966173172 0.3628942668437958 3.298868179321289
v -0.2944140136241913 0.3539080023765564 3.1800999641418457
v -0.2944140136241913 0.3539080023765564 3.1800999641418457
v -0.26589399576187134 0.3539530038833618 3.18176007270813
v -0.2728264331817627 0.36294108629226685 3.3005740642547607
v -0.2728986144065857 0.3336929380893707 3.302598237991333
v -0.3021661341190338 0.333646684885025 3.3008921146392822
v -0.2944830060005188 0.325408011674881 3.182070016860962
v -0.2944830060005188 0.325408011674881 3.182070016860962
v -0.26596400141716003 0.3254530131816864 3.183729887008667
v -0.2728986144065857 0.3336929380893707 3.302598237991333
v -0.26589399576187134 0.3539530038833618 3.18176007270813
v -0.26596400141716003 0.3254530131816864 3.183729887008667
v -0.2728986144065857 0.3336929380893707 3.302598237991333
v -0.2728986144065857 0.3336929380893707 3.302598237991333
v -0.2728264331817627 0.36294108629226685 3.3005740642547607
v -0.26589399576187134 0.3539530038833618 3.18176007270813
v -0.2944140136241913 0.3539080023765564 3.1800999641418457
v -0.302094966173172 0.3628942668437958 3.298868179321289
v -0.3021661341190338 0.333646684885025 3.3008921146392822
v -0.3021661341190338 0.333646684885025 3.3008921146392822
v -0.2944830060005188 0.325408011674881 3.182070016860962
v -0.2944140136241913 0.3539080023765564 3.1800999641418457
v -0.26526299118995667 -0.38355201482772827 3.1795599460601807
v -0.265175998210907 -0.41202500462532043 3.177229881286621
v -0.23664599657058716 -0.4120590090751648 3.1787099838256836
v -0.23664599657058716 -0.4120590090751648 3.1787099838256836
v -0.23673400282859802 -0.38358598947525024 3.181040048599243
v -0.26526299118995667 -0.38355201482772827 3.1795599460601807
v -0.28102701902389526 -0.40569740533828735 3.4496982097625732
v -0.280934602022171 -0.4358702003955841 3.4472239017486572
v -0.25070202350616455 -0.4359060823917389 3.4487977027893066
v -0.25070202350616455 -0.4359060823917389 3.4487977027893066
v -0.2507941722869873 -0.40573447942733765 3.4512720108032227
v -0.28102701902389526 -0.40569740533828735 3.4496982097625732
v -0.28102701902389526 -0.40569740533828735 3.4496982097625732
v -0.280934602022171 -0.4358702003955841 3.4472239017486572
v -0.265175998210907 -0.41202500462532043 3.177229881286621
v -0.265175998210907 -0.41202500462532043 3.177229881286621
v -0.26526299118995667 -0.38355201482772827 3.1795599460601807
v -0.28102701902389526 -0.40569740533828735 3.4496982097625732
v -0.2507941722869873 -0.40573447942733765 3.4512720108032227
v -0.25070202350616455 -0.4359060823917389 3.4487977027893066
v -0.23664599657058716 -0.4120590090751648 3.1787099838256836
v -0.23664599657058716 -0.4120590090751648 3.1787099838256836
v -0.23673400282859802 -0.38358598947525024 3.181040048599243
v -0.2507941722869873 -0.40573447942733765 3.4512720108032227
v -0.26526299118995667 -0.38355201482772827 3.1795599460601807
v -0.23673400282859802 -0.38358598947525024 3.181040048599243
v -0.2507941722869873 -0.40573447942733765 3.4512720108032227
v -0.2507941722869873 -0.40573447942733765 3.4512720108032227
v -0.28102701902389526 -0.40569740533828735 3.4496982097625732
v -0.26526299118995667 -0.38355201482772827 3.1795599460601807
v -0.265175998210907 -0.41202500462532043 3.177229881286621
v -0.280934602022171 -0.4358702003955841 3.4472239017486572
v -0.25070202350616455 -0.4359060823917389 3.4487977027893066
v -0.25070202350616455 -0.4359060823917389 3.4487977027893066
v -0.23664599657058716 -0.4120590090751648 3.1787099838256836
v -0.265175998210907 -0.41202500462532043 3.177229881286621
v -0.2651830017566681 -0.26509401202201843 3.1768798828125
v -0.26511600613594055 -0.29361599683761597 3.1752700805664062
v -0.23658700287342072 -0.29363301396369934 3.1767499446868896
v -0.23658700287342072 -0.29363301396369934 3.1767499446868896
v -0.23665399849414825 -0.2651109993457794 3.1783599853515625
v -0.2651830017566681 -0.26509401202201843 3.1768798828125
v -0.2701758146286011 -0.2699512541294098 3.2625536918640137
v -0.27010759711265564 -0.29901236295700073 3.260911703109741
v -0.2410389482975006 -0.2990296483039856 3.2624213695526123
v -0.2410389482975006 -0.2990296483039856 3.2624213695526123
v -0.24110718071460724 -0.26996853947639465 3.264063596725464
v -0.2701758146286011 -0.2699512541294098 3.2625536918640137
v -0.2701758146286011 -0.2699512541294098 3.2625536918640137
v -0.27010759711265564 -0.29901236295700073 3.260911703109741
v -0.26511600613594055 -0.29361599683761597 3.1752700805664062
v -0.26511600613594055 -0.29361599683761597 3.1752700805664062
v -0.2651830017566681 -0.26509401202201843 3.1768798828125
v -0.2701758146286011 -0.2699512541294098 3.2625536918640137
v -0.24110718071460724 -0.26996853947639465 3.264063596725464
v -0.2410389482975006 -0.2990296483039856 3.2624213695526123
v -0.23658700287342072 -0.29363301396369934 3.1767499446868896
v -0.23658700287342072 -0.29363301396369934 3.1767499446868896
v -0.23665399849414825 -0.2651109993457794 3.1783599853515625
v -0.24110718071460724 -0.26996853947639465 3.264063596725464
v -0.2651830017566681 -0.26509401202201843 3.1768798828125
v -0.23665399849414825 -0.2651109993457794 3.1783599853515625
v -0.24110718071460724 -0.26996853947639465 3.264063596725464
v -0.24110718071460724 -0.26996853947639465 3.264063596725464
v -0.2701758146286011 -0.2699512541294098 3.2625536918640137
v -0.2651830017566681 -0.26509401202201843 3.1768798828125
v -0.26511600613594055 -0.29361599683761597 3.1752700805664062
v -0.27010759711265564 -0.29901236295700073 3.260911703109741
v -0.2410389482975006 -0.2990296483039856 3.2624213695526123
v -0.2410389482975006 -0.2990296483039856 3.2624213695526123
v -0.23658700287342072 -0.29363301396369934 3.1767499446868896
v -0.26511600613594055 -0.29361599683761597 3.1752700805664062
v -0.2363310009241104 -0.29636499285697937 3.186110019683838
v -0.23627200722694397 -0.32487601041793823 3.1843199729919434
v -0.20773300528526306 -0.32489898800849915 3.185620069503784
v -0.20773300528526306 -0.32489898800849915 3.185620069503784
v -0.2077929973602295 -0.2963869869709015 3.1874101161956787
v -0.2363310009241104 -0.29636499285697937 3.186110019683838
v -0.24087092280387878 -0.3018636405467987 3.273408889770508
v -0.24081070721149445 -0.33092403411865234 3.27158260345459
v -0.2117222398519516 -0.3309469521045685 3.272909641265869
v -0.2117222398519516 -0.3309469521045685 3.272909641265869
v -0.2117830514907837 -0.3018863797187805 3.274735927581787
v -0.24087092280387878 -0.3018636405467987 3.273408889770508
v -0.24087092280387878 -0.3018636405467987 3.273408889770508
v -0.24081070721149445 -0.33092403411865234 3.27158260345459
v -0.23627200722694397 -0.32487601041793823 3.1843199729919434
v -0.23627200722694397 -0.32487601041793823 3.1843199729919434
v -0.2363310009241104 -0.29636499285697937 3.186110019683838
v -0.24087092280387878 -0.3018636405467987 3.273408889770508
v -0.2117830514907837 -0.3018863797187805 3.274735927581787
v -0.2117222398519516 -0.3309469521045685 3.272909641265869
v -0.20773300528526306 -0.32489898800849915 3.185620069503784
v -0.20773300528526306 -0.32489898800849915 3.185620069503784
v -0.2077929973602295 -0.2963869869709015 3.1874101161956787
v -0.2117830514907837 -0.3018863797187805 3.274735927581787
v -0.2363310009241104 -0.29636499285697937 3.186110019683838
v -0.2077929973602295 -0.2963869869709015 3.1874101161956787
v -0.2117830514907837 -0.3018863797187805 3.274735927581787
v -0.2117830514907837 -0.3018863797187805 3.274735927581787
v -0.24087092280387878 -0.3018636405467987 3.273408889770508
v -0.2363310009241104 -0.29636499285697937 3.186110019683838
v -0.23627200722694397 -0.32487601041793823 3.1843199729919434
v -0.24081070721149445 -0.33092403411865234 3.27158260345459
v -0.2117222398519516 -0.3309469521045685 3.272909641265869
v -0.2117222398519516 -0.3309469521045685 3.272909641265869
v -0.20773300528526306 -0.32489898800849915 3.185620069503784
v -0.23627200722694397 -0.32487601041793823 3.1843199729919434
v -0.23607699573040009 -0.2650989890098572 3.177999973297119
v -0.2360139936208725 -0.2936210036277771 3.1763899326324463
v -0.20747600495815277 -0.29363200068473816 3.177690029144287
v -0.20747600495815277 -0.29363200068473816 3.177690029144287
v -0.20753799378871918 -0.26510998606681824 3.17930006980896
v -0.23607699573040009 -0.2650989890098572 3.177999973297119
v -0.24209606647491455 -0.2716646194458008 3.293839693069458
v -0.2420322149991989 -0.3009156286716461 3.2921860218048096
v -0.21276484429836273 -0.300927072763443 3.2935216426849365
v -0.21276484429836273 -0.300927072763443 3.2935216426849365
v -0.21282848715782166 -0.27167636156082153 3.295175313949585
v -0.24209606647491455 -0.2716646194458008 3.293839693069458
v -0.24209606647491455 -0.2716646194458008 3.293839693069458
v -0.2420322149991989 -0.3009156286716461 3.2921860218048096
v -0.2360139936208725 -0.2936210036277771 3.1763899326324463
v -0.2360139936208725 -0.2936210036277771 3.1763899326324463
v -0.23607699573040009 -0.2650989890098572 3.177999973297119
v -0.24209606647491455 -0.2716646194458008 3.293839693069458
v -0.21282848715782166 -0.27167636156082153 3.295175313949585
v -0.21276484429836273 -0.300927072763443 3.2935216426849365
v -0.20747600495815277 -0.29363200068473816 3.177690029144287
v -0.20747600495815277 -0.29363200068473816 3.177690029144287
v -0.20753799378871918 -0.26510998606681824 3.17930006980896
v -0.21282848715782166 -0.27167636156082153 3.295175313949585
v -0.23607699573040009 -0.2650989890098572 3.177999973297119
v -0.20753799378871918 -0.26510998606681824 3.17930006980896
v -0.21282848715782166 -0.27167636156082153 3.295175313949585
v -0.21282848715782166 -0.27167636156082153 3.295175313949585
v -0.24209606647491455 -0.2716646194458008 3.293839693069458
v -0.23607699573040009 -0.2650989890098572 3.177999973297119
v -0.2360139936208725 -0.2936210036277771 3.1763899326324463
v -0.2420322149991989 -0.3009156286716461 3.2921860218048096
v -0.21276484429836273 -0.300927072763443 3.2935216426849365
v -0.21276484429836273 -0.300927072763443 3.2935216426849365
v -0.20747600495815277 -0.29363200068473816 3.177690029144287
v -0.2360139936208725 -0.2936210036277771 3.1763899326324463
v -0.20747600495815277 0.29363200068473816 3.177690029144287
v -0.2360139936208725 0.2936210036277771 3.1763899326324463
v -0.23607699573040009 0.2650989890098572 3.177999973297119
v -0.23607699573040009 0.2650989890098572 3.177999973297119
v -0.20753799378871918 0.26510998606681824 3.17930006980896
v -0.20747600495815277 0.29363200068473816 3.177690029144287
v -0.21581268310546875 0.30513104796409607 3.3602731227874756
v -0.2455003708600998 0.3051193654537201 3.358916997909546
v -0.24556471407413483 0.2754482626914978 3.360595703125
v -0.24556471407413483 0.2754482626914978 3.360595703125
v -0.21587727963924408 0.275460422039032 3.3619515895843506
v -0.21581268310546875 0.30513104796409607 3.3602731227874756
v -0.21581268310546875 0.30513104796409607 3.3602731227874756
v -0.2455003708600998 0.3051193654537201 3.358916997909546
v -0.2360139936208725 0.2936210036277771 3.1763899326324463
v -0.2360139936208725 0.2936210036277771 3.1763899326324463
v -0.20747600495815277 0.29363200068473816 3.177690029144287
v -0.21581268310546875 0.30513104796409607 3.3602731227874756
v -0.21587727963924408 0.275460422039032 3.3619515895843506
v -0.24556471407413483 0.2754482626914978 3.360595703125
v -0.23607699573040009 0.2650989890098572 3.177999973297119
v -0.23607699573040009 0.2650989890098572 3.177999973297119
v -0.20753799378871918 0.26510998606681824 3.17930006980896
v -0.21587727963924408 0.275460422039032 3.3619515895843506
v -0.20747600495815277 0.29363200068473816 3.177690029144287
v -0.20753799378871918 0.26510998606681824 3.17930006980896
v -0.21587727963924408 0.275460422039032 3.3619515895843506
v -0.21587727963924408 0.275460422039032 3.3619515895843506
v -0.21581268310546875 0.30513104796409607 3.3602731227874756
v -0.20747600495815277 0.29363200068473816 3.177690029144287
v -0.2360139936208725 0.2936210036277771 3.1763899326324463
v -0.2455003708600998 0.3051193654537201 3.358916997909546
v -0.24556471407413483 0.2754482626914978 3.360595703125
v -0.24556471407413483 0.2754482626914978 3.360595703125
v -0.23607699573040009 0.2650989890098572 3.177999973297119
v -0.2360139936208725 0.2936210036277771 3.1763899326324463
v -0.17862699925899506 0.32489800453186035 3.1865599155426025
v -0.20717300474643707 0.3248870074748993 3.1854400634765625
v -0.20723199844360352 0.29637500643730164 3.187230110168457
v -0.20723199844360352 0.29637500643730164 3.187230110168457
v -0.1786859929561615 0.2963860034942627 3.1883599758148193
v -0.17862699925899506 0.32489800453186035 3.1865599155426025
v -0.1818983554840088 0.3306514620780945 3.26961612701416
v -0.21096721291542053 0.3306398391723633 3.2684741020202637
v -0.2110273540019989 0.3016056418418884 3.270298480987549
v -0.2110273540019989 0.3016056418418884 3.270298480987549
v -0.1819586455821991 0.30161747336387634 3.2714507579803467
v -0.1818983554840088 0.3306514620780945 3.26961612701416
v -0.1818983554840088 0.3306514620780945 3.26961612701416
v -0.21096721291542053 0.3306398391723633 3.2684741020202637
v -0.20717300474643707 0.3248870074748993 3.1854400634765625
v -0.20717300474643707 0.3248870074748993 3.1854400634765625
v -0.17862699925899506 0.32489800453186035 3.1865599155426025
v -0.1818983554840088 0.3306514620780945 3.26961612701416
v -0.1819586455821991 0.30161747336387634 3.2714507579803467
v -0.2110273540019989 0.3016056418418884 3.270298480987549
v -0.20723199844360352 0.29637500643730164 3.187230110168457
v -0.20723199844360352 0.29637500643730164 3.187230110168457
v -0.1786859929561615 0.2963860034942627 3.1883599758148193
v -0.1819586455821991 0.30161747336387634 3.2714507579803467
v -0.17862699925899506 0.32489800453186035 3.1865599155426025
v -0.1786859929561615 0.2963860034942627 3.1883599758148193
v -0.1819586455821991 0.30161747336387634 3.2714507579803467
v -0.1819586455821991 0.30161747336387634 3.2714507579803467
v -0.1818983554840088 0.3306514620780945 3.26961612701416
v -0.17862699925899506 0.32489800453186035 3.1865599155426025
v -0.20717300474643707 0.3248870074748993 3.1854400634765625
v -0.21096721291542053 0.3306398391723633 3.2684741020202637
v -0.2110273540019989 0.3016056418418884 3.270298480987549
v -0.2110273540019989 0.3016056418418884 3.270298480987549
v -0.20723199844360352 0.29637500643730164 3.187230110168457
v -0.20717300474643707 0.3248870074748993 3.1854400634765625
v -0.14922599494457245 0.8863509893417358 3.179529905319214
v -0.17777800559997559 0.8863509893417358 3.1785800457000732
v -0.17794999480247498 0.8582559823989868 3.1837499141693115
v -0.17794999480247498 0.8582559823989868 3.1837499141693115
v -0.14939799904823303 0.8582559823989868 3.1847000122070312
v -0.14922599494457245 0.8863509893417358 3.179529905319214
v -0.15077224373817444 0.8952206969261169 3.2260031700134277
v -0.17962130904197693 0.8952202796936035 3.2250423431396484
v -0.1797952800989151 0.8668330311775208 3.230267286300659
v -0.1797952800989151 0.8668330311775208 3.230267286300659
v -0.15094591677188873 0.8668330311775208 3.2312281131744385
v -0.15077224373817444 0.8952206969261169 3.2260031700134277
v -0.15077224373817444 0.8952206969261169 3.2260031700134277
v -0.17962130904197693 0.8952202796936035 3.2250423431396484
v -0.17777800559997559 0.8863509893417358 3.1785800457000732
v -0.17777800559997559 0.8863509893417358 3.1785800457000732
v -0.14922599494457245 0.8863509893417358 3.179529905319214
v -0.15077224373817444 0.8952206969261169 3.2260031700134277
v -0.15094591677188873 0.8668330311775208 3.2312281131744385
v -0.1797952800989151 0.8668330311775208 3.230267286300659
v -0.17794999480247498 0.8582559823989868 3.1837499141693115
v -0.17794999480247498 0.8582559823989868 3.1837499141693115
v -0.14939799904823303 0.8582559823989868 3.1847000122070312
v -0.15094591677188873 0.8668330311775208 3.2312281131744385
v -0.14922599494457245 0.8863509893417358 3.179529905319214
v -0.14939799904823303 0.8582559823989868 3.1847000122070312
v -0.15094591677188873 0.8668330311775208 3.2312281131744385
v -0.15094591677188873 0.8668330311775208 3.2312281131744385
v -0.15077224373817444 0.8952206969261169 3.2260031700134277
v -0.14922599494457245 0.8863509893417358 3.179529905319214
v -0.17777800559997559 0.8863509893417358 3.1785800457000732
v -0.17962130904197693 0.8952202796936035 3.2250423431396484
v -0.1797952800989151 0.8668330311775208 3.230267286300659
v -0.1797952800989151 0.8668330311775208 3.230267286300659
v -0.17794999480247498 0.8582559823989868 3.1837499141693115
v -0.17777800559997559 0.8863509893417358 3.1785800457000732
v -0.11839500069618225 0.3539530038833618 3.1808199882507324
v -0.1469539999961853 0.3539080023765564 3.1800999641418457
v -0.14695799350738525 0.325408011674881 3.182070016860962
v -0.14695799350738525 0.325408011674881 3.182070016860962
v -0.11840000003576279 0.3254530131816864 3.1827900409698486
v -0.11839500069618225 0.3539530038833618 3.1808199882507324
v -0.12082723528146744 0.36122381687164307 3.277069091796875
v -0.1499921977519989 0.3611772060394287 3.276332139968872
v -0.1499967724084854 0.33207273483276367 3.278345823287964
v -0.1499967724084854 0.33207273483276367 3.278345823287964
v -0.12083223462104797 0.33211860060691833 3.279083013534546
v -0.12082723528146744 0.36122381687164307 3.277069091796875
v -0.12082723528146744 0.36122381687164307 3.277069091796875
v -0.1499921977519989 0.3611772060394287 3.276332139968872
v -0.1469539999961853 0.3539080023765564 3.1800999641418457
v -0.1469539999961853 0.3539080023765564 3.1800999641418457
v -0.11839500069618225 0.3539530038833618 3.1808199882507324
v -0.12082723528146744 0.36122381687164307 3.277069091796875
v -0.12083223462104797 0.33211860060691833 3.279083013534546
v -0.1499967724084854 0.33207273483276367 3.278345823287964
v -0.14695799350738525 0.325408011674881 3.182070016860962
v -0.14695799350738525 0.325408011674881 3.182070016860962
v -0.11840000003576279 0.3254530131816864 3.1827900409698486
v -0.12083223462104797 0.33211860060691833 3.279083013534546
v -0.11839500069618225 0.3539530038833618 3.1808199882507324
v -0.11840000003576279 0.3254530131816864 3.1827900409698486
v -0.12083223462104797 0.33211860060691833 3.279083013534546
v -0.12083223462104797 0.33211860060691833 3.279083013534546
v -0.12082723528146744 0.36122381687164307 3.277069091796875
v -0.11839500069618225 0.3539530038833618 3.1808199882507324
v -0.1469539999961853 0.3539080023765564 3.1800999641418457
v -0.1499921977519989 0.3611772060394287 3.276332139968872
v -0.1499967724084854 0.33207273483276367 3.278345823287964
v -0.1499967724084854 0.33207273483276367 3.278345823287964
v -0.14695799350738525 0.325408011674881 3.182070016860962
v -0.1469539999961853 0.3539080023765564 3.1800999641418457
v -0.11839500069618225 0.41206100583076477 3.1768500804901123
v -0.1469539999961853 0.41201600432395935 3.1761300563812256
v -0.14696699380874634 0.3835430145263672 3.178459882736206
v -0.14696699380874634 0.3835430145263672 3.178459882736206
v -0.11840800195932388 0.3835879862308502 3.1791799068450928
v -0.11839500069618225 0.41206100583076477 3.1768500804901123
v -0.12014895677566528 0.4181783199310303 3.2462103366851807
v -0.14914540946483612 0.4181324243545532 3.2454779148101807
v -0.1491587907075882 0.3892236649990082 3.247844934463501
v -0.1491587907075882 0.3892236649990082 3.247844934463501
v -0.12016264349222183 0.38926953077316284 3.248577356338501
v -0.12014895677566528 0.4181783199310303 3.2462103366851807
v -0.12014895677566528 0.4181783199310303 3.2462103366851807
v -0.14914540946483612 0.4181324243545532 3.2454779148101807
v -0.1469539999961853 0.41201600432395935 3.1761300563812256
v -0.1469539999961853 0.41201600432395935 3.1761300563812256
v -0.11839500069618225 0.41206100583076477 3.1768500804901123
v -0.12014895677566528 0.4181783199310303 3.2462103366851807
v -0.12016264349222183 0.38926953077316284 3.248577356338501
v -0.1491587907075882 0.3892236649990082 3.247844934463501
v -0.14696699380874634 0.3835430145263672 3.178459882736206
v -0.14696699380874634 0.3835430145263672 3.178459882736206
v -0.11840800195932388 0.3835879862308502 3.1791799068450928
v -0.12016264349222183 0.38926953077316284 3.248577356338501
v -0.11839500069618225 0.41206100583076477 3.1768500804901123
v -0.11840800195932388 0.3835879862308502 3.1791799068450928
v -0.12016264349222183 0.38926953077316284 3.248577356338501
v -0.12016264349222183 0.38926953077316284 3.248577356338501
v -0.12014895677566528 0.4181783199310303 3.2462103366851807
v -0.11839500069618225 0.41206100583076477 3.1768500804901123
v -0.1469539999961853 0.41201600432395935 3.1761300563812256
v -0.14914540946483612 0.4181324243545532 3.2454779148101807
v -0.1491587907075882 0.3892236649990082 3.247844934463501
v -0.1491587907075882 0.3892236649990082 3.247844934463501
v -0.14696699380874634 0.3835430145263672 3.178459882736206
v -0.1469539999961853 0.41201600432395935 3.1761300563812256
v -0.08926410228013992 0.35395100712776184 3.1807899475097656
v -0.11782699823379517 0.3539170026779175 3.1802499294281006
v -0.11783000081777573 0.32541701197624207 3.182219982147217
v -0.11783000081777573 0.32541701197624207 3.182219982147217
v -0.08926759660243988 0.32545098662376404 3.182760000228882
v -0.08926410228013992 0.35395100712776184 3.1807899475097656
v -0.09291908890008926 0.3685106933116913 3.373530864715576
v -0.12269603461027145 0.36847490072250366 3.3729641437530518
v -0.12269990891218185 0.3387639820575714 3.3750216960906982
v -0.12269990891218185 0.3387639820575714 3.3750216960906982
v -0.09292293339967728 0.33879950642585754 3.3755884170532227
v -0.09291908890008926 0.3685106933116913 3.373530864715576
v -0.09291908890008926 0.3685106933116913 3.373530864715576
v -0.12269603461027145 0.36847490072250366 3.3729641437530518
v -0.11782699823379517 0.3539170026779175 3.1802499294281006
v -0.11782699823379517 0.3539170026779175 3.1802499294281006
v -0.08926410228013992 0.35395100712776184 3.1807899475097656
v -0.09291908890008926 0.3685106933116913 3.373530864715576
v -0.09292293339967728 0.33879950642585754 3.3755884170532227
v -0.12269990891218185 0.3387639820575714 3.3750216960906982
v -0.11783000081777573 0.32541701197624207 3.182219982147217
v -0.11783000081777573 0.32541701197624207 3.182219982147217
v -0.08926759660243988 0.32545098662376404 3.182760000228882
v -0.09292293339967728 0.33879950642585754 3.3755884170532227
v -0.08926410228013992 0.35395100712776184 3.1807899475097656
v -0.08926759660243988 0.32545098662376404 3.182760000228882
v -0.09292293339967728 0.33879950642585754 3.3755884170532227
v -0.09292293339967728 0.33879950642585754 3.3755884170532227
v -0.09291908890008926 0.3685106933116913 3.373530864715576
v -0.08926410228013992 0.35395100712776184 3.1807899475097656
v -0.11782699823379517 0.3539170026779175 3.1802499294281006
v -0.12269603461027145 0.36847490072250366 3.3729641437530518
v -0.12269990891218185 0.3387639820575714 3.3750216960906982
v -0.12269990891218185 0.3387639820575714 3.3750216960906982
v -0.11783000081777573 0.32541701197624207 3.182219982147217
v -0.11782699823379517 0.3539170026779175 3.1802499294281006
v -0.08923500031232834 0.7714040279388428 3.1936099529266357
v -0.11779800057411194 0.7713189721107483 3.193079948425293
v -0.11779899895191193 0.74310302734375 3.197540044784546
v -0.11779899895191193 0.74310302734375 3.197540044784546
v -0.08923599869012833 0.7431870102882385 3.198080062866211
v -0.08923500031232834 0.7714040279388428 3.1936099529266357
v -0.09167426824569702 0.7921765446662903 3.3196473121643066
v -0.12103951722383499 0.7920892238616943 3.3190996646881104
v -0.12104052305221558 0.7630805969238281 3.3236875534057617
v -0.12104052305221558 0.7630805969238281 3.3236875534057617
v -0.09167533367872238 0.7631675004959106 3.3242452144622803
v -0.09167426824569702 0.7921765446662903 3.3196473121643066
v -0.09167426824569702 0.7921765446662903 3.3196473121643066
v -0.12103951722383499 0.7920892238616943 3.3190996646881104
v -0.11779800057411194 0.7713189721107483 3.193079948425293
v -0.11779800057411194 0.7713189721107483 3.193079948425293
v -0.08923500031232834 0.7714040279388428 3.1936099529266357
v -0.09167426824569702 0.7921765446662903 3.3196473121643066
v -0.09167533367872238 0.7631675004959106 3.3242452144622803
v -0.12104052305221558 0.7630805969238281 3.3236875534057617
v -0.11779899895191193 0.74310302734375 3.197540044784546
v -0.11779899895191193 0.74310302734375 3.197540044784546
v -0.08923599869012833 0.7431870102882385 3.198080062866211
v -0.09167533367872238 0.7631675004959106 3.3242452144622803
v -0.08923500031232834 0.7714040279388428 3.1936099529266357
v -0.08923599869012833 0.7431870102882385 3.198080062866211
v -0.09167533367872238 0.7631675004959106 3.3242452144622803
v -0.09167533367872238 0.7631675004959106 3.3242452144622803
v -0.09167426824569702 0.7921765446662903 3.3196473121643066
v -0.08923500031232834 0.7714040279388428 3.1936099529266357
v -0.11779800057411194 0.7713189721107483 3.193079948425293
v -0.12103951722383499 0.7920892238616943 3.3190996646881104
v -0.12104052305221558 0.7630805969238281 3.3236875534057617
v -0.12104052305221558 0.7630805969238281 3.3236875534057617
v -0.11779899895191193 0.74310302734375 3.197540044784546
v -0.11779800057411194 0.7713189721107483 3.193079948425293
v 0.030458299443125725 0.5025960206985474 3.1835999488830566
v 0.0304579995572567 0.5310009717941284 3.1805601119995117
v 0.0018899700371548533 0.5310009717941284 3.1805601119995117
v 0.0018899700371548533 0.5310009717941284 3.1805601119995117
v 0.0018902999581769109 0.5025960206985474 3.1835999488830566
v 0.030458299443125725 0.5025960206985474 3.1835999488830566
v 0.031130122020840645 0.5138239860534668 3.288325309753418
v 0.03112981654703617 0.5428871512413025 3.285212516784668
v 0.0019001673208549619 0.5428873896598816 3.28521466255188
v 0.0019001673208549619 0.5428873896598816 3.28521466255188
v 0.001900502247735858 0.5138242244720459 3.28832745552063
v 0.031130122020840645 0.5138239860534668 3.288325309753418
v 0.031130122020840645 0.5138239860534668 3.288325309753418
v 0.03112981654703617 0.5428871512413025 3.285212516784668
v 0.0304579995572567 0.5310009717941284 3.1805601119995117
v 0.0304579995572567 0.5310009717941284 3.1805601119995117
v 0.030458299443125725 0.5025960206985474 3.1835999488830566
v 0.031130122020840645 0.5138239860534668 3.288325309753418
v 0.001900502247735858 0.5138242244720459 3.28832745552063
v 0.0019001673208549619 0.5428873896598816 3.28521466255188
v 0.0018899700371548533 0.5310009717941284 3.1805601119995117
v 0.0018899700371548533 0.5310009717941284 3.1805601119995117
v 0.0018902999581769109 0.5025960206985474 3.1835999488830566
v 0.001900502247735858 0.5138242244720459 3.28832745552063
v 0.030458299443125725 0.5025960206985474 3.1835999488830566
v 0.0018902999581769109 0.5025960206985474 3.1835999488830566
v 0.001900502247735858 0.5138242244720459 3.28832745552063
v 0.001900502247735858 0.5138242244720459 3.28832745552063
v 0.031130122020840645 0.5138239860534668 3.288325309753418
v 0.030458299443125725 0.5025960206985474 3.1835999488830566
v 0.0304579995572567 0.5310009717941284 3.1805601119995117
v 0.03112981654703617 0.5428871512413025 3.285212516784668
v 0.0019001673208549619 0.5428873896598816 3.28521466255188
v 0.0019001673208549619 0.5428873896598816 3.28521466255188
v 0.0018899700371548533 0.5310009717941284 3.1805601119995117
v 0.0304579995572567 0.5310009717941284 3.1805601119995117
v 0.0595770999789238 0.44459599256515503 3.18887996673584
v 0.05957679823040962 0.4730370044708252 3.186199903488159
v 0.031009400263428688 0.4730539917945862 3.186379909515381
v 0.031009400263428688 0.4730539917945862 3.186379909515381
v 0.031009700149297714 0.4446130096912384 3.189069986343384
v 0.0595770999789238 0.44459599256515503 3.18887996673584
v 0.060455866158008575 0.4511250853538513 3.25795578956604
v 0.060455549508333206 0.47999992966651917 3.2552332878112793
v 0.03145228326320648 0.48001736402511597 3.2554173469543457
v 0.03145228326320648 0.48001736402511597 3.2554173469543457
v 0.03145261108875275 0.4511427879333496 3.2581498622894287
v 0.060455866158008575 0.4511250853538513 3.25795578956604
v 0.060455866158008575 0.4511250853538513 3.25795578956604
v 0.060455549508333206 0.47999992966651917 3.2552332878112793
v 0.05957679823040962 0.4730370044708252 3.186199903488159
v 0.05957679823040962 0.4730370044708252 3.186199903488159
v 0.0595770999789238 0.44459599256515503 3.18887996673584
v 0.060455866158008575 0.4511250853538513 3.25795578956604
v 0.03145261108875275 0.4511427879333496 3.2581498622894287
v 0.03145228326320648 0.48001736402511597 3.2554173469543457
v 0.031009400263428688 0.4730539917945862 3.186379909515381
v 0.031009400263428688 0.4730539917945862 3.186379909515381
v 0.031009700149297714 0.4446130096912384 3.189069986343384
v 0.03145261108875275 0.4511427879333496 3.2581498622894287
v 0.0595770999789238 0.44459599256515503 3.18887996673584
v 0.031009700149297714 0.4446130096912384 3.189069986343384
v 0.03145261108875275 0.4511427879333496 3.2581498622894287
v 0.03145261108875275 0.4511427879333496 3.2581498622894287
v 0.060455866158008575 0.4511250853538513 3.25795578956604
v 0.0595770999789238 0.44459599256515503 3.18887996673584
v 0.05957679823040962 0.4730370044708252 3.186199903488159
v 0.060455549508333206 0.47999992966651917 3.2552332878112793
v 0.03145228326320648 0.48001736402511597 3.2554173469543457
v 0.03145228326320648 0.48001736402511597 3.2554173469543457
v 0.031009400263428688 0.4730539917945862 3.186379909515381
v 0.05957679823040962 0.4730370044708252 3.186199903488159
v 0.08869700133800507 0.44457998871803284 3.1887199878692627
v 0.08869680017232895 0.4730220139026642 3.1860299110412598
v 0.060131099075078964 0.47305500507354736 3.186389923095703
v 0.060131099075078964 0.47305500507354736 3.186389923095703
v 0.06013130024075508 0.4446139931678772 3.189079999923706
v 0.08869700133800507 0.44457998871803284 3.1887199878692627
v 0.0900675430893898 0.4513850510120392 3.2607123851776123
v 0.0900673195719719 0.48027893900871277 3.2579782009124756
v 0.06104733794927597 0.48031264543533325 3.258345365524292
v 0.06104733794927597 0.48031264543533325 3.258345365524292
v 0.06104755774140358 0.4514194428920746 3.2610795497894287
v 0.0900675430893898 0.4513850510120392 3.2607123851776123
v 0.0900675430893898 0.4513850510120392 3.2607123851776123
v 0.0900673195719719 0.48027893900871277 3.2579782009124756
v 0.08869680017232895 0.4730220139026642 3.1860299110412598
v 0.08869680017232895 0.4730220139026642 3.1860299110412598
v 0.08869700133800507 0.44457998871803284 3.1887199878692627
v 0.0900675430893898 0.4513850510120392 3.2607123851776123
v 0.06104755774140358 0.4514194428920746 3.2610795497894287
v 0.06104733794927597 0.48031264543533325 3.258345365524292
v 0.060131099075078964 0.47305500507354736 3.186389923095703
v 0.060131099075078964 0.47305500507354736 3.186389923095703
v 0.06013130024075508 0.4446139931678772 3.189079999923706
v 0.06104755774140358 0.4514194428920746 3.2610795497894287
v 0.08869700133800507 0.44457998871803284 3.1887199878692627
v 0.06013130024075508 0.4446139931678772 3.189079999923706
v 0.06104755774140358 0.4514194428920746 3.2610795497894287
v 0.06104755774140358 0.4514194428920746 3.2610795497894287
v 0.0900675430893898 0.4513850510120392 3.2607123851776123
v 0.08869700133800507 0.44457998871803284 3.1887199878692627
v 0.08869680017232895 0.4730220139026642 3.1860299110412598
v 0.0900673195719719 0.48027893900871277 3.2579782009124756
v 0.06104733794927597 0.48031264543533325 3.258345365524292
v 0.06104733794927597 0.48031264543533325 3.258345365524292
v 0.060131099075078964 0.47305500507354736 3.186389923095703
v 0.08869680017232895 0.4730220139026642 3.1860299110412598
v 0.11783000081777573 0.32541701197624207 3.182219982147217
v 0.11782699823379517 0.3539170026779175 3.1802499294281006
v 0.08926410228013992 0.35395100712776184 3.1807899475097656
v 0.08926410228013992 0.35395100712776184 3.1807899475097656
v 0.08926759660243988 0.32545098662376404 3.182760000228882
v 0.11783000081777573 0.32541701197624207 3.182219982147217
v 0.12211346626281738 0.3371559679508209 3.351804256439209
v 0.12210970371961594 0.3667218089103699 3.349757194519043
v 0.09247895330190659 0.3667566180229187 3.350320816040039
v 0.09247895330190659 0.3667566180229187 3.350320816040039
v 0.09248275309801102 0.3371920585632324 3.352367877960205
v 0.12211346626281738 0.3371559679508209 3.351804256439209
v 0.12211346626281738 0.3371559679508209 3.351804256439209
v 0.12210970371961594 0.3667218089103699 3.349757194519043
v 0.11782699823379517 0.3539170026779175 3.1802499294281006
v 0.11782699823379517 0.3539170026779175 3.1802499294281006
v 0.11783000081777573 0.32541701197624207 3.182219982147217
v 0.12211346626281738 0.3371559679508209 3.351804256439209
v 0.09248275309801102 0.3371920585632324 3.352367877960205
v 0.09247895330190659 0.3667566180229187 3.350320816040039
v 0.08926410228013992 0.35395100712776184 3.1807899475097656
v 0.08926410228013992 0.35395100712776184 3.1807899475097656
v 0.08926759660243988 0.32545098662376404 3.182760000228882
v 0.09248275309801102 0.3371920585632324 3.352367877960205
v 0.11783000081777573 0.32541701197624207 3.182219982147217
v 0.08926759660243988 0.32545098662376404 3.182760000228882
v 0.09248275309801102 0.3371920585632324 3.352367877960205
v 0.09248275309801102 0.3371920585632324 3.352367877960205
v 0.12211346626281738 0.3371559679508209 3.351804256439209
v 0.11783000081777573 0.32541701197624207 3.182219982147217
v 0.11782699823379517 0.3539170026779175 3.1802499294281006
v 0.12210970371961594 0.3667218089103699 3.349757194519043
v 0.09247895330190659 0.3667566180229187 3.350320816040039
v 0.09247895330190659 0.3667566180229187 3.350320816040039
v 0.08926410228013992 0.35395100712776184 3.1807899475097656
v 0.11782699823379517 0.3539170026779175 3.1802499294281006
v 0.1468600034713745 1.3809000253677368 3.2068400382995605
v 0.14684900641441345 1.4082800149917603 3.1986899375915527
v 0.11829099804162979 1.4084800481796265 3.199399948120117
v 0.11829099804162979 1.4084800481796265 3.199399948120117
v 0.11830099672079086 1.381100058555603 3.207550048828125
v 0.1468600034713745 1.3809000253677368 3.2068400382995605
v 0.150637686252594 1.414405107498169 3.319523572921753
v 0.15062656998634338 1.4424898624420166 3.311161756515503
v 0.12132971733808517 1.4426950216293335 3.311892509460449
v 0.12132971733808517 1.4426950216293335 3.311892509460449
v 0.12134047597646713 1.41461181640625 3.32025408744812
v 0.150637686252594 1.414405107498169 3.319523572921753
v 0.150637686252594 1.414405107498169 3.319523572921753
v 0.15062656998634338 1.4424898624420166 3.311161756515503
v 0.14684900641441345 1.4082800149917603 3.1986899375915527
v 0.14684900641441345 1.4082800149917603 3.1986899375915527
v 0.1468600034713745 1.3809000253677368 3.2068400382995605
v 0.150637686252594 1.414405107498169 3.319523572921753
v 0.12134047597646713 1.41461181640625 3.32025408744812
v 0.12132971733808517 1.4426950216293335 3.311892509460449
v 0.11829099804162979 1.4084800481796265 3.199399948120117
v 0.11829099804162979 1.4084800481796265 3.199399948120117
v 0.11830099672079086 1.381100058555603 3.207550048828125
v 0.12134047597646713 1.41461181640625 3.32025408744812
v 0.1468600034713745 1.3809000253677368 3.2068400382995605
v 0.11830099672079086 1.381100058555603 3.207550048828125
v 0.12134047597646713 1.41461181640625 3.32025408744812
v 0.12134047597646713 1.41461181640625 3.32025408744812
v 0.150637686252594 1.414405107498169 3.319523572921753
v 0.1468600034713745 1.3809000253677368 3.2068400382995605
v 0.14684900641441345 1.4082800149917603 3.1986899375915527
v 0.15062656998634338 1.4424898624420166 3.311161756515503
v 0.12132971733808517 1.4426950216293335 3.311892509460449
v 0.12132971733808517 1.4426950216293335 3.311892509460449
v 0.11829099804162979 1.4084800481796265 3.199399948120117
v 0.14684900641441345 1.4082800149917603 3.1986899375915527
v 0.17807500064373016 0.32544800639152527 3.1865499019622803
v 0.1780100017786026 0.3539470136165619 3.184580087661743
v 0.14945800602436066 0.3539470136165619 3.1855199337005615
v 0.14945800602436066 0.3539470136165619 3.1855199337005615
v 0.14952300488948822 0.32544800639152527 3.1874899864196777
v 0.17807500064373016 0.32544800639152527 3.1865499019622803
v 0.1838219314813614 0.33555537462234497 3.332458734512329
v 0.18375428020954132 0.3649725019931793 3.3304224014282227
v 0.15428347885608673 0.3649725019931793 3.3313956260681152
v 0.15428347885608673 0.3649725019931793 3.3313956260681152
v 0.15435047447681427 0.33555537462234497 3.3334319591522217
v 0.1838219314813614 0.33555537462234497 3.332458734512329
v 0.1838219314813614 0.33555537462234497 3.332458734512329
v 0.18375428020954132 0.3649725019931793 3.3304224014282227
v 0.1780100017786026 0.3539470136165619 3.184580087661743
v 0.1780100017786026 0.3539470136165619 3.184580087661743
v 0.17807500064373016 0.32544800639152527 3.1865499019622803
v 0.1838219314813614 0.33555537462234497 3.332458734512329
v 0.15435047447681427 0.33555537462234497 3.3334319591522217
v 0.15428347885608673 0.3649725019931793 3.3313956260681152
v 0.14945800602436066 0.3539470136165619 3.1855199337005615
v 0.14945800602436066 0.3539470136165619 3.1855199337005615
v 0.14952300488948822 0.32544800639152527 3.1874899864196777
v 0.15435047447681427 0.33555537462234497 3.3334319591522217
v 0.17807500064373016 0.32544800639152527 3.1865499019622803
v 0.14952300488948822 0.32544800639152527 3.1874899864196777
v 0.15435047447681427 0.33555537462234497 3.3334319591522217
v 0.15435047447681427 0.33555537462234497 3.3334319591522217
v 0.1838219314813614 0.33555537462234497 3.332458734512329
v 0.17807500064373016 0.32544800639152527 3.1865499019622803
v 0.1780100017786026 0.3539470136165619 3.184580087661743
v 0.18375428020954132 0.3649725019931793 3.3304224014282227
v 0.15428347885608673 0.3649725019931793 3.3313956260681152
v 0.15428347885608673 0.3649725019931793 3.3313956260681152
v 0.14945800602436066 0.3539470136165619 3.1855199337005615
v 0.1780100017786026 0.3539470136165619 3.184580087661743
v 0.17868399620056152 -0.9790319800376892 3.189739942550659
v 0.20723000168800354 -0.9789980053901672 3.188610076904297
v 0.20742300152778625 -0.9510049819946289 3.194309949874878
v 0.20742300152778625 -0.9510049819946289 3.194309949874878
v 0.17887699604034424 -0.9510390162467957 3.1954400539398193
v 0.17868399620056152 -0.9790319800376892 3.189739942550659
v 0.18095454573631287 -0.9910432696342468 3.2467939853668213
v 0.20986683666706085 -0.9910078048706055 3.2456486225128174
v 0.21006222069263458 -0.9626561999320984 3.251422882080078
v 0.21006222069263458 -0.9626561999320984 3.251422882080078
v 0.1811499446630478 -0.9626906514167786 3.252568483352661
v 0.18095454573631287 -0.9910432696342468 3.2467939853668213
v 0.18095454573631287 -0.9910432696342468 3.2467939853668213
v 0.20986683666706085 -0.9910078048706055 3.2456486225128174
v 0.20723000168800354 -0.9789980053901672 3.188610076904297
v 0.20723000168800354 -0.9789980053901672 3.188610076904297
v 0.17868399620056152 -0.9790319800376892 3.189739942550659
v 0.18095454573631287 -0.9910432696342468 3.2467939853668213
v 0.1811499446630478 -0.9626906514167786 3.252568483352661
v 0.21006222069263458 -0.9626561999320984 3.251422882080078
v 0.20742300152778625 -0.9510049819946289 3.194309949874878
v 0.20742300152778625 -0.9510049819946289 3.194309949874878
v 0.17887699604034424 -0.9510390162467957 3.1954400539398193
v 0.1811499446630478 -0.9626906514167786 3.252568483352661
v 0.17868399620056152 -0.9790319800376892 3.189739942550659
v 0.17887699604034424 -0.9510390162467957 3.1954400539398193
v 0.1811499446630478 -0.9626906514167786 3.252568483352661
v 0.1811499446630478 -0.9626906514167786 3.252568483352661
v 0.18095454573631287 -0.9910432696342468 3.2467939853668213
v 0.17868399620056152 -0.9790319800376892 3.189739942550659
v 0.20723000168800354 -0.9789980053901672 3.188610076904297
v 0.20986683666706085 -0.9910078048706055 3.2456486225128174
v 0.21006222069263458 -0.9626561999320984 3.251422882080078
v 0.21006222069263458 -0.9626561999320984 3.251422882080078
v 0.20742300152778625 -0.9510049819946289 3.194309949874878
v 0.20723000168800354 -0.9789980053901672 3.188610076904297
v 0.20723199844360352 0.29637500643730164 3.187230110168457
v 0.20717300474643707 0.3248870074748993 3.1854400634765625
v 0.17862699925899506 0.32489800453186035 3.1865599155426025
v 0.17862699925899506 0.32489800453186035 3.1865599155426025
v 0.1786859929561615 0.2963860034942627 3.1883599758148193
v 0.20723199844360352 0.29637500643730164 3.187230110168457
v 0.2139521688222885 0.30563652515411377 3.33431339263916
v 0.21389111876487732 0.3350731432437897 3.3324623107910156
v 0.18441933393478394 0.3350852131843567 3.3336215019226074
v 0.18441933393478394 0.3350852131843567 3.3336215019226074
v 0.18448063731193542 0.3056489825248718 3.335482597351074
v 0.2139521688222885 0.30563652515411377 3.33431339263916
v 0.2139521688222885 0.30563652515411377 3.33431339263916
v 0.21389111876487732 0.3350731432437897 3.3324623107910156
v 0.20717300474643707 0.3248870074748993 3.1854400634765625
v 0.20717300474643707 0.3248870074748993 3.1854400634765625
v 0.20723199844360352 0.29637500643730164 3.187230110168457
v 0.2139521688222885 0.30563652515411377 3.33431339263916
v 0.18448063731193542 0.3056489825248718 3.335482597351074
v 0.18441933393478394 0.3350852131843567 3.3336215019226074
v 0.17862699925899506 0.32489800453186035 3.1865599155426025
v 0.17862699925899506 0.32489800453186035 3.1865599155426025
v 0.1786859929561615 0.2963860034942627 3.1883599758148193
v 0.18448063731193542 0.3056489825248718 3.335482597351074
v 0.20723199844360352 0.29637500643730164 3.187230110168457
v 0.1786859929561615 0.2963860034942627 3.1883599758148193
v 0.18448063731193542 0.3056489825248718 3.335482597351074
v 0.18448063731193542 0.3056489825248718 3.335482597351074
v 0.2139521688222885 0.30563652515411377 3.33431339263916
v 0.20723199844360352 0.29637500643730164 3.187230110168457
v 0.20717300474643707 0.3248870074748993 3.1854400634765625
v 0.21389111876487732 0.3350731432437897 3.3324623107910156
v 0.18441933393478394 0.3350852131843567 3.3336215019226074
v 0.18441933393478394 0.3350852131843567 3.3336215019226074
v 0.17862699925899506 0.32489800453186035 3.1865599155426025
v 0.20717300474643707 0.3248870074748993 3.1854400634765625
v 0.20717300474643707 0.3254370093345642 3.185420036315918
v 0.20710699260234833 0.3539370000362396 3.1834399700164795
v 0.1785610020160675 0.3539479970932007 3.184570074081421
v 0.1785610020160675 0.3539479970932007 3.184570074081421
v 0.17862699925899506 0.32544800639152527 3.186539888381958
v 0.20717300474643707 0.3254370093345642 3.185420036315918
v 0.2142600566148758 0.33618322014808655 3.3405089378356934
v 0.21419161558151245 0.3656574487686157 3.33845853805542
v 0.18466903269290924 0.3656696379184723 3.339629888534546
v 0.18466903269290924 0.3656696379184723 3.339629888534546
v 0.184737429022789 0.3361946642398834 3.341670513153076
v 0.2142600566148758 0.33618322014808655 3.3405089378356934
v 0.2142600566148758 0.33618322014808655 3.3405089378356934
v 0.21419161558151245 0.3656574487686157 3.33845853805542
v 0.20710699260234833 0.3539370000362396 3.1834399700164795
v 0.20710699260234833 0.3539370000362396 3.1834399700164795
v 0.20717300474643707 0.3254370093345642 3.185420036315918
v 0.2142600566148758 0.33618322014808655 3.3405089378356934
v 0.184737429022789 0.3361946642398834 3.341670513153076
v 0.18466903269290924 0.3656696379184723 3.339629888534546
v 0.1785610020160675 0.3539479970932007 3.184570074081421
v 0.1785610020160675 0.3539479970932007 3.184570074081421
v 0.17862699925899506 0.32544800639152527 3.186539888381958
v 0.184737429022789 0.3361946642398834 3.341670513153076
v 0.20717300474643707 0.3254370093345642 3.185420036315918
v 0.17862699925899506 0.32544800639152527 3.186539888381958
v 0.184737429022789 0.3361946642398834 3.341670513153076
v 0.184737429022789 0.3361946642398834 3.341670513153076
v 0.2142600566148758 0.33618322014808655 3.3405089378356934
v 0.20717300474643707 0.3254370093345642 3.185420036315918
v 0.20710699260234833 0.3539370000362396 3.1834399700164795
v 0.21419161558151245 0.3656574487686157 3.33845853805542
v 0.18466903269290924 0.3656696379184723 3.339629888534546
v 0.18466903269290924 0.3656696379184723 3.339629888534546
v 0.1785610020160675 0.3539479970932007 3.184570074081421
v 0.20710699260234833 0.3539370000362396 3.1834399700164795
v 0.2362149953842163 0.3544920086860657 3.1824800968170166
v 0.23613999783992767 0.38297900557518005 3.1803300380706787
v 0.20760099589824677 0.3830009996891022 3.1816298961639404
v 0.20760099589824677 0.3830009996891022 3.1816298961639404
v 0.20767700672149658 0.3545140027999878 3.1837799549102783
v 0.2362149953842163 0.3544920086860657 3.1824800968170166
v 0.2436739206314087 0.3653358221054077 3.325859785079956
v 0.24359601736068726 0.3947242200374603 3.323638916015625
v 0.21415410935878754 0.39474791288375854 3.3249831199645996
v 0.21415410935878754 0.39474791288375854 3.3249831199645996
v 0.21423202753067017 0.36535897850990295 3.3272039890289307
v 0.2436739206314087 0.3653358221054077 3.325859785079956
v 0.2436739206314087 0.3653358221054077 3.325859785079956
v 0.24359601736068726 0.3947242200374603 3.323638916015625
v 0.23613999783992767 0.38297900557518005 3.1803300380706787
v 0.23613999783992767 0.38297900557518005 3.1803300380706787
v 0.2362149953842163 0.3544920086860657 3.1824800968170166
v 0.2436739206314087 0.3653358221054077 3.325859785079956
v 0.21423202753067017 0.36535897850990295 3.3272039890289307
v 0.21415410935878754 0.39474791288375854 3.3249831199645996
v 0.20760099589824677 0.3830009996891022 3.1816298961639404
v 0.20760099589824677 0.3830009996891022 3.1816298961639404
v 0.20767700672149658 0.3545140027999878 3.1837799549102783
v 0.21423202753067017 0.36535897850990295 3.3272039890289307
v 0.2362149953842163 0.3544920086860657 3.1824800968170166
v 0.20767700672149658 0.3545140027999878 3.1837799549102783
v 0.21423202753067017 0.36535897850990295 3.3272039890289307
v 0.21423202753067017 0.36535897850990295 3.3272039890289307
v 0.2436739206314087 0.3653358221054077 3.325859785079956
v 0.2362149953842163 0.3544920086860657 3.1824800968170166
v 0.23613999783992767 0.38297900557518005 3.1803300380706787
v 0.24359601736068726 0.3947242200374603 3.323638916015625
v 0.21415410935878754 0.39474791288375854 3.3249831199645996
v 0.21415410935878754 0.39474791288375854 3.3249831199645996
v 0.20760099589824677 0.3830009996891022 3.1816298961639404
v 0.23613999783992767 0.38297900557518005 3.1803300380706787
v 0.2653760015964508 0.32541701197624207 3.1831700801849365
v 0.2653070092201233 0.3539170026779175 3.1812000274658203
v 0.23677800595760345 0.35395100712776184 3.1826798915863037
v 0.23677800595760345 0.35395100712776184 3.1826798915863037
v 0.23684599995613098 0.32545098662376404 3.184659957885742
v 0.2653760015964508 0.32541701197624207 3.1831700801849365
v 0.2719532549381256 0.33323344588279724 3.295926809310913
v 0.27188271284103394 0.36244258284568787 3.29390549659729
v 0.24264346063137054 0.3624769449234009 3.295424461364746
v 0.24264346063137054 0.3624769449234009 3.295424461364746
v 0.2427140325307846 0.33326852321624756 3.2974557876586914
v 0.2719532549381256 0.33323344588279724 3.295926809310913
v 0.2719532549381256 0.33323344588279724 3.295926809310913
v 0.27188271284103394 0.36244258284568787 3.29390549659729
v 0.2653070092201233 0.3539170026779175 3.1812000274658203
v 0.2653070092201233 0.3539170026779175 3.1812000274658203
v 0.2653760015964508 0.32541701197624207 3.1831700801849365
v 0.2719532549381256 0.33323344588279724 3.295926809310913
v 0.2427140325307846 0.33326852321624756 3.2974557876586914
v 0.24264346063137054 0.3624769449234009 3.295424461364746
v 0.23677800595760345 0.35395100712776184 3.1826798915863037
v 0.23677800595760345 0.35395100712776184 3.1826798915863037
v 0.23684599995613098 0.32545098662376404 3.184659957885742
v 0.2427140325307846 0.33326852321624756 3.2974557876586914
v 0.2653760015964508 0.32541701197624207 3.1831700801849365
v 0.23684599995613098 0.32545098662376404 3.184659957885742
v 0.2427140325307846 0.33326852321624756 3.2974557876586914
v 0.2427140325307846 0.33326852321624756 3.2974557876586914
v 0.2719532549381256 0.33323344588279724 3.295926809310913
v 0.2653760015964508 0.32541701197624207 3.1831700801849365
v 0.2653070092201233 0.3539170026779175 3.1812000274658203
v 0.27188271284103394 0.36244258284568787 3.29390549659729
v 0.24264346063137054 0.3624769449234009 3.295424461364746
v 0.24264346063137054 0.3624769449234009 3.295424461364746
v 0.23677800595760345 0.35395100712776184 3.1826798915863037
v 0.2653070092201233 0.3539170026779175 3.1812000274658203
v 0.26531898975372314 0.3544819951057434 3.1813600063323975
v 0.2652420103549957 0.3829689919948578 3.1792099475860596
v 0.2367119938135147 0.38300299644470215 3.180690050125122
v 0.2367119938135147 0.38300299644470215 3.180690050125122
v 0.2367900013923645 0.35451599955558777 3.182849884033203
v 0.26531898975372314 0.3544819951057434 3.1813600063323975
v 0.26842671632766724 0.3585112392902374 3.2346251010894775
v 0.2683486342430115 0.3873332142829895 3.2324485778808594
v 0.2394830882549286 0.3873678147792816 3.233947277069092
v 0.2394830882549286 0.3873678147792816 3.233947277069092
v 0.2395620495080948 0.35854601860046387 3.236133575439453
v 0.26842671632766724 0.3585112392902374 3.2346251010894775
v 0.26842671632766724 0.3585112392902374 3.2346251010894775
v 0.2683486342430115 0.3873332142829895 3.2324485778808594
v 0.2652420103549957 0.3829689919948578 3.1792099475860596
v 0.2652420103549957 0.3829689919948578 3.1792099475860596
v 0.26531898975372314 0.3544819951057434 3.1813600063323975
v 0.26842671632766724 0.3585112392902374 3.2346251010894775
v 0.2395620495080948 0.35854601860046387 3.236133575439453
v 0.2394830882549286 0.3873678147792816 3.233947277069092
v 0.2367119938135147 0.38300299644470215 3.180690050125122
v 0.2367119938135147 0.38300299644470215 3.180690050125122
v 0.2367900013923645 0.35451599955558777 3.182849884033203
v 0.2395620495080948 0.35854601860046387 3.236133575439453
v 0.26531898975372314 0.3544819951057434 3.1813600063323975
v 0.2367900013923645 0.35451599955558777 3.182849884033203
v 0.2395620495080948 0.35854601860046387 3.236133575439453
v 0.2395620495080948 0.35854601860046387 3.236133575439453
v 0.26842671632766724 0.3585112392902374 3.2346251010894775
v 0.26531898975372314 0.3544819951057434 3.1813600063323975
v 0.2652420103549957 0.3829689919948578 3.1792099475860596
v 0.2683486342430115 0.3873332142829895 3.2324485778808594
v 0.2394830882549286 0.3873678147792816 3.233947277069092
v 0.2394830882549286 0.3873678147792816 3.233947277069092
v 0.2367119938135147 0.38300299644470215 3.180690050125122
v 0.2652420103549957 0.3829689919948578 3.1792099475860596
v 0.29754799604415894 -0.32489699125289917 3.1922800540924072
v 0.3260529935359955 -0.32489699125289917 3.190390110015869
v 0.32617199420928955 -0.2963860034942627 3.1921799182891846
v 0.32617199420928955 -0.2963860034942627 3.1921799182891846
v 0.2976660132408142 -0.2963860034942627 3.1940701007843018
v 0.29754799604415894 -0.32489699125289917 3.1922800540924072
v 0.30398544669151306 -0.3316453695297241 3.2895545959472656
v 0.3331027925014496 -0.3316451907157898 3.2876219749450684
v 0.33322447538375854 -0.3025212585926056 3.28945255279541
v 0.33322447538375854 -0.3025212585926056 3.28945255279541
v 0.3041064143180847 -0.3025217056274414 3.2913849353790283
v 0.30398544669151306 -0.3316453695297241 3.2895545959472656
v 0.30398544669151306 -0.3316453695297241 3.2895545959472656
v 0.3331027925014496 -0.3316451907157898 3.2876219749450684
v 0.3260529935359955 -0.32489699125289917 3.190390110015869
v 0.3260529935359955 -0.32489699125289917 3.190390110015869
v 0.29754799604415894 -0.32489699125289917 3.1922800540924072
v 0.30398544669151306 -0.3316453695297241 3.2895545959472656
v 0.3041064143180847 -0.3025217056274414 3.2913849353790283
v 0.33322447538375854 -0.3025212585926056 3.28945255279541
v 0.32617199420928955 -0.2963860034942627 3.1921799182891846
v 0.32617199420928955 -0.2963860034942627 3.1921799182891846
v 0.2976660132408142 -0.2963860034942627 3.1940701007843018
v 0.3041064143180847 -0.3025217056274414 3.2913849353790283
v 0.29754799604415894 -0.32489699125289917 3.1922800540924072
v 0.2976660132408142 -0.2963860034942627 3.1940701007843018
v 0.3041064143180847 -0.3025217056274414 3.2913849353790283
v 0.3041064143180847 -0.3025217056274414 3.2913849353790283
v 0.30398544669151306 -0.3316453695297241 3.2895545959472656
v 0.29754799604415894 -0.32489699125289917 3.1922800540924072
v 0.3260529935359955 -0.32489699125289917 3.190390110015869
v 0.3331027925014496 -0.3316451907157898 3.2876219749450684
v 0.33322447538375854 -0.3025212585926056 3.28945255279541
v 0.33322447538375854 -0.3025212585926056 3.28945255279541
v 0.32617199420928955 -0.2963860034942627 3.1921799182891846
v 0.3260529935359955 -0.32489699125289917 3.190390110015869
v 0.2971689999103546 -0.23542000353336334 3.1864800453186035
v 0.32567501068115234 -0.23542000353336334 3.1846001148223877
v 0.3257580101490021 -0.20688000321388245 3.185849905014038
v 0.3257580101490021 -0.20688000321388245 3.185849905014038
v 0.29725199937820435 -0.20688000321388245 3.1877400875091553
v 0.2971689999103546 -0.23542000353336334 3.1864800453186035
v 0.3190828859806061 -0.2521224617958069 3.5177643299102783
v 0.34967300295829773 -0.25212281942367554 3.515739917755127
v 0.3497615158557892 -0.22149576246738434 3.5170881748199463
v 0.3497615158557892 -0.22149576246738434 3.5170881748199463
v 0.3191733956336975 -0.2214967906475067 3.519122362136841
v 0.3190828859806061 -0.2521224617958069 3.5177643299102783
v 0.3190828859806061 -0.2521224617958069 3.5177643299102783
v 0.34967300295829773 -0.25212281942367554 3.515739917755127
v 0.32567501068115234 -0.23542000353336334 3.1846001148223877
v 0.32567501068115234 -0.23542000353336334 3.1846001148223877
v 0.2971689999103546 -0.23542000353336334 3.1864800453186035
v 0.3190828859806061 -0.2521224617958069 3.5177643299102783
v 0.3191733956336975 -0.2214967906475067 3.519122362136841
v 0.3497615158557892 -0.22149576246738434 3.5170881748199463
v 0.3257580101490021 -0.20688000321388245 3.185849905014038
v 0.3257580101490021 -0.20688000321388245 3.185849905014038
v 0.29725199937820435 -0.20688000321388245 3.1877400875091553
v 0.3191733956336975 -0.2214967906475067 3.519122362136841
v 0.2971689999103546 -0.23542000353336334 3.1864800453186035
v 0.29725199937820435 -0.20688000321388245 3.1877400875091553
v 0.3191733956336975 -0.2214967906475067 3.519122362136841
v 0.3191733956336975 -0.2214967906475067 3.519122362136841
v 0.3190828859806061 -0.2521224617958069 3.5177643299102783
v 0.2971689999103546 -0.23542000353336334 3.1864800453186035
v 0.32567501068115234 -0.23542000353336334 3.1846001148223877
v 0.34967300295829773 -0.25212281942367554 3.515739917755127
v 0.3497615158557892 -0.22149576246738434 3.5170881748199463
v 0.3497615158557892 -0.22149576246738434 3.5170881748199463
v 0.3257580101490021 -0.20688000321388245 3.185849905014038
v 0.32567501068115234 -0.23542000353336334 3.1846001148223877
v 0.32622501254081726 -0.23542000353336334 3.184570074081421
v 0.35471901297569275 -0.2354149967432022 3.182499885559082
v 0.35480400919914246 -0.20687399804592133 3.183759927749634
v 0.35480400919914246 -0.20687399804592133 3.183759927749634
v 0.32631000876426697 -0.20688000321388245 3.1858201026916504
v 0.32622501254081726 -0.23542000353336334 3.184570074081421
v 0.3371988534927368 -0.24305790662765503 3.3359944820404053
v 0.3666442632675171 -0.24305172264575958 3.333852529525757
v 0.3667328357696533 -0.21355770528316498 3.3351573944091797
v 0.3667328357696533 -0.21355770528316498 3.3351573944091797
v 0.337287575006485 -0.21356382966041565 3.337289333343506
v 0.3371988534927368 -0.24305790662765503 3.3359944820404053
v 0.3371988534927368 -0.24305790662765503 3.3359944820404053
v 0.3666442632675171 -0.24305172264575958 3.333852529525757
v 0.35471901297569275 -0.2354149967432022 3.182499885559082
v 0.35471901297569275 -0.2354149967432022 3.182499885559082
v 0.32622501254081726 -0.23542000353336334 3.184570074081421
v 0.3371988534927368 -0.24305790662765503 3.3359944820404053
v 0.337287575006485 -0.21356382966041565 3.337289333343506
v 0.3667328357696533 -0.21355770528316498 3.3351573944091797
v 0.35480400919914246 -0.20687399804592133 3.183759927749634
v 0.35480400919914246 -0.20687399804592133 3.183759927749634
v 0.32631000876426697 -0.20688000321388245 3.1858201026916504
v 0.337287575006485 -0.21356382966041565 3.337289333343506
v 0.32622501254081726 -0.23542000353336334 3.184570074081421
v 0.32631000876426697 -0.20688000321388245 3.1858201026916504
v 0.337287575006485 -0.21356382966041565 3.337289333343506
v 0.337287575006485 -0.21356382966041565 3.337289333343506
v 0.3371988534927368 -0.24305790662765503 3.3359944820404053
v 0.32622501254081726 -0.23542000353336334 3.184570074081421
v 0.35471901297569275 -0.2354149967432022 3.182499885559082
v 0.3666442632675171 -0.24305172264575958 3.333852529525757
v 0.3667328357696533 -0.21355770528316498 3.3351573944091797
v 0.3667328357696533 -0.21355770528316498 3.3351573944091797
v 0.35480400919914246 -0.20687399804592133 3.183759927749634
v 0.35471901297569275 -0.2354149967432022 3.182499885559082
v 0.3546220064163208 0.0013083600206300616 3.1810100078582764
v 0.3546220064163208 0.029876399785280228 3.1810100078582764
v 0.3261289894580841 0.029876399785280228 3.183079957962036
v 0.3261289894580841 0.029876399785280228 3.183079957962036
v 0.3261289894580841 0.0013083600206300616 3.183079957962036
v 0.3546220064163208 0.0013083600206300616 3.1810100078582764
v 0.3727801740169525 0.001309179817326367 3.4115395545959473
v 0.37277981638908386 0.0313296765089035 3.4115350246429443
v 0.34283849596977234 0.03132987394928932 3.413714647293091
v 0.34283849596977234 0.03132987394928932 3.413714647293091
v 0.3428388237953186 0.0013091904111206532 3.4137191772460938
v 0.3727801740169525 0.001309179817326367 3.4115395545959473
v 0.3727801740169525 0.001309179817326367 3.4115395545959473
v 0.37277981638908386 0.0313296765089035 3.4115350246429443
v 0.3546220064163208 0.029876399785280228 3.1810100078582764
v 0.3546220064163208 0.029876399785280228 3.1810100078582764
v 0.3546220064163208 0.0013083600206300616 3.1810100078582764
v 0.3727801740169525 0.001309179817326367 3.4115395545959473
v 0.3428388237953186 0.0013091904111206532 3.4137191772460938
v 0.34283849596977234 0.03132987394928932 3.413714647293091
v 0.3261289894580841 0.029876399785280228 3.183079957962036
v 0.3261289894580841 0.029876399785280228 3.183079957962036
v 0.3261289894580841 0.0013083600206300616 3.183079957962036
v 0.3428388237953186 0.0013091904111206532 3.4137191772460938
v 0.3546220064163208 0.0013083600206300616 3.1810100078582764
v 0.3261289894580841 0.0013083600206300616 3.183079957962036
v 0.3428388237953186 0.0013091904111206532 3.4137191772460938
v 0.3428388237953186 0.0013091904111206532 3.4137191772460938
v 0.3727801740169525 0.001309179817326367 3.4115395545959473
v 0.3546220064163208 0.0013083600206300616 3.1810100078582764
v 0.3546220064163208 0.029876399785280228 3.1810100078582764
v 0.37277981638908386 0.0313296765089035 3.4115350246429443
v 0.34283849596977234 0.03132987394928932 3.413714647293091
v 0.34283849596977234 0.03132987394928932 3.413714647293091
v 0.3261289894580841 0.029876399785280228 3.183079957962036
v 0.3546220064163208 0.029876399785280228 3.1810100078582764
v 0.35468900203704834 0.2651039958000183 3.181989908218384
v 0.3545779883861542 0.29362601041793823 3.18038010597229
v 0.32608500123023987 0.29363200068473816 3.18245005607605
v 0.32608500123023987 0.29363200068473816 3.18245005607605
v 0.32619601488113403 0.26510998606681824 3.1840600967407227
v 0.35468900203704834 0.2651039958000183 3.181989908218384
v 0.36527755856513977 0.272734135389328 3.31636118888855
v 0.3651629090309143 0.3021025061607361 3.3147008419036865
v 0.3358243405818939 0.3021090626716614 3.3168346881866455
v 0.3358243405818939 0.3021090626716614 3.3168346881866455
v 0.3359391391277313 0.27274027466773987 3.318495273590088
v 0.36527755856513977 0.272734135389328 3.31636118888855
v 0.36527755856513977 0.272734135389328 3.31636118888855
v 0.3651629090309143 0.3021025061607361 3.3147008419036865
v 0.3545779883861542 0.29362601041793823 3.18038010597229
v 0.3545779883861542 0.29362601041793823 3.18038010597229
v 0.35468900203704834 0.2651039958000183 3.181989908218384
v 0.36527755856513977 0.272734135389328 3.31636118888855
v 0.3359391391277313 0.27274027466773987 3.318495273590088
v 0.3358243405818939 0.3021090626716614 3.3168346881866455
v 0.32608500123023987 0.29363200068473816 3.18245005607605
v 0.32608500123023987 0.29363200068473816 3.18245005607605
v 0.32619601488113403 0.26510998606681824 3.1840600967407227
v 0.3359391391277313 0.27274027466773987 3.318495273590088
v 0.35468900203704834 0.2651039958000183 3.181989908218384
v 0.32619601488113403 0.26510998606681824 3.1840600967407227
v 0.3359391391277313 0.27274027466773987 3.318495273590088
v 0.3359391391277313 0.27274027466773987 3.318495273590088
v 0.36527755856513977 0.272734135389328 3.31636118888855
v 0.35468900203704834 0.2651039958000183 3.181989908218384
v 0.3545779883861542 0.29362601041793823 3.18038010597229
v 0.3651629090309143 0.3021025061607361 3.3147008419036865
v 0.3358243405818939 0.3021090626716614 3.3168346881866455
v 0.3358243405818939 0.3021090626716614 3.3168346881866455
v 0.32608500123023987 0.29363200068473816 3.18245005607605
v 0.3545779883861542 0.29362601041793823 3.18038010597229
v 0.38373899459838867 0.2650989890098572 3.1799099445343018
v 0.38362398743629456 0.2936210036277771 3.178299903869629
v 0.3551439940929413 0.29363200068473816 3.180540084838867
v 0.3551439940929413 0.29363200068473816 3.180540084838867
v 0.3552600145339966 0.26510998606681824 3.182149887084961
v 0.38373899459838867 0.2650989890098572 3.1799099445343018
v 0.39118054509162903 0.2700641453266144 3.2673122882843018
v 0.3910626769065857 0.2991372048854828 3.265669584274292
v 0.36203286051750183 0.29914867877960205 3.2679545879364014
v 0.36203286051750183 0.29914867877960205 3.2679545879364014
v 0.3621509075164795 0.27007561922073364 3.269597291946411
v 0.39118054509162903 0.2700641453266144 3.2673122882843018
v 0.39118054509162903 0.2700641453266144 3.2673122882843018
v 0.3910626769065857 0.2991372048854828 3.265669584274292
v 0.38362398743629456 0.2936210036277771 3.178299903869629
v 0.38362398743629456 0.2936210036277771 3.178299903869629
v 0.38373899459838867 0.2650989890098572 3.1799099445343018
v 0.39118054509162903 0.2700641453266144 3.2673122882843018
v 0.3621509075164795 0.27007561922073364 3.269597291946411
v 0.36203286051750183 0.29914867877960205 3.2679545879364014
v 0.3551439940929413 0.29363200068473816 3.180540084838867
v 0.3551439940929413 0.29363200068473816 3.180540084838867
v 0.3552600145339966 0.26510998606681824 3.182149887084961
v 0.3621509075164795 0.27007561922073364 3.269597291946411
v 0.38373899459838867 0.2650989890098572 3.1799099445343018
v 0.3552600145339966 0.26510998606681824 3.182149887084961
v 0.3621509075164795 0.27007561922073364 3.269597291946411
v 0.3621509075164795 0.27007561922073364 3.269597291946411
v 0.39118054509162903 0.2700641453266144 3.2673122882843018
v 0.38373899459838867 0.2650989890098572 3.1799099445343018
v 0.38362398743629456 0.2936210036277771 3.178299903869629
v 0.3910626769065857 0.2991372048854828 3.265669584274292
v 0.36203286051750183 0.29914867877960205 3.2679545879364014
v 0.36203286051750183 0.29914867877960205 3.2679545879364014
v 0.3551439940929413 0.29363200068473816 3.180540084838867
v 0.38362398743629456 0.2936210036277771 3.178299903869629
v 0.3842020034790039 -0.441118985414505 3.1786301136016846
v 0.41266700625419617 -0.44108501076698303 3.1762099266052246
v 0.41284599900245667 -0.4126279950141907 3.1787099838256836
v 0.41284599900245667 -0.4126279950141907 3.1787099838256836
v 0.3843809962272644 -0.41266098618507385 3.1811399459838867
v 0.3842020034790039 -0.441118985414505 3.1786301136016846
v 0.3871002197265625 -0.44434475898742676 3.2126376628875732
v 0.4157797694206238 -0.44431042671203613 3.2101986408233643
v 0.4159601032733917 -0.41563880443573 3.2127182483673096
v 0.4159601032733917 -0.41563880443573 3.2127182483673096
v 0.38728055357933044 -0.4156724214553833 3.215167284011841
v 0.3871002197265625 -0.44434475898742676 3.2126376628875732
v 0.3871002197265625 -0.44434475898742676 3.2126376628875732
v 0.4157797694206238 -0.44431042671203613 3.2101986408233643
v 0.41266700625419617 -0.44108501076698303 3.1762099266052246
v 0.41266700625419617 -0.44108501076698303 3.1762099266052246
v 0.3842020034790039 -0.441118985414505 3.1786301136016846
v 0.3871002197265625 -0.44434475898742676 3.2126376628875732
v 0.38728055357933044 -0.4156724214553833 3.215167284011841
v 0.4159601032733917 -0.41563880443573 3.2127182483673096
v 0.41284599900245667 -0.4126279950141907 3.1787099838256836
v 0.41284599900245667 -0.4126279950141907 3.1787099838256836
v 0.3843809962272644 -0.41266098618507385 3.1811399459838867
v 0.38728055357933044 -0.4156724214553833 3.215167284011841
v 0.3842020034790039 -0.441118985414505 3.1786301136016846
v 0.3843809962272644 -0.41266098618507385 3.1811399459838867
v 0.38728055357933044 -0.4156724214553833 3.215167284011841
v 0.38728055357933044 -0.4156724214553833 3.215167284011841
v 0.3871002197265625 -0.44434475898742676 3.2126376628875732
v 0.3842020034790039 -0.441118985414505 3.1786301136016846
v 0.41266700625419617 -0.44108501076698303 3.1762099266052246
v 0.4157797694206238 -0.44431042671203613 3.2101986408233643
v 0.4159601032733917 -0.41563880443573 3.2127182483673096
v 0.4159601032733917 -0.41563880443573 3.2127182483673096
v 0.41284599900245667 -0.4126279950141907 3.1787099838256836
v 0.41266700625419617 -0.44108501076698303 3.1762099266052246
v 0.38422998785972595 -0.08811459690332413 3.1789400577545166
v 0.4126960039138794 -0.08811459690332413 3.1765201091766357
v 0.4127260148525238 -0.05954889953136444 3.1768798828125
v 0.4127260148525238 -0.05954889953136444 3.1768798828125
v 0.38426101207733154 -0.05954889953136444 3.17930006980896
v 0.38422998785972595 -0.08811459690332413 3.1789400577545166
v 0.3892453908920288 -0.0892297551035881 3.2378759384155273
v 0.4180813431739807 -0.08922974765300751 3.2354233264923096
v 0.4181121587753296 -0.060292504727840424 3.2357890605926514
v 0.4181121587753296 -0.060292504727840424 3.2357890605926514
v 0.389276921749115 -0.06029250845313072 3.238241672515869
v 0.3892453908920288 -0.0892297551035881 3.2378759384155273
v 0.3892453908920288 -0.0892297551035881 3.2378759384155273
v 0.4180813431739807 -0.08922974765300751 3.2354233264923096
v 0.4126960039138794 -0.08811459690332413 3.1765201091766357
v 0.4126960039138794 -0.08811459690332413 3.1765201091766357
v 0.38422998785972595 -0.08811459690332413 3.1789400577545166
v 0.3892453908920288 -0.0892297551035881 3.2378759384155273
v 0.389276921749115 -0.06029250845313072 3.238241672515869
v 0.4181121587753296 -0.060292504727840424 3.2357890605926514
v 0.4127260148525238 -0.05954889953136444 3.1768798828125
v 0.4127260148525238 -0.05954889953136444 3.1768798828125
v 0.38426101207733154 -0.05954889953136444 3.17930006980896
v 0.389276921749115 -0.06029250845313072 3.238241672515869
v 0.38422998785972595 -0.08811459690332413 3.1789400577545166
v 0.38426101207733154 -0.05954889953136444 3.17930006980896
v 0.389276921749115 -0.06029250845313072 3.238241672515869
v 0.389276921749115 -0.06029250845313072 3.238241672515869
v 0.3892453908920288 -0.0892297551035881 3.2378759384155273
v 0.38422998785972595 -0.08811459690332413 3.1789400577545166
v 0.4126960039138794 -0.08811459690332413 3.1765201091766357
v 0.4180813431739807 -0.08922974765300751 3.2354233264923096
v 0.4181121587753296 -0.060292504727840424 3.2357890605926514
v 0.4181121587753296 -0.060292504727840424 3.2357890605926514
v 0.4127260148525238 -0.05954889953136444 3.1768798828125
v 0.4126960039138794 -0.08811459690332413 3.1765201091766357
v 0.4134019911289215 -0.41206100583076477 3.1787099838256836
v 0.4418509900569916 -0.41201600432395935 3.176110029220581
v 0.442018985748291 -0.3835430145263672 3.1784400939941406
v 0.442018985748291 -0.3835430145263672 3.1784400939941406
v 0.41356900334358215 -0.3835879862308502 3.181040048599243
v 0.4134019911289215 -0.41206100583076477 3.1787099838256836
v 0.4216907322406769 -0.4200747609138489 3.26922869682312
v 0.4507104158401489 -0.4200289249420166 3.2665746212005615
v 0.4508820176124573 -0.39098504185676575 3.2689530849456787
v 0.4508820176124573 -0.39098504185676575 3.2689530849456787
v 0.4218616783618927 -0.3910312056541443 3.271606922149658
v 0.4216907322406769 -0.4200747609138489 3.26922869682312
v 0.4216907322406769 -0.4200747609138489 3.26922869682312
v 0.4507104158401489 -0.4200289249420166 3.2665746212005615
v 0.4418509900569916 -0.41201600432395935 3.176110029220581
v 0.4418509900569916 -0.41201600432395935 3.176110029220581
v 0.4134019911289215 -0.41206100583076477 3.1787099838256836
v 0.4216907322406769 -0.4200747609138489 3.26922869682312
v 0.4218616783618927 -0.3910312056541443 3.271606922149658
v 0.4508820176124573 -0.39098504185676575 3.2689530849456787
v 0.442018985748291 -0.3835430145263672 3.1784400939941406
v 0.442018985748291 -0.3835430145263672 3.1784400939941406
v 0.41356900334358215 -0.3835879862308502 3.181040048599243
v 0.4218616783618927 -0.3910312056541443 3.271606922149658
v 0.4134019911289215 -0.41206100583076477 3.1787099838256836
v 0.41356900334358215 -0.3835879862308502 3.181040048599243
v 0.4218616783618927 -0.3910312056541443 3.271606922149658
v 0.4218616783618927 -0.3910312056541443 3.271606922149658
v 0.4216907322406769 -0.4200747609138489 3.26922869682312
v 0.4134019911289215 -0.41206100583076477 3.1787099838256836
v 0.4418509900569916 -0.41201600432395935 3.176110029220581
v 0.4507104158401489 -0.4200289249420166 3.2665746212005615
v 0.4508820176124573 -0.39098504185676575 3.2689530849456787
v 0.4508820176124573 -0.39098504185676575 3.2689530849456787
v 0.442018985748291 -0.3835430145263672 3.1784400939941406
v 0.4418509900569916 -0.41201600432395935 3.176110029220581
v 0.41328001022338867 -0.1463640034198761 3.176759958267212
v 0.44172999262809753 -0.1463640034198761 3.1741600036621094
v 0.4417949914932251 -0.11780499666929245 3.174870014190674
v 0.4417949914932251 -0.11780499666929245 3.174870014190674
v 0.41334599256515503 -0.11780499666929245 3.1774699687957764
v 0.41328001022338867 -0.1463640034198761 3.176759958267212
v 0.4244335889816284 -0.15021370351314545 3.2987403869628906
v 0.45364952087402344 -0.15021370351314545 3.296067953109741
v 0.4537166953086853 -0.12088540941476822 3.296799659729004
v 0.4537166953086853 -0.12088540941476822 3.296799659729004
v 0.4245006740093231 -0.12088541686534882 3.2994723320007324
v 0.4244335889816284 -0.15021370351314545 3.2987403869628906
v 0.4244335889816284 -0.15021370351314545 3.2987403869628906
v 0.45364952087402344 -0.15021370351314545 3.296067953109741
v 0.44172999262809753 -0.1463640034198761 3.1741600036621094
v 0.44172999262809753 -0.1463640034198761 3.1741600036621094
v 0.41328001022338867 -0.1463640034198761 3.176759958267212
v 0.4244335889816284 -0.15021370351314545 3.2987403869628906
v 0.4245006740093231 -0.12088541686534882 3.2994723320007324
v 0.4537166953086853 -0.12088540941476822 3.296799659729004
v 0.4417949914932251 -0.11780499666929245 3.174870014190674
v 0.4417949914932251 -0.11780499666929245 3.174870014190674
v 0.41334599256515503 -0.11780499666929245 3.1774699687957764
v 0.4245006740093231 -0.12088541686534882 3.2994723320007324
v 0.41328001022338867 -0.1463640034198761 3.176759958267212
v 0.41334599256515503 -0.11780499666929245 3.1774699687957764
v 0.4245006740093231 -0.12088541686534882 3.2994723320007324
v 0.4245006740093231 -0.12088541686534882 3.2994723320007324
v 0.4244335889816284 -0.15021370351314545 3.2987403869628906
v 0.41328001022338867 -0.1463640034198761 3.176759958267212
v 0.44172999262809753 -0.1463640034198761 3.1741600036621094
v 0.45364952087402344 -0.15021370351314545 3.296067953109741
v 0.4537166953086853 -0.12088540941476822 3.296799659729004
v 0.4537166953086853 -0.12088540941476822 3.296799659729004
v 0.4417949914932251 -0.11780499666929245 3.174870014190674
v 0.44172999262809753 -0.1463640034198761 3.1741600036621094
v 0.5948039889335632 -0.20631900429725647 3.1969799995422363
v 0.6231250166893005 -0.20632000267505646 3.1932199001312256
v 0.6232659816741943 -0.17777200043201447 3.1942899227142334
v 0.6232659816741943 -0.17777200043201447 3.1942899227142334
v 0.594946026802063 -0.17777200043201447 3.198040008544922
v 0.5948039889335632 -0.20631900429725647 3.1969799995422363
v 0.6050591468811035 -0.20975419878959656 3.2743563652038574
v 0.6338659524917603 -0.2097546011209488 3.2705304622650146
v 0.6340097188949585 -0.1807166337966919 3.271620273590088
v 0.6340097188949585 -0.1807166337966919 3.271620273590088
v 0.6052030920982361 -0.18071670830249786 3.2754364013671875
v 0.6050591468811035 -0.20975419878959656 3.2743563652038574
v 0.6050591468811035 -0.20975419878959656 3.2743563652038574
v 0.6338659524917603 -0.2097546011209488 3.2705304622650146
v 0.6231250166893005 -0.20632000267505646 3.1932199001312256
v 0.6231250166893005 -0.20632000267505646 3.1932199001312256
v 0.5948039889335632 -0.20631900429725647 3.1969799995422363
v 0.6050591468811035 -0.20975419878959656 3.2743563652038574
v 0.6052030920982361 -0.18071670830249786 3.2754364013671875
v 0.6340097188949585 -0.1807166337966919 3.271620273590088
v 0.6232659816741943 -0.17777200043201447 3.1942899227142334
v 0.6232659816741943 -0.17777200043201447 3.1942899227142334
v 0.594946026802063 -0.17777200043201447 3.198040008544922
v 0.6052030920982361 -0.18071670830249786 3.2754364013671875
v 0.5948039889335632 -0.20631900429725647 3.1969799995422363
v 0.594946026802063 -0.17777200043201447 3.198040008544922
v 0.6052030920982361 -0.18071670830249786 3.2754364013671875
v 0.6052030920982361 -0.18071670830249786 3.2754364013671875
v 0.6050591468811035 -0.20975419878959656 3.2743563652038574
v 0.5948039889335632 -0.20631900429725647 3.1969799995422363
v 0.6231250166893005 -0.20632000267505646 3.1932199001312256
v 0.6338659524917603 -0.2097546011209488 3.2705304622650146
v 0.6340097188949585 -0.1807166337966919 3.271620273590088
v 0.6340097188949585 -0.1807166337966919 3.271620273590088
v 0.6232659816741943 -0.17777200043201447 3.1942899227142334
v 0.6231250166893005 -0.20632000267505646 3.1932199001312256
v 0.7102810144424438 0.32541701197624207 3.185930013656616
v 0.71001797914505 0.3539170026779175 3.1839699745178223
v 0.6817740201950073 0.35395100712776184 3.188260078430176
v 0.6817740201950073 0.35395100712776184 3.188260078430176
v 0.6820359826087952 0.32545098662376404 3.1902101039886475
v 0.7102810144424438 0.32541701197624207 3.185930013656616
v 0.7242750525474548 0.3316110670566559 3.2743330001831055
v 0.7240065932273865 0.3606727421283722 3.2723326683044434
v 0.6952058672904968 0.36070752143859863 3.2767090797424316
v 0.6952058672904968 0.36070752143859863 3.2767090797424316
v 0.6954731345176697 0.33164554834365845 3.2786993980407715
v 0.7242750525474548 0.3316110670566559 3.2743330001831055
v 0.7242750525474548 0.3316110670566559 3.2743330001831055
v 0.7240065932273865 0.3606727421283722 3.2723326683044434
v 0.71001797914505 0.3539170026779175 3.1839699745178223
v 0.71001797914505 0.3539170026779175 3.1839699745178223
v 0.7102810144424438 0.32541701197624207 3.185930013656616
v 0.7242750525474548 0.3316110670566559 3.2743330001831055
v 0.6954731345176697 0.33164554834365845 3.2786993980407715
v 0.6952058672904968 0.36070752143859863 3.2767090797424316
v 0.6817740201950073 0.35395100712776184 3.188260078430176
v 0.6817740201950073 0.35395100712776184 3.188260078430176
v 0.6820359826087952 0.32545098662376404 3.1902101039886475
v 0.6954731345176697 0.33164554834365845 3.2786993980407715
v 0.7102810144424438 0.32541701197624207 3.185930013656616
v 0.6820359826087952 0.32545098662376404 3.1902101039886475
v 0.6954731345176697 0.33164554834365845 3.2786993980407715
v 0.6954731345176697 0.33164554834365845 3.2786993980407715
v 0.7242750525474548 0.3316110670566559 3.2743330001831055
v 0.7102810144424438 0.32541701197624207 3.185930013656616
v 0.71001797914505 0.3539170026779175 3.1839699745178223
v 0.7240065932273865 0.3606727421283722 3.2723326683044434
v 0.6952058672904968 0.36070752143859863 3.2767090797424316
v 0.6952058672904968 0.36070752143859863 3.2767090797424316
v 0.6817740201950073 0.35395100712776184 3.188260078430176
v 0.71001797914505 0.3539170026779175 3.1839699745178223
v 0.74446702003479 -0.26452401280403137 3.19950008392334
v 0.7726489901542664 -0.26452401280403137 3.1948299407958984
v 0.7728840112686157 -0.23599199950695038 3.196239948272705
v 0.7728840112686157 -0.23599199950695038 3.196239948272705
v 0.7447019815444946 -0.23599199950695038 3.2009201049804688
v 0.74446702003479 -0.26452401280403137 3.19950008392334
v 0.7556895613670349 -0.2684042453765869 3.2671220302581787
v 0.7842971682548523 -0.2684042453765869 3.2623798847198486
v 0.7845357656478882 -0.2394416332244873 3.26381254196167
v 0.7845357656478882 -0.2394416332244873 3.26381254196167
v 0.7559281587600708 -0.2394416332244873 3.2685647010803223
v 0.7556895613670349 -0.2684042453765869 3.2671220302581787
v 0.7556895613670349 -0.2684042453765869 3.2671220302581787
v 0.7842971682548523 -0.2684042453765869 3.2623798847198486
v 0.7726489901542664 -0.26452401280403137 3.1948299407958984
v 0.7726489901542664 -0.26452401280403137 3.1948299407958984
v 0.74446702003479 -0.26452401280403137 3.19950008392334
v 0.7556895613670349 -0.2684042453765869 3.2671220302581787
v 0.7559281587600708 -0.2394416332244873 3.2685647010803223
v 0.7845357656478882 -0.2394416332244873 3.26381254196167
v 0.7728840112686157 -0.23599199950695038 3.196239948272705
v 0.7728840112686157 -0.23599199950695038 3.196239948272705
v 0.7447019815444946 -0.23599199950695038 3.2009201049804688
v 0.7559281587600708 -0.2394416332244873 3.2685647010803223
v 0.74446702003479 -0.26452401280403137 3.19950008392334
v 0.7447019815444946 -0.23599199950695038 3.2009201049804688
v 0.7559281587600708 -0.2394416332244873 3.2685647010803223
v 0.7559281587600708 -0.2394416332244873 3.2685647010803223
v 0.7556895613670349 -0.2684042453765869 3.2671220302581787
v 0.74446702003479 -0.26452401280403137 3.19950008392334
v 0.7726489901542664 -0.26452401280403137 3.1948299407958984
v 0.7842971682548523 -0.2684042453765869 3.2623798847198486
v 0.7845357656478882 -0.2394416332244873 3.26381254196167
v 0.7845357656478882 -0.2394416332244873 3.26381254196167
v 0.7728840112686157 -0.23599199950695038 3.196239948272705
v 0.7726489901542664 -0.26452401280403137 3.1948299407958984
v 0.7731940150260925 -0.26452401280403137 3.194740056991577
v 0.801347017288208 -0.26451799273490906 3.189889907836914
v 0.8015850186347961 -0.23598599433898926 3.191309928894043
v 0.8015850186347961 -0.23598599433898926 3.191309928894043
v 0.7734320163726807 -0.23599199950695038 3.196160078048706
v 0.7731940150260925 -0.26452401280403137 3.194740056991577
v 0.7805435657501221 -0.2669723331928253 3.2373626232147217
v 0.8089647889137268 -0.2669663429260254 3.2324655055999756
v 0.8092052340507507 -0.23816265165805817 3.2338998317718506
v 0.8092052340507507 -0.23816265165805817 3.2338998317718506
v 0.780784010887146 -0.2381686419248581 3.2387969493865967
v 0.7805435657501221 -0.2669723331928253 3.2373626232147217
v 0.7805435657501221 -0.2669723331928253 3.2373626232147217
v 0.8089647889137268 -0.2669663429260254 3.2324655055999756
v 0.801347017288208 -0.26451799273490906 3.189889907836914
v 0.801347017288208 -0.26451799273490906 3.189889907836914
v 0.7731940150260925 -0.26452401280403137 3.194740056991577
v 0.7805435657501221 -0.2669723331928253 3.2373626232147217
v 0.780784010887146 -0.2381686419248581 3.2387969493865967
v 0.8092052340507507 -0.23816265165805817 3.2338998317718506
v 0.8015850186347961 -0.23598599433898926 3.191309928894043
v 0.8015850186347961 -0.23598599433898926 3.191309928894043
v 0.7734320163726807 -0.23599199950695038 3.196160078048706
v 0.780784010887146 -0.2381686419248581 3.2387969493865967
v 0.7731940150260925 -0.26452401280403137 3.194740056991577
v 0.7734320163726807 -0.23599199950695038 3.196160078048706
v 0.780784010887146 -0.2381686419248581 3.2387969493865967
v 0.780784010887146 -0.2381686419248581 3.2387969493865967
v 0.7805435657501221 -0.2669723331928253 3.2373626232147217
v 0.7731940150260925 -0.26452401280403137 3.194740056991577
v 0.801347017288208 -0.26451799273490906 3.189889907836914
v 0.8089647889137268 -0.2669663429260254 3.2324655055999756
v 0.8092052340507507 -0.23816265165805817 3.2338998317718506
v 0.8092052340507507 -0.23816265165805817 3.2338998317718506
v 0.8015850186347961 -0.23598599433898926 3.191309928894043
v 0.801347017288208 -0.26451799273490906 3.189889907836914
v 0.7733690142631531 -0.23542000353336334 3.1958000659942627
v 0.8015210032463074 -0.2354149967432022 3.1909399032592773
v 0.8017290234565735 -0.20687399804592133 3.1921799182891846
v 0.8017290234565735 -0.20687399804592133 3.1921799182891846
v 0.7735769748687744 -0.20688000321388245 3.19704008102417
v 0.7733690142631531 -0.23542000353336334 3.1958000659942627
v 0.780826210975647 -0.237627774477005 3.239046812057495
v 0.8092501163482666 -0.2376224845647812 3.2341389656066895
v 0.8094602227210999 -0.2088059037923813 3.235391855239868
v 0.8094602227210999 -0.2088059037923813 3.235391855239868
v 0.7810363173484802 -0.20881199836730957 3.240299701690674
v 0.780826210975647 -0.237627774477005 3.239046812057495
v 0.780826210975647 -0.237627774477005 3.239046812057495
v 0.8092501163482666 -0.2376224845647812 3.2341389656066895
v 0.8015210032463074 -0.2354149967432022 3.1909399032592773
v 0.8015210032463074 -0.2354149967432022 3.1909399032592773
v 0.7733690142631531 -0.23542000353336334 3.1958000659942627
v 0.780826210975647 -0.237627774477005 3.239046812057495
v 0.7810363173484802 -0.20881199836730957 3.240299701690674
v 0.8094602227210999 -0.2088059037923813 3.235391855239868
v 0.8017290234565735 -0.20687399804592133 3.1921799182891846
v 0.8017290234565735 -0.20687399804592133 3.1921799182891846
v 0.7735769748687744 -0.20688000321388245 3.19704008102417
v 0.7810363173484802 -0.20881199836730957 3.240299701690674
v 0.7733690142631531 -0.23542000353336334 3.1958000659942627
v 0.7735769748687744 -0.20688000321388245 3.19704008102417
v 0.7810363173484802 -0.20881199836730957 3.240299701690674
v 0.7810363173484802 -0.20881199836730957 3.240299701690674
v 0.780826210975647 -0.237627774477005 3.239046812057495
v 0.7733690142631531 -0.23542000353336334 3.1958000659942627
v 0.8015210032463074 -0.2354149967432022 3.1909399032592773
v 0.8092501163482666 -0.2376224845647812 3.2341389656066895
v 0.8094602227210999 -0.2088059037923813 3.235391855239868
v 0.8094602227210999 -0.2088059037923813 3.235391855239868
v 0.8017290234565735 -0.20687399804592133 3.1921799182891846
v 0.8015210032463074 -0.2354149967432022 3.1909399032592773
v 0.8021000027656555 -0.23542100191116333 3.1910500526428223
v 0.8302220106124878 -0.23541000485420227 3.1860198974609375
v 0.8304319977760315 -0.2068690061569214 3.1872498989105225
v 0.8304319977760315 -0.2068690061569214 3.1872498989105225
v 0.8023099899291992 -0.20688000321388245 3.1922900676727295
v 0.8021000027656555 -0.23542100191116333 3.1910500526428223
v 0.8212897181510925 -0.24090172350406647 3.2982993125915527
v 0.8500862717628479 -0.2408902794122696 3.2931463718414307
v 0.8503007292747498 -0.21166487038135529 3.2944083213806152
v 0.8503007292747498 -0.21166487038135529 3.2944083213806152
v 0.821505069732666 -0.21167653799057007 3.2995710372924805
v 0.8212897181510925 -0.24090172350406647 3.2982993125915527
v 0.8212897181510925 -0.24090172350406647 3.2982993125915527
v 0.8500862717628479 -0.2408902794122696 3.2931463718414307
v 0.8302220106124878 -0.23541000485420227 3.1860198974609375
v 0.8302220106124878 -0.23541000485420227 3.1860198974609375
v 0.8021000027656555 -0.23542100191116333 3.1910500526428223
v 0.8212897181510925 -0.24090172350406647 3.2982993125915527
v 0.821505069732666 -0.21167653799057007 3.2995710372924805
v 0.8503007292747498 -0.21166487038135529 3.2944083213806152
v 0.8304319977760315 -0.2068690061569214 3.1872498989105225
v 0.8304319977760315 -0.2068690061569214 3.1872498989105225
v 0.8023099899291992 -0.20688000321388245 3.1922900676727295
v 0.821505069732666 -0.21167653799057007 3.2995710372924805
v 0.8021000027656555 -0.23542100191116333 3.1910500526428223
v 0.8023099899291992 -0.20688000321388245 3.1922900676727295
v 0.821505069732666 -0.21167653799057007 3.2995710372924805
v 0.821505069732666 -0.21167653799057007 3.2995710372924805
v 0.8212897181510925 -0.24090172350406647 3.2982993125915527
v 0.8021000027656555 -0.23542100191116333 3.1910500526428223
v 0.8302220106124878 -0.23541000485420227 3.1860198974609375
v 0.8500862717628479 -0.2408902794122696 3.2931463718414307
v 0.8503007292747498 -0.21166487038135529 3.2944083213806152
v 0.8503007292747498 -0.21166487038135529 3.2944083213806152
v 0.8304319977760315 -0.2068690061569214 3.1872498989105225
v 0.8302220106124878 -0.23541000485420227 3.1860198974609375
v 1.2857799530029297 0.38356199860572815 3.193470001220703
v 1.2851699590682983 0.4120349884033203 3.1912200450897217
v 1.2576700448989868 0.4120570123195648 3.198960065841675
v 1.2576700448989868 0.4120570123195648 3.198960065841675
v 1.2582800388336182 0.38358399271965027 3.2012100219726562
v 1.2857799530029297 0.38356199860572815 3.193470001220703
v 1.2979062795639038 0.38714441657066345 3.2355258464813232
v 1.2972902059555054 0.41589221358299255 3.233253240585327
v 1.2695245742797852 0.4159145951271057 3.2410690784454346
v 1.2695245742797852 0.4159145951271057 3.2410690784454346
v 1.2701412439346313 0.38716673851013184 3.2433414459228516
v 1.2979062795639038 0.38714441657066345 3.2355258464813232
v 1.2979062795639038 0.38714441657066345 3.2355258464813232
v 1.2972902059555054 0.41589221358299255 3.233253240585327
v 1.2851699590682983 0.4120349884033203 3.1912200450897217
v 1.2851699590682983 0.4120349884033203 3.1912200450897217
v 1.2857799530029297 0.38356199860572815 3.193470001220703
v 1.2979062795639038 0.38714441657066345 3.2355258464813232
v 1.2701412439346313 0.38716673851013184 3.2433414459228516
v 1.2695245742797852 0.4159145951271057 3.2410690784454346
v 1.2576700448989868 0.4120570123195648 3.198960065841675
v 1.2576700448989868 0.4120570123195648 3.198960065841675
v 1.2582800388336182 0.38358399271965027 3.2012100219726562
v 1.2701412439346313 0.38716673851013184 3.2433414459228516
v 1.2857799530029297 0.38356199860572815 3.193470001220703
v 1.2582800388336182 0.38358399271965027 3.2012100219726562
v 1.2701412439346313 0.38716673851013184 3.2433414459228516
v 1.2701412439346313 0.38716673851013184 3.2433414459228516
v 1.2979062795639038 0.38714441657066345 3.2355258464813232
v 1.2857799530029297 0.38356199860572815 3.193470001220703
v 1.2851699590682983 0.4120349884033203 3.1912200450897217
v 1.2972902059555054 0.41589221358299255 3.233253240585327
v 1.2695245742797852 0.4159145951271057 3.2410690784454346
v 1.2695245742797852 0.4159145951271057 3.2410690784454346
v 1.2576700448989868 0.4120570123195648 3.198960065841675
v 1.2851699590682983 0.4120349884033203 3.1912200450897217
f 1 2 3
f 4 5 6
f 7 8 9
f 10 11 12
f 13 14 15
f 16 17 18
f 19 20 21
f 22 23 24
f 25 26 27
f 28 29 30
f 31 32 33
f 34 35 36
f 37 38 39
f 40 41 42
f 43 44 45
f 46 47 48
f 49 50 51
f 52 53 54
f 55 56 57
f 58 59 60
f 61 62 63
f 64 65 66
f 67 68 69
f 70 71 72
f 73 74 75
f 76 77 78
f 79 80 81
f 82 83 84
f 85 86 87
f 88 89 90
f 91 92 93
f 94 95 96
f 97 98 99
f 100 101 102
f 103 104 105
f 106 107 108
f 109 110 111
f 112 113 114
f 115 116 117
f 118 119 120
f 121 122 123
f 124 125 126
f 127 128 129
f 130 131 132
f 133 134 135
f 136 137 138
f 139 140 141
f 142 143 144
f 145 146 147
f 148 149 150
f 151 152 153
f 154 155 156
f 157 158 159
f 160 161 162
f 163 164 165
f 166 167 168
f 169 170 171
f 172 173 174
f 175 176 177
f 178 179 180
f 181 182 183
f 184 185 186
f 187 188 189
f 190 191 192
f 193 194 195
f 196 197 198
f 199 200 201
f 202 203 204
f 205 206 207
f 208 209 210
f 211 212 213
f 214 215 216
f 217 218 219
f 220 221 222
f 223 224 225
f 226 227 228
f 229 230 231
f 232 233 234
f 235 236 237
f 238 239 240
f 241 242 243
f 244 245 246
f 247 248 249
f 250 251 252
f 253 254 255
f 256 257 258
f 259 260 261
f 262 263 264
f 265 266 267
f 268 269 270
f 271 272 273
f 274 275 276
f 277 278 279
f 280 281 282
f 283 284 285
f 286 287 288
f 289 290 291
f 292 293 294
f 295 296 297
f 298 299 300
f 301 302 303
f 304 305 306
f 307 308 309
f 310 311 312
f 313 314 315
f 316 317 318
f 319 320 321
f 322 323 324
f 325 326 327
f 328 329 330
f 331 332 333
f 334 335 336
f 337 338 339
f 340 341 342
f 343 344 345
f 346 347 348
f 349 350 351
f 352 353 354
f 355 356 357
f 358 359 360
f 361 362 363
f 364 365 366
f 367 368 369
f 370 371 372
f 373 374 375
f 376 377 378
f 379 380 381
f 382 383 384
f 385 386 387
f 388 389 390
f 391 392 393
f 394 395 396
f 397 398 399
f 400 401 402
f 403 404 405
f 406 407 408
f 409 410 411
f 412 413 414
f 415 416 417
f 418 419 420
f 421 422 423
f 424 425 426
f 427 428 429
f 430 431 432
f 433 434 435
f 436 437 438
f 439 440 441
f 442 443 444
f 445 446 447
f 448 449 450
f 451 452 453
f 454 455 456
f 457 458 459
f 460 461 462
f 463 464 465
f 466 467 468
f 469 470 471
f 472 473 474
f 475 476 477
f 478 479 480
f 481 482 483
f 484 485 486
f 487 488 489
f 490 491 492
f 493 494 495
f 496 497 498
f 499 500 501
f 502 503 504
f 505 506 507
f 508 509 510
f 511 512 513
f 514 515 516
f 517 518 519
f 520 521 522
f 523 524 525
f 526 527 528
f 529 530 531
f 532 533 534
f 535 536 537
f 538 539 540
f 541 542 543
f 544 545 546
f 547 548 549
f 550 551 552
f 553 554 555
f 556 557 558
f 559 560 561
f 562 563 564
f 565 566 567
f 568 569 570
f 571 572 573
f 574 575 576
f 577 578 579
f 580 581 582
f 583 584 585
f 586 587 588
f 589 590 591
f 592 593 594
f 595 596 597
f 598 599 600
f 601 602 603
f 604 605 606
f 607 608 609
f 610 611 612
f 613 614 615
f 616 617 618
f 619 620 621
f 622 623 624
f 625 626 627
f 628 629 630
f 631 632 633
f 634 635 636
f 637 638 639
f 640 641 642
f 643 644 645
f 646 647 648
f 649 650 651
f 652 653 654
f 655 656 657
f 658 659 660
f 661 662 663
f 664 665 666
f 667 668 669
f 670 671 672
f 673 674 675
f 676 677 678
f 679 680 681
f 682 683 684
f 685 686 687
f 688 689 690
f 691 692 693
f 694 695 696
f 697 698 699
f 700 701 702
f 703 704 705
f 706 707 708
f 709 710 711
f 712 713 714
f 715 716 717
f 718 719 720
f 721 722 723
f 724 725 726
f 727 728 729
f 730 731 732
f 733 734 735
f 736 737 738
f 739 740 741
f 742 743 744
f 745 746 747
f 748 749 750
f 751 752 753
f 754 755 756
f 757 758 759
f 760 761 762
f 763 764 765
f 766 767 768
f 769 770 771
f 772 773 774
f 775 776 777
f 778 779 780
f 781 782 783
f 784 785 786
f 787 788 789
f 790 791 792
f 793 794 795
f 796 797 798
f 799 800 801
f 802 803 804
f 805 806 807
f 808 809 810
f 811 812 813
f 814 815 816
f 817 818 819
f 820 821 822
f 823 824 825
f 826 827 828
f 829 830 831
f 832 833 834
f 835 836 837
f 838 839 840
f 841 842 843
f 844 845 846
f 847 848 849
f 850 851 852
f 853 854 855
f 856 857 858
f 859 860 861
f 862 863 864
f 865 866 867
f 868 869 870
f 871 872 873
f 874 875 876
f 877 878 879
f 880 881 882
f 883 884 885
f 886 887 888
f 889 890 891
f 892 893 894
f 895 896 897
f 898 899 900
f 901 902 903
f 904 905 906
f 907 908 909
f 910 911 912
f 913 914 915
f 916 917 918
f 919 920 921
f 922 923 924
f 925 926 927
f 928 929 930
f 931 932 933
f 934 935 936
f 937 938 939
f 940 941 942
f 943 944 945
f 946 947 948
f 949 950 951
f 952 953 954
f 955 956 957
f 958 959 960
f 961 962 963
f 964 965 966
f 967 968 969
f 970 971 972
f 973 974 975
f 976 977 978
f 979 980 981
f 982 983 984
f 985 986 987
f 988 989 990
f 991 992 993
f 994 995 996
f 997 998 999
f 1000 1001 1002
f 1003 1004 1005
f 1006 1007 1008
f 1009 1010 1011
f 1012 1013 1014
f 1015 1016 1017
f 1018 1019 1020
f 1021 1022 1023
f 1024 1025 1026
f 1027 1028 1029
f 1030 1031 1032
f 1033 1034 1035
f 1036 1037 1038
f 1039 1040 1041
f 1042 1043 1044
f 1045 1046 1047
f 1048 1049 1050
f 1051 1052 1053
f 1054 1055 1056
f 1057 1058 1059
f 1060 1061 1062
f 1063 1064 1065
f 1066 1067 1068
f 1069 1070 1071
f 1072 1073 1074
f 1075 1076 1077
f 1078 1079 1080
f 1081 1082 1083
f 1084 1085 1086
f 1087 1088 1089
f 1090 1091 1092
f 1093 1094 1095
f 1096 1097 1098
f 1099 1100 1101
f 1102 1103 1104
f 1105 1106 1107
f 1108 1109 1110
f 1111 1112 1113
f 1114 1115 1116
f 1117 1118 1119
f 1120 1121 1122
f 1123 1124 1125
f 1126 1127 1128
f 1129 1130 1131
f 1132 1133 1134
f 1135 1136 1137
f 1138 1139 1140
f 1141 1142 1143
f 1144 1145 1146
f 1147 1148 1149
f 1150 1151 1152
f 1153 1154 1155
f 1156 1157 1158
f 1159 1160 1161
f 1162 1163 1164
f 1165 1166 1167
f 1168 1169 1170
f 1171 1172 1173
f 1174 1175 1176
f 1177 1178 1179
f 1180 1181 1182
f 1183 1184 1185
f 1186 1187 1188
f 1189 1190 1191
f 1192 1193 1194
f 1195 1196 1197
f 1198 1199 1200
f 1201 1202 1203
f 1204 1205 1206
f 1207 1208 1209
f 1210 1211 1212
f 1213 1214 1215
f 1216 1217 1218
f 1219 1220 1221
f 1222 1223 1224
f 1225 1226 1227
f 1228 1229 1230
f 1231 1232 1233
f 1234 1235 1236
f 1237 1238 1239
f 1240 1241 1242
f 1243 1244 1245
f 1246 1247 1248
f 1249 1250 1251
f 1252 1253 1254
f 1255 1256 1257
f 1258 1259 1260
f 1261 1262 1263
f 1264 1265 1266
f 1267 1268 1269
f 1270 1271 1272
f 1273 1274 1275
f 1276 1277 1278
f 1279 1280 1281
f 1282 1283 1284
f 1285 1286 1287
f 1288 1289 1290
f 1291 1292 1293
f 1294 1295 1296
f 1297 1298 1299
f 1300 1301 1302
f 1303 1304 1305
f 1306 1307 1308
f 1309 1310 1311
f 1312 1313 1314
f 1315 1316 1317
f 1318 1319 1320
f 1321 1322 1323
f 1324 1325 1326
f 1327 1328 1329
f 1330 1331 1332
f 1333 1334 1335
f 1336 1337 1338
f 1339 1340 1341
f 1342 1343 1344
f 1345 1346 1347
f 1348 1349 1350
f 1351 1352 1353
f 1354 1355 1356
f 1357 1358 1359
f 1360 1361 1362
f 1363 1364 1365
f 1366 1367 1368
f 1369 1370 1371
f 1372 1373 1374
f 1375 1376 1377
f 1378 1379 1380
f 1381 1382 1383
f 1384 1385 1386
f 1387 1388 1389
f 1390 1391 1392
f 1393 1394 1395
f 1396 1397 1398
f 1399 1400 1401
f 1402 1403 1404
f 1405 1406 1407
f 1408 1409 1410
f 1411 1412 1413
f 1414 1415 1416
f 1417 1418 1419
f 1420 1421 1422
f 1423 1424 1425
f 1426 1427 1428
f 1429 1430 1431
f 1432 1433 1434
f 1435 1436 1437
f 1438 1439 1440
f 1441 1442 1443
f 1444 1445 1446
f 1447 1448 1449
f 1450 1451 1452
f 1453 1454 1455
f 1456 1457 1458
f 1459 1460 1461
f 1462 1463 1464
f 1465 1466 1467
f 1468 1469 1470
f 1471 1472 1473
f 1474 1475 1476
f 1477 1478 1479
f 1480 1481 1482
f 1483 1484 1485
f 1486 1487 1488
f 1489 1490 1491
f 1492 1493 1494
f 1495 1496 1497
f 1498 1499 1500
f 1501 1502 1503
f 1504 1505 1506
f 1507 1508 1509
f 1510 1511 1512
f 1513 1514 1515
f 1516 1517 1518
f 1519 1520 1521
f 1522 1523 1524
f 1525 1526 1527
f 1528 1529 1530
f 1531 1532 1533
f 1534 1535 1536
f 1537 1538 1539
f 1540 1541 1542
f 1543 1544 1545
f 1546 1547 1548
f 1549 1550 1551
f 1552 1553 1554
f 1555 1556 1557
f 1558 1559 1560
f 1561 1562 1563
f 1564 1565 1566
f 1567 1568 1569
f 1570 1571 1572
f 1573 1574 1575
f 1576 1577 1578
f 1579 1580 1581
f 1582 1583 1584
f 1585 1586 1587
f 1588 1589 1590
f 1591 1592 1593
f 1594 1595 1596
f 1597 1598 1599
f 1600 1601 1602
f 1603 1604 1605
f 1606 1607 1608
f 1609 1610 1611
f 1612 1613 1614
f 1615 1616 1617
f 1618 1619 1620
f 1621 1622 1623
f 1624 1625 1626
f 1627 1628 1629
f 1630 1631 1632
f 1633 1634 1635
f 1636 1637 1638
f 1639 1640 1641
f 1642 1643 1644
f 1645 1646 1647
f 1648 1649 1650
f 1651 1652 1653
f 1654 1655 1656
f 1657 1658 1659
f 1660 1661 1662
f 1663 1664 1665
f 1666 1667 1668
f 1669 1670 1671
f 1672 1673 1674
f 1675 1676 1677
f 1678 1679 1680
f 1681 1682 1683
f 1684 1685 1686
f 1687 1688 1689
f 1690 1691 1692
f 1693 1694 1695
f 1696 1697 1698
f 1699 1700 1701
f 1702 1703 1704
f 1705 1706 1707
f 1708 1709 1710
f 1711 1712 1713
f 1714 1715 1716
f 1717 1718 1719
f 1720 1721 1722
f 1723 1724 1725
f 1726 1727 1728
f 1729 1730 1731
f 1732 1733 1734
f 1735 1736 1737
f 1738 1739 1740
f 1741 1742 1743
f 1744 1745 1746
f 1747 1748 1749
f 1750 1751 1752
f 1753 1754 1755
f 1756 1757 1758
f 1759 1760 1761
f 1762 1763 1764
f 1765 1766 1767
f 1768 1769 1770
f 1771 1772 1773
f 1774 1775 1776
f 1777 1778 1779
f 1780 1781 1782
f 1783 1784 1785
f 1786 1787 1788
f 1789 1790 1791
f 1792 1793 1794
f 1795 1796 1797
f 1798 1799 1800
f 1801 1802 1803
f 1804 1805 1806
f 1807 1808 1809
f 1810 1811 1812
f 1813 1814 1815
f 1816 1817 1818
f 1819 1820 1821
f 1822 1823 1824
f 1825 1826 1827
f 1828 1829 1830
f 1831 1832 1833
f 1834 1835 1836
f 1837 1838 1839
f 1840 1841 1842
f 1843 1844 1845
f 1846 1847 1848
f 1849 1850 1851
f 1852 1853 1854
f 1855 1856 1857
f 1858 1859 1860
f 1861 1862 1863
f 1864 1865 1866
f 1867 1868 1869
f 1870 1871 1872
f 1873 1874 1875
f 1876 1877 1878
f 1879 1880 1881
f 1882 1883 1884
f 1885 1886 1887
f 1888 1889 1890
f 1891 1892 1893
f 1894 1895 1896
f 1897 1898 1899
f 1900 1901 1902
f 1903 1904 1905
f 1906 1907 1908
f 1909 1910 1911
f 1912 1913 1914
f 1915 1916 1917
f 1918 1919 1920
f 1921 1922 1923
f 1924 1925 1926
f 1927 1928 1929
f 1930 1931 1932
f 1933 1934 1935
f 1936 1937 1938
f 1939 1940 1941
f 1942 1943 1944
f 1945 1946 1947
f 1948 1949 1950
f 1951 1952 1953
f 1954 1955 1956
f 1957 1958 1959
f 1960 1961 1962
f 1963 1964 1965
f 1966 1967 1968
f 1969 1970 1971
f 1972 1973 1974
f 1975 1976 1977
f 1978 1979 1980
f 1981 1982 1983
f 1984 1985 1986
f 1987 1988 1989
f 1990 1991 1992
f 1993 1994 1995
f 1996 1997 1998
f 1999 2000 2001
f 2002 2003 2004
f 2005 2006 2007
f 2008 2009 2010
f 2011 2012 2013
f 2014 2015 2016
f 2017 2018 2019
f 2020 2021 2022
f 2023 2024 2025
f 2026 2027 2028
f 2029 2030 2031
f 2032 2033 2034
f 2035 2036 2037
f 2038 2039 2040
f 2041 2042 2043
f 2044 2045 2046
f 2047 2048 2049
f 2050 2051 2052
f 2053 2054 2055
f 2056 2057 2058
f 2059 2060 2061
f 2062 2063 2064
f 2065 2066 2067
f 2068 2069 2070
f 2071 2072 2073
f 2074 2075 2076
f 2077 2078 2079
f 2080 2081 2082
f 2083 2084 2085
f 2086 2087 2088
f 2089 2090 2091
f 2092 2093 2094
f 2095 2096 2097
f 2098 2099 2100
f 2101 2102 2103
f 2104 2105 2106
f 2107 2108 2109
f 2110 2111 2112
f 2113 2114 2115
f 2116 2117 2118
f 2119 2120 2121
f 2122 2123 2124
f 2125 2126 2127
f 2128 2129 2130
f 2131 2132 2133
f 2134 2135 2136
f 2137 2138 2139
f 2140 2141 2142
f 2143 2144 2145
f 2146 2147 2148
f 2149 2150 2151
f 2152 2153 2154
f 2155 2156 2157
f 2158 2159 2160
f 2161 2162 2163
f 2164 2165 2166
f 2167 2168 2169
f 2170 2171 2172
f 2173 2174 2175
f 2176 2177 2178
f 2179 2180 2181
f 2182 2183 2184
f 2185 2186 2187
f 2188 2189 2190
f 2191 2192 2193
f 2194 2195 2196
f 2197 2198 2199
f 2200 2201 2202
f 2203 2204 2205
f 2206 2207 2208
f 2209 2210 2211
f 2212 2213 2214
f 2215 2216 2217
f 2218 2219 2220
f 2221 2222 2223
f 2224 2225 2226
f 2227 2228 2229
f 2230 2231 2232
f 2233 2234 2235
f 2236 2237 2238
f 2239 2240 2241
f 2242 2243 2244
f 2245 2246 2247
f 2248 2249 2250
f 2251 2252 2253
f 2254 2255 2256
f 2257 2258 2259
f 2260 2261 2262
f 2263 2264 2265
f 2266 2267 2268
f 2269 2270 2271
f 2272 2273 2274
f 2275 2276 2277
f 2278 2279 2280
f 2281 2282 2283
f 2284 2285 2286
f 2287 2288 2289
f 2290 2291 2292
f 2293 2294 2295
f 2296 2297 2298
f 2299 2300 2301
f 2302 2303 2304
f 2305 2306 2307
f 2308 2309 2310
f 2311 2312 2313
f 2314 2315 2316
f 2317 2318 2319
f 2320 2321 2322
f 2323 2324 2325
f 2326 2327 2328
f 2329 2330 2331
f 2332 2333 2334
f 2335 2336 2337
f 2338 2339 2340
f 2341 2342 2343
f 2344 2345 2346
f 2347 2348 2349
f 2350 2351 2352
f 2353 2354 2355
f 2356 2357 2358
f 2359 2360 2361
f 2362 2363 2364
f 2365 2366 2367
f 2368 2369 2370
f 2371 2372 2373
f 2374 2375 2376
f 2377 2378 2379
f 2380 2381 2382
f 2383 2384 2385
f 2386 2387 2388
f 2389 2390 2391
f 2392 2393 2394
f 2395 2396 2397
f 2398 2399 2400
f 2401 2402 2403
f 2404 2405 2406
f 2407 2408 2409
f 2410 2411 2412
f 2413 2414 2415
f 2416 2417 2418
f 2419 2420 2421
f 2422 2423 2424
f 2425 2426 2427
f 2428 2429 2430
f 2431 2432 2433
f 2434 2435 2436
f 2437 2438 2439
f 2440 2441 2442
f 2443 2444 2445
f 2446 2447 2448
f 2449 2450 2451
f 2452 2453 2454
f 2455 2456 2457
f 2458 2459 2460
f 2461 2462 2463
f 2464 2465 2466
f 2467 2468 2469
f 2470 2471 2472
f 2473 2474 2475
f 2476 2477 2478
f 2479 2480 2481
f 2482 2483 2484
f 2485 2486 2487
f 2488 2489 2490
f 2491 2492 2493
f 2494 2495 2496
f 2497 2498 2499
f 2500 2501 2502
f 2503 2504 2505
f 2506 2507 2508
f 2509 2510 2511
f 2512 2513 2514
f 2515 2516 2517
f 2518 2519 2520
f 2521 2522 2523
f 2524 2525 2526
f 2527 2528 2529
f 2530 2531 2532
f 2533 2534 2535
f 2536 2537 2538
f 2539 2540 2541
f 2542 2543 2544
f 2545 2546 2547
f 2548 2549 2550
f 2551 2552 2553
f 2554 2555 2556
f 2557 2558 2559
f 2560 2561 2562
f 2563 2564 2565
f 2566 2567 2568
f 2569 2570 2571
f 2572 2573 2574
f 2575 2576 2577
f 2578 2579 2580
f 2581 2582 2583
f 2584 2585 2586
f 2587 2588 2589
f 2590 2591 2592
f 2593 2594 2595
f 2596 2597 2598
f 2599 2600 2601
f 2602 2603 2604
f 2605 2606 2607
f 2608 2609 2610
f 2611 2612 2613
f 2614 2615 2616
f 2617 2618 2619
f 2620 2621 2622
f 2623 2624 2625
f 2626 2627 2628
f 2629 2630 2631
f 2632 2633 2634
f 2635 2636 2637
f 2638 2639 2640
f 2641 2642 2643
f 2644 2645 2646
f 2647 2648 2649
f 2650 2651 2652
f 2653 2654 2655
f 2656 2657 2658
f 2659 2660 2661
f 2662 2663 2664
f 2665 2666 2667
f 2668 2669 2670
f 2671 2672 2673
f 2674 2675 2676
f 2677 2678 2679
f 2680 2681 2682
f 2683 2684 2685
f 2686 2687 2688
f 2689 2690 2691
f 2692 2693 2694
f 2695 2696 2697
f 2698 2699 2700
f 2701 2702 2703
f 2704 2705 2706
f 2707 2708 2709
f 2710 2711 2712
f 2713 2714 2715
f 2716 2717 2718
f 2719 2720 2721
f 2722 2723 2724
f 2725 2726 2727
f 2728 2729 2730
f 2731 2732 2733
f 2734 2735 2736
f 2737 2738 2739
f 2740 2741 2742
f 2743 2744 2745
f 2746 2747 2748
f 2749 2750 2751
f 2752 2753 2754
f 2755 2756 2757
f 2758 2759 2760
f 2761 2762 2763
f 2764 2765 2766
f 2767 2768 2769
f 2770 2771 2772
f 2773 2774 2775
f 2776 2777 2778
f 2779 2780 2781
f 2782 2783 2784
f 2785 2786 2787
f 2788 2789 2790
f 2791 2792 2793
f 2794 2795 2796
f 2797 2798 2799
f 2800 2801 2802
f 2803 2804 2805
f 2806 2807 2808
f 2809 2810 2811
f 2812 2813 2814
f 2815 2816 2817
f 2818 2819 2820
f 2821 2822 2823
f 2824 2825 2826
f 2827 2828 2829
f 2830 2831 2832
f 2833 2834 2835
f 2836 2837 2838
f 2839 2840 2841
f 2842 2843 2844
f 2845 2846 2847
f 2848 2849 2850
f 2851 2852 2853
f 2854 2855 2856
f 2857 2858 2859
f 2860 2861 2862
f 2863 2864 2865
f 2866 2867 2868
f 2869 2870 2871
f 2872 2873 2874
f 2875 2876 2877
f 2878 2879 2880
f 2881 2882 2883
f 2884 2885 2886
f 2887 2888 2889
f 2890 2891 2892
f 2893 2894 2895
f 2896 2897 2898
f 2899 2900 2901
f 2902 2903 2904
f 2905 2906 2907
f 2908 2909 2910
f 2911 2912 2913
f 2914 2915 2916
f 2917 2918 2919
f 2920 2921 2922
f 2923 2924 2925
f 2926 2927 2928
f 2929 2930 2931
f 2932 2933 2934
f 2935 2936 2937
f 2938 2939 2940
f 2941 2942 2943
f 2944 2945 2946
f 2947 2948 2949
f 2950 2951 2952
f 2953 2954 2955
f 2956 2957 2958
f 2959 2960 2961
f 2962 2963 2964
f 2965 2966 2967
f 2968 2969 2970
f 2971 2972 2973
f 2974 2975 2976
f 2977 2978 2979
f 2980 2981 2982
f 2983 2984 2985
f 2986 2987 2988
f 2989 2990 2991
f 2992 2993 2994
f 2995 2996 2997
f 2998 2999 3000
f 3001 3002 3003
f 3004 3005 3006
f 3007 3008 3009
f 3010 3011 3012
f 3013 3014 3015
f 3016 3017 3018
f 3019 3020 3021
f 3022 3023 3024
f 3025 3026 3027
f 3028 3029 3030
f 3031 3032 3033
f 3034 3035 3036
f 3037 3038 3039
f 3040 3041 3042
f 3043 3044 3045
f 3046 3047 3048
f 3049 3050 3051
f 3052 3053 3054
f 3055 3056 3057
f 3058 3059 3060
f 3061 3062 3063
f 3064 3065 3066
f 3067 3068 3069
f 3070 3071 3072
f 3073 3074 3075
f 3076 3077 3078
f 3079 3080 3081
f 3082 3083 3084
f 3085 3086 3087
f 3088 3089 3090
f 3091 3092 3093
f 3094 3095 3096
f 3097 3098 3099
f 3100 3101 3102
f 3103 3104 3105
f 3106 3107 3108
f 3109 3110 3111
f 3112 3113 3114
f 3115 3116 3117
f 3118 3119 3120
f 3121 3122 3123
f 3124 3125 3126
f 3127 3128 3129
f 3130 3131 3132
f 3133 3134 3135
f 3136 3137 3138
f 3139 3140 3141
f 3142 3143 3144
f 3145 3146 3147
f 3148 3149 3150
f 3151 3152 3153
f 3154 3155 3156
f 3157 3158 3159
f 3160 3161 3162
f 3163 3164 3165
f 3166 3167 3168
f 3169 3170 3171
f 3172 3173 3174
f 3175 3176 3177
f 3178 3179 3180
f 3181 3182 3183
f 3184 3185 3186
f 3187 3188 3189
f 3190 3191 3192
f 3193 3194 3195
f 3196 3197 3198
f 3199 3200 3201
f 3202 3203 3204
f 3205 3206 3207
f 3208 3209 3210
f 3211 3212 3213
f 3214 3215 3216
f 3217 3218 3219
f 3220 3221 3222
f 3223 3224 3225
f 3226 3227 3228
f 3229 3230 3231
f 3232 3233 3234
f 3235 3236 3237
f 3238 3239 3240
f 3241 3242 3243
f 3244 3245 3246
f 3247 3248 3249
f 3250 3251 3252
f 3253 3254 3255
f 3256 3257 3258
f 3259 3260 3261
f 3262 3263 3264
f 3265 3266 3267
f 3268 3269 3270
f 3271 3272 3273
f 3274 3275 3276
f 3277 3278 3279
f 3280 3281 3282
f 3283 3284 3285
f 3286 3287 3288
f 3289 3290 3291
f 3292 3293 3294
f 3295 3296 3297
f 3298 3299 3300
f 3301 3302 3303
f 3304 3305 3306
f 3307 3308 3309
f 3310 3311 3312
f 3313 3314 3315
f 3316 3317 3318
f 3319 3320 3321
f 3322 3323 3324
f 3325 3326 3327
f 3328 3329 3330
f 3331 3332 3333
f 3334 3335 3336
f 3337 3338 3339
f 3340 3341 3342
f 3343 3344 3345
f 3346 3347 3348
f 3349 3350 3351
f 3352 3353 3354
f 3355 3356 3357
f 3358 3359 3360
f 3361 3362 3363
f 3364 3365 3366
f 3367 3368 3369
f 3370 3371 3372
f 3373 3374 3375
f 3376 3377 3378
f 3379 3380 3381
f 3382 3383 3384
f 3385 3386 3387
f 3388 3389 3390
f 3391 3392 3393
f 3394 3395 3396
f 3397 3398 3399
f 3400 3401 3402
f 3403 3404 3405
f 3406 3407 3408
f 3409 3410 3411
f 3412 3413 3414
f 3415 3416 3417
f 3418 3419 3420
f 3421 3422 3423
f 3424 3425 3426
f 3427 3428 3429
f 3430 3431 3432
f 3433 3434 3435
f 3436 3437 3438
f 3439 3440 3441
f 3442 3443 3444
f 3445 3446 3447
f 3448 3449 3450
f 3451 3452 3453
f 3454 3455 3456
f 3457 3458 3459
f 3460 3461 3462
f 3463 3464 3465
f 3466 3467 3468
f 3469 3470 3471
f 3472 3473 3474
f 3475 3476 3477
f 3478 3479 3480
f 3481 3482 3483
f 3484 3485 3486
f 3487 3488 3489
f 3490 3491 3492
f 3493 3494 3495
f 3496 3497 3498
f 3499 3500 3501
f 3502 3503 3504
f 3505 3506 3507
f 3508 3509 3510
f 3511 3512 3513
f 3514 3515 3516
f 3517 3518 3519
f 3520 3521 3522
f 3523 3524 3525
f 3526 3527 3528
f 3529 3530 3531
f 3532 3533 3534
f 3535 3536 3537
f 3538 3539 3540
f 3541 3542 3543
f 3544 3545 3546
f 3547 3548 3549
f 3550 3551 3552
f 3553 3554 3555
f 3556 3557 3558
f 3559 3560 3561
f 3562 3563 3564
f 3565 3566 3567
f 3568 3569 3570
f 3571 3572 3573
f 3574 3575 3576
f 3577 3578 3579
f 3580 3581 3582
f 3583 3584 3585
f 3586 3587 3588
f 3589 3590 3591
f 3592 3593 3594
f 3595 3596 3597
f 3598 3599 3600
f 3601 3602 3603
f 3604 3605 3606
f 3607 3608 3609
f 3610 3611 3612
f 3613 3614 3615
f 3616 3617 3618
f 3619 3620 3621
f 3622 3623 3624
f 3625 3626 3627
f 3628 3629 3630
f 3631 3632 3633
f 3634 3635 3636
f 3637 3638 3639
f 3640 3641 3642
f 3643 3644 3645
f 3646 3647 3648
f 3649 3650 3651
f 3652 3653 3654
f 3655 3656 3657
f 3658 3659 3660
f 3661 3662 3663
f 3664 3665 3666
f 3667 3668 3669
f 3670 3671 3672
f 3673 3674 3675
f 3676 3677 3678
f 3679 3680 3681
f 3682 3683 3684
f 3685 3686 3687
f 3688 3689 3690
f 3691 3692 3693
f 3694 3695 3696
f 3697 3698 3699
f 3700 3701 3702
f 3703 3704 3705
f 3706 3707 3708
f 3709 3710 3711
f 3712 3713 3714
f 3715 3716 3717
f 3718 3719 3720
f 3721 3722 3723
f 3724 3725 3726
f 3727 3728 3729
f 3730 3731 3732
f 3733 3734 3735
f 3736 3737 3738
f 3739 3740 3741
f 3742 3743 3744
f 3745 3746 3747
f 3748 3749 3750
f 3751 3752 3753
f 3754 3755 3756
f 3757 3758 3759
f 3760 3761 3762
f 3763 3764 3765
f 3766 3767 3768
f 3769 3770 3771
f 3772 3773 3774
f 3775 3776 3777
f 3778 3779 3780
f 3781 3782 3783
f 3784 3785 3786
f 3787 3788 3789
f 3790 3791 3792
f 3793 3794 3795
f 3796 3797 3798
f 3799 3800 3801
f 3802 3803 3804
f 3805 3806 3807
f 3808 3809 3810
f 3811 3812 3813
f 3814 3815 3816
f 3817 3818 3819
f 3820 3821 3822
f 3823 3824 3825
f 3826 3827 3828
f 3829 3830 3831
f 3832 3833 3834
f 3835 3836 3837
f 3838 3839 3840
f 3841 3842 3843
f 3844 3845 3846
f 3847 3848 3849
f 3850 3851 3852
f 3853 3854 3855
f 3856 3857 3858
f 3859 3860 3861
f 3862 3863 3864
f 3865 3866 3867
f 3868 3869 3870
f 3871 3872 3873
f 3874 3875 3876
f 3877 3878 3879
f 3880 3881 3882
f 3883 3884 3885
f 3886 3887 3888
f 3889 3890 3891
f 3892 3893 3894
f 3895 3896 3897
f 3898 3899 3900
f 3901 3902 3903
f 3904 3905 3906
f 3907 3908 3909
f 3910 3911 3912
f 3913 3914 3915
f 3916 3917 3918
f 3919 3920 3921
f 3922 3923 3924
f 3925 3926 3927
f 3928 3929 3930
f 3931 3932 3933
f 3934 3935 3936
f 3937 3938 3939
f 3940 3941 3942
f 3943 3944 3945
f 3946 3947 3948
f 3949 3950 3951
f 3952 3953 3954
f 3955 3956 3957
f 3958 3959 3960
f 3961 3962 3963
f 3964 3965 3966
f 3967 3968 3969
f 3970 3971 3972
f 3973 3974 3975
f 3976 3977 3978
f 3979 3980 3981
f 3982 3983 3984
f 3985 3986 3987
f 3988 3989 3990
f 3991 3992 3993
f 3994 3995 3996
f 3997 3998 3999
f 4000 4001 4002
f 4003 4004 4005
f 4006 4007 4008
f 4009 4010 4011
f 4012 4013 4014
f 4015 4016 4017
f 4018 4019 4020
f 4021 4022 4023
f 4024 4025 4026
f 4027 4028 4029
f 4030 4031 4032
f 4033 4034 4035
f 4036 4037 4038
f 4039 4040 4041
f 4042 4043 4044
f 4045 4046 4047
f 4048 4049 4050
f 4051 4052 4053
f 4054 4055 4056
f 4057 4058 4059
f 4060 4061 4062
f 4063 4064 4065
f 4066 4067 4068
f 4069 4070 4071
f 4072 4073 4074
f 4075 4076 4077
f 4078 4079 4080
f 4081 4082 4083
f 4084 4085 4086
f 4087 4088 4089
f 4090 4091 4092
f 4093 4094 4095
f 4096 4097 4098
f 4099 4100 4101
f 4102 4103 4104
f 4105 4106 4107
f 4108 4109 4110
f 4111 4112 4113
f 4114 4115 4116
f 4117 4118 4119
f 4120 4121 4122
f 4123 4124 4125
f 4126 4127 4128
f 4129 4130 4131
f 4132 4133 4134
f 4135 4136 4137
f 4138 4139 4140
f 4141 4142 4143
f 4144 4145 4146
f 4147 4148 4149
f 4150 4151 4152
f 4153 4154 4155
f 4156 4157 4158
f 4159 4160 4161
f 4162 4163 4164
f 4165 4166 4167
f 4168 4169 4170
f 4171 4172 4173
f 4174 4175 4176
f 4177 4178 4179
f 4180 4181 4182
f 4183 4184 4185
f 4186 4187 4188
f 4189 4190 4191
f 4192 4193 4194
f 4195 4196 4197
f 4198 4199 4200
f 4201 4202 4203
f 4204 4205 4206
f 4207 4208 4209
f 4210 4211 4212
f 4213 4214 4215
f 4216 4217 4218
f 4219 4220 4221
f 4222 4223 4224
f 4225 4226 4227
f 4228 4229 4230
f 4231 4232 4233
f 4234 4235 4236
f 4237 4238 4239
f 4240 4241 4242
f 4243 4244 4245
f 4246 4247 4248
f 4249 4250 4251
f 4252 4253 4254
f 4255 4256 4257
f 4258 4259 4260
f 4261 4262 4263
f 4264 4265 4266
f 4267 4268 4269
f 4270 4271 4272
f 4273 4274 4275
f 4276 4277 4278
f 4279 4280 4281
f 4282 4283 4284
f 4285 4286 4287
f 4288 4289 4290
f 4291 4292 4293
f 4294 4295 4296
f 4297 4298 4299
f 4300 4301 4302
f 4303 4304 4305
f 4306 4307 4308
f 4309 4310 4311
f 4312 4313 4314
f 4315 4316 4317
f 4318 4319 4320
f 4321 4322 4323
f 4324 4325 4326
f 4327 4328 4329
f 4330 4331 4332
f 4333 4334 4335
f 4336 4337 4338
f 4339 4340 4341
f 4342 4343 4344
f 4345 4346 4347
f 4348 4349 4350
f 4351 4352 4353
f 4354 4355 4356
f 4357 4358 4359
f 4360 4361 4362
f 4363 4364 4365
f 4366 4367 4368
f 4369 4370 4371
f 4372 4373 4374
f 4375 4376 4377
f 4378 4379 4380
f 4381 4382 4383
f 4384 4385 4386
f 4387 4388 4389
f 4390 4391 4392
f 4393 4394 4395
f 4396 4397 4398
f 4399 4400 4401
f 4402 4403 4404
f 4405 4406 4407
f 4408 4409 4410
f 4411 4412 4413
f 4414 4415 4416
f 4417 4418 4419
f 4420 4421 4422
f 4423 4424 4425
f 4426 4427 4428
f 4429 4430 4431
f 4432 4433 4434
f 4435 4436 4437
f 4438 4439 4440
f 4441 4442 4443
f 4444 4445 4446
f 4447 4448 4449
f 4450 4451 4452
f 4453 4454 4455
f 4456 4457 4458
f 4459 4460 4461
f 4462 4463 4464
f 4465 4466 4467
f 4468 4469 4470
f 4471 4472 4473
f 4474 4475 4476
f 4477 4478 4479
f 4480 4481 4482
f 4483 4484 4485
f 4486 4487 4488
f 4489 4490 4491
f 4492 4493 4494
f 4495 4496 4497
f 4498 4499 4500
f 4501 4502 4503
f 4504 4505 4506
f 4507 4508 4509
f 4510 4511 4512
f 4513 4514 4515
f 4516 4517 4518
f 4519 4520 4521
f 4522 4523 4524
f 4525 4526 4527
f 4528 4529 4530
f 4531 4532 4533
f 4534 4535 4536
f 4537 4538 4539
f 4540 4541 4542
f 4543 4544 4545
f 4546 4547 4548
f 4549 4550 4551
f 4552 4553 4554
f 4555 4556 4557
f 4558 4559 4560
f 4561 4562 4563
f 4564 4565 4566
f 4567 4568 4569
f 4570 4571 4572
f 4573 4574 4575
f 4576 4577 4578
f 4579 4580 4581
f 4582 4583 4584
f 4585 4586 4587
f 4588 4589 4590
f 4591 4592 4593
f 4594 4595 4596
f 4597 4598 4599
f 4600 4601 4602
f 4603 4604 4605
f 4606 4607 4608
f 4609 4610 4611
f 4612 4613 4614
f 4615 4616 4617
f 4618 4619 4620
f 4621 4622 4623
f 4624 4625 4626
f 4627 4628 4629
f 4630 4631 4632
f 4633 4634 4635
f 4636 4637 4638
f 4639 4640 4641
f 4642 4643 4644
f 4645 4646 4647
f 4648 4649 4650
f 4651 4652 4653
f 4654 4655 4656
f 4657 4658 4659
f 4660 4661 4662
f 4663 4664 4665
f 4666 4667 4668
f 4669 4670 4671
f 4672 4673 4674
f 4675 4676 4677
f 4678 4679 4680
f 4681 4682 4683
f 4684 4685 4686
f 4687 4688 4689
f 4690 4691 4692
f 4693 4694 4695
f 4696 4697 4698
f 4699 4700 4701
f 4702 4703 4704
f 4705 4706 4707
f 4708 4709 4710
f 4711 4712 4713
f 4714 4715 4716
f 4717 4718 4719
f 4720 4721 4722
f 4723 4724 4725
f 4726 4727 4728
f 4729 4730 4731
f 4732 4733 4734
f 4735 4736 4737
f 4738 4739 4740
f 4741 4742 4743
f 4744 4745 4746
f 4747 4748 4749
f 4750 4751 4752
f 4753 4754 4755
f 4756 4757 4758
f 4759 4760 4761
f 4762 4763 4764
f 4765 4766 4767
f 4768 4769 4770
f 4771 4772 4773
f 4774 4775 4776
f 4777 4778 4779
f 4780 4781 4782
f 4783 4784 4785
f 4786 4787 4788
f 4789 4790 4791
f 4792 4793 4794
f 4795 4796 4797
f 4798 4799 4800
f 4801 4802 4803
f 4804 4805 4806
f 4807 4808 4809
f 4810 4811 4812
f 4813 4814 4815
f 4816 4817 4818
f 4819 4820 4821
f 4822 4823 4824
f 4825 4826 4827
f 4828 4829 4830
f 4831 4832 4833
f 4834 4835 4836
f 4837 4838 4839
f 4840 4841 4842
f 4843 4844 4845
f 4846 4847 4848
f 4849 4850 4851
f 4852 4853 4854
f 4855 4856 4857
f 4858 4859 4860
f 4861 4862 4863
f 4864 4865 4866
f 4867 4868 4869
f 4870 4871 4872
f 4873 4874 4875
f 4876 4877 4878
f 4879 4880 4881
f 4882 4883 4884
f 4885 4886 4887
f 4888 4889 4890
f 4891 4892 4893
f 4894 4895 4896
f 4897 4898 4899
f 4900 4901 4902
f 4903 4904 4905
f 4906 4907 4908
f 4909 4910 4911
f 4912 4913 4914
f 4915 4916 4917
f 4918 4919 4920
f 4921 4922 4923
f 4924 4925 4926
f 4927 4928 4929
f 4930 4931 4932
f 4933 4934 4935
f 4936 4937 4938
f 4939 4940 4941
f 4942 4943 4944
f 4945 4946 4947
f 4948 4949 4950
f 4951 4952 4953
f 4954 4955 4956
f 4957 4958 4959
f 4960 4961 4962
f 4963 4964 4965
f 4966 4967 4968
f 4969 4970 4971
f 4972 4973 4974
f 4975 4976 4977
f 4978 4979 4980
f 4981 4982 4983
f 4984 4985 4986
f 4987 4988 4989
f 4990 4991 4992
f 4993 4994 4995
f 4996 4997 4998
f 4999 5000 5001
f 5002 5003 5004
f 5005 5006 5007
f 5008 5009 5010
f 5011 5012 5013
f 5014 5015 5016
f 5017 5018 5019
f 5020 5021 5022
f 5023 5024 5025
f 5026 5027 5028
f 5029 5030 5031
f 5032 5033 5034
f 5035 5036 5037
f 5038 5039 5040
f 5041 5042 5043
f 5044 5045 5046
f 5047 5048 5049
f 5050 5051 5052
f 5053 5054 5055
f 5056 5057 5058
f 5059 5060 5061
f 5062 5063 5064
f 5065 5066 5067
f 5068 5069 5070
f 5071 5072 5073
f 5074 5075 5076
f 5077 5078 5079
f 5080 5081 5082
f 5083 5084 5085
f 5086 5087 5088
f 5089 5090 5091
f 5092 5093 5094
f 5095 5096 5097
f 5098 5099 5100
f 5101 5102 5103
f 5104 5105 5106
f 5107 5108 5109
f 5110 5111 5112
f 5113 5114 5115
f 5116 5117 5118
f 5119 5120 5121
f 5122 5123 5124
f 5125 5126 5127
f 5128 5129 5130
f 5131 5132 5133
f 5134 5135 5136
f 5137 5138 5139
f 5140 5141 5142
f 5143 5144 5145
f 5146 5147 5148
f 5149 5150 5151
f 5152 5153 5154
f 5155 5156 5157
f 5158 5159 5160
f 5161 5162 5163
f 5164 5165 5166
f 5167 5168 5169
f 5170 5171 5172
f 5173 5174 5175
f 5176 5177 5178
f 5179 5180 5181
f 5182 5183 5184
f 5185 5186 5187
f 5188 5189 5190
f 5191 5192 5193
f 5194 5195 5196
f 5197 5198 5199
f 5200 5201 5202
f 5203 5204 5205
f 5206 5207 5208
f 5209 5210 5211
f 5212 5213 5214
f 5215 5216 5217
f 5218 5219 5220
f 5221 5222 5223
f 5224 5225 5226
f 5227 5228 5229
f 5230 5231 5232
f 5233 5234 5235
f 5236 5237 5238
f 5239 5240 5241
f 5242 5243 5244
f 5245 5246 5247
f 5248 5249 5250
f 5251 5252 5253
f 5254 5255 5256
f 5257 5258 5259
f 5260 5261 5262
f 5263 5264 5265
f 5266 5267 5268
f 5269 5270 5271
f 5272 5273 5274
f 5275 5276 5277
f 5278 5279 5280
f 5281 5282 5283
f 5284 5285 5286
f 5287 5288 5289
f 5290 5291 5292
f 5293 5294 5295
f 5296 5297 5298
f 5299 5300 5301
f 5302 5303 5304
f 5305 5306 5307
f 5308 5309 5310
f 5311 5312 5313
f 5314 5315 5316
f 5317 5318 5319
f 5320 5321 5322
f 5323 5324 5325
f 5326 5327 5328
f 5329 5330 5331
f 5332 5333 5334
f 5335 5336 5337
f 5338 5339 5340
f 5341 5342 5343
f 5344 5345 5346
f 5347 5348 5349
f 5350 5351 5352
f 5353 5354 5355
f 5356 5357 5358
f 5359 5360 5361
f 5362 5363 5364
f 5365 5366 5367
f 5368 5369 5370
f 5371 5372 5373
f 5374 5375 5376
f 5377 5378 5379
f 5380 5381 5382
f 5383 5384 5385
f 5386 5387 5388
f 5389 5390 5391
f 5392 5393 5394
f 5395 5396 5397
f 5398 5399 5400
f 5401 5402 5403
f 5404 5405 5406
f 5407 5408 5409
f 5410 5411 5412
f 5413 5414 5415
f 5416 5417 5418
f 5419 5420 5421
f 5422 5423 5424
f 5425 5426 5427
f 5428 5429 5430
f 5431 5432 5433
f 5434 5435 5436
f 5437 5438 5439
f 5440 5441 5442
f 5443 5444 5445
f 5446 5447 5448
f 5449 5450 5451
f 5452 5453 5454
f 5455 5456 5457
f 5458 5459 5460
f 5461 5462 5463
f 5464 5465 5466
f 5467 5468 5469
f 5470 5471 5472
f 5473 5474 5475
f 5476 5477 5478
f 5479 5480 5481
f 5482 5483 5484
f 5485 5486 5487
f 5488 5489 5490
f 5491 5492 5493
f 5494 5495 5496
f 5497 5498 5499
f 5500 5501 5502
f 5503 5504 5505
f 5506 5507 5508
f 5509 5510 5511
f 5512 5513 5514
f 5515 5516 5517
f 5518 5519 5520
f 5521 5522 5523
f 5524 5525 5526
f 5527 5528 5529
f 5530 5531 5532
f 5533 5534 5535
f 5536 5537 5538
f 5539 5540 5541
f 5542 5543 5544
f 5545 5546 5547
f 5548 5549 5550
f 5551 5552 5553
f 5554 5555 5556
f 5557 5558 5559
f 5560 5561 5562
f 5563 5564 5565
f 5566 5567 5568
f 5569 5570 5571
f 5572 5573 5574
f 5575 5576 5577
f 5578 5579 5580
f 5581 5582 5583
f 5584 5585 5586
f 5587 5588 5589
f 5590 5591 5592
f 5593 5594 5595
f 5596 5597 5598
f 5599 5600 5601
f 5602 5603 5604
f 5605 5606 5607
f 5608 5609 5610
f 5611 5612 5613
f 5614 5615 5616
f 5617 5618 5619
f 5620 5621 5622
f 5623 5624 5625
f 5626 5627 5628
f 5629 5630 5631
f 5632 5633 5634
f 5635 5636 5637
f 5638 5639 5640
f 5641 5642 5643
f 5644 5645 5646
f 5647 5648 5649
f 5650 5651 5652
f 5653 5654 5655
f 5656 5657 5658
f 5659 5660 5661
f 5662 5663 5664
f 5665 5666 5667
f 5668 5669 5670
f 5671 5672 5673
f 5674 5675 5676
f 5677 5678 5679
f 5680 5681 5682
f 5683 5684 5685
f 5686 5687 5688
f 5689 5690 5691
f 5692 5693 5694
f 5695 5696 5697
f 5698 5699 5700
f 5701 5702 5703
f 5704 5705 5706
f 5707 5708 5709
f 5710 5711 5712
f 5713 5714 5715
f 5716 5717 5718
f 5719 5720 5721
f 5722 5723 5724
f 5725 5726 5727
f 5728 5729 5730
f 5731 5732 5733
f 5734 5735 5736
f 5737 5738 5739
f 5740 5741 5742
f 5743 5744 5745
f 5746 5747 5748
f 5749 5750 5751
f 5752 5753 5754
f 5755 5756 5757
f 5758 5759 5760
f 5761 5762 5763
f 5764 5765 5766
f 5767 5768 5769
f 5770 5771 5772
f 5773 5774 5775
f 5776 5777 5778
f 5779 5780 5781
f 5782 5783 5784
f 5785 5786 5787
f 5788 5789 5790
f 5791 5792 5793
f 5794 5795 5796
f 5797 5798 5799
f 5800 5801 5802
f 5803 5804 5805
f 5806 5807 5808
f 5809 5810 5811
f 5812 5813 5814
f 5815 5816 5817
f 5818 5819 5820
f 5821 5822 5823
f 5824 5825 5826
f 5827 5828 5829
f 5830 5831 5832
f 5833 5834 5835
f 5836 5837 5838
f 5839 5840 5841
f 5842 5843 5844
f 5845 5846 5847
f 5848 5849 5850
f 5851 5852 5853
f 5854 5855 5856
f 5857 5858 5859
f 5860 5861 5862
f 5863 5864 5865
f 5866 5867 5868
f 5869 5870 5871
f 5872 5873 5874
f 5875 5876 5877
f 5878 5879 5880
f 5881 5882 5883
f 5884 5885 5886
f 5887 5888 5889
f 5890 5891 5892
f 5893 5894 5895
f 5896 5897 5898
f 5899 5900 5901
f 5902 5903 5904
f 5905 5906 5907
f 5908 5909 5910
f 5911 5912 5913
f 5914 5915 5916
f 5917 5918 5919
f 5920 5921 5922
f 5923 5924 5925
f 5926 5927 5928
f 5929 5930 5931
f 5932 5933 5934
f 5935 5936 5937
f 5938 5939 5940
f 5941 5942 5943
f 5944 5945 5946
f 5947 5948 5949
f 5950 5951 5952
f 5953 5954 5955
f 5956 5957 5958
f 5959 5960 5961
f 5962 5963 5964
f 5965 5966 5967
f 5968 5969 5970
f 5971 5972 5973
f 5974 5975 5976
f 5977 5978 5979
f 5980 5981 5982
f 5983 5984 5985
f 5986 5987 5988
f 5989 5990 5991
f 5992 5993 5994
f 5995 5996 5997
f 5998 5999 6000
f 6001 6002 6003
f 6004 6005 6006
f 6007 6008 6009
f 6010 6011 6012
f 6013 6014 6015
f 6016 6017 6018
f 6019 6020 6021
f 6022 6023 6024
f 6025 6026 6027
f 6028 6029 6030
f 6031 6032 6033
f 6034 6035 6036
f 6037 6038 6039
f 6040 6041 6042
f 6043 6044 6045
f 6046 6047 6048
f 6049 6050 6051
f 6052 6053 6054
f 6055 6056 6057
f 6058 6059 6060
f 6061 6062 6063
f 6064 6065 6066
f 6067 6068 6069
f 6070 6071 6072
f 6073 6074 6075
f 6076 6077 6078
f 6079 6080 6081
f 6082 6083 6084
f 6085 6086 6087
f 6088 6089 6090
f 6091 6092 6093
f 6094 6095 6096
f 6097 6098 6099
f 6100 6101 6102
f 6103 6104 6105
f 6106 6107 6108
f 6109 6110 6111
f 6112 6113 6114
f 6115 6116 6117
f 6118 6119 6120
f 6121 6122 6123
f 6124 6125 6126
f 6127 6128 6129
f 6130 6131 6132
f 6133 6134 6135
f 6136 6137 6138
f 6139 6140 6141
f 6142 6143 6144
f 6145 6146 6147
f 6148 6149 6150
f 6151 6152 6153
f 6154 6155 6156
f 6157 6158 6159
f 6160 6161 6162
f 6163 6164 6165
f 6166 6167 6168
f 6169 6170 6171
f 6172 6173 6174
f 6175 6176 6177
f 6178 6179 6180
f 6181 6182 6183
f 6184 6185 6186
f 6187 6188 6189
f 6190 6191 6192
f 6193 6194 6195
f 6196 6197 6198
f 6199 6200 6201
f 6202 6203 6204
f 6205 6206 6207
f 6208 6209 6210
f 6211 6212 6213
f 6214 6215 6216
f 6217 6218 6219
f 6220 6221 6222
f 6223 6224 6225
f 6226 6227 6228
f 6229 6230 6231
f 6232 6233 6234
f 6235 6236 6237
f 6238 6239 6240
f 6241 6242 6243
f 6244 6245 6246
f 6247 6248 6249
f 6250 6251 6252
f 6253 6254 6255
f 6256 6257 6258
f 6259 6260 6261
f 6262 6263 6264
f 6265 6266 6267
f 6268 6269 6270
f 6271 6272 6273
f 6274 6275 6276
f 6277 6278 6279
f 6280 6281 6282
f 6283 6284 6285
f 6286 6287 6288
f 6289 6290 6291
f 6292 6293 6294
f 6295 6296 6297
f 6298 6299 6300
f 6301 6302 6303
f 6304 6305 6306
f 6307 6308 6309
f 6310 6311 6312
f 6313 6314 6315
f 6316 6317 6318
f 6319 6320 6321
f 6322 6323 6324
f 6325 6326 6327
f 6328 6329 6330
f 6331 6332 6333
f 6334 6335 6336
f 6337 6338 6339
f 6340 6341 6342
f 6343 6344 6345
f 6346 6347 6348
f 6349 6350 6351
f 6352 6353 6354
f 6355 6356 6357
f 6358 6359 6360
f 6361 6362 6363
f 6364 6365 6366
f 6367 6368 6369
f 6370 6371 6372
f 6373 6374 6375
f 6376 6377 6378
f 6379 6380 6381
f 6382 6383 6384
f 6385 6386 6387
f 6388 6389 6390
f 6391 6392 6393
f 6394 6395 6396
f 6397 6398 6399
f 6400 6401 6402
f 6403 6404 6405
f 6406 6407 6408
f 6409 6410 6411
f 6412 6413 6414
f 6415 6416 6417
f 6418 6419 6420
f 6421 6422 6423
f 6424 6425 6426
f 6427 6428 6429
f 6430 6431 6432
f 6433 6434 6435
f 6436 6437 6438
f 6439 6440 6441
f 6442 6443 6444
f 6445 6446 6447
f 6448 6449 6450
f 6451 6452 6453
f 6454 6455 6456
f 6457 6458 6459
f 6460 6461 6462
f 6463 6464 6465
f 6466 6467 6468
f 6469 6470 6471
f 6472 6473 6474
f 6475 6476 6477
f 6478 6479 6480
f 6481 6482 6483
f 6484 6485 6486
f 6487 6488 6489
f 6490 6491 6492
f 6493 6494 6495
f 6496 6497 6498
f 6499 6500 6501
f 6502 6503 6504
f 6505 6506 6507
f 6508 6509 6510
f 6511 6512 6513
f 6514 6515 6516
f 6517 6518 6519
f 6520 6521 6522
f 6523 6524 6525
f 6526 6527 6528
f 6529 6530 6531
f 6532 6533 6534
f 6535 6536 6537
f 6538 6539 6540
f 6541 6542 6543
f 6544 6545 6546
f 6547 6548 6549
f 6550 6551 6552
f 6553 6554 6555
f 6556 6557 6558
f 6559 6560 6561
f 6562 6563 6564
f 6565 6566 6567
f 6568 6569 6570
f 6571 6572 6573
f 6574 6575 6576
f 6577 6578 6579
f 6580 6581 6582
f 6583 6584 6585
f 6586 6587 6588
f 6589 6590 6591
f 6592 6593 6594
f 6595 6596 6597
f 6598 6599 6600
f 6601 6602 6603
f 6604 6605 6606
f 6607 6608 6609
f 6610 6611 6612
f 6613 6614 6615
f 6616 6617 6618
f 6619 6620 6621
f 6622 6623 6624
f 6625 6626 6627
f 6628 6629 6630
f 6631 6632 6633
f 6634 6635 6636
f 6637 6638 6639
f 6640 6641 6642
f 6643 6644 6645
f 6646 6647 6648
f 6649 6650 6651
f 6652 6653 6654
f 6655 6656 6657
f 6658 6659 6660
f 6661 6662 6663
f 6664 6665 6666
f 6667 6668 6669
f 6670 6671 6672
f 6673 6674 6675
f 6676 6677 6678
f 6679 6680 6681
f 6682 6683 6684
f 6685 6686 6687
f 6688 6689 6690
f 6691 6692 6693
f 6694 6695 6696
f 6697 6698 6699
f 6700 6701 6702
f 6703 6704 6705
f 6706 6707 6708
f 6709 6710 6711
f 6712 6713 6714
f 6715 6716 6717
f 6718 6719 6720
f 6721 6722 6723
f 6724 6725 6726
f 6727 6728 6729
f 6730 6731 6732
f 6733 6734 6735
f 6736 6737 6738
f 6739 6740 6741
f 6742 6743 6744
f 6745 6746 6747
f 6748 6749 6750
f 6751 6752 6753
f 6754 6755 6756
f 6757 6758 6759
f 6760 6761 6762
f 6763 6764 6765
f 6766 6767 6768
f 6769 6770 6771
f 6772 6773 6774
f 6775 6776 6777
f 6778 6779 6780
f 6781 6782 6783
f 6784 6785 6786
f 6787 6788 6789
f 6790 6791 6792
f 6793 6794 6795
f 6796 6797 6798
f 6799 6800 6801
f 6802 6803 6804
f 6805 6806 6807
f 6808 6809 6810
f 6811 6812 6813
f 6814 6815 6816
f 6817 6818 6819
f 6820 6821 6822
f 6823 6824 6825
f 6826 6827 6828
f 6829 6830 6831
f 6832 6833 6834
f 6835 6836 6837
f 6838 6839 6840
f 6841 6842 6843
f 6844 6845 6846
f 6847 6848 6849
f 6850 6851 6852
f 6853 6854 6855
f 6856 6857 6858
f 6859 6860 6861
f 6862 6863 6864
f 6865 6866 6867
f 6868 6869 6870
f 6871 6872 6873
f 6874 6875 6876
f 6877 6878 6879
f 6880 6881 6882
f 6883 6884 6885
f 6886 6887 6888
f 6889 6890 6891
f 6892 6893 6894
f 6895 6896 6897
f 6898 6899 6900
f 6901 6902 6903
f 6904 6905 6906
f 6907 6908 6909
f 6910 6911 6912
f 6913 6914 6915
f 6916 6917 6918
f 6919 6920 6921
f 6922 6923 6924
f 6925 6926 6927
f 6928 6929 6930
f 6931 6932 6933
f 6934 6935 6936
f 6937 6938 6939
f 6940 6941 6942
f 6943 6944 6945
f 6946 6947 6948
f 6949 6950 6951
f 6952 6953 6954
f 6955 6956 6957
f 6958 6959 6960
f 6961 6962 6963
f 6964 6965 6966
f 6967 6968 6969
f 6970 6971 6972
f 6973 6974 6975
f 6976 6977 6978
f 6979 6980 6981
f 6982 6983 6984
f 6985 6986 6987
f 6988 6989 6990
f 6991 6992 6993
f 6994 6995 6996
f 6997 6998 6999
f 7000 7001 7002
f 7003 7004 7005
f 7006 7007 7008
f 7009 7010 7011
f 7012 7013 7014
f 7015 7016 7017
f 7018 7019 7020
f 7021 7022 7023
f 7024 7025 7026
f 7027 7028 7029
f 7030 7031 7032
f 7033 7034 7035
f 7036 7037 7038
f 7039 7040 7041
f 7042 7043 7044
f 7045 7046 7047
f 7048 7049 7050
f 7051 7052 7053
f 7054 7055 7056
f 7057 7058 7059
f 7060 7061 7062
f 7063 7064 7065
f 7066 7067 7068
f 7069 7070 7071
f 7072 7073 7074
f 7075 7076 7077
f 7078 7079 7080
f 7081 7082 7083
f 7084 7085 7086
f 7087 7088 7089
f 7090 7091 7092
f 7093 7094 7095
f 7096 7097 7098
f 7099 7100 7101
f 7102 7103 7104
f 7105 7106 7107
f 7108 7109 7110
f 7111 7112 7113
f 7114 7115 7116
f 7117 7118 7119
f 7120 7121 7122
f 7123 7124 7125
f 7126 7127 7128
f 7129 7130 7131
f 7132 7133 7134
f 7135 7136 7137
f 7138 7139 7140
f 7141 7142 7143
f 7144 7145 7146
f 7147 7148 7149
f 7150 7151 7152
f 7153 7154 7155
f 7156 7157 7158
f 7159 7160 7161
f 7162 7163 7164
f 7165 7166 7167
f 7168 7169 7170
f 7171 7172 7173
f 7174 7175 7176
f 7177 7178 7179
f 7180 7181 7182
f 7183 7184 7185
f 7186 7187 7188
f 7189 7190 7191
f 7192 7193 7194
f 7195 7196 7197
f 7198 7199 7200
f 7201 7202 7203
f 7204 7205 7206
f 7207 7208 7209
f 7210 7211 7212
f 7213 7214 7215
f 7216 7217 7218
f 7219 7220 7221
f 7222 7223 7224
f 7225 7226 7227
f 7228 7229 7230
f 7231 7232 7233
f 7234 7235 7236
f 7237 7238 7239
f 7240 7241 7242
f 7243 7244 7245
f 7246 7247 7248
f 7249 7250 7251
f 7252 7253 7254
f 7255 7256 7257
f 7258 7259 7260
f 7261 7262 7263
f 7264 7265 7266
f 7267 7268 7269
f 7270 7271 7272
f 7273 7274 7275
f 7276 7277 7278
f 7279 7280 7281
f 7282 7283 7284
f 7285 7286 7287
f 7288 7289 7290
f 7291 7292 7293
f 7294 7295 7296
f 7297 7298 7299
f 7300 7301 7302
f 7303 7304 7305
f 7306 7307 7308
f 7309 7310 7311
f 7312 7313 7314
f 7315 7316 7317
f 7318 7319 7320
f 7321 7322 7323
f 7324 7325 7326
f 7327 7328 7329
f 7330 7331 7332
f 7333 7334 7335
f 7336 7337 7338
f 7339 7340 7341
f 7342 7343 7344
f 7345 7346 7347
f 7348 7349 7350
f 7351 7352 7353
f 7354 7355 7356
f 7357 7358 7359
f 7360 7361 7362
f 7363 7364 7365
f 7366 7367 7368
f 7369 7370 7371
f 7372 7373 7374
f 7375 7376 7377
f 7378 7379 7380
f 7381 7382 7383
f 7384 7385 7386
f 7387 7388 7389
f 7390 7391 7392
f 7393 7394 7395
f 7396 7397 7398
f 7399 7400 7401
f 7402 7403 7404
f 7405 7406 7407
f 7408 7409 7410
f 7411 7412 7413
f 7414 7415 7416
f 7417 7418 7419
f 7420 7421 7422
f 7423 7424 7425
f 7426 7427 7428
f 7429 7430 7431
f 7432 7433 7434
f 7435 7436 7437
f 7438 7439 7440
f 7441 7442 7443
f 7444 7445 7446
f 7447 7448 7449
f 7450 7451 7452
f 7453 7454 7455
f 7456 7457 7458
f 7459 7460 7461
f 7462 7463 7464
f 7465 7466 7467
f 7468 7469 7470
f 7471 7472 7473
f 7474 7475 7476
f 7477 7478 7479
f 7480 7481 7482
f 7483 7484 7485
f 7486 7487 7488
f 7489 7490 7491
f 7492 7493 7494
f 7495 7496 7497
f 7498 7499 7500
f 7501 7502 7503
f 7504 7505 7506
f 7507 7508 7509
f 7510 7511 7512
f 7513 7514 7515
f 7516 7517 7518
f 7519 7520 7521
f 7522 7523 7524
f 7525 7526 7527
f 7528 7529 7530
f 7531 7532 7533
f 7534 7535 7536
f 7537 7538 7539
f 7540 7541 7542
f 7543 7544 7545
f 7546 7547 7548
f 7549 7550 7551
f 7552 7553 7554
f 7555 7556 7557
f 7558 7559 7560
f 7561 7562 7563
f 7564 7565 7566
f 7567 7568 7569
f 7570 7571 7572
f 7573 7574 7575
f 7576 7577 7578
f 7579 7580 7581
f 7582 7583 7584
f 7585 7586 7587
f 7588 7589 7590
f 7591 7592 7593
f 7594 7595 7596
f 7597 7598 7599
f 7600 7601 7602
f 7603 7604 7605
f 7606 7607 7608
f 7609 7610 7611
f 7612 7613 7614
f 7615 7616 7617
f 7618 7619 7620
f 7621 7622 7623
f 7624 7625 7626
f 7627 7628 7629
f 7630 7631 7632
f 7633 7634 7635
f 7636 7637 7638
f 7639 7640 7641
f 7642 7643 7644
f 7645 7646 7647
f 7648 7649 7650
f 7651 7652 7653
f 7654 7655 7656
f 7657 7658 7659
f 7660 7661 7662
f 7663 7664 7665
f 7666 7667 7668
f 7669 7670 7671
f 7672 7673 7674
f 7675 7676 7677
f 7678 7679 7680
f 7681 7682 7683
f 7684 7685 7686
f 7687 7688 7689
f 7690 7691 7692
f 7693 7694 7695
f 7696 7697 7698
f 7699 7700 7701
f 7702 7703 7704
f 7705 7706 7707
f 7708 7709 7710
f 7711 7712 7713
f 7714 7715 7716
f 7717 7718 7719
f 7720 7721 7722
f 7723 7724 7725
f 7726 7727 7728
f 7729 7730 7731
f 7732 7733 7734
f 7735 7736 7737
f 7738 7739 7740
f 7741 7742 7743
f 7744 7745 7746
f 7747 7748 7749
f 7750 7751 7752
f 7753 7754 7755
f 7756 7757 7758
f 7759 7760 7761
f 7762 7763 7764
f 7765 7766 7767
f 7768 7769 7770
f 7771 7772 7773
f 7774 7775 7776
f 7777 7778 7779
f 7780 7781 7782
f 7783 7784 7785
f 7786 7787 7788
f 7789 7790 7791
f 7792 7793 7794
f 7795 7796 7797
f 7798 7799 7800
f 7801 7802 7803
f 7804 7805 7806
f 7807 7808 7809
f 7810 7811 7812
f 7813 7814 7815
f 7816 7817 7818
f 7819 7820 7821
f 7822 7823 7824
f 7825 7826 7827
f 7828 7829 7830
f 7831 7832 7833
f 7834 7835 7836
f 7837 7838 7839
f 7840 7841 7842
f 7843 7844 7845
f 7846 7847 7848
f 7849 7850 7851
f 7852 7853 7854
f 7855 7856 7857
f 7858 7859 7860
f 7861 7862 7863
f 7864 7865 7866
f 7867 7868 7869
f 7870 7871 7872
f 7873 7874 7875
f 7876 7877 7878
f 7879 7880 7881
f 7882 7883 7884
f 7885 7886 7887
f 7888 7889 7890
f 7891 7892 7893
f 7894 7895 7896
f 7897 7898 7899
f 7900 7901 7902
f 7903 7904 7905
f 7906 7907 7908
f 7909 7910 7911
f 7912 7913 7914
f 7915 7916 7917
f 7918 7919 7920
f 7921 7922 7923
f 7924 7925 7926
f 7927 7928 7929
f 7930 7931 7932
f 7933 7934 7935
f 7936 7937 7938
f 7939 7940 7941
f 7942 7943 7944
f 7945 7946 7947
f 7948 7949 7950
f 7951 7952 7953
f 7954 7955 7956
f 7957 7958 7959
f 7960 7961 7962
f 7963 7964 7965
f 7966 7967 7968
f 7969 7970 7971
f 7972 7973 7974
f 7975 7976 7977
f 7978 7979 7980
f 7981 7982 7983
f 7984 7985 7986
f 7987 7988 7989
f 7990 7991 7992
f 7993 7994 7995
f 7996 7997 7998
f 7999 8000 8001
f 8002 8003 8004
f 8005 8006 8007
f 8008 8009 8010
f 8011 8012 8013
f 8014 8015 8016
f 8017 8018 8019
f 8020 8021 8022
f 8023 8024 8025
f 8026 8027 8028
f 8029 8030 8031
f 8032 8033 8034
f 8035 8036 8037
f 8038 8039 8040
f 8041 8042 8043
f 8044 8045 8046
f 8047 8048 8049
f 8050 8051 8052
f 8053 8054 8055
f 8056 8057 8058
f 8059 8060 8061
f 8062 8063 8064
