o HBRecHits_V2
v 0.2922455966472626 2.278599500656128 -0.09249129146337509
v 0.30745819211006165 2.276596784591675 -0.09249129146337509
v 0.30745819211006165 2.276596784591675 -0.10781244933605194
v 0.30745819211006165 2.276596784591675 -0.10781244933605194
v 0.2922455966472626 2.278599500656128 -0.10781244933605194
v 0.2922455966472626 2.278599500656128 -0.09249129146337509
v 0.3013618588447571 2.382798910140991 -0.09249129146337509
v 0.3256213665008545 2.3796048164367676 -0.09249129146337509
v 0.3256213665008545 2.3796048164367676 -0.1169239729642868
v 0.3256213665008545 2.3796048164367676 -0.1169239729642868
v 0.3013618588447571 2.382798910140991 -0.1169239729642868
v 0.3013618588447571 2.382798910140991 -0.09249129146337509
v 0.3013618588447571 2.382798910140991 -0.09249129146337509
v 0.3256213665008545 2.3796048164367676 -0.09249129146337509
v 0.30745819211006165 2.276596784591675 -0.09249129146337509
v 0.30745819211006165 2.276596784591675 -0.09249129146337509
v 0.2922455966472626 2.278599500656128 -0.09249129146337509
v 0.3013618588447571 2.382798910140991 -0.09249129146337509
v 0.3013618588447571 2.382798910140991 -0.1169239729642868
v 0.3256213665008545 2.3796048164367676 -0.1169239729642868
v 0.30745819211006165 2.276596784591675 -0.10781244933605194
v 0.30745819211006165 2.276596784591675 -0.10781244933605194
v 0.2922455966472626 2.278599500656128 -0.10781244933605194
v 0.3013618588447571 2.382798910140991 -0.1169239729642868
v 0.2922455966472626 2.278599500656128 -0.09249129146337509
v 0.2922455966472626 2.278599500656128 -0.10781244933605194
v 0.3013618588447571 2.382798910140991 -0.1169239729642868
v 0.3013618588447571 2.382798910140991 -0.1169239729642868
v 0.3013618588447571 2.382798910140991 -0.09249129146337509
v 0.2922455966472626 2.278599500656128 -0.09249129146337509
v 0.30745819211006165 2.276596784591675 -0.09249129146337509
v 0.3256213665008545 2.3796048164367676 -0.09249129146337509
v 0.3256213665008545 2.3796048164367676 -0.1169239729642868
v 0.3256213665008545 2.3796048164367676 -0.1169239729642868
v 0.30745819211006165 2.276596784591675 -0.10781244933605194
v 0.30745819211006165 2.276596784591675 -0.09249129146337509
v 1.790083885192871 -1.3541538715362549 -0.08246201276779175
v 1.7713168859481812 -1.3786110877990723 -0.08246201276779175
v 1.7713168859481812 -1.3786110877990723 -0.11324433237314224
v 1.7713168859481812 -1.3786110877990723 -0.11324433237314224
v 1.790083885192871 -1.3541538715362549 -0.11324433237314224
v 1.790083885192871 -1.3541538715362549 -0.08246201276779175
v 1.9622282981872559 -1.47469162940979 -0.08246201276779175
v 1.9323009252548218 -1.5136934518814087 -0.08246201276779175
v 1.9323009252548218 -1.5136934518814087 -0.1315506398677826
v 1.9323009252548218 -1.5136934518814087 -0.1315506398677826
v 1.9622282981872559 -1.47469162940979 -0.1315506398677826
v 1.9622282981872559 -1.47469162940979 -0.08246201276779175
v 1.9622282981872559 -1.47469162940979 -0.08246201276779175
v 1.9323009252548218 -1.5136934518814087 -0.08246201276779175
v 1.7713168859481812 -1.3786110877990723 -0.08246201276779175
v 1.7713168859481812 -1.3786110877990723 -0.08246201276779175
v 1.790083885192871 -1.3541538715362549 -0.08246201276779175
v 1.9622282981872559 -1.47469162940979 -0.08246201276779175
v 1.9622282981872559 -1.47469162940979 -0.1315506398677826
v 1.9323009252548218 -1.5136934518814087 -0.1315506398677826
v 1.7713168859481812 -1.3786110877990723 -0.11324433237314224
v 1.7713168859481812 -1.3786110877990723 -0.11324433237314224
v 1.790083885192871 -1.3541538715362549 -0.11324433237314224
v 1.9622282981872559 -1.47469162940979 -0.1315506398677826
v 1.790083885192871 -1.3541538715362549 -0.08246201276779175
v 1.790083885192871 -1.3541538715362549 -0.11324433237314224
v 1.9622282981872559 -1.47469162940979 -0.1315506398677826
v 1.9622282981872559 -1.47469162940979 -0.1315506398677826
v 1.9622282981872559 -1.47469162940979 -0.08246201276779175
v 1.790083885192871 -1.3541538715362549 -0.08246201276779175
v 1.7713168859481812 -1.3786110877990723 -0.08246201276779175
v 1.9323009252548218 -1.5136934518814087 -0.08246201276779175
v 1.9323009252548218 -1.5136934518814087 -0.1315506398677826
v 1.9323009252548218 -1.5136934518814087 -0.1315506398677826
v 1.7713168859481812 -1.3786110877990723 -0.11324433237314224
v 1.7713168859481812 -1.3786110877990723 -0.08246201276779175
v -0.7048077583312988 2.230196237564087 -0.3051137328147888
v -0.7018435001373291 2.231130838394165 -0.3051137328147888
v -0.7018435001373291 2.231130838394165 -0.30824077129364014
v -0.7018435001373291 2.231130838394165 -0.30824077129364014
v -0.7048077583312988 2.230196237564087 -0.30824077129364014
v -0.7048077583312988 2.230196237564087 -0.3051137328147888
v -0.712054431438446 2.2501063346862793 -0.3069594204425812
v -0.7073273062705994 2.251596689224243 -0.3069594204425812
v -0.7073273062705994 2.251596689224243 -0.3119460940361023
v -0.7073273062705994 2.251596689224243 -0.3119460940361023
v -0.712054431438446 2.2501063346862793 -0.3119460940361023
v -0.712054431438446 2.2501063346862793 -0.3069594204425812
v -0.712054431438446 2.2501063346862793 -0.3069594204425812
v -0.7073273062705994 2.251596689224243 -0.3069594204425812
v -0.7018435001373291 2.231130838394165 -0.3051137328147888
v -0.7018435001373291 2.231130838394165 -0.3051137328147888
v -0.7048077583312988 2.230196237564087 -0.3051137328147888
v -0.712054431438446 2.2501063346862793 -0.3069594204425812
v -0.712054431438446 2.2501063346862793 -0.3119460940361023
v -0.7073273062705994 2.251596689224243 -0.3119460940361023
v -0.7018435001373291 2.231130838394165 -0.30824077129364014
v -0.7018435001373291 2.231130838394165 -0.30824077129364014
v -0.7048077583312988 2.230196237564087 -0.30824077129364014
v -0.712054431438446 2.2501063346862793 -0.3119460940361023
v -0.7048077583312988 2.230196237564087 -0.3051137328147888
v -0.7048077583312988 2.230196237564087 -0.30824077129364014
v -0.712054431438446 2.2501063346862793 -0.3119460940361023
v -0.712054431438446 2.2501063346862793 -0.3119460940361023
v -0.712054431438446 2.2501063346862793 -0.3069594204425812
v -0.7048077583312988 2.230196237564087 -0.3051137328147888
v -0.7018435001373291 2.231130838394165 -0.3051137328147888
v -0.7073273062705994 2.251596689224243 -0.3069594204425812
v -0.7073273062705994 2.251596689224243 -0.3119460940361023
v -0.7073273062705994 2.251596689224243 -0.3119460940361023
v -0.7018435001373291 2.231130838394165 -0.30824077129364014
v -0.7018435001373291 2.231130838394165 -0.3051137328147888
v 1.8454593420028687 1.4199577569961548 -0.5082778334617615
v 1.8492107391357422 1.4150689840316772 -0.5082778334617615
v 1.8492107391357422 1.4150689840316772 -0.5145711302757263
v 1.8492107391357422 1.4150689840316772 -0.5145711302757263
v 1.8454593420028687 1.4199577569961548 -0.5145711302757263
v 1.8454593420028687 1.4199577569961548 -0.5082778334617615
v 1.877638816833496 1.4469597339630127 -0.5156241059303284
v 1.883621096611023 1.4391635656356812 -0.5156241059303284
v 1.883621096611023 1.4391635656356812 -0.52565997838974
v 1.883621096611023 1.4391635656356812 -0.52565997838974
v 1.877638816833496 1.4469597339630127 -0.52565997838974
v 1.877638816833496 1.4469597339630127 -0.5156241059303284
v 1.877638816833496 1.4469597339630127 -0.5156241059303284
v 1.883621096611023 1.4391635656356812 -0.5156241059303284
v 1.8492107391357422 1.4150689840316772 -0.5082778334617615
v 1.8492107391357422 1.4150689840316772 -0.5082778334617615
v 1.8454593420028687 1.4199577569961548 -0.5082778334617615
v 1.877638816833496 1.4469597339630127 -0.5156241059303284
v 1.877638816833496 1.4469597339630127 -0.52565997838974
v 1.883621096611023 1.4391635656356812 -0.52565997838974
v 1.8492107391357422 1.4150689840316772 -0.5145711302757263
v 1.8492107391357422 1.4150689840316772 -0.5145711302757263
v 1.8454593420028687 1.4199577569961548 -0.5145711302757263
v 1.877638816833496 1.4469597339630127 -0.52565997838974
v 1.8454593420028687 1.4199577569961548 -0.5082778334617615
v 1.8454593420028687 1.4199577569961548 -0.5145711302757263
v 1.877638816833496 1.4469597339630127 -0.52565997838974
v 1.877638816833496 1.4469597339630127 -0.52565997838974
v 1.877638816833496 1.4469597339630127 -0.5156241059303284
v 1.8454593420028687 1.4199577569961548 -0.5082778334617615
v 1.8492107391357422 1.4150689840316772 -0.5082778334617615
v 1.883621096611023 1.4391635656356812 -0.5156241059303284
v 1.883621096611023 1.4391635656356812 -0.52565997838974
v 1.883621096611023 1.4391635656356812 -0.52565997838974
v 1.8492107391357422 1.4150689840316772 -0.5145711302757263
v 1.8492107391357422 1.4150689840316772 -0.5082778334617615
v -1.4291011095046997 -1.8628309965133667 -0.727152407169342
v -1.4294822216033936 -1.8625385761260986 -0.727152407169342
v -1.4294822216033936 -1.8625385761260986 -0.727653980255127
v -1.4294822216033936 -1.8625385761260986 -0.727653980255127
v -1.4291011095046997 -1.8628309965133667 -0.727653980255127
v -1.4291011095046997 -1.8628309965133667 -0.727152407169342
v -1.4309793710708618 -1.8655134439468384 -0.7280168533325195
v -1.4315872192382812 -1.8650470972061157 -0.7280168533325195
v -1.4315872192382812 -1.8650470972061157 -0.7288167476654053
v -1.4315872192382812 -1.8650470972061157 -0.7288167476654053
v -1.4309793710708618 -1.8655134439468384 -0.7288167476654053
v -1.4309793710708618 -1.8655134439468384 -0.7280168533325195
v -1.4309793710708618 -1.8655134439468384 -0.7280168533325195
v -1.4315872192382812 -1.8650470972061157 -0.7280168533325195
v -1.4294822216033936 -1.8625385761260986 -0.727152407169342
v -1.4294822216033936 -1.8625385761260986 -0.727152407169342
v -1.4291011095046997 -1.8628309965133667 -0.727152407169342
v -1.4309793710708618 -1.8655134439468384 -0.7280168533325195
v -1.4309793710708618 -1.8655134439468384 -0.7288167476654053
v -1.4315872192382812 -1.8650470972061157 -0.7288167476654053
v -1.4294822216033936 -1.8625385761260986 -0.727653980255127
v -1.4294822216033936 -1.8625385761260986 -0.727653980255127
v -1.4291011095046997 -1.8628309965133667 -0.727653980255127
v -1.4309793710708618 -1.8655134439468384 -0.7288167476654053
v -1.4291011095046997 -1.8628309965133667 -0.727152407169342
v -1.4291011095046997 -1.8628309965133667 -0.727653980255127
v -1.4309793710708618 -1.8655134439468384 -0.7288167476654053
v -1.4309793710708618 -1.8655134439468384 -0.7288167476654053
v -1.4309793710708618 -1.8655134439468384 -0.7280168533325195
v -1.4291011095046997 -1.8628309965133667 -0.727152407169342
v -1.4294822216033936 -1.8625385761260986 -0.727152407169342
v -1.4315872192382812 -1.8650470972061157 -0.7280168533325195
v -1.4315872192382812 -1.8650470972061157 -0.7288167476654053
v -1.4315872192382812 -1.8650470972061157 -0.7288167476654053
v -1.4294822216033936 -1.8625385761260986 -0.727653980255127
v -1.4294822216033936 -1.8625385761260986 -0.727152407169342
v -2.288672685623169 -0.3072783350944519 -1.1431909799575806
v -2.290217399597168 -0.2955448031425476 -1.1431909799575806
v -2.290217399597168 -0.2955448031425476 -1.1563746929168701
v -2.290217399597168 -0.2955448031425476 -1.1563746929168701
v -2.288672685623169 -0.3072783350944519 -1.1563746929168701
v -2.288672685623169 -0.3072783350944519 -1.1431909799575806
v -2.3681230545043945 -0.3212876617908478 -1.1794025897979736
v -2.37058687210083 -0.3025762140750885 -1.1794025897979736
v -2.37058687210083 -0.3025762140750885 -1.200426697731018
v -2.37058687210083 -0.3025762140750885 -1.200426697731018
v -2.3681230545043945 -0.3212876617908478 -1.200426697731018
v -2.3681230545043945 -0.3212876617908478 -1.1794025897979736
v -2.3681230545043945 -0.3212876617908478 -1.1794025897979736
v -2.37058687210083 -0.3025762140750885 -1.1794025897979736
v -2.290217399597168 -0.2955448031425476 -1.1431909799575806
v -2.290217399597168 -0.2955448031425476 -1.1431909799575806
v -2.288672685623169 -0.3072783350944519 -1.1431909799575806
v -2.3681230545043945 -0.3212876617908478 -1.1794025897979736
v -2.3681230545043945 -0.3212876617908478 -1.200426697731018
v -2.37058687210083 -0.3025762140750885 -1.200426697731018
v -2.290217399597168 -0.2955448031425476 -1.1563746929168701
v -2.290217399597168 -0.2955448031425476 -1.1563746929168701
v -2.288672685623169 -0.3072783350944519 -1.1563746929168701
v -2.3681230545043945 -0.3212876617908478 -1.200426697731018
v -2.288672685623169 -0.3072783350944519 -1.1431909799575806
v -2.288672685623169 -0.3072783350944519 -1.1563746929168701
v -2.3681230545043945 -0.3212876617908478 -1.200426697731018
v -2.3681230545043945 -0.3212876617908478 -1.200426697731018
v -2.3681230545043945 -0.3212876617908478 -1.1794025897979736
v -2.288672685623169 -0.3072783350944519 -1.1431909799575806
v -2.290217399597168 -0.2955448031425476 -1.1431909799575806
v -2.37058687210083 -0.3025762140750885 -1.1794025897979736
v -2.37058687210083 -0.3025762140750885 -1.200426697731018
v -2.37058687210083 -0.3025762140750885 -1.200426697731018
v -2.290217399597168 -0.2955448031425476 -1.1563746929168701
v -2.290217399597168 -0.2955448031425476 -1.1431909799575806
v -1.575219750404358 -1.7223987579345703 -1.1596542596817017
v -1.5785565376281738 -1.7193411588668823 -1.1596542596817017
v -1.5785565376281738 -1.7193411588668823 -1.1646959781646729
v -1.5785565376281738 -1.7193411588668823 -1.1646959781646729
v -1.575219750404358 -1.7223987579345703 -1.1646959781646729
v -1.575219750404358 -1.7223987579345703 -1.1596542596817017
v -1.5950512886047363 -1.746032953262329 -1.1735023260116577
v -1.6003724336624146 -1.741157054901123 -1.1735023260116577
v -1.6003724336624146 -1.741157054901123 -1.1815423965454102
v -1.6003724336624146 -1.741157054901123 -1.1815423965454102
v -1.5950512886047363 -1.746032953262329 -1.1815423965454102
v -1.5950512886047363 -1.746032953262329 -1.1735023260116577
v -1.5950512886047363 -1.746032953262329 -1.1735023260116577
v -1.6003724336624146 -1.741157054901123 -1.1735023260116577
v -1.5785565376281738 -1.7193411588668823 -1.1596542596817017
v -1.5785565376281738 -1.7193411588668823 -1.1596542596817017
v -1.575219750404358 -1.7223987579345703 -1.1596542596817017
v -1.5950512886047363 -1.746032953262329 -1.1735023260116577
v -1.5950512886047363 -1.746032953262329 -1.1815423965454102
v -1.6003724336624146 -1.741157054901123 -1.1815423965454102
v -1.5785565376281738 -1.7193411588668823 -1.1646959781646729
v -1.5785565376281738 -1.7193411588668823 -1.1646959781646729
v -1.575219750404358 -1.7223987579345703 -1.1646959781646729
v -1.5950512886047363 -1.746032953262329 -1.1815423965454102
v -1.575219750404358 -1.7223987579345703 -1.1596542596817017
v -1.575219750404358 -1.7223987579345703 -1.1646959781646729
v -1.5950512886047363 -1.746032953262329 -1.1815423965454102
v -1.5950512886047363 -1.746032953262329 -1.1815423965454102
v -1.5950512886047363 -1.746032953262329 -1.1735023260116577
v -1.575219750404358 -1.7223987579345703 -1.1596542596817017
v -1.5785565376281738 -1.7193411588668823 -1.1596542596817017
v -1.6003724336624146 -1.741157054901123 -1.1735023260116577
v -1.6003724336624146 -1.741157054901123 -1.1815423965454102
v -1.6003724336624146 -1.741157054901123 -1.1815423965454102
v -1.5785565376281738 -1.7193411588668823 -1.1646959781646729
v -1.5785565376281738 -1.7193411588668823 -1.1596542596817017
v 2.345576763153076 -0.10216037184000015 -1.168723702430725
v 2.345554828643799 -0.10265938192605972 -1.168723702430725
v 2.345554828643799 -0.10265938192605972 -1.1692800521850586
v 2.345554828643799 -0.10265938192605972 -1.1692800521850586
v 2.345576763153076 -0.10216037184000015 -1.1692800521850586
v 2.345576763153076 -0.10216037184000015 -1.168723702430725
v 2.3489816188812256 -0.10216037184000015 -1.1702519655227661
v 2.3489468097686768 -0.1029561385512352 -1.1702519655227661
v 2.3489468097686768 -0.1029561385512352 -1.1711392402648926
v 2.3489468097686768 -0.1029561385512352 -1.1711392402648926
v 2.3489816188812256 -0.10216037184000015 -1.1711392402648926
v 2.3489816188812256 -0.10216037184000015 -1.1702519655227661
v 2.3489816188812256 -0.10216037184000015 -1.1702519655227661
v 2.3489468097686768 -0.1029561385512352 -1.1702519655227661
v 2.345554828643799 -0.10265938192605972 -1.168723702430725
v 2.345554828643799 -0.10265938192605972 -1.168723702430725
v 2.345576763153076 -0.10216037184000015 -1.168723702430725
v 2.3489816188812256 -0.10216037184000015 -1.1702519655227661
v 2.3489816188812256 -0.10216037184000015 -1.1711392402648926
v 2.3489468097686768 -0.1029561385512352 -1.1711392402648926
v 2.345554828643799 -0.10265938192605972 -1.1692800521850586
v 2.345554828643799 -0.10265938192605972 -1.1692800521850586
v 2.345576763153076 -0.10216037184000015 -1.1692800521850586
v 2.3489816188812256 -0.10216037184000015 -1.1711392402648926
v 2.345576763153076 -0.10216037184000015 -1.168723702430725
v 2.345576763153076 -0.10216037184000015 -1.1692800521850586
v 2.3489816188812256 -0.10216037184000015 -1.1711392402648926
v 2.3489816188812256 -0.10216037184000015 -1.1711392402648926
v 2.3489816188812256 -0.10216037184000015 -1.1702519655227661
v 2.345576763153076 -0.10216037184000015 -1.168723702430725
v 2.345554828643799 -0.10265938192605972 -1.168723702430725
v 2.3489468097686768 -0.1029561385512352 -1.1702519655227661
v 2.3489468097686768 -0.1029561385512352 -1.1711392402648926
v 2.3489468097686768 -0.1029561385512352 -1.1711392402648926
v 2.345554828643799 -0.10265938192605972 -1.1692800521850586
v 2.345554828643799 -0.10265938192605972 -1.168723702430725
v -2.096513032913208 0.8548235297203064 -1.337653398513794
v -2.086911678314209 0.8780062794685364 -1.337653398513794
v -2.086911678314209 0.8780062794685364 -1.3667967319488525
v -2.086911678314209 0.8780062794685364 -1.3667967319488525
v -2.096513032913208 0.8548235297203064 -1.3667967319488525
v -2.096513032913208 0.8548235297203064 -1.337653398513794
v -2.2572546005249023 0.9133281111717224 -1.4310555458068848
v -2.24194073677063 0.9502971172332764 -1.4310555458068848
v -2.24194073677063 0.9502971172332764 -1.4775283336639404
v -2.24194073677063 0.9502971172332764 -1.4775283336639404
v -2.2572546005249023 0.9133281111717224 -1.4775283336639404
v -2.2572546005249023 0.9133281111717224 -1.4310555458068848
v -2.2572546005249023 0.9133281111717224 -1.4310555458068848
v -2.24194073677063 0.9502971172332764 -1.4310555458068848
v -2.086911678314209 0.8780062794685364 -1.337653398513794
v -2.086911678314209 0.8780062794685364 -1.337653398513794
v -2.096513032913208 0.8548235297203064 -1.337653398513794
v -2.2572546005249023 0.9133281111717224 -1.4310555458068848
v -2.2572546005249023 0.9133281111717224 -1.4775283336639404
v -2.24194073677063 0.9502971172332764 -1.4775283336639404
v -2.086911678314209 0.8780062794685364 -1.3667967319488525
v -2.086911678314209 0.8780062794685364 -1.3667967319488525
v -2.096513032913208 0.8548235297203064 -1.3667967319488525
v -2.2572546005249023 0.9133281111717224 -1.4775283336639404
v -2.096513032913208 0.8548235297203064 -1.337653398513794
v -2.096513032913208 0.8548235297203064 -1.3667967319488525
v -2.2572546005249023 0.9133281111717224 -1.4775283336639404
v -2.2572546005249023 0.9133281111717224 -1.4775283336639404
v -2.2572546005249023 0.9133281111717224 -1.4310555458068848
v -2.096513032913208 0.8548235297203064 -1.337653398513794
v -2.086911678314209 0.8780062794685364 -1.337653398513794
v -2.24194073677063 0.9502971172332764 -1.4310555458068848
v -2.24194073677063 0.9502971172332764 -1.4775283336639404
v -2.24194073677063 0.9502971172332764 -1.4775283336639404
v -2.086911678314209 0.8780062794685364 -1.3667967319488525
v -2.086911678314209 0.8780062794685364 -1.337653398513794
v -2.1958489418029785 -0.5014231204986572 -1.3286492824554443
v -2.202025890350342 -0.47356274724006653 -1.3286492824554443
v -2.202025890350342 -0.47356274724006653 -1.3617924451828003
v -2.202025890350342 -0.47356274724006653 -1.3617924451828003
v -2.1958489418029785 -0.5014231204986572 -1.3617924451828003
v -2.1958489418029785 -0.5014231204986572 -1.3286492824554443
v -2.3837530612945557 -0.5517720580101013 -1.4348706007003784
v -2.393602132797241 -0.507343053817749 -1.4348706007003784
v -2.393602132797241 -0.507343053817749 -1.4877216815948486
v -2.393602132797241 -0.507343053817749 -1.4877216815948486
v -2.3837530612945557 -0.5517720580101013 -1.4877216815948486
v -2.3837530612945557 -0.5517720580101013 -1.4348706007003784
v -2.3837530612945557 -0.5517720580101013 -1.4348706007003784
v -2.393602132797241 -0.507343053817749 -1.4348706007003784
v -2.202025890350342 -0.47356274724006653 -1.3286492824554443
v -2.202025890350342 -0.47356274724006653 -1.3286492824554443
v -2.1958489418029785 -0.5014231204986572 -1.3286492824554443
v -2.3837530612945557 -0.5517720580101013 -1.4348706007003784
v -2.3837530612945557 -0.5517720580101013 -1.4877216815948486
v -2.393602132797241 -0.507343053817749 -1.4877216815948486
v -2.202025890350342 -0.47356274724006653 -1.3617924451828003
v -2.202025890350342 -0.47356274724006653 -1.3617924451828003
v -2.1958489418029785 -0.5014231204986572 -1.3617924451828003
v -2.3837530612945557 -0.5517720580101013 -1.4877216815948486
v -2.1958489418029785 -0.5014231204986572 -1.3286492824554443
v -2.1958489418029785 -0.5014231204986572 -1.3617924451828003
v -2.3837530612945557 -0.5517720580101013 -1.4877216815948486
v -2.3837530612945557 -0.5517720580101013 -1.4877216815948486
v -2.3837530612945557 -0.5517720580101013 -1.4348706007003784
v -2.1958489418029785 -0.5014231204986572 -1.3286492824554443
v -2.202025890350342 -0.47356274724006653 -1.3286492824554443
v -2.393602132797241 -0.507343053817749 -1.4348706007003784
v -2.393602132797241 -0.507343053817749 -1.4877216815948486
v -2.393602132797241 -0.507343053817749 -1.4877216815948486
v -2.202025890350342 -0.47356274724006653 -1.3617924451828003
v -2.202025890350342 -0.47356274724006653 -1.3286492824554443
v 1.5625905990600586 1.7121182680130005 -1.6195576190948486
v 1.5694156885147095 1.7058639526367188 -1.6195576190948486
v 1.5694156885147095 1.7058639526367188 -1.6308287382125854
v 1.5694156885147095 1.7058639526367188 -1.6308287382125854
v 1.5625905990600586 1.7121182680130005 -1.6308287382125854
v 1.5625905990600586 1.7121182680130005 -1.6195576190948486
v 1.6031547784805298 1.760460615158081 -1.6604092121124268
v 1.6140389442443848 1.750487208366394 -1.6604092121124268
v 1.6140389442443848 1.750487208366394 -1.6783843040466309
v 1.6140389442443848 1.750487208366394 -1.6783843040466309
v 1.6031547784805298 1.760460615158081 -1.6783843040466309
v 1.6031547784805298 1.760460615158081 -1.6604092121124268
v 1.6031547784805298 1.760460615158081 -1.6604092121124268
v 1.6140389442443848 1.750487208366394 -1.6604092121124268
v 1.5694156885147095 1.7058639526367188 -1.6195576190948486
v 1.5694156885147095 1.7058639526367188 -1.6195576190948486
v 1.5625905990600586 1.7121182680130005 -1.6195576190948486
v 1.6031547784805298 1.760460615158081 -1.6604092121124268
v 1.6031547784805298 1.760460615158081 -1.6783843040466309
v 1.6140389442443848 1.750487208366394 -1.6783843040466309
v 1.5694156885147095 1.7058639526367188 -1.6308287382125854
v 1.5694156885147095 1.7058639526367188 -1.6308287382125854
v 1.5625905990600586 1.7121182680130005 -1.6308287382125854
v 1.6031547784805298 1.760460615158081 -1.6783843040466309
v 1.5625905990600586 1.7121182680130005 -1.6195576190948486
v 1.5625905990600586 1.7121182680130005 -1.6308287382125854
v 1.6031547784805298 1.760460615158081 -1.6783843040466309
v 1.6031547784805298 1.760460615158081 -1.6783843040466309
v 1.6031547784805298 1.760460615158081 -1.6604092121124268
v 1.5625905990600586 1.7121182680130005 -1.6195576190948486
v 1.5694156885147095 1.7058639526367188 -1.6195576190948486
v 1.6140389442443848 1.750487208366394 -1.6604092121124268
v 1.6140389442443848 1.750487208366394 -1.6783843040466309
v 1.6140389442443848 1.750487208366394 -1.6783843040466309
v 1.5694156885147095 1.7058639526367188 -1.6308287382125854
v 1.5694156885147095 1.7058639526367188 -1.6195576190948486
v 1.2333598136901855 1.9479814767837524 -1.6086617708206177
v 1.2442346811294556 1.9410535097122192 -1.6086617708206177
v 1.2442346811294556 1.9410535097122192 -1.62436044216156
v 1.2442346811294556 1.9410535097122192 -1.62436044216156
v 1.2333598136901855 1.9479814767837524 -1.62436044216156
v 1.2333598136901855 1.9479814767837524 -1.6086617708206177
v 1.277308464050293 2.024101495742798 -1.6655608415603638
v 1.2946500778198242 2.0130536556243896 -1.6655608415603638
v 1.2946500778198242 2.0130536556243896 -1.6905969381332397
v 1.2946500778198242 2.0130536556243896 -1.6905969381332397
v 1.277308464050293 2.024101495742798 -1.6905969381332397
v 1.277308464050293 2.024101495742798 -1.6655608415603638
v 1.277308464050293 2.024101495742798 -1.6655608415603638
v 1.2946500778198242 2.0130536556243896 -1.6655608415603638
v 1.2442346811294556 1.9410535097122192 -1.6086617708206177
v 1.2442346811294556 1.9410535097122192 -1.6086617708206177
v 1.2333598136901855 1.9479814767837524 -1.6086617708206177
v 1.277308464050293 2.024101495742798 -1.6655608415603638
v 1.277308464050293 2.024101495742798 -1.6905969381332397
v 1.2946500778198242 2.0130536556243896 -1.6905969381332397
v 1.2442346811294556 1.9410535097122192 -1.62436044216156
v 1.2442346811294556 1.9410535097122192 -1.62436044216156
v 1.2333598136901855 1.9479814767837524 -1.62436044216156
v 1.277308464050293 2.024101495742798 -1.6905969381332397
v 1.2333598136901855 1.9479814767837524 -1.6086617708206177
v 1.2333598136901855 1.9479814767837524 -1.62436044216156
v 1.277308464050293 2.024101495742798 -1.6905969381332397
v 1.277308464050293 2.024101495742798 -1.6905969381332397
v 1.277308464050293 2.024101495742798 -1.6655608415603638
v 1.2333598136901855 1.9479814767837524 -1.6086617708206177
v 1.2442346811294556 1.9410535097122192 -1.6086617708206177
v 1.2946500778198242 2.0130536556243896 -1.6655608415603638
v 1.2946500778198242 2.0130536556243896 -1.6905969381332397
v 1.2946500778198242 2.0130536556243896 -1.6905969381332397
v 1.2442346811294556 1.9410535097122192 -1.62436044216156
v 1.2442346811294556 1.9410535097122192 -1.6086617708206177
v -0.6939826011657715 -2.2149078845977783 -1.875427007675171
v -0.7019423246383667 -2.212397813796997 -1.875427007675171
v -0.7019423246383667 -2.212397813796997 -1.886135220527649
v -0.7019423246383667 -2.212397813796997 -1.886135220527649
v -0.6939826011657715 -2.2149078845977783 -1.886135220527649
v -0.6939826011657715 -2.2149078845977783 -1.875427007675171
v -0.708707869052887 -2.2698631286621094 -1.918300747871399
v -0.7214012145996094 -2.2658610343933105 -1.918300747871399
v -0.7214012145996094 -2.2658610343933105 -1.9353770017623901
v -0.7214012145996094 -2.2658610343933105 -1.9353770017623901
v -0.708707869052887 -2.2698631286621094 -1.9353770017623901
v -0.708707869052887 -2.2698631286621094 -1.918300747871399
v -0.708707869052887 -2.2698631286621094 -1.918300747871399
v -0.7214012145996094 -2.2658610343933105 -1.918300747871399
v -0.7019423246383667 -2.212397813796997 -1.875427007675171
v -0.7019423246383667 -2.212397813796997 -1.875427007675171
v -0.6939826011657715 -2.2149078845977783 -1.875427007675171
v -0.708707869052887 -2.2698631286621094 -1.918300747871399
v -0.708707869052887 -2.2698631286621094 -1.9353770017623901
v -0.7214012145996094 -2.2658610343933105 -1.9353770017623901
v -0.7019423246383667 -2.212397813796997 -1.886135220527649
v -0.7019423246383667 -2.212397813796997 -1.886135220527649
v -0.6939826011657715 -2.2149078845977783 -1.886135220527649
v -0.708707869052887 -2.2698631286621094 -1.9353770017623901
v -0.6939826011657715 -2.2149078845977783 -1.875427007675171
v -0.6939826011657715 -2.2149078845977783 -1.886135220527649
v -0.708707869052887 -2.2698631286621094 -1.9353770017623901
v -0.708707869052887 -2.2698631286621094 -1.9353770017623901
v -0.708707869052887 -2.2698631286621094 -1.918300747871399
v -0.6939826011657715 -2.2149078845977783 -1.875427007675171
v -0.7019423246383667 -2.212397813796997 -1.875427007675171
v -0.7214012145996094 -2.2658610343933105 -1.918300747871399
v -0.7214012145996094 -2.2658610343933105 -1.9353770017623901
v -0.7214012145996094 -2.2658610343933105 -1.9353770017623901
v -0.7019423246383667 -2.212397813796997 -1.886135220527649
v -0.7019423246383667 -2.212397813796997 -1.875427007675171
v -0.5070481896400452 2.2734413146972656 -2.1520133018493652
v -0.5012558102607727 2.2747254371643066 -2.1520133018493652
v -0.5012558102607727 2.2747254371643066 -2.1600708961486816
v -0.5012558102607727 2.2747254371643066 -2.1600708961486816
v -0.5070481896400452 2.2734413146972656 -2.1600708961486816
v -0.5070481896400452 2.2734413146972656 -2.1520133018493652
v -0.517516016960144 2.3125076293945312 -2.1870181560516357
v -0.5082789659500122 2.3145554065704346 -2.1870181560516357
v -0.5082789659500122 2.3145554065704346 -2.1998677253723145
v -0.5082789659500122 2.3145554065704346 -2.1998677253723145
v -0.517516016960144 2.3125076293945312 -2.1998677253723145
v -0.517516016960144 2.3125076293945312 -2.1870181560516357
v -0.517516016960144 2.3125076293945312 -2.1870181560516357
v -0.5082789659500122 2.3145554065704346 -2.1870181560516357
v -0.5012558102607727 2.2747254371643066 -2.1520133018493652
v -0.5012558102607727 2.2747254371643066 -2.1520133018493652
v -0.5070481896400452 2.2734413146972656 -2.1520133018493652
v -0.517516016960144 2.3125076293945312 -2.1870181560516357
v -0.517516016960144 2.3125076293945312 -2.1998677253723145
v -0.5082789659500122 2.3145554065704346 -2.1998677253723145
v -0.5012558102607727 2.2747254371643066 -2.1600708961486816
v -0.5012558102607727 2.2747254371643066 -2.1600708961486816
v -0.5070481896400452 2.2734413146972656 -2.1600708961486816
v -0.517516016960144 2.3125076293945312 -2.1998677253723145
v -0.5070481896400452 2.2734413146972656 -2.1520133018493652
v -0.5070481896400452 2.2734413146972656 -2.1600708961486816
v -0.517516016960144 2.3125076293945312 -2.1998677253723145
v -0.517516016960144 2.3125076293945312 -2.1998677253723145
v -0.517516016960144 2.3125076293945312 -2.1870181560516357
v -0.5070481896400452 2.2734413146972656 -2.1520133018493652
v -0.5012558102607727 2.2747254371643066 -2.1520133018493652
v -0.5082789659500122 2.3145554065704346 -2.1870181560516357
v -0.5082789659500122 2.3145554065704346 -2.1998677253723145
v -0.5082789659500122 2.3145554065704346 -2.1998677253723145
v -0.5012558102607727 2.2747254371643066 -2.1600708961486816
v -0.5012558102607727 2.2747254371643066 -2.1520133018493652
v -1.9479074478149414 -1.247307300567627 -2.13370680809021
v -1.9536628723144531 -1.2382731437683105 -2.13370680809021
v -1.9536628723144531 -1.2382731437683105 -2.148254156112671
v -1.9536628723144531 -1.2382731437683105 -2.148254156112671
v -1.9479074478149414 -1.247307300567627 -2.148254156112671
v -1.9479074478149414 -1.247307300567627 -2.13370680809021
v -2.007720947265625 -1.2891894578933716 -2.1969048976898193
v -2.0168988704681396 -1.2747830152511597 -2.1969048976898193
v -2.0168988704681396 -1.2747830152511597 -2.2201039791107178
v -2.0168988704681396 -1.2747830152511597 -2.2201039791107178
v -2.007720947265625 -1.2891894578933716 -2.2201039791107178
v -2.007720947265625 -1.2891894578933716 -2.1969048976898193
v -2.007720947265625 -1.2891894578933716 -2.1969048976898193
v -2.0168988704681396 -1.2747830152511597 -2.1969048976898193
v -1.9536628723144531 -1.2382731437683105 -2.13370680809021
v -1.9536628723144531 -1.2382731437683105 -2.13370680809021
v -1.9479074478149414 -1.247307300567627 -2.13370680809021
v -2.007720947265625 -1.2891894578933716 -2.1969048976898193
v -2.007720947265625 -1.2891894578933716 -2.2201039791107178
v -2.0168988704681396 -1.2747830152511597 -2.2201039791107178
v -1.9536628723144531 -1.2382731437683105 -2.148254156112671
v -1.9536628723144531 -1.2382731437683105 -2.148254156112671
v -1.9479074478149414 -1.247307300567627 -2.148254156112671
v -2.007720947265625 -1.2891894578933716 -2.2201039791107178
v -1.9479074478149414 -1.247307300567627 -2.13370680809021
v -1.9479074478149414 -1.247307300567627 -2.148254156112671
v -2.007720947265625 -1.2891894578933716 -2.2201039791107178
v -2.007720947265625 -1.2891894578933716 -2.2201039791107178
v -2.007720947265625 -1.2891894578933716 -2.1969048976898193
v -1.9479074478149414 -1.247307300567627 -2.13370680809021
v -1.9536628723144531 -1.2382731437683105 -2.13370680809021
v -2.0168988704681396 -1.2747830152511597 -2.1969048976898193
v -2.0168988704681396 -1.2747830152511597 -2.2201039791107178
v -2.0168988704681396 -1.2747830152511597 -2.2201039791107178
v -1.9536628723144531 -1.2382731437683105 -2.148254156112671
v -1.9536628723144531 -1.2382731437683105 -2.13370680809021
v -1.85103178024292 -1.4230653047561646 -2.1582369804382324
v -1.8536546230316162 -1.419647216796875 -2.1582369804382324
v -1.8536546230316162 -1.419647216796875 -2.164088249206543
v -1.8536546230316162 -1.419647216796875 -2.164088249206543
v -1.85103178024292 -1.4230653047561646 -2.164088249206543
v -1.85103178024292 -1.4230653047561646 -2.1582369804382324
v -1.8735305070877075 -1.4419441223144531 -2.183656692504883
v -1.8777130842208862 -1.4364932775497437 -2.183656692504883
v -1.8777130842208862 -1.4364932775497437 -2.1929879188537598
v -1.8777130842208862 -1.4364932775497437 -2.1929879188537598
v -1.8735305070877075 -1.4419441223144531 -2.1929879188537598
v -1.8735305070877075 -1.4419441223144531 -2.183656692504883
v -1.8735305070877075 -1.4419441223144531 -2.183656692504883
v -1.8777130842208862 -1.4364932775497437 -2.183656692504883
v -1.8536546230316162 -1.419647216796875 -2.1582369804382324
v -1.8536546230316162 -1.419647216796875 -2.1582369804382324
v -1.85103178024292 -1.4230653047561646 -2.1582369804382324
v -1.8735305070877075 -1.4419441223144531 -2.183656692504883
v -1.8735305070877075 -1.4419441223144531 -2.1929879188537598
v -1.8777130842208862 -1.4364932775497437 -2.1929879188537598
v -1.8536546230316162 -1.419647216796875 -2.164088249206543
v -1.8536546230316162 -1.419647216796875 -2.164088249206543
v -1.85103178024292 -1.4230653047561646 -2.164088249206543
v -1.8735305070877075 -1.4419441223144531 -2.1929879188537598
v -1.85103178024292 -1.4230653047561646 -2.1582369804382324
v -1.85103178024292 -1.4230653047561646 -2.164088249206543
v -1.8735305070877075 -1.4419441223144531 -2.1929879188537598
v -1.8735305070877075 -1.4419441223144531 -2.1929879188537598
v -1.8735305070877075 -1.4419441223144531 -2.183656692504883
v -1.85103178024292 -1.4230653047561646 -2.1582369804382324
v -1.8536546230316162 -1.419647216796875 -2.1582369804382324
v -1.8777130842208862 -1.4364932775497437 -2.183656692504883
v -1.8777130842208862 -1.4364932775497437 -2.1929879188537598
v -1.8777130842208862 -1.4364932775497437 -2.1929879188537598
v -1.8536546230316162 -1.419647216796875 -2.164088249206543
v -1.8536546230316162 -1.419647216796875 -2.1582369804382324
v -1.4290333986282349 -1.8627651929855347 -2.172797203063965
v -1.4294363260269165 -1.8624560832977295 -2.172797203063965
v -1.4294363260269165 -1.8624560832977295 -2.1734867095947266
v -1.4294363260269165 -1.8624560832977295 -2.1734867095947266
v -1.4290333986282349 -1.8627651929855347 -2.1734867095947266
v -1.4290333986282349 -1.8627651929855347 -2.172797203063965
v -1.4310189485549927 -1.865600824356079 -2.175793170928955
v -1.4316613674163818 -1.8651078939437866 -2.175793170928955
v -1.4316613674163818 -1.8651078939437866 -2.1768929958343506
v -1.4316613674163818 -1.8651078939437866 -2.1768929958343506
v -1.4310189485549927 -1.865600824356079 -2.1768929958343506
v -1.4310189485549927 -1.865600824356079 -2.175793170928955
v -1.4310189485549927 -1.865600824356079 -2.175793170928955
v -1.4316613674163818 -1.8651078939437866 -2.175793170928955
v -1.4294363260269165 -1.8624560832977295 -2.172797203063965
v -1.4294363260269165 -1.8624560832977295 -2.172797203063965
v -1.4290333986282349 -1.8627651929855347 -2.172797203063965
v -1.4310189485549927 -1.865600824356079 -2.175793170928955
v -1.4310189485549927 -1.865600824356079 -2.1768929958343506
v -1.4316613674163818 -1.8651078939437866 -2.1768929958343506
v -1.4294363260269165 -1.8624560832977295 -2.1734867095947266
v -1.4294363260269165 -1.8624560832977295 -2.1734867095947266
v -1.4290333986282349 -1.8627651929855347 -2.1734867095947266
v -1.4310189485549927 -1.865600824356079 -2.1768929958343506
v -1.4290333986282349 -1.8627651929855347 -2.172797203063965
v -1.4290333986282349 -1.8627651929855347 -2.1734867095947266
v -1.4310189485549927 -1.865600824356079 -2.1768929958343506
v -1.4310189485549927 -1.865600824356079 -2.1768929958343506
v -1.4310189485549927 -1.865600824356079 -2.175793170928955
v -1.4290333986282349 -1.8627651929855347 -2.172797203063965
v -1.4294363260269165 -1.8624560832977295 -2.172797203063965
v -1.4316613674163818 -1.8651078939437866 -2.175793170928955
v -1.4316613674163818 -1.8651078939437866 -2.1768929958343506
v -1.4316613674163818 -1.8651078939437866 -2.1768929958343506
v -1.4294363260269165 -1.8624560832977295 -2.1734867095947266
v -1.4294363260269165 -1.8624560832977295 -2.172797203063965
v 2.065412759780884 1.078413724899292 -2.437575101852417
v 2.068057060241699 1.073333978652954 -2.437575101852417
v 2.068057060241699 1.073333978652954 -2.4458425045013428
v 2.068057060241699 1.073333978652954 -2.4458425045013428
v 2.065412759780884 1.078413724899292 -2.4458425045013428
v 2.065412759780884 1.078413724899292 -2.437575101852417
v 2.0992214679718018 1.0979336500167847 -2.47598934173584
v 2.10343861579895 1.0898326635360718 -2.47598934173584
v 2.10343861579895 1.0898326635360718 -2.48917293548584
v 2.10343861579895 1.0898326635360718 -2.48917293548584
v 2.0992214679718018 1.0979336500167847 -2.48917293548584
v 2.0992214679718018 1.0979336500167847 -2.47598934173584
v 2.0992214679718018 1.0979336500167847 -2.47598934173584
v 2.10343861579895 1.0898326635360718 -2.47598934173584
v 2.068057060241699 1.073333978652954 -2.437575101852417
v 2.068057060241699 1.073333978652954 -2.437575101852417
v 2.065412759780884 1.078413724899292 -2.437575101852417
v 2.0992214679718018 1.0979336500167847 -2.47598934173584
v 2.0992214679718018 1.0979336500167847 -2.48917293548584
v 2.10343861579895 1.0898326635360718 -2.48917293548584
v 2.068057060241699 1.073333978652954 -2.4458425045013428
v 2.068057060241699 1.073333978652954 -2.4458425045013428
v 2.065412759780884 1.078413724899292 -2.4458425045013428
v 2.0992214679718018 1.0979336500167847 -2.48917293548584
v 2.065412759780884 1.078413724899292 -2.437575101852417
v 2.065412759780884 1.078413724899292 -2.4458425045013428
v 2.0992214679718018 1.0979336500167847 -2.48917293548584
v 2.0992214679718018 1.0979336500167847 -2.48917293548584
v 2.0992214679718018 1.0979336500167847 -2.47598934173584
v 2.065412759780884 1.078413724899292 -2.437575101852417
v 2.068057060241699 1.073333978652954 -2.437575101852417
v 2.10343861579895 1.0898326635360718 -2.47598934173584
v 2.10343861579895 1.0898326635360718 -2.48917293548584
v 2.10343861579895 1.0898326635360718 -2.48917293548584
v 2.068057060241699 1.073333978652954 -2.4458425045013428
v 2.068057060241699 1.073333978652954 -2.437575101852417
v -1.9300611019134521 -1.2393068075180054 -2.3918099403381348
v -1.9388697147369385 -1.2254798412322998 -2.3918099403381348
v -1.9388697147369385 -1.2254798412322998 -2.4154763221740723
v -1.9388697147369385 -1.2254798412322998 -2.4154763221740723
v -1.9300611019134521 -1.2393068075180054 -2.4154763221740723
v -1.9300611019134521 -1.2393068075180054 -2.3918099403381348
v -2.021606206893921 -1.3034077882766724 -2.501776695251465
v -2.0356531143188477 -1.2813585996627808 -2.501776695251465
v -2.0356531143188477 -1.2813585996627808 -2.5395171642303467
v -2.0356531143188477 -1.2813585996627808 -2.5395171642303467
v -2.021606206893921 -1.3034077882766724 -2.5395171642303467
v -2.021606206893921 -1.3034077882766724 -2.501776695251465
v -2.021606206893921 -1.3034077882766724 -2.501776695251465
v -2.0356531143188477 -1.2813585996627808 -2.501776695251465
v -1.9388697147369385 -1.2254798412322998 -2.3918099403381348
v -1.9388697147369385 -1.2254798412322998 -2.3918099403381348
v -1.9300611019134521 -1.2393068075180054 -2.3918099403381348
v -2.021606206893921 -1.3034077882766724 -2.501776695251465
v -2.021606206893921 -1.3034077882766724 -2.5395171642303467
v -2.0356531143188477 -1.2813585996627808 -2.5395171642303467
v -1.9388697147369385 -1.2254798412322998 -2.4154763221740723
v -1.9388697147369385 -1.2254798412322998 -2.4154763221740723
v -1.9300611019134521 -1.2393068075180054 -2.4154763221740723
v -2.021606206893921 -1.3034077882766724 -2.5395171642303467
v -1.9300611019134521 -1.2393068075180054 -2.3918099403381348
v -1.9300611019134521 -1.2393068075180054 -2.4154763221740723
v -2.021606206893921 -1.3034077882766724 -2.5395171642303467
v -2.021606206893921 -1.3034077882766724 -2.5395171642303467
v -2.021606206893921 -1.3034077882766724 -2.501776695251465
v -1.9300611019134521 -1.2393068075180054 -2.3918099403381348
v -1.9388697147369385 -1.2254798412322998 -2.3918099403381348
v -2.0356531143188477 -1.2813585996627808 -2.501776695251465
v -2.0356531143188477 -1.2813585996627808 -2.5395171642303467
v -2.0356531143188477 -1.2813585996627808 -2.5395171642303467
v -1.9388697147369385 -1.2254798412322998 -2.4154763221740723
v -1.9388697147369385 -1.2254798412322998 -2.3918099403381348
v -0.30202817916870117 -2.3130481243133545 -2.440955400466919
v -0.30692487955093384 -2.312403440475464 -2.440955400466919
v -0.30692487955093384 -2.312403440475464 -2.448085308074951
v -0.30692487955093384 -2.312403440475464 -2.448085308074951
v -0.30202817916870117 -2.3130481243133545 -2.448085308074951
v -0.30202817916870117 -2.3130481243133545 -2.440955400466919
v -0.3049625754356384 -2.346588373184204 -2.4740846157073975
v -0.31277135014533997 -2.345560073852539 -2.4740846157073975
v -0.31277135014533997 -2.345560073852539 -2.485454559326172
v -0.31277135014533997 -2.345560073852539 -2.485454559326172
v -0.3049625754356384 -2.346588373184204 -2.485454559326172
v -0.3049625754356384 -2.346588373184204 -2.4740846157073975
v -0.3049625754356384 -2.346588373184204 -2.4740846157073975
v -0.31277135014533997 -2.345560073852539 -2.4740846157073975
v -0.30692487955093384 -2.312403440475464 -2.440955400466919
v -0.30692487955093384 -2.312403440475464 -2.440955400466919
v -0.30202817916870117 -2.3130481243133545 -2.440955400466919
v -0.3049625754356384 -2.346588373184204 -2.4740846157073975
v -0.3049625754356384 -2.346588373184204 -2.485454559326172
v -0.31277135014533997 -2.345560073852539 -2.485454559326172
v -0.30692487955093384 -2.312403440475464 -2.448085308074951
v -0.30692487955093384 -2.312403440475464 -2.448085308074951
v -0.30202817916870117 -2.3130481243133545 -2.448085308074951
v -0.3049625754356384 -2.346588373184204 -2.485454559326172
v -0.30202817916870117 -2.3130481243133545 -2.440955400466919
v -0.30202817916870117 -2.3130481243133545 -2.448085308074951
v -0.3049625754356384 -2.346588373184204 -2.485454559326172
v -0.3049625754356384 -2.346588373184204 -2.485454559326172
v -0.3049625754356384 -2.346588373184204 -2.4740846157073975
v -0.30202817916870117 -2.3130481243133545 -2.440955400466919
v -0.30692487955093384 -2.312403440475464 -2.440955400466919
v -0.31277135014533997 -2.345560073852539 -2.4740846157073975
v -0.31277135014533997 -2.345560073852539 -2.485454559326172
v -0.31277135014533997 -2.345560073852539 -2.485454559326172
v -0.30692487955093384 -2.312403440475464 -2.448085308074951
v -0.30692487955093384 -2.312403440475464 -2.440955400466919
v 1.7244231700897217 1.5820033550262451 -2.755086898803711
v 1.7262754440307617 1.579982042312622 -2.755086898803711
v 1.7262754440307617 1.579982042312622 -2.7593088150024414
v 1.7262754440307617 1.579982042312622 -2.7593088150024414
v 1.7244231700897217 1.5820033550262451 -2.7593088150024414
v 1.7244231700897217 1.5820033550262451 -2.755086898803711
v 1.7376388311386108 1.5952190160751343 -2.7758307456970215
v 1.7405924797058105 1.5919954776763916 -2.7758307456970215
v 1.7405924797058105 1.5919954776763916 -2.7825636863708496
v 1.7405924797058105 1.5919954776763916 -2.7825636863708496
v 1.7376388311386108 1.5952190160751343 -2.7825636863708496
v 1.7376388311386108 1.5952190160751343 -2.7758307456970215
v 1.7376388311386108 1.5952190160751343 -2.7758307456970215
v 1.7405924797058105 1.5919954776763916 -2.7758307456970215
v 1.7262754440307617 1.579982042312622 -2.755086898803711
v 1.7262754440307617 1.579982042312622 -2.755086898803711
v 1.7244231700897217 1.5820033550262451 -2.755086898803711
v 1.7376388311386108 1.5952190160751343 -2.7758307456970215
v 1.7376388311386108 1.5952190160751343 -2.7825636863708496
v 1.7405924797058105 1.5919954776763916 -2.7825636863708496
v 1.7262754440307617 1.579982042312622 -2.7593088150024414
v 1.7262754440307617 1.579982042312622 -2.7593088150024414
v 1.7244231700897217 1.5820033550262451 -2.7593088150024414
v 1.7376388311386108 1.5952190160751343 -2.7825636863708496
v 1.7244231700897217 1.5820033550262451 -2.755086898803711
v 1.7244231700897217 1.5820033550262451 -2.7593088150024414
v 1.7376388311386108 1.5952190160751343 -2.7825636863708496
v 1.7376388311386108 1.5952190160751343 -2.7825636863708496
v 1.7376388311386108 1.5952190160751343 -2.7758307456970215
v 1.7244231700897217 1.5820033550262451 -2.755086898803711
v 1.7262754440307617 1.579982042312622 -2.755086898803711
v 1.7405924797058105 1.5919954776763916 -2.7758307456970215
v 1.7405924797058105 1.5919954776763916 -2.7825636863708496
v 1.7405924797058105 1.5919954776763916 -2.7825636863708496
v 1.7262754440307617 1.579982042312622 -2.7593088150024414
v 1.7262754440307617 1.579982042312622 -2.755086898803711
v -0.5023882985115051 -2.2776970863342285 -2.744243860244751
v -0.5072786211967468 -2.2766127586364746 -2.744243860244751
v -0.5072786211967468 -2.2766127586364746 -2.751957416534424
v -0.5072786211967468 -2.2766127586364746 -2.751957416534424
v -0.5023882985115051 -2.2776970863342285 -2.751957416534424
v -0.5023882985115051 -2.2776970863342285 -2.744243860244751
v -0.508317768573761 -2.3113245964050293 -2.7821438312530518
v -0.5161163806915283 -2.3095955848693848 -2.7821438312530518
v -0.5161163806915283 -2.3095955848693848 -2.7944447994232178
v -0.5161163806915283 -2.3095955848693848 -2.7944447994232178
v -0.508317768573761 -2.3113245964050293 -2.7944447994232178
v -0.508317768573761 -2.3113245964050293 -2.7821438312530518
v -0.508317768573761 -2.3113245964050293 -2.7821438312530518
v -0.5161163806915283 -2.3095955848693848 -2.7821438312530518
v -0.5072786211967468 -2.2766127586364746 -2.744243860244751
v -0.5072786211967468 -2.2766127586364746 -2.744243860244751
v -0.5023882985115051 -2.2776970863342285 -2.744243860244751
v -0.508317768573761 -2.3113245964050293 -2.7821438312530518
v -0.508317768573761 -2.3113245964050293 -2.7944447994232178
v -0.5161163806915283 -2.3095955848693848 -2.7944447994232178
v -0.5072786211967468 -2.2766127586364746 -2.751957416534424
v -0.5072786211967468 -2.2766127586364746 -2.751957416534424
v -0.5023882985115051 -2.2776970863342285 -2.751957416534424
v -0.508317768573761 -2.3113245964050293 -2.7944447994232178
v -0.5023882985115051 -2.2776970863342285 -2.744243860244751
v -0.5023882985115051 -2.2776970863342285 -2.751957416534424
v -0.508317768573761 -2.3113245964050293 -2.7944447994232178
v -0.508317768573761 -2.3113245964050293 -2.7944447994232178
v -0.508317768573761 -2.3113245964050293 -2.7821438312530518
v -0.5023882985115051 -2.2776970863342285 -2.744243860244751
v -0.5072786211967468 -2.2766127586364746 -2.744243860244751
v -0.5161163806915283 -2.3095955848693848 -2.7821438312530518
v -0.5161163806915283 -2.3095955848693848 -2.7944447994232178
v -0.5161163806915283 -2.3095955848693848 -2.7944447994232178
v -0.5072786211967468 -2.2766127586364746 -2.751957416534424
v -0.5072786211967468 -2.2766127586364746 -2.744243860244751
v -0.2806706428527832 -2.237839460372925 -2.6359503269195557
v -0.30808916687965393 -2.234229803085327 -2.6359503269195557
v -0.30808916687965393 -2.234229803085327 -2.6785364151000977
v -0.30808916687965393 -2.234229803085327 -2.6785364151000977
v -0.2806706428527832 -2.237839460372925 -2.6785364151000977
v -0.2806706428527832 -2.237839460372925 -2.6359503269195557
v -0.2971014380455017 -2.4256439208984375 -2.8451948165893555
v -0.34082573652267456 -2.419886827468872 -2.8451948165893555
v -0.34082573652267456 -2.419886827468872 -2.9131083488464355
v -0.34082573652267456 -2.419886827468872 -2.9131083488464355
v -0.2971014380455017 -2.4256439208984375 -2.9131083488464355
v -0.2971014380455017 -2.4256439208984375 -2.8451948165893555
v -0.2971014380455017 -2.4256439208984375 -2.8451948165893555
v -0.34082573652267456 -2.419886827468872 -2.8451948165893555
v -0.30808916687965393 -2.234229803085327 -2.6359503269195557
v -0.30808916687965393 -2.234229803085327 -2.6359503269195557
v -0.2806706428527832 -2.237839460372925 -2.6359503269195557
v -0.2971014380455017 -2.4256439208984375 -2.8451948165893555
v -0.2971014380455017 -2.4256439208984375 -2.9131083488464355
v -0.34082573652267456 -2.419886827468872 -2.9131083488464355
v -0.30808916687965393 -2.234229803085327 -2.6785364151000977
v -0.30808916687965393 -2.234229803085327 -2.6785364151000977
v -0.2806706428527832 -2.237839460372925 -2.6785364151000977
v -0.2971014380455017 -2.4256439208984375 -2.9131083488464355
v -0.2806706428527832 -2.237839460372925 -2.6359503269195557
v -0.2806706428527832 -2.237839460372925 -2.6785364151000977
v -0.2971014380455017 -2.4256439208984375 -2.9131083488464355
v -0.2971014380455017 -2.4256439208984375 -2.9131083488464355
v -0.2971014380455017 -2.4256439208984375 -2.8451948165893555
v -0.2806706428527832 -2.237839460372925 -2.6359503269195557
v -0.30808916687965393 -2.234229803085327 -2.6359503269195557
v -0.34082573652267456 -2.419886827468872 -2.8451948165893555
v -0.34082573652267456 -2.419886827468872 -2.9131083488464355
v -0.34082573652267456 -2.419886827468872 -2.9131083488464355
v -0.30808916687965393 -2.234229803085327 -2.6785364151000977
v -0.30808916687965393 -2.234229803085327 -2.6359503269195557
v 1.57462739944458 1.7219165563583374 -3.070006847381592
v 1.5781277418136597 1.7187089920043945 -3.070006847381592
v 1.5781277418136597 1.7187089920043945 -3.0778307914733887
v 1.5781277418136597 1.7187089920043945 -3.0778307914733887
v 1.57462739944458 1.7219165563583374 -3.0778307914733887
v 1.57462739944458 1.7219165563583374 -3.070006847381592
v 1.5954313278198242 1.7467097043991089 -3.1102776527404785
v 1.6010135412216187 1.741594672203064 -3.1102776527404785
v 1.6010135412216187 1.741594672203064 -3.1227548122406006
v 1.6010135412216187 1.741594672203064 -3.1227548122406006
v 1.5954313278198242 1.7467097043991089 -3.1227548122406006
v 1.5954313278198242 1.7467097043991089 -3.1102776527404785
v 1.5954313278198242 1.7467097043991089 -3.1102776527404785
v 1.6010135412216187 1.741594672203064 -3.1102776527404785
v 1.5781277418136597 1.7187089920043945 -3.070006847381592
v 1.5781277418136597 1.7187089920043945 -3.070006847381592
v 1.57462739944458 1.7219165563583374 -3.070006847381592
v 1.5954313278198242 1.7467097043991089 -3.1102776527404785
v 1.5954313278198242 1.7467097043991089 -3.1227548122406006
v 1.6010135412216187 1.741594672203064 -3.1227548122406006
v 1.5781277418136597 1.7187089920043945 -3.0778307914733887
v 1.5781277418136597 1.7187089920043945 -3.0778307914733887
v 1.57462739944458 1.7219165563583374 -3.0778307914733887
v 1.5954313278198242 1.7467097043991089 -3.1227548122406006
v 1.57462739944458 1.7219165563583374 -3.070006847381592
v 1.57462739944458 1.7219165563583374 -3.0778307914733887
v 1.5954313278198242 1.7467097043991089 -3.1227548122406006
v 1.5954313278198242 1.7467097043991089 -3.1227548122406006
v 1.5954313278198242 1.7467097043991089 -3.1102776527404785
v 1.57462739944458 1.7219165563583374 -3.070006847381592
v 1.5781277418136597 1.7187089920043945 -3.070006847381592
v 1.6010135412216187 1.741594672203064 -3.1102776527404785
v 1.6010135412216187 1.741594672203064 -3.1227548122406006
v 1.6010135412216187 1.741594672203064 -3.1227548122406006
v 1.5781277418136597 1.7187089920043945 -3.0778307914733887
v 1.5781277418136597 1.7187089920043945 -3.070006847381592
v 1.2646183967590332 1.6799571514129639 -3.3837313652038574
v 1.2954078912734985 1.6563313007354736 -3.3837313652038574
v 1.2954078912734985 1.6563313007354736 -3.4575588703155518
v 1.2954078912734985 1.6563313007354736 -3.4575588703155518
v 1.2646183967590332 1.6799571514129639 -3.4575588703155518
v 1.2646183967590332 1.6799571514129639 -3.3837313652038574
v 1.3735300302505493 1.8355019092559814 -3.6765894889831543
v 1.4174636602401733 1.80178964138031 -3.6765894889831543
v 1.4174636602401733 1.80178964138031 -3.7819302082061768
v 1.4174636602401733 1.80178964138031 -3.7819302082061768
v 1.3735300302505493 1.8355019092559814 -3.7819302082061768
v 1.3735300302505493 1.8355019092559814 -3.6765894889831543
v 1.3735300302505493 1.8355019092559814 -3.6765894889831543
v 1.4174636602401733 1.80178964138031 -3.6765894889831543
v 1.2954078912734985 1.6563313007354736 -3.3837313652038574
v 1.2954078912734985 1.6563313007354736 -3.3837313652038574
v 1.2646183967590332 1.6799571514129639 -3.3837313652038574
v 1.3735300302505493 1.8355019092559814 -3.6765894889831543
v 1.3735300302505493 1.8355019092559814 -3.7819302082061768
v 1.4174636602401733 1.80178964138031 -3.7819302082061768
v 1.2954078912734985 1.6563313007354736 -3.4575588703155518
v 1.2954078912734985 1.6563313007354736 -3.4575588703155518
v 1.2646183967590332 1.6799571514129639 -3.4575588703155518
v 1.3735300302505493 1.8355019092559814 -3.7819302082061768
v 1.2646183967590332 1.6799571514129639 -3.3837313652038574
v 1.2646183967590332 1.6799571514129639 -3.4575588703155518
v 1.3735300302505493 1.8355019092559814 -3.7819302082061768
v 1.3735300302505493 1.8355019092559814 -3.7819302082061768
v 1.3735300302505493 1.8355019092559814 -3.6765894889831543
v 1.2646183967590332 1.6799571514129639 -3.3837313652038574
v 1.2954078912734985 1.6563313007354736 -3.3837313652038574
v 1.4174636602401733 1.80178964138031 -3.6765894889831543
v 1.4174636602401733 1.80178964138031 -3.7819302082061768
v 1.4174636602401733 1.80178964138031 -3.7819302082061768
v 1.2954078912734985 1.6563313007354736 -3.4575588703155518
v 1.2954078912734985 1.6563313007354736 -3.3837313652038574
v 0.840444028377533 2.029479503631592 -3.5731751918792725
v 0.8407772779464722 2.029341459274292 -3.5731751918792725
v 0.8407772779464722 2.029341459274292 -3.5738613605499268
v 0.8407772779464722 2.029341459274292 -3.5738613605499268
v 0.840444028377533 2.029479503631592 -3.5738613605499268
v 0.840444028377533 2.029479503631592 -3.5731751918792725
v 0.8410476446151733 2.0311379432678223 -3.575897216796875
v 0.8415231108665466 2.0309410095214844 -3.575897216796875
v 0.8415231108665466 2.0309410095214844 -3.576876163482666
v 0.8415231108665466 2.0309410095214844 -3.576876163482666
v 0.8410476446151733 2.0311379432678223 -3.576876163482666
v 0.8410476446151733 2.0311379432678223 -3.575897216796875
v 0.8410476446151733 2.0311379432678223 -3.575897216796875
v 0.8415231108665466 2.0309410095214844 -3.575897216796875
v 0.8407772779464722 2.029341459274292 -3.5731751918792725
v 0.8407772779464722 2.029341459274292 -3.5731751918792725
v 0.840444028377533 2.029479503631592 -3.5731751918792725
v 0.8410476446151733 2.0311379432678223 -3.575897216796875
v 0.8410476446151733 2.0311379432678223 -3.576876163482666
v 0.8415231108665466 2.0309410095214844 -3.576876163482666
v 0.8407772779464722 2.029341459274292 -3.5738613605499268
v 0.8407772779464722 2.029341459274292 -3.5738613605499268
v 0.840444028377533 2.029479503631592 -3.5738613605499268
v 0.8410476446151733 2.0311379432678223 -3.576876163482666
v 0.840444028377533 2.029479503631592 -3.5731751918792725
v 0.840444028377533 2.029479503631592 -3.5738613605499268
v 0.8410476446151733 2.0311379432678223 -3.576876163482666
v 0.8410476446151733 2.0311379432678223 -3.576876163482666
v 0.8410476446151733 2.0311379432678223 -3.575897216796875
v 0.840444028377533 2.029479503631592 -3.5731751918792725
v 0.8407772779464722 2.029341459274292 -3.5731751918792725
v 0.8415231108665466 2.0309410095214844 -3.575897216796875
v 0.8415231108665466 2.0309410095214844 -3.576876163482666
v 0.8415231108665466 2.0309410095214844 -3.576876163482666
v 0.8407772779464722 2.029341459274292 -3.5738613605499268
v 0.8407772779464722 2.029341459274292 -3.5731751918792725
v -1.1794637441635132 1.8500827550888062 -3.5680325031280518
v -1.178279161453247 1.8508373498916626 -3.5680325031280518
v -1.178279161453247 1.8508373498916626 -3.570704221725464
v -1.178279161453247 1.8508373498916626 -3.570704221725464
v -1.1794637441635132 1.8500827550888062 -3.570704221725464
v -1.1794637441635132 1.8500827550888062 -3.5680325031280518
v -1.1834050416946411 1.855711579322815 -3.5786304473876953
v -1.1817150115966797 1.8567882776260376 -3.5786304473876953
v -1.1817150115966797 1.8567882776260376 -3.5824427604675293
v -1.1817150115966797 1.8567882776260376 -3.5824427604675293
v -1.1834050416946411 1.855711579322815 -3.5824427604675293
v -1.1834050416946411 1.855711579322815 -3.5786304473876953
v -1.1834050416946411 1.855711579322815 -3.5786304473876953
v -1.1817150115966797 1.8567882776260376 -3.5786304473876953
v -1.178279161453247 1.8508373498916626 -3.5680325031280518
v -1.178279161453247 1.8508373498916626 -3.5680325031280518
v -1.1794637441635132 1.8500827550888062 -3.5680325031280518
v -1.1834050416946411 1.855711579322815 -3.5786304473876953
v -1.1834050416946411 1.855711579322815 -3.5824427604675293
v -1.1817150115966797 1.8567882776260376 -3.5824427604675293
v -1.178279161453247 1.8508373498916626 -3.570704221725464
v -1.178279161453247 1.8508373498916626 -3.570704221725464
v -1.1794637441635132 1.8500827550888062 -3.570704221725464
v -1.1834050416946411 1.855711579322815 -3.5824427604675293
v -1.1794637441635132 1.8500827550888062 -3.5680325031280518
v -1.1794637441635132 1.8500827550888062 -3.570704221725464
v -1.1834050416946411 1.855711579322815 -3.5824427604675293
v -1.1834050416946411 1.855711579322815 -3.5824427604675293
v -1.1834050416946411 1.855711579322815 -3.5786304473876953
v -1.1794637441635132 1.8500827550888062 -3.5680325031280518
v -1.178279161453247 1.8508373498916626 -3.5680325031280518
v -1.1817150115966797 1.8567882776260376 -3.5786304473876953
v -1.1817150115966797 1.8567882776260376 -3.5824427604675293
v -1.1817150115966797 1.8567882776260376 -3.5824427604675293
v -1.178279161453247 1.8508373498916626 -3.570704221725464
v -1.178279161453247 1.8508373498916626 -3.5680325031280518
v -1.6194251775741577 1.4835894107818604 -3.572463035583496
v -1.6190838813781738 1.4839619398117065 -3.572463035583496
v -1.6190838813781738 1.4839619398117065 -3.5734241008758545
v -1.6190838813781738 1.4839619398117065 -3.5734241008758545
v -1.6194251775741577 1.4835894107818604 -3.5734241008758545
v -1.6194251775741577 1.4835894107818604 -3.572463035583496
v -1.6213189363479614 1.4851785898208618 -3.5762758255004883
v -1.6208319664001465 1.4857100248336792 -3.5762758255004883
v -1.6208319664001465 1.4857100248336792 -3.5776472091674805
v -1.6208319664001465 1.4857100248336792 -3.5776472091674805
v -1.6213189363479614 1.4851785898208618 -3.5776472091674805
v -1.6213189363479614 1.4851785898208618 -3.5762758255004883
v -1.6213189363479614 1.4851785898208618 -3.5762758255004883
v -1.6208319664001465 1.4857100248336792 -3.5762758255004883
v -1.6190838813781738 1.4839619398117065 -3.572463035583496
v -1.6190838813781738 1.4839619398117065 -3.572463035583496
v -1.6194251775741577 1.4835894107818604 -3.572463035583496
v -1.6213189363479614 1.4851785898208618 -3.5762758255004883
v -1.6213189363479614 1.4851785898208618 -3.5776472091674805
v -1.6208319664001465 1.4857100248336792 -3.5776472091674805
v -1.6190838813781738 1.4839619398117065 -3.5734241008758545
v -1.6190838813781738 1.4839619398117065 -3.5734241008758545
v -1.6194251775741577 1.4835894107818604 -3.5734241008758545
v -1.6213189363479614 1.4851785898208618 -3.5776472091674805
v -1.6194251775741577 1.4835894107818604 -3.572463035583496
v -1.6194251775741577 1.4835894107818604 -3.5734241008758545
v -1.6213189363479614 1.4851785898208618 -3.5776472091674805
v -1.6213189363479614 1.4851785898208618 -3.5776472091674805
v -1.6213189363479614 1.4851785898208618 -3.5762758255004883
v -1.6194251775741577 1.4835894107818604 -3.572463035583496
v -1.6190838813781738 1.4839619398117065 -3.572463035583496
v -1.6208319664001465 1.4857100248336792 -3.5762758255004883
v -1.6208319664001465 1.4857100248336792 -3.5776472091674805
v -1.6208319664001465 1.4857100248336792 -3.5776472091674805
v -1.6190838813781738 1.4839619398117065 -3.5734241008758545
v -1.6190838813781738 1.4839619398117065 -3.572463035583496
v -2.193469285964966 -0.09616345167160034 -3.571070909500122
v -2.1935036182403564 -0.0953764095902443 -3.571070909500122
v -2.1935036182403564 -0.0953764095902443 -3.5725696086883545
v -2.1935036182403564 -0.0953764095902443 -3.5725696086883545
v -2.193469285964966 -0.09616345167160034 -3.5725696086883545
v -2.193469285964966 -0.09616345167160034 -3.571070909500122
v -2.1973090171813965 -0.09649939090013504 -3.5770156383514404
v -2.1973581314086914 -0.0953764095902443 -3.5770156383514404
v -2.1973581314086914 -0.0953764095902443 -3.5791540145874023
v -2.1973581314086914 -0.0953764095902443 -3.5791540145874023
v -2.1973090171813965 -0.09649939090013504 -3.5791540145874023
v -2.1973090171813965 -0.09649939090013504 -3.5770156383514404
v -2.1973090171813965 -0.09649939090013504 -3.5770156383514404
v -2.1973581314086914 -0.0953764095902443 -3.5770156383514404
v -2.1935036182403564 -0.0953764095902443 -3.571070909500122
v -2.1935036182403564 -0.0953764095902443 -3.571070909500122
v -2.193469285964966 -0.09616345167160034 -3.571070909500122
v -2.1973090171813965 -0.09649939090013504 -3.5770156383514404
v -2.1973090171813965 -0.09649939090013504 -3.5791540145874023
v -2.1973581314086914 -0.0953764095902443 -3.5791540145874023
v -2.1935036182403564 -0.0953764095902443 -3.5725696086883545
v -2.1935036182403564 -0.0953764095902443 -3.5725696086883545
v -2.193469285964966 -0.09616345167160034 -3.5725696086883545
v -2.1973090171813965 -0.09649939090013504 -3.5791540145874023
v -2.193469285964966 -0.09616345167160034 -3.571070909500122
v -2.193469285964966 -0.09616345167160034 -3.5725696086883545
v -2.1973090171813965 -0.09649939090013504 -3.5791540145874023
v -2.1973090171813965 -0.09649939090013504 -3.5791540145874023
v -2.1973090171813965 -0.09649939090013504 -3.5770156383514404
v -2.193469285964966 -0.09616345167160034 -3.571070909500122
v -2.1935036182403564 -0.0953764095902443 -3.571070909500122
v -2.1973581314086914 -0.0953764095902443 -3.5770156383514404
v -2.1973581314086914 -0.0953764095902443 -3.5791540145874023
v -2.1973581314086914 -0.0953764095902443 -3.5791540145874023
v -2.1935036182403564 -0.0953764095902443 -3.5725696086883545
v -2.1935036182403564 -0.0953764095902443 -3.571070909500122
v 1.848254680633545 -1.1757798194885254 -3.560934066772461
v 1.8467259407043457 -1.178179383277893 -3.560934066772461
v 1.8467259407043457 -1.178179383277893 -3.5663464069366455
v 1.8467259407043457 -1.178179383277893 -3.5663464069366455
v 1.848254680633545 -1.1757798194885254 -3.5663464069366455
v 1.848254680633545 -1.1757798194885254 -3.560934066772461
v 1.8603101968765259 -1.1827400922775269 -3.5824036598205566
v 1.8581291437149048 -1.1861637830734253 -3.5824036598205566
v 1.8581291437149048 -1.1861637830734253 -3.5901262760162354
v 1.8581291437149048 -1.1861637830734253 -3.5901262760162354
v 1.8603101968765259 -1.1827400922775269 -3.5901262760162354
v 1.8603101968765259 -1.1827400922775269 -3.5824036598205566
v 1.8603101968765259 -1.1827400922775269 -3.5824036598205566
v 1.8581291437149048 -1.1861637830734253 -3.5824036598205566
v 1.8467259407043457 -1.178179383277893 -3.560934066772461
v 1.8467259407043457 -1.178179383277893 -3.560934066772461
v 1.848254680633545 -1.1757798194885254 -3.560934066772461
v 1.8603101968765259 -1.1827400922775269 -3.5824036598205566
v 1.8603101968765259 -1.1827400922775269 -3.5901262760162354
v 1.8581291437149048 -1.1861637830734253 -3.5901262760162354
v 1.8467259407043457 -1.178179383277893 -3.5663464069366455
v 1.8467259407043457 -1.178179383277893 -3.5663464069366455
v 1.848254680633545 -1.1757798194885254 -3.5663464069366455
v 1.8603101968765259 -1.1827400922775269 -3.5901262760162354
v 1.848254680633545 -1.1757798194885254 -3.560934066772461
v 1.848254680633545 -1.1757798194885254 -3.5663464069366455
v 1.8603101968765259 -1.1827400922775269 -3.5901262760162354
v 1.8603101968765259 -1.1827400922775269 -3.5901262760162354
v 1.8603101968765259 -1.1827400922775269 -3.5824036598205566
v 1.848254680633545 -1.1757798194885254 -3.560934066772461
v 1.8467259407043457 -1.178179383277893 -3.560934066772461
v 1.8581291437149048 -1.1861637830734253 -3.5824036598205566
v 1.8581291437149048 -1.1861637830734253 -3.5901262760162354
v 1.8581291437149048 -1.1861637830734253 -3.5901262760162354
v 1.8467259407043457 -1.178179383277893 -3.5663464069366455
v 1.8467259407043457 -1.178179383277893 -3.560934066772461
v -0.307031512260437 2.3052093982696533 0.10489571839570999
v -0.3000622093677521 2.306126832962036 0.10489571839570999
v -0.3000622093677521 2.306126832962036 0.0978766605257988
v -0.3000622093677521 2.306126832962036 0.0978766605257988
v -0.307031512260437 2.3052093982696533 0.0978766605257988
v -0.307031512260437 2.3052093982696533 0.10489571839570999
v -0.3153526186943054 2.352400302886963 0.10906995832920074
v -0.3042386770248413 2.353863477706909 0.10906995832920074
v -0.3042386770248413 2.353863477706909 0.0978766605257988
v -0.3042386770248413 2.353863477706909 0.0978766605257988
v -0.3153526186943054 2.352400302886963 0.0978766605257988
v -0.3153526186943054 2.352400302886963 0.10906995832920074
v -0.3153526186943054 2.352400302886963 0.10906995832920074
v -0.3042386770248413 2.353863477706909 0.10906995832920074
v -0.3000622093677521 2.306126832962036 0.10489571839570999
v -0.3000622093677521 2.306126832962036 0.10489571839570999
v -0.307031512260437 2.3052093982696533 0.10489571839570999
v -0.3153526186943054 2.352400302886963 0.10906995832920074
v -0.3153526186943054 2.352400302886963 0.0978766605257988
v -0.3042386770248413 2.353863477706909 0.0978766605257988
v -0.3000622093677521 2.306126832962036 0.0978766605257988
v -0.3000622093677521 2.306126832962036 0.0978766605257988
v -0.307031512260437 2.3052093982696533 0.0978766605257988
v -0.3153526186943054 2.352400302886963 0.0978766605257988
v -0.307031512260437 2.3052093982696533 0.10489571839570999
v -0.307031512260437 2.3052093982696533 0.0978766605257988
v -0.3153526186943054 2.352400302886963 0.0978766605257988
v -0.3153526186943054 2.352400302886963 0.0978766605257988
v -0.3153526186943054 2.352400302886963 0.10906995832920074
v -0.307031512260437 2.3052093982696533 0.10489571839570999
v -0.3000622093677521 2.306126832962036 0.10489571839570999
v -0.3042386770248413 2.353863477706909 0.10906995832920074
v -0.3042386770248413 2.353863477706909 0.0978766605257988
v -0.3042386770248413 2.353863477706909 0.0978766605257988
v -0.3000622093677521 2.306126832962036 0.0978766605257988
v -0.3000622093677521 2.306126832962036 0.10489571839570999
v -1.081255555152893 2.0735976696014404 0.3082464933395386
v -1.0784087181091309 2.0750796794891357 0.3082464933395386
v -1.0784087181091309 2.0750796794891357 0.30501753091812134
v -1.0784087181091309 2.0750796794891357 0.30501753091812134
v -1.081255555152893 2.0735976696014404 0.30501753091812134
v -1.081255555152893 2.0735976696014404 0.3082464933395386
v -1.0921947956085205 2.0925447940826416 0.3120725750923157
v -1.0876548290252686 2.0949079990386963 0.3120725750923157
v -1.0876548290252686 2.0949079990386963 0.30692335963249207
v -1.0876548290252686 2.0949079990386963 0.30692335963249207
v -1.0921947956085205 2.0925447940826416 0.30692335963249207
v -1.0921947956085205 2.0925447940826416 0.3120725750923157
v -1.0921947956085205 2.0925447940826416 0.3120725750923157
v -1.0876548290252686 2.0949079990386963 0.3120725750923157
v -1.0784087181091309 2.0750796794891357 0.3082464933395386
v -1.0784087181091309 2.0750796794891357 0.3082464933395386
v -1.081255555152893 2.0735976696014404 0.3082464933395386
v -1.0921947956085205 2.0925447940826416 0.3120725750923157
v -1.0921947956085205 2.0925447940826416 0.30692335963249207
v -1.0876548290252686 2.0949079990386963 0.30692335963249207
v -1.0784087181091309 2.0750796794891357 0.30501753091812134
v -1.0784087181091309 2.0750796794891357 0.30501753091812134
v -1.081255555152893 2.0735976696014404 0.30501753091812134
v -1.0921947956085205 2.0925447940826416 0.30692335963249207
v -1.081255555152893 2.0735976696014404 0.3082464933395386
v -1.081255555152893 2.0735976696014404 0.30501753091812134
v -1.0921947956085205 2.0925447940826416 0.30692335963249207
v -1.0921947956085205 2.0925447940826416 0.30692335963249207
v -1.0921947956085205 2.0925447940826416 0.3120725750923157
v -1.081255555152893 2.0735976696014404 0.3082464933395386
v -1.0784087181091309 2.0750796794891357 0.3082464933395386
v -1.0876548290252686 2.0949079990386963 0.3120725750923157
v -1.0876548290252686 2.0949079990386963 0.30692335963249207
v -1.0876548290252686 2.0949079990386963 0.30692335963249207
v -1.0784087181091309 2.0750796794891357 0.30501753091812134
v -1.0784087181091309 2.0750796794891357 0.3082464933395386
v 1.9070286750793457 -1.1979432106018066 0.30968379974365234
v 1.8916480541229248 -1.2220860719680786 0.30968379974365234
v 1.8916480541229248 -1.2220860719680786 0.280884325504303
v 1.8916480541229248 -1.2220860719680786 0.280884325504303
v 1.9070286750793457 -1.1979432106018066 0.280884325504303
v 1.9070286750793457 -1.1979432106018066 0.30968379974365234
v 2.0760202407836914 -1.295512080192566 0.34380918741226196
v 2.051492929458618 -1.3340116739273071 0.34380918741226196
v 2.051492929458618 -1.3340116739273071 0.29788267612457275
v 2.051492929458618 -1.3340116739273071 0.29788267612457275
v 2.0760202407836914 -1.295512080192566 0.29788267612457275
v 2.0760202407836914 -1.295512080192566 0.34380918741226196
v 2.0760202407836914 -1.295512080192566 0.34380918741226196
v 2.051492929458618 -1.3340116739273071 0.34380918741226196
v 1.8916480541229248 -1.2220860719680786 0.30968379974365234
v 1.8916480541229248 -1.2220860719680786 0.30968379974365234
v 1.9070286750793457 -1.1979432106018066 0.30968379974365234
v 2.0760202407836914 -1.295512080192566 0.34380918741226196
v 2.0760202407836914 -1.295512080192566 0.29788267612457275
v 2.051492929458618 -1.3340116739273071 0.29788267612457275
v 1.8916480541229248 -1.2220860719680786 0.280884325504303
v 1.8916480541229248 -1.2220860719680786 0.280884325504303
v 1.9070286750793457 -1.1979432106018066 0.280884325504303
v 2.0760202407836914 -1.295512080192566 0.29788267612457275
v 1.9070286750793457 -1.1979432106018066 0.30968379974365234
v 1.9070286750793457 -1.1979432106018066 0.280884325504303
v 2.0760202407836914 -1.295512080192566 0.29788267612457275
v 2.0760202407836914 -1.295512080192566 0.29788267612457275
v 2.0760202407836914 -1.295512080192566 0.34380918741226196
v 1.9070286750793457 -1.1979432106018066 0.30968379974365234
v 1.8916480541229248 -1.2220860719680786 0.30968379974365234
v 2.051492929458618 -1.3340116739273071 0.34380918741226196
v 2.051492929458618 -1.3340116739273071 0.29788267612457275
v 2.051492929458618 -1.3340116739273071 0.29788267612457275
v 1.8916480541229248 -1.2220860719680786 0.280884325504303
v 1.8916480541229248 -1.2220860719680786 0.30968379974365234
v 2.038437604904175 -1.0519297122955322 0.5121550559997559
v 2.030890464782715 -1.0664277076721191 0.5121550559997559
v 2.030890464782715 -1.0664277076721191 0.49546268582344055
v 2.030890464782715 -1.0664277076721191 0.49546268582344055
v 2.038437604904175 -1.0519297122955322 0.49546268582344055
v 2.038437604904175 -1.0519297122955322 0.5121550559997559
v 2.1394190788269043 -1.099017858505249 0.5415672659873962
v 2.12738299369812 -1.1221387386322021 0.5415672659873962
v 2.12738299369812 -1.1221387386322021 0.5149479508399963
v 2.12738299369812 -1.1221387386322021 0.5149479508399963
v 2.1394190788269043 -1.099017858505249 0.5149479508399963
v 2.1394190788269043 -1.099017858505249 0.5415672659873962
v 2.1394190788269043 -1.099017858505249 0.5415672659873962
v 2.12738299369812 -1.1221387386322021 0.5415672659873962
v 2.030890464782715 -1.0664277076721191 0.5121550559997559
v 2.030890464782715 -1.0664277076721191 0.5121550559997559
v 2.038437604904175 -1.0519297122955322 0.5121550559997559
v 2.1394190788269043 -1.099017858505249 0.5415672659873962
v 2.1394190788269043 -1.099017858505249 0.5149479508399963
v 2.12738299369812 -1.1221387386322021 0.5149479508399963
v 2.030890464782715 -1.0664277076721191 0.49546268582344055
v 2.030890464782715 -1.0664277076721191 0.49546268582344055
v 2.038437604904175 -1.0519297122955322 0.49546268582344055
v 2.1394190788269043 -1.099017858505249 0.5149479508399963
v 2.038437604904175 -1.0519297122955322 0.5121550559997559
v 2.038437604904175 -1.0519297122955322 0.49546268582344055
v 2.1394190788269043 -1.099017858505249 0.5149479508399963
v 2.1394190788269043 -1.099017858505249 0.5149479508399963
v 2.1394190788269043 -1.099017858505249 0.5415672659873962
v 2.038437604904175 -1.0519297122955322 0.5121550559997559
v 2.030890464782715 -1.0664277076721191 0.5121550559997559
v 2.12738299369812 -1.1221387386322021 0.5415672659873962
v 2.12738299369812 -1.1221387386322021 0.5149479508399963
v 2.12738299369812 -1.1221387386322021 0.5149479508399963
v 2.030890464782715 -1.0664277076721191 0.49546268582344055
v 2.030890464782715 -1.0664277076721191 0.5121550559997559
v -1.9713863134384155 -1.2578330039978027 0.9426057934761047
v -1.9731247425079346 -1.2551041841506958 0.9426057934761047
v -1.9731247425079346 -1.2551041841506958 0.9391276836395264
v -1.9731247425079346 -1.2551041841506958 0.9391276836395264
v -1.9713863134384155 -1.2578330039978027 0.9391276836395264
v -1.9713863134384155 -1.2578330039978027 0.9426057934761047
v -1.9894533157348633 -1.2704837322235107 0.9525055289268494
v -1.9922255277633667 -1.266132116317749 0.9525055289268494
v -1.9922255277633667 -1.266132116317749 0.9469589591026306
v -1.9922255277633667 -1.266132116317749 0.9469589591026306
v -1.9894533157348633 -1.2704837322235107 0.9469589591026306
v -1.9894533157348633 -1.2704837322235107 0.9525055289268494
v -1.9894533157348633 -1.2704837322235107 0.9525055289268494
v -1.9922255277633667 -1.266132116317749 0.9525055289268494
v -1.9731247425079346 -1.2551041841506958 0.9426057934761047
v -1.9731247425079346 -1.2551041841506958 0.9426057934761047
v -1.9713863134384155 -1.2578330039978027 0.9426057934761047
v -1.9894533157348633 -1.2704837322235107 0.9525055289268494
v -1.9894533157348633 -1.2704837322235107 0.9469589591026306
v -1.9922255277633667 -1.266132116317749 0.9469589591026306
v -1.9731247425079346 -1.2551041841506958 0.9391276836395264
v -1.9731247425079346 -1.2551041841506958 0.9391276836395264
v -1.9713863134384155 -1.2578330039978027 0.9391276836395264
v -1.9894533157348633 -1.2704837322235107 0.9469589591026306
v -1.9713863134384155 -1.2578330039978027 0.9426057934761047
v -1.9713863134384155 -1.2578330039978027 0.9391276836395264
v -1.9894533157348633 -1.2704837322235107 0.9469589591026306
v -1.9894533157348633 -1.2704837322235107 0.9469589591026306
v -1.9894533157348633 -1.2704837322235107 0.9525055289268494
v -1.9713863134384155 -1.2578330039978027 0.9426057934761047
v -1.9731247425079346 -1.2551041841506958 0.9426057934761047
v -1.9922255277633667 -1.266132116317749 0.9525055289268494
v -1.9922255277633667 -1.266132116317749 0.9469589591026306
v -1.9922255277633667 -1.266132116317749 0.9469589591026306
v -1.9731247425079346 -1.2551041841506958 0.9391276836395264
v -1.9731247425079346 -1.2551041841506958 0.9426057934761047
v 0.10738907009363174 -2.299410104751587 0.9336627125740051
v 0.09342511743307114 -2.3000199794769287 0.9336627125740051
v 0.09342511743307114 -2.3000199794769287 0.9186370372772217
v 0.09342511743307114 -2.3000199794769287 0.9186370372772217
v 0.10738907009363174 -2.299410104751587 0.9186370372772217
v 0.10738907009363174 -2.299410104751587 0.9336627125740051
v 0.11569339036941528 -2.3943288326263428 0.9764297008514404
v 0.09342509508132935 -2.395301103591919 0.9764297008514404
v 0.09342509508132935 -2.395301103591919 0.9524684548377991
v 0.09342509508132935 -2.395301103591919 0.9524684548377991
v 0.11569339036941528 -2.3943288326263428 0.9524684548377991
v 0.11569339036941528 -2.3943288326263428 0.9764297008514404
v 0.11569339036941528 -2.3943288326263428 0.9764297008514404
v 0.09342509508132935 -2.395301103591919 0.9764297008514404
v 0.09342511743307114 -2.3000199794769287 0.9336627125740051
v 0.09342511743307114 -2.3000199794769287 0.9336627125740051
v 0.10738907009363174 -2.299410104751587 0.9336627125740051
v 0.11569339036941528 -2.3943288326263428 0.9764297008514404
v 0.11569339036941528 -2.3943288326263428 0.9524684548377991
v 0.09342509508132935 -2.395301103591919 0.9524684548377991
v 0.09342511743307114 -2.3000199794769287 0.9186370372772217
v 0.09342511743307114 -2.3000199794769287 0.9186370372772217
v 0.10738907009363174 -2.299410104751587 0.9186370372772217
v 0.11569339036941528 -2.3943288326263428 0.9524684548377991
v 0.10738907009363174 -2.299410104751587 0.9336627125740051
v 0.10738907009363174 -2.299410104751587 0.9186370372772217
v 0.11569339036941528 -2.3943288326263428 0.9524684548377991
v 0.11569339036941528 -2.3943288326263428 0.9524684548377991
v 0.11569339036941528 -2.3943288326263428 0.9764297008514404
v 0.10738907009363174 -2.299410104751587 0.9336627125740051
v 0.09342511743307114 -2.3000199794769287 0.9336627125740051
v 0.09342509508132935 -2.395301103591919 0.9764297008514404
v 0.09342509508132935 -2.395301103591919 0.9524684548377991
v 0.09342509508132935 -2.395301103591919 0.9524684548377991
v 0.09342511743307114 -2.3000199794769287 0.9186370372772217
v 0.09342511743307114 -2.3000199794769287 0.9336627125740051
v -0.7023314237594604 2.214816093444824 1.1611568927764893
v -0.6950504183769226 2.2171120643615723 1.1611568927764893
v -0.6950504183769226 2.2171120643615723 1.152652382850647
v -0.6950504183769226 2.2171120643615723 1.152652382850647
v -0.7023314237594604 2.214816093444824 1.152652382850647
v -0.7023314237594604 2.214816093444824 1.1611568927764893
v -0.7201310992240906 2.2637205123901367 1.189573884010315
v -0.7085200548171997 2.267381429672241 1.189573884010315
v -0.7085200548171997 2.267381429672241 1.1760116815567017
v -0.7085200548171997 2.267381429672241 1.1760116815567017
v -0.7201310992240906 2.2637205123901367 1.1760116815567017
v -0.7201310992240906 2.2637205123901367 1.189573884010315
v -0.7201310992240906 2.2637205123901367 1.189573884010315
v -0.7085200548171997 2.267381429672241 1.189573884010315
v -0.6950504183769226 2.2171120643615723 1.1611568927764893
v -0.6950504183769226 2.2171120643615723 1.1611568927764893
v -0.7023314237594604 2.214816093444824 1.1611568927764893
v -0.7201310992240906 2.2637205123901367 1.189573884010315
v -0.7201310992240906 2.2637205123901367 1.1760116815567017
v -0.7085200548171997 2.267381429672241 1.1760116815567017
v -0.6950504183769226 2.2171120643615723 1.152652382850647
v -0.6950504183769226 2.2171120643615723 1.152652382850647
v -0.7023314237594604 2.214816093444824 1.152652382850647
v -0.7201310992240906 2.2637205123901367 1.1760116815567017
v -0.7023314237594604 2.214816093444824 1.1611568927764893
v -0.7023314237594604 2.214816093444824 1.152652382850647
v -0.7201310992240906 2.2637205123901367 1.1760116815567017
v -0.7201310992240906 2.2637205123901367 1.1760116815567017
v -0.7201310992240906 2.2637205123901367 1.189573884010315
v -0.7023314237594604 2.214816093444824 1.1611568927764893
v -0.6950504183769226 2.2171120643615723 1.1611568927764893
v -0.7085200548171997 2.267381429672241 1.189573884010315
v -0.7085200548171997 2.267381429672241 1.1760116815567017
v -0.7085200548171997 2.267381429672241 1.1760116815567017
v -0.6950504183769226 2.2171120643615723 1.152652382850647
v -0.6950504183769226 2.2171120643615723 1.1611568927764893
v 0.10475917905569077 -2.325063467025757 1.162466049194336
v 0.09828083962202072 -2.3253464698791504 1.162466049194336
v 0.09828083962202072 -2.3253464698791504 1.1552424430847168
v 0.09828083962202072 -2.3253464698791504 1.1552424430847168
v 0.10475917905569077 -2.325063467025757 1.1552424430847168
v 0.10475917905569077 -2.325063467025757 1.162466049194336
v 0.1086118221282959 -2.3690993785858154 1.1866029500961304
v 0.09828083217144012 -2.3695504665374756 1.1866029500961304
v 0.09828083217144012 -2.3695504665374756 1.1750835180282593
v 0.09828083217144012 -2.3695504665374756 1.1750835180282593
v 0.1086118221282959 -2.3690993785858154 1.1750835180282593
v 0.1086118221282959 -2.3690993785858154 1.1866029500961304
v 0.1086118221282959 -2.3690993785858154 1.1866029500961304
v 0.09828083217144012 -2.3695504665374756 1.1866029500961304
v 0.09828083962202072 -2.3253464698791504 1.162466049194336
v 0.09828083962202072 -2.3253464698791504 1.162466049194336
v 0.10475917905569077 -2.325063467025757 1.162466049194336
v 0.1086118221282959 -2.3690993785858154 1.1866029500961304
v 0.1086118221282959 -2.3690993785858154 1.1750835180282593
v 0.09828083217144012 -2.3695504665374756 1.1750835180282593
v 0.09828083962202072 -2.3253464698791504 1.1552424430847168
v 0.09828083962202072 -2.3253464698791504 1.1552424430847168
v 0.10475917905569077 -2.325063467025757 1.1552424430847168
v 0.1086118221282959 -2.3690993785858154 1.1750835180282593
v 0.10475917905569077 -2.325063467025757 1.162466049194336
v 0.10475917905569077 -2.325063467025757 1.1552424430847168
v 0.1086118221282959 -2.3690993785858154 1.1750835180282593
v 0.1086118221282959 -2.3690993785858154 1.1750835180282593
v 0.1086118221282959 -2.3690993785858154 1.1866029500961304
v 0.10475917905569077 -2.325063467025757 1.162466049194336
v 0.09828083962202072 -2.3253464698791504 1.162466049194336
v 0.09828083217144012 -2.3695504665374756 1.1866029500961304
v 0.09828083217144012 -2.3695504665374756 1.1750835180282593
v 0.09828083217144012 -2.3695504665374756 1.1750835180282593
v 0.09828083962202072 -2.3253464698791504 1.1552424430847168
v 0.09828083962202072 -2.3253464698791504 1.162466049194336
v 0.8933930993080139 -2.147958517074585 1.162105917930603
v 0.8871099948883057 -2.1505606174468994 1.162105917930603
v 0.8871099948883057 -2.1505606174468994 1.1545300483703613
v 0.8871099948883057 -2.1505606174468994 1.1545300483703613
v 0.8933930993080139 -2.147958517074585 1.1545300483703613
v 0.8933930993080139 -2.147958517074585 1.162105917930603
v 0.9129856824874878 -2.1899752616882324 1.1874202489852905
v 0.9029662013053894 -2.1941256523132324 1.1874202489852905
v 0.9029662013053894 -2.1941256523132324 1.175338864326477
v 0.9029662013053894 -2.1941256523132324 1.175338864326477
v 0.9129856824874878 -2.1899752616882324 1.175338864326477
v 0.9129856824874878 -2.1899752616882324 1.1874202489852905
v 0.9129856824874878 -2.1899752616882324 1.1874202489852905
v 0.9029662013053894 -2.1941256523132324 1.1874202489852905
v 0.8871099948883057 -2.1505606174468994 1.162105917930603
v 0.8871099948883057 -2.1505606174468994 1.162105917930603
v 0.8933930993080139 -2.147958517074585 1.162105917930603
v 0.9129856824874878 -2.1899752616882324 1.1874202489852905
v 0.9129856824874878 -2.1899752616882324 1.175338864326477
v 0.9029662013053894 -2.1941256523132324 1.175338864326477
v 0.8871099948883057 -2.1505606174468994 1.1545300483703613
v 0.8871099948883057 -2.1505606174468994 1.1545300483703613
v 0.8933930993080139 -2.147958517074585 1.1545300483703613
v 0.9129856824874878 -2.1899752616882324 1.175338864326477
v 0.8933930993080139 -2.147958517074585 1.162105917930603
v 0.8933930993080139 -2.147958517074585 1.1545300483703613
v 0.9129856824874878 -2.1899752616882324 1.175338864326477
v 0.9129856824874878 -2.1899752616882324 1.175338864326477
v 0.9129856824874878 -2.1899752616882324 1.1874202489852905
v 0.8933930993080139 -2.147958517074585 1.162105917930603
v 0.8871099948883057 -2.1505606174468994 1.162105917930603
v 0.9029662013053894 -2.1941256523132324 1.1874202489852905
v 0.9029662013053894 -2.1941256523132324 1.175338864326477
v 0.9029662013053894 -2.1941256523132324 1.175338864326477
v 0.8871099948883057 -2.1505606174468994 1.1545300483703613
v 0.8871099948883057 -2.1505606174468994 1.162105917930603
v -0.6903963088989258 2.1406874656677246 1.3604658842086792
v -0.6623095273971558 2.1495444774627686 1.3604658842086792
v -0.6623095273971558 2.1495444774627686 1.3262624740600586
v -0.6623095273971558 2.1495444774627686 1.3262624740600586
v -0.6903963088989258 2.1406874656677246 1.3262624740600586
v -0.6903963088989258 2.1406874656677246 1.3604658842086792
v -0.7590590119361877 2.329338312149048 1.4904237985610962
v -0.71426922082901 2.3434598445892334 1.4904237985610962
v -0.71426922082901 2.3434598445892334 1.4358818531036377
v -0.71426922082901 2.3434598445892334 1.4358818531036377
v -0.7590590119361877 2.329338312149048 1.4358818531036377
v -0.7590590119361877 2.329338312149048 1.4904237985610962
v -0.7590590119361877 2.329338312149048 1.4904237985610962
v -0.71426922082901 2.3434598445892334 1.4904237985610962
v -0.6623095273971558 2.1495444774627686 1.3604658842086792
v -0.6623095273971558 2.1495444774627686 1.3604658842086792
v -0.6903963088989258 2.1406874656677246 1.3604658842086792
v -0.7590590119361877 2.329338312149048 1.4904237985610962
v -0.7590590119361877 2.329338312149048 1.4358818531036377
v -0.71426922082901 2.3434598445892334 1.4358818531036377
v -0.6623095273971558 2.1495444774627686 1.3262624740600586
v -0.6623095273971558 2.1495444774627686 1.3262624740600586
v -0.6903963088989258 2.1406874656677246 1.3262624740600586
v -0.7590590119361877 2.329338312149048 1.4358818531036377
v -0.6903963088989258 2.1406874656677246 1.3604658842086792
v -0.6903963088989258 2.1406874656677246 1.3262624740600586
v -0.7590590119361877 2.329338312149048 1.4358818531036377
v -0.7590590119361877 2.329338312149048 1.4358818531036377
v -0.7590590119361877 2.329338312149048 1.4904237985610962
v -0.6903963088989258 2.1406874656677246 1.3604658842086792
v -0.6623095273971558 2.1495444774627686 1.3604658842086792
v -0.71426922082901 2.3434598445892334 1.4904237985610962
v -0.71426922082901 2.3434598445892334 1.4358818531036377
v -0.71426922082901 2.3434598445892334 1.4358818531036377
v -0.6623095273971558 2.1495444774627686 1.3262624740600586
v -0.6623095273971558 2.1495444774627686 1.3604658842086792
v -2.1594228744506836 -0.8962826728820801 1.398368000984192
v -2.160710573196411 -0.8931732773780823 1.398368000984192
v -2.160710573196411 -0.8931732773780823 1.3944591283798218
v -2.160710573196411 -0.8931732773780823 1.3944591283798218
v -2.1594228744506836 -0.8962826728820801 1.3944591283798218
v -2.1594228744506836 -0.8962826728820801 1.398368000984192
v -2.1802163124084473 -0.905978798866272 1.4132200479507446
v -2.1822702884674072 -0.9010202884674072 1.4132200479507446
v -2.1822702884674072 -0.9010202884674072 1.4069868326187134
v -2.1822702884674072 -0.9010202884674072 1.4069868326187134
v -2.1802163124084473 -0.905978798866272 1.4069868326187134
v -2.1802163124084473 -0.905978798866272 1.4132200479507446
v -2.1802163124084473 -0.905978798866272 1.4132200479507446
v -2.1822702884674072 -0.9010202884674072 1.4132200479507446
v -2.160710573196411 -0.8931732773780823 1.398368000984192
v -2.160710573196411 -0.8931732773780823 1.398368000984192
v -2.1594228744506836 -0.8962826728820801 1.398368000984192
v -2.1802163124084473 -0.905978798866272 1.4132200479507446
v -2.1802163124084473 -0.905978798866272 1.4069868326187134
v -2.1822702884674072 -0.9010202884674072 1.4069868326187134
v -2.160710573196411 -0.8931732773780823 1.3944591283798218
v -2.160710573196411 -0.8931732773780823 1.3944591283798218
v -2.1594228744506836 -0.8962826728820801 1.3944591283798218
v -2.1802163124084473 -0.905978798866272 1.4069868326187134
v -2.1594228744506836 -0.8962826728820801 1.398368000984192
v -2.1594228744506836 -0.8962826728820801 1.3944591283798218
v -2.1802163124084473 -0.905978798866272 1.4069868326187134
v -2.1802163124084473 -0.905978798866272 1.4069868326187134
v -2.1802163124084473 -0.905978798866272 1.4132200479507446
v -2.1594228744506836 -0.8962826728820801 1.398368000984192
v -2.160710573196411 -0.8931732773780823 1.398368000984192
v -2.1822702884674072 -0.9010202884674072 1.4132200479507446
v -2.1822702884674072 -0.9010202884674072 1.4069868326187134
v -2.1822702884674072 -0.9010202884674072 1.4069868326187134
v -2.160710573196411 -0.8931732773780823 1.3944591283798218
v -2.160710573196411 -0.8931732773780823 1.398368000984192
v 0.1579889953136444 -1.8058300018310547 1.1734700202941895
v -5.114239911563345e-7 -1.8127299547195435 1.1734700202941895
v -5.114239911563345e-7 -1.8127299547195435 0.9898040294647217
v -5.114239911563345e-7 -1.8127299547195435 0.9898040294647217
v 0.1579889953136444 -1.8058300018310547 0.9898040294647217
v 0.1579889953136444 -1.8058300018310547 1.1734700202941895
v 0.25194498896598816 -2.8797500133514404 1.8713200092315674
v -8.155680006893817e-7 -2.890749931335449 1.8713200092315674
v -8.155680006893817e-7 -2.890749931335449 1.5784399509429932
v -8.155680006893817e-7 -2.890749931335449 1.5784399509429932
v 0.25194498896598816 -2.8797500133514404 1.5784399509429932
v 0.25194498896598816 -2.8797500133514404 1.8713200092315674
v 0.25194498896598816 -2.8797500133514404 1.8713200092315674
v -8.155680006893817e-7 -2.890749931335449 1.8713200092315674
v -5.114239911563345e-7 -1.8127299547195435 1.1734700202941895
v -5.114239911563345e-7 -1.8127299547195435 1.1734700202941895
v 0.1579889953136444 -1.8058300018310547 1.1734700202941895
v 0.25194498896598816 -2.8797500133514404 1.8713200092315674
v 0.25194498896598816 -2.8797500133514404 1.5784399509429932
v -8.155680006893817e-7 -2.890749931335449 1.5784399509429932
v -5.114239911563345e-7 -1.8127299547195435 0.9898040294647217
v -5.114239911563345e-7 -1.8127299547195435 0.9898040294647217
v 0.1579889953136444 -1.8058300018310547 0.9898040294647217
v 0.25194498896598816 -2.8797500133514404 1.5784399509429932
v 0.1579889953136444 -1.8058300018310547 1.1734700202941895
v 0.1579889953136444 -1.8058300018310547 0.9898040294647217
v 0.25194498896598816 -2.8797500133514404 1.5784399509429932
v 0.25194498896598816 -2.8797500133514404 1.5784399509429932
v 0.25194498896598816 -2.8797500133514404 1.8713200092315674
v 0.1579889953136444 -1.8058300018310547 1.1734700202941895
v -5.114239911563345e-7 -1.8127299547195435 1.1734700202941895
v -8.155680006893817e-7 -2.890749931335449 1.8713200092315674
v -8.155680006893817e-7 -2.890749931335449 1.5784399509429932
v -8.155680006893817e-7 -2.890749931335449 1.5784399509429932
v -5.114239911563345e-7 -1.8127299547195435 0.9898040294647217
v -5.114239911563345e-7 -1.8127299547195435 1.1734700202941895
v -0.6664266586303711 -2.158041000366211 1.5997918844223022
v -0.6918971538543701 -2.1500089168548584 1.5997918844223022
v -0.6918971538543701 -2.1500089168548584 1.567275881767273
v -0.6918971538543701 -2.1500089168548584 1.567275881767273
v -0.6664266586303711 -2.158041000366211 1.567275881767273
v -0.6664266586303711 -2.158041000366211 1.5997918844223022
v -0.7135462760925293 -2.333893060684204 1.736984133720398
v -0.754163920879364 -2.321086883544922 1.736984133720398
v -0.754163920879364 -2.321086883544922 1.6851282119750977
v -0.754163920879364 -2.321086883544922 1.6851282119750977
v -0.7135462760925293 -2.333893060684204 1.6851282119750977
v -0.7135462760925293 -2.333893060684204 1.736984133720398
v -0.7135462760925293 -2.333893060684204 1.736984133720398
v -0.754163920879364 -2.321086883544922 1.736984133720398
v -0.6918971538543701 -2.1500089168548584 1.5997918844223022
v -0.6918971538543701 -2.1500089168548584 1.5997918844223022
v -0.6664266586303711 -2.158041000366211 1.5997918844223022
v -0.7135462760925293 -2.333893060684204 1.736984133720398
v -0.7135462760925293 -2.333893060684204 1.6851282119750977
v -0.754163920879364 -2.321086883544922 1.6851282119750977
v -0.6918971538543701 -2.1500089168548584 1.567275881767273
v -0.6918971538543701 -2.1500089168548584 1.567275881767273
v -0.6664266586303711 -2.158041000366211 1.567275881767273
v -0.7135462760925293 -2.333893060684204 1.6851282119750977
v -0.6664266586303711 -2.158041000366211 1.5997918844223022
v -0.6664266586303711 -2.158041000366211 1.567275881767273
v -0.7135462760925293 -2.333893060684204 1.6851282119750977
v -0.7135462760925293 -2.333893060684204 1.6851282119750977
v -0.7135462760925293 -2.333893060684204 1.736984133720398
v -0.6664266586303711 -2.158041000366211 1.5997918844223022
v -0.6918971538543701 -2.1500089168548584 1.5997918844223022
v -0.754163920879364 -2.321086883544922 1.736984133720398
v -0.754163920879364 -2.321086883544922 1.6851282119750977
v -0.754163920879364 -2.321086883544922 1.6851282119750977
v -0.6918971538543701 -2.1500089168548584 1.567275881767273
v -0.6918971538543701 -2.1500089168548584 1.5997918844223022
v -0.698415219783783 -2.224055528640747 1.8923900127410889
v -0.7035582065582275 -2.2224338054656982 1.8923900127410889
v -0.7035582065582275 -2.2224338054656982 1.8854711055755615
v -0.7035582065582275 -2.2224338054656982 1.8854711055755615
v -0.698415219783783 -2.224055528640747 1.8854711055755615
v -0.698415219783783 -2.224055528640747 1.8923900127410889
v -0.7079295516014099 -2.2595632076263428 1.9242061376571655
v -0.7161309719085693 -2.2569775581359863 1.9242061376571655
v -0.7161309719085693 -2.2569775581359863 1.913172721862793
v -0.7161309719085693 -2.2569775581359863 1.913172721862793
v -0.7079295516014099 -2.2595632076263428 1.913172721862793
v -0.7079295516014099 -2.2595632076263428 1.9242061376571655
v -0.7079295516014099 -2.2595632076263428 1.9242061376571655
v -0.7161309719085693 -2.2569775581359863 1.9242061376571655
v -0.7035582065582275 -2.2224338054656982 1.8923900127410889
v -0.7035582065582275 -2.2224338054656982 1.8923900127410889
v -0.698415219783783 -2.224055528640747 1.8923900127410889
v -0.7079295516014099 -2.2595632076263428 1.9242061376571655
v -0.7079295516014099 -2.2595632076263428 1.913172721862793
v -0.7161309719085693 -2.2569775581359863 1.913172721862793
v -0.7035582065582275 -2.2224338054656982 1.8854711055755615
v -0.7035582065582275 -2.2224338054656982 1.8854711055755615
v -0.698415219783783 -2.224055528640747 1.8854711055755615
v -0.7079295516014099 -2.2595632076263428 1.913172721862793
v -0.698415219783783 -2.224055528640747 1.8923900127410889
v -0.698415219783783 -2.224055528640747 1.8854711055755615
v -0.7079295516014099 -2.2595632076263428 1.913172721862793
v -0.7079295516014099 -2.2595632076263428 1.913172721862793
v -0.7079295516014099 -2.2595632076263428 1.9242061376571655
v -0.698415219783783 -2.224055528640747 1.8923900127410889
v -0.7035582065582275 -2.2224338054656982 1.8923900127410889
v -0.7161309719085693 -2.2569775581359863 1.9242061376571655
v -0.7161309719085693 -2.2569775581359863 1.913172721862793
v -0.7161309719085693 -2.2569775581359863 1.913172721862793
v -0.7035582065582275 -2.2224338054656982 1.8854711055755615
v -0.7035582065582275 -2.2224338054656982 1.8923900127410889
v -2.1175427436828613 -0.885726809501648 2.4168410301208496
v -2.1236321926116943 -0.8710236549377441 2.4168410301208496
v -2.1236321926116943 -0.8710236549377441 2.393866777420044
v -2.1236321926116943 -0.8710236549377441 2.393866777420044
v -2.1175427436828613 -0.885726809501648 2.393866777420044
v -2.1175427436828613 -0.885726809501648 2.4168410301208496
v -2.2158663272857666 -0.93157559633255 2.5372543334960938
v -2.225578784942627 -0.9081288576126099 2.5372543334960938
v -2.225578784942627 -0.9081288576126099 2.500617742538452
v -2.225578784942627 -0.9081288576126099 2.500617742538452
v -2.2158663272857666 -0.93157559633255 2.500617742538452
v -2.2158663272857666 -0.93157559633255 2.5372543334960938
v -2.2158663272857666 -0.93157559633255 2.5372543334960938
v -2.225578784942627 -0.9081288576126099 2.5372543334960938
v -2.1236321926116943 -0.8710236549377441 2.4168410301208496
v -2.1236321926116943 -0.8710236549377441 2.4168410301208496
v -2.1175427436828613 -0.885726809501648 2.4168410301208496
v -2.2158663272857666 -0.93157559633255 2.5372543334960938
v -2.2158663272857666 -0.93157559633255 2.500617742538452
v -2.225578784942627 -0.9081288576126099 2.500617742538452
v -2.1236321926116943 -0.8710236549377441 2.393866777420044
v -2.1236321926116943 -0.8710236549377441 2.393866777420044
v -2.1175427436828613 -0.885726809501648 2.393866777420044
v -2.2158663272857666 -0.93157559633255 2.500617742538452
v -2.1175427436828613 -0.885726809501648 2.4168410301208496
v -2.1175427436828613 -0.885726809501648 2.393866777420044
v -2.2158663272857666 -0.93157559633255 2.500617742538452
v -2.2158663272857666 -0.93157559633255 2.500617742538452
v -2.2158663272857666 -0.93157559633255 2.5372543334960938
v -2.1175427436828613 -0.885726809501648 2.4168410301208496
v -2.1236321926116943 -0.8710236549377441 2.4168410301208496
v -2.225578784942627 -0.9081288576126099 2.5372543334960938
v -2.225578784942627 -0.9081288576126099 2.500617742538452
v -2.225578784942627 -0.9081288576126099 2.500617742538452
v -2.1236321926116943 -0.8710236549377441 2.393866777420044
v -2.1236321926116943 -0.8710236549377441 2.4168410301208496
v -0.08574966341257095 -2.259981155395508 2.3886361122131348
v -0.11154770106077194 -2.258854389190674 2.3886361122131348
v -0.11154770106077194 -2.258854389190674 2.3513588905334473
v -0.11154770106077194 -2.258854389190674 2.3513588905334473
v -0.08574966341257095 -2.259981155395508 2.3513588905334473
v -0.08574966341257095 -2.259981155395508 2.3886361122131348
v -0.08574969321489334 -2.4360103607177734 2.584015130996704
v -0.12688972055912018 -2.4342141151428223 2.584015130996704
v -0.12688972055912018 -2.4342141151428223 2.5245697498321533
v -0.12688972055912018 -2.4342141151428223 2.5245697498321533
v -0.08574969321489334 -2.4360103607177734 2.5245697498321533
v -0.08574969321489334 -2.4360103607177734 2.584015130996704
v -0.08574969321489334 -2.4360103607177734 2.584015130996704
v -0.12688972055912018 -2.4342141151428223 2.584015130996704
v -0.11154770106077194 -2.258854389190674 2.3886361122131348
v -0.11154770106077194 -2.258854389190674 2.3886361122131348
v -0.08574966341257095 -2.259981155395508 2.3886361122131348
v -0.08574969321489334 -2.4360103607177734 2.584015130996704
v -0.08574969321489334 -2.4360103607177734 2.5245697498321533
v -0.12688972055912018 -2.4342141151428223 2.5245697498321533
v -0.11154770106077194 -2.258854389190674 2.3513588905334473
v -0.11154770106077194 -2.258854389190674 2.3513588905334473
v -0.08574966341257095 -2.259981155395508 2.3513588905334473
v -0.08574969321489334 -2.4360103607177734 2.5245697498321533
v -0.08574966341257095 -2.259981155395508 2.3886361122131348
v -0.08574966341257095 -2.259981155395508 2.3513588905334473
v -0.08574969321489334 -2.4360103607177734 2.5245697498321533
v -0.08574969321489334 -2.4360103607177734 2.5245697498321533
v -0.08574969321489334 -2.4360103607177734 2.584015130996704
v -0.08574966341257095 -2.259981155395508 2.3886361122131348
v -0.11154770106077194 -2.258854389190674 2.3886361122131348
v -0.12688972055912018 -2.4342141151428223 2.584015130996704
v -0.12688972055912018 -2.4342141151428223 2.5245697498321533
v -0.12688972055912018 -2.4342141151428223 2.5245697498321533
v -0.11154770106077194 -2.258854389190674 2.3513588905334473
v -0.11154770106077194 -2.258854389190674 2.3886361122131348
v 1.9542900323867798 1.2501686811447144 2.740058660507202
v 1.9589534997940063 1.242848515510559 2.740058660507202
v 1.9589534997940063 1.242848515510559 2.726693630218506
v 1.9589534997940063 1.242848515510559 2.726693630218506
v 1.9542900323867798 1.2501686811447144 2.726693630218506
v 1.9542900323867798 1.2501686811447144 2.740058660507202
v 2.0027549266815186 1.284104347229004 2.813675880432129
v 2.0101916790008545 1.2724313735961914 2.813675880432129
v 2.0101916790008545 1.2724313735961914 2.7923619747161865
v 2.0101916790008545 1.2724313735961914 2.7923619747161865
v 2.0027549266815186 1.284104347229004 2.7923619747161865
v 2.0027549266815186 1.284104347229004 2.813675880432129
v 2.0027549266815186 1.284104347229004 2.813675880432129
v 2.0101916790008545 1.2724313735961914 2.813675880432129
v 1.9589534997940063 1.242848515510559 2.740058660507202
v 1.9589534997940063 1.242848515510559 2.740058660507202
v 1.9542900323867798 1.2501686811447144 2.740058660507202
v 2.0027549266815186 1.284104347229004 2.813675880432129
v 2.0027549266815186 1.284104347229004 2.7923619747161865
v 2.0101916790008545 1.2724313735961914 2.7923619747161865
v 1.9589534997940063 1.242848515510559 2.726693630218506
v 1.9589534997940063 1.242848515510559 2.726693630218506
v 1.9542900323867798 1.2501686811447144 2.726693630218506
v 2.0027549266815186 1.284104347229004 2.7923619747161865
v 1.9542900323867798 1.2501686811447144 2.740058660507202
v 1.9542900323867798 1.2501686811447144 2.726693630218506
v 2.0027549266815186 1.284104347229004 2.7923619747161865
v 2.0027549266815186 1.284104347229004 2.7923619747161865
v 2.0027549266815186 1.284104347229004 2.813675880432129
v 1.9542900323867798 1.2501686811447144 2.740058660507202
v 1.9589534997940063 1.242848515510559 2.740058660507202
v 2.0101916790008545 1.2724313735961914 2.813675880432129
v 2.0101916790008545 1.2724313735961914 2.7923619747161865
v 2.0101916790008545 1.2724313735961914 2.7923619747161865
v 1.9589534997940063 1.242848515510559 2.726693630218506
v 1.9589534997940063 1.242848515510559 2.740058660507202
v 1.9288458824157715 1.2387620210647583 3.033764600753784
v 1.9378623962402344 1.2246086597442627 3.033764600753784
v 1.9378623962402344 1.2246086597442627 3.0061111450195312
v 1.9378623962402344 1.2246086597442627 3.0061111450195312
v 1.9288458824157715 1.2387620210647583 3.0061111450195312
v 1.9288458824157715 1.2387620210647583 3.033764600753784
v 2.0225515365600586 1.3043758869171143 3.19254732131958
v 2.0369300842285156 1.2818063497543335 3.19254732131958
v 2.0369300842285156 1.2818063497543335 3.148447036743164
v 2.0369300842285156 1.2818063497543335 3.148447036743164
v 2.0225515365600586 1.3043758869171143 3.148447036743164
v 2.0225515365600586 1.3043758869171143 3.19254732131958
v 2.0225515365600586 1.3043758869171143 3.19254732131958
v 2.0369300842285156 1.2818063497543335 3.19254732131958
v 1.9378623962402344 1.2246086597442627 3.033764600753784
v 1.9378623962402344 1.2246086597442627 3.033764600753784
v 1.9288458824157715 1.2387620210647583 3.033764600753784
v 2.0225515365600586 1.3043758869171143 3.19254732131958
v 2.0225515365600586 1.3043758869171143 3.148447036743164
v 2.0369300842285156 1.2818063497543335 3.148447036743164
v 1.9378623962402344 1.2246086597442627 3.0061111450195312
v 1.9378623962402344 1.2246086597442627 3.0061111450195312
v 1.9288458824157715 1.2387620210647583 3.0061111450195312
v 2.0225515365600586 1.3043758869171143 3.148447036743164
v 1.9288458824157715 1.2387620210647583 3.033764600753784
v 1.9288458824157715 1.2387620210647583 3.0061111450195312
v 2.0225515365600586 1.3043758869171143 3.148447036743164
v 2.0225515365600586 1.3043758869171143 3.148447036743164
v 2.0225515365600586 1.3043758869171143 3.19254732131958
v 1.9288458824157715 1.2387620210647583 3.033764600753784
v 1.9378623962402344 1.2246086597442627 3.033764600753784
v 2.0369300842285156 1.2818063497543335 3.19254732131958
v 2.0369300842285156 1.2818063497543335 3.148447036743164
v 2.0369300842285156 1.2818063497543335 3.148447036743164
v 1.9378623962402344 1.2246086597442627 3.0061111450195312
v 1.9378623962402344 1.2246086597442627 3.033764600753784
v -0.306885689496994 2.3150017261505127 3.0798957347869873
v -0.3027375638484955 2.3155479431152344 3.0798957347869873
v -0.3027375638484955 2.3155479431152344 3.0730011463165283
v -0.3027375638484955 2.3155479431152344 3.0730011463165283
v -0.306885689496994 2.3150017261505127 3.0730011463165283
v -0.306885689496994 2.3150017261505127 3.0798957347869873
v -0.3118383586406708 2.3430895805358887 3.1194841861724854
v -0.30522337555885315 2.3439605236053467 3.1194841861724854
v -0.30522337555885315 2.3439605236053467 3.1084890365600586
v -0.30522337555885315 2.3439605236053467 3.1084890365600586
v -0.3118383586406708 2.3430895805358887 3.1084890365600586
v -0.3118383586406708 2.3430895805358887 3.1194841861724854
v -0.3118383586406708 2.3430895805358887 3.1194841861724854
v -0.30522337555885315 2.3439605236053467 3.1194841861724854
v -0.3027375638484955 2.3155479431152344 3.0798957347869873
v -0.3027375638484955 2.3155479431152344 3.0798957347869873
v -0.306885689496994 2.3150017261505127 3.0798957347869873
v -0.3118383586406708 2.3430895805358887 3.1194841861724854
v -0.3118383586406708 2.3430895805358887 3.1084890365600586
v -0.30522337555885315 2.3439605236053467 3.1084890365600586
v -0.3027375638484955 2.3155479431152344 3.0730011463165283
v -0.3027375638484955 2.3155479431152344 3.0730011463165283
v -0.306885689496994 2.3150017261505127 3.0730011463165283
v -0.3118383586406708 2.3430895805358887 3.1084890365600586
v -0.306885689496994 2.3150017261505127 3.0798957347869873
v -0.306885689496994 2.3150017261505127 3.0730011463165283
v -0.3118383586406708 2.3430895805358887 3.1084890365600586
v -0.3118383586406708 2.3430895805358887 3.1084890365600586
v -0.3118383586406708 2.3430895805358887 3.1194841861724854
v -0.306885689496994 2.3150017261505127 3.0798957347869873
v -0.3027375638484955 2.3155479431152344 3.0798957347869873
v -0.30522337555885315 2.3439605236053467 3.1194841861724854
v -0.30522337555885315 2.3439605236053467 3.1084890365600586
v -0.30522337555885315 2.3439605236053467 3.1084890365600586
v -0.3027375638484955 2.3155479431152344 3.0730011463165283
v -0.3027375638484955 2.3155479431152344 3.0798957347869873
v -0.702056348323822 2.2131075859069824 3.0654187202453613
v -0.6942957639694214 2.215554714202881 3.0654187202453613
v -0.6942957639694214 2.215554714202881 3.052009344100952
v -0.6942957639694214 2.215554714202881 3.052009344100952
v -0.702056348323822 2.2131075859069824 3.052009344100952
v -0.702056348323822 2.2131075859069824 3.0654187202453613
v -0.7210283279418945 2.265233039855957 3.1424131393432617
v -0.7086525559425354 2.269134759902954 3.1424131393432617
v -0.7086525559425354 2.269134759902954 3.1210286617279053
v -0.7086525559425354 2.269134759902954 3.1210286617279053
v -0.7210283279418945 2.265233039855957 3.1210286617279053
v -0.7210283279418945 2.265233039855957 3.1424131393432617
v -0.7210283279418945 2.265233039855957 3.1424131393432617
v -0.7086525559425354 2.269134759902954 3.1424131393432617
v -0.6942957639694214 2.215554714202881 3.0654187202453613
v -0.6942957639694214 2.215554714202881 3.0654187202453613
v -0.702056348323822 2.2131075859069824 3.0654187202453613
v -0.7210283279418945 2.265233039855957 3.1424131393432617
v -0.7210283279418945 2.265233039855957 3.1210286617279053
v -0.7086525559425354 2.269134759902954 3.1210286617279053
v -0.6942957639694214 2.215554714202881 3.052009344100952
v -0.6942957639694214 2.215554714202881 3.052009344100952
v -0.702056348323822 2.2131075859069824 3.052009344100952
v -0.7210283279418945 2.265233039855957 3.1210286617279053
v -0.702056348323822 2.2131075859069824 3.0654187202453613
v -0.702056348323822 2.2131075859069824 3.052009344100952
v -0.7210283279418945 2.265233039855957 3.1210286617279053
v -0.7210283279418945 2.265233039855957 3.1210286617279053
v -0.7210283279418945 2.265233039855957 3.1424131393432617
v -0.702056348323822 2.2131075859069824 3.0654187202453613
v -0.6942957639694214 2.215554714202881 3.0654187202453613
v -0.7086525559425354 2.269134759902954 3.1424131393432617
v -0.7086525559425354 2.269134759902954 3.1210286617279053
v -0.7086525559425354 2.269134759902954 3.1210286617279053
v -0.6942957639694214 2.215554714202881 3.052009344100952
v -0.6942957639694214 2.215554714202881 3.0654187202453613
v -0.7003586888313293 -2.2280662059783936 3.080211877822876
v -0.7042666673660278 -2.2268338203430176 3.080211877822876
v -0.7042666673660278 -2.2268338203430176 3.0734593868255615
v -0.7042666673660278 -2.2268338203430176 3.0734593868255615
v -0.7003586888313293 -2.2280662059783936 3.0734593868255615
v -0.7003586888313293 -2.2280662059783936 3.080211877822876
v -0.7075883150100708 -2.25504732131958 3.118983745574951
v -0.7138203382492065 -2.253082513809204 3.118983745574951
v -0.7138203382492065 -2.253082513809204 3.108215093612671
v -0.7138203382492065 -2.253082513809204 3.108215093612671
v -0.7075883150100708 -2.25504732131958 3.108215093612671
v -0.7075883150100708 -2.25504732131958 3.118983745574951
v -0.7075883150100708 -2.25504732131958 3.118983745574951
v -0.7138203382492065 -2.253082513809204 3.118983745574951
v -0.7042666673660278 -2.2268338203430176 3.080211877822876
v -0.7042666673660278 -2.2268338203430176 3.080211877822876
v -0.7003586888313293 -2.2280662059783936 3.080211877822876
v -0.7075883150100708 -2.25504732131958 3.118983745574951
v -0.7075883150100708 -2.25504732131958 3.108215093612671
v -0.7138203382492065 -2.253082513809204 3.108215093612671
v -0.7042666673660278 -2.2268338203430176 3.0734593868255615
v -0.7042666673660278 -2.2268338203430176 3.0734593868255615
v -0.7003586888313293 -2.2280662059783936 3.0734593868255615
v -0.7075883150100708 -2.25504732131958 3.108215093612671
v -0.7003586888313293 -2.2280662059783936 3.080211877822876
v -0.7003586888313293 -2.2280662059783936 3.0734593868255615
v -0.7075883150100708 -2.25504732131958 3.108215093612671
v -0.7075883150100708 -2.25504732131958 3.108215093612671
v -0.7075883150100708 -2.25504732131958 3.118983745574951
v -0.7003586888313293 -2.2280662059783936 3.080211877822876
v -0.7042666673660278 -2.2268338203430176 3.080211877822876
v -0.7138203382492065 -2.253082513809204 3.118983745574951
v -0.7138203382492065 -2.253082513809204 3.108215093612671
v -0.7138203382492065 -2.253082513809204 3.108215093612671
v -0.7042666673660278 -2.2268338203430176 3.0734593868255615
v -0.7042666673660278 -2.2268338203430176 3.080211877822876
v 1.4139747619628906 -1.8347307443618774 3.0595803260803223
v 1.4062544107437134 -1.8406548500061035 3.0595803260803223
v 1.4062544107437134 -1.8406548500061035 3.043543815612793
v 1.4062544107437134 -1.8406548500061035 3.043543815612793
v 1.4139747619628906 -1.8347307443618774 3.043543815612793
v 1.4139747619628906 -1.8347307443618774 3.0595803260803223
v 1.4566162824630737 -1.8855485916137695 3.1516599655151367
v 1.4443045854568481 -1.8949958086013794 3.1516599655151367
v 1.4443045854568481 -1.8949958086013794 3.1260857582092285
v 1.4443045854568481 -1.8949958086013794 3.1260857582092285
v 1.4566162824630737 -1.8855485916137695 3.1260857582092285
v 1.4566162824630737 -1.8855485916137695 3.1516599655151367
v 1.4566162824630737 -1.8855485916137695 3.1516599655151367
v 1.4443045854568481 -1.8949958086013794 3.1516599655151367
v 1.4062544107437134 -1.8406548500061035 3.0595803260803223
v 1.4062544107437134 -1.8406548500061035 3.0595803260803223
v 1.4139747619628906 -1.8347307443618774 3.0595803260803223
v 1.4566162824630737 -1.8855485916137695 3.1516599655151367
v 1.4566162824630737 -1.8855485916137695 3.1260857582092285
v 1.4443045854568481 -1.8949958086013794 3.1260857582092285
v 1.4062544107437134 -1.8406548500061035 3.043543815612793
v 1.4062544107437134 -1.8406548500061035 3.043543815612793
v 1.4139747619628906 -1.8347307443618774 3.043543815612793
v 1.4566162824630737 -1.8855485916137695 3.1260857582092285
v 1.4139747619628906 -1.8347307443618774 3.0595803260803223
v 1.4139747619628906 -1.8347307443618774 3.043543815612793
v 1.4566162824630737 -1.8855485916137695 3.1260857582092285
v 1.4566162824630737 -1.8855485916137695 3.1260857582092285
v 1.4566162824630737 -1.8855485916137695 3.1516599655151367
v 1.4139747619628906 -1.8347307443618774 3.0595803260803223
v 1.4062544107437134 -1.8406548500061035 3.0595803260803223
v 1.4443045854568481 -1.8949958086013794 3.1516599655151367
v 1.4443045854568481 -1.8949958086013794 3.1260857582092285
v 1.4443045854568481 -1.8949958086013794 3.1260857582092285
v 1.4062544107437134 -1.8406548500061035 3.043543815612793
v 1.4062544107437134 -1.8406548500061035 3.0595803260803223
v -2.2864632606506348 -0.5079928040504456 3.436882257461548
v -2.28692626953125 -0.505903959274292 3.436882257461548
v -2.28692626953125 -0.505903959274292 3.433098554611206
v -2.28692626953125 -0.505903959274292 3.433098554611206
v -2.2864632606506348 -0.5079928040504456 3.433098554611206
v -2.2864632606506348 -0.5079928040504456 3.436882257461548
v -2.300550937652588 -0.5117676258087158 3.459376335144043
v -2.3012895584106445 -0.5084366202354431 3.459376335144043
v -2.3012895584106445 -0.5084366202354431 3.4533426761627197
v -2.3012895584106445 -0.5084366202354431 3.4533426761627197
v -2.300550937652588 -0.5117676258087158 3.4533426761627197
v -2.300550937652588 -0.5117676258087158 3.459376335144043
v -2.300550937652588 -0.5117676258087158 3.459376335144043
v -2.3012895584106445 -0.5084366202354431 3.459376335144043
v -2.28692626953125 -0.505903959274292 3.436882257461548
v -2.28692626953125 -0.505903959274292 3.436882257461548
v -2.2864632606506348 -0.5079928040504456 3.436882257461548
v -2.300550937652588 -0.5117676258087158 3.459376335144043
v -2.300550937652588 -0.5117676258087158 3.4533426761627197
v -2.3012895584106445 -0.5084366202354431 3.4533426761627197
v -2.28692626953125 -0.505903959274292 3.433098554611206
v -2.28692626953125 -0.505903959274292 3.433098554611206
v -2.2864632606506348 -0.5079928040504456 3.433098554611206
v -2.300550937652588 -0.5117676258087158 3.4533426761627197
v -2.2864632606506348 -0.5079928040504456 3.436882257461548
v -2.2864632606506348 -0.5079928040504456 3.433098554611206
v -2.300550937652588 -0.5117676258087158 3.4533426761627197
v -2.300550937652588 -0.5117676258087158 3.4533426761627197
v -2.300550937652588 -0.5117676258087158 3.459376335144043
v -2.2864632606506348 -0.5079928040504456 3.436882257461548
v -2.28692626953125 -0.505903959274292 3.436882257461548
v -2.3012895584106445 -0.5084366202354431 3.459376335144043
v -2.3012895584106445 -0.5084366202354431 3.4533426761627197
v -2.3012895584106445 -0.5084366202354431 3.4533426761627197
v -2.28692626953125 -0.505903959274292 3.433098554611206
v -2.28692626953125 -0.505903959274292 3.436882257461548
v 0.30688080191612244 -2.3152964115142822 3.4288322925567627
v 0.30281755328178406 -2.315831184387207 3.4288322925567627
v 0.30281755328178406 -2.315831184387207 3.421584367752075
v 0.30281755328178406 -2.315831184387207 3.421584367752075
v 0.30688080191612244 -2.3152964115142822 3.421584367752075
v 0.30688080191612244 -2.3152964115142822 3.4288322925567627
v 0.3117321729660034 -2.3428096771240234 3.4719204902648926
v 0.3052524924278259 -2.343662738800049 3.4719204902648926
v 0.3052524924278259 -2.343662738800049 3.4603629112243652
v 0.3052524924278259 -2.343662738800049 3.4603629112243652
v 0.3117321729660034 -2.3428096771240234 3.4603629112243652
v 0.3117321729660034 -2.3428096771240234 3.4719204902648926
v 0.3117321729660034 -2.3428096771240234 3.4719204902648926
v 0.3052524924278259 -2.343662738800049 3.4719204902648926
v 0.30281755328178406 -2.315831184387207 3.4288322925567627
v 0.30281755328178406 -2.315831184387207 3.4288322925567627
v 0.30688080191612244 -2.3152964115142822 3.4288322925567627
v 0.3117321729660034 -2.3428096771240234 3.4719204902648926
v 0.3117321729660034 -2.3428096771240234 3.4603629112243652
v 0.3052524924278259 -2.343662738800049 3.4603629112243652
v 0.30281755328178406 -2.315831184387207 3.421584367752075
v 0.30281755328178406 -2.315831184387207 3.421584367752075
v 0.30688080191612244 -2.3152964115142822 3.421584367752075
v 0.3117321729660034 -2.3428096771240234 3.4603629112243652
v 0.30688080191612244 -2.3152964115142822 3.4288322925567627
v 0.30688080191612244 -2.3152964115142822 3.421584367752075
v 0.3117321729660034 -2.3428096771240234 3.4603629112243652
v 0.3117321729660034 -2.3428096771240234 3.4603629112243652
v 0.3117321729660034 -2.3428096771240234 3.4719204902648926
v 0.30688080191612244 -2.3152964115142822 3.4288322925567627
v 0.30281755328178406 -2.315831184387207 3.4288322925567627
v 0.3052524924278259 -2.343662738800049 3.4719204902648926
v 0.3052524924278259 -2.343662738800049 3.4603629112243652
v 0.3052524924278259 -2.343662738800049 3.4603629112243652
v 0.30281755328178406 -2.315831184387207 3.421584367752075
v 0.30281755328178406 -2.315831184387207 3.4288322925567627
v 1.1737511157989502 1.8461586236953735 3.5628092288970947
v 1.177137017250061 1.8440015316009521 3.5628092288970947
v 1.177137017250061 1.8440015316009521 3.5551724433898926
v 1.177137017250061 1.8440015316009521 3.5551724433898926
v 1.1737511157989502 1.8461586236953735 3.5551724433898926
v 1.1737511157989502 1.8461586236953735 3.5628092288970947
v 1.1835719347000122 1.863168716430664 3.596362352371216
v 1.1884028911590576 1.860091209411621 3.596362352371216
v 1.1884028911590576 1.860091209411621 3.585465908050537
v 1.1884028911590576 1.860091209411621 3.585465908050537
v 1.1835719347000122 1.863168716430664 3.585465908050537
v 1.1835719347000122 1.863168716430664 3.596362352371216
v 1.1835719347000122 1.863168716430664 3.596362352371216
v 1.1884028911590576 1.860091209411621 3.596362352371216
v 1.177137017250061 1.8440015316009521 3.5628092288970947
v 1.177137017250061 1.8440015316009521 3.5628092288970947
v 1.1737511157989502 1.8461586236953735 3.5628092288970947
v 1.1835719347000122 1.863168716430664 3.596362352371216
v 1.1835719347000122 1.863168716430664 3.585465908050537
v 1.1884028911590576 1.860091209411621 3.585465908050537
v 1.177137017250061 1.8440015316009521 3.5551724433898926
v 1.177137017250061 1.8440015316009521 3.5551724433898926
v 1.1737511157989502 1.8461586236953735 3.5551724433898926
v 1.1835719347000122 1.863168716430664 3.585465908050537
v 1.1737511157989502 1.8461586236953735 3.5628092288970947
v 1.1737511157989502 1.8461586236953735 3.5551724433898926
v 1.1835719347000122 1.863168716430664 3.585465908050537
v 1.1835719347000122 1.863168716430664 3.585465908050537
v 1.1835719347000122 1.863168716430664 3.596362352371216
v 1.1737511157989502 1.8461586236953735 3.5628092288970947
v 1.177137017250061 1.8440015316009521 3.5628092288970947
v 1.1884028911590576 1.860091209411621 3.596362352371216
v 1.1884028911590576 1.860091209411621 3.585465908050537
v 1.1884028911590576 1.860091209411621 3.585465908050537
v 1.177137017250061 1.8440015316009521 3.5551724433898926
v 1.177137017250061 1.8440015316009521 3.5628092288970947
v -1.1644203662872314 1.810765266418457 3.5196597576141357
v -1.149003267288208 1.820586919784546 3.5196597576141357
v -1.149003267288208 1.820586919784546 3.484886646270752
v -1.149003267288208 1.820586919784546 3.484886646270752
v -1.1644203662872314 1.810765266418457 3.484886646270752
v -1.1644203662872314 1.810765266418457 3.5196597576141357
v -1.2157180309295654 1.884027361869812 3.6724398136138916
v -1.1937212944030762 1.8980404138565063 3.6724398136138916
v -1.1937212944030762 1.8980404138565063 3.62282395362854
v -1.1937212944030762 1.8980404138565063 3.62282395362854
v -1.2157180309295654 1.884027361869812 3.62282395362854
v -1.2157180309295654 1.884027361869812 3.6724398136138916
v -1.2157180309295654 1.884027361869812 3.6724398136138916
v -1.1937212944030762 1.8980404138565063 3.6724398136138916
v -1.149003267288208 1.820586919784546 3.5196597576141357
v -1.149003267288208 1.820586919784546 3.5196597576141357
v -1.1644203662872314 1.810765266418457 3.5196597576141357
v -1.2157180309295654 1.884027361869812 3.6724398136138916
v -1.2157180309295654 1.884027361869812 3.62282395362854
v -1.1937212944030762 1.8980404138565063 3.62282395362854
v -1.149003267288208 1.820586919784546 3.484886646270752
v -1.149003267288208 1.820586919784546 3.484886646270752
v -1.1644203662872314 1.810765266418457 3.484886646270752
v -1.2157180309295654 1.884027361869812 3.62282395362854
v -1.1644203662872314 1.810765266418457 3.5196597576141357
v -1.1644203662872314 1.810765266418457 3.484886646270752
v -1.2157180309295654 1.884027361869812 3.62282395362854
v -1.2157180309295654 1.884027361869812 3.62282395362854
v -1.2157180309295654 1.884027361869812 3.6724398136138916
v -1.1644203662872314 1.810765266418457 3.5196597576141357
v -1.149003267288208 1.820586919784546 3.5196597576141357
v -1.1937212944030762 1.8980404138565063 3.6724398136138916
v -1.1937212944030762 1.8980404138565063 3.62282395362854
v -1.1937212944030762 1.8980404138565063 3.62282395362854
v -1.149003267288208 1.820586919784546 3.484886646270752
v -1.149003267288208 1.820586919784546 3.5196597576141357
v -2.1333179473876953 0.4702259302139282 3.558891773223877
v -2.1321685314178467 0.4754096567630768 3.558891773223877
v -2.1321685314178467 0.4754096567630768 3.5487911701202393
v -2.1321685314178467 0.4754096567630768 3.5487911701202393
v -2.1333179473876953 0.4702259302139282 3.5487911701202393
v -2.1333179473876953 0.4702259302139282 3.558891773223877
v -2.1589016914367676 0.4747370481491089 3.603269577026367
v -2.157261848449707 0.4821333587169647 3.603269577026367
v -2.157261848449707 0.4821333587169647 3.588857650756836
v -2.157261848449707 0.4821333587169647 3.588857650756836
v -2.1589016914367676 0.4747370481491089 3.588857650756836
v -2.1589016914367676 0.4747370481491089 3.603269577026367
v -2.1589016914367676 0.4747370481491089 3.603269577026367
v -2.157261848449707 0.4821333587169647 3.603269577026367
v -2.1321685314178467 0.4754096567630768 3.558891773223877
v -2.1321685314178467 0.4754096567630768 3.558891773223877
v -2.1333179473876953 0.4702259302139282 3.558891773223877
v -2.1589016914367676 0.4747370481491089 3.603269577026367
v -2.1589016914367676 0.4747370481491089 3.588857650756836
v -2.157261848449707 0.4821333587169647 3.588857650756836
v -2.1321685314178467 0.4754096567630768 3.5487911701202393
v -2.1321685314178467 0.4754096567630768 3.5487911701202393
v -2.1333179473876953 0.4702259302139282 3.5487911701202393
v -2.1589016914367676 0.4747370481491089 3.588857650756836
v -2.1333179473876953 0.4702259302139282 3.558891773223877
v -2.1333179473876953 0.4702259302139282 3.5487911701202393
v -2.1589016914367676 0.4747370481491089 3.588857650756836
v -2.1589016914367676 0.4747370481491089 3.588857650756836
v -2.1589016914367676 0.4747370481491089 3.603269577026367
v -2.1333179473876953 0.4702259302139282 3.558891773223877
v -2.1321685314178467 0.4754096567630768 3.558891773223877
v -2.157261848449707 0.4821333587169647 3.603269577026367
v -2.157261848449707 0.4821333587169647 3.588857650756836
v -2.157261848449707 0.4821333587169647 3.588857650756836
v -2.1321685314178467 0.4754096567630768 3.5487911701202393
v -2.1321685314178467 0.4754096567630768 3.558891773223877
v 0.6590564250946045 -2.079016923904419 3.554502010345459
v 0.6526085138320923 -2.081050157546997 3.554502010345459
v 0.6526085138320923 -2.081050157546997 3.5416407585144043
v 0.6526085138320923 -2.081050157546997 3.5416407585144043
v 0.6590564250946045 -2.079016923904419 3.5416407585144043
v 0.6590564250946045 -2.079016923904419 3.554502010345459
v 0.6703700423240662 -2.1101009845733643 3.611009120941162
v 0.6611700057983398 -2.113001823425293 3.611009120941162
v 0.6611700057983398 -2.113001823425293 3.592658281326294
v 0.6611700057983398 -2.113001823425293 3.592658281326294
v 0.6703700423240662 -2.1101009845733643 3.592658281326294
v 0.6703700423240662 -2.1101009845733643 3.611009120941162
v 0.6703700423240662 -2.1101009845733643 3.611009120941162
v 0.6611700057983398 -2.113001823425293 3.611009120941162
v 0.6526085138320923 -2.081050157546997 3.554502010345459
v 0.6526085138320923 -2.081050157546997 3.554502010345459
v 0.6590564250946045 -2.079016923904419 3.554502010345459
v 0.6703700423240662 -2.1101009845733643 3.611009120941162
v 0.6703700423240662 -2.1101009845733643 3.592658281326294
v 0.6611700057983398 -2.113001823425293 3.592658281326294
v 0.6526085138320923 -2.081050157546997 3.5416407585144043
v 0.6526085138320923 -2.081050157546997 3.5416407585144043
v 0.6590564250946045 -2.079016923904419 3.5416407585144043
v 0.6703700423240662 -2.1101009845733643 3.592658281326294
v 0.6590564250946045 -2.079016923904419 3.554502010345459
v 0.6590564250946045 -2.079016923904419 3.5416407585144043
v 0.6703700423240662 -2.1101009845733643 3.592658281326294
v 0.6703700423240662 -2.1101009845733643 3.592658281326294
v 0.6703700423240662 -2.1101009845733643 3.611009120941162
v 0.6590564250946045 -2.079016923904419 3.554502010345459
v 0.6526085138320923 -2.081050157546997 3.554502010345459
v 0.6611700057983398 -2.113001823425293 3.611009120941162
v 0.6611700057983398 -2.113001823425293 3.592658281326294
v 0.6611700057983398 -2.113001823425293 3.592658281326294
v 0.6526085138320923 -2.081050157546997 3.5416407585144043
v 0.6526085138320923 -2.081050157546997 3.554502010345459
f 1 2 3
f 4 5 6
f 7 8 9
f 10 11 12
f 13 14 15
f 16 17 18
f 19 20 21
f 22 23 24
f 25 26 27
f 28 29 30
f 31 32 33
f 34 35 36
f 37 38 39
f 40 41 42
f 43 44 45
f 46 47 48
f 49 50 51
f 52 53 54
f 55 56 57
f 58 59 60
f 61 62 63
f 64 65 66
f 67 68 69
f 70 71 72
f 73 74 75
f 76 77 78
f 79 80 81
f 82 83 84
f 85 86 87
f 88 89 90
f 91 92 93
f 94 95 96
f 97 98 99
f 100 101 102
f 103 104 105
f 106 107 108
f 109 110 111
f 112 113 114
f 115 116 117
f 118 119 120
f 121 122 123
f 124 125 126
f 127 128 129
f 130 131 132
f 133 134 135
f 136 137 138
f 139 140 141
f 142 143 144
f 145 146 147
f 148 149 150
f 151 152 153
f 154 155 156
f 157 158 159
f 160 161 162
f 163 164 165
f 166 167 168
f 169 170 171
f 172 173 174
f 175 176 177
f 178 179 180
f 181 182 183
f 184 185 186
f 187 188 189
f 190 191 192
f 193 194 195
f 196 197 198
f 199 200 201
f 202 203 204
f 205 206 207
f 208 209 210
f 211 212 213
f 214 215 216
f 217 218 219
f 220 221 222
f 223 224 225
f 226 227 228
f 229 230 231
f 232 233 234
f 235 236 237
f 238 239 240
f 241 242 243
f 244 245 246
f 247 248 249
f 250 251 252
f 253 254 255
f 256 257 258
f 259 260 261
f 262 263 264
f 265 266 267
f 268 269 270
f 271 272 273
f 274 275 276
f 277 278 279
f 280 281 282
f 283 284 285
f 286 287 288
f 289 290 291
f 292 293 294
f 295 296 297
f 298 299 300
f 301 302 303
f 304 305 306
f 307 308 309
f 310 311 312
f 313 314 315
f 316 317 318
f 319 320 321
f 322 323 324
f 325 326 327
f 328 329 330
f 331 332 333
f 334 335 336
f 337 338 339
f 340 341 342
f 343 344 345
f 346 347 348
f 349 350 351
f 352 353 354
f 355 356 357
f 358 359 360
f 361 362 363
f 364 365 366
f 367 368 369
f 370 371 372
f 373 374 375
f 376 377 378
f 379 380 381
f 382 383 384
f 385 386 387
f 388 389 390
f 391 392 393
f 394 395 396
f 397 398 399
f 400 401 402
f 403 404 405
f 406 407 408
f 409 410 411
f 412 413 414
f 415 416 417
f 418 419 420
f 421 422 423
f 424 425 426
f 427 428 429
f 430 431 432
f 433 434 435
f 436 437 438
f 439 440 441
f 442 443 444
f 445 446 447
f 448 449 450
f 451 452 453
f 454 455 456
f 457 458 459
f 460 461 462
f 463 464 465
f 466 467 468
f 469 470 471
f 472 473 474
f 475 476 477
f 478 479 480
f 481 482 483
f 484 485 486
f 487 488 489
f 490 491 492
f 493 494 495
f 496 497 498
f 499 500 501
f 502 503 504
f 505 506 507
f 508 509 510
f 511 512 513
f 514 515 516
f 517 518 519
f 520 521 522
f 523 524 525
f 526 527 528
f 529 530 531
f 532 533 534
f 535 536 537
f 538 539 540
f 541 542 543
f 544 545 546
f 547 548 549
f 550 551 552
f 553 554 555
f 556 557 558
f 559 560 561
f 562 563 564
f 565 566 567
f 568 569 570
f 571 572 573
f 574 575 576
f 577 578 579
f 580 581 582
f 583 584 585
f 586 587 588
f 589 590 591
f 592 593 594
f 595 596 597
f 598 599 600
f 601 602 603
f 604 605 606
f 607 608 609
f 610 611 612
f 613 614 615
f 616 617 618
f 619 620 621
f 622 623 624
f 625 626 627
f 628 629 630
f 631 632 633
f 634 635 636
f 637 638 639
f 640 641 642
f 643 644 645
f 646 647 648
f 649 650 651
f 652 653 654
f 655 656 657
f 658 659 660
f 661 662 663
f 664 665 666
f 667 668 669
f 670 671 672
f 673 674 675
f 676 677 678
f 679 680 681
f 682 683 684
f 685 686 687
f 688 689 690
f 691 692 693
f 694 695 696
f 697 698 699
f 700 701 702
f 703 704 705
f 706 707 708
f 709 710 711
f 712 713 714
f 715 716 717
f 718 719 720
f 721 722 723
f 724 725 726
f 727 728 729
f 730 731 732
f 733 734 735
f 736 737 738
f 739 740 741
f 742 743 744
f 745 746 747
f 748 749 750
f 751 752 753
f 754 755 756
f 757 758 759
f 760 761 762
f 763 764 765
f 766 767 768
f 769 770 771
f 772 773 774
f 775 776 777
f 778 779 780
f 781 782 783
f 784 785 786
f 787 788 789
f 790 791 792
f 793 794 795
f 796 797 798
f 799 800 801
f 802 803 804
f 805 806 807
f 808 809 810
f 811 812 813
f 814 815 816
f 817 818 819
f 820 821 822
f 823 824 825
f 826 827 828
f 829 830 831
f 832 833 834
f 835 836 837
f 838 839 840
f 841 842 843
f 844 845 846
f 847 848 849
f 850 851 852
f 853 854 855
f 856 857 858
f 859 860 861
f 862 863 864
f 865 866 867
f 868 869 870
f 871 872 873
f 874 875 876
f 877 878 879
f 880 881 882
f 883 884 885
f 886 887 888
f 889 890 891
f 892 893 894
f 895 896 897
f 898 899 900
f 901 902 903
f 904 905 906
f 907 908 909
f 910 911 912
f 913 914 915
f 916 917 918
f 919 920 921
f 922 923 924
f 925 926 927
f 928 929 930
f 931 932 933
f 934 935 936
f 937 938 939
f 940 941 942
f 943 944 945
f 946 947 948
f 949 950 951
f 952 953 954
f 955 956 957
f 958 959 960
f 961 962 963
f 964 965 966
f 967 968 969
f 970 971 972
f 973 974 975
f 976 977 978
f 979 980 981
f 982 983 984
f 985 986 987
f 988 989 990
f 991 992 993
f 994 995 996
f 997 998 999
f 1000 1001 1002
f 1003 1004 1005
f 1006 1007 1008
f 1009 1010 1011
f 1012 1013 1014
f 1015 1016 1017
f 1018 1019 1020
f 1021 1022 1023
f 1024 1025 1026
f 1027 1028 1029
f 1030 1031 1032
f 1033 1034 1035
f 1036 1037 1038
f 1039 1040 1041
f 1042 1043 1044
f 1045 1046 1047
f 1048 1049 1050
f 1051 1052 1053
f 1054 1055 1056
f 1057 1058 1059
f 1060 1061 1062
f 1063 1064 1065
f 1066 1067 1068
f 1069 1070 1071
f 1072 1073 1074
f 1075 1076 1077
f 1078 1079 1080
f 1081 1082 1083
f 1084 1085 1086
f 1087 1088 1089
f 1090 1091 1092
f 1093 1094 1095
f 1096 1097 1098
f 1099 1100 1101
f 1102 1103 1104
f 1105 1106 1107
f 1108 1109 1110
f 1111 1112 1113
f 1114 1115 1116
f 1117 1118 1119
f 1120 1121 1122
f 1123 1124 1125
f 1126 1127 1128
f 1129 1130 1131
f 1132 1133 1134
f 1135 1136 1137
f 1138 1139 1140
f 1141 1142 1143
f 1144 1145 1146
f 1147 1148 1149
f 1150 1151 1152
f 1153 1154 1155
f 1156 1157 1158
f 1159 1160 1161
f 1162 1163 1164
f 1165 1166 1167
f 1168 1169 1170
f 1171 1172 1173
f 1174 1175 1176
f 1177 1178 1179
f 1180 1181 1182
f 1183 1184 1185
f 1186 1187 1188
f 1189 1190 1191
f 1192 1193 1194
f 1195 1196 1197
f 1198 1199 1200
f 1201 1202 1203
f 1204 1205 1206
f 1207 1208 1209
f 1210 1211 1212
f 1213 1214 1215
f 1216 1217 1218
f 1219 1220 1221
f 1222 1223 1224
f 1225 1226 1227
f 1228 1229 1230
f 1231 1232 1233
f 1234 1235 1236
f 1237 1238 1239
f 1240 1241 1242
f 1243 1244 1245
f 1246 1247 1248
f 1249 1250 1251
f 1252 1253 1254
f 1255 1256 1257
f 1258 1259 1260
f 1261 1262 1263
f 1264 1265 1266
f 1267 1268 1269
f 1270 1271 1272
f 1273 1274 1275
f 1276 1277 1278
f 1279 1280 1281
f 1282 1283 1284
f 1285 1286 1287
f 1288 1289 1290
f 1291 1292 1293
f 1294 1295 1296
f 1297 1298 1299
f 1300 1301 1302
f 1303 1304 1305
f 1306 1307 1308
f 1309 1310 1311
f 1312 1313 1314
f 1315 1316 1317
f 1318 1319 1320
f 1321 1322 1323
f 1324 1325 1326
f 1327 1328 1329
f 1330 1331 1332
f 1333 1334 1335
f 1336 1337 1338
f 1339 1340 1341
f 1342 1343 1344
f 1345 1346 1347
f 1348 1349 1350
f 1351 1352 1353
f 1354 1355 1356
f 1357 1358 1359
f 1360 1361 1362
f 1363 1364 1365
f 1366 1367 1368
f 1369 1370 1371
f 1372 1373 1374
f 1375 1376 1377
f 1378 1379 1380
f 1381 1382 1383
f 1384 1385 1386
f 1387 1388 1389
f 1390 1391 1392
f 1393 1394 1395
f 1396 1397 1398
f 1399 1400 1401
f 1402 1403 1404
f 1405 1406 1407
f 1408 1409 1410
f 1411 1412 1413
f 1414 1415 1416
f 1417 1418 1419
f 1420 1421 1422
f 1423 1424 1425
f 1426 1427 1428
f 1429 1430 1431
f 1432 1433 1434
f 1435 1436 1437
f 1438 1439 1440
f 1441 1442 1443
f 1444 1445 1446
f 1447 1448 1449
f 1450 1451 1452
f 1453 1454 1455
f 1456 1457 1458
f 1459 1460 1461
f 1462 1463 1464
f 1465 1466 1467
f 1468 1469 1470
f 1471 1472 1473
f 1474 1475 1476
f 1477 1478 1479
f 1480 1481 1482
f 1483 1484 1485
f 1486 1487 1488
f 1489 1490 1491
f 1492 1493 1494
f 1495 1496 1497
f 1498 1499 1500
f 1501 1502 1503
f 1504 1505 1506
f 1507 1508 1509
f 1510 1511 1512
f 1513 1514 1515
f 1516 1517 1518
f 1519 1520 1521
f 1522 1523 1524
f 1525 1526 1527
f 1528 1529 1530
f 1531 1532 1533
f 1534 1535 1536
f 1537 1538 1539
f 1540 1541 1542
f 1543 1544 1545
f 1546 1547 1548
f 1549 1550 1551
f 1552 1553 1554
f 1555 1556 1557
f 1558 1559 1560
f 1561 1562 1563
f 1564 1565 1566
f 1567 1568 1569
f 1570 1571 1572
f 1573 1574 1575
f 1576 1577 1578
f 1579 1580 1581
f 1582 1583 1584
f 1585 1586 1587
f 1588 1589 1590
f 1591 1592 1593
f 1594 1595 1596
f 1597 1598 1599
f 1600 1601 1602
f 1603 1604 1605
f 1606 1607 1608
f 1609 1610 1611
f 1612 1613 1614
f 1615 1616 1617
f 1618 1619 1620
f 1621 1622 1623
f 1624 1625 1626
f 1627 1628 1629
f 1630 1631 1632
f 1633 1634 1635
f 1636 1637 1638
f 1639 1640 1641
f 1642 1643 1644
f 1645 1646 1647
f 1648 1649 1650
f 1651 1652 1653
f 1654 1655 1656
f 1657 1658 1659
f 1660 1661 1662
f 1663 1664 1665
f 1666 1667 1668
f 1669 1670 1671
f 1672 1673 1674
f 1675 1676 1677
f 1678 1679 1680
f 1681 1682 1683
f 1684 1685 1686
f 1687 1688 1689
f 1690 1691 1692
f 1693 1694 1695
f 1696 1697 1698
f 1699 1700 1701
f 1702 1703 1704
f 1705 1706 1707
f 1708 1709 1710
f 1711 1712 1713
f 1714 1715 1716
f 1717 1718 1719
f 1720 1721 1722
f 1723 1724 1725
f 1726 1727 1728
f 1729 1730 1731
f 1732 1733 1734
f 1735 1736 1737
f 1738 1739 1740
f 1741 1742 1743
f 1744 1745 1746
f 1747 1748 1749
f 1750 1751 1752
f 1753 1754 1755
f 1756 1757 1758
f 1759 1760 1761
f 1762 1763 1764
f 1765 1766 1767
f 1768 1769 1770
f 1771 1772 1773
f 1774 1775 1776
f 1777 1778 1779
f 1780 1781 1782
f 1783 1784 1785
f 1786 1787 1788
f 1789 1790 1791
f 1792 1793 1794
f 1795 1796 1797
f 1798 1799 1800
f 1801 1802 1803
f 1804 1805 1806
f 1807 1808 1809
f 1810 1811 1812
f 1813 1814 1815
f 1816 1817 1818
f 1819 1820 1821
f 1822 1823 1824
f 1825 1826 1827
f 1828 1829 1830
f 1831 1832 1833
f 1834 1835 1836
f 1837 1838 1839
f 1840 1841 1842
f 1843 1844 1845
f 1846 1847 1848
f 1849 1850 1851
f 1852 1853 1854
f 1855 1856 1857
f 1858 1859 1860
f 1861 1862 1863
f 1864 1865 1866
f 1867 1868 1869
f 1870 1871 1872
f 1873 1874 1875
f 1876 1877 1878
f 1879 1880 1881
f 1882 1883 1884
f 1885 1886 1887
f 1888 1889 1890
f 1891 1892 1893
f 1894 1895 1896
f 1897 1898 1899
f 1900 1901 1902
f 1903 1904 1905
f 1906 1907 1908
f 1909 1910 1911
f 1912 1913 1914
f 1915 1916 1917
f 1918 1919 1920
f 1921 1922 1923
f 1924 1925 1926
f 1927 1928 1929
f 1930 1931 1932
f 1933 1934 1935
f 1936 1937 1938
f 1939 1940 1941
f 1942 1943 1944
f 1945 1946 1947
f 1948 1949 1950
f 1951 1952 1953
f 1954 1955 1956
f 1957 1958 1959
f 1960 1961 1962
f 1963 1964 1965
f 1966 1967 1968
f 1969 1970 1971
f 1972 1973 1974
f 1975 1976 1977
f 1978 1979 1980
f 1981 1982 1983
f 1984 1985 1986
f 1987 1988 1989
f 1990 1991 1992
f 1993 1994 1995
f 1996 1997 1998
f 1999 2000 2001
f 2002 2003 2004
f 2005 2006 2007
f 2008 2009 2010
f 2011 2012 2013
f 2014 2015 2016
f 2017 2018 2019
f 2020 2021 2022
f 2023 2024 2025
f 2026 2027 2028
f 2029 2030 2031
f 2032 2033 2034
f 2035 2036 2037
f 2038 2039 2040
f 2041 2042 2043
f 2044 2045 2046
f 2047 2048 2049
f 2050 2051 2052
f 2053 2054 2055
f 2056 2057 2058
f 2059 2060 2061
f 2062 2063 2064
f 2065 2066 2067
f 2068 2069 2070
f 2071 2072 2073
f 2074 2075 2076
f 2077 2078 2079
f 2080 2081 2082
f 2083 2084 2085
f 2086 2087 2088
