o Tracks_V3
v 0.0007137299980968237 0.0006505330093204975 -0.002183029893785715
v -0.029460106045007706 -0.00666505703702569 0.010720022022724152
v -0.06181789189577103 -0.01196324173361063 0.02452016994357109
v -0.09618727117776871 -0.015307959169149399 0.03915753215551376
v -0.13239586353302002 -0.016763146966695786 0.054572224617004395
v -0.17027132213115692 -0.016392746940255165 0.07070436328649521
v -0.2096412628889084 -0.01426069438457489 0.08749407529830933
v -0.25033333897590637 -0.010430930182337761 0.10488146543502808
v -0.29217517375946045 -0.004967391956597567 0.12280666828155518
v -0.33499443531036377 0.0020659812726080418 0.14120978116989136
v -0.37861868739128113 0.010605250485241413 0.16003094613552094
v -0.42287564277648926 0.02058647759258747 0.17921026051044464
v -0.46759289503097534 0.03194572404026985 0.1986878514289856
v -0.5125980973243713 0.04461904987692833 0.21840383112430573
v -0.557718813419342 0.05854251608252525 0.23829832673072815
v -0.6027827858924866 0.07365218549966812 0.2583114504814148
v -0.6476176381111145 0.08988411724567413 0.2783833146095276
v -0.6920509338378906 0.10717438161373138 0.29845404624938965
v -0.7359103560447693 0.12545903027057648 0.3184637725353241
v -0.7790235280990601 0.1446741223335266 0.33835259079933167
v -0.8212180733680725 0.164755716919899 0.3580606281757355
v -0.8623216152191162 0.1856399029493332 0.37752798199653625
v -0.9021618366241455 0.20726270973682404 0.3966948091983795
v -0.94056636095047 0.22956019639968872 0.415501207113266
v -0.9773628115653992 0.252468466758728 0.4338873028755188
v -1.0123788118362427 0.2759235203266144 0.45179319381713867
v -1.04544198513031 0.29986146092414856 0.46915900707244873
v -1.0763801336288452 0.32421836256980896 0.4859248697757721
v -1.1050206422805786 0.3489302396774292 0.5020309090614319
v -1.1311912536621094 0.37393319606781006 0.5174171924591064
v -1.154719591140747 0.39916324615478516 0.5320239067077637
v -1.1754332780838013 0.4245564937591553 0.5457911491394043
v -1.193160057067871 0.4500490128993988 0.558659017086029
l 1 2 3 4 5 6 7 8 9 10 11 12 13 14 15 16 17 18 19 20 21 22 23 24 25 26 27 28 29 30 31 32 33 
o Tracks_V3
v 0.0006602050270885229 0.0008534499793313444 -0.05215790122747421
v -0.031800977885723114 -0.009027404710650444 -0.12013556063175201
v -0.06423354148864746 -0.022527579218149185 -0.19234123826026917
v -0.09654496610164642 -0.03945205733180046 -0.2684936821460724
v -0.128642737865448 -0.05960581824183464 -0.34831157326698303
v -0.1604343056678772 -0.08279384672641754 -0.4315136969089508
v -0.1918271780014038 -0.10882112383842468 -0.5178187489509583
v -0.22272883355617523 -0.13749264180660248 -0.6069455146789551
v -0.25304675102233887 -0.16861337423324585 -0.698612630367279
v -0.2826883792877197 -0.20198829472064972 -0.7925388813018799
v -0.3115612268447876 -0.2374223917722702 -0.8884429931640625
v -0.3395727574825287 -0.2747206687927246 -0.9860436916351318
v -0.3666304349899292 -0.3136880695819855 -1.085059642791748
v -0.3926417827606201 -0.3541296124458313 -1.1852097511291504
v -0.41751426458358765 -0.395850270986557 -1.2862125635147095
v -0.441155344247818 -0.4386550188064575 -1.3877869844436646
v -0.46347251534461975 -0.48234882950782776 -1.4896515607833862
v -0.4843732416629791 -0.5267367362976074 -1.5915250778198242
v -0.5037649869918823 -0.5716236233711243 -1.6931263208389282
v -0.5215553045272827 -0.6168145537376404 -1.7941739559173584
v -0.537651538848877 -0.6621145606040955 -1.8943867683410645
v -0.5519613027572632 -0.7073284387588501 -1.9934834241867065
v -0.5643920302391052 -0.7522614002227783 -2.0911827087402344
v -0.5748511552810669 -0.7967182397842407 -2.1872034072875977
v -0.5832462310791016 -0.8405040502548218 -2.281264066696167
v -0.589484691619873 -0.8834237456321716 -2.3730835914611816
v -0.5934739708900452 -0.92528235912323 -2.4623806476593018
v -0.5951216816902161 -0.9658848643302917 -2.5488741397857666
v -0.59433513879776 -1.0050362348556519 -2.632282257080078
v -0.5910219550132751 -1.0425413846969604 -2.712324380874634
v -0.5850895643234253 -1.0782054662704468 -2.7887187004089355
v -0.5764454007148743 -1.1118333339691162 -2.8611843585968018
v -0.5649970173835754 -1.1432299613952637 -2.9294400215148926
l 34 35 36 37 38 39 40 41 42 43 44 45 46 47 48 49 50 51 52 53 54 55 56 57 58 59 60 61 62 63 64 65 66 
o Tracks_V3
v 0.0007453609723597765 0.0005428760196082294 -0.06757380068302155
v -0.02901700884103775 -0.010251477360725403 -0.011066892184317112
v -0.06086829677224159 -0.0199721809476614 0.04876333102583885
v -0.09466376155614853 -0.02863350696861744 0.11169552057981491
v -0.13025866448879242 -0.036249734461307526 0.17750832438468933
v -0.16750827431678772 -0.042835135012865067 0.2459803968667984
v -0.206267848610878 -0.04840398207306862 0.3168904185295105
v -0.2463926374912262 -0.05297055467963219 0.39001700282096863
v -0.2877379357814789 -0.05654912441968918 0.4651387929916382
v -0.33015894889831543 -0.0591539703309536 0.5420345067977905
v -0.3735109865665436 -0.06079936400055885 0.6204827427864075
v -0.4176492989063263 -0.06149957701563835 0.700262188911438
v -0.46242913603782654 -0.061268892139196396 0.7811514735221863
v -0.5077057480812073 -0.060121577233076096 0.8629292249679565
v -0.5533344745635986 -0.058071911334991455 0.9453741312026978
v -0.599170446395874 -0.05513416603207588 1.0282648801803589
v -0.6450690031051636 -0.05132262036204338 1.1113801002502441
v -0.6908854246139526 -0.04665154591202736 1.1944983005523682
v -0.7364749312400818 -0.04113521799445152 1.2773983478546143
v -0.7816928029060364 -0.03478791564702988 1.3598588705062866
v -0.8263943195343018 -0.02762390486896038 1.4416583776474
v -0.8704347014427185 -0.019657468423247337 1.5225756168365479
v -0.913669228553772 -0.01090287882834673 1.6023893356323242
v -0.9559531807899475 -0.0013744094176217914 1.680877923965454
v -0.9971417784690857 0.00891366321593523 1.7578202486038208
v -1.0370903015136719 0.01994706504046917 1.8329949378967285
v -1.0756540298461914 0.03171152248978615 1.9061806201934814
v -1.1126881837844849 0.044192757457494736 1.9771559238433838
v -1.1480480432510376 0.057376496493816376 2.0456995964050293
v -1.181588888168335 0.07124846428632736 2.1115901470184326
v -1.2131659984588623 0.08579438924789429 2.1746063232421875
v -1.242634654045105 0.10099998861551285 2.2345266342163086
v -1.2698500156402588 0.11685100197792053 2.2911300659179688
l 67 68 69 70 71 72 73 74 75 76 77 78 79 80 81 82 83 84 85 86 87 88 89 90 91 92 93 94 95 96 97 98 99 
o Tracks_V3
v 0.000698138028383255 0.0006854090024717152 -0.0022008800879120827
v -0.02068866416811943 -0.007660535164177418 -0.07845383882522583
v -0.04270651191473007 -0.01750647835433483 -0.15909159183502197
v -0.06528543680906296 -0.02877979725599289 -0.24382197856903076
v -0.08835548162460327 -0.04140787199139595 -0.332352876663208
v -0.1118466779589653 -0.05531807988882065 -0.42439213395118713
v -0.13568904995918274 -0.07043780386447906 -0.5196475982666016
v -0.15981265902519226 -0.08669441938400269 -0.6178271770477295
v -0.18414752185344696 -0.1040152981877327 -0.7186386585235596
v -0.20862367749214172 -0.12232783436775208 -0.8217899799346924
v -0.23317116498947144 -0.1415593922138214 -0.9269888997077942
v -0.2577199935913086 -0.1616373509168625 -1.0339434146881104
v -0.28220024704933167 -0.18248911201953888 -1.1423612833023071
v -0.30654194951057434 -0.20404201745986938 -1.2519503831863403
v -0.3306750953197479 -0.22622348368167877 -1.362418532371521
v -0.3545297682285309 -0.24896085262298584 -1.4734736680984497
v -0.3780359625816345 -0.27218154072761536 -1.5848236083984375
v -0.4011237323284149 -0.2958128750324249 -1.6961761713027954
v -0.42372313141822815 -0.3197822868824005 -1.807239294052124
v -0.4457641839981079 -0.3440171480178833 -1.917720913887024
v -0.4671769142150879 -0.3684448003768921 -2.0273287296295166
v -0.48789137601852417 -0.39299264550209045 -2.135770559310913
v -0.5078375935554504 -0.4175880551338196 -2.2427544593811035
v -0.5269455909729004 -0.44215843081474304 -2.3479881286621094
v -0.5451453924179077 -0.466631144285202 -2.4511795043945312
v -0.5623670816421509 -0.49093353748321533 -2.5520362854003906
v -0.5785406827926636 -0.5149930119514465 -2.650266647338867
v -0.5935961604118347 -0.5387369990348816 -2.7455782890319824
v -0.6074636578559875 -0.5620927810668945 -2.837678909301758
v -0.620073139667511 -0.5849878191947937 -2.926276445388794
v -0.6313546895980835 -0.6073494553565979 -3.0110790729522705
v -0.641238272190094 -0.6291050314903259 -3.09179425239563
v -0.649653971195221 -0.6501820087432861 -3.1681299209594727
l 100 101 102 103 104 105 106 107 108 109 110 111 112 113 114 115 116 117 118 119 120 121 122 123 124 125 126 127 128 129 130 131 132 
o Tracks_V3
v 0.0007106420234777033 0.0006445239996537566 -0.002325689885765314
v -0.027756186202168465 -0.012087867595255375 0.024243589490652084
v -0.0572471097111702 -0.026690134778618813 0.052416183054447174
v -0.08766348659992218 -0.043069418519735336 0.08208557963371277
v -0.11890668421983719 -0.06113285571336746 0.11314526945352554
v -0.15087804198265076 -0.08078759163618088 0.14548875391483307
v -0.1834789514541626 -0.10194075852632523 0.17900949716567993
v -0.21661074459552765 -0.12449949979782104 0.2136010229587555
v -0.25017479062080383 -0.14837095141410828 0.24915680289268494
v -0.2840724289417267 -0.17346227169036865 0.28557032346725464
v -0.3182050585746765 -0.19968056678771973 0.32273510098457336
v -0.35247400403022766 -0.22693300247192383 0.3605446219444275
v -0.38678064942359924 -0.2551267147064209 0.398892343044281
v -0.421026349067688 -0.2841688394546509 0.4376717805862427
v -0.4551124572753906 -0.3139665126800537 0.4767764210700989
v -0.4889403283596039 -0.34442687034606934 0.516099750995636
v -0.5224113464355469 -0.3754570484161377 0.5555353164672852
v -0.555426836013794 -0.4069642126560211 0.594976544380188
v -0.5878881216049194 -0.43885549902915955 0.6343169212341309
v -0.6196966767311096 -0.47103801369667053 0.6734499335289001
v -0.6507537961006165 -0.5034189224243164 0.712269127368927
v -0.6809608340263367 -0.5359053611755371 0.7506679892539978
v -0.710219144821167 -0.5684044361114502 0.7885399460792542
v -0.7384300827980042 -0.6008234024047852 0.8257785439491272
v -0.7654950618743896 -0.6330692172050476 0.8622772693634033
v -0.7913153767585754 -0.6650491952896118 0.8979295492172241
v -0.815792441368103 -0.6966703534126282 0.9326289892196655
v -0.8388275504112244 -0.7278398871421814 0.9662689566612244
v -0.860322117805481 -0.7584649324417114 0.9987430572509766
v -0.8801774978637695 -0.7884526252746582 1.029944658279419
v -0.8982950448989868 -0.8177101016044617 1.0597673654556274
v -0.9145760536193848 -0.8461445569992065 1.0881047248840332
v -0.9289219975471497 -0.8736630082130432 1.1148500442504883
l 133 134 135 136 137 138 139 140 141 142 143 144 145 146 147 148 149 150 151 152 153 154 155 156 157 158 159 160 161 162 163 164 165 
o Tracks_V3
v 0.0008286130032502115 0.0004246479948051274 -0.0022911899723112583
v -0.030654670670628548 -0.014171631075441837 0.044163502752780914
v -0.06461548060178757 -0.02435738779604435 0.09403140097856522
v -0.10080531239509583 -0.03032078593969345 0.14708364009857178
v -0.13897565007209778 -0.03224998712539673 0.20309136807918549
v -0.17887797951698303 -0.030333150178194046 0.2618257403373718
v -0.2202637940645218 -0.024758443236351013 0.3230578899383545
v -0.26288455724716187 -0.015714023262262344 0.3865589499473572
v -0.30649179220199585 -0.0033880565315485 0.45210012793540955
v -0.35083696246147156 0.012031297199428082 0.5194525122642517
v -0.3956715762615204 0.030355874449014664 0.5883872509002686
v -0.44074711203575134 0.05139751359820366 0.658675491809845
v -0.48581504821777344 0.07496805489063263 0.7300884127616882
v -0.5306268930435181 0.10087933391332626 0.8023971319198608
v -0.5749340653419495 0.12894318997859955 0.8753728270530701
v -0.6184881329536438 0.15897144377231598 0.9487865567207336
v -0.6610406041145325 0.19077596068382263 1.0224095582962036
v -0.7023428678512573 0.2241685688495636 1.0960129499435425
v -0.7421464920043945 0.25896111130714417 1.1693679094314575
v -0.7802029252052307 0.2949654161930084 1.2422455549240112
v -0.8162636160850525 0.33199331164360046 1.3144170045852661
v -0.8500801920890808 0.3698566257953644 1.3856533765792847
v -0.8814039826393127 0.40836724638938904 1.455725908279419
v -0.9099865555763245 0.44733697175979614 1.5244057178497314
v -0.9355794191360474 0.4865776598453522 1.5914639234542847
v -0.9579340219497681 0.5259011387825012 1.6566717624664307
v -0.9768018126487732 0.5651192665100098 1.7198002338409424
v -0.9919343590736389 0.6040438413619995 1.7806205749511719
v -1.0030831098556519 0.6424866914749146 1.8389039039611816
v -1.0099996328353882 0.6802597045898438 1.8944213390350342
v -1.0124351978302002 0.7171747088432312 1.9469441175460815
v -1.0101414918899536 0.753043532371521 1.9962432384490967
v -1.002869963645935 0.7876780033111572 2.0420899391174316
l 166 167 168 169 170 171 172 173 174 175 176 177 178 179 180 181 182 183 184 185 186 187 188 189 190 191 192 193 194 195 196 197 198 
o Tracks_V3
v 0.0006635470199398696 0.0006977319717407227 -0.04830139875411987
v -0.026920035481452942 -0.015628252178430557 -0.08211766928434372
v -0.05710987001657486 -0.03044123202562332 -0.11813993752002716
v -0.08972318470478058 -0.04376031830906868 -0.1562214493751526
v -0.12457720935344696 -0.05560463294386864 -0.1962154358625412
v -0.16148917376995087 -0.0659932866692543 -0.23797516524791718
v -0.20027631521224976 -0.07494540512561798 -0.28135383129119873
v -0.2407558411359787 -0.08248009532690048 -0.32620471715927124
v -0.28274500370025635 -0.08861648291349411 -0.3723810613155365
v -0.32606104016304016 -0.09337367117404938 -0.4197360575199127
v -0.3705211281776428 -0.09677079319953918 -0.4681229889392853
v -0.41594254970550537 -0.09882694482803345 -0.5173950791358948
v -0.4621425271034241 -0.09956126660108566 -0.5674055814743042
v -0.5089382529258728 -0.09899285435676575 -0.6180077195167542
v -0.556147038936615 -0.097140833735466 -0.6690547466278076
v -0.6035860180854797 -0.09402432292699814 -0.7203999161720276
v -0.6510724425315857 -0.08966243267059326 -0.7718964219093323
v -0.6984236240386963 -0.08407428115606308 -0.8233975768089294
v -0.7454566955566406 -0.0772789865732193 -0.8747565150260925
v -0.7919889092445374 -0.06929566711187363 -0.9258265495300293
v -0.8378375172615051 -0.06014343723654747 -0.9764609336853027
v -0.8828197121620178 -0.04984141141176224 -1.026512861251831
v -0.9267527461051941 -0.038408707827329636 -1.0758355855941772
v -0.9694538712501526 -0.02586444281041622 -1.1242823600769043
v -1.0107402801513672 -0.012227732688188553 -1.1717064380645752
v -1.0504292249679565 0.0024823059793561697 -1.217961072921753
v -1.088338017463684 0.01824655756354332 -1.262899398803711
v -1.1242836713790894 0.03504590317606926 -1.3063747882843018
v -1.1580835580825806 0.052861228585243225 -1.3482403755187988
v -1.1895549297332764 0.0716734230518341 -1.3883494138717651
v -1.2185149192810059 0.0914633572101593 -1.4265552759170532
v -1.2447808980941772 0.1122119203209877 -1.462710976600647
v -1.2681699991226196 0.1339000016450882 -1.4966700077056885
l 199 200 201 202 203 204 205 206 207 208 209 210 211 212 213 214 215 216 217 218 219 220 221 222 223 224 225 226 227 228 229 230 231 
o Tracks_V3
v 0.0011327499523758888 -0.000005526590030058287 -0.0036351699382066727
v -0.026986991986632347 -0.017039811238646507 -0.07320675998926163
v -0.057575952261686325 -0.03260160982608795 -0.1469525694847107
v -0.09046231955289841 -0.04670798033475876 -0.22459493577480316
v -0.12547428905963898 -0.05937599390745163 -0.30585625767707825
v -0.16244004666805267 -0.07062270492315292 -0.390458881855011
v -0.20118777453899384 -0.08046518266201019 -0.4781251549720764
v -0.2415456622838974 -0.0889204815030098 -0.5685775279998779
v -0.2833419144153595 -0.09600567817687988 -0.6615382432937622
v -0.3264046907424927 -0.10173781961202621 -0.7567297220230103
v -0.37056222558021545 -0.10613398253917694 -0.8538743853569031
v -0.4156426787376404 -0.10921122133731842 -0.9526945352554321
v -0.4614742398262024 -0.1109866052865982 -1.0529125928878784
v -0.5078850984573364 -0.11147718876600266 -1.1542508602142334
v -0.554703414440155 -0.11070004850625992 -1.2564316987991333
v -0.6017574667930603 -0.10867223143577576 -1.359177589416504
v -0.64887535572052 -0.10541080683469772 -1.4622106552124023
v -0.6958853006362915 -0.10093284398317337 -1.5652536153793335
v -0.7426155209541321 -0.09525540471076965 -1.668028473854065
v -0.7888941168785095 -0.08839553594589233 -1.7702579498291016
v -0.8345493674278259 -0.08037032186985016 -1.871664047241211
v -0.8794094324111938 -0.07119681686162949 -1.9719693660736084
v -0.9233025312423706 -0.06089207902550697 -2.0708963871002197
v -0.966056764125824 -0.04947317764163017 -2.1681671142578125
v -1.007500410079956 -0.03695717081427574 -2.2635040283203125
v -1.0474616289138794 -0.023361127823591232 -2.3566298484802246
v -1.0857685804367065 -0.008702106773853302 -2.4472665786743164
v -1.1222494840621948 0.007002827245742083 -2.5351364612579346
v -1.1567325592041016 0.023736612871289253 -2.619962215423584
v -1.189046025276184 0.04148218408226967 -2.7014660835266113
v -1.2190178632736206 0.06022248417139053 -2.7793705463409424
v -1.2464765310287476 0.07994043827056885 -2.8533976078033447
v -1.2712500095367432 0.10061900317668915 -2.9232699871063232
l 232 233 234 235 236 237 238 239 240 241 242 243 244 245 246 247 248 249 250 251 252 253 254 255 256 257 258 259 260 261 262 263 264 
o Tracks_V3
v 0.0007599049713462591 0.0005625960184261203 -0.02641100063920021
v -0.022625703364610672 -0.019757848232984543 -0.017344921827316284
v -0.04535020887851715 -0.043303232640028 -0.007580820005387068
v -0.06737513095140457 -0.06987299770116806 0.0028349794447422028
v -0.08866199105978012 -0.09926660358905792 0.013856148347258568
v -0.10917229950428009 -0.1312834918498993 0.025436360388994217
v -0.12886759638786316 -0.16572313010692596 0.03752928599715233
v -0.14770936965942383 -0.20238493382930756 0.05008859932422638
v -0.16565917432308197 -0.24106839299201965 0.0630679726600647
v -0.18267850577831268 -0.2815729081630707 0.07642107456922531
v -0.19872890412807465 -0.3236979842185974 0.09010157734155655
v -0.21377186477184296 -0.3672430217266083 0.10406316816806793
v -0.2277689278125763 -0.41200751066207886 0.118259496986866
v -0.24068160355091095 -0.45779088139533997 0.13264425098896027
v -0.2524714171886444 -0.5043925642967224 0.14717109501361847
v -0.26309987902641296 -0.5516120195388794 0.16179372370243073
v -0.2725285291671753 -0.5992487072944641 0.17646576464176178
v -0.2807188928127289 -0.6471021175384521 0.19114093482494354
v -0.28763243556022644 -0.6949716210365295 0.20577287673950195
v -0.29323071241378784 -0.7426567077636719 0.22031529247760773
v -0.29747527837753296 -0.78995680809021 0.2347218245267868
v -0.3003275990486145 -0.8366714119911194 0.2489461600780487
v -0.30174919962882996 -0.882599949836731 0.26294195652008057
v -0.3017016351222992 -0.9275418519973755 0.2766629159450531
v -0.3001464009284973 -0.9712965488433838 0.29006269574165344
v -0.2970450222492218 -1.0136635303497314 0.3030949532985687
v -0.29235902428627014 -1.054442286491394 0.31571337580680847
v -0.2860499322414398 -1.0934321880340576 0.3278716206550598
v -0.27807921171188354 -1.1304327249526978 0.33952340483665466
v -0.26840847730636597 -1.1652432680130005 0.35062235593795776
v -0.2569991648197174 -1.197663426399231 0.36112216114997864
v -0.24381282925605774 -1.2274924516677856 0.3709764778614044
v -0.22881099581718445 -1.2545299530029297 0.38013899326324463
l 265 266 267 268 269 270 271 272 273 274 275 276 277 278 279 280 281 282 283 284 285 286 287 288 289 290 291 292 293 294 295 296 297 
o Tracks_V3
v 0.0007040780037641525 0.000628971029073 -0.052504099905490875
v -0.02235647477209568 -0.019827531650662422 -0.05252392962574959
v -0.04615127667784691 -0.04210418462753296 -0.05254098400473595
v -0.07060658931732178 -0.06609713286161423 -0.05255537107586861
v -0.09564866870641708 -0.09170249849557877 -0.05256719887256622
v -0.12120378762483597 -0.11881643533706665 -0.05257658660411835
v -0.14719820022583008 -0.14733508229255676 -0.052583638578653336
v -0.17355817556381226 -0.1771545559167862 -0.05258846655488014
v -0.20020997524261475 -0.2081710249185562 -0.05259118601679802
v -0.2270798683166504 -0.24028059840202332 -0.05259190499782562
v -0.25409409403800964 -0.27337944507598877 -0.052590735256671906
v -0.28117892146110535 -0.30736368894577026 -0.05258778855204582
v -0.30826064944267273 -0.3421294391155243 -0.052583176642656326
v -0.33526548743247986 -0.3775728940963745 -0.05257700756192207
v -0.36211973428726196 -0.41359013319015503 -0.052569396793842316
v -0.3887496292591095 -0.4500773251056671 -0.05256045237183571
v -0.4150814414024353 -0.48693063855171204 -0.052550286054611206
v -0.4410414695739746 -0.5240461230278015 -0.05253900960087776
v -0.4665559232234955 -0.5613200068473816 -0.05252673476934433
v -0.49155107140541077 -0.5986483693122864 -0.052513573318719864
v -0.5159531831741333 -0.6359274387359619 -0.05249963328242302
v -0.5396885871887207 -0.6730532050132751 -0.05248503014445305
v -0.5626834034919739 -0.7099219560623169 -0.05246987193822861
v -0.5848640203475952 -0.7464296817779541 -0.05245427414774895
v -0.6061567068099976 -0.7824726700782776 -0.052438341081142426
v -0.6264876127243042 -0.8179469704627991 -0.052422188222408295
v -0.6457830667495728 -0.8527487516403198 -0.05240592733025551
v -0.6639693379402161 -0.8867741227149963 -0.05238967016339302
v -0.680972695350647 -0.9199192523956299 -0.05237352475523949
v -0.6967193484306335 -0.952080249786377 -0.05235760286450386
v -0.7111356258392334 -0.9831532835960388 -0.052342016249895096
v -0.7241477370262146 -1.013034462928772 -0.052326880395412445
v -0.7356820106506348 -1.0416200160980225 -0.052312299609184265
l 298 299 300 301 302 303 304 305 306 307 308 309 310 311 312 313 314 315 316 317 318 319 320 321 322 323 324 325 326 327 328 329 330 
o Tracks_V3
v 0.0007011140114627779 0.0006286720163188875 -0.06770379841327667
v -0.021019112318754196 -0.02186095155775547 -0.09326408803462982
v -0.042484644800424576 -0.04689613729715347 -0.12041907757520676
v -0.06365141272544861 -0.07432462275028229 -0.14906230568885803
v -0.08447535336017609 -0.10399414598941803 -0.179087296128273
v -0.10491239279508591 -0.13575243949890137 -0.21038758754730225
v -0.12491846829652786 -0.16944724321365356 -0.2428567260503769
v -0.14444950222969055 -0.2049262821674347 -0.2763882279396057
v -0.16346144676208496 -0.2420373111963272 -0.31087565422058105
v -0.1819102168083191 -0.2806280553340912 -0.3462125360965729
v -0.19975174963474274 -0.3205462396144867 -0.38229238986968994
v -0.2169419676065445 -0.3616396188735962 -0.4190087616443634
v -0.23343682289123535 -0.40375593304634094 -0.4562551975250244
v -0.2491922378540039 -0.4467429220676422 -0.49392521381378174
v -0.26416411995887756 -0.4904482662677765 -0.5319123268127441
v -0.2783084511756897 -0.5347197651863098 -0.5701101422309875
v -0.2915811538696289 -0.5794051289558411 -0.6084121465682983
v -0.3039381206035614 -0.6243520975112915 -0.6467118859291077
v -0.31533530354499817 -0.6694084405899048 -0.6849029064178467
v -0.3257286250591278 -0.714421808719635 -0.7228786945343018
v -0.3350740671157837 -0.7592400312423706 -0.7605328559875488
v -0.34332749247550964 -0.8037108182907104 -0.7977588772773743
v -0.35044488310813904 -0.8476818203926086 -0.8344503045082092
v -0.3563821613788605 -0.8910009264945984 -0.8705006837844849
v -0.36109524965286255 -0.933515727519989 -0.9058035016059875
v -0.36454007029533386 -0.975074052810669 -0.940252423286438
v -0.3666725754737854 -1.0155236721038818 -0.973740816116333
v -0.36744868755340576 -1.054712176322937 -1.0061622858047485
v -0.36682432889938354 -1.0924873352050781 -1.0374104976654053
v -0.36475545167922974 -1.1286970376968384 -1.0673787593841553
v -0.36119797825813293 -1.1631888151168823 -1.0959607362747192
v -0.3561078608036041 -1.1958105564117432 -1.1230499744415283
v -0.3494409918785095 -1.2264100313186646 -1.1485400199890137
l 331 332 333 334 335 336 337 338 339 340 341 342 343 344 345 346 347 348 349 350 351 352 353 354 355 356 357 358 359 360 361 362 363 
o Tracks_V3
v 0.0008374929893761873 0.0005117409746162593 -0.06766170263290405
v -0.0220255758613348 -0.02434556931257248 0.0010989552829414606
v -0.04801709204912186 -0.04784884303808212 0.07409635186195374
v -0.07693347334861755 -0.06998923420906067 0.151048943400383
v -0.10857114940881729 -0.09075789153575897 0.23167520761489868
v -0.14272654056549072 -0.11014597117900848 0.31569358706474304
v -0.1791960597038269 -0.12814462184906006 0.4028225839138031
v -0.21777616441249847 -0.14474499225616455 0.4927806258201599
v -0.2582632303237915 -0.15993823111057281 0.5852861404418945
v -0.30045372247695923 -0.1737154871225357 0.6800577044487
v -0.3441440463066101 -0.18606792390346527 0.7768136858940125
v -0.3891306221485138 -0.19698669016361237 0.8752725720405579
v -0.43520987033843994 -0.20646291971206665 0.975152850151062
v -0.4821782410144806 -0.21448777616024017 1.076172947883606
v -0.529832124710083 -0.22105242311954498 1.1780513525009155
v -0.5779679417610168 -0.22614799439907074 1.2805064916610718
v -0.6263821721076965 -0.2297656387090683 1.3832569122314453
v -0.6748712062835693 -0.2318965196609497 1.4860209226608276
v -0.7232314348220825 -0.23253178596496582 1.588517189025879
v -0.7712593078613281 -0.2316625863313675 1.6904640197753906
v -0.8187512159347534 -0.22928006947040558 1.7915799617767334
v -0.8655036687850952 -0.22537538409233093 1.8915834426879883
v -0.911312997341156 -0.2199396938085556 1.9901928901672363
v -0.9559757113456726 -0.21296413242816925 2.0871269702911377
v -0.9992881417274475 -0.20443986356258392 2.1821038722991943
v -1.0410467386245728 -0.19435802102088928 2.2748420238494873
v -1.0810480117797852 -0.18270978331565857 2.3650600910186768
v -1.1190882921218872 -0.16948628425598145 2.452476739883423
v -1.1549640893936157 -0.15467867255210876 2.5368099212646484
v -1.1884716749191284 -0.13827811181545258 2.6177783012390137
v -1.219407558441162 -0.12027575075626373 2.6951005458831787
v -1.2475682497024536 -0.1006627231836319 2.7684950828552246
v -1.2727500200271606 -0.07943020015954971 2.8376801013946533
l 364 365 366 367 368 369 370 371 372 373 374 375 376 377 378 379 380 381 382 383 384 385 386 387 388 389 390 391 392 393 394 395 396 
o Tracks_V3
v 0.0007670909981243312 0.0005727399839088321 -0.02630629949271679
v -0.019501175731420517 -0.022796839475631714 -0.00915281381458044
v -0.04177943989634514 -0.046723563224077225 0.009025193750858307
v -0.0659545511007309 -0.07113662362098694 0.028159381821751595
v -0.0919133648276329 -0.09596520662307739 0.04818141087889671
v -0.11954273283481598 -0.12113850563764572 0.06902293860912323
v -0.14872950315475464 -0.14658570289611816 0.09061563014984131
v -0.1793605387210846 -0.17223598062992096 0.11289114505052567
v -0.21132266521453857 -0.19801855087280273 0.13578113913536072
v -0.24450275301933289 -0.22386257350444794 0.15921726822853088
v -0.27878767251968384 -0.2496972531080246 0.18313120305538177
v -0.31406423449516296 -0.27545177936553955 0.2074546068906784
v -0.3502193093299866 -0.30105534195899963 0.2321191281080246
v -0.3871397376060486 -0.3264371156692505 0.25705644488334656
v -0.4247124195098877 -0.35152629017829895 0.2821981906890869
v -0.46282413601875305 -0.37625208497047424 0.3074760437011719
v -0.5013617873191833 -0.4005436301231384 0.33282163739204407
v -0.5402122139930725 -0.4243301749229431 0.3581666946411133
v -0.5792622566223145 -0.44754084944725037 0.38344281911849976
v -0.6183987259864807 -0.4701049029827118 0.4085816740989685
v -0.6575086116790771 -0.49195149540901184 0.43351495265960693
v -0.6964786052703857 -0.513009786605835 0.45817428827285767
v -0.7351956367492676 -0.5332090258598328 0.4824913442134857
v -0.773546576499939 -0.5524783730506897 0.5063977837562561
v -0.8114182353019714 -0.5707469582557678 0.5298252701759338
v -0.8486974835395813 -0.5879440903663635 0.5527054667472839
v -0.8852711319923401 -0.6039988398551941 0.574970006942749
v -0.9210261106491089 -0.6188404560089111 0.5965505838394165
v -0.9558492302894592 -0.6323981285095215 0.6173788905143738
v -0.9896273016929626 -0.6446009874343872 0.6373865008354187
v -1.0222471952438354 -0.6553783416748047 0.6565051078796387
v -1.053595781326294 -0.6646592617034912 0.6746664047241211
v -1.0835599899291992 -0.6723729968070984 0.6918020248413086
l 397 398 399 400 401 402 403 404 405 406 407 408 409 410 411 412 413 414 415 416 417 418 419 420 421 422 423 424 425 426 427 428 429 
o Tracks_V3
v 0.0007444749935530126 0.0005909660249017179 -0.05244319885969162
v -0.01564640924334526 -0.024794528260827065 -0.04877103492617607
v -0.0276003647595644 -0.05370858311653137 -0.04464484751224518
v -0.03531419858336449 -0.08584949374198914 -0.04009491577744484
v -0.038984719663858414 -0.12091553211212158 -0.035151511430740356
v -0.03880874440073967 -0.15860499441623688 -0.029844915494322777
v -0.0349830724298954 -0.198616161942482 -0.024205397814512253
v -0.027704523876309395 -0.2406473308801651 -0.018263235688209534
v -0.017169900238513947 -0.284396767616272 -0.012048703618347645
v -0.0035760169848799706 -0.329562783241272 -0.0055920761078596115
v 0.01288031879812479 -0.3758436441421509 0.001076370943337679
v 0.032002296298742294 -0.42293763160705566 0.007926363497972488
v 0.05359310656785965 -0.4705430269241333 0.014927624724805355
v 0.07745593786239624 -0.5183581709861755 0.022049881517887115
v 0.10339398682117462 -0.5660812854766846 0.029262859374284744
v 0.13121043145656586 -0.6134106516838074 0.03653628006577492
v 0.1607084721326828 -0.6600446105003357 0.043839871883392334
v 0.1916912943124771 -0.7056814432144165 0.051143355667591095
v 0.22396209836006165 -0.750019371509552 0.0584164634346962
v 0.25732406973838806 -0.7927567362785339 0.06562891602516174
v 0.2915803790092468 -0.8335918188095093 0.07275043427944183
v 0.326534241437912 -0.872222900390625 0.07975074648857117
v 0.3619888424873352 -0.9083482623100281 0.08659958094358444
v 0.39774733781814575 -0.9416661262512207 0.09326665848493576
v 0.43361297249794006 -0.9718748927116394 0.09972170740365982
v 0.4693889319896698 -0.9986728429794312 0.10593445599079132
v 0.5048783421516418 -1.0217581987380981 0.11187461763620377
v 0.5398844480514526 -1.0408291816711426 0.11751192063093185
v 0.5742104649543762 -1.055584192276001 0.12281610071659088
v 0.6076595187187195 -1.0657215118408203 0.12775686383247375
v 0.6400348544120789 -1.0709394216537476 0.13230396807193756
v 0.6711395978927612 -1.0709360837936401 0.13642708957195282
v 0.700776994228363 -1.0654100179672241 0.14009599387645721
l 430 431 432 433 434 435 436 437 438 439 440 441 442 443 444 445 446 447 448 449 450 451 452 453 454 455 456 457 458 459 460 461 462 
o Tracks_V3
v 0.0007041069911792874 0.0006208629929460585 -0.05257429927587509
v -0.017291788011789322 -0.025039996951818466 -0.08230146020650864
v -0.03759844973683357 -0.051119185984134674 -0.11384643614292145
v -0.06008992716670036 -0.07754067331552505 -0.14708825945854187
v -0.084640271961689 -0.1042284220457077 -0.18190595507621765
v -0.11112353950738907 -0.1311063915491104 -0.21817855536937714
v -0.1394137740135193 -0.15809856355190277 -0.2557850778102875
v -0.16938504576683044 -0.18512889742851257 -0.2946045696735382
v -0.20091137290000916 -0.21212135255336761 -0.3345160484313965
v -0.2338668406009674 -0.2389998883008957 -0.37539854645729065
v -0.2681254744529724 -0.2656885087490082 -0.41713106632232666
v -0.30356135964393616 -0.2921111285686493 -0.45959267020225525
v -0.34004849195480347 -0.3181917369365692 -0.5026623606681824
v -0.3774609863758087 -0.34385430812835693 -0.5462192296981812
v -0.4156728684902191 -0.36902278661727905 -0.5901421904563904
v -0.4545581638813019 -0.39362117648124695 -0.6343103647232056
v -0.493990957736969 -0.41757339239120483 -0.6786026954650879
v -0.5338453054428101 -0.4408034384250641 -0.7228983044624329
v -0.5739952325820923 -0.4632352590560913 -0.7670761942863464
v -0.6143147945404053 -0.4847928583621979 -0.8110153675079346
v -0.6546780467033386 -0.5054001212120056 -0.8545948266983032
v -0.6949590444564819 -0.5249811410903931 -0.8976936936378479
v -0.7350318431854248 -0.5434597134590149 -0.9401909112930298
v -0.7747704982757568 -0.560759961605072 -0.9819655418395996
v -0.8140490055084229 -0.5768057703971863 -1.022896647453308
v -0.852741539478302 -0.591521143913269 -1.0628631114959717
v -0.8907220363616943 -0.6048300266265869 -1.1017440557479858
v -0.9278646111488342 -0.6166563630104065 -1.139418601989746
v -0.9640432596206665 -0.6269241571426392 -1.1757657527923584
v -0.9991320967674255 -0.6355572938919067 -1.2106643915176392
v -1.0330051183700562 -0.6424798965454102 -1.2439936399459839
v -1.065536379814148 -0.6476157903671265 -1.2756325006484985
v -1.09660005569458 -0.650888979434967 -1.305459976196289
l 463 464 465 466 467 468 469 470 471 472 473 474 475 476 477 478 479 480 481 482 483 484 485 486 487 488 489 490 491 492 493 494 495 
o Tracks_V3
v 0.0007894199807196856 0.0005659980233758688 -0.002583499997854233
v -0.015946567058563232 -0.02589420974254608 0.03626339137554169
v -0.03226150944828987 -0.05458731949329376 0.07741646468639374
v -0.04813191667199135 -0.08537305891513824 0.1207219809293747
v -0.06353429704904556 -0.11811114102602005 0.16602620482444763
v -0.07844515889883041 -0.1526613086462021 0.213175430893898
v -0.0928410068154335 -0.18888325989246368 0.2620158791542053
v -0.10669834911823273 -0.22663675248622894 0.3123938739299774
v -0.11999370157718658 -0.2657814621925354 0.364155650138855
v -0.13270355761051178 -0.30617716908454895 0.4171474575996399
v -0.144804447889328 -0.34768354892730713 0.4712156057357788
v -0.15627285838127136 -0.39016035199165344 0.5262063145637512
v -0.16708530485630035 -0.433467298746109 0.5819659233093262
v -0.17721828818321228 -0.47746410965919495 0.6383406519889832
v -0.18664832413196564 -0.5220105051994324 0.6951767206192017
v -0.19535192847251892 -0.56696617603302 0.7523205280303955
v -0.20330560207366943 -0.6121909618377686 0.8096181750297546
v -0.21048584580421448 -0.6575444340705872 0.8669161200523376
v -0.21686917543411255 -0.7028864026069641 0.9240604639053345
v -0.22243209183216095 -0.7480766177177429 0.9808975458145142
v -0.22715111076831818 -0.7929747104644775 1.037273645401001
v -0.23100274801254272 -0.8374404907226562 1.0930349826812744
v -0.2339634895324707 -0.8813336491584778 1.1480278968811035
v -0.2360098510980606 -0.9245138764381409 1.2020984888076782
v -0.23711834847927094 -0.966840922832489 1.2550933361053467
v -0.237265482544899 -1.0081745386123657 1.3068584203720093
v -0.23642776906490326 -1.0483744144439697 1.357240080833435
v -0.23458170890808105 -1.0873003005981445 1.406084656715393
v -0.23170380294322968 -1.1248118877410889 1.4532383680343628
v -0.2277705818414688 -1.160768985748291 1.4985475540161133
v -0.22275853157043457 -1.1950311660766602 1.5418583154678345
v -0.21664416790008545 -1.2274582386016846 1.5830169916152954
v -0.20940400660037994 -1.2579100131988525 1.6218700408935547
l 496 497 498 499 500 501 502 503 504 505 506 507 508 509 510 511 512 513 514 515 516 517 518 519 520 521 522 523 524 525 526 527 528 
o Tracks_V3
v 0.0007408540113829076 0.000598519982304424 -0.05268289893865585
v -0.01669841818511486 -0.02662697620689869 -0.08353815972805023
v -0.03764364868402481 -0.05319526791572571 -0.11654970794916153
v -0.06188236176967621 -0.07905450463294983 -0.15157370269298553
v -0.08920208364725113 -0.10415284335613251 -0.18846631050109863
v -0.1193903461098671 -0.12843841314315796 -0.2270836979150772
v -0.15223467350006104 -0.15185938775539398 -0.26728203892707825
v -0.18752257525920868 -0.1743638813495636 -0.30891746282577515
v -0.22504159808158875 -0.1959000825881958 -0.3518461585044861
v -0.26457926630973816 -0.2164161056280136 -0.39592427015304565
v -0.30592310428619385 -0.23586010932922363 -0.4410080015659332
v -0.34886062145233154 -0.25418025255203247 -0.486953467130661
v -0.39317935705184937 -0.27132466435432434 -0.5336169004440308
v -0.43866685032844543 -0.28724151849746704 -0.5808543562889099
v -0.4851106107234955 -0.301878958940506 -0.6285220980644226
v -0.5322981476783752 -0.3151850998401642 -0.676476240158081
v -0.5800170302391052 -0.32710811495780945 -0.7245729565620422
v -0.6280547380447388 -0.3375961482524872 -0.7726684212684631
v -0.6761988401412964 -0.3465973734855652 -0.820618748664856
v -0.7242368459701538 -0.3540599048137665 -0.8682801723480225
v -0.7719562649726868 -0.3599318861961365 -0.9155088067054749
v -0.819144606590271 -0.36416149139404297 -0.9621608853340149
v -0.8655894994735718 -0.36669686436653137 -1.0080925226211548
v -0.9110783338546753 -0.3674861192703247 -1.0531598329544067
v -0.9553987383842468 -0.36647745966911316 -1.0972189903259277
v -0.9983381628990173 -0.36361899971961975 -1.1401262283325195
v -1.0396841764450073 -0.3588589131832123 -1.1817376613616943
v -1.0792243480682373 -0.3521452844142914 -1.221909523010254
v -1.1167460680007935 -0.34342634677886963 -1.2604979276657104
v -1.1520370244979858 -0.33265018463134766 -1.2973589897155762
v -1.1848846673965454 -0.31976497173309326 -1.3323489427566528
v -1.2150764465332031 -0.30471888184547424 -1.3653239011764526
v -1.242400050163269 -0.28745999932289124 -1.3961399793624878
l 529 530 531 532 533 534 535 536 537 538 539 540 541 542 543 544 545 546 547 548 549 550 551 552 553 554 555 556 557 558 559 560 561 
o Tracks_V3
v 0.0005921809934079647 0.0006875750259496272 -0.00264578009955585
v -0.014592866413295269 -0.027052247896790504 0.06209299713373184
v -0.028810134157538414 -0.05711128190159798 0.1306164264678955
v -0.04205981269478798 -0.08933587372303009 0.20267203450202942
v -0.05434209108352661 -0.12357236444950104 0.2780073285102844
v -0.06565716117620468 -0.15966711938381195 0.35636982321739197
v -0.07600520551204681 -0.19746646285057068 0.4375070035457611
v -0.08538642525672913 -0.23681676387786865 0.5211664438247681
v -0.09380099922418594 -0.2775643765926361 0.6070956587791443
v -0.10124912858009338 -0.3195556104183197 0.695042073726654
v -0.10773099958896637 -0.36263683438301086 0.7847533226013184
v -0.11324679851531982 -0.406654417514801 0.8759768009185791
v -0.11779671162366867 -0.45145466923713684 0.9684601426124573
v -0.12138094007968903 -0.49688395857810974 1.0619508028030396
v -0.12399967014789581 -0.5427886247634888 1.1561962366104126
v -0.12565308809280396 -0.5890150666236877 1.2509441375732422
v -0.12634138762950897 -0.6354095339775085 1.3459419012069702
v -0.1260647475719452 -0.6818184852600098 1.4409369230270386
v -0.12482336908578873 -0.7280881404876709 1.5356769561767578
v -0.1226174458861351 -0.7740649580955505 1.6299093961715698
v -0.11944715678691864 -0.8195952773094177 1.7233816385269165
v -0.11531270295381546 -0.8645253777503967 1.8158414363861084
v -0.11021426320075989 -0.9087016582489014 1.9070361852645874
v -0.10415203869342804 -0.9519703984260559 1.9967135190963745
v -0.09712620824575424 -0.994178056716919 2.084620714187622
v -0.08913696557283401 -1.0351709127426147 2.1705055236816406
v -0.08018450438976288 -1.0747953653335571 2.254115104675293
v -0.07026901096105576 -1.1128976345062256 2.3351974487304688
v -0.059390679001808167 -1.1493241786956787 2.4134998321533203
v -0.047549691051244736 -1.183921456336975 2.488769769668579
v -0.03474624827504158 -1.2165355682373047 2.5607547760009766
v -0.020980529487133026 -1.247012972831726 2.629202365875244
v -0.006252729799598455 -1.2752000093460083 2.6938600540161133
l 562 563 564 565 566 567 568 569 570 571 572 573 574 575 576 577 578 579 580 581 582 583 584 585 586 587 588 589 590 591 592 593 594 
o Tracks_V3
v 0.0006408959743566811 0.0006463199970312417 -0.05246580019593239
v -0.015191115438938141 -0.026994971558451653 -0.06833688914775848
v -0.03612760081887245 -0.05211197957396507 -0.08590730279684067
v -0.06181123107671738 -0.07474716007709503 -0.105063296854496
v -0.09188468009233475 -0.09494296461343765 -0.12569113075733185
v -0.1259905993938446 -0.1127418577671051 -0.14767706394195557
v -0.16377167403697968 -0.12818628549575806 -0.17090734839439392
v -0.2048705667257309 -0.14131872355937958 -0.19526825845241547
v -0.248929962515831 -0.15218159556388855 -0.22064605355262756
v -0.2955924868583679 -0.16081738471984863 -0.24692697823047638
v -0.344500869512558 -0.1672685295343399 -0.27399730682373047
v -0.39529770612716675 -0.17157749831676483 -0.3017432987689972
v -0.4476257264614105 -0.1737867295742035 -0.3300512135028839
v -0.5011276006698608 -0.17393870651721954 -0.3588072955608368
v -0.5554459095001221 -0.17207586765289307 -0.3878978192806244
v -0.6102234721183777 -0.16824066638946533 -0.41720905900001526
v -0.6651028394699097 -0.1624755561351776 -0.4466272294521332
v -0.7197266817092896 -0.15482300519943237 -0.4760386347770691
v -0.7737377285957336 -0.1453254520893097 -0.5053295493125916
v -0.8267785906791687 -0.13402538001537323 -0.534386157989502
v -0.878491997718811 -0.12096522003412247 -0.5630947947502136
v -0.9285205602645874 -0.10618744045495987 -0.5913416743278503
v -0.9765069484710693 -0.08973448723554611 -0.6190130710601807
v -1.0220938920974731 -0.07164882123470306 -0.6459952592849731
v -1.0649240016937256 -0.051972903311252594 -0.6721745133399963
v -1.104640007019043 -0.030749183148145676 -0.697437047958374
v -1.140884518623352 -0.00802011787891388 -0.7216691374778748
v -1.1733002662658691 0.016171837225556374 -0.7447570562362671
v -1.2015297412872314 0.04178422689437866 -0.7665870189666748
v -1.2252159118652344 0.06877458840608597 -0.7870453596115112
v -1.2440011501312256 0.09710048139095306 -0.8060182929039001
v -1.257528305053711 0.1267194300889969 -0.8233920931816101
v -1.2654399871826172 0.15758900344371796 -0.8390529751777649
l 595 596 597 598 599 600 601 602 603 604 605 606 607 608 609 610 611 612 613 614 615 616 617 618 619 620 621 622 623 624 625 626 627 
o Tracks_V3
v 0.000771370017901063 0.0005878179799765348 -0.026133699342608452
v -0.013675175607204437 -0.02837068773806095 0.02489149570465088
v -0.03108426183462143 -0.05743327736854553 0.07905621081590652
v -0.05129579082131386 -0.08651930093765259 0.1361512690782547
v -0.07414966821670532 -0.11554811894893646 0.19596749544143677
v -0.09948579967021942 -0.14443907141685486 0.2582956850528717
v -0.12714408338069916 -0.17311154305934906 0.32292670011520386
v -0.15696442127227783 -0.20148485898971558 0.3896512985229492
v -0.18878673017024994 -0.2294783890247345 0.45826035737991333
v -0.22245089709758759 -0.2570114731788635 0.5285446643829346
v -0.2577968239784241 -0.28400349617004395 0.6002950668334961
v -0.2946644425392151 -0.31037378311157227 0.6733023524284363
v -0.33289363980293274 -0.3360416889190674 0.7473573684692383
v -0.3723243176937103 -0.3609265983104706 0.8222509026527405
v -0.41279634833335876 -0.38494786620140076 0.897773802280426
v -0.45414969325065613 -0.40802478790283203 0.9737168550491333
v -0.49622422456741333 -0.4300767779350281 1.0498709678649902
v -0.5388598442077637 -0.4510231912136078 1.1260268688201904
v -0.5818964838981628 -0.4707833230495453 1.2019753456115723
v -0.6251739859580994 -0.48927658796310425 1.2775073051452637
v -0.6685323119163513 -0.5064223408699036 1.352413535118103
v -0.711811363697052 -0.5221399068832397 1.4264848232269287
v -0.7548510432243347 -0.5363486409187317 1.4995120763778687
v -0.797491192817688 -0.5489678978919983 1.5712860822677612
v -0.8395717740058899 -0.5599170923233032 1.6415976285934448
v -0.8809326887130737 -0.5691155195236206 1.7102375030517578
v -0.9214138388633728 -0.5764824748039246 1.7769966125488281
v -0.9608550667762756 -0.5819374918937683 1.8416657447814941
v -0.9990963935852051 -0.5853997468948364 1.9040355682373047
v -1.0359776020050049 -0.5867886543273926 1.9638972282409668
v -1.0713386535644531 -0.5860236287117004 2.02104115486145
v -1.1050195693969727 -0.5830239653587341 2.075258493423462
v -1.1368600130081177 -0.5777090191841125 2.126339912414551
l 628 629 630 631 632 633 634 635 636 637 638 639 640 641 642 643 644 645 646 647 648 649 650 651 652 653 654 655 656 657 658 659 660 
o Tracks_V3
v 0.0008755080052651465 0.0005358069902285933 -0.0025225901044905186
v -0.012017974629998207 -0.03204392269253731 -0.044679198414087296
v -0.020260890945792198 -0.0667811706662178 -0.09010430425405502
v -0.024063533172011375 -0.10344140976667404 -0.1385803371667862
v -0.023636197671294212 -0.14179012179374695 -0.18988969922065735
v -0.019189177080988884 -0.18159279227256775 -0.2438148409128189
v -0.010932768695056438 -0.22261488437652588 -0.3001381754875183
v 0.0009227333357557654 -0.26462188363075256 -0.3586421310901642
v 0.016167035326361656 -0.30737927556037903 -0.4191091060638428
v 0.03458984196186066 -0.3506525158882141 -0.4813215732574463
v 0.0559808611869812 -0.39420709013938904 -0.5450618863105774
v 0.08012979477643967 -0.43780848383903503 -0.6101125478744507
v 0.10682634264230728 -0.4812221825122833 -0.6762559413909912
v 0.13586021959781647 -0.5242136120796204 -0.7432745099067688
v 0.16702114045619965 -0.5665483474731445 -0.8109505772590637
v 0.20009878277778625 -0.6079917550086975 -0.8790667057037354
v 0.2348828762769699 -0.6483094096183777 -0.9474052786827087
v 0.27116310596466064 -0.6872667074203491 -1.0157487392425537
v 0.3087292015552521 -0.7246292233467102 -1.0838793516159058
v 0.34737086296081543 -0.7601622939109802 -1.151579737663269
v 0.38687777519226074 -0.7936315536499023 -1.2186322212219238
v 0.42703965306282043 -0.8248023390769958 -1.28481924533844
v 0.46764621138572693 -0.8534402847290039 -1.3499233722686768
v 0.5084871053695679 -0.879310667514801 -1.4137266874313354
v 0.5493521690368652 -0.9021791219711304 -1.4760119915008545
v 0.5900309681892395 -0.9218111038208008 -1.536561369895935
v 0.6303132772445679 -0.9379720687866211 -1.595157504081726
v 0.669988751411438 -0.9504274725914001 -1.6515827178955078
v 0.708847165107727 -0.9589427709579468 -1.70561945438385
v 0.7466782331466675 -0.9632835388183594 -1.7570501565933228
v 0.7832715511322021 -0.963215172290802 -1.805657148361206
v 0.8184168934822083 -0.9585031270980835 -1.8512229919433594
v 0.8519039750099182 -0.9489129781723022 -1.893530011177063
l 661 662 663 664 665 666 667 668 669 670 671 672 673 674 675 676 677 678 679 680 681 682 683 684 685 686 687 688 689 690 691 692 693 
o Tracks_V3
v -0.0001836139999795705 0.000848498020786792 -0.031687598675489426
v -0.009804324246942997 -0.028704479336738586 0.04428419843316078
v -0.022899135947227478 -0.05794144049286842 0.12489035725593567
v -0.03927405923604965 -0.08678951859474182 0.209822416305542
v -0.05873510241508484 -0.11517585813999176 0.2987719178199768
v -0.08108827471733093 -0.14302758872509003 0.39143043756484985
v -0.10613959282636642 -0.1702718436717987 0.4874894917011261
v -0.13369505107402802 -0.19683577120304108 0.5866406559944153
v -0.163560688495636 -0.22264648973941803 0.6885754466056824
v -0.19554248452186584 -0.24763114750385284 0.7929854393005371
v -0.22944645583629608 -0.2717168927192688 0.8995621800422668
v -0.2650786340236664 -0.2948308289051056 1.0079972743988037
v -0.30224499106407166 -0.3169001042842865 1.1179821491241455
v -0.340751588344574 -0.3378518521785736 1.2292083501815796
v -0.38040438294410706 -0.3576132357120514 1.341367483139038
v -0.4210094213485718 -0.37611135840415955 1.4541511535644531
v -0.46237269043922424 -0.39327335357666016 1.5672509670257568
v -0.5043002367019653 -0.4090263843536377 1.6803581714630127
v -0.5465980172157288 -0.42329758405685425 1.793164610862732
v -0.589072048664093 -0.4360140860080719 1.9053616523742676
v -0.631528377532959 -0.44710299372673035 2.016641139984131
v -0.6737730503082275 -0.45649147033691406 2.1266942024230957
v -0.71561199426651 -0.46410664916038513 2.235212564468384
v -0.7568511962890625 -0.469875693321228 2.3418877124786377
v -0.7972967624664307 -0.47372567653656006 2.446411609649658
v -0.8367546796798706 -0.4755837917327881 2.5484752655029297
v -0.8750308752059937 -0.4753771424293518 2.647770404815674
v -0.9119314551353455 -0.4730328619480133 2.743988513946533
v -0.9472624063491821 -0.46847811341285706 2.8368215560913086
v -0.9808297157287598 -0.46164003014564514 2.9259605407714844
v -1.0124393701553345 -0.45244571566581726 3.0110971927642822
v -1.0418975353240967 -0.4408223330974579 3.091923236846924
v -1.0690100193023682 -0.4266969859600067 3.1681299209594727
l 694 695 696 697 698 699 700 701 702 703 704 705 706 707 708 709 710 711 712 713 714 715 716 717 718 719 720 721 722 723 724 725 726 
o Tracks_V3
v 0.0006990080000832677 0.0006171119748614728 -0.05249800160527229
v -0.007885257713496685 -0.02909519523382187 -0.04373396560549736
v -0.015106388367712498 -0.060988545417785645 -0.03437173739075661
v -0.020995212718844414 -0.09490540623664856 -0.02445085532963276
v -0.025582564994692802 -0.13068826496601105 -0.014010868035256863
v -0.02889927476644516 -0.16817955672740936 -0.0030913224909454584
v -0.030976174399256706 -0.20722179114818573 0.008268234319984913
v -0.031844090670347214 -0.2476574331521988 0.020028255879878998
v -0.0315338633954525 -0.289328932762146 0.03214919567108154
v -0.030076315626502037 -0.332078754901886 0.0445915088057518
v -0.027502281591296196 -0.375749409198761 0.057315643876791
v -0.023842593654990196 -0.42018336057662964 0.07028205692768097
v -0.01912808232009411 -0.4652230441570282 0.08345120400190353
v -0.013389579020440578 -0.5107109546661377 0.09678354114294052
v -0.006657913792878389 -0.5564895272254944 0.11023950576782227
v 0.0010360809974372387 -0.6024013161659241 0.12377957254648209
v 0.009661574847996235 -0.6482887268066406 0.13736417889595032
v 0.01918773539364338 -0.6939942240715027 0.15095378458499908
v 0.029583733528852463 -0.7393603324890137 0.16450883448123932
v 0.04081873595714569 -0.7842294573783875 0.17798981070518494
v 0.052861910313367844 -0.8284441232681274 0.19135712087154388
v 0.06568242609500885 -0.8718467950820923 0.20457126200199127
v 0.07924945652484894 -0.9142798781394958 0.21759265661239624
v 0.09353216737508774 -0.9555858969688416 0.2303817868232727
v 0.10849972814321518 -0.9956073760986328 0.2428990751504898
v 0.1241213008761406 -1.0341867208480835 0.25510498881340027
v 0.1403660625219345 -1.0711663961410522 0.2669599950313568
v 0.15720318257808685 -1.106388807296753 0.2784245014190674
v 0.17460182309150696 -1.1396965980529785 0.2894590198993683
v 0.19253115355968475 -1.1709321737289429 0.30002397298812866
v 0.21096035838127136 -1.1999379396438599 0.31007981300354004
v 0.22985857725143433 -1.226556420326233 0.31958702206611633
v 0.24919499456882477 -1.2506300210952759 0.3285059928894043
l 727 728 729 730 731 732 733 734 735 736 737 738 739 740 741 742 743 744 745 746 747 748 749 750 751 752 753 754 755 756 757 758 759 
o Tracks_V3
v 0.0009800309780985117 0.0005512959905900061 -0.02569809928536415
v -0.0042310855351388454 -0.03128017112612724 0.04985978454351425
v -0.0059004309587180614 -0.06438098102807999 0.13009268045425415
v -0.004185213707387447 -0.09859120845794678 0.21468953788280487
v 0.0007573593175038695 -0.13375093042850494 0.30333930253982544
v 0.008770080283284187 -0.16970022022724152 0.3957309126853943
v 0.019695742055773735 -0.20627914369106293 0.49155333638191223
v 0.033377137035131454 -0.2433277666568756 0.5904954671859741
v 0.049657054245471954 -0.2806861996650696 0.6922463178634644
v 0.06837829202413559 -0.3181944787502289 0.7964947819709778
v 0.08938363939523697 -0.35569268465042114 0.9029298424720764
v 0.112515889108181 -0.3930208683013916 1.0112403631210327
v 0.137617826461792 -0.43001917004585266 1.1211154460906982
v 0.16453225910663605 -0.4665276110172272 1.2322438955307007
v 0.19310197234153748 -0.5023862719535828 1.344314694404602
v 0.22316975891590118 -0.5374352335929871 1.4570168256759644
v 0.2545784115791321 -0.5715145468711853 1.57003915309906
v 0.2871707081794739 -0.6044643521308899 1.6830706596374512
v 0.3207894563674927 -0.6361246109008789 1.7958003282546997
v 0.35527747869491577 -0.6663355231285095 1.9079171419143677
v 0.3904775083065033 -0.6949370503425598 2.0191099643707275
v 0.42623236775398254 -0.7217693328857422 2.1290676593780518
v 0.46238481998443604 -0.7466723918914795 2.2374794483184814
v 0.49877771735191345 -0.7694863677024841 2.34403395652771
v 0.5352538228034973 -0.7900513410568237 2.448420286178589
v 0.5716559290885925 -0.8082072734832764 2.5503275394439697
v 0.6078267693519592 -0.8237943649291992 2.649444341659546
v 0.6436092257499695 -0.8366525769233704 2.745459794998169
v 0.6788460612297058 -0.846622109413147 2.8380627632141113
v 0.7133800983428955 -0.8535428643226624 2.9269425868988037
v 0.7470540404319763 -0.8572551012039185 3.0117876529693604
v 0.7797107696533203 -0.8575987815856934 3.092287063598633
v 0.8111929893493652 -0.8544139862060547 3.1681299209594727
l 760 761 762 763 764 765 766 767 768 769 770 771 772 773 774 775 776 777 778 779 780 781 782 783 784 785 786 787 788 789 790 791 792 
o Tracks_V3
v 0.000609247013926506 0.0006202950025908649 -0.0026828800328075886
v -0.004578262567520142 -0.030814630910754204 -0.01988031156361103
v -0.013781527057290077 -0.06284219771623611 -0.03856031224131584
v -0.02678588218986988 -0.09533308446407318 -0.058625027537345886
v -0.04337666183710098 -0.12815795838832855 -0.07997661083936691
v -0.06333920359611511 -0.16118749976158142 -0.10251720994710922
v -0.08645884692668915 -0.19429239630699158 -0.12614896893501282
v -0.11252091825008392 -0.22734329104423523 -0.1507740467786789
v -0.14131075143814087 -0.26021090149879456 -0.17629456520080566
v -0.1726136952638626 -0.29276585578918457 -0.2026127129793167
v -0.20621508359909058 -0.32487887144088745 -0.22963060438632965
v -0.2419002503156662 -0.3564206063747406 -0.2572503983974457
v -0.2794545292854309 -0.3872617185115814 -0.285374253988266
v -0.31866323947906494 -0.4172729253768921 -0.3139043152332306
v -0.3593117296695709 -0.4463248550891876 -0.3427427113056183
v -0.4011853337287903 -0.4742882251739502 -0.37179163098335266
v -0.44406941533088684 -0.5010336637496948 -0.40095317363739014
v -0.48774927854537964 -0.5264319181442261 -0.4301294982433319
v -0.5320102572441101 -0.5503535866737366 -0.45922279357910156
v -0.5766376852989197 -0.5726693868637085 -0.4881351888179779
v -0.6214169263839722 -0.5932499766349792 -0.5167688131332397
v -0.6661332845687866 -0.6119660139083862 -0.5450258255004883
v -0.7105721235275269 -0.6286882162094116 -0.5728083252906799
v -0.7545188069343567 -0.6432872414588928 -0.6000185608863831
v -0.7977585792541504 -0.655633807182312 -0.6265586614608765
v -0.8400768041610718 -0.6655985116958618 -0.6523306965827942
v -0.8812588453292847 -0.6730520725250244 -0.6772368550300598
v -0.9210900664329529 -0.6778651475906372 -0.7011793255805969
v -0.9593557715415955 -0.6799083948135376 -0.7240602374076843
v -0.9958412647247314 -0.6790525317192078 -0.745781660079956
v -1.0303318500518799 -0.6751682758331299 -0.7662458419799805
v -1.0626130104064941 -0.6681261658668518 -0.7853549122810364
v -1.0924700498580933 -0.6577969789505005 -0.8030110001564026
l 793 794 795 796 797 798 799 800 801 802 803 804 805 806 807 808 809 810 811 812 813 814 815 816 817 818 819 820 821 822 823 824 825 
o Tracks_V3
v 0.0005455680075101554 0.000629531976301223 -0.05284719914197922
v -0.004237355198711157 -0.030944781377911568 -0.08439367264509201
v -0.011656660586595535 -0.06366287171840668 -0.11799992620944977
v -0.021592970937490463 -0.09739512950181961 -0.1535290628671646
v -0.03392690792679787 -0.13201193511486053 -0.19084417819976807
v -0.04853909835219383 -0.16738367080688477 -0.22980837523937225
v -0.06531015783548355 -0.20338074862957 -0.2702847123146057
v -0.0841207206249237 -0.23987352848052979 -0.31213632225990295
v -0.10485140234231949 -0.2767323851585388 -0.3552262485027313
v -0.12738282978534698 -0.3138277530670166 -0.3994176387786865
v -0.15159562230110168 -0.35102999210357666 -0.4445735514163971
v -0.17737039923667908 -0.3882094621658325 -0.49055707454681396
v -0.20458780229091644 -0.42523661255836487 -0.5372313261032104
v -0.23312842845916748 -0.46198177337646484 -0.5844594240188599
v -0.2628729045391083 -0.49831536412239075 -0.6321043968200684
v -0.2937018871307373 -0.5341077446937561 -0.6800293326377869
v -0.32549595832824707 -0.5692293047904968 -0.7280973792076111
v -0.35813575983047485 -0.6035504341125488 -0.7761716246604919
v -0.39150193333625793 -0.6369415521621704 -0.8241151571273804
v -0.4254750609397888 -0.6692730188369751 -0.8717910051345825
v -0.4599357843399048 -0.7004152536392212 -0.9190623164176941
v -0.4947647452354431 -0.7302385568618774 -0.9657922387123108
v -0.5298425555229187 -0.7586134076118469 -1.0118438005447388
v -0.5650498270988464 -0.7854101657867432 -1.0570800304412842
v -0.6002671718597412 -0.8104991912841797 -1.1013641357421875
v -0.6353752017021179 -0.8337509036064148 -1.1445591449737549
v -0.670254647731781 -0.8550356030464172 -1.186528205871582
v -0.7047860026359558 -0.8742238283157349 -1.227134346961975
v -0.738849937915802 -0.8911858201026917 -1.2662407159805298
v -0.7723270654678345 -0.9057921171188354 -1.3037103414535522
v -0.8050980567932129 -0.9179129600524902 -1.3394063711166382
v -0.8370434641838074 -0.9274187684059143 -1.3731919527053833
v -0.8680440187454224 -0.9341800212860107 -1.4049299955368042
l 826 827 828 829 830 831 832 833 834 835 836 837 838 839 840 841 842 843 844 845 846 847 848 849 850 851 852 853 854 855 856 857 858 
o Tracks_V3
v 0.0007287819753400981 0.0006101769977249205 -0.05256880074739456
v -0.0025425567291677 -0.029538797214627266 -0.047178979963064194
v -0.011763623915612698 -0.05936292186379433 -0.04106290265917778
v -0.0265672467648983 -0.08876524120569229 -0.03426869958639145
v -0.046586256474256516 -0.11764881014823914 -0.026844501495361328
v -0.07145348191261292 -0.14591668546199799 -0.018838439136743546
v -0.1008017435669899 -0.17347191274166107 -0.010298644192516804
v -0.13426388800144196 -0.20021753013134003 -0.0012732468312606215
v -0.1714727282524109 -0.22605662047863007 0.00818962138146162
v -0.2120610922574997 -0.2508922219276428 0.018041828647255898
v -0.25566181540489197 -0.27462735772132874 0.02823524735867977
v -0.3019077479839325 -0.2971651256084442 0.03872174024581909
v -0.3504316508769989 -0.3184085488319397 0.04945318400859833
v -0.40086644887924194 -0.338260680437088 0.060381438583135605
v -0.45284488797187805 -0.356624573469162 0.07145838439464569
v -0.5059998631477356 -0.37340328097343445 0.08263587951660156
v -0.559964120388031 -0.3884998559951782 0.09386579692363739
v -0.614370584487915 -0.4018173813819885 0.10510000586509705
v -0.6688519716262817 -0.4132588505744934 0.1162903755903244
v -0.7230412364006042 -0.4227273166179657 0.12738877534866333
v -0.7765711545944214 -0.430125892162323 0.1383470743894577
v -0.829074501991272 -0.43535757064819336 0.1491171270608902
v -0.8801841735839844 -0.438325434923172 0.15965083241462708
v -0.9295330047607422 -0.43893253803253174 0.169900044798851
v -0.9767537713050842 -0.437081903219223 0.1798166185617447
v -1.0214793682098389 -0.4326765835285187 0.18935243785381317
v -1.0633424520492554 -0.4256196618080139 0.19845937192440033
v -1.1019761562347412 -0.4158141613006592 0.20708929002285004
v -1.1370130777359009 -0.4031631648540497 0.21519406139850616
v -1.168086051940918 -0.38756969571113586 0.2227255403995514
v -1.1948280334472656 -0.36893680691719055 0.22963561117649078
v -1.216871738433838 -0.3471675515174866 0.2358761429786682
v -1.2338500022888184 -0.32216501235961914 0.24139900505542755
l 859 860 861 862 863 864 865 866 867 868 869 870 871 872 873 874 875 876 877 878 879 880 881 882 883 884 885 886 887 888 889 890 891 
o Tracks_V3
v 0.00048336299369111657 0.0006072850083000958 -0.02601799927651882
v -0.0004966513370163739 -0.031743600964546204 0.03851240128278732
v -0.003939208574593067 -0.06545038521289825 0.10690025240182877
v -0.009743351489305496 -0.10037658363580704 0.1788884997367859
v -0.017808126285672188 -0.1363857239484787 0.2542200982570648
v -0.0280325748026371 -0.17334133386611938 0.3326379656791687
v -0.040315739810466766 -0.21110694110393524 0.41388508677482605
v -0.054556671530008316 -0.24954605102539062 0.4977043867111206
v -0.07065440714359283 -0.2885221838951111 0.5838388204574585
v -0.0885079875588417 -0.32789888978004456 0.6720312833786011
v -0.1080164685845375 -0.3675396740436554 0.7620247602462769
v -0.12907887995243073 -0.40730804204940796 0.8535622358322144
v -0.15159428119659424 -0.4470675587654114 0.9463865756988525
v -0.17546170949935913 -0.48668172955513 1.04024076461792
v -0.2005801945924759 -0.5260140895843506 1.134867787361145
v -0.2268488109111786 -0.5649281144142151 1.2300106287002563
v -0.2541665732860565 -0.6032873392105103 1.3254120349884033
v -0.28243252635002136 -0.6409553289413452 1.420815110206604
v -0.3115457594394684 -0.6777955889701843 1.5159627199172974
v -0.3414052426815033 -0.7136716246604919 1.6105979681015015
v -0.37191006541252136 -0.7484470009803772 1.7044636011123657
v -0.40295928716659546 -0.7819851636886597 1.7973026037216187
v -0.4344519078731537 -0.8141497373580933 1.8888580799102783
v -0.4662870168685913 -0.8448041677474976 1.9788727760314941
v -0.4983636140823364 -0.8738120198249817 2.067089796066284
v -0.5305807590484619 -0.9010367393493652 2.153251886367798
v -0.562837541103363 -0.9263419508934021 2.2371022701263428
v -0.5950329303741455 -0.9495911598205566 2.3183836936950684
v -0.6270659565925598 -0.9706478714942932 2.396839141845703
v -0.658835768699646 -0.9893755316734314 2.4722113609313965
v -0.6902413368225098 -1.005637764930725 2.544243812561035
v -0.7211817502975464 -1.0192980766296387 2.6126790046691895
v -0.7515559792518616 -1.0302200317382812 2.677259922027588
l 892 893 894 895 896 897 898 899 900 901 902 903 904 905 906 907 908 909 910 911 912 913 914 915 916 917 918 919 920 921 922 923 924 
o Tracks_V3
v 0.0006006999756209552 0.0006161449709907174 0.01310800015926361
v -0.00010133333125850186 -0.03186286240816116 0.08844173699617386
v 0.0017016531201079488 -0.06579434126615524 0.1682346612215042
v 0.0059096915647387505 -0.10103515535593033 0.25218963623046875
v 0.012422814965248108 -0.1374422013759613 0.3400094509124756
v 0.02114105597138405 -0.17487232387065887 0.4313969910144806
v 0.03196444362401962 -0.21318241953849792 0.5260550379753113
v 0.0447930172085762 -0.25222933292388916 0.6236864328384399
v 0.059526801109313965 -0.29186999797821045 0.7239940762519836
v 0.07606583088636398 -0.3319612145423889 0.8266806602478027
v 0.09431014209985733 -0.37235990166664124 0.9314491748809814
v 0.11415976285934448 -0.4129229187965393 1.038002371788025
v 0.13551472127437592 -0.45350712537765503 1.146043062210083
v 0.1582750678062439 -0.4939694404602051 1.2552741765975952
v 0.1823408156633377 -0.534166693687439 1.3653984069824219
v 0.20761200785636902 -0.573955774307251 1.4761186838150024
v 0.2339886724948883 -0.6131935715675354 1.5871378183364868
v 0.26137083768844604 -0.6517369151115417 1.698158621788025
v 0.2896585464477539 -0.6894426941871643 1.8088840246200562
v 0.31875181198120117 -0.7261677980422974 1.919016718864441
v 0.3485507071018219 -0.7617691159248352 2.028259515762329
v 0.378955215215683 -0.7961035370826721 2.1363155841827393
v 0.4098653793334961 -0.8290278315544128 2.242887258529663
v 0.4411812722682953 -0.8603989481925964 2.347677707672119
v 0.47280287742614746 -0.8900737762451172 2.4503896236419678
v 0.5046302676200867 -0.9179092049598694 2.5507259368896484
v 0.5365633964538574 -0.9437620043754578 2.6483895778656006
v 0.5685024261474609 -0.9674891233444214 2.7430830001831055
v 0.6003472805023193 -0.9889474511146545 2.8345093727111816
v 0.6319980621337891 -1.0079938173294067 2.9223713874816895
v 0.663354754447937 -1.0244851112365723 3.0063719749450684
v 0.6943173408508301 -1.0382782220840454 3.0862138271331787
v 0.7247859835624695 -1.0492299795150757 3.161600112915039
l 925 926 927 928 929 930 931 932 933 934 935 936 937 938 939 940 941 942 943 944 945 946 947 948 949 950 951 952 953 954 955 956 957 
o Tracks_V3
v 0.0006991479895077646 0.0006076950230635703 -0.001942479982972145
v 0.0004265056340955198 -0.0320090726017952 0.058144666254520416
v -0.002582522574812174 -0.06595637649297714 0.12188464403152466
v -0.008212773129343987 -0.10109203308820724 0.189034104347229
v -0.016349080950021744 -0.1372738480567932 0.2593497037887573
v -0.026876281946897507 -0.17435964941978455 0.3325881063938141
v -0.03967921435832977 -0.21220722794532776 0.40850597620010376
v -0.05464271083474159 -0.25067442655563354 0.4868599474430084
v -0.07165160775184631 -0.2896190285682678 0.5674066543579102
v -0.09059074521064758 -0.3288988471031189 0.6499028205871582
v -0.11134495586156845 -0.3683716952800751 0.7341050505638123
v -0.13379907608032227 -0.40789541602134705 0.8197699785232544
v -0.15783794224262238 -0.44732776284217834 0.9066542983055115
v -0.18334637582302094 -0.48652660846710205 0.9945147037506104
v -0.21020923554897308 -0.5253497362136841 1.0831077098846436
v -0.23831135034561157 -0.5636549592018127 1.1721901893615723
v -0.26753756403923035 -0.6013001203536987 1.2615185976028442
v -0.29777267575263977 -0.638143002986908 1.3508496284484863
v -0.32890158891677856 -0.6740413904190063 1.4399399757385254
v -0.3608090579509735 -0.7088531255722046 1.5285463333129883
v -0.39337998628616333 -0.7424360513687134 1.6164252758026123
v -0.4264991581439972 -0.7746478915214539 1.7033336162567139
v -0.46005144715309143 -0.8053465485572815 1.7890278100967407
v -0.49392169713974 -0.8343898057937622 1.8732645511627197
v -0.527994692325592 -0.8616355061531067 1.9558005332946777
v -0.5621553063392639 -0.8869413733482361 2.0363924503326416
v -0.5962883830070496 -0.9101653099060059 2.1147968769073486
v -0.6302787065505981 -0.9311650395393372 2.1907706260681152
v -0.6640111804008484 -0.9497984647750854 2.2640700340270996
v -0.6973706483840942 -0.9659233689308167 2.3344521522521973
v -0.7302418351173401 -0.9793975353240967 2.4016733169555664
v -0.7625097036361694 -0.9900788068771362 2.4654905796051025
v -0.7940589785575867 -0.997825026512146 2.5256600379943848
l 958 959 960 961 962 963 964 965 966 967 968 969 970 971 972 973 974 975 976 977 978 979 980 981 982 983 984 985 986 987 988 989 990 
o Tracks_V3
v 0.0006998790195211768 0.0006089590024203062 -0.026363899931311607
v 0.0009221388027071953 -0.030286716297268867 -0.005447180010378361
v 0.0004519272188190371 -0.062930166721344 0.016683772206306458
v -0.0006888570496812463 -0.0972004160284996 0.03994809836149216
v -0.0024783152621239424 -0.1329764574766159 0.0642649456858635
v -0.004894549027085304 -0.17013731598854065 0.08955344557762146
v -0.007915658876299858 -0.2085620015859604 0.11573275923728943
v -0.011519746854901314 -0.24812953174114227 0.1427220106124878
v -0.015684913843870163 -0.28871890902519226 0.17044034600257874
v -0.020389260724186897 -0.3302091360092163 0.19880692660808563
v -0.025610890239477158 -0.37247925996780396 0.22774086892604828
v -0.031327903270721436 -0.41540825366973877 0.25716134905815125
v -0.037518396973609924 -0.4588751196861267 0.28698745369911194
v -0.04416048154234886 -0.5027589201927185 0.3171383738517761
v -0.05123224854469299 -0.5469386577606201 0.347533255815506
v -0.05871180444955826 -0.5912933349609375 0.3780912160873413
v -0.0665772557258606 -0.6357019543647766 0.4087314009666443
v -0.07480669021606445 -0.6800434589385986 0.4393729567527771
v -0.08337821811437607 -0.7241970300674438 0.46993502974510193
v -0.09226994216442108 -0.7680415511131287 0.500336766242981
v -0.10145995765924454 -0.811456024646759 0.5304972529411316
v -0.11092636734247208 -0.8543195724487305 0.5603357553482056
v -0.12064728140830994 -0.8965110778808594 0.5897713303565979
v -0.13060078024864197 -0.9379096627235413 0.6187230944633484
v -0.1407649964094162 -0.9783942699432373 0.6471102237701416
v -0.15111801028251648 -1.0178439617156982 0.6748519539833069
v -0.16163791716098785 -1.0561376810073853 0.7018672823905945
v -0.17230282723903656 -1.0931544303894043 0.728075385093689
v -0.18309085071086884 -1.1287733316421509 0.7533954381942749
v -0.19398006796836853 -1.1628732681274414 0.7777466177940369
v -0.20494860410690308 -1.1953333616256714 0.8010479807853699
v -0.21597455441951752 -1.2260326147079468 0.8232187628746033
v -0.2270359992980957 -1.2548500299453735 0.8441780209541321
l 991 992 993 994 995 996 997 998 999 1000 1001 1002 1003 1004 1005 1006 1007 1008 1009 1010 1011 1012 1013 1014 1015 1016 1017 1018 1019 1020 1021 1022 1023 
o Tracks_V3
v 0.0006403970182873309 0.0006049589719623327 -0.026182400062680244
v 0.001378014450892806 -0.030986234545707703 0.018085544928908348
v 0.0003275035123806447 -0.06422138214111328 0.06500475853681564
v -0.002446674508973956 -0.09896502643823624 0.11439861357212067
v -0.006880057975649834 -0.1350817233324051 0.1660904735326767
v -0.012908185832202435 -0.17243599891662598 0.21990370750427246
v -0.020466595888137817 -0.2108924239873886 0.2756616771221161
v -0.02949082851409912 -0.25031551718711853 0.3331877589225769
v -0.039916422218084335 -0.29056984186172485 0.3923053443431854
v -0.05167891085147858 -0.3315199315547943 0.4528377652168274
v -0.06471384316682816 -0.3730303645133972 0.5146083831787109
v -0.07895674556493759 -0.4149656295776367 0.577440619468689
v -0.0943431630730629 -0.45719030499458313 0.6411578059196472
v -0.11080863326787949 -0.4995689392089844 0.7055832743644714
v -0.12828870117664337 -0.5419660806655884 0.7705404758453369
v -0.14671888947486877 -0.5842462778091431 0.8358527421951294
v -0.1660347580909729 -0.626274049282074 0.9013434648513794
v -0.18617181479930878 -0.6679139733314514 0.9668359160423279
v -0.2070656418800354 -0.7090305685997009 1.032153606414795
v -0.2286517322063446 -0.7494884133338928 1.0971198081970215
v -0.2508656680583954 -0.7891519665718079 1.161557912826538
v -0.27364295721054077 -0.8278858661651611 1.2252912521362305
v -0.2969191372394562 -0.865554690361023 1.288143277168274
v -0.320629745721817 -0.9020228385925293 1.3499373197555542
v -0.3447103500366211 -0.93715500831604 1.410496711730957
v -0.3690964877605438 -0.9708156585693359 1.4696449041366577
v -0.39372363686561584 -1.0028693675994873 1.527205228805542
v -0.41852742433547974 -1.033180594444275 1.583000898361206
v -0.44344332814216614 -1.0616140365600586 1.6368556022644043
v -0.46840688586235046 -1.0880341529846191 1.6885924339294434
v -0.4933536648750305 -1.1123055219650269 1.7380348443984985
v -0.5182191729545593 -1.1342926025390625 1.7850062847137451
v -0.5429390072822571 -1.1538599729537964 1.8293299674987793
l 1024 1025 1026 1027 1028 1029 1030 1031 1032 1033 1034 1035 1036 1037 1038 1039 1040 1041 1042 1043 1044 1045 1046 1047 1048 1049 1050 1051 1052 1053 1054 1055 1056 
o Tracks_V3
v 0.0008054799982346594 0.0006081989849917591 -0.025945499539375305
v 0.0014648344367742538 -0.025569673627614975 0.050736233592033386
v 0.004113334231078625 -0.052820462733507156 0.1318896859884262
v 0.008669370785355568 -0.08103551715612411 0.21721695363521576
v 0.015051335096359253 -0.11010619252920151 0.30642008781433105
v 0.023177620023489 -0.1399238258600235 0.3992011547088623
v 0.03296661749482155 -0.17037975788116455 0.4952622354030609
v 0.0443367175757885 -0.20136535167694092 0.5943053960800171
v 0.05720631033182144 -0.23277193307876587 0.6960327625274658
v 0.07149378955364227 -0.26449087262153625 0.8001463413238525
v 0.08711754530668259 -0.29641351103782654 0.9063482284545898
v 0.10399597883224487 -0.3284311890602112 1.0143405199050903
v 0.12204746156930923 -0.36043524742126465 1.1238253116607666
v 0.14119040966033936 -0.3923170566558838 1.2345045804977417
v 0.16134318709373474 -0.42396795749664307 1.3460804224014282
v 0.18242420256137848 -0.45527926087379456 1.4582550525665283
v 0.20435185730457306 -0.4861423671245575 1.5707303285598755
v 0.22704452276229858 -0.5164486169815063 1.6832084655761719
v 0.25042060017585754 -0.5460892915725708 1.79539155960083
v 0.27439847588539124 -0.5749558210372925 1.9069815874099731
v 0.29889655113220215 -0.6029394865036011 2.0176806449890137
v 0.3238331973552704 -0.6299316883087158 2.1271908283233643
v 0.3491268455982208 -0.6558237075805664 2.2352142333984375
v 0.3746958374977112 -0.6805070042610168 2.3414528369903564
v 0.40045860409736633 -0.703872799873352 2.4456088542938232
v 0.4263335168361664 -0.725812554359436 2.547384262084961
v 0.45223894715309143 -0.7462174892425537 2.6464812755584717
v 0.47809335589408875 -0.7649790644645691 2.7426016330718994
v 0.5038150548934937 -0.7819885611534119 2.8354477882385254
v 0.5293225049972534 -0.7971373796463013 2.9247214794158936
v 0.5545340180397034 -0.810316801071167 3.010125160217285
v 0.5793680548667908 -0.8214182257652283 3.091360569000244
v 0.6037430167198181 -0.8303329944610596 3.1681299209594727
l 1057 1058 1059 1060 1061 1062 1063 1064 1065 1066 1067 1068 1069 1070 1071 1072 1073 1074 1075 1076 1077 1078 1079 1080 1081 1082 1083 1084 1085 1086 1087 1088 1089 
o Tracks_V3
v 0.0007141120149753988 0.0006095980061218143 -0.05203859880566597
v 0.002852811012417078 -0.031258802860975266 0.01805649697780609
v 0.003134207334369421 -0.06478606909513474 0.09225756675004959
v 0.0016234301729127765 -0.09983476251363754 0.17029108107089996
v -0.0016143906395882368 -0.13626745343208313 0.25188350677490234
v -0.006514125503599644 -0.17394670844078064 0.3367612957954407
v -0.013010645285248756 -0.2127351015806198 0.4246509373188019
v -0.02103881910443306 -0.2524951994419098 0.5152788758277893
v -0.03053351864218712 -0.29308953881263733 0.6083716154098511
v -0.04142961651086807 -0.33438074588775635 0.7036556005477905
v -0.053661976009607315 -0.3762313425540924 0.8008573055267334
v -0.06716547161340714 -0.41850391030311584 0.8997032046318054
v -0.08187498152256012 -0.4610610008239746 0.9999197721481323
v -0.09772536158561707 -0.5037652254104614 1.1012334823608398
v -0.11465149372816086 -0.5464791059494019 1.2033706903457642
v -0.1325882375240326 -0.5890652537345886 1.3060580492019653
v -0.15147048234939575 -0.6313861608505249 1.4090219736099243
v -0.17123307287693024 -0.6733044385910034 1.5119887590408325
v -0.19181090593338013 -0.7146826982498169 1.6146851778030396
v -0.21313883364200592 -0.7553834915161133 1.7168374061584473
v -0.2351517230272293 -0.7952693104743958 1.8181720972061157
v -0.2577844560146332 -0.8342028260231018 1.9184155464172363
v -0.2809719145298004 -0.8720464706420898 2.017294406890869
v -0.3046489357948303 -0.9086629748344421 2.114535093307495
v -0.3287504315376282 -0.9439147710800171 2.2098641395568848
v -0.3532112240791321 -0.9776645302772522 2.3030078411102295
v -0.3779662251472473 -1.0097748041152954 2.3936927318573
v -0.4029502868652344 -1.0401079654693604 2.481645345687866
v -0.42809829115867615 -1.0685268640518188 2.566592216491699
v -0.45334509015083313 -1.0948939323425293 2.648259401321411
v -0.4786255359649658 -1.1190718412399292 2.7263739109039307
v -0.5038745403289795 -1.140923023223877 2.800662040710449
v -0.529026985168457 -1.1603100299835205 2.870850086212158
l 1090 1091 1092 1093 1094 1095 1096 1097 1098 1099 1100 1101 1102 1103 1104 1105 1106 1107 1108 1109 1110 1111 1112 1113 1114 1115 1116 1117 1118 1119 1120 1121 1122 
o Tracks_V3
v 0.0009061219752766192 0.0006465429905802011 -0.06765630096197128
v 0.003981936257332563 -0.030632855370640755 -0.055405501276254654
v 0.0016788665670901537 -0.06298685073852539 -0.04176296293735504
v -0.0057061705738306046 -0.09623777121305466 -0.026821112260222435
v -0.017876259982585907 -0.13020797073841095 -0.010672391392290592
v -0.03453448414802551 -0.16471977531909943 0.006590764503926039
v -0.05538392812013626 -0.19959551095962524 0.02487591840326786
v -0.08012767136096954 -0.23465754091739655 0.0440906323492527
v -0.10846880823373795 -0.2697281837463379 0.06414247304201126
v -0.14011040329933167 -0.30462977290153503 0.08493900299072266
v -0.17475557327270508 -0.3391846716403961 0.10638778656721115
v -0.2121073603630066 -0.3732151985168457 0.12839637696743011
v -0.25186887383461 -0.40654370188713074 0.1508723497390747
v -0.29374319314956665 -0.4389925003051758 0.1737232655286789
v -0.33743342757225037 -0.47038397192955017 0.19685669243335724
v -0.38264259696006775 -0.5005403757095337 0.2201801836490631
v -0.42907384037971497 -0.5292841196060181 0.24360130727291107
v -0.4764302372932434 -0.5564375519752502 0.2670276165008545
v -0.5244148373603821 -0.58182293176651 0.2903667092323303
v -0.5727307796478271 -0.6052626967430115 0.31352609395980835
v -0.6210811138153076 -0.6265791058540344 0.3364133834838867
v -0.6691688895225525 -0.6455944776535034 0.3589361310005188
v -0.7166972160339355 -0.6621312499046326 0.38100185990333557
v -0.7633692026138306 -0.6760116815567017 0.4025181829929352
v -0.8088879585266113 -0.68705815076828 0.423392653465271
v -0.8529564738273621 -0.6950929760932922 0.4435328245162964
v -0.8952779173851013 -0.6999384760856628 0.4628462493419647
v -0.9355553388595581 -0.7014170289039612 0.48124051094055176
v -0.9734917879104614 -0.699350893497467 0.49862319231033325
v -1.008790373802185 -0.6935625076293945 0.5149018168449402
v -1.0411542654037476 -0.6838741898536682 0.5299839377403259
v -1.0702863931655884 -0.6701082587242126 0.5437771081924438
v -1.0958900451660156 -0.6520869731903076 0.5561890006065369
l 1123 1124 1125 1126 1127 1128 1129 1130 1131 1132 1133 1134 1135 1136 1137 1138 1139 1140 1141 1142 1143 1144 1145 1146 1147 1148 1149 1150 1151 1152 1153 1154 1155 
o Tracks_V3
v 0.0007214110228233039 0.0006100410246290267 -0.04450260102748871
v 0.010991190560162067 -0.03390265256166458 0.005976732820272446
v 0.026278652250766754 -0.06707283854484558 0.06020946055650711
v 0.046269550919532776 -0.09885250777006149 0.11794625222682953
v 0.0706496462225914 -0.12919361889362335 0.17893777787685394
v 0.09910469502210617 -0.15804818272590637 0.2429347187280655
v 0.13132046163082123 -0.18536816537380219 0.3096877336502075
v 0.16698268055915833 -0.2111055552959442 0.37894752621650696
v 0.2057771384716034 -0.23521234095096588 0.4504646956920624
v 0.24738956987857819 -0.2576404809951782 0.5239899754524231
v 0.29150575399398804 -0.27834197878837585 0.5992740392684937
v 0.3378114104270935 -0.2972688376903534 0.6760675311088562
v 0.3859923183917999 -0.3143729865550995 0.7541211247444153
v 0.43573427200317383 -0.32960644364356995 0.8331855535507202
v 0.4867229759693146 -0.3429211676120758 0.913011372089386
v 0.5386441946029663 -0.3542691767215729 0.9933493137359619
v 0.5911837220191956 -0.3636024296283722 1.0739500522613525
v 0.6440272331237793 -0.3708729147911072 1.1545642614364624
v 0.6968605518341064 -0.37603262066841125 1.2349426746368408
v 0.7493695020675659 -0.37903350591659546 1.314835786819458
v 0.8012396693229675 -0.3798275887966156 1.3939944505691528
v 0.852156937122345 -0.3783668279647827 1.472169280052185
v 0.9018070697784424 -0.37460318207740784 1.5491108894348145
v 0.9498757123947144 -0.36848869919776917 1.6245700120925903
v 0.9960487484931946 -0.35997530817985535 1.6982972621917725
v 1.0400118827819824 -0.3490149974822998 1.7700433731079102
v 1.0814508199691772 -0.33555978536605835 1.8395589590072632
v 1.120051383972168 -0.319561630487442 1.9065947532653809
v 1.1554993391036987 -0.30097249150276184 1.9709014892578125
v 1.1874804496765137 -0.27974438667297363 2.0322296619415283
v 1.2156803607940674 -0.2558292746543884 2.090329885482788
v 1.2397849559783936 -0.22917914390563965 2.1449532508850098
v 1.2594799995422363 -0.1997459977865219 2.195849895477295
l 1156 1157 1158 1159 1160 1161 1162 1163 1164 1165 1166 1167 1168 1169 1170 1171 1172 1173 1174 1175 1176 1177 1178 1179 1180 1181 1182 1183 1184 1185 1186 1187 1188 
o Tracks_V3
v 0.000594443001318723 0.0005659899907186627 -0.05231640115380287
v 0.009810821153223515 -0.030274780467152596 -0.02234569750726223
v 0.016632696613669395 -0.06330668926239014 0.009681629948318005
v 0.021138373762369156 -0.09834795445203781 0.043629009276628494
v 0.02340615727007389 -0.13521680235862732 0.07935987412929535
v 0.02351434901356697 -0.17373143136501312 0.11673764139413834
v 0.021541256457567215 -0.21371005475521088 0.15562574565410614
v 0.017565181478857994 -0.254970908164978 0.19588759541511536
v 0.011664429679512978 -0.297332227230072 0.23738664388656616
v 0.003917304333299398 -0.34061217308044434 0.27998632192611694
v -0.005597889889031649 -0.3846290111541748 0.3235500156879425
v -0.016802849248051643 -0.4292009472846985 0.3679411709308624
v -0.02961927093565464 -0.47414618730545044 0.4130232632160187
v -0.043968845158815384 -0.5192829370498657 0.45865964889526367
v -0.0597732774913311 -0.5644294619560242 0.504713773727417
v -0.07695425301790237 -0.6094039082527161 0.5510491132736206
v -0.09543347358703613 -0.6540245413780212 0.5975289940834045
v -0.115132637321949 -0.6981095671653748 0.6440169811248779
v -0.13597343862056732 -0.7414772510528564 0.690376341342926
v -0.15787756443023682 -0.7839457392692566 0.736470639705658
v -0.18076671659946442 -0.8253332376480103 0.7821632623672485
v -0.20456260442733765 -0.8654580116271973 0.8273175954818726
v -0.22918689250946045 -0.9041382670402527 0.8717970848083496
v -0.25456130504608154 -0.9411922693252563 0.9154651761054993
v -0.28060752153396606 -0.9764381051063538 0.9581852555274963
v -0.30724725127220154 -1.0096940994262695 0.9998208284378052
v -0.3344022035598755 -1.0407785177230835 1.0402352809906006
v -0.36199402809143066 -1.0695093870162964 1.0792919397354126
v -0.3899444341659546 -1.0957050323486328 1.1168544292449951
v -0.4181751608848572 -1.1191837787628174 1.1527860164642334
v -0.4466078579425812 -1.1397637128829956 1.1869502067565918
v -0.4751642346382141 -1.1572630405426025 1.2192103862762451
v -0.5037660002708435 -1.1714999675750732 1.2494299411773682
l 1189 1190 1191 1192 1193 1194 1195 1196 1197 1198 1199 1200 1201 1202 1203 1204 1205 1206 1207 1208 1209 1210 1211 1212 1213 1214 1215 1216 1217 1218 1219 1220 1221 
o Tracks_V3
v 0.0006443039746955037 0.0005814660107716918 -0.0525830015540123
v 0.014579404145479202 -0.029868539422750473 -0.1256626695394516
v 0.032586146146059036 -0.0588165819644928 -0.2034175992012024
v 0.05440497025847435 -0.0862407311797142 -0.2855369448661804
v 0.079776331782341 -0.11211904883384705 -0.37170982360839844
v 0.10844065994024277 -0.13642960786819458 -0.461625337600708
v 0.1401384174823761 -0.15915048122406006 -0.5549726486206055
v 0.17461004853248596 -0.18025971949100494 -0.6514407992362976
v 0.21159598231315613 -0.19973540306091309 -0.7507190704345703
v 0.25083667039871216 -0.21755559742450714 -0.8524964451789856
v 0.2920725643634796 -0.23369838297367096 -0.9564620852470398
v 0.33504411578178406 -0.2481417953968048 -1.0623050928115845
v 0.37949174642562866 -0.26086392998695374 -1.1697146892547607
v 0.4251559376716614 -0.2718428671360016 -1.2783799171447754
v 0.471777081489563 -0.28105661273002625 -1.3879899978637695
v 0.5190956592559814 -0.28848332166671753 -1.4982339143753052
v 0.5668521523475647 -0.29410097002983093 -1.6088008880615234
v 0.6147869229316711 -0.2978877127170563 -1.7193799018859863
v 0.6626405119895935 -0.29982155561447144 -1.8296602964401245
v 0.7101532816886902 -0.29988059401512146 -1.9393310546875
v 0.7570656538009644 -0.2980428636074066 -2.048081398010254
v 0.8031181693077087 -0.29428648948669434 -2.1556003093719482
v 0.8480512499809265 -0.2885895073413849 -2.2615771293640137
v 0.8916053175926208 -0.28092995285987854 -2.3657007217407227
v 0.9335208535194397 -0.2712859511375427 -2.467660427093506
v 0.9735382199287415 -0.2596355378627777 -2.567145347595215
v 1.0113979578018188 -0.24595679342746735 -2.663844347000122
v 1.0468404293060303 -0.2302277684211731 -2.7574470043182373
v 1.079606056213379 -0.2124265432357788 -2.847641944885254
v 1.1094354391098022 -0.19253119826316833 -2.9341187477111816
v 1.1360689401626587 -0.17051976919174194 -3.016566276550293
v 1.1592469215393066 -0.14637035131454468 -3.0946736335754395
v 1.1787099838256836 -0.1200610026717186 -3.1681299209594727
l 1222 1223 1224 1225 1226 1227 1228 1229 1230 1231 1232 1233 1234 1235 1236 1237 1238 1239 1240 1241 1242 1243 1244 1245 1246 1247 1248 1249 1250 1251 1252 1253 1254 
o Tracks_V3
v 0.0006806739838793874 0.0005851199966855347 -0.026386599987745285
v 0.019520651549100876 -0.02813917212188244 -0.10048113018274307
v 0.0421081967651844 -0.055275287479162216 -0.17921900749206543
v 0.06820036470890045 -0.0808122456073761 -0.26229128241539
v 0.09755421429872513 -0.10473905503749847 -0.3493890166282654
v 0.12992680072784424 -0.12704473733901978 -0.4402032196521759
v 0.1650751680135727 -0.14771829545497894 -0.5344250202178955
v 0.2027563899755478 -0.1667487621307373 -0.6317453980445862
v 0.24272750318050385 -0.1841251403093338 -0.7318554520606995
v 0.28474560379981995 -0.19983644783496857 -0.8344462513923645
v 0.3285676836967468 -0.21387171745300293 -0.9392087459564209
v 0.3739508390426636 -0.22621993720531464 -1.0458340644836426
v 0.4206521213054657 -0.23687013983726501 -1.1540132761001587
v 0.4684286117553711 -0.245811328291893 -1.2634373903274536
v 0.5170373320579529 -0.25303253531455994 -1.3737975358963013
v 0.5662353038787842 -0.25852274894714355 -1.484784722328186
v 0.6157796382904053 -0.2622710168361664 -1.5960898399353027
v 0.6654273867607117 -0.26426634192466736 -1.7074042558670044
v 0.7149356007575989 -0.2644977271556854 -1.8184187412261963
v 0.7640613317489624 -0.2629542052745819 -1.9288244247436523
v 0.8125616312026978 -0.25962480902671814 -2.0383124351501465
v 0.8601935505867004 -0.2544984817504883 -2.146573781967163
v 0.906714141368866 -0.24756431579589844 -2.2532997131347656
v 0.9518805146217346 -0.23881129920482635 -2.3581807613372803
v 0.9954496622085571 -0.22822843492031097 -2.4609084129333496
v 1.037178635597229 -0.21580475568771362 -2.561173677444458
v 1.0768245458602905 -0.20152927935123444 -2.65866756439209
v 1.1141443252563477 -0.18539099395275116 -2.7530810832977295
v 1.148895263671875 -0.16737894713878632 -2.8441052436828613
v 1.180834174156189 -0.14748212695121765 -2.9314310550689697
v 1.2097182273864746 -0.1256895810365677 -3.0147500038146973
v 1.2353044748306274 -0.10199029743671417 -3.093752384185791
v 1.257349967956543 -0.07637330144643784 -3.1681299209594727
l 1255 1256 1257 1258 1259 1260 1261 1262 1263 1264 1265 1266 1267 1268 1269 1270 1271 1272 1273 1274 1275 1276 1277 1278 1279 1280 1281 1282 1283 1284 1285 1286 1287 
o Tracks_V3
v 0.000720703974366188 0.0006078570149838924 -0.02631779946386814
v 0.020180493593215942 -0.026218054816126823 0.04916244000196457
v 0.043016284704208374 -0.05154633894562721 0.1293233186006546
v 0.06900811195373535 -0.07536864280700684 0.2138538360595703
v 0.09793602675199509 -0.09767661243677139 0.3024429976940155
v 0.1295800507068634 -0.11846190690994263 0.39477983117103577
v 0.1637202501296997 -0.1377161592245102 0.4905533492565155
v 0.20013664662837982 -0.15543103218078613 0.5894525051116943
v 0.23860926926136017 -0.1715981662273407 0.6911664009094238
v 0.27891820669174194 -0.18620920181274414 0.7953839898109436
v 0.3208434283733368 -0.1992558091878891 0.9017942547798157
v 0.3641650378704071 -0.21072961390018463 1.0100862979888916
v 0.4086630344390869 -0.22062228620052338 1.1199489831924438
v 0.4541175067424774 -0.2289254516363144 1.2310714721679688
v 0.5003084540367126 -0.23563078045845032 1.3431426286697388
v 0.547015905380249 -0.2407298982143402 1.4558515548706055
v 0.594019889831543 -0.2442144751548767 1.5688873529434204
v 0.6411005258560181 -0.24607615172863007 1.6819387674331665
v 0.6880378127098083 -0.24630655348300934 1.7946950197219849
v 0.7346117496490479 -0.24489736557006836 1.9068450927734375
v 0.7806024551391602 -0.24184022843837738 2.018078088760376
v 0.8257899284362793 -0.23712676763534546 2.128082752227783
v 0.8699541687965393 -0.23074865341186523 2.2365481853485107
v 0.9128752946853638 -0.22269752621650696 2.34316349029541
v 0.9543332457542419 -0.21296502649784088 2.447617530822754
v 0.9941082000732422 -0.20154282450675964 2.5495996475219727
v 1.031980037689209 -0.1884225457906723 2.6487984657287598
v 1.0677289962768555 -0.1735958606004715 2.744903087615967
v 1.1011348962783813 -0.15705439448356628 2.8376028537750244
v 1.131977915763855 -0.1387898027896881 2.926586151123047
v 1.1600381135940552 -0.11879374831914902 3.011542558670044
v 1.1850954294204712 -0.09705786406993866 3.092160940170288
v 1.2069300413131714 -0.07357379794120789 3.1681299209594727
l 1288 1289 1290 1291 1292 1293 1294 1295 1296 1297 1298 1299 1300 1301 1302 1303 1304 1305 1306 1307 1308 1309 1310 1311 1312 1313 1314 1315 1316 1317 1318 1319 1320 
o Tracks_V3
v 0.0006812710198573768 0.0005814239848405123 -0.04413190111517906
v 0.021185630932450294 -0.025412846356630325 -0.10950194299221039
v 0.04477923363447189 -0.05055097118020058 -0.1788623183965683
v 0.07127317786216736 -0.07479967921972275 -0.2519475817680359
v 0.10047856718301773 -0.09812569618225098 -0.3284922242164612
v 0.1322064995765686 -0.1204957440495491 -0.40823081135749817
v 0.16626806557178497 -0.14187656342983246 -0.49089786410331726
v 0.20247437059879303 -0.1622348576784134 -0.5762279033660889
v 0.24063652753829956 -0.18153737485408783 -0.6639555096626282
v 0.28056561946868896 -0.19975082576274872 -0.7538151741027832
v 0.3220727741718292 -0.2168419510126114 -0.8455414175987244
v 0.36496904492378235 -0.23277747631072998 -0.9388687610626221
v 0.4090655446052551 -0.24752411246299744 -1.0335317850112915
v 0.45417341589927673 -0.2610485851764679 -1.1292650699615479
v 0.5001037120819092 -0.2733176648616791 -1.225803017616272
v 0.5466675162315369 -0.28429803252220154 -1.3228801488876343
v 0.5936760306358337 -0.2939563989639282 -1.4202311038970947
v 0.640940248966217 -0.30225953459739685 -1.5175904035568237
v 0.6882712841033936 -0.30917415022850037 -1.6146925687789917
v 0.7354803085327148 -0.3146669864654541 -1.711272120475769
v 0.7823783159255981 -0.318704754114151 -1.8070635795593262
v 0.828776478767395 -0.321254163980484 -1.9018014669418335
v 0.8744859099388123 -0.32228195667266846 -1.995220422744751
v 0.9193176031112671 -0.3217548727989197 -2.08705472946167
v 0.9630827903747559 -0.3196396231651306 -2.17703914642334
v 1.0055925846099854 -0.3159029483795166 -2.2649080753326416
v 1.046657919883728 -0.3105115592479706 -2.3503963947296143
v 1.0860899686813354 -0.3034321665763855 -2.4332380294799805
v 1.1236999034881592 -0.2946315407752991 -2.5131678581237793
v 1.1592987775802612 -0.28407639265060425 -2.5899205207824707
v 1.1926976442337036 -0.27173343300819397 -2.6632304191589355
v 1.223707675933838 -0.2575693726539612 -2.732832193374634
v 1.2521400451660156 -0.2415509968996048 -2.798460006713867
l 1321 1322 1323 1324 1325 1326 1327 1328 1329 1330 1331 1332 1333 1334 1335 1336 1337 1338 1339 1340 1341 1342 1343 1344 1345 1346 1347 1348 1349 1350 1351 1352 1353 
o Tracks_V3
v 0.0007157580112107098 0.0006070649833418429 -0.052493900060653687
v 0.024030640721321106 -0.027070388197898865 -0.09367229789495468
v 0.05164986103773117 -0.050686538219451904 -0.13835234940052032
v 0.08323203772306442 -0.07037588208913803 -0.18630146980285645
v 0.11843579262495041 -0.08627292513847351 -0.2372870147228241
v 0.15691974759101868 -0.09851215779781342 -0.2910763919353485
v 0.19834251701831818 -0.10722807794809341 -0.3474369943141937
v 0.24236272275447845 -0.11255519092082977 -0.4061362147331238
v 0.28863897919654846 -0.11462799459695816 -0.4669414162635803
v 0.33682993054389954 -0.11358098685741425 -0.5296200513839722
v 0.38659417629241943 -0.1095486581325531 -0.5939394235610962
v 0.4375903606414795 -0.10266551375389099 -0.6596669554710388
v 0.4894770681858063 -0.09306605160236359 -0.7265700697898865
v 0.5419129133224487 -0.08088477700948715 -0.7944161295890808
v 0.5945565700531006 -0.06625618040561676 -0.8629725575447083
v 0.6470666527748108 -0.04931475594639778 -0.9320066571235657
v 0.6991016864776611 -0.03019501268863678 -1.0012859106063843
v 0.7503204345703125 -0.009031443856656551 -1.070577621459961
v 0.8003813624382019 0.014041450805962086 -1.1396493911743164
v 0.8489432334899902 0.03888917341828346 -1.2082682847976685
v 0.895664632320404 0.06537722051143646 -1.276201844215393
v 0.9402040839195251 0.09337110817432404 -1.3432176113128662
v 0.9822203516960144 0.12273631989955902 -1.4090827703475952
v 1.0213719606399536 0.15333835780620575 -1.4735647439956665
v 1.0573174953460693 0.18504273891448975 -1.5364309549331665
v 1.0897157192230225 0.21771496534347534 -1.5974488258361816
v 1.11822509765625 0.2512205243110657 -1.6563856601715088
v 1.142504334449768 0.2854249179363251 -1.7130088806152344
v 1.1622120141983032 0.32019364833831787 -1.7670860290527344
v 1.1770068407058716 0.3553922176361084 -1.8183842897415161
v 1.1865473985671997 0.390886127948761 -1.866671085357666
v 1.1904922723770142 0.42654088139533997 -1.9117138385772705
v 1.1885000467300415 0.46222200989723206 -1.953279972076416
l 1354 1355 1356 1357 1358 1359 1360 1361 1362 1363 1364 1365 1366 1367 1368 1369 1370 1371 1372 1373 1374 1375 1376 1377 1378 1379 1380 1381 1382 1383 1384 1385 1386 
o Tracks_V3
v 0.0008019490051083267 0.0006901079905219376 -0.06809289753437042
v 0.022497322410345078 -0.024544160813093185 -0.0024426232557743788
v 0.042531128972768784 -0.05275927856564522 0.06724303960800171
v 0.0609157420694828 -0.08375123888254166 0.1406952440738678
v 0.07766354829072952 -0.11731602996587753 0.21764513850212097
v 0.09278692305088043 -0.15324965119361877 0.2978239059448242
v 0.10629826039075851 -0.19134807586669922 0.38096269965171814
v 0.11820992082357407 -0.23140732944011688 0.46679267287254333
v 0.12853430211544037 -0.2732233703136444 0.5550450086593628
v 0.13728377223014832 -0.3165922164916992 0.6454508304595947
v 0.1444707214832306 -0.36130985617637634 0.7377412915229797
v 0.1501075178384781 -0.4071722626686096 0.8316476345062256
v 0.1542065590620041 -0.45397546887397766 0.9269009232521057
v 0.1567802131175995 -0.5015153884887695 1.023232340812683
v 0.15784086287021637 -0.549588143825531 1.1203731298446655
v 0.15740090608596802 -0.5979896187782288 1.2180542945861816
v 0.15547269582748413 -0.6465157866477966 1.316007137298584
v 0.1520686149597168 -0.694962739944458 1.413962721824646
v 0.1472010612487793 -0.743126392364502 1.5116523504257202
v 0.14088241755962372 -0.7908027768135071 1.6088069677352905
v 0.13312505185604095 -0.837787926197052 1.7051578760147095
v 0.1239413395524025 -0.883877694606781 1.80043625831604
v 0.11334367841482162 -0.9288682341575623 1.8943731784820557
v 0.10134443640708923 -0.97255539894104 1.9866999387741089
v 0.08795599639415741 -1.0147353410720825 2.0771474838256836
v 0.07319074124097824 -1.0552037954330444 2.165447235107422
v 0.057061053812503815 -1.0937570333480835 2.2513301372528076
v 0.03957931324839592 -1.1301909685134888 2.3345272541046143
v 0.020757894963026047 -1.1643015146255493 2.4147701263427734
v 0.0006091842078603804 -1.1958847045898438 2.4917895793914795
v -0.020854439586400986 -1.2247364521026611 2.565316915512085
v -0.04362059384584427 -1.2506529092788696 2.6350834369659424
v -0.06767690181732178 -1.2734299898147583 2.700819969177246
l 1387 1388 1389 1390 1391 1392 1393 1394 1395 1396 1397 1398 1399 1400 1401 1402 1403 1404 1405 1406 1407 1408 1409 1410 1411 1412 1413 1414 1415 1416 1417 1418 1419 
o Tracks_V3
v 0.0007209409959614277 0.0006097310106270015 -0.04428109899163246
v 0.024541666731238365 -0.018923353403806686 -0.043595779687166214
v 0.04915083944797516 -0.040265489369630814 -0.042872462421655655
v 0.07447094470262527 -0.06331486999988556 -0.042113736271858215
v 0.10042449086904526 -0.08796969056129456 -0.041322190314531326
v 0.1269339621067047 -0.11412814259529114 -0.04050040245056152
v 0.15392187237739563 -0.14168843626976013 -0.039650969207286835
v 0.18131068348884583 -0.17054875195026398 -0.038776468485593796
v 0.20902292430400848 -0.2006072998046875 -0.037879496812820435
v 0.2369810789823532 -0.23176227509975433 -0.03696263208985329
v 0.2651076316833496 -0.2639118432998657 -0.03602846711874008
v 0.2933250963687897 -0.2969542443752289 -0.03507958725094795
v 0.3215559422969818 -0.33078765869140625 -0.03411857411265373
v 0.349722683429718 -0.36531028151512146 -0.03314802423119545
v 0.3777478039264679 -0.40042030811309814 -0.03217051550745964
v 0.40555381774902344 -0.43601590394973755 -0.031188637018203735
v 0.43306320905685425 -0.4719953238964081 -0.030204979702830315
v 0.4601984918117523 -0.508256733417511 -0.029222125187516212
v 0.48688212037086487 -0.5446982979774475 -0.02824266254901886
v 0.5130366086959839 -0.5812183022499084 -0.02726917900145054
v 0.5385844707489014 -0.6177148222923279 -0.02630425989627838
v 0.5634481906890869 -0.654086172580719 -0.02535049431025982
v 0.5875502228736877 -0.6902304887771606 -0.024410465732216835
v 0.6108131408691406 -0.7260459065437317 -0.02348676323890686
v 0.6331593990325928 -0.7614307403564453 -0.022581972181797028
v 0.6545114517211914 -0.7962831258773804 -0.021698681637644768
v 0.6747918725013733 -0.8305013179779053 -0.020839475095272064
v 0.6939231157302856 -0.8639833927154541 -0.020006941631436348
v 0.7118276953697205 -0.8966276049613953 -0.0192036684602499
v 0.728428065776825 -0.9283322095870972 -0.018432239070534706
v 0.7436467409133911 -0.9589953422546387 -0.017695244401693344
v 0.7574062347412109 -0.9885151982307434 -0.016995269805192947
v 0.7696290016174316 -1.0167900323867798 -0.01633490063250065
l 1420 1421 1422 1423 1424 1425 1426 1427 1428 1429 1430 1431 1432 1433 1434 1435 1436 1437 1438 1439 1440 1441 1442 1443 1444 1445 1446 1447 1448 1449 1450 1451 1452 
o Tracks_V3
v 0.0008061680127866566 0.0007069620187394321 -0.05254359915852547
v 0.02508053556084633 -0.018808536231517792 -0.0399932786822319
v 0.05240426957607269 -0.03704942762851715 -0.026482610031962395
v 0.08257275074720383 -0.05401548370718956 -0.012075252830982208
v 0.11538137495517731 -0.06970647722482681 0.003165127709507942
v 0.15062551200389862 -0.0841221734881401 0.01917487196624279
v 0.18810056149959564 -0.09726235270500183 0.03589031472802162
v 0.22760188579559326 -0.10912676900625229 0.05324780195951462
v 0.26892489194869995 -0.11971520632505417 0.07118365913629532
v 0.311864972114563 -0.12902742624282837 0.0896342396736145
v 0.35621747374534607 -0.13706322014331818 0.10853587090969086
v 0.40177783370018005 -0.1438223272562027 0.12782488763332367
v 0.44834139943122864 -0.14930453896522522 0.14743764698505402
v 0.4957035481929779 -0.15350960195064545 0.16731047630310059
v 0.5436596870422363 -0.15643732249736786 0.18737970292568207
v 0.59200519323349 -0.15808744728565216 0.20758168399333954
v 0.6405354738235474 -0.15845975279808044 0.2278527319431305
v 0.6890458464622498 -0.1575540155172348 0.2481292188167572
v 0.737331748008728 -0.15536998212337494 0.26834744215011597
v 0.785188615322113 -0.15190745890140533 0.28844380378723145
v 0.8324117064476013 -0.1471661776304245 0.30835455656051636
v 0.8787965178489685 -0.14114594459533691 0.32801610231399536
v 0.9241383671760559 -0.13384650647640228 0.34736478328704834
v 0.9682326912879944 -0.1252676397562027 0.3663368821144104
v 1.01087486743927 -0.11540911346673965 0.3848688006401062
v 1.0518602132797241 -0.10427070409059525 0.40289682149887085
v 1.0909841060638428 -0.09185217320919037 0.4203573167324066
v 1.1280421018600464 -0.07815330475568771 0.437186598777771
v 1.1628293991088867 -0.06317385286092758 0.45332103967666626
v 1.1951414346694946 -0.04691360145807266 0.4686969816684723
v 1.224773645401001 -0.029372312128543854 0.4832507073879242
v 1.251521348953247 -0.01054975762963295 0.49691861867904663
v 1.2751799821853638 0.00955429021269083 0.5096369981765747
l 1453 1454 1455 1456 1457 1458 1459 1460 1461 1462 1463 1464 1465 1466 1467 1468 1469 1470 1471 1472 1473 1474 1475 1476 1477 1478 1479 1480 1481 1482 1483 1484 1485 
o Tracks_V3
v 0.0007548140129074454 0.0006507919752039015 -0.0022891100961714983
v 0.025745011866092682 -0.018428340554237366 -0.020935211330652237
v 0.05019158497452736 -0.040729474276304245 -0.040922634303569794
v 0.07404741644859314 -0.0660574808716774 -0.062162045389413834
v 0.09726537019014359 -0.0942172259092331 -0.08456411212682724
v 0.11979833245277405 -0.1250135749578476 -0.1080395057797432
v 0.14159917831420898 -0.15825140476226807 -0.13249889016151428
v 0.16262078285217285 -0.19373556971549988 -0.1578529328107834
v 0.1828160136938095 -0.2312709540128708 -0.1840122938156128
v 0.2021377682685852 -0.27066242694854736 -0.21088764071464539
v 0.2205388993024826 -0.3117148280143738 -0.23838965594768524
v 0.23797228932380676 -0.354233056306839 -0.26642900705337524
v 0.2543908357620239 -0.398021936416626 -0.2949163317680359
v 0.26974737644195557 -0.4428864121437073 -0.32376232743263245
v 0.2839948236942291 -0.4886312782764435 -0.3528776466846466
v 0.29708603024482727 -0.5350614190101624 -0.38217297196388245
v 0.30897387862205505 -0.5819817185401917 -0.41155895590782166
v 0.31961125135421753 -0.6291970610618591 -0.4409462511539459
v 0.32895100116729736 -0.6765123009681702 -0.4702455699443817
v 0.336946040391922 -0.7237322926521301 -0.49936753511428833
v 0.3435492515563965 -0.7706618905067444 -0.5282227993011475
v 0.3487134575843811 -0.8171060085296631 -0.556722104549408
v 0.3523915708065033 -0.8628694415092468 -0.5847761034965515
v 0.3545364439487457 -0.9077571630477905 -0.612295389175415
v 0.35510098934173584 -0.9515739679336548 -0.639190673828125
v 0.3540380597114563 -0.994124710559845 -0.6653726100921631
v 0.35130053758621216 -1.0352143049240112 -0.6907519102096558
v 0.34684130549430847 -1.0746476650238037 -0.7152391672134399
v 0.3406132161617279 -1.1122294664382935 -0.7387451529502869
v 0.3325691819190979 -1.147764801979065 -0.7611804604530334
v 0.3226620554924011 -1.181058406829834 -0.7824557423591614
v 0.31084468960762024 -1.211915135383606 -0.8024817109107971
v 0.2970699965953827 -1.2401399612426758 -0.8211690187454224
l 1486 1487 1488 1489 1490 1491 1492 1493 1494 1495 1496 1497 1498 1499 1500 1501 1502 1503 1504 1505 1506 1507 1508 1509 1510 1511 1512 1513 1514 1515 1516 1517 1518 
o Tracks_V3
v 0.0007588699809275568 0.0006701240199618042 -0.04320979863405228
v 0.024306699633598328 -0.015502195805311203 -0.11798742413520813
v 0.047453075647354126 -0.034243881702423096 -0.19718295335769653
v 0.0701538473367691 -0.055406030267477036 -0.28050217032432556
v 0.0923648476600647 -0.0788397416472435 -0.3676508963108063
v 0.11404192447662354 -0.10439611971378326 -0.45833492279052734
v 0.13514092564582825 -0.1319262534379959 -0.5522600412368774
v 0.15561768412590027 -0.16128124296665192 -0.6491320133209229
v 0.17542804777622223 -0.19231219589710236 -0.748656690120697
v 0.19452786445617676 -0.2248702198266983 -0.8505398631095886
v 0.2128729671239853 -0.25880637764930725 -0.9544873237609863
v 0.23041920363903046 -0.29397180676460266 -1.0602048635482788
v 0.24712243676185608 -0.330217570066452 -1.1673983335494995
v 0.2629384696483612 -0.3673948049545288 -1.2757734060287476
v 0.27782317996025085 -0.4053545892238617 -1.3850359916687012
v 0.29173240065574646 -0.44394803047180176 -1.4948917627334595
v 0.30462196469306946 -0.4830262362957001 -1.6050466299057007
v 0.31644773483276367 -0.5224402546882629 -1.715206503868103
v 0.32716554403305054 -0.5620412230491638 -1.825076937675476
v 0.3367312252521515 -0.6016802787780762 -1.934363842010498
v 0.34510064125061035 -0.6412084698677063 -2.0427730083465576
v 0.35222962498664856 -0.6804769039154053 -2.150010347366333
v 0.35807400941848755 -0.7193366289138794 -2.255781412124634
v 0.36258965730667114 -0.7576388716697693 -2.3597919940948486
v 0.3657324016094208 -0.7952346205711365 -2.4617483615875244
v 0.3674580752849579 -0.831974983215332 -2.5613558292388916
v 0.3677225410938263 -0.8677111268043518 -2.658320188522339
v 0.36648163199424744 -0.9022940993309021 -2.752347469329834
v 0.36369118094444275 -0.935575008392334 -2.8431437015533447
v 0.35930705070495605 -0.9674049615859985 -2.9304139614105225
v 0.3532851040363312 -0.997635006904602 -3.013864755630493
v 0.3455811142921448 -1.0261163711547852 -3.0932013988494873
v 0.33615100383758545 -1.0527000427246094 -3.1681299209594727
l 1519 1520 1521 1522 1523 1524 1525 1526 1527 1528 1529 1530 1531 1532 1533 1534 1535 1536 1537 1538 1539 1540 1541 1542 1543 1544 1545 1546 1547 1548 1549 1550 1551 
o Tracks_V3
v 0.0007232580101117492 0.0006152919959276915 -0.05233230069279671
v 0.0299755297601223 -0.01967836543917656 -0.1104913204908371
v 0.056842293590307236 -0.04411487653851509 -0.17265471816062927
v 0.08135067671537399 -0.07240526378154755 -0.2385561615228653
v 0.10352781414985657 -0.10426054149866104 -0.30792927742004395
v 0.12340083718299866 -0.1393917351961136 -0.3805077075958252
v 0.14099685847759247 -0.1775098741054535 -0.456025093793869
v 0.15634304285049438 -0.21832595765590668 -0.5342150926589966
v 0.16946648061275482 -0.26155102252960205 -0.614811360836029
v 0.18039432168006897 -0.3068960905075073 -0.6975474953651428
v 0.18915370106697083 -0.3540721833705902 -0.7821571826934814
v 0.1957717388868332 -0.4027903079986572 -0.8683739900588989
v 0.20027555525302887 -0.4527615010738373 -0.9559317231178284
v 0.20269230008125305 -0.5036967992782593 -1.044563889503479
v 0.20304910838603973 -0.555307149887085 -1.1340041160583496
v 0.20137308537960052 -0.6073036193847656 -1.2239861488342285
v 0.19769136607646942 -0.659397304058075 -1.3142435550689697
v 0.19203108549118042 -0.7112990617752075 -1.4045100212097168
v 0.18441937863826752 -0.7627200484275818 -1.4945192337036133
v 0.1748833805322647 -0.8133712410926819 -1.5840046405792236
v 0.1634501963853836 -0.8629636764526367 -1.6727001667022705
v 0.1501469761133194 -0.9112083315849304 -1.7603391408920288
v 0.13500085473060608 -0.9578163027763367 -1.8466554880142212
v 0.11803894490003586 -1.0024985074996948 -1.9313827753067017
v 0.09928838163614273 -1.0449661016464233 -2.014254570007324
v 0.0787762999534607 -1.0849299430847168 -2.0950045585632324
v 0.05652981996536255 -1.1221011877059937 -2.1733663082122803
v 0.03257608041167259 -1.1561907529830933 -2.2490737438201904
v 0.006942210718989372 -1.1869096755981445 -2.3218600749969482
v -0.02034466341137886 -1.213969111442566 -2.3914592266082764
v -0.04925740882754326 -1.2370799779891968 -2.4576048851013184
v -0.07976889610290527 -1.2559531927108765 -2.5200307369232178
v -0.1118519976735115 -1.270300030708313 -2.57846999168396
l 1552 1553 1554 1555 1556 1557 1558 1559 1560 1561 1562 1563 1564 1565 1566 1567 1568 1569 1570 1571 1572 1573 1574 1575 1576 1577 1578 1579 1580 1581 1582 1583 1584 
o Tracks_V3
v 0.0007020949851721525 0.0005843890248797834 -0.052715498954057693
v 0.026872308924794197 -0.016418978571891785 -0.07335938513278961
v 0.055553220212459564 -0.03259536251425743 -0.09533800929784775
v 0.08658138662576675 -0.047933775931596756 -0.11856242269277573
v 0.1197933629155159 -0.06242324039340019 -0.14294368028640747
v 0.15502570569515228 -0.07605277001857758 -0.16839280724525452
v 0.19211497902870178 -0.08881139010190964 -0.19482086598873138
v 0.23089773952960968 -0.10068811476230621 -0.222138911485672
v 0.27121055126190186 -0.11167196184396744 -0.2502579689025879
v 0.3128899335861206 -0.12175195664167404 -0.2790891230106354
v 0.3557724952697754 -0.13091710209846497 -0.3085433840751648
v 0.3996947705745697 -0.13915643095970154 -0.3385317921638489
v 0.4444933235645294 -0.1464589536190033 -0.3689654469490051
v 0.49000468850135803 -0.15281368792057037 -0.3997553288936615
v 0.5360654592514038 -0.1582096517086029 -0.4308125376701355
v 0.5825121402740479 -0.16263587772846222 -0.46204808354377747
v 0.6291813850402832 -0.16608136892318726 -0.4933730363845825
v 0.6759096384048462 -0.16853514313697815 -0.5246984362602234
v 0.7225335240364075 -0.16998621821403503 -0.5559353232383728
v 0.7688896059989929 -0.17042362689971924 -0.5869947671890259
v 0.8148143887519836 -0.1698363721370697 -0.617787778377533
v 0.8601444363594055 -0.16821347177028656 -0.6482254266738892
v 0.9047163724899292 -0.16554395854473114 -0.6782187819480896
v 0.9483667016029358 -0.16181683540344238 -0.7076788544654846
v 0.990932047367096 -0.15702113509178162 -0.7365167140960693
v 1.032248854637146 -0.15114586055278778 -0.7646433711051941
v 1.0721538066864014 -0.1441800445318222 -0.791969895362854
v 1.1104832887649536 -0.13611268997192383 -0.8184073567390442
v 1.1470739841461182 -0.12693282961845398 -0.843866765499115
v 1.181762456893921 -0.1166294664144516 -0.8682591915130615
v 1.2143852710723877 -0.10519162565469742 -0.8914956450462341
v 1.2447788715362549 -0.09260833263397217 -0.9134872555732727
v 1.272779941558838 -0.07886859774589539 -0.9341449737548828
l 1585 1586 1587 1588 1589 1590 1591 1592 1593 1594 1595 1596 1597 1598 1599 1600 1601 1602 1603 1604 1605 1606 1607 1608 1609 1610 1611 1612 1613 1614 1615 1616 1617 
o Tracks_V3
v 0.000712440989445895 0.000590036972425878 -0.026346899569034576
v 0.027645161375403404 -0.014342633076012135 -0.022234151139855385
v 0.05602937191724777 -0.030268602073192596 -0.017887722700834274
v 0.08576525002717972 -0.047126635909080505 -0.01332320086658001
v 0.11675296723842621 -0.06485549360513687 -0.00855617318302393
v 0.14889271557331085 -0.08339393883943558 -0.0036022262647747993
v 0.18208466470241547 -0.10268072783946991 0.001523054321296513
v 0.21622897684574127 -0.12265463918447495 0.0068040816113352776
v 0.25122585892677307 -0.14325441420078278 0.012225269339978695
v 0.2869754731655121 -0.16441883146762848 0.017771031707525253
v 0.3233779966831207 -0.18608665466308594 0.02342578023672104
v 0.3603336215019226 -0.20819664001464844 0.02917392924427986
v 0.39774248003959656 -0.23068754374980927 0.03499989211559296
v 0.43550482392311096 -0.2534981369972229 0.04088808596134186
v 0.47352075576782227 -0.27656716108322144 0.0468229204416275
v 0.5116904973983765 -0.29983341693878174 0.052788808941841125
v 0.5499142408370972 -0.3232356607913971 0.05877016484737396
v 0.5880921483039856 -0.3467126190662384 0.06475140154361725
v 0.6261243224143982 -0.37020307779312134 0.07071693986654282
v 0.6639110445976257 -0.3936457931995392 0.0766511783003807
v 0.7013524770736694 -0.4169795513153076 0.08253854513168335
v 0.7383487820625305 -0.4401431083679199 0.08836344629526138
v 0.7748001217842102 -0.463075190782547 0.09411029517650604
v 0.8106066584587097 -0.4857145845890045 0.09976351261138916
v 0.845668613910675 -0.5080000758171082 0.10530750453472137
v 0.8798861503601074 -0.529870331287384 0.11072668433189392
v 0.9131594300270081 -0.5512642860412598 0.11600546538829803
v 0.945388674736023 -0.5721205472946167 0.12112826853990555
v 0.9764739871025085 -0.5923779606819153 0.1260794997215271
v 1.0063155889511108 -0.6119751930236816 0.13084357976913452
v 1.034813642501831 -0.630851149559021 0.13540489971637726
v 1.06186842918396 -0.6489444971084595 0.13974791765213013
v 1.087380051612854 -0.6661940217018127 0.14385700225830078
l 1618 1619 1620 1621 1622 1623 1624 1625 1626 1627 1628 1629 1630 1631 1632 1633 1634 1635 1636 1637 1638 1639 1640 1641 1642 1643 1644 1645 1646 1647 1648 1649 1650 
o Tracks_V3
v 0.0008376369951292872 0.0008175810216926038 -0.0525410994887352
v 0.030293412506580353 -0.013788088224828243 -0.012551533989608288
v 0.06234933063387871 -0.0258472952991724 0.030133990570902824
v 0.09679730981588364 -0.035434212535619736 0.07533608376979828
v 0.13342928886413574 -0.04262301325798035 0.12287535518407822
v 0.17203718423843384 -0.04748787358403206 0.17257241904735565
v 0.21241290867328644 -0.05010296031832695 0.22424788773059845
v 0.25434839725494385 -0.05054245516657829 0.2777223587036133
v 0.29763558506965637 -0.048880524933338165 0.332816481590271
v 0.3420664072036743 -0.04519134387373924 0.3893508017063141
v 0.3874327540397644 -0.0395490899682045 0.4471459984779358
v 0.43352654576301575 -0.03202793002128601 0.5060226321220398
v 0.48013976216316223 -0.022702043876051903 0.5658013224601746
v 0.5270642638206482 -0.011645599268376827 0.6263027191162109
v 0.5740920305252075 0.0010672271018847823 0.6873473525047302
v 0.6210149526596069 0.015362263657152653 0.748755931854248
v 0.6676249504089355 0.031165335327386856 0.8103490471839905
v 0.7137140035629272 0.048402272164821625 0.8719472289085388
v 0.7590739727020264 0.06699889898300171 0.9333711266517639
v 0.803496778011322 0.08688104152679443 0.9944414496421814
v 0.8467743992805481 0.10797452181577682 1.054978609085083
v 0.8886987566947937 0.1302051693201065 1.114803433418274
v 0.9290617108345032 0.1534988284111023 1.1737364530563354
v 0.9676552414894104 0.17778129875659943 1.231598138809204
v 1.0042712688446045 0.20297841727733612 1.288209319114685
v 1.0387016534805298 0.2290160208940506 1.3433904647827148
v 1.070738434791565 0.2558199167251587 1.3969621658325195
v 1.1001734733581543 0.2833159565925598 1.4487452507019043
v 1.1267987489700317 0.3114299476146698 1.4985600709915161
v 1.1504061222076416 0.3400877118110657 1.5462273359298706
v 1.1707874536514282 0.36921510100364685 1.5915676355361938
v 1.1877347230911255 0.39873790740966797 1.6344016790390015
v 1.2010400295257568 0.42858201265335083 1.6745500564575195
l 1651 1652 1653 1654 1655 1656 1657 1658 1659 1660 1661 1662 1663 1664 1665 1666 1667 1668 1669 1670 1671 1672 1673 1674 1675 1676 1677 1678 1679 1680 1681 1682 1683 
o Tracks_V3
v 0.0007778640137985349 0.0007370560197159648 -0.05245409905910492
v 0.028388934209942818 -0.013429822400212288 -0.0651785135269165
v 0.056156568229198456 -0.03081039898097515 -0.07880779355764389
v 0.08399556577205658 -0.05122502148151398 -0.09328121691942215
v 0.11182072758674622 -0.07449404150247574 -0.10853805392980576
v 0.13954685628414154 -0.10043780505657196 -0.12451758235692978
v 0.16708873212337494 -0.1288766711950302 -0.1411590725183487
v 0.19436118006706238 -0.15963096916675568 -0.15840180218219757
v 0.22127899527549744 -0.1925210803747177 -0.17618505656719208
v 0.2477569580078125 -0.2273673266172409 -0.1944480836391449
v 0.27370989322662354 -0.26399004459381104 -0.2131301909685135
v 0.2990525960922241 -0.30220964550971985 -0.23217062652111053
v 0.32369983196258545 -0.34184640645980835 -0.2515086829662323
v 0.3475664258003235 -0.3827207088470459 -0.27108362317085266
v 0.3705672025680542 -0.42465290427207947 -0.2908347249031067
v 0.3926168978214264 -0.46746334433555603 -0.31070125102996826
v 0.4136303961277008 -0.5109723806381226 -0.33062249422073364
v 0.43352240324020386 -0.555000364780426 -0.3505377173423767
v 0.4522078037261963 -0.599367618560791 -0.3703862130641937
v 0.4696013331413269 -0.6438944935798645 -0.3901072144508362
v 0.48561781644821167 -0.6884014010429382 -0.40964004397392273
v 0.5001720786094666 -0.7327085733413696 -0.42892396450042725
v 0.513178825378418 -0.7766364812850952 -0.4478982388973236
v 0.5245530009269714 -0.8200054168701172 -0.4665021598339081
v 0.5342093110084534 -0.8626357316970825 -0.48467496037483215
v 0.542062520980835 -0.9043477773666382 -0.5023559331893921
v 0.548027515411377 -0.9449619054794312 -0.5194844007492065
v 0.5520190596580505 -0.9842984676361084 -0.5359995365142822
v 0.5539519786834717 -1.022177815437317 -0.5518407225608826
v 0.5537409782409668 -1.0584203004837036 -0.5669472217559814
v 0.5513010025024414 -1.0928462743759155 -0.581258237361908
v 0.5465466976165771 -1.1252760887145996 -0.594713032245636
v 0.5393930077552795 -1.1555299758911133 -0.607250988483429
l 1684 1685 1686 1687 1688 1689 1690 1691 1692 1693 1694 1695 1696 1697 1698 1699 1700 1701 1702 1703 1704 1705 1706 1707 1708 1709 1710 1711 1712 1713 1714 1715 1716 
o Tracks_V3
v 0.0006885729962959886 0.0005428949953056872 -0.02623019926249981
v 0.02835344709455967 -0.012995932251214981 -0.022114254534244537
v 0.05820738896727562 -0.026047660037875175 -0.017740147188305855
v 0.09010881930589676 -0.03859809413552284 -0.01312505453824997
v 0.12391616404056549 -0.050633031874895096 -0.008286146447062492
v 0.15948782861232758 -0.062138281762599945 -0.0032405948732048273
v 0.19668224453926086 -0.07309964299201965 0.00199442682787776
v 0.23535782098770142 -0.08350292593240738 0.007401747163385153
v 0.2753729820251465 -0.09333392977714539 0.01296419370919466
v 0.31658613681793213 -0.10257846117019653 0.018664594739675522
v 0.3588556945323944 -0.11122231185436249 0.02448577620089054
v 0.40204012393951416 -0.1192512959241867 0.030410567298531532
v 0.44599780440330505 -0.12665121257305145 0.036421798169612885
v 0.49058714509010315 -0.13340787589550018 0.04250229150056839
v 0.5356665849685669 -0.13950707018375397 0.04863487929105759
v 0.5810945630073547 -0.14493460953235626 0.054802387952804565
v 0.626729428768158 -0.14967630803585052 0.06098764389753342
v 0.6724296808242798 -0.15371794998645782 0.06717347353696823
v 0.7180536985397339 -0.15704534947872162 0.0733427107334137
v 0.7634598612785339 -0.15964429080486298 0.0794781818985939
v 0.8085066676139832 -0.16150061786174774 0.08556270599365234
v 0.8530524969100952 -0.1626000851392746 0.0915791243314743
v 0.8969557881355286 -0.1629285365343094 0.09751025587320328
v 0.9400749206542969 -0.16247175633907318 0.10333892703056335
v 0.9822683334350586 -0.16121555864810944 0.10904797166585922
v 1.0233944654464722 -0.15914572775363922 0.11462021619081497
v 1.0633116960525513 -0.156248077750206 0.1200384795665741
v 1.1018784046173096 -0.1525084227323532 0.12528561055660248
v 1.1389532089233398 -0.14791254699230194 0.13034440577030182
v 1.1743942499160767 -0.14244626462459564 0.1351977288722992
v 1.2080601453781128 -0.13609537482261658 0.1398283690214157
v 1.239809274673462 -0.1288456916809082 0.14421918988227844
v 1.2695000171661377 -0.12068299949169159 0.1483529955148697
l 1717 1718 1719 1720 1721 1722 1723 1724 1725 1726 1727 1728 1729 1730 1731 1732 1733 1734 1735 1736 1737 1738 1739 1740 1741 1742 1743 1744 1745 1746 1747 1748 1749 
o Tracks_V3
v 0.0007145359995774925 0.0005977089749649167 -0.04443119838833809
v 0.028643256053328514 -0.012596077285706997 -0.03476475551724434
v 0.059265293180942535 -0.023788925260305405 -0.024385476484894753
v 0.09237999469041824 -0.03303191065788269 -0.013341298326849937
v 0.12778669595718384 -0.04037611559033394 -0.0016801597084850073
v 0.16528475284576416 -0.045872610062360764 0.010550002567470074
v 0.20467349886894226 -0.049572475254535675 0.023301251232624054
v 0.2457522749900818 -0.051526784896850586 0.03652564808726311
v 0.2883204221725464 -0.051786620169878006 0.0501752570271492
v 0.3321773111820221 -0.05040305480360985 0.06420213729143143
v 0.3771222233772278 -0.04742716997861862 0.07855835556983948
v 0.42295458912849426 -0.04291003942489624 0.09319597482681274
v 0.469473659992218 -0.036902736872434616 0.10806705057621002
v 0.5164788365364075 -0.029456347227096558 0.1231236606836319
v 0.5637694597244263 -0.02062194049358368 0.13831785321235657
v 0.6111448407173157 -0.010450598783791065 0.15360169112682343
v 0.6584043502807617 0.0010066041722893715 0.16892723739147186
v 0.7053472995758057 0.013698589988052845 0.18424656987190247
v 0.7517730593681335 0.02757428213953972 0.19951173663139343
v 0.7974809408187866 0.04258260503411293 0.21467480063438416
v 0.8422703742980957 0.058672476559877396 0.22968782484531403
v 0.8859405517578125 0.0757928267121315 0.24450287222862244
v 0.9282909631729126 0.09389257431030273 0.2590720057487488
v 0.9691209197044373 0.11292064189910889 0.27334728837013245
v 1.0082297325134277 0.13282595574855804 0.287280797958374
v 1.0454167127609253 0.1535574346780777 0.3008245825767517
v 1.0804811716079712 0.17506399750709534 0.3139306902885437
v 1.113222599029541 0.19729457795619965 0.326551228761673
v 1.1434402465820312 0.2201981097459793 0.33863818645477295
v 1.170933485031128 0.24372348189353943 0.350143700838089
v 1.1955015659332275 0.2678196430206299 0.3610197901725769
v 1.2169439792633057 0.29243549704551697 0.3712185323238373
v 1.2350599765777588 0.31751999258995056 0.3806920051574707
l 1750 1751 1752 1753 1754 1755 1756 1757 1758 1759 1760 1761 1762 1763 1764 1765 1766 1767 1768 1769 1770 1771 1772 1773 1774 1775 1776 1777 1778 1779 1780 1781 1782 
o Tracks_V3
v 0.0007084740209393203 0.0005784329841844738 -0.026329200714826584
v 0.028515776619315147 -0.012652041390538216 -0.023022186011075974
v 0.05783556401729584 -0.026779059320688248 -0.019526803866028786
v 0.08856434375047684 -0.041747864335775375 -0.015855610370635986
v 0.12059863656759262 -0.05750370770692825 -0.012021161615848541
v 0.15383493900299072 -0.07399183511734009 -0.008036011829972267
v 0.18816977739334106 -0.09115749597549438 -0.003912718500941992
v 0.22349965572357178 -0.10894592851400375 0.0003361630078870803
v 0.2597211003303528 -0.1273023933172226 0.004698076285421848
v 0.29673057794570923 -0.14617212116718292 0.009160465560853481
v 0.3344246447086334 -0.16550037264823914 0.013710775412619114
v 0.3726997971534729 -0.18523238599300385 0.018336448818445206
v 0.4114525616168976 -0.20531341433525085 0.02302492968738079
v 0.4505794048309326 -0.22568871080875397 0.027763662859797478
v 0.4899768829345703 -0.2463034987449646 0.03254009410738945
v 0.5295414924621582 -0.26710304617881775 0.037341661751270294
v 0.5691697597503662 -0.288032591342926 0.04215581715106964
v 0.6087581515312195 -0.30903738737106323 0.04696999862790108
v 0.6482031941413879 -0.3300626873970032 0.051771651953458786
v 0.6874014139175415 -0.35105371475219727 0.05654821917414665
v 0.7262493371963501 -0.3719557225704193 0.06128714978694916
v 0.7646434903144836 -0.3927139937877655 0.06597588211297989
v 0.8024802803993225 -0.41327372193336487 0.07060186564922333
v 0.8396563529968262 -0.4335801899433136 0.07515253871679306
v 0.876068115234375 -0.4535786509513855 0.07961534708738327
v 0.9116121530532837 -0.473214328289032 0.08397773653268814
v 0.9461849331855774 -0.49243244528770447 0.08822715282440186
v 0.979682981967926 -0.5111783146858215 0.092351034283638
v 1.0120028257369995 -0.5293971300125122 0.09633682668209076
v 1.0430408716201782 -0.5470341444015503 0.10017197579145432
v 1.0726938247680664 -0.564034640789032 0.10384392738342285
v 1.1008579730987549 -0.5803438425064087 0.10734011977910995
v 1.1274299621582031 -0.5959069728851318 0.11064799875020981
l 1783 1784 1785 1786 1787 1788 1789 1790 1791 1792 1793 1794 1795 1796 1797 1798 1799 1800 1801 1802 1803 1804 1805 1806 1807 1808 1809 1810 1811 1812 1813 1814 1815 
o Tracks_V3
v 0.0008261200273409486 0.0008863909752108157 -0.02642660029232502
v 0.030463922768831253 -0.011620212346315384 0.012826005928218365
v 0.06040295958518982 -0.02712261863052845 0.05458277091383934
v 0.09055143594741821 -0.045462723821401596 0.09867691993713379
v 0.12081755697727203 -0.06648242473602295 0.14494168758392334
v 0.15110953152179718 -0.09002360701560974 0.19321030378341675
v 0.18133555352687836 -0.11592817306518555 0.24331599473953247
v 0.21140384674072266 -0.14403800666332245 0.29509198665618896
v 0.24122262001037598 -0.17419502139091492 0.3483715355396271
v 0.27070003747940063 -0.20624110102653503 0.40298783779144287
v 0.2997443675994873 -0.24001814424991608 0.4587741196155548
v 0.3282637894153595 -0.2753680348396301 0.5155636668205261
v 0.3561664819717407 -0.31213265657424927 0.5731896758079529
v 0.38336068391799927 -0.35015395283699036 0.6314853429794312
v 0.40975457429885864 -0.3892737627029419 0.6902838945388794
v 0.43525639176368713 -0.42933401465415955 0.7494186758995056
v 0.45977431535720825 -0.4701765775680542 0.8087227940559387
v 0.4832165539264679 -0.5116434097290039 0.8680295348167419
v 0.505491316318512 -0.5535762906074524 0.927172064781189
v 0.5265068411827087 -0.5958172082901001 0.9859837293624878
v 0.5461713075637817 -0.6382080316543579 1.044297695159912
v 0.5643929243087769 -0.6805906891822815 1.1019470691680908
v 0.5810798406600952 -0.722806990146637 1.1587653160095215
v 0.5961403846740723 -0.76469886302948 1.214585542678833
v 0.6094826459884644 -0.8061082363128662 1.2692409753799438
v 0.6210148930549622 -0.8468770384788513 1.3225648403167725
v 0.6306452751159668 -0.8868470788002014 1.3743904829025269
v 0.638282060623169 -0.9258602261543274 1.4245508909225464
v 0.6438334584236145 -0.9637585282325745 1.4728795289993286
v 0.6472076773643494 -1.000383734703064 1.5192095041275024
v 0.6483128070831299 -1.0355777740478516 1.5633741617202759
v 0.6470572352409363 -1.0691825151443481 1.6052064895629883
v 0.6433489918708801 -1.101040005683899 1.6445399522781372
l 1816 1817 1818 1819 1820 1821 1822 1823 1824 1825 1826 1827 1828 1829 1830 1831 1832 1833 1834 1835 1836 1837 1838 1839 1840 1841 1842 1843 1844 1845 1846 1847 1848 
o Tracks_V3
v 0.0006963469786569476 0.0005361270159482956 -0.026161300018429756
v 0.030109604820609093 -0.008067481219768524 -0.031064080074429512
v 0.0619521364569664 -0.013408221304416656 -0.036369528621435165
v 0.09600865095853806 -0.01561994943767786 -0.042050231248140335
v 0.1320638507604599 -0.014836519956588745 -0.04807877913117409
v 0.16990245878696442 -0.011191789992153645 -0.05442776158452034
v 0.2093091607093811 -0.004819613415747881 -0.06106976792216301
v 0.25006866455078125 0.0041461531072855 -0.06797738373279572
v 0.2919657230377197 0.0155716547742486 -0.07512319833040237
v 0.33478498458862305 0.02932303585112095 -0.0824798047542572
v 0.3783111870288849 0.045266442000865936 -0.09001978486776352
v 0.42232900857925415 0.0632680132985115 -0.09771573543548584
v 0.4666232168674469 0.08319390565156937 -0.10554024577140808
v 0.5109784603118896 0.10491024702787399 -0.11346589773893356
v 0.5551794767379761 0.12828320264816284 -0.1214652806520462
v 0.5990109443664551 0.1531788855791092 -0.12951098382472992
v 0.6422576308250427 0.1794634759426117 -0.13757561147212982
v 0.6847041845321655 0.20700310170650482 -0.14563171565532684
v 0.7261353135108948 0.23566389083862305 -0.15365193784236908
v 0.7663357257843018 0.2653120160102844 -0.16160881519317627
v 0.8050901889801025 0.2958136200904846 -0.16947497427463531
v 0.8421834111213684 0.3270348310470581 -0.17722298204898834
v 0.8773999810218811 0.35884180665016174 -0.18482543528079987
v 0.9105247259140015 0.39110067486763 -0.1922549158334732
v 0.941342294216156 0.42367759346961975 -0.19948403537273407
v 0.969637393951416 0.45643869042396545 -0.20648536086082458
v 0.9951947927474976 0.48925015330314636 -0.21323147416114807
v 1.0177991390228271 0.5219780802726746 -0.21969498693943024
v 1.037235140800476 0.5544886589050293 -0.2258484810590744
v 1.0532875061035156 0.5866479873657227 -0.2316645383834839
v 1.065740942955017 0.6183221936225891 -0.2371157556772232
v 1.0743802785873413 0.6493775248527527 -0.24217471480369568
v 1.0789899826049805 0.6796799898147583 -0.24681399762630463
l 1849 1850 1851 1852 1853 1854 1855 1856 1857 1858 1859 1860 1861 1862 1863 1864 1865 1866 1867 1868 1869 1870 1871 1872 1873 1874 1875 1876 1877 1878 1879 1880 1881 
o Tracks_V3
v 0.000730487983673811 0.0007466240203939378 -0.043981000781059265
v 0.031956516206264496 -0.003108588745817542 -0.06273816525936127
v 0.06421403586864471 -0.010376913473010063 -0.08288375288248062
v 0.09736239910125732 -0.02089022472500801 -0.10432478785514832
v 0.1312609761953354 -0.03448040038347244 -0.12696827948093414
v 0.16576910018920898 -0.05097931623458862 -0.1507212519645691
v 0.20074616372585297 -0.07021884620189667 -0.17549072206020355
v 0.2360515147447586 -0.09203086793422699 -0.2011837214231491
v 0.271544486284256 -0.11624725908041 -0.22770723700523376
v 0.30708447098731995 -0.14269988238811493 -0.2549683153629303
v 0.3425308167934418 -0.17122063040733337 -0.2828739583492279
v 0.3777428865432739 -0.20164138078689575 -0.31133121252059937
v 0.4125800132751465 -0.23379400372505188 -0.3402470648288727
v 0.4469015896320343 -0.2675103545188904 -0.36952853202819824
v 0.48056694865226746 -0.30262234807014465 -0.39908266067504883
v 0.5134354829788208 -0.3389618396759033 -0.42881643772125244
v 0.5453664660453796 -0.376360684633255 -0.45863690972328186
v 0.576219379901886 -0.4146507978439331 -0.4884510636329651
v 0.6058534979820251 -0.45366403460502625 -0.5181659460067749
v 0.634128212928772 -0.49323225021362305 -0.5476886034011841
v 0.6609028577804565 -0.5331873893737793 -0.5769259333610535
v 0.6860368251800537 -0.5733612179756165 -0.605785071849823
v 0.7093894481658936 -0.6135857105255127 -0.6341730356216431
v 0.7308201193809509 -0.6536927223205566 -0.6619967818260193
v 0.7501881122589111 -0.6935141086578369 -0.6891633868217468
v 0.7673528790473938 -0.7328817248344421 -0.7155798077583313
v 0.782173752784729 -0.7716275453567505 -0.7411530613899231
v 0.7945100665092468 -0.809583306312561 -0.7657902240753174
v 0.8042211532592773 -0.846580982208252 -0.7893983125686646
v 0.8111664652824402 -0.8824523687362671 -0.811884343624115
v 0.8152052760124207 -0.9170294404029846 -0.8331552743911743
v 0.8161970376968384 -0.9501440525054932 -0.8531181216239929
v 0.8140010237693787 -0.9816280007362366 -0.8716800212860107
l 1882 1883 1884 1885 1886 1887 1888 1889 1890 1891 1892 1893 1894 1895 1896 1897 1898 1899 1900 1901 1902 1903 1904 1905 1906 1907 1908 1909 1910 1911 1912 1913 1914 
o Tracks_V3
v 0.0007187430164776742 0.0005679079913534224 -0.052484799176454544
v 0.03147885575890541 -0.0011706926161423326 -0.048265669494867325
v 0.06391666829586029 -0.004265900235623121 -0.04377897456288338
v 0.09790442883968353 -0.008666684851050377 -0.0390423908829689
v 0.1333143711090088 -0.014322018250823021 -0.034073591232299805
v 0.1700187623500824 -0.02118087001144886 -0.028890244662761688
v 0.20788982510566711 -0.029192209243774414 -0.023510031402111053
v 0.24679982662200928 -0.03830501064658165 -0.017950618639588356
v 0.28662097454071045 -0.04846823960542679 -0.012229683808982372
v 0.32722556591033936 -0.0596308708190918 -0.006364899221807718
v 0.36848583817481995 -0.07174187153577805 -0.0003739379462786019
v 0.4102739989757538 -0.0847502127289772 0.005725526716560125
v 0.4524623155593872 -0.09860486537218094 0.011915821582078934
v 0.49492302536964417 -0.11325480043888092 0.01817927323281765
v 0.537528395652771 -0.12864899635314941 0.02449820749461651
v 0.5801506638526917 -0.1447364091873169 0.030854951590299606
v 0.6226620674133301 -0.16146601736545563 0.03723183274269104
v 0.6649348735809326 -0.17878678441047668 0.04361117631196976
v 0.7068412899971008 -0.19664768874645233 0.049975309520959854
v 0.748253583908081 -0.21499769389629364 0.05630655586719513
v 0.7890439629554749 -0.23378579318523407 0.06258724629878998
v 0.8290847539901733 -0.2529609203338623 0.0687997117638588
v 0.8682481646537781 -0.272472083568573 0.07492627203464508
v 0.9064064621925354 -0.29226821660995483 0.08094924688339233
v 0.9434317946434021 -0.3122982978820801 0.08685097843408585
v 0.9791964888572693 -0.3325113356113434 0.09261378645896912
v 1.0135728120803833 -0.35285624861717224 0.09821999818086624
v 1.0464329719543457 -0.3732820451259613 0.10365193337202072
v 1.0776492357254028 -0.39373767375946045 0.10889192670583725
v 1.1070938110351562 -0.41417211294174194 0.11392230540513992
v 1.1346389055252075 -0.43453434109687805 0.11872539669275284
v 1.1601569652557373 -0.45477330684661865 0.1232835128903389
v 1.183519959449768 -0.474837988615036 0.127579003572464
l 1915 1916 1917 1918 1919 1920 1921 1922 1923 1924 1925 1926 1927 1928 1929 1930 1931 1932 1933 1934 1935 1936 1937 1938 1939 1940 1941 1942 1943 1944 1945 1946 1947 
o Tracks_V3
v 0.0007189349853433669 0.0005585200269706547 -0.05250319838523865
v 0.03156811743974686 -0.0012185375671833754 -0.042260002344846725
v 0.06401798874139786 -0.005005167331546545 -0.031345970928668976
v 0.09793055802583694 -0.010719998739659786 -0.019805800169706345
v 0.13316784799098969 -0.018281662836670876 -0.00768418749794364
v 0.16959187388420105 -0.02760878950357437 0.00497417151927948
v 0.2070646733045578 -0.038620006293058395 0.01812458038330078
v 0.24544823169708252 -0.05123394727706909 0.03172234445810318
v 0.28460457921028137 -0.06536924093961716 0.04572276398539543
v 0.3243957459926605 -0.08094451576471329 0.06008114293217659
v 0.36468371748924255 -0.09787840396165848 0.0747527927160263
v 0.4053305387496948 -0.11608953028917313 0.08969300985336304
v 0.4461982250213623 -0.13549654185771942 0.10485709458589554
v 0.48714879155158997 -0.15601803362369537 0.12020035833120346
v 0.5280442833900452 -0.17757268249988556 0.13567809760570526
v 0.5687466263771057 -0.2000790685415268 0.15124563872814178
v 0.6091179847717285 -0.22345586121082306 0.1668582558631897
v 0.6490201950073242 -0.24762168526649475 0.18247126042842865
v 0.6883154511451721 -0.2724951505661011 0.1980399638414383
v 0.7268656492233276 -0.2979949116706848 0.21351966261863708
v 0.7645328640937805 -0.3240395486354828 0.22886568307876587
v 0.8011791110038757 -0.35054776072502136 0.24403329193592072
v 0.8366663455963135 -0.37743812799453735 0.25897783041000366
v 0.8708567023277283 -0.40462931990623474 0.2736545503139496
v 0.9036120772361755 -0.43203991651535034 0.2880188226699829
v 0.9347946047782898 -0.4595886170864105 0.3020258843898773
v 0.9642661809921265 -0.4871939718723297 0.31563109159469604
v 0.9918888807296753 -0.5147746801376343 0.32878974080085754
v 1.0175247192382812 -0.542249321937561 0.3414570987224579
v 1.041035771369934 -0.5695365071296692 0.3535885214805603
v 1.062283992767334 -0.5965549945831299 0.36513927578926086
v 1.0811313390731812 -0.6232232451438904 0.376064658164978
v 1.0974400043487549 -0.6494600176811218 0.38631999492645264
l 1948 1949 1950 1951 1952 1953 1954 1955 1956 1957 1958 1959 1960 1961 1962 1963 1964 1965 1966 1967 1968 1969 1970 1971 1972 1973 1974 1975 1976 1977 1978 1979 1980 
o Tracks_V3
v 0.0007174169877544045 0.000527522002812475 -0.02680950053036213
v 0.02267765812575817 -0.0004567233263514936 -0.10253103077411652
v 0.04580302909016609 -0.0004945341497659683 -0.1825934201478958
v 0.07000501453876495 0.00038272718666121364 -0.2667073905467987
v 0.09519511461257935 0.002143698278814554 -0.35458365082740784
v 0.12128480523824692 0.004757016897201538 -0.44593289494514465
v 0.1481855809688568 0.008191321045160294 -0.5404658913612366
v 0.17580893635749817 0.012415247969329357 -0.6378933787345886
v 0.20406635105609894 0.017397435382008553 -0.7379260063171387
v 0.23286931216716766 0.023106520995497704 -0.8402745127677917
v 0.2621293067932129 0.029511140659451485 -0.9446496367454529
v 0.29175785183906555 0.03657993674278259 -1.0507620573043823
v 0.3216663897037506 0.04428154230117798 -1.1583225727081299
v 0.3517664670944214 0.05258459597826004 -1.2670419216156006
v 0.38196951150894165 0.061457738280296326 -1.3766306638717651
v 0.41218703985214233 0.07086960226297379 -1.4867995977401733
v 0.44233056902885437 0.08078882843255997 -1.597259521484375
v 0.47231152653694153 0.09118405729532242 -1.7077209949493408
v 0.5020414590835571 0.10202392190694809 -1.8178949356079102
v 0.5314317941665649 0.11327705532312393 -1.9274919033050537
v 0.5603941082954407 0.12491210550069809 -2.0362226963043213
v 0.5888398289680481 0.1368977129459381 -2.1437978744506836
v 0.6166804432868958 0.14920249581336975 -2.2499284744262695
v 0.6438274383544922 0.16179510951042175 -2.3543248176574707
v 0.6701923608779907 0.17464418709278107 -2.456698179244995
v 0.6956866383552551 0.18771836161613464 -2.5567586421966553
v 0.720221757888794 0.20098628103733063 -2.65421724319458
v 0.7437092065811157 0.21441657841205597 -2.7487847805023193
v 0.7660605311393738 0.22797788679599762 -2.8401718139648438
v 0.7871872186660767 0.24163883924484253 -2.928089141845703
v 0.8070006370544434 0.25536808371543884 -3.0122475624084473
v 0.8254124522209167 0.2691342532634735 -3.092357635498047
v 0.842333972454071 0.2829059958457947 -3.1681299209594727
l 1981 1982 1983 1984 1985 1986 1987 1988 1989 1990 1991 1992 1993 1994 1995 1996 1997 1998 1999 2000 2001 2002 2003 2004 2005 2006 2007 2008 2009 2010 2011 2012 2013 
o Tracks_V3
v 0.0007206149748526514 0.0006420279969461262 -0.002188490005210042
v 0.0313199944794178 0.004982686135917902 0.03408049792051315
v 0.06373529136180878 0.008849321864545345 0.07243592292070389
v 0.09784413874149323 0.012248259037733078 0.1127387285232544
v 0.13352414965629578 0.015185825526714325 0.1548498421907425
v 0.17065295577049255 0.0176683459430933 0.1986301988363266
v 0.2091081738471985 0.01970214769244194 0.24394072592258453
v 0.2487674355506897 0.021293556317687035 0.2906423509120941
v 0.2895083427429199 0.022448895499110222 0.33859601616859436
v 0.33120855689048767 0.02317449264228344 0.3876626789569855
v 0.3737456500530243 0.023476675152778625 0.4377032220363617
v 0.4169973134994507 0.02336176671087742 0.48857858777046204
v 0.4608411192893982 0.022836094722151756 0.5401497483253479
v 0.5051546692848206 0.021905982866883278 0.5922775864601135
v 0.5498156547546387 0.02057775855064392 0.6448230743408203
v 0.5947017073631287 0.018857749179005623 0.6976470947265625
v 0.6396903395652771 0.016752278432250023 0.7506106495857239
v 0.6846592426300049 0.01426767185330391 0.8035746216773987
v 0.7294861078262329 0.01141025684773922 0.8563999533653259
v 0.7740484476089478 0.008186358958482742 0.9089475870132446
v 0.8182239532470703 0.004602303262799978 0.9610784649848938
v 0.8618901968002319 0.0006644166423939168 1.0126534700393677
v 0.9049248695373535 -0.0036209754180163145 1.0635335445404053
v 0.9472054839134216 -0.00824754685163498 1.1135797500610352
v 0.988609790802002 -0.013208972290158272 1.162652850151062
v 1.0290154218673706 -0.018498925492167473 1.2106138467788696
v 1.0682997703552246 -0.024111080914735794 1.2573236227035522
v 1.106340765953064 -0.030039111152291298 1.3026431798934937
v 1.1430158615112305 -0.036276690661907196 1.346433401107788
v 1.178202748298645 -0.04281749576330185 1.3885552883148193
v 1.2117788791656494 -0.04965520277619362 1.4288697242736816
v 1.2436221837997437 -0.05678347870707512 1.4672377109527588
v 1.27360999584198 -0.06419599801301956 1.5035200119018555
l 2014 2015 2016 2017 2018 2019 2020 2021 2022 2023 2024 2025 2026 2027 2028 2029 2030 2031 2032 2033 2034 2035 2036 2037 2038 2039 2040 2041 2042 2043 2044 2045 2046 
o Tracks_V3
v 0.0007146010175347328 0.0006416760152205825 -0.0524837002158165
v 0.030949508771300316 0.0065437499433755875 -0.05995519831776619
v 0.0627240464091301 0.013697893358767033 -0.06787330657243729
v 0.09592179954051971 0.02204987220466137 -0.07620832324028015
v 0.13042639195919037 0.03154544532299042 -0.08493056148290634
v 0.16612139344215393 0.04213038459420204 -0.09401032328605652
v 0.20289042592048645 0.05375044792890549 -0.10341792553663254
v 0.2406170815229416 0.06635139882564545 -0.11312367767095566
v 0.2791849672794342 0.07987900078296661 -0.12309787422418594
v 0.31847766041755676 0.09427902102470398 -0.13331083953380585
v 0.3583787679672241 0.10949721932411194 -0.14373286068439484
v 0.39877191185951233 0.12547937035560608 -0.15433426201343536
v 0.43954068422317505 0.1421712189912796 -0.16508536040782928
v 0.48056867718696594 0.1595185399055481 -0.17595642805099487
v 0.5217394828796387 0.17746709287166595 -0.18691781163215637
v 0.5629367232322693 0.19596265256404877 -0.19793979823589325
v 0.6040439605712891 0.21495097875595093 -0.20899270474910736
v 0.6449448466300964 0.23437781631946564 -0.22004683315753937
v 0.6855229139328003 0.2541889548301697 -0.23107248544692993
v 0.7256618142127991 0.27433013916015625 -0.2420399934053421
v 0.7652451395988464 0.29474714398384094 -0.25291964411735535
v 0.804156482219696 0.31538572907447815 -0.2636817395687103
v 0.8422794938087463 0.33619168400764465 -0.2742966115474701
v 0.8794976472854614 0.3571107089519501 -0.2847345471382141
v 0.9156946539878845 0.3780886232852936 -0.29496586322784424
v 0.9507540464401245 0.39907118678092957 -0.30496084690093994
v 0.9845594763755798 0.42000412940979004 -0.31468984484672546
v 1.016994595527649 0.4408332407474518 -0.32412317395210266
v 1.0479427576065063 0.4615042805671692 -0.3332310616970062
v 1.0772879123687744 0.48196300864219666 -0.3419839143753052
v 1.104913353919983 0.5021551847457886 -0.3503519594669342
v 1.1307028532028198 0.5220265984535217 -0.35830557346343994
v 1.154539942741394 0.5415229797363281 -0.36581501364707947
l 2047 2048 2049 2050 2051 2052 2053 2054 2055 2056 2057 2058 2059 2060 2061 2062 2063 2064 2065 2066 2067 2068 2069 2070 2071 2072 2073 2074 2075 2076 2077 2078 2079 
o Tracks_V3
v 0.0007074649911373854 0.0006486710044555366 -0.05253389850258827
v 0.030115734785795212 0.009946308098733425 -0.06666819006204605
v 0.061434611678123474 0.018986279144883156 -0.08163425326347351
v 0.09453922510147095 0.02775735594332218 -0.097376748919487
v 0.1293046921491623 0.03624831885099411 -0.11384033411741257
v 0.16560614109039307 0.04444793611764908 -0.13096967339515686
v 0.20331870019435883 0.05234498903155327 -0.14870944619178772
v 0.24231749773025513 0.05992824584245682 -0.1670042872428894
v 0.28247764706611633 0.06718648970127106 -0.18579886853694916
v 0.3236742615699768 0.07410848885774612 -0.20503784716129303
v 0.3657824695110321 0.08068302273750305 -0.22466588020324707
v 0.40867742896080017 0.08689886331558228 -0.24462765455245972
v 0.4522342383861542 0.09274478256702423 -0.2648678123950958
v 0.4963279962539673 0.09820955991744995 -0.28533101081848145
v 0.5408338904380798 0.10328197479248047 -0.3059619069099426
v 0.5856269598007202 0.10795079171657562 -0.3267051875591278
v 0.6305823922157288 0.11220479756593704 -0.34750548005104065
v 0.675575315952301 0.11603275686502457 -0.3683074712753296
v 0.7204808592796326 0.11942344903945923 -0.3890558183193207
v 0.7651740908622742 0.12236564606428146 -0.40969517827033997
v 0.8095301389694214 0.1248481273651123 -0.4301702082157135
v 0.8534241914749146 0.1268596649169922 -0.4504255950450897
v 0.8967313170433044 0.12838903069496155 -0.4704059660434723
v 0.9393266439437866 0.1294250190258026 -0.49005597829818726
v 0.9810853600502014 0.12995637953281403 -0.5093203186988831
v 1.0218825340270996 0.12997189164161682 -0.5281436443328857
v 1.0615932941436768 0.12946033477783203 -0.5464706420898438
v 1.1000926494598389 0.1284104883670807 -0.5642459392547607
v 1.1372560262680054 0.12681113183498383 -0.5814141631126404
v 1.172958254814148 0.12465102970600128 -0.5979200005531311
v 1.207074522972107 0.12191895395517349 -0.6137081980705261
v 1.2394801378250122 0.11860368400812149 -0.6287232637405396
v 1.270050048828125 0.11469399929046631 -0.6429100036621094
l 2080 2081 2082 2083 2084 2085 2086 2087 2088 2089 2090 2091 2092 2093 2094 2095 2096 2097 2098 2099 2100 2101 2102 2103 2104 2105 2106 2107 2108 2109 2110 2111 2112 
o Tracks_V3
v 0.000730337982531637 0.0005866350256837904 -0.04407019913196564
v 0.032102879136800766 0.01113505382090807 0.00668283412232995
v 0.06564130634069443 0.019029635936021805 0.06068335473537445
v 0.10115940123796463 0.024358758702874184 0.11771520972251892
v 0.13847096264362335 0.027210798114538193 0.17756223678588867
v 0.17738978564739227 0.027674132958054543 0.24000826478004456
v 0.21772965788841248 0.025837140157818794 0.304837167263031
v 0.25930434465408325 0.02178819477558136 0.3718327581882477
v 0.30192768573760986 0.015615674667060375 0.440778911113739
v 0.3454134166240692 0.007407957687973976 0.5114594101905823
v 0.38957539200782776 -0.002746580634266138 0.5836581587791443
v 0.43422731757164 -0.014759561978280544 0.6571590304374695
v 0.4791830778121948 -0.02854260988533497 0.731745719909668
v 0.5242564082145691 -0.044007349759340286 0.8072022199630737
v 0.5692610740661621 -0.061065398156642914 0.8833123445510864
v 0.6140108704566956 -0.07962838560342789 0.9598598480224609
v 0.6583197116851807 -0.0996079295873642 1.0366287231445312
v 0.7020012140274048 -0.12091565877199173 1.1134026050567627
v 0.7448692321777344 -0.14346317946910858 1.1899654865264893
v 0.7867376208305359 -0.16716215014457703 1.2661012411117554
v 0.8274201154708862 -0.19192415475845337 1.341593623161316
v 0.8667305111885071 -0.2176608443260193 1.4162265062332153
v 0.9044825434684753 -0.24428382515907288 1.489783763885498
v 0.9404901266098022 -0.27170470356941223 1.562049150466919
v 0.9745669364929199 -0.2998351454734802 1.6328065395355225
v 1.0065268278121948 -0.32858675718307495 1.701839804649353
v 1.036183476448059 -0.3578711748123169 1.768932819366455
v 1.0633509159088135 -0.38759997487068176 1.833869457244873
v 1.0878427028656006 -0.4176848232746124 1.8964333534240723
v 1.1094727516174316 -0.448037326335907 1.9564086198806763
v 1.1280547380447388 -0.4785690903663635 2.0135788917541504
v 1.1434025764465332 -0.5091918110847473 2.067728042602539
v 1.155329942703247 -0.5398169755935669 2.1186399459838867
l 2113 2114 2115 2116 2117 2118 2119 2120 2121 2122 2123 2124 2125 2126 2127 2128 2129 2130 2131 2132 2133 2134 2135 2136 2137 2138 2139 2140 2141 2142 2143 2144 2145 
o Tracks_V3
v 0.0007139840163290501 0.000629684014711529 -0.05250199884176254
v 0.0299936942756176 0.01095541100949049 -0.0734344869852066
v 0.060303643345832825 0.02345416694879532 -0.09566061943769455
v 0.09153584390878677 0.03802138566970825 -0.11909405142068863
v 0.12358232587575912 0.05455249175429344 -0.1436484158039093
v 0.15633510053157806 0.07294292747974396 -0.16923734545707703
v 0.18968617916107178 0.09308811277151108 -0.19577448070049286
v 0.22352759540081024 0.11488348990678787 -0.22317346930503845
v 0.25775134563446045 0.13822448253631592 -0.25134795904159546
v 0.292249470949173 0.1630065143108368 -0.28021156787872314
v 0.326913982629776 0.18912504613399506 -0.30967795848846436
v 0.3616368770599365 0.2164754718542099 -0.33966073393821716
v 0.3963102102279663 0.2449532449245453 -0.3700735569000244
v 0.43082597851753235 0.2744537889957428 -0.40083009004592896
v 0.465076208114624 0.3048725426197052 -0.43184393644332886
v 0.4989528954029083 0.33610495924949646 -0.46302875876426697
v 0.532348096370697 0.3680464029312134 -0.49429816007614136
v 0.5651537775993347 0.4005923569202423 -0.5255658030509949
v 0.5972620248794556 0.43363824486732483 -0.5567453503608704
v 0.6285648345947266 0.4670795202255249 -0.5877504348754883
v 0.6589541435241699 0.5008115768432617 -0.6184946894645691
v 0.6883220672607422 0.5347298383712769 -0.6488917469978333
v 0.7165606021881104 0.5687297582626343 -0.6788551807403564
v 0.7435617446899414 0.602706789970398 -0.7082987427711487
v 0.7692175507545471 0.6365563273429871 -0.7371360659599304
v 0.7934200167655945 0.6701737642288208 -0.7652806639671326
v 0.8160610795021057 0.7034546732902527 -0.7926463484764099
v 0.8370329141616821 0.7362943291664124 -0.8191466331481934
v 0.856227457523346 0.7685882449150085 -0.8446951508522034
v 0.8735367059707642 0.8002318143844604 -0.86920565366745
v 0.8888527154922485 0.8311205506324768 -0.8925917148590088
v 0.9020674824714661 0.861149787902832 -0.9147669076919556
v 0.9130730032920837 0.8902149796485901 -0.9356449842453003
l 2146 2147 2148 2149 2150 2151 2152 2153 2154 2155 2156 2157 2158 2159 2160 2161 2162 2163 2164 2165 2166 2167 2168 2169 2170 2171 2172 2173 2174 2175 2176 2177 2178 
o Tracks_V3
v 0.0006874540122225881 0.0006720600067637861 -0.05251520127058029
v 0.028658084571361542 0.013978218659758568 -0.04130144044756889
v 0.059200137853622437 0.025706740096211433 -0.029293769970536232
v 0.09212954342365265 0.03588750958442688 -0.016545144841074944
v 0.12726221978664398 0.04455041512846947 -0.0031085095833986998
v 0.16441412270069122 0.051725342869758606 0.010963182896375656
v 0.20340114831924438 0.057442180812358856 0.025616982951760292
v 0.24403925240039825 0.06173080950975418 0.04079994186758995
v 0.28614434599876404 0.06462112069129944 0.05645911023020744
v 0.32953235507011414 0.06614300608634949 0.07254153490066528
v 0.37401923537254333 0.0663263350725174 0.08899427205324173
v 0.41942086815834045 0.06520101428031921 0.10576436668634415
v 0.4655532240867615 0.06279692053794861 0.1227988675236702
v 0.51223224401474 0.05914393439888954 0.14004482328891754
v 0.5592737793922424 0.05427195504307747 0.15744930505752563
v 0.6064938902854919 0.048210859298706055 0.17495933175086975
v 0.6537083387374878 0.04099053889513016 0.19252197444438934
v 0.7007331848144531 0.03264087811112404 0.21008427441120148
v 0.7473843097686768 0.02319176308810711 0.2275932878255844
v 0.7934776544570923 0.012673081830143929 0.2449960559606552
v 0.8388291597366333 0.0011147198965772986 0.26223963499069214
v 0.8832547068595886 -0.011453435756266117 0.27927106618881226
v 0.9265702366828918 -0.02500149793922901 0.2960374057292938
v 0.9685917496681213 -0.03949958086013794 0.3124857246875763
v 1.0091350078582764 -0.054917801171541214 0.32856303453445435
v 1.0480161905288696 -0.07122626900672913 0.3442164361476898
v 1.0850510597229004 -0.08839509636163712 0.359392911195755
v 1.1200554370880127 -0.10639439523220062 0.37403956055641174
v 1.1528455018997192 -0.12519428133964539 0.3881034255027771
v 1.183237075805664 -0.14476488530635834 0.40153154730796814
v 1.2110460996627808 -0.16507628560066223 0.4142709970474243
v 1.2360883951187134 -0.1860986202955246 0.4262687861919403
v 1.258180022239685 -0.20780199766159058 0.43747198581695557
l 2179 2180 2181 2182 2183 2184 2185 2186 2187 2188 2189 2190 2191 2192 2193 2194 2195 2196 2197 2198 2199 2200 2201 2202 2203 2204 2205 2206 2207 2208 2209 2210 2211 
o Tracks_V3
v 0.0006491109961643815 0.0007702839793637395 -0.0523047000169754
v 0.02954641357064247 0.01606542430818081 -0.07857190072536469
v 0.05730601027607918 0.035592734813690186 -0.1069575622677803
v 0.08389019221067429 0.059084855020046234 -0.1373206079006195
v 0.10926122963428497 0.08627443760633469 -0.16951994597911835
v 0.1333814114332199 0.11689411848783493 -0.20341446995735168
v 0.15621300041675568 0.15067654848098755 -0.23886309564113617
v 0.17771831154823303 0.18735438585281372 -0.27572473883628845
v 0.19785960018634796 0.22666025161743164 -0.313858300447464
v 0.21659915149211884 0.2683267891407013 -0.35312268137931824
v 0.23389926552772522 0.31208667159080505 -0.39337679743766785
v 0.2497221976518631 0.3576725125312805 -0.43447956442832947
v 0.26403024792671204 0.40481698513031006 -0.47628986835479736
v 0.276785671710968 0.45325273275375366 -0.5186666250228882
v 0.2879508137702942 0.5027123689651489 -0.561468780040741
v 0.29748785495758057 0.5529285669326782 -0.6045551896095276
v 0.3053591847419739 0.6036339998245239 -0.6477847695350647
v 0.3115270137786865 0.6545612215995789 -0.6910164952278137
v 0.3159536123275757 0.7054429650306702 -0.7341091632843018
v 0.3186013400554657 0.7560118436813354 -0.7769217491149902
v 0.31943240761756897 0.8060004711151123 -0.8193131685256958
v 0.31840911507606506 0.8551415801048279 -0.8611422777175903
v 0.31549376249313354 0.903167724609375 -0.9022680521011353
v 0.3106486201286316 0.949811577796936 -0.9425493478775024
v 0.303835928440094 0.9948058128356934 -0.9818450808525085
v 0.2950180470943451 1.0378830432891846 -1.0200141668319702
v 0.2841572165489197 1.0787758827209473 -1.056915521621704
v 0.2712157070636749 1.1172170639038086 -1.0924080610275269
v 0.256155788898468 1.1529392004013062 -1.1263506412506104
v 0.2389398068189621 1.1856749057769775 -1.158602237701416
v 0.21952998638153076 1.2151567935943604 -1.1890217065811157
v 0.19788862764835358 1.2411177158355713 -1.217468023300171
v 0.17397800087928772 1.2632900476455688 -1.2438000440597534
l 2212 2213 2214 2215 2216 2217 2218 2219 2220 2221 2222 2223 2224 2225 2226 2227 2228 2229 2230 2231 2232 2233 2234 2235 2236 2237 2238 2239 2240 2241 2242 2243 2244 
o Tracks_V3
v 0.0007600979879498482 0.0005414169863797724 -0.026479799300432205
v 0.02954268455505371 0.014652223326265812 -0.07182049006223679
v 0.0607939176261425 0.027072979137301445 -0.11997802555561066
v 0.09433376789093018 0.03783407807350159 -0.1707640439271927
v 0.12998221814632416 0.04696591570973396 -0.22399014234542847
v 0.1675592064857483 0.05449889600276947 -0.27946797013282776
v 0.2068847268819809 0.06046340614557266 -0.33700913190841675
v 0.2477787435054779 0.06488984823226929 -0.3964252471923828
v 0.29006123542785645 0.0678086131811142 -0.45752793550491333
v 0.33355215191841125 0.06925010681152344 -0.5201288461685181
v 0.37807145714759827 0.06924472004175186 -0.5840395092964172
v 0.4234391450881958 0.06782285124063492 -0.6490716934204102
v 0.4694751799106598 0.06501489132642746 -0.7150368690490723
v 0.5159994959831238 0.060851238667964935 -0.7817468047142029
v 0.5628321170806885 0.05536229535937309 -0.8490129709243774
v 0.6097930073738098 0.04857845604419708 -0.9166470766067505
v 0.6567021012306213 0.04053011164069176 -0.9844607710838318
v 0.7033793926239014 0.031247664242982864 -1.0522655248641968
v 0.7496448159217834 0.020761508494615555 -1.1198731660842896
v 0.7953183650970459 0.009102040901780128 -1.1870951652526855
v 0.8402199745178223 -0.003700341796502471 -1.253743290901184
v 0.8841696977615356 -0.017615243792533875 -1.3196289539337158
v 0.9269874691963196 -0.03261226788163185 -1.38456392288208
v 0.9684932231903076 -0.048661015927791595 -1.448359727859497
v 1.0085068941116333 -0.06573109328746796 -1.5108281373977661
v 1.0468485355377197 -0.08379210531711578 -1.5717806816101074
v 1.0833381414413452 -0.10281365364789963 -1.6310288906097412
v 1.1177955865859985 -0.12276533991098404 -1.6883845329284668
v 1.150040864944458 -0.14361676573753357 -1.7436591386795044
v 1.1798940896987915 -0.16533754765987396 -1.7966643571853638
v 1.2071748971939087 -0.18789727985858917 -1.8472118377685547
v 1.2317036390304565 -0.21126556396484375 -1.895113229751587
v 1.2532999515533447 -0.23541200160980225 -1.9401799440383911
l 2245 2246 2247 2248 2249 2250 2251 2252 2253 2254 2255 2256 2257 2258 2259 2260 2261 2262 2263 2264 2265 2266 2267 2268 2269 2270 2271 2272 2273 2274 2275 2276 2277 
o Tracks_V3
v 0.0007105569820851088 0.0006246590055525303 -0.0524228997528553
v 0.025898819789290428 0.018944714218378067 -0.03565866872668266
v 0.05106569454073906 0.040084388107061386 -0.017764605581760406
v 0.07614614814519882 0.06388210505247116 0.001184015884064138
v 0.10107515007257462 0.0901763066649437 0.021111920475959778
v 0.1257876753807068 0.1188054233789444 0.041943833231925964
v 0.1502186805009842 0.14960788190364838 0.06360448151826859
v 0.17430315911769867 0.18242213129997253 0.08601858466863632
v 0.19797606766223907 0.2170865684747696 0.10911087691783905
v 0.22117237746715546 0.25343966484069824 0.13280607759952545
v 0.24382704496383667 0.2913198471069336 0.1570289134979248
v 0.26587507128715515 0.33056551218032837 0.18170411884784698
v 0.28725141286849976 0.37101510167121887 0.20675641298294067
v 0.30789101123809814 0.4125070869922638 0.23211051523685455
v 0.32772889733314514 0.45487987995147705 0.2576911449432373
v 0.346699982881546 0.49797189235687256 0.2834230661392212
v 0.3647392690181732 0.5416215658187866 0.3092309534549713
v 0.3817817270755768 0.5856673717498779 0.33503955602645874
v 0.3977622985839844 0.6299476623535156 0.36077362298965454
v 0.4126160144805908 0.6743009686470032 0.386357843875885
v 0.426277756690979 0.7185656428337097 0.41171693801879883
v 0.43868258595466614 0.762580156326294 0.43677568435668945
v 0.4497654139995575 0.8061829209327698 0.4614587426185608
v 0.4594612121582031 0.8492124080657959 0.4856908917427063
v 0.46770498156547546 0.8915069699287415 0.5093968510627747
v 0.47443169355392456 0.9329051375389099 0.5325012803077698
v 0.4795762896537781 0.9732452630996704 0.5549289584159851
v 0.48307374119758606 1.0123658180236816 0.5766046643257141
v 0.48485901951789856 1.0501052141189575 0.5974530577659607
v 0.484867125749588 1.0863019227981567 0.6173987984657288
v 0.48303303122520447 1.1207942962646484 0.6363667845726013
v 0.4792916476726532 1.1534208059310913 0.6542815566062927
v 0.47357800602912903 1.1840200424194336 0.671068012714386
l 2278 2279 2280 2281 2282 2283 2284 2285 2286 2287 2288 2289 2290 2291 2292 2293 2294 2295 2296 2297 2298 2299 2300 2301 2302 2303 2304 2305 2306 2307 2308 2309 2310 
o Tracks_V3
v 0.0007881430210545659 0.0005119330016896129 -0.06777960062026978
v 0.02671310491859913 0.020535387098789215 0.00875614583492279
v 0.052015259861946106 0.04354027286171913 0.08984702080488205
v 0.07665154337882996 0.06934864819049835 0.1751895248889923
v 0.10057889670133591 0.09778258949518204 0.2644801437854767
v 0.12375427037477493 0.12866415083408356 0.3574153482913971
v 0.14613458514213562 0.16181538999080658 0.45369163155555725
v 0.16767680644989014 0.19705839455127716 0.5530055165290833
v 0.18833784759044647 0.23421519994735718 0.655053436756134
v 0.2080746740102768 0.2731078863143921 0.7595318555831909
v 0.2268442064523697 0.31355851888656616 0.8661373853683472
v 0.24460339546203613 0.35538917779922485 0.9745664000511169
v 0.2613091766834259 0.39842188358306885 1.0845154523849487
v 0.27691850066185 0.4424787163734436 1.1956809759140015
v 0.29138830304145813 0.48738178610801697 1.3077595233917236
v 0.30467548966407776 0.5329530835151672 1.4204474687576294
v 0.3167370557785034 0.5790147185325623 1.5334415435791016
v 0.3275299370288849 0.6253887414932251 1.6464378833770752
v 0.33701103925704956 0.6718972325325012 1.759133219718933
v 0.3451373279094696 0.7183622717857361 1.871224045753479
v 0.3518657088279724 0.7646058797836304 1.982406735420227
v 0.35715317726135254 0.8104501366615295 2.0923779010772705
v 0.360956609249115 0.8557170629501343 2.200833797454834
v 0.3632330298423767 0.9002287983894348 2.30747127532959
v 0.3639392852783203 0.9438073635101318 2.4119863510131836
v 0.36303240060806274 0.9862748384475708 2.514075994491577
v 0.360469251871109 1.0274533033370972 2.613436460494995
v 0.3562068045139313 1.0671647787094116 2.709764242172241
v 0.3502019941806793 1.1052314043045044 2.802755832672119
v 0.34241175651550293 1.1414750814437866 2.8921077251434326
v 0.33279305696487427 1.175718069076538 2.9775164127349854
v 0.3213028311729431 1.2077823877334595 3.058678388595581
v 0.30789801478385925 1.2374900579452515 3.1352899074554443
l 2311 2312 2313 2314 2315 2316 2317 2318 2319 2320 2321 2322 2323 2324 2325 2326 2327 2328 2329 2330 2331 2332 2333 2334 2335 2336 2337 2338 2339 2340 2341 2342 2343 
o Tracks_V3
v 0.0005530359921976924 0.0007163429982028902 -0.026507899165153503
v 0.024815823882818222 0.033141784369945526 0.04266161844134331
v 0.05352051183581352 0.060838960111141205 0.11699934303760529
v 0.08630368113517761 0.08397269994020462 0.19616371393203735
v 0.12280191481113434 0.10270781815052032 0.27981317043304443
v 0.16265179216861725 0.11720915883779526 0.36760610342025757
v 0.2054899036884308 0.12764152884483337 0.45920103788375854
v 0.250952810049057 0.1341697722673416 0.5542563199996948
v 0.29867711663246155 0.13695871829986572 0.6524304151535034
v 0.34829941391944885 0.13617317378520966 0.7533817887306213
v 0.3994562327861786 0.13197799026966095 0.8567689061164856
v 0.4517841935157776 0.12453796714544296 0.9622501134872437
v 0.5049198865890503 0.11401794850826263 1.0694838762283325
v 0.5584998726844788 0.10058275610208511 1.1781286001205444
v 0.6121607422828674 0.08439721912145615 1.287842869758606
v 0.6655390858650208 0.06562616676092148 1.398284912109375
v 0.7182714343070984 0.04443442076444626 1.5091133117675781
v 0.7699944376945496 0.020986810326576233 1.6199865341186523
v 0.8203446269035339 -0.004551838617771864 1.7305628061294556
v 0.868958592414856 -0.03201670199632645 1.8405007123947144
v 0.9154729843139648 -0.06124294549226761 1.9494587182998657
v 0.9595242738723755 -0.09206575155258179 2.0570952892303467
v 1.000749111175537 -0.12432029098272324 2.1630687713623047
v 1.038784146308899 -0.1578417271375656 2.2670373916625977
v 1.073265790939331 -0.19246524572372437 2.3686599731445312
v 1.1038306951522827 -0.22802601754665375 2.467594861984253
v 1.1301155090332031 -0.2643592059612274 2.56350040435791
v 1.151756763458252 -0.3013000190258026 2.6560349464416504
v 1.1683909893035889 -0.3386835753917694 2.7448570728302
v 1.1796549558639526 -0.37634506821632385 2.829625368118286
v 1.1851849555969238 -0.414119690656662 2.9099979400634766
v 1.1846177577972412 -0.45184260606765747 2.985633373260498
v 1.177590012550354 -0.48934900760650635 3.056190013885498
l 2344 2345 2346 2347 2348 2349 2350 2351 2352 2353 2354 2355 2356 2357 2358 2359 2360 2361 2362 2363 2364 2365 2366 2367 2368 2369 2370 2371 2372 2373 2374 2375 2376 
o Tracks_V3
v 0.0006671990267932415 0.000644286978058517 -0.06770920008420944
v 0.018341196700930595 0.026234067976474762 -0.09651719033718109
v 0.0381966307759285 0.05236576497554779 -0.1270512342453003
v 0.06011560186743736 0.07896184921264648 -0.1591961830854416
v 0.08398021757602692 0.10594478249549866 -0.1928369253873825
v 0.10967257618904114 0.13323703408241272 -0.22785833477973938
v 0.1370747834444046 0.16076107323169708 -0.26414528489112854
v 0.1660689413547516 0.18843935430049896 -0.3015826344490051
v 0.19653715193271637 0.21619437634944916 -0.3400552570819855
v 0.22836153209209442 0.2439485639333725 -0.3794480264186859
v 0.26142418384552 0.2716244161128998 -0.41964584589004517
v 0.29560717940330505 0.2991443872451782 -0.4605335295200348
v 0.330792635679245 0.32643094658851624 -0.5019959807395935
v 0.3668626844882965 0.3534065783023834 -0.5439181327819824
v 0.40369942784309387 0.3799937069416046 -0.5861847400665283
v 0.4411849081516266 0.4061148464679718 -0.6286807060241699
v 0.4792013168334961 0.4316924214363098 -0.6712909936904907
v 0.5176306962966919 0.45664891600608826 -0.7139003872871399
v 0.5563551187515259 0.48090681433677673 -0.7563937902450562
v 0.5952568054199219 0.5043885707855225 -0.7986560463905334
v 0.6342177391052246 0.5270166397094727 -0.8405720591545105
v 0.6731200814247131 0.5487135648727417 -0.8820266723632812
v 0.7118459343910217 0.5694016814231873 -0.9229048490524292
v 0.7502774000167847 0.5890035033226013 -0.9630913138389587
v 0.7882965803146362 0.6074416041374207 -1.0024710893630981
v 0.8257855772972107 0.6246383190155029 -1.040928840637207
v 0.8626264929771423 0.6405161023139954 -1.0783497095108032
v 0.8987014293670654 0.6549975872039795 -1.1146183013916016
v 0.9338924884796143 0.6680050492286682 -1.149619698524475
v 0.9680817723274231 0.6794610619544983 -1.1832387447357178
v 1.0011513233184814 0.6892880797386169 -1.215360164642334
v 1.032983422279358 0.6974086165428162 -1.2458690404891968
v 1.0634599924087524 0.7037450075149536 -1.274649977684021
l 2377 2378 2379 2380 2381 2382 2383 2384 2385 2386 2387 2388 2389 2390 2391 2392 2393 2394 2395 2396 2397 2398 2399 2400 2401 2402 2403 2404 2405 2406 2407 2408 2409 
o Tracks_V3
v 0.0005947609897702932 0.0007044930243864655 -0.04454449936747551
v 0.01791856251657009 0.02647223137319088 -0.11875222623348236
v 0.033311862498521805 0.05470467358827591 -0.19746586680412292
v 0.04681248217821121 0.0852186307311058 -0.280385822057724
v 0.058458250015974045 0.11783093214035034 -0.36721253395080566
v 0.06828699260950089 0.15235838294029236 -0.45764634013175964
v 0.07633652538061142 0.18861781060695648 -0.5513877272605896
v 0.08264467865228653 0.22642602026462555 -0.6481369733810425
v 0.0872492864727974 0.2655998468399048 -0.7475946545600891
v 0.0901881530880928 0.305956095457077 -0.849461019039154
v 0.09149911999702454 0.3473115861415863 -0.953436553478241
v 0.09121999889612198 0.38948315382003784 -1.059221625328064
v 0.08938862383365631 0.4322875738143921 -1.166516661643982
v 0.08604282140731812 0.47554171085357666 -1.275022029876709
v 0.08122041076421738 0.519062340259552 -1.384438157081604
v 0.07495921105146408 0.5626662969589233 -1.4944654703140259
v 0.0672970563173294 0.6061704754829407 -1.6048043966293335
v 0.05827176570892334 0.6493915319442749 -1.7151552438735962
v 0.04792116582393646 0.6921464204788208 -1.8252185583114624
v 0.03628307953476906 0.7342519164085388 -1.934694528579712
v 0.02339533343911171 0.7755247950553894 -2.043283700942993
v 0.009295753203332424 0.8157819509506226 -2.150686502456665
v -0.005977839697152376 0.854840099811554 -2.256603479385376
v -0.02238762006163597 0.8925161957740784 -2.360734701156616
v -0.039895761758089066 0.9286269545555115 -2.462780714035034
v -0.05846444144845009 0.9629892110824585 -2.562441825866699
v -0.07805583626031876 0.9954198002815247 -2.6594185829162598
v -0.09863211959600449 1.0257354974746704 -2.7534115314483643
v -0.1201554611325264 1.0537532567977905 -2.844120740890503
v -0.1425880491733551 1.0792896747589111 -2.931246757507324
v -0.16589204967021942 1.1021617650985718 -3.0144901275634766
v -0.19002963602542877 1.122186303138733 -3.09355092048645
v -0.21496300399303436 1.1391799449920654 -3.1681299209594727
l 2410 2411 2412 2413 2414 2415 2416 2417 2418 2419 2420 2421 2422 2423 2424 2425 2426 2427 2428 2429 2430 2431 2432 2433 2434 2435 2436 2437 2438 2439 2440 2441 2442 
o Tracks_V3
v 0.0007189029711298645 0.0006120729958638549 -0.002325179986655712
v 0.01635296829044819 0.02701771818101406 0.0026547452434897423
v 0.036193523555994034 0.052432529628276825 0.008150444366037846
v 0.059973664581775665 0.07681979984045029 0.014128152281045914
v 0.08742647618055344 0.10014281421899796 0.02055410109460354
v 0.11828505247831345 0.12236487120389938 0.027394527569413185
v 0.1522824913263321 0.14344926178455353 0.034615665674209595
v 0.18915186822414398 0.16335926949977875 0.04218374565243721
v 0.2286262810230255 0.182058185338974 0.05006500706076622
v 0.2704388201236725 0.19950932264328003 0.058225683867931366
v 0.3143225908279419 0.2156759351491928 0.06663200259208679
v 0.36001065373420715 0.23052135109901428 0.07525020837783813
v 0.40723612904548645 0.24400882422924042 0.08404652774333954
v 0.4557321071624756 0.25610166788101196 0.09298720210790634
v 0.5052316784858704 0.26676318049430847 0.10203845798969269
v 0.5554679036140442 0.2759566605091095 0.11116652935743332
v 0.6061738729476929 0.283645361661911 0.12033765763044357
v 0.657082736492157 0.28979259729385376 0.1295180767774582
v 0.7079275250434875 0.2943616509437561 0.13867400586605072
v 0.7584413290023804 0.2973158359527588 0.1477717012166977
v 0.808357298374176 0.2986184060573578 0.15677738189697266
v 0.8574084639549255 0.29823267459869385 0.16565728187561035
v 0.9053279757499695 0.2961219549179077 0.1743776500225067
v 0.9518488645553589 0.29224950075149536 0.1829047054052353
v 0.9967042207717896 0.28657862544059753 0.19120468199253082
v 1.039627194404602 0.2790725827217102 0.19924382865428925
v 1.0803508758544922 0.2696947157382965 0.2069883644580841
v 1.1186082363128662 0.2584083080291748 0.21440452337265015
v 1.1541324853897095 0.24517659842967987 0.2214585542678833
v 1.1866567134857178 0.22996293008327484 0.2281166911125183
v 1.215914011001587 0.21273058652877808 0.23434515297412872
v 1.2416373491287231 0.19344283640384674 0.24011017382144928
v 1.2635600566864014 0.17206299304962158 0.24537800252437592
l 2443 2444 2445 2446 2447 2448 2449 2450 2451 2452 2453 2454 2455 2456 2457 2458 2459 2460 2461 2462 2463 2464 2465 2466 2467 2468 2469 2470 2471 2472 2473 2474 2475 
o Tracks_V3
v 0.0007512409938499331 0.0005934970104135573 -0.026227399706840515
v 0.015455846674740314 0.027874892577528954 -0.058195535093545914
v 0.02993077225983143 0.05722572281956673 -0.0920349583029747
v 0.04415132850408554 0.08851560950279236 -0.12762078642845154
v 0.05809281766414642 0.12161419540643692 -0.1648281067609787
v 0.07173055410385132 0.15639109909534454 -0.20353205502033234
v 0.08503983914852142 0.19271595776081085 -0.24360771477222443
v 0.09799598902463913 0.23045839369297028 -0.28493019938468933
v 0.11057430505752563 0.26948803663253784 -0.3273746371269226
v 0.12275008857250214 0.30967453122138977 -0.37081608176231384
v 0.13449865579605103 0.3508874773979187 -0.415129691362381
v 0.1457953155040741 0.39299654960632324 -0.4601905643939972
v 0.15661537647247314 0.43587133288383484 -0.5058737993240356
v 0.16693414747714996 0.4793814718723297 -0.5520545244216919
v 0.17672692239284515 0.5233966112136841 -0.5986077785491943
v 0.1859690248966217 0.5677863359451294 -0.6454087495803833
v 0.19463574886322021 0.612420380115509 -0.6923325061798096
v 0.20270241796970367 0.6571682691574097 -0.7392541766166687
v 0.21014432609081268 0.7018996477127075 -0.7860488295555115
v 0.21693678200244904 0.7464841604232788 -0.8325915932655334
v 0.22305510938167572 0.7907914519309998 -0.8787575960159302
v 0.22847458720207214 0.8346911072731018 -0.9244219660758972
v 0.2331705540418625 0.878052830696106 -0.9694597125053406
v 0.23711830377578735 0.9207462072372437 -1.0137460231781006
v 0.24029313027858734 0.9626408815383911 -1.057155966758728
v 0.24267037212848663 1.0036064386367798 -1.0995646715164185
v 0.24422530829906464 1.0435125827789307 -1.1408473253250122
v 0.24493326246738434 1.0822288990020752 -1.1808788776397705
v 0.24476954340934753 1.1196249723434448 -1.2195345163345337
v 0.24370944499969482 1.1555705070495605 -1.2566893100738525
v 0.241728276014328 1.1899350881576538 -1.2922184467315674
v 0.23880136013031006 1.2225884199142456 -1.325996994972229
v 0.23490400612354279 1.2533999681472778 -1.3579000234603882
l 2476 2477 2478 2479 2480 2481 2482 2483 2484 2485 2486 2487 2488 2489 2490 2491 2492 2493 2494 2495 2496 2497 2498 2499 2500 2501 2502 2503 2504 2505 2506 2507 2508 
o Tracks_V3
v 0.0006096489960327744 0.0006581110064871609 0.05013379827141762
v 0.015468522906303406 0.030116815119981766 0.02311650477349758
v 0.03467564284801483 0.05838512256741524 -0.006125189829617739
v 0.05795508623123169 0.08542557805776596 -0.03744344413280487
v 0.0850309208035469 0.1112007275223732 -0.07069042325019836
v 0.1156272143125534 0.13567312061786652 -0.10571829229593277
v 0.14946803450584412 0.15880529582500458 -0.14237920939922333
v 0.18627747893333435 0.18055978417396545 -0.18052534759044647
v 0.22577959299087524 0.2008991688489914 -0.22000886499881744
v 0.2676984667778015 0.21978595852851868 -0.2606818974018097
v 0.3117581307888031 0.23718270659446716 -0.30239665508270264
v 0.3576827049255371 0.2530519664287567 -0.3450052738189697
v 0.40519624948501587 0.267356276512146 -0.388359934091568
v 0.4540228247642517 0.28005820512771606 -0.4323127567768097
v 0.5038865208625793 0.2911202609539032 -0.47671595215797424
v 0.5545113682746887 0.30050501227378845 -0.5214216709136963
v 0.6056215167045593 0.3081749677658081 -0.5662820935249329
v 0.6569409370422363 0.3140927255153656 -0.6111493110656738
v 0.7081937789916992 0.3182208240032196 -0.655875563621521
v 0.7591040730476379 0.3205217719078064 -0.7003129720687866
v 0.8093959093093872 0.32095813751220703 -0.7443137168884277
v 0.8587933778762817 0.3194924294948578 -0.7877299785614014
v 0.9070205092430115 0.3160872757434845 -0.8304138779640198
v 0.9538013339042664 0.31070512533187866 -0.87221759557724
v 0.9988600611686707 0.3033085763454437 -0.912993311882019
v 1.0419206619262695 0.29386019706726074 -0.9525931477546692
v 1.0827072858810425 0.2823224663734436 -0.9908693432807922
v 1.1209439039230347 0.26865798234939575 -1.0276739597320557
v 1.156354546546936 0.25282925367355347 -1.062859296798706
v 1.1886634826660156 0.2347988486289978 -1.0962773561477661
v 1.2175946235656738 0.21452932059764862 -1.1277803182601929
v 1.2428721189498901 0.1919831782579422 -1.157220482826233
v 1.2642199993133545 0.1671230047941208 -1.1844500303268433
l 2509 2510 2511 2512 2513 2514 2515 2516 2517 2518 2519 2520 2521 2522 2523 2524 2525 2526 2527 2528 2529 2530 2531 2532 2533 2534 2535 2536 2537 2538 2539 2540 2541 
o Tracks_V3
v 0.0007207149756141007 0.0006101009785197675 -0.04427050054073334
v 0.012726213783025742 0.031173881143331528 0.0005928154569119215
v 0.028192603960633278 0.06171593815088272 0.04837747663259506
v 0.04692976176738739 0.09214859455823898 0.09888885915279388
v 0.06874757260084152 0.12238417565822601 0.15193232893943787
v 0.09345591068267822 0.15233498811721802 0.20731326937675476
v 0.12086465954780579 0.181913360953331 0.2648370563983917
v 0.1507836878299713 0.21103161573410034 0.32430902123451233
v 0.1830228865146637 0.23960207402706146 0.3855345845222473
v 0.21739213168621063 0.26753705739974976 0.44831910729408264
v 0.2537012994289398 0.29474887251853943 0.5124679207801819
v 0.29176029562950134 0.3211498558521271 0.5777864456176758
v 0.3313789367675781 0.3466523289680481 0.6440801024436951
v 0.37236717343330383 0.3711685836315155 0.7111541032791138
v 0.4145348370075226 0.3946109712123871 0.7788139581680298
v 0.45769181847572327 0.41689178347587585 0.8468650579452515
v 0.5016480088233948 0.4379233717918396 0.9151126146316528
v 0.5462132692337036 0.4576180577278137 0.9833621978759766
v 0.5911975502967834 0.47588813304901123 1.0514190196990967
v 0.6364105939865112 0.4926459491252899 1.1190885305404663
v 0.681662380695343 0.5078037977218628 1.186176061630249
v 0.7267627716064453 0.5212739706039429 1.252487063407898
v 0.7715216279029846 0.5329688787460327 1.3178268671035767
v 0.8157488703727722 0.542800784111023 1.3820008039474487
v 0.8592543005943298 0.550682008266449 1.4448142051696777
v 0.9018478989601135 0.5565248727798462 1.5060726404190063
v 0.943339467048645 0.5602417588233948 1.5655813217163086
v 0.9835389256477356 0.5617448687553406 1.623145580291748
v 1.0222561359405518 0.5609465837478638 1.6785709857940674
v 1.0593008995056152 0.5577592849731445 1.731662631034851
v 1.0944832563400269 0.5520951747894287 1.7822262048721313
v 1.1276129484176636 0.5438666343688965 1.8300668001174927
v 1.1584999561309814 0.5329859852790833 1.8749899864196777
l 2542 2543 2544 2545 2546 2547 2548 2549 2550 2551 2552 2553 2554 2555 2556 2557 2558 2559 2560 2561 2562 2563 2564 2565 2566 2567 2568 2569 2570 2571 2572 2573 2574 
o Tracks_V3
v 0.0006903770263306797 0.0006203739903867245 -0.05252059921622276
v 0.010054156184196472 0.029111111536622047 0.02521100640296936
v 0.019360294565558434 0.05937826260924339 0.10737573355436325
v 0.02859189547598362 0.09130646288394928 0.1936780959367752
v 0.03773205727338791 0.12478037178516388 0.283822625875473
v 0.04676387831568718 0.15968461334705353 0.3775138258934021
v 0.05567045882344246 0.19590385258197784 0.47445619106292725
v 0.06443490087985992 0.23332272469997406 0.5743542909622192
v 0.07304030656814575 0.2718258798122406 0.6769126057624817
v 0.08146977424621582 0.3112979531288147 0.7818357348442078
v 0.0897064059972763 0.3516235947608948 0.8888280391693115
v 0.09773329645395279 0.39268743991851807 0.9975941777229309
v 0.10553354769945145 0.4343741238117218 1.1078386306762695
v 0.11309026181697845 0.476568341255188 1.2192659378051758
v 0.12038654088973999 0.5191546678543091 1.3315805196762085
v 0.12740547955036163 0.5620177984237671 1.4444869756698608
v 0.13413019478321075 0.6050423979759216 1.5576897859573364
v 0.14054375886917114 0.6481130123138428 1.6708935499191284
v 0.14662928879261017 0.6911143660545349 1.7838027477264404
v 0.152369886636734 0.7339311242103577 1.896121859550476
v 0.15774863958358765 0.7764478325843811 2.0075552463531494
v 0.16274866461753845 0.8185492157936096 2.1178078651428223
v 0.1673530489206314 0.8601199388504028 2.226583957672119
v 0.1715449094772339 0.9010445475578308 2.333587884902954
v 0.17530731856822968 0.941207766532898 2.4385244846343994
v 0.17862339317798615 0.9804942011833191 2.541098117828369
v 0.18147625029087067 1.0187885761260986 2.6410131454467773
v 0.18384896218776703 1.0559754371643066 2.7379744052886963
v 0.1857246309518814 1.0919394493103027 2.83168625831604
v 0.18708637356758118 1.1265652179718018 2.9218533039093018
v 0.1879172921180725 1.159737467765808 3.0081799030303955
v 0.1882004588842392 1.1913409233093262 3.0903706550598145
v 0.1879190057516098 1.2212599515914917 3.1681299209594727
l 2575 2576 2577 2578 2579 2580 2581 2582 2583 2584 2585 2586 2587 2588 2589 2590 2591 2592 2593 2594 2595 2596 2597 2598 2599 2600 2601 2602 2603 2604 2605 2606 2607 
o Tracks_V3
v 0.0007368010119535029 0.0006056909915059805 -0.026462899520993233
v 0.010350470431149006 0.031163744628429413 -0.0752500370144844
v 0.022756297141313553 0.062395673245191574 -0.1270195096731186
v 0.03781646490097046 0.09419385343790054 -0.1815723478794098
v 0.05539316311478615 0.12645065784454346 -0.23870959877967834
v 0.07534857094287872 0.15905845165252686 -0.2982323169708252
v 0.09754487127065659 0.19190961122512817 -0.3599415123462677
v 0.12184425443410873 0.22489652037620544 -0.423638254404068
v 0.14810889959335327 0.2579115629196167 -0.4891236126422882
v 0.1762010008096695 0.2908470630645752 -0.5561985969543457
v 0.2059827446937561 0.32359543442726135 -0.6246642470359802
v 0.23731629550457 0.3560490310192108 -0.6943215727806091
v 0.2700638473033905 0.388100266456604 -0.7649716734886169
v 0.3040875792503357 0.4196414649486542 -0.8364156484603882
v 0.33924970030784607 0.45056501030921936 -0.908454418182373
v 0.37541237473487854 0.4807632863521576 -0.9808890223503113
v 0.4124377965927124 0.5101286768913269 -1.053520679473877
v 0.45018813014030457 0.5385535359382629 -1.1261502504348755
v 0.4885255992412567 0.5659302473068237 -1.1985788345336914
v 0.5273123383522034 0.5921511650085449 -1.2706074714660645
v 0.5664106011390686 0.6171086430549622 -1.3420372009277344
v 0.6056824922561646 0.6406951546669006 -1.412669062614441
v 0.6449902057647705 0.6628029942512512 -1.4823040962219238
v 0.6841959953308105 0.6833245158195496 -1.5507434606552124
v 0.7231619954109192 0.7021521329879761 -1.6177880764007568
v 0.7617504000663757 0.7191781997680664 -1.6832389831542969
v 0.7998234033584595 0.734295129776001 -1.7468972206115723
v 0.8372431397438049 0.7473952174186707 -1.8085639476776123
v 0.8738718628883362 0.7583709359169006 -1.8680400848388672
v 0.9095717072486877 0.7671145796775818 -1.9251266717910767
v 0.9442049264907837 0.7735185623168945 -1.97962486743927
v 0.9776335954666138 0.7774752378463745 -2.0313355922698975
v 1.009719967842102 0.7788770198822021 -2.0800600051879883
l 2608 2609 2610 2611 2612 2613 2614 2615 2616 2617 2618 2619 2620 2621 2622 2623 2624 2625 2626 2627 2628 2629 2630 2631 2632 2633 2634 2635 2636 2637 2638 2639 2640 
o Tracks_V3
v 0.0008132330258376896 0.000587314018048346 -0.026384899392724037
v 0.011104750446975231 0.033459559082984924 -0.09582201391458511
v 0.02559882029891014 0.06577757000923157 -0.16965804994106293
v 0.04405311122536659 0.09746412187814713 -0.2475997805595398
v 0.06622529029846191 0.12844198942184448 -0.3293539881706238
v 0.09187301993370056 0.15863396227359772 -0.41462743282318115
v 0.12075397372245789 0.18796280026435852 -0.5031269192695618
v 0.15262582898139954 0.21635127067565918 -0.5945592522621155
v 0.18724623322486877 0.24372217059135437 -0.6886311769485474
v 0.22437286376953125 0.2699982523918152 -0.7850494980812073
v 0.2637633979320526 0.2951023280620575 -0.8835210204124451
v 0.3051754832267761 0.3189571499824524 -0.983752429485321
v 0.34836679697036743 0.34148547053337097 -1.085450530052185
v 0.3930950164794922 0.3626101016998291 -1.1883221864700317
v 0.43911781907081604 0.38225382566452026 -1.292074203491211
v 0.48619282245635986 0.40033936500549316 -1.3964132070541382
v 0.5340777635574341 0.41678956151008606 -1.501046061515808
v 0.5825302600860596 0.43152713775634766 -1.6056796312332153
v 0.6313079595565796 0.44447487592697144 -1.7100205421447754
v 0.6801685690879822 0.45555558800697327 -1.813775658607483
v 0.7288697957992554 0.46469199657440186 -1.9166518449783325
v 0.7771692276000977 0.47180694341659546 -2.01835560798645
v 0.8248245716094971 0.4768231511116028 -2.118594169616699
v 0.8715935349464417 0.4796634018421173 -2.217073917388916
v 0.9172337055206299 0.4802504777908325 -2.3135015964508057
v 0.9615027904510498 0.4785071611404419 -2.4075844287872314
v 1.0041584968566895 0.4743562340736389 -2.4990289211273193
v 1.0449583530426025 0.4677204489707947 -2.5875415802001953
v 1.0836601257324219 0.45852258801460266 -2.6728298664093018
v 1.1200215816497803 0.44668546319007874 -2.7545998096466064
v 1.1538002490997314 0.4321317970752716 -2.8325586318969727
v 1.1847537755966187 0.41478437185287476 -2.9064130783081055
v 1.2126400470733643 0.39456599950790405 -2.97586989402771
l 2641 2642 2643 2644 2645 2646 2647 2648 2649 2650 2651 2652 2653 2654 2655 2656 2657 2658 2659 2660 2661 2662 2663 2664 2665 2666 2667 2668 2669 2670 2671 2672 2673 
o Tracks_V3
v 0.000722569995559752 0.0006098399753682315 -0.06774680316448212
v 0.007903721183538437 0.030725935474038124 -0.08734770864248276
v 0.016853585839271545 0.06218503788113594 -0.10813545435667038
v 0.02749338001012802 0.09487102925777435 -0.13003087043762207
v 0.039744313806295395 0.12866781651973724 -0.15295478701591492
v 0.053527601063251495 0.16345925629138947 -0.1768280565738678
v 0.06876445561647415 0.19912928342819214 -0.2015714943408966
v 0.0853760838508606 0.23556175827980042 -0.22710596024990082
v 0.10328371822834015 0.272640585899353 -0.25335225462913513
v 0.12240854650735855 0.3102496266365051 -0.280231237411499
v 0.14267180860042572 0.34827280044555664 -0.30766376852989197
v 0.1639946848154068 0.3865939974784851 -0.33557063341140747
v 0.1862984150648117 0.42509710788726807 -0.3638727068901062
v 0.20950421690940857 0.46366599202156067 -0.39249080419540405
v 0.23353327810764313 0.5021845698356628 -0.4213457405567169
v 0.2583068311214447 0.5405367016792297 -0.45035842061042786
v 0.28374606370925903 0.578606367111206 -0.479449599981308
v 0.30977222323417664 0.6162773370742798 -0.508540153503418
v 0.33630651235580444 0.6534335613250732 -0.5375509858131409
v 0.3632701337337494 0.689958930015564 -0.566402792930603
v 0.3905843198299408 0.7257372736930847 -0.5950164794921875
v 0.4181702435016632 0.7606526017189026 -0.6233128905296326
v 0.44594916701316833 0.7945887446403503 -0.6512128710746765
v 0.4738422632217407 0.8274295330047607 -0.6786372661590576
v 0.5017707943916321 0.8590589165687561 -0.7055068612098694
v 0.529655933380127 0.889360785484314 -0.7317425012588501
v 0.5574188828468323 0.9182190299034119 -0.757265031337738
v 0.584980845451355 0.9455175399780273 -0.7819953560829163
v 0.6122631430625916 0.9711401462554932 -0.8058542013168335
v 0.6391868591308594 0.9949708580970764 -0.8287624716758728
v 0.6656732559204102 1.0168933868408203 -0.8506409525871277
v 0.6916435956954956 1.0367919206619263 -0.8714104890823364
v 0.7170190215110779 1.054550051689148 -0.8909919857978821
l 2674 2675 2676 2677 2678 2679 2680 2681 2682 2683 2684 2685 2686 2687 2688 2689 2690 2691 2692 2693 2694 2695 2696 2697 2698 2699 2700 2701 2702 2703 2704 2705 2706 
o Tracks_V3
v 0.0007182050030678511 0.0006096250144764781 -0.0023121500853449106
v 0.005662377458065748 0.031238459050655365 0.022014860063791275
v 0.012681549414992332 0.06323923170566559 0.047824885696172714
v 0.0216863751411438 0.0964856892824173 0.07501836866140366
v 0.03258750960230827 0.13085158169269562 0.10349574685096741
v 0.04529561102390289 0.16621063649654388 0.13315747678279877
v 0.05972132831811905 0.202436625957489 0.16390399634838104
v 0.07577532529830933 0.23940326273441315 0.19563575088977814
v 0.09336824715137482 0.2769843339920044 0.22825318574905396
v 0.1124107614159584 0.3150535225868225 0.2616567313671112
v 0.13281351327896118 0.3534846603870392 0.2957468628883362
v 0.15448716282844543 0.392151415348053 0.3304239809513092
v 0.17734235525131226 0.4309275448322296 0.36558857560157776
v 0.20128975808620453 0.4696868360042572 0.40114107728004456
v 0.22624002397060394 0.5083029866218567 0.4369818866252899
v 0.2521038055419922 0.5466498136520386 0.4730115234851837
v 0.27879175543785095 0.5846009850502014 0.5091303586959839
v 0.3062145411968231 0.6220302581787109 0.5452389121055603
v 0.3342828154563904 0.6588113903999329 0.5812375545501709
v 0.36290720105171204 0.6948181390762329 0.6170267462730408
v 0.39199838042259216 0.729924201965332 0.652506947517395
v 0.42146703600883484 0.7640033960342407 0.6875786185264587
v 0.451223760843277 0.7969294190406799 0.722142219543457
v 0.48117926716804504 0.8285760879516602 0.7560981512069702
v 0.5112441778182983 0.8588170409202576 0.7893468141555786
v 0.5413291454315186 0.8875260353088379 0.8217887282371521
v 0.5713448524475098 0.9145768880844116 0.8533243536949158
v 0.6012019515037537 0.9398432970046997 0.88385409116745
v 0.6308110952377319 0.9631990790367126 0.913278341293335
v 0.6600828766822815 0.9845178127288818 0.9414976239204407
v 0.6889280676841736 1.0036734342575073 0.9684123992919922
v 0.7172572016716003 1.0205395221710205 0.993923008441925
v 0.7449809908866882 1.0349899530410767 1.017930030822754
l 2707 2708 2709 2710 2711 2712 2713 2714 2715 2716 2717 2718 2719 2720 2721 2722 2723 2724 2725 2726 2727 2728 2729 2730 2731 2732 2733 2734 2735 2736 2737 2738 2739 
o Tracks_V3
v 0.0005289230030030012 0.0006423729937523603 -0.048320699483156204
v 0.004511588253080845 0.03272290155291557 -0.0895044133067131
v 0.006039749830961227 0.06654737144708633 -0.13331419229507446
v 0.005204854998737574 0.10195715725421906 -0.1795753836631775
v 0.0020983503200113773 0.13879361748695374 -0.2281133383512497
v -0.003188317408785224 0.17689809203147888 -0.2787534296512604
v -0.010563701391220093 0.21611197292804718 -0.33132097125053406
v -0.01993635483086109 0.25627660751342773 -0.3856413662433624
v -0.03121482953429222 0.29723337292671204 -0.4415399432182312
v -0.04430767893791199 0.3388235867023468 -0.4988420307636261
v -0.059123460203409195 0.3808886706829071 -0.557373046875
v -0.0755707174539566 0.42326992750167847 -0.6169582605361938
v -0.09355801343917847 0.4658087491989136 -0.6774231195449829
v -0.11299389600753784 0.5083464980125427 -0.7385929226875305
v -0.13378691673278809 0.5507245659828186 -0.8002930283546448
v -0.15584564208984375 0.5927842259407043 -0.8623487949371338
v -0.179078608751297 0.6343669295310974 -0.9245855212211609
v -0.20339436829090118 0.6753140091896057 -0.9868286848068237
v -0.22870148718357086 0.7154667973518372 -1.048903465270996
v -0.2549085021018982 0.7546666860580444 -1.1106353998184204
v -0.2819240093231201 0.7927550077438354 -1.1718498468399048
v -0.3096565008163452 0.8295731544494629 -1.2323719263076782
v -0.3380145728588104 0.8649624586105347 -1.292027235031128
v -0.3669067323207855 0.8987643718719482 -1.350640892982483
v -0.39624160528182983 0.930820107460022 -1.4080384969711304
v -0.42592766880989075 0.9609711170196533 -1.4640452861785889
v -0.4558735489845276 0.989058792591095 -1.5184866189956665
v -0.48598772287368774 1.01492440700531 -1.5711878538131714
v -0.5161787867546082 1.0384093523025513 -1.6219743490219116
v -0.5463553071022034 1.0593551397323608 -1.6706714630126953
v -0.5764257907867432 1.0776028633117676 -1.7171045541763306
v -0.6062988638877869 1.092993974685669 -1.7610989809036255
v -0.6358829736709595 1.105370044708252 -1.8024799823760986
l 2740 2741 2742 2743 2744 2745 2746 2747 2748 2749 2750 2751 2752 2753 2754 2755 2756 2757 2758 2759 2760 2761 2762 2763 2764 2765 2766 2767 2768 2769 2770 2771 2772 
o Tracks_V3
v 0.0005582279991358519 0.0006345430156216025 -0.05256950110197067
v 0.0037558090407401323 0.03173138201236725 -0.06853485107421875
v 0.004377760924398899 0.06467610597610474 -0.08564996719360352
v 0.0025260234251618385 0.09930204600095749 -0.10383837670087814
v -0.0016974619356915355 0.13544254004955292 -0.1230236068367958
v -0.008190754801034927 0.17293094098567963 -0.14312918484210968
v -0.016851915046572685 0.21160058677196503 -0.16407863795757294
v -0.02757900208234787 0.25128480792045593 -0.18579550087451935
v -0.04027007520198822 0.29181694984436035 -0.2082032859325409
v -0.054823193699121475 0.3330303430557251 -0.23122553527355194
v -0.07113641500473022 0.37475836277008057 -0.25478577613830566
v -0.08910780400037766 0.4168343245983124 -0.27880752086639404
v -0.10863541066646576 0.45909154415130615 -0.30321431159973145
v -0.12961730360984802 0.5013633966445923 -0.32792967557907104
v -0.15195153653621674 0.5434832572937012 -0.352877140045166
v -0.1755361706018448 0.5852843523025513 -0.37798023223876953
v -0.20026926696300507 0.6266001462936401 -0.40316247940063477
v -0.22604888677597046 0.6672638654708862 -0.4283474087715149
v -0.25277307629585266 0.7071089744567871 -0.4534585475921631
v -0.28033992648124695 0.7459686994552612 -0.4784194231033325
v -0.3086474537849426 0.7836765050888062 -0.5031535625457764
v -0.33759376406669617 0.8200655579566956 -0.5275844931602478
v -0.3670768737792969 0.8549693822860718 -0.5516357421875
v -0.39699485898017883 0.8882212042808533 -0.5752308368682861
v -0.42724576592445374 0.919654369354248 -0.5982933044433594
v -0.45772770047187805 0.9491022825241089 -0.6207466721534729
v -0.4883386790752411 0.976398229598999 -0.6425145268440247
v -0.5189767479896545 1.0013755559921265 -0.6635202765464783
v -0.5495400428771973 1.0238676071166992 -0.6836875677108765
v -0.5799264907836914 1.0437077283859253 -0.7029398083686829
v -0.6100342869758606 1.0607292652130127 -0.7212006449699402
v -0.6397614479064941 1.0747655630111694 -0.7383934855461121
v -0.6690059900283813 1.0856499671936035 -0.7544419765472412
l 2773 2774 2775 2776 2777 2778 2779 2780 2781 2782 2783 2784 2785 2786 2787 2788 2789 2790 2791 2792 2793 2794 2795 2796 2797 2798 2799 2800 2801 2802 2803 2804 2805 
o Tracks_V3
v 0.0008906190050765872 0.0005891500040888786 -0.052606500685214996
v 0.0033465330488979816 0.024746032431721687 -0.12779298424720764
v 0.004953556228429079 0.05030941963195801 -0.20727507770061493
v 0.0057357740588486195 0.07717864960432053 -0.29076629877090454
v 0.005717271473258734 0.10525306314229965 -0.37798014283180237
v 0.004922134801745415 0.13443198800086975 -0.4686301052570343
v 0.0033744489774107933 0.16461478173732758 -0.562429666519165
v 0.0010982997482642531 0.1957007497549057 -0.6590923070907593
v -0.0018822276033461094 0.22758924961090088 -0.7583315372467041
v -0.005543047562241554 0.2601796090602875 -0.8598608374595642
v -0.009860074147582054 0.29337117075920105 -0.9633937478065491
v -0.014809222891926765 0.32706326246261597 -1.0686436891555786
v -0.020366407930850983 0.3611552119255066 -1.1753242015838623
v -0.02650754153728485 0.39554640650749207 -1.2831487655639648
v -0.033208541572093964 0.430136114358902 -1.3918308019638062
v -0.040445320308208466 0.46482372283935547 -1.5010839700698853
v -0.0481937937438488 0.4995085597038269 -1.6106215715408325
v -0.05642987787723541 0.5340899229049683 -1.720157265663147
v -0.06512948125600815 0.5684671998023987 -1.8294044733047485
v -0.07426852732896805 0.6025397181510925 -1.9380766153335571
v -0.08382292091846466 0.6362067461013794 -2.0458874702453613
v -0.09376858174800873 0.6693677306175232 -2.152549982070923
v -0.1040814220905304 0.7019218802452087 -2.2577781677246094
v -0.1147373616695404 0.7337687015533447 -2.361285448074341
v -0.1257123053073883 0.7648073434829712 -2.462785005569458
v -0.13698218762874603 0.7949373126029968 -2.56199049949646
v -0.14852289855480194 0.8240578174591064 -2.6586155891418457
v -0.16031035780906677 0.8520682454109192 -2.752373695373535
v -0.17232050001621246 0.8788679242134094 -2.842978000640869
v -0.18452921509742737 0.9043562412261963 -2.930142402648926
v -0.19691242277622223 0.9284324645996094 -3.013580083847046
v -0.2094460427761078 0.950995922088623 -3.0930049419403076
v -0.2221059948205948 0.9719460010528564 -3.1681299209594727
l 2806 2807 2808 2809 2810 2811 2812 2813 2814 2815 2816 2817 2818 2819 2820 2821 2822 2823 2824 2825 2826 2827 2828 2829 2830 2831 2832 2833 2834 2835 2836 2837 2838 
o Tracks_V3
v 0.0007549219881184399 0.0006064979825168848 -0.05276549980044365
v 0.0024438377004116774 0.033003222197294235 -0.016759037971496582
v 0.0008004601113498211 0.06683798879384995 0.02168174274265766
v -0.0040267701260745525 0.1019473671913147 0.06239420548081398
v -0.011889412067830563 0.13816793262958527 0.10521572083234787
v -0.022639025002717972 0.17533627152442932 0.14998364448547363
v -0.03612716868519783 0.21328894793987274 0.19653534889221191
v -0.0522054024040699 0.2518625259399414 0.24470818042755127
v -0.07072528451681137 0.2908936142921448 0.29433953762054443
v -0.09153836965560913 0.33021876215934753 0.345266729593277
v -0.11449623107910156 0.36967453360557556 0.397327184677124
v -0.13945041596889496 0.4090975224971771 0.45035824179649353
v -0.1662524789571762 0.4483242928981781 0.5041972398757935
v -0.1947539895772934 0.48719143867492676 0.5586815476417542
v -0.2248065173625946 0.525535523891449 0.6136485934257507
v -0.25626158714294434 0.563193142414093 0.6689356565475464
v -0.28897079825401306 0.60000079870224 0.7243801355361938
v -0.3227856755256653 0.6357951760292053 0.7798194289207458
v -0.3575578033924103 0.6704127788543701 0.8350908160209656
v -0.39313873648643494 0.7036901712417603 0.8900317549705505
v -0.42937999963760376 0.7354639768600464 0.9444795846939087
v -0.4661332070827484 0.7655707001686096 0.9982715845108032
v -0.5032498836517334 0.7938470244407654 1.0512452125549316
v -0.5405815839767456 0.82012939453125 1.1032378673553467
v -0.5779799222946167 0.8442544937133789 1.1540868282318115
v -0.6152964234352112 0.866058886051178 1.203629493713379
v -0.6523825526237488 0.8853790760040283 1.251703143119812
v -0.6890900135040283 0.9020516276359558 1.2981452941894531
v -0.7252703309059143 0.9159132242202759 1.3427932262420654
v -0.7607750296592712 0.9268004298210144 1.385484218597412
v -0.7954556345939636 0.9345496892929077 1.4260557889938354
v -0.8291637897491455 0.9389976859092712 1.4643453359603882
v -0.8617510199546814 0.9399809837341309 1.500190019607544
l 2839 2840 2841 2842 2843 2844 2845 2846 2847 2848 2849 2850 2851 2852 2853 2854 2855 2856 2857 2858 2859 2860 2861 2862 2863 2864 2865 2866 2867 2868 2869 2870 2871 
o Tracks_V3
v 0.0006660540238954127 0.0006107339868322015 -0.02627369947731495
v 0.0009611538844183087 0.031431227922439575 -0.05470079556107521
v 0.00047211901983246207 0.06400145590305328 -0.08475923538208008
v -0.0007761626038700342 0.09819937497377396 -0.1163400337100029
v -0.0027588028460741043 0.13390293717384338 -0.14933417737483978
v -0.0054509141482412815 0.17099009454250336 -0.18363268673419952
v -0.008827608078718185 0.20933881402015686 -0.21912655234336853
v -0.01286399643868208 0.2488270252943039 -0.255706787109375
v -0.017535191029310226 0.28933271765708923 -0.2932644188404083
v -0.022816304117441177 0.3307338058948517 -0.33169040083885193
v -0.028682447969913483 0.3729082942008972 -0.3708757758140564
v -0.03510873392224312 0.41573408246040344 -0.41071152687072754
v -0.04207027703523636 0.45908915996551514 -0.45108866691589355
v -0.04954218491911888 0.5028514862060547 -0.49189820885658264
v -0.05749956890940666 0.5468989610671997 -0.533031165599823
v -0.06591754406690598 0.5911096334457397 -0.574378490447998
v -0.0747712254524231 0.63536137342453 -0.615831196308136
v -0.0840357169508934 0.6795321702957153 -0.6572803854942322
v -0.09368614107370377 0.7235000133514404 -0.6986169815063477
v -0.10369759798049927 0.7671427726745605 -0.7397319674491882
v -0.11404521018266678 0.8103384971618652 -0.7805163860321045
v -0.12470407783985138 0.8529650568962097 -0.8208612203598022
v -0.13564932346343994 0.8949004411697388 -0.8606575131416321
v -0.14685605466365814 0.9360226392745972 -0.899796187877655
v -0.15829938650131226 0.9762095212936401 -0.9381683468818665
v -0.16995441913604736 1.0153391361236572 -0.9756649732589722
v -0.18179628252983093 1.0532894134521484 -1.0121769905090332
v -0.19380009174346924 1.0899382829666138 -1.047595500946045
v -0.20594093203544617 1.1251636743545532 -1.0818114280700684
v -0.2181939333677292 1.1588436365127563 -1.1147159337997437
v -0.23053419589996338 1.1908559799194336 -1.1461998224258423
v -0.2429368495941162 1.2210787534713745 -1.1761541366577148
v -0.25537699460983276 1.2493900060653687 -1.2044700384140015
l 2872 2873 2874 2875 2876 2877 2878 2879 2880 2881 2882 2883 2884 2885 2886 2887 2888 2889 2890 2891 2892 2893 2894 2895 2896 2897 2898 2899 2900 2901 2902 2903 2904 
o Tracks_V3
v 0.0006900089792907238 0.0006086979992687702 -0.0483505018055439
v 0.002548219170421362 0.03044421784579754 -0.0504634864628315
v 0.010592064820230007 0.060052480548620224 -0.052900027483701706
v 0.02443918213248253 0.08933019638061523 -0.05563905090093613
v 0.04370720311999321 0.11817407608032227 -0.05865948647260666
v 0.06801377236843109 0.14648082852363586 -0.0619402639567852
v 0.09697651118040085 0.17414715886116028 -0.06546031683683395
v 0.13021306693553925 0.20106977224349976 -0.06919856369495392
v 0.16734106838703156 0.22714537382125854 -0.07313394546508789
v 0.20797815918922424 0.2522706985473633 -0.07724539190530777
v 0.2517419755458832 0.2763424217700958 -0.08151182532310486
v 0.29825013875961304 0.2992572486400604 -0.08591218292713165
v 0.3471202850341797 0.3209119141101837 -0.09042538702487946
v 0.397970050573349 0.34120312333106995 -0.09503037482500076
v 0.45041710138320923 0.36002758145332336 -0.09970606863498688
v 0.5040790438652039 0.3772819936275482 -0.1044314056634903
v 0.5585734844207764 0.39286306500434875 -0.10918531566858292
v 0.6135181188583374 0.4066675007343292 -0.11394672095775604
v 0.6685305833816528 0.41859200596809387 -0.11869455128908157
v 0.7232284545898438 0.42853328585624695 -0.123407743871212
v 0.7772294282913208 0.4363881051540375 -0.12806522846221924
v 0.8301510810852051 0.44205307960510254 -0.13264593482017517
v 0.8816111087799072 0.44542500376701355 -0.1371287852525711
v 0.9312270879745483 0.44640052318573 -0.14149270951747894
v 0.9786167144775391 0.44487637281417847 -0.14571665227413177
v 1.0233975648880005 0.44074925780296326 -0.1497795134782791
v 1.0651873350143433 0.433915913105011 -0.15366026759147644
v 1.1036036014556885 0.42427298426628113 -0.15733779966831207
v 1.1382639408111572 0.4117172360420227 -0.1607910692691803
v 1.1687861680984497 0.3961453437805176 -0.16399899125099182
v 1.194787859916687 0.3774540424346924 -0.16694049537181854
v 1.2158865928649902 0.35554003715515137 -0.16959452629089355
v 1.2316999435424805 0.3303000032901764 -0.17193999886512756
l 2905 2906 2907 2908 2909 2910 2911 2912 2913 2914 2915 2916 2917 2918 2919 2920 2921 2922 2923 2924 2925 2926 2927 2928 2929 2930 2931 2932 2933 2934 2935 2936 2937 
o Tracks_V3
v 0.0007086209952831268 0.0006089939852245152 -0.026209700852632523
v 0.0005116132670082152 0.03163184970617294 -0.05289289355278015
v 0.0015780474059283733 0.06437189131975174 -0.08116236329078674
v 0.0038648564368486404 0.09870074689388275 -0.11091236025094986
v 0.007328973151743412 0.13449005782604218 -0.14203712344169617
v 0.011927330866456032 0.1716114729642868 -0.17443092167377472
v 0.017616862431168556 0.20993660390377045 -0.20798799395561218
v 0.024354498833417892 0.2493371069431305 -0.24260257184505463
v 0.03209717571735382 0.28968462347984314 -0.2781689465045929
v 0.04080182686448097 0.330850750207901 -0.3145813047885895
v 0.05042538419365883 0.37270715832710266 -0.3517339527606964
v 0.060924775898456573 0.4151254892349243 -0.38952112197875977
v 0.07225694507360458 0.4579773545265198 -0.4278370440006256
v 0.08437880873680115 0.50113445520401 -0.4665759801864624
v 0.09724731743335724 0.5444682836532593 -0.505632221698761
v 0.11081939935684204 0.5878506302833557 -0.5448999404907227
v 0.12505197525024414 0.6311530470848083 -0.5842733979225159
v 0.1399019956588745 0.6742472052574158 -0.6236469149589539
v 0.15532638132572174 0.7170047760009766 -0.6629146337509155
v 0.1712820678949356 0.7592973113059998 -0.7019709348678589
v 0.1877259910106659 0.8009964823722839 -0.7407099604606628
v 0.20461508631706238 0.8419739007949829 -0.7790259718894958
v 0.22190627455711365 0.8821012377738953 -0.8168132305145264
v 0.23955650627613068 0.9212501645088196 -0.8539660573005676
v 0.25752270221710205 0.9592922329902649 -0.8903785943984985
v 0.27576178312301636 0.9960991740226746 -0.9259451627731323
v 0.29423069953918457 1.0315425395965576 -0.9605599641799927
v 0.31288641691207886 1.0654939413070679 -0.994117259979248
v 0.33168578147888184 1.0978251695632935 -1.026511311531067
v 0.35058581829071045 1.1284077167510986 -1.0576363801956177
v 0.3695434033870697 1.1571133136749268 -1.0873866081237793
v 0.3885154724121094 1.1838135719299316 -1.1156564950942993
v 0.40745899081230164 1.2083799839019775 -1.1423399448394775
l 2938 2939 2940 2941 2942 2943 2944 2945 2946 2947 2948 2949 2950 2951 2952 2953 2954 2955 2956 2957 2958 2959 2960 2961 2962 2963 2964 2965 2966 2967 2968 2969 2970 
o Tracks_V3
v 0.0005493250209838152 0.0006040040170773864 -0.05279050022363663
v -0.0023218397982418537 0.03379436209797859 -0.1205834299325943
v -0.00843639113008976 0.06787790358066559 -0.1925244927406311
v -0.017642848193645477 0.10272286832332611 -0.26833751797676086
v -0.029789729043841362 0.13819748163223267 -0.34774643182754517
v -0.04472555220127106 0.17416997253894806 -0.43047499656677246
v -0.062298841774463654 0.2105085700750351 -0.5162471532821655
v -0.08235810697078705 0.24708151817321777 -0.6047866940498352
v -0.10475187748670578 0.2837570309638977 -0.6958175301551819
v -0.1293286681175232 0.3204033672809601 -0.7890634536743164
v -0.15593700110912323 0.3568887412548065 -0.8842483758926392
v -0.18442538380622864 0.3930813670158386 -0.981096088886261
v -0.21464234590530396 0.4288494884967804 -1.079330563545227
v -0.24643640220165253 0.46406134963035583 -1.1786754131317139
v -0.2796560823917389 0.49858516454696655 -1.2788548469543457
v -0.3141498863697052 0.5322892069816589 -1.3795924186706543
v -0.349766343832016 0.5650416016578674 -1.4806121587753296
v -0.3863539695739746 0.596710741519928 -1.5816378593444824
v -0.4237612783908844 0.6271647214889526 -1.6823933124542236
v -0.4618368148803711 0.6562718152999878 -1.7826024293899536
v -0.500429093837738 0.6839002370834351 -1.8819891214370728
v -0.5393865704536438 0.7099182605743408 -1.9802772998809814
v -0.5785578489303589 0.7341940999031067 -2.077190637588501
v -0.6177914142608643 0.7565959692001343 -2.172452926635742
v -0.6569358110427856 0.77699214220047 -2.2657883167266846
v -0.6958394646644592 0.7952507734298706 -2.3569204807281494
v -0.7343510389328003 0.8112401962280273 -2.445573329925537
v -0.7723188996315002 0.824828565120697 -2.531470775604248
v -0.8095917105674744 0.835884153842926 -2.6143362522125244
v -0.8460178971290588 0.8442751169204712 -2.693894386291504
v -0.8814459443092346 0.8498697876930237 -2.7698683738708496
v -0.915724515914917 0.8525363206863403 -2.841982364654541
v -0.9487019777297974 0.8521429896354675 -2.9099600315093994
l 2971 2972 2973 2974 2975 2976 2977 2978 2979 2980 2981 2982 2983 2984 2985 2986 2987 2988 2989 2990 2991 2992 2993 2994 2995 2996 2997 2998 2999 3000 3001 3002 3003 
o Tracks_V3
v 0.0008041689870879054 0.0006278050132095814 -0.1313450038433075
v -0.002513665007427335 0.031168196350336075 -0.12710440158843994
v -0.002921605948358774 0.06362093985080719 -0.12253467738628387
v -0.0005423177499324083 0.09780851006507874 -0.1176581010222435
v 0.004501535091549158 0.1335533857345581 -0.11249692738056183
v 0.012087288312613964 0.170678049325943 -0.10707341879606247
v 0.02209227904677391 0.2090049833059311 -0.10140985250473022
v 0.03439383953809738 0.2483566552400589 -0.09552847594022751
v 0.048869308084249496 0.2885555624961853 -0.08945157378911972
v 0.0653960257768631 0.3294241428375244 -0.08320139348506927
v 0.08385131508111954 0.3707849085330963 -0.07680021226406097
v 0.10411252081394196 0.4124603569507599 -0.07027028501033783
v 0.1260569840669632 0.45427292585372925 -0.06363388150930405
v 0.1495620310306549 0.4960451126098633 -0.056913260370492935
v 0.17450499534606934 0.5375993847846985 -0.0501306913793087
v 0.20076322555541992 0.5787582397460938 -0.04330844059586525
v 0.22821404039859772 0.6193441152572632 -0.03646877035498619
v 0.25673478841781616 0.6591795682907104 -0.029633941128849983
v 0.2862028181552887 0.6980869770050049 -0.02282622456550598
v 0.316495418548584 0.7358888983726501 -0.016067881137132645
v 0.34748998284339905 0.7724078297615051 -0.009381175972521305
v 0.37906381487846375 0.8074661493301392 -0.0027883732691407204
v 0.4110942482948303 0.8408864140510559 0.00368826137855649
v 0.4434586465358734 0.8724910616874695 0.010026464238762856
v 0.4760343134403229 0.9021025896072388 0.016203969717025757
v 0.508698582649231 0.9295434951782227 0.022198515012860298
v 0.5413287878036499 0.9546362161636353 0.027987835928797722
v 0.5738023519515991 0.9772032499313354 0.03354966267943382
v 0.6059964895248413 0.9970670938491821 0.03886174038052559
v 0.6377885937690735 1.0140502452850342 0.04390179365873337
v 0.6690559983253479 1.027975082397461 0.04864756762981415
v 0.699675977230072 1.0386642217636108 0.053076788783073425
v 0.7295259833335876 1.0459400415420532 0.05716719850897789
l 3004 3005 3006 3007 3008 3009 3010 3011 3012 3013 3014 3015 3016 3017 3018 3019 3020 3021 3022 3023 3024 3025 3026 3027 3028 3029 3030 3031 3032 3033 3034 3035 3036 
o Tracks_V3
v 0.000674630980938673 0.0005980759742669761 -0.026347199454903603
v -0.00618049968034029 0.026247095316648483 -0.10203368961811066
v -0.014911659993231297 0.052785202860832214 -0.18207977712154388
v -0.025432994589209557 0.08011829853057861 -0.266194611787796
v -0.03765865042805672 0.10815227776765823 -0.35408735275268555
v -0.0515027716755867 0.13679304718971252 -0.4454672038555145
v -0.066879503428936 0.16594648361206055 -0.540043294429779
v -0.08370299637317657 0.19551850855350494 -0.6375247836112976
v -0.10188739001750946 0.22541502118110657 -0.7376208901405334
v -0.12134682387113571 0.2555418908596039 -0.8400406837463379
v -0.14199545979499817 0.2858050465583801 -0.9444934129714966
v -0.16374742984771729 0.31611037254333496 -1.0506882667541504
v -0.1865168958902359 0.34636378288269043 -1.1583342552185059
v -0.21021798253059387 0.3764711618423462 -1.2671407461166382
v -0.23476484417915344 0.4063383936882019 -1.376816749572754
v -0.26007163524627686 0.4358713924884796 -1.4870715141296387
v -0.28605249524116516 0.46497607231140137 -1.5976141691207886
v -0.3126215636730194 0.49355828762054443 -1.7081539630889893
v -0.33969298005104065 0.5215240120887756 -1.8183999061584473
v -0.3671809136867523 0.5487790107727051 -1.9280612468719482
v -0.3949994742870331 0.5752293467521667 -2.0368471145629883
v -0.42306286096572876 0.6007807850837708 -2.1444668769836426
v -0.45128515362739563 0.6253393292427063 -2.250629425048828
v -0.4795805513858795 0.6488108038902283 -2.355043888092041
v -0.5078631639480591 0.6711010932922363 -2.4574196338653564
v -0.5360471606254578 0.6921161413192749 -2.5574660301208496
v -0.5640467405319214 0.7117618918418884 -2.6548917293548584
v -0.5917758941650391 0.729944109916687 -2.749406099319458
v -0.6191489100456238 0.7465687990188599 -2.8407185077667236
v -0.6460798978805542 0.7615418434143066 -2.9285378456115723
v -0.672482967376709 0.774769127368927 -3.012573480606079
v -0.6982722878456116 0.7861565351486206 -3.0925345420837402
v -0.7233620285987854 0.7956100106239319 -3.1681299209594727
l 3037 3038 3039 3040 3041 3042 3043 3044 3045 3046 3047 3048 3049 3050 3051 3052 3053 3054 3055 3056 3057 3058 3059 3060 3061 3062 3063 3064 3065 3066 3067 3068 3069 
o Tracks_V3
v 0.0006389140035025775 0.0005902529810555279 -0.06787080317735672
v -0.00947263091802597 0.03179167956113815 -0.09656358510255814
v -0.023604530841112137 0.06288833916187286 -0.127446711063385
v -0.04152793809771538 0.09378582239151001 -0.160374715924263
v -0.06301400065422058 0.12438971549272537 -0.19520214200019836
v -0.08783386647701263 0.15460559725761414 -0.23178353905677795
v -0.11575869470834732 0.18433907628059387 -0.26997342705726624
v -0.14655962586402893 0.21349570155143738 -0.30962640047073364
v -0.18000780045986176 0.24198110401630402 -0.35059693455696106
v -0.21587438881397247 0.269700825214386 -0.3927396237850189
v -0.25393053889274597 0.29656049609184265 -0.4359090030193329
v -0.29394736886024475 0.3224656879901886 -0.4799596071243286
v -0.3356960713863373 0.3473219573497772 -0.5247459411621094
v -0.37894779443740845 0.3710349500179291 -0.5701225996017456
v -0.42347362637519836 0.39351019263267517 -0.6159441471099854
v -0.4690448045730591 0.41465330123901367 -0.6620650291442871
v -0.5154324173927307 0.43436989188194275 -0.7083399295806885
v -0.5624076128005981 0.4525654911994934 -0.7546232342720032
v -0.6097415685653687 0.4691457152366638 -0.800769567489624
v -0.6572054624557495 0.48401615023612976 -0.8466334939002991
v -0.7045704126358032 0.497082382440567 -0.8920695185661316
v -0.7516075372695923 0.5082499980926514 -0.9369322061538696
v -0.798088014125824 0.5174245834350586 -0.9810761213302612
v -0.8437829613685608 0.5245117545127869 -1.0243557691574097
v -0.88846355676651 0.5294170379638672 -1.0666255950927734
v -0.9319010376930237 0.5320460796356201 -1.1077402830123901
v -0.9738664031028748 0.5323044061660767 -1.1475543975830078
v -1.0141308307647705 0.5300976634025574 -1.185922384262085
v -1.052465558052063 0.5253313779830933 -1.2226988077163696
v -1.0886417627334595 0.5179111957550049 -1.2577382326126099
v -1.122430443763733 0.507742702960968 -1.2908952236175537
v -1.1536027193069458 0.49473142623901367 -1.3220243453979492
v -1.1819299459457397 0.4787830114364624 -1.3509800434112549
l 3070 3071 3072 3073 3074 3075 3076 3077 3078 3079 3080 3081 3082 3083 3084 3085 3086 3087 3088 3089 3090 3091 3092 3093 3094 3095 3096 3097 3098 3099 3100 3101 3102 
o Tracks_V3
v 0.0007796169957146049 0.0006275789928622544 -0.002280249958857894
v -0.010447363369166851 0.02975470758974552 -0.030489478260278702
v -0.02391894906759262 0.0598013773560524 -0.060420505702495575
v -0.03952546417713165 0.09066396951675415 -0.0919584110379219
v -0.057157229632139206 0.1222388744354248 -0.12498825788497925
v -0.07670456171035767 0.15442247688770294 -0.15939514338970184
v -0.09805779159069061 0.18711115419864655 -0.19506411254405975
v -0.12110723555088043 0.220201313495636 -0.23188026249408722
v -0.1457432061433792 0.25358933210372925 -0.2697286605834961
v -0.17185604572296143 0.2871715724468231 -0.3084943890571594
v -0.19933605194091797 0.320844441652298 -0.34806251525878906
v -0.22807356715202332 0.3545043170452118 -0.38831809163093567
v -0.25795891880989075 0.38804760575294495 -0.42914626002311707
v -0.28888237476348877 0.4213706851005554 -0.47043201327323914
v -0.32073432207107544 0.4543699026107788 -0.5120604634284973
v -0.35340505838394165 0.48694169521331787 -0.5539167523384094
v -0.3867848813533783 0.5189824104309082 -0.5958858132362366
v -0.42076414823532104 0.550388514995575 -0.6378528475761414
v -0.4552331566810608 0.5810562968254089 -0.679702877998352
v -0.4900822341442108 0.6108821630477905 -0.7213209271430969
v -0.525201678276062 0.6397625207901001 -0.7625921964645386
v -0.5604819059371948 0.6675937175750732 -0.8034016489982605
v -0.5958130955696106 0.6942722201347351 -0.8436344265937805
v -0.6310856938362122 0.7196943163871765 -0.8831755518913269
v -0.666189968585968 0.7437564730644226 -0.9219101071357727
v -0.7010161876678467 0.766355037689209 -0.9597232341766357
v -0.735454797744751 0.787386417388916 -0.9964999556541443
v -0.7693960070610046 0.8067469596862793 -1.0321253538131714
v -0.8027302026748657 0.8243330717086792 -1.0664844512939453
v -0.8353476524353027 0.8400411605834961 -1.0994623899459839
v -0.8671387434005737 0.8537675738334656 -1.1309442520141602
v -0.8979937434196472 0.865408718585968 -1.1608151197433472
v -0.9278029799461365 0.8748610019683838 -1.1889599561691284
l 3103 3104 3105 3106 3107 3108 3109 3110 3111 3112 3113 3114 3115 3116 3117 3118 3119 3120 3121 3122 3123 3124 3125 3126 3127 3128 3129 3130 3131 3132 3133 3134 3135 
o Tracks_V3
v 0.0007007800159044564 0.00060655502602458 -0.13139599561691284
v -0.014186270534992218 0.028001613914966583 -0.09128860384225845
v -0.028708720579743385 0.05750792473554611 -0.048826973885297775
v -0.04284615442156792 0.08899161964654922 -0.004168028011918068
v -0.05657815560698509 0.12231883406639099 0.042531318962574005
v -0.06988430768251419 0.15735569596290588 0.09111414849758148
v -0.08274419605731964 0.19396834075450897 0.1414235532283783
v -0.09513740241527557 0.23202288150787354 0.19330260157585144
v -0.10704351216554642 0.27138546109199524 0.2465943992137909
v -0.1184421181678772 0.31192222237586975 0.30114203691482544
v -0.12931278347969055 0.35349929332733154 0.3567885458469391
v -0.1396351158618927 0.3959827721118927 0.4133770763874054
v -0.14938868582248688 0.43923884630203247 0.47075068950653076
v -0.1585530787706375 0.48313358426094055 0.5287524461746216
v -0.16710788011550903 0.5275331735610962 0.5872254967689514
v -0.17503267526626587 0.5723037123680115 0.6460128426551819
v -0.18230703473091125 0.6173112988471985 0.7049576044082642
v -0.188910573720932 0.6624221205711365 0.7639028429985046
v -0.19482284784317017 0.7075023651123047 0.8226917386054993
v -0.20002345740795135 0.7524179816246033 0.8811672329902649
v -0.2044919729232788 0.797035276889801 0.9391725659370422
v -0.20820797979831696 0.8412203192710876 0.9965506792068481
v -0.21115107834339142 0.8848391771316528 1.0531446933746338
v -0.21330083906650543 0.9277580976486206 1.1087977886199951
v -0.21463684737682343 0.9698431491851807 1.1633529663085938
v -0.21513868868350983 1.0109604597091675 1.2166533470153809
v -0.21478594839572906 1.0509761571884155 1.268541932106018
v -0.21355821192264557 1.0897563695907593 1.318861961364746
v -0.21143506467342377 1.1271672248840332 1.367456316947937
v -0.2083960771560669 1.1630749702453613 1.4141682386398315
v -0.20442084968090057 1.197345495223999 1.4588407278060913
v -0.19948896765708923 1.2298451662063599 1.501317024230957
v -0.1935800015926361 1.2604399919509888 1.5414400100708008
l 3136 3137 3138 3139 3140 3141 3142 3143 3144 3145 3146 3147 3148 3149 3150 3151 3152 3153 3154 3155 3156 3157 3158 3159 3160 3161 3162 3163 3164 3165 3166 3167 3168 
o Tracks_V3
v 0.0007024590158835053 0.0005900670075789094 -0.026309600099921227
v -0.0202382393181324 0.023178575560450554 -0.02426130883395672
v -0.042160384356975555 0.047246262431144714 -0.022097598761320114
v -0.06499059498310089 0.07270082831382751 -0.019826188683509827
v -0.08865547925233841 0.09944996982812881 -0.01745479740202427
v -0.1130816712975502 0.12740139663219452 -0.014991147443652153
v -0.13819578289985657 0.15646280348300934 -0.012442956678569317
v -0.1639244258403778 0.18654190003871918 -0.009817945770919323
v -0.190194234251976 0.21754637360572815 -0.007123834919184446
v -0.21693181991577148 0.24938392639160156 -0.004368343856185675
v -0.24406377971172333 0.2819622755050659 -0.001559192780405283
v -0.2715167701244354 0.31518909335136414 0.001295898575335741
v -0.2992173731327057 0.3489721119403839 0.004189210012555122
v -0.3270922303199768 0.38321903347969055 0.007113021798431873
v -0.3550679683685303 0.417837530374527 0.010059613734483719
v -0.3830711543560028 0.4527353048324585 0.013021266087889671
v -0.4110284745693207 0.4878200590610504 0.015990257263183594
v -0.438866525888443 0.5229995250701904 0.018958870321512222
v -0.46651187539100647 0.5581814050674438 0.021919382736086845
v -0.4938912093639374 0.5932733416557312 0.02486407570540905
v -0.5209311246871948 0.6281830668449402 0.027785230427980423
v -0.5475581884384155 0.6628183126449585 0.030675124377012253
v -0.5736991167068481 0.697086751461029 0.03352603688836098
v -0.5992804765701294 0.7308960556983948 0.03633025288581848
v -0.6242288947105408 0.7641540169715881 0.039080046117305756
v -0.648470938205719 0.7967682480812073 0.041767701506614685
v -0.6719332933425903 0.8286464214324951 0.04438549652695656
v -0.6945425271987915 0.8596963882446289 0.04692571237683296
v -0.7162253260612488 0.889825701713562 0.04938063025474548
v -0.7369081974029541 0.9189420938491821 0.05174252763390541
v -0.7565178871154785 0.9469533562660217 0.05400368571281433
v -0.7749809622764587 0.9737670421600342 0.05615638196468353
v -0.7922239899635315 0.9992910027503967 0.0581929013133049
l 3169 3170 3171 3172 3173 3174 3175 3176 3177 3178 3179 3180 3181 3182 3183 3184 3185 3186 3187 3188 3189 3190 3191 3192 3193 3194 3195 3196 3197 3198 3199 3200 3201 
o Tracks_V3
v 0.0007062520016916096 0.0005960559938102961 -0.04839999973773956
v -0.02046869695186615 0.0230853334069252 -0.06871598213911057
v -0.04212150722742081 0.047510914504528046 -0.09022286534309387
v -0.06419059634208679 0.07375990599393845 -0.11284120380878448
v -0.08661437779664993 0.10171940922737122 -0.1364915370941162
v -0.10933126509189606 0.13127653300762177 -0.16109441220760345
v -0.1322796791791916 0.1623183935880661 -0.18657037615776062
v -0.15539801120758057 0.19473209977149963 -0.2128399908542633
v -0.17862468957901 0.22840473055839539 -0.23982378840446472
v -0.20189812779426575 0.26322343945503235 -0.2674423158168793
v -0.2251567542552948 0.29907527565956116 -0.29561614990234375
v -0.2483389526605606 0.335847407579422 -0.3242657780647278
v -0.2713831663131714 0.3734268844127655 -0.35331180691719055
v -0.2942277789115906 0.4117008447647095 -0.38267478346824646
v -0.316811203956604 0.4505564272403717 -0.41227519512176514
v -0.3390718996524811 0.48988068103790283 -0.44203364849090576
v -0.36094823479652405 0.5295607447624207 -0.47187066078186035
v -0.38237863779067993 0.5694836974143982 -0.5017067790031433
v -0.40330150723457336 0.6095366477966309 -0.5314626097679138
v -0.42365530133247375 0.6496067643165588 -0.5610585808753967
v -0.44337838888168335 0.6895810961723328 -0.590415358543396
v -0.46240919828414917 0.729346752166748 -0.6194534301757812
v -0.48068612813949585 0.7687909007072449 -0.6480933427810669
v -0.4981476366519928 0.8078005313873291 -0.6762556433677673
v -0.5147320628166199 0.8462628722190857 -0.7038609385490417
v -0.5303779244422913 0.8840649724006653 -0.7308297157287598
v -0.5450235605239868 0.9210939407348633 -0.7570825219154358
v -0.5586073398590088 0.9572368264198303 -0.782539963722229
v -0.5710678100585938 0.9923808574676514 -0.8071224689483643
v -0.5823432803153992 1.026413083076477 -0.8307507038116455
v -0.5923721790313721 1.0592206716537476 -0.8533451557159424
v -0.6010929346084595 1.0906906127929688 -0.8748264312744141
v -0.6084439754486084 1.120710015296936 -0.8951150178909302
l 3202 3203 3204 3205 3206 3207 3208 3209 3210 3211 3212 3213 3214 3215 3216 3217 3218 3219 3220 3221 3222 3223 3224 3225 3226 3227 3228 3229 3230 3231 3232 3233 3234 
o Tracks_V3
v 0.0007237169775180519 0.0006137849995866418 -0.052553899586200714
v -0.02115551196038723 0.023348120972514153 0.0014274291461333632
v -0.04299753159284592 0.04836057499051094 0.05858127400279045
v -0.064753957092762 0.07551778107881546 0.11869633942842484
v -0.08637642115354538 0.10468635708093643 0.18156133592128754
v -0.10781652480363846 0.13573294878005981 0.24696499109268188
v -0.1290259063243866 0.16852419078350067 0.31469598412513733
v -0.14995616674423218 0.20292669534683228 0.3845430612564087
v -0.17055894434452057 0.23880711197853088 0.4562949240207672
v -0.19078585505485535 0.27603206038475037 0.5297402739524841
v -0.2105884999036789 0.3144681751728058 0.6046677827835083
v -0.22991852462291718 0.3539820909500122 0.6808662414550781
v -0.24872753024101257 0.3944404423236847 0.7581242918968201
v -0.26696714758872986 0.4357098639011383 0.8362306952476501
v -0.2845889925956726 0.4776569604873657 0.9149741530418396
v -0.3015446960926056 0.5201483964920044 0.9941433072090149
v -0.3177858591079712 0.5630507469177246 1.0735269784927368
v -0.3332641124725342 0.6062307357788086 1.1529138088226318
v -0.3479310870170593 0.6495549082756042 1.2320924997329712
v -0.3617383539676666 0.692889928817749 1.310851812362671
v -0.3746376037597656 0.7361024618148804 1.3889803886413574
v -0.3865804076194763 0.779059112071991 1.4662669897079468
v -0.3975183963775635 0.8216264843940735 1.542500376701355
v -0.40740320086479187 0.8636712431907654 1.617469072341919
v -0.4161864221096039 0.9050599932670593 1.6909620761871338
v -0.4238196909427643 0.9456593990325928 1.7627677917480469
v -0.43025463819503784 0.9853360056877136 1.8326752185821533
v -0.43544286489486694 1.023956537246704 1.9004727602005005
v -0.43933600187301636 1.0613876581192017 1.9659494161605835
v -0.44188565015792847 1.0974959135055542 2.0288937091827393
v -0.44304347038269043 1.132148027420044 2.089094400405884
v -0.44276103377342224 1.165210485458374 2.1463403701782227
v -0.44099000096321106 1.1965500116348267 2.2004199028015137
l 3235 3236 3237 3238 3239 3240 3241 3242 3243 3244 3245 3246 3247 3248 3249 3250 3251 3252 3253 3254 3255 3256 3257 3258 3259 3260 3261 3262 3263 3264 3265 3266 3267 
o Tracks_V3
v 0.000513247970957309 0.00039033900247886777 -0.052834998816251755
v -0.01908712647855282 0.020449941977858543 0.024329375475645065
v -0.037875667214393616 0.04287494719028473 0.10603109747171402
v -0.05583583191037178 0.06751678884029388 0.19196797907352448
v -0.07295110076665878 0.0942269116640091 0.2818378508090973
v -0.08920492976903915 0.1228567436337471 0.37533852458000183
v -0.10458078235387802 0.15325774252414703 0.47216781973838806
v -0.119062140583992 0.18528132140636444 0.5720235705375671
v -0.13263246417045593 0.21877893805503845 0.6746035814285278
v -0.14527520537376404 0.2536020278930664 0.7796056270599365
v -0.15697385370731354 0.28960201144218445 0.8867276310920715
v -0.16771186888217926 0.3266303241252899 0.9956673383712769
v -0.17747271060943604 0.3645384609699249 1.1061224937438965
v -0.18623985350131989 0.40317779779434204 1.2177910804748535
v -0.19399675726890564 0.4423997700214386 1.3303709030151367
v -0.20072689652442932 0.4820558726787567 1.4435596466064453
v -0.20641373097896576 0.5219975113868713 1.557055115699768
v -0.21104073524475098 0.5620760917663574 1.6705553531646729
v -0.2145913541316986 0.6021431088447571 1.7837579250335693
v -0.21704909205436707 0.6420499682426453 1.8963608741760254
v -0.21839739382266998 0.6816481351852417 2.0080618858337402
v -0.2186197191476822 0.7207890152931213 2.118558645248413
v -0.2176995426416397 0.7593240737915039 2.2275493144989014
v -0.21562033891677856 0.7971047163009644 2.334731340408325
v -0.21236556768417358 0.8339824080467224 2.439802885055542
v -0.2079187035560608 0.869808554649353 2.542461633682251
v -0.20226319134235382 0.9044346809387207 2.6424052715301514
v -0.1953825205564499 0.9377121329307556 2.7393317222595215
v -0.18726015090942383 0.9694923758506775 2.8329389095306396
v -0.17787954211235046 0.9996268153190613 2.922924280166626
v -0.16722416877746582 1.0279669761657715 3.008986234664917
v -0.15527750551700592 1.0543642044067383 3.090822219848633
v -0.1420229971408844 1.0786700248718262 3.1681299209594727
l 3268 3269 3270 3271 3272 3273 3274 3275 3276 3277 3278 3279 3280 3281 3282 3283 3284 3285 3286 3287 3288 3289 3290 3291 3292 3293 3294 3295 3296 3297 3298 3299 3300 
o Tracks_V3
v 0.0007135400082916021 0.0006027239724062383 -0.05243489891290665
v -0.020882051438093185 0.02098274417221546 -0.12737488746643066
v -0.0424547903239727 0.04354873299598694 -0.20665162801742554
v -0.06395678222179413 0.06817464530467987 -0.2899761199951172
v -0.08534013479948044 0.09473444521427155 -0.37705937027931213
v -0.1065569594502449 0.1231020912528038 -0.4676123857498169
v -0.1275593489408493 0.15315154194831848 -0.561346173286438
v -0.1482994109392166 0.18475675582885742 -0.6579717397689819
v -0.1687292754650116 0.21779169142246246 -0.7572001218795776
v -0.18880102038383484 0.25213029980659485 -0.8587422370910645
v -0.20846675336360931 0.2876465618610382 -0.9623091816902161
v -0.2276785969734192 0.3242143988609314 -1.0676119327545166
v -0.24638865888118744 0.36170780658721924 -1.1743614673614502
v -0.26454901695251465 0.40000075101852417 -1.282268762588501
v -0.2821118235588074 0.43896713852882385 -1.3910449743270874
v -0.299029141664505 0.4784809947013855 -1.5004009008407593
v -0.3152530789375305 0.5184162259101868 -1.610047698020935
v -0.3307357728481293 0.5586467981338501 -1.7196964025497437
v -0.34542930126190186 0.5990467071533203 -1.8290578126907349
v -0.35928580164909363 0.6394898891448975 -1.9378432035446167
v -0.3722573220729828 0.6798502802848816 -2.0457634925842285
v -0.3842960298061371 0.7200018763542175 -2.15252947807312
v -0.3953540325164795 0.7598185539245605 -2.25785231590271
v -0.4053833782672882 0.799174427986145 -2.361443042755127
v -0.4143362045288086 0.8379433155059814 -2.4630126953125
v -0.422164648771286 0.8759992718696594 -2.562272310256958
v -0.42882075905799866 0.9132161736488342 -2.658932685852051
v -0.4342566728591919 0.9494680166244507 -2.7527048587799072
v -0.4384244978427887 0.9846287965774536 -2.8433001041412354
v -0.44127634167671204 1.018572449684143 -2.930429220199585
v -0.4427643120288849 1.0511728525161743 -3.013803243637085
v -0.44284048676490784 1.0823040008544922 -3.0931332111358643
v -0.44145700335502625 1.111840009689331 -3.1681299209594727
l 3301 3302 3303 3304 3305 3306 3307 3308 3309 3310 3311 3312 3313 3314 3315 3316 3317 3318 3319 3320 3321 3322 3323 3324 3325 3326 3327 3328 3329 3330 3331 3332 3333 
o Tracks_V3
v 0.0006586179952137172 0.0005328899715095758 -0.052416399121284485
v -0.022913755849003792 0.021228473633527756 -0.0686643198132515
v -0.04576800391077995 0.045073553919792175 -0.08611531555652618
v -0.06786929816007614 0.07187262922525406 -0.10468987375497818
v -0.08918280899524689 0.10143020004034042 -0.12430845201015472
v -0.10967371612787247 0.13355077803134918 -0.14489154517650604
v -0.12930718064308167 0.16803885996341705 -0.16635961830615997
v -0.14804840087890625 0.20469893515110016 -0.18863315880298615
v -0.16586251556873322 0.2433355301618576 -0.2116326242685318
v -0.18271471560001373 0.2837531268596649 -0.23527851700782776
v -0.19857017695903778 0.3257562220096588 -0.25949129462242126
v -0.21339406073093414 0.3691493272781372 -0.28419145941734314
v -0.2271515429019928 0.4137369692325592 -0.3092994689941406
v -0.23980781435966492 0.45932361483573914 -0.33473578095436096
v -0.2513280212879181 0.5057137608528137 -0.36042091250419617
v -0.2616773545742035 0.5527119636535645 -0.3862753212451935
v -0.2708209753036499 0.6001226305961609 -0.41221946477890015
v -0.2787240743637085 0.6477503776550293 -0.4381738603115082
v -0.28535181283950806 0.6953995823860168 -0.4640589654445648
v -0.29066935181617737 0.7428748607635498 -0.4897952377796173
v -0.2946418821811676 0.7899806499481201 -0.5153031945228577
v -0.29723456501960754 0.8365215063095093 -0.5405033230781555
v -0.29841259121894836 0.8823018670082092 -0.5653160214424133
v -0.29814112186431885 0.9271262288093567 -0.5896617770195007
v -0.2963853180408478 0.9707991480827332 -0.6134611964225769
v -0.29311037063598633 1.0131251811981201 -0.6366345882415771
v -0.2882814407348633 1.0539085865020752 -0.6591025590896606
v -0.2818636894226074 1.092954158782959 -0.6807854771614075
v -0.2738223373889923 1.1300662755966187 -0.7016039490699768
v -0.26412251591682434 1.1650493144989014 -0.7214783430099487
v -0.2527293860912323 1.197708010673523 -0.7403291463851929
v -0.23960816860198975 1.2278467416763306 -0.7580769062042236
v -0.22472399473190308 1.255270004272461 -0.7746419906616211
l 3334 3335 3336 3337 3338 3339 3340 3341 3342 3343 3344 3345 3346 3347 3348 3349 3350 3351 3352 3353 3354 3355 3356 3357 3358 3359 3360 3361 3362 3363 3364 3365 3366 
o Tracks_V3
v 0.0007309690117835999 0.0006535670254379511 -0.1312129944562912
v -0.026924703270196915 0.016069462522864342 -0.1475500762462616
v -0.053785305470228195 0.03548295795917511 -0.16528725624084473
v -0.07980164885520935 0.05864698812365532 -0.1843317449092865
v -0.1049245297908783 0.08531446754932404 -0.20459076762199402
v -0.12910476326942444 0.11523833870887756 -0.2259715497493744
v -0.1522931605577469 0.14817151427268982 -0.24838131666183472
v -0.17444051802158356 0.1838669329881668 -0.2717272937297821
v -0.19549763202667236 0.22207750380039215 -0.29591667652130127
v -0.2154153436422348 0.26255616545677185 -0.3208567500114441
v -0.2341444194316864 0.3050558567047119 -0.3464546799659729
v -0.25163570046424866 0.34932950139045715 -0.3726177215576172
v -0.2678399682044983 0.3951299786567688 -0.39925310015678406
v -0.2827080488204956 0.44221028685569763 -0.4262680113315582
v -0.2961907386779785 0.4903233051300049 -0.4535696804523468
v -0.30823883414268494 0.539222002029419 -0.4810653626918793
v -0.31880316138267517 0.5886592268943787 -0.5086622834205627
v -0.32783451676368713 0.6383879780769348 -0.5362676382064819
v -0.33528372645378113 0.6881611347198486 -0.563788652420044
v -0.3411015570163727 0.7377316951751709 -0.5911325216293335
v -0.3452388346195221 0.7868525385856628 -0.6182065606117249
v -0.3476463854312897 0.8352765440940857 -0.644917905330658
v -0.34827497601509094 0.882756769657135 -0.6711738109588623
v -0.3470754623413086 0.9290459752082825 -0.6968815326690674
v -0.34399861097335815 0.9738972187042236 -0.7219482064247131
v -0.3389952480792999 1.0170633792877197 -0.7462811470031738
v -0.3320161700248718 1.0582973957061768 -0.7697875499725342
v -0.32301220297813416 1.097352147102356 -0.7923746109008789
v -0.31193414330482483 1.133980631828308 -0.8139495849609375
v -0.2987327575683594 1.1679357290267944 -0.8344197273254395
v -0.28335893154144287 1.1989703178405762 -0.8536921739578247
v -0.26576340198516846 1.2268375158309937 -0.8716741800308228
v -0.24589699506759644 1.251289963722229 -0.8882730007171631
l 3367 3368 3369 3370 3371 3372 3373 3374 3375 3376 3377 3378 3379 3380 3381 3382 3383 3384 3385 3386 3387 3388 3389 3390 3391 3392 3393 3394 3395 3396 3397 3398 3399 
o Tracks_V3
v 0.0007642380078323185 0.0006879859720356762 -0.02643360011279583
v -0.02866358682513237 0.014596880413591862 -0.0958937332034111
v -0.060421183705329895 0.026814891025424004 -0.16949547827243805
v -0.09433887898921967 0.037375520914793015 -0.2469630241394043
v -0.13024699687957764 0.04631227254867554 -0.32802051305770874
v -0.16797584295272827 0.05365864560008049 -0.41239213943481445
v -0.2073557823896408 0.05944814532995224 -0.4998020827770233
v -0.24821709096431732 0.06371426582336426 -0.5899745225906372
v -0.29039013385772705 0.06649051606655121 -0.6826335787773132
v -0.33370521664619446 0.06781039386987686 -0.7775035500526428
v -0.3779926300048828 0.06770740449428558 -0.8743084669113159
v -0.42308276891708374 0.06621504575014114 -0.9727725386619568
v -0.4688059091567993 0.06336682289838791 -1.0726200342178345
v -0.514992356300354 0.05919623374938965 -1.1735749244689941
v -0.5614725351333618 0.05373678356409073 -1.2753616571426392
v -0.6080766320228577 0.04702197015285492 -1.37770414352417
v -0.6546350717544556 0.03908529877662659 -1.480326771736145
v -0.7009781002998352 0.0299602672457695 -1.5829535722732544
v -0.7469361424446106 0.019680380821228027 -1.685308814048767
v -0.7923393845558167 0.008279141038656235 -1.787116527557373
v -0.8370183110237122 -0.004209953360259533 -1.8881009817123413
v -0.880803108215332 -0.017753398045897484 -1.987986445426941
v -0.9235242009162903 -0.032317694276571274 -2.0864970684051514
v -0.9650118350982666 -0.04786933586001396 -2.183356761932373
v -1.005096435546875 -0.06437482684850693 -2.278290033340454
v -1.0436081886291504 -0.08180065453052521 -2.371020793914795
v -1.080377459526062 -0.10011333227157593 -2.461273431777954
v -1.115234613418579 -0.11927934736013412 -2.548771858215332
v -1.148010015487671 -0.13926520943641663 -2.6332404613494873
v -1.178533911705017 -0.16003739833831787 -2.7144036293029785
v -1.206636667251587 -0.18156243860721588 -2.791985034942627
v -1.2321486473083496 -0.2038068026304245 -2.865709066390991
v -1.2548999786376953 -0.22673699259757996 -2.93530011177063
l 3400 3401 3402 3403 3404 3405 3406 3407 3408 3409 3410 3411 3412 3413 3414 3415 3416 3417 3418 3419 3420 3421 3422 3423 3424 3425 3426 3427 3428 3429 3430 3431 3432 
o Tracks_V3
v 0.0006976579898037016 0.000553864985704422 -0.026359599083662033
v -0.02993464283645153 0.01270081102848053 -0.06269095093011856
v -0.06292975693941116 0.022268958389759064 -0.10153625160455704
v -0.09809169173240662 0.029339933767914772 -0.14272888004779816
v -0.13522446155548096 0.0339953638613224 -0.18610218167304993
v -0.1741320937871933 0.03631686791777611 -0.23148955404758453
v -0.21461857855319977 0.03638608008623123 -0.2787243723869324
v -0.25648796558380127 0.034284621477127075 -0.32763999700546265
v -0.29954421520233154 0.030094116926193237 -0.37806981801986694
v -0.3435914218425751 0.023896193131804466 -0.42984718084335327
v -0.3884335160255432 0.01577247679233551 -0.482805460691452
v -0.43387454748153687 0.005804591812193394 -0.5367780923843384
v -0.47971853613853455 -0.0059258355759084225 -0.5915983319282532
v -0.5257694721221924 -0.019337181001901627 -0.6470996737480164
v -0.5718314051628113 -0.03434781730175018 -0.7031154036521912
v -0.6177083849906921 -0.05087611824274063 -0.7594789266586304
v -0.6632043123245239 -0.06884045898914337 -0.8160236477851868
v -0.7081232666969299 -0.0881592184305191 -0.8725829124450684
v -0.7522692680358887 -0.10875076800584793 -0.9289900660514832
v -0.7954463362693787 -0.13053347170352936 -0.9850785136222839
v -0.8374584317207336 -0.15342572331428528 -1.0406816005706787
v -0.8781096339225769 -0.1773458868265152 -1.095632791519165
v -0.9172039031982422 -0.20221233367919922 -1.1497652530670166
v -0.9545453190803528 -0.22794345021247864 -1.2029125690460205
v -0.9899378418922424 -0.25445759296417236 -1.2549080848693848
v -1.0231854915618896 -0.2816731631755829 -1.3055850267410278
v -1.054092288017273 -0.3095085024833679 -1.3547769784927368
v -1.082462191581726 -0.33788198232650757 -1.4023170471191406
v -1.108099341392517 -0.3667120337486267 -1.448038935661316
v -1.1308077573776245 -0.39591696858406067 -1.4917757511138916
v -1.1503912210464478 -0.42541518807411194 -1.5333609580993652
v -1.1666539907455444 -0.455125093460083 -1.5726279020309448
v -1.1793999671936035 -0.4849649965763092 -1.609410047531128
l 3433 3434 3435 3436 3437 3438 3439 3440 3441 3442 3443 3444 3445 3446 3447 3448 3449 3450 3451 3452 3453 3454 3455 3456 3457 3458 3459 3460 3461 3462 3463 3464 3465 
o Tracks_V3
v 0.00068191799800843 0.0005126729956828058 -0.026275699958205223
v -0.02846546657383442 0.011909471824765205 -0.054335251450538635
v -0.059804871678352356 0.022256864234805107 -0.08412238210439682
v -0.09318551421165466 0.03156624361872673 -0.11552193015813828
v -0.12845660746097565 0.03984900563955307 -0.14841872453689575
v -0.16546736657619476 0.047116536647081375 -0.182697594165802
v -0.20406700670719147 0.05338023230433464 -0.21824339032173157
v -0.2441047579050064 0.058651480823755264 -0.254940927028656
v -0.28542983531951904 0.06294168531894684 -0.29267507791519165
v -0.32789140939712524 0.06626222282648087 -0.33133062720298767
v -0.37133878469467163 0.06862449645996094 -0.370792418718338
v -0.4156211018562317 0.07003989815711975 -0.410945326089859
v -0.46058759093284607 0.07051981985569 -0.45167413353919983
v -0.5060874819755554 0.07007565349340439 -0.4928637146949768
v -0.5519700050354004 0.06871878355741501 -0.5343989133834839
v -0.5980843901634216 0.06646061688661575 -0.5761644840240479
v -0.6442797780036926 0.06331253051757812 -0.6180453896522522
v -0.6904054880142212 0.059285931289196014 -0.6599263548851013
v -0.7363106608390808 0.05439220368862152 -0.7016922235488892
v -0.7818444967269897 0.04864273965358734 -0.7432278990745544
v -0.826856255531311 0.04204893484711647 -0.7844181656837463
v -0.8711951971054077 0.034622177481651306 -0.8251478672027588
v -0.9147104620933533 0.026373865082859993 -0.8653018474578857
v -0.9572513103485107 0.017315387725830078 -0.9047648906707764
v -0.9986668825149536 0.0074581364169716835 -0.9434219002723694
v -1.0388065576553345 -0.003186495043337345 -0.9811577200889587
v -1.0775192975997925 -0.014607113786041737 -1.0178570747375488
v -1.1146546602249146 -0.02679232880473137 -1.0534049272537231
v -1.1500614881515503 -0.0397307462990284 -1.0876860618591309
v -1.1835893392562866 -0.05341097339987755 -1.120585322380066
v -1.2150871753692627 -0.06782162189483643 -1.1519874334335327
v -1.2444043159484863 -0.08295129239559174 -1.1817774772644043
v -1.2713899612426758 -0.09878859668970108 -1.2098400592803955
l 3466 3467 3468 3469 3470 3471 3472 3473 3474 3475 3476 3477 3478 3479 3480 3481 3482 3483 3484 3485 3486 3487 3488 3489 3490 3491 3492 3493 3494 3495 3496 3497 3498 
o Tracks_V3
v 0.0006623630179092288 0.0004222510033287108 -0.06756989657878876
v -0.03098655305802822 0.011752914637327194 -0.1410001814365387
v -0.06238830089569092 0.02668004110455513 -0.21895086765289307
v -0.093462273478508 0.04500415176153183 -0.301121324300766
v -0.12412787973880768 0.06652577221393585 -0.3872108459472656
v -0.15430450439453125 0.09104543179273605 -0.4769187867641449
v -0.18391156196594238 0.1183636486530304 -0.569944441318512
v -0.21286842226982117 0.14828094840049744 -0.6659871935844421
v -0.24109449982643127 0.18059785664081573 -0.7647462487220764
v -0.2685092091560364 0.21511490643024445 -0.8659210801124573
v -0.29503190517425537 0.25163260102272034 -0.9692109227180481
v -0.3205820322036743 0.28995147347450256 -1.0743151903152466
v -0.3450789451599121 0.3298720717430115 -1.1809331178665161
v -0.3684420585632324 0.37119489908218384 -1.2887639999389648
v -0.39059075713157654 0.4137204587459564 -1.3975073099136353
v -0.4114444851875305 0.45724931359291077 -1.5068622827529907
v -0.43092259764671326 0.5015819668769836 -1.6165281534194946
v -0.44894447922706604 0.5465189814567566 -1.726204514503479
v -0.4654295742511749 0.591860830783844 -1.8355903625488281
v -0.4802972376346588 0.6374080181121826 -1.944385290145874
v -0.49346691370010376 0.6829611659049988 -2.05228853225708
v -0.5048579573631287 0.7283207178115845 -2.158999443054199
v -0.5143897533416748 0.7732872366905212 -2.2642171382904053
v -0.5219817161560059 0.8176612257957458 -2.3676412105560303
v -0.5275533199310303 0.8612431883811951 -2.468971014022827
v -0.5310238003730774 0.9038336873054504 -2.5679056644439697
v -0.5323126912117004 0.9452332258224487 -2.664144515991211
v -0.5313393473625183 0.9852423667907715 -2.757387161254883
v -0.5280231833457947 1.0236616134643555 -2.84733247756958
v -0.5222835540771484 1.0602914094924927 -2.933680295944214
v -0.5140398740768433 1.0949324369430542 -3.016129493713379
v -0.5032115578651428 1.127385139465332 -3.0943796634674072
v -0.4897179901599884 1.1574499607086182 -3.1681299209594727
l 3499 3500 3501 3502 3503 3504 3505 3506 3507 3508 3509 3510 3511 3512 3513 3514 3515 3516 3517 3518 3519 3520 3521 3522 3523 3524 3525 3526 3527 3528 3529 3530 3531 
o Tracks_V3
v 0.0007140390225686133 0.0005843060207553208 -0.02612289972603321
v -0.032812025398015976 0.010506212711334229 -0.097068190574646
v -0.06820757687091827 0.016796937212347984 -0.17250950634479523
v -0.10527750104665756 0.01960434578359127 -0.25214827060699463
v -0.1438267081975937 0.019076302647590637 -0.33568593859672546
v -0.183660089969635 0.01536067295819521 -0.4228239357471466
v -0.22458253800868988 0.008605322800576687 -0.5132637023925781
v -0.26639893651008606 -0.0010418819729238749 -0.6067066192626953
v -0.3089142143726349 -0.013433077372610569 -0.7028542160987854
v -0.35193324089050293 -0.028420396149158478 -0.8014078140258789
v -0.39526093006134033 -0.04585597664117813 -0.9020689725875854
v -0.43870216608047485 -0.06559194624423981 -1.0045390129089355
v -0.48206186294555664 -0.08748044818639755 -1.108519434928894
v -0.5251448750495911 -0.11137361824512482 -1.2137116193771362
v -0.567756175994873 -0.13712358474731445 -1.319817066192627
v -0.6097005605697632 -0.16458247601985931 -1.4265371561050415
v -0.6507830023765564 -0.19360244274139404 -1.5335732698440552
v -0.6908083558082581 -0.2240356057882309 -1.6406270265579224
v -0.7295815944671631 -0.2557341158390045 -1.7473996877670288
v -0.7669075131416321 -0.28855007886886597 -1.8535926342010498
v -0.8025910258293152 -0.3223356604576111 -1.9589076042175293
v -0.8364371061325073 -0.3569429814815521 -2.0630457401275635
v -0.8682505488395691 -0.39222419261932373 -2.165708541870117
v -0.8978363275527954 -0.42803141474723816 -2.2665975093841553
v -0.9249992966651917 -0.46421676874160767 -2.3654139041900635
v -0.949544370174408 -0.5006324052810669 -2.4618594646453857
v -0.9712764620780945 -0.5371304750442505 -2.555635452270508
v -0.9900004267692566 -0.5735630393028259 -2.6464431285858154
v -1.0055211782455444 -0.609782338142395 -2.7339842319488525
v -1.0176435708999634 -0.6456404328346252 -2.817960023880005
v -1.0261726379394531 -0.6809895038604736 -2.8980720043182373
v -1.0309131145477295 -0.7156816124916077 -2.9740214347839355
v -1.0316699743270874 -0.7495689988136292 -3.0455100536346436
l 3532 3533 3534 3535 3536 3537 3538 3539 3540 3541 3542 3543 3544 3545 3546 3547 3548 3549 3550 3551 3552 3553 3554 3555 3556 3557 3558 3559 3560 3561 3562 3563 3564 
o Tracks_V3
v 0.0007245520246215165 0.000622956024017185 -0.05251060053706169
v -0.02971222810447216 0.00816928967833519 -0.040081270039081573
v -0.06211920455098152 0.010965380817651749 -0.026353273540735245
v -0.09627720713615417 0.009248225018382072 -0.011413022875785828
v -0.13196705281734467 0.003254821291193366 0.004653063602745533
v -0.16896957159042358 -0.006777833215892315 0.021758567541837692
v -0.20706558227539062 -0.020612740889191628 0.039817072451114655
v -0.24603591859340668 -0.038012903183698654 0.058742161840200424
v -0.28566139936447144 -0.05874132364988327 0.07844741642475128
v -0.3257228136062622 -0.08256100863218307 0.0988464280962944
v -0.36600106954574585 -0.10923495143651962 0.11985276639461517
v -0.4062769114971161 -0.13852615654468536 0.14138001203536987
v -0.4463311731815338 -0.17019763588905334 0.16334177553653717
v -0.4859447181224823 -0.20401237905025482 0.18565160036087036
v -0.5248983502388 -0.23973339796066284 0.2082231044769287
v -0.562972903251648 -0.27712368965148926 0.2309698462486267
v -0.5999491810798645 -0.3159462511539459 0.2538054287433624
v -0.6356080174446106 -0.35596412420272827 0.27664339542388916
v -0.6697302460670471 -0.3969402313232422 0.29939737915992737
v -0.7020966410636902 -0.4386376738548279 0.32198095321655273
v -0.7324881553649902 -0.48081937432289124 0.34430766105651855
v -0.7606854438781738 -0.5232483744621277 0.3662911355495453
v -0.7864694595336914 -0.5656876564025879 0.38784492015838623
v -0.8096209168434143 -0.6079002022743225 0.40888261795043945
v -0.829920768737793 -0.6496490836143494 0.42931780219078064
v -0.8471497297286987 -0.6906972527503967 0.44906407594680786
v -0.8610886931419373 -0.7308077216148376 0.4680350124835968
v -0.8715184330940247 -0.7697435021400452 0.48614415526390076
v -0.8782197833061218 -0.8072676062583923 0.5033051371574402
v -0.8809736371040344 -0.8431429862976074 0.5194315314292908
v -0.8795607089996338 -0.8771326541900635 0.5344369411468506
v -0.8737618923187256 -0.9089996814727783 0.5482348799705505
v -0.8633580207824707 -0.9385070204734802 0.5607389807701111
l 3565 3566 3567 3568 3569 3570 3571 3572 3573 3574 3575 3576 3577 3578 3579 3580 3581 3582 3583 3584 3585 3586 3587 3588 3589 3590 3591 3592 3593 3594 3595 3596 3597 
o Tracks_V3
v 0.0007220510160550475 0.0005906749865971506 -0.0019853899721056223
v -0.03689304739236832 0.011666352860629559 0.06161598488688469
v -0.07197179645299911 0.02842489443719387 0.12999647855758667
v -0.10452412813901901 0.05048353597521782 0.2028397172689438
v -0.13455994427204132 0.07745951414108276 0.27982932329177856
v -0.16208916902542114 0.10897006094455719 0.36064887046813965
v -0.18712173402309418 0.14463241398334503 0.44498202204704285
v -0.20966753363609314 0.18406380712985992 0.532512366771698
v -0.22973650693893433 0.2268814742565155 0.6229235529899597
v -0.24733856320381165 0.2727026641368866 0.7158991694450378
v -0.2624835968017578 0.32114458084106445 0.8111228346824646
v -0.2751815915107727 0.3718245029449463 0.9082781672477722
v -0.28544238209724426 0.42435961961746216 1.0070488452911377
v -0.29327595233917236 0.4783672094345093 1.1071183681488037
v -0.2986921966075897 0.5334644913673401 1.2081704139709473
v -0.30170103907585144 0.589268684387207 1.309888482093811
v -0.30231237411499023 0.6453970074653625 1.4119564294815063
v -0.3005361557006836 0.7014667391777039 1.5140577554702759
v -0.29638227820396423 0.7570950984954834 1.6158759593963623
v -0.28986066579818726 0.8118993639945984 1.717094898223877
v -0.28098124265670776 0.8654966950416565 1.817397952079773
v -0.26975390315055847 0.9175043702125549 1.916468858718872
v -0.25618860125541687 0.9675395488739014 2.013991117477417
v -0.24029523134231567 1.0152195692062378 2.1096487045288086
v -0.22208371758460999 1.0601617097854614 2.203124761581421
v -0.2015639841556549 1.1019830703735352 2.2941031455993652
v -0.17874594032764435 1.1403008699417114 2.382267475128174
v -0.1536395102739334 1.1747325658798218 2.467301368713379
v -0.1262546181678772 1.2048951387405396 2.5488882064819336
v -0.09660115838050842 1.2304059267044067 2.6267120838165283
v -0.06468906998634338 1.2508821487426758 2.700456142425537
v -0.030528269708156586 1.2659411430358887 2.7698042392730713
v 0.005871329922229052 1.2752000093460083 2.834439992904663
l 3598 3599 3600 3601 3602 3603 3604 3605 3606 3607 3608 3609 3610 3611 3612 3613 3614 3615 3616 3617 3618 3619 3620 3621 3622 3623 3624 3625 3626 3627 3628 3629 3630 
o Tracks_V3
v 0.0007200280088 0.0005944260046817362 -0.026408599689602852
v -0.031909793615341187 0.009569378569722176 -0.0620330385863781
v -0.06420096009969711 0.022886034101247787 -0.10037431120872498
v -0.09606427699327469 0.040294017642736435 -0.141252338886261
v -0.12741056084632874 0.06154296174645424 -0.1844870001077652
v -0.15815061330795288 0.08638248592615128 -0.22989822924137115
v -0.18819525837898254 0.11456222832202911 -0.27730593085289
v -0.21745529770851135 0.14583180844783783 -0.32653000950813293
v -0.24584154784679413 0.1799408495426178 -0.3773903548717499
v -0.2732647955417633 0.21663899719715118 -0.429706871509552
v -0.2996358871459961 0.2556758522987366 -0.48329949378967285
v -0.3248656094074249 0.29680106043815613 -0.5379881262779236
v -0.3488647937774658 0.339764267206192 -0.593592643737793
v -0.3715442419052124 0.3843150734901428 -0.6499329805374146
v -0.3928147256374359 0.4302031099796295 -0.7068290710449219
v -0.41258713603019714 0.4771779775619507 -0.7641007304191589
v -0.43077221512794495 0.5249893665313721 -0.821567952632904
v -0.44728079438209534 0.5733868479728699 -0.879050612449646
v -0.46202367544174194 0.6221200823783875 -0.9363686442375183
v -0.4749116897583008 0.6709387302398682 -0.9933419227600098
v -0.4858556389808655 0.7195923328399658 -1.0497902631759644
v -0.49476635456085205 0.7678305506706238 -1.1055338382720947
v -0.5015546083450317 0.8154030442237854 -1.1603922843933105
v -0.5061312317848206 0.8620594143867493 -1.2141855955123901
v -0.5084069967269897 0.9075493216514587 -1.2667337656021118
v -0.5082927942276001 0.9516223073005676 -1.3178565502166748
v -0.5056993961334229 0.9940280914306641 -1.367374062538147
v -0.5005375742912292 1.0345163345336914 -1.415105938911438
v -0.4927181601524353 1.0728365182876587 -1.4608722925186157
v -0.4821520149707794 1.1087383031845093 -1.504492998123169
v -0.46874988079071045 1.141971468925476 -1.5457879304885864
v -0.4524226188659668 1.1722854375839233 -1.584576964378357
v -0.4330810010433197 1.199429988861084 -1.6206799745559692
l 3631 3632 3633 3634 3635 3636 3637 3638 3639 3640 3641 3642 3643 3644 3645 3646 3647 3648 3649 3650 3651 3652 3653 3654 3655 3656 3657 3658 3659 3660 3661 3662 3663 
o Tracks_V3
v 0.0006970040267333388 0.0005207600188441575 -0.048395100980997086
v -0.029215553775429726 0.00799490511417389 -0.06127343699336052
v -0.06102945655584335 0.015090838074684143 -0.0748957172036171
v -0.09461874514818192 0.021804863587021828 -0.08921217918395996
v -0.12985743582248688 0.028133288025856018 -0.10417305678129196
v -0.16661958396434784 0.03407241404056549 -0.11972859501838684
v -0.2047792226076126 0.03961854428052902 -0.13582901656627655
v -0.2442103624343872 0.04476798325777054 -0.15242455899715424
v -0.28478705883026123 0.04951703920960426 -0.16946548223495483
v -0.3263833224773407 0.053862012922763824 -0.1869019865989685
v -0.3688732385635376 0.05779920890927315 -0.20468434691429138
v -0.41213077306747437 0.06132493168115616 -0.22276276350021362
v -0.456030011177063 0.06443548947572708 -0.24108749628067017
v -0.5004449486732483 0.06712717562913895 -0.25960877537727356
v -0.5452496409416199 0.06939630955457687 -0.27827686071395874
v -0.5903181433677673 0.0712391808629036 -0.29704195261001587
v -0.6355243921279907 0.07265210896730423 -0.3158542811870575
v -0.6807425618171692 0.07363138347864151 -0.33466413617134094
v -0.7258465886116028 0.07417331635951996 -0.353421688079834
v -0.7707105875015259 0.0742742121219635 -0.37207722663879395
v -0.8152084946632385 0.07393037527799606 -0.3905809819698334
v -0.8592143654823303 0.07313810288906097 -0.40888315439224243
v -0.9026023149490356 0.07189370691776276 -0.42693403363227844
v -0.9452462792396545 0.07019349187612534 -0.4446837902069092
v -0.9870203137397766 0.06803376227617264 -0.46208271384239197
v -1.0277985334396362 0.06541081517934799 -0.47908103466033936
v -1.0674548149108887 0.06232096254825592 -0.4956289827823639
v -1.105863332748413 0.05876050516963005 -0.5116767883300781
v -1.1428980827331543 0.05472574755549431 -0.527174711227417
v -1.1784330606460571 0.05021299049258232 -0.5420728921890259
v -1.212342381477356 0.04521854594349861 -0.5563217401504517
v -1.2445000410079956 0.03973871469497681 -0.5698713660240173
v -1.274780035018921 0.03376980125904083 -0.5826719999313354
l 3664 3665 3666 3667 3668 3669 3670 3671 3672 3673 3674 3675 3676 3677 3678 3679 3680 3681 3682 3683 3684 3685 3686 3687 3688 3689 3690 3691 3692 3693 3694 3695 3696 
o Tracks_V3
v 0.0007220780244097114 0.0006231109728105366 -0.05246809870004654
v -0.02976442128419876 0.006044166162610054 -0.04031742364168167
v -0.061591994017362595 0.01366835180670023 -0.027369335293769836
v -0.09463320672512054 0.023397738113999367 -0.013676970265805721
v -0.12876063585281372 0.03513439744710922 0.0007065352983772755
v -0.16384686529636383 0.048780400305986404 0.015728043392300606
v -0.1997644454240799 0.0642378181219101 0.03133441507816315
v -0.23638597130775452 0.08140872418880463 0.0474725142121315
v -0.2735840082168579 0.10019519180059433 0.06408920139074326
v -0.3112311065196991 0.12049928307533264 0.08113133907318115
v -0.34919989109039307 0.1422230750322342 0.09854579716920853
v -0.38736289739608765 0.1652686446905136 0.11627942323684692
v -0.42559269070625305 0.18953804671764374 0.13427910208702087
v -0.4637618660926819 0.2149333655834198 0.15249167382717133
v -0.5017430186271667 0.24135667085647583 0.17086400091648102
v -0.5394086837768555 0.26871004700660706 0.18934296071529388
v -0.5766314268112183 0.2968955338001251 0.20787541568279266
v -0.6132838129997253 0.32581523060798645 0.2264082282781601
v -0.6492384672164917 0.3553711771965027 0.24488824605941772
v -0.6843679547309875 0.38546550273895264 0.2632623314857483
v -0.7185447812080383 0.41600021719932556 0.2814773619174957
v -0.7516416311264038 0.4468774199485779 0.2994801998138428
v -0.7835309505462646 0.47799918055534363 0.31721770763397217
v -0.8140854239463806 0.5092675685882568 0.33463674783706665
v -0.8431775569915771 0.5405846238136292 0.3516841530799866
v -0.8706799745559692 0.5718525052070618 0.36830681562423706
v -0.8964651823043823 0.6029731631278992 0.38445159792900085
v -0.9204058051109314 0.6338487863540649 0.4000653624534607
v -0.9423744082450867 0.6643813848495483 0.4150949716567993
v -0.9622435569763184 0.6944730281829834 0.4294872581958771
v -0.9798858165740967 0.7240257859230042 0.4431891143321991
v -0.9951737523078918 0.7529417872428894 0.4561474323272705
v -1.0079799890518188 0.7811229825019836 0.4683089852333069
l 3697 3698 3699 3700 3701 3702 3703 3704 3705 3706 3707 3708 3709 3710 3711 3712 3713 3714 3715 3716 3717 3718 3719 3720 3721 3722 3723 3724 3725 3726 3727 3728 3729 
o Tracks_V3
v 0.000731129024643451 0.0008122689905576408 -0.04432490095496178
v -0.037616293877363205 0.005749502684921026 -0.11554055660963058
v -0.07453561574220657 0.01645543985068798 -0.19179707765579224
v -0.10996928811073303 0.03257090598344803 -0.2727607190608978
v -0.14385978877544403 0.053736716508865356 -0.35809773206710815
v -0.17614954710006714 0.0795937031507492 -0.4474743604660034
v -0.2067810595035553 0.10978268086910248 -0.5405569076538086
v -0.23569677770137787 0.14394447207450867 -0.6370115876197815
v -0.262839138507843 0.18171991407871246 -0.7365046739578247
v -0.2881506383419037 0.22274979948997498 -0.8387024402618408
v -0.31157371401786804 0.2666749656200409 -0.9432711005210876
v -0.33305081725120544 0.3131362497806549 -1.0498769283294678
v -0.35252442955970764 0.3617744743824005 -1.1581863164901733
v -0.3699370324611664 0.4122304320335388 -1.2678653001785278
v -0.38523101806640625 0.4641449749469757 -1.3785802125930786
v -0.39834892749786377 0.5171588659286499 -1.489997386932373
v -0.4092331528663635 0.5709130167961121 -1.6017829179763794
v -0.41782620549201965 0.6250482201576233 -1.7136032581329346
v -0.4240705072879791 0.6792052984237671 -1.8251246213912964
v -0.4279085695743561 0.7330250144004822 -1.936013102531433
v -0.4292827844619751 0.7861482501029968 -2.0459351539611816
v -0.4281356632709503 0.8382158279418945 -2.1545569896698
v -0.4244096577167511 0.888868510723114 -2.261544704437256
v -0.4180472195148468 0.9377472400665283 -2.3665647506713867
v -0.4089908003807068 0.9844927191734314 -2.46928334236145
v -0.3971829116344452 1.0287457704544067 -2.569366931915283
v -0.3825659453868866 1.0701473951339722 -2.6664812564849854
v -0.36508238315582275 1.1083382368087769 -2.7602930068969727
v -0.3446747362613678 1.1429591178894043 -2.850468158721924
v -0.3212853968143463 1.173650860786438 -2.936673402786255
v -0.29485684633255005 1.200054407119751 -3.0185744762420654
v -0.26533156633377075 1.2218105792999268 -3.0958378314971924
v -0.2326519936323166 1.2385599613189697 -3.1681299209594727
l 3730 3731 3732 3733 3734 3735 3736 3737 3738 3739 3740 3741 3742 3743 3744 3745 3746 3747 3748 3749 3750 3751 3752 3753 3754 3755 3756 3757 3758 3759 3760 3761 3762 
o Tracks_V3
v 0.0007226269808597863 0.0006334669888019562 -0.05241930112242699
v -0.030204202979803085 0.0033375315833836794 -0.009821463376283646
v -0.062921904027462 0.005274787545204163 0.035234976559877396
v -0.09730607271194458 0.0064649819396436214 0.08258622884750366
v -0.13323232531547546 0.006927862763404846 0.13206851482391357
v -0.17057622969150543 0.006683177314698696 0.18351805210113525
v -0.20921343564987183 0.005750673357397318 0.23677104711532593
v -0.24901950359344482 0.004150098189711571 0.2916637063026428
v -0.2898700535297394 0.0019011992262676358 0.34803226590156555
v -0.33164066076278687 -0.0009762760018929839 0.40571290254592896
v -0.3742069900035858 -0.004462580196559429 0.46454188227653503
v -0.4174445569515228 -0.008537964895367622 0.5243553519248962
v -0.46122902631759644 -0.0131826838478446 0.584989607334137
v -0.5054360032081604 -0.018376989290118217 0.646280825138092
v -0.5499410033226013 -0.02410113252699375 0.7080651521682739
v -0.5946197509765625 -0.03033536858856678 0.7701789140701294
v -0.6393477916717529 -0.03705994784832001 0.8324582576751709
v -0.6840006709098816 -0.04425512254238129 0.8947394490242004
v -0.7284541130065918 -0.05190114676952362 0.9568586349487305
v -0.7725836038589478 -0.05997827276587486 1.018652081489563
v -0.8162647485733032 -0.06846675276756287 1.0799559354782104
v -0.8593732118606567 -0.07734683901071548 1.1406065225601196
v -0.9017845988273621 -0.08659877628087997 1.2004399299621582
v -0.943374514579773 -0.09620283544063568 1.259292483329773
v -0.9840184450149536 -0.10613925009965897 1.317000389099121
v -1.0235921144485474 -0.11638829112052917 1.3733997344970703
v -1.0619710683822632 -0.12693019211292267 1.4283268451690674
v -1.0990309715270996 -0.1377452164888382 1.4816179275512695
v -1.1346473693847656 -0.1488136202096939 1.5331090688705444
v -1.1686959266662598 -0.16011564433574677 1.5826367139816284
v -1.2010520696640015 -0.17163154482841492 1.6300369501113892
v -1.2315915822982788 -0.18334157764911652 1.6751459836959839
v -1.2601900100708008 -0.19522599875926971 1.7178000211715698
l 3763 3764 3765 3766 3767 3768 3769 3770 3771 3772 3773 3774 3775 3776 3777 3778 3779 3780 3781 3782 3783 3784 3785 3786 3787 3788 3789 3790 3791 3792 3793 3794 3795 
o Tracks_V3
v 0.0007155620260164142 0.000530590012203902 -0.02709770016372204
v -0.03370048478245735 0.0016148175345733762 0.032990675419569016
v -0.06902953237295151 -0.0014140502316877246 0.09700607508420944
v -0.10511570423841476 -0.008355158381164074 0.16468669474124908
v -0.14180311560630798 -0.01900765299797058 0.23577068746089935
v -0.17893590033054352 -0.0331706777215004 0.30999627709388733
v -0.21635818481445312 -0.05064338073134422 0.3871016204357147
v -0.2539140582084656 -0.07122490555047989 0.46682488918304443
v -0.2914476990699768 -0.09471439570188522 0.548904299736023
v -0.3288031816482544 -0.12091099470853806 0.6330779790878296
v -0.3658246397972107 -0.1496138572692871 0.7190842032432556
v -0.40235620737075806 -0.18062211573123932 0.8066610097885132
v -0.43824198842048645 -0.2137349396944046 0.8955467343330383
v -0.4733261168003082 -0.2487514317035675 0.985479474067688
v -0.5074527263641357 -0.28547078371047974 1.0761973857879639
v -0.5404659509658813 -0.32369211316108704 1.1674387454986572
v -0.572209894657135 -0.36321455240249634 1.2589417695999146
v -0.6025286316871643 -0.40383729338645935 1.3504444360733032
v -0.6312663555145264 -0.4453594386577606 1.4416850805282593
v -0.6582671403884888 -0.48758018016815186 1.5324018001556396
v -0.6833751797676086 -0.5302985906600952 1.6223328113555908
v -0.7064344882965088 -0.5733138918876648 1.7112164497375488
v -0.7272893190383911 -0.6164251565933228 1.798790693283081
v -0.7457836866378784 -0.6594315767288208 1.884793758392334
v -0.7617617249488831 -0.7021322846412659 1.968963861465454
v -0.7750676274299622 -0.7443264722824097 2.051039218902588
v -0.7855454087257385 -0.7858132123947144 2.130758047103882
v -0.7930393218994141 -0.8263916969299316 2.2078583240509033
v -0.7973933815956116 -0.8658609986305237 2.282078266143799
v -0.7984517812728882 -0.904020369052887 2.353156328201294
v -0.7960585951805115 -0.9406688809394836 2.420830488204956
v -0.7900579571723938 -0.9756057262420654 2.4848389625549316
v -0.7802940011024475 -1.0086300373077393 2.544919967651367
l 3796 3797 3798 3799 3800 3801 3802 3803 3804 3805 3806 3807 3808 3809 3810 3811 3812 3813 3814 3815 3816 3817 3818 3819 3820 3821 3822 3823 3824 3825 3826 3827 3828 
o Tracks_V3
v 0.0007159310043789446 0.0005428100121207535 -0.05236219987273216
v -0.030141031369566917 0.001530989771708846 -0.04527759924530983
v -0.06278657168149948 0.0007209531613625586 -0.03772610053420067
v -0.09707646071910858 -0.0018214532174170017 -0.029738781973719597
v -0.13286644220352173 -0.006030382588505745 -0.02134673483669758
v -0.17001229524612427 -0.011839987710118294 -0.012581036426126957
v -0.20836977660655975 -0.019184423610568047 -0.0034727738238871098
v -0.24779464304447174 -0.02799784205853939 0.005946969613432884
v -0.28814268112182617 -0.03821439668536186 0.01564711146056652
v -0.3292695879936218 -0.04976823925971985 0.02559656649827957
v -0.3710311949253082 -0.06259352713823318 0.03576425090432167
v -0.41328322887420654 -0.07662440836429596 0.0461190827190876
v -0.4558814764022827 -0.09179503470659256 0.0566299743950367
v -0.4986816644668579 -0.10803957283496857 0.06726584583520889
v -0.5415395498275757 -0.12529215216636658 0.07799561321735382
v -0.5843109488487244 -0.14348696172237396 0.08878819644451141
v -0.6268515586853027 -0.16255812346935272 0.09961249679327011
v -0.6690171957015991 -0.18243978917598724 0.11043744534254074
v -0.7106636166572571 -0.2030661404132843 0.12123195827007294
v -0.7516465187072754 -0.2243712991476059 0.13196495175361633
v -0.7918217778205872 -0.2462894469499588 0.14260531961917877
v -0.8310450315475464 -0.2687547206878662 0.15312200784683228
v -0.8691720962524414 -0.2917012572288513 0.16348391771316528
v -0.9060587286949158 -0.3150632381439209 0.17365998029708862
v -0.9415607452392578 -0.33877483010292053 0.18361908197402954
v -0.9755337834358215 -0.362770140171051 0.19333016872406006
v -1.00783371925354 -0.38698336482048035 0.20276214182376862
v -1.038316249847412 -0.4113486111164093 0.21188393235206604
v -1.066837191581726 -0.43580007553100586 0.22066442668437958
v -1.0932523012161255 -0.4602718949317932 0.22907257080078125
v -1.117417335510254 -0.48469820618629456 0.2370772808790207
v -1.1391879320144653 -0.5090131759643555 0.24464744329452515
v -1.1584199666976929 -0.5331509709358215 0.25175198912620544
l 3829 3830 3831 3832 3833 3834 3835 3836 3837 3838 3839 3840 3841 3842 3843 3844 3845 3846 3847 3848 3849 3850 3851 3852 3853 3854 3855 3856 3857 3858 3859 3860 3861 
o Tracks_V3
v 0.0007185590220615268 0.000581251981202513 -0.05251210182905197
v -0.030462324619293213 0.0014820178039371967 -0.02753463387489319
v -0.06337012350559235 0.0007579504163004458 -0.0010224288562312722
v -0.09786826372146606 -0.0015337135409936309 0.026922238990664482
v -0.13382017612457275 -0.005335737485438585 0.056197091937065125
v -0.1710892915725708 -0.010590883903205395 0.08669985085725784
v -0.2095390409231186 -0.017241915687918663 0.11832824349403381
v -0.2490328550338745 -0.02523159794509411 0.15097998082637787
v -0.28943416476249695 -0.03450269252061844 0.18455280363559723
v -0.3306063711643219 -0.044997964054346085 0.21894441545009613
v -0.37241294980049133 -0.05666017159819603 0.2540525496006012
v -0.41471728682518005 -0.0694320797920227 0.28977489471435547
v -0.45738285779953003 -0.08325646072626114 0.32600924372673035
v -0.5002730488777161 -0.09807606041431427 0.3626532554626465
v -0.5432513356208801 -0.11383365839719772 0.3996046781539917
v -0.586181104183197 -0.13047200441360474 0.4367612302303314
v -0.6289258003234863 -0.14793388545513153 0.4740206301212311
v -0.6713488698005676 -0.16616202890872955 0.5112805962562561
v -0.7133136987686157 -0.18509922921657562 0.5484388470649719
v -0.754683792591095 -0.20468822121620178 0.5853931307792664
v -0.7953224778175354 -0.22487179934978485 0.6220411658287048
v -0.8350933194160461 -0.24559271335601807 0.6582806706428528
v -0.8738595843315125 -0.26679369807243347 0.6940093040466309
v -0.9114848375320435 -0.2884175777435303 0.729124903678894
v -0.9478324055671692 -0.3104070723056793 0.763525128364563
v -0.9827658534049988 -0.33270493149757385 0.7971076369285583
v -1.0161484479904175 -0.3552539646625519 0.8297702670097351
v -1.0478436946868896 -0.37799689173698425 0.8614107370376587
v -1.0777150392532349 -0.400876522064209 0.891926646232605
v -1.1056259870529175 -0.4238355755805969 0.921215832233429
v -1.1314398050308228 -0.4468168318271637 0.9491759538650513
v -1.155019998550415 -0.46976304054260254 0.9757047891616821
v -1.1762299537658691 -0.49261701107025146 1.0006999969482422
l 3862 3863 3864 3865 3866 3867 3868 3869 3870 3871 3872 3873 3874 3875 3876 3877 3878 3879 3880 3881 3882 3883 3884 3885 3886 3887 3888 3889 3890 3891 3892 3893 3894 
o Tracks_V3
v 0.0007085329852998257 0.000834628997836262 -0.06684959679841995
v -0.013976657763123512 -0.00008709778921911493 0.011259890161454678
v -0.02942621149122715 -0.0015447050100192428 0.09381738305091858
v -0.04558389261364937 -0.0035179497208446264 0.18052637577056885
v -0.06239347904920578 -0.005986589007079601 0.2710903286933899
v -0.07979872822761536 -0.008930379524827003 0.36521270871162415
v -0.09774342179298401 -0.012329078279435635 0.4625970423221588
v -0.11617132276296616 -0.016162442043423653 0.5629467964172363
v -0.13502620160579681 -0.02041022852063179 0.6659654378890991
v -0.154251828789711 -0.02505219541490078 0.7713564038276672
v -0.17379197478294373 -0.03006809763610363 0.8788232803344727
v -0.19359038770198822 -0.0354376919567585 0.988069474697113
v -0.21359087526798248 -0.04114073887467384 1.0987985134124756
v -0.23373718559741974 -0.04715699329972267 1.2107137441635132
v -0.2539730966091156 -0.05346621200442314 1.3235188722610474
v -0.2742423415184021 -0.06004815176129341 1.4369171857833862
v -0.2944887578487396 -0.06688256561756134 1.550612211227417
v -0.3146560490131378 -0.07394921779632568 1.6643074750900269
v -0.3346880078315735 -0.0812278687953949 1.777706503868103
v -0.35452842712402344 -0.08869826048612595 1.8905127048492432
v -0.3741210699081421 -0.09634015709161758 2.002429485321045
v -0.3934096693992615 -0.10413332283496857 2.1131603717803955
v -0.4123380184173584 -0.11205750703811646 2.2224090099334717
v -0.4308498799800873 -0.1200924664735794 2.329878807067871
v -0.4488890469074249 -0.12821796536445618 2.4352729320526123
v -0.46639925241470337 -0.13641375303268433 2.5382955074310303
v -0.4833242893218994 -0.1446595937013626 2.6386492252349854
v -0.49960795044898987 -0.1529352217912674 2.7360382080078125
v -0.5151939392089844 -0.16122043132781982 2.8301656246185303
v -0.5300260782241821 -0.16949495673179626 2.9207351207733154
v -0.5440481305122375 -0.17773854732513428 3.0074498653411865
v -0.5572038292884827 -0.1859309822320938 3.0900137424468994
v -0.5694370269775391 -0.19405199587345123 3.1681299209594727
l 3895 3896 3897 3898 3899 3900 3901 3902 3903 3904 3905 3906 3907 3908 3909 3910 3911 3912 3913 3914 3915 3916 3917 3918 3919 3920 3921 3922 3923 3924 3925 3926 3927 
o Tracks_V3
v 0.0008537870016880333 0.0006120720063336194 -0.06656190007925034
v 0.0012603200739249587 -0.012832128442823887 0.011532907374203205
v 0.0021785637363791466 -0.026972511783242226 0.09407610446214676
v 0.0035897428169846535 -0.041757456958293915 0.18077117204666138
v 0.005475081969052553 -0.05713534727692604 0.2713215947151184
v 0.007815806195139885 -0.07305455952882767 0.3654308319091797
v 0.010593139566481113 -0.0894634798169136 0.46280238032341003
v 0.013788307085633278 -0.10631047934293747 0.5631397366523743
v 0.017382534220814705 -0.12354394793510437 0.6661463379859924
v 0.021357044577598572 -0.14111226797103882 0.7715256810188293
v 0.02569306455552578 -0.15896379947662354 0.8789812326431274
v 0.03037181682884693 -0.17704695463180542 0.9882165193557739
v 0.03537452593445778 -0.1953100860118866 1.0989348888397217
v 0.04068242013454437 -0.21370159089565277 1.210840106010437
v 0.046276722103357315 -0.23216983675956726 1.3236353397369385
v 0.05213865265250206 -0.25066322088241577 1.4370242357254028
v 0.058249443769454956 -0.2691301107406616 1.5507102012634277
v 0.06459031254053116 -0.2875188887119293 1.6643966436386108
v 0.07114249467849731 -0.3057779371738434 1.7777873277664185
v 0.07788719981908798 -0.3238556385040283 1.8905854225158691
v 0.08480566740036011 -0.34170034527778625 2.0024945735931396
v 0.09187911450862885 -0.3592604994773865 2.113218307495117
v 0.09908875823020935 -0.3764844238758087 2.2224597930908203
v 0.10641584545373917 -0.3933205306529999 2.329922914505005
v 0.11384157836437225 -0.4097172021865845 2.4353108406066895
v 0.12134718894958496 -0.4256227910518646 2.53832745552063
v 0.12891390919685364 -0.44098567962646484 2.6386756896972656
v 0.13652296364307404 -0.45575428009033203 2.7360594272613525
v 0.1441555619239807 -0.4698769450187683 2.830181837081909
v 0.15179294347763062 -0.4833020865917206 2.9207468032836914
v 0.1594163179397583 -0.49597805738449097 3.0074572563171387
v 0.1670069396495819 -0.5078532099723816 3.090017318725586
v 0.1745460033416748 -0.5188760161399841 3.1681299209594727
l 3928 3929 3930 3931 3932 3933 3934 3935 3936 3937 3938 3939 3940 3941 3942 3943 3944 3945 3946 3947 3948 3949 3950 3951 3952 3953 3954 3955 3956 3957 3958 3959 3960 
o Tracks_V3
v 0.0007725260220468044 0.0006976280128583312 -0.04325839877128601
v 0.012990470975637436 -0.006697091273963451 0.03428580239415169
v 0.025660788640379906 -0.014848635531961918 0.11624469608068466
v 0.03874341398477554 -0.02371653914451599 0.20232398808002472
v 0.05219827964901924 -0.03326033800840378 0.2922293543815613
v 0.06598532944917679 -0.04343956708908081 0.38566654920578003
v 0.08006449043750763 -0.054213766008615494 0.4823412299156189
v 0.0943957045674324 -0.06554246693849564 0.5819591283798218
v 0.10893890261650085 -0.07738520205020905 0.6842259168624878
v 0.12365402281284332 -0.08970151096582413 0.7888473272323608
v 0.13850100338459015 -0.10245093703269958 0.8955290913581848
v 0.15343977510929108 -0.11559300124645233 1.003976821899414
v 0.16843028366565704 -0.12908725440502167 1.1138962507247925
v 0.1834324598312378 -0.1428932100534439 1.2249932289123535
v 0.19840623438358307 -0.15697042644023895 1.3369731903076172
v 0.21331153810024261 -0.1712784320116043 1.4495420455932617
v 0.22810833156108856 -0.1857767552137375 1.5624054670333862
v 0.24275653064250946 -0.2004249393939972 1.6752690076828003
v 0.25721606612205505 -0.21518251299858093 1.7878385782241821
v 0.2714468836784363 -0.2300090193748474 1.8998198509216309
v 0.2854089140892029 -0.24486400187015533 2.010918378829956
v 0.2990621328353882 -0.259706974029541 2.120840072631836
v 0.31236639618873596 -0.27449747920036316 2.229290246963501
v 0.32528170943260193 -0.28919506072998047 2.335975170135498
v 0.33776798844337463 -0.30375927686691284 2.4406001567840576
v 0.3497851490974426 -0.318149596452713 2.5428709983825684
v 0.36129313707351685 -0.33232563734054565 2.64249324798584
v 0.3722518980503082 -0.3462468683719635 2.73917293548584
v 0.3826213777065277 -0.35987284779548645 2.832615613937378
v 0.39236146211624146 -0.373163104057312 2.9225270748138428
v 0.4014321565628052 -0.3860771954059601 3.008612632751465
v 0.40979334712028503 -0.3985746502876282 3.090578556060791
v 0.41740500926971436 -0.4106149971485138 3.1681299209594727
l 3961 3962 3963 3964 3965 3966 3967 3968 3969 3970 3971 3972 3973 3974 3975 3976 3977 3978 3979 3980 3981 3982 3983 3984 3985 3986 3987 3988 3989 3990 3991 3992 3993 
o Tracks_V3
v 0.0008162710000760853 0.0005702620255760849 -0.026128500699996948
v 0.005799583625048399 0.011926071718335152 0.05101054906845093
v 0.01138057466596365 0.023760637268424034 0.13253939151763916
v 0.017529020085930824 0.03603482246398926 0.21816538274288177
v 0.024214696139097214 0.04870949313044548 0.3075958788394928
v 0.03140738233923912 0.06174551323056221 0.40053823590278625
v 0.039076853543519974 0.0751037523150444 0.49669981002807617
v 0.04719288647174835 0.08874506503343582 0.5957879424095154
v 0.055725257843732834 0.10263033211231232 0.6975099444389343
v 0.0646437481045723 0.11672040820121765 0.8015732765197754
v 0.07391813397407532 0.13097615540027618 0.9076851606369019
v 0.08351818472146988 0.14535844326019287 1.0155531167984009
v 0.09341368079185486 0.15982815623283386 1.1248842477798462
v 0.10357440263032913 0.17434611916542053 1.2353861331939697
v 0.11397013068199158 0.18887323141098022 1.3467661142349243
v 0.12457063049077988 0.2033703476190567 1.4587314128875732
v 0.1353456825017929 0.21779832243919373 1.5709894895553589
v 0.14626507461071014 0.23211804032325745 1.6832475662231445
v 0.15729857981204987 0.24629034101963043 1.7952131032943726
v 0.16841594874858856 0.26027610898017883 1.9065935611724854
v 0.1795870065689087 0.2740362286567688 2.0170960426330566
v 0.19078148901462555 0.2875315248966217 2.1264281272888184
v 0.2019691914319992 0.3007228672504425 2.2342967987060547
v 0.21311987936496735 0.31357115507125854 2.340409994125366
v 0.22420334815979004 0.3260372281074524 2.444474697113037
v 0.23518934845924377 0.338081955909729 2.5461981296539307
v 0.24604769051074982 0.34966617822647095 2.6452879905700684
v 0.25674811005592346 0.36075082421302795 2.7414512634277344
v 0.26726043224334717 0.3712966740131378 2.83439564704895
v 0.27755439281463623 0.38126468658447266 2.923828363418579
v 0.2875998020172119 0.39061564207077026 3.0094568729400635
v 0.2973664104938507 0.39931046962738037 3.0909881591796875
v 0.3068239986896515 0.40731000900268555 3.1681299209594727
l 3994 3995 3996 3997 3998 3999 4000 4001 4002 4003 4004 4005 4006 4007 4008 4009 4010 4011 4012 4013 4014 4015 4016 4017 4018 4019 4020 4021 4022 4023 4024 4025 4026 
o Tracks_V3
v 0.0007191799813881516 0.000597358972299844 0.0504956990480423
v -0.011212325654923916 0.015205303207039833 0.12566328048706055
v -0.024440353736281395 0.029972229152917862 0.20513449609279633
v -0.03889249637722969 0.0448610894382 0.28862258791923523
v -0.05449634790420532 0.059834837913513184 0.37584078311920166
v -0.07117950171232224 0.07485643029212952 0.4665023386478424
v -0.08886955678462982 0.08988881856203079 0.5603204965591431
v -0.10749410837888718 0.10489495098590851 0.6570084691047668
v -0.1269807517528534 0.11983779072761536 0.7562795281410217
v -0.14725705981254578 0.13468028604984283 0.8578468561172485
v -0.1682506650686264 0.14938537776470184 0.9614238142967224
v -0.18988913297653198 0.16391605138778687 1.0667234659194946
v -0.2121000587940216 0.1782352179288864 1.1734592914581299
v -0.23481105268001556 0.19230586290359497 1.2813442945480347
v -0.25794970989227295 0.20609094202518463 1.3900917768478394
v -0.28144359588623047 0.2195533812046051 1.4994150400161743
v -0.3052203357219696 0.23265615105628967 1.6090272665023804
v -0.32920750975608826 0.24536220729351044 1.718641757965088
v -0.3533327281475067 0.2576344907283783 1.8279718160629272
v -0.3775235712528229 0.26943597197532654 1.9367305040359497
v -0.40170761942863464 0.28072959184646606 2.044631004333496
v -0.4258125126361847 0.2914782762527466 2.1513869762420654
v -0.44976580142974854 0.30164504051208496 2.25671124458313
v -0.4734950661659241 0.3111928105354309 2.3603169918060303
v -0.49692797660827637 0.32008451223373413 2.4619178771972656
v -0.5199920535087585 0.3282831609249115 2.5612268447875977
v -0.5426149368286133 0.33575162291526794 2.6579573154449463
v -0.5647242069244385 0.34245291352272034 2.7518222332000732
v -0.5862473845481873 0.34834998846054077 2.8425350189208984
v -0.6071122288703918 0.35340577363967896 2.929809093475342
v -0.6272462010383606 0.35758325457572937 3.013357400894165
v -0.6465769410133362 0.36084532737731934 3.092893362045288
v -0.6650320291519165 0.3631550073623657 3.1681299209594727
l 4027 4028 4029 4030 4031 4032 4033 4034 4035 4036 4037 4038 4039 4040 4041 4042 4043 4044 4045 4046 4047 4048 4049 4050 4051 4052 4053 4054 4055 4056 4057 4058 4059 
o Tracks_V3
v 0.00069230399094522 0.0008343430235981941 -0.05298570170998573
v -0.017779022455215454 -0.0009799556573852897 -0.1281418353319168
v -0.03728828579187393 -0.0019887001253664494 -0.2075938731431961
v -0.057757988572120667 -0.0022168855648487806 -0.2910554111003876
v -0.07911062985658646 -0.0016895071603357792 -0.37824001908302307
v -0.1012687087059021 -0.00043155974708497524 -0.46886128187179565
v -0.1241547167301178 0.0015319614904001355 -0.5626327991485596
v -0.14769117534160614 0.004176061134785414 -0.6592680811882019
v -0.17180055379867554 0.007475744932889938 -0.7584808468818665
v -0.19640536606311798 0.011406016536056995 -0.8599845767021179
v -0.22142811119556427 0.015941882506012917 -0.9634928703308105
v -0.2467913031578064 0.021058345213532448 -1.0687193870544434
v -0.2724173963069916 0.026730412617325783 -1.175377607345581
v -0.2982289493083954 0.03293308988213539 -1.2831811904907227
v -0.32414841651916504 0.039641376584768295 -1.3918436765670776
v -0.35009831190109253 0.04683028161525726 -1.5010786056518555
v -0.37600114941596985 0.054474812000989914 -1.6105997562408447
v -0.4017794132232666 0.06254997104406357 -1.7201205492019653
v -0.4273555874824524 0.07103075832128525 -1.8293545246124268
v -0.4526522159576416 0.07989218831062317 -1.938015341758728
v -0.47759172320365906 0.08910925686359406 -2.045816659927368
v -0.5020967125892639 0.09865697473287582 -2.1524720191955566
v -0.5260895490646362 0.1085103452205658 -2.257694721221924
v -0.5494928956031799 0.11864437162876129 -2.361198902130127
v -0.5722290873527527 0.12903405725955963 -2.462697744369507
v -0.594220757484436 0.13965441286563873 -2.5619049072265625
v -0.6153903007507324 0.1504804491996765 -2.658534049987793
v -0.6356602907180786 0.1614871472120285 -2.752298593521118
v -0.6549531817436218 0.1726495325565338 -2.842912435531616
v -0.6731915473937988 0.18394261598587036 -2.930088758468628
v -0.6902977824211121 0.19534137845039368 -3.0135414600372314
v -0.7061944007873535 0.20682083070278168 -3.0929839611053467
v -0.72080397605896 0.21835599839687347 -3.1681299209594727
l 4060 4061 4062 4063 4064 4065 4066 4067 4068 4069 4070 4071 4072 4073 4074 4075 4076 4077 4078 4079 4080 4081 4082 4083 4084 4085 4086 4087 4088 4089 4090 4091 4092 
o Tracks_V3
v 0.0006990450201556087 0.0006982709746807814 -0.044295601546764374
v -0.018321717157959938 -0.004387966822832823 -0.11970138549804688
v -0.0382191427052021 -0.010347612202167511 -0.1994062215089798
v -0.058924511075019836 -0.017140677198767662 -0.28312352299690247
v -0.08036909252405167 -0.024727175012230873 -0.370566725730896
v -0.10248415917158127 -0.033067118376493454 -0.46144920587539673
v -0.12520098686218262 -0.042120516300201416 -0.555484414100647
v -0.1484508365392685 -0.05184738710522652 -0.6523856520652771
v -0.17216500639915466 -0.06220773607492447 -0.7518665194511414
v -0.1962747424840927 -0.07316157966852188 -0.8536402583122253
v -0.22071132063865662 -0.08466893434524536 -0.9574203491210938
v -0.24540603160858154 -0.09668980538845062 -1.0629202127456665
v -0.2702901363372803 -0.10918420553207397 -1.1698532104492188
v -0.29529494047164917 -0.12211215496063232 -1.2779327630996704
v -0.32035166025161743 -0.13543365895748138 -1.3868722915649414
v -0.34539157152175903 -0.14910873770713806 -1.4963852167129517
v -0.3703460097312927 -0.16309738159179688 -1.6061850786209106
v -0.3951461911201477 -0.17735962569713593 -1.7159850597381592
v -0.41972342133522034 -0.19185549020767212 -1.8254985809326172
v -0.4440089464187622 -0.20654495060443878 -1.9344393014907837
v -0.4679340422153473 -0.2213880568742752 -2.04252028465271
v -0.49143001437187195 -0.23634479939937592 -2.1494553089141846
v -0.5144280791282654 -0.2513751983642578 -2.254957675933838
v -0.5368595719337463 -0.2664392590522766 -2.3587405681610107
v -0.5586557388305664 -0.2814970314502716 -2.460517406463623
v -0.5797478556632996 -0.29650846123695374 -2.560001850128174
v -0.6000671982765198 -0.3114336133003235 -2.656907320022583
v -0.6195449829101562 -0.3262324631214142 -2.7509469985961914
v -0.6381126046180725 -0.3408650755882263 -2.841834545135498
v -0.655701220035553 -0.3552913963794708 -2.9292831420898438
v -0.6722421050071716 -0.3694714903831482 -3.0130064487457275
v -0.687666654586792 -0.38336536288261414 -3.092717409133911
v -0.7019060254096985 -0.396932989358902 -3.1681299209594727
l 4093 4094 4095 4096 4097 4098 4099 4100 4101 4102 4103 4104 4105 4106 4107 4108 4109 4110 4111 4112 4113 4114 4115 4116 4117 4118 4119 4120 4121 4122 4123 4124 4125 
o Tracks_V3
v 0.000867882976308465 0.0005254719872027636 -0.04492679983377457
v -0.010143659077584743 -0.017330048605799675 -0.12019515782594681
v -0.022714348509907722 -0.03543952852487564 -0.1997845321893692
v -0.03676128014922142 -0.05375254154205322 -0.28340691328048706
v -0.05220155790448189 -0.07221866399049759 -0.3707742393016815
v -0.06895226985216141 -0.09078747779130936 -0.4615985155105591
v -0.0869305208325386 -0.10940854996442795 -0.5555917024612427
v -0.10605339705944061 -0.12803146243095398 -0.6524658203125
v -0.12623800337314606 -0.14660578966140747 -0.7519327402114868
v -0.14740143716335297 -0.16508109867572784 -0.8537045121192932
v -0.16946080327033997 -0.1834069788455963 -0.9574931263923645
v -0.1923331767320633 -0.2015330046415329 -1.0630104541778564
v -0.21593566238880157 -0.21940875053405762 -1.169968605041504
v -0.24018536508083344 -0.2369837760925293 -1.2780795097351074
v -0.2649993896484375 -0.25420767068862915 -1.3870550394058228
v -0.2902947962284088 -0.2710300385951996 -1.4966073036193848
v -0.3159887194633484 -0.28740039467811584 -1.6064481735229492
v -0.34199824929237366 -0.3032683730125427 -1.716289758682251
v -0.36824047565460205 -0.31858348846435547 -1.8258439302444458
v -0.394632488489151 -0.33329537510871887 -1.9348225593566895
v -0.4210914075374603 -0.34735357761383057 -2.042937755584717
v -0.4475342929363251 -0.36070770025253296 -2.1499016284942627
v -0.47387826442718506 -0.3733072876930237 -2.2554259300231934
v -0.5000404119491577 -0.38510191440582275 -2.359222650527954
v -0.5259378552436829 -0.3960411846637726 -2.4610037803649902
v -0.5514876842498779 -0.4060746431350708 -2.560481309890747
v -0.5766069889068604 -0.4151518940925598 -2.657367467880249
v -0.6012127995491028 -0.42322251200675964 -2.751373767852783
v -0.6252223253250122 -0.4302360415458679 -2.842212438583374
v -0.6485525965690613 -0.43614208698272705 -2.929595470428467
v -0.6711207628250122 -0.44089019298553467 -3.0132346153259277
v -0.6928438544273376 -0.44442999362945557 -3.0928423404693604
v -0.7136390209197998 -0.446711003780365 -3.1681299209594727
l 4126 4127 4128 4129 4130 4131 4132 4133 4134 4135 4136 4137 4138 4139 4140 4141 4142 4143 4144 4145 4146 4147 4148 4149 4150 4151 4152 4153 4154 4155 4156 4157 4158 
o Tracks_V3
v 0.0007514390163123608 0.0008705860236659646 -0.05253000184893608
v 0.017410384491086006 -0.0008263844647444785 -0.12775324285030365
v 0.03503217548131943 -0.002053548116236925 -0.20726194977760315
v 0.05354960635304451 -0.002823531161993742 -0.29077041149139404
v 0.07289545983076096 -0.0031489606481045485 -0.3779928982257843
v 0.09300253540277481 -0.00304246274754405 -0.4686436951160431
v 0.11380361765623093 -0.0025166640989482403 -0.562437117099762
v 0.13523149490356445 -0.0015841914573684335 -0.6590874195098877
v 0.15721896290779114 -0.00025767128681764007 -0.7583089470863342
v 0.17969880998134613 0.0014502698322758079 -0.8598159551620483
v 0.20260381698608398 0.0035270054358989 -0.9633226990699768
v 0.22586679458618164 0.005959908943623304 -1.068543553352356
v 0.24942052364349365 0.008736353367567062 -1.1751925945281982
v 0.2731977701187134 0.011843713000416756 -1.2829843759536743
v 0.29713135957717896 0.01526936050504446 -1.3916330337524414
v 0.32115405797958374 0.019000669941306114 -1.5008529424667358
v 0.34519869089126587 0.023025013506412506 -1.6103583574295044
v 0.3691979944705963 0.027329765260219574 -1.7198635339736938
v 0.3930848240852356 0.03190230205655098 -1.829082727432251
v 0.4167918860912323 0.03672999143600464 -1.937730312347412
v 0.44025206565856934 0.041800208389759064 -2.045520544052124
v 0.4633980691432953 0.04710032790899277 -2.152167558670044
v 0.4861627221107483 0.05261772498488426 -2.2573859691619873
v 0.5084788203239441 0.05833977088332176 -2.3608899116516113
v 0.5302791595458984 0.06425383687019348 -2.4623935222625732
v 0.5514965057373047 0.07034730166196823 -2.5616114139556885
v 0.572063684463501 0.07660753279924393 -2.658257484436035
v 0.5919134616851807 0.08302190899848938 -2.7520461082458496
v 0.6109786629676819 0.0895778015255928 -2.8426918983459473
v 0.6291919946670532 0.09626258164644241 -2.9299089908599854
v 0.6464862823486328 0.10306362807750702 -3.013411283493042
v 0.6627943515777588 0.10996831208467484 -3.0929136276245117
v 0.6780490279197693 0.11696399748325348 -3.1681299209594727
l 4159 4160 4161 4162 4163 4164 4165 4166 4167 4168 4169 4170 4171 4172 4173 4174 4175 4176 4177 4178 4179 4180 4181 4182 4183 4184 4185 4186 4187 4188 4189 4190 4191 
o Tracks_V3
v 0.000870868971105665 0.0006311680190265179 -0.04388219863176346
v -0.001654963823966682 0.016376983374357224 -0.11928433179855347
v -0.004846717230975628 0.03287097066640854 -0.1989866942167282
v -0.00867666956037283 0.05005510151386261 -0.28270265460014343
v -0.013117099180817604 0.06787135452032089 -0.37014567852020264
v -0.018140284344553947 0.08626169711351395 -0.4610291123390198
v -0.02371850237250328 0.10516810417175293 -0.5550663471221924
v -0.0298240315169096 0.1245325580239296 -0.6519708633422852
v -0.03642915189266205 0.1442970186471939 -0.7514559626579285
v -0.043506138026714325 0.16440346837043762 -0.853235125541687
v -0.051027268171310425 0.1847938746213913 -0.9570217132568359
v -0.05896482616662979 0.2054102122783661 -1.0625290870666504
v -0.06729108095169067 0.22619445621967316 -1.1694707870483398
v -0.07597832381725311 0.24708859622478485 -1.2775599956512451
v -0.08499881625175476 0.26803457736968994 -1.3865103721618652
v -0.09432484954595566 0.2889743745326996 -1.496035099029541
v -0.10392870008945465 0.30984997749328613 -1.605847716331482
v -0.11378264427185059 0.33060339093208313 -1.7156615257263184
v -0.12385895103216171 0.35117650032043457 -1.8251899480819702
v -0.13412991166114807 0.3715113699436188 -1.9341464042663574
v -0.1445678025484085 0.3915499150753021 -2.0422444343566895
v -0.15514490008354187 0.4112341105937958 -2.1491971015930176
v -0.1658334732055664 0.43050599098205566 -2.25471830368042
v -0.17660580575466156 0.4493074417114258 -2.358520746231079
v -0.18743418157100677 0.46758052706718445 -2.4603185653686523
v -0.1982908844947815 0.48526713252067566 -2.5598247051239014
v -0.20914816856384277 0.5023093223571777 -2.656752824783325
v -0.21997833251953125 0.5186489820480347 -2.7508161067962646
v -0.23075364530086517 0.5342280864715576 -2.8417279720306396
v -0.241446390748024 0.5489886999130249 -2.92920184135437
v -0.25202885270118713 0.5628727674484253 -3.012951135635376
v -0.26247328519821167 0.5758221745491028 -3.0926895141601562
v -0.27275198698043823 0.5877789855003357 -3.1681299209594727
l 4192 4193 4194 4195 4196 4197 4198 4199 4200 4201 4202 4203 4204 4205 4206 4207 4208 4209 4210 4211 4212 4213 4214 4215 4216 4217 4218 4219 4220 4221 4222 4223 4224 
o Tracks_V3
v 0.0007127469871193171 0.0006078139995224774 -0.052462201565504074
v -0.006427106913179159 0.02375080995261669 -0.12767314910888672
v -0.013396852649748325 0.048351533710956573 -0.20717129111289978
v -0.020187554880976677 0.07431483268737793 -0.29067084193229675
v -0.026790278032422066 0.1015455350279808 -0.377886027097702
v -0.033196087926626205 0.12994849681854248 -0.4685310423374176
v -0.039396047592163086 0.15942856669425964 -0.5623200535774231
v -0.045381225645542145 0.1898905634880066 -0.6589673161506653
v -0.05114268511533737 0.2212393581867218 -0.7581870555877686
v -0.05667148530483246 0.253379762172699 -0.8596934080123901
v -0.06195870041847229 0.2862166464328766 -0.9632006287574768
v -0.06699538975954056 0.3196548521518707 -1.0684229135513306
v -0.07177262008190155 0.3535991907119751 -1.1750744581222534
v -0.07628145068883896 0.3879545331001282 -1.2828694581985474
v -0.08051295578479767 0.42262572050094604 -1.3915221691131592
v -0.08445818722248077 0.4575175642967224 -1.500746726989746
v -0.08810822665691376 0.49253496527671814 -1.6102575063705444
v -0.09145412594079971 0.5275827050209045 -1.7197684049606323
v -0.09448695927858353 0.5625656843185425 -1.8289939165115356
v -0.09719777852296829 0.5973886847496033 -1.9376481771469116
v -0.0995776578783989 0.6319565773010254 -2.045445203781128
v -0.10161766409873962 0.6661742329597473 -2.152099609375
v -0.10330885648727417 0.6999464631080627 -2.2573251724243164
v -0.10464230179786682 0.7331781387329102 -2.3608362674713135
v -0.10560906678438187 0.7657740712165833 -2.4623472690582275
v -0.1062002182006836 0.7976390719413757 -2.5615720748901367
v -0.1064068078994751 0.8286780118942261 -2.6582250595092773
v -0.10621991753578186 0.8587958216667175 -2.7520203590393066
v -0.10563059896230698 0.8878971934318542 -2.842672348022461
v -0.10462992638349533 0.9158870577812195 -2.9298951625823975
v -0.10320895910263062 0.9426702857017517 -3.0134027004241943
v -0.10135875642299652 0.9681516289710999 -3.092909812927246
v -0.09907039999961853 0.9922360181808472 -3.1681299209594727
l 4225 4226 4227 4228 4229 4230 4231 4232 4233 4234 4235 4236 4237 4238 4239 4240 4241 4242 4243 4244 4245 4246 4247 4248 4249 4250 4251 4252 4253 4254 4255 4256 4257 
o Tracks_V3
v 0.0007248459733091295 0.0006099590100347996 -0.02608250081539154
v -0.00375187280587852 0.014529353938996792 -0.10198522359132767
v -0.008286082185804844 0.02930685691535473 -0.18220260739326477
v -0.012867163866758347 0.04488684982061386 -0.266446977853775
v -0.017484499141573906 0.061213716864585876 -0.3544306457042694
v -0.02212747186422348 0.07823184132575989 -0.4458659291267395
v -0.026785463094711304 0.09588561207056046 -0.5404651165008545
v -0.03144785389304161 0.11411941051483154 -0.6379405856132507
v -0.036104027181863785 0.13287761807441711 -0.7380045652389526
v -0.04074336215853691 0.15210461616516113 -0.840369462966919
v -0.04535524919629097 0.17174477875232697 -0.9447475075721741
v -0.04992906004190445 0.19174252450466156 -1.0508511066436768
v -0.05445418134331703 0.2120421975851059 -1.1583925485610962
v -0.0589199960231781 0.23258820176124573 -1.2670841217041016
v -0.06331588327884674 0.2533249258995056 -1.3766380548477173
v -0.06763122975826263 0.2741967439651489 -1.4867668151855469
v -0.07185541093349457 0.2951480448246002 -1.5971827507019043
v -0.07597780972719193 0.31612318754196167 -1.7075979709625244
v -0.07998781651258469 0.3370665907859802 -1.8177249431610107
v -0.08387480676174164 0.35792264342308044 -1.9272758960723877
v -0.08762816339731216 0.3786356747150421 -2.035963296890259
v -0.09123726189136505 0.39915013313293457 -2.1434993743896484
v -0.09469149261713028 0.4194103479385376 -2.249596357345581
v -0.09798023849725723 0.43936073780059814 -2.35396671295166
v -0.1010928750038147 0.45894569158554077 -2.45632266998291
v -0.10401879251003265 0.47810956835746765 -2.5563764572143555
v -0.10674736648797989 0.49679675698280334 -2.6538405418395996
v -0.10926797240972519 0.5149516463279724 -2.748427152633667
v -0.11157000809907913 0.5325186252593994 -2.839848756790161
v -0.1136428490281105 0.5494420528411865 -2.9278175830841064
v -0.11547587066888809 0.5656663179397583 -3.0120456218719482
v -0.11705846339464188 0.5811358690261841 -3.0922458171844482
v -0.11838000267744064 0.5957949757575989 -3.1681299209594727
l 4258 4259 4260 4261 4262 4263 4264 4265 4266 4267 4268 4269 4270 4271 4272 4273 4274 4275 4276 4277 4278 4279 4280 4281 4282 4283 4284 4285 4286 4287 4288 4289 4290 
o Tracks_V3
v 0.0009475609986111522 0.0007154589984565973 -0.026669399812817574
v -0.007403125986456871 0.019524848088622093 -0.10244429856538773
v -0.015337360091507435 0.039692264050245285 -0.18255369365215302
v -0.022851383313536644 0.06112883985042572 -0.266708642244339
v -0.029941441491246223 0.08374571055173874 -0.35462015867233276
v -0.03660377860069275 0.10745402425527573 -0.44599929451942444
v -0.04283463954925537 0.13216489553451538 -0.5405570864677429
v -0.04863026365637779 0.15778948366641998 -0.6380046010017395
v -0.05398690328001976 0.18423889577388763 -0.7380528450012207
v -0.05890079215168953 0.2114243060350418 -0.8404127955436707
v -0.06336817890405655 0.2392568141222 -0.9447956085205078
v -0.06738531589508057 0.26764756441116333 -1.0509122610092163
v -0.07094842940568924 0.29650771617889404 -1.1584738492965698
v -0.07405377924442291 0.32574835419654846 -1.2671912908554077
v -0.07669760286808014 0.35528069734573364 -1.3767757415771484
v -0.07887614518404007 0.3850157856941223 -1.4869381189346313
v -0.08058565109968185 0.41486480832099915 -1.597389578819275
v -0.08182235807180405 0.4447389245033264 -1.707841157913208
v -0.0825825184583664 0.47454920411109924 -1.8180038928985596
v -0.08286237716674805 0.5042068362236023 -1.927588701248169
v -0.08265817165374756 0.5336229205131531 -2.036306619644165
v -0.08196614682674408 0.5627086162567139 -2.143868923187256
v -0.08078254759311676 0.5913750529289246 -2.249986410140991
v -0.07910361886024475 0.619533360004425 -2.354370355606079
v -0.0769256055355072 0.6470946669578552 -2.4567315578460693
v -0.07424475252628326 0.6739701628684998 -2.556781053543091
v -0.07105730473995209 0.7000709176063538 -2.6542301177978516
v -0.06735949218273163 0.7253081202507019 -2.7487895488739014
v -0.06314758211374283 0.7495928406715393 -2.840170383453369
v -0.05841779708862305 0.7728362679481506 -2.928083896636963
v -0.05316639691591263 0.794949471950531 -3.0122408866882324
v -0.04738961532711983 0.8158437013626099 -3.0923526287078857
v -0.04108370095491409 0.8354300260543823 -3.1681299209594727
l 4291 4292 4293 4294 4295 4296 4297 4298 4299 4300 4301 4302 4303 4304 4305 4306 4307 4308 4309 4310 4311 4312 4313 4314 4315 4316 4317 4318 4319 4320 4321 4322 4323 
o Tracks_V3
v 0.0006833720253780484 0.0005901380209252238 -0.026544999331235886
v -0.007798231206834316 0.018954049795866013 -0.10236753523349762
v -0.016060076653957367 0.03862175717949867 -0.1825166791677475
v -0.02409156784415245 0.05950983986258507 -0.2667039632797241
v -0.03188210353255272 0.08153488487005234 -0.3546409606933594
v -0.03942108154296875 0.10461346805095673 -0.44603919982910156
v -0.04669790714979172 0.12866216897964478 -0.5406102538108826
v -0.0537019781768322 0.15359756350517273 -0.6380655765533447
v -0.06042269989848137 0.17933624982833862 -0.7381168603897095
v -0.0668494701385498 0.2057947963476181 -0.8404754996299744
v -0.07297168672084808 0.232889786362648 -0.9448531866073608
v -0.07877875119447708 0.2605378031730652 -1.0509613752365112
v -0.08426006883382797 0.28865543007850647 -1.1585116386413574
v -0.08940503001213074 0.3171592354774475 -1.267215371131897
v -0.09420305490493774 0.34596583247184753 -1.3767844438552856
v -0.09864352643489838 0.3749917447566986 -1.4869301319122314
v -0.10271584987640381 0.40415361523628235 -1.597364068031311
v -0.10640942305326462 0.4333679676055908 -1.7077977657318115
v -0.10971365869045258 0.46255144476890564 -1.8179428577423096
v -0.11261793971061707 0.49162057042121887 -1.9275108575820923
v -0.11511168628931046 0.5204919576644897 -2.0362131595611572
v -0.11718428134918213 0.5490822196006775 -2.14376163482666
v -0.11882513761520386 0.5773078203201294 -2.2498674392700195
v -0.12002365291118622 0.6050854921340942 -2.3542423248291016
v -0.12076922506093979 0.6323316693305969 -2.4565980434417725
v -0.12105125933885574 0.6589630842208862 -2.556645631790161
v -0.12085915356874466 0.6848961710929871 -2.654097080230713
v -0.12018230557441711 0.7100476622581482 -2.748663902282715
v -0.11901012063026428 0.7343339920043945 -2.840057373046875
v -0.11733199656009674 0.7576718330383301 -2.9279890060424805
v -0.11513733118772507 0.7799776792526245 -3.0121707916259766
v -0.11241553723812103 0.8011682629585266 -3.0923140048980713
v -0.10915599763393402 0.8211600184440613 -3.1681299209594727
l 4324 4325 4326 4327 4328 4329 4330 4331 4332 4333 4334 4335 4336 4337 4338 4339 4340 4341 4342 4343 4344 4345 4346 4347 4348 4349 4350 4351 4352 4353 4354 4355 4356 
o Tracks_V3
v 0.0006792930071242154 0.0005833330214954913 -0.026150699704885483
v -0.008825868368148804 0.017187636345624924 -0.1019982099533081
v -0.018317757174372673 0.03499986231327057 -0.18216919898986816
v -0.027777288109064102 0.05394488945603371 -0.26637542247772217
v -0.03718537837266922 0.07394760102033615 -0.3543286919593811
v -0.04652293771505356 0.09493288397789001 -0.4457407593727112
v -0.055770888924598694 0.11682561784982681 -0.5403234362602234
v -0.06491014361381531 0.13955067098140717 -0.6377884149551392
v -0.07392161339521408 0.16303294897079468 -0.7378475666046143
v -0.08278621733188629 0.18719731271266937 -0.8402126431465149
v -0.09148487448692322 0.21196866035461426 -0.9445953965187073
v -0.09999848902225494 0.23727186024188995 -1.0507076978683472
v -0.10830798745155334 0.26303181052207947 -1.1582611799240112
v -0.1163942813873291 0.2891733646392822 -1.2669676542282104
v -0.1242382824420929 0.31562143564224243 -1.3765389919281006
v -0.1318209171295166 0.3423008918762207 -1.4866868257522583
v -0.1391230821609497 0.36913660168647766 -1.5971230268478394
v -0.1461257040500641 0.3960534930229187 -1.7075594663619995
v -0.15280969440937042 0.42297637462615967 -1.8177077770233154
v -0.1591559648513794 0.44983020424842834 -1.9272797107696533
v -0.16514545679092407 0.4765397906303406 -2.035987138748169
v -0.17075905203819275 0.5030300617218018 -2.1435418128967285
v -0.1759776771068573 0.5292259454727173 -2.2496554851531982
v -0.1807822436094284 0.5550522208213806 -2.3540401458740234
v -0.18515367805957794 0.5804337859153748 -2.456407308578491
v -0.1890728920698166 0.6052955985069275 -2.5564687252044678
v -0.19252079725265503 0.629562497138977 -2.6539361476898193
v -0.19547830522060394 0.6531593203544617 -2.7485218048095703
v -0.1979263424873352 0.6760110259056091 -2.8399369716644287
v -0.1998458057641983 0.6980425119400024 -2.92789363861084
v -0.2012176364660263 0.7191785573959351 -3.012103319168091
v -0.2020227313041687 0.73934406042099 -3.092278242111206
v -0.20224200189113617 0.758463978767395 -3.1681299209594727
l 4357 4358 4359 4360 4361 4362 4363 4364 4365 4366 4367 4368 4369 4370 4371 4372 4373 4374 4375 4376 4377 4378 4379 4380 4381 4382 4383 4384 4385 4386 4387 4388 4389 
o Tracks_V3
v 0.0006871439982205629 0.0005752180004492402 -0.026671800762414932
v -0.010557807050645351 0.012502891011536121 -0.10254791378974915
v -0.02232450805604458 0.025212837383151054 -0.18273894488811493
v -0.03457395359873772 0.038656290620565414 -0.26695725321769714
v -0.047267135232686996 0.05278448387980461 -0.35491517186164856
v -0.06036504730582237 0.06754864752292633 -0.44632506370544434
v -0.07382868230342865 0.0829000249505043 -0.5408992171287537
v -0.08761902153491974 0.09878984093666077 -0.6383500695228577
v -0.10169707238674164 0.11516932398080826 -0.7383898496627808
v -0.11602382361888885 0.1319897174835205 -0.8407309651374817
v -0.1305602639913559 0.14920225739479065 -0.9450857639312744
v -0.14526738226413727 0.16675816476345062 -1.0511665344238281
v -0.16010618209838867 0.18460868299007416 -1.1586856842041016
v -0.17503763735294342 0.2027050405740738 -1.2673555612564087
v -0.1900227665901184 0.22099848091602325 -1.376888394355774
v -0.20502252876758575 0.2394402176141739 -1.4869966506958008
v -0.21999795734882355 0.2579815089702606 -1.5973926782608032
v -0.2349100112915039 0.2765735387802124 -1.7077887058258057
v -0.24971969425678253 0.29516762495040894 -1.8178972005844116
v -0.26438799500465393 0.3137149214744568 -1.9274303913116455
v -0.2788759171962738 0.3321667015552521 -2.0361006259918213
v -0.29314443469047546 0.35047417879104614 -2.143620491027832
v -0.3071545660495758 0.3685885965824127 -2.249701976776123
v -0.32086727023124695 0.38646119832992554 -2.354057550430298
v -0.3342435657978058 0.4040432274341583 -2.45639967918396
v -0.3472444415092468 0.42128586769104004 -2.556440591812134
v -0.3598308861255646 0.4381403923034668 -2.6538925170898438
v -0.37196388840675354 0.45455804467201233 -2.7484681606292725
v -0.3836044371128082 0.4704900085926056 -2.8398795127868652
v -0.39471352100372314 0.4858875572681427 -2.9278390407562256
v -0.4052521586418152 0.500701904296875 -3.012058973312378
v -0.41518130898475647 0.514884352684021 -3.092251777648926
v -0.4244619905948639 0.5283859968185425 -3.1681299209594727
l 4390 4391 4392 4393 4394 4395 4396 4397 4398 4399 4400 4401 4402 4403 4404 4405 4406 4407 4408 4409 4410 4411 4412 4413 4414 4415 4416 4417 4418 4419 4420 4421 4422 
o Tracks_V3
v 0.0007131010061129928 0.0005987929762341082 -0.026508500799536705
v -0.013873347081243992 0.014267385005950928 -0.10239264369010925
v -0.02933868020772934 0.02865936979651451 -0.1825912594795227
v -0.045625973492860794 0.043724626302719116 -0.2668167054653168
v -0.06267830729484558 0.059413038194179535 -0.3547813892364502
v -0.08043874800205231 0.07567448914051056 -0.44619762897491455
v -0.09885039180517197 0.09245884418487549 -0.5407778024673462
v -0.11785630136728287 0.1097160056233406 -0.6382343173027039
v -0.1373995542526245 0.1273958384990692 -0.7382795214653015
v -0.1574232429265976 0.1454482227563858 -0.8406257629394531
v -0.17787042260169983 0.16382305324077606 -0.9449854493141174
v -0.1986841857433319 0.1824702024459839 -1.0510709285736084
v -0.21980760991573334 0.20133954286575317 -1.1585944890975952
v -0.24118377268314362 0.220380961894989 -1.2672686576843262
v -0.26275572180747986 0.2395443320274353 -1.3768057823181152
v -0.28446659445762634 0.2587795555591583 -1.4869180917739868
v -0.306259423494339 0.278036504983902 -1.5973180532455444
v -0.3280772864818573 0.29726505279541016 -1.707718014717102
v -0.3498632609844208 0.31641507148742676 -1.8178304433822632
v -0.3715604543685913 0.3354364335536957 -1.9273675680160522
v -0.393111914396286 0.3542790710926056 -2.036041736602783
v -0.4144607186317444 0.372892826795578 -2.1435654163360596
v -0.43554994463920593 0.3912275731563568 -2.2496509552001953
v -0.45632269978523254 0.4092332124710083 -2.354010820388794
v -0.47672203183174133 0.42685961723327637 -2.45635724067688
v -0.4966910183429718 0.4440566599369049 -2.5564024448394775
v -0.5161727666854858 0.4607742130756378 -2.6538591384887695
v -0.5351102948188782 0.47696220874786377 -2.7484395503997803
v -0.5534467697143555 0.4925704598426819 -2.8398561477661133
v -0.5711251497268677 0.5075489282608032 -2.927820920944214
v -0.5880886316299438 0.5218473672866821 -3.0120465755462646
v -0.6042802333831787 0.535415768623352 -3.092245578765869
v -0.619642972946167 0.5482040047645569 -3.1681299209594727
l 4423 4424 4425 4426 4427 4428 4429 4430 4431 4432 4433 4434 4435 4436 4437 4438 4439 4440 4441 4442 4443 4444 4445 4446 4447 4448 4449 4450 4451 4452 4453 4454 4455 
o Tracks_V3
v 0.0007293599774129689 0.0005929649923928082 -0.0023930598981678486
v -0.029366564005613327 -0.0073052020743489265 -0.021616917103528976
v -0.060639817267656326 -0.017374837771058083 -0.0420527346432209
v -0.09297347068786621 -0.029515719041228294 -0.0636197105050087
v -0.12625059485435486 -0.043627623468637466 -0.08623705804347992
v -0.16035427153110504 -0.059610333293676376 -0.10982397198677063
v -0.19516755640506744 -0.07736361771821976 -0.1342996507883072
v -0.23057353496551514 -0.09678726643323898 -0.15958331525325775
v -0.2664552628993988 -0.11778104305267334 -0.18559415638446808
v -0.3026958405971527 -0.1402447372674942 -0.21225136518478394
v -0.33917832374572754 -0.16407813131809235 -0.23947417736053467
v -0.375785768032074 -0.18918098509311676 -0.26718175411224365
v -0.4124012589454651 -0.21545308828353882 -0.29529333114624023
v -0.44890785217285156 -0.2427942156791687 -0.32372811436653137
v -0.48518866300582886 -0.2711041271686554 -0.35240527987480164
v -0.5211266875267029 -0.30028265714645386 -0.381244033575058
v -0.5566051006317139 -0.3302295207977295 -0.4101635813713074
v -0.5915068984031677 -0.36084452271461487 -0.43908315896987915
v -0.6257151961326599 -0.39202743768692017 -0.4679219126701355
v -0.6591129899024963 -0.42367807030677795 -0.49659910798072815
v -0.6915833950042725 -0.45569613575935364 -0.5250338912010193
v -0.7230095267295837 -0.4879814684391022 -0.5531455278396606
v -0.7532744407653809 -0.5204338431358337 -0.5808531045913696
v -0.7822611331939697 -0.5529530048370361 -0.6080759763717651
v -0.8098527789115906 -0.5854387283325195 -0.634733259677887
v -0.8359323740005493 -0.6177908778190613 -0.6607441306114197
v -0.8603830337524414 -0.6499090790748596 -0.6860278844833374
v -0.8830878138542175 -0.6816932559013367 -0.7105036377906799
v -0.9039297699928284 -0.7130430936813354 -0.7340906262397766
v -0.9227920174598694 -0.7438583970069885 -0.756708025932312
v -0.9395575523376465 -0.7740389704704285 -0.7782751321792603
v -0.9541095495223999 -0.8034846186637878 -0.7987110614776611
v -0.9663310050964355 -0.8320950269699097 -0.8179349899291992
l 4456 4457 4458 4459 4460 4461 4462 4463 4464 4465 4466 4467 4468 4469 4470 4471 4472 4473 4474 4475 4476 4477 4478 4479 4480 4481 4482 4483 4484 4485 4486 4487 4488 
o Tracks_V3
v 0.0006339470273815095 0.0006226589903235435 -0.025234999135136604
v -0.006689031142741442 -0.03325866535305977 -0.08511052280664444
v -0.018371321260929108 -0.066919706761837 -0.14892901480197906
v -0.034167952835559845 -0.10026109218597412 -0.21642795205116272
v -0.05383395031094551 -0.13318344950675964 -0.2873448431491852
v -0.07712434977293015 -0.1655873954296112 -0.36141711473464966
v -0.1037941724061966 -0.19737355411052704 -0.43838226795196533
v -0.1335984468460083 -0.22844256460666656 -0.517977774143219
v -0.166292205452919 -0.2586950361728668 -0.5999411344528198
v -0.20163047313690186 -0.28803157806396484 -0.6840097308158875
v -0.23936827480793 -0.31635287404060364 -0.7699211835861206
v -0.27926063537597656 -0.34355947375297546 -0.8574128746986389
v -0.3210625946521759 -0.36955204606056213 -0.9462223052978516
v -0.36452919244766235 -0.39423123002052307 -1.0360870361328125
v -0.40941542387008667 -0.4174976050853729 -1.126744270324707
v -0.4554763436317444 -0.4392518401145935 -1.217931866645813
v -0.5024669766426086 -0.45939451456069946 -1.309386968612671
v -0.5501422882080078 -0.4778262674808502 -1.400847315788269
v -0.5982574224472046 -0.4944477677345276 -1.4920501708984375
v -0.6465673446655273 -0.5091595649719238 -1.5827330350875854
v -0.6948270797729492 -0.5218623876571655 -1.6726336479187012
v -0.7427916526794434 -0.5324566960334778 -1.7614891529083252
v -0.7902160882949829 -0.5408433079719543 -1.8490371704101562
v -0.8368554711341858 -0.5469226837158203 -1.9350152015686035
v -0.8824647665023804 -0.5505955815315247 -2.019160747528076
v -0.9267989993095398 -0.5517625212669373 -2.1012110710144043
v -0.969613254070282 -0.5503242015838623 -2.180903911590576
v -1.0106624364852905 -0.5461812019348145 -2.257976531982422
v -1.0497018098831177 -0.5392341017723083 -2.3321666717529297
v -1.0864862203598022 -0.529383659362793 -2.4032115936279297
v -1.1207706928253174 -0.5165303945541382 -2.470848798751831
v -1.1523102521896362 -0.5005749464035034 -2.534815788269043
v -1.1808600425720215 -0.48141801357269287 -2.5948500633239746
l 4489 4490 4491 4492 4493 4494 4495 4496 4497 4498 4499 4500 4501 4502 4503 4504 4505 4506 4507 4508 4509 4510 4511 4512 4513 4514 4515 4516 4517 4518 4519 4520 4521 
o Tracks_V3
v 0.0008034430211409926 0.000809890974778682 -0.0023544400464743376
v 0.02342035435140133 -0.008618149906396866 -0.07863646000623703
v 0.04671069607138634 -0.019664304330945015 -0.15930041670799255
v 0.07060018181800842 -0.0322493277490139 -0.24405421316623688
v 0.0950145348906517 -0.04629397392272949 -0.3326058089733124
v 0.11987946927547455 -0.06171900033950806 -0.42466309666633606
v 0.14512071013450623 -0.07844515889883041 -0.5199339985847473
v 0.1706639528274536 -0.09639319777488708 -0.6181265115737915
v 0.19643494486808777 -0.11548388004302979 -0.718948483467102
v 0.22235937416553497 -0.13563795387744904 -0.8221078515052795
v 0.24836298823356628 -0.15677618980407715 -0.9273126125335693
v 0.274371474981308 -0.17881931364536285 -1.0342705249786377
v 0.30031058192253113 -0.20168811082839966 -1.1426897048950195
v 0.3261060118675232 -0.2253033071756363 -1.2522780895233154
v 0.35168346762657166 -0.24958568811416626 -1.3627433776855469
v 0.37696871161460876 -0.2744559645652771 -1.4737937450408936
v 0.4018874168395996 -0.2998349368572235 -1.585136890411377
v 0.42636531591415405 -0.3256433308124542 -1.6964809894561768
v 0.45032811164855957 -0.35180193185806274 -1.8075337409973145
v 0.473701536655426 -0.3782314360141754 -1.9180032014846802
v 0.4964113235473633 -0.40485265851020813 -2.027597188949585
v 0.5183832049369812 -0.4315863251686096 -2.136023759841919
v 0.5395427942276001 -0.458353191614151 -2.242990732192993
v 0.5598159432411194 -0.4850740134716034 -2.3482062816619873
v 0.5791282653808594 -0.5116695761680603 -2.4513778686523438
v 0.5974055528640747 -0.5380605459213257 -2.5522139072418213
v 0.6145734786987305 -0.5641677975654602 -2.6504220962524414
v 0.6305577754974365 -0.5899119973182678 -2.7457103729248047
v 0.6452841758728027 -0.615213930606842 -2.8377864360809326
v 0.658678412437439 -0.6399943232536316 -2.926358699798584
v 0.6706660985946655 -0.66417396068573 -3.011134624481201
v 0.6811730861663818 -0.6876736283302307 -3.091822385787964
v 0.6901249885559082 -0.7104139924049377 -3.1681299209594727
l 4522 4523 4524 4525 4526 4527 4528 4529 4530 4531 4532 4533 4534 4535 4536 4537 4538 4539 4540 4541 4542 4543 4544 4545 4546 4547 4548 4549 4550 4551 4552 4553 4554 
o Tracks_V3
v 0.0008394509786739945 0.0006271799793466926 -0.026461100205779076
v 0.0058280956000089645 -0.0297944787889719 -0.010924535803496838
v 0.011730688624083996 -0.06183988228440285 0.005505637731403112
v 0.018507489934563637 -0.09539350122213364 0.022769778966903687
v 0.02611876092851162 -0.1303398162126541 0.04080824926495552
v 0.03452476114034653 -0.16656328737735748 0.05956140160560608
v 0.04368574544787407 -0.20394839346408844 0.07896959781646729
v 0.053561981767416 -0.24237962067127228 0.09897319227457047
v 0.06411372125148773 -0.2817414104938507 0.11951255053281784
v 0.07530122995376587 -0.3219182789325714 0.14052802324295044
v 0.08708476275205612 -0.3627946674823761 0.16195997595787048
v 0.0994245857000351 -0.40425506234169006 0.1837487667798996
v 0.1122809574007988 -0.4461839199066162 0.2058347463607788
v 0.12561412155628204 -0.4884657561779022 0.22815828025341034
v 0.13938437402248383 -0.5309849977493286 0.2506597340106964
v 0.15355193614959717 -0.5736261010169983 0.27327945828437805
v 0.16807708144187927 -0.6162736415863037 0.2959577739238739
v 0.18292008340358734 -0.6588119864463806 0.31863510608673096
v 0.198041170835495 -0.7011256217956543 0.34125179052352905
v 0.21340064704418182 -0.7430990934371948 0.363748162984848
v 0.22895872592926025 -0.7846168279647827 0.3860645890235901
v 0.24467569589614868 -0.8255632519721985 0.40814143419265747
v 0.2605118155479431 -0.8658229112625122 0.4299190640449524
v 0.27642732858657837 -0.9052802324295044 0.4513378441333771
v 0.29238250851631165 -0.9438197612762451 0.47233811020851135
v 0.30833762884140015 -0.9813258647918701 0.49286022782325745
v 0.3242529034614563 -1.0176830291748047 0.5128445625305176
v 0.3400886356830597 -1.0527758598327637 0.5322314500808716
v 0.35580506920814514 -1.0864887237548828 0.5509612560272217
v 0.37136244773864746 -1.1187061071395874 0.5689743757247925
v 0.38672107458114624 -1.1493123769760132 0.5862111449241638
v 0.4018411636352539 -1.1781922578811646 0.6026118993759155
v 0.41668298840522766 -1.2052299976348877 0.6181169748306274
l 4555 4556 4557 4558 4559 4560 4561 4562 4563 4564 4565 4566 4567 4568 4569 4570 4571 4572 4573 4574 4575 4576 4577 4578 4579 4580 4581 4582 4583 4584 4585 4586 4587 
o Tracks_V3
v 0.0007205320289358497 0.0006733700283803046 -0.026509100571274757
v 0.02722174860537052 0.0011277662124484777 -0.1022605374455452
v 0.05514947697520256 0.00045274558942765 -0.18235479295253754
v 0.0843958854675293 -0.0013137012720108032 -0.2665022611618042
v 0.114853136241436 -0.004133583977818489 -0.35441333055496216
v 0.1464134007692337 -0.007968910969793797 -0.4457983672618866
v 0.17896883189678192 -0.012781692668795586 -0.5403677821159363
v 0.21241161227226257 -0.018533937633037567 -0.6378320455551147
v 0.24663390219211578 -0.0251876562833786 -0.7379013895988464
v 0.2815278470516205 -0.032704856246709824 -0.8402863144874573
v 0.3169856369495392 -0.04104754701256752 -0.9446971416473389
v 0.352899432182312 -0.050177741795778275 -1.0508443117141724
v 0.3891613781452179 -0.060057442635297775 -1.1584383249282837
v 0.42566367983818054 -0.0706486627459526 -1.2671892642974854
v 0.4622984528541565 -0.08191341906785965 -1.3768078088760376
v 0.49895790219306946 -0.0938137024641037 -1.487004280090332
v 0.5355342030525208 -0.10631154477596283 -1.5974889993667603
v 0.5719194412231445 -0.11936893314123154 -1.7079724073410034
v 0.6080058813095093 -0.1329478919506073 -1.8181648254394531
v 0.6436856389045715 -0.1470104306936264 -1.92777681350708
v 0.6788508892059326 -0.16151854395866394 -2.0365185737609863
v 0.7133937478065491 -0.17643426358699799 -2.1441004276275635
v 0.747206449508667 -0.19171957671642303 -2.2502331733703613
v 0.7801811695098877 -0.20733651518821716 -2.3546268939971924
v 0.8122100234031677 -0.22324706614017487 -2.4569919109344482
v 0.8431851863861084 -0.23941324651241302 -2.5570387840270996
v 0.872998833656311 -0.2557970881462097 -2.654477834701538
v 0.9015430808067322 -0.27236053347587585 -2.7490193843841553
v 0.9287102222442627 -0.2890656888484955 -2.840373992919922
v 0.9543922543525696 -0.3058744966983795 -2.9282519817352295
v 0.9784814715385437 -0.32274895906448364 -3.0123636722564697
v 1.0008699893951416 -0.3396511375904083 -3.0924196243286133
v 1.0214500427246094 -0.35654300451278687 -3.1681299209594727
l 4588 4589 4590 4591 4592 4593 4594 4595 4596 4597 4598 4599 4600 4601 4602 4603 4604 4605 4606 4607 4608 4609 4610 4611 4612 4613 4614 4615 4616 4617 4618 4619 4620 
o Tracks_V3
v 0.0007573909824714065 0.0005942650022916496 -0.02631719969213009
v 0.014911290258169174 0.02799808606505394 -0.018969256430864334
v 0.03289574757218361 0.05506693571805954 -0.010984591208398342
v 0.05448246747255325 0.08173136413097382 -0.002405458129942417
v 0.07944315671920776 0.10792191326618195 0.006725888699293137
v 0.1075495183467865 0.13356913626194 0.016367197036743164
v 0.13857325911521912 0.15860357880592346 0.026476209983229637
v 0.17228609323501587 0.1829557865858078 0.03701067715883255
v 0.20845972001552582 0.2065563052892685 0.0479283444583416
v 0.24686583876609802 0.2293356955051422 0.05918696150183678
v 0.28727617859840393 0.25122448801994324 0.07074426859617233
v 0.3294624090194702 0.27215322852134705 0.08255801349878311
v 0.3731962740421295 0.2920524477958679 0.09458594024181366
v 0.4182494282722473 0.3108527660369873 0.10678580403327942
v 0.46439364552497864 0.3284846246242523 0.11911534518003464
v 0.511400580406189 0.3448786735534668 0.13153231143951416
v 0.5590419769287109 0.35996538400650024 0.14399445056915283
v 0.6070894598960876 0.3736753463745117 0.1564595103263855
v 0.6553148627281189 0.3859390616416931 0.1688852161169052
v 0.7034897804260254 0.3966871500015259 0.1812293529510498
v 0.7513859868049622 0.4058500826358795 0.19344963133335114
v 0.7987751960754395 0.4133584499359131 0.20550382137298584
v 0.845429003238678 0.41914278268814087 0.21734966337680817
v 0.8911192417144775 0.42313364148139954 0.22894489765167236
v 0.9356175661087036 0.42526158690452576 0.24024727940559387
v 0.9786956906318665 0.4254571199417114 0.25121453404426575
v 1.0201252698898315 0.4236508011817932 0.261804461479187
v 1.059678077697754 0.4197732210159302 0.27197474241256714
v 1.0971258878707886 0.4137548804283142 0.28168314695358276
v 1.1322401762008667 0.405526340007782 0.29088741540908813
v 1.1647928953170776 0.39501816034317017 0.2995453476905823
v 1.1945555210113525 0.38216084241867065 0.30761462450027466
v 1.2213000059127808 0.3668850064277649 0.31505298614501953
l 4621 4622 4623 4624 4625 4626 4627 4628 4629 4630 4631 4632 4633 4634 4635 4636 4637 4638 4639 4640 4641 4642 4643 4644 4645 4646 4647 4648 4649 4650 4651 4652 4653 
o Tracks_V3
v 0.0007359950104728341 0.0006062050233595073 -0.026391800493001938
v 0.007986755110323429 0.030530041083693504 -0.04058083891868591
v 0.015350276604294777 0.062227267771959305 -0.05557917058467865
v 0.022808270528912544 0.09558135271072388 -0.07133283466100693
v 0.030342454090714455 0.13047575950622559 -0.08778785169124603
v 0.03793453425168991 0.16679395735263824 -0.10489027202129364
v 0.04556623101234436 0.20441941916942596 -0.12258612364530563
v 0.053219251334667206 0.24323558807373047 -0.1408214569091797
v 0.060875315219163895 0.28312593698501587 -0.1595422774553299
v 0.06851612776517868 0.32397395372390747 -0.17869465053081512
v 0.07612340897321701 0.365663081407547 -0.19822458922863007
v 0.08367887139320374 0.40807676315307617 -0.218078151345253
v 0.09116422384977341 0.4510985314846039 -0.2382013499736786
v 0.09856118261814117 0.4946117699146271 -0.25854024291038513
v 0.10585145652294159 0.5385000109672546 -0.2790408432483673
v 0.1130167692899704 0.5826467275619507 -0.2996492087841034
v 0.12003882229328156 0.6269353032112122 -0.3203113377094269
v 0.1268993318080902 0.671249270439148 -0.3409733176231384
v 0.1335800141096115 0.7154720425605774 -0.36158114671707153
v 0.1400625854730606 0.7594871520996094 -0.38208088278770447
v 0.14632876217365265 0.803178071975708 -0.4024185240268707
v 0.1523602306842804 0.8464281558990479 -0.42254015803337097
v 0.15813873708248138 0.8891209959983826 -0.4423917829990387
v 0.16364598274230957 0.9311399459838867 -0.4619194567203522
v 0.1688636690378189 0.9723685383796692 -0.4810691773891449
v 0.17377352714538574 1.0126903057098389 -0.49978703260421753
v 0.17835725843906403 1.0519884824752808 -0.5180190205574036
v 0.1825965791940689 1.090146780014038 -0.5357111692428589
v 0.18647320568561554 1.1270486116409302 -0.5528095960617065
v 0.18996883928775787 1.1625773906707764 -0.5692602396011353
v 0.19306521117687225 1.196616530418396 -0.5850091576576233
v 0.19574402272701263 1.229049563407898 -0.6000024080276489
v 0.19798700511455536 1.2597600221633911 -0.6141859889030457
l 4654 4655 4656 4657 4658 4659 4660 4661 4662 4663 4664 4665 4666 4667 4668 4669 4670 4671 4672 4673 4674 4675 4676 4677 4678 4679 4680 4681 4682 4683 4684 4685 4686 
o Tracks_V3
v 0.0007076089968904853 0.0005988850025460124 -0.02689249999821186
v -0.012656958773732185 0.01874782331287861 0.04997793212532997
v -0.02786894328892231 0.036784712225198746 0.13129042088985443
v -0.04482388496398926 0.054670579731464386 0.21674896776676178
v -0.06341732293367386 0.07236643880605698 0.3060576021671295
v -0.08354479819536209 0.0898333191871643 0.39892032742500305
v -0.10510184615850449 0.10703223943710327 0.495041161775589
v -0.12798401713371277 0.12392421811819077 0.5941241383552551
v -0.15208683907985687 0.14047028124332428 0.6958732604980469
v -0.17730584740638733 0.1566314548254013 0.7999925017356873
v -0.20353659987449646 0.17236874997615814 0.9061859250068665
v -0.2306746244430542 0.18764320015907288 1.0141575336456299
v -0.2586154639720917 0.2024158239364624 1.123611330986023
v -0.2872546315193176 0.21664762496948242 1.2342513799667358
v -0.31648772954940796 0.23029965162277222 1.3457815647125244
v -0.346210241317749 0.24333292245864868 1.4579060077667236
v -0.37631770968437195 0.2557084560394287 1.570328712463379
v -0.40670570731163025 0.2673872411251068 1.6827536821365356
v -0.43726977705955505 0.27833035588264465 1.7948850393295288
v -0.4679054021835327 0.28849878907203674 1.9064265489578247
v -0.49850818514823914 0.29785358905792236 2.017082452774048
v -0.5289736390113831 0.306355744600296 2.126556634902954
v -0.5591972470283508 0.3139662742614746 2.234553098678589
v -0.5890746712684631 0.3206462264060974 2.340775966644287
v -0.6185013651847839 0.3263566195964813 2.444929361343384
v -0.647372841835022 0.33105847239494324 2.5467169284820557
v -0.6755847334861755 0.33471277356147766 2.6458427906036377
v -0.7030325531959534 0.33728060126304626 2.742011308670044
v -0.7296117544174194 0.33872294425964355 2.834926128387451
v -0.7552180290222168 0.3390008509159088 2.9242913722991943
v -0.7797467708587646 0.33807530999183655 3.0098111629486084
v -0.8030935525894165 0.33590734004974365 3.091189384460449
v -0.8251540064811707 0.3324579894542694 3.1681299209594727
l 4687 4688 4689 4690 4691 4692 4693 4694 4695 4696 4697 4698 4699 4700 4701 4702 4703 4704 4705 4706 4707 4708 4709 4710 4711 4712 4713 4714 4715 4716 4717 4718 4719 
o Tracks_V3
v 0.0007413750281557441 0.0005928099853917956 -0.026482800021767616
v -0.0209532268345356 -0.022185415029525757 0.034802645444869995
v -0.044828783720731735 -0.04514721408486366 0.09964775294065475
v -0.07076039165258408 -0.06823606044054031 0.16781538724899292
v -0.09862314164638519 -0.09139543771743774 0.2390684336423874
v -0.12829212844371796 -0.11456882208585739 0.3131697475910187
v -0.15964245796203613 -0.137699693441391 0.38988223671913147
v -0.1925492137670517 -0.16073152422904968 0.4689687490463257
v -0.22688749432563782 -0.1836077868938446 0.5501921772956848
v -0.26253238320350647 -0.2062719762325287 0.63331538438797
v -0.299358993768692 -0.22866755723953247 0.7181012034416199
v -0.3372424244880676 -0.2507379949092865 0.8043126463890076
v -0.3760577440261841 -0.2724268138408661 0.8917124271392822
v -0.41568005084991455 -0.2936774492263794 0.9800634980201721
v -0.4559844732284546 -0.31443336606025696 1.0691287517547607
v -0.496846079826355 -0.3346380889415741 1.1586709022521973
v -0.5381399393081665 -0.35423508286476135 1.248453140258789
v -0.5797412395477295 -0.3731677830219269 1.338238000869751
v -0.62152498960495 -0.391379714012146 1.4277886152267456
v -0.6633662581443787 -0.40881434082984924 1.516867756843567
v -0.705140233039856 -0.42541515827178955 1.6052381992340088
v -0.7467219829559326 -0.4411256015300751 1.6926630735397339
v -0.7879865169525146 -0.45588916540145874 1.778904914855957
v -0.8288090825080872 -0.4696493446826935 1.8637268543243408
v -0.8690646290779114 -0.48234960436820984 1.9468917846679688
v -0.9086283445358276 -0.49393343925476074 2.0281624794006348
v -0.9473752379417419 -0.5043442845344543 2.107301712036133
v -0.9851804971694946 -0.513525664806366 2.184072494506836
v -1.0219191312789917 -0.5214210152626038 2.258237600326538
v -1.0574663877487183 -0.5279738903045654 2.3295602798461914
v -1.0916972160339355 -0.5331276655197144 2.3978028297424316
v -1.1244866847991943 -0.5368258953094482 2.462728500366211
v -1.155709981918335 -0.5390120148658752 2.5241000652313232
l 4720 4721 4722 4723 4724 4725 4726 4727 4728 4729 4730 4731 4732 4733 4734 4735 4736 4737 4738 4739 4740 4741 4742 4743 4744 4745 4746 4747 4748 4749 4750 4751 4752 
o Tracks_V3
v 0.0006654710159637034 0.0005621719756163657 -0.02635350078344345
v -0.02005160227417946 0.023966697975993156 -0.04605844244360924
v -0.043543677777051926 0.04710795357823372 -0.06706422567367554
v -0.069645956158638 0.06993516534566879 -0.08928408473730087
v -0.09819362312555313 0.09239756315946579 -0.11263127624988556
v -0.12902188301086426 0.11444436758756638 -0.13701903820037842
v -0.16196592152118683 0.1360248178243637 -0.16236063838005066
v -0.19686093926429749 0.15708811581134796 -0.1885693073272705
v -0.23354212939739227 0.17758353054523468 -0.21555829048156738
v -0.27184468507766724 0.19746024906635284 -0.2432408481836319
v -0.3116038143634796 0.2166675180196762 -0.2715302109718323
v -0.35265469551086426 0.23515455424785614 -0.30033963918685913
v -0.3948325514793396 0.2528705894947052 -0.3295823633670807
v -0.4379725158214569 0.26976487040519714 -0.35917165875434875
v -0.4819098711013794 0.28578656911849976 -0.38902077078819275
v -0.5264797210693359 0.30088499188423157 -0.4190429151058197
v -0.5715173482894897 0.31500929594039917 -0.4491513669490814
v -0.6168578863143921 0.3281087279319763 -0.4792593717575073
v -0.662336528301239 0.34013253450393677 -0.5092801451683044
v -0.7077885270118713 0.3510299324989319 -0.539126992225647
v -0.7530490159988403 0.36075013875961304 -0.5687130689620972
v -0.797953188419342 0.369242399930954 -0.5979517698287964
v -0.8423362970352173 0.3764559328556061 -0.6267561912536621
v -0.8860334753990173 0.3823399543762207 -0.6550396680831909
v -0.928879976272583 0.3868437111377716 -0.6827153563499451
v -0.9707109928131104 0.38991639018058777 -0.7096966505050659
v -1.0113617181777954 0.39150726795196533 -0.7358967065811157
v -1.0506671667099 0.39156556129455566 -0.7612287402153015
v -1.0884628295898438 0.39004048705101013 -0.7856060862541199
v -1.1245837211608887 0.3868812620639801 -0.8089419007301331
v -1.1588650941848755 0.38203710317611694 -0.8311495184898376
v -1.1911420822143555 0.3754572868347168 -0.8521421551704407
v -1.221250057220459 0.36709100008010864 -0.8718330264091492
l 4753 4754 4755 4756 4757 4758 4759 4760 4761 4762 4763 4764 4765 4766 4767 4768 4769 4770 4771 4772 4773 4774 4775 4776 4777 4778 4779 4780 4781 4782 4783 4784 4785 
o Tracks_V3
v 0.0007634990033693612 0.0006133220158517361 -0.026321200653910637
v 0.0036759348586201668 -0.030066324397921562 -0.008537555113434792
v 0.006627759430557489 -0.06250199675559998 0.010257742367684841
v 0.009611868299543858 -0.09657689929008484 0.02999725006520748
v 0.012621155008673668 -0.13217423856258392 0.05061352252960205
v 0.01564851589500904 -0.16917723417282104 0.07203911244869232
v 0.018686844035983086 -0.20746906101703644 0.09420658648014069
v 0.021729035302996635 -0.24693293869495392 0.1170484870672226
v 0.024767983704805374 -0.2874520719051361 0.1404973715543747
v 0.027796583250164986 -0.32890966534614563 0.16448579728603363
v 0.030807731673121452 -0.3711889386177063 0.18894632160663605
v 0.03379432111978531 -0.41417306661605835 0.2138115018606186
v 0.03674924746155739 -0.4577452540397644 0.2390138953924179
v 0.039665404707193375 -0.5017887353897095 0.26448604464530945
v 0.0425356887280941 -0.5461866855621338 0.29016053676605225
v 0.0453529953956604 -0.5908223390579224 0.31596988439559937
v 0.04811021313071251 -0.6355789303779602 0.34184664487838745
v 0.05080024525523186 -0.6803395748138428 0.36772340536117554
v 0.05341598019003868 -0.7249875068664551 0.39353272318840027
v 0.05595031753182411 -0.7694059610366821 0.4192071259021759
v 0.058396149426698685 -0.8134781122207642 0.4446792006492615
v 0.060746368020772934 -0.8570871949195862 0.46988144516944885
v 0.06299387663602829 -0.9001163840293884 0.49474647641181946
v 0.06513155996799469 -0.9424489140510559 0.5192068219184875
v 0.06715231388807297 -0.9839679598808289 0.5431950688362122
v 0.06904903799295425 -1.0245567560195923 0.5666437149047852
v 0.07081463187932968 -1.0640984773635864 0.5894853472709656
v 0.07244197279214859 -1.1024763584136963 0.6116525530815125
v 0.0739239752292633 -1.139573574066162 0.6330778002738953
v 0.07525352388620377 -1.1752732992172241 0.6536937355995178
v 0.0764235109090805 -1.209458827972412 0.6734328866004944
v 0.07742684334516525 -1.2420133352279663 0.6922277808189392
v 0.07825639843940735 -1.272819995880127 0.7100110054016113
l 4786 4787 4788 4789 4790 4791 4792 4793 4794 4795 4796 4797 4798 4799 4800 4801 4802 4803 4804 4805 4806 4807 4808 4809 4810 4811 4812 4813 4814 4815 4816 4817 4818 
o Tracks_V3
v 0.0007231140043586493 0.0006094030104577541 -0.026317700743675232
v 0.0036924954038113356 -0.030063446611166 -0.008304831571877003
v 0.0069206696934998035 -0.06247129663825035 0.010732526890933514
v 0.010393562726676464 -0.09649810194969177 0.030726077035069466
v 0.01409709919244051 -0.1320277899503708 0.05160752311348915
v 0.018017206341028214 -0.1689443439245224 0.073308564722538
v 0.022139810025691986 -0.20713166892528534 0.09576089680194855
v 0.026450833305716515 -0.2464737445116043 0.1188962385058403
v 0.03093620389699936 -0.28685450553894043 0.14264628291130066
v 0.03558184951543808 -0.32815787196159363 0.16694271564483643
v 0.04037369042634964 -0.3702678382396698 0.191717267036438
v 0.04529765620827675 -0.41306832432746887 0.21690163016319275
v 0.05033967271447182 -0.45644327998161316 0.2424274981021881
v 0.055485665798187256 -0.5002766847610474 0.2682265639305115
v 0.06072155758738518 -0.544452428817749 0.294230580329895
v 0.066033273935318 -0.5888544917106628 0.32037118077278137
v 0.07140675187110901 -0.6333668231964111 0.3465801179409027
v 0.07682789862155914 -0.6778733134269714 0.37278905510902405
v 0.082282654941082 -0.7222580313682556 0.3989297151565552
v 0.0877569392323494 -0.7664048075675964 0.4249338209629059
v 0.09323667734861374 -0.8101975917816162 0.4507330358028412
v 0.09870779514312744 -0.8535204529762268 0.4762590825557709
v 0.10415622591972351 -0.896257221698761 0.50144362449646
v 0.10956788063049316 -0.9382918477058411 0.5262184739112854
v 0.11492870002985 -0.9795083403587341 0.5505151748657227
v 0.12022459506988525 -1.0197906494140625 0.5742655992507935
v 0.1254415065050125 -1.0590226650238037 0.5974013209342957
v 0.130565345287323 -1.09708833694458 0.6198540329933167
v 0.1355820596218109 -1.1338715553283691 0.6415555477142334
v 0.14047755300998688 -1.1692564487457275 0.6624374985694885
v 0.1452377587556839 -1.2031269073486328 0.6824315786361694
v 0.1498485952615738 -1.235366702079773 0.7014695405960083
v 0.15429599583148956 -1.2658599615097046 0.7194830179214478
l 4819 4820 4821 4822 4823 4824 4825 4826 4827 4828 4829 4830 4831 4832 4833 4834 4835 4836 4837 4838 4839 4840 4841 4842 4843 4844 4845 4846 4847 4848 4849 4850 4851 
o Tracks_V3
v 0.0006913269753567874 0.0006689499714411795 -0.02641870081424713
v 0.030763471499085426 0.014619916677474976 -0.06691129505634308
v 0.06336357444524765 0.025855550542473793 -0.11017189919948578
v 0.09828289598226547 0.03446052595973015 -0.15601642429828644
v 0.13531270623207092 0.04051952064037323 -0.20426078140735626
v 0.17424428462982178 0.04411721229553223 -0.25472086668014526
v 0.21486887335777283 0.04533827677369118 -0.30721262097358704
v 0.25697776675224304 0.04426738992333412 -0.3615519106388092
v 0.3003621995449066 0.0409892313182354 -0.417554646730423
v 0.3448134660720825 0.035588476806879044 -0.47503677010536194
v 0.39012283086776733 0.02814980037510395 -0.5338141918182373
v 0.43608152866363525 0.018757881596684456 -0.5937027931213379
v 0.48248088359832764 0.007497396320104599 -0.6545184254646301
v 0.5291121006011963 -0.005546978209167719 -0.7160771489143372
v 0.5757665038108826 -0.020290564745664597 -0.7781947255134583
v 0.6222352981567383 -0.03664868697524071 -0.840687096118927
v 0.6683098077774048 -0.054536670446395874 -0.9033702611923218
v 0.7137812972068787 -0.07386983931064606 -0.9660599827766418
v 0.7584409713745117 -0.09456350654363632 -1.0285723209381104
v 0.8020802140235901 -0.11653300374746323 -1.0907230377197266
v 0.844490110874176 -0.13969366252422333 -1.1523281335830688
v 0.8854621052742004 -0.1639607846736908 -1.2132035493850708
v 0.9247874021530151 -0.18924970924854279 -1.2731651067733765
v 0.9622572064399719 -0.21547575294971466 -1.3320287466049194
v 0.9976629018783569 -0.24255424737930298 -1.3896104097366333
v 1.030795693397522 -0.2704005241394043 -1.445725917816162
v 1.0614467859268188 -0.2989298701286316 -1.5001912117004395
v 1.0894074440002441 -0.3280576169490814 -1.552822232246399
v 1.1144691705703735 -0.35769912600517273 -1.6034349203109741
v 1.1364229917526245 -0.3877696990966797 -1.651845097541809
v 1.1550601720809937 -0.41818463802337646 -1.697868824005127
v 1.170172095298767 -0.448859304189682 -1.7413218021392822
v 1.1815500259399414 -0.4797089993953705 -1.7820199728012085
l 4852 4853 4854 4855 4856 4857 4858 4859 4860 4861 4862 4863 4864 4865 4866 4867 4868 4869 4870 4871 4872 4873 4874 4875 4876 4877 4878 4879 4880 4881 4882 4883 4884 
o Tracks_V3
v 0.0008089769980870187 0.0005386269767768681 -0.02617819979786873
v 0.019576432183384895 0.02567065879702568 -0.008490817621350288
v 0.03697812929749489 0.05374399945139885 0.01047430094331503
v 0.05302038788795471 0.08455921709537506 0.030632060021162033
v 0.06770952045917511 0.11791685968637466 0.05189736187458038
v 0.08105184882879257 0.1536175012588501 0.07418511807918549
v 0.09305368363857269 0.1914617121219635 0.09741022437810898
v 0.10372134298086166 0.23125003278255463 0.1214875876903534
v 0.11306114494800568 0.2727830410003662 0.14633211493492126
v 0.12107940018177032 0.3158612847328186 0.17185871303081512
v 0.1277824342250824 0.36028534173965454 0.1979822814464569
v 0.1331765502691269 0.4058557450771332 0.22461773455142975
v 0.1372680813074112 0.45237308740615845 0.2516799569129944
v 0.1400633305311203 0.4996379315853119 0.27908387780189514
v 0.1415686160326004 0.547450840473175 0.30674439668655396
v 0.1417902559041977 0.5956122875213623 0.33457639813423157
v 0.14073456823825836 0.6439229846000671 0.3624947965145111
v 0.1384078562259674 0.6921833753585815 0.3904145061969757
v 0.1348164677619934 0.7401940822601318 0.4182504415512085
v 0.12996667623519897 0.7877556681632996 0.4459174573421478
v 0.12386483699083328 0.8346686959266663 0.4733305275440216
v 0.11651724576950073 0.8807336688041687 0.5004044771194458
v 0.10793022066354752 0.9257511496543884 0.5270543098449707
v 0.09811008721590042 0.9695218205451965 0.5531948804855347
v 0.08706314861774445 1.0118460655212402 0.5787410140037537
v 0.07479572296142578 1.0525246858596802 0.6036077737808228
v 0.06131413206458092 1.091357946395874 0.6277099251747131
v 0.046624694019556046 1.1281466484069824 0.6509624719619751
v 0.03073371946811676 1.1626912355422974 0.6732802391052246
v 0.013647526502609253 1.1947922706604004 0.6945781707763672
v -0.004627568647265434 1.2242504358291626 0.7147711515426636
v -0.02408524975180626 1.250866174697876 0.7337741255760193
v -0.04471920058131218 1.274440050125122 0.7515019774436951
l 4885 4886 4887 4888 4889 4890 4891 4892 4893 4894 4895 4896 4897 4898 4899 4900 4901 4902 4903 4904 4905 4906 4907 4908 4909 4910 4911 4912 4913 4914 4915 4916 4917 
o Tracks_V3
v 0.0006816509994678199 0.000567686976864934 -0.026279499754309654
v -0.021436180919408798 0.022016309201717377 -0.027932658791542053
v -0.04531598463654518 0.04416839778423309 -0.029681172221899033
v -0.0708540603518486 0.06695602089166641 -0.03151864930987358
v -0.09794669598340988 0.09031123667955399 -0.03343870863318443
v -0.12649019062519073 0.11416611075401306 -0.03543496131896973
v -0.15638083219528198 0.1384527087211609 -0.0375010222196579
v -0.18751493096351624 0.1631031036376953 -0.03963050618767738
v -0.21978875994682312 0.18804936110973358 -0.04181702062487602
v -0.25309863686561584 0.21322353184223175 -0.04405418783426285
v -0.28734084963798523 0.23855768144130707 -0.0463356114923954
v -0.3224116563796997 0.26398390531539917 -0.048654913902282715
v -0.35820743441581726 0.2894342243671417 -0.05100570246577263
v -0.39462438225746155 0.31484073400497437 -0.05338159576058388
v -0.43155887722969055 0.34013548493385315 -0.0557762011885643
v -0.4689071476459503 0.36525052785873413 -0.05818314105272293
v -0.5065655708312988 0.39011797308921814 -0.06059601902961731
v -0.5444303154945374 0.41466984152793884 -0.06300845742225647
v -0.5823978185653687 0.4388382136821747 -0.06541406363248825
v -0.620364248752594 0.4625551700592041 -0.06780645251274109
v -0.6582260131835938 0.48575276136398315 -0.07017923891544342
v -0.6958792805671692 0.5083630681037903 -0.07252603769302368
v -0.7332204580307007 0.5303180813789368 -0.07484046369791031
v -0.770145833492279 0.5515499711036682 -0.07711612433195114
v -0.8065516352653503 0.5719907879829407 -0.07934663444757462
v -0.8423342108726501 0.5915725231170654 -0.08152560889720917
v -0.8773897886276245 0.6102272868156433 -0.08364666253328323
v -0.9116147756576538 0.6278871297836304 -0.08570341020822525
v -0.9449053406715393 0.6444841027259827 -0.08768946677446365
v -0.9771578907966614 0.6599503755569458 -0.08959843218326569
v -1.0082685947418213 0.6742178797721863 -0.09142393618822098
v -1.0381338596343994 0.6872187256813049 -0.09315959364175797
v -1.0666500329971313 0.6988850235939026 -0.0947989970445633
l 4918 4919 4920 4921 4922 4923 4924 4925 4926 4927 4928 4929 4930 4931 4932 4933 4934 4935 4936 4937 4938 4939 4940 4941 4942 4943 4944 4945 4946 4947 4948 4949 4950 
o Tracks_V3
v 0.0007411909755319357 0.00048631199751980603 -0.02669830061495304
v 0.021799582988023758 0.0030397241935133934 0.050286393612623215
v 0.04402836039662361 0.004704791121184826 0.13168840110301971
v 0.06733967363834381 0.005507681053131819 0.21721342206001282
v 0.09164565801620483 0.00547456368803978 0.3065671920776367
v 0.11685847491025925 0.004631607793271542 0.39945539832115173
v 0.14289025962352753 0.003004981903359294 0.49558374285697937
v 0.16965314745903015 0.0006208551349118352 0.5946579575538635
v 0.19705930352210999 -0.00249460362829268 0.6963837742805481
v 0.2250208556652069 -0.0063152252696454525 0.8004668951034546
v 0.253449946641922 -0.010814840905368328 0.9066130518913269
v 0.2822587490081787 -0.01596728153526783 1.0145279169082642
v 0.3113594055175781 -0.021746380254626274 1.1239171028137207
v 0.3406640291213989 -0.028125964105129242 1.2344865798950195
v 0.3700847625732422 -0.03507986664772034 1.3459417819976807
v 0.39953380823135376 -0.04258191958069801 1.4579886198043823
v 0.42892324924468994 -0.050605952739715576 1.5703327655792236
v 0.4581652581691742 -0.05912579596042633 1.6826798915863037
v 0.4871719777584076 -0.06811528652906418 1.7947356700897217
v 0.5158555507659912 -0.07754824310541153 1.9062058925628662
v 0.5441281199455261 -0.08739851415157318 2.016796350479126
v 0.5719018578529358 -0.09763991087675095 2.1262125968933105
v 0.5990889072418213 -0.10824628174304962 2.2341601848602295
v 0.6256013512611389 -0.11919145286083221 2.3403453826904297
v 0.6513513922691345 -0.13044925034046173 2.4444732666015625
v 0.6762511134147644 -0.14199350774288177 2.5462498664855957
v 0.7002127766609192 -0.15379805862903595 2.645380973815918
v 0.7231484055519104 -0.16583672165870667 2.741572380065918
v 0.7449702024459839 -0.17808334529399872 2.834529399871826
v 0.7655903697013855 -0.19051174819469452 2.9239578247070312
v 0.7849209308624268 -0.20309577882289886 3.009563684463501
v 0.8028740882873535 -0.21580925583839417 3.091052532196045
v 0.8193619847297668 -0.22862599790096283 3.1681299209594727
l 4951 4952 4953 4954 4955 4956 4957 4958 4959 4960 4961 4962 4963 4964 4965 4966 4967 4968 4969 4970 4971 4972 4973 4974 4975 4976 4977 4978 4979 4980 4981 4982 4983 
o Tracks_V3
v 0.000646724016405642 0.0006083730258978903 -0.026388099417090416
v -0.00007507125701522455 0.028269104659557343 -0.10222838819026947
v -0.0014823322417214513 0.057453520596027374 -0.18239228427410126
v -0.0035509977024048567 0.08805535733699799 -0.26659154891967773
v -0.006257005967199802 0.11996834725141525 -0.3545379340648651
v -0.009576295502483845 0.15308621525764465 -0.4459431767463684
v -0.013484804891049862 0.18730270862579346 -0.540519118309021
v -0.017958473414182663 0.22251155972480774 -0.6379774808883667
v -0.022973239421844482 0.258606493473053 -0.738029956817627
v -0.02850504033267498 0.29548126459121704 -0.8403884768486023
v -0.03452981635928154 0.333029568195343 -0.9447646141052246
v -0.04102350398898125 0.37114518880844116 -1.0508702993392944
v -0.047962043434381485 0.40972182154655457 -1.1584171056747437
v -0.05532137304544449 0.4486531913280487 -1.2671170234680176
v -0.0630774274468422 0.48783308267593384 -1.3766816854476929
v -0.07120615243911743 0.5271551609039307 -1.4868228435516357
v -0.07968348264694214 0.5665132403373718 -1.5972522497177124
v -0.08848536014556885 0.6058010458946228 -1.7076817750930786
v -0.0975877195596695 0.6449122428894043 -1.8178231716156006
v -0.10696649551391602 0.6837405562400818 -1.927388072013855
v -0.11659763753414154 0.7221798300743103 -2.036088228225708
v -0.1264570653438568 0.7601237297058105 -2.1436357498168945
v -0.13652074337005615 0.797465980052948 -2.249741792678833
v -0.1467645913362503 0.8341003060340881 -2.354118824005127
v -0.1571645587682724 0.8699204921722412 -2.4564781188964844
v -0.16769658029079437 0.9048202037811279 -2.5565314292907715
v -0.17833657562732697 0.9386932849884033 -2.6539907455444336
v -0.1890605241060257 0.9714333415031433 -2.748567819595337
v -0.1998443305492401 1.002934217453003 -2.8399741649627686
v -0.21066392958164215 1.033089518547058 -2.927922010421753
v -0.22149530053138733 1.0617932081222534 -3.012122631072998
v -0.232314333319664 1.0889387130737305 -3.092288017272949
v -0.24309700727462769 1.1144200563430786 -3.1681299209594727
l 4984 4985 4986 4987 4988 4989 4990 4991 4992 4993 4994 4995 4996 4997 4998 4999 5000 5001 5002 5003 5004 5005 5006 5007 5008 5009 5010 5011 5012 5013 5014 5015 5016 
o Tracks_V3
v 0.000717372982762754 0.0006128000095486641 -0.05261649936437607
v -0.019751934334635735 -0.022972654551267624 -0.08770368248224258
v -0.04029221460223198 -0.04872393608093262 -0.12487176805734634
v -0.06085526570677757 -0.07651294767856598 -0.16398215293884277
v -0.08139287680387497 -0.10621161013841629 -0.2048962414264679
v -0.10185683518648148 -0.13769182562828064 -0.24747543036937714
v -0.12219893932342529 -0.17082549631595612 -0.2915811240673065
v -0.14237098395824432 -0.205484539270401 -0.3370746970176697
v -0.16232475638389587 -0.24154086410999298 -0.38381755352020264
v -0.18201205134391785 -0.27886638045310974 -0.4316711127758026
v -0.20138466358184814 -0.3173329830169678 -0.48049676418304443
v -0.22039437294006348 -0.35681259632110596 -0.5301558971405029
v -0.23899297416210175 -0.397177129983902 -0.5805099606513977
v -0.25713229179382324 -0.4382984936237335 -0.6314202547073364
v -0.2747640609741211 -0.4800485670566559 -0.6827482581138611
v -0.291840136051178 -0.5222992897033691 -0.7343553304672241
v -0.3083122670650482 -0.564922571182251 -0.7861028909683228
v -0.3241322338581085 -0.6077903509140015 -0.8378522992134094
v -0.33925187587738037 -0.6507744193077087 -0.8894649744033813
v -0.3536229729652405 -0.6937468647956848 -0.9408023953437805
v -0.36719727516174316 -0.736579418182373 -0.9917258620262146
v -0.3799266219139099 -0.7791441082954407 -1.042096734046936
v -0.39176279306411743 -0.8213127851486206 -1.0917766094207764
v -0.4026575982570648 -0.8629574179649353 -1.1406266689300537
v -0.4125627875328064 -0.9039497971534729 -1.18850839138031
v -0.42143017053604126 -0.9441620111465454 -1.2352831363677979
v -0.4292115569114685 -0.9834657907485962 -1.280812382698059
v -0.43585872650146484 -1.0217331647872925 -1.3249574899673462
v -0.441323459148407 -1.0588359832763672 -1.3675799369812012
v -0.445557564496994 -1.0946460962295532 -1.408540964126587
v -0.44851282238960266 -1.1290355920791626 -1.4477020502090454
v -0.450141042470932 -1.1618762016296387 -1.484924554824829
v -0.45039400458335876 -1.1930400133132935 -1.52006995677948
l 5017 5018 5019 5020 5021 5022 5023 5024 5025 5026 5027 5028 5029 5030 5031 5032 5033 5034 5035 5036 5037 5038 5039 5040 5041 5042 5043 5044 5045 5046 5047 5048 5049 
o Tracks_V3
v 0.0006671710289083421 0.0006156520103104413 -0.052633799612522125
v -0.0019206347642466426 -0.030377108603715897 0.004640474915504456
v -0.003566250903531909 -0.063154436647892 0.06521030515432358
v -0.0042957221157848835 -0.09758991748094559 0.12885597348213196
v -0.004135094117373228 -0.13355712592601776 0.19535775482654572
v -0.00311041041277349 -0.17092964053153992 0.2644959092140198
v -0.001247716834768653 -0.20958104729652405 0.33605074882507324
v 0.0014269420644268394 -0.24938492476940155 0.40980252623558044
v 0.004887521732598543 -0.290214866399765 0.4855315089225769
v 0.009107976220548153 -0.33194443583488464 0.5630179643630981
v 0.014062263071537018 -0.374447226524353 0.6420422196388245
v 0.01972433552145958 -0.4175967872142792 0.722384512424469
v 0.026068147271871567 -0.46126675605773926 0.8038251399993896
v 0.03306765854358673 -0.5053306818008423 0.8861443400382996
v 0.04069681838154793 -0.5496621131896973 0.9691224098205566
v 0.04892958700656891 -0.5941346883773804 1.052539587020874
v 0.05773991346359253 -0.638621985912323 1.1361762285232544
v 0.06710176169872284 -0.6829975247383118 1.2198126316070557
v 0.0769890770316124 -0.7271349430084229 1.3032289743423462
v 0.08737582713365555 -0.7709078192710876 1.3862055540084839
v 0.09823594987392426 -0.8141897320747375 1.4685226678848267
v 0.10954342037439346 -0.856854259967804 1.5499606132507324
v 0.12127217650413513 -0.8987749218940735 1.6302995681762695
v 0.133396178483963 -0.9398254156112671 1.7093199491500854
v 0.14588938653469086 -0.9798792004585266 1.7868019342422485
v 0.158725768327713 -1.0188099145889282 1.8625259399414062
v 0.17187924683094025 -1.0564911365509033 1.9362720251083374
v 0.1853237897157669 -1.0927965641021729 2.0078206062316895
v 0.19903336465358734 -1.1275995969772339 2.076951742172241
v 0.2129819244146347 -1.1607738733291626 2.143446207046509
v 0.22714340686798096 -1.1921929121017456 2.2070837020874023
v 0.24149177968502045 -1.2217304706573486 2.2676448822021484
v 0.25600099563598633 -1.2492599487304688 2.3249099254608154
l 5050 5051 5052 5053 5054 5055 5056 5057 5058 5059 5060 5061 5062 5063 5064 5065 5066 5067 5068 5069 5070 5071 5072 5073 5074 5075 5076 5077 5078 5079 5080 5081 5082 
o Tracks_V3
v 0.0006804359727539122 0.0005700360052287579 -0.05274359881877899
v -0.01765403151512146 0.02031547762453556 0.024480629712343216
v -0.03513164818286896 0.04233387112617493 0.1062328964471817
v -0.05174068734049797 0.06648050993680954 0.19221153855323792
v -0.06746942549943924 0.09261069446802139 0.2821149230003357
v -0.08230613172054291 0.12057971954345703 0.3756413757801056
v -0.09623908996582031 0.1502428650856018 0.47248923778533936
v -0.10925658047199249 0.18145544826984406 0.5723568797111511
v -0.1213468611240387 0.21407274901866913 0.6749426126480103
v -0.13249821960926056 0.24795006215572357 0.7799447774887085
v -0.14269892871379852 0.28294268250465393 0.8870617747306824
v -0.15193724632263184 0.31890591979026794 0.9959918856620789
v -0.16020148992538452 0.35569503903388977 1.1064335107803345
v -0.16747988760471344 0.39316534996032715 1.2180849313735962
v -0.17376074194908142 0.4311721622943878 1.3306446075439453
v -0.1790323257446289 0.46957075595855713 1.4438107013702393
v -0.18328291177749634 0.5082164406776428 1.557281732559204
v -0.18650077283382416 0.5469644665718079 1.6707559823989868
v -0.1886741816997528 0.5856701731681824 1.783931851387024
v -0.18979142606258392 0.6241888403892517 1.8965075016021729
v -0.18984076380729675 0.6623757481575012 2.008181571960449
v -0.18881048262119293 0.700086236000061 2.118652105331421
v -0.1866888552904129 0.7371755838394165 2.2276175022125244
v -0.1834641546010971 0.7734990119934082 2.3347761631011963
v -0.179124653339386 0.808911919593811 2.439826726913452
v -0.17365863919258118 0.8432695269584656 2.5424671173095703
v -0.16705437004566193 0.876427173614502 2.6423957347869873
v -0.15930013358592987 0.9082401394844055 2.7393112182617188
v -0.15038418769836426 0.9385637044906616 2.832911491394043
v -0.14029483497142792 0.9672531485557556 2.9228951930999756
v -0.1290203332901001 0.9941638708114624 3.008960723876953
v -0.11654897034168243 1.0191510915756226 3.090806245803833
v -0.10286899656057358 1.0420700311660767 3.1681299209594727
l 5083 5084 5085 5086 5087 5088 5089 5090 5091 5092 5093 5094 5095 5096 5097 5098 5099 5100 5101 5102 5103 5104 5105 5106 5107 5108 5109 5110 5111 5112 5113 5114 5115 
o Tracks_V3
v 0.0006467609782703221 0.000844231981318444 -0.052777599543333054
v -0.033452264964580536 -0.007125473115593195 -0.09472936391830444
v -0.06906286627054214 -0.010312079451978207 -0.1399109810590744
v -0.10598292946815491 -0.008948816917836666 -0.1881081461906433
v -0.14401033520698547 -0.003268913133069873 -0.23910655081272125
v -0.18294298648834229 0.006494401954114437 -0.2926918864250183
v -0.2225787341594696 0.020107900723814964 -0.3486498296260834
v -0.26271548867225647 0.03733834996819496 -0.40676605701446533
v -0.30315113067626953 0.057952526956796646 -0.46682628989219666
v -0.34368354082107544 0.08171720057725906 -0.528616189956665
v -0.38411059975624084 0.10839913785457611 -0.5919215083122253
v -0.4242301881313324 0.13776512444019318 -0.6565278172492981
v -0.46384018659591675 0.16958190500736237 -0.7222209572792053
v -0.5027385354042053 0.20361627638339996 -0.7887864708900452
v -0.5407230257987976 0.23963499069213867 -0.8560100793838501
v -0.577591598033905 0.2774048149585724 -0.9236775636672974
v -0.613142192363739 0.3166925609111786 -0.9915745258331299
v -0.6471725702285767 0.3572649657726288 -1.0594866275787354
v -0.6794806718826294 0.39888879656791687 -1.127199649810791
v -0.7098643779754639 0.44133085012435913 -1.1944992542266846
v -0.7381216287612915 0.4843578636646271 -1.2611711025238037
v -0.7640502452850342 0.5277366042137146 -1.3270009756088257
v -0.7874481081962585 0.5712339282035828 -1.391774296760559
v -0.8081130981445312 0.6146165132522583 -1.4552770853042603
v -0.8258431553840637 0.6576511263847351 -1.5172948837280273
v -0.8404361605644226 0.7001045942306519 -1.577613353729248
v -0.8516899347305298 0.7417436838150024 -1.63601815700531
v -0.8594024181365967 0.782335102558136 -1.6922950744628906
v -0.8633714318275452 0.8216457366943359 -1.7462297677993774
v -0.8633949160575867 0.8594422340393066 -1.7976078987121582
v -0.8592707514762878 0.8954914212226868 -1.8462152481079102
v -0.8507968187332153 0.929560124874115 -1.8918373584747314
v -0.8377709984779358 0.9614149928092957 -1.9342600107192993
l 5116 5117 5118 5119 5120 5121 5122 5123 5124 5125 5126 5127 5128 5129 5130 5131 5132 5133 5134 5135 5136 5137 5138 5139 5140 5141 5142 5143 5144 5145 5146 5147 5148 
o Tracks_V3
v 0.0007521450170315802 0.0006128380191512406 -0.05305419862270355
v -0.00440783379599452 0.03534277528524399 0.02271422930061817
v -0.014085277915000916 0.06990604102611542 0.10329221934080124
v -0.02802990935742855 0.10419685393571854 0.18835942447185516
v -0.045991450548172 0.13810940086841583 0.27759549021720886
v -0.06771962344646454 0.17153792083263397 0.370680034160614
v -0.09296415001153946 0.20437659323215485 0.46729275584220886
v -0.1214747503399849 0.23651964962482452 0.5671132802963257
v -0.15300114452838898 0.2678612768650055 0.6698212623596191
v -0.18729305267333984 0.2982957065105438 0.7750962972640991
v -0.22410021722316742 0.3277170956134796 0.8826181292533875
v -0.26317232847213745 0.3560197353363037 0.9920663237571716
v -0.30425912141799927 0.383097767829895 1.1031205654144287
v -0.3471103310585022 0.4088454246520996 1.2154604196548462
v -0.391475647687912 0.43315690755844116 1.328765630722046
v -0.43710482120513916 0.45592644810676575 1.4427158832550049
v -0.48374757170677185 0.47704821825027466 1.5569907426834106
v -0.5311536192893982 0.49641644954681396 1.6712698936462402
v -0.5790726542472839 0.513925313949585 1.7852329015731812
v -0.6272544860839844 0.5294690728187561 1.8985595703125
v -0.6754487156867981 0.5429419279098511 2.0109293460845947
v -0.723405122756958 0.5542380809783936 2.1220221519470215
v -0.7708734273910522 0.5632516741752625 2.2315173149108887
v -0.8176034092903137 0.569877028465271 2.339094638824463
v -0.863344669342041 0.5740082263946533 2.4444339275360107
v -0.9078470468521118 0.5755395889282227 2.5472145080566406
v -0.9508602023124695 0.5743653178215027 2.647116184234619
v -0.9921338558197021 0.5703794956207275 2.743818759918213
v -1.031417727470398 0.5634765028953552 2.8370015621185303
v -1.068461537361145 0.5535504221916199 2.926344394683838
v -1.1030150651931763 0.5404955148696899 3.0115270614624023
v -1.134827971458435 0.5242059826850891 3.092229127883911
v -1.1636500358581543 0.5045760273933411 3.1681299209594727
l 5149 5150 5151 5152 5153 5154 5155 5156 5157 5158 5159 5160 5161 5162 5163 5164 5165 5166 5167 5168 5169 5170 5171 5172 5173 5174 5175 5176 5177 5178 5179 5180 5181 
o Tracks_V3
v 0.0008460209937766194 0.0005948260077275336 -0.051321499049663544
v -0.0010986400302499533 -0.034704167395830154 -0.11394279450178146
v 0.0014513605274260044 -0.07078376412391663 -0.18073908984661102
v 0.008269482292234898 -0.10748583823442459 -0.25143247842788696
v 0.019129185006022453 -0.14465226233005524 -0.3257450759410858
v 0.03380392864346504 -0.18212488293647766 -0.4033989906311035
v 0.05206717550754547 -0.21974559128284454 -0.48411625623703003
v 0.07369238138198853 -0.2573562562465668 -0.5676190257072449
v 0.09845300763845444 -0.29479873180389404 -0.6536293625831604
v 0.12612251937389374 -0.33191490173339844 -0.7418693900108337
v 0.15647436678409576 -0.36854660511016846 -0.8320611715316772
v 0.18928201496601105 -0.4045357406139374 -0.923926830291748
v 0.22431892156600952 -0.4397241473197937 -1.0171884298324585
v 0.2613585591316223 -0.4739537239074707 -1.1115680932998657
v 0.300174355506897 -0.5070663094520569 -1.2067879438400269
v 0.340539813041687 -0.5389038324356079 -1.3025699853897095
v 0.38222837448120117 -0.5693081021308899 -1.3986364603042603
v 0.4250134825706482 -0.598120927810669 -1.4947093725204468
v 0.4686686098575592 -0.6251843571662903 -1.5905107259750366
v 0.5129672288894653 -0.6503400802612305 -1.6857627630233765
v 0.5576827526092529 -0.6734300851821899 -1.7801874876022339
v 0.6025887131690979 -0.69429612159729 -1.8735071420669556
v 0.6474584937095642 -0.7127801775932312 -1.9654436111450195
v 0.6920656561851501 -0.7287240624427795 -2.0557191371917725
v 0.7361835241317749 -0.741969645023346 -2.1440556049346924
v 0.7795856595039368 -0.7523588538169861 -2.230175495147705
v 0.8220455050468445 -0.7597334384918213 -2.313800573348999
v 0.8633365035057068 -0.763935387134552 -2.394653081893921
v 0.9032321572303772 -0.7648064494132996 -2.4724552631378174
v 0.9415058493614197 -0.7621886134147644 -2.546928644180298
v 0.9779310822486877 -0.7559236884117126 -2.617795944213867
v 1.0122812986373901 -0.7458534836769104 -2.684779167175293
v 1.0443300008773804 -0.7318199872970581 -2.7476000785827637
l 5182 5183 5184 5185 5186 5187 5188 5189 5190 5191 5192 5193 5194 5195 5196 5197 5198 5199 5200 5201 5202 5203 5204 5205 5206 5207 5208 5209 5210 5211 5212 5213 5214 
o Tracks_V3
v 0.0007144749979488552 0.0006064960034564137 -0.05250829830765724
v 0.018241917714476585 -0.02474328689277172 -0.057346660643815994
v 0.038164183497428894 -0.0505596362054348 -0.06250245124101639
v 0.06034984812140465 -0.07676337659358978 -0.06795460730791092
v 0.08466748893260956 -0.10327532142400742 -0.07368207722902298
v 0.11098568141460419 -0.1300162971019745 -0.07966379821300507
v 0.1391730010509491 -0.1569071114063263 -0.08587870001792908
v 0.16909801959991455 -0.18386858701705933 -0.0923057422041893
v 0.2006293088197708 -0.21082156896591187 -0.09892385452985764
v 0.23363545536994934 -0.23768684267997742 -0.10571197420358658
v 0.2679850459098816 -0.26438525319099426 -0.11264905333518982
v 0.30354660749435425 -0.2908375859260559 -0.11971402168273926
v 0.34018877148628235 -0.31696468591690063 -0.1268858164548874
v 0.37778007984161377 -0.3426873981952667 -0.1341433972120285
v 0.41618913412094116 -0.3679265081882477 -0.1414656788110733
v 0.4552844762802124 -0.3926028311252594 -0.14883162081241608
v 0.49493470788002014 -0.4166371822357178 -0.15622015297412872
v 0.535008430480957 -0.43995043635368347 -0.16361023485660553
v 0.5753741264343262 -0.4624633491039276 -0.1709807813167572
v 0.615900456905365 -0.4840967655181885 -0.17831073701381683
v 0.6564559936523438 -0.5047714710235596 -0.1855790615081787
v 0.6969092488288879 -0.5244084000587463 -0.19276466965675354
v 0.7371288537979126 -0.5429282188415527 -0.1998465359210968
v 0.776983380317688 -0.5602518916130066 -0.206803560256958
v 0.8163414001464844 -0.5763000845909119 -0.21361471712589264
v 0.8550714254379272 -0.5909937620162964 -0.2202589213848114
v 0.8930421471595764 -0.6042536497116089 -0.2267151176929474
v 0.9301220774650574 -0.6160005927085876 -0.23296226561069489
v 0.9661797881126404 -0.626155436038971 -0.2389792948961258
v 1.0010838508605957 -0.6346389651298523 -0.244745135307312
v 1.0347028970718384 -0.64137202501297 -0.2502387464046478
v 1.0669053792953491 -0.6462754607200623 -0.25543904304504395
v 1.0975600481033325 -0.6492699980735779 -0.26032501459121704
l 5215 5216 5217 5218 5219 5220 5221 5222 5223 5224 5225 5226 5227 5228 5229 5230 5231 5232 5233 5234 5235 5236 5237 5238 5239 5240 5241 5242 5243 5244 5245 5246 5247 
o Tracks_V3
v 0.00070799799868837 0.0004877760075032711 -0.05259750038385391
v 0.03142658621072769 -0.003465847112238407 -0.0665118545293808
v 0.06363081187009811 -0.009305245243012905 -0.08131373673677444
v 0.09719254076480865 -0.016951510682702065 -0.09694413095712662
v 0.1319836527109146 -0.026325732469558716 -0.11334401369094849
v 0.1678759902715683 -0.03734900802373886 -0.13045437633991241
v 0.2047414481639862 -0.04994242265820503 -0.14821621775627136
v 0.24245187640190125 -0.06402707099914551 -0.1665704995393753
v 0.2808791399002075 -0.07952404767274857 -0.1854582279920578
v 0.3198951184749603 -0.09635444730520248 -0.20482037961483002
v 0.3593716621398926 -0.11443934589624405 -0.22459794580936432
v 0.39918065071105957 -0.13369984924793243 -0.24473188817501068
v 0.4391939640045166 -0.15405705571174622 -0.26516324281692505
v 0.4792834520339966 -0.175432026386261 -0.285832941532135
v 0.5193209648132324 -0.1977458894252777 -0.3066819906234741
v 0.5591784119606018 -0.22091972827911377 -0.32765138149261475
v 0.5987275838851929 -0.24487461149692535 -0.34868210554122925
v 0.6378404498100281 -0.2695316672325134 -0.3697151243686676
v 0.6763888001441956 -0.2948119342327118 -0.39069145917892456
v 0.714244544506073 -0.3206365704536438 -0.4115520417690277
v 0.7512795329093933 -0.34692659974098206 -0.4322379231452942
v 0.7873656153678894 -0.3736031651496887 -0.4526900351047516
v 0.822374701499939 -0.4005873501300812 -0.47284939885139465
v 0.8561786413192749 -0.4278002381324768 -0.49265700578689575
v 0.8886492252349854 -0.455162912607193 -0.5120537877082825
v 0.9196584820747375 -0.4825964868068695 -0.5309807658195496
v 0.9490781426429749 -0.5100220441818237 -0.5493789315223694
v 0.976780116558075 -0.537360668182373 -0.5671892762184143
v 1.002636194229126 -0.5645334124565125 -0.5843527913093567
v 1.02651846408844 -0.5914614796638489 -0.6008104085922241
v 1.0482985973358154 -0.6180658340454102 -0.6165031790733337
v 1.0678484439849854 -0.6442676782608032 -0.6313720345497131
v 1.0850399732589722 -0.6699879765510559 -0.6453580260276794
l 5248 5249 5250 5251 5252 5253 5254 5255 5256 5257 5258 5259 5260 5261 5262 5263 5264 5265 5266 5267 5268 5269 5270 5271 5272 5273 5274 5275 5276 5277 5278 5279 5280 
o Tracks_V3
v 0.0006947250221855938 0.0006723999977111816 -0.05233839899301529
v -0.018118392676115036 -0.007474140729755163 -0.12751716375350952
v -0.037630438804626465 -0.0167547594755888 -0.20698949694633484
v -0.05777803435921669 -0.02711337059736252 -0.2904691994190216
v -0.07849780470132828 -0.03849388286471367 -0.3776701092720032
v -0.0997263565659523 -0.05084020644426346 -0.4683059751987457
v -0.12140033394098282 -0.06409624963998795 -0.5620906352996826
v -0.1434563398361206 -0.07820593565702438 -0.65873783826828
v -0.16583099961280823 -0.09311316907405853 -0.7579614520072937
v -0.18846094608306885 -0.10876185446977615 -0.8594752550125122
v -0.21128277480602264 -0.1250959038734436 -0.9629930257797241
v -0.23423314094543457 -0.14205925166606903 -1.0682286024093628
v -0.2572486400604248 -0.1595957726240158 -1.1748958826065063
v -0.2802658975124359 -0.17764940857887268 -1.2827084064483643
v -0.30322155356407166 -0.1961640566587448 -1.3913801908493042
v -0.326052188873291 -0.21508362889289856 -1.5006250143051147
v -0.34869447350502014 -0.23435203731060028 -1.610156536102295
v -0.371084988117218 -0.25391319394111633 -1.7196887731552124
v -0.3931604027748108 -0.2737109959125519 -1.8289353847503662
v -0.41485726833343506 -0.29368939995765686 -1.937610149383545
v -0.43611225485801697 -0.31379225850105286 -2.045427083969116
v -0.4568620026111603 -0.3339635133743286 -2.152099609375
v -0.4770430624485016 -0.3541471064090729 -2.2573418617248535
v -0.49659213423728943 -0.3742868900299072 -2.360867500305176
v -0.5154457688331604 -0.394326776266098 -2.462390422821045
v -0.533540666103363 -0.4142107367515564 -2.56162428855896
v -0.5508133769035339 -0.43388262391090393 -2.658283233642578
v -0.5672005414962769 -0.45328637957572937 -2.7520804405212402
v -0.5826387405395508 -0.4723659157752991 -2.8427302837371826
v -0.597064733505249 -0.4910651445388794 -2.9299464225769043
v -0.610414981842041 -0.5093279480934143 -3.0134425163269043
v -0.6226261854171753 -0.5270982384681702 -3.0929324626922607
v -0.6336349844932556 -0.5443199872970581 -3.1681299209594727
l 5281 5282 5283 5284 5285 5286 5287 5288 5289 5290 5291 5292 5293 5294 5295 5296 5297 5298 5299 5300 5301 5302 5303 5304 5305 5306 5307 5308 5309 5310 5311 5312 5313 
o Tracks_V3
v 0.0008244889904744923 0.0006646779947914183 -0.05200299993157387
v 0.00821839738637209 -0.013010848313570023 -0.1272476762533188
v 0.01639331504702568 -0.02723466232419014 -0.20677636563777924
v 0.025308100506663322 -0.04196074977517128 -0.29030343890190125
v 0.034921616315841675 -0.05714309960603714 -0.3775433301925659
v 0.04519272595643997 -0.07273568958044052 -0.4682104289531708
v 0.05608028545975685 -0.08869250863790512 -0.5620191693305969
v 0.0675431564450264 -0.10496754199266434 -0.6586838364601135
v 0.0795402005314827 -0.12151478230953217 -0.7579190135002136
v 0.09203027188777924 -0.1382881999015808 -0.8594388961791992
v 0.104972243309021 -0.15524178743362427 -0.9629580974578857
v 0.11832495778799057 -0.17232953011989594 -1.0681908130645752
v 0.13204729557037354 -0.1895054131746292 -1.174851655960083
v 0.14609810709953308 -0.2067234367132187 -1.282654881477356
v 0.1604362428188324 -0.22393755614757538 -1.3913148641586304
v 0.17502059042453766 -0.24110177159309387 -1.5005460977554321
v 0.18980997800827026 -0.25817006826400757 -1.610063076019287
v 0.2047632932662964 -0.27509644627571106 -1.7195799350738525
v 0.21983937919139862 -0.29183486104011536 -1.8288112878799438
v 0.23499710857868195 -0.30833932757377625 -1.9374713897705078
v 0.25019532442092896 -0.32456380128860474 -2.0452747344970703
v 0.26539289951324463 -0.3404622972011566 -2.1519358158111572
v 0.28054869174957275 -0.3559887707233429 -2.257169008255005
v 0.2956215739250183 -0.37109723687171936 -2.3606884479522705
v 0.3105703890323639 -0.3857416808605194 -2.4622087478637695
v 0.3253540098667145 -0.39987605810165405 -2.5614442825317383
v 0.33993127942085266 -0.4134543538093567 -2.658109664916992
v 0.3542611002922058 -0.4264305830001831 -2.7519187927246094
v 0.36830225586891174 -0.4387587010860443 -2.8425865173339844
v 0.3820136785507202 -0.4503927230834961 -2.9298272132873535
v 0.3953542113304138 -0.46128663420677185 -3.013355016708374
v 0.40828269720077515 -0.4713943898677826 -3.0928845405578613
v 0.4207580089569092 -0.4806700050830841 -3.1681299209594727
l 5314 5315 5316 5317 5318 5319 5320 5321 5322 5323 5324 5325 5326 5327 5328 5329 5330 5331 5332 5333 5334 5335 5336 5337 5338 5339 5340 5341 5342 5343 5344 5345 5346 
o Tracks_V3
v 0.0004364339984022081 0.0006819540285505354 -0.052395299077034
v -0.004993417765945196 -0.019265778362751007 -0.12757398188114166
v -0.011387420818209648 -0.04009859263896942 -0.20704518258571625
v -0.018701544031500816 -0.06174520030617714 -0.2905227839946747
v -0.026891760528087616 -0.08413432538509369 -0.3777207136154175
v -0.035914041101932526 -0.1071946769952774 -0.4683528244495392
v -0.045724354684352875 -0.13085497915744781 -0.5621330142021179
v -0.05627867206931114 -0.15504394471645355 -0.6587752103805542
v -0.0675329640507698 -0.17969030141830444 -0.7579933404922485
v -0.07944320887327194 -0.20472274720668793 -0.8595012426376343
v -0.09196536242961884 -0.23007000982761383 -0.9630128145217896
v -0.10505540668964386 -0.2556608021259308 -1.0682419538497925
v -0.11866931617259979 -0.2814238667488098 -1.1749026775360107
v -0.1327630579471588 -0.30728787183761597 -1.2827086448669434
v -0.1472925841808319 -0.33318158984184265 -1.3913739919662476
v -0.16221389174461365 -0.3590337038040161 -1.500612497329712
v -0.1774829477071762 -0.384772926568985 -1.6101380586624146
v -0.19305571913719177 -0.4103279709815979 -1.7196646928787231
v -0.20888815820217133 -0.4356275796890259 -1.8289060592651367
v -0.22493626177310944 -0.46060049533843994 -1.9375762939453125
v -0.24115599691867828 -0.48517537117004395 -2.045389175415039
v -0.25750333070755005 -0.5092809200286865 -2.1520586013793945
v -0.2739342153072357 -0.5328459143638611 -2.257298469543457
v -0.29040464758872986 -0.5557990670204163 -2.3608226776123047
v -0.30687060952186584 -0.5780690908432007 -2.4623451232910156
v -0.3232880234718323 -0.5995846390724182 -2.561579704284668
v -0.3396129012107849 -0.620274543762207 -2.658240556716919
v -0.35580119490623474 -0.6400673985481262 -2.7520411014556885
v -0.37180888652801514 -0.6588919758796692 -2.842695713043213
v -0.3875919282436371 -0.6766770482063293 -2.929917812347412
v -0.40310633182525635 -0.6933512687683105 -3.0134217739105225
v -0.4183080196380615 -0.7088433504104614 -3.092921257019043
v -0.4331530034542084 -0.7230820059776306 -3.1681299209594727
l 5347 5348 5349 5350 5351 5352 5353 5354 5355 5356 5357 5358 5359 5360 5361 5362 5363 5364 5365 5366 5367 5368 5369 5370 5371 5372 5373 5374 5375 5376 5377 5378 5379 
o Tracks_V3
v 0.0006841670256108046 0.0006126990192569792 -0.05256360024213791
v -0.0009605500381439924 -0.017483992502093315 -0.1277298778295517
v -0.0034366389736533165 -0.03645575791597366 -0.20719000697135925
v -0.006711678113788366 -0.05623367801308632 -0.29065781831741333
v -0.01075324509292841 -0.0767488181591034 -0.3778471052646637
v -0.01552891731262207 -0.09793225675821304 -0.4684717059135437
v -0.021006273105740547 -0.11971507221460342 -0.5622453689575195
v -0.0271528922021389 -0.1420283317565918 -0.6588819622993469
v -0.03393635153770447 -0.16480311751365662 -0.7580952644348145
v -0.041324224323034286 -0.18797048926353455 -0.8595990538597107
v -0.04928409680724144 -0.21146154403686523 -0.9631072282791138
v -0.05778354033827782 -0.23520733416080475 -1.0683335065841675
v -0.0667901411652565 -0.25913894176483154 -1.1749917268753052
v -0.07627146691083908 -0.2831874489784241 -1.2827956676483154
v -0.08619509637355804 -0.3072839081287384 -1.3914592266082764
v -0.09652861952781677 -0.3313594162464142 -1.5006961822509766
v -0.10723960399627686 -0.3553450405597687 -1.6102203130722046
v -0.11829562485218048 -0.37917184829711914 -1.719745397567749
v -0.12966427206993103 -0.40277090668678284 -1.8289852142333984
v -0.1413131058216095 -0.4260733127593994 -1.9376537799835205
v -0.15320973098278046 -0.44901013374328613 -2.0454647541046143
v -0.1653216928243637 -0.47151243686676025 -2.1521317958831787
v -0.17761659622192383 -0.4935113191604614 -2.257369041442871
v -0.190062016248703 -0.5149378180503845 -2.3608899116516113
v -0.20262551307678223 -0.5357230305671692 -2.4624085426330566
v -0.21527467668056488 -0.5557979941368103 -2.561638593673706
v -0.22797708213329315 -0.5750938057899475 -2.6582939624786377
v -0.24070030450820923 -0.5935416221618652 -2.7520885467529297
v -0.2534119486808777 -0.6110723614692688 -2.842735767364502
v -0.26607954502105713 -0.6276172399520874 -2.9299497604370117
v -0.27867069840431213 -0.6431072354316711 -3.013444185256958
v -0.2911529839038849 -0.6574734449386597 -3.092933177947998
v -0.30349400639533997 -0.6706470251083374 -3.1681299209594727
l 5380 5381 5382 5383 5384 5385 5386 5387 5388 5389 5390 5391 5392 5393 5394 5395 5396 5397 5398 5399 5400 5401 5402 5403 5404 5405 5406 5407 5408 5409 5410 5411 5412 
o Tracks_V3
v 0.0007325219921767712 0.0006050890078768134 -0.0023510500323027372
v -0.01272040605545044 -0.028755543753504753 0.0304265134036541
v -0.02367374859750271 -0.06069738417863846 0.06545484066009521
v -0.03220168128609657 -0.09501416981220245 0.10258345305919647
v -0.03837837278842926 -0.13149961829185486 0.1416618824005127
v -0.04227800667285919 -0.16994747519493103 0.18253964185714722
v -0.04397474601864815 -0.21015146374702454 0.22506625950336456
v -0.0435427725315094 -0.25190532207489014 0.26909127831459045
v -0.041056253015995026 -0.2950027883052826 0.31446418166160583
v -0.0365893691778183 -0.3392375409603119 0.3610345423221588
v -0.030216287821531296 -0.38440337777137756 0.40865182876586914
v -0.02201118692755699 -0.430294007062912 0.4571656286716461
v -0.012048237957060337 -0.47670313715934753 0.5064254403114319
v -0.00040161647484637797 -0.523424506187439 0.5562807321548462
v 0.012854504399001598 -0.5702518820762634 0.6065811514854431
v 0.027645951136946678 -0.6169789433479309 0.6571760773658752
v 0.04389854893088341 -0.6633994579315186 0.7079151272773743
v 0.061538126319646835 -0.7093071341514587 0.7586478590965271
v 0.08049050718545914 -0.7544957399368286 0.8092237114906311
v 0.10068152099847794 -0.7987589836120605 0.8594921827316284
v 0.12203699350357056 -0.8418905735015869 0.9093029499053955
v 0.14448274672031403 -0.8836842179298401 0.958505392074585
v 0.16794461011886597 -0.923933744430542 1.0069490671157837
v 0.1923484057188034 -0.9624328017234802 1.0544835329055786
v 0.21761995553970337 -0.9989751577377319 1.100958228111267
v 0.24368511140346527 -1.0333545207977295 1.1462228298187256
v 0.27046966552734375 -1.0653645992279053 1.1901267766952515
v 0.297899454832077 -1.094799280166626 1.2325196266174316
v 0.3259003460407257 -1.1214520931243896 1.2732508182525635
v 0.35439810156822205 -1.1451168060302734 1.3121699094772339
v 0.38331857323646545 -1.1655871868133545 1.3491264581680298
v 0.41258761286735535 -1.18265700340271 1.383970022201538
v 0.44213101267814636 -1.196120023727417 1.4165500402450562
l 5413 5414 5415 5416 5417 5418 5419 5420 5421 5422 5423 5424 5425 5426 5427 5428 5429 5430 5431 5432 5433 5434 5435 5436 5437 5438 5439 5440 5441 5442 5443 5444 5445 
o Tracks_V3
v 0.000728247978258878 0.0006138019962236285 -0.002382640028372407
v 0.029895011335611343 -0.01054412592202425 -0.013964212499558926
v 0.061598870903253555 -0.01718466356396675 -0.026788197457790375
v 0.09559253603219986 -0.019519830122590065 -0.04077206179499626
v 0.13162872195243835 -0.01776164211332798 -0.055833280086517334
v 0.16946014761924744 -0.012122122570872307 -0.07188931852579117
v 0.2088395208120346 -0.002813287079334259 -0.08885764330625534
v 0.24951955676078796 0.009952844120562077 -0.10665573179721832
v 0.2912529706954956 0.025964252650737762 -0.1252010464668274
v 0.33379247784614563 0.04500891640782356 -0.14441107213497162
v 0.37689077854156494 0.06687482446432114 -0.16420325636863708
v 0.42030057311058044 0.09134995192289352 -0.18449509143829346
v 0.4637746214866638 0.11822227388620377 -0.20520402491092682
v 0.5070655941963196 0.1472797840833664 -0.22624753415584564
v 0.5499262809753418 0.17831045389175415 -0.2475430965423584
v 0.5921092629432678 0.21110227704048157 -0.26900818943977356
v 0.6333673596382141 0.2454432249069214 -0.290560245513916
v 0.6734532117843628 0.28112128376960754 -0.3121167719364166
v 0.7121196389198303 0.3179244101047516 -0.3335952162742615
v 0.749119222164154 0.35564061999320984 -0.3549130856990814
v 0.7842047810554504 0.39405786991119385 -0.37598779797554016
v 0.8171290159225464 0.43296417593955994 -0.39673686027526855
v 0.847644567489624 0.47214746475219727 -0.4170777201652527
v 0.875504195690155 0.5113957524299622 -0.436927855014801
v 0.9004606008529663 0.5504970550537109 -0.45620474219322205
v 0.9222665429115295 0.589239239692688 -0.47482582926750183
v 0.9406746625900269 0.6274104118347168 -0.49270862340927124
v 0.9554377794265747 0.6647984981536865 -0.5097705721855164
v 0.9663084745407104 0.7011914849281311 -0.5259290933609009
v 0.9730395078659058 0.7363773584365845 -0.5411017537117004
v 0.9753836989402771 0.7701440453529358 -0.5552060008049011
v 0.973093569278717 0.8022795915603638 -0.5681592226028442
v 0.9659219980239868 0.8325719833374023 -0.5798789858818054
l 5446 5447 5448 5449 5450 5451 5452 5453 5454 5455 5456 5457 5458 5459 5460 5461 5462 5463 5464 5465 5466 5467 5468 5469 5470 5471 5472 5473 5474 5475 5476 5477 5478 
o Tracks_V3
v 0.0007384769851341844 0.0006711619789712131 -0.002305519999936223
v 0.03171325847506523 -0.004645803477615118 0.02960924059152603
v 0.0646030530333519 -0.008432859554886818 0.06349083036184311
v 0.09926237165927887 -0.010734088718891144 0.09920833259820938
v 0.1355457305908203 -0.011593573726713657 0.1366308182477951
v 0.1733076274394989 -0.011055398732423782 0.17562735080718994
v 0.2124025821685791 -0.009163646027445793 0.21606700122356415
v 0.2526850998401642 -0.005962397903203964 0.25781887769699097
v 0.2940097153186798 -0.0014957383973523974 0.30075201392173767
v 0.3362308740615845 0.004192250315099955 0.3447354733943939
v 0.3792031705379486 0.011057484894990921 0.38963839411735535
v 0.4227810502052307 0.019055882468819618 0.43532976508140564
v 0.46681907773017883 0.02814335934817791 0.48167872428894043
v 0.5111716985702515 0.038275834172964096 0.5285543203353882
v 0.5556934475898743 0.04940922558307648 0.5758256316184998
v 0.6002389192581177 0.06149944290518761 0.6233617663383484
v 0.6446624994277954 0.07450241595506668 0.6710317134857178
v 0.6888187527656555 0.0883740484714508 0.7187046408653259
v 0.7325621843338013 0.10307026654481888 0.7662495374679565
v 0.7757472991943359 0.1185469776391983 0.8135355114936829
v 0.8182286024093628 0.13476011157035828 0.8604316711425781
v 0.8598606586456299 0.1516655832529068 0.906807005405426
v 0.9004979133605957 0.16921930015087128 0.9525306820869446
v 0.9399949312210083 0.1873771846294403 0.9974716901779175
v 0.9782061576843262 0.2060951441526413 1.0414992570877075
v 1.0149861574172974 0.22532911598682404 1.084482192993164
v 1.0501893758773804 0.24503500759601593 1.1262898445129395
v 1.0836703777313232 0.2651687264442444 1.1667910814285278
v 1.115283727645874 0.2856862246990204 1.205855131149292
v 1.1448838710784912 0.30654335021972656 1.243350863456726
v 1.1723252534866333 0.3276960849761963 1.2791476249694824
v 1.1974624395370483 0.34910035133361816 1.3131142854690552
v 1.2201499938964844 0.370712012052536 1.3451199531555176
l 5479 5480 5481 5482 5483 5484 5485 5486 5487 5488 5489 5490 5491 5492 5493 5494 5495 5496 5497 5498 5499 5500 5501 5502 5503 5504 5505 5506 5507 5508 5509 5510 5511 
o Tracks_V3
v 0.0007807830115780234 0.0006484889890998602 -0.002236400032415986
v -0.01812506653368473 0.025166384875774384 0.010980305261909962
v -0.0394766703248024 0.04996422678232193 0.02503977343440056
v -0.06313689053058624 0.07497209310531616 0.03988580033183098
v -0.08896858245134354 0.10012006759643555 0.055462177842855453
v -0.1168346032500267 0.12533824145793915 0.07171270251274109
v -0.14659781754016876 0.15055666863918304 0.08858116716146469
v -0.17812107503414154 0.1757054477930069 0.10601136833429337
v -0.21126724779605865 0.20071466267108917 0.12394709885120392
v -0.24589918553829193 0.22551438212394714 0.14233215153217316
v -0.2818797528743744 0.2500346899032593 0.16111032664775848
v -0.31907176971435547 0.27420568466186523 0.1802254170179367
v -0.35733816027641296 0.2979574203491211 0.19962120056152344
v -0.3965417444705963 0.3212199807167053 0.21924149990081787
v -0.43654540181159973 0.3439234495162964 0.23903009295463562
v -0.47721195220947266 0.36599794030189514 0.2589307725429535
v -0.5184043049812317 0.3873734772205353 0.2788873314857483
v -0.5599852800369263 0.40798017382621765 0.2988435924053192
v -0.6018177270889282 0.4277481138706207 0.3187433183193207
v -0.6437645554542542 0.446607381105423 0.3385303020477295
v -0.6856886148452759 0.46448802947998047 0.35814833641052246
v -0.7274526953697205 0.4813201427459717 0.3775412440299988
v -0.7689197063446045 0.49703383445739746 0.39665281772613525
v -0.8099525570869446 0.5115591287612915 0.4154268205165863
v -0.8504140377044678 0.524826169013977 0.4338070750236511
v -0.8901669979095459 0.5367650389671326 0.45173734426498413
v -0.9290742874145508 0.5473057627677917 0.4691614508628845
v -0.9669988751411438 0.5563784241676331 0.4860231876373291
v -1.0038034915924072 0.563913106918335 0.5022663474082947
v -1.0393511056900024 0.5698399543762207 0.5178347229957581
v -1.0735044479370117 0.574088990688324 0.5326720476150513
v -1.1061264276504517 0.5765902996063232 0.5467222332954407
v -1.1370799541473389 0.5772740244865417 0.5599290132522583
l 5512 5513 5514 5515 5516 5517 5518 5519 5520 5521 5522 5523 5524 5525 5526 5527 5528 5529 5530 5531 5532 5533 5534 5535 5536 5537 5538 5539 5540 5541 5542 5543 5544 
o Tracks_V3
v 0.0007423399947583675 0.0005669249803759158 -0.0026402599178254604
v -0.028097152709960938 -0.012015416286885738 0.023430630564689636
v -0.05765718221664429 -0.027024297043681145 0.05116270110011101
v -0.08784005045890808 -0.044337037950754166 0.08044564723968506
v -0.11854806542396545 -0.06383095681667328 0.11116917431354523
v -0.14968353509902954 -0.08538337051868439 0.14322298765182495
v -0.1811487376689911 -0.10887160152196884 0.17649678885936737
v -0.21284601092338562 -0.1341729760169983 0.21088026463985443
v -0.24467763304710388 -0.161164790391922 0.24626313149929047
v -0.276545912027359 -0.1897243857383728 0.2825350761413574
v -0.3083531856536865 -0.21972908079624176 0.31958580017089844
v -0.3400017023086548 -0.2510561943054199 0.35730502009391785
v -0.3713937997817993 -0.28358301520347595 0.3955824375152588
v -0.40243175625801086 -0.3171868920326233 0.4343077540397644
v -0.43301790952682495 -0.3517451584339142 0.47337064146995544
v -0.4630545377731323 -0.3871350884437561 0.512660801410675
v -0.4924439489841461 -0.4232340455055237 0.5520679950714111
v -0.5210884213447571 -0.4599193334579468 0.5914818644523621
v -0.5488903522491455 -0.49706825613975525 0.6307921409606934
v -0.5757519602775574 -0.5345581769943237 0.6698884963989258
v -0.601575493812561 -0.5722663402557373 0.7086606621742249
v -0.626263439655304 -0.6100701093673706 0.7469983696937561
v -0.6497179269790649 -0.6478468179702759 0.7847912311553955
v -0.6718413233757019 -0.6854737997055054 0.8219289779663086
v -0.692535936832428 -0.7228283286094666 0.8583013415336609
v -0.7117040753364563 -0.7597877383232117 0.8937979936599731
v -0.729248046875 -0.7962293028831482 0.9283086657524109
v -0.7450700998306274 -0.8320304155349731 0.9617230296134949
v -0.7590726017951965 -0.8670684099197388 0.9939308166503906
v -0.7711578607559204 -0.9012205004692078 1.0248216390609741
v -0.7812281250953674 -0.9343640804290771 1.0542854070663452
v -0.7891857624053955 -0.9663764834403992 1.0822116136550903
v -0.794933021068573 -0.9971349835395813 1.108489990234375
l 5545 5546 5547 5548 5549 5550 5551 5552 5553 5554 5555 5556 5557 5558 5559 5560 5561 5562 5563 5564 5565 5566 5567 5568 5569 5570 5571 5572 5573 5574 5575 5576 5577 
o Tracks_V3
v 0.0007763640023767948 0.0005618769791908562 -0.0025404400657862425
v -0.02202843502163887 -0.019667692482471466 -0.00913146696984768
v -0.04900791496038437 -0.03585805743932724 -0.01654607430100441
v -0.0798286721110344 -0.04816994443535805 -0.024729300290346146
v -0.1141573041677475 -0.05676406994462013 -0.03362618386745453
v -0.15166041254997253 -0.06180116906762123 -0.04318176954984665
v -0.19200457632541656 -0.06344196200370789 -0.0533410906791687
v -0.23485641181468964 -0.06184716895222664 -0.06404919177293777
v -0.2798825204372406 -0.05717751756310463 -0.07525110989809036
v -0.3267494738101959 -0.049593735486269 -0.08689188957214355
v -0.37512388825416565 -0.039256542921066284 -0.09891656786203384
v -0.42467236518859863 -0.02632666565477848 -0.11127018183469772
v -0.47506147623062134 -0.010964826680719852 -0.12389776855707169
v -0.5259578227996826 0.006668246816843748 -0.13674437999725342
v -0.5770280361175537 0.026411833241581917 -0.14975504577159882
v -0.6279386878013611 0.048105206340551376 -0.16287480294704437
v -0.678356409072876 0.07158763706684113 -0.17604869604110718
v -0.7279477119445801 0.09669841080904007 -0.18922176957130432
v -0.7763792872428894 0.12327679991722107 -0.2023390531539917
v -0.8233177065849304 0.1511620730161667 -0.2153456062078476
v -0.8684295415878296 0.18019351363182068 -0.2281864434480667
v -0.9113813638687134 0.2102103978395462 -0.24080660939216614
v -0.951839804649353 0.24105200171470642 -0.25315114855766296
v -0.9894714951515198 0.2725575864315033 -0.2651651203632355
v -1.0239429473876953 0.3045664429664612 -0.27679353952407837
v -1.0549209117889404 0.33691784739494324 -0.28798145055770874
v -1.0820717811584473 0.3694510757923126 -0.2986738979816437
v -1.1050623655319214 0.4020053744316101 -0.30881592631340027
v -1.1235591173171997 0.43442004919052124 -0.3183525502681732
v -1.1372286081314087 0.4665343761444092 -0.327228844165802
v -1.1457375288009644 0.4981876313686371 -0.3353898227214813
v -1.1487524509429932 0.5292190909385681 -0.34278053045272827
v -1.1459399461746216 0.5594679713249207 -0.34934601187705994
l 5578 5579 5580 5581 5582 5583 5584 5585 5586 5587 5588 5589 5590 5591 5592 5593 5594 5595 5596 5597 5598 5599 5600 5601 5602 5603 5604 5605 5606 5607 5608 5609 5610 
o Tracks_V3
v 0.0007246800232678652 0.0005903010023757815 -0.002111820038408041
v -0.03010645881295204 0.003344763768836856 0.01161300390958786
v -0.06249748170375824 0.007953646592795849 0.02620338276028633
v -0.09631651639938354 0.01434177253395319 0.04160156100988388
v -0.1314316987991333 0.022433962672948837 0.05774977430701256
v -0.16771116852760315 0.03215504065155983 0.0745902732014656
v -0.20502305030822754 0.04342982545495033 0.09206528961658478
v -0.24323546886444092 0.05618314445018768 0.11011707037687302
v -0.28221654891967773 0.07033982127904892 0.12868785858154297
v -0.3218344748020172 0.08582466840744019 0.14771990478038788
v -0.361957311630249 0.10256250947713852 0.1671554297208786
v -0.4024532437324524 0.12047818303108215 0.18693667650222778
v -0.4431903660297394 0.13949649035930634 0.20700591802597046
v -0.4840368330478668 0.1595422625541687 0.2273053526878357
v -0.5248607993125916 0.1805403232574463 0.24777725338935852
v -0.5655303001403809 0.20241549611091614 0.2683638632297516
v -0.6059135794639587 0.22509260475635529 0.28900739550590515
v -0.6458787322044373 0.24849645793437958 0.30965012311935425
v -0.6852939128875732 0.27255189418792725 0.33023425936698914
v -0.724027156829834 0.29718372225761414 0.35070204734802246
v -0.7619466781616211 0.3223167955875397 0.37099575996398926
v -0.7989206314086914 0.3478758931159973 0.3910576403141022
v -0.834817111492157 0.3737858533859253 0.4108298718929291
v -0.8695042133331299 0.39997151494026184 0.4302547574043274
v -0.9028501510620117 0.4263576567173004 0.4492745101451874
v -0.9347230195999146 0.45286914706230164 0.46783140301704407
v -0.9649909138679504 0.47943082451820374 0.48586761951446533
v -0.9935219883918762 0.5059674382209778 0.5033254623413086
v -1.0201843976974487 0.5324038863182068 0.5201470851898193
v -1.0448462963104248 0.5586649179458618 0.5362748503684998
v -1.0673757791519165 0.5846753716468811 0.5516509413719177
v -1.0876410007476807 0.6103601455688477 0.5662175416946411
v -1.1055099964141846 0.6356440186500549 0.5799170136451721
l 5611 5612 5613 5614 5615 5616 5617 5618 5619 5620 5621 5622 5623 5624 5625 5626 5627 5628 5629 5630 5631 5632 5633 5634 5635 5636 5637 5638 5639 5640 5641 5642 5643 
o Tracks_V3
v 0.0007231609779410064 0.0006637080223299563 -0.0447206012904644
v 0.03368925303220749 0.0009820549748837948 0.013777369633316994
v 0.0678742527961731 0.004356705583631992 0.07590008527040482
v 0.10313310474157333 0.010653399862349033 0.1414061337709427
v 0.13932079076766968 0.01973787508904934 0.21005405485630035
v 0.17629225552082062 0.03147587180137634 0.2816024422645569
v 0.21390245854854584 0.04573313146829605 0.35580986738204956
v 0.2520063519477844 0.06237538903951645 0.43243488669395447
v 0.29045891761779785 0.08126838505268097 0.5112360715866089
v 0.329115092754364 0.10227786004543304 0.5919720530509949
v 0.3678298592567444 0.1252695471048355 0.6744012832641602
v 0.40645816922187805 0.150109201669693 0.7582824230194092
v 0.4448549747467041 0.17666254937648773 0.8433740139007568
v 0.482875257730484 0.20479533076286316 0.9294346570968628
v 0.5203739404678345 0.2343732863664627 1.0162228345870972
v 0.5572059750556946 0.2652621567249298 1.1034972667694092
v 0.5932263731956482 0.2973276674747467 1.1910163164138794
v 0.6282901167869568 0.330435574054718 1.2785388231277466
v 0.6622520685195923 0.3644516170024872 1.3658230304718018
v 0.6949672102928162 0.39924153685569763 1.4526277780532837
v 0.7262905836105347 0.4346710741519928 1.5387115478515625
v 0.7560770511627197 0.4706059396266937 1.6238329410552979
v 0.7841816544532776 0.5069118738174438 1.7077504396438599
v 0.810459315776825 0.5434547066688538 1.7902227640151978
v 0.8347649574279785 0.5801000595092773 1.871008276939392
v 0.8569536209106445 0.6167137026786804 1.949865698814392
v 0.8768801689147949 0.6531614065170288 2.0265536308288574
v 0.8943996429443359 0.6893088817596436 2.100830554962158
v 0.9093669652938843 0.7250218987464905 2.172454833984375
v 0.9216371178627014 0.7601662278175354 2.241185426712036
v 0.931065022945404 0.7946074604988098 2.3067808151245117
v 0.9375056624412537 0.8282114863395691 2.368999481201172
v 0.9408140182495117 0.8608440160751343 2.4275999069213867
l 5644 5645 5646 5647 5648 5649 5650 5651 5652 5653 5654 5655 5656 5657 5658 5659 5660 5661 5662 5663 5664 5665 5666 5667 5668 5669 5670 5671 5672 5673 5674 5675 5676 
o Tracks_V3
v 0.0007819529855623841 0.0006078639999032021 -0.044043999165296555
v -0.0001424994843546301 0.03305990993976593 -0.017306990921497345
v -0.004988486412912607 0.06654327362775803 0.011477561667561531
v -0.01356056984513998 0.10090371966362 0.042173124849796295
v -0.025663310661911964 0.13598701357841492 0.07464316487312317
v -0.04110127314925194 0.17163890600204468 0.10875114798545837
v -0.05967902019619942 0.20770516991615295 0.1443605273962021
v -0.08120111376047134 0.24403156340122223 0.18133479356765747
v -0.10547211021184921 0.280463844537735 0.2195373773574829
v -0.1322965770959854 0.3168478012084961 0.25883176922798157
v -0.16147907078266144 0.35302916169166565 0.2990814447402954
v -0.19282416999340057 0.38885369896888733 0.34014981985092163
v -0.22613641619682312 0.4241671860218048 0.381900429725647
v -0.26122039556503296 0.45881539583206177 0.42419666051864624
v -0.2978806495666504 0.4926440417766571 0.4669020473957062
v -0.3359217345714569 0.5254989266395569 0.509880006313324
v -0.3751482367515564 0.5572258234024048 0.5529940724372864
v -0.41536468267440796 0.5876704454421997 0.5961076021194458
v -0.45637568831443787 0.6166785955429077 0.6390841603279114
v -0.4979857802391052 0.6440960168838501 0.6817871332168579
v -0.5399994850158691 0.6697685122489929 0.7240800857543945
v -0.5822214484214783 0.6935418248176575 0.7658263444900513
v -0.6244561672210693 0.7152616381645203 0.8068894743919373
v -0.6665082573890686 0.7347738146781921 0.8471329808235168
v -0.7081822156906128 0.7519240975379944 0.8864201903343201
v -0.7492826581001282 0.7665582299232483 0.924614667892456
v -0.7896141409873962 0.7785219550132751 0.9615798592567444
v -0.8289812207221985 0.787661075592041 0.9971792697906494
v -0.8671883940696716 0.7938213348388672 1.0312762260437012
v -0.9040403366088867 0.796848475933075 1.0637344121932983
v -0.9393415451049805 0.7965883016586304 1.0944170951843262
v -0.9728965759277344 0.7928865551948547 1.123187780380249
v -1.0045100450515747 0.7855889797210693 1.1499099731445312
l 5677 5678 5679 5680 5681 5682 5683 5684 5685 5686 5687 5688 5689 5690 5691 5692 5693 5694 5695 5696 5697 5698 5699 5700 5701 5702 5703 5704 5705 5706 5707 5708 5709 
o Tracks_V3
v 0.000314876000629738 0.000637192977592349 -0.04396260157227516
v -0.0017842145171016455 -0.024619432166218758 -0.1193602904677391
v -0.004749699961394072 -0.05120103806257248 -0.19906112551689148
v -0.008548302575945854 -0.07901114970445633 -0.28277820348739624
v -0.013146743178367615 -0.107953280210495 -0.37022465467453003
v -0.01851174421608448 -0.1379309445619583 -0.4611136019229889
v -0.02461002953350544 -0.1688476800918579 -0.5551581978797913
v -0.031408317387104034 -0.20060698688030243 -0.6520715355873108
v -0.038873329758644104 -0.2331123948097229 -0.7515667080879211
v -0.04697179049253464 -0.26626741886138916 -0.8533568978309631
v -0.055670421570539474 -0.29997560381889343 -0.957155168056488
v -0.06493594497442245 -0.334140419960022 -1.062674641609192
v -0.07473507523536682 -0.3686653971672058 -1.169628620147705
v -0.08503454178571701 -0.40345409512519836 -1.2777299880981445
v -0.09580107033252716 -0.4384100139141083 -1.386691927909851
v -0.10700137168169022 -0.4734366536140442 -1.4962276220321655
v -0.11860217899084091 -0.5084375143051147 -1.6060501337051392
v -0.1305702030658722 -0.5433161854743958 -1.7158726453781128
v -0.1428721696138382 -0.5779761672019958 -1.8254082202911377
v -0.15547481179237366 -0.6123209595680237 -1.9343700408935547
v -0.16834482550621033 -0.6462540030479431 -2.042471170425415
v -0.18144895136356354 -0.6796789765357971 -2.1494247913360596
v -0.19475391507148743 -0.7124993205070496 -2.254944086074829
v -0.20822642743587494 -0.7446184754371643 -2.3587419986724854
v -0.2218332141637802 -0.7759401202201843 -2.460531711578369
v -0.23554100096225739 -0.8063676357269287 -2.5600264072418213
v -0.2493164986371994 -0.8358046412467957 -2.6569390296936035
v -0.2631264328956604 -0.864154577255249 -2.7509829998016357
v -0.2769375443458557 -0.8913210034370422 -2.8418712615966797
v -0.2907165288925171 -0.9172074794769287 -2.929316997528076
v -0.30443012714385986 -0.9417174458503723 -3.013033390045166
v -0.3180450201034546 -0.9647544026374817 -3.092733144760132
v -0.3315280079841614 -0.9862220287322998 -3.1681299209594727
l 5710 5711 5712 5713 5714 5715 5716 5717 5718 5719 5720 5721 5722 5723 5724 5725 5726 5727 5728 5729 5730 5731 5732 5733 5734 5735 5736 5737 5738 5739 5740 5741 5742 
o Tracks_V3
v 0.0004820080066565424 0.0003714649938046932 -0.04445119947195053
v 0.01720467209815979 -0.01538333110511303 0.03286148980259895
v 0.03563874587416649 -0.030896950513124466 0.11463456600904465
v 0.05568186566233635 -0.046141911298036575 0.20057088136672974
v 0.07723166048526764 -0.06109072268009186 0.2903733253479004
v 0.10018576681613922 -0.07571591436862946 0.3837447464466095
v 0.12444182485342026 -0.08998998999595642 0.4803880453109741
v 0.1498974710702896 -0.1038854718208313 0.5800060629844666
v 0.17645031213760376 -0.11737487465143204 0.6823016405105591
v 0.20399802923202515 -0.13043071329593658 0.7869777083396912
v 0.23243820667266846 -0.14302551746368408 0.8937370777130127
v 0.26166853308677673 -0.15513178706169128 1.0022826194763184
v 0.29158657789230347 -0.16672202944755554 1.1123173236846924
v 0.3220900297164917 -0.1777687966823578 1.2235438823699951
v 0.3530765175819397 -0.18824458122253418 1.335665225982666
v 0.38444364070892334 -0.19812189042568207 1.4483842849731445
v 0.4160890579223633 -0.20737327635288239 1.5614038705825806
v 0.4479103982448578 -0.2159712165594101 1.674426794052124
v 0.4798052906990051 -0.22388824820518494 1.787156105041504
v 0.5116714239120483 -0.23109687864780426 1.8992944955825806
v 0.5434063076972961 -0.2375696301460266 2.010544776916504
v 0.5749077200889587 -0.24327901005744934 2.120609998703003
v 0.6060732007026672 -0.2481975555419922 2.2291932106018066
v 0.6368004083633423 -0.2522977590560913 2.335996627807617
v 0.6669870018959045 -0.25555217266082764 2.4407238960266113
v 0.6965305805206299 -0.25793325901031494 2.543077230453491
v 0.725328803062439 -0.25941357016563416 2.6427597999572754
v 0.7532793283462524 -0.2599656283855438 2.7394747734069824
v 0.7802796959877014 -0.2595619261264801 2.8329243659973145
v 0.8062276244163513 -0.2581750154495239 2.922811985015869
v 0.831020712852478 -0.25577735900878906 3.0088400840759277
v 0.8545566201210022 -0.25234153866767883 3.090711832046509
v 0.8767330050468445 -0.2478400021791458 3.1681299209594727
l 5743 5744 5745 5746 5747 5748 5749 5750 5751 5752 5753 5754 5755 5756 5757 5758 5759 5760 5761 5762 5763 5764 5765 5766 5767 5768 5769 5770 5771 5772 5773 5774 5775 
o Tracks_V3
v 0.0007002449710853398 0.0005968930199742317 -0.06776759773492813
v 0.020561112090945244 -0.023947453126311302 -0.028846438974142075
v 0.042981699109077454 -0.04846617579460144 0.012445230036973953
v 0.06781604886054993 -0.07290013134479523 0.055949386209249496
v 0.09491822123527527 -0.09719017148017883 0.1015079990029335
v 0.12414224445819855 -0.12127715349197388 0.148963063955307
v 0.15534217655658722 -0.14510193467140198 0.19815653562545776
v 0.18837207555770874 -0.16860535740852356 0.2489304095506668
v 0.22308595478534698 -0.19172829389572144 0.3011266589164734
v 0.2593379020690918 -0.21441160142421722 0.35458722710609436
v 0.29698190093040466 -0.23659610748291016 0.40915417671203613
v 0.335872083902359 -0.25822269916534424 0.464669406414032
v 0.3758624196052551 -0.2792322039604187 0.52097487449646
v 0.41680699586868286 -0.29956549406051636 0.5779126882553101
v 0.45855987071990967 -0.31916341185569763 0.6353246569633484
v 0.5009750723838806 -0.33796682953834534 0.6930528879165649
v 0.5439066290855408 -0.3559165894985199 0.7509393095970154
v 0.5872085690498352 -0.37295353412628174 0.8088259100914001
v 0.6307350397109985 -0.38901853561401367 0.8665546774864197
v 0.6743399500846863 -0.4040524661540985 0.9239675402641296
v 0.7178775072097778 -0.4179961383342743 0.9809064865112305
v 0.7612016201019287 -0.4307904541492462 1.0372135639190674
v 0.8041663765907288 -0.4423762261867523 1.0927306413650513
v 0.846625804901123 -0.4526943266391754 1.1472997665405273
v 0.8884340524673462 -0.4616855978965759 1.2007629871368408
v 0.9294450283050537 -0.46929091215133667 1.2529621124267578
v 0.9695128202438354 -0.47545114159584045 1.3037391901016235
v 1.0084915161132812 -0.4801070988178253 1.3529362678527832
v 1.046235203742981 -0.4831996560096741 1.4003952741622925
v 1.0825978517532349 -0.48466965556144714 1.445958137512207
v 1.1174334287643433 -0.48445799946784973 1.489466905593872
v 1.1505961418151855 -0.4825054705142975 1.5307635068893433
v 1.181939959526062 -0.478753000497818 1.5696899890899658
l 5776 5777 5778 5779 5780 5781 5782 5783 5784 5785 5786 5787 5788 5789 5790 5791 5792 5793 5794 5795 5796 5797 5798 5799 5800 5801 5802 5803 5804 5805 5806 5807 5808 
o Tracks_V3
v 0.0006171020213514566 0.0008426349959336221 -0.06785230338573456
v -0.025620633736252785 -0.013885779306292534 -0.06986314058303833
v -0.04950372129678726 -0.03384184464812279 -0.07209430634975433
v -0.07107066363096237 -0.05866353213787079 -0.0745307132601738
v -0.09035998582839966 -0.08798882365226746 -0.07715728878974915
v -0.10741017758846283 -0.12145569175481796 -0.0799589604139328
v -0.12225976586341858 -0.15870212018489838 -0.08292064070701599
v -0.1349472552537918 -0.19936606287956238 -0.08602726459503174
v -0.14551115036010742 -0.24308551847934723 -0.08926374465227127
v -0.15398995578289032 -0.2894984483718872 -0.09261501580476761
v -0.1604222059249878 -0.3382428288459778 -0.09606599807739258
v -0.16484639048576355 -0.3889566659927368 -0.0996016189455986
v -0.1673010140657425 -0.4412778913974762 -0.10320679098367691
v -0.1678246110677719 -0.4948444962501526 -0.10686644166707993
v -0.16645567119121552 -0.5492944717407227 -0.11056550592184067
v -0.1632326990365982 -0.6042657494544983 -0.11428889632225037
v -0.15819422900676727 -0.6593963503837585 -0.11802153289318085
v -0.15137875080108643 -0.7143242359161377 -0.12174835801124573
v -0.14282478392124176 -0.76868736743927 -0.12545427680015564
v -0.13257083296775818 -0.8221237659454346 -0.1291242241859436
v -0.12065540254116058 -0.8742713332176208 -0.13274310529232025
v -0.10711701214313507 -0.9247681498527527 -0.1362958699464798
v -0.09199417382478714 -0.9732520580291748 -0.13976743817329407
v -0.0753253847360611 -1.019361138343811 -0.1431427150964737
v -0.057149168103933334 -1.0627332925796509 -0.1464066356420517
v -0.03750402852892876 -1.1030066013336182 -0.1495441198348999
v -0.016428470611572266 -1.1398189067840576 -0.15254010260105133
v 0.006038988009095192 -1.172808289527893 -0.1553794890642166
v 0.029859840869903564 -1.2016127109527588 -0.15804722905158997
v 0.0549955777823925 -1.225870132446289 -0.16052821278572083
v 0.08140768855810165 -1.2452185153961182 -0.1628073900938034
v 0.10905766487121582 -1.2592958211898804 -0.16486968100070953
v 0.1379069983959198 -1.26774001121521 -0.16670000553131104
l 5809 5810 5811 5812 5813 5814 5815 5816 5817 5818 5819 5820 5821 5822 5823 5824 5825 5826 5827 5828 5829 5830 5831 5832 5833 5834 5835 5836 5837 5838 5839 5840 5841 
o Tracks_V3
v 0.0013730400241911411 0.0007722079753875732 -0.06611689925193787
v 0.007139340043067932 -0.025065673515200615 -0.14087921380996704
v 0.012117758393287659 -0.0525040328502655 -0.21993140876293182
v 0.016323452815413475 -0.0814315676689148 -0.30298754572868347
v 0.019771579653024673 -0.1117369681596756 -0.389761745929718
v 0.022477293387055397 -0.14330895245075226 -0.4799680709838867
v 0.024455754086375237 -0.17603619396686554 -0.5733206272125244
v 0.025722114369273186 -0.2098074108362198 -0.6695334315299988
v 0.026291534304618835 -0.24451129138469696 -0.7683205604553223
v 0.02617916837334633 -0.2800365388393402 -0.8693962097167969
v 0.025400174781680107 -0.3162718415260315 -0.9724743366241455
v 0.023969706147909164 -0.35310593247413635 -1.0772690773010254
v 0.02190292440354824 -0.39042747020721436 -1.1834944486618042
v 0.01921498216688633 -0.42812514305114746 -1.2908647060394287
v 0.015921037644147873 -0.4660876989364624 -1.399093747138977
v 0.012036246247589588 -0.5042037963867188 -1.5078957080841064
v 0.007575765252113342 -0.5423621535301208 -1.6169846057891846
v 0.0025547510012984276 -0.5804514288902283 -1.7260746955871582
v -0.0030116394627839327 -0.6183604001998901 -1.8348798751831055
v -0.00910825002938509 -0.655977725982666 -1.9431143999099731
v -0.015719924122095108 -0.6931920647621155 -2.05049204826355
v -0.02283150516450405 -0.7298921346664429 -2.1567273139953613
v -0.0304278377443552 -0.7659667134284973 -2.2615339756011963
v -0.03849376365542412 -0.8013043403625488 -2.364626169204712
v -0.04701412841677666 -0.8357938528060913 -2.4657180309295654
v -0.05597377195954323 -0.8693239092826843 -2.564523696899414
v -0.06535754352807999 -0.9017832279205322 -2.660757064819336
v -0.0751502737402916 -0.9330604672431946 -2.7541325092315674
v -0.0853368267416954 -0.963044285774231 -2.8443636894226074
v -0.09590202569961548 -0.9916234612464905 -2.9311649799346924
v -0.10683073103427887 -1.0186866521835327 -3.0142505168914795
v -0.11810777336359024 -1.044122576713562 -3.0933339595794678
v -0.12971800565719604 -1.0678199529647827 -3.1681299209594727
l 5842 5843 5844 5845 5846 5847 5848 5849 5850 5851 5852 5853 5854 5855 5856 5857 5858 5859 5860 5861 5862 5863 5864 5865 5866 5867 5868 5869 5870 5871 5872 5873 5874 
o Tracks_V3
v 0.000433362991316244 0.0005253789713606238 -0.04409860074520111
v -0.005507307592779398 0.019121797755360603 -0.11944292485713959
v -0.012566355988383293 0.03841596469283104 -0.19909757375717163
v -0.02069186419248581 0.058343399316072464 -0.28277525305747986
v -0.029831908643245697 0.07883962243795395 -0.3701886832714081
v -0.03993456810712814 0.09984015673398972 -0.4610505998134613
v -0.05094792693853378 0.12128052860498428 -0.5550736784934998
v -0.06282006204128265 0.14309625327587128 -0.6519707441329956
v -0.0754990503191948 0.16522285342216492 -0.7514544129371643
v -0.08893297612667084 0.18759584426879883 -0.8532374501228333
v -0.10306991636753082 0.21015076339244843 -0.9570325613021851
v -0.11785794794559479 0.23282310366630554 -1.0625524520874023
v -0.13324515521526337 0.2555484175682068 -1.1695098876953125
v -0.149179607629776 0.278262197971344 -1.2776176929473877
v -0.16560940444469452 0.30090001225471497 -1.3865883350372314
v -0.18248260021209717 0.32339733839035034 -1.496134638786316
v -0.19974729418754578 0.34568968415260315 -1.6059694290161133
v -0.21735155582427979 0.3677126169204712 -1.7158052921295166
v -0.23524346947669983 0.3894016444683075 -1.825355052947998
v -0.25337111949920654 0.4106922745704651 -1.9343314170837402
v -0.2716825604438782 0.431520015001297 -2.042447090148926
v -0.29012590646743774 0.451820433139801 -2.149414539337158
v -0.3086492121219635 0.4715290069580078 -2.2549469470977783
v -0.3272005617618561 0.49058130383491516 -2.3587567806243896
v -0.3457280397415161 0.5089128017425537 -2.460556983947754
v -0.36417973041534424 0.5264589786529541 -2.5600597858428955
v -0.3825037181377411 0.5431554913520813 -2.6569783687591553
v -0.4006480574607849 0.5589377284049988 -2.7510251998901367
v -0.41856083273887634 0.5737413167953491 -2.8419132232666016
v -0.436190128326416 0.5875017046928406 -2.9293549060821533
v -0.45348405838012695 0.600154459476471 -3.0130631923675537
v -0.470390647649765 0.6116350293159485 -3.0927505493164062
v -0.4868580102920532 0.621878981590271 -3.1681299209594727
l 5875 5876 5877 5878 5879 5880 5881 5882 5883 5884 5885 5886 5887 5888 5889 5890 5891 5892 5893 5894 5895 5896 5897 5898 5899 5900 5901 5902 5903 5904 5905 5906 5907 
o Tracks_V3
v 0.0007610180182382464 0.0005510009941644967 -0.13189400732517242
v 0.025655347853899002 0.022785279899835587 -0.20396862924098969
v 0.04916922375559807 0.048240721225738525 -0.2804495096206665
v 0.07129257917404175 0.07670681178569794 -0.36104321479797363
v 0.09201536327600479 0.10797304660081863 -0.44545620679855347
v 0.11132751405239105 0.14182889461517334 -0.5333950519561768
v 0.1292189657688141 0.17806385457515717 -0.6245662569999695
v 0.14567965269088745 0.21646742522716522 -0.7186762690544128
v 0.1606995314359665 0.25682908296585083 -0.8154317140579224
v 0.17426851391792297 0.2989382743835449 -0.914539098739624
v 0.18637657165527344 0.3425845503807068 -1.015704870223999
v 0.19701361656188965 0.38755738735198975 -1.1186355352401733
v 0.20616959035396576 0.43364623188972473 -1.223037838935852
v 0.21383444964885712 0.48064061999320984 -1.3286179304122925
v 0.21999813616275787 0.5283299684524536 -1.4350826740264893
v 0.2246505618095398 0.5765038728713989 -1.5421383380889893
v 0.22778168320655823 0.6249517202377319 -1.6494916677474976
v 0.22938144207000732 0.6734630465507507 -1.756848931312561
v 0.22943976521492004 0.7218273282051086 -1.8639168739318848
v 0.22794659435749054 0.769834041595459 -1.9704018831253052
v 0.22489188611507416 0.8172726631164551 -2.0760104656219482
v 0.22026555240154266 0.863932728767395 -2.1804492473602295
v 0.2140575647354126 0.9096037149429321 -2.2834248542785645
v 0.20625783503055573 0.954075038433075 -2.384643316268921
v 0.1968563050031662 0.9971362352371216 -2.483811855316162
v 0.18584291636943817 1.0385768413543701 -2.5806362628936768
v 0.173207625746727 1.078186273574829 -2.674823522567749
v 0.15894034504890442 1.1157540082931519 -2.766080141067505
v 0.143031045794487 1.1510696411132812 -2.854112386703491
v 0.1254696249961853 1.183922529220581 -2.938627004623413
v 0.10624606162309647 1.2141022682189941 -3.0193305015563965
v 0.08535027503967285 1.2413982152938843 -3.0959293842315674
v 0.06277219951152802 1.2655999660491943 -3.1681299209594727
l 5908 5909 5910 5911 5912 5913 5914 5915 5916 5917 5918 5919 5920 5921 5922 5923 5924 5925 5926 5927 5928 5929 5930 5931 5932 5933 5934 5935 5936 5937 5938 5939 5940 
o Tracks_V3
v 0.0004400809993967414 0.0004554209881462157 -0.13248500227928162
v 0.01202397421002388 -0.020665759220719337 -0.2055777609348297
v 0.023244088515639305 -0.0433695949614048 -0.28287696838378906
v 0.03408823534846306 -0.06755491346120834 -0.36410239338874817
v 0.04454422369599342 -0.09312053769826889 -0.4489738941192627
v 0.054599858820438385 -0.11996529996395111 -0.5372112989425659
v 0.06424295902252197 -0.14798802137374878 -0.6285343766212463
v 0.07346133142709732 -0.17708753049373627 -0.7226629853248596
v 0.08224277943372726 -0.20716266334056854 -0.8193168640136719
v 0.09057512134313583 -0.23811222612857819 -0.9182159304618835
v 0.09844616055488586 -0.26983505487442017 -1.0190799236297607
v 0.10584370791912079 -0.30223000049591064 -1.121628761291504
v 0.11275557428598404 -0.3351958692073822 -1.2255821228027344
v 0.11916957050561905 -0.3686314821243286 -1.3306599855422974
v 0.12507350742816925 -0.40243566036224365 -1.4365819692611694
v 0.13045519590377808 -0.4365072250366211 -1.5430680513381958
v 0.13530243933200836 -0.4707450568675995 -1.649837851524353
v 0.13960304856300354 -0.5050479173660278 -1.7566114664077759
v 0.14334483444690704 -0.5393146872520447 -1.863108515739441
v 0.1465156078338623 -0.573444128036499 -1.9690488576889038
v 0.14910317957401276 -0.6073351502418518 -2.0741524696350098
v 0.15109536051750183 -0.6408865451812744 -2.1781387329101562
v 0.15247996151447296 -0.6739971041679382 -2.2807278633117676
v 0.1532447785139084 -0.7065656781196594 -2.3816397190093994
v 0.15337765216827393 -0.7384910583496094 -2.480593681335449
v 0.15286634862422943 -0.769672155380249 -2.577310085296631
v 0.15169870853424072 -0.8000077605247498 -2.671508312225342
v 0.14986254274845123 -0.829396665096283 -2.762908458709717
v 0.1473456472158432 -0.8577377200126648 -2.8512301445007324
v 0.14413583278656006 -0.8849297761917114 -2.9361934661865234
v 0.14022091031074524 -0.9108715653419495 -3.0175178050994873
v 0.13558870553970337 -0.9354620575904846 -3.094923496246338
v 0.1302269995212555 -0.9585999846458435 -3.1681299209594727
l 5941 5942 5943 5944 5945 5946 5947 5948 5949 5950 5951 5952 5953 5954 5955 5956 5957 5958 5959 5960 5961 5962 5963 5964 5965 5966 5967 5968 5969 5970 5971 5972 5973 
o Tracks_V3
v 0.0006742419791407883 0.0008075549849309027 0.050012800842523575
v 0.033624932169914246 0.008239886723458767 -0.008183242753148079
v 0.06837178766727448 0.012340335175395012 -0.0701046884059906
v 0.1047307476401329 0.01324324682354927 -0.13550350069999695
v 0.14251777529716492 0.011082968674600124 -0.20413164794445038
v 0.18154878914356232 0.005993847735226154 -0.2757410705089569
v 0.22163976728916168 -0.0018897677073255181 -0.35008376836776733
v 0.2626066505908966 -0.012433530762791634 -0.4269116520881653
v 0.3042653501033783 -0.025503095239400864 -0.5059767365455627
v 0.3464318513870239 -0.04096411168575287 -0.5870308876037598
v 0.3889220952987671 -0.058682236820459366 -0.6698262095451355
v 0.43155205249786377 -0.07852312177419662 -0.75411456823349
v 0.4741376042366028 -0.10035241395235062 -0.8396479487419128
v 0.5164947509765625 -0.12403576821088791 -0.9261782765388489
v 0.5584394335746765 -0.14943884313106537 -1.0134575366973877
v 0.5997875332832336 -0.17642728984355927 -1.1012377738952637
v 0.640355110168457 -0.20486676692962646 -1.1892708539962769
v 0.6799580454826355 -0.23462291061878204 -1.277308702468872
v 0.7184122800827026 -0.26556137204170227 -1.3651034832000732
v 0.7555338144302368 -0.2975478172302246 -1.452406883239746
v 0.7911385297775269 -0.3304479122161865 -1.538970947265625
v 0.8250423669815063 -0.3641272783279419 -1.6245478391647339
v 0.8570613265037537 -0.3984515964984894 -1.7088892459869385
v 0.8870113492012024 -0.43328651785850525 -1.7917473316192627
v 0.9147083759307861 -0.4684976637363434 -1.8728739023208618
v 0.9399683475494385 -0.5039507150650024 -1.9520210027694702
v 0.962607204914093 -0.5395113229751587 -2.0289406776428223
v 0.9824408888816833 -0.575045108795166 -2.103384494781494
v 0.9992853403091431 -0.6104177832603455 -2.175105094909668
v 1.0129565000534058 -0.6454949378967285 -2.243853807449341
v 1.0232703685760498 -0.6801422238349915 -2.309382915496826
v 1.0300428867340088 -0.7142254114151001 -2.3714444637298584
v 1.0330899953842163 -0.7476099729537964 -2.4297900199890137
l 5974 5975 5976 5977 5978 5979 5980 5981 5982 5983 5984 5985 5986 5987 5988 5989 5990 5991 5992 5993 5994 5995 5996 5997 5998 5999 6000 6001 6002 6003 6004 6005 6006 
o Tracks_V3
v 0.0007820309838280082 0.0007135879714041948 -0.0020039500668644905
v 0.0281570665538311 -0.015104802325367928 -0.04998528212308884
v 0.0559476837515831 -0.0333854965865612 -0.10083115845918655
v 0.0840718075633049 -0.05399838462471962 -0.15435044467449188
v 0.1124473586678505 -0.07681336253881454 -0.21035204827785492
v 0.14099225401878357 -0.1017003059387207 -0.2686448097229004
v 0.16962440311908722 -0.1285291165113449 -0.3290376365184784
v 0.19826175272464752 -0.1571696698665619 -0.39133939146995544
v 0.22682221233844757 -0.18749187886714935 -0.45535892248153687
v 0.25522369146347046 -0.21936561167240143 -0.5209051966667175
v 0.2833841145038605 -0.2526607811450958 -0.5877869725227356
v 0.3112214207649231 -0.2872472405433655 -0.6558132171630859
v 0.3386535048484802 -0.3229948878288269 -0.7247927188873291
v 0.36559832096099854 -0.3597736656665802 -0.7945345044136047
v 0.39197373390197754 -0.3974533975124359 -0.8648473024368286
v 0.4176977276802063 -0.43590399622917175 -0.9355400204658508
v 0.4426881670951843 -0.47499534487724304 -1.0064215660095215
v 0.4668630361557007 -0.5145973563194275 -1.0773009061813354
v 0.4901401996612549 -0.5545799136161804 -1.1479867696762085
v 0.5124375820159912 -0.5948128700256348 -1.2182880640029907
v 0.5336731672286987 -0.6351661682128906 -1.2880135774612427
v 0.5537647604942322 -0.6755096316337585 -1.3569724559783936
v 0.5726304054260254 -0.7157132625579834 -1.4249733686447144
v 0.5901879072189331 -0.755646824836731 -1.4918252229690552
v 0.6063553094863892 -0.7951802611351013 -1.5573369264602661
v 0.6210504770278931 -0.8341834545135498 -1.6213173866271973
v 0.6341912746429443 -0.8725263476371765 -1.6835753917694092
v 0.645695686340332 -0.9100787043571472 -1.743919849395752
v 0.6554816365242004 -0.9467105269432068 -1.8021596670150757
v 0.6634669899940491 -0.9822916984558105 -1.8581037521362305
v 0.669569730758667 -1.016692042350769 -1.9115608930587769
v 0.6737077832221985 -1.0497815608978271 -1.962339997291565
v 0.6757990121841431 -1.0814299583435059 -2.0102500915527344
l 6007 6008 6009 6010 6011 6012 6013 6014 6015 6016 6017 6018 6019 6020 6021 6022 6023 6024 6025 6026 6027 6028 6029 6030 6031 6032 6033 6034 6035 6036 6037 6038 6039 
o Tracks_V3
v 0.0007265770109370351 0.00045737798791378736 -0.021004799753427505
v 0.0298891831189394 0.0020510400645434856 -0.09640791267156601
v 0.0602150484919548 0.005688475910574198 -0.17623576521873474
v 0.09158910810947418 0.011286076158285141 -0.26019391417503357
v 0.1238962709903717 0.018760230392217636 -0.34798792004585266
v 0.15702147781848907 0.028027327731251717 -0.4393233060836792
v 0.1908496469259262 0.03900375962257385 -0.5339056849479675
v 0.22526569664478302 0.051605917513370514 -0.6314405798912048
v 0.2601545751094818 0.06575018912553787 -0.7316334843635559
v 0.2954011857509613 0.08135296404361725 -0.8341900706291199
v 0.3308904469013214 0.09833063185214996 -0.9388158917427063
v 0.36650732159614563 0.11659958213567734 -1.0452163219451904
v 0.4021366834640503 0.1360762119293213 -1.153097152709961
v 0.4376634955406189 0.15667690336704254 -1.262163758277893
v 0.47297269105911255 0.178318053483963 -1.372121810913086
v 0.50794917345047 0.20091603696346283 -1.4826768636703491
v 0.5424778461456299 0.2243872731924057 -1.5935343503952026
v 0.5764436721801758 0.24864812195301056 -1.7043999433517456
v 0.6097315549850464 0.2736149728298187 -1.8149791955947876
v 0.6422263979911804 0.2992042601108551 -1.9249776601791382
v 0.6738132238388062 0.32533231377601624 -2.0341007709503174
v 0.7043768763542175 0.351915568113327 -2.1420540809631348
v 0.7338022589683533 0.3788703680038452 -2.2485435009002686
v 0.7619743347167969 0.4061131775379181 -2.35327410697937
v 0.7887780666351318 0.433560311794281 -2.455951690673828
v 0.8140982985496521 0.46112820506095886 -2.5562820434570312
v 0.8378200531005859 0.4887332022190094 -2.653970241546631
v 0.8598281741142273 0.5162917375564575 -2.7487220764160156
v 0.8800075650215149 0.5437201857566833 -2.840243101119995
v 0.898243248462677 0.5709349513053894 -2.928238868713379
v 0.9144201278686523 0.5978524088859558 -3.0124149322509766
v 0.9284230470657349 0.6243889927864075 -3.0924766063690186
v 0.9401370286941528 0.6504610180854797 -3.1681299209594727
l 6040 6041 6042 6043 6044 6045 6046 6047 6048 6049 6050 6051 6052 6053 6054 6055 6056 6057 6058 6059 6060 6061 6062 6063 6064 6065 6066 6067 6068 6069 6070 6071 6072 
o Tracks_V3
v 0.0007334569818340242 0.0006004690076224506 0.012777600437402725
v 0.02407156117260456 0.02116578258574009 0.024849725887179375
v 0.046252284198999405 0.04525350034236908 0.03788898512721062
v 0.06725876033306122 0.07263503968715668 0.05183091014623642
v 0.08707411587238312 0.10308182239532471 0.06661102920770645
v 0.10568148642778397 0.13636527955532074 0.08216487616300583
v 0.12306400388479233 0.17225681245326996 0.09842797368764877
v 0.13920480012893677 0.21052785217761993 0.1153358519077301
v 0.15408699214458466 0.25094982981681824 0.13282403349876404
v 0.16769373416900635 0.29329416155815125 0.15082807838916779
v 0.1800081580877304 0.33733224868774414 0.16928347945213318
v 0.191013365983963 0.3828355371952057 0.18812577426433563
v 0.20069251954555511 0.4295754134654999 0.20729051530361176
v 0.20902875065803528 0.47732335329055786 0.22671321034431458
v 0.21600516140460968 0.5258507132530212 0.2463293969631195
v 0.22160491347312927 0.5749289989471436 0.26607459783554077
v 0.22581112384796143 0.6243295669555664 0.2858843505382538
v 0.2286069244146347 0.6738238334655762 0.3056941628456116
v 0.22997546195983887 0.7231832146644592 0.32543960213661194
v 0.22989985346794128 0.7721791863441467 0.3450561761856079
v 0.22836323082447052 0.8205831050872803 0.3644794225692749
v 0.22534872591495514 0.868166446685791 0.38364484906196594
v 0.2208394706249237 0.9147006273269653 0.40248802304267883
v 0.21481861174106598 0.9599570631980896 0.4209444224834442
v 0.20726925134658813 1.0037070512771606 0.4389496147632599
v 0.19817455112934113 1.045722246170044 0.45643913745880127
v 0.18751762807369232 1.0857739448547363 0.4733484983444214
v 0.1752816140651703 1.1236335039138794 0.48961323499679565
v 0.1614496409893036 1.1590723991394043 0.5051688551902771
v 0.1460048407316208 1.1918621063232422 0.5199509263038635
v 0.12893034517765045 1.2217739820480347 0.533894956111908
v 0.11020928621292114 1.248579502105713 0.5469364523887634
v 0.08982480317354202 1.2720500230789185 0.5590109825134277
l 6073 6074 6075 6076 6077 6078 6079 6080 6081 6082 6083 6084 6085 6086 6087 6088 6089 6090 6091 6092 6093 6094 6095 6096 6097 6098 6099 6100 6101 6102 6103 6104 6105 
o Tracks_V3
v 0.0018800599500536919 -0.0006248659919947386 -0.03942149877548218
v -0.010700272396206856 -0.012085461057722569 0.03801900893449783
v -0.024297215044498444 -0.02381037175655365 0.11987069249153137
v -0.03885103017091751 -0.035767268389463425 0.20583949983119965
v -0.05430198833346367 -0.04792381823062897 0.29563137888908386
v -0.07059035450220108 -0.06024768948554993 0.3889522850513458
v -0.08765639364719391 -0.07270655035972595 0.48550817370414734
v -0.10544037073850632 -0.08526808023452759 0.585004985332489
v -0.12388255447149277 -0.09789993613958359 0.6871486902236938
v -0.14292322099208832 -0.1105697900056839 0.7916451692581177
v -0.16250261664390564 -0.12324530631303787 0.8982004523277283
v -0.1825610101222992 -0.13589416444301605 1.0065205097198486
v -0.20303867757320404 -0.1484840363264084 1.1163111925125122
v -0.22387589514255524 -0.16098257899284363 1.227278470993042
v -0.24501290917396545 -0.17335745692253113 1.3391283750534058
v -0.26638999581336975 -0.18557636439800262 1.4515668153762817
v -0.287947416305542 -0.19760693609714508 1.5642997026443481
v -0.30962541699409485 -0.20941686630249023 1.6770330667495728
v -0.33136430382728577 -0.22097381949424744 1.7894726991653442
v -0.3531043231487274 -0.23224547505378723 1.90132474899292
v -0.37478575110435486 -0.24319946765899658 2.0122950077056885
v -0.39634883403778076 -0.2538034915924072 2.1220896244049072
v -0.4177338778972626 -0.2640252113342285 2.2304141521453857
v -0.4388810992240906 -0.2738323211669922 2.33697509765625
v -0.45973077416419983 -0.2831924557685852 2.4414780139923096
v -0.4802232086658478 -0.2920732796192169 2.5436289310455322
v -0.5002986192703247 -0.30044248700141907 2.6431338787078857
v -0.5198972821235657 -0.3082677125930786 2.739698648452759
v -0.5389595031738281 -0.3155166804790497 2.833029270172119
v -0.5574254989624023 -0.32215702533721924 2.9228320121765137
v -0.5752356052398682 -0.32815641164779663 3.008812189102173
v -0.5923299789428711 -0.3334825038909912 3.0906763076782227
v -0.6086490154266357 -0.3381029963493347 3.1681299209594727
l 6106 6107 6108 6109 6110 6111 6112 6113 6114 6115 6116 6117 6118 6119 6120 6121 6122 6123 6124 6125 6126 6127 6128 6129 6130 6131 6132 6133 6134 6135 6136 6137 6138 
o Tracks_V3
v 0.0008745759841986 0.0008946550078690052 -0.04208900034427643
v -0.011004215106368065 0.0074879867024719715 -0.1175808534026146
v -0.023372774943709373 0.014744175598025322 -0.19736868143081665
v -0.03619086742401123 0.022627856582403183 -0.28116610646247864
v -0.04941825941205025 0.03110366314649582 -0.3686867356300354
v -0.06301471590995789 0.04013622924685478 -0.4596441686153412
v -0.07693999260663986 0.04969019070267677 -0.5537520051002502
v -0.09115387499332428 0.059730179607868195 -0.6507238745689392
v -0.10561610758304596 0.07022083550691605 -0.7502734065055847
v -0.12028646469116211 0.08112678676843643 -0.8521141409873962
v -0.13512471318244934 0.09241267293691635 -0.9559597373008728
v -0.15009060502052307 0.10404311865568161 -1.0615237951278687
v -0.1651439219713211 0.1159827709197998 -1.1685198545455933
v -0.18024443089962006 0.12819625437259674 -1.2766616344451904
v -0.19535186886787415 0.14064821600914001 -1.3856626749038696
v -0.21042603254318237 0.15330328047275543 -1.4952366352081299
v -0.22542667388916016 0.1661260724067688 -1.6050969362258911
v -0.2403135448694229 0.1790812462568283 -1.7149574756622314
v -0.25504642724990845 0.19213342666625977 -1.8245316743850708
v -0.26958510279655457 0.20524725317955017 -1.9335331916809082
v -0.2838892936706543 0.21838735044002533 -2.0416758060455322
v -0.29791879653930664 0.23151835799217224 -2.148672580718994
v -0.3116333484649658 0.2446049153804779 -2.2542378902435303
v -0.32499274611473083 0.2576116621494293 -2.3580846786499023
v -0.3379567563533783 0.2705031931400299 -2.4599268436431885
v -0.3504851162433624 0.28324419260025024 -2.5594780445098877
v -0.36253759264945984 0.29579928517341614 -2.65645170211792
v -0.37407398223876953 0.308133065700531 -2.7505617141723633
v -0.38505399227142334 0.32021021842956543 -2.8415212631225586
v -0.39543744921684265 0.3319953382015228 -2.929044485092163
v -0.4051840901374817 0.3434531092643738 -3.0128445625305176
v -0.41425368189811707 0.3545480966567993 -3.092635154724121
v -0.4226059913635254 0.3652450144290924 -3.1681299209594727
l 6139 6140 6141 6142 6143 6144 6145 6146 6147 6148 6149 6150 6151 6152 6153 6154 6155 6156 6157 6158 6159 6160 6161 6162 6163 6164 6165 6166 6167 6168 6169 6170 6171 
o Tracks_V3
v -0.000006695609954476822 0.0050125098787248135 -0.07932630181312561
v -0.032667942345142365 0.001096608815714717 -0.002087893895804882
v -0.06693406403064728 -0.0002453220949973911 0.07975568622350693
v -0.10265251249074936 0.000888796232175082 0.16589787602424622
v -0.1396707445383072 0.004401042591780424 0.2560321092605591
v -0.17783623933792114 0.010193496011197567 0.3498518466949463
v -0.2169964611530304 0.018168235197663307 0.447050541639328
v -0.25699883699417114 0.028227338567376137 0.5473215579986572
v -0.29769086837768555 0.04027288407087326 0.6503584384918213
v -0.338919997215271 0.05420695245265961 0.7558545470237732
v -0.3805336654186249 0.06993162631988525 0.8635033369064331
v -0.42237937450408936 0.08734897524118423 0.9729982614517212
v -0.4643045663833618 0.10636108368635178 1.0840327739715576
v -0.5061566829681396 0.1268700361251831 1.1963002681732178
v -0.5477831959724426 0.14877788722515106 1.3094942569732666
v -0.5890316367149353 0.17198674380779266 1.4233081340789795
v -0.6297493577003479 0.19639867544174194 1.5374352931976318
v -0.669783890247345 0.22191576659679413 1.6515692472457886
v -0.7089826464653015 0.24844008684158325 1.765403389930725
v -0.7471930980682373 0.27587372064590454 1.8786312341690063
v -0.7842627763748169 0.30411872267723083 1.9909460544586182
v -0.8200390934944153 0.33307722210884094 2.102041482925415
v -0.8543694615364075 0.3626512587070465 2.211611032485962
v -0.887101411819458 0.39274290204048157 2.319347858428955
v -0.9180823564529419 0.42325425148010254 2.42494535446167
v -0.9471597671508789 0.45408740639686584 2.52809739112854
v -0.9741811752319336 0.48514440655708313 2.6284971237182617
v -0.9989939332008362 0.5163273811340332 2.7258379459381104
v -1.021445631980896 0.5475383400917053 2.8198132514953613
v -1.0413835048675537 0.5786793828010559 2.9101169109344482
v -1.0586552619934082 0.6096526384353638 2.9964418411254883
v -1.0731083154678345 0.6403601765632629 3.078481674194336
v -1.084589958190918 0.6707040071487427 3.1559300422668457
l 6172 6173 6174 6175 6176 6177 6178 6179 6180 6181 6182 6183 6184 6185 6186 6187 6188 6189 6190 6191 6192 6193 6194 6195 6196 6197 6198 6199 6200 6201 6202 6203 6204 
o Tracks_V3
v 0.00950700044631958 0.009858270175755024 -0.08028189837932587
v 0.03367145359516144 -0.010560533963143826 -0.10145048797130585
v 0.06110791862010956 -0.029146743938326836 -0.12425091862678528
v 0.09158675372600555 -0.045924171805381775 -0.1485745757818222
v 0.12487832456827164 -0.06091662868857384 -0.17431287467479706
v 0.16075299680233002 -0.07414792478084564 -0.20135721564292908
v 0.19898110628128052 -0.08564186841249466 -0.2295989841222763
v 0.23933304846286774 -0.09542226791381836 -0.258929580450058
v 0.2815791666507721 -0.10351294279098511 -0.28924041986465454
v 0.3254898488521576 -0.10993769764900208 -0.320422887802124
v 0.37083539366722107 -0.11472033709287643 -0.35236838459968567
v 0.4173862338066101 -0.11788468062877655 -0.3849683105945587
v 0.46491268277168274 -0.11945454031229019 -0.4181140959262848
v 0.5131851434707642 -0.11945371329784393 -0.45169708132743835
v 0.5619739294052124 -0.11790601909160614 -0.4856087267398834
v 0.6110494136810303 -0.11483526974916458 -0.5197404026985168
v 0.660181999206543 -0.11026527732610703 -0.5539835095405579
v 0.7091420292854309 -0.10421984642744064 -0.5882294178009033
v 0.7576997876167297 -0.09672278165817261 -0.6223695874214172
v 0.8056257963180542 -0.08779790997505188 -0.6562953591346741
v 0.8526902198791504 -0.07746902853250504 -0.6898981928825378
v 0.8986635804176331 -0.06575994938611984 -0.723069429397583
v 0.9433162212371826 -0.05269448831677437 -0.7557005286216736
v 0.9864184260368347 -0.03829645365476608 -0.787682831287384
v 1.0277405977249146 -0.022589653730392456 -0.8189077973365784
v 1.0670530796051025 -0.005597900133579969 -0.849266767501831
v 1.104126214981079 0.01265499647706747 -0.8786512017250061
v 1.138730525970459 0.03214522451162338 -0.9069523811340332
v 1.1706360578536987 0.052848976105451584 -0.9340618848800659
v 1.1996135711669922 0.07474244385957718 -0.9598709344863892
v 1.225433111190796 0.0978018045425415 -0.9842710494995117
v 1.247865080833435 0.12200326472520828 -1.0071536302566528
v 1.2666800022125244 0.14732299745082855 -1.0284099578857422
l 6205 6206 6207 6208 6209 6210 6211 6212 6213 6214 6215 6216 6217 6218 6219 6220 6221 6222 6223 6224 6225 6226 6227 6228 6229 6230 6231 6232 6233 6234 6235 6236 6237 
o Tracks_V3
v -0.002528439974412322 -0.009039520286023617 -0.05042940005660057
v 0.030473999679088593 -0.022788580507040024 0.009565645828843117
v 0.061922360211610794 -0.04110280051827431 0.07369150221347809
v 0.09178698062896729 -0.06369078904390335 0.14167365431785583
v 0.12003819644451141 -0.09026113152503967 0.21323758363723755
v 0.14664636552333832 -0.12052243947982788 0.28810879588127136
v 0.17158180475234985 -0.1541833132505417 0.36601272225379944
v 0.19481487572193146 -0.1909523606300354 0.4466749131679535
v 0.21631591022014618 -0.23053815960884094 0.5298207998275757
v 0.23605525493621826 -0.272649347782135 0.6151759624481201
v 0.25400325655937195 -0.31699448823928833 0.7024657726287842
v 0.2701302468776703 -0.3632822036743164 0.7914157509803772
v 0.28440654277801514 -0.41122108697891235 0.8817513585090637
v 0.2968025505542755 -0.4605197310447693 0.9731981754302979
v 0.3072885572910309 -0.5108867883682251 1.0654815435409546
v 0.3158349096775055 -0.5620307922363281 1.1583271026611328
v 0.3224119544029236 -0.6136603355407715 1.2514601945877075
v 0.3269900381565094 -0.6654840707778931 1.3446065187454224
v 0.3295395076274872 -0.717210590839386 1.4374912977218628
v 0.3300307095050812 -0.7685485482215881 1.529840111732483
v 0.32843396067619324 -0.8192064166069031 1.6213785409927368
v 0.3247196078300476 -0.8688928484916687 1.7118319272994995
v 0.3188580274581909 -0.9173164963722229 1.800925850868225
v 0.31081950664520264 -0.964185893535614 1.8883857727050781
v 0.3005744218826294 -1.0092097520828247 1.9739371538162231
v 0.28809309005737305 -1.0520964860916138 2.0573055744171143
v 0.2733458876609802 -1.0925549268722534 2.138216495513916
v 0.2563031017780304 -1.1302934885025024 2.216395139694214
v 0.23693513870239258 -1.1650208234786987 2.291567325592041
v 0.21521230041980743 -1.1964454650878906 2.3634583950042725
v 0.1911049336194992 -1.2242761850357056 2.4317939281463623
v 0.16458338499069214 -1.248221516609192 2.4962992668151855
v 0.13561800122261047 -1.267989993095398 2.5566999912261963
l 6238 6239 6240 6241 6242 6243 6244 6245 6246 6247 6248 6249 6250 6251 6252 6253 6254 6255 6256 6257 6258 6259 6260 6261 6262 6263 6264 6265 6266 6267 6268 6269 6270 
o Tracks_V3
v 0.0005487310118041933 -0.00003983400165452622 -0.06464959681034088
v 0.032791588455438614 -0.0065042744390666485 -0.10154059529304504
v 0.06688974797725677 -0.00963897816836834 -0.1409991830587387
v 0.10265568643808365 -0.009581555612385273 -0.18285416066646576
v 0.13990189135074615 -0.006469614803791046 -0.2269342839717865
v 0.17844082415103912 -0.0004407642118167132 -0.2730683386325836
v 0.21808497607707977 0.008367386646568775 -0.3210850954055786
v 0.25864681601524353 0.019817229360342026 -0.3708133399486542
v 0.299938827753067 0.033771153539419174 -0.4220818877220154
v 0.34177348017692566 0.05009155347943306 -0.47471943497657776
v 0.3839632570743561 0.0686408132314682 -0.5285548567771912
v 0.4263206422328949 0.08928133547306061 -0.5834168195724487
v 0.46865808963775635 0.1118755042552948 -0.6391341686248779
v 0.5107881426811218 0.1362857073545456 -0.6955357193946838
v 0.5525231957435608 0.162374347448349 -0.752450168132782
v 0.5936757326126099 0.19000379741191864 -0.8097063899040222
v 0.6340582966804504 0.21903645992279053 -0.8671330809593201
v 0.6734833121299744 0.24933472275733948 -0.9245589971542358
v 0.711763322353363 0.2807610034942627 -0.9818130135536194
v 0.7487106919288635 0.3131776452064514 -1.0387238264083862
v 0.784138023853302 0.34644705057144165 -1.0951203107833862
v 0.8178576827049255 0.3804316520690918 -1.1508311033248901
v 0.8496822714805603 0.4149937927722931 -1.205685019493103
v 0.8794240951538086 0.44999590516090393 -1.2595109939575195
v 0.9068958163261414 0.48530033230781555 -1.3121376037597656
v 0.9319097995758057 0.520769476890564 -1.363393783569336
v 0.9542785286903381 0.5562657713890076 -1.4131081104278564
v 0.9738145470619202 0.5916516184806824 -1.4611096382141113
v 0.9903302788734436 0.6267892718315125 -1.5072269439697266
v 1.0036382675170898 0.6615412831306458 -1.5512888431549072
v 1.013550877571106 0.6957699656486511 -1.5931241512298584
v 1.0198806524276733 0.729337751865387 -1.6325615644454956
v 1.022439956665039 0.7621070146560669 -1.6694300174713135
l 6271 6272 6273 6274 6275 6276 6277 6278 6279 6280 6281 6282 6283 6284 6285 6286 6287 6288 6289 6290 6291 6292 6293 6294 6295 6296 6297 6298 6299 6300 6301 6302 6303 
o Tracks_V3
v 0.0007448300020769238 0.0007236250094138086 0.012777799740433693
v 0.03168778121471405 -0.0025778706185519695 -0.0011311891721561551
v 0.06451557576656342 -0.003514222102239728 -0.0160315353423357
v 0.09906452894210815 -0.0021756223868578672 -0.03185740485787392
v 0.13517093658447266 0.001347735757008195 -0.048542965203523636
v 0.1726711243391037 0.0069656590931117535 -0.06602238118648529
v 0.21140137314796448 0.014587954618036747 -0.08422983437776566
v 0.25119802355766296 0.024124428629875183 -0.10309947282075882
v 0.29189735651016235 0.03548489138484001 -0.12256548553705215
v 0.3333356976509094 0.0485791452229023 -0.14256201684474945
v 0.37534934282302856 0.06331700086593628 -0.16302324831485748
v 0.41777461767196655 0.0796082615852356 -0.18388335406780243
v 0.4604477882385254 0.09736273437738419 -0.20507650077342987
v 0.5032052397727966 0.11649022996425629 -0.2265368402004242
v 0.5458831787109375 0.13690055906772614 -0.24819853901863098
v 0.5883179903030396 0.15850351750850677 -0.269995778799057
v 0.6303459405899048 0.18120892345905304 -0.29186275601387024
v 0.6718034148216248 0.20492658019065857 -0.3137335777282715
v 0.7125266194343567 0.2295662760734558 -0.3355424404144287
v 0.7523518800735474 0.2550378441810608 -0.3572235107421875
v 0.7911155819892883 0.28125110268592834 -0.3787109851837158
v 0.8286539316177368 0.30811581015586853 -0.3999389708042145
v 0.8648033142089844 0.33554181456565857 -0.42084169387817383
v 0.899399995803833 0.3634389042854309 -0.44135329127311707
v 0.9322803020477295 0.3917168974876404 -0.46140792965888977
v 0.9632804989814758 0.42028558254241943 -0.4809398055076599
v 0.9922369718551636 0.4490548074245453 -0.4998830556869507
v 1.0189859867095947 0.477934330701828 -0.5181718468666077
v 1.0433638095855713 0.5068339705467224 -0.5357403755187988
v 1.0652068853378296 0.5356635451316833 -0.5525227785110474
v 1.0843514204025269 0.564332902431488 -0.5684532523155212
v 1.1006336212158203 0.5927518010139465 -0.5834659337997437
v 1.1138900518417358 0.6208299994468689 -0.5974950194358826
l 6304 6305 6306 6307 6308 6309 6310 6311 6312 6313 6314 6315 6316 6317 6318 6319 6320 6321 6322 6323 6324 6325 6326 6327 6328 6329 6330 6331 6332 6333 6334 6335 6336 
o Tracks_V3
v 0.00020474300254136324 0.001190909999422729 -0.004756719805300236
v -0.0225365050137043 -0.020271051675081253 -0.033980026841163635
v -0.04540552943944931 -0.04404208064079285 -0.06497771292924881
v -0.06834448128938675 -0.06998921185731888 -0.09763160347938538
v -0.0912955105304718 -0.09797949343919754 -0.13182349503040314
v -0.11420076340436935 -0.12787996232509613 -0.16743521392345428
v -0.1370023936033249 -0.15955765545368195 -0.2043485790491104
v -0.1596425473690033 -0.1928796023130417 -0.24244537949562073
v -0.18206338584423065 -0.22771288454532623 -0.281607449054718
v -0.20420704782009125 -0.2639245092868805 -0.3217166066169739
v -0.22601568698883057 -0.30138149857521057 -0.3626546263694763
v -0.24743147194385529 -0.33995094895362854 -0.4043033719062805
v -0.2683965265750885 -0.3794998526573181 -0.4465446174144745
v -0.2888529896736145 -0.4198952913284302 -0.489260196685791
v -0.30874305963516235 -0.46100425720214844 -0.5323318839073181
v -0.32800886034965515 -0.5026938319206238 -0.5756415724754333
v -0.3465925455093384 -0.5448310375213623 -0.6190710067749023
v -0.36443623900413513 -0.5872829556465149 -0.6625020503997803
v -0.3814821243286133 -0.6299165487289429 -0.7058164477348328
v -0.3976723551750183 -0.6725988984107971 -0.748896062374115
v -0.4129490554332733 -0.7151970267295837 -0.7916227579116821
v -0.42725440859794617 -0.7575780749320984 -0.833878219127655
v -0.44053053855895996 -0.7996089458465576 -0.8755443096160889
v -0.4527195990085602 -0.8411567211151123 -0.9165028929710388
v -0.4637637436389923 -0.8820884823799133 -0.9566357731819153
v -0.47360512614250183 -0.9222712516784668 -0.9958246946334839
v -0.48218587040901184 -0.9615720510482788 -1.0339515209197998
v -0.4894481897354126 -0.9998579025268555 -1.0708980560302734
v -0.4953341782093048 -1.0369958877563477 -1.10654616355896
v -0.49978598952293396 -1.0728530883789062 -1.140777587890625
v -0.5027458071708679 -1.1072964668273926 -1.1734741926193237
v -0.5041557550430298 -1.1401931047439575 -1.2045177221298218
v -0.503957986831665 -1.1714099645614624 -1.2337900400161743
l 6337 6338 6339 6340 6341 6342 6343 6344 6345 6346 6347 6348 6349 6350 6351 6352 6353 6354 6355 6356 6357 6358 6359 6360 6361 6362 6363 6364 6365 6366 6367 6368 6369 
o Tracks_V3
v 0.002587720053270459 -0.0015039399731904268 -0.06221669912338257
v -0.02049422636628151 -0.023722805082798004 -0.09882935881614685
v -0.042843472212553024 -0.048844583332538605 -0.13779675960540771
v -0.06442723423242569 -0.07668892294168472 -0.1789618730545044
v -0.08521271497011185 -0.10707547515630722 -0.2221677303314209
v -0.10516712814569473 -0.13982389867305756 -0.26725733280181885
v -0.12425769120454788 -0.1747538149356842 -0.3140736520290375
v -0.14245161414146423 -0.21168489754199982 -0.3624596893787384
v -0.15971611440181732 -0.25043678283691406 -0.41225847601890564
v -0.1760183870792389 -0.2908291220664978 -0.4633129835128784
v -0.19132564961910248 -0.3326815664768219 -0.5154662728309631
v -0.2056051343679428 -0.375813752412796 -0.5685612559318542
v -0.21882402896881104 -0.4200453460216522 -0.6224409341812134
v -0.2309495508670807 -0.46519598364830017 -0.6769484281539917
v -0.2419489175081253 -0.5110853314399719 -0.7319266200065613
v -0.2517893314361572 -0.5575330257415771 -0.7872185111045837
v -0.2604380249977112 -0.6043586730957031 -0.8426671624183655
v -0.2678622007369995 -0.6513820290565491 -0.8981155753135681
v -0.27402904629707336 -0.6984226107597351 -0.9534066915512085
v -0.27890580892562866 -0.7453001737594604 -1.0083836317062378
v -0.28245967626571655 -0.79183429479599 -1.0628892183303833
v -0.28465786576271057 -0.837844729423523 -1.1167665719985962
v -0.28546759486198425 -0.8831509947776794 -1.1698585748672485
v -0.28485608100891113 -0.9275727868080139 -1.222008466720581
v -0.28279051184654236 -0.970929741859436 -1.2730590105056763
v -0.27923810482025146 -1.013041615486145 -1.3228533267974854
v -0.2741661071777344 -1.0537278652191162 -1.3712342977523804
v -0.26754170656204224 -1.0928082466125488 -1.4180450439453125
v -0.2593320906162262 -1.130102515220642 -1.4631285667419434
v -0.24950450658798218 -1.1654300689697266 -1.5063278675079346
v -0.23802615702152252 -1.198610782623291 -1.5474858283996582
v -0.22486425936222076 -1.2294641733169556 -1.5864455699920654
v -0.20998600125312805 -1.2578099966049194 -1.6230499744415283
l 6370 6371 6372 6373 6374 6375 6376 6377 6378 6379 6380 6381 6382 6383 6384 6385 6386 6387 6388 6389 6390 6391 6392 6393 6394 6395 6396 6397 6398 6399 6400 6401 6402 
o Tracks_V3
v -0.0033589000813663006 -0.011286200024187565 -0.02653140015900135
v 0.025256147608160973 -0.022245045751333237 -0.02281567081809044
v 0.05474397912621498 -0.035722631961107254 -0.018852515146136284
v 0.08499728888273239 -0.05159218981862068 -0.014658507890999317
v 0.11590877175331116 -0.06972694396972656 -0.010250222869217396
v 0.1473711133003235 -0.09000012278556824 -0.005644236225634813
v 0.17927701771259308 -0.11228495836257935 -0.0008571231737732887
v 0.21151915192604065 -0.13645467162132263 0.004094541538506746
v 0.2439902424812317 -0.16238248348236084 0.009194182232022285
v 0.2765829563140869 -0.1899416446685791 0.01442522369325161
v 0.3091900050640106 -0.21900536119937897 0.019771091639995575
v 0.3417040705680847 -0.24944686889648438 0.025215210393071175
v 0.3740178346633911 -0.28113940358161926 0.030741004273295403
v 0.4060240387916565 -0.3139561712741852 0.0363318994641304
v 0.437615305185318 -0.3477703928947449 0.041971318423748016
v 0.4686843454837799 -0.38245534896850586 0.04764268919825554
v 0.4991239011287689 -0.4178842008113861 0.053329434245824814
v 0.5288265943527222 -0.45393022894859314 0.059014976024627686
v 0.5576851963996887 -0.4904666543006897 0.0646827444434166
v 0.5855923295021057 -0.5273666977882385 0.07031616568565369
v 0.6124407052993774 -0.56450355052948 0.0758986547589302
v 0.6381230354309082 -0.6017504334449768 0.0814136490225792
v 0.6625320315361023 -0.6389806866645813 0.0868445634841919
v 0.6855602860450745 -0.6760674118995667 0.09217482805252075
v 0.7071006298065186 -0.7128838896751404 0.09738786518573761
v 0.7270456552505493 -0.7493033409118652 0.10246710479259491
v 0.745288074016571 -0.785198986530304 0.1073959618806839
v 0.761720597743988 -0.8204441070556641 0.11215787380933762
v 0.7762359380722046 -0.8549118638038635 0.11673624813556671
v 0.7887267470359802 -0.8884754776954651 0.12111452966928482
v 0.7990857362747192 -0.9210082292556763 0.1252761334180832
v 0.8072056174278259 -0.9523833394050598 0.12920448184013367
v 0.812978982925415 -0.9824740290641785 0.1328829973936081
l 6403 6404 6405 6406 6407 6408 6409 6410 6411 6412 6413 6414 6415 6416 6417 6418 6419 6420 6421 6422 6423 6424 6425 6426 6427 6428 6429 6430 6431 6432 6433 6434 6435 
o Tracks_V3
v 0.003463309956714511 -0.004804150201380253 0.010333400219678879
v 0.031812477856874466 0.006697577890008688 0.0035578941460698843
v 0.06287939101457596 0.014117845334112644 -0.003962178714573383
v 0.0964154377579689 0.01763874851167202 -0.01217770203948021
v 0.13217200338840485 0.017442382872104645 -0.021039558574557304
v 0.16990047693252563 0.013710848055779934 -0.030498633161187172
v 0.2093522548675537 0.006626236718147993 -0.04050580784678459
v 0.2502787113189697 -0.003629352431744337 -0.05101196467876434
v 0.2924312353134155 -0.01687382347881794 -0.061967987567186356
v 0.33556121587753296 -0.0329250805079937 -0.0733247622847557
v 0.37942004203796387 -0.05160102620720863 -0.08503317087888718
v 0.4237591028213501 -0.07271956652402878 -0.09704409539699554
v 0.4683297872543335 -0.09609860181808472 -0.10930841416120529
v 0.5128834843635559 -0.12155603617429733 -0.1217770203948021
v 0.5571715235710144 -0.1489097774028778 -0.13440079987049103
v 0.6009454131126404 -0.17797771096229553 -0.14713060855865479
v 0.6439564228057861 -0.20857776701450348 -0.15991736948490143
v 0.6859560012817383 -0.24052783846855164 -0.17271193861961365
v 0.7266955375671387 -0.27364581823349 -0.18546520173549652
v 0.7659264206886292 -0.3077496290206909 -0.19812805950641632
v 0.8033999800682068 -0.3426571786403656 -0.21065138280391693
v 0.8388676643371582 -0.37818634510040283 -0.22298604249954224
v 0.8720808625221252 -0.4141550362110138 -0.2350829392671585
v 0.902790904045105 -0.45038115978240967 -0.24689295887947083
v 0.930749237537384 -0.48668262362480164 -0.25836697220802307
v 0.9557072520256042 -0.5228773355484009 -0.26945585012435913
v 0.9774162769317627 -0.5587831735610962 -0.28011050820350647
v 0.9956277012825012 -0.5942180752754211 -0.29028183221817017
v 1.0100929737091064 -0.6289999485015869 -0.2999206781387329
v 1.0205634832382202 -0.6629467010498047 -0.3089779317378998
v 1.0267904996871948 -0.6958761215209961 -0.31740447878837585
v 1.0285255908966064 -0.7276062965393066 -0.3251512050628662
v 1.0255199670791626 -0.757955014705658 -0.3321689963340759
l 6436 6437 6438 6439 6440 6441 6442 6443 6444 6445 6446 6447 6448 6449 6450 6451 6452 6453 6454 6455 6456 6457 6458 6459 6460 6461 6462 6463 6464 6465 6466 6467 6468 
o Tracks_V3
v 0.0043794699013233185 -0.0045858100056648254 -0.06505359709262848
v 0.02919629029929638 0.014499190263450146 -0.046424463391304016
v 0.05377934128046036 0.03654005005955696 -0.026536302641034126
v 0.07807128131389618 0.061363231390714645 -0.005473326425999403
v 0.10201478004455566 0.08879518508911133 0.016680268570780754
v 0.1255524903535843 0.11866237223148346 0.03984028100967407
v 0.14862708747386932 0.1507912576198578 0.06392250955104828
v 0.17118124663829803 0.18500828742980957 0.08884274959564209
v 0.1931575983762741 0.22113990783691406 0.11451680958271027
v 0.214498832821846 0.2590126097202301 0.14086048305034637
v 0.2351476103067398 0.29845282435417175 0.16778956353664398
v 0.2550465762615204 0.33928701281547546 0.19521984457969666
v 0.2741384506225586 0.3813416361808777 0.22306714951992035
v 0.29236581921577454 0.42444315552711487 0.25124725699424744
v 0.3096713721752167 0.46841803193092346 0.27967599034309387
v 0.32599782943725586 0.5130926966667175 0.30826911330223083
v 0.341287761926651 0.5582936406135559 0.3369424641132355
v 0.35548391938209534 0.603847324848175 0.3656117916107178
v 0.36852890253067017 0.649580180644989 0.3941929340362549
v 0.38036543130874634 0.6953186392784119 0.42260169982910156
v 0.39093610644340515 0.7408892512321472 0.4507538378238678
v 0.40018364787101746 0.7861183285713196 0.4785652160644531
v 0.40805068612098694 0.8308324813842773 0.5059515833854675
v 0.4144798815250397 0.8748580813407898 0.5328287482261658
v 0.4194139242172241 0.9180216193199158 0.5591124892234802
v 0.42279547452926636 0.9601495265960693 0.584718644618988
v 0.42456716299057007 1.0010682344436646 0.6095629930496216
v 0.4246717095375061 1.0406043529510498 0.6335613131523132
v 0.42305171489715576 1.07858407497406 0.6566295027732849
v 0.4196498990058899 1.114834189414978 0.6786832213401794
v 0.4144088923931122 1.1491807699203491 0.6996383666992188
v 0.4072713851928711 1.181450605392456 0.7194106578826904
v 0.3981800079345703 1.2114700078964233 0.7379159927368164
l 6469 6470 6471 6472 6473 6474 6475 6476 6477 6478 6479 6480 6481 6482 6483 6484 6485 6486 6487 6488 6489 6490 6491 6492 6493 6494 6495 6496 6497 6498 6499 6500 6501 
o Tracks_V3
v 0.0008502019918523729 0.0005377500201575458 -0.04402970150113106
v 0.015049083158373833 0.029203549027442932 -0.020285943523049355
v 0.027140062302350998 0.0604940690100193 0.00519345048815012
v 0.03717626631259918 0.09421030431985855 0.03229357302188873
v 0.0452108308672905 0.13015325367450714 0.060899518430233
v 0.05129687860608101 0.16812390089035034 0.090896375477314
v 0.05548754334449768 0.2079232633113861 0.12216923385858536
v 0.057835955172777176 0.24935230612754822 0.15460318326950073
v 0.05839524045586586 0.29221203923225403 0.18808333575725555
v 0.0572185292840004 0.3363034725189209 0.22249475121498108
v 0.05435895174741745 0.3814275860786438 0.25772252678871155
v 0.049869634211063385 0.4273853600025177 0.2936517894268036
v 0.04380371421575546 0.47397780418395996 0.33016759157180786
v 0.03621431067585945 0.5210059285163879 0.3671550154685974
v 0.02715456113219261 0.568270742893219 0.40449920296669006
v 0.01667759381234646 0.6155731678009033 0.4420852065086365
v 0.004836534149944782 0.6627142429351807 0.4797981083393097
v -0.00831548497080803 0.709494948387146 0.5175230503082275
v -0.022725334390997887 0.7557163238525391 0.5551450848579407
v -0.03833988681435585 0.8011793494224548 0.5925492644309998
v -0.05510601028800011 0.8456850051879883 0.6296207904815674
v -0.07297057658433914 0.8890342712402344 0.666244626045227
v -0.09188045561313629 0.9310281276702881 0.7023059725761414
v -0.11178252100944519 0.9714676141738892 0.7376898527145386
v -0.13262364268302917 1.0101537704467773 0.7722814083099365
v -0.15435068309307098 1.0468875169754028 0.8059657216072083
v -0.17691051959991455 1.0814697742462158 0.838627815246582
v -0.20025001466274261 1.1137017011642456 0.8701528310775757
v -0.2243160605430603 1.1433842182159424 0.9004258513450623
v -0.24905550479888916 1.1703182458877563 0.9293320178985596
v -0.2744152247905731 1.1943049430847168 0.9567563533782959
v -0.3003421127796173 1.215145230293274 0.9825839996337891
v -0.3267830014228821 1.232640027999878 1.006700038909912
l 6502 6503 6504 6505 6506 6507 6508 6509 6510 6511 6512 6513 6514 6515 6516 6517 6518 6519 6520 6521 6522 6523 6524 6525 6526 6527 6528 6529 6530 6531 6532 6533 6534 
o Tracks_V3
v 0.017717400565743446 0.0008822180097922683 0.03448469936847687
v 0.01972975581884384 0.0329149067401886 0.055125389248132706
v 0.02660886012017727 0.06536680459976196 0.07767676562070847
v 0.038082487881183624 0.09810203313827515 0.10201176255941391
v 0.05387840420007706 0.13098467886447906 0.1280032992362976
v 0.07372438162565231 0.16387887299060822 0.15552429854869843
v 0.09734819084405899 0.1966487169265747 0.18444769084453583
v 0.12447760254144669 0.22915829718112946 0.21464639902114868
v 0.1548403799533844 0.26127174496650696 0.24599334597587585
v 0.18816429376602173 0.2928531765937805 0.2783614695072174
v 0.22417712211608887 0.32376667857170105 0.3116236925125122
v 0.2626066505908966 0.35387635231018066 0.3456529378890991
v 0.30318060517311096 0.38304632902145386 0.38032209873199463
v 0.3456267714500427 0.41114068031311035 0.4155041575431824
v 0.3896729350090027 0.43802356719970703 0.45107200741767883
v 0.43504688143730164 0.4635590612888336 0.48689860105514526
v 0.4814763367176056 0.4876112937927246 0.5228568315505981
v 0.5286890864372253 0.5100443363189697 0.558819591999054
v 0.5764129161834717 0.5307223200798035 0.5946599245071411
v 0.624375581741333 0.5495093464851379 0.6302506327629089
v 0.6723048686981201 0.5662695169448853 0.6654646992683411
v 0.719928503036499 0.5808669924736023 0.7001750469207764
v 0.7669743299484253 0.5931658148765564 0.7342545986175537
v 0.8131700754165649 0.6030300855636597 0.7675763368606567
v 0.858243465423584 0.610323965549469 0.8000130653381348
v 0.901922345161438 0.6149115562438965 0.8314377665519714
v 0.943934440612793 0.6166568994522095 0.8617234230041504
v 0.9840075373649597 0.6154242157936096 0.890742838382721
v 1.021869421005249 0.6110774874687195 0.9183690547943115
v 1.0572478771209717 0.6034809350967407 0.9444749355316162
v 1.089870572090149 0.5924986004829407 0.9689334630966187
v 1.1194653511047363 0.5779945850372314 0.9916175007820129
v 1.1457600593566895 0.5598329901695251 1.0124000310897827
l 6535 6536 6537 6538 6539 6540 6541 6542 6543 6544 6545 6546 6547 6548 6549 6550 6551 6552 6553 6554 6555 6556 6557 6558 6559 6560 6561 6562 6563 6564 6565 6566 6567 
o Tracks_V3
v 0.04599760100245476 -0.02993600070476532 0.019971799105405807
v 0.0569562166929245 -0.014675877057015896 0.09582416713237762
v 0.06927274167537689 0.0007100983639247715 0.1760295033454895
v 0.08287244290113449 0.016183247789740562 0.26029783487319946
v 0.09768060594797134 0.03170489892363548 0.3483392000198364
v 0.1136225089430809 0.047236368060112 0.4398636817932129
v 0.13062343001365662 0.06273898482322693 0.5345813035964966
v 0.14860863983631134 0.07817406952381134 0.6322020888328552
v 0.16750341653823853 0.0935029536485672 0.7324360609054565
v 0.1872330605983734 0.10868694633245468 0.834993302822113
v 0.20772281289100647 0.12368738651275635 0.9395838975906372
v 0.22889797389507294 0.13846558332443237 1.0459178686141968
v 0.25068381428718567 0.15298286080360413 1.15370512008667
v 0.2730056345462799 0.16720056533813477 1.2626558542251587
v 0.2957886755466461 0.18107999861240387 1.372480034828186
v 0.31895822286605835 0.1945824772119522 1.482887864112854
v 0.34243959188461304 0.20766934752464294 1.593589186668396
v 0.36615800857543945 0.22030192613601685 1.7042940855026245
v 0.39003878831863403 0.2324415147304535 1.814712643623352
v 0.41400718688964844 0.24404947459697723 1.9245548248291016
v 0.4379885196685791 0.25508710741996765 2.0335309505462646
v 0.4619080126285553 0.2655157148838043 2.141350746154785
v 0.4856909513473511 0.2752966582775116 2.2477242946624756
v 0.5092626810073853 0.28439125418663025 2.3523616790771484
v 0.5325483679771423 0.29276081919670105 2.454972982406616
v 0.5554733872413635 0.30036666989326477 2.5552685260772705
v 0.5779629349708557 0.30717015266418457 2.6529576778411865
v 0.5999423861503601 0.31313255429267883 2.747750997543335
v 0.6213369369506836 0.3182152211666107 2.8393585681915283
v 0.6420719027519226 0.322379469871521 2.927490234375
v 0.6620725393295288 0.3255866467952728 3.0118558406829834
v 0.6812641620635986 0.3277980387210846 3.09216570854187
v 0.6995720267295837 0.32897499203681946 3.1681299209594727
l 6568 6569 6570 6571 6572 6573 6574 6575 6576 6577 6578 6579 6580 6581 6582 6583 6584 6585 6586 6587 6588 6589 6590 6591 6592 6593 6594 6595 6596 6597 6598 6599 6600 
o Tracks_V3
v 0.0007232580101117492 0.0003471749951131642 -0.04466079920530319
v -0.030305052176117897 -0.0003550034307409078 -0.11542821675539017
v -0.06302642822265625 -0.0019455270376056433 -0.19024163484573364
v -0.09732098877429962 -0.00439333776012063 -0.26883137226104736
v -0.13306882977485657 -0.00766737712547183 -0.3509277105331421
v -0.17015007138252258 -0.011736586689949036 -0.43626096844673157
v -0.20844481885433197 -0.01656990870833397 -0.5245614647865295
v -0.24783319234848022 -0.02213628590106964 -0.6155593991279602
v -0.28819528222084045 -0.028404658660292625 -0.7089852094650269
v -0.32941120862960815 -0.035343967378139496 -0.8045691251754761
v -0.37136110663414 -0.042923156172037125 -0.9020414352416992
v -0.41392505168914795 -0.051111169159412384 -1.0011324882507324
v -0.45698314905166626 -0.0598769411444664 -1.1015725135803223
v -0.500415563583374 -0.06918942183256149 -1.2030918598175049
v -0.5441023111343384 -0.07901754230260849 -1.3054208755493164
v -0.5879235863685608 -0.08933025598526001 -1.4082897901535034
v -0.6317594647407532 -0.10009650141000748 -1.5114288330078125
v -0.6754900813102722 -0.11128521710634232 -1.6145684719085693
v -0.7189955115318298 -0.12286534905433655 -1.7174389362335205
v -0.7621558308601379 -0.134805828332901 -1.8197705745697021
v -0.8048512935638428 -0.1470756083726883 -1.9212934970855713
v -0.8469618558883667 -0.15964363515377045 -2.021738290786743
v -0.8883676528930664 -0.1724788397550583 -2.120835065841675
v -0.9289488792419434 -0.18555016815662384 -2.2183141708374023
v -0.9685856103897095 -0.19882655143737793 -2.313905715942383
v -1.0071579217910767 -0.21227695047855377 -2.4073405265808105
v -1.0445458889007568 -0.2258702963590622 -2.4983482360839844
v -1.0806297063827515 -0.23957552015781403 -2.5866596698760986
v -1.1152894496917725 -0.2533615827560425 -2.6720049381256104
v -1.1484053134918213 -0.2671974301338196 -2.7541141510009766
v -1.1798572540283203 -0.28105199337005615 -2.8327178955078125
v -1.209525465965271 -0.29489418864250183 -2.9075465202331543
v -1.2372900247573853 -0.308692991733551 -2.97832989692688
l 6601 6602 6603 6604 6605 6606 6607 6608 6609 6610 6611 6612 6613 6614 6615 6616 6617 6618 6619 6620 6621 6622 6623 6624 6625 6626 6627 6628 6629 6630 6631 6632 6633 
o Tracks_V3
v -0.0019394400296732783 -0.0116670997813344 0.0021233500447124243
v 0.022108502686023712 -0.017653480172157288 -0.07417963445186615
v 0.04697681590914726 -0.02530967816710472 -0.15488460659980774
v 0.07258009165525436 -0.034560006111860275 -0.23969827592372894
v 0.09883290529251099 -0.0453287772834301 -0.3283272981643677
v 0.1256498545408249 -0.05754030495882034 -0.4204784035682678
v 0.15294553339481354 -0.07111890614032745 -0.5158582329750061
v 0.1806345134973526 -0.08598889410495758 -0.6141735315322876
v 0.20863138139247894 -0.10207457840442657 -0.7151308655738831
v 0.23685075342655182 -0.11930027604103088 -0.8184370994567871
v 0.2652071714401245 -0.13759030401706696 -0.9237987995147705
v 0.29361528158187866 -0.15686896443367004 -1.0309226512908936
v 0.32198959589004517 -0.1770605742931366 -1.1395153999328613
v 0.35024479031562805 -0.19808945059776306 -1.2492836713790894
v 0.378295361995697 -0.21987992525100708 -1.3599342107772827
v 0.4060559570789337 -0.24235627055168152 -1.471173644065857
v 0.433441162109375 -0.2654428482055664 -1.582708716392517
v 0.46036556363105774 -0.2890639305114746 -1.6942460536956787
v 0.4867437183856964 -0.31314384937286377 -1.8054924011230469
v 0.5124902129173279 -0.33760690689086914 -1.9161545038223267
v 0.5375196933746338 -0.36237743496894836 -2.0259389877319336
v 0.5617466568946838 -0.3873797357082367 -2.134552240371704
v 0.5850858092308044 -0.4125381410121918 -2.241701602935791
v 0.6074516177177429 -0.43777695298194885 -2.347093105316162
v 0.6287587881088257 -0.4630204439163208 -2.4504337310791016
v 0.6489217877388 -0.48819300532341003 -2.5514304637908936
v 0.6678552627563477 -0.513218879699707 -2.649789333343506
v 0.6854737997055054 -0.5380224585533142 -2.7452175617218018
v 0.7016919851303101 -0.5625279545783997 -2.8374216556549072
v 0.7164244055747986 -0.5866597294807434 -2.9261081218719482
v 0.7295856475830078 -0.6103421449661255 -3.010983943939209
v 0.7410903573036194 -0.6334994435310364 -3.0917556285858154
v 0.7508530020713806 -0.6560559868812561 -3.1681299209594727
l 6634 6635 6636 6637 6638 6639 6640 6641 6642 6643 6644 6645 6646 6647 6648 6649 6650 6651 6652 6653 6654 6655 6656 6657 6658 6659 6660 6661 6662 6663 6664 6665 6666 
o Tracks_V3
v -0.0004048380069434643 -0.01274619996547699 -0.03589089959859848
v 0.02697313018143177 -0.016391772776842117 -0.11079235374927521
v 0.05499184876680374 -0.02268780581653118 -0.19013550877571106
v 0.0835481509566307 -0.03150864318013191 -0.273624449968338
v 0.11253886669874191 -0.042728621512651443 -0.36096325516700745
v 0.14186082780361176 -0.05622207745909691 -0.4518560767173767
v 0.17141087353229523 -0.07186335325241089 -0.546006977558136
v 0.20108583569526672 -0.08952679485082626 -0.6431199908256531
v 0.23078255355358124 -0.10908672958612442 -0.7428992986679077
v 0.26039785146713257 -0.13041749596595764 -0.8450490236282349
v 0.2898285388946533 -0.1533934473991394 -0.9492731690406799
v 0.3189714848995209 -0.1778889149427414 -1.055275797843933
v 0.34772351384162903 -0.2037782371044159 -1.1627612113952637
v 0.3759814500808716 -0.23093575239181519 -1.2714332342147827
v 0.4036421477794647 -0.25923579931259155 -1.3809961080551147
v 0.43060240149497986 -0.28855273127555847 -1.4911539554595947
v 0.4567590653896332 -0.31876087188720703 -1.6016108989715576
v 0.4820089638233185 -0.3497345745563507 -1.7120708227157593
v 0.506248950958252 -0.3813481628894806 -1.8222380876541138
v 0.5293758511543274 -0.41347596049308777 -1.931816577911377
v 0.5512864589691162 -0.4459923505783081 -2.040510416030884
v 0.5718777179718018 -0.4787716567516327 -2.148023843765259
v 0.5910462737083435 -0.5116881728172302 -2.254060983657837
v 0.6086891293525696 -0.5446163415908813 -2.358325719833374
v 0.6247031092643738 -0.5774303674697876 -2.460522174835205
v 0.6389849185943604 -0.610004723072052 -2.560354471206665
v 0.6514315009117126 -0.6422136425971985 -2.657526969909668
v 0.6619396209716797 -0.6739315390586853 -2.7517433166503906
v 0.6704061627388 -0.7050327062606812 -2.842708110809326
v 0.6767279505729675 -0.7353914976119995 -2.9301247596740723
v 0.6808017492294312 -0.7648822665214539 -3.013698101043701
v 0.6825245022773743 -0.7933793067932129 -3.0931317806243896
v 0.6817929744720459 -0.8207569718360901 -3.1681299209594727
l 6667 6668 6669 6670 6671 6672 6673 6674 6675 6676 6677 6678 6679 6680 6681 6682 6683 6684 6685 6686 6687 6688 6689 6690 6691 6692 6693 6694 6695 6696 6697 6698 6699 
o Tracks_V3
v -0.018265699967741966 0.03007970005273819 -0.17451199889183044
v -0.04318244010210037 0.012026814743876457 -0.24557118117809296
v -0.06692229956388474 -0.00917593389749527 -0.320974200963974
v -0.08946601301431656 -0.0333281047642231 -0.40043172240257263
v -0.11079432815313339 -0.06022924557328224 -0.48365452885627747
v -0.1308879852294922 -0.08967892080545425 -0.5703533291816711
v -0.1497277319431305 -0.1214766800403595 -0.6602388024330139
v -0.16729430854320526 -0.15542207658290863 -0.7530217170715332
v -0.18356846272945404 -0.1913146823644638 -0.848412811756134
v -0.19853092730045319 -0.2289540320634842 -0.9461227655410767
v -0.21216246485710144 -0.26813969016075134 -1.0458623170852661
v -0.22444379329681396 -0.3086712062358856 -1.1473422050476074
v -0.2353556603193283 -0.3503481447696686 -1.2502732276916504
v -0.2448788285255432 -0.3929700553417206 -1.3543659448623657
v -0.25299403071403503 -0.436336487531662 -1.4593311548233032
v -0.2596819996833801 -0.48024702072143555 -1.5648796558380127
v -0.26492348313331604 -0.5245012044906616 -1.6707221269607544
v -0.2686992287635803 -0.5688985586166382 -1.7765692472457886
v -0.2709899842739105 -0.6132386326789856 -1.8821316957473755
v -0.2717764675617218 -0.6573210954666138 -1.9871203899383545
v -0.2710394561290741 -0.7009453773498535 -2.0912458896636963
v -0.26875969767570496 -0.7439110279083252 -2.194218873977661
v -0.26491788029670715 -0.7860177159309387 -2.295750379562378
v -0.259494811296463 -0.8270649313926697 -2.3955507278442383
v -0.2524711787700653 -0.8668521642684937 -2.493330955505371
v -0.24382776021957397 -0.9051790833473206 -2.588801383972168
v -0.23354528844356537 -0.941845178604126 -2.681673288345337
v -0.22160451114177704 -0.976650059223175 -2.7716569900512695
v -0.20798617601394653 -1.0093932151794434 -2.8584635257720947
v -0.192671000957489 -1.0398741960525513 -2.941803216934204
v -0.17563976347446442 -1.0678926706314087 -3.0213871002197266
v -0.1568731814622879 -1.0932481288909912 -3.096925735473633
v -0.13635200262069702 -1.1157399415969849 -3.1681299209594727
l 6700 6701 6702 6703 6704 6705 6706 6707 6708 6709 6710 6711 6712 6713 6714 6715 6716 6717 6718 6719 6720 6721 6722 6723 6724 6725 6726 6727 6728 6729 6730 6731 6732 
o Tracks_V3
v 0.004371770191937685 -0.001525109983049333 -0.09377170354127884
v -0.00998688954859972 -0.024264002218842506 -0.1676240861415863
v -0.026484651491045952 -0.04712599143385887 -0.24577119946479797
v -0.045005302876234055 -0.0700521245598793 -0.3279269337654114
v -0.06543264538049698 -0.09298347681760788 -0.41380518674850464
v -0.08765045553445816 -0.11586108803749084 -0.5031198263168335
v -0.11154253780841827 -0.13862602412700653 -0.5955847501754761
v -0.1369926780462265 -0.16121934354305267 -0.6909139156341553
v -0.16388465464115143 -0.1835820972919464 -0.7888211011886597
v -0.19210228323936462 -0.20565535128116608 -0.8890202641487122
v -0.22152934968471527 -0.2273801565170288 -0.9912252426147461
v -0.25204962491989136 -0.24869757890701294 -1.0951499938964844
v -0.28354692459106445 -0.2695486545562744 -1.2005083560943604
v -0.31590503454208374 -0.28987446427345276 -1.3070143461227417
v -0.3490077555179596 -0.3096160590648651 -1.4143816232681274
v -0.38273885846138 -0.3287144899368286 -1.5223243236541748
v -0.41698211431503296 -0.3471108376979828 -1.6305561065673828
v -0.4516213834285736 -0.3647461235523224 -1.7387909889221191
v -0.48654037714004517 -0.38156139850616455 -1.846742868423462
v -0.5216229557991028 -0.3974977731704712 -1.9541256427764893
v -0.5567528605461121 -0.41249626874923706 -2.0606532096862793
v -0.5918139219284058 -0.4264979362487793 -2.166039228439331
v -0.6266899108886719 -0.4394438564777374 -2.2699978351593018
v -0.6612645983695984 -0.4512750804424286 -2.3722429275512695
v -0.6954218149185181 -0.4619326591491699 -2.4724884033203125
v -0.7290453314781189 -0.47135764360427856 -2.570448160171509
v -0.7620189785957336 -0.47949111461639404 -2.6658358573913574
v -0.7942264676094055 -0.4862740933895111 -2.7583656311035156
v -0.8255516290664673 -0.4916476905345917 -2.8477511405944824
v -0.8558782935142517 -0.4955528974533081 -2.933706521987915
v -0.8850902318954468 -0.4979308247566223 -3.0159454345703125
v -0.9130712151527405 -0.49872249364852905 -3.094182014465332
v -0.9397050142288208 -0.49786901473999023 -3.1681299209594727
l 6733 6734 6735 6736 6737 6738 6739 6740 6741 6742 6743 6744 6745 6746 6747 6748 6749 6750 6751 6752 6753 6754 6755 6756 6757 6758 6759 6760 6761 6762 6763 6764 6765 
o Tracks_V3
v -0.0019532800652086735 -0.000687749998178333 -0.026285599917173386
v -0.011825799010694027 0.018316011875867844 -0.10197534412145615
v -0.023177476599812508 0.0377349816262722 -0.18201223015785217
v -0.03593232482671738 0.057512130588293076 -0.26610663533210754
v -0.05001435428857803 0.07759042829275131 -0.353969007730484
v -0.0653475821018219 0.09791285544633865 -0.44530969858169556
v -0.08185601234436035 0.11842237412929535 -0.5398391485214233
v -0.09946365654468536 0.13906195759773254 -0.6372677087783813
v -0.11809452623128891 0.15977458655834198 -0.7373058199882507
v -0.13767264783382416 0.1805032193660736 -0.8396639227867126
v -0.1581220030784607 0.20119082927703857 -0.9440523386001587
v -0.17936663329601288 0.22178040444850922 -1.05018150806427
v -0.2013305425643921 0.24221490323543549 -1.157761812210083
v -0.2239377349615097 0.26243728399276733 -1.2665036916732788
v -0.2471122145652771 0.2823905646800995 -1.3761175870895386
v -0.27077800035476685 0.3020176589488983 -1.4863137006759644
v -0.2948591411113739 0.32126158475875854 -1.5968027114868164
v -0.31927958130836487 0.3400653004646301 -1.7072948217391968
v -0.3439633548259735 0.3583717346191406 -1.8175005912780762
v -0.368834525346756 0.37612393498420715 -1.9271302223205566
v -0.3938170373439789 0.3932648301124573 -2.0358941555023193
v -0.418834924697876 0.40973740816116333 -2.143503189086914
v -0.44381219148635864 0.4254845976829529 -2.249667167663574
v -0.46867287158966064 0.44044944643974304 -2.3540966510772705
v -0.49334096908569336 0.454574853181839 -2.4565021991729736
v -0.5177404880523682 0.46780383586883545 -2.556594133377075
v -0.5417954325675964 0.4800793528556824 -2.654082775115967
v -0.5654298663139343 0.4913443624973297 -2.748678684234619
v -0.5885677337646484 0.5015418529510498 -2.840092182159424
v -0.6111330389976501 0.5106147527694702 -2.9280335903167725
v -0.6330499053001404 0.5185061097145081 -3.0122134685516357
v -0.6542421579360962 0.5251588821411133 -3.0923421382904053
v -0.6746339797973633 0.5305160284042358 -3.1681299209594727
l 6766 6767 6768 6769 6770 6771 6772 6773 6774 6775 6776 6777 6778 6779 6780 6781 6782 6783 6784 6785 6786 6787 6788 6789 6790 6791 6792 6793 6794 6795 6796 6797 6798 
o Tracks_V3
v -0.006613160017877817 -0.004205570090562105 -0.027407700195908546
v -0.01673303358256817 0.0108486982062459 -0.10325215011835098
v -0.027724426239728928 0.026537669822573662 -0.18341319262981415
v -0.03953853249549866 0.04281023144721985 -0.2676030695438385
v -0.05212654173374176 0.059615276753902435 -0.35553401708602905
v -0.06543964892625809 0.07690168917179108 -0.446918249130249
v -0.07942905277013779 0.09461835771799088 -0.5414679646492004
v -0.09404594451189041 0.11271417886018753 -0.6388955116271973
v -0.10924151539802551 0.13113802671432495 -0.7389129996299744
v -0.12496696412563324 0.14983880519866943 -0.8412327170372009
v -0.14117348194122314 0.1687653809785843 -0.9455668926239014
v -0.15781225264072418 0.187866672873497 -1.0516277551651
v -0.1748344749212265 0.2070915549993515 -1.1591274738311768
v -0.19219136238098145 0.22638890147209167 -1.2677783966064453
v -0.20983408391475677 0.24570761620998383 -1.3772926330566406
v -0.22771383821964264 0.26499658823013306 -1.4873825311660767
v -0.2457818239927292 0.2842046916484833 -1.5977602005004883
v -0.26398923993110657 0.30328086018562317 -1.7081379890441895
v -0.28228726983070374 0.32217392325401306 -1.8182281255722046
v -0.30062711238861084 0.34083279967308044 -1.9277427196502686
v -0.31895995140075684 0.35920634865760803 -2.0363941192626953
v -0.33723700046539307 0.3772435188293457 -2.1438944339752197
v -0.3554094433784485 0.3948931396007538 -2.249955892562866
v -0.37342846393585205 0.41210412979125977 -2.3542909622192383
v -0.3912452757358551 0.42882537841796875 -2.4566118717193604
v -0.4088110327720642 0.44500577449798584 -2.5566303730010986
v -0.4260769784450531 0.46059417724609375 -2.6540591716766357
v -0.44299429655075073 0.47553950548171997 -2.748610258102417
v -0.45951414108276367 0.4897906482219696 -2.839996099472046
v -0.47558775544166565 0.5032964944839478 -2.9279286861419678
v -0.49116629362106323 0.5160058736801147 -3.012120485305786
v -0.5062009692192078 0.5278677344322205 -3.0922834873199463
v -0.5206429958343506 0.5388309955596924 -3.1681299209594727
l 6799 6800 6801 6802 6803 6804 6805 6806 6807 6808 6809 6810 6811 6812 6813 6814 6815 6816 6817 6818 6819 6820 6821 6822 6823 6824 6825 6826 6827 6828 6829 6830 6831 
o Tracks_V3
v -0.0020172400400042534 0.03319549933075905 -0.2971569895744324
v -0.025597188621759415 0.03210929036140442 -0.3660915791988373
v -0.05029451847076416 0.03263004869222641 -0.4390415847301483
v -0.07600720971822739 0.03469737991690636 -0.5157395005226135
v -0.10263324528932571 0.0382508784532547 -0.5959179401397705
v -0.13007061183452606 0.04323015362024307 -0.6793093681335449
v -0.15821726620197296 0.049574803560972214 -0.7656463980674744
v -0.18697121739387512 0.05722443014383316 -0.8546615839004517
v -0.21623043715953827 0.06611863523721695 -0.9460874199867249
v -0.24589291214942932 0.07619701325893402 -1.039656400680542
v -0.275856614112854 0.08739917725324631 -1.135101318359375
v -0.30601951479911804 0.09966472536325455 -1.232154369354248
v -0.33627960085868835 0.11293325573205948 -1.3305484056472778
v -0.36653488874435425 0.12714438140392303 -1.4300158023834229
v -0.39668330550193787 0.14223767817020416 -1.5302891731262207
v -0.4266228973865509 0.158152773976326 -1.6311010122299194
v -0.4562515616416931 0.17482925951480865 -1.7321839332580566
v -0.4854673445224762 0.1922067403793335 -1.8332703113555908
v -0.5141682028770447 0.21022480726242065 -1.9340929985046387
v -0.5422521233558655 0.22882306575775146 -2.034384250640869
v -0.5696170926094055 0.24794113636016846 -2.1338768005371094
v -0.5961610674858093 0.2675185799598694 -2.2323031425476074
v -0.6217820644378662 0.28749504685401917 -2.3293957710266113
v -0.6463780403137207 0.30781012773513794 -2.424887180328369
v -0.6698469519615173 0.32840338349342346 -2.518510103225708
v -0.6920868754386902 0.34921443462371826 -2.609997034072876
v -0.7129956483840942 0.37018293142318726 -2.699080467224121
v -0.7324714064598083 0.3912484049797058 -2.7854928970336914
v -0.7504119873046875 0.41235050559043884 -2.868966817855835
v -0.7667154669761658 0.4334287941455841 -2.949235200881958
v -0.7812798619270325 0.4544229209423065 -3.0260300636291504
v -0.7940030097961426 0.47527244687080383 -3.0990841388702393
v -0.8047829866409302 0.4959169924259186 -3.1681299209594727
l 6832 6833 6834 6835 6836 6837 6838 6839 6840 6841 6842 6843 6844 6845 6846 6847 6848 6849 6850 6851 6852 6853 6854 6855 6856 6857 6858 6859 6860 6861 6862 6863 6864 
o Tracks_V3
v 0.004404160194098949 -0.0028752200305461884 -0.04063289985060692
v -0.01648116670548916 -0.026035115122795105 -0.07651091367006302
v -0.0374264195561409 -0.05139801278710365 -0.11451639235019684
v -0.05838223174214363 -0.07883426547050476 -0.15450753271579742
v -0.07929924130439758 -0.10821423679590225 -0.19634252786636353
v -0.10012809187173843 -0.13940826058387756 -0.23987959325313568
v -0.12081940472126007 -0.172286719083786 -0.28497692942619324
v -0.14132383465766907 -0.20671994984149933 -0.33149272203445435
v -0.1615920066833496 -0.24257829785346985 -0.37928521633148193
v -0.18157455325126648 -0.2797321379184723 -0.42821255326271057
v -0.20122212171554565 -0.31805184483528137 -0.478132963180542
v -0.22048534452915192 -0.35740771889686584 -0.5289046764373779
v -0.23931486904621124 -0.39767012000083923 -0.5803858041763306
v -0.2576613128185272 -0.43870946764945984 -0.6324346661567688
v -0.27547532320022583 -0.480396032333374 -0.6849094033241272
v -0.29270753264427185 -0.5226002335548401 -0.7376682162284851
v -0.30930858850479126 -0.5651924014091492 -0.7905693054199219
v -0.32522910833358765 -0.6080428957939148 -0.8434708714485168
v -0.340419739484787 -0.6510220766067505 -0.8962311148643494
v -0.35483112931251526 -0.694000244140625 -0.9487082958221436
v -0.36841392517089844 -0.7368478178977966 -1.000760555267334
v -0.3811187148094177 -0.7794351577758789 -1.05224609375
v -0.3928961753845215 -0.8216325640678406 -1.1030230522155762
v -0.4036968946456909 -0.8633104562759399 -1.1529498100280762
v -0.4134715795516968 -0.9043391346931458 -1.2018845081329346
v -0.42217084765434265 -0.9445889592170715 -1.2496851682662964
v -0.42974528670310974 -0.9839302897453308 -1.2962101697921753
v -0.4361456036567688 -1.022233486175537 -1.3413177728652954
v -0.44132235646247864 -1.0593689680099487 -1.3848659992218018
v -0.44522625207901 -1.0952069759368896 -1.4267131090164185
v -0.4478079080581665 -1.1296179294586182 -1.4667173624038696
v -0.4490179419517517 -1.162472128868103 -1.5047369003295898
v -0.4488070011138916 -1.1936399936676025 -1.5406299829483032
l 6865 6866 6867 6868 6869 6870 6871 6872 6873 6874 6875 6876 6877 6878 6879 6880 6881 6882 6883 6884 6885 6886 6887 6888 6889 6890 6891 6892 6893 6894 6895 6896 6897 
o Tracks_V3
v -0.008591010235249996 -0.0035775299184024334 0.40906399488449097
v 0.0026287706568837166 -0.03457723930478096 0.4395853281021118
v 0.00985488947480917 -0.06788165122270584 0.4725370407104492
v 0.013258272781968117 -0.10326258093118668 0.5077561140060425
v 0.013009851798415184 -0.1404918134212494 0.5450794696807861
v 0.00928055215626955 -0.1793411523103714 0.5843440890312195
v 0.002241304609924555 -0.21958240866661072 0.6253868937492371
v -0.007936963811516762 -0.26098737120628357 0.6680448651313782
v -0.021083325147628784 -0.3033278286457062 0.7121549248695374
v -0.03702685236930847 -0.34637558460235596 0.7575540542602539
v -0.05559661239385605 -0.3899024724960327 0.8040791749954224
v -0.07662168145179749 -0.4336802363395691 0.851567268371582
v -0.09993112832307816 -0.4774807393550873 0.8998552560806274
v -0.12535402178764343 -0.5210757255554199 0.9487800598144531
v -0.1527194380760193 -0.5642369985580444 0.9981787204742432
v -0.1818564534187317 -0.606736421585083 1.047888159751892
v -0.212594136595726 -0.6483457088470459 1.0977452993392944
v -0.24476155638694763 -0.6888367533683777 1.1475870609283447
v -0.2781877815723419 -0.7279812693595886 1.197250485420227
v -0.31270188093185425 -0.7655510306358337 1.2465723752975464
v -0.3481329381465912 -0.8013179898262024 1.2953898906707764
v -0.3843100368976593 -0.8350538015365601 1.343539834022522
v -0.4210622012615204 -0.8665302991867065 1.3908592462539673
v -0.4582185447216034 -0.8955193161964417 1.4371849298477173
v -0.4956081211566925 -0.9217926263809204 1.482353925704956
v -0.5330600142478943 -0.9451220631599426 1.5262032747268677
v -0.5704032778739929 -0.9652794003486633 1.5685698986053467
v -0.6074670553207397 -0.9820364117622375 1.609290599822998
v -0.6440802812576294 -0.9951649308204651 1.6482024192810059
v -0.6800721287727356 -1.004436731338501 1.6851422786712646
v -0.7152716517448425 -1.009623646736145 1.7199472188949585
v -0.7495079040527344 -1.0104974508285522 1.752454161643982
v -0.7826099991798401 -1.0068299770355225 1.7825000286102295
l 6898 6899 6900 6901 6902 6903 6904 6905 6906 6907 6908 6909 6910 6911 6912 6913 6914 6915 6916 6917 6918 6919 6920 6921 6922 6923 6924 6925 6926 6927 6928 6929 6930 
o Tracks_V3
v -0.07176560163497925 -0.04548640176653862 0.26327499747276306
v -0.05700303986668587 -0.07202804088592529 0.28510206937789917
v -0.04458858445286751 -0.10129420459270477 0.30859193205833435
v -0.0344565249979496 -0.13307347893714905 0.3336339294910431
v -0.026541152969002724 -0.1671544760465622 0.3601174056529999
v -0.02077675797045231 -0.2033257633447647 0.3879317343235016
v -0.017097635194659233 -0.24137593805789948 0.4169662594795227
v -0.015438075177371502 -0.2810935974121094 0.44711029529571533
v -0.01573237031698227 -0.3222673535346985 0.47825324535369873
v -0.01791481301188469 -0.3646857440471649 0.510284423828125
v -0.021919691935181618 -0.40813741087913513 0.543093204498291
v -0.02768130414187908 -0.4524109363555908 0.5765689015388489
v -0.03513393923640251 -0.49729493260383606 0.6106008887290955
v -0.04421188682317734 -0.5425779223442078 0.6450785398483276
v -0.05484944209456444 -0.5880485773086548 0.6798911690711975
v -0.06698089838027954 -0.6334954500198364 0.714928150177002
v -0.08054053783416748 -0.6787071228027344 0.7500787973403931
v -0.09546266496181488 -0.7234721779823303 0.7852324843406677
v -0.11168156564235687 -0.7675792574882507 0.820278525352478
v -0.12913154065608978 -0.8108169436454773 0.8551063537597656
v -0.14774686098098755 -0.8529738187789917 0.8896052241325378
v -0.1674618422985077 -0.8938384652137756 0.9236645698547363
v -0.18821075558662415 -0.9331994652748108 0.9571737051010132
v -0.20992791652679443 -0.9708454012870789 0.9900219440460205
v -0.2325475960969925 -1.0065648555755615 1.0220986604690552
v -0.25600409507751465 -1.0401465892791748 1.053293228149414
v -0.28023168444633484 -1.0713789463043213 1.083495020866394
v -0.3051646947860718 -1.100050687789917 1.1125932931900024
v -0.3307374119758606 -1.1259503364562988 1.1404774188995361
v -0.35688409209251404 -1.1488665342330933 1.1670368909835815
v -0.3835390508174896 -1.1685878038406372 1.1921608448028564
v -0.4106366038322449 -1.1849027872085571 1.2157387733459473
v -0.43811100721359253 -1.19760000705719 1.2376600503921509
l 6931 6932 6933 6934 6935 6936 6937 6938 6939 6940 6941 6942 6943 6944 6945 6946 6947 6948 6949 6950 6951 6952 6953 6954 6955 6956 6957 6958 6959 6960 6961 6962 6963 
o Tracks_V3
v -0.05716810002923012 -0.026271700859069824 0.1965859979391098
v -0.045358460396528244 -0.05437694862484932 0.21672770380973816
v -0.034890156239271164 -0.08476778119802475 0.2382064312696457
v -0.02574063092470169 -0.11728179454803467 0.26093339920043945
v -0.01788732409477234 -0.15175661444664001 0.28481990098953247
v -0.01130768284201622 -0.18802984058856964 0.309777170419693
v -0.005979148205369711 -0.2259390652179718 0.3357164263725281
v -0.0018791630864143372 -0.26532191038131714 0.36254897713661194
v 0.001014829147607088 -0.3060159981250763 0.39018601179122925
v 0.0027253853622823954 -0.34785887598991394 0.4185388386249542
v 0.0032750628888607025 -0.3906882405281067 0.4475186765193939
v 0.0026864183600991964 -0.4343416392803192 0.4770367443561554
v 0.0009820092236623168 -0.47865667939186096 0.5070043802261353
v -0.0018156077712774277 -0.5234709978103638 0.5373327136039734
v -0.005683875642716885 -0.5686221718788147 0.5679331421852112
v -0.010600237175822258 -0.6139478087425232 0.5987167954444885
v -0.016542136669158936 -0.6592855453491211 0.6295949816703796
v -0.023487014696002007 -0.7044729590415955 0.6604788899421692
v -0.031412314623594284 -0.7493476867675781 0.6912798285484314
v -0.04029548168182373 -0.7937473058700562 0.7219090461730957
v -0.05011395737528801 -0.8375094532966614 0.7522777915000916
v -0.060845185071229935 -0.8804717063903809 0.7822973132133484
v -0.07246660441160202 -0.9224717020988464 0.8118788003921509
v -0.08495566993951797 -0.9633470177650452 0.840933620929718
v -0.09828981012105942 -1.0029352903366089 0.8693729043006897
v -0.11244647204875946 -1.0410740375518799 0.8971079587936401
v -0.1274031102657318 -1.0776009559631348 0.9240500926971436
v -0.1431371420621872 -1.1123536825180054 0.9501104354858398
v -0.1596260368824005 -1.1451698541641235 0.9752002954483032
v -0.17684723436832428 -1.175886869430542 0.9992309808731079
v -0.19477815926074982 -1.2043424844741821 1.022113561630249
v -0.21339626610279083 -1.2303743362426758 1.0437595844268799
v -0.23267899453639984 -1.2538199424743652 1.064079999923706
l 6964 6965 6966 6967 6968 6969 6970 6971 6972 6973 6974 6975 6976 6977 6978 6979 6980 6981 6982 6983 6984 6985 6986 6987 6988 6989 6990 6991 6992 6993 6994 6995 6996 
o Tracks_V3
v 0.0029155700467526913 0.003752530086785555 -0.011140299960970879
v 0.027841361239552498 -0.015517927706241608 -0.029498206451535225
v 0.05216006562113762 -0.03805125132203102 -0.04918897897005081
v 0.0758272260427475 -0.06364845484495163 -0.07012388110160828
v 0.09879840165376663 -0.09211056679487228 -0.09221415966749191
v 0.12102912366390228 -0.12323859333992004 -0.11537107825279236
v 0.1424749493598938 -0.15683357417583466 -0.13950589299201965
v 0.16309143602848053 -0.19269651174545288 -0.16452986001968384
v 0.18283411860466003 -0.23062843084335327 -0.19035421311855316
v 0.20165854692459106 -0.2704303562641144 -0.21689024567604065
v 0.21952027082443237 -0.31190329790115356 -0.24404919147491455
v 0.2363748550415039 -0.3548482656478882 -0.2717423141002655
v 0.25217780470848083 -0.399066299200058 -0.29988086223602295
v 0.2668847143650055 -0.4443584382534027 -0.32837608456611633
v 0.28045111894607544 -0.49052563309669495 -0.3571392595767975
v 0.29283255338668823 -0.5373690128326416 -0.38608160614967346
v 0.3039845824241638 -0.5846894383430481 -0.4151144325733185
v 0.31386274099349976 -0.6322880983352661 -0.4441489577293396
v 0.3224225640296936 -0.6799659132957458 -0.47309646010398865
v 0.3296196460723877 -0.727523922920227 -0.5018681883811951
v 0.3354094922542572 -0.7747631669044495 -0.5303753614425659
v 0.33974766731262207 -0.8214846253395081 -0.5585293173789978
v 0.34258973598480225 -0.8674893379211426 -0.5862411856651306
v 0.3438912034034729 -0.9125783443450928 -0.6134223341941833
v 0.343607634305954 -0.9565526247024536 -0.6399840116500854
v 0.3416946232318878 -0.9992132782936096 -0.6658374071121216
v 0.3381076455116272 -1.0403611660003662 -0.690893828868866
v 0.33280229568481445 -1.0797975063323975 -0.715064525604248
v 0.32573410868644714 -1.1173231601715088 -0.7382607460021973
v 0.3168586492538452 -1.1527392864227295 -0.7603937387466431
v 0.3061314523220062 -1.1858466863632202 -0.7813748121261597
v 0.29350805282592773 -1.2164466381072998 -0.8011151552200317
v 0.2789439857006073 -1.244339942932129 -0.8195260167121887
l 6997 6998 6999 7000 7001 7002 7003 7004 7005 7006 7007 7008 7009 7010 7011 7012 7013 7014 7015 7016 7017 7018 7019 7020 7021 7022 7023 7024 7025 7026 7027 7028 7029 
o Tracks_V3
v 0.02398030087351799 0.043767500668764114 0.1135530024766922
v 0.05213601887226105 0.026645950973033905 0.14123427867889404
v 0.0797949805855751 0.005987775512039661 0.17088069021701813
v 0.10689713805913925 -0.017997102811932564 0.20236141979694366
v 0.1333824247121811 -0.04509876295924187 0.23554569482803345
v 0.15919078886508942 -0.07510727643966675 0.2703026831150055
v 0.18426217138767242 -0.10781272500753403 0.3065016269683838
v 0.2085365206003189 -0.14300519227981567 0.34401166439056396
v 0.23195376992225647 -0.18047472834587097 0.3827020823955536
v 0.2544538676738739 -0.22001144289970398 0.4224420189857483
v 0.2759767770767212 -0.26140540838241577 0.46310073137283325
v 0.29646238684654236 -0.30444666743278503 0.5045473575592041
v 0.31585070490837097 -0.34892532229423523 0.5466511249542236
v 0.33408161997795105 -0.3946314752101898 0.5892812609672546
v 0.3510951101779938 -0.4413551688194275 0.6323069930076599
v 0.36683112382888794 -0.4888864755630493 0.6755974292755127
v 0.38122957944869995 -0.5370154976844788 0.7190217971801758
v 0.3942304253578186 -0.5855323076248169 0.7624493837356567
v 0.4057736098766327 -0.63422691822052 0.8057492971420288
v 0.415799081325531 -0.6828895211219788 0.8487908244132996
v 0.42424678802490234 -0.7313101291656494 0.8914430737495422
v 0.4310566484928131 -0.7792788147926331 0.9335753321647644
v 0.4361686408519745 -0.8265856504440308 0.9750567674636841
v 0.4395226538181305 -0.8730207085609436 1.0157564878463745
v 0.4410586953163147 -0.9183741211891174 1.0555438995361328
v 0.4407166540622711 -0.9624359011650085 1.0942879915237427
v 0.43843650817871094 -1.0049961805343628 1.131858229637146
v 0.43415817618370056 -1.0458450317382812 1.168123483657837
v 0.42782163619995117 -1.0847724676132202 1.2029532194137573
v 0.4193668067455292 -1.1215685606002808 1.2362165451049805
v 0.408733606338501 -1.1560235023498535 1.2677825689315796
v 0.39586204290390015 -1.18792724609375 1.2975207567214966
v 0.3806920051574707 -1.2170699834823608 1.3252999782562256
l 7030 7031 7032 7033 7034 7035 7036 7037 7038 7039 7040 7041 7042 7043 7044 7045 7046 7047 7048 7049 7050 7051 7052 7053 7054 7055 7056 7057 7058 7059 7060 7061 7062 
o Tracks_V3
v 0.02979929931461811 0.018170999363064766 -0.07860910147428513
v 0.0468127615749836 -0.007997150532901287 -0.03843964636325836
v 0.06632917374372482 -0.03440684452652931 0.004173623397946358
v 0.08821205049753189 -0.06098446622490883 0.04906787723302841
v 0.11232493072748184 -0.0876564085483551 0.09608028084039688
v 0.13853132724761963 -0.11434905230998993 0.14504802227020264
v 0.166694775223732 -0.1409887820482254 0.19580824673175812
v 0.19667880237102509 -0.1675020009279251 0.24819813668727875
v 0.22834692895412445 -0.19381509721279144 0.30205488204956055
v 0.26156267523765564 -0.2198544442653656 0.35721561312675476
v 0.2961896061897278 -0.24554643034934998 0.4135175049304962
v 0.33209118247032166 -0.27081745862960815 0.4707977771759033
v 0.3691309690475464 -0.29559388756752014 0.5288935303688049
v 0.4071725010871887 -0.3198021352291107 0.5876420140266418
v 0.446079283952713 -0.3433685898780823 0.6468803286552429
v 0.485714852809906 -0.3662196099758148 0.7064456939697266
v 0.5259427428245544 -0.38828158378601074 0.7661752700805664
v 0.5666264295578003 -0.4094809591770172 0.8259061574935913
v 0.6076294779777527 -0.42974406480789185 0.8854756355285645
v 0.6488154530525208 -0.44899728894233704 0.9447208046913147
v 0.6900478601455688 -0.46716704964637756 1.0034788846969604
v 0.7311901450157166 -0.48417970538139343 1.0615869760513306
v 0.7721059322357178 -0.4999616742134094 1.1188822984695435
v 0.8126586675643921 -0.5144393444061279 1.1752018928527832
v 0.8527119755744934 -0.527539074420929 1.2303831577301025
v 0.8921293020248413 -0.5391872525215149 1.284263253211975
v 0.9307742118835449 -0.5493102669715881 1.3366791009902954
v 0.9685102105140686 -0.5578345656394958 1.3874680995941162
v 1.0052008628845215 -0.5646864175796509 1.4364672899246216
v 1.0407096147537231 -0.5697923302650452 1.4835139513015747
v 1.0749000310897827 -0.5730786323547363 1.5284451246261597
v 1.1076356172561646 -0.5744717121124268 1.5710980892181396
v 1.1387799978256226 -0.5738980174064636 1.6113100051879883
l 7063 7064 7065 7066 7067 7068 7069 7070 7071 7072 7073 7074 7075 7076 7077 7078 7079 7080 7081 7082 7083 7084 7085 7086 7087 7088 7089 7090 7091 7092 7093 7094 7095 
o Tracks_V3
v 0.02375989966094494 0.024698099121451378 -0.02327669970691204
v 0.04689445346593857 0.006124052219092846 -0.01980176568031311
v 0.07380546629428864 -0.009223848581314087 -0.015941103920340538
v 0.1041998565196991 -0.021457647904753685 -0.011720393784344196
v 0.13778457045555115 -0.030689390376210213 -0.007165313698351383
v 0.174266517162323 -0.03703111782670021 -0.0023015413898974657
v 0.21335263550281525 -0.040594879537820816 0.0028452444821596146
v 0.2547498345375061 -0.04149271920323372 0.008249365724623203
v 0.29816508293151855 -0.03983668237924576 0.013885143212974072
v 0.3433052599430084 -0.035738810896873474 0.01972689852118492
v 0.3898773491382599 -0.029311150312423706 0.025748955085873604
v 0.4375882148742676 -0.020665748044848442 0.03192563354969025
v 0.4861448407173157 -0.009914645925164223 0.0382312536239624
v 0.5352541208267212 0.0028301093261688948 0.04464013874530792
v 0.5846229791641235 0.017456473782658577 0.05112661048769951
v 0.6339583396911621 0.03385240212082863 0.05766499042510986
v 0.6829671859741211 0.05190584808588028 0.06422960013151169
v 0.7313563823699951 0.07150477170944214 0.07079476118087769
v 0.7788328528404236 0.09253711998462677 0.07733479142189026
v 0.8251035809516907 0.11489085108041763 0.083824023604393
v 0.8698754906654358 0.13845393061637878 0.09023676812648773
v 0.9128554463386536 0.1631142944097519 0.09654734283685684
v 0.9537504315376282 0.1887599229812622 0.10273008793592453
v 0.992267370223999 0.2152787446975708 0.108759306371212
v 1.0281131267547607 0.24255873262882233 0.11460933089256287
v 1.0609947443008423 0.27048781514167786 0.12025447934865952
v 1.0906189680099487 0.2989540100097656 0.12566907703876495
v 1.1166930198669434 0.32784518599510193 0.1308274269104004
v 1.1389235258102417 0.3570493757724762 0.13570387661457062
v 1.1570175886154175 0.3864544928073883 0.14027273654937744
v 1.1706820726394653 0.4159484803676605 0.14450833201408386
v 1.1796238422393799 0.4454193413257599 0.1483849734067917
v 1.1835500001907349 0.4747549891471863 0.1518770009279251
l 7096 7097 7098 7099 7100 7101 7102 7103 7104 7105 7106 7107 7108 7109 7110 7111 7112 7113 7114 7115 7116 7117 7118 7119 7120 7121 7122 7123 7124 7125 7126 7127 7128 
o Tracks_V3
v 0.017307400703430176 0.04551690071821213 -0.06562600284814835
v 0.046613242477178574 0.036147598177194595 -0.04305315390229225
v 0.07813482731580734 0.028790051117539406 -0.018940769135951996
v 0.11169863492250443 0.02338496223092079 0.006608548108488321
v 0.14713113009929657 0.019873030483722687 0.03349219635128975
v 0.18425880372524261 0.018194956704974174 0.06160757690668106
v 0.22290809452533722 0.01829143613576889 0.09085208177566528
v 0.2629055082798004 0.020103173330426216 0.12112311273813248
v 0.30407750606536865 0.023570865392684937 0.152318075299263
v 0.3462505638599396 0.028635211288928986 0.18433435261249542
v 0.38925114274024963 0.035236913710832596 0.2170693427324295
v 0.4329057037830353 0.04331666976213455 0.2504204511642456
v 0.47704076766967773 0.05281517654657364 0.2842850983142853
v 0.5214827656745911 0.06367313861846924 0.3185606300830841
v 0.5660582184791565 0.07583125680685043 0.35314449667930603
v 0.6105934977531433 0.08923022449016571 0.3879340589046478
v 0.6549152135848999 0.10381074249744415 0.42282673716545105
v 0.6988497376441956 0.11951351165771484 0.45771992206573486
v 0.7422235608100891 0.13627924025058746 0.49251100420951843
v 0.7848632335662842 0.1540486067533493 0.5270974040031433
v 0.8265950679779053 0.17276233434677124 0.5613764524459839
v 0.8672457337379456 0.19236110150814056 0.5952456593513489
v 0.9066415429115295 0.21278563141822815 0.6286023259162903
v 0.9446090459823608 0.2339766025543213 0.6613439321517944
v 0.9809746742248535 0.25587472319602966 0.6933677792549133
v 1.0155649185180664 0.27842068672180176 0.7245713472366333
v 1.0482063293457031 0.30155521631240845 0.7548519968986511
v 1.0787252187728882 0.32521897554397583 0.7841070890426636
v 1.1069482564926147 0.3493526875972748 0.8122341632843018
v 1.1327017545700073 0.3738970458507538 0.8391304612159729
v 1.15581214427948 0.39879274368286133 0.8646934032440186
v 1.1761060953140259 0.4239805042743683 0.888820469379425
v 1.193410038948059 0.44940099120140076 0.9114090204238892
l 7129 7130 7131 7132 7133 7134 7135 7136 7137 7138 7139 7140 7141 7142 7143 7144 7145 7146 7147 7148 7149 7150 7151 7152 7153 7154 7155 7156 7157 7158 7159 7160 7161 
o Tracks_V3
v 0.0011512800119817257 0.000026655599867808633 -0.06578479707241058
v 0.026493029668927193 0.01803392730653286 -0.10852488875389099
v 0.05389464274048805 0.03606844320893288 -0.15375153720378876
v 0.08323116600513458 0.054089996963739395 -0.20129893720149994
v 0.11437764763832092 0.07205837219953537 -0.2510013282299042
v 0.14720913767814636 0.0899333655834198 -0.3026929497718811
v 0.1816006749868393 0.10767475515604019 -0.3562079668045044
v 0.2174273282289505 0.12524233758449554 -0.4113806486129761
v 0.2545641362667084 0.14259590208530426 -0.468045175075531
v 0.2928861379623413 0.15969522297382355 -0.5260357856750488
v 0.3322683870792389 0.1765000969171524 -0.5851867198944092
v 0.3725859522819519 0.19297032058238983 -0.6453321576118469
v 0.41371384263038635 0.20906567573547363 -0.7063062787055969
v 0.4555271565914154 0.2247459590435028 -0.7679434418678284
v 0.49790090322494507 0.23997095227241516 -0.8300777077674866
v 0.5407101511955261 0.2547004222869873 -0.892543375492096
v 0.583829939365387 0.2688941955566406 -0.9551746845245361
v 0.6271352767944336 0.28251203894615173 -1.017805814743042
v 0.6705012917518616 0.29551374912261963 -1.0802708864212036
v 0.7138029932975769 0.3078591227531433 -1.142404317855835
v 0.7569154500961304 0.3195079267024994 -1.204040288925171
v 0.799713671207428 0.33041995763778687 -1.2650128602981567
v 0.8420727252960205 0.34055501222610474 -1.325156331062317
v 0.8838676810264587 0.349872887134552 -1.3843050003051758
v 0.9249735474586487 0.3583333194255829 -1.4422930479049683
v 0.9652654528617859 0.36589616537094116 -1.4989545345306396
v 1.0046182870864868 0.37252116203308105 -1.5541239976882935
v 1.0429072380065918 0.37816813588142395 -1.6076353788375854
v 1.0800074338912964 0.38279685378074646 -1.65932297706604
v 1.1157937049865723 0.3863671123981476 -1.709020972251892
v 1.1501411199569702 0.3888387084007263 -1.756563663482666
v 1.1829248666763306 0.3901714086532593 -1.8017853498458862
v 1.214020013809204 0.39032500982284546 -1.8445199728012085
l 7162 7163 7164 7165 7166 7167 7168 7169 7170 7171 7172 7173 7174 7175 7176 7177 7178 7179 7180 7181 7182 7183 7184 7185 7186 7187 7188 7189 7190 7191 7192 7193 7194 
o Tracks_V3
v -0.004301169887185097 0.012762299738824368 -0.012609000317752361
v 0.023342909291386604 0.02588607370853424 -0.005952785722911358
v 0.0511496365070343 0.04236079007387161 0.0012193794827908278
v 0.07903138548135757 0.06199828162789345 0.008873127400875092
v 0.10690055042505264 0.08461039513349533 0.01697409152984619
v 0.13466951251029968 0.11000895500183105 0.025487899780273438
v 0.16225065290927887 0.1380058079957962 0.03438018634915352
v 0.18955636024475098 0.16841277480125427 0.043616585433483124
v 0.21649901568889618 0.20104171335697174 0.053162723779678345
v 0.24299101531505585 0.2357044517993927 0.06298423558473587
v 0.26894471049308777 0.27221280336380005 0.07304675132036209
v 0.2942725121974945 0.31037867069244385 0.083315908908844
v 0.31888681650161743 0.350013792514801 0.09375733137130737
v 0.34269997477531433 0.39093008637428284 0.10433665663003922
v 0.36562439799308777 0.4329393804073334 0.11501950770616531
v 0.38757243752479553 0.47585347294807434 0.12577152252197266
v 0.4084565043449402 0.5194842219352722 0.13655833899974823
v 0.4281889796257019 0.5636434555053711 0.14734557271003723
v 0.44668224453926086 0.6081430315971375 0.15809887647628784
v 0.46384871006011963 0.6527947783470154 0.16878387331962585
v 0.4796006977558136 0.697410523891449 0.17936618626117706
v 0.4938506484031677 0.7418020963668823 0.18981145322322845
v 0.5065109133720398 0.7857813239097595 0.20008529722690582
v 0.5174939036369324 0.8291600942611694 0.21015337109565735
v 0.5267119407653809 0.8717501759529114 0.21998128294944763
v 0.534077525138855 0.913363516330719 0.22953468561172485
v 0.5395029187202454 0.9538118243217468 0.2387791872024536
v 0.542900562286377 0.9929069876670837 0.2476804554462433
v 0.5441828370094299 1.0304608345031738 0.2562040686607361
v 0.5432621836662292 1.066285252571106 0.26431572437286377
v 0.5400508642196655 1.1001920700073242 0.27198100090026855
v 0.5344613790512085 1.1319929361343384 0.2791655361652374
v 0.5264059901237488 1.1614999771118164 0.28583499789237976
l 7195 7196 7197 7198 7199 7200 7201 7202 7203 7204 7205 7206 7207 7208 7209 7210 7211 7212 7213 7214 7215 7216 7217 7218 7219 7220 7221 7222 7223 7224 7225 7226 7227 
o Tracks_V3
v -0.032363101840019226 -0.045621201395988464 0.007006859872490168
v -0.0576372891664505 -0.02845717780292034 0.03173226863145828
v -0.08509817719459534 -0.011539564467966557 0.05795266106724739
v -0.1146104633808136 0.005100755486637354 0.08556841313838959
v -0.14603884518146515 0.021432900801301003 0.1144798994064331
v -0.17924800515174866 0.03742598742246628 0.14458748698234558
v -0.21410267055034637 0.053049128502607346 0.17579156160354614
v -0.2504675090312958 0.0682714506983757 0.20799249410629272
v -0.2882072329521179 0.0830620601773262 0.24109065532684326
v -0.32718655467033386 0.0973900854587555 0.2749864161014557
v -0.3672701418399811 0.11122463643550873 0.3095801770687103
v -0.40832269191741943 0.12453483045101166 0.3447722792625427
v -0.45020896196365356 0.13728977739810944 0.3804631233215332
v -0.49279356002807617 0.1494586169719696 0.4165530502796173
v -0.5359412431716919 0.16101044416427612 0.45294249057769775
v -0.5795167088508606 0.17191438376903534 0.4895317554473877
v -0.6233845949172974 0.1821395605802536 0.5262212753295898
v -0.6674097180366516 0.19165506958961487 0.562911331653595
v -0.7114566564559937 0.20043005049228668 0.599502444267273
v -0.7553901672363281 0.2084336131811142 0.6358948945999146
v -0.7990748882293701 0.21563486754894257 0.6719890236854553
v -0.842375636100769 0.22200293838977814 0.7076852917671204
v -0.8851569890975952 0.22750695049762726 0.7428840398788452
v -0.9272837042808533 0.2321159988641739 0.7774856090545654
v -0.9686204791069031 0.23579922318458557 0.8113903999328613
v -1.0090320110321045 0.23852571845054626 0.8444988131523132
v -1.0483828783035278 0.2402646243572235 0.8767112493515015
v -1.0865380764007568 0.24098503589630127 0.9079279899597168
v -1.1233619451522827 0.24065609276294708 0.9380494356155396
v -1.1587194204330444 0.2392469048500061 0.96697598695755
v -1.1924750804901123 0.2367265820503235 0.9946080446243286
v -1.2244937419891357 0.23306423425674438 1.020845890045166
v -1.254639983177185 0.22822900116443634 1.0455900430679321
l 7228 7229 7230 7231 7232 7233 7234 7235 7236 7237 7238 7239 7240 7241 7242 7243 7244 7245 7246 7247 7248 7249 7250 7251 7252 7253 7254 7255 7256 7257 7258 7259 7260 
o Tracks_V3
v 0.006893420126289129 0.0003456739941611886 -0.009833529591560364
v 0.006041321903467178 -0.03062952309846878 0.05935271829366684
v 0.006018679589033127 -0.06333764642477036 0.13249562680721283
v 0.006799482740461826 -0.09765724837779999 0.2093314230442047
v 0.008357720449566841 -0.13346688449382782 0.2895963490009308
v 0.010667381808161736 -0.1706451177597046 0.37302663922309875
v 0.013702455908060074 -0.20907048881053925 0.4593585431575775
v 0.017436930909752846 -0.24862155318260193 0.5483283400535583
v 0.02184479869902134 -0.289176881313324 0.6396721601486206
v 0.026900047436356544 -0.33061501383781433 0.7331263422966003
v 0.03257666528224945 -0.37281447649002075 0.8284270167350769
v 0.0388486422598362 -0.41565388441085815 0.9253105521202087
v 0.04568996652960777 -0.4590117335319519 1.0235131978988647
v 0.05307462811470032 -0.5027666091918945 1.1227710247039795
v 0.06097661703824997 -0.5467970967292786 1.2228204011917114
v 0.06936992704868317 -0.590981662273407 1.3233975172042847
v 0.07822853326797485 -0.6351989507675171 1.4242385625839233
v 0.08752644062042236 -0.6793274283409119 1.5250799655914307
v 0.09723762422800064 -0.7232457399368286 1.6256576776504517
v 0.10733608901500702 -0.7668323516845703 1.725708246231079
v 0.11779581010341644 -0.8099659085273743 1.8249677419662476
v 0.12859077751636505 -0.8525248765945435 1.9231723546981812
v 0.13969500362873077 -0.8943879008293152 2.0200583934783936
v 0.15108244121074677 -0.9354334473609924 2.1153621673583984
v 0.16272710263729095 -0.9755401015281677 2.20881986618042
v 0.17460297048091888 -1.0145864486694336 2.3001675605773926
v 0.1866840422153473 -1.0524510145187378 2.389141798019409
v 0.1989443004131317 -1.0890122652053833 2.4754786491394043
v 0.2113577276468277 -1.124148964881897 2.5589141845703125
v 0.22389833629131317 -1.157739520072937 2.6391849517822266
v 0.2365400791168213 -1.1896624565124512 2.716027021408081
v 0.24925696849822998 -1.2197965383529663 2.7891764640808105
v 0.262023001909256 -1.248020052909851 2.858370065689087
l 7261 7262 7263 7264 7265 7266 7267 7268 7269 7270 7271 7272 7273 7274 7275 7276 7277 7278 7279 7280 7281 7282 7283 7284 7285 7286 7287 7288 7289 7290 7291 7292 7293 
o Tracks_V3
v 0.0004170099855400622 -0.001582570024766028 -0.06696020066738129
v -0.02502092905342579 0.0013012480922043324 0.011013430543243885
v -0.05190840736031532 0.003186891321092844 0.09346054494380951
v -0.08013912290334702 0.004103335086256266 0.18008296191692352
v -0.10960676521062851 0.004079554229974747 0.27058252692222595
v -0.1402050405740738 0.0031445242930203676 0.3646610975265503
v -0.17182762920856476 0.0013272203505039215 0.4620204567909241
v -0.2043682336807251 -0.0013433822896331549 0.5623624324798584
v -0.2377205640077591 -0.004838308319449425 0.6653889417648315
v -0.27177831530570984 -0.009128582663834095 0.7708017230033875
v -0.30643513798713684 -0.014185230247676373 0.8783026337623596
v -0.34158480167388916 -0.01997927576303482 0.9875935316085815
v -0.3771209418773651 -0.026481743901968002 1.0983762741088867
v -0.4129372835159302 -0.033663660287857056 1.2103525400161743
v -0.44892749190330505 -0.041496045887470245 1.3232243061065674
v -0.4849853217601776 -0.04994992911815643 1.4366934299468994
v -0.5210043787956238 -0.05899633839726448 1.5504616498947144
v -0.5568784475326538 -0.06860628724098206 1.6642308235168457
v -0.5925012230873108 -0.07875081151723862 1.777702808380127
v -0.6277663111686707 -0.08940093219280243 1.8905794620513916
v -0.6625674962997437 -0.10052767395973206 2.0025625228881836
v -0.6967984437942505 -0.11210206151008606 2.113353967666626
v -0.7303528189659119 -0.124095119535923 2.2226552963256836
v -0.763124406337738 -0.13647787272930145 2.3301687240600586
v -0.7950068116188049 -0.14922134578227997 2.435595989227295
v -0.8258937001228333 -0.16229654848575592 2.5386388301849365
v -0.855678915977478 -0.17567454278469086 2.6389992237091064
v -0.8842560052871704 -0.18932631611824036 2.7363786697387695
v -0.9115187525749207 -0.20322291553020477 2.830479383468628
v -0.9373608231544495 -0.21733535826206207 2.9210031032562256
v -0.9616759419441223 -0.23163467645645142 3.0076515674591064
v -0.9843577742576599 -0.24609187245368958 3.0901265144348145
v -1.0053000450134277 -0.2606779932975769 3.1681299209594727
l 7294 7295 7296 7297 7298 7299 7300 7301 7302 7303 7304 7305 7306 7307 7308 7309 7310 7311 7312 7313 7314 7315 7316 7317 7318 7319 7320 7321 7322 7323 7324 7325 7326 
o Tracks_V3
v -0.08760020136833191 -0.1212019994854927 -0.2007399946451187
v -0.06397684663534164 -0.1400545835494995 -0.25934186577796936
v -0.041103411465883255 -0.16171562671661377 -0.32152000069618225
v -0.019011693075299263 -0.1860138177871704 -0.38703635334968567
v 0.002266513416543603 -0.21277780830860138 -0.4556528627872467
v 0.02269941382110119 -0.24183624982833862 -0.5271313786506653
v 0.0422552116215229 -0.2730178236961365 -0.6012338995933533
v 0.06090211495757103 -0.30615121126174927 -0.6777223348617554
v 0.07860832661390305 -0.34106501936912537 -0.7563585638999939
v 0.09534204751253128 -0.3775879740715027 -0.8369045257568359
v 0.11107148975133896 -0.415548712015152 -0.9191221594810486
v 0.1257648468017578 -0.4547758996486664 -1.002773404121399
v 0.13939033448696136 -0.49509817361831665 -1.0876201391220093
v 0.15191616117954254 -0.5363442301750183 -1.173424243927002
v 0.16331051290035248 -0.5783427357673645 -1.2599477767944336
v 0.1735416054725647 -0.6209223866462708 -1.3469524383544922
v 0.18257765471935272 -0.663911759853363 -1.434200406074524
v 0.1903868466615677 -0.7071395516395569 -1.5214534997940063
v 0.19693739712238312 -0.7504344582557678 -1.6084736585617065
v 0.20219750702381134 -0.7936251163482666 -1.695022702217102
v 0.20613537728786469 -0.8365402221679688 -1.78086256980896
v 0.20871922373771667 -0.879008412361145 -1.865755319595337
v 0.20991723239421844 -0.9208583235740662 -1.9494627714157104
v 0.2096976339817047 -0.9619186520576477 -2.0317468643188477
v 0.20802859961986542 -1.0020180940628052 -2.1123695373535156
v 0.20487837493419647 -1.0409852266311646 -2.1910927295684814
v 0.20021513104438782 -1.0786488056182861 -2.2676782608032227
v 0.19400708377361298 -1.114837408065796 -2.341888189315796
v 0.18622244894504547 -1.149379849433899 -2.4134843349456787
v 0.17682941257953644 -1.1821045875549316 -2.4822287559509277
v 0.1657961905002594 -1.2128404378890991 -2.5478832721710205
v 0.15309098362922668 -1.241416096687317 -2.6102097034454346
v 0.13868199288845062 -1.2676600217819214 -2.6689701080322266
l 7327 7328 7329 7330 7331 7332 7333 7334 7335 7336 7337 7338 7339 7340 7341 7342 7343 7344 7345 7346 7347 7348 7349 7350 7351 7352 7353 7354 7355 7356 7357 7358 7359 
o Tracks_V3
v -0.0007600759854540229 0.0005187789793126285 -0.17100900411605835
v -0.0043206787668168545 0.033048972487449646 -0.22838230431079865
v -0.010755869559943676 0.06660528481006622 -0.2892751693725586
v -0.019935164600610733 0.10105860233306885 -0.3534535765647888
v -0.03172807767987251 0.13627983629703522 -0.4206834137439728
v -0.04600413143634796 0.17213985323905945 -0.4907306432723999
v -0.06263282895088196 0.20850957930088043 -0.5633611679077148
v -0.08148369938135147 0.2452598661184311 -0.638340950012207
v -0.10242625325918198 0.2822616398334503 -0.7154359221458435
v -0.12533000111579895 0.3193857669830322 -0.7944119572639465
v -0.15006446838378906 0.3565031886100769 -0.8750350475311279
v -0.1764991581439972 0.3934847116470337 -0.9570711255073547
v -0.20450359582901 0.43020132184028625 -1.0402860641479492
v -0.233947291970253 0.4665238559246063 -1.124445915222168
v -0.2646997570991516 0.5023232102394104 -1.2093164920806885
v -0.29663053154945374 0.537470281124115 -1.294663667678833
v -0.32960909605026245 0.571835994720459 -1.3802536725997925
v -0.3635050058364868 0.6052911877632141 -1.4658520221710205
v -0.3981877565383911 0.6377068161964417 -1.5512250661849976
v -0.4335268437862396 0.6689537167549133 -1.6361384391784668
v -0.469391793012619 0.6989027857780457 -1.72035813331604
v -0.505652129650116 0.7274249196052551 -1.803650140762329
v -0.5421773791313171 0.754391074180603 -1.8857804536819458
v -0.5788370966911316 0.7796720266342163 -1.9665148258209229
v -0.6155006885528564 0.803138792514801 -2.045619249343872
v -0.6520377397537231 0.8246622085571289 -2.1228597164154053
v -0.6883177757263184 0.8441131114959717 -2.1980020999908447
v -0.724210262298584 0.8613624572753906 -2.270812511444092
v -0.7595847249031067 0.8762811422348022 -2.3410565853118896
v -0.7943107485771179 0.888740062713623 -2.4085006713867188
v -0.8282577991485596 0.8986100554466248 -2.472910165786743
v -0.8612953424453735 0.9057620763778687 -2.5340511798858643
v -0.893293023109436 0.9100670218467712 -2.5916900634765625
l 7360 7361 7362 7363 7364 7365 7366 7367 7368 7369 7370 7371 7372 7373 7374 7375 7376 7377 7378 7379 7380 7381 7382 7383 7384 7385 7386 7387 7388 7389 7390 7391 7392 
o Tracks_V3
v 0.011741399765014648 0.06508839875459671 -0.44918200373649597
v -0.021245243027806282 0.07320370525121689 -0.5075315833091736
v -0.05338525027036667 0.08590447157621384 -0.5698510408401489
v -0.08461123704910278 0.10291705280542374 -0.6358761191368103
v -0.1148558035492897 0.12396780401468277 -0.7053426504135132
v -0.14405156672000885 0.14878308773040771 -0.7779862880706787
v -0.17213113605976105 0.17708924412727356 -0.8535428643226624
v -0.19902710616588593 0.20861265063285828 -0.93174809217453
v -0.2246720939874649 0.24307964742183685 -1.0123378038406372
v -0.2489987164735794 0.28021660447120667 -1.0950478315353394
v -0.27193957567214966 0.3197498321533203 -1.179613709449768
v -0.2934272587299347 0.36140576004981995 -1.2657713890075684
v -0.3133944272994995 0.404910683631897 -1.3532565832138062
v -0.33177363872528076 0.44999098777770996 -1.441805124282837
v -0.34849753975868225 0.4963729977607727 -1.5311527252197266
v -0.3634986877441406 0.5437831282615662 -1.621035099029541
v -0.3767097592353821 0.5919476747512817 -1.7111879587173462
v -0.3880632817745209 0.6405929923057556 -1.8013473749160767
v -0.3974919617176056 0.6894454956054688 -1.8912487030029297
v -0.4049283266067505 0.7382314801216125 -1.9806280136108398
v -0.4103050231933594 0.7866773009300232 -2.069221019744873
v -0.4135546386241913 0.8345093727111816 -2.1567633152008057
v -0.41460978984832764 0.8814540505409241 -2.2429909706115723
v -0.41340309381484985 0.9272375702857971 -2.327639579772949
v -0.40986716747283936 0.9715864062309265 -2.410444736480713
v -0.4039345979690552 1.0142269134521484 -2.4911422729492188
v -0.39553800225257874 1.0548853874206543 -2.5694682598114014
v -0.38460999727249146 1.0932881832122803 -2.645158290863037
v -0.37108319997787476 1.1291617155075073 -2.7179479598999023
v -0.3548901677131653 1.1622322797775269 -2.7875733375549316
v -0.33596354722976685 1.1922262907028198 -2.8537697792053223
v -0.31423595547676086 1.2188700437545776 -2.916273593902588
v -0.28964000940322876 1.2418899536132812 -2.9748198986053467
l 7393 7394 7395 7396 7397 7398 7399 7400 7401 7402 7403 7404 7405 7406 7407 7408 7409 7410 7411 7412 7413 7414 7415 7416 7417 7418 7419 7420 7421 7422 7423 7424 7425 
o Tracks_V3
v -0.00032922098762355745 -0.001643019961193204 0.03086720034480095
v -0.028161650523543358 0.01063629426062107 -0.04616321995854378
v -0.05800148844718933 0.022276271134614944 -0.1276300847530365
v -0.08971700817346573 0.033272884786129 -0.2132377177476883
v -0.12317649275064468 0.04362211376428604 -0.3026905059814453
v -0.1582482010126114 0.05331993103027344 -0.39569276571273804
v -0.19480043649673462 0.06236230954527855 -0.49194881319999695
v -0.23270145058631897 0.07074522972106934 -0.5911630392074585
v -0.271819531917572 0.07846466451883316 -0.6930397748947144
v -0.31202295422554016 0.08551658689975739 -0.797283411026001
v -0.3531799912452698 0.09189696609973907 -0.9035981893539429
v -0.39515891671180725 0.09760179370641708 -1.011688470840454
v -0.437828004360199 0.10262703150510788 -1.1212587356567383
v -0.48105552792549133 0.10696866363286972 -1.23201322555542
v -0.5247098207473755 0.11062265932559967 -1.3436561822891235
v -0.5686590671539307 0.1135849878191948 -1.4558922052383423
v -0.6127715706825256 0.11585164070129395 -1.5684254169464111
v -0.6569156646728516 0.11741857975721359 -1.6809601783752441
v -0.7009595632553101 0.1182817816734314 -1.793200969696045
v -0.7447715401649475 0.11843723058700562 -1.904852032661438
v -0.7882198691368103 0.11788088828325272 -2.015617847442627
v -0.8311728835105896 0.11660873889923096 -2.1252024173736572
v -0.8734988570213318 0.114616759121418 -2.2333104610443115
v -0.9150660037994385 0.11190091818571091 -2.339646339416504
v -0.9557426571846008 0.10845719277858734 -2.4439139366149902
v -0.9953970313072205 0.10428155958652496 -2.5458180904388428
v -1.0338973999023438 0.09936998784542084 -2.6450629234313965
v -1.0711121559143066 0.09371846914291382 -2.7413527965545654
v -1.1069093942642212 0.08732295781373978 -2.8343920707702637
v -1.141157627105713 0.08017944544553757 -2.9238851070404053
v -1.173724889755249 0.07228389382362366 -3.0095362663269043
v -1.2044795751571655 0.0636322870850563 -3.0910496711730957
v -1.2332899570465088 0.05422059819102287 -3.1681299209594727
l 7426 7427 7428 7429 7430 7431 7432 7433 7434 7435 7436 7437 7438 7439 7440 7441 7442 7443 7444 7445 7446 7447 7448 7449 7450 7451 7452 7453 7454 7455 7456 7457 7458 
o Tracks_V3
v 0.05212090164422989 0.13942299783229828 -0.08281809836626053
v 0.07607533037662506 0.13154155015945435 -0.156932532787323
v 0.10164014995098114 0.12499136477708817 -0.23535816371440887
v 0.1286940574645996 0.1197391152381897 -0.31780773401260376
v 0.15711577236652374 0.11575145274400711 -0.40399402379989624
v 0.18678399920463562 0.11299505829811096 -0.4936297535896301
v 0.2175774723291397 0.11143658310174942 -0.5864277482032776
v 0.2493748813867569 0.11104268580675125 -0.682100772857666
v 0.28205496072769165 0.11178003996610641 -0.7803614735603333
v 0.31549641489982605 0.11361530423164368 -0.880922794342041
v 0.349577933549881 0.1165151372551918 -0.9834973216056824
v 0.3841782808303833 0.12044620513916016 -1.087797999382019
v 0.4191761314868927 0.1253751814365387 -1.1935373544692993
v 0.45445021986961365 0.131268709897995 -1.3004283905029297
v 0.4898792505264282 0.13809345662593842 -1.4081836938858032
v 0.5253419280052185 0.14581610262393951 -1.516516089439392
v 0.560716986656189 0.15440328419208527 -1.6251384019851685
v 0.5958830714225769 0.16382168233394623 -1.733763337135315
v 0.630719006061554 0.17403796315193176 -1.8421036005020142
v 0.6651034355163574 0.18501877784729004 -1.9498720169067383
v 0.6989150643348694 0.1967308074235916 -2.05678129196167
v 0.7320326566696167 0.20914068818092346 -2.1625444889068604
v 0.7643349170684814 0.22221508622169495 -2.266873836517334
v 0.7957005500793457 0.23592068254947662 -2.3694825172424316
v 0.8260082006454468 0.25022414326667786 -2.470083236694336
v 0.8551366925239563 0.2650921046733856 -2.5683884620666504
v 0.8829646706581116 0.28049126267433167 -2.664111375808716
v 0.9093708395957947 0.2963882386684418 -2.7569644451141357
v 0.9342339634895325 0.3127497434616089 -2.8466603755950928
v 0.9574326872825623 0.3295423984527588 -2.9329123497009277
v 0.9788458347320557 0.34673288464546204 -3.015432596206665
v 0.99835205078125 0.3642878532409668 -3.0939342975616455
v 1.0158300399780273 0.38217398524284363 -3.1681299209594727
l 7459 7460 7461 7462 7463 7464 7465 7466 7467 7468 7469 7470 7471 7472 7473 7474 7475 7476 7477 7478 7479 7480 7481 7482 7483 7484 7485 7486 7487 7488 7489 7490 7491 
o Tracks_V3
v -0.04083549976348877 0.04020639881491661 -0.23930999636650085
v -0.05953854322433472 0.021737145259976387 -0.3097626268863678
v -0.0802144855260849 0.003426552517339587 -0.3842926621437073
v -0.10274750739336014 -0.014688690192997456 -0.4626283049583435
v -0.12702180445194244 -0.03257189318537712 -0.5444977283477783
v -0.15292157232761383 -0.050186365842819214 -0.6296292543411255
v -0.18033099174499512 -0.06749541312456131 -0.7177510261535645
v -0.20913425087928772 -0.08446235954761505 -0.8085912466049194
v -0.23921553790569305 -0.10105050355195999 -0.9018781185150146
v -0.27045905590057373 -0.11722315847873688 -0.9973399639129639
v -0.30274897813796997 -0.13294363021850586 -1.0947048664093018
v -0.3359695076942444 -0.14817523956298828 -1.193701148033142
v -0.3700048625469208 -0.1628812998533249 -1.2940568923950195
v -0.4047391712665558 -0.17702509462833405 -1.3955005407333374
v -0.4400566518306732 -0.19056996703147888 -1.4977600574493408
v -0.4758414924144745 -0.20347920060157776 -1.6005637645721436
v -0.5119778513908386 -0.21571612358093262 -1.7036399841308594
v -0.5483500361442566 -0.227244034409523 -1.8067166805267334
v -0.5848420858383179 -0.23802626132965088 -1.909522294998169
v -0.6213382482528687 -0.24802608788013458 -2.0117850303649902
v -0.6577227711677551 -0.25720685720443726 -2.1132328510284424
v -0.6938797831535339 -0.26553183794021606 -2.213594436645508
v -0.7296934723854065 -0.27296438813209534 -2.3125975131988525
v -0.7650480270385742 -0.27946776151657104 -2.40997052192688
v -0.7998276352882385 -0.2850053310394287 -2.505441665649414
v -0.8339165449142456 -0.2895403504371643 -2.5987393856048584
v -0.8671988844871521 -0.29303619265556335 -2.689591407775879
v -0.8995588421821594 -0.2954561114311218 -2.777726411819458
v -0.9308806657791138 -0.29676342010498047 -2.8628721237182617
v -0.9610484838485718 -0.2969214618206024 -2.9447572231292725
v -0.9899465441703796 -0.2958935499191284 -3.0231099128723145
v -1.0174590349197388 -0.29364293813705444 -3.0976579189300537
v -1.043470025062561 -0.290132999420166 -3.1681299209594727
l 7492 7493 7494 7495 7496 7497 7498 7499 7500 7501 7502 7503 7504 7505 7506 7507 7508 7509 7510 7511 7512 7513 7514 7515 7516 7517 7518 7519 7520 7521 7522 7523 7524 
