energy,eta,phi,time,detid,front_1_x,front_1_y,front_1_z,front_2_x,front_2_y,front_2_z,front_3_x,front_3_y,front_3_z,front_4_x,front_4_y,front_4_z,back_1_x,back_1_y,back_1_z,back_2_x,back_2_y,back_2_z,back_3_x,back_3_y,back_3_z,back_4_x,back_4_y,back_4_z
0.0771639,-1.52672,-2.8452,51.7205,872415780,-1.38381,-0.441116,-3.20808,-1.4111,-0.441105,-3.19964,-1.41183,-0.412647,-3.20204,-1.38454,-0.412659,-3.21048,-1.44855,-0.461819,-3.41732,-1.47716,-0.461807,-3.40847,-1.47793,-0.431973,-3.41099,-1.44932,-0.431985,-3.41984
0.0739897,-1.53205,-2.86443,-1.21022,872415781,-1.38438,-0.412056,-3.20997,-1.41167,-0.412045,-3.20153,-1.41235,-0.383572,-3.20376,-1.38506,-0.383583,-3.2122,-1.44916,-0.431382,-3.41933,-1.47777,-0.431371,-3.41048,-1.47848,-0.40152,-3.41282,-1.44987,-0.401532,-3.42167
-0.0155726,-1.53705,-2.88386,0.134844,872415782,-1.38496,-0.383,-3.21187,-1.41225,-0.382989,-3.20342,-1.41287,-0.354502,-3.20548,-1.38558,-0.354513,-3.21393,-1.44977,-0.400949,-3.42134,-1.47838,-0.400938,-3.41249,-1.47903,-0.371073,-3.41465,-1.45042,-0.371084,-3.4235
0.0148506,-1.54174,-2.90347,-1.79732,872415783,-1.38553,-0.353948,-3.21377,-1.41282,-0.353937,-3.20533,-1.4134,-0.325437,-3.20722,-1.3861,-0.325448,-3.21566,-1.45038,-0.370519,-3.42335,-1.47899,-0.370507,-3.4145,-1.47959,-0.340629,-3.41648,-1.45098,-0.34064,-3.42533
-0.025096,-1.54609,-2.92325,-0.074712,872415784,-1.38611,-0.324898,-3.21568,-1.4134,-0.324887,-3.20724,-1.41392,-0.296375,-3.20896,-1.38663,-0.296386,-3.2174,-1.45098,-0.34009,-3.42536,-1.4796,-0.340078,-3.41651,-1.48014,-0.310187,-3.41831,-1.45153,-0.310199,-3.42716
0.108722,-1.54589,-2.83953,38.3492,872415908,-1.35594,-0.441116,-3.2165,-1.38328,-0.441116,-3.20823,-1.38401,-0.412658,-3.21063,-1.35666,-0.412658,-3.21891,-1.41936,-0.461819,-3.42615,-1.44802,-0.461819,-3.41748,-1.44878,-0.431985,-3.42,-1.42012,-0.431985,-3.42867
-0.0299249,-1.48894,-2.64284,-2.3684,872416026,-1.31342,-0.737337,-3.182,-1.34082,-0.737247,-3.17392,-1.34195,-0.709003,-3.17806,-1.31455,-0.709094,-3.18614,-1.375,-0.771742,-3.39039,-1.40373,-0.771648,-3.38191,-1.40491,-0.742037,-3.38625,-1.37619,-0.742132,-3.39473
-0.122522,-1.49761,-2.66007,-1.03613,872416027,-1.3144,-0.708458,-3.18566,-1.3418,-0.708368,-3.17758,-1.34288,-0.680098,-3.18155,-1.31548,-0.680188,-3.18963,-1.37604,-0.741497,-3.39426,-1.40477,-0.741403,-3.38578,-1.4059,-0.711765,-3.38994,-1.37717,-0.711859,-3.39842
-0.0796102,-1.50609,-2.67759,-4.4147,872416028,-1.31539,-0.679584,-3.18934,-1.34279,-0.679494,-3.18125,-1.34382,-0.651199,-3.18505,-1.31642,-0.651289,-3.19314,-1.37708,-0.711256,-3.39812,-1.40581,-0.711161,-3.38965,-1.40688,-0.681497,-3.39363,-1.37816,-0.681591,-3.40211
0.0683488,-1.51436,-2.69539,-2.7723,872416029,-1.31637,-0.650714,-3.19302,-1.34378,-0.650624,-3.18493,-1.34475,-0.622304,-3.18856,-1.31735,-0.622395,-3.19664,-1.37812,-0.681017,-3.40199,-1.40684,-0.680922,-3.39352,-1.40787,-0.651233,-3.39732,-1.37914,-0.651327,-3.4058
0.24607,-1.52241,-2.71348,-11.048,872416030,-1.31736,-0.621847,-3.1967,-1.34476,-0.621757,-3.18862,-1.34569,-0.593414,-3.19208,-1.31829,-0.593504,-3.20016,-1.37915,-0.65078,-3.40586,-1.40788,-0.650686,-3.39739,-1.40885,-0.620972,-3.40101,-1.38013,-0.621066,-3.40949
0.669406,-1.52879,-2.73302,-5.89627,872416031,-1.31344,-0.588973,-3.18202,-1.34084,-0.588905,-3.17394,-1.34174,-0.56054,-3.17722,-1.31434,-0.560608,-3.1853,-1.37526,-0.616538,-3.39135,-1.40399,-0.616468,-3.38288,-1.40493,-0.586731,-3.38632,-1.3762,-0.586801,-3.39479
0.134103,-1.53627,-2.75175,22.4555,872416032,-1.31419,-0.559989,-3.18481,-1.34159,-0.559921,-3.17672,-1.34243,-0.531536,-3.17983,-1.31503,-0.531603,-3.18792,-1.37605,-0.586182,-3.3943,-1.40478,-0.586112,-3.38583,-1.40567,-0.556353,-3.38909,-1.37694,-0.556424,-3.39756
0.193086,-1.54347,-2.77075,-30.9719,872416033,-1.31493,-0.53101,-3.1876,-1.34234,-0.530942,-3.17952,-1.34313,-0.502537,-3.18246,-1.31573,-0.502604,-3.19054,-1.37684,-0.55583,-3.39725,-1.40557,-0.555759,-3.38878,-1.4064,-0.52598,-3.39186,-1.37768,-0.526051,-3.40033
0.606609,-1.5504,-2.79001,-6.35056,872416034,-1.31569,-0.502034,-3.1904,-1.34309,-0.501966,-3.18232,-1.34383,-0.473543,-3.18509,-1.31643,-0.47361,-3.19317,-1.37763,-0.525481,-3.4002,-1.40636,-0.52541,-3.39173,-1.40714,-0.495611,-3.39463,-1.37842,-0.495682,-3.4031
0.2252,-1.55703,-2.80952,63.2273,872416035,-1.31644,-0.473061,-3.19322,-1.34384,-0.472993,-3.18513,-1.34454,-0.444552,-3.18773,-1.31714,-0.44462,-3.19581,-1.37842,-0.495133,-3.40315,-1.40715,-0.495062,-3.39468,-1.40788,-0.465245,-3.3974,-1.37915,-0.465316,-3.40587
0.413294,-1.56225,-2.83047,-6.62958,872416036,-1.31345,-0.441121,-3.18204,-1.34085,-0.441076,-3.17395,-1.34152,-0.412618,-3.17637,-1.31412,-0.412664,-3.18446,-1.37546,-0.46182,-3.3921,-1.40419,-0.461773,-3.38363,-1.40488,-0.431939,-3.38617,-1.37616,-0.431986,-3.39464
-0.0369819,-1.50596,-2.63379,-1.73848,872416154,-1.28528,-0.737333,-3.18951,-1.31273,-0.737266,-3.1816,-1.31385,-0.709022,-3.18574,-1.2864,-0.709089,-3.19365,-1.34553,-0.771741,-3.39828,-1.37431,-0.771671,-3.38999,-1.37549,-0.74206,-3.39433,-1.34671,-0.742131,-3.40263
0.0913308,-1.51493,-2.65123,-21.4663,872416155,-1.28626,-0.708454,-3.19317,-1.31371,-0.708387,-3.18526,-1.31478,-0.680116,-3.18923,-1.28733,-0.680184,-3.19714,-1.34657,-0.741496,-3.40215,-1.37535,-0.741426,-3.39386,-1.37647,-0.711788,-3.39802,-1.3477,-0.711859,-3.40632
0.0635699,-1.52371,-2.66898,-15.5339,872416156,-1.28724,-0.67958,-3.19684,-1.31469,-0.679512,-3.18893,-1.31572,-0.651217,-3.19273,-1.28827,-0.651284,-3.20064,-1.34761,-0.711255,-3.40602,-1.37638,-0.711184,-3.39773,-1.37746,-0.68152,-3.40171,-1.34868,-0.681591,-3.41
0.0312049,-1.53227,-2.68702,-1.00169,872416157,-1.28823,-0.65071,-3.20052,-1.31568,-0.650642,-3.19261,-1.31666,-0.622323,-3.19624,-1.2892,-0.62239,-3.20415,-1.34864,-0.681017,-3.40989,-1.37742,-0.680946,-3.4016,-1.37845,-0.651256,-3.4054,-1.34967,-0.651327,-3.41369
0.100466,-1.5406,-2.70536,-21.8408,872416158,-1.28922,-0.621843,-3.20421,-1.31667,-0.621775,-3.1963,-1.31759,-0.593432,-3.19976,-1.29014,-0.5935,-3.20767,-1.34968,-0.650779,-3.41376,-1.37846,-0.650709,-3.40546,-1.37943,-0.620995,-3.40909,-1.35065,-0.621066,-3.41738
-0.00329053,-1.54735,-2.72515,-2.31805,872416159,-1.28529,-0.588969,-3.18953,-1.31274,-0.588919,-3.18162,-1.31364,-0.560554,-3.1849,-1.28619,-0.560605,-3.19281,-1.34579,-0.616538,-3.39925,-1.37457,-0.616485,-3.39095,-1.3755,-0.586748,-3.39439,-1.34672,-0.586801,-3.40269
-0.0886374,-1.55511,-2.74417,-1.89683,872416160,-1.28604,-0.559985,-3.19231,-1.31349,-0.559935,-3.1844,-1.31433,-0.531549,-3.18751,-1.28688,-0.5316,-3.19543,-1.34658,-0.586182,-3.4022,-1.37536,-0.586129,-3.3939,-1.37624,-0.55637,-3.39716,-1.34746,-0.556423,-3.40546
0.407755,-1.56259,-2.76346,24.3548,872416161,-1.28679,-0.531006,-3.19511,-1.31424,-0.530956,-3.1872,-1.31503,-0.50255,-3.19014,-1.28758,-0.502601,-3.19805,-1.34737,-0.55583,-3.40515,-1.37615,-0.555777,-3.39685,-1.37698,-0.525997,-3.39993,-1.3482,-0.52605,-3.40823
0.388422,-1.56978,-2.78304,27.3447,872416162,-1.28754,-0.502031,-3.19791,-1.31499,-0.50198,-3.19,-1.31573,-0.473556,-3.19277,-1.28828,-0.473607,-3.20068,-1.34816,-0.52548,-3.4081,-1.37694,-0.525427,-3.3998,-1.37772,-0.495628,-3.4027,-1.34894,-0.495682,-3.411
0.174575,-1.57666,-2.80288,31.5878,872416163,-1.28829,-0.473058,-3.20072,-1.31574,-0.473007,-3.19281,-1.31644,-0.444566,-3.19541,-1.28899,-0.444617,-3.20332,-1.34895,-0.495132,-3.41104,-1.37773,-0.495079,-3.40275,-1.37846,-0.465262,-3.40547,-1.34968,-0.465315,-3.41377
0.296364,-1.5822,-2.82418,13.0334,872416164,-1.2853,-0.441119,-3.18954,-1.31275,-0.441085,-3.18163,-1.31342,-0.412628,-3.18405,-1.28597,-0.412661,-3.19196,-1.34599,-0.46182,-3.4,-1.37476,-0.461784,-3.3917,-1.37546,-0.43195,-3.39424,-1.34668,-0.431986,-3.40253
0.0961393,-1.5232,-2.62444,-1.86389,872416282,-1.25714,-0.73733,-3.19702,-1.28464,-0.737285,-3.18928,-1.28576,-0.709041,-3.19343,-1.25826,-0.709086,-3.20117,-1.31606,-0.771741,-3.40618,-1.34489,-0.771694,-3.39806,-1.34607,-0.742084,-3.40241,-1.31724,-0.742131,-3.41052
0.0415692,-1.53248,-2.64209,-0.634822,872416283,-1.25812,-0.708451,-3.20069,-1.28562,-0.708406,-3.19295,-1.28669,-0.680135,-3.19692,-1.25919,-0.680181,-3.20466,-1.3171,-0.741496,-3.41005,-1.34593,-0.741449,-3.40193,-1.34705,-0.711811,-3.4061,-1.31822,-0.711858,-3.41421
0.0814225,-1.54157,-2.66006,-0.781779,872416284,-1.2591,-0.679577,-3.20436,-1.2866,-0.679532,-3.19662,-1.28763,-0.651236,-3.20042,-1.26013,-0.651281,-3.20816,-1.31814,-0.711255,-3.41392,-1.34697,-0.711207,-3.4058,-1.34804,-0.681543,-3.40979,-1.31921,-0.68159,-3.4179
-0.083186,-1.55043,-2.67835,-67.0627,872416285,-1.26009,-0.650707,-3.20804,-1.28759,-0.650662,-3.2003,-1.28856,-0.622342,-3.20393,-1.26106,-0.622387,-3.21167,-1.31917,-0.681016,-3.41778,-1.348,-0.680969,-3.40967,-1.34903,-0.651279,-3.41348,-1.3202,-0.651326,-3.42159
-0.0387217,-1.55907,-2.69694,-0.477819,872416286,-1.26108,-0.621839,-3.21173,-1.28858,-0.621794,-3.20399,-1.2895,-0.593452,-3.20745,-1.262,-0.593497,-3.21519,-1.32021,-0.650779,-3.42165,-1.34904,-0.650732,-3.41354,-1.35001,-0.621018,-3.41716,-1.32118,-0.621065,-3.42528
0.261839,-1.56621,-2.717,-35.7253,872416287,-1.25715,-0.588967,-3.19704,-1.28465,-0.588933,-3.1893,-1.28554,-0.560569,-3.19259,-1.25804,-0.560602,-3.20033,-1.31632,-0.616538,-3.40714,-1.34515,-0.616502,-3.39903,-1.34608,-0.586765,-3.40247,-1.31725,-0.586801,-3.41058
0.185768,-1.57426,-2.7363,-43.0681,872416288,-1.2579,-0.559983,-3.19983,-1.2854,-0.559949,-3.19209,-1.28624,-0.531564,-3.1952,-1.25874,-0.531598,-3.20294,-1.31711,-0.586182,-3.41009,-1.34594,-0.586146,-3.40198,-1.34682,-0.556388,-3.40524,-1.31799,-0.556423,-3.41335
-0.0758152,-1.58203,-2.7559,-0.499662,872416289,-1.25865,-0.531004,-3.20262,-1.28615,-0.53097,-3.19488,-1.28694,-0.502565,-3.19782,-1.25944,-0.502599,-3.20556,-1.3179,-0.555829,-3.41304,-1.34673,-0.555794,-3.40493,-1.34756,-0.526015,-3.40801,-1.31873,-0.52605,-3.41612
0.314942,-1.5895,-2.7758,-35.0411,872416290,-1.2594,-0.502028,-3.20543,-1.2869,-0.501995,-3.19769,-1.28764,-0.473571,-3.20046,-1.26014,-0.473605,-3.2082,-1.31869,-0.52548,-3.41599,-1.34752,-0.525445,-3.40787,-1.3483,-0.495646,-3.41078,-1.31947,-0.495681,-3.41889
0.28547,-1.59666,-2.79598,-37.4977,872416291,-1.26015,-0.473055,-3.20824,-1.28765,-0.473022,-3.2005,-1.28835,-0.44458,-3.20309,-1.26085,-0.444614,-3.21083,-1.31948,-0.495132,-3.41894,-1.34831,-0.495097,-3.41082,-1.34904,-0.46528,-3.41355,-1.32021,-0.465315,-3.42166
0.343377,-1.60253,-2.81763,40.8658,872416292,-1.25716,-0.441117,-3.19706,-1.28466,-0.441095,-3.18932,-1.28532,-0.412637,-3.19174,-1.25782,-0.41266,-3.19948,-1.31652,-0.46182,-3.40789,-1.34535,-0.461796,-3.39977,-1.34604,-0.431962,-3.40231,-1.31721,-0.431985,-3.41043
0.0656659,-1.60892,-2.83843,-1.387,872416293,-1.25767,-0.412057,-3.19896,-1.28517,-0.412035,-3.19122,-1.28578,-0.383562,-3.19347,-1.25828,-0.383584,-3.20121,-1.31706,-0.431383,-3.40992,-1.34589,-0.431359,-3.4018,-1.34653,-0.401509,-3.40416,-1.3177,-0.401533,-3.41227
0.183432,-1.61496,-2.85948,-11.4231,872416294,-1.25819,-0.383001,-3.20088,-1.28569,-0.382979,-3.19314,-1.28625,-0.354492,-3.19521,-1.25875,-0.354514,-3.20295,-1.3176,-0.40095,-3.41194,-1.34643,-0.400926,-3.40383,-1.34702,-0.371061,-3.40601,-1.31819,-0.371085,-3.41412
0.0753622,-1.62061,-2.88077,-1.10797,872416295,-1.2587,-0.353949,-3.2028,-1.2862,-0.353926,-3.19506,-1.28672,-0.325427,-3.19696,-1.25922,-0.325449,-3.2047,-1.31815,-0.370519,-3.41397,-1.34698,-0.370496,-3.40586,-1.34751,-0.340617,-3.40785,-1.31868,-0.340641,-3.41597
-0.343435,-1.62587,-2.90229,-1.89828,872416296,-1.25922,-0.324899,-3.20473,-1.28672,-0.324876,-3.19699,-1.28718,-0.296365,-3.19872,-1.25968,-0.296387,-3.20646,-1.31869,-0.34009,-3.416,-1.34752,-0.340067,-3.40788,-1.34801,-0.310176,-3.4097,-1.31918,-0.310199,-3.41781
0.14989,-1.63006,-2.92526,43.836,872416297,-1.25717,-0.293632,-3.19706,-1.28467,-0.293621,-3.18932,-1.2851,-0.265099,-3.19088,-1.2576,-0.26511,-3.19862,-1.31666,-0.307446,-3.40842,-1.34549,-0.307434,-3.40031,-1.34593,-0.277532,-3.40194,-1.3171,-0.277544,-3.41005
0.201515,-1.54066,-2.61477,9.91228,872416410,-1.229,-0.737328,-3.20455,-1.25655,-0.737305,-3.19698,-1.25767,-0.709061,-3.20112,-1.23012,-0.709084,-3.20869,-1.2866,-0.77174,-3.41407,-1.31548,-0.771717,-3.40614,-1.31665,-0.742107,-3.41048,-1.28777,-0.74213,-3.41842
0.182203,-1.55027,-2.63264,11.8557,872416411,-1.22999,-0.708449,-3.20821,-1.25753,-0.708426,-3.20064,-1.2586,-0.680156,-3.20462,-1.23105,-0.680178,-3.21218,-1.28764,-0.741495,-3.41794,-1.31651,-0.741472,-3.41001,-1.31763,-0.711834,-3.41417,-1.28876,-0.711857,-3.42211
0.195205,-1.55968,-2.65084,-8.21326,872416412,-1.23097,-0.679575,-3.21188,-1.25852,-0.679552,-3.20432,-1.25954,-0.651256,-3.20812,-1.23199,-0.651279,-3.21569,-1.28867,-0.711254,-3.42181,-1.31755,-0.71123,-3.41388,-1.31862,-0.681566,-3.41786,-1.28974,-0.68159,-3.42579
0.617147,-1.56887,-2.66936,-0.265103,872416413,-1.23196,-0.650704,-3.21556,-1.2595,-0.650682,-3.208,-1.26048,-0.622362,-3.21163,-1.23293,-0.622385,-3.21919,-1.28971,-0.681015,-3.42568,-1.31859,-0.680992,-3.41774,-1.31961,-0.651302,-3.42155,-1.29073,-0.651326,-3.42948
0.0252317,-1.57782,-2.68822,57.9752,872416414,-1.23294,-0.621837,-3.21925,-1.26049,-0.621815,-3.21168,-1.26142,-0.593472,-3.21514,-1.23387,-0.593494,-3.22271,-1.29075,-0.650778,-3.42955,-1.31963,-0.650755,-3.42161,-1.3206,-0.621041,-3.42524,-1.29172,-0.621065,-3.43317
0.330621,-1.58536,-2.70854,3.31569,872416415,-1.22902,-0.588965,-3.20456,-1.25657,-0.588949,-3.197,-1.25745,-0.560584,-3.20028,-1.2299,-0.560601,-3.20785,-1.28685,-0.616537,-3.41503,-1.31573,-0.61652,-3.4071,-1.31666,-0.586783,-3.41054,-1.28778,-0.5868,-3.41848
0.602117,-1.59373,-2.72814,2.97134,872416416,-1.22977,-0.559981,-3.20735,-1.25731,-0.559964,-3.19978,-1.25815,-0.531579,-3.2029,-1.2306,-0.531596,-3.21046,-1.28764,-0.586181,-3.41798,-1.31652,-0.586163,-3.41005,-1.3174,-0.556405,-3.41331,-1.28852,-0.556423,-3.42125
1.47386,-1.6018,-2.74805,4.13793,872416417,-1.23051,-0.531002,-3.21015,-1.25806,-0.530985,-3.20258,-1.25885,-0.50258,-3.20552,-1.23131,-0.502597,-3.21309,-1.28843,-0.555829,-3.42093,-1.31731,-0.555811,-3.413,-1.31814,-0.526032,-3.41608,-1.28926,-0.52605,-3.42401
0.671341,-1.60957,-2.76828,-2.80965,872416418,-1.23127,-0.502027,-3.21295,-1.25881,-0.50201,-3.20538,-1.25956,-0.473586,-3.20815,-1.23201,-0.473603,-3.21572,-1.28922,-0.52548,-3.42388,-1.3181,-0.525462,-3.41595,-1.31888,-0.495663,-3.41885,-1.29,-0.495681,-3.42678
0.902036,-1.61701,-2.7888,4.05953,872416419,-1.23202,-0.473054,-3.21576,-1.25957,-0.473037,-3.20819,-1.26026,-0.444596,-3.21079,-1.23271,-0.444613,-3.21836,-1.29001,-0.495132,-3.42683,-1.31889,-0.495114,-3.4189,-1.31962,-0.465297,-3.42162,-1.29074,-0.465315,-3.42955
0.40084,-1.62324,-2.81082,29.0851,872416420,-1.22903,-0.441116,-3.20457,-1.25658,-0.441105,-3.19701,-1.25723,-0.412648,-3.19943,-1.22968,-0.412659,-3.207,-1.28705,-0.461819,-3.41578,-1.31593,-0.461808,-3.40785,-1.31662,-0.431973,-3.41039,-1.28774,-0.431985,-3.41832
0.455526,-1.62991,-2.83199,-3.46684,872416421,-1.22954,-0.412056,-3.20648,-1.25709,-0.412045,-3.19891,-1.2577,-0.383572,-3.20117,-1.23015,-0.383583,-3.20873,-1.28759,-0.431382,-3.41781,-1.31647,-0.431371,-3.40987,-1.31711,-0.40152,-3.41223,-1.28823,-0.401532,-3.42017
0.176261,-1.6362,-2.85344,-2.99088,872416422,-1.23005,-0.383,-3.2084,-1.2576,-0.382989,-3.20083,-1.25816,-0.354502,-3.20291,-1.23061,-0.354513,-3.21047,-1.28814,-0.400949,-3.41983,-1.31702,-0.400938,-3.4119,-1.3176,-0.371073,-3.41408,-1.28872,-0.371084,-3.42201
-0.0387174,-1.64209,-2.87515,-1.33147,872416423,-1.23057,-0.353948,-3.21032,-1.25812,-0.353937,-3.20275,-1.25863,-0.325437,-3.20466,-1.23108,-0.325448,-3.21222,-1.28868,-0.370519,-3.42186,-1.31756,-0.370507,-3.41393,-1.3181,-0.340629,-3.41593,-1.28922,-0.34064,-3.42386
-0.235387,-1.64757,-2.8971,-0.868278,872416424,-1.23109,-0.324898,-3.21225,-1.25863,-0.324887,-3.20468,-1.2591,-0.296375,-3.20641,-1.23155,-0.296386,-3.21398,-1.28922,-0.34009,-3.42389,-1.3181,-0.340078,-3.41596,-1.31859,-0.310187,-3.41777,-1.28971,-0.310199,-3.4257
0.0981862,-1.65203,-2.92052,-1.52966,872416425,-1.22904,-0.293632,-3.20458,-1.25659,-0.293626,-3.19702,-1.25701,-0.265104,-3.19857,-1.22946,-0.26511,-3.20614,-1.28719,-0.307446,-3.41631,-1.31607,-0.30744,-3.40838,-1.31651,-0.277538,-3.41001,-1.28763,-0.277544,-3.41794
0.235504,-1.65656,-2.94296,-10.5647,872416426,-1.22931,-0.264524,-3.2056,-1.25686,-0.264518,-3.19804,-1.25723,-0.235986,-3.19942,-1.22969,-0.235992,-3.20699,-1.28749,-0.276958,-3.41741,-1.31637,-0.276952,-3.40948,-1.31676,-0.24704,-3.41093,-1.28788,-0.247046,-3.41887
0.453696,-1.66063,-2.96559,-6.66595,872416427,-1.22959,-0.23542,-3.20664,-1.25714,-0.235415,-3.19907,-1.25746,-0.206874,-3.20028,-1.22992,-0.20688,-3.20785,-1.28778,-0.246474,-3.41852,-1.31666,-0.246468,-3.41058,-1.31701,-0.216547,-3.41186,-1.28813,-0.216553,-3.41979
0.0385662,-1.66425,-2.9884,-0.641759,872416428,-1.22987,-0.20632,-3.20768,-1.25741,-0.206314,-3.20011,-1.25769,-0.177766,-3.20115,-1.23015,-0.177772,-3.20872,-1.28808,-0.215993,-3.41962,-1.31696,-0.215987,-3.41169,-1.31725,-0.186058,-3.41278,-1.28837,-0.186064,-3.42071
0.13279,-1.5683,-2.62285,33.4821,872416539,-1.20186,-0.708447,-3.21574,-1.22945,-0.708447,-3.20835,-1.23052,-0.680177,-3.21232,-1.20292,-0.680177,-3.21972,-1.25817,-0.741495,-3.42583,-1.2871,-0.741495,-3.41808,-1.28822,-0.711857,-3.42225,-1.25929,-0.711857,-3.43
0.15782,-1.57805,-2.64128,-2.5456,872416540,-1.20284,-0.679573,-3.21942,-1.23044,-0.679574,-3.21202,-1.23145,-0.651278,-3.21582,-1.20386,-0.651278,-3.22322,-1.25921,-0.711254,-3.4297,-1.28814,-0.711254,-3.42195,-1.28921,-0.681589,-3.42593,-1.26028,-0.681589,-3.43369
0.163557,-1.58757,-2.66006,-5.5251,872416541,-1.20383,-0.650703,-3.2231,-1.23142,-0.650703,-3.2157,-1.23239,-0.622384,-3.21933,-1.2048,-0.622384,-3.22673,-1.26025,-0.681015,-3.43357,-1.28918,-0.681015,-3.42582,-1.2902,-0.651325,-3.42962,-1.26127,-0.651325,-3.43738
0.410312,-1.59686,-2.67918,2.09049,872416542,-1.20482,-0.621836,-3.22678,-1.23241,-0.621836,-3.21939,-1.23334,-0.593493,-3.22285,-1.20574,-0.593493,-3.23024,-1.26128,-0.650778,-3.43744,-1.29021,-0.650778,-3.42969,-1.29118,-0.621064,-3.43331,-1.26226,-0.621064,-3.44107
1.12206,-1.60483,-2.69976,0.360505,872416543,-1.20089,-0.588965,-3.21209,-1.22848,-0.588965,-3.2047,-1.22937,-0.5606,-3.20798,-1.20177,-0.5606,-3.21538,-1.25739,-0.616537,-3.42292,-1.28632,-0.616537,-3.41517,-1.28724,-0.5868,-3.41862,-1.25831,-0.5868,-3.42637
4.88456,-1.61352,-2.71966,1.16675,872416544,-1.20164,-0.559981,-3.21488,-1.22923,-0.559981,-3.20748,-1.23007,-0.531595,-3.2106,-1.20247,-0.531595,-3.21799,-1.25818,-0.586181,-3.42587,-1.28711,-0.586181,-3.41812,-1.28798,-0.556422,-3.42139,-1.25906,-0.556422,-3.42914
3.93453,-1.62192,-2.73989,0.739112,872416545,-1.20239,-0.531001,-3.21767,-1.22998,-0.531001,-3.21028,-1.23077,-0.502596,-3.21322,-1.20317,-0.502596,-3.22062,-1.25897,-0.555829,-3.42882,-1.2879,-0.555829,-3.42107,-1.28873,-0.526049,-3.42415,-1.2598,-0.526049,-3.43191
2.05321,-1.63,-2.76045,0.841279,872416546,-1.20314,-0.502026,-3.22048,-1.23073,-0.502026,-3.21308,-1.23147,-0.473602,-3.21585,-1.20388,-0.473602,-3.22325,-1.25976,-0.525479,-3.43177,-1.28869,-0.525479,-3.42402,-1.28947,-0.49568,-3.42692,-1.26054,-0.49568,-3.43468
0.980915,-1.63775,-2.78133,4.9988,872416547,-1.20389,-0.473053,-3.22329,-1.23148,-0.473053,-3.21589,-1.23218,-0.444612,-3.21849,-1.20459,-0.444612,-3.22589,-1.26055,-0.495131,-3.43472,-1.28948,-0.495131,-3.42697,-1.29021,-0.465314,-3.42969,-1.26128,-0.465314,-3.43744
0.104594,-1.64435,-2.80372,1.33212,872416548,-1.2009,-0.441116,-3.2121,-1.2285,-0.441116,-3.20471,-1.22915,-0.412658,-3.20713,-1.20155,-0.412658,-3.21453,-1.25759,-0.461819,-3.42367,-1.28652,-0.461819,-3.41592,-1.2872,-0.431985,-3.41846,-1.25827,-0.431985,-3.42621
0.470677,-1.6513,-2.82529,13.5322,872416549,-1.20141,-0.412055,-3.21401,-1.22901,-0.412055,-3.20662,-1.22961,-0.383583,-3.20887,-1.20202,-0.383583,-3.21626,-1.25813,-0.431382,-3.4257,-1.28706,-0.431382,-3.41794,-1.28769,-0.401532,-3.42031,-1.25876,-0.401532,-3.42806
0.753159,-1.65786,-2.84715,-4.23417,872416550,-1.20192,-0.383,-3.21592,-1.22952,-0.383,-3.20853,-1.23008,-0.354513,-3.21061,-1.20248,-0.354513,-3.218,-1.25867,-0.400949,-3.42772,-1.2876,-0.400949,-3.41997,-1.28819,-0.371084,-3.42215,-1.25926,-0.371084,-3.4299
0.251249,-1.66401,-2.86929,-28.5747,872416551,-1.20244,-0.353947,-3.21785,-1.23003,-0.353947,-3.21045,-1.23055,-0.325447,-3.21236,-1.20295,-0.325448,-3.21975,-1.25922,-0.370519,-3.42975,-1.28815,-0.370519,-3.422,-1.28868,-0.34064,-3.424,-1.25975,-0.34064,-3.43175
-0.0415973,-1.66974,-2.89167,-0.969931,872416552,-1.20296,-0.324897,-3.21978,-1.23055,-0.324897,-3.21238,-1.23102,-0.296386,-3.21412,-1.20342,-0.296386,-3.22151,-1.25976,-0.34009,-3.43178,-1.28869,-0.34009,-3.42403,-1.28918,-0.310199,-3.42584,-1.26025,-0.310199,-3.43359
0.158811,-1.67448,-2.91557,-0.669052,872416553,-1.20091,-0.293632,-3.21211,-1.2285,-0.293632,-3.20472,-1.22892,-0.265109,-3.20628,-1.20133,-0.265109,-3.21367,-1.25773,-0.307446,-3.4242,-1.28666,-0.307446,-3.41645,-1.2871,-0.277543,-3.41808,-1.25817,-0.277543,-3.42583
-0.182802,-1.67922,-2.93849,-0.676116,872416554,-1.20118,-0.264524,-3.21313,-1.22878,-0.264524,-3.20574,-1.22915,-0.235992,-3.20713,-1.20155,-0.235992,-3.21452,-1.25802,-0.276958,-3.4253,-1.28695,-0.276958,-3.41755,-1.28734,-0.247046,-3.41901,-1.25841,-0.247046,-3.42676
0.00244699,-1.68348,-2.96161,-0.301848,872416555,-1.20146,-0.23542,-3.21416,-1.22905,-0.23542,-3.20677,-1.22938,-0.20688,-3.20798,-1.20178,-0.20688,-3.21538,-1.25832,-0.246474,-3.42641,-1.28725,-0.246474,-3.41866,-1.28759,-0.216553,-3.41993,-1.25866,-0.216553,-3.42768
-0.352647,-1.68726,-2.98491,-0.0388491,872416556,-1.20174,-0.206319,-3.2152,-1.22933,-0.206319,-3.20781,-1.22961,-0.177772,-3.20885,-1.20202,-0.177772,-3.21624,-1.25861,-0.215992,-3.42751,-1.28754,-0.215992,-3.41976,-1.28784,-0.186064,-3.42085,-1.25891,-0.186064,-3.4286
-0.0633909,-1.51836,-2.5031,-2.5457,872416661,-1.1608,-0.886364,-3.18113,-1.18845,-0.886252,-3.17393,-1.18964,-0.858157,-3.17897,-1.162,-0.858269,-3.18617,-1.21539,-0.927575,-3.39023,-1.24438,-0.927457,-3.38269,-1.24563,-0.898003,-3.38797,-1.21665,-0.89812,-3.39551
-0.00878512,-1.57202,-2.58993,-0.506343,872416666,-1.16082,-0.737337,-3.18116,-1.18847,-0.737247,-3.17396,-1.18946,-0.709004,-3.17814,-1.16182,-0.709094,-3.18533,-1.21567,-0.771742,-3.39142,-1.24465,-0.771648,-3.38388,-1.2457,-0.742037,-3.38825,-1.21671,-0.742132,-3.3958
-0.286274,-1.58256,-2.60828,-0.172355,872416667,-1.16169,-0.708458,-3.18485,-1.18933,-0.708368,-3.17766,-1.19028,-0.680098,-3.18166,-1.16264,-0.680188,-3.18886,-1.21658,-0.741497,-3.39532,-1.24557,-0.741403,-3.38778,-1.24656,-0.711765,-3.39197,-1.21758,-0.711859,-3.39952
0.177532,-1.59289,-2.62699,38.4761,872416668,-1.16255,-0.679584,-3.18856,-1.1902,-0.679494,-3.18136,-1.1911,-0.651199,-3.18519,-1.16346,-0.651289,-3.19239,-1.2175,-0.711256,-3.39922,-1.24648,-0.711161,-3.39168,-1.24743,-0.681497,-3.39569,-1.21844,-0.681591,-3.40324
0.272823,-1.603,-2.64609,7.00031,872416669,-1.16342,-0.650714,-3.19227,-1.19107,-0.650624,-3.18507,-1.19193,-0.622304,-3.18873,-1.16428,-0.622394,-3.19592,-1.21841,-0.681017,-3.40312,-1.24739,-0.680923,-3.39558,-1.24829,-0.651233,-3.39941,-1.21931,-0.651327,-3.40696
0.496372,-1.61287,-2.66555,17.5452,872416670,-1.16429,-0.621847,-3.19598,-1.19194,-0.621757,-3.18879,-1.19275,-0.593414,-3.19227,-1.1651,-0.593504,-3.19947,-1.21932,-0.65078,-3.40702,-1.2483,-0.650686,-3.39948,-1.24916,-0.620972,-3.40313,-1.22017,-0.621066,-3.41068
0.686456,-1.62108,-2.68668,-0.00890636,872416671,-1.16084,-0.588973,-3.18118,-1.18849,-0.588905,-3.17398,-1.18928,-0.56054,-3.17729,-1.16163,-0.560608,-3.18449,-1.21589,-0.616538,-3.3924,-1.24488,-0.616467,-3.38485,-1.24571,-0.586731,-3.38832,-1.21672,-0.586802,-3.39586
2.81653,-1.63033,-2.70699,2.20476,872416672,-1.1615,-0.559989,-3.18399,-1.18914,-0.559921,-3.17679,-1.18989,-0.531536,-3.17993,-1.16224,-0.531603,-3.18713,-1.21659,-0.586182,-3.39537,-1.24557,-0.586112,-3.38782,-1.24636,-0.556353,-3.39111,-1.21737,-0.556424,-3.39866
10.4883,-1.63928,-2.72766,0.90899,872416673,-1.16215,-0.53101,-3.18681,-1.1898,-0.530942,-3.17961,-1.1905,-0.502537,-3.18258,-1.16286,-0.502604,-3.18977,-1.21729,-0.55583,-3.39834,-1.24627,-0.555759,-3.3908,-1.24701,-0.52598,-3.3939,-1.21802,-0.526051,-3.40145
2.51704,-1.64791,-2.7487,2.6159,872416674,-1.16282,-0.502034,-3.18963,-1.19046,-0.501966,-3.18244,-1.19112,-0.473543,-3.18523,-1.16347,-0.47361,-3.19243,-1.21798,-0.525481,-3.40132,-1.24697,-0.52541,-3.39377,-1.24765,-0.495611,-3.3967,-1.21867,-0.495682,-3.40424
0.703582,-1.65619,-2.77008,-6.21232,872416675,-1.16348,-0.473061,-3.19247,-1.19112,-0.472993,-3.18527,-1.19174,-0.444552,-3.18789,-1.16409,-0.44462,-3.19509,-1.21868,-0.495133,-3.40429,-1.24766,-0.495062,-3.39674,-1.2483,-0.465245,-3.39949,-1.21932,-0.465316,-3.40703
0.379514,-1.66302,-2.79312,-12.879,872416676,-1.16085,-0.441121,-3.1812,-1.1885,-0.441076,-3.174,-1.18909,-0.412619,-3.17644,-1.16144,-0.412664,-3.18364,-1.21607,-0.46182,-3.39315,-1.24505,-0.461773,-3.38561,-1.24567,-0.431939,-3.38816,-1.21669,-0.431986,-3.39571
4.92871,-1.67045,-2.81525,1.1443,872416677,-1.1613,-0.412061,-3.18312,-1.18895,-0.412016,-3.17592,-1.18949,-0.383543,-3.17819,-1.16184,-0.383588,-3.18539,-1.21655,-0.431383,-3.3952,-1.24553,-0.431336,-3.38765,-1.2461,-0.401486,-3.39003,-1.21712,-0.401533,-3.39757
2.71818,-1.67748,-2.83771,1.96954,872416678,-1.16175,-0.383005,-3.18505,-1.1894,-0.38296,-3.17785,-1.1899,-0.354473,-3.17994,-1.16225,-0.354518,-3.18714,-1.21703,-0.40095,-3.39724,-1.24601,-0.400903,-3.38969,-1.24653,-0.371038,-3.39189,-1.21755,-0.371085,-3.39943
0.554862,-1.68407,-2.86046,-9.49181,872416679,-1.1622,-0.353953,-3.18699,-1.18985,-0.353908,-3.17979,-1.1903,-0.325408,-3.18171,-1.16266,-0.325453,-3.18891,-1.2175,-0.37052,-3.39928,-1.24649,-0.370472,-3.39174,-1.24696,-0.340594,-3.39375,-1.21798,-0.340641,-3.4013
0.0501868,-1.69022,-2.8835,-1.89488,872416680,-1.16266,-0.324903,-3.18893,-1.19031,-0.324858,-3.18174,-1.19071,-0.296346,-3.18348,-1.16307,-0.296391,-3.19068,-1.21798,-0.340091,-3.40133,-1.24697,-0.340044,-3.39378,-1.24739,-0.310153,-3.39561,-1.21841,-0.3102,-3.40316
0.297669,-1.69514,-2.90815,40.8841,872416681,-1.16086,-0.293634,-3.18121,-1.18851,-0.293612,-3.17401,-1.18889,-0.265089,-3.17558,-1.16124,-0.265112,-3.18278,-1.21619,-0.307446,-3.39369,-1.24518,-0.307422,-3.38614,-1.24558,-0.27752,-3.38779,-1.2166,-0.277544,-3.39533
1.73744,-1.70022,-2.93177,-14.208,872416682,-1.1611,-0.264526,-3.18224,-1.18875,-0.264504,-3.17504,-1.18909,-0.235972,-3.17644,-1.16144,-0.235994,-3.18363,-1.21645,-0.276958,-3.3948,-1.24544,-0.276935,-3.38726,-1.24579,-0.247022,-3.38872,-1.21681,-0.247046,-3.39626
0.165211,-1.7048,-2.95561,-2.32787,872416683,-1.16134,-0.235423,-3.18328,-1.18899,-0.2354,-3.17608,-1.18928,-0.20686,-3.1773,-1.16164,-0.206882,-3.1845,-1.21672,-0.246474,-3.39591,-1.2457,-0.246451,-3.38837,-1.24601,-0.21653,-3.38965,-1.21702,-0.216553,-3.39719
-0.105468,-1.70887,-2.97966,-2.64363,872416684,-1.16159,-0.206322,-3.18433,-1.18923,-0.2063,-3.17713,-1.18948,-0.177752,-3.17818,-1.16184,-0.177774,-3.18538,-1.21698,-0.215993,-3.39703,-1.24596,-0.215969,-3.38948,-1.24622,-0.186041,-3.39058,-1.21724,-0.186064,-3.39812
0.0298778,-1.53447,-2.49136,-2.7057,872416789,-1.13243,-0.886359,-3.18773,-1.16012,-0.886275,-3.18071,-1.16131,-0.858179,-3.18575,-1.13362,-0.858264,-3.19277,-1.18568,-0.927574,-3.39718,-1.21471,-0.927486,-3.38981,-1.21596,-0.898031,-3.39509,-1.18693,-0.89812,-3.40246
-0.0861631,-1.59011,-2.57897,-0.677351,872416794,-1.13245,-0.737333,-3.18776,-1.16014,-0.737266,-3.18073,-1.16113,-0.709022,-3.18491,-1.13344,-0.709089,-3.19193,-1.18596,-0.771741,-3.39837,-1.21499,-0.771671,-3.391,-1.21603,-0.74206,-3.39538,-1.187,-0.742131,-3.40274
-0.150052,-1.60104,-2.59753,-0.569708,872416795,-1.13331,-0.708454,-3.19145,-1.161,-0.708386,-3.18443,-1.16195,-0.680116,-3.18843,-1.13426,-0.680184,-3.19546,-1.18687,-0.741496,-3.40227,-1.2159,-0.741426,-3.3949,-1.21689,-0.711788,-3.3991,-1.18786,-0.711859,-3.40646
0.310285,-1.61176,-2.61648,21.8837,872416796,-1.13418,-0.67958,-3.19516,-1.16187,-0.679512,-3.18813,-1.16277,-0.651217,-3.19196,-1.13508,-0.651284,-3.19899,-1.18778,-0.711255,-3.40617,-1.21681,-0.711184,-3.3988,-1.21776,-0.68152,-3.40282,-1.18873,-0.681591,-3.41018
0.709385,-1.62226,-2.63582,16.1648,872416797,-1.13505,-0.65071,-3.19887,-1.16274,-0.650642,-3.19184,-1.1636,-0.622323,-3.1955,-1.13591,-0.62239,-3.20252,-1.1887,-0.681016,-3.41007,-1.21773,-0.680946,-3.4027,-1.21863,-0.651256,-3.40654,-1.1896,-0.651327,-3.4139
1.40209,-1.63251,-2.65556,6.29237,872416798,-1.13592,-0.621843,-3.20258,-1.16361,-0.621775,-3.19556,-1.16442,-0.593432,-3.19905,-1.13673,-0.5935,-3.20607,-1.18961,-0.650779,-3.41397,-1.21864,-0.650709,-3.4066,-1.21949,-0.620995,-3.41026,-1.19046,-0.621066,-3.41762
3.19638,-1.64119,-2.67696,2.56621,872416799,-1.13247,-0.588969,-3.18778,-1.16016,-0.588919,-3.18076,-1.16094,-0.560554,-3.18407,-1.13325,-0.560605,-3.19109,-1.18618,-0.616538,-3.39934,-1.21521,-0.616485,-3.39197,-1.21604,-0.586748,-3.39544,-1.18701,-0.586801,-3.40281
9.29161,-1.65083,-2.69759,0.875331,872416800,-1.13312,-0.559985,-3.19059,-1.16081,-0.559935,-3.18357,-1.16156,-0.531549,-3.1867,-1.13387,-0.5316,-3.19373,-1.18688,-0.586182,-3.40231,-1.21591,-0.586129,-3.39495,-1.21669,-0.55637,-3.39824,-1.18766,-0.556423,-3.4056
1.66991,-1.66015,-2.7186,1.26265,872416801,-1.13378,-0.531006,-3.19341,-1.16147,-0.530956,-3.18638,-1.16217,-0.50255,-3.18935,-1.13448,-0.502601,-3.19637,-1.18757,-0.55583,-3.40528,-1.2166,-0.555777,-3.39792,-1.21734,-0.525997,-3.40103,-1.18831,-0.526051,-3.40839
1.69361,-1.66914,-2.73999,4.02652,872416802,-1.13444,-0.502031,-3.19623,-1.16213,-0.50198,-3.18921,-1.16279,-0.473556,-3.192,-1.1351,-0.473607,-3.19902,-1.18827,-0.52548,-3.40826,-1.2173,-0.525427,-3.40089,-1.21799,-0.495628,-3.40382,-1.18896,-0.495682,-3.41118
1.1254,-1.67777,-2.76175,0.886654,872416803,-1.1351,-0.473058,-3.19907,-1.16279,-0.473007,-3.19204,-1.16341,-0.444566,-3.19466,-1.13572,-0.444617,-3.20168,-1.18896,-0.495133,-3.41123,-1.21799,-0.495079,-3.40387,-1.21864,-0.465262,-3.40661,-1.18961,-0.465315,-3.41398
0.351087,-1.68504,-2.7852,-2.34857,872416804,-1.13248,-0.441119,-3.18779,-1.16017,-0.441085,-3.18077,-1.16075,-0.412628,-3.18321,-1.13306,-0.412661,-3.19023,-1.18636,-0.46182,-3.40009,-1.21539,-0.461784,-3.39273,-1.216,-0.43195,-3.39529,-1.18697,-0.431986,-3.40265
1.1187,-1.6928,-2.80776,15.2887,872416805,-1.13293,-0.412059,-3.18972,-1.16062,-0.412025,-3.18269,-1.16116,-0.383552,-3.18496,-1.13347,-0.383586,-3.19198,-1.18683,-0.431383,-3.40214,-1.21587,-0.431348,-3.39477,-1.21643,-0.401497,-3.39715,-1.1874,-0.401533,-3.40451
1.37049,-1.70015,-2.83066,2.37957,872416806,-1.13338,-0.383003,-3.19165,-1.16107,-0.382969,-3.18462,-1.16156,-0.354482,-3.18672,-1.13387,-0.354516,-3.19374,-1.18731,-0.40095,-3.40418,-1.21634,-0.400914,-3.39682,-1.21686,-0.371049,-3.39901,-1.18783,-0.371085,-3.40638
0.396573,-1.70704,-2.85389,3.08406,872416807,-1.13383,-0.353951,-3.19358,-1.16152,-0.353917,-3.18656,-1.16197,-0.325417,-3.18848,-1.13428,-0.325451,-3.1955,-1.18779,-0.370519,-3.40622,-1.21682,-0.370484,-3.39886,-1.2173,-0.340606,-3.40087,-1.18827,-0.340641,-3.40824
0.322198,-1.71348,-2.87741,-10.3599,872416808,-1.13429,-0.324901,-3.19553,-1.16198,-0.324867,-3.18851,-1.16238,-0.296355,-3.19025,-1.13469,-0.296389,-3.19728,-1.18827,-0.340091,-3.40827,-1.2173,-0.340055,-3.4009,-1.21773,-0.310164,-3.40273,-1.1887,-0.3102,-3.4101
0.526532,-1.71873,-2.90259,-15.4221,872416809,-1.13248,-0.293633,-3.1878,-1.16018,-0.293616,-3.18078,-1.16056,-0.265094,-3.18235,-1.13287,-0.265111,-3.18937,-1.18648,-0.307446,-3.40063,-1.21551,-0.307428,-3.39327,-1.21591,-0.277526,-3.39491,-1.18688,-0.277544,-3.40228
0.317902,-1.72406,-2.92673,-8.4735,872416810,-1.13273,-0.264525,-3.18884,-1.16042,-0.264508,-3.18181,-1.16075,-0.235976,-3.18321,-1.13306,-0.235993,-3.19023,-1.18674,-0.276958,-3.40174,-1.21577,-0.27694,-3.39438,-1.21612,-0.247028,-3.39584,-1.18709,-0.247046,-3.40321
0.403239,-1.72886,-2.95112,-2.19098,872416811,-1.13297,-0.235422,-3.18987,-1.16066,-0.235405,-3.18285,-1.16095,-0.206864,-3.18407,-1.13326,-0.206881,-3.1911,-1.187,-0.246474,-3.40285,-1.21603,-0.246456,-3.39549,-1.21634,-0.216535,-3.39677,-1.18731,-0.216553,-3.40413
-0.247973,-1.73312,-2.97573,-2.68487,872416812,-1.13321,-0.206321,-3.19092,-1.1609,-0.206304,-3.1839,-1.16115,-0.177757,-3.18495,-1.13346,-0.177773,-3.19197,-1.18726,-0.215993,-3.40397,-1.21629,-0.215975,-3.3966,-1.21655,-0.186046,-3.3977,-1.18752,-0.186064,-3.40506
-0.131116,-1.55072,-2.47926,-1.82675,872416917,-1.10406,-0.886355,-3.19434,-1.1318,-0.886299,-3.18749,-1.13298,-0.858204,-3.19253,-1.10525,-0.85826,-3.19938,-1.15598,-0.927573,-3.40412,-1.18505,-0.927514,-3.39694,-1.1863,-0.89806,-3.40222,-1.15722,-0.898119,-3.4094
0.196899,-1.60843,-2.56761,30.4031,872416922,-1.10408,-0.73733,-3.19437,-1.13182,-0.737285,-3.18751,-1.1328,-0.709041,-3.19169,-1.10507,-0.709086,-3.19854,-1.15625,-0.771741,-3.40531,-1.18533,-0.771694,-3.39812,-1.18636,-0.742084,-3.4025,-1.15728,-0.742131,-3.40969
0.113857,-1.61976,-2.58638,54.3228,872416923,-1.10495,-0.708451,-3.19806,-1.13268,-0.708406,-3.19121,-1.13362,-0.680135,-3.19521,-1.10589,-0.68018,-3.20206,-1.15716,-0.741496,-3.40921,-1.18624,-0.741449,-3.40203,-1.18723,-0.711811,-3.40622,-1.15815,-0.711858,-3.41341
1.40101,-1.63089,-2.60556,-1.54509,872416924,-1.10581,-0.679577,-3.20176,-1.13355,-0.679532,-3.19491,-1.13445,-0.651236,-3.19874,-1.10671,-0.651281,-3.20559,-1.15808,-0.711255,-3.41311,-1.18715,-0.711207,-3.40593,-1.1881,-0.681543,-3.40994,-1.15902,-0.68159,-3.41713
0.709104,-1.64179,-2.62516,-0.747753,872416925,-1.10668,-0.650707,-3.20547,-1.13441,-0.650662,-3.19862,-1.13527,-0.622342,-3.20228,-1.10754,-0.622387,-3.20913,-1.15899,-0.681016,-3.41701,-1.18806,-0.680969,-3.40983,-1.18896,-0.651279,-3.41366,-1.15989,-0.651326,-3.42084
2.25085,-1.65244,-2.64518,-0.38608,872416926,-1.10755,-0.621839,-3.20919,-1.13528,-0.621794,-3.20234,-1.1361,-0.593452,-3.20583,-1.10836,-0.593497,-3.21268,-1.1599,-0.650779,-3.42091,-1.18898,-0.650732,-3.41372,-1.18983,-0.621018,-3.41738,-1.16075,-0.621065,-3.42456
28.4997,-1.66163,-2.66686,0.176543,872416927,-1.1041,-0.588967,-3.19439,-1.13183,-0.588933,-3.18753,-1.13262,-0.560568,-3.19085,-1.10488,-0.560602,-3.1977,-1.15647,-0.616538,-3.40628,-1.18555,-0.616502,-3.3991,-1.18637,-0.586765,-3.40257,-1.1573,-0.586801,-3.40975
22.7642,-1.67167,-2.6878,0.550931,872416928,-1.10476,-0.559983,-3.19719,-1.13249,-0.559949,-3.19034,-1.13323,-0.531564,-3.19348,-1.1055,-0.531598,-3.20033,-1.15717,-0.586182,-3.40925,-1.18625,-0.586146,-3.40207,-1.18702,-0.556388,-3.40536,-1.15795,-0.556423,-3.41254
3.81334,-1.68138,-2.70916,-1.14972,872416929,-1.10541,-0.531004,-3.20001,-1.13315,-0.53097,-3.19316,-1.13385,-0.502565,-3.19613,-1.10611,-0.502599,-3.20298,-1.15787,-0.555829,-3.41223,-1.18694,-0.555794,-3.40504,-1.18767,-0.526015,-3.40815,-1.1586,-0.52605,-3.41533
0.577984,-1.69076,-2.73092,12.5746,872416930,-1.10607,-0.502028,-3.20284,-1.13381,-0.501995,-3.19599,-1.13446,-0.473571,-3.19878,-1.10673,-0.473605,-3.20563,-1.15856,-0.52548,-3.4152,-1.18764,-0.525445,-3.40802,-1.18832,-0.495646,-3.41094,-1.15925,-0.495681,-3.41812
0.556414,-1.69977,-2.75307,2.54538,872416931,-1.10674,-0.473055,-3.20567,-1.13447,-0.473022,-3.19882,-1.13508,-0.44458,-3.20144,-1.10735,-0.444614,-3.20829,-1.15926,-0.495132,-3.41817,-1.18833,-0.495097,-3.41099,-1.18897,-0.46528,-3.41373,-1.1599,-0.465315,-3.42092
0.299029,-1.70749,-2.77693,-8.26452,872416932,-1.10411,-0.441117,-3.1944,-1.13184,-0.441095,-3.18755,-1.13242,-0.412637,-3.18999,-1.10469,-0.41266,-3.19684,-1.15665,-0.46182,-3.40703,-1.18572,-0.461796,-3.39985,-1.18633,-0.431962,-3.40241,-1.15726,-0.431985,-3.40959
0.286105,-1.71561,-2.79994,26.4706,872416933,-1.10456,-0.412057,-3.19632,-1.13229,-0.412034,-3.18947,-1.13283,-0.383562,-3.19174,-1.1051,-0.383584,-3.19859,-1.15713,-0.431383,-3.40908,-1.1862,-0.431359,-3.40189,-1.18677,-0.401509,-3.40427,-1.15769,-0.401533,-3.41145
0.477314,-1.7233,-2.8233,38.7922,872416934,-1.10501,-0.383001,-3.19825,-1.13274,-0.382979,-3.1914,-1.13324,-0.354492,-3.19349,-1.1055,-0.354514,-3.20034,-1.1576,-0.40095,-3.41112,-1.18668,-0.400926,-3.40394,-1.1872,-0.371061,-3.40613,-1.15812,-0.371085,-3.41332
-0.19017,-1.73052,-2.84701,-1.48598,872416935,-1.10546,-0.353949,-3.20019,-1.1332,-0.353926,-3.19334,-1.13365,-0.325427,-3.19526,-1.10591,-0.325449,-3.20211,-1.15808,-0.370519,-3.41316,-1.18716,-0.370496,-3.40598,-1.18763,-0.340617,-3.40799,-1.15856,-0.340641,-3.41518
0.0450598,-1.73726,-2.87104,-2.12332,872416936,-1.10592,-0.324899,-3.20213,-1.13365,-0.324876,-3.19528,-1.13406,-0.296365,-3.19703,-1.10633,-0.296387,-3.20388,-1.15856,-0.34009,-3.41521,-1.18764,-0.340067,-3.40802,-1.18806,-0.310176,-3.40986,-1.15899,-0.310199,-3.41704
0.159339,-1.74286,-2.89676,-2.32341,872416937,-1.10412,-0.293632,-3.19441,-1.13185,-0.293621,-3.18756,-1.13223,-0.265099,-3.18913,-1.10449,-0.26511,-3.19598,-1.15677,-0.307446,-3.40757,-1.18585,-0.307434,-3.40039,-1.18624,-0.277532,-3.40203,-1.15717,-0.277544,-3.40922
-0.0337555,-1.74846,-2.92146,-1.91245,872416938,-1.10436,-0.264525,-3.19544,-1.13209,-0.264513,-3.18859,-1.13243,-0.235981,-3.18998,-1.10469,-0.235993,-3.19683,-1.15703,-0.276958,-3.40868,-1.18611,-0.276946,-3.4015,-1.18646,-0.247034,-3.40296,-1.15738,-0.247046,-3.41014
0.224709,-1.7535,-2.94641,35.7453,872416939,-1.1046,-0.235421,-3.19648,-1.13234,-0.23541,-3.18963,-1.13263,-0.206869,-3.19085,-1.10489,-0.20688,-3.1977,-1.15729,-0.246474,-3.40979,-1.18637,-0.246462,-3.40261,-1.18667,-0.216541,-3.40389,-1.1576,-0.216553,-3.41107
0.177674,-1.75798,-2.97161,-31.9986,872416940,-1.10485,-0.20632,-3.19753,-1.13258,-0.206309,-3.19068,-1.13283,-0.177761,-3.19172,-1.10509,-0.177773,-3.19857,-1.15755,-0.215993,-3.41091,-1.18663,-0.215981,-3.40372,-1.18689,-0.186052,-3.40482,-1.15781,-0.186064,-3.412
-0.0591586,-1.56709,-2.46677,-2.39889,872417045,-1.0757,-0.886352,-3.20096,-1.10348,-0.886324,-3.19428,-1.10466,-0.858229,-3.19932,-1.07689,-0.858257,-3.206,-1.12627,-0.927573,-3.41107,-1.15539,-0.927543,-3.40406,-1.15663,-0.898089,-3.40935,-1.12751,-0.898119,-3.41635
0.161028,-1.62697,-2.55584,86.7775,872417050,-1.07572,-0.737328,-3.20098,-1.1035,-0.737305,-3.1943,-1.10448,-0.709061,-3.19848,-1.0767,-0.709084,-3.20516,-1.12655,-0.77174,-3.41225,-1.15567,-0.771717,-3.40525,-1.1567,-0.742107,-3.40963,-1.12758,-0.74213,-3.41663
1.20871,-1.63872,-2.57482,2.30718,872417051,-1.07659,-0.708449,-3.20467,-1.10436,-0.708426,-3.198,-1.1053,-0.680156,-3.202,-1.07753,-0.680178,-3.20868,-1.12746,-0.741495,-3.41615,-1.15658,-0.741472,-3.40915,-1.15756,-0.711834,-3.41335,-1.12844,-0.711858,-3.42035
1.0923,-1.65027,-2.59424,6.39687,872417052,-1.07745,-0.679575,-3.20838,-1.10523,-0.679552,-3.2017,-1.10613,-0.651256,-3.20553,-1.07835,-0.651279,-3.21221,-1.12837,-0.711254,-3.42005,-1.15749,-0.71123,-3.41305,-1.15843,-0.681566,-3.41707,-1.12931,-0.68159,-3.42407
0.596565,-1.6616,-2.61409,7.08184,872417053,-1.07832,-0.650704,-3.21209,-1.1061,-0.650682,-3.20541,-1.10695,-0.622362,-3.20907,-1.07918,-0.622385,-3.21575,-1.12928,-0.681015,-3.42395,-1.1584,-0.680992,-3.41695,-1.1593,-0.651302,-3.42078,-1.13018,-0.651326,-3.42779
6.96292,-1.67268,-2.63438,0.474656,872417054,-1.07919,-0.621837,-3.21581,-1.10697,-0.621815,-3.20913,-1.10778,-0.593472,-3.21261,-1.08,-0.593494,-3.21929,-1.1302,-0.650778,-3.42785,-1.15932,-0.650755,-3.42085,-1.16017,-0.621041,-3.4245,-1.13105,-0.621065,-3.4315
6.09302,-1.6824,-2.65634,0.420439,872417055,-1.07574,-0.588965,-3.201,-1.10351,-0.588949,-3.19432,-1.10429,-0.560584,-3.19763,-1.07652,-0.560601,-3.20431,-1.12677,-0.616537,-3.41322,-1.15589,-0.616519,-3.40622,-1.15671,-0.586783,-3.40969,-1.12759,-0.5868,-3.41669
3.18918,-1.69286,-2.67761,0.843218,872417056,-1.07639,-0.559981,-3.20381,-1.10417,-0.559965,-3.19713,-1.10491,-0.531579,-3.20027,-1.07713,-0.531596,-3.20695,-1.12747,-0.586181,-3.41619,-1.15659,-0.586164,-3.40919,-1.15736,-0.556405,-3.41248,-1.12824,-0.556423,-3.41948
0.566892,-1.703,-2.69932,-26.1996,872417057,-1.07705,-0.531002,-3.20662,-1.10483,-0.530985,-3.19995,-1.10553,-0.50258,-3.20291,-1.07775,-0.502597,-3.20959,-1.12816,-0.555829,-3.41917,-1.15728,-0.555811,-3.41216,-1.15801,-0.526032,-3.41527,-1.12889,-0.52605,-3.42227
0.494896,-1.71278,-2.72145,21.6219,872417058,-1.07771,-0.502027,-3.20945,-1.10549,-0.50201,-3.20277,-1.10614,-0.473586,-3.20556,-1.07837,-0.473603,-3.21224,-1.12886,-0.52548,-3.42214,-1.15798,-0.525462,-3.41514,-1.15866,-0.495663,-3.41806,-1.12954,-0.495681,-3.42507
0.674817,-1.7222,-2.74401,-19.9339,872417059,-1.07838,-0.473054,-3.21228,-1.10615,-0.473037,-3.20561,-1.10676,-0.444596,-3.20822,-1.07899,-0.444613,-3.2149,-1.12955,-0.495132,-3.42511,-1.15867,-0.495114,-3.41811,-1.15931,-0.465297,-3.42086,-1.13019,-0.465315,-3.42786
0.0563077,-1.7304,-2.7683,-0.92854,872417060,-1.07575,-0.441116,-3.20101,-1.10353,-0.441105,-3.19433,-1.1041,-0.412648,-3.19678,-1.07632,-0.412659,-3.20345,-1.12694,-0.461819,-3.41397,-1.15606,-0.461808,-3.40697,-1.15667,-0.431973,-3.40953,-1.12755,-0.431985,-3.41653
-0.0531597,-1.7389,-2.79175,-0.684424,872417061,-1.0762,-0.412056,-3.20293,-1.10397,-0.412045,-3.19625,-1.10451,-0.383572,-3.19852,-1.07673,-0.383583,-3.2052,-1.12742,-0.431382,-3.41601,-1.15654,-0.431371,-3.40901,-1.1571,-0.40152,-3.41139,-1.12798,-0.401532,-3.41839
0.0458996,-1.64572,-2.54364,-1.19685,872417178,-1.04737,-0.737327,-3.2076,-1.07518,-0.737327,-3.2011,-1.07616,-0.709083,-3.20528,-1.04834,-0.709083,-3.21178,-1.09685,-0.77174,-3.41919,-1.12601,-0.77174,-3.41237,-1.12703,-0.74213,-3.41675,-1.09787,-0.74213,-3.42357
0.287396,-1.65792,-2.56283,20.7575,872417179,-1.04823,-0.708447,-3.2113,-1.07605,-0.708447,-3.20479,-1.07698,-0.680177,-3.2088,-1.04917,-0.680177,-3.2153,-1.09776,-0.741495,-3.42309,-1.12692,-0.741495,-3.41627,-1.1279,-0.711857,-3.42047,-1.09874,-0.711857,-3.42729
0.204802,-1.66992,-2.58247,25.2455,872417180,-1.0491,-0.679573,-3.215,-1.07691,-0.679574,-3.20849,-1.07781,-0.651278,-3.21233,-1.04999,-0.651278,-3.21883,-1.09867,-0.711254,-3.42699,-1.12783,-0.711254,-3.42017,-1.12877,-0.681589,-3.42419,-1.09961,-0.681589,-3.43101
0.713031,-1.6817,-2.60258,0.0374873,872417181,-1.04996,-0.650703,-3.21871,-1.07778,-0.650703,-3.2122,-1.07864,-0.622384,-3.21586,-1.05082,-0.622384,-3.22237,-1.09958,-0.681015,-3.43089,-1.12875,-0.681015,-3.42407,-1.12964,-0.651325,-3.42791,-1.10048,-0.651325,-3.43473
1.26638,-1.69323,-2.62315,3.14261,872417182,-1.05083,-0.621836,-3.22243,-1.07865,-0.621836,-3.21592,-1.07947,-0.593493,-3.21941,-1.05165,-0.593493,-3.22591,-1.10049,-0.650778,-3.43479,-1.12966,-0.650778,-3.42797,-1.13051,-0.621064,-3.43163,-1.10135,-0.621064,-3.43845
1.3052,-1.70351,-2.64538,-1.92717,872417183,-1.04738,-0.588965,-3.20762,-1.0752,-0.588965,-3.20111,-1.07597,-0.5606,-3.20443,-1.04816,-0.5606,-3.21093,-1.09707,-0.616537,-3.42016,-1.12623,-0.616537,-3.41334,-1.12704,-0.5868,-3.41681,-1.09788,-0.5868,-3.42363
0.38826,-1.71441,-2.66699,25.2801,872417184,-1.04804,-0.559981,-3.21043,-1.07586,-0.559981,-3.20392,-1.07659,-0.531595,-3.20706,-1.04877,-0.531595,-3.21357,-1.09776,-0.586181,-3.42313,-1.12693,-0.586181,-3.41631,-1.1277,-0.556422,-3.4196,-1.09853,-0.556422,-3.42642
0.261578,-1.72499,-2.68905,30.7685,872417185,-1.0487,-0.531001,-3.21324,-1.07651,-0.531001,-3.20674,-1.07721,-0.502596,-3.20971,-1.04939,-0.502596,-3.21621,-1.09846,-0.555829,-3.4261,-1.12762,-0.555829,-3.41929,-1.12835,-0.526049,-3.4224,-1.09919,-0.526049,-3.42921
0.186717,-1.73522,-2.71157,11.6212,872417186,-1.04936,-0.502026,-3.21607,-1.07718,-0.502026,-3.20957,-1.07783,-0.473602,-3.21236,-1.05001,-0.473602,-3.21886,-1.09915,-0.525479,-3.42908,-1.12832,-0.525479,-3.42226,-1.129,-0.49568,-3.42519,-1.09984,-0.49568,-3.432
0.291642,-1.74506,-2.73453,26.5806,872417187,-1.05002,-0.473053,-3.2189,-1.07784,-0.473053,-3.2124,-1.07845,-0.444612,-3.21502,-1.05063,-0.444612,-3.22152,-1.09985,-0.495131,-3.43205,-1.12901,-0.495131,-3.42523,-1.12965,-0.465314,-3.42798,-1.10049,-0.465314,-3.4348
-0.236318,-1.75377,-2.75926,-1.09484,872417188,-1.04739,-0.441116,-3.20763,-1.07521,-0.441116,-3.20113,-1.07578,-0.412658,-3.20357,-1.04796,-0.412658,-3.21007,-1.09724,-0.461819,-3.42091,-1.12641,-0.461819,-3.41409,-1.12701,-0.431985,-3.41665,-1.09784,-0.431985,-3.42347
0.0400283,-1.76268,-2.78318,-32.461,872417189,-1.04784,-0.412055,-3.20955,-1.07566,-0.412055,-3.20305,-1.07619,-0.383583,-3.20532,-1.04837,-0.383583,-3.21182,-1.09772,-0.431382,-3.42295,-1.12688,-0.431382,-3.41614,-1.12744,-0.401532,-3.41852,-1.09828,-0.401532,-3.42533
0.271208,-1.69877,-2.58633,44.1854,872417309,-1.01171,-0.650714,-3.19149,-1.03957,-0.650624,-3.18519,-1.04031,-0.622304,-3.18887,-1.01245,-0.622394,-3.19517,-1.05983,-0.681017,-3.40401,-1.08904,-0.680923,-3.39741,-1.08982,-0.651233,-3.40127,-1.06061,-0.651327,-3.40787
0.447352,-1.71103,-2.60722,-10.1165,872417310,-1.01245,-0.621847,-3.19523,-1.04032,-0.621757,-3.18893,-1.04102,-0.593414,-3.19244,-1.01316,-0.593504,-3.19874,-1.06062,-0.65078,-3.40794,-1.08983,-0.650686,-3.40134,-1.09057,-0.620972,-3.40502,-1.06135,-0.621066,-3.41162
2.40809,-1.72167,-2.63003,-1.76082,872417311,-1.00949,-0.588973,-3.18032,-1.03735,-0.588905,-3.17403,-1.03804,-0.56054,-3.17736,-1.01017,-0.560608,-3.18366,-1.05767,-0.616538,-3.39321,-1.08688,-0.616468,-3.38661,-1.0876,-0.586731,-3.3901,-1.05838,-0.586801,-3.3967
0.548958,-1.73329,-2.65204,1.3137,872417312,-1.01005,-0.559989,-3.18315,-1.03792,-0.559921,-3.17685,-1.03856,-0.531536,-3.18001,-1.0107,-0.531603,-3.18631,-1.05827,-0.586182,-3.3962,-1.08748,-0.586112,-3.3896,-1.08816,-0.556353,-3.39291,-1.05894,-0.556424,-3.39952
0.286485,-1.74457,-2.67456,54.9086,872417313,-1.01062,-0.53101,-3.18599,-1.03848,-0.530942,-3.17969,-1.03909,-0.502537,-3.18268,-1.01122,-0.502604,-3.18897,-1.05887,-0.55583,-3.3992,-1.08808,-0.555759,-3.3926,-1.08871,-0.52598,-3.39573,-1.0595,-0.526051,-3.40233
-0.308859,-1.75549,-2.69757,-0.829259,872417314,-1.01119,-0.502034,-3.18884,-1.03905,-0.501966,-3.18254,-1.03962,-0.473543,-3.18535,-1.01175,-0.47361,-3.19165,-1.05946,-0.525481,-3.40219,-1.08868,-0.52541,-3.39559,-1.08927,-0.495611,-3.39854,-1.06006,-0.495682,-3.40514
-0.0542171,-1.76603,-2.72107,-1.39918,872417315,-1.01176,-0.473061,-3.19169,-1.03962,-0.472994,-3.18539,-1.04015,-0.444552,-3.18803,-1.01228,-0.44462,-3.19433,-1.06006,-0.495133,-3.40519,-1.08928,-0.495062,-3.39858,-1.08983,-0.465245,-3.40135,-1.06061,-0.465316,-3.40795
0.0567113,-1.7751,-2.74652,-68.8148,872417316,-1.0095,-0.441121,-3.18034,-1.03736,-0.441076,-3.17404,-1.03787,-0.412618,-3.1765,-1.01001,-0.412664,-3.1828,-1.05782,-0.46182,-3.39397,-1.08703,-0.461773,-3.38737,-1.08756,-0.431939,-3.38995,-1.05835,-0.431986,-3.39655
0.235056,-1.78465,-2.77108,-68.6015,872417317,-1.00988,-0.412061,-3.18228,-1.03775,-0.412016,-3.17598,-1.03822,-0.383543,-3.17826,-1.01035,-0.383588,-3.18456,-1.05823,-0.431383,-3.39603,-1.08744,-0.431336,-3.38943,-1.08793,-0.401486,-3.39182,-1.05872,-0.401533,-3.39842
0.546553,-1.80225,-2.82153,-28.1988,872417319,-1.01066,-0.353953,-3.18617,-1.03853,-0.353908,-3.17987,-1.03892,-0.325408,-3.18181,-1.01105,-0.325453,-3.1881,-1.05905,-0.37052,-3.40015,-1.08827,-0.370472,-3.39354,-1.08868,-0.340594,-3.39557,-1.05946,-0.340641,-3.40217
0.248422,-1.7194,-2.5736,-20.9361,872417437,-0.983134,-0.65071,-3.19716,-1.01104,-0.650642,-3.19104,-1.01178,-0.622323,-3.19472,-0.983874,-0.62239,-3.20085,-1.02991,-0.681016,-3.40999,-1.05916,-0.680946,-3.40357,-1.05994,-0.651256,-3.40743,-1.03068,-0.651327,-3.41385
0.015465,-1.73217,-2.59477,-2.02011,872417438,-0.983882,-0.621843,-3.20091,-1.01179,-0.621775,-3.19478,-1.01249,-0.593432,-3.19829,-0.984584,-0.5935,-3.20442,-1.03069,-0.650779,-3.41392,-1.05995,-0.650709,-3.4075,-1.06068,-0.620995,-3.41118,-1.03143,-0.621066,-3.4176
0.356944,-1.74344,-2.61786,-12.5067,872417439,-0.980913,-0.588969,-3.186,-1.00882,-0.588919,-3.17987,-1.0095,-0.560554,-3.18321,-0.981593,-0.560605,-3.18933,-1.02774,-0.616538,-3.39919,-1.057,-0.616485,-3.39277,-1.05771,-0.586748,-3.39626,-1.02846,-0.586801,-3.40268
-0.0343591,-1.75557,-2.64021,-1.59951,872417440,-0.981479,-0.559986,-3.18883,-1.00938,-0.559935,-3.1827,-1.01002,-0.531549,-3.18586,-0.98212,-0.5316,-3.19199,-1.02834,-0.586182,-3.40218,-1.0576,-0.586129,-3.39576,-1.05827,-0.55637,-3.39907,-1.02902,-0.556423,-3.40549
-0.239109,-1.76737,-2.6631,-0.226143,872417441,-0.982046,-0.531006,-3.19166,-1.00995,-0.530956,-3.18554,-1.01055,-0.50255,-3.18853,-0.982649,-0.502601,-3.19465,-1.02894,-0.55583,-3.40517,-1.0582,-0.555777,-3.39875,-1.05883,-0.525997,-3.40188,-1.02958,-0.52605,-3.4083
0.413199,-1.75557,2.64021,-9.67818,872417477,-1.01002,0.531549,-3.18586,-1.00938,0.559935,-3.1827,-0.981479,0.559986,-3.18883,-0.98212,0.5316,-3.19199,-1.05827,0.55637,-3.39907,-1.0576,0.586129,-3.39576,-1.02834,0.586182,-3.40218,-1.02902,0.556423,-3.40549
0.188379,-1.7403,-2.56035,-5.46653,872417565,-0.954568,-0.650707,-3.20285,-0.98251,-0.650662,-3.1969,-0.983249,-0.622342,-3.20058,-0.955307,-0.622387,-3.20653,-0.999991,-0.681016,-3.41597,-1.02928,-0.680969,-3.40973,-1.03006,-0.651279,-3.41359,-1.00077,-0.651326,-3.41983
0.128123,-1.75362,-2.58179,-0.636655,872417566,-0.955317,-0.621839,-3.20659,-0.983258,-0.621794,-3.20064,-0.98396,-0.593452,-3.20415,-0.956019,-0.593497,-3.2101,-1.00078,-0.650779,-3.41989,-1.03007,-0.650732,-3.41366,-1.03081,-0.621018,-3.41734,-1.00151,-0.621065,-3.42357
0.179853,-1.76555,-2.60516,-1.38769,872417567,-0.952347,-0.588967,-3.19168,-0.980289,-0.588933,-3.18573,-0.980965,-0.560569,-3.18907,-0.953023,-0.560602,-3.19501,-0.997828,-0.616538,-3.40516,-1.02712,-0.616502,-3.39892,-1.02783,-0.586765,-3.40242,-0.998536,-0.586801,-3.40866
0.194172,-1.77823,-2.62785,-19.1051,872417568,-0.952913,-0.559983,-3.19451,-0.980854,-0.559949,-3.18856,-0.981493,-0.531564,-3.19172,-0.953551,-0.531598,-3.19767,-0.998426,-0.586182,-3.40815,-1.02772,-0.586146,-3.40192,-1.02839,-0.556388,-3.40523,-0.999096,-0.556423,-3.41147
0.00665792,-1.79058,-2.65111,-2.0226,872417569,-0.95348,-0.531004,-3.19735,-0.981421,-0.53097,-3.1914,-0.982023,-0.502565,-3.19438,-0.954081,-0.502599,-3.20033,-0.999025,-0.555829,-3.41115,-1.02832,-0.555794,-3.40491,-1.02895,-0.526015,-3.40804,-0.999656,-0.52605,-3.41428
1.35763,-2.00171,3.09044,-0.95401,872417972,-0.887401,0.0304272,-3.17472,-0.887367,0.0589946,-3.17454,-0.859311,0.0589946,-3.17993,-0.859345,0.0304272,-3.1801,-0.930218,0.0318102,-3.39051,-0.930183,0.0617596,-3.39033,-0.900769,0.0617597,-3.39597,-0.900805,0.0318103,-3.39616
0.484353,-1.75425,2.45012,9.0637,872417995,-0.887976,0.709004,-3.17827,-0.887255,0.737247,-3.17404,-0.859199,0.737337,-3.17942,-0.85992,0.709094,-3.18365,-0.930417,0.742037,-3.3916,-0.929662,0.771648,-3.38716,-0.900248,0.771742,-3.39281,-0.901004,0.742132,-3.39724
0.429183,-1.91425,-2.64497,-1.23039,872418083,-0.83237,-0.473058,-3.19562,-0.860459,-0.473007,-3.19041,-0.860899,-0.444566,-3.19306,-0.83281,-0.444617,-3.19827,-0.872311,-0.495132,-3.41083,-0.901759,-0.495079,-3.40538,-0.90222,-0.465262,-3.40816,-0.872772,-0.465315,-3.41361
0.545588,-1.80718,2.47516,-8.82961,872418121,-0.860442,0.651217,-3.19033,-0.85979,0.679512,-3.18645,-0.831701,0.67958,-3.19165,-0.832353,0.651284,-3.19553,-0.901592,0.68152,-3.40431,-0.900909,0.711184,-3.40024,-0.871461,0.711255,-3.4057,-0.872144,0.681591,-3.40977
0.794899,-1.79072,2.45407,-8.63897,872418122,-0.859851,0.680116,-3.18675,-0.859167,0.708387,-3.1827,-0.831078,0.708454,-3.1879,-0.831762,0.680184,-3.19196,-0.900969,0.711788,-3.40055,-0.900252,0.741426,-3.39629,-0.870804,0.741496,-3.40175,-0.871521,0.711859,-3.40601
0.452934,-1.95505,-2.65962,-21.3455,872418212,-0.801745,-0.441117,-3.18894,-0.829867,-0.441095,-3.18391,-0.830286,-0.412637,-3.18638,-0.802165,-0.41266,-3.19141,-0.840336,-0.46182,-3.40454,-0.869818,-0.461796,-3.39927,-0.870258,-0.431962,-3.40186,-0.840776,-0.431985,-3.40714
0.434298,-2.04595,-2.91057,-7.36527,872418220,-0.802277,-0.20632,-3.19211,-0.830398,-0.206309,-3.18708,-0.830577,-0.177761,-3.18814,-0.802455,-0.177773,-3.19317,-0.840987,-0.215993,-3.40847,-0.870469,-0.215981,-3.40319,-0.870656,-0.186052,-3.4043,-0.841174,-0.186064,-3.40958
0.521017,-2.05322,-2.94464,0.122405,872418221,-0.802454,-0.177222,-3.19318,-0.830576,-0.177211,-3.18815,-0.830723,-0.148657,-3.18904,-0.802601,-0.148668,-3.19407,-0.841174,-0.185513,-3.40959,-0.870656,-0.185501,-3.40432,-0.87081,-0.155566,-3.40525,-0.841328,-0.155578,-3.41052
-0.109687,-2.05044,-2.80058,-0.488698,872418345,-0.77302,-0.293632,-3.1937,-0.801173,-0.293626,-3.18884,-0.801442,-0.265104,-3.19044,-0.773289,-0.26511,-3.19529,-0.810332,-0.307446,-3.41008,-0.839846,-0.30744,-3.40499,-0.840128,-0.277538,-3.40666,-0.810614,-0.277544,-3.41174
-0.111238,-2.06136,-2.83386,-0.473685,872418346,-0.773194,-0.264524,-3.19474,-0.801347,-0.264518,-3.18989,-0.801585,-0.235986,-3.19131,-0.773432,-0.235992,-3.19616,-0.810519,-0.276958,-3.4112,-0.840034,-0.276952,-3.40611,-0.840284,-0.24704,-3.4076,-0.810769,-0.247046,-3.41269
0.523792,-2.07131,-2.86784,14.0521,872418347,-0.773369,-0.23542,-3.1958,-0.801521,-0.235415,-3.19094,-0.801729,-0.206874,-3.19218,-0.773577,-0.20688,-3.19704,-0.810706,-0.246474,-3.41233,-0.840221,-0.246468,-3.40724,-0.840439,-0.216547,-3.40854,-0.810924,-0.216553,-3.41363
0.0152996,-2.0802,-2.90246,-0.0741161,872418348,-0.773545,-0.20632,-3.19686,-0.801698,-0.206314,-3.19201,-0.801875,-0.177766,-3.19307,-0.773723,-0.177772,-3.19792,-0.810893,-0.215993,-3.41346,-0.840408,-0.215987,-3.40837,-0.840594,-0.186058,-3.40948,-0.811079,-0.186064,-3.41457
-0.00410199,-2.08799,-2.93766,-0.276787,872418349,-0.773723,-0.177221,-3.19793,-0.801875,-0.177216,-3.19308,-0.802022,-0.148662,-3.19396,-0.77387,-0.148667,-3.19882,-0.81108,-0.185513,-3.41458,-0.840595,-0.185507,-3.40949,-0.840749,-0.155572,-3.41042,-0.811234,-0.155578,-3.41551
0.464408,-1.93599,2.56129,-4.90194,872418372,-0.802603,0.50258,-3.19753,-0.802102,0.530985,-3.19452,-0.77395,0.531002,-3.19938,-0.774451,0.502597,-3.20238,-0.841159,0.526032,-3.41285,-0.840634,0.555811,-3.40971,-0.81112,0.555829,-3.4148,-0.811645,0.52605,-3.41795
0.599442,-1.9192,2.53573,-4.59871,872418373,-0.80216,0.531579,-3.19485,-0.801628,0.559964,-3.19167,-0.773476,0.559981,-3.19653,-0.774007,0.531596,-3.19971,-0.840691,0.556405,-3.41003,-0.840134,0.586163,-3.40669,-0.81062,0.586181,-3.41178,-0.811177,0.556423,-3.41512
-0.189373,-2.01225,-2.62902,-0.900427,872418468,-0.744287,-0.441116,-3.19845,-0.772469,-0.441116,-3.19377,-0.77288,-0.412658,-3.19625,-0.744698,-0.412658,-3.20093,-0.780153,-0.461819,-3.41452,-0.809699,-0.461819,-3.40962,-0.81013,-0.431985,-3.41221,-0.780584,-0.431985,-3.41712
0.117211,-2.02802,-2.65876,-54.0617,872418469,-0.74461,-0.412055,-3.2004,-0.772792,-0.412055,-3.19572,-0.773174,-0.383583,-3.19802,-0.744992,-0.383583,-3.2027,-0.780497,-0.431382,-3.41659,-0.810043,-0.431382,-3.41169,-0.810443,-0.401532,-3.4141,-0.780897,-0.401532,-3.419
0.092766,-2.04316,-2.68944,-0.868627,872418470,-0.744934,-0.383,-3.20235,-0.773117,-0.383,-3.19768,-0.773469,-0.354513,-3.1998,-0.745287,-0.354513,-3.20448,-0.780841,-0.400949,-3.41866,-0.810386,-0.400949,-3.41376,-0.810756,-0.371084,-3.41599,-0.78121,-0.371084,-3.42089
-0.0352271,-2.05758,-2.72102,-0.342765,872418471,-0.74526,-0.353947,-3.20432,-0.773443,-0.353947,-3.19964,-0.773766,-0.325448,-3.20159,-0.745583,-0.325448,-3.20626,-0.781184,-0.370519,-3.42074,-0.81073,-0.370519,-3.41583,-0.811069,-0.34064,-3.41787,-0.781523,-0.34064,-3.42278
0.155141,-2.07121,-2.7535,-0.465368,872418472,-0.745588,-0.324897,-3.20629,-0.77377,-0.324897,-3.20161,-0.774064,-0.296386,-3.20338,-0.745881,-0.296386,-3.20806,-0.781528,-0.34009,-3.42281,-0.811074,-0.34009,-3.4179,-0.811382,-0.310199,-3.41976,-0.781836,-0.310199,-3.42466
-0.0223503,-2.08373,-2.7887,-0.237955,872418473,-0.744293,-0.293632,-3.19846,-0.772475,-0.293632,-3.19378,-0.77274,-0.265109,-3.19537,-0.744557,-0.265109,-3.20005,-0.780242,-0.307446,-3.41507,-0.809788,-0.307446,-3.41016,-0.810065,-0.277543,-3.41183,-0.780519,-0.277543,-3.41674
-0.0569284,-2.09542,-2.82297,-96.7713,872418474,-0.744467,-0.264524,-3.1995,-0.772649,-0.264524,-3.19483,-0.772884,-0.235992,-3.19624,-0.744702,-0.235992,-3.20092,-0.780429,-0.276958,-3.41619,-0.809975,-0.276958,-3.41129,-0.810221,-0.247046,-3.41277,-0.780675,-0.247046,-3.41768
0.308794,-2.10607,-2.85801,18.6421,872418475,-0.744641,-0.23542,-3.20056,-0.772824,-0.23542,-3.19588,-0.77303,-0.20688,-3.19712,-0.744847,-0.20688,-3.2018,-0.780616,-0.246474,-3.41732,-0.810161,-0.246474,-3.41242,-0.810377,-0.216553,-3.41371,-0.780831,-0.216553,-3.41862
0.22366,-2.11561,-2.89377,-0.267515,872418476,-0.744818,-0.206319,-3.20162,-0.773,-0.20632,-3.19694,-0.773177,-0.177772,-3.198,-0.744994,-0.177772,-3.20268,-0.780803,-0.215992,-3.41845,-0.810348,-0.215992,-3.41354,-0.810533,-0.186064,-3.41466,-0.780987,-0.186064,-3.41956
-0.051012,-2.12397,-2.93016,0.06655,872418477,-0.744996,-0.177221,-3.20269,-0.773178,-0.177221,-3.19801,-0.773325,-0.148667,-3.1989,-0.745143,-0.148667,-3.20358,-0.78099,-0.185513,-3.41957,-0.810535,-0.185513,-3.41467,-0.810689,-0.155577,-3.4156,-0.781143,-0.155578,-3.4205
-0.021146,-2.03995,-2.60895,-1.0702,872418596,-0.709875,-0.441121,-3.17857,-0.738092,-0.441076,-3.17411,-0.73844,-0.412619,-3.17659,-0.710223,-0.412664,-3.18105,-0.74413,-0.46182,-3.3949,-0.773713,-0.461773,-3.39022,-0.774077,-0.431939,-3.39283,-0.744495,-0.431986,-3.39751
0.0807029,-2.05696,-2.63941,-1.31328,872418597,-0.710135,-0.412061,-3.18053,-0.738352,-0.412016,-3.17606,-0.738671,-0.383543,-3.17837,-0.710454,-0.383588,-3.18283,-0.744407,-0.431383,-3.39698,-0.773989,-0.431336,-3.3923,-0.774324,-0.401486,-3.39472,-0.744742,-0.401533,-3.3994
0.570795,-2.07332,-2.67089,-5.85006,872418598,-0.710395,-0.383005,-3.18249,-0.738612,-0.38296,-3.17803,-0.738904,-0.354473,-3.18016,-0.710687,-0.354518,-3.18462,-0.744684,-0.40095,-3.39906,-0.774266,-0.400903,-3.39438,-0.774572,-0.371038,-3.39662,-0.74499,-0.371085,-3.4013
-0.126987,-2.08896,-2.70339,-2.63197,872418599,-0.710657,-0.353953,-3.18446,-0.738874,-0.353908,-3.18,-0.739137,-0.325408,-3.18195,-0.71092,-0.325453,-3.18642,-0.74496,-0.37052,-3.40114,-0.774542,-0.370472,-3.39646,-0.774819,-0.340594,-3.39851,-0.745237,-0.340641,-3.40319
-0.0234295,-2.10377,-2.73688,-0.726495,872418600,-0.710919,-0.324903,-3.18644,-0.739136,-0.324858,-3.18198,-0.739372,-0.296346,-3.18376,-0.711155,-0.296391,-3.18822,-0.745236,-0.340091,-3.40322,-0.774818,-0.340044,-3.39855,-0.775065,-0.310153,-3.40041,-0.745483,-0.3102,-3.40509
0.514558,-2.11717,-2.77338,-17.0312,872418601,-0.709882,-0.293634,-3.17858,-0.738099,-0.293612,-3.17412,-0.738329,-0.26509,-3.17571,-0.710112,-0.265112,-3.18018,-0.744201,-0.307446,-3.39545,-0.773783,-0.307422,-3.39077,-0.774025,-0.27752,-3.39245,-0.744443,-0.277544,-3.39713
2.46609,-2.12991,-2.8089,10.7137,872418602,-0.710021,-0.264526,-3.17963,-0.738238,-0.264504,-3.17517,-0.73844,-0.235972,-3.17659,-0.710223,-0.235994,-3.18105,-0.744352,-0.276958,-3.39658,-0.773934,-0.276935,-3.3919,-0.774146,-0.247022,-3.39339,-0.744564,-0.247046,-3.39807
5.95263,-2.14155,-2.84529,9.94186,872418603,-0.710162,-0.235423,-3.18069,-0.738379,-0.2354,-3.17622,-0.738552,-0.20686,-3.17747,-0.710335,-0.206882,-3.18193,-0.744503,-0.246474,-3.39772,-0.774085,-0.246451,-3.39304,-0.774267,-0.21653,-3.39434,-0.744685,-0.216553,-3.39902
0.843819,-2.152,-2.88248,12.0652,872418604,-0.710303,-0.206322,-3.18176,-0.73852,-0.2063,-3.17729,-0.738666,-0.177752,-3.17836,-0.710449,-0.177774,-3.18282,-0.744654,-0.215993,-3.39885,-0.774236,-0.215969,-3.39417,-0.774389,-0.186041,-3.39529,-0.744807,-0.186064,-3.39997
1.24982,-2.16117,-2.92041,9.02666,872418605,-0.710446,-0.177224,-3.18283,-0.738663,-0.177201,-3.17837,-0.738781,-0.148647,-3.17926,-0.710563,-0.14867,-3.18372,-0.744804,-0.185513,-3.39998,-0.774386,-0.18549,-3.3953,-0.77451,-0.155554,-3.39623,-0.744928,-0.155578,-3.40091
0.625652,-2.16868,-2.96115,13.9821,872418606,-0.709885,-0.146364,-3.17858,-0.738102,-0.146364,-3.17412,-0.738214,-0.117805,-3.17483,-0.709997,-0.117805,-3.17929,-0.744244,-0.153275,-3.39578,-0.773826,-0.153275,-3.3911,-0.773944,-0.123335,-3.39184,-0.744362,-0.123335,-3.39652
-0.195066,-2.17488,-3.00035,-0.697565,872418607,-0.709904,-0.117237,-3.17873,-0.738121,-0.117237,-3.17426,-0.738205,-0.0886745,-3.17479,-0.709988,-0.0886745,-3.17926,-0.744269,-0.122767,-3.39596,-0.773851,-0.122767,-3.39128,-0.77394,-0.092822,-3.39184,-0.744358,-0.092822,-3.39652
-0.378745,-2.17961,-3.03997,-0.931966,872418608,-0.709924,-0.0881146,-3.17888,-0.738141,-0.0881146,-3.17441,-0.738197,-0.0595488,-3.17477,-0.70998,-0.0595489,-3.17923,-0.744294,-0.0922618,-3.39614,-0.773876,-0.0922618,-3.39146,-0.773935,-0.0623141,-3.39183,-0.744353,-0.0623142,-3.39651
0.678507,-2.18281,-3.07992,-14.4854,872418609,-0.709946,-0.0589946,-3.17904,-0.738163,-0.0589946,-3.17458,-0.738191,-0.0304272,-3.17475,-0.709974,-0.0304272,-3.17922,-0.744319,-0.0617597,-3.39632,-0.773901,-0.0617597,-3.39164,-0.773931,-0.0318102,-3.39183,-0.744348,-0.0318103,-3.39651
0.182148,-2.18445,-3.12006,-35.1204,872418610,-0.709968,-0.0298764,-3.17921,-0.738185,-0.0298763,-3.17474,-0.738185,-0.00130833,-3.17475,-0.709968,-0.00130838,-3.17921,-0.744343,-0.0312592,-3.39651,-0.773926,-0.0312591,-3.39183,-0.773926,-0.00130912,-3.39183,-0.744343,-0.00130917,-3.39651
1.37903,-2.18445,3.12006,-7.98364,872418611,-0.738185,0.00130837,-3.17475,-0.738185,0.0298764,-3.17474,-0.709968,0.0298763,-3.17921,-0.709968,0.00130835,-3.17921,-0.773925,0.00130916,-3.39183,-0.773925,0.0312592,-3.39183,-0.744343,0.0312591,-3.39651,-0.744343,0.00130913,-3.39651
0.951828,-1.94835,2.47074,4.95541,872418630,-0.738547,0.56054,-3.17746,-0.738082,0.588905,-3.17409,-0.709865,0.588973,-3.17855,-0.71033,0.560608,-3.18192,-0.7741,0.586731,-3.39299,-0.773613,0.616468,-3.38945,-0.74403,0.616538,-3.39413,-0.744518,0.586801,-3.39767
0.350526,-2.07004,-2.59098,-0.606642,872418724,-0.680993,-0.441119,-3.18236,-0.709237,-0.441085,-3.17808,-0.70958,-0.412628,-3.18056,-0.681336,-0.412661,-3.18485,-0.713882,-0.46182,-3.39891,-0.743493,-0.461784,-3.39441,-0.743852,-0.43195,-3.39702,-0.714241,-0.431986,-3.40151
-0.153012,-2.08812,-2.62206,-0.857774,872418725,-0.681252,-0.412059,-3.18432,-0.709496,-0.412025,-3.18003,-0.709813,-0.383552,-3.18234,-0.681568,-0.383586,-3.18663,-0.714158,-0.431383,-3.40099,-0.743769,-0.431348,-3.3965,-0.744101,-0.401497,-3.39892,-0.71449,-0.401533,-3.40341
3.95512,-2.10556,-2.65426,-6.51431,872418726,-0.681512,-0.383003,-3.18628,-0.709757,-0.382969,-3.182,-0.710046,-0.354482,-3.18413,-0.681802,-0.354516,-3.18842,-0.714434,-0.40095,-3.40307,-0.744045,-0.400914,-3.39858,-0.744349,-0.371049,-3.40081,-0.714738,-0.371085,-3.4053
0.310055,-2.12225,-2.68757,-0.829829,872418727,-0.681774,-0.353951,-3.18826,-0.710018,-0.353917,-3.18397,-0.710281,-0.325417,-3.18593,-0.682036,-0.325451,-3.19021,-0.714711,-0.370519,-3.40515,-0.744322,-0.370484,-3.40066,-0.744597,-0.340605,-3.40271,-0.714986,-0.340641,-3.4072
0.373383,-2.13809,-2.72196,5.22563,872418728,-0.682037,-0.324901,-3.19024,-0.710281,-0.324867,-3.18595,-0.710517,-0.296355,-3.18773,-0.682272,-0.296389,-3.19202,-0.714987,-0.340091,-3.40723,-0.744598,-0.340055,-3.40274,-0.744845,-0.310164,-3.4046,-0.715234,-0.3102,-3.40909
1.49204,-2.15261,-2.75951,5.42277,872418729,-0.680999,-0.293633,-3.18237,-0.709243,-0.293616,-3.17809,-0.709469,-0.265094,-3.17968,-0.681224,-0.265111,-3.18397,-0.713952,-0.307446,-3.39946,-0.743563,-0.307428,-3.39496,-0.7438,-0.277526,-3.39664,-0.714189,-0.277544,-3.40113
2.30285,-2.1663,-2.79614,0.555896,872418730,-0.681138,-0.264525,-3.18342,-0.709383,-0.264508,-3.17914,-0.709581,-0.235976,-3.18056,-0.681337,-0.235993,-3.18484,-0.714103,-0.276958,-3.40059,-0.743714,-0.27694,-3.39609,-0.743922,-0.247028,-3.39758,-0.714311,-0.247046,-3.40208
1.91183,-2.17884,-2.83373,6.94701,872418731,-0.681278,-0.235422,-3.18448,-0.709523,-0.235405,-3.1802,-0.709695,-0.206864,-3.18144,-0.68145,-0.206881,-3.18573,-0.714254,-0.246474,-3.40172,-0.743865,-0.246456,-3.39723,-0.744045,-0.216535,-3.39853,-0.714434,-0.216553,-3.40302
1.65114,-2.1901,-2.87223,-1.0388,872418732,-0.68142,-0.206321,-3.18555,-0.709665,-0.206304,-3.18126,-0.709809,-0.177757,-3.18233,-0.681565,-0.177773,-3.18662,-0.714404,-0.215993,-3.40285,-0.744015,-0.215975,-3.39836,-0.744167,-0.186046,-3.39948,-0.714556,-0.186064,-3.40397
1.38052,-2.20001,-2.91155,-9.00811,872418733,-0.681563,-0.177223,-3.18663,-0.709807,-0.177206,-3.18234,-0.709925,-0.148652,-3.18323,-0.681681,-0.148669,-3.18751,-0.714554,-0.185513,-3.40398,-0.744165,-0.185495,-3.39949,-0.744289,-0.15556,-3.40042,-0.714678,-0.155578,-3.40492
0.255711,-2.20822,-2.95383,-0.35591,872418734,-0.681002,-0.146364,-3.18238,-0.709247,-0.146364,-3.17809,-0.709354,-0.117805,-3.1788,-0.68111,-0.117805,-3.18309,-0.713995,-0.153275,-3.39978,-0.743606,-0.153275,-3.39529,-0.743719,-0.123335,-3.39603,-0.714108,-0.123335,-3.40053
0.00768906,-2.21495,-2.99456,108.951,872418735,-0.681021,-0.117237,-3.18252,-0.709266,-0.117237,-3.17823,-0.709347,-0.0886745,-3.17877,-0.681102,-0.0886745,-3.18305,-0.71402,-0.122767,-3.39996,-0.743631,-0.122767,-3.39547,-0.743716,-0.092822,-3.39603,-0.714105,-0.092822,-3.40052
-0.417145,-2.22008,-3.03579,-0.275607,872418736,-0.681041,-0.0881146,-3.18267,-0.709286,-0.0881146,-3.17839,-0.70934,-0.0595489,-3.17874,-0.681095,-0.0595489,-3.18303,-0.714045,-0.0922618,-3.40015,-0.743656,-0.0922618,-3.39565,-0.743712,-0.0623142,-3.39603,-0.714101,-0.0623142,-3.40052
-0.247744,-2.22355,-3.07737,-0.560501,872418737,-0.681063,-0.0589946,-3.18283,-0.709307,-0.0589946,-3.17855,-0.709334,-0.0304272,-3.17872,-0.68109,-0.0304272,-3.18301,-0.71407,-0.0617597,-3.40033,-0.74368,-0.0617597,-3.39583,-0.743709,-0.0318103,-3.39602,-0.714098,-0.0318103,-3.40051
-0.266712,-2.22533,-3.11917,-48.1757,872418738,-0.681085,-0.0298764,-3.183,-0.70933,-0.0298763,-3.17872,-0.70933,-0.00130835,-3.17872,-0.681085,-0.00130837,-3.183,-0.714094,-0.0312592,-3.40051,-0.743705,-0.0312591,-3.39602,-0.743705,-0.00130913,-3.39602,-0.714094,-0.00130916,-3.40051
0.245528,-2.10073,-2.57189,10.0567,872418852,-0.652116,-0.441117,-3.18617,-0.680387,-0.441095,-3.18206,-0.680726,-0.412637,-3.18454,-0.652455,-0.41266,-3.18865,-0.683638,-0.46182,-3.40291,-0.713276,-0.461796,-3.39861,-0.713632,-0.431962,-3.40121,-0.683993,-0.431985,-3.40552
0.47169,-2.11998,-2.60359,-0.573752,872418853,-0.652375,-0.412057,-3.18812,-0.680646,-0.412034,-3.18401,-0.680959,-0.383562,-3.18632,-0.652688,-0.383584,-3.19043,-0.683914,-0.431383,-3.40499,-0.713553,-0.431359,-3.40069,-0.713881,-0.401509,-3.40311,-0.684242,-0.401533,-3.40742
-0.0701024,-2.13858,-2.63651,-0.210601,872418854,-0.652636,-0.383001,-3.19009,-0.680907,-0.382979,-3.18598,-0.681194,-0.354492,-3.18811,-0.652923,-0.354514,-3.19222,-0.68419,-0.40095,-3.40707,-0.713829,-0.400926,-3.40277,-0.71413,-0.371061,-3.405,-0.684492,-0.371085,-3.40931
0.243743,-2.15643,-2.67065,-0.384019,872418855,-0.652897,-0.353949,-3.19206,-0.681168,-0.353926,-3.18795,-0.68143,-0.325427,-3.18991,-0.653159,-0.325449,-3.19401,-0.684466,-0.370519,-3.40915,-0.714105,-0.370496,-3.40485,-0.714379,-0.340617,-3.4069,-0.684741,-0.340641,-3.41121
1.52406,-2.17341,-2.70598,-4.15336,872418856,-0.65316,-0.324899,-3.19404,-0.681431,-0.324876,-3.18993,-0.681667,-0.296365,-3.19171,-0.653396,-0.296387,-3.19582,-0.684742,-0.34009,-3.41124,-0.714381,-0.340067,-3.40693,-0.714628,-0.310176,-3.40879,-0.684989,-0.310199,-3.4131
0.117792,-2.18916,-2.74461,-0.0732371,872418857,-0.652122,-0.293632,-3.18617,-0.680393,-0.293621,-3.18206,-0.680614,-0.265099,-3.18366,-0.652343,-0.26511,-3.18777,-0.683709,-0.307446,-3.40346,-0.713347,-0.307434,-3.39915,-0.713579,-0.277532,-3.40083,-0.68394,-0.277544,-3.40514
1.18535,-2.20391,-2.7824,-14.3355,872418858,-0.652261,-0.264524,-3.18722,-0.680532,-0.264513,-3.18311,-0.680728,-0.235981,-3.18454,-0.652457,-0.235993,-3.18865,-0.683859,-0.276958,-3.40459,-0.713498,-0.276946,-3.40028,-0.713702,-0.247034,-3.40178,-0.684064,-0.247046,-3.40608
5.7006,-2.21744,-2.82128,0.774646,872418859,-0.652402,-0.235421,-3.18828,-0.680673,-0.23541,-3.18417,-0.680842,-0.206869,-3.18542,-0.652571,-0.20688,-3.18953,-0.684009,-0.246474,-3.40572,-0.713648,-0.246462,-3.40142,-0.713826,-0.216541,-3.40272,-0.684187,-0.216553,-3.40703
38.7369,-2.22962,-2.86116,0.0525097,872418860,-0.652543,-0.20632,-3.18935,-0.680814,-0.206309,-3.18524,-0.680958,-0.177761,-3.18631,-0.652687,-0.177773,-3.19042,-0.68416,-0.215993,-3.40686,-0.713798,-0.215981,-3.40255,-0.713949,-0.186052,-3.40367,-0.68431,-0.186064,-3.40797
1.0912,-2.24034,-2.90196,-6.12265,872418861,-0.652686,-0.177222,-3.19043,-0.680957,-0.17721,-3.18632,-0.681075,-0.148657,-3.18721,-0.652804,-0.148668,-3.19132,-0.68431,-0.185513,-3.40799,-0.713948,-0.185501,-3.40368,-0.714072,-0.155566,-3.40461,-0.684433,-0.155578,-3.40892
3.9681,-2.24935,-2.9459,2.54062,872418862,-0.652125,-0.146364,-3.18618,-0.680396,-0.146364,-3.18207,-0.6805,-0.117805,-3.18278,-0.652229,-0.117805,-3.18689,-0.683751,-0.153275,-3.40379,-0.71339,-0.153275,-3.39948,-0.713498,-0.123335,-3.40022,-0.683859,-0.123335,-3.40453
0.626749,-2.25666,-2.98829,-7.38967,872418863,-0.652144,-0.117237,-3.18632,-0.680415,-0.117237,-3.18221,-0.680493,-0.0886746,-3.18274,-0.652222,-0.0886745,-3.18685,-0.683776,-0.122767,-3.40397,-0.713415,-0.122767,-3.39966,-0.713496,-0.092822,-3.40022,-0.683857,-0.0928219,-3.40453
0.303445,-2.26225,-3.03124,-28.1176,872418864,-0.652165,-0.0881146,-3.18647,-0.680436,-0.0881146,-3.18236,-0.680487,-0.0595489,-3.18272,-0.652216,-0.0595489,-3.18683,-0.6838,-0.0922618,-3.40415,-0.713439,-0.0922618,-3.39984,-0.713493,-0.0623142,-3.40021,-0.683855,-0.0623141,-3.40452
0.749448,-2.26603,-3.07459,-29.33,872418865,-0.652186,-0.0589946,-3.18663,-0.680457,-0.0589946,-3.18252,-0.680483,-0.0304272,-3.1827,-0.652212,-0.0304272,-3.18681,-0.683825,-0.0617597,-3.40433,-0.713464,-0.0617596,-3.40003,-0.713491,-0.0318102,-3.40021,-0.683852,-0.0318103,-3.40452
-0.661069,-2.26797,-3.1182,-19.7908,872418866,-0.652208,-0.0298764,-3.1868,-0.68048,-0.0298764,-3.18269,-0.68048,-0.00130837,-3.18269,-0.652208,-0.00130835,-3.1868,-0.683849,-0.0312591,-3.40452,-0.713488,-0.0312592,-3.40021,-0.713488,-0.00130915,-3.40021,-0.683849,-0.00130914,-3.40452
-0.507458,-2.13201,-2.55159,-0.125115,872418980,-0.623244,-0.441116,-3.18998,-0.651541,-0.441105,-3.18604,-0.651875,-0.412648,-3.18853,-0.623579,-0.412659,-3.19246,-0.653398,-0.461819,-3.40692,-0.683063,-0.461808,-3.4028,-0.683413,-0.431973,-3.4054,-0.653748,-0.431985,-3.40953
-0.103971,-2.15253,-2.58391,-0.42334,872418981,-0.623504,-0.412056,-3.19193,-0.6518,-0.412045,-3.188,-0.65211,-0.383572,-3.19031,-0.623814,-0.383583,-3.19424,-0.653674,-0.431382,-3.409,-0.683339,-0.431371,-3.40488,-0.683664,-0.40152,-3.4073,-0.653999,-0.401532,-3.41142
-0.255915,-2.1724,-2.61756,0.0850109,872418982,-0.623764,-0.383,-3.1939,-0.65206,-0.382989,-3.18996,-0.652346,-0.354502,-3.1921,-0.624049,-0.354513,-3.19603,-0.65395,-0.400949,-3.41108,-0.683615,-0.400938,-3.40696,-0.683914,-0.371073,-3.40919,-0.654249,-0.371084,-3.41332
0.130577,-2.19152,-2.65253,-0.412176,872418983,-0.624026,-0.353948,-3.19587,-0.652322,-0.353937,-3.19194,-0.652582,-0.325437,-3.19389,-0.624286,-0.325448,-3.19782,-0.654226,-0.370519,-3.41316,-0.683891,-0.370507,-3.40904,-0.684164,-0.340629,-3.41109,-0.654499,-0.34064,-3.41521
0.464402,-2.20975,-2.68883,-39.4349,872418984,-0.624289,-0.324898,-3.19785,-0.652585,-0.324887,-3.19392,-0.65282,-0.296375,-3.1957,-0.624524,-0.296386,-3.19963,-0.654502,-0.34009,-3.41524,-0.684167,-0.340078,-3.41112,-0.684414,-0.310187,-3.41298,-0.654749,-0.310199,-3.4171
1.03607,-2.22686,-2.72858,-16.5321,872418985,-0.623251,-0.293632,-3.18998,-0.651547,-0.293626,-3.18605,-0.651764,-0.265104,-3.18765,-0.623467,-0.26511,-3.19158,-0.653468,-0.307446,-3.40746,-0.683133,-0.30744,-3.40334,-0.683361,-0.277538,-3.40502,-0.653696,-0.277544,-3.40914
1.43391,-2.24279,-2.76759,-14.1829,872418986,-0.62339,-0.264524,-3.19103,-0.651686,-0.264518,-3.1871,-0.651878,-0.235986,-3.18852,-0.623582,-0.235992,-3.19246,-0.653619,-0.276958,-3.4086,-0.683284,-0.276952,-3.40447,-0.683485,-0.24704,-3.40597,-0.65382,-0.247046,-3.41009
4.84023,-2.25743,-2.80781,2.79499,872418987,-0.62353,-0.23542,-3.19209,-0.651827,-0.235415,-3.18816,-0.651994,-0.206874,-3.18941,-0.623698,-0.20688,-3.19334,-0.653769,-0.246474,-3.40973,-0.683434,-0.246468,-3.40561,-0.683609,-0.216547,-3.40691,-0.653944,-0.216553,-3.41103
15.0022,-2.27063,-2.84916,-0.924932,872418988,-0.623672,-0.20632,-3.19316,-0.651968,-0.206314,-3.18923,-0.652111,-0.177766,-3.1903,-0.623814,-0.177772,-3.19423,-0.653919,-0.215993,-3.41086,-0.683584,-0.215987,-3.40674,-0.683734,-0.186058,-3.40786,-0.654069,-0.186064,-3.41198
0.704112,-2.28228,-2.89155,-34.6917,872418989,-0.623815,-0.177221,-3.19424,-0.652111,-0.177216,-3.1903,-0.652229,-0.148662,-3.19119,-0.623932,-0.148667,-3.19512,-0.654069,-0.185513,-3.41199,-0.683734,-0.185507,-3.40787,-0.683858,-0.155572,-3.4088,-0.654193,-0.155578,-3.41292
0.0761073,-2.29218,-2.93728,-0.997021,872418990,-0.623254,-0.146364,-3.18998,-0.65155,-0.146364,-3.18605,-0.651649,-0.117805,-3.18676,-0.623353,-0.117805,-3.1907,-0.653511,-0.153275,-3.40779,-0.683176,-0.153275,-3.40367,-0.68328,-0.123335,-3.40441,-0.653615,-0.123335,-3.40853
0.0645682,-2.30017,-2.98147,55.6827,872418991,-0.623273,-0.117237,-3.19013,-0.651569,-0.117237,-3.1862,-0.651643,-0.0886745,-3.18673,-0.623347,-0.0886746,-3.19066,-0.653536,-0.122767,-3.40797,-0.683201,-0.122767,-3.40385,-0.683278,-0.0928219,-3.40441,-0.653613,-0.092822,-3.40853
-0.07835,-2.30626,-3.02629,-0.123984,872418992,-0.623293,-0.0881146,-3.19028,-0.651589,-0.0881146,-3.18635,-0.651639,-0.0595489,-3.1867,-0.623343,-0.0595489,-3.19064,-0.65356,-0.0922618,-3.40815,-0.683225,-0.0922618,-3.40403,-0.683277,-0.0623141,-3.4044,-0.653612,-0.0623142,-3.40853
0.186438,-2.3104,-3.07157,-63.1995,872418993,-0.623315,-0.0589946,-3.19044,-0.651611,-0.0589946,-3.18651,-0.651635,-0.0304272,-3.18669,-0.623339,-0.0304272,-3.19062,-0.653584,-0.0617597,-3.40834,-0.683249,-0.0617596,-3.40421,-0.683275,-0.0318102,-3.4044,-0.65361,-0.0318103,-3.40852
0.783873,-2.31252,-3.11714,-47.4435,872418994,-0.623337,-0.0298764,-3.19061,-0.651633,-0.0298763,-3.18668,-0.651633,-0.00130834,-3.18668,-0.623337,-0.00130837,-3.19061,-0.653608,-0.0312592,-3.40852,-0.683274,-0.0312591,-3.4044,-0.683274,-0.00130913,-3.4044,-0.653608,-0.00130916,-3.40852
0.746705,-1.56209,-2.01948,-2.76057,872419080,-0.596212,-1.28262,-3.20829,-0.62453,-1.28262,-3.20453,-0.625513,-1.25504,-3.21191,-0.597195,-1.25504,-3.21568,-0.624186,-1.34133,-3.41847,-0.653874,-1.34133,-3.41451,-0.654904,-1.31242,-3.42226,-0.625216,-1.31242,-3.42621
-0.291791,-2.16387,-2.52999,0.115395,872419108,-0.594377,-0.441116,-3.19379,-0.622697,-0.441116,-3.19004,-0.623027,-0.412658,-3.19253,-0.594707,-0.412658,-3.19628,-0.623161,-0.461819,-3.41092,-0.652851,-0.461819,-3.40699,-0.653197,-0.431985,-3.40959,-0.623507,-0.431985,-3.41353
0.0531793,-2.22754,-2.6331,-26.7679,872419111,-0.595159,-0.353947,-3.19969,-0.623479,-0.353947,-3.19593,-0.623738,-0.325448,-3.19789,-0.595418,-0.325448,-3.20164,-0.623988,-0.370519,-3.41716,-0.653678,-0.370519,-3.41323,-0.65395,-0.34064,-3.41528,-0.62426,-0.34064,-3.41921
-0.801337,-2.24714,-2.67037,-0.695704,872419112,-0.595421,-0.324897,-3.20167,-0.623742,-0.324897,-3.19791,-0.623977,-0.296386,-3.19969,-0.595657,-0.296386,-3.20345,-0.624264,-0.34009,-3.41924,-0.653954,-0.34009,-3.41531,-0.654201,-0.310199,-3.41717,-0.624511,-0.310199,-3.42111
3.02317,-2.26576,-2.71128,-1.49236,872419113,-0.594383,-0.293632,-3.1938,-0.622704,-0.293632,-3.19005,-0.622916,-0.265109,-3.19165,-0.594595,-0.265109,-3.1954,-0.623231,-0.307446,-3.41147,-0.652922,-0.307446,-3.40753,-0.653144,-0.277543,-3.40921,-0.623454,-0.277543,-3.41314
1.41209,-2.28301,-2.75157,10.1917,872419114,-0.594522,-0.264524,-3.19485,-0.622843,-0.264524,-3.1911,-0.623031,-0.235992,-3.19252,-0.594711,-0.235992,-3.19627,-0.623381,-0.276958,-3.4126,-0.653072,-0.276958,-3.40866,-0.653269,-0.247046,-3.41016,-0.623579,-0.247046,-3.41409
-0.248421,-2.29889,-2.79321,-59.8079,872419115,-0.594663,-0.23542,-3.19591,-0.622983,-0.23542,-3.19216,-0.623148,-0.20688,-3.1934,-0.594828,-0.20688,-3.19715,-0.623531,-0.246474,-3.41373,-0.653222,-0.246474,-3.4098,-0.653395,-0.216553,-3.4111,-0.623704,-0.216553,-3.41504
1.4897,-2.31325,-2.83613,14.5801,872419116,-0.594804,-0.206319,-3.19698,-0.623125,-0.20632,-3.19322,-0.623266,-0.177772,-3.19429,-0.594946,-0.177772,-3.19804,-0.623681,-0.215992,-3.41486,-0.653372,-0.215992,-3.41093,-0.65352,-0.186064,-3.41205,-0.623829,-0.186064,-3.41598
0.0322058,-2.32594,-2.88022,-0.697669,872419117,-0.594947,-0.177221,-3.19805,-0.623267,-0.177221,-3.1943,-0.623385,-0.148667,-3.19519,-0.595065,-0.148667,-3.19894,-0.623831,-0.185513,-3.41599,-0.653522,-0.185513,-3.41206,-0.653645,-0.155578,-3.41299,-0.623955,-0.155577,-3.41693
0.372269,-2.33685,-2.92787,0.283895,872419118,-0.594386,-0.146364,-3.1938,-0.622707,-0.146364,-3.19005,-0.622801,-0.117805,-3.19076,-0.594481,-0.117805,-3.19451,-0.623274,-0.153275,-3.41179,-0.652964,-0.153275,-3.40786,-0.653063,-0.123335,-3.4086,-0.623373,-0.123335,-3.41254
-0.787526,-2.3456,-2.97401,-0.262802,872419119,-0.594405,-0.117237,-3.19394,-0.622726,-0.117237,-3.19019,-0.622796,-0.0886746,-3.19073,-0.594476,-0.0886745,-3.19448,-0.623298,-0.122767,-3.41197,-0.652988,-0.122767,-3.40804,-0.653063,-0.092822,-3.4086,-0.623372,-0.0928219,-3.41253
0.472122,-2.35229,-3.02087,0.307645,872419120,-0.594426,-0.0881146,-3.1941,-0.622746,-0.0881146,-3.19034,-0.622793,-0.0595489,-3.1907,-0.594473,-0.0595489,-3.19445,-0.623322,-0.0922618,-3.41216,-0.653013,-0.0922618,-3.40822,-0.653062,-0.0623142,-3.40859,-0.623372,-0.0623142,-3.41253
0.221008,-2.35683,-3.06826,-39.1232,872419121,-0.594447,-0.0589946,-3.19426,-0.622767,-0.0589946,-3.1905,-0.622791,-0.0304272,-3.19068,-0.59447,-0.0304272,-3.19444,-0.623346,-0.0617597,-3.41234,-0.653037,-0.0617596,-3.4084,-0.653061,-0.0318102,-3.40859,-0.623371,-0.0318103,-3.41253
2.16024,-2.35916,-3.11598,-48.2268,872419122,-0.594469,-0.0298763,-3.19443,-0.62279,-0.0298764,-3.19067,-0.62279,-0.0013084,-3.19067,-0.594469,-0.00130832,-3.19443,-0.62337,-0.0312591,-3.41252,-0.653061,-0.0312592,-3.40859,-0.653061,-0.00130919,-3.40859,-0.623371,-0.0013091,-3.41252
0.982525,-2.35916,3.11598,-15.7768,872419123,-0.62279,0.00130836,-3.19067,-0.62279,0.0298764,-3.19067,-0.594469,0.0298764,-3.19443,-0.594469,0.00130836,-3.19443,-0.653061,0.00130915,-3.40859,-0.653061,0.0312592,-3.40859,-0.62337,0.0312591,-3.41252,-0.623371,0.00130914,-3.41252
0.927244,-1.56689,-1.99773,-11.6405,872419208,-0.562633,-1.28264,-3.19216,-0.590981,-1.28246,-3.18862,-0.591731,-1.25488,-3.19604,-0.563383,-1.25506,-3.19957,-0.589217,-1.34134,-3.40251,-0.618937,-1.34115,-3.39881,-0.619723,-1.31224,-3.40658,-0.590004,-1.31242,-3.41028
0.0827807,-2.30564,-2.68971,-0.810812,872419241,-0.561286,-0.293634,-3.17768,-0.589634,-0.293612,-3.17414,-0.589811,-0.265089,-3.17574,-0.561463,-0.265112,-3.17928,-0.588497,-0.307446,-3.39555,-0.618216,-0.307422,-3.39184,-0.618403,-0.27752,-3.39353,-0.588683,-0.277544,-3.39724
-0.216412,-2.32463,-2.73151,-0.264202,872419242,-0.561391,-0.264526,-3.17873,-0.589739,-0.264504,-3.17519,-0.589894,-0.235972,-3.17662,-0.561546,-0.235994,-3.18016,-0.588611,-0.276958,-3.39669,-0.61833,-0.276935,-3.39298,-0.618493,-0.247022,-3.39448,-0.588774,-0.247046,-3.39819
1.93072,-2.34218,-2.77487,1.10106,872419243,-0.561496,-0.235423,-3.17979,-0.589844,-0.2354,-3.17626,-0.589977,-0.20686,-3.1775,-0.56163,-0.206882,-3.18104,-0.588725,-0.246474,-3.39783,-0.618444,-0.246451,-3.39412,-0.618584,-0.21653,-3.39543,-0.588864,-0.216553,-3.39914
0.248916,-2.35811,-2.8197,-0.06696,872419244,-0.561603,-0.206322,-3.18087,-0.589951,-0.2063,-3.17733,-0.590062,-0.177752,-3.1784,-0.561714,-0.177774,-3.18194,-0.588838,-0.215993,-3.39896,-0.618557,-0.215969,-3.39525,-0.618674,-0.186041,-3.39638,-0.588954,-0.186064,-3.40009
0.322623,-2.37224,-2.86589,-6.72525,872419245,-0.56171,-0.177224,-3.18195,-0.590058,-0.177201,-3.17841,-0.590147,-0.148647,-3.1793,-0.561799,-0.14867,-3.18284,-0.588951,-0.185513,-3.4001,-0.618671,-0.18549,-3.39639,-0.618764,-0.155554,-3.39733,-0.589044,-0.155578,-3.40104
0.64902,-2.38422,-2.91599,-8.85752,872419246,-0.561289,-0.146364,-3.17768,-0.589637,-0.146364,-3.17414,-0.589726,-0.117805,-3.17485,-0.561378,-0.117805,-3.17839,-0.588529,-0.153275,-3.39588,-0.618248,-0.153275,-3.39217,-0.618341,-0.123335,-3.39292,-0.588622,-0.123335,-3.39663
0.261652,-2.40146,-3.014,0.491142,872419248,-0.561319,-0.0881146,-3.17798,-0.589667,-0.0881146,-3.17444,-0.589711,-0.0595488,-3.17479,-0.561363,-0.0595489,-3.17833,-0.588567,-0.0922618,-3.39625,-0.618286,-0.0922618,-3.39254,-0.618333,-0.0623141,-3.39291,-0.588613,-0.0623142,-3.39662
0.865909,-2.40654,-3.06406,-46.1142,872419249,-0.561335,-0.0589946,-3.17814,-0.589683,-0.0589946,-3.1746,-0.589705,-0.0304272,-3.17478,-0.561357,-0.0304272,-3.17832,-0.588586,-0.0617597,-3.39643,-0.618305,-0.0617597,-3.39272,-0.618328,-0.0318102,-3.39291,-0.588609,-0.0318103,-3.39662
1.09769,-2.40916,-3.11451,-30.8627,872419250,-0.561352,-0.0298763,-3.17831,-0.589699,-0.0298764,-3.17477,-0.5897,-0.00130836,-3.17477,-0.561352,-0.00130835,-3.17831,-0.588604,-0.0312591,-3.39661,-0.618323,-0.0312592,-3.3929,-0.618323,-0.00130915,-3.3929,-0.588604,-0.00130914,-3.39661
0.862351,-2.34716,-2.66908,33.518,872419369,-0.532294,-0.293633,-3.18052,-0.560664,-0.293616,-3.17716,-0.560837,-0.265094,-3.17877,-0.532467,-0.265111,-3.18213,-0.558133,-0.307446,-3.39857,-0.587875,-0.307428,-3.39504,-0.588057,-0.277526,-3.39673,-0.558315,-0.277544,-3.40025
0.270603,-2.36783,-2.71229,0.321087,872419370,-0.532399,-0.264525,-3.18158,-0.560769,-0.264508,-3.17822,-0.560921,-0.235976,-3.17964,-0.532551,-0.235993,-3.18301,-0.558247,-0.276958,-3.3997,-0.587989,-0.27694,-3.39618,-0.588149,-0.247028,-3.39768,-0.558407,-0.247046,-3.4012
2.9835,-2.38701,-2.75724,0.804504,872419371,-0.532505,-0.235422,-3.18264,-0.560875,-0.235405,-3.17928,-0.561005,-0.206864,-3.18053,-0.532636,-0.206881,-3.18389,-0.558361,-0.246474,-3.40084,-0.588103,-0.246456,-3.39732,-0.58824,-0.216535,-3.39863,-0.558498,-0.216553,-3.40215
0.0662161,-2.40446,-2.80387,0.477056,872419372,-0.532611,-0.206321,-3.18371,-0.560981,-0.206304,-3.18035,-0.561091,-0.177756,-3.18142,-0.532721,-0.177773,-3.18478,-0.558474,-0.215993,-3.40198,-0.588216,-0.215975,-3.39845,-0.588331,-0.186046,-3.39958,-0.558589,-0.186064,-3.4031
-1.03255,-2.41997,-2.85206,0.179175,872419373,-0.532719,-0.177223,-3.18479,-0.561088,-0.177206,-3.18143,-0.561177,-0.148652,-3.18233,-0.532808,-0.148669,-3.18569,-0.558587,-0.185513,-3.40311,-0.588329,-0.185495,-3.39959,-0.588422,-0.15556,-3.40053,-0.55868,-0.155578,-3.40405
-0.0522694,-2.45237,-3.00731,0.230464,872419376,-0.532327,-0.0881146,-3.18082,-0.560697,-0.0881146,-3.17746,-0.560739,-0.0595489,-3.17782,-0.532369,-0.0595488,-3.18118,-0.558203,-0.0922618,-3.39926,-0.587945,-0.0922618,-3.39574,-0.587989,-0.0623142,-3.39611,-0.558247,-0.0623141,-3.39964
0.0491711,-2.45801,-3.05997,-61.6663,872419377,-0.532343,-0.0589946,-3.18098,-0.560713,-0.0589946,-3.17762,-0.560734,-0.0304272,-3.1778,-0.532364,-0.0304272,-3.18116,-0.558221,-0.0617596,-3.39944,-0.587963,-0.0617597,-3.39592,-0.587986,-0.0318103,-3.39611,-0.558243,-0.0318102,-3.39963
-0.0905969,-2.46091,-3.11307,-54.5728,872419378,-0.53236,-0.0298763,-3.18116,-0.56073,-0.0298764,-3.17779,-0.56073,-0.00130837,-3.17779,-0.53236,-0.00130834,-3.18116,-0.55824,-0.0312591,-3.39963,-0.587982,-0.0312592,-3.3961,-0.587982,-0.00130916,-3.3961,-0.55824,-0.00130913,-3.39963
0.741438,-1.57549,1.97864,6.3384,872419421,-0.56276,1.25492,-3.19907,-0.562012,1.2825,-3.19166,-0.533643,1.28263,-3.19502,-0.534391,1.25505,-3.20243,-0.589381,1.31228,-3.40979,-0.588597,1.3412,-3.40202,-0.558855,1.34134,-3.40554,-0.559639,1.31242,-3.41332
1.69715,-1.55656,1.97022,17.0032,872419422,-0.562046,1.28314,-3.19189,-0.561277,1.31067,-3.18431,-0.532908,1.3108,-3.18767,-0.533676,1.28327,-3.19525,-0.58863,1.34183,-3.40225,-0.587824,1.3707,-3.3943,-0.558082,1.37084,-3.39782,-0.558888,1.34197,-3.40577
0.0367346,-2.39001,-2.64666,-0.638889,872419497,-0.503309,-0.293632,-3.18338,-0.531699,-0.293621,-3.1802,-0.531868,-0.265099,-3.1818,-0.503478,-0.26511,-3.18498,-0.527775,-0.307446,-3.40158,-0.557538,-0.307434,-3.39824,-0.557715,-0.277532,-3.39993,-0.527952,-0.277544,-3.40326
-0.306246,-2.41259,-2.69131,0.613476,872419498,-0.503414,-0.264524,-3.18443,-0.531804,-0.264513,-3.18125,-0.531953,-0.235981,-3.18268,-0.503562,-0.235993,-3.18586,-0.527888,-0.276958,-3.40272,-0.557652,-0.276946,-3.39938,-0.557808,-0.247034,-3.40088,-0.528044,-0.247046,-3.40421
0.143782,-2.4336,-2.73794,-0.00786906,872419499,-0.503519,-0.235421,-3.1855,-0.53191,-0.23541,-3.18231,-0.532038,-0.206869,-3.18356,-0.503648,-0.20688,-3.18675,-0.528001,-0.246474,-3.40385,-0.557765,-0.246462,-3.40052,-0.5579,-0.216541,-3.40183,-0.528136,-0.216553,-3.40516
0.0478385,-2.45279,-2.78649,-0.168923,872419500,-0.503626,-0.20632,-3.18657,-0.532016,-0.206309,-3.18339,-0.532125,-0.177761,-3.18446,-0.503735,-0.177773,-3.18764,-0.528115,-0.215993,-3.40499,-0.557878,-0.215981,-3.40165,-0.557992,-0.186052,-3.40278,-0.528229,-0.186064,-3.40611
0.397456,-2.46991,-2.83682,0.789036,872419501,-0.503733,-0.177222,-3.18765,-0.532124,-0.17721,-3.18447,-0.532212,-0.148657,-3.18536,-0.503822,-0.148668,-3.18854,-0.528228,-0.185513,-3.40613,-0.557991,-0.185501,-3.40279,-0.558084,-0.155566,-3.40373,-0.528321,-0.155578,-3.40706
0.282855,-2.43424,-2.6222,0.455456,872419625,-0.474328,-0.293632,-3.18624,-0.502738,-0.293626,-3.18324,-0.502902,-0.265104,-3.18484,-0.474492,-0.26511,-3.18785,-0.49742,-0.307446,-3.40459,-0.527204,-0.30744,-3.40144,-0.527376,-0.277538,-3.40313,-0.497592,-0.277544,-3.40628
0.589232,-2.45896,-2.66833,25.3201,872419626,-0.474433,-0.264524,-3.1873,-0.502843,-0.264518,-3.18429,-0.502988,-0.235986,-3.18572,-0.474578,-0.235992,-3.18872,-0.497533,-0.276958,-3.40573,-0.527317,-0.276952,-3.40258,-0.52747,-0.24704,-3.40408,-0.497686,-0.247046,-3.40723
-0.0148817,-2.48207,-2.71673,101.721,872419627,-0.474539,-0.23542,-3.18836,-0.502948,-0.235415,-3.18536,-0.503075,-0.206874,-3.1866,-0.474665,-0.20688,-3.18961,-0.497646,-0.246474,-3.40687,-0.52743,-0.246468,-3.40372,-0.527563,-0.216547,-3.40503,-0.497779,-0.216553,-3.40818
0.290343,-2.50325,-2.76731,0.212329,872419628,-0.474645,-0.20632,-3.18943,-0.503055,-0.206314,-3.18643,-0.503163,-0.177766,-3.1875,-0.474753,-0.177772,-3.1905,-0.497759,-0.215993,-3.408,-0.527543,-0.215987,-3.40485,-0.527656,-0.186058,-3.40598,-0.497872,-0.186064,-3.40913
0.694609,-2.52221,-2.81995,-24.0356,872419629,-0.474753,-0.177221,-3.19051,-0.503162,-0.177216,-3.18751,-0.503251,-0.148662,-3.1884,-0.474841,-0.148667,-3.1914,-0.497872,-0.185513,-3.40914,-0.527656,-0.185507,-3.40599,-0.527749,-0.155572,-3.40693,-0.497965,-0.155578,-3.41008
2.23795,-2.52221,2.81995,47.5409,872419640,-0.503251,0.148662,-3.1884,-0.503162,0.177216,-3.18751,-0.474753,0.177221,-3.19051,-0.474841,0.148667,-3.1914,-0.527749,0.155572,-3.40693,-0.527656,0.185507,-3.40599,-0.497872,0.185513,-3.40914,-0.497965,0.155578,-3.41008
2.73893,-2.63657,-2.7777,1.9761,872419885,-0.413561,-0.177224,-3.18104,-0.44201,-0.177201,-3.17844,-0.442069,-0.148647,-3.17933,-0.41362,-0.14867,-3.18193,-0.433586,-0.185513,-3.39997,-0.463412,-0.18549,-3.39724,-0.463474,-0.155554,-3.39818,-0.433648,-0.155578,-3.40091
0.885564,-2.65777,-2.84195,32.7372,872419886,-0.41328,-0.146364,-3.17676,-0.44173,-0.146364,-3.17416,-0.441795,-0.117805,-3.17487,-0.413346,-0.117805,-3.17747,-0.433303,-0.153275,-3.39574,-0.463128,-0.153275,-3.39301,-0.463197,-0.123335,-3.39376,-0.433371,-0.123335,-3.39649
1.41772,-2.50449,-2.43619,10.0535,872420007,-0.384595,-0.353951,-3.18457,-0.41306,-0.353917,-3.18214,-0.413193,-0.325417,-3.18411,-0.384728,-0.325451,-3.18653,-0.403218,-0.370519,-3.40315,-0.43306,-0.370484,-3.40061,-0.4332,-0.340606,-3.40268,-0.403358,-0.340641,-3.40522
1.85906,-2.69747,2.75368,16.2684,872420024,-0.413016,0.148652,-3.1814,-0.412956,0.177206,-3.1805,-0.384491,0.177223,-3.18292,-0.384551,0.148669,-3.18382,-0.433043,0.15556,-3.40038,-0.432981,0.185495,-3.39944,-0.403139,0.185513,-3.40198,-0.403201,0.155578,-3.40292
2.84322,-2.28828,2.22818,48.8964,872420036,-0.413248,0.50255,-3.185,-0.41304,0.530956,-3.18196,-0.384575,0.531006,-3.18438,-0.384783,0.502601,-3.18742,-0.433216,0.525997,-3.40284,-0.432998,0.555777,-3.39965,-0.403156,0.55583,-3.40219,-0.403374,0.52605,-3.40538
0.564309,-1.69415,1.9062,36.0598,872420057,-0.413476,1.13075,-3.18928,-0.413017,1.15851,-3.18254,-0.384552,1.15863,-3.18497,-0.385011,1.13087,-3.19171,-0.43319,1.18276,-3.40214,-0.432708,1.21186,-3.39507,-0.402867,1.21199,-3.39761,-0.403348,1.18289,-3.40468
2.06443,-2.82972,-2.94433,23.3585,872420144,-0.355166,-0.0881146,-3.18084,-0.383646,-0.0881146,-3.1786,-0.383674,-0.0595489,-3.17895,-0.355195,-0.0595489,-3.1812,-0.37244,-0.0922618,-3.40013,-0.402297,-0.0922618,-3.39777,-0.402327,-0.0623142,-3.39815,-0.372469,-0.0623142,-3.4005
1.88462,-2.84196,-3.02115,50.2252,872420145,-0.355177,-0.0589946,-3.181,-0.383657,-0.0589946,-3.17876,-0.383671,-0.0304272,-3.17894,-0.355191,-0.0304272,-3.18118,-0.372452,-0.0617597,-3.40031,-0.402309,-0.0617597,-3.39796,-0.402324,-0.0318103,-3.39815,-0.372467,-0.0318102,-3.4005
1.09299,-2.31527,2.19197,37.8628,872420164,-0.384196,0.502565,-3.18708,-0.383991,0.53097,-3.18404,-0.355511,0.531004,-3.18628,-0.355717,0.502599,-3.18932,-0.402787,0.526015,-3.40504,-0.402572,0.555794,-3.40185,-0.372714,0.555829,-3.4042,-0.37293,0.52605,-3.40739
3.60955,-2.90835,-2.92798,10.7634,872420272,-0.326107,-0.0881146,-3.18274,-0.3546,-0.0881146,-3.18068,-0.354626,-0.0595489,-3.18104,-0.326133,-0.0595489,-3.1831,-0.342001,-0.0922618,-3.40213,-0.371873,-0.0922618,-3.39997,-0.3719,-0.0623142,-3.40035,-0.342029,-0.0623142,-3.40251
2.62541,-2.93018,-3.09582,13.2547,872420274,-0.326129,-0.0298764,-3.18308,-0.354622,-0.0298764,-3.18101,-0.354622,-0.00130836,-3.18101,-0.326129,-0.00130836,-3.18308,-0.342026,-0.0312592,-3.4025,-0.371898,-0.0312591,-3.40034,-0.371898,-0.00130914,-3.40034,-0.342026,-0.00130915,-3.4025
1.00126,-2.86147,2.77141,-17.6334,872420279,-0.354632,0.117805,-3.1811,-0.354581,0.146364,-3.18038,-0.326087,0.146364,-3.18245,-0.326139,0.117805,-3.18316,-0.371903,0.123335,-3.40035,-0.371848,0.153275,-3.3996,-0.341977,0.153275,-3.40177,-0.342031,0.123335,-3.40252
3.30133,-2.71689,2.50771,2.82055,872420283,-0.354746,0.235986,-3.18287,-0.354648,0.264518,-3.18144,-0.326155,0.264524,-3.1835,-0.326253,0.235992,-3.18493,-0.372006,0.24704,-3.40192,-0.371903,0.276952,-3.40042,-0.342032,0.276958,-3.40258,-0.342135,0.247046,-3.40408
1.76487,-2.22841,2.08272,5.42937,872420295,-0.355794,0.593472,-3.1991,-0.355558,0.621815,-3.19553,-0.327064,0.621837,-3.1976,-0.327301,0.593494,-3.20117,-0.372989,0.621041,-3.41669,-0.372741,0.650755,-3.41295,-0.34287,0.650778,-3.41512,-0.343118,0.621065,-3.41886
1.14032,-2.7801,-2.35733,-1.4863,872420521,-0.265703,-0.293634,-3.17582,-0.294222,-0.293612,-3.17416,-0.294294,-0.265089,-3.17578,-0.265774,-0.265112,-3.17744,-0.278479,-0.307446,-3.39502,-0.308378,-0.307422,-3.39328,-0.308453,-0.27752,-3.39497,-0.278553,-0.277544,-3.39671
2.8334,-2.88292,2.47321,3.50865,872420538,-0.294343,0.20686,-3.17755,-0.294293,0.2354,-3.17629,-0.265773,0.235423,-3.17795,-0.265824,0.206882,-3.17921,-0.308508,0.21653,-3.39688,-0.308455,0.246451,-3.39556,-0.278556,0.246474,-3.39731,-0.278609,0.216553,-3.39862
1.49058,-2.39045,2.06763,-9.44228,872420548,-0.294509,0.502537,-3.18295,-0.294399,0.530942,-3.17991,-0.26588,0.53101,-3.18157,-0.26599,0.502604,-3.18461,-0.308656,0.52598,-3.40125,-0.308541,0.555759,-3.39806,-0.278642,0.55583,-3.3998,-0.278757,0.526051,-3.40299
0.571347,-1.60985,1.7836,14.8177,872420574,-0.294632,1.2831,-3.18894,-0.294362,1.31063,-3.18132,-0.265843,1.31081,-3.18297,-0.266113,1.28328,-3.19059,-0.308659,1.34179,-3.40051,-0.308376,1.37065,-3.39252,-0.278477,1.37084,-3.39425,-0.278759,1.34197,-3.40224
1.57855,-2.16724,-1.91773,7.39277,872420635,-0.236687,-0.708454,-3.18049,-0.265216,-0.708387,-3.17901,-0.265363,-0.680116,-3.18312,-0.236833,-0.680184,-3.18461,-0.248045,-0.741496,-3.39771,-0.277954,-0.741426,-3.39615,-0.278108,-0.711788,-3.40046,-0.248199,-0.711859,-3.40202
2.4571,-2.83204,-2.30254,-18.055,872420649,-0.236587,-0.293633,-3.17675,-0.265116,-0.293616,-3.17527,-0.265183,-0.265094,-3.17688,-0.236654,-0.265111,-3.17837,-0.247982,-0.307446,-3.39603,-0.277892,-0.307428,-3.39447,-0.277962,-0.277526,-3.39616,-0.248052,-0.277544,-3.39772
2.17292,-2.88982,-2.35752,19.0585,872420650,-0.236622,-0.264525,-3.17781,-0.265151,-0.264508,-3.17633,-0.265209,-0.235976,-3.17776,-0.236679,-0.235993,-3.17925,-0.248021,-0.276958,-3.39717,-0.27793,-0.27694,-3.39561,-0.277991,-0.247028,-3.39712,-0.248081,-0.247046,-3.39867
1.13269,-2.83204,2.30254,33.7486,872420668,-0.265183,0.265094,-3.17688,-0.265116,0.293616,-3.17527,-0.236587,0.293633,-3.17675,-0.236654,0.265111,-3.17836,-0.277962,0.277526,-3.39616,-0.277892,0.307428,-3.39447,-0.247982,0.307446,-3.39603,-0.248052,0.277544,-3.39772
1.60661,-2.50745,2.07183,16.7871,872420674,-0.265575,0.444566,-3.18952,-0.265486,0.473007,-3.18683,-0.236956,0.473058,-3.18831,-0.237045,0.444617,-3.191,-0.278351,0.465262,-3.40817,-0.278258,0.495079,-3.40535,-0.248348,0.495133,-3.40691,-0.248441,0.465315,-3.40972
2.89285,-2.88336,-2.24178,32.9459,872420777,-0.207476,-0.293632,-3.17769,-0.236014,-0.293621,-3.17639,-0.236077,-0.265099,-3.178,-0.207538,-0.26511,-3.1793,-0.217491,-0.307446,-3.39703,-0.24741,-0.307434,-3.39566,-0.247475,-0.277532,-3.39736,-0.217556,-0.277544,-3.39872
3.45202,-2.763,-1.98859,3.03153,872421030,-0.149392,-0.383,-3.18353,-0.177944,-0.383,-3.18259,-0.178015,-0.354513,-3.18474,-0.149463,-0.354513,-3.18568,-0.156641,-0.400949,-3.40268,-0.186575,-0.400949,-3.40169,-0.186649,-0.371084,-3.40395,-0.156716,-0.371084,-3.40494
1.05657,-2.53991,-1.83635,56.3585,872421154,-0.118387,-0.502034,-3.18354,-0.146946,-0.501966,-3.18282,-0.146951,-0.473543,-3.18569,-0.118392,-0.47361,-3.1864,-0.12394,-0.525481,-3.40222,-0.15388,-0.52541,-3.40146,-0.153885,-0.495611,-3.40447,-0.123945,-0.495682,-3.40522
2.4164,-2.3379,1.78574,-1.96415,872421191,-0.146937,0.593414,-3.19292,-0.146937,0.621757,-3.18934,-0.118378,0.621847,-3.19005,-0.118378,0.593504,-3.19364,-0.153885,0.620972,-3.41108,-0.153884,0.650686,-3.40733,-0.123944,0.65078,-3.40808,-0.123945,0.621066,-3.41183
0.940949,-2.13202,1.74421,10.5323,872421196,-0.146926,0.74308,-3.19739,-0.146925,0.771297,-3.19293,-0.118366,0.771409,-3.19364,-0.118367,0.743193,-3.19811,-0.15389,0.777476,-3.41458,-0.153889,0.807058,-3.4099,-0.123949,0.807175,-3.41065,-0.12395,0.777594,-3.41533
3.43975,-2.5534,-1.77995,49.0277,872421282,-0.0892565,-0.502031,-3.1835,-0.117819,-0.50198,-3.18297,-0.117823,-0.473556,-3.18583,-0.0892601,-0.473607,-3.18637,-0.0934261,-0.52548,-3.40222,-0.123371,-0.525427,-3.40165,-0.123375,-0.495628,-3.40466,-0.09343,-0.495682,-3.40522
3.09032,-2.83109,-1.76995,9.44253,872421414,-0.0601383,-0.383001,-3.17877,-0.088704,-0.382979,-3.17841,-0.0887086,-0.354492,-3.18056,-0.0601429,-0.354514,-3.18092,-0.0629148,-0.40095,-3.39802,-0.0928624,-0.400926,-3.39765,-0.0928672,-0.371061,-3.3999,-0.0629196,-0.371085,-3.40028
2.33465,-2.63185,1.66919,21.246,872421570,-0.0595771,0.444596,-3.18888,-0.0595768,0.473037,-3.1862,-0.0310094,0.473054,-3.18638,-0.0310097,0.444613,-3.18907,-0.0623633,0.465297,-3.40789,-0.062363,0.495114,-3.40508,-0.0324136,0.495132,-3.40527,-0.0324139,0.465315,-3.40808
1.9449,-2.57095,1.66338,2.28098,872421571,-0.0595779,0.473586,-3.18615,-0.0595765,0.50201,-3.18329,-0.0310091,0.502027,-3.18347,-0.0310105,0.473603,-3.18633,-0.0623641,0.495663,-3.40503,-0.0623626,0.525462,-3.40202,-0.0324132,0.52548,-3.40221,-0.0324147,0.495681,-3.40522
1.09086,-2.93198,1.6184,42.1603,872421694,-0.030466,0.325448,-3.18271,-0.0304659,0.353947,-3.18074,-0.00189793,0.353947,-3.18074,-0.00189799,0.325448,-3.18271,-0.031859,0.34064,-3.40219,-0.031859,0.370519,-3.40012,-0.00190898,0.370519,-3.40012,-0.00190904,0.34064,-3.40219
3.42888,-2.84998,1.61465,4.84247,872421695,-0.0304659,0.354513,-3.1809,-0.0304658,0.383,-3.17875,-0.00189778,0.383,-3.17875,-0.0018979,0.354513,-3.1809,-0.031859,0.371084,-3.40027,-0.0318589,0.400949,-3.39802,-0.00190888,0.400949,-3.39802,-0.001909,0.371084,-3.40028
1.94051,-2.7038,-1.53291,22.5479,872421796,0.0304656,-0.412658,-3.1773,0.0304655,-0.441116,-3.17479,0.0018975,-0.441116,-3.17479,0.00189762,-0.412658,-3.1773,0.0318589,-0.431985,-3.39645,0.0318588,-0.461819,-3.39382,0.00190877,-0.461819,-3.39382,0.0019089,-0.431985,-3.39645
1.96231,-2.68964,1.39818,-6.23206,872422081,0.060138,0.441117,-3.17482,0.0887037,0.441095,-3.17446,0.0887129,0.412637,-3.17697,0.0601471,0.41266,-3.17733,0.0629138,0.46182,-3.39383,0.0928614,0.461796,-3.39345,0.092871,0.431962,-3.39608,0.0629234,0.431985,-3.39646
1.73912,-2.88891,-1.27491,-1.33499,872422183,0.11783,-0.325417,-3.18222,0.117827,-0.353917,-3.18025,0.0892641,-0.353951,-3.18079,0.0892676,-0.325451,-3.18276,0.123372,-0.340605,-3.40163,0.123368,-0.370484,-3.39956,0.0934235,-0.370519,-3.40013,0.0934272,-0.340641,-3.40219
3.24267,-2.88891,1.27491,47.739,872422206,0.0892641,0.353951,-3.18079,0.117827,0.353917,-3.18025,0.11783,0.325417,-3.18222,0.0892676,0.325451,-3.18276,0.0934235,0.37052,-3.40013,0.123368,0.370484,-3.39956,0.123372,0.340606,-3.40163,0.0934272,0.340641,-3.40219
1.53556,-2.59691,-1.28932,48.5773,872422307,0.146947,-0.444552,-3.18842,0.146947,-0.472994,-3.18573,0.118388,-0.473061,-3.18645,0.118388,-0.44462,-3.18913,0.153881,-0.465245,-3.40734,0.153881,-0.495062,-3.40452,0.12394,-0.495133,-3.40527,0.12394,-0.465316,-3.40809
0.158537,-2.05498,-1.37229,-0.765829,872422423,0.178251,-0.800707,-3.1928,0.178091,-0.828865,-3.18798,0.149539,-0.828865,-3.18893,0.149699,-0.800707,-3.19375,0.186843,-0.837847,-3.40947,0.186674,-0.867367,-3.40442,0.156741,-0.867367,-3.40542,0.156909,-0.837847,-3.41047
-0.105085,-2.08975,-1.36505,0.362896,872422424,0.178402,-0.771941,-3.19733,0.178248,-0.800129,-3.19269,0.149696,-0.800129,-3.19364,0.14985,-0.771941,-3.19828,0.187001,-0.807718,-3.41424,0.186839,-0.837269,-3.40937,0.156906,-0.837269,-3.41037,0.157068,-0.807718,-3.41523
0.113543,-2.12572,-1.35727,0.114563,872422425,0.178553,-0.743179,-3.20188,0.178405,-0.771396,-3.19741,0.149853,-0.771396,-3.19836,0.150001,-0.743179,-3.20283,0.18716,-0.777592,-3.419,0.187004,-0.807173,-3.41432,0.15707,-0.807173,-3.41532,0.157226,-0.777592,-3.42
1.61714,-2.57856,-1.2276,37.7783,872422435,0.178278,-0.444612,-3.19289,0.178189,-0.473053,-3.1902,0.149636,-0.473053,-3.19115,0.149725,-0.444612,-3.19384,0.18691,-0.465314,-3.41175,0.186817,-0.495131,-3.40893,0.156883,-0.495131,-3.40992,0.156976,-0.465314,-3.41274
8.83533,-2.90196,-1.08548,-2.06307,872422440,0.178135,-0.296386,-3.18837,0.178076,-0.324897,-3.18657,0.149524,-0.324897,-3.18752,0.149583,-0.296386,-3.18931,0.186776,-0.310199,-3.40777,0.186714,-0.34009,-3.40589,0.15678,-0.34009,-3.40688,0.156842,-0.310199,-3.40876
-0.12156,-2.04746,-1.33821,0.405956,872422551,0.20735,-0.80068,-3.19166,0.207188,-0.828838,-3.18684,0.178642,-0.828866,-3.18797,0.178804,-0.800708,-3.19279,0.217323,-0.837818,-3.40828,0.217153,-0.867338,-3.40322,0.187226,-0.867368,-3.40441,0.187396,-0.837848,-3.40946
-0.251524,-2.08169,-1.32984,-0.631116,872422552,0.2075,-0.771914,-3.1962,0.207344,-0.800102,-3.19155,0.178799,-0.80013,-3.19268,0.178954,-0.771942,-3.19732,0.21748,-0.807689,-3.41304,0.217317,-0.83724,-3.40817,0.187391,-0.83727,-3.40936,0.187554,-0.807719,-3.41422
0.105662,-2.11707,-1.32087,-0.31092,872422553,0.20765,-0.743152,-3.20074,0.207501,-0.771369,-3.19627,0.178956,-0.771397,-3.1974,0.179104,-0.743181,-3.20187,0.217638,-0.777563,-3.41781,0.217482,-0.807144,-3.41312,0.187555,-0.807174,-3.41431,0.187711,-0.777592,-3.41899
2.76991,-2.86149,-1.01502,-9.6621,872422568,0.207232,-0.296375,-3.18723,0.207173,-0.324887,-3.18544,0.178627,-0.324898,-3.18656,0.178686,-0.296386,-3.18836,0.217254,-0.310187,-3.40658,0.217192,-0.340078,-3.4047,0.187265,-0.34009,-3.40587,0.187327,-0.310199,-3.40775
0.318652,-2.03889,-1.30467,-19.5354,872422679,0.236451,-0.800655,-3.19053,0.236286,-0.828813,-3.18571,0.207748,-0.828869,-3.18702,0.207913,-0.800711,-3.19184,0.247805,-0.837789,-3.40708,0.247632,-0.867309,-3.40203,0.217713,-0.867368,-3.4034,0.217886,-0.837848,-3.40845
0.86538,-2.07253,-1.29523,48.6908,872422680,0.2366,-0.771889,-3.19507,0.236443,-0.800077,-3.19042,0.207905,-0.800133,-3.19173,0.208062,-0.771945,-3.19637,0.247961,-0.80766,-3.41185,0.247797,-0.837212,-3.40698,0.217878,-0.83727,-3.40835,0.218043,-0.807719,-3.41321
3.15717,-2.10725,-1.28513,3.84095,872422681,0.236749,-0.743127,-3.19961,0.2366,-0.771343,-3.19514,0.208062,-0.7714,-3.19645,0.20821,-0.743183,-3.20092,0.248118,-0.777534,-3.41661,0.247962,-0.807115,-3.41193,0.218043,-0.807174,-3.4133,0.218199,-0.777593,-3.41798
1.00481,-2.81824,-0.950222,-30.4643,872422696,0.236331,-0.296365,-3.18611,0.236272,-0.324876,-3.18432,0.207733,-0.324899,-3.18562,0.207793,-0.296387,-3.18741,0.247734,-0.310176,-3.40538,0.247672,-0.340067,-3.4035,0.217753,-0.34009,-3.40487,0.217815,-0.3102,-3.40675
0.177233,-2.02935,-1.27172,-1.64345,872422807,0.265555,-0.800631,-3.18941,0.265388,-0.828789,-3.18459,0.236858,-0.828873,-3.18607,0.237025,-0.800715,-3.19089,0.27829,-0.837761,-3.40589,0.278115,-0.867281,-3.40083,0.248205,-0.867369,-3.40239,0.24838,-0.837849,-3.40744
-0.0184481,-2.06232,-1.26128,-1.57732,872422808,0.265702,-0.771865,-3.19395,0.265545,-0.800052,-3.1893,0.237015,-0.800137,-3.19079,0.237173,-0.771949,-3.19543,0.278445,-0.807631,-3.41065,0.27828,-0.837183,-3.40578,0.24837,-0.837271,-3.40734,0.248536,-0.80772,-3.4122
1.09096,-2.09632,-1.25012,-2.90226,872422809,0.26585,-0.743103,-3.19849,0.265702,-0.771319,-3.19402,0.237172,-0.771404,-3.19551,0.237321,-0.743187,-3.19997,0.2786,-0.777505,-3.41541,0.278444,-0.807087,-3.41073,0.248535,-0.807175,-3.41229,0.248691,-0.777593,-3.41697
1.51583,-2.60947,-1.008,-0.27796,872422821,0.265263,-0.383552,-3.17956,0.265176,-0.412025,-3.17723,0.236646,-0.412059,-3.17871,0.236734,-0.383586,-3.18104,0.278037,-0.401497,-3.39846,0.277946,-0.431348,-3.39602,0.248036,-0.431383,-3.39757,0.248127,-0.401533,-3.40001
1.60552,-2.55809,1.03943,51.9921,872422849,0.236581,0.441119,-3.17674,0.265111,0.441085,-3.17526,0.265207,0.412628,-3.17777,0.236678,0.412661,-3.17925,0.247966,0.46182,-3.39547,0.277875,0.461784,-3.39392,0.277977,0.43195,-3.39655,0.248067,0.431986,-3.3981
0.315009,-2.01888,-1.23942,23.4663,872422935,0.294663,-0.800608,-3.1883,0.294494,-0.828766,-3.18348,0.265974,-0.828878,-3.18514,0.266144,-0.80072,-3.18996,0.308778,-0.837732,-3.40469,0.308601,-0.867252,-3.39964,0.278702,-0.86737,-3.40138,0.278879,-0.83785,-3.40643
-0.124367,-2.05114,-1.22804,-0.763289,872422936,0.29481,-0.771842,-3.19284,0.294651,-0.80003,-3.18819,0.266131,-0.800142,-3.18985,0.26629,-0.771954,-3.19449,0.308933,-0.807603,-3.40945,0.308766,-0.837154,-3.40459,0.278867,-0.837272,-3.40633,0.279033,-0.80772,-3.41119
0.621719,-2.08436,-1.2159,3.29458,872422937,0.294956,-0.74308,-3.19738,0.294808,-0.771297,-3.19291,0.266288,-0.771409,-3.19457,0.266437,-0.743193,-3.19904,0.309087,-0.777476,-3.41422,0.308931,-0.807058,-3.40954,0.279032,-0.807175,-3.41128,0.279187,-0.777594,-3.41596
2.81645,-2.11794,-1.20137,-0.715557,872422938,0.294357,-0.709004,-3.1784,0.294196,-0.737247,-3.17411,0.265677,-0.737337,-3.17577,0.265837,-0.709094,-3.18006,0.308475,-0.742037,-3.39545,0.308307,-0.771648,-3.39096,0.278407,-0.771742,-3.3927,0.278576,-0.742132,-3.39719
1.04887,-2.83184,0.7293,18.1929,872422971,0.265738,0.264526,-3.17688,0.294257,0.264504,-3.17522,0.294318,0.235972,-3.17666,0.265799,0.235994,-3.17832,0.278517,0.276958,-3.39616,0.308417,0.276935,-3.39442,0.30848,0.247022,-3.39593,0.278581,0.247046,-3.39767
0.956028,-2.10572,-1.16421,8.89494,872423066,0.325791,-0.709083,-3.18671,0.325507,-0.737327,-3.18243,0.297002,-0.737327,-3.18432,0.297286,-0.709083,-3.1886,0.341557,-0.74213,-3.40365,0.341259,-0.77174,-3.39916,0.311375,-0.77174,-3.40114,0.311672,-0.74213,-3.40563
1.8515,-2.72719,-0.731338,3.17623,872423081,0.325641,-0.265109,-3.18408,0.325535,-0.293632,-3.18247,0.297029,-0.293632,-3.18436,0.297135,-0.265109,-3.18597,0.341518,-0.277543,-3.40316,0.341406,-0.307446,-3.40147,0.311521,-0.307446,-3.40345,0.311633,-0.277543,-3.40514
5.53726,-2.75672,-0.575989,4.01182,872423211,0.354804,-0.206874,-3.18376,0.354719,-0.235415,-3.1825,0.326225,-0.23542,-3.18457,0.32631,-0.20688,-3.18582,0.372068,-0.216547,-3.40287,0.371979,-0.246468,-3.40156,0.342107,-0.246474,-3.40372,0.342197,-0.216553,-3.40503
1.34706,-2.54731,0.824977,11.0844,872423231,0.32634,0.383,-3.18638,0.354833,0.382989,-3.18432,0.354978,0.354502,-3.18647,0.326484,0.354513,-3.18853,0.342199,0.400949,-3.40508,0.372071,0.400938,-3.40292,0.372222,0.371073,-3.40517,0.34235,0.371084,-3.40733
4.14312,-2.69765,-0.539233,1.0567,872423339,0.383852,-0.206869,-3.18167,0.383764,-0.23541,-3.18042,0.355285,-0.235421,-3.18266,0.355372,-0.20688,-3.18392,0.402495,-0.216541,-3.40067,0.402403,-0.246462,-3.39936,0.372546,-0.246474,-3.40171,0.372637,-0.216553,-3.40302
1.65601,-2.73104,-0.479161,-3.25244,872423340,0.383909,-0.177761,-3.18257,0.383836,-0.206309,-3.18149,0.355356,-0.20632,-3.18374,0.355429,-0.177773,-3.18481,0.402555,-0.186052,-3.40162,0.402479,-0.215981,-3.4005,0.372621,-0.215993,-3.40285,0.372698,-0.186064,-3.40398
2.30974,-2.547,0.742932,-3.17382,872423358,0.355531,0.353949,-3.18646,0.38401,0.353926,-3.18422,0.384143,0.325427,-3.18619,0.355663,0.325449,-3.18843,0.372776,0.370519,-3.40516,0.402633,0.370496,-3.40281,0.402772,0.340617,-3.40488,0.372915,0.340641,-3.40723
2.18574,-1.67192,-1.24326,0.0113743,872423435,0.413059,-1.15919,-3.18298,0.412586,-1.1869,-3.17606,0.384121,-1.18702,-3.17849,0.384594,-1.15931,-3.1854,0.432751,-1.21254,-3.3955,0.432254,-1.2416,-3.38826,0.402412,-1.24172,-3.39079,0.402909,-1.21266,-3.39804
0.938392,-1.83595,1.17845,-2.80202,872423507,0.384887,0.97904,-3.18971,0.413352,0.978939,-3.18729,0.413737,0.950946,-3.19298,0.385273,0.951047,-3.1954,0.403302,1.02432,-3.40422,0.433144,1.02421,-3.40168,0.433547,0.994866,-3.40764,0.403705,0.994972,-3.41018
0.677632,-1.55286,1.28557,49.6003,872423520,0.386271,1.38056,-3.21141,0.414736,1.38041,-3.20899,0.415267,1.35297,-3.21694,0.386803,1.35312,-3.21936,0.404476,1.44324,-3.4215,0.434318,1.44309,-3.41897,0.434875,1.41433,-3.4273,0.405033,1.41448,-3.42984
1.28036,-2.70233,-0.0364532,16.3429,872423602,0.441771,-0.00130836,-3.17479,0.441771,-0.0298764,-3.17479,0.413322,-0.0298764,-3.17739,0.413322,-0.00130836,-3.17739,0.463179,-0.00130914,-3.39375,0.463179,-0.0312591,-3.39375,0.433354,-0.0312591,-3.39648,0.433354,-0.00130915,-3.39648
2.9977,-2.70233,0.0364532,-17.7697,872423603,0.413322,0.0298764,-3.17739,0.441771,0.0298764,-3.17479,0.441771,0.00130836,-3.17479,0.413322,0.00130836,-3.17739,0.433354,0.0312592,-3.39648,0.463179,0.0312591,-3.39375,0.463179,0.00130914,-3.39375,0.433354,0.00130915,-3.39648
1.80739,-2.08274,-0.96545,4.7324,872423708,0.474893,-0.651278,-3.19772,0.474503,-0.679574,-3.19381,0.446076,-0.679573,-3.19664,0.446466,-0.651278,-3.20055,0.49785,-0.681589,-3.41442,0.497441,-0.711254,-3.41031,0.467639,-0.711254,-3.41328,0.468047,-0.681589,-3.41738
2.94711,-2.63046,-0.0969722,2.60822,872423729,0.473846,-0.0304272,-3.18693,0.473828,-0.0589946,-3.18675,0.4454,-0.0589946,-3.18957,0.445418,-0.0304272,-3.18975,0.496976,-0.0318103,-3.40571,0.496957,-0.0617597,-3.40552,0.467154,-0.0617597,-3.40848,0.467173,-0.0318102,-3.40867
1.03,-2.06192,-0.936601,2.78622,872423836,0.503854,-0.651256,-3.19467,0.503462,-0.679552,-3.19075,0.475052,-0.679575,-3.19376,0.475444,-0.651279,-3.19768,0.528185,-0.681566,-3.41121,0.527774,-0.71123,-3.40711,0.497991,-0.711254,-3.41026,0.498402,-0.68159,-3.41437
0.722783,-2.09023,-0.914923,4.45109,872423837,0.504212,-0.622362,-3.19829,0.503839,-0.650682,-3.19455,0.47543,-0.650704,-3.19755,0.475803,-0.622385,-3.20129,0.528563,-0.651302,-3.41501,0.528171,-0.680992,-3.41109,0.498388,-0.681015,-3.41425,0.498779,-0.651326,-3.41817
2.55887,-2.50598,-0.141698,-0.885139,872423984,0.531772,-0.0595489,-3.18085,0.531732,-0.0881146,-3.1805,0.503342,-0.0881146,-3.18368,0.503382,-0.0595489,-3.18403,0.557649,-0.0623142,-3.39931,0.557607,-0.0922618,-3.39894,0.527844,-0.0922618,-3.40227,0.527886,-0.0623142,-3.40265
0.996869,-2.34218,0.366726,-8.6006,872424250,0.561496,0.235423,-3.17979,0.589844,0.2354,-3.17626,0.589977,0.20686,-3.1775,0.56163,0.206882,-3.18104,0.588725,0.246474,-3.39783,0.618444,0.246451,-3.39412,0.618584,0.21653,-3.39543,0.588864,0.216553,-3.39914
0.851094,-1.70335,1.07118,0.106759,872424278,0.563777,1.07348,-3.2034,0.592126,1.07333,-3.19987,0.592745,1.04545,-3.20607,0.564396,1.0456,-3.20961,0.590571,1.1228,-3.41613,0.620291,1.12264,-3.41242,0.62094,1.09341,-3.41892,0.59122,1.09357,-3.42263
0.822297,-1.79876,0.977817,18.5059,872424401,0.597272,0.921886,-3.21597,0.625591,0.921886,-3.21221,0.626296,0.893824,-3.21751,0.597977,0.893824,-3.22127,0.625698,0.964463,-3.42993,0.655387,0.964463,-3.42599,0.656126,0.935044,-3.43155,0.626437,0.935044,-3.4355
0.758204,-1.94441,0.623357,6.95759,872425029,0.744749,0.559981,-3.20129,0.772931,0.559981,-3.19661,0.773459,0.531595,-3.19979,0.745277,0.531595,-3.20447,0.780529,0.586181,-3.41678,0.810075,0.586181,-3.41187,0.810629,0.556422,-3.4152,0.781083,0.556422,-3.42011
0.904324,-2.07131,-0.273755,11.2554,872425131,0.801729,-0.206874,-3.19218,0.801521,-0.235415,-3.19094,0.773369,-0.23542,-3.1958,0.773577,-0.20688,-3.19704,0.840439,-0.216547,-3.40854,0.840221,-0.246468,-3.40724,0.810706,-0.246474,-3.41233,0.810924,-0.216553,-3.41363
0.831428,-1.97667,-0.3519,21.0133,872425384,0.860166,-0.296355,-3.1886,0.859872,-0.324867,-3.18683,0.831783,-0.324901,-3.19203,0.832077,-0.296389,-3.1938,0.901565,-0.310164,-3.40423,0.901258,-0.340055,-3.40237,0.871809,-0.340091,-3.40783,0.872117,-0.3102,-3.40969
0.645,-1.7124,-0.137702,-8.56857,872426797,1.18969,-0.148647,-3.17906,1.18948,-0.177201,-3.17819,1.16184,-0.177224,-3.18539,1.16204,-0.14867,-3.18626,1.24643,-0.155554,-3.39151,1.24622,-0.18549,-3.39059,1.21724,-0.185513,-3.39814,1.21745,-0.155578,-3.39905
0.300875,1.50674,-3.11142,27.3658,872431793,-1.4948,-0.0304273,3.17452,-1.49474,-0.0589947,3.17435,-1.46761,-0.0589945,3.18331,-1.46767,-0.0304271,3.18348,-1.56507,-0.0318104,3.383,-1.56501,-0.0617598,3.38282,-1.53657,-0.0617596,3.39221,-1.53663,-0.0318102,3.39238
0.677261,1.53317,2.96785,2.83393,872432059,-1.412,0.264524,3.20069,-1.43924,0.264513,3.19207,-1.43967,0.235981,3.19344,-1.41243,0.235993,3.20206,-1.47824,0.276958,3.41011,-1.5068,0.276946,3.40108,-1.50724,0.247034,3.40252,-1.47868,0.247046,3.41155
0.448409,1.52879,2.73302,-0.721533,872432454,-1.31344,0.588973,3.18202,-1.34084,0.588905,3.17394,-1.34174,0.56054,3.17722,-1.31434,0.560608,3.1853,-1.37526,0.616538,3.39135,-1.40399,0.616468,3.38288,-1.40493,0.586731,3.38632,-1.3762,0.586801,3.39479
0.613939,1.65134,3.10643,52.749,872432692,-1.25729,0.0589946,3.19751,-1.28479,0.0589946,3.18977,-1.28484,0.0304272,3.18994,-1.25734,0.0304272,3.19768,-1.31688,0.0617597,3.40927,-1.34572,0.0617597,3.40116,-1.34577,0.0318102,3.40134,-1.31694,0.0318103,3.40945
0.767949,1.63286,-2.34353,-3.49408,872434195,-0.927573,-0.922428,3.21932,-0.926489,-0.950456,3.2139,-0.898476,-0.950456,3.2195,-0.899561,-0.922428,3.22492,-0.971275,-0.965005,3.43069,-0.970138,-0.994389,3.42501,-0.94077,-0.994389,3.43089,-0.941907,-0.965005,3.43657
0.214083,1.50181,2.17075,20.8727,872434524,-0.833997,1.25447,3.20588,-0.862086,1.25433,3.20067,-0.863285,1.22671,3.20785,-0.835196,1.22684,3.21306,-0.872973,1.31184,3.41467,-0.902421,1.3117,3.40921,-0.903678,1.28274,3.41673,-0.87423,1.28288,3.42219
0.490485,1.55456,2.16203,1.14938,872434778,-0.772923,1.18701,3.19358,-0.801074,1.18697,3.18871,-0.802216,1.15926,3.19555,-0.774064,1.1593,3.20041,-0.809264,1.24172,3.40355,-0.838777,1.24168,3.39845,-0.839974,1.21262,3.40562,-0.810461,1.21266,3.41071
1.35851,2.22962,-2.86116,-35.3048,872435244,-0.680958,-0.177761,3.18631,-0.680814,-0.206309,3.18524,-0.652543,-0.20632,3.18935,-0.652687,-0.177773,3.19042,-0.713949,-0.186052,3.40367,-0.713798,-0.215981,3.40255,-0.68416,-0.215993,3.40686,-0.68431,-0.186064,3.40797
1.14284,2.28228,2.89155,11.5491,872435384,-0.623815,0.177221,3.19424,-0.652111,0.177216,3.1903,-0.652229,0.148662,3.19119,-0.623932,0.148667,3.19512,-0.654069,0.185513,3.41199,-0.683734,0.185507,3.40787,-0.683858,0.155572,3.4088,-0.654193,0.155578,3.41292
0.692702,1.84159,-2.19645,37.3441,872435478,-0.623933,-0.829478,3.1996,-0.623275,-0.857605,3.19464,-0.594955,-0.857605,3.1984,-0.595613,-0.829478,3.20336,-0.653809,-0.86798,3.41414,-0.653119,-0.897468,3.40894,-0.623429,-0.897468,3.41288,-0.624119,-0.86798,3.41808
1.25574,2.28301,2.75157,3.12779,872435515,-0.594522,0.264524,3.19485,-0.622843,0.264524,3.1911,-0.623031,0.235992,3.19252,-0.594711,0.235992,3.19627,-0.623381,0.276958,3.4126,-0.653072,0.276958,3.40866,-0.653269,0.247046,3.41016,-0.623579,0.247046,3.41409
1.02756,1.71387,2.108,-10.0047,872435541,-0.594316,1.03619,3.19372,-0.622635,1.03619,3.18995,-0.623433,1.00827,3.19596,-0.595113,1.00827,3.19972,-0.622592,1.08418,3.40655,-0.652281,1.08418,3.40261,-0.653117,1.05491,3.4089,-0.623428,1.05491,3.41285
1.00818,2.28547,2.64726,0.811924,872435645,-0.562066,0.324903,3.18557,-0.590413,0.324858,3.18203,-0.590591,0.296346,3.18382,-0.562243,0.296391,3.18736,-0.589277,0.340091,3.40336,-0.618996,0.340044,3.39965,-0.619182,0.310153,3.40152,-0.589463,0.3102,3.40523
0.506213,1.65922,1.94435,5.65058,872436186,-0.445263,1.18701,3.189,-0.47369,1.18701,3.18616,-0.474378,1.15929,3.19305,-0.445951,1.15929,3.19589,-0.46643,1.24172,3.40104,-0.496232,1.24172,3.39806,-0.496953,1.21266,3.40529,-0.467152,1.21266,3.40827
2.21545,2.68839,2.97059,35.8115,872436277,-0.4133,0.0881146,3.17706,-0.441749,0.0881146,3.17446,-0.441782,0.0595489,3.17481,-0.413333,0.0595489,3.17741,-0.433329,0.0922618,3.39611,-0.463154,0.0922618,3.39338,-0.463189,0.0623142,3.39376,-0.433363,0.0623142,3.39648
1.59478,1.68599,1.92866,-0.200764,872436313,-0.413621,1.15863,3.18306,-0.44207,1.15848,3.18047,-0.442532,1.13072,3.18721,-0.414083,1.13088,3.1898,-0.433312,1.21199,3.39559,-0.463138,1.21182,3.39287,-0.463623,1.18272,3.39993,-0.433797,1.18289,3.40266
1.88939,2.58588,-2.44315,-4.44535,872436520,-0.384261,-0.296365,3.188,-0.384142,-0.324876,3.18621,-0.355663,-0.324899,3.18846,-0.355781,-0.296387,3.19025,-0.402896,-0.310176,3.40678,-0.402772,-0.340067,3.40491,-0.372915,-0.34009,3.40726,-0.373039,-0.3102,3.40914
4.97316,2.76165,2.72647,4.69655,872436536,-0.355427,0.177222,3.18482,-0.383907,0.177211,3.18258,-0.383966,0.148657,3.18347,-0.355487,0.148668,3.18572,-0.372697,0.185513,3.40399,-0.402554,0.185501,3.40164,-0.402616,0.155566,3.40258,-0.372759,0.155578,3.40493
0.674088,2.13944,2.07826,-10.3002,872436553,-0.355619,0.679577,3.18807,-0.384099,0.679532,3.18583,-0.384363,0.651236,3.18976,-0.355884,0.651281,3.192,-0.372777,0.711255,3.40511,-0.402635,0.711207,3.40276,-0.402912,0.681543,3.40687,-0.373055,0.68159,3.40923
1.16495,2.22841,2.08272,6.28939,872436679,-0.327064,0.621837,3.1976,-0.355558,0.621815,3.19553,-0.355794,0.593472,3.1991,-0.327301,0.593494,3.20117,-0.34287,0.650779,3.41512,-0.372741,0.650755,3.41295,-0.372989,0.621041,3.41669,-0.343118,0.621065,3.41886
0.699251,2.20167,-1.80236,30.6557,872437403,-0.178055,-0.680177,3.1865,-0.177919,-0.708447,3.18239,-0.149367,-0.708447,3.18334,-0.149503,-0.680177,3.18745,-0.186658,-0.711857,3.40405,-0.186515,-0.741495,3.39974,-0.156581,-0.741495,3.40073,-0.156724,-0.711857,3.40504
1.5112,2.12572,1.78432,19.5907,872437452,-0.149853,0.771396,3.19836,-0.178405,0.771396,3.19741,-0.178553,0.743179,3.20188,-0.150001,0.743179,3.20283,-0.15707,0.807173,3.41532,-0.187004,0.807173,3.41432,-0.18716,0.777592,3.419,-0.157226,0.777592,3.42
1.92878,2.17591,-1.71299,-40.3394,872437658,-0.117822,-0.709022,3.17855,-0.117807,-0.737266,3.17426,-0.0892444,-0.737333,3.1748,-0.0892587,-0.709089,3.17909,-0.123386,-0.74206,3.39599,-0.123371,-0.771671,3.39149,-0.0934261,-0.771741,3.39206,-0.0934411,-0.742131,3.39656
2.28276,2.74248,1.82545,18.017,872437696,-0.0892638,0.412059,3.17681,-0.117827,0.412025,3.17627,-0.117837,0.383552,3.17861,-0.0892741,0.383586,3.17914,-0.0934224,0.431383,3.39593,-0.123367,0.431348,3.39536,-0.123378,0.401497,3.39781,-0.0934332,0.401533,3.39837
1.23421,2.50716,1.71381,-1.96091,872437828,-0.0601305,0.531004,3.18058,-0.0886962,0.53097,3.18022,-0.088701,0.502565,3.18326,-0.0601353,0.502599,3.18362,-0.0629172,0.555829,3.39916,-0.0928648,0.555794,3.39878,-0.0928698,0.526015,3.40198,-0.0629222,0.52605,3.40235
1.7092,2.18067,1.67332,9.30286,872437835,-0.0601187,0.73733,3.17478,-0.0886844,0.737285,3.17442,-0.0886942,0.709041,3.17871,-0.0601285,0.709086,3.17907,-0.0629183,0.771741,3.39206,-0.0928659,0.771694,3.39168,-0.0928761,0.742084,3.39618,-0.0629285,0.742131,3.39656
1.84715,2.14206,1.66872,-1.82429,872437836,-0.0601093,0.7714,3.1936,-0.0886749,0.771343,3.19323,-0.088676,0.743127,3.1977,-0.0601103,0.743183,3.19806,-0.062927,0.807174,3.41065,-0.0928745,0.807115,3.41027,-0.0928756,0.777534,3.41496,-0.0629281,0.777593,3.41534
1.32871,2.45922,-1.6536,3.49651,872437920,-0.0595796,-0.531579,3.18071,-0.0595759,-0.559964,3.17749,-0.0310085,-0.559981,3.17767,-0.0310122,-0.531596,3.1809,-0.0623656,-0.556405,3.3993,-0.0623618,-0.586163,3.39592,-0.0324124,-0.586181,3.39611,-0.0324162,-0.556423,3.39949
0.477745,1.56893,-1.58232,-8.07624,872438020,-0.0303674,-1.38107,3.20753,-0.0303616,-1.40846,3.19939,-0.00179363,-1.40846,3.19941,-0.00179945,-1.38107,3.20755,-0.031903,-1.44377,3.4184,-0.0318969,-1.47248,3.40987,-0.00194692,-1.47248,3.40989,-0.00195302,-1.44377,3.41842
2.04568,2.63605,-1.60603,6.6523,872438051,-0.0304589,-0.444612,3.18906,-0.0304586,-0.473053,3.18637,-0.00189057,-0.473053,3.18637,-0.00189087,-0.444612,3.18906,-0.0318621,-0.465314,3.40808,-0.0318618,-0.495131,3.40526,-0.00191181,-0.495131,3.40527,-0.00191213,-0.465314,3.40808
1.61881,2.7038,-1.60868,28.6153,872438052,-0.0304656,-0.412658,3.1773,-0.0304655,-0.441116,3.17479,-0.0018975,-0.441116,3.17479,-0.00189762,-0.412658,3.1773,-0.0318589,-0.431985,3.39645,-0.0318588,-0.461819,3.39382,-0.00190877,-0.461819,3.39382,-0.0019089,-0.431985,3.39645
2.72646,2.93198,1.6184,-12.3337,872438078,-0.00189793,0.353947,3.18074,-0.0304659,0.353947,3.18074,-0.030466,0.325448,3.18271,-0.00189799,0.325448,3.18271,-0.00190898,0.370519,3.40012,-0.031859,0.370519,3.40012,-0.031859,0.34064,3.40219,-0.00190904,0.34064,3.40219
2.27139,2.90978,1.35511,4.48614,872438462,0.0887065,0.325427,3.18237,0.0887041,0.353926,3.1804,0.0601384,0.353949,3.18076,0.0601408,0.325449,3.18273,0.0928652,0.340617,3.40181,0.0928628,0.370496,3.39975,0.0629151,0.370519,3.40012,0.0629176,0.340641,3.40219
3.53904,2.88891,-1.27491,-7.87996,872438567,0.0892641,-0.353951,3.18079,0.117827,-0.353917,3.18025,0.11783,-0.325417,3.18222,0.0892676,-0.325451,3.18276,0.0934235,-0.37052,3.40013,0.123368,-0.370484,3.39956,0.123372,-0.340606,3.40163,0.0934272,-0.340641,3.40219
1.94788,2.88891,1.27491,5.40584,872438590,0.11783,0.325417,3.18222,0.117827,0.353917,3.18025,0.0892641,0.353951,3.18079,0.0892676,0.325451,3.18276,0.123372,0.340605,3.40163,0.123368,0.370484,3.39956,0.0934235,0.370519,3.40013,0.0934272,0.340641,3.40219
0.815313,2.39503,1.39256,20.6432,872438598,0.117832,0.560554,3.17769,0.117818,0.588919,3.17428,0.0892555,0.588969,3.17482,0.0892694,0.560605,3.17823,0.123383,0.586748,3.39606,0.123368,0.616485,3.39249,0.0934237,0.616538,3.39305,0.0934382,0.586801,3.39662
1.17654,2.03065,1.44868,5.1385,872438607,0.117806,0.829402,3.18393,0.117794,0.857529,3.17893,0.0892315,0.857613,3.17947,0.0892428,0.829486,3.18447,0.123387,0.867894,3.40047,0.123375,0.897381,3.39523,0.0934308,0.89747,3.39579,0.0934426,0.867982,3.40103
2.80578,2.65878,1.26944,23.9863,872438721,0.146972,0.412619,3.17667,0.146953,0.441076,3.17416,0.118395,0.441121,3.17487,0.118413,0.412664,3.17738,0.153894,0.431939,3.39571,0.153875,0.461773,3.39308,0.123934,0.46182,3.39383,0.123953,0.431986,3.39646
1.28631,2.02606,1.41481,1.88822,872438735,0.146936,0.829379,3.18378,0.146921,0.857506,3.17878,0.118362,0.857619,3.1795,0.118377,0.829492,3.1845,0.1539,0.867865,3.40028,0.153884,0.897353,3.39504,0.123944,0.89747,3.39579,0.123959,0.867982,3.40103
2.93395,2.763,-1.153,35.9657,872438822,0.149392,-0.383,3.18353,0.177944,-0.383,3.18259,0.178015,-0.354513,3.18474,0.149463,-0.354513,3.18568,0.156641,-0.400949,3.40268,0.186575,-0.400949,3.40169,0.186649,-0.371084,3.40395,0.156716,-0.371084,3.40494
1.41113,2.42154,1.27944,-7.75419,872438853,0.178007,0.531595,3.18473,0.1779,0.559981,3.1815,0.149348,0.559981,3.18245,0.149455,0.531595,3.18567,0.186625,0.556422,3.40316,0.186513,0.586181,3.39978,0.15658,0.586181,3.40077,0.156692,0.556422,3.40415
0.779392,2.20167,1.33924,19.5881,872438858,0.178055,0.680177,3.1865,0.177919,0.708447,3.18239,0.149367,0.708447,3.18334,0.149503,0.680177,3.18745,0.186658,0.711857,3.40405,0.186515,0.741495,3.39974,0.156581,0.741495,3.40073,0.156724,0.711857,3.40504
0.733063,2.40575,1.23126,5.60398,872438981,0.207107,0.531579,3.18359,0.206997,0.559964,3.18037,0.178451,0.559981,3.18149,0.178561,0.531596,3.18472,0.217107,0.556405,3.40196,0.216991,0.586164,3.39858,0.187065,0.586181,3.39976,0.18718,0.556423,3.40314
1.07248,2.18,1.26143,22.501,872439114,0.236257,0.680135,3.18424,0.236114,0.708406,3.18013,0.207576,0.708451,3.18143,0.207719,0.680181,3.18555,0.247622,0.711811,3.40166,0.247472,0.741449,3.39735,0.217553,0.741496,3.39871,0.217704,0.711858,3.40302
1.67692,2.88292,0.668383,-15.5887,872439354,0.294343,0.20686,3.17755,0.294293,0.2354,3.17629,0.265773,0.235423,3.17795,0.265824,0.206882,3.17921,0.308508,0.21653,3.39688,0.308455,0.246451,3.39556,0.278556,0.246474,3.39731,0.278609,0.216553,3.39862
3.13579,2.86077,0.552436,46.2417,872439481,0.325817,0.177772,3.18674,0.325746,0.206319,3.18567,0.297241,0.206319,3.18756,0.297312,0.177772,3.18863,0.341707,0.186064,3.40602,0.341632,0.215992,3.40489,0.311747,0.215992,3.40687,0.311822,0.186064,3.40799
0.984569,2.54731,-0.824977,21.9676,872439590,0.32634,-0.383,3.18638,0.354833,-0.382989,3.18432,0.354978,-0.354502,3.18647,0.326484,-0.354513,3.18853,0.342199,-0.400949,3.40508,0.372071,-0.400938,3.40292,0.372222,-0.371073,3.40517,0.34235,-0.371084,3.40733
1.98329,2.58982,-0.783794,-4.5292,872439591,0.326472,-0.353948,3.18837,0.354965,-0.353937,3.1863,0.355096,-0.325437,3.18827,0.326603,-0.325448,3.19034,0.342338,-0.370519,3.40717,0.372209,-0.370507,3.40501,0.372347,-0.340629,3.40707,0.342475,-0.34064,3.40924
17.1265,2.88768,0.293739,-8.35591,872439606,0.354629,0.0886745,3.18106,0.35459,0.117237,3.18053,0.326097,0.117237,3.18259,0.326136,0.0886745,3.18313,0.371902,0.092822,3.40035,0.371861,0.122767,3.39979,0.341989,0.122767,3.40195,0.34203,0.092822,3.40251
3.74807,2.82935,0.446164,27.304,872439608,0.354921,0.148662,3.18556,0.354861,0.177216,3.18466,0.326368,0.177221,3.18673,0.326427,0.148667,3.18762,0.372192,0.155572,3.40477,0.37213,0.185507,3.40383,0.342258,0.185513,3.406,0.34232,0.155578,3.40694
1.26699,1.5585,-1.30526,-45.4614,872439685,0.357209,-1.38055,3.21333,0.385688,-1.38045,3.21108,0.386219,-1.35302,3.21903,0.35774,-1.35312,3.22128,0.374035,-1.44324,3.42354,0.403892,-1.44314,3.42118,0.404449,-1.41438,3.42951,0.374592,-1.41448,3.43187
2.07767,2.73104,0.479161,18.5318,872439737,0.383909,0.177761,3.18257,0.383836,0.206309,3.18149,0.355356,0.20632,3.18374,0.355429,0.177773,3.18481,0.402555,0.186052,3.40162,0.402479,0.215981,3.4005,0.372621,0.215993,3.40285,0.372698,0.186064,3.40398
1.03165,1.53359,-1.29135,-1.82984,872439812,0.385718,-1.40847,3.20314,0.414183,-1.40832,3.20072,0.414729,-1.38094,3.20884,0.386265,-1.38109,3.21126,0.403896,-1.47248,3.41284,0.433738,-1.47233,3.4103,0.434311,-1.44362,3.41882,0.404469,-1.44378,3.42136
2.85334,2.76719,-0.111736,36.5433,872439857,0.384241,-0.0589946,3.17911,0.412706,-0.0589946,3.17668,0.412721,-0.0304272,3.17686,0.384256,-0.0304272,3.17929,0.402894,-0.0617597,3.3983,0.432736,-0.0617597,3.39576,0.432752,-0.0318102,3.39595,0.40291,-0.0318103,3.39849
0.738115,1.52785,-1.2722,3.79827,872439940,0.414786,-1.40848,3.20123,0.443236,-1.40828,3.19864,0.443783,-1.3809,3.20676,0.415334,-1.3811,3.20935,0.434342,-1.47248,3.41081,0.464167,-1.47227,3.40809,0.464742,-1.44357,3.4166,0.434916,-1.44378,3.41932
1.14428,2.22777,-0.905986,-5.18659,872439968,0.413453,-0.559989,3.17961,0.441902,-0.559921,3.17701,0.442129,-0.531536,3.18022,0.413679,-0.531603,3.18282,0.4334,-0.586182,3.39713,0.463226,-0.586112,3.39441,0.463464,-0.556353,3.39778,0.433638,-0.556424,3.4005
1.69883,2.36177,0.784558,2.3245,872440001,0.441904,0.412619,3.17665,0.441721,0.441076,3.17414,0.413271,0.441121,3.17674,0.413455,0.412664,3.17925,0.463265,0.431939,3.39476,0.463073,0.461773,3.39213,0.433247,0.46182,3.39486,0.43344,0.431986,3.39748
0.877362,2.19515,0.931158,17.2535,872440006,0.441954,0.56054,3.17752,0.441712,0.588905,3.17413,0.413262,0.588973,3.17673,0.413505,0.560608,3.18012,0.463278,0.586731,3.39492,0.463023,0.616468,3.39136,0.433198,0.616538,3.39409,0.433452,0.586802,3.39764
0.581978,1.56032,1.23681,2.55033,872440159,0.474437,1.31148,3.19388,0.473662,1.33897,3.18612,0.445235,1.33897,3.18896,0.446011,1.31148,3.19672,0.496863,1.37153,3.40434,0.49605,1.40034,3.3962,0.466249,1.40034,3.39918,0.467062,1.37153,3.40732
2.0994,2.35243,-0.64609,2.8325,872440230,0.474714,-0.383,3.19017,0.503123,-0.382989,3.18717,0.503338,-0.354502,3.18931,0.474929,-0.354513,3.19231,0.497783,-0.400949,3.40822,0.527567,-0.400938,3.40507,0.527792,-0.371073,3.40732,0.498008,-0.371084,3.41047
0.376293,1.55313,1.21743,21.9265,872440287,0.503399,1.31144,3.19081,0.502619,1.33892,3.18306,0.474211,1.33897,3.18607,0.474991,1.31148,3.19383,0.5272,1.37148,3.40113,0.526382,1.40029,3.39299,0.496599,1.40034,3.39615,0.497417,1.37153,3.40429
1.57442,2.41997,-0.289531,5.65758,872440493,0.532719,-0.177223,3.18479,0.561088,-0.177206,3.18143,0.561177,-0.148652,3.18233,0.532808,-0.148669,3.18569,0.558587,-0.185513,3.40311,0.588329,-0.185495,3.39959,0.588422,-0.15556,3.40053,0.55868,-0.155578,3.40405
3.28506,2.24034,-0.239635,-2.0888,872441005,0.652686,-0.177222,3.19043,0.680957,-0.17721,3.18632,0.681075,-0.148657,3.18721,0.652804,-0.148668,3.19132,0.68431,-0.185513,3.40799,0.713948,-0.185501,3.40368,0.714072,-0.155566,3.40461,0.684433,-0.155578,3.40892
0.490964,1.60202,-1.02429,15.1749,872441100,0.681758,-1.15863,3.18866,0.710002,-1.15851,3.18437,0.710903,-1.13075,3.19107,0.682658,-1.13087,3.19535,0.713997,-1.21199,3.39964,0.743607,-1.21186,3.39515,0.744551,-1.18276,3.40217,0.71494,-1.18289,3.40666
0.269895,1.50659,-1.06087,-4.31474,872441223,0.710726,-1.31081,3.18568,0.738944,-1.31063,3.18122,0.739963,-1.2831,3.18878,0.711746,-1.28328,3.19324,0.744124,-1.37084,3.39469,0.773706,-1.37065,3.39001,0.774775,-1.34179,3.39793,0.745192,-1.34197,3.40261
1.44874,1.85326,-0.740712,10.9975,872441371,0.744884,-0.708447,3.20217,0.773066,-0.708447,3.19749,0.77374,-0.680177,3.20154,0.745558,-0.680177,3.20623,0.780525,-0.741495,3.41674,0.810071,-0.741495,3.41183,0.810777,-0.711857,3.41608,0.781232,-0.711857,3.42099
0.918936,2.05044,-0.34101,5.73897,872441513,0.77302,-0.293632,3.1937,0.801173,-0.293626,3.18884,0.801442,-0.265104,3.19044,0.773289,-0.26511,3.19529,0.810332,-0.307446,3.41008,0.839846,-0.30744,3.40499,0.840128,-0.277538,3.40666,0.810614,-0.277544,3.41174
0.407547,1.77875,0.200122,-10.9268,872442810,1.10431,0.206874,3.19763,1.10402,0.235415,3.19641,1.07624,0.23542,3.20309,1.07653,0.20688,3.20431,1.15701,0.216547,3.41101,1.15671,0.246468,3.40973,1.12759,0.246474,3.41673,1.12789,0.216553,3.41801
0.508929,1.76159,0.277229,3.86237,872442813,1.10574,0.296375,3.20382,1.10533,0.324887,3.20207,1.07756,0.324898,3.20875,1.07796,0.296386,3.21049,1.1584,0.310187,3.41698,1.15798,0.340078,3.41515,1.12886,0.34009,3.42215,1.12928,0.310199,3.42398
0.254458,1.50519,0.7532,1.67863,872442837,1.10484,1.00824,3.20015,1.10345,1.03616,3.19425,1.07568,1.03619,3.20093,1.07706,1.00828,3.20683,1.15652,1.05488,3.40885,1.15507,1.08415,3.40267,1.12595,1.08418,3.40967,1.1274,1.05491,3.41585
0.590507,1.74846,0.220135,11.2239,872442939,1.13243,0.235981,3.18998,1.13209,0.264513,3.18859,1.10436,0.264524,3.19544,1.10469,0.235993,3.19683,1.18646,0.247034,3.40296,1.18611,0.276946,3.4015,1.15703,0.276958,3.40868,1.15738,0.247046,3.41014
0.919608,1.74286,0.244829,-6.5301,872442940,1.13223,0.265099,3.18913,1.13185,0.293621,3.18756,1.10412,0.293632,3.19441,1.10449,0.26511,3.19598,1.18624,0.277532,3.40203,1.18585,0.307434,3.40039,1.15677,0.307446,3.40757,1.15717,0.277544,3.40922
0.579607,1.73726,0.270552,-10.8196,872442941,1.13406,0.296365,3.19703,1.13365,0.324876,3.19528,1.10592,0.324899,3.20213,1.10633,0.296387,3.20388,1.18806,0.310176,3.40986,1.18764,0.340067,3.40802,1.15856,0.34009,3.41521,1.15899,0.310199,3.41704
